{
  "FullStudy":{
    "Rank":1,
    "Study":{
      "ProtocolSection":{
        "IdentificationModule":{
          "NCTId":"NCT04849936",
          "OrgStudyIdInfo":{
            "OrgStudyId":"20025"
          },
          "Organization":{
            "OrgFullName":"Universität Duisburg-Essen",
            "OrgClass":"OTHER"
          },
          "BriefTitle":"A Diagnostic Accuracy Study Testing Fecal Biomarkers In Comparison To Endoscopic Examination",
          "OfficialTitle":"Diagnostische Genauigkeit fäkaler Biomarker im Vergleich Zur Endoskopie Mit Und Ohne Konfokaler Laserendomikroskopie in Der Routineversorgung Zur Bestimmung Der Entzündungsaktivität Bei Patienten Mit Gastrointestinalen Diagnosen"
        },
        "StatusModule":{
          "StatusVerifiedDate":"April 2021",
          "OverallStatus":"Recruiting",
          "ExpandedAccessInfo":{
            "HasExpandedAccess":"No"
          },
          "StartDateStruct":{
            "StartDate":"July 13, 2020",
            "StartDateType":"Actual"
          },
          "PrimaryCompletionDateStruct":{
            "PrimaryCompletionDate":"July 2023",
            "PrimaryCompletionDateType":"Anticipated"
          },
          "CompletionDateStruct":{
            "CompletionDate":"August 2023",
            "CompletionDateType":"Anticipated"
          },
          "StudyFirstSubmitDate":"October 2, 2020",
          "StudyFirstSubmitQCDate":"April 16, 2021",
          "StudyFirstPostDateStruct":{
            "StudyFirstPostDate":"April 19, 2021",
            "StudyFirstPostDateType":"Estimate"
          },
          "LastUpdateSubmitDate":"April 16, 2021",
          "LastUpdatePostDateStruct":{
            "LastUpdatePostDate":"April 19, 2021",
            "LastUpdatePostDateType":"Estimate"
          }
        },
        "SponsorCollaboratorsModule":{
          "ResponsibleParty":{
            "ResponsiblePartyType":"Principal Investigator",
            "ResponsiblePartyInvestigatorFullName":"Jost Langhorst",
            "ResponsiblePartyInvestigatorTitle":"Prof. Dr. med.",
            "ResponsiblePartyInvestigatorAffiliation":"Universität Duisburg-Essen"
          },
          "LeadSponsor":{
            "LeadSponsorName":"Universität Duisburg-Essen",
            "LeadSponsorClass":"OTHER"
          },
          "CollaboratorList":{
            "Collaborator":[
              {
                "CollaboratorName":"Sozialstiftung Bamberg",
                "CollaboratorClass":"OTHER"
              },{
                "CollaboratorName":"Enterosan Labor LS SE & Co.KG",
                "CollaboratorClass":"UNKNOWN"
              }
            ]
          }
        },
        "OversightModule":{
          "OversightHasDMC":"Yes",
          "IsFDARegulatedDrug":"No",
          "IsFDARegulatedDevice":"No"
        },
        "DescriptionModule":{
          "BriefSummary":"In this study it will be explored whether the levels of fecal biomarkers are associated with histologic inflammation of the intestinal mucosa and concomitant alteration of the mucosal permeability. The aim of the study is to assess the diagnostic accuracy of fecal biomarkers especially to detect the potential of differentiation between inflammatory and functional gastrointestinal diseases.\n\nThe following biomarkers will be examined in the stool of the participants: calprotectin, lactoferrin, pmn-elastase, human beta-defensin, zonulin, alpha-antitrypsin.",
          "DetailedDescription":"For this study inpatients and outpatients of the clinic for integrative medicine and naturopathy Bamberg, Germany, who had a routine gastroscopy and/or coloscopy with tissue biopsy or an endoscopy with confocal laser endomicroscopy and tissue biopsy were enclosed.\n\nThese patients, who were examined during a routine diagnostics, should submit an extra morning stool sample up to two weeks before or after the gastroscopy and/or coloscopy to generate the data of the fecal biomarker mentioned above.\n\nOn the basis of the biopsy samples generated through the routine examination we can determine the histology scores, Nancy Index and Riley Score. The determined scores, the data of the fecal biomarkers and the results of the confocal laser endomicroscopy as well as, if available, more clinical data such as the clinical activity index (CAI), the MAYO-Score/Disease Activity Index (DAI), the endoscopic Rachmilewitz-Index (REI) and the Questionnaire for inflammatory bowel disease (IBDQ) will be anonymised inserted into a SPSS data bank and will then be interpreted.\n\nFor the adequate description of the collective data of gender, age, blood levels and medication will be gathered and added to the data bank anonymised.\n\nThe calculated data will then be compared with the clinical evaluation of the patients with symptomatic irritable bowel syndrome, active inflammatory bowel diseases and patients with other gastrointestinal diseases.\n\nThe aim of this study is to develop improved methods for non invasive diagnostics of gastrointestinal diseases."
        },
        "ConditionsModule":{
          "ConditionList":{
            "Condition":[
              "Inflammatory Bowel Diseases"
            ]
          },
          "KeywordList":{
            "Keyword":[
              "inflammatory bowel diseases",
              "fecal biomarkers",
              "calprotectin",
              "lactoferrin",
              "pmn-elastase",
              "human beta-defensin",
              "zonulin"
            ]
          }
        },
        "DesignModule":{
          "StudyType":"Observational",
          "PatientRegistry":"No",
          "DesignInfo":{
            "DesignObservationalModelList":{
              "DesignObservationalModel":[
                "Cohort"
              ]
            },
            "DesignTimePerspectiveList":{
              "DesignTimePerspective":[
                "Prospective"
              ]
            }
          },
          "EnrollmentInfo":{
            "EnrollmentCount":"300",
            "EnrollmentType":"Anticipated"
          }
        },
        "ArmsInterventionsModule":{
          "ArmGroupList":{
            "ArmGroup":[
              {
                "ArmGroupLabel":"evaluation of fecal biomarkers",
                "ArmGroupDescription":"comparison of the biomarker levels between different gastrointestinal diseases",
                "ArmGroupInterventionList":{
                  "ArmGroupInterventionName":[
                    "Diagnostic Test: Testing Fecal Biomarkers In Comparison To Endoscopic Examination With Confocal Laser Endomicroscopy"
                  ]
                }
              }
            ]
          },
          "InterventionList":{
            "Intervention":[
              {
                "InterventionType":"Diagnostic Test",
                "InterventionName":"Testing Fecal Biomarkers In Comparison To Endoscopic Examination With Confocal Laser Endomicroscopy",
                "InterventionDescription":"Patients, who were examined during a routine diagnostics, should submit an extra morning stool sample up to two weeks before or after the gastroscopy and/or coloscopy to generate the data of the fecal biomarker mentioned above.",
                "InterventionArmGroupLabelList":{
                  "InterventionArmGroupLabel":[
                    "evaluation of fecal biomarkers"
                  ]
                }
              }
            ]
          }
        },
        "OutcomesModule":{
          "PrimaryOutcomeList":{
            "PrimaryOutcome":[
              {
                "PrimaryOutcomeMeasure":"correlation analyses",
                "PrimaryOutcomeDescription":"Correlation analyses will be performed to determine if there is a correlation between fecal biomarker values and confocal laser endomicroscopy results and histologic scores. If available, correlations between the fecal biomarkers and other parameters such as clinical activity index (CAI), Mayo score/disease activity index (DAI), endoscopic Rachmilewitz index (REI), and inflammatory bowel disease questionnaire (IBDQ) data will also be calculated.\n\nIn addition, group comparisons will be performed to test whether fecal biomarkers differ between (1) the different levels of the Nancy index and (2) the classification into \"patients in remission\" and \"patients with disease activity\" given according to histological assessment. Receiver operating characteristic (ROC) curves will also be used to determine optimal cut-offs and calculate sensitivity and specificity of fecal biomarkers.",
                "PrimaryOutcomeTimeFrame":"data of biomarkers generated two weeks before or two weeks after the gastroscopy and/or coloscopy"
              }
            ]
          }
        },
        "EligibilityModule":{
          "EligibilityCriteria":"Inclusion Criteria:\n\nAdults\nSigned declaration of consent\n\nPresence of a confirmed diagnosis of\n\nInflammatory bowel diseases\nIrritable bowel syndrome\nGastrointestinal diseases, except participants with diagnosis of group 1 or 2 (e.g. celiac disease, food allergies, microscopic colitis, diverticulosis, diverticulitis)\nHealthy controls as part of a preventive medical check-up\n\nExclusion Criteria:\n\nNo indication for endoscopic examination as part of routine care\nAge under 18 years",
          "HealthyVolunteers":"No",
          "Gender":"All",
          "MinimumAge":"18 Years",
          "StdAgeList":{
            "StdAge":[
              "Adult",
              "Older Adult"
            ]
          },
          "StudyPopulation":"The study population consists of patients with inflammatory bowel disease, patients with symptomatic non-inflammatory bowel disease, and patients with other gastrointestinal diseases who routinely undergo endoscopic examination at the center in the form of endoscopy with tissue biopsies with and without confocal laser endomicroscopy.",
          "SamplingMethod":"Probability Sample"
        },
        "ContactsLocationsModule":{
          "CentralContactList":{
            "CentralContact":[
              {
                "CentralContactName":"Jost Langhorst, Prof.",
                "CentralContactRole":"Contact",
                "CentralContactPhone":"0049951-50311251",
                "CentralContactEMail":"jost.langhorst@sozialstiftung-bamberg.de"
              },{
                "CentralContactName":"Özlem Öznur",
                "CentralContactRole":"Contact",
                "CentralContactPhone":"0049951-50316936",
                "CentralContactEMail":"oezlem.oeznur@sozialstiftung-bamberg.de"
              }
            ]
          },
          "LocationList":{
            "Location":[
              {
                "LocationFacility":"Sozialstiftung Bamberg, Klinik für Intergrative Medizin",
                "LocationStatus":"Recruiting",
                "LocationCity":"Bamberg",
                "LocationState":"Bayern",
                "LocationZip":"96049",
                "LocationCountry":"Germany",
                "LocationContactList":{
                  "LocationContact":[
                    {
                      "LocationContactName":"Jost Langhorst, Prof.",
                      "LocationContactRole":"Contact",
                      "LocationContactPhone":"0049951-503-11251",
                      "LocationContactEMail":"jost.langhorst@sozialstiftung-bamberg.de"
                    },{
                      "LocationContactName":"Özlem Öznur",
                      "LocationContactRole":"Contact",
                      "LocationContactPhone":"0049951-503-16936",
                      "LocationContactEMail":"oezlem.oeznur@sozialstiftung-bamberg.de"
                    },{
                      "LocationContactName":"Jost Langhorst, Prof.",
                      "LocationContactRole":"Principal Investigator"
                    }
                  ]
                }
              }
            ]
          }
        }
      },
      "DerivedSection":{
        "MiscInfoModule":{
          "VersionHolder":"April 19, 2021"
        },
        "ConditionBrowseModule":{
          "ConditionMeshList":{
            "ConditionMesh":[
              {
                "ConditionMeshId":"D000007410",
                "ConditionMeshTerm":"Intestinal Diseases"
              },{
                "ConditionMeshId":"D000015212",
                "ConditionMeshTerm":"Inflammatory Bowel Diseases"
              }
            ]
          },
          "ConditionAncestorList":{
            "ConditionAncestor":[
              {
                "ConditionAncestorId":"D000005767",
                "ConditionAncestorTerm":"Gastrointestinal Diseases"
              },{
                "ConditionAncestorId":"D000004066",
                "ConditionAncestorTerm":"Digestive System Diseases"
              },{
                "ConditionAncestorId":"D000005759",
                "ConditionAncestorTerm":"Gastroenteritis"
              }
            ]
          },
          "ConditionBrowseLeafList":{
            "ConditionBrowseLeaf":[
              {
                "ConditionBrowseLeafId":"M9027",
                "ConditionBrowseLeafName":"Intestinal Diseases",
                "ConditionBrowseLeafAsFound":"Bowel Disease",
                "ConditionBrowseLeafRelevance":"high"
              },{
                "ConditionBrowseLeafId":"M16500",
                "ConditionBrowseLeafName":"Inflammatory Bowel Diseases",
                "ConditionBrowseLeafAsFound":"Inflammatory Bowel Disease",
                "ConditionBrowseLeafRelevance":"high"
              },{
                "ConditionBrowseLeafId":"M5838",
                "ConditionBrowseLeafName":"Digestive System Diseases",
                "ConditionBrowseLeafRelevance":"low"
              },{
                "ConditionBrowseLeafId":"M7466",
                "ConditionBrowseLeafName":"Gastrointestinal Diseases",
                "ConditionBrowseLeafRelevance":"low"
              },{
                "ConditionBrowseLeafId":"M7458",
                "ConditionBrowseLeafName":"Gastroenteritis",
                "ConditionBrowseLeafRelevance":"low"
              }
            ]
          },
          "ConditionBrowseBranchList":{
            "ConditionBrowseBranch":[
              {
                "ConditionBrowseBranchAbbrev":"BC06",
                "ConditionBrowseBranchName":"Digestive System Diseases"
              },{
                "ConditionBrowseBranchAbbrev":"All",
                "ConditionBrowseBranchName":"All Conditions"
              }
            ]
          }
        },
        "InterventionBrowseModule":{
          "InterventionBrowseLeafList":{
            "InterventionBrowseLeaf":[
              {
                "InterventionBrowseLeafId":"M9382",
                "InterventionBrowseLeafName":"Lactoferrin",
                "InterventionBrowseLeafRelevance":"low"
              },{
                "InterventionBrowseLeafId":"M21443",
                "InterventionBrowseLeafName":"Defensins",
                "InterventionBrowseLeafRelevance":"low"
              }
            ]
          },
          "InterventionBrowseBranchList":{
            "InterventionBrowseBranch":[
              {
                "InterventionBrowseBranchAbbrev":"Infe",
                "InterventionBrowseBranchName":"Anti-Infective Agents"
              },{
                "InterventionBrowseBranchAbbrev":"All",
                "InterventionBrowseBranchName":"All Drugs and Chemicals"
              }
            ]
          }
        }
      }
    }
  }
}

