{
  "FullStudy":{
    "Rank":91,
    "Study":{
      "ProtocolSection":{
        "IdentificationModule":{
          "NCTId":"NCT04848766",
          "OrgStudyIdInfo":{
            "OrgStudyId":"De-escal-meta"
          },
          "Organization":{
            "OrgFullName":"Seoul National University Hospital",
            "OrgClass":"OTHER"
          },
          "BriefTitle":"IPD Meta-analysis of De-escalation Treatment Strategy After PCI in ACS",
          "OfficialTitle":"Comparison of De-escalation Treatment Strategy After Percutaneous Coronary Intervention in Patients With Acute Coronary Syndrome"
        },
        "StatusModule":{
          "StatusVerifiedDate":"April 2021",
          "OverallStatus":"Not yet recruiting",
          "ExpandedAccessInfo":{
            "HasExpandedAccess":"No"
          },
          "StartDateStruct":{
            "StartDate":"May 2021",
            "StartDateType":"Anticipated"
          },
          "PrimaryCompletionDateStruct":{
            "PrimaryCompletionDate":"September 2021",
            "PrimaryCompletionDateType":"Anticipated"
          },
          "CompletionDateStruct":{
            "CompletionDate":"December 2021",
            "CompletionDateType":"Anticipated"
          },
          "StudyFirstSubmitDate":"April 10, 2021",
          "StudyFirstSubmitQCDate":"April 13, 2021",
          "StudyFirstPostDateStruct":{
            "StudyFirstPostDate":"April 19, 2021",
            "StudyFirstPostDateType":"Estimate"
          },
          "LastUpdateSubmitDate":"April 13, 2021",
          "LastUpdatePostDateStruct":{
            "LastUpdatePostDate":"April 19, 2021",
            "LastUpdatePostDateType":"Estimate"
          }
        },
        "SponsorCollaboratorsModule":{
          "ResponsibleParty":{
            "ResponsiblePartyType":"Principal Investigator",
            "ResponsiblePartyInvestigatorFullName":"Hyo-Soo Kim",
            "ResponsiblePartyInvestigatorTitle":"Professor",
            "ResponsiblePartyInvestigatorAffiliation":"Seoul National University Hospital"
          },
          "LeadSponsor":{
            "LeadSponsorName":"Seoul National University Hospital",
            "LeadSponsorClass":"OTHER"
          },
          "CollaboratorList":{
            "Collaborator":[
              {
                "CollaboratorName":"ST. Antonius hospital Nieuwegein",
                "CollaboratorClass":"UNKNOWN"
              },{
                "CollaboratorName":"Ludwig-Maximilians - University of Munich",
                "CollaboratorClass":"OTHER"
              }
            ]
          }
        },
        "OversightModule":{
          "OversightHasDMC":"No",
          "IsFDARegulatedDrug":"No",
          "IsFDARegulatedDevice":"No"
        },
        "DescriptionModule":{
          "BriefSummary":"We will perform a systemic review of previously published data and an updated patient-level meta-analysis of studies, including the most recent publications. PubMed, EMBASE, Cochrane Central Register of Controlled Trials, the United States National Institutes of Health registry of clinical trials, and relevant websites were searched for pertinent published studies.",
          "DetailedDescription":"This is an individual patient-level data meta-analysis (IPD Meta-analysis). This study population was incorporated from studies that were previoiusly published.\n\nWe will perform a systemic review of previously published data and an updated patient-level meta-analysis of studies, including the most recent publications. PubMed, EMBASE, Cochrane Central Register of Controlled Trials, the United States National Institutes of Health registry of clinical trials, and relevant websites were searched for pertinent published studies. The electronic search strategy was complemented by manual examination of references cited by included articles, recent reviews, editorials, and meta-analyses. No restrictions were imposed on language, study period, or sample size. The search keywords include \"acute coronary syndrome\", \"ACS\", \"primary\", \"percutaneous coronary intervention\", \"PCI\", \"de-escalation\", \"guided\", \"guide\", \"antiplatelet\", \"P2Y12 inhibitor\", \"P2Y12\", \"dual antiplatelet therapy\", \"DAPT\".\n\nArticles were included when they met the following prespecified criteria: (1) included the ACS patients who underwent PCI with drug-eluting stent (DES); (2) maintained DAPT for 1 year; (3) de-escalation strategy of DAPT was clearly defined; (4) clinical outcomes, including ischemic and bleeding events, were clearly reported; (5) randomized controlled trials were considered for inclusion. Two independent investigators screened titles and abstracts, identified duplicated studies, performed full-article reviews, and determined the study inclusion. The third investigator supervised the searching process and adjudicated all the disagreements.\n\nAfter selecting eligible RCTs, we will incorporate all known randomized controlled trials requesting individual patient data from the principal investigator of each trial."
        },
        "ConditionsModule":{
          "ConditionList":{
            "Condition":[
              "Acute Coronary Syndrome",
              "Coronary Artery Disease"
            ]
          },
          "KeywordList":{
            "Keyword":[
              "percutaneous coronary intervention",
              "dual antiplatelet therapy",
              "de-escalation"
            ]
          }
        },
        "DesignModule":{
          "StudyType":"Observational",
          "PatientRegistry":"Yes",
          "TargetDuration":"1 Year",
          "DesignInfo":{
            "DesignObservationalModelList":{
              "DesignObservationalModel":[
                "Cohort"
              ]
            },
            "DesignTimePerspectiveList":{
              "DesignTimePerspective":[
                "Other"
              ]
            }
          },
          "EnrollmentInfo":{
            "EnrollmentCount":"9000",
            "EnrollmentType":"Anticipated"
          }
        },
        "ArmsInterventionsModule":{
          "ArmGroupList":{
            "ArmGroup":[
              {
                "ArmGroupLabel":"De-escalation treatment group",
                "ArmGroupDescription":"Patients diagnosed as acute coronary syndrome, and who receive de-escalation antiplatelet therapy after percutaneous coronary intervention",
                "ArmGroupInterventionList":{
                  "ArmGroupInterventionName":[
                    "Drug: De-escalation Treatment Strategy of dual antiplatelet therapy"
                  ]
                }
              },{
                "ArmGroupLabel":"Conventional treatment group",
                "ArmGroupDescription":"Patients diagnosed as acute coronary syndrome, and who receive conventional (non-de-escalation) antiplatelet therapy after percutaneous coronary intervention"
              }
            ]
          },
          "InterventionList":{
            "Intervention":[
              {
                "InterventionType":"Drug",
                "InterventionName":"De-escalation Treatment Strategy of dual antiplatelet therapy",
                "InterventionDescription":"Patients receive de-escalation treatment of dual antiplatelet therapy after percutaneous coronary intervention",
                "InterventionArmGroupLabelList":{
                  "InterventionArmGroupLabel":[
                    "De-escalation treatment group"
                  ]
                }
              }
            ]
          }
        },
        "OutcomesModule":{
          "PrimaryOutcomeList":{
            "PrimaryOutcome":[
              {
                "PrimaryOutcomeMeasure":"Net adverse clinical and cerebral events (NACCE)",
                "PrimaryOutcomeDescription":"composite of all-cause death, myocardial infarction, coronary revascularization, stroke and major bleeding.",
                "PrimaryOutcomeTimeFrame":"1 year after intervention"
              }
            ]
          },
          "SecondaryOutcomeList":{
            "SecondaryOutcome":[
              {
                "SecondaryOutcomeMeasure":"Composite endpoint of Major adverse cardiovascular outcomes",
                "SecondaryOutcomeDescription":"all-cause mortality, myocardial infarction, coronary revascularization, stroke",
                "SecondaryOutcomeTimeFrame":"1 year after intervention"
              },{
                "SecondaryOutcomeMeasure":"Major Bleeding outcome defined by the Bleeding Academic Research Consortium (BARC) criteria",
                "SecondaryOutcomeDescription":"Bleeding outcomes, defined by the Bleeding Academic Research Consortium criteria",
                "SecondaryOutcomeTimeFrame":"1 year after intervention"
              },{
                "SecondaryOutcomeMeasure":"Individual components of the primary outcome",
                "SecondaryOutcomeDescription":"all-cause mortality",
                "SecondaryOutcomeTimeFrame":"1 year after intervention"
              },{
                "SecondaryOutcomeMeasure":"Individual components of the primary outcome",
                "SecondaryOutcomeDescription":"cardiovascular mortality",
                "SecondaryOutcomeTimeFrame":"1 year after intervention"
              },{
                "SecondaryOutcomeMeasure":"Individual components of the primary outcome",
                "SecondaryOutcomeDescription":"non-cardiovascular mortality",
                "SecondaryOutcomeTimeFrame":"1 year after intervention"
              },{
                "SecondaryOutcomeMeasure":"Individual components of the primary outcome",
                "SecondaryOutcomeDescription":"myocardial infarction",
                "SecondaryOutcomeTimeFrame":"1 year after intervention"
              },{
                "SecondaryOutcomeMeasure":"Individual components of the primary outcome",
                "SecondaryOutcomeDescription":"stroke",
                "SecondaryOutcomeTimeFrame":"1 year after intervention"
              },{
                "SecondaryOutcomeMeasure":"Individual components of the primary outcome",
                "SecondaryOutcomeDescription":"any coronary revascularization",
                "SecondaryOutcomeTimeFrame":"1 year after intervention"
              },{
                "SecondaryOutcomeMeasure":"Individual components of the primary outcome",
                "SecondaryOutcomeDescription":"any bleeding",
                "SecondaryOutcomeTimeFrame":"1 year after intervention"
              }
            ]
          }
        },
        "EligibilityModule":{
          "EligibilityCriteria":"This study is a meta-analysis of previously published studies. Therefore, the eligibility criteria may be diverse according to the individual studies.\n\n--------------------------\n\nInclusion Criteria:\n\nSubject must have clinical diagnosis of acute coronary syndrome\n\nExclusion Criteria:\n\nThe patient has a known hypersensitivity or contraindication to any of the following medications: Heparin, Aspirin, Clopidogrel, Prasugrel, Ticagrelor",
          "Gender":"All",
          "MinimumAge":"19 Years",
          "StdAgeList":{
            "StdAge":[
              "Adult",
              "Older Adult"
            ]
          },
          "StudyPopulation":"As above",
          "SamplingMethod":"Non-Probability Sample"
        },
        "ContactsLocationsModule":{
          "CentralContactList":{
            "CentralContact":[
              {
                "CentralContactName":"Hyo-Soo Kim, MD, PhD",
                "CentralContactRole":"Contact",
                "CentralContactPhone":"82-2-2072-2226",
                "CentralContactEMail":"hyosoo@snu.ac.kr"
              },{
                "CentralContactName":"Jeehoon Kang, MD",
                "CentralContactRole":"Contact",
                "CentralContactPhone":"82-2-2072-2677",
                "CentralContactEMail":"medikang@gmail.com"
              }
            ]
          },
          "OverallOfficialList":{
            "OverallOfficial":[
              {
                "OverallOfficialName":"Kyung Woo Park, MD, PhD",
                "OverallOfficialAffiliation":"Seoul National University Hospital",
                "OverallOfficialRole":"Study Director"
              }
            ]
          }
        },
        "IPDSharingStatementModule":{
          "IPDSharing":"Undecided",
          "IPDSharingDescription":"Data sharing will be decided after discussed with the principle investigators of each study."
        }
      },
      "DerivedSection":{
        "MiscInfoModule":{
          "VersionHolder":"April 19, 2021"
        },
        "ConditionBrowseModule":{
          "ConditionMeshList":{
            "ConditionMesh":[
              {
                "ConditionMeshId":"D000003324",
                "ConditionMeshTerm":"Coronary Artery Disease"
              },{
                "ConditionMeshId":"D000054058",
                "ConditionMeshTerm":"Acute Coronary Syndrome"
              },{
                "ConditionMeshId":"D000013577",
                "ConditionMeshTerm":"Syndrome"
              }
            ]
          },
          "ConditionAncestorList":{
            "ConditionAncestor":[
              {
                "ConditionAncestorId":"D000004194",
                "ConditionAncestorTerm":"Disease"
              },{
                "ConditionAncestorId":"D000010335",
                "ConditionAncestorTerm":"Pathologic Processes"
              },{
                "ConditionAncestorId":"D000003327",
                "ConditionAncestorTerm":"Coronary Disease"
              },{
                "ConditionAncestorId":"D000017202",
                "ConditionAncestorTerm":"Myocardial Ischemia"
              },{
                "ConditionAncestorId":"D000006331",
                "ConditionAncestorTerm":"Heart Diseases"
              },{
                "ConditionAncestorId":"D000002318",
                "ConditionAncestorTerm":"Cardiovascular Diseases"
              },{
                "ConditionAncestorId":"D000001161",
                "ConditionAncestorTerm":"Arteriosclerosis"
              },{
                "ConditionAncestorId":"D000001157",
                "ConditionAncestorTerm":"Arterial Occlusive Diseases"
              },{
                "ConditionAncestorId":"D000014652",
                "ConditionAncestorTerm":"Vascular Diseases"
              }
            ]
          },
          "ConditionBrowseLeafList":{
            "ConditionBrowseLeaf":[
              {
                "ConditionBrowseLeafId":"M5129",
                "ConditionBrowseLeafName":"Coronary Artery Disease",
                "ConditionBrowseLeafAsFound":"Coronary Artery Disease",
                "ConditionBrowseLeafRelevance":"high"
              },{
                "ConditionBrowseLeafId":"M14938",
                "ConditionBrowseLeafName":"Syndrome",
                "ConditionBrowseLeafAsFound":"Syndrome",
                "ConditionBrowseLeafRelevance":"high"
              },{
                "ConditionBrowseLeafId":"M26132",
                "ConditionBrowseLeafName":"Acute Coronary Syndrome",
                "ConditionBrowseLeafAsFound":"Acute Coronary Syndrome",
                "ConditionBrowseLeafRelevance":"high"
              },{
                "ConditionBrowseLeafId":"M18089",
                "ConditionBrowseLeafName":"Myocardial Ischemia",
                "ConditionBrowseLeafRelevance":"low"
              },{
                "ConditionBrowseLeafId":"M5132",
                "ConditionBrowseLeafName":"Coronary Disease",
                "ConditionBrowseLeafRelevance":"low"
              },{
                "ConditionBrowseLeafId":"M9126",
                "ConditionBrowseLeafName":"Ischemia",
                "ConditionBrowseLeafRelevance":"low"
              },{
                "ConditionBrowseLeafId":"M8002",
                "ConditionBrowseLeafName":"Heart Diseases",
                "ConditionBrowseLeafRelevance":"low"
              },{
                "ConditionBrowseLeafId":"M3050",
                "ConditionBrowseLeafName":"Arteriosclerosis",
                "ConditionBrowseLeafRelevance":"low"
              },{
                "ConditionBrowseLeafId":"M3046",
                "ConditionBrowseLeafName":"Arterial Occlusive Diseases",
                "ConditionBrowseLeafRelevance":"low"
              },{
                "ConditionBrowseLeafId":"M15983",
                "ConditionBrowseLeafName":"Vascular Diseases",
                "ConditionBrowseLeafRelevance":"low"
              }
            ]
          },
          "ConditionBrowseBranchList":{
            "ConditionBrowseBranch":[
              {
                "ConditionBrowseBranchAbbrev":"BC14",
                "ConditionBrowseBranchName":"Heart and Blood Diseases"
              },{
                "ConditionBrowseBranchAbbrev":"All",
                "ConditionBrowseBranchName":"All Conditions"
              },{
                "ConditionBrowseBranchAbbrev":"BC23",
                "ConditionBrowseBranchName":"Symptoms and General Pathology"
              }
            ]
          }
        }
      }
    }
  }
}

