{
  "FullStudy":{
    "Rank":638,
    "Study":{
      "ProtocolSection":{
        "IdentificationModule":{
          "NCTId":"NCT04841655",
          "OrgStudyIdInfo":{
            "OrgStudyId":"PI18/01420"
          },
          "Organization":{
            "OrgFullName":"Institut Català d'Oncologia",
            "OrgClass":"OTHER"
          },
          "BriefTitle":"Tobacco Cessation Among Smokers Under Alcohol and/or Cannabis Treatment",
          "OfficialTitle":"Tobacco Cessation Among Smokers Under Alcohol and/or Cannabis Treatment",
          "Acronym":"ACT-ATAC"
        },
        "StatusModule":{
          "StatusVerifiedDate":"April 2021",
          "OverallStatus":"Recruiting",
          "ExpandedAccessInfo":{
            "HasExpandedAccess":"No"
          },
          "StartDateStruct":{
            "StartDate":"October 1, 2020",
            "StartDateType":"Actual"
          },
          "PrimaryCompletionDateStruct":{
            "PrimaryCompletionDate":"October 2021",
            "PrimaryCompletionDateType":"Anticipated"
          },
          "CompletionDateStruct":{
            "CompletionDate":"October 2022",
            "CompletionDateType":"Anticipated"
          },
          "StudyFirstSubmitDate":"December 9, 2019",
          "StudyFirstSubmitQCDate":"April 8, 2021",
          "StudyFirstPostDateStruct":{
            "StudyFirstPostDate":"April 12, 2021",
            "StudyFirstPostDateType":"Actual"
          },
          "LastUpdateSubmitDate":"April 8, 2021",
          "LastUpdatePostDateStruct":{
            "LastUpdatePostDate":"April 12, 2021",
            "LastUpdatePostDateType":"Actual"
          }
        },
        "SponsorCollaboratorsModule":{
          "ResponsibleParty":{
            "ResponsiblePartyType":"Sponsor"
          },
          "LeadSponsor":{
            "LeadSponsorName":"Institut Català d'Oncologia",
            "LeadSponsorClass":"OTHER"
          },
          "CollaboratorList":{
            "Collaborator":[
              {
                "CollaboratorName":"Hospital Clinic of Barcelona",
                "CollaboratorClass":"OTHER"
              },{
                "CollaboratorName":"Fundació Institut de Recerca de l'Hospital de la Santa Creu i Sant Pau",
                "CollaboratorClass":"OTHER"
              },{
                "CollaboratorName":"Althaia Xarxa Assistencial Universitària de Manresa",
                "CollaboratorClass":"OTHER"
              },{
                "CollaboratorName":"University of Barcelona",
                "CollaboratorClass":"OTHER"
              },{
                "CollaboratorName":"Public Health Agency of Barcelona",
                "CollaboratorClass":"OTHER"
              }
            ]
          }
        },
        "OversightModule":{
          "IsFDARegulatedDrug":"No",
          "IsFDARegulatedDevice":"No"
        },
        "DescriptionModule":{
          "BriefSummary":"Aims: To identify the predictors associated with smoking cessation in smokers under treatment for alcohol and/or cannabis treated in drug treatment centers (DTC). Methodology: Mixed methods project with qualitative and quantitative designs (three studies). Study I discussion groups: of clinical professionals of DTC to explore the barriers/facilitators of these smokers in quitting and the interventions carried out. Study II Prospective cohort of smokers in alcohol and/or cannabis treatment that will be followed-up for 12 months. Sample size: difference in incidence (exposed to cessation interventions versus non-exposed = 12 per 100 years), α = 0.05, β = 0.10, losses = 20% (n = 726). Dependent variables: self-reported and verified tobacco consumption abstinence, quit attempts, motivation, and self-efficacy. Independent variables: age, sex, the substance under treatment. Analysis: incidence, relative risk and simple and multiple logistic regression models (odds ratio and confidence interval, CI, 95%) of quitting. Study III discussion groups: with smokers under alcohol and/or cannabis treatment selected according to their typology. Analysis: of thematic content and triangulation qualitative and quantitative results. Expected results: Characterization of variables that influence tobacco cessation, to improve the design of interventions."
        },
        "ConditionsModule":{
          "ConditionList":{
            "Condition":[
              "Mental Health Disorder",
              "Substance Abuse Drug",
              "Alcohol Abuse",
              "Cannabis Use",
              "Tobacco Use",
              "Smoking Cessation"
            ]
          }
        },
        "DesignModule":{
          "StudyType":"Observational",
          "PatientRegistry":"No",
          "DesignInfo":{
            "DesignObservationalModelList":{
              "DesignObservationalModel":[
                "Cohort"
              ]
            },
            "DesignTimePerspectiveList":{
              "DesignTimePerspective":[
                "Prospective"
              ]
            }
          },
          "EnrollmentInfo":{
            "EnrollmentCount":"1625",
            "EnrollmentType":"Anticipated"
          }
        },
        "OutcomesModule":{
          "PrimaryOutcomeList":{
            "PrimaryOutcome":[
              {
                "PrimaryOutcomeMeasure":"self-reported and verified tobacco consumption abstinence",
                "PrimaryOutcomeDescription":"self-reported and verified tobacco consumption abstinence by using CO measurement",
                "PrimaryOutcomeTimeFrame":"at twelve months follow-up"
              }
            ]
          },
          "SecondaryOutcomeList":{
            "SecondaryOutcome":[
              {
                "SecondaryOutcomeMeasure":"Motivation to quit",
                "SecondaryOutcomeDescription":"self-reported and scored from a Likert scale from 0 to 10 (0= no motivation 10=high motivation)",
                "SecondaryOutcomeTimeFrame":"at twelve months follow-up"
              },{
                "SecondaryOutcomeMeasure":"Number of cigarettes per day",
                "SecondaryOutcomeDescription":"self-reported",
                "SecondaryOutcomeTimeFrame":"at twelve months follow-up"
              },{
                "SecondaryOutcomeMeasure":"Stages of Change to quit",
                "SecondaryOutcomeDescription":"Status of the stages of change to quit according to 5 stages proposed by Prochaska and DiClemente",
                "SecondaryOutcomeTimeFrame":"at twelve months follow-up"
              }
            ]
          }
        },
        "EligibilityModule":{
          "EligibilityCriteria":"Inclusion Criteria:\n\nSmokers (at least 1cig./week)\nUndertreatment for Cannabis and/or Alcohol Abuse for the first time\n>=18 years-old\nUnder clinical follow-up\nInformed consent\n\nExclusion Criteria:\n\nSevere cognitive impairment\n12-month follow-up not guaranteed",
          "HealthyVolunteers":"No",
          "Gender":"All",
          "MinimumAge":"18 Years",
          "StdAgeList":{
            "StdAge":[
              "Adult",
              "Older Adult"
            ]
          },
          "StudyPopulation":"Smokers under treatment for substance abuse (alcohol and/or cannabis) from the province of Barcelona in Catalonia (Spain)",
          "SamplingMethod":"Non-Probability Sample"
        },
        "ContactsLocationsModule":{
          "CentralContactList":{
            "CentralContact":[
              {
                "CentralContactName":"Cristina Martinez Martinez, PhD",
                "CentralContactRole":"Contact",
                "CentralContactPhone":"932607335",
                "CentralContactEMail":"cmartinez@iconcologia.net"
              },{
                "CentralContactName":"Ariadna Feliu Josa, MPH",
                "CentralContactRole":"Contact",
                "CentralContactPhone":"932607357",
                "CentralContactPhoneExt":"3076",
                "CentralContactEMail":"afeliu@iconcologia.net"
              }
            ]
          },
          "LocationList":{
            "Location":[
              {
                "LocationFacility":"Hospital Bellvitge",
                "LocationStatus":"Recruiting",
                "LocationCity":"L'Hospitalet de Llobregat",
                "LocationState":"Barcelona",
                "LocationZip":"08908",
                "LocationCountry":"Spain",
                "LocationContactList":{
                  "LocationContact":[
                    {
                      "LocationContactName":"Cristina Martínez",
                      "LocationContactRole":"Contact",
                      "LocationContactPhone":"932607753",
                      "LocationContactEMail":"cmartinez@iconcologia.net"
                    }
                  ]
                }
              },{
                "LocationFacility":"Hospital Clinic",
                "LocationStatus":"Recruiting",
                "LocationCity":"Barcelona",
                "LocationCountry":"Spain",
                "LocationContactList":{
                  "LocationContact":[
                    {
                      "LocationContactName":"Silvia Mondon, Dr",
                      "LocationContactRole":"Contact",
                      "LocationContactPhone":"932275400",
                      "LocationContactEMail":"smondon@clinic.cat"
                    },{
                      "LocationContactName":"Ariadna Feliu, Dr",
                      "LocationContactRole":"Sub-Investigator"
                    },{
                      "LocationContactName":"Pablo Barrio, Dr",
                      "LocationContactRole":"Sub-Investigator"
                    }
                  ]
                }
              }
            ]
          }
        },
        "IPDSharingStatementModule":{
          "IPDSharing":"No"
        }
      },
      "DerivedSection":{
        "MiscInfoModule":{
          "VersionHolder":"April 19, 2021"
        },
        "ConditionBrowseModule":{
          "ConditionMeshList":{
            "ConditionMesh":[
              {
                "ConditionMeshId":"D000002189",
                "ConditionMeshTerm":"Marijuana Abuse"
              },{
                "ConditionMeshId":"D000019966",
                "ConditionMeshTerm":"Substance-Related Disorders"
              },{
                "ConditionMeshId":"D000000437",
                "ConditionMeshTerm":"Alcoholism"
              },{
                "ConditionMeshId":"D000001523",
                "ConditionMeshTerm":"Mental Disorders"
              }
            ]
          },
          "ConditionAncestorList":{
            "ConditionAncestor":[
              {
                "ConditionAncestorId":"D000064419",
                "ConditionAncestorTerm":"Chemically-Induced Disorders"
              },{
                "ConditionAncestorId":"D000019973",
                "ConditionAncestorTerm":"Alcohol-Related Disorders"
              }
            ]
          },
          "ConditionBrowseLeafList":{
            "ConditionBrowseLeaf":[
              {
                "ConditionBrowseLeafId":"M3396",
                "ConditionBrowseLeafName":"Mental Disorders",
                "ConditionBrowseLeafAsFound":"Mental Health Disorder",
                "ConditionBrowseLeafRelevance":"high"
              },{
                "ConditionBrowseLeafId":"M4031",
                "ConditionBrowseLeafName":"Marijuana Abuse",
                "ConditionBrowseLeafAsFound":"Cannabis",
                "ConditionBrowseLeafRelevance":"high"
              },{
                "ConditionBrowseLeafId":"M20421",
                "ConditionBrowseLeafName":"Substance-Related Disorders",
                "ConditionBrowseLeafAsFound":"Substance Abuse",
                "ConditionBrowseLeafRelevance":"high"
              },{
                "ConditionBrowseLeafId":"M2364",
                "ConditionBrowseLeafName":"Alcoholism",
                "ConditionBrowseLeafAsFound":"Alcohol Abuse",
                "ConditionBrowseLeafRelevance":"high"
              },{
                "ConditionBrowseLeafId":"M13056",
                "ConditionBrowseLeafName":"Psychotic Disorders",
                "ConditionBrowseLeafRelevance":"low"
              },{
                "ConditionBrowseLeafId":"M28889",
                "ConditionBrowseLeafName":"Chemically-Induced Disorders",
                "ConditionBrowseLeafRelevance":"low"
              },{
                "ConditionBrowseLeafId":"M20426",
                "ConditionBrowseLeafName":"Alcohol-Related Disorders",
                "ConditionBrowseLeafRelevance":"low"
              }
            ]
          },
          "ConditionBrowseBranchList":{
            "ConditionBrowseBranch":[
              {
                "ConditionBrowseBranchAbbrev":"BXM",
                "ConditionBrowseBranchName":"Behaviors and Mental Disorders"
              },{
                "ConditionBrowseBranchAbbrev":"All",
                "ConditionBrowseBranchName":"All Conditions"
              },{
                "ConditionBrowseBranchAbbrev":"BC25",
                "ConditionBrowseBranchName":"Substance Related Disorders"
              }
            ]
          }
        },
        "InterventionBrowseModule":{
          "InterventionBrowseLeafList":{
            "InterventionBrowseLeaf":[
              {
                "InterventionBrowseLeafId":"M2358",
                "InterventionBrowseLeafName":"Ethanol",
                "InterventionBrowseLeafRelevance":"low"
              }
            ]
          },
          "InterventionBrowseBranchList":{
            "InterventionBrowseBranch":[
              {
                "InterventionBrowseBranchAbbrev":"Infe",
                "InterventionBrowseBranchName":"Anti-Infective Agents"
              },{
                "InterventionBrowseBranchAbbrev":"CNSDep",
                "InterventionBrowseBranchName":"Central Nervous System Depressants"
              },{
                "InterventionBrowseBranchAbbrev":"All",
                "InterventionBrowseBranchName":"All Drugs and Chemicals"
              }
            ]
          }
        }
      }
    }
  }
}

