{
  "FullStudy":{
    "Rank":296,
    "Study":{
      "ProtocolSection":{
        "IdentificationModule":{
          "NCTId":"NCT04846101",
          "OrgStudyIdInfo":{
            "OrgStudyId":"RCTomnishade"
          },
          "Organization":{
            "OrgFullName":"University of Jordan",
            "OrgClass":"OTHER"
          },
          "BriefTitle":"Evaluation of Shade Matching Capacity of a Contemporary Composite Dental Material",
          "OfficialTitle":"Evaluation of Shade Matching Capacity of a Single-shade Contemporary Resin Composite in Anterior Restorations"
        },
        "StatusModule":{
          "StatusVerifiedDate":"April 2021",
          "OverallStatus":"Not yet recruiting",
          "ExpandedAccessInfo":{
            "HasExpandedAccess":"No"
          },
          "StartDateStruct":{
            "StartDate":"September 2021",
            "StartDateType":"Anticipated"
          },
          "PrimaryCompletionDateStruct":{
            "PrimaryCompletionDate":"September 2023",
            "PrimaryCompletionDateType":"Anticipated"
          },
          "CompletionDateStruct":{
            "CompletionDate":"September 2024",
            "CompletionDateType":"Anticipated"
          },
          "StudyFirstSubmitDate":"April 11, 2021",
          "StudyFirstSubmitQCDate":"April 14, 2021",
          "StudyFirstPostDateStruct":{
            "StudyFirstPostDate":"April 15, 2021",
            "StudyFirstPostDateType":"Actual"
          },
          "LastUpdateSubmitDate":"April 14, 2021",
          "LastUpdatePostDateStruct":{
            "LastUpdatePostDate":"April 15, 2021",
            "LastUpdatePostDateType":"Actual"
          }
        },
        "SponsorCollaboratorsModule":{
          "ResponsibleParty":{
            "ResponsiblePartyType":"Principal Investigator",
            "ResponsiblePartyInvestigatorFullName":"Susan Hattar",
            "ResponsiblePartyInvestigatorTitle":"Associate Professor",
            "ResponsiblePartyInvestigatorAffiliation":"University of Jordan"
          },
          "LeadSponsor":{
            "LeadSponsorName":"University of Jordan",
            "LeadSponsorClass":"OTHER"
          }
        },
        "OversightModule":{
          "OversightHasDMC":"No",
          "IsFDARegulatedDrug":"No",
          "IsFDARegulatedDevice":"No"
        },
        "DescriptionModule":{
          "BriefSummary":"One of the main difficulties encountered in esthetic dentistry is the complexity associated with shade matching and layering technique to achieve optimal esthetic outcomes. To ensure an esthetic outcome, an imperceptible match of the color of the restorative material to that of the tooth is of utmost importance. Recently, a new shade matching composite that utilizes \"smart chromatic technology\", developed by Tokuyama was claimed to be able to capture the structural color of its surroundings teeth. Our main objective is to assess the blending capacity of OMNICHROMA composite material in anterior restorations of patients attending the Jordan University Hospital. Both visual and instrumental measurements will be performed and the differences between the shade of the composite resin and the tooth structure will be measured. In addition, multi chroma composite restorations will be placed for the purpose of comparison (control).",
          "DetailedDescription":"In the present study, the restorations will be placed under rubber dam isolation for moisture control. The cavities will be prepared according to the concepts of minimal invasive dentistry. Prior to placing the composite resin, the margins of the cavities will be finished using ultra fine grit diamond burs·and beveled in a 1-mm area. Deep cavities suspected to be near the pulp be lined with RMGI. Inclusion criteria: class Ill and Class IV carious lesions.\n\nThe enamel margins of the cavities will be acid etched for 60s with 37% phosphoric acid and then rinsed thoroughly with water spray. Afterwards, the dentin bonding system will be applied, left undisturbed for 20 s and then excess removed using an air syringe and light cured for 20s. The restorative composite material will be placed in incremental layers, adapted, each layer cured for 40s. After polymerization, the restorations will be finished under profuse water spray using diamonds, Sof-Lex finishing discs and polishers.\n\nAll restorations will be placed by one dentist (Pl). Written informed consent will be provided to all participants prior to starting the treatment"
        },
        "ConditionsModule":{
          "ConditionList":{
            "Condition":[
              "Shade Matching in Esthetic Dental Restorations",
              "Blending Capacity of Contemporary Restorative Materials"
            ]
          },
          "KeywordList":{
            "Keyword":[
              "shade matching, dental material, blending effect"
            ]
          }
        },
        "DesignModule":{
          "StudyType":"Interventional",
          "PhaseList":{
            "Phase":[
              "Not Applicable"
            ]
          },
          "DesignInfo":{
            "DesignAllocation":"Randomized",
            "DesignInterventionModel":"Parallel Assignment",
            "DesignPrimaryPurpose":"Treatment",
            "DesignMaskingInfo":{
              "DesignMasking":"Triple",
              "DesignMaskingDescription":"Blind Observers will be asked to assess the shade matching capacity of the restorative material on a Likert Scale.",
              "DesignWhoMaskedList":{
                "DesignWhoMasked":[
                  "Participant",
                  "Investigator",
                  "Outcomes Assessor"
                ]
              }
            }
          },
          "EnrollmentInfo":{
            "EnrollmentCount":"30",
            "EnrollmentType":"Anticipated"
          }
        },
        "ArmsInterventionsModule":{
          "ArmGroupList":{
            "ArmGroup":[
              {
                "ArmGroupLabel":"Anterior restorations using single shade OMNICHROMA composite",
                "ArmGroupType":"Experimental",
                "ArmGroupDescription":"Anterior class III and Class IV cavities will be restored using single shade composite material according to standard protocols of etching, bonding and composite placement.",
                "ArmGroupInterventionList":{
                  "ArmGroupInterventionName":[
                    "Other: OMNISHADE & multi-shade composite"
                  ]
                }
              },{
                "ArmGroupLabel":"Anterior restorations using multi-shade composite",
                "ArmGroupType":"Active Comparator",
                "ArmGroupDescription":"Shade selection for the tooth will be performed using instrumental shade prior to the placement of the restoration. Anterior class III and Class IV cavities will be restored using multi-shade composite material according to standard protocols of etching, bonding and composite placement.",
                "ArmGroupInterventionList":{
                  "ArmGroupInterventionName":[
                    "Other: OMNISHADE & multi-shade composite"
                  ]
                }
              }
            ]
          },
          "InterventionList":{
            "Intervention":[
              {
                "InterventionType":"Other",
                "InterventionName":"OMNISHADE & multi-shade composite",
                "InterventionDescription":"Anterior composite restorations will be evaluated for shade matching using both instrumental and visual techniques.",
                "InterventionArmGroupLabelList":{
                  "InterventionArmGroupLabel":[
                    "Anterior restorations using multi-shade composite",
                    "Anterior restorations using single shade OMNICHROMA composite"
                  ]
                }
              }
            ]
          }
        },
        "OutcomesModule":{
          "PrimaryOutcomeList":{
            "PrimaryOutcome":[
              {
                "PrimaryOutcomeMeasure":"Instrumental Color assessment",
                "PrimaryOutcomeDescription":"Color difference between restoration & tooth will be assessed using VITASHADE spectrophotometer",
                "PrimaryOutcomeTimeFrame":"2 years"
              },{
                "PrimaryOutcomeMeasure":"Visual color assessment",
                "PrimaryOutcomeDescription":"Color difference between restoration & tooth will be evaluated by independent observers",
                "PrimaryOutcomeTimeFrame":"2 years"
              }
            ]
          },
          "SecondaryOutcomeList":{
            "SecondaryOutcome":[
              {
                "SecondaryOutcomeMeasure":"Patient satisfaction",
                "SecondaryOutcomeDescription":"Patient satisfaction of shade matching of the restoration will be evaluated using VAS",
                "SecondaryOutcomeTimeFrame":"2 years"
              }
            ]
          }
        },
        "EligibilityModule":{
          "EligibilityCriteria":"Inclusion Criteria:\n\nHealthy patients\nPatients requiring anterior restorations\nVital teeth\nAbsence of periodontal or pulpal disease\nPatients willing to sign informed consent and returning for follow up\n\nExclusion Criteria:\n\nPatients with extensive caries and tooth loss\nPatient with periodontal disease\nPatients with poor oral hygiene and lack of motivation\nPatient with severe extrinsic or intrinsic discolorations",
          "HealthyVolunteers":"Accepts Healthy Volunteers",
          "Gender":"All",
          "MinimumAge":"18 Years",
          "MaximumAge":"70 Years",
          "StdAgeList":{
            "StdAge":[
              "Adult",
              "Older Adult"
            ]
          }
        },
        "ContactsLocationsModule":{
          "CentralContactList":{
            "CentralContact":[
              {
                "CentralContactName":"Susan Hattar, PhD",
                "CentralContactRole":"Contact",
                "CentralContactPhone":"00962795642613",
                "CentralContactEMail":"susanhattar@yahoo.fr"
              }
            ]
          }
        },
        "ReferencesModule":{
          "ReferenceList":{
            "Reference":[
              {
                "ReferencePMID":"23851132",
                "ReferenceType":"background",
                "ReferenceCitation":"Mikhail SS, Schricker SR, Azer SS, Brantley WA, Johnston WM. Optical characteristics of contemporary dental composite resin materials. J Dent. 2013 Sep;41(9):771-8. doi: 10.1016/j.jdent.2013.07.001. Epub 2013 Jul 12."
              },{
                "ReferencePMID":"16378637",
                "ReferenceType":"background",
                "ReferenceCitation":"Paravina RD, Westland S, Kimura M, Powers JM, Imai FH. Color interaction of dental materials: blending effect of layered composites. Dent Mater. 2006 Oct;22(10):903-8. Epub 2005 Dec 27."
              },{
                "ReferencePMID":"16085303",
                "ReferenceType":"background",
                "ReferenceCitation":"Paravina RD, Westland S, Imai FH, Kimura M, Powers JM. Evaluation of blending effect of composites related to restoration size. Dent Mater. 2006 Apr;22(4):299-307. Epub 2005 Aug 8."
              },{
                "ReferencePMID":"25242100",
                "ReferenceType":"background",
                "ReferenceCitation":"Tanaka A, Nakajima M, Seki N, Foxton RM, Tagami J. The effect of tooth age on colour adjustment potential of resin composite restorations. J Dent. 2015 Feb;43(2):253-60. doi: 10.1016/j.jdent.2014.09.007. Epub 2014 Sep 19."
              },{
                "ReferencePMID":"31095870",
                "ReferenceType":"background",
                "ReferenceCitation":"Pereira Sanchez N, Powers JM, Paravina RD. Instrumental and visual evaluation of the color adjustment potential of resin composites. J Esthet Restor Dent. 2019 Sep;31(5):465-470. doi: 10.1111/jerd.12488. Epub 2019 May 16."
              }
            ]
          }
        },
        "IPDSharingStatementModule":{
          "IPDSharing":"Yes",
          "IPDSharingDescription":"Data will be made available for other researchers",
          "IPDSharingInfoTypeList":{
            "IPDSharingInfoType":[
              "Study Protocol",
              "Informed Consent Form (ICF)",
              "Clinical Study Report (CSR)"
            ]
          },
          "IPDSharingTimeFrame":"2 years"
        }
      },
      "DerivedSection":{
        "MiscInfoModule":{
          "VersionHolder":"April 19, 2021"
        }
      }
    }
  }
}

