{
  "FullStudy":{
    "Rank":38,
    "Study":{
      "ProtocolSection":{
        "IdentificationModule":{
          "NCTId":"NCT04849455",
          "OrgStudyIdInfo":{
            "OrgStudyId":"201661"
          },
          "Organization":{
            "OrgFullName":"University of California, San Diego",
            "OrgClass":"OTHER"
          },
          "BriefTitle":"Erector Spinae Plane Block Catheters and Intrathecal Morphine for Hepatic Resection",
          "OfficialTitle":"Erector Spinae Plane Block Catheters: The Role in Acute Postoperative Pain After Hepatic Resection With Intrathecal Morphine"
        },
        "StatusModule":{
          "StatusVerifiedDate":"April 2021",
          "OverallStatus":"Recruiting",
          "ExpandedAccessInfo":{
            "HasExpandedAccess":"No"
          },
          "StartDateStruct":{
            "StartDate":"April 19, 2021",
            "StartDateType":"Anticipated"
          },
          "PrimaryCompletionDateStruct":{
            "PrimaryCompletionDate":"April 1, 2023",
            "PrimaryCompletionDateType":"Anticipated"
          },
          "CompletionDateStruct":{
            "CompletionDate":"April 1, 2023",
            "CompletionDateType":"Anticipated"
          },
          "StudyFirstSubmitDate":"March 25, 2021",
          "StudyFirstSubmitQCDate":"April 16, 2021",
          "StudyFirstPostDateStruct":{
            "StudyFirstPostDate":"April 19, 2021",
            "StudyFirstPostDateType":"Estimate"
          },
          "LastUpdateSubmitDate":"April 16, 2021",
          "LastUpdatePostDateStruct":{
            "LastUpdatePostDate":"April 19, 2021",
            "LastUpdatePostDateType":"Estimate"
          }
        },
        "SponsorCollaboratorsModule":{
          "ResponsibleParty":{
            "ResponsiblePartyType":"Principal Investigator",
            "ResponsiblePartyInvestigatorFullName":"Engy T. Said, MD",
            "ResponsiblePartyInvestigatorTitle":"Associate Clinical Professor, Anesthesiology.",
            "ResponsiblePartyInvestigatorAffiliation":"University of California, San Diego"
          },
          "LeadSponsor":{
            "LeadSponsorName":"University of California, San Diego",
            "LeadSponsorClass":"OTHER"
          }
        },
        "OversightModule":{
          "OversightHasDMC":"No",
          "IsFDARegulatedDrug":"Yes",
          "IsFDARegulatedDevice":"No",
          "IsUSExport":"Yes"
        },
        "DescriptionModule":{
          "BriefSummary":"To determine whether the addition of erector spinae plane (ESP) catheters to existing multimodal analgesic regimen with intrathecal morphine provides superior postoperative analgesia in patients undergoing hepatic resection compared with patients not receiving ESP catheters.",
          "DetailedDescription":"Hepatic resection surgery is especially painful and requires optimal postoperative pain control for early mobilization and improved respiratory function. While there are many options for pain control, including IV opioids and thoracic epidurals, their utility is often limited by decreased metabolism and coagulopathy respectively. Our institution's current regimen including multimodal analgesia combined with intrathecal morphine and physician discretion with ESP catheters to facilitate postoperative pain management. However, the duration of intrathecal morphine is 24 hours, which is not cover the duration of significant post-operative leading to an increase in intravenous opioid consumption. ESP block is a paraspinal fascial plane between the erector spinae muscle and the thoracic transverse processes blocking the dorsal and ventral rami of the spinal nerves. This provides a multi-dermatomal sensory block of the anterior, posterior and lateral thoracic and abdominal walls. The addition of a catheter allows for a continuous infusion of local anesthetic. In addition, unlike a hepatic resection with a thoracic epidural coagulation status is not a concern. We believe that if patients' have improved post-operative pain control they will have better participation in physical therapy, require less opioids and potentially have shorter hospital length of stay.\n\nSpecific Aim: To determine if the addition of ESP catheters to multimodal pain regimen with intrathecal morphine, would provide superior postoperative analgesia beyond the morphine's twenty-four hour duration in patients undergoing hepatic resection compared to patients not receiving ESP catheters.\n\nHypothesis 1: Patients undergoing hepatic resection will have improved postoperative analgesia - based on mean opioid consumption and numeric rating scale pain scores - during postoperative day (POD) 1, as defined by 24 hours after intrathecal morphine, to POD 3 following surgery when receiving routine multimodal analgesia with intrathecal morphine and multimodal pain management with addition of ESP catheters versus multimodal analgesia with intrathecal morphine alone.\n\nHypothesis 2: Patients undergoing hepatic resection will have decreased incidence of persistent postoperative pain - based on mean opioid consumption and standard of care numeric rating scale pain scores during their hospital stay and at home- when receiving routine multimodal analgesia with intrathecal morphine with addition ESP catheters versus multimodal analgesia with intrathecal morphine alone.\n\nThis will be randomized, subject-masked, placebo-controlled, human subjects clinical trial.\n\nEnrollment. Consenting adults undergoing hepatic resection will be offered enrollment. Study inclusion will be proposed to eligible patients prior to surgery. If a patient desires study participation, written, informed consent will be obtained using a current UCSD Institutional Review Board (IRB)-approved Informed Consent Form (ICF). Selection for inclusion will not be based on gender, race, or socioeconomic status.\n\nThis will be a single-center (UCSD), randomized, controlled investigation.\n\nPreoperative Procedures. Following written, informed consent, we will record baseline anthropomorphic information (age, sex, height, and weight) that is already provided by all patients having surgery. After consenting and prior to surgery, patients will be randomized (utilizing sealed envelopes with 1:1 ratio) to either intrathecal morphine and sham ESP catheters or intrathecal morphine and active ESP catheters. Currently the decision to place ESP catheters is at the discretion of the attending physician. The only difference for subjects participating in the study (vs those not participating) will be that the placement of ESP catheters and decision to activate them-currently standard-of-care and used daily at UCSD because of clinical equipoise-will be determined randomly, instead of the physician simply choosing him/herself.\n\nIntrathecal morphine and sham ESP catheter group: In the preoperative holding area, all subjects in this cohort, will have a peripheral intravenous (IV) catheter inserted, standard noninvasive monitors applied, supplemental oxygen administered via a nasal cannula or face mask, and positioned sitting. Midazolam and fentanyl (IV) will be titrated for patient comfort, while ensuring that patients remain responsive to verbal cues. The area of insertion will be cleaned with iodine povacrylex and isopropyl alcohol (DuraPrep Surgical Prepping Solution, 3M St. Paul, MN USA), and a clear, sterile, fenestrated drape applied. After identifying with palpation the desired interspace using sterile techniques with the midline single shot spinal approach a 25g pencil point needle spinal needle is passed through an introducer needle. After free flow of cerebral spinal fluid (CSF) is established 300mcg of intrathecal morphine is slowly injected with additional aspiration of CSF at the midpoint and end of injection to confirm continued subarachnoid administration. Then bilateral T7-8 ESP catheters will be taped onto the patient's back after administration of local anesthetic at the site. The 0.2% ropivacaine infusions will be started at the ESP block catheter immediately after catheter insertion with a total rate of 0.1ml per hour.\n\nIntrathecal morphine and ESP catheter group: Catheter insertion will adhere to current UCSD standard-of-care. In the preoperative holding area, all subjects in this cohort, will have a peripheral intravenous (IV) catheter inserted, standard noninvasive monitors applied, supplemental oxygen administered via a nasal cannula or face mask, and positioned sitting. In the preoperative holding area, all subjects in this cohort, will have a peripheral intravenous (IV) catheter inserted, standard noninvasive monitors applied, supplemental oxygen administered via a nasal cannula or face mask, and positioned sitting. Midazolam and fentanyl (IV) will be titrated for patient comfort, while ensuring that patients remain responsive to verbal cues. The area of insertion will be cleaned with iodine povacrylex and isopropyl alcohol (DuraPrep Surgical Prepping Solution, 3M St. Paul, MN USA), and a clear, sterile, fenestrated drape applied. After identifying with palpation the desired interspace using sterile techniques with the midline single shot spinal approach a 25g pencil point needle spinal needle is passed through an introducer needle. After free flow of CSF is established 300mcg of intrathecal morphine is slowly injected with additional aspiration of CSF at the midpoint and end of injection to confirm continued subarachnoid administration. Then bilateral T7-8 ESP catheters will be placed under ultrasound guidance. A catheter will be placed with saline with 1:200,000 of epinephrine. To confirm catheter location 15 mls of 1% lidocaine with 1:200,000 epinephrine will be injected and the block sensory level will be confirmed with ice. A total of 30mls of 1% lidocaine with 1:200,000 epinephrine will be used for bilateral catheter placement (15mls per side). A Ropivacaine 0.2% infusions will be started at the ESP block catheter immediately after catheter insertion with a total rate of 12mls per hour, 2mls/hr continuous infusion and 10ml set bolus every 60mins.\n\nAdditional Postoperative Pain Interventions: Intraoperatively the patient will have general anesthesia. Postoperatively, both groups will be started on the same multimodal oral regimen and followed by the Acute Pain Service (APS) as per APS standard of care.\n\nCurrent Standard Care: Currently, all patients undergoing hepatic resection receive preoperative intrathecal morphine and at the discretion of the attending anesthesiologist the patient may or may not receive ESP catheters as well as multimodal pain regimen managed by APS. Intraoperatively general anesthesia. The only difference for subjects participating in the study (vs those not participating) will be that they will be randomized to whether or not they get ESP catheters. We will ensure that there are no patient contraindications to either intervention.\n\nData collection: All data collection will be through standard UCSD nursing/therapy EPIC notes and patient interviews in-person during hospitalization or via telephone call."
        },
        "ConditionsModule":{
          "ConditionList":{
            "Condition":[
              "Hepatic Resection",
              "Acute Pain",
              "Anesthesia",
              "Anesthesia, Local"
            ]
          },
          "KeywordList":{
            "Keyword":[
              "acute postoperative pain",
              "erector spinae plane block",
              "liver resection"
            ]
          }
        },
        "DesignModule":{
          "StudyType":"Interventional",
          "PhaseList":{
            "Phase":[
              "Phase 4"
            ]
          },
          "DesignInfo":{
            "DesignAllocation":"Randomized",
            "DesignInterventionModel":"Parallel Assignment",
            "DesignPrimaryPurpose":"Treatment",
            "DesignMaskingInfo":{
              "DesignMasking":"Double",
              "DesignWhoMaskedList":{
                "DesignWhoMasked":[
                  "Participant",
                  "Outcomes Assessor"
                ]
              }
            }
          },
          "EnrollmentInfo":{
            "EnrollmentCount":"70",
            "EnrollmentType":"Anticipated"
          }
        },
        "ArmsInterventionsModule":{
          "ArmGroupList":{
            "ArmGroup":[
              {
                "ArmGroupLabel":"Active Treatment",
                "ArmGroupType":"Experimental",
                "ArmGroupDescription":"This group will receive a continuous erector spinae block catheter followed by an infusion of ropivacaine 0.2% at 10ml automatic set bolus per 60 minute with 2ml/hr continuous infusion (12mls/hr total per catheter)",
                "ArmGroupInterventionList":{
                  "ArmGroupInterventionName":[
                    "Drug: 0.2% ropivacaine local anesthetic continuous erector spinae plane block"
                  ]
                }
              },{
                "ArmGroupLabel":"Placebo",
                "ArmGroupType":"Placebo Comparator",
                "ArmGroupDescription":"This group will receive a superficially placed (taped to the surface) erector spinae block catheter with a ropivacaine 0.2% infusion at 0.1ml /hr",
                "ArmGroupInterventionList":{
                  "ArmGroupInterventionName":[
                    "Drug: 0.2% ropivacaine local anesthetic continuous erector spinae plane block"
                  ]
                }
              }
            ]
          },
          "InterventionList":{
            "Intervention":[
              {
                "InterventionType":"Drug",
                "InterventionName":"0.2% ropivacaine local anesthetic continuous erector spinae plane block",
                "InterventionDescription":"Local anesthetic (Ropivacaine) administration via an erector spinae plane catheter",
                "InterventionArmGroupLabelList":{
                  "InterventionArmGroupLabel":[
                    "Active Treatment",
                    "Placebo"
                  ]
                }
              }
            ]
          }
        },
        "OutcomesModule":{
          "PrimaryOutcomeList":{
            "PrimaryOutcome":[
              {
                "PrimaryOutcomeMeasure":"Total opioid requirement postoperative day (POD) 1-3",
                "PrimaryOutcomeDescription":"Morphine Milligram Equivalents",
                "PrimaryOutcomeTimeFrame":"Total use from post-operative day (POD) 1, as defined by 24 hours after intrathecal morphine, to POD 3 (3 days from admission to recovery unit)"
              }
            ]
          },
          "SecondaryOutcomeList":{
            "SecondaryOutcome":[
              {
                "SecondaryOutcomeMeasure":"Total opioid requirement postoperative day (POD) 0-4",
                "SecondaryOutcomeDescription":"Morphine Milligram Equivalents",
                "SecondaryOutcomeTimeFrame":"Total use from hospital admission to POD 4 (4 days after admission to recovery unit)"
              },{
                "SecondaryOutcomeMeasure":"Pain Score at rest and with cough",
                "SecondaryOutcomeDescription":"Average pain score on the 10-point numeric rating scale (0 being no pain, 10 worst pain)",
                "SecondaryOutcomeTimeFrame":"Post-Operative Day 0, 1, 2, 3, 4, 14, 30"
              },{
                "SecondaryOutcomeMeasure":"Discharge opioids and refills.",
                "SecondaryOutcomeDescription":"Amount of opioids prescribed at discharge and amount taken/refills while at home",
                "SecondaryOutcomeTimeFrame":"Typically within 14days of admission, then at 14 days, and at 30 days."
              },{
                "SecondaryOutcomeMeasure":"Nausea",
                "SecondaryOutcomeDescription":"Defined by number of antiemetics administered",
                "SecondaryOutcomeTimeFrame":"Post-Operative Day 0, 1, 2, 3, 4"
              },{
                "SecondaryOutcomeMeasure":"Time to ambulation",
                "SecondaryOutcomeDescription":"Able to get out of bed with physical therapy",
                "SecondaryOutcomeTimeFrame":"Post-Operative Day 0, 1, 2, 3, 4"
              },{
                "SecondaryOutcomeMeasure":"Time to oral intake",
                "SecondaryOutcomeDescription":"Diet advancement",
                "SecondaryOutcomeTimeFrame":"Post-Operative Day 0, 1, 2, 3, 4"
              },{
                "SecondaryOutcomeMeasure":"Hospital Length Of Stay",
                "SecondaryOutcomeDescription":"From admission to hospital for surgery to discharge",
                "SecondaryOutcomeTimeFrame":"Total number of days requiring hospitalization for surgical procedure. Up to 1 month."
              }
            ]
          }
        },
        "EligibilityModule":{
          "EligibilityCriteria":"Inclusion Criteria:\n\nundergoing hepatic resection\nAdmitting service requests APS consult\n>18 years old and able to provide consent\n\nExclusion criteria:\n\npregnancy\nincarceration\ninability to communicate with the investigators and hospital staff\nsevere hepatic disease\nchronic high-dose opioid use (defined as daily use for more than 4 weeks prior to surgery of at least the equivalent of 20 mg oxycodone);\nBMI > 40 kg/m2\nallergy to study medications (lidocaine, ropivacaine)",
          "HealthyVolunteers":"No",
          "Gender":"All",
          "MinimumAge":"18 Years",
          "StdAgeList":{
            "StdAge":[
              "Adult",
              "Older Adult"
            ]
          }
        },
        "ContactsLocationsModule":{
          "CentralContactList":{
            "CentralContact":[
              {
                "CentralContactName":"Engy T Said, MD",
                "CentralContactRole":"Contact",
                "CentralContactPhone":"5597371904",
                "CentralContactEMail":"esaid@health.ucsd.edu"
              }
            ]
          },
          "OverallOfficialList":{
            "OverallOfficial":[
              {
                "OverallOfficialName":"Engy T Said, MD",
                "OverallOfficialAffiliation":"University of California, San Diego",
                "OverallOfficialRole":"Principal Investigator"
              }
            ]
          },
          "LocationList":{
            "Location":[
              {
                "LocationFacility":"University of California, San Diego",
                "LocationStatus":"Recruiting",
                "LocationCity":"San Diego",
                "LocationState":"California",
                "LocationZip":"92103",
                "LocationCountry":"United States",
                "LocationContactList":{
                  "LocationContact":[
                    {
                      "LocationContactName":"Engy M Said, MD",
                      "LocationContactRole":"Contact"
                    }
                  ]
                }
              }
            ]
          }
        },
        "ReferencesModule":{
          "ReferenceList":{
            "Reference":[
              {
                "ReferencePMID":"16551916",
                "ReferenceType":"background",
                "ReferenceCitation":"De Pietri L, Siniscalchi A, Reggiani A, Masetti M, Begliomini B, Gazzi M, Gerunda GE, Pasetto A. The use of intrathecal morphine for postoperative pain relief after liver resection: a comparison with epidural analgesia. Anesth Analg. 2006 Apr;102(4):1157-63."
              },{
                "ReferencePMID":"31361665",
                "ReferenceType":"background",
                "ReferenceCitation":"Nair S, McGuinness S, Masood F, Boylan JF, Conlon NP. Erector Spinae Plane Blocks in Major Hepatopancreaticobiliary Surgery: A Case Series. A A Pract. 2019 Nov 1;13(9):332-334. doi: 10.1213/XAA.0000000000001069."
              }
            ]
          }
        },
        "IPDSharingStatementModule":{
          "IPDSharing":"No"
        }
      },
      "DerivedSection":{
        "MiscInfoModule":{
          "VersionHolder":"April 19, 2021"
        },
        "ConditionBrowseModule":{
          "ConditionMeshList":{
            "ConditionMesh":[
              {
                "ConditionMeshId":"D000059787",
                "ConditionMeshTerm":"Acute Pain"
              }
            ]
          },
          "ConditionAncestorList":{
            "ConditionAncestor":[
              {
                "ConditionAncestorId":"D000010146",
                "ConditionAncestorTerm":"Pain"
              },{
                "ConditionAncestorId":"D000009461",
                "ConditionAncestorTerm":"Neurologic Manifestations"
              }
            ]
          },
          "ConditionBrowseLeafList":{
            "ConditionBrowseLeaf":[
              {
                "ConditionBrowseLeafId":"M11652",
                "ConditionBrowseLeafName":"Pain, Postoperative",
                "ConditionBrowseLeafRelevance":"low"
              },{
                "ConditionBrowseLeafId":"M28112",
                "ConditionBrowseLeafName":"Acute Pain",
                "ConditionBrowseLeafAsFound":"Acute Pain",
                "ConditionBrowseLeafRelevance":"high"
              },{
                "ConditionBrowseLeafId":"M11649",
                "ConditionBrowseLeafName":"Pain",
                "ConditionBrowseLeafRelevance":"low"
              },{
                "ConditionBrowseLeafId":"M10987",
                "ConditionBrowseLeafName":"Neurologic Manifestations",
                "ConditionBrowseLeafRelevance":"low"
              }
            ]
          },
          "ConditionBrowseBranchList":{
            "ConditionBrowseBranch":[
              {
                "ConditionBrowseBranchAbbrev":"BC23",
                "ConditionBrowseBranchName":"Symptoms and General Pathology"
              },{
                "ConditionBrowseBranchAbbrev":"All",
                "ConditionBrowseBranchName":"All Conditions"
              },{
                "ConditionBrowseBranchAbbrev":"BC10",
                "ConditionBrowseBranchName":"Nervous System Diseases"
              }
            ]
          }
        },
        "InterventionBrowseModule":{
          "InterventionMeshList":{
            "InterventionMesh":[
              {
                "InterventionMeshId":"D000077212",
                "InterventionMeshTerm":"Ropivacaine"
              },{
                "InterventionMeshId":"D000000779",
                "InterventionMeshTerm":"Anesthetics, Local"
              },{
                "InterventionMeshId":"D000000777",
                "InterventionMeshTerm":"Anesthetics"
              }
            ]
          },
          "InterventionAncestorList":{
            "InterventionAncestor":[
              {
                "InterventionAncestorId":"D000002492",
                "InterventionAncestorTerm":"Central Nervous System Depressants"
              },{
                "InterventionAncestorId":"D000045505",
                "InterventionAncestorTerm":"Physiological Effects of Drugs"
              },{
                "InterventionAncestorId":"D000018689",
                "InterventionAncestorTerm":"Sensory System Agents"
              },{
                "InterventionAncestorId":"D000018373",
                "InterventionAncestorTerm":"Peripheral Nervous System Agents"
              }
            ]
          },
          "InterventionBrowseLeafList":{
            "InterventionBrowseLeaf":[
              {
                "InterventionBrowseLeafId":"M1700",
                "InterventionBrowseLeafName":"Ropivacaine",
                "InterventionBrowseLeafAsFound":"2 weeks",
                "InterventionBrowseLeafRelevance":"high"
              },{
                "InterventionBrowseLeafId":"M2690",
                "InterventionBrowseLeafName":"Anesthetics, Local",
                "InterventionBrowseLeafAsFound":"Coaching",
                "InterventionBrowseLeafRelevance":"high"
              },{
                "InterventionBrowseLeafId":"M2688",
                "InterventionBrowseLeafName":"Anesthetics",
                "InterventionBrowseLeafAsFound":"Absence of",
                "InterventionBrowseLeafRelevance":"high"
              },{
                "InterventionBrowseLeafId":"M10565",
                "InterventionBrowseLeafName":"Morphine",
                "InterventionBrowseLeafRelevance":"low"
              },{
                "InterventionBrowseLeafId":"M9693",
                "InterventionBrowseLeafName":"Liver Extracts",
                "InterventionBrowseLeafRelevance":"low"
              }
            ]
          },
          "InterventionBrowseBranchList":{
            "InterventionBrowseBranch":[
              {
                "InterventionBrowseBranchAbbrev":"CNSDep",
                "InterventionBrowseBranchName":"Central Nervous System Depressants"
              },{
                "InterventionBrowseBranchAbbrev":"All",
                "InterventionBrowseBranchName":"All Drugs and Chemicals"
              },{
                "InterventionBrowseBranchAbbrev":"Analg",
                "InterventionBrowseBranchName":"Analgesics"
              },{
                "InterventionBrowseBranchAbbrev":"Hemat",
                "InterventionBrowseBranchName":"Hematinics"
              }
            ]
          }
        }
      }
    }
  }
}

