{
  "FullStudy":{
    "Rank":610,
    "Study":{
      "ProtocolSection":{
        "IdentificationModule":{
          "NCTId":"NCT04842019",
          "OrgStudyIdInfo":{
            "OrgStudyId":"KRN23-CN005"
          },
          "SecondaryIdInfoList":{
            "SecondaryIdInfo":[
              {
                "SecondaryId":"CTR20210506",
                "SecondaryIdType":"Other Identifier",
                "SecondaryIdDomain":"www.chinadrugtrials.org.cn"
              }
            ]
          },
          "Organization":{
            "OrgFullName":"Kyowa Kirin Co., Ltd.",
            "OrgClass":"INDUSTRY"
          },
          "BriefTitle":"Study to Assess the Safety, Pharmacokinetics and Efficacy of KRN23 in Adult Chinese Patients With XLH",
          "OfficialTitle":"An Open-label, Multi-center, Single-cohort, Post-marketing Phase 4 Study to Evaluate the Efficacy, Pharmacodynamics, and Safety of the Anti-FGF23 Antibody, KRN23, in Adult Chinese Patients With X-linked Hypophosphatemic Rickets/Osteomalacia"
        },
        "StatusModule":{
          "StatusVerifiedDate":"April 2021",
          "OverallStatus":"Not yet recruiting",
          "ExpandedAccessInfo":{
            "HasExpandedAccess":"No"
          },
          "StartDateStruct":{
            "StartDate":"May 2021",
            "StartDateType":"Anticipated"
          },
          "PrimaryCompletionDateStruct":{
            "PrimaryCompletionDate":"August 2023",
            "PrimaryCompletionDateType":"Anticipated"
          },
          "CompletionDateStruct":{
            "CompletionDate":"August 2023",
            "CompletionDateType":"Anticipated"
          },
          "StudyFirstSubmitDate":"March 30, 2021",
          "StudyFirstSubmitQCDate":"April 9, 2021",
          "StudyFirstPostDateStruct":{
            "StudyFirstPostDate":"April 12, 2021",
            "StudyFirstPostDateType":"Actual"
          },
          "LastUpdateSubmitDate":"April 9, 2021",
          "LastUpdatePostDateStruct":{
            "LastUpdatePostDate":"April 12, 2021",
            "LastUpdatePostDateType":"Actual"
          }
        },
        "SponsorCollaboratorsModule":{
          "ResponsibleParty":{
            "ResponsiblePartyType":"Sponsor"
          },
          "LeadSponsor":{
            "LeadSponsorName":"Kyowa Kirin Co., Ltd.",
            "LeadSponsorClass":"INDUSTRY"
          }
        },
        "OversightModule":{
          "OversightHasDMC":"No",
          "IsFDARegulatedDrug":"No",
          "IsFDARegulatedDevice":"No"
        },
        "DescriptionModule":{
          "BriefSummary":"The purpose of this study is to assess the safety, pharmacokinetics and efficacy of KRN23 in adult Chinese patients with XLH"
        },
        "ConditionsModule":{
          "ConditionList":{
            "Condition":[
              "X-linked Hypophosphatemia (XLH)"
            ]
          }
        },
        "DesignModule":{
          "StudyType":"Interventional",
          "PhaseList":{
            "Phase":[
              "Phase 4"
            ]
          },
          "DesignInfo":{
            "DesignAllocation":"N/A",
            "DesignInterventionModel":"Single Group Assignment",
            "DesignPrimaryPurpose":"Treatment",
            "DesignMaskingInfo":{
              "DesignMasking":"None (Open Label)"
            }
          },
          "EnrollmentInfo":{
            "EnrollmentCount":"18",
            "EnrollmentType":"Anticipated"
          }
        },
        "ArmsInterventionsModule":{
          "ArmGroupList":{
            "ArmGroup":[
              {
                "ArmGroupLabel":"KRN23",
                "ArmGroupType":"Experimental",
                "ArmGroupDescription":"KRN23 1 mg/kg administered subcutaneously (SC) every 4 weeks for 48 weeks. Before KRN23 treatment, all patients will receive oral phosphate and vitamin D analogs for 12 weeks of Run-in period.",
                "ArmGroupInterventionList":{
                  "ArmGroupInterventionName":[
                    "Drug: KRN23"
                  ]
                }
              }
            ]
          },
          "InterventionList":{
            "Intervention":[
              {
                "InterventionType":"Drug",
                "InterventionName":"KRN23",
                "InterventionDescription":"KRN23 is a sterile clear colourless and preservative free solution supplied in single use 5 mL vials containing 1 mL of KRN23 at a concentration of 30mg/mL",
                "InterventionArmGroupLabelList":{
                  "InterventionArmGroupLabel":[
                    "KRN23"
                  ]
                },
                "InterventionOtherNameList":{
                  "InterventionOtherName":[
                    "Burosumab",
                    "Crysvita"
                  ]
                }
              }
            ]
          }
        },
        "OutcomesModule":{
          "PrimaryOutcomeList":{
            "PrimaryOutcome":[
              {
                "PrimaryOutcomeMeasure":"Change from Baseline (CFB) in mean serum phosphorus level at the end of the dose cycle",
                "PrimaryOutcomeTimeFrame":"Weeks 4, 8, 12, 16, 20, 24, 36, and 48"
              }
            ]
          },
          "SecondaryOutcomeList":{
            "SecondaryOutcome":[
              {
                "SecondaryOutcomeMeasure":"Change in Brief Pain Inventory (BPI) Worst Pain score over time",
                "SecondaryOutcomeDescription":"Change from baseline to post-baseline visits in BPI-Q3 (Worst Pain) score as averaged from daily diary scores recorded over 1 week and the study visit score. The BPI evaluates the condition of all pain over the previous 24 hours. Two dimensions are measured: pain severity (worst, least, average, and now) and the impact of pain on functioning (pain interference with general activity, walking, work, mood, enjoyment of life, relations with others, and sleep). Question 3 of the short-form BPI (BPI-Q3) asks subjects to rate their pain at its worst in the last 24 hours on a scale of 0 (no pain) to 10 (pain as bad as you can imagine).",
                "SecondaryOutcomeTimeFrame":"Weeks 0, 12, 24, 36, and 48"
              },{
                "SecondaryOutcomeMeasure":"Change in BPI Pain Severity score and Pain Interference score over time",
                "SecondaryOutcomeDescription":"Change from baseline to post-baseline visits in BPI pain severity score as averaged from daily diary scores recorded over 1 week and the study visit score. The BPI evaluates the condition of all pain over the previous 24 hours. Two dimensions are measured: pain severity (worst, least, average, and now) and the impact of pain on functioning (pain interference with general activity, walking, work, mood, enjoyment of life, relations with others, and sleep). The severity of pain in the last 24 hours is rated on a scale of 0 (no pain) to 10 (pain as bad as you can imagine).",
                "SecondaryOutcomeTimeFrame":"Weeks 0, 12, 24, 36, and 48"
              },{
                "SecondaryOutcomeMeasure":"Change in BPI Pain Interference score over time",
                "SecondaryOutcomeDescription":"Change from baseline to post-baseline visits in BPI pain interference score as recorded on the day of the study visit. The BPI evaluates the condition of all pain over the previous 24 hours. Two dimensions are measured: pain severity (worst, least, average, and now) and the impact of pain on functioning (pain interference with general activity, walking, work, mood, enjoyment of life, relations with others, and sleep). Pain interference in the last 24 hours is rated on a scale of 0 (does not interfere) to 10 (completely interferes).",
                "SecondaryOutcomeTimeFrame":"Weeks 0, 12, 24, 36, and 48"
              },{
                "SecondaryOutcomeMeasure":"Change in the Stiffness and Physical Function domains of the Western Ontario and McMaster Universities Osteoarthritis Index (WOMAC) over time",
                "SecondaryOutcomeDescription":"The WOMAC is a 24-item participant-reported questionnaire with two domains, Stiffness (2 questions) and Physical Function (17 questions) over the previous 48 hours. The WOMAC is administered in a 5-point Likert-scale format using descriptors of none, mild, moderate, severe, and extreme corresponding to an ordinal scale of 0-4. Higher scores on the WOMAC indicate worse stiffness and functional limitations. Scores are normalized to a 0-100 metric where 0 was the best health state and 100 the worst.",
                "SecondaryOutcomeTimeFrame":"Weeks 0, 12, 24, 36, and 48"
              },{
                "SecondaryOutcomeMeasure":"Change in the health related QOL assessment by Patient-Reported Outcomes Measurement Information System (PROMIS) Physical Function over time",
                "SecondaryOutcomeDescription":"The PROMIS was developed by the National Institutes of Health and uses domain-specific measures to assess patient well-being (Broderick et al. 2013), (NIH 2015). It uses a T-score metric in which 50 is the mean of a relevant reference population and 10 is the standard deviation (SD) of that population. For the Physical Function Domain, increases indicate greater mobility.",
                "SecondaryOutcomeTimeFrame":"Weeks 0, 12, 24, 36, and 48"
              },{
                "SecondaryOutcomeMeasure":"The proportion of subjects achieving mean serum phosphorus levels above the lower limit of normal (LLN; 2.5 mg/dL [0.81 mmol/L]) at the end of the dosing cycle",
                "SecondaryOutcomeTimeFrame":"Weeks 4, 8, 12, 16, 20, 24, 36, and 48"
              },{
                "SecondaryOutcomeMeasure":"The proportion of subjects achieving mean serum phosphorus levels above the LLN (2.5 mg/dL [0.81 mmol/L]) at the mid-point of dosing cycle",
                "SecondaryOutcomeTimeFrame":"Weeks 2, 6, 10, 14, 18 and 22"
              },{
                "SecondaryOutcomeMeasure":"CFB in mean serum phosphorus level at the mid-time point of dosing cycle",
                "SecondaryOutcomeTimeFrame":"Weeks 2, 6, 10, 14, 18 and 22"
              },{
                "SecondaryOutcomeMeasure":"Mean percent CFB in serum phosphorus levels averaged at the end of dose cycles",
                "SecondaryOutcomeTimeFrame":"Baseline to Week 48"
              },{
                "SecondaryOutcomeMeasure":"Cumulative exposure: area under curve (AUC) of serum phosphorus",
                "SecondaryOutcomeTimeFrame":"Baseline to Week 48"
              },{
                "SecondaryOutcomeMeasure":"Change in serum 1,25(OH)2D over time",
                "SecondaryOutcomeTimeFrame":"Baseline to Week 48"
              },{
                "SecondaryOutcomeMeasure":"Change in serum calcium over time",
                "SecondaryOutcomeTimeFrame":"Baseline to Week 48"
              },{
                "SecondaryOutcomeMeasure":"Change in urinary phosphorus over time",
                "SecondaryOutcomeTimeFrame":"Baseline to Week 48"
              },{
                "SecondaryOutcomeMeasure":"Change in ratio of renal tubular maximum reabsorption rate of phosphate to glomerular filtration rate (TmP/GFR; algorithm method) over time",
                "SecondaryOutcomeTimeFrame":"Baseline to Week 48"
              }
            ]
          },
          "OtherOutcomeList":{
            "OtherOutcome":[
              {
                "OtherOutcomeMeasure":"Radiologic healing or resolution of pre-existing fractures and/or pseudofractures, as defined by skeletal survey at Baseline and subsequent targeted radiography",
                "OtherOutcomeTimeFrame":"Weeks 0, 12, 24, 36, and 48"
              },{
                "OtherOutcomeMeasure":"Change in enthesopathy spur at the calcaneus measured by lateral foot X-rays",
                "OtherOutcomeTimeFrame":"Weeks 0, 24 and 48"
              },{
                "OtherOutcomeMeasure":"Change in 6-minute walking test (6MWT) over time",
                "OtherOutcomeTimeFrame":"Weeks 0, 12, 24, 36, and 48"
              },{
                "OtherOutcomeMeasure":"Safety of KRN23 by studying the number, severity and relatedness of Adverse Events (including laboratory and imaging assessments)",
                "OtherOutcomeDescription":"Incidence, frequency, and severity of AEs and SAEs, including clinically significant changes in laboratory assessments as well as ECHO, ECG, ultrasound, vital sign, X-Ray images and Anti-KRN23 antibody.",
                "OtherOutcomeTimeFrame":"Week 0 to Week 56"
              },{
                "OtherOutcomeMeasure":"Pharmacokinetics: KRN23 concentrations",
                "OtherOutcomeDescription":"KRN23 concentration in the Mid and end of dose cycles.",
                "OtherOutcomeTimeFrame":"Week 0, 1, 2, 4, 21, 22, 24, 36, 48 and 56"
              },{
                "OtherOutcomeMeasure":"Change from Week -14 to Baseline in serum phosphorus over time during Run-in Period",
                "OtherOutcomeTimeFrame":"Week -14, -10 and -4"
              },{
                "OtherOutcomeMeasure":"Percent change from Week -14 to Baseline in serum phosphorus over time during Run-in Period",
                "OtherOutcomeTimeFrame":"Week -14, -10 and -4"
              },{
                "OtherOutcomeMeasure":"Safety of conventional therapy by studying the number, severity and relatedness of Adverse Events",
                "OtherOutcomeDescription":"Incidence, frequency, and severity of AEs and SAEs, including clinically significant changes in laboratory assessments during Run-in period",
                "OtherOutcomeTimeFrame":"Week -14 to Week 0"
              }
            ]
          }
        },
        "EligibilityModule":{
          "EligibilityCriteria":"Inclusion Criteria:\n\nMale or female Chinese patients, aged 18 to 65 years (inclusive) at the time of signing the ICF\n\nDiagnosis of XLH supported by classic clinical features of adult XLH (such as short stature or bowed legs) and at least either of the following at screening:\n\nConfirmed PHEX mutation (prior to the study with historic record) in the patient or a directly related family member with appropriate X linked inheritance\nSerum iFGF23 level ≥30 pg/mL by the Kainos assay at Screening\n\nBiochemical findings consistent with XLH following overnight fasting (≥8 hours) at Screening:\n\nSerum phosphorus <2.5 mg/dL (0.81 mmol/L). Serum phosphorus level may be re tested (once only) at least 7 days after discontinuation of therapy, if applicable.\nTmP/GFR of <2.5 mg/dL\nPresence of skeletal pain attributed to XLH/osteomalacia, as defined by a score of ≥4 on the BPI Worst Pain question at Screening (Skeletal pain that, in the opinion of the investigator or subinvestigator, is attributed solely to causes other than XLH/osteomalacia [e.g., back pain or joint pain in the presence of severe osteoarthritis by radiograph in that anatomical location] in the absence of any skeletal pain likely attributed to XLH/osteomalacia should not be considered for eligibility)\nPatients who are taking chronic pain medications (including narcotic pain medications/opioids) must be on a stable regimen for at least 21 days before signing the ICF and be willing to maintain the medications at the same stable dose(s) and schedule throughout the study. The dose must not exceed 60 mg oral morphine equivalents/day\nAble to receive conventional therapy (oral phosphate and pharmacologic vitamin D [or metabolites/analogs])\nWritten informed consent provided after the nature of the study has been explained and prior to any research related procedures\nWilling to provide access to prior medical records for the collection of biochemical and radiographic data and disease history\nHave a negative pregnancy test at Screening and be willing to have additional pregnancy tests during the study (female patients of child-bearing potential only)\nBe willing to use an effective method of contraception while participating in the study (sexually active patients of child bearing potential) and for 12 weeks after last dose of study drug. Women of non child bearing potential are defined as permanently sterile (i.e. due to hysterectomy or bilateral oophorectomy) or postmenopausal (defined as at least 12 months postcessation of menses without an alternative medical cause). Postmenopausal status of female patients will be confirmed with a Screening serum follicle stimulating hormone (FSH) level >40 mIU/mL\nBe willing and able to complete all aspects of the study, adhere to the study visit schedule, and comply with the assessments, as judged by the investigator or subinvestigator\nHave completed entries for ≥4 of 7 consecutive days of the patient diaries before Week -14\n\nExclusion Criteria:\n\nUse of a pharmacologic vitamin D, its metabolites, or analogs, and oral phosphate for treatment of XLH within 14 days prior to Screening.\nUse of aluminum hydroxide antacids, acetazolamide, thiazide diuretics and/or systemic corticosteroids within 14 days prior to Week -14\nCorrected serum calcium level ≥10.8 mg/dL (2.69 mmol/L) at Screening\nPlasma iPTH ≥2.5 times the upper limit of normal at Screening\nUncontrolled diabetes mellitus, defined as HbA1c >7.5% at Screening\nUse of medication to suppress PTH (e.g., Sensipar®, cinacalcet, calcimimetics) within 60 days before signing the ICF\nUse of oral bisphosphonates in the 2 years before signing the ICF\nPlanned or recommended orthopedic surgery within the clinical trial period\nHistory of traumatic fracture or orthopedic surgery within 6 months before signing the ICF\nUse of KRN23, or any other therapeutic mAb within 90 days before signing the ICF\nUse of any investigational product or investigational medical device within 30 days before signing the ICF, or requirement for any investigational agent prior to completion of all scheduled study assessments\nPregnant or breastfeeding at Screening or Week -14, or intention to become pregnant (the patient or partner) at any time during the study\nUnable or unwilling to withhold prohibited medications throughout the study\nPresence or history of any hypersensitivity, or allergic or anaphylactic reactions to any mAb or KRN23 excipients that, in the judgment of the investigator or subinvestigator, places the patient at increased risk for adverse effects\nPositive for human immunodeficiency virus (HIV) antibody, hepatitis B surface antigen (HBsAg), and/or hepatitis C virus (HCV) antibody at Screening, or prior history of positive test\nHistory of recurrent infection or predisposition to infection, or of known immunodeficiency\nPresence of malignant neoplasm (except basal cell carcinoma)\nPresence of a concurrent disease or condition that would interfere with study participation or affect safety\nPresence or history of any condition that, in the view of the investigator or subinvestigator, places the patient at high risk of poor treatment compliance or of not completing the study",
          "HealthyVolunteers":"No",
          "Gender":"All",
          "MinimumAge":"18 Years",
          "MaximumAge":"65 Years",
          "StdAgeList":{
            "StdAge":[
              "Adult",
              "Older Adult"
            ]
          }
        },
        "ContactsLocationsModule":{
          "CentralContactList":{
            "CentralContact":[
              {
                "CentralContactName":"Kyowa Kirin Co., Ltd.",
                "CentralContactRole":"Contact",
                "CentralContactPhone":"+81-3-5205-7200",
                "CentralContactEMail":"clinical.info.jp@kyowakirin.com"
              }
            ]
          },
          "LocationList":{
            "Location":[
              {
                "LocationFacility":"Peking Union Medical College Hospital",
                "LocationCity":"Beijing",
                "LocationCountry":"China"
              },{
                "LocationFacility":"The First Medical Center of Chinese People's Liberation Army General Hospital",
                "LocationCity":"Beijing",
                "LocationCountry":"China"
              },{
                "LocationFacility":"Nanfang Hospital",
                "LocationCity":"Guangzhou",
                "LocationCountry":"China"
              },{
                "LocationFacility":"The Second Affiliated Hospital of Zhejiang University",
                "LocationCity":"Hangzhou",
                "LocationCountry":"China"
              },{
                "LocationFacility":"Shanghai 6th Hospital",
                "LocationCity":"Shanghai",
                "LocationCountry":"China"
              }
            ]
          }
        },
        "IPDSharingStatementModule":{
          "IPDSharing":"No"
        }
      },
      "DerivedSection":{
        "MiscInfoModule":{
          "VersionHolder":"April 19, 2021"
        },
        "ConditionBrowseModule":{
          "ConditionMeshList":{
            "ConditionMesh":[
              {
                "ConditionMeshId":"D000053098",
                "ConditionMeshTerm":"Familial Hypophosphatemic Rickets"
              },{
                "ConditionMeshId":"D000017674",
                "ConditionMeshTerm":"Hypophosphatemia"
              }
            ]
          },
          "ConditionAncestorList":{
            "ConditionAncestor":[
              {
                "ConditionAncestorId":"D000010760",
                "ConditionAncestorTerm":"Phosphorus Metabolism Disorders"
              },{
                "ConditionAncestorId":"D000008659",
                "ConditionAncestorTerm":"Metabolic Diseases"
              },{
                "ConditionAncestorId":"D000063730",
                "ConditionAncestorTerm":"Rickets, Hypophosphatemic"
              },{
                "ConditionAncestorId":"D000012279",
                "ConditionAncestorTerm":"Rickets"
              },{
                "ConditionAncestorId":"D000001851",
                "ConditionAncestorTerm":"Bone Diseases, Metabolic"
              },{
                "ConditionAncestorId":"D000001847",
                "ConditionAncestorTerm":"Bone Diseases"
              },{
                "ConditionAncestorId":"D000009140",
                "ConditionAncestorTerm":"Musculoskeletal Diseases"
              },{
                "ConditionAncestorId":"D000007015",
                "ConditionAncestorTerm":"Hypophosphatemia, Familial"
              },{
                "ConditionAncestorId":"D000015499",
                "ConditionAncestorTerm":"Renal Tubular Transport, Inborn Errors"
              },{
                "ConditionAncestorId":"D000007674",
                "ConditionAncestorTerm":"Kidney Diseases"
              },{
                "ConditionAncestorId":"D000014570",
                "ConditionAncestorTerm":"Urologic Diseases"
              },{
                "ConditionAncestorId":"D000008664",
                "ConditionAncestorTerm":"Metal Metabolism, Inborn Errors"
              },{
                "ConditionAncestorId":"D000008661",
                "ConditionAncestorTerm":"Metabolism, Inborn Errors"
              },{
                "ConditionAncestorId":"D000030342",
                "ConditionAncestorTerm":"Genetic Diseases, Inborn"
              },{
                "ConditionAncestorId":"D000002128",
                "ConditionAncestorTerm":"Calcium Metabolism Disorders"
              },{
                "ConditionAncestorId":"D000014808",
                "ConditionAncestorTerm":"Vitamin D Deficiency"
              },{
                "ConditionAncestorId":"D000001361",
                "ConditionAncestorTerm":"Avitaminosis"
              },{
                "ConditionAncestorId":"D000003677",
                "ConditionAncestorTerm":"Deficiency Diseases"
              },{
                "ConditionAncestorId":"D000044342",
                "ConditionAncestorTerm":"Malnutrition"
              },{
                "ConditionAncestorId":"D000009748",
                "ConditionAncestorTerm":"Nutrition Disorders"
              }
            ]
          },
          "ConditionBrowseLeafList":{
            "ConditionBrowseLeaf":[
              {
                "ConditionBrowseLeafId":"M18477",
                "ConditionBrowseLeafName":"Hypophosphatemia",
                "ConditionBrowseLeafAsFound":"Hypophosphatemia",
                "ConditionBrowseLeafRelevance":"high"
              },{
                "ConditionBrowseLeafId":"M25720",
                "ConditionBrowseLeafName":"Familial Hypophosphatemic Rickets",
                "ConditionBrowseLeafAsFound":"X-linked Hypophosphatemia",
                "ConditionBrowseLeafRelevance":"high"
              },{
                "ConditionBrowseLeafId":"M11524",
                "ConditionBrowseLeafName":"Osteomalacia",
                "ConditionBrowseLeafRelevance":"low"
              },{
                "ConditionBrowseLeafId":"M13691",
                "ConditionBrowseLeafName":"Rickets",
                "ConditionBrowseLeafRelevance":"low"
              },{
                "ConditionBrowseLeafId":"M28737",
                "ConditionBrowseLeafName":"Rickets, Hypophosphatemic",
                "ConditionBrowseLeafRelevance":"low"
              },{
                "ConditionBrowseLeafId":"M10222",
                "ConditionBrowseLeafName":"Metabolic Diseases",
                "ConditionBrowseLeafRelevance":"low"
              },{
                "ConditionBrowseLeafId":"M12243",
                "ConditionBrowseLeafName":"Phosphorus Metabolism Disorders",
                "ConditionBrowseLeafRelevance":"low"
              },{
                "ConditionBrowseLeafId":"M3708",
                "ConditionBrowseLeafName":"Bone Diseases",
                "ConditionBrowseLeafRelevance":"low"
              },{
                "ConditionBrowseLeafId":"M3712",
                "ConditionBrowseLeafName":"Bone Diseases, Metabolic",
                "ConditionBrowseLeafRelevance":"low"
              },{
                "ConditionBrowseLeafId":"M10680",
                "ConditionBrowseLeafName":"Musculoskeletal Diseases",
                "ConditionBrowseLeafRelevance":"low"
              },{
                "ConditionBrowseLeafId":"M8648",
                "ConditionBrowseLeafName":"Hypophosphatemia, Familial",
                "ConditionBrowseLeafRelevance":"low"
              },{
                "ConditionBrowseLeafId":"M16734",
                "ConditionBrowseLeafName":"Renal Tubular Transport, Inborn Errors",
                "ConditionBrowseLeafRelevance":"low"
              },{
                "ConditionBrowseLeafId":"M9281",
                "ConditionBrowseLeafName":"Kidney Diseases",
                "ConditionBrowseLeafRelevance":"low"
              },{
                "ConditionBrowseLeafId":"M15902",
                "ConditionBrowseLeafName":"Urologic Diseases",
                "ConditionBrowseLeafRelevance":"low"
              },{
                "ConditionBrowseLeafId":"M10224",
                "ConditionBrowseLeafName":"Metabolism, Inborn Errors",
                "ConditionBrowseLeafRelevance":"low"
              },{
                "ConditionBrowseLeafId":"M10227",
                "ConditionBrowseLeafName":"Metal Metabolism, Inborn Errors",
                "ConditionBrowseLeafRelevance":"low"
              },{
                "ConditionBrowseLeafId":"M22270",
                "ConditionBrowseLeafName":"Genetic Diseases, Inborn",
                "ConditionBrowseLeafRelevance":"low"
              },{
                "ConditionBrowseLeafId":"M3973",
                "ConditionBrowseLeafName":"Calcium Metabolism Disorders",
                "ConditionBrowseLeafRelevance":"low"
              },{
                "ConditionBrowseLeafId":"M16134",
                "ConditionBrowseLeafName":"Vitamin D Deficiency",
                "ConditionBrowseLeafRelevance":"low"
              },{
                "ConditionBrowseLeafId":"M3241",
                "ConditionBrowseLeafName":"Avitaminosis",
                "ConditionBrowseLeafRelevance":"low"
              },{
                "ConditionBrowseLeafId":"M5462",
                "ConditionBrowseLeafName":"Deficiency Diseases",
                "ConditionBrowseLeafRelevance":"low"
              },{
                "ConditionBrowseLeafId":"M23893",
                "ConditionBrowseLeafName":"Malnutrition",
                "ConditionBrowseLeafRelevance":"low"
              },{
                "ConditionBrowseLeafId":"M11267",
                "ConditionBrowseLeafName":"Nutrition Disorders",
                "ConditionBrowseLeafRelevance":"low"
              },{
                "ConditionBrowseLeafId":"T5976",
                "ConditionBrowseLeafName":"X-linked Hypophosphatemia",
                "ConditionBrowseLeafAsFound":"X-linked Hypophosphatemia",
                "ConditionBrowseLeafRelevance":"high"
              },{
                "ConditionBrowseLeafId":"T4319",
                "ConditionBrowseLeafName":"Osteomalacia",
                "ConditionBrowseLeafRelevance":"low"
              },{
                "ConditionBrowseLeafId":"T5019",
                "ConditionBrowseLeafName":"Rickets",
                "ConditionBrowseLeafRelevance":"low"
              },{
                "ConditionBrowseLeafId":"T2954",
                "ConditionBrowseLeafName":"Hypophosphatemic Rickets",
                "ConditionBrowseLeafRelevance":"low"
              }
            ]
          },
          "ConditionBrowseBranchList":{
            "ConditionBrowseBranch":[
              {
                "ConditionBrowseBranchAbbrev":"BC18",
                "ConditionBrowseBranchName":"Nutritional and Metabolic Diseases"
              },{
                "ConditionBrowseBranchAbbrev":"All",
                "ConditionBrowseBranchName":"All Conditions"
              },{
                "ConditionBrowseBranchAbbrev":"BC05",
                "ConditionBrowseBranchName":"Muscle, Bone, and Cartilage Diseases"
              },{
                "ConditionBrowseBranchAbbrev":"BXS",
                "ConditionBrowseBranchName":"Urinary Tract, Sexual Organs, and Pregnancy Conditions"
              },{
                "ConditionBrowseBranchAbbrev":"BC16",
                "ConditionBrowseBranchName":"Diseases and Abnormalities at or Before Birth"
              },{
                "ConditionBrowseBranchAbbrev":"Rare",
                "ConditionBrowseBranchName":"Rare Diseases"
              }
            ]
          }
        },
        "InterventionBrowseModule":{
          "InterventionBrowseLeafList":{
            "InterventionBrowseLeaf":[
              {
                "InterventionBrowseLeafId":"M2806",
                "InterventionBrowseLeafName":"Antibodies",
                "InterventionBrowseLeafRelevance":"low"
              },{
                "InterventionBrowseLeafId":"M8767",
                "InterventionBrowseLeafName":"Immunoglobulins",
                "InterventionBrowseLeafRelevance":"low"
              },{
                "InterventionBrowseLeafId":"M16133",
                "InterventionBrowseLeafName":"Vitamin D",
                "InterventionBrowseLeafRelevance":"low"
              },{
                "InterventionBrowseLeafId":"M16141",
                "InterventionBrowseLeafName":"Vitamins",
                "InterventionBrowseLeafRelevance":"low"
              },{
                "InterventionBrowseLeafId":"M20444",
                "InterventionBrowseLeafName":"Pharmaceutical Solutions",
                "InterventionBrowseLeafRelevance":"low"
              },{
                "InterventionBrowseLeafId":"T440",
                "InterventionBrowseLeafName":"Calciferol",
                "InterventionBrowseLeafRelevance":"low"
              }
            ]
          },
          "InterventionBrowseBranchList":{
            "InterventionBrowseBranch":[
              {
                "InterventionBrowseBranchAbbrev":"All",
                "InterventionBrowseBranchName":"All Drugs and Chemicals"
              },{
                "InterventionBrowseBranchAbbrev":"BDCA",
                "InterventionBrowseBranchName":"Bone Density Conservation Agents"
              },{
                "InterventionBrowseBranchAbbrev":"Micro",
                "InterventionBrowseBranchName":"Micronutrients"
              },{
                "InterventionBrowseBranchAbbrev":"PhSol",
                "InterventionBrowseBranchName":"Pharmaceutical Solutions"
              },{
                "InterventionBrowseBranchAbbrev":"Vi",
                "InterventionBrowseBranchName":"Vitamins"
              }
            ]
          }
        }
      }
    }
  }
}

