{
  "FullStudy":{
    "Rank":672,
    "Study":{
      "ProtocolSection":{
        "IdentificationModule":{
          "NCTId":"NCT04841213",
          "OrgStudyIdInfo":{
            "OrgStudyId":"13081986"
          },
          "Organization":{
            "OrgFullName":"I.M. Sechenov First Moscow State Medical University",
            "OrgClass":"OTHER"
          },
          "BriefTitle":"Dental Implants Rehabilitation in Patients With Vitamin D3 Imbalance",
          "OfficialTitle":"Prosthetics Dental Implant-based Rehabilitation in Patients With Loss of Teeth and Mineral Metabolism Disorders Due to Vitamin D3 Imbalance"
        },
        "StatusModule":{
          "StatusVerifiedDate":"April 2021",
          "OverallStatus":"Recruiting",
          "ExpandedAccessInfo":{
            "HasExpandedAccess":"No"
          },
          "StartDateStruct":{
            "StartDate":"April 10, 2021",
            "StartDateType":"Anticipated"
          },
          "PrimaryCompletionDateStruct":{
            "PrimaryCompletionDate":"April 10, 2021",
            "PrimaryCompletionDateType":"Anticipated"
          },
          "CompletionDateStruct":{
            "CompletionDate":"April 10, 2021",
            "CompletionDateType":"Anticipated"
          },
          "StudyFirstSubmitDate":"April 6, 2021",
          "StudyFirstSubmitQCDate":"April 8, 2021",
          "StudyFirstPostDateStruct":{
            "StudyFirstPostDate":"April 12, 2021",
            "StudyFirstPostDateType":"Actual"
          },
          "LastUpdateSubmitDate":"April 8, 2021",
          "LastUpdatePostDateStruct":{
            "LastUpdatePostDate":"April 12, 2021",
            "LastUpdatePostDateType":"Actual"
          }
        },
        "SponsorCollaboratorsModule":{
          "ResponsibleParty":{
            "ResponsiblePartyType":"Sponsor"
          },
          "LeadSponsor":{
            "LeadSponsorName":"I.M. Sechenov First Moscow State Medical University",
            "LeadSponsorClass":"OTHER"
          }
        },
        "OversightModule":{
          "OversightHasDMC":"Yes",
          "IsFDARegulatedDrug":"No",
          "IsFDARegulatedDevice":"No"
        },
        "DescriptionModule":{
          "BriefSummary":"Interventional retrospective prospective randomized clinical trial (RCT) in parallel groups.\n\nThe sample size is 384 patients with loss of teeth and vitamin D imbalance. All patients will undergo or underwent dental implantation after additional investigations which reveal vitamin D imbalance (<30 ng/ml or <75 nmol/l).\n\nThe 1 group will include 192 patients who will be or were operated on with dental implants after stabilization of vitamin D level with a help of an endocrinologist.\n\nThe 2 group will include 192 patients who will be or were operated on during the treatment of vitamin D imbalance prescribed by the endocrinologist.\n\nThe possible difference between groups can be considered the change of dental implants survival time and bone resorption level depending on the level of vitamin D and treatment time by the endocrinologist.",
          "DetailedDescription":"A purpose is to increase the efficiency of rehabilitation of patients with loss of teeth and mineral metabolism disorders due to vitamin D3 imbalance using an interdisciplinary approach to dental implantation.\n\nRetrospective prospective RCT in parallel groups includes 384 patients with loss of teeth and vitamin D3 imbalance who will undergo or underwent the dental implantation on the base of Oral Surgery Department of Borovskiy Institute of Dentistry of I.M.Sechenov First Moscow State Medical University (Sechenov University) and private dental clinic 'Society with limited responsibility (SLR) Topaz 2000' from 2010 till the 2021 year: prospective part will include 100 patients, the retrospective part will include 284 patients.\n\nThe counted sample size according to loss of teeth prevalence in Russia on the base of Sechenov University and private dental clinic Topaz 2000 is equal to 384 patients.\n\nRandomization will be assured by surgeons blinded to endocrinologic status of patients who underwent or will undergo the dental implantation.\n\nAll patients will be included in 2 groups: 1 group will include patients (n=192), 25-50-years-old, with loss of teeth and mineral metabolism disorders due to vitamin D3 imbalance (<30 ng/ml, or <75 nmol/l) who will undergo dental implant placement after stabilization of vitamin D3 levels (>30-60 ng/ml, or 75-150 nmol/l for the process of treatment and monitoring); 2 group will include patients, 25-50-years-old, with the loss of teeth and mineral metabolism disorders due to vitamin D3 imbalance (n=192) who will undergo the dental implantation during treatment by an endocrinologist before the stabilization of vitamin D3 level in the blood.\n\nGroup 1\n\nPatients will be directed for lab tests to detect mineral imbalance (vitamin D, ng/ml; parathyroid hormone (PH), thyroperoxidase antibodies (anti-TPO), Thyrotoxin 3 free (TT), Thyrotropic hormone (TH) pg/l) before dental implantation, and according to results, we will discuss further plan treatment with the endocrinologist. If it is needed due to the indications (adults with osteoporotic fractures; adults with a disease or condition accompanied by reduced bone mass or bone loss; all persons in the appointment of drug therapy, iatrogenic in relation to loss of bone mass; all patients receiving anti-osteopathic treatment to monitor its effectiveness; all persons who are not yet receiving treatment, but who may need it in case of bone loss.), Dual-Energy X-Ray Absorptiometry (DEXA) of skeleton mineral bone density will be done. After appropriate systemic treatment with vitamin D3 in 2 months after stabilization (>30 ng/ml, or >75 nmol/l) ) of vitamin D3 level (Aquadetrim (cholecalciferol) 15000 International Units (IU), Medana Pharma S.A., Poland, Registration number P N014088/01 from 21st June 2017; first 2 months taking orally 2-5 drops with a spoon of water depending on the severity of diseases, after 2 months and reaching the reference level of vitamin D its dose will be 1 drop per a day whole period of monitoring) the dental implantation was and will be performed with the further control of bone density and peri-implant tissues in 3 months after the operation. In the case of low bone density (type 3 or 4) the additional bone plasty was and will be performed. we assess the stability of dental implant on the stages of prosthetic rehabilitation according to the force of osteointegration during the inserting of the healing abutment (in Newtons on square centimeter), and each 1 year after treatment in the condition of periodical monitoring of patients with the endocrinologist (after the beginning of treatment after 2 months, then 1 time per 6 months).\n\nTraditional 2-stage dental implantation will be performed according to surgical protocols of dental implant systems (Straumann (Institut Straumann AG, Switzerland, registration in Russia 03/10/2017 No FSZ 2010/06855), Astra Tech (Dentsply Implant Manufacturing GmbH, Germany, registration in Russia 27/09/2018 No FSZ 2008/02570), Xive (FRIADENT GmbH, Germany, registration in Russia 09/09/2008 No FSZ 2008/02568), Alpha Bio (Alpha Bio Tec Ltd., Israel, registration in Russia 26/04/2017 No FSZ 2009/05582), for different types of bone tissue\n\nGroup 2\n\nPatients will be directed for lab tests to detect mineral imbalance (vitamin D, ng/ml; PH, anti-TPO, TT, TH, pg / l) before dental implantation, and according to results, we will discuss further plan treatment with the endocrinologist. If it is needed due to the indications (adults with osteoporotic fractures; adults with a disease or condition accompanied by reduced bone mass or bone loss; all persons in the appointment of drug therapy, iatrogenic in relation to loss of bone mass; all patients receiving anti-osteopathic treatment to monitor its effectiveness; all persons who are not yet receiving treatment, but who may need it in case of bone loss.), Dual-Energy X-Ray Absorptiometry (DEXA) of skeleton mineral bone density will be done. Treatment with vitamin D3 for stabilization of its level (>30 ng/ml, or >75 nmol/l) will be provided with Aquadetrim (cholecalciferol) 15000 International Units (IU), Medana Pharma S.A., Poland, Registration number P N014088/01 from 21st June 2017; first 2 months taking orally 2-5 drops with a spoon of water depending on the severity of diseases, after 2 months and reaching the reference level of vitamin D its dose will be 1 drop per a day whole period of monitoring). The dental implantation was and will be performed with the further control of bone density and peri-implant tissues in 3 months after operation at the beginning of treatment by endocrinologist without waiting of reference level of vitamin D. In case of low bone density of jaws (type 3 or 4) the additional bone plasty was or will be performed. We will assess the stability of dental implant on the stages of prosthetic rehabilitation according to the force of osteointegration during the inserting of the healing abutment (in Newtons on square centimeter), and each 1 year after treatment in the condition of periodical monitoring of patients with the endocrinologist (after the beginning of treatment after 2 months, then 1 time per 6 months)\n\nTraditional 2-stage dental implantation according to surgical protocols of dental implant systems (Straumann (Institut Straumann AG, Switzerland, registration in Russia 03/10/2017 No FSZ 2010/06855), Astra Tech (Dentsply Implant Manufacturing GmbH, Germany, registration in Russia 27/09/2018 No FSZ 2008/02570), Xive (FRIADENT GmbH, Germany, registration in Russia 09/09/2008 No FSZ 2008/02568), Alpha Bio (Alpha Bio Tec Ltd., Israel, registration in Russia 26/04/2017 No FSZ 2009/05582), will be performed for different types of bone tissue"
        },
        "ConditionsModule":{
          "ConditionList":{
            "Condition":[
              "Tooth Loss",
              "Vitamin D3 Deficiency",
              "Osteomalacia"
            ]
          },
          "KeywordList":{
            "Keyword":[
              "tooth loss",
              "vitamin D3 deficiency",
              "dental implantation"
            ]
          }
        },
        "DesignModule":{
          "StudyType":"Interventional",
          "PhaseList":{
            "Phase":[
              "Not Applicable"
            ]
          },
          "DesignInfo":{
            "DesignAllocation":"Randomized",
            "DesignInterventionModel":"Parallel Assignment",
            "DesignInterventionModelDescription":"Interventional retrospective prospective randomized clinical trial (RCT) in parallel groups.",
            "DesignPrimaryPurpose":"Treatment",
            "DesignMaskingInfo":{
              "DesignMasking":"Single",
              "DesignMaskingDescription":"Surgeons will be blinded to the endocrinologic status of patients who underwent or will undergo the dental implantation",
              "DesignWhoMaskedList":{
                "DesignWhoMasked":[
                  "Care Provider"
                ]
              }
            }
          },
          "EnrollmentInfo":{
            "EnrollmentCount":"384",
            "EnrollmentType":"Anticipated"
          }
        },
        "ArmsInterventionsModule":{
          "ArmGroupList":{
            "ArmGroup":[
              {
                "ArmGroupLabel":"Group after vitamin D3 level stabilization",
                "ArmGroupType":"Active Comparator",
                "ArmGroupDescription":"Patients with loss of teeth and mineral metabolism disorders due to vitamin D3 imbalance (n=192) who will undergo dental implant placement after stabilization of vitamin D3 levels",
                "ArmGroupInterventionList":{
                  "ArmGroupInterventionName":[
                    "Procedure: Dental implantation"
                  ]
                }
              },{
                "ArmGroupLabel":"Group before vitamin D3 level stabilization",
                "ArmGroupType":"Active Comparator",
                "ArmGroupDescription":"Patients with the loss of teeth and mineral metabolism disorders due to vitamin D3 imbalance (n=192) who undergo the dental implantation during treatment by an endocrinologist",
                "ArmGroupInterventionList":{
                  "ArmGroupInterventionName":[
                    "Procedure: Dental implantation"
                  ]
                }
              }
            ]
          },
          "InterventionList":{
            "Intervention":[
              {
                "InterventionType":"Procedure",
                "InterventionName":"Dental implantation",
                "InterventionDescription":"Traditional 2-stage dental implantation according to surgical protocols of dental implant systems (Straumann (Institut Straumann AG, Switzerland), Astra Tech (Dentsply Implant Manufacturing GmbH, Germany), Xive (FRIADENT GmbH, Germany), Alpha Bio (Alpha Bio Tec Ltd., Israel) for different types of bone tissue",
                "InterventionArmGroupLabelList":{
                  "InterventionArmGroupLabel":[
                    "Group after vitamin D3 level stabilization",
                    "Group before vitamin D3 level stabilization"
                  ]
                },
                "InterventionOtherNameList":{
                  "InterventionOtherName":[
                    "Bone plasty"
                  ]
                }
              }
            ]
          }
        },
        "OutcomesModule":{
          "PrimaryOutcomeList":{
            "PrimaryOutcome":[
              {
                "PrimaryOutcomeMeasure":"Primary Stability of dental implant",
                "PrimaryOutcomeDescription":"It can be assessed with the volume of torque during dental implant insertion with the physio-dispenser according to its program",
                "PrimaryOutcomeTimeFrame":"Day 0"
              },{
                "PrimaryOutcomeMeasure":"Secondary Stability of dental implants after surgery",
                "PrimaryOutcomeDescription":"During the inserting of healing abutment the stability of dental implant will and was measured with the help of device Penguin RFA (Integration Diagnostics, Sweden, Registration 29th of December 2017 RZN No 2017/6664) (Quotient of stability depends on the scale from 1 to 99 ) based on resonance frequency analysis through the handpiece of device MulTipeg. The use of device will not and did not lead to the loss or mobility of dental implants.",
                "PrimaryOutcomeTimeFrame":"Days 60-90"
              }
            ]
          },
          "SecondaryOutcomeList":{
            "SecondaryOutcome":[
              {
                "SecondaryOutcomeMeasure":"Colour of peri-implant tissues according to clinical examination after surgery",
                "SecondaryOutcomeDescription":"The condition of peri-implant tissues will be assessed according to their colour (points 0-1, where 0 - normal colour, 1- redness).",
                "SecondaryOutcomeTimeFrame":"Days 3-7"
              },{
                "SecondaryOutcomeMeasure":"Oedema of peri-implant tissues according to clinical examination after surgery",
                "SecondaryOutcomeDescription":"The condition of peri-implant tissues will be assessed according to oedema volume (points 0-2, where 0- absence of oedema, 1- average oedema, 2 -intensive oedema in comparison to adjunct tissues condition)",
                "SecondaryOutcomeTimeFrame":"Days 3-7"
              },{
                "SecondaryOutcomeMeasure":"Colour of peri-implant tissues according to clinical examination after surgery (for additional operations such bone plasty)",
                "SecondaryOutcomeDescription":"The condition of peri-implant tissues will be assessed according to their colour (points 0-1, where 0 - normal colour, 1- redness).",
                "SecondaryOutcomeTimeFrame":"Days 10-14"
              },{
                "SecondaryOutcomeMeasure":"Oedema of peri-implant tissues according to clinical examination after surgery (for additional operations such bone plasty)",
                "SecondaryOutcomeDescription":"The condition of peri-implant tissues will be assessed according to oedema volume (points 0-2, where 0- absence of oedema, 1- average oedema, 2 -intensive oedema in comparison to adjunct tissues condition)",
                "SecondaryOutcomeTimeFrame":"Days 10-14"
              },{
                "SecondaryOutcomeMeasure":"Colour of peri-implant tissues",
                "SecondaryOutcomeDescription":"The condition of peri-implant tissues will be assessed according to their colour (points 0-1, where 0 - normal colour, 1- redness).",
                "SecondaryOutcomeTimeFrame":"Days 365-366"
              },{
                "SecondaryOutcomeMeasure":"Peri-implant pockets presence according to clinical examination",
                "SecondaryOutcomeDescription":"The condition of peri-implant tissues will be assessed according to presence of peri-implant pockets during probing (mm).",
                "SecondaryOutcomeTimeFrame":"Days 365-366"
              },{
                "SecondaryOutcomeMeasure":"Condition of peri-implant tissues according to X-ray or cone-bean computed tomography",
                "SecondaryOutcomeDescription":"The condition of peri-implant tissues will be assessed according to presence of peri-implant pockets during radiological investigation (mm).",
                "SecondaryOutcomeTimeFrame":"Days 365-366"
              }
            ]
          }
        },
        "EligibilityModule":{
          "EligibilityCriteria":"Inclusion Criteria:\n\nSigning of written informed consent of the patient to participate in a study\nAge from 25 to 50 years old\nEstablished diagnosis: tooth loss (K08.1- ICD 10), vitamin D3 imbalance.\nPatients who are medically stable\n\nExclusion Criteria:\n\nRefusal of the patient from further participation in the study\nPregnancy diagnosed after the inclusion into the trial\nNon-compliance by the patient with postoperative recommendations.\nResidence address change",
          "HealthyVolunteers":"No",
          "Gender":"All",
          "MinimumAge":"25 Years",
          "MaximumAge":"50 Years",
          "StdAgeList":{
            "StdAge":[
              "Adult"
            ]
          }
        },
        "ContactsLocationsModule":{
          "CentralContactList":{
            "CentralContact":[
              {
                "CentralContactName":"Ekaterina Diachkova, PhD",
                "CentralContactRole":"Contact",
                "CentralContactPhone":"+79265199342",
                "CentralContactEMail":"secu2003@mail.ru"
              },{
                "CentralContactName":"Svetlana Tarasenko, Professor",
                "CentralContactRole":"Contact",
                "CentralContactPhone":"+7-985-773-48-53",
                "CentralContactEMail":"prof_tarasenko@rambler.ru"
              }
            ]
          },
          "OverallOfficialList":{
            "OverallOfficial":[
              {
                "OverallOfficialName":"Ekaterina Diachkova, PhD",
                "OverallOfficialAffiliation":"I.M.Sechenov First Moscow State Medical University (Sechenov University)",
                "OverallOfficialRole":"Principal Investigator"
              }
            ]
          },
          "LocationList":{
            "Location":[
              {
                "LocationFacility":"prof. Tarasenko Svetlana",
                "LocationStatus":"Recruiting",
                "LocationCity":"Moscow",
                "LocationZip":"119991",
                "LocationCountry":"Russian Federation",
                "LocationContactList":{
                  "LocationContact":[
                    {
                      "LocationContactName":"Svetlana Tarasenko, Professor",
                      "LocationContactRole":"Contact",
                      "LocationContactPhone":"+7-985-773-48-53",
                      "LocationContactEMail":"prof_tarasenko@rambler.ru"
                    },{
                      "LocationContactName":"Ekaterina Diachkova, PhD",
                      "LocationContactRole":"Contact",
                      "LocationContactPhone":"+79265199342",
                      "LocationContactEMail":"secu2003@mail.ru"
                    },{
                      "LocationContactName":"Guzel Runova, Professor",
                      "LocationContactRole":"Sub-Investigator"
                    },{
                      "LocationContactName":"Valentin Fadeev, Professor",
                      "LocationContactRole":"Sub-Investigator"
                    },{
                      "LocationContactName":"Ekaterina Diachkova, PhD",
                      "LocationContactRole":"Principal Investigator"
                    },{
                      "LocationContactName":"Silvio Taschieri, Professor",
                      "LocationContactRole":"Sub-Investigator"
                    },{
                      "LocationContactName":"Stefano Corbella, Professor",
                      "LocationContactRole":"Sub-Investigator"
                    },{
                      "LocationContactName":"Alexei Unkovskiy, PhD",
                      "LocationContactRole":"Sub-Investigator"
                    }
                  ]
                }
              },{
                "LocationFacility":"Vladimir Grachev",
                "LocationStatus":"Recruiting",
                "LocationCity":"Moscow",
                "LocationZip":"127015",
                "LocationCountry":"Russian Federation",
                "LocationContactList":{
                  "LocationContact":[
                    {
                      "LocationContactName":"Vladimir Grachev, MD",
                      "LocationContactRole":"Contact",
                      "LocationContactPhone":"+7 985 306-93-87",
                      "LocationContactEMail":"grachev-va@yandex.ru"
                    },{
                      "LocationContactName":"Ekaterina Diachkova, PhD",
                      "LocationContactRole":"Contact",
                      "LocationContactPhone":"+79265199342",
                      "LocationContactEMail":"secu2003@mail.ru"
                    }
                  ]
                }
              }
            ]
          }
        },
        "ReferencesModule":{
          "ReferenceList":{
            "Reference":[
              {
                "ReferencePMID":"33257353",
                "ReferenceType":"result",
                "ReferenceCitation":"Diachkova E, Abramova EV, Blagushina NA, Tarasenko S. Surgical treatment with dental implants in a patient with secondary loss of teeth and osteoporosis caused by an imbalance of vitamin D. BMJ Case Rep. 2020 Nov 30;13(11). pii: e235585. doi: 10.1136/bcr-2020-235585."
              }
            ]
          }
        },
        "IPDSharingStatementModule":{
          "IPDSharing":"No",
          "IPDSharingDescription":"No, according to the rules (SOPs) of the Local Ethics Committee"
        }
      },
      "DerivedSection":{
        "MiscInfoModule":{
          "VersionHolder":"April 19, 2021"
        },
        "ConditionBrowseModule":{
          "ConditionMeshList":{
            "ConditionMesh":[
              {
                "ConditionMeshId":"D000010018",
                "ConditionMeshTerm":"Osteomalacia"
              },{
                "ConditionMeshId":"D000016388",
                "ConditionMeshTerm":"Tooth Loss"
              }
            ]
          },
          "ConditionAncestorList":{
            "ConditionAncestor":[
              {
                "ConditionAncestorId":"D000010510",
                "ConditionAncestorTerm":"Periodontal Diseases"
              },{
                "ConditionAncestorId":"D000009059",
                "ConditionAncestorTerm":"Mouth Diseases"
              },{
                "ConditionAncestorId":"D000009057",
                "ConditionAncestorTerm":"Stomatognathic Diseases"
              },{
                "ConditionAncestorId":"D000014076",
                "ConditionAncestorTerm":"Tooth Diseases"
              },{
                "ConditionAncestorId":"D000012279",
                "ConditionAncestorTerm":"Rickets"
              },{
                "ConditionAncestorId":"D000001851",
                "ConditionAncestorTerm":"Bone Diseases, Metabolic"
              },{
                "ConditionAncestorId":"D000001847",
                "ConditionAncestorTerm":"Bone Diseases"
              },{
                "ConditionAncestorId":"D000009140",
                "ConditionAncestorTerm":"Musculoskeletal Diseases"
              },{
                "ConditionAncestorId":"D000008659",
                "ConditionAncestorTerm":"Metabolic Diseases"
              },{
                "ConditionAncestorId":"D000002128",
                "ConditionAncestorTerm":"Calcium Metabolism Disorders"
              },{
                "ConditionAncestorId":"D000014808",
                "ConditionAncestorTerm":"Vitamin D Deficiency"
              },{
                "ConditionAncestorId":"D000001361",
                "ConditionAncestorTerm":"Avitaminosis"
              },{
                "ConditionAncestorId":"D000003677",
                "ConditionAncestorTerm":"Deficiency Diseases"
              },{
                "ConditionAncestorId":"D000044342",
                "ConditionAncestorTerm":"Malnutrition"
              },{
                "ConditionAncestorId":"D000009748",
                "ConditionAncestorTerm":"Nutrition Disorders"
              }
            ]
          },
          "ConditionBrowseLeafList":{
            "ConditionBrowseLeaf":[
              {
                "ConditionBrowseLeafId":"M11524",
                "ConditionBrowseLeafName":"Osteomalacia",
                "ConditionBrowseLeafAsFound":"Osteomalacia",
                "ConditionBrowseLeafRelevance":"high"
              },{
                "ConditionBrowseLeafId":"M17406",
                "ConditionBrowseLeafName":"Tooth Loss",
                "ConditionBrowseLeafAsFound":"Tooth Loss",
                "ConditionBrowseLeafRelevance":"high"
              },{
                "ConditionBrowseLeafId":"M10222",
                "ConditionBrowseLeafName":"Metabolic Diseases",
                "ConditionBrowseLeafRelevance":"low"
              },{
                "ConditionBrowseLeafId":"M12002",
                "ConditionBrowseLeafName":"Periodontal Diseases",
                "ConditionBrowseLeafRelevance":"low"
              },{
                "ConditionBrowseLeafId":"M10602",
                "ConditionBrowseLeafName":"Mouth Diseases",
                "ConditionBrowseLeafRelevance":"low"
              },{
                "ConditionBrowseLeafId":"M10600",
                "ConditionBrowseLeafName":"Stomatognathic Diseases",
                "ConditionBrowseLeafRelevance":"low"
              },{
                "ConditionBrowseLeafId":"M15414",
                "ConditionBrowseLeafName":"Tooth Diseases",
                "ConditionBrowseLeafRelevance":"low"
              },{
                "ConditionBrowseLeafId":"M13691",
                "ConditionBrowseLeafName":"Rickets",
                "ConditionBrowseLeafRelevance":"low"
              },{
                "ConditionBrowseLeafId":"M3708",
                "ConditionBrowseLeafName":"Bone Diseases",
                "ConditionBrowseLeafRelevance":"low"
              },{
                "ConditionBrowseLeafId":"M3712",
                "ConditionBrowseLeafName":"Bone Diseases, Metabolic",
                "ConditionBrowseLeafRelevance":"low"
              },{
                "ConditionBrowseLeafId":"M10680",
                "ConditionBrowseLeafName":"Musculoskeletal Diseases",
                "ConditionBrowseLeafRelevance":"low"
              },{
                "ConditionBrowseLeafId":"M3973",
                "ConditionBrowseLeafName":"Calcium Metabolism Disorders",
                "ConditionBrowseLeafRelevance":"low"
              },{
                "ConditionBrowseLeafId":"M16134",
                "ConditionBrowseLeafName":"Vitamin D Deficiency",
                "ConditionBrowseLeafRelevance":"low"
              },{
                "ConditionBrowseLeafId":"M3241",
                "ConditionBrowseLeafName":"Avitaminosis",
                "ConditionBrowseLeafRelevance":"low"
              },{
                "ConditionBrowseLeafId":"M5462",
                "ConditionBrowseLeafName":"Deficiency Diseases",
                "ConditionBrowseLeafRelevance":"low"
              },{
                "ConditionBrowseLeafId":"M23893",
                "ConditionBrowseLeafName":"Malnutrition",
                "ConditionBrowseLeafRelevance":"low"
              },{
                "ConditionBrowseLeafId":"M11267",
                "ConditionBrowseLeafName":"Nutrition Disorders",
                "ConditionBrowseLeafRelevance":"low"
              },{
                "ConditionBrowseLeafId":"T4319",
                "ConditionBrowseLeafName":"Osteomalacia",
                "ConditionBrowseLeafAsFound":"Osteomalacia",
                "ConditionBrowseLeafRelevance":"high"
              },{
                "ConditionBrowseLeafId":"T5019",
                "ConditionBrowseLeafName":"Rickets",
                "ConditionBrowseLeafRelevance":"low"
              }
            ]
          },
          "ConditionBrowseBranchList":{
            "ConditionBrowseBranch":[
              {
                "ConditionBrowseBranchAbbrev":"BC05",
                "ConditionBrowseBranchName":"Muscle, Bone, and Cartilage Diseases"
              },{
                "ConditionBrowseBranchAbbrev":"BC18",
                "ConditionBrowseBranchName":"Nutritional and Metabolic Diseases"
              },{
                "ConditionBrowseBranchAbbrev":"All",
                "ConditionBrowseBranchName":"All Conditions"
              },{
                "ConditionBrowseBranchAbbrev":"BC07",
                "ConditionBrowseBranchName":"Mouth and Tooth Diseases"
              },{
                "ConditionBrowseBranchAbbrev":"Rare",
                "ConditionBrowseBranchName":"Rare Diseases"
              }
            ]
          }
        },
        "InterventionBrowseModule":{
          "InterventionBrowseLeafList":{
            "InterventionBrowseLeaf":[
              {
                "InterventionBrowseLeafId":"M16133",
                "InterventionBrowseLeafName":"Vitamin D",
                "InterventionBrowseLeafRelevance":"low"
              },{
                "InterventionBrowseLeafId":"M4586",
                "InterventionBrowseLeafName":"Cholecalciferol",
                "InterventionBrowseLeafRelevance":"low"
              },{
                "InterventionBrowseLeafId":"M16141",
                "InterventionBrowseLeafName":"Vitamins",
                "InterventionBrowseLeafRelevance":"low"
              },{
                "InterventionBrowseLeafId":"T479",
                "InterventionBrowseLeafName":"Vitamin D3",
                "InterventionBrowseLeafRelevance":"low"
              },{
                "InterventionBrowseLeafId":"T442",
                "InterventionBrowseLeafName":"Cholecalciferol",
                "InterventionBrowseLeafRelevance":"low"
              },{
                "InterventionBrowseLeafId":"T440",
                "InterventionBrowseLeafName":"Calciferol",
                "InterventionBrowseLeafRelevance":"low"
              }
            ]
          },
          "InterventionBrowseBranchList":{
            "InterventionBrowseBranch":[
              {
                "InterventionBrowseBranchAbbrev":"BDCA",
                "InterventionBrowseBranchName":"Bone Density Conservation Agents"
              },{
                "InterventionBrowseBranchAbbrev":"Micro",
                "InterventionBrowseBranchName":"Micronutrients"
              },{
                "InterventionBrowseBranchAbbrev":"All",
                "InterventionBrowseBranchName":"All Drugs and Chemicals"
              },{
                "InterventionBrowseBranchAbbrev":"Vi",
                "InterventionBrowseBranchName":"Vitamins"
              }
            ]
          }
        }
      }
    }
  }
}

