{
  "FullStudy":{
    "Rank":565,
    "Study":{
      "ProtocolSection":{
        "IdentificationModule":{
          "NCTId":"NCT04842604",
          "OrgStudyIdInfo":{
            "OrgStudyId":"B1371019 Open Label Extension"
          },
          "SecondaryIdInfoList":{
            "SecondaryIdInfo":[
              {
                "SecondaryId":"2017-002822-19",
                "SecondaryIdType":"EudraCT Number"
              }
            ]
          },
          "Organization":{
            "OrgFullName":"Pfizer",
            "OrgClass":"INDUSTRY"
          },
          "BriefTitle":"Continuation Study of B1371019(NCT03416179) and B1371012(NCT02367456) Evaluating Azacitidine With Or Without Glasdegib In Patients With Previously Untreated AML, MDS or CMML",
          "OfficialTitle":"A MULTI-CENTER CONTINUATION STUDY EVALUATING AZACITIDINE WITH OR WITHOUT GLASDEGIB (PF-04449913) IN PATIENTS WITH PREVIOUSLY UNTREATED ACUTE MYELOID LEUKEMIA, MYELODYSPLASTIC SYNDROME OR CHRONIC MYELOMONOCYTIC LEUKEMIA"
        },
        "StatusModule":{
          "StatusVerifiedDate":"April 2021",
          "OverallStatus":"Not yet recruiting",
          "ExpandedAccessInfo":{
            "HasExpandedAccess":"No"
          },
          "StartDateStruct":{
            "StartDate":"April 12, 2021",
            "StartDateType":"Anticipated"
          },
          "PrimaryCompletionDateStruct":{
            "PrimaryCompletionDate":"December 16, 2022",
            "PrimaryCompletionDateType":"Anticipated"
          },
          "CompletionDateStruct":{
            "CompletionDate":"December 16, 2022",
            "CompletionDateType":"Anticipated"
          },
          "StudyFirstSubmitDate":"April 8, 2021",
          "StudyFirstSubmitQCDate":"April 8, 2021",
          "StudyFirstPostDateStruct":{
            "StudyFirstPostDate":"April 13, 2021",
            "StudyFirstPostDateType":"Actual"
          },
          "LastUpdateSubmitDate":"April 8, 2021",
          "LastUpdatePostDateStruct":{
            "LastUpdatePostDate":"April 13, 2021",
            "LastUpdatePostDateType":"Actual"
          }
        },
        "SponsorCollaboratorsModule":{
          "ResponsibleParty":{
            "ResponsiblePartyType":"Sponsor"
          },
          "LeadSponsor":{
            "LeadSponsorName":"Pfizer",
            "LeadSponsorClass":"INDUSTRY"
          }
        },
        "OversightModule":{
          "OversightHasDMC":"No",
          "IsFDARegulatedDrug":"Yes",
          "IsFDARegulatedDevice":"No"
        },
        "DescriptionModule":{
          "BriefSummary":"An open-label study available to all eligible participants from Study B1371019 and participants originating from Study B1371012 continuing on study intervention with azacitidine with or without glasdegib."
        },
        "ConditionsModule":{
          "ConditionList":{
            "Condition":[
              "Acute Myeloid Leukemia(AML)",
              "Myelodysplastic Syndrome(MDS)",
              "Chronic Myelomonocytic Leukemia(CMML)"
            ]
          }
        },
        "DesignModule":{
          "StudyType":"Interventional",
          "PhaseList":{
            "Phase":[
              "Phase 3"
            ]
          },
          "DesignInfo":{
            "DesignAllocation":"Non-Randomized",
            "DesignInterventionModel":"Single Group Assignment",
            "DesignPrimaryPurpose":"Treatment",
            "DesignMaskingInfo":{
              "DesignMasking":"None (Open Label)"
            }
          },
          "EnrollmentInfo":{
            "EnrollmentCount":"37",
            "EnrollmentType":"Anticipated"
          }
        },
        "ArmsInterventionsModule":{
          "ArmGroupList":{
            "ArmGroup":[
              {
                "ArmGroupLabel":"Participants from B1371019 and B1371012",
                "ArmGroupType":"Experimental",
                "ArmGroupDescription":"Azacitidine will be administered 75 mg/m2/day for 7 days every 28 days on Days 1-7 (±3 days) per local label or per the IP Manual (or SPC). Azacitidine may be administered by SC injection or IV infusion. Alternate dosing schedules to administer the 7 doses to accommodate participant and treatment center availability are allowed.\n\nThe starting dose regimen will be the same as the most recent regimen received on the B1371019 or B1371012 study.\n\nGlasdegib 50, 75 or 100 mg will be orally administered daily and continuously. The starting dose regimen will be the same as the most recent regimen received on the B1371012 or B1371019 study.",
                "ArmGroupInterventionList":{
                  "ArmGroupInterventionName":[
                    "Drug: Glasdegib",
                    "Drug: Azacitidine"
                  ]
                }
              }
            ]
          },
          "InterventionList":{
            "Intervention":[
              {
                "InterventionType":"Drug",
                "InterventionName":"Glasdegib",
                "InterventionDescription":"25 mg or 100 mg tablet",
                "InterventionArmGroupLabelList":{
                  "InterventionArmGroupLabel":[
                    "Participants from B1371019 and B1371012"
                  ]
                },
                "InterventionOtherNameList":{
                  "InterventionOtherName":[
                    "PF-04449913"
                  ]
                }
              },{
                "InterventionType":"Drug",
                "InterventionName":"Azacitidine",
                "InterventionDescription":"100 mg/vial powder for 25 mg/mL suspension for injection",
                "InterventionArmGroupLabelList":{
                  "InterventionArmGroupLabel":[
                    "Participants from B1371019 and B1371012"
                  ]
                }
              }
            ]
          }
        },
        "OutcomesModule":{
          "PrimaryOutcomeList":{
            "PrimaryOutcome":[
              {
                "PrimaryOutcomeMeasure":"Number of participants with treatment related adverse events (TEAE)",
                "PrimaryOutcomeTimeFrame":"Baseline through 28 days after last dose (up to approximately 20 months)"
              },{
                "PrimaryOutcomeMeasure":"Number of participants with serious adverse events (SAE)",
                "PrimaryOutcomeTimeFrame":"Baseline through 28 days after last dose (up to approximately 20 months)"
              }
            ]
          }
        },
        "EligibilityModule":{
          "EligibilityCriteria":"Inclusion Criteria:\n\nAny participant who continues to demonstrate clinical benefit (as determined by the Principal Investigator) from study treatment with azacitidine with or without glasdegib in this Study or from Study B1371012.\nCapable of giving signed informed consent as described in Appendix 1, which includes compliance with the requirements and restrictions listed in the ICD and in this protocol.\n\nExclusion Criteria:\n\nOther medical or psychiatric condition including recent (within the past year) or active suicidal ideation/behavior or laboratory abnormality that may increase the risk of study participation or, in the investigator's judgment, make the participant inappropriate for the study.\nFemale participants who are pregnant or breastfeeding (if continuing to receive study intervention);\nParticipant has been withdrawn from Study B1371019 and Study B1371012 for any reason (including INT cohort participants required to end study treatment)",
          "HealthyVolunteers":"No",
          "Gender":"All",
          "MinimumAge":"18 Years",
          "StdAgeList":{
            "StdAge":[
              "Adult",
              "Older Adult"
            ]
          }
        },
        "ContactsLocationsModule":{
          "CentralContactList":{
            "CentralContact":[
              {
                "CentralContactName":"Pfizer CT.gov Call Center",
                "CentralContactRole":"Contact",
                "CentralContactPhone":"1-800-718-1021",
                "CentralContactEMail":"ClinicalTrials.gov_Inquiries@pfizer.com"
              }
            ]
          },
          "OverallOfficialList":{
            "OverallOfficial":[
              {
                "OverallOfficialName":"Pfizer CT.gov Call Center",
                "OverallOfficialAffiliation":"Pfizer",
                "OverallOfficialRole":"Study Director"
              }
            ]
          }
        },
        "ReferencesModule":{
          "SeeAlsoLinkList":{
            "SeeAlsoLink":[
              {
                "SeeAlsoLinkLabel":"B1371019 (NCT03416179)",
                "SeeAlsoLinkURL":"https://clinicaltrials.gov/ct2/show/NCT03416179?term=B1371019&draw=2&rank=1"
              }
            ]
          }
        },
        "IPDSharingStatementModule":{
          "IPDSharing":"Yes",
          "IPDSharingDescription":"Pfizer will provide access to individual de-identified participant data and related study documents (e.g. protocol, Statistical Analysis Plan (SAP), Clinical Study Report (CSR)) upon request from qualified researchers, and subject to certain criteria, conditions, and exceptions. Further details on Pfizer's data sharing criteria and process for requesting access can be found at: https://www.pfizer.com/science/clinical_trials/trial_data_and_results/data_requests."
        }
      },
      "DerivedSection":{
        "MiscInfoModule":{
          "VersionHolder":"April 19, 2021"
        },
        "ConditionBrowseModule":{
          "ConditionMeshList":{
            "ConditionMesh":[
              {
                "ConditionMeshId":"D000007938",
                "ConditionMeshTerm":"Leukemia"
              },{
                "ConditionMeshId":"D000007951",
                "ConditionMeshTerm":"Leukemia, Myeloid"
              },{
                "ConditionMeshId":"D000015470",
                "ConditionMeshTerm":"Leukemia, Myeloid, Acute"
              },{
                "ConditionMeshId":"D000011289",
                "ConditionMeshTerm":"Preleukemia"
              },{
                "ConditionMeshId":"D000015477",
                "ConditionMeshTerm":"Leukemia, Myelomonocytic, Chronic"
              },{
                "ConditionMeshId":"D000054429",
                "ConditionMeshTerm":"Leukemia, Myelomonocytic, Juvenile"
              },{
                "ConditionMeshId":"D000009190",
                "ConditionMeshTerm":"Myelodysplastic Syndromes"
              }
            ]
          },
          "ConditionAncestorList":{
            "ConditionAncestor":[
              {
                "ConditionAncestorId":"D000009370",
                "ConditionAncestorTerm":"Neoplasms by Histologic Type"
              },{
                "ConditionAncestorId":"D000009369",
                "ConditionAncestorTerm":"Neoplasms"
              },{
                "ConditionAncestorId":"D000001855",
                "ConditionAncestorTerm":"Bone Marrow Diseases"
              },{
                "ConditionAncestorId":"D000006402",
                "ConditionAncestorTerm":"Hematologic Diseases"
              },{
                "ConditionAncestorId":"D000011230",
                "ConditionAncestorTerm":"Precancerous Conditions"
              },{
                "ConditionAncestorId":"D000054437",
                "ConditionAncestorTerm":"Myelodysplastic-Myeloproliferative Diseases"
              }
            ]
          },
          "ConditionBrowseLeafList":{
            "ConditionBrowseLeaf":[
              {
                "ConditionBrowseLeafId":"M9528",
                "ConditionBrowseLeafName":"Leukemia",
                "ConditionBrowseLeafAsFound":"Leukemia",
                "ConditionBrowseLeafRelevance":"high"
              },{
                "ConditionBrowseLeafId":"M9538",
                "ConditionBrowseLeafName":"Leukemia, Myeloid",
                "ConditionBrowseLeafAsFound":"Myeloid Leukemia",
                "ConditionBrowseLeafRelevance":"high"
              },{
                "ConditionBrowseLeafId":"M16710",
                "ConditionBrowseLeafName":"Leukemia, Myeloid, Acute",
                "ConditionBrowseLeafAsFound":"Acute Myeloid Leukemia",
                "ConditionBrowseLeafRelevance":"high"
              },{
                "ConditionBrowseLeafId":"M14938",
                "ConditionBrowseLeafName":"Syndrome",
                "ConditionBrowseLeafRelevance":"low"
              },{
                "ConditionBrowseLeafId":"M12747",
                "ConditionBrowseLeafName":"Preleukemia",
                "ConditionBrowseLeafAsFound":"Myelodysplastic Syndrome",
                "ConditionBrowseLeafRelevance":"high"
              },{
                "ConditionBrowseLeafId":"M16715",
                "ConditionBrowseLeafName":"Leukemia, Myelomonocytic, Chronic",
                "ConditionBrowseLeafAsFound":"Chronic Myelomonocytic Leukemia",
                "ConditionBrowseLeafRelevance":"high"
              },{
                "ConditionBrowseLeafId":"M26293",
                "ConditionBrowseLeafName":"Leukemia, Myelomonocytic, Juvenile",
                "ConditionBrowseLeafAsFound":"Chronic Myelomonocytic Leukemia",
                "ConditionBrowseLeafRelevance":"high"
              },{
                "ConditionBrowseLeafId":"M10728",
                "ConditionBrowseLeafName":"Myelodysplastic Syndromes",
                "ConditionBrowseLeafAsFound":"Myelodysplastic Syndrome",
                "ConditionBrowseLeafRelevance":"high"
              },{
                "ConditionBrowseLeafId":"M10898",
                "ConditionBrowseLeafName":"Neoplasms by Histologic Type",
                "ConditionBrowseLeafRelevance":"low"
              },{
                "ConditionBrowseLeafId":"M3716",
                "ConditionBrowseLeafName":"Bone Marrow Diseases",
                "ConditionBrowseLeafRelevance":"low"
              },{
                "ConditionBrowseLeafId":"M8073",
                "ConditionBrowseLeafName":"Hematologic Diseases",
                "ConditionBrowseLeafRelevance":"low"
              },{
                "ConditionBrowseLeafId":"M12694",
                "ConditionBrowseLeafName":"Precancerous Conditions",
                "ConditionBrowseLeafRelevance":"low"
              },{
                "ConditionBrowseLeafId":"M10732",
                "ConditionBrowseLeafName":"Myeloproliferative Disorders",
                "ConditionBrowseLeafRelevance":"low"
              },{
                "ConditionBrowseLeafId":"M26294",
                "ConditionBrowseLeafName":"Myelodysplastic-Myeloproliferative Diseases",
                "ConditionBrowseLeafRelevance":"low"
              },{
                "ConditionBrowseLeafId":"T3995",
                "ConditionBrowseLeafName":"Myeloid Leukemia",
                "ConditionBrowseLeafAsFound":"Myeloid Leukemia",
                "ConditionBrowseLeafRelevance":"high"
              },{
                "ConditionBrowseLeafId":"T182",
                "ConditionBrowseLeafName":"Acute Myeloid Leukemia",
                "ConditionBrowseLeafAsFound":"Acute Myeloid Leukemia",
                "ConditionBrowseLeafRelevance":"high"
              },{
                "ConditionBrowseLeafId":"T188",
                "ConditionBrowseLeafName":"Acute Non Lymphoblastic Leukemia",
                "ConditionBrowseLeafAsFound":"Acute Myeloid Leukemia",
                "ConditionBrowseLeafRelevance":"high"
              },{
                "ConditionBrowseLeafId":"T3993",
                "ConditionBrowseLeafName":"Myelodysplastic Syndromes",
                "ConditionBrowseLeafAsFound":"Myelodysplastic Syndrome",
                "ConditionBrowseLeafRelevance":"high"
              },{
                "ConditionBrowseLeafId":"T1310",
                "ConditionBrowseLeafName":"Chronic Myelomonocytic Leukemia",
                "ConditionBrowseLeafAsFound":"Chronic Myelomonocytic Leukemia",
                "ConditionBrowseLeafRelevance":"high"
              },{
                "ConditionBrowseLeafId":"T3174",
                "ConditionBrowseLeafName":"Juvenile Myelomonocytic Leukemia",
                "ConditionBrowseLeafAsFound":"Chronic Myelomonocytic Leukemia",
                "ConditionBrowseLeafRelevance":"high"
              },{
                "ConditionBrowseLeafId":"T1311",
                "ConditionBrowseLeafName":"Chronic Myeloproliferative Disorders",
                "ConditionBrowseLeafRelevance":"low"
              },{
                "ConditionBrowseLeafId":"T3994",
                "ConditionBrowseLeafName":"Myelodysplastic/myeloproliferative Disease",
                "ConditionBrowseLeafRelevance":"low"
              }
            ]
          },
          "ConditionBrowseBranchList":{
            "ConditionBrowseBranch":[
              {
                "ConditionBrowseBranchAbbrev":"BC04",
                "ConditionBrowseBranchName":"Cancers and Other Neoplasms"
              },{
                "ConditionBrowseBranchAbbrev":"All",
                "ConditionBrowseBranchName":"All Conditions"
              },{
                "ConditionBrowseBranchAbbrev":"BC23",
                "ConditionBrowseBranchName":"Symptoms and General Pathology"
              },{
                "ConditionBrowseBranchAbbrev":"BC15",
                "ConditionBrowseBranchName":"Blood and Lymph Conditions"
              },{
                "ConditionBrowseBranchAbbrev":"Rare",
                "ConditionBrowseBranchName":"Rare Diseases"
              }
            ]
          }
        },
        "InterventionBrowseModule":{
          "InterventionMeshList":{
            "InterventionMesh":[
              {
                "InterventionMeshId":"D000001374",
                "InterventionMeshTerm":"Azacitidine"
              }
            ]
          },
          "InterventionAncestorList":{
            "InterventionAncestor":[
              {
                "InterventionAncestorId":"D000000964",
                "InterventionAncestorTerm":"Antimetabolites, Antineoplastic"
              },{
                "InterventionAncestorId":"D000000963",
                "InterventionAncestorTerm":"Antimetabolites"
              },{
                "InterventionAncestorId":"D000045504",
                "InterventionAncestorTerm":"Molecular Mechanisms of Pharmacological Action"
              },{
                "InterventionAncestorId":"D000000970",
                "InterventionAncestorTerm":"Antineoplastic Agents"
              },{
                "InterventionAncestorId":"D000004791",
                "InterventionAncestorTerm":"Enzyme Inhibitors"
              }
            ]
          },
          "InterventionBrowseLeafList":{
            "InterventionBrowseLeaf":[
              {
                "InterventionBrowseLeafId":"M3254",
                "InterventionBrowseLeafName":"Azacitidine",
                "InterventionBrowseLeafAsFound":"Gemcitabine",
                "InterventionBrowseLeafRelevance":"high"
              },{
                "InterventionBrowseLeafId":"M2862",
                "InterventionBrowseLeafName":"Antimetabolites",
                "InterventionBrowseLeafRelevance":"low"
              }
            ]
          },
          "InterventionBrowseBranchList":{
            "InterventionBrowseBranch":[
              {
                "InterventionBrowseBranchAbbrev":"ANeo",
                "InterventionBrowseBranchName":"Antineoplastic Agents"
              },{
                "InterventionBrowseBranchAbbrev":"All",
                "InterventionBrowseBranchName":"All Drugs and Chemicals"
              }
            ]
          }
        }
      }
    }
  }
}

