{
  "FullStudy":{
    "Rank":401,
    "Study":{
      "ProtocolSection":{
        "IdentificationModule":{
          "NCTId":"NCT04844736",
          "OrgStudyIdInfo":{
            "OrgStudyId":"IRB00072886"
          },
          "SecondaryIdInfoList":{
            "SecondaryIdInfo":[
              {
                "SecondaryId":"WFBCCC 01221",
                "SecondaryIdType":"Other Identifier",
                "SecondaryIdDomain":"Wake Forest Baptist Comprehensive Cancer Center"
              }
            ]
          },
          "Organization":{
            "OrgFullName":"Wake Forest University Health Sciences",
            "OrgClass":"OTHER"
          },
          "BriefTitle":"Testing the Feasibility of a Simplified Workflow for Lung Cancer",
          "OfficialTitle":"Pilot Study: Testing the Feasibility of a Simplified Workflow for Lung Cancer Radiation Target Review With Radiology"
        },
        "StatusModule":{
          "StatusVerifiedDate":"April 2021",
          "OverallStatus":"Not yet recruiting",
          "ExpandedAccessInfo":{
            "HasExpandedAccess":"No"
          },
          "StartDateStruct":{
            "StartDate":"July 2021",
            "StartDateType":"Anticipated"
          },
          "PrimaryCompletionDateStruct":{
            "PrimaryCompletionDate":"April 2023",
            "PrimaryCompletionDateType":"Anticipated"
          },
          "CompletionDateStruct":{
            "CompletionDate":"April 2023",
            "CompletionDateType":"Anticipated"
          },
          "StudyFirstSubmitDate":"April 12, 2021",
          "StudyFirstSubmitQCDate":"April 13, 2021",
          "StudyFirstPostDateStruct":{
            "StudyFirstPostDate":"April 14, 2021",
            "StudyFirstPostDateType":"Actual"
          },
          "LastUpdateSubmitDate":"April 13, 2021",
          "LastUpdatePostDateStruct":{
            "LastUpdatePostDate":"April 14, 2021",
            "LastUpdatePostDateType":"Actual"
          }
        },
        "SponsorCollaboratorsModule":{
          "ResponsibleParty":{
            "ResponsiblePartyType":"Sponsor"
          },
          "LeadSponsor":{
            "LeadSponsorName":"Wake Forest University Health Sciences",
            "LeadSponsorClass":"OTHER"
          }
        },
        "OversightModule":{
          "OversightHasDMC":"Yes",
          "IsFDARegulatedDrug":"No",
          "IsFDARegulatedDevice":"No"
        },
        "DescriptionModule":{
          "BriefSummary":"The purpose of this research study is to see if adding an \"extra\" check by formal radiology review is possible without disrupting the normal processes that take place to develop and prepare a safe radiation treatment plan for patients.",
          "DetailedDescription":"Primary Objectives: The primary objective will be to demonstrate the feasibility of radiology completing real time review of radiation oncology treatment plans within 4 business days of the date of CT simulation (defined as day = 0). If 50% of plans can be reviewed by any member of the thoracic radiology team (Includes radiology PI and co-investigators) and feedback is submitted to radiation oncology with Appendix D within 4 business days of the date of simulation, then we will consider this workflow feasible.\n\nSecondary Objectives:\n\nOur primary secondary objective will be to estimate the proportion of patients whose RT plans are changed as a result this workflow.\nFor patients whose radiation therapy plans are changed as a result this workflow, determine the absolute and percentage volume changes in the gross tumor volume, clinical target volume and planning target volume as a result of these changes implemented.\nFor patients whose radiation therapy plans are changed as a result of this workflow: determine if recommended changes in the gross tumor volume resulted in improved dosimetry to surrounding normal structures. Specifically, determine the absolute and percentage changes in the dose delivered to the lungs (V5, V10, V20) and esophagus (mean, V60) as a result of changes in the gross tumor volume.\nFor patients whose radiation therapy plans are changed as a result of this workflow, determine if changes led to treatment delays from their standard planned start date.\nFor patients whose radiation therapy plans are changed as a result of this workflow, to describe the most common types of changes recommended (i.e. modification of parenchymal lung volumes, missing involved lymph nodes, covering too much normal tissue in the gross tumor volume).\nDetermine whether acute esophagitis incidence changed in our entire sample as a result of this review during treatment and within 4 weeks following treatment, compared to institutional historical control databases of patients treated without formal radiology review.\nDetermine whether tumor response at 4 weeks post treatment differs in our entire sample compared to institutional historical control databases of patients treated without formal radiology review."
        },
        "ConditionsModule":{
          "ConditionList":{
            "Condition":[
              "Lung Cancer"
            ]
          }
        },
        "DesignModule":{
          "StudyType":"Interventional",
          "PhaseList":{
            "Phase":[
              "Not Applicable"
            ]
          },
          "DesignInfo":{
            "DesignAllocation":"N/A",
            "DesignInterventionModel":"Single Group Assignment",
            "DesignPrimaryPurpose":"Treatment",
            "DesignMaskingInfo":{
              "DesignMasking":"None (Open Label)"
            }
          },
          "EnrollmentInfo":{
            "EnrollmentCount":"37",
            "EnrollmentType":"Anticipated"
          }
        },
        "ArmsInterventionsModule":{
          "ArmGroupList":{
            "ArmGroup":[
              {
                "ArmGroupLabel":"Radiology Treatment Planning/Review",
                "ArmGroupType":"Other",
                "ArmGroupDescription":"After patient consultation and enrollment, the patient will undergo routine CT simulation to initiate the radiation treatment planning process. The treating physician will contour the gross tumor volume (GTV) including the involved primary lung tumor and/or the involved lymph nodes. If the initial radiology review reflects concern for inadequate target volume delineation, the case will be flagged for multidisciplinary discussion between the radiation oncologist and radiologist.",
                "ArmGroupInterventionList":{
                  "ArmGroupInterventionName":[
                    "Procedure: CT Simulation"
                  ]
                }
              }
            ]
          },
          "InterventionList":{
            "Intervention":[
              {
                "InterventionType":"Procedure",
                "InterventionName":"CT Simulation",
                "InterventionDescription":"Patient will undergo routine CT simulation to initiate radiation treatment planning process. For the purposes of this study, the day of CT simulation \"mapping scan\" will be counted as day 0. After the patient completes the CT simulation scan, the CT images and plan/structure files will be sent to the treatment planning system. The treating physician will contour the gross tumor volume (GTV) including the involved primary lung tumor and/or the involved lymph nodes.",
                "InterventionArmGroupLabelList":{
                  "InterventionArmGroupLabel":[
                    "Radiology Treatment Planning/Review"
                  ]
                }
              }
            ]
          }
        },
        "OutcomesModule":{
          "PrimaryOutcomeList":{
            "PrimaryOutcome":[
              {
                "PrimaryOutcomeMeasure":"Number of Completed Radiation Treatment Plans Reviewed",
                "PrimaryOutcomeDescription":"Completed initial radiology review within 4 business days after the date of CT simulation will be calculated using summary statistics including count (frequency) using a 95% confidence interval.",
                "PrimaryOutcomeTimeFrame":"Within four days after CT simulation"
              }
            ]
          },
          "SecondaryOutcomeList":{
            "SecondaryOutcome":[
              {
                "SecondaryOutcomeMeasure":"Number of Patients Whose Radiation Treatment Plans Changed",
                "SecondaryOutcomeDescription":"Will be calculated using summary statistics including count (frequency) and corresponding 95% confidence intervals.",
                "SecondaryOutcomeTimeFrame":"4 days"
              },{
                "SecondaryOutcomeMeasure":"Changes in Volumes After Radiation Treatment Changes - Gross Tumor Volume",
                "SecondaryOutcomeDescription":"For patients whose radiation therapy plans are changed, the change in volume (in centimeters cubed) of gross tumor volume (GVT) before and after the recommended change is made will be summarized using mean and standard deviation and median range.",
                "SecondaryOutcomeTimeFrame":"4 days"
              },{
                "SecondaryOutcomeMeasure":"Changes in Volumes After Radiation Treatment Changes - Clinical Tumor Volume",
                "SecondaryOutcomeDescription":"For patients whose radiation therapy plans are changed, the change in volume (in centimeters cubed) of clinical target volume (CTV) before and after the recommended change is made will be summarized using mean and standard deviation and median range.",
                "SecondaryOutcomeTimeFrame":"4 days"
              },{
                "SecondaryOutcomeMeasure":"Changes in Volumes After Radiation Treatment Changes - Planning Tumor Volume",
                "SecondaryOutcomeDescription":"For patients whose radiation therapy plans are changed, the change in volume (in centimeters cubed) of planning target volume (PTV) before and after the recommended change is made will be summarized using mean and standard deviation and median range.",
                "SecondaryOutcomeTimeFrame":"4 days"
              },{
                "SecondaryOutcomeMeasure":"Changes in Dose Delivered After Radiation Treatment Changes to the Lungs",
                "SecondaryOutcomeDescription":"For patients whose RT plans are changed, the change in the dose delivered to the lungs (V5, V10, V20) will be summarized using mean (standard deviation) and median (range).",
                "SecondaryOutcomeTimeFrame":"4 days"
              },{
                "SecondaryOutcomeMeasure":"Changes in Dose Delivered After Radiation Treatment Changes to the Esophagus",
                "SecondaryOutcomeDescription":"For patients whose RT plans are changed, the change in the dose delivered to the and esophagus (mean, V60) will be summarized using mean (standard deviation) and median (range).",
                "SecondaryOutcomeTimeFrame":"4 days"
              },{
                "SecondaryOutcomeMeasure":"Number of Patients Who's Treatment Starts are Delayed",
                "SecondaryOutcomeDescription":"For patients whose radiation therapy plans are changed: the proportion of treatment starts that are delayed from the initial planned start day due to the application of recommended changes will be calculated using summary statistics including count (frequency)",
                "SecondaryOutcomeTimeFrame":"4 days"
              },{
                "SecondaryOutcomeMeasure":"Number of Changes Recommended by the Radiation Therapy Quality Assurance Conference (RT QAC)",
                "SecondaryOutcomeDescription":"Will be calculated using summary statistics including count (frequency) and will also be captured in full qualitative form.",
                "SecondaryOutcomeTimeFrame":"4 days"
              },{
                "SecondaryOutcomeMeasure":"Number of Patients with Acute Esophagitis",
                "SecondaryOutcomeDescription":"Will be reported using descriptive statistics (mean, median, standard deviations, proportions, and 95% confidence intervals) and will also be compared to the historical institutional control incidence and severity of esophagitis using 1-sample z-tests and 1-sample tests of proportions (considering historical control as \"population parameter.\")",
                "SecondaryOutcomeTimeFrame":"4 weeks after completion of therapy"
              },{
                "SecondaryOutcomeMeasure":"Cancer Response",
                "SecondaryOutcomeDescription":"Will be assessed by radiology on imaging and will be summarized using frequencies and proportions. Proportion of those with positive response will be compared to historical institution control using a 1-sample test of proportions (considering historical control as \"population parameter.\").",
                "SecondaryOutcomeTimeFrame":"1 month after completion of therapy"
              }
            ]
          }
        },
        "EligibilityModule":{
          "EligibilityCriteria":"Inclusion Criteria:\n\nDisease that is being treated as locally advanced non-small cell lung cancer (NSCLC) or limited stage small cell lung cancer (SCLC). Specifically, AJCC 8th edition staging with T3 or T4 and/or N1-3 disease. Patients with unclear pathology who are being treated clinically as non-small cell lung cancer or as limited stage small cell lung cancer are eligible.\nPlan for radiotherapy to be delivered with curative intent per the treating radiation oncologist in the Wake Forest Baptist Comprehensive Cancer Center Department of Radiation Oncology.\n\nExclusion Criteria: Not being treated with radiation, or being treated with non-curative intent per the treating radiation oncologist.",
          "HealthyVolunteers":"No",
          "Gender":"All",
          "MinimumAge":"18 Years",
          "StdAgeList":{
            "StdAge":[
              "Adult",
              "Older Adult"
            ]
          }
        },
        "ContactsLocationsModule":{
          "CentralContactList":{
            "CentralContact":[
              {
                "CentralContactName":"Study Nurse",
                "CentralContactRole":"Contact",
                "CentralContactPhone":"336-716-0230",
                "CentralContactEMail":"saverill@wakehealth.edu"
              },{
                "CentralContactName":"Study Coordinator",
                "CentralContactRole":"Contact",
                "CentralContactEMail":"Nsoeterm@wakehealth.edu"
              }
            ]
          },
          "OverallOfficialList":{
            "OverallOfficial":[
              {
                "OverallOfficialName":"Michael Farris, MD",
                "OverallOfficialAffiliation":"Wake Forest Baptist Comprehensive Cancer Center",
                "OverallOfficialRole":"Principal Investigator"
              }
            ]
          },
          "LocationList":{
            "Location":[
              {
                "LocationFacility":"Wake Forest Baptist Health Sciences",
                "LocationCity":"Winston-Salem",
                "LocationState":"North Carolina",
                "LocationZip":"27157",
                "LocationCountry":"United States",
                "LocationContactList":{
                  "LocationContact":[
                    {
                      "LocationContactName":"Study Coordinator",
                      "LocationContactRole":"Contact",
                      "LocationContactEMail":"Nsoeterm@wakehealth.edu"
                    }
                  ]
                }
              }
            ]
          }
        }
      },
      "DerivedSection":{
        "MiscInfoModule":{
          "VersionHolder":"April 19, 2021"
        },
        "ConditionBrowseModule":{
          "ConditionMeshList":{
            "ConditionMesh":[
              {
                "ConditionMeshId":"D000008175",
                "ConditionMeshTerm":"Lung Neoplasms"
              }
            ]
          },
          "ConditionAncestorList":{
            "ConditionAncestor":[
              {
                "ConditionAncestorId":"D000012142",
                "ConditionAncestorTerm":"Respiratory Tract Neoplasms"
              },{
                "ConditionAncestorId":"D000013899",
                "ConditionAncestorTerm":"Thoracic Neoplasms"
              },{
                "ConditionAncestorId":"D000009371",
                "ConditionAncestorTerm":"Neoplasms by Site"
              },{
                "ConditionAncestorId":"D000009369",
                "ConditionAncestorTerm":"Neoplasms"
              },{
                "ConditionAncestorId":"D000008171",
                "ConditionAncestorTerm":"Lung Diseases"
              },{
                "ConditionAncestorId":"D000012140",
                "ConditionAncestorTerm":"Respiratory Tract Diseases"
              }
            ]
          },
          "ConditionBrowseLeafList":{
            "ConditionBrowseLeaf":[
              {
                "ConditionBrowseLeafId":"M9755",
                "ConditionBrowseLeafName":"Lung Neoplasms",
                "ConditionBrowseLeafAsFound":"Lung Cancer",
                "ConditionBrowseLeafRelevance":"high"
              },{
                "ConditionBrowseLeafId":"M13562",
                "ConditionBrowseLeafName":"Respiratory Tract Neoplasms",
                "ConditionBrowseLeafRelevance":"low"
              },{
                "ConditionBrowseLeafId":"M15241",
                "ConditionBrowseLeafName":"Thoracic Neoplasms",
                "ConditionBrowseLeafRelevance":"low"
              },{
                "ConditionBrowseLeafId":"M9751",
                "ConditionBrowseLeafName":"Lung Diseases",
                "ConditionBrowseLeafRelevance":"low"
              },{
                "ConditionBrowseLeafId":"M13560",
                "ConditionBrowseLeafName":"Respiratory Tract Diseases",
                "ConditionBrowseLeafRelevance":"low"
              }
            ]
          },
          "ConditionBrowseBranchList":{
            "ConditionBrowseBranch":[
              {
                "ConditionBrowseBranchAbbrev":"BC04",
                "ConditionBrowseBranchName":"Cancers and Other Neoplasms"
              },{
                "ConditionBrowseBranchAbbrev":"BC08",
                "ConditionBrowseBranchName":"Respiratory Tract (Lung and Bronchial) Diseases"
              },{
                "ConditionBrowseBranchAbbrev":"All",
                "ConditionBrowseBranchName":"All Conditions"
              }
            ]
          }
        }
      }
    }
  }
}

