{
  "FullStudy":{
    "Rank":543,
    "Study":{
      "ProtocolSection":{
        "IdentificationModule":{
          "NCTId":"NCT04842890",
          "OrgStudyIdInfo":{
            "OrgStudyId":"NYPC ERC# 2020-027"
          },
          "Organization":{
            "OrgFullName":"The New York Proton Center",
            "OrgClass":"OTHER"
          },
          "BriefTitle":"Phase II Study of Pencil Beam Scanning Proton Stereotactic Body Radiation Therapy for Prostate Cancer",
          "OfficialTitle":"Phase II Study of Pencil Beam Scanning Proton Stereotactic Body Radiation Therapy for Prostate Cancer"
        },
        "StatusModule":{
          "StatusVerifiedDate":"April 2021",
          "OverallStatus":"Recruiting",
          "ExpandedAccessInfo":{
            "HasExpandedAccess":"No"
          },
          "StartDateStruct":{
            "StartDate":"January 8, 2021",
            "StartDateType":"Actual"
          },
          "PrimaryCompletionDateStruct":{
            "PrimaryCompletionDate":"January 2023",
            "PrimaryCompletionDateType":"Anticipated"
          },
          "CompletionDateStruct":{
            "CompletionDate":"January 2026",
            "CompletionDateType":"Anticipated"
          },
          "StudyFirstSubmitDate":"March 15, 2021",
          "StudyFirstSubmitQCDate":"April 9, 2021",
          "StudyFirstPostDateStruct":{
            "StudyFirstPostDate":"April 13, 2021",
            "StudyFirstPostDateType":"Actual"
          },
          "LastUpdateSubmitDate":"April 9, 2021",
          "LastUpdatePostDateStruct":{
            "LastUpdatePostDate":"April 13, 2021",
            "LastUpdatePostDateType":"Actual"
          }
        },
        "SponsorCollaboratorsModule":{
          "ResponsibleParty":{
            "ResponsiblePartyType":"Sponsor"
          },
          "LeadSponsor":{
            "LeadSponsorName":"The New York Proton Center",
            "LeadSponsorClass":"OTHER"
          }
        },
        "OversightModule":{
          "OversightHasDMC":"Yes",
          "IsFDARegulatedDrug":"No",
          "IsFDARegulatedDevice":"Yes",
          "IsUSExport":"No"
        },
        "DescriptionModule":{
          "BriefSummary":"This is a single arm phase II study of image-guided pencil beam scanning proton SBRT (40Gy RBE in 5 fractions delivered every other day) for patients with low- and intermediate-risk prostate cancer. The primary aim is to assess GU/GI toxicity of proton SBRT and compare this to historic outcomes associated with photon-based prostate SBRT. The primary endpoint is 2-year grade 3+ GU/GI toxicity free rate by CTCAE v5.0, which is expected to be ≥95%. Toxicity will be evaluated by the treating radiation oncologist at least once during SBRT, then following SBRT at 1, 3, 6, 12, 18, and 24 months. The treatment will be considered safe if grade 3 or higher GU/GI toxicity free rate at 2 years is >85% (95% rate expected with a 10% non-inferiority margin). The accrual goal is 61 patients over 3 years. To ensure that unexpected significant toxicity is identified, all grade 3 or higher toxicities will be reported to the study PI and the trial will stop accruing if at any point 4 or more patients experience a grade 3 or higher toxicity after completing SBRT. This is felt to be conservative given the vast experience with photon SBRT at this dose with an expected G3+ toxicity of ~5%.\n\nSecondary objectives are to examine patient-reported urinary, gastrointestinal, sexual, and financial outcomes using IPSS, EPIC-26, and COST questionnaires at the same follow-up timepoints as above. Baseline measures of these domains will be obtained prior to treatment as well. Clinical outcomes will also be evaluated with PSA measured at each follow-up, as well as prostate MRI and biopsies at 2 years. Patients will be followed for at least 2 years to determine rates of PSA relapse, salvage treatment, development of metastases, death from prostate cancer, and overall survival. A dosimetric comparison will be performed where each patient will be planned for proton and photon SBRT to determine possible advantages of proton SBRT."
        },
        "ConditionsModule":{
          "ConditionList":{
            "Condition":[
              "Prostate Cancer"
            ]
          }
        },
        "DesignModule":{
          "StudyType":"Interventional",
          "PhaseList":{
            "Phase":[
              "Phase 2"
            ]
          },
          "DesignInfo":{
            "DesignAllocation":"N/A",
            "DesignInterventionModel":"Single Group Assignment",
            "DesignPrimaryPurpose":"Treatment",
            "DesignMaskingInfo":{
              "DesignMasking":"None (Open Label)"
            }
          },
          "EnrollmentInfo":{
            "EnrollmentCount":"61",
            "EnrollmentType":"Anticipated"
          }
        },
        "ArmsInterventionsModule":{
          "ArmGroupList":{
            "ArmGroup":[
              {
                "ArmGroupLabel":"Stereotactic body radiation therapy (SBRT) with Pencil Beam Scanning (PBS) proton therapy",
                "ArmGroupType":"Other",
                "ArmGroupInterventionList":{
                  "ArmGroupInterventionName":[
                    "Radiation: Pencil Beam Scanning Proton SBRT"
                  ]
                }
              }
            ]
          },
          "InterventionList":{
            "Intervention":[
              {
                "InterventionType":"Radiation",
                "InterventionName":"Pencil Beam Scanning Proton SBRT",
                "InterventionDescription":"The intervention being investigated is ultra-hypofractionated, image-guided, pencil beam scanning proton SBRT directed at the prostate gland and seminal vesicles to 40 Gy equivalent in 5 fractions, delivered every other day.",
                "InterventionArmGroupLabelList":{
                  "InterventionArmGroupLabel":[
                    "Stereotactic body radiation therapy (SBRT) with Pencil Beam Scanning (PBS) proton therapy"
                  ]
                }
              }
            ]
          }
        },
        "OutcomesModule":{
          "PrimaryOutcomeList":{
            "PrimaryOutcome":[
              {
                "PrimaryOutcomeMeasure":"1. Grade 3+ GU/GI toxicity-free rate determined by CTCAE v5.0 grading.",
                "PrimaryOutcomeDescription":"The NCI Common Terminology Criteria for Adverse Events v5.0 is a descriptive terminology which can be utilized for Adverse Event (AE) reporting. A grading (severity) scale is provided for each AE term.",
                "PrimaryOutcomeTimeFrame":"2 years"
              }
            ]
          },
          "SecondaryOutcomeList":{
            "SecondaryOutcome":[
              {
                "SecondaryOutcomeMeasure":"1. Patient reported urinary symptoms determined by IPSS.",
                "SecondaryOutcomeDescription":"The International Prostate Symptom Score (IPSS) was developed to assess the severity of lower urinary tract symptoms associated to Benign Prostatic Hyperplasia and has also been applied to other conditions that cause LUTS. The IPSS consists of a total of seven questions that deal with voiding symptoms (incomplete empty, intermittency, weak stream and straining to void) and storage symptoms (frequency, urgency and nocturia) and an additional question to measure quality of life. The score ranges from 0 to 35, with lower scores denoting a better health state.",
                "SecondaryOutcomeTimeFrame":"2 years"
              },{
                "SecondaryOutcomeMeasure":"2. Patient reported urinary, bowel, and hormonal quality of life determined by EPIC-26.",
                "SecondaryOutcomeDescription":"EPIC-26 is the \"Expanded Prostate Cancer Index Composite\" patient reported outcomes questionnaire. A clinical tool to assess urinary, bowel, sexual and vitality health. The score from each of the 5 domains runs from 0 (none) to 12 (severe) impact on quality of life. Each domain score when added together gives an overall score of zero (unaffected) to 60 (severely affected)",
                "SecondaryOutcomeTimeFrame":"2 years"
              },{
                "SecondaryOutcomeMeasure":"3. Patient reported financial toxicity determined by COST",
                "SecondaryOutcomeDescription":"Comprehensive Score for Financial Toxicity Functional Assessment of Chronic Illness Therapy (COST-FACIT) was developed as part of a series of questionnaires aimed at measuring different symptom indexes of health-related quality of life in patients with advance disease such as cancer. The survey contains 12 questions and each of them is rated from 0 (not at all) to 4 (very much). This survey focuses on financial distress caused by illness in patients with cancer. It takes about 5 minutes to complete.",
                "SecondaryOutcomeTimeFrame":"2 years"
              },{
                "SecondaryOutcomeMeasure":"4. 2-year and 5-year biochemical progression free survival",
                "SecondaryOutcomeDescription":"Biochemical failure is defined as a sustained rise in PSA of 2 ng/mL or more above the nadir (the lowest PSA level after radiotherapy).",
                "SecondaryOutcomeTimeFrame":"2 years and 5 years"
              },{
                "SecondaryOutcomeMeasure":"5. 2-year local control determined by MRI and biopsies",
                "SecondaryOutcomeTimeFrame":"2 years"
              },{
                "SecondaryOutcomeMeasure":"6. 2-year and 5-year metastasis free survival",
                "SecondaryOutcomeTimeFrame":"2 years and 5 years"
              },{
                "SecondaryOutcomeMeasure":"7. 2-year and 5-year prostate cancer specific survival",
                "SecondaryOutcomeTimeFrame":"2 years and 5 years"
              },{
                "SecondaryOutcomeMeasure":"8. 2-year and 5-year overall survival",
                "SecondaryOutcomeTimeFrame":"2 years and 5 years"
              },{
                "SecondaryOutcomeMeasure":"9. Dosimetric advantages determined by target coverage, conformality, and normal tissue sparing",
                "SecondaryOutcomeTimeFrame":"2 years"
              }
            ]
          }
        },
        "EligibilityModule":{
          "EligibilityCriteria":"Inclusion Criteria:\n\nBiopsy-proven NCCN low- or intermediate-risk prostate cancer, which includes patients with:\nGleason score ≤7 disease\nPSA ≤20 ng/ml\n\nClinical T1-T2c disease\n\nNote: Patients who only have radiographic evidence of possible or probable T3 disease (i.e., extracapsular extension or seminal vesical invasion) will not be excluded.\nKPS ≥ 80%\nProstate size as determined on MRI to be < 100 cc. Prostate size can be determined on CT scan if MRI is not available.\nMale 18 years of age or older\nIPSS ≤ 20\nPatient must be a candidate for and agree to placement of intraprostatic fiducial markers and a hydrogel rectal spacer\nPatient must be available for at least 2 years of follow-up\n\nExclusion Criteria:\n\nPrior prostate surgery (including cryosurgery)\n\nNote: Patients who underwent TURP or greenlight PVP are eligible if it was > 12 weeks prior to the anticipated start date of SBRT\nPrior history of chronic prostatitis or urethral stricture\nCurrently active cancer(s) other than non-melanoma skin cancers. Patients are not considered to have currently active cancers if they have completed therapy and are considered by their physicians to be at <5% risk of relapse within 2 years.\nLife expectancy of < 2 years",
          "HealthyVolunteers":"No",
          "Gender":"Male",
          "GenderBased":"Yes",
          "MinimumAge":"18 Years",
          "StdAgeList":{
            "StdAge":[
              "Adult",
              "Older Adult"
            ]
          }
        },
        "ContactsLocationsModule":{
          "CentralContactList":{
            "CentralContact":[
              {
                "CentralContactName":"Shannon Webert, RN",
                "CentralContactRole":"Contact",
                "CentralContactPhone":"646-968-9005",
                "CentralContactPhoneExt":"383",
                "CentralContactEMail":"research@nyproton.com"
              }
            ]
          },
          "OverallOfficialList":{
            "OverallOfficial":[
              {
                "OverallOfficialName":"Daniel Gorovets, MD",
                "OverallOfficialAffiliation":"The New York Proton Center",
                "OverallOfficialRole":"Principal Investigator"
              },{
                "OverallOfficialName":"Shaakir Hasan, DO",
                "OverallOfficialAffiliation":"The New York Proton Center",
                "OverallOfficialRole":"Principal Investigator"
              }
            ]
          },
          "LocationList":{
            "Location":[
              {
                "LocationFacility":"The New York Proton Center",
                "LocationStatus":"Recruiting",
                "LocationCity":"New York",
                "LocationState":"New York",
                "LocationZip":"10035",
                "LocationCountry":"United States",
                "LocationContactList":{
                  "LocationContact":[
                    {
                      "LocationContactName":"Isabelle Choi, MD",
                      "LocationContactRole":"Contact",
                      "LocationContactPhone":"646-968-9031",
                      "LocationContactPhoneExt":"303",
                      "LocationContactEMail":"ichoi@nyproton.com"
                    }
                  ]
                }
              }
            ]
          }
        },
        "IPDSharingStatementModule":{
          "IPDSharing":"Undecided"
        }
      },
      "DerivedSection":{
        "MiscInfoModule":{
          "VersionHolder":"April 19, 2021"
        },
        "ConditionBrowseModule":{
          "ConditionMeshList":{
            "ConditionMesh":[
              {
                "ConditionMeshId":"D000011471",
                "ConditionMeshTerm":"Prostatic Neoplasms"
              }
            ]
          },
          "ConditionAncestorList":{
            "ConditionAncestor":[
              {
                "ConditionAncestorId":"D000005834",
                "ConditionAncestorTerm":"Genital Neoplasms, Male"
              },{
                "ConditionAncestorId":"D000014565",
                "ConditionAncestorTerm":"Urogenital Neoplasms"
              },{
                "ConditionAncestorId":"D000009371",
                "ConditionAncestorTerm":"Neoplasms by Site"
              },{
                "ConditionAncestorId":"D000009369",
                "ConditionAncestorTerm":"Neoplasms"
              },{
                "ConditionAncestorId":"D000011469",
                "ConditionAncestorTerm":"Prostatic Diseases"
              }
            ]
          },
          "ConditionBrowseLeafList":{
            "ConditionBrowseLeaf":[
              {
                "ConditionBrowseLeafId":"M12918",
                "ConditionBrowseLeafName":"Prostatic Neoplasms",
                "ConditionBrowseLeafAsFound":"Prostate Cancer",
                "ConditionBrowseLeafRelevance":"high"
              },{
                "ConditionBrowseLeafId":"M7529",
                "ConditionBrowseLeafName":"Genital Neoplasms, Male",
                "ConditionBrowseLeafRelevance":"low"
              },{
                "ConditionBrowseLeafId":"M15898",
                "ConditionBrowseLeafName":"Urogenital Neoplasms",
                "ConditionBrowseLeafRelevance":"low"
              },{
                "ConditionBrowseLeafId":"M12916",
                "ConditionBrowseLeafName":"Prostatic Diseases",
                "ConditionBrowseLeafRelevance":"low"
              }
            ]
          },
          "ConditionBrowseBranchList":{
            "ConditionBrowseBranch":[
              {
                "ConditionBrowseBranchAbbrev":"BC04",
                "ConditionBrowseBranchName":"Cancers and Other Neoplasms"
              },{
                "ConditionBrowseBranchAbbrev":"BXS",
                "ConditionBrowseBranchName":"Urinary Tract, Sexual Organs, and Pregnancy Conditions"
              },{
                "ConditionBrowseBranchAbbrev":"All",
                "ConditionBrowseBranchName":"All Conditions"
              }
            ]
          }
        }
      }
    }
  }
}

