{
  "FullStudy":{
    "Rank":418,
    "Study":{
      "ProtocolSection":{
        "IdentificationModule":{
          "NCTId":"NCT04844515",
          "OrgStudyIdInfo":{
            "OrgStudyId":"APHP210173.1"
          },
          "Organization":{
            "OrgFullName":"Assistance Publique - Hôpitaux de Paris",
            "OrgClass":"OTHER"
          },
          "BriefTitle":"The ESPERES Prospective Cohort of Healthcare Workers in France: Study on COVID-19 Vaccine and the COVID-19 Pandemic (ESPERES_COVID19)",
          "OfficialTitle":"The ESPERES Prospective Cohort of Healthcare Workers in France: Study on COVID-19 Vaccine and the COVID-19 Pandemic"
        },
        "StatusModule":{
          "StatusVerifiedDate":"April 2021",
          "OverallStatus":"Not yet recruiting",
          "ExpandedAccessInfo":{
            "HasExpandedAccess":"No"
          },
          "StartDateStruct":{
            "StartDate":"April 9, 2021",
            "StartDateType":"Anticipated"
          },
          "PrimaryCompletionDateStruct":{
            "PrimaryCompletionDate":"April 23, 2021",
            "PrimaryCompletionDateType":"Anticipated"
          },
          "CompletionDateStruct":{
            "CompletionDate":"April 23, 2021",
            "CompletionDateType":"Anticipated"
          },
          "StudyFirstSubmitDate":"April 13, 2021",
          "StudyFirstSubmitQCDate":"April 13, 2021",
          "StudyFirstPostDateStruct":{
            "StudyFirstPostDate":"April 14, 2021",
            "StudyFirstPostDateType":"Actual"
          },
          "LastUpdateSubmitDate":"April 13, 2021",
          "LastUpdatePostDateStruct":{
            "LastUpdatePostDate":"April 14, 2021",
            "LastUpdatePostDateType":"Actual"
          }
        },
        "SponsorCollaboratorsModule":{
          "ResponsibleParty":{
            "ResponsiblePartyType":"Sponsor"
          },
          "LeadSponsor":{
            "LeadSponsorName":"Assistance Publique - Hôpitaux de Paris",
            "LeadSponsorClass":"OTHER"
          }
        },
        "OversightModule":{
          "OversightHasDMC":"No",
          "IsFDARegulatedDrug":"No",
          "IsFDARegulatedDevice":"No"
        },
        "DescriptionModule":{
          "BriefSummary":"This is the first study performed within the ESPERES cohort, related to prevention against COVID-19, in particular vaccination against COVID-19 and more broadly on the COVID-19 pandemic.\n\nESPERES is a national prospective e-cohort study providing a resource for collecting information on healthcare workers (HCWs) currently working in France. The overall goal of ESPERES is to develop the infrastructure necessary to create and engage a community of HCWs who may be eligible for participation in future research studies. ESPERES is set up to answer research questions, in the field of prevention for HCWs, prevention for their own health, that of their relatives, their colleagues, and users of the hospital. These research questions will be carried out in the context of specific subsequent studies.",
          "DetailedDescription":"Most countries face the issue of vaccine hesitancy, with sizeable fractions, or sometimes the majority, of the public opposing some vaccines. The problem is particularly acute in the case of COVID-19 vaccination: first, a high uptake of COVID-19 vaccines is necessary to reach and sustain herd immunity; second, and to the best of our knowledge, no country is currently planning on making COVID-19 vaccination mandatory, making public approval essential. Unfortunately, hesitancy towards COVID-19 vaccines is high in many countries.\n\nVaccine hesitancy also concerns healthcare workers (HCWs) who are at the frontline of the COVID-19 pandemic and identified as a priority target group for COVID-19 vaccines. Furthermore, HCWs can be relays of information concerning vaccination and thus play a key role as mediator in the promotion (or not) of this vaccination. However, vaccine intentions against COVID-19 are not fully known among different categories of HCWs and are likely to evolve with knowledge about the safety and efficacy of vaccines as well as the evolution of the epidemic. Consequently, it is crucial to understand the evolution of these vaccine intentions and their determinants in HCWs in order to better target interventions to promote this vaccination, in a context where scientific data are themselves evolving quickly.\n\nThe study population will be made up of HCWs. For the purposes of this study, a \"healthcare worker\" is defined as an individual who currently works in a setting where individuals receive healthcare (i.e. individuals do not have to work directly with patients, but may have any role within a setting where individuals receive healthcare, such as administrative office, housekeeping, food service, etc.). ESPERES_COVID-19 will be offered to all the HCWs of the Assistance Publique - Hôpitaux de Paris (AP-HP) establishments and to other public or private health establishments (lucrative or not) in the Ile-De-France region and to establishments in other French regions, in order to diversify the contexts.\n\nEach participant is self-included and collects his own data via a web interface. This cohort is open, meaning that eligible people can be included until the end of the study (no limited inclusion period). This cohort will start in 2021 and is scheduled for an initial duration of 24 months but may be extended as part of amendments.\n\nParticipants will be regularly asked to answer online questionnaires lasting at most 20 minutes. The frequency of these questionnaires will not exceed one questionnaire every 2 weeks (and will generally be more spaced out). During their follow-up in the cohort, participants may be asked, depending on their characteristics, to participate in studies nested in the cohort.\n\nAll data from ESPERES_COVID-19 will be gathered in a health data repository. The statistical analyses planned in the research protocol will be performed by the pharmaco-epidemiology center (CEPHEPI), under the responsibility of Dr Candice ESTELLAT and Pr Florence TUBACH. The CEPHEPI is backed by the public health department of the hospital group Pitié-Salpêtrière - Charles Foix, AP-HP.\n\nA calculation of the sample size is not justified for this study as it aims to answer several research questions in a cohort. However, a number about 15,000 participants in ESPERES_COVID-19 are expected."
        },
        "ConditionsModule":{
          "ConditionList":{
            "Condition":[
              "Healthcare Workers",
              "COVID-19"
            ]
          },
          "KeywordList":{
            "Keyword":[
              "Healthcare workers",
              "Preventive measures",
              "Attitudes",
              "COVID-19"
            ]
          }
        },
        "DesignModule":{
          "StudyType":"Observational",
          "PatientRegistry":"Yes",
          "TargetDuration":"24 Months",
          "DesignInfo":{
            "DesignObservationalModelList":{
              "DesignObservationalModel":[
                "Cohort"
              ]
            },
            "DesignTimePerspectiveList":{
              "DesignTimePerspective":[
                "Prospective"
              ]
            }
          },
          "EnrollmentInfo":{
            "EnrollmentCount":"15000",
            "EnrollmentType":"Anticipated"
          }
        },
        "OutcomesModule":{
          "PrimaryOutcomeList":{
            "PrimaryOutcome":[
              {
                "PrimaryOutcomeMeasure":"The COVID-19 vaccine intention with the question: \"Do you intend to get vaccinated against COVID-19?\" : I am already vaccinated / Yes, as soon as possible / Yes, but I prefer to wait before getting vaccinated / No, I don't think I'm gonna get vaccinated",
                "PrimaryOutcomeTimeFrame":"Up to 24 months"
              }
            ]
          },
          "SecondaryOutcomeList":{
            "SecondaryOutcome":[
              {
                "SecondaryOutcomeMeasure":"The COVID-19 vaccine intention in HCWs participants according to the characteristics of the vaccines (country of the manufacturer, technology used, number of doses, etc.) and of the HCWs",
                "SecondaryOutcomeTimeFrame":"Up to 24 months"
              },{
                "SecondaryOutcomeMeasure":"Potential individual sociocognitive factors in the acceptance of COVID-19 vaccination, based on models developed for vaccine hesitation (5C psychological antecedents of vaccination adapted for COVID-19 vaccination and HCWs). (eleven points-Likert scales)",
                "SecondaryOutcomeTimeFrame":"Up to 24 months"
              },{
                "SecondaryOutcomeMeasure":"The perceptions of participants regarding the strategies for managing the pandemic and the progress of the health crisis and the pandemic (eleven points-Likert scales)",
                "SecondaryOutcomeTimeFrame":"Up to 24 months"
              },{
                "SecondaryOutcomeMeasure":"The perceptions in general and in relation to specific strategies such as the lockdown, the mandatory vaccination for caregivers, the vaccination passport, the gradual arrival of vaccine doses, the organization of vaccination campaign",
                "SecondaryOutcomeDescription":"The perceptions in general and in relation to specific strategies such as the lockdown, the mandatory vaccination for caregivers, the vaccination passport, the gradual arrival of vaccine doses, the organization of vaccination campaign and in particular prioritization strategies, etc.",
                "SecondaryOutcomeTimeFrame":"Up to 24 months"
              },{
                "SecondaryOutcomeMeasure":"The healthy behaviors in other contexts (especially influenza vaccination over the last years)",
                "SecondaryOutcomeTimeFrame":"Up to 24 months"
              },{
                "SecondaryOutcomeMeasure":"The methods and sources of information concerning questions relating to health: media (website, social networks, television, radio or written press), nature (mainstream, classic or alternative media), etc.",
                "SecondaryOutcomeTimeFrame":"Up to 24 months"
              },{
                "SecondaryOutcomeMeasure":"Frequency of searches for information on COVID-19 or COVID-19 vaccines",
                "SecondaryOutcomeTimeFrame":"Up to 24 months"
              },{
                "SecondaryOutcomeMeasure":"Socio-demographic and professional characteristics, lifestyles: age, gender, profession and place of practice",
                "SecondaryOutcomeTimeFrame":"Up to 24 months"
              },{
                "SecondaryOutcomeMeasure":"The percentages of participants with history of COVID-19 and risk factors for severe forms of COVID-19 (perception of being at risk for severe forms)",
                "SecondaryOutcomeTimeFrame":"Up to 24 months"
              },{
                "SecondaryOutcomeMeasure":"The impact of the epidemic on the participants in their professional and personal life (closed-ended questions)",
                "SecondaryOutcomeTimeFrame":"Up to 24 months"
              },{
                "SecondaryOutcomeMeasure":"Contextual determinants: characteristic of living (density and constitution of the household) and work (type of hospital, working hours, time and mode of travel to workplace) places",
                "SecondaryOutcomeTimeFrame":"Up to 24 months"
              },{
                "SecondaryOutcomeMeasure":"Other health behaviors related to the COVID-19 pandemic: adherence to protective measures in professionnal and personal life during the last 14 days (eleven points-Likert scale)",
                "SecondaryOutcomeTimeFrame":"Up to 24 months"
              },{
                "SecondaryOutcomeMeasure":"The self-reported COVID-19 vaccine rate (dates, number of doses, type of vaccine, satisfaction)",
                "SecondaryOutcomeTimeFrame":"Up to 24 months"
              },{
                "SecondaryOutcomeMeasure":"Incidence of SARS-COV-2 infection (date, severity, mode of diagnosis, etc.)",
                "SecondaryOutcomeTimeFrame":"Up to 24 months"
              },{
                "SecondaryOutcomeMeasure":"The attitude of HCWs participants regarding the advice they give or not to patients, relatives and colleagues regarding the vaccination against COVID-19 (closed-ended questions)",
                "SecondaryOutcomeTimeFrame":"Up to 24 months"
              },{
                "SecondaryOutcomeMeasure":"Behavioral risk factors during the last 14 days before the SARS-COV-2 infection (closed-ended questions)",
                "SecondaryOutcomeTimeFrame":"Up to 24 months"
              },{
                "SecondaryOutcomeMeasure":"Other health behaviors related to the COVID-19 pandemic: the frequency of carrying out diagnostic tests for the infection to SARS-COV-2",
                "SecondaryOutcomeTimeFrame":"Up to 24 months"
              }
            ]
          }
        },
        "EligibilityModule":{
          "EligibilityCriteria":"Inclusion Criteria:\n\nLegal age\nHealthcare workers defined as individuals who currently work in a setting where individuals receive healthcare (i.e. individuals do not have to work directly with patients, but may have any role within a setting where individuals receive healthcare, such as administrative office, housekeeping, food service, etc.)\nAgreeing to participate (digital consent)\n\nExclusion Criteria:\n\n- No internet access",
          "HealthyVolunteers":"Accepts Healthy Volunteers",
          "Gender":"All",
          "MinimumAge":"18 Years",
          "MaximumAge":"99 Years",
          "StdAgeList":{
            "StdAge":[
              "Adult",
              "Older Adult"
            ]
          },
          "StudyPopulation":"The study population will be made up of HCWs. For the purposes of this study, a \"healthcare worker\" is defined as an individual who currently works in a setting where individuals receive healthcare (i.e. individuals do not have to work directly with patients, but may have any role within a setting where individuals receive healthcare, such as administrative office, housekeeping, food service, etc.). ESPERES_COVID-19 will be offered to all the HCWs of the Assistance Publique - Hôpitaux de Paris (AP-HP) establishments and to other public or private health establishments (lucrative or not) in the Ile-De-France region and to establishments in other French regions, in order to diversify the contexts.",
          "SamplingMethod":"Non-Probability Sample"
        },
        "ContactsLocationsModule":{
          "CentralContactList":{
            "CentralContact":[
              {
                "CentralContactName":"Florence Tubach, MD, PHD",
                "CentralContactRole":"Contact",
                "CentralContactPhone":"01 42 16 05 88",
                "CentralContactEMail":"florence.tubach@aphp.fr"
              },{
                "CentralContactName":"Sandra Fournier, MD",
                "CentralContactRole":"Contact",
                "CentralContactEMail":"sandra.fournier@aphp.fr"
              }
            ]
          },
          "OverallOfficialList":{
            "OverallOfficial":[
              {
                "OverallOfficialName":"Florence Tubach, MD, PHD",
                "OverallOfficialAffiliation":"Assistance Publique - Hôpitaux de Paris",
                "OverallOfficialRole":"Principal Investigator"
              }
            ]
          },
          "LocationList":{
            "Location":[
              {
                "LocationFacility":"Pitié-Salpêtrière - Charles Foix, AP-HP",
                "LocationCity":"Paris",
                "LocationZip":"75013",
                "LocationCountry":"France",
                "LocationContactList":{
                  "LocationContact":[
                    {
                      "LocationContactName":"Emmanuelle Liegey, Clinical projects manager",
                      "LocationContactRole":"Contact",
                      "LocationContactPhone":"01 44 84 17 63",
                      "LocationContactEMail":"emmanuelle.liegey@aphp.fr"
                    },{
                      "LocationContactName":"Sarra Pochon, Clinical projects manager",
                      "LocationContactRole":"Contact",
                      "LocationContactPhone":"01 42 16 75 74",
                      "LocationContactEMail":"sarra.pochon@aphp.fr"
                    }
                  ]
                }
              }
            ]
          }
        },
        "IPDSharingStatementModule":{
          "IPDSharing":"Undecided"
        }
      },
      "DerivedSection":{
        "MiscInfoModule":{
          "VersionHolder":"April 19, 2021"
        },
        "InterventionBrowseModule":{
          "InterventionBrowseLeafList":{
            "InterventionBrowseLeaf":[
              {
                "InterventionBrowseLeafId":"M15943",
                "InterventionBrowseLeafName":"Vaccines",
                "InterventionBrowseLeafRelevance":"low"
              }
            ]
          },
          "InterventionBrowseBranchList":{
            "InterventionBrowseBranch":[
              {
                "InterventionBrowseBranchAbbrev":"All",
                "InterventionBrowseBranchName":"All Drugs and Chemicals"
              }
            ]
          }
        }
      }
    }
  }
}

