{
  "FullStudy":{
    "Rank":276,
    "Study":{
      "ProtocolSection":{
        "IdentificationModule":{
          "NCTId":"NCT04846361",
          "OrgStudyIdInfo":{
            "OrgStudyId":"FF-2021-031"
          },
          "Organization":{
            "OrgFullName":"Universiti Kebangsaan Malaysia Medical Centre",
            "OrgClass":"OTHER"
          },
          "BriefTitle":"Vaginal Hygiene Wash as Adjunct Treatment in Bacterial Vaginosis",
          "OfficialTitle":"The Effectiveness of Vaginal Hygiene Wash as Adjunct Treatment in Bacterial Vaginosis- a Randomized Double Blind Controlled Trial With Microbial Analysis"
        },
        "StatusModule":{
          "StatusVerifiedDate":"April 2021",
          "OverallStatus":"Not yet recruiting",
          "ExpandedAccessInfo":{
            "HasExpandedAccess":"No"
          },
          "StartDateStruct":{
            "StartDate":"May 2021",
            "StartDateType":"Anticipated"
          },
          "PrimaryCompletionDateStruct":{
            "PrimaryCompletionDate":"January 2022",
            "PrimaryCompletionDateType":"Anticipated"
          },
          "CompletionDateStruct":{
            "CompletionDate":"January 2022",
            "CompletionDateType":"Anticipated"
          },
          "StudyFirstSubmitDate":"April 13, 2021",
          "StudyFirstSubmitQCDate":"April 13, 2021",
          "StudyFirstPostDateStruct":{
            "StudyFirstPostDate":"April 15, 2021",
            "StudyFirstPostDateType":"Actual"
          },
          "LastUpdateSubmitDate":"April 13, 2021",
          "LastUpdatePostDateStruct":{
            "LastUpdatePostDate":"April 15, 2021",
            "LastUpdatePostDateType":"Actual"
          }
        },
        "SponsorCollaboratorsModule":{
          "ResponsibleParty":{
            "ResponsiblePartyType":"Sponsor"
          },
          "LeadSponsor":{
            "LeadSponsorName":"Universiti Kebangsaan Malaysia Medical Centre",
            "LeadSponsorClass":"OTHER"
          }
        },
        "OversightModule":{
          "OversightHasDMC":"No",
          "IsFDARegulatedDrug":"No",
          "IsFDARegulatedDevice":"No"
        },
        "DescriptionModule":{
          "BriefSummary":"This study compares the effect of vaginal hygiene wash versus placebo as adjunct treatment with oral metronidazole in treatment of women with bacterial vaginosis",
          "DetailedDescription":"This is a randomized controlled trial comparing the trial hygiene wash against placebo wash as adjunct treatment with oral metronidazole in women with bacterial vaginosis, with microbial analysis of vaginal flora compared to healthy control women"
        },
        "ConditionsModule":{
          "ConditionList":{
            "Condition":[
              "Bacterial Vaginoses"
            ]
          },
          "KeywordList":{
            "Keyword":[
              "vaginal hygiene wash",
              "bacterial vaginosis",
              "microbial analysis"
            ]
          }
        },
        "DesignModule":{
          "StudyType":"Interventional",
          "PhaseList":{
            "Phase":[
              "Not Applicable"
            ]
          },
          "DesignInfo":{
            "DesignAllocation":"Randomized",
            "DesignInterventionModel":"Parallel Assignment",
            "DesignInterventionModelDescription":"hygiene wash plus antibiotic, placebo wash plus antibiotic",
            "DesignPrimaryPurpose":"Treatment",
            "DesignMaskingInfo":{
              "DesignMasking":"Double",
              "DesignMaskingDescription":"the trial hygiene wash and placebo wash are labelled A or B in identical packaging by manufacturer's company and blinded from both participants and investigators and only revealed at the end of data completion",
              "DesignWhoMaskedList":{
                "DesignWhoMasked":[
                  "Participant",
                  "Investigator"
                ]
              }
            }
          },
          "EnrollmentInfo":{
            "EnrollmentCount":"56",
            "EnrollmentType":"Anticipated"
          }
        },
        "ArmsInterventionsModule":{
          "ArmGroupList":{
            "ArmGroup":[
              {
                "ArmGroupLabel":"Hygiene wash plus metronidazole",
                "ArmGroupType":"Experimental",
                "ArmGroupDescription":"Hygiene wash once daily at night for two weeks plus oral metronidazole 400mg three times daily for 1 week",
                "ArmGroupInterventionList":{
                  "ArmGroupInterventionName":[
                    "Other: Vaginal hygiene wash"
                  ]
                }
              },{
                "ArmGroupLabel":"placebo wash plus metronidazole",
                "ArmGroupType":"Placebo Comparator",
                "ArmGroupDescription":"Placebo wash once daily at night for two weeks plus oral metronidazole 400mg three times daily for 1 week",
                "ArmGroupInterventionList":{
                  "ArmGroupInterventionName":[
                    "Other: placebo wash"
                  ]
                }
              },{
                "ArmGroupLabel":"Healthy control",
                "ArmGroupType":"No Intervention",
                "ArmGroupDescription":"Asymptomatic healthy women with BV negative test"
              }
            ]
          },
          "InterventionList":{
            "Intervention":[
              {
                "InterventionType":"Other",
                "InterventionName":"Vaginal hygiene wash",
                "InterventionDescription":"vaginal hygiene wash containing Propylene Glycol, Ethylhexylglycerin, Lactic Acid, Sodium Pyrrolidone Carboxylic Acid, Alpha-Glucam Oligosaccharide, Lactococcus Ferment Lysate, Octenidine Hydrochloride plus all other ingredients in placebo wash",
                "InterventionArmGroupLabelList":{
                  "InterventionArmGroupLabel":[
                    "Hygiene wash plus metronidazole"
                  ]
                }
              },{
                "InterventionType":"Other",
                "InterventionName":"placebo wash",
                "InterventionDescription":"placebo wash containing water, disodium cocoamphodiacetate, sodium chloride, sodium glycolate, acrylates copolymer, potassium laureate phosphate, tripotassium phosphate, laurel glucoside, lauramidopropyl hydroxysultaine, disulfonate de sodium, Polyethylene glycol (PEG)-120 Methyl Glucose Trioleate, Propanediol, Glycol distearate, Laureth-4, Cocamidopropyl betaine, Potassium Lactate, Caprylyl Glycol, Disodium ethylenediaminetetraacetic acid (EDTA), Potassium Hydroxide, and Perfume",
                "InterventionArmGroupLabelList":{
                  "InterventionArmGroupLabel":[
                    "placebo wash plus metronidazole"
                  ]
                }
              }
            ]
          }
        },
        "OutcomesModule":{
          "PrimaryOutcomeList":{
            "PrimaryOutcome":[
              {
                "PrimaryOutcomeMeasure":"Bacterial vaginosis cure rate",
                "PrimaryOutcomeDescription":"Percentage of participants who have negative bacterial vaginosis (BV) blue test after completed treatment",
                "PrimaryOutcomeTimeFrame":"2 weeks after treatment"
              },{
                "PrimaryOutcomeMeasure":"Visual analog scale of symptoms before treatment",
                "PrimaryOutcomeDescription":"self-evaluation of symptom using Visual analog scale (VAS) scale 0 to 10 based on questionnaire, 5 symptoms assessed are 1) level of comfort in the genital region, 2) malodorous external genitalia, 3) comfort in sexual intercourse, 4) satisfaction regarding intimate hygiene, and 5) self-esteem",
                "PrimaryOutcomeTimeFrame":"before treatment"
              },{
                "PrimaryOutcomeMeasure":"Visual analog scale of symptoms after treatment",
                "PrimaryOutcomeDescription":"self-evaluation of symptom using Visual analog scale (VAS) scale 0 to 10 based on questionnaire, 5 symptoms assessed are 1) level of comfort in the genital region, 2) malodorous external genitalia, 3) comfort in sexual intercourse, 4) satisfaction regarding intimate hygiene, and 5) self-esteem",
                "PrimaryOutcomeTimeFrame":"2 weeks after treatment"
              },{
                "PrimaryOutcomeMeasure":"Microbial profile of vaginal flora before treatment",
                "PrimaryOutcomeDescription":"DNA quantitative polymerase chain reaction (qPCR) array analysis of vaginal swab taken before treatment which includes Lactobacillus, Gardnerella, Prevotella, Candida, and Trichomonas vaginalis",
                "PrimaryOutcomeTimeFrame":"Before treatment"
              },{
                "PrimaryOutcomeMeasure":"Microbial profile of vaginal flora after treatment",
                "PrimaryOutcomeDescription":"DNA quantitative polymerase chain reaction (qPCR) array analysis of vaginal swab taken before treatment which includes Lactobacillus, Gardnerella, Prevotella, Candida, and Trichomonas vaginalis",
                "PrimaryOutcomeTimeFrame":"2 weeks after treatment"
              },{
                "PrimaryOutcomeMeasure":"Cytokines concentration before treatment",
                "PrimaryOutcomeDescription":"Concentration of cytokines (interleukins IL-6, IL-8, IL-10, tumor necrosis factor (TNF-alpha) in pg/ml at baseline",
                "PrimaryOutcomeTimeFrame":"before treatment"
              },{
                "PrimaryOutcomeMeasure":"Cytokines concentration after treatment",
                "PrimaryOutcomeDescription":"Concentration of cytokines (interleukin IL-6, IL-8, IL-10, tumor necrosis factor (TNF-alpha) in pg/ml after completed treatment",
                "PrimaryOutcomeTimeFrame":"2 weeks after treatment"
              }
            ]
          },
          "SecondaryOutcomeList":{
            "SecondaryOutcome":[
              {
                "SecondaryOutcomeMeasure":"Recurrence of symptoms 1 month after completed treatment",
                "SecondaryOutcomeDescription":"Self-rated symptoms using visual analog scale (VAS) scale 0 to 10 based on questionnaire, 5 symptoms assessed are 1) level of comfort in the genital region, 2) malodorous external genitalia, 3) comfort in sexual intercourse, 4) satisfaction regarding intimate hygiene, and 5) self-esteem",
                "SecondaryOutcomeTimeFrame":"1 month after completed treatment"
              },{
                "SecondaryOutcomeMeasure":"Microbial analysis of vaginal flora 1 month after completed treatment",
                "SecondaryOutcomeDescription":"DNA quantitative polymerase chain reaction (qPCR) array analysis of vaginal swab taken before treatment which includes Lactobacillus, Gardenerella, Prevotella, Candida, and Trichomonas vaginalis",
                "SecondaryOutcomeTimeFrame":"1 month after completed treatment"
              }
            ]
          }
        },
        "EligibilityModule":{
          "EligibilityCriteria":"Inclusion Criteria:\n\n1. premenopausal women who are sexually active 2.willing to use hygiene wash together with prescribed oral antibiotics 3. able to undergo pelvic examination for sampling of vaginal discharge\n\nExclusion Criteria:\n\n1. Unable to comply with pelvic examination or hygiene wash 2. Concurrent use of hormonal treatment or antibiotic therapy 3. Intrauterine device either copper or levonorgestrel-releasing system 4. Women with known diabetes mellitus 5. Pregnant women",
          "HealthyVolunteers":"Accepts Healthy Volunteers",
          "Gender":"Female",
          "GenderBased":"Yes",
          "GenderDescription":"non-pregnant women with bacterial vaginosis",
          "MinimumAge":"18 Years",
          "MaximumAge":"50 Years",
          "StdAgeList":{
            "StdAge":[
              "Adult"
            ]
          }
        },
        "ContactsLocationsModule":{
          "CentralContactList":{
            "CentralContact":[
              {
                "CentralContactName":"Nurliyana Abdul Razak",
                "CentralContactRole":"Contact",
                "CentralContactPhone":"60391455555",
                "CentralContactPhoneExt":"5950",
                "CentralContactEMail":"lilin_yana@yahoo.co.uk"
              },{
                "CentralContactName":"Izyan Atiqah Zakaria, B.Med",
                "CentralContactRole":"Contact",
                "CentralContactPhone":"60391455555",
                "CentralContactPhoneExt":"5950",
                "CentralContactEMail":"yantz2002@gmail.com"
              }
            ]
          },
          "OverallOfficialList":{
            "OverallOfficial":[
              {
                "OverallOfficialName":"Nur Azurah Abdul Ghani",
                "OverallOfficialAffiliation":"The National University of Malaysia",
                "OverallOfficialRole":"Principal Investigator"
              }
            ]
          }
        },
        "ReferencesModule":{
          "ReferenceList":{
            "Reference":[
              {
                "ReferencePMID":"21251190",
                "ReferenceType":"background",
                "ReferenceCitation":"Lamont RF, Sobel JD, Akins RA, Hassan SS, Chaiworapongsa T, Kusanovic JP, Romero R. The vaginal microbiome: new information about genital tract flora using molecular based techniques. BJOG. 2011 Apr;118(5):533-49. doi: 10.1111/j.1471-0528.2010.02840.x. Epub 2011 Jan 20. Review."
              },{
                "ReferencePMID":"27183928",
                "ReferenceType":"background",
                "ReferenceCitation":"Eusaph AZ, Nighat R, Arshad A. Lactacyd FH as an adjuvant therapy for vulvovaginal infections in Pakistani women: FRESH study, a satisfaction survey. J Pak Med Assoc. 2016 May;66(5):521-7."
              },{
                "ReferencePMID":"22655031",
                "ReferenceType":"background",
                "ReferenceCitation":"Bai G, Gajer P, Nandy M, Ma B, Yang H, Sakamoto J, Blanchard MH, Ravel J, Brotman RM. Comparison of storage conditions for human vaginal microbiome studies. PLoS One. 2012;7(5):e36934. doi: 10.1371/journal.pone.0036934. Epub 2012 May 24."
              },{
                "ReferencePMID":"29674641",
                "ReferenceType":"background",
                "ReferenceCitation":"Hallmaier-Wacker LK, Lueert S, Roos C, Knauf S. The impact of storage buffer, DNA extraction method, and polymerase on microbial analysis. Sci Rep. 2018 Apr 19;8(1):6292. doi: 10.1038/s41598-018-24573-y."
              },{
                "ReferencePMID":"29637269",
                "ReferenceType":"result",
                "ReferenceCitation":"Russo R, Edu A, De Seta F. Study on the effects of an oral lactobacilli and lactoferrin complex in women with intermediate vaginal microbiota. Arch Gynecol Obstet. 2018 Jul;298(1):139-145. doi: 10.1007/s00404-018-4771-z. Epub 2018 Apr 10."
              },{
                "ReferencePMID":"21876923",
                "ReferenceType":"result",
                "ReferenceCitation":"Bahamondes MV, Portugal PM, Brolazo EM, Simões JA, Bahamondes L. Use of a lactic acid plus lactoserum intimate liquid soap for external hygiene in the prevention of bacterial vaginosis recurrence after metronidazole oral treatment. Rev Assoc Med Bras (1992). 2011 Jul-Aug;57(4):415-20."
              }
            ]
          }
        },
        "IPDSharingStatementModule":{
          "IPDSharing":"Undecided"
        }
      },
      "DerivedSection":{
        "MiscInfoModule":{
          "VersionHolder":"April 19, 2021"
        },
        "ConditionBrowseModule":{
          "ConditionMeshList":{
            "ConditionMesh":[
              {
                "ConditionMeshId":"D000016585",
                "ConditionMeshTerm":"Vaginosis, Bacterial"
              },{
                "ConditionMeshId":"D000014623",
                "ConditionMeshTerm":"Vaginal Diseases"
              }
            ]
          },
          "ConditionAncestorList":{
            "ConditionAncestor":[
              {
                "ConditionAncestorId":"D000001424",
                "ConditionAncestorTerm":"Bacterial Infections"
              },{
                "ConditionAncestorId":"D000014627",
                "ConditionAncestorTerm":"Vaginitis"
              }
            ]
          },
          "ConditionBrowseLeafList":{
            "ConditionBrowseLeaf":[
              {
                "ConditionBrowseLeafId":"M17554",
                "ConditionBrowseLeafName":"Vaginosis, Bacterial",
                "ConditionBrowseLeafAsFound":"Bacterial Vaginosis",
                "ConditionBrowseLeafRelevance":"high"
              },{
                "ConditionBrowseLeafId":"M15954",
                "ConditionBrowseLeafName":"Vaginal Diseases",
                "ConditionBrowseLeafAsFound":"Vaginosis",
                "ConditionBrowseLeafRelevance":"high"
              },{
                "ConditionBrowseLeafId":"M8866",
                "ConditionBrowseLeafName":"Infection",
                "ConditionBrowseLeafRelevance":"low"
              },{
                "ConditionBrowseLeafId":"M4951",
                "ConditionBrowseLeafName":"Communicable Diseases",
                "ConditionBrowseLeafRelevance":"low"
              },{
                "ConditionBrowseLeafId":"M3303",
                "ConditionBrowseLeafName":"Bacterial Infections",
                "ConditionBrowseLeafRelevance":"low"
              },{
                "ConditionBrowseLeafId":"M15958",
                "ConditionBrowseLeafName":"Vaginitis",
                "ConditionBrowseLeafRelevance":"low"
              }
            ]
          },
          "ConditionBrowseBranchList":{
            "ConditionBrowseBranch":[
              {
                "ConditionBrowseBranchAbbrev":"BC01",
                "ConditionBrowseBranchName":"Bacterial and Fungal Diseases"
              },{
                "ConditionBrowseBranchAbbrev":"BXS",
                "ConditionBrowseBranchName":"Urinary Tract, Sexual Organs, and Pregnancy Conditions"
              },{
                "ConditionBrowseBranchAbbrev":"All",
                "ConditionBrowseBranchName":"All Conditions"
              }
            ]
          }
        },
        "InterventionBrowseModule":{
          "InterventionBrowseLeafList":{
            "InterventionBrowseLeaf":[
              {
                "InterventionBrowseLeafId":"M10350",
                "InterventionBrowseLeafName":"Metronidazole",
                "InterventionBrowseLeafRelevance":"low"
              },{
                "InterventionBrowseLeafId":"M6245",
                "InterventionBrowseLeafName":"Edetic Acid",
                "InterventionBrowseLeafRelevance":"low"
              },{
                "InterventionBrowseLeafId":"M6126",
                "InterventionBrowseLeafName":"Pentetic Acid",
                "InterventionBrowseLeafRelevance":"low"
              },{
                "InterventionBrowseLeafId":"M1793",
                "InterventionBrowseLeafName":"Polidocanol",
                "InterventionBrowseLeafRelevance":"low"
              },{
                "InterventionBrowseLeafId":"M3489",
                "InterventionBrowseLeafName":"Betaine",
                "InterventionBrowseLeafRelevance":"low"
              },{
                "InterventionBrowseLeafId":"M267033",
                "InterventionBrowseLeafName":"Octenidine",
                "InterventionBrowseLeafRelevance":"low"
              }
            ]
          },
          "InterventionBrowseBranchList":{
            "InterventionBrowseBranch":[
              {
                "InterventionBrowseBranchAbbrev":"Infe",
                "InterventionBrowseBranchName":"Anti-Infective Agents"
              },{
                "InterventionBrowseBranchAbbrev":"All",
                "InterventionBrowseBranchName":"All Drugs and Chemicals"
              },{
                "InterventionBrowseBranchAbbrev":"AnCoag",
                "InterventionBrowseBranchName":"Anticoagulants"
              },{
                "InterventionBrowseBranchAbbrev":"PhSol",
                "InterventionBrowseBranchName":"Pharmaceutical Solutions"
              },{
                "InterventionBrowseBranchAbbrev":"Gast",
                "InterventionBrowseBranchName":"Gastrointestinal Agents"
              },{
                "InterventionBrowseBranchAbbrev":"Lipd",
                "InterventionBrowseBranchName":"Lipid Regulating Agents"
              }
            ]
          }
        }
      }
    }
  }
}

