{
  "FullStudy":{
    "Rank":606,
    "Study":{
      "ProtocolSection":{
        "IdentificationModule":{
          "NCTId":"NCT04842071",
          "OrgStudyIdInfo":{
            "OrgStudyId":"CIMS-2008-01"
          },
          "Organization":{
            "OrgFullName":"Centre de recherche du Centre hospitalier universitaire de Sherbrooke",
            "OrgClass":"OTHER"
          },
          "BriefTitle":"18F-sodium Fluoride (NaF) PET to Replace Bone Scintigraphy: Safety and Efficacy Assessment",
          "OfficialTitle":"Open-label Clinical Trial on the Safety and Efficacy of 18F-sodium Fluoride (NaF) PET Imaging in Patients in Need of a Standard 99mTc Bone Scintigraphy"
        },
        "StatusModule":{
          "StatusVerifiedDate":"April 2021",
          "OverallStatus":"Recruiting",
          "StartDateStruct":{
            "StartDate":"January 1, 2008",
            "StartDateType":"Actual"
          },
          "PrimaryCompletionDateStruct":{
            "PrimaryCompletionDate":"December 31, 2025",
            "PrimaryCompletionDateType":"Anticipated"
          },
          "CompletionDateStruct":{
            "CompletionDate":"December 31, 2025",
            "CompletionDateType":"Anticipated"
          },
          "StudyFirstSubmitDate":"April 8, 2021",
          "StudyFirstSubmitQCDate":"April 8, 2021",
          "StudyFirstPostDateStruct":{
            "StudyFirstPostDate":"April 13, 2021",
            "StudyFirstPostDateType":"Actual"
          },
          "LastUpdateSubmitDate":"April 14, 2021",
          "LastUpdatePostDateStruct":{
            "LastUpdatePostDate":"April 19, 2021",
            "LastUpdatePostDateType":"Estimate"
          }
        },
        "SponsorCollaboratorsModule":{
          "ResponsibleParty":{
            "ResponsiblePartyType":"Principal Investigator",
            "ResponsiblePartyInvestigatorFullName":"Dr Éric E Turcotte, MD",
            "ResponsiblePartyInvestigatorTitle":"Head of clinical research, CIMS, CRCHUS",
            "ResponsiblePartyInvestigatorAffiliation":"Centre de recherche du Centre hospitalier universitaire de Sherbrooke"
          },
          "LeadSponsor":{
            "LeadSponsorName":"Centre de recherche du Centre hospitalier universitaire de Sherbrooke",
            "LeadSponsorClass":"OTHER"
          },
          "CollaboratorList":{
            "Collaborator":[
              {
                "CollaboratorName":"Université de Sherbrooke",
                "CollaboratorClass":"OTHER"
              }
            ]
          }
        },
        "OversightModule":{
          "OversightHasDMC":"No",
          "IsFDARegulatedDrug":"Yes"
        },
        "DescriptionModule":{
          "BriefSummary":"18F-sodium fluoride (18F-NaF) was already investigated numerous times in the last 40 years as a PET alternative to standard 99m-technetium-derived bone scintigraphy. However, lack of universal tracer availability and higher costs contributed to the failure of 18F-NaF to systematically supplant bone scintigraphy as a standard of care.\n\nRecently, an isotope shortage crisis occurred and evidenced the need to have non-reactor-derived alternatives for many nuclear medicine procedures, including bone scintigraphy. Since 18F-NaF is cyclotron-produced, it could become a necessary alternative to bone scintigraphy in case of another worldwide isotope shortage.\n\nThe study aims to evaluate the safety profile of 18F-NaF injection. Moreover, a patient registry will be compiled in order to perform sub-studies on 18F-NaF diagnostic performance on diverse bone and articular diseases."
        },
        "ConditionsModule":{
          "ConditionList":{
            "Condition":[
              "Bone Cancer",
              "Articular Disease",
              "Infectious Disease"
            ]
          },
          "KeywordList":{
            "Keyword":[
              "18F-NaF",
              "Bone scintigraphy",
              "bone diseases"
            ]
          }
        },
        "DesignModule":{
          "StudyType":"Interventional",
          "PhaseList":{
            "Phase":[
              "Phase 3"
            ]
          },
          "DesignInfo":{
            "DesignAllocation":"N/A",
            "DesignInterventionModel":"Single Group Assignment",
            "DesignInterventionModelDescription":"Every patient in need and/or eligible for a standard 99mTc-biphosphonate bone scintigraphy is eligible to participate to this study. Patient data and examination results will be compiled and monitored. The safety profile of 18F-NaF produced in the primary site will be determined.",
            "DesignPrimaryPurpose":"Diagnostic",
            "DesignMaskingInfo":{
              "DesignMasking":"None (Open Label)"
            }
          },
          "EnrollmentInfo":{
            "EnrollmentCount":"2500",
            "EnrollmentType":"Anticipated"
          }
        },
        "ArmsInterventionsModule":{
          "ArmGroupList":{
            "ArmGroup":[
              {
                "ArmGroupLabel":"18F-NaF eligible patients",
                "ArmGroupType":"Experimental",
                "ArmGroupInterventionList":{
                  "ArmGroupInterventionName":[
                    "Diagnostic Test: 18F-sodium fluoride"
                  ]
                }
              }
            ]
          },
          "InterventionList":{
            "Intervention":[
              {
                "InterventionType":"Diagnostic Test",
                "InterventionName":"18F-sodium fluoride",
                "InterventionDescription":"Intravenous injection of 4 MBq/kg for pediatric patients, or 5 MBq/kg for adult patients (maximum of 555 MBq), followed by a 45 minutes waiting time. Patients is then placed in supine position in a PET/CT scanner for a duration of no more than 30 minutes.",
                "InterventionArmGroupLabelList":{
                  "InterventionArmGroupLabel":[
                    "18F-NaF eligible patients"
                  ]
                },
                "InterventionOtherNameList":{
                  "InterventionOtherName":[
                    "18F-NaF"
                  ]
                }
              }
            ]
          }
        },
        "OutcomesModule":{
          "PrimaryOutcomeList":{
            "PrimaryOutcome":[
              {
                "PrimaryOutcomeMeasure":"Safety profile of 18F-NaF",
                "PrimaryOutcomeDescription":"A registry monitoring eventual adverse effects for this radiopharmaceutical agent will be compiled. Usual procedures will be applied to divulgate any serious adverse effects.",
                "PrimaryOutcomeTimeFrame":"17 years"
              },{
                "PrimaryOutcomeMeasure":"Efficacy profile of 18F-NaF compared to 99mTc-biphosphonate bone scintigraphy",
                "PrimaryOutcomeDescription":"Using the patient registry, and in the eventual sub-studies to come, the diagnostic performance of 18F-NaF-PET will be compared to similar available imaging tests, most notably 99mTc-biphosphonate bone scintigraphy.",
                "PrimaryOutcomeTimeFrame":"17 years"
              },{
                "PrimaryOutcomeMeasure":"Correlate 18F-NaF PET images with pathology reports",
                "PrimaryOutcomeDescription":"Pathology data from the diverse conditions eligible for the 18F-NaF PET scan will be also monitored when available. Prognostic value from the imaging data will be compared with those obtained from the pathology.",
                "PrimaryOutcomeTimeFrame":"17 years"
              }
            ]
          }
        },
        "EligibilityModule":{
          "EligibilityCriteria":"Inclusion Criteria:\n\nPatients for whom a 99mTc-biphosphonate bone scintigraphy is indicated;\nPediatric patients for whom a 99mTc-biphosphonate bone scintigraphy is indicated for oncologic or infectious reasons\nAble to tolerate supine position\nWritten consent\n\nExclusion Criteria:\n\nHealthy subjects\nPregnancy\nUnable of maintaining supine position for more than 15 minutes\nRefusal to sign the consent form\nKnown allergy or hypersensitivity to 18F-NaF or any of its constituants.",
          "HealthyVolunteers":"No",
          "Gender":"All",
          "StdAgeList":{
            "StdAge":[
              "Child",
              "Adult",
              "Older Adult"
            ]
          }
        },
        "ContactsLocationsModule":{
          "CentralContactList":{
            "CentralContact":[
              {
                "CentralContactName":"Stéphanie Dubreuil",
                "CentralContactRole":"Contact",
                "CentralContactPhone":"819-346-1110",
                "CentralContactPhoneExt":"16617",
                "CentralContactEMail":"stephanie.dubreuil2@usherbrooke.ca"
              }
            ]
          },
          "OverallOfficialList":{
            "OverallOfficial":[
              {
                "OverallOfficialName":"Éric E Turcotte, MD",
                "OverallOfficialAffiliation":"Université de Sherbrooke, Centre de Recherche du CHUS",
                "OverallOfficialRole":"Principal Investigator"
              }
            ]
          },
          "LocationList":{
            "Location":[
              {
                "LocationFacility":"CHUS",
                "LocationStatus":"Recruiting",
                "LocationCity":"Sherbrooke",
                "LocationState":"Quebec",
                "LocationZip":"J1H 5N4",
                "LocationCountry":"Canada",
                "LocationContactList":{
                  "LocationContact":[
                    {
                      "LocationContactName":"Stéphanie Dubreuil",
                      "LocationContactRole":"Contact",
                      "LocationContactPhone":"819-346-1110",
                      "LocationContactPhoneExt":"16617",
                      "LocationContactEMail":"Stephanie.Dubreuil2@Usherbrooke.ca"
                    },{
                      "LocationContactName":"Éric Turcotte, MD",
                      "LocationContactRole":"Principal Investigator"
                    }
                  ]
                }
              },{
                "LocationFacility":"Université deSherbrooke",
                "LocationStatus":"Recruiting",
                "LocationCity":"Sherbrooke",
                "LocationState":"Quebec",
                "LocationZip":"J1H5N4",
                "LocationCountry":"Canada",
                "LocationContactList":{
                  "LocationContact":[
                    {
                      "LocationContactName":"Eric E Turcotte, MD",
                      "LocationContactRole":"Contact",
                      "LocationContactPhone":"346-1110",
                      "LocationContactPhoneExt":"11887",
                      "LocationContactEMail":"eric.e.turcotte@usherbrooke.ca"
                    },{
                      "LocationContactName":"Stephanie Dubreuil",
                      "LocationContactRole":"Contact",
                      "LocationContactPhone":"819-346-1110",
                      "LocationContactPhoneExt":"16617",
                      "LocationContactEMail":"Stephanie.dubreuil2@usherbrooke.ca"
                    }
                  ]
                }
              }
            ]
          }
        },
        "IPDSharingStatementModule":{
          "IPDSharing":"No"
        }
      },
      "DerivedSection":{
        "MiscInfoModule":{
          "VersionHolder":"April 19, 2021"
        },
        "ConditionBrowseModule":{
          "ConditionMeshList":{
            "ConditionMesh":[
              {
                "ConditionMeshId":"D000003141",
                "ConditionMeshTerm":"Communicable Diseases"
              },{
                "ConditionMeshId":"D000007239",
                "ConditionMeshTerm":"Infection"
              },{
                "ConditionMeshId":"D000001859",
                "ConditionMeshTerm":"Bone Neoplasms"
              }
            ]
          },
          "ConditionAncestorList":{
            "ConditionAncestor":[
              {
                "ConditionAncestorId":"D000009371",
                "ConditionAncestorTerm":"Neoplasms by Site"
              },{
                "ConditionAncestorId":"D000009369",
                "ConditionAncestorTerm":"Neoplasms"
              },{
                "ConditionAncestorId":"D000001847",
                "ConditionAncestorTerm":"Bone Diseases"
              },{
                "ConditionAncestorId":"D000009140",
                "ConditionAncestorTerm":"Musculoskeletal Diseases"
              }
            ]
          },
          "ConditionBrowseLeafList":{
            "ConditionBrowseLeaf":[
              {
                "ConditionBrowseLeafId":"M8866",
                "ConditionBrowseLeafName":"Infection",
                "ConditionBrowseLeafAsFound":"Infectious Disease",
                "ConditionBrowseLeafRelevance":"high"
              },{
                "ConditionBrowseLeafId":"M4951",
                "ConditionBrowseLeafName":"Communicable Diseases",
                "ConditionBrowseLeafAsFound":"Infectious Disease",
                "ConditionBrowseLeafRelevance":"high"
              },{
                "ConditionBrowseLeafId":"M3720",
                "ConditionBrowseLeafName":"Bone Neoplasms",
                "ConditionBrowseLeafAsFound":"Bone Cancer",
                "ConditionBrowseLeafRelevance":"high"
              },{
                "ConditionBrowseLeafId":"M13917",
                "ConditionBrowseLeafName":"Osteosarcoma",
                "ConditionBrowseLeafRelevance":"low"
              },{
                "ConditionBrowseLeafId":"M9204",
                "ConditionBrowseLeafName":"Joint Diseases",
                "ConditionBrowseLeafRelevance":"low"
              },{
                "ConditionBrowseLeafId":"M3708",
                "ConditionBrowseLeafName":"Bone Diseases",
                "ConditionBrowseLeafRelevance":"low"
              },{
                "ConditionBrowseLeafId":"M10680",
                "ConditionBrowseLeafName":"Musculoskeletal Diseases",
                "ConditionBrowseLeafRelevance":"low"
              },{
                "ConditionBrowseLeafId":"T4340",
                "ConditionBrowseLeafName":"Osteosarcoma",
                "ConditionBrowseLeafRelevance":"low"
              }
            ]
          },
          "ConditionBrowseBranchList":{
            "ConditionBrowseBranch":[
              {
                "ConditionBrowseBranchAbbrev":"BC01",
                "ConditionBrowseBranchName":"Bacterial and Fungal Diseases"
              },{
                "ConditionBrowseBranchAbbrev":"All",
                "ConditionBrowseBranchName":"All Conditions"
              },{
                "ConditionBrowseBranchAbbrev":"BC04",
                "ConditionBrowseBranchName":"Cancers and Other Neoplasms"
              },{
                "ConditionBrowseBranchAbbrev":"BC05",
                "ConditionBrowseBranchName":"Muscle, Bone, and Cartilage Diseases"
              },{
                "ConditionBrowseBranchAbbrev":"Rare",
                "ConditionBrowseBranchName":"Rare Diseases"
              }
            ]
          }
        },
        "InterventionBrowseModule":{
          "InterventionMeshList":{
            "InterventionMesh":[
              {
                "InterventionMeshId":"C000057473",
                "InterventionMeshTerm":"Listerine"
              },{
                "InterventionMeshId":"D000005459",
                "InterventionMeshTerm":"Fluorides"
              },{
                "InterventionMeshId":"D000012969",
                "InterventionMeshTerm":"Sodium Fluoride"
              }
            ]
          },
          "InterventionAncestorList":{
            "InterventionAncestor":[
              {
                "InterventionAncestorId":"D000002327",
                "InterventionAncestorTerm":"Cariostatic Agents"
              },{
                "InterventionAncestorId":"D000020011",
                "InterventionAncestorTerm":"Protective Agents"
              },{
                "InterventionAncestorId":"D000045505",
                "InterventionAncestorTerm":"Physiological Effects of Drugs"
              },{
                "InterventionAncestorId":"D000000891",
                "InterventionAncestorTerm":"Anti-Infective Agents, Local"
              },{
                "InterventionAncestorId":"D000000890",
                "InterventionAncestorTerm":"Anti-Infective Agents"
              }
            ]
          },
          "InterventionBrowseLeafList":{
            "InterventionBrowseLeaf":[
              {
                "InterventionBrowseLeafId":"M143226",
                "InterventionBrowseLeafName":"Listerine",
                "InterventionBrowseLeafAsFound":"Appearance",
                "InterventionBrowseLeafRelevance":"high"
              },{
                "InterventionBrowseLeafId":"M7170",
                "InterventionBrowseLeafName":"Fluorides",
                "InterventionBrowseLeafAsFound":"Available",
                "InterventionBrowseLeafRelevance":"high"
              },{
                "InterventionBrowseLeafId":"M14354",
                "InterventionBrowseLeafName":"Sodium Fluoride",
                "InterventionBrowseLeafAsFound":"Appearance",
                "InterventionBrowseLeafRelevance":"high"
              },{
                "InterventionBrowseLeafId":"M20453",
                "InterventionBrowseLeafName":"Protective Agents",
                "InterventionBrowseLeafRelevance":"low"
              },{
                "InterventionBrowseLeafId":"M2795",
                "InterventionBrowseLeafName":"Anti-Infective Agents",
                "InterventionBrowseLeafRelevance":"low"
              },{
                "InterventionBrowseLeafId":"M2796",
                "InterventionBrowseLeafName":"Anti-Infective Agents, Local",
                "InterventionBrowseLeafRelevance":"low"
              }
            ]
          },
          "InterventionBrowseBranchList":{
            "InterventionBrowseBranch":[
              {
                "InterventionBrowseBranchAbbrev":"Infe",
                "InterventionBrowseBranchName":"Anti-Infective Agents"
              },{
                "InterventionBrowseBranchAbbrev":"All",
                "InterventionBrowseBranchName":"All Drugs and Chemicals"
              }
            ]
          }
        }
      }
    }
  }
}

