{
  "FullStudy":{
    "Rank":576,
    "Study":{
      "ProtocolSection":{
        "IdentificationModule":{
          "NCTId":"NCT04842461",
          "OrgStudyIdInfo":{
            "OrgStudyId":"MHS"
          },
          "Organization":{
            "OrgFullName":"Cardenal Herrera University",
            "OrgClass":"OTHER"
          },
          "BriefTitle":"Mental Health, Addictions and Biomarkers in High Athletes Performance",
          "OfficialTitle":"Presence of Psychopathy and Antisocial Personality Disorder as Well as Genetic Biomarkers and the Inhibition-prepulse Endophenotype in Elite Athletes"
        },
        "StatusModule":{
          "StatusVerifiedDate":"April 2021",
          "OverallStatus":"Recruiting",
          "ExpandedAccessInfo":{
            "HasExpandedAccess":"No"
          },
          "StartDateStruct":{
            "StartDate":"October 15, 2020",
            "StartDateType":"Actual"
          },
          "PrimaryCompletionDateStruct":{
            "PrimaryCompletionDate":"March 10, 2021",
            "PrimaryCompletionDateType":"Actual"
          },
          "CompletionDateStruct":{
            "CompletionDate":"July 31, 2022",
            "CompletionDateType":"Anticipated"
          },
          "StudyFirstSubmitDate":"April 7, 2021",
          "StudyFirstSubmitQCDate":"April 9, 2021",
          "StudyFirstPostDateStruct":{
            "StudyFirstPostDate":"April 13, 2021",
            "StudyFirstPostDateType":"Actual"
          },
          "LastUpdateSubmitDate":"April 9, 2021",
          "LastUpdatePostDateStruct":{
            "LastUpdatePostDate":"April 13, 2021",
            "LastUpdatePostDateType":"Actual"
          }
        },
        "SponsorCollaboratorsModule":{
          "ResponsibleParty":{
            "ResponsiblePartyType":"Principal Investigator",
            "ResponsiblePartyInvestigatorFullName":"Isabel Almodóvar Fernández",
            "ResponsiblePartyInvestigatorTitle":"PhD",
            "ResponsiblePartyInvestigatorAffiliation":"Cardenal Herrera University"
          },
          "LeadSponsor":{
            "LeadSponsorName":"Cardenal Herrera University",
            "LeadSponsorClass":"OTHER"
          },
          "CollaboratorList":{
            "Collaborator":[
              {
                "CollaboratorName":"Villarreal CF",
                "CollaboratorClass":"UNKNOWN"
              }
            ]
          }
        },
        "OversightModule":{
          "OversightHasDMC":"No",
          "IsFDARegulatedDrug":"No",
          "IsFDARegulatedDevice":"No"
        },
        "DescriptionModule":{
          "BriefSummary":"Sport is a privileged area to promote socialization and health values, such as companionship; a healthy lifestyle; cooperation to achieve common goals, and justice, rejecting unjustified advantages in competition. The concept of fair play is on which the development of those values pivots. From a holistic perspective, it is possible to define fair play, not only as a way to participate but also as a way of projecting people in life with values, assuming a set of behaviors that enhance a healthy and respectful sporting experience with opponents, the companions, the spectators, the referees and all the agents that take part in the sport practice.",
          "DetailedDescription":"Sport is a privileged area to promote socialization and health values, such as companionship; a healthy lifestyle; cooperation to achieve common goals, and justice, rejecting unjustified advantages in competition. The concept of fair play is on which the development of those values pivots. From a holistic perspective, it is possible to define fair play, not only as a way to participate but also as a way of projecting people in life with values, assuming a set of behaviors that enhance a healthy and respectful sporting experience with opponents, the companions, the spectators, the referees and all the agents that take part in the sport practice.\n\nSince 2018, joint actions have been carried out with the Villarreal de Fútbol Club, within the framework of the ENDAVANT agreement. Within these actions, it is proposed to develop different lines of research on sport and health. Within these lines, one of special relevance is that related to the risk of consumption of illicit substances and / or behavioral addictions, in elite athletes, since they are subjected to intense training days and stress situations derived from the demands of performance of professional competitive activity. On the other hand, recently published behavioral studies show that athletes who practice non-contact sports have a greater capacity to identify and assess emotions than athletes who practice contact sports and than those who practice contact sports show higher levels of physical aggression or verbal, and hostility or anger, than athletes who practice individual and non-contact sports."
        },
        "ConditionsModule":{
          "ConditionList":{
            "Condition":[
              "Mental Disorder",
              "Anxiety",
              "Depression",
              "Substance Abuse",
              "Pathological Gambling"
            ]
          },
          "KeywordList":{
            "Keyword":[
              "mental disorder",
              "gambling",
              "despression",
              "anxiety"
            ]
          }
        },
        "DesignModule":{
          "StudyType":"Observational",
          "PatientRegistry":"Yes",
          "TargetDuration":"2 Years",
          "DesignInfo":{
            "DesignObservationalModelList":{
              "DesignObservationalModel":[
                "Case-Control"
              ]
            },
            "DesignTimePerspectiveList":{
              "DesignTimePerspective":[
                "Prospective"
              ]
            }
          },
          "EnrollmentInfo":{
            "EnrollmentCount":"60",
            "EnrollmentType":"Anticipated"
          }
        },
        "OutcomesModule":{
          "PrimaryOutcomeList":{
            "PrimaryOutcome":[
              {
                "PrimaryOutcomeMeasure":"Common drugs",
                "PrimaryOutcomeDescription":"Describe the consumption of common drugs in elite athletes.",
                "PrimaryOutcomeTimeFrame":"2 years"
              },{
                "PrimaryOutcomeMeasure":"Identify other mental disorders",
                "PrimaryOutcomeDescription":"Identify other mental disorders differents than addictions and psychopathy in elite athletes.",
                "PrimaryOutcomeTimeFrame":"2 years"
              },{
                "PrimaryOutcomeMeasure":"Explore the consumption of new psychoactive substances",
                "PrimaryOutcomeDescription":"Explore the consumption of new psychoactive substances in elite athletes",
                "PrimaryOutcomeTimeFrame":"2 years"
              },{
                "PrimaryOutcomeMeasure":"Pathological gambling",
                "PrimaryOutcomeDescription":"Describe the study of behavioral addictions and video game addiction in elite athletes.",
                "PrimaryOutcomeTimeFrame":"2 years"
              },{
                "PrimaryOutcomeMeasure":"Mental disorders",
                "PrimaryOutcomeDescription":"Describe the presence of psychopathy and antisocial personality disorder",
                "PrimaryOutcomeTimeFrame":"2 years"
              },{
                "PrimaryOutcomeMeasure":"Genetic biomarkers",
                "PrimaryOutcomeDescription":"Describe genetic biomarkers endophenotype in elite athletes.",
                "PrimaryOutcomeTimeFrame":"2 years"
              },{
                "PrimaryOutcomeMeasure":"Dopping",
                "PrimaryOutcomeDescription":"Describe new dopping substances in elite atheletes.",
                "PrimaryOutcomeTimeFrame":"2 years"
              }
            ]
          }
        },
        "EligibilityModule":{
          "EligibilityCriteria":"Inclusion Criteria:\n\nactive athletes in the elite soccer competition from the Villarreal CF, who agree to be included in the study by signing an informed consent and who have a health profile made by the club's Medical Service.\n\nExclusion Criteria:\n\nathletes who are transferred to other clubs during the study period.",
          "Gender":"All",
          "MinimumAge":"18 Years",
          "MaximumAge":"40 Years",
          "StdAgeList":{
            "StdAge":[
              "Adult"
            ]
          },
          "StudyPopulation":"Elite football players from Spanish football league",
          "SamplingMethod":"Non-Probability Sample"
        },
        "ContactsLocationsModule":{
          "CentralContactList":{
            "CentralContact":[
              {
                "CentralContactName":"Isabel Almodóvar Fernández, PhD",
                "CentralContactRole":"Contact",
                "CentralContactPhone":"0034636760923",
                "CentralContactEMail":"isabelalmodovarfernandez@gmail.com"
              },{
                "CentralContactName":"Isabel Almoodóvar Fernández, PhD",
                "CentralContactRole":"Contact",
                "CentralContactPhone":"0034636760923",
                "CentralContactEMail":"isabelalmodovarfernandez@gmail.com"
              }
            ]
          },
          "OverallOfficialList":{
            "OverallOfficial":[
              {
                "OverallOfficialName":"Adolfo Muñoz Macho, MD",
                "OverallOfficialAffiliation":"Medical Services of Villarreal CF SAD",
                "OverallOfficialRole":"Study Chair"
              }
            ]
          },
          "LocationList":{
            "Location":[
              {
                "LocationFacility":"Villarreal CF",
                "LocationStatus":"Recruiting",
                "LocationCity":"Villa-Real",
                "LocationState":"Castellón",
                "LocationZip":"12540",
                "LocationCountry":"Spain",
                "LocationContactList":{
                  "LocationContact":[
                    {
                      "LocationContactName":"Isabel Almodóvar Fernández, PhD",
                      "LocationContactRole":"Contact",
                      "LocationContactPhone":"0034636760923",
                      "LocationContactEMail":"isabelalmodovarfernandez@gmail.com"
                    },{
                      "LocationContactName":"Antonio Real Fernández, PhD",
                      "LocationContactRole":"Principal Investigator"
                    },{
                      "LocationContactName":"Adolfo Muñoz Macho, MD",
                      "LocationContactRole":"Principal Investigator"
                    },{
                      "LocationContactName":"Hector Usó Vicent",
                      "LocationContactRole":"Principal Investigator"
                    },{
                      "LocationContactName":"Isabel Aleixandre Górriz, PhD",
                      "LocationContactRole":"Principal Investigator"
                    },{
                      "LocationContactName":"Paula Sáchez Thevenet, PhD",
                      "LocationContactRole":"Principal Investigator"
                    },{
                      "LocationContactName":"Gonzalo Rafael Haro Cortés, Phd MD",
                      "LocationContactRole":"Principal Investigator"
                    },{
                      "LocationContactName":"Isabel Almodóvar Fernández, PhD",
                      "LocationContactRole":"Principal Investigator"
                    },{
                      "LocationContactName":"Alejandro Fuertes Saiz, MD",
                      "LocationContactRole":"Principal Investigator"
                    },{
                      "LocationContactName":"Lidia Ibañez Torres, PhD",
                      "LocationContactRole":"Principal Investigator"
                    },{
                      "LocationContactName":"Rafael González Moret, PhD",
                      "LocationContactRole":"Principal Investigator"
                    }
                  ]
                }
              },{
                "LocationFacility":"Villarreal CF",
                "LocationStatus":"Not yet recruiting",
                "LocationCity":"Villarreal",
                "LocationState":"Castellón",
                "LocationZip":"12540",
                "LocationCountry":"Spain",
                "LocationContactList":{
                  "LocationContact":[
                    {
                      "LocationContactName":"Isabel Almodóvar Fernández, PhD",
                      "LocationContactRole":"Contact",
                      "LocationContactPhone":"0034636760923",
                      "LocationContactEMail":"isabelalmodovarfernandez@gmail.com"
                    },{
                      "LocationContactName":"Adolfo Muñoz Macho, MD",
                      "LocationContactRole":"Contact",
                      "LocationContactPhone":"0034619131738",
                      "LocationContactEMail":"dradolfomunoz@villarrealcf.es"
                    }
                  ]
                }
              }
            ]
          }
        }
      },
      "DerivedSection":{
        "MiscInfoModule":{
          "VersionHolder":"April 19, 2021"
        },
        "ConditionBrowseModule":{
          "ConditionMeshList":{
            "ConditionMesh":[
              {
                "ConditionMeshId":"D000019966",
                "ConditionMeshTerm":"Substance-Related Disorders"
              },{
                "ConditionMeshId":"D000001523",
                "ConditionMeshTerm":"Mental Disorders"
              },{
                "ConditionMeshId":"D000011618",
                "ConditionMeshTerm":"Psychotic Disorders"
              },{
                "ConditionMeshId":"D000005715",
                "ConditionMeshTerm":"Gambling"
              }
            ]
          },
          "ConditionAncestorList":{
            "ConditionAncestor":[
              {
                "ConditionAncestorId":"D000064419",
                "ConditionAncestorTerm":"Chemically-Induced Disorders"
              },{
                "ConditionAncestorId":"D000019967",
                "ConditionAncestorTerm":"Schizophrenia Spectrum and Other Psychotic Disorders"
              },{
                "ConditionAncestorId":"D000007174",
                "ConditionAncestorTerm":"Disruptive, Impulse Control, and Conduct Disorders"
              }
            ]
          },
          "ConditionBrowseLeafList":{
            "ConditionBrowseLeaf":[
              {
                "ConditionBrowseLeafId":"M2905",
                "ConditionBrowseLeafName":"Anxiety Disorders",
                "ConditionBrowseLeafRelevance":"low"
              },{
                "ConditionBrowseLeafId":"M5641",
                "ConditionBrowseLeafName":"Depression",
                "ConditionBrowseLeafRelevance":"low"
              },{
                "ConditionBrowseLeafId":"M5644",
                "ConditionBrowseLeafName":"Depressive Disorder",
                "ConditionBrowseLeafRelevance":"low"
              },{
                "ConditionBrowseLeafId":"M17683",
                "ConditionBrowseLeafName":"Behavior, Addictive",
                "ConditionBrowseLeafRelevance":"low"
              },{
                "ConditionBrowseLeafId":"M3396",
                "ConditionBrowseLeafName":"Mental Disorders",
                "ConditionBrowseLeafAsFound":"Mental Disorders",
                "ConditionBrowseLeafRelevance":"high"
              },{
                "ConditionBrowseLeafId":"M13056",
                "ConditionBrowseLeafName":"Psychotic Disorders",
                "ConditionBrowseLeafAsFound":"Mental Disorders",
                "ConditionBrowseLeafRelevance":"high"
              },{
                "ConditionBrowseLeafId":"M7415",
                "ConditionBrowseLeafName":"Gambling",
                "ConditionBrowseLeafAsFound":"Gambling",
                "ConditionBrowseLeafRelevance":"high"
              },{
                "ConditionBrowseLeafId":"M12045",
                "ConditionBrowseLeafName":"Personality Disorders",
                "ConditionBrowseLeafRelevance":"low"
              },{
                "ConditionBrowseLeafId":"M2884",
                "ConditionBrowseLeafName":"Antisocial Personality Disorder",
                "ConditionBrowseLeafRelevance":"low"
              },{
                "ConditionBrowseLeafId":"M20421",
                "ConditionBrowseLeafName":"Substance-Related Disorders",
                "ConditionBrowseLeafAsFound":"Substance Abuse",
                "ConditionBrowseLeafRelevance":"high"
              },{
                "ConditionBrowseLeafId":"M28889",
                "ConditionBrowseLeafName":"Chemically-Induced Disorders",
                "ConditionBrowseLeafRelevance":"low"
              },{
                "ConditionBrowseLeafId":"M13959",
                "ConditionBrowseLeafName":"Schizophrenia",
                "ConditionBrowseLeafRelevance":"low"
              },{
                "ConditionBrowseLeafId":"M20422",
                "ConditionBrowseLeafName":"Schizophrenia Spectrum and Other Psychotic Disorders",
                "ConditionBrowseLeafRelevance":"low"
              },{
                "ConditionBrowseLeafId":"M20411",
                "ConditionBrowseLeafName":"Conduct Disorder",
                "ConditionBrowseLeafRelevance":"low"
              },{
                "ConditionBrowseLeafId":"M8802",
                "ConditionBrowseLeafName":"Disruptive, Impulse Control, and Conduct Disorders",
                "ConditionBrowseLeafRelevance":"low"
              }
            ]
          },
          "ConditionBrowseBranchList":{
            "ConditionBrowseBranch":[
              {
                "ConditionBrowseBranchAbbrev":"BXM",
                "ConditionBrowseBranchName":"Behaviors and Mental Disorders"
              },{
                "ConditionBrowseBranchAbbrev":"All",
                "ConditionBrowseBranchName":"All Conditions"
              },{
                "ConditionBrowseBranchAbbrev":"BC25",
                "ConditionBrowseBranchName":"Substance Related Disorders"
              }
            ]
          }
        }
      }
    }
  }
}

