{
  "FullStudy":{
    "Rank":376,
    "Study":{
      "ProtocolSection":{
        "IdentificationModule":{
          "NCTId":"NCT04845061",
          "OrgStudyIdInfo":{
            "OrgStudyId":"beta blockers in copd"
          },
          "Organization":{
            "OrgFullName":"Ain Shams University",
            "OrgClass":"OTHER"
          },
          "BriefTitle":"Evaluating the Outcome of Cardio Selective beta1- Blockers Use in Patients With Copd",
          "OfficialTitle":"Evaluating the Outcome of Cardio Selective beta1- Blockers Use in Patients With Chronic Obstructive Pulmonary Disease: A Pilot Study"
        },
        "StatusModule":{
          "StatusVerifiedDate":"April 2021",
          "OverallStatus":"Recruiting",
          "ExpandedAccessInfo":{
            "HasExpandedAccess":"No"
          },
          "StartDateStruct":{
            "StartDate":"October 1, 2021",
            "StartDateType":"Anticipated"
          },
          "PrimaryCompletionDateStruct":{
            "PrimaryCompletionDate":"December 15, 2021",
            "PrimaryCompletionDateType":"Anticipated"
          },
          "CompletionDateStruct":{
            "CompletionDate":"January 15, 2022",
            "CompletionDateType":"Anticipated"
          },
          "StudyFirstSubmitDate":"March 29, 2021",
          "StudyFirstSubmitQCDate":"April 10, 2021",
          "StudyFirstPostDateStruct":{
            "StudyFirstPostDate":"April 14, 2021",
            "StudyFirstPostDateType":"Actual"
          },
          "LastUpdateSubmitDate":"April 10, 2021",
          "LastUpdatePostDateStruct":{
            "LastUpdatePostDate":"April 14, 2021",
            "LastUpdatePostDateType":"Actual"
          }
        },
        "SponsorCollaboratorsModule":{
          "ResponsibleParty":{
            "ResponsiblePartyType":"Principal Investigator",
            "ResponsiblePartyInvestigatorFullName":"Asma Shain Suliman",
            "ResponsiblePartyInvestigatorTitle":"Clinical pharmacist",
            "ResponsiblePartyInvestigatorAffiliation":"Ain Shams University"
          },
          "LeadSponsor":{
            "LeadSponsorName":"Ain Shams University",
            "LeadSponsorClass":"OTHER"
          }
        },
        "OversightModule":{
          "IsFDARegulatedDrug":"No",
          "IsFDARegulatedDevice":"No"
        },
        "DescriptionModule":{
          "BriefSummary":"To Evaluate the Outcome of cardio selective beta1 (β1-) blockers use in patients with chronic obstructive pulmonary disease.\n\nPatient education about the COPD and their medications.",
          "DetailedDescription":"Chronic obstructive pulmonary disease (COPD) is a common preventable and Treatable airway disorder characterized by symptoms such as dyspnea, chronic Cough, and sputum production along with persistent airflow limitation that is not fully Reversible.\n\nEvidence provided by post hoc analysis of clinical trials and large observational studies suggests a beneficial effect of beta-blockers on mortality and exacerbation in mild to moderate COPD patients.\n\nEvidence concerning cardio selective B blockers. Over the past 20 years' non selective B blockers have largely been replaced with cardio selective blockers. Cardio selective beta blockers such as atenolol and metoprolol are at least 20 times more potent at blocking B-1 receptors than B-2 receptors. At therapeutic doses the B-1 blocking effect, and therefore the risk of bronco constriction, is negligible. In addition there is strong evidence that B-blocked cause up-regulation and sensitization of B-receptors."
        },
        "ConditionsModule":{
          "ConditionList":{
            "Condition":[
              "Copd"
            ]
          },
          "KeywordList":{
            "Keyword":[
              "beta blockers -nebivolol"
            ]
          }
        },
        "DesignModule":{
          "StudyType":"Interventional",
          "PhaseList":{
            "Phase":[
              "Phase 4"
            ]
          },
          "DesignInfo":{
            "DesignAllocation":"Randomized",
            "DesignInterventionModel":"Crossover Assignment",
            "DesignPrimaryPurpose":"Prevention",
            "DesignMaskingInfo":{
              "DesignMasking":"Single",
              "DesignWhoMaskedList":{
                "DesignWhoMasked":[
                  "Participant"
                ]
              }
            }
          },
          "EnrollmentInfo":{
            "EnrollmentCount":"30",
            "EnrollmentType":"Anticipated"
          }
        },
        "ArmsInterventionsModule":{
          "ArmGroupList":{
            "ArmGroup":[
              {
                "ArmGroupLabel":"nebivolol then placebo",
                "ArmGroupType":"Placebo Comparator",
                "ArmGroupDescription":"Comprises15 copd patients, after recruitment in study and written informed consent, patient's administered nebivolol (1.25 mg for one week then2.5mg fore another one week and 5 mg at 8am for 10 weeks)and washout period4 weeks then shifted to placebo for 12 weeks",
                "ArmGroupInterventionList":{
                  "ArmGroupInterventionName":[
                    "Drug: Nebivolol Tablets"
                  ]
                }
              },{
                "ArmGroupLabel":"placebo then nebivolol",
                "ArmGroupType":"Active Comparator",
                "ArmGroupDescription":"Contain 15 copd patient's after recruitment and Written informed consent administered placebo for 12 weeks and washout period for 4 weeks then shifted to nebivolol for 12 weeks",
                "ArmGroupInterventionList":{
                  "ArmGroupInterventionName":[
                    "Drug: Nebivolol Tablets"
                  ]
                }
              }
            ]
          },
          "InterventionList":{
            "Intervention":[
              {
                "InterventionType":"Drug",
                "InterventionName":"Nebivolol Tablets",
                "InterventionDescription":"cardio selective beta-1 blocker",
                "InterventionArmGroupLabelList":{
                  "InterventionArmGroupLabel":[
                    "nebivolol then placebo",
                    "placebo then nebivolol"
                  ]
                }
              }
            ]
          }
        },
        "OutcomesModule":{
          "PrimaryOutcomeList":{
            "PrimaryOutcome":[
              {
                "PrimaryOutcomeMeasure":"forced vital capacity",
                "PrimaryOutcomeDescription":"amount of air that can be forcibly exhaled from the lung after taking the deepest breath possible (FVC\\liter)",
                "PrimaryOutcomeTimeFrame":"3 months"
              },{
                "PrimaryOutcomeMeasure":"forced expiratory volume in one second",
                "PrimaryOutcomeDescription":"volume of air exhaled under condition in the first second (FEV1\\liter)",
                "PrimaryOutcomeTimeFrame":"3 month"
              },{
                "PrimaryOutcomeMeasure":"blood pressure",
                "PrimaryOutcomeDescription":"BP millimetre mercury",
                "PrimaryOutcomeTimeFrame":"3 month"
              }
            ]
          }
        },
        "EligibilityModule":{
          "EligibilityCriteria":"Inclusion Criteria:\n\nMale or female.\ninformed consent.\nAge >40years.\nFEVl/FVC<70%.\ndiagnosed 3 month before enrollment (mild-moderate)\nReversability test pre-post bronchodilators FEVl predicted<200ml/hr and less than 12%.\n\nExclusion Criteria:\n\nAsthmatic patient.\npatient already use B blockers.\nAcute exacerbation.\nPregnency -lactation.\nAdvanced cardiac, renal or liver disease according to investigator opinion.",
          "HealthyVolunteers":"No",
          "Gender":"All",
          "MinimumAge":"40 Years",
          "MaximumAge":"75 Years",
          "StdAgeList":{
            "StdAge":[
              "Adult",
              "Older Adult"
            ]
          }
        },
        "ContactsLocationsModule":{
          "CentralContactList":{
            "CentralContact":[
              {
                "CentralContactName":"asma suliman, bachelor",
                "CentralContactRole":"Contact",
                "CentralContactPhone":"00201006279989",
                "CentralContactEMail":"asma.shain2017@gmail.com"
              },{
                "CentralContactName":"marwa adel, associated professor",
                "CentralContactRole":"Contact",
                "CentralContactPhone":"00201006383120",
                "CentralContactEMail":"dr.marwa.adel2016@gmail.com"
              }
            ]
          },
          "LocationList":{
            "Location":[
              {
                "LocationFacility":"Chest Department, Ain Shams University Hospitals, Cairo, Egypt.",
                "LocationStatus":"Enrolling by invitation",
                "LocationCity":"Cairo",
                "LocationCountry":"Egypt"
              },{
                "LocationFacility":"Chest Department, Ain Shams University Hospitals",
                "LocationStatus":"Not yet recruiting",
                "LocationCity":"Cairo",
                "LocationCountry":"Egypt",
                "LocationContactList":{
                  "LocationContact":[
                    {
                      "LocationContactName":"gamal A-rhahman, professor",
                      "LocationContactRole":"Contact"
                    }
                  ]
                }
              },{
                "LocationFacility":"Chest Department, Ain Shams University Hospitals",
                "LocationStatus":"Recruiting",
                "LocationCity":"Cairo",
                "LocationCountry":"Egypt",
                "LocationContactList":{
                  "LocationContact":[
                    {
                      "LocationContactName":"gamal A-rhahman, professor",
                      "LocationContactRole":"Contact"
                    }
                  ]
                }
              }
            ]
          }
        },
        "IPDSharingStatementModule":{
          "IPDSharing":"Undecided"
        }
      },
      "DerivedSection":{
        "MiscInfoModule":{
          "VersionHolder":"April 19, 2021"
        },
        "ConditionBrowseModule":{
          "ConditionBrowseLeafList":{
            "ConditionBrowseLeaf":[
              {
                "ConditionBrowseLeafId":"M9753",
                "ConditionBrowseLeafName":"Lung Diseases, Obstructive",
                "ConditionBrowseLeafRelevance":"low"
              },{
                "ConditionBrowseLeafId":"M22033",
                "ConditionBrowseLeafName":"Pulmonary Disease, Chronic Obstructive",
                "ConditionBrowseLeafRelevance":"low"
              },{
                "ConditionBrowseLeafId":"M9751",
                "ConditionBrowseLeafName":"Lung Diseases",
                "ConditionBrowseLeafRelevance":"low"
              }
            ]
          },
          "ConditionBrowseBranchList":{
            "ConditionBrowseBranch":[
              {
                "ConditionBrowseBranchAbbrev":"BC08",
                "ConditionBrowseBranchName":"Respiratory Tract (Lung and Bronchial) Diseases"
              },{
                "ConditionBrowseBranchAbbrev":"All",
                "ConditionBrowseBranchName":"All Conditions"
              }
            ]
          }
        },
        "InterventionBrowseModule":{
          "InterventionMeshList":{
            "InterventionMesh":[
              {
                "InterventionMeshId":"D000068577",
                "InterventionMeshTerm":"Nebivolol"
              }
            ]
          },
          "InterventionAncestorList":{
            "InterventionAncestor":[
              {
                "InterventionAncestorId":"D000000959",
                "InterventionAncestorTerm":"Antihypertensive Agents"
              },{
                "InterventionAncestorId":"D000014665",
                "InterventionAncestorTerm":"Vasodilator Agents"
              },{
                "InterventionAncestorId":"D000058665",
                "InterventionAncestorTerm":"Adrenergic beta-1 Receptor Agonists"
              },{
                "InterventionAncestorId":"D000000318",
                "InterventionAncestorTerm":"Adrenergic beta-Agonists"
              },{
                "InterventionAncestorId":"D000000322",
                "InterventionAncestorTerm":"Adrenergic Agonists"
              },{
                "InterventionAncestorId":"D000018663",
                "InterventionAncestorTerm":"Adrenergic Agents"
              },{
                "InterventionAncestorId":"D000018377",
                "InterventionAncestorTerm":"Neurotransmitter Agents"
              },{
                "InterventionAncestorId":"D000045504",
                "InterventionAncestorTerm":"Molecular Mechanisms of Pharmacological Action"
              },{
                "InterventionAncestorId":"D000045505",
                "InterventionAncestorTerm":"Physiological Effects of Drugs"
              }
            ]
          },
          "InterventionBrowseLeafList":{
            "InterventionBrowseLeaf":[
              {
                "InterventionBrowseLeafId":"M276",
                "InterventionBrowseLeafName":"Nebivolol",
                "InterventionBrowseLeafAsFound":"105",
                "InterventionBrowseLeafRelevance":"high"
              },{
                "InterventionBrowseLeafId":"M2252",
                "InterventionBrowseLeafName":"Adrenergic beta-Antagonists",
                "InterventionBrowseLeafRelevance":"low"
              },{
                "InterventionBrowseLeafId":"M2858",
                "InterventionBrowseLeafName":"Antihypertensive Agents",
                "InterventionBrowseLeafRelevance":"low"
              },{
                "InterventionBrowseLeafId":"M15995",
                "InterventionBrowseLeafName":"Vasodilator Agents",
                "InterventionBrowseLeafRelevance":"low"
              },{
                "InterventionBrowseLeafId":"M19330",
                "InterventionBrowseLeafName":"Adrenergic Agents",
                "InterventionBrowseLeafRelevance":"low"
              },{
                "InterventionBrowseLeafId":"M2251",
                "InterventionBrowseLeafName":"Adrenergic beta-Agonists",
                "InterventionBrowseLeafRelevance":"low"
              },{
                "InterventionBrowseLeafId":"M2254",
                "InterventionBrowseLeafName":"Adrenergic Agonists",
                "InterventionBrowseLeafRelevance":"low"
              },{
                "InterventionBrowseLeafId":"M19088",
                "InterventionBrowseLeafName":"Neurotransmitter Agents",
                "InterventionBrowseLeafRelevance":"low"
              }
            ]
          },
          "InterventionBrowseBranchList":{
            "InterventionBrowseBranch":[
              {
                "InterventionBrowseBranchAbbrev":"AnAg",
                "InterventionBrowseBranchName":"Antihypertensive Agents"
              },{
                "InterventionBrowseBranchAbbrev":"VaDiAg",
                "InterventionBrowseBranchName":"Vasodilator Agents"
              },{
                "InterventionBrowseBranchAbbrev":"All",
                "InterventionBrowseBranchName":"All Drugs and Chemicals"
              }
            ]
          }
        }
      }
    }
  }
}

