{
  "FullStudy":{
    "Rank":674,
    "Study":{
      "ProtocolSection":{
        "IdentificationModule":{
          "NCTId":"NCT04841187",
          "OrgStudyIdInfo":{
            "OrgStudyId":"APHP201153"
          },
          "SecondaryIdInfoList":{
            "SecondaryIdInfo":[
              {
                "SecondaryId":"2020-A03437-32",
                "SecondaryIdType":"Registry Identifier",
                "SecondaryIdDomain":"Number ID-RCB"
              }
            ]
          },
          "Organization":{
            "OrgFullName":"Assistance Publique - Hôpitaux de Paris",
            "OrgClass":"OTHER"
          },
          "BriefTitle":"Assessing the Long Term Effectiveness and Safety of Systemic Treatments in Cutaneous Psoriasis",
          "OfficialTitle":"French Registry of Patients Initiating Systemic Treatment for Cutaneous Psoriasis",
          "Acronym":"PSOBIOTEQ"
        },
        "StatusModule":{
          "StatusVerifiedDate":"March 2021",
          "OverallStatus":"Not yet recruiting",
          "ExpandedAccessInfo":{
            "HasExpandedAccess":"No"
          },
          "StartDateStruct":{
            "StartDate":"April 1, 2021",
            "StartDateType":"Anticipated"
          },
          "PrimaryCompletionDateStruct":{
            "PrimaryCompletionDate":"December 31, 2025",
            "PrimaryCompletionDateType":"Anticipated"
          },
          "CompletionDateStruct":{
            "CompletionDate":"December 31, 2025",
            "CompletionDateType":"Anticipated"
          },
          "StudyFirstSubmitDate":"March 8, 2021",
          "StudyFirstSubmitQCDate":"April 8, 2021",
          "StudyFirstPostDateStruct":{
            "StudyFirstPostDate":"April 12, 2021",
            "StudyFirstPostDateType":"Actual"
          },
          "LastUpdateSubmitDate":"April 8, 2021",
          "LastUpdatePostDateStruct":{
            "LastUpdatePostDate":"April 12, 2021",
            "LastUpdatePostDateType":"Actual"
          }
        },
        "SponsorCollaboratorsModule":{
          "ResponsibleParty":{
            "ResponsiblePartyType":"Sponsor"
          },
          "LeadSponsor":{
            "LeadSponsorName":"Assistance Publique - Hôpitaux de Paris",
            "LeadSponsorClass":"OTHER"
          },
          "CollaboratorList":{
            "Collaborator":[
              {
                "CollaboratorName":"Société de Dermatologie Française",
                "CollaboratorClass":"OTHER"
              }
            ]
          }
        },
        "OversightModule":{
          "OversightHasDMC":"No",
          "IsFDARegulatedDrug":"No",
          "IsFDARegulatedDevice":"No"
        },
        "DescriptionModule":{
          "BriefSummary":"PSOBIOTEQ is a national multicentric prospective non interventional study which aims to constitute a French registry of cutaneous psoriasis patients initiating systemic treatment (excluding acitretin and phototherapy) for moderate to severe cutaneous psoriasis. The general objective of PSOBIOTEQ registry is to describe the use, benefits and risks of conventional, biological, biosimilar and small-molecule inhibitor of phosphodiesterase 4 (PDE4) systemic treatments in a real-life setting.\n\nThe registry aims to meet many specific objectives and to fulfill ancillary studies. The PSOBIOTEQ registry concerns a largely similar population and has same objectives than the PSOBIOTEQ Cohort (NCT01617018). Indeed, data from the PSOBIOTEQ cohort will constitute the historical part of the registry and the cohort patients will pursue their follow-up in the registry framework, in order to enrich their follow up with new collected data.",
          "DetailedDescription":"PSOBIOTEQ is a national multicentric prospective non interventional study which aims to constitute a French registry of cutaneous psoriasis patients initiating systemic treatment (excluding acitretin and phototherapy) for moderate to severe cutaneous psoriasis.\n\nThe exposure of interest is the exposure to any major systemic treatment (excluding acitretin and phototherapy) for moderate to severe cutaneous psoriasis and marketed in France at the time of inclusion of the patient in the registry.\n\nThe nature of the systemic treatment as well as its administration modalities are defined by the investigator according to usual practice.\n\nThe dermatology departments participating to the PSOBIOTEQ cohort were solicited for participation to the PSOBIOTEQ registry.\n\nThe PSOBIOTEQ registry will start in 2020 with 28 dermatology departments. The PSOBIOTEQ cohort started in 2012 and was finalized in 2020. The PSOBIOTEQ registry continues from 2020 till 2025.\n\nThe inclusion will last 4 years with a follow-up of at least 1 year of the latest patient and until the end of the research for the other patients with a 6 month periodicity and at least one visit per year, for the data collection (complying with good clinical practice for these patients). Each included patient remains followed-up as long as he doesn't object.\n\nAll data required will be collected and registered in a single database (eCRF). The statistical analyses planned in the research protocol and those responding to requests for additional data from the Transparency Committee in the context of the provision of biomedicines, their biosimilars or other major systemic treatments obtaining Marketing Authorization in the treatment of cutaneous psoriasis, will be performed by the pharmaco-epidemiology center (CEPHEPI) under the responsibility of Pr Florence TUBACH of La Pitié Salpêtrière hospital.\n\nThe ancillary studies analyses responding to general objectives of the registry dealing with psoriasis and its course, the terms of use or the benefits and risks of its treatments (for example in case of identification of safety signals) or new research questions emerging during the conduct of the study (or after the study), whose realization is validated by the scientific committee of the registry may be carried out by CEPHEPI or the academic teams participating in the PSOBIOTEQ registry.\n\nA calculation of the sample size is not justified for this study as it aims to describe all the patients initiating systemic treatment for cutaneous psoriasis in the participating centers. However, based on the rate of inclusion in the PSOBIOTEQ cohort, an inclusion rate of 500 patients per year can be estimated (therefore 2000 patients to be included in 4 years)."
        },
        "ConditionsModule":{
          "ConditionList":{
            "Condition":[
              "Psoriasis"
            ]
          },
          "KeywordList":{
            "Keyword":[
              "Psoriasis",
              "Adult",
              "Systemic treatment",
              "Biological therapy",
              "Biosimilar therapy",
              "small-molecule inhibitor of phosphodiesterase 4 (PDE4)",
              "Methotrexate",
              "Ciclosporin"
            ]
          }
        },
        "DesignModule":{
          "StudyType":"Observational",
          "PatientRegistry":"Yes",
          "TargetDuration":"5 Years",
          "DesignInfo":{
            "DesignObservationalModelList":{
              "DesignObservationalModel":[
                "Cohort"
              ]
            },
            "DesignTimePerspectiveList":{
              "DesignTimePerspective":[
                "Prospective"
              ]
            }
          },
          "EnrollmentInfo":{
            "EnrollmentCount":"2000",
            "EnrollmentType":"Anticipated"
          }
        },
        "OutcomesModule":{
          "PrimaryOutcomeList":{
            "PrimaryOutcome":[
              {
                "PrimaryOutcomeMeasure":"Occurrence of skin cancer",
                "PrimaryOutcomeDescription":"Occurrence of skin cancer (spinocellular carcinomas [including carcinoma in situ (Bowen) and keratoacanthomas], basocellular carcinomas and melanomas).",
                "PrimaryOutcomeTimeFrame":"Up to 5 years of follow up for each patient"
              }
            ]
          },
          "SecondaryOutcomeList":{
            "SecondaryOutcome":[
              {
                "SecondaryOutcomeMeasure":"Physicians global assessment of disease (PGA) score",
                "SecondaryOutcomeTimeFrame":"Each patient will be followed for at least 1 year (The duration of follow-up is 5 years), data being collected at each visit (approximately every 6 month) with a minimum of one medical visit per year."
              },{
                "SecondaryOutcomeMeasure":"Psoriasis Area and Severity Index (PASI) Score",
                "SecondaryOutcomeTimeFrame":"Each patient will be followed for at least 1 year (The duration of follow-up is 5 years), data being collected at each visit (approximately every 6 month) with a minimum of one medical visit per year."
              },{
                "SecondaryOutcomeMeasure":"Body surface area",
                "SecondaryOutcomeTimeFrame":"Each patient will be followed for at least 1 year (The duration of follow-up is 5 years), data being collected at each visit (approximately every 6 month) with a minimum of one medical visit per year."
              },{
                "SecondaryOutcomeMeasure":"Dermatology Life Quality Index (DLQI) Score",
                "SecondaryOutcomeTimeFrame":"Each patient will be followed for at least 1 year (The duration of follow-up is 5 years), data being collected at each visit (approximately every 6 month) with a minimum of one medical visit per year."
              },{
                "SecondaryOutcomeMeasure":"Global Self Assessed (GSA) Score",
                "SecondaryOutcomeTimeFrame":"Each patient will be followed for at least 1 year (The duration of follow-up is 5 years), data being collected at each visit (approximately every 6 month) with a minimum of one medical visit per year."
              },{
                "SecondaryOutcomeMeasure":"EuroQol 5-Dimension Health Status Questionnaire (EQ-5D) index score",
                "SecondaryOutcomeTimeFrame":"Each patient will be followed for at least 1 year (The duration of follow-up is 5 years), data being collected at each visit (approximately every 6 month) with a minimum of one medical visit per year."
              },{
                "SecondaryOutcomeMeasure":"Patient Report of Extent of Psoriasis Involvement (PREPI) score",
                "SecondaryOutcomeTimeFrame":"Each patient will be followed for at least 1 year (The duration of follow-up is 5 years), data being collected at each visit (approximately every 6 month) with a minimum of one medical visit per year."
              },{
                "SecondaryOutcomeMeasure":"Number of patients reporting acceptable symptom state : acceptance to remain for the rest of their lives with the level of disease activity they had during the last 48 hours",
                "SecondaryOutcomeTimeFrame":"Each patient will be followed for at least 1 year (The duration of follow-up is 5 years), data being collected at each visit (approximately every 6 month) with a minimum of one medical visit per year."
              },{
                "SecondaryOutcomeMeasure":"Number of patients reporting clinically important improvement in psoriasis activity during the last 48 hours compared to baseline",
                "SecondaryOutcomeTimeFrame":"Each patient will be followed for at least 1 year (The duration of follow-up is 5 years), data being collected at each visit (approximately every 6 month) with a minimum of one medical visit per year."
              },{
                "SecondaryOutcomeMeasure":"Occurrence of Adverse Events and Serious Adverse Events",
                "SecondaryOutcomeTimeFrame":"Each patient will be followed for at least 1 year (The duration of follow-up is 5 years), data being collected at each visit (approximately every 6 month) with a minimum of one medical visit per year."
              },{
                "SecondaryOutcomeMeasure":"Occurrence of Events of special interest such as infectious diseases, autoimmune diseases, lymphoma and blood disorders, multiple solid tumors, cardiovascular diseases, etc.",
                "SecondaryOutcomeTimeFrame":"[Time Frame: Each patient will be followed for at least 1 year (The duration of follow-up is 5 years), data being collected at each visit (approximately every 6 month) with a minimum of one medical visit per year."
              },{
                "SecondaryOutcomeMeasure":"Drug survival rate (proportion of patients still exposed to treatment",
                "SecondaryOutcomeTimeFrame":"Each patient will be followed for at least 1 year (The duration of follow-up is 5 years), data being collected at each visit (approximately every 6 month) with a minimum of one medical visit per year."
              },{
                "SecondaryOutcomeMeasure":"Socio-demographic and clinical data: age, sex, socio-professional category, body mass index (BMI) and phototype (Fitzpatrick)",
                "SecondaryOutcomeTimeFrame":"Each patient will be followed for at least 1 year (The duration of follow-up is 5 years), data being collected at each visit (approximately every 6 month) with a minimum of one medical visit per year."
              },{
                "SecondaryOutcomeMeasure":"Lifestyle data: family life, tobacco consumption, alcohol consumption and history of natural and artificial UV exposure",
                "SecondaryOutcomeTimeFrame":"Each patient will be followed for at least 1 year (The duration of follow-up is 5 years), data being collected at each visit (approximately every 6 month) with a minimum of one medical visit per year."
              },{
                "SecondaryOutcomeMeasure":"Number of patients with history and comorbidities",
                "SecondaryOutcomeTimeFrame":"Each patient will be followed for at least 1 year (The duration of follow-up is 5 years), data being collected at each visit (approximately every 6 month) with a minimum of one medical visit per year."
              },{
                "SecondaryOutcomeMeasure":"Number of patients with previous systemic treatments including phototherapy and acitretin",
                "SecondaryOutcomeTimeFrame":"Each patient will be followed for at least 1 year (The duration of follow-up is 5 years), data being collected at each visit (approximately every 6 month) with a minimum of one medical visit per year."
              },{
                "SecondaryOutcomeMeasure":"Number of patients with systemic treatments",
                "SecondaryOutcomeTimeFrame":"Each patient will be followed for at least 1 year (The duration of follow-up is 5 years), data being collected at each visit (approximately every 6 month) with a minimum of one medical visit per year."
              },{
                "SecondaryOutcomeMeasure":"Number of patients with concomitant treatments",
                "SecondaryOutcomeTimeFrame":"Each patient will be followed for at least 1 year (The duration of follow-up is 5 years), data being collected at each visit (approximately every 6 month) with a minimum of one medical visit per year."
              },{
                "SecondaryOutcomeMeasure":"Daily dose of systemic treatments",
                "SecondaryOutcomeTimeFrame":"Each patient will be followed for at least 1 year (The duration of follow-up is 5 years), data being collected at each visit (approximately every 6 month) with a minimum of one medical visit per year."
              },{
                "SecondaryOutcomeMeasure":"Therapeutic strategy: duration of systemic treatments, dosages, change in systemic treatments, reasons for modifications of systemic treatments",
                "SecondaryOutcomeTimeFrame":"Each patient will be followed for at least 1 year (The duration of follow-up is 5 years), data being collected at each visit (approximately every 6 month) with a minimum of one medical visit per year."
              }
            ]
          }
        },
        "EligibilityModule":{
          "EligibilityCriteria":"Inclusion Criteria:\n\nPatient aged 18 or over\nHad been informed about the objectives and progress of the research, and not opposed to the collection of his data\nConsulting or hospitalized in one of the departments participating in the study :\nFor a cutaneous psoriasis (clinical diagnosis)\n\nAnd at least one of the two criteria below must be met :\n\nIn whom a systemic treatment is initiated (excluding phototherapy or acitretin) that he has never received in the past * (a patient who has already received a biomedicine (princeps and / or biosimilar (s)) in the past cannot be included under the same biomedicine (princeps and / or biosimilar (s)). Patients initiating treatment with methotrexate or ciclosporin must be naïve of any biomedicine.\nPatients included in the PSOBIOTEQ 1 cohort\n\nExclusion Criteria:\n\nPatient for whom cutaneous psoriasis is not the main reason for systemic treatment (psoriatic arthritis, or concomitant Crohn's disease, etc.);\nPatient unable to comply with the registry's follow-up procedures (not reachable by phone, unable to complete the self-questionnaire) or whose monitoring is deemed difficult;\nPatient for whom the treatment administered at inclusion cannot be identified (patient included in a randomized double-blind biomedicine research protocol, for example).\nPatient under guardianship or curatorship",
          "HealthyVolunteers":"No",
          "Gender":"All",
          "MinimumAge":"18 Years",
          "MaximumAge":"99 Years",
          "StdAgeList":{
            "StdAge":[
              "Adult",
              "Older Adult"
            ]
          },
          "StudyPopulation":"The studied population corresponds to adult patients initiating systemic treatment (excluding acitretin and phototherapy) for moderate to severe cutaneous psoriasis in the centers participating to the PSOBIOTEQ Registry.\n\nThe PSOBIOTEQ registry concerns a largely similar population and has same objectives than the PSOBIOTEQ Cohort (NCT01617018). Indeed, data from the PSOBIOTEQ cohort will constitute the historical part of the registry and the cohort patients will pursue their follow-up in the registry framework, in order to enrich their follow up with new collected data.",
          "SamplingMethod":"Non-Probability Sample"
        },
        "ContactsLocationsModule":{
          "CentralContactList":{
            "CentralContact":[
              {
                "CentralContactName":"Olivier CHOSIDOW, MD, PhD",
                "CentralContactRole":"Contact",
                "CentralContactPhone":"01 49 81 25 36",
                "CentralContactEMail":"olivier.chosidow@aphp.fr"
              },{
                "CentralContactName":"Florence TUBACH",
                "CentralContactRole":"Contact",
                "CentralContactPhone":"01 42 16 05 88",
                "CentralContactEMail":"florence.tubach@aphp.fr"
              }
            ]
          },
          "OverallOfficialList":{
            "OverallOfficial":[
              {
                "OverallOfficialName":"Olivier CHOSIDOW, MD, PhD",
                "OverallOfficialAffiliation":"Assistance Publique - Hôpitaux de Paris",
                "OverallOfficialRole":"Principal Investigator"
              }
            ]
          },
          "LocationList":{
            "Location":[
              {
                "LocationFacility":"Hôpital Henri Mondor",
                "LocationCity":"Créteil",
                "LocationZip":"94010",
                "LocationCountry":"France",
                "LocationContactList":{
                  "LocationContact":[
                    {
                      "LocationContactName":"Emmanuelle LIEGEY",
                      "LocationContactRole":"Contact",
                      "LocationContactPhone":"01 44 84 17 63",
                      "LocationContactEMail":"emmanuelle.liegey@aphp.fr"
                    },{
                      "LocationContactName":"Sarra POCHON",
                      "LocationContactRole":"Contact",
                      "LocationContactPhone":"01 42 16 75 74",
                      "LocationContactEMail":"sarra.pochon@aphp.fr"
                    }
                  ]
                }
              }
            ]
          }
        },
        "IPDSharingStatementModule":{
          "IPDSharing":"Yes",
          "IPDSharingDescription":"Undecided"
        }
      },
      "DerivedSection":{
        "MiscInfoModule":{
          "VersionHolder":"April 19, 2021"
        },
        "ConditionBrowseModule":{
          "ConditionMeshList":{
            "ConditionMesh":[
              {
                "ConditionMeshId":"D000011565",
                "ConditionMeshTerm":"Psoriasis"
              }
            ]
          },
          "ConditionAncestorList":{
            "ConditionAncestor":[
              {
                "ConditionAncestorId":"D000017444",
                "ConditionAncestorTerm":"Skin Diseases, Papulosquamous"
              },{
                "ConditionAncestorId":"D000012871",
                "ConditionAncestorTerm":"Skin Diseases"
              }
            ]
          },
          "ConditionBrowseLeafList":{
            "ConditionBrowseLeaf":[
              {
                "ConditionBrowseLeafId":"M13005",
                "ConditionBrowseLeafName":"Psoriasis",
                "ConditionBrowseLeafAsFound":"Psoriasis",
                "ConditionBrowseLeafRelevance":"high"
              },{
                "ConditionBrowseLeafId":"M14257",
                "ConditionBrowseLeafName":"Skin Diseases",
                "ConditionBrowseLeafRelevance":"low"
              },{
                "ConditionBrowseLeafId":"M18296",
                "ConditionBrowseLeafName":"Skin Diseases, Papulosquamous",
                "ConditionBrowseLeafRelevance":"low"
              }
            ]
          },
          "ConditionBrowseBranchList":{
            "ConditionBrowseBranch":[
              {
                "ConditionBrowseBranchAbbrev":"BC17",
                "ConditionBrowseBranchName":"Skin and Connective Tissue Diseases"
              },{
                "ConditionBrowseBranchAbbrev":"All",
                "ConditionBrowseBranchName":"All Conditions"
              }
            ]
          }
        },
        "InterventionBrowseModule":{
          "InterventionBrowseLeafList":{
            "InterventionBrowseLeaf":[
              {
                "InterventionBrowseLeafId":"M17544",
                "InterventionBrowseLeafName":"Cyclosporine",
                "InterventionBrowseLeafRelevance":"low"
              },{
                "InterventionBrowseLeafId":"M5313",
                "InterventionBrowseLeafName":"Cyclosporins",
                "InterventionBrowseLeafRelevance":"low"
              },{
                "InterventionBrowseLeafId":"M10286",
                "InterventionBrowseLeafName":"Methotrexate",
                "InterventionBrowseLeafRelevance":"low"
              }
            ]
          },
          "InterventionBrowseBranchList":{
            "InterventionBrowseBranch":[
              {
                "InterventionBrowseBranchAbbrev":"Infe",
                "InterventionBrowseBranchName":"Anti-Infective Agents"
              },{
                "InterventionBrowseBranchAbbrev":"ARhu",
                "InterventionBrowseBranchName":"Antirheumatic Agents"
              },{
                "InterventionBrowseBranchAbbrev":"Derm",
                "InterventionBrowseBranchName":"Dermatologic Agents"
              },{
                "InterventionBrowseBranchAbbrev":"All",
                "InterventionBrowseBranchName":"All Drugs and Chemicals"
              },{
                "InterventionBrowseBranchAbbrev":"ANeo",
                "InterventionBrowseBranchName":"Antineoplastic Agents"
              },{
                "InterventionBrowseBranchAbbrev":"Repr",
                "InterventionBrowseBranchName":"Reproductive Control Agents"
              }
            ]
          }
        }
      }
    }
  }
}

