{
  "FullStudy":{
    "Rank":749,
    "Study":{
      "ProtocolSection":{
        "IdentificationModule":{
          "NCTId":"NCT04840212",
          "OrgStudyIdInfo":{
            "OrgStudyId":"STU-2020-1176"
          },
          "Organization":{
            "OrgFullName":"Parkland Health and Hospital System",
            "OrgClass":"OTHER"
          },
          "BriefTitle":"The Effectiveness of Aromatherapy in an Urban, Safety-Net Hospital on Pain",
          "OfficialTitle":"The Effectiveness of Aromatherapy in an Urban, Safety-Net Hospital on Pain"
        },
        "StatusModule":{
          "StatusVerifiedDate":"April 2021",
          "OverallStatus":"Not yet recruiting",
          "ExpandedAccessInfo":{
            "HasExpandedAccess":"No"
          },
          "StartDateStruct":{
            "StartDate":"May 2021",
            "StartDateType":"Anticipated"
          },
          "PrimaryCompletionDateStruct":{
            "PrimaryCompletionDate":"December 2021",
            "PrimaryCompletionDateType":"Anticipated"
          },
          "CompletionDateStruct":{
            "CompletionDate":"December 2021",
            "CompletionDateType":"Anticipated"
          },
          "StudyFirstSubmitDate":"March 24, 2021",
          "StudyFirstSubmitQCDate":"April 8, 2021",
          "StudyFirstPostDateStruct":{
            "StudyFirstPostDate":"April 9, 2021",
            "StudyFirstPostDateType":"Actual"
          },
          "LastUpdateSubmitDate":"April 8, 2021",
          "LastUpdatePostDateStruct":{
            "LastUpdatePostDate":"April 9, 2021",
            "LastUpdatePostDateType":"Actual"
          }
        },
        "SponsorCollaboratorsModule":{
          "ResponsibleParty":{
            "ResponsiblePartyType":"Principal Investigator",
            "ResponsiblePartyInvestigatorFullName":"Justin Buchert",
            "ResponsiblePartyInvestigatorTitle":"Quality Specialist",
            "ResponsiblePartyInvestigatorAffiliation":"Parkland Health and Hospital System"
          },
          "LeadSponsor":{
            "LeadSponsorName":"Parkland Health and Hospital System",
            "LeadSponsorClass":"OTHER"
          }
        },
        "OversightModule":{
          "OversightHasDMC":"No",
          "IsFDARegulatedDrug":"No",
          "IsFDARegulatedDevice":"No"
        },
        "DescriptionModule":{
          "BriefSummary":"The purpose of this project is to evaluate the effectiveness of aromatherapy on reducing pain in the acute care setting at Parkland Health and Hospital System. The target population for this study will be patients who are recovering from surgical procedures and are in the Surgical Services inpatient units.",
          "DetailedDescription":"This study will evaluate the impact of aromatherapy on the administration of opioid pain medication administration among the inpatient Surgical Services population. Patients from multiple units (burns, trauma, plastics, general surgery, and orthopedics) will be included. The study duration will be six months.\n\nThe Lavender-Sandalwood scented aromatherapy sticker has been selected for this study because it helps promote relaxation, comfort, and sleep. After introducing the patient to the study and obtaining informed consent for participation, the sticker will be placed on the patient gown. The sticker aroma last for twelve (12) hours and can be replaced upon patient request. The sticker will be used for 72 hours after the surgical procedure and initiated during patient's hospital stay. After use of aromatherapy sticker, the patient will participate in a survey to evaluate their experience with the sticker. In addition, opioid pain medication administration will be collected along with demographic and relevant clinical information.\n\nThe historical control group will be comprised of hospitalized patients from the previous year with the dame time period, demographic characteristics, service line, and relevant clinical information. Other methods for establishing a control group (a randomized controlled trial or concurrent case control study) are not feasible due to the potential impact of the aromatherapy on all patients in close proximity to the enrolled patient. The historical control cohort will also allow to collect non-COVID time period data to avoid any bias due to the pandemic.\n\nThe primary endpoint for this study is a decrease in the percentage of study patients who are in the pain scale threshold from 7-10 requiring opioid pain medication administration 72 hours after surgery/intervention. The pain score will be recorded for each patient before opioid pain medication administration within the time period. The historical control group will be from the same precious year time frame to control for any seasonal bias. The first dose or baseline pain score will be collected for each group and other relevant pain scores within the 72-hour time period after surgery. Demographic and other clinically relevant information will be compared between study and historical control group to account for any differences in the primary and secondary outcomes.\n\nOutcomes will be collected from the electronic medical record (pain scores, opioid pain medication administration, and length of stay by service line. Qualitative measures of aromatherapy effectiveness will be obtained through patient surveys.\n\nData to be extracted for the active current group and the historical matched control group include the following:\n\nPatient demographics (matching variable list)\n\nAge (18-29, 30-39, 40-49, 50-59, 60-69, >70.\nGender\nRace/ethnicity\n\nOther demographic variables not proposed in matching\n\nDiabetes\nHigh blood pressure\nOther clinical co-morbidities\n\nClinical history\n\nOpioid pain medication administration given for 72 hours after surgery or intervention\nSurgical Service Units: burns, trauma, plastics, general surgery, orthopedics\nDates of admission and discharge\nLength of stay\nDate and type of surgery/intervention\nAll Pain scores within 72 hours after surgery or intervention.\n\nData to be extracted for the current active group:\n\nDates of aromatherapy application (possible 6 doses within 72-hour time period)\nPatient survey forms"
        },
        "ConditionsModule":{
          "ConditionList":{
            "Condition":[
              "Pain Management"
            ]
          }
        },
        "DesignModule":{
          "StudyType":"Interventional",
          "PhaseList":{
            "Phase":[
              "Not Applicable"
            ]
          },
          "DesignInfo":{
            "DesignAllocation":"Non-Randomized",
            "DesignInterventionModel":"Parallel Assignment",
            "DesignPrimaryPurpose":"Supportive Care",
            "DesignMaskingInfo":{
              "DesignMasking":"None (Open Label)"
            }
          },
          "EnrollmentInfo":{
            "EnrollmentCount":"600",
            "EnrollmentType":"Anticipated"
          }
        },
        "ArmsInterventionsModule":{
          "ArmGroupList":{
            "ArmGroup":[
              {
                "ArmGroupLabel":"Study Group",
                "ArmGroupType":"Experimental",
                "ArmGroupDescription":"Patients currently hospitalized in multiple service lines (surgical intensive care unite [SICU], surgical progressive care unit [SPCU], burns, trauma, plastics, general surgery, orthopedics, surgical specialties, and inpatient rehabilitation) will be included. Lavender-Sandalwood scented aromatherapy sticker will be used throughout the patient hospital stay.",
                "ArmGroupInterventionList":{
                  "ArmGroupInterventionName":[
                    "Other: Lavender-Sandalwood scented aromatherapy sticker"
                  ]
                }
              },{
                "ArmGroupLabel":"Control Group",
                "ArmGroupType":"No Intervention",
                "ArmGroupDescription":"The historical control group will be comprised of hospitalized patients in multiple service lines from the previous year with the same time period, demographic characteristics, service line, and relevant clinical information."
              }
            ]
          },
          "InterventionList":{
            "Intervention":[
              {
                "InterventionType":"Other",
                "InterventionName":"Lavender-Sandalwood scented aromatherapy sticker",
                "InterventionDescription":"The Lavender-Sandalwood scented aromatherapy sticker will be placed on the patient gown.",
                "InterventionArmGroupLabelList":{
                  "InterventionArmGroupLabel":[
                    "Study Group"
                  ]
                }
              }
            ]
          }
        },
        "OutcomesModule":{
          "PrimaryOutcomeList":{
            "PrimaryOutcome":[
              {
                "PrimaryOutcomeMeasure":"Number of participants who needed opioid pain medication administration after surgery",
                "PrimaryOutcomeDescription":"Pain scale is measured by patients verbal report of pain and ranges from 0 to 10 , with higher scores indicating more pain and thus a worse outcome.",
                "PrimaryOutcomeTimeFrame":"72 hours after surgery"
              }
            ]
          },
          "SecondaryOutcomeList":{
            "SecondaryOutcome":[
              {
                "SecondaryOutcomeMeasure":"Mean duration of hospital stay",
                "SecondaryOutcomeDescription":"Duration of hospital stay will be collected from the electronic medical record.",
                "SecondaryOutcomeTimeFrame":"6 months"
              }
            ]
          }
        },
        "EligibilityModule":{
          "EligibilityCriteria":"Inclusion Criteria:\n\nA) For the current study group:\n\nInpatients, 18 years and older, admitted to a surgical service inpatient unit and who are experiencing pain and/or anxiety, and\nNo history of chronic pain, respiratory problems, asthmas, allergies, or lost sense of smell, and\nProvide informed consent to participate in the study, and\nComplain of pain and anxiety in the 72 hours after surgery or intervention and requiring PANX.\n\nB) For the historical control group:\n\n• Patients from the same time in the previous year with the same inclusion and exclusion criteria.\n\nExclusion Criteria:\n\nA) For the current study group:\n\nPatients with known allergies or sensitivities to aromatherapy products.\nLack of interest in participating in or subsequent withdrawal from the research.\nPatients who are intubated, have died, or had serious disease complications will also be excluded from the study time period and previous year historical control group.\n\nSubject withdrawal from the Study\n\nPatients who develop allergic symptoms while the aromatherapy patch is applied.\nPatients who require intubation or critical interventions during their hospitalization.\n\nB) For the historical control group:\n\n• Anyone who does not meet the inclusion criteria",
          "HealthyVolunteers":"No",
          "Gender":"All",
          "MinimumAge":"18 Years",
          "StdAgeList":{
            "StdAge":[
              "Adult",
              "Older Adult"
            ]
          }
        },
        "ContactsLocationsModule":{
          "CentralContactList":{
            "CentralContact":[
              {
                "CentralContactName":"Justin Buchert, MSN, M.Ed., MS, RN",
                "CentralContactRole":"Contact",
                "CentralContactPhone":"469-419-3744",
                "CentralContactEMail":"justin.buchert@phhs.org"
              }
            ]
          },
          "OverallOfficialList":{
            "OverallOfficial":[
              {
                "OverallOfficialName":"Justin Buchert, MSN, M.Ed., MS, RN",
                "OverallOfficialAffiliation":"Parkland Health and Hospital System",
                "OverallOfficialRole":"Principal Investigator"
              }
            ]
          }
        },
        "IPDSharingStatementModule":{
          "IPDSharing":"No"
        }
      },
      "DerivedSection":{
        "MiscInfoModule":{
          "VersionHolder":"April 19, 2021"
        },
        "ConditionBrowseModule":{
          "ConditionBrowseLeafList":{
            "ConditionBrowseLeaf":[
              {
                "ConditionBrowseLeafId":"M11649",
                "ConditionBrowseLeafName":"Pain",
                "ConditionBrowseLeafRelevance":"low"
              }
            ]
          },
          "ConditionBrowseBranchList":{
            "ConditionBrowseBranch":[
              {
                "ConditionBrowseBranchAbbrev":"BC23",
                "ConditionBrowseBranchName":"Symptoms and General Pathology"
              },{
                "ConditionBrowseBranchAbbrev":"All",
                "ConditionBrowseBranchName":"All Conditions"
              }
            ]
          }
        },
        "InterventionBrowseModule":{
          "InterventionBrowseLeafList":{
            "InterventionBrowseLeaf":[
              {
                "InterventionBrowseLeafId":"T141",
                "InterventionBrowseLeafName":"English Lavender",
                "InterventionBrowseLeafAsFound":"Chest compressions",
                "InterventionBrowseLeafRelevance":"high"
              }
            ]
          },
          "InterventionBrowseBranchList":{
            "InterventionBrowseBranch":[
              {
                "InterventionBrowseBranchAbbrev":"HB",
                "InterventionBrowseBranchName":"Herbal and Botanical"
              },{
                "InterventionBrowseBranchAbbrev":"All",
                "InterventionBrowseBranchName":"All Drugs and Chemicals"
              }
            ]
          }
        }
      }
    }
  }
}

