{
  "FullStudy":{
    "Rank":554,
    "Study":{
      "ProtocolSection":{
        "IdentificationModule":{
          "NCTId":"NCT04842747",
          "OrgStudyIdInfo":{
            "OrgStudyId":"V3011902"
          },
          "Organization":{
            "OrgFullName":"Veru Inc.",
            "OrgClass":"INDUSTRY"
          },
          "BriefTitle":"VERU-111 in the Treatment of SARS-Cov-2 Infection by Assessing Its Effect on the Proportion of Patients Who Die on Study",
          "OfficialTitle":"Phase 3, Randomized, Placebo-Controlled, Efficacy and Safety Study of VERU-111 for the Treatment of Severe Acute Respiratory Syndrome Coronavirus 2 (SARS-CoV-2) in Patients at High Risk for Acute Respiratory Distress Syndrome (ARDS).",
          "Acronym":"VERU-111"
        },
        "StatusModule":{
          "StatusVerifiedDate":"April 2021",
          "OverallStatus":"Not yet recruiting",
          "ExpandedAccessInfo":{
            "HasExpandedAccess":"No"
          },
          "StartDateStruct":{
            "StartDate":"April 30, 2021",
            "StartDateType":"Anticipated"
          },
          "PrimaryCompletionDateStruct":{
            "PrimaryCompletionDate":"January 5, 2022",
            "PrimaryCompletionDateType":"Anticipated"
          },
          "CompletionDateStruct":{
            "CompletionDate":"March 19, 2022",
            "CompletionDateType":"Anticipated"
          },
          "StudyFirstSubmitDate":"April 9, 2021",
          "StudyFirstSubmitQCDate":"April 9, 2021",
          "StudyFirstPostDateStruct":{
            "StudyFirstPostDate":"April 13, 2021",
            "StudyFirstPostDateType":"Actual"
          },
          "LastUpdateSubmitDate":"April 13, 2021",
          "LastUpdatePostDateStruct":{
            "LastUpdatePostDate":"April 19, 2021",
            "LastUpdatePostDateType":"Estimate"
          }
        },
        "SponsorCollaboratorsModule":{
          "ResponsibleParty":{
            "ResponsiblePartyType":"Sponsor"
          },
          "LeadSponsor":{
            "LeadSponsorName":"Veru Inc.",
            "LeadSponsorClass":"INDUSTRY"
          }
        },
        "OversightModule":{
          "OversightHasDMC":"Yes",
          "IsFDARegulatedDrug":"Yes",
          "IsFDARegulatedDevice":"No"
        },
        "DescriptionModule":{
          "BriefSummary":"To demonstrate the efficacy of VERU-111 in the treatment of SARS-Cov-2 Infection by assessing its effect on the proportion of patients who die on study (prior to Day 60).",
          "DetailedDescription":"This study is a multicenter, randomized, placebo-control, efficacy and safety study of VERU-111 for the treatment of COVID-19. Subjects will receive either 9mg of VERU-111 or matching placebo orally or through nasogastric tube daily for up to 21 days or until the subject is discharged from the hospital, whichever comes first. The primary efficacy endpoint of the study will be the proportion of subjects that die prior to Day 60.The total study duration for a subject from screening to follow up visit is planned to be62days. In addition to the safety of VERU-111, an evaluation of the efficacy of VERU-111 on SARS-CoV-2 (COVID-19) compared to the placebo control will be evaluated as part of the Independent Data Monitoring Committee (IDMC)."
        },
        "ConditionsModule":{
          "ConditionList":{
            "Condition":[
              "SARS-CoV Infection"
            ]
          }
        },
        "DesignModule":{
          "StudyType":"Interventional",
          "PhaseList":{
            "Phase":[
              "Phase 3"
            ]
          },
          "DesignInfo":{
            "DesignAllocation":"Randomized",
            "DesignInterventionModel":"Parallel Assignment",
            "DesignInterventionModelDescription":"Subjects in the VERU-111 treatment groups will receive standard of care, plus oral daily VERU-111 9mg for 21 days or until released from hospital. Subjects in the Placebo treatment group will receive standard of care, plus a placebo capsule for 21 days or until released from hospital.",
            "DesignPrimaryPurpose":"Treatment",
            "DesignMaskingInfo":{
              "DesignMasking":"Triple",
              "DesignMaskingDescription":"The study will be a randomized, double-blind, placebo-controlled study. Randomization will be stratified by baseline WHO Ordinal Scale score of 5 and 6 such that an approximately equal proportion of subjects with a WHO Ordinal Scale of 6 at screening are enrolled in each treatment group. An emergency code break will be available to the investigator / pharmacist / investigational drug storage manager. This code break option in IWRS may only be disclosed in emergency situations when the identity of the trial drug must be known to the investigator in order to provide appropriate medical treatment or if required to assure safety of trial participants. If the code break for a patient is opened, the sponsor and CRO will be informed immediately via IWRS notification. The reason for the IWRS unblinding of the subject must be documented on the appropriate eCRF page along with the date and the initials of the person who broke the code.",
              "DesignWhoMaskedList":{
                "DesignWhoMasked":[
                  "Participant",
                  "Care Provider",
                  "Investigator"
                ]
              }
            }
          },
          "EnrollmentInfo":{
            "EnrollmentCount":"300",
            "EnrollmentType":"Anticipated"
          }
        },
        "ArmsInterventionsModule":{
          "ArmGroupList":{
            "ArmGroup":[
              {
                "ArmGroupLabel":"9mg of VERU-100 Oral daily",
                "ArmGroupType":"Experimental",
                "ArmGroupDescription":"9mg of VERU-100",
                "ArmGroupInterventionList":{
                  "ArmGroupInterventionName":[
                    "Drug: VERU-111"
                  ]
                }
              },{
                "ArmGroupLabel":"Placebo Capsule once daily",
                "ArmGroupType":"No Intervention",
                "ArmGroupDescription":"Subjects in the Placebo treatment group will receive standard of care, plus a placebo capsule for 21 days or until released from hospital."
              }
            ]
          },
          "InterventionList":{
            "Intervention":[
              {
                "InterventionType":"Drug",
                "InterventionName":"VERU-111",
                "InterventionDescription":"Subjects in the VERU-111 treatment groups will receive standard of care, plus oral daily VERU-111 9mg for 21 days or until released from hospital.",
                "InterventionArmGroupLabelList":{
                  "InterventionArmGroupLabel":[
                    "9mg of VERU-100 Oral daily"
                  ]
                },
                "InterventionOtherNameList":{
                  "InterventionOtherName":[
                    "Bisindole"
                  ]
                }
              }
            ]
          }
        },
        "OutcomesModule":{
          "PrimaryOutcomeList":{
            "PrimaryOutcome":[
              {
                "PrimaryOutcomeMeasure":"VERU-111 in the treatment of SARS-Cov-2 Infection",
                "PrimaryOutcomeDescription":"VERU-111 in the treatment of SARS-Cov-2 Infection by assessing its effect on the proportion of patients who die on study.",
                "PrimaryOutcomeTimeFrame":"Day 60"
              }
            ]
          },
          "SecondaryOutcomeList":{
            "SecondaryOutcome":[
              {
                "SecondaryOutcomeMeasure":"To determine the percentage of subjects that are alive without respiratory failure at various intervals.",
                "SecondaryOutcomeDescription":"The proportion of subjects that are alive without respiratory failure at Day 15, Day 22 and Day 29. Day 29 is the key secondary end point in this study. Respiratory failure is defined as endotracheal intubation and mechanical ventilation, extracorporeal membrane oxygenation, high-flow nasal cannula oxygen delivery, noninvasive positive pressure ventilation, clinical diagnosis of respiratory failure with initiation of none of these measures only when clinical decision making is driven solely by resource limitation.",
                "SecondaryOutcomeTimeFrame":"Day 29"
              }
            ]
          }
        },
        "EligibilityModule":{
          "EligibilityCriteria":"Inclusion Criteria:\n\nProvide informed consent from the subject or the subject's Legally Authorized Representative (LAR)\nAged ≥18 years\nSevere Acute Respiratory Syndrome Coronavirus (SARS-CoV-2) infection confirmed by polymerase chain reaction (PCR) test\nPatients at high risk for ARDS, with known comorbidities for being at high risk, such as, Asthma (moderate to severe), Chronic Lung Disease, Diabetes, Chronic Kidney Disease being treated with dialysis, Severe Obesity (BMI ≥40), 65 years of age or older, primarily reside in a nursing home or long-term care facility, or immunocompromised\nWHO Ordinal Scale for Clinical Improvement score of 5 (Non-invasive ventilation or high-flow oxygen) or 6 (Intubation and mechanical ventilation)\n\nPeripheral capillary oxygen saturation (SpO2) ≤ 94% on room air at screening. If patient is on oxygen therapy at the time of presentation for screening and the SpO2levels were\n\n94% prior to introduction to oxygen therapy with proper documentation example EMT notes or ER/ED notes, then the patient is considered to have met this inclusion criterion. If patient is on oxygen therapy at the time of presentation for screening and the SpO2 levels prior to introduction to oxygen therapy are unknown, the patient may be considered to have met this inclusion criterion if oxygen therapy is removed and the SpO2 levels fall to ≤94%, then the patient is considered to have met this inclusion criterion. However, removal of the oxygen therapy should only be done if it is considered medically reasonable\nSubjects must agree to follow doctor's recommendation for oxygen supplementation\n\nSubjects must agree to use acceptable methods of contraception:\n\nIf female of childbearing potential or a male subject's partner could become pregnant, use acceptable methods of contraception from the time of the first administration of study medication until 6months following administration of the last dose of study medication. Acceptable methods of contraception are as follows: Condom with spermicidal foam/gel/film/cream/suppository [i.e., barrier method of contraception], surgical sterilization (vasectomy with documentation of azospermia) and a barrier method {condom used with spermicidal foam/gel/film/cream/suppository}, the female partner uses oral contraceptives (combination estrogen/progesterone pills), injectable progesterone or subdermal implants and a barrier method (condom used with spermicidal foam/gel/film/cream/suppository)\nIf the female partner of a male subject has undergone documented tuballigation (female sterilization), a barrier method (condom used with spermicidal foam/gel/film/cream/suppository)should also be used\nIf female partner of a male subject has undergone documented placement of an intrauterine device (IUD) or intrauterine system (IUS),a barrier method (condom with spermicidal foam/gel/film/cream/suppository)should also be used\nSubject is willing to comply with the requirements of the protocol through the end of the study\n\nExclusion Criteria:\n\nKnown hypersensitivity or allergy to colchicine\nPregnant or currently breast feeding\nParticipation in any other clinical trial of an experimental treatment for COVID- 19. Convalescent plasma, dexamethasone and remdesivir are allowed in this study.\nConcurrent treatment with other experimental agents with actual or possible direct acting antiviral activity against COVID-19is prohibited <24 hours prior to study drug dosing(except standard of care). Remdesivir, dexamethasone and convalescent plasma are allowed in the study.\nRequiring ventilation + additional organ support -pressors, RRT, ECMO(WHO Ordinal Scale for Clinical Improvement -Score of 7)\nAlanine Aminotransferase (ALT) or aspartate aminotransferase(AST) >3X upper limit of normal (ULN)\nTotal bilirubin > ULN\nCreatinine clearance < 60 mL/min\nDocumented medical history of liver disease, including but not limited to, prior diagnosis of hepatitis of any etiology, cirrhosis, portal hypertension, or confirmed or suspected esophageal varices\nModerate to severe renal impairment\nHepatic impairment\nHistory of hepatitis\nAny comorbid disease or condition (medical or surgical) which might compromise the hematologic, cardiovascular, endocrine, pulmonary, renal, gastrointestinal, hepatic, or central nervous system; or other conditions that may interfere with the absorption, distribution, metabolism or excretion of study drug, or would place the subject at increased risk\nParticipants must agree to refrain from prolonged exposure to the sun or agree to use at least SPF 50 on all exposed skin and protective clothing during prolonged sun exposure throughout participation in this study and/or treatment with VERU-111",
          "HealthyVolunteers":"No",
          "Gender":"All",
          "MinimumAge":"18 Years",
          "MaximumAge":"100 Years",
          "StdAgeList":{
            "StdAge":[
              "Adult",
              "Older Adult"
            ]
          }
        },
        "ContactsLocationsModule":{
          "CentralContactList":{
            "CentralContact":[
              {
                "CentralContactName":"Barnette",
                "CentralContactRole":"Contact",
                "CentralContactPhone":"800-606-9382",
                "CentralContactEMail":"veruclinicaltrials@verupharma.com"
              },{
                "CentralContactName":"Rodriguez",
                "CentralContactRole":"Contact",
                "CentralContactPhone":"800-606-9382",
                "CentralContactEMail":"veruclinicaltrials@verupharma.com"
              }
            ]
          },
          "OverallOfficialList":{
            "OverallOfficial":[
              {
                "OverallOfficialName":"Bernette",
                "OverallOfficialAffiliation":"Veru Inc.",
                "OverallOfficialRole":"Study Chair"
              }
            ]
          },
          "LocationList":{
            "Location":[
              {
                "LocationFacility":"Honor Health",
                "LocationCity":"Scottsdale",
                "LocationState":"Arizona",
                "LocationZip":"85260",
                "LocationCountry":"United States",
                "LocationContactList":{
                  "LocationContact":[
                    {
                      "LocationContactName":"Sahni Hillard",
                      "LocationContactRole":"Contact",
                      "LocationContactPhone":"209-348-8838",
                      "LocationContactEMail":"shilliard@honorhealth.com"
                    },{
                      "LocationContactName":"Michael Gordon",
                      "LocationContactRole":"Principal Investigator"
                    }
                  ]
                }
              },{
                "LocationFacility":"Inspira Medical Center Mullica Hill",
                "LocationCity":"Mullica Hill",
                "LocationState":"New Jersey",
                "LocationZip":"08062",
                "LocationCountry":"United States",
                "LocationContactList":{
                  "LocationContact":[
                    {
                      "LocationContactName":"Sami Abate",
                      "LocationContactRole":"Contact",
                      "LocationContactPhone":"856-641-7526",
                      "LocationContactEMail":"AbateS@ihn.org"
                    },{
                      "LocationContactName":"M. Scott Dawson",
                      "LocationContactRole":"Principal Investigator"
                    }
                  ]
                }
              },{
                "LocationFacility":"Inspira Medical Center",
                "LocationCity":"Vineland",
                "LocationState":"New Jersey",
                "LocationZip":"08360",
                "LocationCountry":"United States",
                "LocationContactList":{
                  "LocationContact":[
                    {
                      "LocationContactName":"Sami Abate",
                      "LocationContactRole":"Contact",
                      "LocationContactPhone":"856-641-7526",
                      "LocationContactEMail":"AbateS@ihn.org"
                    },{
                      "LocationContactName":"Samaresh Dasgupta",
                      "LocationContactRole":"Principal Investigator"
                    }
                  ]
                }
              },{
                "LocationFacility":"HD Research (Memorial Hermann - Memorial City Medical Center)",
                "LocationCity":"Houston",
                "LocationState":"Texas",
                "LocationZip":"77024",
                "LocationCountry":"United States",
                "LocationContactList":{
                  "LocationContact":[
                    {
                      "LocationContactName":"Katelyn Freeman",
                      "LocationContactRole":"Contact",
                      "LocationContactPhone":"361-728-5693",
                      "LocationContactEMail":"kfreeman@lotuscr.com"
                    },{
                      "LocationContactName":"Diego Rodriguez",
                      "LocationContactRole":"Contact",
                      "LocationContactPhone":"361-728-5693",
                      "LocationContactEMail":"drodriguez@lotuscr.com"
                    },{
                      "LocationContactName":"Alan Skolnick",
                      "LocationContactRole":"Principal Investigator"
                    }
                  ]
                }
              },{
                "LocationFacility":"HD Research (Memorial Hermann Southeast Hospital)",
                "LocationCity":"Houston",
                "LocationState":"Texas",
                "LocationZip":"77024",
                "LocationCountry":"United States",
                "LocationContactList":{
                  "LocationContact":[
                    {
                      "LocationContactName":"Lauren Howard",
                      "LocationContactRole":"Contact",
                      "LocationContactPhone":"281-770-5752",
                      "LocationContactEMail":"lhoward@lotuscr.com"
                    },{
                      "LocationContactName":"Adnan Rafiq",
                      "LocationContactRole":"Principal Investigator"
                    }
                  ]
                }
              },{
                "LocationFacility":"Clinical Trial Network",
                "LocationCity":"Houston",
                "LocationState":"Texas",
                "LocationZip":"77074",
                "LocationCountry":"United States",
                "LocationContactList":{
                  "LocationContact":[
                    {
                      "LocationContactName":"Layla Amjad",
                      "LocationContactRole":"Contact",
                      "LocationContactPhone":"713-484-6947",
                      "LocationContactEMail":"lamjad@ctntexas.com"
                    },{
                      "LocationContactName":"Sangeetha Vulichi",
                      "LocationContactRole":"Principal Investigator"
                    }
                  ]
                }
              },{
                "LocationFacility":"Hospital del Bicentenario de Esteban Echeverría",
                "LocationCity":"Monte Grande",
                "LocationCountry":"Argentina",
                "LocationContactList":{
                  "LocationContact":[
                    {
                      "LocationContactName":"Santiago Müller, MD",
                      "LocationContactRole":"Contact",
                      "LocationContactPhone":"5491164883994",
                      "LocationContactEMail":"gordeu@gmail.com"
                    },{
                      "LocationContactName":"Nicolás Caminiti",
                      "LocationContactRole":"Principal Investigator"
                    }
                  ]
                }
              },{
                "LocationFacility":"Hospital Universitário São Francisco na Providencia de Deus",
                "LocationCity":"Bragança Paulista",
                "LocationCountry":"Brazil",
                "LocationContactList":{
                  "LocationContact":[
                    {
                      "LocationContactName":"Mariana Goncalves",
                      "LocationContactRole":"Contact",
                      "LocationContactPhone":"55(19)991300521",
                      "LocationContactEMail":"mariana.goncalves.husf@gmail.com"
                    },{
                      "LocationContactName":"Murillo Antunes",
                      "LocationContactRole":"Principal Investigator"
                    }
                  ]
                }
              },{
                "LocationFacility":"IPECC (Instituto De Pesquisa Clínica de Campinas)",
                "LocationCity":"Campinas",
                "LocationCountry":"Brazil",
                "LocationContactList":{
                  "LocationContact":[
                    {
                      "LocationContactName":"Carla Vicente",
                      "LocationContactRole":"Contact",
                      "LocationContactPhone":"19991913704",
                      "LocationContactEMail":"carla@ipecc.com.br"
                    },{
                      "LocationContactName":"José Saraiva,",
                      "LocationContactRole":"Principal Investigator"
                    }
                  ]
                }
              },{
                "LocationFacility":"Sociedade Hospital Angelina Caron",
                "LocationCity":"Campinas",
                "LocationCountry":"Brazil",
                "LocationContactList":{
                  "LocationContact":[
                    {
                      "LocationContactName":"Cristina Corrêa",
                      "LocationContactRole":"Contact",
                      "LocationContactPhone":"554136798783"
                    },{
                      "LocationContactName":"Dalton Bertolin Precoma",
                      "LocationContactRole":"Principal Investigator"
                    }
                  ]
                }
              },{
                "LocationFacility":"Hospital de Clínicas de Porto Alegre - Infectologia - Centro de Pesquisa Clínica",
                "LocationCity":"Porto Alegre",
                "LocationZip":"90035-003",
                "LocationCountry":"Brazil",
                "LocationContactList":{
                  "LocationContact":[
                    {
                      "LocationContactName":"Laura De Bona",
                      "LocationContactRole":"Contact",
                      "LocationContactPhone":"555133596331",
                      "LocationContactEMail":"lauradbona@yahoo.com.br"
                    },{
                      "LocationContactName":"Eduardo Sprinz",
                      "LocationContactRole":"Principal Investigator"
                    }
                  ]
                }
              },{
                "LocationFacility":"Hospital Universitario Cementino Fraga Filho",
                "LocationCity":"Rio De Janeiro",
                "LocationCountry":"Brazil",
                "LocationContactList":{
                  "LocationContact":[
                    {
                      "LocationContactName":"Elizabeth Stankiewicz Machado",
                      "LocationContactRole":"Principal Investigator"
                    }
                  ]
                }
              },{
                "LocationFacility":"Clínica de Alergia Martti Antila S/S LTDA",
                "LocationCity":"Sorocaba",
                "LocationCountry":"Brazil",
                "LocationContactList":{
                  "LocationContact":[
                    {
                      "LocationContactName":"Martti Antila",
                      "LocationContactRole":"Principal Investigator"
                    }
                  ]
                }
              },{
                "LocationFacility":"Fundação Faculdade Regional de Medicina de São José do Rio Preto",
                "LocationCity":"São Paulo",
                "LocationCountry":"Brazil",
                "LocationContactList":{
                  "LocationContact":[
                    {
                      "LocationContactName":"Ana Paula Demore",
                      "LocationContactRole":"Contact",
                      "LocationContactPhone":"55 17 991542091"
                    },{
                      "LocationContactName":"Suzana Lobo",
                      "LocationContactRole":"Principal Investigator"
                    }
                  ]
                }
              },{
                "LocationFacility":"Unidad Médica para la Salud Integral (UMSI)",
                "LocationCity":"Monterrey",
                "LocationCountry":"Mexico",
                "LocationContactList":{
                  "LocationContact":[
                    {
                      "LocationContactName":"Alma Carreon",
                      "LocationContactRole":"Contact"
                    },{
                      "LocationContactName":"Rodolfo Posadas-Valay",
                      "LocationContactRole":"Principal Investigator"
                    }
                  ]
                }
              },{
                "LocationFacility":"Hospital General de Occidente",
                "LocationCity":"Zapopan",
                "LocationCountry":"Mexico",
                "LocationContactList":{
                  "LocationContact":[
                    {
                      "LocationContactName":"Raul Baptista-Rosas",
                      "LocationContactRole":"Principal Investigator"
                    }
                  ]
                }
              }
            ]
          }
        },
        "IPDSharingStatementModule":{
          "IPDSharing":"Undecided"
        }
      },
      "DerivedSection":{
        "MiscInfoModule":{
          "VersionHolder":"April 19, 2021"
        },
        "ConditionBrowseModule":{
          "ConditionMeshList":{
            "ConditionMesh":[
              {
                "ConditionMeshId":"D000007239",
                "ConditionMeshTerm":"Infection"
              },{
                "ConditionMeshId":"D000018352",
                "ConditionMeshTerm":"Coronavirus Infections"
              },{
                "ConditionMeshId":"D000045169",
                "ConditionMeshTerm":"Severe Acute Respiratory Syndrome"
              }
            ]
          },
          "ConditionAncestorList":{
            "ConditionAncestor":[
              {
                "ConditionAncestorId":"D000003333",
                "ConditionAncestorTerm":"Coronaviridae Infections"
              },{
                "ConditionAncestorId":"D000030341",
                "ConditionAncestorTerm":"Nidovirales Infections"
              },{
                "ConditionAncestorId":"D000012327",
                "ConditionAncestorTerm":"RNA Virus Infections"
              },{
                "ConditionAncestorId":"D000014777",
                "ConditionAncestorTerm":"Virus Diseases"
              },{
                "ConditionAncestorId":"D000012141",
                "ConditionAncestorTerm":"Respiratory Tract Infections"
              },{
                "ConditionAncestorId":"D000012140",
                "ConditionAncestorTerm":"Respiratory Tract Diseases"
              }
            ]
          },
          "ConditionBrowseLeafList":{
            "ConditionBrowseLeaf":[
              {
                "ConditionBrowseLeafId":"M8866",
                "ConditionBrowseLeafName":"Infection",
                "ConditionBrowseLeafAsFound":"Infection",
                "ConditionBrowseLeafRelevance":"high"
              },{
                "ConditionBrowseLeafId":"M4951",
                "ConditionBrowseLeafName":"Communicable Diseases",
                "ConditionBrowseLeafRelevance":"low"
              },{
                "ConditionBrowseLeafId":"M14938",
                "ConditionBrowseLeafName":"Syndrome",
                "ConditionBrowseLeafRelevance":"low"
              },{
                "ConditionBrowseLeafId":"M19074",
                "ConditionBrowseLeafName":"Coronavirus Infections",
                "ConditionBrowseLeafAsFound":"SARS-CoV Infection",
                "ConditionBrowseLeafRelevance":"high"
              },{
                "ConditionBrowseLeafId":"M24032",
                "ConditionBrowseLeafName":"Severe Acute Respiratory Syndrome",
                "ConditionBrowseLeafAsFound":"SARS-CoV Infection",
                "ConditionBrowseLeafRelevance":"high"
              },{
                "ConditionBrowseLeafId":"M13547",
                "ConditionBrowseLeafName":"Respiratory Distress Syndrome, Newborn",
                "ConditionBrowseLeafRelevance":"low"
              },{
                "ConditionBrowseLeafId":"M13548",
                "ConditionBrowseLeafName":"Respiratory Distress Syndrome, Adult",
                "ConditionBrowseLeafRelevance":"low"
              },{
                "ConditionBrowseLeafId":"M26731",
                "ConditionBrowseLeafName":"Acute Lung Injury",
                "ConditionBrowseLeafRelevance":"low"
              },{
                "ConditionBrowseLeafId":"M5138",
                "ConditionBrowseLeafName":"Coronaviridae Infections",
                "ConditionBrowseLeafRelevance":"low"
              },{
                "ConditionBrowseLeafId":"M22269",
                "ConditionBrowseLeafName":"Nidovirales Infections",
                "ConditionBrowseLeafRelevance":"low"
              },{
                "ConditionBrowseLeafId":"M16105",
                "ConditionBrowseLeafName":"Virus Diseases",
                "ConditionBrowseLeafRelevance":"low"
              },{
                "ConditionBrowseLeafId":"M13732",
                "ConditionBrowseLeafName":"RNA Virus Infections",
                "ConditionBrowseLeafRelevance":"low"
              },{
                "ConditionBrowseLeafId":"M13561",
                "ConditionBrowseLeafName":"Respiratory Tract Infections",
                "ConditionBrowseLeafRelevance":"low"
              },{
                "ConditionBrowseLeafId":"M13560",
                "ConditionBrowseLeafName":"Respiratory Tract Diseases",
                "ConditionBrowseLeafRelevance":"low"
              },{
                "ConditionBrowseLeafId":"T5186",
                "ConditionBrowseLeafName":"Severe Acute Respiratory Syndrome",
                "ConditionBrowseLeafAsFound":"SARS-CoV Infection",
                "ConditionBrowseLeafRelevance":"high"
              },{
                "ConditionBrowseLeafId":"T4927",
                "ConditionBrowseLeafName":"Respiratory Distress Syndrome, Infant",
                "ConditionBrowseLeafRelevance":"low"
              },{
                "ConditionBrowseLeafId":"T192",
                "ConditionBrowseLeafName":"Acute Respiratory Distress Syndrome",
                "ConditionBrowseLeafRelevance":"low"
              }
            ]
          },
          "ConditionBrowseBranchList":{
            "ConditionBrowseBranch":[
              {
                "ConditionBrowseBranchAbbrev":"BC01",
                "ConditionBrowseBranchName":"Bacterial and Fungal Diseases"
              },{
                "ConditionBrowseBranchAbbrev":"All",
                "ConditionBrowseBranchName":"All Conditions"
              },{
                "ConditionBrowseBranchAbbrev":"BC23",
                "ConditionBrowseBranchName":"Symptoms and General Pathology"
              },{
                "ConditionBrowseBranchAbbrev":"BC02",
                "ConditionBrowseBranchName":"Viral Diseases"
              },{
                "ConditionBrowseBranchAbbrev":"BC08",
                "ConditionBrowseBranchName":"Respiratory Tract (Lung and Bronchial) Diseases"
              },{
                "ConditionBrowseBranchAbbrev":"BC16",
                "ConditionBrowseBranchName":"Diseases and Abnormalities at or Before Birth"
              },{
                "ConditionBrowseBranchAbbrev":"Rare",
                "ConditionBrowseBranchName":"Rare Diseases"
              }
            ]
          }
        }
      }
    }
  }
}

