{
  "FullStudy":{
    "Rank":513,
    "Study":{
      "ProtocolSection":{
        "IdentificationModule":{
          "NCTId":"NCT04843280",
          "OrgStudyIdInfo":{
            "OrgStudyId":"DMAZ17D.288"
          },
          "Organization":{
            "OrgFullName":"Rothman Institute Orthopaedics",
            "OrgClass":"OTHER"
          },
          "BriefTitle":"Traditional PT v Internet Based PT After Total Knee Arthroscopy",
          "OfficialTitle":"Comparison of Traditional Physical Therapy to Internet-Based Physical Therapy After Knee Arthroscopy: A Prospective Randomized Controlled Trial Comparing Patient Outcomes and Satisfaction"
        },
        "StatusModule":{
          "StatusVerifiedDate":"April 2021",
          "OverallStatus":"Completed",
          "ExpandedAccessInfo":{
            "HasExpandedAccess":"No"
          },
          "StartDateStruct":{
            "StartDate":"July 30, 2017",
            "StartDateType":"Actual"
          },
          "PrimaryCompletionDateStruct":{
            "PrimaryCompletionDate":"February 19, 2019",
            "PrimaryCompletionDateType":"Actual"
          },
          "CompletionDateStruct":{
            "CompletionDate":"February 19, 2019",
            "CompletionDateType":"Actual"
          },
          "StudyFirstSubmitDate":"March 31, 2021",
          "StudyFirstSubmitQCDate":"April 12, 2021",
          "StudyFirstPostDateStruct":{
            "StudyFirstPostDate":"April 13, 2021",
            "StudyFirstPostDateType":"Actual"
          },
          "LastUpdateSubmitDate":"April 12, 2021",
          "LastUpdatePostDateStruct":{
            "LastUpdatePostDate":"April 13, 2021",
            "LastUpdatePostDateType":"Actual"
          }
        },
        "SponsorCollaboratorsModule":{
          "ResponsibleParty":{
            "ResponsiblePartyType":"Sponsor"
          },
          "LeadSponsor":{
            "LeadSponsorName":"Rothman Institute Orthopaedics",
            "LeadSponsorClass":"OTHER"
          }
        },
        "OversightModule":{
          "IsFDARegulatedDrug":"No",
          "IsFDARegulatedDevice":"No"
        },
        "DescriptionModule":{
          "BriefSummary":"Knee arthroscopy results in significant improvements in functional outcomes, pain relief and quality of life for patients suffering from mechanical symptoms associated with meniscal tears. Patients are able to return to their activities of daily living, occupation, or sport without significant limitations. Traditionally, patients have undergone formal physical therapy (PT) after knee arthroscopy to regain function. There is a significant cost and time commitment associated with traditional outpatient physical therapy. An internet based therapy program allows patients to perform therapy at home on their own time schedule. A recent study demonstrated that patients who undergo internet based PT after total knee arthroplasty performed as well patients receiving traditional physical therapy. These findings have not been studied in the knee arthroscopy patient population. The goal of this study is to compare traditional outpatient physical therapy rehabilitation to Internet-based rehabilitation in patients undergoing knee arthroscopy for partial meniscectomy.\n\nThe purpose of this study is to compare functional outcome, and patient satisfaction, internet-based rehabilitation program vs. standard outpatient physical therapy after unilateral knee arthroscopy for meniscal tear."
        },
        "ConditionsModule":{
          "ConditionList":{
            "Condition":[
              "Physical Therapy"
            ]
          }
        },
        "DesignModule":{
          "StudyType":"Interventional",
          "PhaseList":{
            "Phase":[
              "Not Applicable"
            ]
          },
          "DesignInfo":{
            "DesignAllocation":"Randomized",
            "DesignInterventionModel":"Parallel Assignment",
            "DesignPrimaryPurpose":"Treatment",
            "DesignMaskingInfo":{
              "DesignMasking":"None (Open Label)"
            }
          },
          "EnrollmentInfo":{
            "EnrollmentCount":"167",
            "EnrollmentType":"Actual"
          }
        },
        "ArmsInterventionsModule":{
          "ArmGroupList":{
            "ArmGroup":[
              {
                "ArmGroupLabel":"Traditional Physical Therapy",
                "ArmGroupType":"Active Comparator",
                "ArmGroupDescription":"Participants who have undergone primary unilateral knee arthroscopy will undergo 6 weeks of formal outpatient physical therapy",
                "ArmGroupInterventionList":{
                  "ArmGroupInterventionName":[
                    "Procedure: Traditional Outpatient Physical Therapy"
                  ]
                }
              },{
                "ArmGroupLabel":"Internet Based Physical Therapy",
                "ArmGroupType":"Active Comparator",
                "ArmGroupDescription":"Participants who have undergone primary unilateral knee arthroscopy will undergo 6 weeks of internet based rehabilitation regime in the home through the online recovery program, FORCE Therapeutics",
                "ArmGroupInterventionList":{
                  "ArmGroupInterventionName":[
                    "Procedure: FORCE therapeutics (physical therapy)"
                  ]
                }
              }
            ]
          },
          "InterventionList":{
            "Intervention":[
              {
                "InterventionType":"Procedure",
                "InterventionName":"FORCE therapeutics (physical therapy)",
                "InterventionDescription":"6 weeks of internet based physical therapy following arthroscopic knee surgery",
                "InterventionArmGroupLabelList":{
                  "InterventionArmGroupLabel":[
                    "Internet Based Physical Therapy"
                  ]
                }
              },{
                "InterventionType":"Procedure",
                "InterventionName":"Traditional Outpatient Physical Therapy",
                "InterventionDescription":"6 weeks of outpatient physical therapy following arthroscopic knee surgery",
                "InterventionArmGroupLabelList":{
                  "InterventionArmGroupLabel":[
                    "Traditional Physical Therapy"
                  ]
                }
              }
            ]
          }
        },
        "OutcomesModule":{
          "PrimaryOutcomeList":{
            "PrimaryOutcome":[
              {
                "PrimaryOutcomeMeasure":"Postoperative Knee Function",
                "PrimaryOutcomeDescription":"Investigators will be measuring whether there is an increase in participants function as assessed by the International Knee Documentation Committee (IKDC) Subjective Knee Evaluation. This will be measured on a scale of 0-100 with 0 being the lowest level of function and 100 being the highest level of function",
                "PrimaryOutcomeTimeFrame":"4 months"
              },{
                "PrimaryOutcomeMeasure":"Cost analysis",
                "PrimaryOutcomeDescription":"cost analysis survey will be completed by participants to determine if there is a difference in outpatient physical therapy versus internet based physical therapy",
                "PrimaryOutcomeTimeFrame":"4 months"
              },{
                "PrimaryOutcomeMeasure":"Postoperative Physical therapy Patient Satisfaction",
                "PrimaryOutcomeDescription":"Participant satisfaction with physical therapy will be assessed using the physical therapy satisfaction evaluation. This consist of a single question asking the participant how satisfied they are with their surgery on a scale of 0-10. 0 being not satisfied at all and 10 being extremely satisfied.",
                "PrimaryOutcomeTimeFrame":"4 months"
              }
            ]
          }
        },
        "EligibilityModule":{
          "EligibilityCriteria":"Inclusion Criteria:\n\nAny patient undergoing unilateral primary knee arthroscopy for meniscal tear\nAny patient 18 years or older\n\nExclusion Criteria:\n\nPatients without access to the Internet\nPost-traumatic osteoarthritis\nPatients with ligamentous injury\nPatients with full thickness cartilage defects\nPatients with osteoarthritis or inflammatory arthritis\nRevision or conversion knee arthroscopy\nPatients receiving workers compensations\nPatients discharged to a rehabilitation unit or other form of respite care such as a skilled nursing facility, acute rehabilitation center, convalescent home, long-term care facility or nursing home.",
          "HealthyVolunteers":"Accepts Healthy Volunteers",
          "Gender":"All",
          "MinimumAge":"18 Years",
          "StdAgeList":{
            "StdAge":[
              "Adult",
              "Older Adult"
            ]
          }
        },
        "ContactsLocationsModule":{
          "LocationList":{
            "Location":[
              {
                "LocationFacility":"Rothman Orthopaedic Institute",
                "LocationCity":"Philadelphia",
                "LocationState":"Pennsylvania",
                "LocationZip":"19107",
                "LocationCountry":"United States"
              }
            ]
          }
        }
      },
      "DerivedSection":{
        "MiscInfoModule":{
          "VersionHolder":"April 19, 2021"
        },
        "InterventionBrowseModule":{
          "InterventionMeshList":{
            "InterventionMesh":[
              {
                "InterventionMeshId":"D000003033",
                "InterventionMeshTerm":"Coal Tar"
              }
            ]
          },
          "InterventionAncestorList":{
            "InterventionAncestor":[
              {
                "InterventionAncestorId":"D000007641",
                "InterventionAncestorTerm":"Keratolytic Agents"
              },{
                "InterventionAncestorId":"D000003879",
                "InterventionAncestorTerm":"Dermatologic Agents"
              }
            ]
          },
          "InterventionBrowseLeafList":{
            "InterventionBrowseLeaf":[
              {
                "InterventionBrowseLeafId":"M4846",
                "InterventionBrowseLeafName":"Coal Tar",
                "InterventionBrowseLeafAsFound":"Curettes",
                "InterventionBrowseLeafRelevance":"high"
              },{
                "InterventionBrowseLeafId":"M9250",
                "InterventionBrowseLeafName":"Keratolytic Agents",
                "InterventionBrowseLeafRelevance":"low"
              },{
                "InterventionBrowseLeafId":"M5657",
                "InterventionBrowseLeafName":"Dermatologic Agents",
                "InterventionBrowseLeafRelevance":"low"
              }
            ]
          },
          "InterventionBrowseBranchList":{
            "InterventionBrowseBranch":[
              {
                "InterventionBrowseBranchAbbrev":"Derm",
                "InterventionBrowseBranchName":"Dermatologic Agents"
              },{
                "InterventionBrowseBranchAbbrev":"All",
                "InterventionBrowseBranchName":"All Drugs and Chemicals"
              }
            ]
          }
        }
      }
    }
  }
}

