{
  "FullStudy":{
    "Rank":331,
    "Study":{
      "ProtocolSection":{
        "IdentificationModule":{
          "NCTId":"NCT04845646",
          "OrgStudyIdInfo":{
            "OrgStudyId":"ASC41-105"
          },
          "Organization":{
            "OrgFullName":"Gannex Pharma Co., Ltd.",
            "OrgClass":"INDUSTRY"
          },
          "BriefTitle":"DDI Study of ASC41 Tablets in HV and the PK, Safety and Tolerability in Subjects With NAFLD.",
          "OfficialTitle":"Phase I Open Label, Drug-Drug Interaction, Study to Evaluate the Effect of Itraconazole and Phenytoin on the Pharmacokinetics of ASC41 Tablets in Healthy Volunteers and A Study to Evaluate the PK, Safety and Tolerability in Subjects With NAFLD."
        },
        "StatusModule":{
          "StatusVerifiedDate":"March 2021",
          "OverallStatus":"Recruiting",
          "ExpandedAccessInfo":{
            "HasExpandedAccess":"No"
          },
          "StartDateStruct":{
            "StartDate":"March 16, 2021",
            "StartDateType":"Actual"
          },
          "PrimaryCompletionDateStruct":{
            "PrimaryCompletionDate":"June 18, 2021",
            "PrimaryCompletionDateType":"Anticipated"
          },
          "CompletionDateStruct":{
            "CompletionDate":"July 12, 2021",
            "CompletionDateType":"Anticipated"
          },
          "StudyFirstSubmitDate":"April 11, 2021",
          "StudyFirstSubmitQCDate":"April 11, 2021",
          "StudyFirstPostDateStruct":{
            "StudyFirstPostDate":"April 15, 2021",
            "StudyFirstPostDateType":"Actual"
          },
          "LastUpdateSubmitDate":"April 11, 2021",
          "LastUpdatePostDateStruct":{
            "LastUpdatePostDate":"April 15, 2021",
            "LastUpdatePostDateType":"Actual"
          }
        },
        "SponsorCollaboratorsModule":{
          "ResponsibleParty":{
            "ResponsiblePartyType":"Sponsor"
          },
          "LeadSponsor":{
            "LeadSponsorName":"Gannex Pharma Co., Ltd.",
            "LeadSponsorClass":"INDUSTRY"
          }
        },
        "OversightModule":{
          "OversightHasDMC":"No",
          "IsFDARegulatedDrug":"Yes",
          "IsFDARegulatedDevice":"No"
        },
        "DescriptionModule":{
          "BriefSummary":"The primary objective of this study is to evaluate the effect of itraconazole, a strong inhibitor), and phenytoin a strong inducer of cytochrome P450 3A on the pharmacokinetics of ASC41, a THR beta agonist tables in healthy subjects. The PK, Safety and Tolerability of ASC 41 in Subjects with NAFLD will also be evaluated. Approximately 24 subjects including 16 HVs and 8 subjects with NAFLD will be enrolled. This study consists of 3 cohorts.",
          "DetailedDescription":"This multiarm study in HVs and subjects with NAFLD is designed to further characterize the PK, safety and tolerability of ASC41.\n\nPart I of the study will assess the effect of itraconazole and phenytoin on the single-dose PK of ASC41 in HVs. Part II of the study will evaluate the PK, safety and tolerability of single dose ASC41 in subjects with NAFLD. The pharmacokinetics of ASC41 and its metabolite ASC41-A will be assessed in both parts I and II.\n\nThe secondary objective of the study is to characterize the safety and tolerability of oral ASC41 in subjects in the U.S. with NAFLD and in HVs. Approximately 24 male and female participants will be enrolled. This study consists of 3 cohorts."
        },
        "ConditionsModule":{
          "ConditionList":{
            "Condition":[
              "Healthy",
              "NAFLD"
            ]
          },
          "KeywordList":{
            "Keyword":[
              "Healthy",
              "NAFLD",
              "DDI (Drug-Drug Interaction)",
              "Itraconazole",
              "Phenytoin",
              "THR beta agonist",
              "ASC41"
            ]
          }
        },
        "DesignModule":{
          "StudyType":"Interventional",
          "PhaseList":{
            "Phase":[
              "Phase 1"
            ]
          },
          "DesignInfo":{
            "DesignAllocation":"Randomized",
            "DesignInterventionModel":"Parallel Assignment",
            "DesignPrimaryPurpose":"Treatment",
            "DesignMaskingInfo":{
              "DesignMasking":"None (Open Label)"
            }
          },
          "EnrollmentInfo":{
            "EnrollmentCount":"24",
            "EnrollmentType":"Anticipated"
          }
        },
        "ArmsInterventionsModule":{
          "ArmGroupList":{
            "ArmGroup":[
              {
                "ArmGroupLabel":"ASC41 + Itraconazole group",
                "ArmGroupType":"Experimental",
                "ArmGroupDescription":"ASC41 5 mg po, One 5 mg ASC41 tablet on day 1 and 11.\nItraconazole oral capsule 200 mg po qd (2 capsules given 1x/day or 200 mg/day) on days 6-16.",
                "ArmGroupInterventionList":{
                  "ArmGroupInterventionName":[
                    "Drug: ASC41",
                    "Drug: Itraconazole"
                  ]
                }
              },{
                "ArmGroupLabel":"ASC41 + Phenytoin group",
                "ArmGroupType":"Experimental",
                "ArmGroupDescription":"ASC41 5 mg po, One 5 mg ASC41 tablet on day 1 and 19.\nPhenytoin oral capsule 300 mg (100 mg 3 x/day) on days 6-19.",
                "ArmGroupInterventionList":{
                  "ArmGroupInterventionName":[
                    "Drug: ASC41",
                    "Drug: Phenytoin"
                  ]
                }
              },{
                "ArmGroupLabel":"ASC41 group",
                "ArmGroupType":"Experimental",
                "ArmGroupDescription":"(1) ASC41 5 mg po. One 5 mg ASC41 tablet on day 1.",
                "ArmGroupInterventionList":{
                  "ArmGroupInterventionName":[
                    "Drug: ASC41"
                  ]
                }
              }
            ]
          },
          "InterventionList":{
            "Intervention":[
              {
                "InterventionType":"Drug",
                "InterventionName":"ASC41",
                "InterventionDescription":"5mg/tablet",
                "InterventionArmGroupLabelList":{
                  "InterventionArmGroupLabel":[
                    "ASC41 + Itraconazole group",
                    "ASC41 + Phenytoin group",
                    "ASC41 group"
                  ]
                }
              },{
                "InterventionType":"Drug",
                "InterventionName":"Itraconazole",
                "InterventionDescription":"200mg/capsule",
                "InterventionArmGroupLabelList":{
                  "InterventionArmGroupLabel":[
                    "ASC41 + Itraconazole group"
                  ]
                }
              },{
                "InterventionType":"Drug",
                "InterventionName":"Phenytoin",
                "InterventionDescription":"300mg/capsule",
                "InterventionArmGroupLabelList":{
                  "InterventionArmGroupLabel":[
                    "ASC41 + Phenytoin group"
                  ]
                }
              }
            ]
          }
        },
        "OutcomesModule":{
          "PrimaryOutcomeList":{
            "PrimaryOutcome":[
              {
                "PrimaryOutcomeMeasure":"AUC of ASC41",
                "PrimaryOutcomeDescription":"Evaluate the Area under the plasma concentration versus time curve.",
                "PrimaryOutcomeTimeFrame":"Up to 24 days"
              },{
                "PrimaryOutcomeMeasure":"Cmax of ASC41",
                "PrimaryOutcomeDescription":"Evaluate the Peak Plasma Concentration.",
                "PrimaryOutcomeTimeFrame":"Up to 24 days"
              }
            ]
          },
          "SecondaryOutcomeList":{
            "SecondaryOutcome":[
              {
                "SecondaryOutcomeMeasure":"t1/2 of ASC41",
                "SecondaryOutcomeDescription":"Evaluate the Terminal-Phase Half-Life.",
                "SecondaryOutcomeTimeFrame":"Up to 24 days"
              },{
                "SecondaryOutcomeMeasure":"CL/F of ASC41",
                "SecondaryOutcomeDescription":"Evaluate the Apparent Systemic Clearance.",
                "SecondaryOutcomeTimeFrame":"Up to 24 days"
              },{
                "SecondaryOutcomeMeasure":"Vd/F of ASC41",
                "SecondaryOutcomeDescription":"Evaluate the Apparent Volume of Distribution.",
                "SecondaryOutcomeTimeFrame":"Up to 24 days"
              },{
                "SecondaryOutcomeMeasure":"Incidence of Treatment-Emergent Adverse Events [Safety and Tolerability]",
                "SecondaryOutcomeDescription":"Occurrence of Serious Adverse Event (SAE), Adverse Event (AE) resulting in treatment discontinuation and/or dose reductions, and AE of special interest, from baseline up to 24 days.",
                "SecondaryOutcomeTimeFrame":"Up to 24 days"
              }
            ]
          }
        },
        "EligibilityModule":{
          "EligibilityCriteria":"Key Inclusion Criteria:\n\nPart I\n\n(1) Healthy subjects between 18 to 55 years of age\n\nPart II\n\nSubjects with NAFLD\nSubjects between 18 to 65 years of age\n\nKey Exclusion criteria:\n\nPart I\n\nA history of thyroid disease\nA history of, or current liver disease, or liver injuries\nPlatelet count <150,000/mcL\nINR> 1.2\nA history of heart valve diseases\n\nPart II\n\nA history of thyroid disease\nCurrent or history of cirrhosis or decompensated liver disease\nAST or ALT > 5X ULN\nDBIL > ULN\nAcute or chronic liver disease other than NAFLD\nA history of bariatric surgery\nHbA1c >9.5% at screening\nTestosterone or estrogen replacement therapy\nInducers or inhibitors of CYP3A4, including herbal therapies such as St John's Wort (CYP3A4 Inducer)",
          "HealthyVolunteers":"Accepts Healthy Volunteers",
          "Gender":"All",
          "MinimumAge":"18 Years",
          "MaximumAge":"65 Years",
          "StdAgeList":{
            "StdAge":[
              "Adult",
              "Older Adult"
            ]
          }
        },
        "ContactsLocationsModule":{
          "CentralContactList":{
            "CentralContact":[
              {
                "CentralContactName":"Cassandra Key, MD",
                "CentralContactRole":"Contact",
                "CentralContactPhone":"210-283-4120",
                "CentralContactEMail":"Cassandra.Key@iconplc.com"
              },{
                "CentralContactName":"Wendi Lichtenberger",
                "CentralContactRole":"Contact",
                "CentralContactPhone":"267-827-7499",
                "CentralContactEMail":"Wendi.Lichtenberger@iconplc.com"
              }
            ]
          },
          "LocationList":{
            "Location":[
              {
                "LocationFacility":"ICON early Phase Services LLC",
                "LocationStatus":"Recruiting",
                "LocationCity":"San Antonio",
                "LocationState":"Texas",
                "LocationZip":"78209",
                "LocationCountry":"United States",
                "LocationContactList":{
                  "LocationContact":[
                    {
                      "LocationContactName":"Cassandra Key",
                      "LocationContactRole":"Contact",
                      "LocationContactPhone":"210-283-4120",
                      "LocationContactEMail":"Cassandra.Key@iconplc.com"
                    }
                  ]
                }
              }
            ]
          }
        },
        "IPDSharingStatementModule":{
          "IPDSharing":"Undecided"
        }
      },
      "DerivedSection":{
        "MiscInfoModule":{
          "VersionHolder":"April 19, 2021"
        },
        "ConditionBrowseModule":{
          "ConditionMeshList":{
            "ConditionMesh":[
              {
                "ConditionMeshId":"D000065626",
                "ConditionMeshTerm":"Non-alcoholic Fatty Liver Disease"
              }
            ]
          },
          "ConditionAncestorList":{
            "ConditionAncestor":[
              {
                "ConditionAncestorId":"D000005234",
                "ConditionAncestorTerm":"Fatty Liver"
              },{
                "ConditionAncestorId":"D000008107",
                "ConditionAncestorTerm":"Liver Diseases"
              },{
                "ConditionAncestorId":"D000004066",
                "ConditionAncestorTerm":"Digestive System Diseases"
              }
            ]
          },
          "ConditionBrowseLeafList":{
            "ConditionBrowseLeaf":[
              {
                "ConditionBrowseLeafId":"M6958",
                "ConditionBrowseLeafName":"Fatty Liver",
                "ConditionBrowseLeafRelevance":"low"
              },{
                "ConditionBrowseLeafId":"M29127",
                "ConditionBrowseLeafName":"Non-alcoholic Fatty Liver Disease",
                "ConditionBrowseLeafAsFound":"NAFLD",
                "ConditionBrowseLeafRelevance":"high"
              },{
                "ConditionBrowseLeafId":"M9690",
                "ConditionBrowseLeafName":"Liver Diseases",
                "ConditionBrowseLeafRelevance":"low"
              },{
                "ConditionBrowseLeafId":"M5838",
                "ConditionBrowseLeafName":"Digestive System Diseases",
                "ConditionBrowseLeafRelevance":"low"
              },{
                "ConditionBrowseLeafId":"M7466",
                "ConditionBrowseLeafName":"Gastrointestinal Diseases",
                "ConditionBrowseLeafRelevance":"low"
              },{
                "ConditionBrowseLeafId":"T5868",
                "ConditionBrowseLeafName":"Visceral Steatosis",
                "ConditionBrowseLeafRelevance":"low"
              }
            ]
          },
          "ConditionBrowseBranchList":{
            "ConditionBrowseBranch":[
              {
                "ConditionBrowseBranchAbbrev":"BC06",
                "ConditionBrowseBranchName":"Digestive System Diseases"
              },{
                "ConditionBrowseBranchAbbrev":"All",
                "ConditionBrowseBranchName":"All Conditions"
              },{
                "ConditionBrowseBranchAbbrev":"Rare",
                "ConditionBrowseBranchName":"Rare Diseases"
              }
            ]
          }
        },
        "InterventionBrowseModule":{
          "InterventionMeshList":{
            "InterventionMesh":[
              {
                "InterventionMeshId":"D000017964",
                "InterventionMeshTerm":"Itraconazole"
              },{
                "InterventionMeshId":"D000010672",
                "InterventionMeshTerm":"Phenytoin"
              }
            ]
          },
          "InterventionAncestorList":{
            "InterventionAncestor":[
              {
                "InterventionAncestorId":"D000000935",
                "InterventionAncestorTerm":"Antifungal Agents"
              },{
                "InterventionAncestorId":"D000000890",
                "InterventionAncestorTerm":"Anti-Infective Agents"
              },{
                "InterventionAncestorId":"D000058888",
                "InterventionAncestorTerm":"14-alpha Demethylase Inhibitors"
              },{
                "InterventionAncestorId":"D000065607",
                "InterventionAncestorTerm":"Cytochrome P-450 Enzyme Inhibitors"
              },{
                "InterventionAncestorId":"D000004791",
                "InterventionAncestorTerm":"Enzyme Inhibitors"
              },{
                "InterventionAncestorId":"D000045504",
                "InterventionAncestorTerm":"Molecular Mechanisms of Pharmacological Action"
              },{
                "InterventionAncestorId":"D000065088",
                "InterventionAncestorTerm":"Steroid Synthesis Inhibitors"
              },{
                "InterventionAncestorId":"D000006727",
                "InterventionAncestorTerm":"Hormone Antagonists"
              },{
                "InterventionAncestorId":"D000006730",
                "InterventionAncestorTerm":"Hormones, Hormone Substitutes, and Hormone Antagonists"
              },{
                "InterventionAncestorId":"D000045505",
                "InterventionAncestorTerm":"Physiological Effects of Drugs"
              },{
                "InterventionAncestorId":"D000065692",
                "InterventionAncestorTerm":"Cytochrome P-450 CYP3A Inhibitors"
              },{
                "InterventionAncestorId":"D000000927",
                "InterventionAncestorTerm":"Anticonvulsants"
              },{
                "InterventionAncestorId":"D000061567",
                "InterventionAncestorTerm":"Voltage-Gated Sodium Channel Blockers"
              },{
                "InterventionAncestorId":"D000026941",
                "InterventionAncestorTerm":"Sodium Channel Blockers"
              },{
                "InterventionAncestorId":"D000049990",
                "InterventionAncestorTerm":"Membrane Transport Modulators"
              },{
                "InterventionAncestorId":"D000065694",
                "InterventionAncestorTerm":"Cytochrome P-450 CYP1A2 Inducers"
              },{
                "InterventionAncestorId":"D000065693",
                "InterventionAncestorTerm":"Cytochrome P-450 Enzyme Inducers"
              }
            ]
          },
          "InterventionBrowseLeafList":{
            "InterventionBrowseLeaf":[
              {
                "InterventionBrowseLeafId":"M18716",
                "InterventionBrowseLeafName":"Itraconazole",
                "InterventionBrowseLeafAsFound":"Hepatitis B",
                "InterventionBrowseLeafRelevance":"high"
              },{
                "InterventionBrowseLeafId":"M12160",
                "InterventionBrowseLeafName":"Phenytoin",
                "InterventionBrowseLeafAsFound":"GLA-",
                "InterventionBrowseLeafRelevance":"high"
              },{
                "InterventionBrowseLeafId":"M264947",
                "InterventionBrowseLeafName":"Hydroxyitraconazole",
                "InterventionBrowseLeafRelevance":"low"
              },{
                "InterventionBrowseLeafId":"M4835",
                "InterventionBrowseLeafName":"Clotrimazole",
                "InterventionBrowseLeafRelevance":"low"
              },{
                "InterventionBrowseLeafId":"M10379",
                "InterventionBrowseLeafName":"Miconazole",
                "InterventionBrowseLeafRelevance":"low"
              },{
                "InterventionBrowseLeafId":"M2835",
                "InterventionBrowseLeafName":"Antifungal Agents",
                "InterventionBrowseLeafRelevance":"low"
              },{
                "InterventionBrowseLeafId":"M2795",
                "InterventionBrowseLeafName":"Anti-Infective Agents",
                "InterventionBrowseLeafRelevance":"low"
              },{
                "InterventionBrowseLeafId":"M29124",
                "InterventionBrowseLeafName":"Cytochrome P-450 Enzyme Inhibitors",
                "InterventionBrowseLeafRelevance":"low"
              },{
                "InterventionBrowseLeafId":"M8372",
                "InterventionBrowseLeafName":"Hormones",
                "InterventionBrowseLeafRelevance":"low"
              },{
                "InterventionBrowseLeafId":"M8371",
                "InterventionBrowseLeafName":"Hormone Antagonists",
                "InterventionBrowseLeafRelevance":"low"
              },{
                "InterventionBrowseLeafId":"M29151",
                "InterventionBrowseLeafName":"Cytochrome P-450 CYP3A Inhibitors",
                "InterventionBrowseLeafRelevance":"low"
              },{
                "InterventionBrowseLeafId":"M2827",
                "InterventionBrowseLeafName":"Anticonvulsants",
                "InterventionBrowseLeafRelevance":"low"
              },{
                "InterventionBrowseLeafId":"M21761",
                "InterventionBrowseLeafName":"Sodium Channel Blockers",
                "InterventionBrowseLeafRelevance":"low"
              },{
                "InterventionBrowseLeafId":"M28612",
                "InterventionBrowseLeafName":"Diuretics, Potassium Sparing",
                "InterventionBrowseLeafRelevance":"low"
              }
            ]
          },
          "InterventionBrowseBranchList":{
            "InterventionBrowseBranch":[
              {
                "InterventionBrowseBranchAbbrev":"Infe",
                "InterventionBrowseBranchName":"Anti-Infective Agents"
              },{
                "InterventionBrowseBranchAbbrev":"All",
                "InterventionBrowseBranchName":"All Drugs and Chemicals"
              },{
                "InterventionBrowseBranchAbbrev":"ChanBlk",
                "InterventionBrowseBranchName":"Channel Blockers"
              },{
                "InterventionBrowseBranchAbbrev":"AntiConv",
                "InterventionBrowseBranchName":"Anticonvulsants"
              }
            ]
          }
        }
      }
    }
  }
}

