{
  "FullStudy":{
    "Rank":481,
    "Study":{
      "ProtocolSection":{
        "IdentificationModule":{
          "NCTId":"NCT04843696",
          "OrgStudyIdInfo":{
            "OrgStudyId":"201902168B0"
          },
          "Organization":{
            "OrgFullName":"Chang Gung Memorial Hospital",
            "OrgClass":"OTHER"
          },
          "BriefTitle":"Negative Pressure Ventilation-rehabilitation on Acute Exacerbation of Chronic Obstructive Pulmonary Disease",
          "OfficialTitle":"Negative Pressure Ventilation-rehabilitation on Acute Exacerbation and Associated Molecular Biomarkers and Cytokines in Chronic Obstructive Pulmonary Disease Over 2 Years"
        },
        "StatusModule":{
          "StatusVerifiedDate":"April 2021",
          "OverallStatus":"Recruiting",
          "ExpandedAccessInfo":{
            "HasExpandedAccess":"No"
          },
          "StartDateStruct":{
            "StartDate":"April 8, 2021",
            "StartDateType":"Actual"
          },
          "PrimaryCompletionDateStruct":{
            "PrimaryCompletionDate":"April 10, 2024",
            "PrimaryCompletionDateType":"Anticipated"
          },
          "CompletionDateStruct":{
            "CompletionDate":"December 31, 2024",
            "CompletionDateType":"Anticipated"
          },
          "StudyFirstSubmitDate":"April 6, 2021",
          "StudyFirstSubmitQCDate":"April 12, 2021",
          "StudyFirstPostDateStruct":{
            "StudyFirstPostDate":"April 13, 2021",
            "StudyFirstPostDateType":"Actual"
          },
          "LastUpdateSubmitDate":"April 12, 2021",
          "LastUpdatePostDateStruct":{
            "LastUpdatePostDate":"April 13, 2021",
            "LastUpdatePostDateType":"Actual"
          }
        },
        "SponsorCollaboratorsModule":{
          "ResponsibleParty":{
            "ResponsiblePartyType":"Sponsor"
          },
          "LeadSponsor":{
            "LeadSponsorName":"Chang Gung Memorial Hospital",
            "LeadSponsorClass":"OTHER"
          }
        },
        "OversightModule":{
          "OversightHasDMC":"No",
          "IsFDARegulatedDrug":"No",
          "IsFDARegulatedDevice":"No"
        },
        "DescriptionModule":{
          "BriefSummary":"This investigator-initiated, prospective, single center, randomized, controlled clinical trial enrolled patients with stable Global Initiative for Chronic Obstructive Lung Disease stage II-IV chronic obstruction pulmonary disease. The primary outcome was 2-year acute exacerbation rates.",
          "DetailedDescription":"Pulmonary rehabilitation (PR) has been suggested to be positive effects on 6 min walking distance (6MWD), muscle force, cycle exercise endurance time, and quality of life. However, the literature still could not explain the role of PR in reducing systemic inflammation of chronic obstruction pulmonary disease (COPD) patients. A recent study found that PR with negative pressure ventilation (NPV) improved lung function, exercise capacity and reduced acute exacerbation rates in COPD patients. The objectives of this research are to design a prospective, randomized controlled trial to determine the clinical outcome of NPV-PR in COPD patients and to investigate if NPV-PR reduces systemic inflammation in patients with COPD.\n\nThis investigator-initiated, prospective, single center, randomized, controlled clinical trial enrolled patients with stable Global Initiative for Chronic Obstructive Lung Disease (GOLD) stage II-IV COPD. NPV was targeted to reduce baseline blood carbon dioxide by at least 20% during NPV titration. Patients were randomly assigned (in a 1:1 ratio) to continue optimised standard treatment (control group) or to receive additional NPV-PR for at least 24 months (intervention group). The primary outcome was 2-year acute exacerbation rates. The lung function and walking distance will be assessed by six-minute walking tests and the severity of disease will be evaluated by high resolution computed tomography scores. Peripheral blood sample will be collected to analyze the inflammatory cytokines and oxidative markers.\n\nIn the present prospective study, investigators hypothesize that NPV-PR would be superior to usual care in reducing the risk for acute exacerbations of COPD, hospitalisations and emergency visits over a 24-month period. This research will provide evidence for the role of NPV-PR in the management of COPD, and evidence for a role of systemic inflammation in disease progression of COPD. The results may provide certain insights into more effective treatments to inhibit the disease progression of COPD."
        },
        "ConditionsModule":{
          "ConditionList":{
            "Condition":[
              "Chronic Obstructive Pulmonary Disease",
              "Acute Exacerbation of COPD"
            ]
          },
          "KeywordList":{
            "Keyword":[
              "Chronic obstructive pulmonary disease",
              "Negative-pressure ventilation",
              "Acute Exacerbation"
            ]
          }
        },
        "DesignModule":{
          "StudyType":"Interventional",
          "PhaseList":{
            "Phase":[
              "Not Applicable"
            ]
          },
          "DesignInfo":{
            "DesignAllocation":"Randomized",
            "DesignInterventionModel":"Parallel Assignment",
            "DesignPrimaryPurpose":"Treatment",
            "DesignMaskingInfo":{
              "DesignMasking":"None (Open Label)"
            }
          },
          "EnrollmentInfo":{
            "EnrollmentCount":"150",
            "EnrollmentType":"Anticipated"
          }
        },
        "ArmsInterventionsModule":{
          "ArmGroupList":{
            "ArmGroup":[
              {
                "ArmGroupLabel":"NPV group",
                "ArmGroupType":"Experimental",
                "ArmGroupDescription":"The hospital-based maintenance NPV program includes NPV support, breathing training, and an educational program (relaxation techniques and a home pacing walking exercise) in daily clinical practice. The patients in the NPV group undergo the hospital-based NPV once per week in the maintenance program at least three times per month.\n\nThe patients received NPV with breathing training via a cuirass ventilator (cuirass diameter 21 cm or 34 cm, Dima Italia Srl.,Bologna, Italy) for 60 min, once per week.\n\nBreathing training consisted of breathing techniques (pursued-lipped, controlled, and diaphragmatic breathing).",
                "ArmGroupInterventionList":{
                  "ArmGroupInterventionName":[
                    "Device: cuirass ventilator (cuirass diameter 21 cm or 34 cm, Dima Italia Srl.,Bologna, Italy)",
                    "Behavioral: breathing training, and an educational program (relaxation techniques and a home pacing walking exercise)"
                  ]
                }
              },{
                "ArmGroupLabel":"Control group",
                "ArmGroupType":"Active Comparator",
                "ArmGroupDescription":"Control group receives breathing training, and an educational program (relaxation techniques and a home pacing walking exercise) in daily clinical practice.\n\nBreathing training consisted of breathing techniques (pursued-lipped, controlled, and diaphragmatic breathing).",
                "ArmGroupInterventionList":{
                  "ArmGroupInterventionName":[
                    "Behavioral: breathing training, and an educational program (relaxation techniques and a home pacing walking exercise)"
                  ]
                }
              }
            ]
          },
          "InterventionList":{
            "Intervention":[
              {
                "InterventionType":"Device",
                "InterventionName":"cuirass ventilator (cuirass diameter 21 cm or 34 cm, Dima Italia Srl.,Bologna, Italy)",
                "InterventionDescription":"the hospital-based NPV once per week in the maintenance program at least three times per month. The ventilator is set to the control model with a frequency of 12~15 cycles/min, 30% of the ratio of inspiratory time to total breathing cycle time (Ti/Ttot), and delivery of negative pressures ranging from -20 to -35 cm H2O.",
                "InterventionArmGroupLabelList":{
                  "InterventionArmGroupLabel":[
                    "NPV group"
                  ]
                }
              },{
                "InterventionType":"Behavioral",
                "InterventionName":"breathing training, and an educational program (relaxation techniques and a home pacing walking exercise)",
                "InterventionDescription":"breathing training, and an educational program (relaxation techniques and a home pacing walking exercise) Breathing training consisted of breathing techniques (pursued-lipped, controlled, and diaphragmatic breathing)",
                "InterventionArmGroupLabelList":{
                  "InterventionArmGroupLabel":[
                    "Control group",
                    "NPV group"
                  ]
                }
              }
            ]
          }
        },
        "OutcomesModule":{
          "PrimaryOutcomeList":{
            "PrimaryOutcome":[
              {
                "PrimaryOutcomeMeasure":"COPD acute exacerbations rate",
                "PrimaryOutcomeDescription":"mild (required treatment with oral/systemic corticosteroids and/or antibiotics, without hospitalization) moderate (required treatment with oral/systemic corticosteroids and/or antibiotics, with emergency department visits) severe (required in-patient hospitalization)",
                "PrimaryOutcomeTimeFrame":"2 years"
              }
            ]
          },
          "SecondaryOutcomeList":{
            "SecondaryOutcome":[
              {
                "SecondaryOutcomeMeasure":"the yearly rate of decline of forced expiratory volume in 1 second (FEV1)",
                "SecondaryOutcomeDescription":"the yearly rate of decline of FEV1",
                "SecondaryOutcomeTimeFrame":"2 years"
              },{
                "SecondaryOutcomeMeasure":"the yearly rate of decline of 6 minute walking distance (6MWD)",
                "SecondaryOutcomeDescription":"the yearly rate of decline of 6MWD",
                "SecondaryOutcomeTimeFrame":"2 years"
              },{
                "SecondaryOutcomeMeasure":"Mortality",
                "SecondaryOutcomeDescription":"overall and pulmonary related",
                "SecondaryOutcomeTimeFrame":"2 years"
              }
            ]
          }
        },
        "EligibilityModule":{
          "EligibilityCriteria":"Inclusion Criteria:\n\nDiagnosis of COPD ((post-bronchodilation forced expiratory volume in 1 s (FEV1)/forced vital capacity (FVC) <0.7)\nOptimal medical treatment according to the Global Initiative for Chronic Obstructive Lung Disease (GOLD)) at least 3 months before screening\n\nExclusion Criteria:\n\nabnormalities of the thorax or the lung other than COPD,\nacute exacerbation within one month\nobesity with a body-mass index (BMI) ≥35 kg/m²,\nmalignant co-morbidities, severe heart failure (New York Heart Association stage IV), unstable angina, severe arrhythmias, neuromuscular diseases and/or impairment of basal brain nerve function with disturbed swallowing and choking and impaired general condition that could preclude regular follow-up visits.",
          "HealthyVolunteers":"No",
          "Gender":"All",
          "MinimumAge":"20 Years",
          "StdAgeList":{
            "StdAge":[
              "Adult",
              "Older Adult"
            ]
          }
        },
        "ContactsLocationsModule":{
          "CentralContactList":{
            "CentralContact":[
              {
                "CentralContactName":"Hung Yu Huang",
                "CentralContactRole":"Contact",
                "CentralContactPhone":"+ 886 33281200",
                "CentralContactPhoneExt":"8470",
                "CentralContactEMail":"b9202071@cgmh.org.tw"
              }
            ]
          },
          "LocationList":{
            "Location":[
              {
                "LocationFacility":"Chang Gung Memorial Hospital",
                "LocationStatus":"Recruiting",
                "LocationCity":"Taoyuan",
                "LocationZip":"333",
                "LocationCountry":"Taiwan",
                "LocationContactList":{
                  "LocationContact":[
                    {
                      "LocationContactName":"Hung Yu Huang",
                      "LocationContactRole":"Contact",
                      "LocationContactPhone":"+ 886 33281200",
                      "LocationContactPhoneExt":"8470",
                      "LocationContactEMail":"b9202071@cgmh.org.tw"
                    }
                  ]
                }
              }
            ]
          }
        },
        "ReferencesModule":{
          "ReferenceList":{
            "Reference":[
              {
                "ReferencePMID":"31027263",
                "ReferenceType":"background",
                "ReferenceCitation":"Huang HY, Lo CY, Yang LY, Chung FT, Sheng TF, Lin HC, Lin CW, Huang YC, Chang CJ, Chung KF, Wang CH. Maintenance Negative Pressure Ventilation Improves Survival in COPD Patients with Exercise Desaturation. J Clin Med. 2019 Apr 25;8(4). pii: E562. doi: 10.3390/jcm8040562."
              },{
                "ReferencePMID":"27741132",
                "ReferenceType":"background",
                "ReferenceCitation":"Huang HY, Chou PC, Joa WC, Chen LF, Sheng TF, Lin HC, Yang LY, Pan YB, Chung FT, Wang CH, Kuo HP. Pulmonary rehabilitation coupled with negative pressure ventilation decreases decline in lung function, hospitalizations, and medical cost in COPD: A 5-year study. Medicine (Baltimore). 2016 Oct;95(41):e5119. doi: 10.1097/MD.0000000000005119."
              }
            ]
          }
        },
        "IPDSharingStatementModule":{
          "IPDSharing":"No",
          "IPDSharingDescription":"The IRB of Chang Gung Memorial Hospital does not permit to share IPD in this project."
        }
      },
      "DerivedSection":{
        "MiscInfoModule":{
          "VersionHolder":"April 19, 2021"
        },
        "ConditionBrowseModule":{
          "ConditionMeshList":{
            "ConditionMesh":[
              {
                "ConditionMeshId":"D000008171",
                "ConditionMeshTerm":"Lung Diseases"
              },{
                "ConditionMeshId":"D000008173",
                "ConditionMeshTerm":"Lung Diseases, Obstructive"
              },{
                "ConditionMeshId":"D000029424",
                "ConditionMeshTerm":"Pulmonary Disease, Chronic Obstructive"
              }
            ]
          },
          "ConditionAncestorList":{
            "ConditionAncestor":[
              {
                "ConditionAncestorId":"D000012140",
                "ConditionAncestorTerm":"Respiratory Tract Diseases"
              }
            ]
          },
          "ConditionBrowseLeafList":{
            "ConditionBrowseLeaf":[
              {
                "ConditionBrowseLeafId":"M9753",
                "ConditionBrowseLeafName":"Lung Diseases, Obstructive",
                "ConditionBrowseLeafAsFound":"Obstructive Pulmonary Disease",
                "ConditionBrowseLeafRelevance":"high"
              },{
                "ConditionBrowseLeafId":"M22033",
                "ConditionBrowseLeafName":"Pulmonary Disease, Chronic Obstructive",
                "ConditionBrowseLeafAsFound":"Chronic Obstructive Pulmonary Disease",
                "ConditionBrowseLeafRelevance":"high"
              },{
                "ConditionBrowseLeafId":"M9751",
                "ConditionBrowseLeafName":"Lung Diseases",
                "ConditionBrowseLeafAsFound":"Pulmonary Disease",
                "ConditionBrowseLeafRelevance":"high"
              },{
                "ConditionBrowseLeafId":"M13560",
                "ConditionBrowseLeafName":"Respiratory Tract Diseases",
                "ConditionBrowseLeafRelevance":"low"
              }
            ]
          },
          "ConditionBrowseBranchList":{
            "ConditionBrowseBranch":[
              {
                "ConditionBrowseBranchAbbrev":"BC08",
                "ConditionBrowseBranchName":"Respiratory Tract (Lung and Bronchial) Diseases"
              },{
                "ConditionBrowseBranchAbbrev":"All",
                "ConditionBrowseBranchName":"All Conditions"
              }
            ]
          }
        }
      }
    }
  }
}

