{
  "FullStudy":{
    "Rank":735,
    "Study":{
      "ProtocolSection":{
        "IdentificationModule":{
          "NCTId":"NCT04840394",
          "OrgStudyIdInfo":{
            "OrgStudyId":"BDB018-101"
          },
          "Organization":{
            "OrgFullName":"Birdie Biopharmaceuticals HK Limited",
            "OrgClass":"INDUSTRY"
          },
          "BriefTitle":"Clinical Study of BDB018: Monotherapy and in Combination With Pembrolizumab in Subjects With Advanced Solid Tumors",
          "OfficialTitle":"Phase 1 Open-Label Dose Escalation Study of BDB001 as a Single Agent and in Combination With Pembrolizumab in Subjects With Advanced Solid Tumors"
        },
        "StatusModule":{
          "StatusVerifiedDate":"April 2021",
          "OverallStatus":"Not yet recruiting",
          "StartDateStruct":{
            "StartDate":"April 30, 2021",
            "StartDateType":"Anticipated"
          },
          "PrimaryCompletionDateStruct":{
            "PrimaryCompletionDate":"March 2023",
            "PrimaryCompletionDateType":"Anticipated"
          },
          "CompletionDateStruct":{
            "CompletionDate":"December 2023",
            "CompletionDateType":"Anticipated"
          },
          "StudyFirstSubmitDate":"April 7, 2021",
          "StudyFirstSubmitQCDate":"April 7, 2021",
          "StudyFirstPostDateStruct":{
            "StudyFirstPostDate":"April 12, 2021",
            "StudyFirstPostDateType":"Actual"
          },
          "LastUpdateSubmitDate":"April 7, 2021",
          "LastUpdatePostDateStruct":{
            "LastUpdatePostDate":"April 12, 2021",
            "LastUpdatePostDateType":"Actual"
          }
        },
        "SponsorCollaboratorsModule":{
          "ResponsibleParty":{
            "ResponsiblePartyType":"Sponsor"
          },
          "LeadSponsor":{
            "LeadSponsorName":"Seven and Eight Biopharmaceuticals Inc",
            "LeadSponsorClass":"INDUSTRY"
          }
        },
        "OversightModule":{
          "OversightHasDMC":"No",
          "IsFDARegulatedDrug":"Yes",
          "IsFDARegulatedDevice":"No"
        },
        "DescriptionModule":{
          "BriefSummary":"A Phase 1 Open-label Dose Escalation Trial of BDB018 in Monotherapy and in Combination with Pembrolizumab in Subjects with Advanced Solid Tumors",
          "DetailedDescription":"This clinical trial is a study of an experimental drug called BDB018. BDB018 is a next-generation Toll-like receptor (TLR) 7/8 agonist that activates the immune system.\n\nThe primary objectives of this study are to evaluate the safety and tolerability of BDB018 in monotherapy and in combination with pembrolizumab (Keytruda) in subjects with unresectable or metastatic solid tumors that have relapsed or are refractory to standard treatment or for which there is no approved therapy.\n\nThis is a multi-center, open-label, dose escalation/dose expansion Phase 1 study of BDB018 in monotherapy and in combination with pembrolizumab.\n\nThe study will be conducted in two separate but independent parts: a dose escalation part with BDB018 in monotherapy and in combination with pembrolizumab and a dose expansion part of BDB018 in combination with pembrolizumab."
        },
        "ConditionsModule":{
          "ConditionList":{
            "Condition":[
              "Tumor, Solid"
            ]
          },
          "KeywordList":{
            "Keyword":[
              "TLR",
              "Immuno-oncology",
              "TLR 7/8 Agonist"
            ]
          }
        },
        "DesignModule":{
          "StudyType":"Interventional",
          "PhaseList":{
            "Phase":[
              "Phase 1"
            ]
          },
          "DesignInfo":{
            "DesignAllocation":"Non-Randomized",
            "DesignInterventionModel":"Sequential Assignment",
            "DesignPrimaryPurpose":"Treatment",
            "DesignMaskingInfo":{
              "DesignMasking":"None (Open Label)"
            }
          },
          "EnrollmentInfo":{
            "EnrollmentCount":"50",
            "EnrollmentType":"Anticipated"
          }
        },
        "ArmsInterventionsModule":{
          "ArmGroupList":{
            "ArmGroup":[
              {
                "ArmGroupLabel":"BDB018 in Monotherapy",
                "ArmGroupType":"Experimental",
                "ArmGroupDescription":"A single subject will be enrolled at each dose level in the single agent arm.\n\nThen dosage escalation will follow a traditional 3+3 dose escalation design.\n\nEach successive group of patients will be enrolled at an incrementally higher dosage until the Maximum Tolerable Dose (MTD) or Recommended Phase 2 Dose (RP2D) of single agent BDB018 is reached.",
                "ArmGroupInterventionList":{
                  "ArmGroupInterventionName":[
                    "Drug: BDB018"
                  ]
                }
              },{
                "ArmGroupLabel":"BDB018 in Combination with Pembrolizumab",
                "ArmGroupType":"Experimental",
                "ArmGroupDescription":"In the combination arm of the study, a standard 3+3 dose escalation design will be utilized for all dose levels.\n\nWhen the MTD or RP2D of single agent BDB018 is reached, the first dose level cohort of the combination arm will begin. Once the MTD or RP2D in combination has been determined, approximately twenty additional subjects will be enrolled in the expansion phase of the study.",
                "ArmGroupInterventionList":{
                  "ArmGroupInterventionName":[
                    "Drug: BDB018",
                    "Drug: Pembrolizumab"
                  ]
                }
              }
            ]
          },
          "InterventionList":{
            "Intervention":[
              {
                "InterventionType":"Drug",
                "InterventionName":"BDB018",
                "InterventionDescription":"BDB018 is an immunotherapy agent.",
                "InterventionArmGroupLabelList":{
                  "InterventionArmGroupLabel":[
                    "BDB018 in Combination with Pembrolizumab",
                    "BDB018 in Monotherapy"
                  ]
                }
              },{
                "InterventionType":"Drug",
                "InterventionName":"Pembrolizumab",
                "InterventionDescription":"Pembrolizumab is a potent humanized monoclonal antibody with high specificity of binding to the PD 1 receptor. Pembrolizumab has an acceptable preclinical safety profile and is approved as an IV therapy for a variety of advanced malignancies.",
                "InterventionArmGroupLabelList":{
                  "InterventionArmGroupLabel":[
                    "BDB018 in Combination with Pembrolizumab"
                  ]
                }
              }
            ]
          }
        },
        "OutcomesModule":{
          "PrimaryOutcomeList":{
            "PrimaryOutcome":[
              {
                "PrimaryOutcomeMeasure":"Safety and Tolerability: incidence of adverse events and any dose limiting toxicity",
                "PrimaryOutcomeDescription":"Safety and tolerability of BDB018 in monotherapy and in combination with pembrolizumab as measured by the incidence of adverse events and any dose limiting toxicity",
                "PrimaryOutcomeTimeFrame":"Up to 30 months"
              }
            ]
          },
          "SecondaryOutcomeList":{
            "SecondaryOutcome":[
              {
                "SecondaryOutcomeMeasure":"Determine Maximum Tolerated Dose",
                "SecondaryOutcomeDescription":"Determination of the maximum tolerated dose by assessing the frequency of BDB018 related and BDB018 and pembrolizumab-related adverse events using CTCAE version 5.0 to categorize adverse event severity",
                "SecondaryOutcomeTimeFrame":"From first dose to 21 days after first dose for each patient (cycle 1)"
              },{
                "SecondaryOutcomeMeasure":"Radiographic Determination of Tumor Response after BDB018 Dosing",
                "SecondaryOutcomeDescription":"Radiographic determination of tumor response in subjects dosed with BDB018 and BDB018 and pembrolizumab combination therapy using irRECIST",
                "SecondaryOutcomeTimeFrame":"Every 63 days (3 cycles) up to 30 months after the first dose for each patient (each cycle is 21 days)"
              }
            ]
          }
        },
        "EligibilityModule":{
          "EligibilityCriteria":"Inclusion Criteria\n\nHistologically or cytologically confirmed advanced or metastatic solid tumors that have disease progression after treatment with all available therapies for metastatic disease that are known to confer clinical benefit, or are intolerant to treatment, or refuse standard treatment. Note: there is no limit to the number of prior treatment regimens\nEvidence of progressive disease (PD) within 3 months of signing the informed consent form.\nHave measurable disease\n\nExclusion Criteria:\n\nHas disease that is suitable for local therapy administered with curative intent.\nPrior exposure to TLR7 agonists, TLR8 agonists, TLR 7/8 dual agonists, and TLR9 agonists.\n\nOther protocol defined inclusion/exclusion criteria could apply",
          "HealthyVolunteers":"No",
          "Gender":"All",
          "MinimumAge":"18 Years",
          "StdAgeList":{
            "StdAge":[
              "Adult",
              "Older Adult"
            ]
          }
        },
        "ContactsLocationsModule":{
          "CentralContactList":{
            "CentralContact":[
              {
                "CentralContactName":"Robert Andtbacka, MD,CM,",
                "CentralContactRole":"Contact",
                "CentralContactPhone":"18483000086",
                "CentralContactEMail":"randtbacka@7and8biopharma.com"
              },{
                "CentralContactName":"Melissa Harney",
                "CentralContactRole":"Contact",
                "CentralContactPhone":"18483000086",
                "CentralContactEMail":"mharney@7and8biopharma.com"
              }
            ]
          },
          "OverallOfficialList":{
            "OverallOfficial":[
              {
                "OverallOfficialName":"Robert Andtbacka, MD, CM,",
                "OverallOfficialAffiliation":"Seven and Eight Biopharmaceuticals Inc",
                "OverallOfficialRole":"Study Chair"
              }
            ]
          },
          "LocationList":{
            "Location":[
              {
                "LocationFacility":"Honor Health",
                "LocationCity":"Scottsdale",
                "LocationState":"Arizona",
                "LocationZip":"85266",
                "LocationCountry":"United States",
                "LocationContactList":{
                  "LocationContact":[
                    {
                      "LocationContactName":"Seven and Eight Biopharmaceuticals",
                      "LocationContactRole":"Contact"
                    }
                  ]
                }
              },{
                "LocationFacility":"Florida Cancer Specialists",
                "LocationCity":"Sarasota",
                "LocationState":"Florida",
                "LocationZip":"34230",
                "LocationCountry":"United States",
                "LocationContactList":{
                  "LocationContact":[
                    {
                      "LocationContactName":"7 & 8 Biopharma",
                      "LocationContactRole":"Contact",
                      "LocationContactPhone":"848-300-0086"
                    },{
                      "LocationContactName":"Manish Patel, MD",
                      "LocationContactRole":"Principal Investigator"
                    }
                  ]
                }
              }
            ]
          }
        },
        "IPDSharingStatementModule":{
          "IPDSharing":"Undecided"
        }
      },
      "DerivedSection":{
        "MiscInfoModule":{
          "VersionHolder":"April 19, 2021"
        },
        "InterventionBrowseModule":{
          "InterventionMeshList":{
            "InterventionMesh":[
              {
                "InterventionMeshId":"C000582435",
                "InterventionMeshTerm":"Pembrolizumab"
              }
            ]
          },
          "InterventionAncestorList":{
            "InterventionAncestor":[
              {
                "InterventionAncestorId":"D000074322",
                "InterventionAncestorTerm":"Antineoplastic Agents, Immunological"
              },{
                "InterventionAncestorId":"D000000970",
                "InterventionAncestorTerm":"Antineoplastic Agents"
              }
            ]
          },
          "InterventionBrowseLeafList":{
            "InterventionBrowseLeaf":[
              {
                "InterventionBrowseLeafId":"M2806",
                "InterventionBrowseLeafName":"Antibodies",
                "InterventionBrowseLeafRelevance":"low"
              },{
                "InterventionBrowseLeafId":"M2811",
                "InterventionBrowseLeafName":"Antibodies, Monoclonal",
                "InterventionBrowseLeafRelevance":"low"
              },{
                "InterventionBrowseLeafId":"M262566",
                "InterventionBrowseLeafName":"Pembrolizumab",
                "InterventionBrowseLeafAsFound":"Protocol",
                "InterventionBrowseLeafRelevance":"high"
              },{
                "InterventionBrowseLeafId":"M8767",
                "InterventionBrowseLeafName":"Immunoglobulins",
                "InterventionBrowseLeafRelevance":"low"
              },{
                "InterventionBrowseLeafId":"M1346",
                "InterventionBrowseLeafName":"Antineoplastic Agents, Immunological",
                "InterventionBrowseLeafRelevance":"low"
              }
            ]
          },
          "InterventionBrowseBranchList":{
            "InterventionBrowseBranch":[
              {
                "InterventionBrowseBranchAbbrev":"All",
                "InterventionBrowseBranchName":"All Drugs and Chemicals"
              },{
                "InterventionBrowseBranchAbbrev":"ANeo",
                "InterventionBrowseBranchName":"Antineoplastic Agents"
              }
            ]
          }
        }
      }
    }
  }
}

