{
  "FullStudy":{
    "Rank":249,
    "Study":{
      "ProtocolSection":{
        "IdentificationModule":{
          "NCTId":"NCT04846712",
          "OrgStudyIdInfo":{
            "OrgStudyId":"IRBN252021/CHUSTE"
          },
          "Organization":{
            "OrgFullName":"Centre Hospitalier Universitaire de Saint Etienne",
            "OrgClass":"OTHER"
          },
          "BriefTitle":"Interest of Ultrasound in the Diagnosis of Severity of Lateral Ankle Sprain",
          "OfficialTitle":"Interest of Ultrasound in the Diagnosis of Severity of Lateral Ankle Sprain"
        },
        "StatusModule":{
          "StatusVerifiedDate":"April 2021",
          "OverallStatus":"Not yet recruiting",
          "ExpandedAccessInfo":{
            "HasExpandedAccess":"No"
          },
          "StartDateStruct":{
            "StartDate":"May 2021",
            "StartDateType":"Anticipated"
          },
          "PrimaryCompletionDateStruct":{
            "PrimaryCompletionDate":"March 2023",
            "PrimaryCompletionDateType":"Anticipated"
          },
          "CompletionDateStruct":{
            "CompletionDate":"March 2023",
            "CompletionDateType":"Anticipated"
          },
          "StudyFirstSubmitDate":"April 13, 2021",
          "StudyFirstSubmitQCDate":"April 14, 2021",
          "StudyFirstPostDateStruct":{
            "StudyFirstPostDate":"April 15, 2021",
            "StudyFirstPostDateType":"Actual"
          },
          "LastUpdateSubmitDate":"April 14, 2021",
          "LastUpdatePostDateStruct":{
            "LastUpdatePostDate":"April 15, 2021",
            "LastUpdatePostDateType":"Actual"
          }
        },
        "SponsorCollaboratorsModule":{
          "ResponsibleParty":{
            "ResponsiblePartyType":"Sponsor"
          },
          "LeadSponsor":{
            "LeadSponsorName":"Centre Hospitalier Universitaire de Saint Etienne",
            "LeadSponsorClass":"OTHER"
          }
        },
        "OversightModule":{
          "OversightHasDMC":"No",
          "IsFDARegulatedDrug":"No",
          "IsFDARegulatedDevice":"No"
        },
        "DescriptionModule":{
          "BriefSummary":"Ankle sprain is a frequent and widely trivialized trauma. Misdiagnosed or poorly treated, it can recur and thus develop into chronic ankle instability. It can be associated with complications which, if not detected early, can lead to long-term sequelae.",
          "DetailedDescription":"The hypothesis of this study is that ultrasound can better characterize the severity stages of the sprain and can diagnose complications that may have gone unnoticed on physical examination.\n\nPatients will be evaluated clinically : demographics, history, clinical examination, functional scores. Ultrasound and Magnetic Resonance Imaging (MRI) will be performed during the first month to determine the stage of severity and to look for complications. The main aim is to evaluate the interest of ultrasound in the diagnosis of the severity of lateral ankle sprain. The secondary purpose is to compare an ultrasound assessment of severity with clinical and Magnetic Resonance Imaging (MRI) assessment."
        },
        "ConditionsModule":{
          "ConditionList":{
            "Condition":[
              "Ankle Sprains"
            ]
          },
          "KeywordList":{
            "Keyword":[
              "Ankle",
              "sprain",
              "diagnosis",
              "ultrasound",
              "MRI"
            ]
          }
        },
        "DesignModule":{
          "StudyType":"Observational",
          "PatientRegistry":"No",
          "DesignInfo":{
            "DesignObservationalModelList":{
              "DesignObservationalModel":[
                "Cohort"
              ]
            },
            "DesignTimePerspectiveList":{
              "DesignTimePerspective":[
                "Prospective"
              ]
            }
          },
          "EnrollmentInfo":{
            "EnrollmentCount":"100",
            "EnrollmentType":"Anticipated"
          }
        },
        "ArmsInterventionsModule":{
          "ArmGroupList":{
            "ArmGroup":[
              {
                "ArmGroupLabel":"patients with a first ankle sprain",
                "ArmGroupDescription":"100 patients with a first ankle sprain will be included. Data will be collected of medical record.",
                "ArmGroupInterventionList":{
                  "ArmGroupInterventionName":[
                    "Other: Collect data of medical record"
                  ]
                }
              }
            ]
          },
          "InterventionList":{
            "Intervention":[
              {
                "InterventionType":"Other",
                "InterventionName":"Collect data of medical record",
                "InterventionDescription":"Collect data of medical record: initial physical examination, ultrasound (US), Magnetic Resonance Imaging (MRI), physical examination at 15, 30 days, physical examination at 3 months, physical examination at 6 months and final examination at 12 months.",
                "InterventionArmGroupLabelList":{
                  "InterventionArmGroupLabel":[
                    "patients with a first ankle sprain"
                  ]
                }
              }
            ]
          }
        },
        "OutcomesModule":{
          "PrimaryOutcomeList":{
            "PrimaryOutcome":[
              {
                "PrimaryOutcomeMeasure":"Severity score by US assesment",
                "PrimaryOutcomeDescription":"Collected in medical record.\n\nThis system utilises a classification that is based on injury severity related to the amount of tissue damage and associated functional loss. It categorises muscle injuries into three grades, ranging from grade 1 with no appreciable tissue tear, grade 2 with tissue damage and reduced strength of the musculotendinous unit and grade 3 with complete tear of musculotendinous unit and complete loss of function",
                "PrimaryOutcomeTimeFrame":"Day: 14 after Lateral Ankle Sprain."
              }
            ]
          },
          "SecondaryOutcomeList":{
            "SecondaryOutcome":[
              {
                "SecondaryOutcomeMeasure":"Severity score by MRI assesment",
                "SecondaryOutcomeDescription":"Collected in medical record.\n\nThis system utilises a classification that is based on injury severity related to the amount of tissue damage and associated functional loss. It categorises muscle injuries into three grades, ranging from grade 1 with no appreciable tissue tear, grade 2 with tissue damage and reduced strength of the musculotendinous unit and grade 3 with complete tear of musculotendinous unit and complete loss of function",
                "SecondaryOutcomeTimeFrame":"Day: 30 after Lateral Ankle Sprain."
              },{
                "SecondaryOutcomeMeasure":"Severity score by radiologist assesment",
                "SecondaryOutcomeDescription":"Collected in medical record.\n\nEmpirical score : low, mild, severe",
                "SecondaryOutcomeTimeFrame":"Day: 14, 30, 90, 180, 365 after Lateral Ankle Sprain."
              }
            ]
          }
        },
        "EligibilityModule":{
          "EligibilityCriteria":"Inclusion Criteria:\n\nFirst ankle sprain with sport or work disability\n\nExclusion Criteria:\n\nPatient with fractures, dislocation or hyperlaxity\nPrevious ankle sprain",
          "HealthyVolunteers":"No",
          "Gender":"All",
          "MinimumAge":"18 Years",
          "MaximumAge":"55 Years",
          "StdAgeList":{
            "StdAge":[
              "Adult"
            ]
          },
          "StudyPopulation":"Patients with a first ankle sprain will be included.",
          "SamplingMethod":"Non-Probability Sample"
        },
        "ContactsLocationsModule":{
          "CentralContactList":{
            "CentralContact":[
              {
                "CentralContactName":"Thomas NERI, MD",
                "CentralContactRole":"Contact",
                "CentralContactPhone":"(0)477127849",
                "CentralContactPhoneExt":"+33",
                "CentralContactEMail":"thomas.neri@chu-st-etienne.fr"
              },{
                "CentralContactName":"Davy VEYRE, resident",
                "CentralContactRole":"Contact",
                "CentralContactPhone":"(0)477127849",
                "CentralContactPhoneExt":"+33",
                "CentralContactEMail":"davy.veyre89@gmail.com"
              }
            ]
          },
          "OverallOfficialList":{
            "OverallOfficial":[
              {
                "OverallOfficialName":"Thomas NERI, MD",
                "OverallOfficialAffiliation":"CHU Saint-Etienne",
                "OverallOfficialRole":"Principal Investigator"
              }
            ]
          },
          "LocationList":{
            "Location":[
              {
                "LocationFacility":"CHU Saint-Etienne",
                "LocationCity":"Saint-Étienne",
                "LocationCountry":"France",
                "LocationContactList":{
                  "LocationContact":[
                    {
                      "LocationContactName":"Davy VEYRE, resident",
                      "LocationContactRole":"Sub-Investigator"
                    },{
                      "LocationContactName":"Thomas NERI, MD",
                      "LocationContactRole":"Principal Investigator"
                    },{
                      "LocationContactName":"Sylvain GRANGE, MD",
                      "LocationContactRole":"Sub-Investigator"
                    },{
                      "LocationContactName":"Benoît BOUTHIN, MD",
                      "LocationContactRole":"Sub-Investigator"
                    },{
                      "LocationContactName":"Clément FOSCHIA, MD",
                      "LocationContactRole":"Sub-Investigator"
                    }
                  ]
                }
              }
            ]
          }
        },
        "IPDSharingStatementModule":{
          "IPDSharing":"No"
        }
      },
      "DerivedSection":{
        "MiscInfoModule":{
          "VersionHolder":"April 19, 2021"
        },
        "ConditionBrowseModule":{
          "ConditionMeshList":{
            "ConditionMesh":[
              {
                "ConditionMeshId":"D000013180",
                "ConditionMeshTerm":"Sprains and Strains"
              },{
                "ConditionMeshId":"D000016512",
                "ConditionMeshTerm":"Ankle Injuries"
              }
            ]
          },
          "ConditionAncestorList":{
            "ConditionAncestor":[
              {
                "ConditionAncestorId":"D000014947",
                "ConditionAncestorTerm":"Wounds and Injuries"
              },{
                "ConditionAncestorId":"D000007869",
                "ConditionAncestorTerm":"Leg Injuries"
              }
            ]
          },
          "ConditionBrowseLeafList":{
            "ConditionBrowseLeaf":[
              {
                "ConditionBrowseLeafId":"M14557",
                "ConditionBrowseLeafName":"Sprains and Strains",
                "ConditionBrowseLeafAsFound":"Sprain",
                "ConditionBrowseLeafRelevance":"high"
              },{
                "ConditionBrowseLeafId":"M17492",
                "ConditionBrowseLeafName":"Ankle Injuries",
                "ConditionBrowseLeafAsFound":"Ankle Sprain",
                "ConditionBrowseLeafRelevance":"high"
              },{
                "ConditionBrowseLeafId":"M16268",
                "ConditionBrowseLeafName":"Wounds and Injuries",
                "ConditionBrowseLeafRelevance":"low"
              },{
                "ConditionBrowseLeafId":"M9464",
                "ConditionBrowseLeafName":"Leg Injuries",
                "ConditionBrowseLeafRelevance":"low"
              }
            ]
          },
          "ConditionBrowseBranchList":{
            "ConditionBrowseBranch":[
              {
                "ConditionBrowseBranchAbbrev":"BC26",
                "ConditionBrowseBranchName":"Wounds and Injuries"
              },{
                "ConditionBrowseBranchAbbrev":"All",
                "ConditionBrowseBranchName":"All Conditions"
              }
            ]
          }
        }
      }
    }
  }
}

