{
  "FullStudy":{
    "Rank":655,
    "Study":{
      "ProtocolSection":{
        "IdentificationModule":{
          "NCTId":"NCT04841434",
          "OrgStudyIdInfo":{
            "OrgStudyId":"CNS-Lymphoma-Vorax-1"
          },
          "Organization":{
            "OrgFullName":"Charite University, Berlin, Germany",
            "OrgClass":"OTHER"
          },
          "BriefTitle":"A Phase I/II Study to Investigate the Use of VORAXAZE™ as Intended Intervention in Patients With CNSL",
          "OfficialTitle":"An Open Label, Phase I/II Study to Investigate the Use of VORAXAZE™ as Intended Intervention in Patients With Central Nervous System Lymphoma and With Impaired Renal Function Being Treated With High-dose Methotrexate",
          "Acronym":"VALIDATE"
        },
        "StatusModule":{
          "StatusVerifiedDate":"April 2021",
          "OverallStatus":"Not yet recruiting",
          "ExpandedAccessInfo":{
            "HasExpandedAccess":"No"
          },
          "StartDateStruct":{
            "StartDate":"June 1, 2021",
            "StartDateType":"Anticipated"
          },
          "PrimaryCompletionDateStruct":{
            "PrimaryCompletionDate":"August 1, 2022",
            "PrimaryCompletionDateType":"Anticipated"
          },
          "CompletionDateStruct":{
            "CompletionDate":"April 1, 2023",
            "CompletionDateType":"Anticipated"
          },
          "StudyFirstSubmitDate":"April 8, 2021",
          "StudyFirstSubmitQCDate":"April 8, 2021",
          "StudyFirstPostDateStruct":{
            "StudyFirstPostDate":"April 12, 2021",
            "StudyFirstPostDateType":"Actual"
          },
          "LastUpdateSubmitDate":"April 13, 2021",
          "LastUpdatePostDateStruct":{
            "LastUpdatePostDate":"April 15, 2021",
            "LastUpdatePostDateType":"Actual"
          }
        },
        "SponsorCollaboratorsModule":{
          "ResponsibleParty":{
            "ResponsiblePartyType":"Principal Investigator",
            "ResponsiblePartyInvestigatorFullName":"Stefan Schwartz",
            "ResponsiblePartyInvestigatorTitle":"PD Dr. med.",
            "ResponsiblePartyInvestigatorAffiliation":"Charite University, Berlin, Germany"
          },
          "LeadSponsor":{
            "LeadSponsorName":"Charite University, Berlin, Germany",
            "LeadSponsorClass":"OTHER"
          }
        },
        "OversightModule":{
          "OversightHasDMC":"Yes",
          "IsFDARegulatedDrug":"No",
          "IsFDARegulatedDevice":"No"
        },
        "DescriptionModule":{
          "BriefSummary":"This phase I-II trial is intented to demonstrate tolerability (i.e. absence of severe non-hematological toxicity) and efficacy of intended intervention with repeated doses of Voraxaze, in addition to leucovorin (LV), in patients with renal impairment or renal failure during previous HD-MTX therapy.\n\nPatients will receive up to 6 cycles of HD-MTX treatment with 14 days between cycles (a maximum delay of 28 days is permitted in order to allow time for a patient to recover from the previous cycle).",
          "DetailedDescription":"MTX is used either alone or as part of a combined chemotherapy protocol either in standard or high doses in the treatment of a range of cancers and other diseases.\n\nDose escalation will be performed using three dose levels of MTX:\n\nLevel 1: 3.0 g/m2 Level 2: 3.5 g/m2 Level 3: 4.0 g/m2 Up to 6 patients will be treated at each dose level; each will receive a maximum of 6 cycles of treatment. The dose may be increased in Cycle 3 in individual patients to the next level, if renal function is adequate (GFR ≥ 40 mL/min, or in the case of decreased GFR, the decrease is <10% compared with the pre-treatment value), and absence of grade 3 or 4 non-hematological toxicities."
        },
        "ConditionsModule":{
          "ConditionList":{
            "Condition":[
              "CNS Lymphoma"
            ]
          },
          "KeywordList":{
            "Keyword":[
              "impaired renal function"
            ]
          }
        },
        "DesignModule":{
          "StudyType":"Interventional",
          "PhaseList":{
            "Phase":[
              "Phase 1",
              "Phase 2"
            ]
          },
          "DesignInfo":{
            "DesignAllocation":"N/A",
            "DesignInterventionModel":"Single Group Assignment",
            "DesignInterventionModelDescription":"Dose escalation will be performed using three dose levels of MTX.",
            "DesignPrimaryPurpose":"Treatment",
            "DesignMaskingInfo":{
              "DesignMasking":"None (Open Label)"
            }
          },
          "EnrollmentInfo":{
            "EnrollmentCount":"18",
            "EnrollmentType":"Anticipated"
          }
        },
        "ArmsInterventionsModule":{
          "ArmGroupList":{
            "ArmGroup":[
              {
                "ArmGroupLabel":"Dose escalation",
                "ArmGroupType":"Experimental",
                "ArmGroupDescription":"Patients will receive up to 6 cycles of HD-MTX Treatment Dose escalation will be performed using three dose levels of MTX: 3.0 g/m2, 3.5 g/m2, 4.0 g/m2",
                "ArmGroupInterventionList":{
                  "ArmGroupInterventionName":[
                    "Drug: Voraxaze Injectable Product"
                  ]
                }
              }
            ]
          },
          "InterventionList":{
            "Intervention":[
              {
                "InterventionType":"Drug",
                "InterventionName":"Voraxaze Injectable Product",
                "InterventionDescription":"High-dose Methotrexat Infusion: MTX is given at a dose according to the allocated dose level cohort as a 4-hour IV infusion. HD-MTX cycles (up to 6) should be repeated every 14 days, provided that the patient has recovered (i.e., hematopoietic reconstitution) between cycles. A delay of up to 28 days between cycles is permitted in order to allow patients to recover from the preceding dose of MTX. In patients with a decline of the GFR to <40 mL/min, or in the case of decreased GFR, the decrease is >50% compared with the pretreatment value, treatment will be terminated. At the start of Cycle 3 the dose of MTX can be escalated to the next level if MTX has been well-tolerated according to the criteria described under dose escalation. Voraxaze: 2000 Units in patients weighing ≤100kg and at least 20 Units per kg body weight in patients weighing >100kg is given in each HD-MTX cycle as a slow IV injection at 24 hours (+/- 2 hours) after the start of HD-MTX infusion.",
                "InterventionArmGroupLabelList":{
                  "InterventionArmGroupLabel":[
                    "Dose escalation"
                  ]
                },
                "InterventionOtherNameList":{
                  "InterventionOtherName":[
                    "High-dose Methotrexat Infusion"
                  ]
                }
              }
            ]
          }
        },
        "OutcomesModule":{
          "PrimaryOutcomeList":{
            "PrimaryOutcome":[
              {
                "PrimaryOutcomeMeasure":"Tolerability of Voraxaze",
                "PrimaryOutcomeDescription":"absence of severe non-hematological toxicity",
                "PrimaryOutcomeTimeFrame":"1 year"
              },{
                "PrimaryOutcomeMeasure":"Efficacy of Voraxaze",
                "PrimaryOutcomeDescription":"immediate and sustained reduction in plasma MTX concentration",
                "PrimaryOutcomeTimeFrame":"1 year"
              }
            ]
          },
          "SecondaryOutcomeList":{
            "SecondaryOutcome":[
              {
                "SecondaryOutcomeMeasure":"Dose Limiting Toxicities (DLTs)",
                "SecondaryOutcomeDescription":"appearance of DLTs for each dose level of MTX",
                "SecondaryOutcomeTimeFrame":"1 year"
              },{
                "SecondaryOutcomeMeasure":"Anti-glucarpidase antibodies",
                "SecondaryOutcomeDescription":"presence of antibodies to glucarpidase",
                "SecondaryOutcomeTimeFrame":"at screening, prior to the MTX infusion at each treatment cycle and on day 28 of the last cycle"
              },{
                "SecondaryOutcomeMeasure":"MTX toxicities",
                "SecondaryOutcomeDescription":"incidence and severity of hematological toxicities and stomatitis after each cycle of HD-MTX treatment and renal function before each cycle of HD-MTX treatment",
                "SecondaryOutcomeTimeFrame":"1 year"
              }
            ]
          }
        },
        "EligibilityModule":{
          "EligibilityCriteria":"Inclusion Criteria:\n\nPrimary or secondary CNSL (PCNSL or SCNSL) confirmed by histology or cytology.\nRenal insufficiency defined as a glomerular filtration rate (GFR, assessed by CKD-EPI or MDRD equation) of 40-80 mL/min or patients with a GFR >80mL/min who have experienced renal failure, defined as doubling of the serum creatinine compared to the baseline value during a previous HD-MTX treatment.\nAge ≥ 18 years (male or female).\nLife expectancy >3 months.\nAdequate organ function (i.e., bone marrow, liver, lungs) allowing intensive chemotherapy with MTX.\nAdequate clinical pathology values:\nAbsolute neutrophil count ≥1.0 x 109/L, hemoglobin ≥9mg/dL (transfusion allowed), platelets ≥100 x 109/L.\nTotal bilirubin ≤1.5x the upper limit of normal except for patients with known Gilbert syndrome.\nAlanine amino-transferase (ALT) and aspartate amino-transferase (AST) ≤2x the upper limit of normal.\nAlkaline phosphatase ≤2x the upper limit of normal.\nProthrombin time within the normal range for the institution.\nSigned informed consent by the patient or legal representative prior to start of any study specific procedure.\nFemales of childbearing potential and males must be willing and able to use an adequate method of contraception to avoid pregnancy for the duration of the study in such a manner that the risk of pregnancy is minimized. Acceptable contraceptives include intra-uterine devices (IUDs), hormonal contraceptives (oral, depot, patch or injectable) and double barrier methods such as condoms or diaphragms with spermicidal gel or foam.\n\nExclusion Criteria:\n\nOngoing or expected need for therapy with drugs interfering with MTX-clearance (i.e., beta-lactam antibiotics, NSAIDs, probenicid, salicylates, sulphonamides) or other nephrotoxic drugs.\nPrior brain radiotherapy within 28 days of first dose of the study drug.\nConcurrent illness interfering with hydration (i.e., relevant congestive heart failure, SIADH syndrome).\nRelevant third space (i.e., pleural effusion, ascites, extended edema) precluding HD-MTX treatment.\nObesity (body mass index >30 kg/m2).\nUncontrolled diabetes.\nActive hepatitis.\nHIV-infection.\nPregnant or lactating woman.\nParticipation in any other clinical trial either 1 month prior to or during this study.\nPrevious intolerance to any of the drugs used in this study (i.e., MTX, LV)",
          "HealthyVolunteers":"No",
          "Gender":"All",
          "MinimumAge":"18 Years",
          "StdAgeList":{
            "StdAge":[
              "Adult",
              "Older Adult"
            ]
          }
        },
        "ContactsLocationsModule":{
          "CentralContactList":{
            "CentralContact":[
              {
                "CentralContactName":"Susen Burock, MD",
                "CentralContactRole":"Contact",
                "CentralContactPhone":"+49 (030) 450 564 648",
                "CentralContactEMail":"susen.burock@charite.de"
              }
            ]
          },
          "LocationList":{
            "Location":[
              {
                "LocationFacility":"Charité Campus Benjamin Franklin (CBF)",
                "LocationCity":"Berlin",
                "LocationZip":"12200",
                "LocationCountry":"Germany",
                "LocationContactList":{
                  "LocationContact":[
                    {
                      "LocationContactName":"Stefan Schwartz, MD",
                      "LocationContactRole":"Contact",
                      "LocationContactPhone":"030 450 513382",
                      "LocationContactEMail":"stefan.schwartz@charite.de"
                    }
                  ]
                }
              }
            ]
          }
        }
      },
      "DerivedSection":{
        "MiscInfoModule":{
          "VersionHolder":"April 19, 2021"
        },
        "ConditionBrowseModule":{
          "ConditionMeshList":{
            "ConditionMesh":[
              {
                "ConditionMeshId":"D000008223",
                "ConditionMeshTerm":"Lymphoma"
              }
            ]
          },
          "ConditionAncestorList":{
            "ConditionAncestor":[
              {
                "ConditionAncestorId":"D000009370",
                "ConditionAncestorTerm":"Neoplasms by Histologic Type"
              },{
                "ConditionAncestorId":"D000009369",
                "ConditionAncestorTerm":"Neoplasms"
              },{
                "ConditionAncestorId":"D000008232",
                "ConditionAncestorTerm":"Lymphoproliferative Disorders"
              },{
                "ConditionAncestorId":"D000008206",
                "ConditionAncestorTerm":"Lymphatic Diseases"
              },{
                "ConditionAncestorId":"D000007160",
                "ConditionAncestorTerm":"Immunoproliferative Disorders"
              },{
                "ConditionAncestorId":"D000007154",
                "ConditionAncestorTerm":"Immune System Diseases"
              }
            ]
          },
          "ConditionBrowseLeafList":{
            "ConditionBrowseLeaf":[
              {
                "ConditionBrowseLeafId":"M9803",
                "ConditionBrowseLeafName":"Lymphoma",
                "ConditionBrowseLeafAsFound":"Lymphoma",
                "ConditionBrowseLeafRelevance":"high"
              },{
                "ConditionBrowseLeafId":"M25305",
                "ConditionBrowseLeafName":"Renal Insufficiency",
                "ConditionBrowseLeafRelevance":"low"
              },{
                "ConditionBrowseLeafId":"M10898",
                "ConditionBrowseLeafName":"Neoplasms by Histologic Type",
                "ConditionBrowseLeafRelevance":"low"
              },{
                "ConditionBrowseLeafId":"M9808",
                "ConditionBrowseLeafName":"Lymphoproliferative Disorders",
                "ConditionBrowseLeafRelevance":"low"
              },{
                "ConditionBrowseLeafId":"M9786",
                "ConditionBrowseLeafName":"Lymphatic Diseases",
                "ConditionBrowseLeafRelevance":"low"
              },{
                "ConditionBrowseLeafId":"M8789",
                "ConditionBrowseLeafName":"Immunoproliferative Disorders",
                "ConditionBrowseLeafRelevance":"low"
              },{
                "ConditionBrowseLeafId":"M8783",
                "ConditionBrowseLeafName":"Immune System Diseases",
                "ConditionBrowseLeafRelevance":"low"
              },{
                "ConditionBrowseLeafId":"T3543",
                "ConditionBrowseLeafName":"Lymphosarcoma",
                "ConditionBrowseLeafRelevance":"low"
              },{
                "ConditionBrowseLeafId":"T4686",
                "ConditionBrowseLeafName":"Primary Central Nervous System Lymphoma",
                "ConditionBrowseLeafAsFound":"CNS Lymphoma",
                "ConditionBrowseLeafRelevance":"high"
              }
            ]
          },
          "ConditionBrowseBranchList":{
            "ConditionBrowseBranch":[
              {
                "ConditionBrowseBranchAbbrev":"BC04",
                "ConditionBrowseBranchName":"Cancers and Other Neoplasms"
              },{
                "ConditionBrowseBranchAbbrev":"BC15",
                "ConditionBrowseBranchName":"Blood and Lymph Conditions"
              },{
                "ConditionBrowseBranchAbbrev":"BC20",
                "ConditionBrowseBranchName":"Immune System Diseases"
              },{
                "ConditionBrowseBranchAbbrev":"All",
                "ConditionBrowseBranchName":"All Conditions"
              },{
                "ConditionBrowseBranchAbbrev":"BXS",
                "ConditionBrowseBranchName":"Urinary Tract, Sexual Organs, and Pregnancy Conditions"
              },{
                "ConditionBrowseBranchAbbrev":"Rare",
                "ConditionBrowseBranchName":"Rare Diseases"
              }
            ]
          }
        },
        "InterventionBrowseModule":{
          "InterventionMeshList":{
            "InterventionMesh":[
              {
                "InterventionMeshId":"D000008727",
                "InterventionMeshTerm":"Methotrexate"
              }
            ]
          },
          "InterventionAncestorList":{
            "InterventionAncestor":[
              {
                "InterventionAncestorId":"D000000020",
                "InterventionAncestorTerm":"Abortifacient Agents, Nonsteroidal"
              },{
                "InterventionAncestorId":"D000000019",
                "InterventionAncestorTerm":"Abortifacient Agents"
              },{
                "InterventionAncestorId":"D000012102",
                "InterventionAncestorTerm":"Reproductive Control Agents"
              },{
                "InterventionAncestorId":"D000045505",
                "InterventionAncestorTerm":"Physiological Effects of Drugs"
              },{
                "InterventionAncestorId":"D000000964",
                "InterventionAncestorTerm":"Antimetabolites, Antineoplastic"
              },{
                "InterventionAncestorId":"D000000963",
                "InterventionAncestorTerm":"Antimetabolites"
              },{
                "InterventionAncestorId":"D000045504",
                "InterventionAncestorTerm":"Molecular Mechanisms of Pharmacological Action"
              },{
                "InterventionAncestorId":"D000000970",
                "InterventionAncestorTerm":"Antineoplastic Agents"
              },{
                "InterventionAncestorId":"D000003879",
                "InterventionAncestorTerm":"Dermatologic Agents"
              },{
                "InterventionAncestorId":"D000004791",
                "InterventionAncestorTerm":"Enzyme Inhibitors"
              },{
                "InterventionAncestorId":"D000005493",
                "InterventionAncestorTerm":"Folic Acid Antagonists"
              },{
                "InterventionAncestorId":"D000007166",
                "InterventionAncestorTerm":"Immunosuppressive Agents"
              },{
                "InterventionAncestorId":"D000007155",
                "InterventionAncestorTerm":"Immunologic Factors"
              },{
                "InterventionAncestorId":"D000018501",
                "InterventionAncestorTerm":"Antirheumatic Agents"
              },{
                "InterventionAncestorId":"D000019384",
                "InterventionAncestorTerm":"Nucleic Acid Synthesis Inhibitors"
              }
            ]
          },
          "InterventionBrowseLeafList":{
            "InterventionBrowseLeaf":[
              {
                "InterventionBrowseLeafId":"M10286",
                "InterventionBrowseLeafName":"Methotrexate",
                "InterventionBrowseLeafAsFound":"NMA",
                "InterventionBrowseLeafRelevance":"high"
              },{
                "InterventionBrowseLeafId":"M2862",
                "InterventionBrowseLeafName":"Antimetabolites",
                "InterventionBrowseLeafRelevance":"low"
              },{
                "InterventionBrowseLeafId":"M5657",
                "InterventionBrowseLeafName":"Dermatologic Agents",
                "InterventionBrowseLeafRelevance":"low"
              },{
                "InterventionBrowseLeafId":"M7201",
                "InterventionBrowseLeafName":"Folic Acid",
                "InterventionBrowseLeafRelevance":"low"
              },{
                "InterventionBrowseLeafId":"M16129",
                "InterventionBrowseLeafName":"Vitamin B Complex",
                "InterventionBrowseLeafRelevance":"low"
              },{
                "InterventionBrowseLeafId":"M7202",
                "InterventionBrowseLeafName":"Folic Acid Antagonists",
                "InterventionBrowseLeafRelevance":"low"
              },{
                "InterventionBrowseLeafId":"M8795",
                "InterventionBrowseLeafName":"Immunosuppressive Agents",
                "InterventionBrowseLeafRelevance":"low"
              },{
                "InterventionBrowseLeafId":"M8784",
                "InterventionBrowseLeafName":"Immunologic Factors",
                "InterventionBrowseLeafRelevance":"low"
              },{
                "InterventionBrowseLeafId":"M19188",
                "InterventionBrowseLeafName":"Antirheumatic Agents",
                "InterventionBrowseLeafRelevance":"low"
              },{
                "InterventionBrowseLeafId":"T446",
                "InterventionBrowseLeafName":"Folic Acid",
                "InterventionBrowseLeafRelevance":"low"
              },{
                "InterventionBrowseLeafId":"T448",
                "InterventionBrowseLeafName":"Folate",
                "InterventionBrowseLeafRelevance":"low"
              },{
                "InterventionBrowseLeafId":"T475",
                "InterventionBrowseLeafName":"Vitamin B9",
                "InterventionBrowseLeafRelevance":"low"
              },{
                "InterventionBrowseLeafId":"T447",
                "InterventionBrowseLeafName":"Folinic Acid",
                "InterventionBrowseLeafRelevance":"low"
              }
            ]
          },
          "InterventionBrowseBranchList":{
            "InterventionBrowseBranch":[
              {
                "InterventionBrowseBranchAbbrev":"ANeo",
                "InterventionBrowseBranchName":"Antineoplastic Agents"
              },{
                "InterventionBrowseBranchAbbrev":"ARhu",
                "InterventionBrowseBranchName":"Antirheumatic Agents"
              },{
                "InterventionBrowseBranchAbbrev":"Derm",
                "InterventionBrowseBranchName":"Dermatologic Agents"
              },{
                "InterventionBrowseBranchAbbrev":"Repr",
                "InterventionBrowseBranchName":"Reproductive Control Agents"
              },{
                "InterventionBrowseBranchAbbrev":"All",
                "InterventionBrowseBranchName":"All Drugs and Chemicals"
              },{
                "InterventionBrowseBranchAbbrev":"Micro",
                "InterventionBrowseBranchName":"Micronutrients"
              },{
                "InterventionBrowseBranchAbbrev":"Hemat",
                "InterventionBrowseBranchName":"Hematinics"
              },{
                "InterventionBrowseBranchAbbrev":"Vi",
                "InterventionBrowseBranchName":"Vitamins"
              }
            ]
          }
        }
      }
    }
  }
}

