{
  "FullStudy":{
    "Rank":130,
    "Study":{
      "ProtocolSection":{
        "IdentificationModule":{
          "NCTId":"NCT04848259",
          "OrgStudyIdInfo":{
            "OrgStudyId":"Impaction"
          },
          "Organization":{
            "OrgFullName":"Al-Azhar University",
            "OrgClass":"OTHER"
          },
          "BriefTitle":"Effect of Honey and Dexamethason on Extraction Healing",
          "OfficialTitle":"Comparative Study Between Honey and Dexamethasone on Postoperative Complication After Removal of Impacted Mandibular Third Molar"
        },
        "StatusModule":{
          "StatusVerifiedDate":"April 2021",
          "OverallStatus":"Not yet recruiting",
          "ExpandedAccessInfo":{
            "HasExpandedAccess":"No"
          },
          "StartDateStruct":{
            "StartDate":"April 16, 2021",
            "StartDateType":"Anticipated"
          },
          "PrimaryCompletionDateStruct":{
            "PrimaryCompletionDate":"May 15, 2021",
            "PrimaryCompletionDateType":"Anticipated"
          },
          "CompletionDateStruct":{
            "CompletionDate":"June 1, 2021",
            "CompletionDateType":"Anticipated"
          },
          "StudyFirstSubmitDate":"April 14, 2021",
          "StudyFirstSubmitQCDate":"April 14, 2021",
          "StudyFirstPostDateStruct":{
            "StudyFirstPostDate":"April 19, 2021",
            "StudyFirstPostDateType":"Estimate"
          },
          "LastUpdateSubmitDate":"April 14, 2021",
          "LastUpdatePostDateStruct":{
            "LastUpdatePostDate":"April 19, 2021",
            "LastUpdatePostDateType":"Estimate"
          }
        },
        "SponsorCollaboratorsModule":{
          "ResponsibleParty":{
            "ResponsiblePartyType":"Principal Investigator",
            "ResponsiblePartyInvestigatorFullName":"Alaa Altaweel",
            "ResponsiblePartyInvestigatorTitle":"Associate professor",
            "ResponsiblePartyInvestigatorAffiliation":"Al-Azhar University"
          },
          "LeadSponsor":{
            "LeadSponsorName":"Al-Azhar University",
            "LeadSponsorClass":"OTHER"
          }
        },
        "OversightModule":{
          "IsFDARegulatedDrug":"No",
          "IsFDARegulatedDevice":"No",
          "IsUSExport":"No"
        },
        "DescriptionModule":{
          "BriefSummary":"Natural honey and dexamethason will be given before impaction removal then postoperative complications will be evaluated",
          "DetailedDescription":"Patient with impacted lower third molar will be selected to this study agording to agent applied preoperative. Group 1 will receive topical honey and Group 2 will receive IV dexamethason. After surgical removal of impacted tooth under local anesthesia postoperative pain mouth opening, and swelling will be evaluated"
        },
        "ConditionsModule":{
          "ConditionList":{
            "Condition":[
              "Impacted Third Molar Tooth"
            ]
          }
        },
        "DesignModule":{
          "StudyType":"Interventional",
          "PhaseList":{
            "Phase":[
              "Early Phase 1"
            ]
          },
          "DesignInfo":{
            "DesignAllocation":"Randomized",
            "DesignInterventionModel":"Parallel Assignment",
            "DesignPrimaryPurpose":"Treatment",
            "DesignMaskingInfo":{
              "DesignMasking":"Single",
              "DesignWhoMaskedList":{
                "DesignWhoMasked":[
                  "Outcomes Assessor"
                ]
              }
            }
          },
          "EnrollmentInfo":{
            "EnrollmentCount":"45",
            "EnrollmentType":"Anticipated"
          }
        },
        "ArmsInterventionsModule":{
          "ArmGroupList":{
            "ArmGroup":[
              {
                "ArmGroupLabel":"Control",
                "ArmGroupType":"Placebo Comparator",
                "ArmGroupDescription":"No drug given before surgery",
                "ArmGroupInterventionList":{
                  "ArmGroupInterventionName":[
                    "Drug: Normal saline"
                  ]
                }
              },{
                "ArmGroupLabel":"Dexamethason",
                "ArmGroupType":"Active Comparator",
                "ArmGroupDescription":"Dexamethason will be given IV before surgery",
                "ArmGroupInterventionList":{
                  "ArmGroupInterventionName":[
                    "Drug: Dexamethasone"
                  ]
                }
              },{
                "ArmGroupLabel":"Natural honey",
                "ArmGroupType":"Active Comparator",
                "ArmGroupDescription":"Honey will be placed locally after impaction removal",
                "ArmGroupInterventionList":{
                  "ArmGroupInterventionName":[
                    "Drug: Honey"
                  ]
                }
              }
            ]
          },
          "InterventionList":{
            "Intervention":[
              {
                "InterventionType":"Drug",
                "InterventionName":"Normal saline",
                "InterventionDescription":"Saline will be applied after surgery",
                "InterventionArmGroupLabelList":{
                  "InterventionArmGroupLabel":[
                    "Control"
                  ]
                }
              },{
                "InterventionType":"Drug",
                "InterventionName":"Dexamethasone",
                "InterventionDescription":"Dexamethason will be given IV before surgery",
                "InterventionArmGroupLabelList":{
                  "InterventionArmGroupLabel":[
                    "Dexamethason"
                  ]
                }
              },{
                "InterventionType":"Drug",
                "InterventionName":"Honey",
                "InterventionDescription":"Honey will be applied locally after surgery",
                "InterventionArmGroupLabelList":{
                  "InterventionArmGroupLabel":[
                    "Natural honey"
                  ]
                }
              }
            ]
          }
        },
        "OutcomesModule":{
          "PrimaryOutcomeList":{
            "PrimaryOutcome":[
              {
                "PrimaryOutcomeMeasure":"Interincisal distance",
                "PrimaryOutcomeDescription":"Distance between upper and lower teeth will be measured in mm by ruler",
                "PrimaryOutcomeTimeFrame":"Preoperative"
              },{
                "PrimaryOutcomeMeasure":"Interincisal distance",
                "PrimaryOutcomeDescription":"Distance between upper and lower teeth will be measured in mm by ruler",
                "PrimaryOutcomeTimeFrame":"I day postoperative"
              },{
                "PrimaryOutcomeMeasure":"Interincisal distance",
                "PrimaryOutcomeDescription":"Distance between upper and lower teeth will be measured in mm by ruler",
                "PrimaryOutcomeTimeFrame":"3rd day postoperative"
              },{
                "PrimaryOutcomeMeasure":"Interincisal distance",
                "PrimaryOutcomeDescription":"Distance between upper and lower teeth will be measured in mm by ruler",
                "PrimaryOutcomeTimeFrame":"7th day postoperative"
              },{
                "PrimaryOutcomeMeasure":"Edema",
                "PrimaryOutcomeDescription":"Measured from angle of mandible to angle of mouth",
                "PrimaryOutcomeTimeFrame":"Preoperative"
              },{
                "PrimaryOutcomeMeasure":"Edema",
                "PrimaryOutcomeDescription":"Measured from angle of mandible to angle of mouth",
                "PrimaryOutcomeTimeFrame":"1day postoperative"
              },{
                "PrimaryOutcomeMeasure":"Edema",
                "PrimaryOutcomeDescription":"Measured from angle of mandible to angle of mouth in mm by ruler",
                "PrimaryOutcomeTimeFrame":"2nd day postoperative"
              },{
                "PrimaryOutcomeMeasure":"Edema",
                "PrimaryOutcomeDescription":"Measured from angle of mandible to angle hof mouth in mm by ruler",
                "PrimaryOutcomeTimeFrame":"3rd day postoperative"
              },{
                "PrimaryOutcomeMeasure":"Edema",
                "PrimaryOutcomeDescription":"Measured from angle of mandible to angle of mouth in mm by ruler",
                "PrimaryOutcomeTimeFrame":"7th day postoperative"
              }
            ]
          }
        },
        "EligibilityModule":{
          "EligibilityCriteria":"Inclusion Criteria:\n\nimpacted 3rd molar\nhealthy patient No smoking\n\nExclusion Criteria:\n\nhistory of smoking Medical disease",
          "HealthyVolunteers":"Accepts Healthy Volunteers",
          "Gender":"All",
          "MinimumAge":"18 Years",
          "MaximumAge":"40 Years",
          "StdAgeList":{
            "StdAge":[
              "Adult"
            ]
          }
        }
      },
      "DerivedSection":{
        "MiscInfoModule":{
          "VersionHolder":"April 19, 2021"
        },
        "ConditionBrowseModule":{
          "ConditionMeshList":{
            "ConditionMesh":[
              {
                "ConditionMeshId":"D000014095",
                "ConditionMeshTerm":"Tooth, Impacted"
              }
            ]
          },
          "ConditionAncestorList":{
            "ConditionAncestor":[
              {
                "ConditionAncestorId":"D000014076",
                "ConditionAncestorTerm":"Tooth Diseases"
              },{
                "ConditionAncestorId":"D000009057",
                "ConditionAncestorTerm":"Stomatognathic Diseases"
              }
            ]
          },
          "ConditionBrowseLeafList":{
            "ConditionBrowseLeaf":[
              {
                "ConditionBrowseLeafId":"M15433",
                "ConditionBrowseLeafName":"Tooth, Impacted",
                "ConditionBrowseLeafAsFound":"Impacted",
                "ConditionBrowseLeafRelevance":"high"
              },{
                "ConditionBrowseLeafId":"M12648",
                "ConditionBrowseLeafName":"Postoperative Complications",
                "ConditionBrowseLeafRelevance":"low"
              },{
                "ConditionBrowseLeafId":"M15414",
                "ConditionBrowseLeafName":"Tooth Diseases",
                "ConditionBrowseLeafRelevance":"low"
              },{
                "ConditionBrowseLeafId":"M10600",
                "ConditionBrowseLeafName":"Stomatognathic Diseases",
                "ConditionBrowseLeafRelevance":"low"
              }
            ]
          },
          "ConditionBrowseBranchList":{
            "ConditionBrowseBranch":[
              {
                "ConditionBrowseBranchAbbrev":"BC07",
                "ConditionBrowseBranchName":"Mouth and Tooth Diseases"
              },{
                "ConditionBrowseBranchAbbrev":"All",
                "ConditionBrowseBranchName":"All Conditions"
              },{
                "ConditionBrowseBranchAbbrev":"BC23",
                "ConditionBrowseBranchName":"Symptoms and General Pathology"
              }
            ]
          }
        },
        "InterventionBrowseModule":{
          "InterventionMeshList":{
            "InterventionMesh":[
              {
                "InterventionMeshId":"D000003907",
                "InterventionMeshTerm":"Dexamethasone"
              }
            ]
          },
          "InterventionAncestorList":{
            "InterventionAncestor":[
              {
                "InterventionAncestorId":"D000000893",
                "InterventionAncestorTerm":"Anti-Inflammatory Agents"
              },{
                "InterventionAncestorId":"D000000932",
                "InterventionAncestorTerm":"Antiemetics"
              },{
                "InterventionAncestorId":"D000001337",
                "InterventionAncestorTerm":"Autonomic Agents"
              },{
                "InterventionAncestorId":"D000018373",
                "InterventionAncestorTerm":"Peripheral Nervous System Agents"
              },{
                "InterventionAncestorId":"D000045505",
                "InterventionAncestorTerm":"Physiological Effects of Drugs"
              },{
                "InterventionAncestorId":"D000005765",
                "InterventionAncestorTerm":"Gastrointestinal Agents"
              },{
                "InterventionAncestorId":"D000005938",
                "InterventionAncestorTerm":"Glucocorticoids"
              },{
                "InterventionAncestorId":"D000006728",
                "InterventionAncestorTerm":"Hormones"
              },{
                "InterventionAncestorId":"D000006730",
                "InterventionAncestorTerm":"Hormones, Hormone Substitutes, and Hormone Antagonists"
              },{
                "InterventionAncestorId":"D000018931",
                "InterventionAncestorTerm":"Antineoplastic Agents, Hormonal"
              },{
                "InterventionAncestorId":"D000000970",
                "InterventionAncestorTerm":"Antineoplastic Agents"
              }
            ]
          },
          "InterventionBrowseLeafList":{
            "InterventionBrowseLeaf":[
              {
                "InterventionBrowseLeafId":"M5685",
                "InterventionBrowseLeafName":"Dexamethasone",
                "InterventionBrowseLeafAsFound":"Period",
                "InterventionBrowseLeafRelevance":"high"
              },{
                "InterventionBrowseLeafId":"M243574",
                "InterventionBrowseLeafName":"Dexamethasone acetate",
                "InterventionBrowseLeafRelevance":"low"
              },{
                "InterventionBrowseLeafId":"M2798",
                "InterventionBrowseLeafName":"Anti-Inflammatory Agents",
                "InterventionBrowseLeafRelevance":"low"
              },{
                "InterventionBrowseLeafId":"M2832",
                "InterventionBrowseLeafName":"Antiemetics",
                "InterventionBrowseLeafRelevance":"low"
              },{
                "InterventionBrowseLeafId":"M7464",
                "InterventionBrowseLeafName":"Gastrointestinal Agents",
                "InterventionBrowseLeafRelevance":"low"
              },{
                "InterventionBrowseLeafId":"M7630",
                "InterventionBrowseLeafName":"Glucocorticoids",
                "InterventionBrowseLeafRelevance":"low"
              },{
                "InterventionBrowseLeafId":"M8372",
                "InterventionBrowseLeafName":"Hormones",
                "InterventionBrowseLeafRelevance":"low"
              },{
                "InterventionBrowseLeafId":"M8371",
                "InterventionBrowseLeafName":"Hormone Antagonists",
                "InterventionBrowseLeafRelevance":"low"
              },{
                "InterventionBrowseLeafId":"M19550",
                "InterventionBrowseLeafName":"Antineoplastic Agents, Hormonal",
                "InterventionBrowseLeafRelevance":"low"
              }
            ]
          },
          "InterventionBrowseBranchList":{
            "InterventionBrowseBranch":[
              {
                "InterventionBrowseBranchAbbrev":"Infl",
                "InterventionBrowseBranchName":"Anti-Inflammatory Agents"
              },{
                "InterventionBrowseBranchAbbrev":"ANeo",
                "InterventionBrowseBranchName":"Antineoplastic Agents"
              },{
                "InterventionBrowseBranchAbbrev":"AnEm",
                "InterventionBrowseBranchName":"Antiemetics"
              },{
                "InterventionBrowseBranchAbbrev":"Gast",
                "InterventionBrowseBranchName":"Gastrointestinal Agents"
              },{
                "InterventionBrowseBranchAbbrev":"All",
                "InterventionBrowseBranchName":"All Drugs and Chemicals"
              }
            ]
          }
        }
      }
    }
  }
}

