{
  "FullStudy":{
    "Rank":595,
    "Study":{
      "ProtocolSection":{
        "IdentificationModule":{
          "NCTId":"NCT04842214",
          "OrgStudyIdInfo":{
            "OrgStudyId":"Bansi-2021"
          },
          "Organization":{
            "OrgFullName":"Klinik Valens",
            "OrgClass":"OTHER"
          },
          "BriefTitle":"Disease Course in Oncological Patients During Inpatient Rehabilitation and After Three Months Follow-up",
          "OfficialTitle":"Evaluation of Disease Course in Oncological Patients During Inpatient Rehabilitation and After Three Months Follow-up: a Cohort Study."
        },
        "StatusModule":{
          "StatusVerifiedDate":"April 2021",
          "OverallStatus":"Recruiting",
          "ExpandedAccessInfo":{
            "HasExpandedAccess":"No"
          },
          "StartDateStruct":{
            "StartDate":"January 1, 2019",
            "StartDateType":"Actual"
          },
          "PrimaryCompletionDateStruct":{
            "PrimaryCompletionDate":"December 30, 2021",
            "PrimaryCompletionDateType":"Anticipated"
          },
          "CompletionDateStruct":{
            "CompletionDate":"December 30, 2021",
            "CompletionDateType":"Anticipated"
          },
          "StudyFirstSubmitDate":"April 8, 2021",
          "StudyFirstSubmitQCDate":"April 8, 2021",
          "StudyFirstPostDateStruct":{
            "StudyFirstPostDate":"April 13, 2021",
            "StudyFirstPostDateType":"Actual"
          },
          "LastUpdateSubmitDate":"April 8, 2021",
          "LastUpdatePostDateStruct":{
            "LastUpdatePostDate":"April 13, 2021",
            "LastUpdatePostDateType":"Actual"
          }
        },
        "SponsorCollaboratorsModule":{
          "ResponsibleParty":{
            "ResponsiblePartyType":"Principal Investigator",
            "ResponsiblePartyInvestigatorFullName":"Jens Bansi",
            "ResponsiblePartyInvestigatorTitle":"Jens Bansi",
            "ResponsiblePartyInvestigatorAffiliation":"Klinik Valens"
          },
          "LeadSponsor":{
            "LeadSponsorName":"Klinik Valens",
            "LeadSponsorClass":"OTHER"
          }
        },
        "OversightModule":{},
        "DescriptionModule":{
          "BriefSummary":"Constant improvements in the areas of diagnostics and treatment lead to an increase of patients surviving an oncological diagnosis (\"cancer survivors\") thus increasing the cost factor on both society and health care systems. Meta-analysis have shown the effectiveness of multidimensional rehabilitation programs concerning cost-effectiveness and for improving different health parameters. However when submitted to oncological rehabilitation in Switzerland there is no clear definition when to use which specific assessment during the different stages of oncological rehabilitation.\n\nThis cohort study aims to evaluate and systematically follow-up patients that are assigned for oncological inpatient rehabilitation at the Rehabilitation Center Walenstadtberg.\n\nThe main purposes are i) to evaluate disease onset of oncological patients during rehabilitation and to identify relationships between mobility and cancer-related fatigue at discharge; ii) to identify predictive factors for everyday functioning and social participation after three months discharge."
        },
        "ConditionsModule":{
          "ConditionList":{
            "Condition":[
              "Oncologic Disorders"
            ]
          },
          "KeywordList":{
            "Keyword":[
              "Oncologic Rehabilitation",
              "Cancer-related Fatigue",
              "Patient-reported Outcome Measurement Information System (PROMIS)"
            ]
          }
        },
        "DesignModule":{
          "StudyType":"Observational",
          "PatientRegistry":"No",
          "DesignInfo":{
            "DesignObservationalModelList":{
              "DesignObservationalModel":[
                "Cohort"
              ]
            },
            "DesignTimePerspectiveList":{
              "DesignTimePerspective":[
                "Prospective"
              ]
            }
          },
          "EnrollmentInfo":{
            "EnrollmentCount":"250",
            "EnrollmentType":"Anticipated"
          }
        },
        "ArmsInterventionsModule":{
          "ArmGroupList":{
            "ArmGroup":[
              {
                "ArmGroupLabel":"Oncologic disorders",
                "ArmGroupDescription":"All patients assigned for oncological rehabilitation with the diagnosis \"Cancer\" are included to this cohort.",
                "ArmGroupInterventionList":{
                  "ArmGroupInterventionName":[
                    "Behavioral: Oncological Rehabilitation"
                  ]
                }
              }
            ]
          },
          "InterventionList":{
            "Intervention":[
              {
                "InterventionType":"Behavioral",
                "InterventionName":"Oncological Rehabilitation",
                "InterventionDescription":"Multidimensional rehabilitation",
                "InterventionArmGroupLabelList":{
                  "InterventionArmGroupLabel":[
                    "Oncologic disorders"
                  ]
                }
              }
            ]
          }
        },
        "OutcomesModule":{
          "PrimaryOutcomeList":{
            "PrimaryOutcome":[
              {
                "PrimaryOutcomeMeasure":"Patient Reported Outcomes Measurement Information System (PROMIS)",
                "PrimaryOutcomeDescription":"Change of participants' physical and mental health over three weeks training and after three months discharge (follow-up). The PROMIS Global-10 is a 10-item patient-reported questionnaire in which the response options are presented as 5-point (as well as a single 11-point) rating scales. The results of the questions are used to calculate two summary scores: a Global Physical Health Score and a Global Mental Health score with higher scores indication better physical and/or mental health.",
                "PrimaryOutcomeTimeFrame":"Three months (Day 0-Day 92) with time points set after three weeks (Day 21) and three months (Day 92)"
              }
            ]
          },
          "SecondaryOutcomeList":{
            "SecondaryOutcome":[
              {
                "SecondaryOutcomeMeasure":"Multidimensional Fatigue Inventory (MFI)",
                "SecondaryOutcomeDescription":"Changes of cancer-related fatigue over three training weeks and after three months follow-up. The MFI is a 20-item self-report instrument designed to measure fatigue. It covers the following dimensions: General Fatigue, Physical Fatigue, Mental Fatigue, Reduced Motivation and Reduced Activity. The scale ranges from 1 to 7 with higher total scores indicating acute levels of fatigue.",
                "SecondaryOutcomeTimeFrame":"Three months (Day 0 - Day 92) with time points set after three weeks (Day 21) and three months after discharge (Day 92)"
              },{
                "SecondaryOutcomeMeasure":"Functional Independence Measure (FIM)",
                "SecondaryOutcomeDescription":"Changes of participants functional independencies of performing a task over three weeks training. The FIM is a 18-item self-report instrument designed to measure participants functional independency. Items are divided into motor and cognitive categories, are classified based on the type of task it involves and are scored on a 7-point likert scale. Higher scores indicate more independencies a person has at performing the task. The score is a value ranging between 18 and 126 (total score) and is further broken down based on its motor and cognitive components. The motor component ranges from 13 to 91, while the cognitive component ranges between 5 to 35.",
                "SecondaryOutcomeTimeFrame":"Three weeks (Day 0 - Day 21)"
              },{
                "SecondaryOutcomeMeasure":"EuroQoL-Group five dimension quality of life questionnaire (EQ-5D)",
                "SecondaryOutcomeDescription":"Changes of participant's health state over three weeks training with higher scores indicating a better health status.EQ-5D comprises the five dimensions: mobility, self-care, usual activities, pain/discomfort and anxiety/depression. Each dimension is expressed with the levels: no problems, some problems, and extreme problems. The patient is asked to indicate his/her health state by scoring the most appropriate statement for each dimension. This decision results into a 1-digit number that expresses the level selected for the respective dimension. The digits for the five dimensions are combined into a 5-digit number.",
                "SecondaryOutcomeTimeFrame":"Three weeks (Day 0 - Day 21)"
              },{
                "SecondaryOutcomeMeasure":"Six Minute Walking Test (6MWT)",
                "SecondaryOutcomeDescription":"Changes of walking speed and distance covered after in 6-Minutes over three weeks training. The greater the distance covered after six minutes the higher the walking speed.",
                "SecondaryOutcomeTimeFrame":"Three weeks (Day 0 - Day 21)"
              },{
                "SecondaryOutcomeMeasure":"Timed-Up-and-Go (TUG)",
                "SecondaryOutcomeDescription":"Changes of mobility and risk of falling over three weeks training. The TUG measures the time for the participant to stand from a chair, walk three meters and sit down again. Time stops when the participants is seated. Cut-off for risk of falling is set for dwelling adults at 13.5 and for vestibular disorders at 11.1 seconds.",
                "SecondaryOutcomeTimeFrame":"Three weeks (Day 0 - Day 21)"
              },{
                "SecondaryOutcomeMeasure":"Hospital Anxiety and Depression Scale (HADS)",
                "SecondaryOutcomeDescription":"Changes of anxiety and depression over three weeks training on a 4-point likert scale scored 0-3. Max 21 Points for each subscale, cut off for anxiety and Depression are set at 7 points with higher values representing more anxiety and depressive symptoms symptoms",
                "SecondaryOutcomeTimeFrame":"Three weeks (Day 0 - Day 21)"
              }
            ]
          }
        },
        "EligibilityModule":{
          "EligibilityCriteria":"Inclusion Criteria:\n\nDiagnosed with \"Cancer\";\nLiteracy and understanding German language;\nSigned informed consent;\n\nExclusion Criteria:\n\nWomen who are pregnant or breastfeeding / have the intention to become pregnant during the course of the study;\nOther clinically significant concomitant disease states (e.g. renal failure, hepatic dysfunction, cardiovascular disease, etc);\nKnown or suspected non-compliance, drug or alcohol abuse;\nInability to follow the procedures of the study: e.g. due to language problems, psychological disorders, dementia of the participant, etc;\nEnrolment of the investigator, his/her family members, employees and other dependent persons;\nCognitive impairment: Mini-Mental State Examination (MMSE) < 21;\nMajor Depression or Hospital Anxiety and Depression Scale (HADS) >11 at baseline.",
          "HealthyVolunteers":"No",
          "Gender":"All",
          "MinimumAge":"18 Years",
          "StdAgeList":{
            "StdAge":[
              "Adult",
              "Older Adult"
            ]
          },
          "StudyPopulation":"Patients with oncologic disorders assigned for inpatient rehabilitation.",
          "SamplingMethod":"Non-Probability Sample"
        },
        "ContactsLocationsModule":{
          "CentralContactList":{
            "CentralContact":[
              {
                "CentralContactName":"Jens Bansi, PhD",
                "CentralContactRole":"Contact",
                "CentralContactPhone":"++41 81 303",
                "CentralContactPhoneExt":"1900",
                "CentralContactEMail":"Jens.Bansi@kliniken-valens.ch"
              },{
                "CentralContactName":"Jan Kool, PhD",
                "CentralContactRole":"Contact",
                "CentralContactPhone":"++41 81 303",
                "CentralContactPhoneExt":"1403",
                "CentralContactEMail":"Jan.Kool@kliniken-valens.ch"
              }
            ]
          },
          "LocationList":{
            "Location":[
              {
                "LocationFacility":"Kliniken-Valens",
                "LocationStatus":"Recruiting",
                "LocationCity":"Valens",
                "LocationState":"Sankt Gallen",
                "LocationZip":"7317",
                "LocationCountry":"Switzerland",
                "LocationContactList":{
                  "LocationContact":[
                    {
                      "LocationContactName":"Jens Bansi, PhD",
                      "LocationContactRole":"Contact",
                      "LocationContactPhone":"004181303",
                      "LocationContactEMail":"Jens.Bansi@kliniken-valens.ch"
                    },{
                      "LocationContactName":"Roman Gonzenbach, MD",
                      "LocationContactRole":"Contact",
                      "LocationContactPhone":"0041813031408",
                      "LocationContactEMail":"Roman.Gonzenbach@kliniken-valens.ch"
                    }
                  ]
                }
              }
            ]
          }
        },
        "IPDSharingStatementModule":{
          "IPDSharing":"No"
        }
      },
      "DerivedSection":{
        "MiscInfoModule":{
          "VersionHolder":"April 19, 2021"
        },
        "ConditionBrowseModule":{
          "ConditionMeshList":{
            "ConditionMesh":[
              {
                "ConditionMeshId":"D000018450",
                "ConditionMeshTerm":"Disease Progression"
              }
            ]
          },
          "ConditionAncestorList":{
            "ConditionAncestor":[
              {
                "ConditionAncestorId":"D000020969",
                "ConditionAncestorTerm":"Disease Attributes"
              },{
                "ConditionAncestorId":"D000010335",
                "ConditionAncestorTerm":"Pathologic Processes"
              }
            ]
          },
          "ConditionBrowseLeafList":{
            "ConditionBrowseLeaf":[
              {
                "ConditionBrowseLeafId":"M6947",
                "ConditionBrowseLeafName":"Fatigue",
                "ConditionBrowseLeafRelevance":"low"
              },{
                "ConditionBrowseLeafId":"M19143",
                "ConditionBrowseLeafName":"Disease Progression",
                "ConditionBrowseLeafAsFound":"Disease Course",
                "ConditionBrowseLeafRelevance":"high"
              },{
                "ConditionBrowseLeafId":"M21284",
                "ConditionBrowseLeafName":"Disease Attributes",
                "ConditionBrowseLeafRelevance":"low"
              }
            ]
          },
          "ConditionBrowseBranchList":{
            "ConditionBrowseBranch":[
              {
                "ConditionBrowseBranchAbbrev":"BC23",
                "ConditionBrowseBranchName":"Symptoms and General Pathology"
              },{
                "ConditionBrowseBranchAbbrev":"All",
                "ConditionBrowseBranchName":"All Conditions"
              }
            ]
          }
        }
      }
    }
  }
}

