{
  "FullStudy":{
    "Rank":325,
    "Study":{
      "ProtocolSection":{
        "IdentificationModule":{
          "NCTId":"NCT04845724",
          "OrgStudyIdInfo":{
            "OrgStudyId":"16-CRFC-32"
          },
          "Organization":{
            "OrgFullName":"University College Cork",
            "OrgClass":"OTHER"
          },
          "BriefTitle":"Dietary Phosphorus Load and Postprandial Serum Phosphate in HD Patients",
          "OfficialTitle":"The Effect of Dietary Phosphorus Load and Food Matrix on Postprandial Serum Phosphate in Hemodialysis Patients"
        },
        "StatusModule":{
          "StatusVerifiedDate":"April 2021",
          "OverallStatus":"Completed",
          "ExpandedAccessInfo":{
            "HasExpandedAccess":"No"
          },
          "StartDateStruct":{
            "StartDate":"November 26, 2016",
            "StartDateType":"Actual"
          },
          "PrimaryCompletionDateStruct":{
            "PrimaryCompletionDate":"December 6, 2016",
            "PrimaryCompletionDateType":"Actual"
          },
          "CompletionDateStruct":{
            "CompletionDate":"December 14, 2016",
            "CompletionDateType":"Actual"
          },
          "StudyFirstSubmitDate":"April 11, 2021",
          "StudyFirstSubmitQCDate":"April 11, 2021",
          "StudyFirstPostDateStruct":{
            "StudyFirstPostDate":"April 15, 2021",
            "StudyFirstPostDateType":"Actual"
          },
          "LastUpdateSubmitDate":"April 11, 2021",
          "LastUpdatePostDateStruct":{
            "LastUpdatePostDate":"April 15, 2021",
            "LastUpdatePostDateType":"Actual"
          }
        },
        "SponsorCollaboratorsModule":{
          "ResponsibleParty":{
            "ResponsiblePartyType":"Principal Investigator",
            "ResponsiblePartyInvestigatorFullName":"Joseph Eustace",
            "ResponsiblePartyInvestigatorTitle":"Professor Joseph Eustace",
            "ResponsiblePartyInvestigatorAffiliation":"University College Cork"
          },
          "LeadSponsor":{
            "LeadSponsorName":"University College Cork",
            "LeadSponsorClass":"OTHER"
          }
        },
        "OversightModule":{
          "OversightHasDMC":"No",
          "IsFDARegulatedDrug":"No",
          "IsFDARegulatedDevice":"No"
        },
        "DescriptionModule":{
          "BriefSummary":"This study is to investigate the acute postprandial effect of a modified versus standard low phosphorus diet on serum phosphate, potassium and intact parathyroid levels in prevalent hemodialysis (HD) patients",
          "DetailedDescription":"Background: Potential dietary strategies for controlling hyperphosphataemia include the use of protein sources with lower phosphorus bioavailability such as pulses and nuts, focus on phosphorus to protein ratios and the avoidance of all phosphate additives.\n\nMethod: Controlled crossover feeding study in 8 HD patients. On one day, participants were directly observed eating a standard low phosphorous diet and on the other day, a modified low phosphorus diet. The modified diet included beef and less dairy, with a lower phosphorus to protein ratio, as well as plant-based protein, whole grains, pulses and nuts containing phytates which reduces phosphorus bioavailability. Both diets were tailored for each participant to provide 1.1g protein/kg ideal body weight. Participants provided fasting bloods before breakfast, a pre-prandial sample before lunch and samples at one hour intervals for the four hours after the meal, for analysis of phosphate, potassium and intact parathyroid hormone (iPTH)."
        },
        "ConditionsModule":{
          "ConditionList":{
            "Condition":[
              "Hemodialysis"
            ]
          },
          "KeywordList":{
            "Keyword":[
              "Dietary phosphorus",
              "Hyperphosphatemia",
              "Hyperkalaemia",
              "Phytate",
              "Hemodialysis"
            ]
          }
        },
        "DesignModule":{
          "StudyType":"Interventional",
          "PhaseList":{
            "Phase":[
              "Not Applicable"
            ]
          },
          "DesignInfo":{
            "DesignAllocation":"Randomized",
            "DesignInterventionModel":"Crossover Assignment",
            "DesignPrimaryPurpose":"Treatment",
            "DesignMaskingInfo":{
              "DesignMasking":"None (Open Label)",
              "DesignMaskingDescription":"Catering staff, who were blinded to the identity of the participants, provided meals in random order. Participants were blinded to the initial meal selection until the day of the study."
            }
          },
          "EnrollmentInfo":{
            "EnrollmentCount":"8",
            "EnrollmentType":"Actual"
          }
        },
        "ArmsInterventionsModule":{
          "ArmGroupList":{
            "ArmGroup":[
              {
                "ArmGroupLabel":"Standard Diet",
                "ArmGroupType":"Active Comparator",
                "ArmGroupDescription":"The standard diet was based on the current dialysis diet sheet. The standard diet main meal contained a higher proportion of foods with a higher phosphorus to protein ratio (salmon and dairy), and foods with higher phosphorus bioavailability (cake). The diet was tailored for each participant to provide 1.1g protein/kg ideal body weight. The major differences between the diets were at the main meal.",
                "ArmGroupInterventionList":{
                  "ArmGroupInterventionName":[
                    "Other: Standard Diet"
                  ]
                }
              },{
                "ArmGroupLabel":"Modified Diet",
                "ArmGroupType":"Experimental",
                "ArmGroupDescription":"The modified diet, representative of the proposed modified phosphorus diet used food of lower phosphorus to protein ratio such as beef and less dairy. Approximately 30% dietary phosphorus in the modified diet came from foods with significant phytate content such as pulses, nuts and whole grains. The modified diet was tailored for each participant to provide 1.1g protein/kg ideal body weight.",
                "ArmGroupInterventionList":{
                  "ArmGroupInterventionName":[
                    "Other: Modified Diet"
                  ]
                }
              }
            ]
          },
          "InterventionList":{
            "Intervention":[
              {
                "InterventionType":"Other",
                "InterventionName":"Standard Diet",
                "InterventionArmGroupLabelList":{
                  "InterventionArmGroupLabel":[
                    "Standard Diet"
                  ]
                },
                "InterventionOtherNameList":{
                  "InterventionOtherName":[
                    "Modified Diet"
                  ]
                }
              },{
                "InterventionType":"Other",
                "InterventionName":"Modified Diet",
                "InterventionArmGroupLabelList":{
                  "InterventionArmGroupLabel":[
                    "Modified Diet"
                  ]
                }
              }
            ]
          }
        },
        "OutcomesModule":{
          "PrimaryOutcomeList":{
            "PrimaryOutcome":[
              {
                "PrimaryOutcomeMeasure":"Serum Phosphate",
                "PrimaryOutcomeDescription":"mmol/l",
                "PrimaryOutcomeTimeFrame":"Post -prandial period (4 hours)"
              }
            ]
          },
          "SecondaryOutcomeList":{
            "SecondaryOutcome":[
              {
                "SecondaryOutcomeMeasure":"Serum Potassium",
                "SecondaryOutcomeDescription":"mmol/l",
                "SecondaryOutcomeTimeFrame":"Post -prandial period (4 hours)"
              }
            ]
          },
          "OtherOutcomeList":{
            "OtherOutcome":[
              {
                "OtherOutcomeMeasure":"Serum intact Prarthyroid Hormone",
                "OtherOutcomeDescription":"ng/L",
                "OtherOutcomeTimeFrame":"Post -prandial period (4 hours)"
              }
            ]
          }
        },
        "EligibilityModule":{
          "EligibilityCriteria":"Inclusion Criteria:\n\n> 18 years of age; on dialysis for > 3 months; pre-dialysis serum phosphate < 2.5 mmol/L and serum potassium < 6.3 mmol/L on most recent routine monthly blood test; urinary outputs of < 200 ml/day by self-report; no history of diabetes mellitus, parathyroidectomy or calciphylaxis; and being in their usual state of health.\n\nExclusion Criteria:\n\n-",
          "HealthyVolunteers":"No",
          "Gender":"All",
          "MinimumAge":"18 Years",
          "MaximumAge":"80 Years",
          "StdAgeList":{
            "StdAge":[
              "Adult",
              "Older Adult"
            ]
          }
        },
        "ContactsLocationsModule":{
          "OverallOfficialList":{
            "OverallOfficial":[
              {
                "OverallOfficialName":"Joseph Eustace, MB",
                "OverallOfficialAffiliation":"University College Cork",
                "OverallOfficialRole":"Principal Investigator"
              }
            ]
          }
        },
        "IPDSharingStatementModule":{
          "IPDSharing":"No",
          "IPDSharingDescription":"We did not get consent for publication of identifiable data, and so as perHrynaszkiewicz et al 2010 anthropometric data, sex, ethnicity and age will not be reported in the raw data. We will report the biochemical data and nutrient intake data which allow the reproduction of the analysis we will present."
        }
      },
      "DerivedSection":{
        "MiscInfoModule":{
          "VersionHolder":"April 19, 2021"
        },
        "ConditionBrowseModule":{
          "ConditionBrowseLeafList":{
            "ConditionBrowseLeaf":[
              {
                "ConditionBrowseLeafId":"M8581",
                "ConditionBrowseLeafName":"Hyperkalemia",
                "ConditionBrowseLeafRelevance":"low"
              },{
                "ConditionBrowseLeafId":"M26370",
                "ConditionBrowseLeafName":"Hyperphosphatemia",
                "ConditionBrowseLeafRelevance":"low"
              }
            ]
          },
          "ConditionBrowseBranchList":{
            "ConditionBrowseBranch":[
              {
                "ConditionBrowseBranchAbbrev":"BC18",
                "ConditionBrowseBranchName":"Nutritional and Metabolic Diseases"
              },{
                "ConditionBrowseBranchAbbrev":"All",
                "ConditionBrowseBranchName":"All Conditions"
              }
            ]
          }
        }
      }
    }
  }
}

