{
  "FullStudy":{
    "Rank":669,
    "Study":{
      "ProtocolSection":{
        "IdentificationModule":{
          "NCTId":"NCT04841252",
          "OrgStudyIdInfo":{
            "OrgStudyId":"12-009399"
          },
          "Organization":{
            "OrgFullName":"Mayo Clinic",
            "OrgClass":"OTHER"
          },
          "BriefTitle":"Classification of Breast Masses Based on Visco-elastic Properties Using SAVE Method",
          "OfficialTitle":"Classification of Breast Masses Based on Visco-elastic Properties Using SAVE Method",
          "Acronym":"SAVE"
        },
        "StatusModule":{
          "StatusVerifiedDate":"April 2021",
          "OverallStatus":"Recruiting",
          "ExpandedAccessInfo":{
            "HasExpandedAccess":"No"
          },
          "StartDateStruct":{
            "StartDate":"December 19, 2012",
            "StartDateType":"Actual"
          },
          "PrimaryCompletionDateStruct":{
            "PrimaryCompletionDate":"December 15, 2022",
            "PrimaryCompletionDateType":"Anticipated"
          },
          "CompletionDateStruct":{
            "CompletionDate":"December 15, 2023",
            "CompletionDateType":"Anticipated"
          },
          "StudyFirstSubmitDate":"April 6, 2021",
          "StudyFirstSubmitQCDate":"April 7, 2021",
          "StudyFirstPostDateStruct":{
            "StudyFirstPostDate":"April 12, 2021",
            "StudyFirstPostDateType":"Actual"
          },
          "LastUpdateSubmitDate":"April 7, 2021",
          "LastUpdatePostDateStruct":{
            "LastUpdatePostDate":"April 12, 2021",
            "LastUpdatePostDateType":"Actual"
          }
        },
        "SponsorCollaboratorsModule":{
          "ResponsibleParty":{
            "ResponsiblePartyType":"Principal Investigator",
            "ResponsiblePartyInvestigatorFullName":"Azra Alizad",
            "ResponsiblePartyInvestigatorTitle":"Principal Investigator",
            "ResponsiblePartyInvestigatorAffiliation":"Mayo Clinic"
          },
          "LeadSponsor":{
            "LeadSponsorName":"Mayo Clinic",
            "LeadSponsorClass":"OTHER"
          }
        },
        "OversightModule":{
          "OversightHasDMC":"No",
          "IsFDARegulatedDrug":"No",
          "IsFDARegulatedDevice":"Yes"
        },
        "DescriptionModule":{
          "BriefSummary":"The purpose of this research is to conduct a clinical study to evaluate the efficacy of a noninvasive and quantitative tool for classification/diagnosis of breast masses. The main objective of this proposal is to test the SAVE (Sub-Hertz Analysis of Visco-Elasticity) method on a patient population of sufficient size to determine the sensitivity and specificity for malignant-benign discrimination of breast masses.",
          "DetailedDescription":"Subject will sit or lie back on an examination bed. The investigators will use an ultrasound scanner to collect sonographic imaging data from the breast. For this purpose the investigators may use a clinical scanner such as Supersonics Aixplorer or similar or a research ultrasound machine such as Verasonics (this machine has been use in other Mayo IRB approved protocols such as IRB 11-001953). The ultrasound probe will be placed on the breast to visualize the mass. The probe will be pressed with a constant force for a period of 10-40 seconds. During this time ultrasound data will be recorded by the ultrasound scanner.\n\nTo keep the probe pressed on the breast with a constant force, the user may hold the probe by hand and press it steadily against the breast at constant force. This force is only a few Newtons (approximately half a Kg weight) which should be quite tolerable for a typical patient. Alternatively, the investigators may use an automated \"actuator\" to hold the probe steady and press it against the breast at a constant force to the same level. The reason for pressing the breast is to determine how the breast tissue gradually deforms; therefore this method to some extent simulates breast palpation.\n\nThe time needed to scan a subject for this study is short (a few minutes to set up, and about 10-40 seconds to scan). It will take approximately 20 minutes to complete the study. The scan can be done at the time of clinical breast sonography. The subject may be asked to hold her breath during the scan time if possible.\n\nThe investigators call this method \"Sub-Hertz Analysis of Visco-Elasticity (SAVE)\".\n\nTo facilitate subject access and shorten patient participation time, the investigator may station our system in the Breast Imaging area where routine clinical imaging procedures are performed.\n\nThe investigators may also use the FDA approved GE LOGIQ E9 (LE9) ultrasound system to quantify and image the stiffness of the breast lesion and compare the results to those obtained by the investigational device.\n\nThe investigators may also use the Alpinion clinical ultrasound machine, both FDA approved clinical format ECUBE 12 and non FDA approved ECUBE 12R format to acquire ultrasound images."
        },
        "ConditionsModule":{
          "ConditionList":{
            "Condition":[
              "Breast Cancer"
            ]
          }
        },
        "DesignModule":{
          "StudyType":"Observational",
          "PatientRegistry":"No",
          "DesignInfo":{
            "DesignObservationalModelList":{
              "DesignObservationalModel":[
                "Case-Only"
              ]
            },
            "DesignTimePerspectiveList":{
              "DesignTimePerspective":[
                "Cross-Sectional"
              ]
            }
          },
          "EnrollmentInfo":{
            "EnrollmentCount":"400",
            "EnrollmentType":"Anticipated"
          }
        },
        "ArmsInterventionsModule":{
          "InterventionList":{
            "Intervention":[
              {
                "InterventionType":"Device",
                "InterventionName":"FDA approved GE LOGIQ E9 (LE9) ultrasound",
                "InterventionDescription":"Ultrasound"
              },{
                "InterventionType":"Device",
                "InterventionName":"Alpinion clinical ultrasound machine",
                "InterventionDescription":"Ultrasound"
              }
            ]
          }
        },
        "OutcomesModule":{
          "PrimaryOutcomeList":{
            "PrimaryOutcome":[
              {
                "PrimaryOutcomeMeasure":"Determine the efficacy of the SAVE method by correlating its results with pathology in a pathology in a population of patients with suspicious breast masses.",
                "PrimaryOutcomeDescription":"Assessed using a two-phase design. The first phase will be the development aspects to determine a candidate threshold for T1 that produces Optimal diagnostic accuracy as quantified by the largest diagnostic odds ratio.\n\nThe second phase of the study will be to apply this candidate threshold to the validation sample enrolled as a part of the specific aim to ensure diagnostic utility. For both phases of the analysis, overall diagnostic accuracy will be quantified by the area under the receiver operating characteristics (ROC) curve.",
                "PrimaryOutcomeTimeFrame":"Before biopsy or at least 2 weeks post biopsy"
              },{
                "PrimaryOutcomeMeasure":"Determine the efficacy of SAVE method in classifying non-specific masses in a group of breast patients on the follow-up list.",
                "PrimaryOutcomeDescription":"The threshold determined in Aim 1 will be applied to the patients in this sample to calculate the diagnostic performance",
                "PrimaryOutcomeTimeFrame":"Before biopsy or at least 2 weeks post biopsy"
              }
            ]
          }
        },
        "EligibilityModule":{
          "EligibilityCriteria":"Inclusion Criteria:\n\nFemales in age range between 18 and up who have a breast lesion that may or may not be suspicious for breast cancer, and are referred for Radiological investigation.\n\nExclusion Criteria:\n\nNo history of mastectomy or implants, or having any condition that does not allow proper use of our imaging devices.\nOnly include patients with masses detectable under ultrasound.",
          "Gender":"Female",
          "GenderBased":"Yes",
          "GenderDescription":"Females in age range between 18 and up who have a breast lesion that may or may not be suspicious for breast cancer, and are referred for Radiological investigation.",
          "MinimumAge":"18 Years",
          "StdAgeList":{
            "StdAge":[
              "Adult",
              "Older Adult"
            ]
          },
          "StudyPopulation":"Females in age range between 18 and up who have a breast lesion that may or may not be suspicious for breast cancer",
          "SamplingMethod":"Probability Sample"
        },
        "ContactsLocationsModule":{
          "LocationList":{
            "Location":[
              {
                "LocationFacility":"Mayo Clinic",
                "LocationStatus":"Recruiting",
                "LocationCity":"Rochester",
                "LocationState":"Minnesota",
                "LocationZip":"55905",
                "LocationCountry":"United States",
                "LocationContactList":{
                  "LocationContact":[
                    {
                      "LocationContactName":"Clinical Trials Referral Office",
                      "LocationContactRole":"Contact",
                      "LocationContactPhone":"855-776-0015",
                      "LocationContactEMail":"mayocliniccancerstudies@mayo.edu"
                    },{
                      "LocationContactName":"Azra Alizad, M.D.",
                      "LocationContactRole":"Principal Investigator"
                    }
                  ]
                }
              }
            ]
          }
        },
        "IPDSharingStatementModule":{
          "IPDSharing":"No"
        }
      },
      "DerivedSection":{
        "MiscInfoModule":{
          "VersionHolder":"April 19, 2021"
        },
        "ConditionBrowseModule":{
          "ConditionBrowseLeafList":{
            "ConditionBrowseLeaf":[
              {
                "ConditionBrowseLeafId":"M3802",
                "ConditionBrowseLeafName":"Breast Neoplasms",
                "ConditionBrowseLeafRelevance":"low"
              }
            ]
          },
          "ConditionBrowseBranchList":{
            "ConditionBrowseBranch":[
              {
                "ConditionBrowseBranchAbbrev":"BC04",
                "ConditionBrowseBranchName":"Cancers and Other Neoplasms"
              },{
                "ConditionBrowseBranchAbbrev":"BC17",
                "ConditionBrowseBranchName":"Skin and Connective Tissue Diseases"
              },{
                "ConditionBrowseBranchAbbrev":"All",
                "ConditionBrowseBranchName":"All Conditions"
              }
            ]
          }
        }
      }
    }
  }
}

