{
  "FullStudy":{
    "Rank":756,
    "Study":{
      "ProtocolSection":{
        "IdentificationModule":{
          "NCTId":"NCT04840121",
          "OrgStudyIdInfo":{
            "OrgStudyId":"IIS - 1006"
          },
          "Organization":{
            "OrgFullName":"Clinique Ovo",
            "OrgClass":"INDUSTRY"
          },
          "BriefTitle":"Personalizing Window of Implantation During Frozen Embryo Transfer",
          "OfficialTitle":"ADHESIORT - Personalizing Window of Implantation During Frozen Embryo Transfer",
          "Acronym":"AdhesioRT"
        },
        "StatusModule":{
          "StatusVerifiedDate":"April 2021",
          "OverallStatus":"Recruiting",
          "ExpandedAccessInfo":{
            "HasExpandedAccess":"No"
          },
          "StartDateStruct":{
            "StartDate":"March 24, 2021",
            "StartDateType":"Actual"
          },
          "PrimaryCompletionDateStruct":{
            "PrimaryCompletionDate":"December 31, 2023",
            "PrimaryCompletionDateType":"Anticipated"
          },
          "CompletionDateStruct":{
            "CompletionDate":"December 31, 2024",
            "CompletionDateType":"Anticipated"
          },
          "StudyFirstSubmitDate":"April 6, 2021",
          "StudyFirstSubmitQCDate":"April 8, 2021",
          "StudyFirstPostDateStruct":{
            "StudyFirstPostDate":"April 9, 2021",
            "StudyFirstPostDateType":"Actual"
          },
          "LastUpdateSubmitDate":"April 8, 2021",
          "LastUpdatePostDateStruct":{
            "LastUpdatePostDate":"April 9, 2021",
            "LastUpdatePostDateType":"Actual"
          }
        },
        "SponsorCollaboratorsModule":{
          "ResponsibleParty":{
            "ResponsiblePartyType":"Sponsor"
          },
          "LeadSponsor":{
            "LeadSponsorName":"Clinique Ovo",
            "LeadSponsorClass":"INDUSTRY"
          },
          "CollaboratorList":{
            "Collaborator":[
              {
                "CollaboratorName":"Ferring Pharmaceuticals",
                "CollaboratorClass":"INDUSTRY"
              }
            ]
          }
        },
        "OversightModule":{
          "OversightHasDMC":"No",
          "IsFDARegulatedDrug":"No",
          "IsFDARegulatedDevice":"No"
        },
        "DescriptionModule":{
          "BriefSummary":"Embryo implantation is a crucial event in the establishment of a pregnancy. Although the clinical and culture conditions to obtain a \"good quality\" embryo are well advanced today, endometrial receptivity remains a major barrier in assisted reproductive techniques. Once a high-quality embryo is transferred, impaired uterine receptivity is believed to be one of the major reasons behind failure of the establishment of pregnancy."
        },
        "ConditionsModule":{
          "ConditionList":{
            "Condition":[
              "Fertility"
            ]
          }
        },
        "DesignModule":{
          "StudyType":"Interventional",
          "PhaseList":{
            "Phase":[
              "Not Applicable"
            ]
          },
          "DesignInfo":{
            "DesignAllocation":"Randomized",
            "DesignInterventionModel":"Parallel Assignment",
            "DesignInterventionModelDescription":"Participants will be randomized in either the study group - AdhesioRT or in the control group - standard of care. All participants recruited, including the control group, will have the AdhesioRT biopsies performed.",
            "DesignPrimaryPurpose":"Diagnostic",
            "DesignMaskingInfo":{
              "DesignMasking":"None (Open Label)"
            }
          },
          "EnrollmentInfo":{
            "EnrollmentCount":"120",
            "EnrollmentType":"Anticipated"
          }
        },
        "ArmsInterventionsModule":{
          "ArmGroupList":{
            "ArmGroup":[
              {
                "ArmGroupLabel":"Study Group - AdhesioRT",
                "ArmGroupType":"Active Comparator",
                "ArmGroupDescription":"Prior to frozen embryo transfer, participants will proceed with the AdhesioRT test. Participants randomized in the study group will proceed with frozen embryo transfer cycle according window of implantation determined by AdhesioRT.",
                "ArmGroupInterventionList":{
                  "ArmGroupInterventionName":[
                    "Diagnostic Test: AdhesioRT"
                  ]
                }
              },{
                "ArmGroupLabel":"Control Group - Standard of Care",
                "ArmGroupType":"Active Comparator",
                "ArmGroupDescription":"Prior to frozen embryo transfer, participants will proceed with the AdhesioRT test. Participants randomized in the control group will proceed with the first frozen embryo transfer cycle as per standard of care. In the event of unsuccessful implantation (negative serum pregnancy test), participants will proceed with subsequent frozen embryo transfer cycle according to window of implantation determined by AdhesioRT.",
                "ArmGroupInterventionList":{
                  "ArmGroupInterventionName":[
                    "Diagnostic Test: AdhesioRT"
                  ]
                }
              }
            ]
          },
          "InterventionList":{
            "Intervention":[
              {
                "InterventionType":"Diagnostic Test",
                "InterventionName":"AdhesioRT",
                "InterventionDescription":"AdhesioRT, a novel diagnostic genetic assay, developed by ovo R&D scientists, helps to predict the endometrial receptivity and embryo implantation.",
                "InterventionArmGroupLabelList":{
                  "InterventionArmGroupLabel":[
                    "Control Group - Standard of Care",
                    "Study Group - AdhesioRT"
                  ]
                }
              }
            ]
          }
        },
        "OutcomesModule":{
          "PrimaryOutcomeList":{
            "PrimaryOutcome":[
              {
                "PrimaryOutcomeMeasure":"Determination of appropriate window of implantation",
                "PrimaryOutcomeDescription":"Comparison between standard frozen embryo transfer and personalized frozen embryo transfer using AdhesioRT to determine a successful window of implantation",
                "PrimaryOutcomeTimeFrame":"14 days after embryo transfer"
              }
            ]
          },
          "SecondaryOutcomeList":{
            "SecondaryOutcome":[
              {
                "SecondaryOutcomeMeasure":"Rate of clinical pregnancy",
                "SecondaryOutcomeDescription":"Blood test to determine if the embryo transfer was successful or not",
                "SecondaryOutcomeTimeFrame":"14 days after embryo transfer"
              }
            ]
          }
        },
        "EligibilityModule":{
          "EligibilityCriteria":"Inclusion Criteria:\n\nWomen between the ages of 18 to 40 inclusive at the time of oocyte retrieval\nPrescription of a single frozen embryo transfer - substituted cycle protocol\nParticipant has at least 2 vitrified good quality blastocysts\n\nExclusion Criteria:\n\nWomen undergoing fertility preservation\nStage IV severe endometriosis\nSevere malformation, adenomyosis or uterine anomaly including fibroids deforming the uterine cavity ≥ 5 cm\nPositive results of screening for either participant or partner for HIV antibodies, Hepatitis B (other than surface antibodies present after vaccination) or Hepatitis C",
          "HealthyVolunteers":"No",
          "Gender":"Female",
          "MinimumAge":"18 Years",
          "MaximumAge":"40 Years",
          "StdAgeList":{
            "StdAge":[
              "Adult"
            ]
          }
        },
        "ContactsLocationsModule":{
          "CentralContactList":{
            "CentralContact":[
              {
                "CentralContactName":"Sophie Leblanc, RN",
                "CentralContactRole":"Contact",
                "CentralContactPhone":"5147982000",
                "CentralContactPhoneExt":"617",
                "CentralContactEMail":"s.leblanc@cliniqueovo.com"
              }
            ]
          },
          "OverallOfficialList":{
            "OverallOfficial":[
              {
                "OverallOfficialName":"Isaac-Jacques Kadoch, MD",
                "OverallOfficialAffiliation":"Clinique Ovo",
                "OverallOfficialRole":"Principal Investigator"
              }
            ]
          },
          "LocationList":{
            "Location":[
              {
                "LocationFacility":"Clinique Ovo",
                "LocationStatus":"Recruiting",
                "LocationCity":"Montreal",
                "LocationState":"Quebec",
                "LocationZip":"H4P 2S4",
                "LocationCountry":"Canada",
                "LocationContactList":{
                  "LocationContact":[
                    {
                      "LocationContactName":"Nelly Delouya, RN",
                      "LocationContactRole":"Contact",
                      "LocationContactPhone":"5147982000",
                      "LocationContactEMail":"n.delouya@cliniqueovo.com"
                    },{
                      "LocationContactName":"Isaac-Jacques Kadoch, MD",
                      "LocationContactRole":"Principal Investigator"
                    }
                  ]
                }
              }
            ]
          }
        },
        "IPDSharingStatementModule":{
          "IPDSharing":"No"
        }
      },
      "DerivedSection":{
        "MiscInfoModule":{
          "VersionHolder":"April 19, 2021"
        }
      }
    }
  }
}

