{
  "FullStudy":{
    "Rank":260,
    "Study":{
      "ProtocolSection":{
        "IdentificationModule":{
          "NCTId":"NCT04846569",
          "OrgStudyIdInfo":{
            "OrgStudyId":"1707001841"
          },
          "SecondaryIdInfoList":{
            "SecondaryIdInfo":[
              {
                "SecondaryId":"K01MH112443",
                "SecondaryIdType":"U.S. NIH Grant/Contract",
                "SecondaryIdLink":"https://projectreporter.nih.gov/reporterapi.cfm?PROJECTNUM=K01MH112443&Fy=all"
              }
            ]
          },
          "Organization":{
            "OrgFullName":"Brown University",
            "OrgClass":"OTHER"
          },
          "BriefTitle":"Adherence to HIV Treatment Postpartum: The Implications of Transitions Among Women Living With HIV in South Africa",
          "OfficialTitle":"Adherence to HIV Treatment Postpartum: The Implications of Transitions Among Women Living With HIV in South Africa"
        },
        "StatusModule":{
          "StatusVerifiedDate":"April 2021",
          "OverallStatus":"Not yet recruiting",
          "ExpandedAccessInfo":{
            "HasExpandedAccess":"No"
          },
          "StartDateStruct":{
            "StartDate":"April 7, 2021",
            "StartDateType":"Anticipated"
          },
          "PrimaryCompletionDateStruct":{
            "PrimaryCompletionDate":"April 1, 2022",
            "PrimaryCompletionDateType":"Anticipated"
          },
          "CompletionDateStruct":{
            "CompletionDate":"July 31, 2022",
            "CompletionDateType":"Anticipated"
          },
          "StudyFirstSubmitDate":"April 8, 2021",
          "StudyFirstSubmitQCDate":"April 13, 2021",
          "StudyFirstPostDateStruct":{
            "StudyFirstPostDate":"April 15, 2021",
            "StudyFirstPostDateType":"Actual"
          },
          "LastUpdateSubmitDate":"April 13, 2021",
          "LastUpdatePostDateStruct":{
            "LastUpdatePostDate":"April 15, 2021",
            "LastUpdatePostDateType":"Actual"
          }
        },
        "SponsorCollaboratorsModule":{
          "ResponsibleParty":{
            "ResponsiblePartyType":"Sponsor"
          },
          "LeadSponsor":{
            "LeadSponsorName":"Brown University",
            "LeadSponsorClass":"OTHER"
          },
          "CollaboratorList":{
            "Collaborator":[
              {
                "CollaboratorName":"University of Cape Town",
                "CollaboratorClass":"OTHER"
              },{
                "CollaboratorName":"National Institute of Mental Health (NIMH)",
                "CollaboratorClass":"NIH"
              }
            ]
          }
        },
        "OversightModule":{
          "OversightHasDMC":"No",
          "IsFDARegulatedDrug":"No",
          "IsFDARegulatedDevice":"No"
        },
        "DescriptionModule":{
          "BriefSummary":"Despite high levels of adherence motivation during pregnancy, HIV treatment adherence and engagement in care is difficult for women in the postpartum period. Supporting women during the transition from pregnancy to postpartum is imperative to sustaining HIV treatment adherence during this period. The investigators are conducting a small scale pilot study of a behavioral Transition Theory-based intervention to support ART adherence and engagement in ART services among pregnant and postpartum women living with HIV.",
          "DetailedDescription":"Prevention of mother-to-child transmission (PMTCT) efforts have reduced the rates of vertical transmission to 2.7%, however, optimal antiretroviral therapy (ART) adherence remains a difficult goal to reach, particularly postpartum. Longitudinal qualitative research reveals a variety of facilitators and barriers to the transition from pregnancy to postpartum including employment/financial concerns, logistical concerns around childcare and breastfeeding, worries about vertical transmission and difficulties bonding. This intervention draws on the growing cadre of community health workers within the South African health care system and Transition Theory to develop a behavioral intervention to support women living with HIV through the transition from pregnancy to postpartum. The investigators are conducting a small scale pilot study to compare the impact of a Transition Theory-based intervention to enhanced standard of care on self-reported ART adherence and engagement in ART services among pregnant and postpartum women living with HIV."
        },
        "ConditionsModule":{
          "ConditionList":{
            "Condition":[
              "HIV",
              "Pregnancy Related"
            ]
          },
          "KeywordList":{
            "Keyword":[
              "HIV",
              "Pregnancy",
              "Postpartum",
              "South Africa"
            ]
          }
        },
        "DesignModule":{
          "StudyType":"Interventional",
          "PhaseList":{
            "Phase":[
              "Not Applicable"
            ]
          },
          "DesignInfo":{
            "DesignAllocation":"Randomized",
            "DesignInterventionModel":"Parallel Assignment",
            "DesignPrimaryPurpose":"Treatment",
            "DesignMaskingInfo":{
              "DesignMasking":"Single",
              "DesignWhoMaskedList":{
                "DesignWhoMasked":[
                  "Outcomes Assessor"
                ]
              }
            }
          },
          "EnrollmentInfo":{
            "EnrollmentCount":"60",
            "EnrollmentType":"Anticipated"
          }
        },
        "ArmsInterventionsModule":{
          "ArmGroupList":{
            "ArmGroup":[
              {
                "ArmGroupLabel":"Transition Theory-based Intervention",
                "ArmGroupType":"Experimental",
                "ArmGroupDescription":"Participants in the intervention arm will receive the Transition Theory-based intervention consisting of 4 sessions with a community health worker (2 during pregnancy, 2 postpartum) to support their transition from pregnancy to postpartum.",
                "ArmGroupInterventionList":{
                  "ArmGroupInterventionName":[
                    "Behavioral: Transition Theory-based Intervention"
                  ]
                }
              },{
                "ArmGroupLabel":"Enhanced Standard of Care Control",
                "ArmGroupType":"Active Comparator",
                "ArmGroupDescription":"Participants in the control arm will receive the standard of care plus one session with a community health worker.",
                "ArmGroupInterventionList":{
                  "ArmGroupInterventionName":[
                    "Behavioral: Enhanced Standard of Care Control"
                  ]
                }
              }
            ]
          },
          "InterventionList":{
            "Intervention":[
              {
                "InterventionType":"Behavioral",
                "InterventionName":"Transition Theory-based Intervention",
                "InterventionDescription":"The behavioral intervention is a theoretically driven curriculum focused on supporting mothers from pregnancy through postpartum in order to promote sustained HIV treatment adherence. Sessions utilize motivational interviewing and consist of a range of topics including motherhood, preparing for baby, disclosure, HIV education, adherence, birth experiences, support systems, and living positively.",
                "InterventionArmGroupLabelList":{
                  "InterventionArmGroupLabel":[
                    "Transition Theory-based Intervention"
                  ]
                }
              },{
                "InterventionType":"Behavioral",
                "InterventionName":"Enhanced Standard of Care Control",
                "InterventionDescription":"In addition to standard of care, participants receive the first session of the Transition Theory-based Intervention curriculum which focuses on motherhood and preparation for baby but does not discuss the transition from pregnancy to postpartum or the postpartum period.",
                "InterventionArmGroupLabelList":{
                  "InterventionArmGroupLabel":[
                    "Enhanced Standard of Care Control"
                  ]
                }
              }
            ]
          }
        },
        "OutcomesModule":{
          "PrimaryOutcomeList":{
            "PrimaryOutcome":[
              {
                "PrimaryOutcomeMeasure":"Feasibility of the intervention",
                "PrimaryOutcomeDescription":"Feasibility will be assessed through the number of counseling sessions completed.",
                "PrimaryOutcomeTimeFrame":"3 months postpartum"
              },{
                "PrimaryOutcomeMeasure":"Preliminary efficacy - VAS",
                "PrimaryOutcomeDescription":"Preliminary efficacy will be assessed as the association between study arm and self-reported HIV adherence on the Visual-Analog Scale (self-report, 1 item scale from 0-100, 100 indicating perfect adherence in the past month) at 6 months postpartum.",
                "PrimaryOutcomeTimeFrame":"6 months postpartum"
              },{
                "PrimaryOutcomeMeasure":"Preliminary efficacy- Retention in HIV services",
                "PrimaryOutcomeDescription":"Preliminary efficacy will be assessed as the association between study arm and retention in HIV services at 6 months postpartum. Retention in HIV services is measured by clinic records. Retention at 6 months postpartum is measured as attended HIV clinic appointment in the past 3 months.",
                "PrimaryOutcomeTimeFrame":"6 months postpartum"
              },{
                "PrimaryOutcomeMeasure":"Preliminary efficacy-viral suppression",
                "PrimaryOutcomeDescription":"Preliminary efficacy will be assessed as the association between study arm and viral suppression at 6 months postpartum. Viral suppression will be measured by clinic records, with viral suppression defined as HIV viral load less than 200 copies/mL.",
                "PrimaryOutcomeTimeFrame":"6 months postpartum"
              }
            ]
          },
          "SecondaryOutcomeList":{
            "SecondaryOutcome":[
              {
                "SecondaryOutcomeMeasure":"Adherence self-efficacy",
                "SecondaryOutcomeDescription":"Adherence self-efficacy will be measured using the AACTG adherence self-efficacy scale, 15 items, using 5 point Likert scale ranging from not confident at all to very confident. Total scores range from 15-75, with higher scores indicating higher self-efficacy.",
                "SecondaryOutcomeTimeFrame":"6 months postpartum"
              },{
                "SecondaryOutcomeMeasure":"Acceptability",
                "SecondaryOutcomeDescription":"Acceptability of the Transition Theory-based intervention, assessed during in-depth interviews among participants in the intervention condition to gauge general feelings of acceptability and perceived usefulness of the intervention.",
                "SecondaryOutcomeTimeFrame":"6 months postpartum"
              }
            ]
          }
        },
        "EligibilityModule":{
          "EligibilityCriteria":"Inclusion Criteria:\n\n18 years of age or older\nHIV positive status (based on clinic records)\nConfirmed pregnant (based on clinic records) and estimated to be 23-34 weeks gestation (clinic records or self-report)\nCurrently prescribed ART\nPlanning on remaining a resident of Cape Town for at least 6 months postpartum\nAbility to speak isiXhosa or English\nAble to provide informed consent\n\nExclusion Criteria:\n\nFailure to meet any of the inclusion criteria\nSignificant pre-existing psychiatric comorbidity at enrolment that may impact ability to consent according to the judgement of study personnel (including cognitive impairment or known psychotic disorder) Note: mothers will not be withdrawn from the study following foetal complications or death",
          "HealthyVolunteers":"Accepts Healthy Volunteers",
          "Gender":"Female",
          "GenderBased":"Yes",
          "GenderDescription":"We will enroll only pregnant women.",
          "MinimumAge":"18 Years",
          "StdAgeList":{
            "StdAge":[
              "Adult",
              "Older Adult"
            ]
          }
        },
        "ContactsLocationsModule":{
          "CentralContactList":{
            "CentralContact":[
              {
                "CentralContactName":"Jennifer A Pellowski, PhD",
                "CentralContactRole":"Contact",
                "CentralContactPhone":"8609082406",
                "CentralContactEMail":"jennifer_pellowski@brown.edu"
              },{
                "CentralContactName":"Landon Myer, PhD",
                "CentralContactRole":"Contact",
                "CentralContactPhone":"+27 (0)21 406 6661",
                "CentralContactEMail":"landon.myer@uct.ac.za"
              }
            ]
          },
          "OverallOfficialList":{
            "OverallOfficial":[
              {
                "OverallOfficialName":"Jennifer A Pellowski, PhD",
                "OverallOfficialAffiliation":"Brown University",
                "OverallOfficialRole":"Principal Investigator"
              }
            ]
          }
        },
        "IPDSharingStatementModule":{
          "IPDSharing":"Yes",
          "IPDSharingDescription":"De-identified datasets will be made available by request, subject to agreement to Access Criteria, see below",
          "IPDSharingInfoTypeList":{
            "IPDSharingInfoType":[
              "Study Protocol",
              "Informed Consent Form (ICF)"
            ]
          },
          "IPDSharingTimeFrame":"After primary data has been published (anticipated September 2022), by request",
          "IPDSharingAccessCriteria":"(1) a commitment to use the data only for research purposes and not to identify any individual participant; (2) a commitment to secure the data using appropriate computer technology and established security measures; (3) a plan for the dissemination of results; (4) appropriate authorship and recognition of all partners; and (5) a commitment to destroy or return the data after analyses are completed."
        }
      },
      "DerivedSection":{
        "MiscInfoModule":{
          "VersionHolder":"April 19, 2021"
        },
        "ConditionBrowseModule":{
          "ConditionBrowseLeafList":{
            "ConditionBrowseLeaf":[
              {
                "ConditionBrowseLeafId":"M16833",
                "ConditionBrowseLeafName":"HIV Infections",
                "ConditionBrowseLeafRelevance":"low"
              },{
                "ConditionBrowseLeafId":"M2103",
                "ConditionBrowseLeafName":"Acquired Immunodeficiency Syndrome",
                "ConditionBrowseLeafRelevance":"low"
              }
            ]
          },
          "ConditionBrowseBranchList":{
            "ConditionBrowseBranch":[
              {
                "ConditionBrowseBranchAbbrev":"BC02",
                "ConditionBrowseBranchName":"Viral Diseases"
              },{
                "ConditionBrowseBranchAbbrev":"BC20",
                "ConditionBrowseBranchName":"Immune System Diseases"
              },{
                "ConditionBrowseBranchAbbrev":"All",
                "ConditionBrowseBranchName":"All Conditions"
              }
            ]
          }
        }
      }
    }
  }
}

