{
  "FullStudy":{
    "Rank":718,
    "Study":{
      "ProtocolSection":{
        "IdentificationModule":{
          "NCTId":"NCT04840615",
          "OrgStudyIdInfo":{
            "OrgStudyId":"10000059"
          },
          "SecondaryIdInfoList":{
            "SecondaryIdInfo":[
              {
                "SecondaryId":"000059-C"
              }
            ]
          },
          "Organization":{
            "OrgFullName":"National Institutes of Health Clinical Center (CC)",
            "OrgClass":"NIH"
          },
          "BriefTitle":"Phase I Study of Intratumor Injection of Anti-Mesothelin Immunotoxin LMB-100 With Ipilimumab in Malignant Mesothelioma",
          "OfficialTitle":"Phase I Study of Intratumor Injection of Anti-Mesothelin Immunotoxin LMB-100 With Ipilimumab in Malignant Mesothelioma"
        },
        "StatusModule":{
          "StatusVerifiedDate":"April 8, 2021",
          "OverallStatus":"Recruiting",
          "ExpandedAccessInfo":{
            "HasExpandedAccess":"No"
          },
          "StartDateStruct":{
            "StartDate":"April 22, 2021",
            "StartDateType":"Anticipated"
          },
          "PrimaryCompletionDateStruct":{
            "PrimaryCompletionDate":"January 31, 2023",
            "PrimaryCompletionDateType":"Anticipated"
          },
          "CompletionDateStruct":{
            "CompletionDate":"November 30, 2025",
            "CompletionDateType":"Anticipated"
          },
          "StudyFirstSubmitDate":"April 9, 2021",
          "StudyFirstSubmitQCDate":"April 9, 2021",
          "StudyFirstPostDateStruct":{
            "StudyFirstPostDate":"April 12, 2021",
            "StudyFirstPostDateType":"Actual"
          },
          "LastUpdateSubmitDate":"April 16, 2021",
          "LastUpdatePostDateStruct":{
            "LastUpdatePostDate":"April 19, 2021",
            "LastUpdatePostDateType":"Estimate"
          }
        },
        "SponsorCollaboratorsModule":{
          "ResponsibleParty":{
            "ResponsiblePartyType":"Sponsor"
          },
          "LeadSponsor":{
            "LeadSponsorName":"National Cancer Institute (NCI)",
            "LeadSponsorClass":"NIH"
          }
        },
        "OversightModule":{
          "IsFDARegulatedDrug":"Yes",
          "IsFDARegulatedDevice":"No"
        },
        "DescriptionModule":{
          "BriefSummary":"Background:\n\nLMB-100, and a closely related immunotoxin, SS1P, also targeting mesothelin, given intravenously, have been studied in Phase 1 clinical studies for mesothelioma and pancreatic cancer.\n\nLMB-100 given intravenously, results in systemic inflammation in patients, but as a single agent has limited anti-tumor efficacy.\n\nAlmost all patients develop neutralizing anti-LMB-100 antibodies after 2 cycles of therapy.\n\nIntra-tumoral delivery of LMB-100 has been shown to induce immune cell infiltration in immune-competent mice, bearing murine malignant mesothelioma tumors. Combination with CTLA-4 blockage eradicates murine tumors by promoting anti-cancer immunity.\n\nIpilimumab is a fully human anti CTLA-4 monoclonal antibody, that is approved for treatment of melanoma and in combination with nivolumab for many solid tumors.\n\nIt is hypothesized that intra-tumoral delivery of anti-mesothelin immunotoxin LMB-100 in combination with ipilimumab will result in greater anti-tumor efficacy in patients with mesothelioma.\n\nObjective:\n\nTo determine the safety and feasibility of intra-tumoral LMB-100 injection plus ipilimumab infusion in patients with mesothelioma\n\nTo identify the recommended phase 2 dose (RP2D) of intratumorally administered LMB-100 + ipilimumab in patients with malignant mesothelioma\n\nEligibility:\n\nHistologically confirmed pleural or peritoneal mesothelioma not amenable to potentially curative surgical resection.\n\nHave locally accessible disease suitable for intra-tumor injection of LMB-100. This includes superficial or visceral lesions.\n\nSubjects must have received prior immune checkpoint therapy with anti-PD-1/PD-L1 inhibitors alone or in combination with anti-CTLA4 blocking antibodies, as well as platinum-based chemotherapy.\n\nAge >= 18 years.\n\nECOG performance status of 0 or 1.\n\nAdequate organ and bone marrow function\n\nSubjects with clinically significant pericardial effusion are excluded\n\nChemotherapy within 3 weeks or radiotherapy within 2 weeks prior to start of study therapy is prohibited.\n\nSubjects with active CNS metastasis are excluded\n\nSubjects with active autoimmune disease for which they have received systemic immunosuppressive medications during the previous 2 years (excluding daily glucocorticoid-replacement therapy for conditions such as adrenal or pituitary insufficiency) are excluded\n\nSubjects with active interstitial lung disease, or a history of pneumonitis or interstitial lung disease for which they had received glucocorticoids are excluded\n\nDesign:\n\nThis is an open-label, single center phase I dose escalation study of intratumorally administered LMB-concurrently with ipilimumab in subjects with malignant mesothelioma.\n\nSubjects will receive intratumorally administered LMB-100, beginning at dose level 1, in 21-day cycles. LMB-100 will be given on days 1 and 4 and ipilimumab 3 mg/kg given on day 2. Patients will receive 2 cycles of LMB-100 plus ipilimumab, followed by 2 cycles of ipilimumab alone\n\nTumor biopsies will be performed prior to each administration of LMB-100, to evaluate changes in the tumor immune microenvironment\n\nUp to 12 evaluable subjects will be enrolled....",
          "DetailedDescription":"Background:\n\nLMB-100, and a closely related immunotoxin, SS1P, also targeting mesothelin, given intravenously, have been studied in Phase 1 clinical studies for mesothelioma and pancreatic cancer.\n\nLMB-100 given intravenously, results in systemic inflammation in patients, but as a single agent has limited anti-tumor efficacy.\n\nAlmost all patients develop neutralizing anti-LMB-100 antibodies after 2 cycles of therapy.\n\nIntra-tumoral delivery of LMB-100 has been shown to induce immune cell infiltration in immune-competent mice, bearing murine malignant mesothelioma tumors. Combination with CTLA-4 blockage eradicates murine tumors by promoting anti-cancer immunity.\n\nIpilimumab is a fully human anti CTLA-4 monoclonal antibody, that is approved for treatment of melanoma and in combination with nivolumab for many solid tumors.\n\nIt is hypothesized that intra-tumoral delivery of anti-mesothelin immunotoxin LMB-100 in combination with ipilimumab will result in greater anti-tumor efficacy in patients with mesothelioma.\n\nObjective:\n\nTo determine the safety and feasibility of intra-tumoral LMB-100 injection plus ipilimumab infusion in patients with mesothelioma\n\nTo identify the recommended phase 2 dose (RP2D) of intratumorally administered LMB-100 + ipilimumab in patients with malignant mesothelioma\n\nEligibility:\n\nHistologically confirmed pleural or peritoneal mesothelioma not amenable to potentially curative surgical resection.\n\nHave locally accessible disease suitable for intra-tumor injection of LMB-100. This includes superficial or visceral lesions.\n\nSubjects must have received prior immune checkpoint therapy with anti-PD-1/PD-L1 inhibitors alone or in combination with anti-CTLA4 blocking antibodies, as well as platinum-based chemotherapy.\n\nAge >= 18 years.\n\nECOG performance status of 0 or 1.\n\nAdequate organ and bone marrow function\n\nSubjects with clinically significant pericardial effusion are excluded\n\nChemotherapy within 3 weeks or radiotherapy within 2 weeks prior to start of study therapy is prohibited.\n\nSubjects with active CNS metastasis are excluded\n\nSubjects with active autoimmune disease for which they have received systemic immunosuppressive medications during the previous 2 years (excluding daily glucocorticoid-replacement therapy for conditions such as adrenal or pituitary insufficiency) are excluded\n\nSubjects with active interstitial lung disease, or a history of pneumonitis or interstitial lung disease for which they had received glucocorticoids are excluded\n\nDesign:\n\nThis is an open-label, single center phase I dose escalation study of intratumorally administered LMB-concurrently with ipilimumab in subjects with malignant mesothelioma.\n\nSubjects will receive intratumorally administered LMB-100, beginning at dose level 1, in 21-day cycles. LMB-100 will be given on days 1 and 4 and ipilimumab 3 mg/kg given on day 2. Patients will receive 2 cycles of LMB-100 plus ipilimumab, followed by 2 cycles of ipilimumab alone\n\nTumor biopsies will be performed prior to each administration of LMB-100, to evaluate changes in the tumor immune microenvironment\n\nUp to 12 evaluable subjects will be enrolled."
        },
        "ConditionsModule":{
          "ConditionList":{
            "Condition":[
              "Mesothelioma"
            ]
          },
          "KeywordList":{
            "Keyword":[
              "Immunotherapy",
              "Checkpoint Inhibitor",
              "anti CTLA-4"
            ]
          }
        },
        "DesignModule":{
          "StudyType":"Interventional",
          "PhaseList":{
            "Phase":[
              "Phase 1"
            ]
          },
          "DesignInfo":{
            "DesignAllocation":"N/A",
            "DesignInterventionModel":"Single Group Assignment",
            "DesignPrimaryPurpose":"Treatment",
            "DesignMaskingInfo":{
              "DesignMasking":"None (Open Label)"
            }
          },
          "EnrollmentInfo":{
            "EnrollmentCount":"20",
            "EnrollmentType":"Anticipated"
          }
        },
        "ArmsInterventionsModule":{
          "ArmGroupList":{
            "ArmGroup":[
              {
                "ArmGroupLabel":"1/Intratumoral LMB-100 Administration",
                "ArmGroupType":"Experimental",
                "ArmGroupDescription":"Those with pleural or peritoneal mesothelioma receiving intratumoral administration of LMB-100 + ipilimumab in for up to 4 cycles (cycles 1 and 2 include LMB-100 plus ipilimumab; cycles 3 and 4 consist of ipilimumab only)",
                "ArmGroupInterventionList":{
                  "ArmGroupInterventionName":[
                    "Biological: LMB-100",
                    "Drug: ipilimumab"
                  ]
                }
              }
            ]
          },
          "InterventionList":{
            "Intervention":[
              {
                "InterventionType":"Biological",
                "InterventionName":"LMB-100",
                "InterventionDescription":"administered into lesion on days 1 and 4 of up to two 21 day cycles",
                "InterventionArmGroupLabelList":{
                  "InterventionArmGroupLabel":[
                    "1/Intratumoral LMB-100 Administration"
                  ]
                }
              },{
                "InterventionType":"Drug",
                "InterventionName":"ipilimumab",
                "InterventionDescription":"administered intravenously once per cycle in up to four 21 day cycles. Administration will occur in combination with LMB-100 in the first two cycles.",
                "InterventionArmGroupLabelList":{
                  "InterventionArmGroupLabel":[
                    "1/Intratumoral LMB-100 Administration"
                  ]
                }
              }
            ]
          }
        },
        "OutcomesModule":{
          "PrimaryOutcomeList":{
            "PrimaryOutcome":[
              {
                "PrimaryOutcomeMeasure":"recommended phase 2 dose",
                "PrimaryOutcomeDescription":"The highest dose at which fewer than 2 of 6 subjects experience a dose limiting toxicity",
                "PrimaryOutcomeTimeFrame":"21 days after first LMB-100 administration"
              },{
                "PrimaryOutcomeMeasure":"safety",
                "PrimaryOutcomeDescription":"fraction of patients who experience toxicity by grade and type will be tabulated by dose level",
                "PrimaryOutcomeTimeFrame":"through disease progression"
              }
            ]
          },
          "SecondaryOutcomeList":{
            "SecondaryOutcome":[
              {
                "SecondaryOutcomeMeasure":"objective response rate",
                "SecondaryOutcomeDescription":"fraction of subjects who experience either a partial or complete response",
                "SecondaryOutcomeTimeFrame":"every 6 weeks until disease progression"
              },{
                "SecondaryOutcomeMeasure":"duration of response",
                "SecondaryOutcomeDescription":"median time criteria are met for partial or complete response to the first date that recurrence or progression is documented",
                "SecondaryOutcomeTimeFrame":"disease recurrence or progression"
              },{
                "SecondaryOutcomeMeasure":"progression free survival",
                "SecondaryOutcomeDescription":"median time from start of treatment to time of progression or death, whichever occurs first",
                "SecondaryOutcomeTimeFrame":"disease progression"
              },{
                "SecondaryOutcomeMeasure":"Overall survival",
                "SecondaryOutcomeDescription":"median time from start of treatment to death from any cause",
                "SecondaryOutcomeTimeFrame":"death"
              }
            ]
          }
        },
        "EligibilityModule":{
          "EligibilityCriteria":"INCLUSION CRITERIA:\n\nHistologically confirmed malignant pleural or peritoneal mesothelioma not amenable to potentially curative surgical resection. The diagnosis will be confirmed by the Laboratory of Pathology, CCR, NCI.\nTumor must have epithelioid histology determined by the Laboratory of Pathology at the NCI. If the patient has biphasic histology, the epithelioid component must be >50%\n\nHave provided archival tumor tissue sample or able to provide newly obtained core or excisional biopsy of a tumor lesion not previously irradiated. Formalin-fixed, paraffin embedded (FFPE) tissue blocks are preferred to slides. Newly obtained biopsies are preferred to archived tissue.\n\nNote: If submitting unstained cut slides, newly cut slides should be submitted to the testing laboratory within 14 days from the date slides are cut.\n\nHave disease locally accessible disease to suitable for intratumoral injection of LMB- 100.\nHave measurable disease based on RECIST 1.1. Lesions in a previously irradiated area are considered measurable if progression has been demonstrated in such lesions.\nSubjects must have received prior immune checkpoint therapy with anti-PD-1/PD-L1 inhibitors alone or in combination with anti-CTLA4 blocking antibodies, as well as platinum based chemotherapy.\nAge >= 18 years.\nEastern Cooperative Oncology Group (ECOG) performance status of 0 or 1. Evaluation of ECOG is to be performed within 28 days prior to initiation of study therapy.\n\nHave adequate organ and marrow function as defined below:\n\nSystem and Laboratory Value\n\nHematological<TAB>\n\nhemoglobin >= 9 g/dL(a)\n\nabsolute neutrophil count >= 1,500/mcL\n\nplatelets >= 100,000/mcL\n\nHepatic\n\ntotal bilirubin <= 2.5 X institutional ULN OR direct bilirubin <=ULN for participants with total bilirubin levels >1.5 X ULN\n\nAST and ALT <= 2.5 X institutional ULN (<= 5 X ULN for participants with liver metastases)\n\nRenal\n\nCreatinine <=1.5 x ULN OR Measured or calculated(b) creatinine clearance (GFR can also be used in place of creatinine or CrCl) >= 50 mL/min for participant with creatinine levels; > 1.5 X institutional ULN\n\nCoagulation\n\nInternational normalized ratio (INR) OR prothrombin time (PT); Activated partial thromboplastin time (aPTT): <=1.5 x ULN unless participant is receiving anticoagulant therapy as long as PT or aPTT is within therapeutic range of intended use of anticoagulants\n\nALT (SGPT)=alanine aminotransferase (serum glutamic pyruvic transaminase); AST (SGOT)=aspartate aminotransferase (serum glutamic oxaloacetic transaminase); GFR=glomerular filtration rate; ULN=upper limit of normal.\n\nCriteria must be met without erythropoietin dependency and without packed red blood cell (pRBC) transfusion within last 2 weeks.\nCreatinine clearance (CrCl) should be calculated per institutional standard.\nMust have left ventricular ejection fraction >50%.\nThe effects of LMB-100 on the developing human fetus are unknown. For this reason and because ipilimumab is a Category C agent, women of child-bearing potential and men must agree to use adequate contraception (hormonal or barrier method of birth control; abstinence) while on study therapy and for four months after the last dose of study therapy. Should a woman become pregnant or suspect she is pregnant while she or her partner is participating in this study, she should inform her treating physician immediately.\nAbility of subject to understand and the willingness to sign a written informed consent document.\n\nEXCLUSION CRITERIA:\n\nIs currently participating in or has participated in a study of an investigational agent or has used an investigational device within 3 weeks prior to initiation of study therapy.\n\nNote: Participants who have entered the follow-up phase of an investigational study may participate as long as it has been 3 weeks after the last dose of the previous investigational agent. Patients with active devices will be excluded from the study\n\nHas known active CNS metastases and/or carcinomatous meningitis. Participants with previously treated brain metastases may participate provided they are radiologically stable, i.e. without evidence of progression for at least 4 weeks by repeat imaging (note that the repeat imaging should be performed during study screening), clinically stable and without requirement of steroid treatment for at least 14 days prior to initiation of study therapy.\nHas active systemic issues as bleeding diathesis or active infections\nPresence of a clinically significant pericardial effusion\nHas severe hypersensitivity (>=Grade 3) anti-CTLA4 therapies and/or any of their excipients.\nHas received prior radiotherapy to the site of local administration\nSubjects who have received LMB-100 previously\nHas received prior systemic anti-cancer therapy including investigational agents within 3 weeks prior to initiation of study therapy. Patients who have received prior anti-PD-1/PD- L1 or CTLA4 antibodies are eligible. Any toxicity related to these agents must have resolved to grade 1 and they must not be on systemic immunosuppressive therapies (physiologic dose of steroids are permitted).\nHas received prior radiotherapy to site other than target lesion within 2 weeks prior to initiation of study therapy. Participants must have recovered from all radiation-related toxicities, not require corticosteroids, and not have had radiation pneumonitis. A 1-week washout is permitted for palliative radiation (<=2 weeks of radiotherapy) to non-CNS disease.\nHas not recovered from all AEs due to previous therapies to <=Grade 1 or baseline. Participants with <=Grade 2 neuropathy may be eligible. If participant received major surgery, they must have recovered adequately from the toxicity and/or complications from the intervention prior to initiation of study therapy.\nHas received a live vaccine within 30 days prior to initiation of study therapy. Examples of live vaccines include, but are not limited to, the following: measles, mumps, rubella, varicella/zoster (chicken pox), yellow fever, rabies, Bacillus Calmette-Guerin (BCG), and typhoid vaccine. Seasonal influenza vaccines for injection are generally killed virus vaccines and are allowed; however, intranasal influenza vaccines (e.g., FluMist(R)) are live attenuated vaccines and are not allowed.\nIs receiving therapeutic anti-coagulation. Patients receiving prophylactic anticoagulation may be eligible if in the opinion of the study team, anti-coagulation may be stopped during the time of LMB-100 administration and tumor biopsies\nHas a diagnosis of immunodeficiency or is receiving chronic systemic steroid therapy (in dosing exceeding 10 mg daily of prednisone equivalent) or any other form of immunosuppressive therapy within 7 days prior to initiation of study therapy.\nHas active autoimmune disease that has required systemic treatment in the past 2 years (i.e. with use of disease modifying agents, corticosteroids or immunosuppressive drugs). Replacement therapy (e.g.. thyroxine, insulin, or physiologic corticosteroid replacement therapy for adrenal or pituitary insufficiency, etc.) is not considered a form of systemic treatment.\nHas a QTcF interval >480 milliseconds\nHas a history of (non-infectious) pneumonitis/interstitial lung disease(ILD) that required steroids or has current pneumonitis/ILD\nHas a history or current evidence of any condition, therapy, or laboratory abnormality that might confound the results of the study, interfere with the subject s participation for the full duration of the study, or is not in the best interest of the subject to participate, in the opinion of the treating investigator.\nHas known psychiatric or substance abuse disorders that would interfere with cooperation with the requirements of the trial.\nA woman of childbearing potential who has a positive pregnancy test within 72 hours prior to initiation of study therapy. If the using a urine test and test positive or cannot be confirmed as negative, a serum pregnancy test will be required. Note: in the event that 72 hours have elapsed between the screening pregnancy test and the first dose of study treatment, another pregnancy test (urine or serum) must be performed and must be negative in order for subject to start receiving study medication.\nIs pregnant or breastfeeding, or expecting to conceive or father children within the projected duration of the study, starting with the screening visit through 4 months after the last dose of trial treatment. Pregnant women are excluded from this study because LMB-100 + ipilimumab are agents with the potential for teratogenic or abortifacient effects. Because there is an unknown but potential risk for adverse events in nursing infants secondary to treatment of the mother with LMB-100 + ipilimumab, breastfeeding should be discontinued if the mother is treated with LMB-100 + ipilimumab. These potential risks may also apply to other agents used in this study.\nHas a known history of Human Immunodeficiency Virus. HIV positive patients will be excluded due to a theoretical concern that the degree of immune suppression associated with the treatment may result in progression of HIV infection. (Note: No HIV testing is required)\nHas a known history of Hepatitis B (defined as Hepatitis B surface antigen reactive) or known active Hepatitis C virus (defined as HCV RNA detected) infection. or active HBV or HCV infection. (Note: No testing for Hepatitis B and Hepatitis C is required.)\nHas a known additional malignancy that is progressing or has required active treatment within the past 2 years. Note: Participants with basal cell carcinoma of the skin, squamous cell carcinoma of the skin, or carcinoma in situ (e.g. breast carcinoma, cervical cancer in situ) that have undergone potentially curative therapy are not excluded.\nHas an active infection requiring systemic therapy.",
          "HealthyVolunteers":"No",
          "Gender":"All",
          "MinimumAge":"18 Years",
          "StdAgeList":{
            "StdAge":[
              "Adult",
              "Older Adult"
            ]
          }
        },
        "ContactsLocationsModule":{
          "CentralContactList":{
            "CentralContact":[
              {
                "CentralContactName":"Yvonne D Mallory, R.N.",
                "CentralContactRole":"Contact",
                "CentralContactPhone":"(240) 760-6116",
                "CentralContactEMail":"malloryy@mail.nih.gov"
              }
            ]
          },
          "OverallOfficialList":{
            "OverallOfficial":[
              {
                "OverallOfficialName":"Raffit Hassan, M.D.",
                "OverallOfficialAffiliation":"National Cancer Institute (NCI)",
                "OverallOfficialRole":"Principal Investigator"
              }
            ]
          },
          "LocationList":{
            "Location":[
              {
                "LocationFacility":"National Institutes of Health Clinical Center",
                "LocationStatus":"Recruiting",
                "LocationCity":"Bethesda",
                "LocationState":"Maryland",
                "LocationZip":"20892",
                "LocationCountry":"United States",
                "LocationContactList":{
                  "LocationContact":[
                    {
                      "LocationContactName":"For more information at the NIH Clinical Center contact National Cancer Institute Referral Office",
                      "LocationContactRole":"Contact",
                      "LocationContactPhone":"888-624-1937"
                    }
                  ]
                }
              }
            ]
          }
        },
        "ReferencesModule":{
          "SeeAlsoLinkList":{
            "SeeAlsoLink":[
              {
                "SeeAlsoLinkLabel":"NIH Clinical Center Detailed Web Page",
                "SeeAlsoLinkURL":"https://clinicalstudies.info.nih.gov/cgi/detail.cgi?A_000059-C.html"
              }
            ]
          }
        }
      },
      "DerivedSection":{
        "MiscInfoModule":{
          "VersionHolder":"April 19, 2021"
        },
        "ConditionBrowseModule":{
          "ConditionMeshList":{
            "ConditionMesh":[
              {
                "ConditionMeshId":"D000008654",
                "ConditionMeshTerm":"Mesothelioma"
              }
            ]
          },
          "ConditionAncestorList":{
            "ConditionAncestor":[
              {
                "ConditionAncestorId":"D000000236",
                "ConditionAncestorTerm":"Adenoma"
              },{
                "ConditionAncestorId":"D000009375",
                "ConditionAncestorTerm":"Neoplasms, Glandular and Epithelial"
              },{
                "ConditionAncestorId":"D000009370",
                "ConditionAncestorTerm":"Neoplasms by Histologic Type"
              },{
                "ConditionAncestorId":"D000009369",
                "ConditionAncestorTerm":"Neoplasms"
              },{
                "ConditionAncestorId":"D000018301",
                "ConditionAncestorTerm":"Neoplasms, Mesothelial"
              }
            ]
          },
          "ConditionBrowseLeafList":{
            "ConditionBrowseLeaf":[
              {
                "ConditionBrowseLeafId":"M10217",
                "ConditionBrowseLeafName":"Mesothelioma",
                "ConditionBrowseLeafAsFound":"Mesothelioma",
                "ConditionBrowseLeafRelevance":"high"
              },{
                "ConditionBrowseLeafId":"M2172",
                "ConditionBrowseLeafName":"Adenoma",
                "ConditionBrowseLeafRelevance":"low"
              },{
                "ConditionBrowseLeafId":"M10903",
                "ConditionBrowseLeafName":"Neoplasms, Glandular and Epithelial",
                "ConditionBrowseLeafRelevance":"low"
              },{
                "ConditionBrowseLeafId":"M10898",
                "ConditionBrowseLeafName":"Neoplasms by Histologic Type",
                "ConditionBrowseLeafRelevance":"low"
              },{
                "ConditionBrowseLeafId":"M19029",
                "ConditionBrowseLeafName":"Neoplasms, Mesothelial",
                "ConditionBrowseLeafRelevance":"low"
              },{
                "ConditionBrowseLeafId":"T3584",
                "ConditionBrowseLeafName":"Malignant Mesothelioma",
                "ConditionBrowseLeafAsFound":"Mesothelioma",
                "ConditionBrowseLeafRelevance":"high"
              }
            ]
          },
          "ConditionBrowseBranchList":{
            "ConditionBrowseBranch":[
              {
                "ConditionBrowseBranchAbbrev":"BC04",
                "ConditionBrowseBranchName":"Cancers and Other Neoplasms"
              },{
                "ConditionBrowseBranchAbbrev":"All",
                "ConditionBrowseBranchName":"All Conditions"
              },{
                "ConditionBrowseBranchAbbrev":"Rare",
                "ConditionBrowseBranchName":"Rare Diseases"
              }
            ]
          }
        },
        "InterventionBrowseModule":{
          "InterventionMeshList":{
            "InterventionMesh":[
              {
                "InterventionMeshId":"D000074324",
                "InterventionMeshTerm":"Ipilimumab"
              }
            ]
          },
          "InterventionAncestorList":{
            "InterventionAncestor":[
              {
                "InterventionAncestorId":"D000074322",
                "InterventionAncestorTerm":"Antineoplastic Agents, Immunological"
              },{
                "InterventionAncestorId":"D000000970",
                "InterventionAncestorTerm":"Antineoplastic Agents"
              }
            ]
          },
          "InterventionBrowseLeafList":{
            "InterventionBrowseLeaf":[
              {
                "InterventionBrowseLeafId":"M1348",
                "InterventionBrowseLeafName":"Ipilimumab",
                "InterventionBrowseLeafAsFound":"Continue",
                "InterventionBrowseLeafRelevance":"high"
              },{
                "InterventionBrowseLeafId":"M2822",
                "InterventionBrowseLeafName":"Immunotoxins",
                "InterventionBrowseLeafRelevance":"low"
              },{
                "InterventionBrowseLeafId":"M1346",
                "InterventionBrowseLeafName":"Antineoplastic Agents, Immunological",
                "InterventionBrowseLeafRelevance":"low"
              }
            ]
          },
          "InterventionBrowseBranchList":{
            "InterventionBrowseBranch":[
              {
                "InterventionBrowseBranchAbbrev":"ANeo",
                "InterventionBrowseBranchName":"Antineoplastic Agents"
              },{
                "InterventionBrowseBranchAbbrev":"All",
                "InterventionBrowseBranchName":"All Drugs and Chemicals"
              }
            ]
          }
        }
      }
    }
  }
}

