{
  "FullStudy":{
    "Rank":741,
    "Study":{
      "ProtocolSection":{
        "IdentificationModule":{
          "NCTId":"NCT04840316",
          "OrgStudyIdInfo":{
            "OrgStudyId":"A+ 9133"
          },
          "Organization":{
            "OrgFullName":"Auckland City Hospital",
            "OrgClass":"OTHER_GOV"
          },
          "BriefTitle":"INcidence of PostOperative Delirium Incidence in Surgical Patients: an Observational Cohort Study in New Zealand",
          "OfficialTitle":"INcidence of PostOperative Delirium Incidence in Surgical Patients: an Observational Cohort Study in New Zealand",
          "Acronym":"INPOD-NZ"
        },
        "StatusModule":{
          "StatusVerifiedDate":"April 2021",
          "OverallStatus":"Not yet recruiting",
          "ExpandedAccessInfo":{
            "HasExpandedAccess":"No"
          },
          "StartDateStruct":{
            "StartDate":"April 19, 2021",
            "StartDateType":"Anticipated"
          },
          "PrimaryCompletionDateStruct":{
            "PrimaryCompletionDate":"December 31, 2021",
            "PrimaryCompletionDateType":"Anticipated"
          },
          "CompletionDateStruct":{
            "CompletionDate":"December 31, 2021",
            "CompletionDateType":"Anticipated"
          },
          "StudyFirstSubmitDate":"April 7, 2021",
          "StudyFirstSubmitQCDate":"April 7, 2021",
          "StudyFirstPostDateStruct":{
            "StudyFirstPostDate":"April 12, 2021",
            "StudyFirstPostDateType":"Actual"
          },
          "LastUpdateSubmitDate":"April 7, 2021",
          "LastUpdatePostDateStruct":{
            "LastUpdatePostDate":"April 12, 2021",
            "LastUpdatePostDateType":"Actual"
          }
        },
        "SponsorCollaboratorsModule":{
          "ResponsibleParty":{
            "ResponsiblePartyType":"Sponsor"
          },
          "LeadSponsor":{
            "LeadSponsorName":"Auckland City Hospital",
            "LeadSponsorClass":"OTHER_GOV"
          },
          "CollaboratorList":{
            "Collaborator":[
              {
                "CollaboratorName":"NeuroAnaesthesia Research",
                "CollaboratorClass":"UNKNOWN"
              }
            ]
          }
        },
        "OversightModule":{
          "OversightHasDMC":"No",
          "IsFDARegulatedDrug":"No",
          "IsFDARegulatedDevice":"No"
        },
        "DescriptionModule":{
          "BriefSummary":"As the population of older adults increases, so too with the number of older adult patients that present for anesthesia and surgery. The development of delirium following surgery has some significant potential effects on patient outcomes; however, POD is often under diagnosed. Some studies reported that more than 50% of patients with delirium were undiagnosed by clinical teams. POD is associated with cognitive decline, increased hospital length of stay, discharge to institutional care, mortality and higher healthcare costs. POD contributes significantly to healthcare inefficiency; a diagnosis of POD is estimated by the Australian Commission on Quality and Safety in Healthcare to cost an additional $27,791 AUD. The incidence of POD reported in clinical trials depends on the risk profile of the study population, the frequency and duration of delirium assessments as well as the surgical procedure. Reported incidence may also vary due to the presence of high-risk pathways involving multi-specialty management and intervention. POD may present as either hyperactive or hypoactive subtypes, the latter being more difficult to detect.\n\nThere are few reports on the incidence of POD in New Zealand national level datasets, with single centre studies primarily looking at in-hospital delirium and demonstrating an incidence of 11.2 to 29% on mixed and/or medical wards. A review of elderly patients with neck-of-femur fractures found the incidences of POD to be as high as 39%. The current data suggests a significant level of morbidity due to POD in New Zealand hospitals, however there is lack of national level data in the surgical population; which is crucial for establishing demographic and regional need for effective intervention."
        },
        "ConditionsModule":{
          "ConditionList":{
            "Condition":[
              "Delirum",
              "Complication,Postoperative"
            ]
          },
          "KeywordList":{
            "Keyword":[
              "Anesthesia",
              "Delirium",
              "Incidence",
              "Cognitive decline"
            ]
          }
        },
        "DesignModule":{
          "StudyType":"Observational",
          "PatientRegistry":"No",
          "DesignInfo":{
            "DesignObservationalModelList":{
              "DesignObservationalModel":[
                "Cohort"
              ]
            },
            "DesignTimePerspectiveList":{
              "DesignTimePerspective":[
                "Retrospective"
              ]
            }
          },
          "EnrollmentInfo":{
            "EnrollmentCount":"1",
            "EnrollmentType":"Anticipated"
          }
        },
        "ArmsInterventionsModule":{
          "ArmGroupList":{
            "ArmGroup":[
              {
                "ArmGroupLabel":"Post operative",
                "ArmGroupDescription":"Nil Intervention - observational cohort study"
              }
            ]
          }
        },
        "OutcomesModule":{
          "PrimaryOutcomeList":{
            "PrimaryOutcome":[
              {
                "PrimaryOutcomeMeasure":"Incidence of postoperative delirium",
                "PrimaryOutcomeDescription":"Clinical outcomes are coded by trained clinical coders at each individual hospital and reported to the Ministry of Health as per standard practice. Delirium will be defined by the ICD-9 and ICD-10 coding of delirium as an outcome [12]. POD will be defined as the presence of an ICD-9 or ICD-10 delirium code following surgery until seven days postoperatively or discharge, whichever occurs earlier. If a patient received multiple eligible operations during the captured time frame, each surgical event postoperatively will be analysed individually.",
                "PrimaryOutcomeTimeFrame":"January 1st 2007 to December 31st 2016"
              }
            ]
          }
        },
        "EligibilityModule":{
          "EligibilityCriteria":"Eligible patients include those aged 18 years or over undergoing a surgical procedure in any of 71 public or private hospitals",
          "HealthyVolunteers":"No",
          "Gender":"All",
          "MinimumAge":"18 Years",
          "StdAgeList":{
            "StdAge":[
              "Adult",
              "Older Adult"
            ]
          },
          "StudyPopulation":"Participant patients will have been assigned procedure codes for surgery and anaesthesia. Patients who had multiple procedures during an episode of care will have each procedure and relevant postoperative course analysed. Patients were excluded if the procedure was performed under local anaesthesia infiltration. Procedures performed under regional or neuraxial techniques will be included in the analysis.",
          "SamplingMethod":"Non-Probability Sample"
        },
        "ContactsLocationsModule":{
          "LocationList":{
            "Location":[
              {
                "LocationFacility":"Auckland City Hopsital",
                "LocationCity":"Auckland",
                "LocationZip":"1023",
                "LocationCountry":"New Zealand"
              }
            ]
          }
        },
        "IPDSharingStatementModule":{
          "IPDSharing":"No",
          "IPDSharingDescription":"As an observational study of encrypted data from the national data set there is no plan to provide individual participant data."
        }
      },
      "DerivedSection":{
        "MiscInfoModule":{
          "VersionHolder":"April 19, 2021"
        },
        "ConditionBrowseModule":{
          "ConditionMeshList":{
            "ConditionMesh":[
              {
                "ConditionMeshId":"D000003693",
                "ConditionMeshTerm":"Delirium"
              },{
                "ConditionMeshId":"D000011183",
                "ConditionMeshTerm":"Postoperative Complications"
              }
            ]
          },
          "ConditionAncestorList":{
            "ConditionAncestor":[
              {
                "ConditionAncestorId":"D000003221",
                "ConditionAncestorTerm":"Confusion"
              },{
                "ConditionAncestorId":"D000019954",
                "ConditionAncestorTerm":"Neurobehavioral Manifestations"
              },{
                "ConditionAncestorId":"D000009461",
                "ConditionAncestorTerm":"Neurologic Manifestations"
              },{
                "ConditionAncestorId":"D000009422",
                "ConditionAncestorTerm":"Nervous System Diseases"
              },{
                "ConditionAncestorId":"D000019965",
                "ConditionAncestorTerm":"Neurocognitive Disorders"
              },{
                "ConditionAncestorId":"D000001523",
                "ConditionAncestorTerm":"Mental Disorders"
              },{
                "ConditionAncestorId":"D000010335",
                "ConditionAncestorTerm":"Pathologic Processes"
              }
            ]
          },
          "ConditionBrowseLeafList":{
            "ConditionBrowseLeaf":[
              {
                "ConditionBrowseLeafId":"M28292",
                "ConditionBrowseLeafName":"Cognitive Dysfunction",
                "ConditionBrowseLeafRelevance":"low"
              },{
                "ConditionBrowseLeafId":"M5477",
                "ConditionBrowseLeafName":"Delirium",
                "ConditionBrowseLeafAsFound":"Delirium",
                "ConditionBrowseLeafRelevance":"high"
              },{
                "ConditionBrowseLeafId":"M12648",
                "ConditionBrowseLeafName":"Postoperative Complications",
                "ConditionBrowseLeafAsFound":"Complication, Postoperative",
                "ConditionBrowseLeafRelevance":"high"
              },{
                "ConditionBrowseLeafId":"M5029",
                "ConditionBrowseLeafName":"Confusion",
                "ConditionBrowseLeafRelevance":"low"
              },{
                "ConditionBrowseLeafId":"M20410",
                "ConditionBrowseLeafName":"Neurobehavioral Manifestations",
                "ConditionBrowseLeafRelevance":"low"
              },{
                "ConditionBrowseLeafId":"M10987",
                "ConditionBrowseLeafName":"Neurologic Manifestations",
                "ConditionBrowseLeafRelevance":"low"
              },{
                "ConditionBrowseLeafId":"M20420",
                "ConditionBrowseLeafName":"Neurocognitive Disorders",
                "ConditionBrowseLeafRelevance":"low"
              },{
                "ConditionBrowseLeafId":"M3396",
                "ConditionBrowseLeafName":"Mental Disorders",
                "ConditionBrowseLeafRelevance":"low"
              },{
                "ConditionBrowseLeafId":"M13056",
                "ConditionBrowseLeafName":"Psychotic Disorders",
                "ConditionBrowseLeafRelevance":"low"
              }
            ]
          },
          "ConditionBrowseBranchList":{
            "ConditionBrowseBranch":[
              {
                "ConditionBrowseBranchAbbrev":"BXM",
                "ConditionBrowseBranchName":"Behaviors and Mental Disorders"
              },{
                "ConditionBrowseBranchAbbrev":"All",
                "ConditionBrowseBranchName":"All Conditions"
              },{
                "ConditionBrowseBranchAbbrev":"BC10",
                "ConditionBrowseBranchName":"Nervous System Diseases"
              },{
                "ConditionBrowseBranchAbbrev":"BC23",
                "ConditionBrowseBranchName":"Symptoms and General Pathology"
              }
            ]
          }
        },
        "InterventionBrowseModule":{
          "InterventionBrowseLeafList":{
            "InterventionBrowseLeaf":[
              {
                "InterventionBrowseLeafId":"M2688",
                "InterventionBrowseLeafName":"Anesthetics",
                "InterventionBrowseLeafRelevance":"low"
              }
            ]
          },
          "InterventionBrowseBranchList":{
            "InterventionBrowseBranch":[
              {
                "InterventionBrowseBranchAbbrev":"CNSDep",
                "InterventionBrowseBranchName":"Central Nervous System Depressants"
              },{
                "InterventionBrowseBranchAbbrev":"All",
                "InterventionBrowseBranchName":"All Drugs and Chemicals"
              }
            ]
          }
        }
      }
    }
  }
}

