{
  "FullStudy":{
    "Rank":665,
    "Study":{
      "ProtocolSection":{
        "IdentificationModule":{
          "NCTId":"NCT04841304",
          "OrgStudyIdInfo":{
            "OrgStudyId":"H-20069767"
          },
          "Organization":{
            "OrgFullName":"Rigshospitalet, Denmark",
            "OrgClass":"OTHER"
          },
          "BriefTitle":"Cardiac Arrhythmia in Patients With End-Stage Renal Disease",
          "OfficialTitle":"Cardiac Arrhythmia in Patients With End-Stage Renal Disease",
          "Acronym":"CADDY"
        },
        "StatusModule":{
          "StatusVerifiedDate":"April 2021",
          "OverallStatus":"Not yet recruiting",
          "ExpandedAccessInfo":{
            "HasExpandedAccess":"No"
          },
          "StartDateStruct":{
            "StartDate":"May 2021",
            "StartDateType":"Anticipated"
          },
          "PrimaryCompletionDateStruct":{
            "PrimaryCompletionDate":"August 2023",
            "PrimaryCompletionDateType":"Anticipated"
          },
          "CompletionDateStruct":{
            "CompletionDate":"August 2023",
            "CompletionDateType":"Anticipated"
          },
          "StudyFirstSubmitDate":"March 26, 2021",
          "StudyFirstSubmitQCDate":"April 7, 2021",
          "StudyFirstPostDateStruct":{
            "StudyFirstPostDate":"April 12, 2021",
            "StudyFirstPostDateType":"Actual"
          },
          "LastUpdateSubmitDate":"April 7, 2021",
          "LastUpdatePostDateStruct":{
            "LastUpdatePostDate":"April 12, 2021",
            "LastUpdatePostDateType":"Actual"
          }
        },
        "SponsorCollaboratorsModule":{
          "ResponsibleParty":{
            "ResponsiblePartyType":"Principal Investigator",
            "ResponsiblePartyInvestigatorFullName":"Bo Feldt-Rasmussen",
            "ResponsiblePartyInvestigatorTitle":"Professor",
            "ResponsiblePartyInvestigatorAffiliation":"Rigshospitalet, Denmark"
          },
          "LeadSponsor":{
            "LeadSponsorName":"Rigshospitalet, Denmark",
            "LeadSponsorClass":"OTHER"
          },
          "CollaboratorList":{
            "Collaborator":[
              {
                "CollaboratorName":"Herlev Hospital",
                "CollaboratorClass":"OTHER"
              },{
                "CollaboratorName":"Holbaek Sygehus",
                "CollaboratorClass":"OTHER"
              },{
                "CollaboratorName":"Steno Diabetes Center Copenhagen",
                "CollaboratorClass":"OTHER"
              },{
                "CollaboratorName":"University of Copenhagen",
                "CollaboratorClass":"OTHER"
              }
            ]
          }
        },
        "OversightModule":{
          "OversightHasDMC":"No",
          "IsFDARegulatedDrug":"No",
          "IsFDARegulatedDevice":"No"
        },
        "DescriptionModule":{
          "BriefSummary":"The study will examine the presence of cardiac arrhythmias in patients receiving hemodialysis and the role of diabetes, hypoglycemia and parameters related to uremia and the dialysis procedure.\n\nThe study is designed as a prospective cohort study with 18 months follow-up. 70 patients receiving chronic hemodialysis will be recruited and equipped with implantable loop recorders (ILR): 35 patients with insulin-treated diabetes and 35 patients without diabetes.\n\nData collection during the follow-up includes continuous monitoring of the heart rhythm by the ILR for the entire follow-up period, continuous glucose monitoring for 10 days every second month, and monthly collection of blood samples and dialytic parameters."
        },
        "ConditionsModule":{
          "ConditionList":{
            "Condition":[
              "End Stage Renal Disease on Dialysis",
              "Cardiac Arrhythmia",
              "Diabetes Mellitus",
              "Hypoglycemia"
            ]
          }
        },
        "DesignModule":{
          "StudyType":"Observational",
          "PatientRegistry":"No",
          "DesignInfo":{
            "DesignObservationalModelList":{
              "DesignObservationalModel":[
                "Cohort"
              ]
            },
            "DesignTimePerspectiveList":{
              "DesignTimePerspective":[
                "Prospective"
              ]
            }
          },
          "EnrollmentInfo":{
            "EnrollmentCount":"70",
            "EnrollmentType":"Anticipated"
          }
        },
        "ArmsInterventionsModule":{
          "ArmGroupList":{
            "ArmGroup":[
              {
                "ArmGroupLabel":"Patients receiving hemodialysis with diabetes",
                "ArmGroupDescription":"Patients receiving chronic hemodialysis with a diagnose of Type 1 diabetes or Type 2 diabetes (diagnosed according to the criteria of the World Health Organization) and receiving insulin treatment",
                "ArmGroupInterventionList":{
                  "ArmGroupInterventionName":[
                    "Device: Loop recorder (Reveal LINQ, Medtronic)",
                    "Device: Continuous Glucose Measurement (G6, Dexcom)"
                  ]
                }
              },{
                "ArmGroupLabel":"Patients receiving hemodialysis without diabetes",
                "ArmGroupDescription":"Patients receiving chronic hemodialysis without diabetes (no known diagnosis of diabetes, HbA1c < 48 mmol/mol and fasting blood glucose < 6.1 mmol/l at inclusion)",
                "ArmGroupInterventionList":{
                  "ArmGroupInterventionName":[
                    "Device: Loop recorder (Reveal LINQ, Medtronic)",
                    "Device: Continuous Glucose Measurement (G6, Dexcom)"
                  ]
                }
              }
            ]
          },
          "InterventionList":{
            "Intervention":[
              {
                "InterventionType":"Device",
                "InterventionName":"Loop recorder (Reveal LINQ, Medtronic)",
                "InterventionDescription":"Implantation of a loop-recorder",
                "InterventionArmGroupLabelList":{
                  "InterventionArmGroupLabel":[
                    "Patients receiving hemodialysis with diabetes",
                    "Patients receiving hemodialysis without diabetes"
                  ]
                }
              },{
                "InterventionType":"Device",
                "InterventionName":"Continuous Glucose Measurement (G6, Dexcom)",
                "InterventionDescription":"Monitoring with a continuous glucose monitor",
                "InterventionArmGroupLabelList":{
                  "InterventionArmGroupLabel":[
                    "Patients receiving hemodialysis with diabetes",
                    "Patients receiving hemodialysis without diabetes"
                  ]
                }
              }
            ]
          }
        },
        "OutcomesModule":{
          "PrimaryOutcomeList":{
            "PrimaryOutcome":[
              {
                "PrimaryOutcomeMeasure":"Clinically significant arrhythmias",
                "PrimaryOutcomeDescription":"Presence of one of the items in the combined endpoint of clinically significant arrhythmias defined as:\n\nSignificant bradyarrhythmia (pause > 3 seconds or ≥ 4 beats at rate < 30 beats/min)\nVentricular tachycardia (lasting ≥ 16 beats at rate ≥ 130 beats/min)\nVentricular fibrillation",
                "PrimaryOutcomeTimeFrame":"18 months"
              }
            ]
          },
          "SecondaryOutcomeList":{
            "SecondaryOutcome":[
              {
                "SecondaryOutcomeMeasure":"Rate of clinically significant arrhythmias",
                "SecondaryOutcomeDescription":"Rate of clinically significant arrhythmias (as defined above)",
                "SecondaryOutcomeTimeFrame":"18 months"
              },{
                "SecondaryOutcomeMeasure":"Atrial fibrillation",
                "SecondaryOutcomeDescription":"Rate of atrial fibrillation (lasting more than 2 minutes)",
                "SecondaryOutcomeTimeFrame":"18 months"
              },{
                "SecondaryOutcomeMeasure":"Supraventricular tachycardia other than atrial fibrillation",
                "SecondaryOutcomeDescription":"Rate of supraventricular tachycardia other than atrial fibrillation (lasting ≥ 16 beats at rate ≥ 130 beats/min)",
                "SecondaryOutcomeTimeFrame":"18 months"
              },{
                "SecondaryOutcomeMeasure":"Hypoglycemic events",
                "SecondaryOutcomeDescription":"Rate of hypoglycemic events < 3.9 mmol/L (defined as sensor glucose below 3.9 mmol/L for ≥ 15 min)",
                "SecondaryOutcomeTimeFrame":"18 months"
              },{
                "SecondaryOutcomeMeasure":"Time below range",
                "SecondaryOutcomeDescription":"Time below range defined as percentage time with sensor glucose below 3.9 mmol/L",
                "SecondaryOutcomeTimeFrame":"18 months"
              },{
                "SecondaryOutcomeMeasure":"Arrhythmias during hypoglycemia compared to euglycemia/hyperglycemia",
                "SecondaryOutcomeDescription":"Rate of arrhythmias during hypoglycemia compared with euglycemia/hyperglycemia",
                "SecondaryOutcomeTimeFrame":"18 months"
              },{
                "SecondaryOutcomeMeasure":"The temporal distribution of arrhythmias in relation to hypoglycemic events",
                "SecondaryOutcomeDescription":"Arrhythmic events one hour prior to hypoglycemia, during hypoglycemia and one hour post hypoglycemia",
                "SecondaryOutcomeTimeFrame":"18 months"
              },{
                "SecondaryOutcomeMeasure":"Difference in arrhythmias between patients with insulin-treated diabetes and patients without diabetes",
                "SecondaryOutcomeDescription":"Difference in arrhythmias between patients with insulin-treated diabetes and patients without diabetes",
                "SecondaryOutcomeTimeFrame":"18 months"
              },{
                "SecondaryOutcomeMeasure":"Correlation between urinary creatinine clearance and risk of arrhythmias",
                "SecondaryOutcomeDescription":"Correlation between urinary creatinine clearance at baseline and risk of arrhythmias",
                "SecondaryOutcomeTimeFrame":"18 months"
              },{
                "SecondaryOutcomeMeasure":"Correlation between macrovascular complications and risk of arrhythmias",
                "SecondaryOutcomeDescription":"Correlation between macrovascular complications (myocardial infarction, stroke, peripheral vascular disease) at baseline and risk of arrhythmias",
                "SecondaryOutcomeTimeFrame":"18 months"
              },{
                "SecondaryOutcomeMeasure":"Correlation between ultrafiltration rate and risk of arrhythmias",
                "SecondaryOutcomeDescription":"Correlation between ultrafiltration rate during a dialysis session and risk of arrhythmias",
                "SecondaryOutcomeTimeFrame":"18 months"
              },{
                "SecondaryOutcomeMeasure":"Correlation between a decline in systolic blood pressure during dialysis and risk of arrythmias",
                "SecondaryOutcomeDescription":"Correlation between a decline in systolic blood pressure ≥20 mmHg during a dialysis session and risk of arrythmias",
                "SecondaryOutcomeTimeFrame":"18 months"
              },{
                "SecondaryOutcomeMeasure":"Correlation between pre-dialysis plasma electrolyte concentrations and risk of arrhythmias",
                "SecondaryOutcomeDescription":"Correlation between pre-dialysis plasma electrolyte concentrations and risk of arrhythmias",
                "SecondaryOutcomeTimeFrame":"18 months"
              },{
                "SecondaryOutcomeMeasure":"The temporal distribution of arrhythmias in relation to dialysis sessions",
                "SecondaryOutcomeDescription":"The temporal distribution of arrhythmic events in relation to dialysis sessions",
                "SecondaryOutcomeTimeFrame":"18 months"
              },{
                "SecondaryOutcomeMeasure":"Sudden cardiac death",
                "SecondaryOutcomeDescription":"Sudden cardiac death",
                "SecondaryOutcomeTimeFrame":"18 months"
              },{
                "SecondaryOutcomeMeasure":"All-cause mortality",
                "SecondaryOutcomeDescription":"All-cause mortality",
                "SecondaryOutcomeTimeFrame":"18 months"
              }
            ]
          },
          "OtherOutcomeList":{
            "OtherOutcome":[
              {
                "OtherOutcomeMeasure":"An arrhythmia leading to an intervention",
                "OtherOutcomeDescription":"Presence of any arrhythmia leading to an intervention defined as implantation of a cardiac implantable electronic device or medical intervention (any change in prescribed medication)",
                "OtherOutcomeTimeFrame":"18 months"
              },{
                "OtherOutcomeMeasure":"Presence of adverse events",
                "OtherOutcomeDescription":"Presence of adverse events, including procedure related adverse events",
                "OtherOutcomeTimeFrame":"18 months"
              }
            ]
          }
        },
        "EligibilityModule":{
          "EligibilityCriteria":"Inclusion Criteria:\n\nPatients with diabetes:\n\nType 1 diabetes or Type 2 diabetes diagnosed according to the criteria of the World Health Organization\nOngoing insulin treatment with daily injections with or without additional treatment with antidiabetic medications.\nReceiving chronic hemodialysis for more than 3 months\nAge ≥ 18 years\n\nPatients without diabetes:\n\nHbA1c < 48 mmol/mol\nFasting blood glucose < 6.1 mmol/l at inclusion\nReceiving chronic hemodialysis for more than 3 months\nAge ≥ 18 years\n\nExclusion Criteria:\n\nFor both groups:\n\nAlready treated with pacemaker or implantable cardioverter defibrillator (ICD)\nPermanent (chronic) atrial fibrillation\nPreviously diagnosed sustained (> 30 seconds) ventricular tachycardia (more than 200 bpm) or ventricular fibrillation (note that ventricular premature beats is not considered an exclusion), or known cardiac ion-channel diseases (such as Long QT syndrome and Brugada syndrome)\nPreviously complications in relation to wearing a CGM sensor, e.g. allergic reaction\nInability to give written informed consent",
          "HealthyVolunteers":"No",
          "Gender":"All",
          "MinimumAge":"18 Years",
          "StdAgeList":{
            "StdAge":[
              "Adult",
              "Older Adult"
            ]
          },
          "StudyPopulation":"70 subjects receiving chronic hemodialysis therapy:\n\n35 subjects with insulin-treated diabetes\n35 subjects without diabetes",
          "SamplingMethod":"Non-Probability Sample"
        },
        "ContactsLocationsModule":{
          "CentralContactList":{
            "CentralContact":[
              {
                "CentralContactName":"Dea H Kofod, MD",
                "CentralContactRole":"Contact",
                "CentralContactPhone":"004527143834",
                "CentralContactEMail":"dea.haagensen.kofod.01@regionh.dk"
              }
            ]
          },
          "LocationList":{
            "Location":[
              {
                "LocationFacility":"Department of Nephrology, Rigshospitalet",
                "LocationCity":"Copenhagen",
                "LocationZip":"2100",
                "LocationCountry":"Denmark",
                "LocationContactList":{
                  "LocationContact":[
                    {
                      "LocationContactName":"Dea H Kofod, MD",
                      "LocationContactRole":"Contact",
                      "LocationContactPhone":"+4527143834",
                      "LocationContactEMail":"dea.haagensen.kofod.01@regionh.dk"
                    }
                  ]
                }
              },{
                "LocationFacility":"Department of Nephrology, Herlev Hospital",
                "LocationCity":"Herlev",
                "LocationZip":"2730",
                "LocationCountry":"Denmark",
                "LocationContactList":{
                  "LocationContact":[
                    {
                      "LocationContactName":"Kristine Lindhardt",
                      "LocationContactRole":"Contact"
                    }
                  ]
                }
              },{
                "LocationFacility":"Department of Nephrology, Holbæk Sygehus",
                "LocationCity":"Holbæk",
                "LocationZip":"4300",
                "LocationCountry":"Denmark",
                "LocationContactList":{
                  "LocationContact":[
                    {
                      "LocationContactName":"Morten Lindhardt",
                      "LocationContactRole":"Contact"
                    }
                  ]
                }
              }
            ]
          }
        }
      },
      "DerivedSection":{
        "MiscInfoModule":{
          "VersionHolder":"April 19, 2021"
        },
        "ConditionBrowseModule":{
          "ConditionMeshList":{
            "ConditionMesh":[
              {
                "ConditionMeshId":"D000007674",
                "ConditionMeshTerm":"Kidney Diseases"
              },{
                "ConditionMeshId":"D000007676",
                "ConditionMeshTerm":"Kidney Failure, Chronic"
              },{
                "ConditionMeshId":"D000001145",
                "ConditionMeshTerm":"Arrhythmias, Cardiac"
              },{
                "ConditionMeshId":"D000007003",
                "ConditionMeshTerm":"Hypoglycemia"
              }
            ]
          },
          "ConditionAncestorList":{
            "ConditionAncestor":[
              {
                "ConditionAncestorId":"D000014570",
                "ConditionAncestorTerm":"Urologic Diseases"
              },{
                "ConditionAncestorId":"D000051436",
                "ConditionAncestorTerm":"Renal Insufficiency, Chronic"
              },{
                "ConditionAncestorId":"D000051437",
                "ConditionAncestorTerm":"Renal Insufficiency"
              },{
                "ConditionAncestorId":"D000006331",
                "ConditionAncestorTerm":"Heart Diseases"
              },{
                "ConditionAncestorId":"D000002318",
                "ConditionAncestorTerm":"Cardiovascular Diseases"
              },{
                "ConditionAncestorId":"D000010335",
                "ConditionAncestorTerm":"Pathologic Processes"
              },{
                "ConditionAncestorId":"D000044882",
                "ConditionAncestorTerm":"Glucose Metabolism Disorders"
              },{
                "ConditionAncestorId":"D000008659",
                "ConditionAncestorTerm":"Metabolic Diseases"
              }
            ]
          },
          "ConditionBrowseLeafList":{
            "ConditionBrowseLeaf":[
              {
                "ConditionBrowseLeafId":"M5698",
                "ConditionBrowseLeafName":"Diabetes Mellitus",
                "ConditionBrowseLeafRelevance":"low"
              },{
                "ConditionBrowseLeafId":"M9282",
                "ConditionBrowseLeafName":"Kidney Failure, Chronic",
                "ConditionBrowseLeafAsFound":"End Stage Renal Disease",
                "ConditionBrowseLeafRelevance":"high"
              },{
                "ConditionBrowseLeafId":"M9281",
                "ConditionBrowseLeafName":"Kidney Diseases",
                "ConditionBrowseLeafAsFound":"Renal Disease",
                "ConditionBrowseLeafRelevance":"high"
              },{
                "ConditionBrowseLeafId":"M3034",
                "ConditionBrowseLeafName":"Arrhythmias, Cardiac",
                "ConditionBrowseLeafAsFound":"Cardiac Arrhythmias",
                "ConditionBrowseLeafRelevance":"high"
              },{
                "ConditionBrowseLeafId":"M8636",
                "ConditionBrowseLeafName":"Hypoglycemia",
                "ConditionBrowseLeafAsFound":"Hypoglycemia",
                "ConditionBrowseLeafRelevance":"high"
              },{
                "ConditionBrowseLeafId":"M25305",
                "ConditionBrowseLeafName":"Renal Insufficiency",
                "ConditionBrowseLeafRelevance":"low"
              },{
                "ConditionBrowseLeafId":"M15902",
                "ConditionBrowseLeafName":"Urologic Diseases",
                "ConditionBrowseLeafRelevance":"low"
              },{
                "ConditionBrowseLeafId":"M25304",
                "ConditionBrowseLeafName":"Renal Insufficiency, Chronic",
                "ConditionBrowseLeafRelevance":"low"
              },{
                "ConditionBrowseLeafId":"M8002",
                "ConditionBrowseLeafName":"Heart Diseases",
                "ConditionBrowseLeafRelevance":"low"
              },{
                "ConditionBrowseLeafId":"M10222",
                "ConditionBrowseLeafName":"Metabolic Diseases",
                "ConditionBrowseLeafRelevance":"low"
              },{
                "ConditionBrowseLeafId":"M23990",
                "ConditionBrowseLeafName":"Glucose Metabolism Disorders",
                "ConditionBrowseLeafRelevance":"low"
              }
            ]
          },
          "ConditionBrowseBranchList":{
            "ConditionBrowseBranch":[
              {
                "ConditionBrowseBranchAbbrev":"BC18",
                "ConditionBrowseBranchName":"Nutritional and Metabolic Diseases"
              },{
                "ConditionBrowseBranchAbbrev":"BC19",
                "ConditionBrowseBranchName":"Gland and Hormone Related Diseases"
              },{
                "ConditionBrowseBranchAbbrev":"All",
                "ConditionBrowseBranchName":"All Conditions"
              },{
                "ConditionBrowseBranchAbbrev":"BXS",
                "ConditionBrowseBranchName":"Urinary Tract, Sexual Organs, and Pregnancy Conditions"
              },{
                "ConditionBrowseBranchAbbrev":"BC14",
                "ConditionBrowseBranchName":"Heart and Blood Diseases"
              },{
                "ConditionBrowseBranchAbbrev":"BC23",
                "ConditionBrowseBranchName":"Symptoms and General Pathology"
              }
            ]
          }
        },
        "InterventionBrowseModule":{
          "InterventionBrowseLeafList":{
            "InterventionBrowseLeaf":[
              {
                "InterventionBrowseLeafId":"M8948",
                "InterventionBrowseLeafName":"Insulin",
                "InterventionBrowseLeafRelevance":"low"
              },{
                "InterventionBrowseLeafId":"M178017",
                "InterventionBrowseLeafName":"Insulin, Globin Zinc",
                "InterventionBrowseLeafRelevance":"low"
              }
            ]
          },
          "InterventionBrowseBranchList":{
            "InterventionBrowseBranch":[
              {
                "InterventionBrowseBranchAbbrev":"Hypo",
                "InterventionBrowseBranchName":"Hypoglycemic Agents"
              },{
                "InterventionBrowseBranchAbbrev":"All",
                "InterventionBrowseBranchName":"All Drugs and Chemicals"
              }
            ]
          }
        }
      }
    }
  }
}

