{
  "FullStudy":{
    "Rank":343,
    "Study":{
      "ProtocolSection":{
        "IdentificationModule":{
          "NCTId":"NCT04845490",
          "OrgStudyIdInfo":{
            "OrgStudyId":"UHCT-IEC-SOP-016-21-02"
          },
          "Organization":{
            "OrgFullName":"Wuhan Union Hospital, China",
            "OrgClass":"OTHER"
          },
          "BriefTitle":"Comparative Study of Mitomycin and Lobaplatin in Advanced Colorectal Cancer Patients With Radical Surgery Combined With Hyperthermic Intraperitoneal Chemotherapy",
          "OfficialTitle":"Comparative Study on the Efficacy of Mitomycin and Lobaplatin in the Treatment of Advanced Colorectal Cancer Patients With Radical Surgery Combined With Hyperthermic Intraperitoneal Chemotherapy",
          "Acronym":"WUHIPEC02"
        },
        "StatusModule":{
          "StatusVerifiedDate":"April 2021",
          "OverallStatus":"Not yet recruiting",
          "ExpandedAccessInfo":{
            "HasExpandedAccess":"No"
          },
          "StartDateStruct":{
            "StartDate":"September 1, 2021",
            "StartDateType":"Anticipated"
          },
          "PrimaryCompletionDateStruct":{
            "PrimaryCompletionDate":"September 1, 2022",
            "PrimaryCompletionDateType":"Anticipated"
          },
          "CompletionDateStruct":{
            "CompletionDate":"September 1, 2025",
            "CompletionDateType":"Anticipated"
          },
          "StudyFirstSubmitDate":"April 6, 2021",
          "StudyFirstSubmitQCDate":"April 9, 2021",
          "StudyFirstPostDateStruct":{
            "StudyFirstPostDate":"April 15, 2021",
            "StudyFirstPostDateType":"Actual"
          },
          "LastUpdateSubmitDate":"April 9, 2021",
          "LastUpdatePostDateStruct":{
            "LastUpdatePostDate":"April 15, 2021",
            "LastUpdatePostDateType":"Actual"
          }
        },
        "SponsorCollaboratorsModule":{
          "ResponsibleParty":{
            "ResponsiblePartyType":"Sponsor"
          },
          "LeadSponsor":{
            "LeadSponsorName":"Wuhan Union Hospital, China",
            "LeadSponsorClass":"OTHER"
          }
        },
        "OversightModule":{
          "OversightHasDMC":"Yes",
          "IsFDARegulatedDrug":"No",
          "IsFDARegulatedDevice":"No"
        },
        "DescriptionModule":{
          "BriefSummary":"This study is a prospective, randomized, comparative clinical trial conducted by Wuhan Union Hospital and aim to compare the therapeutic effects of Mitomycin and Lobaplatin in the treatment of advanced colorectal cancer patients with radical surgery combined with hyperthermic intraperitoneal chemotherapy",
          "DetailedDescription":"Hyperthermic intraperitoneal chemotherapy (HIPEC) is traditionally used to treat peritoneal cancer combined with cytoreductive surgery (CRS). Further, there have been more than 20 years for CRS + HIPEC applying in treatment of patients with colorectal cancer peritoneal metastasis. While, to date, the kinds, doses, combinations of HIPEC drugs are not clearly been evaluate a criterion for local advanced colorectal cancer patients. Thus, This study aim to compare the efficacy of Mitomycin and Lobaplatin in the treatment of advanced colorectal cancer patients with radical surgery combined with HIPEC. We plan to recruit 201 patients and divide into 3 groups, 2 drug groups and 1 control group, radomly. all patients with advanced co cancer receive radical surgery + HIPEC + mFOLFOX6/XELOX chemotherapy regimen. the mainly experimental variable is HIPEC drugs and three groups employ Mitomycin, Lobaplatin and none respectively. the endpoints of study include peritoneal metastasis, overall survival, immune status and perioperative safety assessment."
        },
        "ConditionsModule":{
          "ConditionList":{
            "Condition":[
              "Colorectal Cancer",
              "Chemotherapy Effect",
              "Surgery",
              "Metastasis",
              "Survival"
            ]
          },
          "KeywordList":{
            "Keyword":[
              "advanced colorectal cancer",
              "hyperthermic intraperitoneal chemotherapy",
              "mitomycin",
              "lobaplatin",
              "prognosis"
            ]
          }
        },
        "DesignModule":{
          "StudyType":"Interventional",
          "PhaseList":{
            "Phase":[
              "Phase 2"
            ]
          },
          "DesignInfo":{
            "DesignAllocation":"Randomized",
            "DesignInterventionModel":"Parallel Assignment",
            "DesignInterventionModelDescription":"We divide patients into 3 groups randomly. drug group 1: Radical Surgery + HIPEC (mitomycin) + mFOLFOX6/XELOX regimen; drug group 2: Radical Surgery + HIPEC (lobaplatin) + mFOLFOX6/XELOX regimen; control group: Radical Surgery + HIPEC (no drug) + mFOLFOX6/XELOX regimen",
            "DesignPrimaryPurpose":"Treatment",
            "DesignMaskingInfo":{
              "DesignMasking":"Single",
              "DesignMaskingDescription":"the choice of HIPEC drugs is unknown to patients with advanced colorectal cancer, but known to doctors, investigators and outcomes assessors.",
              "DesignWhoMaskedList":{
                "DesignWhoMasked":[
                  "Participant"
                ]
              }
            }
          },
          "EnrollmentInfo":{
            "EnrollmentCount":"201",
            "EnrollmentType":"Anticipated"
          }
        },
        "ArmsInterventionsModule":{
          "ArmGroupList":{
            "ArmGroup":[
              {
                "ArmGroupLabel":"Drug group 1",
                "ArmGroupType":"Experimental",
                "ArmGroupDescription":"hyperthermic intraperitoneal chemotherapy (HIPEC) (with Mitomycin): Temperature Setting : 43 ± 1.0 ℃. Perfusion time: 60 min. Amount of perfusate: The perfusion fluid is based on the principle of filling the abdominal cavity and unobstructed circulation.\n\nChoice of perfusate: Normal saline. Drug selection and dose: Mitomycin 30 mg/m2 . Treatment course: 2 times (the first time is after surgery, the second time is 48h after first time).",
                "ArmGroupInterventionList":{
                  "ArmGroupInterventionName":[
                    "Drug: Mitomycin"
                  ]
                }
              },{
                "ArmGroupLabel":"Drug group 2",
                "ArmGroupType":"Experimental",
                "ArmGroupDescription":"hyperthermic intraperitoneal chemotherapy (HIPEC) (with lobaplatin): Temperature Setting : 43 ± 1.0 ℃. Perfusion time: 60 min. Amount of perfusate: The perfusion fluid is based on the principle of filling the abdominal cavity and unobstructed circulation.\n\nChoice of perfusate: Normal saline. Drug selection and dose: lobaplatin 50 mg/m2 . Treatment course: 2 times (the first time is after surgery, the second time is 48h after first time).",
                "ArmGroupInterventionList":{
                  "ArmGroupInterventionName":[
                    "Drug: Lobaplatin"
                  ]
                }
              },{
                "ArmGroupLabel":"Control group",
                "ArmGroupType":"No Intervention",
                "ArmGroupDescription":"hyperthermic intraperitoneal therapy (HIPET) (no drug) : Temperature Setting : 43 ± 1.0 ℃. Perfusion time: 60 min. Amount of perfusate: The perfusion fluid is based on the principle of filling the abdominal cavity and unobstructed circulation.\n\nChoice of perfusate: Normal saline. Drug selection and dose: no drug. Treatment course: 2 times (the first time is after surgery, the second time is 48h after first time)."
              }
            ]
          },
          "InterventionList":{
            "Intervention":[
              {
                "InterventionType":"Drug",
                "InterventionName":"Mitomycin",
                "InterventionDescription":"Mitomycin is used as drug for hyperthermic intraperitoneal chemotherapy. Choice of perfusate: Normal saline. Drug selection and dose: Mitomycin 30mg/m2. Treatment course: 2 times (the first time is after surgery, the second time is 48h after first time).",
                "InterventionArmGroupLabelList":{
                  "InterventionArmGroupLabel":[
                    "Drug group 1"
                  ]
                }
              },{
                "InterventionType":"Drug",
                "InterventionName":"Lobaplatin",
                "InterventionDescription":"Lobaplatin is used as drug for hyperthermic intraperitoneal chemotherapy. Choice of perfusate: Normal saline. Drug selection and dose: Lobaplatin 50mg/m2. Treatment course: 2 times (the first time is after surgery, the second time is 48h after first time).",
                "InterventionArmGroupLabelList":{
                  "InterventionArmGroupLabel":[
                    "Drug group 2"
                  ]
                }
              }
            ]
          }
        },
        "OutcomesModule":{
          "PrimaryOutcomeList":{
            "PrimaryOutcome":[
              {
                "PrimaryOutcomeMeasure":"peritoneal metastasis",
                "PrimaryOutcomeDescription":"peritoneal metastasis-free survival (pRFS)",
                "PrimaryOutcomeTimeFrame":"3-year"
              },{
                "PrimaryOutcomeMeasure":"overall survival",
                "PrimaryOutcomeDescription":"overall survival (OS)",
                "PrimaryOutcomeTimeFrame":"3-year"
              }
            ]
          },
          "SecondaryOutcomeList":{
            "SecondaryOutcome":[
              {
                "SecondaryOutcomeMeasure":"Number of participants with immunosuppression events as assessed by blood immunological indicators",
                "SecondaryOutcomeDescription":"Before and After Hyperthermic Intraperitoneal Chemotherapy, collect 5mL blood samples of patients for detecting immunological indicators such as CD3, CD4 and CD8 lymphocyte population; Interferon-γ; tumor necrosis factor (TNF)-α; interleukin-2, 4, 8, 10, etc",
                "SecondaryOutcomeTimeFrame":"up to 4 weeks"
              },{
                "SecondaryOutcomeMeasure":"Number of participants with treatment-related adverse events as assessed by CTCAE v5.0",
                "SecondaryOutcomeDescription":"postoperative adverse events (referring to CTCAE 5.0 [including blood routine, liver and kidney function, patient reaction to HIPEC, adverse events]) was analyzed",
                "SecondaryOutcomeTimeFrame":"up to 4 weeks"
              },{
                "SecondaryOutcomeMeasure":"The positive rate of cancer cells of participants by exfoliative cytology examination",
                "SecondaryOutcomeDescription":"According to the positive rate of cancer cells measured in exfoliative cytology before and after HIPEC, the difference between the groups is analyzed.",
                "SecondaryOutcomeTimeFrame":"1 week"
              }
            ]
          }
        },
        "EligibilityModule":{
          "EligibilityCriteria":"Inclusion Criteria:\n\nNo chemoradiotherapy or other anti-tumor therapy before clinical trial performed;\nAged 18-75 years;\nMale or non-pregnant or lactating women;\nPathological diagnosis of colorectal adenocarcinoma;\nClinical diagnosis of T3 stage or above without distant metastasis and can be given radical surgery (AJCC Version 8, 2018);\nNormal function of major organs;\n\nRoutine blood examinations meeting the following criteria:\n\nA. HB ≥ 90 g/L; B. ANC ≥ 1.5 x 10 9 /L; C. PLT ≥ 125 × 10 9 /L;\n\nChemistry indexs meeting the following criteria:\n\nA. TBIL < 1.5ULN; B. ALT and AST < 2.5ULN; ALB > 30 g/L C. serum Cr ≤ 1.25 ULN or endogenous creatinine clearance > 50 ml/min (Cockcroft-Gault formula);\n\nECOG score 0-1;\n\nExclusion Criteria:\n\nA history of other malignant tumors within 5 years;\nDistant metastasis found during surgery;\nAllergic to paclitaxel, lobaplatin and other related chemotherapeutic drugs;\nSuffering from epilepsy or other mental illness, unable to control behavior;\nInability to tolerate surgery due to severe cardiac, pulmonary and vascular disease;\nPregnant or lactating women.\nReceiving anti-cancer drug therapy from other clinical trials.",
          "HealthyVolunteers":"No",
          "Gender":"All",
          "MinimumAge":"18 Years",
          "MaximumAge":"75 Years",
          "StdAgeList":{
            "StdAge":[
              "Adult",
              "Older Adult"
            ]
          }
        },
        "ContactsLocationsModule":{
          "CentralContactList":{
            "CentralContact":[
              {
                "CentralContactName":"Kaixiong Tao, Professor",
                "CentralContactRole":"Contact",
                "CentralContactPhone":"+86- 027-85351662",
                "CentralContactEMail":"kaixiongtao@hust.edu.cn"
              },{
                "CentralContactName":"Cuanqing Wu, Doctor",
                "CentralContactRole":"Contact",
                "CentralContactPhone":"+86-13995598966",
                "CentralContactEMail":"linyaomt@163.com"
              }
            ]
          },
          "OverallOfficialList":{
            "OverallOfficial":[
              {
                "OverallOfficialName":"Kaixiong Tao, Professor",
                "OverallOfficialAffiliation":"Wuhan Union Hospital, China",
                "OverallOfficialRole":"Principal Investigator"
              }
            ]
          }
        },
        "ReferencesModule":{
          "ReferenceList":{
            "Reference":[
              {
                "ReferencePMID":"31400583",
                "ReferenceType":"background",
                "ReferenceCitation":"Wisselink DD, Braakhuis LLF, Gallo G, van Grevenstein WMU, van Dieren S, Kok NFM, de Reuver PR, Tanis PJ, de Hingh IHJT. Systematic review of published literature on oxaliplatin and mitomycin C as chemotherapeutic agents for hyperthermic intraperitoneal chemotherapy in patients with peritoneal metastases from colorectal cancer. Crit Rev Oncol Hematol. 2019 Oct;142:119-129. doi: 10.1016/j.critrevonc.2019.06.014. Epub 2019 Jul 9."
              },{
                "ReferencePMID":"21160929",
                "ReferenceType":"background",
                "ReferenceCitation":"Yan TD, Cao CQ, Munkholm-Larsen S. A pharmacological review on intraperitoneal chemotherapy for peritoneal malignancy. World J Gastrointest Oncol. 2010 Feb 15;2(2):109-16. doi: 10.4251/wjgo.v2.i2.109."
              },{
                "ReferencePMID":"22831982",
                "ReferenceType":"result",
                "ReferenceCitation":"Hompes D, Tiek J, Wolthuis A, Fieuws S, Penninckx F, Van Cutsem E, D'Hoore A. HIPEC in T4a colon cancer: a defendable treatment to improve oncologic outcome? Ann Oncol. 2012 Dec;23(12):3123-3129. doi: 10.1093/annonc/mds173. Epub 2012 Jul 25."
              },{
                "ReferencePMID":"22287157",
                "ReferenceType":"result",
                "ReferenceCitation":"Segelman J, Granath F, Holm T, Machado M, Mahteme H, Martling A. Incidence, prevalence and risk factors for peritoneal carcinomatosis from colorectal cancer. Br J Surg. 2012 May;99(5):699-705. doi: 10.1002/bjs.8679. Epub 2012 Jan 27."
              },{
                "ReferencePMID":"25680955",
                "ReferenceType":"result",
                "ReferenceCitation":"Razenberg LG, van Gestel YR, Creemers GJ, Verwaal VJ, Lemmens VE, de Hingh IH. Trends in cytoreductive surgery and hyperthermic intraperitoneal chemotherapy for the treatment of synchronous peritoneal carcinomatosis of colorectal origin in the Netherlands. Eur J Surg Oncol. 2015 Apr;41(4):466-71. doi: 10.1016/j.ejso.2015.01.018. Epub 2015 Jan 29."
              },{
                "ReferencePMID":"32306237",
                "ReferenceType":"result",
                "ReferenceCitation":"Torphy RJ, Stewart C, Sharma P, Halpern AL, Oase K, Herter W, Bartsch C, Friedman C, Del Chiaro M, Schulick RD, Gleisner A, McCarter MD, Ahrendt SA. Dextrose-Containing Carrier Solution for Hyperthermic Intraperitoneal Chemotherapy: Increased Intraoperative Hyperglycemia and Postoperative Complications. Ann Surg Oncol. 2020 Dec;27(13):4874-4882. doi: 10.1245/s10434-020-08330-y. Epub 2020 Apr 19."
              }
            ]
          }
        },
        "IPDSharingStatementModule":{
          "IPDSharing":"Yes",
          "IPDSharingDescription":"we would like to share IPD to other researchers 1 years after clinical trial finished",
          "IPDSharingInfoTypeList":{
            "IPDSharingInfoType":[
              "Study Protocol",
              "Informed Consent Form (ICF)",
              "Clinical Study Report (CSR)"
            ]
          },
          "IPDSharingTimeFrame":"we would like to share IPD to other researchers 1 years after clinical trial finished",
          "IPDSharingAccessCriteria":"all data should not been used for commercial purpose and other private purpose and only for academic research"
        }
      },
      "DocumentSection":{
        "LargeDocumentModule":{
          "LargeDocList":{
            "LargeDoc":[
              {
                "LargeDocTypeAbbrev":"Prot_SAP",
                "LargeDocHasProtocol":"Yes",
                "LargeDocHasSAP":"Yes",
                "LargeDocHasICF":"No",
                "LargeDocLabel":"Study Protocol and Statistical Analysis Plan",
                "LargeDocDate":"March 26, 2021",
                "LargeDocUploadDate":"03/31/2021 23:55",
                "LargeDocFilename":"Prot_SAP_000.pdf"
              },{
                "LargeDocTypeAbbrev":"ICF",
                "LargeDocHasProtocol":"No",
                "LargeDocHasSAP":"No",
                "LargeDocHasICF":"Yes",
                "LargeDocLabel":"Informed Consent Form",
                "LargeDocDate":"March 26, 2021",
                "LargeDocUploadDate":"03/31/2021 00:55",
                "LargeDocFilename":"ICF_001.pdf"
              }
            ]
          }
        }
      },
      "DerivedSection":{
        "MiscInfoModule":{
          "VersionHolder":"April 19, 2021"
        },
        "ConditionBrowseModule":{
          "ConditionMeshList":{
            "ConditionMesh":[
              {
                "ConditionMeshId":"D000015179",
                "ConditionMeshTerm":"Colorectal Neoplasms"
              },{
                "ConditionMeshId":"D000005334",
                "ConditionMeshTerm":"Fever"
              }
            ]
          },
          "ConditionAncestorList":{
            "ConditionAncestor":[
              {
                "ConditionAncestorId":"D000007414",
                "ConditionAncestorTerm":"Intestinal Neoplasms"
              },{
                "ConditionAncestorId":"D000005770",
                "ConditionAncestorTerm":"Gastrointestinal Neoplasms"
              },{
                "ConditionAncestorId":"D000004067",
                "ConditionAncestorTerm":"Digestive System Neoplasms"
              },{
                "ConditionAncestorId":"D000009371",
                "ConditionAncestorTerm":"Neoplasms by Site"
              },{
                "ConditionAncestorId":"D000009369",
                "ConditionAncestorTerm":"Neoplasms"
              },{
                "ConditionAncestorId":"D000004066",
                "ConditionAncestorTerm":"Digestive System Diseases"
              },{
                "ConditionAncestorId":"D000005767",
                "ConditionAncestorTerm":"Gastrointestinal Diseases"
              },{
                "ConditionAncestorId":"D000003108",
                "ConditionAncestorTerm":"Colonic Diseases"
              },{
                "ConditionAncestorId":"D000007410",
                "ConditionAncestorTerm":"Intestinal Diseases"
              },{
                "ConditionAncestorId":"D000012002",
                "ConditionAncestorTerm":"Rectal Diseases"
              },{
                "ConditionAncestorId":"D000001832",
                "ConditionAncestorTerm":"Body Temperature Changes"
              }
            ]
          },
          "ConditionBrowseLeafList":{
            "ConditionBrowseLeaf":[
              {
                "ConditionBrowseLeafId":"M10890",
                "ConditionBrowseLeafName":"Neoplasm Metastasis",
                "ConditionBrowseLeafRelevance":"low"
              },{
                "ConditionBrowseLeafId":"M16473",
                "ConditionBrowseLeafName":"Colorectal Neoplasms",
                "ConditionBrowseLeafAsFound":"Colorectal Cancer",
                "ConditionBrowseLeafRelevance":"high"
              },{
                "ConditionBrowseLeafId":"M7047",
                "ConditionBrowseLeafName":"Fever",
                "ConditionBrowseLeafAsFound":"Hyperthermic",
                "ConditionBrowseLeafRelevance":"high"
              },{
                "ConditionBrowseLeafId":"M9031",
                "ConditionBrowseLeafName":"Intestinal Neoplasms",
                "ConditionBrowseLeafRelevance":"low"
              },{
                "ConditionBrowseLeafId":"M7469",
                "ConditionBrowseLeafName":"Gastrointestinal Neoplasms",
                "ConditionBrowseLeafRelevance":"low"
              },{
                "ConditionBrowseLeafId":"M5839",
                "ConditionBrowseLeafName":"Digestive System Neoplasms",
                "ConditionBrowseLeafRelevance":"low"
              },{
                "ConditionBrowseLeafId":"M5838",
                "ConditionBrowseLeafName":"Digestive System Diseases",
                "ConditionBrowseLeafRelevance":"low"
              },{
                "ConditionBrowseLeafId":"M7466",
                "ConditionBrowseLeafName":"Gastrointestinal Diseases",
                "ConditionBrowseLeafRelevance":"low"
              },{
                "ConditionBrowseLeafId":"M4919",
                "ConditionBrowseLeafName":"Colonic Diseases",
                "ConditionBrowseLeafRelevance":"low"
              },{
                "ConditionBrowseLeafId":"M9027",
                "ConditionBrowseLeafName":"Intestinal Diseases",
                "ConditionBrowseLeafRelevance":"low"
              },{
                "ConditionBrowseLeafId":"M13427",
                "ConditionBrowseLeafName":"Rectal Diseases",
                "ConditionBrowseLeafRelevance":"low"
              },{
                "ConditionBrowseLeafId":"M3693",
                "ConditionBrowseLeafName":"Body Temperature Changes",
                "ConditionBrowseLeafRelevance":"low"
              }
            ]
          },
          "ConditionBrowseBranchList":{
            "ConditionBrowseBranch":[
              {
                "ConditionBrowseBranchAbbrev":"BC04",
                "ConditionBrowseBranchName":"Cancers and Other Neoplasms"
              },{
                "ConditionBrowseBranchAbbrev":"BC23",
                "ConditionBrowseBranchName":"Symptoms and General Pathology"
              },{
                "ConditionBrowseBranchAbbrev":"All",
                "ConditionBrowseBranchName":"All Conditions"
              },{
                "ConditionBrowseBranchAbbrev":"BC06",
                "ConditionBrowseBranchName":"Digestive System Diseases"
              }
            ]
          }
        },
        "InterventionBrowseModule":{
          "InterventionMeshList":{
            "InterventionMesh":[
              {
                "InterventionMeshId":"D000008937",
                "InterventionMeshTerm":"Mitomycins"
              },{
                "InterventionMeshId":"D000016685",
                "InterventionMeshTerm":"Mitomycin"
              }
            ]
          },
          "InterventionAncestorList":{
            "InterventionAncestor":[
              {
                "InterventionAncestorId":"D000000903",
                "InterventionAncestorTerm":"Antibiotics, Antineoplastic"
              },{
                "InterventionAncestorId":"D000000970",
                "InterventionAncestorTerm":"Antineoplastic Agents"
              },{
                "InterventionAncestorId":"D000000477",
                "InterventionAncestorTerm":"Alkylating Agents"
              },{
                "InterventionAncestorId":"D000045504",
                "InterventionAncestorTerm":"Molecular Mechanisms of Pharmacological Action"
              },{
                "InterventionAncestorId":"D000019384",
                "InterventionAncestorTerm":"Nucleic Acid Synthesis Inhibitors"
              },{
                "InterventionAncestorId":"D000004791",
                "InterventionAncestorTerm":"Enzyme Inhibitors"
              }
            ]
          },
          "InterventionBrowseLeafList":{
            "InterventionBrowseLeaf":[
              {
                "InterventionBrowseLeafId":"M10486",
                "InterventionBrowseLeafName":"Mitomycins",
                "InterventionBrowseLeafAsFound":"Unresectable",
                "InterventionBrowseLeafRelevance":"high"
              },{
                "InterventionBrowseLeafId":"M17636",
                "InterventionBrowseLeafName":"Mitomycin",
                "InterventionBrowseLeafAsFound":"Unresectable",
                "InterventionBrowseLeafRelevance":"high"
              },{
                "InterventionBrowseLeafId":"M2803",
                "InterventionBrowseLeafName":"Anti-Bacterial Agents",
                "InterventionBrowseLeafRelevance":"low"
              },{
                "InterventionBrowseLeafId":"M2805",
                "InterventionBrowseLeafName":"Antibiotics, Antitubercular",
                "InterventionBrowseLeafRelevance":"low"
              },{
                "InterventionBrowseLeafId":"M2401",
                "InterventionBrowseLeafName":"Alkylating Agents",
                "InterventionBrowseLeafRelevance":"low"
              }
            ]
          },
          "InterventionBrowseBranchList":{
            "InterventionBrowseBranch":[
              {
                "InterventionBrowseBranchAbbrev":"ANeo",
                "InterventionBrowseBranchName":"Antineoplastic Agents"
              },{
                "InterventionBrowseBranchAbbrev":"All",
                "InterventionBrowseBranchName":"All Drugs and Chemicals"
              },{
                "InterventionBrowseBranchAbbrev":"Infe",
                "InterventionBrowseBranchName":"Anti-Infective Agents"
              }
            ]
          }
        }
      }
    }
  }
}

