{
  "FullStudy":{
    "Rank":183,
    "Study":{
      "ProtocolSection":{
        "IdentificationModule":{
          "NCTId":"NCT04847570",
          "OrgStudyIdInfo":{
            "OrgStudyId":"C&W21/009"
          },
          "Organization":{
            "OrgFullName":"Chelsea and Westminster NHS Foundation Trust",
            "OrgClass":"OTHER"
          },
          "BriefTitle":"The Effect of Music on Patients in Critical Care",
          "OfficialTitle":"The Effect of Music on Patients in Critical Care (EMPIRE)",
          "Acronym":"EMPIRE"
        },
        "StatusModule":{
          "StatusVerifiedDate":"April 2021",
          "OverallStatus":"Not yet recruiting",
          "ExpandedAccessInfo":{
            "HasExpandedAccess":"No"
          },
          "StartDateStruct":{
            "StartDate":"April 24, 2021",
            "StartDateType":"Anticipated"
          },
          "PrimaryCompletionDateStruct":{
            "PrimaryCompletionDate":"October 4, 2021",
            "PrimaryCompletionDateType":"Anticipated"
          },
          "CompletionDateStruct":{
            "CompletionDate":"October 4, 2021",
            "CompletionDateType":"Anticipated"
          },
          "StudyFirstSubmitDate":"March 25, 2021",
          "StudyFirstSubmitQCDate":"April 12, 2021",
          "StudyFirstPostDateStruct":{
            "StudyFirstPostDate":"April 19, 2021",
            "StudyFirstPostDateType":"Estimate"
          },
          "LastUpdateSubmitDate":"April 12, 2021",
          "LastUpdatePostDateStruct":{
            "LastUpdatePostDate":"April 19, 2021",
            "LastUpdatePostDateType":"Estimate"
          }
        },
        "SponsorCollaboratorsModule":{
          "ResponsibleParty":{
            "ResponsiblePartyType":"Sponsor"
          },
          "LeadSponsor":{
            "LeadSponsorName":"Chelsea and Westminster NHS Foundation Trust",
            "LeadSponsorClass":"OTHER"
          },
          "CollaboratorList":{
            "Collaborator":[
              {
                "CollaboratorName":"CW plus",
                "CollaboratorClass":"UNKNOWN"
              },{
                "CollaboratorName":"Imperial College London",
                "CollaboratorClass":"OTHER"
              }
            ]
          }
        },
        "OversightModule":{
          "OversightHasDMC":"No",
          "IsFDARegulatedDrug":"No",
          "IsFDARegulatedDevice":"No"
        },
        "DescriptionModule":{
          "BriefSummary":"The EMPIRE study will assess the effect of music listening on patients in critical care. 30 patients from the Adult Intensive Care Unit (AICU) at Chelsea and Westminster Hospital will be recruited to undergo a single 40-minute session of supervised music listening. Before and after the session, patients will be asked to describe their pain and anxiety on a rating of 1-10, and the patient's level of agitation/sedation will also be measured. In addition, physiological data such as heart rate, respiratory rate, blood pressure and level of sedation (bispectral index score) will be measured throughout the listening session. Finally, a 3-month follow-up interview will be conducted to assess the influence of the music on participants' experience of the Adult Intensive Care Unit.",
          "DetailedDescription":"The EMPIRE study will assess the effect of music listening on patients in critical care. Treatment on an intensive care unit can be disorientating and frightening, with patients at risk of delirium and post-traumatic stress disorder. The COVID-19 pandemic has exacerbated some of the factors which might contribute to this, such as lack of visits from relatives and friends, increased difficulty communicating with staff, and an increased likelihood of being on mechanical ventilation and sedation. Music has shown the potential to be a low-cost non-pharmacological intervention which can improve patients' experience of acute care without adding significantly to the workload of staff.\n\nStudies have suggested that music listening has the potential to reduce feelings of pain and anxiety in critical care patients, as well as improved autonomic physiological outcomes such as heart rate, respiratory rate and blood pressure.\n\nThe EMPIRE study will seek to explore the effects described above in greater detail. 30 patients from the Adult Intensive Care Unit (AICU) at Chelsea and Westminster Hospital will be recruited to undergo a single 40-minute session of supervised music listening, in which they will be encouraged to request their favourite music if they are able. Before and after the session, patients will be asked to describe their pain and anxiety on a rating of 1-10, and the patient's level of agitation/sedation will also be measured, so that changes in these can be evaluated. In addition, physiological data such as heart rate, respiratory rate, blood pressure and level of sedation (bispectral index score) will be measured throughout the listening session, and later analysed for significant changes in relation to the music that was being played. Finally, a 3-month follow-up interview will be conducted to assess the influence of the music on participants' experience of the Adult Intensive Care Unit."
        },
        "ConditionsModule":{
          "ConditionList":{
            "Condition":[
              "Intensive Care"
            ]
          },
          "KeywordList":{
            "Keyword":[
              "Music",
              "AICU",
              "Inpatient"
            ]
          }
        },
        "DesignModule":{
          "StudyType":"Interventional",
          "PhaseList":{
            "Phase":[
              "Not Applicable"
            ]
          },
          "DesignInfo":{
            "DesignAllocation":"N/A",
            "DesignInterventionModel":"Single Group Assignment",
            "DesignInterventionModelDescription":"Non-clinical intervention",
            "DesignPrimaryPurpose":"Other",
            "DesignMaskingInfo":{
              "DesignMasking":"None (Open Label)"
            }
          },
          "EnrollmentInfo":{
            "EnrollmentCount":"30",
            "EnrollmentType":"Anticipated"
          }
        },
        "ArmsInterventionsModule":{
          "ArmGroupList":{
            "ArmGroup":[
              {
                "ArmGroupLabel":"Music listening experience",
                "ArmGroupType":"Experimental",
                "ArmGroupDescription":"It is a single-arm non-randomised study. The same inclusion and exclusion criteria applies to all the participants.",
                "ArmGroupInterventionList":{
                  "ArmGroupInterventionName":[
                    "Other: Music session"
                  ]
                }
              }
            ]
          },
          "InterventionList":{
            "Intervention":[
              {
                "InterventionType":"Other",
                "InterventionName":"Music session",
                "InterventionDescription":"Non-clinical intervention only, and no change to clinical care or treatment. Participants will have 10 minutes of undisturbed rest, followed by a supervised music-listening session of up to 40 minutes, ending with another 10-minute rest period.",
                "InterventionArmGroupLabelList":{
                  "InterventionArmGroupLabel":[
                    "Music listening experience"
                  ]
                }
              }
            ]
          }
        },
        "OutcomesModule":{
          "PrimaryOutcomeList":{
            "PrimaryOutcome":[
              {
                "PrimaryOutcomeMeasure":"Investigate the effect of music on state anxiety",
                "PrimaryOutcomeDescription":"Verbal anxiety rating, 0-10, pre/post.",
                "PrimaryOutcomeTimeFrame":"6 months"
              },{
                "PrimaryOutcomeMeasure":"Investigate the effect of music on pain",
                "PrimaryOutcomeDescription":"Either ONRS 0-10, or C-POT 0-8, pre/post",
                "PrimaryOutcomeTimeFrame":"6 months"
              },{
                "PrimaryOutcomeMeasure":"Investigate the effect of music on agitation",
                "PrimaryOutcomeDescription":"RASS, -5 to +4, pre-/post",
                "PrimaryOutcomeTimeFrame":"6 months"
              },{
                "PrimaryOutcomeMeasure":"Investigate the effect of music on HR",
                "PrimaryOutcomeDescription":"Measured in beats per minute",
                "PrimaryOutcomeTimeFrame":"6 months"
              },{
                "PrimaryOutcomeMeasure":"Investigate the effect of music on RR",
                "PrimaryOutcomeDescription":"Measured in breaths per minute",
                "PrimaryOutcomeTimeFrame":"6 months"
              },{
                "PrimaryOutcomeMeasure":"Investigate the effect of music on DBP and SBP",
                "PrimaryOutcomeDescription":"Measured in mm Hg",
                "PrimaryOutcomeTimeFrame":"6 months"
              },{
                "PrimaryOutcomeMeasure":"Investigate the effect of music on BIS",
                "PrimaryOutcomeDescription":"Measured using the Bispectral index (BIS)",
                "PrimaryOutcomeTimeFrame":"6 months"
              },{
                "PrimaryOutcomeMeasure":"Investigate the longitudinal effects of music on ICU experience",
                "PrimaryOutcomeDescription":"Follow up interview 3 months later",
                "PrimaryOutcomeTimeFrame":"3 months"
              }
            ]
          },
          "SecondaryOutcomeList":{
            "SecondaryOutcome":[
              {
                "SecondaryOutcomeMeasure":"Correlation analysis of continuous HR, RR, BP and BIS data with the following musical analysis data (drawn from the Spotify API):",
                "SecondaryOutcomeDescription":"Acousticness (0-1)\nDanceability (0-1)\nDuration (continuous)\nEnergy (0-1)\nInstrumentalness (0-1)\nKey (0-11)\nLiveness (0-1)\nLoudness (db, c.-60 to 0)\nMode (0-1)\nSpeechiness (0-1)\nTempo (continuous)\nTime Signature (continuous)\nValence (0-1)",
                "SecondaryOutcomeTimeFrame":"6 months"
              }
            ]
          }
        },
        "EligibilityModule":{
          "EligibilityCriteria":"Inclusion Criteria:\n\nNominated for participation by the clinical team of the Chelsea and Westminster Hospital AICU\nLevel 1-3 critical care inpatient at Chelsea and Westminster Hospital AICU\nAge 18 or above\nEnglish speaking\nRASS score >-2\nNo significant hearing loss (able to hear music being played)\nConsent obtained from patient or advice sought from consultee (personal or nominated (professional))\n\nExclusion Criteria:\n\nUnder 18 years of age\nNon-English speaking\nRASS score <-2\nSignificant hearing loss (not able to hear music being played)\nUnable to obtain consent from patient or receive advice from consultee (personal or nominated)",
          "HealthyVolunteers":"No",
          "Gender":"All",
          "MinimumAge":"18 Years",
          "StdAgeList":{
            "StdAge":[
              "Adult",
              "Older Adult"
            ]
          }
        },
        "ContactsLocationsModule":{
          "CentralContactList":{
            "CentralContact":[
              {
                "CentralContactName":"Research Delivery Operations Manager",
                "CentralContactRole":"Contact",
                "CentralContactPhone":"020 3315 6825",
                "CentralContactEMail":"research.development@nhs.net"
              }
            ]
          },
          "LocationList":{
            "Location":[
              {
                "LocationFacility":"Chelsea and Westminster Hospital NHS Foundation Trust",
                "LocationCity":"London",
                "LocationZip":"SW10 9NH",
                "LocationCountry":"United Kingdom",
                "LocationContactList":{
                  "LocationContact":[
                    {
                      "LocationContactName":"Damon Foster",
                      "LocationContactRole":"Contact",
                      "LocationContactEMail":"research.development@nhs.net"
                    },{
                      "LocationContactName":"Marcela Vizcaychipi",
                      "LocationContactRole":"Contact",
                      "LocationContactEMail":"Marcela.Vizcaychipi@chelwest.nhs.uk"
                    },{
                      "LocationContactName":"Marcela Vizcaychipi",
                      "LocationContactRole":"Principal Investigator"
                    }
                  ]
                }
              }
            ]
          }
        },
        "ReferencesModule":{
          "ReferenceList":{
            "Reference":[
              {
                "ReferencePMID":"28904523",
                "ReferenceType":"background",
                "ReferenceCitation":"Ames N, Shuford R, Yang L, Moriyama B, Frey M, Wilson F, Sundaramurthi T, Gori D, Mannes A, Ranucci A, Koziol D, Wallen GR. Music Listening Among Postoperative Patients in the Intensive Care Unit: A Randomized Controlled Trial with Mixed-Methods Analysis. Integr Med Insights. 2017 Jul 20;12:1178633717716455. doi: 10.1177/1178633717716455. eCollection 2017."
              },{
                "ReferencePMID":"11126464",
                "ReferenceType":"background",
                "ReferenceCitation":"Benotsch EG, Lutgendorf SK, Watson D, Fick LJ, Lang EV. Rapid anxiety assessment in medical patients: evidence for the validity of verbal anxiety ratings. Ann Behav Med. 2000 Summer;22(3):199-203."
              },{
                "ReferencePMID":"25490233",
                "ReferenceType":"background",
                "ReferenceCitation":"Bradt J, Dileo C. Music interventions for mechanically ventilated patients. Cochrane Database Syst Rev. 2014;(12):CD006902. doi: 10.1002/14651858.CD006902.pub3. Epub 2014 Dec 9. Review."
              },{
                "ReferenceType":"background",
                "ReferenceCitation":"Cardoso, L. et al. (2017) 'Music therapy as an autonomous intervention of nurses for pain control in icu: integrative review', Millenium - Journal of Education, Technologies, and Health, 2(04), pp. 89-100. doi: 10.29352/mill0204.08.00148."
              },{
                "ReferencePMID":"20843604",
                "ReferenceType":"background",
                "ReferenceCitation":"Chanques G, Viel E, Constantin JM, Jung B, de Lattre S, Carr J, Cissé M, Lefrant JY, Jaber S. The measurement of pain in intensive care unit: comparison of 5 self-report intensity scales. Pain. 2010 Dec;151(3):711-721. doi: 10.1016/j.pain.2010.08.039. Epub 2010 Sep 16."
              },{
                "ReferencePMID":"17322014",
                "ReferenceType":"background",
                "ReferenceCitation":"Chlan LL, Engeland WC, Anthony A, Guttormson J. Influence of music on the stress response in patients receiving mechanical ventilatory support: a pilot study. Am J Crit Care. 2007 Mar;16(2):141-5."
              },{
                "ReferencePMID":"18774425",
                "ReferenceType":"background",
                "ReferenceCitation":"Davydow DS, Gifford JM, Desai SV, Needham DM, Bienvenu OJ. Posttraumatic stress disorder in general intensive care unit survivors: a systematic review. Gen Hosp Psychiatry. 2008 Sep-Oct;30(5):421-34. doi: 10.1016/j.genhosppsych.2008.05.006. Epub 2008 Jul 30. Review."
              },{
                "ReferencePMID":"16823021",
                "ReferenceType":"background",
                "ReferenceCitation":"Gélinas C, Fillion L, Puntillo KA, Viens C, Fortier M. Validation of the critical-care pain observation tool in adult patients. Am J Crit Care. 2006 Jul;15(4):420-7."
              },{
                "ReferencePMID":"20492042",
                "ReferenceType":"background",
                "ReferenceCitation":"Han L, Li JP, Sit JW, Chung L, Jiao ZY, Ma WG. Effects of music intervention on physiological stress response and anxiety level of mechanically ventilated patients in China: a randomised controlled trial. J Clin Nurs. 2010 Apr;19(7-8):978-87. doi: 10.1111/j.1365-2702.2009.02845.x."
              },{
                "ReferencePMID":"23493927",
                "ReferenceType":"background",
                "ReferenceCitation":"Jafari H, Emami Zeydi A, Khani S, Esmaeili R, Soleimani A. The effects of listening to preferred music on pain intensity after open heart surgery. Iran J Nurs Midwifery Res. 2012 Jan;17(1):1-6."
              },{
                "ReferenceType":"background",
                "ReferenceCitation":"Kyavar, M. et al. (2016) 'Effect of preferred music listening on pain reduction in mechanically ventilated patients after coronary artery bypass graft surgery', Research in Cardiovascular Medicine, 5(4), p. 8. doi: 10.5812/cardiovascmed.33769."
              },{
                "ReferencePMID":"27655993",
                "ReferenceType":"background",
                "ReferenceCitation":"Lee CH, Lee CY, Hsu MY, Lai CL, Sung YH, Lin CY, Lin LY. Effects of Music Intervention on State Anxiety and Physiological Indices in Patients Undergoing Mechanical Ventilation in the Intensive Care Unit. Biol Res Nurs. 2017 Mar;19(2):137-144. doi: 10.1177/1099800416669601. Epub 2016 Sep 21."
              },{
                "ReferencePMID":"15840076",
                "ReferenceType":"background",
                "ReferenceCitation":"Lee OK, Chung YF, Chan MF, Chan WM. Music and its effect on the physiological responses and anxiety levels of patients receiving mechanical ventilation: a pilot study. J Clin Nurs. 2005 May;14(5):609-20."
              },{
                "ReferencePMID":"18395022",
                "ReferenceType":"background",
                "ReferenceCitation":"Nilsson U. The anxiety- and pain-reducing effects of music interventions: a systematic review. AORN J. 2008 Apr;87(4):780-807. doi: 10.1016/j.aorn.2007.09.013. Review."
              },{
                "ReferencePMID":"31881291",
                "ReferenceType":"background",
                "ReferenceCitation":"Richard-Lalonde M, Gélinas C, Boitor M, Gosselin E, Feeley N, Cossette S, Chlan LL. The Effect of Music on Pain in the Adult Intensive Care Unit: A Systematic Review of Randomized Controlled Trials. J Pain Symptom Manage. 2020 Jun;59(6):1304-1319.e6. doi: 10.1016/j.jpainsymman.2019.12.359. Epub 2019 Dec 24. Review."
              },{
                "ReferencePMID":"21371888",
                "ReferenceType":"background",
                "ReferenceCitation":"Samuelson KA. Unpleasant and pleasant memories of intensive care in adult mechanically ventilated patients--findings from 250 interviews. Intensive Crit Care Nurs. 2011 Apr;27(2):76-84. doi: 10.1016/j.iccn.2011.01.003. Epub 2011 Mar 2."
              },{
                "ReferencePMID":"12421743",
                "ReferenceType":"background",
                "ReferenceCitation":"Sessler CN, Gosnell MS, Grap MJ, Brophy GM, O'Neal PV, Keane KA, Tesoro EP, Elswick RK. The Richmond Agitation-Sedation Scale: validity and reliability in adult intensive care unit patients. Am J Respir Crit Care Med. 2002 Nov 15;166(10):1338-44."
              },{
                "ReferenceType":"background",
                "ReferenceCitation":"Stratton, V. N. and Zalanowski, A. H. (1984) 'The relationship between music, degree of liking, and self-reported relaxation', Journal of Music Therapy, 21(4), pp. 184-192. doi: 10.1093/jmt/21.4.184."
              }
            ]
          }
        },
        "IPDSharingStatementModule":{
          "IPDSharing":"No"
        }
      },
      "DerivedSection":{
        "MiscInfoModule":{
          "VersionHolder":"April 19, 2021"
        }
      }
    }
  }
}

