{
  "FullStudy":{
    "Rank":73,
    "Study":{
      "ProtocolSection":{
        "IdentificationModule":{
          "NCTId":"NCT04849000",
          "OrgStudyIdInfo":{
            "OrgStudyId":"SHR-1209-301"
          },
          "Organization":{
            "OrgFullName":"Jiangsu HengRui Medicine Co., Ltd.",
            "OrgClass":"INDUSTRY"
          },
          "BriefTitle":"Study of SHR-1209 in the Treatment of Hypercholesterolemia and Hyperlipidemia Ⅲ Stage",
          "OfficialTitle":"Phase III, Multicentre, Randomized, Double-blind, Placebo-controlled Trial Evaluating the Efficacy and Safety of SHR-1209 Monotherapy in Patients With Primary Hypercholesterolemia and Mixed Hyperlipemia"
        },
        "StatusModule":{
          "StatusVerifiedDate":"March 2021",
          "OverallStatus":"Not yet recruiting",
          "ExpandedAccessInfo":{
            "HasExpandedAccess":"No"
          },
          "StartDateStruct":{
            "StartDate":"April 20, 2021",
            "StartDateType":"Anticipated"
          },
          "PrimaryCompletionDateStruct":{
            "PrimaryCompletionDate":"February 28, 2022",
            "PrimaryCompletionDateType":"Anticipated"
          },
          "CompletionDateStruct":{
            "CompletionDate":"June 28, 2022",
            "CompletionDateType":"Anticipated"
          },
          "StudyFirstSubmitDate":"March 31, 2021",
          "StudyFirstSubmitQCDate":"April 13, 2021",
          "StudyFirstPostDateStruct":{
            "StudyFirstPostDate":"April 19, 2021",
            "StudyFirstPostDateType":"Estimate"
          },
          "LastUpdateSubmitDate":"April 13, 2021",
          "LastUpdatePostDateStruct":{
            "LastUpdatePostDate":"April 19, 2021",
            "LastUpdatePostDateType":"Estimate"
          }
        },
        "SponsorCollaboratorsModule":{
          "ResponsibleParty":{
            "ResponsiblePartyType":"Sponsor"
          },
          "LeadSponsor":{
            "LeadSponsorName":"Jiangsu HengRui Medicine Co., Ltd.",
            "LeadSponsorClass":"INDUSTRY"
          }
        },
        "OversightModule":{
          "IsFDARegulatedDrug":"No",
          "IsFDARegulatedDevice":"No"
        },
        "DescriptionModule":{
          "BriefSummary":"The study is ongoing to evaluate the efficacy and safety of SHR-1209 in patients with hypercholesterolemia and hyperlipemia."
        },
        "ConditionsModule":{
          "ConditionList":{
            "Condition":[
              "Primary Hypercholesterolemia",
              "Mixed Hyperlipemia"
            ]
          }
        },
        "DesignModule":{
          "StudyType":"Interventional",
          "PhaseList":{
            "Phase":[
              "Phase 3"
            ]
          },
          "DesignInfo":{
            "DesignAllocation":"Randomized",
            "DesignInterventionModel":"Parallel Assignment",
            "DesignInterventionModelDescription":"SHR-1209 monotherapy",
            "DesignPrimaryPurpose":"Treatment",
            "DesignMaskingInfo":{
              "DesignMasking":"Quadruple",
              "DesignWhoMaskedList":{
                "DesignWhoMasked":[
                  "Participant",
                  "Care Provider",
                  "Investigator",
                  "Outcomes Assessor"
                ]
              }
            }
          },
          "EnrollmentInfo":{
            "EnrollmentCount":"405",
            "EnrollmentType":"Anticipated"
          }
        },
        "ArmsInterventionsModule":{
          "ArmGroupList":{
            "ArmGroup":[
              {
                "ArmGroupLabel":"SHR-1209",
                "ArmGroupType":"Experimental",
                "ArmGroupInterventionList":{
                  "ArmGroupInterventionName":[
                    "Drug: SHR-1209"
                  ]
                }
              },{
                "ArmGroupLabel":"SHR-1209 Placebo",
                "ArmGroupType":"Placebo Comparator",
                "ArmGroupInterventionList":{
                  "ArmGroupInterventionName":[
                    "Drug: SHR-1209 Placebo"
                  ]
                }
              }
            ]
          },
          "InterventionList":{
            "Intervention":[
              {
                "InterventionType":"Drug",
                "InterventionName":"SHR-1209",
                "InterventionDescription":"SHR-1209",
                "InterventionArmGroupLabelList":{
                  "InterventionArmGroupLabel":[
                    "SHR-1209"
                  ]
                }
              },{
                "InterventionType":"Drug",
                "InterventionName":"SHR-1209 Placebo",
                "InterventionDescription":"SHR-1209 Placebo",
                "InterventionArmGroupLabelList":{
                  "InterventionArmGroupLabel":[
                    "SHR-1209 Placebo"
                  ]
                }
              }
            ]
          }
        },
        "OutcomesModule":{
          "PrimaryOutcomeList":{
            "PrimaryOutcome":[
              {
                "PrimaryOutcomeMeasure":"12-weeks or 16weeks Percentage change in LDL-C relative to baseline",
                "PrimaryOutcomeTimeFrame":"12-weeks or 16weeks"
              }
            ]
          },
          "SecondaryOutcomeList":{
            "SecondaryOutcome":[
              {
                "SecondaryOutcomeMeasure":"12-weeks or 16weeks change in LDL-C relative to baseline；",
                "SecondaryOutcomeTimeFrame":"12-weeks or 16weeks"
              },{
                "SecondaryOutcomeMeasure":"Percentage of changes in non-HDL-C, ApoB, TC/HDL-C, ApoB/ApoA1, LP (a) and TG relative to baseline and relative to baseline after 12 weeks or 16 weeks of treatment",
                "SecondaryOutcomeTimeFrame":"12 weeks or 16 weeks"
              }
            ]
          }
        },
        "EligibilityModule":{
          "EligibilityCriteria":"Inclusion Criteria:\n\nAge ≥18 and ≤80 on the date of signing the informed consent, male or female;\nFasting LDL-C was ≥2.6mmol/L and <4.9mmol/L at screening and randomization；\nThose who understand the study procedures and methods, volunteer to participate in the study, and sign the informed consent in person.\n\nExclusion Criteria:\n\nHave the following diseases or treatment history :(1) Have known allergic reaction to experimental drugs, or have severe allergic reaction to other antibody drugs;(2) previous diagnosis of cardiac function as defined by the New York Heart Association (NYHA) grade III-IV;\nAny of the laboratory indicators met the following criteria at screening or at random :(1) Alanine aminotransferase (ALT) or aspartate aminotransferase (AST) exceeding 2 times the upper limit of normal (ULN), or total bilirubin exceeding 1.5 times the upper limit of normal (ULN);(2) Creatine kinase (CK) exceeds 3 times the upper limit of normal value (ULN);\nGeneral conditions :(1) the investigator judged that subcutaneous injection was not appropriate;(2) Fertile female subjects who did not use contraception within 4 weeks before screening;Or male or female subjects who do not agree to use high-efficiency contraceptives during the trial and for 24 weeks after the last dosing;(3) Women who are pregnant or lactating.\nThe Investigator determines that the subjects have poor compliance or have any factors that may prevent them from participating in the study, including, but not limited to, the study placing the subjects at unacceptable risk or possibly interfering with the study results.",
          "HealthyVolunteers":"No",
          "Gender":"All",
          "MinimumAge":"18 Years",
          "MaximumAge":"80 Years",
          "StdAgeList":{
            "StdAge":[
              "Adult",
              "Older Adult"
            ]
          }
        },
        "ContactsLocationsModule":{
          "CentralContactList":{
            "CentralContact":[
              {
                "CentralContactName":"Lijun Tang",
                "CentralContactRole":"Contact",
                "CentralContactPhone":"+86 18570616501",
                "CentralContactEMail":"lijun.tang@hengrui.com"
              },{
                "CentralContactName":"Chanjuan Deng",
                "CentralContactRole":"Contact",
                "CentralContactPhone":"+86 18672104055",
                "CentralContactEMail":"chanjuan.deng@hengrui.com"
              }
            ]
          }
        }
      },
      "DerivedSection":{
        "MiscInfoModule":{
          "VersionHolder":"April 19, 2021"
        },
        "ConditionBrowseModule":{
          "ConditionMeshList":{
            "ConditionMesh":[
              {
                "ConditionMeshId":"D000006954",
                "ConditionMeshTerm":"Hyperlipoproteinemia Type V"
              },{
                "ConditionMeshId":"D000006937",
                "ConditionMeshTerm":"Hypercholesterolemia"
              },{
                "ConditionMeshId":"D000006949",
                "ConditionMeshTerm":"Hyperlipidemias"
              }
            ]
          },
          "ConditionAncestorList":{
            "ConditionAncestor":[
              {
                "ConditionAncestorId":"D000050171",
                "ConditionAncestorTerm":"Dyslipidemias"
              },{
                "ConditionAncestorId":"D000052439",
                "ConditionAncestorTerm":"Lipid Metabolism Disorders"
              },{
                "ConditionAncestorId":"D000008659",
                "ConditionAncestorTerm":"Metabolic Diseases"
              },{
                "ConditionAncestorId":"D000008052",
                "ConditionAncestorTerm":"Lipid Metabolism, Inborn Errors"
              },{
                "ConditionAncestorId":"D000008661",
                "ConditionAncestorTerm":"Metabolism, Inborn Errors"
              },{
                "ConditionAncestorId":"D000030342",
                "ConditionAncestorTerm":"Genetic Diseases, Inborn"
              },{
                "ConditionAncestorId":"D000006951",
                "ConditionAncestorTerm":"Hyperlipoproteinemias"
              },{
                "ConditionAncestorId":"D000015228",
                "ConditionAncestorTerm":"Hypertriglyceridemia"
              }
            ]
          },
          "ConditionBrowseLeafList":{
            "ConditionBrowseLeaf":[
              {
                "ConditionBrowseLeafId":"M8588",
                "ConditionBrowseLeafName":"Hyperlipoproteinemia Type V",
                "ConditionBrowseLeafAsFound":"Mixed Hyperlipemia",
                "ConditionBrowseLeafRelevance":"high"
              },{
                "ConditionBrowseLeafId":"M8571",
                "ConditionBrowseLeafName":"Hypercholesterolemia",
                "ConditionBrowseLeafAsFound":"Hypercholesterolemia",
                "ConditionBrowseLeafRelevance":"high"
              },{
                "ConditionBrowseLeafId":"M8583",
                "ConditionBrowseLeafName":"Hyperlipidemias",
                "ConditionBrowseLeafAsFound":"Hyperlipemia",
                "ConditionBrowseLeafRelevance":"high"
              },{
                "ConditionBrowseLeafId":"M8585",
                "ConditionBrowseLeafName":"Hyperlipoproteinemias",
                "ConditionBrowseLeafRelevance":"low"
              },{
                "ConditionBrowseLeafId":"M24768",
                "ConditionBrowseLeafName":"Dyslipidemias",
                "ConditionBrowseLeafRelevance":"low"
              },{
                "ConditionBrowseLeafId":"M10222",
                "ConditionBrowseLeafName":"Metabolic Diseases",
                "ConditionBrowseLeafRelevance":"low"
              },{
                "ConditionBrowseLeafId":"M25616",
                "ConditionBrowseLeafName":"Lipid Metabolism Disorders",
                "ConditionBrowseLeafRelevance":"low"
              },{
                "ConditionBrowseLeafId":"M10224",
                "ConditionBrowseLeafName":"Metabolism, Inborn Errors",
                "ConditionBrowseLeafRelevance":"low"
              },{
                "ConditionBrowseLeafId":"M9637",
                "ConditionBrowseLeafName":"Lipid Metabolism, Inborn Errors",
                "ConditionBrowseLeafRelevance":"low"
              },{
                "ConditionBrowseLeafId":"M22270",
                "ConditionBrowseLeafName":"Genetic Diseases, Inborn",
                "ConditionBrowseLeafRelevance":"low"
              },{
                "ConditionBrowseLeafId":"M16515",
                "ConditionBrowseLeafName":"Hypertriglyceridemia",
                "ConditionBrowseLeafRelevance":"low"
              },{
                "ConditionBrowseLeafId":"T2900",
                "ConditionBrowseLeafName":"Hyperlipoproteinemia Type 5",
                "ConditionBrowseLeafAsFound":"Mixed Hyperlipemia",
                "ConditionBrowseLeafRelevance":"high"
              }
            ]
          },
          "ConditionBrowseBranchList":{
            "ConditionBrowseBranch":[
              {
                "ConditionBrowseBranchAbbrev":"BC16",
                "ConditionBrowseBranchName":"Diseases and Abnormalities at or Before Birth"
              },{
                "ConditionBrowseBranchAbbrev":"BC18",
                "ConditionBrowseBranchName":"Nutritional and Metabolic Diseases"
              },{
                "ConditionBrowseBranchAbbrev":"All",
                "ConditionBrowseBranchName":"All Conditions"
              },{
                "ConditionBrowseBranchAbbrev":"Rare",
                "ConditionBrowseBranchName":"Rare Diseases"
              }
            ]
          }
        }
      }
    }
  }
}

