{
  "FullStudy":{
    "Rank":60101,
    "Study":{
      "ProtocolSection":{
        "IdentificationModule":{
          "NCTId":"NCT04067440",
          "OrgStudyIdInfo":{
            "OrgStudyId":"METABIOM"
          },
          "Organization":{
            "OrgFullName":"University Hospital, Saarland",
            "OrgClass":"OTHER"
          },
          "BriefTitle":"Characterization of the Microbiome in Peritoneum, Jejunum, Rectum and Stool",
          "OfficialTitle":"Characterization and Comparison of the Human Microbiome in Peritoneum, Jejunum, Rectum and Stool",
          "Acronym":"METABIOM"
        },
        "StatusModule":{
          "StatusVerifiedDate":"October 2019",
          "OverallStatus":"Recruiting",
          "ExpandedAccessInfo":{
            "HasExpandedAccess":"No"
          },
          "StartDateStruct":{
            "StartDate":"October 1, 2019",
            "StartDateType":"Actual"
          },
          "PrimaryCompletionDateStruct":{
            "PrimaryCompletionDate":"April 1, 2020",
            "PrimaryCompletionDateType":"Anticipated"
          },
          "CompletionDateStruct":{
            "CompletionDate":"December 1, 2020",
            "CompletionDateType":"Anticipated"
          },
          "StudyFirstSubmitDate":"August 21, 2019",
          "StudyFirstSubmitQCDate":"August 21, 2019",
          "StudyFirstPostDateStruct":{
            "StudyFirstPostDate":"August 26, 2019",
            "StudyFirstPostDateType":"Actual"
          },
          "LastUpdateSubmitDate":"October 2, 2019",
          "LastUpdatePostDateStruct":{
            "LastUpdatePostDate":"October 3, 2019",
            "LastUpdatePostDateType":"Actual"
          }
        },
        "SponsorCollaboratorsModule":{
          "ResponsibleParty":{
            "ResponsiblePartyType":"Principal Investigator",
            "ResponsiblePartyInvestigatorFullName":"Michael Jelden, MD",
            "ResponsiblePartyInvestigatorTitle":"Dr. med. Michael Jelden",
            "ResponsiblePartyInvestigatorAffiliation":"University Hospital, Saarland"
          },
          "LeadSponsor":{
            "LeadSponsorName":"University Hospital, Saarland",
            "LeadSponsorClass":"OTHER"
          },
          "CollaboratorList":{
            "Collaborator":[
              {
                "CollaboratorName":"Universität des Saarlandes",
                "CollaboratorClass":"OTHER"
              }
            ]
          }
        },
        "OversightModule":{
          "OversightHasDMC":"No",
          "IsFDARegulatedDrug":"No",
          "IsFDARegulatedDevice":"No"
        },
        "DescriptionModule":{
          "BriefSummary":"Characterization of the human microbiome in the jejunum and comparison to the microbiome in the rectum and stool in order to see how the microbial communities change within the intestines.",
          "DetailedDescription":"Subjects to undergo surgery with opening of the jejunum will be sampled with sterile swabs from peritoneum and the inside of the jejunum. A swab will also be taken from the rectum.\n\nThe peritoneum is regarded as a sterile place until today. We try to either verify this, we also could find a scientific base for theories like leaky gut or other forms of bacterial migration through the intestinal wall.\n\nMany of these patients undergo bariatric surgery. Many of them do have a dramatic change in glucose metabolism immediate after surgery. Therefore stool swabs will be taken before and 5 days after surgery."
        },
        "ConditionsModule":{
          "ConditionList":{
            "Condition":[
              "Obesity",
              "Diabetes Mellitus",
              "Fatty Liver, Nonalcoholic",
              "Leaky Gut Syndrome",
              "Chronic Pancreatitis"
            ]
          },
          "KeywordList":{
            "Keyword":[
              "Microbiome",
              "Obesity",
              "Chronic Liver Disease"
            ]
          }
        },
        "DesignModule":{
          "StudyType":"Observational",
          "PatientRegistry":"No",
          "DesignInfo":{
            "DesignObservationalModelList":{
              "DesignObservationalModel":[
                "Cohort"
              ]
            },
            "DesignTimePerspectiveList":{
              "DesignTimePerspective":[
                "Retrospective"
              ]
            }
          },
          "EnrollmentInfo":{
            "EnrollmentCount":"30",
            "EnrollmentType":"Anticipated"
          }
        },
        "ArmsInterventionsModule":{
          "ArmGroupList":{
            "ArmGroup":[
              {
                "ArmGroupLabel":"Patients",
                "ArmGroupDescription":"Subjects to undergo surgery including opening of the jejunum with non-inflammative condition.",
                "ArmGroupInterventionList":{
                  "ArmGroupInterventionName":[
                    "Diagnostic Test: Microbial Swab"
                  ]
                }
              }
            ]
          },
          "InterventionList":{
            "Intervention":[
              {
                "InterventionType":"Diagnostic Test",
                "InterventionName":"Microbial Swab",
                "InterventionDescription":"Swabs will be taken from peritoneum and jejunum (intraoperatively), rectum, and stool",
                "InterventionArmGroupLabelList":{
                  "InterventionArmGroupLabel":[
                    "Patients"
                  ]
                }
              }
            ]
          }
        },
        "OutcomesModule":{
          "PrimaryOutcomeList":{
            "PrimaryOutcome":[
              {
                "PrimaryOutcomeMeasure":"Characterization of microbiome",
                "PrimaryOutcomeDescription":"Previously uncharacterized sites: jejunum, peritoneum",
                "PrimaryOutcomeTimeFrame":"intra-operative"
              }
            ]
          }
        },
        "EligibilityModule":{
          "EligibilityCriteria":"Inclusion Criteria:\n\nabdominal surgery containing opening of jejunum\nsinging of consent\n\nExclusion Criteria:\n\ninflammative condition (appendicitis, pancreatitis, Crohn, Colitis ulcerous, cholecystitis and similar)",
          "HealthyVolunteers":"No",
          "Gender":"All",
          "MinimumAge":"18 Years",
          "MaximumAge":"80 Years",
          "StdAgeList":{
            "StdAge":[
              "Adult",
              "Older Adult"
            ]
          },
          "StudyPopulation":"Patients with obesity",
          "SamplingMethod":"Probability Sample"
        },
        "ContactsLocationsModule":{
          "CentralContactList":{
            "CentralContact":[
              {
                "CentralContactName":"Michael Jelden, Dr.",
                "CentralContactRole":"Contact",
                "CentralContactPhone":"+49684116",
                "CentralContactPhoneExt":"30000",
                "CentralContactEMail":"michael.jelden@uks.eu"
              }
            ]
          },
          "OverallOfficialList":{
            "OverallOfficial":[
              {
                "OverallOfficialName":"Michael Jelden, Dr.",
                "OverallOfficialAffiliation":"Saarland University Hospital",
                "OverallOfficialRole":"Principal Investigator"
              }
            ]
          },
          "LocationList":{
            "Location":[
              {
                "LocationFacility":"Department of General, Visceral, Vascular and Pediatric Surgery, University of Saarland,",
                "LocationStatus":"Recruiting",
                "LocationCity":"Homburg/Saar",
                "LocationZip":"D-66421",
                "LocationCountry":"Germany",
                "LocationContactList":{
                  "LocationContact":[
                    {
                      "LocationContactName":"Michael Jelden, M.D., FRCS",
                      "LocationContactRole":"Contact",
                      "LocationContactPhone":"+4968411631000",
                      "LocationContactEMail":"michael.jelden@uks.eu"
                    }
                  ]
                }
              }
            ]
          }
        },
        "IPDSharingStatementModule":{
          "IPDSharing":"Undecided"
        }
      },
      "DerivedSection":{
        "MiscInfoModule":{
          "VersionHolder":"April 19, 2021"
        },
        "ConditionBrowseModule":{
          "ConditionMeshList":{
            "ConditionMesh":[
              {
                "ConditionMeshId":"D000005234",
                "ConditionMeshTerm":"Fatty Liver"
              },{
                "ConditionMeshId":"D000010195",
                "ConditionMeshTerm":"Pancreatitis"
              },{
                "ConditionMeshId":"D000050500",
                "ConditionMeshTerm":"Pancreatitis, Chronic"
              },{
                "ConditionMeshId":"D000065626",
                "ConditionMeshTerm":"Non-alcoholic Fatty Liver Disease"
              }
            ]
          },
          "ConditionAncestorList":{
            "ConditionAncestor":[
              {
                "ConditionAncestorId":"D000008107",
                "ConditionAncestorTerm":"Liver Diseases"
              },{
                "ConditionAncestorId":"D000004066",
                "ConditionAncestorTerm":"Digestive System Diseases"
              },{
                "ConditionAncestorId":"D000010182",
                "ConditionAncestorTerm":"Pancreatic Diseases"
              }
            ]
          },
          "ConditionBrowseLeafList":{
            "ConditionBrowseLeaf":[
              {
                "ConditionBrowseLeafId":"M5698",
                "ConditionBrowseLeafName":"Diabetes Mellitus",
                "ConditionBrowseLeafRelevance":"low"
              },{
                "ConditionBrowseLeafId":"M6958",
                "ConditionBrowseLeafName":"Fatty Liver",
                "ConditionBrowseLeafAsFound":"Fatty Liver",
                "ConditionBrowseLeafRelevance":"high"
              },{
                "ConditionBrowseLeafId":"M14938",
                "ConditionBrowseLeafName":"Syndrome",
                "ConditionBrowseLeafRelevance":"low"
              },{
                "ConditionBrowseLeafId":"M11284",
                "ConditionBrowseLeafName":"Obesity",
                "ConditionBrowseLeafRelevance":"low"
              },{
                "ConditionBrowseLeafId":"M9690",
                "ConditionBrowseLeafName":"Liver Diseases",
                "ConditionBrowseLeafRelevance":"low"
              },{
                "ConditionBrowseLeafId":"M11698",
                "ConditionBrowseLeafName":"Pancreatitis",
                "ConditionBrowseLeafAsFound":"Pancreatitis",
                "ConditionBrowseLeafRelevance":"high"
              },{
                "ConditionBrowseLeafId":"M24847",
                "ConditionBrowseLeafName":"Pancreatitis, Chronic",
                "ConditionBrowseLeafAsFound":"Chronic Pancreatitis",
                "ConditionBrowseLeafRelevance":"high"
              },{
                "ConditionBrowseLeafId":"M29127",
                "ConditionBrowseLeafName":"Non-alcoholic Fatty Liver Disease",
                "ConditionBrowseLeafAsFound":"Fatty Liver, Nonalcoholic",
                "ConditionBrowseLeafRelevance":"high"
              },{
                "ConditionBrowseLeafId":"M5838",
                "ConditionBrowseLeafName":"Digestive System Diseases",
                "ConditionBrowseLeafRelevance":"low"
              },{
                "ConditionBrowseLeafId":"M7466",
                "ConditionBrowseLeafName":"Gastrointestinal Diseases",
                "ConditionBrowseLeafRelevance":"low"
              },{
                "ConditionBrowseLeafId":"M11685",
                "ConditionBrowseLeafName":"Pancreatic Diseases",
                "ConditionBrowseLeafRelevance":"low"
              },{
                "ConditionBrowseLeafId":"T5868",
                "ConditionBrowseLeafName":"Visceral Steatosis",
                "ConditionBrowseLeafRelevance":"low"
              }
            ]
          },
          "ConditionBrowseBranchList":{
            "ConditionBrowseBranch":[
              {
                "ConditionBrowseBranchAbbrev":"BC18",
                "ConditionBrowseBranchName":"Nutritional and Metabolic Diseases"
              },{
                "ConditionBrowseBranchAbbrev":"BC19",
                "ConditionBrowseBranchName":"Gland and Hormone Related Diseases"
              },{
                "ConditionBrowseBranchAbbrev":"All",
                "ConditionBrowseBranchName":"All Conditions"
              },{
                "ConditionBrowseBranchAbbrev":"BC06",
                "ConditionBrowseBranchName":"Digestive System Diseases"
              },{
                "ConditionBrowseBranchAbbrev":"BC23",
                "ConditionBrowseBranchName":"Symptoms and General Pathology"
              },{
                "ConditionBrowseBranchAbbrev":"Rare",
                "ConditionBrowseBranchName":"Rare Diseases"
              }
            ]
          }
        },
        "InterventionBrowseModule":{
          "InterventionBrowseLeafList":{
            "InterventionBrowseLeaf":[
              {
                "InterventionBrowseLeafId":"M9693",
                "InterventionBrowseLeafName":"Liver Extracts",
                "InterventionBrowseLeafRelevance":"low"
              }
            ]
          },
          "InterventionBrowseBranchList":{
            "InterventionBrowseBranch":[
              {
                "InterventionBrowseBranchAbbrev":"Hemat",
                "InterventionBrowseBranchName":"Hematinics"
              },{
                "InterventionBrowseBranchAbbrev":"All",
                "InterventionBrowseBranchName":"All Drugs and Chemicals"
              }
            ]
          }
        }
      }
    }
  }
}

