{
  "FullStudy":{
    "Rank":60386,
    "Study":{
      "ProtocolSection":{
        "IdentificationModule":{
          "NCTId":"NCT04063722",
          "OrgStudyIdInfo":{
            "OrgStudyId":"Kindy college of medicine"
          },
          "Organization":{
            "OrgFullName":"Al-Kindy College of Medicine",
            "OrgClass":"OTHER"
          },
          "BriefTitle":"Modified Benelli Procedure For Subcutaneous Mastectomy",
          "OfficialTitle":"A Randomized Controlled Trial Modified Benelli Procedure For Subcutaneous Mastectomy In Gynecomastia"
        },
        "StatusModule":{
          "StatusVerifiedDate":"August 2019",
          "OverallStatus":"Completed",
          "ExpandedAccessInfo":{
            "HasExpandedAccess":"No"
          },
          "StartDateStruct":{
            "StartDate":"January 1, 2010",
            "StartDateType":"Actual"
          },
          "PrimaryCompletionDateStruct":{
            "PrimaryCompletionDate":"January 1, 2016",
            "PrimaryCompletionDateType":"Actual"
          },
          "CompletionDateStruct":{
            "CompletionDate":"July 1, 2016",
            "CompletionDateType":"Actual"
          },
          "StudyFirstSubmitDate":"July 30, 2019",
          "StudyFirstSubmitQCDate":"August 19, 2019",
          "StudyFirstPostDateStruct":{
            "StudyFirstPostDate":"August 21, 2019",
            "StudyFirstPostDateType":"Actual"
          },
          "LastUpdateSubmitDate":"August 19, 2019",
          "LastUpdatePostDateStruct":{
            "LastUpdatePostDate":"August 21, 2019",
            "LastUpdatePostDateType":"Actual"
          }
        },
        "SponsorCollaboratorsModule":{
          "ResponsibleParty":{
            "ResponsiblePartyType":"Sponsor"
          },
          "LeadSponsor":{
            "LeadSponsorName":"Al-Kindy College of Medicine",
            "LeadSponsorClass":"OTHER"
          }
        },
        "OversightModule":{
          "OversightHasDMC":"No",
          "IsFDARegulatedDrug":"No",
          "IsFDARegulatedDevice":"No"
        },
        "DescriptionModule":{
          "BriefSummary":"The study included 150 patients with gynecomastia (Grade II and III) for the period between January 2010 and January 2016 who attended private hospitals and Al- Kindy Teaching Hospital. The patients were divided into two groups according to the operative techniques used. Group A included 75 patients treated surgically with subcutaneous mastectomy using periareolar incision. Group B; included the other 75 patients who were managed by \"modified Benelli technique\". The subcutaneous mastectomy using \"modified Benelli technique\" showed a significantly lower operating time due to ample access for excision of breast tissue. Excision of excess skin allowed the areola to retain a cosmetically more acceptable position. There was a lot of pleating of the skin compared to the other technique using the periareolar incision.",
          "DetailedDescription":"Patients with true gynecomastia, attending Al-Kindy Teaching Hospital and private hospitals, Baghdad, Iraq, from January 2010 to January 2016 were enrolled in the study. Grading of gynecomastia was done according to Cordova and Moschella classification (6). Patients with Grade I were excluded because of no skin excess, while grade IV were excluded due to the need of more extensive procedures. The study protocol was reviewed and approved by the Scientific and Ethical Committee of Al-Kindy College of medicine and Al-kindy Teaching hospital in the committee number 6 in 20-5-2019 (Ethical approval number and Date). Written informed consents were obtained from all patients as an action on acceptance. All enrolled patients were operated by the same surgeon. Patients were randomly assigned to one of the following surgical technique: Group A; included patients who underwent subcutaneous mastectomy using periareolar incision with lateral and medial extension as needed according to Webster(12).\n\nGroup B; included patients who were treated by the proposed Modified Benelli Technique (MBT) using the following operative procedure:\n\nFirst ask the patient to stand up and draw the a line referring to the midline of the chest then mark the ideal breast meridian at 18 cm from midclavicular point to show the position where the nipple should be placed (point X) with skin marker pen and assess the quantity of surplus skin to be excised. After that, ask the patient to lie down on the couch and a periareolar line was marked ( line A) above and medial to the areola and a second radial line above it and parallel to it passing in the point (X) was made and named line B. The ends of this line is curved to approximate and connect to both ends of the line A . Then, the patient is given general anesthesia and the two incisions were made on the lines A and B i.e. periareolar incision above and medial to the areola with a second incision above it and connecting both ends . Next, the whole thickness of the excess skin between line A and the line B was excised (Simon classification 2A, 2B and 3) and subcutaneous mastectomy was done and sent to histopathology. Later on, bleeding control was done by good hemostasis and suction drain was put in its proper site. Finally subcuticular suturing was done by approximation of two incisions using Nylon 3/0. Lastly, sterile pressure dressing was placed. The result of both groups were compared in terms of operating time, nipple-areola complex location, post-operative complications including, pleating of the skin at suture line, hematoma, bruising at the site of incision, , soft tissue deformity, seroma, hypoesthesia of nipple-areola complex, wound dehiscence, areolar epidermolysis, and hypertrophic scarring."
        },
        "ConditionsModule":{
          "ConditionList":{
            "Condition":[
              "Gynecomastia",
              "Surgical Incision"
            ]
          }
        },
        "DesignModule":{
          "StudyType":"Interventional",
          "PhaseList":{
            "Phase":[
              "Not Applicable"
            ]
          },
          "DesignInfo":{
            "DesignAllocation":"Randomized",
            "DesignInterventionModel":"Parallel Assignment",
            "DesignPrimaryPurpose":"Treatment",
            "DesignMaskingInfo":{
              "DesignMasking":"Single",
              "DesignWhoMaskedList":{
                "DesignWhoMasked":[
                  "Participant"
                ]
              }
            }
          },
          "EnrollmentInfo":{
            "EnrollmentCount":"150",
            "EnrollmentType":"Actual"
          }
        },
        "ArmsInterventionsModule":{
          "ArmGroupList":{
            "ArmGroup":[
              {
                "ArmGroupLabel":"Modified Benelli Procedure",
                "ArmGroupType":"Experimental",
                "ArmGroupDescription":"point x refers to the point where the nipple areola complex should be placed at 18 cm from the mid clavicular line. line A is marked above and medial to the areola and a second radial line above it and parallel to it passing in the point (X) was made and named line B. The ends of this line is curved to approximate and connect to both ends of the line A . two incisions were made on the lines A and B . Next, the whole thickness of the excess skin between line A and the line B was excised (Simon classification 2A, 2B and 3) and subcutaneous mastectomy was done and sent to histopathology. Later on, bleeding control was done by good hemostasis and suction drain was put in its proper site. Finally subcuticular suturing was done by approximation of two incisions using Nylon 3/0. Lastly, sterile pressure dressing was placed.",
                "ArmGroupInterventionList":{
                  "ArmGroupInterventionName":[
                    "Procedure: modified Benelli procedure"
                  ]
                }
              },{
                "ArmGroupLabel":"webester procedure",
                "ArmGroupType":"Active Comparator",
                "ArmGroupDescription":"periareolar incision with excision of the breast tissue",
                "ArmGroupInterventionList":{
                  "ArmGroupInterventionName":[
                    "Procedure: modified Benelli procedure"
                  ]
                }
              }
            ]
          },
          "InterventionList":{
            "Intervention":[
              {
                "InterventionType":"Procedure",
                "InterventionName":"modified Benelli procedure",
                "InterventionDescription":"use of modified Benelli procedure for surgical treatment of gynecomastia",
                "InterventionArmGroupLabelList":{
                  "InterventionArmGroupLabel":[
                    "Modified Benelli Procedure",
                    "webester procedure"
                  ]
                }
              }
            ]
          }
        },
        "OutcomesModule":{
          "PrimaryOutcomeList":{
            "PrimaryOutcome":[
              {
                "PrimaryOutcomeMeasure":"prevalence of proper postoperative nipple-areolar complex position: the distance from the midclavicular point to the postoperative nipple areola complex position.",
                "PrimaryOutcomeDescription":"The distance from the midclavicular point to the nipple areola complex position were measured postoperatively, with an average of 6-month follow-up, to evaluate the aesthetic appropriateness of the postoperative nipple areola complex position which should be 18-19 cm from the midclavicular point.",
                "PrimaryOutcomeTimeFrame":"Documented on one occasion, at 6 months postoperatively."
              }
            ]
          }
        },
        "EligibilityModule":{
          "EligibilityCriteria":"Inclusion Criteria:\n\nall patients with gynecomastia\n\nExclusion Criteria:\n\nPatients with Grade I gynecomastia because of no skin excess\npatients with grade IV due to the need of more extensive procedures",
          "HealthyVolunteers":"Accepts Healthy Volunteers",
          "Gender":"Male",
          "MinimumAge":"17 Years",
          "MaximumAge":"35 Years",
          "StdAgeList":{
            "StdAge":[
              "Child",
              "Adult"
            ]
          }
        },
        "ContactsLocationsModule":{
          "OverallOfficialList":{
            "OverallOfficial":[
              {
                "OverallOfficialName":"Riyadh M Hasan, C.A.B.S.",
                "OverallOfficialAffiliation":"Al kindy college of medicine university of Baghdad",
                "OverallOfficialRole":"Study Chair"
              }
            ]
          }
        }
      },
      "DerivedSection":{
        "MiscInfoModule":{
          "VersionHolder":"April 19, 2021"
        },
        "ConditionBrowseModule":{
          "ConditionMeshList":{
            "ConditionMesh":[
              {
                "ConditionMeshId":"D000006177",
                "ConditionMeshTerm":"Gynecomastia"
              },{
                "ConditionMeshId":"D000072836",
                "ConditionMeshTerm":"Surgical Wound"
              }
            ]
          },
          "ConditionAncestorList":{
            "ConditionAncestor":[
              {
                "ConditionAncestorId":"D000014947",
                "ConditionAncestorTerm":"Wounds and Injuries"
              },{
                "ConditionAncestorId":"D000001941",
                "ConditionAncestorTerm":"Breast Diseases"
              },{
                "ConditionAncestorId":"D000012871",
                "ConditionAncestorTerm":"Skin Diseases"
              }
            ]
          },
          "ConditionBrowseLeafList":{
            "ConditionBrowseLeaf":[
              {
                "ConditionBrowseLeafId":"M1112",
                "ConditionBrowseLeafName":"Surgical Wound",
                "ConditionBrowseLeafAsFound":"Surgical Incision",
                "ConditionBrowseLeafRelevance":"high"
              },{
                "ConditionBrowseLeafId":"M7854",
                "ConditionBrowseLeafName":"Gynecomastia",
                "ConditionBrowseLeafAsFound":"Gynecomastia",
                "ConditionBrowseLeafRelevance":"high"
              },{
                "ConditionBrowseLeafId":"M16268",
                "ConditionBrowseLeafName":"Wounds and Injuries",
                "ConditionBrowseLeafRelevance":"low"
              },{
                "ConditionBrowseLeafId":"M3800",
                "ConditionBrowseLeafName":"Breast Diseases",
                "ConditionBrowseLeafRelevance":"low"
              },{
                "ConditionBrowseLeafId":"M14257",
                "ConditionBrowseLeafName":"Skin Diseases",
                "ConditionBrowseLeafRelevance":"low"
              }
            ]
          },
          "ConditionBrowseBranchList":{
            "ConditionBrowseBranch":[
              {
                "ConditionBrowseBranchAbbrev":"BC26",
                "ConditionBrowseBranchName":"Wounds and Injuries"
              },{
                "ConditionBrowseBranchAbbrev":"All",
                "ConditionBrowseBranchName":"All Conditions"
              },{
                "ConditionBrowseBranchAbbrev":"BC17",
                "ConditionBrowseBranchName":"Skin and Connective Tissue Diseases"
              }
            ]
          }
        },
        "InterventionBrowseModule":{
          "InterventionBrowseLeafList":{
            "InterventionBrowseLeaf":[
              {
                "InterventionBrowseLeafId":"M8159",
                "InterventionBrowseLeafName":"Hemostatics",
                "InterventionBrowseLeafRelevance":"low"
              }
            ]
          },
          "InterventionBrowseBranchList":{
            "InterventionBrowseBranch":[
              {
                "InterventionBrowseBranchAbbrev":"Coag",
                "InterventionBrowseBranchName":"Coagulants"
              },{
                "InterventionBrowseBranchAbbrev":"All",
                "InterventionBrowseBranchName":"All Drugs and Chemicals"
              }
            ]
          }
        }
      }
    }
  }
}

