{
  "FullStudy":{
    "Rank":60589,
    "Study":{
      "ProtocolSection":{
        "IdentificationModule":{
          "NCTId":"NCT04061070",
          "OrgStudyIdInfo":{
            "OrgStudyId":"PAD2307/2019"
          },
          "Organization":{
            "OrgFullName":"University of Roma La Sapienza",
            "OrgClass":"OTHER"
          },
          "BriefTitle":"Effects of Trehalose and Polyphenols in Vasculopathic Patients",
          "OfficialTitle":"Effects of Trehalose and a Mix of Polyphenols on Endothelial Function, Oxidative Stress, Platelet Function and Autophagy in Vasculopathic Patients"
        },
        "StatusModule":{
          "StatusVerifiedDate":"March 2020",
          "OverallStatus":"Recruiting",
          "ExpandedAccessInfo":{
            "HasExpandedAccess":"No"
          },
          "StartDateStruct":{
            "StartDate":"December 12, 2019",
            "StartDateType":"Actual"
          },
          "PrimaryCompletionDateStruct":{
            "PrimaryCompletionDate":"September 30, 2020",
            "PrimaryCompletionDateType":"Anticipated"
          },
          "CompletionDateStruct":{
            "CompletionDate":"April 30, 2021",
            "CompletionDateType":"Anticipated"
          },
          "StudyFirstSubmitDate":"July 24, 2019",
          "StudyFirstSubmitQCDate":"August 16, 2019",
          "StudyFirstPostDateStruct":{
            "StudyFirstPostDate":"August 19, 2019",
            "StudyFirstPostDateType":"Actual"
          },
          "LastUpdateSubmitDate":"March 24, 2020",
          "LastUpdatePostDateStruct":{
            "LastUpdatePostDate":"March 25, 2020",
            "LastUpdatePostDateType":"Actual"
          }
        },
        "SponsorCollaboratorsModule":{
          "ResponsibleParty":{
            "ResponsiblePartyType":"Principal Investigator",
            "ResponsiblePartyInvestigatorFullName":"Pasquale Pignatelli",
            "ResponsiblePartyInvestigatorTitle":"Professor",
            "ResponsiblePartyInvestigatorAffiliation":"University of Roma La Sapienza"
          },
          "LeadSponsor":{
            "LeadSponsorName":"University of Roma La Sapienza",
            "LeadSponsorClass":"OTHER"
          }
        },
        "OversightModule":{
          "IsFDARegulatedDrug":"No",
          "IsFDARegulatedDevice":"No"
        },
        "DescriptionModule":{
          "BriefSummary":"Peripheral arterial disease (PAD) is an important manifestation of systemic atherosclerosis and is characterized by obstruction of the arteries of the lower extremities. PAD is usually associated with vascular complications that occur not only in peripheral circulation but also in cerebral and coronary trees (PubMed ID: 9892517). Endothelial dysfunction, reduced glucose oxidation, accumulation of toxic metabolites, alteration in nitric oxide (NO) generation and oxidative stress seem to play a role among the factors that contribute to reducing blood flow in PAD patients (PubMed ID: 17298965). PAD patients have a risk of cardiovascular and cerebrovascular mortality increased two to three times compared to healthy subjects. The alteration of platelet function is implicated in the development and progression of atherosclerosis, as well as in the pathogenesis of acute cardiac ischemic events. Platelet activation is increased in patients with PAD compared to healthy controls, suggesting a pro-thrombotic state.\n\nPolyphenols are a class of natural, synthetic and semisynthetic substances with beneficial effects on human health. In particular, the polyphenols exert their beneficial effect through 1) the inhibition of NADPH oxidase (Nox2), which is crucial for the formation of reactive oxygen species (ROS); 2) an antiplatelet effects 3) the activation of autophagy. Trehalose is a natural disaccharide that performs multiple functions such as a protective action against oxidative stress, temperature changes, accumulation of protein aggregates and dehydration. Furthermore, recent evidence has shown that trehalose could prevent inflammatory responses induced by endotoxic shock both in vivo and in vitro.\n\nTherefore the purpose of this work will be to determine in PAD patients the effect of the intake of trehalose and a polyphenol mix on oxidative stress biomarkers, autophagic activity and endothelial dysfunction.",
          "DetailedDescription":"Peripheral arterial disease (PAD) is an important manifestation of systemic atherosclerosis and is characterized by obstruction of the arteries of the lower limbs. PAD is usually associated with vascular complications that occur not only in peripheral circulation but also in cerebral and coronary trees (PubMed ID: 9892517). Intermittent claudication, the typical clinical manifestation of the disease that affects about a third of PAD patients, is identified by an alteration in blood flow to the lower extremities during exercise, worsens in 25% of patients and about 5% suffers an amputation (PubMed ID: 2647761). Arteries, arterioles, and capillaries that serve the skeletal muscle tissue distal to the site of the stenosis play a key role in the onset of claudication. Endothelial dysfunction, reduced glucose oxidation, accumulation of toxic metabolites, alteration in nitric oxide (NO) generation and oxidative stress seem to play a role among the factors that contribute to reducing blood flow in PAD patients (PubMed ID: 17298965). Nitric oxide (NO) is synthesized by L-arginine, is constitutively released by endothelial cells and serves to regulate vascular tone and to inhibit platelet function. NO is a potent anti-atherosclerotic molecule, as shown by an experimental study that shows that the integration of L-arginine reduces the progression of atherosclerosis. The generation of NO is reduced in patients with PAD and among the different mechanisms involved in the reduced generation of NO, the increase in oxidative stress could play a key role leading to accelerated degradation of NO or inhibition of NO synthase.\n\nIncreased serum levels of isoprostanes and autoantibodies against low-density oxidized lipoproteins confirm the increase in oxidative stress in these patients. Furthermore, the role of oxidative stress is confirmed by an intervention study in which PAD patients treated with propionyl-L-carnitine (6 g / day) for 7 days significantly increased the maximum distance traveled (MWD), an increase in bioavailability of NO and a reduction in oxidative stress.\n\nPAD patients have a risk of cardiovascular and cerebrovascular mortality increased two to three times compared to healthy subjects. The alteration of platelet function is implicated in the development and progression of atherosclerosis, as well as in the pathogenesis of acute cardiac ischemic events. Platelet activation is increased in patients with lower limb ischemia compared to healthy controls since it suggests a pro-thrombotic state.\n\nPolyphenols are a class of natural, synthetic and semisynthetic molecules characterized by the presence of phenolic units. In recent decades, prospective and epidemiological studies that show potentially beneficial effects of these molecules on human health (for example on the cardiovascular and nervous system). In particular, the polyphenols exert their beneficial effect through the inhibition of NADPH oxidase (Nox2), which is crucial for the formation of reactive oxygen species (ROS). There are several flavonoids that can exert antiplatelet effects for example by attenuating the process of platelet activation. Moreover, polyphenols can also exert beneficial effects through the activation of autophagy.\n\nAutophagy is an intracellular cytoprotective process that mediates protein degradation, organelle turnover, recycling of cytoplasmic components in conditions of nutrient deprivation and cellular stress (PubMed ID: 15068787). Furthermore, autophagy plays an important role in the removal of excess cellular ROS by maintaining a redox balance (PubMed ID: 27200146). The degraded materials in the autophagosome are then used for anabolic reactions, to sustain energy levels and provide simple molecules deriving from the degradation process that can be reused by cells for other functions. Autophagy, therefore, helps cells adapt to energy and stress changes by supporting cellular metabolism, homeostasis, and survival (PubMed ID: 18006683). The insufficient autophagic activity can contribute to cell death. Several studies have shown that inhibition of autophagic flow can contribute to the pathogenesis of cardiovascular diseases, diabetes, inflammatory disorders, cancer and physical stress (PubMed ID: 18191218).\n\nTrehalose is a natural disaccharide composed of two glucose molecules linked by an α1-1-glycosidic bond, which is synthesized by lower organisms such as yeasts, insect bacteria, and plants but not by mammals. Trehalose performs multiple functions that distinguish it from other common disaccharides, including a protective action against various stressors, such as oxidative stress, temperature changes, accumulation of protein aggregates and dehydration (PubMed ID: 12626396). Furthermore, recent evidence has shown that trehalose could prevent inflammatory responses induced by endotoxic shock both in vivo and in vitro (PubMed ID: 17172986 and PubMed ID: 18555988). The oral administration of this disaccharide is able to drastically reduce the development and progression of neurodegenerative disorders, hepatic steatosis, renal damage, insulin resistance, atherosclerosis, post-ischemic cardiac remodeling and pancreatitis (PubMed ID: 22689910, PubMed ID: 21147367 and PubMed ID: 29724354) mainly through the stimulation of autophagy. Indeed, it has been shown that trehalose is a strong inducer of autophagy (PubMed ID: 17182613 ). Furthermore, our preliminary in vitro data showed that trehalose in combination with a mix of polyphenols (catechin and epicatechin) can reduce platelet activation, oxidative stress and improves autophagic flow. Finally, we observed in the endothelial cells that the mix could increase the production of NO, angiogenetic property and cell viability."
        },
        "ConditionsModule":{
          "ConditionList":{
            "Condition":[
              "Oxidative Stress",
              "Cardiovascular Diseases"
            ]
          }
        },
        "DesignModule":{
          "StudyType":"Interventional",
          "PhaseList":{
            "Phase":[
              "Not Applicable"
            ]
          },
          "DesignInfo":{
            "DesignAllocation":"Randomized",
            "DesignInterventionModel":"Parallel Assignment",
            "DesignPrimaryPurpose":"Treatment",
            "DesignMaskingInfo":{
              "DesignMasking":"Single",
              "DesignWhoMaskedList":{
                "DesignWhoMasked":[
                  "Investigator"
                ]
              }
            }
          },
          "EnrollmentInfo":{
            "EnrollmentCount":"40",
            "EnrollmentType":"Anticipated"
          }
        },
        "ArmsInterventionsModule":{
          "ArmGroupList":{
            "ArmGroup":[
              {
                "ArmGroupLabel":"No Intervention with the mix threalose plus polyphenols",
                "ArmGroupType":"Sham Comparator",
                "ArmGroupDescription":"The patients allocated in this arm will not treated with a mix of threalose plus polyphenols",
                "ArmGroupInterventionList":{
                  "ArmGroupInterventionName":[
                    "Other: No Supplementation with mix of threalose plus polyphenols"
                  ]
                }
              },{
                "ArmGroupLabel":"Intervention with the mix threalose plus polyhenols",
                "ArmGroupType":"Active Comparator",
                "ArmGroupDescription":"The patients allocated in this arm will treated with a mix of threalose plus polyphenols",
                "ArmGroupInterventionList":{
                  "ArmGroupInterventionName":[
                    "Other: Supplementation with mix of threalose plus polyphenols"
                  ]
                }
              }
            ]
          },
          "InterventionList":{
            "Intervention":[
              {
                "InterventionType":"Other",
                "InterventionName":"Supplementation with mix of threalose plus polyphenols",
                "InterventionDescription":"The patients will be treated with a mix of trehalose plus polyphenols for 60 days",
                "InterventionArmGroupLabelList":{
                  "InterventionArmGroupLabel":[
                    "Intervention with the mix threalose plus polyhenols"
                  ]
                }
              },{
                "InterventionType":"Other",
                "InterventionName":"No Supplementation with mix of threalose plus polyphenols",
                "InterventionDescription":"The patients will not be treated with a mix trehalose plus polyphenols for 60 days",
                "InterventionArmGroupLabelList":{
                  "InterventionArmGroupLabel":[
                    "No Intervention with the mix threalose plus polyphenols"
                  ]
                }
              }
            ]
          }
        },
        "OutcomesModule":{
          "PrimaryOutcomeList":{
            "PrimaryOutcome":[
              {
                "PrimaryOutcomeMeasure":"Change o oxidative stress biomarkers in PAD patients after mix supplementation of trehalose and polyphenols",
                "PrimaryOutcomeDescription":"Oxidative stress biomarkers such as Nox2 activity (pg/ml) production will be measured. Differences of these markers among patients taking or not the supplementation will be described.",
                "PrimaryOutcomeTimeFrame":"12 months"
              }
            ]
          },
          "SecondaryOutcomeList":{
            "SecondaryOutcome":[
              {
                "SecondaryOutcomeMeasure":"Change of autophagy in PAD patients after mix supplementation of trehalose and polyphenols",
                "SecondaryOutcomeDescription":"Autophagy biomarkers such as LC3 (Arbitrary Unit) will be measured. Differences of this protein among patients taking or not the mix supplementation will be described. The relationship with oxidative stress markers will be described.",
                "SecondaryOutcomeTimeFrame":"12 months"
              },{
                "SecondaryOutcomeMeasure":"Change of endothelial function in PAD patients after mix supplementation of trehalose and polyphenols",
                "SecondaryOutcomeDescription":"To assess changes in endothelial function evaluated by Flow Mediated Dilation (FMD, %) analysis in patients taking or not the mix supplementation. The relationship with oxidative stress and autophagy will be described.",
                "SecondaryOutcomeTimeFrame":"12 months"
              },{
                "SecondaryOutcomeMeasure":"Change of systolic and diastolic pressure in PAD patients after mix supplementation of trehalose and polyphenols",
                "SecondaryOutcomeDescription":"To assess changes in systolic (mmHg) and diastolic (mmHg) pressure in patients taking or not the mix supplementation. The relationship with oxidative stress and autophagy will be described.",
                "SecondaryOutcomeTimeFrame":"12 months"
              },{
                "SecondaryOutcomeMeasure":"Analysis of maximal walking distance (MWD) in PAD patients after mix supplementation of trehalose and polyphenols",
                "SecondaryOutcomeDescription":"To assess changes in MWD (meters) evaluated by treadmill test in patients taking or not the mix supplementation. The relationship with oxidative stress, autophagy and endothelial function will be described.",
                "SecondaryOutcomeTimeFrame":"12 months"
              },{
                "SecondaryOutcomeMeasure":"Analysis of maximal walking time (MWT) in PAD",
                "SecondaryOutcomeDescription":"o assess changes in MWD (seconds) evaluated by treadmill test in patients taking or not the mix supplementation. The relationship with oxidative stress, autophagy and endothelial function will be described.",
                "SecondaryOutcomeTimeFrame":"12 months"
              }
            ]
          }
        },
        "EligibilityModule":{
          "EligibilityCriteria":"Inclusion Criteria:\n\nclaudication (defined as pain in the legs during walking which disappears within 10 minutes of standing);\nankle/brachial index (ABI), evaluated as an ankle/arm systolic blood pressure ratio using Doppler ultrasound on the worst resting leg;\nstable condition without sudden changes in ABI (> 20%) in the last month before enrollment\n\nExclusion Criteria:\n\nliver failure;\nsevere kidney disorders (serum creatinine [mt] 2.8 mg / dL);\nacute cerebrovascular disease;\nacute myocardial infarction;\nsmokers;\npatients under treatment with antioxidants for at least 30 days before enrollment",
          "HealthyVolunteers":"No",
          "Gender":"All",
          "MinimumAge":"60 Years",
          "MaximumAge":"80 Years",
          "StdAgeList":{
            "StdAge":[
              "Adult",
              "Older Adult"
            ]
          }
        },
        "ContactsLocationsModule":{
          "CentralContactList":{
            "CentralContact":[
              {
                "CentralContactName":"Pasquale Pignatelli, MD",
                "CentralContactRole":"Contact",
                "CentralContactPhone":"0649970102",
                "CentralContactEMail":"pasquale.pignatelli@uniroma1.it"
              }
            ]
          },
          "LocationList":{
            "Location":[
              {
                "LocationFacility":"Umberto I Policlinico di Roma, Sapienza Università di Roma",
                "LocationStatus":"Recruiting",
                "LocationCity":"Roma",
                "LocationState":"Italia",
                "LocationZip":"00155",
                "LocationCountry":"Italy",
                "LocationContactList":{
                  "LocationContact":[
                    {
                      "LocationContactName":"Ombretta Martinelli, MD",
                      "LocationContactRole":"Contact"
                    }
                  ]
                }
              },{
                "LocationFacility":"Umberto I Policlinico di Roma, Sapienza Università di Roma",
                "LocationStatus":"Recruiting",
                "LocationCity":"Rome",
                "LocationZip":"00155",
                "LocationCountry":"Italy",
                "LocationContactList":{
                  "LocationContact":[
                    {
                      "LocationContactName":"Pasquale Pignatelli, MD",
                      "LocationContactRole":"Contact",
                      "LocationContactPhone":"+390649970893",
                      "LocationContactEMail":"pasquale.pignatelli@uniroma1.it"
                    },{
                      "LocationContactName":"Daniele Pastori, MD",
                      "LocationContactRole":"Contact",
                      "LocationContactPhone":"+390649970893",
                      "LocationContactEMail":"daniele.pastori@uniroma1.it"
                    },{
                      "LocationContactName":"Pasquale Pignatelli, MD",
                      "LocationContactRole":"Principal Investigator"
                    },{
                      "LocationContactName":"Daniele Pastori, MD",
                      "LocationContactRole":"Principal Investigator"
                    }
                  ]
                }
              }
            ]
          }
        },
        "ReferencesModule":{
          "ReferenceList":{
            "Reference":[
              {
                "ReferencePMID":"9892517",
                "ReferenceType":"result",
                "ReferenceCitation":"Criqui MH, Denenberg JO. The generalized nature of atherosclerosis: how peripheral arterial disease may predict adverse events from coronary artery disease. Vasc Med. 1998;3(3):241-5. Review."
              },{
                "ReferencePMID":"17298965",
                "ReferenceType":"result",
                "ReferenceCitation":"Loffredo L, Marcoccia A, Pignatelli P, Andreozzi P, Borgia MC, Cangemi R, Chiarotti F, Violi F. Oxidative-stress-mediated arterial dysfunction in patients with peripheral arterial disease. Eur Heart J. 2007 Mar;28(5):608-12. Epub 2007 Feb 13."
              },{
                "ReferencePMID":"2647761",
                "ReferenceType":"result",
                "ReferenceCitation":"Dormandy J, Mahir M, Ascady G, Balsano F, De Leeuw P, Blombery P, Bousser MG, Clement D, Coffman J, Deutshinoff A, et al. Fate of the patient with chronic leg ischaemia. A review article. J Cardiovasc Surg (Torino). 1989 Jan-Feb;30(1):50-7. Review."
              },{
                "ReferencePMID":"15068787",
                "ReferenceType":"result",
                "ReferenceCitation":"Levine B, Klionsky DJ. Development by self-digestion: molecular mechanisms and biological functions of autophagy. Dev Cell. 2004 Apr;6(4):463-77. Review."
              },{
                "ReferencePMID":"27200146",
                "ReferenceType":"result",
                "ReferenceCitation":"Li F, Lang F, Zhang H, Xu L, Wang Y, Hao E. Role of TFEB Mediated Autophagy, Oxidative Stress, Inflammation, and Cell Death in Endotoxin Induced Myocardial Toxicity of Young and Aged Mice. Oxid Med Cell Longev. 2016;2016:5380319. doi: 10.1155/2016/5380319. Epub 2016 Apr 21."
              },{
                "ReferencePMID":"18006683",
                "ReferenceType":"result",
                "ReferenceCitation":"Mizushima N. Autophagy: process and function. Genes Dev. 2007 Nov 15;21(22):2861-73. Review."
              },{
                "ReferencePMID":"18191218",
                "ReferenceType":"result",
                "ReferenceCitation":"Levine B, Kroemer G. Autophagy in the pathogenesis of disease. Cell. 2008 Jan 11;132(1):27-42. doi: 10.1016/j.cell.2007.12.018. Review."
              },{
                "ReferencePMID":"12626396",
                "ReferenceType":"result",
                "ReferenceCitation":"Elbein AD, Pan YT, Pastuszak I, Carroll D. New insights on trehalose: a multifunctional molecule. Glycobiology. 2003 Apr;13(4):17R-27R. Epub 2003 Jan 22. Review."
              },{
                "ReferencePMID":"17172986",
                "ReferenceType":"result",
                "ReferenceCitation":"Minutoli L, Altavilla D, Bitto A, Polito F, Bellocco E, Laganà G, Giuliani D, Fiumara T, Magazù S, Ruggeri P, Guarini S, Squadrito F. The disaccharide trehalose inhibits proinflammatory phenotype activation in macrophages and prevents mortality in experimental septic shock. Shock. 2007 Jan;27(1):91-6."
              },{
                "ReferencePMID":"18555988",
                "ReferenceType":"result",
                "ReferenceCitation":"Minutoli L, Altavilla D, Bitto A, Polito F, Bellocco E, Laganà G, Fiumara T, Magazù S, Migliardo F, Venuti FS, Squadrito F. Trehalose: a biophysics approach to modulate the inflammatory response during endotoxic shock. Eur J Pharmacol. 2008 Jul 28;589(1-3):272-80. doi: 10.1016/j.ejphar.2008.04.005. Epub 2008 Apr 12."
              },{
                "ReferencePMID":"22689910",
                "ReferenceType":"result",
                "ReferenceCitation":"Schaeffer V, Lavenir I, Ozcelik S, Tolnay M, Winkler DT, Goedert M. Stimulation of autophagy reduces neurodegeneration in a mouse model of human tauopathy. Brain. 2012 Jul;135(Pt 7):2169-77. doi: 10.1093/brain/aws143. Epub 2012 Jun 10."
              },{
                "ReferencePMID":"21147367",
                "ReferenceType":"result",
                "ReferenceCitation":"Arai C, Arai N, Mizote A, Kohno K, Iwaki K, Hanaya T, Arai S, Ushio S, Fukuda S. Trehalose prevents adipocyte hypertrophy and mitigates insulin resistance. Nutr Res. 2010 Dec;30(12):840-8. doi: 10.1016/j.nutres.2010.10.009."
              },{
                "ReferencePMID":"29724354",
                "ReferenceType":"result",
                "ReferenceCitation":"Sciarretta S, Yee D, Nagarajan N, Bianchi F, Saito T, Valenti V, Tong M, Del Re DP, Vecchione C, Schirone L, Forte M, Rubattu S, Shirakabe A, Boppana VS, Volpe M, Frati G, Zhai P, Sadoshima J. Trehalose-Induced Activation of Autophagy Improves Cardiac Remodeling After Myocardial Infarction. J Am Coll Cardiol. 2018 May 8;71(18):1999-2010. doi: 10.1016/j.jacc.2018.02.066."
              },{
                "ReferencePMID":"17182613",
                "ReferenceType":"result",
                "ReferenceCitation":"Sarkar S, Davies JE, Huang Z, Tunnacliffe A, Rubinsztein DC. Trehalose, a novel mTOR-independent autophagy enhancer, accelerates the clearance of mutant huntingtin and alpha-synuclein. J Biol Chem. 2007 Feb 23;282(8):5641-52. Epub 2006 Dec 20."
              }
            ]
          }
        },
        "IPDSharingStatementModule":{
          "IPDSharing":"No"
        }
      },
      "DerivedSection":{
        "MiscInfoModule":{
          "VersionHolder":"April 19, 2021"
        },
        "ConditionBrowseModule":{
          "ConditionMeshList":{
            "ConditionMesh":[
              {
                "ConditionMeshId":"D000002318",
                "ConditionMeshTerm":"Cardiovascular Diseases"
              }
            ]
          }
        }
      }
    }
  }
}

