{
  "FullStudy":{
    "Rank":60540,
    "Study":{
      "ProtocolSection":{
        "IdentificationModule":{
          "NCTId":"NCT04061707",
          "OrgStudyIdInfo":{
            "OrgStudyId":"IRAS: 252686"
          },
          "Organization":{
            "OrgFullName":"King's College London",
            "OrgClass":"OTHER"
          },
          "BriefTitle":"Subcutaneous EEG: Forecasting of Epileptic Seizures",
          "OfficialTitle":"Subcutaneous EEG: Forecasting of Epileptic Seizures Through Investigation of Long-term Dynamics of Seizure Occurrences, Stress, Sleep and Other Factors",
          "Acronym":"SUBER"
        },
        "StatusModule":{
          "StatusVerifiedDate":"September 2020",
          "OverallStatus":"Recruiting",
          "ExpandedAccessInfo":{
            "HasExpandedAccess":"No"
          },
          "StartDateStruct":{
            "StartDate":"May 15, 2019",
            "StartDateType":"Actual"
          },
          "PrimaryCompletionDateStruct":{
            "PrimaryCompletionDate":"May 15, 2021",
            "PrimaryCompletionDateType":"Anticipated"
          },
          "CompletionDateStruct":{
            "CompletionDate":"May 15, 2022",
            "CompletionDateType":"Anticipated"
          },
          "StudyFirstSubmitDate":"August 16, 2019",
          "StudyFirstSubmitQCDate":"August 16, 2019",
          "StudyFirstPostDateStruct":{
            "StudyFirstPostDate":"August 20, 2019",
            "StudyFirstPostDateType":"Actual"
          },
          "LastUpdateSubmitDate":"September 1, 2020",
          "LastUpdatePostDateStruct":{
            "LastUpdatePostDate":"September 2, 2020",
            "LastUpdatePostDateType":"Actual"
          }
        },
        "SponsorCollaboratorsModule":{
          "ResponsibleParty":{
            "ResponsiblePartyType":"Sponsor"
          },
          "LeadSponsor":{
            "LeadSponsorName":"King's College London",
            "LeadSponsorClass":"OTHER"
          },
          "CollaboratorList":{
            "Collaborator":[
              {
                "CollaboratorName":"King's College Hospital NHS Trust",
                "CollaboratorClass":"OTHER"
              }
            ]
          }
        },
        "OversightModule":{
          "OversightHasDMC":"No",
          "IsFDARegulatedDrug":"No",
          "IsFDARegulatedDevice":"No"
        },
        "DescriptionModule":{
          "BriefSummary":"Protocol Summary\n\nPopulation - Target population is 10 adults (18 to 75 years of age) with a diagnosis of treatment-resistant epilepsy with at least 20 seizures per year, and whose seizure onset recorded from scalp EEG is localized to a brain region accessible by the subcutaneous EEG electrodes\n\nNumber of sites - Three sites; King's College Hospital NHS Foundation Trust, University College London Hospital NHS Foundation Trust, St George's University Hospital NHS Foundation Trust\n\nStudy design - This study is an observational, non-randomised, non-interventional study. It is not intended as a device trial. It is not intended to assess the device performance, rather the usefulness of bio-signals in seizure prediction and in detecting seizure-associated phenomena. There will be no change to usual care as a result of taking part.\n\nA subcutaneous EEG device will be implanted under local anaesthesia to record continuous EEG and a non-invasive wrist-worn sensor will be used to acquire non-EEG bio-signals (eg. heart activity and rate, movements, muscle activity, electrodermal activity, body temperature)\n\nObjectives - The association will be investigated between non-invasive measurable variables related to stress and sleep, semi-invasive subcutaneous EEG phenomena, and the occurrence of seizures. The predictive value of change in non-invasive variables semi-invasive subcutaneous EEG phenomena for the occurrence of seizures will be assessed.\n\nStudy Duration - Up to one year for each patient. Participants may be approached during or after this study to participate in related studies.\n\nFunding - This study receives funding from the Epilepsy Foundation of America, Innovative Medicines Institute (IMI) and UNEEG medical A/S."
        },
        "ConditionsModule":{
          "ConditionList":{
            "Condition":[
              "Epilepsies, Focal"
            ]
          },
          "KeywordList":{
            "Keyword":[
              "Focal Epilepsy",
              "Longterm EEG Monitoring",
              "Wearable Devices",
              "mHealth",
              "Seizure Forecasting"
            ]
          }
        },
        "DesignModule":{
          "StudyType":"Observational",
          "PatientRegistry":"No",
          "DesignInfo":{
            "DesignObservationalModelList":{
              "DesignObservationalModel":[
                "Cohort"
              ]
            },
            "DesignTimePerspectiveList":{
              "DesignTimePerspective":[
                "Prospective"
              ]
            }
          },
          "EnrollmentInfo":{
            "EnrollmentCount":"10",
            "EnrollmentType":"Anticipated"
          }
        },
        "OutcomesModule":{
          "PrimaryOutcomeList":{
            "PrimaryOutcome":[
              {
                "PrimaryOutcomeMeasure":"Seizure Occurence",
                "PrimaryOutcomeDescription":"Proof-of-principle seizure-predictor based on continuously-acquired ultra-longterm subcutaneous EEG and non-invasive wearable sensor data",
                "PrimaryOutcomeTimeFrame":"1 year"
              }
            ]
          }
        },
        "EligibilityModule":{
          "EligibilityCriteria":"Inclusion Criteria:\n\nDiagnosis of treatment-resistant epilepsy of any syndrome, in which seizures are detectable in scalp EEG with two electrodes\nBetween the ages of 18 - 75\nExperiencing >20 seizures (with impaired awareness) per year according to seizure diary.\n\nExclusion Criteria:\n\nEstablished current diagnosis of psychogenic non-epileptic attacks (dissociative seizures)\nFrequent vigorous involuntary movements (eg. chorea, athetosis) or frequent parasomnias with major motor components (eg. sleep walking, night terrors)\nInability to comply with the trial procedure, such as cognitive or behavioral problems\nInability to give informed consent\nHistory or evidence of: Severe cardiac disease (including Pacemaker and ICD-unit), Myocardial infarction, angina pectoris or other ischaemic heart disease, Cardiac arrhythmia or Any other heart failure\nHistory or evidence of: Stroke, Transient ischaemic attack, Carotid or vertebral artery stenosis or dissection, Cerebral hemorrhage, Any other structural cerebral disease\nUse of following drugs: Chemotherapeutic drugs of any kind, Methotrexate, Anticoagulation treatment, Immunosuppressant treatment, Third generation antipsychotic drugs (aripiprazole, quetiapine, clozapine, ziprasidone, paliperidone, risperidone, sertindole, amisulpride, olanzapine)\nSubjects under investigation or treatment of active cancer or cancer diagnosis within the past 5 years\nSubjects known with or suspected abuse of alcohol (defined as consumption of > 250g alcohol per week or abuse of any other neuro-active substances\nSubjects involved in therapies with medical devices that deliver electrical energy into the area around the implant.\nSubjects at high risk of surgical complications, such as active systemic infection and hemorrhagic disease.\nSubjects who are allergic to the local anesthetics used during implantation.\nSubjects whose safety blood measurements (full blood count, U&E, clotting) are significantly out of range in the judgement of the CI.\nFemales of childbearing potential who are pregnant or intend to become pregnant or are not using adequate contraceptive methods throughout the study (Safe anticontraceptive methods includes contraceptive pills, intrauterine device including hormone intrauterine device and sustained gestagen injection)\nSubjects who have an infection at the site of device implantation.\nSubjects who operate MRI scanners or are planned to have an MRI scan within the next year.\nSubjects with profession/hobby that includes activity imposing extreme pressure variations (e.g. diving or parachute jumping). NB: diving/snorkeling is allowed to 5 meters of depth.\nSubjects with profession/hobby that includes activity imposing an unacceptable risk for trauma against the device or the site of implantation (e.g. martial art or boxing).",
          "HealthyVolunteers":"No",
          "Gender":"All",
          "MinimumAge":"18 Years",
          "MaximumAge":"75 Years",
          "StdAgeList":{
            "StdAge":[
              "Adult",
              "Older Adult"
            ]
          },
          "StudyPopulation":"We will recruit 10 suitable people with epilepsy referred, as part of their routine conventional care, to the Epilepsy Clinics at King's College Hospital (KCH), University College London Hospital NHS Foundation Trust (National Hospital for Neurology and Neurosurgery - NHNN), or St George's University Hospital NHS Foundation Trust (SGH).",
          "SamplingMethod":"Non-Probability Sample"
        },
        "ContactsLocationsModule":{
          "CentralContactList":{
            "CentralContact":[
              {
                "CentralContactName":"Mark P Richardson, BM FRCP PhD",
                "CentralContactRole":"Contact",
                "CentralContactPhone":"+44203 299 8352",
                "CentralContactEMail":"mark.richardson@kcl.ac.uk"
              },{
                "CentralContactName":"Pedro F Viana, MD",
                "CentralContactRole":"Contact",
                "CentralContactPhone":"+442032998352",
                "CentralContactEMail":"pedro.viana@kcl.ac.uk"
              }
            ]
          },
          "OverallOfficialList":{
            "OverallOfficial":[
              {
                "OverallOfficialName":"Mark P Richardson, BM FRCP PhD",
                "OverallOfficialAffiliation":"King's College London",
                "OverallOfficialRole":"Principal Investigator"
              }
            ]
          },
          "LocationList":{
            "Location":[
              {
                "LocationFacility":"King's College Hospital NHS Foundation Trust",
                "LocationStatus":"Recruiting",
                "LocationCity":"London",
                "LocationZip":"SE5 9RS",
                "LocationCountry":"United Kingdom",
                "LocationContactList":{
                  "LocationContact":[
                    {
                      "LocationContactName":"Mark P Richardson, MD PhD",
                      "LocationContactRole":"Contact",
                      "LocationContactPhone":"+44203 299 8352"
                    },{
                      "LocationContactName":"Pedro F Viana, MD",
                      "LocationContactRole":"Contact",
                      "LocationContactPhone":"+44203 299 8352",
                      "LocationContactEMail":"pedro.viana@kcl.ac.uk"
                    }
                  ]
                }
              }
            ]
          }
        },
        "IPDSharingStatementModule":{
          "IPDSharing":"No"
        }
      },
      "DerivedSection":{
        "MiscInfoModule":{
          "VersionHolder":"April 19, 2021"
        },
        "ConditionBrowseModule":{
          "ConditionMeshList":{
            "ConditionMesh":[
              {
                "ConditionMeshId":"D000004827",
                "ConditionMeshTerm":"Epilepsy"
              },{
                "ConditionMeshId":"D000012640",
                "ConditionMeshTerm":"Seizures"
              },{
                "ConditionMeshId":"D000004828",
                "ConditionMeshTerm":"Epilepsies, Partial"
              }
            ]
          },
          "ConditionAncestorList":{
            "ConditionAncestor":[
              {
                "ConditionAncestorId":"D000001927",
                "ConditionAncestorTerm":"Brain Diseases"
              },{
                "ConditionAncestorId":"D000002493",
                "ConditionAncestorTerm":"Central Nervous System Diseases"
              },{
                "ConditionAncestorId":"D000009422",
                "ConditionAncestorTerm":"Nervous System Diseases"
              },{
                "ConditionAncestorId":"D000009461",
                "ConditionAncestorTerm":"Neurologic Manifestations"
              }
            ]
          },
          "ConditionBrowseLeafList":{
            "ConditionBrowseLeaf":[
              {
                "ConditionBrowseLeafId":"M6566",
                "ConditionBrowseLeafName":"Epilepsy",
                "ConditionBrowseLeafAsFound":"Epilepsy",
                "ConditionBrowseLeafRelevance":"high"
              },{
                "ConditionBrowseLeafId":"M14035",
                "ConditionBrowseLeafName":"Seizures",
                "ConditionBrowseLeafAsFound":"Seizures",
                "ConditionBrowseLeafRelevance":"high"
              },{
                "ConditionBrowseLeafId":"M6567",
                "ConditionBrowseLeafName":"Epilepsies, Partial",
                "ConditionBrowseLeafAsFound":"Epilepsy, Focal",
                "ConditionBrowseLeafRelevance":"high"
              },{
                "ConditionBrowseLeafId":"M3786",
                "ConditionBrowseLeafName":"Brain Diseases",
                "ConditionBrowseLeafRelevance":"low"
              },{
                "ConditionBrowseLeafId":"M4325",
                "ConditionBrowseLeafName":"Central Nervous System Diseases",
                "ConditionBrowseLeafRelevance":"low"
              },{
                "ConditionBrowseLeafId":"M10987",
                "ConditionBrowseLeafName":"Neurologic Manifestations",
                "ConditionBrowseLeafRelevance":"low"
              }
            ]
          },
          "ConditionBrowseBranchList":{
            "ConditionBrowseBranch":[
              {
                "ConditionBrowseBranchAbbrev":"BC10",
                "ConditionBrowseBranchName":"Nervous System Diseases"
              },{
                "ConditionBrowseBranchAbbrev":"All",
                "ConditionBrowseBranchName":"All Conditions"
              },{
                "ConditionBrowseBranchAbbrev":"BC23",
                "ConditionBrowseBranchName":"Symptoms and General Pathology"
              }
            ]
          }
        }
      }
    }
  }
}

