{
  "FullStudy":{
    "Rank":60199,
    "Study":{
      "ProtocolSection":{
        "IdentificationModule":{
          "NCTId":"NCT04066166",
          "OrgStudyIdInfo":{
            "OrgStudyId":"0084226"
          },
          "Organization":{
            "OrgFullName":"University of Utah",
            "OrgClass":"OTHER"
          },
          "BriefTitle":"Accuracy of Rib Palpation for Dry Needling of Deep Periscapular Musculature, Measured With Ultrasound",
          "OfficialTitle":"Accuracy of Rib Palpation for Dry Needling of Deep Periscapular Musculature, Measured With Ultrasound"
        },
        "StatusModule":{
          "StatusVerifiedDate":"January 2020",
          "OverallStatus":"Completed",
          "ExpandedAccessInfo":{
            "HasExpandedAccess":"No"
          },
          "StartDateStruct":{
            "StartDate":"January 1, 2016",
            "StartDateType":"Actual"
          },
          "PrimaryCompletionDateStruct":{
            "PrimaryCompletionDate":"July 1, 2017",
            "PrimaryCompletionDateType":"Actual"
          },
          "CompletionDateStruct":{
            "CompletionDate":"July 31, 2017",
            "CompletionDateType":"Actual"
          },
          "StudyFirstSubmitDate":"August 12, 2019",
          "StudyFirstSubmitQCDate":"August 20, 2019",
          "StudyFirstPostDateStruct":{
            "StudyFirstPostDate":"August 26, 2019",
            "StudyFirstPostDateType":"Actual"
          },
          "LastUpdateSubmitDate":"January 29, 2020",
          "LastUpdatePostDateStruct":{
            "LastUpdatePostDate":"February 5, 2020",
            "LastUpdatePostDateType":"Actual"
          }
        },
        "SponsorCollaboratorsModule":{
          "ResponsibleParty":{
            "ResponsiblePartyType":"Principal Investigator",
            "ResponsiblePartyInvestigatorFullName":"Daniel Cushman",
            "ResponsiblePartyInvestigatorTitle":"Principle Investigator",
            "ResponsiblePartyInvestigatorAffiliation":"University of Utah"
          },
          "LeadSponsor":{
            "LeadSponsorName":"University of Utah",
            "LeadSponsorClass":"OTHER"
          }
        },
        "OversightModule":{
          "OversightHasDMC":"Yes",
          "IsFDARegulatedDrug":"No",
          "IsFDARegulatedDevice":"No"
        },
        "DescriptionModule":{
          "BriefSummary":"Ultrasound was used to identify the location of a rib. This was compared to a practitioner's ability to palpate the area.",
          "DetailedDescription":"Ultrasound was used to identify the location of a rib. This was compared to a practitioner's ability to palpate the area. The purpose of this study is to identify if practitioners are as accurate as they think they are in identifying ribs. This is important, as mis-identifying a rib may put patients at risk for inadvertent needle entry into the lung."
        },
        "ConditionsModule":{
          "ConditionList":{
            "Condition":[
              "Trigger Point Pain, Myofascial"
            ]
          }
        },
        "DesignModule":{
          "StudyType":"Observational",
          "PatientRegistry":"No",
          "DesignInfo":{
            "DesignObservationalModelList":{
              "DesignObservationalModel":[
                "Cohort"
              ]
            },
            "DesignTimePerspectiveList":{
              "DesignTimePerspective":[
                "Cross-Sectional"
              ]
            }
          },
          "EnrollmentInfo":{
            "EnrollmentCount":"100",
            "EnrollmentType":"Actual"
          }
        },
        "ArmsInterventionsModule":{
          "ArmGroupList":{
            "ArmGroup":[
              {
                "ArmGroupLabel":"Subjects",
                "ArmGroupDescription":"Healthy",
                "ArmGroupInterventionList":{
                  "ArmGroupInterventionName":[
                    "Diagnostic Test: Palpation"
                  ]
                }
              }
            ]
          },
          "InterventionList":{
            "Intervention":[
              {
                "InterventionType":"Diagnostic Test",
                "InterventionName":"Palpation",
                "InterventionDescription":"All healthy subjects palpated",
                "InterventionArmGroupLabelList":{
                  "InterventionArmGroupLabel":[
                    "Subjects"
                  ]
                }
              }
            ]
          }
        },
        "OutcomesModule":{
          "PrimaryOutcomeList":{
            "PrimaryOutcome":[
              {
                "PrimaryOutcomeMeasure":"Accuracy",
                "PrimaryOutcomeDescription":"Number of participants who were appropriately identified compared to ultrasound",
                "PrimaryOutcomeTimeFrame":"1 year"
              }
            ]
          }
        },
        "EligibilityModule":{
          "EligibilityCriteria":"Inclusion Criteria:\n\nAnyone with ribs\n\nExclusion Criteria:\n\nNo children",
          "HealthyVolunteers":"Accepts Healthy Volunteers",
          "Gender":"All",
          "MinimumAge":"18 Years",
          "StdAgeList":{
            "StdAge":[
              "Adult",
              "Older Adult"
            ]
          },
          "StudyPopulation":"All healthy participants",
          "SamplingMethod":"Non-Probability Sample"
        },
        "ContactsLocationsModule":{
          "OverallOfficialList":{
            "OverallOfficial":[
              {
                "OverallOfficialName":"Daniel Cushman",
                "OverallOfficialAffiliation":"UNIVERSITY OF UTAH ORTHOPAEDICS CENTER",
                "OverallOfficialRole":"Principal Investigator"
              }
            ]
          }
        },
        "IPDSharingStatementModule":{
          "IPDSharing":"Undecided"
        }
      },
      "DocumentSection":{
        "LargeDocumentModule":{
          "LargeDocList":{
            "LargeDoc":[
              {
                "LargeDocTypeAbbrev":"Prot_SAP",
                "LargeDocHasProtocol":"Yes",
                "LargeDocHasSAP":"Yes",
                "LargeDocHasICF":"No",
                "LargeDocLabel":"Study Protocol and Statistical Analysis Plan",
                "LargeDocDate":"June 18, 2015",
                "LargeDocUploadDate":"08/19/2019 14:20",
                "LargeDocFilename":"Prot_SAP_000.pdf"
              },{
                "LargeDocTypeAbbrev":"ICF",
                "LargeDocHasProtocol":"No",
                "LargeDocHasSAP":"No",
                "LargeDocHasICF":"Yes",
                "LargeDocLabel":"Informed Consent Form",
                "LargeDocDate":"June 18, 2015",
                "LargeDocUploadDate":"08/19/2019 14:20",
                "LargeDocFilename":"ICF_001.pdf"
              }
            ]
          }
        }
      },
      "DerivedSection":{
        "MiscInfoModule":{
          "VersionHolder":"April 19, 2021"
        },
        "ConditionBrowseModule":{
          "ConditionMeshList":{
            "ConditionMesh":[
              {
                "ConditionMeshId":"D000009209",
                "ConditionMeshTerm":"Myofascial Pain Syndromes"
              }
            ]
          },
          "ConditionAncestorList":{
            "ConditionAncestor":[
              {
                "ConditionAncestorId":"D000009135",
                "ConditionAncestorTerm":"Muscular Diseases"
              },{
                "ConditionAncestorId":"D000009140",
                "ConditionAncestorTerm":"Musculoskeletal Diseases"
              }
            ]
          },
          "ConditionBrowseLeafList":{
            "ConditionBrowseLeaf":[
              {
                "ConditionBrowseLeafId":"M11649",
                "ConditionBrowseLeafName":"Pain",
                "ConditionBrowseLeafRelevance":"low"
              },{
                "ConditionBrowseLeafId":"M14938",
                "ConditionBrowseLeafName":"Syndrome",
                "ConditionBrowseLeafRelevance":"low"
              },{
                "ConditionBrowseLeafId":"M7069",
                "ConditionBrowseLeafName":"Fibromyalgia",
                "ConditionBrowseLeafRelevance":"low"
              },{
                "ConditionBrowseLeafId":"M10744",
                "ConditionBrowseLeafName":"Myofascial Pain Syndromes",
                "ConditionBrowseLeafAsFound":"Trigger Point Pain, Myofascial",
                "ConditionBrowseLeafRelevance":"high"
              },{
                "ConditionBrowseLeafId":"M10675",
                "ConditionBrowseLeafName":"Muscular Diseases",
                "ConditionBrowseLeafRelevance":"low"
              },{
                "ConditionBrowseLeafId":"M10680",
                "ConditionBrowseLeafName":"Musculoskeletal Diseases",
                "ConditionBrowseLeafRelevance":"low"
              }
            ]
          },
          "ConditionBrowseBranchList":{
            "ConditionBrowseBranch":[
              {
                "ConditionBrowseBranchAbbrev":"BC23",
                "ConditionBrowseBranchName":"Symptoms and General Pathology"
              },{
                "ConditionBrowseBranchAbbrev":"All",
                "ConditionBrowseBranchName":"All Conditions"
              },{
                "ConditionBrowseBranchAbbrev":"BC05",
                "ConditionBrowseBranchName":"Muscle, Bone, and Cartilage Diseases"
              },{
                "ConditionBrowseBranchAbbrev":"BC10",
                "ConditionBrowseBranchName":"Nervous System Diseases"
              }
            ]
          }
        }
      }
    }
  }
}

