{
  "FullStudy":{
    "Rank":60668,
    "Study":{
      "ProtocolSection":{
        "IdentificationModule":{
          "NCTId":"NCT04060043",
          "OrgStudyIdInfo":{
            "OrgStudyId":"Pepti Pro K02"
          },
          "Organization":{
            "OrgFullName":"CMX Research",
            "OrgClass":"OTHER"
          },
          "BriefTitle":"Pilot Study to Evaluate the Effects of a Generic Goserelin Acetate in Patients With Prostate Cancer",
          "OfficialTitle":"Pilot Study to Evaluate the Effects of a New Depot Formulation of Goserelin Acetate 10.8 mg, on Testosterone Levels in Ambulatory Patients With Carcinoma of the Prostate"
        },
        "StatusModule":{
          "StatusVerifiedDate":"August 2019",
          "OverallStatus":"Completed",
          "ExpandedAccessInfo":{
            "HasExpandedAccess":"No"
          },
          "StartDateStruct":{
            "StartDate":"February 21, 2017",
            "StartDateType":"Actual"
          },
          "PrimaryCompletionDateStruct":{
            "PrimaryCompletionDate":"December 6, 2017",
            "PrimaryCompletionDateType":"Actual"
          },
          "CompletionDateStruct":{
            "CompletionDate":"January 2, 2018",
            "CompletionDateType":"Actual"
          },
          "StudyFirstSubmitDate":"July 19, 2018",
          "StudyFirstSubmitQCDate":"August 14, 2019",
          "StudyFirstPostDateStruct":{
            "StudyFirstPostDate":"August 16, 2019",
            "StudyFirstPostDateType":"Actual"
          },
          "LastUpdateSubmitDate":"August 14, 2019",
          "LastUpdatePostDateStruct":{
            "LastUpdatePostDate":"August 16, 2019",
            "LastUpdatePostDateType":"Actual"
          }
        },
        "SponsorCollaboratorsModule":{
          "ResponsibleParty":{
            "ResponsiblePartyType":"Sponsor"
          },
          "LeadSponsor":{
            "LeadSponsorName":"CMX Research",
            "LeadSponsorClass":"OTHER"
          },
          "CollaboratorList":{
            "Collaborator":[
              {
                "CollaboratorName":"Peptigroupe Inc.",
                "CollaboratorClass":"INDUSTRY"
              }
            ]
          }
        },
        "OversightModule":{
          "OversightHasDMC":"No",
          "IsFDARegulatedDrug":"No",
          "IsFDARegulatedDevice":"No"
        },
        "DescriptionModule":{
          "BriefSummary":"This open-label study is designed to obtain preliminary data on the efficacy of a new depot formulation of goserelin, Pepti 10.8mg, in ambulatory patients with carcinoma of the prostate who, in the opinion of the Investigator, is a candidate for androgen deprivation therapy, after a single injection. Secondarily, it is designed to assess the pharmacokinetics, safety profile and PSA response of this new formulation.",
          "DetailedDescription":"A 12 week (84 day) single injection study in 12 patients with carcinoma of the prostate.\n\nDuring the screening phase, all patients will come to the clinic for a screening visit (V1), during which the patient's eligibility will be evaluated and baseline assessments will be performed. Eligible patients will sign the informed consent form at this visit.\n\nWithin 2 weeks after the screening visit, eligible patients will receive a subcutaneous injection of Pepti 10.8mg on day 0 (V2) and samples will be collected for goserelin 1h, 1.5h, 2h and 3h after the injection. Monitoring of the effects for approximate 4h after the injection will be performed.\n\nThereafter, patients will return to the clinic for follow-up visits approximately every 2 weeks (Visit 3 to 9: Day 7, 21, 35, 49, 63, 77 and 84). The follow-up visits are planned to enable repeated blood sampling designed to evaluate the testosterone response, safety profile and PSA response."
        },
        "ConditionsModule":{
          "ConditionList":{
            "Condition":[
              "Prostate Cancer"
            ]
          },
          "KeywordList":{
            "Keyword":[
              "goserelin",
              "testosterone"
            ]
          }
        },
        "DesignModule":{
          "StudyType":"Interventional",
          "PhaseList":{
            "Phase":[
              "Early Phase 1"
            ]
          },
          "DesignInfo":{
            "DesignAllocation":"N/A",
            "DesignInterventionModel":"Single Group Assignment",
            "DesignPrimaryPurpose":"Treatment",
            "DesignMaskingInfo":{
              "DesignMasking":"None (Open Label)"
            }
          },
          "EnrollmentInfo":{
            "EnrollmentCount":"11",
            "EnrollmentType":"Actual"
          }
        },
        "ArmsInterventionsModule":{
          "ArmGroupList":{
            "ArmGroup":[
              {
                "ArmGroupLabel":"Goserelin acetate Injection",
                "ArmGroupType":"Experimental",
                "ArmGroupDescription":"Pepti 10.8mg is a generic formulation of Zoladex® 10.8mg, with the same ingredients (active and excipients), the same formulation, the same dosage, the same size and route of administration.",
                "ArmGroupInterventionList":{
                  "ArmGroupInterventionName":[
                    "Drug: Goserelin Acetate"
                  ]
                }
              }
            ]
          },
          "InterventionList":{
            "Intervention":[
              {
                "InterventionType":"Drug",
                "InterventionName":"Goserelin Acetate",
                "InterventionDescription":"The Pepti 10.8mg (goserelin acetate) implant is supplied as a cylindrical rod of biodegradable and biocompatible D, L Lactic and glycolic acids copolymer. Each implant contains goserelin acetate equivalent to 10.8mg of goserelin as well as a blend of high and low molecular weight range of D, L lactic and glycolic acids copolymer to total a weight of approximately 36.0mg per depot. The implant will be injected subcutaneously through the patient's anterior abdominal wall.",
                "InterventionArmGroupLabelList":{
                  "InterventionArmGroupLabel":[
                    "Goserelin acetate Injection"
                  ]
                },
                "InterventionOtherNameList":{
                  "InterventionOtherName":[
                    "Pepti 10.8mg",
                    "Goserelin acetate implant"
                  ]
                }
              }
            ]
          }
        },
        "OutcomesModule":{
          "PrimaryOutcomeList":{
            "PrimaryOutcome":[
              {
                "PrimaryOutcomeMeasure":"Changes in testosterone levels",
                "PrimaryOutcomeDescription":"To evaluate the effects of one Pepti implant on testosterone serum concentration from Day 0 to Day 84",
                "PrimaryOutcomeTimeFrame":"84 days"
              }
            ]
          },
          "SecondaryOutcomeList":{
            "SecondaryOutcome":[
              {
                "SecondaryOutcomeMeasure":"Changes in PSA",
                "SecondaryOutcomeDescription":"To assess the changes in blood PSA (Prostate Specific Antigen) levels from Day 0 to Day 84 from PSA laboratory results. This testing is to be performed to assess whether patients can be considered for continuing treatment with an LHRH analogue.",
                "SecondaryOutcomeTimeFrame":"84 days"
              },{
                "SecondaryOutcomeMeasure":"# of treatment emergent adverse events occurring from Day 0 to Day 84",
                "SecondaryOutcomeDescription":"To assess the safety profile of depot formulation of Pepti 10.8mg from Day 0 to Day 84, all adverse events will be recorded.",
                "SecondaryOutcomeTimeFrame":"84 days"
              }
            ]
          }
        },
        "EligibilityModule":{
          "EligibilityCriteria":"Inclusion Criteria:\n\nBe male at least 18 years of age\nBe an ambulatory patient with carcinoma of the prostate (high risk localized or metastatic) documented by available prostate biopsy information, who in the opinion of the treating physician, is a candidate for androgen deprivation therapy\nHave a testosterone level > 1.5ng/mL or >5nmol/L at screening\nHave a life expectancy of at least 1 year\nHave the ability to understand the requirements of the study and is willing to provide written informed consent\nAgree to abide by the study restrictions and return for the required assessments\nonly patients who can be discontinued safety from contra-indicated medications discussed in section 7.4 of the protocol can be included in the study\n\nExclusion Criteria:\n\nHave brain metastases\nHave vertebral metastases with evidence of spinal cord compression\nHave renal impairment due to ureteric obstruction or a history of obstructive uropathy\nHave excruciating, sever bone pain due to extensive bone metastases (however, concomitant therapy with either flutamide or bicalutamide is permitted and encouraged during the first month of the study, in the case where mile bone metastasis are present or suspected)\nUndergone orchiectomy, adrenalectomy or hypophysectomy\nHave undergone prostatic surgical procedures (e.g. radical prostatectomy, transurethral resection of the prostate) within the last month\nHave undergone localized external beam radiotherapy, brachytherapy, thermotherapy or cryotherapy within the last 4 weeks\nUndergone systemic chemotherapy, immunotherapy (e.g. antibody therapies, tumor-vaccines) or biological response modifiers (e.g. cytokines) within the last 3 months\nHave been treated with 5-alpha-reductase inhibitors (e.g finasteride (Proscar®, Propecia®), dutasteride (Avodart®)) within the last month\nHave been previously treated with luteinizing hormone releasing hormone agonists (LHRHa) (e.g. leuprolide (Lupron®), goserelin (Zoladex®) etc.) except if their testosterone levels are above 5 nmol/L and the patient in a known responder\nHave and ongoing treatment with androgen receptor (AR) blockers (e.g. megestrol (Megace®) or cyproterone (Androcur®). Note: Treatment with bicalutamide (Casodex®) IS permitted.\nHave a known hypersensitivity to gonadotropin releasing hormone (GnRH), GnRH agonists, any Luteinizing Hormone-Releasing Hormone (LHRH) agonists (e.g. leuprolide (Lupron®), goserelin (Zoladex®) etc.) or to the poly(lactic-co-glycolic acid (PLGA)) polymers contained in the study formulation\nHave a liver disease (e.g. cirrhosis, chronic active hepatitis or chronic persistent hepatitis) or has persistent alanine amino-transferase (ALT), aspartate amino-transferase (AST) > 2 X upper limit normal (ULN), serum creatinine > 2 X ULN, serum bilirubin > 2 X ULN\nHave received an investigational drug or participated in a clinical trial within the last 30 days\nHave a clinically serious and/or unstable intercurrent infection, medical illnesses or conditions that are uncontrolled or whose control, in the opinion of the Investigator, may be jeopardized by participation in this study or by the complications of this therapy\nHave a body mass index (BMI) < 18.5\nBe an anticoagulated patient with an International Normalized Ratio (INR) ≥ 2\nHave a history of QT prolongation, congenital long QT syndrome, electrolyte abnormalities, Congestive Heart Failure (CHF), or concurrent administration with QT prolonging drugs or QTc > 450 msec",
          "HealthyVolunteers":"No",
          "Gender":"Male",
          "MinimumAge":"18 Years",
          "StdAgeList":{
            "StdAge":[
              "Adult",
              "Older Adult"
            ]
          }
        },
        "ContactsLocationsModule":{
          "LocationList":{
            "Location":[
              {
                "LocationFacility":"Exdeo Clinical Research Inc.",
                "LocationCity":"Abbotsford",
                "LocationState":"British Columbia",
                "LocationZip":"V2S 3N6",
                "LocationCountry":"Canada"
              },{
                "LocationFacility":"The Male / Female Health and Research Centre",
                "LocationCity":"Barrie",
                "LocationState":"Ontario",
                "LocationZip":"L4M 7G1",
                "LocationCountry":"Canada"
              },{
                "LocationFacility":"Jonathan Giddens Medicine Professional Corporation",
                "LocationCity":"Brampton",
                "LocationState":"Ontario",
                "LocationZip":"L6T 4S5",
                "LocationCountry":"Canada"
              },{
                "LocationFacility":"The Fe/Male Health Centres",
                "LocationCity":"Oakville",
                "LocationState":"Ontario",
                "LocationZip":"L6H 3P1",
                "LocationCountry":"Canada"
              },{
                "LocationFacility":"Stanley Flax Medical Professional Corporation",
                "LocationCity":"Toronto",
                "LocationState":"Ontario",
                "LocationZip":"M2J 1V1",
                "LocationCountry":"Canada"
              },{
                "LocationFacility":"Fridon Todua Research Institute of Clinical Medicine",
                "LocationCity":"Tbilisi",
                "LocationZip":"0112",
                "LocationCountry":"Georgia"
              },{
                "LocationFacility":"MediClubGeorgia",
                "LocationCity":"Tbilisi",
                "LocationZip":"0160",
                "LocationCountry":"Georgia"
              }
            ]
          }
        }
      },
      "DerivedSection":{
        "MiscInfoModule":{
          "VersionHolder":"April 19, 2021"
        },
        "ConditionBrowseModule":{
          "ConditionMeshList":{
            "ConditionMesh":[
              {
                "ConditionMeshId":"D000011471",
                "ConditionMeshTerm":"Prostatic Neoplasms"
              }
            ]
          },
          "ConditionAncestorList":{
            "ConditionAncestor":[
              {
                "ConditionAncestorId":"D000005834",
                "ConditionAncestorTerm":"Genital Neoplasms, Male"
              },{
                "ConditionAncestorId":"D000014565",
                "ConditionAncestorTerm":"Urogenital Neoplasms"
              },{
                "ConditionAncestorId":"D000009371",
                "ConditionAncestorTerm":"Neoplasms by Site"
              },{
                "ConditionAncestorId":"D000009369",
                "ConditionAncestorTerm":"Neoplasms"
              },{
                "ConditionAncestorId":"D000011469",
                "ConditionAncestorTerm":"Prostatic Diseases"
              }
            ]
          },
          "ConditionBrowseLeafList":{
            "ConditionBrowseLeaf":[
              {
                "ConditionBrowseLeafId":"M4116",
                "ConditionBrowseLeafName":"Carcinoma",
                "ConditionBrowseLeafRelevance":"low"
              },{
                "ConditionBrowseLeafId":"M12918",
                "ConditionBrowseLeafName":"Prostatic Neoplasms",
                "ConditionBrowseLeafAsFound":"Prostate Cancer",
                "ConditionBrowseLeafRelevance":"high"
              },{
                "ConditionBrowseLeafId":"M7529",
                "ConditionBrowseLeafName":"Genital Neoplasms, Male",
                "ConditionBrowseLeafRelevance":"low"
              },{
                "ConditionBrowseLeafId":"M15898",
                "ConditionBrowseLeafName":"Urogenital Neoplasms",
                "ConditionBrowseLeafRelevance":"low"
              },{
                "ConditionBrowseLeafId":"M12916",
                "ConditionBrowseLeafName":"Prostatic Diseases",
                "ConditionBrowseLeafRelevance":"low"
              }
            ]
          },
          "ConditionBrowseBranchList":{
            "ConditionBrowseBranch":[
              {
                "ConditionBrowseBranchAbbrev":"BC04",
                "ConditionBrowseBranchName":"Cancers and Other Neoplasms"
              },{
                "ConditionBrowseBranchAbbrev":"All",
                "ConditionBrowseBranchName":"All Conditions"
              },{
                "ConditionBrowseBranchAbbrev":"BXS",
                "ConditionBrowseBranchName":"Urinary Tract, Sexual Organs, and Pregnancy Conditions"
              }
            ]
          }
        },
        "InterventionBrowseModule":{
          "InterventionMeshList":{
            "InterventionMesh":[
              {
                "InterventionMeshId":"D000017273",
                "InterventionMeshTerm":"Goserelin"
              }
            ]
          },
          "InterventionAncestorList":{
            "InterventionAncestor":[
              {
                "InterventionAncestorId":"D000018931",
                "InterventionAncestorTerm":"Antineoplastic Agents, Hormonal"
              },{
                "InterventionAncestorId":"D000000970",
                "InterventionAncestorTerm":"Antineoplastic Agents"
              }
            ]
          },
          "InterventionBrowseLeafList":{
            "InterventionBrowseLeaf":[
              {
                "InterventionBrowseLeafId":"M15092",
                "InterventionBrowseLeafName":"Testosterone",
                "InterventionBrowseLeafRelevance":"low"
              },{
                "InterventionBrowseLeafId":"M18151",
                "InterventionBrowseLeafName":"Goserelin",
                "InterventionBrowseLeafAsFound":"Nausea and Vomiting",
                "InterventionBrowseLeafRelevance":"high"
              },{
                "InterventionBrowseLeafId":"M255141",
                "InterventionBrowseLeafName":"Glycolic acid",
                "InterventionBrowseLeafRelevance":"low"
              },{
                "InterventionBrowseLeafId":"M19550",
                "InterventionBrowseLeafName":"Antineoplastic Agents, Hormonal",
                "InterventionBrowseLeafRelevance":"low"
              }
            ]
          },
          "InterventionBrowseBranchList":{
            "InterventionBrowseBranch":[
              {
                "InterventionBrowseBranchAbbrev":"All",
                "InterventionBrowseBranchName":"All Drugs and Chemicals"
              },{
                "InterventionBrowseBranchAbbrev":"ANeo",
                "InterventionBrowseBranchName":"Antineoplastic Agents"
              },{
                "InterventionBrowseBranchAbbrev":"Derm",
                "InterventionBrowseBranchName":"Dermatologic Agents"
              }
            ]
          }
        }
      }
    }
  }
}

