{
  "FullStudy":{
    "Rank":60565,
    "Study":{
      "ProtocolSection":{
        "IdentificationModule":{
          "NCTId":"NCT04061382",
          "OrgStudyIdInfo":{
            "OrgStudyId":"ID 263097"
          },
          "Organization":{
            "OrgFullName":"University of Oxford",
            "OrgClass":"OTHER"
          },
          "BriefTitle":"Sero-epidemiological Survey of England in 2019/2020",
          "OfficialTitle":"Serum Testing of Representative Youngsters: Sero- Epidemiological Survey of England in 2019/2020",
          "Acronym":"STORY"
        },
        "StatusModule":{
          "StatusVerifiedDate":"December 2020",
          "OverallStatus":"Recruiting",
          "ExpandedAccessInfo":{
            "HasExpandedAccess":"No"
          },
          "StartDateStruct":{
            "StartDate":"October 15, 2019",
            "StartDateType":"Actual"
          },
          "PrimaryCompletionDateStruct":{
            "PrimaryCompletionDate":"May 31, 2021",
            "PrimaryCompletionDateType":"Anticipated"
          },
          "CompletionDateStruct":{
            "CompletionDate":"June 30, 2021",
            "CompletionDateType":"Anticipated"
          },
          "StudyFirstSubmitDate":"July 30, 2019",
          "StudyFirstSubmitQCDate":"August 16, 2019",
          "StudyFirstPostDateStruct":{
            "StudyFirstPostDate":"August 19, 2019",
            "StudyFirstPostDateType":"Actual"
          },
          "LastUpdateSubmitDate":"March 8, 2021",
          "LastUpdatePostDateStruct":{
            "LastUpdatePostDate":"March 11, 2021",
            "LastUpdatePostDateType":"Actual"
          }
        },
        "SponsorCollaboratorsModule":{
          "ResponsibleParty":{
            "ResponsiblePartyType":"Sponsor"
          },
          "LeadSponsor":{
            "LeadSponsorName":"University of Oxford",
            "LeadSponsorClass":"OTHER"
          }
        },
        "OversightModule":{
          "OversightHasDMC":"Yes",
          "IsFDARegulatedDrug":"No",
          "IsFDARegulatedDevice":"No"
        },
        "DescriptionModule":{
          "BriefSummary":"This is a pilot study to assess the feasibility of establishing a national sero-epidemiological survey in England in individuals aged 0-24 years, focusing on assessing humoral immunity against diphtheria, Group C invasive meningococcus and SARS-CoV-2. The investigators will recruit 2800 to 3800 individuals, divided into three groups:\n\nGroup one (N= 2300):\n\nThis will include all age groups (0-24years), with recruitment restricted by postcodes provided by Public Health England (PHE) to recruit a representative population for the region as assessed by the IMD (Index of Multiple Deprivation scores).\n\nGroup two (N= up to 1200):\n\nThis group has been added following additional funding to enhance the sample size in response to the COVID-19 pandemic. This will recruit 0-19 year olds and will not be restricted by post code sampling. Instead recruitment will be by public promotion within the normal recruiting regions for each site.\n\nGroup three (N= up to 300):\n\nAddition of Group 3 which is enhanced surveillance in participants from Black, Asian or minority ethnic groups (BAME). Since the start of recruitment we have noted that only 11% of participants are from BAME population, despite recruiting in ethnically diverse regions. Given the increased risk of COVID-19 disease in the BAME community, this is a potential limitation of the study as it stands, not only because it may not reflect the diversity of the UK population, but because it does not allow assessment of whether the differing disease rates and seropositivity in adults are reflected in differences in seropositivity rates in children. Similarly to Group 2, this will recruit 0-19 year olds and will not be restricted by post code sampling.",
          "DetailedDescription":"Public Health England has an ongoing sero-prevalence programme to assess how well the population is protected from vaccine preventable diseases. The current way to check this is by testing left over blood samples from participating healthcare laboratories around the country. However, these samples may not be representative of the general population, particularly in younger age groups who are often most at risk from vaccine preventable diseases. In the Netherlands, they use a different system to assess how well the population is protected from vaccine preventable diseases, actively collecting blood samples from a representative cross section of society. This type of approach would address the limitations of using residual serum samples and allows the collection of additional relevant history e.g. number of family members and previous vaccines received. The investigators are therefore proposing a pilot study to assess the feasibility of establishing a national sero- epidemiological survey in England in individuals aged 0 - 24 years. The investigators will be focusing initially on diphtheria and group C invasive meningococcal disease, both of which are vaccine preventable. This will involve enrolling 2300 participants in the study from different geographical and socioeconomic backgrounds across our test sites and taking a blood sample. This blood will be analysed to look at the level of immunity to vaccine preventable diseases.\n\nThe original protocol has been amended to include the testing of antibodies against other infectious diseases, specifically COVID-19. A second group has been added to recruit an additional 500 to 1200 participants between the ages of 0-19 years. The additional funding has been used to open two more sites to recruit to group two across regions on England that are currently not represented by this study. Having a large number of blood samples from a range of age groups is useful when gathering information about an emerging disease such as the current novel coronavirus (COVID-19). These samples can help provide answers regarding the true number of infections with SARS-CoV-2 (the virus which causes COVID-19 disease) in this population. Group 2 can be enhanced by the samples received from other ethically approved research projects where participants have consented for their samples being used outside of the study.\n\nAdditional funding has been granted for the addition of 300 participants from the BAME community, who will form Group 3. Data from Group 3 would be invaluable in understanding whether higher rates of disease in the BAME community are a result of greater exposure to COVID-19 contact, a higher likelihood of being infected once exposed or a greater risk of disease once infection occurs.\n\nIn addition to increasing the sample size and the number of regions in the UK that are being sampled, a longitudinal sampling cohort has been introduced. A subset of participants equally distributed over the age bands will be enrolled into the longitudinal aspect of the study where repeat blood and saliva samples are taken to look for antibodies against SARS-CoV-2. A questionnaire to ascertain whether the participant or any household contacts have had any symptoms of or been tested positive for COVID-19 will also be collected.\n\nA proportion of participants from this group from selected sites will also provide up to a maximum of three blood samples for separation of peripheral blood mononuclear cells (PBMCs) to evaluate T cell responses. These participants can be either seronegative or seropositive at their Visit 1.\n\nWith the latter addition of four more sites, all NHS regions are now represented in the study."
        },
        "ConditionsModule":{
          "ConditionList":{
            "Condition":[
              "Serogroup C Meningococcal Meningitis",
              "Diphtheria",
              "COVID-19"
            ]
          }
        },
        "DesignModule":{
          "StudyType":"Observational",
          "PatientRegistry":"No",
          "DesignInfo":{
            "DesignObservationalModelList":{
              "DesignObservationalModel":[
                "Other"
              ]
            },
            "DesignTimePerspectiveList":{
              "DesignTimePerspective":[
                "Prospective"
              ]
            }
          },
          "BioSpec":{
            "BioSpecRetention":"Samples With DNA",
            "BioSpecDescription":"Blood samples will be centrifuged, separated and frozen at local sites at -80°C. Ideally this will happen within 24h with a window of up to 72h. Up to two 2ml aliquots per participant will be shipped to PHE in batches of up to 500 on dry ice. Residual sera beyond this volume will be shipped to the Oxford Vaccine Group(OVG) for storage. For participants where consent is obtained for DNA extraction and storage in the Oxford Vaccine Centre biobank residual blood clots will be shipped to the OVG for this purpose. Participant or their parents will take the oral fluid swab on the day of the visit. Once received by the study team it will be kept in a cool bag until the samples arrive in the lab. They will then be frozen to -80° before being shipped to PHE. Blood samples collected for T cell testing will be shipped to the OVG lab for same-day processing for separation of PBMCs. Saliva samples with be processed in line with local SOPs"
          },
          "EnrollmentInfo":{
            "EnrollmentCount":"2800",
            "EnrollmentType":"Anticipated"
          }
        },
        "ArmsInterventionsModule":{
          "ArmGroupList":{
            "ArmGroup":[
              {
                "ArmGroupLabel":"Randomised selection of population - Group 1",
                "ArmGroupDescription":"Group 1 will be focusing on COVID-19, diphtheria and group C invasive meningococcal disease. The investigators are aiming to recruit around 2300 individuals and the investigators are aiming to ensure that sample is broadly representative of the region according to IMD (Index of Multiple Deprivation scores). PHE have generated a list of all postcodes in recruiting regions and determining the quintiles of IMD within that region. Participants interested in taking part in the study will contact sites to arrange a visit. Basic demographic characteristics will be collected by questionnaire and/ or case report form (CRF) and will include: DOB, gender, GP details, Ethnic group, association with communities of special interest, household income and vaccination history.The questionnaire will gather information regarding potential COVID-19 symptoms both in the participant and the participant's household.",
                "ArmGroupInterventionList":{
                  "ArmGroupInterventionName":[
                    "Procedure: Venepuncture",
                    "Procedure: Oral fluid swab"
                  ]
                }
              },{
                "ArmGroupLabel":"Group 2",
                "ArmGroupDescription":"Group two will focus on 0-19 year olds only. They will not be restricted to the post code sampling. Instead this will include standard recruitment methods such as social media advertisements within the normal recruiting regions for each site. Other methods of recruitment are identification of potential participants by the local study team, staff communication channels and inpatients or outpatients clinics as long as potential participants are not patients. The questionnaire will gather information regarding potential COVID-19 symptoms both in the participant and the participant's household.\n\nA proportion of participants from this group from selected sites will also provide up to a maximum of three blood samples for separation of peripheral blood mononuclear cells (PBMCs) to evaluate T cell responses. These participants can be either seronegative or seropositive at their Visit 1.",
                "ArmGroupInterventionList":{
                  "ArmGroupInterventionName":[
                    "Procedure: Venepuncture",
                    "Procedure: Oral fluid swab"
                  ]
                }
              },{
                "ArmGroupLabel":"Group 3",
                "ArmGroupDescription":"Group three will consist of up to 300 participants aged 0-19 from the Black, Asian and Minority ethnic population aged 0-19 years. They will not be restricted to the post code sampling and will be recruited at a sub-set of sites depending on capacity and the demographic profile of the local population. Recruitment will be by multiple approaches, including mail outs, radio and advertising in community (e.g. community centres, religious establishments) or Pharmacies and GP practices where we have ethics approval for them to act as PICs. These can vary according to each site's experience and their contacts within their local community on how is best to approach the BAME community. Other methods of recruitment are identification of potential participants by the local study team, staff communication channels and inpatients or outpatients clinics as long as potential participants are not patients.",
                "ArmGroupInterventionList":{
                  "ArmGroupInterventionName":[
                    "Procedure: Venepuncture",
                    "Procedure: Oral fluid swab"
                  ]
                }
              }
            ]
          },
          "InterventionList":{
            "Intervention":[
              {
                "InterventionType":"Procedure",
                "InterventionName":"Venepuncture",
                "InterventionDescription":"One study visit will be conducted by research study staff and blood sampling will be carried out.\n\nUp to three follow-up visits will be conducted for a percentage of participants, where additional blood samples will be collected. The blood sample will initially focus on looking at population immunity to diphtheria, group C invasive meningococcal disease and SARS-CoV-2.",
                "InterventionArmGroupLabelList":{
                  "InterventionArmGroupLabel":[
                    "Group 2",
                    "Group 3",
                    "Randomised selection of population - Group 1"
                  ]
                }
              },{
                "InterventionType":"Procedure",
                "InterventionName":"Oral fluid swab",
                "InterventionDescription":"Saliva sampling will be collected during the follow-up visits. This swab will be collected either by the participant or the participants parent/guardian on the day of the visit. The saliva sampling will primarily be analysed for SARS-CoV-2 antibodies.",
                "InterventionArmGroupLabelList":{
                  "InterventionArmGroupLabel":[
                    "Group 2",
                    "Group 3",
                    "Randomised selection of population - Group 1"
                  ]
                }
              }
            ]
          }
        },
        "OutcomesModule":{
          "PrimaryOutcomeList":{
            "PrimaryOutcome":[
              {
                "PrimaryOutcomeMeasure":"Feasibility of developing an England based sero-epidemiological programme in 0-24 year olds",
                "PrimaryOutcomeDescription":"Measure the representativeness of participants as compared to the census data for the study region.",
                "PrimaryOutcomeTimeFrame":"11months"
              },{
                "PrimaryOutcomeMeasure":"Feasibility of developing an England based sero epidemiological survey in 0-24 year olds",
                "PrimaryOutcomeDescription":"Test serological markers of immunity for vaccine preventable diseases starting with diphtheria.",
                "PrimaryOutcomeTimeFrame":"11 months"
              },{
                "PrimaryOutcomeMeasure":"Feasibility of developing an England based sero epidemiological survey in 0-24 year olds",
                "PrimaryOutcomeDescription":"Test serological markers of immunity for vaccine preventable diseases including Invasive Meningococcal type C.",
                "PrimaryOutcomeTimeFrame":"11 months"
              },{
                "PrimaryOutcomeMeasure":"Feasibility of developing an England based sero epidemiological survey in 0-24 year olds",
                "PrimaryOutcomeDescription":"Test serological markers to determine the true number of infections with SARS-CoV-2 in the population.",
                "PrimaryOutcomeTimeFrame":"11 months"
              }
            ]
          },
          "SecondaryOutcomeList":{
            "SecondaryOutcome":[
              {
                "SecondaryOutcomeMeasure":"Recruitment rate",
                "SecondaryOutcomeDescription":"Recruitment rate per month, recruitment rates as percentage of potential participants contacted",
                "SecondaryOutcomeTimeFrame":"11 Months"
              },{
                "SecondaryOutcomeMeasure":"Cost",
                "SecondaryOutcomeDescription":"Cost per sample obtained of 'disease specific correlates of protection/markers of immunity, e.g. Anti-Diphtheria Toxoid IgG concentrations and Capsular Group C meningococcal Serum bactericidal activity (SBA) titres and Serum IgG to SARS-CoV-2 antigens, including spike and nucleocapsid protein (as measured by ELISA and/or neutralising assay)",
                "SecondaryOutcomeTimeFrame":"12 months"
              },{
                "SecondaryOutcomeMeasure":"To assess, in relevant age groups and different ethnicities antibody concentrations against infections and vaccine preventable diseases",
                "SecondaryOutcomeDescription":"IgG to COVID-19 spike and nucleocapsid protein",
                "SecondaryOutcomeTimeFrame":"11 months"
              },{
                "SecondaryOutcomeMeasure":"Sera collection",
                "SecondaryOutcomeDescription":"A collection of anonymised sera from participants with appropriate consent and known demographic details and immunisation history.\nSerum IgG to SARS-CoV-2 antigens, including spike and nucleocapsid protein (as measured by ELISA and/or neutralising assay)",
                "SecondaryOutcomeTimeFrame":"11 months"
              },{
                "SecondaryOutcomeMeasure":"Exploratory",
                "SecondaryOutcomeDescription":"• Representativeness of participants sampled, in terms of the local population's ethnicity, community identity, migrant population and socioeconomic background between groups.\n\nDifferences in immunological read outs\n\nPCR for SARS-CoV-2 on saliva samples this will be stored and processed at the end of the study.\nIgA to SARS-CoV-2 in saliva paired with serum samples.",
                "SecondaryOutcomeTimeFrame":"11 months"
              },{
                "SecondaryOutcomeMeasure":"Exploratory",
                "SecondaryOutcomeDescription":"• T cell responses to SARS-CoV-2 antigens including, but not limited to S, M and N proteins, as measured by techniques including, but not limited to\n\nELISpot\nICS\nProliferation assay",
                "SecondaryOutcomeTimeFrame":"6 months"
              },{
                "SecondaryOutcomeMeasure":"Exploratory",
                "SecondaryOutcomeDescription":"• Antigen specific IgG and T cells against non-SARS-CoV-2 coronaviruses (e.g. NL62 and 229E)",
                "SecondaryOutcomeTimeFrame":"6 months"
              }
            ]
          }
        },
        "EligibilityModule":{
          "EligibilityCriteria":"Inclusion Criteria:\n\nParents/legal guardians or adult participant* is willing and able to give informed consent for participation in the study.\nMale or Female, aged 0 - 24 years inclusive (Group 1)\nMale or Female, aged 0 - 19 years inclusive (Group 2)\nMale or Female, aged 0 - 19 years inclusive with BAME background (Group 3)\nParents/legal guardians or adult participants are willing to allow their General Practitioner or relevant NHS databases to be contacted for a full immunisation history\n\nExclusion Criteria:\n\nIf participants do not live in the postcode districts selected by PHE (Group 1 only)\nIf participants are not from the BAME population (Group 3 only\nMedically diagnosed bleeding disorder\nMedically diagnosed platelet disorder\nAnticoagulation medication\nPregnancy\nIf another member of their household is participating who is within 5 years of age of the potential participants age\n\nTemporary exclusion criteria:\n\nThe participant may not enter the study if they or any member of their household is under temporary isolation measures for suspected SARS-CoV-2 infection.",
          "HealthyVolunteers":"Accepts Healthy Volunteers",
          "Gender":"All",
          "MaximumAge":"24 Years",
          "StdAgeList":{
            "StdAge":[
              "Child",
              "Adult"
            ]
          },
          "StudyPopulation":"Basic demographic characteristics will be collected by questionnaire and/or case report form (CRF) and will include: DOB, gender, GP details, ethnic group, association with communities of special interest (e.g. faith communities) household income and vaccination history.\n\nVaccination history will be verified during serum sample collection using the Red Book or other vaccination records, or checking with the general practitioner or the Child Health Immunisation Service (CHIS) database. Where possible this will include batch information for diphtheria pre-school booster to determine which specific product was received.",
          "SamplingMethod":"Probability Sample"
        },
        "ContactsLocationsModule":{
          "CentralContactList":{
            "CentralContact":[
              {
                "CentralContactName":"Iason Vichos",
                "CentralContactRole":"Contact",
                "CentralContactPhone":"01865611400",
                "CentralContactEMail":"info@ovg.ox.ac.uk"
              },{
                "CentralContactName":"Helen Rafcliffe, Dr",
                "CentralContactRole":"Contact",
                "CentralContactPhone":"01865611400",
                "CentralContactEMail":"info@ovg.ox.ac.uk"
              }
            ]
          },
          "OverallOfficialList":{
            "OverallOfficial":[
              {
                "OverallOfficialName":"Matthew Snape, Professor",
                "OverallOfficialAffiliation":"University of Oxford",
                "OverallOfficialRole":"Principal Investigator"
              }
            ]
          },
          "LocationList":{
            "Location":[
              {
                "LocationFacility":"Centre for Clinical Vaccinology & Tropical Medicine (CCVTM)",
                "LocationStatus":"Recruiting",
                "LocationCity":"Oxford",
                "LocationState":"Oxfordshire",
                "LocationZip":"OX3 7LE",
                "LocationCountry":"United Kingdom",
                "LocationContactList":{
                  "LocationContact":[
                    {
                      "LocationContactName":"Iason Vichos",
                      "LocationContactRole":"Contact",
                      "LocationContactPhone":"01865 611 400",
                      "LocationContactEMail":"info@ovg.ox.ac.uk"
                    }
                  ]
                }
              }
            ]
          }
        },
        "IPDSharingStatementModule":{
          "IPDSharing":"No"
        }
      },
      "DerivedSection":{
        "MiscInfoModule":{
          "VersionHolder":"April 19, 2021"
        },
        "ConditionBrowseModule":{
          "ConditionMeshList":{
            "ConditionMesh":[
              {
                "ConditionMeshId":"D000004165",
                "ConditionMeshTerm":"Diphtheria"
              },{
                "ConditionMeshId":"D000008585",
                "ConditionMeshTerm":"Meningitis, Meningococcal"
              },{
                "ConditionMeshId":"D000008581",
                "ConditionMeshTerm":"Meningitis"
              }
            ]
          },
          "ConditionAncestorList":{
            "ConditionAncestor":[
              {
                "ConditionAncestorId":"D000002493",
                "ConditionAncestorTerm":"Central Nervous System Diseases"
              },{
                "ConditionAncestorId":"D000009422",
                "ConditionAncestorTerm":"Nervous System Diseases"
              },{
                "ConditionAncestorId":"D000008589",
                "ConditionAncestorTerm":"Meningococcal Infections"
              },{
                "ConditionAncestorId":"D000016870",
                "ConditionAncestorTerm":"Neisseriaceae Infections"
              },{
                "ConditionAncestorId":"D000016905",
                "ConditionAncestorTerm":"Gram-Negative Bacterial Infections"
              },{
                "ConditionAncestorId":"D000001424",
                "ConditionAncestorTerm":"Bacterial Infections"
              },{
                "ConditionAncestorId":"D000003354",
                "ConditionAncestorTerm":"Corynebacterium Infections"
              },{
                "ConditionAncestorId":"D000000193",
                "ConditionAncestorTerm":"Actinomycetales Infections"
              },{
                "ConditionAncestorId":"D000016908",
                "ConditionAncestorTerm":"Gram-Positive Bacterial Infections"
              },{
                "ConditionAncestorId":"D000016920",
                "ConditionAncestorTerm":"Meningitis, Bacterial"
              },{
                "ConditionAncestorId":"D000020806",
                "ConditionAncestorTerm":"Central Nervous System Bacterial Infections"
              },{
                "ConditionAncestorId":"D000002494",
                "ConditionAncestorTerm":"Central Nervous System Infections"
              }
            ]
          },
          "ConditionBrowseLeafList":{
            "ConditionBrowseLeaf":[
              {
                "ConditionBrowseLeafId":"M10155",
                "ConditionBrowseLeafName":"Meningococcal Infections",
                "ConditionBrowseLeafRelevance":"low"
              },{
                "ConditionBrowseLeafId":"M10147",
                "ConditionBrowseLeafName":"Meningitis",
                "ConditionBrowseLeafAsFound":"Meningitis",
                "ConditionBrowseLeafRelevance":"high"
              },{
                "ConditionBrowseLeafId":"M10151",
                "ConditionBrowseLeafName":"Meningitis, Meningococcal",
                "ConditionBrowseLeafAsFound":"Serogroup C Meningococcal Meningitis",
                "ConditionBrowseLeafRelevance":"high"
              },{
                "ConditionBrowseLeafId":"M5930",
                "ConditionBrowseLeafName":"Diphtheria",
                "ConditionBrowseLeafAsFound":"Diphtheria",
                "ConditionBrowseLeafRelevance":"high"
              },{
                "ConditionBrowseLeafId":"M4325",
                "ConditionBrowseLeafName":"Central Nervous System Diseases",
                "ConditionBrowseLeafRelevance":"low"
              },{
                "ConditionBrowseLeafId":"M8866",
                "ConditionBrowseLeafName":"Infection",
                "ConditionBrowseLeafRelevance":"low"
              },{
                "ConditionBrowseLeafId":"M4951",
                "ConditionBrowseLeafName":"Communicable Diseases",
                "ConditionBrowseLeafRelevance":"low"
              },{
                "ConditionBrowseLeafId":"M17801",
                "ConditionBrowseLeafName":"Neisseriaceae Infections",
                "ConditionBrowseLeafRelevance":"low"
              },{
                "ConditionBrowseLeafId":"M3303",
                "ConditionBrowseLeafName":"Bacterial Infections",
                "ConditionBrowseLeafRelevance":"low"
              },{
                "ConditionBrowseLeafId":"M17832",
                "ConditionBrowseLeafName":"Gram-Negative Bacterial Infections",
                "ConditionBrowseLeafRelevance":"low"
              },{
                "ConditionBrowseLeafId":"M5157",
                "ConditionBrowseLeafName":"Corynebacterium Infections",
                "ConditionBrowseLeafRelevance":"low"
              },{
                "ConditionBrowseLeafId":"M17835",
                "ConditionBrowseLeafName":"Gram-Positive Bacterial Infections",
                "ConditionBrowseLeafRelevance":"low"
              },{
                "ConditionBrowseLeafId":"M17847",
                "ConditionBrowseLeafName":"Meningitis, Bacterial",
                "ConditionBrowseLeafRelevance":"low"
              },{
                "ConditionBrowseLeafId":"M21145",
                "ConditionBrowseLeafName":"Central Nervous System Bacterial Infections",
                "ConditionBrowseLeafRelevance":"low"
              },{
                "ConditionBrowseLeafId":"M4326",
                "ConditionBrowseLeafName":"Central Nervous System Infections",
                "ConditionBrowseLeafRelevance":"low"
              },{
                "ConditionBrowseLeafId":"T3709",
                "ConditionBrowseLeafName":"Meningococcal Infection",
                "ConditionBrowseLeafRelevance":"low"
              },{
                "ConditionBrowseLeafId":"T1885",
                "ConditionBrowseLeafName":"Diphtheria",
                "ConditionBrowseLeafAsFound":"Diphtheria",
                "ConditionBrowseLeafRelevance":"high"
              },{
                "ConditionBrowseLeafId":"T644",
                "ConditionBrowseLeafName":"Bacterial Meningitis",
                "ConditionBrowseLeafRelevance":"low"
              }
            ]
          },
          "ConditionBrowseBranchList":{
            "ConditionBrowseBranch":[
              {
                "ConditionBrowseBranchAbbrev":"BC01",
                "ConditionBrowseBranchName":"Bacterial and Fungal Diseases"
              },{
                "ConditionBrowseBranchAbbrev":"All",
                "ConditionBrowseBranchName":"All Conditions"
              },{
                "ConditionBrowseBranchAbbrev":"BC10",
                "ConditionBrowseBranchName":"Nervous System Diseases"
              },{
                "ConditionBrowseBranchAbbrev":"Rare",
                "ConditionBrowseBranchName":"Rare Diseases"
              }
            ]
          }
        },
        "InterventionBrowseModule":{
          "InterventionBrowseLeafList":{
            "InterventionBrowseLeaf":[
              {
                "InterventionBrowseLeafId":"M2806",
                "InterventionBrowseLeafName":"Antibodies",
                "InterventionBrowseLeafRelevance":"low"
              },{
                "InterventionBrowseLeafId":"M15943",
                "InterventionBrowseLeafName":"Vaccines",
                "InterventionBrowseLeafRelevance":"low"
              },{
                "InterventionBrowseLeafId":"M8767",
                "InterventionBrowseLeafName":"Immunoglobulins",
                "InterventionBrowseLeafRelevance":"low"
              },{
                "InterventionBrowseLeafId":"T14",
                "InterventionBrowseLeafName":"Phenylalanine",
                "InterventionBrowseLeafRelevance":"low"
              }
            ]
          },
          "InterventionBrowseBranchList":{
            "InterventionBrowseBranch":[
              {
                "InterventionBrowseBranchAbbrev":"All",
                "InterventionBrowseBranchName":"All Drugs and Chemicals"
              },{
                "InterventionBrowseBranchAbbrev":"AA",
                "InterventionBrowseBranchName":"Amino Acids"
              }
            ]
          }
        }
      }
    }
  }
}

