{
  "FullStudy":{
    "Rank":60183,
    "Study":{
      "ProtocolSection":{
        "IdentificationModule":{
          "NCTId":"NCT04066374",
          "OrgStudyIdInfo":{
            "OrgStudyId":"G190122"
          },
          "Organization":{
            "OrgFullName":"The Cleveland Clinic",
            "OrgClass":"OTHER"
          },
          "BriefTitle":"Feasibility Study for Intrathoracic Nerve Stimulation",
          "OfficialTitle":"Investigational Device Exemption for Intrathoracic Nerve Stimulation"
        },
        "StatusModule":{
          "StatusVerifiedDate":"February 2021",
          "OverallStatus":"Recruiting",
          "ExpandedAccessInfo":{
            "HasExpandedAccess":"No"
          },
          "StartDateStruct":{
            "StartDate":"August 13, 2019",
            "StartDateType":"Actual"
          },
          "PrimaryCompletionDateStruct":{
            "PrimaryCompletionDate":"December 31, 2021",
            "PrimaryCompletionDateType":"Anticipated"
          },
          "CompletionDateStruct":{
            "CompletionDate":"December 31, 2021",
            "CompletionDateType":"Anticipated"
          },
          "StudyFirstSubmitDate":"August 20, 2019",
          "StudyFirstSubmitQCDate":"August 22, 2019",
          "StudyFirstPostDateStruct":{
            "StudyFirstPostDate":"August 26, 2019",
            "StudyFirstPostDateType":"Actual"
          },
          "LastUpdateSubmitDate":"February 8, 2021",
          "LastUpdatePostDateStruct":{
            "LastUpdatePostDate":"February 10, 2021",
            "LastUpdatePostDateType":"Actual"
          }
        },
        "SponsorCollaboratorsModule":{
          "ResponsibleParty":{
            "ResponsiblePartyType":"Sponsor"
          },
          "LeadSponsor":{
            "LeadSponsorName":"The Cleveland Clinic",
            "LeadSponsorClass":"OTHER"
          }
        },
        "OversightModule":{
          "OversightHasDMC":"No",
          "IsFDARegulatedDrug":"No",
          "IsFDARegulatedDevice":"Yes"
        },
        "DescriptionModule":{
          "BriefSummary":"The purpose of this study is to conduct an early clinical evaluation of safety and feasibility of peripheral nerve stimulation (PNS) of the intercostal nerves using an electrical lead placed in the thoracic cavity as a safe and effective method of pain control after cardiothoracic surgery.",
          "DetailedDescription":"Despite minimally invasive techniques in thoracic surgery, postoperative pain can still be an issue for patients. Achieving adequate pain control not only affects a patient's short and long term quality of life but is also extremely important in preventing post-operative complications. Pain hinders with ambulating earlier and in performing pulmonary toilet hence increasing the risk of ensuing complications. While surgeons use multimodal approaches (e.g., epidural, regional anesthesia, NSAIDs, and opioids) to treat the postoperative pain, patients may not find relief in the acute period. Additionally, the use of opioids in the postoperative period can lead to chronic dependence and misuse. According to the Center for Disease Control, nearly 25% of patients chronically dependent on opioids started taking narcotics after they underwent a surgical procedure. Every day more than 115 people a day die from narcotics, and costing the United States $78.5 billion dollars a year. To prevent the need for opioids and their associated side effects, we look beyond medications for postoperative pain control.\n\nThe field of neuromodulation has been studying the effects of magnetic field and electrical current stimulation of different areas of the body to treat pain. While this has been shown to be effective for complex regional pain syndrome, low back pain, migraines and post herpetic neuralgia, there have not been studies applying the same concept to patients in the acute postoperative period. The goal is to apply the same concept of peripheral nerve stimulation to treat post thoracic surgery pain and decrease the need for opioids for pain relief.\n\nThe purpose of this investigational device exemption is to study the efficacy of peripheral nerve stimulation in treating post thoracic surgery pain and the safety of using these stimulation leads in the thoracic cavity."
        },
        "ConditionsModule":{
          "ConditionList":{
            "Condition":[
              "Postoperative Pain"
            ]
          }
        },
        "DesignModule":{
          "StudyType":"Interventional",
          "PhaseList":{
            "Phase":[
              "Not Applicable"
            ]
          },
          "DesignInfo":{
            "DesignAllocation":"N/A",
            "DesignInterventionModel":"Single Group Assignment",
            "DesignPrimaryPurpose":"Treatment",
            "DesignMaskingInfo":{
              "DesignMasking":"None (Open Label)"
            }
          },
          "EnrollmentInfo":{
            "EnrollmentCount":"10",
            "EnrollmentType":"Anticipated"
          }
        },
        "ArmsInterventionsModule":{
          "ArmGroupList":{
            "ArmGroup":[
              {
                "ArmGroupLabel":"Treatment Arm",
                "ArmGroupType":"Experimental",
                "ArmGroupDescription":"Intrathoracic placement of neurostimulation device",
                "ArmGroupInterventionList":{
                  "ArmGroupInterventionName":[
                    "Device: Peripheral Nerve Stimulation"
                  ]
                }
              }
            ]
          },
          "InterventionList":{
            "Intervention":[
              {
                "InterventionType":"Device",
                "InterventionName":"Peripheral Nerve Stimulation",
                "InterventionDescription":"Medtronic Intellis Spinal Cord Stimulation Device to be implanted in thoracic cavity to treat postoperative acute pain.",
                "InterventionArmGroupLabelList":{
                  "InterventionArmGroupLabel":[
                    "Treatment Arm"
                  ]
                },
                "InterventionOtherNameList":{
                  "InterventionOtherName":[
                    "Off-label use of Medtronic Intellis Spinal Cord Stimulation Device"
                  ]
                }
              }
            ]
          }
        },
        "OutcomesModule":{
          "PrimaryOutcomeList":{
            "PrimaryOutcome":[
              {
                "PrimaryOutcomeMeasure":"Pain as measured by the visual-analog scale",
                "PrimaryOutcomeDescription":"Pain level expressed by the study subject in the scale of 0 (no pain) to 10 (unbearable pain). Lower scores represent the better outcome.",
                "PrimaryOutcomeTimeFrame":"Baseline to 3 months"
              },{
                "PrimaryOutcomeMeasure":"Freedom from device related adverse events",
                "PrimaryOutcomeDescription":"Freedom from device related adverse events (i.e., bleeding, infection, pneumothorax or arrhythmias)",
                "PrimaryOutcomeTimeFrame":"up to 7 days"
              }
            ]
          },
          "SecondaryOutcomeList":{
            "SecondaryOutcome":[
              {
                "SecondaryOutcomeMeasure":"Morphine equivalents taken",
                "SecondaryOutcomeDescription":"Morphine equivalents taken during the inpatient period",
                "SecondaryOutcomeTimeFrame":"up to 7 days"
              },{
                "SecondaryOutcomeMeasure":"Number of narcotics taken",
                "SecondaryOutcomeDescription":"Number of narcotics taken post discharge",
                "SecondaryOutcomeTimeFrame":"7 days to 3 months"
              },{
                "SecondaryOutcomeMeasure":"Pain control as measured by the McGill pain questionnaire",
                "SecondaryOutcomeDescription":"Pain characteristics expressed by the study subject for the following criteria: Throbbing, Shooting, Stabbing, Sharp, Cramping, Gnawing, Hot/Burning, Aching, Heavy, Tender, Splitting, Tiring/Exhausting, Sickening, Fearful, Punishing/Cruel, with the following scales: 0=None, 1=Mild, 2=Moderate, and 3=Severe. Lower scores represent the better outcome.",
                "SecondaryOutcomeTimeFrame":"Screening, 7 days, 1 month and 3 month"
              }
            ]
          }
        },
        "EligibilityModule":{
          "EligibilityCriteria":"Inclusion Criteria:\n\n• Patients undergoing pulmonary surgery by open thoracotomy or thoracoscopy with or without robotic assistance.\n\nExclusion Criteria:\n\nWoman who is pregnant,\nSubjects who have an active systemic infection or are immunocompromised,\nSubjects who will be exposed to diathermy or MRI,\nSubjects who have an electrically active implant, e.g., cardiac pacemaker, defibrillator, or neurostimulator,\nSubjects who are on anticoagulation therapy that would preclude their ability to undergo the implant procedure,\nSubjects less than 22 years of age,\nSubjects at elevated risk of infection or bleeding,\nSubjects unable to consent on their own,\nSubjects with active infection,\nSubjects with immunocompromised state,\nSubjects with preoperative chest pain,\nSubjects with pleural space infection or inflammatory process,\nSubjects undergoing esophageal, tracheal, or gastric procedures,\nSubjects undergoing pneumonectomy,\nSubjects with an uncorrectable coagulopathy,\nSubjects who are allergic or have shown hypersensitivity to any materials of the neurostimulation system which come in contact with the body.",
          "HealthyVolunteers":"No",
          "Gender":"All",
          "MinimumAge":"22 Years",
          "StdAgeList":{
            "StdAge":[
              "Adult",
              "Older Adult"
            ]
          }
        },
        "ContactsLocationsModule":{
          "CentralContactList":{
            "CentralContact":[
              {
                "CentralContactName":"Usman Ahmad, M. D.",
                "CentralContactRole":"Contact",
                "CentralContactPhone":"216-444-1921",
                "CentralContactEMail":"ahmadu@ccf.org"
              }
            ]
          },
          "OverallOfficialList":{
            "OverallOfficial":[
              {
                "OverallOfficialName":"Usman Ahmad, M. D.",
                "OverallOfficialAffiliation":"The Cleveland Clinic",
                "OverallOfficialRole":"Principal Investigator"
              }
            ]
          },
          "LocationList":{
            "Location":[
              {
                "LocationFacility":"Cleveland Clinic",
                "LocationStatus":"Recruiting",
                "LocationCity":"Cleveland",
                "LocationState":"Ohio",
                "LocationZip":"44195",
                "LocationCountry":"United States",
                "LocationContactList":{
                  "LocationContact":[
                    {
                      "LocationContactName":"Usman Ahmad, M. D.",
                      "LocationContactRole":"Contact",
                      "LocationContactPhone":"216-444-1921",
                      "LocationContactEMail":"ahmadu@ccf.org"
                    },{
                      "LocationContactName":"Sean Nagel, M. D.",
                      "LocationContactRole":"Sub-Investigator"
                    },{
                      "LocationContactName":"Sudish Murthy, M. D.",
                      "LocationContactRole":"Sub-Investigator"
                    }
                  ]
                }
              }
            ]
          }
        },
        "IPDSharingStatementModule":{
          "IPDSharing":"No"
        }
      },
      "DerivedSection":{
        "MiscInfoModule":{
          "VersionHolder":"April 19, 2021"
        },
        "ConditionBrowseModule":{
          "ConditionMeshList":{
            "ConditionMesh":[
              {
                "ConditionMeshId":"D000010149",
                "ConditionMeshTerm":"Pain, Postoperative"
              }
            ]
          },
          "ConditionAncestorList":{
            "ConditionAncestor":[
              {
                "ConditionAncestorId":"D000011183",
                "ConditionAncestorTerm":"Postoperative Complications"
              },{
                "ConditionAncestorId":"D000010335",
                "ConditionAncestorTerm":"Pathologic Processes"
              },{
                "ConditionAncestorId":"D000010146",
                "ConditionAncestorTerm":"Pain"
              },{
                "ConditionAncestorId":"D000009461",
                "ConditionAncestorTerm":"Neurologic Manifestations"
              }
            ]
          },
          "ConditionBrowseLeafList":{
            "ConditionBrowseLeaf":[
              {
                "ConditionBrowseLeafId":"M11652",
                "ConditionBrowseLeafName":"Pain, Postoperative",
                "ConditionBrowseLeafAsFound":"Postoperative Pain",
                "ConditionBrowseLeafRelevance":"high"
              },{
                "ConditionBrowseLeafId":"M11649",
                "ConditionBrowseLeafName":"Pain",
                "ConditionBrowseLeafRelevance":"low"
              },{
                "ConditionBrowseLeafId":"M12648",
                "ConditionBrowseLeafName":"Postoperative Complications",
                "ConditionBrowseLeafRelevance":"low"
              },{
                "ConditionBrowseLeafId":"M10987",
                "ConditionBrowseLeafName":"Neurologic Manifestations",
                "ConditionBrowseLeafRelevance":"low"
              }
            ]
          },
          "ConditionBrowseBranchList":{
            "ConditionBrowseBranch":[
              {
                "ConditionBrowseBranchAbbrev":"BC23",
                "ConditionBrowseBranchName":"Symptoms and General Pathology"
              },{
                "ConditionBrowseBranchAbbrev":"All",
                "ConditionBrowseBranchName":"All Conditions"
              },{
                "ConditionBrowseBranchAbbrev":"BC10",
                "ConditionBrowseBranchName":"Nervous System Diseases"
              }
            ]
          }
        }
      }
    }
  }
}

