{
  "FullStudy":{
    "Rank":60373,
    "Study":{
      "ProtocolSection":{
        "IdentificationModule":{
          "NCTId":"NCT04063891",
          "OrgStudyIdInfo":{
            "OrgStudyId":"2018.584"
          },
          "Organization":{
            "OrgFullName":"Prince of Wales Hospital, Shatin, Hong Kong",
            "OrgClass":"OTHER"
          },
          "BriefTitle":"Vibration Therapy as an Intervention for Enhancing Trochanteric Hip Fracture Healing in Elderly Patients",
          "OfficialTitle":"Vibration Therapy as an Intervention for Enhancing Trochanteric Hip Fracture Healing in Elderly Patients: A Randomized Double-Blinded, Placebo-Controlled Clinical Trial"
        },
        "StatusModule":{
          "StatusVerifiedDate":"August 2019",
          "OverallStatus":"Not yet recruiting",
          "ExpandedAccessInfo":{
            "HasExpandedAccess":"No"
          },
          "StartDateStruct":{
            "StartDate":"January 2, 2020",
            "StartDateType":"Anticipated"
          },
          "PrimaryCompletionDateStruct":{
            "PrimaryCompletionDate":"December 31, 2023",
            "PrimaryCompletionDateType":"Anticipated"
          },
          "CompletionDateStruct":{
            "CompletionDate":"June 30, 2024",
            "CompletionDateType":"Anticipated"
          },
          "StudyFirstSubmitDate":"August 18, 2019",
          "StudyFirstSubmitQCDate":"August 20, 2019",
          "StudyFirstPostDateStruct":{
            "StudyFirstPostDate":"August 21, 2019",
            "StudyFirstPostDateType":"Actual"
          },
          "LastUpdateSubmitDate":"August 21, 2019",
          "LastUpdatePostDateStruct":{
            "LastUpdatePostDate":"August 22, 2019",
            "LastUpdatePostDateType":"Actual"
          }
        },
        "SponsorCollaboratorsModule":{
          "ResponsibleParty":{
            "ResponsiblePartyType":"Principal Investigator",
            "ResponsiblePartyInvestigatorFullName":"Ronald Man Yeung WONG",
            "ResponsiblePartyInvestigatorTitle":"Clinical Assistant Professor",
            "ResponsiblePartyInvestigatorAffiliation":"Chinese University of Hong Kong"
          },
          "LeadSponsor":{
            "LeadSponsorName":"Prince of Wales Hospital, Shatin, Hong Kong",
            "LeadSponsorClass":"OTHER"
          },
          "CollaboratorList":{
            "Collaborator":[
              {
                "CollaboratorName":"Tai Po Hospital",
                "CollaboratorClass":"OTHER_GOV"
              }
            ]
          }
        },
        "OversightModule":{
          "OversightHasDMC":"Yes",
          "IsFDARegulatedDrug":"No",
          "IsFDARegulatedDevice":"No",
          "IsUSExport":"No"
        },
        "DescriptionModule":{
          "BriefSummary":"Currently, there are approximately 300,000 hip fractures per year in the US with a mortality rate of 20% within 1 year. In Hong Kong, around 6,000 hip fractures occur yearly with costs approximately 52 million USD, and these numbers are projected to double by 2050.\n\nThe treatment of osteoporotic fractures is a major challenge as bone healing is delayed due to the impaired healing properties with respect to bone formation, angiogenesis and mineralization. Failure to unite results in pain, weakness, reduced mobility and fixation failure, and these complications are most common in elderly patients. Enhancement of osteoporotic fracture healing even after surgical fixation is therefore critical as a major goal in modern fracture management.\n\nLow-magnitude high-frequency vibration (LMHFV) is a biophysical intervention that provides non-invasive, systemic mechanical stimulation and we are the first group to study its effect on fracture healing. Our previous animal studies have shown LMHFV to enhance healing from the early inflammation stage to the late phases of remodeling in osteoporotic diaphyseal fracture healing. Using our newly developed clinically relevant metaphyseal fracture model, we further proved the efficacy of LMHFV. Our results show LMHFV significantly enhanced fracture healing in both osteoporotic and normal rats radiologically by X-ray and micro-CT, histologically and biomechanically.\n\nJustified with our preclinical studies, we hypothesize LMHFV can accelerate the time to fracture healing and enhance functional recovery. In this study, we propose to study the efficacy of LMHFV in trochanteric hip fracture healing by conducting a randomized double-blinded placebo-controlled clinical trial. Elderly patients aged 65 years or older of either gender, after surgical fixation, will be treated with LMHFV at 35Hz, 0.3g, 20 minutes/day, 5 days/week for 6 months. Results will be evaluated by clinical assessments, radiologically with X-rays, Computed Tomography (CT) and dynamic perfusion Magnetic Resonance Imaging (MRI) for blood circulation evaluation, Dual-energy X-ray absorptiometry (DXA), functional outcomes, and mortality. Positive findings from the study would have huge impact and change clinical practice.",
          "DetailedDescription":"Osteoporosis predisposes patients to increased risk of fragility fractures, which affects clinical outcomes and functional recovery. In fact, the lifetime fracture risk of osteoporotic patients reaches as high as 40%. There are approximately 2.5 million osteoporotic fractures each year in the United States (US), with costs estimated at $15 billion USD in 2010. Currently, there are approximately 300,000 hip fractures per year in the US with a mortality rate of 20% within 1 year.\n\nLow-magnitude high-frequency vibration (LMHFV) is a promising biophysical intervention that provides non-invasive, systemic mechanical stimulation. We previously conducted a randomized controlled trial with 710 healthy, active and independent postmenopausal women over 60 years old. The LMHFV group had significant improvements in reaction time, movement velocity, maximum excursion of balancing ability assessment and also quadriceps muscle strength (p<0.001). There were significantly lower fall incidences with 18.6% of 334 vibration group subjects compared with 28.7% of 327 control group subjects (adjusted HR=0.56, p=0.001). Benefits of LMHFV for balancing ability, muscle strength and risk of falling were retained 1 year after cessation of the treatment.\n\nThis is a randomized double-blinded placebo-controlled clinical trial to investigate the use of LMHFV to enhance trochanteric hip fracture healing and will provide impactful findings for the future management of osteoporotic fractures.\n\nObjectives\n\nTo investigate the efficacy of LMHFV in trochanteric hip fractures on the time to radiological healing by conducting a randomized double-blinded placebo-controlled controlled clinical trial\nTo assess the effects of LMHFV in trochanteric hip fractures compared with control on clinical outcomes, densitometry, blood circulation, and mortality\n\nResearch Plan and Methodology A total of 120 unilateral trochanteric hip fracture (AO classification A1-A3) patients due to unintentional fall, aged 65 years or older, will be recruited. Patients will be randomized into either vibration or placebo group after surgical fixation with a cephalomedullary nail. Radiology will be taken after fixation and regular follow-up X-rays will be taken. CTs will also be taken to assess fracture healing. Blood circulation will be assessed by dynamic perfusion MR. BMD and Bone mineral content (BMC) at fracture site will be measured by Dual X-ray Absorptiometry (DXA) scan. Clinically, vital signs, wound condition and pain intensity will be monitored. Functional outcomes including Short Form-36 (SF-36), muscle strength, Timed up and go (TUG) test and balancing ability are evaluated. Mortality will be documented. Throughout the study, complications and safety issues will be documented and in case adverse events occur, treatment will be terminated immediately. The above parameters will be compared between pre- and post-treatment and between the 2 groups."
        },
        "ConditionsModule":{
          "ConditionList":{
            "Condition":[
              "Hip Fractures"
            ]
          },
          "KeywordList":{
            "Keyword":[
              "Fracture healing, Osteoporosis, Vibration treatment"
            ]
          }
        },
        "DesignModule":{
          "StudyType":"Interventional",
          "PhaseList":{
            "Phase":[
              "Phase 2"
            ]
          },
          "DesignInfo":{
            "DesignAllocation":"Randomized",
            "DesignInterventionModel":"Parallel Assignment",
            "DesignInterventionModelDescription":"Randomized Double-Blinded, Placebo-Controlled Clinical Trial",
            "DesignPrimaryPurpose":"Treatment",
            "DesignMaskingInfo":{
              "DesignMasking":"Quadruple",
              "DesignWhoMaskedList":{
                "DesignWhoMasked":[
                  "Participant",
                  "Care Provider",
                  "Investigator",
                  "Outcomes Assessor"
                ]
              }
            }
          },
          "EnrollmentInfo":{
            "EnrollmentCount":"120",
            "EnrollmentType":"Anticipated"
          }
        },
        "ArmsInterventionsModule":{
          "ArmGroupList":{
            "ArmGroup":[
              {
                "ArmGroupLabel":"Placebo-Controlled",
                "ArmGroupType":"Placebo Comparator",
                "ArmGroupDescription":"Placebo group will have placebo treatment by standing on the LMHFV platform for 20 minutes/day",
                "ArmGroupInterventionList":{
                  "ArmGroupInterventionName":[
                    "Device: Low-magnitude high-frequency vibration (LMHFV)"
                  ]
                }
              },{
                "ArmGroupLabel":"Vibration Group",
                "ArmGroupType":"Experimental",
                "ArmGroupDescription":"Vibration group is treated with LMHFV at 35Hz, 0.3g, for 20 minutes/day, 5 times/week",
                "ArmGroupInterventionList":{
                  "ArmGroupInterventionName":[
                    "Device: Low-magnitude high-frequency vibration (LMHFV)"
                  ]
                }
              }
            ]
          },
          "InterventionList":{
            "Intervention":[
              {
                "InterventionType":"Device",
                "InterventionName":"Low-magnitude high-frequency vibration (LMHFV)",
                "InterventionDescription":"Low-magnitude high-frequency vibration (LMHFV) is a biophysical intervention that provides non-invasive, systemic mechanical stimulation and has been reported to have no adverse effect.",
                "InterventionArmGroupLabelList":{
                  "InterventionArmGroupLabel":[
                    "Vibration Group"
                  ]
                }
              },{
                "InterventionType":"Device",
                "InterventionName":"Low-magnitude high-frequency vibration (LMHFV)",
                "InterventionDescription":"Placebo group will have sham treatment by standing on the LMHFV platform for 20 minutes/day",
                "InterventionArmGroupLabelList":{
                  "InterventionArmGroupLabel":[
                    "Placebo-Controlled"
                  ]
                }
              }
            ]
          }
        },
        "OutcomesModule":{
          "PrimaryOutcomeList":{
            "PrimaryOutcome":[
              {
                "PrimaryOutcomeMeasure":"Change in time to healing",
                "PrimaryOutcomeDescription":"X-ray",
                "PrimaryOutcomeTimeFrame":"X-ray: baseline, 12, 52 weeks post-operation"
              },{
                "PrimaryOutcomeMeasure":"Change in time to healing",
                "PrimaryOutcomeDescription":"Computed Tomography",
                "PrimaryOutcomeTimeFrame":"6 weeks post-operation"
              }
            ]
          },
          "SecondaryOutcomeList":{
            "SecondaryOutcome":[
              {
                "SecondaryOutcomeMeasure":"Densitometry",
                "SecondaryOutcomeDescription":"Bone Mineral Density",
                "SecondaryOutcomeTimeFrame":"baseline, 6, 12 and 26 weeks post-operation"
              },{
                "SecondaryOutcomeMeasure":"Densitometry",
                "SecondaryOutcomeDescription":"Bone mineral content",
                "SecondaryOutcomeTimeFrame":"baseline, 6, 12 and 26 weeks post-operation"
              },{
                "SecondaryOutcomeMeasure":"Blood circulation at fracture site",
                "SecondaryOutcomeDescription":"Measured by dynamic contrast-enhanced MR imaging",
                "SecondaryOutcomeTimeFrame":"6 weeks post-operation"
              },{
                "SecondaryOutcomeMeasure":"Pain scale",
                "SecondaryOutcomeDescription":"Verbal Descriptor Scale (Pain Thermometer): scale ranges from 0 to 10, higher score indicates more pain",
                "SecondaryOutcomeTimeFrame":"2, 6, 12, 16, 20, 26, 36, 52 weeks post-operation"
              },{
                "SecondaryOutcomeMeasure":"Quality of life questionnaire (SF-36)",
                "SecondaryOutcomeDescription":"Functional status questionnaire to measure health-related quality of life in eight domains (physical functoning, physicial and emotional limitations, social functioning, bodily pain, general and mental health; Scores ranges from 0-100, higher score indicates better result.",
                "SecondaryOutcomeTimeFrame":"2, 6, 12, 16, 20, 26, 36, 52 weeks post-operation"
              },{
                "SecondaryOutcomeMeasure":"Quadriceps muscle strength",
                "SecondaryOutcomeDescription":"Dynamometer",
                "SecondaryOutcomeTimeFrame":"2, 6, 12, 16, 20, 26, 36, 52 weeks post-operation"
              },{
                "SecondaryOutcomeMeasure":"Balancing ability",
                "SecondaryOutcomeDescription":"Basic Balance Master System",
                "SecondaryOutcomeTimeFrame":"2, 6, 12, 16, 20, 26, 36, 52 weeks post-operation"
              },{
                "SecondaryOutcomeMeasure":"Time up and go test (TUG)",
                "SecondaryOutcomeDescription":"The subject will stand from a chair, walk 3 meters and travel back and sit back on the chair. The time is recorded",
                "SecondaryOutcomeTimeFrame":"2, 6, 12, 16, 20, 26, 36, 52 weeks post-operation"
              },{
                "SecondaryOutcomeMeasure":"Mortality",
                "SecondaryOutcomeTimeFrame":"1 month, 3 months and 1 year post-operation"
              }
            ]
          }
        },
        "EligibilityModule":{
          "EligibilityCriteria":"Inclusion Criteria:\n\nElderly male or females aged 65 years or older\nUnilateral trochanteric hip fractures (AO classification A1-A3)\nDue to unintentional fall\nFractures fixed with cephalomedullary nail (Gamma nail, Stryker - usual practise at our unit)\nWilling and able to comply with study protocol\n\nExclusion Criteria:\n\nOpen fracture\nBilateral fractures\nPatient with multiple injuries\nPathological fractures e.g. tumour, infection, etc.\nHistory of medication or disease affecting bone metabolism such as hypo/hyperthyroidism, hypo/hyperparathyroidism, etc.\nMalignancy\nChairbound or bedbound (unable to comply for LMHFV therapy)\nCognitive problems e.g. dementia (unable to agree for consent)",
          "HealthyVolunteers":"No",
          "Gender":"All",
          "MinimumAge":"65 Years",
          "StdAgeList":{
            "StdAge":[
              "Older Adult"
            ]
          }
        },
        "ContactsLocationsModule":{
          "CentralContactList":{
            "CentralContact":[
              {
                "CentralContactName":"Ronald Man Yeung Wong, MRCSEd, PhD",
                "CentralContactRole":"Contact",
                "CentralContactPhone":"852 35051559",
                "CentralContactEMail":"ronaldwong@ort.cuhk.edu.hk"
              },{
                "CentralContactName":"Wing Hoi Cheung, PhD",
                "CentralContactRole":"Contact",
                "CentralContactPhone":"852 35051559",
                "CentralContactEMail":"louis@ort.cuhk.edu.hk"
              }
            ]
          },
          "OverallOfficialList":{
            "OverallOfficial":[
              {
                "OverallOfficialName":"Ronald Man Yeung Wong, MRCSEd, PhD",
                "OverallOfficialAffiliation":"Chinese University of Hong Kong",
                "OverallOfficialRole":"Principal Investigator"
              }
            ]
          },
          "LocationList":{
            "Location":[
              {
                "LocationFacility":"Ronald Man Yeung Wong",
                "LocationCity":"Hong Kong",
                "LocationCountry":"Hong Kong",
                "LocationContactList":{
                  "LocationContact":[
                    {
                      "LocationContactName":"Chi Yin Tso, FRCS(Ed)",
                      "LocationContactRole":"Sub-Investigator"
                    },{
                      "LocationContactName":"Ning Tang, FRCSEd",
                      "LocationContactRole":"Sub-Investigator"
                    },{
                      "LocationContactName":"Wing Hoi Cheung, PhD",
                      "LocationContactRole":"Sub-Investigator"
                    },{
                      "LocationContactName":"Kwoon Ho Simon Chow, PhD",
                      "LocationContactRole":"Sub-Investigator"
                    }
                  ]
                }
              }
            ]
          }
        },
        "ReferencesModule":{
          "ReferenceList":{
            "Reference":[
              {
                "ReferencePMID":"21450337",
                "ReferenceType":"background",
                "ReferenceCitation":"Rachner TD, Khosla S, Hofbauer LC. Osteoporosis: now and the future. Lancet. 2011 Apr 9;377(9773):1276-87. doi: 10.1016/S0140-6736(10)62349-5. Epub 2011 Mar 28. Review."
              },{
                "ReferencePMID":"24443384",
                "ReferenceType":"background",
                "ReferenceCitation":"Solomon DH, Patrick AR, Schousboe J, Losina E. The potential economic benefits of improved postfracture care: a cost-effectiveness analysis of a fracture liaison service in the US health-care system. J Bone Miner Res. 2014 Jul;29(7):1667-74. doi: 10.1002/jbmr.2180."
              },{
                "ReferencePMID":"27223157",
                "ReferenceType":"background",
                "ReferenceCitation":"Black DM, Rosen CJ. Postmenopausal Osteoporosis. N Engl J Med. 2016 May 26;374(21):2096-7. doi: 10.1056/NEJMc1602599."
              },{
                "ReferencePMID":"19961960",
                "ReferenceType":"background",
                "ReferenceCitation":"Shi HF, Cheung WH, Qin L, Leung AH, Leung KS. Low-magnitude high-frequency vibration treatment augments fracture healing in ovariectomy-induced osteoporotic bone. Bone. 2010 May;46(5):1299-305. doi: 10.1016/j.bone.2009.11.028. Epub 2009 Dec 2."
              },{
                "ReferencePMID":"21234548",
                "ReferenceType":"background",
                "ReferenceCitation":"Bow CH, Tsang SW, Loong CH, Soong CS, Yeung SC, Kung AW. Bone mineral density enhances use of clinical risk factors in predicting ten-year risk of osteoporotic fractures in Chinese men: the Hong Kong Osteoporosis Study. Osteoporos Int. 2011 Nov;22(11):2799-807. doi: 10.1007/s00198-010-1490-0. Epub 2011 Jan 14."
              },{
                "ReferencePMID":"23062367",
                "ReferenceType":"background",
                "ReferenceCitation":"Cheung WH, Sun MH, Zheng YP, Chu WC, Leung AH, Qin L, Wei FY, Leung KS. Stimulated angiogenesis for fracture healing augmented by low-magnitude, high-frequency vibration in a rat model-evaluation of pulsed-wave doppler, 3-D power Doppler ultrasonography and micro-CT microangiography. Ultrasound Med Biol. 2012 Dec;38(12):2120-9. doi: 10.1016/j.ultrasmedbio.2012.07.025. Epub 2012 Oct 11."
              },{
                "ReferencePMID":"28473651",
                "ReferenceType":"background",
                "ReferenceCitation":"Leung KS, Yuen WF, Ngai WK, Lam CY, Lau TW, Lee KB, Siu KM, Tang N, Wong SH, Cheung WH. How well are we managing fragility hip fractures? A narrative report on the review with the attempt to setup a Fragility Fracture Registry in Hong Kong. Hong Kong Med J. 2017 Jun;23(3):264-71. doi: 10.12809/hkmj166124. Epub 2017 May 5."
              },{
                "ReferencePMID":"18924140",
                "ReferenceType":"background",
                "ReferenceCitation":"Leung KS, Shi HF, Cheung WH, Qin L, Ng WK, Tam KF, Tang N. Low-magnitude high-frequency vibration accelerates callus formation, mineralization, and fracture healing in rats. J Orthop Res. 2009 Apr;27(4):458-65. doi: 10.1002/jor.20753."
              },{
                "ReferencePMID":"25131218",
                "ReferenceType":"background",
                "ReferenceCitation":"Chung SL, Leung KS, Cheung WH. Low-magnitude high-frequency vibration enhances gene expression related to callus formation, mineralization and remodeling during osteoporotic fracture healing in rats. J Orthop Res. 2014 Dec;32(12):1572-9. doi: 10.1002/jor.22715. Epub 2014 Aug 17."
              },{
                "ReferencePMID":"21437955",
                "ReferenceType":"background",
                "ReferenceCitation":"Chow DH, Leung KS, Qin L, Leung AH, Cheung WH. Low-magnitude high-frequency vibration (LMHFV) enhances bone remodeling in osteoporotic rat femoral fracture healing. J Orthop Res. 2011 May;29(5):746-52. doi: 10.1002/jor.21303. Epub 2010 Dec 23."
              },{
                "ReferencePMID":"27215741",
                "ReferenceType":"background",
                "ReferenceCitation":"Wei FY, Chow SK, Leung KS, Qin J, Guo A, Yu OL, Li G, Cheung WH. Low-magnitude high-frequency vibration enhanced mesenchymal stem cell recruitment in osteoporotic fracture healing through the SDF-1/CXCR4 pathway. Eur Cell Mater. 2016 May 24;31:341-54."
              },{
                "ReferencePMID":"24676848",
                "ReferenceType":"background",
                "ReferenceCitation":"Leung KS, Li CY, Tse YK, Choy TK, Leung PC, Hung VW, Chan SY, Leung AH, Cheung WH. Effects of 18-month low-magnitude high-frequency vibration on fall rate and fracture risks in 710 community elderly--a cluster-randomized controlled trial. Osteoporos Int. 2014 Jun;25(6):1785-95. doi: 10.1007/s00198-014-2693-6. Epub 2014 Mar 28."
              },{
                "ReferencePMID":"26944817",
                "ReferenceType":"background",
                "ReferenceCitation":"Cheung WH, Li CY, Zhu TY, Leung KS. Improvement in muscle performance after one-year cessation of low-magnitude high-frequency vibration in community elderly. J Musculoskelet Neuronal Interact. 2016 Mar;16(1):4-11."
              },{
                "ReferencePMID":"26029633",
                "ReferenceType":"background",
                "ReferenceCitation":"Griffith JF. Functional imaging of the musculoskeletal system. Quant Imaging Med Surg. 2015 Jun;5(3):323-31. doi: 10.3978/j.issn.2223-4292.2015.03.07."
              },{
                "ReferencePMID":"21369797",
                "ReferenceType":"background",
                "ReferenceCitation":"Griffith JF, Genant HK. New imaging modalities in bone. Curr Rheumatol Rep. 2011 Jun;13(3):241-50. doi: 10.1007/s11926-011-0174-x. Review."
              },{
                "ReferencePMID":"1587874",
                "ReferenceType":"background",
                "ReferenceCitation":"Leung KS, So WS, Shen WY, Hui PW. Gamma nails and dynamic hip screws for peritrochanteric fractures. A randomised prospective study in elderly patients. J Bone Joint Surg Br. 1992 May;74(3):345-51."
              },{
                "ReferencePMID":"15063521",
                "ReferenceType":"background",
                "ReferenceCitation":"Leung KS, Lee WS, Tsui HF, Liu PP, Cheung WH. Complex tibial fracture outcomes following treatment with low-intensity pulsed ultrasound. Ultrasound Med Biol. 2004 Mar;30(3):389-95."
              },{
                "ReferencePMID":"11459715",
                "ReferenceType":"background",
                "ReferenceCitation":"Herr KA, Garand L. Assessment and measurement of pain in older adults. Clin Geriatr Med. 2001 Aug;17(3):457-78, vi."
              },{
                "ReferencePMID":"27493729",
                "ReferenceType":"background",
                "ReferenceCitation":"Lisk R, Yeong K. Reducing mortality from hip fractures: a systematic quality improvement programme. BMJ Qual Improv Rep. 2014 Sep 19;3(1). pii: u205006.w2103. doi: 10.1136/bmjquality.u205006.w2103. eCollection 2014."
              },{
                "ReferencePMID":"26845466",
                "ReferenceType":"background",
                "ReferenceCitation":"Lau PY. To improve the quality of life in elderly people. Hong Kong Med J. 2016 Feb;22(1):4-5. doi: 10.12809/hkmj154782."
              },{
                "ReferencePMID":"31697398",
                "ReferenceType":"background",
                "ReferenceCitation":"Chow SK, Chim YN, Wang J, Zhang N, Wong RM, Tang N, Leung KS, Cheung WH. Vibration treatment modulates macrophage polarisation and enhances early inflammatory response in oestrogen-deficient osteoporotic-fracture healing. Eur Cell Mater. 2019 Nov 7;38:228-245. doi: 10.22203/eCM.v038a16."
              },{
                "ReferencePMID":"31948477",
                "ReferenceType":"background",
                "ReferenceCitation":"Wong RMY, Ho WT, Tang N, Tso CY, Ng WKR, Chow SK, Cheung WH. A study protocol for a randomized controlled trial evaluating vibration therapy as an intervention for postural training and fall prevention after distal radius fracture in elderly patients. Trials. 2020 Jan 16;21(1):95. doi: 10.1186/s13063-019-4013-0."
              },{
                "ReferencePMID":"27546722",
                "ReferenceType":"background",
                "ReferenceCitation":"Rosso F, Dettoni F, Bonasia DE, Olivero F, Mattei L, Bruzzone M, Marmotti A, Rossi R. Prognostic factors for mortality after hip fracture: Operation within 48 hours is mandatory. Injury. 2016 Oct;47 Suppl 4:S91-S97. doi: 10.1016/j.injury.2016.07.055. Epub 2016 Aug 18."
              },{
                "ReferenceType":"background",
                "ReferenceCitation":"Leung KS, Ko P. Practical manual for musculoskeletal trauma: Springer verlag; 2001."
              }
            ]
          }
        },
        "IPDSharingStatementModule":{
          "IPDSharing":"Undecided"
        }
      },
      "DerivedSection":{
        "MiscInfoModule":{
          "VersionHolder":"April 19, 2021"
        },
        "ConditionBrowseModule":{
          "ConditionMeshList":{
            "ConditionMesh":[
              {
                "ConditionMeshId":"D000050723",
                "ConditionMeshTerm":"Fractures, Bone"
              },{
                "ConditionMeshId":"D000006620",
                "ConditionMeshTerm":"Hip Fractures"
              }
            ]
          },
          "ConditionAncestorList":{
            "ConditionAncestor":[
              {
                "ConditionAncestorId":"D000014947",
                "ConditionAncestorTerm":"Wounds and Injuries"
              },{
                "ConditionAncestorId":"D000005264",
                "ConditionAncestorTerm":"Femoral Fractures"
              },{
                "ConditionAncestorId":"D000025981",
                "ConditionAncestorTerm":"Hip Injuries"
              },{
                "ConditionAncestorId":"D000007869",
                "ConditionAncestorTerm":"Leg Injuries"
              }
            ]
          },
          "ConditionBrowseLeafList":{
            "ConditionBrowseLeaf":[
              {
                "ConditionBrowseLeafId":"M24957",
                "ConditionBrowseLeafName":"Fractures, Bone",
                "ConditionBrowseLeafAsFound":"Fracture",
                "ConditionBrowseLeafRelevance":"high"
              },{
                "ConditionBrowseLeafId":"M8279",
                "ConditionBrowseLeafName":"Hip Fractures",
                "ConditionBrowseLeafAsFound":"Hip Fracture",
                "ConditionBrowseLeafRelevance":"high"
              },{
                "ConditionBrowseLeafId":"M11530",
                "ConditionBrowseLeafName":"Osteoporosis",
                "ConditionBrowseLeafRelevance":"low"
              },{
                "ConditionBrowseLeafId":"M16268",
                "ConditionBrowseLeafName":"Wounds and Injuries",
                "ConditionBrowseLeafRelevance":"low"
              },{
                "ConditionBrowseLeafId":"M6985",
                "ConditionBrowseLeafName":"Femoral Fractures",
                "ConditionBrowseLeafRelevance":"low"
              },{
                "ConditionBrowseLeafId":"M21689",
                "ConditionBrowseLeafName":"Hip Injuries",
                "ConditionBrowseLeafRelevance":"low"
              },{
                "ConditionBrowseLeafId":"M9464",
                "ConditionBrowseLeafName":"Leg Injuries",
                "ConditionBrowseLeafRelevance":"low"
              }
            ]
          },
          "ConditionBrowseBranchList":{
            "ConditionBrowseBranch":[
              {
                "ConditionBrowseBranchAbbrev":"BC26",
                "ConditionBrowseBranchName":"Wounds and Injuries"
              },{
                "ConditionBrowseBranchAbbrev":"All",
                "ConditionBrowseBranchName":"All Conditions"
              },{
                "ConditionBrowseBranchAbbrev":"BC05",
                "ConditionBrowseBranchName":"Muscle, Bone, and Cartilage Diseases"
              },{
                "ConditionBrowseBranchAbbrev":"BC18",
                "ConditionBrowseBranchName":"Nutritional and Metabolic Diseases"
              }
            ]
          }
        }
      }
    }
  }
}

