{
  "FullStudy":{
    "Rank":60401,
    "Study":{
      "ProtocolSection":{
        "IdentificationModule":{
          "NCTId":"NCT04063527",
          "OrgStudyIdInfo":{
            "OrgStudyId":"JGOG3020"
          },
          "Organization":{
            "OrgFullName":"Japanese Gynecologic Oncology Group",
            "OrgClass":"OTHER"
          },
          "BriefTitle":"Phase III Trial of Stage I Ovarian Cancer After Surgery",
          "OfficialTitle":"Randomized Phase III Trial of the Need for Adjuvant Chemotherapy in Stage I Epithelial Ovarian Cancer After Comprehensive Staging Surgery"
        },
        "StatusModule":{
          "StatusVerifiedDate":"August 2019",
          "OverallStatus":"Recruiting",
          "ExpandedAccessInfo":{
            "HasExpandedAccess":"No"
          },
          "StartDateStruct":{
            "StartDate":"July 20, 2012",
            "StartDateType":"Actual"
          },
          "PrimaryCompletionDateStruct":{
            "PrimaryCompletionDate":"October 1, 2029",
            "PrimaryCompletionDateType":"Anticipated"
          },
          "CompletionDateStruct":{
            "CompletionDate":"February 1, 2030",
            "CompletionDateType":"Anticipated"
          },
          "StudyFirstSubmitDate":"August 16, 2019",
          "StudyFirstSubmitQCDate":"August 20, 2019",
          "StudyFirstPostDateStruct":{
            "StudyFirstPostDate":"August 21, 2019",
            "StudyFirstPostDateType":"Actual"
          },
          "LastUpdateSubmitDate":"August 28, 2019",
          "LastUpdatePostDateStruct":{
            "LastUpdatePostDate":"August 30, 2019",
            "LastUpdatePostDateType":"Actual"
          }
        },
        "SponsorCollaboratorsModule":{
          "ResponsibleParty":{
            "ResponsiblePartyType":"Sponsor"
          },
          "LeadSponsor":{
            "LeadSponsorName":"Japanese Gynecologic Oncology Group",
            "LeadSponsorClass":"OTHER"
          },
          "CollaboratorList":{
            "Collaborator":[
              {
                "CollaboratorName":"Korean Gynecologic Oncology Group",
                "CollaboratorClass":"OTHER"
              }
            ]
          }
        },
        "OversightModule":{
          "OversightHasDMC":"Yes",
          "IsFDARegulatedDrug":"No",
          "IsFDARegulatedDevice":"No"
        },
        "DescriptionModule":{
          "BriefSummary":"To compare the Overall survival of adjuvant chemotherapy versus observation in stage I epithelial ovarian cancer after comprehensive staging surgery",
          "DetailedDescription":"Based on the following adjustment factors, patients will be randomly assigned in a 1:1 ratio to adjuvant chemotherapy or observation groups.\n\nHistologic type: clear cell adenocarcinoma/mucinous adenocarcinoma vs. serous adenocarcinoma/other histologic types\nFacility where a subject is enrolled\nInternational Federation of Gynecology and Obstetrics(FIGO) clinical staging: Stage Ia/ Ib vs. Stage Ic(b)\n\nGroup A: adjuvant chemotherapy group (standard treatment group):\n\nWhile one of the following treatments will be performed, the number of cycles is entrusted to the treatment policy of each facility.\n\nPaclitaxel plus Carboplatin (TC) therapy; Paclitaxel (PTX) 175 mg/m2 + Carboplatin(CBDCA) area under curve(AUC) 6 q3weeks day1, 3 to 6 cycles Docetaxel plus Carboplatin (DC) therapy; Docetaxel(DTX) 70 mg/m2 + CBDCA AUC 6 q3weeks day1, 3 to 6 cycles\n\nAfter the start of TC therapy, switching from PTX to DTX due to an adverse event is permitted.\n\nGroup B: observation group (study treatment group): Observation only, no adjuvant chemotherapy administered."
        },
        "ConditionsModule":{
          "ConditionList":{
            "Condition":[
              "Epithelial Ovarian Cancer"
            ]
          },
          "KeywordList":{
            "Keyword":[
              "epithelial ovarian cancer",
              "FIGO stage I",
              "staging surgery",
              "adjuvant chemotherapy"
            ]
          }
        },
        "DesignModule":{
          "StudyType":"Interventional",
          "PhaseList":{
            "Phase":[
              "Phase 3"
            ]
          },
          "DesignInfo":{
            "DesignAllocation":"Randomized",
            "DesignInterventionModel":"Parallel Assignment",
            "DesignPrimaryPurpose":"Treatment",
            "DesignMaskingInfo":{
              "DesignMasking":"None (Open Label)"
            }
          },
          "EnrollmentInfo":{
            "EnrollmentCount":"360",
            "EnrollmentType":"Anticipated"
          }
        },
        "ArmsInterventionsModule":{
          "ArmGroupList":{
            "ArmGroup":[
              {
                "ArmGroupLabel":"Standard therapy",
                "ArmGroupType":"Active Comparator",
                "ArmGroupDescription":"combination of paclitaxel and carboplatin",
                "ArmGroupInterventionList":{
                  "ArmGroupInterventionName":[
                    "Drug: adjuvant chemotherapy"
                  ]
                }
              },{
                "ArmGroupLabel":"Observation",
                "ArmGroupType":"No Intervention",
                "ArmGroupDescription":"Observation"
              }
            ]
          },
          "InterventionList":{
            "Intervention":[
              {
                "InterventionType":"Drug",
                "InterventionName":"adjuvant chemotherapy",
                "InterventionDescription":"combination of paclitaxel and carboplatin",
                "InterventionArmGroupLabelList":{
                  "InterventionArmGroupLabel":[
                    "Standard therapy"
                  ]
                },
                "InterventionOtherNameList":{
                  "InterventionOtherName":[
                    "paclitaxel and carboplatin"
                  ]
                }
              }
            ]
          }
        },
        "OutcomesModule":{
          "PrimaryOutcomeList":{
            "PrimaryOutcome":[
              {
                "PrimaryOutcomeMeasure":"Overall survival",
                "PrimaryOutcomeDescription":"In surviving patients, cut off will be on the last date the patient is confirmed to be alive.\nIf a patient is lost to follow-up, cut off will be on the last date the patient is confirmed to be alive before being lost to follow-up.",
                "PrimaryOutcomeTimeFrame":"From date of randomization until the date of death from any cause, assessed up to 60 months"
              }
            ]
          },
          "SecondaryOutcomeList":{
            "SecondaryOutcome":[
              {
                "SecondaryOutcomeMeasure":"Relapse-free survival",
                "SecondaryOutcomeDescription":"If relapse is diagnosed through imaging, it is considered an event on the \"test date\" on which a \"definite diagnosis\" is obtained and not the test date that showed a \"suspected relapse on an image.\" If a relapse is clinically diagnosed, not just through imaging, it is considered an event on the date on which relapse is diagnosed.\nProgression observed by CA-125 only shall not be handled as an event in this study.",
                "SecondaryOutcomeTimeFrame":"From date of randomization until the date of first documented progression or date of death from any cause, whichever came first, assessed up to 60 months"
              }
            ]
          }
        },
        "EligibilityModule":{
          "EligibilityCriteria":"Inclusion Criteria:\n\nPatients with a diagnosis of histopathologically epithelial ovarian cancer\nFIGO Stages Ia(Grade2/3, clear cell carcinoma), Ib(Grade2/3, clear cell carcinoma) and Ic(b)(all degree of differentiation and all histologic type)\nPatients with a diagnosis of advanced stage by comprehensive staging or restaging laparotomy.\n\nPatients who received comprehensive staging surgery (basic surgical techniques (total hysterectomy, bilateral salpingo-oophorectomy, and omentectomy) as well as peritoneal cytology, multiple biopsies of the peritoneum ([Peritoneal biopsy] see details below), retroperitoneal lymph node dissection (see details below [Retroperitoneal lymph node dissection]).\n\nHowever, for the following cases, it is eligible as a condition to record on the official document.\n\nPeritoneal biopsy: peritoneal metastasis is not recognized by macroscopic and palpation in the stipulated site, and the case that biopsy has not been performed.\nRetroperitoneal lymph node dissection: the case that lymph nodes of the stipulated range has been dissected however the prescribed number has not been reached.\nAge: 20 or older\nPerformance status (PS):0-1\nCase with initial therapy for postoperative primary lesion\nPatient possible to receive the first study treatment within 8 weeks after the comprehensive staging surgery\nReasonable organ function\nPatient must have signed informed consent.\n\nExclusion Criteria:\n\nFIGO Stages Ic(a), Ic(1) and Ic(2)\nPatients containing sarcoma elements\nPatients with any signs of interstitial pneumonia or pulmonary fibrosis by chest radiography and CT\nPatients with serious complications\nPatients with active infection\nPatients with intestinal paralysis or intestinal obstruction\nPatients who have a synchronous malignancy or who have been progression-free less than 5 years for a metachronous malignancy\nPatients with previous chemotherapy or radiation therapy\nPatients with serious drug hypersensitivity\nPatients with peripheral motor/sensory neuropathy [grade2,3,4 Common Terminology Criteria for Adverse Events (CTCAE) 4.0]\nPatients who have had a hypersensitivity reaction to polyoxyethylated or hydrogenated castor oil\nPatients with positive HBsAg. Patients with more than 2.1 log/copies ml based on fixed Hepatitis B virus (HBV)-DNA who are positive with either antigen-positive Hepatitis B (HBs), anti-hepatitis B core antigen or anti-hepatitis B surface antigen.\nPatients who are inappropriate to enter this study with any safety reasons, judged by the treating physician",
          "HealthyVolunteers":"No",
          "Gender":"Female",
          "MinimumAge":"20 Years",
          "StdAgeList":{
            "StdAge":[
              "Adult",
              "Older Adult"
            ]
          }
        },
        "ContactsLocationsModule":{
          "CentralContactList":{
            "CentralContact":[
              {
                "CentralContactName":"Hiroshi Tanabe, M.D.",
                "CentralContactRole":"Contact",
                "CentralContactPhone":"81-4-7133-1111",
                "CentralContactEMail":"htanabe@east.ncc.go.jp"
              }
            ]
          },
          "OverallOfficialList":{
            "OverallOfficial":[
              {
                "OverallOfficialName":"Hiroshi Tanabe, M.D.",
                "OverallOfficialAffiliation":"National Cancer Center Hospital East",
                "OverallOfficialRole":"Study Chair"
              }
            ]
          },
          "LocationList":{
            "Location":[
              {
                "LocationFacility":"Aichi Medical University Hospital",
                "LocationStatus":"Recruiting",
                "LocationCity":"Nagakute-shi",
                "LocationState":"Aichi",
                "LocationZip":"480-1195",
                "LocationCountry":"Japan",
                "LocationContactList":{
                  "LocationContact":[
                    {
                      "LocationContactName":"Taiki Ueno",
                      "LocationContactRole":"Contact",
                      "LocationContactPhone":"81-561-62-3311",
                      "LocationContactEMail":"garuboxer@gmail.com"
                    }
                  ]
                }
              },{
                "LocationFacility":"Tosei General Hospital",
                "LocationStatus":"Recruiting",
                "LocationCity":"Seto-shi",
                "LocationState":"Aichi",
                "LocationZip":"489-8642",
                "LocationCountry":"Japan",
                "LocationContactList":{
                  "LocationContact":[
                    {
                      "LocationContactName":"Hidekazu Asai",
                      "LocationContactRole":"Contact",
                      "LocationContactPhone":"81-561-82-5101",
                      "LocationContactEMail":"hide.asai1990@tosei.or.jp"
                    }
                  ]
                }
              },{
                "LocationFacility":"Fujita Health University Hospital",
                "LocationStatus":"Recruiting",
                "LocationCity":"Toyoake-shi",
                "LocationState":"Aichi",
                "LocationZip":"470-1193",
                "LocationCountry":"Japan",
                "LocationContactList":{
                  "LocationContact":[
                    {
                      "LocationContactName":"Takuma Fujii",
                      "LocationContactRole":"Contact",
                      "LocationContactPhone":"81-562-93-9294",
                      "LocationContactEMail":"fujiit44@gmail.com"
                    }
                  ]
                }
              },{
                "LocationFacility":"Hirosaki University School of Medicine & Hospital",
                "LocationStatus":"Recruiting",
                "LocationCity":"Hirosaki-shi",
                "LocationState":"Aomori",
                "LocationZip":"036-8563",
                "LocationCountry":"Japan",
                "LocationContactList":{
                  "LocationContact":[
                    {
                      "LocationContactName":"Yoshihito Yokoyama",
                      "LocationContactRole":"Contact",
                      "LocationContactPhone":"81-172-39-5107",
                      "LocationContactEMail":"yokoyama@hirosaki-u.ac.jp"
                    }
                  ]
                }
              },{
                "LocationFacility":"The Jikei University School of Medicine Kashiwa Hospital",
                "LocationStatus":"Recruiting",
                "LocationCity":"Kashiwa-shi",
                "LocationState":"Chiba",
                "LocationZip":"277-8567",
                "LocationCountry":"Japan",
                "LocationContactList":{
                  "LocationContact":[
                    {
                      "LocationContactName":"Hirokuni Takano",
                      "LocationContactRole":"Contact",
                      "LocationContactPhone":"81-4-7164-1111",
                      "LocationContactEMail":"hirokuni@jikei.ac.jp"
                    }
                  ]
                }
              },{
                "LocationFacility":"National Cancer Center Hospital East",
                "LocationStatus":"Recruiting",
                "LocationCity":"Kashiwa-shi",
                "LocationState":"Chiba",
                "LocationZip":"277-8577",
                "LocationCountry":"Japan",
                "LocationContactList":{
                  "LocationContact":[
                    {
                      "LocationContactName":"Hiroshi Tanabe",
                      "LocationContactRole":"Contact",
                      "LocationContactPhone":"81-4-7133-1111",
                      "LocationContactEMail":"htanabe@east.ncc.go.jp"
                    }
                  ]
                }
              },{
                "LocationFacility":"Ehime University Hospital",
                "LocationStatus":"Recruiting",
                "LocationCity":"Onsen-gun",
                "LocationState":"Ehime",
                "LocationZip":"791-0295",
                "LocationCountry":"Japan",
                "LocationContactList":{
                  "LocationContact":[
                    {
                      "LocationContactName":"Takashi Matsumoto",
                      "LocationContactRole":"Contact",
                      "LocationContactPhone":"81-89-960-5379",
                      "LocationContactEMail":"matsugen@m.ehime-u.ac.jp"
                    }
                  ]
                }
              },{
                "LocationFacility":"Kyusyu Medical Center",
                "LocationStatus":"Recruiting",
                "LocationCity":"Fukuoka-shi",
                "LocationState":"Fukuoka",
                "LocationZip":"810-8563",
                "LocationCountry":"Japan",
                "LocationContactList":{
                  "LocationContact":[
                    {
                      "LocationContactName":"Yasuyuki Hasuo",
                      "LocationContactRole":"Contact",
                      "LocationContactPhone":"81-92-852-0700",
                      "LocationContactEMail":"hasuo.yasuyuki.ab@mail.hosp.go.jp"
                    }
                  ]
                }
              },{
                "LocationFacility":"Kyusyu Cancer Center",
                "LocationStatus":"Recruiting",
                "LocationCity":"Fukuoka-shi",
                "LocationState":"Fukuoka",
                "LocationZip":"811-1395",
                "LocationCountry":"Japan",
                "LocationContactList":{
                  "LocationContact":[
                    {
                      "LocationContactName":"Masao Okadome",
                      "LocationContactRole":"Contact",
                      "LocationContactPhone":"81-92-541-3231",
                      "LocationContactEMail":"okadome.m@nk-cc.go.jp"
                    }
                  ]
                }
              },{
                "LocationFacility":"Kyushu University Hospital",
                "LocationStatus":"Recruiting",
                "LocationCity":"Fukuoka-shi",
                "LocationState":"Fukuoka",
                "LocationZip":"812-8582",
                "LocationCountry":"Japan",
                "LocationContactList":{
                  "LocationContact":[
                    {
                      "LocationContactName":"Kiyoko Kato",
                      "LocationContactRole":"Contact",
                      "LocationContactPhone":"81-92-641-1151",
                      "LocationContactEMail":"kkato@med.kyushu-u.ac.jp"
                    }
                  ]
                }
              },{
                "LocationFacility":"Kurume University Hospital",
                "LocationStatus":"Recruiting",
                "LocationCity":"Kurume-shi",
                "LocationState":"Fukuoka",
                "LocationZip":"830-0011",
                "LocationCountry":"Japan",
                "LocationContactList":{
                  "LocationContact":[
                    {
                      "LocationContactName":"Kimio Ushijima",
                      "LocationContactRole":"Contact",
                      "LocationContactPhone":"81-942-31-7573",
                      "LocationContactEMail":"kimi@med.kurume-u.ac.jp"
                    }
                  ]
                }
              },{
                "LocationFacility":"Gifu University Hospital",
                "LocationStatus":"Recruiting",
                "LocationCity":"Gifu-shi",
                "LocationState":"Gifu",
                "LocationZip":"501-1194",
                "LocationCountry":"Japan",
                "LocationContactList":{
                  "LocationContact":[
                    {
                      "LocationContactName":"Kenichiro Morishige",
                      "LocationContactRole":"Contact",
                      "LocationContactPhone":"81-58-230-6349",
                      "LocationContactEMail":"mken@gifu-u.ac.jp"
                    }
                  ]
                }
              },{
                "LocationFacility":"Gunma University Hospital",
                "LocationStatus":"Recruiting",
                "LocationCity":"Maebashi",
                "LocationState":"Gunma",
                "LocationZip":"371-8511",
                "LocationCountry":"Japan",
                "LocationContactList":{
                  "LocationContact":[
                    {
                      "LocationContactName":"Takashi Hirakawa",
                      "LocationContactRole":"Contact",
                      "LocationContactPhone":"81-27-220-7111",
                      "LocationContactEMail":"thira@gunma-u.ac.jp"
                    }
                  ]
                }
              },{
                "LocationFacility":"Gunma Prefectural Cancer Center",
                "LocationStatus":"Recruiting",
                "LocationCity":"Ōta",
                "LocationState":"Gunma",
                "LocationZip":"373-8550",
                "LocationCountry":"Japan",
                "LocationContactList":{
                  "LocationContact":[
                    {
                      "LocationContactName":"Kazuto Nakamura",
                      "LocationContactRole":"Contact",
                      "LocationContactPhone":"81-276-38-0771",
                      "LocationContactEMail":"nkazuto@gunma-cc.jp"
                    }
                  ]
                }
              },{
                "LocationFacility":"JA Hiroshima General Hospital",
                "LocationStatus":"Recruiting",
                "LocationCity":"Hatsukaichi-shi",
                "LocationState":"Hiroshima",
                "LocationZip":"738-8503",
                "LocationCountry":"Japan",
                "LocationContactList":{
                  "LocationContact":[
                    {
                      "LocationContactName":"Yoshinobu Nakanishi",
                      "LocationContactRole":"Contact",
                      "LocationContactPhone":"81-829-36-3111",
                      "LocationContactEMail":"y-nakanishi@do7.enjoy.ne.jp"
                    }
                  ]
                }
              },{
                "LocationFacility":"Hiroshima City Hiroshima Citizens Hospital",
                "LocationStatus":"Recruiting",
                "LocationCity":"Hiroshima-shi",
                "LocationState":"Hiroshima",
                "LocationZip":"730-8518",
                "LocationCountry":"Japan",
                "LocationContactList":{
                  "LocationContact":[
                    {
                      "LocationContactName":"Junichi Kodama",
                      "LocationContactRole":"Contact",
                      "LocationContactPhone":"81-82-221-2291",
                      "LocationContactEMail":"kodama@cc.okayama-u.ac.jp"
                    }
                  ]
                }
              },{
                "LocationFacility":"Hiroshima Prefectural Hospital",
                "LocationStatus":"Recruiting",
                "LocationCity":"Hiroshima-shi",
                "LocationState":"Hiroshima",
                "LocationZip":"734-8530",
                "LocationCountry":"Japan",
                "LocationContactList":{
                  "LocationContact":[
                    {
                      "LocationContactName":"Yuko Shiroyama",
                      "LocationContactRole":"Contact",
                      "LocationContactPhone":"81-82-254-1818",
                      "LocationContactEMail":"y-shiroyama73182@pref.hiroshima.lg.jp"
                    }
                  ]
                }
              },{
                "LocationFacility":"Miyoshi Central Hospital",
                "LocationStatus":"Recruiting",
                "LocationCity":"Miyoshi-shi",
                "LocationState":"Hiroshima",
                "LocationZip":"728-8502",
                "LocationCountry":"Japan",
                "LocationContactList":{
                  "LocationContact":[
                    {
                      "LocationContactName":"Takefumi Akagi",
                      "LocationContactRole":"Contact",
                      "LocationContactPhone":"81-824-65-0101",
                      "LocationContactEMail":"keioka16@gmail.com"
                    }
                  ]
                }
              },{
                "LocationFacility":"Hospital Hakodate Hokkaido",
                "LocationStatus":"Recruiting",
                "LocationCity":"Hakodate-shi",
                "LocationState":"Hokkaido",
                "LocationZip":"041-8680",
                "LocationCountry":"Japan",
                "LocationContactList":{
                  "LocationContact":[
                    {
                      "LocationContactName":"Tsuyoshi Yamashita",
                      "LocationContactRole":"Contact",
                      "LocationContactPhone":"81-138-43-2000",
                      "LocationContactEMail":"tyamashi@hospital.hakodate.hokkaido.jp"
                    }
                  ]
                }
              },{
                "LocationFacility":"JA Sapporo-Kosei general Hospital",
                "LocationStatus":"Recruiting",
                "LocationCity":"Sapporo-shi",
                "LocationState":"Hokkaido",
                "LocationZip":"060-0033",
                "LocationCountry":"Japan",
                "LocationContactList":{
                  "LocationContact":[
                    {
                      "LocationContactName":"Tsunemaro Kojo",
                      "LocationContactRole":"Contact",
                      "LocationContactPhone":"81-11-261-5331",
                      "LocationContactEMail":"k.tsunemaro@ja-hokkaidoukouseiren.or.jp"
                    }
                  ]
                }
              },{
                "LocationFacility":"Hokkaido University Hospita",
                "LocationStatus":"Recruiting",
                "LocationCity":"Sapporo-shi",
                "LocationState":"Hokkaido",
                "LocationZip":"060-8648",
                "LocationCountry":"Japan",
                "LocationContactList":{
                  "LocationContact":[
                    {
                      "LocationContactName":"Hidemichi Watari",
                      "LocationContactRole":"Contact",
                      "LocationContactPhone":"81-11-716-1161",
                      "LocationContactEMail":"watarih@med.hokudai.ac.jp"
                    }
                  ]
                }
              },{
                "LocationFacility":"Hyogo Cancer Center",
                "LocationStatus":"Recruiting",
                "LocationCity":"Akashi-shi",
                "LocationState":"Hyogo",
                "LocationZip":"673-8558",
                "LocationCountry":"Japan",
                "LocationContactList":{
                  "LocationContact":[
                    {
                      "LocationContactName":"Satoshi Yamaguchi",
                      "LocationContactRole":"Contact",
                      "LocationContactPhone":"81-78-929-1151",
                      "LocationContactEMail":"s-yama@hp.pref.hyogo.jp"
                    }
                  ]
                }
              },{
                "LocationFacility":"Kansai Rosai Hospital",
                "LocationStatus":"Recruiting",
                "LocationCity":"Amagasaki-shi",
                "LocationState":"Hyogo",
                "LocationZip":"660-8511",
                "LocationCountry":"Japan",
                "LocationContactList":{
                  "LocationContact":[
                    {
                      "LocationContactName":"Kensuke Hori",
                      "LocationContactRole":"Contact",
                      "LocationContactPhone":"81-6-6416-1221",
                      "LocationContactEMail":"hori-kensuke@kansaih.johas.go.jp"
                    }
                  ]
                }
              },{
                "LocationFacility":"Japanese Red Cross Society Himeji Hospital",
                "LocationStatus":"Recruiting",
                "LocationCity":"Himeji-shi",
                "LocationState":"Hyogo",
                "LocationZip":"670-8540",
                "LocationCountry":"Japan",
                "LocationContactList":{
                  "LocationContact":[
                    {
                      "LocationContactName":"Yasushi Mizutani",
                      "LocationContactRole":"Contact",
                      "LocationContactPhone":"81-79-294-2251",
                      "LocationContactEMail":"yappy2727@yahoo.co.jp"
                    }
                  ]
                }
              },{
                "LocationFacility":"University of Tsukuba Hospital",
                "LocationStatus":"Recruiting",
                "LocationCity":"Tsukuba-shi",
                "LocationState":"Ibaraki",
                "LocationZip":"305-8576",
                "LocationCountry":"Japan",
                "LocationContactList":{
                  "LocationContact":[
                    {
                      "LocationContactName":"Toyomi Sato",
                      "LocationContactRole":"Contact",
                      "LocationContactPhone":"81-29-853-3049",
                      "LocationContactEMail":"toyomi-s@md.tsukuba.ac.jp"
                    }
                  ]
                }
              },{
                "LocationFacility":"Iwate Medical University Hospital",
                "LocationStatus":"Recruiting",
                "LocationCity":"Morioka-shi",
                "LocationState":"Iwate",
                "LocationZip":"020-8505",
                "LocationCountry":"Japan",
                "LocationContactList":{
                  "LocationContact":[
                    {
                      "LocationContactName":"Tsukasa Baba",
                      "LocationContactRole":"Contact",
                      "LocationContactPhone":"81-19-651-5111",
                      "LocationContactEMail":"babatsu@iwate-med.ac.jp"
                    }
                  ]
                }
              },{
                "LocationFacility":"Kagoshima University Medical And Dental Hospital",
                "LocationStatus":"Recruiting",
                "LocationCity":"Kagoshima-shi",
                "LocationState":"Kagoshima",
                "LocationZip":"890-8520",
                "LocationCountry":"Japan",
                "LocationContactList":{
                  "LocationContact":[
                    {
                      "LocationContactName":"Hiroaki Kobayashi",
                      "LocationContactRole":"Contact",
                      "LocationContactPhone":"81-99-275-5111",
                      "LocationContactEMail":"hirokoba@m2.kufm.kagoshima-u.ac.jp"
                    }
                  ]
                }
              },{
                "LocationFacility":"Kagoshima City Hospital",
                "LocationStatus":"Recruiting",
                "LocationCity":"Kagoshima-shi",
                "LocationState":"Kagoshima",
                "LocationZip":"890-8760",
                "LocationCountry":"Japan",
                "LocationContactList":{
                  "LocationContact":[
                    {
                      "LocationContactName":"Toshiaki Nakamura",
                      "LocationContactRole":"Contact",
                      "LocationContactPhone":"81-99-230-7000",
                      "LocationContactEMail":"nakamura-t53@kch.kagoshima.jp"
                    }
                  ]
                }
              },{
                "LocationFacility":"Tokai University Hospital",
                "LocationStatus":"Recruiting",
                "LocationCity":"Isehara-shi",
                "LocationState":"Kanagawa",
                "LocationZip":"259-1143",
                "LocationCountry":"Japan",
                "LocationContactList":{
                  "LocationContact":[
                    {
                      "LocationContactName":"Takeshi Hirasawa",
                      "LocationContactRole":"Contact",
                      "LocationContactPhone":"81-463-93-1121",
                      "LocationContactEMail":"hira@is.icc.u-tokai.ac.jp"
                    }
                  ]
                }
              },{
                "LocationFacility":"St.Marianna University School of Medicine Hospital",
                "LocationStatus":"Recruiting",
                "LocationCity":"Kawasaki-shi",
                "LocationState":"Kanagawa",
                "LocationZip":"216-8511",
                "LocationCountry":"Japan",
                "LocationContactList":{
                  "LocationContact":[
                    {
                      "LocationContactName":"Nao Suzuki",
                      "LocationContactRole":"Contact",
                      "LocationContactPhone":"81-44-977-8111",
                      "LocationContactEMail":"nao@marianna-u.ac.jp"
                    }
                  ]
                }
              },{
                "LocationFacility":"Kitasato University Hospital",
                "LocationStatus":"Recruiting",
                "LocationCity":"Sagamihara",
                "LocationState":"Kanagawa",
                "LocationZip":"252-0374",
                "LocationCountry":"Japan",
                "LocationContactList":{
                  "LocationContact":[
                    {
                      "LocationContactName":"Takashi Onda",
                      "LocationContactRole":"Contact",
                      "LocationContactPhone":"81-42-778-8111",
                      "LocationContactEMail":"taonda@med.kitasato-u.ac.jp"
                    }
                  ]
                }
              },{
                "LocationFacility":"Yokohama Municipal Citizen's Hospital",
                "LocationStatus":"Recruiting",
                "LocationCity":"Yokohama-shi",
                "LocationState":"Kanagawa",
                "LocationZip":"240-8555",
                "LocationCountry":"Japan",
                "LocationContactList":{
                  "LocationContact":[
                    {
                      "LocationContactName":"Hiroyuki Shigeta",
                      "LocationContactRole":"Contact",
                      "LocationContactPhone":"81-45-331-1961",
                      "LocationContactEMail":"pgkc-0018@jcom.zaq.ne.jp"
                    }
                  ]
                }
              },{
                "LocationFacility":"Yokohama City University Hospital",
                "LocationStatus":"Recruiting",
                "LocationCity":"Yokohama",
                "LocationState":"Kanagawa",
                "LocationZip":"236-0004",
                "LocationCountry":"Japan",
                "LocationContactList":{
                  "LocationContact":[
                    {
                      "LocationContactName":"Naho Yokota",
                      "LocationContactRole":"Contact",
                      "LocationContactPhone":"81-45-787-2800",
                      "LocationContactEMail":"nhyokota@yokohama-cu.ac.jp"
                    }
                  ]
                }
              },{
                "LocationFacility":"Yokohama Minami Kyosai Hospital",
                "LocationStatus":"Recruiting",
                "LocationCity":"Yokohama",
                "LocationState":"Kanagawa",
                "LocationZip":"236-0037",
                "LocationCountry":"Japan",
                "LocationContactList":{
                  "LocationContact":[
                    {
                      "LocationContactName":"Reiko Numazaki",
                      "LocationContactRole":"Contact",
                      "LocationContactPhone":"81-45-782-2101",
                      "LocationContactEMail":"r-numazaki@minamikyousai.jp"
                    }
                  ]
                }
              },{
                "LocationFacility":"Kanagawa Cancer Center",
                "LocationStatus":"Recruiting",
                "LocationCity":"Yokohama",
                "LocationState":"Kanagawa",
                "LocationZip":"241-8515",
                "LocationCountry":"Japan",
                "LocationContactList":{
                  "LocationContact":[
                    {
                      "LocationContactName":"Hisamori Kato",
                      "LocationContactRole":"Contact",
                      "LocationContactPhone":"81-45-520-2222",
                      "LocationContactEMail":"katohh@kcch.jp"
                    }
                  ]
                }
              },{
                "LocationFacility":"Kobe City Medical Center General Hospital",
                "LocationStatus":"Recruiting",
                "LocationCity":"Kobe-shi",
                "LocationState":"Kobe",
                "LocationZip":"650-0047",
                "LocationCountry":"Japan",
                "LocationContactList":{
                  "LocationContact":[
                    {
                      "LocationContactName":"Shinya Yoshioka",
                      "LocationContactRole":"Contact",
                      "LocationContactPhone":"81-78-302-4321",
                      "LocationContactEMail":"s.yoshioka@kcho.jp"
                    }
                  ]
                }
              },{
                "LocationFacility":"Kumamoto University Hospital",
                "LocationStatus":"Recruiting",
                "LocationCity":"Kumamoto-shi",
                "LocationState":"Kumamoto",
                "LocationZip":"860-8556",
                "LocationCountry":"Japan",
                "LocationContactList":{
                  "LocationContact":[
                    {
                      "LocationContactName":"Hidetaka Katabuchi",
                      "LocationContactRole":"Contact",
                      "LocationContactPhone":"81-96-244-2111",
                      "LocationContactEMail":"buchi@kumamoto-u.ac.jp"
                    }
                  ]
                }
              },{
                "LocationFacility":"Japanese Red Cross Kyoto Daiichi Hospital",
                "LocationStatus":"Recruiting",
                "LocationCity":"KYoto-shi",
                "LocationState":"Kyoto",
                "LocationZip":"605-0981",
                "LocationCountry":"Japan",
                "LocationContactList":{
                  "LocationContact":[
                    {
                      "LocationContactName":"Tomoharu Okubo",
                      "LocationContactRole":"Contact",
                      "LocationContactPhone":"81-75-561-1121",
                      "LocationContactEMail":"tokubo@koto.kpu-m.ac.jp"
                    }
                  ]
                }
              },{
                "LocationFacility":"Ise Red Cross Hospital",
                "LocationStatus":"Recruiting",
                "LocationCity":"Ise-shi",
                "LocationState":"Mie",
                "LocationZip":"516-8512",
                "LocationCountry":"Japan",
                "LocationContactList":{
                  "LocationContact":[
                    {
                      "LocationContactName":"Takaharu Yamawaki",
                      "LocationContactRole":"Contact",
                      "LocationContactPhone":"81-596-28-2171",
                      "LocationContactEMail":"obgy@ise.jrc.or.jp"
                    }
                  ]
                }
              },{
                "LocationFacility":"JA Matsuzaka Central Hospital",
                "LocationStatus":"Recruiting",
                "LocationCity":"Matsuzaka",
                "LocationState":"Mie",
                "LocationZip":"515-8566",
                "LocationCountry":"Japan",
                "LocationContactList":{
                  "LocationContact":[
                    {
                      "LocationContactName":"Tsukio Deguchi",
                      "LocationContactRole":"Contact",
                      "LocationContactPhone":"81-598-21-5252",
                      "LocationContactEMail":"degu@mch.miekosei.or.jp"
                    }
                  ]
                }
              },{
                "LocationFacility":"Mie University Hospital",
                "LocationStatus":"Recruiting",
                "LocationCity":"Tsu",
                "LocationState":"Mie",
                "LocationZip":"514-8507",
                "LocationCountry":"Japan",
                "LocationContactList":{
                  "LocationContact":[
                    {
                      "LocationContactName":"Eiji Kondo",
                      "LocationContactRole":"Contact",
                      "LocationContactPhone":"81-59-232-1111",
                      "LocationContactEMail":"eijikon@clin.medic.mie-u.ac.jp"
                    }
                  ]
                }
              },{
                "LocationFacility":"Tohoku University Hospital",
                "LocationStatus":"Recruiting",
                "LocationCity":"Sendai-shi",
                "LocationState":"Miyagi",
                "LocationZip":"980-8574",
                "LocationCountry":"Japan",
                "LocationContactList":{
                  "LocationContact":[
                    {
                      "LocationContactName":"Hideki Tokunaga",
                      "LocationContactRole":"Contact",
                      "LocationContactPhone":"81-22-717-7000",
                      "LocationContactEMail":"tokunagahideki@med.tohoku.ac.jp"
                    }
                  ]
                }
              },{
                "LocationFacility":"Shinshu University Hospital",
                "LocationStatus":"Recruiting",
                "LocationCity":"Matsumoto-shi",
                "LocationState":"Nagano",
                "LocationZip":"390-8621",
                "LocationCountry":"Japan",
                "LocationContactList":{
                  "LocationContact":[
                    {
                      "LocationContactName":"Tsutomu Miyamoto",
                      "LocationContactRole":"Contact",
                      "LocationContactPhone":"81-263-37-2719",
                      "LocationContactEMail":"tmiya@shinshu-u.ac.jp"
                    }
                  ]
                }
              },{
                "LocationFacility":"Nagasaki University Hospital",
                "LocationStatus":"Recruiting",
                "LocationCity":"Nagasaki-shi",
                "LocationState":"Nagasaki",
                "LocationZip":"852-8501",
                "LocationCountry":"Japan",
                "LocationContactList":{
                  "LocationContact":[
                    {
                      "LocationContactName":"Kiyonori Miura",
                      "LocationContactRole":"Contact",
                      "LocationContactPhone":"81-95-819-7363",
                      "LocationContactEMail":"kiyonori@nagasaki-u.ac.jp"
                    }
                  ]
                }
              },{
                "LocationFacility":"Aichi Cancer Center",
                "LocationStatus":"Recruiting",
                "LocationCity":"Nagoya-shi",
                "LocationState":"Nagoya",
                "LocationZip":"464-8681",
                "LocationCountry":"Japan",
                "LocationContactList":{
                  "LocationContact":[
                    {
                      "LocationContactName":"Masahiko Mori",
                      "LocationContactRole":"Contact",
                      "LocationContactPhone":"81-52-762-6111",
                      "LocationContactEMail":"mmori@aichi-cc.jp"
                    }
                  ]
                }
              },{
                "LocationFacility":"Nara Prefecture General Medical Center",
                "LocationStatus":"Recruiting",
                "LocationCity":"Nara-shi",
                "LocationState":"Nara",
                "LocationZip":"630-8581",
                "LocationCountry":"Japan",
                "LocationContactList":{
                  "LocationContact":[
                    {
                      "LocationContactName":"Tsunekazu Kita",
                      "LocationContactRole":"Contact",
                      "LocationContactPhone":"81-742-46-6001",
                      "LocationContactEMail":"kitatndmc@aol.com"
                    }
                  ]
                }
              },{
                "LocationFacility":"Niigata University Medical and Dental Hospital",
                "LocationStatus":"Recruiting",
                "LocationCity":"Niigata-shi",
                "LocationState":"Niigata",
                "LocationZip":"951-8520",
                "LocationCountry":"Japan",
                "LocationContactList":{
                  "LocationContact":[
                    {
                      "LocationContactName":"Takayuki Enomoto",
                      "LocationContactRole":"Contact",
                      "LocationContactPhone":"81-25-227-2320",
                      "LocationContactEMail":"enomoto@med.niigata-u.ac.jp"
                    }
                  ]
                }
              },{
                "LocationFacility":"Niigata Cancer Center Hospital",
                "LocationStatus":"Recruiting",
                "LocationCity":"Niigata-shi",
                "LocationState":"Niigata",
                "LocationZip":"951-8566",
                "LocationCountry":"Japan",
                "LocationContactList":{
                  "LocationContact":[
                    {
                      "LocationContactName":"Akira Kikuchi",
                      "LocationContactRole":"Contact",
                      "LocationContactPhone":"81-25-266-5111",
                      "LocationContactEMail":"akirak@niigata-cc.jp"
                    }
                  ]
                }
              },{
                "LocationFacility":"Oita University Hospital",
                "LocationStatus":"Recruiting",
                "LocationCity":"Yufu",
                "LocationState":"Oita",
                "LocationZip":"879-5593",
                "LocationCountry":"Japan",
                "LocationContactList":{
                  "LocationContact":[
                    {
                      "LocationContactName":"Shinpei Sato",
                      "LocationContactRole":"Contact",
                      "LocationContactPhone":"81-97-549-4411",
                      "LocationContactEMail":"m01038ss@jichi.ac.jp"
                    }
                  ]
                }
              },{
                "LocationFacility":"Hospital University of the Ryukyus",
                "LocationStatus":"Recruiting",
                "LocationCity":"Nakagami-gun",
                "LocationState":"Okinawa",
                "LocationZip":"903-0215",
                "LocationCountry":"Japan",
                "LocationContactList":{
                  "LocationContact":[
                    {
                      "LocationContactName":"Yoichi Aoki",
                      "LocationContactRole":"Contact",
                      "LocationContactPhone":"81-98-895-1177",
                      "LocationContactEMail":"yoichi@med.u-ryukyu.ac.jp"
                    }
                  ]
                }
              },{
                "LocationFacility":"Tomishiro Central Hospital",
                "LocationStatus":"Recruiting",
                "LocationCity":"Tomishiro-shi",
                "LocationState":"Okinawa",
                "LocationZip":"901-0243",
                "LocationCountry":"Japan",
                "LocationContactList":{
                  "LocationContact":[
                    {
                      "LocationContactName":"Toshiyuki Maehama",
                      "LocationContactRole":"Contact",
                      "LocationContactPhone":"81-98-850-3811",
                      "LocationContactEMail":"tmaehama@yuuai.or.jp"
                    }
                  ]
                }
              },{
                "LocationFacility":"Okinawa Prefectural Chubu Hospital",
                "LocationStatus":"Recruiting",
                "LocationCity":"Uruma-shi",
                "LocationState":"Okinawa",
                "LocationZip":"904-2293",
                "LocationCountry":"Japan",
                "LocationContactList":{
                  "LocationContact":[
                    {
                      "LocationContactName":"Yoshiyuki Takahashi",
                      "LocationContactRole":"Contact",
                      "LocationContactPhone":"81-98-973-4111",
                      "LocationContactEMail":"takahashi_yoshiyuki@hosp.pref.okinawa.jp"
                    }
                  ]
                }
              },{
                "LocationFacility":"Kaizuka City Hospital",
                "LocationStatus":"Recruiting",
                "LocationCity":"Kaizuka",
                "LocationState":"Osaka",
                "LocationZip":"597-0015",
                "LocationCountry":"Japan",
                "LocationContactList":{
                  "LocationContact":[
                    {
                      "LocationContactName":"Takeshi Yokoi",
                      "LocationContactRole":"Contact",
                      "LocationContactPhone":"81-72-422-5865",
                      "LocationContactEMail":"t.yokoi@hosp.kaizuka.osaka.jp"
                    }
                  ]
                }
              },{
                "LocationFacility":"Osaka International Cancer Center",
                "LocationStatus":"Recruiting",
                "LocationCity":"Osaka-shi",
                "LocationState":"Osaka",
                "LocationZip":"537-8511",
                "LocationCountry":"Japan",
                "LocationContactList":{
                  "LocationContact":[
                    {
                      "LocationContactName":"Shoji Kamiura",
                      "LocationContactRole":"Contact",
                      "LocationContactPhone":"81-6-6972-1181",
                      "LocationContactEMail":"kamiura-sh@mc.pref.osaka.jp"
                    }
                  ]
                }
              },{
                "LocationFacility":"Osaka City University Hospital",
                "LocationStatus":"Recruiting",
                "LocationCity":"Osaka-shi",
                "LocationState":"Osaka",
                "LocationZip":"545-0051",
                "LocationCountry":"Japan",
                "LocationContactList":{
                  "LocationContact":[
                    {
                      "LocationContactName":"Toshiyuki Sumi",
                      "LocationContactRole":"Contact",
                      "LocationContactPhone":"81-6-6645-3862",
                      "LocationContactEMail":"sumi-toshi@med.osaka-cu.ac.jp"
                    }
                  ]
                }
              },{
                "LocationFacility":"Sakai City Medical Center",
                "LocationStatus":"Recruiting",
                "LocationCity":"Sakai",
                "LocationState":"Osaka",
                "LocationZip":"593-8304",
                "LocationCountry":"Japan",
                "LocationContactList":{
                  "LocationContact":[
                    {
                      "LocationContactName":"Toshiya Yamamoto",
                      "LocationContactRole":"Contact",
                      "LocationContactPhone":"81-72-272-1199",
                      "LocationContactEMail":"yamamoto-to@sakai-hospital.jp"
                    }
                  ]
                }
              },{
                "LocationFacility":"Osaka University Hospital",
                "LocationStatus":"Recruiting",
                "LocationCity":"Suita-shi",
                "LocationState":"Osaka",
                "LocationZip":"565-0871",
                "LocationCountry":"Japan",
                "LocationContactList":{
                  "LocationContact":[
                    {
                      "LocationContactName":"Tadashi Kimura",
                      "LocationContactRole":"Contact",
                      "LocationContactPhone":"81-6-6879-3351",
                      "LocationContactEMail":"tadashi@gyne.med.osaka-u.ac.jp"
                    }
                  ]
                }
              },{
                "LocationFacility":"Osaka Medical College Hospital",
                "LocationStatus":"Recruiting",
                "LocationCity":"Takatsuki-shi",
                "LocationState":"Osaka",
                "LocationZip":"569-8686",
                "LocationCountry":"Japan",
                "LocationContactList":{
                  "LocationContact":[
                    {
                      "LocationContactName":"Masahide Omichi",
                      "LocationContactRole":"Contact",
                      "LocationContactPhone":"81-72-683-1221",
                      "LocationContactEMail":"m-ohmichi@osaka-med.ac.jp"
                    }
                  ]
                }
              },{
                "LocationFacility":"Kindai University Hospital",
                "LocationStatus":"Recruiting",
                "LocationCity":"Ōsaka-sayama-shi",
                "LocationState":"Osaka",
                "LocationZip":"589-8511",
                "LocationCountry":"Japan",
                "LocationContactList":{
                  "LocationContact":[
                    {
                      "LocationContactName":"Noriomi Matsumura",
                      "LocationContactRole":"Contact",
                      "LocationContactPhone":"81-72-366-0221",
                      "LocationContactEMail":"noriomi@med.kindai.ac.jp"
                    }
                  ]
                }
              },{
                "LocationFacility":"Saitama Medical University International Medical Center",
                "LocationStatus":"Recruiting",
                "LocationCity":"Hidaka-shi",
                "LocationState":"Saitama",
                "LocationZip":"350-1241",
                "LocationCountry":"Japan",
                "LocationContactList":{
                  "LocationContact":[
                    {
                      "LocationContactName":"Keiichi Fujiwara",
                      "LocationContactRole":"Contact",
                      "LocationContactPhone":"81-42-984-4531"
                    },{
                      "LocationContactName":"fujiwara@saitama-med.ac.jp",
                      "LocationContactRole":"Contact"
                    }
                  ]
                }
              },{
                "LocationFacility":"Saitama Cancer Center",
                "LocationStatus":"Recruiting",
                "LocationCity":"Ina",
                "LocationState":"Saitama",
                "LocationZip":"362-0806",
                "LocationCountry":"Japan",
                "LocationContactList":{
                  "LocationContact":[
                    {
                      "LocationContactName":"Harushige Yokota",
                      "LocationContactRole":"Contact",
                      "LocationContactPhone":"81-48-722-1111",
                      "LocationContactEMail":"hyokota@cancer-c.pref.saitama.jp"
                    }
                  ]
                }
              },{
                "LocationFacility":"Koshigaya Municipal Hospital",
                "LocationStatus":"Recruiting",
                "LocationCity":"Koshigaya-shi",
                "LocationState":"Saitama",
                "LocationZip":"343-0023",
                "LocationCountry":"Japan",
                "LocationContactList":{
                  "LocationContact":[
                    {
                      "LocationContactName":"Shin Suga",
                      "LocationContactRole":"Contact",
                      "LocationContactPhone":"81-48-965-2221",
                      "LocationContactEMail":"shinsuga@juntendo.ac.jp"
                    }
                  ]
                }
              },{
                "LocationFacility":"Dokkyo Medical University Saitama Medical Center",
                "LocationStatus":"Recruiting",
                "LocationCity":"Koshigaya-shi",
                "LocationState":"Saitama",
                "LocationZip":"343-8555",
                "LocationCountry":"Japan",
                "LocationContactList":{
                  "LocationContact":[
                    {
                      "LocationContactName":"Yoshinobu Hamada",
                      "LocationContactRole":"Contact",
                      "LocationContactPhone":"81-48-965-1111",
                      "LocationContactEMail":"hg290187-4145@tbg.t-com.ne.jp"
                    }
                  ]
                }
              },{
                "LocationFacility":"National Defense Medical College Hospital",
                "LocationStatus":"Recruiting",
                "LocationCity":"Tokorozawa-shi",
                "LocationState":"Saitama",
                "LocationZip":"359-8513",
                "LocationCountry":"Japan",
                "LocationContactList":{
                  "LocationContact":[
                    {
                      "LocationContactName":"Masashi Takano",
                      "LocationContactRole":"Contact",
                      "LocationContactPhone":"81-4-2995-1151",
                      "LocationContactEMail":"mastkn@ndmc.ac.jp"
                    }
                  ]
                }
              },{
                "LocationFacility":"Saitama National Hospital",
                "LocationStatus":"Recruiting",
                "LocationCity":"Wako",
                "LocationState":"Saitama",
                "LocationZip":"351-0102",
                "LocationCountry":"Japan",
                "LocationContactList":{
                  "LocationContact":[
                    {
                      "LocationContactName":"Hiroyuki Nakagawa",
                      "LocationContactRole":"Contact",
                      "LocationContactPhone":"81-48-462-1101",
                      "LocationContactEMail":"hnakagaw@joy.ocn.ne.jp"
                    }
                  ]
                }
              },{
                "LocationFacility":"Sapporo Medical University Hospital",
                "LocationStatus":"Recruiting",
                "LocationCity":"Sapporo-shi",
                "LocationState":"Sapporo",
                "LocationZip":"060-8543",
                "LocationCountry":"Japan",
                "LocationContactList":{
                  "LocationContact":[
                    {
                      "LocationContactName":"Tsuyoshi Saito",
                      "LocationContactRole":"Contact",
                      "LocationContactPhone":"81-11-611-2111",
                      "LocationContactEMail":"tsaito@sapmed.ac.jp"
                    }
                  ]
                }
              },{
                "LocationFacility":"Shikoku Cancer Center",
                "LocationStatus":"Recruiting",
                "LocationCity":"Matsuyama-shi",
                "LocationState":"Shikoku",
                "LocationZip":"791-0280",
                "LocationCountry":"Japan",
                "LocationContactList":{
                  "LocationContact":[
                    {
                      "LocationContactName":"Kazuhiro Takehara",
                      "LocationContactRole":"Contact",
                      "LocationContactPhone":"81-89-999-1111",
                      "LocationContactEMail":"katakehara@shikoku-cc.go.jp"
                    }
                  ]
                }
              },{
                "LocationFacility":"Shimane University Hospital",
                "LocationStatus":"Recruiting",
                "LocationCity":"Izumo",
                "LocationState":"Shimane",
                "LocationZip":"693-8501",
                "LocationCountry":"Japan",
                "LocationContactList":{
                  "LocationContact":[
                    {
                      "LocationContactName":"Satoru Kyo",
                      "LocationContactRole":"Contact",
                      "LocationContactPhone":"81-853-20-2268",
                      "LocationContactEMail":"satoruky@med.shimane-u.ac.jp"
                    }
                  ]
                }
              },{
                "LocationFacility":"Shizuoka Cancer Center",
                "LocationStatus":"Recruiting",
                "LocationCity":"Nagaizumi-chō",
                "LocationState":"Shizuoka",
                "LocationZip":"411-8777",
                "LocationCountry":"Japan",
                "LocationContactList":{
                  "LocationContact":[
                    {
                      "LocationContactName":"Yasuyuki Hirashima",
                      "LocationContactRole":"Contact",
                      "LocationContactPhone":"81-55-989-5222",
                      "LocationContactEMail":"y.hirashima@scchr.jp"
                    }
                  ]
                }
              },{
                "LocationFacility":"Japanese Red Cross Shizuoka Hospital",
                "LocationStatus":"Recruiting",
                "LocationCity":"Shizuoka-shi",
                "LocationState":"Shizuoka",
                "LocationZip":"420-0853",
                "LocationCountry":"Japan",
                "LocationContactList":{
                  "LocationContact":[
                    {
                      "LocationContactName":"Yoshikazu Ichikawa",
                      "LocationContactRole":"Contact",
                      "LocationContactPhone":"81-54-254-4311",
                      "LocationContactEMail":"ichikawa-obgyn@SZRC.ORG"
                    }
                  ]
                }
              },{
                "LocationFacility":"Dokkyo Medical University Hospital",
                "LocationStatus":"Recruiting",
                "LocationCity":"Mibu",
                "LocationState":"Tochgi",
                "LocationZip":"321-0293",
                "LocationCountry":"Japan",
                "LocationContactList":{
                  "LocationContact":[
                    {
                      "LocationContactName":"Ichio Fukasawa",
                      "LocationContactRole":"Contact",
                      "LocationContactPhone":"81-282-86-1111",
                      "LocationContactEMail":"i-fuka@dokkyomed.ac.jp"
                    }
                  ]
                }
              },{
                "LocationFacility":"Jichi Medical University Hospital",
                "LocationStatus":"Recruiting",
                "LocationCity":"Shimotsuke-shi",
                "LocationState":"Tochigi",
                "LocationZip":"329-0498",
                "LocationCountry":"Japan",
                "LocationContactList":{
                  "LocationContact":[
                    {
                      "LocationContactName":"Hiroyuki Fujiwara",
                      "LocationContactRole":"Contact",
                      "LocationContactPhone":"81-285-58-7376",
                      "LocationContactEMail":"fujiwara@jichi.ac.jp"
                    }
                  ]
                }
              },{
                "LocationFacility":"Tokushima University Hospital",
                "LocationStatus":"Recruiting",
                "LocationCity":"Tokushima-shi",
                "LocationState":"Tokushima",
                "LocationZip":"770-8503",
                "LocationCountry":"Japan",
                "LocationContactList":{
                  "LocationContact":[
                    {
                      "LocationContactName":"Minoru Irahara",
                      "LocationContactRole":"Contact",
                      "LocationContactPhone":"81-88-633-7177",
                      "LocationContactEMail":"irahara@tokushima-u.ac.jp"
                    }
                  ]
                }
              },{
                "LocationFacility":"Tokyo Women's Medical University Medical Center East",
                "LocationStatus":"Recruiting",
                "LocationCity":"Arakawa",
                "LocationState":"Tokyo",
                "LocationZip":"116-8567",
                "LocationCountry":"Japan",
                "LocationContactList":{
                  "LocationContact":[
                    {
                      "LocationContactName":"Hiroaki Nagano",
                      "LocationContactRole":"Contact",
                      "LocationContactPhone":"81-3-3810-1111",
                      "LocationContactEMail":"nagano.hiroaki@twmu.ac.jp"
                    }
                  ]
                }
              },{
                "LocationFacility":"Tokyo Medical And Dental University University Hospital of Medicine",
                "LocationStatus":"Recruiting",
                "LocationCity":"Bunkyō-Ku",
                "LocationState":"Tokyo",
                "LocationZip":"113-8510",
                "LocationCountry":"Japan",
                "LocationContactList":{
                  "LocationContact":[
                    {
                      "LocationContactName":"Kimio Wakana",
                      "LocationContactRole":"Contact",
                      "LocationContactPhone":"81-3-5803-5322",
                      "LocationContactEMail":"k.wakana.crm@tmd.ac.jp"
                    }
                  ]
                }
              },{
                "LocationFacility":"Nippon Medical School Hospital",
                "LocationStatus":"Recruiting",
                "LocationCity":"Bunkyō-Ku",
                "LocationState":"Tokyo",
                "LocationZip":"113-8603",
                "LocationCountry":"Japan",
                "LocationContactList":{
                  "LocationContact":[
                    {
                      "LocationContactName":"Keisuke Kurose",
                      "LocationContactRole":"Contact",
                      "LocationContactPhone":"81-3-5814-6212",
                      "LocationContactEMail":"kuro@nms.ac.jp"
                    }
                  ]
                }
              },{
                "LocationFacility":"The University of Tokyo Hospital",
                "LocationStatus":"Recruiting",
                "LocationCity":"Bunkyō-Ku",
                "LocationState":"Tokyo",
                "LocationZip":"113-8655",
                "LocationCountry":"Japan",
                "LocationContactList":{
                  "LocationContact":[
                    {
                      "LocationContactName":"Katsutoshi Oda",
                      "LocationContactRole":"Contact",
                      "LocationContactPhone":"81-3-3815-5411",
                      "LocationContactEMail":"katsutoshi-tky@umin.ac.jp"
                    }
                  ]
                }
              },{
                "LocationFacility":"Tokyo Metropolitan Cancer and Infectious diseases Center Komagome Hospital",
                "LocationStatus":"Recruiting",
                "LocationCity":"Bunkyō-Ku",
                "LocationState":"Tokyo",
                "LocationZip":"113-8677",
                "LocationCountry":"Japan",
                "LocationContactList":{
                  "LocationContact":[
                    {
                      "LocationContactName":"Toshiharu Yasugi",
                      "LocationContactRole":"Contact",
                      "LocationContactPhone":"81-3-3823-2101",
                      "LocationContactEMail":"yasugi-tky@cick.jp"
                    }
                  ]
                }
              },{
                "LocationFacility":"Sasaki Faundation Kyoundo Hospital",
                "LocationStatus":"Recruiting",
                "LocationCity":"Chiyoda",
                "LocationState":"Tokyo",
                "LocationZip":"101-0062",
                "LocationCountry":"Japan",
                "LocationContactList":{
                  "LocationContact":[
                    {
                      "LocationContactName":"Masaru Sakamoto",
                      "LocationContactRole":"Contact",
                      "LocationContactPhone":"81-3-3292-2051",
                      "LocationContactEMail":"sakamoto@po.kyoundo.jp"
                    }
                  ]
                }
              },{
                "LocationFacility":"Tokyo Metropolitan Tama Medical Center",
                "LocationStatus":"Recruiting",
                "LocationCity":"Fuchu-shi",
                "LocationState":"Tokyo",
                "LocationZip":"183-8524",
                "LocationCountry":"Japan",
                "LocationContactList":{
                  "LocationContact":[
                    {
                      "LocationContactName":"Akira Koyama",
                      "LocationContactRole":"Contact",
                      "LocationContactPhone":"81-42-323-5111",
                      "LocationContactEMail":"a-kohyama@live.jp"
                    }
                  ]
                }
              },{
                "LocationFacility":"The Jikei University Katsushika Medical Center",
                "LocationStatus":"Recruiting",
                "LocationCity":"Katsushika-ku",
                "LocationState":"Tokyo",
                "LocationZip":"125-8506",
                "LocationCountry":"Japan",
                "LocationContactList":{
                  "LocationContact":[
                    {
                      "LocationContactName":"Shigeki Niimi",
                      "LocationContactRole":"Contact",
                      "LocationContactPhone":"81-3-3603-2111",
                      "LocationContactEMail":"niimi@jikei.ac.jp"
                    }
                  ]
                }
              },{
                "LocationFacility":"The Jikei University Daisan Hospital",
                "LocationStatus":"Recruiting",
                "LocationCity":"Komae-shi",
                "LocationState":"Tokyo",
                "LocationZip":"201-8601",
                "LocationCountry":"Japan",
                "LocationContactList":{
                  "LocationContact":[
                    {
                      "LocationContactName":"Kyosuke Yamada",
                      "LocationContactRole":"Contact",
                      "LocationContactPhone":"81-3-3480-1151",
                      "LocationContactEMail":"kyosuke@jikei.ac.jp"
                    }
                  ]
                }
              },{
                "LocationFacility":"The Cancer Institute Hospital",
                "LocationStatus":"Recruiting",
                "LocationCity":"Koto-Ku",
                "LocationState":"Tokyo",
                "LocationZip":"135-8550",
                "LocationCountry":"Japan",
                "LocationContactList":{
                  "LocationContact":[
                    {
                      "LocationContactName":"Kazuyoshi Kato",
                      "LocationContactRole":"Contact",
                      "LocationContactPhone":"81-3-3520-0111",
                      "LocationContactEMail":"kazuyoshi.kato@jfcr.or.jp"
                    }
                  ]
                }
              },{
                "LocationFacility":"Toho University Ohashi Medical Center",
                "LocationStatus":"Recruiting",
                "LocationCity":"Meguro-ku",
                "LocationState":"Tokyo",
                "LocationZip":"153-8515",
                "LocationCountry":"Japan",
                "LocationContactList":{
                  "LocationContact":[
                    {
                      "LocationContactName":"Kyoko Tanaka",
                      "LocationContactRole":"Contact",
                      "LocationContactPhone":"81-3-3468-1251",
                      "LocationContactEMail":"kyoko.tanaka@med.toho-u.ac.jp"
                    }
                  ]
                }
              },{
                "LocationFacility":"The Jikei University Hospital",
                "LocationStatus":"Recruiting",
                "LocationCity":"Minato-ku",
                "LocationState":"Tokyo",
                "LocationZip":"105-8461",
                "LocationCountry":"Japan",
                "LocationContactList":{
                  "LocationContact":[
                    {
                      "LocationContactName":"Aikou Okamoto",
                      "LocationContactRole":"Contact",
                      "LocationContactPhone":"81-3-3433-1111",
                      "LocationContactEMail":"aikou@jikei.ac.jp"
                    }
                  ]
                }
              },{
                "LocationFacility":"Keio University Hospital",
                "LocationStatus":"Recruiting",
                "LocationCity":"Shinjuku-ku",
                "LocationState":"Tokyo",
                "LocationZip":"160-8582",
                "LocationCountry":"Japan",
                "LocationContactList":{
                  "LocationContact":[
                    {
                      "LocationContactName":"Daisuke Aoki",
                      "LocationContactRole":"Contact",
                      "LocationContactPhone":"81-3-3353-1211",
                      "LocationContactEMail":"aoki@z7.keio.jp"
                    }
                  ]
                }
              },{
                "LocationFacility":"Tokyo Women's Medical University Hospital",
                "LocationStatus":"Recruiting",
                "LocationCity":"Shinjuku-Ku",
                "LocationState":"Tokyo",
                "LocationZip":"162-8666",
                "LocationCountry":"Japan",
                "LocationContactList":{
                  "LocationContact":[
                    {
                      "LocationContactName":"Tsutomu Tabata",
                      "LocationContactRole":"Contact",
                      "LocationContactPhone":"81-3-3353-8111",
                      "LocationContactEMail":"tabata.tsutomu@twmu.ac.jp"
                    }
                  ]
                }
              },{
                "LocationFacility":"Kosei General Hospital",
                "LocationStatus":"Recruiting",
                "LocationCity":"Suginami",
                "LocationState":"Tokyo",
                "LocationZip":"166-0012",
                "LocationCountry":"Japan",
                "LocationContactList":{
                  "LocationContact":[
                    {
                      "LocationContactName":"Eizo Kimura",
                      "LocationContactRole":"Contact",
                      "LocationContactPhone":"81-3-3383-1281",
                      "LocationContactEMail":"eizo@cf6.so-net.ne.jp"
                    }
                  ]
                }
              },{
                "LocationFacility":"Tachikawa Hospital",
                "LocationStatus":"Recruiting",
                "LocationCity":"Tachikawa-shi",
                "LocationState":"Tokyo",
                "LocationZip":"190-8531",
                "LocationCountry":"Japan",
                "LocationContactList":{
                  "LocationContact":[
                    {
                      "LocationContactName":"Nobumaru Hirao",
                      "LocationContactRole":"Contact",
                      "LocationContactPhone":"81-42-523-3131",
                      "LocationContactEMail":"nobumaru@1998.jukuin.keio.ac.jp"
                    }
                  ]
                }
              },{
                "LocationFacility":"Tottori Prefectural Central Hospital",
                "LocationStatus":"Recruiting",
                "LocationCity":"Tottori-shi",
                "LocationState":"Tottori",
                "LocationZip":"680-0901",
                "LocationCountry":"Japan",
                "LocationContactList":{
                  "LocationContact":[
                    {
                      "LocationContactName":"Yukihisa Minagawa",
                      "LocationContactRole":"Contact",
                      "LocationContactPhone":"81-857-26-2271",
                      "LocationContactEMail":"minagawa-y@pref.tottori.jp"
                    }
                  ]
                }
              },{
                "LocationFacility":"Tottori University Hospital",
                "LocationStatus":"Recruiting",
                "LocationCity":"Yonago-shi",
                "LocationState":"Tottori",
                "LocationZip":"683-8504",
                "LocationCountry":"Japan",
                "LocationContactList":{
                  "LocationContact":[
                    {
                      "LocationContactName":"Tetsuro Oishi",
                      "LocationContactRole":"Contact",
                      "LocationContactPhone":"81-859-38-6292",
                      "LocationContactEMail":"tetsuro@med.tottori-u.ac.jp"
                    }
                  ]
                }
              },{
                "LocationFacility":"Yamagata University Hospital",
                "LocationStatus":"Recruiting",
                "LocationCity":"Yamagata-shi",
                "LocationState":"Yamagata",
                "LocationZip":"990-9585",
                "LocationCountry":"Japan",
                "LocationContactList":{
                  "LocationContact":[
                    {
                      "LocationContactName":"Satoru Nagase",
                      "LocationContactRole":"Contact",
                      "LocationContactPhone":"81-23-628-5393",
                      "LocationContactEMail":"nagases@med.id.yamagata-u.ac.jp"
                    }
                  ]
                }
              },{
                "LocationFacility":"Tokuyama Central Hospital",
                "LocationStatus":"Recruiting",
                "LocationCity":"Shunan-shi",
                "LocationState":"Yamaguchi",
                "LocationZip":"745-8522",
                "LocationCountry":"Japan",
                "LocationContactList":{
                  "LocationContact":[
                    {
                      "LocationContactName":"Kei Hirabayashi",
                      "LocationContactRole":"Contact",
                      "LocationContactPhone":"81-834-28-4411",
                      "LocationContactEMail":"kei0223@tokuchuhp.jp"
                    }
                  ]
                }
              },{
                "LocationFacility":"Yamaguchi Red Cross Hospital",
                "LocationStatus":"Recruiting",
                "LocationCity":"Yamaguchi-shi",
                "LocationState":"Yamaguchi",
                "LocationZip":"753-8519",
                "LocationCountry":"Japan",
                "LocationContactList":{
                  "LocationContact":[
                    {
                      "LocationContactName":"Yasunobu Kanamori",
                      "LocationContactRole":"Contact",
                      "LocationContactPhone":"81-83-923-0111",
                      "LocationContactEMail":"kanamori@yamaguchi-redcross.jp"
                    }
                  ]
                }
              },{
                "LocationFacility":"Nagano Municipal Hospital",
                "LocationStatus":"Recruiting",
                "LocationCity":"Nagano",
                "LocationZip":"381-8551",
                "LocationCountry":"Japan",
                "LocationContactList":{
                  "LocationContact":[
                    {
                      "LocationContactName":"Atsushi Mori",
                      "LocationContactRole":"Contact",
                      "LocationContactPhone":"81-26-295-1199",
                      "LocationContactEMail":"mori@hospital.nagano.nagano.jp"
                    }
                  ]
                }
              },{
                "LocationFacility":"Saiseikai Nagasaki Hospital",
                "LocationStatus":"Recruiting",
                "LocationCity":"Nagasaki",
                "LocationZip":"850-0003",
                "LocationCountry":"Japan",
                "LocationContactList":{
                  "LocationContact":[
                    {
                      "LocationContactName":"Akira Fujishita",
                      "LocationContactRole":"Contact",
                      "LocationContactPhone":"81-95-826-9236",
                      "LocationContactEMail":"fujishita@nsaisei.or.jp"
                    }
                  ]
                }
              },{
                "LocationFacility":"Saga University Hospital",
                "LocationStatus":"Recruiting",
                "LocationCity":"Saga",
                "LocationZip":"849-8501",
                "LocationCountry":"Japan",
                "LocationContactList":{
                  "LocationContact":[
                    {
                      "LocationContactName":"Masatoshi Yokoyama",
                      "LocationContactRole":"Contact",
                      "LocationContactPhone":"81-952-34-2315",
                      "LocationContactEMail":"yokoyam1@cc.saga-u.ac.jp"
                    }
                  ]
                }
              },{
                "LocationFacility":"Jichi Medical University Saitama Medical Center",
                "LocationStatus":"Recruiting",
                "LocationCity":"Saitama",
                "LocationZip":"330-8503",
                "LocationCountry":"Japan",
                "LocationContactList":{
                  "LocationContact":[
                    {
                      "LocationContactName":"Ryo Konno",
                      "LocationContactRole":"Contact",
                      "LocationContactPhone":"81-48-647-2111",
                      "LocationContactEMail":"kryo772007@yahoo.co.jp"
                    }
                  ]
                }
              },{
                "LocationFacility":"National Cancer Center",
                "LocationStatus":"Recruiting",
                "LocationCity":"Ilsandong",
                "LocationState":"Goyang",
                "LocationZip":"10408",
                "LocationCountry":"Korea, Republic of",
                "LocationContactList":{
                  "LocationContact":[
                    {
                      "LocationContactName":"Sang Yoon Park",
                      "LocationContactRole":"Contact",
                      "LocationContactEMail":"parksang@ncc.re.kr"
                    }
                  ]
                }
              },{
                "LocationFacility":"Gachon University Gil Medical Center",
                "LocationStatus":"Recruiting",
                "LocationCity":"Namdong",
                "LocationState":"Incheon",
                "LocationZip":"21565",
                "LocationCountry":"Korea, Republic of",
                "LocationContactList":{
                  "LocationContact":[
                    {
                      "LocationContactName":"Lee Kwang Beom",
                      "LocationContactRole":"Contact",
                      "LocationContactPhone":"82-32-460-2091",
                      "LocationContactEMail":"leekwbm@naver.com"
                    }
                  ]
                }
              },{
                "LocationFacility":"Seoul ST' Mary's Hospital",
                "LocationStatus":"Recruiting",
                "LocationCity":"Seocho",
                "LocationState":"Seoul",
                "LocationZip":"137-040",
                "LocationCountry":"Korea, Republic of",
                "LocationContactList":{
                  "LocationContact":[
                    {
                      "LocationContactName":"KEUN HO LEE",
                      "LocationContactRole":"Contact",
                      "LocationContactEMail":"hohoho@catholic.ac.kr"
                    }
                  ]
                }
              },{
                "LocationFacility":"Kangbuk Samsung Hospital",
                "LocationStatus":"Recruiting",
                "LocationCity":"Seoul",
                "LocationZip":"03181",
                "LocationCountry":"Korea, Republic of",
                "LocationContactList":{
                  "LocationContact":[
                    {
                      "LocationContactName":"Song Tae Jong",
                      "LocationContactRole":"Contact",
                      "LocationContactPhone":"82-2-2001-1943",
                      "LocationContactEMail":"taejong.song@gmail.com"
                    }
                  ]
                }
              },{
                "LocationFacility":"Severance Hospital",
                "LocationStatus":"Recruiting",
                "LocationCity":"Seoul",
                "LocationZip":"03722",
                "LocationCountry":"Korea, Republic of",
                "LocationContactList":{
                  "LocationContact":[
                    {
                      "LocationContactName":"Jung-Yun Lee",
                      "LocationContactRole":"Contact",
                      "LocationContactPhone":"82-1599-1004",
                      "LocationContactEMail":"jungyunlee@yuhs.ac"
                    }
                  ]
                }
              }
            ]
          }
        }
      },
      "DerivedSection":{
        "MiscInfoModule":{
          "VersionHolder":"April 19, 2021"
        },
        "ConditionBrowseModule":{
          "ConditionMeshList":{
            "ConditionMesh":[
              {
                "ConditionMeshId":"D000010051",
                "ConditionMeshTerm":"Ovarian Neoplasms"
              },{
                "ConditionMeshId":"D000077216",
                "ConditionMeshTerm":"Carcinoma, Ovarian Epithelial"
              }
            ]
          },
          "ConditionAncestorList":{
            "ConditionAncestor":[
              {
                "ConditionAncestorId":"D000004701",
                "ConditionAncestorTerm":"Endocrine Gland Neoplasms"
              },{
                "ConditionAncestorId":"D000009371",
                "ConditionAncestorTerm":"Neoplasms by Site"
              },{
                "ConditionAncestorId":"D000009369",
                "ConditionAncestorTerm":"Neoplasms"
              },{
                "ConditionAncestorId":"D000010049",
                "ConditionAncestorTerm":"Ovarian Diseases"
              },{
                "ConditionAncestorId":"D000000291",
                "ConditionAncestorTerm":"Adnexal Diseases"
              },{
                "ConditionAncestorId":"D000005833",
                "ConditionAncestorTerm":"Genital Neoplasms, Female"
              },{
                "ConditionAncestorId":"D000014565",
                "ConditionAncestorTerm":"Urogenital Neoplasms"
              },{
                "ConditionAncestorId":"D000004700",
                "ConditionAncestorTerm":"Endocrine System Diseases"
              },{
                "ConditionAncestorId":"D000006058",
                "ConditionAncestorTerm":"Gonadal Disorders"
              },{
                "ConditionAncestorId":"D000002277",
                "ConditionAncestorTerm":"Carcinoma"
              },{
                "ConditionAncestorId":"D000009375",
                "ConditionAncestorTerm":"Neoplasms, Glandular and Epithelial"
              },{
                "ConditionAncestorId":"D000009370",
                "ConditionAncestorTerm":"Neoplasms by Histologic Type"
              }
            ]
          },
          "ConditionBrowseLeafList":{
            "ConditionBrowseLeaf":[
              {
                "ConditionBrowseLeafId":"M11557",
                "ConditionBrowseLeafName":"Ovarian Neoplasms",
                "ConditionBrowseLeafAsFound":"Ovarian Cancer",
                "ConditionBrowseLeafRelevance":"high"
              },{
                "ConditionBrowseLeafId":"M1704",
                "ConditionBrowseLeafName":"Carcinoma, Ovarian Epithelial",
                "ConditionBrowseLeafAsFound":"Epithelial Ovarian Cancer",
                "ConditionBrowseLeafRelevance":"high"
              },{
                "ConditionBrowseLeafId":"M4116",
                "ConditionBrowseLeafName":"Carcinoma",
                "ConditionBrowseLeafRelevance":"low"
              },{
                "ConditionBrowseLeafId":"M6446",
                "ConditionBrowseLeafName":"Endocrine Gland Neoplasms",
                "ConditionBrowseLeafRelevance":"low"
              },{
                "ConditionBrowseLeafId":"M11555",
                "ConditionBrowseLeafName":"Ovarian Diseases",
                "ConditionBrowseLeafRelevance":"low"
              },{
                "ConditionBrowseLeafId":"M2224",
                "ConditionBrowseLeafName":"Adnexal Diseases",
                "ConditionBrowseLeafRelevance":"low"
              },{
                "ConditionBrowseLeafId":"M7528",
                "ConditionBrowseLeafName":"Genital Neoplasms, Female",
                "ConditionBrowseLeafRelevance":"low"
              },{
                "ConditionBrowseLeafId":"M15898",
                "ConditionBrowseLeafName":"Urogenital Neoplasms",
                "ConditionBrowseLeafRelevance":"low"
              },{
                "ConditionBrowseLeafId":"M6445",
                "ConditionBrowseLeafName":"Endocrine System Diseases",
                "ConditionBrowseLeafRelevance":"low"
              },{
                "ConditionBrowseLeafId":"M7746",
                "ConditionBrowseLeafName":"Gonadal Disorders",
                "ConditionBrowseLeafRelevance":"low"
              },{
                "ConditionBrowseLeafId":"M10903",
                "ConditionBrowseLeafName":"Neoplasms, Glandular and Epithelial",
                "ConditionBrowseLeafRelevance":"low"
              },{
                "ConditionBrowseLeafId":"M10898",
                "ConditionBrowseLeafName":"Neoplasms by Histologic Type",
                "ConditionBrowseLeafRelevance":"low"
              },{
                "ConditionBrowseLeafId":"T4352",
                "ConditionBrowseLeafName":"Ovarian Cancer",
                "ConditionBrowseLeafAsFound":"Ovarian Cancer",
                "ConditionBrowseLeafRelevance":"high"
              },{
                "ConditionBrowseLeafId":"T4354",
                "ConditionBrowseLeafName":"Ovarian Epithelial Cancer",
                "ConditionBrowseLeafAsFound":"Epithelial Ovarian Cancer",
                "ConditionBrowseLeafRelevance":"high"
              }
            ]
          },
          "ConditionBrowseBranchList":{
            "ConditionBrowseBranch":[
              {
                "ConditionBrowseBranchAbbrev":"BC04",
                "ConditionBrowseBranchName":"Cancers and Other Neoplasms"
              },{
                "ConditionBrowseBranchAbbrev":"BXS",
                "ConditionBrowseBranchName":"Urinary Tract, Sexual Organs, and Pregnancy Conditions"
              },{
                "ConditionBrowseBranchAbbrev":"BC19",
                "ConditionBrowseBranchName":"Gland and Hormone Related Diseases"
              },{
                "ConditionBrowseBranchAbbrev":"All",
                "ConditionBrowseBranchName":"All Conditions"
              },{
                "ConditionBrowseBranchAbbrev":"Rare",
                "ConditionBrowseBranchName":"Rare Diseases"
              }
            ]
          }
        },
        "InterventionBrowseModule":{
          "InterventionMeshList":{
            "InterventionMesh":[
              {
                "InterventionMeshId":"D000017239",
                "InterventionMeshTerm":"Paclitaxel"
              },{
                "InterventionMeshId":"D000016190",
                "InterventionMeshTerm":"Carboplatin"
              }
            ]
          },
          "InterventionAncestorList":{
            "InterventionAncestor":[
              {
                "InterventionAncestorId":"D000000972",
                "InterventionAncestorTerm":"Antineoplastic Agents, Phytogenic"
              },{
                "InterventionAncestorId":"D000000970",
                "InterventionAncestorTerm":"Antineoplastic Agents"
              },{
                "InterventionAncestorId":"D000050257",
                "InterventionAncestorTerm":"Tubulin Modulators"
              },{
                "InterventionAncestorId":"D000050256",
                "InterventionAncestorTerm":"Antimitotic Agents"
              },{
                "InterventionAncestorId":"D000050258",
                "InterventionAncestorTerm":"Mitosis Modulators"
              },{
                "InterventionAncestorId":"D000045504",
                "InterventionAncestorTerm":"Molecular Mechanisms of Pharmacological Action"
              }
            ]
          },
          "InterventionBrowseLeafList":{
            "InterventionBrowseLeaf":[
              {
                "InterventionBrowseLeafId":"M17233",
                "InterventionBrowseLeafName":"Carboplatin",
                "InterventionBrowseLeafAsFound":"Over",
                "InterventionBrowseLeafRelevance":"high"
              },{
                "InterventionBrowseLeafId":"M18120",
                "InterventionBrowseLeafName":"Paclitaxel",
                "InterventionBrowseLeafAsFound":"Effect",
                "InterventionBrowseLeafRelevance":"high"
              },{
                "InterventionBrowseLeafId":"M231",
                "InterventionBrowseLeafName":"Albumin-Bound Paclitaxel",
                "InterventionBrowseLeafRelevance":"low"
              },{
                "InterventionBrowseLeafId":"M24784",
                "InterventionBrowseLeafName":"Tubulin Modulators",
                "InterventionBrowseLeafRelevance":"low"
              },{
                "InterventionBrowseLeafId":"M24783",
                "InterventionBrowseLeafName":"Antimitotic Agents",
                "InterventionBrowseLeafRelevance":"low"
              }
            ]
          },
          "InterventionBrowseBranchList":{
            "InterventionBrowseBranch":[
              {
                "InterventionBrowseBranchAbbrev":"ANeo",
                "InterventionBrowseBranchName":"Antineoplastic Agents"
              },{
                "InterventionBrowseBranchAbbrev":"All",
                "InterventionBrowseBranchName":"All Drugs and Chemicals"
              }
            ]
          }
        }
      }
    }
  }
}

