{
  "FullStudy":{
    "Rank":60357,
    "Study":{
      "ProtocolSection":{
        "IdentificationModule":{
          "NCTId":"NCT04064099",
          "OrgStudyIdInfo":{
            "OrgStudyId":"UKMPPI/111/8/JEP-2017-439"
          },
          "Organization":{
            "OrgFullName":"Universiti Kebangsaan Malaysia Medical Centre",
            "OrgClass":"OTHER"
          },
          "BriefTitle":"Speech Adaptation When Using Mouthguards",
          "OfficialTitle":"Speech Adaptation When Using Mouthguards"
        },
        "StatusModule":{
          "StatusVerifiedDate":"August 2019",
          "OverallStatus":"Completed",
          "ExpandedAccessInfo":{
            "HasExpandedAccess":"No"
          },
          "StartDateStruct":{
            "StartDate":"October 4, 2017",
            "StartDateType":"Actual"
          },
          "PrimaryCompletionDateStruct":{
            "PrimaryCompletionDate":"January 25, 2019",
            "PrimaryCompletionDateType":"Actual"
          },
          "CompletionDateStruct":{
            "CompletionDate":"March 8, 2019",
            "CompletionDateType":"Actual"
          },
          "StudyFirstSubmitDate":"August 7, 2019",
          "StudyFirstSubmitQCDate":"August 19, 2019",
          "StudyFirstPostDateStruct":{
            "StudyFirstPostDate":"August 21, 2019",
            "StudyFirstPostDateType":"Actual"
          },
          "LastUpdateSubmitDate":"August 19, 2019",
          "LastUpdatePostDateStruct":{
            "LastUpdatePostDate":"August 21, 2019",
            "LastUpdatePostDateType":"Actual"
          }
        },
        "SponsorCollaboratorsModule":{
          "ResponsibleParty":{
            "ResponsiblePartyType":"Sponsor-Investigator",
            "ResponsiblePartyInvestigatorFullName":"Amy Liew",
            "ResponsiblePartyInvestigatorTitle":"Lecturer",
            "ResponsiblePartyInvestigatorAffiliation":"Universiti Kebangsaan Malaysia Medical Centre"
          },
          "LeadSponsor":{
            "LeadSponsorName":"Amy Liew",
            "LeadSponsorClass":"OTHER"
          }
        },
        "OversightModule":{
          "OversightHasDMC":"No",
          "IsFDARegulatedDrug":"No",
          "IsFDARegulatedDevice":"No"
        },
        "DescriptionModule":{
          "BriefSummary":"The aim of this study is to evaluate the speech performance of professional rugby players when using custom-fitted mouthguards over a six-month period. Consented players will be given custom-fitted mouthguards and they will be instructed on the use and care of the mouthguards. At five time points: baseline, immediately following mouthguard use (T1), one-week after- (T2), one-month after- (T3) and six-month after use (T4), participants are required to pronounce four selected phonemes. Three recordings will be made for each phoneme. Spectrspectrographic analysis will be performed to assess the acoustic characteristics of the sound. Concurrently, they will be asked to fill up a questionnaire on self-assessment of oral impairments. Throughout the six-month period, the compliance of wearing mouthguards and the occurrence of dental trauma during training will be monitored on-site by the researcher or if not available, an assigned coach. A 24-hour helpline will be provided as a surveillance tool to monitor problems with mouthguards and dental trauma.",
          "DetailedDescription":"Rugby exposes players to increased risk of dental trauma. Thus, mouthguard use is recommended to provide a resilient surface for shock absorption and impact dissipation. However, some discontinued using mouthguard complaint that general discomfort and speech disturbance are the main barriers to their compliance. The nuisance is largely due to their use of poorly-fitted stock or boil-and-bite mouthguards. Therefore, the primary objective of this study is to evaluate speech adaptations when using custom-fitted mouthguards. The secondary objective is to assess the incidence of dental trauma within the six-month duration of mouthguard use. A prospective study will be carried out at the National Sports Institute. During the first day (T0), a workshop on the prevention and management of dental trauma will be carried out. Then, dental examination, dental impression, and recording of baseline speech performance will be performed. During the second visit (T1), mouthguards delivery, self-assessment of oral impairments, and speech recording will be carried out. After 6-months of monitoring (T2), all participants will be called again to fill in the self-assessment form and final speech performance will be recorded. Data analysis will be carried out to evaluate the self-assessment of speech performance and digital sonography of speech recordings over time. Also, the incidence of dental trauma will be reported."
        },
        "ConditionsModule":{
          "ConditionList":{
            "Condition":[
              "Rugby"
            ]
          },
          "KeywordList":{
            "Keyword":[
              "dental trauma",
              "rugby",
              "mouthguard",
              "speech",
              "contact sports"
            ]
          }
        },
        "DesignModule":{
          "StudyType":"Interventional",
          "PhaseList":{
            "Phase":[
              "Not Applicable"
            ]
          },
          "DesignInfo":{
            "DesignAllocation":"N/A",
            "DesignInterventionModel":"Single Group Assignment",
            "DesignInterventionModelDescription":"Single group pre- and post- design",
            "DesignPrimaryPurpose":"Supportive Care",
            "DesignMaskingInfo":{
              "DesignMasking":"None (Open Label)"
            }
          },
          "EnrollmentInfo":{
            "EnrollmentCount":"35",
            "EnrollmentType":"Actual"
          }
        },
        "ArmsInterventionsModule":{
          "ArmGroupList":{
            "ArmGroup":[
              {
                "ArmGroupLabel":"Rugby Players",
                "ArmGroupType":"Experimental",
                "ArmGroupDescription":"Rugby player will be given custom-fitted mouthguards to be worn for 6-month",
                "ArmGroupInterventionList":{
                  "ArmGroupInterventionName":[
                    "Device: Custom-fitted sports mouthguard"
                  ]
                }
              }
            ]
          },
          "InterventionList":{
            "Intervention":[
              {
                "InterventionType":"Device",
                "InterventionName":"Custom-fitted sports mouthguard",
                "InterventionDescription":"Pressure dual laminated technique will be used to fabricate the mouthguards. Ethylene-vinyl acetate (EVA) thermoplastic sheets of 3 mm in thickness with 125 mm diameter (Dentsply International Raintree Essix, Court East Sarasota, USA) will be used. Two 3 mm sheets pressure-laminated together should form an even thickness of 4 mm mouthguard. The design of the mouthguards takes into consideration of the following limits: (i) the labial borders of the mouthguard were extended to within 2 mm of the vestibular reflection, (ii) the palatal margins were trimmed to the cervical area of the palatal surface of the upper teeth, (iii) enclosing the maxillary teeth to the distal surface of the first molars.",
                "InterventionArmGroupLabelList":{
                  "InterventionArmGroupLabel":[
                    "Rugby Players"
                  ]
                }
              }
            ]
          }
        },
        "OutcomesModule":{
          "PrimaryOutcomeList":{
            "PrimaryOutcome":[
              {
                "PrimaryOutcomeMeasure":"Change of speech performance over a six-month period",
                "PrimaryOutcomeDescription":"Participants will be asked to pronounce the words (paku for phoneme /p/, bola for phoneme /b/, tatu for phoneme /t/, and dadu for phoneme /d/) one by one when it was shown on the computer screen. Three recordings were obtained for each word.",
                "PrimaryOutcomeTimeFrame":"Baseline (T0), immediately after (T1), one-week after (T2), one-month after (T3) and six-month after (T4) mouthguard use"
              }
            ]
          },
          "SecondaryOutcomeList":{
            "SecondaryOutcome":[
              {
                "SecondaryOutcomeMeasure":"Change of self-assessment of oral impairments over a six-month period",
                "SecondaryOutcomeDescription":"A questionnaire with a list of oral impairments and five-point Likert scale will be used. The scale name is \"Specific problem when using the mouthguard given\". Participants will be asked to rate how often they experience the following problems: (i) loose mouthguard, (ii) difficulty speaking, (iii) lisping, (iv) nausea, (v) breathing difficulty, (vi) bulkiness in mouth, (vii) dryness of mouth, (viii) bad breath, (ix) ulcers/sores in mouth, and (x) redness in mouth. The five-point Likert scales have these values: 1=never, 2=rarely, 3=sometimes, 4=often, 5=always. Median score for each question will be reported. Higher values represent worse outcomes.",
                "SecondaryOutcomeTimeFrame":"Baseline (T0), immediately after (T1), one-week after (T2), one-month after (T3) and six-month after (T4) mouthguard use"
              }
            ]
          },
          "OtherOutcomeList":{
            "OtherOutcome":[
              {
                "OtherOutcomeMeasure":"Change of self-reported compliance of mouthguard use over a six-month period",
                "OtherOutcomeDescription":"A questionnaire of compliance and five-point Likert scale will be used. The scale name is \"Frequency of wearing the mouthguard given\". There are two questions: (i) How often do you use the mouthguard during training?, and (ii) How often do you use the mouthguard during competitions? The five-point Likert scales have these values: 1=never, 2=rarely, 3=sometimes, 4=often, 5=always. The median score for each question will be reported. Higher values represent better compliance.",
                "OtherOutcomeTimeFrame":"Baseline (T0), immediately after (T1), one-week after (T2), one-month after (T3) and six-month after (T4) mouthguard use"
              },{
                "OtherOutcomeMeasure":"Incidence of dental trauma over a six-month period",
                "OtherOutcomeDescription":"On-site monitoring and 24-hour helpline will be carried out to identify the incidence of dental trauma related to rugby playing. The type of data is count data. The total number of occurrence will be divided by the six months to obtain the incidence rate.",
                "OtherOutcomeTimeFrame":"Six months, ie. from baseline (T0) to six-month (T3)."
              }
            ]
          }
        },
        "EligibilityModule":{
          "EligibilityCriteria":"Inclusion Criteria:\n\nMen aged between 18 and 35;\nActively playing rugby;\nCurrently playing in Malaysia Rugby Union;\nNative speakers of Malay (national language), with the ability to read and write in Malay fluently; and\nWithout any history of either speech or hearing impairment.\n\nExclusion Criteria:\n\nRetired players;\nNational players who did not play rugby within the last six months of the recruitment date; and\nPlayers with cleft lip and/or cleft palate; and\nPlayers with any history of either speech or hearing impairment.",
          "HealthyVolunteers":"Accepts Healthy Volunteers",
          "Gender":"Male",
          "GenderBased":"Yes",
          "GenderDescription":"self-representation of gender identity",
          "MinimumAge":"18 Years",
          "MaximumAge":"35 Years",
          "StdAgeList":{
            "StdAge":[
              "Adult"
            ]
          }
        },
        "ContactsLocationsModule":{
          "OverallOfficialList":{
            "OverallOfficial":[
              {
                "OverallOfficialName":"Amy Liew",
                "OverallOfficialAffiliation":"National University of Malaysia",
                "OverallOfficialRole":"Principal Investigator"
              }
            ]
          },
          "LocationList":{
            "Location":[
              {
                "LocationFacility":"Universiti Kebangsaan Malaysia",
                "LocationCity":"Kuala Lumpur",
                "LocationZip":"50300",
                "LocationCountry":"Malaysia"
              }
            ]
          }
        },
        "IPDSharingStatementModule":{
          "IPDSharing":"No"
        }
      },
      "DocumentSection":{
        "LargeDocumentModule":{
          "LargeDocList":{
            "LargeDoc":[
              {
                "LargeDocTypeAbbrev":"Prot_SAP",
                "LargeDocHasProtocol":"Yes",
                "LargeDocHasSAP":"Yes",
                "LargeDocHasICF":"No",
                "LargeDocLabel":"Study Protocol and Statistical Analysis Plan",
                "LargeDocDate":"October 4, 2017",
                "LargeDocUploadDate":"08/19/2019 22:37",
                "LargeDocFilename":"Prot_SAP_000.pdf"
              }
            ]
          }
        }
      },
      "DerivedSection":{
        "MiscInfoModule":{
          "VersionHolder":"April 19, 2021"
        },
        "ConditionBrowseModule":{
          "ConditionBrowseLeafList":{
            "ConditionBrowseLeaf":[
              {
                "ConditionBrowseLeafId":"M16268",
                "ConditionBrowseLeafName":"Wounds and Injuries",
                "ConditionBrowseLeafRelevance":"low"
              }
            ]
          },
          "ConditionBrowseBranchList":{
            "ConditionBrowseBranch":[
              {
                "ConditionBrowseBranchAbbrev":"BC26",
                "ConditionBrowseBranchName":"Wounds and Injuries"
              },{
                "ConditionBrowseBranchAbbrev":"All",
                "ConditionBrowseBranchName":"All Conditions"
              }
            ]
          }
        },
        "InterventionBrowseModule":{
          "InterventionBrowseLeafList":{
            "InterventionBrowseLeaf":[
              {
                "InterventionBrowseLeafId":"M215864",
                "InterventionBrowseLeafName":"Ethylene",
                "InterventionBrowseLeafRelevance":"low"
              }
            ]
          },
          "InterventionBrowseBranchList":{
            "InterventionBrowseBranch":[
              {
                "InterventionBrowseBranchAbbrev":"All",
                "InterventionBrowseBranchName":"All Drugs and Chemicals"
              }
            ]
          }
        }
      }
    }
  }
}

