{
  "FullStudy":{
    "Rank":59915,
    "Study":{
      "ProtocolSection":{
        "IdentificationModule":{
          "NCTId":"NCT04069858",
          "OrgStudyIdInfo":{
            "OrgStudyId":"2106AS0033"
          },
          "Organization":{
            "OrgFullName":"Korea University",
            "OrgClass":"OTHER"
          },
          "BriefTitle":"Maintaining Antiviral Efficacy After Switching to Generic Entecavir 1 mg for Chronic Hepatitis B",
          "OfficialTitle":"Maintaining Antiviral Efficacy After Switching to Generic Entecavir, Baracle® in Patients Taking Baraclude® 1 mg for Antiviral Resistant Chronic Hepatitis B; A Noninferiority Study Assessing Non-detection Rate of Hepatitis B Virus DNA"
        },
        "StatusModule":{
          "StatusVerifiedDate":"February 2020",
          "OverallStatus":"Active, not recruiting",
          "ExpandedAccessInfo":{
            "HasExpandedAccess":"No"
          },
          "StartDateStruct":{
            "StartDate":"December 1, 2016",
            "StartDateType":"Actual"
          },
          "PrimaryCompletionDateStruct":{
            "PrimaryCompletionDate":"March 1, 2019",
            "PrimaryCompletionDateType":"Actual"
          },
          "CompletionDateStruct":{
            "CompletionDate":"December 31, 2020",
            "CompletionDateType":"Anticipated"
          },
          "StudyFirstSubmitDate":"August 23, 2019",
          "StudyFirstSubmitQCDate":"August 24, 2019",
          "StudyFirstPostDateStruct":{
            "StudyFirstPostDate":"August 28, 2019",
            "StudyFirstPostDateType":"Actual"
          },
          "LastUpdateSubmitDate":"February 12, 2020",
          "LastUpdatePostDateStruct":{
            "LastUpdatePostDate":"February 17, 2020",
            "LastUpdatePostDateType":"Actual"
          }
        },
        "SponsorCollaboratorsModule":{
          "ResponsibleParty":{
            "ResponsiblePartyType":"Principal Investigator",
            "ResponsiblePartyInvestigatorFullName":"Hyung Joon Yim",
            "ResponsiblePartyInvestigatorTitle":"Professor",
            "ResponsiblePartyInvestigatorAffiliation":"Korea University"
          },
          "LeadSponsor":{
            "LeadSponsorName":"Korea University",
            "LeadSponsorClass":"OTHER"
          }
        },
        "OversightModule":{
          "OversightHasDMC":"Yes",
          "IsFDARegulatedDrug":"No",
          "IsFDARegulatedDevice":"No"
        },
        "DescriptionModule":{
          "BriefSummary":"Entecavir 1 mg is commonly used in patients with chronic hepatitis B (CHB) patients with previous antiviral resistance. This study evaluates the efficacy and safety of switching to generic entecavir 1 mg (Baracle®, Dong-A Science Technology) in CHB patients taking brand name entecavir 1 mg (Baraclude®, Bristol-Myers Squibb) alone or in combination with other nucleos(t)ide analogues after the development of antiviral resistance.\n\nThe primary aim is virological response (<20 IU/mL) at 12 months",
          "DetailedDescription":"This study is a prospective single-arm open-label trial. The primary endpoint is virological response (<20 IU/mL) at 12 months after switching treatment.\n\nPatients who satisfy the inclusion and exclusion criteria will switch from Baraclude® 1 mg to Baracle®. Assessment of treatment response at 12 months is performed by comparing undetectable HBV DNA rates between baseline and 12 months after switching therapy."
        },
        "ConditionsModule":{
          "ConditionList":{
            "Condition":[
              "Chronic Hepatitis B"
            ]
          }
        },
        "DesignModule":{
          "StudyType":"Interventional",
          "PhaseList":{
            "Phase":[
              "Phase 4"
            ]
          },
          "DesignInfo":{
            "DesignAllocation":"N/A",
            "DesignInterventionModel":"Single Group Assignment",
            "DesignInterventionModelDescription":"CHB patients receiving treatment with Baraclude® 1 mg alone or in combination with other nucleos(t)ide analogues for 12 months or longer after the development of antiviral resistance.",
            "DesignPrimaryPurpose":"Treatment",
            "DesignMaskingInfo":{
              "DesignMasking":"None (Open Label)"
            }
          },
          "EnrollmentInfo":{
            "EnrollmentCount":"40",
            "EnrollmentType":"Actual"
          }
        },
        "ArmsInterventionsModule":{
          "ArmGroupList":{
            "ArmGroup":[
              {
                "ArmGroupLabel":"Baracle",
                "ArmGroupType":"Experimental",
                "ArmGroupDescription":"Chronic hepatitis B patients who swiched to Baracle® 1 mg from Baraclude® 1 mg treatment as mono- or combination therapy after the development of antiviral resistance to nucleos(t)ide analogues",
                "ArmGroupInterventionList":{
                  "ArmGroupInterventionName":[
                    "Drug: Switching to Generic Entecavir (Baracle®)"
                  ]
                }
              }
            ]
          },
          "InterventionList":{
            "Intervention":[
              {
                "InterventionType":"Drug",
                "InterventionName":"Switching to Generic Entecavir (Baracle®)",
                "InterventionDescription":"switching to Baracle® 1 mg (generic drug) in chronic hepatitis B patients taking Baraclude® 1 mg (brand drug)",
                "InterventionArmGroupLabelList":{
                  "InterventionArmGroupLabel":[
                    "Baracle"
                  ]
                },
                "InterventionOtherNameList":{
                  "InterventionOtherName":[
                    "Antiviral therapy"
                  ]
                }
              }
            ]
          }
        },
        "OutcomesModule":{
          "PrimaryOutcomeList":{
            "PrimaryOutcome":[
              {
                "PrimaryOutcomeMeasure":"Non-detection rate of hepatitis B virus DNA",
                "PrimaryOutcomeDescription":"undetectable HBV DNA (<20 IU/mL) at 12 months after switching treatment.",
                "PrimaryOutcomeTimeFrame":"12 months"
              }
            ]
          },
          "SecondaryOutcomeList":{
            "SecondaryOutcome":[
              {
                "SecondaryOutcomeMeasure":"Normalization of liver enzyme",
                "SecondaryOutcomeDescription":"ALT < 40 IU/L",
                "SecondaryOutcomeTimeFrame":"12 months"
              },{
                "SecondaryOutcomeMeasure":"Loss of serological markers of hepatitis B e antigen",
                "SecondaryOutcomeDescription":"Loss of HBeAg",
                "SecondaryOutcomeTimeFrame":"12 months"
              },{
                "SecondaryOutcomeMeasure":"Signs of newly developing antiviral resistance",
                "SecondaryOutcomeDescription":"Elevation of hepatitis B virus DNA by 10 fold assessed by real time PCR",
                "SecondaryOutcomeTimeFrame":"12 months"
              }
            ]
          }
        },
        "EligibilityModule":{
          "EligibilityCriteria":"Inclusion Criteria:\n\nAge >19 years old CHB patients\nConfirmed antiviral resistance\nTaking brand entecavir 1 mg for more than 1 year\nHBV DNA < 20 IU/mL\nCompensated liver cirrhosis\nWilling to participate\n\nExclusion Criteria:\n\nFailure to meet the inclusion criteria\nCr>1.5 mg/dL\nPostive HCV Ab\nDecompensated cirrhosis\nPregnant women\nHCC\nAlcoholics",
          "HealthyVolunteers":"No",
          "Gender":"All",
          "MinimumAge":"19 Years",
          "StdAgeList":{
            "StdAge":[
              "Adult",
              "Older Adult"
            ]
          }
        },
        "ContactsLocationsModule":{
          "OverallOfficialList":{
            "OverallOfficial":[
              {
                "OverallOfficialName":"Hyung Joon Yim, MD",
                "OverallOfficialAffiliation":"Korea University",
                "OverallOfficialRole":"Principal Investigator"
              }
            ]
          },
          "LocationList":{
            "Location":[
              {
                "LocationFacility":"Korea University Ansan Hospital",
                "LocationCity":"Ansan",
                "LocationState":"Gyeonggi-do",
                "LocationZip":"15355",
                "LocationCountry":"Korea, Republic of"
              }
            ]
          }
        },
        "ReferencesModule":{
          "ReferenceList":{
            "Reference":[
              {
                "ReferencePMID":"28427875",
                "ReferenceType":"background",
                "ReferenceCitation":"European Association for the Study of the Liver. Electronic address: easloffice@easloffice.eu; European Association for the Study of the Liver. EASL 2017 Clinical Practice Guidelines on the management of hepatitis B virus infection. J Hepatol. 2017 Aug;67(2):370-398. doi: 10.1016/j.jhep.2017.03.021. Epub 2017 Apr 18."
              },{
                "ReferencePMID":"29405329",
                "ReferenceType":"background",
                "ReferenceCitation":"Terrault NA, Lok ASF, McMahon BJ, Chang KM, Hwang JP, Jonas MM, Brown RS Jr, Bzowej NH, Wong JB. Update on prevention, diagnosis, and treatment of chronic hepatitis B: AASLD 2018 hepatitis B guidance. Hepatology. 2018 Apr;67(4):1560-1599. doi: 10.1002/hep.29800."
              },{
                "ReferencePMID":"31185710",
                "ReferenceType":"background",
                "ReferenceCitation":"Korean Association for the Study of the Liver (KASL). KASL clinical practice guidelines for management of chronic hepatitis B. Clin Mol Hepatol. 2019 Jun;25(2):93-159. doi: 10.3350/cmh.2019.1002. Epub 2019 Jun 12. Review."
              }
            ]
          }
        },
        "IPDSharingStatementModule":{
          "IPDSharing":"No"
        }
      },
      "DerivedSection":{
        "MiscInfoModule":{
          "VersionHolder":"April 19, 2021"
        },
        "ConditionBrowseModule":{
          "ConditionMeshList":{
            "ConditionMesh":[
              {
                "ConditionMeshId":"D000006506",
                "ConditionMeshTerm":"Hepatitis A"
              },{
                "ConditionMeshId":"D000006509",
                "ConditionMeshTerm":"Hepatitis B"
              },{
                "ConditionMeshId":"D000019694",
                "ConditionMeshTerm":"Hepatitis B, Chronic"
              },{
                "ConditionMeshId":"D000006505",
                "ConditionMeshTerm":"Hepatitis"
              },{
                "ConditionMeshId":"D000006521",
                "ConditionMeshTerm":"Hepatitis, Chronic"
              }
            ]
          },
          "ConditionAncestorList":{
            "ConditionAncestor":[
              {
                "ConditionAncestorId":"D000008107",
                "ConditionAncestorTerm":"Liver Diseases"
              },{
                "ConditionAncestorId":"D000004066",
                "ConditionAncestorTerm":"Digestive System Diseases"
              },{
                "ConditionAncestorId":"D000006525",
                "ConditionAncestorTerm":"Hepatitis, Viral, Human"
              },{
                "ConditionAncestorId":"D000014777",
                "ConditionAncestorTerm":"Virus Diseases"
              },{
                "ConditionAncestorId":"D000004769",
                "ConditionAncestorTerm":"Enterovirus Infections"
              },{
                "ConditionAncestorId":"D000010850",
                "ConditionAncestorTerm":"Picornaviridae Infections"
              },{
                "ConditionAncestorId":"D000012327",
                "ConditionAncestorTerm":"RNA Virus Infections"
              },{
                "ConditionAncestorId":"D000018347",
                "ConditionAncestorTerm":"Hepadnaviridae Infections"
              },{
                "ConditionAncestorId":"D000004266",
                "ConditionAncestorTerm":"DNA Virus Infections"
              }
            ]
          },
          "ConditionBrowseLeafList":{
            "ConditionBrowseLeaf":[
              {
                "ConditionBrowseLeafId":"M16105",
                "ConditionBrowseLeafName":"Virus Diseases",
                "ConditionBrowseLeafRelevance":"low"
              },{
                "ConditionBrowseLeafId":"M8175",
                "ConditionBrowseLeafName":"Hepatitis A",
                "ConditionBrowseLeafAsFound":"Hepatitis",
                "ConditionBrowseLeafRelevance":"high"
              },{
                "ConditionBrowseLeafId":"M8178",
                "ConditionBrowseLeafName":"Hepatitis B",
                "ConditionBrowseLeafAsFound":"Hepatitis B",
                "ConditionBrowseLeafRelevance":"high"
              },{
                "ConditionBrowseLeafId":"M20193",
                "ConditionBrowseLeafName":"Hepatitis B, Chronic",
                "ConditionBrowseLeafAsFound":"Chronic Hepatitis B",
                "ConditionBrowseLeafRelevance":"high"
              },{
                "ConditionBrowseLeafId":"M8174",
                "ConditionBrowseLeafName":"Hepatitis",
                "ConditionBrowseLeafAsFound":"Hepatitis",
                "ConditionBrowseLeafRelevance":"high"
              },{
                "ConditionBrowseLeafId":"M8190",
                "ConditionBrowseLeafName":"Hepatitis, Chronic",
                "ConditionBrowseLeafAsFound":"Chronic Hepatitis",
                "ConditionBrowseLeafRelevance":"high"
              },{
                "ConditionBrowseLeafId":"M9690",
                "ConditionBrowseLeafName":"Liver Diseases",
                "ConditionBrowseLeafRelevance":"low"
              },{
                "ConditionBrowseLeafId":"M5838",
                "ConditionBrowseLeafName":"Digestive System Diseases",
                "ConditionBrowseLeafRelevance":"low"
              },{
                "ConditionBrowseLeafId":"M7466",
                "ConditionBrowseLeafName":"Gastrointestinal Diseases",
                "ConditionBrowseLeafRelevance":"low"
              },{
                "ConditionBrowseLeafId":"M8193",
                "ConditionBrowseLeafName":"Hepatitis, Viral, Human",
                "ConditionBrowseLeafRelevance":"low"
              },{
                "ConditionBrowseLeafId":"M8866",
                "ConditionBrowseLeafName":"Infection",
                "ConditionBrowseLeafRelevance":"low"
              },{
                "ConditionBrowseLeafId":"M4951",
                "ConditionBrowseLeafName":"Communicable Diseases",
                "ConditionBrowseLeafRelevance":"low"
              },{
                "ConditionBrowseLeafId":"M6513",
                "ConditionBrowseLeafName":"Enterovirus Infections",
                "ConditionBrowseLeafRelevance":"low"
              },{
                "ConditionBrowseLeafId":"M12328",
                "ConditionBrowseLeafName":"Picornaviridae Infections",
                "ConditionBrowseLeafRelevance":"low"
              },{
                "ConditionBrowseLeafId":"M13732",
                "ConditionBrowseLeafName":"RNA Virus Infections",
                "ConditionBrowseLeafRelevance":"low"
              },{
                "ConditionBrowseLeafId":"M19071",
                "ConditionBrowseLeafName":"Hepadnaviridae Infections",
                "ConditionBrowseLeafRelevance":"low"
              },{
                "ConditionBrowseLeafId":"M6025",
                "ConditionBrowseLeafName":"DNA Virus Infections",
                "ConditionBrowseLeafRelevance":"low"
              },{
                "ConditionBrowseLeafId":"T2787",
                "ConditionBrowseLeafName":"Herpes Simiae (B Virus)",
                "ConditionBrowseLeafRelevance":"low"
              }
            ]
          },
          "ConditionBrowseBranchList":{
            "ConditionBrowseBranch":[
              {
                "ConditionBrowseBranchAbbrev":"BC02",
                "ConditionBrowseBranchName":"Viral Diseases"
              },{
                "ConditionBrowseBranchAbbrev":"All",
                "ConditionBrowseBranchName":"All Conditions"
              },{
                "ConditionBrowseBranchAbbrev":"BC06",
                "ConditionBrowseBranchName":"Digestive System Diseases"
              },{
                "ConditionBrowseBranchAbbrev":"BC01",
                "ConditionBrowseBranchName":"Bacterial and Fungal Diseases"
              },{
                "ConditionBrowseBranchAbbrev":"Rare",
                "ConditionBrowseBranchName":"Rare Diseases"
              }
            ]
          }
        },
        "InterventionBrowseModule":{
          "InterventionMeshList":{
            "InterventionMesh":[
              {
                "InterventionMeshId":"C000413685",
                "InterventionMeshTerm":"Entecavir"
              }
            ]
          },
          "InterventionAncestorList":{
            "InterventionAncestor":[
              {
                "InterventionAncestorId":"D000000998",
                "InterventionAncestorTerm":"Antiviral Agents"
              },{
                "InterventionAncestorId":"D000000890",
                "InterventionAncestorTerm":"Anti-Infective Agents"
              }
            ]
          },
          "InterventionBrowseLeafList":{
            "InterventionBrowseLeaf":[
              {
                "InterventionBrowseLeafId":"M238185",
                "InterventionBrowseLeafName":"Entecavir",
                "InterventionBrowseLeafAsFound":"Advice",
                "InterventionBrowseLeafRelevance":"high"
              },{
                "InterventionBrowseLeafId":"M2895",
                "InterventionBrowseLeafName":"Antiviral Agents",
                "InterventionBrowseLeafRelevance":"low"
              },{
                "InterventionBrowseLeafId":"M2795",
                "InterventionBrowseLeafName":"Anti-Infective Agents",
                "InterventionBrowseLeafRelevance":"low"
              }
            ]
          },
          "InterventionBrowseBranchList":{
            "InterventionBrowseBranch":[
              {
                "InterventionBrowseBranchAbbrev":"Infe",
                "InterventionBrowseBranchName":"Anti-Infective Agents"
              },{
                "InterventionBrowseBranchAbbrev":"All",
                "InterventionBrowseBranchName":"All Drugs and Chemicals"
              }
            ]
          }
        }
      }
    }
  }
}

