{
  "FullStudy":{
    "Rank":60063,
    "Study":{
      "ProtocolSection":{
        "IdentificationModule":{
          "NCTId":"NCT04067934",
          "OrgStudyIdInfo":{
            "OrgStudyId":"GN19GA217P"
          },
          "Organization":{
            "OrgFullName":"NHS Greater Glasgow and Clyde",
            "OrgClass":"OTHER"
          },
          "BriefTitle":"JUMP Inflammatory Bowel Disease Study",
          "OfficialTitle":"The Feasibility of Jumping Based Exercise to Improve Musculoskeletal Outcomes in Children and Adolescents With Inflammatory Bowel Disease (The JUMP IBD Study)",
          "Acronym":"JUMP IBD"
        },
        "StatusModule":{
          "StatusVerifiedDate":"August 2019",
          "OverallStatus":"Not yet recruiting",
          "ExpandedAccessInfo":{
            "HasExpandedAccess":"No"
          },
          "StartDateStruct":{
            "StartDate":"August 2019",
            "StartDateType":"Anticipated"
          },
          "PrimaryCompletionDateStruct":{
            "PrimaryCompletionDate":"July 2021",
            "PrimaryCompletionDateType":"Anticipated"
          },
          "CompletionDateStruct":{
            "CompletionDate":"July 2021",
            "CompletionDateType":"Anticipated"
          },
          "StudyFirstSubmitDate":"July 25, 2019",
          "StudyFirstSubmitQCDate":"August 23, 2019",
          "StudyFirstPostDateStruct":{
            "StudyFirstPostDate":"August 28, 2019",
            "StudyFirstPostDateType":"Actual"
          },
          "LastUpdateSubmitDate":"August 23, 2019",
          "LastUpdatePostDateStruct":{
            "LastUpdatePostDate":"August 28, 2019",
            "LastUpdatePostDateType":"Actual"
          }
        },
        "SponsorCollaboratorsModule":{
          "ResponsibleParty":{
            "ResponsiblePartyType":"Sponsor"
          },
          "LeadSponsor":{
            "LeadSponsorName":"NHS Greater Glasgow and Clyde",
            "LeadSponsorClass":"OTHER"
          },
          "CollaboratorList":{
            "Collaborator":[
              {
                "CollaboratorName":"University of Glasgow",
                "CollaboratorClass":"OTHER"
              }
            ]
          }
        },
        "OversightModule":{
          "OversightHasDMC":"No",
          "IsFDARegulatedDrug":"No",
          "IsFDARegulatedDevice":"No"
        },
        "DescriptionModule":{
          "BriefSummary":"Children and adolescents with inflammatory bowel disease are at increased risk of poor bone and muscle health through a variety of factors, including underlying disease processes, nutritional deficits, and reduced physical activity.\n\nInflammatory bowel disease can also delay the onset of puberty in children, and pubertal development in adolescents, resulting in sub-optimal adult bone mass, therefore increasing future risk of fractures and osteoporosis. High impact exercise may be a useful additional therapy for adolescents with IBD, as the mechanical strains produced during this type of exercise, through high force muscular contractions and ground reaction forces, can promote bone formation and gains in muscle mass. There have been no previous studies assessing the effects of high impact exercise in IBD, so it is unknown if this type of exercise is feasible in this population. The aim of this study is to assess the feasibility of a short term jumping based exercise intervention for improving muscle and bone outcomes in children and adolescents with inflammatory bowel disease.",
          "DetailedDescription":"This study will incorporate a pilot/feasibility design, aiming to recruit a cohort of 15 inflammatory bowel disease patients of child and adolescent age (10 - 17.9 years). No control group will be recruited.\n\nAfter potential recruits have contacted the study team to signal their interest in participation, a member of the team will contact them to discuss details of the study in more depth, and assess their suitability for participation against the inclusion/exclusion criteria. If eligible, and willing to participate, they will be asked to attend a baseline session (<28 days prior to exercise intervention) during which they will be afforded the opportunity to ask any questions they may have regarding the study.\n\nThis visit will last approximately 1.5 hours. Parent/guardian will also be encouraged to ask any questions they may have. Fully informed written consent with be obtained from the participant's parent/guardian if aged under 16 years, and written informed consent (or assent, depending on competence) will also be taken from the participant. A baseline blood sample will be collected at this session by a research nurse. Participants will complete a range of questionnaires regarding quality of life (IMPACT III, PedsQL Generic Core Scale), fatigue (PedsQL Multidimensional fatigue scale), self-efficacy for exercise. A member of the study team will measure disease activity using a clinical questionnaire (wPCDAI, PUCAI). Demographic and disease history data, and physical measurements including height, sitting height, weight, body composition (bio-electrical impedance) will also be collected. Participants will be provided a wrist-worn accelerometer to measure their habitual physical activity for the proceeding seven days, which they will be instructed to return in a provided pre-paid envelope. A kit will be given for participant to provide a stool sample, to be brought to the following study visit. The exercise intervention will consist of four weeks of three jumping based exercise sessions per week. These sessions will involve basic jumping movements, with approximately 50-100 jumps per session; incorporating 20-30 minutes of exercise. Participants will be requested to attend a one hour face-to-face session at the beginning of each intervention week so a member of the study team can teach them safe and correct execution of each of the prescribed movements for that week. Participants will be provided with an exercise log diary in which they can record adherence to each session, and detail if they have experienced any pain or falls (adverse events), or if anything has prevented them from participating in the prescribed session. Should they be unable to attend any face-to-face session, the exercise diary contains details of the prescribed exercises, and how to perform them. A member of the research team will make telephone contact with research participants and their parent/guardian once per week throughout the four weeks, on any week that they do not attend a face to face exercise session. As a minimum, participants will be expected to attend their first exercise session face-to-face with a member of the research team. Participants will be requested to wear a wrist-worn accelerometer throughout the intervention period, which will be routinely downloaded at each face-to-face session.\n\nFollow-up visits will be completed <14 days post-intervention, at which all of the measurements from the baseline visit will be conducted again (excluding height, habitual physical activity."
        },
        "ConditionsModule":{
          "ConditionList":{
            "Condition":[
              "Inflammatory Bowel Diseases"
            ]
          },
          "KeywordList":{
            "Keyword":[
              "Paediatrics",
              "Exercise"
            ]
          }
        },
        "DesignModule":{
          "StudyType":"Interventional",
          "PhaseList":{
            "Phase":[
              "Not Applicable"
            ]
          },
          "DesignInfo":{
            "DesignAllocation":"N/A",
            "DesignInterventionModel":"Single Group Assignment",
            "DesignInterventionModelDescription":"Pilot/feasibility design",
            "DesignPrimaryPurpose":"Treatment",
            "DesignMaskingInfo":{
              "DesignMasking":"None (Open Label)"
            }
          },
          "EnrollmentInfo":{
            "EnrollmentCount":"15",
            "EnrollmentType":"Anticipated"
          }
        },
        "ArmsInterventionsModule":{
          "ArmGroupList":{
            "ArmGroup":[
              {
                "ArmGroupLabel":"Jumping exercise",
                "ArmGroupType":"Experimental",
                "ArmGroupDescription":"High-impact exercise intervention: 3 sessions per week for four weeks Each session will consist of three jumping-based exercises, performed for three sets of various repetitions, following a progressive protocol with increasing volume/intensity.",
                "ArmGroupInterventionList":{
                  "ArmGroupInterventionName":[
                    "Behavioral: Jumping Exercise programme"
                  ]
                }
              }
            ]
          },
          "InterventionList":{
            "Intervention":[
              {
                "InterventionType":"Behavioral",
                "InterventionName":"Jumping Exercise programme",
                "InterventionDescription":"Four weeks of three jumping-based exercise sessions per week. These sessions will involve basic jumping movements, with approximately 50-100 jumps per session; incorporating 20-30 minutes of exercise.",
                "InterventionArmGroupLabelList":{
                  "InterventionArmGroupLabel":[
                    "Jumping exercise"
                  ]
                }
              }
            ]
          }
        },
        "OutcomesModule":{
          "PrimaryOutcomeList":{
            "PrimaryOutcome":[
              {
                "PrimaryOutcomeMeasure":"Adherence to exercise protocol",
                "PrimaryOutcomeDescription":"Number of exercise repetitions/sessions completed",
                "PrimaryOutcomeTimeFrame":"4 weeks"
              }
            ]
          },
          "SecondaryOutcomeList":{
            "SecondaryOutcome":[
              {
                "SecondaryOutcomeMeasure":"Bone metabolism biomarker",
                "SecondaryOutcomeDescription":"Blood levels of bone alkaline phosphatase",
                "SecondaryOutcomeTimeFrame":"Baseline and 4 weeks"
              },{
                "SecondaryOutcomeMeasure":"Growth hormone axis",
                "SecondaryOutcomeDescription":"Blood levels of Growth Hormone (GH)/Insulin-like Growth Factor (IGF) axis",
                "SecondaryOutcomeTimeFrame":"Baseline and 4 weeks"
              },{
                "SecondaryOutcomeMeasure":"Inflammatory cytokines",
                "SecondaryOutcomeDescription":"Tumour Necrosis Factor (TNF)-alpha levels",
                "SecondaryOutcomeTimeFrame":"Baseline and 4 weeks"
              },{
                "SecondaryOutcomeMeasure":"Muscle function",
                "SecondaryOutcomeDescription":"Jumping mechanography power output",
                "SecondaryOutcomeTimeFrame":"Baseline and 4 weeks"
              },{
                "SecondaryOutcomeMeasure":"Disease activity",
                "SecondaryOutcomeDescription":"Faecal calprotectin levels",
                "SecondaryOutcomeTimeFrame":"Baseline and 4 weeks"
              },{
                "SecondaryOutcomeMeasure":"Health-related quality of life",
                "SecondaryOutcomeDescription":"Score on IMPACT III questionnaire: the scale measures disease specific quality of life in paediatric IBD patients; TOTAL Score is measured on a scale of 0 - 100; higher scores indicate better QoL; the questionnaire has Four sub-domains: Well-being, emotional functioning, social functioning and body image; all sub-domains also measured 0 - 100 scale, with higher scores indicating better QoL in that domain",
                "SecondaryOutcomeTimeFrame":"Baseline, 2 weeks and 4 weeks"
              },{
                "SecondaryOutcomeMeasure":"Fatigue",
                "SecondaryOutcomeDescription":"Score on PedsQL Multidimensional fatigue scale: the scale measures generic fatigue in children and adults; Total score is measured on scale of 0 - 100; higher score indicates less fatigue; three sub-domains - general fatigue, sleep/rest fatigue, cognitive fatigue - scored on same 0 - 100 scale; higher score = less fatigue",
                "SecondaryOutcomeTimeFrame":"Baseline and 4 weeks"
              },{
                "SecondaryOutcomeMeasure":"Bio-electrical impedance as measure of Body composition",
                "SecondaryOutcomeDescription":"Bio-electrical impedance",
                "SecondaryOutcomeTimeFrame":"Baseline and 4 weeks"
              }
            ]
          }
        },
        "EligibilityModule":{
          "EligibilityCriteria":"Inclusion Criteria:\n\nconfirmed diagnosis of inflammatory bowel disease (Crohn's disease or ulcerative colitis) at least 6 months prior to study involvement\naged 10 to 17.9 years (inclusive)\nability to provide written informed consent, or assent with accompanying parent/guardian consent\nability to mobilise and perform exercise independently\ndisease in remission, or mildly/moderately active, according to weighted Paediatric Crohn's disease activity index (wPCDAI) or Paediatric ulcerative colitis activity index (PUCAI)\nstable medication for >4 weeks prior to study, and no planned changes of medication during study period\n\nExclusion Criteria:\n\nlack of capacity to provide consent or assent\npregnancy (females)\nrecent (<12 weeks) surgery, or planned surgery during intervention period\nsignificant contraindication to high-impact exercise\nsignificant comorbidity\nuse of medication known to affect bone turnover (excluding that used to treat IBD [i.e. glucocorticoids])\nBMI > +3.5 standard deviation score (SDS)\nparticipating in >2 hours per week structured exercise (excluding school physical education)",
          "HealthyVolunteers":"No",
          "Gender":"All",
          "MinimumAge":"10 Years",
          "MaximumAge":"17 Years",
          "StdAgeList":{
            "StdAge":[
              "Child"
            ]
          }
        },
        "ContactsLocationsModule":{
          "CentralContactList":{
            "CentralContact":[
              {
                "CentralContactName":"Lewis Steell, BSc MSc",
                "CentralContactRole":"Contact",
                "CentralContactPhone":"07899 883650",
                "CentralContactEMail":"Lewis.Steell@glasgow.ac.uk"
              },{
                "CentralContactName":"Jarod Sze Choong Wong, MBBS MRCPCH DMedSc",
                "CentralContactRole":"Contact",
                "CentralContactEMail":"Jarod.Wong@glasgow.ac.uk"
              }
            ]
          },
          "OverallOfficialList":{
            "OverallOfficial":[
              {
                "OverallOfficialName":"Jarod Sze Choong Wong, MBBS MRCPCH DMedSc",
                "OverallOfficialAffiliation":"University of Glasgow",
                "OverallOfficialRole":"Principal Investigator"
              }
            ]
          },
          "LocationList":{
            "Location":[
              {
                "LocationFacility":"NHS Greater Glasgow and Clyde",
                "LocationCity":"Glasgow",
                "LocationCountry":"United Kingdom"
              }
            ]
          }
        },
        "IPDSharingStatementModule":{
          "IPDSharing":"No"
        }
      },
      "DerivedSection":{
        "MiscInfoModule":{
          "VersionHolder":"April 19, 2021"
        },
        "ConditionBrowseModule":{
          "ConditionMeshList":{
            "ConditionMesh":[
              {
                "ConditionMeshId":"D000007410",
                "ConditionMeshTerm":"Intestinal Diseases"
              },{
                "ConditionMeshId":"D000015212",
                "ConditionMeshTerm":"Inflammatory Bowel Diseases"
              }
            ]
          },
          "ConditionAncestorList":{
            "ConditionAncestor":[
              {
                "ConditionAncestorId":"D000005767",
                "ConditionAncestorTerm":"Gastrointestinal Diseases"
              },{
                "ConditionAncestorId":"D000004066",
                "ConditionAncestorTerm":"Digestive System Diseases"
              },{
                "ConditionAncestorId":"D000005759",
                "ConditionAncestorTerm":"Gastroenteritis"
              }
            ]
          },
          "ConditionBrowseLeafList":{
            "ConditionBrowseLeaf":[
              {
                "ConditionBrowseLeafId":"M9027",
                "ConditionBrowseLeafName":"Intestinal Diseases",
                "ConditionBrowseLeafAsFound":"Bowel Disease",
                "ConditionBrowseLeafRelevance":"high"
              },{
                "ConditionBrowseLeafId":"M16500",
                "ConditionBrowseLeafName":"Inflammatory Bowel Diseases",
                "ConditionBrowseLeafAsFound":"Inflammatory Bowel Disease",
                "ConditionBrowseLeafRelevance":"high"
              },{
                "ConditionBrowseLeafId":"M5838",
                "ConditionBrowseLeafName":"Digestive System Diseases",
                "ConditionBrowseLeafRelevance":"low"
              },{
                "ConditionBrowseLeafId":"M7466",
                "ConditionBrowseLeafName":"Gastrointestinal Diseases",
                "ConditionBrowseLeafRelevance":"low"
              },{
                "ConditionBrowseLeafId":"M7458",
                "ConditionBrowseLeafName":"Gastroenteritis",
                "ConditionBrowseLeafRelevance":"low"
              }
            ]
          },
          "ConditionBrowseBranchList":{
            "ConditionBrowseBranch":[
              {
                "ConditionBrowseBranchAbbrev":"BC06",
                "ConditionBrowseBranchName":"Digestive System Diseases"
              },{
                "ConditionBrowseBranchAbbrev":"All",
                "ConditionBrowseBranchName":"All Conditions"
              }
            ]
          }
        }
      }
    }
  }
}

