{
  "FullStudy":{
    "Rank":60058,
    "Study":{
      "ProtocolSection":{
        "IdentificationModule":{
          "NCTId":"NCT04067999",
          "OrgStudyIdInfo":{
            "OrgStudyId":"NN9535-4368"
          },
          "SecondaryIdInfoList":{
            "SecondaryIdInfo":[
              {
                "SecondaryId":"U1111-1217-3546",
                "SecondaryIdType":"Other Identifier",
                "SecondaryIdDomain":"World Health Organization (WHO)"
              }
            ]
          },
          "Organization":{
            "OrgFullName":"Novo Nordisk A/S",
            "OrgClass":"INDUSTRY"
          },
          "BriefTitle":"A Research Study Looking at How Semaglutide Works in People With Type 2 Diabetes in Spain, as Part of Local Clinical Practice",
          "OfficialTitle":"SURE SPAIN: A Multi-centre, Prospective, Non-interventional Study Investigating the Effectiveness of Once-weekly Subcutaneous Semaglutide in a Real World Adult Population With Type 2 Diabetes",
          "Acronym":"SURE SPAIN"
        },
        "StatusModule":{
          "StatusVerifiedDate":"June 2020",
          "OverallStatus":"Enrolling by invitation",
          "ExpandedAccessInfo":{
            "HasExpandedAccess":"No"
          },
          "StartDateStruct":{
            "StartDate":"August 5, 2019",
            "StartDateType":"Actual"
          },
          "PrimaryCompletionDateStruct":{
            "PrimaryCompletionDate":"June 15, 2021",
            "PrimaryCompletionDateType":"Anticipated"
          },
          "CompletionDateStruct":{
            "CompletionDate":"June 15, 2021",
            "CompletionDateType":"Anticipated"
          },
          "StudyFirstSubmitDate":"August 22, 2019",
          "StudyFirstSubmitQCDate":"August 22, 2019",
          "StudyFirstPostDateStruct":{
            "StudyFirstPostDate":"August 28, 2019",
            "StudyFirstPostDateType":"Actual"
          },
          "LastUpdateSubmitDate":"June 12, 2020",
          "LastUpdatePostDateStruct":{
            "LastUpdatePostDate":"June 16, 2020",
            "LastUpdatePostDateType":"Actual"
          }
        },
        "SponsorCollaboratorsModule":{
          "ResponsibleParty":{
            "ResponsiblePartyType":"Sponsor"
          },
          "LeadSponsor":{
            "LeadSponsorName":"Novo Nordisk A/S",
            "LeadSponsorClass":"INDUSTRY"
          }
        },
        "OversightModule":{
          "OversightHasDMC":"No",
          "IsFDARegulatedDevice":"No"
        },
        "DescriptionModule":{
          "BriefSummary":"The purpose of the study is to collect information on how semaglutide works in real world patients. Participants will get semaglutide prescribed to them by their doctor. The study will last for about 6 to 8 months. Participants will be asked to complete some questionnaires about their health and diabetes treatment. Participants will complete these during their normally scheduled visits with their doctor."
        },
        "ConditionsModule":{
          "ConditionList":{
            "Condition":[
              "Diabetes Mellitus, Type 2"
            ]
          }
        },
        "DesignModule":{
          "StudyType":"Observational",
          "PatientRegistry":"No",
          "DesignInfo":{
            "DesignObservationalModelList":{
              "DesignObservationalModel":[
                "Cohort"
              ]
            },
            "DesignTimePerspectiveList":{
              "DesignTimePerspective":[
                "Prospective"
              ]
            }
          },
          "EnrollmentInfo":{
            "EnrollmentCount":"217",
            "EnrollmentType":"Anticipated"
          }
        },
        "ArmsInterventionsModule":{
          "ArmGroupList":{
            "ArmGroup":[
              {
                "ArmGroupLabel":"Semaglutide",
                "ArmGroupDescription":"Participants will receive semaglutide at the treating physician's discretion as part of the usual clinical practice. The prescription and use of semaglutide is completely independent of this study. Total study duration for the individual patient will be approximately 30 weeks",
                "ArmGroupInterventionList":{
                  "ArmGroupInterventionName":[
                    "Drug: Semaglutide"
                  ]
                }
              }
            ]
          },
          "InterventionList":{
            "Intervention":[
              {
                "InterventionType":"Drug",
                "InterventionName":"Semaglutide",
                "InterventionDescription":"Patients will be treated with commercially available semaglutide in a prefilled pen injector (FlexTouch® variant) according to routine local clinical practice at the discretion of the treating physician. Other anti-hyperglycaemic treatments will be prescribed at the physician's discretion.The decision to initiate treatment with semaglutide is at the treating physician's discretion, and clearly separated from the decision to include the patient in the study.",
                "InterventionArmGroupLabelList":{
                  "InterventionArmGroupLabel":[
                    "Semaglutide"
                  ]
                }
              }
            ]
          }
        },
        "OutcomesModule":{
          "PrimaryOutcomeList":{
            "PrimaryOutcome":[
              {
                "PrimaryOutcomeMeasure":"Change in Glycated Haemoglobin A1c (HbA1c) (measured in percent)",
                "PrimaryOutcomeDescription":"Measured in % points",
                "PrimaryOutcomeTimeFrame":"Baseline (up to 12 weeks prior to treatment initiation at week 0), end of study (week 28 to 38)"
              },{
                "PrimaryOutcomeMeasure":"Change in Glycated Haemoglobin A1c (HbA1c) (measured in mmol/mol)",
                "PrimaryOutcomeDescription":"Measured in mmol/mol",
                "PrimaryOutcomeTimeFrame":"Baseline (up to 12 weeks prior to treatment initiation at week 0), end of study (week 28 to 38)"
              }
            ]
          },
          "SecondaryOutcomeList":{
            "SecondaryOutcome":[
              {
                "SecondaryOutcomeMeasure":"Change in body weight (measured in kg)",
                "SecondaryOutcomeDescription":"Measured in kg",
                "SecondaryOutcomeTimeFrame":"Baseline (up to 12 weeks prior to treatment initiation at week 0), end of study (week 28 to 38)"
              },{
                "SecondaryOutcomeMeasure":"Change in body weight (measured in percent)",
                "SecondaryOutcomeDescription":"Measured in %",
                "SecondaryOutcomeTimeFrame":"Baseline (up to 12 weeks prior to treatment initiation at week 0), end of study (week 28 to 38)"
              },{
                "SecondaryOutcomeMeasure":"Change in waist circumference",
                "SecondaryOutcomeDescription":"Measured in cm",
                "SecondaryOutcomeTimeFrame":"Baseline (up to 12 weeks prior to treatment initiation at week 0), end of study (week 28 to 38)"
              },{
                "SecondaryOutcomeMeasure":"HbA1c level at end of study: below 8.0% (64 mmol/mol) (yes/no)",
                "SecondaryOutcomeDescription":"Number of participants who achieved/not achieved HbA1c level at end of study: below 8.0%",
                "SecondaryOutcomeTimeFrame":"At end of study (week 28 to 38)"
              },{
                "SecondaryOutcomeMeasure":"HbA1c level at end of study: below 7.5% (59 mmol/mol) (yes/no)",
                "SecondaryOutcomeDescription":"Number of participants who achieved/not achieved HbA1c level at end of study: below 7.5%",
                "SecondaryOutcomeTimeFrame":"At end of study (week 28 to 38)"
              },{
                "SecondaryOutcomeMeasure":"HbA1c level at end of study: below 7.0% (53 mmol/mol) (yes/no)",
                "SecondaryOutcomeDescription":"Number of participants who achieved/not achieved HbA1c level at end of study: below 7.0%",
                "SecondaryOutcomeTimeFrame":"At end of study (week 28 to 38)"
              },{
                "SecondaryOutcomeMeasure":"Reduction in HbA1c from baseline to end of study of 1.0% point or more (Y/N)",
                "SecondaryOutcomeDescription":"Number of participants who achieved/not achieved reduction in HbA1c of 1.0% point or more",
                "SecondaryOutcomeTimeFrame":"Baseline (up to 12 weeks prior to treatment initiation at week 0), end of study (week 28 to 38)"
              },{
                "SecondaryOutcomeMeasure":"Weight reduction of 3.0% or more (yes/no)",
                "SecondaryOutcomeDescription":"Number of participants who achieved/not achieved weight reduction of 3.0% or more",
                "SecondaryOutcomeTimeFrame":"Baseline (up to 12 weeks prior to treatment initiation at week 0), end of study (week 28 to 38)"
              },{
                "SecondaryOutcomeMeasure":"Weight reduction of 5.0% or more (yes/no)",
                "SecondaryOutcomeDescription":"Number of participants who achieved/not achieved weight reduction of 5.0% or more",
                "SecondaryOutcomeTimeFrame":"Baseline (up to 12 weeks prior to treatment initiation at week 0), end of study (week 28 to 38)"
              },{
                "SecondaryOutcomeMeasure":"HbA1c reduction of 1.0% point or more and weight reduction of 3.0% or more (yes/no)",
                "SecondaryOutcomeDescription":"Number of participants who achieved/not achieved HbA1c reduction of 1.0% point or more and weight reduction of 3.0% or more",
                "SecondaryOutcomeTimeFrame":"Baseline (up to 12 weeks prior to treatment initiation at week 0), end of study (week 28 to 38)"
              },{
                "SecondaryOutcomeMeasure":"Patient reported severe or documented hypoglycaemia (yes/no)",
                "SecondaryOutcomeDescription":"Number of patients who reported/not reported severe or documented hypoglycaemia",
                "SecondaryOutcomeTimeFrame":"Between baseline (week 0) and end of study (week 28-38)"
              },{
                "SecondaryOutcomeMeasure":"Change in score for Diabetes Treatment Satisfaction Questionnaire - Status (DTSQs) (absolute treatment satisfaction): Total treatment satisfaction",
                "SecondaryOutcomeDescription":"The status version (DTSQs) provides a measure of how satisfied patients are with their current diabetes treatment. It consists of 8 questions, which are to be answered on a Likert scale from 0 to 6 (0 = very dissatisfied to 6 = very satisfied). Six questions are summed to produce a total Treatment Satisfaction score. The remaining two questions are concerning perceived frequency of hyperglycaemia and perceived frequency of hypoglycaemia, respectively.",
                "SecondaryOutcomeTimeFrame":"Baseline (week 0), end of study (week 28 to 38)"
              },{
                "SecondaryOutcomeMeasure":"Change in score for Diabetes Treatment Satisfaction Questionnaire - Change (DTSQc) (relative treatment satisfaction): Total treatment satisfaction )",
                "SecondaryOutcomeDescription":"The change version (DTSQc) has the same 8 items as the status version, but is reworded to direct the patients to compare the experience of the current treatment with the experience of previous treatment. Each question is scored on a scale of -3 to +3 (-3 = much less satisfied now to +3 = much more satisfied now), with 0 (midpoint), representing no change.",
                "SecondaryOutcomeTimeFrame":"Baseline (week 0), end of study (week 28 to 38"
              },{
                "SecondaryOutcomeMeasure":"Change in score for Short Form (SF)-36 v2: Physical summary component",
                "SecondaryOutcomeDescription":"The SF-36®v2 questionnaire has 36 questions grouped into eight domains termed: physical functioning, bodily pain, role-physical, general health, vitality, social functioning, role-emotional and mental health, which again can be combined to give two summary component scores (overall mental- and physical health).",
                "SecondaryOutcomeTimeFrame":"Baseline (week 0), end of study (week 28 to 38)"
              },{
                "SecondaryOutcomeMeasure":"Change in score for SF-36 v2: Mental summary component",
                "SecondaryOutcomeDescription":"The SF-36®v2 questionnaire has 36 questions grouped into eight domains termed: physical functioning, bodily pain, role-physical, general health, vitality, social functioning, role-emotional and mental health, which again can be combined to give two summary component scores (overall mental- and physical health).",
                "SecondaryOutcomeTimeFrame":"Baseline (week 0), end of study (week 28 to 38)"
              },{
                "SecondaryOutcomeMeasure":"Patient completed the study under treatment with semaglutide (yes/no)",
                "SecondaryOutcomeDescription":"Number of patients who completed/not completed the study under treatment with semaglutide",
                "SecondaryOutcomeTimeFrame":"At end of study (week 28 to 38)"
              }
            ]
          }
        },
        "EligibilityModule":{
          "EligibilityCriteria":"Inclusion Criteria:\n\nSigned informed consent obtained before any study-related activities (study-related activities are any procedures related to recording of data according to protocol)\nThe decision to initiate treatment with commercially available semaglutide has been made by the patient/Legally Acceptable Representative and the treating physician before and independently from the decision to include the patient in this study\nMale or female, age 18 years or older at the time of signing informed consent\nDiagnosed with type 2 diabetes at least 12 weeks prior to inclusion\nAvailable and documented haemoglobin A1c (HbA1c) value equal to or less than 12 weeks prior to initiation of semaglutide treatment\n\nExclusion Criteria:\n\nPrevious participation in this study. Participation is defined as having given informed consent in this study\nMental incapacity, unwillingness or language barriers precluding adequate understanding or cooperation\nTreatment with any investigational drug within 90 days prior to enrolment into the study\nHypersensitivity to semaglutide or to any of the excipients",
          "HealthyVolunteers":"No",
          "Gender":"All",
          "MinimumAge":"18 Years",
          "StdAgeList":{
            "StdAge":[
              "Adult",
              "Older Adult"
            ]
          },
          "StudyPopulation":"Participants with type 2 diabetes",
          "SamplingMethod":"Non-Probability Sample"
        },
        "ContactsLocationsModule":{
          "OverallOfficialList":{
            "OverallOfficial":[
              {
                "OverallOfficialName":"Clinical Reporting Anchor and Disclosure (1452)",
                "OverallOfficialAffiliation":"Novo Nordisk A/S",
                "OverallOfficialRole":"Study Director"
              }
            ]
          },
          "LocationList":{
            "Location":[
              {
                "LocationFacility":"Novo Nordisk Investigational Site",
                "LocationCity":"A Coruña",
                "LocationZip":"15006",
                "LocationCountry":"Spain"
              },{
                "LocationFacility":"Novo Nordisk Investigational Site",
                "LocationCity":"Baracaldo",
                "LocationZip":"48903",
                "LocationCountry":"Spain"
              },{
                "LocationFacility":"Novo Nordisk Investigational Site",
                "LocationCity":"Barcelona",
                "LocationZip":"08007",
                "LocationCountry":"Spain"
              },{
                "LocationFacility":"Novo Nordisk Investigational Site",
                "LocationCity":"Barcelona",
                "LocationZip":"08036",
                "LocationCountry":"Spain"
              },{
                "LocationFacility":"Novo Nordisk Investigational Site",
                "LocationCity":"Bilbao",
                "LocationZip":"48013",
                "LocationCountry":"Spain"
              },{
                "LocationFacility":"Novo Nordisk Investigational Site",
                "LocationCity":"Ferrol",
                "LocationZip":"15401",
                "LocationCountry":"Spain"
              },{
                "LocationFacility":"Novo Nordisk Investigational Site",
                "LocationCity":"Galdakao",
                "LocationZip":"48960",
                "LocationCountry":"Spain"
              },{
                "LocationFacility":"Novo Nordisk Investigational Site",
                "LocationCity":"Las Palmas de Gran Canaria",
                "LocationZip":"35001",
                "LocationCountry":"Spain"
              },{
                "LocationFacility":"Novo Nordisk Investigational Site",
                "LocationCity":"Oviedo",
                "LocationZip":"33006",
                "LocationCountry":"Spain"
              },{
                "LocationFacility":"Novo Nordisk Investigational Site",
                "LocationCity":"Pamplona",
                "LocationZip":"31008",
                "LocationCountry":"Spain"
              },{
                "LocationFacility":"Novo Nordisk Investigational Site",
                "LocationCity":"Pontevedra",
                "LocationZip":"36071",
                "LocationCountry":"Spain"
              },{
                "LocationFacility":"Novo Nordisk Investigational Site",
                "LocationCity":"Ribadeo",
                "LocationZip":"27700",
                "LocationCountry":"Spain"
              },{
                "LocationFacility":"Novo Nordisk Investigational Site",
                "LocationCity":"Salamanca",
                "LocationZip":"37007",
                "LocationCountry":"Spain"
              },{
                "LocationFacility":"Novo Nordisk Investigational Site",
                "LocationCity":"Valladolid",
                "LocationZip":"47010",
                "LocationCountry":"Spain"
              },{
                "LocationFacility":"Novo Nordisk Investigational Site",
                "LocationCity":"Vigo",
                "LocationZip":"36200",
                "LocationCountry":"Spain"
              },{
                "LocationFacility":"Novo Nordisk Investigational Site",
                "LocationCity":"Álava",
                "LocationZip":"01001",
                "LocationCountry":"Spain"
              }
            ]
          }
        },
        "IPDSharingStatementModule":{
          "IPDSharing":"Yes",
          "IPDSharingDescription":"According to the Novo Nordisk disclosure commitment on novonordisk-trials.com",
          "IPDSharingURL":"http://novonordisk-trials.com"
        }
      },
      "DerivedSection":{
        "MiscInfoModule":{
          "VersionHolder":"April 19, 2021"
        },
        "ConditionBrowseModule":{
          "ConditionMeshList":{
            "ConditionMesh":[
              {
                "ConditionMeshId":"D000003920",
                "ConditionMeshTerm":"Diabetes Mellitus"
              },{
                "ConditionMeshId":"D000003924",
                "ConditionMeshTerm":"Diabetes Mellitus, Type 2"
              }
            ]
          },
          "ConditionAncestorList":{
            "ConditionAncestor":[
              {
                "ConditionAncestorId":"D000044882",
                "ConditionAncestorTerm":"Glucose Metabolism Disorders"
              },{
                "ConditionAncestorId":"D000008659",
                "ConditionAncestorTerm":"Metabolic Diseases"
              },{
                "ConditionAncestorId":"D000004700",
                "ConditionAncestorTerm":"Endocrine System Diseases"
              }
            ]
          },
          "ConditionBrowseLeafList":{
            "ConditionBrowseLeaf":[
              {
                "ConditionBrowseLeafId":"M5698",
                "ConditionBrowseLeafName":"Diabetes Mellitus",
                "ConditionBrowseLeafAsFound":"Diabetes",
                "ConditionBrowseLeafRelevance":"high"
              },{
                "ConditionBrowseLeafId":"M5702",
                "ConditionBrowseLeafName":"Diabetes Mellitus, Type 2",
                "ConditionBrowseLeafAsFound":"Diabetes Mellitus, Type 2",
                "ConditionBrowseLeafRelevance":"high"
              },{
                "ConditionBrowseLeafId":"M10222",
                "ConditionBrowseLeafName":"Metabolic Diseases",
                "ConditionBrowseLeafRelevance":"low"
              },{
                "ConditionBrowseLeafId":"M23990",
                "ConditionBrowseLeafName":"Glucose Metabolism Disorders",
                "ConditionBrowseLeafRelevance":"low"
              },{
                "ConditionBrowseLeafId":"M6445",
                "ConditionBrowseLeafName":"Endocrine System Diseases",
                "ConditionBrowseLeafRelevance":"low"
              }
            ]
          },
          "ConditionBrowseBranchList":{
            "ConditionBrowseBranch":[
              {
                "ConditionBrowseBranchAbbrev":"BC18",
                "ConditionBrowseBranchName":"Nutritional and Metabolic Diseases"
              },{
                "ConditionBrowseBranchAbbrev":"BC19",
                "ConditionBrowseBranchName":"Gland and Hormone Related Diseases"
              },{
                "ConditionBrowseBranchAbbrev":"All",
                "ConditionBrowseBranchName":"All Conditions"
              }
            ]
          }
        },
        "InterventionBrowseModule":{
          "InterventionBrowseLeafList":{
            "InterventionBrowseLeaf":[
              {
                "InterventionBrowseLeafId":"M8637",
                "InterventionBrowseLeafName":"Hypoglycemic Agents",
                "InterventionBrowseLeafRelevance":"low"
              }
            ]
          },
          "InterventionBrowseBranchList":{
            "InterventionBrowseBranch":[
              {
                "InterventionBrowseBranchAbbrev":"Hypo",
                "InterventionBrowseBranchName":"Hypoglycemic Agents"
              },{
                "InterventionBrowseBranchAbbrev":"All",
                "InterventionBrowseBranchName":"All Drugs and Chemicals"
              }
            ]
          }
        }
      }
    }
  }
}

