{
  "FullStudy":{
    "Rank":60322,
    "Study":{
      "ProtocolSection":{
        "IdentificationModule":{
          "NCTId":"NCT04064554",
          "OrgStudyIdInfo":{
            "OrgStudyId":"1-2017-0073"
          },
          "Organization":{
            "OrgFullName":"Yonsei University",
            "OrgClass":"OTHER"
          },
          "BriefTitle":"Clinical Study to Evaluate Safety and Immunogenicity of Bacillus Calmette-Guerin (BCG) Delivery Via Novel Micronjet600 Device Compared to Those Via Conventional Needle",
          "OfficialTitle":"A Prospective, Randomized, Open-label, Single-centered Clinical Study to Evaluate Safety and Immunogenicity of Bacillus Calmette-Guerin (BCG) Delivery Via Novel Micronjet600 Device Compared to Those Via Conventional Needle"
        },
        "StatusModule":{
          "StatusVerifiedDate":"December 2019",
          "OverallStatus":"Completed",
          "ExpandedAccessInfo":{
            "HasExpandedAccess":"No"
          },
          "StartDateStruct":{
            "StartDate":"December 1, 2017",
            "StartDateType":"Actual"
          },
          "PrimaryCompletionDateStruct":{
            "PrimaryCompletionDate":"September 11, 2019",
            "PrimaryCompletionDateType":"Actual"
          },
          "CompletionDateStruct":{
            "CompletionDate":"September 11, 2019",
            "CompletionDateType":"Actual"
          },
          "StudyFirstSubmitDate":"August 5, 2019",
          "StudyFirstSubmitQCDate":"August 19, 2019",
          "StudyFirstPostDateStruct":{
            "StudyFirstPostDate":"August 22, 2019",
            "StudyFirstPostDateType":"Actual"
          },
          "LastUpdateSubmitDate":"December 3, 2019",
          "LastUpdatePostDateStruct":{
            "LastUpdatePostDate":"December 5, 2019",
            "LastUpdatePostDateType":"Actual"
          }
        },
        "SponsorCollaboratorsModule":{
          "ResponsibleParty":{
            "ResponsiblePartyType":"Sponsor"
          },
          "LeadSponsor":{
            "LeadSponsorName":"Yonsei University",
            "LeadSponsorClass":"OTHER"
          }
        },
        "OversightModule":{
          "OversightHasDMC":"No",
          "IsFDARegulatedDrug":"No",
          "IsFDARegulatedDevice":"No"
        },
        "DescriptionModule":{
          "BriefSummary":"The purpose of this study is to evaluate safety and immunogenicity of Bacillus Calmette-Guerin (BCG) delivery via Novel Micronjet600 device compared to those via conventional needle.",
          "DetailedDescription":"This study is designed as prospective, randomized, open-label, single-centered. In this study, healthy adults who meet inclusion criteria will be randomized and receive a BCG vaccine either using a conventional needle or MicronJet600 device. After vaccination, adverse events and progress will be observed."
        },
        "ConditionsModule":{
          "ConditionList":{
            "Condition":[
              "Tuberculosis",
              "BCG Vaccination"
            ]
          },
          "KeywordList":{
            "Keyword":[
              "Tuberculosis",
              "BCG vaccination"
            ]
          }
        },
        "DesignModule":{
          "StudyType":"Interventional",
          "PhaseList":{
            "Phase":[
              "Not Applicable"
            ]
          },
          "DesignInfo":{
            "DesignAllocation":"Randomized",
            "DesignInterventionModel":"Parallel Assignment",
            "DesignInterventionModelDescription":"Experimental: BCG vaccination with MicronJet600\nComparator: BCG vaccination with conventional needle",
            "DesignPrimaryPurpose":"Prevention",
            "DesignMaskingInfo":{
              "DesignMasking":"None (Open Label)"
            }
          },
          "EnrollmentInfo":{
            "EnrollmentCount":"15",
            "EnrollmentType":"Actual"
          }
        },
        "ArmsInterventionsModule":{
          "ArmGroupList":{
            "ArmGroup":[
              {
                "ArmGroupLabel":"MicronJet600",
                "ArmGroupType":"Experimental",
                "ArmGroupDescription":"BCG vaccination with MicronJet600",
                "ArmGroupInterventionList":{
                  "ArmGroupInterventionName":[
                    "Device: BCG vaccination with MicronJet600"
                  ]
                }
              },{
                "ArmGroupLabel":"Conventional needle",
                "ArmGroupType":"Active Comparator",
                "ArmGroupDescription":"BCG vaccination with conventional needle",
                "ArmGroupInterventionList":{
                  "ArmGroupInterventionName":[
                    "Device: BCG vaccination with conventional needle"
                  ]
                }
              }
            ]
          },
          "InterventionList":{
            "Intervention":[
              {
                "InterventionType":"Device",
                "InterventionName":"BCG vaccination with MicronJet600",
                "InterventionDescription":"BCG vaccination with MicronJet600",
                "InterventionArmGroupLabelList":{
                  "InterventionArmGroupLabel":[
                    "MicronJet600"
                  ]
                }
              },{
                "InterventionType":"Device",
                "InterventionName":"BCG vaccination with conventional needle",
                "InterventionDescription":"BCG vaccination with conventional needle",
                "InterventionArmGroupLabelList":{
                  "InterventionArmGroupLabel":[
                    "Conventional needle"
                  ]
                }
              }
            ]
          }
        },
        "OutcomesModule":{
          "PrimaryOutcomeList":{
            "PrimaryOutcome":[
              {
                "PrimaryOutcomeMeasure":"Adverse Events",
                "PrimaryOutcomeDescription":"Frequency and characteristics of adverse events after applying medical devices for clinical trials (aspect, materiality, results, etc.)",
                "PrimaryOutcomeTimeFrame":"Visit 3(day 1, after vaccination) ~ Visit 6 (from 2 or 3 day of the Visit 5(day 85±7))"
              },{
                "PrimaryOutcomeMeasure":"Adverse Events",
                "PrimaryOutcomeDescription":"Frequency and characteristics of adverse events after applying medical devices for clinical trials (aspect, materiality, results, etc.)",
                "PrimaryOutcomeTimeFrame":"during study period (Visit 3~Visit 6, 96 days)"
              }
            ]
          },
          "SecondaryOutcomeList":{
            "SecondaryOutcome":[
              {
                "SecondaryOutcomeMeasure":"Average of usability VAS for medical device user",
                "SecondaryOutcomeDescription":"The descriptive statistics (number of subjects, mean, standard deviation, median, minimum and maximum values) for the VAS(Visual Analogue Scale) scores measured at the time of the clinical device\n\nVAS(visual analogue scale) :0(no paine)~10(wort possible, unbearable, excruciating pain).\n\nIf necessary, a significance assessment will be performed through an independent t-test or Wilcoxon rank-sum test, and generalized linear model.",
                "SecondaryOutcomeTimeFrame":"Visit 3 (day 1)"
              },{
                "SecondaryOutcomeMeasure":"Spot Forming Unit (SFU) per PBMC(Peripheral Blood Mononuclear Cells)",
                "SecondaryOutcomeDescription":"Ex vivo IFN(Interferon) γ ELISpot analysis to measure the number of T cells that secrete cytokines by mycobacterial antigen-specific immune response",
                "SecondaryOutcomeTimeFrame":"Visit 1(day -28~2)"
              },{
                "SecondaryOutcomeMeasure":"Spot Forming Unit (SFU) per PBMC",
                "SecondaryOutcomeDescription":"Ex vivo IFN γ ELISpot analysis to measure the number of T cells that secrete cytokines by mycobacterial antigen-specific immune response",
                "SecondaryOutcomeTimeFrame":"Visit 5(day 85±7)"
              },{
                "SecondaryOutcomeMeasure":"Delta log10 CFU",
                "SecondaryOutcomeDescription":"Delta log 10 CFU at each time point evaluated by Ex vivo Mycobacterial Growth Inhibition Assay (MGIA). Delta log10 CFU=log(CFU count of each sample tube/CFU count of the growth control tube/incubation indays)",
                "SecondaryOutcomeTimeFrame":"Visit 1(day -28~2)"
              },{
                "SecondaryOutcomeMeasure":"Delta log10 CFU",
                "SecondaryOutcomeDescription":"Delta log 10 CFU at each time point evaluated by Ex vivo Mycobacterial Growth Inhibition Assay (MGIA). Delta log10 CFU=log(CFU count of each sample tube/CFU count of the growth control tube/incubation indays)",
                "SecondaryOutcomeTimeFrame":"Visit 5(day 85±7)"
              },{
                "SecondaryOutcomeMeasure":"Mycobacterial antigen specific T-cell",
                "SecondaryOutcomeDescription":"For intracellular cytokine staining (ICS) assay testing, the investigators will evaluate IFN-γ and TNF(Tumor Necrosis Factor)-α as intracellular cytokines. To assess ICS, blood samples were drawn before PPD(Purified protein derivative) administration at Visit 1. ICS assay will be performed using FACS(fluorescence activated cell sorting)(Fluorescence Activated Cell Sorting). The fraction of cells that are positive for any of cytokines measured at each point will be evaluated by total T cells, T4 and T8 subtype cells.",
                "SecondaryOutcomeTimeFrame":"Visit 1(day -28~2)"
              },{
                "SecondaryOutcomeMeasure":"Mycobacterial antigen specific T-cell",
                "SecondaryOutcomeDescription":"For intracellular cytokine staining (ICS) assay testing, the investigators will evaluate IFN-γ and TNF-α as intracellular cytokines. To assess ICS, blood samples were drawn before PPD administration at Visit 5. ICS assay will be performed using FACS(Fluorescence Activated Cell Sorting). The fraction of cells that are positive for any of cytokines measured at each point will be evaluated by total T cells, T4 and T8 subtype cells.",
                "SecondaryOutcomeTimeFrame":"Visit 5(day 85±7)"
              },{
                "SecondaryOutcomeMeasure":"PPD test result (positive or negative) after application of medical device for clinical trial",
                "SecondaryOutcomeDescription":"The number of test subjects who showed positive reactions at the time of evaluation (V6) will be presented for each group.",
                "SecondaryOutcomeTimeFrame":"Visit 6 (from 2 or 3 day of the Visit 5(day 85±7))"
              },{
                "SecondaryOutcomeMeasure":"Diameter of induration (mm) or presence or absence of blister",
                "SecondaryOutcomeDescription":"Descriptive statistics (number of subjects, mean, standard deviation, median, minimum, and maximum values) for the diameter of the mandible measured at the time of administration of the medical device for clinical use are presented for each application group.",
                "SecondaryOutcomeTimeFrame":"Visit 6 (from 2 or 3 day of the Visit 5(day 85±7))"
              },{
                "SecondaryOutcomeMeasure":"The diameter of the wheal",
                "SecondaryOutcomeDescription":"The diameter of the wheal at the injection site immediately after BCG vaccination If necessary, a significance assessment will be performed through an independent t-test or Wilcoxon rank-sum test, and generalized linear model.",
                "SecondaryOutcomeTimeFrame":"Visit 3 (day 1, after vaccination)"
              },{
                "SecondaryOutcomeMeasure":"Fraction of subjects eligible for each grade in the injection fluid leakage assessment at the injection site",
                "SecondaryOutcomeDescription":"The number of test subjects to the degree of leakage assessment observed following the application of the clinical trial medical device will be presented for each application group. If necessary, a significance assessment will be performed through a chi-square test or Fisher's exact test.",
                "SecondaryOutcomeTimeFrame":"Visit 3 (day 1, immediately after vaccination)"
              },{
                "SecondaryOutcomeMeasure":"Progress of normal reaction after BCG injection",
                "SecondaryOutcomeDescription":"The normal reaction of the injected site observed after application of the medical device for clinical use will be indicated for each application group.",
                "SecondaryOutcomeTimeFrame":"Visit 3(day 1, after vaccination) ~ Visit 6 (from 2 or 3 day of the Visit 5(day 85±7))"
              },{
                "SecondaryOutcomeMeasure":"Diameter of the scar after BCG injection",
                "SecondaryOutcomeTimeFrame":"Visit 3(day 1, after vaccination) ~ Visit 6 (from 2 or 3 day of the Visit 5(day 85±7))"
              }
            ]
          }
        },
        "EligibilityModule":{
          "EligibilityCriteria":"Inclusion Criteria:\n\n1) Subjects who voluntarily consented, after listening enough explanation for this study and the characteristics of medical devices and BCG vaccines.\n2) Adults from 19 to 35 years\n3) Tuberculin Skin Test negative\n4) QFT-GIT(QuantiFERON-TB Gold In-Tube) Test negative\n5) BMI from 19 to 35\n6) A person who is determined to be suitable for the clinical trial as a result of the screening test.\n\n(Even if the physical, laboratory, imaging, or electrocardiogram results are out of the normal range, the subject may participate if he or she has provided a clear basis for participation at the discretion of the investigator.)\n\nExclusion Criteria:\n\n1) A person with a history of tuberculosis based on the medical history and chest radiograph, or who is suspected or confirmed to have a tuberculosis infection.\n2) A person who has active fever except for mild acute upper respiratory infection or localized skin infection other than the site to be treated, or who has a fever of 38 °C or more within 1 week before application of the medical devices for the clinical trial.\n3) A person who has not passed more than four weeks after the cure of virus infection (measles, mumps, chickenpox, and influenza).\n4) A case that the subject has skin abrasions, open wounds, wounds, or scars on the site where the medical devices for the clinical trial.\n5) A person who is unable to evaluate the local adverse effect because of tattoo, etc. on the site where the medical device for clinical trial is to be applied.\n6) Patients with clinically significant arrhythmia difficult to participate in the clinical trial.\n7) Patients with severe cardiac insufficiency (NYHA III and IV), a history of CABG(Coronary Artery Bypass Graft), and patients with cardiovascular diseases who are considered to be difficult to participate in the clinical trial.\n8) A person with a known history of diabetes or a person whose diabetes was confirmed by a test.\n9) Patients with hepatitis C or hepatitis B (in the case of hepatitis virus, healthy carriers may be participated at the discretion of the investigator) or positive for the serum test for human immunodeficiency virus (HIV).\n10) Patients with severe immunosuppressive disease: congenital immunodeficiency such as severe combined immunodeficiency (SCID); leukemia; lymphoma, etc.\n11) Patients with chronic renal insufficiency\n12) A history of malignant tumors within 3 years excluding thyroid cancer (papillary, follicular, medullary types corresponding to Stage I or II), basal cell or squamous cell carcinoma on the skin, CIN(cervical intraepithelial neoplasia) and CIS(Carcinoma in situ) of the cervix, and intraepithelial carcinoma in other sites.\n13) A case that a person has hypersensitivity or anamnesis for constitutivity constituting BCG.\n14) Subjects who have not passed the predetermined period after receiving medication or treatment before the subjects participate in the clinical trial. (Refer to section 5.2.3.2)\n15) Patients receiving concomitant medications (Refer to section 5.2.3.3)\n16) A person who is unable to participate in the clinical trial period (about 6 months).\n17) Patients scheduled for major surgery during the clinical trial.\n18) A person who has a history of alcohol and other substance abuse for 6 months before screening.\n19) Pregnant women or lactating women who are not willing to stop breastfeeding.\n\n20) If the following are not applicable, (That is, you can only participate if):\n\nWomen(female?) in the menopause (non-therapy-induced amenorrhea for more than 12 months)\nInfertility due to surgery (without ovaries and/or uterus)\nIf the female subject have sexual intercourse with only one male partner who has been confirmed to have no semen after fertilization\n\nFemale subjects who have agreed to abstinence during the clinical trial period\n\nIf the subject is assured of abstinence throughout the clinical trial period (only if abstinence is voluntarily selected by the subject and abstinence is consistent with the general lifestyle of the subject: e.g., Priest)\n\nHowever, intermittent abstinence (e.g., ovulation, symptothermal method, or late ovulation) or external ejaculation is not a case of consent for abstinence.\n\nIn the case of a woman who is in childbearing years, a woman who decides to use an effective method of contraception during the clinical trial period:\n\nOral contraception\n\nPatch for contraception\n\nIntrauterine Contraceptive Device (IUD)\n\nImplant for contraception\n\nInjection for contraception (Time-released type)\n\nHormone device in the uterus\n\nTubal ligation and infertility surgery\n21) Patient who has not passed 30 days since the date of signing the agreement of the previous clinical trial or who is currently participating in other clinical trial\n22) Other diseases other than those listed above that the investigator deems inappropriate",
          "HealthyVolunteers":"Accepts Healthy Volunteers",
          "Gender":"All",
          "MinimumAge":"19 Years",
          "MaximumAge":"35 Years",
          "StdAgeList":{
            "StdAge":[
              "Adult"
            ]
          }
        },
        "ContactsLocationsModule":{
          "LocationList":{
            "Location":[
              {
                "LocationFacility":"Department of Internal Medicine, Yonsei University College of Medicine Division of Pulmonology, Severance Hospital, Yonsei University Health System",
                "LocationCity":"Seoul",
                "LocationCountry":"Korea, Republic of"
              }
            ]
          }
        },
        "IPDSharingStatementModule":{
          "IPDSharing":"No"
        }
      },
      "DerivedSection":{
        "MiscInfoModule":{
          "VersionHolder":"April 19, 2021"
        },
        "ConditionBrowseModule":{
          "ConditionMeshList":{
            "ConditionMesh":[
              {
                "ConditionMeshId":"D000014376",
                "ConditionMeshTerm":"Tuberculosis"
              }
            ]
          },
          "ConditionAncestorList":{
            "ConditionAncestor":[
              {
                "ConditionAncestorId":"D000009164",
                "ConditionAncestorTerm":"Mycobacterium Infections"
              },{
                "ConditionAncestorId":"D000000193",
                "ConditionAncestorTerm":"Actinomycetales Infections"
              },{
                "ConditionAncestorId":"D000016908",
                "ConditionAncestorTerm":"Gram-Positive Bacterial Infections"
              },{
                "ConditionAncestorId":"D000001424",
                "ConditionAncestorTerm":"Bacterial Infections"
              }
            ]
          },
          "ConditionBrowseLeafList":{
            "ConditionBrowseLeaf":[
              {
                "ConditionBrowseLeafId":"M15710",
                "ConditionBrowseLeafName":"Tuberculosis",
                "ConditionBrowseLeafAsFound":"Tuberculosis",
                "ConditionBrowseLeafRelevance":"high"
              },{
                "ConditionBrowseLeafId":"M8866",
                "ConditionBrowseLeafName":"Infection",
                "ConditionBrowseLeafRelevance":"low"
              },{
                "ConditionBrowseLeafId":"M4951",
                "ConditionBrowseLeafName":"Communicable Diseases",
                "ConditionBrowseLeafRelevance":"low"
              },{
                "ConditionBrowseLeafId":"M10702",
                "ConditionBrowseLeafName":"Mycobacterium Infections",
                "ConditionBrowseLeafRelevance":"low"
              },{
                "ConditionBrowseLeafId":"M3303",
                "ConditionBrowseLeafName":"Bacterial Infections",
                "ConditionBrowseLeafRelevance":"low"
              },{
                "ConditionBrowseLeafId":"M17835",
                "ConditionBrowseLeafName":"Gram-Positive Bacterial Infections",
                "ConditionBrowseLeafRelevance":"low"
              }
            ]
          },
          "ConditionBrowseBranchList":{
            "ConditionBrowseBranch":[
              {
                "ConditionBrowseBranchAbbrev":"BC01",
                "ConditionBrowseBranchName":"Bacterial and Fungal Diseases"
              },{
                "ConditionBrowseBranchAbbrev":"All",
                "ConditionBrowseBranchName":"All Conditions"
              }
            ]
          }
        },
        "InterventionBrowseModule":{
          "InterventionMeshList":{
            "InterventionMesh":[
              {
                "InterventionMeshId":"D000014612",
                "InterventionMeshTerm":"Vaccines"
              }
            ]
          },
          "InterventionAncestorList":{
            "InterventionAncestor":[
              {
                "InterventionAncestorId":"D000007155",
                "InterventionAncestorTerm":"Immunologic Factors"
              },{
                "InterventionAncestorId":"D000045505",
                "InterventionAncestorTerm":"Physiological Effects of Drugs"
              }
            ]
          },
          "InterventionBrowseLeafList":{
            "InterventionBrowseLeaf":[
              {
                "InterventionBrowseLeafId":"M15943",
                "InterventionBrowseLeafName":"Vaccines",
                "InterventionBrowseLeafAsFound":"Withdrawal",
                "InterventionBrowseLeafRelevance":"high"
              },{
                "InterventionBrowseLeafId":"M3374",
                "InterventionBrowseLeafName":"BCG Vaccine",
                "InterventionBrowseLeafRelevance":"low"
              },{
                "InterventionBrowseLeafId":"M8784",
                "InterventionBrowseLeafName":"Immunologic Factors",
                "InterventionBrowseLeafRelevance":"low"
              }
            ]
          },
          "InterventionBrowseBranchList":{
            "InterventionBrowseBranch":[
              {
                "InterventionBrowseBranchAbbrev":"All",
                "InterventionBrowseBranchName":"All Drugs and Chemicals"
              }
            ]
          }
        }
      }
    }
  }
}

