{
  "FullStudy":{
    "Rank":60008,
    "Study":{
      "ProtocolSection":{
        "IdentificationModule":{
          "NCTId":"NCT04068649",
          "OrgStudyIdInfo":{
            "OrgStudyId":"I 81318"
          },
          "SecondaryIdInfoList":{
            "SecondaryIdInfo":[
              {
                "SecondaryId":"NCI-2019-04859",
                "SecondaryIdType":"Registry Identifier",
                "SecondaryIdDomain":"CTRP (Clinical Trial Reporting Program)"
              },{
                "SecondaryId":"I 81318",
                "SecondaryIdType":"Other Identifier",
                "SecondaryIdDomain":"Roswell Park Cancer Institute"
              }
            ]
          },
          "Organization":{
            "OrgFullName":"Roswell Park Cancer Institute",
            "OrgClass":"OTHER"
          },
          "BriefTitle":"Single-Fraction SBRT Versus Standard Palliative Radiation Therapy in Treating Patients With Metastatic Cancer",
          "OfficialTitle":"A Phase 2 Randomized Study With a Non-randomized Cohort : Assessing Single-Fraction SBRT Versus Standard Palliative Radiation in Patients With Metastatic Disease (ASTEROID)"
        },
        "StatusModule":{
          "StatusVerifiedDate":"July 2020",
          "OverallStatus":"Recruiting",
          "ExpandedAccessInfo":{
            "HasExpandedAccess":"No"
          },
          "StartDateStruct":{
            "StartDate":"November 18, 2019",
            "StartDateType":"Actual"
          },
          "PrimaryCompletionDateStruct":{
            "PrimaryCompletionDate":"September 9, 2024",
            "PrimaryCompletionDateType":"Anticipated"
          },
          "CompletionDateStruct":{
            "CompletionDate":"September 9, 2025",
            "CompletionDateType":"Anticipated"
          },
          "StudyFirstSubmitDate":"August 21, 2019",
          "StudyFirstSubmitQCDate":"August 22, 2019",
          "StudyFirstPostDateStruct":{
            "StudyFirstPostDate":"August 28, 2019",
            "StudyFirstPostDateType":"Actual"
          },
          "LastUpdateSubmitDate":"July 23, 2020",
          "LastUpdatePostDateStruct":{
            "LastUpdatePostDate":"July 27, 2020",
            "LastUpdatePostDateType":"Actual"
          }
        },
        "SponsorCollaboratorsModule":{
          "ResponsibleParty":{
            "ResponsiblePartyType":"Sponsor"
          },
          "LeadSponsor":{
            "LeadSponsorName":"Roswell Park Cancer Institute",
            "LeadSponsorClass":"OTHER"
          }
        },
        "OversightModule":{
          "OversightHasDMC":"Yes",
          "IsFDARegulatedDrug":"Yes",
          "IsFDARegulatedDevice":"No",
          "IsUSExport":"Yes"
        },
        "DescriptionModule":{
          "BriefSummary":"This phase II trial studies how well single-fraction stereotactic body radiation therapy (SBRT) works when compared to standard radiation therapy in treating patients with cancer that has spread to other places in the body (metastatic). Stereotactic body radiation therapy uses special equipment to position a patient and deliver radiation to tumors with high precision. This method can kill tumor cells with fewer doses over a shorter period and cause less damage to normal tissue.",
          "DetailedDescription":"PRIMARY OBJECTIVES:\n\nI. To assess patient-reported pain response and quality of life (QoL) in patients randomized to either single-fraction stereotactic body radiation therapy (SBRT) or non-SBRT palliative radiation therapy for metastatic disease.\n\nSECONDARY OBJECTIVES:\n\nI. Compare overall survival for patients undergoing single fraction SBRT versus non-SBRT palliative radiation therapy.\n\nEXPLORATORY OBJECTIVES:\n\nI. Assess for changes in immune markers. II. Assess toxicity related to radiation treatment. III. Assess change in frailty index and cognitive function over time in patients undergoing treatment for metastatic cancer.\n\nIV. Evaluate the effect of circadian rhythm and radiation treatment time on outcomes.\n\nV. Assess the utility of the Pain Catastrophizing Index in patients undergoing radiation treatment for metastatic cancer.\n\nOUTLINE: Patients are randomized to 1 of 2 arms.\n\nARM I: Patients undergo 1, 3-5, 5-6, or 10 fractions of palliative radiation therapy (RT) deemed appropriate by the treating physician.\n\nARM II: Patients undergo single fraction SBRT.\n\nAfter completion of study treatment, patients may be followed up at 5 and 12 weeks."
        },
        "ConditionsModule":{
          "ConditionList":{
            "Condition":[
              "Metastatic Malignant Neoplasm"
            ]
          }
        },
        "DesignModule":{
          "StudyType":"Interventional",
          "PhaseList":{
            "Phase":[
              "Phase 2"
            ]
          },
          "DesignInfo":{
            "DesignAllocation":"Non-Randomized",
            "DesignInterventionModel":"Parallel Assignment",
            "DesignPrimaryPurpose":"Treatment",
            "DesignMaskingInfo":{
              "DesignMasking":"None (Open Label)"
            }
          },
          "EnrollmentInfo":{
            "EnrollmentCount":"1500",
            "EnrollmentType":"Anticipated"
          }
        },
        "ArmsInterventionsModule":{
          "ArmGroupList":{
            "ArmGroup":[
              {
                "ArmGroupLabel":"Arm I (palliative RT)",
                "ArmGroupType":"Experimental",
                "ArmGroupDescription":"Patients undergo 1, 3-5, 5-6, or 10 fractions of palliative RT deemed appropriate by the treating physician.",
                "ArmGroupInterventionList":{
                  "ArmGroupInterventionName":[
                    "Radiation: Palliative Radiation Therapy",
                    "Other: Quality-of-Life Assessment",
                    "Other: Questionnaire Administration"
                  ]
                }
              },{
                "ArmGroupLabel":"Arm II (SBRT)",
                "ArmGroupType":"Experimental",
                "ArmGroupDescription":"Patients undergo single fraction SBRT.",
                "ArmGroupInterventionList":{
                  "ArmGroupInterventionName":[
                    "Other: Quality-of-Life Assessment",
                    "Other: Questionnaire Administration",
                    "Radiation: Stereotactic Body Radiation Therapy"
                  ]
                }
              }
            ]
          },
          "InterventionList":{
            "Intervention":[
              {
                "InterventionType":"Radiation",
                "InterventionName":"Palliative Radiation Therapy",
                "InterventionDescription":"Undergo palliative RT",
                "InterventionArmGroupLabelList":{
                  "InterventionArmGroupLabel":[
                    "Arm I (palliative RT)"
                  ]
                }
              },{
                "InterventionType":"Other",
                "InterventionName":"Quality-of-Life Assessment",
                "InterventionDescription":"Ancillary studies",
                "InterventionArmGroupLabelList":{
                  "InterventionArmGroupLabel":[
                    "Arm I (palliative RT)",
                    "Arm II (SBRT)"
                  ]
                },
                "InterventionOtherNameList":{
                  "InterventionOtherName":[
                    "Quality of Life Assessment"
                  ]
                }
              },{
                "InterventionType":"Other",
                "InterventionName":"Questionnaire Administration",
                "InterventionDescription":"Ancillary studies",
                "InterventionArmGroupLabelList":{
                  "InterventionArmGroupLabel":[
                    "Arm I (palliative RT)",
                    "Arm II (SBRT)"
                  ]
                }
              },{
                "InterventionType":"Radiation",
                "InterventionName":"Stereotactic Body Radiation Therapy",
                "InterventionDescription":"Undergo SBRT",
                "InterventionArmGroupLabelList":{
                  "InterventionArmGroupLabel":[
                    "Arm II (SBRT)"
                  ]
                },
                "InterventionOtherNameList":{
                  "InterventionOtherName":[
                    "SABR",
                    "SBRT",
                    "Stereotactic Ablative Body Radiation Therapy"
                  ]
                }
              }
            ]
          }
        },
        "OutcomesModule":{
          "PrimaryOutcomeList":{
            "PrimaryOutcome":[
              {
                "PrimaryOutcomeMeasure":"Pain responses",
                "PrimaryOutcomeDescription":"Will be quantified using the pain scales from the Brief Pain Inventory (BPI). Will be an analysis-of-covariance.",
                "PrimaryOutcomeTimeFrame":"Baseline up to 12 weeks"
              },{
                "PrimaryOutcomeMeasure":"Change in Quality of life",
                "PrimaryOutcomeDescription":"Will be measured with European Organization for Research and Treatment of Cancer Quality of Life Questionnaire Core 30. Will be an analysis-of-covariance.",
                "PrimaryOutcomeTimeFrame":"Baseline up to 12 weeks"
              }
            ]
          },
          "SecondaryOutcomeList":{
            "SecondaryOutcome":[
              {
                "SecondaryOutcomeMeasure":"Overall survival",
                "SecondaryOutcomeDescription":"Will be assessed by chart review. Will be carried out using a Cox proportional hazards regression model.",
                "SecondaryOutcomeTimeFrame":"Up to date of last follow-up or date of death, at the time of study analysis, assessed up to 12 weeks"
              }
            ]
          },
          "OtherOutcomeList":{
            "OtherOutcome":[
              {
                "OtherOutcomeMeasure":"Changes in immune markers",
                "OtherOutcomeDescription":"Changes in the mediators of tumor antigen presentation, costimulatory molecules, immune effector cell populations, such as CD4+ and CD8+ T-cells, T regulatory cells (CD4+CD25+FoxP3+), natural killer cells, monocytes, macrophages, dendritic cells and myeloid derived suppressor cells will be assessed.",
                "OtherOutcomeTimeFrame":"Up to 12 weeks"
              },{
                "OtherOutcomeMeasure":"Hospitalization resulting from radiation treatment",
                "OtherOutcomeDescription":"Will be recorded. Any acute (=< 180 days after the end of radiation therapy [RT]) and late (> 180 days after the end of RT) toxicities will be documented using the Cancer Therapy Evaluation Program National Cancer Institute Common Terminology Criteria for Adverse Events version 5.0.",
                "OtherOutcomeTimeFrame":"Up to 12 weeks"
              },{
                "OtherOutcomeMeasure":"Cognitive function",
                "OtherOutcomeDescription":"Will be measured using combined G8 questionnaire and Montreal Cognitive Assessment assessments.",
                "OtherOutcomeTimeFrame":"Up to 12 weeks"
              },{
                "OtherOutcomeMeasure":"Pain catastrophizing scale",
                "OtherOutcomeDescription":"Will be measured in conjunction with pain endpoints.",
                "OtherOutcomeTimeFrame":"Up to 12 weeks"
              },{
                "OtherOutcomeMeasure":"Impact of the time of day of treatment on patient outcomes",
                "OtherOutcomeDescription":"A retrospective analysis will be used.",
                "OtherOutcomeTimeFrame":"Up to 12 weeks"
              },{
                "OtherOutcomeMeasure":"Frailty Assessment",
                "OtherOutcomeDescription":"Frailty will be determined using the Fried Frailty Index",
                "OtherOutcomeTimeFrame":"Up to 12 weeks"
              }
            ]
          }
        },
        "EligibilityModule":{
          "EligibilityCriteria":"Inclusion Criteria:\n\nPathologically confirmed malignancy\nClinical or pathologic evidence of metastatic disease\nA site of malignant disease causing symptoms, or for which symptoms are imminent, in which radiation may be used for relief or prophylaxis\nParticipants of child-bearing potential must agree to use adequate contraceptive methods (e.g., hormonal or barrier method of birth control; abstinence) prior to study entry. Should a woman become pregnant or suspect she is pregnant while she or her partner is participating in this study, she should inform her treating physician immediately\nPatients with synchronous primary malignancies must have either: 1) documented control of their second malignancy or 2) have pathological confirmation of the metastatic lesion/disease site being targeted\nPatient or legal representative must be willing and able to participate in protocol requirements, including pre- and post-treatment survey evaluations and clinical assessments\nPatient or legal representative must understand the investigational nature of this study and sign an Independent Ethics Committee/Institutional Review Board approved written informed consent form prior to receiving any study related procedure\n\nExclusion Criteria:\n\nPrior radiation therapy targeting the same area for which radiation treatment is being planned (i.e., re-irradiation to a specific site of metastatic disease)\nParticipants with known brain metastases\nPregnant or nursing female participants\nPatients who are unable to accurately or reliably recount their pain medication regimens, including type, amount, or frequency of pain medication usage\nPatients who require or are being planned for surgical stabilization or metastasectomy of the planned radiation site\n\nSevere, active co-morbidity defined as follows:\n\nUnstable angina and/or congestive heart failure requiring hospitalization within the last 3 months;\nTransmural myocardial infarction within the last 3 months;\nAcute bacterial or fungal infection requiring intravenous antibiotics at the time of registration;\nChronic obstructive pulmonary disease exacerbation or other respiratory illness requiring hospitalization or precluding study therapy at the time of registration\nUnwilling or unable to follow protocol requirements\nAny condition which, in the investigator?s opinion, deems the patient unable to participate in enrollment\nAdults unable to consent\nIndividuals who are not yet adults (infants, children, teenagers)\nPregnant women\nPrisoners",
          "HealthyVolunteers":"No",
          "Gender":"All",
          "MinimumAge":"18 Years",
          "StdAgeList":{
            "StdAge":[
              "Adult",
              "Older Adult"
            ]
          }
        },
        "ContactsLocationsModule":{
          "OverallOfficialList":{
            "OverallOfficial":[
              {
                "OverallOfficialName":"Anurag K Singh",
                "OverallOfficialAffiliation":"Roswell Park Cancer Institute",
                "OverallOfficialRole":"Principal Investigator"
              }
            ]
          },
          "LocationList":{
            "Location":[
              {
                "LocationFacility":"Roswell Park Cancer Institute",
                "LocationStatus":"Recruiting",
                "LocationCity":"Buffalo",
                "LocationState":"New York",
                "LocationZip":"14263",
                "LocationCountry":"United States",
                "LocationContactList":{
                  "LocationContact":[
                    {
                      "LocationContactName":"Anurag K. Singh",
                      "LocationContactRole":"Contact",
                      "LocationContactPhone":"716-845-3218",
                      "LocationContactEMail":"Anurag.Singh@roswellpark.org"
                    },{
                      "LocationContactName":"Anurag K. Singh",
                      "LocationContactRole":"Principal Investigator"
                    }
                  ]
                }
              },{
                "LocationFacility":"The Cancer Institute at St. Francis Hospital",
                "LocationStatus":"Recruiting",
                "LocationCity":"East Hills",
                "LocationState":"New York",
                "LocationZip":"11548",
                "LocationCountry":"United States",
                "LocationContactList":{
                  "LocationContact":[
                    {
                      "LocationContactName":"Anne Vinokur, MD",
                      "LocationContactRole":"Contact",
                      "LocationContactPhone":"516-222-2020",
                      "LocationContactEMail":"anne.vinokur@chsli.org"
                    }
                  ]
                }
              }
            ]
          }
        }
      },
      "DerivedSection":{
        "MiscInfoModule":{
          "VersionHolder":"April 19, 2021"
        },
        "ConditionBrowseModule":{
          "ConditionMeshList":{
            "ConditionMesh":[
              {
                "ConditionMeshId":"D000009369",
                "ConditionMeshTerm":"Neoplasms"
              }
            ]
          },
          "ConditionBrowseLeafList":{
            "ConditionBrowseLeaf":[
              {
                "ConditionBrowseLeafId":"M10890",
                "ConditionBrowseLeafName":"Neoplasm Metastasis",
                "ConditionBrowseLeafRelevance":"low"
              }
            ]
          },
          "ConditionBrowseBranchList":{
            "ConditionBrowseBranch":[
              {
                "ConditionBrowseBranchAbbrev":"BC04",
                "ConditionBrowseBranchName":"Cancers and Other Neoplasms"
              },{
                "ConditionBrowseBranchAbbrev":"BC23",
                "ConditionBrowseBranchName":"Symptoms and General Pathology"
              },{
                "ConditionBrowseBranchAbbrev":"All",
                "ConditionBrowseBranchName":"All Conditions"
              }
            ]
          }
        }
      }
    }
  }
}

