{
  "FullStudy":{
    "Rank":60181,
    "Study":{
      "ProtocolSection":{
        "IdentificationModule":{
          "NCTId":"NCT04066400",
          "OrgStudyIdInfo":{
            "OrgStudyId":"2018-13078"
          },
          "Organization":{
            "OrgFullName":"Johannes Gutenberg University Mainz",
            "OrgClass":"OTHER"
          },
          "BriefTitle":"Role of a Wheat Containing Diet on Non-alcoholic Steatohepatitis",
          "OfficialTitle":"Role of a Wheat-based Diet in NASH (NASH-ATI)",
          "Acronym":"NASH-ATI"
        },
        "StatusModule":{
          "StatusVerifiedDate":"August 2019",
          "OverallStatus":"Recruiting",
          "ExpandedAccessInfo":{
            "HasExpandedAccess":"No"
          },
          "StartDateStruct":{
            "StartDate":"October 1, 2018",
            "StartDateType":"Actual"
          },
          "PrimaryCompletionDateStruct":{
            "PrimaryCompletionDate":"September 1, 2020",
            "PrimaryCompletionDateType":"Anticipated"
          },
          "CompletionDateStruct":{
            "CompletionDate":"December 30, 2020",
            "CompletionDateType":"Anticipated"
          },
          "StudyFirstSubmitDate":"August 17, 2019",
          "StudyFirstSubmitQCDate":"August 22, 2019",
          "StudyFirstPostDateStruct":{
            "StudyFirstPostDate":"August 26, 2019",
            "StudyFirstPostDateType":"Actual"
          },
          "LastUpdateSubmitDate":"August 22, 2019",
          "LastUpdatePostDateStruct":{
            "LastUpdatePostDate":"August 26, 2019",
            "LastUpdatePostDateType":"Actual"
          }
        },
        "SponsorCollaboratorsModule":{
          "ResponsibleParty":{
            "ResponsiblePartyType":"Principal Investigator",
            "ResponsiblePartyInvestigatorFullName":"Priv.-Doz. Dr. J. Schattenberg",
            "ResponsiblePartyInvestigatorTitle":"Director Metabolic Liver Disease Program",
            "ResponsiblePartyInvestigatorAffiliation":"Johannes Gutenberg University Mainz"
          },
          "LeadSponsor":{
            "LeadSponsorName":"Johannes Gutenberg University Mainz",
            "LeadSponsorClass":"OTHER"
          },
          "CollaboratorList":{
            "Collaborator":[
              {
                "CollaboratorName":"University Hospital, Frankfurt",
                "CollaboratorClass":"OTHER"
              }
            ]
          }
        },
        "OversightModule":{
          "OversightHasDMC":"No",
          "IsFDARegulatedDrug":"No",
          "IsFDARegulatedDevice":"No"
        },
        "DescriptionModule":{
          "BriefSummary":"Effects of Wheat-based diet vs. ATI-free diet on NASH",
          "DetailedDescription":"40 patients with the diagnosis of a non-alcoholic- steatohepatitis (NASH) will be recruited at the University Hospitals of Mainz and Frankfurt. Patients are assessed with regards to their diet using standardized questionnaire and nutritionists.\n\nPatients will be randomized into two parallel groups. The first group will continue a wheat-based Nutrition, while the second Group will receive dietary counselling to achieve an ATI-free nutrition, trying to reduce the daily ATI consumption.\n\nThe clinical trial will run over 16 weeks including 4 visits at the study center. Study visits include physical examinations, blood-based parameters, cytokines and urine samples, as well for the analysis of the intestinal microbiome by using stool samples. In addition the patients have to complete dietary and health-related quality of life (HRQL) questionnaires. Visits are planned at baseline, W4, W8 and W16."
        },
        "ConditionsModule":{
          "ConditionList":{
            "Condition":[
              "NASH - Nonalcoholic Steatohepatitis",
              "Diabetes Mellitus, Type 2",
              "Hyperlipidemias"
            ]
          },
          "KeywordList":{
            "Keyword":[
              "hepatic inflammation"
            ]
          }
        },
        "DesignModule":{
          "StudyType":"Interventional",
          "PhaseList":{
            "Phase":[
              "Phase 2"
            ]
          },
          "DesignInfo":{
            "DesignAllocation":"Randomized",
            "DesignInterventionModel":"Parallel Assignment",
            "DesignInterventionModelDescription":"prospective, randomized, controlled, bicentric pilot study",
            "DesignPrimaryPurpose":"Treatment",
            "DesignMaskingInfo":{
              "DesignMasking":"Single",
              "DesignMaskingDescription":"randomization",
              "DesignWhoMaskedList":{
                "DesignWhoMasked":[
                  "Outcomes Assessor"
                ]
              }
            }
          },
          "EnrollmentInfo":{
            "EnrollmentCount":"45",
            "EnrollmentType":"Anticipated"
          }
        },
        "ArmsInterventionsModule":{
          "ArmGroupList":{
            "ArmGroup":[
              {
                "ArmGroupLabel":"wheat-based diet",
                "ArmGroupType":"Placebo Comparator",
                "ArmGroupDescription":"The patients continue a wheat-based diet aiming at a reduction in bodyweight.",
                "ArmGroupInterventionList":{
                  "ArmGroupInterventionName":[
                    "Other: Nutritional Intervention"
                  ]
                }
              },{
                "ArmGroupLabel":"ATI reduced diet",
                "ArmGroupType":"Experimental",
                "ArmGroupDescription":"Patients are counselled to reduce dietary gluten uptake.",
                "ArmGroupInterventionList":{
                  "ArmGroupInterventionName":[
                    "Other: Nutritional Intervention"
                  ]
                }
              }
            ]
          },
          "InterventionList":{
            "Intervention":[
              {
                "InterventionType":"Other",
                "InterventionName":"Nutritional Intervention",
                "InterventionDescription":"Dietary Counselling",
                "InterventionArmGroupLabelList":{
                  "InterventionArmGroupLabel":[
                    "ATI reduced diet",
                    "wheat-based diet"
                  ]
                }
              }
            ]
          }
        },
        "OutcomesModule":{
          "PrimaryOutcomeList":{
            "PrimaryOutcome":[
              {
                "PrimaryOutcomeMeasure":"Effect of ATI-free Nutrition on hepatic inflammation",
                "PrimaryOutcomeDescription":"Reduction of Alanine-Aminotransferase (ALT; U/ml) compared to baseline",
                "PrimaryOutcomeTimeFrame":"16 weeks"
              }
            ]
          },
          "SecondaryOutcomeList":{
            "SecondaryOutcome":[
              {
                "SecondaryOutcomeMeasure":"Quality of Life using the chronic liver disease questionnaire (CLDQ)",
                "SecondaryOutcomeDescription":"The CLDQ is a validated patient-reported outcome measure",
                "SecondaryOutcomeTimeFrame":"16 weeks"
              }
            ]
          }
        },
        "EligibilityModule":{
          "EligibilityCriteria":"Inclusion Criteria:\n\nhistologically proven NASH in the past 36 months with increased ALT: males: >60, females: >42 U/ml\nno body weight modification about >10% in the past 24 weeks\nno new drugs treating parts of the metabolic syndrome in the past 12 weeks\nfor patients with Diabetes: HbA1c value <8,6%\nthe ability to understand the aim and the possible individual consequences of this Trial\nsigned and dated consent before the Trial starts\n\nExclusion Criteria:\n\nunstable coronary heart disease, stroke in the past 6 months\ndifferent liver diseases\nproceeded fibrosis (Fibroscan >9,6 kPA) or histological cirrhosis\nhepatocellular carcinoma or not curative treated carcinomas\nalcohol consumption >10g/day (females), >20g/day (males)\ngravidity\ndrugs causing secondary NASH (e.g. Tamoxifen, corticosteroids)\nimmunological or inflammatory diseases (e.g. systemic Lupus erythematodes)\nwarfarin therapy\nimplementation of another Special diet",
          "HealthyVolunteers":"No",
          "Gender":"All",
          "MinimumAge":"18 Years",
          "MaximumAge":"75 Years",
          "StdAgeList":{
            "StdAge":[
              "Adult",
              "Older Adult"
            ]
          }
        },
        "ContactsLocationsModule":{
          "CentralContactList":{
            "CentralContact":[
              {
                "CentralContactName":"Jörn M Schattenbrg, MD",
                "CentralContactRole":"Contact",
                "CentralContactPhone":"00496131176074",
                "CentralContactEMail":"joern.schattenberg@unimedizin-mainz.de"
              },{
                "CentralContactName":"Detlef Schuppan, MD PhD",
                "CentralContactRole":"Contact",
                "CentralContactEMail":"detlef.schuppan@unimedizin-mainz.de"
              }
            ]
          },
          "LocationList":{
            "Location":[
              {
                "LocationFacility":"Universität Frankfurt",
                "LocationStatus":"Enrolling by invitation",
                "LocationCity":"Frankfurt",
                "LocationCountry":"Germany"
              },{
                "LocationFacility":"University Medical Center Mainz",
                "LocationStatus":"Recruiting",
                "LocationCity":"Mainz",
                "LocationCountry":"Germany",
                "LocationContactList":{
                  "LocationContact":[
                    {
                      "LocationContactName":"Jörn Schattenberg, MD",
                      "LocationContactRole":"Contact"
                    }
                  ]
                }
              }
            ]
          }
        }
      },
      "DerivedSection":{
        "MiscInfoModule":{
          "VersionHolder":"April 19, 2021"
        },
        "ConditionBrowseModule":{
          "ConditionMeshList":{
            "ConditionMesh":[
              {
                "ConditionMeshId":"D000005234",
                "ConditionMeshTerm":"Fatty Liver"
              },{
                "ConditionMeshId":"D000065626",
                "ConditionMeshTerm":"Non-alcoholic Fatty Liver Disease"
              },{
                "ConditionMeshId":"D000003924",
                "ConditionMeshTerm":"Diabetes Mellitus, Type 2"
              },{
                "ConditionMeshId":"D000006949",
                "ConditionMeshTerm":"Hyperlipidemias"
              }
            ]
          },
          "ConditionAncestorList":{
            "ConditionAncestor":[
              {
                "ConditionAncestorId":"D000003920",
                "ConditionAncestorTerm":"Diabetes Mellitus"
              },{
                "ConditionAncestorId":"D000044882",
                "ConditionAncestorTerm":"Glucose Metabolism Disorders"
              },{
                "ConditionAncestorId":"D000008659",
                "ConditionAncestorTerm":"Metabolic Diseases"
              },{
                "ConditionAncestorId":"D000004700",
                "ConditionAncestorTerm":"Endocrine System Diseases"
              },{
                "ConditionAncestorId":"D000050171",
                "ConditionAncestorTerm":"Dyslipidemias"
              },{
                "ConditionAncestorId":"D000052439",
                "ConditionAncestorTerm":"Lipid Metabolism Disorders"
              },{
                "ConditionAncestorId":"D000008107",
                "ConditionAncestorTerm":"Liver Diseases"
              },{
                "ConditionAncestorId":"D000004066",
                "ConditionAncestorTerm":"Digestive System Diseases"
              }
            ]
          },
          "ConditionBrowseLeafList":{
            "ConditionBrowseLeaf":[
              {
                "ConditionBrowseLeafId":"M5698",
                "ConditionBrowseLeafName":"Diabetes Mellitus",
                "ConditionBrowseLeafRelevance":"low"
              },{
                "ConditionBrowseLeafId":"M5702",
                "ConditionBrowseLeafName":"Diabetes Mellitus, Type 2",
                "ConditionBrowseLeafAsFound":"Diabetes Mellitus, Type 2",
                "ConditionBrowseLeafRelevance":"high"
              },{
                "ConditionBrowseLeafId":"M6958",
                "ConditionBrowseLeafName":"Fatty Liver",
                "ConditionBrowseLeafAsFound":"Steatohepatitis",
                "ConditionBrowseLeafRelevance":"high"
              },{
                "ConditionBrowseLeafId":"M8583",
                "ConditionBrowseLeafName":"Hyperlipidemias",
                "ConditionBrowseLeafAsFound":"Hyperlipidemia",
                "ConditionBrowseLeafRelevance":"high"
              },{
                "ConditionBrowseLeafId":"M8876",
                "ConditionBrowseLeafName":"Inflammation",
                "ConditionBrowseLeafRelevance":"low"
              },{
                "ConditionBrowseLeafId":"M8585",
                "ConditionBrowseLeafName":"Hyperlipoproteinemias",
                "ConditionBrowseLeafRelevance":"low"
              },{
                "ConditionBrowseLeafId":"M29127",
                "ConditionBrowseLeafName":"Non-alcoholic Fatty Liver Disease",
                "ConditionBrowseLeafAsFound":"Nonalcoholic Steatohepatitis",
                "ConditionBrowseLeafRelevance":"high"
              },{
                "ConditionBrowseLeafId":"M9690",
                "ConditionBrowseLeafName":"Liver Diseases",
                "ConditionBrowseLeafRelevance":"low"
              },{
                "ConditionBrowseLeafId":"M10222",
                "ConditionBrowseLeafName":"Metabolic Diseases",
                "ConditionBrowseLeafRelevance":"low"
              },{
                "ConditionBrowseLeafId":"M23990",
                "ConditionBrowseLeafName":"Glucose Metabolism Disorders",
                "ConditionBrowseLeafRelevance":"low"
              },{
                "ConditionBrowseLeafId":"M6445",
                "ConditionBrowseLeafName":"Endocrine System Diseases",
                "ConditionBrowseLeafRelevance":"low"
              },{
                "ConditionBrowseLeafId":"M24768",
                "ConditionBrowseLeafName":"Dyslipidemias",
                "ConditionBrowseLeafRelevance":"low"
              },{
                "ConditionBrowseLeafId":"M25616",
                "ConditionBrowseLeafName":"Lipid Metabolism Disorders",
                "ConditionBrowseLeafRelevance":"low"
              },{
                "ConditionBrowseLeafId":"M5838",
                "ConditionBrowseLeafName":"Digestive System Diseases",
                "ConditionBrowseLeafRelevance":"low"
              },{
                "ConditionBrowseLeafId":"M7466",
                "ConditionBrowseLeafName":"Gastrointestinal Diseases",
                "ConditionBrowseLeafRelevance":"low"
              },{
                "ConditionBrowseLeafId":"T5868",
                "ConditionBrowseLeafName":"Visceral Steatosis",
                "ConditionBrowseLeafAsFound":"Steatohepatitis",
                "ConditionBrowseLeafRelevance":"high"
              }
            ]
          },
          "ConditionBrowseBranchList":{
            "ConditionBrowseBranch":[
              {
                "ConditionBrowseBranchAbbrev":"BC18",
                "ConditionBrowseBranchName":"Nutritional and Metabolic Diseases"
              },{
                "ConditionBrowseBranchAbbrev":"BC19",
                "ConditionBrowseBranchName":"Gland and Hormone Related Diseases"
              },{
                "ConditionBrowseBranchAbbrev":"All",
                "ConditionBrowseBranchName":"All Conditions"
              },{
                "ConditionBrowseBranchAbbrev":"BC06",
                "ConditionBrowseBranchName":"Digestive System Diseases"
              },{
                "ConditionBrowseBranchAbbrev":"BC23",
                "ConditionBrowseBranchName":"Symptoms and General Pathology"
              },{
                "ConditionBrowseBranchAbbrev":"Rare",
                "ConditionBrowseBranchName":"Rare Diseases"
              }
            ]
          }
        }
      }
    }
  }
}

