{
  "FullStudy":{
    "Rank":60210,
    "Study":{
      "ProtocolSection":{
        "IdentificationModule":{
          "NCTId":"NCT04066023",
          "OrgStudyIdInfo":{
            "OrgStudyId":"CP-2019-001"
          },
          "Organization":{
            "OrgFullName":"Zosano Pharma Corporation",
            "OrgClass":"INDUSTRY"
          },
          "BriefTitle":"Double-Blind Comparison of the Efficacy and Safety of C213 to Placebo for the Acute Treatment of Cluster Headaches",
          "OfficialTitle":"Randomized, Double-Blind, Multi-Center, Parallel-Group Comparison of the Efficacy and Safety of the C213 (Zolmitriptan Microneedle System) to Placebo for the Acute Treatment of Cluster Headaches"
        },
        "StatusModule":{
          "StatusVerifiedDate":"January 2021",
          "OverallStatus":"Active, not recruiting",
          "ExpandedAccessInfo":{
            "HasExpandedAccess":"No"
          },
          "StartDateStruct":{
            "StartDate":"October 3, 2019",
            "StartDateType":"Actual"
          },
          "PrimaryCompletionDateStruct":{
            "PrimaryCompletionDate":"July 31, 2021",
            "PrimaryCompletionDateType":"Anticipated"
          },
          "CompletionDateStruct":{
            "CompletionDate":"July 31, 2021",
            "CompletionDateType":"Anticipated"
          },
          "StudyFirstSubmitDate":"August 19, 2019",
          "StudyFirstSubmitQCDate":"August 21, 2019",
          "StudyFirstPostDateStruct":{
            "StudyFirstPostDate":"August 22, 2019",
            "StudyFirstPostDateType":"Actual"
          },
          "LastUpdateSubmitDate":"January 20, 2021",
          "LastUpdatePostDateStruct":{
            "LastUpdatePostDate":"January 22, 2021",
            "LastUpdatePostDateType":"Actual"
          }
        },
        "SponsorCollaboratorsModule":{
          "ResponsibleParty":{
            "ResponsiblePartyType":"Sponsor"
          },
          "LeadSponsor":{
            "LeadSponsorName":"Zosano Pharma Corporation",
            "LeadSponsorClass":"INDUSTRY"
          }
        },
        "OversightModule":{
          "OversightHasDMC":"No",
          "IsFDARegulatedDrug":"Yes",
          "IsFDARegulatedDevice":"No"
        },
        "DescriptionModule":{
          "BriefSummary":"This is a double-blind, placebo-controlled study. Subjects who meet the entry criteria will be randomized o receive one of three blinded treatments [C213 1.9 mg patch and placebo patch; C213 3.8 mg (1.9 mg x 2 patches), two placebo patches] on Day 1 and will have up to 48 weeks to confirm and treat a cluster headache. Subjects will self-administer the patches and respond to questions in the electronic diary (eDiary) until 1-hour post treatment administration.",
          "DetailedDescription":"This is a randomized, double-blinded, placebo-controlled study. Approximately 120 subjects who meet the entry criteria will be randomized 1:1:1 to receive one of three blinded treatments [C213 1.9 mg patch and placebo patch; C213 3.8 mg (1.9 mg x 2 patches), two placebo patches].\n\nQualified subjects will randomize to the double-blind treatment period at Day 1 and will have up to 48 weeks to confirm and treat a cluster headache. Using the eDiary to confirm they are experiencing a cluster headache, subjects will self-administer the patches and continue to respond to questions in the eDiary until 1-hour post treatment administration."
        },
        "ConditionsModule":{
          "ConditionList":{
            "Condition":[
              "Cluster Headache"
            ]
          },
          "KeywordList":{
            "Keyword":[
              "Episodic cluster headache",
              "Chronic cluster headache"
            ]
          }
        },
        "DesignModule":{
          "StudyType":"Interventional",
          "PhaseList":{
            "Phase":[
              "Phase 2",
              "Phase 3"
            ]
          },
          "DesignInfo":{
            "DesignAllocation":"Randomized",
            "DesignInterventionModel":"Parallel Assignment",
            "DesignInterventionModelDescription":"Qualified subjects are assigned to received a single administration of one of three blinded treatment assignments (one of two dose levels or placebo)",
            "DesignPrimaryPurpose":"Treatment",
            "DesignMaskingInfo":{
              "DesignMasking":"Quadruple",
              "DesignMaskingDescription":"All subjects, care providers, investigator, and outcomes assessors are blinded to randomized treatment assignment. Study drugs are blinded and identical in appearance.",
              "DesignWhoMaskedList":{
                "DesignWhoMasked":[
                  "Participant",
                  "Care Provider",
                  "Investigator",
                  "Outcomes Assessor"
                ]
              }
            }
          },
          "EnrollmentInfo":{
            "EnrollmentCount":"42",
            "EnrollmentType":"Actual"
          }
        },
        "ArmsInterventionsModule":{
          "ArmGroupList":{
            "ArmGroup":[
              {
                "ArmGroupLabel":"C213 1.9 mg",
                "ArmGroupType":"Experimental",
                "ArmGroupDescription":"C213, 1.9 mg administered as one 1.9 mg patch and one placebo patch",
                "ArmGroupInterventionList":{
                  "ArmGroupInterventionName":[
                    "Drug: C213 Microneedle System"
                  ]
                }
              },{
                "ArmGroupLabel":"C213 3.8mg",
                "ArmGroupType":"Experimental",
                "ArmGroupDescription":"C213 3.8 mg administered as two 1.9 mg patches",
                "ArmGroupInterventionList":{
                  "ArmGroupInterventionName":[
                    "Drug: C213 Microneedle System"
                  ]
                }
              },{
                "ArmGroupLabel":"Placebo",
                "ArmGroupType":"Placebo Comparator",
                "ArmGroupDescription":"Placebo microneedle system administered as two placebo patches",
                "ArmGroupInterventionList":{
                  "ArmGroupInterventionName":[
                    "Drug: Placebo"
                  ]
                }
              }
            ]
          },
          "InterventionList":{
            "Intervention":[
              {
                "InterventionType":"Drug",
                "InterventionName":"C213 Microneedle System",
                "InterventionDescription":"The C213 System is a proprietary disposable patch and a reusable applicator. The zolmitriptan-coated titanium microneedle array (3 cm^2 array) is attached to a 5 cm^2 adhesive patch.",
                "InterventionArmGroupLabelList":{
                  "InterventionArmGroupLabel":[
                    "C213 1.9 mg",
                    "C213 3.8mg"
                  ]
                },
                "InterventionOtherNameList":{
                  "InterventionOtherName":[
                    "Zolmitriptan Microneedle System"
                  ]
                }
              },{
                "InterventionType":"Drug",
                "InterventionName":"Placebo",
                "InterventionDescription":"The C213 System is a proprietary disposable patch and a reusable applicator. The placebo patch is a single use, 3 cm^2 Placebo (intracutaneous microneedle) system that contains no active ingredients.",
                "InterventionArmGroupLabelList":{
                  "InterventionArmGroupLabel":[
                    "Placebo"
                  ]
                },
                "InterventionOtherNameList":{
                  "InterventionOtherName":[
                    "ZP Placebo"
                  ]
                }
              }
            ]
          }
        },
        "OutcomesModule":{
          "PrimaryOutcomeList":{
            "PrimaryOutcome":[
              {
                "PrimaryOutcomeMeasure":"Proportion of subjects who achieve pain relief",
                "PrimaryOutcomeDescription":"Pain relief is defined by a decrease in pain from severe to mild or none without the use of acute rescue medication.",
                "PrimaryOutcomeTimeFrame":"15 minutes"
              },{
                "PrimaryOutcomeMeasure":"Proportion of subjects who achieve sustained pain relief",
                "PrimaryOutcomeDescription":"Sustained pain relief requires a pain rating of mild or none at each timepoint from 15 minutes to 60 minutes without the use of acute rescue medication.",
                "PrimaryOutcomeTimeFrame":"15 minutes to 60 minutes"
              }
            ]
          },
          "SecondaryOutcomeList":{
            "SecondaryOutcome":[
              {
                "SecondaryOutcomeMeasure":"Proportion of subjects that achieve pain relief",
                "SecondaryOutcomeDescription":"Pain relief is defined by a decrease in pain from sever to mild or none without the use of acute rescue medication.",
                "SecondaryOutcomeTimeFrame":"5, 10, and 20 minutes"
              },{
                "SecondaryOutcomeMeasure":"Proportion of subjects that achieve sustained pain relief",
                "SecondaryOutcomeDescription":"Sustained pain relief requires a pain rating of mild or none at each timepoint within the time frame without the use of acute rescue medication.",
                "SecondaryOutcomeTimeFrame":"5 minutes to 60 minutes and 10 minutes to 60 minutes"
              },{
                "SecondaryOutcomeMeasure":"Proportion of subjects that achieve pain freedom",
                "SecondaryOutcomeDescription":"Pain freedom is defined by a decrease in pain from severe to none without the use of acute rescue medication.",
                "SecondaryOutcomeTimeFrame":"10 minutes and 15 minutes"
              },{
                "SecondaryOutcomeMeasure":"Proportion of subjects that achieve sustained pain freedom",
                "SecondaryOutcomeDescription":"Sustained pain freedom requires a pain rating of none at each timepoint within the time frame without the use of acute rescue medication.",
                "SecondaryOutcomeTimeFrame":"10 to 60 minutes and 15 to 60 minutes"
              },{
                "SecondaryOutcomeMeasure":"Proportion of subjects using rescue therapy",
                "SecondaryOutcomeDescription":"Listed and summarized",
                "SecondaryOutcomeTimeFrame":"within 20 minutes"
              },{
                "SecondaryOutcomeMeasure":"Proportion of subjects able to perform their usual daily activities as assessed by the subject",
                "SecondaryOutcomeDescription":"Listed and summarized",
                "SecondaryOutcomeTimeFrame":"within 20 minutes"
              },{
                "SecondaryOutcomeMeasure":"Incidence of adverse events and serious adverse events",
                "SecondaryOutcomeDescription":"Coded by MedDRA and summarized",
                "SecondaryOutcomeTimeFrame":"1-8 days"
              }
            ]
          }
        },
        "EligibilityModule":{
          "EligibilityCriteria":"Inclusion Criteria:\n\nAble to provide written informed consent\nWomen or men 18 to 65 years of age\n\nGreater than 1-year history of episodic or chronic cluster headache with onset prior to 50 years of age. Diagnosis must comply with ICHD-3 (International Headache Society (IHS) diagnostic criteria). Diagnostic criteria must include a history of at least 5 attacks not attributed to any other disorder that include all of the following criteria:\n\nSevere or very severe unilateral orbital, supraorbital and/or temporal pain lasting 45-180 minutes (average, when untreated)\n\nEither or both of the following:\n\nAt least one of the following symptoms or signs, ipsilateral to the pain:\n\nConjunctival injection and/or lacrimation\nNasal congestion and/or rhinorrhea\nEyelid edema\nForehead and facial sweating\nMiosis and or/ptosis\nA sense of restlessness or agitation\nAttacks have a frequency between one every other day and eight per day for more than half of the time when the disorder is active.\nNot better accounted for by another International Classification of Headache Disorders (ICHD) diagnosis\n\nCluster history during the 12-month period prior to the screening visit must include:\n\nAt least 1 cluster period\nAveraging 2-6 headaches per day\nLasting at least 7 days\nSubject can distinguish cluster headaches from other headaches (i.e., migraine and tension-type headaches)\nWomen of child-bearing potential must not be pregnant, must agree to avoid pregnancy during the trial, and must use one of the following or be surgically sterilized: intrauterine device, or a hormonal contraceptive\nAble to understand the operation of the electronic diary and able to apply the demo study drug patch correctly.\n\nExclusion Criteria:\n\nContraindications to triptans\nUse of any prohibited concomitant medications within 30 days of screening\nHistory of hemiplegic migraine or migraine with brainstem aura\nParticipation in another investigational trial within 30 days or 5 half-lives of investigational product (whichever is longer).\nPrevious M207/C213 exposure in a clinical trial\nSubject has other significant pain problems that might confound the study assessments in the opinion of the investigator\nDiagnosis of any malignant disease (other than adequately treated or excised non-metastatic basal cell carcinoma or squamous cell carcinoma of the skin) within the 5 years prior to screening\nHistory of unstable psychiatric illness requiring medication or hospitalization in the 12 months prior to study initiation\nSubjects who have a known allergy or sensitivity to zolmitriptan or its derivatives or formulations\nSubjects who have a known allergy or sensitivity to adhesions\nSubjects who have skin lesions or tattoos covering the entire potential area(s) of C213 application\nWoman who are pregnant, breast-feeding or plan a pregnancy during this study\nClinically significant liver disease [Alanine Aminotransferase (ALT) > 150 U/L; Aspartate Aminotransferase (AST) > 130 U/L or bilirubin > 2x ULN]\nClinically significant kidney disease (eGFR < 60 ml/min / 1.73 m² or to creatinine > 1.5 x ULN)\n\nSubject has clinically significant ECG findings, defined by:\n\nischemic changes (defined as > 1mm of down-sloping ST segment depression in at least two contiguous leads)\nQ-waves in at least two contiguous leads\nclinically significant intra-ventricular conduction abnormalities (left bundle branch block or Wolf-Parkinson-White syndrome)\nclinically significant arrhythmias (e.g., current atrial fibrillation)\nHistory of coronary artery disease (CAD), coronary vasospasm (including Prinzmetal's angina), aortic aneurysm, peripheral vascular disease or other ischemic diseases (e.g., ischemic bowel syndrome or Raynaud's syndrome)\n\nThree or more of the following CAD risk factors:\n\nCurrent tobacco use\nHypertension (systolic BP > 140 or diastolic BP > 90) or receiving anti-hypertensive medication for treatment of hypertension\nHyperlipidemia - LDL > 159 mg/dL and/or HDL < 40 mg/dL (or on prescribed anti-cholesterol treatment)\nFamily history of premature coronary artery disease (CAD) (< 55 years of age in male first-degree relatives or < 65 years of age in female first degree relatives)\nDiabetes mellitus\nHistory of cerebral vascular accident (CVA), transient ischemic attacks (TIA), or seizures\nHistory of concurrent illness that requires hospitalization within 30 days prior to study initiation\nAny other household member currently participating in a C213 study or relative of site staff member\nAny reason to believe that compliance with the study requirements and completion of evaluations required for this study will not be possible\nAny language barrier that, in the opinion of the Investigator, would preclude communication and compliance with the study requirements\nHistory or current abuse of or dependence on alcohol or drugs that would interfere with the results or adherence to study requirements\nAny positive drug screens for phencyclidine (PCP), 3,4-methylenedioxy-methamphetamine (MDMA) (ecstasy), cocaine, and/or meth/amphetamine(s)\nCurrent or planned use of hallucinogens (e.g. psilocybin) during the trial\nAny clinically relevant abnormal findings in the physical exam, vital signs or laboratory tests that, in the opinion of the Investigator, may put the subject at risk",
          "HealthyVolunteers":"No",
          "Gender":"All",
          "MinimumAge":"18 Years",
          "MaximumAge":"65 Years",
          "StdAgeList":{
            "StdAge":[
              "Adult",
              "Older Adult"
            ]
          }
        },
        "ContactsLocationsModule":{
          "OverallOfficialList":{
            "OverallOfficial":[
              {
                "OverallOfficialName":"Don Kellerman, PharmD",
                "OverallOfficialAffiliation":"Zosano Pharma Corporation",
                "OverallOfficialRole":"Study Director"
              }
            ]
          },
          "LocationList":{
            "Location":[
              {
                "LocationFacility":"Keck Medicine of USC",
                "LocationCity":"Los Angeles",
                "LocationState":"California",
                "LocationZip":"90033",
                "LocationCountry":"United States"
              },{
                "LocationFacility":"Stanford University",
                "LocationCity":"Palo Alto",
                "LocationState":"California",
                "LocationZip":"94304",
                "LocationCountry":"United States"
              },{
                "LocationFacility":"California Medical Clinic for Headache",
                "LocationCity":"Santa Monica",
                "LocationState":"California",
                "LocationZip":"90404",
                "LocationCountry":"United States"
              },{
                "LocationFacility":"KI Health Partners LLC DBA New England Institute for Clinical Research",
                "LocationCity":"Stamford",
                "LocationState":"Connecticut",
                "LocationZip":"06905",
                "LocationCountry":"United States"
              },{
                "LocationFacility":"Atlanta Headache Specialists",
                "LocationCity":"Atlanta",
                "LocationState":"Georgia",
                "LocationZip":"30328",
                "LocationCountry":"United States"
              },{
                "LocationFacility":"New England Regional Headache Center, Inc.",
                "LocationCity":"Worcester",
                "LocationState":"Massachusetts",
                "LocationZip":"01605",
                "LocationCountry":"United States"
              },{
                "LocationFacility":"Nevada Headache Institute",
                "LocationCity":"Las Vegas",
                "LocationState":"Nevada",
                "LocationZip":"89113",
                "LocationCountry":"United States"
              },{
                "LocationFacility":"Dartmouth Hitchcock Medical Center",
                "LocationCity":"Lebanon",
                "LocationState":"New Hampshire",
                "LocationZip":"03756",
                "LocationCountry":"United States"
              },{
                "LocationFacility":"Dent Neuro Institute, Buffalo",
                "LocationCity":"Amherst",
                "LocationState":"New York",
                "LocationZip":"14226",
                "LocationCountry":"United States"
              },{
                "LocationFacility":"Jefferson Headache Center",
                "LocationCity":"Philadelphia",
                "LocationState":"Pennsylvania",
                "LocationZip":"19107",
                "LocationCountry":"United States"
              },{
                "LocationFacility":"University of Texas Southwestern Medical Center- Neurology Clinic",
                "LocationCity":"Dallas",
                "LocationState":"Texas",
                "LocationZip":"75390",
                "LocationCountry":"United States"
              },{
                "LocationFacility":"Medstar Georgetown University Hospital at McLean",
                "LocationCity":"McLean",
                "LocationState":"Virginia",
                "LocationZip":"22101",
                "LocationCountry":"United States"
              }
            ]
          }
        },
        "IPDSharingStatementModule":{
          "IPDSharing":"No"
        }
      },
      "DerivedSection":{
        "MiscInfoModule":{
          "VersionHolder":"April 19, 2021"
        },
        "ConditionBrowseModule":{
          "ConditionMeshList":{
            "ConditionMesh":[
              {
                "ConditionMeshId":"D000003027",
                "ConditionMeshTerm":"Cluster Headache"
              },{
                "ConditionMeshId":"D000006261",
                "ConditionMeshTerm":"Headache"
              }
            ]
          },
          "ConditionAncestorList":{
            "ConditionAncestor":[
              {
                "ConditionAncestorId":"D000010146",
                "ConditionAncestorTerm":"Pain"
              },{
                "ConditionAncestorId":"D000009461",
                "ConditionAncestorTerm":"Neurologic Manifestations"
              },{
                "ConditionAncestorId":"D000051303",
                "ConditionAncestorTerm":"Trigeminal Autonomic Cephalalgias"
              },{
                "ConditionAncestorId":"D000051270",
                "ConditionAncestorTerm":"Headache Disorders, Primary"
              },{
                "ConditionAncestorId":"D000020773",
                "ConditionAncestorTerm":"Headache Disorders"
              },{
                "ConditionAncestorId":"D000001927",
                "ConditionAncestorTerm":"Brain Diseases"
              },{
                "ConditionAncestorId":"D000002493",
                "ConditionAncestorTerm":"Central Nervous System Diseases"
              },{
                "ConditionAncestorId":"D000009422",
                "ConditionAncestorTerm":"Nervous System Diseases"
              }
            ]
          },
          "ConditionBrowseLeafList":{
            "ConditionBrowseLeaf":[
              {
                "ConditionBrowseLeafId":"M4840",
                "ConditionBrowseLeafName":"Cluster Headache",
                "ConditionBrowseLeafAsFound":"Cluster Headache",
                "ConditionBrowseLeafRelevance":"high"
              },{
                "ConditionBrowseLeafId":"M7934",
                "ConditionBrowseLeafName":"Headache",
                "ConditionBrowseLeafAsFound":"Headache",
                "ConditionBrowseLeafRelevance":"high"
              },{
                "ConditionBrowseLeafId":"M11649",
                "ConditionBrowseLeafName":"Pain",
                "ConditionBrowseLeafRelevance":"low"
              },{
                "ConditionBrowseLeafId":"M10987",
                "ConditionBrowseLeafName":"Neurologic Manifestations",
                "ConditionBrowseLeafRelevance":"low"
              },{
                "ConditionBrowseLeafId":"M25261",
                "ConditionBrowseLeafName":"Trigeminal Autonomic Cephalalgias",
                "ConditionBrowseLeafRelevance":"low"
              },{
                "ConditionBrowseLeafId":"M21113",
                "ConditionBrowseLeafName":"Headache Disorders",
                "ConditionBrowseLeafRelevance":"low"
              },{
                "ConditionBrowseLeafId":"M25244",
                "ConditionBrowseLeafName":"Headache Disorders, Primary",
                "ConditionBrowseLeafRelevance":"low"
              },{
                "ConditionBrowseLeafId":"M3786",
                "ConditionBrowseLeafName":"Brain Diseases",
                "ConditionBrowseLeafRelevance":"low"
              },{
                "ConditionBrowseLeafId":"M4325",
                "ConditionBrowseLeafName":"Central Nervous System Diseases",
                "ConditionBrowseLeafRelevance":"low"
              }
            ]
          },
          "ConditionBrowseBranchList":{
            "ConditionBrowseBranch":[
              {
                "ConditionBrowseBranchAbbrev":"BC10",
                "ConditionBrowseBranchName":"Nervous System Diseases"
              },{
                "ConditionBrowseBranchAbbrev":"All",
                "ConditionBrowseBranchName":"All Conditions"
              },{
                "ConditionBrowseBranchAbbrev":"BC23",
                "ConditionBrowseBranchName":"Symptoms and General Pathology"
              }
            ]
          }
        },
        "InterventionBrowseModule":{
          "InterventionMeshList":{
            "InterventionMesh":[
              {
                "InterventionMeshId":"C000089750",
                "InterventionMeshTerm":"Zolmitriptan"
              }
            ]
          },
          "InterventionAncestorList":{
            "InterventionAncestor":[
              {
                "InterventionAncestorId":"D000058825",
                "InterventionAncestorTerm":"Serotonin 5-HT1 Receptor Agonists"
              },{
                "InterventionAncestorId":"D000017366",
                "InterventionAncestorTerm":"Serotonin Receptor Agonists"
              },{
                "InterventionAncestorId":"D000018490",
                "InterventionAncestorTerm":"Serotonin Agents"
              },{
                "InterventionAncestorId":"D000018377",
                "InterventionAncestorTerm":"Neurotransmitter Agents"
              },{
                "InterventionAncestorId":"D000045504",
                "InterventionAncestorTerm":"Molecular Mechanisms of Pharmacological Action"
              },{
                "InterventionAncestorId":"D000045505",
                "InterventionAncestorTerm":"Physiological Effects of Drugs"
              }
            ]
          },
          "InterventionBrowseLeafList":{
            "InterventionBrowseLeaf":[
              {
                "InterventionBrowseLeafId":"M260491",
                "InterventionBrowseLeafName":"Zolmitriptan",
                "InterventionBrowseLeafAsFound":"Lentils",
                "InterventionBrowseLeafRelevance":"high"
              },{
                "InterventionBrowseLeafId":"M14095",
                "InterventionBrowseLeafName":"Serotonin",
                "InterventionBrowseLeafRelevance":"low"
              },{
                "InterventionBrowseLeafId":"M27827",
                "InterventionBrowseLeafName":"Serotonin 5-HT1 Receptor Agonists",
                "InterventionBrowseLeafRelevance":"low"
              },{
                "InterventionBrowseLeafId":"M18231",
                "InterventionBrowseLeafName":"Serotonin Receptor Agonists",
                "InterventionBrowseLeafRelevance":"low"
              },{
                "InterventionBrowseLeafId":"M19088",
                "InterventionBrowseLeafName":"Neurotransmitter Agents",
                "InterventionBrowseLeafRelevance":"low"
              }
            ]
          },
          "InterventionBrowseBranchList":{
            "InterventionBrowseBranch":[
              {
                "InterventionBrowseBranchAbbrev":"All",
                "InterventionBrowseBranchName":"All Drugs and Chemicals"
              }
            ]
          }
        }
      }
    }
  }
}

