{
  "FullStudy":{
    "Rank":60619,
    "Study":{
      "ProtocolSection":{
        "IdentificationModule":{
          "NCTId":"NCT04060680",
          "OrgStudyIdInfo":{
            "OrgStudyId":"U1111-1236-4810"
          },
          "SecondaryIdInfoList":{
            "SecondaryIdInfo":[
              {
                "SecondaryId":"MDT16028",
                "SecondaryIdType":"Other Identifier",
                "SecondaryIdDomain":"Medtronic"
              }
            ]
          },
          "Organization":{
            "OrgFullName":"Medtronic Cardiac Rhythm and Heart Failure",
            "OrgClass":"INDUSTRY"
          },
          "BriefTitle":"Extravascular ICD Pivotal Study",
          "OfficialTitle":"Extravascular ICD Pivotal Study (EV ICD)",
          "Acronym":"EV ICD"
        },
        "StatusModule":{
          "StatusVerifiedDate":"March 2021",
          "OverallStatus":"Recruiting",
          "ExpandedAccessInfo":{
            "HasExpandedAccess":"No"
          },
          "StartDateStruct":{
            "StartDate":"September 16, 2019",
            "StartDateType":"Actual"
          },
          "PrimaryCompletionDateStruct":{
            "PrimaryCompletionDate":"January 31, 2022",
            "PrimaryCompletionDateType":"Anticipated"
          },
          "CompletionDateStruct":{
            "CompletionDate":"March 31, 2023",
            "CompletionDateType":"Anticipated"
          },
          "StudyFirstSubmitDate":"August 14, 2019",
          "StudyFirstSubmitQCDate":"August 16, 2019",
          "StudyFirstPostDateStruct":{
            "StudyFirstPostDate":"August 19, 2019",
            "StudyFirstPostDateType":"Actual"
          },
          "LastUpdateSubmitDate":"March 16, 2021",
          "LastUpdatePostDateStruct":{
            "LastUpdatePostDate":"March 17, 2021",
            "LastUpdatePostDateType":"Actual"
          }
        },
        "SponsorCollaboratorsModule":{
          "ResponsibleParty":{
            "ResponsiblePartyType":"Sponsor"
          },
          "LeadSponsor":{
            "LeadSponsorName":"Medtronic Cardiac Rhythm and Heart Failure",
            "LeadSponsorClass":"INDUSTRY"
          }
        },
        "OversightModule":{
          "OversightHasDMC":"Yes",
          "IsFDARegulatedDrug":"No",
          "IsFDARegulatedDevice":"Yes",
          "IsUnapprovedDevice":"Yes",
          "IsUSExport":"Yes"
        },
        "DescriptionModule":{
          "BriefSummary":"The study is designed to demonstrate safety and efficacy of the Extravascular Implantable Cardioverter Defibrillator (EV ICD) System.",
          "DetailedDescription":"The study will enroll subjects who are indicated to receive an implantable defibrillator and who meet all of the inclusion criteria and none of the exclusion criteria. Subjects will receive an investigational Extravascular Implantable Cardioverter Defibrillator (EV ICD) system, in which a lead is placed outside of the heart and veins to deliver defibrillation therapy. Subjects will be followed for at least 6 months following system implantation."
        },
        "ConditionsModule":{
          "ConditionList":{
            "Condition":[
              "Tachycardia",
              "Ventricular Arrythmia"
            ]
          }
        },
        "DesignModule":{
          "StudyType":"Interventional",
          "PhaseList":{
            "Phase":[
              "Not Applicable"
            ]
          },
          "DesignInfo":{
            "DesignAllocation":"N/A",
            "DesignInterventionModel":"Single Group Assignment",
            "DesignPrimaryPurpose":"Other",
            "DesignMaskingInfo":{
              "DesignMasking":"None (Open Label)"
            }
          },
          "EnrollmentInfo":{
            "EnrollmentCount":"400",
            "EnrollmentType":"Anticipated"
          }
        },
        "ArmsInterventionsModule":{
          "ArmGroupList":{
            "ArmGroup":[
              {
                "ArmGroupLabel":"Experimental",
                "ArmGroupType":"Experimental",
                "ArmGroupDescription":"Patients will be implanted with an extravascular ICD and undergo requisite electrical testing.",
                "ArmGroupInterventionList":{
                  "ArmGroupInterventionName":[
                    "Device: Defibrillation using the Extravascular ICD"
                  ]
                }
              }
            ]
          },
          "InterventionList":{
            "Intervention":[
              {
                "InterventionType":"Device",
                "InterventionName":"Defibrillation using the Extravascular ICD",
                "InterventionDescription":"VT/VF induction attempted for defibrillation testing, as well as requisite electrical testing.",
                "InterventionArmGroupLabelList":{
                  "InterventionArmGroupLabel":[
                    "Experimental"
                  ]
                }
              }
            ]
          }
        },
        "OutcomesModule":{
          "PrimaryOutcomeList":{
            "PrimaryOutcome":[
              {
                "PrimaryOutcomeMeasure":"Safety Outcome - Freedom from major complications related to the EV ICD System and/or procedure at 6 months post-implant",
                "PrimaryOutcomeDescription":"Subjects will be monitored to determine whether they experience a major procedure- or system-related complication within 6 months post-implant.",
                "PrimaryOutcomeTimeFrame":"6 Months"
              },{
                "PrimaryOutcomeMeasure":"Efficacy Outcome - Defibrillation efficacy at implant of the EV ICD System",
                "PrimaryOutcomeDescription":"Each subject will demonstrate a successful defibrillation outcome if either 2 successive induced ventricular fibrillation episodes are terminated by the subject's device delivering a shock at the required energy level, or if one such episode is successfully terminated by the subject's device delivering a shock at a lower energy level. Up to 6 such episodes may be induced to test device efficacy.",
                "PrimaryOutcomeTimeFrame":"At Implant, up to 2 days"
              }
            ]
          }
        },
        "EligibilityModule":{
          "EligibilityCriteria":"Inclusion Criteria:\n\nPatient has a Class I or IIa indication for implantation of an ICD according to the ACC/AHA/HRS Guidelines [i], or ESC guidelines [ii].\nPatient is at least 18 years of age and meets age requirements per local law.\n\nPatient is geographically stable and willing and able to complete the study procedures and visits for the duration of the follow-up.\n\n[i] Al-Khatib SM, Stevenson WG, Ackerman MJ, Bryant WJ, Callans DJ, Curtis AB, Deal BJ, Dickfeld T, Field ME, Fonarow GC, Gillis AM, Hlatky MA, Granger CB, Hammill SC, Joglar JA, Kay GN, Matlock DD, Myerburg RJ, Page RL. 2017 AHA/ACC/HRS guideline for management of patients with ventricular arrhythmias. [ii] Priori SG, Blomstrom-Lundqvist C, Mazzanti A, Blom N, Borggrefe M, Camm J, Elliot PM, Fitzsimons D, Hatala R, Hindricks G, Kirchhof P, Kjeldsen K, Kuck KH, Hernandez-Madrid A, Nikolaou N, Norekval TM, Spaulding C, Van Veldhuisen DJ. 2015 ESC guidelines for the management of patients with ventricular arrhythmias and the prevention of sudden cardiac death. European Heart Journal 2015 36:41 (2793-2867). https://doi.org/10.1093/eurheartj/ehv316\n\nExclusion Criteria:\n\nPatient is unwilling or unable to personally provide Informed Consent.\nPatient has indications for bradycardia pacing [iii] or Cardiac Resynchronization Therapy (CRT) [iv] (Class I, IIa, or IIb indication).\nPatient with an existing pacemaker, ICD, or CRT device implant or leads.\n\nPatients with these medical interventions are excluded from participation in the study:\n\nPrior sternotomy\nAny prior medical condition or procedure that leads to adhesions in the anterior mediastinal space (i.e., prior mediastinal instrumentation, mediastinitis)\nPrior abdominal surgery in the epigastric region\nPlanned sternotomy\nPrior chest radiotherapy\n\nOr any other prior/planned medical intervention not listed that precludes their participation in the opinion of the Investigator.\n\nPatient has previous pericarditis that:\n\nWas chronic and recurrent, or\nResulted in pericardial effusion [v], or\nResulted in pericardial thickening or calcification [vi].\n\nPatients with these medical conditions or anatomies are excluded from participation in the study:\n\nHiatal hernia that distorts mediastinal anatomy\nMarked sternal abnormality (e.g., pectus excavatum)\nDecompensated heart failure\nCOPD with oxygen dependence\nGross hepatosplenomegaly\n\nOr any other known medical condition or anatomy type not listed that precludes their participation in the opinion of the Investigator.\n\nPatients with a medical condition that precludes them from undergoing defibrillation testing:\n\nSevere aortic stenosis\nIntracardiac LA or LV thrombus\nSevere proximal three-vessel or left main coronary artery disease without revascularization\nHemodynamic instability\nUnstable angina\nRecent stroke or transient ischemic attack (within the last 6 months)\nKnown inadequate external defibrillation\nLVEF <20%\nLVEDD >70 mm\n\nOr any other known medical condition not listed that precludes their participation in the opinion of the Investigator.\n\nPatient with any evidence of active infection or undergoing treatment for an infection.\nPatient is contraindicated from temporary suspension of oral/systemic anticoagulation\nPatient with current implantation of neurostimulator or any other chronically implanted device that delivers current in the body.\nPatient meets ACC/AHA/HRS or ESC clinical guideline Class III criteria for an ICD (e.g., life expectancy of less than 12 months).\nPatient is enrolled or planning to enroll in a concurrent clinical study that may confound the results of this study, without documented pre-approval from a Medtronic study manager.\nPatient with any exclusion criteria as required by local law (e.g., age or other).\nPregnant women or breastfeeding women, or women of child bearing potential and who are not on a reliable form of birth regulation method or abstinence.\n\n[iii] 2015 HRS/EHRA/APHRS/SOLAECE expert consensus statement on optimal implantable cardioverter-defibrillator programming and testing). [iv] ACC/AHA/HRS guidelines for Cardiac Resynchronization Therapy. [v] As documented on echo or MRI. [vi] As documented on CT scan or MRI.",
          "HealthyVolunteers":"No",
          "Gender":"All",
          "MinimumAge":"18 Years",
          "StdAgeList":{
            "StdAge":[
              "Adult",
              "Older Adult"
            ]
          }
        },
        "ContactsLocationsModule":{
          "CentralContactList":{
            "CentralContact":[
              {
                "CentralContactName":"Jo Krueger",
                "CentralContactRole":"Contact",
                "CentralContactPhone":"6122712848",
                "CentralContactEMail":"jo.krueger@medtronic.com"
              }
            ]
          },
          "OverallOfficialList":{
            "OverallOfficial":[
              {
                "OverallOfficialName":"Paul Friedman, MD",
                "OverallOfficialAffiliation":"Mayo Clinic",
                "OverallOfficialRole":"Principal Investigator"
              }
            ]
          },
          "LocationList":{
            "Location":[
              {
                "LocationFacility":"HonorHealth Cardiac Arrhythmia Group - Osborn",
                "LocationStatus":"Recruiting",
                "LocationCity":"Scottsdale",
                "LocationState":"Arizona",
                "LocationZip":"85258",
                "LocationCountry":"United States"
              },{
                "LocationFacility":"University of California San Diego (UCSD)",
                "LocationStatus":"Recruiting",
                "LocationCity":"La Jolla",
                "LocationState":"California",
                "LocationZip":"92093",
                "LocationCountry":"United States"
              },{
                "LocationFacility":"Cedars Sinai Medical Center",
                "LocationStatus":"Recruiting",
                "LocationCity":"Los Angeles",
                "LocationState":"California",
                "LocationZip":"90048",
                "LocationCountry":"United States"
              },{
                "LocationFacility":"Sequoia Hospital",
                "LocationStatus":"Recruiting",
                "LocationCity":"Redwood City",
                "LocationState":"California",
                "LocationZip":"94062",
                "LocationCountry":"United States"
              },{
                "LocationFacility":"MedStar Wahsington Hospital Center",
                "LocationStatus":"Recruiting",
                "LocationCity":"Washington",
                "LocationState":"District of Columbia",
                "LocationZip":"20010",
                "LocationCountry":"United States"
              },{
                "LocationFacility":"Baptist Health",
                "LocationStatus":"Recruiting",
                "LocationCity":"Jacksonville",
                "LocationState":"Florida",
                "LocationZip":"32216",
                "LocationCountry":"United States"
              },{
                "LocationFacility":"Northwestern University",
                "LocationStatus":"Recruiting",
                "LocationCity":"Chicago",
                "LocationState":"Illinois",
                "LocationZip":"60611-2969",
                "LocationCountry":"United States"
              },{
                "LocationFacility":"Prairie Education & Research Cooperative",
                "LocationStatus":"Recruiting",
                "LocationCity":"Springfield",
                "LocationState":"Illinois",
                "LocationZip":"62769",
                "LocationCountry":"United States"
              },{
                "LocationFacility":"Iowa Heart Center",
                "LocationStatus":"Recruiting",
                "LocationCity":"Des Moines",
                "LocationState":"Iowa",
                "LocationZip":"50266",
                "LocationCountry":"United States"
              },{
                "LocationFacility":"Cardiovascular Institute of the South",
                "LocationStatus":"Recruiting",
                "LocationCity":"Houma",
                "LocationState":"Louisiana",
                "LocationZip":"70360",
                "LocationCountry":"United States"
              },{
                "LocationFacility":"Minneapolis Heart Institute Foundation",
                "LocationStatus":"Recruiting",
                "LocationCity":"Minneapolis",
                "LocationState":"Minnesota",
                "LocationZip":"55407",
                "LocationCountry":"United States"
              },{
                "LocationFacility":"University of Minnesota Medical Center Fairview",
                "LocationStatus":"Recruiting",
                "LocationCity":"Minneapolis",
                "LocationState":"Minnesota",
                "LocationZip":"55455-0363",
                "LocationCountry":"United States"
              },{
                "LocationFacility":"Mayo Clinic",
                "LocationStatus":"Recruiting",
                "LocationCity":"Rochester",
                "LocationState":"Minnesota",
                "LocationZip":"55905",
                "LocationCountry":"United States"
              },{
                "LocationFacility":"Morristown Memorial Hospital",
                "LocationStatus":"Recruiting",
                "LocationCity":"Morristown",
                "LocationState":"New Jersey",
                "LocationZip":"07960",
                "LocationCountry":"United States"
              },{
                "LocationFacility":"Lourdes Cardiology Services",
                "LocationStatus":"Recruiting",
                "LocationCity":"Voorhees",
                "LocationState":"New Jersey",
                "LocationZip":"08043",
                "LocationCountry":"United States"
              },{
                "LocationFacility":"North Shore Uniersity Hospital",
                "LocationStatus":"Recruiting",
                "LocationCity":"Manhasset",
                "LocationState":"New York",
                "LocationZip":"11030",
                "LocationCountry":"United States"
              },{
                "LocationFacility":"New York-Presbyterian Hospital/Weill Cornell Medical Center",
                "LocationStatus":"Recruiting",
                "LocationCity":"New York",
                "LocationState":"New York",
                "LocationZip":"10065-4870",
                "LocationCountry":"United States"
              },{
                "LocationFacility":"Duke University Medical Center (DUMC)",
                "LocationStatus":"Recruiting",
                "LocationCity":"Durham",
                "LocationState":"North Carolina",
                "LocationZip":"27705",
                "LocationCountry":"United States"
              },{
                "LocationFacility":"Cleveland Clinic",
                "LocationStatus":"Recruiting",
                "LocationCity":"Cleveland",
                "LocationState":"Ohio",
                "LocationZip":"44195",
                "LocationCountry":"United States"
              },{
                "LocationFacility":"OhioHealth Research and Innovation Institute (OHRI)",
                "LocationStatus":"Recruiting",
                "LocationCity":"Columbus",
                "LocationState":"Ohio",
                "LocationZip":"43214",
                "LocationCountry":"United States"
              },{
                "LocationFacility":"University of Washington (UW) Medical Center",
                "LocationStatus":"Recruiting",
                "LocationCity":"Seattle",
                "LocationState":"Washington",
                "LocationZip":"98195",
                "LocationCountry":"United States"
              },{
                "LocationFacility":"Westmead Hospital",
                "LocationStatus":"Recruiting",
                "LocationCity":"Westmead",
                "LocationState":"New South Wales",
                "LocationZip":"2145",
                "LocationCountry":"Australia"
              },{
                "LocationFacility":"Royal Adelaide Hospital",
                "LocationStatus":"Recruiting",
                "LocationCity":"Adelaide",
                "LocationState":"South Australia",
                "LocationZip":"5000",
                "LocationCountry":"Australia"
              },{
                "LocationFacility":"Monash Medical Centre Clayton",
                "LocationStatus":"Recruiting",
                "LocationCity":"Clayton",
                "LocationState":"Victoria",
                "LocationZip":"3168",
                "LocationCountry":"Australia"
              },{
                "LocationFacility":"Austin Hospital",
                "LocationStatus":"Recruiting",
                "LocationCity":"Heidelberg",
                "LocationState":"Victoria",
                "LocationZip":"3084",
                "LocationCountry":"Australia"
              },{
                "LocationFacility":"Kepler Universitätsklinikum Med Campus III.",
                "LocationStatus":"Recruiting",
                "LocationCity":"Linz",
                "LocationCountry":"Austria"
              },{
                "LocationFacility":"Universitair Ziekenhuis Gent",
                "LocationStatus":"Recruiting",
                "LocationCity":"Gent",
                "LocationZip":"9000",
                "LocationCountry":"Belgium"
              },{
                "LocationFacility":"University of Calgary",
                "LocationStatus":"Recruiting",
                "LocationCity":"Calgary",
                "LocationState":"Alberta",
                "LocationZip":"T2N 4N1",
                "LocationCountry":"Canada"
              },{
                "LocationFacility":"London Health Sciences Centre - University Campus",
                "LocationStatus":"Active, not recruiting",
                "LocationCity":"London",
                "LocationZip":"N6A 5A5",
                "LocationCountry":"Canada"
              },{
                "LocationFacility":"Royal Columbian Hospital",
                "LocationStatus":"Recruiting",
                "LocationCity":"New Westminster",
                "LocationZip":"V3L 3W4",
                "LocationCountry":"Canada"
              },{
                "LocationFacility":"Institut Universitaire de Cardiologie et de Pneumologie de Québec (IUCPQ)",
                "LocationStatus":"Recruiting",
                "LocationCity":"Québec",
                "LocationZip":"G1V 4G5",
                "LocationCountry":"Canada"
              },{
                "LocationFacility":"Odense Universitetshospital",
                "LocationStatus":"Recruiting",
                "LocationCity":"Odense",
                "LocationZip":"5000",
                "LocationCountry":"Denmark"
              },{
                "LocationFacility":"CHRU de Tours - Hôpital Trousseau",
                "LocationStatus":"Recruiting",
                "LocationCity":"Chambray-lès-Tours",
                "LocationZip":"37170",
                "LocationCountry":"France"
              },{
                "LocationFacility":"CHU de Rennes - Hôpital Pontchaillou",
                "LocationStatus":"Recruiting",
                "LocationCity":"Rennes",
                "LocationZip":"35033",
                "LocationCountry":"France"
              },{
                "LocationFacility":"Medizinische Hochschule Hannover",
                "LocationStatus":"Recruiting",
                "LocationCity":"Hannover",
                "LocationZip":"30625",
                "LocationCountry":"Germany"
              },{
                "LocationFacility":"Prince of Wales Hospital",
                "LocationStatus":"Recruiting",
                "LocationCity":"Hong Kong",
                "LocationCountry":"Hong Kong"
              },{
                "LocationFacility":"Semmelweis Egyetem AOK",
                "LocationStatus":"Recruiting",
                "LocationCity":"Budapest",
                "LocationCountry":"Hungary"
              },{
                "LocationFacility":"Policlinico Sant' Orsola - Malpighi",
                "LocationStatus":"Recruiting",
                "LocationCity":"Bologna",
                "LocationZip":"40138",
                "LocationCountry":"Italy"
              },{
                "LocationFacility":"Amsterdam UMC - Locatie AMC",
                "LocationStatus":"Recruiting",
                "LocationCity":"Amsterdam",
                "LocationZip":"1105 AZ",
                "LocationCountry":"Netherlands"
              },{
                "LocationFacility":"St. Antonius Ziekenhuis",
                "LocationStatus":"Recruiting",
                "LocationCity":"Nieuwegein",
                "LocationZip":"3435 CM",
                "LocationCountry":"Netherlands"
              },{
                "LocationFacility":"Isala Zwolle",
                "LocationStatus":"Recruiting",
                "LocationCity":"Zwolle",
                "LocationZip":"8025 AB",
                "LocationCountry":"Netherlands"
              },{
                "LocationFacility":"Christchurch Hospital",
                "LocationStatus":"Recruiting",
                "LocationCity":"Christchurch",
                "LocationCountry":"New Zealand"
              },{
                "LocationFacility":"Oslo Universitetssykehus-Rikshospitalet",
                "LocationStatus":"Recruiting",
                "LocationCity":"Oslo",
                "LocationZip":"0027",
                "LocationCountry":"Norway"
              },{
                "LocationFacility":"Narodowy Instytut Kardiologii - Stefana kardynała Wyszyńskiego",
                "LocationStatus":"Recruiting",
                "LocationCity":"Warszawa",
                "LocationZip":"04-628",
                "LocationCountry":"Poland"
              },{
                "LocationFacility":"The College of Medicine & King Khalid University Hospital, King Saud University",
                "LocationStatus":"Recruiting",
                "LocationCity":"Riyadh",
                "LocationZip":"11472",
                "LocationCountry":"Saudi Arabia"
              },{
                "LocationFacility":"Hospital Universitario Reina Sofía",
                "LocationStatus":"Recruiting",
                "LocationCity":"Córdoba",
                "LocationZip":"14004",
                "LocationCountry":"Spain"
              },{
                "LocationFacility":"UniversitätsSpital Zürich",
                "LocationStatus":"Active, not recruiting",
                "LocationCity":"Zürich",
                "LocationZip":"8091",
                "LocationCountry":"Switzerland"
              },{
                "LocationFacility":"King's College of London",
                "LocationStatus":"Recruiting",
                "LocationCity":"London",
                "LocationZip":"WC2R 2LS",
                "LocationCountry":"United Kingdom"
              }
            ]
          }
        },
        "IPDSharingStatementModule":{
          "IPDSharing":"No"
        }
      },
      "DerivedSection":{
        "MiscInfoModule":{
          "VersionHolder":"April 19, 2021"
        },
        "ConditionBrowseModule":{
          "ConditionMeshList":{
            "ConditionMesh":[
              {
                "ConditionMeshId":"D000013610",
                "ConditionMeshTerm":"Tachycardia"
              }
            ]
          },
          "ConditionAncestorList":{
            "ConditionAncestor":[
              {
                "ConditionAncestorId":"D000001145",
                "ConditionAncestorTerm":"Arrhythmias, Cardiac"
              },{
                "ConditionAncestorId":"D000006331",
                "ConditionAncestorTerm":"Heart Diseases"
              },{
                "ConditionAncestorId":"D000002318",
                "ConditionAncestorTerm":"Cardiovascular Diseases"
              },{
                "ConditionAncestorId":"D000010335",
                "ConditionAncestorTerm":"Pathologic Processes"
              },{
                "ConditionAncestorId":"D000075224",
                "ConditionAncestorTerm":"Cardiac Conduction System Disease"
              }
            ]
          },
          "ConditionBrowseLeafList":{
            "ConditionBrowseLeaf":[
              {
                "ConditionBrowseLeafId":"M3034",
                "ConditionBrowseLeafName":"Arrhythmias, Cardiac",
                "ConditionBrowseLeafRelevance":"low"
              },{
                "ConditionBrowseLeafId":"M14967",
                "ConditionBrowseLeafName":"Tachycardia",
                "ConditionBrowseLeafAsFound":"Tachycardia",
                "ConditionBrowseLeafRelevance":"high"
              },{
                "ConditionBrowseLeafId":"M8002",
                "ConditionBrowseLeafName":"Heart Diseases",
                "ConditionBrowseLeafRelevance":"low"
              },{
                "ConditionBrowseLeafId":"M1472",
                "ConditionBrowseLeafName":"Cardiac Conduction System Disease",
                "ConditionBrowseLeafRelevance":"low"
              }
            ]
          },
          "ConditionBrowseBranchList":{
            "ConditionBrowseBranch":[
              {
                "ConditionBrowseBranchAbbrev":"BC14",
                "ConditionBrowseBranchName":"Heart and Blood Diseases"
              },{
                "ConditionBrowseBranchAbbrev":"BC23",
                "ConditionBrowseBranchName":"Symptoms and General Pathology"
              },{
                "ConditionBrowseBranchAbbrev":"All",
                "ConditionBrowseBranchName":"All Conditions"
              }
            ]
          }
        }
      }
    }
  }
}

