{
  "FullStudy":{
    "Rank":60455,
    "Study":{
      "ProtocolSection":{
        "IdentificationModule":{
          "NCTId":"NCT04062812",
          "OrgStudyIdInfo":{
            "OrgStudyId":"IIBSP-CIT-2019-34"
          },
          "Organization":{
            "OrgFullName":"Fundació Institut de Recerca de l'Hospital de la Santa Creu i Sant Pau",
            "OrgClass":"OTHER"
          },
          "BriefTitle":"New Citrate Protocol With Baxter in Continuous Techniques",
          "OfficialTitle":"Validation of the Protocol for the Use of Regional Anticoagulation With Baxter Citrate in Continuous Extrarenal Purification Techniques in the Critical Patient"
        },
        "StatusModule":{
          "StatusVerifiedDate":"August 2019",
          "OverallStatus":"Recruiting",
          "ExpandedAccessInfo":{
            "HasExpandedAccess":"No"
          },
          "StartDateStruct":{
            "StartDate":"August 1, 2019",
            "StartDateType":"Actual"
          },
          "PrimaryCompletionDateStruct":{
            "PrimaryCompletionDate":"October 1, 2019",
            "PrimaryCompletionDateType":"Anticipated"
          },
          "CompletionDateStruct":{
            "CompletionDate":"November 9, 2019",
            "CompletionDateType":"Anticipated"
          },
          "StudyFirstSubmitDate":"August 6, 2019",
          "StudyFirstSubmitQCDate":"August 19, 2019",
          "StudyFirstPostDateStruct":{
            "StudyFirstPostDate":"August 20, 2019",
            "StudyFirstPostDateType":"Actual"
          },
          "LastUpdateSubmitDate":"August 19, 2019",
          "LastUpdatePostDateStruct":{
            "LastUpdatePostDate":"August 20, 2019",
            "LastUpdatePostDateType":"Actual"
          }
        },
        "SponsorCollaboratorsModule":{
          "ResponsibleParty":{
            "ResponsiblePartyType":"Sponsor"
          },
          "LeadSponsor":{
            "LeadSponsorName":"Fundació Institut de Recerca de l'Hospital de la Santa Creu i Sant Pau",
            "LeadSponsorClass":"OTHER"
          }
        },
        "OversightModule":{},
        "DescriptionModule":{
          "BriefSummary":"The investigators designed a monitoring and control table of a citrate treatment on a specific monitor. This is the Baxter \"Prismaflex\" monitor, with 8.2 software version. Dialysis bath liquids marketed by Baxter: Biphozyl are used. Citrate liquid (1:18) Regiocit is used.\n\nThe dialysis treatment monitor (CVVHD) is programmed, with a blood / citrate pumps at a rate of 1:10 (1 ml / min of blood: 10 ml / h of dialysis fluid) The starting dose of citrate will be 3.5 mmol / l and the calcium compensation will be 100% Working hypothesis: The patient undergoing citrate anticoagulation according to the designed algorithm will respond with ion stability and pH during the treatment, in addition to achieving an effective cleaning process.",
          "DetailedDescription":"Study design:\n\nObservational Registration of variables for analysis.\n\nStudy population Inclusión/exclusion criteria:\n\nAdult patients (regardless of their underlying pathology), who develop acute renal failure, admitted to the ICU of St Pau Hospital with the Intensive Medicine medical team, who require citrate anticoagulation in continuous dialysis therapy and are treated with Baxter \"Prismaflex\" monitor.\n\nPatients who meet the criteria described above will be followed up in this study.\n\nExpected sample size:\n\nIt is estimated that with 10 patients will be enough to achieve our goal.\n\nMethodology. Information sources:\n\nThe start of the treatment with Baxter citrate will be given according to the patient's need and subject to a basic medical decision. From here the research team will enter. The investigation team will never influence the medical decision.\n\nSince such a treatment is started, the main investigator will assign a number to the dialysis circuit and will be followed, every six hours, for the most important variables. The rest of the variables will be collected at least once a day and according to the patient's situation."
        },
        "ConditionsModule":{
          "ConditionList":{
            "Condition":[
              "Renal Insufficiency, Acute"
            ]
          },
          "KeywordList":{
            "Keyword":[
              "citrate anticoagulation",
              "calcemia control"
            ]
          }
        },
        "DesignModule":{
          "StudyType":"Observational",
          "PatientRegistry":"No",
          "DesignInfo":{
            "DesignObservationalModelList":{
              "DesignObservationalModel":[
                "Cohort"
              ]
            },
            "DesignTimePerspectiveList":{
              "DesignTimePerspective":[
                "Prospective"
              ]
            }
          },
          "EnrollmentInfo":{
            "EnrollmentCount":"10",
            "EnrollmentType":"Anticipated"
          }
        },
        "OutcomesModule":{
          "PrimaryOutcomeList":{
            "PrimaryOutcome":[
              {
                "PrimaryOutcomeMeasure":"Dialysis flow",
                "PrimaryOutcomeDescription":"Speed at which the dialysis fluid pump is programmed in the circuit and measured in milliliters / hour",
                "PrimaryOutcomeTimeFrame":"6 hours"
              },{
                "PrimaryOutcomeMeasure":"Blood flow",
                "PrimaryOutcomeDescription":"Speed at which the blood pump is programmed in the dialysis circuit and measured in milliliters / min",
                "PrimaryOutcomeTimeFrame":"6 hours"
              },{
                "PrimaryOutcomeMeasure":"Citrate dose",
                "PrimaryOutcomeDescription":"Relationship that exists between the liquid we infuse (which contains 18mmol / L citrate) and the blood pump. It is measured in mmol citrate / liter of blood",
                "PrimaryOutcomeTimeFrame":"6 hours"
              },{
                "PrimaryOutcomeMeasure":"Calcium dose",
                "PrimaryOutcomeDescription":"Amount of calcium that is replenished to the patient when the dialyzed blood is returned. It is measured in%.",
                "PrimaryOutcomeTimeFrame":"6 hours"
              }
            ]
          },
          "SecondaryOutcomeList":{
            "SecondaryOutcome":[
              {
                "SecondaryOutcomeMeasure":"Filter operating hours",
                "SecondaryOutcomeDescription":"They correspond to the hours that go from the beginning of the circuit until the end of the circuit in which the fungible is discarded. It can be several days",
                "SecondaryOutcomeTimeFrame":"number of hours"
              },{
                "SecondaryOutcomeMeasure":"Arterial pH",
                "SecondaryOutcomeDescription":"Corresponds to the patient's arterial blood pH figure at the time of observation",
                "SecondaryOutcomeTimeFrame":"6 hours"
              },{
                "SecondaryOutcomeMeasure":"Arterial bicarbonate",
                "SecondaryOutcomeDescription":"It is the bicarbonate figure found in arterial blood. It is measured in mmol / l.",
                "SecondaryOutcomeTimeFrame":"6 hours"
              },{
                "SecondaryOutcomeMeasure":"Post-filter ionic calcium",
                "SecondaryOutcomeDescription":"Corresponds to the value of ionic calcium by taking the sample at the blood outlet of the dialysis filter. It is measured in mmol / l.",
                "SecondaryOutcomeTimeFrame":"6 hours"
              },{
                "SecondaryOutcomeMeasure":"Ionic Calcium Patien",
                "SecondaryOutcomeDescription":"It is the ionic calcium value of the patient in a systemic way, preferably arterial. It is measured in mmol / l",
                "SecondaryOutcomeTimeFrame":"6 hours"
              },{
                "SecondaryOutcomeMeasure":"Total calcium",
                "SecondaryOutcomeDescription":"Total calcium value. It is measured in mmol / l",
                "SecondaryOutcomeTimeFrame":"6 hours"
              },{
                "SecondaryOutcomeMeasure":"Total Ca / Ionic Ca Ratio",
                "SecondaryOutcomeDescription":"Relationship between the total calcium and the ionic one of the patient",
                "SecondaryOutcomeTimeFrame":"24 hours"
              },{
                "SecondaryOutcomeMeasure":"Match",
                "SecondaryOutcomeDescription":"Value of this ion in the patient. It is measured in mmol / l.",
                "SecondaryOutcomeTimeFrame":"24 hours"
              },{
                "SecondaryOutcomeMeasure":"Magnesium",
                "SecondaryOutcomeDescription":"Value of this ion in the patient. It is measured in mmol / l.",
                "SecondaryOutcomeTimeFrame":"24 hours"
              },{
                "SecondaryOutcomeMeasure":"Sodium",
                "SecondaryOutcomeDescription":"Value of this ion in the patient. It is measured in mmol / l.",
                "SecondaryOutcomeTimeFrame":"24 hours"
              },{
                "SecondaryOutcomeMeasure":"Potassium",
                "SecondaryOutcomeDescription":"Value of this ion in the patient. It is measured in mmol / l.",
                "SecondaryOutcomeTimeFrame":"24 hours"
              },{
                "SecondaryOutcomeMeasure":"Urea",
                "SecondaryOutcomeDescription":"Urea level of the patient at the time of observation",
                "SecondaryOutcomeTimeFrame":"24 hours"
              },{
                "SecondaryOutcomeMeasure":"Creatinine",
                "SecondaryOutcomeDescription":"Creatinine level of the patient at the time of observation",
                "SecondaryOutcomeTimeFrame":"24 hours"
              },{
                "SecondaryOutcomeMeasure":"INR",
                "SecondaryOutcomeDescription":"INR level of the patient at the time of observation",
                "SecondaryOutcomeTimeFrame":"24 hours"
              },{
                "SecondaryOutcomeMeasure":"Lactate",
                "SecondaryOutcomeDescription":"Lactate level of the patient at the time of observation",
                "SecondaryOutcomeTimeFrame":"24 hours"
              }
            ]
          }
        },
        "EligibilityModule":{
          "EligibilityCriteria":"Inclusion Criteria:\n\nAdult patients (regardless of their underlying pathology), who develop acute renal failure, admitted to the ICU of St Pau with the medical team of Intensive Medicine, who require anticoagulation with citrate in continuous dialysis therapy and are treated with the Baxter monitor.\n\nExclusion Criteria:\n\nThose patients who do not meet the above requirement",
          "HealthyVolunteers":"No",
          "Gender":"All",
          "StdAgeList":{
            "StdAge":[
              "Child",
              "Adult",
              "Older Adult"
            ]
          },
          "StudyPopulation":"Adult patients admitted to our service with acute renal failure",
          "SamplingMethod":"Non-Probability Sample"
        },
        "ContactsLocationsModule":{
          "CentralContactList":{
            "CentralContact":[
              {
                "CentralContactName":"Almudena Mateos Dávila",
                "CentralContactRole":"Contact",
                "CentralContactPhone":"617763618",
                "CentralContactEMail":"amateos@santpau.cat"
              }
            ]
          },
          "LocationList":{
            "Location":[
              {
                "LocationFacility":"Fundació de Gestió Sanitària de l'Hospital de la Santa Creu i Sant Pau",
                "LocationStatus":"Recruiting",
                "LocationCity":"Barcelona",
                "LocationZip":"08041",
                "LocationCountry":"Spain",
                "LocationContactList":{
                  "LocationContact":[
                    {
                      "LocationContactName":"Almudena Mateos Dávila",
                      "LocationContactRole":"Contact",
                      "LocationContactPhone":"617763618",
                      "LocationContactEMail":"amateos@santpau.cat"
                    }
                  ]
                }
              }
            ]
          }
        }
      },
      "DerivedSection":{
        "MiscInfoModule":{
          "VersionHolder":"April 19, 2021"
        },
        "ConditionBrowseModule":{
          "ConditionMeshList":{
            "ConditionMesh":[
              {
                "ConditionMeshId":"D000051437",
                "ConditionMeshTerm":"Renal Insufficiency"
              },{
                "ConditionMeshId":"D000058186",
                "ConditionMeshTerm":"Acute Kidney Injury"
              }
            ]
          },
          "ConditionAncestorList":{
            "ConditionAncestor":[
              {
                "ConditionAncestorId":"D000007674",
                "ConditionAncestorTerm":"Kidney Diseases"
              },{
                "ConditionAncestorId":"D000014570",
                "ConditionAncestorTerm":"Urologic Diseases"
              }
            ]
          },
          "ConditionBrowseLeafList":{
            "ConditionBrowseLeaf":[
              {
                "ConditionBrowseLeafId":"M25305",
                "ConditionBrowseLeafName":"Renal Insufficiency",
                "ConditionBrowseLeafAsFound":"Renal Insufficiency",
                "ConditionBrowseLeafRelevance":"high"
              },{
                "ConditionBrowseLeafId":"M27585",
                "ConditionBrowseLeafName":"Acute Kidney Injury",
                "ConditionBrowseLeafAsFound":"Renal Insufficiency, Acute",
                "ConditionBrowseLeafRelevance":"high"
              },{
                "ConditionBrowseLeafId":"M9281",
                "ConditionBrowseLeafName":"Kidney Diseases",
                "ConditionBrowseLeafRelevance":"low"
              },{
                "ConditionBrowseLeafId":"M15902",
                "ConditionBrowseLeafName":"Urologic Diseases",
                "ConditionBrowseLeafRelevance":"low"
              }
            ]
          },
          "ConditionBrowseBranchList":{
            "ConditionBrowseBranch":[
              {
                "ConditionBrowseBranchAbbrev":"BXS",
                "ConditionBrowseBranchName":"Urinary Tract, Sexual Organs, and Pregnancy Conditions"
              },{
                "ConditionBrowseBranchAbbrev":"All",
                "ConditionBrowseBranchName":"All Conditions"
              }
            ]
          }
        },
        "InterventionBrowseModule":{
          "InterventionBrowseLeafList":{
            "InterventionBrowseLeaf":[
              {
                "InterventionBrowseLeafId":"M19904",
                "InterventionBrowseLeafName":"Citric Acid",
                "InterventionBrowseLeafRelevance":"low"
              },{
                "InterventionBrowseLeafId":"M1837",
                "InterventionBrowseLeafName":"Sodium Citrate",
                "InterventionBrowseLeafRelevance":"low"
              },{
                "InterventionBrowseLeafId":"T382",
                "InterventionBrowseLeafName":"Citrate",
                "InterventionBrowseLeafRelevance":"low"
              }
            ]
          },
          "InterventionBrowseBranchList":{
            "InterventionBrowseBranch":[
              {
                "InterventionBrowseBranchAbbrev":"AnCoag",
                "InterventionBrowseBranchName":"Anticoagulants"
              },{
                "InterventionBrowseBranchAbbrev":"All",
                "InterventionBrowseBranchName":"All Drugs and Chemicals"
              },{
                "InterventionBrowseBranchAbbrev":"Ot",
                "InterventionBrowseBranchName":"Other Dietary Supplements"
              }
            ]
          }
        }
      }
    }
  }
}

