{
  "FullStudy":{
    "Rank":59979,
    "Study":{
      "ProtocolSection":{
        "IdentificationModule":{
          "NCTId":"NCT04069026",
          "OrgStudyIdInfo":{
            "OrgStudyId":"20201"
          },
          "SecondaryIdInfoList":{
            "SecondaryIdInfo":[
              {
                "SecondaryId":"2019-000722-22",
                "SecondaryIdType":"EudraCT Number"
              }
            ]
          },
          "Organization":{
            "OrgFullName":"Bayer",
            "OrgClass":"INDUSTRY"
          },
          "BriefTitle":"A First-in-Humans Dose Finding Study for an Aryl Hydrocarbon Receptor Inhibitor (AhRi) in Patients With Advanced Cancer",
          "OfficialTitle":"An Open-label, Phase 1, First-in-human, Dose Escalation and Expansion Study to Evaluate the Safety, Tolerability, Maximum Tolerated or Administered Dose, Pharmacokinetics, Pharmacodynamics and Tumor Response Profile of the Aryl Hydrocarbon Receptor Inhibitor (AhRi) BAY 2416964 in Participants With Advanced Solid Tumors"
        },
        "StatusModule":{
          "StatusVerifiedDate":"April 2021",
          "OverallStatus":"Recruiting",
          "ExpandedAccessInfo":{
            "HasExpandedAccess":"No"
          },
          "StartDateStruct":{
            "StartDate":"August 15, 2019",
            "StartDateType":"Actual"
          },
          "PrimaryCompletionDateStruct":{
            "PrimaryCompletionDate":"January 30, 2023",
            "PrimaryCompletionDateType":"Anticipated"
          },
          "CompletionDateStruct":{
            "CompletionDate":"May 4, 2023",
            "CompletionDateType":"Anticipated"
          },
          "StudyFirstSubmitDate":"August 9, 2019",
          "StudyFirstSubmitQCDate":"August 23, 2019",
          "StudyFirstPostDateStruct":{
            "StudyFirstPostDate":"August 28, 2019",
            "StudyFirstPostDateType":"Actual"
          },
          "LastUpdateSubmitDate":"April 8, 2021",
          "LastUpdatePostDateStruct":{
            "LastUpdatePostDate":"April 9, 2021",
            "LastUpdatePostDateType":"Actual"
          }
        },
        "SponsorCollaboratorsModule":{
          "ResponsibleParty":{
            "ResponsiblePartyType":"Sponsor"
          },
          "LeadSponsor":{
            "LeadSponsorName":"Bayer",
            "LeadSponsorClass":"INDUSTRY"
          }
        },
        "OversightModule":{
          "OversightHasDMC":"No",
          "IsFDARegulatedDrug":"Yes",
          "IsFDARegulatedDevice":"No"
        },
        "DescriptionModule":{
          "BriefSummary":"In this study researchers want to gather relevant information regarding the safety of BAY2416964 and how well the drug works in participants with a type of solid tumors that cannot be cured by currently available drugs. Researchers want to find the highest dose of BAY2416964 that participants could take without having too many side effects, how the drug is tolerated and the way the body absorbs, distributes and gets rid of the study dug. BAY2416964 is a small molecule which blocks the Aryl Hydrocarbon Receptor (a protein involved in immune cell reaction to tumor cells) allowing the body to use its immune response against the tumor cells."
        },
        "ConditionsModule":{
          "ConditionList":{
            "Condition":[
              "Advanced Solid Tumors"
            ]
          },
          "KeywordList":{
            "Keyword":[
              "Non-small cell lung cancer (NSCLC)",
              "Head and neck squamous cell carcinoma (HNSCC)",
              "Colorectal cancer microsatellite stable (MSS)",
              "Advanced cancer",
              "Immunotherapy",
              "Immuno oncology",
              "Aryl Hydrocarbon Receptor inhibitor(AhRi)",
              "Aryl Hydrocarbon Receptor"
            ]
          }
        },
        "DesignModule":{
          "StudyType":"Interventional",
          "PhaseList":{
            "Phase":[
              "Phase 1"
            ]
          },
          "DesignInfo":{
            "DesignAllocation":"Non-Randomized",
            "DesignInterventionModel":"Sequential Assignment",
            "DesignPrimaryPurpose":"Treatment",
            "DesignMaskingInfo":{
              "DesignMasking":"None (Open Label)"
            }
          },
          "EnrollmentInfo":{
            "EnrollmentCount":"174",
            "EnrollmentType":"Anticipated"
          }
        },
        "ArmsInterventionsModule":{
          "ArmGroupList":{
            "ArmGroup":[
              {
                "ArmGroupLabel":"Dose escalation of BAY2416964",
                "ArmGroupType":"Experimental",
                "ArmGroupDescription":"Approximately 8 dose levels of BAY2416964 are planned",
                "ArmGroupInterventionList":{
                  "ArmGroupInterventionName":[
                    "Drug: BAY2416964"
                  ]
                }
              },{
                "ArmGroupLabel":"Dose expansion of BAY2416964 in tumor type specific",
                "ArmGroupType":"Experimental",
                "ArmGroupDescription":"Patients with NSCLC, HNSCC, Urothelial cancer and Colorectal cancer MSS",
                "ArmGroupInterventionList":{
                  "ArmGroupInterventionName":[
                    "Drug: BAY2416964"
                  ]
                }
              }
            ]
          },
          "InterventionList":{
            "Intervention":[
              {
                "InterventionType":"Drug",
                "InterventionName":"BAY2416964",
                "InterventionDescription":"Oral application of study drug daily in a predefined dose escalation scheme.",
                "InterventionArmGroupLabelList":{
                  "InterventionArmGroupLabel":[
                    "Dose escalation of BAY2416964"
                  ]
                }
              },{
                "InterventionType":"Drug",
                "InterventionName":"BAY2416964",
                "InterventionDescription":"Oral application of study drug daily at the dose defined in the dose escalation scheme to determine the recommended phase 2 dose (RP2D).",
                "InterventionArmGroupLabelList":{
                  "InterventionArmGroupLabel":[
                    "Dose expansion of BAY2416964 in tumor type specific"
                  ]
                }
              }
            ]
          }
        },
        "OutcomesModule":{
          "PrimaryOutcomeList":{
            "PrimaryOutcome":[
              {
                "PrimaryOutcomeMeasure":"The incidence of treatment emergent adverse events (TEAEs) including treatment-emergent serious adverse events (TESAEs) and dose-limiting toxicities (DLTs)",
                "PrimaryOutcomeTimeFrame":"Up to 30 days after end of treatment"
              },{
                "PrimaryOutcomeMeasure":"Severity of treatment emergent adverse events (TEAEs) including treatment-emergent serious adverse events (TESAEs) and dose-limiting toxicities (DLTs)",
                "PrimaryOutcomeTimeFrame":"Up to 30 days after end of treatment"
              },{
                "PrimaryOutcomeMeasure":"Maximum tolerated dose (MTD) or maximum administered dose (MAD) of BAY2416964",
                "PrimaryOutcomeDescription":"MTD:defined as the dose level that can be given such that the estimated Dose limiting toxicity (DLT) probability is closest to approximately 25%.",
                "PrimaryOutcomeTimeFrame":"Cycle 1 (21 days) in dose escalation"
              },{
                "PrimaryOutcomeMeasure":"Recommended Phase II dose (RP2D) of BAY2416964",
                "PrimaryOutcomeDescription":"Integration of all available safety, PK and PD data",
                "PrimaryOutcomeTimeFrame":"Up to 30 days after end of treatment"
              },{
                "PrimaryOutcomeMeasure":"Maximal plasma exposure (Cmax) for once daily (QD) dosing of BAY 2416964 after single-dose and multiple-dose in Cycle 1.",
                "PrimaryOutcomeTimeFrame":"From pre-dose up to 24 hours after administration on Cycle 1 (21 days) Day 1. From pre-dose up to 12 hours after administration on Cycle 1 (21 days) Day 15"
              },{
                "PrimaryOutcomeMeasure":"Area under the curve [AUC (0 - 24)] for QD dosing of BAY 2416964 after single-dose in Cycle 1.",
                "PrimaryOutcomeTimeFrame":"From pre-dose up to 24 hours after administration on Cycle 1 (21 days) Day 1"
              },{
                "PrimaryOutcomeMeasure":"Alternatively AUC(0-12) for 2 times daily (BID) dosing after single dose in cycle 1 (based on outcome of PK decision point)",
                "PrimaryOutcomeTimeFrame":"From pre-dose up to 12 hours after administration on Cycle 1 (21 days) Day 1"
              },{
                "PrimaryOutcomeMeasure":"AUC(0-12) after multiple dose",
                "PrimaryOutcomeTimeFrame":"From pre-dose up to 12 hours after administration on Cycle 1 (21 days) Day 15"
              }
            ]
          },
          "SecondaryOutcomeList":{
            "SecondaryOutcome":[
              {
                "SecondaryOutcomeMeasure":"Objective response rate (ORR) by RECIST 1.1",
                "SecondaryOutcomeTimeFrame":"At the end of cycle 2 (- 7 days; each cycle is 21 days) and every 6 weeks thereafter, an average of 6 months."
              },{
                "SecondaryOutcomeMeasure":"Change from baseline in AhR target gene expression in whole blood after ex-vivo stimulation",
                "SecondaryOutcomeTimeFrame":"Screening, Cycle 1 Day 1, Cycle 1 Day 15, Cycle 2 Day 1, Cycle 4 Day 1(each cycle is 21 days)"
              },{
                "SecondaryOutcomeMeasure":"Cytokine measurements, e.g. IL-6 (immunoassay), in whole blood after ex-vivo stimulation.",
                "SecondaryOutcomeTimeFrame":"Screening, Cycle 1 Day 1, Cycle 1 Day 15, Cycle 2 Day 1, Cycle 4 Day 1(each cycle is 21 days)"
              }
            ]
          }
        },
        "EligibilityModule":{
          "EligibilityCriteria":"Inclusion Criteria:\n\nParticipants must be ≥18 years of age inclusive, at the time of signing the informed consent.\n\nParticipants with following histologically or cytologically confirmed advanced solid tumors that have progressed after treatment with all available therapies for metastatic disease that are known to confer clinical benefit, or are intolerant to treatment, or refuse standard treatment. Note: there is no limit to the number of prior treatment regimens. Immune checkpoint inhibitors are also allowed in pretreatment.\n\nDose Escalation: all solid tumor types\n\nTumor type-specific high-dose (MTD or MAD) Expansion cohorts: Will be grouped by tumor type, but no specific biomarker selection will be applied:\n\nNSCLC\nHNSCC\nColorectal cancer MSS\nUrothelial cancer\nTumor type-specific low-dose Expansion cohort: Any tumor type based on data from dose escalation and expansion indicating pharmacodynamics effect and/or clinical response from the tumor type-specific high-dose(MTD or MAD) expansion.\n\nHave measurable disease per RECIST 1.1 as assessed by CT/MRI. At least one measurable lesion by RECIST 1.1 is required. Lesions situated in a previously irradiated area, or in an area subjected to other loco-regional therapy, are considered measurable if progression has been demonstrated in such lesions.\n\nLife expectancy at least 12 weeks.\nEastern Cooperative Oncology Group (ECOG)performance status of 0 to 1.\n\nAdequate bone marrow and organ function as assessed by the following laboratory tests performed within 7 days before treatment initiation.\n\nBone marrow reserve:\n\nAbsolute neutrophil count (ANC) ≥ 1.5 x 109/L\nHemoglobin (Hb) ≥ 9.0g/dL, without erythropoietin dependency and without packed red blood cell (pRBC) transfusion within last 2 weeks.\nPlatelet count ≥ 100 x 109/L. Transfusion to meet the inclusion criteria will not be allowed.\n\nHepatic:\n\nTotal bilirubin ≤ 1.5 x the upper limit of normal range (ULN). Known Gilbert syndrome is allowed if total bilirubin is ≤ 3 x ULN.\nAlanine aminotransferase (ALT) and aspartate aminotransferase (AST) ≤ 2.5 x ULN (≤ 5 x ULN for participants with liver metastases).\nAlbumin > 25 g/L.\n\nRenal:\n\n--- eGFR ≥ 60 mL/min as calculated using the MDRD equation or creatinine level ≤ 1.5x ULN.\n\nLipase and amylase ≤ 1.5 x ULN.\n\nCoagulation:\n\nInternational normalized ratio (INR) OR prothrombin time (PT) AND activated partial thromboplastin time (aPTT) ≤ 1.5 x ULN unless the participant is receiving anticoagulant therapy as long as PT or aPTT is within therapeutic range of intended use of anticoagulants.\nAdequate cardiac function, measured by echocardiography within 28 days before start of study intervention (left ventricular ejection fraction within institutional normal range for age and gender).\n\nExclusion Criteria:\n\nSevere (CTCAE v.5 Grade ≥ 3) infections within 4 weeks before the first BAY2416964 administration, including but not limited to hospitalization for complications of infection, bacteremia, or severe pneumonia. Clinically active infections (CTCAE v.5 > Grade 1) within 2 weeks before the first BAY2416964 administration.\nActive autoimmune disease that has required systemic treatment in past 2 years (i.e., with use of disease modifying agents, corticosteroids or immunosuppressive drugs). Replacement therapy (e.g., thyroxine, insulin, or physiologic corticosteroid replacement therapy for adrenal or pituitary insufficiency) is not considered a form of systemic treatment and is allowed.\nHas a diagnosis of immunodeficiency or is receiving chronic systemic steroid therapy (in dosing exceeding 10 mg daily of prednisone or equivalent) or any other form of immunosuppressive therapy within 7 days prior the first dose of study intervention.\nCongestive heart failure New York Heart Association (NYHA) greater than Class I or cardiac arrhythmias requiring anti-arrhythmic therapy other than beta blockers or calcium channel blockers.\nHas known active central nervous system (CNS) metastases and/or carcinomatous meningitis.\n\nParticipants with previously treated brain metastases may participate provided they are radiologically stable, i.e., without evidence of progression for at least 4 weeks by repeat imaging (note that repeat imaging should be performed during study screening), clinically stable and without requirement of steroid treatment for at least 14 days prior to first dose of study intervention.\n\nInterstitial lung disease or chronic obstructive pulmonary disease (COPD) with ongoing signs and symptoms at the time of screening. Has a history of (non-infectious) pneumonitis that required steroids or has current pneumonitis.\nSignificant acute gastrointestinal disorders with diarrhea as a major symptom, e.g. Crohn's disease, malabsorption, or ≥ NCI-CTCAE v. 5.0 Grade 2 diarrhea of any etiology.\nHistory of organ allograft transplantation, including allogeneic bone marrow transplantation.\nHas received prior radiotherapy within 2 weeks before start of BAY2416964 or received radiation therapy to the lung that is > 30 Gy within 6 months before start of study intervention. Participants must have recovered from all radiation-related toxicities, not require corticosteroids, and not have had radiation pneumonitis. A 1-week washout is permitted for palliative radiation (≤2 weeks of radiotherapy) to non-CNS disease.\nTreatment with systemic immunosuppressant medications (including but not limited to doses > 10 mg/day prednisone or equivalent, cyclophosphamide, azathioprine, methotrexate, thalidomide, and anti-tumor necrosis factor [anti-TNF] agents) within 2 weeks before the first BAY2416964 administration.\n\nThe use of inhaled corticosteroids, or low doses of glucocorticoids (no more than 10 mg/day prednisone or equivalent; if a higher dose would be needed to maintain adrenal function investigator must obtain approval from sponsor), and mineralocorticoids (e.g. fludrocortisone for adrenal insufficiency) is allowed.",
          "HealthyVolunteers":"No",
          "Gender":"All",
          "MinimumAge":"18 Years",
          "StdAgeList":{
            "StdAge":[
              "Adult",
              "Older Adult"
            ]
          }
        },
        "ContactsLocationsModule":{
          "CentralContactList":{
            "CentralContact":[
              {
                "CentralContactName":"Bayer Clinical Trials Contact",
                "CentralContactRole":"Contact",
                "CentralContactPhone":"(+)1-888-84 22937",
                "CentralContactEMail":"clinical-trials-contact@bayer.com"
              }
            ]
          },
          "LocationList":{
            "Location":[
              {
                "LocationFacility":"Yale University School of Medicine",
                "LocationStatus":"Recruiting",
                "LocationCity":"New Haven",
                "LocationState":"Connecticut",
                "LocationZip":"06520-8028",
                "LocationCountry":"United States"
              },{
                "LocationFacility":"Greenville Health System",
                "LocationStatus":"Recruiting",
                "LocationCity":"Greenville",
                "LocationState":"South Carolina",
                "LocationZip":"29605",
                "LocationCountry":"United States"
              },{
                "LocationFacility":"University of Texas MD Anderson Cancer Center",
                "LocationStatus":"Recruiting",
                "LocationCity":"Houston",
                "LocationState":"Texas",
                "LocationZip":"77030",
                "LocationCountry":"United States"
              },{
                "LocationFacility":"South Texas Accelerated Research Therapeutics, LLC",
                "LocationStatus":"Recruiting",
                "LocationCity":"San Antonio",
                "LocationState":"Texas",
                "LocationZip":"78229-3307",
                "LocationCountry":"United States"
              },{
                "LocationFacility":"Cross Cancer Institute",
                "LocationStatus":"Not yet recruiting",
                "LocationCity":"Edmonton",
                "LocationState":"Alberta",
                "LocationZip":"T6G 1Z2",
                "LocationCountry":"Canada"
              },{
                "LocationFacility":"Princess Margaret Hospital-University Health Network",
                "LocationStatus":"Not yet recruiting",
                "LocationCity":"Toronto",
                "LocationState":"Ontario",
                "LocationZip":"M5G 2M9",
                "LocationCountry":"Canada"
              },{
                "LocationFacility":"CHU de Québec-Université Laval",
                "LocationStatus":"Not yet recruiting",
                "LocationCity":"Quebec",
                "LocationZip":"G1R2J6",
                "LocationCountry":"Canada"
              },{
                "LocationFacility":"Cancer Hospital, Chinese Academy of Medical Sciences",
                "LocationStatus":"Not yet recruiting",
                "LocationCity":"Beijing",
                "LocationZip":"100021",
                "LocationCountry":"China"
              },{
                "LocationFacility":"Universitätsklinikum Heidelberg",
                "LocationStatus":"Recruiting",
                "LocationCity":"Heidelberg",
                "LocationState":"Baden-Württemberg",
                "LocationZip":"69120",
                "LocationCountry":"Germany"
              },{
                "LocationFacility":"Universitätsklinikum Carl Gustav Carus Dresden",
                "LocationStatus":"Not yet recruiting",
                "LocationCity":"Dresden",
                "LocationState":"Sachsen",
                "LocationZip":"01307",
                "LocationCountry":"Germany"
              },{
                "LocationFacility":"Charité Campus Benjamin Franklin (CBF)",
                "LocationStatus":"Not yet recruiting",
                "LocationCity":"Berlin",
                "LocationZip":"12200",
                "LocationCountry":"Germany"
              },{
                "LocationFacility":"Institut Català d'Oncologia Hospitalet",
                "LocationStatus":"Not yet recruiting",
                "LocationCity":"L'Hospitalet de Llobregat",
                "LocationState":"Barcelona",
                "LocationZip":"08907",
                "LocationCountry":"Spain"
              },{
                "LocationFacility":"Hospital Ramón y Cajal",
                "LocationStatus":"Not yet recruiting",
                "LocationCity":"Madrid",
                "LocationZip":"28034",
                "LocationCountry":"Spain"
              },{
                "LocationFacility":"Hospital Universitario 12 de Octubre",
                "LocationStatus":"Not yet recruiting",
                "LocationCity":"Madrid",
                "LocationZip":"28041",
                "LocationCountry":"Spain"
              },{
                "LocationFacility":"Hospital Clínico Universitario de Valencia",
                "LocationStatus":"Not yet recruiting",
                "LocationCity":"Valencia",
                "LocationZip":"46010",
                "LocationCountry":"Spain"
              },{
                "LocationFacility":"Royal Marsden NHS Trust (Surrey)",
                "LocationStatus":"Recruiting",
                "LocationCity":"Sutton",
                "LocationState":"Surrey",
                "LocationZip":"SM2 5PT",
                "LocationCountry":"United Kingdom"
              },{
                "LocationFacility":"Beatson West of Scotland Cancer Centre",
                "LocationStatus":"Not yet recruiting",
                "LocationCity":"Glasgow",
                "LocationZip":"G12 0YN",
                "LocationCountry":"United Kingdom"
              },{
                "LocationFacility":"Christie Hospital",
                "LocationStatus":"Not yet recruiting",
                "LocationCity":"Manchester",
                "LocationZip":"M20 4BX",
                "LocationCountry":"United Kingdom"
              }
            ]
          }
        },
        "IPDSharingStatementModule":{
          "IPDSharing":"Undecided",
          "IPDSharingDescription":"Availability of this study's data will be determined according to Bayer's commitment to the EFPIA/PhRMA \"Principles for responsible clinical trial data sharing\". This pertains to scope, timepoint and process of data access.\n\nAs such, Bayer commits to sharing upon request from qualified researchers patient-level clinical trial data, study-level clinical trial data, and protocols from clinical trials in patients for medicines and indications approved in the US and EU as necessary for conducting legitimate research. This applies to data on new medicines and indications that have been approved by the EU and US regulatory agencies on or after January 01, 2014.\n\nInterested researchers can use www.clinicalstudydatarequest.com to request access to anonymized patient-level data and supporting documents from clinical studies to conduct research. Information on the Bayer criteria for listing studies and other relevant information is provided in the Study sponsors section of the portal."
        }
      },
      "DerivedSection":{
        "MiscInfoModule":{
          "VersionHolder":"April 19, 2021"
        },
        "ConditionBrowseModule":{
          "ConditionBrowseLeafList":{
            "ConditionBrowseLeaf":[
              {
                "ConditionBrowseLeafId":"M4116",
                "ConditionBrowseLeafName":"Carcinoma",
                "ConditionBrowseLeafRelevance":"low"
              },{
                "ConditionBrowseLeafId":"M9755",
                "ConditionBrowseLeafName":"Lung Neoplasms",
                "ConditionBrowseLeafRelevance":"low"
              },{
                "ConditionBrowseLeafId":"M4128",
                "ConditionBrowseLeafName":"Carcinoma, Non-Small-Cell Lung",
                "ConditionBrowseLeafRelevance":"low"
              },{
                "ConditionBrowseLeafId":"M1689",
                "ConditionBrowseLeafName":"Squamous Cell Carcinoma of Head and Neck",
                "ConditionBrowseLeafRelevance":"low"
              },{
                "ConditionBrowseLeafId":"M4132",
                "ConditionBrowseLeafName":"Carcinoma, Squamous Cell",
                "ConditionBrowseLeafRelevance":"low"
              },{
                "ConditionBrowseLeafId":"M16473",
                "ConditionBrowseLeafName":"Colorectal Neoplasms",
                "ConditionBrowseLeafRelevance":"low"
              }
            ]
          },
          "ConditionBrowseBranchList":{
            "ConditionBrowseBranch":[
              {
                "ConditionBrowseBranchAbbrev":"BC04",
                "ConditionBrowseBranchName":"Cancers and Other Neoplasms"
              },{
                "ConditionBrowseBranchAbbrev":"All",
                "ConditionBrowseBranchName":"All Conditions"
              },{
                "ConditionBrowseBranchAbbrev":"BC08",
                "ConditionBrowseBranchName":"Respiratory Tract (Lung and Bronchial) Diseases"
              },{
                "ConditionBrowseBranchAbbrev":"BC06",
                "ConditionBrowseBranchName":"Digestive System Diseases"
              }
            ]
          }
        }
      }
    }
  }
}

