{
  "FullStudy":{
    "Rank":60632,
    "Study":{
      "ProtocolSection":{
        "IdentificationModule":{
          "NCTId":"NCT04060511",
          "OrgStudyIdInfo":{
            "OrgStudyId":"HS-10342-101"
          },
          "Organization":{
            "OrgFullName":"Jiangsu Hansoh Pharmaceutical Co., Ltd.",
            "OrgClass":"INDUSTRY"
          },
          "BriefTitle":"A Phase 1 Study of HS-10342 In Patients With Advanced Solid Tumor",
          "OfficialTitle":"A Phase 1, Multicenter Study to Evaluate the Safety, Tolerability, Pharmacokinetics and Efficacy of HS-10342 in Patients With Advanced Solid Tumor"
        },
        "StatusModule":{
          "StatusVerifiedDate":"January 2019",
          "OverallStatus":"Unknown status",
          "LastKnownStatus":"Recruiting",
          "ExpandedAccessInfo":{
            "HasExpandedAccess":"No"
          },
          "StartDateStruct":{
            "StartDate":"June 20, 2019",
            "StartDateType":"Actual"
          },
          "PrimaryCompletionDateStruct":{
            "PrimaryCompletionDate":"December 2019",
            "PrimaryCompletionDateType":"Anticipated"
          },
          "CompletionDateStruct":{
            "CompletionDate":"June 2020",
            "CompletionDateType":"Anticipated"
          },
          "StudyFirstSubmitDate":"August 15, 2019",
          "StudyFirstSubmitQCDate":"August 16, 2019",
          "StudyFirstPostDateStruct":{
            "StudyFirstPostDate":"August 19, 2019",
            "StudyFirstPostDateType":"Actual"
          },
          "LastUpdateSubmitDate":"August 16, 2019",
          "LastUpdatePostDateStruct":{
            "LastUpdatePostDate":"August 19, 2019",
            "LastUpdatePostDateType":"Actual"
          }
        },
        "SponsorCollaboratorsModule":{
          "ResponsibleParty":{
            "ResponsiblePartyType":"Sponsor"
          },
          "LeadSponsor":{
            "LeadSponsorName":"Jiangsu Hansoh Pharmaceutical Co., Ltd.",
            "LeadSponsorClass":"INDUSTRY"
          }
        },
        "OversightModule":{
          "IsFDARegulatedDrug":"No",
          "IsFDARegulatedDevice":"No"
        },
        "DescriptionModule":{
          "BriefSummary":"HS-10342 is a small molecular, oral potent, selective CDK4/6 inhibitor. The purpose of this study is to investigate the safety/tolerability and the pharmacokinetic profile of HS-10342 in Chinese advanced solid tumor patients. Preliminary efficacy will be also investigated in this study.",
          "DetailedDescription":"This is a phase 1, multicenter study to evaluate the safety, tolerability, pharmacokinetics and efficacy of HS-10342 in patients with advanced solid tumor by using a \"3+3\" dose escalation."
        },
        "ConditionsModule":{
          "ConditionList":{
            "Condition":[
              "Advanced Solid Tumor Drug: HS-10342 Phase 1"
            ]
          },
          "KeywordList":{
            "Keyword":[
              "HS-10342; CDK4/6 inhibitor, advanced solid tumor"
            ]
          }
        },
        "DesignModule":{
          "StudyType":"Interventional",
          "PhaseList":{
            "Phase":[
              "Phase 1"
            ]
          },
          "DesignInfo":{
            "DesignAllocation":"N/A",
            "DesignInterventionModel":"Single Group Assignment",
            "DesignPrimaryPurpose":"Treatment",
            "DesignMaskingInfo":{
              "DesignMasking":"None (Open Label)"
            }
          },
          "EnrollmentInfo":{
            "EnrollmentCount":"36",
            "EnrollmentType":"Anticipated"
          }
        },
        "ArmsInterventionsModule":{
          "ArmGroupList":{
            "ArmGroup":[
              {
                "ArmGroupLabel":"HS-10342",
                "ArmGroupType":"Experimental",
                "ArmGroupDescription":"Each subject will receive a single dose(C0) of HS-10342 and then repeat doses(C1, C2…) for 28-day cycles. Participants may continue on study drug until disease progression, unacceptable toxicity, or other withdrawal criteria is met.",
                "ArmGroupInterventionList":{
                  "ArmGroupInterventionName":[
                    "Drug: HS-10342"
                  ]
                }
              }
            ]
          },
          "InterventionList":{
            "Intervention":[
              {
                "InterventionType":"Drug",
                "InterventionName":"HS-10342",
                "InterventionDescription":"HS-10342 either 25mg, 50mg, 100mg, 150mg, 200mg given orally, QD or 50mg, 100mg, 150mg, 200mg, 250mg, 275mg given orally, BID",
                "InterventionArmGroupLabelList":{
                  "InterventionArmGroupLabel":[
                    "HS-10342"
                  ]
                }
              }
            ]
          }
        },
        "OutcomesModule":{
          "PrimaryOutcomeList":{
            "PrimaryOutcome":[
              {
                "PrimaryOutcomeMeasure":"Dose-Limiting Toxicity and Maximum Tolerated Dose of HS-10342.",
                "PrimaryOutcomeDescription":"The maximum-tolerated dose (MTD) will be defined as the maximum dose level at which no more than one out of three subjects experience a dose-limiting toxicity (DLT) within the 5 week after the first dose.",
                "PrimaryOutcomeTimeFrame":"5 weeks"
              }
            ]
          }
        },
        "EligibilityModule":{
          "EligibilityCriteria":"Inclusion Criteria:\n\nSubjects must meet all of the following inclusion criteria to be eligible for participation in this study:\n\nPathologically confirmed solid tumor and failed from all standard treatment.\nAt least one extracranial measurable lesion according to Response Evaluation Criteria in Solid Tumors (RECIST) criteria version 1.1.\nEastern Cooperative Oncology Group (ECOG) performance status: 0-1.\nLife expectancy ≥ 3 months.\n\nAdequate function of major organs meets the following requirements:\n\nNeutrophils ≥ 1.5×10^9/L\nPlatelets ≥ 90×10^9/L\nHemoglobin ≥ 90g/L\nTotal bilirubin≤ 1.5 × the upper limit of normal (ULN)\nALT and AST ≤ 2.5 × ULN\nCr ≤ 1.5 × ULN\nLeft ventricular ejection fraction (LVEF) ≥ 40%\nGood compliance of patient by physician's judgement.\n. Signed and dated informed consent.\n\nExclusion Criteria:\n\nSubjects who meet any of the following exclusion criteria are not to be enrolled in this study:\n\nPreviously received therapy of anti-tumor agent targeting at CDK4/6.\nLess than 3 weeks from the last cell-toxicity chemotherapy, less than 6 weeks from last mitomycin or nitrosamine therapy\nLess than 3 weeks from any other anti-tumor therapy (including targets therapy, immunotherapy or other approved therapy)\nLess than 4 weeks from large area radiotherapy.\nLess than 7 days from any CYP3A4 strong inhibitor, strong inducer or a narrow window of medicine or food for CYP3A4 sensitive substrate.\nHaving joined in other clinical trials within 4 weeks.\nBrain metastasis (well-controlled/well-treated brain metastasis by physician's judgement is allowed).\nExisting abnormal CTCAE≥grade 2 resulted from previous treatment(except grade 2 alopecia).\nUncontrollable pleural effusion or ascites.\nInability to swallow, intestinal obstruction or other factors affecting the administration and absorption of the drug.\nHistory of serious allergy events or known being allergy constitution, or have a history of allergies to the drug components of this regimen.\nPatients with active infection.\nHistory of immunodeficiency, including HIV positive, or other acquired or congenital immunodeficiency disease, history of organ transplantation.\nHistory of uncontrollable cardiac dysfunction, include(1)angina (2)clinical significant arrythmia or require drug intervention (3)myocardial infarction Less than 6 moths (4) other cardiac dysfunction (judged by the physician), such as any degree of heart block or QTc prolongation, QT interval corrected by Fridericia method(QTcF) >450 ms(men) or >470 ms(women); (5)any cardiac or nephric abnormal ≥ grade 2 found in screening.\nMales and females of reproductive potential who are unwilling to use an \"effective\", protocol specified method(s) of contraception during the study.\nPregnant women, women who are breastfeeding or who believe they may wish to become pregnant during the course of the study.\nHistory of neuropathy or dysphrenia, including epilepsy and dementia\nDetermined by the physician, any coexisting disease might lead to life threatening complications or avoid the patients from accomplishing the treatment.",
          "HealthyVolunteers":"No",
          "Gender":"All",
          "GenderBased":"Yes",
          "GenderDescription":"Eligibility is based on gender",
          "MinimumAge":"18 Years",
          "StdAgeList":{
            "StdAge":[
              "Adult",
              "Older Adult"
            ]
          }
        },
        "ContactsLocationsModule":{
          "CentralContactList":{
            "CentralContact":[
              {
                "CentralContactName":"Datong Li",
                "CentralContactRole":"Contact",
                "CentralContactPhone":"86-18652105808",
                "CentralContactEMail":"lidt@hspharm.com"
              }
            ]
          },
          "OverallOfficialList":{
            "OverallOfficial":[
              {
                "OverallOfficialName":"Binhe Xu, MD",
                "OverallOfficialAffiliation":"Cancer Hosptial, Chinese Academy of Medical Sciences",
                "OverallOfficialRole":"Principal Investigator"
              },{
                "OverallOfficialName":"Herui Yao, MD",
                "OverallOfficialAffiliation":"Second Affiliated Hospital of Sun Yat-Sen University",
                "OverallOfficialRole":"Principal Investigator"
              },{
                "OverallOfficialName":"Qiang liu, MD",
                "OverallOfficialAffiliation":"Second Affiliated Hospital of Sun Yat-Sen University",
                "OverallOfficialRole":"Principal Investigator"
              },{
                "OverallOfficialName":"Yongmei Yin, MD",
                "OverallOfficialAffiliation":"Jiangsu Provincial People's Hospital, Jiangsu Province, Nanjing 210029, China",
                "OverallOfficialRole":"Principal Investigator"
              },{
                "OverallOfficialName":"Min Yan, MD",
                "OverallOfficialAffiliation":"Henan Cancer Hospital",
                "OverallOfficialRole":"Principal Investigator"
              },{
                "OverallOfficialName":"Yanxia Shi, MD",
                "OverallOfficialAffiliation":"Sun Yat-sen University Cancer Hospital",
                "OverallOfficialRole":"Principal Investigator"
              }
            ]
          },
          "LocationList":{
            "Location":[
              {
                "LocationFacility":"Cancer Hospital Chinese Academy of Medical Sciences",
                "LocationStatus":"Recruiting",
                "LocationCity":"Beijing",
                "LocationState":"Beijing",
                "LocationZip":"100021",
                "LocationCountry":"China",
                "LocationContactList":{
                  "LocationContact":[
                    {
                      "LocationContactName":"Binhe Xu, MD",
                      "LocationContactRole":"Contact"
                    }
                  ]
                }
              },{
                "LocationFacility":"Sun Yat-sen University Cancer Hospital",
                "LocationStatus":"Recruiting",
                "LocationCity":"Guangzhou",
                "LocationState":"Guangdong",
                "LocationZip":"510080",
                "LocationCountry":"China",
                "LocationContactList":{
                  "LocationContact":[
                    {
                      "LocationContactName":"Yanxia Shi, PhD., M.D.",
                      "LocationContactRole":"Contact"
                    }
                  ]
                }
              },{
                "LocationFacility":"Second Affiliated Hospital of Sun Yat-sen University",
                "LocationStatus":"Recruiting",
                "LocationCity":"Guangzhou",
                "LocationState":"Guangdong",
                "LocationZip":"510120",
                "LocationCountry":"China",
                "LocationContactList":{
                  "LocationContact":[
                    {
                      "LocationContactName":"Herui Yao, MD",
                      "LocationContactRole":"Contact"
                    },{
                      "LocationContactName":"Qiang Liu, MD",
                      "LocationContactRole":"Principal Investigator"
                    }
                  ]
                }
              },{
                "LocationFacility":"Henan Cancer Hospital",
                "LocationStatus":"Recruiting",
                "LocationCity":"Zhengzhou",
                "LocationState":"Henan",
                "LocationZip":"450003",
                "LocationCountry":"China",
                "LocationContactList":{
                  "LocationContact":[
                    {
                      "LocationContactName":"Min Yan, MD",
                      "LocationContactRole":"Contact"
                    }
                  ]
                }
              },{
                "LocationFacility":"Jiangsu Province Hospital",
                "LocationStatus":"Recruiting",
                "LocationCity":"Nanjing",
                "LocationState":"Jiangsu",
                "LocationZip":"210029",
                "LocationCountry":"China",
                "LocationContactList":{
                  "LocationContact":[
                    {
                      "LocationContactName":"Yongmei Yin, MD",
                      "LocationContactRole":"Contact"
                    }
                  ]
                }
              }
            ]
          }
        },
        "IPDSharingStatementModule":{
          "IPDSharing":"Undecided"
        }
      },
      "DerivedSection":{
        "MiscInfoModule":{
          "VersionHolder":"April 19, 2021"
        },
        "ConditionBrowseModule":{
          "ConditionMeshList":{
            "ConditionMesh":[
              {
                "ConditionMeshId":"D000009369",
                "ConditionMeshTerm":"Neoplasms"
              }
            ]
          }
        }
      }
    }
  }
}

