{
  "FullStudy":{
    "Rank":60233,
    "Study":{
      "ProtocolSection":{
        "IdentificationModule":{
          "NCTId":"NCT04065724",
          "OrgStudyIdInfo":{
            "OrgStudyId":"KoebenhavnsKommune"
          },
          "Organization":{
            "OrgFullName":"Københavns Kommune",
            "OrgClass":"OTHER"
          },
          "BriefTitle":"Exercise for People With Peripheral Neuropathy and Diabetic Foot Ulcers - a Case Series on Feasibility and Safety",
          "OfficialTitle":"An Exercise Programme for People With Severe Peripheral Neuropathy and Diabetic Foot Ulcers - a Case Series on Feasibility and Safety"
        },
        "StatusModule":{
          "StatusVerifiedDate":"August 2019",
          "OverallStatus":"Completed",
          "ExpandedAccessInfo":{
            "HasExpandedAccess":"No"
          },
          "StartDateStruct":{
            "StartDate":"February 2013"
          },
          "PrimaryCompletionDateStruct":{
            "PrimaryCompletionDate":"January 2015",
            "PrimaryCompletionDateType":"Actual"
          },
          "CompletionDateStruct":{
            "CompletionDate":"January 2015",
            "CompletionDateType":"Actual"
          },
          "StudyFirstSubmitDate":"March 12, 2019",
          "StudyFirstSubmitQCDate":"August 21, 2019",
          "StudyFirstPostDateStruct":{
            "StudyFirstPostDate":"August 22, 2019",
            "StudyFirstPostDateType":"Actual"
          },
          "LastUpdateSubmitDate":"August 21, 2019",
          "LastUpdatePostDateStruct":{
            "LastUpdatePostDate":"August 22, 2019",
            "LastUpdatePostDateType":"Actual"
          }
        },
        "SponsorCollaboratorsModule":{
          "ResponsibleParty":{
            "ResponsiblePartyType":"Principal Investigator",
            "ResponsiblePartyInvestigatorFullName":"Kajsa Lindberg",
            "ResponsiblePartyInvestigatorTitle":"PT, supervisor",
            "ResponsiblePartyInvestigatorAffiliation":"Københavns Kommune"
          },
          "LeadSponsor":{
            "LeadSponsorName":"Københavns Kommune",
            "LeadSponsorClass":"OTHER"
          },
          "CollaboratorList":{
            "Collaborator":[
              {
                "CollaboratorName":"Copenhagen University Hospital, Hvidovre",
                "CollaboratorClass":"OTHER"
              }
            ]
          }
        },
        "OversightModule":{
          "OversightHasDMC":"Yes"
        },
        "DescriptionModule":{
          "BriefSummary":"Physical training is one of the cornerstones within the treatment of diabetes, as well as medicine and diet modification, and the effect is well documented. Nevertheless people with diabetes with foot ulcers are urged to lessen their level of physical activity, to reduce pressure on footbed and thereby achieve fastest possible healing.\n\nPurpose: The primarily purpose is to investigate the feasibility of implementing safe, progressive resistance training, combined with exercises for ankle mobility and aerobic training, for people with diabetes and foot ulcers, without compromising the ulcer. The secondarily purpose is to investigate whether this form of training is effective on improving muscle strength, as to if limitations in everyday life diminishes.\n\nThe hypothesis is, that it is possible to implement a structured exercise program without compromising the diabetic ulcer.",
          "DetailedDescription":"Background:\n\nPhysical training is one of the cornerstones within the treatment of diabetes, as well as medicine and diet modification, and the effect is well documented in terms of improved glycemic control, loss of fat tissue, lower content of triglycerides in blood, improved insulin sensitivity, and lower diabetes related mortality. Nevertheless people with diabetes and foot ulcers are urged to lessen their level of physical activity, to reduce pressure and thereby achieve fastest possible healing. Most ulcers occur at the footbed and the rationale is that the pressure on the ulcer area should be minimized to achieve healing.\n\nPurpose: The primarily purpose of the study is to investigate the feasibility of implementing progressive resistance training, combined with exercises for ankle mobility and aerobic training, for people with diabetes and foot ulcers, without compromising the ulcer. The secondarily purpose is to investigate whether this form of training is effective on the following:\n\nMuscle strength\nLimitations in activity\nParticipants´satisfaction The hypothesis is, that it is possible to implement a structured exercise program and achieve improved muscle strength for this population, without compromising the diabetic ulcer.\n\nMaterial and methods:\n\nDesign:The study is a prospective intervention study. This particular study is the pilot study and has focus on feasibility and includes 10 participants with ulcers at the foot sole, who exercises for 10 weeks, twice a week, in a structured program, closely supervised by a physiotherapist. Participants´ attendance and progression in training is thoroughly recorded, as well as size and depth of ulcer.\nParticipants: People with diabetes above the age of 18, resident in the Community of Copenhagen.\nData:\n\nIndependent variables:\n\nAge\nGender\n\nDependant variables with registration of following parameters at baseline and at end of program:\n\nMuscle strength measured both isometric and dynamically\nArea of ulcer\nHbA1c\nToe pressure\n\nCollecting data:\n\nData will be registrated in two phases: at phase 1(pilot study)with 10 participants, and at phase 2 (RCT study), with suitable amount of participants based on power calculations after revision of methods based on experiences from the pilot study. For all participants the program includes two attendances at inclusion and at the end of program. First examination takes place at Copenhagen University Hospital Hvidovre,and includes measuring toe pressure and level of glucoses(HbA1c). Second examination includes measuring of area of ulcer by nurse and assessment of neuropathy, muscle strength, aerobic function, and screening for performing activities in daily life by physiotherapist, at Rehabilitation Centre Vanloese. Same examinations take place at end of program.\n\nIntervention\n\nPhase 1(feasibility of exercise program):\n\nAfter initial examinations, 10 participants with foot ulcers participates in standardized group training for 10 weeks, for one hour, twice a week. The program consists of warming-up and aerobic exercise on stationary bike(15 min), with submaximal training at 60-70%, estimated with Borg Scale. Resistance is low to minimize weightbearing on footbed and participants will instead strive for high cadence to achieve appropriate effect from exercise. The resistance training part of the program (35 min) will include training in exercise equipment for the following muscle groups:\n\nflexors and extensors of knee\nabductors of hip\nextension over glenohumeral joint and upper back (low row)\n\nIn no exercise equipment is there pressure on footbed. Resistance level is 15 RM for the first three weeks and hereafter is progression up to 10RM sought.\n\nStrengthening of ankle dorsiflexors with resistance from elastic band is also part of resistance exercises.\n\nThe last part of each exercise occasion(10 min) consists of exercises for ankle joint mobility (flexion, dorsiflexion, inversion, eversion). The prescribed ulcer treatment by nurse continues as usual.\n\nPhase 2:\n\nWith revised manual a larger study will be implemented and by computerized block randomization, to equally sized groups with all new participants, whereas the intervention group follows the revised, standardized training program as in phase 1, besides the prescribed ulcer treatment by nurse, and the control group follows prescribed ulcer treatment and maintains usual activity level.\n\nFor phase 2 the primarily effect target is whether resistance- and aerobic training in a population of people with diabetes with foot ulcers shows effect on muscle strength, aerobic function and balance.\n\nThe statistical analysis will be repeated measures variance analysis (ANOVA) for determining effect of resistance- and aerobic training as balance score between baseline and at end of program.\n\n3.8 Data processing and analysis: Data will be collected and entered to SPSS by project manager. Statistical analysis will be repeated measures variance analysis (ANOVA) for determining effect of resistance- and aerobic training."
        },
        "ConditionsModule":{
          "ConditionList":{
            "Condition":[
              "Diabetes Mellitus",
              "Foot Ulcer"
            ]
          },
          "KeywordList":{
            "Keyword":[
              "diabetes mellitus",
              "foot ulcer",
              "resistance training",
              "exercise"
            ]
          }
        },
        "DesignModule":{
          "StudyType":"Interventional",
          "PhaseList":{
            "Phase":[
              "Not Applicable"
            ]
          },
          "DesignInfo":{
            "DesignAllocation":"N/A",
            "DesignInterventionModel":"Single Group Assignment",
            "DesignPrimaryPurpose":"Health Services Research",
            "DesignMaskingInfo":{
              "DesignMasking":"None (Open Label)"
            }
          },
          "EnrollmentInfo":{
            "EnrollmentCount":"5",
            "EnrollmentType":"Actual"
          }
        },
        "ArmsInterventionsModule":{
          "ArmGroupList":{
            "ArmGroup":[
              {
                "ArmGroupLabel":"Physical training resistance and aerobic",
                "ArmGroupType":"Other",
                "ArmGroupDescription":"Physical training as resistance and aerobic training",
                "ArmGroupInterventionList":{
                  "ArmGroupInterventionName":[
                    "Other: Physical training as resistance and aerobic training."
                  ]
                }
              }
            ]
          },
          "InterventionList":{
            "Intervention":[
              {
                "InterventionType":"Other",
                "InterventionName":"Physical training as resistance and aerobic training.",
                "InterventionArmGroupLabelList":{
                  "InterventionArmGroupLabel":[
                    "Physical training resistance and aerobic"
                  ]
                }
              }
            ]
          }
        },
        "OutcomesModule":{
          "PrimaryOutcomeList":{
            "PrimaryOutcome":[
              {
                "PrimaryOutcomeMeasure":"10 Repetition Maximum (RM)for knee flexor, knee extensor, hip abductor, low row",
                "PrimaryOutcomeDescription":"Change in strength measured by 10 Repetition Maximum(RM)",
                "PrimaryOutcomeTimeFrame":"10 weeks after entering exercise programme"
              },{
                "PrimaryOutcomeMeasure":"Patient Specific Functional Scale(PSFS)",
                "PrimaryOutcomeDescription":"Change in ability to perform everyday life tasks, scale from 0-10, 0=can not perform, 10=same level as before ulcer",
                "PrimaryOutcomeTimeFrame":"10 weeks after entering exercise programme"
              },{
                "PrimaryOutcomeMeasure":"Endurance cycling on stationary bike",
                "PrimaryOutcomeDescription":"Change in number of km in 12 min",
                "PrimaryOutcomeTimeFrame":"10 weeks after entering exercise programme"
              },{
                "PrimaryOutcomeMeasure":"Number of ankle dorsiflexion repetitions",
                "PrimaryOutcomeDescription":"Change in maximum number of repetitions with elastic band",
                "PrimaryOutcomeTimeFrame":"10 weeks after entering exercise programme"
              },{
                "PrimaryOutcomeMeasure":"Ulcer area",
                "PrimaryOutcomeDescription":"Change in ulcer area measured in cm2",
                "PrimaryOutcomeTimeFrame":"10 weeks after entering exercise programme"
              }
            ]
          },
          "SecondaryOutcomeList":{
            "SecondaryOutcome":[
              {
                "SecondaryOutcomeMeasure":"Participant satisfaction measured by Numeric Rating Scale(NRS)",
                "SecondaryOutcomeDescription":"Participant scores satisfaction with programme 0=lowest possible satisfaction 10=highest possible satisfaction",
                "SecondaryOutcomeTimeFrame":"10 weeks after entering exercise programme"
              }
            ]
          }
        },
        "EligibilityModule":{
          "EligibilityCriteria":"Inclusion Criteria:\n\npatients with stable, diabetic ulcer on foot sole in treatment by nurse\nwho speaks and understands Danish\nare able to give consent\nare allowed to walk at least short distances\nabove 18 years old\nare able to participate in group exercises\n\nExclusion Criteria:\n\npatients with infection in ulcer\nwith critical ischemia(<40 mm Hg toe pressure)\nnot accepted to participate by answering doctor with regards to safety on renal, heart or eye function\ndyspnea to an extent, that affects speaking\nwheel chair user",
          "HealthyVolunteers":"No",
          "Gender":"All",
          "MinimumAge":"18 Years",
          "StdAgeList":{
            "StdAge":[
              "Adult",
              "Older Adult"
            ]
          }
        },
        "ContactsLocationsModule":{
          "OverallOfficialList":{
            "OverallOfficial":[
              {
                "OverallOfficialName":"Kajsa Lindberg, PT",
                "OverallOfficialAffiliation":"Vanloese Rehabilitation Centre, Community of Copenhagen",
                "OverallOfficialRole":"Principal Investigator"
              },{
                "OverallOfficialName":"Morten Tange Kristensen, ph d, senior researcher",
                "OverallOfficialAffiliation":"Dpt of Physiotherapy and Dpt of Orthopaedic Surgery, University Hospital of Copenhagen, Capital Region of denmark",
                "OverallOfficialRole":"Study Chair"
              }
            ]
          },
          "LocationList":{
            "Location":[
              {
                "LocationFacility":"Rehabilitation Centre Vanloese",
                "LocationCity":"Copenhagen",
                "LocationState":"Vanloese",
                "LocationZip":"2720",
                "LocationCountry":"Denmark"
              }
            ]
          }
        }
      },
      "DerivedSection":{
        "MiscInfoModule":{
          "VersionHolder":"April 19, 2021"
        },
        "ConditionBrowseModule":{
          "ConditionMeshList":{
            "ConditionMesh":[
              {
                "ConditionMeshId":"D000010523",
                "ConditionMeshTerm":"Peripheral Nervous System Diseases"
              },{
                "ConditionMeshId":"D000017719",
                "ConditionMeshTerm":"Diabetic Foot"
              },{
                "ConditionMeshId":"D000016523",
                "ConditionMeshTerm":"Foot Ulcer"
              },{
                "ConditionMeshId":"D000003920",
                "ConditionMeshTerm":"Diabetes Mellitus"
              },{
                "ConditionMeshId":"D000014456",
                "ConditionMeshTerm":"Ulcer"
              }
            ]
          },
          "ConditionAncestorList":{
            "ConditionAncestor":[
              {
                "ConditionAncestorId":"D000044882",
                "ConditionAncestorTerm":"Glucose Metabolism Disorders"
              },{
                "ConditionAncestorId":"D000008659",
                "ConditionAncestorTerm":"Metabolic Diseases"
              },{
                "ConditionAncestorId":"D000004700",
                "ConditionAncestorTerm":"Endocrine System Diseases"
              },{
                "ConditionAncestorId":"D000010335",
                "ConditionAncestorTerm":"Pathologic Processes"
              },{
                "ConditionAncestorId":"D000003925",
                "ConditionAncestorTerm":"Diabetic Angiopathies"
              },{
                "ConditionAncestorId":"D000014652",
                "ConditionAncestorTerm":"Vascular Diseases"
              },{
                "ConditionAncestorId":"D000002318",
                "ConditionAncestorTerm":"Cardiovascular Diseases"
              },{
                "ConditionAncestorId":"D000007871",
                "ConditionAncestorTerm":"Leg Ulcer"
              },{
                "ConditionAncestorId":"D000012883",
                "ConditionAncestorTerm":"Skin Ulcer"
              },{
                "ConditionAncestorId":"D000012871",
                "ConditionAncestorTerm":"Skin Diseases"
              },{
                "ConditionAncestorId":"D000048909",
                "ConditionAncestorTerm":"Diabetes Complications"
              },{
                "ConditionAncestorId":"D000003929",
                "ConditionAncestorTerm":"Diabetic Neuropathies"
              },{
                "ConditionAncestorId":"D000005534",
                "ConditionAncestorTerm":"Foot Diseases"
              },{
                "ConditionAncestorId":"D000009468",
                "ConditionAncestorTerm":"Neuromuscular Diseases"
              },{
                "ConditionAncestorId":"D000009422",
                "ConditionAncestorTerm":"Nervous System Diseases"
              }
            ]
          },
          "ConditionBrowseLeafList":{
            "ConditionBrowseLeaf":[
              {
                "ConditionBrowseLeafId":"M5698",
                "ConditionBrowseLeafName":"Diabetes Mellitus",
                "ConditionBrowseLeafAsFound":"Diabetes Mellitus",
                "ConditionBrowseLeafRelevance":"high"
              },{
                "ConditionBrowseLeafId":"M12015",
                "ConditionBrowseLeafName":"Peripheral Nervous System Diseases",
                "ConditionBrowseLeafAsFound":"Peripheral Neuropathy",
                "ConditionBrowseLeafRelevance":"high"
              },{
                "ConditionBrowseLeafId":"M15789",
                "ConditionBrowseLeafName":"Ulcer",
                "ConditionBrowseLeafAsFound":"Ulcer",
                "ConditionBrowseLeafRelevance":"high"
              },{
                "ConditionBrowseLeafId":"M18516",
                "ConditionBrowseLeafName":"Diabetic Foot",
                "ConditionBrowseLeafAsFound":"Diabetic Foot",
                "ConditionBrowseLeafRelevance":"high"
              },{
                "ConditionBrowseLeafId":"M17502",
                "ConditionBrowseLeafName":"Foot Ulcer",
                "ConditionBrowseLeafAsFound":"Foot Ulcers",
                "ConditionBrowseLeafRelevance":"high"
              },{
                "ConditionBrowseLeafId":"M10222",
                "ConditionBrowseLeafName":"Metabolic Diseases",
                "ConditionBrowseLeafRelevance":"low"
              },{
                "ConditionBrowseLeafId":"M23990",
                "ConditionBrowseLeafName":"Glucose Metabolism Disorders",
                "ConditionBrowseLeafRelevance":"low"
              },{
                "ConditionBrowseLeafId":"M6445",
                "ConditionBrowseLeafName":"Endocrine System Diseases",
                "ConditionBrowseLeafRelevance":"low"
              },{
                "ConditionBrowseLeafId":"M5703",
                "ConditionBrowseLeafName":"Diabetic Angiopathies",
                "ConditionBrowseLeafRelevance":"low"
              },{
                "ConditionBrowseLeafId":"M15983",
                "ConditionBrowseLeafName":"Vascular Diseases",
                "ConditionBrowseLeafRelevance":"low"
              },{
                "ConditionBrowseLeafId":"M9466",
                "ConditionBrowseLeafName":"Leg Ulcer",
                "ConditionBrowseLeafRelevance":"low"
              },{
                "ConditionBrowseLeafId":"M14269",
                "ConditionBrowseLeafName":"Skin Ulcer",
                "ConditionBrowseLeafRelevance":"low"
              },{
                "ConditionBrowseLeafId":"M14257",
                "ConditionBrowseLeafName":"Skin Diseases",
                "ConditionBrowseLeafRelevance":"low"
              },{
                "ConditionBrowseLeafId":"M24591",
                "ConditionBrowseLeafName":"Diabetes Complications",
                "ConditionBrowseLeafRelevance":"low"
              },{
                "ConditionBrowseLeafId":"M5707",
                "ConditionBrowseLeafName":"Diabetic Neuropathies",
                "ConditionBrowseLeafRelevance":"low"
              },{
                "ConditionBrowseLeafId":"M7241",
                "ConditionBrowseLeafName":"Foot Diseases",
                "ConditionBrowseLeafRelevance":"low"
              },{
                "ConditionBrowseLeafId":"M10994",
                "ConditionBrowseLeafName":"Neuromuscular Diseases",
                "ConditionBrowseLeafRelevance":"low"
              }
            ]
          },
          "ConditionBrowseBranchList":{
            "ConditionBrowseBranch":[
              {
                "ConditionBrowseBranchAbbrev":"BC18",
                "ConditionBrowseBranchName":"Nutritional and Metabolic Diseases"
              },{
                "ConditionBrowseBranchAbbrev":"BC19",
                "ConditionBrowseBranchName":"Gland and Hormone Related Diseases"
              },{
                "ConditionBrowseBranchAbbrev":"All",
                "ConditionBrowseBranchName":"All Conditions"
              },{
                "ConditionBrowseBranchAbbrev":"BC10",
                "ConditionBrowseBranchName":"Nervous System Diseases"
              },{
                "ConditionBrowseBranchAbbrev":"BC23",
                "ConditionBrowseBranchName":"Symptoms and General Pathology"
              },{
                "ConditionBrowseBranchAbbrev":"BC14",
                "ConditionBrowseBranchName":"Heart and Blood Diseases"
              },{
                "ConditionBrowseBranchAbbrev":"BC17",
                "ConditionBrowseBranchName":"Skin and Connective Tissue Diseases"
              },{
                "ConditionBrowseBranchAbbrev":"BC05",
                "ConditionBrowseBranchName":"Muscle, Bone, and Cartilage Diseases"
              }
            ]
          }
        }
      }
    }
  }
}

