{
  "FullStudy":{
    "Rank":60252,
    "Study":{
      "ProtocolSection":{
        "IdentificationModule":{
          "NCTId":"NCT04065477",
          "OrgStudyIdInfo":{
            "OrgStudyId":"E-1071-19"
          },
          "Organization":{
            "OrgFullName":"Kessler Foundation",
            "OrgClass":"OTHER"
          },
          "BriefTitle":"Improving Time-Based Prospective Memory in TBI",
          "OfficialTitle":"Improving Time-Based Prospective Memory in TBI: A Feasibility and Dosing Study",
          "Acronym":"TBPM"
        },
        "StatusModule":{
          "StatusVerifiedDate":"October 2019",
          "OverallStatus":"Recruiting",
          "ExpandedAccessInfo":{
            "HasExpandedAccess":"No"
          },
          "StartDateStruct":{
            "StartDate":"October 1, 2019",
            "StartDateType":"Actual"
          },
          "PrimaryCompletionDateStruct":{
            "PrimaryCompletionDate":"March 31, 2021",
            "PrimaryCompletionDateType":"Anticipated"
          },
          "CompletionDateStruct":{
            "CompletionDate":"March 31, 2021",
            "CompletionDateType":"Anticipated"
          },
          "StudyFirstSubmitDate":"July 18, 2019",
          "StudyFirstSubmitQCDate":"August 20, 2019",
          "StudyFirstPostDateStruct":{
            "StudyFirstPostDate":"August 22, 2019",
            "StudyFirstPostDateType":"Actual"
          },
          "LastUpdateSubmitDate":"October 21, 2019",
          "LastUpdatePostDateStruct":{
            "LastUpdatePostDate":"October 23, 2019",
            "LastUpdatePostDateType":"Actual"
          }
        },
        "SponsorCollaboratorsModule":{
          "ResponsibleParty":{
            "ResponsiblePartyType":"Principal Investigator",
            "ResponsiblePartyInvestigatorFullName":"Erica Weber",
            "ResponsiblePartyInvestigatorTitle":"Research Scientist",
            "ResponsiblePartyInvestigatorAffiliation":"Kessler Foundation"
          },
          "LeadSponsor":{
            "LeadSponsorName":"Kessler Foundation",
            "LeadSponsorClass":"OTHER"
          }
        },
        "OversightModule":{
          "OversightHasDMC":"Yes",
          "IsFDARegulatedDrug":"No",
          "IsFDARegulatedDevice":"No"
        },
        "DescriptionModule":{
          "BriefSummary":"This research aims to test aspects of a computer-based cognitive rehabilitation program designed to improve thinking skills in individuals with traumatic brain injury (TBI).",
          "DetailedDescription":"This research aims to test aspects of a computer-based cognitive rehabilitation program designed to improve thinking skills in individuals with traumatic brain injury (TBI), particularly improving the ability to remember to do things in the future."
        },
        "ConditionsModule":{
          "ConditionList":{
            "Condition":[
              "Traumatic Brain Injury"
            ]
          },
          "KeywordList":{
            "Keyword":[
              "Traumatic Brain Injury",
              "TBI",
              "Brain Injury"
            ]
          }
        },
        "DesignModule":{
          "StudyType":"Interventional",
          "PhaseList":{
            "Phase":[
              "Not Applicable"
            ]
          },
          "DesignInfo":{
            "DesignAllocation":"Randomized",
            "DesignInterventionModel":"Parallel Assignment",
            "DesignPrimaryPurpose":"Treatment",
            "DesignMaskingInfo":{
              "DesignMasking":"Double",
              "DesignMaskingDescription":"Study staff conducting baseline and follow-up assessments will be blind as to which group participants are placed. Study staff conducting intervention sessions will be blind to participants' baseline and follow-up assessment performance.",
              "DesignWhoMaskedList":{
                "DesignWhoMasked":[
                  "Care Provider",
                  "Investigator"
                ]
              }
            }
          },
          "EnrollmentInfo":{
            "EnrollmentCount":"30",
            "EnrollmentType":"Anticipated"
          }
        },
        "ArmsInterventionsModule":{
          "ArmGroupList":{
            "ArmGroup":[
              {
                "ArmGroupLabel":"Experimental",
                "ArmGroupType":"Experimental",
                "ArmGroupDescription":"The experimental group will receive treatment program designed to train strategic cognitive functions. Sessions will last 50 minutes and take place twice per week for 16 weeks.",
                "ArmGroupInterventionList":{
                  "ArmGroupInterventionName":[
                    "Behavioral: computer-based cognitive rehabilitation (CBCR)"
                  ]
                }
              },{
                "ArmGroupLabel":"Control group",
                "ArmGroupType":"No Intervention",
                "ArmGroupDescription":"The control group will receive no active treatment and will be treated as a \"no-contact control\" group."
              }
            ]
          },
          "InterventionList":{
            "Intervention":[
              {
                "InterventionType":"Behavioral",
                "InterventionName":"computer-based cognitive rehabilitation (CBCR)",
                "InterventionDescription":"Program designed to improve strategic cognitive domains (e.g., complex attention, working memory)",
                "InterventionArmGroupLabelList":{
                  "InterventionArmGroupLabel":[
                    "Experimental"
                  ]
                }
              }
            ]
          }
        },
        "OutcomesModule":{
          "PrimaryOutcomeList":{
            "PrimaryOutcome":[
              {
                "PrimaryOutcomeMeasure":"Intervention Tolerability Assessment Scale",
                "PrimaryOutcomeDescription":"visual analog scale to assess participants' tolerability of intervention",
                "PrimaryOutcomeTimeFrame":"baseline through final follow-up assessment (16 weeks)"
              },{
                "PrimaryOutcomeMeasure":"Recruitment rate percentage",
                "PrimaryOutcomeDescription":"percentage of interested participants who met eligibility criteria via phone screen are eligible at in person screen",
                "PrimaryOutcomeTimeFrame":"phone screen to in-person screen (within 2 weeks)"
              },{
                "PrimaryOutcomeMeasure":"Retention rate percentage",
                "PrimaryOutcomeDescription":"adherence rate to treatment sessions within 8 weeks (i.e., attendance at 16 sessions), 12 weeks (24 sessions), and 16 weeks (32 sessions)",
                "PrimaryOutcomeTimeFrame":"baseline to mid-intervention assessment #2 (8 weeks), mid-intervention assessment #3 (12 weeks), and final follow-up (16 weeks)"
              }
            ]
          },
          "SecondaryOutcomeList":{
            "SecondaryOutcome":[
              {
                "SecondaryOutcomeMeasure":"Changes in time monitoring & time-based prospective memory",
                "SecondaryOutcomeDescription":"Via a task that simultaneously assesses time monitoring frequency as it relates to time-based prospective memory performance.",
                "SecondaryOutcomeTimeFrame":"16 weeks"
              },{
                "SecondaryOutcomeMeasure":"Changes in strategic cognitive functions (performance on NIH EXAMINER)",
                "SecondaryOutcomeDescription":"Via the NIH EXAMINER, a comprehensive computerized battery of tests designed to assess strategic cognitive functioning, particularly related to executive functions and related domains.",
                "SecondaryOutcomeTimeFrame":"16 weeks"
              }
            ]
          }
        },
        "EligibilityModule":{
          "EligibilityCriteria":"Inclusion Criteria:\n\nSustained a moderate-to-severe TBI at least one year prior to assessment\nFluent in English\nDemonstrate impairment in strategic cognitive abilities\n\nExclusion Criteria:\n\nSignificant neurological history other than TBI\nSignificant psychiatric history (e.g., bipolar disorder, schizophrenia)\nSignificant substance abuse history\nSteroid and/or benzodiazepine use",
          "HealthyVolunteers":"No",
          "Gender":"All",
          "MinimumAge":"18 Years",
          "MaximumAge":"59 Years",
          "StdAgeList":{
            "StdAge":[
              "Adult"
            ]
          }
        },
        "ContactsLocationsModule":{
          "CentralContactList":{
            "CentralContact":[
              {
                "CentralContactName":"Michael G Di Benedetto, MA",
                "CentralContactRole":"Contact",
                "CentralContactPhone":"973-324-8391",
                "CentralContactEMail":"mdibenedetto@kesslerfoundation.org"
              },{
                "CentralContactName":"Erica Weber, PhD",
                "CentralContactRole":"Contact",
                "CentralContactPhone":"973-324-8451",
                "CentralContactEMail":"eweber@kesslerfoundation.org"
              }
            ]
          },
          "OverallOfficialList":{
            "OverallOfficial":[
              {
                "OverallOfficialName":"Erica Weber, PhD",
                "OverallOfficialAffiliation":"Kessler Foundation",
                "OverallOfficialRole":"Principal Investigator"
              }
            ]
          },
          "LocationList":{
            "Location":[
              {
                "LocationFacility":"Kessler Foundation",
                "LocationStatus":"Recruiting",
                "LocationCity":"East Hanover",
                "LocationState":"New Jersey",
                "LocationZip":"07936",
                "LocationCountry":"United States",
                "LocationContactList":{
                  "LocationContact":[
                    {
                      "LocationContactName":"Michael Di Benedetto, MA",
                      "LocationContactRole":"Contact",
                      "LocationContactPhone":"973-324-8391",
                      "LocationContactEMail":"mdibenedetto@kesslerfoundation.org"
                    },{
                      "LocationContactName":"Nancy Moore, MA",
                      "LocationContactRole":"Contact",
                      "LocationContactPhone":"973-324-8450",
                      "LocationContactEMail":"nbmoore@kesslerfoundation.org"
                    },{
                      "LocationContactName":"Nancy D Chiaravalloti, PhD",
                      "LocationContactRole":"Sub-Investigator"
                    },{
                      "LocationContactName":"Erica Weber, PhD",
                      "LocationContactRole":"Principal Investigator"
                    },{
                      "LocationContactName":"John DeLuca, PhD",
                      "LocationContactRole":"Sub-Investigator"
                    }
                  ]
                }
              }
            ]
          }
        },
        "IPDSharingStatementModule":{
          "IPDSharing":"No"
        }
      },
      "DerivedSection":{
        "MiscInfoModule":{
          "VersionHolder":"April 19, 2021"
        },
        "ConditionBrowseModule":{
          "ConditionMeshList":{
            "ConditionMesh":[
              {
                "ConditionMeshId":"D000001930",
                "ConditionMeshTerm":"Brain Injuries"
              },{
                "ConditionMeshId":"D000070642",
                "ConditionMeshTerm":"Brain Injuries, Traumatic"
              }
            ]
          },
          "ConditionAncestorList":{
            "ConditionAncestor":[
              {
                "ConditionAncestorId":"D000001927",
                "ConditionAncestorTerm":"Brain Diseases"
              },{
                "ConditionAncestorId":"D000002493",
                "ConditionAncestorTerm":"Central Nervous System Diseases"
              },{
                "ConditionAncestorId":"D000009422",
                "ConditionAncestorTerm":"Nervous System Diseases"
              },{
                "ConditionAncestorId":"D000006259",
                "ConditionAncestorTerm":"Craniocerebral Trauma"
              },{
                "ConditionAncestorId":"D000020196",
                "ConditionAncestorTerm":"Trauma, Nervous System"
              },{
                "ConditionAncestorId":"D000014947",
                "ConditionAncestorTerm":"Wounds and Injuries"
              }
            ]
          },
          "ConditionBrowseLeafList":{
            "ConditionBrowseLeaf":[
              {
                "ConditionBrowseLeafId":"M3789",
                "ConditionBrowseLeafName":"Brain Injuries",
                "ConditionBrowseLeafAsFound":"Brain Injury",
                "ConditionBrowseLeafRelevance":"high"
              },{
                "ConditionBrowseLeafId":"M628",
                "ConditionBrowseLeafName":"Brain Injuries, Traumatic",
                "ConditionBrowseLeafAsFound":"Traumatic Brain Injury",
                "ConditionBrowseLeafRelevance":"high"
              },{
                "ConditionBrowseLeafId":"M3786",
                "ConditionBrowseLeafName":"Brain Diseases",
                "ConditionBrowseLeafRelevance":"low"
              },{
                "ConditionBrowseLeafId":"M4325",
                "ConditionBrowseLeafName":"Central Nervous System Diseases",
                "ConditionBrowseLeafRelevance":"low"
              },{
                "ConditionBrowseLeafId":"M16268",
                "ConditionBrowseLeafName":"Wounds and Injuries",
                "ConditionBrowseLeafRelevance":"low"
              },{
                "ConditionBrowseLeafId":"M7932",
                "ConditionBrowseLeafName":"Craniocerebral Trauma",
                "ConditionBrowseLeafRelevance":"low"
              },{
                "ConditionBrowseLeafId":"M20607",
                "ConditionBrowseLeafName":"Trauma, Nervous System",
                "ConditionBrowseLeafRelevance":"low"
              }
            ]
          },
          "ConditionBrowseBranchList":{
            "ConditionBrowseBranch":[
              {
                "ConditionBrowseBranchAbbrev":"BC10",
                "ConditionBrowseBranchName":"Nervous System Diseases"
              },{
                "ConditionBrowseBranchAbbrev":"BC26",
                "ConditionBrowseBranchName":"Wounds and Injuries"
              },{
                "ConditionBrowseBranchAbbrev":"All",
                "ConditionBrowseBranchName":"All Conditions"
              }
            ]
          }
        }
      }
    }
  }
}

