{
  "FullStudy":{
    "Rank":60258,
    "Study":{
      "ProtocolSection":{
        "IdentificationModule":{
          "NCTId":"NCT04065386",
          "OrgStudyIdInfo":{
            "OrgStudyId":"2019/91"
          },
          "Organization":{
            "OrgFullName":"University of Liege",
            "OrgClass":"OTHER"
          },
          "BriefTitle":"Transcutaneous Auricular Vagal Nerve Stimulation for Post-coma Patients With Disorders of Consciousness",
          "OfficialTitle":"Transcutaneous Auricular Vagal Nerve Stimulation for Post-coma Patients With Disorders of Consciousness: a Randomized Double-blind Controlled Crossover Trial"
        },
        "StatusModule":{
          "StatusVerifiedDate":"October 2020",
          "OverallStatus":"Recruiting",
          "ExpandedAccessInfo":{
            "HasExpandedAccess":"No"
          },
          "StartDateStruct":{
            "StartDate":"February 15, 2020",
            "StartDateType":"Actual"
          },
          "PrimaryCompletionDateStruct":{
            "PrimaryCompletionDate":"March 2021",
            "PrimaryCompletionDateType":"Anticipated"
          },
          "CompletionDateStruct":{
            "CompletionDate":"July 2021",
            "CompletionDateType":"Anticipated"
          },
          "StudyFirstSubmitDate":"August 21, 2019",
          "StudyFirstSubmitQCDate":"August 21, 2019",
          "StudyFirstPostDateStruct":{
            "StudyFirstPostDate":"August 22, 2019",
            "StudyFirstPostDateType":"Actual"
          },
          "LastUpdateSubmitDate":"October 12, 2020",
          "LastUpdatePostDateStruct":{
            "LastUpdatePostDate":"October 14, 2020",
            "LastUpdatePostDateType":"Actual"
          }
        },
        "SponsorCollaboratorsModule":{
          "ResponsibleParty":{
            "ResponsiblePartyType":"Principal Investigator",
            "ResponsiblePartyInvestigatorFullName":"Aurore Thibaut",
            "ResponsiblePartyInvestigatorTitle":"PhD",
            "ResponsiblePartyInvestigatorAffiliation":"University of Liege"
          },
          "LeadSponsor":{
            "LeadSponsorName":"University of Liege",
            "LeadSponsorClass":"OTHER"
          }
        },
        "OversightModule":{
          "OversightHasDMC":"Yes",
          "IsFDARegulatedDrug":"No",
          "IsFDARegulatedDevice":"No"
        },
        "DescriptionModule":{
          "BriefSummary":"Non-invasive brain stimulations techniques have recently shown promising results in patients with disorders of consciousness. Notably, a case reported improvement of level of consciousness using transcutaneous auricular vagal nerve stimulation in a patient in unresponsive wakefulness syndrome.\n\nHere we aim to assess the effects of transcutaneous auricular vagal nerve stimulation on post-coma patients with disorders of consciousness in a first randomised controlled crossover study.To measure these effects, neuro-electrophysiological, (i.e., electroencephalography - EEG - primary outcome and electrocardiography - EKG - secondary outcome) and behavioral (Coma recovery scale revised - CRS-R and pupillary diameter - secondary outcomes) will be recorded in severely brain-injured patients with DOC.",
          "DetailedDescription":"Currently, therapeutic options for severely brain-injured patients with disorders of consciousness (DOC), including patients in unresponsive wakefulness syndrome (UWS) and minimally conscious state (MCS), are limited and still need to be improved to influence long-term outcomes. Non-invasive brain stimulations (NIBS) techniques have recently shown promising results in DOC.\n\nTranscutaneous auricular vagal nerve stimulation (taVNS - NEMOS, Cerbomed, Germany) seems to be a promising approache. In a recent case report, a patient in UWS improved to MCS using this therapeutic technique.\n\nTo confirm this positive result, we propose a first randomized double-blind controlled crossover trial. One active stimulation at the cymba conchea to the side of the most injured hemisphere and one sham stimulation to the ear lobe (same side) will be delivered during 45 minutes in a randomized order in subacute (less than 21 days post-onset) severely brain-damaged patients. The stimulation will start at 3 mA and will be decreased if signs of pain were observed (more than 4/9 according to the Nociceptive Coma Scale-Revised - NCS-R) until stimulation stays under pain threshold.\n\nTen to fifteen minutes of high-density EEG will be recorded using a 256-channel saline electrode net (Electrical Geodesics, USA) directly before and will be continue until ten to fifteen minutes after each session. During this same period of time, electrocardiography (EKG) and pupillary measurement (Eye tracking, Phasya, Belgium) will be recorded to measure parasympathetic indirect signs of vagal stimulation. Behavioral assessments will be performed using the Coma Recovery Scale-Revised before and after each session by an investigator blinded to the treatment allocation."
        },
        "ConditionsModule":{
          "ConditionList":{
            "Condition":[
              "Consciousness Disorder",
              "Minimally Conscious State",
              "Vegetative State"
            ]
          },
          "KeywordList":{
            "Keyword":[
              "Vagus nerve stimulation",
              "Transcutaneous electrical nerve stimulation",
              "Non-invasive brain stimulation",
              "Neuromodulation",
              "High-density EEG",
              "Unresponsive wakefulness syndrome",
              "Vegetative state",
              "Minimally Conscious state",
              "Consciousness disorder"
            ]
          }
        },
        "DesignModule":{
          "StudyType":"Interventional",
          "PhaseList":{
            "Phase":[
              "Not Applicable"
            ]
          },
          "DesignInfo":{
            "DesignAllocation":"Randomized",
            "DesignInterventionModel":"Crossover Assignment",
            "DesignPrimaryPurpose":"Treatment",
            "DesignMaskingInfo":{
              "DesignMasking":"Quadruple",
              "DesignWhoMaskedList":{
                "DesignWhoMasked":[
                  "Participant",
                  "Care Provider",
                  "Investigator",
                  "Outcomes Assessor"
                ]
              }
            }
          },
          "EnrollmentInfo":{
            "EnrollmentCount":"24",
            "EnrollmentType":"Anticipated"
          }
        },
        "ArmsInterventionsModule":{
          "ArmGroupList":{
            "ArmGroup":[
              {
                "ArmGroupLabel":"Active taVNS",
                "ArmGroupType":"Active Comparator",
                "ArmGroupDescription":"Patients will receive transcutaneous auricular vagal nerve stimulation (taVNS), at the cymba conchea, the active localization.\n\nIt will be preceded and followed by a clinical assessment (Coma Recovery Scale- Revised) and simultaneously to a neurophysiological assessment (256 channels EEG, electrocardiograph and pupillary measure).",
                "ArmGroupInterventionList":{
                  "ArmGroupInterventionName":[
                    "Device: Active taVNS"
                  ]
                }
              },{
                "ArmGroupLabel":"Sham taVNS",
                "ArmGroupType":"Placebo Comparator",
                "ArmGroupDescription":"Patients will receive transcutaneous auricular vagal nerve stimulation (taVNS), at the ear lobe, the sham localization.\n\nIt will be preceded and followed by a clinical assessment (Coma Recovery Scale- Revised) and simultaneously to a neurophysiological assessment (256 channels EEG, electrocardiograph and pupillary measure).",
                "ArmGroupInterventionList":{
                  "ArmGroupInterventionName":[
                    "Device: sham taVNS"
                  ]
                }
              }
            ]
          },
          "InterventionList":{
            "Intervention":[
              {
                "InterventionType":"Device",
                "InterventionName":"Active taVNS",
                "InterventionDescription":"Patients will receive transcutaneous auricular vagal nerve stimulation (taVNS), at the cymba conchea, ipsilaterally to the most injured cerebral hemisphere, during 45 minutes (alternating 30 s on and 30 s off periods). Current intensity: 3 mA, width: 200-300 μsec.",
                "InterventionArmGroupLabelList":{
                  "InterventionArmGroupLabel":[
                    "Active taVNS"
                  ]
                }
              },{
                "InterventionType":"Device",
                "InterventionName":"sham taVNS",
                "InterventionDescription":"Patients will receive transcutaneous auricular vagal nerve stimulation (taVNS), at the ear lobe, ipsilaterally to the most injured cerebral hemisphere, during 45 minutes (alternating 30 s on and 30 s off periods). Current intensity: 3 mA, width: 200-300 μsec.",
                "InterventionArmGroupLabelList":{
                  "InterventionArmGroupLabel":[
                    "Sham taVNS"
                  ]
                }
              }
            ]
          }
        },
        "OutcomesModule":{
          "PrimaryOutcomeList":{
            "PrimaryOutcome":[
              {
                "PrimaryOutcomeMeasure":"Change in EEG",
                "PrimaryOutcomeDescription":"Improvement in cerebral activity i.e. power spectrum in the alpha band and connectivity measured by EEG",
                "PrimaryOutcomeTimeFrame":"Continuously from 15 min before to 15 min after the stimulation period."
              }
            ]
          },
          "SecondaryOutcomeList":{
            "SecondaryOutcome":[
              {
                "SecondaryOutcomeMeasure":"Change in CRS-R total score",
                "SecondaryOutcomeDescription":"Behavioral improvement measured by standardized scale. This scale is ranging from 0 to 23, highest score represents more signs of consciousness.",
                "SecondaryOutcomeTimeFrame":"during EEG procedure"
              },{
                "SecondaryOutcomeMeasure":"Change in pupil diameter",
                "SecondaryOutcomeDescription":"Through glasses, constant measure of the pupil diameter, indirect sign of parasympathetic stimulation",
                "SecondaryOutcomeTimeFrame":"Continuously from 15 min before to 15 min after the stimulation period."
              }
            ]
          }
        },
        "EligibilityModule":{
          "EligibilityCriteria":"Inclusion Criteria:\n\nPost-comatose patients ;\nPatients in vegetative state/unresponsive wakefulness syndrome or in minimally conscious state ;\nPatients with stable condition (including vita signs) ;\nPatients with cerebral lesion resulting from a known etiology ;\nPatients with intact skin at the stimulation site.\nPatients < 21 days after the acute brain injury\n\nExclusion Criteria:\n\nPregnant patients ;\nPatients with a cerebral shunt ;\nPatients with an active implant (i.e. pacemaker)\nPatient with premorbid neurology antecedent\nPatients in coma",
          "HealthyVolunteers":"No",
          "Gender":"All",
          "MinimumAge":"18 Years",
          "MaximumAge":"99 Years",
          "StdAgeList":{
            "StdAge":[
              "Adult",
              "Older Adult"
            ]
          }
        },
        "ContactsLocationsModule":{
          "CentralContactList":{
            "CentralContact":[
              {
                "CentralContactName":"Marie-Michèle Briand, MD, MSc",
                "CentralContactRole":"Contact",
                "CentralContactPhone":"+32 4 284 31 13",
                "CentralContactEMail":"mm.briand@doct.uliege.be"
              },{
                "CentralContactName":"Aurore Thibaut, PhD",
                "CentralContactRole":"Contact",
                "CentralContactPhone":"+32 4 284 31 13",
                "CentralContactEMail":"aurore.thibaut@uliege.be"
              }
            ]
          },
          "OverallOfficialList":{
            "OverallOfficial":[
              {
                "OverallOfficialName":"Aurore Thibaut, PhD",
                "OverallOfficialAffiliation":"Université de Liège",
                "OverallOfficialRole":"Principal Investigator"
              }
            ]
          },
          "LocationList":{
            "Location":[
              {
                "LocationFacility":"Centre Hospitalier Universitaire de Liège",
                "LocationStatus":"Recruiting",
                "LocationCity":"Liège",
                "LocationZip":"4000",
                "LocationCountry":"Belgium",
                "LocationContactList":{
                  "LocationContact":[
                    {
                      "LocationContactName":"Marie-Michele Briand, MD, MSc",
                      "LocationContactRole":"Contact",
                      "LocationContactPhone":"+32 4 284 31 13",
                      "LocationContactEMail":"mm.briand@doct.uliege.be"
                    },{
                      "LocationContactName":"Aurore Thibaut, PhD",
                      "LocationContactRole":"Contact",
                      "LocationContactPhone":"+32 4 284 31 13",
                      "LocationContactEMail":"aurore.thibaut@uliege.be"
                    }
                  ]
                }
              }
            ]
          }
        },
        "ReferencesModule":{
          "ReferenceList":{
            "Reference":[
              {
                "ReferencePMID":"28017322",
                "ReferenceType":"background",
                "ReferenceCitation":"Yu YT, Yang Y, Wang LB, Fang JL, Chen YY, He JH, Rong PJ. Transcutaneous auricular vagus nerve stimulation in disorders of consciousness monitored by fMRI: The first case report. Brain Stimul. 2017 Mar - Apr;10(2):328-330. doi: 10.1016/j.brs.2016.12.004. Epub 2016 Dec 14."
              },{
                "ReferencePMID":"27898202",
                "ReferenceType":"background",
                "ReferenceCitation":"Yakunina N, Kim SS, Nam EC. Optimization of Transcutaneous Vagus Nerve Stimulation Using Functional MRI. Neuromodulation. 2017 Apr;20(3):290-300. doi: 10.1111/ner.12541. Epub 2016 Nov 29."
              }
            ]
          }
        },
        "IPDSharingStatementModule":{
          "IPDSharing":"No"
        }
      },
      "DerivedSection":{
        "MiscInfoModule":{
          "VersionHolder":"April 19, 2021"
        },
        "ConditionBrowseModule":{
          "ConditionMeshList":{
            "ConditionMesh":[
              {
                "ConditionMeshId":"D000003244",
                "ConditionMeshTerm":"Consciousness Disorders"
              },{
                "ConditionMeshId":"D000018458",
                "ConditionMeshTerm":"Persistent Vegetative State"
              },{
                "ConditionMeshId":"D000004194",
                "ConditionMeshTerm":"Disease"
              }
            ]
          },
          "ConditionAncestorList":{
            "ConditionAncestor":[
              {
                "ConditionAncestorId":"D000010335",
                "ConditionAncestorTerm":"Pathologic Processes"
              },{
                "ConditionAncestorId":"D000019954",
                "ConditionAncestorTerm":"Neurobehavioral Manifestations"
              },{
                "ConditionAncestorId":"D000009461",
                "ConditionAncestorTerm":"Neurologic Manifestations"
              },{
                "ConditionAncestorId":"D000009422",
                "ConditionAncestorTerm":"Nervous System Diseases"
              },{
                "ConditionAncestorId":"D000019965",
                "ConditionAncestorTerm":"Neurocognitive Disorders"
              },{
                "ConditionAncestorId":"D000001523",
                "ConditionAncestorTerm":"Mental Disorders"
              },{
                "ConditionAncestorId":"D000001925",
                "ConditionAncestorTerm":"Brain Damage, Chronic"
              },{
                "ConditionAncestorId":"D000001927",
                "ConditionAncestorTerm":"Brain Diseases"
              },{
                "ConditionAncestorId":"D000002493",
                "ConditionAncestorTerm":"Central Nervous System Diseases"
              },{
                "ConditionAncestorId":"D000014474",
                "ConditionAncestorTerm":"Unconsciousness"
              }
            ]
          },
          "ConditionBrowseLeafList":{
            "ConditionBrowseLeaf":[
              {
                "ConditionBrowseLeafId":"M14938",
                "ConditionBrowseLeafName":"Syndrome",
                "ConditionBrowseLeafRelevance":"low"
              },{
                "ConditionBrowseLeafId":"M5051",
                "ConditionBrowseLeafName":"Consciousness Disorders",
                "ConditionBrowseLeafAsFound":"Consciousness Disorders",
                "ConditionBrowseLeafRelevance":"high"
              },{
                "ConditionBrowseLeafId":"M4939",
                "ConditionBrowseLeafName":"Coma",
                "ConditionBrowseLeafRelevance":"low"
              },{
                "ConditionBrowseLeafId":"M19151",
                "ConditionBrowseLeafName":"Persistent Vegetative State",
                "ConditionBrowseLeafAsFound":"Minimally Conscious State",
                "ConditionBrowseLeafRelevance":"high"
              },{
                "ConditionBrowseLeafId":"M20410",
                "ConditionBrowseLeafName":"Neurobehavioral Manifestations",
                "ConditionBrowseLeafRelevance":"low"
              },{
                "ConditionBrowseLeafId":"M10987",
                "ConditionBrowseLeafName":"Neurologic Manifestations",
                "ConditionBrowseLeafRelevance":"low"
              },{
                "ConditionBrowseLeafId":"M20420",
                "ConditionBrowseLeafName":"Neurocognitive Disorders",
                "ConditionBrowseLeafRelevance":"low"
              },{
                "ConditionBrowseLeafId":"M3396",
                "ConditionBrowseLeafName":"Mental Disorders",
                "ConditionBrowseLeafRelevance":"low"
              },{
                "ConditionBrowseLeafId":"M13056",
                "ConditionBrowseLeafName":"Psychotic Disorders",
                "ConditionBrowseLeafRelevance":"low"
              },{
                "ConditionBrowseLeafId":"M3789",
                "ConditionBrowseLeafName":"Brain Injuries",
                "ConditionBrowseLeafRelevance":"low"
              },{
                "ConditionBrowseLeafId":"M3784",
                "ConditionBrowseLeafName":"Brain Damage, Chronic",
                "ConditionBrowseLeafRelevance":"low"
              },{
                "ConditionBrowseLeafId":"M3786",
                "ConditionBrowseLeafName":"Brain Diseases",
                "ConditionBrowseLeafRelevance":"low"
              },{
                "ConditionBrowseLeafId":"M4325",
                "ConditionBrowseLeafName":"Central Nervous System Diseases",
                "ConditionBrowseLeafRelevance":"low"
              },{
                "ConditionBrowseLeafId":"M15807",
                "ConditionBrowseLeafName":"Unconsciousness",
                "ConditionBrowseLeafRelevance":"low"
              }
            ]
          },
          "ConditionBrowseBranchList":{
            "ConditionBrowseBranch":[
              {
                "ConditionBrowseBranchAbbrev":"BC23",
                "ConditionBrowseBranchName":"Symptoms and General Pathology"
              },{
                "ConditionBrowseBranchAbbrev":"All",
                "ConditionBrowseBranchName":"All Conditions"
              },{
                "ConditionBrowseBranchAbbrev":"BC10",
                "ConditionBrowseBranchName":"Nervous System Diseases"
              },{
                "ConditionBrowseBranchAbbrev":"BXM",
                "ConditionBrowseBranchName":"Behaviors and Mental Disorders"
              },{
                "ConditionBrowseBranchAbbrev":"BC26",
                "ConditionBrowseBranchName":"Wounds and Injuries"
              }
            ]
          }
        }
      }
    }
  }
}

