{
  "FullStudy":{
    "Rank":60218,
    "Study":{
      "ProtocolSection":{
        "IdentificationModule":{
          "NCTId":"NCT04065919",
          "OrgStudyIdInfo":{
            "OrgStudyId":"IIT#2018-137"
          },
          "Organization":{
            "OrgFullName":"Florida Heart and Lung Institute",
            "OrgClass":"OTHER"
          },
          "BriefTitle":"Evaluation of Liposomal Bupivacaine Compared to Usual Care and Its Effects on Pain for Cardiac Surgery",
          "OfficialTitle":"Evaluation of Liposomal Bupivacaine Compared to Usual Care and Its Effects on Pain for Cardiac Surgery",
          "Acronym":"EXPAREL"
        },
        "StatusModule":{
          "StatusVerifiedDate":"February 2020",
          "OverallStatus":"Enrolling by invitation",
          "ExpandedAccessInfo":{
            "HasExpandedAccess":"No"
          },
          "StartDateStruct":{
            "StartDate":"October 1, 2019",
            "StartDateType":"Actual"
          },
          "PrimaryCompletionDateStruct":{
            "PrimaryCompletionDate":"October 30, 2020",
            "PrimaryCompletionDateType":"Anticipated"
          },
          "CompletionDateStruct":{
            "CompletionDate":"November 30, 2020",
            "CompletionDateType":"Anticipated"
          },
          "StudyFirstSubmitDate":"August 2, 2019",
          "StudyFirstSubmitQCDate":"August 21, 2019",
          "StudyFirstPostDateStruct":{
            "StudyFirstPostDate":"August 22, 2019",
            "StudyFirstPostDateType":"Actual"
          },
          "LastUpdateSubmitDate":"February 4, 2020",
          "LastUpdatePostDateStruct":{
            "LastUpdatePostDate":"February 6, 2020",
            "LastUpdatePostDateType":"Actual"
          }
        },
        "SponsorCollaboratorsModule":{
          "ResponsibleParty":{
            "ResponsiblePartyType":"Principal Investigator",
            "ResponsiblePartyInvestigatorFullName":"Charles Klodell, MD",
            "ResponsiblePartyInvestigatorTitle":"Cardiothoracic Surgeon",
            "ResponsiblePartyInvestigatorAffiliation":"Florida Heart and Lung Institute"
          },
          "LeadSponsor":{
            "LeadSponsorName":"Florida Heart and Lung Institute",
            "LeadSponsorClass":"OTHER"
          }
        },
        "OversightModule":{
          "OversightHasDMC":"No",
          "IsFDARegulatedDrug":"Yes",
          "IsFDARegulatedDevice":"No",
          "IsUSExport":"No"
        },
        "DescriptionModule":{
          "BriefSummary":"Evaluation of Liposomal Bupivacaine Compared to Usual Care and its Effect on Pain for Cardiac Surgery",
          "DetailedDescription":"Current standard of care for pain management includes a multimodal approach of peristernal and fifth intercoastal infiltration with 0.25% bupivacaine with epinepherine combined with immediate post operative IV acetaminophen, followed by scheduled oral acetaminophen and supplemental IV and PO narcotics. This practice is beneficial since it controls most of the direct surgical site pain for at least 6 hours, however, after the local anesthetic dissipates, pain is usually managed with the use of opioids combined with scheduled oral acetaminophen.\n\nOpioids are the most commonly used medications to control pain early after surgery because of their high potency. However, their undesirable effects and risk of dependence become limitations.\n\nThe Investigators believe Liposomal Bupivacaine would be beneficial in this population due to its quick onset of action and prolonged half-life associated with liposomal formulation ranging from 23.8 to 34.1 hours. The primary endpoint will be a 20% reduction in opioids use."
        },
        "ConditionsModule":{
          "ConditionList":{
            "Condition":[
              "Cardiothoracic Surgery"
            ]
          }
        },
        "DesignModule":{
          "StudyType":"Interventional",
          "PhaseList":{
            "Phase":[
              "Phase 4"
            ]
          },
          "DesignInfo":{
            "DesignAllocation":"Randomized",
            "DesignInterventionModel":"Parallel Assignment",
            "DesignInterventionModelDescription":"Study comparing current standard of therapy using 0.25% bupivacaine with epinepherine at 1cc/kg total dose and the addition of liposomal bupivacaine 266mg/20ml for pain management in cardiac surgery. Patient and Investigator are blinded.",
            "DesignPrimaryPurpose":"Treatment",
            "DesignMaskingInfo":{
              "DesignMasking":"Double",
              "DesignMaskingDescription":"Patients will be randomized per study coordinator. SOC includes 0.25%bupivacaine with epinephrine at 1cc/kg total dose and the treatment arm will include liposomal bupivacaine 266mg/20ml added to usual dose.",
              "DesignWhoMaskedList":{
                "DesignWhoMasked":[
                  "Participant",
                  "Investigator"
                ]
              }
            }
          },
          "EnrollmentInfo":{
            "EnrollmentCount":"300",
            "EnrollmentType":"Anticipated"
          }
        },
        "ArmsInterventionsModule":{
          "ArmGroupList":{
            "ArmGroup":[
              {
                "ArmGroupLabel":"Exparel",
                "ArmGroupType":"Active Comparator",
                "ArmGroupDescription":"administration of liposomal bupivacaine 266mg/20mL+ 40 mL bupivacaine 0.25% bupivacaine\n\n.",
                "ArmGroupInterventionList":{
                  "ArmGroupInterventionName":[
                    "Drug: Liposomal bupivacaine",
                    "Drug: 0.25% Bupivacaine with epinephrine"
                  ]
                }
              },{
                "ArmGroupLabel":"Standard of Therapy",
                "ArmGroupType":"Active Comparator",
                "ArmGroupDescription":"administration of 0.25% bupivacaine with epinephrine at 1cc/kg total dose",
                "ArmGroupInterventionList":{
                  "ArmGroupInterventionName":[
                    "Drug: 0.25% Bupivacaine with epinephrine"
                  ]
                }
              }
            ]
          },
          "InterventionList":{
            "Intervention":[
              {
                "InterventionType":"Drug",
                "InterventionName":"Liposomal bupivacaine",
                "InterventionDescription":"20mL EXPAREL+40mL bupivacaine 0.25% infiltrated into 5th intercostal space",
                "InterventionArmGroupLabelList":{
                  "InterventionArmGroupLabel":[
                    "Exparel"
                  ]
                },
                "InterventionOtherNameList":{
                  "InterventionOtherName":[
                    "Exparel"
                  ]
                }
              },{
                "InterventionType":"Drug",
                "InterventionName":"0.25% Bupivacaine with epinephrine",
                "InterventionDescription":"0.25% Bupivacaine with epinephrine at 1cc/kg total dose infiltrated into 5th intercostal space",
                "InterventionArmGroupLabelList":{
                  "InterventionArmGroupLabel":[
                    "Exparel",
                    "Standard of Therapy"
                  ]
                }
              }
            ]
          }
        },
        "OutcomesModule":{
          "PrimaryOutcomeList":{
            "PrimaryOutcome":[
              {
                "PrimaryOutcomeMeasure":"20% change in opioids use",
                "PrimaryOutcomeDescription":"Record daily narcotic use",
                "PrimaryOutcomeTimeFrame":"From post operative day of cardiac surgery through length of hospital admission and through study completion, an average of one year."
              }
            ]
          },
          "SecondaryOutcomeList":{
            "SecondaryOutcome":[
              {
                "SecondaryOutcomeMeasure":"Time to extubation",
                "SecondaryOutcomeDescription":"Record in 15 minutes intervals the time when the breathing tube is removed",
                "SecondaryOutcomeTimeFrame":"Post operative day of surgery through study completion, an average of 1 year"
              },{
                "SecondaryOutcomeMeasure":"Time to ICU",
                "SecondaryOutcomeDescription":"Record time in 15 minute intervals the length of time in ICU",
                "SecondaryOutcomeTimeFrame":"Post operative day of surgery through study completion, an average of 1 year"
              },{
                "SecondaryOutcomeMeasure":"Pain Scores on Post op day 2,3 and 4",
                "SecondaryOutcomeDescription":"Record pain scores using the Wong - Baker\" FACES\" Pain rating scale and /or CPOT Critical Care Pain Observation Tool. Collecting the Scale ratings of 4-10.*Face #4 Hurts a Little, Face#6 Hurts Even More, Face #8 Hurts a Whole Lot Face#10 Hurts Worst. CPOT- Critical Care Pain Observational Tool Documenting Pain Intensity, Pain Location, Pain Radiation and Pain Description.",
                "SecondaryOutcomeTimeFrame":"Post operative day of cardiac surgery through Post operative Day 4"
              },{
                "SecondaryOutcomeMeasure":"Total narcotic use on Post op Day 2,3, and 4",
                "SecondaryOutcomeDescription":"Record daily narcotic use both Oral and Intravenous administration",
                "SecondaryOutcomeTimeFrame":"Day of cardiac surgery to Post op day 4"
              },{
                "SecondaryOutcomeMeasure":"Time to Hospital Discharge",
                "SecondaryOutcomeDescription":"Record the number of days(LOS) length of stay in the hospital from post operative surgery to discharge",
                "SecondaryOutcomeTimeFrame":"Count the number of days from admission for cardiac surgery to day of hospital discharge through study completion , an average of one year"
              },{
                "SecondaryOutcomeMeasure":"Major Adverse Cardiac Effects of Liposomal Bupivacaine",
                "SecondaryOutcomeDescription":"Record Major Adverse Cardiac Effects associated with Liposomal Bupivacaine, Arrythmias, Hypotension > 90/50,AV Block and Cardiac Arrest",
                "SecondaryOutcomeTimeFrame":"Time of peristernal and fifth intercostal infiltration of liposomal bupivacaine through the expected half life associated with liposomal formulation ranging from 23.8 up to 34.1 hours."
              }
            ]
          }
        },
        "EligibilityModule":{
          "EligibilityCriteria":"Inclusion Criteria:\n\nAge >18 years old\nAll open heart surgeries from September 1, 2019 - September 30, 2020\nAble to read, comprehend and sign the informed consent form\n\nExclusion Criteria:\n\nPregnancy\n< 18 years old and prisoners\nNot able to sign informed consent, including patients with an (LAR) legally authorized representative\nPatients with chronic pain requiring scheduled narcotic use\nStage 4 kidney disease, Child Pugh score suggestive of liver cirrhosis/ disease\nRecent MI within 7 days of scheduled Cardiac surgery\nKnown allergy to Liposomal Bupivacaine or derivative of\nHave or is currently involved in a Research Study within 30 days of scheduled surgery",
          "HealthyVolunteers":"No",
          "Gender":"All",
          "MinimumAge":"18 Years",
          "StdAgeList":{
            "StdAge":[
              "Adult",
              "Older Adult"
            ]
          }
        },
        "ContactsLocationsModule":{
          "OverallOfficialList":{
            "OverallOfficial":[
              {
                "OverallOfficialName":"Charles T Klodell, MD",
                "OverallOfficialAffiliation":"Florida Heart and Lung Institute, HCA Physician Services",
                "OverallOfficialRole":"Principal Investigator"
              }
            ]
          },
          "LocationList":{
            "Location":[
              {
                "LocationFacility":"Florida Heart and Lung Institute",
                "LocationCity":"Gainesville",
                "LocationState":"Florida",
                "LocationZip":"32605",
                "LocationCountry":"United States"
              }
            ]
          }
        },
        "IPDSharingStatementModule":{
          "IPDSharing":"No"
        }
      },
      "DerivedSection":{
        "MiscInfoModule":{
          "VersionHolder":"April 19, 2021"
        },
        "ConditionBrowseModule":{
          "ConditionBrowseLeafList":{
            "ConditionBrowseLeaf":[
              {
                "ConditionBrowseLeafId":"M11649",
                "ConditionBrowseLeafName":"Pain",
                "ConditionBrowseLeafRelevance":"low"
              }
            ]
          },
          "ConditionBrowseBranchList":{
            "ConditionBrowseBranch":[
              {
                "ConditionBrowseBranchAbbrev":"BC23",
                "ConditionBrowseBranchName":"Symptoms and General Pathology"
              },{
                "ConditionBrowseBranchAbbrev":"All",
                "ConditionBrowseBranchName":"All Conditions"
              }
            ]
          }
        },
        "InterventionBrowseModule":{
          "InterventionMeshList":{
            "InterventionMesh":[
              {
                "InterventionMeshId":"D000004837",
                "InterventionMeshTerm":"Epinephrine"
              },{
                "InterventionMeshId":"D000002045",
                "InterventionMeshTerm":"Bupivacaine"
              }
            ]
          },
          "InterventionAncestorList":{
            "InterventionAncestor":[
              {
                "InterventionAncestorId":"D000000779",
                "InterventionAncestorTerm":"Anesthetics, Local"
              },{
                "InterventionAncestorId":"D000000777",
                "InterventionAncestorTerm":"Anesthetics"
              },{
                "InterventionAncestorId":"D000002492",
                "InterventionAncestorTerm":"Central Nervous System Depressants"
              },{
                "InterventionAncestorId":"D000045505",
                "InterventionAncestorTerm":"Physiological Effects of Drugs"
              },{
                "InterventionAncestorId":"D000018689",
                "InterventionAncestorTerm":"Sensory System Agents"
              },{
                "InterventionAncestorId":"D000018373",
                "InterventionAncestorTerm":"Peripheral Nervous System Agents"
              },{
                "InterventionAncestorId":"D000000316",
                "InterventionAncestorTerm":"Adrenergic alpha-Agonists"
              },{
                "InterventionAncestorId":"D000000322",
                "InterventionAncestorTerm":"Adrenergic Agonists"
              },{
                "InterventionAncestorId":"D000018663",
                "InterventionAncestorTerm":"Adrenergic Agents"
              },{
                "InterventionAncestorId":"D000018377",
                "InterventionAncestorTerm":"Neurotransmitter Agents"
              },{
                "InterventionAncestorId":"D000045504",
                "InterventionAncestorTerm":"Molecular Mechanisms of Pharmacological Action"
              },{
                "InterventionAncestorId":"D000000318",
                "InterventionAncestorTerm":"Adrenergic beta-Agonists"
              },{
                "InterventionAncestorId":"D000001993",
                "InterventionAncestorTerm":"Bronchodilator Agents"
              },{
                "InterventionAncestorId":"D000001337",
                "InterventionAncestorTerm":"Autonomic Agents"
              },{
                "InterventionAncestorId":"D000018927",
                "InterventionAncestorTerm":"Anti-Asthmatic Agents"
              },{
                "InterventionAncestorId":"D000019141",
                "InterventionAncestorTerm":"Respiratory System Agents"
              },{
                "InterventionAncestorId":"D000009184",
                "InterventionAncestorTerm":"Mydriatics"
              },{
                "InterventionAncestorId":"D000013566",
                "InterventionAncestorTerm":"Sympathomimetics"
              },{
                "InterventionAncestorId":"D000014662",
                "InterventionAncestorTerm":"Vasoconstrictor Agents"
              }
            ]
          },
          "InterventionBrowseLeafList":{
            "InterventionBrowseLeaf":[
              {
                "InterventionBrowseLeafId":"M3897",
                "InterventionBrowseLeafName":"Bupivacaine",
                "InterventionBrowseLeafAsFound":"Used",
                "InterventionBrowseLeafRelevance":"high"
              },{
                "InterventionBrowseLeafId":"M6575",
                "InterventionBrowseLeafName":"Epinephrine",
                "InterventionBrowseLeafAsFound":"Tool",
                "InterventionBrowseLeafRelevance":"high"
              },{
                "InterventionBrowseLeafId":"M28958",
                "InterventionBrowseLeafName":"Racepinephrine",
                "InterventionBrowseLeafRelevance":"low"
              },{
                "InterventionBrowseLeafId":"M217972",
                "InterventionBrowseLeafName":"Epinephryl borate",
                "InterventionBrowseLeafRelevance":"low"
              },{
                "InterventionBrowseLeafId":"M2690",
                "InterventionBrowseLeafName":"Anesthetics, Local",
                "InterventionBrowseLeafRelevance":"low"
              },{
                "InterventionBrowseLeafId":"M2688",
                "InterventionBrowseLeafName":"Anesthetics",
                "InterventionBrowseLeafRelevance":"low"
              },{
                "InterventionBrowseLeafId":"M19330",
                "InterventionBrowseLeafName":"Adrenergic Agents",
                "InterventionBrowseLeafRelevance":"low"
              },{
                "InterventionBrowseLeafId":"M2249",
                "InterventionBrowseLeafName":"Adrenergic alpha-Agonists",
                "InterventionBrowseLeafRelevance":"low"
              },{
                "InterventionBrowseLeafId":"M2254",
                "InterventionBrowseLeafName":"Adrenergic Agonists",
                "InterventionBrowseLeafRelevance":"low"
              },{
                "InterventionBrowseLeafId":"M19088",
                "InterventionBrowseLeafName":"Neurotransmitter Agents",
                "InterventionBrowseLeafRelevance":"low"
              },{
                "InterventionBrowseLeafId":"M2251",
                "InterventionBrowseLeafName":"Adrenergic beta-Agonists",
                "InterventionBrowseLeafRelevance":"low"
              },{
                "InterventionBrowseLeafId":"M3851",
                "InterventionBrowseLeafName":"Bronchodilator Agents",
                "InterventionBrowseLeafRelevance":"low"
              },{
                "InterventionBrowseLeafId":"M19547",
                "InterventionBrowseLeafName":"Anti-Asthmatic Agents",
                "InterventionBrowseLeafRelevance":"low"
              },{
                "InterventionBrowseLeafId":"M19721",
                "InterventionBrowseLeafName":"Respiratory System Agents",
                "InterventionBrowseLeafRelevance":"low"
              },{
                "InterventionBrowseLeafId":"M10722",
                "InterventionBrowseLeafName":"Mydriatics",
                "InterventionBrowseLeafRelevance":"low"
              },{
                "InterventionBrowseLeafId":"M14928",
                "InterventionBrowseLeafName":"Sympathomimetics",
                "InterventionBrowseLeafRelevance":"low"
              },{
                "InterventionBrowseLeafId":"M15992",
                "InterventionBrowseLeafName":"Vasoconstrictor Agents",
                "InterventionBrowseLeafRelevance":"low"
              }
            ]
          },
          "InterventionBrowseBranchList":{
            "InterventionBrowseBranch":[
              {
                "InterventionBrowseBranchAbbrev":"CNSDep",
                "InterventionBrowseBranchName":"Central Nervous System Depressants"
              },{
                "InterventionBrowseBranchAbbrev":"All",
                "InterventionBrowseBranchName":"All Drugs and Chemicals"
              },{
                "InterventionBrowseBranchAbbrev":"VaCoAg",
                "InterventionBrowseBranchName":"Vasoconstrictor Agents"
              },{
                "InterventionBrowseBranchAbbrev":"Resp",
                "InterventionBrowseBranchName":"Respiratory System Agents"
              }
            ]
          }
        }
      }
    }
  }
}

