{
  "FullStudy":{
    "Rank":60383,
    "Study":{
      "ProtocolSection":{
        "IdentificationModule":{
          "NCTId":"NCT04063761",
          "OrgStudyIdInfo":{
            "OrgStudyId":"AMEVAB2019"
          },
          "Organization":{
            "OrgFullName":"Advanced Cooling Therapy, Inc., d/b/a Attune Medical",
            "OrgClass":"INDUSTRY"
          },
          "BriefTitle":"Evaluating Active Esophageal Cooling During Cardiac Ablation Procedures",
          "OfficialTitle":"Evaluating Active Esophageal Cooling During Cardiac Ablation Procedures"
        },
        "StatusModule":{
          "StatusVerifiedDate":"August 2020",
          "OverallStatus":"Recruiting",
          "ExpandedAccessInfo":{
            "HasExpandedAccess":"No"
          },
          "StartDateStruct":{
            "StartDate":"June 20, 2019",
            "StartDateType":"Actual"
          },
          "PrimaryCompletionDateStruct":{
            "PrimaryCompletionDate":"February 2021",
            "PrimaryCompletionDateType":"Anticipated"
          },
          "CompletionDateStruct":{
            "CompletionDate":"February 2021",
            "CompletionDateType":"Anticipated"
          },
          "StudyFirstSubmitDate":"August 19, 2019",
          "StudyFirstSubmitQCDate":"August 20, 2019",
          "StudyFirstPostDateStruct":{
            "StudyFirstPostDate":"August 21, 2019",
            "StudyFirstPostDateType":"Actual"
          },
          "LastUpdateSubmitDate":"August 12, 2020",
          "LastUpdatePostDateStruct":{
            "LastUpdatePostDate":"August 13, 2020",
            "LastUpdatePostDateType":"Actual"
          }
        },
        "SponsorCollaboratorsModule":{
          "ResponsibleParty":{
            "ResponsiblePartyType":"Sponsor"
          },
          "LeadSponsor":{
            "LeadSponsorName":"Advanced Cooling Therapy, Inc., d/b/a Attune Medical",
            "LeadSponsorClass":"INDUSTRY"
          },
          "CollaboratorList":{
            "Collaborator":[
              {
                "CollaboratorName":"University of Iowa",
                "CollaboratorClass":"OTHER"
              }
            ]
          }
        },
        "OversightModule":{
          "OversightHasDMC":"No",
          "IsFDARegulatedDrug":"No",
          "IsFDARegulatedDevice":"Yes",
          "IsUSExport":"No"
        },
        "DescriptionModule":{
          "BriefSummary":"Left atrial catheter ablation including pulmonary vein isolation is a standard therapy in the management of symptomatic atrial fibrillation; however thermal esophageal injury is a known potential consequence of this procedure. Delivery of radiofrequency (RF) energy necessary to perform left atrial ablation has the potential to cause injury to the nearby esophagus including ulceration, hematoma, spasm, esophageal motility disorders, and, in the most extreme case, atrial-esophageal fistula (AEF). Esophageal mucosal lesions are the likely precursor to AEF, and esophageal mucosal lesions have been detected on post-ablation endoscopy after pulmonary vein isolation with an incidence ranging from 3% to 60%.\n\nActive esophageal cooling during RF ablation as a means of esophageal injury prevention has been investigated through mathematical models, pre-clinical studies, and in clinical trials. Existing data support the efficacy of this approach, but the practice has not been widely adopted due to lack of a commercially available device.\n\nThe aim or purpose of this study is to evaluate the impact on procedural efficiency of ablation procedures performed using esophageal heat transfer to cool the esophagus during left atrial RF ablation.",
          "DetailedDescription":"This study is a prospective, pilot study using the Attune Medical esophageal heat transfer device to actively cool the esophagus during RF ablation procedures. This design is appropriate to gather the data needed regarding overall procedural time, compare this to historical controls, and estimate a sample size for a larger study powered for statistical significance.\n\nThe subjects will undergo preparation and anesthesia procedures following standard practice. Once the patient is intubated, the esophageal heat transfer device will be placed into the esophagus according to the Instructions for Use (IFU). The device will remain in place until the ablation procedure is completed and will be removed before extubation. Posterior left atrial wall ablation using standard parameters will only be performed when the esophageal heat transfer device has reached a temperature of 4-6 degrees C for at least 2 minutes. The device will be set to neutral or warming temperature (37-42 degrees C) during other aspects of the procedure (such as mapping and anterior wall ablations).\n\nAll patients will be followed up in total for 6 weeks (Long Term Follow-up visit) after the procedure to document any clinical complication related to thermal esophageal injuries if applicable."
        },
        "ConditionsModule":{
          "ConditionList":{
            "Condition":[
              "Atrial Fibrillation"
            ]
          }
        },
        "DesignModule":{
          "StudyType":"Interventional",
          "PhaseList":{
            "Phase":[
              "Not Applicable"
            ]
          },
          "DesignInfo":{
            "DesignAllocation":"N/A",
            "DesignInterventionModel":"Single Group Assignment",
            "DesignPrimaryPurpose":"Prevention",
            "DesignMaskingInfo":{
              "DesignMasking":"None (Open Label)"
            }
          },
          "EnrollmentInfo":{
            "EnrollmentCount":"20",
            "EnrollmentType":"Anticipated"
          }
        },
        "ArmsInterventionsModule":{
          "ArmGroupList":{
            "ArmGroup":[
              {
                "ArmGroupLabel":"Esophageal Cooling",
                "ArmGroupType":"Experimental",
                "ArmGroupDescription":"Single arm study: Patients receive the Attune Medical Esophageal Heat Transfer Device",
                "ArmGroupInterventionList":{
                  "ArmGroupInterventionName":[
                    "Device: esophageal cooling device (Attune Medical, Chicago, IL)"
                  ]
                }
              }
            ]
          },
          "InterventionList":{
            "Intervention":[
              {
                "InterventionType":"Device",
                "InterventionName":"esophageal cooling device (Attune Medical, Chicago, IL)",
                "InterventionDescription":"Prospective, single center pilot study",
                "InterventionArmGroupLabelList":{
                  "InterventionArmGroupLabel":[
                    "Esophageal Cooling"
                  ]
                }
              }
            ]
          }
        },
        "OutcomesModule":{
          "PrimaryOutcomeList":{
            "PrimaryOutcome":[
              {
                "PrimaryOutcomeMeasure":"Total time of active ablation procedure",
                "PrimaryOutcomeDescription":"Total time of active ablation procedure measured from trans-septal puncture to achievement of Pulmonary Vein Isolation (PVI)",
                "PrimaryOutcomeTimeFrame":"Study Day 1 for all patients enrolled, during left atrial ablation procedures using radiofrequency energy"
              }
            ]
          },
          "SecondaryOutcomeList":{
            "SecondaryOutcome":[
              {
                "SecondaryOutcomeMeasure":"Total procedure time",
                "SecondaryOutcomeDescription":"Total procedure time from patient entry to Electrophysiology (EP) lab until discharge to Post-Anesthesia Care Unit (PACU)",
                "SecondaryOutcomeTimeFrame":"Study Day 1 for all patients enrolled from patient entry to Electrophysiology (EP) lab until post procedure discharge to Post-Anesthesia Care Unit (PACU)"
              },{
                "SecondaryOutcomeMeasure":"Number of procedural pauses during left atrial instrumentation",
                "SecondaryOutcomeDescription":"Number of procedural pauses during left atrial instrumentation measured from trans-septal puncture to achievement of Pulmonary Vein Isolation (PVI)",
                "SecondaryOutcomeTimeFrame":"Study Day 1 for all patients, during left atrial ablation procedures using radiofrequency energy"
              }
            ]
          }
        },
        "EligibilityModule":{
          "EligibilityCriteria":"Inclusion Criteria:\n\nAdult patients (age over 18 years)\nUndergoing first left atrial ablation for the treatment of atrial fibrillation (AF) including pulmonary vein isolation\nUndergoing catheter-based ablation procedure using radiofrequency energy\nPatients must be able to understand and critically review the informed consent form.\nSubjects must understand and agree to study requirements and sign a written informed consent.\n\nExclusion Criteria:\n\nPatients who are unable to provide informed consent.\nHistory of prior atrial fibrillation (AF) ablation procedures.\nSignificant co-morbidities that preclude standard ablation procedure.\nPatients with <40 kg of body mass\nPatients with relevant esophageal pathology (e.g. esophageal cancer)",
          "HealthyVolunteers":"No",
          "Gender":"All",
          "MinimumAge":"18 Years",
          "StdAgeList":{
            "StdAge":[
              "Adult",
              "Older Adult"
            ]
          }
        },
        "ContactsLocationsModule":{
          "CentralContactList":{
            "CentralContact":[
              {
                "CentralContactName":"Alexander Mazur, MD",
                "CentralContactRole":"Contact",
                "CentralContactPhone":"319-384-9829",
                "CentralContactEMail":"alexander-mazur@uiowa.edu"
              },{
                "CentralContactName":"Electrophysiology Research Office",
                "CentralContactRole":"Contact",
                "CentralContactPhone":"319-384-1627"
              }
            ]
          },
          "OverallOfficialList":{
            "OverallOfficial":[
              {
                "OverallOfficialName":"Alexander Mazur, MD",
                "OverallOfficialAffiliation":"University of Iowa",
                "OverallOfficialRole":"Principal Investigator"
              }
            ]
          },
          "LocationList":{
            "Location":[
              {
                "LocationFacility":"University of Iowa",
                "LocationStatus":"Recruiting",
                "LocationCity":"Iowa City",
                "LocationState":"Iowa",
                "LocationZip":"52242",
                "LocationCountry":"United States",
                "LocationContactList":{
                  "LocationContact":[
                    {
                      "LocationContactName":"Alexander Mazur, MD",
                      "LocationContactRole":"Contact",
                      "LocationContactPhone":"319-384-9829",
                      "LocationContactEMail":"alexander-mazur@uiowa.edu"
                    },{
                      "LocationContactName":"Electrophysiology Research Office",
                      "LocationContactRole":"Contact",
                      "LocationContactPhone":"319-384-1627"
                    },{
                      "LocationContactName":"Alexander Mazur, MD",
                      "LocationContactRole":"Principal Investigator"
                    }
                  ]
                }
              }
            ]
          }
        }
      },
      "DerivedSection":{
        "MiscInfoModule":{
          "VersionHolder":"April 19, 2021"
        },
        "ConditionBrowseModule":{
          "ConditionMeshList":{
            "ConditionMesh":[
              {
                "ConditionMeshId":"D000001281",
                "ConditionMeshTerm":"Atrial Fibrillation"
              }
            ]
          },
          "ConditionAncestorList":{
            "ConditionAncestor":[
              {
                "ConditionAncestorId":"D000001145",
                "ConditionAncestorTerm":"Arrhythmias, Cardiac"
              },{
                "ConditionAncestorId":"D000006331",
                "ConditionAncestorTerm":"Heart Diseases"
              },{
                "ConditionAncestorId":"D000002318",
                "ConditionAncestorTerm":"Cardiovascular Diseases"
              },{
                "ConditionAncestorId":"D000010335",
                "ConditionAncestorTerm":"Pathologic Processes"
              }
            ]
          },
          "ConditionBrowseLeafList":{
            "ConditionBrowseLeaf":[
              {
                "ConditionBrowseLeafId":"M3167",
                "ConditionBrowseLeafName":"Atrial Fibrillation",
                "ConditionBrowseLeafAsFound":"Atrial Fibrillation",
                "ConditionBrowseLeafRelevance":"high"
              },{
                "ConditionBrowseLeafId":"M3034",
                "ConditionBrowseLeafName":"Arrhythmias, Cardiac",
                "ConditionBrowseLeafRelevance":"low"
              },{
                "ConditionBrowseLeafId":"M8002",
                "ConditionBrowseLeafName":"Heart Diseases",
                "ConditionBrowseLeafRelevance":"low"
              }
            ]
          },
          "ConditionBrowseBranchList":{
            "ConditionBrowseBranch":[
              {
                "ConditionBrowseBranchAbbrev":"BC14",
                "ConditionBrowseBranchName":"Heart and Blood Diseases"
              },{
                "ConditionBrowseBranchAbbrev":"BC23",
                "ConditionBrowseBranchName":"Symptoms and General Pathology"
              },{
                "ConditionBrowseBranchAbbrev":"All",
                "ConditionBrowseBranchName":"All Conditions"
              }
            ]
          }
        }
      }
    }
  }
}

