{
  "FullStudy":{
    "Rank":60306,
    "Study":{
      "ProtocolSection":{
        "IdentificationModule":{
          "NCTId":"NCT04064762",
          "OrgStudyIdInfo":{
            "OrgStudyId":"019-280"
          },
          "SecondaryIdInfoList":{
            "SecondaryIdInfo":[
              {
                "SecondaryId":"N66001-15-2-4057",
                "SecondaryIdType":"Other Grant/Funding Number",
                "SecondaryIdDomain":"Defense Advanced Research Projects Agency (DARPA)"
              }
            ]
          },
          "Organization":{
            "OrgFullName":"Baylor Research Institute",
            "OrgClass":"OTHER"
          },
          "BriefTitle":"Targeted Plasticity Therapy for Posttraumatic Stress Disorder",
          "OfficialTitle":"Targeted Plasticity Therapy for Posttraumatic Stress Disorder"
        },
        "StatusModule":{
          "StatusVerifiedDate":"February 2021",
          "OverallStatus":"Recruiting",
          "ExpandedAccessInfo":{
            "HasExpandedAccess":"No"
          },
          "StartDateStruct":{
            "StartDate":"December 16, 2020",
            "StartDateType":"Actual"
          },
          "PrimaryCompletionDateStruct":{
            "PrimaryCompletionDate":"October 2021",
            "PrimaryCompletionDateType":"Anticipated"
          },
          "CompletionDateStruct":{
            "CompletionDate":"April 2024",
            "CompletionDateType":"Anticipated"
          },
          "StudyFirstSubmitDate":"July 31, 2019",
          "StudyFirstSubmitQCDate":"August 19, 2019",
          "StudyFirstPostDateStruct":{
            "StudyFirstPostDate":"August 22, 2019",
            "StudyFirstPostDateType":"Actual"
          },
          "LastUpdateSubmitDate":"February 17, 2021",
          "LastUpdatePostDateStruct":{
            "LastUpdatePostDate":"February 18, 2021",
            "LastUpdatePostDateType":"Actual"
          }
        },
        "SponsorCollaboratorsModule":{
          "ResponsibleParty":{
            "ResponsiblePartyType":"Sponsor"
          },
          "LeadSponsor":{
            "LeadSponsorName":"Baylor Research Institute",
            "LeadSponsorClass":"OTHER"
          },
          "CollaboratorList":{
            "Collaborator":[
              {
                "CollaboratorName":"Defense Advanced Research Projects Agency",
                "CollaboratorClass":"FED"
              },{
                "CollaboratorName":"The University of Texas at Dallas",
                "CollaboratorClass":"OTHER"
              },{
                "CollaboratorName":"University of Texas Southwestern Medical Center",
                "CollaboratorClass":"OTHER"
              }
            ]
          }
        },
        "OversightModule":{
          "OversightHasDMC":"Yes",
          "IsFDARegulatedDrug":"No",
          "IsFDARegulatedDevice":"Yes",
          "IsUnapprovedDevice":"Yes",
          "IsUSExport":"Yes"
        },
        "DescriptionModule":{
          "BriefSummary":"Posttraumatic stress disorder is a debilitating condition that develops in the aftermath of a traumatic experience, leading to hyperarousal, heightened anxiety, and uncontrolled fear that can be driven by intrusive memories or trauma reminders. The Texas Biomedical Device Center has developed a novel technique, termed targeted plasticity therapy (TPT), to boost neuroplasticity in conjunction with various forms of rehabilitation, including prolonged exposure therapy. The technique involves stimulation of the vagus nerve. The purpose of this open-label pilot study is to assess the safety of using a new device to deliver vagus nerve stimulation to reduce symptom severity in participants with PTSD when paired with prolonged exposure therapy. Additionally, the study will assess the prospective benefit of the system and garner an initial estimate of efficacy for a subsequent trial."
        },
        "ConditionsModule":{
          "ConditionList":{
            "Condition":[
              "Post Traumatic Stress Disorder"
            ]
          },
          "KeywordList":{
            "Keyword":[
              "Vagus Nerve Stimulation (VNS)",
              "Prolonged Exposure Therapy (PE)",
              "PTSD",
              "Post Traumatic Stress Disorder"
            ]
          }
        },
        "DesignModule":{
          "StudyType":"Interventional",
          "PhaseList":{
            "Phase":[
              "Not Applicable"
            ]
          },
          "DesignInfo":{
            "DesignAllocation":"N/A",
            "DesignInterventionModel":"Single Group Assignment",
            "DesignPrimaryPurpose":"Treatment",
            "DesignMaskingInfo":{
              "DesignMasking":"None (Open Label)"
            }
          },
          "EnrollmentInfo":{
            "EnrollmentCount":"10",
            "EnrollmentType":"Anticipated"
          }
        },
        "ArmsInterventionsModule":{
          "ArmGroupList":{
            "ArmGroup":[
              {
                "ArmGroupLabel":"Vagus Nerve Stimulation + Prolonged Exposure Therapy",
                "ArmGroupType":"Experimental",
                "ArmGroupDescription":"Study treatment is vagus nerve stimulation (VNS) delivered during Prolonged Exposure Therapy.",
                "ArmGroupInterventionList":{
                  "ArmGroupInterventionName":[
                    "Device: Paired Vagus Nerve Stimulation"
                  ]
                }
              }
            ]
          },
          "InterventionList":{
            "Intervention":[
              {
                "InterventionType":"Device",
                "InterventionName":"Paired Vagus Nerve Stimulation",
                "InterventionDescription":"Stimulation of the vagus nerve that is paired with Prolonged Exposure Therapy.",
                "InterventionArmGroupLabelList":{
                  "InterventionArmGroupLabel":[
                    "Vagus Nerve Stimulation + Prolonged Exposure Therapy"
                  ]
                },
                "InterventionOtherNameList":{
                  "InterventionOtherName":[
                    "VNS",
                    "vagus nerve stimulation",
                    "paired VNS"
                  ]
                }
              }
            ]
          }
        },
        "OutcomesModule":{
          "PrimaryOutcomeList":{
            "PrimaryOutcome":[
              {
                "PrimaryOutcomeMeasure":"Incidence of Adverse Events [Device Safety]",
                "PrimaryOutcomeDescription":"Review of adverse events reported throughout the trial will be used to inform the potential risks associated with the ReStore system and provide a better understanding of risk/benefit analysis.",
                "PrimaryOutcomeTimeFrame":"From Week 1 through study follow-up, approximately two years from the date of implant"
              }
            ]
          },
          "SecondaryOutcomeList":{
            "SecondaryOutcome":[
              {
                "SecondaryOutcomeMeasure":"Clinician-Administered PTSD Scale for DSM-5 (CAPS-5)",
                "SecondaryOutcomeDescription":"The CAPS-5 is a 30-item structured PTSD diagnostic interview that measures PTSD symptoms. (Weathers, Bovin, Lee, et al. 2018).",
                "SecondaryOutcomeTimeFrame":"Weeks 1, 9, 15, 19, 36, 62"
              },{
                "SecondaryOutcomeMeasure":"PTSD Checklist for DSM-5 (PCL-5)",
                "SecondaryOutcomeDescription":"The PCL-5 is a 20 item self-report measure that assesses the 20 DSM-5 symptoms of PTSD. (Weathers, Litz, Keane, et al. 2013).",
                "SecondaryOutcomeTimeFrame":"Weeks 1, 9-15, 19, 36, 62"
              },{
                "SecondaryOutcomeMeasure":"Patient Health Questionnaire-9 (PHQ-9)",
                "SecondaryOutcomeDescription":"The PHQ-9 is a brief self-report measure of major depressive disorder (Kroenke et al, 2001). The PHQ-9 is considered to be a valid measure of depression for population-based studies and clinical populations (Corson, Gerrity, & Dobscha, 2004) with a cut off score of equal or greater than 10 as the diagnostic for current depression.",
                "SecondaryOutcomeTimeFrame":"Weeks 1, 9-15, 19, 36, 62"
              },{
                "SecondaryOutcomeMeasure":"Generalized Anxiety Disorder 7-item Scale (GAD-7)",
                "SecondaryOutcomeDescription":"The GAD7 is a 7-item questionnaire that measures severity of anxiety (Spitzer et al, 2006). Response options are \"not at all,\" \"several days,\" \"more than half the days,\" and \"nearly every day,\" scored as 0, 1, 2, and 3, respectively. Therefore, GAD-7 scores range from 0 to 21, with scores of 5, 10, and 15 representing mild, moderate, and severe anxiety symptom levels, respectively.",
                "SecondaryOutcomeTimeFrame":"Weeks 9, 15, 19, 36, 62"
              },{
                "SecondaryOutcomeMeasure":"Posttraumatic Cognitions Inventory (PTCI)",
                "SecondaryOutcomeDescription":"The PTCI is a 36-item instrument that assesses dysfunctional post-trauma cognitions across self, world, and self-blame to yield a total score (Foa et al., 1999). The scale has high internal consistencies (.97, .88, .86, .97, respectively) and correlates well with PTSD severity, anxiety, and depression (.44 to .79).",
                "SecondaryOutcomeTimeFrame":"Weeks 9-15, 19, 36, 62"
              }
            ]
          }
        },
        "EligibilityModule":{
          "EligibilityCriteria":"Inclusion Criteria\n\nPatients diagnosed with chronic PTSD for at least 3 months based on the DSM-5 criteria (PSSI-5 score of 9-45)\nAppropriate candidate for VNS implantation\nAdult, aged 18-64\nProvision of signed and dated informed consent form\nWillingness to comply with all study procedures and availability for the duration of the study\nRight vocal cord has normal movement when assessed by laryngoscopy\nWomen of reproductive potential must use contraceptive protection\n\nExclusion Criteria\n\nPSSI-5 score of 46 or greater (very severe symptoms)\nCurrent substance dependence\nCurrently undergoing prolonged exposure therapy elsewhere\nConcomitant clinically significant brain injuries\nPrior injury to vagus nerve\nPrior or current treatment with vagus nerve stimulation\nParticipant receiving any therapy (medication or otherwise) that would interfere with VNS\nPlanning to become pregnant, currently pregnant, or lactating\nClinical complications that hinder or contraindicate the surgical procedure\nCognitive impairment that would interfere with study participation, confirmed by medical evaluation (will be assessed through chart review and with the Cognistat)\nPsychological conditions such as schizophrenia, bipolar disorder, or psychosis that could interfere with study participation and follow-up\nParticipation in other interventional clinical trial\nParticipants with known immunodeficiency including participants who are receiving or have received chronic corticosteroids, immunosuppressants, immunostimulating agents or radiation therapy within 6 months\nSignificant comorbidities or conditions associated with high risk for surgical or anesthetic survival (e.g. renal failure, unstable cardiac disease, poorly controlled diabetes, immunosuppression, etc.).\nActive neoplastic disease.\nSignificant local circulatory problems that would interfere with device implantation and communication, (e.g. thrombophlebitis and lymphedema).\nAny condition which, in the judgment of the Investigator, would preclude adequate evaluation of device's safety and performance.\nIncarceration or legal detention\nNon-English speaking\nPatients who are acutely suicidal and/or have been admitted for a suicide attempt",
          "HealthyVolunteers":"No",
          "Gender":"All",
          "MinimumAge":"18 Years",
          "MaximumAge":"64 Years",
          "StdAgeList":{
            "StdAge":[
              "Adult"
            ]
          }
        },
        "ContactsLocationsModule":{
          "CentralContactList":{
            "CentralContact":[
              {
                "CentralContactName":"Emma Turner, BA",
                "CentralContactRole":"Contact",
                "CentralContactPhone":"214-865-2416",
                "CentralContactEMail":"emma.turner@bswhealth.org"
              },{
                "CentralContactName":"Mark Powers, PhD",
                "CentralContactRole":"Contact",
                "CentralContactPhone":"214-865-2409",
                "CentralContactEMail":"mark.powers1@bswhealth.org"
              }
            ]
          },
          "OverallOfficialList":{
            "OverallOfficial":[
              {
                "OverallOfficialName":"Michael Kilgard, PhD",
                "OverallOfficialAffiliation":"University of Texas at Dallas",
                "OverallOfficialRole":"Principal Investigator"
              },{
                "OverallOfficialName":"Robert Rennaker, PhD",
                "OverallOfficialAffiliation":"University of Texas at Dallas",
                "OverallOfficialRole":"Principal Investigator"
              },{
                "OverallOfficialName":"Seth Hays, PhD",
                "OverallOfficialAffiliation":"University of Texas at Dallas",
                "OverallOfficialRole":"Study Director"
              },{
                "OverallOfficialName":"Jane Wigginton, MD",
                "OverallOfficialAffiliation":"University of Texas Southwestern Medical Center",
                "OverallOfficialRole":"Principal Investigator"
              },{
                "OverallOfficialName":"Michael Foreman, MD FACS",
                "OverallOfficialAffiliation":"Baylor Health Care System",
                "OverallOfficialRole":"Principal Investigator"
              },{
                "OverallOfficialName":"Mark Powers, PhD",
                "OverallOfficialAffiliation":"Baylor Health Care System",
                "OverallOfficialRole":"Study Director"
              },{
                "OverallOfficialName":"Richard Naftalis, MD, FAANS, FACS",
                "OverallOfficialAffiliation":"Baylor Health Care System",
                "OverallOfficialRole":"Study Director"
              },{
                "OverallOfficialName":"Ann Marie Warren, PhD",
                "OverallOfficialAffiliation":"Baylor Health Care System",
                "OverallOfficialRole":"Study Director"
              },{
                "OverallOfficialName":"Jasper Smits, PhD",
                "OverallOfficialAffiliation":"The University of Texas at Austin",
                "OverallOfficialRole":"Study Director"
              }
            ]
          },
          "LocationList":{
            "Location":[
              {
                "LocationFacility":"Baylor University Medical Center",
                "LocationStatus":"Recruiting",
                "LocationCity":"Dallas",
                "LocationState":"Texas",
                "LocationZip":"75246",
                "LocationCountry":"United States",
                "LocationContactList":{
                  "LocationContact":[
                    {
                      "LocationContactName":"Mark Powers, PhD",
                      "LocationContactRole":"Contact",
                      "LocationContactEMail":"mark.powers1@bswhealth.org"
                    },{
                      "LocationContactName":"Emma Turner, BA",
                      "LocationContactRole":"Contact",
                      "LocationContactEMail":"emma.turner@bswhealth.org"
                    },{
                      "LocationContactName":"Michael Foreman, MD",
                      "LocationContactRole":"Principal Investigator"
                    },{
                      "LocationContactName":"Mark Powers, PhD",
                      "LocationContactRole":"Sub-Investigator"
                    }
                  ]
                }
              }
            ]
          }
        },
        "ReferencesModule":{
          "ReferenceList":{
            "Reference":[
              {
                "ReferenceType":"background",
                "ReferenceCitation":"American Psychiatric Association. Diagnostic and statistical manual of mental disorders. 5th ed. Washington, DC: American Psychiatric Association; 2013."
              },{
                "ReferencePMID":"15609737",
                "ReferenceType":"background",
                "ReferenceCitation":"Corson K, Gerrity MS, Dobscha SK. Screening for depression and suicidality in a VA primary care setting: 2 items are better than 1 item. Am J Manag Care. 2004 Nov;10(11 Pt 2):839-45."
              },{
                "ReferencePMID":"21228773",
                "ReferenceType":"background",
                "ReferenceCitation":"Engineer ND, Riley JR, Seale JD, Vrana WA, Shetake JA, Sudanagunta SP, Borland MS, Kilgard MP. Reversing pathological neural activity using targeted plasticity. Nature. 2011 Feb 3;470(7332):101-4. doi: 10.1038/nature09656. Epub 2011 Jan 12."
              },{
                "ReferenceType":"background",
                "ReferenceCitation":"Foa EB, Ehlers A, Clark DM, Tolin DF, Orsillo SM. The Posttraumatic Cognitions Inventory (PTCI): Development and validation. Psychol Assess 11(3): 303-314, 1999."
              },{
                "ReferencePMID":"26691504",
                "ReferenceType":"background",
                "ReferenceCitation":"Foa EB, McLean CP, Zang Y, Zhong J, Powers MB, Kauffman BY, Rauch S, Porter K, Knowles K. Psychometric properties of the Posttraumatic Diagnostic Scale for DSM-5 (PDS-5). Psychol Assess. 2016 Oct;28(10):1166-1171. Epub 2015 Dec 21."
              },{
                "ReferencePMID":"26691507",
                "ReferenceType":"background",
                "ReferenceCitation":"Foa EB, McLean CP, Zang Y, Zhong J, Rauch S, Porter K, Knowles K, Powers MB, Kauffman BY. Psychometric properties of the Posttraumatic Stress Disorder Symptom Scale Interview for DSM-5 (PSSI-5). Psychol Assess. 2016 Oct;28(10):1159-1165. Epub 2015 Dec 21."
              },{
                "ReferencePMID":"20855048",
                "ReferenceType":"background",
                "ReferenceCitation":"Gilboa-Schechtman E, Foa EB, Shafran N, Aderka IM, Powers MB, Rachamim L, Rosenbach L, Yadin E, Apter A. Prolonged exposure versus dynamic therapy for adolescent PTSD: a pilot randomized controlled trial. J Am Acad Child Adolesc Psychiatry. 2010 Oct;49(10):1034-42. doi: 10.1016/j.jaac.2010.07.014. Epub 2010 Sep 6. Erratum in: J Am Acad Child Adolesc Psychiatry. 2016 Oct;55(10):920."
              },{
                "ReferencePMID":"22238857",
                "ReferenceType":"background",
                "ReferenceCitation":"Goodson J, Helstrom A, Halpern JM, Ferenschak MP, Gillihan SJ, Powers MB. Treatment of posttraumatic stress disorder in U.S. combat veterans: a meta-analytic review. Psychol Rep. 2011 Oct;109(2):573-99."
              },{
                "ReferencePMID":"24309259",
                "ReferenceType":"background",
                "ReferenceCitation":"Hays SA, Rennaker RL, Kilgard MP. Targeting plasticity with vagus nerve stimulation to treat neurological disease. Prog Brain Res. 2013;207:275-99. doi: 10.1016/B978-0-444-63327-9.00010-2. Review."
              },{
                "ReferenceType":"background",
                "ReferenceCitation":"Hembree EA, Rauch SAM, Foa EB. Beyond the manual: The insider's guide to Prolonged Exposure therapy for PTSD. Cogn Behav Pract 10(1): 22-30, 2003."
              },{
                "ReferencePMID":"11556941",
                "ReferenceType":"background",
                "ReferenceCitation":"Kroenke K, Spitzer RL, Williams JB. The PHQ-9: validity of a brief depression severity measure. J Gen Intern Med. 2001 Sep;16(9):606-13."
              },{
                "ReferencePMID":"20546985",
                "ReferenceType":"background",
                "ReferenceCitation":"Powers MB, Halpern JM, Ferenschak MP, Gillihan SJ, Foa EB. A meta-analytic review of prolonged exposure for posttraumatic stress disorder. Clin Psychol Rev. 2010 Aug;30(6):635-41. doi: 10.1016/j.cpr.2010.04.007. Epub 2010 May 2."
              },{
                "ReferencePMID":"9881538",
                "ReferenceType":"background",
                "ReferenceCitation":"Sheehan DV, Lecrubier Y, Sheehan KH, Amorim P, Janavs J, Weiller E, Hergueta T, Baker R, Dunbar GC. The Mini-International Neuropsychiatric Interview (M.I.N.I.): the development and validation of a structured diagnostic psychiatric interview for DSM-IV and ICD-10. J Clin Psychiatry. 1998;59 Suppl 20:22-33;quiz 34-57. Review."
              },{
                "ReferencePMID":"16717171",
                "ReferenceType":"background",
                "ReferenceCitation":"Spitzer RL, Kroenke K, Williams JB, Löwe B. A brief measure for assessing generalized anxiety disorder: the GAD-7. Arch Intern Med. 2006 May 22;166(10):1092-7."
              }
            ]
          }
        },
        "IPDSharingStatementModule":{
          "IPDSharing":"No"
        }
      },
      "DerivedSection":{
        "MiscInfoModule":{
          "VersionHolder":"April 19, 2021"
        },
        "ConditionBrowseModule":{
          "ConditionMeshList":{
            "ConditionMesh":[
              {
                "ConditionMeshId":"D000004194",
                "ConditionMeshTerm":"Disease"
              },{
                "ConditionMeshId":"D000040921",
                "ConditionMeshTerm":"Stress Disorders, Traumatic"
              },{
                "ConditionMeshId":"D000013313",
                "ConditionMeshTerm":"Stress Disorders, Post-Traumatic"
              }
            ]
          },
          "ConditionAncestorList":{
            "ConditionAncestor":[
              {
                "ConditionAncestorId":"D000010335",
                "ConditionAncestorTerm":"Pathologic Processes"
              },{
                "ConditionAncestorId":"D000068099",
                "ConditionAncestorTerm":"Trauma and Stressor Related Disorders"
              },{
                "ConditionAncestorId":"D000001523",
                "ConditionAncestorTerm":"Mental Disorders"
              }
            ]
          },
          "ConditionBrowseLeafList":{
            "ConditionBrowseLeaf":[
              {
                "ConditionBrowseLeafId":"M23503",
                "ConditionBrowseLeafName":"Stress Disorders, Traumatic",
                "ConditionBrowseLeafAsFound":"Stress Disorder",
                "ConditionBrowseLeafRelevance":"high"
              },{
                "ConditionBrowseLeafId":"M14686",
                "ConditionBrowseLeafName":"Stress Disorders, Post-Traumatic",
                "ConditionBrowseLeafAsFound":"Post Traumatic Stress Disorder",
                "ConditionBrowseLeafRelevance":"high"
              },{
                "ConditionBrowseLeafId":"M16268",
                "ConditionBrowseLeafName":"Wounds and Injuries",
                "ConditionBrowseLeafRelevance":"low"
              },{
                "ConditionBrowseLeafId":"M222",
                "ConditionBrowseLeafName":"Trauma and Stressor Related Disorders",
                "ConditionBrowseLeafRelevance":"low"
              },{
                "ConditionBrowseLeafId":"M3396",
                "ConditionBrowseLeafName":"Mental Disorders",
                "ConditionBrowseLeafRelevance":"low"
              },{
                "ConditionBrowseLeafId":"M13056",
                "ConditionBrowseLeafName":"Psychotic Disorders",
                "ConditionBrowseLeafRelevance":"low"
              }
            ]
          },
          "ConditionBrowseBranchList":{
            "ConditionBrowseBranch":[
              {
                "ConditionBrowseBranchAbbrev":"BXM",
                "ConditionBrowseBranchName":"Behaviors and Mental Disorders"
              },{
                "ConditionBrowseBranchAbbrev":"All",
                "ConditionBrowseBranchName":"All Conditions"
              },{
                "ConditionBrowseBranchAbbrev":"BC26",
                "ConditionBrowseBranchName":"Wounds and Injuries"
              }
            ]
          }
        }
      }
    }
  }
}

