{
  "FullStudy":{
    "Rank":60445,
    "Study":{
      "ProtocolSection":{
        "IdentificationModule":{
          "NCTId":"NCT04062942",
          "OrgStudyIdInfo":{
            "OrgStudyId":"OFI INJ - 1.0"
          },
          "Organization":{
            "OrgFullName":"Cantonal Hospital of St. Gallen",
            "OrgClass":"OTHER"
          },
          "BriefTitle":"The Six-Minute Walking Test (6WT) and Timed-Up-and-Go (TUG) Test as Measures of Objective Functional Impairment in Patients Undergoing Interlaminar or Transforaminal Epidural Steroid Injection for Lumbar Degenerative Disc Disease (DDD)",
          "OfficialTitle":"The Six-Minute Walking Test (6WT) and Timed-Up-and-Go (TUG) Test as Measures of Objective Functional Impairment in Patients Undergoing Interlaminar or Transforaminal Epidural Steroid Injection for Lumbar Degenerative Disc Disease (DDD)"
        },
        "StatusModule":{
          "StatusVerifiedDate":"August 2019",
          "OverallStatus":"Recruiting",
          "ExpandedAccessInfo":{
            "HasExpandedAccess":"No"
          },
          "StartDateStruct":{
            "StartDate":"July 15, 2019",
            "StartDateType":"Actual"
          },
          "PrimaryCompletionDateStruct":{
            "PrimaryCompletionDate":"July 15, 2020",
            "PrimaryCompletionDateType":"Anticipated"
          },
          "CompletionDateStruct":{
            "CompletionDate":"July 15, 2020",
            "CompletionDateType":"Anticipated"
          },
          "StudyFirstSubmitDate":"August 17, 2019",
          "StudyFirstSubmitQCDate":"August 19, 2019",
          "StudyFirstPostDateStruct":{
            "StudyFirstPostDate":"August 20, 2019",
            "StudyFirstPostDateType":"Actual"
          },
          "LastUpdateSubmitDate":"August 19, 2019",
          "LastUpdatePostDateStruct":{
            "LastUpdatePostDate":"August 20, 2019",
            "LastUpdatePostDateType":"Actual"
          }
        },
        "SponsorCollaboratorsModule":{
          "ResponsibleParty":{
            "ResponsiblePartyType":"Principal Investigator",
            "ResponsiblePartyInvestigatorFullName":"Nicolai Maldaner",
            "ResponsiblePartyInvestigatorTitle":"Principal Investigator",
            "ResponsiblePartyInvestigatorAffiliation":"Cantonal Hospital of St. Gallen"
          },
          "LeadSponsor":{
            "LeadSponsorName":"Cantonal Hospital of St. Gallen",
            "LeadSponsorClass":"OTHER"
          },
          "CollaboratorList":{
            "Collaborator":[
              {
                "CollaboratorName":"Prof. Dr. Astrid Weyerbrock, Klinik für Neurochirurgie, Kantonsspital St. Gallen",
                "CollaboratorClass":"UNKNOWN"
              },{
                "CollaboratorName":"PD Dr. med. Martin Stienen, Klinik für Neurochirurgie, Universitätsspital Zürich",
                "CollaboratorClass":"UNKNOWN"
              },{
                "CollaboratorName":"PD Dr. med. David Bellut, Klinik für Neurochirurgie, Universitätsspital Zürich",
                "CollaboratorClass":"UNKNOWN"
              },{
                "CollaboratorName":"med. pract. Markéta Sosnová, Klinik für Neurochirurgie, Kantonsspital St. Gallen",
                "CollaboratorClass":"UNKNOWN"
              },{
                "CollaboratorName":"med. pract. Michal Ziga, Klinik für Neurochirurgie, Kantonsspital St. Gallen",
                "CollaboratorClass":"UNKNOWN"
              },{
                "CollaboratorName":"med. pract.Valentin Steinsiepe, Klinik für Neurochirurgie, Kantonsspital St. Gallen",
                "CollaboratorClass":"UNKNOWN"
              },{
                "CollaboratorName":"Dr. med. Anna Zeitlberger, Klinik für Neurochirurgie, Kantonsspital St. Gallen",
                "CollaboratorClass":"UNKNOWN"
              },{
                "CollaboratorName":"PD Dr. med. Oliver Gautschi, Neuro- und Wirbelsäulen Zentrum Zentralschweiz, Luzern",
                "CollaboratorClass":"UNKNOWN"
              }
            ]
          }
        },
        "OversightModule":{
          "OversightHasDMC":"No",
          "IsFDARegulatedDrug":"No",
          "IsFDARegulatedDevice":"No"
        },
        "DescriptionModule":{
          "BriefSummary":"The primary objective is to determine the validity of the Six-Minute-Walking Test (6WT) and Timed-Up and Go (TUG) test to measure objective functional impairment (OFI) in patients undergoing either interlaminar epidural steroid injection (ESI) or transforaminal epidural steroid injections (TFESI) for lumbar degenerative disc disease (DDD)",
          "DetailedDescription":"The purposes of the project are to assess the ability of the Six-Minute-Walking Test (6WT) and Timed-Up and Go (TUG) test to measure and classify the disease burden, and to determine their relation to already established subjective patient reported outcome measures (PROMs)in patients treated with either interlaminar epidural steroid injection (ESI) or transforaminal epidural steroid injections (TFESI) for lumbar degenerative disc disease (DDD). No research has so far determined its validity to determine OFI in a cohort of patients managed conservatively. We want to use an existing smartphone-applications for the 6WT and TUG test. Applying self-measurement of the 6WT within the context of a two center observational study will determine OFI in patients before and after (TF)ESI. The results of this study add to the understanding of achievable objective outcomes after steroid injection applied to patients with DDD."
        },
        "ConditionsModule":{
          "ConditionList":{
            "Condition":[
              "Lumbar Disc Disease",
              "Lumbar Spine Degeneration",
              "Lumbar Spinal Stenosis"
            ]
          }
        },
        "DesignModule":{
          "StudyType":"Observational",
          "PatientRegistry":"No",
          "DesignInfo":{
            "DesignObservationalModelList":{
              "DesignObservationalModel":[
                "Cohort"
              ]
            },
            "DesignTimePerspectiveList":{
              "DesignTimePerspective":[
                "Prospective"
              ]
            }
          },
          "EnrollmentInfo":{
            "EnrollmentCount":"50",
            "EnrollmentType":"Anticipated"
          }
        },
        "ArmsInterventionsModule":{
          "ArmGroupList":{
            "ArmGroup":[
              {
                "ArmGroupLabel":"DDD patients",
                "ArmGroupDescription":"All patients presenting to the neurosurgical department of the Kantonsspital St. Gallen (KSSG) or the Univesity Hospital Zürich (USZ) with DDD fulfilling the inclusion criteria and scheduled for ESI or TFESI will be considered for this study."
              }
            ]
          }
        },
        "OutcomesModule":{
          "PrimaryOutcomeList":{
            "PrimaryOutcome":[
              {
                "PrimaryOutcomeMeasure":"Raw Walking distance",
                "PrimaryOutcomeDescription":"The difference in 6WD (in m), as measured with the 6WT, between the baseline (before injection) and 4-week (range 2-6 weeks) follow-up assessment (after injection).",
                "PrimaryOutcomeTimeFrame":"2-6 weeks"
              }
            ]
          },
          "SecondaryOutcomeList":{
            "SecondaryOutcome":[
              {
                "SecondaryOutcomeMeasure":"Raw Walking distance - day 1",
                "SecondaryOutcomeDescription":"Difference in Six-minute-walking test (6WD, in m) between baseline and 1-day follow-up",
                "SecondaryOutcomeTimeFrame":"1 day"
              },{
                "SecondaryOutcomeMeasure":"Raw Walking distance - day 7",
                "SecondaryOutcomeDescription":"Difference in 6WD (in m) between baseline and 7-day follow-up",
                "SecondaryOutcomeTimeFrame":"7 days"
              },{
                "SecondaryOutcomeMeasure":"TTFS and DTFS - day 1",
                "SecondaryOutcomeDescription":"Difference in Time to first symptoms (TTFS, in sec) and Distance to First Symptoms (DTFS, in m), as measured by the 6WT, between the baseline and 1-day follow-up assessment",
                "SecondaryOutcomeTimeFrame":"1 day"
              },{
                "SecondaryOutcomeMeasure":"TTFS and DTFS - day 7",
                "SecondaryOutcomeDescription":"Difference in TTFS and DTFS, as measured by the 6WT, between the baseline and 7-days follow-up assessment",
                "SecondaryOutcomeTimeFrame":"7 days"
              },{
                "SecondaryOutcomeMeasure":"TTFS and DTFS - 4 weeks",
                "SecondaryOutcomeDescription":"Difference in TTFS and DTFS, as measured by the 6WT, between the baseline and 4 weeks follow-up assessment",
                "SecondaryOutcomeTimeFrame":"4 weeks"
              },{
                "SecondaryOutcomeMeasure":"ODI",
                "SecondaryOutcomeDescription":"Difference in PROM, as measured by the Oswestry Disability Index (ODI score, range 0% (best) - 100% (worst)), between the baseline- and 4-week follow-up assessment",
                "SecondaryOutcomeTimeFrame":"4 weeks"
              },{
                "SecondaryOutcomeMeasure":"COMI",
                "SecondaryOutcomeDescription":"Difference in PROM, as measured by the Core Outcome Measure Index (COMI score, range 0 (best) - 10 (worst)), between the baseline- and 4-week follow-up assessment",
                "SecondaryOutcomeTimeFrame":"4 weeks"
              },{
                "SecondaryOutcomeMeasure":"SF -12",
                "SecondaryOutcomeDescription":"Difference in in health-related quality of life (hrQoL), as measured by the SF-12 score (SF-12 score, range 0 (worst) - 1 (best)), between the baseline- and 4-week follow-up assessment",
                "SecondaryOutcomeTimeFrame":"4 weeks"
              },{
                "SecondaryOutcomeMeasure":"NRS Pain",
                "SecondaryOutcomeDescription":"Difference in pain intensity, as measured by the NRS pain scale (NRS pain score, range 0 (best) - 10 (worst)), between the baseline- and 1-day, 7-day and 4-week follow-up assess-ments",
                "SecondaryOutcomeTimeFrame":"up to 4 weeks"
              },{
                "SecondaryOutcomeMeasure":"Correlation 6WD/ODI",
                "SecondaryOutcomeDescription":"Correlation of 6WD with the ODI score at baseline and 4-week follow up",
                "SecondaryOutcomeTimeFrame":"4 weeks"
              },{
                "SecondaryOutcomeMeasure":"Correlation 6WD/COMI",
                "SecondaryOutcomeDescription":"Correlation of 6WD with the COMI score at baseline and 4-week follow up",
                "SecondaryOutcomeTimeFrame":"4 weeks"
              },{
                "SecondaryOutcomeMeasure":"Correlation 6WD/SF-12",
                "SecondaryOutcomeDescription":"Correlation of 6WD with the SF-12 score at baseline and 4-week follow up",
                "SecondaryOutcomeTimeFrame":"4 weeks"
              },{
                "SecondaryOutcomeMeasure":"Correlation 6WD/NRS Pain",
                "SecondaryOutcomeDescription":"Correlation of 6WD with the NRS pain score at baseline and 1-day, 7-days and 4-week follow up",
                "SecondaryOutcomeTimeFrame":"up to 4 weeks"
              },{
                "SecondaryOutcomeMeasure":"Correlation 6WD/TUG",
                "SecondaryOutcomeDescription":"Correlation of 6WD with the TUG test at baseline and 4-week follow up",
                "SecondaryOutcomeTimeFrame":"4 weeks"
              },{
                "SecondaryOutcomeMeasure":"TUG T-Score",
                "SecondaryOutcomeDescription":"Difference in TUG T-score between the baseline (before injection) and 4-week follow-up assessment (after injection)",
                "SecondaryOutcomeTimeFrame":"4 weeks"
              },{
                "SecondaryOutcomeMeasure":"Correlations TUG/PROMS",
                "SecondaryOutcomeDescription":"Correlation of TUG T-score with the ODI/COMI/NRS Pain/SF-12 score at baseline and follow up",
                "SecondaryOutcomeTimeFrame":"4 weeks"
              }
            ]
          }
        },
        "EligibilityModule":{
          "EligibilityCriteria":"Inclusion Criteria:\n\nPatient with symptomatic lumbar Degenerate Disc Disease (DDD), scheduled for either either interlaminar epidural steroid injection (ESI) or transforaminal epidural steroid injections (TFESI)\nMale and Female subjects ≥ 18 years\nWritten informed consent\n\nExclusion Criteria:\n\nPregnancy\nInability to walk (extreme pain or severe neurological deficits)\nSevere Chronic Obstructive Lung Disease (COPD) corresponding to ≥ Gold III\nSevere heart failure corresponding to ≥ New York Heart Association (NYHA) III\nLung cancer and diffuse parenchymal lung disease\nOther medical reasons interfering with the patient's ability to walk and perform the 6WT/TUG (e.g., osteoarthritis disease of the lower extremities, Parkinson's disease, heart failure, hip or knee prosthesis etc.)\nUnavailability for follow up and/or inability to complete assessment (planning to move, no smartphone, etc.).",
          "Gender":"All",
          "MinimumAge":"18 Years",
          "StdAgeList":{
            "StdAge":[
              "Adult",
              "Older Adult"
            ]
          },
          "StudyPopulation":"All patients presenting to the neurosurgical department of the Kantonsspital St. Gallen (KSSG) or the Univesity Hospital Zürich (USZ) with DDD fulfilling the inclusion criteria and scheduled for ESI or TFESI will be considered for this study.",
          "SamplingMethod":"Non-Probability Sample"
        },
        "ContactsLocationsModule":{
          "CentralContactList":{
            "CentralContact":[
              {
                "CentralContactName":"Nicolai Maldaner, MD",
                "CentralContactRole":"Contact",
                "CentralContactPhone":"+41 71 494 11 99",
                "CentralContactEMail":"nicolai.maldaner@kssg.ch"
              }
            ]
          },
          "OverallOfficialList":{
            "OverallOfficial":[
              {
                "OverallOfficialName":"Nicolai Maldaner, MD",
                "OverallOfficialAffiliation":"Kantonsspital St. Gallen / Department of Neurosurgery",
                "OverallOfficialRole":"Principal Investigator"
              },{
                "OverallOfficialName":"Martin Stienen, MD",
                "OverallOfficialAffiliation":"Universitätsspital Zürich / Department of Neurosurgery",
                "OverallOfficialRole":"Principal Investigator"
              }
            ]
          },
          "LocationList":{
            "Location":[
              {
                "LocationFacility":"Kantonsspital St. Gallen / Department of Neurosurgery",
                "LocationStatus":"Recruiting",
                "LocationCity":"Saint Gallen",
                "LocationZip":"9000",
                "LocationCountry":"Switzerland",
                "LocationContactList":{
                  "LocationContact":[
                    {
                      "LocationContactName":"Nicolai Maldaner, MD",
                      "LocationContactRole":"Contact",
                      "LocationContactPhone":"+41 71 494 11 99",
                      "LocationContactEMail":"nicolai.maldaner@kssg.ch"
                    }
                  ]
                }
              },{
                "LocationFacility":"University Hospital Zürich / Department of Neurosurgery",
                "LocationStatus":"Recruiting",
                "LocationCity":"Zürich",
                "LocationZip":"8091",
                "LocationCountry":"Switzerland",
                "LocationContactList":{
                  "LocationContact":[
                    {
                      "LocationContactName":"Martin Stienen, MD",
                      "LocationContactRole":"Contact",
                      "LocationContactPhone":"+41 44 255 15 20",
                      "LocationContactEMail":"martin.stienen@usz.ch"
                    }
                  ]
                }
              }
            ]
          }
        },
        "ReferencesModule":{
          "ReferenceList":{
            "Reference":[
              {
                "ReferencePMID":"30831316",
                "ReferenceType":"background",
                "ReferenceCitation":"Stienen MN, Ho AL, Staartjes VE, Maldaner N, Veeravagu A, Desai A, Gautschi OP, Bellut D, Regli L, Ratliff JK, Park J. Objective measures of functional impairment for degenerative diseases of the lumbar spine: a systematic review of the literature. Spine J. 2019 Jul;19(7):1276-1293. doi: 10.1016/j.spinee.2019.02.014. Epub 2019 Mar 2."
              },{
                "ReferencePMID":"31042663",
                "ReferenceType":"result",
                "ReferenceCitation":"Stienen MN, Maldaner N, Joswig H, Corniola MV, Bellut D, Prömmel P, Regli L, Weyerbrock A, Schaller K, Gautschi OP. Objective functional assessment using the \"Timed Up and Go\" test in patients with lumbar spinal stenosis. Neurosurg Focus. 2019 May 1;46(5):E4. doi: 10.3171/2019.2.FOCUS18618."
              }
            ]
          }
        },
        "IPDSharingStatementModule":{
          "IPDSharing":"No"
        }
      },
      "DerivedSection":{
        "MiscInfoModule":{
          "VersionHolder":"April 19, 2021"
        },
        "ConditionBrowseModule":{
          "ConditionMeshList":{
            "ConditionMesh":[
              {
                "ConditionMeshId":"D000013122",
                "ConditionMeshTerm":"Spinal Diseases"
              },{
                "ConditionMeshId":"D000013130",
                "ConditionMeshTerm":"Spinal Stenosis"
              },{
                "ConditionMeshId":"D000055959",
                "ConditionMeshTerm":"Intervertebral Disc Degeneration"
              }
            ]
          },
          "ConditionAncestorList":{
            "ConditionAncestor":[
              {
                "ConditionAncestorId":"D000001847",
                "ConditionAncestorTerm":"Bone Diseases"
              },{
                "ConditionAncestorId":"D000009140",
                "ConditionAncestorTerm":"Musculoskeletal Diseases"
              }
            ]
          },
          "ConditionBrowseLeafList":{
            "ConditionBrowseLeaf":[
              {
                "ConditionBrowseLeafId":"M26992",
                "ConditionBrowseLeafName":"Intervertebral Disc Degeneration",
                "ConditionBrowseLeafAsFound":"Degenerative Disc Disease",
                "ConditionBrowseLeafRelevance":"high"
              },{
                "ConditionBrowseLeafId":"M5058",
                "ConditionBrowseLeafName":"Constriction, Pathologic",
                "ConditionBrowseLeafRelevance":"low"
              },{
                "ConditionBrowseLeafId":"M14510",
                "ConditionBrowseLeafName":"Spinal Stenosis",
                "ConditionBrowseLeafAsFound":"Spinal Stenosis",
                "ConditionBrowseLeafRelevance":"high"
              },{
                "ConditionBrowseLeafId":"M14502",
                "ConditionBrowseLeafName":"Spinal Diseases",
                "ConditionBrowseLeafAsFound":"Disc Disease",
                "ConditionBrowseLeafRelevance":"high"
              },{
                "ConditionBrowseLeafId":"M3708",
                "ConditionBrowseLeafName":"Bone Diseases",
                "ConditionBrowseLeafRelevance":"low"
              },{
                "ConditionBrowseLeafId":"M10680",
                "ConditionBrowseLeafName":"Musculoskeletal Diseases",
                "ConditionBrowseLeafRelevance":"low"
              }
            ]
          },
          "ConditionBrowseBranchList":{
            "ConditionBrowseBranch":[
              {
                "ConditionBrowseBranchAbbrev":"BC05",
                "ConditionBrowseBranchName":"Muscle, Bone, and Cartilage Diseases"
              },{
                "ConditionBrowseBranchAbbrev":"All",
                "ConditionBrowseBranchName":"All Conditions"
              },{
                "ConditionBrowseBranchAbbrev":"BC23",
                "ConditionBrowseBranchName":"Symptoms and General Pathology"
              }
            ]
          }
        }
      }
    }
  }
}

