{
  "FullStudy":{
    "Rank":60533,
    "Study":{
      "ProtocolSection":{
        "IdentificationModule":{
          "NCTId":"NCT04061798",
          "OrgStudyIdInfo":{
            "OrgStudyId":"NL-66759"
          },
          "Organization":{
            "OrgFullName":"Dijklander Ziekenhuis",
            "OrgClass":"OTHER"
          },
          "BriefTitle":"ACT Guided Heparinization During Open Abdominal Aortic Aneurysm Repair.",
          "OfficialTitle":"ACTION-1: ACT Guided Heparinization During Open Abdominal Aortic Aneurysm Repair, a Randomised Trial.",
          "Acronym":"ACTION-1"
        },
        "StatusModule":{
          "StatusVerifiedDate":"January 2021",
          "OverallStatus":"Recruiting",
          "ExpandedAccessInfo":{
            "HasExpandedAccess":"No"
          },
          "StartDateStruct":{
            "StartDate":"March 2, 2020",
            "StartDateType":"Actual"
          },
          "PrimaryCompletionDateStruct":{
            "PrimaryCompletionDate":"January 2024",
            "PrimaryCompletionDateType":"Anticipated"
          },
          "CompletionDateStruct":{
            "CompletionDate":"November 2024",
            "CompletionDateType":"Anticipated"
          },
          "StudyFirstSubmitDate":"August 18, 2019",
          "StudyFirstSubmitQCDate":"August 18, 2019",
          "StudyFirstPostDateStruct":{
            "StudyFirstPostDate":"August 20, 2019",
            "StudyFirstPostDateType":"Actual"
          },
          "LastUpdateSubmitDate":"January 25, 2021",
          "LastUpdatePostDateStruct":{
            "LastUpdatePostDate":"January 26, 2021",
            "LastUpdatePostDateType":"Actual"
          }
        },
        "SponsorCollaboratorsModule":{
          "ResponsibleParty":{
            "ResponsiblePartyType":"Principal Investigator",
            "ResponsiblePartyInvestigatorFullName":"Arno Wiersema",
            "ResponsiblePartyInvestigatorTitle":"MD, PhD, Vascular Surgeon",
            "ResponsiblePartyInvestigatorAffiliation":"Dijklander Ziekenhuis"
          },
          "LeadSponsor":{
            "LeadSponsorName":"Dijklander Ziekenhuis",
            "LeadSponsorClass":"OTHER"
          },
          "CollaboratorList":{
            "Collaborator":[
              {
                "CollaboratorName":"ZonMw: The Netherlands Organisation for Health Research and Development",
                "CollaboratorClass":"OTHER"
              },{
                "CollaboratorName":"VU University Medical Center",
                "CollaboratorClass":"OTHER"
              },{
                "CollaboratorName":"Academisch Medisch Centrum - Universiteit van Amsterdam (AMC-UvA)",
                "CollaboratorClass":"OTHER"
              }
            ]
          }
        },
        "OversightModule":{
          "OversightHasDMC":"Yes",
          "IsFDARegulatedDrug":"No",
          "IsFDARegulatedDevice":"No"
        },
        "DescriptionModule":{
          "BriefSummary":"Aim of the ACTION-1 study is to determine whether ACT guided heparinization decreases thrombo-embolic complications (TEC) and mortality after elective open AAA surgery, without causing more bleeding complications.",
          "DetailedDescription":"Heparin is used during open abdominal aortic aneurysm (AAA) surgery to reduce thrombo-embolic complications (TEC): such as myocardial infarction, stroke, peripheral embolic events and the related mortality. On the other hand, heparin may increase blood loss, causing harm for the patient.\n\nHeparin has an unpredictable effect in the individual patient. The effect of heparin can be measured by using the Activated Clotting Time (ACT). ACT measurement in open AAA repair could be introduced to ensure the individual patient of safe, tailor-made anticoagulation with a goal ACT of 200-220 seconds. A randomized controlled trial (RCT) has to prove that ACT guided heparinization would result in fewer TEC and lower mortality than a standardized bolus of heparin of 5 000 international units (IU), the current gold standard. ACT guided heparinization results in higher doses of heparin during operation and this should not result in significantly more bleeding complications of importance.\n\nThe ACTION-1 study will evaluate the effect of weight dosed heparinization during open abdominal aortic aneurysm surgery.The study will be an international multi-centre single blind randomized controlled trial. Patients will be randomized using a computerized program (CASTOR EDC) with a random block size of a maximum of 8. The randomization will be stratified by participating centre. Separate evaluation of results and if complications can be labelled as TEC, will be performed by an Independent Central Adjudication Committee. The 3 members of this Committee will be blinded with regard to if the patient was randomized for ACT guided heparinization or standard bolus of 5 000 IU without ACT measurements.\n\nIn the intervention group, heparin is given to reach an ACT of 200-220 seconds. Based on the ACT, an additional dose of heparin will be administered. Five minutes after every administration of heparin the ACT is measured. If the ACT is 200 seconds or longer, the next ACT measurement is performed every 30 minutes, until the end of the procedure or until new heparin administration is required (because of ACT < 200 seconds). Depending on the ACT value near the end of surgery, protamine will be given to neutralize the effect of heparin.\n\nIn the comparative group, a single dose of 5 000 IU of heparin will be given 3-5 minutes before clamping of the aorta. No ACT measurements will be performed."
        },
        "ConditionsModule":{
          "ConditionList":{
            "Condition":[
              "Abdominal Aortic Aneurysm",
              "Surgery",
              "Arterial Disease"
            ]
          },
          "KeywordList":{
            "Keyword":[
              "ACT guided heparinization in open aortic surgery"
            ]
          }
        },
        "DesignModule":{
          "StudyType":"Interventional",
          "PhaseList":{
            "Phase":[
              "Phase 4"
            ]
          },
          "DesignInfo":{
            "DesignAllocation":"Randomized",
            "DesignInterventionModel":"Parallel Assignment",
            "DesignInterventionModelDescription":"Intervention group:\n\nHeparin is given to reach an ACT of 200-220 seconds. At the start of the procedure, before any heparin is given, a baseline ACT measurement is performed. 3-5 minutes before clamping of the aorta 100 IU/kg bodyweight of heparin is administrated intravenously. 5 minutes after administration of heparin, ACT measurement is performed.\n\nComparative group:\n\nA single dose of 5 000 IU of heparin is given 3-5 minutes before clamping of the aorta. No ACT measurements are performed.",
            "DesignPrimaryPurpose":"Treatment",
            "DesignMaskingInfo":{
              "DesignMasking":"Double",
              "DesignMaskingDescription":"Patients will be randomized using a computerized program (CASTOR EDC) with a random block size of a maximum of 8. The randomization will be stratified by participating centre. The participant is blinded to the allocated treatment.\n\nSeparate evaluation of results and if complications can be labelled as TEC, will be performed by an Independent Central Adjudication Committee. The 3 members of this Committee will be blinded to the allocated treatment.\n\nSince the care provider and investigator have to do the ACT measuring, it is impossible to blind them to the allocated treatment.",
              "DesignWhoMaskedList":{
                "DesignWhoMasked":[
                  "Participant",
                  "Outcomes Assessor"
                ]
              }
            }
          },
          "EnrollmentInfo":{
            "EnrollmentCount":"750",
            "EnrollmentType":"Anticipated"
          }
        },
        "ArmsInterventionsModule":{
          "ArmGroupList":{
            "ArmGroup":[
              {
                "ArmGroupLabel":"ACT guided heparinization",
                "ArmGroupType":"Experimental",
                "ArmGroupDescription":"Heparin is given to reach an ACT of 200-220 seconds. At the start of the procedure, before any heparin is given, a baseline ACT measurement is performed. 3-5 minutes before clamping of the aorta 100 IU/kg bodyweight of heparin is administrated intravenously. 5 minutes after administration of heparin, ACT measurement is performed.",
                "ArmGroupInterventionList":{
                  "ArmGroupInterventionName":[
                    "Drug: ACT guided heparinization"
                  ]
                }
              },{
                "ArmGroupLabel":"5 000 IU of heparin",
                "ArmGroupType":"Active Comparator",
                "ArmGroupDescription":"A single dose of 5 000 IU of heparin is given 3-5 minutes before clamping of the aorta. No ACT measurements are performed. Only on clarified indications extra doses of heparin or protamine are permitted, at the discretion of the attending vascular surgeon. Indications could be clot formation intravascular or in a prosthesis, excessive bleeding or prolonged operation duration. Deviations from protocol should be clearly stated with reasoning in the operative report.",
                "ArmGroupInterventionList":{
                  "ArmGroupInterventionName":[
                    "Drug: 5 000 IU of heparin"
                  ]
                }
              }
            ]
          },
          "InterventionList":{
            "Intervention":[
              {
                "InterventionType":"Drug",
                "InterventionName":"ACT guided heparinization",
                "InterventionDescription":"If the ACT is <180 sec., an additional dose of heparin of 60 IU/kg is administered. If the ACT is 180-200 sec., 30 IU/kg.\n\nIf the ACT is >200 sec., no extra heparin is given. 5 min. after every administration of heparin the ACT is measured. If the ACT is >200 sec, the next ACT measurement is performed every 30 min., until the end of the procedure or until new heparin administration is required. After each new dose of heparin, an ACT measurement is performed after 5 min. and the above- described protocol of ACT measurements will be repeated. After re-establishing blood flow and removing all clamps, the ACT is measured.\n\nIf the ACT at closure is 200-250 sec., 25 mg protamine should be administered. If >250 sec., 50 mg protamine. If 180-200 sec., 10 mg protamine. 5 min. after the administration of protamine, the ACT is measured. The ACT should preferably be below 180 sec. If the ACT is still more than 200 sec., protamine should be administered again.",
                "InterventionArmGroupLabelList":{
                  "InterventionArmGroupLabel":[
                    "ACT guided heparinization"
                  ]
                }
              },{
                "InterventionType":"Drug",
                "InterventionName":"5 000 IU of heparin",
                "InterventionDescription":"A single dose of 5 000 IU of heparin is given 3-5 minutes before clamping of the aorta. No ACT measurements are performed. Only on clarified indications extra doses of heparin or protamine are permitted, at the discretion of the attending vascular surgeon. Indications could be clot formation intravascular or in a prosthesis, excessive bleeding or prolonged operation duration. Deviations from protocol should be clearly stated with reasoning in the operative report.",
                "InterventionArmGroupLabelList":{
                  "InterventionArmGroupLabel":[
                    "5 000 IU of heparin"
                  ]
                }
              }
            ]
          }
        },
        "OutcomesModule":{
          "PrimaryOutcomeList":{
            "PrimaryOutcome":[
              {
                "PrimaryOutcomeMeasure":"Combined incidence of all thrombo-embolic complications (TEC) and all-cause mortality.",
                "PrimaryOutcomeDescription":"TEC are any complication as caused by thrombus or embolus perioperatively, including but not exclusively: myocardial infarction, leg ischemia, deep venous thrombosis, colon ischemia, transient ischemic attack (TIA)/stroke, graft thrombosis, peroperative thrombus requiring embolectomy or redo of an anastomosis, thrombus or embolus in organs or lower limbs and other peripheral thrombosis. Incidence of bleeding complications according to European multicenter study on Coronary Artery Bypass Grafting (E-CABG) classification, grade 1 and higher: per- or postoperative transfusion of 2 or more units of red blood cells, transfusion of platelets, transfusion of fresh frozen plasma or reoperation for bleeding during hospital stay.",
                "PrimaryOutcomeTimeFrame":"Within 30 days or during the same admission in hospital"
              }
            ]
          },
          "SecondaryOutcomeList":{
            "SecondaryOutcome":[
              {
                "SecondaryOutcomeMeasure":"Complications (non-TEC).",
                "SecondaryOutcomeDescription":"All complications requiring re-operation, longer hospital stay, all other complications. Incidence of kidney injury as defined by RIFLE criteria: rise of serum creatinine > 100% or decrease of estimated Glomerular Filtration Rate (eGFR) with 50%.32 Allergic reactions. ACT values (in intervention group), total heparin administration, protamine administration. Peroperative blood loss, blood transfusions either autologous or homologous, other blood products administration, total operative time, aortic clamping time, use of adjunctive haemostatic products, length of hospital (including ICU) stay. Health status as measured with the EQ-5D-5L. Economic and healthcare costs evaluation by the institute for Medical Technology Assessment (iMTA) Medical Consumption Questionnaire(IMCQ) and iMTA Productivity Cost Questionnaire (IPCQ) and addition of out-of-pocket expenses.",
                "SecondaryOutcomeTimeFrame":"Within 30 days or during the same admission in hospital"
              }
            ]
          }
        },
        "EligibilityModule":{
          "EligibilityCriteria":"Inclusion Criteria:\n\nAble to speak and read in local language of trial hospital.\nPatients older than 18 years scheduled for elective, open repair of an iliac or abdominal aortic aneurysm distal of the Superior Mesenteric Artery (SMA) (DSAA segment C).\nImplantation of a tube or bifurcation prosthesis.\nTrans-abdominal or retroperitoneal surgical approach of aneurysm.\nAble and willing to provide written informed consent.\n\nExclusion Criteria:\n\nNot able to provide written informed consent.\nPrevious open or endovascular intervention on the abdominal aorta (previous surgery on other parts of the aorta or iliac arteries is not an exclusion criterion).\nHistory of coagulation disorders, heparin induced thrombocytopenia (HIT), allergy for heparin or thrombocyte pathology.\nImpaired renal function with EGFR below 30 ml/min.\nAcute open AAA surgery.\nHybrid interventions.\nConnective tissue disorders.\nDual anti-platelet therapy, which cannot be discontinued.\nLife expectancy less than 2 years.\nInflammatory, mycotic or infected aneurysms.",
          "HealthyVolunteers":"No",
          "Gender":"All",
          "MinimumAge":"18 Years",
          "StdAgeList":{
            "StdAge":[
              "Adult",
              "Older Adult"
            ]
          }
        },
        "ContactsLocationsModule":{
          "CentralContactList":{
            "CentralContact":[
              {
                "CentralContactName":"Arno M Wiersema, MD, PhD",
                "CentralContactRole":"Contact",
                "CentralContactPhone":"0031653444515",
                "CentralContactEMail":"arno@wiersema.nu"
              },{
                "CentralContactName":"Vincent Jongkind, MD, PhD",
                "CentralContactRole":"Contact",
                "CentralContactPhone":"0031229257257",
                "CentralContactEMail":"v.jongkind@westfriesgasthuis.nl"
              }
            ]
          },
          "LocationList":{
            "Location":[
              {
                "LocationFacility":"Gelre Ziekenhuizen",
                "LocationStatus":"Recruiting",
                "LocationCity":"Apeldoorn",
                "LocationState":"Gelderland",
                "LocationZip":"7334DZ",
                "LocationCountry":"Netherlands",
                "LocationContactList":{
                  "LocationContact":[
                    {
                      "LocationContactName":"Hessel Buscher, MD, PhD",
                      "LocationContactRole":"Contact",
                      "LocationContactPhone":"0031555818181",
                      "LocationContactEMail":"h.buscher@gelre.nl"
                    }
                  ]
                }
              },{
                "LocationFacility":"Rijnstate",
                "LocationStatus":"Recruiting",
                "LocationCity":"Arnhem",
                "LocationState":"Gelderland",
                "LocationZip":"6815 AD",
                "LocationCountry":"Netherlands",
                "LocationContactList":{
                  "LocationContact":[
                    {
                      "LocationContactName":"M PJ Rijnen, MD, PhD",
                      "LocationContactRole":"Contact",
                      "LocationContactPhone":"003188 0053 077",
                      "LocationContactEMail":"mmpj.reijnen@gmail.com"
                    }
                  ]
                }
              },{
                "LocationFacility":"Slingeland Ziekenhuis",
                "LocationStatus":"Recruiting",
                "LocationCity":"Doetinchem",
                "LocationState":"Gelderland",
                "LocationZip":"7009BL",
                "LocationCountry":"Netherlands",
                "LocationContactList":{
                  "LocationContact":[
                    {
                      "LocationContactName":"Susan Lemson, MD PhD",
                      "LocationContactRole":"Contact",
                      "LocationContactPhone":"0031314329911",
                      "LocationContactEMail":"s.lemson@slingeland.nl"
                    }
                  ]
                }
              },{
                "LocationFacility":"AUMC Location VUmc",
                "LocationStatus":"Recruiting",
                "LocationCity":"Amsterdam",
                "LocationState":"Noord Holland",
                "LocationZip":"1081 HV",
                "LocationCountry":"Netherlands",
                "LocationContactList":{
                  "LocationContact":[
                    {
                      "LocationContactName":"J. D. Blankensteijn, MD, PhD",
                      "LocationContactRole":"Contact",
                      "LocationContactPhone":"003120 4444 444",
                      "LocationContactEMail":"j.blankensteijn@vumc.nl"
                    }
                  ]
                }
              },{
                "LocationFacility":"AUMC Location AMC",
                "LocationStatus":"Recruiting",
                "LocationCity":"Amsterdam",
                "LocationState":"Noord Holland",
                "LocationZip":"1105AZ",
                "LocationCountry":"Netherlands",
                "LocationContactList":{
                  "LocationContact":[
                    {
                      "LocationContactName":"M JW Koelemay, MD, PhD",
                      "LocationContactRole":"Contact",
                      "LocationContactPhone":"003120 566 9111",
                      "LocationContactEMail":"m.j.koelemaij@amc.uva.nl"
                    }
                  ]
                }
              },{
                "LocationFacility":"Elisabeth TweeSteden Ziekenhuis",
                "LocationStatus":"Recruiting",
                "LocationCity":"Tilburg",
                "LocationState":"Noord-Braband",
                "LocationZip":"5022 GC",
                "LocationCountry":"Netherlands",
                "LocationContactList":{
                  "LocationContact":[
                    {
                      "LocationContactName":"J. Heyligers, MD, PhD",
                      "LocationContactRole":"Contact",
                      "LocationContactPhone":"003113 2210 000",
                      "LocationContactEMail":"j.heyligers@etz.nl"
                    }
                  ]
                }
              },{
                "LocationFacility":"Amphia",
                "LocationStatus":"Not yet recruiting",
                "LocationCity":"Breda",
                "LocationState":"Noord-Brabant",
                "LocationZip":"4818 CK",
                "LocationCountry":"Netherlands",
                "LocationContactList":{
                  "LocationContact":[
                    {
                      "LocationContactName":"L. Van Der Laan, MD, PhD",
                      "LocationContactRole":"Contact",
                      "LocationContactPhone":"003176 5955 000",
                      "LocationContactEMail":"lvanderlaan@amphia.nl"
                    }
                  ]
                }
              },{
                "LocationFacility":"Catharina Ziekenhuis",
                "LocationStatus":"Recruiting",
                "LocationCity":"Eindhoven",
                "LocationState":"Noord-Brabant",
                "LocationZip":"5623 EJ",
                "LocationCountry":"Netherlands",
                "LocationContactList":{
                  "LocationContact":[
                    {
                      "LocationContactName":"J AW Teijink, MD, PhD",
                      "LocationContactRole":"Contact",
                      "LocationContactPhone":"003140 2396 349",
                      "LocationContactEMail":"joep.teijink@catharinaziekenhuis.nl"
                    }
                  ]
                }
              },{
                "LocationFacility":"Dijklander Ziekenhuis",
                "LocationStatus":"Recruiting",
                "LocationCity":"Hoorn",
                "LocationState":"Noord-Holland",
                "LocationZip":"1624NP",
                "LocationCountry":"Netherlands",
                "LocationContactList":{
                  "LocationContact":[
                    {
                      "LocationContactName":"Arno M Wiersema, MD, PhD",
                      "LocationContactRole":"Contact",
                      "LocationContactPhone":"0031229208206",
                      "LocationContactEMail":"a.wiersema@westfriesgasthuis.nl"
                    },{
                      "LocationContactName":"Vincent Jongkind, MD, PhD",
                      "LocationContactRole":"Contact",
                      "LocationContactPhone":"0031229257257",
                      "LocationContactEMail":"v.jongkind@westfriesgasthuis.nl"
                    }
                  ]
                }
              },{
                "LocationFacility":"Medisch Spectrum Twente",
                "LocationStatus":"Recruiting",
                "LocationCity":"Enschede",
                "LocationState":"Overijssel",
                "LocationZip":"7512 KZ",
                "LocationCountry":"Netherlands",
                "LocationContactList":{
                  "LocationContact":[
                    {
                      "LocationContactName":"E. Willigendael, MD, PhD",
                      "LocationContactRole":"Contact",
                      "LocationContactPhone":"003153 4872 000",
                      "LocationContactEMail":"E.Willigendael@mst.nl"
                    }
                  ]
                }
              },{
                "LocationFacility":"Isala",
                "LocationStatus":"Recruiting",
                "LocationCity":"Zwolle",
                "LocationState":"Overijssel",
                "LocationZip":"8025 AB",
                "LocationCountry":"Netherlands",
                "LocationContactList":{
                  "LocationContact":[
                    {
                      "LocationContactName":"M. Pierie, MD, PhD",
                      "LocationContactRole":"Contact",
                      "LocationContactPhone":"0003138 424 5000",
                      "LocationContactEMail":"m.pierie@isala.nl"
                    }
                  ]
                }
              },{
                "LocationFacility":"Haaglanden Medisch Centrum",
                "LocationStatus":"Recruiting",
                "LocationCity":"Den Haag",
                "LocationState":"Zuid-Holland",
                "LocationZip":"2597AX",
                "LocationCountry":"Netherlands",
                "LocationContactList":{
                  "LocationContact":[
                    {
                      "LocationContactName":"Daniël Eefting, MD, PhD",
                      "LocationContactRole":"Contact",
                      "LocationContactPhone":"0031889797900",
                      "LocationContactEMail":"d.eefting@haaglandenmc.nl"
                    }
                  ]
                }
              },{
                "LocationFacility":"Groene Hart",
                "LocationStatus":"Recruiting",
                "LocationCity":"Gouda",
                "LocationState":"Zuid-Holland",
                "LocationZip":"2803 HH",
                "LocationCountry":"Netherlands",
                "LocationContactList":{
                  "LocationContact":[
                    {
                      "LocationContactName":"P. M. Schlejen, MD, PhD",
                      "LocationContactRole":"Contact",
                      "LocationContactPhone":"0031182 505 050",
                      "LocationContactEMail":"Peter.Schlejen@ghz.nl"
                    }
                  ]
                }
              },{
                "LocationFacility":"Leiden Universitair Medisch Centrum",
                "LocationStatus":"Recruiting",
                "LocationCity":"Leiden",
                "LocationState":"Zuid-Holland",
                "LocationZip":"2333 ZA",
                "LocationCountry":"Netherlands",
                "LocationContactList":{
                  "LocationContact":[
                    {
                      "LocationContactName":"J. Van Schaik, MD, PhD",
                      "LocationContactRole":"Contact",
                      "LocationContactPhone":"003171 5269 111",
                      "LocationContactEMail":"J.van_Schaik@lumc.nl"
                    }
                  ]
                }
              },{
                "LocationFacility":"Alrijne",
                "LocationStatus":"Recruiting",
                "LocationCity":"Leiderdorp",
                "LocationState":"Zuid-Holland",
                "LocationZip":"2353 GA",
                "LocationCountry":"Netherlands",
                "LocationContactList":{
                  "LocationContact":[
                    {
                      "LocationContactName":"R. Hoencamp, MD, PhD",
                      "LocationContactRole":"Contact",
                      "LocationContactPhone":"003171 5828 282",
                      "LocationContactEMail":"rhoencamp@alrijne.nl"
                    }
                  ]
                }
              },{
                "LocationFacility":"Maasstad Ziekenhuis",
                "LocationStatus":"Recruiting",
                "LocationCity":"Rotterdam",
                "LocationState":"Zuid-Holland",
                "LocationZip":"3079 DZ",
                "LocationCountry":"Netherlands",
                "LocationContactList":{
                  "LocationContact":[
                    {
                      "LocationContactName":"B. Fioole, MD, PhD",
                      "LocationContactRole":"Contact",
                      "LocationContactPhone":"003110 2911 911",
                      "LocationContactEMail":"FiooleB@maasstadziekenhuis.nl"
                    }
                  ]
                }
              },{
                "LocationFacility":"St. Antonius ziekenhuis",
                "LocationStatus":"Recruiting",
                "LocationCity":"Nieuwegein",
                "LocationZip":"3435 CM",
                "LocationCountry":"Netherlands",
                "LocationContactList":{
                  "LocationContact":[
                    {
                      "LocationContactName":"Rogier Kropman, MD. PhD",
                      "LocationContactRole":"Contact",
                      "LocationContactPhone":"0031883203000",
                      "LocationContactEMail":"r.kropman@antoniusziekenhuis.nl"
                    }
                  ]
                }
              }
            ]
          }
        },
        "ReferencesModule":{
          "ReferenceList":{
            "Reference":[
              {
                "ReferencePMID":"27118618",
                "ReferenceType":"background",
                "ReferenceCitation":"Burgers LT, Vahl AC, Severens JL, Wiersema AM, Cuypers PW, Verhagen HJ, Redekop WK. Cost-effectiveness of Elective Endovascular Aneurysm Repair Versus Open Surgical Repair of Abdominal Aortic Aneurysms. Eur J Vasc Endovasc Surg. 2016 Jul;52(1):29-40. doi: 10.1016/j.ejvs.2016.03.001. Epub 2016 Apr 23."
              },{
                "ReferencePMID":"28780975",
                "ReferenceType":"background",
                "ReferenceCitation":"Behrendt CA, Sedrakyan A, Rieß HC, Heidemann F, Kölbel T, Petersen J, Debus ES. Short-term and long-term results of endovascular and open repair of abdominal aortic aneurysms in Germany. J Vasc Surg. 2017 Dec;66(6):1704-1711.e3. doi: 10.1016/j.jvs.2017.04.040. Epub 2017 Aug 7."
              },{
                "ReferencePMID":"30037737",
                "ReferenceType":"background",
                "ReferenceCitation":"Behrendt CA, Rieß HC, Schwaneberg T, Larena-Avellaneda A, Kölbel T, Tsilimparis N, Spanos K, Debus ES, Sedrakyan A. Incidence, Predictors, and Outcomes of Colonic Ischaemia in Abdominal Aortic Aneurysm Repair. Eur J Vasc Endovasc Surg. 2018 Oct;56(4):507-513. doi: 10.1016/j.ejvs.2018.06.010. Epub 2018 Jul 20."
              },{
                "ReferencePMID":"28943011",
                "ReferenceType":"background",
                "ReferenceCitation":"Deery SE, O'Donnell TFX, Bodewes TCF, Dalebout BA, Pothof AB, Shean KE, Darling JD, Schermerhorn ML. Early reintervention after open and endovascular abdominal aortic aneurysm repair is associated with high mortality. J Vasc Surg. 2018 Feb;67(2):433-440.e1. doi: 10.1016/j.jvs.2017.06.104. Epub 2017 Sep 21."
              },{
                "ReferencePMID":"28110907",
                "ReferenceType":"background",
                "ReferenceCitation":"Trenner M, Haller B, Storck M, Reutersberg B, Kallmayer MA, Eckstein HH. Trends in Patient Safety of Intact Abdominal Aortic Aneurysm Repair: German Registry Data on 36,594 Procedures. Eur J Vasc Endovasc Surg. 2017 May;53(5):641-647. doi: 10.1016/j.ejvs.2016.12.024. Epub 2017 Jan 19."
              },{
                "ReferencePMID":"28073669",
                "ReferenceType":"background",
                "ReferenceCitation":"Hynes CF, Endicott KM, Iranmanesh S, Amdur RL, Macsata R. Reoperation rates after open and endovascular abdominal aortic aneurysm repairs. J Vasc Surg. 2017 May;65(5):1323-1328. doi: 10.1016/j.jvs.2016.09.053. Epub 2017 Jan 7."
              },{
                "ReferencePMID":"15483279",
                "ReferenceType":"background",
                "ReferenceCitation":"Prinssen M, Verhoeven EL, Buth J, Cuypers PW, van Sambeek MR, Balm R, Buskens E, Grobbee DE, Blankensteijn JD; Dutch Randomized Endovascular Aneurysm Management (DREAM)Trial Group. A randomized trial comparing conventional and endovascular repair of abdominal aortic aneurysms. N Engl J Med. 2004 Oct 14;351(16):1607-18."
              },{
                "ReferencePMID":"23384493",
                "ReferenceType":"background",
                "ReferenceCitation":"Lo RC, Bensley RP, Hamdan AD, Wyers M, Adams JE, Schermerhorn ML; Vascular Study Group of New England. Gender differences in abdominal aortic aneurysm presentation, repair, and mortality in the Vascular Study Group of New England. J Vasc Surg. 2013 May;57(5):1261-8, 1268.e1-5. doi: 10.1016/j.jvs.2012.11.039. Epub 2013 Feb 4."
              },{
                "ReferencePMID":"23337406",
                "ReferenceType":"background",
                "ReferenceCitation":"Wiersema A, Bruijninckx C, Reijnen M, Vos J, Van Delden O, Vahl A, Zeebregts C, Moll F. Perioperative prophylactic antithrombotic strategies in vascular surgery: current practice in the Netherlands. J Cardiovasc Surg (Torino). 2015 Feb;56(1):119-25. Epub 2013 Jan 22."
              },{
                "ReferencePMID":"22831869",
                "ReferenceType":"background",
                "ReferenceCitation":"Wiersema AM, Jongkind V, Bruijninckx CM, Reijnen MM, Vos JA, van Delden OM, Zeebregts CJ, Moll FL; CAPPAStudy Group Consensus on Arterial PeriProcedural Anticoagulation. Prophylactic perioperative anti-thrombotics in open and endovascular abdominal aortic aneurysm (AAA) surgery: a systematic review. Eur J Vasc Endovasc Surg. 2012 Oct;44(4):359-67. doi: 10.1016/j.ejvs.2012.06.008. Epub 2012 Jul 24. Review."
              },{
                "ReferencePMID":"15383472",
                "ReferenceType":"background",
                "ReferenceCitation":"Hirsh J, Raschke R. Heparin and low-molecular-weight heparin: the Seventh ACCP Conference on Antithrombotic and Thrombolytic Therapy. Chest. 2004 Sep;126(3 Suppl):188S-203S."
              },{
                "ReferencePMID":"23408671",
                "ReferenceType":"background",
                "ReferenceCitation":"Finley A, Greenberg C. Review article: heparin sensitivity and resistance: management during cardiopulmonary bypass. Anesth Analg. 2013 Jun;116(6):1210-22. doi: 10.1213/ANE.0b013e31827e4e62. Epub 2013 Feb 13. Review."
              },{
                "ReferencePMID":"22743176",
                "ReferenceType":"background",
                "ReferenceCitation":"Arsenault KA, Paikin JS, Hirsh J, Dale B, Whitlock RP, Teoh K, Young E, Ginsberg JS, Weitz JI, Eikelboom JW. Subtle differences in commercial heparins can have serious consequences for cardiopulmonary bypass patients: A randomized controlled trial. J Thorac Cardiovasc Surg. 2012 Oct;144(4):944-950.e3. doi: 10.1016/j.jtcvs.2012.05.065. Epub 2012 Jun 27."
              },{
                "ReferencePMID":"8281479",
                "ReferenceType":"background",
                "ReferenceCitation":"Nath FC, Muller DW, Rosenschein U, Ellis SG, Topol EJ. Heparin monitoring during coronary intervention: activated clotting time versus activated partial thromboplastin time. Can J Cardiol. 1993 Nov;9(9):797-801."
              },{
                "ReferencePMID":"11181470",
                "ReferenceType":"background",
                "ReferenceCitation":"Chew DP, Bhatt DL, Lincoff AM, Moliterno DJ, Brener SJ, Wolski KE, Topol EJ. Defining the optimal activated clotting time during percutaneous coronary intervention: aggregate results from 6 randomized, controlled trials. Circulation. 2001 Feb 20;103(7):961-6."
              },{
                "ReferencePMID":"21062999",
                "ReferenceType":"background",
                "ReferenceCitation":"Kasapis C, Gurm HS, Chetcuti SJ, Munir K, Luciano A, Smith D, Aronow HD, Kassab EH, Knox MF, Moscucci M, Share D, Grossman PM. Defining the optimal degree of heparin anticoagulation for peripheral vascular interventions: insight from a large, regional, multicenter registry. Circ Cardiovasc Interv. 2010 Dec;3(6):593-601. doi: 10.1161/CIRCINTERVENTIONS.110.957381. Epub 2010 Nov 9."
              },{
                "ReferencePMID":"28802634",
                "ReferenceType":"background",
                "ReferenceCitation":"Veerhoek D, Groepenhoff F, van der Sluijs MGJM, de Wever JWB, Blankensteijn JD, Vonk ABA, Boer C, Vermeulen CFW. Individual Differences in Heparin Sensitivity and Their Effect on Heparin Anticoagulation During Arterial Vascular Surgery. Eur J Vasc Endovasc Surg. 2017 Oct;54(4):534-541. doi: 10.1016/j.ejvs.2017.07.006. Epub 2017 Aug 9."
              },{
                "ReferencePMID":"7945064",
                "ReferenceType":"background",
                "ReferenceCitation":"Coyne TJ, Wallace MC, Benedict C. Peri-operative anticoagulant effects of heparinization for carotid endarterectomy. Aust N Z J Surg. 1994 Oct;64(10):679-83."
              },{
                "ReferencePMID":"10493364",
                "ReferenceType":"background",
                "ReferenceCitation":"Poisik A, Heyer EJ, Solomon RA, Quest DO, Adams DC, Baldasserini CM, McMahon DJ, Huang J, Kim LJ, Choudhri TF, Connolly ES. Safety and efficacy of fixed-dose heparin in carotid endarterectomy. Neurosurgery. 1999 Sep;45(3):434-41; discussion 441-2."
              },{
                "ReferencePMID":"15967231",
                "ReferenceType":"background",
                "ReferenceCitation":"de Sousa AA, Dellaretti MA, Faglioni W Jr, Carvalho GT. Monitoring of activated coagulation time in carotid endarterectomy. Surg Neurol. 2005;64 Suppl 1:S1:6-9."
              },{
                "ReferencePMID":"16728233",
                "ReferenceType":"background",
                "ReferenceCitation":"Saw J, Bajzer C, Casserly IP, Exaire E, Haery C, Sachar R, Lee D, Abou-Chebl A, Yadav JS. Evaluating the optimal activated clotting time during carotid artery stenting. Am J Cardiol. 2006 Jun 1;97(11):1657-60. Epub 2006 Apr 19."
              },{
                "ReferencePMID":"28943189",
                "ReferenceType":"background",
                "ReferenceCitation":"Goldhammer JE, Zimmerman D. Pro: Activated Clotting Time Should Be Monitored During Heparinization For Vascular Surgery. J Cardiothorac Vasc Anesth. 2018 Jun;32(3):1494-1496. doi: 10.1053/j.jvca.2017.04.047. Epub 2017 Apr 26."
              },{
                "ReferencePMID":"29571622",
                "ReferenceType":"background",
                "ReferenceCitation":"Dieplinger B, Egger M, Luft C, Hinterreiter F, Pernerstorfer T, Haltmayer M, Mueller T. Comparison between activated clotting time and anti-activated factor X activity for the monitoring of unfractionated heparin therapy in patients with aortic aneurysm undergoing an endovascular procedure. J Vasc Surg. 2018 Aug;68(2):400-407. doi: 10.1016/j.jvs.2017.11.079. Epub 2018 Mar 20."
              },{
                "ReferencePMID":"28974132",
                "ReferenceType":"background",
                "ReferenceCitation":"Lee JM, Park EY, Kim KM, Won JC, Jung TK, Lee SK. Comparison of activated clotting times measured using the Hemochron Jr. Signature and Medtronic ACT Plus during cardiopulmonary bypass with acute normovolemic haemodilution. J Int Med Res. 2018 Feb;46(2):873-882. doi: 10.1177/0300060517731952. Epub 2017 Oct 4."
              },{
                "ReferencePMID":"19277416",
                "ReferenceType":"background",
                "ReferenceCitation":"Chia S, Van Cott EM, Raffel OC, Jang IK. Comparison of activated clotting times obtained using Hemochron and Medtronic analysers in patients receiving anti-thrombin therapy during cardiac catheterisation. Thromb Haemost. 2009 Mar;101(3):535-40."
              },{
                "ReferencePMID":"26123033",
                "ReferenceType":"background",
                "ReferenceCitation":"Biancari F, Ruggieri VG, Perrotti A, Svenarud P, Dalén M, Onorati F, Faggian G, Santarpino G, Maselli D, Dominici C, Nardella S, Musumeci F, Gherli R, Mariscalco G, Masala N, Rubino AS, Mignosa C, De Feo M, Della Corte A, Bancone C, Chocron S, Gatti G, Gherli T, Kinnunen EM, Juvonen T. European Multicenter Study on Coronary Artery Bypass Grafting (E-CABG registry): Study Protocol for a Prospective Clinical Registry and Proposal of Classification of Postoperative Complications. J Cardiothorac Surg. 2015 Jun 30;10:90. doi: 10.1186/s13019-015-0292-z."
              },{
                "ReferencePMID":"28024656",
                "ReferenceType":"background",
                "ReferenceCitation":"Brascia D, Reichart D, Onorati F, Perrotti A, Ruggieri VG, Bounader K, Verhoye JP, Santarpino G, Fischlein T, Maselli D, Dominici C, Mariscalco G, Gherli R, Rubino AS, De Feo M, Bancone C, Gatti G, Santini F, Dalén M, Saccocci M, Faggian G, Tauriainen T, Kinnunen EM, Nicolini F, Gherli T, Rosato S, Biancari F. Validation of Bleeding Classifications in Coronary Artery Bypass Grafting. Am J Cardiol. 2017 Mar 1;119(5):727-733. doi: 10.1016/j.amjcard.2016.11.027. Epub 2016 Dec 3."
              },{
                "ReferencePMID":"24276985",
                "ReferenceType":"background",
                "ReferenceCitation":"Mazzalai F, Piatto G, Toniato A, Lorenzetti R, Baracchini C, Ballotta E. Using protamine can significantly reduce the incidence of bleeding complications after carotid endarterectomy without increasing the risk of ischemic cerebral events. World J Surg. 2014 May;38(5):1227-32. doi: 10.1007/s00268-013-2347-4."
              },{
                "ReferencePMID":"29743410",
                "ReferenceType":"background",
                "ReferenceCitation":"Yamamoto S, Sakakura K, Taniguchi Y, Yamamoto K, Wada H, Momomura SI, Fujita H. Safety of Reversing Anticoagulation by Protamine Following Elective Transfemoral Percutaneous Coronary Intervention in the Drug-Eluting Stent Era. Int Heart J. 2018 May 30;59(3):482-488. doi: 10.1536/ihj.17-352. Epub 2018 May 9."
              },{
                "ReferencePMID":"30528142",
                "ReferenceType":"background",
                "ReferenceCitation":"Wanhainen A, Verzini F, Van Herzeele I, Allaire E, Bown M, Cohnert T, Dick F, van Herwaarden J, Karkos C, Koelemay M, Kölbel T, Loftus I, Mani K, Melissano G, Powell J, Szeberin Z, Esvs Guidelines Committee, de Borst GJ, Chakfe N, Debus S, Hinchliffe R, Kakkos S, Koncar I, Kolh P, Lindholt JS, de Vega M, Vermassen F, Document Reviewers, Björck M, Cheng S, Dalman R, Davidovic L, Donas K, Earnshaw J, Eckstein HH, Golledge J, Haulon S, Mastracci T, Naylor R, Ricco JB, Verhagen H. Editor's Choice - European Society for Vascular Surgery (ESVS) 2019 Clinical Practice Guidelines on the Management of Abdominal Aorto-iliac Artery Aneurysms. Eur J Vasc Endovasc Surg. 2019 Jan;57(1):8-93. doi: 10.1016/j.ejvs.2018.09.020. Epub 2018 Dec 5. Erratum in: Eur J Vasc Endovasc Surg. 2020 Mar;59(3):494."
              },{
                "ReferencePMID":"15312219",
                "ReferenceType":"background",
                "ReferenceCitation":"Bellomo R, Ronco C, Kellum JA, Mehta RL, Palevsky P; Acute Dialysis Quality Initiative workgroup. Acute renal failure - definition, outcome measures, animal models, fluid therapy and information technology needs: the Second International Consensus Conference of the Acute Dialysis Quality Initiative (ADQI) Group. Crit Care. 2004 Aug;8(4):R204-12. Epub 2004 May 24. Review."
              },{
                "ReferencePMID":"27325326",
                "ReferenceType":"background",
                "ReferenceCitation":"M Versteegh M, M Vermeulen K, M A A Evers S, de Wit GA, Prenger R, A Stolk E. Dutch Tariff for the Five-Level Version of EQ-5D. Value Health. 2016 Jun;19(4):343-52. doi: 10.1016/j.jval.2016.01.003. Epub 2016 Mar 30."
              }
            ]
          },
          "SeeAlsoLinkList":{
            "SeeAlsoLink":[
              {
                "SeeAlsoLinkLabel":"Document aorta aneurysmata; expert rapport voor doelmatig gebruik. Ned Ver v VchenZN.",
                "SeeAlsoLinkURL":"https://nvvv-vaatchirurgie.nl/sites/nvvv-vaatchirurgie.nl/files/Document%20aorta%20aneurysmata%2C%206.2.pdf"
              }
            ]
          }
        },
        "IPDSharingStatementModule":{
          "IPDSharing":"Yes",
          "IPDSharingDescription":"under pre-defined conditions and contract",
          "IPDSharingInfoTypeList":{
            "IPDSharingInfoType":[
              "Study Protocol",
              "Statistical Analysis Plan (SAP)",
              "Informed Consent Form (ICF)",
              "Clinical Study Report (CSR)"
            ]
          },
          "IPDSharingTimeFrame":"after data lock, 07-2024",
          "IPDSharingAccessCriteria":"contract with pre-defined criteria according to government regulation concerning science research"
        }
      },
      "DerivedSection":{
        "MiscInfoModule":{
          "VersionHolder":"April 19, 2021"
        },
        "ConditionBrowseModule":{
          "ConditionMeshList":{
            "ConditionMesh":[
              {
                "ConditionMeshId":"D000000783",
                "ConditionMeshTerm":"Aneurysm"
              },{
                "ConditionMeshId":"D000001014",
                "ConditionMeshTerm":"Aortic Aneurysm"
              },{
                "ConditionMeshId":"D000017544",
                "ConditionMeshTerm":"Aortic Aneurysm, Abdominal"
              }
            ]
          },
          "ConditionAncestorList":{
            "ConditionAncestor":[
              {
                "ConditionAncestorId":"D000014652",
                "ConditionAncestorTerm":"Vascular Diseases"
              },{
                "ConditionAncestorId":"D000002318",
                "ConditionAncestorTerm":"Cardiovascular Diseases"
              },{
                "ConditionAncestorId":"D000001018",
                "ConditionAncestorTerm":"Aortic Diseases"
              }
            ]
          },
          "ConditionBrowseLeafList":{
            "ConditionBrowseLeaf":[
              {
                "ConditionBrowseLeafId":"M2694",
                "ConditionBrowseLeafName":"Aneurysm",
                "ConditionBrowseLeafAsFound":"Aneurysm",
                "ConditionBrowseLeafRelevance":"high"
              },{
                "ConditionBrowseLeafId":"M2911",
                "ConditionBrowseLeafName":"Aortic Aneurysm",
                "ConditionBrowseLeafAsFound":"Aortic Aneurysm",
                "ConditionBrowseLeafRelevance":"high"
              },{
                "ConditionBrowseLeafId":"M18383",
                "ConditionBrowseLeafName":"Aortic Aneurysm, Abdominal",
                "ConditionBrowseLeafAsFound":"Abdominal Aortic Aneurysm",
                "ConditionBrowseLeafRelevance":"high"
              },{
                "ConditionBrowseLeafId":"M15983",
                "ConditionBrowseLeafName":"Vascular Diseases",
                "ConditionBrowseLeafRelevance":"low"
              },{
                "ConditionBrowseLeafId":"M2915",
                "ConditionBrowseLeafName":"Aortic Diseases",
                "ConditionBrowseLeafRelevance":"low"
              },{
                "ConditionBrowseLeafId":"T66",
                "ConditionBrowseLeafName":"Abdominal Aortic Aneurysm",
                "ConditionBrowseLeafAsFound":"Abdominal Aortic Aneurysm",
                "ConditionBrowseLeafRelevance":"high"
              }
            ]
          },
          "ConditionBrowseBranchList":{
            "ConditionBrowseBranch":[
              {
                "ConditionBrowseBranchAbbrev":"BC14",
                "ConditionBrowseBranchName":"Heart and Blood Diseases"
              },{
                "ConditionBrowseBranchAbbrev":"All",
                "ConditionBrowseBranchName":"All Conditions"
              },{
                "ConditionBrowseBranchAbbrev":"Rare",
                "ConditionBrowseBranchName":"Rare Diseases"
              }
            ]
          }
        },
        "InterventionBrowseModule":{
          "InterventionMeshList":{
            "InterventionMesh":[
              {
                "InterventionMeshId":"D000006493",
                "InterventionMeshTerm":"Heparin"
              }
            ]
          },
          "InterventionAncestorList":{
            "InterventionAncestor":[
              {
                "InterventionAncestorId":"D000000925",
                "InterventionAncestorTerm":"Anticoagulants"
              },{
                "InterventionAncestorId":"D000005343",
                "InterventionAncestorTerm":"Fibrinolytic Agents"
              },{
                "InterventionAncestorId":"D000050299",
                "InterventionAncestorTerm":"Fibrin Modulating Agents"
              },{
                "InterventionAncestorId":"D000045504",
                "InterventionAncestorTerm":"Molecular Mechanisms of Pharmacological Action"
              }
            ]
          },
          "InterventionBrowseLeafList":{
            "InterventionBrowseLeaf":[
              {
                "InterventionBrowseLeafId":"M8162",
                "InterventionBrowseLeafName":"Heparin",
                "InterventionBrowseLeafAsFound":"Bupivacaine",
                "InterventionBrowseLeafRelevance":"high"
              },{
                "InterventionBrowseLeafId":"M45199",
                "InterventionBrowseLeafName":"Calcium heparin",
                "InterventionBrowseLeafRelevance":"low"
              },{
                "InterventionBrowseLeafId":"M12925",
                "InterventionBrowseLeafName":"Protamines",
                "InterventionBrowseLeafRelevance":"low"
              },{
                "InterventionBrowseLeafId":"M2825",
                "InterventionBrowseLeafName":"Anticoagulants",
                "InterventionBrowseLeafRelevance":"low"
              },{
                "InterventionBrowseLeafId":"M7056",
                "InterventionBrowseLeafName":"Fibrinolytic Agents",
                "InterventionBrowseLeafRelevance":"low"
              }
            ]
          },
          "InterventionBrowseBranchList":{
            "InterventionBrowseBranch":[
              {
                "InterventionBrowseBranchAbbrev":"FiAg",
                "InterventionBrowseBranchName":"Fibrinolytic Agents"
              },{
                "InterventionBrowseBranchAbbrev":"AnCoag",
                "InterventionBrowseBranchName":"Anticoagulants"
              },{
                "InterventionBrowseBranchAbbrev":"All",
                "InterventionBrowseBranchName":"All Drugs and Chemicals"
              },{
                "InterventionBrowseBranchAbbrev":"Coag",
                "InterventionBrowseBranchName":"Coagulants"
              }
            ]
          }
        }
      }
    }
  }
}

