{
  "FullStudy":{
    "Rank":60228,
    "Study":{
      "ProtocolSection":{
        "IdentificationModule":{
          "NCTId":"NCT04065789",
          "OrgStudyIdInfo":{
            "OrgStudyId":"0101-17-TLV"
          },
          "SecondaryIdInfoList":{
            "SecondaryIdInfo":[
              {
                "SecondaryId":"MOH_2018-01-18_001958",
                "SecondaryIdType":"Other Identifier",
                "SecondaryIdDomain":"Israel MOH#"
              }
            ]
          },
          "Organization":{
            "OrgFullName":"Tel-Aviv Sourasky Medical Center",
            "OrgClass":"OTHER_GOV"
          },
          "BriefTitle":"Carfilzomib in Combination With Daratumumab, Lenalidomide and Dexamethasone in Transplant-ineligible NDMM Patients",
          "OfficialTitle":"Safety, Tolerability, and Efficacy of Once Weekly Carfilzomib in Combination With Daratumumab, Lenalidomide and Dexamethasone, in Transplant-ineligible Multiple Myeloma Patients Non-responsive to a Bortezomib Based Induction",
          "Acronym":"KyDaR"
        },
        "StatusModule":{
          "StatusVerifiedDate":"January 2021",
          "OverallStatus":"Active, not recruiting",
          "ExpandedAccessInfo":{
            "HasExpandedAccess":"No"
          },
          "StartDateStruct":{
            "StartDate":"May 2, 2018",
            "StartDateType":"Actual"
          },
          "PrimaryCompletionDateStruct":{
            "PrimaryCompletionDate":"January 2022",
            "PrimaryCompletionDateType":"Anticipated"
          },
          "CompletionDateStruct":{
            "CompletionDate":"January 2023",
            "CompletionDateType":"Anticipated"
          },
          "StudyFirstSubmitDate":"July 31, 2019",
          "StudyFirstSubmitQCDate":"August 21, 2019",
          "StudyFirstPostDateStruct":{
            "StudyFirstPostDate":"August 22, 2019",
            "StudyFirstPostDateType":"Actual"
          },
          "LastUpdateSubmitDate":"January 18, 2021",
          "LastUpdatePostDateStruct":{
            "LastUpdatePostDate":"January 20, 2021",
            "LastUpdatePostDateType":"Actual"
          }
        },
        "SponsorCollaboratorsModule":{
          "ResponsibleParty":{
            "ResponsiblePartyType":"Sponsor"
          },
          "LeadSponsor":{
            "LeadSponsorName":"Tel-Aviv Sourasky Medical Center",
            "LeadSponsorClass":"OTHER_GOV"
          }
        },
        "OversightModule":{
          "IsFDARegulatedDrug":"No",
          "IsFDARegulatedDevice":"No"
        },
        "DescriptionModule":{
          "BriefSummary":"Patients with newly diagnosed multiple myeloma (NDMM) who failed to achieve at least a minimal response (MR) after 2 cycles or a partial response (PR), after 4 cycles of a bortezomib-containing therapy, or progress on therapy during first 4 cycles (response defined by international Myeloma Working Group [IMWG] criteria), will be treated with a quadruple regimen comprised of: Daratumumab 16 mg/Kg weekly during cycles 1-2, q14 days during cycles 3-6, thereafter monthly (1st dose cycle 1 may be split over 2 days); Once-weekly intravenous (IV) administration of Carfilzomib on days 1, 8, 15, of cycle numbers 1-9 and Days 1 and 15 only of cycle numbers 10-18, at a dose of 20 mg/m2 on day 1 of cycle 1; at dose of 56 mg/m2 on all subsequent once weekly dosing days, alongside concomitant treatment with twice-weekly IV or oral dexamethasone 20mg administered on Days 1-2, 8-9, 15-16, and 22-23 of a 28-day cycle, for cycles 1-2 followed by weekly 20 mg dexamethasone on subsequent cycles; and oral Lenalidomide 25 mg, administered on days 1-21 of a 28-day cycle. On treatment days that require both Carfilzomib and Daratumumab infusions, Carfilzomib will be administrated prior to Daratumumab administration. All patients will undergo frailty assessment based on IMWG recommendations, and will be classified as fit, intermediate-fit and frail. Frail patients will receive Lenalidomide dose adjustment to 15 mg (throughout the study, from cycle 1 and on), and dexamethasone at 10 mg x 2/week cycles 1-2 followed by 10 mg/week for subsequent cycles. The quadruple regimen will be administered for 18 cycles, followed by long-term follow-up in which patients will receive standard of care treatment with Lenalidomide/dexamethasone (Rd) treatment, unless disease progression, the physician decides otherwise, the patient suffers from unacceptable toxicity, withdraws consent, or dies (whichever occurs first).",
          "DetailedDescription":"Patients with newly diagnosed multiple myeloma (NDMM) who failed to achieve at least a minimal response (MR) after 2 cycles or a partial response (PR), after 4 cycles of a bortezomib-containing therapy, or progress on therapy during first 4 cycles (response defined by international Myeloma Working Group [IMWG] criteria), will be treated with a quadruple regimen comprised of: Daratumumab 16 mg/Kg weekly during cycles 1-2, q14 days during cycles 3-6, thereafter monthly (1st dose cycle 1 may be split over 2 days); Once-weekly intravenous (IV) administration of Carfilzomib on days 1, 8, 15, of cycle numbers 1-9 and Days 1 and 15 only of cycle numbers 10-18, at a dose of 20 mg/m2 on day 1 of cycle 1; at dose of 56 mg/m2 on all subsequent once weekly dosing days, alongside concomitant treatment with twice-weekly IV or oral dexamethasone 20mg administered on Days 1-2, 8-9, 15-16, and 22-23 of a 28-day cycle, for cycles 1-2 followed by weekly 20 mg dexamethasone on subsequent cycles; and oral Lenalidomide 25 mg, administered on days 1-21 of a 28-day cycle. On treatment days that require both Carfilzomib and Daratumumab infusions, Carfilzomib will be administrated prior to Daratumumab administration. All patients will undergo frailty assessment based on IMWG recommendations, and will be classified as fit, intermediate-fit and frail. Frail patients will receive Lenalidomide dose adjustment to 15 mg (throughout the study, from cycle 1 and on), and dexamethasone at 10 mg x 2/week cycles 1-2 followed by 10 mg/week for subsequent cycles. The quadruple regimen will be administered for 18 cycles, followed by long-term follow-up in which patients will receive standard of care treatment with Lenalidomide/dexamethasone (Rd) treatment, unless disease progression, the physician decides otherwise, the patient suffers from unacceptable toxicity, withdraws consent, or dies (whichever occurs first). All patients will be required to receive either thromboprophylaxis or anticoagulation therapy in parallel. Patients will receive prophylaxis to herpes zoster and pneumocystis infection according to institutional guidelines, as well as proton pump inhibitors on dexamethasone treatment days only, according to institutional guidelines.\n\nPatients will be assessed for response, to be determined by multiple myeloma (MM) biomarker profiling, on day 1 of cycle 2 and then every 56 ±4 days thereafter, irrespective of treatment delays or the timing of treatment cycles. Disease status will be followed until confirmed progressive disease (PD).\n\nLong-term follow-up for disease status (only in cases where patients discontinued treatment prior to PD or patients completing all 18 cycles without signs of PD) and for survival (after reaching PD) will continue after treatment discontinuation until the patient has withdrawn consent for further participation, is lost to follow-up, has died, or the sponsor makes a decision to terminate the study. For patients who discontinued treatment before completing 18 cycles , without PD occurred, disease response assessments shall be performed every 56 days (±4 days), according to the original scheduled days of assessment, until disease progression. Patients completing all 18 cycles without signs of PD will be followed-up for disease response every 84±7 days. Follow-up for survival will be performed approximately every 3 months, or as needed, for all surviving patients until study closure. For any patient who is lost to follow-up, the study site will attempt to ascertain survival information via public database search.\n\nThe control group in this study (Historical Control) will consist of 144 consecutive patients from a subset of participating centers and will include transplant ineligible NDMM diagnosed between 2011 to 2017 with failure to respond to a bortezomib based induction (as defined in the prospective trial). Control group patients must meet the protocol inclusion and exclusion criteria."
        },
        "ConditionsModule":{
          "ConditionList":{
            "Condition":[
              "Myeloma Multiple",
              "Myeloma, Plasma-Cell",
              "Myeloma-Multiple",
              "Plasma Cell Myeloma"
            ]
          },
          "KeywordList":{
            "Keyword":[
              "multiple myeloma (MM)",
              "Myeloma",
              "NDMM",
              "RRMM"
            ]
          }
        },
        "DesignModule":{
          "StudyType":"Interventional",
          "PhaseList":{
            "Phase":[
              "Phase 2"
            ]
          },
          "DesignInfo":{
            "DesignAllocation":"N/A",
            "DesignInterventionModel":"Single Group Assignment",
            "DesignPrimaryPurpose":"Treatment",
            "DesignMaskingInfo":{
              "DesignMasking":"None (Open Label)"
            }
          },
          "EnrollmentInfo":{
            "EnrollmentCount":"41",
            "EnrollmentType":"Actual"
          }
        },
        "ArmsInterventionsModule":{
          "ArmGroupList":{
            "ArmGroup":[
              {
                "ArmGroupLabel":"Carfilzomib,Daratumumab,revlimid and dexamethasone",
                "ArmGroupType":"Experimental",
                "ArmGroupDescription":"Carfilzomib, Daratumumab, Lenalidomide, Dexamethasone",
                "ArmGroupInterventionList":{
                  "ArmGroupInterventionName":[
                    "Drug: Carfilzomib",
                    "Drug: Daratumumab",
                    "Drug: Lenalidomide",
                    "Drug: Dexamethasone"
                  ]
                }
              }
            ]
          },
          "InterventionList":{
            "Intervention":[
              {
                "InterventionType":"Drug",
                "InterventionName":"Carfilzomib",
                "InterventionDescription":"Carfilzomib on Days 1, 8, 15, of cycle numbers 1-9 and Days 1 and 15 only of cycle numbers 10-18, at a dose of 20 mg/m2 on day 1 of cycle 1; at dose of 56 mg/m2 on all subsequent once weekly dosing days. The quadruple regimen treatment will be administered for 18 cycles.",
                "InterventionArmGroupLabelList":{
                  "InterventionArmGroupLabel":[
                    "Carfilzomib,Daratumumab,revlimid and dexamethasone"
                  ]
                },
                "InterventionOtherNameList":{
                  "InterventionOtherName":[
                    "Kyprolis"
                  ]
                }
              },{
                "InterventionType":"Drug",
                "InterventionName":"Daratumumab",
                "InterventionDescription":"Daratumumab : 16 mg/Kg weekly for 8 weeks, then every 2 weeks for 16 weeks, and then every 4 weeks thereafter. The quadruple regimen treatment will be administered for 18 cycles.",
                "InterventionArmGroupLabelList":{
                  "InterventionArmGroupLabel":[
                    "Carfilzomib,Daratumumab,revlimid and dexamethasone"
                  ]
                },
                "InterventionOtherNameList":{
                  "InterventionOtherName":[
                    "Darzalex"
                  ]
                }
              },{
                "InterventionType":"Drug",
                "InterventionName":"Lenalidomide",
                "InterventionDescription":"Lenalidomide (25 mg), administered on days 1-21 of 28-day cycle.In frail patients, Lenalidomide dose will be reduced according to 15 mg . The quadruple regimen treatment will be administered for 18 cycles.",
                "InterventionArmGroupLabelList":{
                  "InterventionArmGroupLabel":[
                    "Carfilzomib,Daratumumab,revlimid and dexamethasone"
                  ]
                },
                "InterventionOtherNameList":{
                  "InterventionOtherName":[
                    "Revlimid"
                  ]
                }
              },{
                "InterventionType":"Drug",
                "InterventionName":"Dexamethasone",
                "InterventionDescription":"Patients will be treated with IV or oral dexamethasone (20 mg for fit and INT-FIT, 10 mg for frail), administered on Days 1-2, 8-9, 15-16, and 22-23 of each 28-day cycle for cycles 1-2 followed by weekly 20 mg dexamethasone on subsequent cycles; In frail patients, dexamethasone will be reduced to 10 mg . The quadruple regimen treatment will be administered for 18 cycles.",
                "InterventionArmGroupLabelList":{
                  "InterventionArmGroupLabel":[
                    "Carfilzomib,Daratumumab,revlimid and dexamethasone"
                  ]
                }
              }
            ]
          }
        },
        "OutcomesModule":{
          "PrimaryOutcomeList":{
            "PrimaryOutcome":[
              {
                "PrimaryOutcomeMeasure":"Proportion of patients who experience any AE incidence, grade > 2 drug-elicited toxicities, peripheral neuropathy events (Grade 2 or higher).",
                "PrimaryOutcomeDescription":"Determined by adverse events, vital signs and clinical laboratory parameters in relation to study intervention.",
                "PrimaryOutcomeTimeFrame":"from screening through month 20"
              }
            ]
          },
          "SecondaryOutcomeList":{
            "SecondaryOutcome":[
              {
                "SecondaryOutcomeMeasure":"PFS",
                "SecondaryOutcomeDescription":"Progression Free Survival (PFS)",
                "SecondaryOutcomeTimeFrame":"From treatment initiation to the earlier of disease progression or death due to any cause. Up to 2 years from last patient enrollment"
              },{
                "SecondaryOutcomeMeasure":"OS",
                "SecondaryOutcomeDescription":"Overall Survival (OS)",
                "SecondaryOutcomeTimeFrame":"From treatment initiation to date of death (whatever the cause). Up to 2 years from last patient enrollment"
              },{
                "SecondaryOutcomeMeasure":"Overall response rate (ORR)",
                "SecondaryOutcomeDescription":"The fraction of patients who experience a partial response (PR), very good partial response (VGPR), complete response (CR), or stringent complete response (sCR) per IMWG 2016 criteria.",
                "SecondaryOutcomeTimeFrame":"From Screening and up to 2 years from last patient enrollment"
              },{
                "SecondaryOutcomeMeasure":"Duration of response (DOR)",
                "SecondaryOutcomeDescription":"Time of first evidence of PR or better to confirmation of PD or death due to any cause",
                "SecondaryOutcomeTimeFrame":"From initiation of treatment and up to 2 years from last patient enrollment"
              },{
                "SecondaryOutcomeMeasure":"Time to progression (TTP)",
                "SecondaryOutcomeDescription":"From initiation of treatment to documented PD",
                "SecondaryOutcomeTimeFrame":"From initiation of treatment and up to 2 years from last patient enrollment"
              },{
                "SecondaryOutcomeMeasure":"Clinical benefit response (CBR) rate",
                "SecondaryOutcomeDescription":"Defined as ORR or minimal response (MR)",
                "SecondaryOutcomeTimeFrame":"From initiation of treatment and up to 2 years from last patient enrollment"
              },{
                "SecondaryOutcomeMeasure":"Disease control rate (DCR),",
                "SecondaryOutcomeDescription":"Defined as ORR or minimal response (MR) or stable disease (SD) lasting at least 8 weeks.",
                "SecondaryOutcomeTimeFrame":"From initiation of treatment and up to 2 years from last patient enrollment"
              },{
                "SecondaryOutcomeMeasure":"Changes in Global Health Status and Quality of Life",
                "SecondaryOutcomeDescription":"The European Organization for Research and Treatment of Cancer [EORTC] Quality of Life Questionnaire Module QLQ-MY20 will be used to evaluate Global Health Status/QoL. Questionnaire Module QLQ-MY20 include 20 questions (items). Score scale is starting from minimum of 1 and up to a maximum of 4. Higher values represent a worse outcome.It is the complementary module of the QLQ-C30 which is specific for Multiple Myeloma patients.",
                "SecondaryOutcomeTimeFrame":"From Screening and up to 2 years from last patient enrollment"
              },{
                "SecondaryOutcomeMeasure":"Changes in Global Health Status and Quality of Life",
                "SecondaryOutcomeDescription":"The European Organization for Research and Treatment of Cancer [EORTC] Quality of Life Questionnaire Module QLQ-C30 will be used to evaluate Global Health Status/QoL. Questionnaire Module QLQ-C30 include 30 questions score scale is starting from minimum of 1 and up to a maximum of 7. In most items (1-28) Higher values represent a worse outcome.The exceptions are the items contributing to the global health status / QoL - 2 items (29-30) In which Higher values represent a better outcome .\n\nIt incorporates five functional scales (physical, role, cognitive, emotional, and social), three symptom scales (fatigue, pain, and nausea and vomiting), a global health status / QoL scale, and a number of single items assessing additional symptoms commonly reported by cancer patients (dyspnoea, loss of appetite, insomnia, constipation and diarrhoea) and perceived financial impact of the disease.",
                "SecondaryOutcomeTimeFrame":"From Screening and up to 2 years from last patient enrollment"
              },{
                "SecondaryOutcomeMeasure":"Changes in Frailty Status",
                "SecondaryOutcomeDescription":"Frailty assessment, for this study will be based only on 4 components : age, the Charlson Comorbidity Scoring System, the Katz Index of Independence in Activities of Daily Living and the Lawton Instrumental Activities of Daily Living Scale.\n\nAll above 4 components are summed up and combined into one MM Frailty score - The score system (range 0-5, higher values represent a worse outcome), identifies 3 groups of patients:\n\nfit (score=0) intermediate-fitness (score=1) frail (score≥2)",
                "SecondaryOutcomeTimeFrame":"From Screening and up to 4 month from last patient enrollment"
              }
            ]
          },
          "OtherOutcomeList":{
            "OtherOutcome":[
              {
                "OtherOutcomeMeasure":"exploratory genomic profiling",
                "OtherOutcomeDescription":"mutational transcriptional and post translational changes associated with drug sensitivity and resistance, clonal evolution",
                "OtherOutcomeTimeFrame":"From Screening and up to 2 years from last patient enrollment"
              }
            ]
          }
        },
        "EligibilityModule":{
          "EligibilityCriteria":"Inclusion Criteria:\n\nDiagnosed with multiple myeloma and started induction therapy within 6 months prior to study entry\nReceived bortezomib-based induction therapy, with corticosteroids, with or without alkylators\nDetermined by investigator to be transplant-ineligible\nFailed to achieve a minimal response (MR) after 2 cycles or a partial response (PR), after 4 cycles of a bortezomib-containing therapy, or progress on therapy during first 4 cycles (response defined by international Myeloma Working Group [IMWG] criteria)\n\nMeasurable disease at time of enrolment including:\n\nSerum M-protein ≥ 0.5 g/dL, or\nUrine M-protein ≥ 200 mg/24 hour, or\nSerum free light chain (SFLC) ≥ 100 mg/L (involved light chain) and an abnormal serum kappa/lambda ratio, or\nIn patients with immunoglobulin A (IgA) type MM, whose disease can only be reliably measured by serum quantitative immunoglobulin (qIgA), qIgA ≥ 750 mg/dL (0.75 g/dL)\nMale/female, ≥ 18 years of age\nEastern Cooperative Oncology Group Performance Status (ECOG PS) of 0-2\nAdequate hepatic function within 28 days prior to treatment initiation, with bilirubin < 1.5 times the upper limit of normal (ULN), and aspartate aminotransferase (AST) and alanine aminotransferase (ALT) < 3 times the ULN\nLeft ventricular ejection fraction ≥ 40%\nAbsolute neutrophil count (ANC) ≥ 1500/mm3 within 28 days prior to enrollment, and reconfirmed within 7 days prior to first dose. Screening ANC should be independent of growth factor support for ≥ 1 week.\nHemoglobin ≥ 8.0 g/dL within 28 days prior to treatment initiation, and reconfirmed within 7 days prior to first dose. Use of erythropoietic stimulating factors and red blood cell (RBC) transfusions per institutional guidelines is allowed, however most recent RBC transfusion may not have been done within 7 days of obtaining Screening hemoglobin.\nPlatelet count ≥ 50,000/mm3 (≥ 30,000/mm3 if myeloma involvement in the bone marrow is > 50%) within 28 days prior of treatment initiation, and reconfirmed within 7 days prior to first dose. Patients should not have received platelet transfusions for at least 1 week prior to obtaining the Screening platelet count.\nCalculated or measured creatinine clearance (CrCL) of ≥ 30 mL/min within 28 days prior to treatment initiation. Calculation should be based on standard formula such as the Cockcroft and Gault: [(140 - Age) x Mass (kg) / (72 x Creatinine mg/dL)]; multiply result by 0.85 if female.\nWritten informed consent in accordance with local regulations\nFemales of childbearing potential (FCBP) must have a negative serum pregnancy test within 21 days prior to treatment initiation and agree to use an effective method of contraception throughout the treatment period and for 3 months following last dose. Female of childbearing potential is defined as a sexually mature woman who: 1) has not undergone a hysterectomy or bilateral oophorectomy or 2) has not been naturally postmenopausal (amenorrhea following cancer therapy does not rule out childbearing potential) for at least 12 consecutive months (i.e., has had menses at any time in the preceding 12 consecutive months).\nMale patients must use an effective barrier method of contraception during the treatment period and for 3 months following the last dose, if sexually active with a FCBP -\n\nExclusion Criteria:\n\nPrior therapy with any immunomodulatory drug (IMiD) or with Carfilzomib\nAny unresolved Grade 2 or higher toxicity from bortezomib based induction treatment\nMultiple myeloma of immunoglobulin M (IgM) subtype\nPOEMS (polyneuropathy, organomegaly, endocrinopathy, monoclonal protein, and skin changes) syndrome\nPlasma cell leukemia or circulating plasma cells ≥ 2 × 10e9/L\nWaldenström macroglobulinemia\nPatients with known amyloidosis\nFocal radiation therapy within 7 days prior to treatment initiation; radiation therapy to an extended field, involving a significant volume of bone marrow, within 21 days prior to enrollment (i.e., prior radiation must have been to less than 30% of the bone marrow)\nMajor surgery (excluding kyphoplasty) within 28 days prior to treatment initiation\nActive congestive heart failure (New York Heart Association [NYHA] Class III to IV), symptomatic ischemia, or conduction abnormalities uncontrolled by conventional intervention; myocardial infarction within 4 months prior to treatment initiation\nAcute active infection requiring systemic antibiotics, antiviral (except antiviral therapy directed at hepatitis B) or antifungal agents within 14 days prior to treatment initiation\nKnown human immunodeficiency virus (HIV) seropositive, hepatitis C infection, and/or hepatitis B (except for patients with hepatitis B surface antigen [SAg] and core antibody receiving and responding to antiviral therapy directed at hepatitis B; these patients are allowed).\nPatients with known cirrhosis\n\nSecond malignancy within the past 3 years except:\n\nA. Adequately treated basal cell or squamous cell skin cancer B. Carcinoma in situ of the cervix C. Prostate cancer Gleason score ≤ 6 with stable prostate-specific antigen (PSA) over 12 months D. Breast carcinoma in situ with full surgical resection E. Treated medullary or papillary thyroid cancer\n\nPatients with myelodysplastic syndrome\nFemale patients who are pregnant or lactating\nKnown history of allergy to Captisol (a cyclodextrin derivative used to solubilize Carfilzomib)\nPatients with hypersensitivity to Carfilzomib,\nContraindication to any of the required concomitant drugs or supportive treatments, including hypersensitivity to antiviral drugs, or intolerance to hydration due to pre-existing pulmonary or cardiac impairment\nPatients with pleural effusions requiring thoracentesis or ascites requiring paracentesis within 14 days prior to treatment initiation\n\nSubject has either one of the following:\n\nKnown chronic obstructive pulmonary disease (COPD) with a forced expiratory volume in 1 second (FEV1) <50% of predicted normal. Note that FEV1 testing is required for subjects suspected of having COPD and subjects must be excluded if FEV1 is <50% of predicted normal.\nKnown moderate or severe persistent asthma, within the past 2 years, uncontrolled asthma of any classification. Note that subjects who currently have controlled intermittent asthma or controlled mild persistent asthma are allowed to participate in the study.\nPatients who discontinued bortezomib due to bortezomib related adverse events.\nAny other clinically significant medical disease or psychiatric condition that, in the investigator's opinion, may interfere with protocol adherence or a patient's ability to give informed consent\nAny prior treatment with investigational anti-MM drugs -",
          "HealthyVolunteers":"No",
          "Gender":"All",
          "MinimumAge":"18 Years",
          "StdAgeList":{
            "StdAge":[
              "Adult",
              "Older Adult"
            ]
          }
        },
        "ContactsLocationsModule":{
          "OverallOfficialList":{
            "OverallOfficial":[
              {
                "OverallOfficialName":"Yael Cohen, MD",
                "OverallOfficialAffiliation":"Tel-Aviv Sourasky Medical Center",
                "OverallOfficialRole":"Principal Investigator"
              }
            ]
          },
          "LocationList":{
            "Location":[
              {
                "LocationFacility":"Haemek Medical Center",
                "LocationCity":"Afula",
                "LocationCountry":"Israel"
              },{
                "LocationFacility":"Barzilai Medical Center",
                "LocationCity":"Ashkelon",
                "LocationCountry":"Israel"
              },{
                "LocationFacility":"Soroka Medical Center",
                "LocationCity":"Be'er Sheva",
                "LocationCountry":"Israel"
              },{
                "LocationFacility":"Bnai-Zion Medical Center",
                "LocationCity":"Haifa",
                "LocationCountry":"Israel"
              },{
                "LocationFacility":"Carmel Medical center",
                "LocationCity":"Haifa",
                "LocationCountry":"Israel"
              },{
                "LocationFacility":"Rambam medical Center",
                "LocationCity":"Haifa",
                "LocationCountry":"Israel"
              },{
                "LocationFacility":"Hadassah Ein-Karem Medical Center",
                "LocationCity":"Jerusalem",
                "LocationCountry":"Israel"
              },{
                "LocationFacility":"Shaare Zedek medical Center",
                "LocationCity":"Jerusalem",
                "LocationCountry":"Israel"
              },{
                "LocationFacility":"Meir Medical Center",
                "LocationCity":"Kfar Saba",
                "LocationCountry":"Israel"
              },{
                "LocationFacility":"Rabin Medical Center",
                "LocationCity":"Petah tikva",
                "LocationCountry":"Israel"
              },{
                "LocationFacility":"Kaplan Medical center",
                "LocationCity":"Reẖovot",
                "LocationCountry":"Israel"
              },{
                "LocationFacility":"Hematology Department Sourasky Medical Center",
                "LocationCity":"Tel Aviv",
                "LocationZip":"6423906",
                "LocationCountry":"Israel"
              },{
                "LocationFacility":"Assuta Medical Center",
                "LocationCity":"Tel Aviv",
                "LocationCountry":"Israel"
              },{
                "LocationFacility":"Ziv Medical Center",
                "LocationCity":"Zefat",
                "LocationCountry":"Israel"
              }
            ]
          }
        },
        "ReferencesModule":{
          "ReferenceList":{
            "Reference":[
              {
                "ReferencePMID":"33619369",
                "ReferenceType":"derived",
                "ReferenceCitation":"Cohen YC, Zada M, Wang SY, Bornstein C, David E, Moshe A, Li B, Shlomi-Loubaton S, Gatt ME, Gur C, Lavi N, Ganzel C, Luttwak E, Chubar E, Rouvio O, Vaxman I, Pasvolsky O, Ballan M, Tadmor T, Nemets A, Jarchowcky-Dolberg O, Shvetz O, Laiba M, Shpilberg O, Dally N, Avivi I, Weiner A, Amit I. Identification of resistance pathways and therapeutic targets in relapsed multiple myeloma patients through single-cell sequencing. Nat Med. 2021 Mar;27(3):491-503. doi: 10.1038/s41591-021-01232-w. Epub 2021 Feb 22."
              }
            ]
          }
        },
        "IPDSharingStatementModule":{
          "IPDSharing":"No"
        }
      },
      "DerivedSection":{
        "MiscInfoModule":{
          "VersionHolder":"April 19, 2021"
        },
        "ConditionBrowseModule":{
          "ConditionMeshList":{
            "ConditionMesh":[
              {
                "ConditionMeshId":"D000009101",
                "ConditionMeshTerm":"Multiple Myeloma"
              },{
                "ConditionMeshId":"D000054219",
                "ConditionMeshTerm":"Neoplasms, Plasma Cell"
              }
            ]
          },
          "ConditionAncestorList":{
            "ConditionAncestor":[
              {
                "ConditionAncestorId":"D000009370",
                "ConditionAncestorTerm":"Neoplasms by Histologic Type"
              },{
                "ConditionAncestorId":"D000009369",
                "ConditionAncestorTerm":"Neoplasms"
              },{
                "ConditionAncestorId":"D000020141",
                "ConditionAncestorTerm":"Hemostatic Disorders"
              },{
                "ConditionAncestorId":"D000014652",
                "ConditionAncestorTerm":"Vascular Diseases"
              },{
                "ConditionAncestorId":"D000002318",
                "ConditionAncestorTerm":"Cardiovascular Diseases"
              },{
                "ConditionAncestorId":"D000010265",
                "ConditionAncestorTerm":"Paraproteinemias"
              },{
                "ConditionAncestorId":"D000001796",
                "ConditionAncestorTerm":"Blood Protein Disorders"
              },{
                "ConditionAncestorId":"D000006402",
                "ConditionAncestorTerm":"Hematologic Diseases"
              },{
                "ConditionAncestorId":"D000006474",
                "ConditionAncestorTerm":"Hemorrhagic Disorders"
              },{
                "ConditionAncestorId":"D000008232",
                "ConditionAncestorTerm":"Lymphoproliferative Disorders"
              },{
                "ConditionAncestorId":"D000007160",
                "ConditionAncestorTerm":"Immunoproliferative Disorders"
              },{
                "ConditionAncestorId":"D000007154",
                "ConditionAncestorTerm":"Immune System Diseases"
              }
            ]
          },
          "ConditionBrowseLeafList":{
            "ConditionBrowseLeaf":[
              {
                "ConditionBrowseLeafId":"M10641",
                "ConditionBrowseLeafName":"Multiple Myeloma",
                "ConditionBrowseLeafAsFound":"Myeloma Multiple",
                "ConditionBrowseLeafRelevance":"high"
              },{
                "ConditionBrowseLeafId":"M26175",
                "ConditionBrowseLeafName":"Neoplasms, Plasma Cell",
                "ConditionBrowseLeafAsFound":"Myeloma Multiple",
                "ConditionBrowseLeafRelevance":"high"
              },{
                "ConditionBrowseLeafId":"M10898",
                "ConditionBrowseLeafName":"Neoplasms by Histologic Type",
                "ConditionBrowseLeafRelevance":"low"
              },{
                "ConditionBrowseLeafId":"M20561",
                "ConditionBrowseLeafName":"Hemostatic Disorders",
                "ConditionBrowseLeafRelevance":"low"
              },{
                "ConditionBrowseLeafId":"M3641",
                "ConditionBrowseLeafName":"Blood Coagulation Disorders",
                "ConditionBrowseLeafRelevance":"low"
              },{
                "ConditionBrowseLeafId":"M15983",
                "ConditionBrowseLeafName":"Vascular Diseases",
                "ConditionBrowseLeafRelevance":"low"
              },{
                "ConditionBrowseLeafId":"M11761",
                "ConditionBrowseLeafName":"Paraproteinemias",
                "ConditionBrowseLeafRelevance":"low"
              },{
                "ConditionBrowseLeafId":"M3659",
                "ConditionBrowseLeafName":"Blood Protein Disorders",
                "ConditionBrowseLeafRelevance":"low"
              },{
                "ConditionBrowseLeafId":"M8073",
                "ConditionBrowseLeafName":"Hematologic Diseases",
                "ConditionBrowseLeafRelevance":"low"
              },{
                "ConditionBrowseLeafId":"M8143",
                "ConditionBrowseLeafName":"Hemorrhagic Disorders",
                "ConditionBrowseLeafRelevance":"low"
              },{
                "ConditionBrowseLeafId":"M9808",
                "ConditionBrowseLeafName":"Lymphoproliferative Disorders",
                "ConditionBrowseLeafRelevance":"low"
              },{
                "ConditionBrowseLeafId":"M8789",
                "ConditionBrowseLeafName":"Immunoproliferative Disorders",
                "ConditionBrowseLeafRelevance":"low"
              },{
                "ConditionBrowseLeafId":"M8783",
                "ConditionBrowseLeafName":"Immune System Diseases",
                "ConditionBrowseLeafRelevance":"low"
              },{
                "ConditionBrowseLeafId":"T3947",
                "ConditionBrowseLeafName":"Multiple Myeloma",
                "ConditionBrowseLeafAsFound":"Myeloma Multiple",
                "ConditionBrowseLeafRelevance":"high"
              }
            ]
          },
          "ConditionBrowseBranchList":{
            "ConditionBrowseBranch":[
              {
                "ConditionBrowseBranchAbbrev":"BC04",
                "ConditionBrowseBranchName":"Cancers and Other Neoplasms"
              },{
                "ConditionBrowseBranchAbbrev":"BC14",
                "ConditionBrowseBranchName":"Heart and Blood Diseases"
              },{
                "ConditionBrowseBranchAbbrev":"BC15",
                "ConditionBrowseBranchName":"Blood and Lymph Conditions"
              },{
                "ConditionBrowseBranchAbbrev":"BC20",
                "ConditionBrowseBranchName":"Immune System Diseases"
              },{
                "ConditionBrowseBranchAbbrev":"All",
                "ConditionBrowseBranchName":"All Conditions"
              },{
                "ConditionBrowseBranchAbbrev":"Rare",
                "ConditionBrowseBranchName":"Rare Diseases"
              }
            ]
          }
        },
        "InterventionBrowseModule":{
          "InterventionMeshList":{
            "InterventionMesh":[
              {
                "InterventionMeshId":"D000003907",
                "InterventionMeshTerm":"Dexamethasone"
              },{
                "InterventionMeshId":"D000077269",
                "InterventionMeshTerm":"Lenalidomide"
              },{
                "InterventionMeshId":"C000556306",
                "InterventionMeshTerm":"Daratumumab"
              }
            ]
          },
          "InterventionAncestorList":{
            "InterventionAncestor":[
              {
                "InterventionAncestorId":"D000000893",
                "InterventionAncestorTerm":"Anti-Inflammatory Agents"
              },{
                "InterventionAncestorId":"D000000932",
                "InterventionAncestorTerm":"Antiemetics"
              },{
                "InterventionAncestorId":"D000001337",
                "InterventionAncestorTerm":"Autonomic Agents"
              },{
                "InterventionAncestorId":"D000018373",
                "InterventionAncestorTerm":"Peripheral Nervous System Agents"
              },{
                "InterventionAncestorId":"D000045505",
                "InterventionAncestorTerm":"Physiological Effects of Drugs"
              },{
                "InterventionAncestorId":"D000005765",
                "InterventionAncestorTerm":"Gastrointestinal Agents"
              },{
                "InterventionAncestorId":"D000005938",
                "InterventionAncestorTerm":"Glucocorticoids"
              },{
                "InterventionAncestorId":"D000006728",
                "InterventionAncestorTerm":"Hormones"
              },{
                "InterventionAncestorId":"D000006730",
                "InterventionAncestorTerm":"Hormones, Hormone Substitutes, and Hormone Antagonists"
              },{
                "InterventionAncestorId":"D000018931",
                "InterventionAncestorTerm":"Antineoplastic Agents, Hormonal"
              },{
                "InterventionAncestorId":"D000000970",
                "InterventionAncestorTerm":"Antineoplastic Agents"
              },{
                "InterventionAncestorId":"D000007155",
                "InterventionAncestorTerm":"Immunologic Factors"
              },{
                "InterventionAncestorId":"D000020533",
                "InterventionAncestorTerm":"Angiogenesis Inhibitors"
              },{
                "InterventionAncestorId":"D000043924",
                "InterventionAncestorTerm":"Angiogenesis Modulating Agents"
              },{
                "InterventionAncestorId":"D000006133",
                "InterventionAncestorTerm":"Growth Substances"
              },{
                "InterventionAncestorId":"D000006131",
                "InterventionAncestorTerm":"Growth Inhibitors"
              }
            ]
          },
          "InterventionBrowseLeafList":{
            "InterventionBrowseLeaf":[
              {
                "InterventionBrowseLeafId":"M5685",
                "InterventionBrowseLeafName":"Dexamethasone",
                "InterventionBrowseLeafAsFound":"Period",
                "InterventionBrowseLeafRelevance":"high"
              },{
                "InterventionBrowseLeafId":"M243574",
                "InterventionBrowseLeafName":"Dexamethasone acetate",
                "InterventionBrowseLeafRelevance":"low"
              },{
                "InterventionBrowseLeafId":"M1725",
                "InterventionBrowseLeafName":"Lenalidomide",
                "InterventionBrowseLeafAsFound":"Mg/day",
                "InterventionBrowseLeafRelevance":"high"
              },{
                "InterventionBrowseLeafId":"M246925",
                "InterventionBrowseLeafName":"Daratumumab",
                "InterventionBrowseLeafAsFound":"Doppler",
                "InterventionBrowseLeafRelevance":"high"
              },{
                "InterventionBrowseLeafId":"M376",
                "InterventionBrowseLeafName":"Bortezomib",
                "InterventionBrowseLeafRelevance":"low"
              },{
                "InterventionBrowseLeafId":"M2798",
                "InterventionBrowseLeafName":"Anti-Inflammatory Agents",
                "InterventionBrowseLeafRelevance":"low"
              },{
                "InterventionBrowseLeafId":"M2832",
                "InterventionBrowseLeafName":"Antiemetics",
                "InterventionBrowseLeafRelevance":"low"
              },{
                "InterventionBrowseLeafId":"M7464",
                "InterventionBrowseLeafName":"Gastrointestinal Agents",
                "InterventionBrowseLeafRelevance":"low"
              },{
                "InterventionBrowseLeafId":"M7630",
                "InterventionBrowseLeafName":"Glucocorticoids",
                "InterventionBrowseLeafRelevance":"low"
              },{
                "InterventionBrowseLeafId":"M8372",
                "InterventionBrowseLeafName":"Hormones",
                "InterventionBrowseLeafRelevance":"low"
              },{
                "InterventionBrowseLeafId":"M8371",
                "InterventionBrowseLeafName":"Hormone Antagonists",
                "InterventionBrowseLeafRelevance":"low"
              },{
                "InterventionBrowseLeafId":"M19550",
                "InterventionBrowseLeafName":"Antineoplastic Agents, Hormonal",
                "InterventionBrowseLeafRelevance":"low"
              },{
                "InterventionBrowseLeafId":"M8784",
                "InterventionBrowseLeafName":"Immunologic Factors",
                "InterventionBrowseLeafRelevance":"low"
              },{
                "InterventionBrowseLeafId":"M20902",
                "InterventionBrowseLeafName":"Angiogenesis Inhibitors",
                "InterventionBrowseLeafRelevance":"low"
              }
            ]
          },
          "InterventionBrowseBranchList":{
            "InterventionBrowseBranch":[
              {
                "InterventionBrowseBranchAbbrev":"Infl",
                "InterventionBrowseBranchName":"Anti-Inflammatory Agents"
              },{
                "InterventionBrowseBranchAbbrev":"ANeo",
                "InterventionBrowseBranchName":"Antineoplastic Agents"
              },{
                "InterventionBrowseBranchAbbrev":"AnEm",
                "InterventionBrowseBranchName":"Antiemetics"
              },{
                "InterventionBrowseBranchAbbrev":"Gast",
                "InterventionBrowseBranchName":"Gastrointestinal Agents"
              },{
                "InterventionBrowseBranchAbbrev":"All",
                "InterventionBrowseBranchName":"All Drugs and Chemicals"
              }
            ]
          }
        }
      }
    }
  }
}

