{
  "FullStudy":{
    "Rank":60143,
    "Study":{
      "ProtocolSection":{
        "IdentificationModule":{
          "NCTId":"NCT04066894",
          "OrgStudyIdInfo":{
            "OrgStudyId":"2016-0754"
          },
          "SecondaryIdInfoList":{
            "SecondaryIdInfo":[
              {
                "SecondaryId":"NCI-2019-02649",
                "SecondaryIdType":"Registry Identifier",
                "SecondaryIdDomain":"CTRP (Clinical Trial Reporting Program)"
              },{
                "SecondaryId":"2016-0754",
                "SecondaryIdType":"Other Identifier",
                "SecondaryIdDomain":"M D Anderson Cancer Center"
              },{
                "SecondaryId":"P30CA016672",
                "SecondaryIdType":"U.S. NIH Grant/Contract",
                "SecondaryIdLink":"https://projectreporter.nih.gov/reporterapi.cfm?PROJECTNUM=P30CA016672&Fy=all"
              }
            ]
          },
          "Organization":{
            "OrgFullName":"M.D. Anderson Cancer Center",
            "OrgClass":"OTHER"
          },
          "BriefTitle":"Sacral Nerve Stimulation in Treating Low Anterior Resection Syndrome or Fecal Incontinence in Patients With Locally Advanced Rectal Cancer or Other Pelvic Cancer, the RESTORE Study",
          "OfficialTitle":"Sacral Nerve Stimulation for Low Anterior Resection Syndrome or Fecal Incontinence in Patients Following a Low Anterior Resection or Proctectomy With Coloanal Anastomosis or in Patients After Pelvic Chemoradiation (RESTORE)"
        },
        "StatusModule":{
          "StatusVerifiedDate":"August 2019",
          "OverallStatus":"Recruiting",
          "ExpandedAccessInfo":{
            "HasExpandedAccess":"No"
          },
          "StartDateStruct":{
            "StartDate":"April 12, 2019",
            "StartDateType":"Actual"
          },
          "PrimaryCompletionDateStruct":{
            "PrimaryCompletionDate":"July 31, 2025",
            "PrimaryCompletionDateType":"Anticipated"
          },
          "CompletionDateStruct":{
            "CompletionDate":"July 31, 2025",
            "CompletionDateType":"Anticipated"
          },
          "StudyFirstSubmitDate":"June 11, 2019",
          "StudyFirstSubmitQCDate":"August 21, 2019",
          "StudyFirstPostDateStruct":{
            "StudyFirstPostDate":"August 26, 2019",
            "StudyFirstPostDateType":"Actual"
          },
          "LastUpdateSubmitDate":"August 21, 2019",
          "LastUpdatePostDateStruct":{
            "LastUpdatePostDate":"August 26, 2019",
            "LastUpdatePostDateType":"Actual"
          }
        },
        "SponsorCollaboratorsModule":{
          "ResponsibleParty":{
            "ResponsiblePartyType":"Sponsor"
          },
          "LeadSponsor":{
            "LeadSponsorName":"M.D. Anderson Cancer Center",
            "LeadSponsorClass":"OTHER"
          },
          "CollaboratorList":{
            "Collaborator":[
              {
                "CollaboratorName":"National Cancer Institute (NCI)",
                "CollaboratorClass":"NIH"
              }
            ]
          }
        },
        "OversightModule":{
          "OversightHasDMC":"No",
          "IsFDARegulatedDrug":"No",
          "IsFDARegulatedDevice":"Yes"
        },
        "DescriptionModule":{
          "BriefSummary":"This trial studies how well sacral nerve stimulation works in treating low anterior resection syndrome or fecal incontinence (the body's passage of stool without control) in patients with rectal cancer that has spread to nearby tissues or lymph nodes, or other pelvic cancer. Sacral nerve stimulation is a permanent implant that may improve bowel functions by stimulating the nerves that control the muscles related to bowel function.",
          "DetailedDescription":"PRIMARY OBJECTIVES:\n\nI. To investigate the efficacy of sacral nerve stimulator placement in patients with fecal incontinence (FI) or low anterior resection syndrome (LARS) who have previously undergone chemoradiation treatment and/or a restorative partial or complete proctectomy with colorectal or coloanal anastomosis for cancer treatment as per standard of care (restorative surgery cohort).\n\nII. To evaluate the feasibility of sacral nerve stimulator placement in patients with fecal incontinence (FI) or other defecatory dysfunction who have received pelvic radiation treatment without undergoing rectal or other pelvic surgery as per standard of cancer care (radiation only cohort).\n\nSECONDARY OBJECTIVES:\n\nI. To evaluate the effectiveness of sacral nerve stimulation (SNS) as measured by validated questionnaires in patients with FI or LARS within both patient cohorts.\n\nII. To evaluate pelvic floor and sphincter physiology using anorectal manometry (ARM) before and after SNS in patients with FI or LARS within both patient cohorts.\n\nIII. To assess potential impact of SNS on urinary incontinence measuring a post-void urinary bladder residual and validated urinary symptom questionnaires in both patient cohorts.\n\nIV. To assess efficacy of SNS on long-term bowel dysfunction at 1 and 3 years post battery implantation as measured by validated questionnaires for both patient cohorts.\n\nOUTLINE:\n\nPatients undergo scheduled, elective surgery for placement of the sacral nerve stimulator with external battery pack. After 2 weeks, patients undergo implantation of a subcutaneous internal battery or removal of the leads if the sacral nerve stimulator is working but does not improve symptoms. If the sacral nerve stimulator is not working, it is repositioned and patients return 2 weeks later for implantation of external battery or removal of leads.\n\nAfter completion of study, patients are followed up at 1 month, 1 year, and 3 years."
        },
        "ConditionsModule":{
          "ConditionList":{
            "Condition":[
              "Fecal Incontinence",
              "Low Anterior Resection Syndrome",
              "Malignant Anal Neoplasm",
              "Malignant Bladder Neoplasm",
              "Malignant Cervical Neoplasm",
              "Malignant Ovarian Neoplasm",
              "Malignant Pelvic Neoplasm",
              "Malignant Prostate Neoplasm",
              "Malignant Uterine Neoplasm",
              "Malignant Vaginal Neoplasm",
              "Malignant Vulvar Neoplasm",
              "Rectal Adenocarcinoma",
              "Stage III Rectal Cancer AJCC v8",
              "Stage IIIA Rectal Cancer AJCC v8",
              "Stage IIIB Rectal Cancer AJCC v8",
              "Stage IIIC Rectal Cancer AJCC v8",
              "Stage IV Rectal Cancer AJCC v8",
              "Stage IVA Rectal Cancer AJCC v8",
              "Stage IVB Rectal Cancer AJCC v8",
              "Stage IVC Rectal Cancer AJCC v8"
            ]
          }
        },
        "DesignModule":{
          "StudyType":"Interventional",
          "PhaseList":{
            "Phase":[
              "Not Applicable"
            ]
          },
          "DesignInfo":{
            "DesignAllocation":"N/A",
            "DesignInterventionModel":"Single Group Assignment",
            "DesignPrimaryPurpose":"Supportive Care",
            "DesignMaskingInfo":{
              "DesignMasking":"None (Open Label)"
            }
          },
          "EnrollmentInfo":{
            "EnrollmentCount":"60",
            "EnrollmentType":"Anticipated"
          }
        },
        "ArmsInterventionsModule":{
          "ArmGroupList":{
            "ArmGroup":[
              {
                "ArmGroupLabel":"Supportive Care (sacral nerve stimulator)",
                "ArmGroupType":"Experimental",
                "ArmGroupDescription":"Patients undergo scheduled, elective surgery for placement of the sacral nerve stimulator with external battery pack. After 2 weeks, patients undergo implantation of a subcutaneous internal battery or removal of the leads if the sacral nerve stimulator is working but does not improve symptoms. If the sacral nerve stimulator is not working, it is repositioned and patients return 2 weeks later for implantation of external battery or removal of leads.",
                "ArmGroupInterventionList":{
                  "ArmGroupInterventionName":[
                    "Procedure: Explantation",
                    "Other: Quality-of-Life Assessment",
                    "Other: Questionnaire Administration",
                    "Device: Sacral Nerve Stimulator",
                    "Device: Sacral Nerve Stimulator Battery",
                    "Procedure: Therapeutic Conventional Surgery"
                  ]
                }
              }
            ]
          },
          "InterventionList":{
            "Intervention":[
              {
                "InterventionType":"Procedure",
                "InterventionName":"Explantation",
                "InterventionDescription":"Undergo lead removal",
                "InterventionArmGroupLabelList":{
                  "InterventionArmGroupLabel":[
                    "Supportive Care (sacral nerve stimulator)"
                  ]
                },
                "InterventionOtherNameList":{
                  "InterventionOtherName":[
                    "Implant, removal of"
                  ]
                }
              },{
                "InterventionType":"Other",
                "InterventionName":"Quality-of-Life Assessment",
                "InterventionDescription":"Ancillary studies",
                "InterventionArmGroupLabelList":{
                  "InterventionArmGroupLabel":[
                    "Supportive Care (sacral nerve stimulator)"
                  ]
                },
                "InterventionOtherNameList":{
                  "InterventionOtherName":[
                    "Quality of Life Assessment"
                  ]
                }
              },{
                "InterventionType":"Other",
                "InterventionName":"Questionnaire Administration",
                "InterventionDescription":"Ancillary studies",
                "InterventionArmGroupLabelList":{
                  "InterventionArmGroupLabel":[
                    "Supportive Care (sacral nerve stimulator)"
                  ]
                }
              },{
                "InterventionType":"Device",
                "InterventionName":"Sacral Nerve Stimulator",
                "InterventionDescription":"Undergo sacral nerve stimulator implantation",
                "InterventionArmGroupLabelList":{
                  "InterventionArmGroupLabel":[
                    "Supportive Care (sacral nerve stimulator)"
                  ]
                },
                "InterventionOtherNameList":{
                  "InterventionOtherName":[
                    "Sacral Neuromodulator"
                  ]
                }
              },{
                "InterventionType":"Device",
                "InterventionName":"Sacral Nerve Stimulator Battery",
                "InterventionDescription":"Undergo sacral nerve stimulator battery implantation",
                "InterventionArmGroupLabelList":{
                  "InterventionArmGroupLabel":[
                    "Supportive Care (sacral nerve stimulator)"
                  ]
                },
                "InterventionOtherNameList":{
                  "InterventionOtherName":[
                    "Sacral Neuromodulator Battery"
                  ]
                }
              },{
                "InterventionType":"Procedure",
                "InterventionName":"Therapeutic Conventional Surgery",
                "InterventionDescription":"Undergo sacral nerve stimulator implantation",
                "InterventionArmGroupLabelList":{
                  "InterventionArmGroupLabel":[
                    "Supportive Care (sacral nerve stimulator)"
                  ]
                }
              }
            ]
          }
        },
        "OutcomesModule":{
          "PrimaryOutcomeList":{
            "PrimaryOutcome":[
              {
                "PrimaryOutcomeMeasure":"Proportion of patients with Sacral nerve stimulation (SNS) success",
                "PrimaryOutcomeDescription":"Primary Outcome Measure should read only: \"SNS success will be measured as a patient having the battery implanted up to 2 weeks (+7) days post SNS placement. Patients who do not have the SNS placed, for any reason other than insurance coverage issues, will count as not having a success.\"",
                "PrimaryOutcomeTimeFrame":"up to 2 weeks (+7) days post SNS placement"
              }
            ]
          },
          "SecondaryOutcomeList":{
            "SecondaryOutcome":[
              {
                "SecondaryOutcomeMeasure":"Fecal Incontinence Severity Index",
                "SecondaryOutcomeDescription":"Will be reported descriptively with graphs or tabulations for categorical survey outcomes.\n\nranges from 0 to 61, a number of 30 has been shown to be reflective of severe fecal incontinence.\nthe higher the severity of the fecal incontinence,\nno subscales",
                "SecondaryOutcomeTimeFrame":"Up to 3 years"
              },{
                "SecondaryOutcomeMeasure":"Fecal Incontinence Quality of Life Scale",
                "SecondaryOutcomeDescription":"Will be reported descriptively with graphs or tabulations for categorical survey outcomes.\n\nScales range from 1-5, scale scores are the averages responses to all questions divided by the number of items (29) on the scale\nScore of 1 indicates a lower functional status relating to quality of life\n\nSubscales:\n\nLifestyle (10 items)\nCoping/Behavior (9 items)\nDepression/Self Perception (7 items)\nEmbarrassment (3 items)",
                "SecondaryOutcomeTimeFrame":"Up to 3 years"
              },{
                "SecondaryOutcomeMeasure":"Anorectal manometry score",
                "SecondaryOutcomeDescription":"Will be reported descriptively with graphs or tabulations for anorectal manometry measures.\n\nThe interpretation of the manometry findings will be documented but are not part of the determination as to if SNS is needed or not. They are not tabulated as part of a score.\nAnal Sphincter Electromyography: Surface Electrode Anal EMG is recording by placing small electrodes peri-anally.",
                "SecondaryOutcomeTimeFrame":"At 1 month after completion of surgery"
              },{
                "SecondaryOutcomeMeasure":"Euroqol-5 Dimensions-5 Levels (EQ-5D-5L)",
                "SecondaryOutcomeDescription":"Will be reported descriptively with graphs or tabulations for categorical survey outcomes.\n\n5 dimensions (mobility, self care, usual activities, pain/discomfort, anxiety/depression) rated on 5 levels: no problems, slight problems, moderate problems, severe problems, extreme problems\nAdditionally, participant is also asked to rate their health that day, from 0 to 100, 0 being the worst they could imagine, 100 being the best\nThis decision results in a 1-digit number expressing the level selected for that dimension. The digits for 5 dimensions can be combined in a 5-digit number describing the respondent's health state.\nScores will be assessed and compared pre and post placement to reflect general quality of life",
                "SecondaryOutcomeTimeFrame":"Up to 3 years"
              },{
                "SecondaryOutcomeMeasure":"International Continence Society male Short Form",
                "SecondaryOutcomeDescription":"Will be reported descriptively with graphs or tabulations for categorical survey outcomes.\n\nHigher scores indicate greater impact of individual symptoms on participant\n11 items assessing Voiding (5) and Incontinence (6) - renders two scores\n\nScoring:\n\n0-20 voiding symptoms subscale\n0-24 incontinence symptoms subscale\nFrequency, Nocturia and QoL scores indicate impact of symptoms for the patient separately\n\nScale:\n\nOccasionally = less than one third of the time\nSometimes = between one and two thirds of the time\nMost of the time = more than two thirds of the time",
                "SecondaryOutcomeTimeFrame":"Up to 3 years"
              },{
                "SecondaryOutcomeMeasure":"International Consultation on Incontinence Society - Female Lower Urinary Tract Symptoms",
                "SecondaryOutcomeDescription":"Will be reported descriptively with graphs or tabulations for categorical survey outcomes.\n\nOverall score 0-48, (addition of all subscores)\nHigher scores indicate greater impact of individual symptoms on participant\n12 items assessing Nocturia, Urgency, Bladder pain, Frequency, Hesitancy, Straining, Intermittency, Urge urinary incontinence, Frequency of urinary incontinence, Stress urinary incontinence, Unexplained urinary incontinence, Nocturnal enuresis\n\nScoring:\n\n0-16 filling symptoms subscale\n0-12 voiding symptoms subscale\n0-20 incontinence symptoms subscale\nBother scales are not incorporated in the overall score but indicate impact of individual symptoms for the patient",
                "SecondaryOutcomeTimeFrame":"Up to 3 years"
              },{
                "SecondaryOutcomeMeasure":"Memorial Sloan Kettering Cancer Center Bowel Function Questionnaire (BFQ) (restorative surgery cohort)",
                "SecondaryOutcomeDescription":"Will be reported descriptively with graphs or tabulations for categorical survey outcomes.\n\nfive frequency options range from never to always (except for one question asking about the number of bowel movements per 24 hours)\n18 questions (14 within subscales and with four single items do not belong to a subscale). A global score can be calculated as the sum of the subscale scores, and a total score can be calculated by adding all the item scores (subscale plus single item scores). A higher score represents better bowel function.\n\nThree subscales\n\nfrequency, 6 items\ndiet, 4 items\nurgency/soilage, 4 items",
                "SecondaryOutcomeTimeFrame":"Up to 3 years"
              },{
                "SecondaryOutcomeMeasure":"Low anterior resection syndrome score BFQ",
                "SecondaryOutcomeDescription":"Will be reported descriptively with graphs or tabulations for categorical survey outcomes.\n\nrange 0-42 points: (\"no LARS\": 0-20), (\"minor LARS\": 21-29), (\"major LARS\": 30-42). Major LARS requires treatment\n\n5 issues graded,\n\nIncontinence for flatus (0: no, never; 4: yes, less than once/week; 7: yes, at least once/week)\nIncontinence for liquid stool (0: no, never; 3: yes, less than once/week; 3: yes, at least once/week)\nFrequency (4: >7x/day (24 hrs); 2: 4-7x/day, 0: 1-3x/day; 5: less than 1x/day)\nClustering (0: no, never; 9: yes - less than once/week; 11: yes, at least once/week)\nUrgency (0: no, never; 11: yes - less than once/week; 16: yes, at least once/week)",
                "SecondaryOutcomeTimeFrame":"Up to 3 years"
              },{
                "SecondaryOutcomeMeasure":"Cleveland Clinic Incontinence Score (radiation cohort)",
                "SecondaryOutcomeDescription":"Will be reported descriptively with graphs or tabulations for categorical survey outcomes.\n\n• 5 questions. The frequency with which each type of incontinence occurs is rated on a scale from 0 (never) to 4 (always or to 1/day). The sum of the frequencies is added for a total score that can range from 0 - 20, with higher scores indicating higher levels of incontinence.",
                "SecondaryOutcomeTimeFrame":"Up to 3 years"
              },{
                "SecondaryOutcomeMeasure":"Impact of SNS on bowel dysfunction",
                "SecondaryOutcomeDescription":"Will be measured using bowel diaries.",
                "SecondaryOutcomeTimeFrame":"Up to 30 days (visit 2)"
              },{
                "SecondaryOutcomeMeasure":"Impact of SNS on urinary incontinence of the Bladder Diaries",
                "SecondaryOutcomeDescription":"Will be measured using bladder diaries and a post-void urinary bladder residual and validated urinary symptom questionnaire.",
                "SecondaryOutcomeTimeFrame":"Up to 30 days (visit 2)"
              },{
                "SecondaryOutcomeMeasure":"European Organization for Research and Treatment of Cancer Quality of Life Questionnaire-Colorectal 29",
                "SecondaryOutcomeDescription":"Will be reported descriptively with graphs or tabulations for categorical survey outcomes.\n\nhas 5 functional and 18 symptom scales.\nContains 4 subscales (urinary frequency (UF), blood and mucus in stool (BMS), stool frequency (SF), and body image (BI)) and 19 single items (urinary incontinence, dysuria, abdominal pain, buttock pain, bloating, dry mouth, hair loss, taste, anxiety, weight, flatulence, fecal incontinence, sore skin, embarrassment, stoma care problems, sexual interest (men), impotence, sexual interest (women), and dyspareunia).\nScores can be linearly transformed to provide a score from 0 to 100.\nHigher scores represent better functioning on the functional scales and a higher level of symptoms on the symptom scales",
                "SecondaryOutcomeTimeFrame":"Up to 3 years"
              }
            ]
          }
        },
        "EligibilityModule":{
          "EligibilityCriteria":"Inclusion Criteria:\n\nCohort 1: Patients with pathologically proven diagnosis of primary rectal cancer\nCohort 1: Patients who have previously undergone surgical resection and anastomosis (restorative) with curative intent treatment with or without chemoradiation\nCohort 1: Patients with T1 and T2 pathologic stage patients treated with restorative surgical resection without radiation\nCohort 1: Patients with locally advanced rectal adenocarcinoma (T3 and T4 or lymph node positive) treated with radiation and restorative surgery\nCohort 1: Patients with self-reported FI or LARS\nCohort 1: Patients must be able to speak and understand English\nCohort 1: Patients must be willing to and able to sign an approved informed consent document\nCohort 1: Patients must be >= 24 months post-resection of rectal cancer\nCohort 1: Patients must have failed prior conservative measures such as Metamucil and motility medications and already been assessed and treated in a pelvic floor rehabilitation program (biofeedback) designed to treat FI and LARS, and continue to experience significant defecatory dysfunction, allowable per principal investigator (PI) discretion\nCohort 1: Patients must be willing and able to complete Patient Reported Outcomes Questionnaires for before device placement, during the testing phase following lead placement, and after implantation of the battery\nCohort 1: Patients must be willing and able to undergo elective ARM testing to objectively measure pelvic floor function\nCohort 1: Patients who have an average resting tone < 40 mmHg (normal > 40 mmHg) and maximal tolerance < 200 milliliters (normal 200-300 milliliters) as measured by ARM\nCohort 2: Patients with pathologically proven malignancy of the pelvis, other than rectal cancer (e.g. prostate, bladder, anus, vagina, vulva, cervix, uterus, or ovary)\nCohort 2: Patients treated with standard of care radiation therapies without surgical resection\nCohort 2: Patients with self-reported FI or other defecatory dysfunction\nCohort 2: Patients must be able to speak and understand English\nCohort 2: Patients must be willing to and able to sign an approved informed consent document\nCohort 2: Patients must be >= 18 months post-pelvic chemoradiation\nCohort 2: Patients must have already been assessed and treated in a pelvic floor rehabilitation program design to treat FI or other defecatory dysfunction and continue to experience significant defecatory dysfunction\nCohort 2: Patients must be willing and able to complete Patient Reported Outcomes (PROs) and bowel and bladder diaries (Medtronic) at multiple times during the study\nCohort 2: Patients must be willing and able to undergo elective ARM testing to measure pelvic floor function\nCohort 2: Patients who have an average resting tone < 40 mmHg (normal > 40 mmHg) and maximal tolerance < 200 milliliters (normal 200-300 milliliters) as measured by ARM\n\nExclusion Criteria:\n\nCohort 1: Patients with co-morbid illnesses or concurrent disease, which in the judgment of the clinician obtaining informed consent, would make the patient inappropriate for entry into this study or interfere significantly with the proper assessment of safety and toxicity of the prescribed regimens\nCohort 1: Any diverting bowel ostomy at the time of consent to this study\nCohort 1: Patients with an absolute neutrophil count (ANC) < 1.7 within 30 days of consent\nCohort 1: Patients with an international normalized rate (INR) > 1.3 within 30 days of consent\nCohort 1: Patients with a platelet count < 50 K within 30 days of consent\nCohort 1: Patients currently being treated with chemotherapy or within preceding 30 days at the time consent\nCohort 1: Patients previously treated with a SNS for urinary or FI\nCohort 1: Patients who were documented to have an anastomotic leak following their restorative surgical resection\nCohort 1: Patients with an Eastern Cooperative Oncology Group (ECOG) performance status > 2 at the time of consent\nCohort 1: Patients with an active infection requiring systemic therapy at the time of consent\nCohort 1: Patients with a significant history of uncontrolled cardiac disease including, but not limited to hypertension, unstable angina, myocardial infarction within the last 4 months, and uncontrolled congestive heart failure\nCohort 2: Co-morbid illnesses or other concurrent disease, which in the judgment of the clinician obtaining informed consent, would make the patient inappropriate for entry into this study or interfere significantly with the proper assessment of safety and toxicity of the prescribed regimens\nCohort 2: Patients with an ANC < 1.7 within 30 days of consent\nCohort 2: Patients with an INR > 1.3 within 30 days of consent\nCohort 2: Patients with a platelet count < 50 K, within 30 days of consent\nCohort 2: Patients currently being treated with chemotherapy or within the preceding 30 days at the time of consent\nCohort 2: Patients previously treated with a sacral nerve stimulator for urinary or fecal incontinence\nCohort 2: Patients with an ECOG performance status > 2 at the time of consent\nCohort 2: Patients with an active infection requiring systemic therapy at the time of consent\nCohort 2: Patients with a significant history of uncontrolled cardiac disease including, but not limited to hypertension, unstable angina, myocardial infarction within the last 4 months, and uncontrolled congestive heart failure\nCohort 2: Patients with an active autoimmune disease requiring systemic treatment within the past 3 months or a documented history of clinically severe autoimmune disease, or a syndrome that requires systemic steroids or immunosuppressive agents. Subjects with vitiligo or resolved childhood asthma/atopy would be an exception to this rule. Subjects that require intermittent use of bronchodilators or local steroid injections would not be excluded from the study. Subjects with hypothyroidism stable on hormone replacement or Sjogren's syndrome will not be excluded from the study\nCohort 2: Patients who are human immunodeficiency virus (HIV) positive (+) or have hepatitis B or C remain eligible, however, HIV+ patients must have a CD4 T cell count > 200 cells per microliter",
          "HealthyVolunteers":"No",
          "Gender":"All",
          "MinimumAge":"18 Years",
          "StdAgeList":{
            "StdAge":[
              "Adult",
              "Older Adult"
            ]
          }
        },
        "ContactsLocationsModule":{
          "OverallOfficialList":{
            "OverallOfficial":[
              {
                "OverallOfficialName":"Craig A Messick",
                "OverallOfficialAffiliation":"M.D. Anderson Cancer Center",
                "OverallOfficialRole":"Principal Investigator"
              }
            ]
          },
          "LocationList":{
            "Location":[
              {
                "LocationFacility":"M D Anderson Cancer Center",
                "LocationStatus":"Recruiting",
                "LocationCity":"Houston",
                "LocationState":"Texas",
                "LocationZip":"77030",
                "LocationCountry":"United States",
                "LocationContactList":{
                  "LocationContact":[
                    {
                      "LocationContactName":"Craig A. Messick",
                      "LocationContactRole":"Contact",
                      "LocationContactPhone":"713-792-6940",
                      "LocationContactEMail":"cmessick@mdanderson.org"
                    },{
                      "LocationContactName":"Craig A. Messick",
                      "LocationContactRole":"Principal Investigator"
                    }
                  ]
                }
              },{
                "LocationFacility":"MD Anderson in Sugar Land",
                "LocationStatus":"Recruiting",
                "LocationCity":"Sugar Land",
                "LocationState":"Texas",
                "LocationZip":"77478",
                "LocationCountry":"United States",
                "LocationContactList":{
                  "LocationContact":[
                    {
                      "LocationContactName":"Craig A. Messick",
                      "LocationContactRole":"Contact",
                      "LocationContactPhone":"713-792-6940",
                      "LocationContactEMail":"cmessick@mdanderson.org2016-0754"
                    },{
                      "LocationContactName":"Craig A. Messick",
                      "LocationContactRole":"Principal Investigator"
                    }
                  ]
                }
              }
            ]
          }
        },
        "ReferencesModule":{
          "SeeAlsoLinkList":{
            "SeeAlsoLink":[
              {
                "SeeAlsoLinkLabel":"MD Anderson Cancer Center Website",
                "SeeAlsoLinkURL":"http://www.mdanderson.org"
              }
            ]
          }
        }
      },
      "DerivedSection":{
        "MiscInfoModule":{
          "VersionHolder":"April 19, 2021"
        },
        "ConditionBrowseModule":{
          "ConditionMeshList":{
            "ConditionMesh":[
              {
                "ConditionMeshId":"D000009369",
                "ConditionMeshTerm":"Neoplasms"
              },{
                "ConditionMeshId":"D000012004",
                "ConditionMeshTerm":"Rectal Neoplasms"
              },{
                "ConditionMeshId":"D000010051",
                "ConditionMeshTerm":"Ovarian Neoplasms"
              },{
                "ConditionMeshId":"D000002583",
                "ConditionMeshTerm":"Uterine Cervical Neoplasms"
              },{
                "ConditionMeshId":"D000001749",
                "ConditionMeshTerm":"Urinary Bladder Neoplasms"
              },{
                "ConditionMeshId":"D000011471",
                "ConditionMeshTerm":"Prostatic Neoplasms"
              },{
                "ConditionMeshId":"D000014594",
                "ConditionMeshTerm":"Uterine Neoplasms"
              },{
                "ConditionMeshId":"D000014846",
                "ConditionMeshTerm":"Vulvar Neoplasms"
              },{
                "ConditionMeshId":"D000010386",
                "ConditionMeshTerm":"Pelvic Neoplasms"
              },{
                "ConditionMeshId":"D000014625",
                "ConditionMeshTerm":"Vaginal Neoplasms"
              },{
                "ConditionMeshId":"D000001005",
                "ConditionMeshTerm":"Anus Neoplasms"
              },{
                "ConditionMeshId":"D000005242",
                "ConditionMeshTerm":"Fecal Incontinence"
              },{
                "ConditionMeshId":"D000013577",
                "ConditionMeshTerm":"Syndrome"
              }
            ]
          },
          "ConditionAncestorList":{
            "ConditionAncestor":[
              {
                "ConditionAncestorId":"D000004194",
                "ConditionAncestorTerm":"Disease"
              },{
                "ConditionAncestorId":"D000010335",
                "ConditionAncestorTerm":"Pathologic Processes"
              },{
                "ConditionAncestorId":"D000015179",
                "ConditionAncestorTerm":"Colorectal Neoplasms"
              },{
                "ConditionAncestorId":"D000007414",
                "ConditionAncestorTerm":"Intestinal Neoplasms"
              },{
                "ConditionAncestorId":"D000005770",
                "ConditionAncestorTerm":"Gastrointestinal Neoplasms"
              },{
                "ConditionAncestorId":"D000004067",
                "ConditionAncestorTerm":"Digestive System Neoplasms"
              },{
                "ConditionAncestorId":"D000009371",
                "ConditionAncestorTerm":"Neoplasms by Site"
              },{
                "ConditionAncestorId":"D000004066",
                "ConditionAncestorTerm":"Digestive System Diseases"
              },{
                "ConditionAncestorId":"D000005767",
                "ConditionAncestorTerm":"Gastrointestinal Diseases"
              },{
                "ConditionAncestorId":"D000007410",
                "ConditionAncestorTerm":"Intestinal Diseases"
              },{
                "ConditionAncestorId":"D000012002",
                "ConditionAncestorTerm":"Rectal Diseases"
              },{
                "ConditionAncestorId":"D000004701",
                "ConditionAncestorTerm":"Endocrine Gland Neoplasms"
              },{
                "ConditionAncestorId":"D000010049",
                "ConditionAncestorTerm":"Ovarian Diseases"
              },{
                "ConditionAncestorId":"D000000291",
                "ConditionAncestorTerm":"Adnexal Diseases"
              },{
                "ConditionAncestorId":"D000005833",
                "ConditionAncestorTerm":"Genital Neoplasms, Female"
              },{
                "ConditionAncestorId":"D000014565",
                "ConditionAncestorTerm":"Urogenital Neoplasms"
              },{
                "ConditionAncestorId":"D000004700",
                "ConditionAncestorTerm":"Endocrine System Diseases"
              },{
                "ConditionAncestorId":"D000006058",
                "ConditionAncestorTerm":"Gonadal Disorders"
              },{
                "ConditionAncestorId":"D000002577",
                "ConditionAncestorTerm":"Uterine Cervical Diseases"
              },{
                "ConditionAncestorId":"D000014591",
                "ConditionAncestorTerm":"Uterine Diseases"
              },{
                "ConditionAncestorId":"D000014571",
                "ConditionAncestorTerm":"Urologic Neoplasms"
              },{
                "ConditionAncestorId":"D000001745",
                "ConditionAncestorTerm":"Urinary Bladder Diseases"
              },{
                "ConditionAncestorId":"D000014570",
                "ConditionAncestorTerm":"Urologic Diseases"
              },{
                "ConditionAncestorId":"D000005834",
                "ConditionAncestorTerm":"Genital Neoplasms, Male"
              },{
                "ConditionAncestorId":"D000011469",
                "ConditionAncestorTerm":"Prostatic Diseases"
              },{
                "ConditionAncestorId":"D000014845",
                "ConditionAncestorTerm":"Vulvar Diseases"
              },{
                "ConditionAncestorId":"D000014623",
                "ConditionAncestorTerm":"Vaginal Diseases"
              },{
                "ConditionAncestorId":"D000001004",
                "ConditionAncestorTerm":"Anus Diseases"
              }
            ]
          },
          "ConditionBrowseLeafList":{
            "ConditionBrowseLeaf":[
              {
                "ConditionBrowseLeafId":"M11557",
                "ConditionBrowseLeafName":"Ovarian Neoplasms",
                "ConditionBrowseLeafAsFound":"Ovarian Neoplasms",
                "ConditionBrowseLeafRelevance":"high"
              },{
                "ConditionBrowseLeafId":"M15925",
                "ConditionBrowseLeafName":"Uterine Neoplasms",
                "ConditionBrowseLeafAsFound":"Uterine Neoplasms",
                "ConditionBrowseLeafRelevance":"high"
              },{
                "ConditionBrowseLeafId":"M12918",
                "ConditionBrowseLeafName":"Prostatic Neoplasms",
                "ConditionBrowseLeafAsFound":"Prostate Neoplasms",
                "ConditionBrowseLeafRelevance":"high"
              },{
                "ConditionBrowseLeafId":"M14938",
                "ConditionBrowseLeafName":"Syndrome",
                "ConditionBrowseLeafAsFound":"Syndrome",
                "ConditionBrowseLeafRelevance":"high"
              },{
                "ConditionBrowseLeafId":"M11880",
                "ConditionBrowseLeafName":"Pelvic Neoplasms",
                "ConditionBrowseLeafAsFound":"Pelvic Neoplasms",
                "ConditionBrowseLeafRelevance":"high"
              },{
                "ConditionBrowseLeafId":"M2166",
                "ConditionBrowseLeafName":"Adenocarcinoma",
                "ConditionBrowseLeafRelevance":"low"
              },{
                "ConditionBrowseLeafId":"M4413",
                "ConditionBrowseLeafName":"Uterine Cervical Neoplasms",
                "ConditionBrowseLeafAsFound":"Cervical Neoplasms",
                "ConditionBrowseLeafRelevance":"high"
              },{
                "ConditionBrowseLeafId":"M3612",
                "ConditionBrowseLeafName":"Urinary Bladder Neoplasms",
                "ConditionBrowseLeafAsFound":"Bladder Neoplasms",
                "ConditionBrowseLeafRelevance":"high"
              },{
                "ConditionBrowseLeafId":"M6964",
                "ConditionBrowseLeafName":"Fecal Incontinence",
                "ConditionBrowseLeafAsFound":"Fecal Incontinence",
                "ConditionBrowseLeafRelevance":"high"
              },{
                "ConditionBrowseLeafId":"M2902",
                "ConditionBrowseLeafName":"Anus Neoplasms",
                "ConditionBrowseLeafAsFound":"Anal Neoplasm",
                "ConditionBrowseLeafRelevance":"high"
              },{
                "ConditionBrowseLeafId":"M16172",
                "ConditionBrowseLeafName":"Vulvar Neoplasms",
                "ConditionBrowseLeafAsFound":"Vulvar Neoplasms",
                "ConditionBrowseLeafRelevance":"high"
              },{
                "ConditionBrowseLeafId":"M15956",
                "ConditionBrowseLeafName":"Vaginal Neoplasms",
                "ConditionBrowseLeafAsFound":"Vaginal Neoplasms",
                "ConditionBrowseLeafRelevance":"high"
              },{
                "ConditionBrowseLeafId":"M13429",
                "ConditionBrowseLeafName":"Rectal Neoplasms",
                "ConditionBrowseLeafAsFound":"Rectal Cancer",
                "ConditionBrowseLeafRelevance":"high"
              },{
                "ConditionBrowseLeafId":"M16473",
                "ConditionBrowseLeafName":"Colorectal Neoplasms",
                "ConditionBrowseLeafRelevance":"low"
              },{
                "ConditionBrowseLeafId":"M9031",
                "ConditionBrowseLeafName":"Intestinal Neoplasms",
                "ConditionBrowseLeafRelevance":"low"
              },{
                "ConditionBrowseLeafId":"M7469",
                "ConditionBrowseLeafName":"Gastrointestinal Neoplasms",
                "ConditionBrowseLeafRelevance":"low"
              },{
                "ConditionBrowseLeafId":"M5839",
                "ConditionBrowseLeafName":"Digestive System Neoplasms",
                "ConditionBrowseLeafRelevance":"low"
              },{
                "ConditionBrowseLeafId":"M5838",
                "ConditionBrowseLeafName":"Digestive System Diseases",
                "ConditionBrowseLeafRelevance":"low"
              },{
                "ConditionBrowseLeafId":"M7466",
                "ConditionBrowseLeafName":"Gastrointestinal Diseases",
                "ConditionBrowseLeafRelevance":"low"
              },{
                "ConditionBrowseLeafId":"M9027",
                "ConditionBrowseLeafName":"Intestinal Diseases",
                "ConditionBrowseLeafRelevance":"low"
              },{
                "ConditionBrowseLeafId":"M13427",
                "ConditionBrowseLeafName":"Rectal Diseases",
                "ConditionBrowseLeafRelevance":"low"
              },{
                "ConditionBrowseLeafId":"M6446",
                "ConditionBrowseLeafName":"Endocrine Gland Neoplasms",
                "ConditionBrowseLeafRelevance":"low"
              },{
                "ConditionBrowseLeafId":"M11555",
                "ConditionBrowseLeafName":"Ovarian Diseases",
                "ConditionBrowseLeafRelevance":"low"
              },{
                "ConditionBrowseLeafId":"M2224",
                "ConditionBrowseLeafName":"Adnexal Diseases",
                "ConditionBrowseLeafRelevance":"low"
              },{
                "ConditionBrowseLeafId":"M7528",
                "ConditionBrowseLeafName":"Genital Neoplasms, Female",
                "ConditionBrowseLeafRelevance":"low"
              },{
                "ConditionBrowseLeafId":"M15898",
                "ConditionBrowseLeafName":"Urogenital Neoplasms",
                "ConditionBrowseLeafRelevance":"low"
              },{
                "ConditionBrowseLeafId":"M6445",
                "ConditionBrowseLeafName":"Endocrine System Diseases",
                "ConditionBrowseLeafRelevance":"low"
              },{
                "ConditionBrowseLeafId":"M7746",
                "ConditionBrowseLeafName":"Gonadal Disorders",
                "ConditionBrowseLeafRelevance":"low"
              },{
                "ConditionBrowseLeafId":"M4408",
                "ConditionBrowseLeafName":"Uterine Cervical Diseases",
                "ConditionBrowseLeafRelevance":"low"
              },{
                "ConditionBrowseLeafId":"M15922",
                "ConditionBrowseLeafName":"Uterine Diseases",
                "ConditionBrowseLeafRelevance":"low"
              },{
                "ConditionBrowseLeafId":"M15903",
                "ConditionBrowseLeafName":"Urologic Neoplasms",
                "ConditionBrowseLeafRelevance":"low"
              },{
                "ConditionBrowseLeafId":"M3608",
                "ConditionBrowseLeafName":"Urinary Bladder Diseases",
                "ConditionBrowseLeafRelevance":"low"
              },{
                "ConditionBrowseLeafId":"M15902",
                "ConditionBrowseLeafName":"Urologic Diseases",
                "ConditionBrowseLeafRelevance":"low"
              },{
                "ConditionBrowseLeafId":"M7529",
                "ConditionBrowseLeafName":"Genital Neoplasms, Male",
                "ConditionBrowseLeafRelevance":"low"
              },{
                "ConditionBrowseLeafId":"M12916",
                "ConditionBrowseLeafName":"Prostatic Diseases",
                "ConditionBrowseLeafRelevance":"low"
              },{
                "ConditionBrowseLeafId":"M16171",
                "ConditionBrowseLeafName":"Vulvar Diseases",
                "ConditionBrowseLeafRelevance":"low"
              },{
                "ConditionBrowseLeafId":"M15954",
                "ConditionBrowseLeafName":"Vaginal Diseases",
                "ConditionBrowseLeafRelevance":"low"
              },{
                "ConditionBrowseLeafId":"M2901",
                "ConditionBrowseLeafName":"Anus Diseases",
                "ConditionBrowseLeafRelevance":"low"
              },{
                "ConditionBrowseLeafId":"T4352",
                "ConditionBrowseLeafName":"Ovarian Cancer",
                "ConditionBrowseLeafAsFound":"Malignant Ovarian Neoplasm",
                "ConditionBrowseLeafRelevance":"high"
              },{
                "ConditionBrowseLeafId":"T362",
                "ConditionBrowseLeafName":"Anal Cancer",
                "ConditionBrowseLeafAsFound":"Malignant Anal Neoplasm",
                "ConditionBrowseLeafRelevance":"high"
              },{
                "ConditionBrowseLeafId":"T5877",
                "ConditionBrowseLeafName":"Vulvar Cancer",
                "ConditionBrowseLeafAsFound":"Malignant Vulvar Neoplasm",
                "ConditionBrowseLeafRelevance":"high"
              },{
                "ConditionBrowseLeafId":"T5829",
                "ConditionBrowseLeafName":"Vaginal Cancer",
                "ConditionBrowseLeafAsFound":"Malignant Vaginal Neoplasm",
                "ConditionBrowseLeafRelevance":"high"
              }
            ]
          },
          "ConditionBrowseBranchList":{
            "ConditionBrowseBranch":[
              {
                "ConditionBrowseBranchAbbrev":"BC04",
                "ConditionBrowseBranchName":"Cancers and Other Neoplasms"
              },{
                "ConditionBrowseBranchAbbrev":"BXS",
                "ConditionBrowseBranchName":"Urinary Tract, Sexual Organs, and Pregnancy Conditions"
              },{
                "ConditionBrowseBranchAbbrev":"BC19",
                "ConditionBrowseBranchName":"Gland and Hormone Related Diseases"
              },{
                "ConditionBrowseBranchAbbrev":"All",
                "ConditionBrowseBranchName":"All Conditions"
              },{
                "ConditionBrowseBranchAbbrev":"BC23",
                "ConditionBrowseBranchName":"Symptoms and General Pathology"
              },{
                "ConditionBrowseBranchAbbrev":"BC06",
                "ConditionBrowseBranchName":"Digestive System Diseases"
              },{
                "ConditionBrowseBranchAbbrev":"Rare",
                "ConditionBrowseBranchName":"Rare Diseases"
              }
            ]
          }
        },
        "InterventionBrowseModule":{
          "InterventionMeshList":{
            "InterventionMesh":[
              {
                "InterventionMeshId":"D000018377",
                "InterventionMeshTerm":"Neurotransmitter Agents"
              }
            ]
          },
          "InterventionAncestorList":{
            "InterventionAncestor":[
              {
                "InterventionAncestorId":"D000045504",
                "InterventionAncestorTerm":"Molecular Mechanisms of Pharmacological Action"
              },{
                "InterventionAncestorId":"D000045505",
                "InterventionAncestorTerm":"Physiological Effects of Drugs"
              }
            ]
          },
          "InterventionBrowseLeafList":{
            "InterventionBrowseLeaf":[
              {
                "InterventionBrowseLeafId":"M19088",
                "InterventionBrowseLeafName":"Neurotransmitter Agents",
                "InterventionBrowseLeafAsFound":"Cystocele",
                "InterventionBrowseLeafRelevance":"high"
              }
            ]
          },
          "InterventionBrowseBranchList":{
            "InterventionBrowseBranch":[
              {
                "InterventionBrowseBranchAbbrev":"All",
                "InterventionBrowseBranchName":"All Drugs and Chemicals"
              }
            ]
          }
        }
      }
    }
  }
}

