{
  "FullStudy":{
    "Rank":60649,
    "Study":{
      "ProtocolSection":{
        "IdentificationModule":{
          "NCTId":"NCT04060290",
          "OrgStudyIdInfo":{
            "OrgStudyId":"CSPC-KAL-AE-01"
          },
          "Organization":{
            "OrgFullName":"CSPC ZhongQi Pharmaceutical Technology Co., Ltd.",
            "OrgClass":"INDUSTRY"
          },
          "BriefTitle":"Real-world Study for the Safety of Albumin-Bound Paclitaxel in Recurrent or Metastatic Breast Cancer",
          "OfficialTitle":"Real-world Study for the Safety of Albumin-Bound Paclitaxel in Recurrent or Metastatic Breast Cancer"
        },
        "StatusModule":{
          "StatusVerifiedDate":"August 2019",
          "OverallStatus":"Not yet recruiting",
          "ExpandedAccessInfo":{
            "HasExpandedAccess":"No"
          },
          "StartDateStruct":{
            "StartDate":"September 2019",
            "StartDateType":"Anticipated"
          },
          "PrimaryCompletionDateStruct":{
            "PrimaryCompletionDate":"September 2021",
            "PrimaryCompletionDateType":"Anticipated"
          },
          "CompletionDateStruct":{
            "CompletionDate":"February 2022",
            "CompletionDateType":"Anticipated"
          },
          "StudyFirstSubmitDate":"August 14, 2019",
          "StudyFirstSubmitQCDate":"August 14, 2019",
          "StudyFirstPostDateStruct":{
            "StudyFirstPostDate":"August 19, 2019",
            "StudyFirstPostDateType":"Actual"
          },
          "LastUpdateSubmitDate":"August 14, 2019",
          "LastUpdatePostDateStruct":{
            "LastUpdatePostDate":"August 19, 2019",
            "LastUpdatePostDateType":"Actual"
          }
        },
        "SponsorCollaboratorsModule":{
          "ResponsibleParty":{
            "ResponsiblePartyType":"Sponsor"
          },
          "LeadSponsor":{
            "LeadSponsorName":"CSPC ZhongQi Pharmaceutical Technology Co., Ltd.",
            "LeadSponsorClass":"INDUSTRY"
          }
        },
        "OversightModule":{
          "IsFDARegulatedDrug":"No",
          "IsFDARegulatedDevice":"No"
        },
        "DescriptionModule":{
          "BriefSummary":"This is a multi-center, Prospective, observational study，to evaluate the safety and influencing factors of albumin-bound paclitaxel in the real-world chinese population，and evaluate of the efficacy of albumin-bound paclitaxel in patients with recurrent or metastatic breast cancer and its impact on quality of life."
        },
        "ConditionsModule":{
          "ConditionList":{
            "Condition":[
              "Breast Cancer"
            ]
          }
        },
        "DesignModule":{
          "StudyType":"Observational",
          "PatientRegistry":"No",
          "DesignInfo":{
            "DesignObservationalModelList":{
              "DesignObservationalModel":[
                "Other"
              ]
            },
            "DesignTimePerspectiveList":{
              "DesignTimePerspective":[
                "Prospective"
              ]
            }
          },
          "EnrollmentInfo":{
            "EnrollmentCount":"1000",
            "EnrollmentType":"Anticipated"
          }
        },
        "ArmsInterventionsModule":{
          "InterventionList":{
            "Intervention":[
              {
                "InterventionType":"Other",
                "InterventionName":"Observational study",
                "InterventionDescription":"Observational study of this study, no interventions involved"
              }
            ]
          }
        },
        "OutcomesModule":{
          "PrimaryOutcomeList":{
            "PrimaryOutcome":[
              {
                "PrimaryOutcomeMeasure":"Percentage and severity of Participants With Adverse Events (AEs)",
                "PrimaryOutcomeDescription":"percentage and CTC AE(v4.0) of AEs",
                "PrimaryOutcomeTimeFrame":"28 days after the end of the last chemotherapy cycle"
              }
            ]
          },
          "SecondaryOutcomeList":{
            "SecondaryOutcome":[
              {
                "SecondaryOutcomeMeasure":"Objective response rate (ORR) Assessed Using Response Evaluation Criteria in Solid Tumors Version 1.1 (RECIST v1.1)",
                "SecondaryOutcomeDescription":"ORR is defined as the rate of CR or PR, as determined by IRC using RECIST v1.1 criteria.",
                "SecondaryOutcomeTimeFrame":"From signing informed consent，assessed up to end of study (up to approximately 24months)"
              },{
                "SecondaryOutcomeMeasure":"evaluate patients' quality of life by the European Cancer Research and Treatment Tissue Cancer Quality Core Questionnaire EORTCQLQ-C30",
                "SecondaryOutcomeDescription":"EORTC QLQC30 scale was used to score the quality of life before treatment, at each chemotherapy cycle, and at the end of treatment.",
                "SecondaryOutcomeTimeFrame":"From signing informed consent，assessed up to end of study (up to approximately 24months)"
              }
            ]
          }
        },
        "EligibilityModule":{
          "EligibilityCriteria":"Inclusion Criteria:\n\nIn patients with breast cancer who have been treated with albumin-bound paclitaxel for the treatment of metastatic breast cancer who failed to undergo chemotherapy or who have relapsed within 6 months after adjuvant chemotherapy, unless there is a clinical contraindication, the previous chemotherapy regimen must include an a anthracycline drug\n\nExclusion Criteria:\n\nNo",
          "HealthyVolunteers":"No",
          "Gender":"Female",
          "StdAgeList":{
            "StdAge":[
              "Child",
              "Adult",
              "Older Adult"
            ]
          },
          "StudyPopulation":"Recurrent or metastatic breast cancer",
          "SamplingMethod":"Non-Probability Sample"
        },
        "ContactsLocationsModule":{
          "CentralContactList":{
            "CentralContact":[
              {
                "CentralContactName":"Li guohui",
                "CentralContactRole":"Contact",
                "CentralContactPhone":"010-67714970",
                "CentralContactEMail":"zlyyliguohui@163.com"
              },{
                "CentralContactName":"Mei Dong",
                "CentralContactRole":"Contact",
                "CentralContactPhone":"0451-86298568",
                "CentralContactEMail":"13804567370@163.com"
              }
            ]
          },
          "OverallOfficialList":{
            "OverallOfficial":[
              {
                "OverallOfficialName":"Wei Zhao",
                "OverallOfficialAffiliation":"Shiyao Group Ouyi Pharmaceutical Co., Ltd.",
                "OverallOfficialRole":"Study Director"
              }
            ]
          },
          "LocationList":{
            "Location":[
              {
                "LocationFacility":"Anhui Cancer Hospital",
                "LocationCity":"Hefei",
                "LocationState":"Anhui",
                "LocationCountry":"China",
                "LocationContactList":{
                  "LocationContact":[
                    {
                      "LocationContactName":"Sun yancai",
                      "LocationContactRole":"Contact"
                    }
                  ]
                }
              },{
                "LocationFacility":"Anhui Provincial Hospital",
                "LocationCity":"Hefei",
                "LocationState":"Anhui",
                "LocationCountry":"China",
                "LocationContactList":{
                  "LocationContact":[
                    {
                      "LocationContactName":"Shen aizong",
                      "LocationContactRole":"Contact"
                    }
                  ]
                }
              },{
                "LocationFacility":"Tumor Hospital of Harbin Medical University",
                "LocationCity":"Harbin",
                "LocationState":"Heilongjiang",
                "LocationCountry":"China",
                "LocationContactList":{
                  "LocationContact":[
                    {
                      "LocationContactName":"Mei Dong",
                      "LocationContactRole":"Contact"
                    }
                  ]
                }
              },{
                "LocationFacility":"Henan Cancer Hospital",
                "LocationCity":"Zhengzhou",
                "LocationState":"Henan",
                "LocationCountry":"China",
                "LocationContactList":{
                  "LocationContact":[
                    {
                      "LocationContactName":"Zhang wenzhou",
                      "LocationContactRole":"Contact"
                    }
                  ]
                }
              },{
                "LocationFacility":"Inner Mongolia Autonomous Region Cancer Hospital",
                "LocationCity":"Hohhot",
                "LocationState":"Inner Mongolia Autonomous Region",
                "LocationCountry":"China",
                "LocationContactList":{
                  "LocationContact":[
                    {
                      "LocationContactName":"Bai zaixian",
                      "LocationContactRole":"Contact"
                    }
                  ]
                }
              },{
                "LocationFacility":"Liaoning Cancer Hospital",
                "LocationCity":"Shenyang",
                "LocationState":"Liaoning",
                "LocationCountry":"China",
                "LocationContactList":{
                  "LocationContact":[
                    {
                      "LocationContactName":"Liu Guangxuan",
                      "LocationContactRole":"Contact"
                    }
                  ]
                }
              },{
                "LocationFacility":"Cancer Hospital Chinese Academy of Medical Sciences",
                "LocationCity":"Beijing",
                "LocationCountry":"China",
                "LocationContactList":{
                  "LocationContact":[
                    {
                      "LocationContactName":"Li guohui",
                      "LocationContactRole":"Contact"
                    }
                  ]
                }
              }
            ]
          }
        },
        "IPDSharingStatementModule":{
          "IPDSharing":"Undecided"
        }
      },
      "DerivedSection":{
        "MiscInfoModule":{
          "VersionHolder":"April 19, 2021"
        },
        "ConditionBrowseModule":{
          "ConditionMeshList":{
            "ConditionMesh":[
              {
                "ConditionMeshId":"D000001943",
                "ConditionMeshTerm":"Breast Neoplasms"
              }
            ]
          },
          "ConditionAncestorList":{
            "ConditionAncestor":[
              {
                "ConditionAncestorId":"D000009371",
                "ConditionAncestorTerm":"Neoplasms by Site"
              },{
                "ConditionAncestorId":"D000009369",
                "ConditionAncestorTerm":"Neoplasms"
              },{
                "ConditionAncestorId":"D000001941",
                "ConditionAncestorTerm":"Breast Diseases"
              },{
                "ConditionAncestorId":"D000012871",
                "ConditionAncestorTerm":"Skin Diseases"
              }
            ]
          },
          "ConditionBrowseLeafList":{
            "ConditionBrowseLeaf":[
              {
                "ConditionBrowseLeafId":"M3802",
                "ConditionBrowseLeafName":"Breast Neoplasms",
                "ConditionBrowseLeafAsFound":"Breast Cancer",
                "ConditionBrowseLeafRelevance":"high"
              },{
                "ConditionBrowseLeafId":"M3800",
                "ConditionBrowseLeafName":"Breast Diseases",
                "ConditionBrowseLeafRelevance":"low"
              },{
                "ConditionBrowseLeafId":"M14257",
                "ConditionBrowseLeafName":"Skin Diseases",
                "ConditionBrowseLeafRelevance":"low"
              }
            ]
          },
          "ConditionBrowseBranchList":{
            "ConditionBrowseBranch":[
              {
                "ConditionBrowseBranchAbbrev":"BC04",
                "ConditionBrowseBranchName":"Cancers and Other Neoplasms"
              },{
                "ConditionBrowseBranchAbbrev":"BC17",
                "ConditionBrowseBranchName":"Skin and Connective Tissue Diseases"
              },{
                "ConditionBrowseBranchAbbrev":"All",
                "ConditionBrowseBranchName":"All Conditions"
              }
            ]
          }
        },
        "InterventionBrowseModule":{
          "InterventionBrowseLeafList":{
            "InterventionBrowseLeaf":[
              {
                "InterventionBrowseLeafId":"M18120",
                "InterventionBrowseLeafName":"Paclitaxel",
                "InterventionBrowseLeafRelevance":"low"
              },{
                "InterventionBrowseLeafId":"M231",
                "InterventionBrowseLeafName":"Albumin-Bound Paclitaxel",
                "InterventionBrowseLeafRelevance":"low"
              }
            ]
          },
          "InterventionBrowseBranchList":{
            "InterventionBrowseBranch":[
              {
                "InterventionBrowseBranchAbbrev":"ANeo",
                "InterventionBrowseBranchName":"Antineoplastic Agents"
              },{
                "InterventionBrowseBranchAbbrev":"All",
                "InterventionBrowseBranchName":"All Drugs and Chemicals"
              }
            ]
          }
        }
      }
    }
  }
}

