{
  "FullStudy":{
    "Rank":60027,
    "Study":{
      "ProtocolSection":{
        "IdentificationModule":{
          "NCTId":"NCT04068402",
          "OrgStudyIdInfo":{
            "OrgStudyId":"VS-001-AO"
          },
          "Organization":{
            "OrgFullName":"Avicena LLC",
            "OrgClass":"INDUSTRY"
          },
          "BriefTitle":"Vivio AS (Aortic Stenosis) Algorithm Optimization Study",
          "OfficialTitle":"Optimization of the Vivio System Algorithm as an Aid in the Identification of Heart Sounds Associated With Severe Aortic Stenosis"
        },
        "StatusModule":{
          "StatusVerifiedDate":"January 2021",
          "OverallStatus":"Enrolling by invitation",
          "ExpandedAccessInfo":{
            "HasExpandedAccess":"No"
          },
          "StartDateStruct":{
            "StartDate":"June 27, 2019",
            "StartDateType":"Actual"
          },
          "PrimaryCompletionDateStruct":{
            "PrimaryCompletionDate":"August 31, 2021",
            "PrimaryCompletionDateType":"Anticipated"
          },
          "CompletionDateStruct":{
            "CompletionDate":"September 30, 2021",
            "CompletionDateType":"Anticipated"
          },
          "StudyFirstSubmitDate":"July 25, 2019",
          "StudyFirstSubmitQCDate":"August 22, 2019",
          "StudyFirstPostDateStruct":{
            "StudyFirstPostDate":"August 28, 2019",
            "StudyFirstPostDateType":"Actual"
          },
          "LastUpdateSubmitDate":"January 11, 2021",
          "LastUpdatePostDateStruct":{
            "LastUpdatePostDate":"January 12, 2021",
            "LastUpdatePostDateType":"Actual"
          }
        },
        "SponsorCollaboratorsModule":{
          "ResponsibleParty":{
            "ResponsiblePartyType":"Sponsor"
          },
          "LeadSponsor":{
            "LeadSponsorName":"Avicena LLC",
            "LeadSponsorClass":"INDUSTRY"
          }
        },
        "OversightModule":{
          "OversightHasDMC":"No",
          "IsFDARegulatedDrug":"No",
          "IsFDARegulatedDevice":"Yes",
          "IsUnapprovedDevice":"Yes",
          "IsUSExport":"No"
        },
        "DescriptionModule":{
          "BriefSummary":"Optimize a candidate software algorithm using data collected with the Vivio system for use as an aid in the identification of heart sounds associated with severe aortic stenosis",
          "DetailedDescription":"Prospective, non-randomized, single-center study of adult subjects referred for echocardiography. Total of 200 enrolled subjects at 1 site\n\nEnrolled subjects will undergo:\n\nVivio system data capture, standard of care transthoracic echocardiogram (TTE). Vivio analysis will not be available to non-Avicena personnel"
        },
        "ConditionsModule":{
          "ConditionList":{
            "Condition":[
              "Aortic Stenosis"
            ]
          }
        },
        "DesignModule":{
          "StudyType":"Interventional",
          "PhaseList":{
            "Phase":[
              "Not Applicable"
            ]
          },
          "DesignInfo":{
            "DesignAllocation":"N/A",
            "DesignInterventionModel":"Single Group Assignment",
            "DesignPrimaryPurpose":"Diagnostic",
            "DesignMaskingInfo":{
              "DesignMasking":"None (Open Label)"
            }
          },
          "EnrollmentInfo":{
            "EnrollmentCount":"200",
            "EnrollmentType":"Anticipated"
          }
        },
        "ArmsInterventionsModule":{
          "ArmGroupList":{
            "ArmGroup":[
              {
                "ArmGroupLabel":"Treatment",
                "ArmGroupType":"Experimental",
                "ArmGroupInterventionList":{
                  "ArmGroupInterventionName":[
                    "Device: Vivio System"
                  ]
                }
              }
            ]
          },
          "InterventionList":{
            "Intervention":[
              {
                "InterventionType":"Device",
                "InterventionName":"Vivio System",
                "InterventionDescription":"The Vivio System is an electronic auscultatory device and optical sensor, plus software application intended to provide support to the physician in the evaluation of heart sounds in patients. The product will analyze the acoustic signals of the heart and signals from a captured arterial (carotid) waveform. The analysis procedure will identify and analyze specific heart sounds and arterial waveform features captured by the Vivio device, to devise a scoring system for severe aortic stenosis.",
                "InterventionArmGroupLabelList":{
                  "InterventionArmGroupLabel":[
                    "Treatment"
                  ]
                }
              }
            ]
          }
        },
        "OutcomesModule":{
          "PrimaryOutcomeList":{
            "PrimaryOutcome":[
              {
                "PrimaryOutcomeMeasure":"Primary Endpoint - Generation of an optimized algorithm that can be used to develop an algorithm for use as an aid in the identification of heart sounds associated with severe aortic stenosis.",
                "PrimaryOutcomeDescription":"Generation of an optimized algorithm that can be used to develop an algorithm for use as an aid in the identification of heart sounds associated with severe aortic stenosis.",
                "PrimaryOutcomeTimeFrame":"48 hours"
              }
            ]
          },
          "SecondaryOutcomeList":{
            "SecondaryOutcome":[
              {
                "SecondaryOutcomeMeasure":"Secondary Endpoint - Incidence of Adverse Events: Summary of all reported adverse events during the study",
                "SecondaryOutcomeDescription":"Incidence of Adverse Events: Summary of all reported adverse events during the study. Events will be summarized by seriousness (e.g. serious vs. non-serious), attribution (e.g. device vs. procedure vs. comorbidity) based upon site reported data.",
                "SecondaryOutcomeTimeFrame":"48 hours"
              }
            ]
          }
        },
        "EligibilityModule":{
          "EligibilityCriteria":"Inclusion Criteria:\n\nAdult subjects (21 years of age or older).\nReferred for transthoracic echocardiography by physician/primary care provider/cardiologist.\nWilling and able to participate in all study evaluations and allow access to medical testing and records.\nAbility to understand and sign an informed consent or have a legally authorized representative to provide informed consent on behalf of the subject.\n\nExclusion Criteria:\n\nAcute coronary syndrome, cardiogenic shock or the need for inotropic/mechanical circulatory support.\nNeed for bedside echocardiogram (inpatient).\nProsthetic device previously implanted at aortic valve position.\nInability to palpate carotid pulse\nHistory of carotid sinus hypersensitivity (i.e. fainting in response to touching or positioning the neck).\nHistory of significant carotid artery disease or treatment (surgery, stenting, > 50% stenosis in both left and right carotid artery).\nOpen skin lesions at target site of Vivio examination.",
          "HealthyVolunteers":"Accepts Healthy Volunteers",
          "Gender":"All",
          "MinimumAge":"21 Years",
          "StdAgeList":{
            "StdAge":[
              "Adult",
              "Older Adult"
            ]
          }
        },
        "ContactsLocationsModule":{
          "OverallOfficialList":{
            "OverallOfficial":[
              {
                "OverallOfficialName":"Sean Brady, JD",
                "OverallOfficialAffiliation":"Avicena LLC",
                "OverallOfficialRole":"Study Director"
              }
            ]
          },
          "LocationList":{
            "Location":[
              {
                "LocationFacility":"Spectrum Health",
                "LocationCity":"Grand Rapids",
                "LocationState":"Michigan",
                "LocationZip":"49503",
                "LocationCountry":"United States"
              }
            ]
          }
        }
      },
      "DerivedSection":{
        "MiscInfoModule":{
          "VersionHolder":"April 19, 2021"
        },
        "ConditionBrowseModule":{
          "ConditionMeshList":{
            "ConditionMesh":[
              {
                "ConditionMeshId":"D000001024",
                "ConditionMeshTerm":"Aortic Valve Stenosis"
              },{
                "ConditionMeshId":"D000003251",
                "ConditionMeshTerm":"Constriction, Pathologic"
              }
            ]
          },
          "ConditionAncestorList":{
            "ConditionAncestor":[
              {
                "ConditionAncestorId":"D000020763",
                "ConditionAncestorTerm":"Pathological Conditions, Anatomical"
              },{
                "ConditionAncestorId":"D000006349",
                "ConditionAncestorTerm":"Heart Valve Diseases"
              },{
                "ConditionAncestorId":"D000006331",
                "ConditionAncestorTerm":"Heart Diseases"
              },{
                "ConditionAncestorId":"D000002318",
                "ConditionAncestorTerm":"Cardiovascular Diseases"
              },{
                "ConditionAncestorId":"D000014694",
                "ConditionAncestorTerm":"Ventricular Outflow Obstruction"
              }
            ]
          },
          "ConditionBrowseLeafList":{
            "ConditionBrowseLeaf":[
              {
                "ConditionBrowseLeafId":"M5058",
                "ConditionBrowseLeafName":"Constriction, Pathologic",
                "ConditionBrowseLeafAsFound":"Stenosis",
                "ConditionBrowseLeafRelevance":"high"
              },{
                "ConditionBrowseLeafId":"M2921",
                "ConditionBrowseLeafName":"Aortic Valve Stenosis",
                "ConditionBrowseLeafAsFound":"Aortic Stenosis",
                "ConditionBrowseLeafRelevance":"high"
              },{
                "ConditionBrowseLeafId":"M21103",
                "ConditionBrowseLeafName":"Pathological Conditions, Anatomical",
                "ConditionBrowseLeafRelevance":"low"
              },{
                "ConditionBrowseLeafId":"M8020",
                "ConditionBrowseLeafName":"Heart Valve Diseases",
                "ConditionBrowseLeafRelevance":"low"
              },{
                "ConditionBrowseLeafId":"M8002",
                "ConditionBrowseLeafName":"Heart Diseases",
                "ConditionBrowseLeafRelevance":"low"
              },{
                "ConditionBrowseLeafId":"M16023",
                "ConditionBrowseLeafName":"Ventricular Outflow Obstruction",
                "ConditionBrowseLeafRelevance":"low"
              },{
                "ConditionBrowseLeafId":"T449",
                "ConditionBrowseLeafName":"Aortic Valve Stenosis",
                "ConditionBrowseLeafAsFound":"Aortic Stenosis",
                "ConditionBrowseLeafRelevance":"high"
              }
            ]
          },
          "ConditionBrowseBranchList":{
            "ConditionBrowseBranch":[
              {
                "ConditionBrowseBranchAbbrev":"BC23",
                "ConditionBrowseBranchName":"Symptoms and General Pathology"
              },{
                "ConditionBrowseBranchAbbrev":"All",
                "ConditionBrowseBranchName":"All Conditions"
              },{
                "ConditionBrowseBranchAbbrev":"BC14",
                "ConditionBrowseBranchName":"Heart and Blood Diseases"
              },{
                "ConditionBrowseBranchAbbrev":"Rare",
                "ConditionBrowseBranchName":"Rare Diseases"
              }
            ]
          }
        }
      }
    }
  }
}

