{
  "FullStudy":{
    "Rank":59937,
    "Study":{
      "ProtocolSection":{
        "IdentificationModule":{
          "NCTId":"NCT04069572",
          "OrgStudyIdInfo":{
            "OrgStudyId":"52019"
          },
          "Organization":{
            "OrgFullName":"Stanford University",
            "OrgClass":"OTHER"
          },
          "BriefTitle":"Vibratory Stimulation for the Treatment of Chronic Pain",
          "OfficialTitle":"Patterned Multichannel Vibratory Coordinated Reset (VCR) Stimulation for the Treatment of Chronic Pain"
        },
        "StatusModule":{
          "StatusVerifiedDate":"October 2020",
          "OverallStatus":"Not yet recruiting",
          "ExpandedAccessInfo":{
            "HasExpandedAccess":"No"
          },
          "StartDateStruct":{
            "StartDate":"September 2021",
            "StartDateType":"Anticipated"
          },
          "PrimaryCompletionDateStruct":{
            "PrimaryCompletionDate":"September 2022",
            "PrimaryCompletionDateType":"Anticipated"
          },
          "CompletionDateStruct":{
            "CompletionDate":"December 2022",
            "CompletionDateType":"Anticipated"
          },
          "StudyFirstSubmitDate":"August 23, 2019",
          "StudyFirstSubmitQCDate":"August 23, 2019",
          "StudyFirstPostDateStruct":{
            "StudyFirstPostDate":"August 28, 2019",
            "StudyFirstPostDateType":"Actual"
          },
          "LastUpdateSubmitDate":"October 20, 2020",
          "LastUpdatePostDateStruct":{
            "LastUpdatePostDate":"October 22, 2020",
            "LastUpdatePostDateType":"Actual"
          }
        },
        "SponsorCollaboratorsModule":{
          "ResponsibleParty":{
            "ResponsiblePartyType":"Principal Investigator",
            "ResponsiblePartyInvestigatorFullName":"Jennifer Hah",
            "ResponsiblePartyInvestigatorTitle":"Assistnat Professor",
            "ResponsiblePartyInvestigatorAffiliation":"Stanford University"
          },
          "LeadSponsor":{
            "LeadSponsorName":"Stanford University",
            "LeadSponsorClass":"OTHER"
          }
        },
        "OversightModule":{
          "OversightHasDMC":"No",
          "IsFDARegulatedDrug":"No",
          "IsFDARegulatedDevice":"No"
        },
        "DescriptionModule":{
          "BriefSummary":"The purpose of this study is to perform a first in man study with VCR stimulation of the belly and back for patients with chronic pain conditions including pelvic pain, functional abdominal pain, or low back pain. This study will also examine VCR stimulation of the temporal region for patients with migraine with or without aura. Additional goals of the study will be to determine the safety, tolerability, and acceptability of VCR stimulation for the treatment of these pain conditions."
        },
        "ConditionsModule":{
          "ConditionList":{
            "Condition":[
              "Chronic Pain",
              "Pelvic Pain",
              "Functional Abdominal Pain Syndrome",
              "Low Back Pain",
              "Migraine"
            ]
          }
        },
        "DesignModule":{
          "StudyType":"Interventional",
          "PhaseList":{
            "Phase":[
              "Not Applicable"
            ]
          },
          "DesignInfo":{
            "DesignAllocation":"Randomized",
            "DesignInterventionModel":"Crossover Assignment",
            "DesignPrimaryPurpose":"Treatment",
            "DesignMaskingInfo":{
              "DesignMasking":"Double",
              "DesignWhoMaskedList":{
                "DesignWhoMasked":[
                  "Participant",
                  "Outcomes Assessor"
                ]
              }
            }
          },
          "EnrollmentInfo":{
            "EnrollmentCount":"50",
            "EnrollmentType":"Anticipated"
          }
        },
        "ArmsInterventionsModule":{
          "ArmGroupList":{
            "ArmGroup":[
              {
                "ArmGroupLabel":"Vibrotactile Stimulation",
                "ArmGroupType":"Experimental",
                "ArmGroupInterventionList":{
                  "ArmGroupInterventionName":[
                    "Device: Vibrotactile Stimulation"
                  ]
                }
              },{
                "ArmGroupLabel":"Sham Stimulation",
                "ArmGroupType":"Sham Comparator",
                "ArmGroupInterventionList":{
                  "ArmGroupInterventionName":[
                    "Device: Sham Stimulation"
                  ]
                }
              }
            ]
          },
          "InterventionList":{
            "Intervention":[
              {
                "InterventionType":"Device",
                "InterventionName":"Vibrotactile Stimulation",
                "InterventionDescription":"Application of VCR stimulation to the belly and back of patients with pelvic pain, functional abdominal pain, or low back pain or to the temporal region for patients with migraine.",
                "InterventionArmGroupLabelList":{
                  "InterventionArmGroupLabel":[
                    "Vibrotactile Stimulation"
                  ]
                }
              },{
                "InterventionType":"Device",
                "InterventionName":"Sham Stimulation",
                "InterventionDescription":"Low-frequency sham of VCR stimulation",
                "InterventionArmGroupLabelList":{
                  "InterventionArmGroupLabel":[
                    "Sham Stimulation"
                  ]
                }
              }
            ]
          }
        },
        "OutcomesModule":{
          "PrimaryOutcomeList":{
            "PrimaryOutcome":[
              {
                "PrimaryOutcomeMeasure":"Treatment Responder",
                "PrimaryOutcomeDescription":"Proportion of subjects in the treatment vs. placebo groups that are responders with greater than or equal to 50% reductions in average pain (in the primary pain area) comparing the average pain score from the 7-day baseline diary pre-treatment to the average scores based on 7-day diaries at the end of the primary outcome interval",
                "PrimaryOutcomeTimeFrame":"30 days"
              },{
                "PrimaryOutcomeMeasure":"Change in Opioid Use",
                "PrimaryOutcomeDescription":"Change in opioid use in daily oral morphine equivalents from the average 7-day baseline use to the post-treatment use in the 7 days at the end of the primary outcome interval.",
                "PrimaryOutcomeTimeFrame":"30 days"
              }
            ]
          },
          "SecondaryOutcomeList":{
            "SecondaryOutcome":[
              {
                "SecondaryOutcomeMeasure":"Adverse Events",
                "SecondaryOutcomeDescription":"The proportion of adverse events occurring in the treatment vs. placebo groups",
                "SecondaryOutcomeTimeFrame":"60 days"
              },{
                "SecondaryOutcomeMeasure":"Secondary Treatment Response After Crossover",
                "SecondaryOutcomeDescription":"The proportion of subjects in the treatment vs. placebo groups that are responders at the end of 60 days comparing the average pain score from the 7- day baseline diary pre-treatment to the reported pain score at the end of the 60 day interval.",
                "SecondaryOutcomeTimeFrame":"60 days"
              },{
                "SecondaryOutcomeMeasure":"Change in monthly migraine days",
                "SecondaryOutcomeDescription":"For patients with migraine, change in monthly migraine days between the 30 days before randomization and the end of the primary outcome interval.",
                "SecondaryOutcomeTimeFrame":"30 days"
              },{
                "SecondaryOutcomeMeasure":"Treatment Engagement",
                "SecondaryOutcomeDescription":"Treatment engagement is defined as participation in >50% of home treatment sessions.",
                "SecondaryOutcomeTimeFrame":"30 days"
              },{
                "SecondaryOutcomeMeasure":"Treatment Initiation",
                "SecondaryOutcomeDescription":"Treatment initiation is defined as participation in at least 1 home treatment session. session.",
                "SecondaryOutcomeTimeFrame":"30 days"
              }
            ]
          }
        },
        "EligibilityModule":{
          "EligibilityCriteria":"Inclusion Criteria:\n\nAge greater than or equal to 18 years old.\nDiagnosis of either chronic pelvic pain, functional abdominal pain, axial low back pain, or migraine with or without aura of at least 3 months duration.\nEnglish speaking\nAbility and willingness to complete questionnaires and in-person assessments\nCurrent average daily pain score of greater than or equal to 4 on the Numeric Rating Scale of Pain (0-10 scale)\nFor patients with migraine diagnosis they must report at least 2 headaches in the baseline headache diary in the 30 days preceding randomization.\n\nExclusion Criteria:\n\nAny conditions causing inability to complete assessments (education, cognitive ability, mental status, medical status)\nAny significant psychiatric problems, including acute confusional state (delirium), ongoing psychosis, or clinically significant depression\nAny suicidality as assessed by answer of greater than 0 on question 9 the PHQ-9 assessing suicidal thoughts.\nAny current illicit drug or alcohol abuse.\nAny history of recurrent or unprovoked seizures.\nParticipation in another drug, device, or biologics trial concurrently or within the preceding 30 days.\nPregnancy, breast-feeding or lack of reliable contraception\nChanges in pain medications in the previous 4 weeks\nImplanted electrical stimulation device.\nSkin infection over stimulation sites.\nAny pain interventions in the preceding 6 weeks (epidural steroid injection, sympathetic block, peripheral nerve block, lumbar medial branch blocks) Any botulinum toxin injection in the previous 3 months\n\nFor patients with migraine diagnosis additional exclusion criteria include receipt of preventive anti-migraine treatment in the past 3 months, failure on greater than or equal to 3 well-conducted preventive drug trials, concurrent medication overuse headache diagnosis, and concurrent frequent/chronic tension type headache.\n\n4. Frequent/chronic tension type headache",
          "HealthyVolunteers":"No",
          "Gender":"All",
          "MinimumAge":"18 Years",
          "StdAgeList":{
            "StdAge":[
              "Adult",
              "Older Adult"
            ]
          }
        },
        "ContactsLocationsModule":{
          "CentralContactList":{
            "CentralContact":[
              {
                "CentralContactName":"Corinne Jung, PhD",
                "CentralContactRole":"Contact",
                "CentralContactPhone":"650-724-0522",
                "CentralContactEMail":"cejung@stanford.edu"
              }
            ]
          },
          "OverallOfficialList":{
            "OverallOfficial":[
              {
                "OverallOfficialName":"Jennifer M Hah, MD",
                "OverallOfficialAffiliation":"Stanford University",
                "OverallOfficialRole":"Principal Investigator"
              }
            ]
          }
        },
        "IPDSharingStatementModule":{
          "IPDSharing":"No"
        }
      },
      "DerivedSection":{
        "MiscInfoModule":{
          "VersionHolder":"April 19, 2021"
        },
        "ConditionBrowseModule":{
          "ConditionMeshList":{
            "ConditionMesh":[
              {
                "ConditionMeshId":"D000017116",
                "ConditionMeshTerm":"Low Back Pain"
              },{
                "ConditionMeshId":"D000059350",
                "ConditionMeshTerm":"Chronic Pain"
              },{
                "ConditionMeshId":"D000017699",
                "ConditionMeshTerm":"Pelvic Pain"
              },{
                "ConditionMeshId":"D000015746",
                "ConditionMeshTerm":"Abdominal Pain"
              }
            ]
          },
          "ConditionAncestorList":{
            "ConditionAncestor":[
              {
                "ConditionAncestorId":"D000001416",
                "ConditionAncestorTerm":"Back Pain"
              },{
                "ConditionAncestorId":"D000010146",
                "ConditionAncestorTerm":"Pain"
              },{
                "ConditionAncestorId":"D000009461",
                "ConditionAncestorTerm":"Neurologic Manifestations"
              },{
                "ConditionAncestorId":"D000012817",
                "ConditionAncestorTerm":"Signs and Symptoms, Digestive"
              }
            ]
          },
          "ConditionBrowseLeafList":{
            "ConditionBrowseLeaf":[
              {
                "ConditionBrowseLeafId":"M28029",
                "ConditionBrowseLeafName":"Chronic Pain",
                "ConditionBrowseLeafAsFound":"Chronic Pain",
                "ConditionBrowseLeafRelevance":"high"
              },{
                "ConditionBrowseLeafId":"M3295",
                "ConditionBrowseLeafName":"Back Pain",
                "ConditionBrowseLeafRelevance":"low"
              },{
                "ConditionBrowseLeafId":"M18016",
                "ConditionBrowseLeafName":"Low Back Pain",
                "ConditionBrowseLeafAsFound":"Low Back Pain",
                "ConditionBrowseLeafRelevance":"high"
              },{
                "ConditionBrowseLeafId":"M14938",
                "ConditionBrowseLeafName":"Syndrome",
                "ConditionBrowseLeafRelevance":"low"
              },{
                "ConditionBrowseLeafId":"M10435",
                "ConditionBrowseLeafName":"Migraine Disorders",
                "ConditionBrowseLeafRelevance":"low"
              },{
                "ConditionBrowseLeafId":"M16894",
                "ConditionBrowseLeafName":"Abdominal Pain",
                "ConditionBrowseLeafAsFound":"Abdominal Pain",
                "ConditionBrowseLeafRelevance":"high"
              },{
                "ConditionBrowseLeafId":"M11649",
                "ConditionBrowseLeafName":"Pain",
                "ConditionBrowseLeafRelevance":"low"
              },{
                "ConditionBrowseLeafId":"M18501",
                "ConditionBrowseLeafName":"Pelvic Pain",
                "ConditionBrowseLeafAsFound":"Pelvic Pain",
                "ConditionBrowseLeafRelevance":"high"
              },{
                "ConditionBrowseLeafId":"M10987",
                "ConditionBrowseLeafName":"Neurologic Manifestations",
                "ConditionBrowseLeafRelevance":"low"
              },{
                "ConditionBrowseLeafId":"M14205",
                "ConditionBrowseLeafName":"Signs and Symptoms, Digestive",
                "ConditionBrowseLeafRelevance":"low"
              }
            ]
          },
          "ConditionBrowseBranchList":{
            "ConditionBrowseBranch":[
              {
                "ConditionBrowseBranchAbbrev":"BC23",
                "ConditionBrowseBranchName":"Symptoms and General Pathology"
              },{
                "ConditionBrowseBranchAbbrev":"All",
                "ConditionBrowseBranchName":"All Conditions"
              },{
                "ConditionBrowseBranchAbbrev":"BC10",
                "ConditionBrowseBranchName":"Nervous System Diseases"
              }
            ]
          }
        }
      }
    }
  }
}

