{
  "FullStudy":{
    "Rank":59972,
    "Study":{
      "ProtocolSection":{
        "IdentificationModule":{
          "NCTId":"NCT04069117",
          "OrgStudyIdInfo":{
            "OrgStudyId":"R.19.07.557"
          },
          "Organization":{
            "OrgFullName":"Mansoura University Hospital",
            "OrgClass":"OTHER"
          },
          "BriefTitle":"Follicular Synchronization in PCOS Patients Undergoing ICSI",
          "OfficialTitle":"Follicular Synchronization in Polycystic Ovarian Syndrome Patients Undergoing Intracytoplasmatic Sperm Injection With Letrozole /Antagonist Protocol: A Randomized Controlled Trial"
        },
        "StatusModule":{
          "StatusVerifiedDate":"August 2020",
          "OverallStatus":"Recruiting",
          "ExpandedAccessInfo":{
            "HasExpandedAccess":"No"
          },
          "StartDateStruct":{
            "StartDate":"August 1, 2019",
            "StartDateType":"Actual"
          },
          "PrimaryCompletionDateStruct":{
            "PrimaryCompletionDate":"August 2021",
            "PrimaryCompletionDateType":"Anticipated"
          },
          "CompletionDateStruct":{
            "CompletionDate":"December 2021",
            "CompletionDateType":"Anticipated"
          },
          "StudyFirstSubmitDate":"August 23, 2019",
          "StudyFirstSubmitQCDate":"August 23, 2019",
          "StudyFirstPostDateStruct":{
            "StudyFirstPostDate":"August 28, 2019",
            "StudyFirstPostDateType":"Actual"
          },
          "LastUpdateSubmitDate":"August 29, 2020",
          "LastUpdatePostDateStruct":{
            "LastUpdatePostDate":"September 1, 2020",
            "LastUpdatePostDateType":"Actual"
          }
        },
        "SponsorCollaboratorsModule":{
          "ResponsibleParty":{
            "ResponsiblePartyType":"Principal Investigator",
            "ResponsiblePartyInvestigatorFullName":"Mohamed Taman",
            "ResponsiblePartyInvestigatorTitle":"lecturer",
            "ResponsiblePartyInvestigatorAffiliation":"Mansoura University Hospital"
          },
          "LeadSponsor":{
            "LeadSponsorName":"Mansoura University Hospital",
            "LeadSponsorClass":"OTHER"
          }
        },
        "OversightModule":{
          "IsFDARegulatedDrug":"Yes",
          "IsFDARegulatedDevice":"No",
          "IsUSExport":"Yes"
        },
        "DescriptionModule":{
          "BriefSummary":"The use of GnRH antagonist protocol nowadays is the slandered protocol of controlled ovarian stimulation in patients with poly cystic ovarian syndrome (PCOS) because it decreases the incidence of OHSS(1, 2). However, this protocol may lead to asynchronous growth of follicles with an early dominant follicle specially in PCOS patients(3). In most of cases this phenomenon will affect the IVF outcomes(2, 4) Aromatase inhibitors (AIs) nowadays is recommended to be used for ovulation induction in patients with PCOS (5, 6).It has fewer side effects, and a shorter half-life than clomiphene citrate(CC), and no effect ON the endometrial receptivity. It is used in treating patients with chronic anovulation, unexplained infertility and poor ovarian reserve(7). It acts through decreasing estrogen levels and allows follicle stimulating hormone (FSH) release from the hypothalamus (8, 9). It could be used alone or with combination with human menopausal gonadotropin (HMG) specially in patients with CC resistant(10-13). It also improves the ovarian response to FSH when they are used in combination and it decreases the risk of OHSS (14).\n\nThis study aims to evaluate the effect of uses of letrozole in combination with HMG during ovarian stimulation in patients having PCOS undergoing IVF/ICSI on the follicular growth pattern, synchronized growth of follicles, maturity of oocyte and the quality of embryos.",
          "DetailedDescription":"Participants in this study will be group of subfertile women undergoing IVF/ ICSI trial and having polycystic ovarian syndrome Inclusion criteria\n\nAges ≥20 and <40 years old\nWomen having the diagnosis of polycystic ovarian syndrome according to Rotterdam criteria (15)\n\nWomen who have at least one of the following indications for IVF or ICSI:\n\nResistance to slandered ovulation induction and life style modification\nTubal factors: unilateral or bilateral tubal obstruction, unilateral or bilateral salpingectomy or tubal ligation\nMale factors: oligoasthenozoospermia or obstructive azoospermia Exclusion criteria\n\n1. Women with unexplained infertility. 2. women with poor ovarian reserve according to Bologna criteria (16). 3. Couples with known chromosomal abnormalities. 4. Women who refuse to participate in this study.\n\nMethods\n\npatients will be randomly assigned into two groups (100 patients in each group): letrozole group (study group) and non letrozole group (control group). Treatment assignment will be blinded to patients, physicians, and nursing staff.\nAll patients will receive combined oral pills before stimulation.\nletrozole 2.5mg twice daily (Femara; Novartis Pharma Services, Basel, Switzerland) will be given for 5 days starting from the second day of menstruation in combination with low dose step up stimulation with recombinant FSH in the study group.\nAllocated patients will be randomized into either of two groups."
        },
        "ConditionsModule":{
          "ConditionList":{
            "Condition":[
              "Polycystic Ovarian Syndrome"
            ]
          }
        },
        "DesignModule":{
          "StudyType":"Interventional",
          "PhaseList":{
            "Phase":[
              "Phase 4"
            ]
          },
          "DesignInfo":{
            "DesignAllocation":"Randomized",
            "DesignInterventionModel":"Parallel Assignment",
            "DesignInterventionModelDescription":"randomized controlled trial",
            "DesignPrimaryPurpose":"Treatment",
            "DesignMaskingInfo":{
              "DesignMasking":"Triple",
              "DesignMaskingDescription":"double blinded clinical trial",
              "DesignWhoMaskedList":{
                "DesignWhoMasked":[
                  "Participant",
                  "Investigator",
                  "Outcomes Assessor"
                ]
              }
            }
          },
          "EnrollmentInfo":{
            "EnrollmentCount":"200",
            "EnrollmentType":"Anticipated"
          }
        },
        "ArmsInterventionsModule":{
          "ArmGroupList":{
            "ArmGroup":[
              {
                "ArmGroupLabel":"• Study group",
                "ArmGroupType":"Active Comparator",
                "ArmGroupDescription":"It contains 100 patients will undergo ovarian stimulation with letrozole 2.5mg twice daily (Femara; Novartis Pharma Services, Basel, Switzerland) for 5 days starting from the first day of menstruation in combination with low dose step up stimulation with recombinant FSH starting in the third day of menstruation.",
                "ArmGroupInterventionList":{
                  "ArmGroupInterventionName":[
                    "Drug: letrozole 2.5mg (Femara; Novartis Pharma Services, Basel, Switzerland)"
                  ]
                }
              },{
                "ArmGroupLabel":"• Control group",
                "ArmGroupType":"No Intervention",
                "ArmGroupDescription":"It contains 100 patients will undergo ovarian stimulation with low dose step up stimulation with recombinant FSH starting in the third day of menstruation"
              }
            ]
          },
          "InterventionList":{
            "Intervention":[
              {
                "InterventionType":"Drug",
                "InterventionName":"letrozole 2.5mg (Femara; Novartis Pharma Services, Basel, Switzerland)",
                "InterventionDescription":"letrozole /antagonist protocol",
                "InterventionArmGroupLabelList":{
                  "InterventionArmGroupLabel":[
                    "• Study group"
                  ]
                },
                "InterventionOtherNameList":{
                  "InterventionOtherName":[
                    "letroz 2.5mg (Sun Pharmaceuticals Industries Ltd.,India)"
                  ]
                }
              }
            ]
          }
        },
        "OutcomesModule":{
          "PrimaryOutcomeList":{
            "PrimaryOutcome":[
              {
                "PrimaryOutcomeMeasure":"the number of asynchronized follicles in both groups",
                "PrimaryOutcomeDescription":"• Asynchronization will considered when there is a difference of at least 2 mm between the dominant follicle and other follicles",
                "PrimaryOutcomeTimeFrame":"30 min"
              }
            ]
          }
        },
        "EligibilityModule":{
          "EligibilityCriteria":"Inclusion Criteria:\n\n1. Ages ≥20 and <40 years old 2. Women having the diagnosis of polycystic ovarian syndrome according to Rotterdam criteria (15) 3. Women who have at least one of the following indications for IVF or ICSI:\n\nResistance to slandered ovulation induction and life style modification\nTubal factors: unilateral or bilateral tubal obstruction, unilateral or bilateral salpingectomy or tubal ligation\nMale factors: oligoasthenozoospermia or obstructive azoospermia\n\nExclusion Criteria:\n\n1. Women with unexplained infertility. 2. women with poor ovarian reserve according to Bologna criteria (16). 3. Couples with known chromosomal abnormalities. 4. Women who refuse to participate in this study.",
          "HealthyVolunteers":"No",
          "Gender":"Female",
          "GenderBased":"Yes",
          "GenderDescription":"subfertile women undergoing IVF/ ICSI trial and having polycystic ovarian syndrome",
          "MinimumAge":"20 Years",
          "MaximumAge":"40 Years",
          "StdAgeList":{
            "StdAge":[
              "Adult"
            ]
          }
        },
        "ContactsLocationsModule":{
          "CentralContactList":{
            "CentralContact":[
              {
                "CentralContactName":"Mohamed E Taman, MD",
                "CentralContactRole":"Contact",
                "CentralContactPhone":"+2001063516395",
                "CentralContactEMail":"dr_mohammed_elsayed@mans.edu.eg"
              },{
                "CentralContactName":"Mohamed E Taman, MD",
                "CentralContactRole":"Contact",
                "CentralContactPhone":"+2001063516395",
                "CentralContactEMail":"dr_mohammed-elsayed@hotmail.com"
              }
            ]
          },
          "OverallOfficialList":{
            "OverallOfficial":[
              {
                "OverallOfficialName":"Mohamed E Taman, MD",
                "OverallOfficialAffiliation":"Faculty of Medicine - Mansoura University",
                "OverallOfficialRole":"Principal Investigator"
              }
            ]
          },
          "LocationList":{
            "Location":[
              {
                "LocationFacility":"Faculty of Medicine",
                "LocationStatus":"Recruiting",
                "LocationCity":"Mansoura",
                "LocationState":"Dakahlia",
                "LocationZip":"050",
                "LocationCountry":"Egypt",
                "LocationContactList":{
                  "LocationContact":[
                    {
                      "LocationContactName":"Mohamed E. Taman, MD",
                      "LocationContactRole":"Contact",
                      "LocationContactPhone":"+201063516395",
                      "LocationContactEMail":"dr_mohammed_elsayed@mans.edu.eg"
                    }
                  ]
                }
              }
            ]
          }
        },
        "ReferencesModule":{
          "ReferenceList":{
            "Reference":[
              {
                "ReferencePMID":"27126581",
                "ReferenceType":"background",
                "ReferenceCitation":"Al-Inany HG, Youssef MA, Ayeleke RO, Brown J, Lam WS, Broekmans FJ. Gonadotrophin-releasing hormone antagonists for assisted reproductive technology. Cochrane Database Syst Rev. 2016 Apr 29;4:CD001750. doi: 10.1002/14651858.CD001750.pub4. Review."
              },{
                "ReferencePMID":"30052961",
                "ReferenceType":"background",
                "ReferenceCitation":"Teede HJ, Misso ML, Costello MF, Dokras A, Laven J, Moran L, Piltonen T, Norman RJ; International PCOS Network. Recommendations from the international evidence-based guideline for the assessment and management of polycystic ovary syndrome. Hum Reprod. 2018 Sep 1;33(9):1602-1618. doi: 10.1093/humrep/dey256. Erratum in: Hum Reprod. 2019 Feb 1;34(2):388."
              },{
                "ReferencePMID":"28119448",
                "ReferenceType":"background",
                "ReferenceCitation":"Wang R, Mol BW. The Rotterdam criteria for polycystic ovary syndrome: evidence-based criteria? Hum Reprod. 2017 Feb;32(2):261-264. doi: 10.1093/humrep/dew287. Epub 2016 Nov 9."
              },{
                "ReferencePMID":"25008235",
                "ReferenceType":"background",
                "ReferenceCitation":"Ferraretti AP, Gianaroli L. The Bologna criteria for the definition of poor ovarian responders: is there a need for revision? Hum Reprod. 2014 Sep;29(9):1842-5. doi: 10.1093/humrep/deu139. Epub 2014 Jul 9."
              },{
                "ReferencePMID":"29797697",
                "ReferenceType":"background",
                "ReferenceCitation":"Franik S, Eltrop SM, Kremer JA, Kiesel L, Farquhar C. Aromatase inhibitors (letrozole) for subfertile women with polycystic ovary syndrome. Cochrane Database Syst Rev. 2018 May 24;5:CD010287. doi: 10.1002/14651858.CD010287.pub3. Review."
              },{
                "ReferencePMID":"28277124",
                "ReferenceType":"background",
                "ReferenceCitation":"Zhao Y, Ruan X, Mueck AO. Letrozole combined with low dose highly purified HMG for ovulation induction in clomiphene citrate-resistant infertile Chinese women with polycystic ovary syndrome: a prospective study. Gynecol Endocrinol. 2017 Jun;33(6):462-466. doi: 10.1080/09513590.2017.1292241. Epub 2017 Feb 28."
              },{
                "ReferencePMID":"28143834",
                "ReferenceType":"background",
                "ReferenceCitation":"Wang R, Kim BV, van Wely M, Johnson NP, Costello MF, Zhang H, Ng EH, Legro RS, Bhattacharya S, Norman RJ, Mol BW. Treatment strategies for women with WHO group II anovulation: systematic review and network meta-analysis. BMJ. 2017 Jan 31;356:j138. doi: 10.1136/bmj.j138. Review."
              }
            ]
          }
        },
        "IPDSharingStatementModule":{
          "IPDSharing":"No"
        }
      },
      "DerivedSection":{
        "MiscInfoModule":{
          "VersionHolder":"April 19, 2021"
        },
        "ConditionBrowseModule":{
          "ConditionMeshList":{
            "ConditionMesh":[
              {
                "ConditionMeshId":"D000011085",
                "ConditionMeshTerm":"Polycystic Ovary Syndrome"
              },{
                "ConditionMeshId":"D000013577",
                "ConditionMeshTerm":"Syndrome"
              }
            ]
          },
          "ConditionAncestorList":{
            "ConditionAncestor":[
              {
                "ConditionAncestorId":"D000004194",
                "ConditionAncestorTerm":"Disease"
              },{
                "ConditionAncestorId":"D000010335",
                "ConditionAncestorTerm":"Pathologic Processes"
              },{
                "ConditionAncestorId":"D000010048",
                "ConditionAncestorTerm":"Ovarian Cysts"
              },{
                "ConditionAncestorId":"D000003560",
                "ConditionAncestorTerm":"Cysts"
              },{
                "ConditionAncestorId":"D000009369",
                "ConditionAncestorTerm":"Neoplasms"
              },{
                "ConditionAncestorId":"D000010049",
                "ConditionAncestorTerm":"Ovarian Diseases"
              },{
                "ConditionAncestorId":"D000000291",
                "ConditionAncestorTerm":"Adnexal Diseases"
              },{
                "ConditionAncestorId":"D000006058",
                "ConditionAncestorTerm":"Gonadal Disorders"
              },{
                "ConditionAncestorId":"D000004700",
                "ConditionAncestorTerm":"Endocrine System Diseases"
              }
            ]
          },
          "ConditionBrowseLeafList":{
            "ConditionBrowseLeaf":[
              {
                "ConditionBrowseLeafId":"M14938",
                "ConditionBrowseLeafName":"Syndrome",
                "ConditionBrowseLeafAsFound":"Syndrome",
                "ConditionBrowseLeafRelevance":"high"
              },{
                "ConditionBrowseLeafId":"M12553",
                "ConditionBrowseLeafName":"Polycystic Ovary Syndrome",
                "ConditionBrowseLeafAsFound":"Polycystic Ovarian Syndrome",
                "ConditionBrowseLeafRelevance":"high"
              },{
                "ConditionBrowseLeafId":"M11554",
                "ConditionBrowseLeafName":"Ovarian Cysts",
                "ConditionBrowseLeafRelevance":"low"
              },{
                "ConditionBrowseLeafId":"M5348",
                "ConditionBrowseLeafName":"Cysts",
                "ConditionBrowseLeafRelevance":"low"
              },{
                "ConditionBrowseLeafId":"M11555",
                "ConditionBrowseLeafName":"Ovarian Diseases",
                "ConditionBrowseLeafRelevance":"low"
              },{
                "ConditionBrowseLeafId":"M2224",
                "ConditionBrowseLeafName":"Adnexal Diseases",
                "ConditionBrowseLeafRelevance":"low"
              },{
                "ConditionBrowseLeafId":"M7746",
                "ConditionBrowseLeafName":"Gonadal Disorders",
                "ConditionBrowseLeafRelevance":"low"
              },{
                "ConditionBrowseLeafId":"M6445",
                "ConditionBrowseLeafName":"Endocrine System Diseases",
                "ConditionBrowseLeafRelevance":"low"
              }
            ]
          },
          "ConditionBrowseBranchList":{
            "ConditionBrowseBranch":[
              {
                "ConditionBrowseBranchAbbrev":"BC23",
                "ConditionBrowseBranchName":"Symptoms and General Pathology"
              },{
                "ConditionBrowseBranchAbbrev":"All",
                "ConditionBrowseBranchName":"All Conditions"
              },{
                "ConditionBrowseBranchAbbrev":"BC04",
                "ConditionBrowseBranchName":"Cancers and Other Neoplasms"
              },{
                "ConditionBrowseBranchAbbrev":"BXS",
                "ConditionBrowseBranchName":"Urinary Tract, Sexual Organs, and Pregnancy Conditions"
              },{
                "ConditionBrowseBranchAbbrev":"BC19",
                "ConditionBrowseBranchName":"Gland and Hormone Related Diseases"
              }
            ]
          }
        },
        "InterventionBrowseModule":{
          "InterventionMeshList":{
            "InterventionMesh":[
              {
                "InterventionMeshId":"D000077289",
                "InterventionMeshTerm":"Letrozole"
              }
            ]
          },
          "InterventionAncestorList":{
            "InterventionAncestor":[
              {
                "InterventionAncestorId":"D000000970",
                "InterventionAncestorTerm":"Antineoplastic Agents"
              },{
                "InterventionAncestorId":"D000047072",
                "InterventionAncestorTerm":"Aromatase Inhibitors"
              },{
                "InterventionAncestorId":"D000065088",
                "InterventionAncestorTerm":"Steroid Synthesis Inhibitors"
              },{
                "InterventionAncestorId":"D000004791",
                "InterventionAncestorTerm":"Enzyme Inhibitors"
              },{
                "InterventionAncestorId":"D000045504",
                "InterventionAncestorTerm":"Molecular Mechanisms of Pharmacological Action"
              },{
                "InterventionAncestorId":"D000004965",
                "InterventionAncestorTerm":"Estrogen Antagonists"
              },{
                "InterventionAncestorId":"D000006727",
                "InterventionAncestorTerm":"Hormone Antagonists"
              },{
                "InterventionAncestorId":"D000006730",
                "InterventionAncestorTerm":"Hormones, Hormone Substitutes, and Hormone Antagonists"
              },{
                "InterventionAncestorId":"D000045505",
                "InterventionAncestorTerm":"Physiological Effects of Drugs"
              }
            ]
          },
          "InterventionBrowseLeafList":{
            "InterventionBrowseLeaf":[
              {
                "InterventionBrowseLeafId":"M1743",
                "InterventionBrowseLeafName":"Letrozole",
                "InterventionBrowseLeafAsFound":"1 hour",
                "InterventionBrowseLeafRelevance":"high"
              },{
                "InterventionBrowseLeafId":"M247153",
                "InterventionBrowseLeafName":"Lactitol",
                "InterventionBrowseLeafRelevance":"low"
              },{
                "InterventionBrowseLeafId":"M24356",
                "InterventionBrowseLeafName":"Aromatase Inhibitors",
                "InterventionBrowseLeafRelevance":"low"
              },{
                "InterventionBrowseLeafId":"M6699",
                "InterventionBrowseLeafName":"Estrogens",
                "InterventionBrowseLeafRelevance":"low"
              },{
                "InterventionBrowseLeafId":"M6697",
                "InterventionBrowseLeafName":"Estrogen Antagonists",
                "InterventionBrowseLeafRelevance":"low"
              },{
                "InterventionBrowseLeafId":"M29070",
                "InterventionBrowseLeafName":"Estrogen Receptor Antagonists",
                "InterventionBrowseLeafRelevance":"low"
              },{
                "InterventionBrowseLeafId":"M8372",
                "InterventionBrowseLeafName":"Hormones",
                "InterventionBrowseLeafRelevance":"low"
              },{
                "InterventionBrowseLeafId":"M8371",
                "InterventionBrowseLeafName":"Hormone Antagonists",
                "InterventionBrowseLeafRelevance":"low"
              }
            ]
          },
          "InterventionBrowseBranchList":{
            "InterventionBrowseBranch":[
              {
                "InterventionBrowseBranchAbbrev":"ANeo",
                "InterventionBrowseBranchName":"Antineoplastic Agents"
              },{
                "InterventionBrowseBranchAbbrev":"All",
                "InterventionBrowseBranchName":"All Drugs and Chemicals"
              },{
                "InterventionBrowseBranchAbbrev":"Gast",
                "InterventionBrowseBranchName":"Gastrointestinal Agents"
              }
            ]
          }
        }
      }
    }
  }
}

