{
  "FullStudy":{
    "Rank":60591,
    "Study":{
      "ProtocolSection":{
        "IdentificationModule":{
          "NCTId":"NCT04061044",
          "OrgStudyIdInfo":{
            "OrgStudyId":"CLN-Protocol-0047"
          },
          "Organization":{
            "OrgFullName":"Ocular Therapeutix, Inc.",
            "OrgClass":"INDUSTRY"
          },
          "BriefTitle":"A Study to Evaluate the Long Term Safety of OTX-TP (Sustained Release Travoprost) Intracanalicular Insert",
          "OfficialTitle":"A Prospective, Multicenter, Open Label Extension Study to Evaluate the Long Term Safety of OTX-TP"
        },
        "StatusModule":{
          "StatusVerifiedDate":"August 2019",
          "OverallStatus":"Active, not recruiting",
          "ExpandedAccessInfo":{
            "HasExpandedAccess":"No"
          },
          "StartDateStruct":{
            "StartDate":"July 10, 2018",
            "StartDateType":"Actual"
          },
          "PrimaryCompletionDateStruct":{
            "PrimaryCompletionDate":"February 2020",
            "PrimaryCompletionDateType":"Anticipated"
          },
          "CompletionDateStruct":{
            "CompletionDate":"February 2020",
            "CompletionDateType":"Anticipated"
          },
          "StudyFirstSubmitDate":"August 15, 2019",
          "StudyFirstSubmitQCDate":"August 15, 2019",
          "StudyFirstPostDateStruct":{
            "StudyFirstPostDate":"August 19, 2019",
            "StudyFirstPostDateType":"Actual"
          },
          "LastUpdateSubmitDate":"August 19, 2019",
          "LastUpdatePostDateStruct":{
            "LastUpdatePostDate":"August 21, 2019",
            "LastUpdatePostDateType":"Actual"
          }
        },
        "SponsorCollaboratorsModule":{
          "ResponsibleParty":{
            "ResponsiblePartyType":"Sponsor"
          },
          "LeadSponsor":{
            "LeadSponsorName":"Ocular Therapeutix, Inc.",
            "LeadSponsorClass":"INDUSTRY"
          }
        },
        "OversightModule":{
          "IsFDARegulatedDrug":"Yes",
          "IsFDARegulatedDevice":"No"
        },
        "DescriptionModule":{
          "BriefSummary":"To evaluate the long term safety of repeat dose OTX-TP, a sustained release travoprost drug product, placed in the canaliculus of the eyelid in the treatment of subjects with open-angle glaucoma or ocular hypertension."
        },
        "ConditionsModule":{
          "ConditionList":{
            "Condition":[
              "Open Angle Glaucoma and Ocular Hypertension"
            ]
          }
        },
        "DesignModule":{
          "StudyType":"Interventional",
          "PhaseList":{
            "Phase":[
              "Phase 3"
            ]
          },
          "DesignInfo":{
            "DesignAllocation":"Non-Randomized",
            "DesignInterventionModel":"Single Group Assignment",
            "DesignPrimaryPurpose":"Treatment",
            "DesignMaskingInfo":{
              "DesignMasking":"None (Open Label)"
            }
          },
          "EnrollmentInfo":{
            "EnrollmentCount":"40",
            "EnrollmentType":"Actual"
          }
        },
        "ArmsInterventionsModule":{
          "ArmGroupList":{
            "ArmGroup":[
              {
                "ArmGroupLabel":"Treatment",
                "ArmGroupType":"Experimental",
                "ArmGroupInterventionList":{
                  "ArmGroupInterventionName":[
                    "Drug: Ophthalmic Insert"
                  ]
                }
              }
            ]
          },
          "InterventionList":{
            "Intervention":[
              {
                "InterventionType":"Drug",
                "InterventionName":"Ophthalmic Insert",
                "InterventionDescription":"Travoprost, 0.32 mg",
                "InterventionArmGroupLabelList":{
                  "InterventionArmGroupLabel":[
                    "Treatment"
                  ]
                },
                "InterventionOtherNameList":{
                  "InterventionOtherName":[
                    "OTX-TP"
                  ]
                }
              }
            ]
          }
        },
        "OutcomesModule":{
          "PrimaryOutcomeList":{
            "PrimaryOutcome":[
              {
                "PrimaryOutcomeMeasure":"Incidence of Treatment-Emergent Adverse Events (Safety and Tolerability)",
                "PrimaryOutcomeTimeFrame":"12 months"
              },{
                "PrimaryOutcomeMeasure":"Subject ocular comfort assessment",
                "PrimaryOutcomeTimeFrame":"12 months"
              },{
                "PrimaryOutcomeMeasure":"Best corrected visual acuity (BCVA)",
                "PrimaryOutcomeTimeFrame":"12 months"
              },{
                "PrimaryOutcomeMeasure":"Slit lamp biomicroscopy including assessment and grade of ocular hyperemia (at slit lamp) and punctum exam",
                "PrimaryOutcomeTimeFrame":"12 months"
              },{
                "PrimaryOutcomeMeasure":"Measurement of Intraocular pressure (IOP)",
                "PrimaryOutcomeTimeFrame":"12 months"
              },{
                "PrimaryOutcomeMeasure":"Fundus examination",
                "PrimaryOutcomeTimeFrame":"12 months"
              },{
                "PrimaryOutcomeMeasure":"Optical Coherence Tomography of optic nerve on nerve fiber layer",
                "PrimaryOutcomeTimeFrame":"12 months"
              },{
                "PrimaryOutcomeMeasure":"Automated perimetry",
                "PrimaryOutcomeTimeFrame":"12 months"
              },{
                "PrimaryOutcomeMeasure":"Number of subjects who need rescue therapy over the study period",
                "PrimaryOutcomeTimeFrame":"12 months"
              }
            ]
          }
        },
        "EligibilityModule":{
          "EligibilityCriteria":"Inclusion Criteria:\n\nHad prior bilateral treatment and completion, through a minimum of week 12, of the OTX-16-002 trial\nAre informed of the nature of the study and subject is able to comply with study requirements and visit schedule for one year\nHave provided written informed consent, approved by the appropriate Institutional Review Board\n\nExclusion Criteria:\n\nHad more than 1 replacement, per eye, during participation in the OTX-16-002 trial\nHad punctal or canaliculi related adverse events during the OTX-16-002 trial which required discontinuation (e.g., canaliculitis)\nUsed prohibited medications during the OTX-16-002 study, or the period between OTX-16-002 and this trial (with the exception of short term medication used to treat an adverse event or rescue therapy)\nMissed more than 2 visits during participation in the OTX-16-002 trial",
          "HealthyVolunteers":"No",
          "Gender":"All",
          "MinimumAge":"18 Years",
          "StdAgeList":{
            "StdAge":[
              "Adult",
              "Older Adult"
            ]
          }
        },
        "ContactsLocationsModule":{
          "LocationList":{
            "Location":[
              {
                "LocationFacility":"ApexEye",
                "LocationCity":"Cincinnati",
                "LocationState":"Ohio",
                "LocationZip":"45242",
                "LocationCountry":"United States"
              }
            ]
          }
        }
      },
      "DerivedSection":{
        "MiscInfoModule":{
          "VersionHolder":"April 19, 2021"
        },
        "ConditionBrowseModule":{
          "ConditionMeshList":{
            "ConditionMesh":[
              {
                "ConditionMeshId":"D000005902",
                "ConditionMeshTerm":"Glaucoma, Open-Angle"
              },{
                "ConditionMeshId":"D000009798",
                "ConditionMeshTerm":"Ocular Hypertension"
              }
            ]
          },
          "ConditionAncestorList":{
            "ConditionAncestor":[
              {
                "ConditionAncestorId":"D000005901",
                "ConditionAncestorTerm":"Glaucoma"
              },{
                "ConditionAncestorId":"D000005128",
                "ConditionAncestorTerm":"Eye Diseases"
              }
            ]
          },
          "ConditionBrowseLeafList":{
            "ConditionBrowseLeaf":[
              {
                "ConditionBrowseLeafId":"M7596",
                "ConditionBrowseLeafName":"Glaucoma",
                "ConditionBrowseLeafRelevance":"low"
              },{
                "ConditionBrowseLeafId":"M8607",
                "ConditionBrowseLeafName":"Hypertension",
                "ConditionBrowseLeafRelevance":"low"
              },{
                "ConditionBrowseLeafId":"M7597",
                "ConditionBrowseLeafName":"Glaucoma, Open-Angle",
                "ConditionBrowseLeafAsFound":"Open Angle Glaucoma",
                "ConditionBrowseLeafRelevance":"high"
              },{
                "ConditionBrowseLeafId":"M11314",
                "ConditionBrowseLeafName":"Ocular Hypertension",
                "ConditionBrowseLeafAsFound":"Ocular Hypertension",
                "ConditionBrowseLeafRelevance":"high"
              },{
                "ConditionBrowseLeafId":"M6854",
                "ConditionBrowseLeafName":"Eye Diseases",
                "ConditionBrowseLeafRelevance":"low"
              },{
                "ConditionBrowseLeafId":"T4550",
                "ConditionBrowseLeafName":"Pigment-dispersion Syndrome",
                "ConditionBrowseLeafRelevance":"low"
              }
            ]
          },
          "ConditionBrowseBranchList":{
            "ConditionBrowseBranch":[
              {
                "ConditionBrowseBranchAbbrev":"BC11",
                "ConditionBrowseBranchName":"Eye Diseases"
              },{
                "ConditionBrowseBranchAbbrev":"All",
                "ConditionBrowseBranchName":"All Conditions"
              },{
                "ConditionBrowseBranchAbbrev":"BC14",
                "ConditionBrowseBranchName":"Heart and Blood Diseases"
              },{
                "ConditionBrowseBranchAbbrev":"Rare",
                "ConditionBrowseBranchName":"Rare Diseases"
              }
            ]
          }
        },
        "InterventionBrowseModule":{
          "InterventionBrowseLeafList":{
            "InterventionBrowseLeaf":[
              {
                "InterventionBrowseLeafId":"M466",
                "InterventionBrowseLeafName":"Travoprost",
                "InterventionBrowseLeafRelevance":"low"
              }
            ]
          },
          "InterventionBrowseBranchList":{
            "InterventionBrowseBranch":[
              {
                "InterventionBrowseBranchAbbrev":"AnAg",
                "InterventionBrowseBranchName":"Antihypertensive Agents"
              },{
                "InterventionBrowseBranchAbbrev":"All",
                "InterventionBrowseBranchName":"All Drugs and Chemicals"
              }
            ]
          }
        }
      }
    }
  }
}

