{
  "FullStudy":{
    "Rank":60191,
    "Study":{
      "ProtocolSection":{
        "IdentificationModule":{
          "NCTId":"NCT04066270",
          "OrgStudyIdInfo":{
            "OrgStudyId":"JessaH-3"
          },
          "Organization":{
            "OrgFullName":"Jessa Hospital",
            "OrgClass":"OTHER"
          },
          "BriefTitle":"Inventory of Radiological and Vestibular Function in Cochlear Implant Candidates",
          "OfficialTitle":"Inventory of Radiological and Vestibular Function in Cochlear Implant Candidates"
        },
        "StatusModule":{
          "StatusVerifiedDate":"February 2020",
          "OverallStatus":"Recruiting",
          "ExpandedAccessInfo":{
            "HasExpandedAccess":"No"
          },
          "StartDateStruct":{
            "StartDate":"September 1, 2019",
            "StartDateType":"Actual"
          },
          "PrimaryCompletionDateStruct":{
            "PrimaryCompletionDate":"October 30, 2021",
            "PrimaryCompletionDateType":"Anticipated"
          },
          "CompletionDateStruct":{
            "CompletionDate":"October 30, 2021",
            "CompletionDateType":"Anticipated"
          },
          "StudyFirstSubmitDate":"August 21, 2019",
          "StudyFirstSubmitQCDate":"August 21, 2019",
          "StudyFirstPostDateStruct":{
            "StudyFirstPostDate":"August 26, 2019",
            "StudyFirstPostDateType":"Actual"
          },
          "LastUpdateSubmitDate":"February 10, 2020",
          "LastUpdatePostDateStruct":{
            "LastUpdatePostDate":"February 12, 2020",
            "LastUpdatePostDateType":"Actual"
          }
        },
        "SponsorCollaboratorsModule":{
          "ResponsibleParty":{
            "ResponsiblePartyType":"Principal Investigator",
            "ResponsiblePartyInvestigatorFullName":"Sebastien Janssens de Varebeke",
            "ResponsiblePartyInvestigatorTitle":"Principal Investigator",
            "ResponsiblePartyInvestigatorAffiliation":"Jessa Hospital"
          },
          "LeadSponsor":{
            "LeadSponsorName":"Jessa Hospital",
            "LeadSponsorClass":"OTHER"
          }
        },
        "OversightModule":{
          "OversightHasDMC":"No",
          "IsFDARegulatedDrug":"No",
          "IsFDARegulatedDevice":"No"
        },
        "DescriptionModule":{
          "BriefSummary":"In 2014 radiological lesions at one or more semicircular canals (SCC) were described using CT & MR imaging in subjects presenting advanced hearing and vestibular deterioration caused by the p.P51S mutation in COCH. Similar lesions were also described in other non-genetic advanced hearing and vestibular deterioration as well. With this prospective observational study it is the purpose to inventory imaging results of candidates for cochlear implantation which are routinely performed during the preoperative work up, since these patient present severe hearing impairment at both ears. A considerable part of them might present vestibular deterioration as well. It is the purpose to detect possible presence of these SCC lesions on CT and MR in this population and the prevalence of these lesions compared to DFNA9 patients."
        },
        "ConditionsModule":{
          "ConditionList":{
            "Condition":[
              "Hearing Loss, Sensorineural",
              "Bilateral Vestibular Deficiency",
              "DFNA9",
              "Radiology"
            ]
          }
        },
        "DesignModule":{
          "StudyType":"Observational",
          "PatientRegistry":"Yes",
          "TargetDuration":"2 Years",
          "DesignInfo":{
            "DesignObservationalModelList":{
              "DesignObservationalModel":[
                "Case-Control"
              ]
            },
            "DesignTimePerspectiveList":{
              "DesignTimePerspective":[
                "Prospective"
              ]
            }
          },
          "EnrollmentInfo":{
            "EnrollmentCount":"40",
            "EnrollmentType":"Anticipated"
          }
        },
        "ArmsInterventionsModule":{
          "ArmGroupList":{
            "ArmGroup":[
              {
                "ArmGroupLabel":"study group",
                "ArmGroupDescription":"candidates for cochlear implantation 18 years or older, who are eligible for implantation for the indication of bilateral severe hearing loss or single sided deafness.\n\nclinical audiometric and vestibular investigations, CT and MR imaging of petrous bone",
                "ArmGroupInterventionList":{
                  "ArmGroupInterventionName":[
                    "Diagnostic Test: video nystagmography"
                  ]
                }
              },{
                "ArmGroupLabel":"control group",
                "ArmGroupDescription":"Symptomatic DFNA9 patients carrying the p.P51S mutation in COCH, presenting the radiologic semicircular canal lesion(s) on CT and/or MR.\n\nclinical audiometric and vestibular investigations, CT and MR imaging of petrous bone",
                "ArmGroupInterventionList":{
                  "ArmGroupInterventionName":[
                    "Diagnostic Test: video nystagmography"
                  ]
                }
              }
            ]
          },
          "InterventionList":{
            "Intervention":[
              {
                "InterventionType":"Diagnostic Test",
                "InterventionName":"video nystagmography",
                "InterventionDescription":"routine test battery applied to all cochlear implant candidates",
                "InterventionArmGroupLabelList":{
                  "InterventionArmGroupLabel":[
                    "control group",
                    "study group"
                  ]
                },
                "InterventionOtherNameList":{
                  "InterventionOtherName":[
                    "video head impulse test",
                    "c & o VEMP (vestibular-evoked myogenic potentials)",
                    "CT scan temporal bone",
                    "MR temporal bone",
                    "tonal liminar audiometry"
                  ]
                }
              }
            ]
          }
        },
        "OutcomesModule":{
          "PrimaryOutcomeList":{
            "PrimaryOutcome":[
              {
                "PrimaryOutcomeMeasure":"CT/MR of SCC",
                "PrimaryOutcomeDescription":"lesions to one or more semicircular canals on CT and/or MR of temporal bone",
                "PrimaryOutcomeTimeFrame":"at time of recruitment"
              },{
                "PrimaryOutcomeMeasure":"p.P51S",
                "PrimaryOutcomeDescription":"carriers hip of p.P51S mutation in COCH",
                "PrimaryOutcomeTimeFrame":"at time of recruitment"
              }
            ]
          },
          "SecondaryOutcomeList":{
            "SecondaryOutcome":[
              {
                "SecondaryOutcomeMeasure":"audiometry",
                "SecondaryOutcomeDescription":"tonale liminar audiometry thresholds",
                "SecondaryOutcomeTimeFrame":"at time of recruitment"
              },{
                "SecondaryOutcomeMeasure":"vestibular function 1",
                "SecondaryOutcomeDescription":"video nystagmography",
                "SecondaryOutcomeTimeFrame":"at time of recruitment"
              },{
                "SecondaryOutcomeMeasure":"vestibular function 2",
                "SecondaryOutcomeDescription":"video head impulse test",
                "SecondaryOutcomeTimeFrame":"at time of recruitment"
              },{
                "SecondaryOutcomeMeasure":"vestibular function 3",
                "SecondaryOutcomeDescription":"vestibular evoked myogenic potentials",
                "SecondaryOutcomeTimeFrame":"at time of recruitment"
              }
            ]
          }
        },
        "EligibilityModule":{
          "EligibilityCriteria":"Inclusion Criteria:\n\nmust be eligible for cochlear implantation\nmust be 18 years of age or older\n\nExclusion Criteria:\n\n<18 years of age\nnot eligible to undergo vestibular tests, especially videonystagmography\ncontra-indication for MR or CT",
          "HealthyVolunteers":"No",
          "Gender":"All",
          "MinimumAge":"18 Years",
          "MaximumAge":"90 Years",
          "StdAgeList":{
            "StdAge":[
              "Adult",
              "Older Adult"
            ]
          },
          "StudyPopulation":"-all patients with severe hearing loss who are eligible for cochlear implantation who do not carry the p.P51S mutation in COCH and are at least 18 years of age",
          "SamplingMethod":"Non-Probability Sample"
        },
        "ContactsLocationsModule":{
          "CentralContactList":{
            "CentralContact":[
              {
                "CentralContactName":"sebastien P JanssensdeVarebeke, MD",
                "CentralContactRole":"Contact",
                "CentralContactPhone":"011337420",
                "CentralContactEMail":"drsjanssens@gmail.com"
              }
            ]
          },
          "LocationList":{
            "Location":[
              {
                "LocationFacility":"Jessa Hospital",
                "LocationStatus":"Recruiting",
                "LocationCity":"Hasselt",
                "LocationState":"Limburg",
                "LocationZip":"3500",
                "LocationCountry":"Belgium",
                "LocationContactList":{
                  "LocationContact":[
                    {
                      "LocationContactName":"sebastien P Janssens, MD",
                      "LocationContactRole":"Contact",
                      "LocationContactPhone":"011 337420",
                      "LocationContactEMail":"drsjanssens@gmail.com"
                    },{
                      "LocationContactName":"sebastien PF Janssens, MD",
                      "LocationContactRole":"Principal Investigator"
                    }
                  ]
                }
              }
            ]
          }
        },
        "IPDSharingStatementModule":{
          "IPDSharing":"No"
        }
      },
      "DerivedSection":{
        "MiscInfoModule":{
          "VersionHolder":"April 19, 2021"
        },
        "ConditionBrowseModule":{
          "ConditionMeshList":{
            "ConditionMesh":[
              {
                "ConditionMeshId":"D000034381",
                "ConditionMeshTerm":"Hearing Loss"
              },{
                "ConditionMeshId":"D000006319",
                "ConditionMeshTerm":"Hearing Loss, Sensorineural"
              },{
                "ConditionMeshId":"D000071699",
                "ConditionMeshTerm":"Bilateral Vestibulopathy"
              }
            ]
          },
          "ConditionAncestorList":{
            "ConditionAncestor":[
              {
                "ConditionAncestorId":"D000006311",
                "ConditionAncestorTerm":"Hearing Disorders"
              },{
                "ConditionAncestorId":"D000004427",
                "ConditionAncestorTerm":"Ear Diseases"
              },{
                "ConditionAncestorId":"D000010038",
                "ConditionAncestorTerm":"Otorhinolaryngologic Diseases"
              },{
                "ConditionAncestorId":"D000012678",
                "ConditionAncestorTerm":"Sensation Disorders"
              },{
                "ConditionAncestorId":"D000009461",
                "ConditionAncestorTerm":"Neurologic Manifestations"
              },{
                "ConditionAncestorId":"D000009422",
                "ConditionAncestorTerm":"Nervous System Diseases"
              },{
                "ConditionAncestorId":"D000015837",
                "ConditionAncestorTerm":"Vestibular Diseases"
              },{
                "ConditionAncestorId":"D000007759",
                "ConditionAncestorTerm":"Labyrinth Diseases"
              }
            ]
          },
          "ConditionBrowseLeafList":{
            "ConditionBrowseLeaf":[
              {
                "ConditionBrowseLeafId":"M23007",
                "ConditionBrowseLeafName":"Hearing Loss",
                "ConditionBrowseLeafAsFound":"Hearing Loss",
                "ConditionBrowseLeafRelevance":"high"
              },{
                "ConditionBrowseLeafId":"M5423",
                "ConditionBrowseLeafName":"Deafness",
                "ConditionBrowseLeafRelevance":"low"
              },{
                "ConditionBrowseLeafId":"M7990",
                "ConditionBrowseLeafName":"Hearing Loss, Sensorineural",
                "ConditionBrowseLeafAsFound":"Hearing Loss, Sensorineural",
                "ConditionBrowseLeafRelevance":"high"
              },{
                "ConditionBrowseLeafId":"M850",
                "ConditionBrowseLeafName":"Bilateral Vestibulopathy",
                "ConditionBrowseLeafAsFound":"Bilateral Vestibular Deficiency",
                "ConditionBrowseLeafRelevance":"high"
              },{
                "ConditionBrowseLeafId":"M7983",
                "ConditionBrowseLeafName":"Hearing Disorders",
                "ConditionBrowseLeafRelevance":"low"
              },{
                "ConditionBrowseLeafId":"M6184",
                "ConditionBrowseLeafName":"Ear Diseases",
                "ConditionBrowseLeafRelevance":"low"
              },{
                "ConditionBrowseLeafId":"M11544",
                "ConditionBrowseLeafName":"Otorhinolaryngologic Diseases",
                "ConditionBrowseLeafRelevance":"low"
              },{
                "ConditionBrowseLeafId":"M14073",
                "ConditionBrowseLeafName":"Sensation Disorders",
                "ConditionBrowseLeafRelevance":"low"
              },{
                "ConditionBrowseLeafId":"M10987",
                "ConditionBrowseLeafName":"Neurologic Manifestations",
                "ConditionBrowseLeafRelevance":"low"
              },{
                "ConditionBrowseLeafId":"M16970",
                "ConditionBrowseLeafName":"Vestibular Diseases",
                "ConditionBrowseLeafRelevance":"low"
              },{
                "ConditionBrowseLeafId":"M9362",
                "ConditionBrowseLeafName":"Labyrinth Diseases",
                "ConditionBrowseLeafRelevance":"low"
              },{
                "ConditionBrowseLeafId":"M9365",
                "ConditionBrowseLeafName":"Labyrinthitis",
                "ConditionBrowseLeafRelevance":"low"
              }
            ]
          },
          "ConditionBrowseBranchList":{
            "ConditionBrowseBranch":[
              {
                "ConditionBrowseBranchAbbrev":"BC09",
                "ConditionBrowseBranchName":"Ear, Nose, and Throat Diseases"
              },{
                "ConditionBrowseBranchAbbrev":"BC10",
                "ConditionBrowseBranchName":"Nervous System Diseases"
              },{
                "ConditionBrowseBranchAbbrev":"BC23",
                "ConditionBrowseBranchName":"Symptoms and General Pathology"
              },{
                "ConditionBrowseBranchAbbrev":"All",
                "ConditionBrowseBranchName":"All Conditions"
              }
            ]
          }
        }
      }
    }
  }
}

