{
  "FullStudy":{
    "Rank":60134,
    "Study":{
      "ProtocolSection":{
        "IdentificationModule":{
          "NCTId":"NCT04067011",
          "OrgStudyIdInfo":{
            "OrgStudyId":"EBS.AVA.210"
          },
          "Organization":{
            "OrgFullName":"Emergent BioSolutions",
            "OrgClass":"INDUSTRY"
          },
          "BriefTitle":"Velocity 2: An Anthrax Vaccine and Antibiotics Clinical Study",
          "OfficialTitle":"A Phase 2 Drug-Vaccine Interaction Study to Examine Whether Co-administering AV7909 With Ciprofloxacin or Doxycycline Affects Antibiotic Pharmacokinetics or AV7909 Immunogenicity in Healthy Adults"
        },
        "StatusModule":{
          "StatusVerifiedDate":"June 2020",
          "OverallStatus":"Completed",
          "ExpandedAccessInfo":{
            "HasExpandedAccess":"No"
          },
          "StartDateStruct":{
            "StartDate":"August 12, 2019",
            "StartDateType":"Actual"
          },
          "PrimaryCompletionDateStruct":{
            "PrimaryCompletionDate":"March 19, 2020",
            "PrimaryCompletionDateType":"Actual"
          },
          "CompletionDateStruct":{
            "CompletionDate":"March 19, 2020",
            "CompletionDateType":"Actual"
          },
          "StudyFirstSubmitDate":"July 15, 2019",
          "StudyFirstSubmitQCDate":"August 21, 2019",
          "StudyFirstPostDateStruct":{
            "StudyFirstPostDate":"August 26, 2019",
            "StudyFirstPostDateType":"Actual"
          },
          "LastUpdateSubmitDate":"June 25, 2020",
          "LastUpdatePostDateStruct":{
            "LastUpdatePostDate":"June 29, 2020",
            "LastUpdatePostDateType":"Actual"
          }
        },
        "SponsorCollaboratorsModule":{
          "ResponsibleParty":{
            "ResponsiblePartyType":"Sponsor"
          },
          "LeadSponsor":{
            "LeadSponsorName":"Emergent BioSolutions",
            "LeadSponsorClass":"INDUSTRY"
          },
          "CollaboratorList":{
            "Collaborator":[
              {
                "CollaboratorName":"Biomedical Advanced Research and Development Authority",
                "CollaboratorClass":"FED"
              }
            ]
          }
        },
        "OversightModule":{
          "OversightHasDMC":"Yes",
          "IsFDARegulatedDrug":"Yes",
          "IsFDARegulatedDevice":"No"
        },
        "DescriptionModule":{
          "BriefSummary":"This study is designed to evaluate the pharmacokinetic (PK) profiles of ciprofloxacin or doxycycline when administered orally, prior to, and following, the intramuscular (IM) administration of a two-dose schedule of AV7909 administered two weeks apart.",
          "DetailedDescription":"This is a Phase 2, open-label, multicenter, randomized trial designed to evaluate the pharmacokinetic profile, immunogenicity, and safety of AV7909 and ciprofloxacin or doxycycline when administered concomitantly in healthy adults for an indication of post-exposure prophylaxis (PEP) of anthrax.\n\nHealthy adults between 18 to 45 years of age (inclusive) will sign and date an informed consent form and then be screened for eligibility for participation in the study 2 to 28 days prior to randomization. Participants meeting the entry criteria will be randomized 1:1:1 to one of the three study groups (AV7909 + ciprofloxacin, AV7909 + doxycycline and AV7909 only) on Day 1.\n\nSubjects randomized into Groups 1 & 2 will be assigned to subgroups. Subgroup A will be assigned to the antibiotic PK treatment group first, while subgroup B will be assigned to the antibiotic non-PK treatment group.\n\nParticipants will be evaluated for safety through Day 51 [or the early withdrawal visit (EWV)], as assessed by clinical laboratory tests (hematology, serum chemistry, and urinalysis), monitoring of Adverse Events (AEs) including Serious Adverse Events (SAEs) and Adverse Events of Special Interest (AESIs), vital signs, and physical examinations. Adverse Events of Special Interest are adverse events associated with autoimmune disease as defined by the Center for Biologics Evaluation and Research, and might represent a safety signal for vaccine-associated autoimmunity. Reactogenicity (solicited systemic and injection site reactions) will be assessed daily by the participants using electronic diaries (e-diaries) after each vaccination. The e-diary will also be used to record self-administration of antibiotics for applicable study groups.\n\nInformation on the use of medications will be collected at each study visit. In addition, blood samples for auto-antibody assessment will be taken at Day 1 pre-dose and Day 51 (or Early Withdrawal Visit).\n\nParticipants who receive at least one dose of vaccine will also be asked to participate in safety follow-up phone calls occurring on Month 3, Month 6, Month 9, and Month 12 (nominally 3, 6, 9, and 12 months after the last vaccination) to collect information on AEs, SAEs and any potential AESIs. Based on responses at these phone contacts, participants may be asked to return to the clinic for an unscheduled visit to provide blood samples for auto-antibody testing to investigate reports of potential AESIs.\n\nIndependent safety oversight will be provided by a Data Safety Monitoring Board, which will be notified of significant AEs, potential AEsIs, or any other events as determined by the Medical Monitor, on an ongoing basis."
        },
        "ConditionsModule":{
          "ConditionList":{
            "Condition":[
              "Anthrax"
            ]
          },
          "KeywordList":{
            "Keyword":[
              "Antibiotics",
              "Pharmacokinetics",
              "Vaccine",
              "Ciprofloxacin",
              "Doxycycline",
              "CPG 7909",
              "Bacillus anthracis",
              "Anthrax Vaccine Adsorbed",
              "Post-exposure Prophylaxis",
              "Adjuvant"
            ]
          }
        },
        "DesignModule":{
          "StudyType":"Interventional",
          "PhaseList":{
            "Phase":[
              "Phase 2"
            ]
          },
          "DesignInfo":{
            "DesignAllocation":"Randomized",
            "DesignInterventionModel":"Parallel Assignment",
            "DesignPrimaryPurpose":"Prevention",
            "DesignMaskingInfo":{
              "DesignMasking":"None (Open Label)"
            }
          },
          "EnrollmentInfo":{
            "EnrollmentCount":"210",
            "EnrollmentType":"Actual"
          }
        },
        "ArmsInterventionsModule":{
          "ArmGroupList":{
            "ArmGroup":[
              {
                "ArmGroupLabel":"Group 1:Ciprofloxacin + AV7909",
                "ArmGroupType":"Experimental",
                "ArmGroupDescription":"Participants meeting entry criteria will be randomized 1:1:1 to one of three investigational study groups. Groups 1 to 3 will each receive a manufactured lot of AV7909 per the study visit schedule.\n\nGroup 1 will concomitantly receive ciprofloxacin.",
                "ArmGroupInterventionList":{
                  "ArmGroupInterventionName":[
                    "Drug: Ciprofloxacin 500Mg Tablet",
                    "Biological: AV7909"
                  ]
                }
              },{
                "ArmGroupLabel":"Group 2: Doxycycline +AV7909",
                "ArmGroupType":"Experimental",
                "ArmGroupDescription":"Participants meeting entry criteria will be randomized 1:1:1 to one of three investigational study groups. Groups 1 to 3 will each receive a manufactured lot of AV7909 per the study visit schedule.\n\nGroup 2 will concomitantly receive doxycycline.",
                "ArmGroupInterventionList":{
                  "ArmGroupInterventionName":[
                    "Drug: Doxycycline 100Mg Tablet",
                    "Biological: AV7909"
                  ]
                }
              },{
                "ArmGroupLabel":"Group 3: AV7909",
                "ArmGroupType":"Experimental",
                "ArmGroupDescription":"Participants meeting entry criteria will be randomized 1:1:1 to one of three investigational study groups. Groups 1 to 3 will each receive a manufactured lot of AV7909 per the study visit schedule.",
                "ArmGroupInterventionList":{
                  "ArmGroupInterventionName":[
                    "Biological: AV7909"
                  ]
                }
              }
            ]
          },
          "InterventionList":{
            "Intervention":[
              {
                "InterventionType":"Drug",
                "InterventionName":"Ciprofloxacin 500Mg Tablet",
                "InterventionDescription":"Ciprofloxacin 500mg administered by mouth every 12 hours. The antibiotic will be administered orally on Study Days 4-9, 22-24 and 31-37.",
                "InterventionArmGroupLabelList":{
                  "InterventionArmGroupLabel":[
                    "Group 1:Ciprofloxacin + AV7909"
                  ]
                }
              },{
                "InterventionType":"Drug",
                "InterventionName":"Doxycycline 100Mg Tablet",
                "InterventionDescription":"Doxycycline 100mg administered by mouth every 12 hours. The antibiotic will be administered orally on Study Days 2-9, 22-24 and 32-38.",
                "InterventionArmGroupLabelList":{
                  "InterventionArmGroupLabel":[
                    "Group 2: Doxycycline +AV7909"
                  ]
                }
              },{
                "InterventionType":"Biological",
                "InterventionName":"AV7909",
                "InterventionDescription":"0.5mL AVA and 0.25mg CPG 7909 per 0.5mL dose.The vaccine will be administered intramuscularly on Study Days 8 and 23.",
                "InterventionArmGroupLabelList":{
                  "InterventionArmGroupLabel":[
                    "Group 1:Ciprofloxacin + AV7909",
                    "Group 2: Doxycycline +AV7909",
                    "Group 3: AV7909"
                  ]
                }
              }
            ]
          }
        },
        "OutcomesModule":{
          "PrimaryOutcomeList":{
            "PrimaryOutcome":[
              {
                "PrimaryOutcomeMeasure":"Evaluation of ciprofloxacin area under the curve from 0 to 12 hours (AUC0-12h) when administered concomitantly with AV7909 vaccine.",
                "PrimaryOutcomeDescription":"Assessment of ciprofloxacin AUC0-12h",
                "PrimaryOutcomeTimeFrame":"Days 8 and 35"
              },{
                "PrimaryOutcomeMeasure":"Evaluation of ciprofloxacin maximum concentration (Cmax) when administered concomitantly with AV7909 vaccine.",
                "PrimaryOutcomeDescription":"Assessment of ciprofloxacin Cmax",
                "PrimaryOutcomeTimeFrame":"Days 8 and 35"
              },{
                "PrimaryOutcomeMeasure":"Evaluation of doxycycline area under the curve from 0 to 12 hours (AUC0-12h) when administered concomitantly with AV7909 vaccine.",
                "PrimaryOutcomeDescription":"Assessment of doxycycline AUC0-12h",
                "PrimaryOutcomeTimeFrame":"Days 8 and 38"
              },{
                "PrimaryOutcomeMeasure":"Evaluation of doxycycline maximum concentration (Cmax) when administered concomitantly with AV7909 vaccine.",
                "PrimaryOutcomeDescription":"Assessment of doxycycline Cmax",
                "PrimaryOutcomeTimeFrame":"Days 8 and 38"
              }
            ]
          },
          "SecondaryOutcomeList":{
            "SecondaryOutcome":[
              {
                "SecondaryOutcomeMeasure":"Assessment of single-dose PK parameters of ciprofloxacin PK after concomitant AV7909 administration.",
                "SecondaryOutcomeDescription":"Assessment of ciprofloxacin AUC0-12h prior to AV7909 administration on Day 4 and following 2 doses of AV7909 on Day 31.",
                "SecondaryOutcomeTimeFrame":"Days 4 and 31"
              },{
                "SecondaryOutcomeMeasure":"Evaluation of single-dose PK parameters of ciprofloxacin PK after concomitant AV7909 administration.",
                "SecondaryOutcomeDescription":"Assessment of ciprofloxacin Cmax prior to AV7909 administration on Day 4 and following 2 doses of AV7909 on Day 31.",
                "SecondaryOutcomeTimeFrame":"Days 4 and 31"
              },{
                "SecondaryOutcomeMeasure":"Assessment of single-dose PK parameters of doxycycline PK after concomitant AV7909 administration.",
                "SecondaryOutcomeDescription":"Assessment of doxycycline AUC0-12h prior to AV7909 administration on Day 2 and following 2 doses of AV7909 on Day 32.",
                "SecondaryOutcomeTimeFrame":"Days 2 and 32"
              },{
                "SecondaryOutcomeMeasure":"Evaluation of single-dose PK parameters of doxycycline PK after concomitant AV7909 administration.",
                "SecondaryOutcomeDescription":"Assessment of doxycycline Cmax prior to AV7909 administration on Day 2 and following 2 doses of AV7909 on Day 32.",
                "SecondaryOutcomeTimeFrame":"Days 2 and 32"
              },{
                "SecondaryOutcomeMeasure":"Evaluation of AV7909 immunogenicity after concomitant administration with ciprofloxacin or doxycycline.",
                "SecondaryOutcomeDescription":"Geometric mean toxin neutralization assay (TNA) 50% neutralizing factor (NF50) values two weeks after the second AV7909 vaccination (ie, Day 37).",
                "SecondaryOutcomeTimeFrame":"Day 37"
              },{
                "SecondaryOutcomeMeasure":"Incidence of Adverse Events (AEs)",
                "SecondaryOutcomeDescription":"Incidence of AEs from the first dose of any IP through the Final Study Visit",
                "SecondaryOutcomeTimeFrame":"Day 2 through Day 51"
              },{
                "SecondaryOutcomeMeasure":"Incidence of Serious Adverse Events (SAEs)",
                "SecondaryOutcomeDescription":"Incidence of SAEs from the first dose of any IP until the 12-month follow up",
                "SecondaryOutcomeTimeFrame":"Day 2 through 388"
              },{
                "SecondaryOutcomeMeasure":"Incidence of solicited systemic reactions (within 7 days after each vaccination, inclusive of the vaccination day)",
                "SecondaryOutcomeDescription":"Incidence of solicited systemic reactions following each vaccination as reported in participant ediaries",
                "SecondaryOutcomeTimeFrame":"Days 8-15 and Days 22-31"
              },{
                "SecondaryOutcomeMeasure":"Incidence of injection site reactions (within 7 days after each vaccination, inclusive of the vaccination day)",
                "SecondaryOutcomeDescription":"Incidence of injection site reactions following each vaccination as reported in participant ediaries",
                "SecondaryOutcomeTimeFrame":"Days 8-15 and Days 22-31"
              },{
                "SecondaryOutcomeMeasure":"Incidence of Adverse Event of Special Interest (AESI)",
                "SecondaryOutcomeDescription":"Incidence of AESIs from the first dose of any IP until the 12-month follow-up",
                "SecondaryOutcomeTimeFrame":"Day 2 through Day 388"
              }
            ]
          }
        },
        "EligibilityModule":{
          "EligibilityCriteria":"Inclusion Criteria:\n\nWritten informed consent obtained from the participant (dated, signed, and captured in the medical chart at the site).\nA male or female, aged 18 to 45 years of age, inclusive, at the time of informed consent.\nHealthy condition as established by medical history and clinical examination before entering into the study.\nBody mass index (BMI) less than or equal to 35.0 kg/m^2 at the Screening visit.\nHave adequate venous access for phlebotomies.\nFor a woman of childbearing potential (WOCBP), negative pregnancy test at Screening and pre-randomization on Day 1, not currently breastfeeding, and no intention to become pregnant during the study period through 12 months after last receipt of any investigational product (IP). Every female participant is considered to be a WOCBP unless she is surgically sterile (hysterectomy, bilateral salpingectomy or bilateral oophorectomy) OR postmenopausal (defined as >12 consecutive months without menses and screen follicle-stimulating hormone > 30 mIU/mL). Women who are not of childbearing potential are allowed to enroll if they are surgically sterile or postmenopausal as defined above.\n\nFemale participants randomized to Groups 1 or 2 must be willing to add a double-barrier method, IUD, or abstinence as back-up forms of birth control since ciprofloxacin and doxycycline may decrease the effectiveness of birth control pills, implantable or injectable contraceptives.\n\nExclusion Criteria:\n\nA Screening clinical laboratory test result greater than the central laboratory's upper limit of normal (ULN) for aspartate aminotransferase (AST), alanine aminotransferase (ALT), random glucose, total bilirubin, blood urea nitrogen (BUN), or creatinine. Other serum chemistry parameters that are not within the reference range will not be considered exclusionary unless deemed clinically significant by the principal investigator.\nHistory of allergic reaction or intolerance to quinolone antimicrobials or any medical condition that would contraindicate the use of ciprofloxacin, including and not limited to vascular disorders, tendon disorders, certain genetic connective tissue disorders (e.g., Marfan and Ehlers-Danlos syndrome), prolongation of QT interval, seizures, peripheral neuropathy, increased risk of C. difficile infection.\nHistory of allergic reaction or intolerance to tetracycline antibiotics or any medical condition that would contraindicate the use of doxycycline including an increased risk of C. difficile infection, increases in BUN or an increased sensitivity to direct sunlight or ultraviolet radiation resulting in erythema.\nHas a need for any of the prohibited medications or requires the medications/foods within the prohibited times.\nHave a tattoo/scar/birthmark or any other skin condition affecting the deltoid area that may interfere with injection site assessments.\nHistory of anthrax disease, suspected exposure to anthrax, or previous vaccination with any anthrax vaccine.\nHave previously served in the military any time after 1990 or plan to enlist in the military any time from Screening through the final telephone contact.\nPrevious anaphylactic reaction, severe systemic response, or serious hypersensitivity to a prior immunization or a known allergy to synthetic ODNs, aluminum, formaldehyde, benzethonium chloride (phemerol).\nPlan to have an elective surgery at any point during the study until after the final safety phone contact.\nHave donated or plan to donate blood within one month prior to enrollment or at any point during the study until after the final safety phone contact.\nUse of any investigational or non-registered product (drug, vaccine or biologic) within 30 days preceding the dose of study vaccine, or planned use during the study until after the final safety phone contact.\nPlanned administration of any commercially-available vaccine from one week prior to the first study vaccination through two weeks after the last vaccination.\nHave experienced chronic dosing (defined as more than 14 days) with any immune-modifying drugs within six months of study enrollment. This includes oral, intramuscular, intra-articular, intravenous, or inhalation corticosteroids except in the case of inhaled or intranasal medications for seasonal allergies.\nReceipt of immunoglobulins and/or any blood products within the three months preceding study enrollment or at any point during the study period until after the final safety visit on Day 51.\nAn abnormal electrocardiogram (ECG) at screening interpreted as 'Abnormal, Significant'. Inclusion of participants with 'Abnormal, Insignificant' ECGs will be based on the principal investigator's discretion.\nHave an active malignancy or history of metastatic or hematologic malignancy.\nHave a history of an autoimmune, inflammatory, vasculitic or rheumaticor rheumatic disease including but not limited to systemic lupus erythematosus, Guillain-Barré syndrome, myasthenia gravis, polymyalgia rheumatica, diabetes mellitus type I, rheumatoid arthritis or scleroderma.\nA positive laboratory evidence of hepatitis B, hepatitis C, or human immunodeficiency virus (HIV) HIV-1 or HIV-2 infection.\nPositive result on urine drug screen, any evidence of ongoing drug abuse or dependence (including alcohol), or recent history (over the past five years) of treatment for alcohol or drug abuse.\nHas an acute disease at the time of enrollment.\nAny medical condition that, in the opinion of the investigator, could adversely impact the participant's involvement or the conduct of the study.\nHave a significant chronic condition, e.g., serious cardiovascular, pulmonary, hepatic, type II diabetes mellitus or renal disease that, in the opinion of the investigator, would render treatment unsafe or would interfere with trial evaluations or completion of the study.\nAn opinion of the investigator that it would be unwise to allow the participant to be randomized into the study.\nMember or immediate family member of an investigator site team.",
          "HealthyVolunteers":"Accepts Healthy Volunteers",
          "Gender":"All",
          "MinimumAge":"18 Years",
          "MaximumAge":"45 Years",
          "StdAgeList":{
            "StdAge":[
              "Adult"
            ]
          }
        },
        "ContactsLocationsModule":{
          "LocationList":{
            "Location":[
              {
                "LocationFacility":"Avail Clinical Research, LLC",
                "LocationCity":"DeLand",
                "LocationState":"Florida",
                "LocationZip":"32720",
                "LocationCountry":"United States"
              },{
                "LocationFacility":"The Center for Pharmaceutical Research",
                "LocationCity":"Kansas City",
                "LocationState":"Missouri",
                "LocationZip":"64114",
                "LocationCountry":"United States"
              },{
                "LocationFacility":"Meridian Clinical Research, LLC",
                "LocationCity":"Omaha",
                "LocationState":"Nebraska",
                "LocationZip":"68134",
                "LocationCountry":"United States"
              },{
                "LocationFacility":"New Orleans Center for Clinical Research / Volunteer Research Group",
                "LocationCity":"Knoxville",
                "LocationState":"Tennessee",
                "LocationZip":"37920",
                "LocationCountry":"United States"
              }
            ]
          }
        }
      },
      "DerivedSection":{
        "MiscInfoModule":{
          "VersionHolder":"April 19, 2021"
        },
        "ConditionBrowseModule":{
          "ConditionMeshList":{
            "ConditionMesh":[
              {
                "ConditionMeshId":"D000000881",
                "ConditionMeshTerm":"Anthrax"
              }
            ]
          },
          "ConditionAncestorList":{
            "ConditionAncestor":[
              {
                "ConditionAncestorId":"D000016863",
                "ConditionAncestorTerm":"Bacillaceae Infections"
              },{
                "ConditionAncestorId":"D000016908",
                "ConditionAncestorTerm":"Gram-Positive Bacterial Infections"
              },{
                "ConditionAncestorId":"D000001424",
                "ConditionAncestorTerm":"Bacterial Infections"
              }
            ]
          },
          "ConditionBrowseLeafList":{
            "ConditionBrowseLeaf":[
              {
                "ConditionBrowseLeafId":"M2786",
                "ConditionBrowseLeafName":"Anthrax",
                "ConditionBrowseLeafAsFound":"Anthrax",
                "ConditionBrowseLeafRelevance":"high"
              },{
                "ConditionBrowseLeafId":"M8866",
                "ConditionBrowseLeafName":"Infection",
                "ConditionBrowseLeafRelevance":"low"
              },{
                "ConditionBrowseLeafId":"M4951",
                "ConditionBrowseLeafName":"Communicable Diseases",
                "ConditionBrowseLeafRelevance":"low"
              },{
                "ConditionBrowseLeafId":"M3303",
                "ConditionBrowseLeafName":"Bacterial Infections",
                "ConditionBrowseLeafRelevance":"low"
              },{
                "ConditionBrowseLeafId":"M17835",
                "ConditionBrowseLeafName":"Gram-Positive Bacterial Infections",
                "ConditionBrowseLeafRelevance":"low"
              },{
                "ConditionBrowseLeafId":"T433",
                "ConditionBrowseLeafName":"Anthrax",
                "ConditionBrowseLeafAsFound":"Anthrax",
                "ConditionBrowseLeafRelevance":"high"
              }
            ]
          },
          "ConditionBrowseBranchList":{
            "ConditionBrowseBranch":[
              {
                "ConditionBrowseBranchAbbrev":"BC01",
                "ConditionBrowseBranchName":"Bacterial and Fungal Diseases"
              },{
                "ConditionBrowseBranchAbbrev":"All",
                "ConditionBrowseBranchName":"All Conditions"
              },{
                "ConditionBrowseBranchAbbrev":"Rare",
                "ConditionBrowseBranchName":"Rare Diseases"
              }
            ]
          }
        },
        "InterventionBrowseModule":{
          "InterventionMeshList":{
            "InterventionMesh":[
              {
                "InterventionMeshId":"D000004318",
                "InterventionMeshTerm":"Doxycycline"
              },{
                "InterventionMeshId":"D000002939",
                "InterventionMeshTerm":"Ciprofloxacin"
              }
            ]
          },
          "InterventionAncestorList":{
            "InterventionAncestor":[
              {
                "InterventionAncestorId":"D000000900",
                "InterventionAncestorTerm":"Anti-Bacterial Agents"
              },{
                "InterventionAncestorId":"D000000890",
                "InterventionAncestorTerm":"Anti-Infective Agents"
              },{
                "InterventionAncestorId":"D000000962",
                "InterventionAncestorTerm":"Antimalarials"
              },{
                "InterventionAncestorId":"D000000981",
                "InterventionAncestorTerm":"Antiprotozoal Agents"
              },{
                "InterventionAncestorId":"D000000977",
                "InterventionAncestorTerm":"Antiparasitic Agents"
              },{
                "InterventionAncestorId":"D000059005",
                "InterventionAncestorTerm":"Topoisomerase II Inhibitors"
              },{
                "InterventionAncestorId":"D000059003",
                "InterventionAncestorTerm":"Topoisomerase Inhibitors"
              },{
                "InterventionAncestorId":"D000004791",
                "InterventionAncestorTerm":"Enzyme Inhibitors"
              },{
                "InterventionAncestorId":"D000045504",
                "InterventionAncestorTerm":"Molecular Mechanisms of Pharmacological Action"
              },{
                "InterventionAncestorId":"D000000970",
                "InterventionAncestorTerm":"Antineoplastic Agents"
              },{
                "InterventionAncestorId":"D000065609",
                "InterventionAncestorTerm":"Cytochrome P-450 CYP1A2 Inhibitors"
              },{
                "InterventionAncestorId":"D000065607",
                "InterventionAncestorTerm":"Cytochrome P-450 Enzyme Inhibitors"
              }
            ]
          },
          "InterventionBrowseLeafList":{
            "InterventionBrowseLeaf":[
              {
                "InterventionBrowseLeafId":"M15943",
                "InterventionBrowseLeafName":"Vaccines",
                "InterventionBrowseLeafRelevance":"low"
              },{
                "InterventionBrowseLeafId":"M6076",
                "InterventionBrowseLeafName":"Doxycycline",
                "InterventionBrowseLeafAsFound":"5 minutes",
                "InterventionBrowseLeafRelevance":"high"
              },{
                "InterventionBrowseLeafId":"M2803",
                "InterventionBrowseLeafName":"Anti-Bacterial Agents",
                "InterventionBrowseLeafRelevance":"low"
              },{
                "InterventionBrowseLeafId":"M4759",
                "InterventionBrowseLeafName":"Ciprofloxacin",
                "InterventionBrowseLeafAsFound":"Alzheimer's Disease",
                "InterventionBrowseLeafRelevance":"high"
              },{
                "InterventionBrowseLeafId":"M2805",
                "InterventionBrowseLeafName":"Antibiotics, Antitubercular",
                "InterventionBrowseLeafRelevance":"low"
              },{
                "InterventionBrowseLeafId":"M2795",
                "InterventionBrowseLeafName":"Anti-Infective Agents",
                "InterventionBrowseLeafRelevance":"low"
              },{
                "InterventionBrowseLeafId":"M2861",
                "InterventionBrowseLeafName":"Antimalarials",
                "InterventionBrowseLeafRelevance":"low"
              },{
                "InterventionBrowseLeafId":"M2879",
                "InterventionBrowseLeafName":"Antiprotozoal Agents",
                "InterventionBrowseLeafRelevance":"low"
              },{
                "InterventionBrowseLeafId":"M2875",
                "InterventionBrowseLeafName":"Antiparasitic Agents",
                "InterventionBrowseLeafRelevance":"low"
              },{
                "InterventionBrowseLeafId":"M29124",
                "InterventionBrowseLeafName":"Cytochrome P-450 Enzyme Inhibitors",
                "InterventionBrowseLeafRelevance":"low"
              }
            ]
          },
          "InterventionBrowseBranchList":{
            "InterventionBrowseBranch":[
              {
                "InterventionBrowseBranchAbbrev":"All",
                "InterventionBrowseBranchName":"All Drugs and Chemicals"
              },{
                "InterventionBrowseBranchAbbrev":"Infe",
                "InterventionBrowseBranchName":"Anti-Infective Agents"
              },{
                "InterventionBrowseBranchAbbrev":"ANeo",
                "InterventionBrowseBranchName":"Antineoplastic Agents"
              }
            ]
          }
        }
      }
    }
  }
}

