{
  "FullStudy":{
    "Rank":60170,
    "Study":{
      "ProtocolSection":{
        "IdentificationModule":{
          "NCTId":"NCT04066543",
          "OrgStudyIdInfo":{
            "OrgStudyId":"ALTNZJ-002"
          },
          "Organization":{
            "OrgFullName":"Zhejiang Cancer Hospital",
            "OrgClass":"OTHER"
          },
          "BriefTitle":"TACE Combined With Anlotinib Treatment of Middle-advanced Hepatocellular Carcinoma (HCC) Patients",
          "OfficialTitle":"A Single-center Randomized Controlled Clinical Trial of TACE Combined With Anlotinib Comparing With TACE in the Treatment of Middle-advanced Hepatocellular Carcinoma (HCC) Patients"
        },
        "StatusModule":{
          "StatusVerifiedDate":"August 2019",
          "OverallStatus":"Recruiting",
          "ExpandedAccessInfo":{
            "HasExpandedAccess":"No"
          },
          "StartDateStruct":{
            "StartDate":"August 30, 2019",
            "StartDateType":"Anticipated"
          },
          "PrimaryCompletionDateStruct":{
            "PrimaryCompletionDate":"May 30, 2021",
            "PrimaryCompletionDateType":"Anticipated"
          },
          "CompletionDateStruct":{
            "CompletionDate":"October 30, 2021",
            "CompletionDateType":"Anticipated"
          },
          "StudyFirstSubmitDate":"August 22, 2019",
          "StudyFirstSubmitQCDate":"August 22, 2019",
          "StudyFirstPostDateStruct":{
            "StudyFirstPostDate":"August 26, 2019",
            "StudyFirstPostDateType":"Actual"
          },
          "LastUpdateSubmitDate":"August 22, 2019",
          "LastUpdatePostDateStruct":{
            "LastUpdatePostDate":"August 26, 2019",
            "LastUpdatePostDateType":"Actual"
          }
        },
        "SponsorCollaboratorsModule":{
          "ResponsibleParty":{
            "ResponsiblePartyType":"Sponsor"
          },
          "LeadSponsor":{
            "LeadSponsorName":"Zhejiang Cancer Hospital",
            "LeadSponsorClass":"OTHER"
          }
        },
        "OversightModule":{
          "OversightHasDMC":"No",
          "IsFDARegulatedDrug":"No",
          "IsFDARegulatedDevice":"No",
          "IsUSExport":"No"
        },
        "DescriptionModule":{
          "BriefSummary":"This study was designed to evaluate the effectiveness of Anlotinib in middle-advanced Hepatocellular Carcinoma (HCC) Patients.",
          "DetailedDescription":"The aim of this study is to include 40 patients with middle-advanced Hepatocellular Carcinoma .These patients were randomly allocated to TACE treatment group or TACE+Anlotinib treatment group.The treatment effectiveness, local tumor control and survival outcome between the two groups were compared."
        },
        "ConditionsModule":{
          "ConditionList":{
            "Condition":[
              "Carcinoma, Hepatocellular"
            ]
          }
        },
        "DesignModule":{
          "StudyType":"Interventional",
          "PhaseList":{
            "Phase":[
              "Phase 2"
            ]
          },
          "DesignInfo":{
            "DesignAllocation":"Randomized",
            "DesignInterventionModel":"Parallel Assignment",
            "DesignInterventionModelDescription":"TACE vs.TACE+Anlotinib",
            "DesignPrimaryPurpose":"Treatment",
            "DesignMaskingInfo":{
              "DesignMasking":"None (Open Label)"
            }
          },
          "EnrollmentInfo":{
            "EnrollmentCount":"40",
            "EnrollmentType":"Anticipated"
          }
        },
        "ArmsInterventionsModule":{
          "ArmGroupList":{
            "ArmGroup":[
              {
                "ArmGroupLabel":"TACE group",
                "ArmGroupType":"Active Comparator",
                "ArmGroupDescription":"Device: Transcatheter arterial chemoembolization(TACE)",
                "ArmGroupInterventionList":{
                  "ArmGroupInterventionName":[
                    "Device: TACE"
                  ]
                }
              },{
                "ArmGroupLabel":"TACE+Anlotinib group",
                "ArmGroupType":"Experimental",
                "ArmGroupDescription":"Device: Transcatheter arterial chemoembolization Drug: Anlotinib Anlotinib hydrochloride capsule, according to the recommended dose, po, qd, continuous oral 2 weeks stop for 1 week, 3 weeks for a cycle.",
                "ArmGroupInterventionList":{
                  "ArmGroupInterventionName":[
                    "Device: TACE",
                    "Drug: Anlotinib Hydrochloride"
                  ]
                }
              }
            ]
          },
          "InterventionList":{
            "Intervention":[
              {
                "InterventionType":"Device",
                "InterventionName":"TACE",
                "InterventionDescription":"The modified Seldinger puncture was used to puncture the cutaneous-femoral artery, insert the catheter and perform hepatic artery angiography. The location, morphology and blood supply of liver tissue lesions were comprehensively understood. The use of chemotherapeutic drugs and the dosage of iodized oil as the embolic agent were determined according to the general situation. The catheter was injected into the supply vessel of the tumor, and 5-FU and adriamycin were injected according to the situation. The embolic agent was injected with iodized oil as carrier, mixed with chemotherapeutic drugs at the same time, and then assisted with gelatin sponge for embolization. Antiemetic drugs were given before treatment and hepatoprotective drugs were given after operation. Until the disease progresses.",
                "InterventionArmGroupLabelList":{
                  "InterventionArmGroupLabel":[
                    "TACE group",
                    "TACE+Anlotinib group"
                  ]
                }
              },{
                "InterventionType":"Drug",
                "InterventionName":"Anlotinib Hydrochloride",
                "InterventionDescription":"Anlotinib hydrochloride capsule, according to the recommended dose, po, qd, continuous oral 2 weeks stop for 1 week, 3 weeks for a cycle.",
                "InterventionArmGroupLabelList":{
                  "InterventionArmGroupLabel":[
                    "TACE+Anlotinib group"
                  ]
                },
                "InterventionOtherNameList":{
                  "InterventionOtherName":[
                    "Anlotinib"
                  ]
                }
              }
            ]
          }
        },
        "OutcomesModule":{
          "PrimaryOutcomeList":{
            "PrimaryOutcome":[
              {
                "PrimaryOutcomeMeasure":"PFS",
                "PrimaryOutcomeDescription":"Progress Free Survival",
                "PrimaryOutcomeTimeFrame":"12 months"
              }
            ]
          }
        },
        "EligibilityModule":{
          "EligibilityCriteria":"Inclusion Criteria:\n\nSubject has no contraindication to chemotherapy, and has no obvious obstacles in the function of major organs such as heart, lung, liver and kidney;\nSubject has middle-advanced liver cancer of Barcelona Clinic Liver Cancer stages B/C ;\nLiver function child-pugh class A or B; Karnofsky (KPS) score > 60 points;\nSubject could not accept surgical resection or refuse surgical operation;and who did not receive other treatment before operation.\n\n5.18~75 years old; ECOG PS score: 0-1 points; expected survival period is more than 3 months.\n\nExclusion Criteria:\n\nSubject has contraindications to chemotherapy;\nSubject has obstacle in the function of major organs such as heart, lung, liver and kidney;\nSevere coagulation dysfunction (prothrombin time > 18 s or hemorrhagic tendency);\nUncontrollable hypertension and portal hypertension;\nHepatic artery-portal vein or hepatic vein fistula or portal vein trunk cancer thrombus;\nA large amount of ascites or refractory ascites;\nWith distant metastasis.",
          "HealthyVolunteers":"No",
          "Gender":"All",
          "MinimumAge":"18 Years",
          "MaximumAge":"75 Years",
          "StdAgeList":{
            "StdAge":[
              "Adult",
              "Older Adult"
            ]
          }
        },
        "ContactsLocationsModule":{
          "CentralContactList":{
            "CentralContact":[
              {
                "CentralContactName":"Guoliang Shao",
                "CentralContactRole":"Contact",
                "CentralContactPhone":"+8613958183472",
                "CentralContactEMail":"Shaoguoliang666@hotmail.com"
              }
            ]
          },
          "OverallOfficialList":{
            "OverallOfficial":[
              {
                "OverallOfficialName":"Guoliang Shao",
                "OverallOfficialAffiliation":"Zhejiang Cancer Hospital",
                "OverallOfficialRole":"Principal Investigator"
              }
            ]
          },
          "LocationList":{
            "Location":[
              {
                "LocationFacility":"Zhejiang Cancer Hospital",
                "LocationStatus":"Recruiting",
                "LocationCity":"Hangzhou",
                "LocationState":"Zhejiang",
                "LocationCountry":"China"
              }
            ]
          }
        },
        "IPDSharingStatementModule":{
          "IPDSharing":"No"
        }
      },
      "DerivedSection":{
        "MiscInfoModule":{
          "VersionHolder":"April 19, 2021"
        },
        "ConditionBrowseModule":{
          "ConditionMeshList":{
            "ConditionMesh":[
              {
                "ConditionMeshId":"D000002277",
                "ConditionMeshTerm":"Carcinoma"
              },{
                "ConditionMeshId":"D000006528",
                "ConditionMeshTerm":"Carcinoma, Hepatocellular"
              }
            ]
          },
          "ConditionAncestorList":{
            "ConditionAncestor":[
              {
                "ConditionAncestorId":"D000009375",
                "ConditionAncestorTerm":"Neoplasms, Glandular and Epithelial"
              },{
                "ConditionAncestorId":"D000009370",
                "ConditionAncestorTerm":"Neoplasms by Histologic Type"
              },{
                "ConditionAncestorId":"D000009369",
                "ConditionAncestorTerm":"Neoplasms"
              },{
                "ConditionAncestorId":"D000000230",
                "ConditionAncestorTerm":"Adenocarcinoma"
              },{
                "ConditionAncestorId":"D000008113",
                "ConditionAncestorTerm":"Liver Neoplasms"
              },{
                "ConditionAncestorId":"D000004067",
                "ConditionAncestorTerm":"Digestive System Neoplasms"
              },{
                "ConditionAncestorId":"D000009371",
                "ConditionAncestorTerm":"Neoplasms by Site"
              },{
                "ConditionAncestorId":"D000004066",
                "ConditionAncestorTerm":"Digestive System Diseases"
              },{
                "ConditionAncestorId":"D000008107",
                "ConditionAncestorTerm":"Liver Diseases"
              }
            ]
          },
          "ConditionBrowseLeafList":{
            "ConditionBrowseLeaf":[
              {
                "ConditionBrowseLeafId":"M4116",
                "ConditionBrowseLeafName":"Carcinoma",
                "ConditionBrowseLeafAsFound":"Carcinoma",
                "ConditionBrowseLeafRelevance":"high"
              },{
                "ConditionBrowseLeafId":"M8196",
                "ConditionBrowseLeafName":"Carcinoma, Hepatocellular",
                "ConditionBrowseLeafAsFound":"Carcinoma, Hepatocellular",
                "ConditionBrowseLeafRelevance":"high"
              },{
                "ConditionBrowseLeafId":"M10903",
                "ConditionBrowseLeafName":"Neoplasms, Glandular and Epithelial",
                "ConditionBrowseLeafRelevance":"low"
              },{
                "ConditionBrowseLeafId":"M10898",
                "ConditionBrowseLeafName":"Neoplasms by Histologic Type",
                "ConditionBrowseLeafRelevance":"low"
              },{
                "ConditionBrowseLeafId":"M2166",
                "ConditionBrowseLeafName":"Adenocarcinoma",
                "ConditionBrowseLeafRelevance":"low"
              },{
                "ConditionBrowseLeafId":"M9696",
                "ConditionBrowseLeafName":"Liver Neoplasms",
                "ConditionBrowseLeafRelevance":"low"
              },{
                "ConditionBrowseLeafId":"M7469",
                "ConditionBrowseLeafName":"Gastrointestinal Neoplasms",
                "ConditionBrowseLeafRelevance":"low"
              },{
                "ConditionBrowseLeafId":"M5839",
                "ConditionBrowseLeafName":"Digestive System Neoplasms",
                "ConditionBrowseLeafRelevance":"low"
              },{
                "ConditionBrowseLeafId":"M5838",
                "ConditionBrowseLeafName":"Digestive System Diseases",
                "ConditionBrowseLeafRelevance":"low"
              },{
                "ConditionBrowseLeafId":"M7466",
                "ConditionBrowseLeafName":"Gastrointestinal Diseases",
                "ConditionBrowseLeafRelevance":"low"
              },{
                "ConditionBrowseLeafId":"M9690",
                "ConditionBrowseLeafName":"Liver Diseases",
                "ConditionBrowseLeafRelevance":"low"
              }
            ]
          },
          "ConditionBrowseBranchList":{
            "ConditionBrowseBranch":[
              {
                "ConditionBrowseBranchAbbrev":"BC04",
                "ConditionBrowseBranchName":"Cancers and Other Neoplasms"
              },{
                "ConditionBrowseBranchAbbrev":"All",
                "ConditionBrowseBranchName":"All Conditions"
              },{
                "ConditionBrowseBranchAbbrev":"BC06",
                "ConditionBrowseBranchName":"Digestive System Diseases"
              }
            ]
          }
        },
        "InterventionBrowseModule":{
          "InterventionBrowseLeafList":{
            "InterventionBrowseLeaf":[
              {
                "InterventionBrowseLeafId":"M7183",
                "InterventionBrowseLeafName":"Fluorouracil",
                "InterventionBrowseLeafRelevance":"low"
              },{
                "InterventionBrowseLeafId":"M2832",
                "InterventionBrowseLeafName":"Antiemetics",
                "InterventionBrowseLeafRelevance":"low"
              },{
                "InterventionBrowseLeafId":"M9693",
                "InterventionBrowseLeafName":"Liver Extracts",
                "InterventionBrowseLeafRelevance":"low"
              },{
                "InterventionBrowseLeafId":"M4565",
                "InterventionBrowseLeafName":"Chlorotrianisene",
                "InterventionBrowseLeafRelevance":"low"
              }
            ]
          },
          "InterventionBrowseBranchList":{
            "InterventionBrowseBranch":[
              {
                "InterventionBrowseBranchAbbrev":"ANeo",
                "InterventionBrowseBranchName":"Antineoplastic Agents"
              },{
                "InterventionBrowseBranchAbbrev":"All",
                "InterventionBrowseBranchName":"All Drugs and Chemicals"
              },{
                "InterventionBrowseBranchAbbrev":"AnEm",
                "InterventionBrowseBranchName":"Antiemetics"
              },{
                "InterventionBrowseBranchAbbrev":"Gast",
                "InterventionBrowseBranchName":"Gastrointestinal Agents"
              },{
                "InterventionBrowseBranchAbbrev":"Hemat",
                "InterventionBrowseBranchName":"Hematinics"
              }
            ]
          }
        }
      }
    }
  }
}

