{
  "FullStudy":{
    "Rank":60247,
    "Study":{
      "ProtocolSection":{
        "IdentificationModule":{
          "NCTId":"NCT04065542",
          "OrgStudyIdInfo":{
            "OrgStudyId":"2019 FCE"
          },
          "Organization":{
            "OrgFullName":"University Hospital, Clermont-Ferrand",
            "OrgClass":"OTHER"
          },
          "BriefTitle":"Determinants of Health and Cancer: Investigating the Conceptions of Children From 6 to 11 Years Old",
          "OfficialTitle":"Determinants of Health and Cancer: Investigating the Conceptions of Children From 6 to 11 Years Old",
          "Acronym":"FCE"
        },
        "StatusModule":{
          "StatusVerifiedDate":"May 2019",
          "OverallStatus":"Recruiting",
          "ExpandedAccessInfo":{
            "HasExpandedAccess":"No"
          },
          "StartDateStruct":{
            "StartDate":"January 1, 2019",
            "StartDateType":"Actual"
          },
          "PrimaryCompletionDateStruct":{
            "PrimaryCompletionDate":"August 31, 2019",
            "PrimaryCompletionDateType":"Anticipated"
          },
          "CompletionDateStruct":{
            "CompletionDate":"December 31, 2019",
            "CompletionDateType":"Anticipated"
          },
          "StudyFirstSubmitDate":"May 28, 2019",
          "StudyFirstSubmitQCDate":"August 21, 2019",
          "StudyFirstPostDateStruct":{
            "StudyFirstPostDate":"August 22, 2019",
            "StudyFirstPostDateType":"Actual"
          },
          "LastUpdateSubmitDate":"August 21, 2019",
          "LastUpdatePostDateStruct":{
            "LastUpdatePostDate":"August 22, 2019",
            "LastUpdatePostDateType":"Actual"
          }
        },
        "SponsorCollaboratorsModule":{
          "ResponsibleParty":{
            "ResponsiblePartyType":"Sponsor"
          },
          "LeadSponsor":{
            "LeadSponsorName":"University Hospital, Clermont-Ferrand",
            "LeadSponsorClass":"OTHER"
          },
          "CollaboratorList":{
            "Collaborator":[
              {
                "CollaboratorName":"Université d'Auvergne",
                "CollaboratorClass":"OTHER"
              }
            ]
          }
        },
        "OversightModule":{
          "IsFDARegulatedDrug":"No",
          "IsFDARegulatedDevice":"No"
        },
        "DescriptionModule":{
          "BriefSummary":"Model and map, from a qualitative multi-phased protocol, the conceptions and systems of conceptions of the determinants of health and cancer expressed and perceived by schoolchildren aged 6 to 11 years. The secondary objectives are to analyze the ability to question the conceptions of children's health regardless of their age and to link conceptions and determinants to contextual factors. The informative value and complementarity of the collection tools (photo expression, QC, photo-narration) and the relevance of a mixed analysis methodology (qualitative and quantitative) in order to highlight the different determinants of health will also be studied.",
          "DetailedDescription":"Qualitative observational study of human and social sciences (SHS), multicenter, conducted with schoolchildren.\n\nThe qualitative methodology used combines the use of photographs, open questionnaires and focus groups, over very large panels, aiming at both diversity and representativeness.\n\nPhoto expression: to identify the determinants perceived as having a positive or negative influence on one's health;\nCQR : Certainty/Question/Rumour on how to take care of one's health (health promotion input following on from school policies, i.e. PES: Politique d'Etablissements Scolaires);\nPhoto narration: to identify argumentative frameworks in health and alternatives perceived as being positive or negative for one's health,\nFocus groups: to improve understanding of the rationalities built by adolescents in relation to that which determines their health.\n\nThis choice is justified by the need to explore and understand the actions from the participants' point of view.\n\nThe diversity of schools and pupils (5 classes in 4 schools in the AURA region, i.e. 320 pupils) will make it possible to obtain the data saturation required in qualitative research.\n\nThis makes it possible to consider a mixed analysis strategy, both qualitative and quantitative.\n\nThis project aims to better understand the rationalities elaborated by children and the way in which their concepts on the determinants of cancer interlink, as well as to describe the declared impact these concepts have on the decision-making regarding their health."
        },
        "ConditionsModule":{
          "ConditionList":{
            "Condition":[
              "Child",
              "Determinants of Health",
              "Qualitative Research",
              "Cancer"
            ]
          },
          "KeywordList":{
            "Keyword":[
              "Social behaviour",
              "Qualitative research",
              "Child",
              "Cancer"
            ]
          }
        },
        "DesignModule":{
          "StudyType":"Observational",
          "PatientRegistry":"No",
          "DesignInfo":{
            "DesignObservationalModelList":{
              "DesignObservationalModel":[
                "Other"
              ]
            },
            "DesignTimePerspectiveList":{
              "DesignTimePerspective":[
                "Prospective"
              ]
            }
          },
          "EnrollmentInfo":{
            "EnrollmentCount":"320",
            "EnrollmentType":"Anticipated"
          }
        },
        "OutcomesModule":{
          "PrimaryOutcomeList":{
            "PrimaryOutcome":[
              {
                "PrimaryOutcomeMeasure":"categorized groups by genre according to the Relation to the environment criteria",
                "PrimaryOutcomeDescription":"The analysis of the content will be carried out according to the ascending / descending method by categorization, described by Laurence Bardin. According to L. Bardin (2013), categorization is an operation of classification of elements constituting a set by differentiation then grouping by genre (analogy) according to previously defined criteria.",
                "PrimaryOutcomeTimeFrame":"day 1"
              },{
                "PrimaryOutcomeMeasure":"categorized groups by genre according to a Factors of fulfillment and personal development criteria",
                "PrimaryOutcomeDescription":"The analysis of the content will be carried out according to the ascending / descending method by categorization, described by Laurence Bardin. According to L. Bardin (2013), categorization is an operation of classification of elements constituting a set by differentiation then grouping by genre (analogy) according to previously defined criteria.",
                "PrimaryOutcomeTimeFrame":"day 1"
              },{
                "PrimaryOutcomeMeasure":"categorized groups by genre according to the link with a healt theme criteria",
                "PrimaryOutcomeDescription":"The analysis of the content will be carried out according to the ascending / descending method by categorization, described by Laurence Bardin. According to L. Bardin (2013), categorization is an operation of classification of elements constituting a set by differentiation then grouping by genre (analogy) according to previously defined criteria.",
                "PrimaryOutcomeTimeFrame":"day 1"
              },{
                "PrimaryOutcomeMeasure":"categorized groups by genre according to Care activities criteria",
                "PrimaryOutcomeDescription":"The analysis of the content will be carried out according to the ascending / descending method by categorization, described by Laurence Bardin. According to L. Bardin (2013), categorization is an operation of classification of elements constituting a set by differentiation then grouping by genre (analogy) according to previously defined criteria.",
                "PrimaryOutcomeTimeFrame":"day 1"
              },{
                "PrimaryOutcomeMeasure":"categorized groups by genre according to a Recommendation and support in health in the social sphere criteria",
                "PrimaryOutcomeDescription":"The analysis of the content will be carried out according to the ascending / descending method by categorization, described by Laurence Bardin. According to L. Bardin (2013), categorization is an operation of classification of elements constituting a set by differentiation then grouping by genre (analogy) according to previously defined criteria.",
                "PrimaryOutcomeTimeFrame":"day 1"
              },{
                "PrimaryOutcomeMeasure":"categorized groups by genre according to an health capital criteria",
                "PrimaryOutcomeDescription":"The analysis of the content will be carried out according to the ascending / descending method by categorization, described by Laurence Bardin. According to L. Bardin (2013), categorization is an operation of classification of elements constituting a set by differentiation then grouping by genre (analogy) according to previously defined criteria.",
                "PrimaryOutcomeTimeFrame":"day 1"
              },{
                "PrimaryOutcomeMeasure":"categorized groups by genre according to the emotional dimension in social relations criteria",
                "PrimaryOutcomeDescription":"The analysis of the content will be carried out according to the ascending / descending method by categorization, described by Laurence Bardin. According to L. Bardin (2013), categorization is an operation of classification of elements constituting a set by differentiation then grouping by genre (analogy) according to previously defined criteria.",
                "PrimaryOutcomeTimeFrame":"day 1"
              }
            ]
          },
          "SecondaryOutcomeList":{
            "SecondaryOutcome":[
              {
                "SecondaryOutcomeMeasure":"Incidence of children able to explain their health regardless of their age",
                "SecondaryOutcomeDescription":"The informative value and complementarity of the collection tools (photo The informative value are measured with collection tools (photo expression, photo-narration) and a mixed analysis methodology (qualitative and quantitative) is used in order to highlight the different determinants of health.",
                "SecondaryOutcomeTimeFrame":"Day 1"
              },{
                "SecondaryOutcomeMeasure":"Incidence of children able to explain their health regardless of their contextual factors",
                "SecondaryOutcomeDescription":"The informative value are measured with collection tools (photo expression, photo-narration) and a mixed analysis methodology (qualitative and quantitative) is used in order to highlight the different determinants of health.",
                "SecondaryOutcomeTimeFrame":"Day 1"
              },{
                "SecondaryOutcomeMeasure":"Identify child profile",
                "SecondaryOutcomeDescription":"Identify child profiles / classes / school based :• Socio-demographic data (class / age, sex, class size, number of male and female, school enrollment, class number, geographical location, priority education, team stability, health project, type of project, impression of researchers)\n\n• Domains or designs: Individual & collective Domains created during the qualitative analysis",
                "SecondaryOutcomeTimeFrame":"Day 1"
              }
            ]
          }
        },
        "EligibilityModule":{
          "EligibilityCriteria":"Inclusion Criteria:\n\nSchool volunteering to participate in the project Primary school\nchildren aged 6 to 11\nGirls and boys\nAll school levels Private and public primary school\nRural and urban primary school\n\nExclusion Criteria:\n\nClass ULIS\nStudents who benefit from a personalized support plan\nIndividual refusal of participation (child and / or family)",
          "Gender":"All",
          "MinimumAge":"6 Years",
          "MaximumAge":"11 Years",
          "StdAgeList":{
            "StdAge":[
              "Child"
            ]
          },
          "StudyPopulation":"chidren",
          "SamplingMethod":"Non-Probability Sample"
        },
        "ContactsLocationsModule":{
          "CentralContactList":{
            "CentralContact":[
              {
                "CentralContactName":"Lise Laclautre",
                "CentralContactRole":"Contact",
                "CentralContactPhone":"0473754963",
                "CentralContactEMail":"promo-interne-drci@chu-clermontferrand.fr"
              }
            ]
          },
          "LocationList":{
            "Location":[
              {
                "LocationFacility":"Lise LACLAUTRE",
                "LocationStatus":"Recruiting",
                "LocationCity":"Clermont-Ferrand",
                "LocationZip":"63000",
                "LocationCountry":"France",
                "LocationContactList":{
                  "LocationContact":[
                    {
                      "LocationContactName":"Lise Laclautre",
                      "LocationContactRole":"Contact",
                      "LocationContactPhone":"0473754963",
                      "LocationContactEMail":"promo-interne-drci@chu-clermontferrand.fr"
                    },{
                      "LocationContactName":"Frank PIZON, MCF HDR",
                      "LocationContactRole":"Principal Investigator"
                    },{
                      "LocationContactName":"Laurent GERBAUD, PU PH",
                      "LocationContactRole":"Sub-Investigator"
                    }
                  ]
                }
              }
            ]
          }
        }
      },
      "DerivedSection":{
        "MiscInfoModule":{
          "VersionHolder":"April 19, 2021"
        }
      }
    }
  }
}

