{
  "FullStudy":{
    "Rank":60209,
    "Study":{
      "ProtocolSection":{
        "IdentificationModule":{
          "NCTId":"NCT04066036",
          "OrgStudyIdInfo":{
            "OrgStudyId":"2019P000898-A"
          },
          "SecondaryIdInfoList":{
            "SecondaryIdInfo":[
              {
                "SecondaryId":"K23AI143470",
                "SecondaryIdType":"U.S. NIH Grant/Contract",
                "SecondaryIdLink":"https://projectreporter.nih.gov/reporterapi.cfm?PROJECTNUM=K23AI143470&Fy=all"
              },{
                "SecondaryId":"212215",
                "SecondaryIdType":"Other Grant/Funding Number",
                "SecondaryIdDomain":"ViiV Healthcare"
              },{
                "SecondaryId":"WT108082AIA",
                "SecondaryIdType":"Other Grant/Funding Number",
                "SecondaryIdDomain":"Wellcome Trust"
              }
            ]
          },
          "Organization":{
            "OrgFullName":"Massachusetts General Hospital",
            "OrgClass":"OTHER"
          },
          "BriefTitle":"Population Effectiveness of Dolutegravir Implementation in Sub-Saharan Africa",
          "OfficialTitle":"Population Effectiveness of Dolutegravir Implementation in Sub-Saharan Africa: A Prospective Observational Cohort Study",
          "Acronym":"DISCO"
        },
        "StatusModule":{
          "StatusVerifiedDate":"August 2020",
          "OverallStatus":"Recruiting",
          "ExpandedAccessInfo":{
            "HasExpandedAccess":"No"
          },
          "StartDateStruct":{
            "StartDate":"May 14, 2019",
            "StartDateType":"Actual"
          },
          "PrimaryCompletionDateStruct":{
            "PrimaryCompletionDate":"October 1, 2021",
            "PrimaryCompletionDateType":"Anticipated"
          },
          "CompletionDateStruct":{
            "CompletionDate":"October 1, 2021",
            "CompletionDateType":"Anticipated"
          },
          "StudyFirstSubmitDate":"August 21, 2019",
          "StudyFirstSubmitQCDate":"August 21, 2019",
          "StudyFirstPostDateStruct":{
            "StudyFirstPostDate":"August 22, 2019",
            "StudyFirstPostDateType":"Actual"
          },
          "LastUpdateSubmitDate":"August 31, 2020",
          "LastUpdatePostDateStruct":{
            "LastUpdatePostDate":"September 2, 2020",
            "LastUpdatePostDateType":"Actual"
          }
        },
        "SponsorCollaboratorsModule":{
          "ResponsibleParty":{
            "ResponsiblePartyType":"Principal Investigator",
            "ResponsiblePartyInvestigatorFullName":"Mark Siedner",
            "ResponsiblePartyInvestigatorTitle":"Associate Professor, Assistant Physician",
            "ResponsiblePartyInvestigatorAffiliation":"Massachusetts General Hospital"
          },
          "LeadSponsor":{
            "LeadSponsorName":"Massachusetts General Hospital",
            "LeadSponsorClass":"OTHER"
          },
          "CollaboratorList":{
            "Collaborator":[
              {
                "CollaboratorName":"Africa Health Research Institute",
                "CollaboratorClass":"OTHER"
              },{
                "CollaboratorName":"Mbarara University of Science and Technology",
                "CollaboratorClass":"OTHER"
              },{
                "CollaboratorName":"National Institute of Allergy and Infectious Diseases (NIAID)",
                "CollaboratorClass":"NIH"
              },{
                "CollaboratorName":"Wellcome Trust",
                "CollaboratorClass":"OTHER"
              },{
                "CollaboratorName":"ViiV Healthcare",
                "CollaboratorClass":"INDUSTRY"
              },{
                "CollaboratorName":"Harvard Medical School",
                "CollaboratorClass":"OTHER"
              },{
                "CollaboratorName":"University of KwaZulu",
                "CollaboratorClass":"OTHER"
              },{
                "CollaboratorName":"Emory University",
                "CollaboratorClass":"OTHER"
              }
            ]
          }
        },
        "OversightModule":{
          "OversightHasDMC":"No",
          "IsFDARegulatedDrug":"No",
          "IsFDARegulatedDevice":"No"
        },
        "DescriptionModule":{
          "BriefSummary":"This is a prospective observational cohort study enrolling participants in South Africa and Uganda who are prescribed an HIV treatment regimen containing lamivudine, tenofovir, and dolutegravir, which is known as TLD. We hope to better understand how effective TLD will be in sub-Saharan Africa. If treatment failure occurs, we seek to understand the possible reasons, including drug resistance and adherence challenges.",
          "DetailedDescription":"This study is a prospective observational cohort study at three government-supported HIV clinics in rural South Africa and Uganda. We will enroll 1,000 adults living with HIV who are switched from first-line antiretroviral therapy (ART) containing non-nucleoside reverse transcriptase inhibitors (NNRTIs) to TLD. We will follow participants for one year with study visits at enrollment, 24 weeks, and 48 weeks. Study procedures include interviews, body measurements, chart review, and collection of blood and urine specimens for retrospective testing, including viral load, drug resistance testing, antiretroviral drug level testing, and tests to evaluate the effects of TLD on renal, liver, metabolic, and other organ function.\n\nAim 1: To determine the contributions of resistance prior to switch to TLD from a NNRTI-based regimen to risk of treatment failure after six and twelve months on TLD. Hypothesis: People living with HIV who experience virologic failure on TLD will have increased odds of NRTI mutations prior to TLD exposure, compared to controls with virologic suppression.\n\nAim 2: Explore pharmacologic measures of adherence to distinguish virologic failure on TLD due to suboptimal adherence versus resistance using 2a) urine tenofovir (TFV) levels and 2b) tenofovir diphosphate (TFV-DP) in dried blood spots (DBS). Hypothesis: Absence of TFV in urine and TFV-DP concentrations in DBS will distinguish ART failure with versus without resistance."
        },
        "ConditionsModule":{
          "ConditionList":{
            "Condition":[
              "HIV-1-infection"
            ]
          },
          "KeywordList":{
            "Keyword":[
              "HIV Integrase Inhibitors",
              "Sub-Saharan Africa",
              "Anti-HIV Agents",
              "Medication Adherence",
              "Virologic Failure",
              "Viral Drug Resistance",
              "South Africa",
              "Uganda",
              "HIV-1"
            ]
          }
        },
        "DesignModule":{
          "StudyType":"Observational",
          "PatientRegistry":"No",
          "DesignInfo":{
            "DesignObservationalModelList":{
              "DesignObservationalModel":[
                "Cohort"
              ]
            },
            "DesignTimePerspectiveList":{
              "DesignTimePerspective":[
                "Prospective"
              ]
            }
          },
          "BioSpec":{
            "BioSpecRetention":"Samples With DNA",
            "BioSpecDescription":"whole blood, buffy coat, plasma, urine"
          },
          "EnrollmentInfo":{
            "EnrollmentCount":"1000",
            "EnrollmentType":"Anticipated"
          }
        },
        "ArmsInterventionsModule":{
          "ArmGroupList":{
            "ArmGroup":[
              {
                "ArmGroupLabel":"Study Population",
                "ArmGroupDescription":"The study will enroll a total of 1,000 ART-experienced participants from the study sites in Uganda and South Africa who are being transitioned to TLD from non-nucleoside reverse transcriptase-based antiretroviral therapy.",
                "ArmGroupInterventionList":{
                  "ArmGroupInterventionName":[
                    "Other: This is an observational study only."
                  ]
                }
              }
            ]
          },
          "InterventionList":{
            "Intervention":[
              {
                "InterventionType":"Other",
                "InterventionName":"This is an observational study only.",
                "InterventionDescription":"This is an observational study only.",
                "InterventionArmGroupLabelList":{
                  "InterventionArmGroupLabel":[
                    "Study Population"
                  ]
                }
              }
            ]
          }
        },
        "OutcomesModule":{
          "PrimaryOutcomeList":{
            "PrimaryOutcome":[
              {
                "PrimaryOutcomeMeasure":"Proportion of participants with virologic failure (HIV-1 RNA >= 200 copies/mL)",
                "PrimaryOutcomeDescription":"HIV-1 RNA >= 200 copies/mL",
                "PrimaryOutcomeTimeFrame":"48 weeks"
              }
            ]
          },
          "SecondaryOutcomeList":{
            "SecondaryOutcome":[
              {
                "SecondaryOutcomeMeasure":"Proportion of participants with virologic failure (HIV-1 RNA >= 1,000 copies/mL)",
                "SecondaryOutcomeDescription":"HIV-1 RNA >= 1,000 copies/mL",
                "SecondaryOutcomeTimeFrame":"48 weeks"
              },{
                "SecondaryOutcomeMeasure":"Proportion of participants with HIV drug resistance",
                "SecondaryOutcomeDescription":"Proportion of participants with International AIDS Society-defined drug resistance mutations to their current regimen",
                "SecondaryOutcomeTimeFrame":"24 and 48 weeks"
              }
            ]
          }
        },
        "EligibilityModule":{
          "EligibilityCriteria":"Inclusion Criteria:\n\nAge ≥18 years\nHIV-positive and in care at one of the study clinics\nCurrent use of NNRTI-based, first-line ART for a minimum of 6 months\nPrescribed change to TLD by clinic staff\nResiding within 100 kilometers of the treatment clinic without plans to change permanent residence in the next 48 weeks\nConsents to participation\n\nExclusion Criteria:\n\nThere are no specific exclusion criteria. Both men and women will be theoretically eligible. We note that decision to use TLD in patients at the recruitment clinic will be made by clinic staff, and referral for study procedures will not be made until after this decision is made. We also note that, as of the time of this protocol draft, TLD use might be limited to men, women of non-child bearing ages, and women confirmed to be on contraception. This study will follow both national guidelines and clinician discretion about use of TLD in the clinic population.",
          "HealthyVolunteers":"No",
          "Gender":"All",
          "MinimumAge":"18 Years",
          "StdAgeList":{
            "StdAge":[
              "Adult",
              "Older Adult"
            ]
          },
          "StudyPopulation":"This study will enroll a total of 1,000 individuals from Uganda and South Africa, who are currently enrolled in care at one of the study clinics who have been taking NNRTI-based ART for a minimum of six months, and who are switching to TLD. 500 participants will be recruited from Uganda, and 500 will be recruited from South Africa.",
          "SamplingMethod":"Non-Probability Sample"
        },
        "ContactsLocationsModule":{
          "CentralContactList":{
            "CentralContact":[
              {
                "CentralContactName":"Suzanne M McCluskey, MD",
                "CentralContactRole":"Contact",
                "CentralContactPhone":"617-726-9488",
                "CentralContactEMail":"smccluskey@mgh.harvard.edu"
              }
            ]
          },
          "OverallOfficialList":{
            "OverallOfficial":[
              {
                "OverallOfficialName":"Suzanne M McCluskey, MD",
                "OverallOfficialAffiliation":"Massachusetts General Hospital",
                "OverallOfficialRole":"Principal Investigator"
              },{
                "OverallOfficialName":"Mark J Siedner, MD, MPH",
                "OverallOfficialAffiliation":"Massachusetts General Hospital, Africa Health Research Institute",
                "OverallOfficialRole":"Principal Investigator"
              }
            ]
          },
          "LocationList":{
            "Location":[
              {
                "LocationFacility":"Africa Health Research Institute",
                "LocationStatus":"Recruiting",
                "LocationCity":"Somkele",
                "LocationState":"KwaZulu-Natal",
                "LocationCountry":"South Africa",
                "LocationContactList":{
                  "LocationContact":[
                    {
                      "LocationContactName":"Mark J Siedner, MD, MPH",
                      "LocationContactRole":"Contact",
                      "LocationContactEMail":"msiedner@mgh.harvard.edu"
                    }
                  ]
                }
              },{
                "LocationFacility":"Mbarara University of Science and Technology",
                "LocationStatus":"Active, not recruiting",
                "LocationCity":"Mbarara",
                "LocationCountry":"Uganda"
              }
            ]
          }
        },
        "IPDSharingStatementModule":{
          "IPDSharing":"Yes",
          "IPDSharingDescription":"Data will be made public and accessible through request after completion of the primary analysis.",
          "IPDSharingInfoTypeList":{
            "IPDSharingInfoType":[
              "Study Protocol",
              "Statistical Analysis Plan (SAP)",
              "Analytic Code"
            ]
          },
          "IPDSharingTimeFrame":"After completion of the primary analysis",
          "IPDSharingAccessCriteria":"De-identified data and supporting information will be made available upon request after agreement among the principal investigators, and based on what is allowable in the study informed consent documents."
        }
      },
      "DerivedSection":{
        "MiscInfoModule":{
          "VersionHolder":"April 19, 2021"
        },
        "ConditionBrowseModule":{
          "ConditionBrowseLeafList":{
            "ConditionBrowseLeaf":[
              {
                "ConditionBrowseLeafId":"M8866",
                "ConditionBrowseLeafName":"Infection",
                "ConditionBrowseLeafRelevance":"low"
              },{
                "ConditionBrowseLeafId":"M4951",
                "ConditionBrowseLeafName":"Communicable Diseases",
                "ConditionBrowseLeafRelevance":"low"
              },{
                "ConditionBrowseLeafId":"M16833",
                "ConditionBrowseLeafName":"HIV Infections",
                "ConditionBrowseLeafRelevance":"low"
              },{
                "ConditionBrowseLeafId":"M2103",
                "ConditionBrowseLeafName":"Acquired Immunodeficiency Syndrome",
                "ConditionBrowseLeafRelevance":"low"
              }
            ]
          },
          "ConditionBrowseBranchList":{
            "ConditionBrowseBranch":[
              {
                "ConditionBrowseBranchAbbrev":"BC01",
                "ConditionBrowseBranchName":"Bacterial and Fungal Diseases"
              },{
                "ConditionBrowseBranchAbbrev":"All",
                "ConditionBrowseBranchName":"All Conditions"
              },{
                "ConditionBrowseBranchAbbrev":"BC02",
                "ConditionBrowseBranchName":"Viral Diseases"
              },{
                "ConditionBrowseBranchAbbrev":"BC20",
                "ConditionBrowseBranchName":"Immune System Diseases"
              }
            ]
          }
        },
        "InterventionBrowseModule":{
          "InterventionBrowseLeafList":{
            "InterventionBrowseLeaf":[
              {
                "InterventionBrowseLeafId":"M246879",
                "InterventionBrowseLeafName":"Dolutegravir",
                "InterventionBrowseLeafRelevance":"low"
              },{
                "InterventionBrowseLeafId":"M24015",
                "InterventionBrowseLeafName":"Anti-Retroviral Agents",
                "InterventionBrowseLeafRelevance":"low"
              },{
                "InterventionBrowseLeafId":"M19970",
                "InterventionBrowseLeafName":"Integrase Inhibitors",
                "InterventionBrowseLeafRelevance":"low"
              },{
                "InterventionBrowseLeafId":"M19934",
                "InterventionBrowseLeafName":"Anti-HIV Agents",
                "InterventionBrowseLeafRelevance":"low"
              },{
                "InterventionBrowseLeafId":"M19969",
                "InterventionBrowseLeafName":"HIV Integrase Inhibitors",
                "InterventionBrowseLeafRelevance":"low"
              }
            ]
          },
          "InterventionBrowseBranchList":{
            "InterventionBrowseBranch":[
              {
                "InterventionBrowseBranchAbbrev":"Infe",
                "InterventionBrowseBranchName":"Anti-Infective Agents"
              },{
                "InterventionBrowseBranchAbbrev":"All",
                "InterventionBrowseBranchName":"All Drugs and Chemicals"
              }
            ]
          }
        }
      }
    }
  }
}

