{
  "FullStudy":{
    "Rank":60309,
    "Study":{
      "ProtocolSection":{
        "IdentificationModule":{
          "NCTId":"NCT04064723",
          "OrgStudyIdInfo":{
            "OrgStudyId":"LCU-DeltaTT"
          },
          "Organization":{
            "OrgFullName":"Umeå University",
            "OrgClass":"OTHER"
          },
          "BriefTitle":"A Comparative Study of Stem and Cup Fixation and Polyethylene Wear",
          "OfficialTitle":"Link LCU + Lima Delta TT vs DePuy Corail + Pinnacle. A Comparative Study of Stem and Cup Fixation and Polyethylene Wear"
        },
        "StatusModule":{
          "StatusVerifiedDate":"August 2019",
          "OverallStatus":"Active, not recruiting",
          "ExpandedAccessInfo":{
            "HasExpandedAccess":"No"
          },
          "StartDateStruct":{
            "StartDate":"January 1, 2015",
            "StartDateType":"Actual"
          },
          "PrimaryCompletionDateStruct":{
            "PrimaryCompletionDate":"November 15, 2018",
            "PrimaryCompletionDateType":"Actual"
          },
          "CompletionDateStruct":{
            "CompletionDate":"November 15, 2023",
            "CompletionDateType":"Anticipated"
          },
          "StudyFirstSubmitDate":"April 23, 2019",
          "StudyFirstSubmitQCDate":"August 20, 2019",
          "StudyFirstPostDateStruct":{
            "StudyFirstPostDate":"August 22, 2019",
            "StudyFirstPostDateType":"Actual"
          },
          "LastUpdateSubmitDate":"August 20, 2019",
          "LastUpdatePostDateStruct":{
            "LastUpdatePostDate":"August 22, 2019",
            "LastUpdatePostDateType":"Actual"
          }
        },
        "SponsorCollaboratorsModule":{
          "ResponsibleParty":{
            "ResponsiblePartyType":"Principal Investigator",
            "ResponsiblePartyInvestigatorFullName":"Kjell G Nilsson",
            "ResponsiblePartyInvestigatorTitle":"Professor",
            "ResponsiblePartyInvestigatorAffiliation":"Umeå University"
          },
          "LeadSponsor":{
            "LeadSponsorName":"Umeå University",
            "LeadSponsorClass":"OTHER"
          }
        },
        "OversightModule":{
          "OversightHasDMC":"Yes"
        },
        "DescriptionModule":{
          "BriefSummary":"A randomized controlled study comparing two types of cementless femoral stems (LCU and Corail) and two types of acetabular components (DeltaTT and Pinnacle Duofix) in primary total hip arthroplasty. Primary outcome are component migration measured by RSA, wear and patient reported outcome. Patients are evaluated up to 15 years postoperatively.",
          "DetailedDescription":"Material Patients The study will be conducted according to GCP, (Good Clinical Practice). Potential clinical study participants will be identified from the THR waiting list of Umeå University Hospital. The enrolment process will involve a review of the patient history from the medical records in order to match available patient details with the inclusion/exclusion criteria (see below). Patients considered suitable for potential study enrolment will be contacted by a member of the research team to ascertain their level of interest in participating in this study.\n\nOnce verbal and written informed consent is provided a medical profile will be taken.\n\nInclusion criteria:\n\nPrimary or secondary osteoarthritis of the hip Male and non-pregnant female patients aged 18 to 70 years of age Type A or B femur Patients who understand the conditions of the study and are willing to participate for the length of the prescribed follow-up\n\nExclusion criteria BMI under 18 and over 35 Inflammatory arthritis Osteoporosis Paget's disease Grossly abnormal hip anatomy (severe dysplasia) Previous operations in the same hip Presence of malignancy Patients who, as judged by the surgeon, are mentally incompetent or are reasonable unlikely to be compliant with the requirements of the study Patient is female of child-bearing age and not taking contraceptive precautions\n\nImplants Control: Corail femoral stem and Pinnacle cup with Marathon XLPE neutral liner (DePuy Orthopaedics), Bilolox delta ceramic femoral head 32 mm Study: LCU femoral stem (Waldemar Link GmbH) and Delta TT cup with Neutral XLPE liner (Lima Corporate), Biolox delta ceramic femoral head 32 mm.\n\nFor both designs a 28 mm femoral head will be used when cup size (< 48 mm) precludes the use of larger head.\n\nThe stems will be fitted with 2 tantalum markers by the surgeon at the operation. One tantalum marker will be fixed in a small PEEK tower that will be screwed in at the shoulder of the stem. Another tantalum marker will be cemented at the tip of the stem before insertion. The PE liners will be fitted with tantalum beads by the surgeon at the time of surgery.\n\nThe shell of the Delta TT cup will have 2 to 3 tantalum markers attached to its outer surface. This process will be done by a subcontractor to the manufacturer.\n\nRandomization Stratification for gender will be done. Within each stratum there will be block randomization with 8 permutations in each block, each permutation will be either LCU+Delta TT, LCU+Pinnacle, Corail+Delta TT, or Corail+Pinnacle. The randomization plan generator available at www.randomization.com will be used to create the randomization which will then be put in consecutively numbered sealed envelopes, one series for each stratum. The envelopes will be located in a locked cabinet at the research nurse office. Due to logistic reasons it will not be possible to open the sealed envelope at the time for surgery. Instead the surgeon the day before surgery calls the research nurse who opens the envelope and assigns the patient name to that randomization. This procedure will ensure that correct instrumentation and implants will be available for surgery.\n\nOperative technique All patients will be operated through a postero-lateral approach. The height of the resection of the collum femoris is determined by preoperative templating. The acetabulum is prepared by reaming in 2 mm increments until a good bone contact is established. The press fit is tested with a trial cup. The recommendation is to use a cup the same size as the last reamer, line-to-line. The aim is 35 to 45 degrees of abduction and 15-20 degrees of anteversion. Additional screws are only used if surgeon considers that absolutely necessery. As standard a neutral liner is used routinely. If no sufficient stability of the hip is established with the neutral liner, a 20° lipped liner is used as a compromise solution. In case of acetabular fracture additional screws may be used but the patient is then excluded from the study.\n\nThe femoral canal is opened with a box chisel and a straight rasp is used for identifying the center of the femoral canal. Preparation is always started with the smallest broach. The size of the broach is increased until rotational stability in the preoperatively planed height is reached. A trial reduction, including testing of hip stability, is then performed. When adequate leg length, offset and stability is reached the definitive stem is inserted. If a femoral fracture occurs during operation a collared stem is used together with cerclage wiring and the patient will be excluded from the study. The ceramic head is assembled on to the properly cleaned taper with one firm blow.\n\n9 Tantalum markers will be inserted into the bone of the pelvis around acetabulum and 9 in the proximal femur using a special inserter. Tantalum markers will also be inserted into the polyethylene liner and, in case of Delta TT cup, into the outer surface of the metal cup. Finally 1 tantalum marker affixed to a purposely made PEEK tower will screwed onto the shoulder of the femoral stem and 1 marker cemented onto the tip of the stem.\n\nIntra op measurements Clinical quality of cup and stem insertion (surgeon's judgement): excellent, good, doubtful Degrees of femoral internal rotation at 90 degrees of hip flexion at time for subluxation of femoral head.\n\nSize of last cup and stem reamer/broach All implant parameters\n\nRSA Measurement of polyethylene wear, stem and cup migration and liner-shell fixation is measured with RSA within one week postop, and thereafter at 1½ mo, 3 mo, 12 mo, 24 mo, 5y, 10 y, and 15 y postoperatively.\n\nRSA has been used for implant research for over 30 years, with several hundreds of publications, and is considered the golden standard for this type of research.\n\nAt the time of operation tantalum spheres/markers (diameter 1 mm) are inserted into proximal femur, periacetabular area and in the polyethylene liner in a standardized manner. The femoral components will be equipped with 2 tantalum spheres in prefabricated cases.\n\nConventional x rays AP pelvis and AP + lateral of affected hip will be obtained preop. (for templating), within one week postop. (check and measurement of alignment) and at 12 mo, 24 mo, 5 y, 10 y and 15 y (for determination of osseointegration and osteolysis/stress shielding).\n\nComputed tomography (CT) CT of the pelvis around the cup will be performed 24 months and 5 or 10 years postoperatively to determine potential acetabular osteolysis / bone resorption.\n\nClinical evaluation Patient reported outcome measures: HOOS, Harris Hip Score, EQ5D, EQ5D VAS, SF-36 and UCLA activity score will be obtained preoperatively, and at all postoperative follow-ups.\n\nSerological measurements Level of serum titanium will be measured preoperative, and at 12 mo, 24 mo, 5y, 10 y, and 15 y postoperative"
        },
        "ConditionsModule":{
          "ConditionList":{
            "Condition":[
              "Osteoarthritis, Hip"
            ]
          },
          "KeywordList":{
            "Keyword":[
              "Osteoarthritis",
              "Total hip arthroplasty",
              "Uncemented total hip arthroplasty"
            ]
          }
        },
        "DesignModule":{
          "StudyType":"Interventional",
          "PhaseList":{
            "Phase":[
              "Not Applicable"
            ]
          },
          "DesignInfo":{
            "DesignAllocation":"Randomized",
            "DesignInterventionModel":"Parallel Assignment",
            "DesignInterventionModelDescription":"Control: Corail femoral stem and Pinnacle cup with Marathon XLPE neutral liner (DePuy Orthopaedics).\n\nStudy: LCU femoral stem (Waldemar Link GmbH) and Delta TT cup with Neutral XLPE liner (Lima Corporate).",
            "DesignPrimaryPurpose":"Treatment",
            "DesignMaskingInfo":{
              "DesignMasking":"None (Open Label)"
            }
          },
          "EnrollmentInfo":{
            "EnrollmentCount":"100",
            "EnrollmentType":"Anticipated"
          }
        },
        "ArmsInterventionsModule":{
          "ArmGroupList":{
            "ArmGroup":[
              {
                "ArmGroupLabel":"Stem components",
                "ArmGroupType":"Active Comparator",
                "ArmGroupDescription":"Randomization between two stem components. LCU or Corail stem.",
                "ArmGroupInterventionList":{
                  "ArmGroupInterventionName":[
                    "Device: Randomization between prosthetic components"
                  ]
                }
              },{
                "ArmGroupLabel":"Cup components",
                "ArmGroupType":"Active Comparator",
                "ArmGroupDescription":"Randomization between two cup components. DeltaTT or Pinnacle cup.",
                "ArmGroupInterventionList":{
                  "ArmGroupInterventionName":[
                    "Device: Randomization between prosthetic components"
                  ]
                }
              }
            ]
          },
          "InterventionList":{
            "Intervention":[
              {
                "InterventionType":"Device",
                "InterventionName":"Randomization between prosthetic components",
                "InterventionDescription":"Patients are randomized between two types of stem components and two types of cup components in total hip arthroplasty. Thus randomized between 4 different groups.",
                "InterventionArmGroupLabelList":{
                  "InterventionArmGroupLabel":[
                    "Cup components",
                    "Stem components"
                  ]
                }
              }
            ]
          }
        },
        "OutcomesModule":{
          "PrimaryOutcomeList":{
            "PrimaryOutcome":[
              {
                "PrimaryOutcomeMeasure":"Cup Migration",
                "PrimaryOutcomeDescription":"Migration measured in millimetres per year with radiostereometric (RSA) analysis of radiographs. Radiostereometric analysis (RSA) is a stereo X-ray technique used in clinical research studies to evaluate micro-motion and wear of orthopaedic implants within bone. The method has a high accuracy and precision. Technical requirements include the need for implanted marker beads and radiograph view angles determined by a calibration cage.",
                "PrimaryOutcomeTimeFrame":"1-15 years"
              },{
                "PrimaryOutcomeMeasure":"Femoral stem migration",
                "PrimaryOutcomeDescription":"Migration measured in millimetres per year with radiostereometric (RSA) analysis of radiographs.",
                "PrimaryOutcomeTimeFrame":"1-15 years"
              },{
                "PrimaryOutcomeMeasure":"Wear",
                "PrimaryOutcomeDescription":"The size of the femoral component penetration into the polyethylene measured in millimeters per year and the volumetric annual wear millimetres with radiostereometric (RSA) analysis of radiographs.",
                "PrimaryOutcomeTimeFrame":"1-15 years"
              }
            ]
          },
          "SecondaryOutcomeList":{
            "SecondaryOutcome":[
              {
                "SecondaryOutcomeMeasure":"Movement between liner and acetabular components",
                "SecondaryOutcomeDescription":"Movements between the polyethylene liner and the metal shell of the Delta TT millimetres with radiostereometric (RSA) analysis of radiographs measured in millimeters per year.",
                "SecondaryOutcomeTimeFrame":"1-15 years"
              },{
                "SecondaryOutcomeMeasure":"Patient reported outcome measurement",
                "SecondaryOutcomeDescription":"Hip disability and Osteoarthritis Outcome Score is a disease specific patient reported outcome measures ranging from 0-100 points. Obtained preoperatively, and at all postoperative follow-ups 6 weeks, 3, 12 months, 2, 5, 10 and 15 years.",
                "SecondaryOutcomeTimeFrame":"1-15 years"
              },{
                "SecondaryOutcomeMeasure":"Harris Hip Score",
                "SecondaryOutcomeDescription":"Harris Hip score is a patient reported outcome measure which include questions regarding the function of the treated hip. Obtained preoperatively, and at all postoperative follow-ups 6 weeks, 3, 12 months, 2, 5, 10 and 15 years.",
                "SecondaryOutcomeTimeFrame":"1-15 years"
              },{
                "SecondaryOutcomeMeasure":"EQ5D",
                "SecondaryOutcomeDescription":"A general health related quality of life questionnaire of which a score i calculated (-0,594-1.0). Obtained preoperatively, and at all postoperative follow-ups 6 weeks, 3, 12 months, 2, 5, 10 and 15 years.",
                "SecondaryOutcomeTimeFrame":"1-15 years"
              },{
                "SecondaryOutcomeMeasure":"Visual Analog Scale",
                "SecondaryOutcomeDescription":"Visual Analog Scale (0-100 points) obtained preoperatively, and at all postoperative follow-ups 6 weeks, 3, 12 months, 2, 5, 10 and 15 years.",
                "SecondaryOutcomeTimeFrame":"1-15 years"
              },{
                "SecondaryOutcomeMeasure":"University of California, Los Angeles (UCLA) activity scale",
                "SecondaryOutcomeDescription":"Patient reported outcome measure for evaluating activity University of California, Los Angeles (UCLA) activity scale (0-10). Obtained preoperatively, and at all postoperative follow-ups 6 weeks, 3, 12 months, 2, 5, 10 and 15 years.",
                "SecondaryOutcomeTimeFrame":"1-15 years"
              },{
                "SecondaryOutcomeMeasure":"Short Form Health Survey",
                "SecondaryOutcomeDescription":"Short Form Health Survey (0-100 points) is a general health related quality of life patient reported outcome measure Obtained preoperatively, and at all postoperative follow-ups 6 weeks, 3, 12 months, 2, 5, 10 and 15 years.",
                "SecondaryOutcomeTimeFrame":"1-15 years"
              }
            ]
          }
        },
        "EligibilityModule":{
          "EligibilityCriteria":"Inclusion Criteria:\n\nPrimary or secondary osteoarthritis of the hip\nMale and non-pregnant female patients aged 18 to 70 years of age\nType A or B femur\nPatients who understand the conditions of the study and are willing to participate for the length of the prescribed follow-up\n\nExclusion Criteria:\n\nBMI under 18 and over 35\nInflammatory arthritis\nOsteoporosis\nPaget's disease\nGrossly abnormal hip anatomy (severe dysplasia)\nPrevious operations in the same hip\nPresence of malignancy\nPatients who, as judged by the surgeon, are mentally incompetent or are reasonable unlikely to be compliant with the requirements of the study\nPatient is female of child-bearing age and not taking contraceptive precautions",
          "HealthyVolunteers":"No",
          "Gender":"All",
          "MinimumAge":"18 Years",
          "MaximumAge":"70 Years",
          "StdAgeList":{
            "StdAge":[
              "Adult",
              "Older Adult"
            ]
          }
        },
        "ContactsLocationsModule":{
          "OverallOfficialList":{
            "OverallOfficial":[
              {
                "OverallOfficialName":"Kjell G Nilsson, Ph.D",
                "OverallOfficialAffiliation":"Umeå University",
                "OverallOfficialRole":"Principal Investigator"
              }
            ]
          },
          "LocationList":{
            "Location":[
              {
                "LocationFacility":"Orthopedic department, Umeå University hospital",
                "LocationCity":"Umeå",
                "LocationState":"Västerbotten",
                "LocationZip":"907 37",
                "LocationCountry":"Sweden"
              },{
                "LocationFacility":"Umeå University hospital",
                "LocationCity":"Umeå",
                "LocationState":"Västerbotten",
                "LocationZip":"907 37",
                "LocationCountry":"Sweden"
              }
            ]
          }
        },
        "ReferencesModule":{
          "ReferenceList":{
            "Reference":[
              {
                "ReferencePMID":"22576931",
                "ReferenceType":"background",
                "ReferenceCitation":"Joglekar SB, Rose PS, Lewallen DG, Sim FH. Tantalum acetabular cups provide secure fixation in THA after pelvic irradiation at minimum 5-year followup. Clin Orthop Relat Res. 2012 Nov;470(11):3041-7. doi: 10.1007/s11999-012-2382-8."
              },{
                "ReferencePMID":"24269067",
                "ReferenceType":"background",
                "ReferenceCitation":"Goriainov V, Jones A, Briscoe A, New A, Dunlop D. Do the cup surface properties influence the initial stability? J Arthroplasty. 2014 Apr;29(4):757-62. doi: 10.1016/j.arth.2013.07.007. Epub 2013 Nov 22."
              },{
                "ReferencePMID":"16950057",
                "ReferenceType":"background",
                "ReferenceCitation":"Engh CA Jr, Stepniewski AS, Ginn SD, Beykirch SE, Sychterz-Terefenko CJ, Hopper RH Jr, Engh CA. A randomized prospective evaluation of outcomes after total hip arthroplasty using cross-linked marathon and non-cross-linked Enduron polyethylene liners. J Arthroplasty. 2006 Sep;21(6 Suppl 2):17-25."
              },{
                "ReferencePMID":"20012862",
                "ReferenceType":"background",
                "ReferenceCitation":"Campbell D, Mercer G, Nilsson KG, Wells V, Field JR, Callary SA. Early migration characteristics of a hydroxyapatite-coated femoral stem: an RSA study. Int Orthop. 2011 Apr;35(4):483-8. doi: 10.1007/s00264-009-0913-z. Epub 2009 Dec 13."
              },{
                "ReferencePMID":"9372762",
                "ReferenceType":"background",
                "ReferenceCitation":"Kärrholm J, Herberts P, Hultmark P, Malchau H, Nivbrant B, Thanner J. Radiostereometry of hip prostheses. Review of methodology and clinical results. Clin Orthop Relat Res. 1997 Nov;(344):94-110."
              },{
                "ReferencePMID":"21434845",
                "ReferenceType":"background",
                "ReferenceCitation":"Baad-Hansen T, Kold S, Nielsen PT, Laursen MB, Christensen PH, Soballe K. Comparison of trabecular metal cups and titanium fiber-mesh cups in primary hip arthroplasty: a randomized RSA and bone mineral densitometry study of 50 hips. Acta Orthop. 2011 Apr;82(2):155-60. doi: 10.3109/17453674.2011.572251. Epub 2011 Mar 25."
              },{
                "ReferencePMID":"18594097",
                "ReferenceType":"background",
                "ReferenceCitation":"Bitsch RG, Loidolt T, Heisel C, Ball S, Schmalzried TP. Reduction of osteolysis with use of Marathon cross-linked polyethylene. A concise follow-up, at a minimum of five years, of a previous report. J Bone Joint Surg Am. 2008 Jul;90(7):1487-91. doi: 10.2106/JBJS.F.00991."
              },{
                "ReferencePMID":"24954489",
                "ReferenceType":"background",
                "ReferenceCitation":"Madanat R, Mäkinen TJ, Aro HT, Bragdon C, Malchau H. Adherence of hip and knee arthroplasty studies to RSA standardization guidelines. A systematic review. Acta Orthop. 2014 Sep;85(5):447-55. doi: 10.3109/17453674.2014.934187. Epub 2014 Jun 23. Review."
              },{
                "ReferencePMID":"25909455",
                "ReferenceType":"background",
                "ReferenceCitation":"van der Voort P, Pijls BG, Nieuwenhuijse MJ, Jasper J, Fiocco M, Plevier JW, Middeldorp S, Valstar ER, Nelissen RG. Early subsidence of shape-closed hip arthroplasty stems is associated with late revision. A systematic review and meta-analysis of 24 RSA studies and 56 survival studies. Acta Orthop. 2015;86(5):575-85. doi: 10.3109/17453674.2015.1043832. Review."
              },{
                "ReferencePMID":"20446828",
                "ReferenceType":"background",
                "ReferenceCitation":"Wolf O, Mattsson P, Milbrink J, Larsson S, Mallmin H. Periprosthetic bone mineral density and fixation of the uncemented CLS stem related to different weight bearing regimes: A randomized study using DXA and RSA in 38 patients followed for 5 years. Acta Orthop. 2010 Jun;81(3):286-91. doi: 10.3109/17453674.2010.487238."
              },{
                "ReferencePMID":"23510822",
                "ReferenceType":"background",
                "ReferenceCitation":"Drobniewski M, Borowski A, Synder M, Sibiński M. Results of total cementless hip joint arthroplasty with Corail stem. Ortop Traumatol Rehabil. 2013 Jan-Feb;15(1):61-8. doi: 10.5604/15093492.1032797."
              },{
                "ReferencePMID":"28778624",
                "ReferenceType":"background",
                "ReferenceCitation":"Louboutin L, Viste A, Desmarchelier R, Fessy MH. Long-term survivorship of the Corail™ standard stem. Orthop Traumatol Surg Res. 2017 Nov;103(7):987-992. doi: 10.1016/j.otsr.2017.06.010. Epub 2017 Aug 1."
              },{
                "ReferencePMID":"29092981",
                "ReferenceType":"background",
                "ReferenceCitation":"Buttaro MA, Oñativia JI, Slullitel PA, Andreoli M, Comba F, Zanotti G, Piccaluga F. Metaphyseal debonding of the Corail collarless cementless stem: report of 18 cases and case-control study. Bone Joint J. 2017 Nov;99-B(11):1435-1441. doi: 10.1302/0301-620X.99B11.BJJ-2017-0431.R1. Erratum in: Bone Joint J. 2018 Sep;100-B(9):1260. Bone Joint J. 2018 Sep;100-B(9):1260."
              }
            ]
          }
        },
        "IPDSharingStatementModule":{
          "IPDSharing":"No"
        }
      },
      "DerivedSection":{
        "MiscInfoModule":{
          "VersionHolder":"April 19, 2021"
        },
        "ConditionBrowseModule":{
          "ConditionMeshList":{
            "ConditionMesh":[
              {
                "ConditionMeshId":"D000010003",
                "ConditionMeshTerm":"Osteoarthritis"
              },{
                "ConditionMeshId":"D000015207",
                "ConditionMeshTerm":"Osteoarthritis, Hip"
              }
            ]
          },
          "ConditionAncestorList":{
            "ConditionAncestor":[
              {
                "ConditionAncestorId":"D000001168",
                "ConditionAncestorTerm":"Arthritis"
              },{
                "ConditionAncestorId":"D000007592",
                "ConditionAncestorTerm":"Joint Diseases"
              },{
                "ConditionAncestorId":"D000009140",
                "ConditionAncestorTerm":"Musculoskeletal Diseases"
              },{
                "ConditionAncestorId":"D000012216",
                "ConditionAncestorTerm":"Rheumatic Diseases"
              }
            ]
          },
          "ConditionBrowseLeafList":{
            "ConditionBrowseLeaf":[
              {
                "ConditionBrowseLeafId":"M11509",
                "ConditionBrowseLeafName":"Osteoarthritis",
                "ConditionBrowseLeafAsFound":"Osteoarthritis",
                "ConditionBrowseLeafRelevance":"high"
              },{
                "ConditionBrowseLeafId":"M16495",
                "ConditionBrowseLeafName":"Osteoarthritis, Hip",
                "ConditionBrowseLeafAsFound":"Osteoarthritis, Hip",
                "ConditionBrowseLeafRelevance":"high"
              },{
                "ConditionBrowseLeafId":"M3057",
                "ConditionBrowseLeafName":"Arthritis",
                "ConditionBrowseLeafRelevance":"low"
              },{
                "ConditionBrowseLeafId":"M9204",
                "ConditionBrowseLeafName":"Joint Diseases",
                "ConditionBrowseLeafRelevance":"low"
              },{
                "ConditionBrowseLeafId":"M10680",
                "ConditionBrowseLeafName":"Musculoskeletal Diseases",
                "ConditionBrowseLeafRelevance":"low"
              },{
                "ConditionBrowseLeafId":"M13628",
                "ConditionBrowseLeafName":"Rheumatic Diseases",
                "ConditionBrowseLeafRelevance":"low"
              },{
                "ConditionBrowseLeafId":"M4906",
                "ConditionBrowseLeafName":"Collagen Diseases",
                "ConditionBrowseLeafRelevance":"low"
              }
            ]
          },
          "ConditionBrowseBranchList":{
            "ConditionBrowseBranch":[
              {
                "ConditionBrowseBranchAbbrev":"BC05",
                "ConditionBrowseBranchName":"Muscle, Bone, and Cartilage Diseases"
              },{
                "ConditionBrowseBranchAbbrev":"All",
                "ConditionBrowseBranchName":"All Conditions"
              },{
                "ConditionBrowseBranchAbbrev":"BC17",
                "ConditionBrowseBranchName":"Skin and Connective Tissue Diseases"
              }
            ]
          }
        }
      }
    }
  }
}

