{
  "FullStudy":{
    "Rank":60292,
    "Study":{
      "ProtocolSection":{
        "IdentificationModule":{
          "NCTId":"NCT04064944",
          "OrgStudyIdInfo":{
            "OrgStudyId":"20190705"
          },
          "Organization":{
            "OrgFullName":"Third Affiliated Hospital, Sun Yat-Sen University",
            "OrgClass":"OTHER"
          },
          "BriefTitle":"Comparison of the Efficacy and Safety of Immunoadsorption and Plasma Exchange for Acute Attack of Refractory Neuromyelitis Optica Spectrum Disorders",
          "OfficialTitle":"Comparison of the Efficacy and Safety of Immunoadsorption and Plasma Exchange for Acute Attack of Refractory Neuromyelitis Optica Spectrum Disorders: a Prospective, Multicenter, Single-blind, Randomized Controlled Clinical Trial",
          "Acronym":"CAMPUS"
        },
        "StatusModule":{
          "StatusVerifiedDate":"August 2019",
          "OverallStatus":"Not yet recruiting",
          "ExpandedAccessInfo":{
            "HasExpandedAccess":"No"
          },
          "StartDateStruct":{
            "StartDate":"September 1, 2019",
            "StartDateType":"Anticipated"
          },
          "PrimaryCompletionDateStruct":{
            "PrimaryCompletionDate":"August 1, 2023",
            "PrimaryCompletionDateType":"Anticipated"
          },
          "CompletionDateStruct":{
            "CompletionDate":"December 31, 2024",
            "CompletionDateType":"Anticipated"
          },
          "StudyFirstSubmitDate":"August 20, 2019",
          "StudyFirstSubmitQCDate":"August 21, 2019",
          "StudyFirstPostDateStruct":{
            "StudyFirstPostDate":"August 22, 2019",
            "StudyFirstPostDateType":"Actual"
          },
          "LastUpdateSubmitDate":"August 21, 2019",
          "LastUpdatePostDateStruct":{
            "LastUpdatePostDate":"August 22, 2019",
            "LastUpdatePostDateType":"Actual"
          }
        },
        "SponsorCollaboratorsModule":{
          "ResponsibleParty":{
            "ResponsiblePartyType":"Principal Investigator",
            "ResponsiblePartyInvestigatorFullName":"Wei Qiu",
            "ResponsiblePartyInvestigatorTitle":"professor",
            "ResponsiblePartyInvestigatorAffiliation":"Third Affiliated Hospital, Sun Yat-Sen University"
          },
          "LeadSponsor":{
            "LeadSponsorName":"Third Affiliated Hospital, Sun Yat-Sen University",
            "LeadSponsorClass":"OTHER"
          },
          "CollaboratorList":{
            "Collaborator":[
              {
                "CollaboratorName":"Zhongshan Ophthalmic Center, Sun Yat-sen University",
                "CollaboratorClass":"OTHER"
              },{
                "CollaboratorName":"Guangdong 999 Brain Hospital",
                "CollaboratorClass":"OTHER"
              }
            ]
          }
        },
        "OversightModule":{
          "OversightHasDMC":"No",
          "IsFDARegulatedDrug":"No",
          "IsFDARegulatedDevice":"No"
        },
        "DescriptionModule":{
          "BriefSummary":"Neuromyelitis optica spectrum disorder (NMOSD) is one common demyelinating disease of the central nervous system in young adults, with high rate of disability and recurrence, and poor natural course, which can cause a serious burden on families and society. To today, there is still a lack of prospective, multi-center, large sample clinical trial evidence for the treatment and prognosis of acute attack of NMOSD patients. This study will conduct a prospective, multi-center, single-blind, randomized controlled clinical trial of acute attacked NMOSD patients in China. The researchers plan to collect 144 NMOSD patients with acute attack in three research centers of Guangzhou (the Third Affiliated Hospital of Sun Yat-sen University, the Zhongshan Ophthalmic Center of Sun Yat-sen University, and the Guangdong 999 Brain hospital), to study the safety and efficacy of immunoadsorption therapy.\n\nThe subjects will be randomized into immunoadsorption group and plasma exchange group, and the following indicators will be evaluated: (1) changes in EDSS scores and visual acuity before and after treatment; (2) changes in AQP4-IgG levels; (3) the safety of immunoadsorption treatment.\n\nThis study is aimed to determine the efficacy and safety of immunoadsorption therapy for acute attack of refractory NMOSD patients, and to provide more sufficient clinical evidence for the therapy selection for acute phase of NMOSD patients."
        },
        "ConditionsModule":{
          "ConditionList":{
            "Condition":[
              "Neuromyelitis Optica Spectrum Disorder"
            ]
          },
          "KeywordList":{
            "Keyword":[
              "Neuromyelitis Optica Spectrum Disorder",
              "immunoadsorption",
              "plasma exchange",
              "acute attack",
              "refractory"
            ]
          }
        },
        "DesignModule":{
          "StudyType":"Interventional",
          "PhaseList":{
            "Phase":[
              "Phase 2"
            ]
          },
          "DesignInfo":{
            "DesignAllocation":"Randomized",
            "DesignInterventionModel":"Parallel Assignment",
            "DesignPrimaryPurpose":"Treatment",
            "DesignMaskingInfo":{
              "DesignMasking":"Single",
              "DesignWhoMaskedList":{
                "DesignWhoMasked":[
                  "Outcomes Assessor"
                ]
              }
            }
          },
          "EnrollmentInfo":{
            "EnrollmentCount":"144",
            "EnrollmentType":"Anticipated"
          }
        },
        "ArmsInterventionsModule":{
          "ArmGroupList":{
            "ArmGroup":[
              {
                "ArmGroupLabel":"Immunoadsorption group",
                "ArmGroupType":"Experimental",
                "ArmGroupDescription":"patients' blood purification treatment protocal is Protain A Immunoadsorption method.",
                "ArmGroupInterventionList":{
                  "ArmGroupInterventionName":[
                    "Device: blood purification equipment"
                  ]
                }
              },{
                "ArmGroupLabel":"Plasma exchange group",
                "ArmGroupType":"Experimental",
                "ArmGroupDescription":"patients' blood purification treatment protocal is Plasma exchange method.",
                "ArmGroupInterventionList":{
                  "ArmGroupInterventionName":[
                    "Device: blood purification equipment"
                  ]
                }
              }
            ]
          },
          "InterventionList":{
            "Intervention":[
              {
                "InterventionType":"Device",
                "InterventionName":"blood purification equipment",
                "InterventionDescription":"The subjects enrolled in this study will undergo blood purification treatment, and will be randomized into either immunoadsorption group or plasma exchange group, and the following indicators will be evaluated: (1) changes in EDSS scores and visual acuity before and after treatment; (2) changes in AQP4-IgG levels; (3) the safety of immunoadsorption treatment.",
                "InterventionArmGroupLabelList":{
                  "InterventionArmGroupLabel":[
                    "Immunoadsorption group",
                    "Plasma exchange group"
                  ]
                }
              }
            ]
          }
        },
        "OutcomesModule":{
          "PrimaryOutcomeList":{
            "PrimaryOutcome":[
              {
                "PrimaryOutcomeMeasure":"Changes in EDSS scores",
                "PrimaryOutcomeDescription":"Changes in EDSS scores of 4 weeks after the last treatment of plasma exchange or immunoadsorption compared with the first treatment",
                "PrimaryOutcomeTimeFrame":"4 weeks after the last treatment vs.baseline ( first treatment)"
              }
            ]
          },
          "SecondaryOutcomeList":{
            "SecondaryOutcome":[
              {
                "SecondaryOutcomeMeasure":"Comparison of follow-up results of EDSS scores",
                "SecondaryOutcomeDescription":"Comparation of the changes in EDSS scores of the next day, 1 week, 2 weeks, 3 months after the last plasmapheresis or immunoadsorption treatment vs. that before the first treatment",
                "SecondaryOutcomeTimeFrame":"the next 1 day, 1 week, 2 weeks, 3 months after the last treatment vs. baseline (that of the time before first treatment)"
              },{
                "SecondaryOutcomeMeasure":"Comparison of follow-up results of LogMAR",
                "SecondaryOutcomeDescription":"Comparation of the changes in LogMAR of the next day, 1 week, 2 weeks, 3 months after the last plasmapheresis or immunoadsorption treatment vs. that before the first treatment (NMO patients)",
                "SecondaryOutcomeTimeFrame":"the next 1 day, 1 week, 2 weeks, 3 months after the last treatment vs. baseline (that of the time before first treatment)"
              },{
                "SecondaryOutcomeMeasure":"Comparison of follow-up results of AQP4-IgG level",
                "SecondaryOutcomeDescription":"Comparation of the changes in AQP4-IgG level of the next day, 1 week, 2 weeks, 3 months after the last plasmapheresis or immunoadsorption treatment vs. that before the first treatment",
                "SecondaryOutcomeTimeFrame":"the next 1 day, 1 week, 2 weeks, 3 months after the last treatment vs. baseline (that of the time before first treatment)"
              }
            ]
          }
        },
        "EligibilityModule":{
          "EligibilityCriteria":"Inclusion Criteria:\n\nPatients should meet the 2015 International NMOSD with acute attacks diagnostic criteria (including first episodes and recurrences)\nWhen NMOSD Patients with acute attacks undergo a course of hormone shock therapy (5-10g total methylprednisolone), EDSS ≥ 6.0 or visual acuity ≤ 20/200\nSerum AQP4-IgG positive (CBA test)\n\nExclusion Criteria:\n\nWeight <25Kg\nNursing or pregnant women\nUnable to establish a peripheral or central vascular access\nThe use of rituximab and gamma-ball shocks within 3 months prior to enrollment\nUsing immunoadsorption and/or plasma exchange therapy within 3 months before enrollment\nACEI drugs must be taken within 1 week before the first treatment and during treatment and cannot be stopped",
          "HealthyVolunteers":"No",
          "Gender":"All",
          "MinimumAge":"14 Years",
          "MaximumAge":"65 Years",
          "StdAgeList":{
            "StdAge":[
              "Child",
              "Adult",
              "Older Adult"
            ]
          }
        },
        "ContactsLocationsModule":{
          "CentralContactList":{
            "CentralContact":[
              {
                "CentralContactName":"Wei Qiu",
                "CentralContactRole":"Contact",
                "CentralContactPhone":"0086- 15899968330",
                "CentralContactEMail":"qw9406@gmail.com"
              }
            ]
          }
        },
        "IPDSharingStatementModule":{
          "IPDSharing":"No"
        }
      },
      "DerivedSection":{
        "MiscInfoModule":{
          "VersionHolder":"April 19, 2021"
        },
        "ConditionBrowseModule":{
          "ConditionMeshList":{
            "ConditionMesh":[
              {
                "ConditionMeshId":"D000009471",
                "ConditionMeshTerm":"Neuromyelitis Optica"
              },{
                "ConditionMeshId":"D000004194",
                "ConditionMeshTerm":"Disease"
              }
            ]
          },
          "ConditionAncestorList":{
            "ConditionAncestor":[
              {
                "ConditionAncestorId":"D000010335",
                "ConditionAncestorTerm":"Pathologic Processes"
              },{
                "ConditionAncestorId":"D000009188",
                "ConditionAncestorTerm":"Myelitis, Transverse"
              },{
                "ConditionAncestorId":"D000020278",
                "ConditionAncestorTerm":"Demyelinating Autoimmune Diseases, CNS"
              },{
                "ConditionAncestorId":"D000020274",
                "ConditionAncestorTerm":"Autoimmune Diseases of the Nervous System"
              },{
                "ConditionAncestorId":"D000009422",
                "ConditionAncestorTerm":"Nervous System Diseases"
              },{
                "ConditionAncestorId":"D000009902",
                "ConditionAncestorTerm":"Optic Neuritis"
              },{
                "ConditionAncestorId":"D000009901",
                "ConditionAncestorTerm":"Optic Nerve Diseases"
              },{
                "ConditionAncestorId":"D000003389",
                "ConditionAncestorTerm":"Cranial Nerve Diseases"
              },{
                "ConditionAncestorId":"D000003711",
                "ConditionAncestorTerm":"Demyelinating Diseases"
              },{
                "ConditionAncestorId":"D000005128",
                "ConditionAncestorTerm":"Eye Diseases"
              },{
                "ConditionAncestorId":"D000001327",
                "ConditionAncestorTerm":"Autoimmune Diseases"
              },{
                "ConditionAncestorId":"D000007154",
                "ConditionAncestorTerm":"Immune System Diseases"
              }
            ]
          },
          "ConditionBrowseLeafList":{
            "ConditionBrowseLeaf":[
              {
                "ConditionBrowseLeafId":"M10997",
                "ConditionBrowseLeafName":"Neuromyelitis Optica",
                "ConditionBrowseLeafAsFound":"Neuromyelitis Optica",
                "ConditionBrowseLeafRelevance":"high"
              },{
                "ConditionBrowseLeafId":"M10726",
                "ConditionBrowseLeafName":"Myelitis, Transverse",
                "ConditionBrowseLeafRelevance":"low"
              },{
                "ConditionBrowseLeafId":"M10725",
                "ConditionBrowseLeafName":"Myelitis",
                "ConditionBrowseLeafRelevance":"low"
              },{
                "ConditionBrowseLeafId":"M3210",
                "ConditionBrowseLeafName":"Autoimmune Diseases",
                "ConditionBrowseLeafRelevance":"low"
              },{
                "ConditionBrowseLeafId":"M20682",
                "ConditionBrowseLeafName":"Demyelinating Autoimmune Diseases, CNS",
                "ConditionBrowseLeafRelevance":"low"
              },{
                "ConditionBrowseLeafId":"M20678",
                "ConditionBrowseLeafName":"Autoimmune Diseases of the Nervous System",
                "ConditionBrowseLeafRelevance":"low"
              },{
                "ConditionBrowseLeafId":"M10970",
                "ConditionBrowseLeafName":"Neuritis",
                "ConditionBrowseLeafRelevance":"low"
              },{
                "ConditionBrowseLeafId":"M11416",
                "ConditionBrowseLeafName":"Optic Neuritis",
                "ConditionBrowseLeafRelevance":"low"
              },{
                "ConditionBrowseLeafId":"M11415",
                "ConditionBrowseLeafName":"Optic Nerve Diseases",
                "ConditionBrowseLeafRelevance":"low"
              },{
                "ConditionBrowseLeafId":"M5188",
                "ConditionBrowseLeafName":"Cranial Nerve Diseases",
                "ConditionBrowseLeafRelevance":"low"
              },{
                "ConditionBrowseLeafId":"M5492",
                "ConditionBrowseLeafName":"Demyelinating Diseases",
                "ConditionBrowseLeafRelevance":"low"
              },{
                "ConditionBrowseLeafId":"M6854",
                "ConditionBrowseLeafName":"Eye Diseases",
                "ConditionBrowseLeafRelevance":"low"
              },{
                "ConditionBrowseLeafId":"M8783",
                "ConditionBrowseLeafName":"Immune System Diseases",
                "ConditionBrowseLeafRelevance":"low"
              },{
                "ConditionBrowseLeafId":"T4103",
                "ConditionBrowseLeafName":"Neuromyelitis Optica Spectrum Disorder",
                "ConditionBrowseLeafAsFound":"Neuromyelitis Optica Spectrum Disorder",
                "ConditionBrowseLeafRelevance":"high"
              },{
                "ConditionBrowseLeafId":"T3988",
                "ConditionBrowseLeafName":"Myelitis",
                "ConditionBrowseLeafRelevance":"low"
              },{
                "ConditionBrowseLeafId":"T4263",
                "ConditionBrowseLeafName":"Optic Neuritis",
                "ConditionBrowseLeafRelevance":"low"
              }
            ]
          },
          "ConditionBrowseBranchList":{
            "ConditionBrowseBranch":[
              {
                "ConditionBrowseBranchAbbrev":"BC10",
                "ConditionBrowseBranchName":"Nervous System Diseases"
              },{
                "ConditionBrowseBranchAbbrev":"BC11",
                "ConditionBrowseBranchName":"Eye Diseases"
              },{
                "ConditionBrowseBranchAbbrev":"BC20",
                "ConditionBrowseBranchName":"Immune System Diseases"
              },{
                "ConditionBrowseBranchAbbrev":"All",
                "ConditionBrowseBranchName":"All Conditions"
              },{
                "ConditionBrowseBranchAbbrev":"BC04",
                "ConditionBrowseBranchName":"Cancers and Other Neoplasms"
              },{
                "ConditionBrowseBranchAbbrev":"Rare",
                "ConditionBrowseBranchName":"Rare Diseases"
              }
            ]
          }
        }
      }
    }
  }
}

