{
  "FullStudy":{
    "Rank":60310,
    "Study":{
      "ProtocolSection":{
        "IdentificationModule":{
          "NCTId":"NCT04064710",
          "OrgStudyIdInfo":{
            "OrgStudyId":"SP-18-001"
          },
          "Organization":{
            "OrgFullName":"Lenoss Medical, LLC",
            "OrgClass":"INDUSTRY"
          },
          "BriefTitle":"Biological Allograft Chain Tissue Implant",
          "OfficialTitle":"The Biological Allograft Chain Tissue Implant & Associated Manual Surgical Instrumentation: A Prospective, Post-Market Study",
          "Acronym":"BACI"
        },
        "StatusModule":{
          "StatusVerifiedDate":"February 2020",
          "OverallStatus":"Recruiting",
          "ExpandedAccessInfo":{
            "HasExpandedAccess":"No"
          },
          "StartDateStruct":{
            "StartDate":"June 10, 2019",
            "StartDateType":"Actual"
          },
          "PrimaryCompletionDateStruct":{
            "PrimaryCompletionDate":"June 15, 2020",
            "PrimaryCompletionDateType":"Anticipated"
          },
          "CompletionDateStruct":{
            "CompletionDate":"December 15, 2020",
            "CompletionDateType":"Anticipated"
          },
          "StudyFirstSubmitDate":"August 20, 2019",
          "StudyFirstSubmitQCDate":"August 20, 2019",
          "StudyFirstPostDateStruct":{
            "StudyFirstPostDate":"August 22, 2019",
            "StudyFirstPostDateType":"Actual"
          },
          "LastUpdateSubmitDate":"February 18, 2020",
          "LastUpdatePostDateStruct":{
            "LastUpdatePostDate":"February 19, 2020",
            "LastUpdatePostDateType":"Actual"
          }
        },
        "SponsorCollaboratorsModule":{
          "ResponsibleParty":{
            "ResponsiblePartyType":"Sponsor"
          },
          "LeadSponsor":{
            "LeadSponsorName":"Lenoss Medical, LLC",
            "LeadSponsorClass":"INDUSTRY"
          },
          "CollaboratorList":{
            "Collaborator":[
              {
                "CollaboratorName":"Musculoskeletal Clinical Regulatory Advisers",
                "CollaboratorClass":"OTHER"
              }
            ]
          }
        },
        "OversightModule":{
          "OversightHasDMC":"No",
          "IsFDARegulatedDrug":"No",
          "IsFDARegulatedDevice":"Yes",
          "IsUSExport":"No"
        },
        "DescriptionModule":{
          "BriefSummary":"A prospective, single-center study evaluating the Biological Allograft Chain Implant (BACI) as a bone void filler when implanted with Lenoss Medical manual surgical instrumentation in patients with painful vertebral compression fractures.",
          "DetailedDescription":"Vertebral compression fractures can be associated with severe, persistent pain and limitation of activities. This research study is being conducted to evaluate the ability of the BACI to provide stability and allow for natural fracture healing, which is expected to result in pain relief. BACI is used to fill holes in bone created by fracture and is made of cortical bone and provided by a tissue bank."
        },
        "ConditionsModule":{
          "ConditionList":{
            "Condition":[
              "Vertebral Body Compression Fracture(s)"
            ]
          }
        },
        "DesignModule":{
          "StudyType":"Interventional",
          "PhaseList":{
            "Phase":[
              "Not Applicable"
            ]
          },
          "DesignInfo":{
            "DesignAllocation":"N/A",
            "DesignInterventionModel":"Single Group Assignment",
            "DesignPrimaryPurpose":"Treatment",
            "DesignMaskingInfo":{
              "DesignMasking":"None (Open Label)"
            }
          },
          "EnrollmentInfo":{
            "EnrollmentCount":"26",
            "EnrollmentType":"Anticipated"
          }
        },
        "ArmsInterventionsModule":{
          "ArmGroupList":{
            "ArmGroup":[
              {
                "ArmGroupLabel":"Biological Allograft Chain Tissue Implant",
                "ArmGroupType":"Experimental",
                "ArmGroupDescription":"Biological Allograft Chain tissue product as a bone void filler in patients with painful vertebral compression fractures",
                "ArmGroupInterventionList":{
                  "ArmGroupInterventionName":[
                    "Device: Biological Allograft Chain Tissue Implant"
                  ]
                }
              }
            ]
          },
          "InterventionList":{
            "Intervention":[
              {
                "InterventionType":"Device",
                "InterventionName":"Biological Allograft Chain Tissue Implant",
                "InterventionDescription":"Used as bone void filler in patients with one or two level, thoracic or lumbar T6-L5, vertebral compression fractures.",
                "InterventionArmGroupLabelList":{
                  "InterventionArmGroupLabel":[
                    "Biological Allograft Chain Tissue Implant"
                  ]
                }
              }
            ]
          }
        },
        "OutcomesModule":{
          "PrimaryOutcomeList":{
            "PrimaryOutcome":[
              {
                "PrimaryOutcomeMeasure":"Achievement and Maintenance of a Clinical Significant Improvement in VAS score.",
                "PrimaryOutcomeDescription":"Subject-reported pain over time using the BACI product will be assess using the Visual Analog Scale (VAS) for back pain on a scale of 0mm (no pain) to 100mm (worst pain imaginable). A clinically significant improvement is defined as at least a 20 mm reduction in the pain score.",
                "PrimaryOutcomeTimeFrame":"12 months"
              }
            ]
          },
          "SecondaryOutcomeList":{
            "SecondaryOutcome":[
              {
                "SecondaryOutcomeMeasure":"Measure of Physical Disability Assessed via the Roland Morris Disability Questionnaire",
                "SecondaryOutcomeDescription":"The Roland Morris Disability Questionnaire is a widely used health status measure for physical disability caused by low back pain. Scores range from 0 to 24 with higher scores representing higher levels of pain-related disability.",
                "SecondaryOutcomeTimeFrame":"12 months"
              },{
                "SecondaryOutcomeMeasure":"Measurement of Quality of Life Assessed via the EuroQol Health Outcome Instrument (EQ-5D-3L)",
                "SecondaryOutcomeDescription":"The EQ-5D-3L is a standardized instrument used as a measure of health outcomes. It contains questions in 5 dimensions (mobility, self-care, usual activities, pain/discomfort, and anxiety/depression) and provides a simple descriptive profile and single index for health status preference. In addition, there is a Visual Analog Scale (VAS). The VAS is the participant's rating of their health on a scale of 0 \"worst imaginable health state\" to 100 \"best imaginable health state\".",
                "SecondaryOutcomeTimeFrame":"12 months"
              },{
                "SecondaryOutcomeMeasure":"Measurement of Activities of Daily Living Assessed via the Tegner Activity Level Scale",
                "SecondaryOutcomeDescription":"The Tegner Activity Level Scale is designed to measure a patient's activities of daily living, recreation, and competitive sports. The scale includes an assessment of level of activity pre- and post- injury. The scores range from 0 to 10 with a 0 representing sick leave or disability.",
                "SecondaryOutcomeTimeFrame":"12 months"
              },{
                "SecondaryOutcomeMeasure":"Frequency of Implant Related Complications",
                "SecondaryOutcomeDescription":"The frequency of implant related complications will be tabulated. Intra-operative complications, surgical time, and any other significant adverse events will be summarized as safety variables. Adverse events will be tabulated by physician's assessment of seriousness, severity, expectedness, the event's causative relation to the Biological Allograft implant or the Access and Cavity Creation instruments, and by elapsed time since surgery. Adverse events that require secondary surgical intervention (SSI) will be flagged.",
                "SecondaryOutcomeTimeFrame":"12 months"
              }
            ]
          }
        },
        "EligibilityModule":{
          "EligibilityCriteria":"Inclusion Criteria:\n\nSkeletally mature adult ≥ 50 years of age at the time of surgery;\nCurrently in an independent living environment;\nOne- or two- level, acute (within six weeks of injury), thoracic or lumbar (T6-L5) vertebral body compression fracture(s) with evidence of marrow edema by MRI/CT;\nAdequate vertebral body height and geometry for insertion of the access instruments, as determined by the investigator and suitable candidate for standard kyphoplasty or vertebroplasty procedure;\nVAS back pain score ≥ 70 mm on a 100 mm scale;\nHas central pain over the spinous process upon palpation at the planned vertebral index level;\nHas failed prior non-surgical medical management (i.e. - physical therapy, narcotic and/or non-narcotic medication)\nPsychosocially, mentally and physically able to fully comply with this protocol including adhering to scheduled visits, treatment plan, completing forms, and other study procedures;\nPersonally signed and dated informed consent document prior to any study-related procedures indicating that the patient has been informed of all pertinent aspects of the study.\n\nExclusion Criteria:\n\nMore than two levels with a vertebral compression fracture;\nPrevious treated or untreated vertebral compression fracture at the to be treated level(s);\nUncorrectable coagulopathy;\nPrevious instrumented spinal surgery;\nSignificant vertebral collapse defined as > 70% of original vertebral height, or a burst, or pedicle fracture;\nDegenerative scoliosis, defined as Cobb angle > 20° at any level;\nPre-existing neurological deficit or radicular pain that is not well defined or unstable;\nDisabling back pain secondary to causes other than acute fracture;\nInability to walk or stand prior to sustaining the vertebral compression fracture;\nActive systemic or local infection;\nKnown history of Paget's disease, osteomalacia, or any other metabolic bone disease;\nMorbid obesity defined as a body mass index > 40 kg/m2;\nActive malignancy. A patient with a history of any invasive malignancy (except nonmelanoma skin cancer), unless treated with curative intent and there has been no clinical signs or symptoms of the malignancy for more than 5 years;\nCurrent or recent history (within last 2 years) of substance abuse (e.g., recreational drugs, narcotics, or alcohol);\nCurrently involved in study of another investigational product that may affect outcome;\nHistory of psychosocial disorders that could prevent accurate completion of self reporting assessment scales;\nPregnant or planning to become pregnant during the study period;\nInvolved in active spinal litigation;\nInvolved in a workers compensation case;\nPrisoner or ward of the state;\nUnable to undergo a MRI/CT procedure.",
          "HealthyVolunteers":"No",
          "Gender":"All",
          "MinimumAge":"50 Years",
          "StdAgeList":{
            "StdAge":[
              "Adult",
              "Older Adult"
            ]
          }
        },
        "ContactsLocationsModule":{
          "CentralContactList":{
            "CentralContact":[
              {
                "CentralContactName":"Dom Messerli",
                "CentralContactRole":"Contact",
                "CentralContactPhone":"484-988-0477",
                "CentralContactEMail":"dom.messerli@lenoss.com"
              }
            ]
          },
          "LocationList":{
            "Location":[
              {
                "LocationFacility":"Clinical Investigations LLC",
                "LocationStatus":"Recruiting",
                "LocationCity":"Edmond",
                "LocationState":"Oklahoma",
                "LocationZip":"73013",
                "LocationCountry":"United States",
                "LocationContactList":{
                  "LocationContact":[
                    {
                      "LocationContactName":"Jennifer Witherby",
                      "LocationContactRole":"Contact",
                      "LocationContactPhone":"405-601-2325",
                      "LocationContactEMail":"jw@clinrad.org"
                    },{
                      "LocationContactName":"Douglas Beall, MD",
                      "LocationContactRole":"Principal Investigator"
                    }
                  ]
                }
              }
            ]
          }
        },
        "IPDSharingStatementModule":{
          "IPDSharing":"No"
        }
      },
      "DerivedSection":{
        "MiscInfoModule":{
          "VersionHolder":"April 19, 2021"
        },
        "ConditionBrowseModule":{
          "ConditionMeshList":{
            "ConditionMesh":[
              {
                "ConditionMeshId":"D000050815",
                "ConditionMeshTerm":"Fractures, Compression"
              }
            ]
          },
          "ConditionAncestorList":{
            "ConditionAncestor":[
              {
                "ConditionAncestorId":"D000050723",
                "ConditionAncestorTerm":"Fractures, Bone"
              },{
                "ConditionAncestorId":"D000014947",
                "ConditionAncestorTerm":"Wounds and Injuries"
              }
            ]
          },
          "ConditionBrowseLeafList":{
            "ConditionBrowseLeaf":[
              {
                "ConditionBrowseLeafId":"M24957",
                "ConditionBrowseLeafName":"Fractures, Bone",
                "ConditionBrowseLeafRelevance":"low"
              },{
                "ConditionBrowseLeafId":"M25022",
                "ConditionBrowseLeafName":"Fractures, Compression",
                "ConditionBrowseLeafAsFound":"Compression Fracture",
                "ConditionBrowseLeafRelevance":"high"
              },{
                "ConditionBrowseLeafId":"M16268",
                "ConditionBrowseLeafName":"Wounds and Injuries",
                "ConditionBrowseLeafRelevance":"low"
              }
            ]
          },
          "ConditionBrowseBranchList":{
            "ConditionBrowseBranch":[
              {
                "ConditionBrowseBranchAbbrev":"BC26",
                "ConditionBrowseBranchName":"Wounds and Injuries"
              },{
                "ConditionBrowseBranchAbbrev":"All",
                "ConditionBrowseBranchName":"All Conditions"
              }
            ]
          }
        }
      }
    }
  }
}

