{
  "FullStudy":{
    "Rank":60230,
    "Study":{
      "ProtocolSection":{
        "IdentificationModule":{
          "NCTId":"NCT04065763",
          "OrgStudyIdInfo":{
            "OrgStudyId":"2019-02"
          },
          "Organization":{
            "OrgFullName":"SMG-SNU Boramae Medical Center",
            "OrgClass":"OTHER"
          },
          "BriefTitle":"Correlation of the Dural Sac Dimension With the Spread of Spinal Anesthesia",
          "OfficialTitle":"Correlation of the Dural Sac Dimension With the Spread of Spinal Anesthesia in Elderly Patients"
        },
        "StatusModule":{
          "StatusVerifiedDate":"March 2020",
          "OverallStatus":"Completed",
          "ExpandedAccessInfo":{
            "HasExpandedAccess":"No"
          },
          "StartDateStruct":{
            "StartDate":"October 10, 2019",
            "StartDateType":"Actual"
          },
          "PrimaryCompletionDateStruct":{
            "PrimaryCompletionDate":"February 14, 2020",
            "PrimaryCompletionDateType":"Actual"
          },
          "CompletionDateStruct":{
            "CompletionDate":"February 14, 2020",
            "CompletionDateType":"Actual"
          },
          "StudyFirstSubmitDate":"August 12, 2019",
          "StudyFirstSubmitQCDate":"August 21, 2019",
          "StudyFirstPostDateStruct":{
            "StudyFirstPostDate":"August 22, 2019",
            "StudyFirstPostDateType":"Actual"
          },
          "LastUpdateSubmitDate":"March 9, 2020",
          "LastUpdatePostDateStruct":{
            "LastUpdatePostDate":"March 11, 2020",
            "LastUpdatePostDateType":"Actual"
          }
        },
        "SponsorCollaboratorsModule":{
          "ResponsibleParty":{
            "ResponsiblePartyType":"Principal Investigator",
            "ResponsiblePartyInvestigatorFullName":"Jin-Young Hwang",
            "ResponsiblePartyInvestigatorTitle":"Associate professor",
            "ResponsiblePartyInvestigatorAffiliation":"SMG-SNU Boramae Medical Center"
          },
          "LeadSponsor":{
            "LeadSponsorName":"SMG-SNU Boramae Medical Center",
            "LeadSponsorClass":"OTHER"
          }
        },
        "OversightModule":{
          "OversightHasDMC":"No",
          "IsFDARegulatedDrug":"No",
          "IsFDARegulatedDevice":"No"
        },
        "DescriptionModule":{
          "BriefSummary":"Cerebrospinal fluid volume is an important factor that influences peak block height and regression of sensory and motor blockade. The aim of this study is to evaluate the effect of dural sac dimension on the spread of spinal anesthesia in elderly patient using ultrasound."
        },
        "ConditionsModule":{
          "ConditionList":{
            "Condition":[
              "Elderly Patients"
            ]
          }
        },
        "DesignModule":{
          "StudyType":"Observational",
          "PatientRegistry":"No",
          "DesignInfo":{
            "DesignObservationalModelList":{
              "DesignObservationalModel":[
                "Case-Only"
              ]
            },
            "DesignTimePerspectiveList":{
              "DesignTimePerspective":[
                "Prospective"
              ]
            }
          },
          "EnrollmentInfo":{
            "EnrollmentCount":"41",
            "EnrollmentType":"Actual"
          }
        },
        "ArmsInterventionsModule":{
          "InterventionList":{
            "Intervention":[
              {
                "InterventionType":"Other",
                "InterventionName":"Ultrasound assessment of dural sac dimension",
                "InterventionDescription":"Dural sac dimension is assessed using ultrasonography in the lateral decubitus position for spinal anesthesia."
              }
            ]
          }
        },
        "OutcomesModule":{
          "PrimaryOutcomeList":{
            "PrimaryOutcome":[
              {
                "PrimaryOutcomeMeasure":"Correlation between the dural sac dimension and spinal anesthesia spread (peak sensory block)",
                "PrimaryOutcomeDescription":"The dural sac dimension is assessed before spinal anesthesia. After spinal anesthesia, the sensory and motor level are evaluated. Then, the correlation between the dural sac dimension and spinal anesthesia blockade is assessed.",
                "PrimaryOutcomeTimeFrame":"At 30 minutes after the induction of spinal anesthesia"
              }
            ]
          },
          "SecondaryOutcomeList":{
            "SecondaryOutcome":[
              {
                "SecondaryOutcomeMeasure":"Correlation between the dural sac dimension and duration of spinal anesthesia",
                "SecondaryOutcomeDescription":"The sensory and motor regression are assessed. Then, the correlation between the dural sac dimension and the duration of spinal blockade is assessed.",
                "SecondaryOutcomeTimeFrame":"At 30 minutes after the end of surgery"
              },{
                "SecondaryOutcomeMeasure":"Correlation between the dural sac dimension and body mass index",
                "SecondaryOutcomeDescription":"Correlation between the dural sac dimension and body mass index is assessed.",
                "SecondaryOutcomeTimeFrame":"5 minutes before spinal anesthesia"
              },{
                "SecondaryOutcomeMeasure":"Correlation between the dural sac dimension and waist circumference",
                "SecondaryOutcomeDescription":"Correlation between the dural sac dimension and waist circumference is assessed.",
                "SecondaryOutcomeTimeFrame":"5 minutes before spinal anesthesia"
              },{
                "SecondaryOutcomeMeasure":"Correlation between the dural sac dimension and age",
                "SecondaryOutcomeDescription":"Correlation between the dural sac dimension and age is assessed.",
                "SecondaryOutcomeTimeFrame":"5 minutes before spinal anesthesia"
              }
            ]
          }
        },
        "EligibilityModule":{
          "EligibilityCriteria":"Inclusion Criteria:\n\nPatients who are scheduled for elective surgery under spinal anesthesia\n\nExclusion Criteria:\n\nKnown anatomical abnormality or pathology in the spine\nHistory of lumbar spinal surgery or compression fracture\nHeight less than 150 cm",
          "Gender":"Female",
          "MinimumAge":"65 Years",
          "StdAgeList":{
            "StdAge":[
              "Older Adult"
            ]
          },
          "StudyPopulation":"Female patients older than 65 years of age who are undergoing elective surgery under spinal anesthesia",
          "SamplingMethod":"Non-Probability Sample"
        },
        "ContactsLocationsModule":{
          "LocationList":{
            "Location":[
              {
                "LocationFacility":"SMG-SNU Boramae Medical Center",
                "LocationCity":"Seoul",
                "LocationCountry":"Korea, Republic of"
              }
            ]
          }
        }
      },
      "DerivedSection":{
        "MiscInfoModule":{
          "VersionHolder":"April 19, 2021"
        },
        "InterventionBrowseModule":{
          "InterventionBrowseLeafList":{
            "InterventionBrowseLeaf":[
              {
                "InterventionBrowseLeafId":"M2688",
                "InterventionBrowseLeafName":"Anesthetics",
                "InterventionBrowseLeafRelevance":"low"
              }
            ]
          },
          "InterventionBrowseBranchList":{
            "InterventionBrowseBranch":[
              {
                "InterventionBrowseBranchAbbrev":"CNSDep",
                "InterventionBrowseBranchName":"Central Nervous System Depressants"
              },{
                "InterventionBrowseBranchAbbrev":"All",
                "InterventionBrowseBranchName":"All Drugs and Chemicals"
              }
            ]
          }
        }
      }
    }
  }
}

