{
  "FullStudy":{
    "Rank":60439,
    "Study":{
      "ProtocolSection":{
        "IdentificationModule":{
          "NCTId":"NCT04063020",
          "OrgStudyIdInfo":{
            "OrgStudyId":"APHP190363"
          },
          "SecondaryIdInfoList":{
            "SecondaryIdInfo":[
              {
                "SecondaryId":"2019-A00908-49",
                "SecondaryIdType":"Other Identifier",
                "SecondaryIdDomain":"IDRCB number"
              }
            ]
          },
          "Organization":{
            "OrgFullName":"Assistance Publique - Hôpitaux de Paris",
            "OrgClass":"OTHER"
          },
          "BriefTitle":"Psychic Stakes of Reconstructive Plastic Surgery in Children With Ear Aplasia",
          "OfficialTitle":"Psychic Stakes of Reconstructive Plastic Surgery in Children With Ear Aplasia",
          "Acronym":"EPCHIRPRORL"
        },
        "StatusModule":{
          "StatusVerifiedDate":"March 2020",
          "OverallStatus":"Recruiting",
          "ExpandedAccessInfo":{
            "HasExpandedAccess":"No"
          },
          "StartDateStruct":{
            "StartDate":"January 18, 2020",
            "StartDateType":"Actual"
          },
          "PrimaryCompletionDateStruct":{
            "PrimaryCompletionDate":"February 18, 2023",
            "PrimaryCompletionDateType":"Anticipated"
          },
          "CompletionDateStruct":{
            "CompletionDate":"February 18, 2023",
            "CompletionDateType":"Anticipated"
          },
          "StudyFirstSubmitDate":"June 4, 2019",
          "StudyFirstSubmitQCDate":"August 19, 2019",
          "StudyFirstPostDateStruct":{
            "StudyFirstPostDate":"August 20, 2019",
            "StudyFirstPostDateType":"Actual"
          },
          "LastUpdateSubmitDate":"March 11, 2020",
          "LastUpdatePostDateStruct":{
            "LastUpdatePostDate":"March 12, 2020",
            "LastUpdatePostDateType":"Actual"
          }
        },
        "SponsorCollaboratorsModule":{
          "ResponsibleParty":{
            "ResponsiblePartyType":"Sponsor"
          },
          "LeadSponsor":{
            "LeadSponsorName":"Assistance Publique - Hôpitaux de Paris",
            "LeadSponsorClass":"OTHER"
          }
        },
        "OversightModule":{
          "OversightHasDMC":"No",
          "IsFDARegulatedDrug":"No",
          "IsFDARegulatedDevice":"No"
        },
        "DescriptionModule":{
          "BriefSummary":"The objective of the study is to analyse :\n\nPsychic experience of ear aplasia in children ;\nthe modalities of their psychic functioning ;\nand the psychological repercussions of the plastic reconstruction surgery",
          "DetailedDescription":"Children with an ear aplasia have various cares (ENT, speech therapy, hearing aids and tomodensiometry) up to the proposal of the plastic reconstruction surgery at 9/10 years old.\n\nThe surgical technique used and preferred within Necker Hospital for these children is that of Saturo Nagata (1994).\n\nThis surgical protocol takes place in two times, spaced by 9 months. This surgery does not allow hearing better since it targets is only a reconstruction of the pinna. To date, no research has highlighted the subjective experience of a child with an aplasia of ear and of what this surgery engages and demands on the side of psychological work.\n\nThe purpose of this research is to interrogate the children's subjective experience with an unilateral ear aplasia and who wishes a plastic reconstruction surgery for their aplase ear."
        },
        "ConditionsModule":{
          "ConditionList":{
            "Condition":[
              "Ear Aplasia"
            ]
          },
          "KeywordList":{
            "Keyword":[
              "Ear aplasia",
              "Reconstructive plastic surgery",
              "Subjective experience",
              "Psychic stakes",
              "Psychodynamic evaluation"
            ]
          }
        },
        "DesignModule":{
          "StudyType":"Observational",
          "PatientRegistry":"No",
          "DesignInfo":{
            "DesignObservationalModelList":{
              "DesignObservationalModel":[
                "Cohort"
              ]
            },
            "DesignTimePerspectiveList":{
              "DesignTimePerspective":[
                "Prospective"
              ]
            }
          },
          "EnrollmentInfo":{
            "EnrollmentCount":"20",
            "EnrollmentType":"Anticipated"
          }
        },
        "ArmsInterventionsModule":{
          "ArmGroupList":{
            "ArmGroup":[
              {
                "ArmGroupLabel":"Reconstructive plastic surgery procedure",
                "ArmGroupDescription":"Minors with ear aplasia and initiating a reconstructive plastic surgery procedure",
                "ArmGroupInterventionList":{
                  "ArmGroupInterventionName":[
                    "Behavioral: Psychological monitoring"
                  ]
                }
              }
            ]
          },
          "InterventionList":{
            "Intervention":[
              {
                "InterventionType":"Behavioral",
                "InterventionName":"Psychological monitoring",
                "InterventionDescription":"Discussions with the psychologist PhD student before and after every surgery times : 3 discussions.\n\nBefore the first surgery (about 1 month before) Clinical interview Rorschach and TAT (Thematic Apperception Test) Drawing a person test Self Questionnaires : KIDSCREEN-27 and CDI Children's Depression Inventory- de Kovacs et Beck (1977)\nBefore the second surgery (3 months later the first surgery) Clinical interview Drawing a person\nAfter the second surgery (15 months later the first surgery) Clinical interview Rorschach and TAT (Thematic Apperception Test) Drawing a person test Self Questionnaires : KIDSCREEN-27 and CDI Children's Depression Inventory- de Kovacs et Beck (1977)",
                "InterventionArmGroupLabelList":{
                  "InterventionArmGroupLabel":[
                    "Reconstructive plastic surgery procedure"
                  ]
                }
              }
            ]
          }
        },
        "OutcomesModule":{
          "PrimaryOutcomeList":{
            "PrimaryOutcome":[
              {
                "PrimaryOutcomeMeasure":"Hermann Rorschach test",
                "PrimaryOutcomeDescription":"Hermann Rorschach test (1927) Test or projected test composed of 10 boards. Analysis by the psychogram (following the Chabert method).\n\nPsychic functioning of the child by description of: the mechanisms of defenses, the type of anxiety, the affective tone and the image of the body. The capacity to give adapted responses according to the boards as well as the narrative capacity of the child will make it possible to release tracks as for its psychic functioning.",
                "PrimaryOutcomeTimeFrame":"1 year"
              },{
                "PrimaryOutcomeMeasure":"Thematic Apperception Test",
                "PrimaryOutcomeDescription":"TAT: Thematic Apperception Test by MURRAY H.A. (1935) Projective test where the boards are different from the sex of the child (boy 13 boards, girls 14 boards).\n\nQuantitative analysis using the 4-dimensional tabulation sheet :\n\nSeries A: Rigidity\nSeries B: Lability\nSeries C: Conflict Avoidance\nSeries E: Emergencies of Primary Processes\n\nPsychic functioning of the child by description of: the mechanisms of defenses, the type of anxiety, the affective tone and the image of the body. The capacity to give adapted responses according to the boards as well as the narrative capacity of the child will make it possible to release tracks as for its psychic functioning.",
                "PrimaryOutcomeTimeFrame":"1 year"
              },{
                "PrimaryOutcomeMeasure":"Inventory of Childhood Depression",
                "PrimaryOutcomeDescription":"CDI: Inventory of Childhood Depression by M. Kovcas & A.T. Beck (1977) L.MOOR and C.MACK.\n\nScale from 7 to 17 years. The score ranges from 0 to 54. The scale of rating goes from 0 to 2 with an alternation in the quotation of the articles so that the subject is not influenced by a same scheme of proposal by item.\n\nA score greater than or equal to 15 would be synonymous with depression but confirmed in clinical interview.",
                "PrimaryOutcomeTimeFrame":"1 year"
              },{
                "PrimaryOutcomeMeasure":"KIDSCREEN-27",
                "PrimaryOutcomeDescription":"KIDSCREEN-27 from Kidscreen group europe (2006) -42 authors in all- The KIDSCREEN-27 is scored on a 5 point scale (1 = not at all, 2 = a little, 3 = moderately, 4 = a lot, 5 = extremely).\n\nAssessement of quality of life in children.\n\nThe score can be calculated for each dimension:\n\nPhysical activities and health - 5 items;\nThe mood in general and the feeling - 7 elements;\nFamily life and free time - 7 articles;\nFriends (social support and peers) - 4 elements;\nAt school (School Environment) - 4 elements.",
                "PrimaryOutcomeTimeFrame":"1 year"
              }
            ]
          }
        },
        "EligibilityModule":{
          "EligibilityCriteria":"Inclusion Criteria:\n\nMinors of 10 to 16 years old\nUnilateral ear aplasia with or without articulatory disorders, followed and engaged in reconstruction surgery procedure within the ENT service of cervico-facial surgery of the Necker Hospital\nChildren wishing a plastic reconstruction surgery and having received the approval of the medical team\nFrancophone children\nHolders of parental authority and child voluntary for the research\n\nExclusion Criteria:\n\nIlliterate children\nSevere intellectual deficit\nBilateral aplasia\nSyndromic impairment",
          "HealthyVolunteers":"No",
          "Gender":"All",
          "MinimumAge":"10 Years",
          "MaximumAge":"16 Years",
          "StdAgeList":{
            "StdAge":[
              "Child"
            ]
          },
          "StudyPopulation":"Minors with ear aplasia with or without articulatory disorders, without syndromic impairment and initiating a reconstructive plastic surgery procedure at Necker Hospital.",
          "SamplingMethod":"Non-Probability Sample"
        },
        "ContactsLocationsModule":{
          "CentralContactList":{
            "CentralContact":[
              {
                "CentralContactName":"Flora Aubertin, Psychologist",
                "CentralContactRole":"Contact",
                "CentralContactPhone":"+33 6 66 35 23 71",
                "CentralContactEMail":"flora.aubertin@gmail.com"
              },{
                "CentralContactName":"Hélène Morel",
                "CentralContactRole":"Contact",
                "CentralContactPhone":"+33 1 71 19 63 46",
                "CentralContactEMail":"helene.morel@aphp.fr"
              }
            ]
          },
          "OverallOfficialList":{
            "OverallOfficial":[
              {
                "OverallOfficialName":"Flora Aubertin, Psychologist",
                "OverallOfficialAffiliation":"Assistance Publique - Hôpitaux de Paris",
                "OverallOfficialRole":"Principal Investigator"
              },{
                "OverallOfficialName":"Françoise Denoyelle, MD, PhD",
                "OverallOfficialAffiliation":"Assistance Publique - Hôpitaux de Paris",
                "OverallOfficialRole":"Study Director"
              },{
                "OverallOfficialName":"Karinne Gueniche, Psychologist, Psychoanalyst",
                "OverallOfficialAffiliation":"Assistance Publique - Hôpitaux de Paris",
                "OverallOfficialRole":"Study Director"
              }
            ]
          },
          "LocationList":{
            "Location":[
              {
                "LocationFacility":"Hôpital Necker-Enfants Malades",
                "LocationStatus":"Recruiting",
                "LocationCity":"Paris",
                "LocationZip":"75015",
                "LocationCountry":"France",
                "LocationContactList":{
                  "LocationContact":[
                    {
                      "LocationContactName":"Flora Aubertin, Psychologist PhD student",
                      "LocationContactRole":"Contact",
                      "LocationContactPhone":"+33 6 66 35 23 71",
                      "LocationContactEMail":"flora.aubertin@gmail.com"
                    },{
                      "LocationContactName":"Hélène Morel",
                      "LocationContactRole":"Contact",
                      "LocationContactPhone":"+33 1 71 19 63 46",
                      "LocationContactEMail":"helene.morel@aphp.fr"
                    },{
                      "LocationContactName":"Charlotte Celerier, MD",
                      "LocationContactRole":"Sub-Investigator"
                    },{
                      "LocationContactName":"Caroline Rebichon, Psychologist",
                      "LocationContactRole":"Sub-Investigator"
                    },{
                      "LocationContactName":"Marlène Ribot, Psychologist",
                      "LocationContactRole":"Sub-Investigator"
                    }
                  ]
                }
              }
            ]
          }
        },
        "IPDSharingStatementModule":{
          "IPDSharing":"No"
        }
      },
      "DerivedSection":{
        "MiscInfoModule":{
          "VersionHolder":"April 19, 2021"
        }
      }
    }
  }
}

