{
  "FullStudy":{
    "Rank":60605,
    "Study":{
      "ProtocolSection":{
        "IdentificationModule":{
          "NCTId":"NCT04060862",
          "OrgStudyIdInfo":{
            "OrgStudyId":"CO41012"
          },
          "SecondaryIdInfoList":{
            "SecondaryIdInfo":[
              {
                "SecondaryId":"2019-001072-11",
                "SecondaryIdType":"EudraCT Number"
              }
            ]
          },
          "Organization":{
            "OrgFullName":"Hoffmann-La Roche",
            "OrgClass":"INDUSTRY"
          },
          "BriefTitle":"A Study of Ipatasertib Plus Palbociclib and Fulvestrant Versus Placebo Plus Palbociclib and Fulvestrant in Hormone Receptor Positive and HER2 Negative Locally Advanced Unresectable or Metastatic Breast Cancer",
          "OfficialTitle":"A Phase Ib/III Study of Ipatasertib Plus Palbociclib and Fulvestrant Versus Placebo Plus Palbociclib and Fulvestrant in Hormone Receptor Positive and HER2 Negative Locally Advanced Unresectable or Metastatic Breast Cancer",
          "Acronym":"IPATunity150"
        },
        "StatusModule":{
          "StatusVerifiedDate":"March 2021",
          "OverallStatus":"Active, not recruiting",
          "ExpandedAccessInfo":{
            "HasExpandedAccess":"No"
          },
          "StartDateStruct":{
            "StartDate":"November 15, 2019",
            "StartDateType":"Actual"
          },
          "PrimaryCompletionDateStruct":{
            "PrimaryCompletionDate":"April 30, 2023",
            "PrimaryCompletionDateType":"Anticipated"
          },
          "CompletionDateStruct":{
            "CompletionDate":"August 4, 2026",
            "CompletionDateType":"Anticipated"
          },
          "StudyFirstSubmitDate":"August 13, 2019",
          "StudyFirstSubmitQCDate":"August 15, 2019",
          "StudyFirstPostDateStruct":{
            "StudyFirstPostDate":"August 19, 2019",
            "StudyFirstPostDateType":"Actual"
          },
          "LastUpdateSubmitDate":"March 20, 2021",
          "LastUpdatePostDateStruct":{
            "LastUpdatePostDate":"March 23, 2021",
            "LastUpdatePostDateType":"Actual"
          }
        },
        "SponsorCollaboratorsModule":{
          "ResponsibleParty":{
            "ResponsiblePartyType":"Sponsor"
          },
          "LeadSponsor":{
            "LeadSponsorName":"Hoffmann-La Roche",
            "LeadSponsorClass":"INDUSTRY"
          }
        },
        "OversightModule":{
          "IsFDARegulatedDrug":"Yes",
          "IsFDARegulatedDevice":"No"
        },
        "DescriptionModule":{
          "BriefSummary":"The open-label Phase Ib portion of this study will evaluate the safety and pharmacokinetics of ipatasertib in combination with palbociclib and fulvestrant to identify a dose of ipatasertib that can be combined with palbociclib and fulvestrant in the Phase III portion. The randomized Phase III portion of this study will evaluate the efficacy, safety, and patient-reported outcome (PRO) objectives of ipatasertib + palbociclib + fulvestrant compared with placebo + palbociclib + fulvestrant in patients with HR+ HER2-, locally advanced unresectable or metastatic breast cancer who had relapsed during adjuvant endocrine therapy or progressed during the initial 12 months of first-line endocrine therapy in locally advanced unresectable or metastatic breast cancer."
        },
        "ConditionsModule":{
          "ConditionList":{
            "Condition":[
              "Breast Cancer"
            ]
          }
        },
        "DesignModule":{
          "StudyType":"Interventional",
          "PhaseList":{
            "Phase":[
              "Phase 3"
            ]
          },
          "DesignInfo":{
            "DesignAllocation":"Randomized",
            "DesignInterventionModel":"Parallel Assignment",
            "DesignPrimaryPurpose":"Treatment",
            "DesignMaskingInfo":{
              "DesignMasking":"Triple",
              "DesignWhoMaskedList":{
                "DesignWhoMasked":[
                  "Participant",
                  "Care Provider",
                  "Investigator"
                ]
              }
            }
          },
          "EnrollmentInfo":{
            "EnrollmentCount":"370",
            "EnrollmentType":"Anticipated"
          }
        },
        "ArmsInterventionsModule":{
          "ArmGroupList":{
            "ArmGroup":[
              {
                "ArmGroupLabel":"Phase 1b and Phase 3: Ipatasertib + Palbociclib +Fulvestrant",
                "ArmGroupType":"Experimental",
                "ArmGroupInterventionList":{
                  "ArmGroupInterventionName":[
                    "Drug: Ipatasertib",
                    "Drug: Palbociclib",
                    "Drug: Fulvestrant"
                  ]
                }
              },{
                "ArmGroupLabel":"Phase 3: Placebo + Palbociclib + Fulvestrant",
                "ArmGroupType":"Placebo Comparator",
                "ArmGroupInterventionList":{
                  "ArmGroupInterventionName":[
                    "Drug: Placebo",
                    "Drug: Palbociclib",
                    "Drug: Fulvestrant"
                  ]
                }
              }
            ]
          },
          "InterventionList":{
            "Intervention":[
              {
                "InterventionType":"Drug",
                "InterventionName":"Ipatasertib",
                "InterventionDescription":"Phase 1b: Ipatasertib, 300 mg starting dose administered orally once daily (PO QD) during an initial 5-7 day run-in period, then continued on Days 1-21 during the first cycle. Starting with Cycle 2, Day 1 ipatasertib will be taken orally once daily on Days 1-21 of each 28-day cycle. Phase 3: Ipatasertib, administered PO QD on Days 1-21 of each 28-day cycle at the dose confirmed in the Phase Ib portion.",
                "InterventionArmGroupLabelList":{
                  "InterventionArmGroupLabel":[
                    "Phase 1b and Phase 3: Ipatasertib + Palbociclib +Fulvestrant"
                  ]
                },
                "InterventionOtherNameList":{
                  "InterventionOtherName":[
                    "RO5532961, GDC-0068"
                  ]
                }
              },{
                "InterventionType":"Drug",
                "InterventionName":"Placebo",
                "InterventionDescription":"Phase 3: Matching placebo, administered PO QD on Days 1-21 of each 28-day cycle at the dose confirmed in the Phase Ib portion.",
                "InterventionArmGroupLabelList":{
                  "InterventionArmGroupLabel":[
                    "Phase 3: Placebo + Palbociclib + Fulvestrant"
                  ]
                }
              },{
                "InterventionType":"Drug",
                "InterventionName":"Palbociclib",
                "InterventionDescription":"Palbociclib, administered PO QD on Days 1-21 of each 28-day cycle.",
                "InterventionArmGroupLabelList":{
                  "InterventionArmGroupLabel":[
                    "Phase 1b and Phase 3: Ipatasertib + Palbociclib +Fulvestrant",
                    "Phase 3: Placebo + Palbociclib + Fulvestrant"
                  ]
                }
              },{
                "InterventionType":"Drug",
                "InterventionName":"Fulvestrant",
                "InterventionDescription":"Fulvestrant, 500 mg administered as two intramuscular injections of 250 mg each on Cycle 1 Days 1 and 15 and Day 1 of each subsequent 28-day cycle.",
                "InterventionArmGroupLabelList":{
                  "InterventionArmGroupLabel":[
                    "Phase 1b and Phase 3: Ipatasertib + Palbociclib +Fulvestrant",
                    "Phase 3: Placebo + Palbociclib + Fulvestrant"
                  ]
                }
              }
            ]
          }
        },
        "OutcomesModule":{
          "PrimaryOutcomeList":{
            "PrimaryOutcome":[
              {
                "PrimaryOutcomeMeasure":"Progression-Free Survival (PFS) in Intent-to-Treat (ITT), as determined by the investigator according to Response Evaluation Criteria in Solid Tumors, Version 1.1 (RECIST v1.1)",
                "PrimaryOutcomeTimeFrame":"From randomization in Phase 3 until the first occurrence of disease progression or death from any cause, whichever occurs earlier, up to approximately 64 months"
              },{
                "PrimaryOutcomeMeasure":"Progression-Free Survival (PFS) in Patients with PIK3CA/AKT1/PTEN Altered Tumors, as determined by the investigator according to Response Evaluation Criteria in Solid Tumors, Version 1.1 (RECIST v1.1)",
                "PrimaryOutcomeTimeFrame":"From randomization in Phase 3 until the first occurrence of disease progression or death from any cause, whichever occurs earlier, up to approximately 64 months"
              }
            ]
          },
          "SecondaryOutcomeList":{
            "SecondaryOutcome":[
              {
                "SecondaryOutcomeMeasure":"Objective Response Rate (ORR) as determined by the investigator according to Response Evaluation Criteria in Solid Tumors, Version 1.1 (RECIST v1.1)",
                "SecondaryOutcomeTimeFrame":"From randomization in Phase 3 until the first occurrence of disease progression or death from any cause, whichever occurs earlier, up to approximately 64 months"
              },{
                "SecondaryOutcomeMeasure":"Duration of Objective Response (DOR) as determined by the investigator according to Response Evaluation Criteria in Solid Tumors, Version 1.1 (RECIST v1.1)",
                "SecondaryOutcomeTimeFrame":"From randomization in Phase 3 until the first occurrence of disease progression or death from any cause, whichever occurs earlier, up to approximately 64 months"
              },{
                "SecondaryOutcomeMeasure":"Clinical Benefit Rate (CBR) as determined by the investigator according to Response Evaluation Criteria in Solid Tumors, Version 1.1 (RECIST v1.1)",
                "SecondaryOutcomeTimeFrame":"From randomization in Phase 3 until the first occurrence of disease progression or death from any cause, whichever occurs earlier, up to approximately 64 months"
              },{
                "SecondaryOutcomeMeasure":"Overall Survival (OS) as determined by the investigator according to Response Evaluation Criteria in Solid Tumors, Version 1.1 (RECIST v1.1",
                "SecondaryOutcomeTimeFrame":"From randomization in Phase 3 until the first occurrence of disease progression or death from any cause, whichever occurs earlier, up to approximately 64 months"
              },{
                "SecondaryOutcomeMeasure":"Time to Deterioration (TTD) in Severity of Pain, according to the Brief Pain Inventory-Short Form (BPI-SF)",
                "SecondaryOutcomeTimeFrame":"From randomization in Phase 3 to the first documentation of a 2-point or more increase in pain scale from baseline, up to approximately 64 months"
              },{
                "SecondaryOutcomeMeasure":"TTD in presence and interference of pain according to the European Organisation for Research and Treatment of Cancer Quality-of-Life Questionnaire Core 30 (EORTC QLQ-C30) Pain Scale",
                "SecondaryOutcomeTimeFrame":"From randomization in Phase 3 to the first documentation of a 10-point or more increase from baseline, up to approx 64 months"
              },{
                "SecondaryOutcomeMeasure":"Time to deterioration (TTD) in physical functioning (PF)",
                "SecondaryOutcomeTimeFrame":"From randomization in Phase 3 to the first documentation of a 10-point or more decrease from baseline in the PF scale of the EORTC QLQ-C30, up to approx 64 months"
              },{
                "SecondaryOutcomeMeasure":"TTD in Role Functioning (RF)",
                "SecondaryOutcomeTimeFrame":"From randomization in Phase 3 to the first documentation of a 10-point or more decrease from baseline in the RF scale of the EORTC QLQ-C30, up to approx 64 months"
              },{
                "SecondaryOutcomeMeasure":"TTD in Global Health Status (GHS)/Quality of Life (QoL)",
                "SecondaryOutcomeTimeFrame":"From randomization in Phase 3 to the first documentation of a 10-point or more decrease from baseline in the GHS/HRQoL scale of the EORTC QLQ-C30, up to approx 64 months"
              },{
                "SecondaryOutcomeMeasure":"Number of Participants with Adverse Events",
                "SecondaryOutcomeTimeFrame":"From baseline to end of study, up to approximately 64 months"
              },{
                "SecondaryOutcomeMeasure":"Phase 1b: Plasma Concentration of Ipatasertib and its Metabolite, G-037720 and Palbociclib",
                "SecondaryOutcomeTimeFrame":"Ipatasertib & G-037720: predose, postdose at 0.5,1,2,3,4,6hr of Cycle(C) 1 (each cycle is 28 days), Day(D) 1, postdose at 0.5,1,2,3,4,6hr of C1D15, 2hr post-dose on C3D15; Palbociclib: predose on C1D15, C2D15 & C3D15"
              },{
                "SecondaryOutcomeMeasure":"Phase 3: Plasma Concentration of Ipatasertib or its Placebo and its Metabolite, G-037720",
                "SecondaryOutcomeTimeFrame":"2-4 hrs after ipatasertib or its placebo on C1D1 (each cycle is 28 days), C1D15 and C2D15, Predose on C1D15, C2D15"
              }
            ]
          }
        },
        "EligibilityModule":{
          "EligibilityCriteria":"Inclusion Criteria:\n\nHR+ HER2- adenocarcinoma of the breast that is locally advanced unresectable or metastatic\nFor women of childbearing potential: agreement to remain abstinent or use contraception, and agreement to refrain from donating eggs\nFor men: agreement to remain abstinent or use contraceptive methods, and agreement to refrain from donating sperm\nRadiologic/objective relapse during adjuvant endocrine therapy or disease progression during the initial 12 months of 1L endocrine therapy in locally advanced unresectable or metastatic breast cancer\nAt least one measurable lesion via Response Evaluation Criteria in Solid Tumors, Version 1.1\nPhase III only: Tumor specimen from the most recently collected, available tumor tissue\n\nExclusion Criteria:\n\nPregnant or breastfeeding, or intending to become pregnant\nPrior treatment with fulvestrant or other selective estrogen receptor down-regulator\nPrior treatment with PI3K inhibitor, mTOR inhibitor or AKT inhibitor\nPhase III only: Prior treatment with CDK4/6 inhibitor for locally advanced unresectable or metastatic breast cancer\nPrior treatment with a cytotoxic chemotherapy regimen for metastatic breast cancer\nHistory of Type I or Type II diabetes mellitus requiring insulin\nHistory of or active inflammatory bowel disease or active bowel inflammation\nLung disease: pneumonitis, interstitial lung disease, idiopathic pulmonary fibrosis, cystic fibrosis, Aspergillosis, active tuberculosis, or history of opportunistic infections",
          "HealthyVolunteers":"No",
          "Gender":"All",
          "MinimumAge":"18 Years",
          "StdAgeList":{
            "StdAge":[
              "Adult",
              "Older Adult"
            ]
          }
        },
        "ContactsLocationsModule":{
          "LocationList":{
            "Location":[
              {
                "LocationFacility":"Arizona Oncology Associates, PC - HAL",
                "LocationCity":"Tempe",
                "LocationState":"Arizona",
                "LocationZip":"85284",
                "LocationCountry":"United States"
              },{
                "LocationFacility":"USC Norris Cancer Center",
                "LocationCity":"Los Angeles",
                "LocationState":"California",
                "LocationZip":"90033",
                "LocationCountry":"United States"
              },{
                "LocationFacility":"USC Norris Cancer Center; USC Oncology Hematology Newport Beach",
                "LocationCity":"Newport Beach",
                "LocationState":"California",
                "LocationZip":"92663",
                "LocationCountry":"United States"
              },{
                "LocationFacility":"Kaiser Permanente - Vallejo",
                "LocationCity":"Vallejo",
                "LocationState":"California",
                "LocationZip":"94589",
                "LocationCountry":"United States"
              },{
                "LocationFacility":"Christiana Care Health Srvcs; Helen F Graham Can Center",
                "LocationCity":"Newark",
                "LocationState":"Delaware",
                "LocationZip":"19713",
                "LocationCountry":"United States"
              },{
                "LocationFacility":"Orlando Health Inc.",
                "LocationCity":"Orlando",
                "LocationState":"Florida",
                "LocationZip":"32806",
                "LocationCountry":"United States"
              },{
                "LocationFacility":"Atlanta Cancer Care",
                "LocationCity":"Alpharetta",
                "LocationState":"Georgia",
                "LocationZip":"30005",
                "LocationCountry":"United States"
              },{
                "LocationFacility":"University Cancer & Blood Center, LLC; Research",
                "LocationCity":"Athens",
                "LocationState":"Georgia",
                "LocationZip":"30607",
                "LocationCountry":"United States"
              },{
                "LocationFacility":"Piedmont Cancer Institute, PC",
                "LocationCity":"Atlanta",
                "LocationState":"Georgia",
                "LocationZip":"30318",
                "LocationCountry":"United States"
              },{
                "LocationFacility":"University of Chicago Medical Center",
                "LocationCity":"Chicago",
                "LocationState":"Illinois",
                "LocationZip":"60637",
                "LocationCountry":"United States"
              },{
                "LocationFacility":"Mercy Medical Center",
                "LocationCity":"Baltimore",
                "LocationState":"Maryland",
                "LocationZip":"21202",
                "LocationCountry":"United States"
              },{
                "LocationFacility":"Massachusetts General Hospital",
                "LocationCity":"Boston",
                "LocationState":"Massachusetts",
                "LocationZip":"02114",
                "LocationCountry":"United States"
              },{
                "LocationFacility":"Dana-Farber Cancer Institute; GYN Oncology",
                "LocationCity":"Boston",
                "LocationState":"Massachusetts",
                "LocationZip":"02215",
                "LocationCountry":"United States"
              },{
                "LocationFacility":"Minnesota Oncology Minneapolis",
                "LocationCity":"Minneapolis",
                "LocationState":"Minnesota",
                "LocationZip":"55404",
                "LocationCountry":"United States"
              },{
                "LocationFacility":"Summit Medical Group; MD Anderson Cancer Center",
                "LocationCity":"Florham Park",
                "LocationState":"New Jersey",
                "LocationZip":"07932",
                "LocationCountry":"United States"
              },{
                "LocationFacility":"New York Oncology Hematology, P.C.",
                "LocationCity":"Albany",
                "LocationState":"New York",
                "LocationZip":"12208",
                "LocationCountry":"United States"
              },{
                "LocationFacility":"Duke Cancer Center",
                "LocationCity":"Durham",
                "LocationState":"North Carolina",
                "LocationZip":"27710",
                "LocationCountry":"United States"
              },{
                "LocationFacility":"Northwest Cancer Specialists",
                "LocationCity":"Portland",
                "LocationState":"Oregon",
                "LocationZip":"97225",
                "LocationCountry":"United States"
              },{
                "LocationFacility":"Faris Research",
                "LocationCity":"Greenville",
                "LocationState":"South Carolina",
                "LocationZip":"29605",
                "LocationCountry":"United States"
              },{
                "LocationFacility":"Texas Onc-Central Austin CA Ct",
                "LocationCity":"Austin",
                "LocationState":"Texas",
                "LocationZip":"78731",
                "LocationCountry":"United States"
              },{
                "LocationFacility":"Texas Oncology-Baylor Sammons Cancer Center",
                "LocationCity":"Dallas",
                "LocationState":"Texas",
                "LocationZip":"75246",
                "LocationCountry":"United States"
              },{
                "LocationFacility":"Virginia Cancer Specialists, PC",
                "LocationCity":"Fairfax",
                "LocationState":"Virginia",
                "LocationZip":"22031",
                "LocationCountry":"United States"
              },{
                "LocationFacility":"Ashford Cancer Centre",
                "LocationCity":"Ashford SA",
                "LocationState":"South Australia",
                "LocationZip":"5035",
                "LocationCountry":"Australia"
              },{
                "LocationFacility":"Cabrini Medical Centre; Oncology",
                "LocationCity":"Malvern",
                "LocationState":"Victoria",
                "LocationZip":"3144",
                "LocationCountry":"Australia"
              },{
                "LocationFacility":"Sunshine Hospital",
                "LocationCity":"St Albans",
                "LocationState":"Victoria",
                "LocationZip":"3021",
                "LocationCountry":"Australia"
              },{
                "LocationFacility":"Fiona Stanley Hospital; FSH Cancer Centre Clinical Trials Unit",
                "LocationCity":"Bull Creek",
                "LocationState":"Western Australia",
                "LocationZip":"6149",
                "LocationCountry":"Australia"
              },{
                "LocationFacility":"St John of God Hospital; Bendat Cancer Centre",
                "LocationCity":"Subiaco",
                "LocationState":"Western Australia",
                "LocationZip":"6008",
                "LocationCountry":"Australia"
              },{
                "LocationFacility":"LKH-UNIV. KLINIKUM GRAZ; Klinische Abteilung für Onkologie",
                "LocationCity":"Graz",
                "LocationZip":"8036",
                "LocationCountry":"Austria"
              },{
                "LocationFacility":"Tiroler Landeskrankenanstalten Ges.M.B.H.; Abt. Für Gynäkologie",
                "LocationCity":"Innsbruck",
                "LocationZip":"6020",
                "LocationCountry":"Austria"
              },{
                "LocationFacility":"Klinikum Klagenfurt; Abt. f. Hämatologie u. internistische Onkologie",
                "LocationCity":"Klagenfurt",
                "LocationZip":"9020",
                "LocationCountry":"Austria"
              },{
                "LocationFacility":"Ordensklinikum Linz Barmherzige Schwestern; Abt. fur Innere Medizin 1",
                "LocationCity":"Linz",
                "LocationZip":"4010",
                "LocationCountry":"Austria"
              },{
                "LocationFacility":"Uniklinikum Salzburg, LKH; Univ.Klinik f. Innere Medizin III der PMU",
                "LocationCity":"Salzburg",
                "LocationZip":"5020",
                "LocationCountry":"Austria"
              },{
                "LocationFacility":"Medizinische Universität Wien; Univ.Klinik für Innere Medizin I",
                "LocationCity":"Wien",
                "LocationZip":"1090",
                "LocationCountry":"Austria"
              },{
                "LocationFacility":"Hospital Araujo Jorge; Departamento de Ginecologia E Mama",
                "LocationCity":"Goiania",
                "LocationState":"GO",
                "LocationZip":"74605-070",
                "LocationCountry":"Brazil"
              },{
                "LocationFacility":"Hospital das Clinicas - UFRGS",
                "LocationCity":"Porto Alegre",
                "LocationState":"RS",
                "LocationZip":"90035-903",
                "LocationCountry":"Brazil"
              },{
                "LocationFacility":"Hospital Sao Lucas - PUCRS",
                "LocationCity":"Porto Alegre",
                "LocationState":"RS",
                "LocationZip":"90610-000",
                "LocationCountry":"Brazil"
              },{
                "LocationFacility":"Hospital de Base de Sao Jose do Rio Preto",
                "LocationCity":"Sao Jose do Rio Preto",
                "LocationState":"SP",
                "LocationZip":"15090-000",
                "LocationCountry":"Brazil"
              },{
                "LocationFacility":"Clinica de Pesquisa e Centro de Estudos em Oncologia Ginecologica e Mamaria Ltda",
                "LocationCity":"Sao Paulo",
                "LocationState":"SP",
                "LocationZip":"01317-001",
                "LocationCountry":"Brazil"
              },{
                "LocationFacility":"Tom Baker Cancer Centre-Calgary",
                "LocationCity":"Calgary",
                "LocationState":"Alberta",
                "LocationZip":"T2N 4N2",
                "LocationCountry":"Canada"
              },{
                "LocationFacility":"Cross Cancer Institute",
                "LocationCity":"Edmonton",
                "LocationState":"Alberta",
                "LocationZip":"T6G 1Z2",
                "LocationCountry":"Canada"
              },{
                "LocationFacility":"British Columbia Cancer Agency Sindi Ahluwalia Hawkins Centre for the Southern Interior",
                "LocationCity":"Kelowna",
                "LocationState":"British Columbia",
                "LocationZip":"V1Y 5L3",
                "LocationCountry":"Canada"
              },{
                "LocationFacility":"BC Cancer Agency Vancouver Island Cancer Centre",
                "LocationCity":"Victoria",
                "LocationState":"British Columbia",
                "LocationZip":"V8R 6V5",
                "LocationCountry":"Canada"
              },{
                "LocationFacility":"Juravinski Cancer Clinic; Clinical Trials Department",
                "LocationCity":"Hamilton",
                "LocationState":"Ontario",
                "LocationZip":"L8V 5C2",
                "LocationCountry":"Canada"
              },{
                "LocationFacility":"Jewish General Hospital",
                "LocationCity":"Montreal",
                "LocationState":"Quebec",
                "LocationZip":"H3T 1E2",
                "LocationCountry":"Canada"
              },{
                "LocationFacility":"Hopital du Saint Sacrement",
                "LocationCity":"Quebec City",
                "LocationState":"Quebec",
                "LocationZip":"G1S 4L8",
                "LocationCountry":"Canada"
              },{
                "LocationFacility":"Istituto Nazionale per lo Studio e la Cura dei Tumori Fondazione G. Pascale",
                "LocationCity":"Napoli",
                "LocationState":"Campania",
                "LocationZip":"80131",
                "LocationCountry":"Italy"
              },{
                "LocationFacility":"Università degli Studi della Campania Luigi Vanvitelli; Divsione Di Oncologia Medica",
                "LocationCity":"Napoli",
                "LocationState":"Campania",
                "LocationZip":"80131",
                "LocationCountry":"Italy"
              },{
                "LocationFacility":"IRST Istituto Scientifico Romagnolo Per Lo Studio E Cura Dei Tumori, Sede Meldola; Oncologia Medica",
                "LocationCity":"Meldola",
                "LocationState":"Emilia-Romagna",
                "LocationZip":"47014",
                "LocationCountry":"Italy"
              },{
                "LocationFacility":"Azienda Unità Sanitaria Locale di Reggio Emilia/IRCCS",
                "LocationCity":"Reggio Emilia",
                "LocationState":"Emilia-Romagna",
                "LocationZip":"42123",
                "LocationCountry":"Italy"
              },{
                "LocationFacility":"Ospedale San Raffaele S.r.l.",
                "LocationCity":"Milano",
                "LocationState":"Lombardia",
                "LocationZip":"20132",
                "LocationCountry":"Italy"
              },{
                "LocationFacility":"ASST DI MONZA; Oncologia Medica",
                "LocationCity":"Monza",
                "LocationState":"Lombardia",
                "LocationZip":"20900",
                "LocationCountry":"Italy"
              },{
                "LocationFacility":"Istituto Clinico Humanitas",
                "LocationCity":"Rozzano (MI)",
                "LocationState":"Lombardia",
                "LocationZip":"20089",
                "LocationCountry":"Italy"
              },{
                "LocationFacility":"Fondazione del Piemonte per l'Oncologia (IRCCS)",
                "LocationCity":"Candiolo",
                "LocationState":"Piemonte",
                "LocationZip":"10060",
                "LocationCountry":"Italy"
              },{
                "LocationFacility":"Ospedale San Vincenzo Taormina :Divisione di Oncologia Medica",
                "LocationCity":"Taormina",
                "LocationState":"Sicilia",
                "LocationZip":"98039",
                "LocationCountry":"Italy"
              },{
                "LocationFacility":"Ospedale Civile - Livorno",
                "LocationCity":"Livorno",
                "LocationState":"Toscana",
                "LocationZip":"57124",
                "LocationCountry":"Italy"
              },{
                "LocationFacility":"National Hospital Organization Kyushu Cancer Center",
                "LocationCity":"Fukuoka",
                "LocationZip":"811-1395",
                "LocationCountry":"Japan"
              },{
                "LocationFacility":"Fukushima Medical University Hospital",
                "LocationCity":"Fukushima",
                "LocationZip":"960-1295",
                "LocationCountry":"Japan"
              },{
                "LocationFacility":"Kanagawa Cancer Center",
                "LocationCity":"Kanagawa",
                "LocationZip":"241-8515",
                "LocationCountry":"Japan"
              },{
                "LocationFacility":"Tokai University Hospital",
                "LocationCity":"Kanagawa",
                "LocationZip":"259-1193",
                "LocationCountry":"Japan"
              },{
                "LocationFacility":"Okayama University Hospital",
                "LocationCity":"Okayama",
                "LocationZip":"700-8558",
                "LocationCountry":"Japan"
              },{
                "LocationFacility":"Ajou University Medical Center",
                "LocationCity":"Gyeonggi-do",
                "LocationZip":"16499",
                "LocationCountry":"Korea, Republic of"
              },{
                "LocationFacility":"Gachon University Gil Medical Center",
                "LocationCity":"Incheon",
                "LocationZip":"21565",
                "LocationCountry":"Korea, Republic of"
              },{
                "LocationFacility":"Samsung Medical Center",
                "LocationCity":"Seoul",
                "LocationZip":"(0)6351",
                "LocationCountry":"Korea, Republic of"
              },{
                "LocationFacility":"Seoul National University Hospital",
                "LocationCity":"Seoul",
                "LocationZip":"03080",
                "LocationCountry":"Korea, Republic of"
              },{
                "LocationFacility":"Asan Medical Center",
                "LocationCity":"Seoul",
                "LocationZip":"05505",
                "LocationCountry":"Korea, Republic of"
              },{
                "LocationFacility":"Gangnam Severance Hospital",
                "LocationCity":"Seoul",
                "LocationZip":"06273",
                "LocationCountry":"Korea, Republic of"
              },{
                "LocationFacility":"Ulsan University Hosiptal",
                "LocationCity":"Ulsan",
                "LocationZip":"44033",
                "LocationCountry":"Korea, Republic of"
              },{
                "LocationFacility":"Hospital Univ Vall d'Hebron; Servicio de Oncologia",
                "LocationCity":"Barcelona",
                "LocationZip":"08035",
                "LocationCountry":"Spain"
              },{
                "LocationFacility":"Hospital Clínico Universitario de Valencia; Servicio de Oncología",
                "LocationCity":"Valencia",
                "LocationZip":"46010",
                "LocationCountry":"Spain"
              },{
                "LocationFacility":"China Medical University Hospital; Surgery",
                "LocationCity":"Taichung",
                "LocationZip":"404",
                "LocationCountry":"Taiwan"
              },{
                "LocationFacility":"National Cheng Kung Uni Hospital; Dept of Hematology and Oncology",
                "LocationCity":"Tainan",
                "LocationZip":"704",
                "LocationCountry":"Taiwan"
              },{
                "LocationFacility":"Koo Foundation Sun Yat-Sen Cancer Center; Hemato-Oncology",
                "LocationCity":"Taipei City",
                "LocationZip":"11259",
                "LocationCountry":"Taiwan"
              },{
                "LocationFacility":"National Taiwan Uni Hospital; Dept of Oncology",
                "LocationCity":"Taipei",
                "LocationZip":"100",
                "LocationCountry":"Taiwan"
              },{
                "LocationFacility":"Mackay Memorial Hospital; Dept of Surgery",
                "LocationCity":"Taipei",
                "LocationZip":"104",
                "LocationCountry":"Taiwan"
              },{
                "LocationFacility":"Chulalongkorn Hospital; Medical Oncology",
                "LocationCity":"Bangkok",
                "LocationZip":"10330",
                "LocationCountry":"Thailand"
              },{
                "LocationFacility":"Rajavithi Hospital; Division of Medical Oncology",
                "LocationCity":"Bangkok",
                "LocationZip":"10400",
                "LocationCountry":"Thailand"
              },{
                "LocationFacility":"Srinagarind Hospital; Medical Oncology Unit",
                "LocationCity":"Khon Kaen",
                "LocationZip":"40002",
                "LocationCountry":"Thailand"
              },{
                "LocationFacility":"The Royal Marsden Hospital; Dept of Medicine",
                "LocationCity":"London",
                "LocationZip":"SW3 5PT",
                "LocationCountry":"United Kingdom"
              },{
                "LocationFacility":"Christie Hospital NHS Trust",
                "LocationCity":"Manchester",
                "LocationZip":"M20 4BX",
                "LocationCountry":"United Kingdom"
              },{
                "LocationFacility":"Royal Marsden Hosp NHS Fnd; Medicine - Breast Unit",
                "LocationCity":"Sutton",
                "LocationZip":"SM2 5PT",
                "LocationCountry":"United Kingdom"
              }
            ]
          }
        },
        "IPDSharingStatementModule":{
          "IPDSharing":"No",
          "IPDSharingDescription":"Qualified researchers may request access to individual patient level data through the clinical study data request platform (www.clinicalstudydatarequest.com). Further details on Roche's criteria for eligible studies are available here (https://clinicalstudydatarequest.com/Study-Sponsors/Study-Sponsors-Roche.aspx). For further details on Roche's Global Policy on Sharing of Clinical Study Information and how to request access to related clinical study documents, see here (https://www.roche.com/research_and_development/who_we_are_how_we_work/clinical_trials/our_commitment_to_data_sharing.htm)."
        }
      },
      "DerivedSection":{
        "MiscInfoModule":{
          "VersionHolder":"April 19, 2021"
        },
        "ConditionBrowseModule":{
          "ConditionMeshList":{
            "ConditionMesh":[
              {
                "ConditionMeshId":"D000001943",
                "ConditionMeshTerm":"Breast Neoplasms"
              }
            ]
          },
          "ConditionAncestorList":{
            "ConditionAncestor":[
              {
                "ConditionAncestorId":"D000009371",
                "ConditionAncestorTerm":"Neoplasms by Site"
              },{
                "ConditionAncestorId":"D000009369",
                "ConditionAncestorTerm":"Neoplasms"
              },{
                "ConditionAncestorId":"D000001941",
                "ConditionAncestorTerm":"Breast Diseases"
              },{
                "ConditionAncestorId":"D000012871",
                "ConditionAncestorTerm":"Skin Diseases"
              }
            ]
          },
          "ConditionBrowseLeafList":{
            "ConditionBrowseLeaf":[
              {
                "ConditionBrowseLeafId":"M3802",
                "ConditionBrowseLeafName":"Breast Neoplasms",
                "ConditionBrowseLeafAsFound":"Breast Cancer",
                "ConditionBrowseLeafRelevance":"high"
              },{
                "ConditionBrowseLeafId":"M3800",
                "ConditionBrowseLeafName":"Breast Diseases",
                "ConditionBrowseLeafRelevance":"low"
              },{
                "ConditionBrowseLeafId":"M14257",
                "ConditionBrowseLeafName":"Skin Diseases",
                "ConditionBrowseLeafRelevance":"low"
              }
            ]
          },
          "ConditionBrowseBranchList":{
            "ConditionBrowseBranch":[
              {
                "ConditionBrowseBranchAbbrev":"BC04",
                "ConditionBrowseBranchName":"Cancers and Other Neoplasms"
              },{
                "ConditionBrowseBranchAbbrev":"BC17",
                "ConditionBrowseBranchName":"Skin and Connective Tissue Diseases"
              },{
                "ConditionBrowseBranchAbbrev":"All",
                "ConditionBrowseBranchName":"All Conditions"
              }
            ]
          }
        },
        "InterventionBrowseModule":{
          "InterventionMeshList":{
            "InterventionMesh":[
              {
                "InterventionMeshId":"D000077267",
                "InterventionMeshTerm":"Fulvestrant"
              },{
                "InterventionMeshId":"C000500026",
                "InterventionMeshTerm":"Palbociclib"
              }
            ]
          },
          "InterventionAncestorList":{
            "InterventionAncestor":[
              {
                "InterventionAncestorId":"D000018931",
                "InterventionAncestorTerm":"Antineoplastic Agents, Hormonal"
              },{
                "InterventionAncestorId":"D000000970",
                "InterventionAncestorTerm":"Antineoplastic Agents"
              },{
                "InterventionAncestorId":"D000065171",
                "InterventionAncestorTerm":"Estrogen Receptor Antagonists"
              },{
                "InterventionAncestorId":"D000004965",
                "InterventionAncestorTerm":"Estrogen Antagonists"
              },{
                "InterventionAncestorId":"D000006727",
                "InterventionAncestorTerm":"Hormone Antagonists"
              },{
                "InterventionAncestorId":"D000006730",
                "InterventionAncestorTerm":"Hormones, Hormone Substitutes, and Hormone Antagonists"
              },{
                "InterventionAncestorId":"D000045505",
                "InterventionAncestorTerm":"Physiological Effects of Drugs"
              },{
                "InterventionAncestorId":"D000047428",
                "InterventionAncestorTerm":"Protein Kinase Inhibitors"
              },{
                "InterventionAncestorId":"D000004791",
                "InterventionAncestorTerm":"Enzyme Inhibitors"
              },{
                "InterventionAncestorId":"D000045504",
                "InterventionAncestorTerm":"Molecular Mechanisms of Pharmacological Action"
              }
            ]
          },
          "InterventionBrowseLeafList":{
            "InterventionBrowseLeaf":[
              {
                "InterventionBrowseLeafId":"M231444",
                "InterventionBrowseLeafName":"Palbociclib",
                "InterventionBrowseLeafAsFound":"National",
                "InterventionBrowseLeafRelevance":"high"
              },{
                "InterventionBrowseLeafId":"M8372",
                "InterventionBrowseLeafName":"Hormones",
                "InterventionBrowseLeafRelevance":"low"
              },{
                "InterventionBrowseLeafId":"M1723",
                "InterventionBrowseLeafName":"Fulvestrant",
                "InterventionBrowseLeafAsFound":"BAY",
                "InterventionBrowseLeafRelevance":"high"
              },{
                "InterventionBrowseLeafId":"M19550",
                "InterventionBrowseLeafName":"Antineoplastic Agents, Hormonal",
                "InterventionBrowseLeafRelevance":"low"
              },{
                "InterventionBrowseLeafId":"M6699",
                "InterventionBrowseLeafName":"Estrogens",
                "InterventionBrowseLeafRelevance":"low"
              },{
                "InterventionBrowseLeafId":"M6697",
                "InterventionBrowseLeafName":"Estrogen Antagonists",
                "InterventionBrowseLeafRelevance":"low"
              },{
                "InterventionBrowseLeafId":"M29070",
                "InterventionBrowseLeafName":"Estrogen Receptor Antagonists",
                "InterventionBrowseLeafRelevance":"low"
              },{
                "InterventionBrowseLeafId":"M8371",
                "InterventionBrowseLeafName":"Hormone Antagonists",
                "InterventionBrowseLeafRelevance":"low"
              },{
                "InterventionBrowseLeafId":"M24407",
                "InterventionBrowseLeafName":"Protein Kinase Inhibitors",
                "InterventionBrowseLeafRelevance":"low"
              }
            ]
          },
          "InterventionBrowseBranchList":{
            "InterventionBrowseBranch":[
              {
                "InterventionBrowseBranchAbbrev":"ANeo",
                "InterventionBrowseBranchName":"Antineoplastic Agents"
              },{
                "InterventionBrowseBranchAbbrev":"All",
                "InterventionBrowseBranchName":"All Drugs and Chemicals"
              }
            ]
          }
        }
      }
    }
  }
}

