{
  "FullStudy":{
    "Rank":60203,
    "Study":{
      "ProtocolSection":{
        "IdentificationModule":{
          "NCTId":"NCT04066114",
          "OrgStudyIdInfo":{
            "OrgStudyId":"DAIT CTOT-24"
          },
          "SecondaryIdInfoList":{
            "SecondaryIdInfo":[
              {
                "SecondaryId":"NIAID CRMS ID#: 38581",
                "SecondaryIdType":"Other Identifier",
                "SecondaryIdDomain":"DAIT NIAID"
              }
            ]
          },
          "Organization":{
            "OrgFullName":"National Institute of Allergy and Infectious Diseases (NIAID)",
            "OrgClass":"NIH"
          },
          "BriefTitle":"Treg Modulation With CD28 and IL-6 Receptor Antagonists",
          "OfficialTitle":"Regulatory T Cell Modulation in Kidney Transplantation With Biologic Blockade of Dual Effector Pathways, CD28 and IL-6 (CTOT-24)"
        },
        "StatusModule":{
          "StatusVerifiedDate":"February 2021",
          "OverallStatus":"Recruiting",
          "ExpandedAccessInfo":{
            "HasExpandedAccess":"No"
          },
          "StartDateStruct":{
            "StartDate":"December 11, 2019",
            "StartDateType":"Actual"
          },
          "PrimaryCompletionDateStruct":{
            "PrimaryCompletionDate":"June 2022",
            "PrimaryCompletionDateType":"Anticipated"
          },
          "CompletionDateStruct":{
            "CompletionDate":"December 2022",
            "CompletionDateType":"Anticipated"
          },
          "StudyFirstSubmitDate":"August 21, 2019",
          "StudyFirstSubmitQCDate":"August 21, 2019",
          "StudyFirstPostDateStruct":{
            "StudyFirstPostDate":"August 26, 2019",
            "StudyFirstPostDateType":"Actual"
          },
          "LastUpdateSubmitDate":"February 25, 2021",
          "LastUpdatePostDateStruct":{
            "LastUpdatePostDate":"February 26, 2021",
            "LastUpdatePostDateType":"Actual"
          }
        },
        "SponsorCollaboratorsModule":{
          "ResponsibleParty":{
            "ResponsiblePartyType":"Sponsor"
          },
          "LeadSponsor":{
            "LeadSponsorName":"National Institute of Allergy and Infectious Diseases (NIAID)",
            "LeadSponsorClass":"NIH"
          },
          "CollaboratorList":{
            "Collaborator":[
              {
                "CollaboratorName":"Bristol-Myers Squibb",
                "CollaboratorClass":"INDUSTRY"
              },{
                "CollaboratorName":"Clinical Trials in Organ Transplantation",
                "CollaboratorClass":"NETWORK"
              }
            ]
          }
        },
        "OversightModule":{
          "OversightHasDMC":"Yes",
          "IsFDARegulatedDrug":"Yes",
          "IsFDARegulatedDevice":"No"
        },
        "DescriptionModule":{
          "BriefSummary":"The purpose of this study is to evaluate the safety of using lulizumab pegol with tocilizumab, belatacept, and everolimus in kidney transplant recipients.",
          "DetailedDescription":"This research study is for adults who are planning to have a kidney transplant from a living donor.\n\nIn Brief:\n\nThose who have a transplant take immunosuppressive therapy to prevent the body from rejecting the transplanted organ. Rejection occurs when the body's defense system (immune cells) recognizes the transplant as a foreign object. These immune cells and the substances they produce can damage the transplanted kidney. It is important to prevent rejection episodes, so the kidney transplant lasts as long as possible.\n\nMost transplant doctors in the United States give a combination of two or three drugs to prevent rejection. People with a transplant must take these drugs every day. Although kidney transplant recipients usually do well in the first five years after transplant, researchers want to find new ways to prevent rejection and avoid the side effects that the current drugs can cause.\n\nThis study will test a new combination of four drugs to evaluate whether this combination is safe for kidney transplant recipients:\n\nlulizumab pegol (BMS-931699)\ntocilizumab\nbelatacept and\neverolimus.\n\nBelatacept and everolimus are already approved for use as anti-rejection drugs in kidney transplant recipients. Lulizumab pegol and tocilizumab act on specific molecules (specifically CD28 and interleukin 6, respectively) on immune cells: these actions are different from how the older rejection drugs work.\n\nSummary: This is a prospective multicenter open-label clinical trial of 10 living donor kidney transplant recipients. Safety of lulizumab pegol (BMS-931699) in the context of a novel immunosuppressive regimen (anti-thymocyte globulin (rabbit) (ATG), steroids,) Nulojix® (belatacept), Actemra® (tocilizumab), and Zortress®(everolimus)) will be assessed. Study participation involves a minimum of one year of follow-up post-transplant.\n\n*** IMPORTANT NOTICE: *** The National Institute of Allergy and Infectious Diseases and the Clinical Trials in Organ Transplantation (CTOT) do not recommend the discontinuation of immunosuppressive therapy for recipients of cell, organ, or tissue transplants outside of physician-directed, controlled clinical studies. Discontinuation of prescribed immunosuppressive therapy can result in serious health consequences and should only be performed in certain rare circumstances, upon the recommendation and with the guidance of your health care provider."
        },
        "ConditionsModule":{
          "ConditionList":{
            "Condition":[
              "Living-Donor Kidney Transplant",
              "Kidney Transplant Recipients"
            ]
          },
          "KeywordList":{
            "Keyword":[
              "adult living-donor kidney transplant recipients",
              "novel immunosuppressive (IS) therapy regimen",
              "lulizumab pegol (BMS-931699)",
              "CD28 and IL-6 biologic blockade",
              "CD28 and IL-6 receptor antagonists",
              "T regulatory cells (Treg) modulation"
            ]
          }
        },
        "DesignModule":{
          "StudyType":"Interventional",
          "PhaseList":{
            "Phase":[
              "Phase 1",
              "Phase 2"
            ]
          },
          "DesignInfo":{
            "DesignAllocation":"N/A",
            "DesignInterventionModel":"Single Group Assignment",
            "DesignPrimaryPurpose":"Treatment",
            "DesignMaskingInfo":{
              "DesignMasking":"None (Open Label)"
            }
          },
          "EnrollmentInfo":{
            "EnrollmentCount":"10",
            "EnrollmentType":"Anticipated"
          }
        },
        "ArmsInterventionsModule":{
          "ArmGroupList":{
            "ArmGroup":[
              {
                "ArmGroupLabel":"lulizumab pegol + novel ISR",
                "ArmGroupType":"Experimental",
                "ArmGroupDescription":"lulizumab pegol + novel ISR: lulizumab pegol plus immunosuppressive regimen (anti-thymocyte globulin (rabbit), steroids,) belatacept, tocilizumab, and everolimus)",
                "ArmGroupInterventionList":{
                  "ArmGroupInterventionName":[
                    "Biological: lulizumab pegol",
                    "Biological: antithymocyte globulin (rabbit)",
                    "Drug: methylprednisolone",
                    "Biological: tocilizumab",
                    "Drug: Prednisone",
                    "Drug: everolimus",
                    "Biological: belatacept",
                    "Drug: mycophenolate mofetil",
                    "Drug: mycophenolic acid"
                  ]
                }
              }
            ]
          },
          "InterventionList":{
            "Intervention":[
              {
                "InterventionType":"Biological",
                "InterventionName":"lulizumab pegol",
                "InterventionDescription":"25 mg subcutaneously (SC) on Day 1 post transplantation then 12.5 mg SC weekly through day 77 (Week 11)",
                "InterventionArmGroupLabelList":{
                  "InterventionArmGroupLabel":[
                    "lulizumab pegol + novel ISR"
                  ]
                },
                "InterventionOtherNameList":{
                  "InterventionOtherName":[
                    "BMS-931699"
                  ]
                }
              },{
                "InterventionType":"Biological",
                "InterventionName":"antithymocyte globulin (rabbit)",
                "InterventionDescription":"1.5 mg/kg intravenously (IV) on Day 0 (day of transplantation) and the day following (Day 1)",
                "InterventionArmGroupLabelList":{
                  "InterventionArmGroupLabel":[
                    "lulizumab pegol + novel ISR"
                  ]
                },
                "InterventionOtherNameList":{
                  "InterventionOtherName":[
                    "ATG (rabbit)",
                    "Thymoglobulin®"
                  ]
                }
              },{
                "InterventionType":"Drug",
                "InterventionName":"methylprednisolone",
                "InterventionDescription":"500 mg (IV) on Day 0 (day of transplantation), 250 mg (IV) on Day 1 and 125 mg (IV) on Day 2",
                "InterventionArmGroupLabelList":{
                  "InterventionArmGroupLabel":[
                    "lulizumab pegol + novel ISR"
                  ]
                },
                "InterventionOtherNameList":{
                  "InterventionOtherName":[
                    "Solu-Medrol ®"
                  ]
                }
              },{
                "InterventionType":"Biological",
                "InterventionName":"tocilizumab",
                "InterventionDescription":"8 mg/kg (IV) on Day 2 post transplantation followed by 162 mg (SC) every 2 weeks through day 168 (Week 24)",
                "InterventionArmGroupLabelList":{
                  "InterventionArmGroupLabel":[
                    "lulizumab pegol + novel ISR"
                  ]
                },
                "InterventionOtherNameList":{
                  "InterventionOtherName":[
                    "Actemra®"
                  ]
                }
              },{
                "InterventionType":"Drug",
                "InterventionName":"Prednisone",
                "InterventionDescription":"Beginning on Day 3 post transplantation, taken orally: 60 mg daily\n\nDays 4 through 10: 30 mg daily\nDays 11 through 17: 20 mg daily\nDays 18 through 24: 10 mg daily\nAfter Day 24: continued taper of dose to final maintenance dose of 5 mg, per protocol",
                "InterventionArmGroupLabelList":{
                  "InterventionArmGroupLabel":[
                    "lulizumab pegol + novel ISR"
                  ]
                },
                "InterventionOtherNameList":{
                  "InterventionOtherName":[
                    "prednisone tablets",
                    "Rayos®"
                  ]
                }
              },{
                "InterventionType":"Drug",
                "InterventionName":"everolimus",
                "InterventionDescription":"Initial dose of 0.75 mg taken orally twice daily on Day 14 days after transplantation. Dose will be titrated to target trough levels 3-8 ng/mL.",
                "InterventionArmGroupLabelList":{
                  "InterventionArmGroupLabel":[
                    "lulizumab pegol + novel ISR"
                  ]
                },
                "InterventionOtherNameList":{
                  "InterventionOtherName":[
                    "Zortress®"
                  ]
                }
              },{
                "InterventionType":"Biological",
                "InterventionName":"belatacept",
                "InterventionDescription":"5 mg/kg (IV) every 4 weeks starting on Day 84 (Week 12) and continuing through Day 364 (Week 52)",
                "InterventionArmGroupLabelList":{
                  "InterventionArmGroupLabel":[
                    "lulizumab pegol + novel ISR"
                  ]
                },
                "InterventionOtherNameList":{
                  "InterventionOtherName":[
                    "Nulojix®"
                  ]
                }
              },{
                "InterventionType":"Drug",
                "InterventionName":"mycophenolate mofetil",
                "InterventionDescription":"An option for participants who do not tolerate everolimus: to be switched to either\n\nmycophenolate mofetil 1000 mg administered orally twice daily or\nmycophenolic acid",
                "InterventionArmGroupLabelList":{
                  "InterventionArmGroupLabel":[
                    "lulizumab pegol + novel ISR"
                  ]
                },
                "InterventionOtherNameList":{
                  "InterventionOtherName":[
                    "MMF",
                    "CellCept®"
                  ]
                }
              },{
                "InterventionType":"Drug",
                "InterventionName":"mycophenolic acid",
                "InterventionDescription":"An option for participants who do not tolerate everolimus: to be switched to either\n\nmycophenolic acid 720 mg taken orally twice daily or\nmycophenolate mofetil",
                "InterventionArmGroupLabelList":{
                  "InterventionArmGroupLabel":[
                    "lulizumab pegol + novel ISR"
                  ]
                },
                "InterventionOtherNameList":{
                  "InterventionOtherName":[
                    "Myfortic®"
                  ]
                }
              }
            ]
          }
        },
        "OutcomesModule":{
          "PrimaryOutcomeList":{
            "PrimaryOutcome":[
              {
                "PrimaryOutcomeMeasure":"Proportion of participants who remain free of biopsy-proven acute T-cell mediated or antibody-mediated rejection as defined by Banff criteria",
                "PrimaryOutcomeDescription":"Definitions:\n\nAcute T cell Mediated Rejection: Biopsy proven rejection defined by histologic evidence of a Banff grade of ≥1A and clinical treatment for acute rejection.\nAcute Antibody Mediated Rejection: Diffusely positive immunostaining staining for C4d, presence of circulating anti-donor antibodies, and morphologic evidence of acute tissue injury.\n\nReference: Banff 2007 Classification Renal Allograft Pathology definition of terms.",
                "PrimaryOutcomeTimeFrame":"6 months post transplantation"
              }
            ]
          },
          "SecondaryOutcomeList":{
            "SecondaryOutcome":[
              {
                "SecondaryOutcomeMeasure":"Proportion of participants who remain free of biopsy-proven acute T-cell mediated or antibody-mediated rejection as defined by Banff criteria",
                "SecondaryOutcomeDescription":"Definitions:\n\nAcute T cell Mediated Rejection: Biopsy proven rejection defined by histologic evidence of a Banff grade of ≥1A and clinical treatment for acute rejection.\nAcute Antibody Mediated Rejection: Diffusely positive immunostaining staining for C4d, presence of circulating anti-donor antibodies, and morphologic evidence of acute tissue injury.\n\nReference: Banff 2007 Classification Renal Allograft Pathology definition of terms.",
                "SecondaryOutcomeTimeFrame":"12 months post transplantation"
              }
            ]
          },
          "OtherOutcomeList":{
            "OtherOutcome":[
              {
                "OtherOutcomeMeasure":"EXPLORATORY: Frequency of circulating T Regulatory Cells (Tregs)",
                "OtherOutcomeDescription":"Mechanistic assay. Evaluation of the frequency of circulating Tregs over time.Exploratory goal: To advance understanding in mechanisms of tolerance.",
                "OtherOutcomeTimeFrame":"Day 0 (Pre-transplant) and -3, -6 and -12 months post transplantation"
              },{
                "OtherOutcomeMeasure":"EXPLORATORY:T Regulatory Cells (Treg) suppressive activity",
                "OtherOutcomeDescription":"Mechanistic assay.Donor-specific suppression activity of recipient Tregs will be measured over time by using irradiated donor peripheral blood mononuclear cells (PBMCs) as stimulators. Exploratory goal: To advance understanding in mechanisms of tolerance.",
                "OtherOutcomeTimeFrame":"Day 0 (Pre-transplant) and -3, -6 and -12 months post transplantation"
              },{
                "OtherOutcomeMeasure":"EXPLORATORY:Alloreactive T cell frequency",
                "OtherOutcomeDescription":"Mechanistic assay that measures the frequency of circulating donor-reactive CD4 conventional T cells, CD8 T cells and Tregs analyzed over time. Exploratory goal: To advance understanding in mechanisms of tolerance.",
                "OtherOutcomeTimeFrame":"Day 0 (Pre-transplant) and -3, -6 and -12 months post transplantation"
              },{
                "OtherOutcomeMeasure":"EXPLORATORY:Expression of T cell checkpoint inhibition related genes",
                "OtherOutcomeDescription":"Methodology: Analysis of gene expression in peripheral blood mononuclear cells (PBMCs) stimulated with donor antigen presenting cells to explore genes implicated in T cell checkpoint inhibition (CTLA-4, SFASL, NFATC1, NFATC2, LAG3 and HAVCR2, as examples). Exploratory goal: To advance understanding in mechanisms of tolerance.",
                "OtherOutcomeTimeFrame":"Day 0 (Pre-transplant) and -3, -6 and -12 months post transplantation"
              }
            ]
          }
        },
        "EligibilityModule":{
          "EligibilityCriteria":"Inclusion Criteria:\n\nIndividuals who meet all the following criteria are eligible for enrollment as study participants:\n\nAble to understand and provide informed consent\n\nAgreement to use highly effective (<1% failure rate) methods of contraception: Women of Childbearing Potential (WOCBP)-\n\nProgestogen only hormonal contraception associated with inhibition of ovulation,\nHormonal methods of contraception including oral contraceptive pills containing a combination of estrogen + progesterone, vagina ring, injectables, implants and intrauterine devices (IUDs),\nNon-hormonal IUDs,\nBilateral tubal occlusion,\nVasectomized partner,\nIntrauterine hormone-releasing system (IUS), or\nComplete abstinence.\n\nNote: Female participants of childbearing potential must consult with their physician and determine the most suitable method(s) from this list to be used for 12 months while on study drug regimen.\n\nMale Participants-\n\n--Must use a latex or other synthetic condom during any sexual activity with WOCBP until one month after the last dose of lulizumab (e.g., up to 3.5 months in duration).\n\nRecipient of primary, nonhuman leukocyte antigen identical living donor kidney transplant\nNo donor specific antibodies prior to transplant that are considered to be of clinical significance by the site investigator\nEpstein-Barr virus (EBV) positive serology\nCytomegalovirus (CMV) positive serology, unless donor-recipient pair are both CMV negative\n\nNegative testing for latent Tuberculosis (TB) infection within 3 months prior to transplant\n\nTesting should be conducted using either a purified protein derivative (PPD) or an interferon-gamma release assay blood test for TB (i.e. QuantiFERON®-TB Gold in-Tube test or T-SPOT® TB test)\nSubjects with a positive test for latent TB infection must complete appropriate therapy for Latent tuberculosis infection (LTBI). ---A subject is considered eligible only if they have a negative test for LTBI within 3 months prior to transplant or, they have appropriately completed LTBI therapy prior to transplant.\n\nNote: Latent TB infection treatment regimens should be among those endorsed by the CDC (Division of TB Elimination, 2016).\n\nIn the absence of contraindication, vaccinations must be up to date for hepatitis B, influenza, pneumococcal, varicella and herpes zoster, and measles, mumps, and rubella (MMR)\n\nHepatitis C Virus (HCV) antibody positive subjects with negative HCV by PCR testing are eligible if they:\n\nhave spontaneously cleared infection, or\nare in sustained virologic remission for at least 12 weeks after treatment for HCV.\nNegative SARS-CoV-2 PCR test result performed within 2 weeks of transplant (SARS-CoV-2 is the virus that causes COVID-19)\n\nExclusion Criteria:\n\nIndividuals who meet any of these criteria are not eligible for enrollment as study participants-\n\nPrisoners or subjects who are compulsorily detained\nInability or unwillingness of a participant to give written informed consent or comply with study protocol\nCandidate for a multiple solid organ or tissue transplants\nPrior history of organ or cellular transplantation\nKnown to have idiopathic focal segmental glomerulosclerosis (FSGS) as the underlying cause of kidney failure (ESRD)\nRequirement for uninterrupted anticoagulation therapy, including Plavix.\nKnown hypersensitivity to mechanistic target of rapamycin (mTOR) inhibitors or contraindication to everolimus (including history of wound healing complications)\nHistory of severe allergic and/or anaphylactic reactions to humanized or murine monoclonal antibodies\nHypersensitivity to rabbit proteins or rabbit anti-thymocyte Globulin (ATG)\nKnown hypersensitivity to ACTEMRA® (tocilizumab) or lulizumab pegol (BMS-931699)\nThe human immunodeficiency virus (HIV) infected subjects, including those who are well controlled on antiretrovirals\nPositive hepatitis B surface antigen (HBSAg), or hepatitis B core antibody (HBcAB) serology\nHepatitis C virus antibody positive (HCV Ab+) subjects who have failed to demonstrate sustained viral remission for more than 12 weeks after anti-viral treatment\nSubjects with a previous history of active Tuberculosis (TB)\nKnown active current viral, fungal, mycobacterial or other infections (including, but not limited to tuberculosis and atypical mycobacterial disease, Hepatitis B and C, and herpes zoster)\n\nDonor or recipient residing in areas where the annual incidence ≥ 21 cases per 100,000) for coccidioidomycosis according to current CDC map: (https://www.cdc.gov/fungal/diseases/coccidioidomycosis/causes.html)\n\nDonors or recipients residing in low risk zones (annual <21 cases per 100,000) will not require additional screening\nHistory of malignancy except treated basal cell cancer of the skin\nHistory of hemolytic-uremic syndrome/ thrombotic thrombocytopenia purpura\nHistory of demyelinating disorders (e.g., multiple sclerosis, chronic inflammation demyelinating polyneuropathy)\nHistory of gastrointestinal perforations, active inflammatory bowel disease or diverticulitis\nAny previous treatment with alkylating agents such as chlorambucil, or with total lymphoid irradiation\nReceipt of a live vaccine within 30 days prior to transplantation.\n\nPast or current medical problems or findings from physical examination or laboratory testing that are not listed above, which, in the opinion of the investigator, may:\n\npose additional risks from participation in the study,\nmay interfere with the participant's ability to comply with study requirements, or\nthat may impact the quality or interpretation of the data obtained from the study\nSevere hyperlipidemia (defined by total cholesterol >350 mg/dL, LDL >190 mg/dL, or triglycerides >500 mg/dL)\nTransaminase levels elevated more than 1.5 times the upper limit of normal (ULN) within 7 days prior to enrollment\nThe absolute neutrophil count (ANC) < 2,000 per mm^3 within 7 days prior to enrollment\nPlatelet count less than 100,000 per mm^3 within 7 days prior to enrollment\nMore than 50% CD8+/ CD28- T-cells in peripheral blood\nA calculated panel reactive antibody (cPRA) ≥20%, as determined by each participating site's laboratory\nPositive pregnancy test in women of child bearing potential, currently breastfeeding, or planning to become pregnant during the timeframe of the study or follow-up period\nParticipation in any other studies with investigational drugs or regimens in the preceding year\nA history of a positive SARS-CoV-2 PCR test result (SARS-CoV-2 is the virus that causes COVID-19)",
          "HealthyVolunteers":"No",
          "Gender":"All",
          "MinimumAge":"18 Years",
          "MaximumAge":"70 Years",
          "StdAgeList":{
            "StdAge":[
              "Adult",
              "Older Adult"
            ]
          }
        },
        "ContactsLocationsModule":{
          "OverallOfficialList":{
            "OverallOfficial":[
              {
                "OverallOfficialName":"Flavio Vincenti, M.D.",
                "OverallOfficialAffiliation":"University of California San Francisco School of Medicine: Transplantation",
                "OverallOfficialRole":"Principal Investigator"
              },{
                "OverallOfficialName":"Sindhu Chandran, M.D.",
                "OverallOfficialAffiliation":"University of California San Francisco School of Medicine: Transplantation",
                "OverallOfficialRole":"Study Chair"
              }
            ]
          },
          "LocationList":{
            "Location":[
              {
                "LocationFacility":"University of Alabama School of Medicine: Transplantation",
                "LocationStatus":"Recruiting",
                "LocationCity":"Birmingham",
                "LocationState":"Alabama",
                "LocationZip":"35233",
                "LocationCountry":"United States",
                "LocationContactList":{
                  "LocationContact":[
                    {
                      "LocationContactName":"Jennifer Newby",
                      "LocationContactRole":"Contact",
                      "LocationContactPhone":"205-996-2577",
                      "LocationContactEMail":"jnewby@uabmc.edu"
                    },{
                      "LocationContactName":"Clifton E. Kew II, MD",
                      "LocationContactRole":"Principal Investigator"
                    }
                  ]
                }
              },{
                "LocationFacility":"University of California San Francisco School of Medicine: Transplantation",
                "LocationStatus":"Recruiting",
                "LocationCity":"San Francisco",
                "LocationState":"California",
                "LocationZip":"94143",
                "LocationCountry":"United States",
                "LocationContactList":{
                  "LocationContact":[
                    {
                      "LocationContactName":"Chun Jung Chen",
                      "LocationContactRole":"Contact",
                      "LocationContactPhone":"415-353-8380",
                      "LocationContactEMail":"chunjung.chen@ucsf.edu"
                    },{
                      "LocationContactName":"Flavio Vincenti, MD",
                      "LocationContactRole":"Principal Investigator"
                    }
                  ]
                }
              },{
                "LocationFacility":"University of Colorado (UC) Health Transplant Center - Anschutz",
                "LocationStatus":"Recruiting",
                "LocationCity":"Aurora",
                "LocationState":"Colorado",
                "LocationZip":"80045",
                "LocationCountry":"United States",
                "LocationContactList":{
                  "LocationContact":[
                    {
                      "LocationContactName":"Samantha Klaas",
                      "LocationContactRole":"Contact",
                      "LocationContactPhone":"303-724-9081",
                      "LocationContactEMail":"samantha.klaas@cuanschutz.edu"
                    },{
                      "LocationContactName":"Scott Davis, MD",
                      "LocationContactRole":"Principal Investigator"
                    }
                  ]
                }
              },{
                "LocationFacility":"Northwestern Memorial Hospital: Transplantation",
                "LocationStatus":"Recruiting",
                "LocationCity":"Chicago",
                "LocationState":"Illinois",
                "LocationZip":"60611",
                "LocationCountry":"United States",
                "LocationContactList":{
                  "LocationContact":[
                    {
                      "LocationContactName":"Susan Brietigam",
                      "LocationContactRole":"Contact",
                      "LocationContactPhone":"312-694-0259",
                      "LocationContactEMail":"s-brietigam@northwestern.edu"
                    },{
                      "LocationContactName":"John J. Friedewald, MD",
                      "LocationContactRole":"Principal Investigator"
                    }
                  ]
                }
              },{
                "LocationFacility":"University of Nebraska Medical Center: Transplantation",
                "LocationStatus":"Recruiting",
                "LocationCity":"Omaha",
                "LocationState":"Nebraska",
                "LocationZip":"68105",
                "LocationCountry":"United States",
                "LocationContactList":{
                  "LocationContact":[
                    {
                      "LocationContactName":"Irena Kovacevic, BSN, RN",
                      "LocationContactRole":"Contact",
                      "LocationContactPhone":"402-552-2735",
                      "LocationContactEMail":"irena.kovacevic@unmc.edu"
                    },{
                      "LocationContactName":"Roslyn B. Mannon, MD",
                      "LocationContactRole":"Principal Investigator"
                    }
                  ]
                }
              },{
                "LocationFacility":"Duke University Medical Center: Transplantation",
                "LocationStatus":"Recruiting",
                "LocationCity":"Durham",
                "LocationState":"North Carolina",
                "LocationZip":"27710",
                "LocationCountry":"United States",
                "LocationContactList":{
                  "LocationContact":[
                    {
                      "LocationContactName":"Sherri Swan-Nesbit",
                      "LocationContactRole":"Contact",
                      "LocationContactPhone":"919-613-6472",
                      "LocationContactEMail":"sherri.swan@duke.edu"
                    },{
                      "LocationContactName":"Allan D. Kirk, M.D., Ph.D.",
                      "LocationContactRole":"Principal Investigator"
                    }
                  ]
                }
              },{
                "LocationFacility":"Cleveland Clinic Foundation: Transplantation",
                "LocationStatus":"Recruiting",
                "LocationCity":"Cleveland",
                "LocationState":"Ohio",
                "LocationZip":"44195",
                "LocationCountry":"United States",
                "LocationContactList":{
                  "LocationContact":[
                    {
                      "LocationContactName":"Dianna Sendrey",
                      "LocationContactRole":"Contact",
                      "LocationContactPhone":"216-444-0486",
                      "LocationContactEMail":"sendred2@ccf.org"
                    },{
                      "LocationContactName":"Emilio Poggio, MD",
                      "LocationContactRole":"Principal Investigator"
                    }
                  ]
                }
              }
            ]
          }
        },
        "ReferencesModule":{
          "SeeAlsoLinkList":{
            "SeeAlsoLink":[
              {
                "SeeAlsoLinkLabel":"National Institute of Allergy and Infectious Diseases",
                "SeeAlsoLinkURL":"https://www.niaid.nih.gov/"
              },{
                "SeeAlsoLinkLabel":"Division of Allergy, Immunology, and Transplantation",
                "SeeAlsoLinkURL":"https://www.niaid.nih.gov/about/dait"
              },{
                "SeeAlsoLinkLabel":"Clinical Trials in Organ Transplantation (CTOT)",
                "SeeAlsoLinkURL":"http://www.ctotstudies.org"
              }
            ]
          }
        }
      },
      "DerivedSection":{
        "MiscInfoModule":{
          "VersionHolder":"April 19, 2021"
        },
        "InterventionBrowseModule":{
          "InterventionMeshList":{
            "InterventionMesh":[
              {
                "InterventionMeshId":"D000009173",
                "InterventionMeshTerm":"Mycophenolic Acid"
              },{
                "InterventionMeshId":"D000011241",
                "InterventionMeshTerm":"Prednisone"
              },{
                "InterventionMeshId":"D000008775",
                "InterventionMeshTerm":"Methylprednisolone"
              },{
                "InterventionMeshId":"D000008776",
                "InterventionMeshTerm":"Methylprednisolone Hemisuccinate"
              },{
                "InterventionMeshId":"D000068338",
                "InterventionMeshTerm":"Everolimus"
              },{
                "InterventionMeshId":"D000069594",
                "InterventionMeshTerm":"Abatacept"
              },{
                "InterventionMeshId":"C000512542",
                "InterventionMeshTerm":"Thymoglobulin"
              },{
                "InterventionMeshId":"D000000961",
                "InterventionMeshTerm":"Antilymphocyte Serum"
              }
            ]
          },
          "InterventionAncestorList":{
            "InterventionAncestor":[
              {
                "InterventionAncestorId":"D000000893",
                "InterventionAncestorTerm":"Anti-Inflammatory Agents"
              },{
                "InterventionAncestorId":"D000005938",
                "InterventionAncestorTerm":"Glucocorticoids"
              },{
                "InterventionAncestorId":"D000006728",
                "InterventionAncestorTerm":"Hormones"
              },{
                "InterventionAncestorId":"D000006730",
                "InterventionAncestorTerm":"Hormones, Hormone Substitutes, and Hormone Antagonists"
              },{
                "InterventionAncestorId":"D000045505",
                "InterventionAncestorTerm":"Physiological Effects of Drugs"
              },{
                "InterventionAncestorId":"D000018931",
                "InterventionAncestorTerm":"Antineoplastic Agents, Hormonal"
              },{
                "InterventionAncestorId":"D000000970",
                "InterventionAncestorTerm":"Antineoplastic Agents"
              },{
                "InterventionAncestorId":"D000007166",
                "InterventionAncestorTerm":"Immunosuppressive Agents"
              },{
                "InterventionAncestorId":"D000007155",
                "InterventionAncestorTerm":"Immunologic Factors"
              },{
                "InterventionAncestorId":"D000000903",
                "InterventionAncestorTerm":"Antibiotics, Antineoplastic"
              },{
                "InterventionAncestorId":"D000000904",
                "InterventionAncestorTerm":"Antibiotics, Antitubercular"
              },{
                "InterventionAncestorId":"D000000995",
                "InterventionAncestorTerm":"Antitubercular Agents"
              },{
                "InterventionAncestorId":"D000000900",
                "InterventionAncestorTerm":"Anti-Bacterial Agents"
              },{
                "InterventionAncestorId":"D000000890",
                "InterventionAncestorTerm":"Anti-Infective Agents"
              },{
                "InterventionAncestorId":"D000004791",
                "InterventionAncestorTerm":"Enzyme Inhibitors"
              },{
                "InterventionAncestorId":"D000045504",
                "InterventionAncestorTerm":"Molecular Mechanisms of Pharmacological Action"
              },{
                "InterventionAncestorId":"D000000932",
                "InterventionAncestorTerm":"Antiemetics"
              },{
                "InterventionAncestorId":"D000001337",
                "InterventionAncestorTerm":"Autonomic Agents"
              },{
                "InterventionAncestorId":"D000018373",
                "InterventionAncestorTerm":"Peripheral Nervous System Agents"
              },{
                "InterventionAncestorId":"D000005765",
                "InterventionAncestorTerm":"Gastrointestinal Agents"
              },{
                "InterventionAncestorId":"D000018696",
                "InterventionAncestorTerm":"Neuroprotective Agents"
              },{
                "InterventionAncestorId":"D000020011",
                "InterventionAncestorTerm":"Protective Agents"
              },{
                "InterventionAncestorId":"D000018501",
                "InterventionAncestorTerm":"Antirheumatic Agents"
              }
            ]
          },
          "InterventionBrowseLeafList":{
            "InterventionBrowseLeaf":[
              {
                "InterventionBrowseLeafId":"M10711",
                "InterventionBrowseLeafName":"Mycophenolic Acid",
                "InterventionBrowseLeafAsFound":"Survivorship",
                "InterventionBrowseLeafRelevance":"high"
              },{
                "InterventionBrowseLeafId":"M12704",
                "InterventionBrowseLeafName":"Prednisone",
                "InterventionBrowseLeafAsFound":"Cognitive",
                "InterventionBrowseLeafRelevance":"high"
              },{
                "InterventionBrowseLeafId":"M255",
                "InterventionBrowseLeafName":"Everolimus",
                "InterventionBrowseLeafAsFound":"Biopsy",
                "InterventionBrowseLeafRelevance":"high"
              },{
                "InterventionBrowseLeafId":"M264589",
                "InterventionBrowseLeafName":"Thymoglobulin",
                "InterventionBrowseLeafAsFound":"Multinodular",
                "InterventionBrowseLeafRelevance":"high"
              },{
                "InterventionBrowseLeafId":"M2860",
                "InterventionBrowseLeafName":"Antilymphocyte Serum",
                "InterventionBrowseLeafAsFound":"Alternate",
                "InterventionBrowseLeafRelevance":"high"
              },{
                "InterventionBrowseLeafId":"M10332",
                "InterventionBrowseLeafName":"Methylprednisolone",
                "InterventionBrowseLeafAsFound":"Contact",
                "InterventionBrowseLeafRelevance":"high"
              },{
                "InterventionBrowseLeafId":"M1833",
                "InterventionBrowseLeafName":"Methylprednisolone Acetate",
                "InterventionBrowseLeafRelevance":"low"
              },{
                "InterventionBrowseLeafId":"M10333",
                "InterventionBrowseLeafName":"Methylprednisolone Hemisuccinate",
                "InterventionBrowseLeafAsFound":"Prefrontal cortex",
                "InterventionBrowseLeafRelevance":"high"
              },{
                "InterventionBrowseLeafId":"M12703",
                "InterventionBrowseLeafName":"Prednisolone",
                "InterventionBrowseLeafRelevance":"low"
              },{
                "InterventionBrowseLeafId":"M237203",
                "InterventionBrowseLeafName":"Prednisolone acetate",
                "InterventionBrowseLeafRelevance":"low"
              },{
                "InterventionBrowseLeafId":"M218859",
                "InterventionBrowseLeafName":"Prednisolone hemisuccinate",
                "InterventionBrowseLeafRelevance":"low"
              },{
                "InterventionBrowseLeafId":"M243004",
                "InterventionBrowseLeafName":"Prednisolone phosphate",
                "InterventionBrowseLeafRelevance":"low"
              },{
                "InterventionBrowseLeafId":"M8795",
                "InterventionBrowseLeafName":"Immunosuppressive Agents",
                "InterventionBrowseLeafRelevance":"low"
              },{
                "InterventionBrowseLeafId":"M483",
                "InterventionBrowseLeafName":"Abatacept",
                "InterventionBrowseLeafAsFound":"Immunodeficiency Syndrome",
                "InterventionBrowseLeafRelevance":"high"
              },{
                "InterventionBrowseLeafId":"M2798",
                "InterventionBrowseLeafName":"Anti-Inflammatory Agents",
                "InterventionBrowseLeafRelevance":"low"
              },{
                "InterventionBrowseLeafId":"M7630",
                "InterventionBrowseLeafName":"Glucocorticoids",
                "InterventionBrowseLeafRelevance":"low"
              },{
                "InterventionBrowseLeafId":"M8372",
                "InterventionBrowseLeafName":"Hormones",
                "InterventionBrowseLeafRelevance":"low"
              },{
                "InterventionBrowseLeafId":"M8371",
                "InterventionBrowseLeafName":"Hormone Antagonists",
                "InterventionBrowseLeafRelevance":"low"
              },{
                "InterventionBrowseLeafId":"M19550",
                "InterventionBrowseLeafName":"Antineoplastic Agents, Hormonal",
                "InterventionBrowseLeafRelevance":"low"
              },{
                "InterventionBrowseLeafId":"M8784",
                "InterventionBrowseLeafName":"Immunologic Factors",
                "InterventionBrowseLeafRelevance":"low"
              },{
                "InterventionBrowseLeafId":"M2803",
                "InterventionBrowseLeafName":"Anti-Bacterial Agents",
                "InterventionBrowseLeafRelevance":"low"
              },{
                "InterventionBrowseLeafId":"M2805",
                "InterventionBrowseLeafName":"Antibiotics, Antitubercular",
                "InterventionBrowseLeafRelevance":"low"
              },{
                "InterventionBrowseLeafId":"M2892",
                "InterventionBrowseLeafName":"Antitubercular Agents",
                "InterventionBrowseLeafRelevance":"low"
              },{
                "InterventionBrowseLeafId":"M2795",
                "InterventionBrowseLeafName":"Anti-Infective Agents",
                "InterventionBrowseLeafRelevance":"low"
              },{
                "InterventionBrowseLeafId":"M2832",
                "InterventionBrowseLeafName":"Antiemetics",
                "InterventionBrowseLeafRelevance":"low"
              },{
                "InterventionBrowseLeafId":"M7464",
                "InterventionBrowseLeafName":"Gastrointestinal Agents",
                "InterventionBrowseLeafRelevance":"low"
              },{
                "InterventionBrowseLeafId":"M19357",
                "InterventionBrowseLeafName":"Neuroprotective Agents",
                "InterventionBrowseLeafRelevance":"low"
              },{
                "InterventionBrowseLeafId":"M20453",
                "InterventionBrowseLeafName":"Protective Agents",
                "InterventionBrowseLeafRelevance":"low"
              },{
                "InterventionBrowseLeafId":"M19188",
                "InterventionBrowseLeafName":"Antirheumatic Agents",
                "InterventionBrowseLeafRelevance":"low"
              }
            ]
          },
          "InterventionBrowseBranchList":{
            "InterventionBrowseBranch":[
              {
                "InterventionBrowseBranchAbbrev":"Infe",
                "InterventionBrowseBranchName":"Anti-Infective Agents"
              },{
                "InterventionBrowseBranchAbbrev":"ANeo",
                "InterventionBrowseBranchName":"Antineoplastic Agents"
              },{
                "InterventionBrowseBranchAbbrev":"All",
                "InterventionBrowseBranchName":"All Drugs and Chemicals"
              },{
                "InterventionBrowseBranchAbbrev":"Infl",
                "InterventionBrowseBranchName":"Anti-Inflammatory Agents"
              },{
                "InterventionBrowseBranchAbbrev":"AnEm",
                "InterventionBrowseBranchName":"Antiemetics"
              },{
                "InterventionBrowseBranchAbbrev":"NeuroAg",
                "InterventionBrowseBranchName":"Neuroprotective Agents"
              },{
                "InterventionBrowseBranchAbbrev":"Gast",
                "InterventionBrowseBranchName":"Gastrointestinal Agents"
              },{
                "InterventionBrowseBranchAbbrev":"ARhu",
                "InterventionBrowseBranchName":"Antirheumatic Agents"
              }
            ]
          }
        }
      }
    }
  }
}

