{
  "FullStudy":{
    "Rank":60066,
    "Study":{
      "ProtocolSection":{
        "IdentificationModule":{
          "NCTId":"NCT04067895",
          "OrgStudyIdInfo":{
            "OrgStudyId":"EP1"
          },
          "Organization":{
            "OrgFullName":"Medical University of Vienna",
            "OrgClass":"OTHER"
          },
          "BriefTitle":"Human Bone Graft in Epiphysiodesis",
          "OfficialTitle":"Multi-center Observational Study on the Use of a Human Bone Graft in Epiphysiodesis"
        },
        "StatusModule":{
          "StatusVerifiedDate":"March 2021",
          "OverallStatus":"Recruiting",
          "ExpandedAccessInfo":{
            "HasExpandedAccess":"No"
          },
          "StartDateStruct":{
            "StartDate":"August 6, 2019",
            "StartDateType":"Actual"
          },
          "PrimaryCompletionDateStruct":{
            "PrimaryCompletionDate":"September 2021",
            "PrimaryCompletionDateType":"Anticipated"
          },
          "CompletionDateStruct":{
            "CompletionDate":"September 2022",
            "CompletionDateType":"Anticipated"
          },
          "StudyFirstSubmitDate":"August 22, 2019",
          "StudyFirstSubmitQCDate":"August 22, 2019",
          "StudyFirstPostDateStruct":{
            "StudyFirstPostDate":"August 28, 2019",
            "StudyFirstPostDateType":"Actual"
          },
          "LastUpdateSubmitDate":"March 10, 2021",
          "LastUpdatePostDateStruct":{
            "LastUpdatePostDate":"March 11, 2021",
            "LastUpdatePostDateType":"Actual"
          }
        },
        "SponsorCollaboratorsModule":{
          "ResponsibleParty":{
            "ResponsiblePartyType":"Principal Investigator",
            "ResponsiblePartyInvestigatorFullName":"Catharina Chiari",
            "ResponsiblePartyInvestigatorTitle":"Univ. Prof. Dr. Catharina Chiari, MSc",
            "ResponsiblePartyInvestigatorAffiliation":"Medical University of Vienna"
          },
          "LeadSponsor":{
            "LeadSponsorName":"Medical University of Vienna",
            "LeadSponsorClass":"OTHER"
          },
          "CollaboratorList":{
            "Collaborator":[
              {
                "CollaboratorName":"surgebright GmbH",
                "CollaboratorClass":"UNKNOWN"
              }
            ]
          }
        },
        "OversightModule":{
          "OversightHasDMC":"No",
          "IsFDARegulatedDrug":"No",
          "IsFDARegulatedDevice":"No"
        },
        "DescriptionModule":{
          "BriefSummary":"This observational study is to document the application of human bone graft in the surgical treatment (epiphysiodesis) of leg length discrepancy or primordial gigantism and its subsequent healing process."
        },
        "ConditionsModule":{
          "ConditionList":{
            "Condition":[
              "Leg Length Differences",
              "Primordial Gigantism"
            ]
          },
          "KeywordList":{
            "Keyword":[
              "human bone graft screw",
              "epiphysiodesis",
              "leg length inequality",
              "primordial gigantism"
            ]
          }
        },
        "DesignModule":{
          "StudyType":"Observational",
          "PatientRegistry":"No",
          "DesignInfo":{
            "DesignObservationalModelList":{
              "DesignObservationalModel":[
                "Cohort"
              ]
            },
            "DesignTimePerspectiveList":{
              "DesignTimePerspective":[
                "Prospective"
              ]
            }
          },
          "EnrollmentInfo":{
            "EnrollmentCount":"20",
            "EnrollmentType":"Anticipated"
          }
        },
        "ArmsInterventionsModule":{
          "ArmGroupList":{
            "ArmGroup":[
              {
                "ArmGroupLabel":"human bone graft screw",
                "ArmGroupDescription":"human bone graft screws will be used during the epiphysiodesis",
                "ArmGroupInterventionList":{
                  "ArmGroupInterventionName":[
                    "Procedure: epiphysiodesis"
                  ]
                }
              }
            ]
          },
          "InterventionList":{
            "Intervention":[
              {
                "InterventionType":"Procedure",
                "InterventionName":"epiphysiodesis",
                "InterventionDescription":"All patients undergo surgical treatment of leg lengths discrepancies or primordial gigantism. Human bone graft screws will be used to stop the distraction of the growth plate.",
                "InterventionArmGroupLabelList":{
                  "InterventionArmGroupLabel":[
                    "human bone graft screw"
                  ]
                }
              }
            ]
          }
        },
        "OutcomesModule":{
          "PrimaryOutcomeList":{
            "PrimaryOutcome":[
              {
                "PrimaryOutcomeMeasure":"formation of a bone bridge",
                "PrimaryOutcomeDescription":"based on x-rays or MRI: Is as formation of a bone bridge visible? YES/NO How many millimeters? mm",
                "PrimaryOutcomeTimeFrame":"1 year"
              },{
                "PrimaryOutcomeMeasure":"incidence of surgical revisions",
                "PrimaryOutcomeDescription":"Was a surgical revision done postoperatively? YES/NO",
                "PrimaryOutcomeTimeFrame":"1 year"
              },{
                "PrimaryOutcomeMeasure":"incidence of additional surgery",
                "PrimaryOutcomeDescription":"Was an additional surgery necessary to stop growth? YES/NO; Which one?",
                "PrimaryOutcomeTimeFrame":"1 year"
              },{
                "PrimaryOutcomeMeasure":"incidence of cracking of the screw",
                "PrimaryOutcomeDescription":"based on x-rays or MRI: Is a crack of the screw visible? YES/NO",
                "PrimaryOutcomeTimeFrame":"1 year"
              },{
                "PrimaryOutcomeMeasure":"incidence of a dislocation of the screw",
                "PrimaryOutcomeDescription":"based on x-rays or MRI: Is the screw dislocated? YES/NO",
                "PrimaryOutcomeTimeFrame":"1 year"
              },{
                "PrimaryOutcomeMeasure":"incidence of postoperative inflammatory complications",
                "PrimaryOutcomeDescription":"Is a postoperative inflammatory complication recognizable? YES/NO",
                "PrimaryOutcomeTimeFrame":"1 year"
              },{
                "PrimaryOutcomeMeasure":"cystic brightening around the screw",
                "PrimaryOutcomeDescription":"based on x-rays or MRI: Is a cystic brightening around the screw visible? YES/NO",
                "PrimaryOutcomeTimeFrame":"1 year"
              },{
                "PrimaryOutcomeMeasure":"sclerosing around the screw",
                "PrimaryOutcomeDescription":"based on x-rays or MRI: Is a sclerosis around the screw visible? YES/NO",
                "PrimaryOutcomeTimeFrame":"1 year"
              },{
                "PrimaryOutcomeMeasure":"evaluation of postoperative pain (VAS)",
                "PrimaryOutcomeDescription":"The visual analogue scale (VAS) is a vertical line, 10 centimeters (100 mm) in length, anchored by 2 verbal descriptors, one for each symptom extremes (0mm = no pain - 100mm = worst imaginable pain). A higher score indicates more pain.",
                "PrimaryOutcomeTimeFrame":"1 year"
              }
            ]
          },
          "SecondaryOutcomeList":{
            "SecondaryOutcome":[
              {
                "SecondaryOutcomeMeasure":"evaluation of swelling",
                "SecondaryOutcomeDescription":"Is a swelling in the surgery area visible? NO/MILD/MODERATE/SEVERE",
                "SecondaryOutcomeTimeFrame":"1 year"
              },{
                "SecondaryOutcomeMeasure":"evaluation of wound healing disorder",
                "SecondaryOutcomeDescription":"Is a disorder of the wound healing recognizable? NO/MILD/MODERATE/SEVERE",
                "SecondaryOutcomeTimeFrame":"1 year"
              },{
                "SecondaryOutcomeMeasure":"evaluation of hematoma",
                "SecondaryOutcomeDescription":"Is a hematoma in the surgery area visible? NO/MILD/MODERATE/SEVERE",
                "SecondaryOutcomeTimeFrame":"1 year"
              },{
                "SecondaryOutcomeMeasure":"patient satisfaction (VAS)",
                "SecondaryOutcomeDescription":"The visual analogue scale (VAS) is a vertical line, 10 centimeters (100 mm) in length, anchored by 2 verbal descriptors, one for each symptom extremes (0mm = very satisfied - 100mm = not satisfied at all). A higher score indicates less satisfaction.",
                "SecondaryOutcomeTimeFrame":"1 year"
              },{
                "SecondaryOutcomeMeasure":"Knee Outcome Survey - Activities of Daily Living Scale (KOS-ADL)",
                "SecondaryOutcomeDescription":"The KOS ADL score includes 14 questions and is divided in 2 subscales, symptoms (6 items, max. score 30) and functional restrictions (8 items, max. score 40). The scores of the answers range from 0 to 5 points. 0 points mean no impairment of everyday activities, while 5 points represent the greatest possible impairment. All points are summed up.\n\nFrom this, the KOS-ADL score is calculated as the proportion of the total response points from the possible maximum score (70) in percent. KOS ADL Score [%] = ( symptoms pts. + functional restrictions pts.)*100/70. The percentage ranges from 0-100%. 0% means no impairment, while 100% represents the greatest possible impairment.",
                "SecondaryOutcomeTimeFrame":"1 year"
              },{
                "SecondaryOutcomeMeasure":"International Knee Documentation Committee Subjective Knee Form (IKDC Score)",
                "SecondaryOutcomeDescription":"The IKDC Score contains 19 questions (7 questions for symptomatology, 10 concerning function, 2 about sport activity). The lowest function level or the highest symptom level receives the score value 1. The highest function level or the lowest symptom level is given the number n according to the number n of possible answers. With the exception of question 10 \"Functioning before knee injury\", the remaining 18 response points are summed up. This gives the \"raw sum\". The lowest possible score is 18 and the maximum possible score is 87. The raw sum is converted into a scale of 0 to 100 using the following formula: ((raw score - lowest possible score)/score range)*100. 0 points mean the greatest possible impairment, while 100 points mean complete freedom from symptoms and functioning. The IKDC score can only be calculated if at least 16 of the 18 questions have been answered.",
                "SecondaryOutcomeTimeFrame":"1 year"
              },{
                "SecondaryOutcomeMeasure":"Revised questionnaire to assess Health-Related Quality of Life in children and adolescents (KINDL)",
                "SecondaryOutcomeDescription":"The KINDL is a generic instrument for assessing Health-Related Quality of Life in children and adolescents aged 3 years and older. There are 3 versions available for different age groups: Kiddy-KINDL 4-6 years, Kid-KINDL 7-13 years, Kiddo-KINDL 14-17 years. The questionnaires used in this study (Kid-KINDL and Kiddo-KINDL) provide 24 Likert-scaled items associated with 6 dimensions: physical well-being ,emotional well-being, self-esteem, family, friends, and school. All versions also contain an additional section 'disease' with 6 items. They can be completed in case of illness or hospitalization. The items and sub-scales are calculated according to the KINDL manual and a higher score corresponds to a higher health-related quality of life.",
                "SecondaryOutcomeTimeFrame":"1 year"
              }
            ]
          }
        },
        "EligibilityModule":{
          "EligibilityCriteria":"Inclusion Criteria:\n\nPlanned epiphysiodesis to stop the growing of a bone indicated by leg length discrepancies or primordial gigantism\nAge 10-18 years\nWritten consent to participate in the study after previous written and oral education (additional consent for the participation of minors in the study after prior written and oral education by at least one parent)\n\nExclusion Criteria:\n\nInsufficient knowledge of the german language\nForeseeable compliance issues\nNeoplastic diseases, malignant bone tumors, rheumatoid arthritis\nPatients with non-treated pre-existing conditions, which could be the cause of leg length differences\nActive osteomyelitis\nUlcerations in the area of the skin of the surgical area\nImmunosuppressive drugs that can not be discontinued",
          "HealthyVolunteers":"No",
          "Gender":"All",
          "MinimumAge":"10 Years",
          "MaximumAge":"18 Years",
          "StdAgeList":{
            "StdAge":[
              "Child",
              "Adult"
            ]
          },
          "StudyPopulation":"Patients from all participating sites scheduled for an epiphysiodesis with humanm bone graft screws get information about this observational study and have the possibiltiy to participate.",
          "SamplingMethod":"Probability Sample"
        },
        "ContactsLocationsModule":{
          "CentralContactList":{
            "CentralContact":[
              {
                "CentralContactName":"Catharina Chiari, Dr.",
                "CentralContactRole":"Contact",
                "CentralContactPhone":"+43 1 40400",
                "CentralContactPhoneExt":"40900",
                "CentralContactEMail":"catharina.chiari@meduniwien.ac.at"
              },{
                "CentralContactName":"Sandra Hacker, MSc",
                "CentralContactRole":"Contact",
                "CentralContactPhone":"+43 1 40400",
                "CentralContactPhoneExt":"40900",
                "CentralContactEMail":"sandra.hacker@meduniwien.ac.at"
              }
            ]
          },
          "LocationList":{
            "Location":[
              {
                "LocationFacility":"General Hospital Vienna",
                "LocationStatus":"Recruiting",
                "LocationCity":"Vienna",
                "LocationZip":"1090",
                "LocationCountry":"Austria",
                "LocationContactList":{
                  "LocationContact":[
                    {
                      "LocationContactName":"Sandra Hacker, MSc",
                      "LocationContactRole":"Contact",
                      "LocationContactPhone":"+43 1 40400",
                      "LocationContactPhoneExt":"40900",
                      "LocationContactEMail":"sandra.hacker@meduniwien.ac.at"
                    },{
                      "LocationContactName":"Catharina Chiari, Prof. MD",
                      "LocationContactRole":"Principal Investigator"
                    }
                  ]
                }
              }
            ]
          }
        }
      },
      "DerivedSection":{
        "MiscInfoModule":{
          "VersionHolder":"April 19, 2021"
        },
        "ConditionBrowseModule":{
          "ConditionMeshList":{
            "ConditionMesh":[
              {
                "ConditionMeshId":"D000005877",
                "ConditionMeshTerm":"Gigantism"
              }
            ]
          },
          "ConditionAncestorList":{
            "ConditionAncestor":[
              {
                "ConditionAncestorId":"D000001848",
                "ConditionAncestorTerm":"Bone Diseases, Developmental"
              },{
                "ConditionAncestorId":"D000001847",
                "ConditionAncestorTerm":"Bone Diseases"
              },{
                "ConditionAncestorId":"D000009140",
                "ConditionAncestorTerm":"Musculoskeletal Diseases"
              },{
                "ConditionAncestorId":"D000001849",
                "ConditionAncestorTerm":"Bone Diseases, Endocrine"
              },{
                "ConditionAncestorId":"D000006964",
                "ConditionAncestorTerm":"Hyperpituitarism"
              },{
                "ConditionAncestorId":"D000010900",
                "ConditionAncestorTerm":"Pituitary Diseases"
              },{
                "ConditionAncestorId":"D000004700",
                "ConditionAncestorTerm":"Endocrine System Diseases"
              }
            ]
          },
          "ConditionBrowseLeafList":{
            "ConditionBrowseLeaf":[
              {
                "ConditionBrowseLeafId":"M9465",
                "ConditionBrowseLeafName":"Leg Length Inequality",
                "ConditionBrowseLeafRelevance":"low"
              },{
                "ConditionBrowseLeafId":"M7572",
                "ConditionBrowseLeafName":"Gigantism",
                "ConditionBrowseLeafAsFound":"Gigantism",
                "ConditionBrowseLeafRelevance":"high"
              },{
                "ConditionBrowseLeafId":"M3708",
                "ConditionBrowseLeafName":"Bone Diseases",
                "ConditionBrowseLeafRelevance":"low"
              },{
                "ConditionBrowseLeafId":"M3709",
                "ConditionBrowseLeafName":"Bone Diseases, Developmental",
                "ConditionBrowseLeafRelevance":"low"
              },{
                "ConditionBrowseLeafId":"M10680",
                "ConditionBrowseLeafName":"Musculoskeletal Diseases",
                "ConditionBrowseLeafRelevance":"low"
              },{
                "ConditionBrowseLeafId":"M3710",
                "ConditionBrowseLeafName":"Bone Diseases, Endocrine",
                "ConditionBrowseLeafRelevance":"low"
              },{
                "ConditionBrowseLeafId":"M12374",
                "ConditionBrowseLeafName":"Pituitary Diseases",
                "ConditionBrowseLeafRelevance":"low"
              },{
                "ConditionBrowseLeafId":"M6445",
                "ConditionBrowseLeafName":"Endocrine System Diseases",
                "ConditionBrowseLeafRelevance":"low"
              },{
                "ConditionBrowseLeafId":"T2494",
                "ConditionBrowseLeafName":"Gigantism",
                "ConditionBrowseLeafAsFound":"Gigantism",
                "ConditionBrowseLeafRelevance":"high"
              }
            ]
          },
          "ConditionBrowseBranchList":{
            "ConditionBrowseBranch":[
              {
                "ConditionBrowseBranchAbbrev":"BC05",
                "ConditionBrowseBranchName":"Muscle, Bone, and Cartilage Diseases"
              },{
                "ConditionBrowseBranchAbbrev":"BC23",
                "ConditionBrowseBranchName":"Symptoms and General Pathology"
              },{
                "ConditionBrowseBranchAbbrev":"All",
                "ConditionBrowseBranchName":"All Conditions"
              },{
                "ConditionBrowseBranchAbbrev":"BC19",
                "ConditionBrowseBranchName":"Gland and Hormone Related Diseases"
              },{
                "ConditionBrowseBranchAbbrev":"BC10",
                "ConditionBrowseBranchName":"Nervous System Diseases"
              },{
                "ConditionBrowseBranchAbbrev":"Rare",
                "ConditionBrowseBranchName":"Rare Diseases"
              }
            ]
          }
        }
      }
    }
  }
}

