{
  "FullStudy":{
    "Rank":60311,
    "Study":{
      "ProtocolSection":{
        "IdentificationModule":{
          "NCTId":"NCT04064697",
          "OrgStudyIdInfo":{
            "OrgStudyId":"18PH192"
          },
          "SecondaryIdInfoList":{
            "SecondaryIdInfo":[
              {
                "SecondaryId":"2019-001032-54",
                "SecondaryIdType":"EudraCT Number"
              }
            ]
          },
          "Organization":{
            "OrgFullName":"Centre Hospitalier Universitaire de Saint Etienne",
            "OrgClass":"OTHER"
          },
          "BriefTitle":"Impact of Anti-cytomegalovirus Treatment in the Management of Relapsing Ulcerative Colitis Requiring Vedolizumab Therapy",
          "OfficialTitle":"Impact of Anti-cytomegalovirus (Valganciclovir) Treatment in the Management of Relapsing Ulcerative Colitis (UC) Requiring Vedolizumab Therapy: a Randomized Clinical Trial Comparing a Strategy With or Without Antiviral Therapy.",
          "Acronym":"CYTOVEDO"
        },
        "StatusModule":{
          "StatusVerifiedDate":"January 2021",
          "OverallStatus":"Not yet recruiting",
          "ExpandedAccessInfo":{
            "HasExpandedAccess":"No"
          },
          "StartDateStruct":{
            "StartDate":"May 2021",
            "StartDateType":"Anticipated"
          },
          "PrimaryCompletionDateStruct":{
            "PrimaryCompletionDate":"July 2022",
            "PrimaryCompletionDateType":"Anticipated"
          },
          "CompletionDateStruct":{
            "CompletionDate":"July 2023",
            "CompletionDateType":"Anticipated"
          },
          "StudyFirstSubmitDate":"August 20, 2019",
          "StudyFirstSubmitQCDate":"August 20, 2019",
          "StudyFirstPostDateStruct":{
            "StudyFirstPostDate":"August 22, 2019",
            "StudyFirstPostDateType":"Actual"
          },
          "LastUpdateSubmitDate":"January 28, 2021",
          "LastUpdatePostDateStruct":{
            "LastUpdatePostDate":"February 2, 2021",
            "LastUpdatePostDateType":"Actual"
          }
        },
        "SponsorCollaboratorsModule":{
          "ResponsibleParty":{
            "ResponsiblePartyType":"Sponsor"
          },
          "LeadSponsor":{
            "LeadSponsorName":"Centre Hospitalier Universitaire de Saint Etienne",
            "LeadSponsorClass":"OTHER"
          },
          "CollaboratorList":{
            "Collaborator":[
              {
                "CollaboratorName":"Ministry of Health, France",
                "CollaboratorClass":"OTHER_GOV"
              }
            ]
          }
        },
        "OversightModule":{
          "OversightHasDMC":"Yes",
          "IsFDARegulatedDrug":"No",
          "IsFDARegulatedDevice":"No"
        },
        "DescriptionModule":{
          "BriefSummary":"Ulcerative Colitis (UC) is an inflammatory bowel disease that can require the use of anti-TNF alpha therapy. When anti-TNF alpha failed to obtain a clinical response, the use of a new anti-integrin therapy, vedolizumab, can be proposed. The efficacy of vedolizumab has been assessed in a phase 3 study (GEMINI I), with response rates of 41.1% with vedolizumab vs 25.5% with placebo.\n\nCytoMegaloVirus (CMV) reactivation has been associated with resistance to steroid and to several lines of immunosuppressive therapy. Antiviral therapy was proven to decrease the tissue viral load and to restore the response to immunosuppressive therapies (up to 80% in small group of patients). A recent meta-analysis supports the use of valganciclovir in case of CytoMegaloVirus (CMV) reactivation in active Ulcerative Colitis (UC).\n\nMoreover, a study showed that the risk of CMV reactivation seems to be more important with vedolizumab than with anti TNF, and the risk of colectomy is higher in case of CytoMegaloVirus (CMV) reactivation (p<0.05).",
          "DetailedDescription":"The hypothesis of this study is in Ulcerative Colitis (UC) patients with tissue CytoMegaloVirus (CMV) reactivation ; not responding to anti-TNF or without anti-TNF ; a treatment with valganciclovir, added to vedolizumab, could improve the clinical response."
        },
        "ConditionsModule":{
          "ConditionList":{
            "Condition":[
              "Ulcerative Colitis, Unspecified"
            ]
          },
          "KeywordList":{
            "Keyword":[
              "Ulcerative Colitis (UC)",
              "CytoMegaloVirus (CMV)",
              "Vedolizumab",
              "Valganciclovir",
              "Anti-TNF",
              "Mayo score"
            ]
          }
        },
        "DesignModule":{
          "StudyType":"Interventional",
          "PhaseList":{
            "Phase":[
              "Phase 3"
            ]
          },
          "DesignInfo":{
            "DesignAllocation":"Randomized",
            "DesignInterventionModel":"Parallel Assignment",
            "DesignPrimaryPurpose":"Treatment",
            "DesignMaskingInfo":{
              "DesignMasking":"None (Open Label)"
            }
          },
          "EnrollmentInfo":{
            "EnrollmentCount":"120",
            "EnrollmentType":"Anticipated"
          }
        },
        "ArmsInterventionsModule":{
          "ArmGroupList":{
            "ArmGroup":[
              {
                "ArmGroupLabel":"Control group",
                "ArmGroupType":"No Intervention",
                "ArmGroupDescription":"Patient will be treated by vedolizumab the standard of care alone."
              },{
                "ArmGroupLabel":"Experimental group",
                "ArmGroupType":"Experimental",
                "ArmGroupDescription":"Patient will be treated by vedolizumab the standard of care associated at valganciclovir.",
                "ArmGroupInterventionList":{
                  "ArmGroupInterventionName":[
                    "Drug: Valganciclovir"
                  ]
                }
              }
            ]
          },
          "InterventionList":{
            "Intervention":[
              {
                "InterventionType":"Drug",
                "InterventionName":"Valganciclovir",
                "InterventionDescription":"The experimental intervention consists of taking the treatment Valganciclovir 900 mg morning and evening for 3 weeks",
                "InterventionArmGroupLabelList":{
                  "InterventionArmGroupLabel":[
                    "Experimental group"
                  ]
                },
                "InterventionOtherNameList":{
                  "InterventionOtherName":[
                    "antiviral therapy"
                  ]
                }
              }
            ]
          }
        },
        "OutcomesModule":{
          "PrimaryOutcomeList":{
            "PrimaryOutcome":[
              {
                "PrimaryOutcomeMeasure":"Clinical response",
                "PrimaryOutcomeDescription":"Percentage of patients in clinical response. the clinical response is defined by the decrease in the total Mayo Score compared to the inclusion of at least 3 points and at least 30% with a decrease in the score of bleeding (item 2 of the Mayo sub-score) from at least one point or sub-score of bleeding from 0 or 1 point with or without anti-CMV treatment. The Mayo score includes 3 items: stool frequency, presence of blood in the stool, and overall assessment of the disease.",
                "PrimaryOutcomeTimeFrame":"Weeks 6"
              }
            ]
          },
          "SecondaryOutcomeList":{
            "SecondaryOutcome":[
              {
                "SecondaryOutcomeMeasure":"Clinical remission",
                "SecondaryOutcomeDescription":"Percentage of patients in clinical remission defined by a total Mayo score <3 with an endoscopic score <2 and no clinical sub-score> 2.",
                "SecondaryOutcomeTimeFrame":"Weeks 6"
              },{
                "SecondaryOutcomeMeasure":"Mucosal healing",
                "SecondaryOutcomeDescription":"Percentage of patients in mucosal healing defined by endoscopic mayo score <2",
                "SecondaryOutcomeTimeFrame":"Weeks 6"
              },{
                "SecondaryOutcomeMeasure":"Viral load CytoMegaloVirus (CMV)",
                "SecondaryOutcomeDescription":"Value of viral load CytoMegaloVirus (CMV) by qPCR on inflammatory tissue in IU / 100000 cells.",
                "SecondaryOutcomeTimeFrame":"Weeks 6"
              },{
                "SecondaryOutcomeMeasure":"clinical remission",
                "SecondaryOutcomeDescription":"Percentage of patients in clinical remission defined by a total Mayo score <3 with an endoscopic score <2 and no clinical sub-score> 2.",
                "SecondaryOutcomeTimeFrame":"Weeks 52"
              },{
                "SecondaryOutcomeMeasure":"Rate of colectomy",
                "SecondaryOutcomeDescription":"Percentage of patients who required colectomy",
                "SecondaryOutcomeTimeFrame":"Weeks 52"
              },{
                "SecondaryOutcomeMeasure":"Adverse effects",
                "SecondaryOutcomeDescription":"Number and severity of adverse effects",
                "SecondaryOutcomeTimeFrame":"Weeks 52"
              },{
                "SecondaryOutcomeMeasure":"viral load of the Torque teno virus",
                "SecondaryOutcomeDescription":"performed on the blood tube and tissue biopsies",
                "SecondaryOutcomeTimeFrame":"Week 6"
              }
            ]
          }
        },
        "EligibilityModule":{
          "EligibilityCriteria":"Inclusion Criteria:\n\nPatient with moderate to severe active Ulcerative Colitis (UC) defined by a Mayo score greater than 5\n\nPatient with an inflammatory outbreak of Ulcerative Colitis (UC) :\n\nwithout anti-TNF\nunder anti-TNF (infliximab, adalimumab, golimumab) after induction (no primary response) or clinical recurrence (secondary failure).\nHaving rectosigmoidoscopy with an endoscopic Mayo score≥ 2 with 2 biopsies of the inflammatory tissue\nPresence of a CytoMegaloVirus (CMV) infection in the inflammatory tissue (viral load greater than 5 IU / 100000 cells by qPCR)\nPatient with a negative pre-treatment assessment including HIV, HBV, HCV, HCV serology, a negative quantiferon or a history of tuberculosis preventive treatment adapted by Rifinah or Rimifon\nSigned informed consent\n\nExclusion Criteria:\n\nPatient with severe acute colitis\nPatient treated by ciclosporin or Prograf\nPatient with Human Immunodeficiency Virus (HIV)+, hepatitis B, hepatitis C, tuberculosis\nClostridium difficile infection.\nPatient with intolerance or contraindications to current therapy\nPregnant or starts breastfeeding\nPatient who received a live vaccine in the month preceding the study\nPatients with severe renal insufficiency defined by creatinine clearance <30ml/minute, or hemodialysed",
          "HealthyVolunteers":"No",
          "Gender":"All",
          "MinimumAge":"18 Years",
          "StdAgeList":{
            "StdAge":[
              "Adult",
              "Older Adult"
            ]
          }
        },
        "ContactsLocationsModule":{
          "CentralContactList":{
            "CentralContact":[
              {
                "CentralContactName":"Pauline VEYRARD, MD",
                "CentralContactRole":"Contact",
                "CentralContactPhone":"(0)477828619",
                "CentralContactPhoneExt":"+33",
                "CentralContactEMail":"pauline.veyrard@chu-st-etienne.fr"
              },{
                "CentralContactName":"Marie PEURIERE, CRA",
                "CentralContactRole":"Contact",
                "CentralContactPhone":"(0)477120826",
                "CentralContactPhoneExt":"+33",
                "CentralContactEMail":"Marie.Peuriere@chu-st-etienne.fr"
              }
            ]
          },
          "OverallOfficialList":{
            "OverallOfficial":[
              {
                "OverallOfficialName":"Pauline VEYRARD, MD",
                "OverallOfficialAffiliation":"CHU SAINT-ETIENNE",
                "OverallOfficialRole":"Principal Investigator"
              }
            ]
          },
          "LocationList":{
            "Location":[
              {
                "LocationFacility":"CH d'Annecy",
                "LocationCity":"Annecy",
                "LocationCountry":"France",
                "LocationContactList":{
                  "LocationContact":[
                    {
                      "LocationContactName":"Frédéric Heluwaert, MD",
                      "LocationContactRole":"Principal Investigator"
                    },{
                      "LocationContactName":"Joanna Pofelski, MD",
                      "LocationContactRole":"Sub-Investigator"
                    }
                  ]
                }
              },{
                "LocationFacility":"CHU de Clermont-Ferrand",
                "LocationCity":"Clermont-Ferrand",
                "LocationCountry":"France",
                "LocationContactList":{
                  "LocationContact":[
                    {
                      "LocationContactName":"Anthony Buisson, MD",
                      "LocationContactRole":"Principal Investigator"
                    }
                  ]
                }
              },{
                "LocationFacility":"CHU de Grenoble",
                "LocationCity":"Grenoble",
                "LocationCountry":"France",
                "LocationContactList":{
                  "LocationContact":[
                    {
                      "LocationContactName":"Nicolas Mathieu, MD",
                      "LocationContactRole":"Principal Investigator"
                    }
                  ]
                }
              },{
                "LocationFacility":"CHU de Lyon Sud",
                "LocationCity":"Lyon",
                "LocationCountry":"France",
                "LocationContactList":{
                  "LocationContact":[
                    {
                      "LocationContactName":"Stephane Nancey, PhD",
                      "LocationContactRole":"Principal Investigator"
                    },{
                      "LocationContactName":"Pauline Danion, MD",
                      "LocationContactRole":"Sub-Investigator"
                    },{
                      "LocationContactName":"Bernard Flourie, MD",
                      "LocationContactRole":"Sub-Investigator"
                    },{
                      "LocationContactName":"Gilles Boschetti, MD",
                      "LocationContactRole":"Sub-Investigator"
                    }
                  ]
                }
              },{
                "LocationFacility":"CHU de Montpellier",
                "LocationCity":"Montpellier",
                "LocationCountry":"France",
                "LocationContactList":{
                  "LocationContact":[
                    {
                      "LocationContactName":"Romain Altwegg, MD",
                      "LocationContactRole":"Principal Investigator"
                    },{
                      "LocationContactName":"Lucile Boivineau, MD",
                      "LocationContactRole":"Sub-Investigator"
                    }
                  ]
                }
              },{
                "LocationFacility":"CHU de Nice",
                "LocationCity":"Nice",
                "LocationCountry":"France",
                "LocationContactList":{
                  "LocationContact":[
                    {
                      "LocationContactName":"Jérôme Filippi, MD",
                      "LocationContactRole":"Principal Investigator"
                    },{
                      "LocationContactName":"Xavier Hebuterne, PhD",
                      "LocationContactRole":"Sub-Investigator"
                    },{
                      "LocationContactName":"Nadia Arab, MD",
                      "LocationContactRole":"Sub-Investigator"
                    },{
                      "LocationContactName":"Julie Benard, MD",
                      "LocationContactRole":"Sub-Investigator"
                    }
                  ]
                }
              },{
                "LocationFacility":"APHP - Hôpital Saint-Antoine",
                "LocationCity":"Paris",
                "LocationCountry":"France",
                "LocationContactList":{
                  "LocationContact":[
                    {
                      "LocationContactName":"Harry Sokol, PhD",
                      "LocationContactRole":"Principal Investigator"
                    }
                  ]
                }
              },{
                "LocationFacility":"CHU de Saint Etienne",
                "LocationCity":"Saint-Étienne",
                "LocationCountry":"France",
                "LocationContactList":{
                  "LocationContact":[
                    {
                      "LocationContactName":"Pauline VEYRARD, MD",
                      "LocationContactRole":"Principal Investigator"
                    },{
                      "LocationContactName":"Xavier ROBLIN, PhD",
                      "LocationContactRole":"Sub-Investigator"
                    }
                  ]
                }
              }
            ]
          }
        },
        "IPDSharingStatementModule":{
          "IPDSharing":"No"
        }
      },
      "DerivedSection":{
        "MiscInfoModule":{
          "VersionHolder":"April 19, 2021"
        },
        "ConditionBrowseModule":{
          "ConditionMeshList":{
            "ConditionMesh":[
              {
                "ConditionMeshId":"D000003092",
                "ConditionMeshTerm":"Colitis"
              },{
                "ConditionMeshId":"D000003093",
                "ConditionMeshTerm":"Colitis, Ulcerative"
              },{
                "ConditionMeshId":"D000014456",
                "ConditionMeshTerm":"Ulcer"
              }
            ]
          },
          "ConditionAncestorList":{
            "ConditionAncestor":[
              {
                "ConditionAncestorId":"D000005759",
                "ConditionAncestorTerm":"Gastroenteritis"
              },{
                "ConditionAncestorId":"D000005767",
                "ConditionAncestorTerm":"Gastrointestinal Diseases"
              },{
                "ConditionAncestorId":"D000004066",
                "ConditionAncestorTerm":"Digestive System Diseases"
              },{
                "ConditionAncestorId":"D000003108",
                "ConditionAncestorTerm":"Colonic Diseases"
              },{
                "ConditionAncestorId":"D000007410",
                "ConditionAncestorTerm":"Intestinal Diseases"
              },{
                "ConditionAncestorId":"D000010335",
                "ConditionAncestorTerm":"Pathologic Processes"
              },{
                "ConditionAncestorId":"D000015212",
                "ConditionAncestorTerm":"Inflammatory Bowel Diseases"
              }
            ]
          },
          "ConditionBrowseLeafList":{
            "ConditionBrowseLeaf":[
              {
                "ConditionBrowseLeafId":"M4903",
                "ConditionBrowseLeafName":"Colitis",
                "ConditionBrowseLeafAsFound":"Colitis",
                "ConditionBrowseLeafRelevance":"high"
              },{
                "ConditionBrowseLeafId":"M4904",
                "ConditionBrowseLeafName":"Colitis, Ulcerative",
                "ConditionBrowseLeafAsFound":"Ulcerative Colitis",
                "ConditionBrowseLeafRelevance":"high"
              },{
                "ConditionBrowseLeafId":"M15789",
                "ConditionBrowseLeafName":"Ulcer",
                "ConditionBrowseLeafAsFound":"Ulcerative",
                "ConditionBrowseLeafRelevance":"high"
              },{
                "ConditionBrowseLeafId":"M7458",
                "ConditionBrowseLeafName":"Gastroenteritis",
                "ConditionBrowseLeafRelevance":"low"
              },{
                "ConditionBrowseLeafId":"M5838",
                "ConditionBrowseLeafName":"Digestive System Diseases",
                "ConditionBrowseLeafRelevance":"low"
              },{
                "ConditionBrowseLeafId":"M7466",
                "ConditionBrowseLeafName":"Gastrointestinal Diseases",
                "ConditionBrowseLeafRelevance":"low"
              },{
                "ConditionBrowseLeafId":"M4919",
                "ConditionBrowseLeafName":"Colonic Diseases",
                "ConditionBrowseLeafRelevance":"low"
              },{
                "ConditionBrowseLeafId":"M9027",
                "ConditionBrowseLeafName":"Intestinal Diseases",
                "ConditionBrowseLeafRelevance":"low"
              },{
                "ConditionBrowseLeafId":"M16500",
                "ConditionBrowseLeafName":"Inflammatory Bowel Diseases",
                "ConditionBrowseLeafRelevance":"low"
              }
            ]
          },
          "ConditionBrowseBranchList":{
            "ConditionBrowseBranch":[
              {
                "ConditionBrowseBranchAbbrev":"BC06",
                "ConditionBrowseBranchName":"Digestive System Diseases"
              },{
                "ConditionBrowseBranchAbbrev":"All",
                "ConditionBrowseBranchName":"All Conditions"
              },{
                "ConditionBrowseBranchAbbrev":"BC23",
                "ConditionBrowseBranchName":"Symptoms and General Pathology"
              }
            ]
          }
        },
        "InterventionBrowseModule":{
          "InterventionMeshList":{
            "InterventionMesh":[
              {
                "InterventionMeshId":"D000077562",
                "InterventionMeshTerm":"Valganciclovir"
              }
            ]
          },
          "InterventionAncestorList":{
            "InterventionAncestor":[
              {
                "InterventionAncestorId":"D000000998",
                "InterventionAncestorTerm":"Antiviral Agents"
              },{
                "InterventionAncestorId":"D000000890",
                "InterventionAncestorTerm":"Anti-Infective Agents"
              }
            ]
          },
          "InterventionBrowseLeafList":{
            "InterventionBrowseLeaf":[
              {
                "InterventionBrowseLeafId":"M2895",
                "InterventionBrowseLeafName":"Antiviral Agents",
                "InterventionBrowseLeafRelevance":"low"
              },{
                "InterventionBrowseLeafId":"M244734",
                "InterventionBrowseLeafName":"Vedolizumab",
                "InterventionBrowseLeafRelevance":"low"
              },{
                "InterventionBrowseLeafId":"M1840",
                "InterventionBrowseLeafName":"Valganciclovir",
                "InterventionBrowseLeafAsFound":"Mobile phone",
                "InterventionBrowseLeafRelevance":"high"
              },{
                "InterventionBrowseLeafId":"M2795",
                "InterventionBrowseLeafName":"Anti-Infective Agents",
                "InterventionBrowseLeafRelevance":"low"
              }
            ]
          },
          "InterventionBrowseBranchList":{
            "InterventionBrowseBranch":[
              {
                "InterventionBrowseBranchAbbrev":"Infe",
                "InterventionBrowseBranchName":"Anti-Infective Agents"
              },{
                "InterventionBrowseBranchAbbrev":"All",
                "InterventionBrowseBranchName":"All Drugs and Chemicals"
              },{
                "InterventionBrowseBranchAbbrev":"Gast",
                "InterventionBrowseBranchName":"Gastrointestinal Agents"
              }
            ]
          }
        }
      }
    }
  }
}

