{
  "FullStudy":{
    "Rank":60119,
    "Study":{
      "ProtocolSection":{
        "IdentificationModule":{
          "NCTId":"NCT04067206",
          "OrgStudyIdInfo":{
            "OrgStudyId":"17HEF001"
          },
          "Organization":{
            "OrgFullName":"Ege University",
            "OrgClass":"OTHER"
          },
          "BriefTitle":"The Effects Of Auditory Interventions On Pain And Comfort In Premature Infants",
          "OfficialTitle":"The Effects Of White Noise, Recorded Mother's Voice, And Minimuffs (Earmuff) On Pain And Comfort In Premature Infants During Heel Lance: Randomized Clinical Trial"
        },
        "StatusModule":{
          "StatusVerifiedDate":"January 2020",
          "OverallStatus":"Completed",
          "ExpandedAccessInfo":{
            "HasExpandedAccess":"No"
          },
          "StartDateStruct":{
            "StartDate":"September 10, 2017",
            "StartDateType":"Actual"
          },
          "PrimaryCompletionDateStruct":{
            "PrimaryCompletionDate":"June 21, 2018",
            "PrimaryCompletionDateType":"Actual"
          },
          "CompletionDateStruct":{
            "CompletionDate":"April 13, 2019",
            "CompletionDateType":"Actual"
          },
          "StudyFirstSubmitDate":"August 21, 2019",
          "StudyFirstSubmitQCDate":"August 22, 2019",
          "StudyFirstPostDateStruct":{
            "StudyFirstPostDate":"August 26, 2019",
            "StudyFirstPostDateType":"Actual"
          },
          "LastUpdateSubmitDate":"January 22, 2020",
          "LastUpdatePostDateStruct":{
            "LastUpdatePostDate":"January 27, 2020",
            "LastUpdatePostDateType":"Actual"
          }
        },
        "SponsorCollaboratorsModule":{
          "ResponsibleParty":{
            "ResponsiblePartyType":"Principal Investigator",
            "ResponsiblePartyInvestigatorFullName":"Ayşe Kahraman",
            "ResponsiblePartyInvestigatorTitle":"Assistant Professor",
            "ResponsiblePartyInvestigatorAffiliation":"Ege University"
          },
          "LeadSponsor":{
            "LeadSponsorName":"Ege University",
            "LeadSponsorClass":"OTHER"
          }
        },
        "OversightModule":{
          "OversightHasDMC":"No",
          "IsFDARegulatedDrug":"No",
          "IsFDARegulatedDevice":"No"
        },
        "DescriptionModule":{
          "BriefSummary":"This study investigated the effects of three interventions -recorded mother's voice, white noise, and MiniMuffs, muffs used to attenuate environmental sounds- applied during a heel lance on pain and comfort in premature infants. This randomized controlled research was conducted in a state hospital tertiary-level neonatal intensive care unit. Sixty-four premature neonates with a gestational age of 31-36 who were stable, didn't receive mechanic ventilation and has been started feeding participated. The infants were randomly assigned to four groups: i) white noise , ii) recorded mother's voice, iii) MiniMuffs (earmuff), and iv) control. Five minutes before the procedure the white noise and mother's voice played and MiniMuffs placed on babies' ears. The heel lance procedure was recorded on a camera. The camera recordings were evaluated for premature infants' pain and comfort according to the Neonatal Infant Pain Scale (NIPS) and the Comfort behavior (COMFORTneo) scale.",
          "DetailedDescription":"Auditory interventions are commonly used during procedural analgesic administration in premature neonates. This study investigated the effects of three interventions -recorded mother's voice, white noise, and MiniMuffs, muffs used to attenuate environmental sounds- applied during a heel lance on pain and comfort in premature infants. This experimental study is a randomized controlled research. The data for the research were collected between September 2017 - April 2019. The sample comprised 64 premature infants with gestational ages of 31-36 weeks, who had been hospitalized at the Neonatal Intensive Cate Units (NICU). All infants in the study were in their first postnatal week. The study routine included a heel lance procedure to determine the level of bilirubin and hematocrit. The heel lance was performed with a lancet and the blood was transferred to the hematocrit pipette. All heel lances were conducted by the same nurse. Power analysis was conducted to determine the number of samples needed. Predicting that the NIPS score would decrease by 30-35% and decrease from 6 to 4-4.5 with 0.05 error and 80% power, the intervention groups yielded 64 infants divided into four groups of 16 as the target sample number. 80 infants included in the study, taking into account the loss of sample. Sixteen infants were excluded from the study. Sixty-four premature infants submitted for heel lance were evaluated.The randomization list was prepared by a third person using R version 3.1.3 package program and considering the gender factor. The list was concealed from the researcher and the family of the baby, and it was given to the researcher only during the procedure. The infants were randomly assigned to four groups. The infants were randomly assigned to four groups: i) white noise , ii) recorded mother's voice, iii) MiniMuffs, and iv) control. Five minutes before the procedure the white noise and mother's voice played and MiniMuffs placed on babies' ears. Heel lance procedures were recorded with a camera. Camera recording started before the procedure and continued until the baby stopped crying. The videos evaluated independently by two scientists (observers) who were specialists in neonatal services and pain. Observers evaluated infants' comfort, pain, and distress based on NIPS and COMFORTneo. In order to evaluate the agreement between the observers for the total scores of NIPS and COMFORTneo, pain estimation, and distress estimation, intraclass correlation coefficient were determined."
        },
        "ConditionsModule":{
          "ConditionList":{
            "Condition":[
              "Premature Birth",
              "Premature Infant"
            ]
          },
          "KeywordList":{
            "Keyword":[
              "Premature",
              "Pain",
              "Comfort",
              "Auditory Interventions"
            ]
          }
        },
        "DesignModule":{
          "StudyType":"Interventional",
          "PhaseList":{
            "Phase":[
              "Not Applicable"
            ]
          },
          "DesignInfo":{
            "DesignAllocation":"Randomized",
            "DesignInterventionModel":"Parallel Assignment",
            "DesignInterventionModelDescription":"This experimental study is a randomized controlled research. The infants were randomly assigned to four groups. Three interventions, each alone and in combination, are evaluated in parallel against a control group",
            "DesignPrimaryPurpose":"Supportive Care",
            "DesignMaskingInfo":{
              "DesignMasking":"None (Open Label)",
              "DesignMaskingDescription":"The infants were randomly assigned to four groups: i) white noise , ii) recorded mother's voice, iii) MiniMuffs, and iv) control. Masking could not be performed because the mother's voice was requested from the mothers.Masking could not be done because researchers and observers heard the mother's voice and white noise and saw the mimimuff."
            }
          },
          "EnrollmentInfo":{
            "EnrollmentCount":"256",
            "EnrollmentType":"Actual"
          }
        },
        "ArmsInterventionsModule":{
          "ArmGroupList":{
            "ArmGroup":[
              {
                "ArmGroupLabel":"Recorded mothers' voice group.",
                "ArmGroupType":"Experimental",
                "ArmGroupDescription":"The mothers of the babies were given voice recorders and asked to record their voice in a comfortable room saying whatever they wanted to their baby. Each mother recorded her voice for 3-5 minutes. The voice recorder was placed at the baby's foot five minutes before the procedure and then played to the baby during the procedure.The sound level was adjusted to 50 decibels using the Benetech Digital Sound Level Meter for the mother's voice and white noise groups.",
                "ArmGroupInterventionList":{
                  "ArmGroupInterventionName":[
                    "Other: RECORDED MOTHER'S VOICE"
                  ]
                }
              },{
                "ArmGroupLabel":"White Noise",
                "ArmGroupType":"Experimental",
                "ArmGroupDescription":"The white noise was started five minutes before the heel lance and was played to the baby during the procedure. Dr. Harvery Karp's \"The Happiest Baby,\" which consists of only intrauterine sounds, was used. The speakers were placed at a distance of about 30 cm from the foot of the neonate. The sound level was adjusted to 50 decibels using the Benetech Digital Sound Level Meter for the mother's voice and white noise groups.",
                "ArmGroupInterventionList":{
                  "ArmGroupInterventionName":[
                    "Other: White Noise"
                  ]
                }
              },{
                "ArmGroupLabel":"MiniMuffs",
                "ArmGroupType":"Experimental",
                "ArmGroupDescription":"MiniMuffs placed on their ears five minutes before the procedure to reduce the environmental noise. Latus MiniMuffs - Neonatal Noise Attenuators have been developed for newborns and premature babies. MiniMuffs protect the sensitive ears of the premature and provide a safe environment for healthy development.",
                "ArmGroupInterventionList":{
                  "ArmGroupInterventionName":[
                    "Other: MiniMuff"
                  ]
                }
              },{
                "ArmGroupLabel":"Control Group",
                "ArmGroupType":"No Intervention",
                "ArmGroupDescription":"The control group who were administered standard care."
              }
            ]
          },
          "InterventionList":{
            "Intervention":[
              {
                "InterventionType":"Other",
                "InterventionName":"RECORDED MOTHER'S VOICE",
                "InterventionDescription":"The mothers of the babies were given voice recorders and asked to record their voice in a comfortable room saying whatever they wanted to their baby. Each mother recorded her voice for 3-5 minutes. The voice recorder was placed at the baby's foot five minutes before the procedure and then played to the baby during the procedure.The sound level was adjusted to 50 decibels using the Benetech Digital Sound Level Meter for the mother's voice and white noise groups.",
                "InterventionArmGroupLabelList":{
                  "InterventionArmGroupLabel":[
                    "Recorded mothers' voice group."
                  ]
                }
              },{
                "InterventionType":"Other",
                "InterventionName":"White Noise",
                "InterventionDescription":"The white noise was started five minutes before the heel lance and was played to the baby during the procedure. Dr. Harvery Karp's \"The Happiest Baby,\" which consists of only intrauterine sounds, was used. The speakers were placed at a distance of about 30 cm from the foot of the neonate. The sound level was adjusted to 50 decibels using the Benetech Digital Sound Level Meter for the mother's voice and white noise groups.",
                "InterventionArmGroupLabelList":{
                  "InterventionArmGroupLabel":[
                    "White Noise"
                  ]
                }
              },{
                "InterventionType":"Other",
                "InterventionName":"MiniMuff",
                "InterventionDescription":"MiniMuffs placed on their ears five minutes before the procedure to reduce the environmental noise. Latus MiniMuffs - Neonatal Noise Attenuators have been developed for newborns and premature babies. MiniMuffs protect the sensitive ears of the premature and provide a safe environment for healthy development.",
                "InterventionArmGroupLabelList":{
                  "InterventionArmGroupLabel":[
                    "MiniMuffs"
                  ]
                }
              }
            ]
          }
        },
        "OutcomesModule":{
          "PrimaryOutcomeList":{
            "PrimaryOutcome":[
              {
                "PrimaryOutcomeMeasure":"Pain (Neonatal Infant Pain Scale-NIPS)",
                "PrimaryOutcomeDescription":"Neonatal Infant Pain Scale: The Neonatal Infant Pain Scale (NIPS), developed by Lawrence et al. (1993), is a behavioral scale and can be used with both full-term and preterm infants. The Cronbach's alpha coefficients of the scale were 0.95, 0.87, and 0.88 before, during, and after the procedure, respectively. In NIPS, five behavioral indicators (facial expression, cry, arms, legs, and state of arousal) and one physiological parameter (breathing pattern) are assessed. Each behavioral indicator is scored with 0 or 1 except \"cry\", which has three descriptors (scored with a 0, 1, or 2). The total pain score ranges between 0 and 7 with 0-2 points indicating mild to no pain, 3-4 indicating mild to moderate pain, and >4 indicating severe pain.",
                "PrimaryOutcomeTimeFrame":"During procedure"
              },{
                "PrimaryOutcomeMeasure":"COMFORT (COMFORTneo Scale)",
                "PrimaryOutcomeDescription":"The COMFORTneo scale is a Likert-type scale consisting of seven parameters: alertness, calmness/agitation, respiratory response, crying, body movements, facial tension, and muscle tonus. As well as determining comfort, the COMFORTneo scale is a tool that includes the Numerical Assessment Scales, which allow nurses to assess the pain and distress of the baby. \"Respiratory response\" and \"crying\" scores were recorded from the infants connected to mechanical ventilators and spontaneously breathing infants, respectively. The lowest score on the scale is 6 and the highest is 30. If the total score of the scale is between 14-30, the baby has pain or distress, is uncomfortable, and needs intervention to provide comfort. In addition, 4-6 points from the Numerical Assessment Scales indicates moderate and 7-10 points indicates severe pain and distress.The validity and reliability study of the Turkish version of the scale was conducted. Cronbach's alpha coefficient of the scale was 0.82-0.92.",
                "PrimaryOutcomeTimeFrame":"during procedure"
              }
            ]
          },
          "SecondaryOutcomeList":{
            "SecondaryOutcome":[
              {
                "SecondaryOutcomeMeasure":"Heart rates",
                "SecondaryOutcomeDescription":"Heart rates were monitored using Pulse Oximetry and were video-recorded.",
                "SecondaryOutcomeTimeFrame":"heart rate values recorded 5 minutes and 1 minute before the procedure, during the procedure, and 1 minute and 5 minutes after the procedure."
              },{
                "SecondaryOutcomeMeasure":"Crying time",
                "SecondaryOutcomeDescription":"Crying duration was noted by watching video recordings.",
                "SecondaryOutcomeTimeFrame":"during procedure"
              },{
                "SecondaryOutcomeMeasure":"the oxygen saturation",
                "SecondaryOutcomeDescription":"oxygen saturation was monitored using Pulse Oximetry and were video-recorded.",
                "SecondaryOutcomeTimeFrame":"oxygen saturation values recorded 5 minutes and 1 minute before the procedure, during the procedure, and 1 minute and 5 minutes after the procedure."
              }
            ]
          }
        },
        "EligibilityModule":{
          "EligibilityCriteria":"Inclusion Criteria:\n\nBorn by cesarean section\nNon-supported by a mechanical ventilator or NCPAP\nStarted to feed\nWithin the first 10 days of postnatal\n\nExclusion Criteria:\n\nHad a major congenital malformation,\nApgar score was less than 5 in the 1st-minute and less than 7 in the 5th-minute\nReceived a sedative, muscle relaxant, corticosteroid, or analgesic therapy,\nFirst blood sampling attempt was unsuccessful\nMiniMuffs moved from their ears during the procedure\nMothers who had problems recording their voice.",
          "HealthyVolunteers":"Accepts Healthy Volunteers",
          "Gender":"All",
          "MinimumAge":"31 Weeks",
          "MaximumAge":"36 Weeks",
          "StdAgeList":{
            "StdAge":[
              "Child"
            ]
          }
        },
        "ContactsLocationsModule":{
          "OverallOfficialList":{
            "OverallOfficial":[
              {
                "OverallOfficialName":"Zümrüt Başbakkal, Professor",
                "OverallOfficialAffiliation":"Ege University",
                "OverallOfficialRole":"Study Director"
              }
            ]
          },
          "LocationList":{
            "Location":[
              {
                "LocationFacility":"Ege University Faculty of Nursing",
                "LocationCity":"İzmir",
                "LocationZip":"35100",
                "LocationCountry":"Turkey"
              }
            ]
          }
        },
        "ReferencesModule":{
          "ReferenceList":{
            "Reference":[
              {
                "ReferencePMID":"28580602",
                "ReferenceType":"background",
                "ReferenceCitation":"Chirico G, Cabano R, Villa G, Bigogno A, Ardesi M, Dioni E. Randomised study showed that recorded maternal voices reduced pain in preterm infants undergoing heel lance procedures in a neonatal intensive care unit. Acta Paediatr. 2017 Oct;106(10):1564-1568. doi: 10.1111/apa.13944. Epub 2017 Jul 5."
              },{
                "ReferencePMID":"27751753",
                "ReferenceType":"background",
                "ReferenceCitation":"Kucukoglu S, Aytekin A, Celebioglu A, Celebi A, Caner I, Maden R. Effect of White Noise in Relieving Vaccination Pain in Premature Infants. Pain Manag Nurs. 2016 Dec;17(6):392-400. doi: 10.1016/j.pmn.2016.08.006. Epub 2016 Oct 15."
              }
            ]
          }
        },
        "IPDSharingStatementModule":{
          "IPDSharing":"No",
          "IPDSharingDescription":"The data sharing plans for the current study are unknown and will be made available at a later date."
        }
      },
      "DerivedSection":{
        "MiscInfoModule":{
          "VersionHolder":"April 19, 2021"
        },
        "ConditionBrowseModule":{
          "ConditionMeshList":{
            "ConditionMesh":[
              {
                "ConditionMeshId":"D000047928",
                "ConditionMeshTerm":"Premature Birth"
              }
            ]
          },
          "ConditionAncestorList":{
            "ConditionAncestor":[
              {
                "ConditionAncestorId":"D000007752",
                "ConditionAncestorTerm":"Obstetric Labor, Premature"
              },{
                "ConditionAncestorId":"D000007744",
                "ConditionAncestorTerm":"Obstetric Labor Complications"
              },{
                "ConditionAncestorId":"D000011248",
                "ConditionAncestorTerm":"Pregnancy Complications"
              }
            ]
          },
          "ConditionBrowseLeafList":{
            "ConditionBrowseLeaf":[
              {
                "ConditionBrowseLeafId":"M24456",
                "ConditionBrowseLeafName":"Premature Birth",
                "ConditionBrowseLeafAsFound":"Premature",
                "ConditionBrowseLeafRelevance":"high"
              },{
                "ConditionBrowseLeafId":"M11649",
                "ConditionBrowseLeafName":"Pain",
                "ConditionBrowseLeafRelevance":"low"
              },{
                "ConditionBrowseLeafId":"M9355",
                "ConditionBrowseLeafName":"Obstetric Labor, Premature",
                "ConditionBrowseLeafRelevance":"low"
              },{
                "ConditionBrowseLeafId":"M9347",
                "ConditionBrowseLeafName":"Obstetric Labor Complications",
                "ConditionBrowseLeafRelevance":"low"
              },{
                "ConditionBrowseLeafId":"M12710",
                "ConditionBrowseLeafName":"Pregnancy Complications",
                "ConditionBrowseLeafRelevance":"low"
              }
            ]
          },
          "ConditionBrowseBranchList":{
            "ConditionBrowseBranch":[
              {
                "ConditionBrowseBranchAbbrev":"BXS",
                "ConditionBrowseBranchName":"Urinary Tract, Sexual Organs, and Pregnancy Conditions"
              },{
                "ConditionBrowseBranchAbbrev":"All",
                "ConditionBrowseBranchName":"All Conditions"
              },{
                "ConditionBrowseBranchAbbrev":"BC23",
                "ConditionBrowseBranchName":"Symptoms and General Pathology"
              }
            ]
          }
        }
      }
    }
  }
}

