{
  "FullStudy":{
    "Rank":60407,
    "Study":{
      "ProtocolSection":{
        "IdentificationModule":{
          "NCTId":"NCT04063449",
          "OrgStudyIdInfo":{
            "OrgStudyId":"ThirdMMU09"
          },
          "Organization":{
            "OrgFullName":"Third Military Medical University",
            "OrgClass":"OTHER"
          },
          "BriefTitle":"Endostar/PD-1 Inhibitors Combined With PP for Advanced NSCLC",
          "OfficialTitle":"A Controlled Clinical Study of Endostar/PD-1 Inhibitors Combined With PP as First-line Treatment for Advanced Non-squamous Cell Lung Cancer With Negative Driving Gene"
        },
        "StatusModule":{
          "StatusVerifiedDate":"August 2019",
          "OverallStatus":"Recruiting",
          "ExpandedAccessInfo":{
            "HasExpandedAccess":"No"
          },
          "StartDateStruct":{
            "StartDate":"August 20, 2019",
            "StartDateType":"Anticipated"
          },
          "PrimaryCompletionDateStruct":{
            "PrimaryCompletionDate":"June 30, 2020",
            "PrimaryCompletionDateType":"Anticipated"
          },
          "CompletionDateStruct":{
            "CompletionDate":"June 30, 2021",
            "CompletionDateType":"Anticipated"
          },
          "StudyFirstSubmitDate":"August 19, 2019",
          "StudyFirstSubmitQCDate":"August 19, 2019",
          "StudyFirstPostDateStruct":{
            "StudyFirstPostDate":"August 21, 2019",
            "StudyFirstPostDateType":"Actual"
          },
          "LastUpdateSubmitDate":"August 19, 2019",
          "LastUpdatePostDateStruct":{
            "LastUpdatePostDate":"August 21, 2019",
            "LastUpdatePostDateType":"Actual"
          }
        },
        "SponsorCollaboratorsModule":{
          "ResponsibleParty":{
            "ResponsiblePartyType":"Sponsor-Investigator",
            "ResponsiblePartyInvestigatorFullName":"Dong Wang",
            "ResponsiblePartyInvestigatorTitle":"chief physician",
            "ResponsiblePartyInvestigatorAffiliation":"Third Military Medical University"
          },
          "LeadSponsor":{
            "LeadSponsorName":"Dong Wang",
            "LeadSponsorClass":"OTHER"
          }
        },
        "OversightModule":{
          "IsFDARegulatedDrug":"No",
          "IsFDARegulatedDevice":"No"
        },
        "DescriptionModule":{
          "BriefSummary":"A Controlled Clinical Study of Endostar/PD-1 Inhibitors Combined With chemotherapy(Carboplatin-Pemetrexed) as First-line Treatment for Advanced Non-squamous Cell Lung Cancer With Negative Driving Gene",
          "DetailedDescription":"This study was a controlled clinical trial.A total of 170 patients with pathologically confirmed non-squamous NSCLC would be enrolled.Patients were randomly divided into two groups, with 85 in the group A and 85 in the group B.The group A was treated with endostar,sintilimab and chemotherapy(carboplatin-pemetrexed).The group B was treated with endostar and chemotherapy(carboplatin-pemetrexed).The efficacy and safety would be evaluated.The progression-free survival and overall survival would be analyzed.This data of this study might provide a more effective treatment for non-squamous NSCLC."
        },
        "ConditionsModule":{
          "ConditionList":{
            "Condition":[
              "Non-squamous Non-small Cell Lung Cancer"
            ]
          },
          "KeywordList":{
            "Keyword":[
              "Non-squamous NSCLC；endostar;PD-1 inhibitor;chemotherapy"
            ]
          }
        },
        "DesignModule":{
          "StudyType":"Interventional",
          "PhaseList":{
            "Phase":[
              "Not Applicable"
            ]
          },
          "DesignInfo":{
            "DesignAllocation":"Randomized",
            "DesignInterventionModel":"Parallel Assignment",
            "DesignPrimaryPurpose":"Treatment",
            "DesignMaskingInfo":{
              "DesignMasking":"None (Open Label)"
            }
          },
          "EnrollmentInfo":{
            "EnrollmentCount":"170",
            "EnrollmentType":"Anticipated"
          }
        },
        "ArmsInterventionsModule":{
          "ArmGroupList":{
            "ArmGroup":[
              {
                "ArmGroupLabel":"Experimental:group A",
                "ArmGroupType":"Experimental",
                "ArmGroupDescription":"endostar,210 mg,CIV 72h,d1-d3; sintilimab,200mg,IV,d1; carboplatin,5/AUC,IV,d1; Pemetrexed,500mg/m2 ,IV,d1； 3 weeks for a cycle;4-6 cycles; after the treatment for 4-6 cycles,endostar plus sintilimab for maintenance therapy until PD or intolerable toxicity ;",
                "ArmGroupInterventionList":{
                  "ArmGroupInterventionName":[
                    "Drug: endostar/PD-1 inhibitor"
                  ]
                }
              },{
                "ArmGroupLabel":"control:group B",
                "ArmGroupType":"Active Comparator",
                "ArmGroupDescription":"endostar,210 mg,CIV 72h,d1-d3; carboplatin,5/AUC,IV,d1; Pemetrexed,500mg/m2 ,IV,d1； 3 weeks for a cycle;4-6 cycles; after the treatment for 4-6 cycles,endostar for maintenance therapy until PD or intolerable toxicity ;",
                "ArmGroupInterventionList":{
                  "ArmGroupInterventionName":[
                    "Drug: endostar"
                  ]
                }
              }
            ]
          },
          "InterventionList":{
            "Intervention":[
              {
                "InterventionType":"Drug",
                "InterventionName":"endostar/PD-1 inhibitor",
                "InterventionDescription":"Antiangiogenic therapy plus immunotherapy and chemotherapy",
                "InterventionArmGroupLabelList":{
                  "InterventionArmGroupLabel":[
                    "Experimental:group A"
                  ]
                }
              },{
                "InterventionType":"Drug",
                "InterventionName":"endostar",
                "InterventionDescription":"Antiangiogenic therapy plus chemotherapy",
                "InterventionArmGroupLabelList":{
                  "InterventionArmGroupLabel":[
                    "control:group B"
                  ]
                }
              }
            ]
          }
        },
        "OutcomesModule":{
          "PrimaryOutcomeList":{
            "PrimaryOutcome":[
              {
                "PrimaryOutcomeMeasure":"progression-free survival(PFS)",
                "PrimaryOutcomeDescription":"progression-free survival is defined as the time from enrollment to the date of first document disease progression or death from any cause",
                "PrimaryOutcomeTimeFrame":"approximately 36 months"
              },{
                "PrimaryOutcomeMeasure":"overall survival (OS)",
                "PrimaryOutcomeDescription":"overall survival is defined as the time from randomization to death from any cause",
                "PrimaryOutcomeTimeFrame":"approximately 36 months"
              }
            ]
          },
          "SecondaryOutcomeList":{
            "SecondaryOutcome":[
              {
                "SecondaryOutcomeMeasure":"objective response rate(ORR)",
                "SecondaryOutcomeDescription":"complete response(CR)+partial response(PR) according to RECIST 1.1",
                "SecondaryOutcomeTimeFrame":"approximately 18 months"
              },{
                "SecondaryOutcomeMeasure":"adverse event(AE)",
                "SecondaryOutcomeDescription":"adverse event according to NCI CTCAE V4.0",
                "SecondaryOutcomeTimeFrame":"approximately 36 months"
              }
            ]
          }
        },
        "EligibilityModule":{
          "EligibilityCriteria":"Inclusion Criteria:\n\nPatients volunteered to participate in the study and signed the informed consent;\nAge 18-75, both male and female;\nHistologically or cytologically confirmed advanced or metastatic (stage III B, III C or IV) non-squamous NSCLC , and no mutation was detected in the driving gene.\nAt least one measurable lesion according to RECIST 1.1,which should not be treated locally, such as radiotherapy.\nECOG PS 0-1\nExpected survival ≥ 3 months\nPatients who never received systemic therapy in the past, including radiotherapy ,chemotherapy, targeted therapy and immunotherapy , or patients who relapsed more than 6 months after adjuvant chemotherapy.\nThe main organ functions accorded with the following criteria within 7 days before treatment:\n\n(1)Blood routine examination ( without blood transfusion in 14 days): hemoglobin (HB) ≥ 90 g/L; neutrophil absolute value (ANC) ≥ 1.5 *109/L; platelet (PLT) ≥80 *109/L.\n\n(2) Biochemical tests should meet the following criteria: 1) total bilirubin (TBIL) ≤1.5 times of upper limit of normal (ULN); 2) alanine aminotransferase (ALT) and aspartate aminotransferase (AST) ≤2.5 *ULN, if accompanied by liver metastasis, ALT and AST ≤ 5* ULN; 3) serum creatinine (Cr) ≤ 1.5* ULN or creatinine clearance rate (CCr) ≥ 60 ml/min;4) Serum albumin (≥35g/L).\n\n(3) Doppler echocardiography: left ventricular ejection fraction (LVEF) ≥the low limit of normal value (50%).\n\n9 Tissue samples should be provided for biomarker analysis (such as PD-L1 ) Patients who could not provide new tissues could provide 5-8 paraffin sections of 3-5 μm by archival preservation.\n\nExclusion Criteria:\n\nSevere allergic reactions to humanized antibodies or fusion proteins in the past\nknown to have hypersensitivity to any component contained in Endostar or antibody preparations;\nDiagnosed of immunodeficiency or received systemic glucocorticoid therapy or any other form of immunosuppressive therapy within 14 days before the study, allowing physiological doses of glucocorticoids (≤10 mg/day prednisone or equivalent);\nPatients with active, known or suspected autoimmune diseases. Patients with type I diabetes, hypothyroidism requiring hormone replacement therapy, skin disorders requiring no systemic treatment (such as vitiligo, psoriasis or alopecia). Patients who would not triggers can be included.\nSerious heart disease, include congestive heart failure, uncontrollable high-risk arrhythmia, unstable angina pectoris, myocardial infarction, and severe valvular disease.\nPatients treated targeted drugs such as bevacizumab, sunitinib, sorafenib, imatinib, famitinib, regiffenil, apatinib and anlotinib\nPatients recieved systemic antineoplastic therapy, including cytotoxic therapy, signal transduction inhibitors, immunotherapy (or mitomycin C within 6 weeks before the grouping),recieved over-extended-field radiotherapy (EF-RT) within 4 weeks before the grouping or limited-field radiotherapy to evaluate the tumor lesions within 2 weeks before the grouping\nPositive hepatitis B virus surface antigen (HBV sAg) or hepatitis C virus antibody (HCV Ab), indicating acute or chronic infection.\nPatients with active pulmonary tuberculosis (TB) infection judged by chest X-ray examination, sputum examination and clinical physical examination. Patients with active pulmonary tuberculosis infection in the previous year should be excluded even if they have been treated; Patients with active pulmonary tuberculosis infection more than a year ago should also be excluded unless the course and type of antituberculosis treatment previously were appropriate.\nPatients with brain metastases with symptoms or symptoms controlling less than 2 months\nMajor surgical treatment, incision biopsy or significant traumatic injury were performed within 28 days before the grouping.\nThe imaging showed that the tumors had invaded important blood vessels or likely to invade important blood vessels and cause fatal massive hemorrhage during the follow-up period judged by researchers.\npatients with any physical signs or history of bleeding; Patients with any bleeding or bleeding events ≥ CTCAE grade 3,unhealed wounds, ulcers or fractures within 4 weeks before grouping\nArteriovenous thrombosis occurred within 6 months, such as cerebrovascular accident (including temporary ischemic attack), deep vein thrombosis and pulmonary embolism.\nThe study is dangerous for patients judged by researcher, or patients who may affect the completion of the study.",
          "HealthyVolunteers":"No",
          "Gender":"All",
          "MinimumAge":"18 Years",
          "MaximumAge":"75 Years",
          "StdAgeList":{
            "StdAge":[
              "Adult",
              "Older Adult"
            ]
          }
        },
        "ContactsLocationsModule":{
          "CentralContactList":{
            "CentralContact":[
              {
                "CentralContactName":"Dong Wang, PH.D",
                "CentralContactRole":"Contact",
                "CentralContactPhone":"86-23-68757181",
                "CentralContactEMail":"dongwang64@hotmail.com"
              }
            ]
          },
          "OverallOfficialList":{
            "OverallOfficial":[
              {
                "OverallOfficialName":"Dong Wang, PH.D",
                "OverallOfficialAffiliation":"Daping Hospital, Third Military Medical University, Chongqing,China",
                "OverallOfficialRole":"Principal Investigator"
              }
            ]
          },
          "LocationList":{
            "Location":[
              {
                "LocationFacility":"Daping Hospital, Third Military Medical University",
                "LocationStatus":"Recruiting",
                "LocationCity":"Chongqing",
                "LocationState":"Chongqing",
                "LocationZip":"400042",
                "LocationCountry":"China",
                "LocationContactList":{
                  "LocationContact":[
                    {
                      "LocationContactName":"Dong Wang, PH.D.",
                      "LocationContactRole":"Contact",
                      "LocationContactPhone":"86-23-68757151",
                      "LocationContactEMail":"dongwang64@hotmail.com"
                    },{
                      "LocationContactName":"Dong Wang, PH.D.",
                      "LocationContactRole":"Principal Investigator"
                    }
                  ]
                }
              }
            ]
          }
        },
        "IPDSharingStatementModule":{
          "IPDSharing":"Undecided"
        }
      },
      "DerivedSection":{
        "MiscInfoModule":{
          "VersionHolder":"April 19, 2021"
        },
        "ConditionBrowseModule":{
          "ConditionMeshList":{
            "ConditionMesh":[
              {
                "ConditionMeshId":"D000008175",
                "ConditionMeshTerm":"Lung Neoplasms"
              }
            ]
          },
          "ConditionAncestorList":{
            "ConditionAncestor":[
              {
                "ConditionAncestorId":"D000012142",
                "ConditionAncestorTerm":"Respiratory Tract Neoplasms"
              },{
                "ConditionAncestorId":"D000013899",
                "ConditionAncestorTerm":"Thoracic Neoplasms"
              },{
                "ConditionAncestorId":"D000009371",
                "ConditionAncestorTerm":"Neoplasms by Site"
              },{
                "ConditionAncestorId":"D000009369",
                "ConditionAncestorTerm":"Neoplasms"
              },{
                "ConditionAncestorId":"D000008171",
                "ConditionAncestorTerm":"Lung Diseases"
              },{
                "ConditionAncestorId":"D000012140",
                "ConditionAncestorTerm":"Respiratory Tract Diseases"
              }
            ]
          },
          "ConditionBrowseLeafList":{
            "ConditionBrowseLeaf":[
              {
                "ConditionBrowseLeafId":"M9755",
                "ConditionBrowseLeafName":"Lung Neoplasms",
                "ConditionBrowseLeafAsFound":"Lung Cancer",
                "ConditionBrowseLeafRelevance":"high"
              },{
                "ConditionBrowseLeafId":"M4128",
                "ConditionBrowseLeafName":"Carcinoma, Non-Small-Cell Lung",
                "ConditionBrowseLeafRelevance":"low"
              },{
                "ConditionBrowseLeafId":"M13562",
                "ConditionBrowseLeafName":"Respiratory Tract Neoplasms",
                "ConditionBrowseLeafRelevance":"low"
              },{
                "ConditionBrowseLeafId":"M15241",
                "ConditionBrowseLeafName":"Thoracic Neoplasms",
                "ConditionBrowseLeafRelevance":"low"
              },{
                "ConditionBrowseLeafId":"M9751",
                "ConditionBrowseLeafName":"Lung Diseases",
                "ConditionBrowseLeafRelevance":"low"
              },{
                "ConditionBrowseLeafId":"M13560",
                "ConditionBrowseLeafName":"Respiratory Tract Diseases",
                "ConditionBrowseLeafRelevance":"low"
              }
            ]
          },
          "ConditionBrowseBranchList":{
            "ConditionBrowseBranch":[
              {
                "ConditionBrowseBranchAbbrev":"BC04",
                "ConditionBrowseBranchName":"Cancers and Other Neoplasms"
              },{
                "ConditionBrowseBranchAbbrev":"BC08",
                "ConditionBrowseBranchName":"Respiratory Tract (Lung and Bronchial) Diseases"
              },{
                "ConditionBrowseBranchAbbrev":"All",
                "ConditionBrowseBranchName":"All Conditions"
              }
            ]
          }
        },
        "InterventionBrowseModule":{
          "InterventionMeshList":{
            "InterventionMesh":[
              {
                "InterventionMeshId":"C000522911",
                "InterventionMeshTerm":"Endostar protein"
              }
            ]
          },
          "InterventionAncestorList":{
            "InterventionAncestor":[
              {
                "InterventionAncestorId":"D000020533",
                "InterventionAncestorTerm":"Angiogenesis Inhibitors"
              },{
                "InterventionAncestorId":"D000043924",
                "InterventionAncestorTerm":"Angiogenesis Modulating Agents"
              },{
                "InterventionAncestorId":"D000006133",
                "InterventionAncestorTerm":"Growth Substances"
              },{
                "InterventionAncestorId":"D000045505",
                "InterventionAncestorTerm":"Physiological Effects of Drugs"
              },{
                "InterventionAncestorId":"D000006131",
                "InterventionAncestorTerm":"Growth Inhibitors"
              },{
                "InterventionAncestorId":"D000000970",
                "InterventionAncestorTerm":"Antineoplastic Agents"
              }
            ]
          },
          "InterventionBrowseLeafList":{
            "InterventionBrowseLeaf":[
              {
                "InterventionBrowseLeafId":"M17233",
                "InterventionBrowseLeafName":"Carboplatin",
                "InterventionBrowseLeafRelevance":"low"
              },{
                "InterventionBrowseLeafId":"M264",
                "InterventionBrowseLeafName":"Pemetrexed",
                "InterventionBrowseLeafRelevance":"low"
              },{
                "InterventionBrowseLeafId":"M263963",
                "InterventionBrowseLeafName":"Endostar protein",
                "InterventionBrowseLeafAsFound":"Cleaved cell",
                "InterventionBrowseLeafRelevance":"high"
              },{
                "InterventionBrowseLeafId":"M20902",
                "InterventionBrowseLeafName":"Angiogenesis Inhibitors",
                "InterventionBrowseLeafRelevance":"low"
              }
            ]
          },
          "InterventionBrowseBranchList":{
            "InterventionBrowseBranch":[
              {
                "InterventionBrowseBranchAbbrev":"ANeo",
                "InterventionBrowseBranchName":"Antineoplastic Agents"
              },{
                "InterventionBrowseBranchAbbrev":"All",
                "InterventionBrowseBranchName":"All Drugs and Chemicals"
              }
            ]
          }
        }
      }
    }
  }
}

