{
  "FullStudy":{
    "Rank":60507,
    "Study":{
      "ProtocolSection":{
        "IdentificationModule":{
          "NCTId":"NCT04062136",
          "OrgStudyIdInfo":{
            "OrgStudyId":"VinmecISC1915"
          },
          "Organization":{
            "OrgFullName":"Vinmec Research Institute of Stem Cell and Gene Technology",
            "OrgClass":"OTHER"
          },
          "BriefTitle":"Umbilical Cord Mesenchymal Stem Cells Transplantation in the Treatment of Bronchopulmonary Dysplasia",
          "OfficialTitle":"Outcomes of Human Umbilical Cord-derived Mesenchymal Stem Cells Transplantation in the Treatment of Bronchopulmonary Dysplasia"
        },
        "StatusModule":{
          "StatusVerifiedDate":"August 2019",
          "OverallStatus":"Recruiting",
          "ExpandedAccessInfo":{
            "HasExpandedAccess":"No"
          },
          "StartDateStruct":{
            "StartDate":"March 1, 2019",
            "StartDateType":"Actual"
          },
          "PrimaryCompletionDateStruct":{
            "PrimaryCompletionDate":"November 30, 2020",
            "PrimaryCompletionDateType":"Anticipated"
          },
          "CompletionDateStruct":{
            "CompletionDate":"November 30, 2020",
            "CompletionDateType":"Anticipated"
          },
          "StudyFirstSubmitDate":"March 27, 2019",
          "StudyFirstSubmitQCDate":"August 19, 2019",
          "StudyFirstPostDateStruct":{
            "StudyFirstPostDate":"August 20, 2019",
            "StudyFirstPostDateType":"Actual"
          },
          "LastUpdateSubmitDate":"August 19, 2019",
          "LastUpdatePostDateStruct":{
            "LastUpdatePostDate":"August 20, 2019",
            "LastUpdatePostDateType":"Actual"
          }
        },
        "SponsorCollaboratorsModule":{
          "ResponsibleParty":{
            "ResponsiblePartyType":"Sponsor"
          },
          "LeadSponsor":{
            "LeadSponsorName":"Vinmec Research Institute of Stem Cell and Gene Technology",
            "LeadSponsorClass":"OTHER"
          }
        },
        "OversightModule":{
          "OversightHasDMC":"Yes",
          "IsFDARegulatedDrug":"No",
          "IsFDARegulatedDevice":"No"
        },
        "DescriptionModule":{
          "BriefSummary":"To evaluate the safety and efficacy of human umbilical cord mesenchymal stem cells transplantation in patients with bronchopulmonary dysplasia",
          "DetailedDescription":"The purpose of this study is to evaluate the safety and effectiveness of human umbilical cord mesenchymal stem cells in 10 patients with bronchopulmonary dysplasia at Vinmec International Hospital, Hanoi, Vietnam"
        },
        "ConditionsModule":{
          "ConditionList":{
            "Condition":[
              "Bronchopulmonary Dysplasia"
            ]
          },
          "KeywordList":{
            "Keyword":[
              "Bronchopulmonary dysplasia",
              "umbilical cord mesenchymal stem cells"
            ]
          }
        },
        "DesignModule":{
          "StudyType":"Interventional",
          "PhaseList":{
            "Phase":[
              "Phase 1"
            ]
          },
          "DesignInfo":{
            "DesignAllocation":"N/A",
            "DesignInterventionModel":"Single Group Assignment",
            "DesignPrimaryPurpose":"Treatment",
            "DesignMaskingInfo":{
              "DesignMasking":"None (Open Label)"
            }
          },
          "EnrollmentInfo":{
            "EnrollmentCount":"10",
            "EnrollmentType":"Anticipated"
          }
        },
        "ArmsInterventionsModule":{
          "ArmGroupList":{
            "ArmGroup":[
              {
                "ArmGroupLabel":"Stem cell transplantation",
                "ArmGroupType":"Experimental",
                "ArmGroupDescription":"1 million umbilical Cord Mesenchymal Stem Cells per body kg will transplant via the intravenous at baseline, and the second transplantation will be performed 1 week after the first transplantation",
                "ArmGroupInterventionList":{
                  "ArmGroupInterventionName":[
                    "Combination Product: stem cell transplantation"
                  ]
                }
              }
            ]
          },
          "InterventionList":{
            "Intervention":[
              {
                "InterventionType":"Combination Product",
                "InterventionName":"stem cell transplantation",
                "InterventionDescription":"Transplantation of umbilical cord mesenchymal stem cells",
                "InterventionArmGroupLabelList":{
                  "InterventionArmGroupLabel":[
                    "Stem cell transplantation"
                  ]
                }
              }
            ]
          }
        },
        "OutcomesModule":{
          "PrimaryOutcomeList":{
            "PrimaryOutcome":[
              {
                "PrimaryOutcomeMeasure":"Adverse events and serious adverse events",
                "PrimaryOutcomeDescription":"Incidence of the adverse events or serious adverse events after transplantation",
                "PrimaryOutcomeTimeFrame":"during 9 months post treatment"
              },{
                "PrimaryOutcomeMeasure":"The proportion of patients win from oxygen",
                "PrimaryOutcomeDescription":"To identify the proportion of patient with Bronchopulmonary Dysplasia win from oxygen after stem cell transplantation.",
                "PrimaryOutcomeTimeFrame":"during 9 months post treatment"
              }
            ]
          },
          "SecondaryOutcomeList":{
            "SecondaryOutcome":[
              {
                "SecondaryOutcomeMeasure":"The lung fibrosis",
                "SecondaryOutcomeDescription":"Changes of the lung fibrosis on chest CT at 6 months compared with baseline",
                "SecondaryOutcomeTimeFrame":"at 6 months post treatment"
              }
            ]
          }
        },
        "EligibilityModule":{
          "EligibilityCriteria":"Inclusion Criteria:\n\nThe patient is diagnosis Bronchopulmonary Dysplasia (premature and depends on oxygen until 28 days old\nGender: either sex\nYear old < 6 months\nWeight ≥ 2 kg\nAgree to participate in the study.\n\nExclusion Criteria:\n\nSevere congenital malformation.\nOther severe conditions (active pulmonary bleeding, evidence of active infections).",
          "HealthyVolunteers":"No",
          "Gender":"All",
          "MinimumAge":"1 Month",
          "MaximumAge":"6 Months",
          "StdAgeList":{
            "StdAge":[
              "Child"
            ]
          }
        },
        "ContactsLocationsModule":{
          "CentralContactList":{
            "CentralContact":[
              {
                "CentralContactName":"Liem T Nguyen, MD., PhD",
                "CentralContactRole":"Contact",
                "CentralContactPhone":"(+844)39743556",
                "CentralContactPhoneExt":"1420",
                "CentralContactEMail":"v.liemnt@vinmec.com"
              },{
                "CentralContactName":"Thai H Trieu Thi, MD",
                "CentralContactRole":"Contact",
                "CentralContactPhone":"(+8424) 3974 3556",
                "CentralContactEMail":"v.thaitth@vinmec.com"
              }
            ]
          },
          "LocationList":{
            "Location":[
              {
                "LocationFacility":"Vinmec Research Institute of Stem Cell and Gene Technology",
                "LocationStatus":"Recruiting",
                "LocationCity":"Hanoi",
                "LocationZip":"100000",
                "LocationCountry":"Vietnam",
                "LocationContactList":{
                  "LocationContact":[
                    {
                      "LocationContactName":"Liem T Nguyen, MD., PhD",
                      "LocationContactRole":"Contact",
                      "LocationContactPhone":"(+844)39743556",
                      "LocationContactPhoneExt":"1420",
                      "LocationContactEMail":"v.liemnt@vinmec.com"
                    }
                  ]
                }
              },{
                "LocationFacility":"Vinmec Research Institute of Stem Cell and Gene Technology",
                "LocationStatus":"Recruiting",
                "LocationCity":"Hanoi",
                "LocationZip":"100000",
                "LocationCountry":"Vietnam",
                "LocationContactList":{
                  "LocationContact":[
                    {
                      "LocationContactName":"Nguyen Thanh Liem, Prof",
                      "LocationContactRole":"Contact"
                    }
                  ]
                }
              }
            ]
          }
        },
        "ReferencesModule":{
          "ReferenceList":{
            "Reference":[
              {
                "ReferencePMID":"23364976",
                "ReferenceType":"result",
                "ReferenceCitation":"Ahn SY, Chang YS, Kim SY, Sung DK, Kim ES, Rime SY, Yu WJ, Choi SJ, Oh WI, Park WS. Long-term (postnatal day 70) outcome and safety of intratracheal transplantation of human umbilical cord blood-derived mesenchymal stem cells in neonatal hyperoxic lung injury. Yonsei Med J. 2013 Mar 1;54(2):416-24. doi: 10.3349/ymj.2013.54.2.416."
              },{
                "ReferencePMID":"24508444",
                "ReferenceType":"result",
                "ReferenceCitation":"Chang YS, Ahn SY, Yoo HS, Sung SI, Choi SJ, Oh WI, Park WS. Mesenchymal stem cells for bronchopulmonary dysplasia: phase 1 dose-escalation clinical trial. J Pediatr. 2014 May;164(5):966-972.e6. doi: 10.1016/j.jpeds.2013.12.011. Epub 2014 Feb 6."
              },{
                "ReferencePMID":"29021519",
                "ReferenceType":"result",
                "ReferenceCitation":"Liem NT, Anh TL, Thai TTH, Anh BV. Bone Marrow Mononuclear Cells Transplantation in Treatment of Established Bronchopulmonary Dysplasia: A Case Report. Am J Case Rep. 2017 Oct 12;18:1090-1094."
              }
            ]
          }
        },
        "IPDSharingStatementModule":{
          "IPDSharing":"No"
        }
      },
      "DerivedSection":{
        "MiscInfoModule":{
          "VersionHolder":"April 19, 2021"
        },
        "ConditionBrowseModule":{
          "ConditionMeshList":{
            "ConditionMesh":[
              {
                "ConditionMeshId":"D000001997",
                "ConditionMeshTerm":"Bronchopulmonary Dysplasia"
              },{
                "ConditionMeshId":"D000006965",
                "ConditionMeshTerm":"Hyperplasia"
              }
            ]
          },
          "ConditionAncestorList":{
            "ConditionAncestor":[
              {
                "ConditionAncestorId":"D000010335",
                "ConditionAncestorTerm":"Pathologic Processes"
              },{
                "ConditionAncestorId":"D000055397",
                "ConditionAncestorTerm":"Ventilator-Induced Lung Injury"
              },{
                "ConditionAncestorId":"D000055370",
                "ConditionAncestorTerm":"Lung Injury"
              },{
                "ConditionAncestorId":"D000008171",
                "ConditionAncestorTerm":"Lung Diseases"
              },{
                "ConditionAncestorId":"D000012140",
                "ConditionAncestorTerm":"Respiratory Tract Diseases"
              },{
                "ConditionAncestorId":"D000007235",
                "ConditionAncestorTerm":"Infant, Premature, Diseases"
              },{
                "ConditionAncestorId":"D000007232",
                "ConditionAncestorTerm":"Infant, Newborn, Diseases"
              }
            ]
          },
          "ConditionBrowseLeafList":{
            "ConditionBrowseLeaf":[
              {
                "ConditionBrowseLeafId":"M3855",
                "ConditionBrowseLeafName":"Bronchopulmonary Dysplasia",
                "ConditionBrowseLeafAsFound":"Bronchopulmonary Dysplasia",
                "ConditionBrowseLeafRelevance":"high"
              },{
                "ConditionBrowseLeafId":"M8599",
                "ConditionBrowseLeafName":"Hyperplasia",
                "ConditionBrowseLeafAsFound":"Dysplasia",
                "ConditionBrowseLeafRelevance":"high"
              },{
                "ConditionBrowseLeafId":"M26730",
                "ConditionBrowseLeafName":"Lung Injury",
                "ConditionBrowseLeafRelevance":"low"
              },{
                "ConditionBrowseLeafId":"M26739",
                "ConditionBrowseLeafName":"Ventilator-Induced Lung Injury",
                "ConditionBrowseLeafRelevance":"low"
              },{
                "ConditionBrowseLeafId":"M9751",
                "ConditionBrowseLeafName":"Lung Diseases",
                "ConditionBrowseLeafRelevance":"low"
              },{
                "ConditionBrowseLeafId":"M13560",
                "ConditionBrowseLeafName":"Respiratory Tract Diseases",
                "ConditionBrowseLeafRelevance":"low"
              },{
                "ConditionBrowseLeafId":"M24456",
                "ConditionBrowseLeafName":"Premature Birth",
                "ConditionBrowseLeafRelevance":"low"
              },{
                "ConditionBrowseLeafId":"M8862",
                "ConditionBrowseLeafName":"Infant, Premature, Diseases",
                "ConditionBrowseLeafRelevance":"low"
              },{
                "ConditionBrowseLeafId":"M8859",
                "ConditionBrowseLeafName":"Infant, Newborn, Diseases",
                "ConditionBrowseLeafRelevance":"low"
              },{
                "ConditionBrowseLeafId":"T874",
                "ConditionBrowseLeafName":"Bronchopulmonary Dysplasia",
                "ConditionBrowseLeafAsFound":"Bronchopulmonary Dysplasia",
                "ConditionBrowseLeafRelevance":"high"
              }
            ]
          },
          "ConditionBrowseBranchList":{
            "ConditionBrowseBranch":[
              {
                "ConditionBrowseBranchAbbrev":"BC08",
                "ConditionBrowseBranchName":"Respiratory Tract (Lung and Bronchial) Diseases"
              },{
                "ConditionBrowseBranchAbbrev":"BC16",
                "ConditionBrowseBranchName":"Diseases and Abnormalities at or Before Birth"
              },{
                "ConditionBrowseBranchAbbrev":"All",
                "ConditionBrowseBranchName":"All Conditions"
              },{
                "ConditionBrowseBranchAbbrev":"BC23",
                "ConditionBrowseBranchName":"Symptoms and General Pathology"
              },{
                "ConditionBrowseBranchAbbrev":"BC26",
                "ConditionBrowseBranchName":"Wounds and Injuries"
              },{
                "ConditionBrowseBranchAbbrev":"BXS",
                "ConditionBrowseBranchName":"Urinary Tract, Sexual Organs, and Pregnancy Conditions"
              },{
                "ConditionBrowseBranchAbbrev":"Rare",
                "ConditionBrowseBranchName":"Rare Diseases"
              }
            ]
          }
        }
      }
    }
  }
}

