{
  "FullStudy":{
    "Rank":60630,
    "Study":{
      "ProtocolSection":{
        "IdentificationModule":{
          "NCTId":"NCT04060537",
          "OrgStudyIdInfo":{
            "OrgStudyId":"ARTIST RCC"
          },
          "Organization":{
            "OrgFullName":"Cambridge University Hospitals NHS Foundation Trust",
            "OrgClass":"OTHER"
          },
          "BriefTitle":"Identification of Novel Biomarkers of Response to Systemic Treatments in Renal Cell Cancer",
          "OfficialTitle":"A Retrospective Translational Study to Identify Novel Biomarkers of Response to Systemic Treatments in Renal Cell Cancer",
          "Acronym":"ARTIST_RCC"
        },
        "StatusModule":{
          "StatusVerifiedDate":"August 2019",
          "OverallStatus":"Not yet recruiting",
          "ExpandedAccessInfo":{
            "HasExpandedAccess":"No"
          },
          "StartDateStruct":{
            "StartDate":"January 2020",
            "StartDateType":"Anticipated"
          },
          "PrimaryCompletionDateStruct":{
            "PrimaryCompletionDate":"January 2022",
            "PrimaryCompletionDateType":"Anticipated"
          },
          "CompletionDateStruct":{
            "CompletionDate":"January 2022",
            "CompletionDateType":"Anticipated"
          },
          "StudyFirstSubmitDate":"August 13, 2019",
          "StudyFirstSubmitQCDate":"August 16, 2019",
          "StudyFirstPostDateStruct":{
            "StudyFirstPostDate":"August 19, 2019",
            "StudyFirstPostDateType":"Actual"
          },
          "LastUpdateSubmitDate":"August 16, 2019",
          "LastUpdatePostDateStruct":{
            "LastUpdatePostDate":"August 19, 2019",
            "LastUpdatePostDateType":"Actual"
          }
        },
        "SponsorCollaboratorsModule":{
          "ResponsibleParty":{
            "ResponsiblePartyType":"Sponsor-Investigator",
            "ResponsiblePartyInvestigatorFullName":"CCTU- Cancer Theme",
            "ResponsiblePartyInvestigatorTitle":"Dr. Sarah J. Welsh",
            "ResponsiblePartyInvestigatorAffiliation":"Cambridge University Hospitals NHS Foundation Trust"
          },
          "LeadSponsor":{
            "LeadSponsorName":"CCTU- Cancer Theme",
            "LeadSponsorClass":"OTHER"
          }
        },
        "OversightModule":{
          "OversightHasDMC":"No",
          "IsFDARegulatedDrug":"No",
          "IsFDARegulatedDevice":"No"
        },
        "DescriptionModule":{
          "BriefSummary":"This research study aims to investigate changes inside kidney cancers (also known as Renal Cell Carcinoma or RCC), and in normal kidney surrounding the tumour, when patients are treated with systemic therapy.\n\nSamples, radiological images and data from a previous trial (NeoSUN) will be analysed and/or reanalysed, in accordance with the consent of NeoSUN participants.",
          "DetailedDescription":"This research study aims to investigate changes inside kidney cancers, and in normal kidney surrounding the tumour, when patients are treated with systemic therapy. Systemic treatment is widely used as routine treatment for patients who have kidney cancer that has spread to other organs. It is also used sometimes before surgery to try to shrink kidney cancers to make surgery easier and less risky. Recent research has shown that kidney cancers consist of many different cells in addition to the cancer cells (including immune, structural and blood vessel cells). However, doctors know very little about what changes systemic therapy causes to cells other than cancer cells.\n\nResearchers now think that these other cells may influence how the tumour cells behave during cancer treatment and how well the cancer responds to treatment.\n\nThe NeoSUN clinical trial was run at Cambridge University Hospitals between 2006 and 2015.18 patients were treated with a TKI called sunitinib for 12 days before they had their kidney surgically removed. MRI and CT scans were performed before and after the treatment. Samples of tumour and normal kidney were also taken before and after treatment. All patients consented to use of their tissue and data for future research projects. The investigators would like to analyse the effects that sunitinib had on the tumour and other cells using techniques called immunohistochemistry, immunofluorescence, and CyTOF. These mark the different cells so they can easily be identified and the effects on each one analysed. The investigators would also like to re-analyse the scans performed and use artificial intelligence (AI) to see try to detect new trends. The information may help to guide which drugs might be best used in future to treat kidney cancer more effectively whilst keeping side effects low."
        },
        "ConditionsModule":{
          "ConditionList":{
            "Condition":[
              "Carcinoma, Renal Cell"
            ]
          },
          "KeywordList":{
            "Keyword":[
              "Cancer",
              "Renal",
              "Tyrosine Kinase Inhibitors",
              "Systemic Treatments",
              "Biomarkers"
            ]
          }
        },
        "DesignModule":{
          "StudyType":"Observational",
          "PatientRegistry":"No",
          "DesignInfo":{
            "DesignObservationalModelList":{
              "DesignObservationalModel":[
                "Cohort"
              ]
            },
            "DesignTimePerspectiveList":{
              "DesignTimePerspective":[
                "Retrospective"
              ]
            }
          },
          "BioSpec":{
            "BioSpecRetention":"Samples With DNA",
            "BioSpecDescription":"Renal Cell Carcinoma tumour specimen (tissue block or slides), kidney tissue specimen (tissue block or slides), previously obtained with consent under NeoSUN study"
          },
          "EnrollmentInfo":{
            "EnrollmentCount":"12",
            "EnrollmentType":"Anticipated"
          }
        },
        "ArmsInterventionsModule":{
          "ArmGroupList":{
            "ArmGroup":[
              {
                "ArmGroupLabel":"Research",
                "ArmGroupDescription":"Patients with Renal Cell Carcinoma who have had previous systemic treatment, with adequate tissue samples and radiological data",
                "ArmGroupInterventionList":{
                  "ArmGroupInterventionName":[
                    "Other: Laboratory analysis of samples",
                    "Other: Application of machine learning"
                  ]
                }
              }
            ]
          },
          "InterventionList":{
            "Intervention":[
              {
                "InterventionType":"Other",
                "InterventionName":"Laboratory analysis of samples",
                "InterventionDescription":"RNA sequencing, immunohistochemistry, immunofluorescence, and cytometry of tumour tissues",
                "InterventionArmGroupLabelList":{
                  "InterventionArmGroupLabel":[
                    "Research"
                  ]
                }
              },{
                "InterventionType":"Other",
                "InterventionName":"Application of machine learning",
                "InterventionDescription":"Using machine learning to interrogate data generated from analysis of Renal Cell Cancer tumours using RNA sequencing, immunohistochemistry, immunofluorescence, cytometry, and MRI imaging of tumours.",
                "InterventionArmGroupLabelList":{
                  "InterventionArmGroupLabel":[
                    "Research"
                  ]
                }
              }
            ]
          }
        },
        "OutcomesModule":{
          "PrimaryOutcomeList":{
            "PrimaryOutcome":[
              {
                "PrimaryOutcomeMeasure":"Biological identification of biomarkers of response to systemic treatment in Renal Cell Cancer.",
                "PrimaryOutcomeDescription":"Using data from RNA sequencing of tumour tissues, the outcome is to identify novel biomarkers of response.",
                "PrimaryOutcomeTimeFrame":"2 years"
              },{
                "PrimaryOutcomeMeasure":"Radiological identification of biomarkers of response to systemic treatment in Renal Cell Cancer.",
                "PrimaryOutcomeDescription":"Using data from MRI imaging by analysis of the tumour microenvironment and machine learning interrogation of output data, the outcome is to identify novel biomarkers of response.",
                "PrimaryOutcomeTimeFrame":"2 years"
              },{
                "PrimaryOutcomeMeasure":"Biological identification of biomarkers of response to systemic treatment in Renal Cell Cancer.",
                "PrimaryOutcomeDescription":"Using data from immunohistochemistry, the outcome is to identify novel biomarkers of response.",
                "PrimaryOutcomeTimeFrame":"2 years"
              },{
                "PrimaryOutcomeMeasure":"Biological identification of biomarkers of response to systemic treatment in Renal Cell Cancer.",
                "PrimaryOutcomeDescription":"Using data from immunofluorescence, the outcome is to identify novel biomarkers of response.",
                "PrimaryOutcomeTimeFrame":"2 years"
              },{
                "PrimaryOutcomeMeasure":"Biological identification of biomarkers of response to systemic treatment in Renal Cell Cancer.",
                "PrimaryOutcomeDescription":"Using data from CyTOF (mass cytometry), the outcome is to identify novel biomarkers of response.",
                "PrimaryOutcomeTimeFrame":"2 years"
              }
            ]
          }
        },
        "EligibilityModule":{
          "EligibilityCriteria":"Inclusion Criteria:\n\nAged 18 years or older\nDiagnosis of renal cell cancer (any stage).\nPatient received systemic treatment for their renal cancer at Cambridge University Hospitals NHS Foundation Trust.\n\nPatients must have consent in place, for the use of tissue and imaging to be used for the purposes of clinical research;\n\nUse of tissue not required for their diagnosis or treatment to be stored and used for the purposes of clinical research, which may include genetic research.\nUse of relevant sections of their medical records, or by relevant regulatory authorities, where my tissue is being used for research, giving permission for those individuals to have access to their medical records.\n\nParticipants must also meet at least one of the following criteria to be eligible:\n\nFor tissue analysis: Patient must have tumour tissue and/or normal adjacent kidney stored (either as formalinfixed paraffin-embedded tissue, or as 'fresh frozen' tissue).\nFor imaging analysis: Patient must have had at least 1 scan (either CT or MRI) within 28 days of starting treatment with systemic treatment for their cancer.\n\nExclusion Criteria:\n\nNone",
          "HealthyVolunteers":"No",
          "Gender":"All",
          "MinimumAge":"18 Years",
          "StdAgeList":{
            "StdAge":[
              "Adult",
              "Older Adult"
            ]
          },
          "StudyPopulation":"Participants with renal cell cancer who have given prior consent under NeoSUN for their samples and data to be used, and who have adequate samples and data available.",
          "SamplingMethod":"Non-Probability Sample"
        },
        "ContactsLocationsModule":{
          "CentralContactList":{
            "CentralContact":[
              {
                "CentralContactName":"Richard Skells",
                "CentralContactRole":"Contact",
                "CentralContactPhone":"01223348454",
                "CentralContactEMail":"richard.skells@addenbrookes.nhs.uk"
              },{
                "CentralContactName":"Amanda Walker",
                "CentralContactRole":"Contact",
                "CentralContactPhone":"01223256364",
                "CentralContactEMail":"amanda.walker@addenbrookes.nhs.uk"
              }
            ]
          },
          "OverallOfficialList":{
            "OverallOfficial":[
              {
                "OverallOfficialName":"Sarah Welsh",
                "OverallOfficialAffiliation":"Cambridge University Hospitals",
                "OverallOfficialRole":"Principal Investigator"
              }
            ]
          }
        },
        "IPDSharingStatementModule":{
          "IPDSharing":"Undecided"
        }
      },
      "DerivedSection":{
        "MiscInfoModule":{
          "VersionHolder":"April 19, 2021"
        },
        "ConditionBrowseModule":{
          "ConditionMeshList":{
            "ConditionMesh":[
              {
                "ConditionMeshId":"D000002292",
                "ConditionMeshTerm":"Carcinoma, Renal Cell"
              }
            ]
          },
          "ConditionAncestorList":{
            "ConditionAncestor":[
              {
                "ConditionAncestorId":"D000000230",
                "ConditionAncestorTerm":"Adenocarcinoma"
              },{
                "ConditionAncestorId":"D000002277",
                "ConditionAncestorTerm":"Carcinoma"
              },{
                "ConditionAncestorId":"D000009375",
                "ConditionAncestorTerm":"Neoplasms, Glandular and Epithelial"
              },{
                "ConditionAncestorId":"D000009370",
                "ConditionAncestorTerm":"Neoplasms by Histologic Type"
              },{
                "ConditionAncestorId":"D000009369",
                "ConditionAncestorTerm":"Neoplasms"
              },{
                "ConditionAncestorId":"D000007680",
                "ConditionAncestorTerm":"Kidney Neoplasms"
              },{
                "ConditionAncestorId":"D000014571",
                "ConditionAncestorTerm":"Urologic Neoplasms"
              },{
                "ConditionAncestorId":"D000014565",
                "ConditionAncestorTerm":"Urogenital Neoplasms"
              },{
                "ConditionAncestorId":"D000009371",
                "ConditionAncestorTerm":"Neoplasms by Site"
              },{
                "ConditionAncestorId":"D000007674",
                "ConditionAncestorTerm":"Kidney Diseases"
              },{
                "ConditionAncestorId":"D000014570",
                "ConditionAncestorTerm":"Urologic Diseases"
              }
            ]
          },
          "ConditionBrowseLeafList":{
            "ConditionBrowseLeaf":[
              {
                "ConditionBrowseLeafId":"M4116",
                "ConditionBrowseLeafName":"Carcinoma",
                "ConditionBrowseLeafRelevance":"low"
              },{
                "ConditionBrowseLeafId":"M4130",
                "ConditionBrowseLeafName":"Carcinoma, Renal Cell",
                "ConditionBrowseLeafAsFound":"Carcinoma, Renal Cell",
                "ConditionBrowseLeafRelevance":"high"
              },{
                "ConditionBrowseLeafId":"M2166",
                "ConditionBrowseLeafName":"Adenocarcinoma",
                "ConditionBrowseLeafRelevance":"low"
              },{
                "ConditionBrowseLeafId":"M10903",
                "ConditionBrowseLeafName":"Neoplasms, Glandular and Epithelial",
                "ConditionBrowseLeafRelevance":"low"
              },{
                "ConditionBrowseLeafId":"M10898",
                "ConditionBrowseLeafName":"Neoplasms by Histologic Type",
                "ConditionBrowseLeafRelevance":"low"
              },{
                "ConditionBrowseLeafId":"M9286",
                "ConditionBrowseLeafName":"Kidney Neoplasms",
                "ConditionBrowseLeafRelevance":"low"
              },{
                "ConditionBrowseLeafId":"M15903",
                "ConditionBrowseLeafName":"Urologic Neoplasms",
                "ConditionBrowseLeafRelevance":"low"
              },{
                "ConditionBrowseLeafId":"M15898",
                "ConditionBrowseLeafName":"Urogenital Neoplasms",
                "ConditionBrowseLeafRelevance":"low"
              },{
                "ConditionBrowseLeafId":"M9281",
                "ConditionBrowseLeafName":"Kidney Diseases",
                "ConditionBrowseLeafRelevance":"low"
              },{
                "ConditionBrowseLeafId":"M15902",
                "ConditionBrowseLeafName":"Urologic Diseases",
                "ConditionBrowseLeafRelevance":"low"
              },{
                "ConditionBrowseLeafId":"T4906",
                "ConditionBrowseLeafName":"Renal Cell Carcinoma",
                "ConditionBrowseLeafAsFound":"Carcinoma, Renal Cell",
                "ConditionBrowseLeafRelevance":"high"
              }
            ]
          },
          "ConditionBrowseBranchList":{
            "ConditionBrowseBranch":[
              {
                "ConditionBrowseBranchAbbrev":"BC04",
                "ConditionBrowseBranchName":"Cancers and Other Neoplasms"
              },{
                "ConditionBrowseBranchAbbrev":"All",
                "ConditionBrowseBranchName":"All Conditions"
              },{
                "ConditionBrowseBranchAbbrev":"BXS",
                "ConditionBrowseBranchName":"Urinary Tract, Sexual Organs, and Pregnancy Conditions"
              },{
                "ConditionBrowseBranchAbbrev":"Rare",
                "ConditionBrowseBranchName":"Rare Diseases"
              }
            ]
          }
        },
        "InterventionBrowseModule":{
          "InterventionBrowseLeafList":{
            "InterventionBrowseLeaf":[
              {
                "InterventionBrowseLeafId":"T22",
                "InterventionBrowseLeafName":"Tyrosine",
                "InterventionBrowseLeafRelevance":"low"
              }
            ]
          },
          "InterventionBrowseBranchList":{
            "InterventionBrowseBranch":[
              {
                "InterventionBrowseBranchAbbrev":"AA",
                "InterventionBrowseBranchName":"Amino Acids"
              },{
                "InterventionBrowseBranchAbbrev":"All",
                "InterventionBrowseBranchName":"All Drugs and Chemicals"
              }
            ]
          }
        }
      }
    }
  }
}

