{
  "FullStudy":{
    "Rank":59999,
    "Study":{
      "ProtocolSection":{
        "IdentificationModule":{
          "NCTId":"NCT04068766",
          "OrgStudyIdInfo":{
            "OrgStudyId":"KBSMC 2019-08-024"
          },
          "Organization":{
            "OrgFullName":"Kangbuk Samsung Hospital",
            "OrgClass":"OTHER"
          },
          "BriefTitle":"Efficacy of Paracervical Block in Laparoscopic Myomectomy: a Randomized Controlled Trial (PALM)",
          "OfficialTitle":"Efficacy of Paracervical Block in Laparoscopic Myomectomy: a Randomized Controlled Trial (PALM)",
          "Acronym":"PALM"
        },
        "StatusModule":{
          "StatusVerifiedDate":"August 2019",
          "OverallStatus":"Recruiting",
          "ExpandedAccessInfo":{
            "HasExpandedAccess":"No"
          },
          "StartDateStruct":{
            "StartDate":"August 23, 2019",
            "StartDateType":"Actual"
          },
          "PrimaryCompletionDateStruct":{
            "PrimaryCompletionDate":"August 1, 2020",
            "PrimaryCompletionDateType":"Anticipated"
          },
          "CompletionDateStruct":{
            "CompletionDate":"August 1, 2020",
            "CompletionDateType":"Anticipated"
          },
          "StudyFirstSubmitDate":"August 23, 2019",
          "StudyFirstSubmitQCDate":"August 23, 2019",
          "StudyFirstPostDateStruct":{
            "StudyFirstPostDate":"August 28, 2019",
            "StudyFirstPostDateType":"Actual"
          },
          "LastUpdateSubmitDate":"August 23, 2019",
          "LastUpdatePostDateStruct":{
            "LastUpdatePostDate":"August 28, 2019",
            "LastUpdatePostDateType":"Actual"
          }
        },
        "SponsorCollaboratorsModule":{
          "ResponsibleParty":{
            "ResponsiblePartyType":"Principal Investigator",
            "ResponsiblePartyInvestigatorFullName":"Taejong Song",
            "ResponsiblePartyInvestigatorTitle":"Professor",
            "ResponsiblePartyInvestigatorAffiliation":"Kangbuk Samsung Hospital"
          },
          "LeadSponsor":{
            "LeadSponsorName":"Kangbuk Samsung Hospital",
            "LeadSponsorClass":"OTHER"
          }
        },
        "OversightModule":{
          "OversightHasDMC":"No",
          "IsFDARegulatedDrug":"No",
          "IsFDARegulatedDevice":"No"
        },
        "DescriptionModule":{
          "BriefSummary":"It remains controversial whether paracervical block should be performed as a powerful strategy for pain relief in laparoscopic myomectomy (LM), because convincing conclusions are difficult to draw because of the heterogeneous and contradictory nature of the literature. Therefore, the aim of this study was to evaluate the efficacy of paracervical blocks using with 0.5% bupivacaine prior to LM for benign gynecologic conditions on postoperative pain relief.",
          "DetailedDescription":"However, no study investigating the efficacy of paracervical block in laparoscopic myomectomy on postoperative pain was conducted, to date. Therefore, the goal of this study is to evaluate whether patients who receive a paracervical block of 5% bupivacaine with epinephrine at the time of laparoscopic myomectomy would have lower postoperative pain, with less consumption of rescue analgesics than patients who receive a paracervical block of normal saline."
        },
        "ConditionsModule":{
          "ConditionList":{
            "Condition":[
              "Uterine Fibroid"
            ]
          }
        },
        "DesignModule":{
          "StudyType":"Interventional",
          "PhaseList":{
            "Phase":[
              "Not Applicable"
            ]
          },
          "DesignInfo":{
            "DesignAllocation":"Randomized",
            "DesignInterventionModel":"Parallel Assignment",
            "DesignPrimaryPurpose":"Treatment",
            "DesignMaskingInfo":{
              "DesignMasking":"Quadruple",
              "DesignWhoMaskedList":{
                "DesignWhoMasked":[
                  "Participant",
                  "Care Provider",
                  "Investigator",
                  "Outcomes Assessor"
                ]
              }
            }
          },
          "EnrollmentInfo":{
            "EnrollmentCount":"62",
            "EnrollmentType":"Anticipated"
          }
        },
        "ArmsInterventionsModule":{
          "ArmGroupList":{
            "ArmGroup":[
              {
                "ArmGroupLabel":"Paracervical block with 5% bupivacaine",
                "ArmGroupType":"Experimental",
                "ArmGroupDescription":"The paracervical injection with 10 mL of 0.5% bupivacaine plus 1:200,000 epinephrine was administrated by the second assistant surgeon into the cervicovaginal junction at 3 and 9 o'clock with a depth of 1 cm after intubation but before fixation of uterine manipulator onto the cervix.",
                "ArmGroupInterventionList":{
                  "ArmGroupInterventionName":[
                    "Device: Paracervical block",
                    "Drug: 5% bupivacaine"
                  ]
                }
              },{
                "ArmGroupLabel":"Paracervical block with normal saline",
                "ArmGroupType":"Placebo Comparator",
                "ArmGroupDescription":"ck with a depth of 1 cm after intubation but before fixation of uterine manipulator onto the cervix.",
                "ArmGroupInterventionList":{
                  "ArmGroupInterventionName":[
                    "Device: Paracervical block",
                    "Drug: Normal saline"
                  ]
                }
              }
            ]
          },
          "InterventionList":{
            "Intervention":[
              {
                "InterventionType":"Device",
                "InterventionName":"Paracervical block",
                "InterventionDescription":"The paracervical injection with 10 mL of 0.5% bupivacaine plus 1:200,000 epinephrine or normal saline was administrated by the second assistant surgeon into the cervicovaginal junction at 3 and 9 o'clock with a depth of 1 cm after intubation but before fixation of uterine manipulator onto the cervix.",
                "InterventionArmGroupLabelList":{
                  "InterventionArmGroupLabel":[
                    "Paracervical block with 5% bupivacaine",
                    "Paracervical block with normal saline"
                  ]
                },
                "InterventionOtherNameList":{
                  "InterventionOtherName":[
                    "Experimental arm",
                    "Control arm"
                  ]
                }
              },{
                "InterventionType":"Drug",
                "InterventionName":"5% bupivacaine",
                "InterventionDescription":"The paracervical injection with 10 mL of 0.5% bupivacaine plus 1:200,000 epinephrine was administrated by the second assistant surgeon into the cervicovaginal junction at 3 and 9 o'clock with a depth of 1 cm after intubation but before fixation of uterine manipulator onto the cervix.",
                "InterventionArmGroupLabelList":{
                  "InterventionArmGroupLabel":[
                    "Paracervical block with 5% bupivacaine"
                  ]
                },
                "InterventionOtherNameList":{
                  "InterventionOtherName":[
                    "Experimental arm"
                  ]
                }
              },{
                "InterventionType":"Drug",
                "InterventionName":"Normal saline",
                "InterventionDescription":"The paracervical injection with 10 mL of normal saline was administrated by the second assistant surgeon into the cervicovaginal junction at 3 and 9 o'clock with a depth of 1 cm after intubation but before fixation of uterine manipulator onto the cervix.",
                "InterventionArmGroupLabelList":{
                  "InterventionArmGroupLabel":[
                    "Paracervical block with normal saline"
                  ]
                },
                "InterventionOtherNameList":{
                  "InterventionOtherName":[
                    "Control arm"
                  ]
                }
              }
            ]
          }
        },
        "OutcomesModule":{
          "PrimaryOutcomeList":{
            "PrimaryOutcome":[
              {
                "PrimaryOutcomeMeasure":"Postoperative pain",
                "PrimaryOutcomeDescription":"The scale was presented as a 10-cm line with verbal descriptors ranging from \"no pain\" to \"worst imaginable pain\".",
                "PrimaryOutcomeTimeFrame":"at 6-hour after surgery"
              }
            ]
          },
          "SecondaryOutcomeList":{
            "SecondaryOutcome":[
              {
                "SecondaryOutcomeMeasure":"Frequency of pills/injections requested",
                "SecondaryOutcomeDescription":"Narcotic and non-narcotic use were measured by number of pills/injections requested within 24-hour after surgery.",
                "SecondaryOutcomeTimeFrame":"Within 24-hour after surgery"
              }
            ]
          }
        },
        "EligibilityModule":{
          "EligibilityCriteria":"Inclusion Criteria:\n\nUterine myoma\nAmerican Society of Anesthesiologists physical status (ASAPS) classification I-II\nThe absence of pregnancy at the time of surgery.\n\nExclusion Criteria:\n\nhistory of cervical surgery such as conization or cerclage\ninability to perform the paracervical block due to anatomical abnormalities (i.e., very atrophic or small cervix)\nallergy to bupivacaine, planned concomitant surgical procedures involving extensive additional tissue manipulation such as pelvic lymph node dissection\nany concomitant surgery of pelvic floor repair (uterosacral ligament suspension or sacrocolpopexy) or vaginal procedure (anterior or posterior colporrhaphy or mid-urethral slings)\npreviously taking opioids for chronic pain\ninability to accurately express their pain",
          "HealthyVolunteers":"No",
          "Gender":"Female",
          "MinimumAge":"18 Years",
          "MaximumAge":"60 Years",
          "StdAgeList":{
            "StdAge":[
              "Adult"
            ]
          }
        },
        "ContactsLocationsModule":{
          "CentralContactList":{
            "CentralContact":[
              {
                "CentralContactName":"Taejong Song, MD PhD",
                "CentralContactRole":"Contact",
                "CentralContactPhone":"+821040358405",
                "CentralContactEMail":"taejong.song@gmail.com"
              }
            ]
          },
          "OverallOfficialList":{
            "OverallOfficial":[
              {
                "OverallOfficialName":"Taejong Song",
                "OverallOfficialAffiliation":"Kangbuk Samsung Hospital",
                "OverallOfficialRole":"Principal Investigator"
              }
            ]
          },
          "LocationList":{
            "Location":[
              {
                "LocationFacility":"Kangbuk Samsung Hospital",
                "LocationStatus":"Recruiting",
                "LocationCity":"Seoul",
                "LocationZip":"03181",
                "LocationCountry":"Korea, Republic of",
                "LocationContactList":{
                  "LocationContact":[
                    {
                      "LocationContactName":"Taejong Song",
                      "LocationContactRole":"Contact",
                      "LocationContactPhone":"1040358405",
                      "LocationContactEMail":"taejong.song@gmail.com"
                    }
                  ]
                }
              },{
                "LocationFacility":"Wonju Severance Christian Hospital",
                "LocationStatus":"Recruiting",
                "LocationCity":"Wonju",
                "LocationCountry":"Korea, Republic of",
                "LocationContactList":{
                  "LocationContact":[
                    {
                      "LocationContactName":"San-Hui Lee, M.D.",
                      "LocationContactRole":"Contact",
                      "LocationContactPhone":"+821040358405",
                      "LocationContactEMail":"saniarami@gmail.com"
                    },{
                      "LocationContactName":"San-Hui Lee, M.D.",
                      "LocationContactRole":"Principal Investigator"
                    }
                  ]
                }
              }
            ]
          }
        },
        "IPDSharingStatementModule":{
          "IPDSharing":"No"
        }
      },
      "DerivedSection":{
        "MiscInfoModule":{
          "VersionHolder":"April 19, 2021"
        },
        "ConditionBrowseModule":{
          "ConditionMeshList":{
            "ConditionMesh":[
              {
                "ConditionMeshId":"D000007889",
                "ConditionMeshTerm":"Leiomyoma"
              }
            ]
          },
          "ConditionAncestorList":{
            "ConditionAncestor":[
              {
                "ConditionAncestorId":"D000009379",
                "ConditionAncestorTerm":"Neoplasms, Muscle Tissue"
              },{
                "ConditionAncestorId":"D000018204",
                "ConditionAncestorTerm":"Neoplasms, Connective and Soft Tissue"
              },{
                "ConditionAncestorId":"D000009370",
                "ConditionAncestorTerm":"Neoplasms by Histologic Type"
              },{
                "ConditionAncestorId":"D000009369",
                "ConditionAncestorTerm":"Neoplasms"
              }
            ]
          },
          "ConditionBrowseLeafList":{
            "ConditionBrowseLeaf":[
              {
                "ConditionBrowseLeafId":"M9484",
                "ConditionBrowseLeafName":"Leiomyoma",
                "ConditionBrowseLeafAsFound":"Uterine Fibroids",
                "ConditionBrowseLeafRelevance":"high"
              },{
                "ConditionBrowseLeafId":"M24433",
                "ConditionBrowseLeafName":"Myofibroma",
                "ConditionBrowseLeafRelevance":"low"
              },{
                "ConditionBrowseLeafId":"M18933",
                "ConditionBrowseLeafName":"Neoplasms, Connective and Soft Tissue",
                "ConditionBrowseLeafRelevance":"low"
              },{
                "ConditionBrowseLeafId":"M10898",
                "ConditionBrowseLeafName":"Neoplasms by Histologic Type",
                "ConditionBrowseLeafRelevance":"low"
              }
            ]
          },
          "ConditionBrowseBranchList":{
            "ConditionBrowseBranch":[
              {
                "ConditionBrowseBranchAbbrev":"BC04",
                "ConditionBrowseBranchName":"Cancers and Other Neoplasms"
              },{
                "ConditionBrowseBranchAbbrev":"All",
                "ConditionBrowseBranchName":"All Conditions"
              },{
                "ConditionBrowseBranchAbbrev":"BC17",
                "ConditionBrowseBranchName":"Skin and Connective Tissue Diseases"
              }
            ]
          }
        },
        "InterventionBrowseModule":{
          "InterventionMeshList":{
            "InterventionMesh":[
              {
                "InterventionMeshId":"D000002045",
                "InterventionMeshTerm":"Bupivacaine"
              }
            ]
          },
          "InterventionAncestorList":{
            "InterventionAncestor":[
              {
                "InterventionAncestorId":"D000000779",
                "InterventionAncestorTerm":"Anesthetics, Local"
              },{
                "InterventionAncestorId":"D000000777",
                "InterventionAncestorTerm":"Anesthetics"
              },{
                "InterventionAncestorId":"D000002492",
                "InterventionAncestorTerm":"Central Nervous System Depressants"
              },{
                "InterventionAncestorId":"D000045505",
                "InterventionAncestorTerm":"Physiological Effects of Drugs"
              },{
                "InterventionAncestorId":"D000018689",
                "InterventionAncestorTerm":"Sensory System Agents"
              },{
                "InterventionAncestorId":"D000018373",
                "InterventionAncestorTerm":"Peripheral Nervous System Agents"
              }
            ]
          },
          "InterventionBrowseLeafList":{
            "InterventionBrowseLeaf":[
              {
                "InterventionBrowseLeafId":"M3897",
                "InterventionBrowseLeafName":"Bupivacaine",
                "InterventionBrowseLeafAsFound":"Used",
                "InterventionBrowseLeafRelevance":"high"
              },{
                "InterventionBrowseLeafId":"M6575",
                "InterventionBrowseLeafName":"Epinephrine",
                "InterventionBrowseLeafRelevance":"low"
              },{
                "InterventionBrowseLeafId":"M28958",
                "InterventionBrowseLeafName":"Racepinephrine",
                "InterventionBrowseLeafRelevance":"low"
              },{
                "InterventionBrowseLeafId":"M217972",
                "InterventionBrowseLeafName":"Epinephryl borate",
                "InterventionBrowseLeafRelevance":"low"
              },{
                "InterventionBrowseLeafId":"M2690",
                "InterventionBrowseLeafName":"Anesthetics, Local",
                "InterventionBrowseLeafRelevance":"low"
              },{
                "InterventionBrowseLeafId":"M2688",
                "InterventionBrowseLeafName":"Anesthetics",
                "InterventionBrowseLeafRelevance":"low"
              }
            ]
          },
          "InterventionBrowseBranchList":{
            "InterventionBrowseBranch":[
              {
                "InterventionBrowseBranchAbbrev":"CNSDep",
                "InterventionBrowseBranchName":"Central Nervous System Depressants"
              },{
                "InterventionBrowseBranchAbbrev":"All",
                "InterventionBrowseBranchName":"All Drugs and Chemicals"
              },{
                "InterventionBrowseBranchAbbrev":"VaCoAg",
                "InterventionBrowseBranchName":"Vasoconstrictor Agents"
              },{
                "InterventionBrowseBranchAbbrev":"Resp",
                "InterventionBrowseBranchName":"Respiratory System Agents"
              }
            ]
          }
        }
      }
    }
  }
}

