{
  "FullStudy":{
    "Rank":60148,
    "Study":{
      "ProtocolSection":{
        "IdentificationModule":{
          "NCTId":"NCT04066829",
          "OrgStudyIdInfo":{
            "OrgStudyId":"HUM00159821"
          },
          "SecondaryIdInfoList":{
            "SecondaryIdInfo":[
              {
                "SecondaryId":"1K08DA048110",
                "SecondaryIdType":"U.S. NIH Grant/Contract",
                "SecondaryIdLink":"https://projectreporter.nih.gov/reporterapi.cfm?PROJECTNUM=1K08DA048110&Fy=all"
              }
            ]
          },
          "Organization":{
            "OrgFullName":"University of Michigan",
            "OrgClass":"OTHER"
          },
          "BriefTitle":"Default Dosing Settings for Opioid Prescriptions to Adolescents and Young Adults After Tonsillectomy",
          "OfficialTitle":"Default Dosing Settings for Opioid Prescriptions to Adolescents and Young Adults After Tonsillectomy"
        },
        "StatusModule":{
          "StatusVerifiedDate":"September 2020",
          "OverallStatus":"Recruiting",
          "ExpandedAccessInfo":{
            "HasExpandedAccess":"No"
          },
          "StartDateStruct":{
            "StartDate":"October 1, 2019",
            "StartDateType":"Actual"
          },
          "PrimaryCompletionDateStruct":{
            "PrimaryCompletionDate":"June 30, 2021",
            "PrimaryCompletionDateType":"Anticipated"
          },
          "CompletionDateStruct":{
            "CompletionDate":"June 30, 2021",
            "CompletionDateType":"Anticipated"
          },
          "StudyFirstSubmitDate":"August 22, 2019",
          "StudyFirstSubmitQCDate":"August 22, 2019",
          "StudyFirstPostDateStruct":{
            "StudyFirstPostDate":"August 26, 2019",
            "StudyFirstPostDateType":"Actual"
          },
          "LastUpdateSubmitDate":"September 30, 2020",
          "LastUpdatePostDateStruct":{
            "LastUpdatePostDate":"October 5, 2020",
            "LastUpdatePostDateType":"Actual"
          }
        },
        "SponsorCollaboratorsModule":{
          "ResponsibleParty":{
            "ResponsiblePartyType":"Principal Investigator",
            "ResponsiblePartyInvestigatorFullName":"Kao-Ping Chua",
            "ResponsiblePartyInvestigatorTitle":"Assistant Professor of Pediatrics",
            "ResponsiblePartyInvestigatorAffiliation":"University of Michigan"
          },
          "LeadSponsor":{
            "LeadSponsorName":"University of Michigan",
            "LeadSponsorClass":"OTHER"
          },
          "CollaboratorList":{
            "Collaborator":[
              {
                "CollaboratorName":"National Institute on Drug Abuse (NIDA)",
                "CollaboratorClass":"NIH"
              }
            ]
          }
        },
        "OversightModule":{
          "IsFDARegulatedDrug":"No",
          "IsFDARegulatedDevice":"No"
        },
        "DescriptionModule":{
          "BriefSummary":"This study will evaluate whether lowering the default number of doses for opioid prescriptions written in an electronic health record system can decrease opioid prescribing without causing unintended consequences such as worsened pain control."
        },
        "ConditionsModule":{
          "ConditionList":{
            "Condition":[
              "Tonsillectomy"
            ]
          },
          "KeywordList":{
            "Keyword":[
              "Default settings",
              "Opioid prescribing",
              "Electronic Health Record",
              "Opioid",
              "Opioid Use",
              "Behavioral intervention"
            ]
          }
        },
        "DesignModule":{
          "StudyType":"Interventional",
          "PhaseList":{
            "Phase":[
              "Not Applicable"
            ]
          },
          "DesignInfo":{
            "DesignAllocation":"Non-Randomized",
            "DesignInterventionModel":"Parallel Assignment",
            "DesignPrimaryPurpose":"Health Services Research",
            "DesignMaskingInfo":{
              "DesignMasking":"None (Open Label)",
              "DesignMaskingDescription":"Intervention is assigned based on location. Participants and providers are 'nudged' but not masked."
            }
          },
          "EnrollmentInfo":{
            "EnrollmentCount":"450",
            "EnrollmentType":"Anticipated"
          }
        },
        "ArmsInterventionsModule":{
          "ArmGroupList":{
            "ArmGroup":[
              {
                "ArmGroupLabel":"Default setting intervention",
                "ArmGroupType":"Experimental",
                "ArmGroupDescription":"The arm will include all patients undergoing tonsillectomy at C.S. Mott Hospital by a pediatric otolaryngology faculty member at the University of Michigan.",
                "ArmGroupInterventionList":{
                  "ArmGroupInterventionName":[
                    "Behavioral: Default setting intervention"
                  ]
                }
              },{
                "ArmGroupLabel":"Control (Usual Care)",
                "ArmGroupType":"No Intervention",
                "ArmGroupDescription":"The arm will include all patients undergoing tonsillectomy at University Hospital, Brighton Center for Specialty Care, or Livonia Center for Specialty Care by a general otolaryngology faculty member at the University of Michigan."
              }
            ]
          },
          "InterventionList":{
            "Intervention":[
              {
                "InterventionType":"Behavioral",
                "InterventionName":"Default setting intervention",
                "InterventionDescription":"All patients in the treatment group (patients undergoing tonsillectomy at Mott by pediatric otolaryngology attendings) will have clinicians who are exposed to the new default settings.",
                "InterventionArmGroupLabelList":{
                  "InterventionArmGroupLabel":[
                    "Default setting intervention"
                  ]
                }
              }
            ]
          }
        },
        "OutcomesModule":{
          "PrimaryOutcomeList":{
            "PrimaryOutcome":[
              {
                "PrimaryOutcomeMeasure":"Number of doses in the initial discharge opioid prescription",
                "PrimaryOutcomeDescription":"Detailed in electronic health record",
                "PrimaryOutcomeTimeFrame":"Day of discharge, approximately 1 day"
              },{
                "PrimaryOutcomeMeasure":"Proportion of patients for whom the number of doses in the discharge opioid prescription equals the number of doses in the new default settings",
                "PrimaryOutcomeDescription":"Detailed in electronic health record",
                "PrimaryOutcomeTimeFrame":"Day of discharge, approximately 1 day"
              },{
                "PrimaryOutcomeMeasure":"Proportion of patients who had at least one opioid prescription refill from University of Michigan during the two weeks after surgery",
                "PrimaryOutcomeDescription":"Detailed in electronic health record",
                "PrimaryOutcomeTimeFrame":"Day 14"
              },{
                "PrimaryOutcomeMeasure":"Proportion of patients who saw a University of Michigan provider in an office due to pain during the two weeks after surgery",
                "PrimaryOutcomeDescription":"Detailed in electronic health record",
                "PrimaryOutcomeTimeFrame":"Day 14"
              },{
                "PrimaryOutcomeMeasure":"Proportion of patients with at least one emergency department and/or hospitalization at University of Michigan for pain during the two weeks after surgery",
                "PrimaryOutcomeDescription":"Detailed in electronic health record",
                "PrimaryOutcomeTimeFrame":"Day 14"
              }
            ]
          },
          "SecondaryOutcomeList":{
            "SecondaryOutcome":[
              {
                "SecondaryOutcomeMeasure":"Overall satisfaction score on pain control during the two weeks after surgery as measured by the post-operative survey.",
                "SecondaryOutcomeDescription":"Pain control satisfaction is on a scale of 1-10 with higher scores indicating higher satisfaction",
                "SecondaryOutcomeTimeFrame":"Day 14"
              },{
                "SecondaryOutcomeMeasure":"Proportion of patients who reported that their pain was well-controlled as measured by the post-operative survey.",
                "SecondaryOutcomeTimeFrame":"Day 14"
              },{
                "SecondaryOutcomeMeasure":"Proportion of patients whose overall pain control was rated as much worse or worse than expected as measured by the post-operative survey.",
                "SecondaryOutcomeTimeFrame":"Day 14"
              },{
                "SecondaryOutcomeMeasure":"Proportion of patients whose pain has resolved by day 14 after surgery as measured by the post-operative survey.",
                "SecondaryOutcomeTimeFrame":"Day 14"
              },{
                "SecondaryOutcomeMeasure":"Pain in the throat and/or mouth over the past 7 days at its worst as measured by the post-operative survey.",
                "SecondaryOutcomeDescription":"Pain control is on a scale of 0-10 with higher scores indicating more pain.",
                "SecondaryOutcomeTimeFrame":"Day 14"
              },{
                "SecondaryOutcomeMeasure":"Pain in the throat and/or mouth over the past 7 days on average as measured by the post-operative survey.",
                "SecondaryOutcomeDescription":"Pain control is on a scale of 0-10 with higher scores indicating worse pain.",
                "SecondaryOutcomeTimeFrame":"Day 14"
              },{
                "SecondaryOutcomeMeasure":"Proportion of patients with leftover doses of opioids as measured by the post-operative survey.",
                "SecondaryOutcomeTimeFrame":"Day 14"
              },{
                "SecondaryOutcomeMeasure":"Number of opioid doses taken during the two weeks after surgery as measured by the post-operative survey.",
                "SecondaryOutcomeTimeFrame":"Day 14"
              },{
                "SecondaryOutcomeMeasure":"Proportion of patients who misused opioids prescribed to others or who misused opioids prescribed to them at least once during the two weeks after surgery as measured by the post-operative survey.",
                "SecondaryOutcomeDescription":"Includes any use of opioids prescribed to others or taking one's own opioids in greater amounts, more often, or longer than directed by a doctor",
                "SecondaryOutcomeTimeFrame":"Day 14"
              },{
                "SecondaryOutcomeMeasure":"Proportion of patients who misused opioids prescribed to others at least once during the two weeks after surgery as measured by the post-operative survey.",
                "SecondaryOutcomeDescription":"Includes any use of opioids prescribed to others",
                "SecondaryOutcomeTimeFrame":"Day 14"
              },{
                "SecondaryOutcomeMeasure":"Proportion of patients who misused opioids prescribed to them at least once during the two weeks after surgery as measured by the post-operative survey.",
                "SecondaryOutcomeDescription":"Includes taking one's own opioids in greater amounts, more often, or longer than directed by a doctor.",
                "SecondaryOutcomeTimeFrame":"Day 14"
              },{
                "SecondaryOutcomeMeasure":"Patient Health Questionnaire 8-item (PHQ-8) score (depression) as measured by the post-operative survey.",
                "SecondaryOutcomeDescription":"This is an 8-item self-report scale, all items are rated on a score of 0-3, for a total range of 0-24. Higher scores indicate more depressive symptoms",
                "SecondaryOutcomeTimeFrame":"Day 14"
              },{
                "SecondaryOutcomeMeasure":"Patient-Reported Outcomes Measurement Information System (PROMIS)- Pediatric Anxiety - Short Form 8a score as measured by the post-operative survey.",
                "SecondaryOutcomeDescription":"This measure is 8 items each scored from 1 to 5 points, with the lowest possible raw score being 8 and the highest possible raw score being 40. Higher scores indicate greater anxiety,",
                "SecondaryOutcomeTimeFrame":"Day 14"
              },{
                "SecondaryOutcomeMeasure":"Patient-Reported Outcomes Measurement Information System (PROMIS)- Sleep Disturbance - Short Form 8a score as measured by the post-operative survey.",
                "SecondaryOutcomeDescription":"This measure is 8 items each scored from 1 to 5 points, with the lowest possible raw score being 8 and the highest possible raw score being 40. Higher scores indicate greater sleep disturbance, i.e. worse sleep.",
                "SecondaryOutcomeTimeFrame":"Day 14"
              },{
                "SecondaryOutcomeMeasure":"Proportion of patients who saw their primary care doctor (or a colleague) in the office due to pain at least once during the two weeks after surgery as measured by the post-operative survey.",
                "SecondaryOutcomeTimeFrame":"Day 14"
              },{
                "SecondaryOutcomeMeasure":"Proportion of patients who visited a retail clinic due to pain at least once during the two weeks after surgery as measured by the post-operative survey.",
                "SecondaryOutcomeTimeFrame":"Day 14"
              },{
                "SecondaryOutcomeMeasure":"Proportion of patients who visited an urgent care center due to pain at least once during the two weeks after surgery as measured by the post-operative survey.",
                "SecondaryOutcomeTimeFrame":"Day 14"
              },{
                "SecondaryOutcomeMeasure":"Proportion of patients who visited an emergency department and/or were hospitalized due to poorly controlled pain at least once during the two weeks after surgery as measured by the post-operative survey.",
                "SecondaryOutcomeTimeFrame":"Day 14"
              }
            ]
          }
        },
        "EligibilityModule":{
          "EligibilityCriteria":"Inclusion Criteria:\n\nAdolescents and young adults aged 12-25 years undergoing tonsillectomy at C.S. Mott Hospital, University Hospital, Brighton Center for Specialty Care, or Livonia Center for Specialty Care.\nSurgeon belongs to the Department of Otolaryngology at the University of Michigan Medical School\n\nExclusion Criteria:\n\nPatients with prescription opioid use prior to surgery\nPatients undergoing additional procedures at the same time as tonsillectomy (other than minor procedures such as tympanostomy tube placement)\nPatients enrolled in another study\nPatients who are not prescribed opioids post-operatively at discharge\nPatients who are enrolled in the Michigan Pain-control Optimization Pathway (M-POP), which includes education about pain management and a small initial opioid prescription (10 doses)\nPatients with hospitalization with length of stay > 1 day after surgery\nPatients who do not give consent (cannot reach them to enroll, decline to enroll, or non-English speaking)\nAdditional exclusion criteria for secondary analysis: Patients who do not complete the baseline and post-operative day 14 surveys",
          "HealthyVolunteers":"No",
          "Gender":"All",
          "MinimumAge":"12 Years",
          "MaximumAge":"25 Years",
          "StdAgeList":{
            "StdAge":[
              "Child",
              "Adult"
            ]
          }
        },
        "ContactsLocationsModule":{
          "CentralContactList":{
            "CentralContact":[
              {
                "CentralContactName":"Study Coordinator",
                "CentralContactRole":"Contact",
                "CentralContactPhone":"734-232-0234",
                "CentralContactEMail":"OPATstudy@med.umich.edu"
              }
            ]
          },
          "OverallOfficialList":{
            "OverallOfficial":[
              {
                "OverallOfficialName":"Kao-Ping Chua",
                "OverallOfficialAffiliation":"University of Michigan",
                "OverallOfficialRole":"Principal Investigator"
              }
            ]
          },
          "LocationList":{
            "Location":[
              {
                "LocationFacility":"The University of Michigan",
                "LocationStatus":"Recruiting",
                "LocationCity":"Ann Arbor",
                "LocationState":"Michigan",
                "LocationZip":"48109",
                "LocationCountry":"United States",
                "LocationContactList":{
                  "LocationContact":[
                    {
                      "LocationContactName":"Study Coordinator",
                      "LocationContactRole":"Contact",
                      "LocationContactPhone":"734-232-0234",
                      "LocationContactEMail":"OPATstudy@med.umich.edu"
                    },{
                      "LocationContactName":"Kao-Ping Chua, MD, PhD",
                      "LocationContactRole":"Principal Investigator"
                    }
                  ]
                }
              }
            ]
          }
        },
        "IPDSharingStatementModule":{
          "IPDSharing":"No"
        }
      },
      "DocumentSection":{
        "LargeDocumentModule":{
          "LargeDocList":{
            "LargeDoc":[
              {
                "LargeDocTypeAbbrev":"Prot",
                "LargeDocHasProtocol":"Yes",
                "LargeDocHasSAP":"No",
                "LargeDocHasICF":"No",
                "LargeDocLabel":"Study Protocol",
                "LargeDocDate":"September 28, 2020",
                "LargeDocUploadDate":"09/30/2020 10:48",
                "LargeDocFilename":"Prot_000.pdf"
              }
            ]
          }
        }
      },
      "DerivedSection":{
        "MiscInfoModule":{
          "VersionHolder":"April 19, 2021"
        },
        "InterventionBrowseModule":{
          "InterventionBrowseLeafList":{
            "InterventionBrowseLeaf":[
              {
                "InterventionBrowseLeafId":"M2614",
                "InterventionBrowseLeafName":"Analgesics, Opioid",
                "InterventionBrowseLeafRelevance":"low"
              }
            ]
          },
          "InterventionBrowseBranchList":{
            "InterventionBrowseBranch":[
              {
                "InterventionBrowseBranchAbbrev":"Analg",
                "InterventionBrowseBranchName":"Analgesics"
              },{
                "InterventionBrowseBranchAbbrev":"CNSDep",
                "InterventionBrowseBranchName":"Central Nervous System Depressants"
              },{
                "InterventionBrowseBranchAbbrev":"All",
                "InterventionBrowseBranchName":"All Drugs and Chemicals"
              }
            ]
          }
        }
      }
    }
  }
}

