{
  "FullStudy":{
    "Rank":60216,
    "Study":{
      "ProtocolSection":{
        "IdentificationModule":{
          "NCTId":"NCT04065945",
          "OrgStudyIdInfo":{
            "OrgStudyId":"2018YFC1005003"
          },
          "Organization":{
            "OrgFullName":"Women's Hospital School Of Medicine Zhejiang University",
            "OrgClass":"OTHER"
          },
          "BriefTitle":"Epigenetic Safety of Assisted Reproductive Technology",
          "OfficialTitle":"Epigenetic Safety of Various Protocols in Assisted Reproductive Technology"
        },
        "StatusModule":{
          "StatusVerifiedDate":"August 2019",
          "OverallStatus":"Not yet recruiting",
          "ExpandedAccessInfo":{
            "HasExpandedAccess":"No"
          },
          "StartDateStruct":{
            "StartDate":"September 15, 2019",
            "StartDateType":"Anticipated"
          },
          "PrimaryCompletionDateStruct":{
            "PrimaryCompletionDate":"December 31, 2024",
            "PrimaryCompletionDateType":"Anticipated"
          },
          "CompletionDateStruct":{
            "CompletionDate":"December 31, 2024",
            "CompletionDateType":"Anticipated"
          },
          "StudyFirstSubmitDate":"August 12, 2019",
          "StudyFirstSubmitQCDate":"August 21, 2019",
          "StudyFirstPostDateStruct":{
            "StudyFirstPostDate":"August 22, 2019",
            "StudyFirstPostDateType":"Actual"
          },
          "LastUpdateSubmitDate":"August 21, 2019",
          "LastUpdatePostDateStruct":{
            "LastUpdatePostDate":"August 22, 2019",
            "LastUpdatePostDateType":"Actual"
          }
        },
        "SponsorCollaboratorsModule":{
          "ResponsibleParty":{
            "ResponsiblePartyType":"Principal Investigator",
            "ResponsiblePartyInvestigatorFullName":"Dan Zhang",
            "ResponsiblePartyInvestigatorTitle":"Principal Investigator",
            "ResponsiblePartyInvestigatorAffiliation":"Women's Hospital School Of Medicine Zhejiang University"
          },
          "LeadSponsor":{
            "LeadSponsorName":"Women's Hospital School Of Medicine Zhejiang University",
            "LeadSponsorClass":"OTHER"
          },
          "CollaboratorList":{
            "Collaborator":[
              {
                "CollaboratorName":"International Peace Maternity and Child Health Hospital",
                "CollaboratorClass":"OTHER"
              },{
                "CollaboratorName":"Changhai Hospital",
                "CollaboratorClass":"OTHER"
              }
            ]
          }
        },
        "OversightModule":{
          "OversightHasDMC":"Yes",
          "IsFDARegulatedDrug":"No",
          "IsFDARegulatedDevice":"No"
        },
        "DescriptionModule":{
          "BriefSummary":"The primary purpose of the study is to investigate the relationship between different protocols of assisted reproductive technology and the epigenetic safety of the offspring. Different interventions of assisted reproductive technology include controlled ovarian hyperstimulation (COH), in vitro embryo culture, in vitro fertilization(IVF), intracytoplasmic sperm injection(ICSI), frozen-thawed embryo transfer(FET), preimplantation genetic testing(PGT). The investigators are also interested in the relationship between pregnancy outcomes in ART or natural conception and environmental, nutritional and lifestyle factors."
        },
        "ConditionsModule":{
          "ConditionList":{
            "Condition":[
              "Infertility"
            ]
          }
        },
        "DesignModule":{
          "StudyType":"Observational",
          "PatientRegistry":"No",
          "DesignInfo":{
            "DesignObservationalModelList":{
              "DesignObservationalModel":[
                "Cohort"
              ]
            },
            "DesignTimePerspectiveList":{
              "DesignTimePerspective":[
                "Prospective"
              ]
            }
          },
          "BioSpec":{
            "BioSpecRetention":"Samples With DNA",
            "BioSpecDescription":"Whole blood, urine, granulosa cells, follicular fluid , sperm and semen ,abandoned egg or embryo,villi, decidua, placenta, amniotic fluid, umbilical cord blood, and buccal swabs of the offspring."
          },
          "EnrollmentInfo":{
            "EnrollmentCount":"15000",
            "EnrollmentType":"Anticipated"
          }
        },
        "ArmsInterventionsModule":{
          "ArmGroupList":{
            "ArmGroup":[
              {
                "ArmGroupLabel":"Couples undergoing ART treatment",
                "ArmGroupDescription":"Couples in reproductive age undergoing ART treatment in Women's Hospital School of Medicine Zhejiang University, The International Peace Maternity & Child Health Hospital, and Changhai Hospital of Shanghai.",
                "ArmGroupInterventionList":{
                  "ArmGroupInterventionName":[
                    "Other: Completion questionnaires/providing biological samples"
                  ]
                }
              },{
                "ArmGroupLabel":"Couples getting pregnant naturally",
                "ArmGroupDescription":"Couples who get pregnant naturally and want to deliver the babies in Women's Hospital School of Medicine Zhejiang University, The International Peace Maternity & Child Health Hospital, and Changhai Hospital of Shanghai.",
                "ArmGroupInterventionList":{
                  "ArmGroupInterventionName":[
                    "Other: Completion questionnaires/providing biological samples"
                  ]
                }
              }
            ]
          },
          "InterventionList":{
            "Intervention":[
              {
                "InterventionType":"Other",
                "InterventionName":"Completion questionnaires/providing biological samples",
                "InterventionDescription":"Participant completes baseline interview at enrollment, then completes questionnaires and provides biological samples at each scheduled study visit.",
                "InterventionArmGroupLabelList":{
                  "InterventionArmGroupLabel":[
                    "Couples getting pregnant naturally",
                    "Couples undergoing ART treatment"
                  ]
                }
              }
            ]
          }
        },
        "OutcomesModule":{
          "PrimaryOutcomeList":{
            "PrimaryOutcome":[
              {
                "PrimaryOutcomeMeasure":"live birth rate",
                "PrimaryOutcomeDescription":"Number of women with live births / number of women randomized to the specific group.Live birth is defined as the delivery of any viable infant at 28 weeks or more of gestation after our interventions.",
                "PrimaryOutcomeTimeFrame":"1 day after delivery"
              },{
                "PrimaryOutcomeMeasure":"birth weight",
                "PrimaryOutcomeDescription":"Weight of newborns at delivery.",
                "PrimaryOutcomeTimeFrame":"1 day after delivery"
              },{
                "PrimaryOutcomeMeasure":"implantation rate",
                "PrimaryOutcomeDescription":"Implantation rate was defined as the percentage of fetal heart beat among total transferred embryos at 12 weeks' gestational age.",
                "PrimaryOutcomeTimeFrame":"11-12 weeks after embryo transfer"
              },{
                "PrimaryOutcomeMeasure":"clinical pregnancy rate",
                "PrimaryOutcomeDescription":"Clinical pregnancy was defined as an observation of gestational sac via ultrasonography.",
                "PrimaryOutcomeTimeFrame":"6 weeks after embryo transfer"
              },{
                "PrimaryOutcomeMeasure":"congenital anomalies rate",
                "PrimaryOutcomeDescription":"Congenital anomaly included deformity and development abnormality of any organs or systems.",
                "PrimaryOutcomeTimeFrame":"1 day after delivery"
              },{
                "PrimaryOutcomeMeasure":"weight",
                "PrimaryOutcomeDescription":"the weight of offspring",
                "PrimaryOutcomeTimeFrame":"Change from the date of delivery up to 4 years after delivery"
              },{
                "PrimaryOutcomeMeasure":"height",
                "PrimaryOutcomeDescription":"the height of offspring",
                "PrimaryOutcomeTimeFrame":"Change from the date of delivery up to 4 years after delivery"
              },{
                "PrimaryOutcomeMeasure":"Incidence of mental diseases and metabolic dysfunction",
                "PrimaryOutcomeTimeFrame":"4 years after delivery"
              }
            ]
          },
          "SecondaryOutcomeList":{
            "SecondaryOutcome":[
              {
                "SecondaryOutcomeMeasure":"biochemical pregnancy rate",
                "SecondaryOutcomeDescription":"Biochemical pregnancy is defined as numbers of women with an elevated serum β-hCG level of more than 10 mIU/ml.",
                "SecondaryOutcomeTimeFrame":"2 weeks after embryo transfer"
              },{
                "SecondaryOutcomeMeasure":"pregnancy loss rate",
                "SecondaryOutcomeDescription":"Pregnancy loss is defined as any reason that resulted in failure of an embryo to develop, embryonic or fetal death, or spontaneous expulsion of a pregnancy.",
                "SecondaryOutcomeTimeFrame":"28 gestational weeks in maximum"
              },{
                "SecondaryOutcomeMeasure":"ectopic pregnancy rate",
                "SecondaryOutcomeDescription":"Ectopic pregnancy is defined as an embryo implanted outside the uterine.",
                "SecondaryOutcomeTimeFrame":"12 gestational weeks in maximum"
              },{
                "SecondaryOutcomeMeasure":"preterm birth rate",
                "SecondaryOutcomeDescription":"preterm birth is defined as gestational weeks between 28 to 37.",
                "SecondaryOutcomeTimeFrame":"28 gestational weeks to 37 gestational weeks"
              },{
                "SecondaryOutcomeMeasure":"Incidence of moderate to severe ovarian hyperstimulation syndrome(OHSS)",
                "SecondaryOutcomeDescription":"Number of cycles of moderate to severe OHSS/total number of fresh stimulation cycle.",
                "SecondaryOutcomeTimeFrame":"3 months after controlled ovarian hyperstimulation"
              },{
                "SecondaryOutcomeMeasure":"neonatal complication rate",
                "SecondaryOutcomeDescription":"Neonatal complication includes neonatal respiratory disorders, neonatal cerebral palsy, neonatal encephalopathy and other disease that should been sent into neonatal ICU.",
                "SecondaryOutcomeTimeFrame":"1 day after delivery"
              }
            ]
          }
        },
        "EligibilityModule":{
          "EligibilityCriteria":"Inclusion Criteria:\n\nCouples undergoing treatment for infertility or getting pregnant naturally and wanting to deliver their babies in Women's Hospital School of Medicine Zhejiang University, The International Peace Maternity & Child Health Hospital, and Changhai Hospital of Shanghai.\nMen 22-55 years old\nWomen 20 - 45 years old\n\nExclusion Criteria:\n\nAny individual or couple who is outside of age range .\nAny couple who don't plan to complete their pregnancy check-up or deliver their babies in Women's Hospital School of Medicine Zhejiang University, The International Peace Maternity & Child Health Hospital, or Changhai Hospital of Shanghai.",
          "HealthyVolunteers":"Accepts Healthy Volunteers",
          "Gender":"All",
          "MinimumAge":"20 Years",
          "MaximumAge":"55 Years",
          "StdAgeList":{
            "StdAge":[
              "Adult"
            ]
          },
          "StudyPopulation":"Study subjects will be recruited from couples seeking treatment of infertility or getting pregnant naturally and wanting to deliver their babies at the Women's Hospital School of Medicine Zhejiang University. Men must be at least 22 years old and women must be at least 20 years to participate in the study.",
          "SamplingMethod":"Non-Probability Sample"
        },
        "ContactsLocationsModule":{
          "CentralContactList":{
            "CentralContact":[
              {
                "CentralContactName":"Dan Zhang, M.D, Ph.D",
                "CentralContactRole":"Contact",
                "CentralContactPhone":"86-571-87061501-1008",
                "CentralContactEMail":"zhangdan@zju.edu.cn"
              }
            ]
          },
          "OverallOfficialList":{
            "OverallOfficial":[
              {
                "OverallOfficialName":"Dan Zhang, M.D, Ph.D",
                "OverallOfficialAffiliation":"Women's Hospital School Of Medicine Zhejiang University",
                "OverallOfficialRole":"Principal Investigator"
              }
            ]
          },
          "LocationList":{
            "Location":[
              {
                "LocationFacility":"Women's Hospital School of Medicine Zhejiang University",
                "LocationCity":"Hangzhou",
                "LocationState":"Zhejiang",
                "LocationCountry":"China",
                "LocationContactList":{
                  "LocationContact":[
                    {
                      "LocationContactName":"Dan Zhang, M.D., Ph.D",
                      "LocationContactRole":"Contact",
                      "LocationContactPhone":"86-571-87061501-1008",
                      "LocationContactEMail":"zhangdan@zju.edu.cn"
                    }
                  ]
                }
              }
            ]
          }
        },
        "IPDSharingStatementModule":{
          "IPDSharing":"Undecided"
        }
      },
      "DerivedSection":{
        "MiscInfoModule":{
          "VersionHolder":"April 19, 2021"
        },
        "ConditionBrowseModule":{
          "ConditionMeshList":{
            "ConditionMesh":[
              {
                "ConditionMeshId":"D000007246",
                "ConditionMeshTerm":"Infertility"
              }
            ]
          },
          "ConditionBrowseLeafList":{
            "ConditionBrowseLeaf":[
              {
                "ConditionBrowseLeafId":"M8873",
                "ConditionBrowseLeafName":"Infertility",
                "ConditionBrowseLeafAsFound":"Infertility",
                "ConditionBrowseLeafRelevance":"high"
              }
            ]
          },
          "ConditionBrowseBranchList":{
            "ConditionBrowseBranch":[
              {
                "ConditionBrowseBranchAbbrev":"BXS",
                "ConditionBrowseBranchName":"Urinary Tract, Sexual Organs, and Pregnancy Conditions"
              },{
                "ConditionBrowseBranchAbbrev":"All",
                "ConditionBrowseBranchName":"All Conditions"
              }
            ]
          }
        }
      }
    }
  }
}

