{
  "FullStudy":{
    "Rank":60424,
    "Study":{
      "ProtocolSection":{
        "IdentificationModule":{
          "NCTId":"NCT04063215",
          "OrgStudyIdInfo":{
            "OrgStudyId":"HBTBI01"
          },
          "Organization":{
            "OrgFullName":"Hope Biosciences",
            "OrgClass":"INDUSTRY"
          },
          "BriefTitle":"A Clinical Trial to Determine the Safety and Efficacy of Hope Biosciences Autologous Mesenchymal Stem Cell Therapy for the Treatment of Traumatic Brain Injury and Hypoxic-Ischemic Encephalopathy",
          "OfficialTitle":"A Clinical Trial to Determine the Safety and Efficacy of Hope Biosciences Autologous Mesenchymal Stem Cell Therapy for the Treatment of Traumatic Brain Injury and Hypoxic-Ischemic Encephalopathy"
        },
        "StatusModule":{
          "StatusVerifiedDate":"February 2021",
          "OverallStatus":"Recruiting",
          "StartDateStruct":{
            "StartDate":"January 1, 2020",
            "StartDateType":"Actual"
          },
          "PrimaryCompletionDateStruct":{
            "PrimaryCompletionDate":"August 29, 2021",
            "PrimaryCompletionDateType":"Anticipated"
          },
          "CompletionDateStruct":{
            "CompletionDate":"August 29, 2021",
            "CompletionDateType":"Anticipated"
          },
          "StudyFirstSubmitDate":"August 13, 2019",
          "StudyFirstSubmitQCDate":"August 17, 2019",
          "StudyFirstPostDateStruct":{
            "StudyFirstPostDate":"August 21, 2019",
            "StudyFirstPostDateType":"Actual"
          },
          "LastUpdateSubmitDate":"March 24, 2021",
          "LastUpdatePostDateStruct":{
            "LastUpdatePostDate":"March 25, 2021",
            "LastUpdatePostDateType":"Actual"
          }
        },
        "SponsorCollaboratorsModule":{
          "ResponsibleParty":{
            "ResponsiblePartyType":"Sponsor"
          },
          "LeadSponsor":{
            "LeadSponsorName":"Hope Biosciences",
            "LeadSponsorClass":"INDUSTRY"
          },
          "CollaboratorList":{
            "Collaborator":[
              {
                "CollaboratorName":"The University of Texas Health Science Center, Houston",
                "CollaboratorClass":"OTHER"
              }
            ]
          }
        },
        "OversightModule":{
          "OversightHasDMC":"Yes",
          "IsFDARegulatedDrug":"Yes",
          "IsFDARegulatedDevice":"No"
        },
        "DescriptionModule":{
          "BriefSummary":"This study aims to determine the safety of HB-adMSC infusion and treatment effects of HB-adMSC infusion on brain structure, neurocognitive/functional outcomes, and neuroinflammation after subacute and chronic neurological injury in adults.",
          "DetailedDescription":"This study aims to determine the safety of HB-adMSC infusion and treatment effects of HB-adMSC infusion on global gray and/or white matter, as well as structural integrity of GM and WM regions of interest in the corpus callous and corticospinal tracts as measured by fractional anisotropy (FA) and mean diffusivity (MD) in specific regions known to correlate with specific neurocognitive deficits in patients after neurological injury."
        },
        "ConditionsModule":{
          "ConditionList":{
            "Condition":[
              "Traumatic Brain Injury"
            ]
          },
          "KeywordList":{
            "Keyword":[
              "severe",
              "hypoxic-ischemic encephalopathy",
              "stroke",
              "intracranial hemorrhage",
              "cerebral palsy",
              "chronic",
              "neurological injury"
            ]
          }
        },
        "DesignModule":{
          "StudyType":"Interventional",
          "PhaseList":{
            "Phase":[
              "Phase 1",
              "Phase 2"
            ]
          },
          "DesignInfo":{
            "DesignAllocation":"N/A",
            "DesignInterventionModel":"Single Group Assignment",
            "DesignInterventionModelDescription":"Single arm, non-randomized study to determine safety and treatment effect of three infusions of HB-adMSC (2 x 10^8 total cells per dose) in adult patients with sub-acute or chronic neurological injury",
            "DesignPrimaryPurpose":"Treatment",
            "DesignMaskingInfo":{
              "DesignMasking":"None (Open Label)"
            }
          },
          "EnrollmentInfo":{
            "EnrollmentCount":"24",
            "EnrollmentType":"Anticipated"
          }
        },
        "ArmsInterventionsModule":{
          "ArmGroupList":{
            "ArmGroup":[
              {
                "ArmGroupLabel":"HB-adMSC",
                "ArmGroupType":"Experimental",
                "ArmGroupDescription":"HB-adMSCs will be infused three times over a six week period, spaced 14 days apart",
                "ArmGroupInterventionList":{
                  "ArmGroupInterventionName":[
                    "Drug: HB-adMSCs"
                  ]
                }
              }
            ]
          },
          "InterventionList":{
            "Intervention":[
              {
                "InterventionType":"Drug",
                "InterventionName":"HB-adMSCs",
                "InterventionDescription":"Hope Biosciences autologous adipose-derived mesenchymal stem cells",
                "InterventionArmGroupLabelList":{
                  "InterventionArmGroupLabel":[
                    "HB-adMSC"
                  ]
                }
              }
            ]
          }
        },
        "OutcomesModule":{
          "PrimaryOutcomeList":{
            "PrimaryOutcome":[
              {
                "PrimaryOutcomeMeasure":"Glucose",
                "PrimaryOutcomeDescription":"clinical lab evaluation of level of glucose in the blood (mg/dL)",
                "PrimaryOutcomeTimeFrame":"Screening (visit 1),change from screening at visit 3, change from screening at visit 4, change from screening at visit 5, change from screening at 6 months post-infusion (visit 6), change from screening at 1 year post-infusion (visit 7)"
              },{
                "PrimaryOutcomeMeasure":"Calcium",
                "PrimaryOutcomeDescription":"clinical lab evaluation of level of calcium in the blood (mg/dL)",
                "PrimaryOutcomeTimeFrame":"Screening (visit 1),change from screening at visit 3, change from screening at visit 4, change from screening at visit 5, change from screening at 6 months post-infusion (visit 6), change from screening at 1 year post-infusion (visit 7)"
              },{
                "PrimaryOutcomeMeasure":"Albumin",
                "PrimaryOutcomeDescription":"clinical lab evaluation of level of albumin in the blood (g/dL)",
                "PrimaryOutcomeTimeFrame":"Screening (visit 1),change from screening at visit 3, change from screening at visit 4, change from screening at visit 5, change from screening at 6 months post-infusion (visit 6), change from screening at 1 year post-infusion (visit 7)"
              },{
                "PrimaryOutcomeMeasure":"Total Protein",
                "PrimaryOutcomeDescription":"clinical lab evaluation of total protein in the blood (g/dL)",
                "PrimaryOutcomeTimeFrame":"Screening (visit 1),change from screening at visit 3, change from screening at visit 4, change from screening at visit 5, change from screening at 6 months post-infusion (visit 6), change from screening at 1 year post-infusion (visit 7)"
              },{
                "PrimaryOutcomeMeasure":"Sodium",
                "PrimaryOutcomeDescription":"clinical lab evaluation of total sodium in the blood (mmol/L)",
                "PrimaryOutcomeTimeFrame":"Screening (visit 1),change from screening at visit 3, change from screening at visit 4, change from screening at visit 5, change from screening at 6 months post-infusion (visit 6), change from screening at 1 year post-infusion (visit 7)"
              },{
                "PrimaryOutcomeMeasure":"Total carbon dioxide",
                "PrimaryOutcomeDescription":"clinical lab evaluation of total carbon dioxide in the blood (mmol/L)",
                "PrimaryOutcomeTimeFrame":"Screening (visit 1),change from screening at visit 3, change from screening at visit 4, change from screening at visit 5, change from screening at 6 months post-infusion (visit 6), change from screening at 1 year post-infusion (visit 7)"
              },{
                "PrimaryOutcomeMeasure":"Potassium",
                "PrimaryOutcomeDescription":"clinical lab evaluation of potassium in the blood (mmol/L)",
                "PrimaryOutcomeTimeFrame":"Screening (visit 1),change from screening at visit 3, change from screening at visit 4, change from screening at visit 5, change from screening at 6 months post-infusion (visit 6), change from screening at 1 year post-infusion (visit 7)"
              },{
                "PrimaryOutcomeMeasure":"Chloride",
                "PrimaryOutcomeDescription":"clinical lab evaluation of chloride in the blood (mmol/L)",
                "PrimaryOutcomeTimeFrame":"Screening (visit 1),change from screening at visit 3, change from screening at visit 4, change from screening at visit 5, change from screening at 6 months post-infusion (visit 6), change from screening at 1 year post-infusion (visit 7)"
              },{
                "PrimaryOutcomeMeasure":"BUN",
                "PrimaryOutcomeDescription":"clinical evaluation of blood urea nitrogen (BUN) (mg/dL)",
                "PrimaryOutcomeTimeFrame":"Screening (visit 1),change from screening at visit 3, change from screening at visit 4, change from screening at visit 5, change from screening at 6 months post-infusion (visit 6), change from screening at 1 year post-infusion (visit 7)"
              },{
                "PrimaryOutcomeMeasure":"Creatinine",
                "PrimaryOutcomeDescription":"clinical evaluation of creatinine in blood (mg/dL)",
                "PrimaryOutcomeTimeFrame":"Screening (visit 1),change from screening at visit 3, change from screening at visit 4, change from screening at visit 5, change from screening at 6 months post-infusion (visit 6), change from screening at 1 year post-infusion (visit 7)"
              },{
                "PrimaryOutcomeMeasure":"Alkaline phosphatase",
                "PrimaryOutcomeDescription":"clinical evaluation of alkaline phosphatase (ALP) in blood (IU/L)",
                "PrimaryOutcomeTimeFrame":"Screening (visit 1),change from screening at visit 3, change from screening at visit 4, change from screening at visit 5, change from screening at 6 months post-infusion (visit 6), change from screening at 1 year post-infusion (visit 7)"
              },{
                "PrimaryOutcomeMeasure":"Alanine aminotransferase",
                "PrimaryOutcomeDescription":"clinical evaluation of alanine aminotransferase (ALT) in blood (IU/L)",
                "PrimaryOutcomeTimeFrame":"Screening (visit 1),change from screening at visit 3, change from screening at visit 4, change from screening at visit 5, change from screening at 6 months post-infusion (visit 6), change from screening at 1 year post-infusion (visit 7)"
              },{
                "PrimaryOutcomeMeasure":"Aspartate aminotransferase",
                "PrimaryOutcomeDescription":"clinical evaluation of aspartate aminotransferase (AST) in blood (IU/L)",
                "PrimaryOutcomeTimeFrame":"Screening (visit 1),change from screening at visit 3, change from screening at visit 4, change from screening at visit 5, change from screening at 6 months post-infusion (visit 6), change from screening at 1 year post-infusion (visit 7)"
              },{
                "PrimaryOutcomeMeasure":"Total Bilirubin",
                "PrimaryOutcomeDescription":"clinical evaluation of total bilirubin in blood (mg/dL)",
                "PrimaryOutcomeTimeFrame":"Screening (visit 1),change from screening at visit 3, change from screening at visit 4, change from screening at visit 5, change from screening at 6 months post-infusion (visit 6), change from screening at 1 year post-infusion (visit 7)"
              },{
                "PrimaryOutcomeMeasure":"White blood cell",
                "PrimaryOutcomeDescription":"clinical evaluation of white blood cells (WBC) in blood (x 10^3/uL)",
                "PrimaryOutcomeTimeFrame":"Screening (visit 1),change from screening at visit 3, change from screening at visit 4, change from screening at visit 5, change from screening at 6 months post-infusion (visit 6), change from screening at 1 year post-infusion (visit 7)"
              },{
                "PrimaryOutcomeMeasure":"Red blood cell",
                "PrimaryOutcomeDescription":"clinical evaluation of red blood cells (RBC) in blood (x 10^6/uL)",
                "PrimaryOutcomeTimeFrame":"Screening (visit 1),change from screening at visit 3, change from screening at visit 4, change from screening at visit 5, change from screening at 6 months post-infusion (visit 6), change from screening at 1 year post-infusion (visit 7)"
              },{
                "PrimaryOutcomeMeasure":"Hemoglobin",
                "PrimaryOutcomeDescription":"clinical evaluation of hemoglobin in blood (g/dL)",
                "PrimaryOutcomeTimeFrame":"Screening (visit 1),change from screening at visit 3, change from screening at visit 4, change from screening at visit 5, change from screening at 6 months post-infusion (visit 6), change from screening at 1 year post-infusion (visit 7)"
              },{
                "PrimaryOutcomeMeasure":"Hematocrit",
                "PrimaryOutcomeDescription":"clinical evaluation of hematocrit in blood (%)",
                "PrimaryOutcomeTimeFrame":"Screening (visit 1),change from screening at visit 3, change from screening at visit 4, change from screening at visit 5, change from screening at 6 months post-infusion (visit 6), change from screening at 1 year post-infusion (visit 7)"
              },{
                "PrimaryOutcomeMeasure":"Mean corpuscular volume",
                "PrimaryOutcomeDescription":"clinical evaluation of mean corpuscular volume (MCV) in blood (fL)",
                "PrimaryOutcomeTimeFrame":"Screening (visit 1),change from screening at visit 3, change from screening at visit 4, change from screening at visit 5, change from screening at 6 months post-infusion (visit 6), change from screening at 1 year post-infusion (visit 7)"
              },{
                "PrimaryOutcomeMeasure":"Mean corpuscular hemoglobin",
                "PrimaryOutcomeDescription":"clinical evaluation of mean corpuscular hemoglobin (MCH) in blood (pg)",
                "PrimaryOutcomeTimeFrame":"Screening (visit 1),change from screening at visit 3, change from screening at visit 4, change from screening at visit 5, change from screening at 6 months post-infusion (visit 6), change from screening at 1 year post-infusion (visit 7)"
              },{
                "PrimaryOutcomeMeasure":"Mean corpuscular hemoglobin concentration",
                "PrimaryOutcomeDescription":"clinical evaluation of mean corpuscular hemoglobin concentration (MCHC) in blood (g/dL)",
                "PrimaryOutcomeTimeFrame":"Screening (visit 1),change from screening at visit 3, change from screening at visit 4, change from screening at visit 5, change from screening at 6 months post-infusion (visit 6), change from screening at 1 year post-infusion (visit 7)"
              },{
                "PrimaryOutcomeMeasure":"Red cell distribution width",
                "PrimaryOutcomeDescription":"clinical evaluation of red cell distribution width (RDW) in blood (%)",
                "PrimaryOutcomeTimeFrame":"Screening (visit 1),change from screening at visit 3, change from screening at visit 4, change from screening at visit 5, change from screening at 6 months post-infusion (visit 6), change from screening at 1 year post-infusion (visit 7)"
              },{
                "PrimaryOutcomeMeasure":"Neutrophils",
                "PrimaryOutcomeDescription":"clinical evaluation of neutrophils in blood (%)",
                "PrimaryOutcomeTimeFrame":"Screening (visit 1),change from screening at visit 3, change from screening at visit 4, change from screening at visit 5, change from screening at 6 months post-infusion (visit 6), change from screening at 1 year post-infusion (visit 7)"
              },{
                "PrimaryOutcomeMeasure":"Lymphs",
                "PrimaryOutcomeDescription":"clinical evaluation of lymphocytes in blood (%)",
                "PrimaryOutcomeTimeFrame":"Screening (visit 1),change from screening at visit 3, change from screening at visit 4, change from screening at visit 5, change from screening at 6 months post-infusion (visit 6), change from screening at 1 year post-infusion (visit 7)"
              },{
                "PrimaryOutcomeMeasure":"Monocytes",
                "PrimaryOutcomeDescription":"clinical evaluation of monocytes in blood (%)",
                "PrimaryOutcomeTimeFrame":"Screening (visit 1),change from screening at visit 3, change from screening at visit 4, change from screening at visit 5, change from screening at 6 months post-infusion (visit 6), change from screening at 1 year post-infusion (visit 7)"
              },{
                "PrimaryOutcomeMeasure":"Eos",
                "PrimaryOutcomeDescription":"clinical evaluation of eosinophils in blood (%)",
                "PrimaryOutcomeTimeFrame":"Screening (visit 1),change from screening at visit 3, change from screening at visit 4, change from screening at visit 5, change from screening at 6 months post-infusion (visit 6), change from screening at 1 year post-infusion (visit 7)"
              },{
                "PrimaryOutcomeMeasure":"Basos",
                "PrimaryOutcomeDescription":"clinical evaluation of basophils in blood (%)",
                "PrimaryOutcomeTimeFrame":"Screening (visit 1),change from screening at visit 3, change from screening at visit 4, change from screening at visit 5, change from screening at 6 months post-infusion (visit 6), change from screening at 1 year post-infusion (visit 7)"
              },{
                "PrimaryOutcomeMeasure":"Absolute Neutrophils",
                "PrimaryOutcomeDescription":"clinical evaluation of absolute neutrophils in blood (x 10^3/uL)",
                "PrimaryOutcomeTimeFrame":"Screening (visit 1),change from screening at visit 3, change from screening at visit 4, change from screening at visit 5, change from screening at 6 months post-infusion (visit 6), change from screening at 1 year post-infusion (visit 7)"
              },{
                "PrimaryOutcomeMeasure":"Absolute Lymphs",
                "PrimaryOutcomeDescription":"clinical evaluation of absolute lymphocytes in blood (x 10^3/uL)",
                "PrimaryOutcomeTimeFrame":"Screening (visit 1),change from screening at visit 3, change from screening at visit 4, change from screening at visit 5, change from screening at 6 months post-infusion (visit 6), change from screening at 1 year post-infusion (visit 7)"
              },{
                "PrimaryOutcomeMeasure":"Absolute monocytes",
                "PrimaryOutcomeDescription":"clinical evaluation of absolute monocytes in blood (x 10^3/uL)",
                "PrimaryOutcomeTimeFrame":"Screening (visit 1),change from screening at visit 3, change from screening at visit 4, change from screening at visit 5, change from screening at 6 months post-infusion (visit 6), change from screening at 1 year post-infusion (visit 7)"
              },{
                "PrimaryOutcomeMeasure":"Absolute Eos",
                "PrimaryOutcomeDescription":"clinical evaluation of absolute eosinophils in blood (x 10^3/uL)",
                "PrimaryOutcomeTimeFrame":"Screening (visit 1),change from screening at visit 3, change from screening at visit 4, change from screening at visit 5, change from screening at 6 months post-infusion (visit 6), change from screening at 1 year post-infusion (visit 7)"
              },{
                "PrimaryOutcomeMeasure":"Absolute Basos",
                "PrimaryOutcomeDescription":"clinical evaluation of absolute basophils in blood (x 10^3/uL)",
                "PrimaryOutcomeTimeFrame":"Screening (visit 1),change from screening at visit 3, change from screening at visit 4, change from screening at visit 5, change from screening at 6 months post-infusion (visit 6), change from screening at 1 year post-infusion (visit 7)"
              },{
                "PrimaryOutcomeMeasure":"Immature Granulocytes",
                "PrimaryOutcomeDescription":"clinical evaluation of immature granulocytes in blood (%)",
                "PrimaryOutcomeTimeFrame":"Screening (visit 1),change from screening at visit 3, change from screening at visit 4, change from screening at visit 5, change from screening at 6 months post-infusion (visit 6), change from screening at 1 year post-infusion (visit 7)"
              },{
                "PrimaryOutcomeMeasure":"Absolute Immature Granulocytes",
                "PrimaryOutcomeDescription":"clinical evaluation of absolute immature granulocytes in blood (x 10^3/uL)",
                "PrimaryOutcomeTimeFrame":"Screening (visit 1),change from screening at visit 3, change from screening at visit 4, change from screening at visit 5, change from screening at 6 months post-infusion (visit 6), change from screening at 1 year post-infusion (visit 7)"
              },{
                "PrimaryOutcomeMeasure":"Platelets",
                "PrimaryOutcomeDescription":"clinical evaluation of platelets in blood (x 10^3/uL)",
                "PrimaryOutcomeTimeFrame":"Screening (visit 1),change from screening at visit 3, change from screening at visit 4, change from screening at visit 5, change from screening at 6 months post-infusion (visit 6), change from screening at 1 year post-infusion (visit 7)"
              },{
                "PrimaryOutcomeMeasure":"Prothrombin Time",
                "PrimaryOutcomeDescription":"clinical evaluation of time for blood to coagulate (seconds)",
                "PrimaryOutcomeTimeFrame":"Screening (visit 1),change from screening at visit 3, change from screening at visit 4, change from screening at visit 5, change from screening at 6 months post-infusion (visit 6), change from screening at 1 year post-infusion (visit 7)"
              },{
                "PrimaryOutcomeMeasure":"INR",
                "PrimaryOutcomeDescription":"clinical evaluation of international normalized ratio of blood coagulation (no unit)",
                "PrimaryOutcomeTimeFrame":"Screening (visit 1),change from screening at visit 3, change from screening at visit 4, change from screening at visit 5, change from screening at 6 months post-infusion (visit 6), change from screening at 1 year post-infusion (visit 7)"
              },{
                "PrimaryOutcomeMeasure":"Urine Pregnancy",
                "PrimaryOutcomeDescription":"clinical evaluation of human chorionic gonadotropin (hCG) in urine (positive/negative)",
                "PrimaryOutcomeTimeFrame":"Screening (visit 1),change from screening at visit 3, change from screening at visit 4, change from screening at visit 5, change from screening at 6 months post-infusion (visit 6), change from screening at 1 year post-infusion (visit 7)"
              }
            ]
          },
          "SecondaryOutcomeList":{
            "SecondaryOutcome":[
              {
                "SecondaryOutcomeMeasure":"Whole brain MRI",
                "SecondaryOutcomeDescription":"DTI to assess macro- and micro-structural properties",
                "SecondaryOutcomeTimeFrame":"Baseline, change from baseline at 6 months post-infusion"
              },{
                "SecondaryOutcomeMeasure":"PET/DT-MRI",
                "SecondaryOutcomeDescription":"[11C]ER-176 tracer/label to identify brain proteins associated with neuroinflammatory response regulation",
                "SecondaryOutcomeTimeFrame":"Baseline, change from baseline at 6 months post-infusion"
              },{
                "SecondaryOutcomeMeasure":"Glasgow Outcome Score",
                "SecondaryOutcomeDescription":"Dichotomized-Glasgow Outcomes Score (GOSE) to evaluate affect, functional outcome, and neuropsychological function",
                "SecondaryOutcomeTimeFrame":"Baseline, change from baseline at Imaging visit #2, change from baseline at 6 months post-infusion, change from baseline at 1 year post-infusion"
              },{
                "SecondaryOutcomeMeasure":"Galveston Orientation and Amnesia Test",
                "SecondaryOutcomeDescription":"Galveston Orientation and Amnesia Test (GOAT) evaluation of cognition",
                "SecondaryOutcomeTimeFrame":"Baseline, change from baseline at Imaging visit #2, change from baseline at 6 months post-infusion, change from baseline at 1 year post-infusion"
              },{
                "SecondaryOutcomeMeasure":"Rivermead Post-Concussion Symptoms Questionnaire",
                "SecondaryOutcomeDescription":"Rivermead Post-Concussion Symptoms Questionnaire (RPSQ) evaluation to identify presence and severity of concussive symptoms",
                "SecondaryOutcomeTimeFrame":"Baseline, change from baseline at Imaging visit #2, change from baseline at 6 months post-infusion, change from baseline at 1 year post-infusion"
              },{
                "SecondaryOutcomeMeasure":"Automated Neuropsychological Assessment Metrics",
                "SecondaryOutcomeDescription":"Automated Neuropsychological Assessment Metrics (ANAM) evaluation of attention, concentration, reaction time, memory, processing speed, and decision-making",
                "SecondaryOutcomeTimeFrame":"Baseline, change from baseline at Imaging visit #2, change from baseline at 6 months post-infusion, change from baseline at 1 year post-infusion"
              },{
                "SecondaryOutcomeMeasure":"Verbal Selective Reminding Test",
                "SecondaryOutcomeDescription":"Verbal Selective Reminding Test (VSRT) to evaluate verbal learning and memory",
                "SecondaryOutcomeTimeFrame":"Baseline, change from baseline at Imaging visit #2, change from baseline at 6 months post-infusion, change from baseline at 1 year post-infusion"
              },{
                "SecondaryOutcomeMeasure":"Verbal Fluency Test",
                "SecondaryOutcomeDescription":"Verbal Fluency Test (VFT) to evaluate vocabulary size, lexical access speed, updating, and inhibition ability",
                "SecondaryOutcomeTimeFrame":"Baseline, change from baseline at Imaging visit #2, change from baseline at 6 months post-infusion, change from baseline at 1 year post-infusion"
              },{
                "SecondaryOutcomeMeasure":"Stroop",
                "SecondaryOutcomeDescription":"Stroop to evaluate selective attention and cognitive flexibility",
                "SecondaryOutcomeTimeFrame":"Baseline, change from baseline at Imaging visit #2, change from baseline at 6 months post-infusion, change from baseline at 1 year post-infusion"
              },{
                "SecondaryOutcomeMeasure":"Interleukin 1-alpha",
                "SecondaryOutcomeDescription":"measure IL-1α via a bead-based, flow cytometric ELISA for the cytokines",
                "SecondaryOutcomeTimeFrame":"Baseline, change from baseline at 6 months post-infusion, change from baseline 1 year post-infusion"
              },{
                "SecondaryOutcomeMeasure":"Interleukin 4",
                "SecondaryOutcomeDescription":"measure IL-4 via a bead-based, flow cytometric ELISA for the cytokines",
                "SecondaryOutcomeTimeFrame":"Baseline, change from baseline at 6 months post-infusion, change from baseline 1 year post-infusion"
              },{
                "SecondaryOutcomeMeasure":"Tumor necrosis factor alpha",
                "SecondaryOutcomeDescription":"measure TNFα via a bead-based, flow cytometric ELISA for the cytokines",
                "SecondaryOutcomeTimeFrame":"Baseline, change from baseline at 6 months post-infusion, change from baseline 1 year post-infusion"
              },{
                "SecondaryOutcomeMeasure":"Interleukin 6",
                "SecondaryOutcomeDescription":"measure IL-6 via a bead-based, flow cytometric ELISA for the cytokines",
                "SecondaryOutcomeTimeFrame":"Baseline, change from baseline at 6 months post-infusion, change from baseline 1 year post-infusion"
              },{
                "SecondaryOutcomeMeasure":"Interleukin 10",
                "SecondaryOutcomeDescription":"measure IL-10 via a bead-based, flow cytometric ELISA for the cytokines",
                "SecondaryOutcomeTimeFrame":"Baseline, change from baseline at 6 months post-infusion, change from baseline 1 year post-infusion"
              },{
                "SecondaryOutcomeMeasure":"Albumin",
                "SecondaryOutcomeDescription":"measure concentration of albumin via BCG immunochemical analysis",
                "SecondaryOutcomeTimeFrame":"Baseline, change from baseline at 6 months post-infusion, change from baseline 1 year post-infusion"
              }
            ]
          }
        },
        "EligibilityModule":{
          "EligibilityCriteria":"Inclusion Criteria:\n\nadults between 18 and 55 years of age\ndocumented head injury with functional neurological damage to the central nervous system unlikely to improve with present standard of care approaches\na Glasgow Outcome Scale-Extended (GOS-E) score > 2 and ≤ 6\nonset or diagnosis of the injury or disease process greater than 6 months\nability to obtain consent from the subject of their legally authorized representative (LAR)\nability to speak English or Spanish *required for validated neurocognitive outcome testing) -\n\nExclusion Criteria:\n\nknown history of:\n\na) intellectual deficiency or psychiatric conditions likely to invalidate our ability to assess changes in cognition or behavior, b) recently treated infection, c) renal disease or altered renal function (screening serum creatinine > 1.5 mg/dL), d) hepatic disease or altered liver function (screening SGPT > 150 U/L or T. Bilirubin >1.3 mg/dL), e) cancer, f) immunosuppression (screening WBC < 3, 000 cells/ml), g) HIV+, h) chemical or ETOH dependency that in the opinion of the investigator would preclude participation in the study, i) acute or chronic lung disease requiring significant medication, oxygen supplementation, or mechanical ventilation, j) bleeding disorders including immune-mediated heparin-induced thrombocytopenia, k) known sensitivity to heparin, Lovenox, and pork products, l) individuals with mechanical prosthetic heart valves.\n\nNormal brain CT/MRI exam\nSpinal deformity, spinal surgery (including repeated epidural or spinal punctures), or spinal cord injury diagnosed by CT/MR or clinical exam\ndiagnosed with a genetic or metabolic disorder related to the neurologic condition\nother acute or chronic medical conditions that, in the opinion of the investigator, may increase the risks associated with study participation\nfor women of child bearing potential, a positive pregnancy test at the screening visit, or, for both women and men, unwillingness to comply with acceptable methods of birth control during the study\nparticipation in a concurrent interventional study\ninability to undergo the diagnostic tests (PET/DT-MRI) or unwilling/unable to cooperate with the diagnostic tests and outcome assessments\nunwilling or unable to return for follow-up study visits -",
          "HealthyVolunteers":"No",
          "Gender":"All",
          "MinimumAge":"18 Years",
          "MaximumAge":"55 Years",
          "StdAgeList":{
            "StdAge":[
              "Adult"
            ]
          }
        },
        "ContactsLocationsModule":{
          "CentralContactList":{
            "CentralContact":[
              {
                "CentralContactName":"Steven Kosmach, MSN",
                "CentralContactRole":"Contact",
                "CentralContactPhone":"713-500-7329",
                "CentralContactEMail":"steven.kosmach@uth.tmc.edu"
              },{
                "CentralContactName":"Joiya Arrington, MSN",
                "CentralContactRole":"Contact",
                "CentralContactPhone":"713-500-7395",
                "CentralContactEMail":"joiya.arrington@uth.tmc.edu"
              }
            ]
          },
          "OverallOfficialList":{
            "OverallOfficial":[
              {
                "OverallOfficialName":"Charles S Cox, MD",
                "OverallOfficialAffiliation":"The University of Texas Health Science Center, Houston",
                "OverallOfficialRole":"Principal Investigator"
              }
            ]
          },
          "LocationList":{
            "Location":[
              {
                "LocationFacility":"Memorial Hermann Hospital-Clinical Research Unit (MMH-CRU)",
                "LocationStatus":"Recruiting",
                "LocationCity":"Houston",
                "LocationState":"Texas",
                "LocationZip":"77030",
                "LocationCountry":"United States",
                "LocationContactList":{
                  "LocationContact":[
                    {
                      "LocationContactName":"Steven Kosmach, MSN",
                      "LocationContactRole":"Contact",
                      "LocationContactPhone":"713-500-7329",
                      "LocationContactEMail":"Steven.Kosmach@uth.tmc.edu"
                    },{
                      "LocationContactName":"Joiya Arrington, MSN",
                      "LocationContactRole":"Contact",
                      "LocationContactPhone":"(713) 500-7395",
                      "LocationContactEMail":"Joiya.Arrington@uth.tmc.edu"
                    },{
                      "LocationContactName":"Charles S Cox, MD",
                      "LocationContactRole":"Principal Investigator"
                    },{
                      "LocationContactName":"Sean S Savitz, MD",
                      "LocationContactRole":"Sub-Investigator"
                    },{
                      "LocationContactName":"Alan Prossin, MD",
                      "LocationContactRole":"Sub-Investigator"
                    },{
                      "LocationContactName":"Jennifer Juranek, PhD",
                      "LocationContactRole":"Sub-Investigator"
                    }
                  ]
                }
              }
            ]
          }
        }
      },
      "DerivedSection":{
        "MiscInfoModule":{
          "VersionHolder":"April 19, 2021"
        },
        "ConditionBrowseModule":{
          "ConditionMeshList":{
            "ConditionMesh":[
              {
                "ConditionMeshId":"D000001930",
                "ConditionMeshTerm":"Brain Injuries"
              },{
                "ConditionMeshId":"D000070642",
                "ConditionMeshTerm":"Brain Injuries, Traumatic"
              },{
                "ConditionMeshId":"D000001927",
                "ConditionMeshTerm":"Brain Diseases"
              },{
                "ConditionMeshId":"D000002545",
                "ConditionMeshTerm":"Brain Ischemia"
              },{
                "ConditionMeshId":"D000020925",
                "ConditionMeshTerm":"Hypoxia-Ischemia, Brain"
              },{
                "ConditionMeshId":"D000014947",
                "ConditionMeshTerm":"Wounds and Injuries"
              }
            ]
          },
          "ConditionAncestorList":{
            "ConditionAncestor":[
              {
                "ConditionAncestorId":"D000002493",
                "ConditionAncestorTerm":"Central Nervous System Diseases"
              },{
                "ConditionAncestorId":"D000009422",
                "ConditionAncestorTerm":"Nervous System Diseases"
              },{
                "ConditionAncestorId":"D000006259",
                "ConditionAncestorTerm":"Craniocerebral Trauma"
              },{
                "ConditionAncestorId":"D000020196",
                "ConditionAncestorTerm":"Trauma, Nervous System"
              },{
                "ConditionAncestorId":"D000002561",
                "ConditionAncestorTerm":"Cerebrovascular Disorders"
              },{
                "ConditionAncestorId":"D000014652",
                "ConditionAncestorTerm":"Vascular Diseases"
              },{
                "ConditionAncestorId":"D000002318",
                "ConditionAncestorTerm":"Cardiovascular Diseases"
              },{
                "ConditionAncestorId":"D000002534",
                "ConditionAncestorTerm":"Hypoxia, Brain"
              }
            ]
          },
          "ConditionBrowseLeafList":{
            "ConditionBrowseLeaf":[
              {
                "ConditionBrowseLeafId":"M4377",
                "ConditionBrowseLeafName":"Brain Ischemia",
                "ConditionBrowseLeafAsFound":"Ischemic Encephalopathy",
                "ConditionBrowseLeafRelevance":"high"
              },{
                "ConditionBrowseLeafId":"M8139",
                "ConditionBrowseLeafName":"Hemorrhage",
                "ConditionBrowseLeafRelevance":"low"
              },{
                "ConditionBrowseLeafId":"M9126",
                "ConditionBrowseLeafName":"Ischemia",
                "ConditionBrowseLeafRelevance":"low"
              },{
                "ConditionBrowseLeafId":"M3789",
                "ConditionBrowseLeafName":"Brain Injuries",
                "ConditionBrowseLeafAsFound":"Brain Injury",
                "ConditionBrowseLeafRelevance":"high"
              },{
                "ConditionBrowseLeafId":"M628",
                "ConditionBrowseLeafName":"Brain Injuries, Traumatic",
                "ConditionBrowseLeafAsFound":"Traumatic Brain Injury",
                "ConditionBrowseLeafRelevance":"high"
              },{
                "ConditionBrowseLeafId":"M20697",
                "ConditionBrowseLeafName":"Intracranial Hemorrhages",
                "ConditionBrowseLeafRelevance":"low"
              },{
                "ConditionBrowseLeafId":"M20890",
                "ConditionBrowseLeafName":"Stroke",
                "ConditionBrowseLeafRelevance":"low"
              },{
                "ConditionBrowseLeafId":"M2766",
                "ConditionBrowseLeafName":"Hypoxia",
                "ConditionBrowseLeafRelevance":"low"
              },{
                "ConditionBrowseLeafId":"M4379",
                "ConditionBrowseLeafName":"Cerebral Palsy",
                "ConditionBrowseLeafRelevance":"low"
              },{
                "ConditionBrowseLeafId":"M11740",
                "ConditionBrowseLeafName":"Paralysis",
                "ConditionBrowseLeafRelevance":"low"
              },{
                "ConditionBrowseLeafId":"M20607",
                "ConditionBrowseLeafName":"Trauma, Nervous System",
                "ConditionBrowseLeafRelevance":"low"
              },{
                "ConditionBrowseLeafId":"M3786",
                "ConditionBrowseLeafName":"Brain Diseases",
                "ConditionBrowseLeafAsFound":"Encephalopathy",
                "ConditionBrowseLeafRelevance":"high"
              },{
                "ConditionBrowseLeafId":"M21244",
                "ConditionBrowseLeafName":"Hypoxia-Ischemia, Brain",
                "ConditionBrowseLeafAsFound":"Hypoxic Ischemic Encephalopathy",
                "ConditionBrowseLeafRelevance":"high"
              },{
                "ConditionBrowseLeafId":"M16268",
                "ConditionBrowseLeafName":"Wounds and Injuries",
                "ConditionBrowseLeafAsFound":"Injury",
                "ConditionBrowseLeafRelevance":"high"
              },{
                "ConditionBrowseLeafId":"M4325",
                "ConditionBrowseLeafName":"Central Nervous System Diseases",
                "ConditionBrowseLeafRelevance":"low"
              },{
                "ConditionBrowseLeafId":"M7932",
                "ConditionBrowseLeafName":"Craniocerebral Trauma",
                "ConditionBrowseLeafRelevance":"low"
              },{
                "ConditionBrowseLeafId":"M4393",
                "ConditionBrowseLeafName":"Cerebrovascular Disorders",
                "ConditionBrowseLeafRelevance":"low"
              },{
                "ConditionBrowseLeafId":"M15983",
                "ConditionBrowseLeafName":"Vascular Diseases",
                "ConditionBrowseLeafRelevance":"low"
              },{
                "ConditionBrowseLeafId":"M4366",
                "ConditionBrowseLeafName":"Hypoxia, Brain",
                "ConditionBrowseLeafRelevance":"low"
              }
            ]
          },
          "ConditionBrowseBranchList":{
            "ConditionBrowseBranch":[
              {
                "ConditionBrowseBranchAbbrev":"BC10",
                "ConditionBrowseBranchName":"Nervous System Diseases"
              },{
                "ConditionBrowseBranchAbbrev":"BC14",
                "ConditionBrowseBranchName":"Heart and Blood Diseases"
              },{
                "ConditionBrowseBranchAbbrev":"All",
                "ConditionBrowseBranchName":"All Conditions"
              },{
                "ConditionBrowseBranchAbbrev":"BC23",
                "ConditionBrowseBranchName":"Symptoms and General Pathology"
              },{
                "ConditionBrowseBranchAbbrev":"BC26",
                "ConditionBrowseBranchName":"Wounds and Injuries"
              }
            ]
          }
        }
      }
    }
  }
}

