{
  "FullStudy":{
    "Rank":60279,
    "Study":{
      "ProtocolSection":{
        "IdentificationModule":{
          "NCTId":"NCT04065113",
          "OrgStudyIdInfo":{
            "OrgStudyId":"201905146"
          },
          "Organization":{
            "OrgFullName":"Washington University School of Medicine",
            "OrgClass":"OTHER"
          },
          "BriefTitle":"Middle Meningeal Artery Embolization for Chronic Subdural Hematoma",
          "OfficialTitle":"Middle Meningeal Artery (MMA) Embolization for Patients With Chronic Subdural Hematoma (cSDH)"
        },
        "StatusModule":{
          "StatusVerifiedDate":"September 2019",
          "OverallStatus":"Recruiting",
          "ExpandedAccessInfo":{
            "HasExpandedAccess":"No"
          },
          "StartDateStruct":{
            "StartDate":"September 19, 2019",
            "StartDateType":"Actual"
          },
          "PrimaryCompletionDateStruct":{
            "PrimaryCompletionDate":"August 18, 2021",
            "PrimaryCompletionDateType":"Anticipated"
          },
          "CompletionDateStruct":{
            "CompletionDate":"January 1, 2022",
            "CompletionDateType":"Anticipated"
          },
          "StudyFirstSubmitDate":"August 15, 2019",
          "StudyFirstSubmitQCDate":"August 21, 2019",
          "StudyFirstPostDateStruct":{
            "StudyFirstPostDate":"August 22, 2019",
            "StudyFirstPostDateType":"Actual"
          },
          "LastUpdateSubmitDate":"September 23, 2019",
          "LastUpdatePostDateStruct":{
            "LastUpdatePostDate":"September 24, 2019",
            "LastUpdatePostDateType":"Actual"
          }
        },
        "SponsorCollaboratorsModule":{
          "ResponsibleParty":{
            "ResponsiblePartyType":"Principal Investigator",
            "ResponsiblePartyInvestigatorFullName":"Osbun",
            "ResponsiblePartyInvestigatorTitle":"Assistant Professor, Neurosurgery",
            "ResponsiblePartyInvestigatorAffiliation":"Washington University School of Medicine"
          },
          "LeadSponsor":{
            "LeadSponsorName":"Washington University School of Medicine",
            "LeadSponsorClass":"OTHER"
          }
        },
        "OversightModule":{
          "OversightHasDMC":"No",
          "IsFDARegulatedDrug":"No",
          "IsFDARegulatedDevice":"Yes",
          "IsUSExport":"No"
        },
        "DescriptionModule":{
          "BriefSummary":"Endovascular middle meningeal artery (MMA) embolization is an emerging treatment for chronic subdural hematoma (cSDH). There is preliminary data to suggest that this minimally invasive therapy may be more efficacious and equally as safe compared to conventional, more invasive surgery. This study seeks to assess the safety and efficacy of middle meningeal artery embolization for chronic subdural hematoma as an adjunct to standard treatments, which include medical management and surgical evacuation.",
          "DetailedDescription":"This study seeks to assess the safety and efficacy of middle meningeal artery embolization for chronic subdural hematoma in addition to standard treatments, which include close observation and surgical evacuation. Middle meningeal artery embolization has emerged recently as a minimally invasive and successful method of preventing re-accumulation of subdural hematoma, particularly for patients that are not obvious surgical candidates or those with recurrent or refractory hematomas. The outcomes of these two groups of patients who undergo middle meningeal artery embolization will be compared to matched historical controls.\n\nMiddle meningeal artery embolization is a minimally invasive angiography procedure completed with use of fluoroscopy. Access is obtained through the femoral or radial artery and a catheter is advanced to the MMA. Polyvinyl alcohol particles are then injected to seal off this portion of the artery and prevent any further blood flow into the subdural hematoma. Hemostasis is obtained at the access site and the patient is observed for 24-48 hours on a neurological care unit before discharge.\n\nA head CT, NIHSS, and modified Rankin Score will be repeated on the following schedule: • Pre-Procedure\n\n24 hours post procedure\n7-10 days post procedure\n30 days post procedure\n90 days post procedure\n\nPatients with chronic subdural hematoma undergo CT scans and neurologic assessments on hospital admission, as well as follow up CT scans and neurologic assessments to assess for any change in neurologic status or hematoma size. This study utilizes a standard of care follow up schedule to avoid exposing participants to extra radiation. Participants will be followed for study related purposes for 90 days."
        },
        "ConditionsModule":{
          "ConditionList":{
            "Condition":[
              "Chronic Subdural Hematoma"
            ]
          }
        },
        "DesignModule":{
          "StudyType":"Interventional",
          "PhaseList":{
            "Phase":[
              "Not Applicable"
            ]
          },
          "DesignInfo":{
            "DesignAllocation":"Non-Randomized",
            "DesignInterventionModel":"Parallel Assignment",
            "DesignPrimaryPurpose":"Treatment",
            "DesignMaskingInfo":{
              "DesignMasking":"None (Open Label)"
            }
          },
          "EnrollmentInfo":{
            "EnrollmentCount":"600",
            "EnrollmentType":"Anticipated"
          }
        },
        "ArmsInterventionsModule":{
          "ArmGroupList":{
            "ArmGroup":[
              {
                "ArmGroupLabel":"Embolization Only",
                "ArmGroupType":"Experimental",
                "ArmGroupDescription":"Medically managed patient receives middle meningeal artery embolization",
                "ArmGroupInterventionList":{
                  "ArmGroupInterventionName":[
                    "Procedure: Middle Meningeal Artery Embolization with polyvinyl alcohol particles (PVA)"
                  ]
                }
              },{
                "ArmGroupLabel":"Embolization + Evacuation",
                "ArmGroupType":"Experimental",
                "ArmGroupDescription":"Participant receives standard of care evacuation and then undergoes MMA embolization",
                "ArmGroupInterventionList":{
                  "ArmGroupInterventionName":[
                    "Procedure: Middle Meningeal Artery Embolization with polyvinyl alcohol particles (PVA)",
                    "Procedure: Drainage of Subdural Hematoma"
                  ]
                }
              },{
                "ArmGroupLabel":"Medical Management",
                "ArmGroupType":"No Intervention",
                "ArmGroupDescription":"Historical control of medically managed patients"
              },{
                "ArmGroupLabel":"Surgical Patients",
                "ArmGroupType":"Active Comparator",
                "ArmGroupDescription":"Historical control of patients receiving standard surgery alone",
                "ArmGroupInterventionList":{
                  "ArmGroupInterventionName":[
                    "Procedure: Drainage of Subdural Hematoma"
                  ]
                }
              }
            ]
          },
          "InterventionList":{
            "Intervention":[
              {
                "InterventionType":"Procedure",
                "InterventionName":"Middle Meningeal Artery Embolization with polyvinyl alcohol particles (PVA)",
                "InterventionDescription":"Seal off blood supply to the middle meningeal artery to prevent growth of subdural hematoma",
                "InterventionArmGroupLabelList":{
                  "InterventionArmGroupLabel":[
                    "Embolization + Evacuation",
                    "Embolization Only"
                  ]
                },
                "InterventionOtherNameList":{
                  "InterventionOtherName":[
                    "MMA Embolization with polyvinyl alcohol (PVA) particles"
                  ]
                }
              },{
                "InterventionType":"Procedure",
                "InterventionName":"Drainage of Subdural Hematoma",
                "InterventionDescription":"Drainage of subdural hematoma via burrhole or craniotomy",
                "InterventionArmGroupLabelList":{
                  "InterventionArmGroupLabel":[
                    "Embolization + Evacuation",
                    "Surgical Patients"
                  ]
                },
                "InterventionOtherNameList":{
                  "InterventionOtherName":[
                    "Burr Hole Drainage",
                    "Craniotomy"
                  ]
                }
              }
            ]
          }
        },
        "OutcomesModule":{
          "PrimaryOutcomeList":{
            "PrimaryOutcome":[
              {
                "PrimaryOutcomeMeasure":"Number of patients with recurrent or refractory hematoma (Radiographic resolution)",
                "PrimaryOutcomeDescription":"The subdural hematoma persists or reoccurs",
                "PrimaryOutcomeTimeFrame":"A head CT will be repeated 24 hours after the procedure, 7-10 days, 30 days, and 90 days post procedure to measure any change in size of the SDH compared to pre-procedure size"
              },{
                "PrimaryOutcomeMeasure":"Number of patients requiring secondary evacuation surgery (Treatment Efficacy)",
                "PrimaryOutcomeDescription":"The participant requires a post-procedure (post-MMA embolization) evacuation of the subdural hematoma due to re-occurrence or persistence of hematoma and symptoms",
                "PrimaryOutcomeTimeFrame":"Evacuation surgery required within the 90 day follow up period"
              }
            ]
          },
          "SecondaryOutcomeList":{
            "SecondaryOutcome":[
              {
                "SecondaryOutcomeMeasure":"Procedure-related complication rate (Safety)",
                "SecondaryOutcomeDescription":"Complication rate of embolization procedure vs surgery",
                "SecondaryOutcomeTimeFrame":"Procedure-related complications will be compared between embolization and historical surgical patients assessed through study completion, 90 days"
              },{
                "SecondaryOutcomeMeasure":"Change in NIH Stroke Scale Score (Functional outcome)",
                "SecondaryOutcomeDescription":"Change in score on National Institutes of Health Stroke Scale. The NIH Stroke Scale is used to quantify neurologic impairments. It consists of 11 items each scored between 0 and 4 points. The maximum score is 42, indicating severe impairment, and the minimum score is 0.\n\nStroke severity 0 No stroke symptoms 1-4 Minor stroke 5-15 Moderate stroke 16-20 Moderate to severe stroke 21-42 Severe stroke",
                "SecondaryOutcomeTimeFrame":"Compared pre-procedure, 24 hours post-procedure, 7-10 days, 30 days, and 90 days post-procedure"
              },{
                "SecondaryOutcomeMeasure":"Change in modified Rankin Scale (Functional outcome)",
                "SecondaryOutcomeDescription":"Change in score on modified Rankin Scale\n\nThe modified Rankin Scale (mRS) measures the degree of disability or dependence after a stroke or other neurologic disease.\n\nThe scale runs from 0-6, with 0 indicating perfect health with no symptoms to 6 indicating death.\n\n0 - No symptoms.\n\n- No significant disability. Able to carry out all usual activities, despite some symptoms.\n- Slight disability. Able to look after own affairs without assistance, but unable to carry out all previous activities.\n- Moderate disability. Requires some help, but able to walk unassisted.\n- Moderately severe disability. Unable to attend to own bodily needs without assistance, and unable to walk unassisted.\n- Severe disability. Requires constant nursing care and attention, bedridden, incontinent.\n- Dead.",
                "SecondaryOutcomeTimeFrame":"Compared pre-procedure, 24 hours post-procedure, 7-10 days, 30 days, and 90 days post-procedure"
              },{
                "SecondaryOutcomeMeasure":"Change in size of subdural hematoma",
                "SecondaryOutcomeDescription":"CT scan measurements of size of subdural hematoma",
                "SecondaryOutcomeTimeFrame":"Compared pre-procedure, 24 hours post-procedure, 7-10 days, 30 days, and 90 days post-procedure"
              }
            ]
          }
        },
        "EligibilityModule":{
          "EligibilityCriteria":"Inclusion Criteria:\n\nPatients 18 years or older undergoing treatment for a new diagnosis of chronic subdural hematoma (cSDH) or\nPatients 18 year or older who have undergone surgical evacuation of a subdural hematoma and have a significant residual hematoma status post-surgery or who develop a recurrent subdural hematoma.\n\nand\n\nMinimal symptoms such as headache, altered mental status, or mild neurological deficit only\nAbility to understand and sign written informed consent by patient or LAR\n\nExclusion Criteria:\n\nSignificant midline shift and/or neurologic symptoms requiring urgent decompression.\nCommon carotid stenosis of over 50%.\nSignificant contraindication to angiography (eg. kidney failure, difficult anatomy).\nSDH related to underlying condition\nAcute SDH",
          "HealthyVolunteers":"No",
          "Gender":"All",
          "MinimumAge":"18 Years",
          "StdAgeList":{
            "StdAge":[
              "Adult",
              "Older Adult"
            ]
          }
        },
        "ContactsLocationsModule":{
          "OverallOfficialList":{
            "OverallOfficial":[
              {
                "OverallOfficialName":"Joshua W Osbun, MD",
                "OverallOfficialAffiliation":"Washington University School of Medicine",
                "OverallOfficialRole":"Principal Investigator"
              }
            ]
          },
          "LocationList":{
            "Location":[
              {
                "LocationFacility":"Washington University School of Medicine",
                "LocationStatus":"Recruiting",
                "LocationCity":"Saint Louis",
                "LocationState":"Missouri",
                "LocationZip":"63108",
                "LocationCountry":"United States",
                "LocationContactList":{
                  "LocationContact":[
                    {
                      "LocationContactName":"Christina Moore, RN",
                      "LocationContactRole":"Contact",
                      "LocationContactPhone":"314-273-0368",
                      "LocationContactEMail":"cmmoore@wustl.edu"
                    },{
                      "LocationContactName":"Joshua W Osbun, MD",
                      "LocationContactRole":"Principal Investigator"
                    }
                  ]
                }
              }
            ]
          }
        },
        "IPDSharingStatementModule":{
          "IPDSharing":"Yes"
        }
      },
      "DerivedSection":{
        "MiscInfoModule":{
          "VersionHolder":"April 19, 2021"
        },
        "ConditionBrowseModule":{
          "ConditionMeshList":{
            "ConditionMesh":[
              {
                "ConditionMeshId":"D000006408",
                "ConditionMeshTerm":"Hematoma, Subdural"
              },{
                "ConditionMeshId":"D000020200",
                "ConditionMeshTerm":"Hematoma, Subdural, Chronic"
              },{
                "ConditionMeshId":"D000006406",
                "ConditionMeshTerm":"Hematoma"
              }
            ]
          },
          "ConditionAncestorList":{
            "ConditionAncestor":[
              {
                "ConditionAncestorId":"D000006470",
                "ConditionAncestorTerm":"Hemorrhage"
              },{
                "ConditionAncestorId":"D000010335",
                "ConditionAncestorTerm":"Pathologic Processes"
              },{
                "ConditionAncestorId":"D000020198",
                "ConditionAncestorTerm":"Intracranial Hemorrhage, Traumatic"
              },{
                "ConditionAncestorId":"D000020300",
                "ConditionAncestorTerm":"Intracranial Hemorrhages"
              },{
                "ConditionAncestorId":"D000002561",
                "ConditionAncestorTerm":"Cerebrovascular Disorders"
              },{
                "ConditionAncestorId":"D000001927",
                "ConditionAncestorTerm":"Brain Diseases"
              },{
                "ConditionAncestorId":"D000002493",
                "ConditionAncestorTerm":"Central Nervous System Diseases"
              },{
                "ConditionAncestorId":"D000009422",
                "ConditionAncestorTerm":"Nervous System Diseases"
              },{
                "ConditionAncestorId":"D000006259",
                "ConditionAncestorTerm":"Craniocerebral Trauma"
              },{
                "ConditionAncestorId":"D000020196",
                "ConditionAncestorTerm":"Trauma, Nervous System"
              },{
                "ConditionAncestorId":"D000014652",
                "ConditionAncestorTerm":"Vascular Diseases"
              },{
                "ConditionAncestorId":"D000002318",
                "ConditionAncestorTerm":"Cardiovascular Diseases"
              },{
                "ConditionAncestorId":"D000014947",
                "ConditionAncestorTerm":"Wounds and Injuries"
              }
            ]
          },
          "ConditionBrowseLeafList":{
            "ConditionBrowseLeaf":[
              {
                "ConditionBrowseLeafId":"M8076",
                "ConditionBrowseLeafName":"Hematoma",
                "ConditionBrowseLeafAsFound":"Hematoma",
                "ConditionBrowseLeafRelevance":"high"
              },{
                "ConditionBrowseLeafId":"M8078",
                "ConditionBrowseLeafName":"Hematoma, Subdural",
                "ConditionBrowseLeafAsFound":"Subdural Hematoma",
                "ConditionBrowseLeafRelevance":"high"
              },{
                "ConditionBrowseLeafId":"M20611",
                "ConditionBrowseLeafName":"Hematoma, Subdural, Chronic",
                "ConditionBrowseLeafAsFound":"Chronic Subdural Hematoma",
                "ConditionBrowseLeafRelevance":"high"
              },{
                "ConditionBrowseLeafId":"M8139",
                "ConditionBrowseLeafName":"Hemorrhage",
                "ConditionBrowseLeafRelevance":"low"
              },{
                "ConditionBrowseLeafId":"M20697",
                "ConditionBrowseLeafName":"Intracranial Hemorrhages",
                "ConditionBrowseLeafRelevance":"low"
              },{
                "ConditionBrowseLeafId":"M20609",
                "ConditionBrowseLeafName":"Intracranial Hemorrhage, Traumatic",
                "ConditionBrowseLeafRelevance":"low"
              },{
                "ConditionBrowseLeafId":"M4393",
                "ConditionBrowseLeafName":"Cerebrovascular Disorders",
                "ConditionBrowseLeafRelevance":"low"
              },{
                "ConditionBrowseLeafId":"M3786",
                "ConditionBrowseLeafName":"Brain Diseases",
                "ConditionBrowseLeafRelevance":"low"
              },{
                "ConditionBrowseLeafId":"M4325",
                "ConditionBrowseLeafName":"Central Nervous System Diseases",
                "ConditionBrowseLeafRelevance":"low"
              },{
                "ConditionBrowseLeafId":"M16268",
                "ConditionBrowseLeafName":"Wounds and Injuries",
                "ConditionBrowseLeafRelevance":"low"
              },{
                "ConditionBrowseLeafId":"M7932",
                "ConditionBrowseLeafName":"Craniocerebral Trauma",
                "ConditionBrowseLeafRelevance":"low"
              },{
                "ConditionBrowseLeafId":"M20607",
                "ConditionBrowseLeafName":"Trauma, Nervous System",
                "ConditionBrowseLeafRelevance":"low"
              },{
                "ConditionBrowseLeafId":"M15983",
                "ConditionBrowseLeafName":"Vascular Diseases",
                "ConditionBrowseLeafRelevance":"low"
              }
            ]
          },
          "ConditionBrowseBranchList":{
            "ConditionBrowseBranch":[
              {
                "ConditionBrowseBranchAbbrev":"BC23",
                "ConditionBrowseBranchName":"Symptoms and General Pathology"
              },{
                "ConditionBrowseBranchAbbrev":"All",
                "ConditionBrowseBranchName":"All Conditions"
              },{
                "ConditionBrowseBranchAbbrev":"BC10",
                "ConditionBrowseBranchName":"Nervous System Diseases"
              },{
                "ConditionBrowseBranchAbbrev":"BC14",
                "ConditionBrowseBranchName":"Heart and Blood Diseases"
              },{
                "ConditionBrowseBranchAbbrev":"BC26",
                "ConditionBrowseBranchName":"Wounds and Injuries"
              }
            ]
          }
        },
        "InterventionBrowseModule":{
          "InterventionMeshList":{
            "InterventionMesh":[
              {
                "InterventionMeshId":"D000000431",
                "InterventionMeshTerm":"Ethanol"
              }
            ]
          },
          "InterventionAncestorList":{
            "InterventionAncestor":[
              {
                "InterventionAncestorId":"D000000891",
                "InterventionAncestorTerm":"Anti-Infective Agents, Local"
              },{
                "InterventionAncestorId":"D000000890",
                "InterventionAncestorTerm":"Anti-Infective Agents"
              },{
                "InterventionAncestorId":"D000002492",
                "InterventionAncestorTerm":"Central Nervous System Depressants"
              },{
                "InterventionAncestorId":"D000045505",
                "InterventionAncestorTerm":"Physiological Effects of Drugs"
              }
            ]
          },
          "InterventionBrowseLeafList":{
            "InterventionBrowseLeaf":[
              {
                "InterventionBrowseLeafId":"M2358",
                "InterventionBrowseLeafName":"Ethanol",
                "InterventionBrowseLeafAsFound":"Intervention group",
                "InterventionBrowseLeafRelevance":"high"
              },{
                "InterventionBrowseLeafId":"M2795",
                "InterventionBrowseLeafName":"Anti-Infective Agents",
                "InterventionBrowseLeafRelevance":"low"
              },{
                "InterventionBrowseLeafId":"M2796",
                "InterventionBrowseLeafName":"Anti-Infective Agents, Local",
                "InterventionBrowseLeafRelevance":"low"
              }
            ]
          },
          "InterventionBrowseBranchList":{
            "InterventionBrowseBranch":[
              {
                "InterventionBrowseBranchAbbrev":"Infe",
                "InterventionBrowseBranchName":"Anti-Infective Agents"
              },{
                "InterventionBrowseBranchAbbrev":"CNSDep",
                "InterventionBrowseBranchName":"Central Nervous System Depressants"
              },{
                "InterventionBrowseBranchAbbrev":"All",
                "InterventionBrowseBranchName":"All Drugs and Chemicals"
              }
            ]
          }
        }
      }
    }
  }
}

