{
  "FullStudy":{
    "Rank":60542,
    "Study":{
      "ProtocolSection":{
        "IdentificationModule":{
          "NCTId":"NCT04061681",
          "OrgStudyIdInfo":{
            "OrgStudyId":"IRB-300003877"
          },
          "Organization":{
            "OrgFullName":"University of Alabama at Birmingham",
            "OrgClass":"OTHER"
          },
          "BriefTitle":"Efficacy of BIPAMS for Restless Legs Syndrome in Adults With Multiple Sclerosis: A Pilot Study",
          "OfficialTitle":"Efficacy of Project BIPAMS for Restless Legs Syndrome in Adults With Multiple Sclerosis: A Pilot Study"
        },
        "StatusModule":{
          "StatusVerifiedDate":"December 2020",
          "OverallStatus":"Completed",
          "ExpandedAccessInfo":{
            "HasExpandedAccess":"No"
          },
          "StartDateStruct":{
            "StartDate":"January 1, 2020",
            "StartDateType":"Actual"
          },
          "PrimaryCompletionDateStruct":{
            "PrimaryCompletionDate":"November 23, 2020",
            "PrimaryCompletionDateType":"Actual"
          },
          "CompletionDateStruct":{
            "CompletionDate":"November 23, 2020",
            "CompletionDateType":"Actual"
          },
          "StudyFirstSubmitDate":"August 16, 2019",
          "StudyFirstSubmitQCDate":"August 19, 2019",
          "StudyFirstPostDateStruct":{
            "StudyFirstPostDate":"August 20, 2019",
            "StudyFirstPostDateType":"Actual"
          },
          "LastUpdateSubmitDate":"December 9, 2020",
          "LastUpdatePostDateStruct":{
            "LastUpdatePostDate":"December 11, 2020",
            "LastUpdatePostDateType":"Actual"
          }
        },
        "SponsorCollaboratorsModule":{
          "ResponsibleParty":{
            "ResponsiblePartyType":"Principal Investigator",
            "ResponsiblePartyInvestigatorFullName":"Robert W Motl",
            "ResponsiblePartyInvestigatorTitle":"Professor",
            "ResponsiblePartyInvestigatorAffiliation":"University of Alabama at Birmingham"
          },
          "LeadSponsor":{
            "LeadSponsorName":"University of Alabama at Birmingham",
            "LeadSponsorClass":"OTHER"
          }
        },
        "OversightModule":{
          "OversightHasDMC":"No",
          "IsFDARegulatedDrug":"No",
          "IsFDARegulatedDevice":"No"
        },
        "DescriptionModule":{
          "BriefSummary":"The purpose of this study is to evaluate the efficacy of a 16-week behavioral intervention for increasing physical activity and reducing restless legs syndrome (RLS) severity in persons with multiple sclerosis (MS) and RLS. The study includes a proposed sample of 20 persons with MS and RLS that will be randomized into either a 16-week behavioral intervention arm aimed at increasing physical activity or a 16-week wait-list control arm.",
          "DetailedDescription":"The primary aim of the proposed pilot RCT involves examining the efficacy of a 16-week behavioral intervention for increasing physical activity and reducing RLS severity in persons with MS and RLS. Secondarily, the investigators will be assessing changes in sleep quality and daytime sleepiness following the behavioral intervention. The study includes a proposed sample of 20 persons with MS and RLS that will complete a baseline testing session for measures of physical activity, restless legs syndrome severity, sleep quality, and daytime sleepiness. Participants will then be randomized into one of two study arms: (1) a 16-week Social Cognitive Theory-based behavioral intervention aimed at increasing physical activity; or (2) 16-week waitlist control with the option of completing the intervention upon completion of the study. All participants will complete a follow-up testing session at the conclusion of each 16-week arm."
        },
        "ConditionsModule":{
          "ConditionList":{
            "Condition":[
              "Multiple Sclerosis",
              "Restless Legs Syndrome"
            ]
          },
          "KeywordList":{
            "Keyword":[
              "Physical Activity"
            ]
          }
        },
        "DesignModule":{
          "StudyType":"Interventional",
          "PhaseList":{
            "Phase":[
              "Not Applicable"
            ]
          },
          "DesignInfo":{
            "DesignAllocation":"Randomized",
            "DesignInterventionModel":"Parallel Assignment",
            "DesignInterventionModelDescription":"Participants will be randomized to one of two conditions that will be occurring simultaneously.",
            "DesignPrimaryPurpose":"Treatment",
            "DesignMaskingInfo":{
              "DesignMasking":"None (Open Label)"
            }
          },
          "EnrollmentInfo":{
            "EnrollmentCount":"15",
            "EnrollmentType":"Actual"
          }
        },
        "ArmsInterventionsModule":{
          "ArmGroupList":{
            "ArmGroup":[
              {
                "ArmGroupLabel":"Behavioral Intervention (BIPAMS)",
                "ArmGroupType":"Experimental",
                "ArmGroupDescription":"Participants will complete a 16-week behavioral intervention to increase physical activity levels.",
                "ArmGroupInterventionList":{
                  "ArmGroupInterventionName":[
                    "Behavioral: Behavioral Intervention (BIPAMS)"
                  ]
                }
              },{
                "ArmGroupLabel":"Waitlist Control",
                "ArmGroupType":"No Intervention",
                "ArmGroupDescription":"Participants will have 16-weeks of no intervention or interaction."
              }
            ]
          },
          "InterventionList":{
            "Intervention":[
              {
                "InterventionType":"Behavioral",
                "InterventionName":"Behavioral Intervention (BIPAMS)",
                "InterventionDescription":"This 16-week behavioral intervention teaches people the skills, techniques, and strategies based on Social Cognitive Theory of behavior change for modifying and self-regulating health behaviors, including physical activity. The behavioral intervention consists of two primary components, namely a dedicated Internet website and one-on-one video chats with a behavioral coach via SkypeTM.",
                "InterventionArmGroupLabelList":{
                  "InterventionArmGroupLabel":[
                    "Behavioral Intervention (BIPAMS)"
                  ]
                },
                "InterventionOtherNameList":{
                  "InterventionOtherName":[
                    "Project BIPAMS: Behavioral Intervention for Physical Activity in Multiple Sclerosis (BIPAMS)"
                  ]
                }
              }
            ]
          }
        },
        "OutcomesModule":{
          "PrimaryOutcomeList":{
            "PrimaryOutcome":[
              {
                "PrimaryOutcomeMeasure":"Restless Legs Syndrome Severity as measured by the International Restless Legs Syndrome Study Group Scale",
                "PrimaryOutcomeDescription":"Participants will complete the International Restless Legs Syndrome Study Group Scale (IRLS), a 10-item questionnaire that provides a global score commonly used to assess the overall severity of symptoms as well as the frequency and impact of symptoms on daily life over the previous week.Overall symptom severity scores are determined by combining the sum of the answers on the questionnaire with total scores ranging from 0-40 and higher scores indicating a greater severity of symptoms.This will be completed at the baseline testing session.",
                "PrimaryOutcomeTimeFrame":"Baseline"
              },{
                "PrimaryOutcomeMeasure":"Restless Legs Syndrome Severity as measured by the International Restless Legs Syndrome Study Group Scale",
                "PrimaryOutcomeDescription":"Participants will complete the International Restless Legs Syndrome Study Group Scale (IRLS), a 10-item questionnaire that provides a global score commonly used to assess the overall severity of symptoms as well as the frequency and impact of symptoms on daily life over the previous week.Overall symptom severity scores are determined by combining the sum of the answers on the questionnaire with total scores ranging from 0-40 and higher scores indicating a greater severity of symptoms. This will be completed at the follow-up testing session.",
                "PrimaryOutcomeTimeFrame":"Follow-Up"
              },{
                "PrimaryOutcomeMeasure":"Physical Activity Levels as measured by the Godin Leisure-Time Exercise Questionnaire",
                "PrimaryOutcomeDescription":"Participants will complete the Godin Leisure-Time Exercise Questionnaire (GLTEQ) as a measure of the frequency of strenuous, moderate, and mild leisure-time physical activity performed for periods of 15 minutes or more over a typical week. Summary scores are calculated by multiplying the number of strenuous, moderate, and mild bouts by 9, 5, and 3, respectively, and summing those values into an overall score that ranges from 0 to 119; higher scores are represent a greater volume of physical activity. This will be completed at baseline testing.",
                "PrimaryOutcomeTimeFrame":"Baseline"
              },{
                "PrimaryOutcomeMeasure":"Physical Activity Levels as measured by the Godin Leisure-Time Exercise Questionnaire",
                "PrimaryOutcomeDescription":"Participants will complete the Godin Leisure-Time Exercise Questionnaire (GLTEQ) as a measure of the frequency of strenuous, moderate, and mild leisure-time physical activity performed for periods of 15 minutes or more over a typical week. Summary scores are calculated by multiplying the number of strenuous, moderate, and mild bouts by 9, 5, and 3, respectively, and summing those values into an overall score that ranges from 0 to 119; higher scores are represent a greater volume of physical activity. This will be completed at follow-up testing.",
                "PrimaryOutcomeTimeFrame":"Follow-Up"
              }
            ]
          },
          "SecondaryOutcomeList":{
            "SecondaryOutcome":[
              {
                "SecondaryOutcomeMeasure":"Sleep Quality as measured by the Pittsburgh Sleep Quality Index",
                "SecondaryOutcomeDescription":"The Pittsburgh Sleep Quality Index (PSQI) measures sleep quality and sleep disturbances over the past four weeks and containing seven different components of sleep. Components of sleep are scored from 0 (fairly good) to 3 (very bad) and component scores are summed for a global score ranging from 0-21; higher scores are indicative of worse sleep quality. Participants will complete this questionnaire at baseline testing.",
                "SecondaryOutcomeTimeFrame":"Baseline"
              },{
                "SecondaryOutcomeMeasure":"Sleep Quality as measured by the Pittsburgh Sleep Quality Index",
                "SecondaryOutcomeDescription":"The Pittsburgh Sleep Quality Index (PSQI) measures sleep quality and sleep disturbances over the past four weeks and containing seven different components of sleep. Components of sleep are scored from 0 (fairly good) to 3 (very bad) and component scores are summed for a global score ranging from 0-21; higher scores are indicative of worse sleep quality. Participants will complete this questionnaire at Follow-up testing.",
                "SecondaryOutcomeTimeFrame":"Follow-up"
              },{
                "SecondaryOutcomeMeasure":"Sleep Quality as measured by accelerometry",
                "SecondaryOutcomeDescription":"Accelerometry provides device-measured aspects of sleep quality including sleep onset latency, time in bed, total sleep time, frequency of awakenings, time awake after sleep onset, and sleep efficiency. Participants will be instructed to wear one ActiGraph GT3X+ accelerometer device on the non-dominant wrist each night (i.e., during time in bed for scheduled sleep time) for seven nights following the baseline testing session.",
                "SecondaryOutcomeTimeFrame":"Baseline"
              },{
                "SecondaryOutcomeMeasure":"Sleep Quality as measured by accelerometry",
                "SecondaryOutcomeDescription":"Accelerometry provides device-measured aspects of sleep quality including sleep onset latency, time in bed, total sleep time, frequency of awakenings, time awake after sleep onset, and sleep efficiency. Participants will be instructed to wear one ActiGraph GT3X+ accelerometer device on the non-dominant wrist each night (i.e., during time in bed for scheduled sleep time) for seven nights following the follow-up testing session.",
                "SecondaryOutcomeTimeFrame":"Follow-up"
              },{
                "SecondaryOutcomeMeasure":"Daytime Sleepiness as measured by the Epworth Sleepiness Scale",
                "SecondaryOutcomeDescription":"The Epworth Sleepiness Scale (ESS) is an 8-item questionnaire whereby participants are asked to rate how likely they would be to doze off or fall asleep during eight different situations in \"recent times\" to provide a global score of daytime sleepiness. Items are scored on a range of 0 (would never doze) to 3 (high chance of dozing) and summed to provide a global score of daytime sleepiness ranging between 0 and 24 with higher scores indicating more daytime sleepiness. Participants will complete the questionnaire at baseline testing.",
                "SecondaryOutcomeTimeFrame":"Baseline"
              },{
                "SecondaryOutcomeMeasure":"Daytime Sleepiness as measured by the Epworth Sleepiness Scale",
                "SecondaryOutcomeDescription":"The Epworth Sleepiness Scale (ESS) is an 8-item questionnaire whereby participants are asked to rate how likely they would be to doze off or fall asleep during eight different situations in \"recent times\" to provide a global score of daytime sleepiness. Items are scored on a range of 0 (would never doze) to 3 (high chance of dozing) and summed to provide a global score of daytime sleepiness ranging between 0 and 24 with higher scores indicating more daytime sleepiness. Participants will complete the questionnaire at Follow-up testing.",
                "SecondaryOutcomeTimeFrame":"Follow-up"
              }
            ]
          }
        },
        "EligibilityModule":{
          "EligibilityCriteria":"Inclusion Criteria:\n\nDiagnosis of multiple sclerosis\nRelapse free in the past 30 days\nPositive screen for restless legs syndrome\nNon-active (not engaging in 30 minutes of activity per day on more than 2 days per week in the previous six months)\nAmbulatory without assistance\nInternet and email access\n\nExclusion Criteria:\n\nDiagnosis of radiculopathy, peripheral edema, peripheral neuropathy, iron deficiency (i.e., anemia) renal disease, or diabetes\nScreen at moderate or high risk for undertaking strenuous or maximal exercise",
          "HealthyVolunteers":"No",
          "Gender":"All",
          "MinimumAge":"18 Years",
          "StdAgeList":{
            "StdAge":[
              "Adult",
              "Older Adult"
            ]
          }
        },
        "ContactsLocationsModule":{
          "OverallOfficialList":{
            "OverallOfficial":[
              {
                "OverallOfficialName":"Robert W Motl, PhD",
                "OverallOfficialAffiliation":"University of Alabama at Birmingham",
                "OverallOfficialRole":"Principal Investigator"
              }
            ]
          },
          "LocationList":{
            "Location":[
              {
                "LocationFacility":"University of Alabama at Birmingham",
                "LocationCity":"Birmingham",
                "LocationState":"Alabama",
                "LocationZip":"35294",
                "LocationCountry":"United States"
              }
            ]
          }
        },
        "ReferencesModule":{
          "ReferenceList":{
            "Reference":[
              {
                "ReferencePMID":"33618120",
                "ReferenceType":"derived",
                "ReferenceCitation":"Cederberg KLJ, Motl RW. Feasibility and efficacy of a physical activity intervention for managing restless legs syndrome in multiple sclerosis: Results of a pilot randomized controlled trial. Mult Scler Relat Disord. 2021 Feb 10;50:102836. doi: 10.1016/j.msard.2021.102836. [Epub ahead of print]"
              }
            ]
          }
        },
        "IPDSharingStatementModule":{
          "IPDSharing":"No"
        }
      },
      "DerivedSection":{
        "MiscInfoModule":{
          "VersionHolder":"April 19, 2021"
        },
        "ConditionBrowseModule":{
          "ConditionMeshList":{
            "ConditionMesh":[
              {
                "ConditionMeshId":"D000009103",
                "ConditionMeshTerm":"Multiple Sclerosis"
              },{
                "ConditionMeshId":"D000011595",
                "ConditionMeshTerm":"Psychomotor Agitation"
              },{
                "ConditionMeshId":"D000012148",
                "ConditionMeshTerm":"Restless Legs Syndrome"
              },{
                "ConditionMeshId":"D000013577",
                "ConditionMeshTerm":"Syndrome"
              },{
                "ConditionMeshId":"D000012598",
                "ConditionMeshTerm":"Sclerosis"
              }
            ]
          },
          "ConditionAncestorList":{
            "ConditionAncestor":[
              {
                "ConditionAncestorId":"D000004194",
                "ConditionAncestorTerm":"Disease"
              },{
                "ConditionAncestorId":"D000010335",
                "ConditionAncestorTerm":"Pathologic Processes"
              },{
                "ConditionAncestorId":"D000020278",
                "ConditionAncestorTerm":"Demyelinating Autoimmune Diseases, CNS"
              },{
                "ConditionAncestorId":"D000020274",
                "ConditionAncestorTerm":"Autoimmune Diseases of the Nervous System"
              },{
                "ConditionAncestorId":"D000009422",
                "ConditionAncestorTerm":"Nervous System Diseases"
              },{
                "ConditionAncestorId":"D000003711",
                "ConditionAncestorTerm":"Demyelinating Diseases"
              },{
                "ConditionAncestorId":"D000001327",
                "ConditionAncestorTerm":"Autoimmune Diseases"
              },{
                "ConditionAncestorId":"D000007154",
                "ConditionAncestorTerm":"Immune System Diseases"
              },{
                "ConditionAncestorId":"D000020820",
                "ConditionAncestorTerm":"Dyskinesias"
              },{
                "ConditionAncestorId":"D000009461",
                "ConditionAncestorTerm":"Neurologic Manifestations"
              },{
                "ConditionAncestorId":"D000011596",
                "ConditionAncestorTerm":"Psychomotor Disorders"
              },{
                "ConditionAncestorId":"D000019954",
                "ConditionAncestorTerm":"Neurobehavioral Manifestations"
              },{
                "ConditionAncestorId":"D000020919",
                "ConditionAncestorTerm":"Sleep Disorders, Intrinsic"
              },{
                "ConditionAncestorId":"D000020920",
                "ConditionAncestorTerm":"Dyssomnias"
              },{
                "ConditionAncestorId":"D000012893",
                "ConditionAncestorTerm":"Sleep Wake Disorders"
              },{
                "ConditionAncestorId":"D000020447",
                "ConditionAncestorTerm":"Parasomnias"
              },{
                "ConditionAncestorId":"D000001523",
                "ConditionAncestorTerm":"Mental Disorders"
              }
            ]
          },
          "ConditionBrowseLeafList":{
            "ConditionBrowseLeaf":[
              {
                "ConditionBrowseLeafId":"M13998",
                "ConditionBrowseLeafName":"Sclerosis",
                "ConditionBrowseLeafAsFound":"Sclerosis",
                "ConditionBrowseLeafRelevance":"high"
              },{
                "ConditionBrowseLeafId":"M14938",
                "ConditionBrowseLeafName":"Syndrome",
                "ConditionBrowseLeafAsFound":"Syndrome",
                "ConditionBrowseLeafRelevance":"high"
              },{
                "ConditionBrowseLeafId":"M10643",
                "ConditionBrowseLeafName":"Multiple Sclerosis",
                "ConditionBrowseLeafAsFound":"Multiple Sclerosis",
                "ConditionBrowseLeafRelevance":"high"
              },{
                "ConditionBrowseLeafId":"M13035",
                "ConditionBrowseLeafName":"Psychomotor Agitation",
                "ConditionBrowseLeafAsFound":"Restless",
                "ConditionBrowseLeafRelevance":"high"
              },{
                "ConditionBrowseLeafId":"M13567",
                "ConditionBrowseLeafName":"Restless Legs Syndrome",
                "ConditionBrowseLeafAsFound":"Restless Legs Syndrome",
                "ConditionBrowseLeafRelevance":"high"
              },{
                "ConditionBrowseLeafId":"M3210",
                "ConditionBrowseLeafName":"Autoimmune Diseases",
                "ConditionBrowseLeafRelevance":"low"
              },{
                "ConditionBrowseLeafId":"M20682",
                "ConditionBrowseLeafName":"Demyelinating Autoimmune Diseases, CNS",
                "ConditionBrowseLeafRelevance":"low"
              },{
                "ConditionBrowseLeafId":"M20678",
                "ConditionBrowseLeafName":"Autoimmune Diseases of the Nervous System",
                "ConditionBrowseLeafRelevance":"low"
              },{
                "ConditionBrowseLeafId":"M5492",
                "ConditionBrowseLeafName":"Demyelinating Diseases",
                "ConditionBrowseLeafRelevance":"low"
              },{
                "ConditionBrowseLeafId":"M8783",
                "ConditionBrowseLeafName":"Immune System Diseases",
                "ConditionBrowseLeafRelevance":"low"
              },{
                "ConditionBrowseLeafId":"M21158",
                "ConditionBrowseLeafName":"Dyskinesias",
                "ConditionBrowseLeafRelevance":"low"
              },{
                "ConditionBrowseLeafId":"M10987",
                "ConditionBrowseLeafName":"Neurologic Manifestations",
                "ConditionBrowseLeafRelevance":"low"
              },{
                "ConditionBrowseLeafId":"M13036",
                "ConditionBrowseLeafName":"Psychomotor Disorders",
                "ConditionBrowseLeafRelevance":"low"
              },{
                "ConditionBrowseLeafId":"M20410",
                "ConditionBrowseLeafName":"Neurobehavioral Manifestations",
                "ConditionBrowseLeafRelevance":"low"
              },{
                "ConditionBrowseLeafId":"M20826",
                "ConditionBrowseLeafName":"Parasomnias",
                "ConditionBrowseLeafRelevance":"low"
              },{
                "ConditionBrowseLeafId":"M21238",
                "ConditionBrowseLeafName":"Sleep Disorders, Intrinsic",
                "ConditionBrowseLeafRelevance":"low"
              },{
                "ConditionBrowseLeafId":"M21239",
                "ConditionBrowseLeafName":"Dyssomnias",
                "ConditionBrowseLeafRelevance":"low"
              },{
                "ConditionBrowseLeafId":"M14279",
                "ConditionBrowseLeafName":"Sleep Wake Disorders",
                "ConditionBrowseLeafRelevance":"low"
              },{
                "ConditionBrowseLeafId":"M3396",
                "ConditionBrowseLeafName":"Mental Disorders",
                "ConditionBrowseLeafRelevance":"low"
              },{
                "ConditionBrowseLeafId":"M13056",
                "ConditionBrowseLeafName":"Psychotic Disorders",
                "ConditionBrowseLeafRelevance":"low"
              }
            ]
          },
          "ConditionBrowseBranchList":{
            "ConditionBrowseBranch":[
              {
                "ConditionBrowseBranchAbbrev":"BC23",
                "ConditionBrowseBranchName":"Symptoms and General Pathology"
              },{
                "ConditionBrowseBranchAbbrev":"All",
                "ConditionBrowseBranchName":"All Conditions"
              },{
                "ConditionBrowseBranchAbbrev":"BC10",
                "ConditionBrowseBranchName":"Nervous System Diseases"
              },{
                "ConditionBrowseBranchAbbrev":"BC20",
                "ConditionBrowseBranchName":"Immune System Diseases"
              },{
                "ConditionBrowseBranchAbbrev":"BXM",
                "ConditionBrowseBranchName":"Behaviors and Mental Disorders"
              }
            ]
          }
        }
      }
    }
  }
}

