{
  "FullStudy":{
    "Rank":60547,
    "Study":{
      "ProtocolSection":{
        "IdentificationModule":{
          "NCTId":"NCT04061616",
          "OrgStudyIdInfo":{
            "OrgStudyId":"PASIPD-Fr"
          },
          "Organization":{
            "OrgFullName":"University Hospital, Caen",
            "OrgClass":"OTHER"
          },
          "BriefTitle":"Transcultural Validation of the Physical Activity Scale for Individuals With Physical Disabilities (PASIPD) in French: The PASIPD-Fr",
          "OfficialTitle":"Transcultural Validation of the Physical Activity Scale for Individuals With Physical Disabilities (PASIPD) in French: The PASIPD-Fr",
          "Acronym":"PASIPD-Fr"
        },
        "StatusModule":{
          "StatusVerifiedDate":"August 2019",
          "OverallStatus":"Completed",
          "ExpandedAccessInfo":{
            "HasExpandedAccess":"No"
          },
          "StartDateStruct":{
            "StartDate":"July 1, 2017",
            "StartDateType":"Actual"
          },
          "PrimaryCompletionDateStruct":{
            "PrimaryCompletionDate":"February 1, 2019",
            "PrimaryCompletionDateType":"Actual"
          },
          "CompletionDateStruct":{
            "CompletionDate":"August 1, 2019",
            "CompletionDateType":"Actual"
          },
          "StudyFirstSubmitDate":"August 16, 2019",
          "StudyFirstSubmitQCDate":"August 16, 2019",
          "StudyFirstPostDateStruct":{
            "StudyFirstPostDate":"August 20, 2019",
            "StudyFirstPostDateType":"Actual"
          },
          "LastUpdateSubmitDate":"August 26, 2019",
          "LastUpdatePostDateStruct":{
            "LastUpdatePostDate":"August 28, 2019",
            "LastUpdatePostDateType":"Actual"
          }
        },
        "SponsorCollaboratorsModule":{
          "ResponsibleParty":{
            "ResponsiblePartyType":"Principal Investigator",
            "ResponsiblePartyInvestigatorFullName":"Joffrey DRIGNY",
            "ResponsiblePartyInvestigatorTitle":"Chief Resident PM&R and Sport departments MD, MSc",
            "ResponsiblePartyInvestigatorAffiliation":"University Hospital, Caen"
          },
          "LeadSponsor":{
            "LeadSponsorName":"University Hospital, Caen",
            "LeadSponsorClass":"OTHER"
          }
        },
        "OversightModule":{
          "OversightHasDMC":"No",
          "IsFDARegulatedDrug":"No",
          "IsFDARegulatedDevice":"No"
        },
        "DescriptionModule":{
          "BriefSummary":"The Physical Activity Scale for Individuals With Physical Disabilities (PASIPD) is a scale that has been developped and validated in English to quantify the level of physical activity for people with physical disabilities. The investigators aimed to translate and validate a French transcultural version of the PASIPD (PASIPD-Fr) through a rigourous process following international recommendations for cross-cultural translation and adaptation of questionnaires.",
          "DetailedDescription":"For the translation, permission to proceed was obtained, and translation was conducted in consultation with the developers. The investigators proceed to a first translation of the initial scale from English to French with two French native bilingual physicians that resulted in a unique french translation. An English native bilingual physicians proceeded to a back translation from French to English. This version have been sent to the developers who agreed that this back translated version was faithful to the original scale.\n\nFor the validation, the investigators used the international recommendations for cross-cultural translation and adaptation of questionnaires. Population was individuals with neurological disease (stroke, multiple sclerosis, Parkinson disease and neuromuscular disorders) with significant in physical disability. Patients were invited in an ambulatory setting. Data collected for every participant included demographic and general variables (age, sex, level, cause and time since neurological disease, walking capacities and aid), scores of a physical performance tests (10 Meter Walking Test, 10 MWT) and the 4 self-administered questionnaires: the Dijon Physical Activity Scale (PAS) the Activities-specific Balance Confidence (ABC) Scale, the Medical Outcome Study Short Form 12 \" (MOS SF-12) and the Hospital Anxiety and Depression (HAD) scale.\n\nFace validity was assessed using verbal feedbacks from physician and patients, and the mean time to fill-out the scale.\n\nCriterion validity was assessed with correlation and discrimination analysis between the scores for the PASIPD-Fr and the Dijon PAS.\n\nConstruct validity was assessed using the correlation with scores of instruments that measure various aspects related to and physical activity (convergent validity) such as the self-reported questionaires ABC, SF-12 and HAD scales and also the 10 MWT.\n\nFor consistency and reliability, the investigators calculated the Cronbach α coefficient and calculated the ICC between 2 completions at a 2-week interval.\n\nSample calculation was based on an expected ICC > 0.9, which required 50 participants to reject the hypothesis that the actual ICC is < 0.6, which corresponds to the lower limit for a \"good\" reproducibility."
        },
        "ConditionsModule":{
          "ConditionList":{
            "Condition":[
              "Physical Disability",
              "Neurological Diseases or Conditions"
            ]
          }
        },
        "DesignModule":{
          "StudyType":"Interventional",
          "PhaseList":{
            "Phase":[
              "Not Applicable"
            ]
          },
          "DesignInfo":{
            "DesignAllocation":"N/A",
            "DesignInterventionModel":"Single Group Assignment",
            "DesignPrimaryPurpose":"Prevention",
            "DesignMaskingInfo":{
              "DesignMasking":"None (Open Label)"
            }
          },
          "EnrollmentInfo":{
            "EnrollmentCount":"50",
            "EnrollmentType":"Actual"
          }
        },
        "ArmsInterventionsModule":{
          "ArmGroupList":{
            "ArmGroup":[
              {
                "ArmGroupLabel":"Participants",
                "ArmGroupType":"Experimental",
                "ArmGroupDescription":"All the participants volunteer to participate to the study that were included.",
                "ArmGroupInterventionList":{
                  "ArmGroupInterventionName":[
                    "Behavioral: PASIPD-Fr"
                  ]
                }
              }
            ]
          },
          "InterventionList":{
            "Intervention":[
              {
                "InterventionType":"Behavioral",
                "InterventionName":"PASIPD-Fr",
                "InterventionDescription":"Fill-out the PASIPD-Fr self questionaire twice (2 completions at a 2-week interval)",
                "InterventionArmGroupLabelList":{
                  "InterventionArmGroupLabel":[
                    "Participants"
                  ]
                }
              }
            ]
          }
        },
        "OutcomesModule":{
          "PrimaryOutcomeList":{
            "PrimaryOutcome":[
              {
                "PrimaryOutcomeMeasure":"Criterion validity (correlation)",
                "PrimaryOutcomeDescription":"The Dijon PAS assesses the level of physical activity in the general population, the elderly and is recommended after a stroke. To test the criterion validity of the PASIPD-Fr, the investigators calculated the Pearson correlation coefficient (PCC) between the scores for the PASIPD-Fr and the Dijon PAS.",
                "PrimaryOutcomeTimeFrame":"Both scales (PASIPD-Fr and Dijon PAS) were filled-out in a single point of time within a period of time of 12 months (study time frame)"
              },{
                "PrimaryOutcomeMeasure":"Criterion validity (discrimination)",
                "PrimaryOutcomeDescription":"The Dijon PAS assesses the level of physical activity in the general population, the elderly and is recommended after a stroke. To test the criterion validity of the PASIPD-Fr, the investigators used the repeated measures ANOVA to check for differences between inactive, moderately active ang highly active individuals (respectively score <10, 10-20 and >20 over 30 on Dijon PAS) with Tukey post-hoc tests.",
                "PrimaryOutcomeTimeFrame":"Both scales (PASIPD-Fr and Dijon PAS) were filled-out in a single point of time within a period of time of 12 months (study time frame)"
              },{
                "PrimaryOutcomeMeasure":"Test-retest reliability",
                "PrimaryOutcomeDescription":"The investigators calculated the intraclass coefficient (ICC) between 2 completions of the PASIPD-Fr questionnaire at a 2-week interval.",
                "PrimaryOutcomeTimeFrame":"The PASIPD-Fr was administered twice at a 2-week interval within a period of time of 12 months (study time frame)"
              }
            ]
          },
          "SecondaryOutcomeList":{
            "SecondaryOutcome":[
              {
                "SecondaryOutcomeMeasure":"Construct validity 10TMWT",
                "SecondaryOutcomeDescription":"The 10 Meter Walk Test is is a performance measure used to assess walking speed in metres per second over a short distance.To test the criterion validity of the PASIPD-Fr, the investigators calculated the Pearson correlation coefficient (PCC) between the scores for the PASIPD-Fr and the 10MWT",
                "SecondaryOutcomeTimeFrame":"Both PASIPD-Fr questionaire and 10MWT test were assessed in a single point of time within a period of time of 12 months (study time frame)"
              },{
                "SecondaryOutcomeMeasure":"Construct validity ABC-S",
                "SecondaryOutcomeDescription":"The Activities-specific balance confidence (ABC) scale is a subjective measure of confidence in performing various ambulatory activities without experiencing a sense of unsteadiness.To test the criterion validity of the PASIPD-Fr, the investigators calculated the Pearson correlation coefficient (PCC) between the scores for the PASIPD-Fr and the ABC-S",
                "SecondaryOutcomeTimeFrame":"Both PASIPD-Fr questionaire and ABC-S scale were filled-out in a single point of time within a period of time of 12 months (study time frame)"
              },{
                "SecondaryOutcomeMeasure":"Construct validity HAD",
                "SecondaryOutcomeDescription":"The Hospital Anxiety and Depression scale (HAD) is used to determine the levels of anxiety and depression that a person is experiencing. To test the criterion validity of the PASIPD-Fr, the investigators calculated the Pearson correlation coefficient (PCC) between the scores for the PASIPD-Fr and the HAD",
                "SecondaryOutcomeTimeFrame":"Both PASIPD-Fr questionaire and HAD scale were filled-out in a single point of time within a period of time of 12 months (study time frame)"
              },{
                "SecondaryOutcomeMeasure":"Construct validity MOS SF12",
                "SecondaryOutcomeDescription":"The Medical Outcome Study Short Form 12 \" (MOS SF-12) is used to measure mental and physical health. To test the criterion validity of the PASIPD-Fr, the investigators calculated the Pearson correlation coefficient (PCC) between the scores for the PASIPD-Fr and the MOS SF12",
                "SecondaryOutcomeTimeFrame":"Both PASIPD-Fr questionaire and MOS SF12 scale were filled-out in a single point of time within a period of time of 12 months (study time frame)"
              },{
                "SecondaryOutcomeMeasure":"Internal consistency",
                "SecondaryOutcomeDescription":"To measure the internal consistency (homogeneity) of the PASIPD-Fr, based on average inter-item correlations and the number of items.",
                "SecondaryOutcomeTimeFrame":"The PASIPD-Fr scale was filled-out in a single point of time within a period of time of 12 months (study time frame)"
              }
            ]
          }
        },
        "EligibilityModule":{
          "EligibilityCriteria":"Inclusion Criteria:\n\nPatient who received research information\nPatient affiliated to a social security system\nPatient over 18 years of age\nPatients with physical disabilities (Act No. 2005-102 on equal rights and opportunities)\nIndividuals with the following disease: stroke survivors, multiple sclerosis, neuromuscular disease and idiopathic Parkinson's disease\n\nExclusion Criteria:\n\nPatient not affiliated to a social security system.\nPatients under guardianship or curators or protection of justice.\nLack of informed information about the study\nAlteration of higher functions or sensory disturbance making it impossible to understand and adhere to the research protocol\nA severe medical condition that significantly alters functional abilities (severe heart failure, respiratory failure, unstable metabolic disorders such as active renal failure) and involves a life-threatening condition in the short to medium term (progressive neoplastic pathology, unstable systemic disease).",
          "HealthyVolunteers":"No",
          "Gender":"All",
          "MinimumAge":"18 Years",
          "StdAgeList":{
            "StdAge":[
              "Adult",
              "Older Adult"
            ]
          }
        },
        "ContactsLocationsModule":{
          "LocationList":{
            "Location":[
              {
                "LocationFacility":"CHU Caen Normandie",
                "LocationCity":"Caen",
                "LocationZip":"14000",
                "LocationCountry":"France"
              }
            ]
          }
        },
        "IPDSharingStatementModule":{
          "IPDSharing":"Undecided"
        }
      },
      "DerivedSection":{
        "MiscInfoModule":{
          "VersionHolder":"April 19, 2021"
        },
        "ConditionBrowseModule":{
          "ConditionMeshList":{
            "ConditionMesh":[
              {
                "ConditionMeshId":"D000009422",
                "ConditionMeshTerm":"Nervous System Diseases"
              }
            ]
          }
        }
      }
    }
  }
}

