{
  "FullStudy":{
    "Rank":60520,
    "Study":{
      "ProtocolSection":{
        "IdentificationModule":{
          "NCTId":"NCT04061967",
          "OrgStudyIdInfo":{
            "OrgStudyId":"2019-03166"
          },
          "Organization":{
            "OrgFullName":"Karolinska Institutet",
            "OrgClass":"OTHER"
          },
          "BriefTitle":"SMS-based Summons in Cervical Screening",
          "OfficialTitle":"Can SMS-reminders Result in Increased Participation in Cervical Screening?"
        },
        "StatusModule":{
          "StatusVerifiedDate":"December 2020",
          "OverallStatus":"Recruiting",
          "ExpandedAccessInfo":{
            "HasExpandedAccess":"No"
          },
          "StartDateStruct":{
            "StartDate":"August 19, 2019",
            "StartDateType":"Actual"
          },
          "PrimaryCompletionDateStruct":{
            "PrimaryCompletionDate":"June 1, 2030",
            "PrimaryCompletionDateType":"Anticipated"
          },
          "CompletionDateStruct":{
            "CompletionDate":"June 1, 2030",
            "CompletionDateType":"Anticipated"
          },
          "StudyFirstSubmitDate":"August 18, 2019",
          "StudyFirstSubmitQCDate":"August 18, 2019",
          "StudyFirstPostDateStruct":{
            "StudyFirstPostDate":"August 20, 2019",
            "StudyFirstPostDateType":"Actual"
          },
          "LastUpdateSubmitDate":"December 9, 2020",
          "LastUpdatePostDateStruct":{
            "LastUpdatePostDate":"December 11, 2020",
            "LastUpdatePostDateType":"Actual"
          }
        },
        "SponsorCollaboratorsModule":{
          "ResponsibleParty":{
            "ResponsiblePartyType":"Principal Investigator",
            "ResponsiblePartyInvestigatorFullName":"Miriam Elfström",
            "ResponsiblePartyInvestigatorTitle":"Affiliated Researcher",
            "ResponsiblePartyInvestigatorAffiliation":"Karolinska Institutet"
          },
          "LeadSponsor":{
            "LeadSponsorName":"Karolinska Institutet",
            "LeadSponsorClass":"OTHER"
          },
          "CollaboratorList":{
            "Collaborator":[
              {
                "CollaboratorName":"Region Skane",
                "CollaboratorClass":"OTHER"
              }
            ]
          }
        },
        "OversightModule":{
          "OversightHasDMC":"No",
          "IsFDARegulatedDrug":"No",
          "IsFDARegulatedDevice":"No"
        },
        "DescriptionModule":{
          "BriefSummary":"Prevention of cervical cancer with cervical screening (gynecological cell test) is one of the most successful screening activities in medicine. In Sweden screening has taken place since the 1960s and prevented tens of thousands of women from having cervical cancer. There are strong reasons why it is especially important to promote that invitations to sampling really is reaching out. The women who regularly attend screening after the invitation reduce their risk of cervical cancer by as much as 90%. Of the women who currently have cervical cancer (about 550 women per year in Sweden), as many as 38% did not participate in the screening. Invitations for screening are sent to the entire population in Sweden aged 23-70. Current national estimate of how many in the population participating as recommended is 82.9% of the population. In addition, many women sometimes participate (they then get some reduced cancer risk). The highest cancer risk is among those women who have never participated as well as women who have had cell changes but have not participated. Cervical cancer is the first form of cancer for which there are approved molecular screening tests (HPV test). Unlike the older screening method (cytology), it works great to take a cervical sample at home if the sample is to be analyzed for HPV (the analysis method is so sensitive that it does not matter if the sample is not optimally taken).\n\nInvitations and reminders about cervical screening are today sent out with physical letters (about 3 million letters per year in Sweden). These dispatches involve waste of resources and has a negative environmental impact. Regarding reminders, we have seen in previous research that the effect is not optimal. When sending a physical reminder letter to women who have not participated in more than 10 years (current routine), only 2% of the women recalled came for sampling. Reminders with SMS are now standard for many businesses in society, such as car testing or dental appointments. It is inexpensive, saves the environment and there are studies that suggest it is more effective than sending physical letters. In this study, we intend to investigate whether SMS reminders for screening lead to increased participation and thus to a higher proportion of detected, treatable precursors of cervical cancer compared to before.",
          "DetailedDescription":"Non-participation in the cervical screening program is the main risk factor for cervical cancer. Therefore it is important to reduce barriers to screening and facilitate participation in the screening program of cervical cancer. Offering self-sampling kits for human papillomavirus (HPV) testing has been examined in several research studies as a way to reach women who have not responded to screening invitations.\n\nThe purpose of this study is to investigate whether SMS reminders for screening attendance will increase participation compared to the current method where reminders are sent out with physical letters. In this study, approximately 20,000 women with high risk of developing cervical cancer, due to not fully participating in screening, will be invited. The women receive an SMS offer to request a self-sampling kit via the internet. The self-sampling kit comes with an instruction on how to take the sample and a postage-free answer envelope.\n\nSubmitted samples are analyzed with an approved and accredited method (Cobas 4800, Roche) that analyzes for HPV 16, HPV18 and other carcinogens HPV types.\n\nFor those women who are at the highest risk (previous glandular cell changes without follow-up), all HPV-positive women are referred via SMS directly to a women's clinic for investigation. HPV-negative women in this group have no increased risk and receive a text message with a calming message.\nWomen of an age above the screening program but who have either had a cell change that is not followed up or who have not participated at all in the last 10 years are treated in the same way as in paragraph 1.\nFinally, the women of screening age who have not taken a cell sample for more than 15 years are identified. This group receive an SMS and HPV-positive women are referred, via SMS, for renewed sampling by a specially trained so-called dysplasia midwife. The sample is now being analyzed for both cytology and HPV. If the woman is HPV positive in both tests and in the case of deviating cytology, the woman is referred to a women's clinic. In other cases a text message with a reassuring message is sent.\n\nThe study has the usual level of confidence (p <0.05 two-sided) and statistical power (80%) the ability to demonstrate an increase of participation by 3 times or more.\n\nThe protocol will be piloted in the Region of Skåne in 2019 and then rolled out nationally in 2020."
        },
        "ConditionsModule":{
          "ConditionList":{
            "Condition":[
              "Cervical Cancer",
              "Uterine Cervical Neoplasm",
              "Uterine Neoplasms",
              "Genital Neoplasm",
              "Genital Neoplasm, Female",
              "Uterine Diseases",
              "Genital Diseases, Female",
              "Neoplasms by Site",
              "Neoplasms",
              "Uterine Cervical Disease"
            ]
          },
          "KeywordList":{
            "Keyword":[
              "participation",
              "self sampling",
              "screening"
            ]
          }
        },
        "DesignModule":{
          "StudyType":"Interventional",
          "PhaseList":{
            "Phase":[
              "Not Applicable"
            ]
          },
          "DesignInfo":{
            "DesignAllocation":"N/A",
            "DesignInterventionModel":"Single Group Assignment",
            "DesignPrimaryPurpose":"Prevention",
            "DesignMaskingInfo":{
              "DesignMasking":"None (Open Label)"
            }
          },
          "EnrollmentInfo":{
            "EnrollmentCount":"20000",
            "EnrollmentType":"Anticipated"
          }
        },
        "ArmsInterventionsModule":{
          "ArmGroupList":{
            "ArmGroup":[
              {
                "ArmGroupLabel":"HPV self sampling test ordered",
                "ArmGroupType":"Other",
                "ArmGroupDescription":"An invitation to order a HPV self sampling test through an online application will be sent by SMS",
                "ArmGroupInterventionList":{
                  "ArmGroupInterventionName":[
                    "Other: Sending of screening summon."
                  ]
                }
              }
            ]
          },
          "InterventionList":{
            "Intervention":[
              {
                "InterventionType":"Other",
                "InterventionName":"Sending of screening summon.",
                "InterventionDescription":"A Cobas PCR Female swab sample packet will be sent. Response rates will be measured.",
                "InterventionArmGroupLabelList":{
                  "InterventionArmGroupLabel":[
                    "HPV self sampling test ordered"
                  ]
                },
                "InterventionOtherNameList":{
                  "InterventionOtherName":[
                    "Response to screening summon."
                  ]
                }
              }
            ]
          }
        },
        "OutcomesModule":{
          "PrimaryOutcomeList":{
            "PrimaryOutcome":[
              {
                "PrimaryOutcomeMeasure":"Proportion of women responding to summon",
                "PrimaryOutcomeDescription":"Participation rate in screening after summons.",
                "PrimaryOutcomeTimeFrame":"Measured from the date of the summons until 12 months after the summons"
              }
            ]
          },
          "SecondaryOutcomeList":{
            "SecondaryOutcome":[
              {
                "SecondaryOutcomeMeasure":"Number of positive screens",
                "SecondaryOutcomeDescription":"Screening test results",
                "SecondaryOutcomeTimeFrame":"Measured from the date of the summons until 12 months after the summons"
              },{
                "SecondaryOutcomeMeasure":"Rate of precursors of cancer",
                "SecondaryOutcomeDescription":"Cytologically and histopathologically confirmed percursors of cervical cancer.",
                "SecondaryOutcomeTimeFrame":"Measured from the date of the summons until 12 months after the summons"
              },{
                "SecondaryOutcomeMeasure":"Rate of cancer",
                "SecondaryOutcomeDescription":"Histopathologically confirmed cervical cancers.",
                "SecondaryOutcomeTimeFrame":"Measured from the date of the summons until 12 months after the summons"
              }
            ]
          }
        },
        "EligibilityModule":{
          "EligibilityCriteria":"Inclusion Criteria:\n\nWomen resident in Region Skane who either: 1) have had glandular cell transformation that has not been followed-up, 2) are older than 65 years and have had cell transformation that has not been followed-up or who have not participated in screening during the last 10 years, 3) women who have not been screened for more than 15 years.\n\nExclusion Criteria:\n\nNo exclusion except those who do not consent.",
          "HealthyVolunteers":"No",
          "Gender":"Female",
          "GenderBased":"Yes",
          "GenderDescription":"Only women have a cervix",
          "MinimumAge":"33 Years",
          "MaximumAge":"75 Years",
          "StdAgeList":{
            "StdAge":[
              "Adult",
              "Older Adult"
            ]
          }
        },
        "ContactsLocationsModule":{
          "CentralContactList":{
            "CentralContact":[
              {
                "CentralContactName":"Miriam Elfström, PhD",
                "CentralContactRole":"Contact",
                "CentralContactPhone":"+46(0)703816277",
                "CentralContactEMail":"Miriam.elfstrom@sll.se"
              },{
                "CentralContactName":"Helena Andersson, PhD",
                "CentralContactRole":"Contact",
                "CentralContactPhone":"+46-858581894",
                "CentralContactEMail":"helena.andersson.1@ki.se"
              }
            ]
          },
          "OverallOfficialList":{
            "OverallOfficial":[
              {
                "OverallOfficialName":"Miriam Elfström, PhD",
                "OverallOfficialAffiliation":"Karolinska Institutet",
                "OverallOfficialRole":"Principal Investigator"
              }
            ]
          },
          "LocationList":{
            "Location":[
              {
                "LocationFacility":"Southern Region",
                "LocationStatus":"Recruiting",
                "LocationCity":"Lund",
                "LocationState":"Skåne",
                "LocationZip":"221 00",
                "LocationCountry":"Sweden",
                "LocationContactList":{
                  "LocationContact":[
                    {
                      "LocationContactName":"Christer Borgfeldt, MD, PhD",
                      "LocationContactRole":"Contact",
                      "LocationContactPhone":"+46 (0) 70-995 04 72",
                      "LocationContactEMail":"Christer.Borgfeldt@med.lu.se"
                    }
                  ]
                }
              },{
                "LocationFacility":"Northern Region",
                "LocationStatus":"Recruiting",
                "LocationCity":"Umeå",
                "LocationState":"Västerbotten",
                "LocationZip":"901 87",
                "LocationCountry":"Sweden",
                "LocationContactList":{
                  "LocationContact":[
                    {
                      "LocationContactName":"Lena Silfverdal, MD, PhD",
                      "LocationContactRole":"Contact",
                      "LocationContactPhone":"+46 90 785 03 79",
                      "LocationContactEMail":"lena.silfverdal@regionvasterbotten.se"
                    }
                  ]
                }
              },{
                "LocationFacility":"Western Region",
                "LocationStatus":"Recruiting",
                "LocationCity":"Gothenburg",
                "LocationState":"Västra Götaland",
                "LocationZip":"413 45",
                "LocationCountry":"Sweden",
                "LocationContactList":{
                  "LocationContact":[
                    {
                      "LocationContactName":"Anne Ekeryd Andalen, MD",
                      "LocationContactRole":"Contact",
                      "LocationContactPhone":"+46 (0) 70-082 32 88",
                      "LocationContactEMail":"anne.ekeryd-andalen@rccvast.se"
                    }
                  ]
                }
              },{
                "LocationFacility":"Region of Stockholm-Gotland",
                "LocationStatus":"Recruiting",
                "LocationCity":"Stockholm",
                "LocationZip":"112 18",
                "LocationCountry":"Sweden",
                "LocationContactList":{
                  "LocationContact":[
                    {
                      "LocationContactName":"Stina Fuentes, MD",
                      "LocationContactRole":"Contact",
                      "LocationContactPhone":"+46 (0) 70-490 98 28"
                    }
                  ]
                }
              },{
                "LocationFacility":"Region of Middle Sweden",
                "LocationStatus":"Recruiting",
                "LocationCity":"Uppsala",
                "LocationZip":"751 85",
                "LocationCountry":"Sweden",
                "LocationContactList":{
                  "LocationContact":[
                    {
                      "LocationContactName":"Lovisa Bergengren, MD, PhD",
                      "LocationContactRole":"Contact",
                      "LocationContactPhone":"+46 (0) 73-310 45 56",
                      "LocationContactEMail":"lovisa.bergengren@regionorebrolan.se"
                    }
                  ]
                }
              },{
                "LocationFacility":"Southeast Region",
                "LocationStatus":"Recruiting",
                "LocationCity":"Linköping",
                "LocationState":"Östergötland",
                "LocationZip":"581 85",
                "LocationCountry":"Sweden",
                "LocationContactList":{
                  "LocationContact":[
                    {
                      "LocationContactName":"Hanna Eriksson",
                      "LocationContactRole":"Contact",
                      "LocationContactPhone":"+46 (0) 73-076 81 07",
                      "LocationContactEMail":"hanna.ma.eriksson@regionostergotland.se"
                    }
                  ]
                }
              }
            ]
          }
        },
        "ReferencesModule":{
          "ReferenceList":{
            "Reference":[
              {
                "ReferencePMID":"31032904",
                "ReferenceType":"background",
                "ReferenceCitation":"Elfström KM, Sundström K, Andersson S, Bzhalava Z, Carlsten Thor A, Gzoul Z, Öhman D, Lamin H, Eklund C, Dillner J, Törnberg S. Increasing participation in cervical screening by targeting long-term nonattenders: Randomized health services study. Int J Cancer. 2019 Dec 1;145(11):3033-3039. doi: 10.1002/ijc.32374. Epub 2019 May 10."
              }
            ]
          }
        },
        "IPDSharingStatementModule":{
          "IPDSharing":"No"
        }
      },
      "DerivedSection":{
        "MiscInfoModule":{
          "VersionHolder":"April 19, 2021"
        },
        "ConditionBrowseModule":{
          "ConditionMeshList":{
            "ConditionMesh":[
              {
                "ConditionMeshId":"D000009369",
                "ConditionMeshTerm":"Neoplasms"
              },{
                "ConditionMeshId":"D000002583",
                "ConditionMeshTerm":"Uterine Cervical Neoplasms"
              },{
                "ConditionMeshId":"D000009371",
                "ConditionMeshTerm":"Neoplasms by Site"
              },{
                "ConditionMeshId":"D000014594",
                "ConditionMeshTerm":"Uterine Neoplasms"
              },{
                "ConditionMeshId":"D000005833",
                "ConditionMeshTerm":"Genital Neoplasms, Female"
              },{
                "ConditionMeshId":"D000014591",
                "ConditionMeshTerm":"Uterine Diseases"
              },{
                "ConditionMeshId":"D000002577",
                "ConditionMeshTerm":"Uterine Cervical Diseases"
              }
            ]
          },
          "ConditionAncestorList":{
            "ConditionAncestor":[
              {
                "ConditionAncestorId":"D000014565",
                "ConditionAncestorTerm":"Urogenital Neoplasms"
              }
            ]
          },
          "ConditionBrowseLeafList":{
            "ConditionBrowseLeaf":[
              {
                "ConditionBrowseLeafId":"M15925",
                "ConditionBrowseLeafName":"Uterine Neoplasms",
                "ConditionBrowseLeafAsFound":"Uterine Neoplasms",
                "ConditionBrowseLeafRelevance":"high"
              },{
                "ConditionBrowseLeafId":"M4413",
                "ConditionBrowseLeafName":"Uterine Cervical Neoplasms",
                "ConditionBrowseLeafAsFound":"Uterine Cervical Neoplasms",
                "ConditionBrowseLeafRelevance":"high"
              },{
                "ConditionBrowseLeafId":"M7528",
                "ConditionBrowseLeafName":"Genital Neoplasms, Female",
                "ConditionBrowseLeafAsFound":"Genital Neoplasms, Female",
                "ConditionBrowseLeafRelevance":"high"
              },{
                "ConditionBrowseLeafId":"M15922",
                "ConditionBrowseLeafName":"Uterine Diseases",
                "ConditionBrowseLeafAsFound":"Uterine Diseases",
                "ConditionBrowseLeafRelevance":"high"
              },{
                "ConditionBrowseLeafId":"M4408",
                "ConditionBrowseLeafName":"Uterine Cervical Diseases",
                "ConditionBrowseLeafAsFound":"Uterine Cervical Disease",
                "ConditionBrowseLeafRelevance":"high"
              },{
                "ConditionBrowseLeafId":"M15898",
                "ConditionBrowseLeafName":"Urogenital Neoplasms",
                "ConditionBrowseLeafRelevance":"low"
              }
            ]
          },
          "ConditionBrowseBranchList":{
            "ConditionBrowseBranch":[
              {
                "ConditionBrowseBranchAbbrev":"BC04",
                "ConditionBrowseBranchName":"Cancers and Other Neoplasms"
              },{
                "ConditionBrowseBranchAbbrev":"BXS",
                "ConditionBrowseBranchName":"Urinary Tract, Sexual Organs, and Pregnancy Conditions"
              },{
                "ConditionBrowseBranchAbbrev":"All",
                "ConditionBrowseBranchName":"All Conditions"
              }
            ]
          }
        }
      }
    }
  }
}

