{
  "FullStudy":{
    "Rank":59941,
    "Study":{
      "ProtocolSection":{
        "IdentificationModule":{
          "NCTId":"NCT04069520",
          "OrgStudyIdInfo":{
            "OrgStudyId":"2019-0245"
          },
          "Organization":{
            "OrgFullName":"Children's Hospital Medical Center, Cincinnati",
            "OrgClass":"OTHER"
          },
          "BriefTitle":"Neuroplastic Mechanisms Underlying Augmented Neuromuscular Training",
          "OfficialTitle":"Neuroplastic Mechanisms Underlying Augmented Neuromuscular Training"
        },
        "StatusModule":{
          "StatusVerifiedDate":"August 2020",
          "OverallStatus":"Recruiting",
          "ExpandedAccessInfo":{
            "HasExpandedAccess":"No"
          },
          "StartDateStruct":{
            "StartDate":"June 1, 2019",
            "StartDateType":"Actual"
          },
          "PrimaryCompletionDateStruct":{
            "PrimaryCompletionDate":"December 31, 2021",
            "PrimaryCompletionDateType":"Anticipated"
          },
          "CompletionDateStruct":{
            "CompletionDate":"June 30, 2022",
            "CompletionDateType":"Anticipated"
          },
          "StudyFirstSubmitDate":"July 9, 2019",
          "StudyFirstSubmitQCDate":"August 22, 2019",
          "StudyFirstPostDateStruct":{
            "StudyFirstPostDate":"August 28, 2019",
            "StudyFirstPostDateType":"Actual"
          },
          "LastUpdateSubmitDate":"August 21, 2020",
          "LastUpdatePostDateStruct":{
            "LastUpdatePostDate":"August 25, 2020",
            "LastUpdatePostDateType":"Actual"
          }
        },
        "SponsorCollaboratorsModule":{
          "ResponsibleParty":{
            "ResponsiblePartyType":"Sponsor"
          },
          "LeadSponsor":{
            "LeadSponsorName":"Children's Hospital Medical Center, Cincinnati",
            "LeadSponsorClass":"OTHER"
          }
        },
        "OversightModule":{
          "OversightHasDMC":"No",
          "IsFDARegulatedDrug":"No",
          "IsFDARegulatedDevice":"No"
        },
        "DescriptionModule":{
          "BriefSummary":"The purpose of this proposal is to determine the neural mechanisms of augmented neuromuscular training.",
          "DetailedDescription":"Anterior cruciate ligament (ACL) injury is a common activity-related knee injury with a substantial negative impact on individuals and society. Annual direct costs exceed $13 billion, and the long-term indirect costs far exceed that figure, as ACL injury is also linked to accelerated development of disabling osteoarthritis within a few years after injury. The National Public Health Agenda for Osteoarthritis recommends expanding and refining evidence-based ACL injury prevention to reduce this burden. The investigators have identified modifiable risk factors that predict ACL injury in young female athletes. This neuromuscular training targets those factors and shows statistical efficacy in high-risk athletes, but meaningful transfer of low-risk mechanics to the field of play has been limited, as current approaches are not yet decreasing national ACL injury rates in young female athletes. The key gap is how to target mechanisms that allow transfer of risk-reducing motor control strategies from the intervention to the athletic field. The mechanisms that ultimately make such transfer possible are neural, but thus far injury prevention training focusing on neuromuscular control has not utilized neural outcomes. The investigators published and new preliminary data on neuroplasticity related to injury and neuromuscular training demonstrate the proficiency to capture these neural outcomes and future capability to target these neural mechanisms to improve the rate of motor transfer. The data support this proposal's central hypothesis that increased sensory, visual and motor planning activity to improve motor cortex efficiency is the neural mechanism of adaptation transfer to realistic scenarios. The ability to target the neural mechanisms to increase risk-reducing motor transfer from the clinic to the world could revolutionize ACL injury prevention. The transformative, positive impact of such innovative strategies will enhance the delivery of biofeedback to optimize training and increase the potential for sport transfer. This contribution will be significant for ACL injury prevention and associated long-term sequelae in young females. This unique opportunity to enhance ACL injury prevention by targeting neural mechanisms of neuromuscular adaptation and transfer will reduce the incidence of injuries that cause costly and long-term disabling osteoarthritis."
        },
        "ConditionsModule":{
          "ConditionList":{
            "Condition":[
              "Anterior Cruciate Ligament Injuries"
            ]
          }
        },
        "DesignModule":{
          "StudyType":"Interventional",
          "PhaseList":{
            "Phase":[
              "Not Applicable"
            ]
          },
          "DesignInfo":{
            "DesignAllocation":"Randomized",
            "DesignInterventionModel":"Parallel Assignment",
            "DesignPrimaryPurpose":"Prevention",
            "DesignMaskingInfo":{
              "DesignMasking":"Triple",
              "DesignWhoMaskedList":{
                "DesignWhoMasked":[
                  "Participant",
                  "Investigator",
                  "Outcomes Assessor"
                ]
              }
            }
          },
          "EnrollmentInfo":{
            "EnrollmentCount":"120",
            "EnrollmentType":"Anticipated"
          }
        },
        "ArmsInterventionsModule":{
          "ArmGroupList":{
            "ArmGroup":[
              {
                "ArmGroupLabel":"Intervention group",
                "ArmGroupType":"Experimental",
                "ArmGroupDescription":"Group that received the augmented biofeedback",
                "ArmGroupInterventionList":{
                  "ArmGroupInterventionName":[
                    "Other: Augmented biofeedback"
                  ]
                }
              },{
                "ArmGroupLabel":"Comparator",
                "ArmGroupType":"Sham Comparator",
                "ArmGroupDescription":"group that only received the sham comparison feedback",
                "ArmGroupInterventionList":{
                  "ArmGroupInterventionName":[
                    "Other: Sham comparator"
                  ]
                }
              }
            ]
          },
          "InterventionList":{
            "Intervention":[
              {
                "InterventionType":"Other",
                "InterventionName":"Augmented biofeedback",
                "InterventionDescription":"augmented biofeedback received during training sessions",
                "InterventionArmGroupLabelList":{
                  "InterventionArmGroupLabel":[
                    "Intervention group"
                  ]
                }
              },{
                "InterventionType":"Other",
                "InterventionName":"Sham comparator",
                "InterventionDescription":"sham feedback received during training sessions",
                "InterventionArmGroupLabelList":{
                  "InterventionArmGroupLabel":[
                    "Comparator"
                  ]
                }
              }
            ]
          }
        },
        "OutcomesModule":{
          "PrimaryOutcomeList":{
            "PrimaryOutcome":[
              {
                "PrimaryOutcomeMeasure":"Tract-Based Spatial Statistics (TBSS) measured change in diffusion tensor imaging (DTI) regions of interest pre to post intervention",
                "PrimaryOutcomeDescription":"change in DTI measures observed between pre and post intervention MRI scans",
                "PrimaryOutcomeTimeFrame":"2 years"
              }
            ]
          },
          "SecondaryOutcomeList":{
            "SecondaryOutcome":[
              {
                "SecondaryOutcomeMeasure":"TBSS measured change in fMRI regions of interest pre-to post intervention",
                "SecondaryOutcomeDescription":"change in fMRI measures observed between pre and post intervention MRI scans",
                "SecondaryOutcomeTimeFrame":"2 years"
              }
            ]
          }
        },
        "EligibilityModule":{
          "EligibilityCriteria":"Inclusion Criteria:\n\nenrolled in study 2014-2946\nparticipates on voleyball, soccer, or basketball team\n\nExclusion Criteria:\n\ncontraindications for MRI scan\nbraces",
          "HealthyVolunteers":"Accepts Healthy Volunteers",
          "Gender":"Female",
          "GenderBased":"Yes",
          "GenderDescription":"study limited to female athletes",
          "MinimumAge":"12 Years",
          "MaximumAge":"19 Years",
          "StdAgeList":{
            "StdAge":[
              "Child",
              "Adult"
            ]
          }
        },
        "ContactsLocationsModule":{
          "CentralContactList":{
            "CentralContact":[
              {
                "CentralContactName":"Kim D Barber Foss, MS",
                "CentralContactRole":"Contact",
                "CentralContactPhone":"5136365971",
                "CentralContactEMail":"kim.foss@cchmc.org"
              }
            ]
          },
          "OverallOfficialList":{
            "OverallOfficial":[
              {
                "OverallOfficialName":"Gregory D Myer, PhD",
                "OverallOfficialAffiliation":"Cincinnati Childrens",
                "OverallOfficialRole":"Principal Investigator"
              }
            ]
          },
          "LocationList":{
            "Location":[
              {
                "LocationFacility":"Cincinanti Childrens Hospital Medical Center",
                "LocationStatus":"Recruiting",
                "LocationCity":"Cincinnati",
                "LocationState":"Ohio",
                "LocationZip":"45229",
                "LocationCountry":"United States",
                "LocationContactList":{
                  "LocationContact":[
                    {
                      "LocationContactName":"Kim D Barber Foss, MS",
                      "LocationContactRole":"Contact",
                      "LocationContactPhone":"513-636-5971",
                      "LocationContactEMail":"kim.foss@cchmc.org"
                    },{
                      "LocationContactName":"Gregory D Myer, PhD",
                      "LocationContactRole":"Principal Investigator"
                    }
                  ]
                }
              }
            ]
          }
        },
        "IPDSharingStatementModule":{
          "IPDSharing":"No"
        }
      },
      "DocumentSection":{
        "LargeDocumentModule":{
          "LargeDocList":{
            "LargeDoc":[
              {
                "LargeDocTypeAbbrev":"Prot_SAP",
                "LargeDocHasProtocol":"Yes",
                "LargeDocHasSAP":"Yes",
                "LargeDocHasICF":"No",
                "LargeDocLabel":"Study Protocol and Statistical Analysis Plan",
                "LargeDocDate":"February 11, 2019",
                "LargeDocUploadDate":"08/20/2020 15:01",
                "LargeDocFilename":"Prot_SAP_000.pdf"
              },{
                "LargeDocTypeAbbrev":"ICF",
                "LargeDocHasProtocol":"No",
                "LargeDocHasSAP":"No",
                "LargeDocHasICF":"Yes",
                "LargeDocLabel":"Informed Consent Form",
                "LargeDocDate":"March 11, 2020",
                "LargeDocUploadDate":"08/20/2020 15:03",
                "LargeDocFilename":"ICF_001.pdf"
              }
            ]
          }
        }
      },
      "DerivedSection":{
        "MiscInfoModule":{
          "VersionHolder":"April 19, 2021"
        },
        "ConditionBrowseModule":{
          "ConditionMeshList":{
            "ConditionMesh":[
              {
                "ConditionMeshId":"D000070598",
                "ConditionMeshTerm":"Anterior Cruciate Ligament Injuries"
              }
            ]
          },
          "ConditionAncestorList":{
            "ConditionAncestor":[
              {
                "ConditionAncestorId":"D000007718",
                "ConditionAncestorTerm":"Knee Injuries"
              },{
                "ConditionAncestorId":"D000007869",
                "ConditionAncestorTerm":"Leg Injuries"
              },{
                "ConditionAncestorId":"D000014947",
                "ConditionAncestorTerm":"Wounds and Injuries"
              }
            ]
          },
          "ConditionBrowseLeafList":{
            "ConditionBrowseLeaf":[
              {
                "ConditionBrowseLeafId":"M601",
                "ConditionBrowseLeafName":"Anterior Cruciate Ligament Injuries",
                "ConditionBrowseLeafAsFound":"Anterior Cruciate Ligament Injury",
                "ConditionBrowseLeafRelevance":"high"
              },{
                "ConditionBrowseLeafId":"M9321",
                "ConditionBrowseLeafName":"Knee Injuries",
                "ConditionBrowseLeafRelevance":"low"
              },{
                "ConditionBrowseLeafId":"M9464",
                "ConditionBrowseLeafName":"Leg Injuries",
                "ConditionBrowseLeafRelevance":"low"
              },{
                "ConditionBrowseLeafId":"M16268",
                "ConditionBrowseLeafName":"Wounds and Injuries",
                "ConditionBrowseLeafRelevance":"low"
              }
            ]
          },
          "ConditionBrowseBranchList":{
            "ConditionBrowseBranch":[
              {
                "ConditionBrowseBranchAbbrev":"BC26",
                "ConditionBrowseBranchName":"Wounds and Injuries"
              },{
                "ConditionBrowseBranchAbbrev":"All",
                "ConditionBrowseBranchName":"All Conditions"
              }
            ]
          }
        }
      }
    }
  }
}

