{
  "FullStudy":{
    "Rank":60597,
    "Study":{
      "ProtocolSection":{
        "IdentificationModule":{
          "NCTId":"NCT04060966",
          "OrgStudyIdInfo":{
            "OrgStudyId":"18-01945"
          },
          "SecondaryIdInfoList":{
            "SecondaryIdInfo":[
              {
                "SecondaryId":"7R01DA038063-06",
                "SecondaryIdType":"U.S. NIH Grant/Contract",
                "SecondaryIdLink":"https://projectreporter.nih.gov/reporterapi.cfm?PROJECTNUM=7R01DA038063-06&Fy=all"
              }
            ]
          },
          "Organization":{
            "OrgFullName":"NYU Langone Health",
            "OrgClass":"OTHER"
          },
          "BriefTitle":"Neural Mechanisms of Cost and Benefit Integration During Decision-Making, Aim 2: Acute & Lifetime Stress",
          "OfficialTitle":"Neural Mechanisms of Cost and Benefit Integration During Decision-Making, Aim 2: Acute & Lifetime Stress"
        },
        "StatusModule":{
          "StatusVerifiedDate":"September 2020",
          "OverallStatus":"Recruiting",
          "ExpandedAccessInfo":{
            "HasExpandedAccess":"No"
          },
          "StartDateStruct":{
            "StartDate":"May 1, 2019",
            "StartDateType":"Actual"
          },
          "PrimaryCompletionDateStruct":{
            "PrimaryCompletionDate":"September 2021",
            "PrimaryCompletionDateType":"Anticipated"
          },
          "CompletionDateStruct":{
            "CompletionDate":"September 2021",
            "CompletionDateType":"Anticipated"
          },
          "StudyFirstSubmitDate":"August 16, 2019",
          "StudyFirstSubmitQCDate":"August 16, 2019",
          "StudyFirstPostDateStruct":{
            "StudyFirstPostDate":"August 19, 2019",
            "StudyFirstPostDateType":"Actual"
          },
          "LastUpdateSubmitDate":"September 3, 2020",
          "LastUpdatePostDateStruct":{
            "LastUpdatePostDate":"September 7, 2020",
            "LastUpdatePostDateType":"Actual"
          }
        },
        "SponsorCollaboratorsModule":{
          "ResponsibleParty":{
            "ResponsiblePartyType":"Sponsor"
          },
          "LeadSponsor":{
            "LeadSponsorName":"NYU Langone Health",
            "LeadSponsorClass":"OTHER"
          },
          "CollaboratorList":{
            "Collaborator":[
              {
                "CollaboratorName":"National Institute on Drug Abuse (NIDA)",
                "CollaboratorClass":"NIH"
              }
            ]
          }
        },
        "OversightModule":{
          "OversightHasDMC":"No",
          "IsFDARegulatedDrug":"No",
          "IsFDARegulatedDevice":"No"
        },
        "DescriptionModule":{
          "BriefSummary":"The central aim of this study is to characterize how the costs of acute and lifetime stress affect the neural architecture for decision-making in healthy humans. Investigators will use behavioral choice paradigms to measure how the costs of stress influence decisions about rewards (e.g., foods, money) as well as decisions about the use of self-control strategies. They will further examine associations between these stress measures and other decision variables commonly studied in our lab which have well-understood mechanisms, such as risk preferences. This behavioral work lays the foundation for an fMRI experiment that combines our measures of the behavioral costs of stress with neural measures of brain changes. Acute stress will be measured using a physiological stressor (cold-pressor task) coupled with saliva sample collection for cortisol analysis. Lifetime stress will be measured using a computerized life stress survey. We will study three cohorts: One purely behavioral cohort will be examined on-site (n=60). In a smaller subset of participants (n=40), investigators will measure neural activity changes in relevant brain areas as measured with MRI during decisions to use self-control in the presence of rewards. In a larger sample (n=500) the correlation between participants' risk preferences and lifetime stress exposure at scale using Amazon Mechanical Turk subjects will be measured."
        },
        "ConditionsModule":{
          "ConditionList":{
            "Condition":[
              "Healthy"
            ]
          }
        },
        "DesignModule":{
          "StudyType":"Interventional",
          "PhaseList":{
            "Phase":[
              "Not Applicable"
            ]
          },
          "DesignInfo":{
            "DesignAllocation":"N/A",
            "DesignInterventionModel":"Single Group Assignment",
            "DesignPrimaryPurpose":"Basic Science",
            "DesignMaskingInfo":{
              "DesignMasking":"None (Open Label)"
            }
          },
          "EnrollmentInfo":{
            "EnrollmentCount":"500",
            "EnrollmentType":"Anticipated"
          }
        },
        "ArmsInterventionsModule":{
          "ArmGroupList":{
            "ArmGroup":[
              {
                "ArmGroupLabel":"Cold - Pressor Task",
                "ArmGroupType":"Experimental",
                "ArmGroupInterventionList":{
                  "ArmGroupInterventionName":[
                    "Behavioral: Cold Pressor Task"
                  ]
                }
              }
            ]
          },
          "InterventionList":{
            "Intervention":[
              {
                "InterventionType":"Behavioral",
                "InterventionName":"Cold Pressor Task",
                "InterventionDescription":"The acute stress induction is called 'Cold Pressor Task' which consists of participants submerging their dominant forear, in ice-water (0-4°C) for 3 minutes (no-stress group uses warm water,~30°C).",
                "InterventionArmGroupLabelList":{
                  "InterventionArmGroupLabel":[
                    "Cold - Pressor Task"
                  ]
                }
              }
            ]
          }
        },
        "OutcomesModule":{
          "PrimaryOutcomeList":{
            "PrimaryOutcome":[
              {
                "PrimaryOutcomeMeasure":"Between group comparison of how stress exposure imposes costs on human decision making",
                "PrimaryOutcomeDescription":"Group difference in choice (as a function of stress exposure) will be measured using standard regression analyses ANOVA and t-tests",
                "PrimaryOutcomeTimeFrame":"2 Hours"
              },{
                "PrimaryOutcomeMeasure":"BrainVoyager QX (Brain Innovation) Group random effects analyses using the summary statistics of data from MRI",
                "PrimaryOutcomeDescription":"Will test whether the mean effect at each voxel is significantly different from zero across subjects. Investigators will define anatomical regions of interest (ROIs) in individual subjects. Voxels will be selected within each ROI according to their fucntional responsiveness in singly subject analyses",
                "PrimaryOutcomeTimeFrame":"15 Minutes"
              },{
                "PrimaryOutcomeMeasure":"correlation coefficient between lifetime stress exposure and risk/ambiguity preferences",
                "PrimaryOutcomeDescription":"Decision variables (risk and ambiguity attitudes) will be estimated using computational modeling approaches published previously in our lab (Levy et al. 2010; Tymula et al. 2013; Grubb et al.,2016) and correlated against lifetime stress (STRAIN) scores.",
                "PrimaryOutcomeTimeFrame":"60 Minutes"
              }
            ]
          }
        },
        "EligibilityModule":{
          "EligibilityCriteria":"Inclusion Criteria:\n\nEnglish as a native language\nCorrected-to-normal vision\nIndividuals on diets to maintain or lose weight, or those not on a diet\nAll races, ethnicities, and cultures\n\nExclusion Criteria:\n\nFor all fMRI studies we will exclude participants who meet one of the standard CBI MRI exclusion criteria (see attached exclusion questionnaire) prior to participation. This screening questionnaire will be administered prior to scheduling the study, and once again before the scanner session during the second consenting procedure.\nHistory of and/or medication for neurological or psychiatric disorders\nHigh blood pressure, heart condition or related medical conditions\nDiabetes, metabolic disorders, history of eating disorders, or food allergies\nPregnancy\nHandedness (this has been shown be indicative of variations in brain circuitry)\nSince we will measure stress hormones, subjects currently taking corticosteroids or beta-blockers will be ineligible to participate, as these medications have been found to dramatically alter stress hormone levels.\nFurthermore, evidence suggests that fluctuations in bodily hormones (such as that induced through hormonal contraceptives or different stages of menstrual cycle phase) can affect stress hormone levels (Tersman, Collins, & Eneroth, 1991; Kirschbaum et al, 1999; Andreano, Arjomanid, Cahill, 2008). In order to account for hormonal differences, we will ask female participants if they are taking oral contraceptives. Likewise, we propose to use a simple, non-invasive questionnaire to determine cycle phase, as in McCormick & Teillon, 2001. We may need to exclude on the basis of whether or not female participants use hormone-based contraceptives, which, for the reason stated above, could be a potential confound.\nIn some cases, we will pre-screen subjects to ensure they are on a diet to maintain or lose weight in order to examine how dietary and health goals influence decisions about self-control and rewards.",
          "HealthyVolunteers":"Accepts Healthy Volunteers",
          "Gender":"All",
          "MinimumAge":"18 Years",
          "MaximumAge":"64 Years",
          "StdAgeList":{
            "StdAge":[
              "Adult"
            ]
          }
        },
        "ContactsLocationsModule":{
          "CentralContactList":{
            "CentralContact":[
              {
                "CentralContactName":"Paul Glimcher, PhD",
                "CentralContactRole":"Contact",
                "CentralContactPhone":"212-263-8169",
                "CentralContactEMail":"paulg@nyu.edu"
              }
            ]
          },
          "OverallOfficialList":{
            "OverallOfficial":[
              {
                "OverallOfficialName":"Paul Glimcher, PhD",
                "OverallOfficialAffiliation":"New York Langone Health",
                "OverallOfficialRole":"Principal Investigator"
              }
            ]
          },
          "LocationList":{
            "Location":[
              {
                "LocationFacility":"NYU Langone Health",
                "LocationStatus":"Recruiting",
                "LocationCity":"New York",
                "LocationState":"New York",
                "LocationZip":"10016",
                "LocationCountry":"United States",
                "LocationContactList":{
                  "LocationContact":[
                    {
                      "LocationContactName":"Paul Glimcher, MD",
                      "LocationContactRole":"Principal Investigator"
                    }
                  ]
                }
              }
            ]
          }
        }
      },
      "DerivedSection":{
        "MiscInfoModule":{
          "VersionHolder":"April 19, 2021"
        }
      }
    }
  }
}

