{
  "FullStudy":{
    "Rank":60265,
    "Study":{
      "ProtocolSection":{
        "IdentificationModule":{
          "NCTId":"NCT04065295",
          "OrgStudyIdInfo":{
            "OrgStudyId":"1427-0001"
          },
          "SecondaryIdInfoList":{
            "SecondaryIdInfo":[
              {
                "SecondaryId":"2019-000198-22",
                "SecondaryIdType":"EudraCT Number"
              }
            ]
          },
          "Organization":{
            "OrgFullName":"Boehringer Ingelheim",
            "OrgClass":"INDUSTRY"
          },
          "BriefTitle":"A Study to Test How Well Healthy Men Tolerate Different Doses of BI 1356225",
          "OfficialTitle":"A Randomised, Single-blind, Placebo-controlled Trial in Parallel Group Design to Investigate Safety, Tolerability, Pharmacokinetics and Pharmacodynamics of Single Rising Oral Doses of BI 1356225 Administered as Oral Solution and Tablets to Healthy Male Subjects, and a Randomised, Open-label, Single-dose, Two-way Cross-over Bioavailability Comparison of BI 1356225 as Tablet With and Without Food"
        },
        "StatusModule":{
          "StatusVerifiedDate":"January 2020",
          "OverallStatus":"Completed",
          "ExpandedAccessInfo":{
            "HasExpandedAccess":"No"
          },
          "StartDateStruct":{
            "StartDate":"September 9, 2019",
            "StartDateType":"Actual"
          },
          "PrimaryCompletionDateStruct":{
            "PrimaryCompletionDate":"December 23, 2019",
            "PrimaryCompletionDateType":"Actual"
          },
          "CompletionDateStruct":{
            "CompletionDate":"December 23, 2019",
            "CompletionDateType":"Actual"
          },
          "StudyFirstSubmitDate":"August 21, 2019",
          "StudyFirstSubmitQCDate":"August 21, 2019",
          "StudyFirstPostDateStruct":{
            "StudyFirstPostDate":"August 22, 2019",
            "StudyFirstPostDateType":"Actual"
          },
          "LastUpdateSubmitDate":"January 15, 2020",
          "LastUpdatePostDateStruct":{
            "LastUpdatePostDate":"January 18, 2020",
            "LastUpdatePostDateType":"Actual"
          }
        },
        "SponsorCollaboratorsModule":{
          "ResponsibleParty":{
            "ResponsiblePartyType":"Sponsor"
          },
          "LeadSponsor":{
            "LeadSponsorName":"Boehringer Ingelheim",
            "LeadSponsorClass":"INDUSTRY"
          }
        },
        "OversightModule":{
          "OversightHasDMC":"No",
          "IsFDARegulatedDrug":"No",
          "IsFDARegulatedDevice":"No"
        },
        "DescriptionModule":{
          "BriefSummary":"The main objectives of the SRD part of this trial are to investigate safety, tolerability, pharmacokinetics (PK) and pharmacodynamics (PD) of BI 1356225 in healthy male subjects following oral administration of single rising doses. The main objective of the BA part of this trial will be to explore the influence of food on the bioavailability of tablet fasted versus tablet fed"
        },
        "ConditionsModule":{
          "ConditionList":{
            "Condition":[
              "Healthy"
            ]
          }
        },
        "DesignModule":{
          "StudyType":"Interventional",
          "PhaseList":{
            "Phase":[
              "Phase 1"
            ]
          },
          "DesignInfo":{
            "DesignAllocation":"Randomized",
            "DesignInterventionModel":"Parallel Assignment",
            "DesignPrimaryPurpose":"Treatment",
            "DesignMaskingInfo":{
              "DesignMasking":"Single",
              "DesignWhoMaskedList":{
                "DesignWhoMasked":[
                  "Participant"
                ]
              }
            }
          },
          "EnrollmentInfo":{
            "EnrollmentCount":"65",
            "EnrollmentType":"Actual"
          }
        },
        "ArmsInterventionsModule":{
          "ArmGroupList":{
            "ArmGroup":[
              {
                "ArmGroupLabel":"Single Rising Dose Part",
                "ArmGroupType":"Experimental",
                "ArmGroupInterventionList":{
                  "ArmGroupInterventionName":[
                    "Drug: BI 1356225",
                    "Drug: Placebo"
                  ]
                }
              },{
                "ArmGroupLabel":"Bioavailability Part",
                "ArmGroupType":"Experimental",
                "ArmGroupInterventionList":{
                  "ArmGroupInterventionName":[
                    "Drug: BI 1356225"
                  ]
                }
              }
            ]
          },
          "InterventionList":{
            "Intervention":[
              {
                "InterventionType":"Drug",
                "InterventionName":"BI 1356225",
                "InterventionDescription":"Oral Dose",
                "InterventionArmGroupLabelList":{
                  "InterventionArmGroupLabel":[
                    "Bioavailability Part",
                    "Single Rising Dose Part"
                  ]
                }
              },{
                "InterventionType":"Drug",
                "InterventionName":"Placebo",
                "InterventionDescription":"Oral dose",
                "InterventionArmGroupLabelList":{
                  "InterventionArmGroupLabel":[
                    "Single Rising Dose Part"
                  ]
                }
              }
            ]
          }
        },
        "OutcomesModule":{
          "PrimaryOutcomeList":{
            "PrimaryOutcome":[
              {
                "PrimaryOutcomeMeasure":"The primary endpoint for assessment of safety and tolerability of BI 1356225 is the percentage of subjects with drug-related adverse events (both trial parts)",
                "PrimaryOutcomeTimeFrame":"Up to 30 days"
              }
            ]
          },
          "SecondaryOutcomeList":{
            "SecondaryOutcome":[
              {
                "SecondaryOutcomeMeasure":"AUC0-∞ (area under the concentration-time curve of the analyte in plasma over the time interval from 0 extrapolated to infinity)",
                "SecondaryOutcomeTimeFrame":"Up to 30 days"
              },{
                "SecondaryOutcomeMeasure":"Cmax (maximum measured concentration of the analyte in plasma)",
                "SecondaryOutcomeTimeFrame":"Up to 30 days"
              }
            ]
          }
        },
        "EligibilityModule":{
          "EligibilityCriteria":"Inclusion Criteria:\n\nHealthy male subjects according to the assessment of the investigator, as based on a complete medical history including a physical examination, vital signs (BP, PR), 12-lead ECG, and clinical laboratory tests\nAge of 18 to 45 years (inclusive)\nBMI of 18.5 to 29.9 kg/m2 (inclusive)\nSigned and dated written informed consent prior to admission to the study, in accordance with GCP and local legislation\n\nExclusion Criteria:\n\nAny finding in the medical examination (including BP, PR or ECG) deviating from normal and assessed as clinically relevant by the investigator\nRepeated measurement of systolic blood pressure outside the range of 90 to 140 mmHg, diastolic blood pressure outside the range of 50 to 90 mmHg, or pulse rate outside the range of 50 to 90 bpm\nAny laboratory value outside the reference range that the investigator considers to be of clinical relevance\nAny evidence of a concomitant disease assessed as clinically relevant by the investigator\nGastrointestinal, hepatic, renal, respiratory, cardiovascular, metabolic, immunological or hormonal disorders\nCholecystectomy or other surgery of the gastrointestinal tract that could interfere with the pharmacokinetics of the trial medication (except appendectomy or simple hernia repair)\nDiseases of the central nervous system (including but not limited to any kind of seizures or stroke), and other relevant neurological or psychiatric disorders\nFurther exclusion criteria apply",
          "HealthyVolunteers":"Accepts Healthy Volunteers",
          "Gender":"Male",
          "MinimumAge":"18 Years",
          "MaximumAge":"45 Years",
          "StdAgeList":{
            "StdAge":[
              "Adult"
            ]
          }
        },
        "ContactsLocationsModule":{
          "LocationList":{
            "Location":[
              {
                "LocationFacility":"Humanpharmakologisches Zentrum Biberach",
                "LocationCity":"Biberach",
                "LocationZip":"88397",
                "LocationCountry":"Germany"
              }
            ]
          }
        },
        "IPDSharingStatementModule":{
          "IPDSharing":"No",
          "IPDSharingDescription":"Clinical studies sponsored by Boehringer Ingelheim, phases I to IV, interventional and non-interventional, are in scope for sharing of the raw clinical study data and clinical study documents, except for the following exclusions:\n\n1. studies in products where Boehringer Ingelheim is not the license holder; 2. studies regarding pharmaceutical formulations and associated analytical methods, and studies pertinent to pharmacokinetics using human biomaterials; 3. studies conducted in a single center or targeting rare diseases (because of limitations with anonymization). For more details refer to: http://trials.boehringer-ingelheim.com/"
        }
      },
      "DerivedSection":{
        "MiscInfoModule":{
          "VersionHolder":"April 19, 2021"
        },
        "ConditionBrowseModule":{
          "ConditionBrowseLeafList":{
            "ConditionBrowseLeaf":[
              {
                "ConditionBrowseLeafId":"T4202",
                "ConditionBrowseLeafName":"Oculocerebral Syndrome With Hypopigmentation",
                "ConditionBrowseLeafRelevance":"low"
              }
            ]
          },
          "ConditionBrowseBranchList":{
            "ConditionBrowseBranch":[
              {
                "ConditionBrowseBranchAbbrev":"Rare",
                "ConditionBrowseBranchName":"Rare Diseases"
              },{
                "ConditionBrowseBranchAbbrev":"All",
                "ConditionBrowseBranchName":"All Conditions"
              }
            ]
          }
        },
        "InterventionBrowseModule":{
          "InterventionBrowseLeafList":{
            "InterventionBrowseLeaf":[
              {
                "InterventionBrowseLeafId":"M20444",
                "InterventionBrowseLeafName":"Pharmaceutical Solutions",
                "InterventionBrowseLeafRelevance":"low"
              }
            ]
          },
          "InterventionBrowseBranchList":{
            "InterventionBrowseBranch":[
              {
                "InterventionBrowseBranchAbbrev":"PhSol",
                "InterventionBrowseBranchName":"Pharmaceutical Solutions"
              },{
                "InterventionBrowseBranchAbbrev":"All",
                "InterventionBrowseBranchName":"All Drugs and Chemicals"
              }
            ]
          }
        }
      }
    }
  }
}

