{
  "FullStudy":{
    "Rank":60587,
    "Study":{
      "ProtocolSection":{
        "IdentificationModule":{
          "NCTId":"NCT04061096",
          "OrgStudyIdInfo":{
            "OrgStudyId":"Didem Sakaryali"
          },
          "Organization":{
            "OrgFullName":"Baskent University",
            "OrgClass":"OTHER"
          },
          "BriefTitle":"Local Anesthesia in Molar Teeth With Molar Incisor Hypomineralization",
          "OfficialTitle":"Effectiveness Of Local Anesthesia In Molar Teeth With Molar Incisor Hypomineralization-A Prospective Study"
        },
        "StatusModule":{
          "StatusVerifiedDate":"August 2019",
          "OverallStatus":"Completed",
          "ExpandedAccessInfo":{
            "HasExpandedAccess":"No"
          },
          "StartDateStruct":{
            "StartDate":"September 1, 2014",
            "StartDateType":"Actual"
          },
          "PrimaryCompletionDateStruct":{
            "PrimaryCompletionDate":"May 1, 2018",
            "PrimaryCompletionDateType":"Actual"
          },
          "CompletionDateStruct":{
            "CompletionDate":"May 1, 2018",
            "CompletionDateType":"Actual"
          },
          "StudyFirstSubmitDate":"August 10, 2019",
          "StudyFirstSubmitQCDate":"August 16, 2019",
          "StudyFirstPostDateStruct":{
            "StudyFirstPostDate":"August 19, 2019",
            "StudyFirstPostDateType":"Actual"
          },
          "LastUpdateSubmitDate":"August 16, 2019",
          "LastUpdatePostDateStruct":{
            "LastUpdatePostDate":"August 19, 2019",
            "LastUpdatePostDateType":"Actual"
          }
        },
        "SponsorCollaboratorsModule":{
          "ResponsibleParty":{
            "ResponsiblePartyType":"Sponsor-Investigator",
            "ResponsiblePartyInvestigatorFullName":"Didem Sakaryali",
            "ResponsiblePartyInvestigatorTitle":"Asst. Prof. Dr.",
            "ResponsiblePartyInvestigatorAffiliation":"Baskent University"
          },
          "LeadSponsor":{
            "LeadSponsorName":"Didem Sakaryali",
            "LeadSponsorClass":"OTHER"
          }
        },
        "OversightModule":{
          "OversightHasDMC":"No",
          "IsFDARegulatedDrug":"No",
          "IsFDARegulatedDevice":"No"
        },
        "DescriptionModule":{
          "BriefSummary":"To compare responses to electrical pulp test (EPT) and cold test among molar incisor hypomineralization (MIH)-effected and not MIH-effected carious teeth before and after administration of local anesthesia for caries removal.",
          "DetailedDescription":"Fifty carious permanent first molar teeth (25 MIH-effected, 25 not MIH-effected) were included. Firstly, radiographic caries depth, International Caries Detection and Assessment System (ICDAS) codes and MIH levels of teeth were recorded. Then, during the treatment, EPT and cold test were performed before and after the administration of local anesthesia. Visual Analog Scale for Pain was used to evaluate cold test and pain during treatment. When interpreting results, significancy level was stated for the values of p<0.05."
        },
        "ConditionsModule":{
          "ConditionList":{
            "Condition":[
              "Molar Incisor Hypomineralization"
            ]
          },
          "KeywordList":{
            "Keyword":[
              "Anesthesia",
              "Cold test",
              "Electrical pulp test"
            ]
          }
        },
        "DesignModule":{
          "StudyType":"Interventional",
          "PhaseList":{
            "Phase":[
              "Not Applicable"
            ]
          },
          "DesignInfo":{
            "DesignAllocation":"Non-Randomized",
            "DesignInterventionModel":"Parallel Assignment",
            "DesignPrimaryPurpose":"Diagnostic",
            "DesignMaskingInfo":{
              "DesignMasking":"None (Open Label)",
              "DesignMaskingDescription":"no need"
            }
          },
          "EnrollmentInfo":{
            "EnrollmentCount":"38",
            "EnrollmentType":"Actual"
          }
        },
        "ArmsInterventionsModule":{
          "ArmGroupList":{
            "ArmGroup":[
              {
                "ArmGroupLabel":"MIH-effected carious first permanent molar teeth",
                "ArmGroupType":"Active Comparator",
                "ArmGroupDescription":"MIH-effected carious permanent first molar teeth were well-demarcated white/yellow or brown/yellow enamel opacities which is a sign for hypomineralization and asymptomatic which meant to be without any spontaneous pain or pain during eating or drinking, percussion or palpation tenderness, formation of abcess or fistula.",
                "ArmGroupInterventionList":{
                  "ArmGroupInterventionName":[
                    "Diagnostic Test: Evaluation of cold test",
                    "Diagnostic Test: Evaluation of electrical pulp test",
                    "Diagnostic Test: Evaluation of pain during the treatment"
                  ]
                }
              },{
                "ArmGroupLabel":"not MIH-effected carious first permanent molar teeth",
                "ArmGroupType":"Active Comparator",
                "ArmGroupDescription":"The carious not MIH-effected teeth were only carious without any hypomineralize areas and asymptomatic which meant to be without any spontaneous pain or pain during eating or drinking, percussion or palpation tenderness, formation of abcess or fistula.",
                "ArmGroupInterventionList":{
                  "ArmGroupInterventionName":[
                    "Diagnostic Test: Evaluation of cold test",
                    "Diagnostic Test: Evaluation of electrical pulp test",
                    "Diagnostic Test: Evaluation of pain during the treatment"
                  ]
                }
              },{
                "ArmGroupLabel":"MIH-effected non-carious first permanent molar teeth",
                "ArmGroupType":"Placebo Comparator",
                "ArmGroupDescription":"MIH-effected teeth were carious permanent first molar teeth with well-demarcated white/yellow or brown/yellow enamel opacities which is a sign for hypomineralization and did not have any sign of caries.",
                "ArmGroupInterventionList":{
                  "ArmGroupInterventionName":[
                    "Diagnostic Test: Evaluation of cold test",
                    "Diagnostic Test: Evaluation of electrical pulp test",
                    "Diagnostic Test: Evaluation of pain during the treatment"
                  ]
                }
              },{
                "ArmGroupLabel":"not MIH-effected non-carious first permanent molar teeth",
                "ArmGroupType":"Placebo Comparator",
                "ArmGroupDescription":"not any signs of being caries or hypomineralization.",
                "ArmGroupInterventionList":{
                  "ArmGroupInterventionName":[
                    "Diagnostic Test: Evaluation of cold test",
                    "Diagnostic Test: Evaluation of electrical pulp test",
                    "Diagnostic Test: Evaluation of pain during the treatment"
                  ]
                }
              }
            ]
          },
          "InterventionList":{
            "Intervention":[
              {
                "InterventionType":"Diagnostic Test",
                "InterventionName":"Evaluation of cold test",
                "InterventionDescription":"Cold test evaluation to describe the sensitivity level of teeth due to induce the hydrodynamic forces in dentine tubules.",
                "InterventionArmGroupLabelList":{
                  "InterventionArmGroupLabel":[
                    "MIH-effected carious first permanent molar teeth",
                    "MIH-effected non-carious first permanent molar teeth",
                    "not MIH-effected carious first permanent molar teeth",
                    "not MIH-effected non-carious first permanent molar teeth"
                  ]
                }
              },{
                "InterventionType":"Diagnostic Test",
                "InterventionName":"Evaluation of electrical pulp test",
                "InterventionDescription":"Electrical pulp test evaluation to describe the sensitivity level of teeth due to induce the nerve fibers in pulp tissue.",
                "InterventionArmGroupLabelList":{
                  "InterventionArmGroupLabel":[
                    "MIH-effected carious first permanent molar teeth",
                    "MIH-effected non-carious first permanent molar teeth",
                    "not MIH-effected carious first permanent molar teeth",
                    "not MIH-effected non-carious first permanent molar teeth"
                  ]
                }
              },{
                "InterventionType":"Diagnostic Test",
                "InterventionName":"Evaluation of pain during the treatment",
                "InterventionDescription":"Describe the sensitivity level due to induce the hydrodynamic forces during treatment procedure.",
                "InterventionArmGroupLabelList":{
                  "InterventionArmGroupLabel":[
                    "MIH-effected carious first permanent molar teeth",
                    "MIH-effected non-carious first permanent molar teeth",
                    "not MIH-effected carious first permanent molar teeth",
                    "not MIH-effected non-carious first permanent molar teeth"
                  ]
                }
              }
            ]
          }
        },
        "OutcomesModule":{
          "PrimaryOutcomeList":{
            "PrimaryOutcome":[
              {
                "PrimaryOutcomeMeasure":"Cold test results",
                "PrimaryOutcomeDescription":"Visual Analog Scale for Pain was used to evaluate the cold tests for before and after the local anesthesia. Visual analog scale was used to rate the sensitivity level of patients with 6 different faces representing different levels of pain from \"0=no pain\" to \"10=unbearable pain\".",
                "PrimaryOutcomeTimeFrame":"Time frame of cold test evaluation was aproximately 1 hour for each participant."
              },{
                "PrimaryOutcomeMeasure":"Electrical pulp test results",
                "PrimaryOutcomeDescription":"Electrical pulp test values at which patients felt sensitive were recorded.",
                "PrimaryOutcomeTimeFrame":"Time frame of electrical pulp test evaluation was aproximately 1 hour for each participant."
              },{
                "PrimaryOutcomeMeasure":"Pain during the treatment",
                "PrimaryOutcomeDescription":"Visual Analog Scale for Pain was used to evaluate the pain during the treatment. Visual analog scale was used to rate the sensitivity level of patients with 6 different faces representing different levels of pain from \"0=no pain\" to \"10=unbearable pain\".",
                "PrimaryOutcomeTimeFrame":"Pain during the treatment was evaluated for aproximately 1 hour for each participant."
              }
            ]
          }
        },
        "EligibilityModule":{
          "EligibilityCriteria":"Inclusion Criteria:\n\nHealthy participants\n\nExclusion Criteria:\n\nNot being cooperative during treatment procedure",
          "HealthyVolunteers":"Accepts Healthy Volunteers",
          "Gender":"All",
          "MinimumAge":"6 Years",
          "MaximumAge":"12 Years",
          "StdAgeList":{
            "StdAge":[
              "Child"
            ]
          }
        },
        "ContactsLocationsModule":{
          "OverallOfficialList":{
            "OverallOfficial":[
              {
                "OverallOfficialName":"Didem Sakaryali, Asst.Prof.",
                "OverallOfficialAffiliation":"Baskent University",
                "OverallOfficialRole":"Principal Investigator"
              }
            ]
          }
        },
        "IPDSharingStatementModule":{
          "IPDSharing":"No",
          "IPDSharingDescription":"The authors decided to share the information of this study after the study will be published in a scientific journal."
        }
      },
      "AnnotationSection":{
        "AnnotationModule":{
          "UnpostedAnnotation":{
            "UnpostedResponsibleParty":"Didem Sakaryali, Asst. Prof. Dr., Baskent University",
            "UnpostedEventList":{
              "UnpostedEvent":[
                {
                  "UnpostedEventType":"Release",
                  "UnpostedEventDate":"August 17, 2019"
                },{
                  "UnpostedEventType":"Reset",
                  "UnpostedEventDate":"September 19, 2019"
                },{
                  "UnpostedEventType":"Release",
                  "UnpostedEventDate":"September 29, 2019"
                },{
                  "UnpostedEventType":"Reset",
                  "UnpostedEventDate":"October 22, 2019"
                }
              ]
            }
          }
        }
      },
      "DerivedSection":{
        "MiscInfoModule":{
          "VersionHolder":"April 19, 2021"
        },
        "ConditionBrowseModule":{
          "ConditionMeshList":{
            "ConditionMesh":[
              {
                "ConditionMeshId":"D000003744",
                "ConditionMeshTerm":"Dental Enamel Hypoplasia"
              }
            ]
          },
          "ConditionAncestorList":{
            "ConditionAncestor":[
              {
                "ConditionAncestorId":"D000014071",
                "ConditionAncestorTerm":"Tooth Abnormalities"
              },{
                "ConditionAncestorId":"D000018640",
                "ConditionAncestorTerm":"Stomatognathic System Abnormalities"
              },{
                "ConditionAncestorId":"D000009057",
                "ConditionAncestorTerm":"Stomatognathic Diseases"
              },{
                "ConditionAncestorId":"D000014076",
                "ConditionAncestorTerm":"Tooth Diseases"
              },{
                "ConditionAncestorId":"D000000013",
                "ConditionAncestorTerm":"Congenital Abnormalities"
              }
            ]
          },
          "ConditionBrowseLeafList":{
            "ConditionBrowseLeaf":[
              {
                "ConditionBrowseLeafId":"M5524",
                "ConditionBrowseLeafName":"Dental Enamel Hypoplasia",
                "ConditionBrowseLeafAsFound":"Molar Incisor Hypomineralization",
                "ConditionBrowseLeafRelevance":"high"
              },{
                "ConditionBrowseLeafId":"M12",
                "ConditionBrowseLeafName":"Congenital Abnormalities",
                "ConditionBrowseLeafRelevance":"low"
              },{
                "ConditionBrowseLeafId":"M15409",
                "ConditionBrowseLeafName":"Tooth Abnormalities",
                "ConditionBrowseLeafRelevance":"low"
              },{
                "ConditionBrowseLeafId":"M19311",
                "ConditionBrowseLeafName":"Stomatognathic System Abnormalities",
                "ConditionBrowseLeafRelevance":"low"
              },{
                "ConditionBrowseLeafId":"M10600",
                "ConditionBrowseLeafName":"Stomatognathic Diseases",
                "ConditionBrowseLeafRelevance":"low"
              },{
                "ConditionBrowseLeafId":"M15414",
                "ConditionBrowseLeafName":"Tooth Diseases",
                "ConditionBrowseLeafRelevance":"low"
              }
            ]
          },
          "ConditionBrowseBranchList":{
            "ConditionBrowseBranch":[
              {
                "ConditionBrowseBranchAbbrev":"BC07",
                "ConditionBrowseBranchName":"Mouth and Tooth Diseases"
              },{
                "ConditionBrowseBranchAbbrev":"BC16",
                "ConditionBrowseBranchName":"Diseases and Abnormalities at or Before Birth"
              },{
                "ConditionBrowseBranchAbbrev":"All",
                "ConditionBrowseBranchName":"All Conditions"
              }
            ]
          }
        },
        "InterventionBrowseModule":{
          "InterventionBrowseLeafList":{
            "InterventionBrowseLeaf":[
              {
                "InterventionBrowseLeafId":"M2688",
                "InterventionBrowseLeafName":"Anesthetics",
                "InterventionBrowseLeafRelevance":"low"
              }
            ]
          },
          "InterventionBrowseBranchList":{
            "InterventionBrowseBranch":[
              {
                "InterventionBrowseBranchAbbrev":"CNSDep",
                "InterventionBrowseBranchName":"Central Nervous System Depressants"
              },{
                "InterventionBrowseBranchAbbrev":"All",
                "InterventionBrowseBranchName":"All Drugs and Chemicals"
              }
            ]
          }
        }
      }
    }
  }
}

