{
  "FullStudy":{
    "Rank":60429,
    "Study":{
      "ProtocolSection":{
        "IdentificationModule":{
          "NCTId":"NCT04063150",
          "OrgStudyIdInfo":{
            "OrgStudyId":"19058"
          },
          "Organization":{
            "OrgFullName":"Centers for Disease Control and Prevention",
            "OrgClass":"FED"
          },
          "BriefTitle":"Immunogenicity of Intramuscular and Intradermal IPV",
          "OfficialTitle":"Immunogenicity of Intramuscular and Intradermal Inactivated Poliovirus Vaccine in Routine Immunization",
          "Acronym":"IM and ID IPV"
        },
        "StatusModule":{
          "StatusVerifiedDate":"October 2019",
          "OverallStatus":"Terminated",
          "WhyStopped":"COVID-19 pandemic",
          "ExpandedAccessInfo":{
            "HasExpandedAccess":"No"
          },
          "StartDateStruct":{
            "StartDate":"October 6, 2019",
            "StartDateType":"Actual"
          },
          "PrimaryCompletionDateStruct":{
            "PrimaryCompletionDate":"March 25, 2020",
            "PrimaryCompletionDateType":"Actual"
          },
          "CompletionDateStruct":{
            "CompletionDate":"March 25, 2020",
            "CompletionDateType":"Actual"
          },
          "StudyFirstSubmitDate":"August 19, 2019",
          "StudyFirstSubmitQCDate":"August 19, 2019",
          "StudyFirstPostDateStruct":{
            "StudyFirstPostDate":"August 21, 2019",
            "StudyFirstPostDateType":"Actual"
          },
          "LastUpdateSubmitDate":"February 11, 2021",
          "LastUpdatePostDateStruct":{
            "LastUpdatePostDate":"February 15, 2021",
            "LastUpdatePostDateType":"Actual"
          }
        },
        "SponsorCollaboratorsModule":{
          "ResponsibleParty":{
            "ResponsiblePartyType":"Sponsor"
          },
          "LeadSponsor":{
            "LeadSponsorName":"Centers for Disease Control and Prevention",
            "LeadSponsorClass":"FED"
          },
          "CollaboratorList":{
            "Collaborator":[
              {
                "CollaboratorName":"International Centre for Diarrhoeal Disease Research, Bangladesh",
                "CollaboratorClass":"OTHER"
              }
            ]
          }
        },
        "OversightModule":{
          "OversightHasDMC":"Yes",
          "IsFDARegulatedDrug":"No",
          "IsFDARegulatedDevice":"No"
        },
        "DescriptionModule":{
          "BriefSummary":"This is an open-label phase IV randomized clinical trial that will compare immune responses among infants who receive different dose schedules of either fractional dose or full dose inactivated poliovirus vaccine (IPV), delivered either intramuscularly or intradermally.",
          "DetailedDescription":"Oral poliovirus vaccine (OPV) cessation is essential to achieve eradication of polio as OPV contains live poliovirus, which can mutate and become neurovirulent. After OPV cessation, inactivated poliovirus vaccine (IPV) will be the only polio vaccine used for routine immunization. This clinical trial will provide poliovirus type-specific immunogenicity data on an IPV or fractional-dose IPV (fIPV)-only schedule for routine immunization, which will be important for post OPV cessation era. For fIPV, it will provide immunogenicity data on fIPV administered either intradermally (ID) or intramuscularly (IM) and allow a direct comparison of the two methods.\n\nHealthy infants 6 weeks of age will be enrolled at two study clinics in Dhaka, Bangladesh, and randomized to one of seven study arms. Infants will be followed-up until 10 months of age through clinic visits. Blood specimens will be collected to test for immunological response."
        },
        "ConditionsModule":{
          "ConditionList":{
            "Condition":[
              "Poliomyelitis"
            ]
          },
          "KeywordList":{
            "Keyword":[
              "inactivated poliovirus vaccine",
              "fractional inactivated poliovirus vaccine",
              "intradermal",
              "intramuscular"
            ]
          }
        },
        "DesignModule":{
          "StudyType":"Interventional",
          "PhaseList":{
            "Phase":[
              "Phase 4"
            ]
          },
          "DesignInfo":{
            "DesignAllocation":"Randomized",
            "DesignInterventionModel":"Parallel Assignment",
            "DesignPrimaryPurpose":"Other",
            "DesignMaskingInfo":{
              "DesignMasking":"None (Open Label)"
            }
          },
          "EnrollmentInfo":{
            "EnrollmentCount":"958",
            "EnrollmentType":"Actual"
          }
        },
        "ArmsInterventionsModule":{
          "ArmGroupList":{
            "ArmGroup":[
              {
                "ArmGroupLabel":"IPV at 14 weeks + 9 months",
                "ArmGroupType":"Active Comparator",
                "ArmGroupDescription":"Participants in this arm will receive full doses (0.5 mL) of IPV at 14 weeks and 9 months of age.",
                "ArmGroupInterventionList":{
                  "ArmGroupInterventionName":[
                    "Biological: IPV"
                  ]
                }
              },{
                "ArmGroupLabel":"IPV at 6 weeks + 9 months",
                "ArmGroupType":"Active Comparator",
                "ArmGroupDescription":"Participants in this arm will receive full doses (0.5 mL) of IPV at 6 weeks and 9 months of age.",
                "ArmGroupInterventionList":{
                  "ArmGroupInterventionName":[
                    "Biological: IPV"
                  ]
                }
              },{
                "ArmGroupLabel":"fIPV ID at 6 weeks + 14 weeks + 9 months",
                "ArmGroupType":"Active Comparator",
                "ArmGroupDescription":"Participants in this arm will receive intradermal fractional doses (0.1 mL) of IPV at 6 weeks, 14 weeks, and 9 months of age.",
                "ArmGroupInterventionList":{
                  "ArmGroupInterventionName":[
                    "Biological: fIPV (0.1 mL) ID"
                  ]
                }
              },{
                "ArmGroupLabel":"fIPV ID at 14 weeks + 9 months",
                "ArmGroupType":"Active Comparator",
                "ArmGroupDescription":"Participants in this arm will receive intradermal fractional doses (0.1 mL) of IPV at 14 weeks and 9 months of age.",
                "ArmGroupInterventionList":{
                  "ArmGroupInterventionName":[
                    "Biological: fIPV (0.1 mL) ID"
                  ]
                }
              },{
                "ArmGroupLabel":"fIPV IM at 6 weeks + 14 weeks + 9 months",
                "ArmGroupType":"Active Comparator",
                "ArmGroupDescription":"Participants in this arm will receive intramuscular fractional doses (0.1 mL) of IPV at 6 weeks, 14 weeks, and 9 months of age.",
                "ArmGroupInterventionList":{
                  "ArmGroupInterventionName":[
                    "Biological: fIPV (0.1mL) IM"
                  ]
                }
              },{
                "ArmGroupLabel":"fIPV 0.1mL IM at 14 weeks + 9 months",
                "ArmGroupType":"Active Comparator",
                "ArmGroupDescription":"Participants in this arm will receive intramuscular fractional doses (0.1 mL) of IPV at 14 weeks and 9 months of age.",
                "ArmGroupInterventionList":{
                  "ArmGroupInterventionName":[
                    "Biological: fIPV (0.1mL) IM"
                  ]
                }
              },{
                "ArmGroupLabel":"fIPV 0.2mL IM at 14 weeks + 9 months",
                "ArmGroupType":"Active Comparator",
                "ArmGroupDescription":"Participants in this arm will receive intramuscular fractional doses (0.2 mL) of IPV at 14 weeks and 9 months of age.",
                "ArmGroupInterventionList":{
                  "ArmGroupInterventionName":[
                    "Biological: fIPV (0.2mL) IM"
                  ]
                }
              }
            ]
          },
          "InterventionList":{
            "Intervention":[
              {
                "InterventionType":"Biological",
                "InterventionName":"fIPV (0.1 mL) ID",
                "InterventionDescription":"Fractional dose of inactivated poliovirus vaccine that protects against types 1, 2, and 3 (all polio serotypes). Given as a 0.1 milliliter (mL) dose (fractional) by intradermal (ID) injection in lieu of the full 0.5 mL dose.",
                "InterventionArmGroupLabelList":{
                  "InterventionArmGroupLabel":[
                    "fIPV ID at 14 weeks + 9 months",
                    "fIPV ID at 6 weeks + 14 weeks + 9 months"
                  ]
                }
              },{
                "InterventionType":"Biological",
                "InterventionName":"fIPV (0.1mL) IM",
                "InterventionDescription":"Fractional dose of inactivated poliovirus vaccine that protects against types 1, 2, and 3 (all polio serotypes). Given as a 0.1 milliliter (mL) dose (fractional) by intramuscular (IM) injection in lieu of the full 0.5 mL dose.",
                "InterventionArmGroupLabelList":{
                  "InterventionArmGroupLabel":[
                    "fIPV 0.1mL IM at 14 weeks + 9 months",
                    "fIPV IM at 6 weeks + 14 weeks + 9 months"
                  ]
                }
              },{
                "InterventionType":"Biological",
                "InterventionName":"fIPV (0.2mL) IM",
                "InterventionDescription":"Fractional dose of inactivated poliovirus vaccine that protects against types 1, 2, and 3 (all polio serotypes). Given as a 0.2 milliliter (mL) dose (fractional) by intramuscular (IM) injection in lieu of the full 0.5 mL dose.",
                "InterventionArmGroupLabelList":{
                  "InterventionArmGroupLabel":[
                    "fIPV 0.2mL IM at 14 weeks + 9 months"
                  ]
                }
              },{
                "InterventionType":"Biological",
                "InterventionName":"IPV",
                "InterventionDescription":"Full dose of inactivated poliovirus vaccine that protects against types 1, 2, and 3 (all polio serotypes). Given as a 0.5 milliliter (mL) dose by intramuscular (IM) injection.",
                "InterventionArmGroupLabelList":{
                  "InterventionArmGroupLabel":[
                    "IPV at 14 weeks + 9 months",
                    "IPV at 6 weeks + 9 months"
                  ]
                }
              }
            ]
          }
        },
        "OutcomesModule":{
          "PrimaryOutcomeList":{
            "PrimaryOutcome":[
              {
                "PrimaryOutcomeMeasure":"Vaccine response",
                "PrimaryOutcomeDescription":"Dichotomous (yes/no) variable defined as participants who are either seronegative (<1:8 titers) at baseline who become seropositive (≥1:8) after vaccination (seroconversion) or participants who demonstrate a four-fold rise in titers after vaccination between two specimens, e.g. a change from 1:8 to 1:32, after adjusting for expected decay in maternal antibodies. Antibody titers at 6 weeks of age will be the starting point for the expected decline in maternal antibodies, assuming at half-life of 28 days.",
                "PrimaryOutcomeTimeFrame":"Measured four weeks after administration of study vaccine(s)."
              }
            ]
          },
          "SecondaryOutcomeList":{
            "SecondaryOutcome":[
              {
                "SecondaryOutcomeMeasure":"Reciprocal antibody titers",
                "SecondaryOutcomeDescription":"Variable of the observed reciprocal antibody titer results.",
                "SecondaryOutcomeTimeFrame":"Measured four weeks after administration of study vaccine(s)."
              }
            ]
          }
        },
        "EligibilityModule":{
          "EligibilityCriteria":"Inclusion Criteria:\n\nHealthy infants 6 weeks of age\nParents that consent for participation in the full length of the study.\nParents that are able to understand and comply with planned study procedures.\n\nExclusion Criteria:\n\nParents and infants who are unable to participate in the full length of the study.\nA diagnosis or suspicion of immunodeficiency disorder either in the infant or in an immediate family member.\nA diagnosis or suspicion of bleeding disorder that would contraindicate parenteral administration of IPV or collection of blood by venipuncture.\nAcute diarrhoea, infection or illness at the time of enrolment (6 weeks of age) that would require infant's admission to a hospital.\nAcute vomiting and intolerance to liquids within 24 hours before the enrolment visit (6 weeks of age).\nEvidence of a chronic medical condition identified by a study medical officer during physical exam.\nReceipt of any polio vaccine (OPV or IPV) before enrolment based upon documentation or parental recall.\nKnown allergy/sensitivity or reaction to polio vaccine, or its contents.\nInfants from multiple births. Infants from multiple births will be excluded because the infant(s) who is/are not enrolled would likely receive OPV through routine immunization and transmit vaccine poliovirus to the enrolled infant. Even if all births from a multiple birth could be enrolled in the study, we will exclude multiple births as discontinuation of one may lead to discontinuation of multiple participants.\nInfants from premature births (<37 weeks of gestation).",
          "HealthyVolunteers":"Accepts Healthy Volunteers",
          "Gender":"All",
          "MinimumAge":"42 Days",
          "MaximumAge":"48 Days",
          "StdAgeList":{
            "StdAge":[
              "Child"
            ]
          }
        },
        "ContactsLocationsModule":{
          "LocationList":{
            "Location":[
              {
                "LocationFacility":"icddr,b study clinics (Mirpur and CTU Dhaka)",
                "LocationCity":"Dhaka",
                "LocationCountry":"Bangladesh"
              }
            ]
          }
        },
        "IPDSharingStatementModule":{
          "IPDSharing":"No"
        }
      },
      "DerivedSection":{
        "MiscInfoModule":{
          "VersionHolder":"April 19, 2021"
        },
        "ConditionBrowseModule":{
          "ConditionMeshList":{
            "ConditionMesh":[
              {
                "ConditionMeshId":"D000011051",
                "ConditionMeshTerm":"Poliomyelitis"
              }
            ]
          },
          "ConditionAncestorList":{
            "ConditionAncestor":[
              {
                "ConditionAncestorId":"D000004769",
                "ConditionAncestorTerm":"Enterovirus Infections"
              },{
                "ConditionAncestorId":"D000010850",
                "ConditionAncestorTerm":"Picornaviridae Infections"
              },{
                "ConditionAncestorId":"D000012327",
                "ConditionAncestorTerm":"RNA Virus Infections"
              },{
                "ConditionAncestorId":"D000014777",
                "ConditionAncestorTerm":"Virus Diseases"
              },{
                "ConditionAncestorId":"D000009187",
                "ConditionAncestorTerm":"Myelitis"
              },{
                "ConditionAncestorId":"D000002494",
                "ConditionAncestorTerm":"Central Nervous System Infections"
              },{
                "ConditionAncestorId":"D000002493",
                "ConditionAncestorTerm":"Central Nervous System Diseases"
              },{
                "ConditionAncestorId":"D000009422",
                "ConditionAncestorTerm":"Nervous System Diseases"
              },{
                "ConditionAncestorId":"D000013118",
                "ConditionAncestorTerm":"Spinal Cord Diseases"
              },{
                "ConditionAncestorId":"D000009468",
                "ConditionAncestorTerm":"Neuromuscular Diseases"
              }
            ]
          },
          "ConditionBrowseLeafList":{
            "ConditionBrowseLeaf":[
              {
                "ConditionBrowseLeafId":"M12522",
                "ConditionBrowseLeafName":"Poliomyelitis",
                "ConditionBrowseLeafAsFound":"Poliomyelitis",
                "ConditionBrowseLeafRelevance":"high"
              },{
                "ConditionBrowseLeafId":"M8866",
                "ConditionBrowseLeafName":"Infection",
                "ConditionBrowseLeafRelevance":"low"
              },{
                "ConditionBrowseLeafId":"M4951",
                "ConditionBrowseLeafName":"Communicable Diseases",
                "ConditionBrowseLeafRelevance":"low"
              },{
                "ConditionBrowseLeafId":"M6513",
                "ConditionBrowseLeafName":"Enterovirus Infections",
                "ConditionBrowseLeafRelevance":"low"
              },{
                "ConditionBrowseLeafId":"M12328",
                "ConditionBrowseLeafName":"Picornaviridae Infections",
                "ConditionBrowseLeafRelevance":"low"
              },{
                "ConditionBrowseLeafId":"M16105",
                "ConditionBrowseLeafName":"Virus Diseases",
                "ConditionBrowseLeafRelevance":"low"
              },{
                "ConditionBrowseLeafId":"M13732",
                "ConditionBrowseLeafName":"RNA Virus Infections",
                "ConditionBrowseLeafRelevance":"low"
              },{
                "ConditionBrowseLeafId":"M10725",
                "ConditionBrowseLeafName":"Myelitis",
                "ConditionBrowseLeafRelevance":"low"
              },{
                "ConditionBrowseLeafId":"M4326",
                "ConditionBrowseLeafName":"Central Nervous System Infections",
                "ConditionBrowseLeafRelevance":"low"
              },{
                "ConditionBrowseLeafId":"M4325",
                "ConditionBrowseLeafName":"Central Nervous System Diseases",
                "ConditionBrowseLeafRelevance":"low"
              },{
                "ConditionBrowseLeafId":"M14498",
                "ConditionBrowseLeafName":"Spinal Cord Diseases",
                "ConditionBrowseLeafRelevance":"low"
              },{
                "ConditionBrowseLeafId":"M10994",
                "ConditionBrowseLeafName":"Neuromuscular Diseases",
                "ConditionBrowseLeafRelevance":"low"
              },{
                "ConditionBrowseLeafId":"T4606",
                "ConditionBrowseLeafName":"Poliomyelitis",
                "ConditionBrowseLeafAsFound":"Poliomyelitis",
                "ConditionBrowseLeafRelevance":"high"
              },{
                "ConditionBrowseLeafId":"T3988",
                "ConditionBrowseLeafName":"Myelitis",
                "ConditionBrowseLeafRelevance":"low"
              }
            ]
          },
          "ConditionBrowseBranchList":{
            "ConditionBrowseBranch":[
              {
                "ConditionBrowseBranchAbbrev":"BC02",
                "ConditionBrowseBranchName":"Viral Diseases"
              },{
                "ConditionBrowseBranchAbbrev":"BC10",
                "ConditionBrowseBranchName":"Nervous System Diseases"
              },{
                "ConditionBrowseBranchAbbrev":"All",
                "ConditionBrowseBranchName":"All Conditions"
              },{
                "ConditionBrowseBranchAbbrev":"BC01",
                "ConditionBrowseBranchName":"Bacterial and Fungal Diseases"
              },{
                "ConditionBrowseBranchAbbrev":"Rare",
                "ConditionBrowseBranchName":"Rare Diseases"
              }
            ]
          }
        },
        "InterventionBrowseModule":{
          "InterventionBrowseLeafList":{
            "InterventionBrowseLeaf":[
              {
                "InterventionBrowseLeafId":"M15943",
                "InterventionBrowseLeafName":"Vaccines",
                "InterventionBrowseLeafRelevance":"low"
              }
            ]
          },
          "InterventionBrowseBranchList":{
            "InterventionBrowseBranch":[
              {
                "InterventionBrowseBranchAbbrev":"All",
                "InterventionBrowseBranchName":"All Drugs and Chemicals"
              }
            ]
          }
        }
      }
    }
  }
}

