{
  "FullStudy":{
    "Rank":60621,
    "Study":{
      "ProtocolSection":{
        "IdentificationModule":{
          "NCTId":"NCT04060654",
          "OrgStudyIdInfo":{
            "OrgStudyId":"INDV-6000-404"
          },
          "Organization":{
            "OrgFullName":"Indivior Inc.",
            "OrgClass":"INDUSTRY"
          },
          "BriefTitle":"SUBLOCADE Rapid Initiation Extension Study",
          "OfficialTitle":"An Open-label, Treatment Extension Study for the Rapid Initiation of Extended-Release Buprenorphine Subcutaneous Injection (SUBLOCADE™)"
        },
        "StatusModule":{
          "StatusVerifiedDate":"January 2021",
          "OverallStatus":"Completed",
          "ExpandedAccessInfo":{
            "HasExpandedAccess":"No"
          },
          "StartDateStruct":{
            "StartDate":"October 21, 2019",
            "StartDateType":"Actual"
          },
          "PrimaryCompletionDateStruct":{
            "PrimaryCompletionDate":"May 15, 2020",
            "PrimaryCompletionDateType":"Actual"
          },
          "CompletionDateStruct":{
            "CompletionDate":"May 15, 2020",
            "CompletionDateType":"Actual"
          },
          "StudyFirstSubmitDate":"August 15, 2019",
          "StudyFirstSubmitQCDate":"August 16, 2019",
          "StudyFirstPostDateStruct":{
            "StudyFirstPostDate":"August 19, 2019",
            "StudyFirstPostDateType":"Actual"
          },
          "ResultsFirstSubmitDate":"January 5, 2021",
          "ResultsFirstSubmitQCDate":"January 5, 2021",
          "ResultsFirstPostDateStruct":{
            "ResultsFirstPostDate":"January 25, 2021",
            "ResultsFirstPostDateType":"Actual"
          },
          "LastUpdateSubmitDate":"January 25, 2021",
          "LastUpdatePostDateStruct":{
            "LastUpdatePostDate":"February 11, 2021",
            "LastUpdatePostDateType":"Actual"
          }
        },
        "SponsorCollaboratorsModule":{
          "ResponsibleParty":{
            "ResponsiblePartyType":"Sponsor"
          },
          "LeadSponsor":{
            "LeadSponsorName":"Indivior Inc.",
            "LeadSponsorClass":"INDUSTRY"
          }
        },
        "OversightModule":{
          "OversightHasDMC":"No",
          "IsFDARegulatedDrug":"Yes",
          "IsFDARegulatedDevice":"No"
        },
        "DescriptionModule":{
          "BriefSummary":"A single center, open-label SUBLOCADE treatment extension study in which up to 25 participants diagnosed with moderate to severe opioid use disorder (OUD) could be enrolled.",
          "DetailedDescription":"This study is being conducted to assess the longer-term safety of an abbreviated initiation protocol of SUBLOCADE in subjects who have completed the INDV-6000-403 study. It is also to provide treatment to these individuals while they seek longer-term treatment arrangements, as on average it can take an individual with opioid use disorder (OUD) 6 months between seeking treatment and achieving an appointment at a provider in the United States (US).\n\nSubjects who have completed the end of treatment (EOT) procedures for the INDV-6000-403 study may be eligible for participation. It is planned that the EOT visit for INDV-6000-403, which will occur approximately 28 days after the subject's first dose of SUBLOCADE, and Day 1 for INDV-6000-404 will occur within 2 days of the EOT visit, and that EOT assessments will serve as the screening assessments for this study.\n\nOn Day 1, eligible subjects will receive a subcutaneous (SC) injection of 300 mg SUBLOCADE. Subjects will return to the clinic for subsequent injections approximately every 4 weeks for a total of up to 5 injections. Adverse events and concomitant medications will be captured throughout the study, female subjects of childbearing potential will receive urine pregnancy tests and all subjects will have urine drug screening (UDS) and evaluation of the previous injection site performed. Subjects will otherwise be treated in accordance with local standard of care, and SUBLOCADE doses will be based on the medical judgment of the Investigator."
        },
        "ConditionsModule":{
          "ConditionList":{
            "Condition":[
              "Opioid Use Disorder, Severe",
              "Opioid Use Disorder, Moderate"
            ]
          }
        },
        "DesignModule":{
          "StudyType":"Interventional",
          "PhaseList":{
            "Phase":[
              "Phase 4"
            ]
          },
          "DesignInfo":{
            "DesignAllocation":"N/A",
            "DesignInterventionModel":"Single Group Assignment",
            "DesignInterventionModelDescription":"After an initial injection of 300mg SUBLOCADE, all subjects will receive SUBLOCADE doses of 100mg or 300mg based on the medical judgement of the Investigator",
            "DesignPrimaryPurpose":"Treatment",
            "DesignMaskingInfo":{
              "DesignMasking":"None (Open Label)"
            }
          },
          "EnrollmentInfo":{
            "EnrollmentCount":"17",
            "EnrollmentType":"Actual"
          }
        },
        "ArmsInterventionsModule":{
          "ArmGroupList":{
            "ArmGroup":[
              {
                "ArmGroupLabel":"SUBLOCADE",
                "ArmGroupType":"Experimental",
                "ArmGroupDescription":"All subjects will receive SUBLOCADE 300mg on Day 1, followed by injections every 4 weeks at a dose determined by the Investigator (either 100 mg or 300 mg) for up to 5 total injections",
                "ArmGroupInterventionList":{
                  "ArmGroupInterventionName":[
                    "Drug: Sublocade"
                  ]
                }
              }
            ]
          },
          "InterventionList":{
            "Intervention":[
              {
                "InterventionType":"Drug",
                "InterventionName":"Sublocade",
                "InterventionDescription":"SUBLOCADE to be administered approximately every 4 weeks per local standard of care",
                "InterventionArmGroupLabelList":{
                  "InterventionArmGroupLabel":[
                    "SUBLOCADE"
                  ]
                },
                "InterventionOtherNameList":{
                  "InterventionOtherName":[
                    "Extended release buprenorphine"
                  ]
                }
              }
            ]
          }
        },
        "OutcomesModule":{
          "PrimaryOutcomeList":{
            "PrimaryOutcome":[
              {
                "PrimaryOutcomeMeasure":"Treatment Emergent Adverse Event (TEAE) Occurrence",
                "PrimaryOutcomeDescription":"Study will report the number of participants with the occurrence of any TEAE during the treatment period.",
                "PrimaryOutcomeTimeFrame":"From time of informed consent at Day 1 until EOT, assessed up until Day 141"
              }
            ]
          }
        },
        "EligibilityModule":{
          "EligibilityCriteria":"Inclusion Criteria:\n\nSigned the informed consent form (ICF) and have the ability to comply with the requirements and restrictions listed therein.\nCompleted the EOT Visit for the INDV-6000-403 Study.\nIs an appropriate candidate in the opinion of the Investigator or medically qualified sub-Investigator.\n\nExclusion Criteria:\n\nSubject compliance issues during participation in the INDV-6000-403 study which, in the opinion of the Investigator, could potentially compromise subject safety.\nSubjects who are unable, in the opinion of the Investigator or Indivior, to comply fully with the study requirements including those who are currently incarcerated or pending incarceration legal action.",
          "HealthyVolunteers":"No",
          "Gender":"All",
          "MinimumAge":"18 Years",
          "StdAgeList":{
            "StdAge":[
              "Adult",
              "Older Adult"
            ]
          }
        },
        "ContactsLocationsModule":{
          "OverallOfficialList":{
            "OverallOfficial":[
              {
                "OverallOfficialName":"Michael Hassman",
                "OverallOfficialAffiliation":"Hassman Research Institute",
                "OverallOfficialRole":"Principal Investigator"
              }
            ]
          },
          "LocationList":{
            "Location":[
              {
                "LocationFacility":"Hassman Research Institute",
                "LocationCity":"Berlin",
                "LocationState":"New Jersey",
                "LocationZip":"08009",
                "LocationCountry":"United States"
              }
            ]
          }
        },
        "IPDSharingStatementModule":{
          "IPDSharing":"No"
        }
      },
      "ResultsSection":{
        "ParticipantFlowModule":{
          "FlowRecruitmentDetails":"A total of 17 participants who completed the INDV-6000-403 study were screened and enrolled into this extension study.",
          "FlowGroupList":{
            "FlowGroup":[
              {
                "FlowGroupId":"FG000",
                "FlowGroupTitle":"SUBLOCADE",
                "FlowGroupDescription":"All subjects will receive SUBLOCADE 300mg on Day 1, followed by injections every 4 weeks at a dose determined by the Investigator for up to 5 total injections\n\nSublocade: SUBLOCADE to be administered approximately every 4 weeks per local standard of care"
              }
            ]
          },
          "FlowPeriodList":{
            "FlowPeriod":[
              {
                "FlowPeriodTitle":"Overall Study",
                "FlowMilestoneList":{
                  "FlowMilestone":[
                    {
                      "FlowMilestoneType":"STARTED",
                      "FlowAchievementList":{
                        "FlowAchievement":[
                          {
                            "FlowAchievementGroupId":"FG000",
                            "FlowAchievementNumSubjects":"17"
                          }
                        ]
                      }
                    },{
                      "FlowMilestoneType":"COMPLETED",
                      "FlowAchievementList":{
                        "FlowAchievement":[
                          {
                            "FlowAchievementGroupId":"FG000",
                            "FlowAchievementNumSubjects":"11"
                          }
                        ]
                      }
                    },{
                      "FlowMilestoneType":"NOT COMPLETED",
                      "FlowAchievementList":{
                        "FlowAchievement":[
                          {
                            "FlowAchievementGroupId":"FG000",
                            "FlowAchievementNumSubjects":"6"
                          }
                        ]
                      }
                    }
                  ]
                },
                "FlowDropWithdrawList":{
                  "FlowDropWithdraw":[
                    {
                      "FlowDropWithdrawType":"Withdrawal by Subject",
                      "FlowReasonList":{
                        "FlowReason":[
                          {
                            "FlowReasonGroupId":"FG000",
                            "FlowReasonNumSubjects":"1"
                          }
                        ]
                      }
                    },{
                      "FlowDropWithdrawType":"Lost to Follow-up",
                      "FlowReasonList":{
                        "FlowReason":[
                          {
                            "FlowReasonGroupId":"FG000",
                            "FlowReasonNumSubjects":"5"
                          }
                        ]
                      }
                    }
                  ]
                }
              }
            ]
          }
        },
        "BaselineCharacteristicsModule":{
          "BaselineGroupList":{
            "BaselineGroup":[
              {
                "BaselineGroupId":"BG000",
                "BaselineGroupTitle":"SUBLOCADE",
                "BaselineGroupDescription":"All subjects will receive SUBLOCADE 300mg on Day 1, followed by injections every 4 weeks at a dose determined by the Investigator (either 100mg or 300mg) for up to 5 total injections\n\nSublocade: SUBLOCADE to be administered approximately every 4 weeks per local standard of care"
              }
            ]
          },
          "BaselineDenomList":{
            "BaselineDenom":[
              {
                "BaselineDenomUnits":"Participants",
                "BaselineDenomCountList":{
                  "BaselineDenomCount":[
                    {
                      "BaselineDenomCountGroupId":"BG000",
                      "BaselineDenomCountValue":"17"
                    }
                  ]
                }
              }
            ]
          },
          "BaselineMeasureList":{
            "BaselineMeasure":[
              {
                "BaselineMeasureTitle":"Age, Continuous",
                "BaselineMeasureParamType":"Mean",
                "BaselineMeasureDispersionType":"Standard Deviation",
                "BaselineMeasureUnitOfMeasure":"years",
                "BaselineClassList":{
                  "BaselineClass":[
                    {
                      "BaselineCategoryList":{
                        "BaselineCategory":[
                          {
                            "BaselineMeasurementList":{
                              "BaselineMeasurement":[
                                {
                                  "BaselineMeasurementGroupId":"BG000",
                                  "BaselineMeasurementValue":"40.9",
                                  "BaselineMeasurementSpread":"12.68"
                                }
                              ]
                            }
                          }
                        ]
                      }
                    }
                  ]
                }
              },{
                "BaselineMeasureTitle":"Age, Customized",
                "BaselineMeasureParamType":"Count of Participants",
                "BaselineMeasureUnitOfMeasure":"Participants",
                "BaselineClassList":{
                  "BaselineClass":[
                    {
                      "BaselineCategoryList":{
                        "BaselineCategory":[
                          {
                            "BaselineCategoryTitle":"≥18 to <30",
                            "BaselineMeasurementList":{
                              "BaselineMeasurement":[
                                {
                                  "BaselineMeasurementGroupId":"BG000",
                                  "BaselineMeasurementValue":"4"
                                }
                              ]
                            }
                          },{
                            "BaselineCategoryTitle":"≥30 to <45",
                            "BaselineMeasurementList":{
                              "BaselineMeasurement":[
                                {
                                  "BaselineMeasurementGroupId":"BG000",
                                  "BaselineMeasurementValue":"6"
                                }
                              ]
                            }
                          },{
                            "BaselineCategoryTitle":"≥45 to <60",
                            "BaselineMeasurementList":{
                              "BaselineMeasurement":[
                                {
                                  "BaselineMeasurementGroupId":"BG000",
                                  "BaselineMeasurementValue":"5"
                                }
                              ]
                            }
                          },{
                            "BaselineCategoryTitle":"≥60 to ≤ 65",
                            "BaselineMeasurementList":{
                              "BaselineMeasurement":[
                                {
                                  "BaselineMeasurementGroupId":"BG000",
                                  "BaselineMeasurementValue":"2"
                                }
                              ]
                            }
                          }
                        ]
                      }
                    }
                  ]
                }
              },{
                "BaselineMeasureTitle":"Sex: Female, Male",
                "BaselineMeasureParamType":"Count of Participants",
                "BaselineMeasureUnitOfMeasure":"Participants",
                "BaselineClassList":{
                  "BaselineClass":[
                    {
                      "BaselineCategoryList":{
                        "BaselineCategory":[
                          {
                            "BaselineCategoryTitle":"Female",
                            "BaselineMeasurementList":{
                              "BaselineMeasurement":[
                                {
                                  "BaselineMeasurementGroupId":"BG000",
                                  "BaselineMeasurementValue":"9"
                                }
                              ]
                            }
                          },{
                            "BaselineCategoryTitle":"Male",
                            "BaselineMeasurementList":{
                              "BaselineMeasurement":[
                                {
                                  "BaselineMeasurementGroupId":"BG000",
                                  "BaselineMeasurementValue":"8"
                                }
                              ]
                            }
                          }
                        ]
                      }
                    }
                  ]
                }
              },{
                "BaselineMeasureTitle":"Ethnicity (NIH/OMB)",
                "BaselineMeasureParamType":"Count of Participants",
                "BaselineMeasureUnitOfMeasure":"Participants",
                "BaselineClassList":{
                  "BaselineClass":[
                    {
                      "BaselineCategoryList":{
                        "BaselineCategory":[
                          {
                            "BaselineCategoryTitle":"Hispanic or Latino",
                            "BaselineMeasurementList":{
                              "BaselineMeasurement":[
                                {
                                  "BaselineMeasurementGroupId":"BG000",
                                  "BaselineMeasurementValue":"0"
                                }
                              ]
                            }
                          },{
                            "BaselineCategoryTitle":"Not Hispanic or Latino",
                            "BaselineMeasurementList":{
                              "BaselineMeasurement":[
                                {
                                  "BaselineMeasurementGroupId":"BG000",
                                  "BaselineMeasurementValue":"16"
                                }
                              ]
                            }
                          },{
                            "BaselineCategoryTitle":"Unknown or Not Reported",
                            "BaselineMeasurementList":{
                              "BaselineMeasurement":[
                                {
                                  "BaselineMeasurementGroupId":"BG000",
                                  "BaselineMeasurementValue":"1"
                                }
                              ]
                            }
                          }
                        ]
                      }
                    }
                  ]
                }
              },{
                "BaselineMeasureTitle":"Race/Ethnicity, Customized",
                "BaselineMeasureParamType":"Count of Participants",
                "BaselineMeasureUnitOfMeasure":"Participants",
                "BaselineClassList":{
                  "BaselineClass":[
                    {
                      "BaselineCategoryList":{
                        "BaselineCategory":[
                          {
                            "BaselineCategoryTitle":"Asian",
                            "BaselineMeasurementList":{
                              "BaselineMeasurement":[
                                {
                                  "BaselineMeasurementGroupId":"BG000",
                                  "BaselineMeasurementValue":"1"
                                }
                              ]
                            }
                          },{
                            "BaselineCategoryTitle":"Black or African American",
                            "BaselineMeasurementList":{
                              "BaselineMeasurement":[
                                {
                                  "BaselineMeasurementGroupId":"BG000",
                                  "BaselineMeasurementValue":"5"
                                }
                              ]
                            }
                          },{
                            "BaselineCategoryTitle":"White",
                            "BaselineMeasurementList":{
                              "BaselineMeasurement":[
                                {
                                  "BaselineMeasurementGroupId":"BG000",
                                  "BaselineMeasurementValue":"10"
                                }
                              ]
                            }
                          },{
                            "BaselineCategoryTitle":"Other",
                            "BaselineMeasurementList":{
                              "BaselineMeasurement":[
                                {
                                  "BaselineMeasurementGroupId":"BG000",
                                  "BaselineMeasurementValue":"1"
                                }
                              ]
                            }
                          }
                        ]
                      }
                    }
                  ]
                }
              },{
                "BaselineMeasureTitle":"Region of Enrollment",
                "BaselineMeasureParamType":"Number",
                "BaselineMeasureUnitOfMeasure":"participants",
                "BaselineClassList":{
                  "BaselineClass":[
                    {
                      "BaselineClassTitle":"United States",
                      "BaselineCategoryList":{
                        "BaselineCategory":[
                          {
                            "BaselineMeasurementList":{
                              "BaselineMeasurement":[
                                {
                                  "BaselineMeasurementGroupId":"BG000",
                                  "BaselineMeasurementValue":"17"
                                }
                              ]
                            }
                          }
                        ]
                      }
                    }
                  ]
                }
              },{
                "BaselineMeasureTitle":"Screening body mass index (BMI)",
                "BaselineMeasureParamType":"Mean",
                "BaselineMeasureDispersionType":"Standard Deviation",
                "BaselineMeasureUnitOfMeasure":"kg/m^2",
                "BaselineClassList":{
                  "BaselineClass":[
                    {
                      "BaselineCategoryList":{
                        "BaselineCategory":[
                          {
                            "BaselineMeasurementList":{
                              "BaselineMeasurement":[
                                {
                                  "BaselineMeasurementGroupId":"BG000",
                                  "BaselineMeasurementValue":"22.81",
                                  "BaselineMeasurementSpread":"4.181"
                                }
                              ]
                            }
                          }
                        ]
                      }
                    }
                  ]
                }
              },{
                "BaselineMeasureTitle":"Screening BMI Group",
                "BaselineMeasureParamType":"Count of Participants",
                "BaselineMeasureUnitOfMeasure":"Participants",
                "BaselineClassList":{
                  "BaselineClass":[
                    {
                      "BaselineCategoryList":{
                        "BaselineCategory":[
                          {
                            "BaselineCategoryTitle":"0 to <18.5 (Underweight)",
                            "BaselineMeasurementList":{
                              "BaselineMeasurement":[
                                {
                                  "BaselineMeasurementGroupId":"BG000",
                                  "BaselineMeasurementValue":"2"
                                }
                              ]
                            }
                          },{
                            "BaselineCategoryTitle":"≥18.5 and <25 (Normal)",
                            "BaselineMeasurementList":{
                              "BaselineMeasurement":[
                                {
                                  "BaselineMeasurementGroupId":"BG000",
                                  "BaselineMeasurementValue":"12"
                                }
                              ]
                            }
                          },{
                            "BaselineCategoryTitle":"≥25 and <30 (Overweight)",
                            "BaselineMeasurementList":{
                              "BaselineMeasurement":[
                                {
                                  "BaselineMeasurementGroupId":"BG000",
                                  "BaselineMeasurementValue":"1"
                                }
                              ]
                            }
                          },{
                            "BaselineCategoryTitle":"≥30 (Obesity)",
                            "BaselineMeasurementList":{
                              "BaselineMeasurement":[
                                {
                                  "BaselineMeasurementGroupId":"BG000",
                                  "BaselineMeasurementValue":"2"
                                }
                              ]
                            }
                          }
                        ]
                      }
                    }
                  ]
                }
              },{
                "BaselineMeasureTitle":"Tobacco Use",
                "BaselineMeasureParamType":"Count of Participants",
                "BaselineMeasureUnitOfMeasure":"Participants",
                "BaselineClassList":{
                  "BaselineClass":[
                    {
                      "BaselineCategoryList":{
                        "BaselineCategory":[
                          {
                            "BaselineCategoryTitle":"Never",
                            "BaselineMeasurementList":{
                              "BaselineMeasurement":[
                                {
                                  "BaselineMeasurementGroupId":"BG000",
                                  "BaselineMeasurementValue":"2"
                                }
                              ]
                            }
                          },{
                            "BaselineCategoryTitle":"Current",
                            "BaselineMeasurementList":{
                              "BaselineMeasurement":[
                                {
                                  "BaselineMeasurementGroupId":"BG000",
                                  "BaselineMeasurementValue":"15"
                                }
                              ]
                            }
                          }
                        ]
                      }
                    }
                  ]
                }
              },{
                "BaselineMeasureTitle":"Caffeine Use",
                "BaselineMeasureParamType":"Count of Participants",
                "BaselineMeasureUnitOfMeasure":"Participants",
                "BaselineClassList":{
                  "BaselineClass":[
                    {
                      "BaselineCategoryList":{
                        "BaselineCategory":[
                          {
                            "BaselineCategoryTitle":"Never",
                            "BaselineMeasurementList":{
                              "BaselineMeasurement":[
                                {
                                  "BaselineMeasurementGroupId":"BG000",
                                  "BaselineMeasurementValue":"2"
                                }
                              ]
                            }
                          },{
                            "BaselineCategoryTitle":"Current",
                            "BaselineMeasurementList":{
                              "BaselineMeasurement":[
                                {
                                  "BaselineMeasurementGroupId":"BG000",
                                  "BaselineMeasurementValue":"15"
                                }
                              ]
                            }
                          }
                        ]
                      }
                    }
                  ]
                }
              },{
                "BaselineMeasureTitle":"Opioids - Lifetime Use",
                "BaselineMeasureParamType":"Mean",
                "BaselineMeasureDispersionType":"Standard Deviation",
                "BaselineMeasureUnitOfMeasure":"years",
                "BaselineClassList":{
                  "BaselineClass":[
                    {
                      "BaselineCategoryList":{
                        "BaselineCategory":[
                          {
                            "BaselineMeasurementList":{
                              "BaselineMeasurement":[
                                {
                                  "BaselineMeasurementGroupId":"BG000",
                                  "BaselineMeasurementValue":"16.16",
                                  "BaselineMeasurementSpread":"15.246"
                                }
                              ]
                            }
                          }
                        ]
                      }
                    }
                  ]
                }
              },{
                "BaselineMeasureTitle":"Opioids - Last 30 Days Prior to INDV-6000-403 Screening Visit",
                "BaselineMeasureParamType":"Mean",
                "BaselineMeasureDispersionType":"Standard Deviation",
                "BaselineMeasureUnitOfMeasure":"Days",
                "BaselineClassList":{
                  "BaselineClass":[
                    {
                      "BaselineCategoryList":{
                        "BaselineCategory":[
                          {
                            "BaselineMeasurementList":{
                              "BaselineMeasurement":[
                                {
                                  "BaselineMeasurementGroupId":"BG000",
                                  "BaselineMeasurementValue":"29.29",
                                  "BaselineMeasurementSpread":"2.910"
                                }
                              ]
                            }
                          }
                        ]
                      }
                    }
                  ]
                }
              },{
                "BaselineMeasureTitle":"Opioids - Use via Intravenous Route in Last 30 Days",
                "BaselineMeasureParamType":"Count of Participants",
                "BaselineMeasureUnitOfMeasure":"Participants",
                "BaselineClassList":{
                  "BaselineClass":[
                    {
                      "BaselineCategoryList":{
                        "BaselineCategory":[
                          {
                            "BaselineMeasurementList":{
                              "BaselineMeasurement":[
                                {
                                  "BaselineMeasurementGroupId":"BG000",
                                  "BaselineMeasurementValue":"5"
                                }
                              ]
                            }
                          }
                        ]
                      }
                    }
                  ]
                }
              }
            ]
          }
        },
        "OutcomeMeasuresModule":{
          "OutcomeMeasureList":{
            "OutcomeMeasure":[
              {
                "OutcomeMeasureType":"Primary",
                "OutcomeMeasureTitle":"Treatment Emergent Adverse Event (TEAE) Occurrence",
                "OutcomeMeasureDescription":"Study will report the number of participants with the occurrence of any TEAE during the treatment period.",
                "OutcomeMeasurePopulationDescription":"The safety population was used for the safety analysis, and consisted of all participants who received at least 1 dose of SUBLOCADE",
                "OutcomeMeasureReportingStatus":"Posted",
                "OutcomeMeasureParamType":"Count of Participants",
                "OutcomeMeasureUnitOfMeasure":"Participants",
                "OutcomeMeasureTimeFrame":"From time of informed consent at Day 1 until EOT, assessed up until Day 141",
                "OutcomeGroupList":{
                  "OutcomeGroup":[
                    {
                      "OutcomeGroupId":"OG000",
                      "OutcomeGroupTitle":"SUBLOCADE",
                      "OutcomeGroupDescription":"Participants who completed the INDV-6000-403 study and met study inclusion and exclusion criteria were given the option to enroll in this study. Baseline measures from the INDV-6000-403 study served also as baseline measures for this study. A total of 17 participants were screened and a total of 17 (100%) were enrolled into the study and received SUBLOCADE 300 mg at injection 1; subsequent doses could be reduced to 100 mg at the discretion of the investigator. Participants returned to the clinic approximately every 4 weeks for injection site assessments, urinary drug screens, pregnancy tests if applicable, subsequent injections and were assessed for the occurrence of any TEAEs. All other interventions were per clinic standard of care."
                    }
                  ]
                },
                "OutcomeDenomList":{
                  "OutcomeDenom":[
                    {
                      "OutcomeDenomUnits":"Participants",
                      "OutcomeDenomCountList":{
                        "OutcomeDenomCount":[
                          {
                            "OutcomeDenomCountGroupId":"OG000",
                            "OutcomeDenomCountValue":"17"
                          }
                        ]
                      }
                    }
                  ]
                },
                "OutcomeClassList":{
                  "OutcomeClass":[
                    {
                      "OutcomeCategoryList":{
                        "OutcomeCategory":[
                          {
                            "OutcomeMeasurementList":{
                              "OutcomeMeasurement":[
                                {
                                  "OutcomeMeasurementGroupId":"OG000",
                                  "OutcomeMeasurementValue":"0"
                                }
                              ]
                            }
                          }
                        ]
                      }
                    }
                  ]
                }
              }
            ]
          }
        },
        "AdverseEventsModule":{
          "EventsFrequencyThreshold":"0",
          "EventsTimeFrame":"Adverse events were collected from study Day 1 through end of treatment (EOT), up to Day 141",
          "EventGroupList":{
            "EventGroup":[
              {
                "EventGroupId":"EG000",
                "EventGroupTitle":"SUBLOCADE",
                "EventGroupDescription":"All subjects will receive SUBLOCADE 300mg on Day 1, followed by injections every 4 weeks at a dose determined by the Investigator (either 100mg or 300 mg) for up to 5 total injections\n\nSublocade: SUBLOCADE to be administered approximately every 4 weeks per local standard of care",
                "EventGroupDeathsNumAffected":"0",
                "EventGroupDeathsNumAtRisk":"17",
                "EventGroupSeriousNumAffected":"0",
                "EventGroupSeriousNumAtRisk":"17",
                "EventGroupOtherNumAffected":"0",
                "EventGroupOtherNumAtRisk":"17"
              }
            ]
          }
        },
        "MoreInfoModule":{
          "CertainAgreement":{
            "AgreementPISponsorEmployee":"No",
            "AgreementRestrictionType":"OTHER",
            "AgreementRestrictiveAgreement":"Yes",
            "AgreementOtherDetails":"The PI will not disseminate, present or publish any of the study data without the prior written approval from Indivior to do so."
          },
          "PointOfContact":{
            "PointOfContactTitle":"Sunita Shinde",
            "PointOfContactOrganization":"Indivior Inc",
            "PointOfContactEMail":"sunita.shinde@indivior.com",
            "PointOfContactPhone":"804 379-1090"
          }
        }
      },
      "DocumentSection":{
        "LargeDocumentModule":{
          "LargeDocList":{
            "LargeDoc":[
              {
                "LargeDocTypeAbbrev":"SAP",
                "LargeDocHasProtocol":"No",
                "LargeDocHasSAP":"Yes",
                "LargeDocHasICF":"No",
                "LargeDocLabel":"Statistical Analysis Plan",
                "LargeDocDate":"July 2, 2020",
                "LargeDocUploadDate":"12/23/2020 13:41",
                "LargeDocFilename":"SAP_000.pdf"
              },{
                "LargeDocTypeAbbrev":"Prot",
                "LargeDocHasProtocol":"Yes",
                "LargeDocHasSAP":"No",
                "LargeDocHasICF":"No",
                "LargeDocLabel":"Study Protocol",
                "LargeDocDate":"December 4, 2019",
                "LargeDocUploadDate":"12/23/2020 13:41",
                "LargeDocFilename":"Prot_001.pdf"
              }
            ]
          }
        }
      },
      "DerivedSection":{
        "MiscInfoModule":{
          "VersionHolder":"April 19, 2021"
        },
        "ConditionBrowseModule":{
          "ConditionMeshList":{
            "ConditionMesh":[
              {
                "ConditionMeshId":"D000004194",
                "ConditionMeshTerm":"Disease"
              },{
                "ConditionMeshId":"D000019966",
                "ConditionMeshTerm":"Substance-Related Disorders"
              }
            ]
          },
          "ConditionAncestorList":{
            "ConditionAncestor":[
              {
                "ConditionAncestorId":"D000010335",
                "ConditionAncestorTerm":"Pathologic Processes"
              },{
                "ConditionAncestorId":"D000064419",
                "ConditionAncestorTerm":"Chemically-Induced Disorders"
              },{
                "ConditionAncestorId":"D000001523",
                "ConditionAncestorTerm":"Mental Disorders"
              }
            ]
          },
          "ConditionBrowseLeafList":{
            "ConditionBrowseLeaf":[
              {
                "ConditionBrowseLeafId":"M20421",
                "ConditionBrowseLeafName":"Substance-Related Disorders",
                "ConditionBrowseLeafAsFound":"Opioid Use Disorder",
                "ConditionBrowseLeafRelevance":"high"
              },{
                "ConditionBrowseLeafId":"M28889",
                "ConditionBrowseLeafName":"Chemically-Induced Disorders",
                "ConditionBrowseLeafRelevance":"low"
              },{
                "ConditionBrowseLeafId":"M3396",
                "ConditionBrowseLeafName":"Mental Disorders",
                "ConditionBrowseLeafRelevance":"low"
              },{
                "ConditionBrowseLeafId":"M13056",
                "ConditionBrowseLeafName":"Psychotic Disorders",
                "ConditionBrowseLeafRelevance":"low"
              }
            ]
          },
          "ConditionBrowseBranchList":{
            "ConditionBrowseBranch":[
              {
                "ConditionBrowseBranchAbbrev":"BC25",
                "ConditionBrowseBranchName":"Substance Related Disorders"
              },{
                "ConditionBrowseBranchAbbrev":"BXM",
                "ConditionBrowseBranchName":"Behaviors and Mental Disorders"
              },{
                "ConditionBrowseBranchAbbrev":"All",
                "ConditionBrowseBranchName":"All Conditions"
              }
            ]
          }
        },
        "InterventionBrowseModule":{
          "InterventionMeshList":{
            "InterventionMesh":[
              {
                "InterventionMeshId":"D000002047",
                "InterventionMeshTerm":"Buprenorphine"
              }
            ]
          },
          "InterventionAncestorList":{
            "InterventionAncestor":[
              {
                "InterventionAncestorId":"D000000701",
                "InterventionAncestorTerm":"Analgesics, Opioid"
              },{
                "InterventionAncestorId":"D000009294",
                "InterventionAncestorTerm":"Narcotics"
              },{
                "InterventionAncestorId":"D000002492",
                "InterventionAncestorTerm":"Central Nervous System Depressants"
              },{
                "InterventionAncestorId":"D000045505",
                "InterventionAncestorTerm":"Physiological Effects of Drugs"
              },{
                "InterventionAncestorId":"D000000700",
                "InterventionAncestorTerm":"Analgesics"
              },{
                "InterventionAncestorId":"D000018689",
                "InterventionAncestorTerm":"Sensory System Agents"
              },{
                "InterventionAncestorId":"D000018373",
                "InterventionAncestorTerm":"Peripheral Nervous System Agents"
              },{
                "InterventionAncestorId":"D000009292",
                "InterventionAncestorTerm":"Narcotic Antagonists"
              }
            ]
          },
          "InterventionBrowseLeafList":{
            "InterventionBrowseLeaf":[
              {
                "InterventionBrowseLeafId":"M3899",
                "InterventionBrowseLeafName":"Buprenorphine",
                "InterventionBrowseLeafAsFound":"Mobile",
                "InterventionBrowseLeafRelevance":"high"
              },{
                "InterventionBrowseLeafId":"M2613",
                "InterventionBrowseLeafName":"Analgesics",
                "InterventionBrowseLeafRelevance":"low"
              },{
                "InterventionBrowseLeafId":"M2614",
                "InterventionBrowseLeafName":"Analgesics, Opioid",
                "InterventionBrowseLeafRelevance":"low"
              },{
                "InterventionBrowseLeafId":"M10828",
                "InterventionBrowseLeafName":"Narcotics",
                "InterventionBrowseLeafRelevance":"low"
              },{
                "InterventionBrowseLeafId":"M10826",
                "InterventionBrowseLeafName":"Narcotic Antagonists",
                "InterventionBrowseLeafRelevance":"low"
              }
            ]
          },
          "InterventionBrowseBranchList":{
            "InterventionBrowseBranch":[
              {
                "InterventionBrowseBranchAbbrev":"Analg",
                "InterventionBrowseBranchName":"Analgesics"
              },{
                "InterventionBrowseBranchAbbrev":"CNSDep",
                "InterventionBrowseBranchName":"Central Nervous System Depressants"
              },{
                "InterventionBrowseBranchAbbrev":"NarcAntag",
                "InterventionBrowseBranchName":"Narcotic Antagonists"
              },{
                "InterventionBrowseBranchAbbrev":"All",
                "InterventionBrowseBranchName":"All Drugs and Chemicals"
              }
            ]
          }
        }
      }
    }
  }
}

