{
  "FullStudy":{
    "Rank":60544,
    "Study":{
      "ProtocolSection":{
        "IdentificationModule":{
          "NCTId":"NCT04061655",
          "OrgStudyIdInfo":{
            "OrgStudyId":"FMASU R 03/ 2019"
          },
          "Organization":{
            "OrgFullName":"Ain Shams University",
            "OrgClass":"OTHER"
          },
          "BriefTitle":"Effect of Intravenous Iron Supplementation in Reducing Allogenic Blood Transfusion",
          "OfficialTitle":"Effect of Intravenous Iron Supplementation in Reducing Allogenic Blood Transfusion and Improving Outcomes in Patients Undergoing CABG. A Prospective Randomized Trial"
        },
        "StatusModule":{
          "StatusVerifiedDate":"January 2020",
          "OverallStatus":"Completed",
          "ExpandedAccessInfo":{
            "HasExpandedAccess":"No"
          },
          "StartDateStruct":{
            "StartDate":"September 20, 2019",
            "StartDateType":"Actual"
          },
          "PrimaryCompletionDateStruct":{
            "PrimaryCompletionDate":"January 6, 2020",
            "PrimaryCompletionDateType":"Actual"
          },
          "CompletionDateStruct":{
            "CompletionDate":"January 10, 2020",
            "CompletionDateType":"Actual"
          },
          "StudyFirstSubmitDate":"August 17, 2019",
          "StudyFirstSubmitQCDate":"August 17, 2019",
          "StudyFirstPostDateStruct":{
            "StudyFirstPostDate":"August 20, 2019",
            "StudyFirstPostDateType":"Actual"
          },
          "LastUpdateSubmitDate":"January 18, 2020",
          "LastUpdatePostDateStruct":{
            "LastUpdatePostDate":"January 22, 2020",
            "LastUpdatePostDateType":"Actual"
          }
        },
        "SponsorCollaboratorsModule":{
          "ResponsibleParty":{
            "ResponsiblePartyType":"Principal Investigator",
            "ResponsiblePartyInvestigatorFullName":"Hoda Shokri",
            "ResponsiblePartyInvestigatorTitle":"Associate professor of Anesthesia",
            "ResponsiblePartyInvestigatorAffiliation":"Ain Shams University"
          },
          "LeadSponsor":{
            "LeadSponsorName":"Ain Shams University",
            "LeadSponsorClass":"OTHER"
          }
        },
        "OversightModule":{
          "IsFDARegulatedDrug":"No",
          "IsFDARegulatedDevice":"No"
        },
        "DescriptionModule":{
          "BriefSummary":"A total of 80 patients will be randomly allocated into 2 groups, group A and placebo group using concealed envelope method.Group A patients (n= 40)will receive single dose intravenous infusions of iron isomaltoside 1000 mg over 15 min with a maximum single dose of 20 mg/kg. Patients in the placebo group (n=40) will receive as a single-dose of saline (Natriumklorid 9 mg/ml; Fresenius Kabi, Copenhagen, Denmark) 100 ml infused over 15 min.",
          "DetailedDescription":"A total of 80 patients will randomly allocated into 2 groups, group A and placebo group using concealed envelope method.Group A patients (n= 40) will receive single dose intravenous infusions of iron isomaltoside 1000 mg over 15 min with a maximum single dose of 20 mg/kg. Patients in the placebo group (n=40) will receive as a single-dose of saline (Natriumklorid 9 mg/ml; Fresenius Kabi, Copenhagen, Denmark) 100 ml infused over 15 min.\n\nGeneral anesthesia will the institutional standards and all surgeries will be performed by the same surgical team.Standardized monitoring will be applied.After median sternotomy,CPB will be established with 1500 ml crystalloid priming volume and mild hypothermia (32°C) with a Trillium Affinity oxygenator (Medtronic,Minneapolis, Minnesota, USA) and a Sarns CPB machine (Harrison, Mt. Clemens, Michigan, USA) at a flow rate of 2.6 lmin-1m-2.Myocardial protection will be done using cold blood cardioplegia at 20°C. During CPB, homologous donor packed red blood cells will be transfused if hemoglobin was less than 6.5 gdl-1.During bypass, anticoagulation for extracorporeal circulation was performed using heparin 300 U/kg administered into the right atrium. Acelite activated clotting time (ACT) greater than 400 was considered adequate for commencing CPB; if less, an additional dose of 100Uof heparin will be adminstered.CPB will be conducted using nonocclusive roller pumps, arterial line filtration ,membrane oxygenators, , and blood-enriched cold hyperkalemic arrest. Systemic hypothermia documented by an esophageal temperature of 32°C will be maintained during aortic cross clamping.After completion of CPB and removal of the arterial cannula, heparin will be neutralized with 1 mg of protamine sulfate adminstered for every 100U of heparin over a period of 15 minutes . Eventually, a second dose of protamine 50 mg will be given if ACT remained above baseline. All patients will be transferred to ICU after surgery."
        },
        "ConditionsModule":{
          "ConditionList":{
            "Condition":[
              "Complications"
            ]
          },
          "KeywordList":{
            "Keyword":[
              "CABG",
              "iron therapy",
              "blood transfusion"
            ]
          }
        },
        "DesignModule":{
          "StudyType":"Interventional",
          "PhaseList":{
            "Phase":[
              "Early Phase 1"
            ]
          },
          "DesignInfo":{
            "DesignAllocation":"Randomized",
            "DesignInterventionModel":"Parallel Assignment",
            "DesignPrimaryPurpose":"Prevention",
            "DesignMaskingInfo":{
              "DesignMasking":"Double",
              "DesignWhoMaskedList":{
                "DesignWhoMasked":[
                  "Investigator",
                  "Outcomes Assessor"
                ]
              }
            }
          },
          "EnrollmentInfo":{
            "EnrollmentCount":"80",
            "EnrollmentType":"Actual"
          }
        },
        "ArmsInterventionsModule":{
          "ArmGroupList":{
            "ArmGroup":[
              {
                "ArmGroupLabel":"iron therapy group",
                "ArmGroupType":"Active Comparator",
                "ArmGroupDescription":"Apatients (n= 40) received single dose intravenous infusions of iron isomaltoside 1000 mg over 15 min with a maximum single dose of 20 mg/kg.",
                "ArmGroupInterventionList":{
                  "ArmGroupInterventionName":[
                    "Drug: Iron Isomaltoside 1000"
                  ]
                }
              },{
                "ArmGroupLabel":"placebo",
                "ArmGroupType":"Placebo Comparator",
                "ArmGroupDescription":"Patients in the placebo group (n=40)received as a single-dose of saline (Natriumklorid 9 mg/ml; Fresenius Kabi, Copenhagen, Denmark) 100 ml infused over 15 min.",
                "ArmGroupInterventionList":{
                  "ArmGroupInterventionName":[
                    "Other: placebo"
                  ]
                }
              }
            ]
          },
          "InterventionList":{
            "Intervention":[
              {
                "InterventionType":"Drug",
                "InterventionName":"Iron Isomaltoside 1000",
                "InterventionDescription":"Apatients (n= 40) received single dose intravenous infusions of iron isomaltoside 1000 mg over 15 min with a maximum single dose of 20 mg/kg.",
                "InterventionArmGroupLabelList":{
                  "InterventionArmGroupLabel":[
                    "iron therapy group"
                  ]
                },
                "InterventionOtherNameList":{
                  "InterventionOtherName":[
                    "iron therapy"
                  ]
                }
              },{
                "InterventionType":"Other",
                "InterventionName":"placebo",
                "InterventionDescription":"Patients in the placebo group (n=40)received as a single-dose of saline (Natriumklorid 9 mg/ml; Fresenius Kabi, Copenhagen, Denmark) 100 ml infused over 15 min.",
                "InterventionArmGroupLabelList":{
                  "InterventionArmGroupLabel":[
                    "placebo"
                  ]
                }
              }
            ]
          }
        },
        "OutcomesModule":{
          "PrimaryOutcomeList":{
            "PrimaryOutcome":[
              {
                "PrimaryOutcomeMeasure":"haemoglobin concentration change",
                "PrimaryOutcomeDescription":"the change in the Hb concentration at baseline, intraoperative, at discharge and 1 week after discharge in non-anaemic patients undergoing cardiac surgery.",
                "PrimaryOutcomeTimeFrame":"1 week after discharge from hospital"
              }
            ]
          },
          "SecondaryOutcomeList":{
            "SecondaryOutcome":[
              {
                "SecondaryOutcomeMeasure":"hospital stay",
                "SecondaryOutcomeDescription":"duration of hospital stay",
                "SecondaryOutcomeTimeFrame":"7 to 10 days"
              }
            ]
          }
        },
        "EligibilityModule":{
          "EligibilityCriteria":"Inclusion Criteria:\n\npatients aged 52-73 years old\nASA II/III\nelective CABG\nhemoglobin level at baseline for males >13.0 g/dl and for females >12.0 g/dl.\n\nExclusion Criteria:\n\nPatients with known hypersensitivity to iron sucrose\nhistory of hepatitis B or C or human immunodeficiency virus\nfolate or vitamin B12deficiency, history of unstable angina,\nactive severe infection\nsuspicion of iron overload (ferritin > 300 μg/l ), or autologous blood transfusion in the previous month pregnancy and nursing impaired renal function defined by s-creatinine >150 μmol/L patients received any iron preparations in the previous month -",
          "HealthyVolunteers":"No",
          "Gender":"All",
          "MinimumAge":"52 Years",
          "MaximumAge":"73 Years",
          "StdAgeList":{
            "StdAge":[
              "Adult",
              "Older Adult"
            ]
          }
        },
        "ContactsLocationsModule":{
          "OverallOfficialList":{
            "OverallOfficial":[
              {
                "OverallOfficialName":"Ayman Shoeb, professor",
                "OverallOfficialAffiliation":"Ain Shams University",
                "OverallOfficialRole":"Study Director"
              }
            ]
          },
          "LocationList":{
            "Location":[
              {
                "LocationFacility":"Ain Shams university",
                "LocationCity":"Cairo",
                "LocationZip":"11566",
                "LocationCountry":"Egypt"
              }
            ]
          }
        },
        "IPDSharingStatementModule":{
          "IPDSharing":"Yes",
          "IPDSharingDescription":"study protocol statistical analysis data analysis",
          "IPDSharingInfoTypeList":{
            "IPDSharingInfoType":[
              "Study Protocol",
              "Statistical Analysis Plan (SAP)",
              "Informed Consent Form (ICF)",
              "Clinical Study Report (CSR)"
            ]
          },
          "IPDSharingTimeFrame":"6 months",
          "IPDSharingAccessCriteria":"Descriptive statistics will be carried out for numerical parametric data and presented as mean±SD, whereas categorical data will be presented as number and percentage. Variables such as demographic data and comorbidities will be compared using the χ2-test"
        }
      },
      "DerivedSection":{
        "MiscInfoModule":{
          "VersionHolder":"April 19, 2021"
        },
        "InterventionBrowseModule":{
          "InterventionMeshList":{
            "InterventionMesh":[
              {
                "InterventionMeshId":"D000007501",
                "InterventionMeshTerm":"Iron"
              },{
                "InterventionMeshId":"C000557707",
                "InterventionMeshTerm":"Iron isomaltoside 1000"
              }
            ]
          },
          "InterventionAncestorList":{
            "InterventionAncestor":[
              {
                "InterventionAncestorId":"D000014131",
                "InterventionAncestorTerm":"Trace Elements"
              },{
                "InterventionAncestorId":"D000018977",
                "InterventionAncestorTerm":"Micronutrients"
              },{
                "InterventionAncestorId":"D000078622",
                "InterventionAncestorTerm":"Nutrients"
              },{
                "InterventionAncestorId":"D000006133",
                "InterventionAncestorTerm":"Growth Substances"
              },{
                "InterventionAncestorId":"D000045505",
                "InterventionAncestorTerm":"Physiological Effects of Drugs"
              },{
                "InterventionAncestorId":"D000006397",
                "InterventionAncestorTerm":"Hematinics"
              }
            ]
          },
          "InterventionBrowseLeafList":{
            "InterventionBrowseLeaf":[
              {
                "InterventionBrowseLeafId":"M9116",
                "InterventionBrowseLeafName":"Iron",
                "InterventionBrowseLeafAsFound":"Pregnancy",
                "InterventionBrowseLeafRelevance":"high"
              },{
                "InterventionBrowseLeafId":"M266544",
                "InterventionBrowseLeafName":"Iron isomaltoside 1000",
                "InterventionBrowseLeafAsFound":"Empathy",
                "InterventionBrowseLeafRelevance":"high"
              },{
                "InterventionBrowseLeafId":"M19593",
                "InterventionBrowseLeafName":"Micronutrients",
                "InterventionBrowseLeafRelevance":"low"
              },{
                "InterventionBrowseLeafId":"M15468",
                "InterventionBrowseLeafName":"Trace Elements",
                "InterventionBrowseLeafRelevance":"low"
              },{
                "InterventionBrowseLeafId":"M1986",
                "InterventionBrowseLeafName":"Nutrients",
                "InterventionBrowseLeafRelevance":"low"
              },{
                "InterventionBrowseLeafId":"M8068",
                "InterventionBrowseLeafName":"Hematinics",
                "InterventionBrowseLeafRelevance":"low"
              }
            ]
          },
          "InterventionBrowseBranchList":{
            "InterventionBrowseBranch":[
              {
                "InterventionBrowseBranchAbbrev":"Micro",
                "InterventionBrowseBranchName":"Micronutrients"
              },{
                "InterventionBrowseBranchAbbrev":"All",
                "InterventionBrowseBranchName":"All Drugs and Chemicals"
              },{
                "InterventionBrowseBranchAbbrev":"Hemat",
                "InterventionBrowseBranchName":"Hematinics"
              }
            ]
          }
        }
      }
    }
  }
}

