{
  "FullStudy":{
    "Rank":60368,
    "Study":{
      "ProtocolSection":{
        "IdentificationModule":{
          "NCTId":"NCT04063956",
          "OrgStudyIdInfo":{
            "OrgStudyId":"2019042-XZ1"
          },
          "Organization":{
            "OrgFullName":"Xuanwu Hospital, Beijing",
            "OrgClass":"OTHER"
          },
          "BriefTitle":"COG-REAGENT: COGnitive tRaining in patiEnts With Amnestic Mild coGnitive impairmENT",
          "OfficialTitle":"The Efficacy of COGnitive tRaining in patiEnts With Amnestic Mild coGnitive impairmENT (COG-REAGENT): a Multi-center Randomized Controlled Trial"
        },
        "StatusModule":{
          "StatusVerifiedDate":"April 2021",
          "OverallStatus":"Recruiting",
          "ExpandedAccessInfo":{
            "HasExpandedAccess":"No"
          },
          "StartDateStruct":{
            "StartDate":"November 6, 2019",
            "StartDateType":"Actual"
          },
          "PrimaryCompletionDateStruct":{
            "PrimaryCompletionDate":"December 2021",
            "PrimaryCompletionDateType":"Anticipated"
          },
          "CompletionDateStruct":{
            "CompletionDate":"July 2022",
            "CompletionDateType":"Anticipated"
          },
          "StudyFirstSubmitDate":"August 19, 2019",
          "StudyFirstSubmitQCDate":"August 19, 2019",
          "StudyFirstPostDateStruct":{
            "StudyFirstPostDate":"August 21, 2019",
            "StudyFirstPostDateType":"Actual"
          },
          "LastUpdateSubmitDate":"April 8, 2021",
          "LastUpdatePostDateStruct":{
            "LastUpdatePostDate":"April 9, 2021",
            "LastUpdatePostDateType":"Actual"
          }
        },
        "SponsorCollaboratorsModule":{
          "ResponsibleParty":{
            "ResponsiblePartyType":"Sponsor"
          },
          "LeadSponsor":{
            "LeadSponsorName":"Xuanwu Hospital, Beijing",
            "LeadSponsorClass":"OTHER"
          },
          "CollaboratorList":{
            "Collaborator":[
              {
                "CollaboratorName":"The First Affiliated Hospital of Shanxi Medical University",
                "CollaboratorClass":"OTHER"
              },{
                "CollaboratorName":"Shandong Provincial Hospital",
                "CollaboratorClass":"OTHER_GOV"
              },{
                "CollaboratorName":"First Affiliated Hospital of Zhejiang University",
                "CollaboratorClass":"OTHER"
              },{
                "CollaboratorName":"The First Hospital of Jilin University",
                "CollaboratorClass":"OTHER"
              },{
                "CollaboratorName":"Beijing Friendship Hospital",
                "CollaboratorClass":"OTHER"
              },{
                "CollaboratorName":"First Affiliated Hospital Xi'an Jiaotong University",
                "CollaboratorClass":"OTHER"
              },{
                "CollaboratorName":"Wuhan University",
                "CollaboratorClass":"OTHER"
              }
            ]
          }
        },
        "OversightModule":{
          "IsFDARegulatedDrug":"No",
          "IsFDARegulatedDevice":"No"
        },
        "DescriptionModule":{
          "BriefSummary":"This study evaluates the efficacy and mechanism of internet-based cognitive training in patients with amnestic mild cognitive impairment (aMCI). Half of participants will receive multi-domain adaptive internet-based training program, while the other half will receive a fixed, primary difficulty level task.",
          "DetailedDescription":"Background: Alzheimer's disease (AD) is the most common dementia and the major cause for senile dementia. With the increase of life expectancy, AD has become a global problem. However, to date, drug therapies only have modest benefits for patients with AD. Recently, researchers have begun to focus on early intervention of AD at its preclinical stages. Individuals with amnestic mild cognitive impairment (aMCI), often the prodromal stage of AD, report mild short-term memory difficulties but preserved independence in activities of daily living. The aMCI stage is important to slow or even prevent the development of AD. Some previous studies have suggested cognitive training is a potential non-pharmacological intervention for aMCI, however, the results were inconsistent. Thus, investigators will conduct this multi-center randomized controlled trial to explore whether and how cognitive training improves cognitive function in patients with aMCI.\n\nObjectives: The first aim of this multi-center single-blinded, randomized controlled trial is to assess whether internet-based cognitive training improves cognitive abilities in patients with aMCI. Furthermore, the second objective is to evaluate the effect of cognitive training on neural plasticity, including brain activation and white matter integrity, which are assessed by functional and structural MRI.\n\nPatients and Methods: The study will include 260 patients diagnosed with aMCI from eight centers around China. The patients will be randomized to either a cognitive training group or an active-control group. The intervention is 12-week internet-based cognitive training performed for 40 minutes per day, 4 days a week. Within each task, high accuracy (80%) is required to upgrade to the next difficulty level. The active- control group will receive five processing speed and attention tasks, whose duration also total to 40 min each training day. However, these tasks are set to a fixed, primary difficulty level across the study.\n\nNeuropsychological assessments and structural and functional magnetic resonance imaging (MRI) will be performed at the baseline, end of intervention, and 6 months after randomization to measure long-term resilience of the effect.\n\nRelevance: Early intervention of aMCI has the potential to delay or even prevent the development of dementia. Some previous studies have suggested cognitive training is a potential non-pharmacological intervention for aMCI, however, the results were inconsistent. Thus, the proposed study is to determine the efficacy of cognitive training in patients with aMCI. Secondly, using functional and structural MRI, this study is to reveal the potential mechanisms underlying cognitive training."
        },
        "ConditionsModule":{
          "ConditionList":{
            "Condition":[
              "Amnestic Mild Cognitive Impairment"
            ]
          }
        },
        "DesignModule":{
          "StudyType":"Interventional",
          "PhaseList":{
            "Phase":[
              "Not Applicable"
            ]
          },
          "DesignInfo":{
            "DesignAllocation":"Randomized",
            "DesignInterventionModel":"Parallel Assignment",
            "DesignPrimaryPurpose":"Treatment",
            "DesignMaskingInfo":{
              "DesignMasking":"Double",
              "DesignWhoMaskedList":{
                "DesignWhoMasked":[
                  "Investigator",
                  "Outcomes Assessor"
                ]
              }
            }
          },
          "EnrollmentInfo":{
            "EnrollmentCount":"260",
            "EnrollmentType":"Anticipated"
          }
        },
        "ArmsInterventionsModule":{
          "ArmGroupList":{
            "ArmGroup":[
              {
                "ArmGroupLabel":"Cognitive training group",
                "ArmGroupType":"Experimental",
                "ArmGroupDescription":"Multi-domain adaptive internet-based training program, including processing speed, attention, long-term memory, working memory, flexibility, calculation, and problem solving. 4 x 40 minutes per week, for 12 weeks.",
                "ArmGroupInterventionList":{
                  "ArmGroupInterventionName":[
                    "Behavioral: multi-domain internet-based adaptive training program"
                  ]
                }
              },{
                "ArmGroupLabel":"Active-control group",
                "ArmGroupType":"Active Comparator",
                "ArmGroupDescription":"Fixed, primary difficulty level tasks. 4 x 40 minutes per week, for 12 weeks.",
                "ArmGroupInterventionList":{
                  "ArmGroupInterventionName":[
                    "Behavioral: active-control program"
                  ]
                }
              }
            ]
          },
          "InterventionList":{
            "Intervention":[
              {
                "InterventionType":"Behavioral",
                "InterventionName":"multi-domain internet-based adaptive training program",
                "InterventionDescription":"The training paradigms include a time perception task, visual search task, rapid serial presentation task, delayed match to sample task, paired-associate recall task, attention span task, digit span task, go-no go task, Stroop task, task switching, auditory span task and n-back working memory task. Each task has several difficulty levels. The tasks are grouped in different cognitive domains including: processing speed, attention, perception, long-term memory, working memory, calculation, executive control, reasoning, and problem-solving. Participants in the cognitive training group will complete 40 min of training daily, 4 days a week for 12 weeks. When a high accuracy (80%) is achieved for each task, the level of difficulty will be upgraded for that task.",
                "InterventionArmGroupLabelList":{
                  "InterventionArmGroupLabel":[
                    "Cognitive training group"
                  ]
                }
              },{
                "InterventionType":"Behavioral",
                "InterventionName":"active-control program",
                "InterventionDescription":"For the control group, tasks for processing speed and attention are included. Importantly, a fixed, primary difficulty level for all participants in the control group is set.",
                "InterventionArmGroupLabelList":{
                  "InterventionArmGroupLabel":[
                    "Active-control group"
                  ]
                }
              }
            ]
          }
        },
        "OutcomesModule":{
          "PrimaryOutcomeList":{
            "PrimaryOutcome":[
              {
                "PrimaryOutcomeMeasure":"Change in Montreal Cognitive Assessment",
                "PrimaryOutcomeDescription":"Montreal Cognitive Assessment (MoCA) will be used to evaluate the general cognitive function. MoCA ranges from 0 to 30, and higher value represents a better outcome.",
                "PrimaryOutcomeTimeFrame":"12 weeks (end of intervention)"
              }
            ]
          },
          "SecondaryOutcomeList":{
            "SecondaryOutcome":[
              {
                "SecondaryOutcomeMeasure":"Change in Alzheimer's Disease Assessment Scale cognitive subscale (ADAS-cog, 11-items version).",
                "SecondaryOutcomeDescription":"ADAS-cog 11 scale ranges from 0 to 70, and higher value represents a worse outcome. This study will use ADAS-cog to assess changes in the global cognitive function after intervention.",
                "SecondaryOutcomeTimeFrame":"12 weeks (end of intervention), 6 months"
              },{
                "SecondaryOutcomeMeasure":"Change in brain volume and white matter integrity",
                "SecondaryOutcomeDescription":"Structural MRI will be used to measure brain volume and white matter integrity.",
                "SecondaryOutcomeTimeFrame":"12 weeks (end of intervention), 6 months"
              },{
                "SecondaryOutcomeMeasure":"Change in brain connectivity",
                "SecondaryOutcomeDescription":"Functional MRI will be used to measure brain connectivity.",
                "SecondaryOutcomeTimeFrame":"12 weeks (end of intervention), 6 months"
              },{
                "SecondaryOutcomeMeasure":"Change in Mini-mental State Examination",
                "SecondaryOutcomeDescription":"Mini-mental State Examination (MMSE) will be used to evaluate the general cognitive function. MMSE ranges from 0 to 30, and higher value represents a better outcome.",
                "SecondaryOutcomeTimeFrame":"12 weeks (end of intervention), 6 months"
              },{
                "SecondaryOutcomeMeasure":"Change in Montreal Cognitive Assessment",
                "SecondaryOutcomeDescription":"Montreal Cognitive Assessment (MoCA) will be used to evaluate the general cognitive function. MoCA ranges from 0 to 30, and higher value represents a better outcome.",
                "SecondaryOutcomeTimeFrame":"6 months"
              },{
                "SecondaryOutcomeMeasure":"Change in memory function",
                "SecondaryOutcomeDescription":"WHO-UCLA Auditory Verbal Learning Test will be used to assess memory function. It ranges from 0 to 45, and higher value represents a better outcome.",
                "SecondaryOutcomeTimeFrame":"12 weeks (end of intervention), 6 months"
              },{
                "SecondaryOutcomeMeasure":"Change in Digit span forward",
                "SecondaryOutcomeDescription":"Digit span will be used to assess attention. It ranges from 3 to 10, and higher value represents a better outcome.",
                "SecondaryOutcomeTimeFrame":"12 weeks (end of intervention), 6 months"
              },{
                "SecondaryOutcomeMeasure":"Change in Digit span backward",
                "SecondaryOutcomeDescription":"Digit span backward will be used to assess executive function. It ranges from 2 to 8, and higher value represents a better outcome.",
                "SecondaryOutcomeTimeFrame":"12 weeks (end of intervention), 6 months"
              },{
                "SecondaryOutcomeMeasure":"Change in Trail Making Test",
                "SecondaryOutcomeDescription":"Trail-Making Test B minus A score will be used to assess executive function. Trail-Making Test B minus A ranges from -150 to 300, higher value represents a worse outcome.",
                "SecondaryOutcomeTimeFrame":"12 weeks (end of intervention), 6 months"
              },{
                "SecondaryOutcomeMeasure":"Change in Boston Naming Test",
                "SecondaryOutcomeDescription":"Boston Naming Test will be used to assess language function. It ranges from 0 to 30, and higher value represents a better outcome.",
                "SecondaryOutcomeTimeFrame":"12 weeks (end of intervention), 6 months"
              },{
                "SecondaryOutcomeMeasure":"Change in Activities of Daily Living",
                "SecondaryOutcomeDescription":"Activities of Daily Living (ADL) scale will be used to assess the change of life quality. It ranges from 20 to 80. The \"20\" represents normal life ability and the higher score presents the worse life ability.",
                "SecondaryOutcomeTimeFrame":"12 weeks (end of intervention), 6 months"
              },{
                "SecondaryOutcomeMeasure":"Change in Clinical Dementia Rating Scale sum of the boxes",
                "SecondaryOutcomeDescription":"Clinical Dementia Rating Scale sum of the boxes (CDR-SB) will be used to evaluate the general cognitive function. CDR-SB ranges from 0 to 18, and higher value represents a worse outcome.",
                "SecondaryOutcomeTimeFrame":"12 weeks (end of intervention), 6 months"
              },{
                "SecondaryOutcomeMeasure":"Change in Quality of Life-Alzheimer's Disease (QoL-AD) Scale",
                "SecondaryOutcomeDescription":"Quality of Life-Alzheimer's Disease (QoL-AD) Scale will be used to evaluate the life quality of the patients. The total score is 13-52, with higher scores indicating better QoL.",
                "SecondaryOutcomeTimeFrame":"12 weeks (end of intervention), 6 months"
              },{
                "SecondaryOutcomeMeasure":"Change in Cookie Theft picture description task",
                "SecondaryOutcomeDescription":"Cookie Theft picture description task will be used to evaluate spontaneous discourse. We will analyze the total number of syllables produced, the total number of information units produced, and the total time taken to describe the picture",
                "SecondaryOutcomeTimeFrame":"12 weeks (end of intervention), 6 months"
              }
            ]
          }
        },
        "EligibilityModule":{
          "EligibilityCriteria":"Inclusion Criteria:\n\nLiterate Han Chinese, 50-85 years of age with a caregiver that accompanies the subject consistently at least 4 days a week;\nComplaint and/or informant report of a cognitive impairment lasting for at least 3 months;\nClinical diagnosis of MCI according to the MCI core clinical criteria of the National Institute on Aging-Alzheimer's Association (NIA-AA) guidelines;\nA prominent manifestation of memory deficit with or without other cognitive domain impairments;\nMini-Mental State Examination (MMSE) score ≥24, and Clinical dementia rating (CDR) = 0.5, and\nNormal or slightly impaired activities of daily living as defined by a total score of ≤ 1.5 on the three functional CDR domains (home and hobbies, community affairs, and personal care).\n\nExclusion Criteria:\n\nSevere aphasia, physical disabilities, or any other disease that may preclude completion of neuropsychological testing;\nA medical history of stroke with focal neurological features including hemiparesis, sensory loss, visual field deficits, and evidence of responsible lesions on MRI;\nSignificant white matter lesions (Fazekas score = 3-6);\nDisorders other than aMCI that may affect cognition;\nDepression or other psychiatric disorders;\nClinically significant gastrointestinal, renal, hepatic, respiratory, infectious, endocrine, or cardiovascular diseases, cancer, alcoholism, drug addiction;\nUse of medications that may affect cognitive functioning, including tranquilizers, anti-anxiolytics, hypnotics, nootropics, and cholinomimetic agents;\nInability to undergo a brain MRI; and\nOther conditions that in the investigator's opinion might not be suitable for the study.",
          "HealthyVolunteers":"No",
          "Gender":"All",
          "MinimumAge":"50 Years",
          "MaximumAge":"85 Years",
          "StdAgeList":{
            "StdAge":[
              "Adult",
              "Older Adult"
            ]
          }
        },
        "ContactsLocationsModule":{
          "CentralContactList":{
            "CentralContact":[
              {
                "CentralContactName":"Yi Tang, M.D., Ph.D.",
                "CentralContactRole":"Contact",
                "CentralContactPhone":"008613811021432",
                "CentralContactEMail":"tangyixw@vip.163.com"
              },{
                "CentralContactName":"Yi Xing, M.D.",
                "CentralContactRole":"Contact",
                "CentralContactPhone":"008613269627589",
                "CentralContactEMail":"xingyi_211@163.com"
              }
            ]
          },
          "OverallOfficialList":{
            "OverallOfficial":[
              {
                "OverallOfficialName":"Yi Tang, M.D., Ph.D.",
                "OverallOfficialAffiliation":"Xuanwu Hospital, Beijing",
                "OverallOfficialRole":"Principal Investigator"
              }
            ]
          },
          "LocationList":{
            "Location":[
              {
                "LocationFacility":"Xuanwu Hospital, Capital Medical University",
                "LocationStatus":"Recruiting",
                "LocationCity":"Beijing",
                "LocationZip":"100053",
                "LocationCountry":"China",
                "LocationContactList":{
                  "LocationContact":[
                    {
                      "LocationContactName":"Yi Tang, M.D., Ph.D.",
                      "LocationContactRole":"Contact",
                      "LocationContactPhone":"008613811021432",
                      "LocationContactEMail":"tangyixw@vip.163.com"
                    },{
                      "LocationContactName":"Yi Xing, M.D.",
                      "LocationContactRole":"Contact",
                      "LocationContactPhone":"008613269627589",
                      "LocationContactEMail":"xingyi_211@163.com"
                    }
                  ]
                }
              }
            ]
          }
        },
        "ReferencesModule":{
          "ReferenceList":{
            "Reference":[
              {
                "ReferencePMID":"32333590",
                "ReferenceType":"derived",
                "ReferenceCitation":"Xing Y, Zhu Z, Du Y, Zhang J, Qu Q, Sun L, Li Y, Guo Y, Peng G, Liu Y, Yu Y, Qiao Y, Xie B, Shi X, Lu J, Jia J, Tang Y. The Efficacy of COGnitive tRaining in patiEnts with Amnestic mild coGnitive impairmENT (COG-REAGENT): Protocol for a Multi-Center Randomized Controlled Trial. J Alzheimers Dis. 2020;75(3):779-787. doi: 10.3233/JAD-191314."
              }
            ]
          }
        }
      },
      "DerivedSection":{
        "MiscInfoModule":{
          "VersionHolder":"April 19, 2021"
        },
        "ConditionBrowseModule":{
          "ConditionMeshList":{
            "ConditionMesh":[
              {
                "ConditionMeshId":"D000060825",
                "ConditionMeshTerm":"Cognitive Dysfunction"
              }
            ]
          },
          "ConditionAncestorList":{
            "ConditionAncestor":[
              {
                "ConditionAncestorId":"D000003072",
                "ConditionAncestorTerm":"Cognition Disorders"
              },{
                "ConditionAncestorId":"D000019965",
                "ConditionAncestorTerm":"Neurocognitive Disorders"
              },{
                "ConditionAncestorId":"D000001523",
                "ConditionAncestorTerm":"Mental Disorders"
              }
            ]
          },
          "ConditionBrowseLeafList":{
            "ConditionBrowseLeaf":[
              {
                "ConditionBrowseLeafId":"M28292",
                "ConditionBrowseLeafName":"Cognitive Dysfunction",
                "ConditionBrowseLeafAsFound":"Mild Cognitive Impairment",
                "ConditionBrowseLeafRelevance":"high"
              },{
                "ConditionBrowseLeafId":"M4884",
                "ConditionBrowseLeafName":"Cognition Disorders",
                "ConditionBrowseLeafRelevance":"low"
              },{
                "ConditionBrowseLeafId":"M20420",
                "ConditionBrowseLeafName":"Neurocognitive Disorders",
                "ConditionBrowseLeafRelevance":"low"
              },{
                "ConditionBrowseLeafId":"M3396",
                "ConditionBrowseLeafName":"Mental Disorders",
                "ConditionBrowseLeafRelevance":"low"
              },{
                "ConditionBrowseLeafId":"M13056",
                "ConditionBrowseLeafName":"Psychotic Disorders",
                "ConditionBrowseLeafRelevance":"low"
              }
            ]
          },
          "ConditionBrowseBranchList":{
            "ConditionBrowseBranch":[
              {
                "ConditionBrowseBranchAbbrev":"BXM",
                "ConditionBrowseBranchName":"Behaviors and Mental Disorders"
              },{
                "ConditionBrowseBranchAbbrev":"All",
                "ConditionBrowseBranchName":"All Conditions"
              }
            ]
          }
        }
      }
    }
  }
}

