{
  "FullStudy":{
    "Rank":60065,
    "Study":{
      "ProtocolSection":{
        "IdentificationModule":{
          "NCTId":"NCT04067908",
          "OrgStudyIdInfo":{
            "OrgStudyId":"CHUBX 2010/19"
          },
          "Organization":{
            "OrgFullName":"University Hospital, Bordeaux",
            "OrgClass":"OTHER"
          },
          "BriefTitle":"New Biomarkers Associated With the Risk of Premature Delivery.",
          "OfficialTitle":"Study of New Biomarkers Associated With the Risk of Premature Delivery During Spontaneous Work With Intact Membranes Before 37 Weeks of Amenorrhea.",
          "Acronym":"PROTEOMAP"
        },
        "StatusModule":{
          "StatusVerifiedDate":"August 2019",
          "OverallStatus":"Completed",
          "ExpandedAccessInfo":{
            "HasExpandedAccess":"No"
          },
          "StartDateStruct":{
            "StartDate":"June 7, 2011",
            "StartDateType":"Actual"
          },
          "PrimaryCompletionDateStruct":{
            "PrimaryCompletionDate":"December 28, 2013",
            "PrimaryCompletionDateType":"Actual"
          },
          "CompletionDateStruct":{
            "CompletionDate":"December 28, 2013",
            "CompletionDateType":"Actual"
          },
          "StudyFirstSubmitDate":"August 22, 2019",
          "StudyFirstSubmitQCDate":"August 22, 2019",
          "StudyFirstPostDateStruct":{
            "StudyFirstPostDate":"August 28, 2019",
            "StudyFirstPostDateType":"Actual"
          },
          "LastUpdateSubmitDate":"August 26, 2019",
          "LastUpdatePostDateStruct":{
            "LastUpdatePostDate":"August 28, 2019",
            "LastUpdatePostDateType":"Actual"
          }
        },
        "SponsorCollaboratorsModule":{
          "ResponsibleParty":{
            "ResponsiblePartyType":"Sponsor"
          },
          "LeadSponsor":{
            "LeadSponsorName":"University Hospital, Bordeaux",
            "LeadSponsorClass":"OTHER"
          }
        },
        "OversightModule":{
          "OversightHasDMC":"No",
          "IsFDARegulatedDrug":"No",
          "IsFDARegulatedDevice":"No"
        },
        "DescriptionModule":{
          "BriefSummary":"Despite the progress made in the organization of care and neonatal care, prematurity remains the main cause of morbidity and perinatal mortality.\n\nThis study aims to estimate the prognostic value of new biomarkers (proteomic markers) on the occurrence of preterm birth.",
          "DetailedDescription":"Despite the progress made in the organization of care and neonatal care, prematurity remains the main cause of morbidity and perinatal mortality. With 7.2% of premature deliveries in France, threat of premature labor remains the leading cause of maternal transfer and hospitalization. In terms of mortality, morbidity and cost, the fight against prematurity remains a national priority in terms of public health.\n\nThe diagnosis of threat of premature labor at high risk of preterm labor is difficult and clinical and laboratory criteria often remain insufficient. Measurement of the cervix by endovaginal ultrasound lacks sensitivity and specificity. Among the biological criteria, only fibronectin, which has a good negative predictive value, is used in current practice. Despite the use of these two prognostic criteria, only 40% of hospitalized patients will give birth prematurely.\n\nRecent advances in proteomics allow us to study complex proteomes and compare them. Preliminary studies already carried out have revealed families of proteins expressed differently in situations of work or premature delivery. We therefore hypothesize that the study of a woman's vaginal proteome with threat of premature labor may reveal new markers of preterm labor. These markers could help the clinician in its therapeutic management and thus reduce hospitalizations, better target patients requiring tocolytic treatment and optimize the use of corticosteroids. In addition, variations in the proteome may help to understand the physiopathological mechanisms of premature delivery, which are necessary for the development of effective therapeutics."
        },
        "ConditionsModule":{
          "ConditionList":{
            "Condition":[
              "Premature Delivery"
            ]
          },
          "KeywordList":{
            "Keyword":[
              "Biological markers"
            ]
          }
        },
        "DesignModule":{
          "StudyType":"Interventional",
          "PhaseList":{
            "Phase":[
              "Not Applicable"
            ]
          },
          "DesignInfo":{
            "DesignAllocation":"N/A",
            "DesignInterventionModel":"Single Group Assignment",
            "DesignPrimaryPurpose":"Basic Science",
            "DesignMaskingInfo":{
              "DesignMasking":"None (Open Label)"
            }
          },
          "EnrollmentInfo":{
            "EnrollmentCount":"182",
            "EnrollmentType":"Actual"
          }
        },
        "ArmsInterventionsModule":{
          "ArmGroupList":{
            "ArmGroup":[
              {
                "ArmGroupLabel":"woman giving birth prematurely",
                "ArmGroupType":"Experimental",
                "ArmGroupDescription":"Proteome: by liquid chromatography coupled with tandem mass spectrometry. Fibronectin: by vaginal sampling. Ultrasound of the cervix. Cytokines: ELISA kit of a panel of several cytokines.",
                "ArmGroupInterventionList":{
                  "ArmGroupInterventionName":[
                    "Other: 2 tubes of 5ml during the blood collection and 2 swabs during vaginal sampling"
                  ]
                }
              }
            ]
          },
          "InterventionList":{
            "Intervention":[
              {
                "InterventionType":"Other",
                "InterventionName":"2 tubes of 5ml during the blood collection and 2 swabs during vaginal sampling",
                "InterventionDescription":"The samples taken during this study are taken at the same time as those taken in routine during the diagnosis of threat of premature labor. There are added 2 tubes of 5ml during the blood collection and 2 swabs during vaginal sampling.",
                "InterventionArmGroupLabelList":{
                  "InterventionArmGroupLabel":[
                    "woman giving birth prematurely"
                  ]
                }
              }
            ]
          }
        },
        "OutcomesModule":{
          "PrimaryOutcomeList":{
            "PrimaryOutcome":[
              {
                "PrimaryOutcomeMeasure":"Premature delivery yes/no",
                "PrimaryOutcomeDescription":"Premature labor is defined as a pregnancy duration of less than 37 weeks. For this study, cases of interest are : premature labor before 33 amenorrhea weeks + 6 days.",
                "PrimaryOutcomeTimeFrame":"Premature delivery before 33 amenorrhea weeks + 6 days"
              }
            ]
          }
        },
        "EligibilityModule":{
          "EligibilityCriteria":"Inclusion Criteria:\n\nPregnant women over 18 years of age\nTerm from 22 to 33 and 6 amenorrhea weeks\nSingle or twin pregnancy\nEmergency consultant, in participating centers, for a threat of premature labor defined by:\n\nUterine contractions greater than or equal to 3 in 30 minutes Clinical modification of the cervix Ultrasound collar less than 25 mm\n\nFree, informed and written consent, dated and signed by the patient and the investigator before any investigation required by the research.\nPatient affiliated to a Social Security scheme.\n\nExclusion Criteria:\n\nPremature rupture of membranes\nPlacenta previa\nVaginal haemorrhage at the time of sampling\nUterine malformation\nStrapping, open bite\nHistory of strapping and or open bite\nConization\nFetal malformation\nAssociated vasorenal pathology\nSexual intercourse less than 24h\nGynecological examination less than 48h\nVaginal treatment in progress\nPolyhydramnios\nTransfused-transfused syndrome\nTwin Anemia Polycythemia syndrome\nFetoscopy during pregnancy",
          "HealthyVolunteers":"No",
          "Gender":"Female",
          "GenderBased":"Yes",
          "GenderDescription":"Woman during childbirth",
          "MinimumAge":"18 Years",
          "StdAgeList":{
            "StdAge":[
              "Adult",
              "Older Adult"
            ]
          }
        },
        "ContactsLocationsModule":{
          "OverallOfficialList":{
            "OverallOfficial":[
              {
                "OverallOfficialName":"Dominique DALLAY, Pr",
                "OverallOfficialAffiliation":"University Hospital, Bordeaux",
                "OverallOfficialRole":"Principal Investigator"
              }
            ]
          }
        },
        "IPDSharingStatementModule":{
          "IPDSharing":"No"
        }
      },
      "DerivedSection":{
        "MiscInfoModule":{
          "VersionHolder":"April 19, 2021"
        },
        "ConditionBrowseModule":{
          "ConditionMeshList":{
            "ConditionMesh":[
              {
                "ConditionMeshId":"D000047928",
                "ConditionMeshTerm":"Premature Birth"
              }
            ]
          },
          "ConditionAncestorList":{
            "ConditionAncestor":[
              {
                "ConditionAncestorId":"D000007752",
                "ConditionAncestorTerm":"Obstetric Labor, Premature"
              },{
                "ConditionAncestorId":"D000007744",
                "ConditionAncestorTerm":"Obstetric Labor Complications"
              },{
                "ConditionAncestorId":"D000011248",
                "ConditionAncestorTerm":"Pregnancy Complications"
              }
            ]
          },
          "ConditionBrowseLeafList":{
            "ConditionBrowseLeaf":[
              {
                "ConditionBrowseLeafId":"M24456",
                "ConditionBrowseLeafName":"Premature Birth",
                "ConditionBrowseLeafAsFound":"Premature Delivery",
                "ConditionBrowseLeafRelevance":"high"
              },{
                "ConditionBrowseLeafId":"M2490",
                "ConditionBrowseLeafName":"Amenorrhea",
                "ConditionBrowseLeafRelevance":"low"
              },{
                "ConditionBrowseLeafId":"M9355",
                "ConditionBrowseLeafName":"Obstetric Labor, Premature",
                "ConditionBrowseLeafRelevance":"low"
              },{
                "ConditionBrowseLeafId":"M9347",
                "ConditionBrowseLeafName":"Obstetric Labor Complications",
                "ConditionBrowseLeafRelevance":"low"
              },{
                "ConditionBrowseLeafId":"M12710",
                "ConditionBrowseLeafName":"Pregnancy Complications",
                "ConditionBrowseLeafRelevance":"low"
              }
            ]
          },
          "ConditionBrowseBranchList":{
            "ConditionBrowseBranch":[
              {
                "ConditionBrowseBranchAbbrev":"BXS",
                "ConditionBrowseBranchName":"Urinary Tract, Sexual Organs, and Pregnancy Conditions"
              },{
                "ConditionBrowseBranchAbbrev":"All",
                "ConditionBrowseBranchName":"All Conditions"
              },{
                "ConditionBrowseBranchAbbrev":"BC23",
                "ConditionBrowseBranchName":"Symptoms and General Pathology"
              }
            ]
          }
        }
      }
    }
  }
}

