{
  "FullStudy":{
    "Rank":59939,
    "Study":{
      "ProtocolSection":{
        "IdentificationModule":{
          "NCTId":"NCT04069546",
          "OrgStudyIdInfo":{
            "OrgStudyId":"RIC-SIID"
          },
          "Organization":{
            "OrgFullName":"Capital Medical University",
            "OrgClass":"OTHER"
          },
          "BriefTitle":"The Efficacy of Remote Ischemic Conditioning on Stroke-induced Immunodeficiency",
          "OfficialTitle":"The Efficacy of Remote Ischemic Conditioning on Stroke-induced Immunodeficiency",
          "Acronym":"RIC-SIID"
        },
        "StatusModule":{
          "StatusVerifiedDate":"December 2020",
          "OverallStatus":"Completed",
          "ExpandedAccessInfo":{
            "HasExpandedAccess":"No"
          },
          "StartDateStruct":{
            "StartDate":"September 7, 2019",
            "StartDateType":"Actual"
          },
          "PrimaryCompletionDateStruct":{
            "PrimaryCompletionDate":"February 1, 2020",
            "PrimaryCompletionDateType":"Actual"
          },
          "CompletionDateStruct":{
            "CompletionDate":"February 1, 2020",
            "CompletionDateType":"Actual"
          },
          "StudyFirstSubmitDate":"August 23, 2019",
          "StudyFirstSubmitQCDate":"August 23, 2019",
          "StudyFirstPostDateStruct":{
            "StudyFirstPostDate":"August 28, 2019",
            "StudyFirstPostDateType":"Actual"
          },
          "LastUpdateSubmitDate":"December 24, 2020",
          "LastUpdatePostDateStruct":{
            "LastUpdatePostDate":"December 28, 2020",
            "LastUpdatePostDateType":"Actual"
          }
        },
        "SponsorCollaboratorsModule":{
          "ResponsibleParty":{
            "ResponsiblePartyType":"Principal Investigator",
            "ResponsiblePartyInvestigatorFullName":"Ji Xunming,MD,PhD",
            "ResponsiblePartyInvestigatorTitle":"Clinical Professor, Principal Investigator",
            "ResponsiblePartyInvestigatorAffiliation":"Capital Medical University"
          },
          "LeadSponsor":{
            "LeadSponsorName":"Capital Medical University",
            "LeadSponsorClass":"OTHER"
          }
        },
        "OversightModule":{
          "OversightHasDMC":"Yes",
          "IsFDARegulatedDrug":"No",
          "IsFDARegulatedDevice":"No"
        },
        "DescriptionModule":{
          "BriefSummary":"to detect the effects of RIC on stroke-induced immunodeficiency and inflammation response in acute ischemic stroke patients",
          "DetailedDescription":"Remote ischemic conditioning, consisting of several brief cycles of intermittent ischemia-reperfusion of the arm or leg, may potentially confer systemic protection against prolonged ischemia in a distant organ. Numerous reports have confirmed its strongest endogenous neuroprotection against brain injury after stroke, of which the immune mechanisms are majorly involved in RIC. At the same time, the inflammation response plays a great role in stroke development, which may expand the infarct area. Stroke-induced immunodeficiency can potentiate stroke-associated pneumonia, which is an important cause of death after strokes. In this study, the investigators will assess the effect of RIC on stroke-induced immunodeficiency and inflammation response in AIS patients."
        },
        "ConditionsModule":{
          "ConditionList":{
            "Condition":[
              "Acute Ischemic Stroke"
            ]
          },
          "KeywordList":{
            "Keyword":[
              "Acute Ischemic Stroke",
              "Remote ischemic preconditioning",
              "Stroke-induced immunodeficiency",
              "Stroke-associated Pneumonia",
              "inflammation response"
            ]
          }
        },
        "DesignModule":{
          "StudyType":"Interventional",
          "PhaseList":{
            "Phase":[
              "Not Applicable"
            ]
          },
          "DesignInfo":{
            "DesignAllocation":"Randomized",
            "DesignInterventionModel":"Parallel Assignment",
            "DesignPrimaryPurpose":"Prevention",
            "DesignMaskingInfo":{
              "DesignMasking":"Single",
              "DesignWhoMaskedList":{
                "DesignWhoMasked":[
                  "Outcomes Assessor"
                ]
              }
            }
          },
          "EnrollmentInfo":{
            "EnrollmentCount":"46",
            "EnrollmentType":"Actual"
          }
        },
        "ArmsInterventionsModule":{
          "ArmGroupList":{
            "ArmGroup":[
              {
                "ArmGroupLabel":"AIS-RIC",
                "ArmGroupType":"Experimental",
                "ArmGroupDescription":"RIC is a physical strategy performed through cuffs placed on the unilateral arm and inflated to 180 mmHg for 5-min followed by deflation for 5-min, the procedures are performed repeatedly for 5 times. This group of patients received regular therapy of acute ischemic stroke plus unilateral arm of RIC intervention.",
                "ArmGroupInterventionList":{
                  "ArmGroupInterventionName":[
                    "Device: remote ischemic conditioning"
                  ]
                }
              },{
                "ArmGroupLabel":"AIS",
                "ArmGroupType":"No Intervention",
                "ArmGroupDescription":"This group of patients received regular therapy of acute ischemic stroke."
              }
            ]
          },
          "InterventionList":{
            "Intervention":[
              {
                "InterventionType":"Device",
                "InterventionName":"remote ischemic conditioning",
                "InterventionDescription":"RIC is a physical strategy performed by an electric device with cuffs placed on the unilateral arm and inflated to 180 mmHg for 5-min followed by deflation for 5-min, the procedures are performed repeatedly for 5 times.",
                "InterventionArmGroupLabelList":{
                  "InterventionArmGroupLabel":[
                    "AIS-RIC"
                  ]
                }
              }
            ]
          }
        },
        "OutcomesModule":{
          "PrimaryOutcomeList":{
            "PrimaryOutcome":[
              {
                "PrimaryOutcomeMeasure":"The changes of mHLA-DR level in plasma",
                "PrimaryOutcomeDescription":"through flow cytometry",
                "PrimaryOutcomeTimeFrame":"change from baseline to 2(±24h)days, and at 7(±24h)days after admission"
              }
            ]
          },
          "SecondaryOutcomeList":{
            "SecondaryOutcome":[
              {
                "SecondaryOutcomeMeasure":"The changes of TLR-2, TLR-4 level in plasma",
                "SecondaryOutcomeDescription":"through flow cytometry",
                "SecondaryOutcomeTimeFrame":"change from baseline to 2(±24h)days, and at 7(±24h)days after admission"
              },{
                "SecondaryOutcomeMeasure":"Incidence of Stroke-associated Pneumonia within 1 week",
                "SecondaryOutcomeDescription":"Stroke-associated Pneumonia diagnostic criteria base on the consensus of 2015\n\nStroke-associated Pneumonia diagnostic criteria base on the consensus of 2015\n\nStroke-associated Pneumonia diagnostic criteria base on the consensus of 2015",
                "SecondaryOutcomeTimeFrame":"within 7(±24h)days after admission"
              },{
                "SecondaryOutcomeMeasure":"Number of Participants with physician-diagnosed pneumonia within 90 days after stroke onset",
                "SecondaryOutcomeDescription":"Number of Participants with Physician-diagnosed Pneumonia within 90 days after stroke onset Physician-diagnosed Pneumonia within 90 days",
                "SecondaryOutcomeTimeFrame":"90( ±7days) days after ischemic stroke onset"
              },{
                "SecondaryOutcomeMeasure":"White blood cell count, monocyte count",
                "SecondaryOutcomeDescription":"through routine blood test",
                "SecondaryOutcomeTimeFrame":"baseline, 2(±24h) days, 7(±24h) days after admission"
              },{
                "SecondaryOutcomeMeasure":"Concentration of IL-1β、IL-6、IL-10、TNFα（CRP if patients are infected）level",
                "SecondaryOutcomeDescription":"inflammatory cytokines",
                "SecondaryOutcomeTimeFrame":"baseline, 2(±24h)days, and at 7(±24h)days after admission"
              },{
                "SecondaryOutcomeMeasure":"Number of Participants with Favorable outcome at 90 days",
                "SecondaryOutcomeDescription":"definition of favorable outcome: mRS : 0-2 or NIHSS: 0-1",
                "SecondaryOutcomeTimeFrame":"90 days after ischemic stroke onset"
              },{
                "SecondaryOutcomeMeasure":"Number of Participants with any adverse events",
                "SecondaryOutcomeDescription":"adverse events include stroke extension, gastrointestinal bleed, cardiac events, increased liver or renal enzymes, and transfer to intensive care unit.",
                "SecondaryOutcomeTimeFrame":"during baseline to 90 days after stroke onset"
              }
            ]
          }
        },
        "EligibilityModule":{
          "EligibilityCriteria":"Inclusion Criteria:\n\nAge≥18 years old;\nConfirmed diagnosis of acute ischemic stroke(AIS) with onset of symptoms within 48h at recruitment;\nNIHSS score: ≤15;\nPrestroke modified Rankin Scale(mRS) ≤2;\nsubject or his or her legally authorized representative was able to provide informed consent.\n\nExclusion Criteria:\n\nuncontrolled hypertension (defined as systolic blood pressure ≥200 mmHg);\nparticipation in another device or drug trial simultaneously;\nany vascular, soft tissue, or orthopedic injury (eg, superficial wounds and fractures of the arm) that contraindicated unilateral arm ischemic preconditioning;\nperipheral vascular disease (especially subclavian arterial and upper limb artery stenosis or occlusion);\nWomen who have a positive pregnancy test;\nHistory of malignancies;\nUsing remote ischemic conditioning within the preceding 1 week;\nknown infection at admission;\na history of infection or the use of antibiotics, immunosuppressants, or steroids within the preceding 3 months.\nOther conditions are not suitable for this trial (evaluated by researchers)",
          "HealthyVolunteers":"No",
          "Gender":"All",
          "MinimumAge":"18 Years",
          "StdAgeList":{
            "StdAge":[
              "Adult",
              "Older Adult"
            ]
          }
        },
        "ContactsLocationsModule":{
          "LocationList":{
            "Location":[
              {
                "LocationFacility":"Xuanwu Hospital, Capital Medical University",
                "LocationCity":"Beijing",
                "LocationState":"XI Cheng District,",
                "LocationZip":"100053",
                "LocationCountry":"China"
              }
            ]
          }
        }
      },
      "DerivedSection":{
        "MiscInfoModule":{
          "VersionHolder":"April 19, 2021"
        },
        "ConditionBrowseModule":{
          "ConditionMeshList":{
            "ConditionMesh":[
              {
                "ConditionMeshId":"D000020521",
                "ConditionMeshTerm":"Stroke"
              },{
                "ConditionMeshId":"D000007153",
                "ConditionMeshTerm":"Immunologic Deficiency Syndromes"
              },{
                "ConditionMeshId":"D000007511",
                "ConditionMeshTerm":"Ischemia"
              }
            ]
          },
          "ConditionAncestorList":{
            "ConditionAncestor":[
              {
                "ConditionAncestorId":"D000002561",
                "ConditionAncestorTerm":"Cerebrovascular Disorders"
              },{
                "ConditionAncestorId":"D000001927",
                "ConditionAncestorTerm":"Brain Diseases"
              },{
                "ConditionAncestorId":"D000002493",
                "ConditionAncestorTerm":"Central Nervous System Diseases"
              },{
                "ConditionAncestorId":"D000009422",
                "ConditionAncestorTerm":"Nervous System Diseases"
              },{
                "ConditionAncestorId":"D000014652",
                "ConditionAncestorTerm":"Vascular Diseases"
              },{
                "ConditionAncestorId":"D000002318",
                "ConditionAncestorTerm":"Cardiovascular Diseases"
              },{
                "ConditionAncestorId":"D000010335",
                "ConditionAncestorTerm":"Pathologic Processes"
              },{
                "ConditionAncestorId":"D000007154",
                "ConditionAncestorTerm":"Immune System Diseases"
              }
            ]
          },
          "ConditionBrowseLeafList":{
            "ConditionBrowseLeaf":[
              {
                "ConditionBrowseLeafId":"M9126",
                "ConditionBrowseLeafName":"Ischemia",
                "ConditionBrowseLeafAsFound":"Ischemic",
                "ConditionBrowseLeafRelevance":"high"
              },{
                "ConditionBrowseLeafId":"M20890",
                "ConditionBrowseLeafName":"Stroke",
                "ConditionBrowseLeafAsFound":"Stroke",
                "ConditionBrowseLeafRelevance":"high"
              },{
                "ConditionBrowseLeafId":"M8876",
                "ConditionBrowseLeafName":"Inflammation",
                "ConditionBrowseLeafRelevance":"low"
              },{
                "ConditionBrowseLeafId":"M12487",
                "ConditionBrowseLeafName":"Pneumonia",
                "ConditionBrowseLeafRelevance":"low"
              },{
                "ConditionBrowseLeafId":"M8782",
                "ConditionBrowseLeafName":"Immunologic Deficiency Syndromes",
                "ConditionBrowseLeafAsFound":"Immunodeficiency",
                "ConditionBrowseLeafRelevance":"high"
              },{
                "ConditionBrowseLeafId":"M14938",
                "ConditionBrowseLeafName":"Syndrome",
                "ConditionBrowseLeafRelevance":"low"
              },{
                "ConditionBrowseLeafId":"M4393",
                "ConditionBrowseLeafName":"Cerebrovascular Disorders",
                "ConditionBrowseLeafRelevance":"low"
              },{
                "ConditionBrowseLeafId":"M3786",
                "ConditionBrowseLeafName":"Brain Diseases",
                "ConditionBrowseLeafRelevance":"low"
              },{
                "ConditionBrowseLeafId":"M4325",
                "ConditionBrowseLeafName":"Central Nervous System Diseases",
                "ConditionBrowseLeafRelevance":"low"
              },{
                "ConditionBrowseLeafId":"M15983",
                "ConditionBrowseLeafName":"Vascular Diseases",
                "ConditionBrowseLeafRelevance":"low"
              },{
                "ConditionBrowseLeafId":"M8783",
                "ConditionBrowseLeafName":"Immune System Diseases",
                "ConditionBrowseLeafRelevance":"low"
              }
            ]
          },
          "ConditionBrowseBranchList":{
            "ConditionBrowseBranch":[
              {
                "ConditionBrowseBranchAbbrev":"BC23",
                "ConditionBrowseBranchName":"Symptoms and General Pathology"
              },{
                "ConditionBrowseBranchAbbrev":"All",
                "ConditionBrowseBranchName":"All Conditions"
              },{
                "ConditionBrowseBranchAbbrev":"BC10",
                "ConditionBrowseBranchName":"Nervous System Diseases"
              },{
                "ConditionBrowseBranchAbbrev":"BC14",
                "ConditionBrowseBranchName":"Heart and Blood Diseases"
              },{
                "ConditionBrowseBranchAbbrev":"BC08",
                "ConditionBrowseBranchName":"Respiratory Tract (Lung and Bronchial) Diseases"
              },{
                "ConditionBrowseBranchAbbrev":"BC20",
                "ConditionBrowseBranchName":"Immune System Diseases"
              }
            ]
          }
        }
      }
    }
  }
}

