{
  "FullStudy":{
    "Rank":60082,
    "Study":{
      "ProtocolSection":{
        "IdentificationModule":{
          "NCTId":"NCT04067687",
          "OrgStudyIdInfo":{
            "OrgStudyId":"PedPalliative01"
          },
          "Organization":{
            "OrgFullName":"Indonesia University",
            "OrgClass":"OTHER"
          },
          "BriefTitle":"Home Visit Intervention in Pediatric Palliative Care",
          "OfficialTitle":"Palliative Intervention to Improve Quality of Life in Children With Cancer: A Randomized Controlled Trial"
        },
        "StatusModule":{
          "StatusVerifiedDate":"December 2019",
          "OverallStatus":"Completed",
          "ExpandedAccessInfo":{
            "HasExpandedAccess":"No"
          },
          "StartDateStruct":{
            "StartDate":"January 1, 2019",
            "StartDateType":"Actual"
          },
          "PrimaryCompletionDateStruct":{
            "PrimaryCompletionDate":"July 1, 2019",
            "PrimaryCompletionDateType":"Actual"
          },
          "CompletionDateStruct":{
            "CompletionDate":"September 30, 2019",
            "CompletionDateType":"Actual"
          },
          "StudyFirstSubmitDate":"August 22, 2019",
          "StudyFirstSubmitQCDate":"August 22, 2019",
          "StudyFirstPostDateStruct":{
            "StudyFirstPostDate":"August 26, 2019",
            "StudyFirstPostDateType":"Actual"
          },
          "LastUpdateSubmitDate":"December 6, 2019",
          "LastUpdatePostDateStruct":{
            "LastUpdatePostDate":"December 9, 2019",
            "LastUpdatePostDateType":"Actual"
          }
        },
        "SponsorCollaboratorsModule":{
          "ResponsibleParty":{
            "ResponsiblePartyType":"Principal Investigator",
            "ResponsiblePartyInvestigatorFullName":"Murti Andriastuti, Doctor",
            "ResponsiblePartyInvestigatorTitle":"Principal Investigator",
            "ResponsiblePartyInvestigatorAffiliation":"Indonesia University"
          },
          "LeadSponsor":{
            "LeadSponsorName":"Indonesia University",
            "LeadSponsorClass":"OTHER"
          }
        },
        "OversightModule":{
          "OversightHasDMC":"Yes",
          "IsFDARegulatedDrug":"No",
          "IsFDARegulatedDevice":"No"
        },
        "DescriptionModule":{
          "BriefSummary":"A randomized controlled trial to compare the quality of life between participants who were given palliative care (a 3-month home visit) and those who were not (intervention vs control group) was conducted. Participants consisted of children with cancer aged 2-18 years old. A two-way communication between a trained health worker and participants with or without their parents were conducted as the intervention (report by proxy or self-report). Interventions were given in 6 sessions (1 session every 2 weeks) focusing on problems solving education, symptoms management, self-care, communication, decision making, and long-term care plan assistance. In the first and twelfth week of the intervention, all participants were assessed with the Pediatric Quality of Life Inventory (PedsQLTM) questionnaire cancer module 3.0. Symptomps intensityof anorexia, sleep diturbance, and pain will be asessed in each visit. Participants were followed, Emergency Room (ER) admissions were recorded during follow up period. During the follow up period, ER admissions were recorded further."
        },
        "ConditionsModule":{
          "ConditionList":{
            "Condition":[
              "Pediatric Cancer",
              "Palliative"
            ]
          },
          "KeywordList":{
            "Keyword":[
              "palliative",
              "cancer",
              "pediatric"
            ]
          }
        },
        "DesignModule":{
          "StudyType":"Interventional",
          "PhaseList":{
            "Phase":[
              "Not Applicable"
            ]
          },
          "DesignInfo":{
            "DesignAllocation":"Randomized",
            "DesignInterventionModel":"Parallel Assignment",
            "DesignInterventionModelDescription":"Two arm of control group and intervention group",
            "DesignPrimaryPurpose":"Supportive Care",
            "DesignMaskingInfo":{
              "DesignMasking":"None (Open Label)"
            }
          },
          "EnrollmentInfo":{
            "EnrollmentCount":"60",
            "EnrollmentType":"Actual"
          }
        },
        "ArmsInterventionsModule":{
          "ArmGroupList":{
            "ArmGroup":[
              {
                "ArmGroupLabel":"Control",
                "ArmGroupType":"No Intervention",
                "ArmGroupDescription":"No palliative home visit intervention"
              },{
                "ArmGroupLabel":"Intervention",
                "ArmGroupType":"Experimental",
                "ArmGroupDescription":"Palliative home visit intervention",
                "ArmGroupInterventionList":{
                  "ArmGroupInterventionName":[
                    "Other: Palliative home visit"
                  ]
                }
              }
            ]
          },
          "InterventionList":{
            "Intervention":[
              {
                "InterventionType":"Other",
                "InterventionName":"Palliative home visit",
                "InterventionDescription":"a 3-month home visit, providing two-way communication between a trained health worker and patients with or without their parents were conducted as the intervention (report by proxy or self-report). Interventions were given in 6 sessions (1 session every 2 weeks) focusing on problems solving education, symptoms management, self-care, communication, decision making, and long-term care plan assistance.",
                "InterventionArmGroupLabelList":{
                  "InterventionArmGroupLabel":[
                    "Intervention"
                  ]
                }
              }
            ]
          }
        },
        "OutcomesModule":{
          "PrimaryOutcomeList":{
            "PrimaryOutcome":[
              {
                "PrimaryOutcomeMeasure":"Quality of life cancer child",
                "PrimaryOutcomeDescription":"Measured using PedsQLTM cancer module 3.0 that consisted of eight dimension. Each dimension consisted of several items to be answered. Item scaling was answered in 5-point Likert scale from 0 (Never) to 4 (Almost always). Scores are transformed to a 0 to 100 scale. Items are reversed scored and linearly transformed to a 0-100 scale as follows: 0=100, 1=75, 2=50, 3=25, 4=0. If more than 50% of the items in the scale are missing, the scale scores should not be computed. Mean score = Sum of the items over the number of items answered. Total score is acquired by summing of all the items over the number of items answered on all the Scales.Higher scores indicate lower problems.",
                "PrimaryOutcomeTimeFrame":"at the end of 3 months follow up"
              }
            ]
          },
          "SecondaryOutcomeList":{
            "SecondaryOutcome":[
              {
                "SecondaryOutcomeMeasure":"Emergency room visits",
                "SecondaryOutcomeDescription":"Frequency of emergency room visit is recorded during 3-months follow up period. Total number of emergency rom visits will be summed.",
                "SecondaryOutcomeTimeFrame":"during 3 months follow up"
              },{
                "SecondaryOutcomeMeasure":"Symptomps intensity",
                "SecondaryOutcomeDescription":"Measured using Edmonton Symptoms Asessment Scale. The severity at the time of assessment of each symptom is rated from 0 to 10 on a numerical scale, 0 meaning that the symptom is absent and 10 that it is of the worst possible severity. The patient and family should be taught how to complete the scales. Mean score is acquired by summing all scores then divided it by total number of assesment.",
                "SecondaryOutcomeTimeFrame":"during 3 months follow up"
              }
            ]
          }
        },
        "EligibilityModule":{
          "EligibilityCriteria":"Inclusion Criteria:\n\nChild age 2-18 years old with malignancies who undergo treatments at the Department of Child Health of Cipto Mangunkusumo Hospital, during the study period.\nAll participants who meet the criteria to get palliative care, participants with a total score ≥ 4 based on palliative screening form.\nParticipants and or parents agree to be enrolled in study\n\nExclusion Criteria:\n\nPatients who live outside Jakarta and therefore unreachable to get palliative intervention",
          "HealthyVolunteers":"No",
          "Gender":"All",
          "MinimumAge":"2 Years",
          "MaximumAge":"18 Years",
          "StdAgeList":{
            "StdAge":[
              "Child",
              "Adult"
            ]
          }
        },
        "ContactsLocationsModule":{
          "OverallOfficialList":{
            "OverallOfficial":[
              {
                "OverallOfficialName":"Murti Andriastuti, Doctor",
                "OverallOfficialAffiliation":"Indonesia University, Cipto Mangunkusumo Hospital Jakarta",
                "OverallOfficialRole":"Principal Investigator"
              }
            ]
          },
          "LocationList":{
            "Location":[
              {
                "LocationFacility":"Cipto Mangunkusumo Hospital",
                "LocationCity":"Jakarta",
                "LocationZip":"10430",
                "LocationCountry":"Indonesia"
              }
            ]
          }
        },
        "IPDSharingStatementModule":{
          "IPDSharing":"No"
        }
      },
      "DerivedSection":{
        "MiscInfoModule":{
          "VersionHolder":"April 19, 2021"
        },
        "ConditionBrowseModule":{
          "ConditionBrowseLeafList":{
            "ConditionBrowseLeaf":[
              {
                "ConditionBrowseLeafId":"T6034",
                "ConditionBrowseLeafName":"Quality of Life",
                "ConditionBrowseLeafRelevance":"low"
              }
            ]
          },
          "ConditionBrowseBranchList":{
            "ConditionBrowseBranch":[
              {
                "ConditionBrowseBranchAbbrev":"BXM",
                "ConditionBrowseBranchName":"Behaviors and Mental Disorders"
              },{
                "ConditionBrowseBranchAbbrev":"All",
                "ConditionBrowseBranchName":"All Conditions"
              }
            ]
          }
        }
      }
    }
  }
}

