{
  "FullStudy":{
    "Rank":60126,
    "Study":{
      "ProtocolSection":{
        "IdentificationModule":{
          "NCTId":"NCT04067115",
          "OrgStudyIdInfo":{
            "OrgStudyId":"SARC037"
          },
          "SecondaryIdInfoList":{
            "SecondaryIdInfo":[
              {
                "SecondaryId":"U01CA236220",
                "SecondaryIdType":"U.S. NIH Grant/Contract",
                "SecondaryIdLink":"https://projectreporter.nih.gov/reporterapi.cfm?PROJECTNUM=U01CA236220&Fy=all"
              }
            ]
          },
          "Organization":{
            "OrgFullName":"Sarcoma Alliance for Research through Collaboration",
            "OrgClass":"OTHER"
          },
          "BriefTitle":"SARC037: A Phase I Study to Evaluate the Safety of Trabectedin in Combination With Irinotecan in Ewing Sarcoma Patients",
          "OfficialTitle":"SARC037: A Phase I Study to Evaluate the Safety of Trabectedin Administered as a 1-Hour Infusion in Ewing Sarcoma Patients in Combination With Low Dose Irinotecan and 3'-Deoxy-3'-18F Fluorothymidine (18F-FLT) Imaging",
          "Acronym":"U01CA236220"
        },
        "StatusModule":{
          "StatusVerifiedDate":"January 2021",
          "OverallStatus":"Recruiting",
          "ExpandedAccessInfo":{
            "HasExpandedAccess":"No"
          },
          "StartDateStruct":{
            "StartDate":"September 25, 2020",
            "StartDateType":"Actual"
          },
          "PrimaryCompletionDateStruct":{
            "PrimaryCompletionDate":"June 30, 2023",
            "PrimaryCompletionDateType":"Anticipated"
          },
          "CompletionDateStruct":{
            "CompletionDate":"June 30, 2023",
            "CompletionDateType":"Anticipated"
          },
          "StudyFirstSubmitDate":"August 21, 2019",
          "StudyFirstSubmitQCDate":"August 21, 2019",
          "StudyFirstPostDateStruct":{
            "StudyFirstPostDate":"August 26, 2019",
            "StudyFirstPostDateType":"Actual"
          },
          "LastUpdateSubmitDate":"January 11, 2021",
          "LastUpdatePostDateStruct":{
            "LastUpdatePostDate":"January 12, 2021",
            "LastUpdatePostDateType":"Actual"
          }
        },
        "SponsorCollaboratorsModule":{
          "ResponsibleParty":{
            "ResponsiblePartyType":"Sponsor"
          },
          "LeadSponsor":{
            "LeadSponsorName":"Sarcoma Alliance for Research through Collaboration",
            "LeadSponsorClass":"OTHER"
          },
          "CollaboratorList":{
            "Collaborator":[
              {
                "CollaboratorName":"Janssen Scientific Affairs, LLC",
                "CollaboratorClass":"INDUSTRY"
              },{
                "CollaboratorName":"National Institutes of Health (NIH)",
                "CollaboratorClass":"NIH"
              },{
                "CollaboratorName":"National Cancer Institute (NCI)",
                "CollaboratorClass":"NIH"
              }
            ]
          }
        },
        "OversightModule":{
          "OversightHasDMC":"Yes",
          "IsFDARegulatedDrug":"Yes",
          "IsFDARegulatedDevice":"No"
        },
        "DescriptionModule":{
          "BriefSummary":"This study evaluates the trabectedin and irinotecan in the treatment of Ewings sarcoma, with a EWS-FLI1 mutation. Patients will also receive an infusion of 18F-FLT in combination with a Positron Emission Tomography (PET) scan to help evaluate the effect of treatment.",
          "DetailedDescription":"Trabectedin and Irinotecan may inhibit the activity of this Ewing sarcoma mutation. Trabectedin may suppress the proliferation of the gene involved in DNA damage response. It blocks EWS-FLI1 by inactivating the fusion protein and silences the target genes.\n\nIrinotecan also suppresses the genes regulating the tumor cells, generating DNA damage. Together, these drugs work in combination to suppress the gene regulating the tumor cells. This combination may suppress the activity of the tumor regulating genes, disrupting the activity of the genes. The infusion of 18F-FLT in combination with a Positron Emission Tomography (PET) scan will demonstrate whether the target cells have been suppressed."
        },
        "ConditionsModule":{
          "ConditionList":{
            "Condition":[
              "Ewing Sarcoma"
            ]
          }
        },
        "DesignModule":{
          "StudyType":"Interventional",
          "PhaseList":{
            "Phase":[
              "Phase 1"
            ]
          },
          "DesignInfo":{
            "DesignAllocation":"N/A",
            "DesignInterventionModel":"Single Group Assignment",
            "DesignInterventionModelDescription":"This phase I study will follow a standard 3+3 design to determine the recommended dose of trabectedin given as a 1-hour infusion in combination with low dose irinotecan.",
            "DesignPrimaryPurpose":"Treatment",
            "DesignMaskingInfo":{
              "DesignMasking":"None (Open Label)"
            }
          },
          "EnrollmentInfo":{
            "EnrollmentCount":"45",
            "EnrollmentType":"Anticipated"
          }
        },
        "ArmsInterventionsModule":{
          "ArmGroupList":{
            "ArmGroup":[
              {
                "ArmGroupLabel":"Trabectedin and Irinotecan",
                "ArmGroupType":"Experimental",
                "ArmGroupDescription":"Trabectedin will be delivered by infusion on day 1 followed by 2 doses on irinotecan delivered by infusion for one hour on day 2 and day 4 of 21 day cycles. Some patients will receive an 18F-FLT Imaging scan prior to the first administration of trabectedin and once after administration of trabectedin.",
                "ArmGroupInterventionList":{
                  "ArmGroupInterventionName":[
                    "Drug: Trabectedin 1 MG [Yondelis]",
                    "Drug: Irinotecan",
                    "Diagnostic Test: tumor biopsy",
                    "Other: 3'-Deoxy-3'-18F Fluorothymidine (18F-FLT) Imaging"
                  ]
                }
              }
            ]
          },
          "InterventionList":{
            "Intervention":[
              {
                "InterventionType":"Drug",
                "InterventionName":"Trabectedin 1 MG [Yondelis]",
                "InterventionDescription":"Patients with Ewing sarcoma will be administered trabectedin intravenously. Cycles are 21 days.",
                "InterventionArmGroupLabelList":{
                  "InterventionArmGroupLabel":[
                    "Trabectedin and Irinotecan"
                  ]
                }
              },{
                "InterventionType":"Drug",
                "InterventionName":"Irinotecan",
                "InterventionDescription":"Patients with Ewing sarcoma will be administered inirotecan intravenously. Cycles are 21 days.",
                "InterventionArmGroupLabelList":{
                  "InterventionArmGroupLabel":[
                    "Trabectedin and Irinotecan"
                  ]
                }
              },{
                "InterventionType":"Diagnostic Test",
                "InterventionName":"tumor biopsy",
                "InterventionDescription":"Tumor tissue samples will be collected collected at two timepoints. The first biopsy will be prior to treatment. If a biopsy is not possible archival tissue may be submitted. A second tumor biopsy will be taken fro consenting patients when possible after the first administration of Trabectedin to evaluate the effect on the tumor cells.",
                "InterventionArmGroupLabelList":{
                  "InterventionArmGroupLabel":[
                    "Trabectedin and Irinotecan"
                  ]
                }
              },{
                "InterventionType":"Other",
                "InterventionName":"3'-Deoxy-3'-18F Fluorothymidine (18F-FLT) Imaging",
                "InterventionDescription":"Some patients will receive PET scans with the use of 18F-FLT, a radioactive tracer, performed at the National Institute of Health.",
                "InterventionArmGroupLabelList":{
                  "InterventionArmGroupLabel":[
                    "Trabectedin and Irinotecan"
                  ]
                },
                "InterventionOtherNameList":{
                  "InterventionOtherName":[
                    "18F-FLT Imaging"
                  ]
                }
              }
            ]
          }
        },
        "OutcomesModule":{
          "PrimaryOutcomeList":{
            "PrimaryOutcome":[
              {
                "PrimaryOutcomeMeasure":"The recommended dose (RD) of trabectedin administered in combination with low dose irinotecan",
                "PrimaryOutcomeDescription":"The recommended dose will be established by enrolling patients at the lowest dose and observing them for dose limiting toxicity. Dose limiting toxicity describes side effects of a drug or other treatment that are serious enough to prevent an increase in dose or level of that treatment. The maximum tolerated dose is the highest dose of a drug or treatment that does not cause unacceptable side effects. If 0 of the first 3 subjects experience DLT, the study will proceed to the next dose level. If 1 subject experiences a DLT, that dose level cohort will be expanded to 6 total subjects. If no additional subjects experience DLTs at that dose level cohort, the study will proceed to enroll the next dose level cohort.\n\nIf ≥ 2 of 6 subjects experience DLT, then that dose level is the recommended dose of trabectedin (RD). The study will proceed to the same process for the irinotecan escalation.\n\nIf 2 or all 3 subjects experience DLT, that dose level is the recommended dose of trabectedin (RD).",
                "PrimaryOutcomeTimeFrame":"up to 36 months"
              }
            ]
          },
          "SecondaryOutcomeList":{
            "SecondaryOutcome":[
              {
                "SecondaryOutcomeMeasure":"Tumor response rate",
                "SecondaryOutcomeDescription":"The percentage of patients whose tumor shrinks or disappears after treatment (per RECIST 1.1)",
                "SecondaryOutcomeTimeFrame":"up to 36 months"
              },{
                "SecondaryOutcomeMeasure":"18F-FLT PET avidity of Ewing sarcoma tumors.",
                "SecondaryOutcomeTimeFrame":"up to 36 months"
              }
            ]
          },
          "OtherOutcomeList":{
            "OtherOutcome":[
              {
                "OtherOutcomeMeasure":"Progression free survival",
                "OtherOutcomeDescription":"The time from starting treatment until disease progression",
                "OtherOutcomeTimeFrame":"up to 5 years"
              },{
                "OtherOutcomeMeasure":"6- month Progression free survival",
                "OtherOutcomeDescription":"To determine the rate of disease progression at 6 months after starting treatment",
                "OtherOutcomeTimeFrame":"up to 36 months"
              },{
                "OtherOutcomeMeasure":"Duration of Response",
                "OtherOutcomeDescription":"The time from tumor response to disease progression",
                "OtherOutcomeTimeFrame":"up to 5 years"
              }
            ]
          }
        },
        "EligibilityModule":{
          "EligibilityCriteria":"Inclusion Criteria:\n\ndiagnosis of relapsed and refractory Ewing sarcoma with EWS-FLI1 fusion type for which there is no known therapy proving to prolong survival\nmeasurable disease\nECOG Performance Status of 0-2 or Lansky of 50\nadequate organ function\nwritten, voluntary consent\nwilling to undergo tumor biopsy\nnegative hepatitis infection\n\nExclusion Criteria:\n\nprior therapy with trabectedin or lurbinectedin\nknown history of hypersensitivity to irinotecan or topotecan or their excipients.\nknown brain metastases\nknown bleeding diathesis\npregnant or breastfeeding\ncurrently receiving other investigational drugs or anticancer agents\nclinically significant unrelated illness or uncontrolled infection\nunable to comply with the safety monitoring requirements",
          "HealthyVolunteers":"No",
          "Gender":"All",
          "MinimumAge":"10 Years",
          "StdAgeList":{
            "StdAge":[
              "Child",
              "Adult",
              "Older Adult"
            ]
          }
        },
        "ContactsLocationsModule":{
          "CentralContactList":{
            "CentralContact":[
              {
                "CentralContactName":"SARC",
                "CentralContactRole":"Contact",
                "CentralContactPhone":"7349307600",
                "CentralContactEMail":"sarc@sarctrials.org"
              }
            ]
          },
          "OverallOfficialList":{
            "OverallOfficial":[
              {
                "OverallOfficialName":"Patrick Grohar, MD/PhD",
                "OverallOfficialAffiliation":"Children's Hospital of Philadelphia",
                "OverallOfficialRole":"Principal Investigator"
              },{
                "OverallOfficialName":"John Glod, MD/PhD",
                "OverallOfficialAffiliation":"National Cancer Institute (NCI)",
                "OverallOfficialRole":"Study Director"
              }
            ]
          },
          "LocationList":{
            "Location":[
              {
                "LocationFacility":"Children's Hospital of Los Angeles",
                "LocationStatus":"Recruiting",
                "LocationCity":"Los Angeles",
                "LocationState":"California",
                "LocationZip":"90027",
                "LocationCountry":"United States",
                "LocationContactList":{
                  "LocationContact":[
                    {
                      "LocationContactName":"Abe Levi, CRSO",
                      "LocationContactRole":"Contact",
                      "LocationContactPhone":"323-361-6686"
                    },{
                      "LocationContactName":"Leo Mascarenhas, MD",
                      "LocationContactRole":"Principal Investigator"
                    }
                  ]
                }
              },{
                "LocationFacility":"National Cancer Institute",
                "LocationStatus":"Not yet recruiting",
                "LocationCity":"Bethesda",
                "LocationState":"Maryland",
                "LocationZip":"20892",
                "LocationCountry":"United States",
                "LocationContactList":{
                  "LocationContact":[
                    {
                      "LocationContactName":"John Glod, MD",
                      "LocationContactRole":"Principal Investigator"
                    }
                  ]
                }
              },{
                "LocationFacility":"Boston Children's Hospital / Dana Farber Cancer Institute",
                "LocationStatus":"Not yet recruiting",
                "LocationCity":"Boston",
                "LocationState":"Massachusetts",
                "LocationZip":"02215",
                "LocationCountry":"United States",
                "LocationContactList":{
                  "LocationContact":[
                    {
                      "LocationContactName":"Steven Dubois, MD",
                      "LocationContactRole":"Principal Investigator"
                    }
                  ]
                }
              },{
                "LocationFacility":"University of Michigan",
                "LocationStatus":"Recruiting",
                "LocationCity":"Ann Arbor",
                "LocationState":"Michigan",
                "LocationZip":"48106",
                "LocationCountry":"United States",
                "LocationContactList":{
                  "LocationContact":[
                    {
                      "LocationContactName":"Rashmi Chugh, MD",
                      "LocationContactRole":"Principal Investigator"
                    }
                  ]
                }
              },{
                "LocationFacility":"Children's Hospital of Philadelphia",
                "LocationStatus":"Recruiting",
                "LocationCity":"Philadelphia",
                "LocationState":"Pennsylvania",
                "LocationZip":"19104",
                "LocationCountry":"United States",
                "LocationContactList":{
                  "LocationContact":[
                    {
                      "LocationContactName":"Patrick Grohar, MD/PhD",
                      "LocationContactRole":"Principal Investigator"
                    }
                  ]
                }
              }
            ]
          }
        }
      },
      "DerivedSection":{
        "MiscInfoModule":{
          "VersionHolder":"April 19, 2021"
        },
        "ConditionBrowseModule":{
          "ConditionMeshList":{
            "ConditionMesh":[
              {
                "ConditionMeshId":"D000012509",
                "ConditionMeshTerm":"Sarcoma"
              },{
                "ConditionMeshId":"D000012512",
                "ConditionMeshTerm":"Sarcoma, Ewing"
              }
            ]
          },
          "ConditionAncestorList":{
            "ConditionAncestor":[
              {
                "ConditionAncestorId":"D000018204",
                "ConditionAncestorTerm":"Neoplasms, Connective and Soft Tissue"
              },{
                "ConditionAncestorId":"D000009370",
                "ConditionAncestorTerm":"Neoplasms by Histologic Type"
              },{
                "ConditionAncestorId":"D000009369",
                "ConditionAncestorTerm":"Neoplasms"
              },{
                "ConditionAncestorId":"D000012516",
                "ConditionAncestorTerm":"Osteosarcoma"
              },{
                "ConditionAncestorId":"D000018213",
                "ConditionAncestorTerm":"Neoplasms, Bone Tissue"
              },{
                "ConditionAncestorId":"D000009372",
                "ConditionAncestorTerm":"Neoplasms, Connective Tissue"
              }
            ]
          },
          "ConditionBrowseLeafList":{
            "ConditionBrowseLeaf":[
              {
                "ConditionBrowseLeafId":"M13910",
                "ConditionBrowseLeafName":"Sarcoma",
                "ConditionBrowseLeafAsFound":"Sarcoma",
                "ConditionBrowseLeafRelevance":"high"
              },{
                "ConditionBrowseLeafId":"M13913",
                "ConditionBrowseLeafName":"Sarcoma, Ewing",
                "ConditionBrowseLeafAsFound":"Ewing Sarcoma",
                "ConditionBrowseLeafRelevance":"high"
              },{
                "ConditionBrowseLeafId":"M18933",
                "ConditionBrowseLeafName":"Neoplasms, Connective and Soft Tissue",
                "ConditionBrowseLeafRelevance":"low"
              },{
                "ConditionBrowseLeafId":"M10898",
                "ConditionBrowseLeafName":"Neoplasms by Histologic Type",
                "ConditionBrowseLeafRelevance":"low"
              },{
                "ConditionBrowseLeafId":"M13917",
                "ConditionBrowseLeafName":"Osteosarcoma",
                "ConditionBrowseLeafRelevance":"low"
              },{
                "ConditionBrowseLeafId":"M18942",
                "ConditionBrowseLeafName":"Neoplasms, Bone Tissue",
                "ConditionBrowseLeafRelevance":"low"
              },{
                "ConditionBrowseLeafId":"M10900",
                "ConditionBrowseLeafName":"Neoplasms, Connective Tissue",
                "ConditionBrowseLeafRelevance":"low"
              },{
                "ConditionBrowseLeafId":"T5284",
                "ConditionBrowseLeafName":"Soft Tissue Sarcoma",
                "ConditionBrowseLeafAsFound":"Sarcoma",
                "ConditionBrowseLeafRelevance":"high"
              },{
                "ConditionBrowseLeafId":"T2148",
                "ConditionBrowseLeafName":"Ewing Sarcoma",
                "ConditionBrowseLeafAsFound":"Ewing Sarcoma",
                "ConditionBrowseLeafRelevance":"high"
              },{
                "ConditionBrowseLeafId":"T4340",
                "ConditionBrowseLeafName":"Osteosarcoma",
                "ConditionBrowseLeafRelevance":"low"
              }
            ]
          },
          "ConditionBrowseBranchList":{
            "ConditionBrowseBranch":[
              {
                "ConditionBrowseBranchAbbrev":"BC04",
                "ConditionBrowseBranchName":"Cancers and Other Neoplasms"
              },{
                "ConditionBrowseBranchAbbrev":"All",
                "ConditionBrowseBranchName":"All Conditions"
              },{
                "ConditionBrowseBranchAbbrev":"BC17",
                "ConditionBrowseBranchName":"Skin and Connective Tissue Diseases"
              },{
                "ConditionBrowseBranchAbbrev":"Rare",
                "ConditionBrowseBranchName":"Rare Diseases"
              }
            ]
          }
        },
        "InterventionBrowseModule":{
          "InterventionMeshList":{
            "InterventionMesh":[
              {
                "InterventionMeshId":"C000002854",
                "InterventionMeshTerm":"Alovudine"
              },{
                "InterventionMeshId":"D000077146",
                "InterventionMeshTerm":"Irinotecan"
              },{
                "InterventionMeshId":"D000077606",
                "InterventionMeshTerm":"Trabectedin"
              }
            ]
          },
          "InterventionAncestorList":{
            "InterventionAncestor":[
              {
                "InterventionAncestorId":"D000059004",
                "InterventionAncestorTerm":"Topoisomerase I Inhibitors"
              },{
                "InterventionAncestorId":"D000059003",
                "InterventionAncestorTerm":"Topoisomerase Inhibitors"
              },{
                "InterventionAncestorId":"D000004791",
                "InterventionAncestorTerm":"Enzyme Inhibitors"
              },{
                "InterventionAncestorId":"D000045504",
                "InterventionAncestorTerm":"Molecular Mechanisms of Pharmacological Action"
              },{
                "InterventionAncestorId":"D000000970",
                "InterventionAncestorTerm":"Antineoplastic Agents"
              },{
                "InterventionAncestorId":"D000018906",
                "InterventionAncestorTerm":"Antineoplastic Agents, Alkylating"
              },{
                "InterventionAncestorId":"D000000477",
                "InterventionAncestorTerm":"Alkylating Agents"
              },{
                "InterventionAncestorId":"D000000998",
                "InterventionAncestorTerm":"Antiviral Agents"
              },{
                "InterventionAncestorId":"D000000890",
                "InterventionAncestorTerm":"Anti-Infective Agents"
              }
            ]
          },
          "InterventionBrowseLeafList":{
            "InterventionBrowseLeaf":[
              {
                "InterventionBrowseLeafId":"M1671",
                "InterventionBrowseLeafName":"Irinotecan",
                "InterventionBrowseLeafAsFound":"According",
                "InterventionBrowseLeafRelevance":"high"
              },{
                "InterventionBrowseLeafId":"M1862",
                "InterventionBrowseLeafName":"Trabectedin",
                "InterventionBrowseLeafAsFound":"Necrosis",
                "InterventionBrowseLeafRelevance":"high"
              },{
                "InterventionBrowseLeafId":"M221013",
                "InterventionBrowseLeafName":"Alovudine",
                "InterventionBrowseLeafAsFound":"Distilled water",
                "InterventionBrowseLeafRelevance":"high"
              },{
                "InterventionBrowseLeafId":"M27936",
                "InterventionBrowseLeafName":"Topoisomerase I Inhibitors",
                "InterventionBrowseLeafRelevance":"low"
              },{
                "InterventionBrowseLeafId":"M2401",
                "InterventionBrowseLeafName":"Alkylating Agents",
                "InterventionBrowseLeafRelevance":"low"
              },{
                "InterventionBrowseLeafId":"M2895",
                "InterventionBrowseLeafName":"Antiviral Agents",
                "InterventionBrowseLeafRelevance":"low"
              },{
                "InterventionBrowseLeafId":"M2795",
                "InterventionBrowseLeafName":"Anti-Infective Agents",
                "InterventionBrowseLeafRelevance":"low"
              }
            ]
          },
          "InterventionBrowseBranchList":{
            "InterventionBrowseBranch":[
              {
                "InterventionBrowseBranchAbbrev":"ANeo",
                "InterventionBrowseBranchName":"Antineoplastic Agents"
              },{
                "InterventionBrowseBranchAbbrev":"All",
                "InterventionBrowseBranchName":"All Drugs and Chemicals"
              },{
                "InterventionBrowseBranchAbbrev":"Infe",
                "InterventionBrowseBranchName":"Anti-Infective Agents"
              }
            ]
          }
        }
      }
    }
  }
}

