{
  "FullStudy":{
    "Rank":60539,
    "Study":{
      "ProtocolSection":{
        "IdentificationModule":{
          "NCTId":"NCT04061720",
          "OrgStudyIdInfo":{
            "OrgStudyId":"NURA-009-18F"
          },
          "Organization":{
            "OrgFullName":"VA Office of Research and Development",
            "OrgClass":"FED"
          },
          "BriefTitle":"Identifying Effective Treatment for Veterans Unwilling to Quit Smoking",
          "OfficialTitle":"Identifying Effective Treatment for Veterans Unwilling to Quit Smoking"
        },
        "StatusModule":{
          "StatusVerifiedDate":"February 2021",
          "OverallStatus":"Recruiting",
          "ExpandedAccessInfo":{
            "HasExpandedAccess":"No"
          },
          "StartDateStruct":{
            "StartDate":"November 12, 2019",
            "StartDateType":"Actual"
          },
          "PrimaryCompletionDateStruct":{
            "PrimaryCompletionDate":"September 30, 2024",
            "PrimaryCompletionDateType":"Anticipated"
          },
          "CompletionDateStruct":{
            "CompletionDate":"September 30, 2024",
            "CompletionDateType":"Anticipated"
          },
          "StudyFirstSubmitDate":"August 16, 2019",
          "StudyFirstSubmitQCDate":"August 16, 2019",
          "StudyFirstPostDateStruct":{
            "StudyFirstPostDate":"August 20, 2019",
            "StudyFirstPostDateType":"Actual"
          },
          "LastUpdateSubmitDate":"February 17, 2021",
          "LastUpdatePostDateStruct":{
            "LastUpdatePostDate":"February 18, 2021",
            "LastUpdatePostDateType":"Actual"
          }
        },
        "SponsorCollaboratorsModule":{
          "ResponsibleParty":{
            "ResponsiblePartyType":"Sponsor"
          },
          "LeadSponsor":{
            "LeadSponsorName":"VA Office of Research and Development",
            "LeadSponsorClass":"FED"
          },
          "CollaboratorList":{
            "Collaborator":[
              {
                "CollaboratorName":"University of Wisconsin, Madison",
                "CollaboratorClass":"OTHER"
              }
            ]
          }
        },
        "OversightModule":{
          "OversightHasDMC":"No",
          "IsFDARegulatedDrug":"No",
          "IsFDARegulatedDevice":"No",
          "IsUSExport":"No"
        },
        "DescriptionModule":{
          "BriefSummary":"This project will generate knowledge about the effectiveness of Enhanced Chronic Care, an intervention designed to enhance treatment use and smoking abstinence in Veterans who are initially unwilling to quit. Enhanced Chronic Care provides ongoing motivational interventions and interpersonal support designed to promote readiness to quit smoking. Enhanced Chronic Care will be compared with Standard Care (brief advice to quit once per year) on criteria that are of great clinical and public health importance: use of cessation treatment and smoking abstinence. It is expected that Enhanced Chronic Care will increase treatment use and smoking abstinence relative to Standard Care.",
          "DetailedDescription":"This project will generate knowledge about the effectiveness of Enhanced Chronic Care, an intervention designed to enhance treatment use and smoking abstinence in Veterans who are initially unwilling to quit. Enhanced Chronic Care provides ongoing motivational interventions and interpersonal support designed to promote readiness to quit smoking. Enhanced Chronic Care will be compared with Standard Care (brief advice to quit once per year) on criteria that are of great clinical and public health importance: smoking treatment reach (use of cessation treatment) and abstinence. It is expected that Enhanced Chronic Care will increase treatment use and smoking abstinence relative to Standard Care.\n\nThe investigators will evaluate these interventions using a 2-arm randomized controlled trial. Veterans who smoke daily, but who are not willing to enter smoking cessation treatment, will be eligible to participate, with no obligation to quit smoking. Participants (N=500) will be randomized to one of the following treatments: 1) Enhanced Chronic Care (n=250) or 2) Standard Care (n=250). These intervention conditions will last 2 years to permit analysis of their cumulative impact on abstinence and treatment use"
        },
        "ConditionsModule":{
          "ConditionList":{
            "Condition":[
              "Tobacco Dependence",
              "Veterans"
            ]
          },
          "KeywordList":{
            "Keyword":[
              "Tobacco dependence",
              "Clinical Trial",
              "Veterans"
            ]
          }
        },
        "DesignModule":{
          "StudyType":"Interventional",
          "PhaseList":{
            "Phase":[
              "Not Applicable"
            ]
          },
          "DesignInfo":{
            "DesignAllocation":"Randomized",
            "DesignInterventionModel":"Parallel Assignment",
            "DesignPrimaryPurpose":"Treatment",
            "DesignMaskingInfo":{
              "DesignMasking":"Single",
              "DesignWhoMaskedList":{
                "DesignWhoMasked":[
                  "Investigator"
                ]
              }
            }
          },
          "EnrollmentInfo":{
            "EnrollmentCount":"500",
            "EnrollmentType":"Anticipated"
          }
        },
        "ArmsInterventionsModule":{
          "ArmGroupList":{
            "ArmGroup":[
              {
                "ArmGroupLabel":"Enhanced Chronic Care",
                "ArmGroupType":"Experimental",
                "ArmGroupDescription":"Enhanced Chronic Care provides ongoing, phone-based motivational interventions and interpersonal support to promote readiness to quit, with facilitated access to evidence-based smoking treatment.",
                "ArmGroupInterventionList":{
                  "ArmGroupInterventionName":[
                    "Behavioral: Enhanced Chronic Care"
                  ]
                }
              },{
                "ArmGroupLabel":"Standard Care",
                "ArmGroupType":"Active Comparator",
                "ArmGroupDescription":"Standard Care provides phone-based brief advice to quit once per year.",
                "ArmGroupInterventionList":{
                  "ArmGroupInterventionName":[
                    "Behavioral: Standard Care"
                  ]
                }
              }
            ]
          },
          "InterventionList":{
            "Intervention":[
              {
                "InterventionType":"Behavioral",
                "InterventionName":"Enhanced Chronic Care",
                "InterventionDescription":"Enhanced Chronic Care involves four chronic care calls per year. Enhanced Chronic Care is designed to help participants explore their goals and concerns with regard to smoking, engage in a nondirective, supportive, motivational interventions, and provide information about evidence-based smoking treatment available to them and ways to initiate treatment (i.e., warm hand-off from a clinical provider).",
                "InterventionArmGroupLabelList":{
                  "InterventionArmGroupLabel":[
                    "Enhanced Chronic Care"
                  ]
                }
              },{
                "InterventionType":"Behavioral",
                "InterventionName":"Standard Care",
                "InterventionDescription":"Standard Care involves one call per year. During the Standard Care call, participants will be encouraged to quit smoking, reminded of the cessation treatment available to them, and provided with a number to call should they become interested in treatment.",
                "InterventionArmGroupLabelList":{
                  "InterventionArmGroupLabel":[
                    "Standard Care"
                  ]
                }
              }
            ]
          }
        },
        "OutcomesModule":{
          "PrimaryOutcomeList":{
            "PrimaryOutcome":[
              {
                "PrimaryOutcomeMeasure":"7-Day Point-Prevalence Abstinence",
                "PrimaryOutcomeDescription":"Participants who self-report no smoking for the past 7 days at the assessment endpoint (2-year follow-up) will be considered to meet criteria for 7-Day Point-Prevalence Abstinence. Participants who report any smoking in the past 7 days (at the 2 year follow-up) will be considered to be relapsed (smoking).",
                "PrimaryOutcomeTimeFrame":"2 years"
              }
            ]
          },
          "SecondaryOutcomeList":{
            "SecondaryOutcome":[
              {
                "SecondaryOutcomeMeasure":"Initiating at least 1 cessation treatment call",
                "SecondaryOutcomeDescription":"Cessation treatment use will be defined as making at least one treatment contact (initiating at least 1 cessation treatment call with reach coded as a binary outcome: use vs. no use).",
                "SecondaryOutcomeTimeFrame":"2 years"
              }
            ]
          }
        },
        "EligibilityModule":{
          "EligibilityCriteria":"Inclusion Criteria:\n\nNot willing to set a quit date in the next 30 days\nReport smoking an average of 4 or more cigarettes daily for at least six months\nRead, write, and speak English\nBe medically eligible to use nicotine replacement therapy\nIf female, use an approved method of birth control if they use nicotine replacement therapy\nAgree to participate in the study\nBe at least 18 years old\nBe a Veteran\n\nExclusion Criteria:\n\nUnable to give informed, voluntary consent to participate\nCurrent use of any pharmacotherapy for smoking cessation not provided by the researchers during tobacco treatment\nUse of non-cigarette tobacco products as a primary form of tobacco use\nIncarceration",
          "HealthyVolunteers":"No",
          "Gender":"All",
          "MinimumAge":"18 Years",
          "StdAgeList":{
            "StdAge":[
              "Adult",
              "Older Adult"
            ]
          }
        },
        "ContactsLocationsModule":{
          "CentralContactList":{
            "CentralContact":[
              {
                "CentralContactName":"Jessica M Cook, PhD",
                "CentralContactRole":"Contact",
                "CentralContactPhone":"(608) 256-1901",
                "CentralContactEMail":"Jessica.Cook2@va.gov"
              }
            ]
          },
          "OverallOfficialList":{
            "OverallOfficial":[
              {
                "OverallOfficialName":"Jessica Megan Cook, PhD",
                "OverallOfficialAffiliation":"William S. Middleton Memorial Veterans Hospital, Madison, WI",
                "OverallOfficialRole":"Principal Investigator"
              }
            ]
          },
          "LocationList":{
            "Location":[
              {
                "LocationFacility":"William S. Middleton Memorial Veterans Hospital, Madison, WI",
                "LocationStatus":"Recruiting",
                "LocationCity":"Madison",
                "LocationState":"Wisconsin",
                "LocationZip":"53705",
                "LocationCountry":"United States",
                "LocationContactList":{
                  "LocationContact":[
                    {
                      "LocationContactName":"Jessica M Cook, PhD",
                      "LocationContactRole":"Contact",
                      "LocationContactPhone":"(608) 256-1901",
                      "LocationContactEMail":"Jessica.Cook2@va.gov"
                    },{
                      "LocationContactName":"Jessica Megan Cook, PhD",
                      "LocationContactRole":"Principal Investigator"
                    }
                  ]
                }
              }
            ]
          }
        },
        "IPDSharingStatementModule":{
          "IPDSharing":"No"
        }
      },
      "DerivedSection":{
        "MiscInfoModule":{
          "VersionHolder":"April 19, 2021"
        },
        "ConditionBrowseModule":{
          "ConditionMeshList":{
            "ConditionMesh":[
              {
                "ConditionMeshId":"D000014029",
                "ConditionMeshTerm":"Tobacco Use Disorder"
              }
            ]
          },
          "ConditionAncestorList":{
            "ConditionAncestor":[
              {
                "ConditionAncestorId":"D000019966",
                "ConditionAncestorTerm":"Substance-Related Disorders"
              },{
                "ConditionAncestorId":"D000064419",
                "ConditionAncestorTerm":"Chemically-Induced Disorders"
              },{
                "ConditionAncestorId":"D000001523",
                "ConditionAncestorTerm":"Mental Disorders"
              }
            ]
          },
          "ConditionBrowseLeafList":{
            "ConditionBrowseLeaf":[
              {
                "ConditionBrowseLeafId":"M15368",
                "ConditionBrowseLeafName":"Tobacco Use Disorder",
                "ConditionBrowseLeafAsFound":"Tobacco Dependence",
                "ConditionBrowseLeafRelevance":"high"
              },{
                "ConditionBrowseLeafId":"M20421",
                "ConditionBrowseLeafName":"Substance-Related Disorders",
                "ConditionBrowseLeafRelevance":"low"
              },{
                "ConditionBrowseLeafId":"M28889",
                "ConditionBrowseLeafName":"Chemically-Induced Disorders",
                "ConditionBrowseLeafRelevance":"low"
              },{
                "ConditionBrowseLeafId":"M3396",
                "ConditionBrowseLeafName":"Mental Disorders",
                "ConditionBrowseLeafRelevance":"low"
              },{
                "ConditionBrowseLeafId":"M13056",
                "ConditionBrowseLeafName":"Psychotic Disorders",
                "ConditionBrowseLeafRelevance":"low"
              }
            ]
          },
          "ConditionBrowseBranchList":{
            "ConditionBrowseBranch":[
              {
                "ConditionBrowseBranchAbbrev":"BC25",
                "ConditionBrowseBranchName":"Substance Related Disorders"
              },{
                "ConditionBrowseBranchAbbrev":"BXM",
                "ConditionBrowseBranchName":"Behaviors and Mental Disorders"
              },{
                "ConditionBrowseBranchAbbrev":"All",
                "ConditionBrowseBranchName":"All Conditions"
              }
            ]
          }
        }
      }
    }
  }
}

