{
  "FullStudy":{
    "Rank":367243,
    "Study":{
      "ProtocolSection":{
        "IdentificationModule":{
          "NCTId":"NCT00033956",
          "OrgStudyIdInfo":{
            "OrgStudyId":"U10-01-12-002"
          },
          "Organization":{
            "OrgFullName":"MetaPhore Pharmaceuticals",
            "OrgClass":"INDUSTRY"
          },
          "BriefTitle":"Evaluation of M40403 for the Prevention of Dose Limiting Toxicities of High Dose IL-2",
          "OfficialTitle":"Phase I/II Open Label Dose Escalation and Double-Blind, Placebo-Controlled Evaluation of M40403, for the Prevention of the Dose Limiting Toxicities of High Dose IV Bolus IL-2 Treatment of Metastatic Melanoma or Renal Cell Carcinoma."
        },
        "StatusModule":{
          "StatusVerifiedDate":"May 2002",
          "OverallStatus":"Suspended",
          "StartDateStruct":{
            "StartDate":"December 2001"
          },
          "StudyFirstSubmitDate":"April 17, 2002",
          "StudyFirstSubmitQCDate":"April 17, 2002",
          "StudyFirstPostDateStruct":{
            "StudyFirstPostDate":"April 18, 2002",
            "StudyFirstPostDateType":"Estimate"
          },
          "LastUpdateSubmitDate":"June 23, 2005",
          "LastUpdatePostDateStruct":{
            "LastUpdatePostDate":"June 24, 2005",
            "LastUpdatePostDateType":"Estimate"
          }
        },
        "SponsorCollaboratorsModule":{
          "LeadSponsor":{
            "LeadSponsorName":"MetaPhore Pharmaceuticals",
            "LeadSponsorClass":"INDUSTRY"
          }
        },
        "OversightModule":{},
        "DescriptionModule":{
          "BriefSummary":"The clinical use of IL-2 is currently limited by development of dose-dependent hypotension (systolic blood pressure (SBP) < 90 mm Hg). The overall outcome is constant across sites with 20-50% of the patients requiring ICU management because of unresponsive hypotension and hyporeactivity (loss of response to vasoconstrictors). Because of the dose-limiting side effects, the duration of IL-2 dosing is frequently curtailed. Thus, hemodynamic toxicities have limited the usefulness of IL-2 therapy. M40403 has prevented both the hypotension and hyporeactivity associated with IL-2 treatment in preclinical studies. This trial will study the safety and efficacy of M40403 in the prevention or reduction of hypotension in patients receiving IL-2 therapy.",
          "DetailedDescription":"High-dose interleukin-2 (IL-2) therapy is currently indicated for treatment of metastatic renal cell carcinoma and metastatic malignant melanoma, and has been associated with a 5-15% long-term clinical response. In addition, IL-2 therapy is showing promise in treatment of acute myelogenous leukemia, non-Hodgkin's lymphoma, and breast cancer, and in improving immunologic function in patients with AIDS. However, the major dose-limiting toxicity of IL-2, hypotension, severely limits the usefulness of IL-2 therapy.\n\nBecause of the unresponsive hypotension and loss of response to exogenously administered vasopressors, 20-50% of the patients receiving high dose IL-2 therapy require ICU management. These dose-limiting side effects frequently necessitate curtailing the full period of IL-2 dosing in order to reverse the hypotension and prevent subsequent renal dysfunction. Thus, hemodynamic toxicities have limited the usefulness of IL-2 therapy. A course of IL-2 therapy requires long hospitalization and intense patient monitoring during administration. As a consequence, despite favorable long-term response, few sites offer this treatment.\n\nThe availability of an agent that prevents IL-2-induced hypotension without adversely affecting the therapeutic mechanism of IL-2, would markedly facilitate IL-2 administration and at a minimum, would maximize the number of patients who could receive the full regimen of IL-2. The reduction in IL-2 toxicity may also enable higher doses and/or more frequent dosing of IL-2 to be used, with the potential of higher success of tumor response. Because M40403 may decrease the toxicity of IL-2, co-administration of M40403 may make it possible to broaden the clinical use of IL-2 to conditions where it is not currently indicated.\n\nThe indication to be studied is for use in the prevention or reduction of hypotension associated with interleukin-2 (IL-2) therapy in patients with metastatic melanoma and renal cell carcinoma.\n\nThe study is divided into a sequential dose escalation phase followed by the expansion of the selected dose in a double-blind, placebo-controlled, evaluation phase. Patients with metastatic or inoperable melanoma and renal cell carcinoma will be receiving high dose IL-2 per approved labeling as two 5-day sequences. M40403 will be administered by intravenous infusion over 30 minutes prior to each intravenous administration of high dose IL-2. Sequential panels of patients will receive increasing doses of M40403 along with IL-2 until an active dose is determined and an MTD is reached. Patients will be followed to determine the effects of M40403 on development of markers of IL-2 dose-limiting toxicity including hypotension, tachycardia, index of renal perfusion, cumulative dose of pressor required and cumulative dose of IL-2 administered. Approximately 48 patients will be studied."
        },
        "ConditionsModule":{
          "ConditionList":{
            "Condition":[
              "IL-2 Induced Hypotension"
            ]
          },
          "KeywordList":{
            "Keyword":[
              "Metastatic Melanoma",
              "Renal Cell Carcinoma",
              "IL-2",
              "Interleukin-2",
              "Hypotension"
            ]
          }
        },
        "DesignModule":{
          "StudyType":"Interventional",
          "PhaseList":{
            "Phase":[
              "Phase 1",
              "Phase 2"
            ]
          },
          "DesignInfo":{
            "DesignAllocation":"Non-Randomized",
            "DesignInterventionModel":"Single Group Assignment",
            "DesignPrimaryPurpose":"Prevention",
            "DesignMaskingInfo":{
              "DesignMasking":"None (Open Label)"
            }
          },
          "EnrollmentInfo":{
            "EnrollmentCount":"48"
          }
        },
        "ArmsInterventionsModule":{
          "InterventionList":{
            "Intervention":[
              {
                "InterventionType":"Drug",
                "InterventionName":"M40403"
              }
            ]
          }
        },
        "EligibilityModule":{
          "EligibilityCriteria":"Inclusion Criteria:\n\nPatient has given signed informed consent.\nPatient has documented histologically confirmed malignant melanoma or renal cell carcinoma which is metastatic.\nPatient is eligible for high dose IV IL-2 therapy.\nTumor dimension of at least one lesion is measurable in two dimensions.\nPatient is at least 18 years of age.\nPatient is ambulatory with good performance status (ECOG PS 0,1; Karnofsky 100-70%).\nIf the patient is a woman of child bearing potential, patient is not lactating and ahs a negative pregnancy test (beta-HCG test obtained within 72 hours of enrollment) and agrees to use an adequate method of contraception for the duration of the study.\n\nPatient has adequate organ function as defined by:\n\nWBC count >3,500 per cubic millimeter; platelet count> 100,000 per cubic millimeter;\nBilirubin within institutional normal range; creatinine less than or equal to 2.0 mg/dl or creatinine clearance > 50 ml/min;\nNo evidence of congestive heart failure, symptoms of coronary artery disease, serious cardiac arrhythmias or evidence of prior myocardial infarction. A pretreatment cardiac stress test must be performed within 42 days of IL-2 treatment. Patients with documented ischemia on the pretreatment cardiac stress test will be excluded from the study;\nAdequate pulmonary reserve. Pulmonary function tests (PFTs) must be performed within 42 days of IL-2 treatment and an FEV1 > 2.0 liters or 75% of predicted for height and age is the minimum acceptable criteria for patient entry. PAtients unable to perform PFTs will be excluded from the study.\nPatient has recovered from all toxic effects of prior therapy.\nPatient has a life expectancy, in the opinion of the investigator, of at least 4 months.\n\nExclusion Criteria:\n\nPatient has an organ allograft.\nPatient has brain metastases. A Brain CT or MRI scan should be performed within 42 days of IL-2 treatment.\nPatient is know to be HIV antibody positive. HIV testing is not required for enrollment into this study.\nPatient has evidence of active infection which requires antibiotic therapy.\nPatient has received systemic corticosteroids in the four weeks prior to the first dose of study drug, or requires or is anticipated to require corticosteroids for intercurrent disease.\nPatient has received radiotherapy, chemotherapy, or immunotherapy in the four weeks prior to the first dose of study drug, or is scheduled to receive concurrent radiotherapy, chemotherapy, or immunotherapy.\nPatient has contraindication to treatment with pressor agents.\nPatient currently receives chronic medication for asthma.\nPatient has a history of another malignancy other than basal cell skin cancer within 5 years prior to the first dose of study drug.\nPatient has any significant medical disease other than the malignancy which, in the opinion of the investigator, may interfere with completion of the study.\nPatient has previously received any IL-2 therapy.\nPatient has received another investigational medication within 4 weeks prior to M40403 administration or is scheduled to receive an investigational drug other than M40403 during the course of the study.",
          "HealthyVolunteers":"No",
          "Gender":"All",
          "MinimumAge":"18 Years",
          "StdAgeList":{
            "StdAge":[
              "Adult",
              "Older Adult"
            ]
          }
        },
        "ContactsLocationsModule":{
          "LocationList":{
            "Location":[
              {
                "LocationFacility":"Northwestern University Medical School",
                "LocationCity":"Chicago",
                "LocationState":"Illinois",
                "LocationZip":"60611-2927",
                "LocationCountry":"United States"
              },{
                "LocationFacility":"Providence Portland Medical Center",
                "LocationCity":"Portland",
                "LocationState":"Oregon",
                "LocationZip":"97213-3635",
                "LocationCountry":"United States"
              },{
                "LocationFacility":"Huntsman Cancer Institute",
                "LocationCity":"Salt Lake City",
                "LocationState":"Utah",
                "LocationZip":"84112",
                "LocationCountry":"United States"
              }
            ]
          }
        }
      },
      "DerivedSection":{
        "MiscInfoModule":{
          "VersionHolder":"April 19, 2021"
        },
        "ConditionBrowseModule":{
          "ConditionMeshList":{
            "ConditionMesh":[
              {
                "ConditionMeshId":"D000007022",
                "ConditionMeshTerm":"Hypotension"
              }
            ]
          },
          "ConditionAncestorList":{
            "ConditionAncestor":[
              {
                "ConditionAncestorId":"D000014652",
                "ConditionAncestorTerm":"Vascular Diseases"
              },{
                "ConditionAncestorId":"D000002318",
                "ConditionAncestorTerm":"Cardiovascular Diseases"
              }
            ]
          },
          "ConditionBrowseLeafList":{
            "ConditionBrowseLeaf":[
              {
                "ConditionBrowseLeafId":"M4116",
                "ConditionBrowseLeafName":"Carcinoma",
                "ConditionBrowseLeafRelevance":"low"
              },{
                "ConditionBrowseLeafId":"M10111",
                "ConditionBrowseLeafName":"Melanoma",
                "ConditionBrowseLeafRelevance":"low"
              },{
                "ConditionBrowseLeafId":"M4130",
                "ConditionBrowseLeafName":"Carcinoma, Renal Cell",
                "ConditionBrowseLeafRelevance":"low"
              },{
                "ConditionBrowseLeafId":"M8655",
                "ConditionBrowseLeafName":"Hypotension",
                "ConditionBrowseLeafAsFound":"Hypotension",
                "ConditionBrowseLeafRelevance":"high"
              },{
                "ConditionBrowseLeafId":"M15983",
                "ConditionBrowseLeafName":"Vascular Diseases",
                "ConditionBrowseLeafRelevance":"low"
              },{
                "ConditionBrowseLeafId":"T4906",
                "ConditionBrowseLeafName":"Renal Cell Carcinoma",
                "ConditionBrowseLeafRelevance":"low"
              },{
                "ConditionBrowseLeafId":"T1341",
                "ConditionBrowseLeafName":"Clear Cell Renal Cell Carcinoma",
                "ConditionBrowseLeafRelevance":"low"
              }
            ]
          },
          "ConditionBrowseBranchList":{
            "ConditionBrowseBranch":[
              {
                "ConditionBrowseBranchAbbrev":"BC04",
                "ConditionBrowseBranchName":"Cancers and Other Neoplasms"
              },{
                "ConditionBrowseBranchAbbrev":"All",
                "ConditionBrowseBranchName":"All Conditions"
              },{
                "ConditionBrowseBranchAbbrev":"BXS",
                "ConditionBrowseBranchName":"Urinary Tract, Sexual Organs, and Pregnancy Conditions"
              },{
                "ConditionBrowseBranchAbbrev":"BC14",
                "ConditionBrowseBranchName":"Heart and Blood Diseases"
              },{
                "ConditionBrowseBranchAbbrev":"Rare",
                "ConditionBrowseBranchName":"Rare Diseases"
              }
            ]
          }
        },
        "InterventionBrowseModule":{
          "InterventionBrowseLeafList":{
            "InterventionBrowseLeaf":[
              {
                "InterventionBrowseLeafId":"M8994",
                "InterventionBrowseLeafName":"Interleukin-2",
                "InterventionBrowseLeafRelevance":"low"
              }
            ]
          },
          "InterventionBrowseBranchList":{
            "InterventionBrowseBranch":[
              {
                "InterventionBrowseBranchAbbrev":"ANeo",
                "InterventionBrowseBranchName":"Antineoplastic Agents"
              },{
                "InterventionBrowseBranchAbbrev":"Analg",
                "InterventionBrowseBranchName":"Analgesics"
              },{
                "InterventionBrowseBranchAbbrev":"All",
                "InterventionBrowseBranchName":"All Drugs and Chemicals"
              }
            ]
          }
        }
      }
    }
  }
}

