{
  "FullStudy":{
    "Rank":366887,
    "Study":{
      "ProtocolSection":{
        "IdentificationModule":{
          "NCTId":"NCT00038818",
          "OrgStudyIdInfo":{
            "OrgStudyId":"ID00-335"
          },
          "Organization":{
            "OrgFullName":"M.D. Anderson Cancer Center",
            "OrgClass":"OTHER"
          },
          "BriefTitle":"CD8 DLI for Patients With Relapse or Residual Disease Following Allogeneic Stem Cell Transplantation",
          "OfficialTitle":"CD8 Depleted Donor Lymphocyte Infusions for Patients With Relapse Or Residual Disease Following Allogeneic Stem Cell Transplantation"
        },
        "StatusModule":{
          "StatusVerifiedDate":"August 2012",
          "OverallStatus":"Terminated",
          "WhyStopped":"Low accrual.",
          "ExpandedAccessInfo":{
            "HasExpandedAccess":"No"
          },
          "StartDateStruct":{
            "StartDate":"May 2001"
          },
          "PrimaryCompletionDateStruct":{
            "PrimaryCompletionDate":"December 2002",
            "PrimaryCompletionDateType":"Actual"
          },
          "CompletionDateStruct":{
            "CompletionDate":"December 2002",
            "CompletionDateType":"Actual"
          },
          "StudyFirstSubmitDate":"June 5, 2002",
          "StudyFirstSubmitQCDate":"June 6, 2002",
          "StudyFirstPostDateStruct":{
            "StudyFirstPostDate":"June 7, 2002",
            "StudyFirstPostDateType":"Estimate"
          },
          "LastUpdateSubmitDate":"August 22, 2012",
          "LastUpdatePostDateStruct":{
            "LastUpdatePostDate":"August 23, 2012",
            "LastUpdatePostDateType":"Estimate"
          }
        },
        "SponsorCollaboratorsModule":{
          "ResponsibleParty":{
            "ResponsiblePartyType":"Sponsor"
          },
          "LeadSponsor":{
            "LeadSponsorName":"M.D. Anderson Cancer Center",
            "LeadSponsorClass":"OTHER"
          },
          "CollaboratorList":{
            "Collaborator":[
              {
                "CollaboratorName":"Eligix",
                "CollaboratorClass":"UNKNOWN"
              }
            ]
          }
        },
        "OversightModule":{
          "OversightHasDMC":"No"
        },
        "DescriptionModule":{
          "BriefSummary":"Primary Objectives:\n\nTo evaluate response rates of acute or chronic Graft-versus-host disease (GVHD) following CD8 depleted DLI (Depleted Donor Lymphocyte Infusions) in patients with Chronic myelomonocytic leukemia (CMML), chronic lymphoid leukemia (CLL), Non-Hodgkin's lymphoma (NLM), Multiple Myeloma (MM) and Hodgkin's Lymphoma (HD).\n\nSecondary Objectives:\n\nTo evaluate safety and treatment related mortality after CD8 depleted DLI.\nTo evaluate the time to onset of GVHD following DLI and response to GVHD treatment.\nTo evaluate the incidence and timing of pancytopenia following DLI.\nTo evaluate disease-free survival, overall survival and relapse rates in three cohorts of patients; early relapse CML, late relapse CML and lymphoproliferative disorders (HD, CLL, NHL and MM).\nTo evaluate the need and efficacy of second or subsequent CD8 depleted donor lymphocyte infusions.\nTo evaluate the number of apheresis procedures needed to collect appropriate doses of CD4+ cells."
        },
        "ConditionsModule":{
          "ConditionList":{
            "Condition":[
              "Chronic Myelogenous Leukemia",
              "Multiple Myeloma",
              "Non Hodgkin's Lymphoma",
              "Hodgkin's Disease",
              "Chronic Lymphocytic Leukemia"
            ]
          },
          "KeywordList":{
            "Keyword":[
              "CML",
              "MM",
              "NHL",
              "HD",
              "CLL",
              "CD8 Depleted",
              "Donor Lymphocyte"
            ]
          }
        },
        "DesignModule":{
          "StudyType":"Interventional",
          "PhaseList":{
            "Phase":[
              "Not Applicable"
            ]
          },
          "DesignInfo":{
            "DesignAllocation":"N/A",
            "DesignInterventionModel":"Single Group Assignment",
            "DesignPrimaryPurpose":"Treatment",
            "DesignMaskingInfo":{
              "DesignMasking":"None (Open Label)"
            }
          },
          "EnrollmentInfo":{
            "EnrollmentCount":"3",
            "EnrollmentType":"Actual"
          }
        },
        "ArmsInterventionsModule":{
          "ArmGroupList":{
            "ArmGroup":[
              {
                "ArmGroupLabel":"CD8 DLI",
                "ArmGroupType":"Experimental",
                "ArmGroupDescription":"CD8 depleted DLI (Depleted Donor Lymphocyte Infusions)",
                "ArmGroupInterventionList":{
                  "ArmGroupInterventionName":[
                    "Biological: CD8 Depleted Donor Lymphocyte"
                  ]
                }
              }
            ]
          },
          "InterventionList":{
            "Intervention":[
              {
                "InterventionType":"Biological",
                "InterventionName":"CD8 Depleted Donor Lymphocyte",
                "InterventionArmGroupLabelList":{
                  "InterventionArmGroupLabel":[
                    "CD8 DLI"
                  ]
                }
              }
            ]
          }
        },
        "OutcomesModule":{
          "PrimaryOutcomeList":{
            "PrimaryOutcome":[
              {
                "PrimaryOutcomeMeasure":"Patient Response Rates of Acute or Chronic GVHD",
                "PrimaryOutcomeTimeFrame":"2 years"
              }
            ]
          }
        },
        "EligibilityModule":{
          "EligibilityCriteria":"Patients of any age who have previously undergone allogeneic hematopoietic transplantation and have evidence of donor cell engraftment (>20% donor cell within three months of study entry)\nExpected survival >4 weeks\n\nCML patients with molecular, cytogenetic or hematologic relapse following allogeneic transplantation\n\nMolecular relapse- patients are eligible if bcr/abl is detectable at any time after day 180 post-allogeneic transplantation or if a negative bcr/abl PCR test was documented post-transplantation and the bcr/abl test is now positive by consecutive PCR determinations at least 4 weeks apart.\nCytogenetic relapse-patients are eligible if standard cytogenetics demonstrate >10% t (9,22) positive cells greater than 60 days after myeloablative transplantation or 10% t (9,22) positive cells greater than 100 days after nonmyeloablative transplantation.\nCML patients with accelerated phase or blast crisis following allogeneic transplantation\n\nPatients with CLL, NHL, MM, or HD who have evidence of disease relapse or persistent disease at 60 days post-allo BMT and/or:\n\nMM- patients with a rising M-protein is detectable at 180 days post-transplant\nNHL - patients with molecular evidence of disease (bcl-2, t (4,11), etc.) at 180 days post transplant\nCLL, NHL or HD - patients with clear cut evidence of tumor growth at any time post-transplant are eligible\nPatients undergoing an HLA -identical or 5/6 antigen match transplant from a related or unrelated donor\nPatient's original donor must be available for lymphocyte donation\nThere must be no evidence of active acute or graft-versus-host disease and patients should be off all immunosuppressive agents for, at least, two weeks prior to DLI. Patients on stable dose of methylprednisolone (<16 mg/d) without evidence of active GVHD are also eligible.\nPatients must have a Zubrod PS<2 (see appendix 7), Cr<2.5, bilirubin <3, and transaminases (SGPT, SGOT) <4x normal\nPatient must be able to sign informed consent",
          "HealthyVolunteers":"No",
          "Gender":"All",
          "StdAgeList":{
            "StdAge":[
              "Child",
              "Adult",
              "Older Adult"
            ]
          }
        },
        "ContactsLocationsModule":{
          "OverallOfficialList":{
            "OverallOfficial":[
              {
                "OverallOfficialName":"Richard Champlin, MD, BS",
                "OverallOfficialAffiliation":"UT MD Anderson Cancer Center",
                "OverallOfficialRole":"Principal Investigator"
              }
            ]
          },
          "LocationList":{
            "Location":[
              {
                "LocationFacility":"UT MD Anderson Cancer Center",
                "LocationCity":"Houston",
                "LocationState":"Texas",
                "LocationZip":"77030",
                "LocationCountry":"United States"
              }
            ]
          }
        },
        "ReferencesModule":{
          "SeeAlsoLinkList":{
            "SeeAlsoLink":[
              {
                "SeeAlsoLinkLabel":"UT MD Anderson Cancer Center website",
                "SeeAlsoLinkURL":"http://www.mdanderson.org"
              }
            ]
          }
        }
      },
      "DerivedSection":{
        "MiscInfoModule":{
          "VersionHolder":"April 19, 2021"
        },
        "ConditionBrowseModule":{
          "ConditionMeshList":{
            "ConditionMesh":[
              {
                "ConditionMeshId":"D000007938",
                "ConditionMeshTerm":"Leukemia"
              },{
                "ConditionMeshId":"D000009101",
                "ConditionMeshTerm":"Multiple Myeloma"
              },{
                "ConditionMeshId":"D000015451",
                "ConditionMeshTerm":"Leukemia, Lymphocytic, Chronic, B-Cell"
              },{
                "ConditionMeshId":"D000007951",
                "ConditionMeshTerm":"Leukemia, Myeloid"
              },{
                "ConditionMeshId":"D000015464",
                "ConditionMeshTerm":"Leukemia, Myelogenous, Chronic, BCR-ABL Positive"
              },{
                "ConditionMeshId":"D000006689",
                "ConditionMeshTerm":"Hodgkin Disease"
              }
            ]
          },
          "ConditionAncestorList":{
            "ConditionAncestor":[
              {
                "ConditionAncestorId":"D000009370",
                "ConditionAncestorTerm":"Neoplasms by Histologic Type"
              },{
                "ConditionAncestorId":"D000009369",
                "ConditionAncestorTerm":"Neoplasms"
              },{
                "ConditionAncestorId":"D000054219",
                "ConditionAncestorTerm":"Neoplasms, Plasma Cell"
              },{
                "ConditionAncestorId":"D000020141",
                "ConditionAncestorTerm":"Hemostatic Disorders"
              },{
                "ConditionAncestorId":"D000014652",
                "ConditionAncestorTerm":"Vascular Diseases"
              },{
                "ConditionAncestorId":"D000002318",
                "ConditionAncestorTerm":"Cardiovascular Diseases"
              },{
                "ConditionAncestorId":"D000010265",
                "ConditionAncestorTerm":"Paraproteinemias"
              },{
                "ConditionAncestorId":"D000001796",
                "ConditionAncestorTerm":"Blood Protein Disorders"
              },{
                "ConditionAncestorId":"D000006402",
                "ConditionAncestorTerm":"Hematologic Diseases"
              },{
                "ConditionAncestorId":"D000006474",
                "ConditionAncestorTerm":"Hemorrhagic Disorders"
              },{
                "ConditionAncestorId":"D000008232",
                "ConditionAncestorTerm":"Lymphoproliferative Disorders"
              },{
                "ConditionAncestorId":"D000007160",
                "ConditionAncestorTerm":"Immunoproliferative Disorders"
              },{
                "ConditionAncestorId":"D000007154",
                "ConditionAncestorTerm":"Immune System Diseases"
              },{
                "ConditionAncestorId":"D000008223",
                "ConditionAncestorTerm":"Lymphoma"
              },{
                "ConditionAncestorId":"D000008206",
                "ConditionAncestorTerm":"Lymphatic Diseases"
              },{
                "ConditionAncestorId":"D000007945",
                "ConditionAncestorTerm":"Leukemia, Lymphoid"
              },{
                "ConditionAncestorId":"D000015448",
                "ConditionAncestorTerm":"Leukemia, B-Cell"
              },{
                "ConditionAncestorId":"D000009196",
                "ConditionAncestorTerm":"Myeloproliferative Disorders"
              },{
                "ConditionAncestorId":"D000001855",
                "ConditionAncestorTerm":"Bone Marrow Diseases"
              }
            ]
          },
          "ConditionBrowseLeafList":{
            "ConditionBrowseLeaf":[
              {
                "ConditionBrowseLeafId":"M9528",
                "ConditionBrowseLeafName":"Leukemia",
                "ConditionBrowseLeafAsFound":"Leukemia",
                "ConditionBrowseLeafRelevance":"high"
              },{
                "ConditionBrowseLeafId":"M9538",
                "ConditionBrowseLeafName":"Leukemia, Myeloid",
                "ConditionBrowseLeafAsFound":"Myelogenous Leukemia",
                "ConditionBrowseLeafRelevance":"high"
              },{
                "ConditionBrowseLeafId":"M9803",
                "ConditionBrowseLeafName":"Lymphoma",
                "ConditionBrowseLeafRelevance":"low"
              },{
                "ConditionBrowseLeafId":"M9534",
                "ConditionBrowseLeafName":"Leukemia, Lymphoid",
                "ConditionBrowseLeafRelevance":"low"
              },{
                "ConditionBrowseLeafId":"M16699",
                "ConditionBrowseLeafName":"Leukemia, Lymphocytic, Chronic, B-Cell",
                "ConditionBrowseLeafAsFound":"Chronic Lymphocytic Leukemia",
                "ConditionBrowseLeafRelevance":"high"
              },{
                "ConditionBrowseLeafId":"M10641",
                "ConditionBrowseLeafName":"Multiple Myeloma",
                "ConditionBrowseLeafAsFound":"Multiple Myeloma",
                "ConditionBrowseLeafRelevance":"high"
              },{
                "ConditionBrowseLeafId":"M26175",
                "ConditionBrowseLeafName":"Neoplasms, Plasma Cell",
                "ConditionBrowseLeafRelevance":"low"
              },{
                "ConditionBrowseLeafId":"M8334",
                "ConditionBrowseLeafName":"Hodgkin Disease",
                "ConditionBrowseLeafAsFound":"Hodgkin's Disease",
                "ConditionBrowseLeafRelevance":"high"
              },{
                "ConditionBrowseLeafId":"M16706",
                "ConditionBrowseLeafName":"Leukemia, Myelogenous, Chronic, BCR-ABL Positive",
                "ConditionBrowseLeafAsFound":"Chronic myelogenous leukemia",
                "ConditionBrowseLeafRelevance":"high"
              },{
                "ConditionBrowseLeafId":"M10898",
                "ConditionBrowseLeafName":"Neoplasms by Histologic Type",
                "ConditionBrowseLeafRelevance":"low"
              },{
                "ConditionBrowseLeafId":"M20561",
                "ConditionBrowseLeafName":"Hemostatic Disorders",
                "ConditionBrowseLeafRelevance":"low"
              },{
                "ConditionBrowseLeafId":"M3641",
                "ConditionBrowseLeafName":"Blood Coagulation Disorders",
                "ConditionBrowseLeafRelevance":"low"
              },{
                "ConditionBrowseLeafId":"M15983",
                "ConditionBrowseLeafName":"Vascular Diseases",
                "ConditionBrowseLeafRelevance":"low"
              },{
                "ConditionBrowseLeafId":"M11761",
                "ConditionBrowseLeafName":"Paraproteinemias",
                "ConditionBrowseLeafRelevance":"low"
              },{
                "ConditionBrowseLeafId":"M3659",
                "ConditionBrowseLeafName":"Blood Protein Disorders",
                "ConditionBrowseLeafRelevance":"low"
              },{
                "ConditionBrowseLeafId":"M8073",
                "ConditionBrowseLeafName":"Hematologic Diseases",
                "ConditionBrowseLeafRelevance":"low"
              },{
                "ConditionBrowseLeafId":"M8143",
                "ConditionBrowseLeafName":"Hemorrhagic Disorders",
                "ConditionBrowseLeafRelevance":"low"
              },{
                "ConditionBrowseLeafId":"M9808",
                "ConditionBrowseLeafName":"Lymphoproliferative Disorders",
                "ConditionBrowseLeafRelevance":"low"
              },{
                "ConditionBrowseLeafId":"M8789",
                "ConditionBrowseLeafName":"Immunoproliferative Disorders",
                "ConditionBrowseLeafRelevance":"low"
              },{
                "ConditionBrowseLeafId":"M8783",
                "ConditionBrowseLeafName":"Immune System Diseases",
                "ConditionBrowseLeafRelevance":"low"
              },{
                "ConditionBrowseLeafId":"M9786",
                "ConditionBrowseLeafName":"Lymphatic Diseases",
                "ConditionBrowseLeafRelevance":"low"
              },{
                "ConditionBrowseLeafId":"M16698",
                "ConditionBrowseLeafName":"Leukemia, B-Cell",
                "ConditionBrowseLeafRelevance":"low"
              },{
                "ConditionBrowseLeafId":"M10732",
                "ConditionBrowseLeafName":"Myeloproliferative Disorders",
                "ConditionBrowseLeafRelevance":"low"
              },{
                "ConditionBrowseLeafId":"M3716",
                "ConditionBrowseLeafName":"Bone Marrow Diseases",
                "ConditionBrowseLeafRelevance":"low"
              },{
                "ConditionBrowseLeafId":"T3995",
                "ConditionBrowseLeafName":"Myeloid Leukemia",
                "ConditionBrowseLeafRelevance":"low"
              },{
                "ConditionBrowseLeafId":"T3543",
                "ConditionBrowseLeafName":"Lymphosarcoma",
                "ConditionBrowseLeafRelevance":"low"
              },{
                "ConditionBrowseLeafId":"T1308",
                "ConditionBrowseLeafName":"Chronic Lymphocytic Leukemia",
                "ConditionBrowseLeafAsFound":"Chronic Lymphocytic Leukemia",
                "ConditionBrowseLeafRelevance":"high"
              },{
                "ConditionBrowseLeafId":"T3947",
                "ConditionBrowseLeafName":"Multiple Myeloma",
                "ConditionBrowseLeafAsFound":"Multiple Myeloma",
                "ConditionBrowseLeafRelevance":"high"
              },{
                "ConditionBrowseLeafId":"T2817",
                "ConditionBrowseLeafName":"Hodgkin Lymphoma",
                "ConditionBrowseLeafRelevance":"low"
              },{
                "ConditionBrowseLeafId":"T1309",
                "ConditionBrowseLeafName":"Chronic Myeloid Leukemia",
                "ConditionBrowseLeafAsFound":"Chronic myelogenous leukemia",
                "ConditionBrowseLeafRelevance":"high"
              },{
                "ConditionBrowseLeafId":"T1311",
                "ConditionBrowseLeafName":"Chronic Myeloproliferative Disorders",
                "ConditionBrowseLeafRelevance":"low"
              }
            ]
          },
          "ConditionBrowseBranchList":{
            "ConditionBrowseBranch":[
              {
                "ConditionBrowseBranchAbbrev":"BC04",
                "ConditionBrowseBranchName":"Cancers and Other Neoplasms"
              },{
                "ConditionBrowseBranchAbbrev":"All",
                "ConditionBrowseBranchName":"All Conditions"
              },{
                "ConditionBrowseBranchAbbrev":"BC15",
                "ConditionBrowseBranchName":"Blood and Lymph Conditions"
              },{
                "ConditionBrowseBranchAbbrev":"BC20",
                "ConditionBrowseBranchName":"Immune System Diseases"
              },{
                "ConditionBrowseBranchAbbrev":"BC14",
                "ConditionBrowseBranchName":"Heart and Blood Diseases"
              },{
                "ConditionBrowseBranchAbbrev":"Rare",
                "ConditionBrowseBranchName":"Rare Diseases"
              }
            ]
          }
        }
      }
    }
  }
}

