{
  "FullStudy":{
    "Rank":367374,
    "Study":{
      "ProtocolSection":{
        "IdentificationModule":{
          "NCTId":"NCT00032097",
          "OrgStudyIdInfo":{
            "OrgStudyId":"CDR0000069257"
          },
          "SecondaryIdInfoList":{
            "SecondaryIdInfo":[
              {
                "SecondaryId":"NABTT-2116"
              },{
                "SecondaryId":"JHOC-NABTT-2116"
              }
            ]
          },
          "Organization":{
            "OrgFullName":"National Cancer Institute (NCI)",
            "OrgClass":"NIH"
          },
          "BriefTitle":"Motexafin Gadolinium in Treating Patients With Glioblastoma Multiforme Who Are Undergoing Radiation Therapy to the Brain",
          "OfficialTitle":"A Phase I Trial To Evaluate Repetitive Intravenous Doses Of Gadolinium-Texaphyrin As A Radiosensitizer In Patients With Glioblastoma Multi Forme"
        },
        "StatusModule":{
          "StatusVerifiedDate":"January 2004",
          "OverallStatus":"Completed",
          "ExpandedAccessInfo":{
            "HasExpandedAccess":"No"
          },
          "StartDateStruct":{
            "StartDate":"April 2002"
          },
          "StudyFirstSubmitDate":"March 8, 2002",
          "StudyFirstSubmitQCDate":"January 26, 2003",
          "StudyFirstPostDateStruct":{
            "StudyFirstPostDate":"January 27, 2003",
            "StudyFirstPostDateType":"Estimate"
          },
          "LastUpdateSubmitDate":"February 6, 2009",
          "LastUpdatePostDateStruct":{
            "LastUpdatePostDate":"February 9, 2009",
            "LastUpdatePostDateType":"Estimate"
          }
        },
        "SponsorCollaboratorsModule":{
          "LeadSponsor":{
            "LeadSponsorName":"National Cancer Institute (NCI)",
            "LeadSponsorClass":"NIH"
          }
        },
        "DescriptionModule":{
          "BriefSummary":"RATIONALE: Radiation therapy uses high-energy x-rays to damage tumor cells. Drugs such as motexafin gadolinium may make the tumor cells more sensitive to radiation therapy.\n\nPURPOSE: Phase I trial to study the effectiveness motexafin gadolinium in treating patients with glioblastoma multiforme who are undergoing radiation therapy to the brain.",
          "DetailedDescription":"OBJECTIVES:\n\nDetermine the toxicity of 2 different schedules of motexafin gadolinium as a radiosensitizer in patients with glioblastoma multiforme receiving cranial radiotherapy.\nDetermine the maximum tolerated doses of this drug on these 2 schedules in these patients.\nDetermine the pharmacokinetic profile of this drug in these patients.\nDetermine the biodistribution of this drug in both neoplastic tissue and normal brain parenchyma in these patients.\nDetermine the effect and accumulation of this drug in both normal brain parenchyma and neoplastic tissue in these patients.\nCorrelate the effect and accumulation of this drug in both normal brain parenchyma and neoplastic tissue with the pharmacokinetics of this drug in these patients.\n\nOUTLINE: This is a multicenter, dose-escalation study of motexafin gadolinium (PCI-0120). Patients are sequentially assigned to 1 of 2 treatment groups.\n\nGroup I: Patients receive PCI-0120 IV over 30-60 minutes once every other day for 6 weeks. Patients concurrently undergo cranial radiotherapy once daily 5 days a week for 6 weeks.\nGroup II: Patients receive PCI-0120 IV over 30-60 minutes once daily concurrently during radiotherapy. Patients undergo cranial radiotherapy as in group I.\n\nCohorts of 3-6 patients in each group receive escalating doses of PCI-0120 until the maximum tolerated dose (MTD) is determined. The MTD is defined as the dose preceding that at which 2 of 6 patients experience dose-limiting toxicity.\n\nPatients are followed at 1 month and then every 2 months thereafter.\n\nPROJECTED ACCRUAL: Approximately 18-30 patients will be accrued for this study."
        },
        "ConditionsModule":{
          "ConditionList":{
            "Condition":[
              "Brain and Central Nervous System Tumors"
            ]
          },
          "KeywordList":{
            "Keyword":[
              "adult glioblastoma",
              "adult giant cell glioblastoma",
              "adult gliosarcoma"
            ]
          }
        },
        "DesignModule":{
          "StudyType":"Interventional",
          "PhaseList":{
            "Phase":[
              "Phase 1"
            ]
          },
          "DesignInfo":{
            "DesignPrimaryPurpose":"Treatment"
          }
        },
        "ArmsInterventionsModule":{
          "InterventionList":{
            "Intervention":[
              {
                "InterventionType":"Drug",
                "InterventionName":"motexafin gadolinium"
              },{
                "InterventionType":"Radiation",
                "InterventionName":"radiation therapy"
              }
            ]
          }
        },
        "EligibilityModule":{
          "EligibilityCriteria":"DISEASE CHARACTERISTICS:\n\nHistologically confirmed supratentorial grade IV astrocytoma\n\nGlioblastoma multiforme\nPreviously untreated disease\nMeasurable and contrast-enhancing tumor by MRI after incomplete resection/biopsy\n\nPATIENT CHARACTERISTICS:\n\nAge:\n\n18 and over\n\nPerformance status:\n\nKarnofsky 60-100%\n\nLife expectancy:\n\nNot specified\n\nHematopoietic:\n\nWBC at least 3,000/mm^3\nAbsolute granulocyte count at least 1,500/mm^3\nPlatelet count at least 100,000/mm^3\nHemoglobin at least 10 g/dL\n\nHepatic:\n\nBilirubin no greater than 2.0 mg/dL\nSGOT/SGPT no greater than 4 times upper limit of normal (ULN)\nAlkaline phosphatase no greater than 4 times ULN\nPT/APTT normal\n\nRenal:\n\nCreatinine no greater than 1.5 mg/dL\n\nCardiovascular:\n\nNo uncontrolled hypertension\n\nOther:\n\nMini mental state exam score at least 15\nNo history of glucose-6-phosphate dehydrogenase deficiency or porphyria\nNo other malignancy within the past 5 years except curatively treated basal cell or squamous cell skin cancer, carcinoma in situ of the cervix, or carcinoma in situ of the breast\nNo serious infection\nNo other medical illness that would preclude study participation\nNo allergy to MRI contrast (e.g., motexafin gadolinium)\nNot pregnant or nursing\nNegative pregnancy test\nFertile patients must use effective contraception during and for up to 2 months after study\n\nPRIOR CONCURRENT THERAPY:\n\nBiologic therapy:\n\nNo prior biologic therapy or immunotherapy for this disease, including any of the following:\n\nImmunotoxins\nImmunoconjugates\nAntisense therapy\nPeptide receptor antagonists\nInterferons\nInterleukins\nTumor-infiltrating lymphocytes\nLymphokine-activated killer cell therapy\nGene therapy\n\nChemotherapy:\n\nNo prior chemotherapy for this disease\n\nEndocrine therapy:\n\nMust be on a stable corticosteroid regimen (i.e., no increase within 5 days prior to treatment on this protocol)\nNo other prior hormonal therapy for this disease\n\nRadiotherapy:\n\nNo prior radiotherapy for this disease\n\nSurgery:\n\nSee Disease Characteristics\nRecovered from prior surgery\n\nOther:\n\nNo other concurrent investigational agents",
          "HealthyVolunteers":"No",
          "Gender":"All",
          "MinimumAge":"18 Years",
          "StdAgeList":{
            "StdAge":[
              "Adult",
              "Older Adult"
            ]
          }
        },
        "ContactsLocationsModule":{
          "OverallOfficialList":{
            "OverallOfficial":[
              {
                "OverallOfficialName":"James L. Pearlman, MD",
                "OverallOfficialAffiliation":"H. Lee Moffitt Cancer Center and Research Institute",
                "OverallOfficialRole":"Study Chair"
              }
            ]
          },
          "LocationList":{
            "Location":[
              {
                "LocationFacility":"Sidney Kimmel Comprehensive Cancer Center at Johns Hopkins",
                "LocationCity":"Baltimore",
                "LocationState":"Maryland",
                "LocationZip":"21231",
                "LocationCountry":"United States"
              }
            ]
          }
        }
      },
      "DerivedSection":{
        "MiscInfoModule":{
          "VersionHolder":"April 19, 2021"
        },
        "ConditionBrowseModule":{
          "ConditionMeshList":{
            "ConditionMesh":[
              {
                "ConditionMeshId":"D000005909",
                "ConditionMeshTerm":"Glioblastoma"
              },{
                "ConditionMeshId":"D000009423",
                "ConditionMeshTerm":"Nervous System Neoplasms"
              },{
                "ConditionMeshId":"D000016543",
                "ConditionMeshTerm":"Central Nervous System Neoplasms"
              }
            ]
          },
          "ConditionAncestorList":{
            "ConditionAncestor":[
              {
                "ConditionAncestorId":"D000001254",
                "ConditionAncestorTerm":"Astrocytoma"
              },{
                "ConditionAncestorId":"D000005910",
                "ConditionAncestorTerm":"Glioma"
              },{
                "ConditionAncestorId":"D000018302",
                "ConditionAncestorTerm":"Neoplasms, Neuroepithelial"
              },{
                "ConditionAncestorId":"D000017599",
                "ConditionAncestorTerm":"Neuroectodermal Tumors"
              },{
                "ConditionAncestorId":"D000009373",
                "ConditionAncestorTerm":"Neoplasms, Germ Cell and Embryonal"
              },{
                "ConditionAncestorId":"D000009370",
                "ConditionAncestorTerm":"Neoplasms by Histologic Type"
              },{
                "ConditionAncestorId":"D000009369",
                "ConditionAncestorTerm":"Neoplasms"
              },{
                "ConditionAncestorId":"D000009375",
                "ConditionAncestorTerm":"Neoplasms, Glandular and Epithelial"
              },{
                "ConditionAncestorId":"D000009380",
                "ConditionAncestorTerm":"Neoplasms, Nerve Tissue"
              },{
                "ConditionAncestorId":"D000009371",
                "ConditionAncestorTerm":"Neoplasms by Site"
              },{
                "ConditionAncestorId":"D000009422",
                "ConditionAncestorTerm":"Nervous System Diseases"
              }
            ]
          },
          "ConditionBrowseLeafList":{
            "ConditionBrowseLeaf":[
              {
                "ConditionBrowseLeafId":"M7602",
                "ConditionBrowseLeafName":"Glioblastoma",
                "ConditionBrowseLeafAsFound":"Glioblastoma",
                "ConditionBrowseLeafRelevance":"high"
              },{
                "ConditionBrowseLeafId":"M19044",
                "ConditionBrowseLeafName":"Gliosarcoma",
                "ConditionBrowseLeafRelevance":"low"
              },{
                "ConditionBrowseLeafId":"M17520",
                "ConditionBrowseLeafName":"Central Nervous System Neoplasms",
                "ConditionBrowseLeafAsFound":"Central Nervous System Tumors",
                "ConditionBrowseLeafRelevance":"high"
              },{
                "ConditionBrowseLeafId":"M10950",
                "ConditionBrowseLeafName":"Nervous System Neoplasms",
                "ConditionBrowseLeafAsFound":"Nervous System Tumors",
                "ConditionBrowseLeafRelevance":"high"
              },{
                "ConditionBrowseLeafId":"M3142",
                "ConditionBrowseLeafName":"Astrocytoma",
                "ConditionBrowseLeafRelevance":"low"
              },{
                "ConditionBrowseLeafId":"M7603",
                "ConditionBrowseLeafName":"Glioma",
                "ConditionBrowseLeafRelevance":"low"
              },{
                "ConditionBrowseLeafId":"M19030",
                "ConditionBrowseLeafName":"Neoplasms, Neuroepithelial",
                "ConditionBrowseLeafRelevance":"low"
              },{
                "ConditionBrowseLeafId":"M18428",
                "ConditionBrowseLeafName":"Neuroectodermal Tumors",
                "ConditionBrowseLeafRelevance":"low"
              },{
                "ConditionBrowseLeafId":"M18971",
                "ConditionBrowseLeafName":"Neuroectodermal Tumors, Primitive",
                "ConditionBrowseLeafRelevance":"low"
              },{
                "ConditionBrowseLeafId":"M10901",
                "ConditionBrowseLeafName":"Neoplasms, Germ Cell and Embryonal",
                "ConditionBrowseLeafRelevance":"low"
              },{
                "ConditionBrowseLeafId":"M10898",
                "ConditionBrowseLeafName":"Neoplasms by Histologic Type",
                "ConditionBrowseLeafRelevance":"low"
              },{
                "ConditionBrowseLeafId":"M10903",
                "ConditionBrowseLeafName":"Neoplasms, Glandular and Epithelial",
                "ConditionBrowseLeafRelevance":"low"
              },{
                "ConditionBrowseLeafId":"M10908",
                "ConditionBrowseLeafName":"Neoplasms, Nerve Tissue",
                "ConditionBrowseLeafRelevance":"low"
              },{
                "ConditionBrowseLeafId":"T2518",
                "ConditionBrowseLeafName":"Glioblastoma",
                "ConditionBrowseLeafAsFound":"Glioblastoma",
                "ConditionBrowseLeafRelevance":"high"
              },{
                "ConditionBrowseLeafId":"T2522",
                "ConditionBrowseLeafName":"Gliosarcoma",
                "ConditionBrowseLeafRelevance":"low"
              },{
                "ConditionBrowseLeafId":"T2519",
                "ConditionBrowseLeafName":"Glioma",
                "ConditionBrowseLeafRelevance":"low"
              },{
                "ConditionBrowseLeafId":"T4092",
                "ConditionBrowseLeafName":"Neuroepithelioma",
                "ConditionBrowseLeafRelevance":"low"
              }
            ]
          },
          "ConditionBrowseBranchList":{
            "ConditionBrowseBranch":[
              {
                "ConditionBrowseBranchAbbrev":"BC04",
                "ConditionBrowseBranchName":"Cancers and Other Neoplasms"
              },{
                "ConditionBrowseBranchAbbrev":"All",
                "ConditionBrowseBranchName":"All Conditions"
              },{
                "ConditionBrowseBranchAbbrev":"BC10",
                "ConditionBrowseBranchName":"Nervous System Diseases"
              },{
                "ConditionBrowseBranchAbbrev":"Rare",
                "ConditionBrowseBranchName":"Rare Diseases"
              }
            ]
          }
        },
        "InterventionBrowseModule":{
          "InterventionMeshList":{
            "InterventionMesh":[
              {
                "InterventionMeshId":"C000437683",
                "InterventionMeshTerm":"Motexafin gadolinium"
              }
            ]
          },
          "InterventionAncestorList":{
            "InterventionAncestor":[
              {
                "InterventionAncestorId":"D000000970",
                "InterventionAncestorTerm":"Antineoplastic Agents"
              },{
                "InterventionAncestorId":"D000017319",
                "InterventionAncestorTerm":"Photosensitizing Agents"
              },{
                "InterventionAncestorId":"D000003879",
                "InterventionAncestorTerm":"Dermatologic Agents"
              }
            ]
          },
          "InterventionBrowseLeafList":{
            "InterventionBrowseLeaf":[
              {
                "InterventionBrowseLeafId":"M235780",
                "InterventionBrowseLeafName":"Motexafin gadolinium",
                "InterventionBrowseLeafAsFound":"TDS",
                "InterventionBrowseLeafRelevance":"high"
              },{
                "InterventionBrowseLeafId":"M18191",
                "InterventionBrowseLeafName":"Photosensitizing Agents",
                "InterventionBrowseLeafRelevance":"low"
              },{
                "InterventionBrowseLeafId":"M5657",
                "InterventionBrowseLeafName":"Dermatologic Agents",
                "InterventionBrowseLeafRelevance":"low"
              }
            ]
          },
          "InterventionBrowseBranchList":{
            "InterventionBrowseBranch":[
              {
                "InterventionBrowseBranchAbbrev":"ANeo",
                "InterventionBrowseBranchName":"Antineoplastic Agents"
              },{
                "InterventionBrowseBranchAbbrev":"Derm",
                "InterventionBrowseBranchName":"Dermatologic Agents"
              },{
                "InterventionBrowseBranchAbbrev":"All",
                "InterventionBrowseBranchName":"All Drugs and Chemicals"
              }
            ]
          }
        }
      }
    }
  }
}

