{
  "FullStudy":{
    "Rank":367132,
    "Study":{
      "ProtocolSection":{
        "IdentificationModule":{
          "NCTId":"NCT00035464",
          "OrgStudyIdInfo":{
            "OrgStudyId":"2000037"
          },
          "Organization":{
            "OrgFullName":"Forest Laboratories",
            "OrgClass":"INDUSTRY"
          },
          "BriefTitle":"Efficacy and Safety of Azimilide in the Prophylactic Treatment of Patients With Atrial Fibrillation.",
          "OfficialTitle":"Efficacy and Safety of Azimilide in the Prophylactic Treatment of Patients"
        },
        "StatusModule":{
          "StatusVerifiedDate":"September 2011",
          "OverallStatus":"Completed",
          "ExpandedAccessInfo":{
            "HasExpandedAccess":"No"
          },
          "StartDateStruct":{
            "StartDate":"December 2000"
          },
          "PrimaryCompletionDateStruct":{
            "PrimaryCompletionDate":"January 2004",
            "PrimaryCompletionDateType":"Actual"
          },
          "CompletionDateStruct":{
            "CompletionDate":"January 2004",
            "CompletionDateType":"Actual"
          },
          "StudyFirstSubmitDate":"May 3, 2002",
          "StudyFirstSubmitQCDate":"May 3, 2002",
          "StudyFirstPostDateStruct":{
            "StudyFirstPostDate":"May 6, 2002",
            "StudyFirstPostDateType":"Estimate"
          },
          "LastUpdateSubmitDate":"September 30, 2011",
          "LastUpdatePostDateStruct":{
            "LastUpdatePostDate":"October 3, 2011",
            "LastUpdatePostDateType":"Estimate"
          }
        },
        "SponsorCollaboratorsModule":{
          "ResponsibleParty":{
            "ResponsiblePartyOldNameTitle":"Martin Phillips, MD",
            "ResponsiblePartyOldOrganization":"Procter & Gamble Pharmaceuticals"
          },
          "LeadSponsor":{
            "LeadSponsorName":"Forest Laboratories",
            "LeadSponsorClass":"INDUSTRY"
          }
        },
        "OversightModule":{
          "OversightHasDMC":"No"
        },
        "DescriptionModule":{
          "BriefSummary":"Atrial fibrillation (an abnormal rhythm in the upper chamber of the heart) is a common supraventricular arrhythmia (a type of abnormal heart rhythm) for which antiarrhythmic therapy is often prescribed. The primary goals of therapy are to maintain sinus rhythm (normal heart rhythm) and to reduce the occurrence of episodes of atrial fibrillation. Azimilide may have an effect on increasing the time to first recurrence of symptomatic atrial fibrillation or atrial flutter and symptomatic paroxysmal supraventricular tachycardia (other types of abnormal heart rhythms).\n\nThis double-blind, placebo-controlled study is designed to evaluate the efficacy and safety of azimilide compared with placebo in prolonging the time to the first symptomatic arrhythmia recurrence in patients with a history of atrial fibrillation and congestive heart failure and/or ischemic heart disease) and those without these conditions. Once this phase of the study is completed, a second phase with a different study design will be conducted. The second phase is an open-label, follow-up phase. The follow-up phase of the study is designed to evaluate the long-term efficacy and safety of a daily oral dose of azimilide in patients who complete the double-blind, placebo-controlled phase of this study."
        },
        "ConditionsModule":{
          "ConditionList":{
            "Condition":[
              "Atrial Fibrillation"
            ]
          }
        },
        "DesignModule":{
          "StudyType":"Interventional",
          "PhaseList":{
            "Phase":[
              "Phase 3"
            ]
          },
          "DesignInfo":{
            "DesignAllocation":"Randomized",
            "DesignInterventionModel":"Parallel Assignment",
            "DesignPrimaryPurpose":"Treatment",
            "DesignMaskingInfo":{
              "DesignMasking":"Double",
              "DesignWhoMaskedList":{
                "DesignWhoMasked":[
                  "Participant",
                  "Investigator"
                ]
              }
            }
          },
          "EnrollmentInfo":{
            "EnrollmentCount":"431",
            "EnrollmentType":"Actual"
          }
        },
        "ArmsInterventionsModule":{
          "ArmGroupList":{
            "ArmGroup":[
              {
                "ArmGroupLabel":"1",
                "ArmGroupType":"Placebo Comparator",
                "ArmGroupDescription":"Placebo tablets",
                "ArmGroupInterventionList":{
                  "ArmGroupInterventionName":[
                    "Drug: Placebo"
                  ]
                }
              },{
                "ArmGroupLabel":"2",
                "ArmGroupType":"Experimental",
                "ArmGroupDescription":"125 mg azimilide tablets",
                "ArmGroupInterventionList":{
                  "ArmGroupInterventionName":[
                    "Drug: Azimilide Dihydrochloride"
                  ]
                }
              }
            ]
          },
          "InterventionList":{
            "Intervention":[
              {
                "InterventionType":"Drug",
                "InterventionName":"Azimilide Dihydrochloride",
                "InterventionDescription":"125 mg azimilide tablets, twice a day for 6 months",
                "InterventionArmGroupLabelList":{
                  "InterventionArmGroupLabel":[
                    "2"
                  ]
                }
              },{
                "InterventionType":"Drug",
                "InterventionName":"Placebo",
                "InterventionDescription":"placebo tablets, twice a day for 6 months",
                "InterventionArmGroupLabelList":{
                  "InterventionArmGroupLabel":[
                    "1"
                  ]
                }
              }
            ]
          }
        },
        "OutcomesModule":{
          "PrimaryOutcomeList":{
            "PrimaryOutcome":[
              {
                "PrimaryOutcomeMeasure":"To prolong the tachycardia-free period in patients",
                "PrimaryOutcomeTimeFrame":"6 months"
              }
            ]
          }
        },
        "EligibilityModule":{
          "EligibilityCriteria":"Inclusion criteria:\n\nHistory of symptomatic atrial fibrillation that significantly disrupts the patient's customary daily living activities\nHistory of congestive heart failure and/or ischemic heart disease\nSinus rhythm (normal heart rhythm) upon entry to the 30 day screening period for the study\nAt least one episode of symptomatic atrial fibrillation during the screening period, with a spontaneous return to sinus rhythm.\nSinus rhythm immediately prior to dosing\n\nExclusion criteria:\n\nPreviously unsuccessful cardioversions within 60 days of screening period\nFailed to respond to any Class III antiarrhythmic drugs\nQualifying arrhythmia due to acute reversible illness, acute myocardial infarction, and/or cardiac or thoracic surgery within one month prior to randomization\nPreviously in an azimilide study",
          "HealthyVolunteers":"No",
          "Gender":"All",
          "MinimumAge":"18 Years",
          "StdAgeList":{
            "StdAge":[
              "Adult",
              "Older Adult"
            ]
          }
        },
        "ContactsLocationsModule":{
          "OverallOfficialList":{
            "OverallOfficial":[
              {
                "OverallOfficialName":"Martin Phillips, MD",
                "OverallOfficialAffiliation":"Procter and Gamble",
                "OverallOfficialRole":"Study Director"
              }
            ]
          },
          "LocationList":{
            "Location":[
              {
                "LocationFacility":"Cardiovascular Assoc. PC",
                "LocationCity":"Birmingham",
                "LocationState":"Alabama",
                "LocationZip":"35213",
                "LocationCountry":"United States"
              },{
                "LocationFacility":"The Heart Group, PC",
                "LocationCity":"Mobile",
                "LocationState":"Alabama",
                "LocationZip":"36608",
                "LocationCountry":"United States"
              },{
                "LocationFacility":"Southern Arizona VA Health Care System, Section of Cardiology (1-111C)",
                "LocationCity":"Tucson",
                "LocationState":"Arizona",
                "LocationZip":"85723",
                "LocationCountry":"United States"
              },{
                "LocationFacility":"University Medical Center",
                "LocationCity":"Tucson",
                "LocationState":"Arizona",
                "LocationZip":"85742",
                "LocationCountry":"United States"
              },{
                "LocationFacility":"University of Arkansas Medical Center",
                "LocationCity":"Little Rock",
                "LocationState":"Arkansas",
                "LocationZip":"72205",
                "LocationCountry":"United States"
              },{
                "LocationFacility":"Cardiovascular Associates of Penisula",
                "LocationCity":"Burlingame",
                "LocationState":"California",
                "LocationZip":"94010",
                "LocationCountry":"United States"
              },{
                "LocationFacility":"Capitol Interventional Cardiology",
                "LocationCity":"Carmichael",
                "LocationState":"California",
                "LocationZip":"95608",
                "LocationCountry":"United States"
              },{
                "LocationFacility":"VA Central California Health Care System",
                "LocationCity":"Fresno",
                "LocationState":"California",
                "LocationZip":"93703",
                "LocationCountry":"United States"
              },{
                "LocationFacility":"Valley Research",
                "LocationCity":"Fresno",
                "LocationState":"California",
                "LocationZip":"93720",
                "LocationCountry":"United States"
              },{
                "LocationFacility":"Grass Valley Cardiology",
                "LocationCity":"Grass Valley",
                "LocationState":"California",
                "LocationZip":"95945",
                "LocationCountry":"United States"
              },{
                "LocationFacility":"San Diego Cardiovascular Associates",
                "LocationCity":"La Jolla",
                "LocationState":"California",
                "LocationZip":"92037",
                "LocationCountry":"United States"
              },{
                "LocationFacility":"Good Samaritan Hospital",
                "LocationCity":"Los Angeles",
                "LocationState":"California",
                "LocationZip":"90017",
                "LocationCountry":"United States"
              },{
                "LocationFacility":"LAC+USC Medical Center",
                "LocationCity":"Los Angeles",
                "LocationState":"California",
                "LocationZip":"90033",
                "LocationCountry":"United States"
              },{
                "LocationFacility":"Cardiology Section, West Los Angeles VA Hospital",
                "LocationCity":"Los Angeles",
                "LocationState":"California",
                "LocationZip":"90073",
                "LocationCountry":"United States"
              },{
                "LocationFacility":"Merced Heart Associates",
                "LocationCity":"Merced",
                "LocationState":"California",
                "LocationZip":"95340",
                "LocationCountry":"United States"
              },{
                "LocationFacility":"Sutter Gould Medical Foundation",
                "LocationCity":"Modesto",
                "LocationState":"California",
                "LocationZip":"95355",
                "LocationCountry":"United States"
              },{
                "LocationFacility":"ARI Clinical Trials",
                "LocationCity":"Redondo Beach",
                "LocationState":"California",
                "LocationZip":"90277",
                "LocationCountry":"United States"
              },{
                "LocationFacility":"Regional Cardiology Assoc.",
                "LocationCity":"Sacramento",
                "LocationState":"California",
                "LocationZip":"95819",
                "LocationCountry":"United States"
              },{
                "LocationFacility":"Sacramento Heart and Vascular Medical Associates",
                "LocationCity":"Sacramento",
                "LocationState":"California",
                "LocationZip":"95825",
                "LocationCountry":"United States"
              },{
                "LocationFacility":"Cardiology Associates",
                "LocationCity":"San Diego",
                "LocationState":"California",
                "LocationZip":"92120",
                "LocationCountry":"United States"
              },{
                "LocationFacility":"Aurora Denver Cardiology",
                "LocationCity":"Aurora",
                "LocationState":"Colorado",
                "LocationZip":"80012",
                "LocationCountry":"United States"
              },{
                "LocationFacility":"Western Cardiology Assoc.",
                "LocationCity":"Denver",
                "LocationState":"Colorado",
                "LocationZip":"80218",
                "LocationCountry":"United States"
              },{
                "LocationFacility":"Hartford Hospital",
                "LocationCity":"Hartford",
                "LocationState":"Connecticut",
                "LocationZip":"06102",
                "LocationCountry":"United States"
              },{
                "LocationFacility":"The George Washington University MFA",
                "LocationCity":"Washington",
                "LocationState":"District of Columbia",
                "LocationZip":"20037",
                "LocationCountry":"United States"
              },{
                "LocationFacility":"Cardiology Consultants",
                "LocationCity":"Daytona Beach",
                "LocationState":"Florida",
                "LocationZip":"32114",
                "LocationCountry":"United States"
              },{
                "LocationFacility":"C/O Research Office Attn: Cardiovascular Research Dept.",
                "LocationCity":"Fort Lauderdale",
                "LocationState":"Florida",
                "LocationZip":"33316",
                "LocationCountry":"United States"
              },{
                "LocationFacility":"SW Florida Heart Group/Health Park Medical Center",
                "LocationCity":"Ft. Myers",
                "LocationState":"Florida",
                "LocationZip":"33919",
                "LocationCountry":"United States"
              },{
                "LocationFacility":"Jacksonville Center for Clinical Research",
                "LocationCity":"Jacksonville",
                "LocationState":"Florida",
                "LocationZip":"32216",
                "LocationCountry":"United States"
              },{
                "LocationFacility":"Watson Clinic, LLP",
                "LocationCity":"Lakeland",
                "LocationState":"Florida",
                "LocationZip":"33805",
                "LocationCountry":"United States"
              },{
                "LocationFacility":"Khalid Hassan Sheikh 80 Fontenberry Road",
                "LocationCity":"Merritt Island",
                "LocationState":"Florida",
                "LocationZip":"32952",
                "LocationCountry":"United States"
              },{
                "LocationFacility":"Florida Cardiology",
                "LocationCity":"Orlando",
                "LocationState":"Florida",
                "LocationZip":"32803",
                "LocationCountry":"United States"
              },{
                "LocationFacility":"Cardiology Research Assiocates",
                "LocationCity":"Ormond Beach",
                "LocationState":"Florida",
                "LocationZip":"32174",
                "LocationCountry":"United States"
              },{
                "LocationFacility":"VA Medical Center",
                "LocationCity":"Decatur",
                "LocationState":"Georgia",
                "LocationZip":"30033",
                "LocationCountry":"United States"
              },{
                "LocationFacility":"Mount Sinal Hospital Medical Center",
                "LocationCity":"Chicago",
                "LocationState":"Illinois",
                "LocationZip":"60608",
                "LocationCountry":"United States"
              },{
                "LocationFacility":"Elgin Cardiology Associates",
                "LocationCity":"Elgin",
                "LocationState":"Illinois",
                "LocationZip":"60120",
                "LocationCountry":"United States"
              },{
                "LocationFacility":"Illinois Heart & Lung Research Center, SC",
                "LocationCity":"Normal",
                "LocationState":"Illinois",
                "LocationZip":"61761-3587",
                "LocationCountry":"United States"
              },{
                "LocationFacility":"The Center for Advanced Cardiology",
                "LocationCity":"Park Ridge",
                "LocationState":"Illinois",
                "LocationZip":"60068",
                "LocationCountry":"United States"
              },{
                "LocationFacility":"Heart Center Medical Group",
                "LocationCity":"Ft. Wayne",
                "LocationState":"Indiana",
                "LocationZip":"46804",
                "LocationCountry":"United States"
              },{
                "LocationFacility":"The Care Group",
                "LocationCity":"Indianapolis",
                "LocationState":"Indiana",
                "LocationZip":"46260-1919",
                "LocationCountry":"United States"
              },{
                "LocationFacility":"Professional Research Network of Kansas",
                "LocationCity":"Wichita",
                "LocationState":"Kansas",
                "LocationZip":"67203",
                "LocationCountry":"United States"
              },{
                "LocationFacility":"University of Louisville-Cardiology",
                "LocationCity":"Louisville",
                "LocationState":"Kentucky",
                "LocationZip":"40202",
                "LocationCountry":"United States"
              },{
                "LocationFacility":"Louisville Cardiology Medical Group, P.S.C",
                "LocationCity":"Louisville",
                "LocationState":"Kentucky",
                "LocationZip":"40207",
                "LocationCountry":"United States"
              },{
                "LocationFacility":"Cardiovascular Institute of the South",
                "LocationCity":"Houma",
                "LocationState":"Louisiana",
                "LocationZip":"70360",
                "LocationCountry":"United States"
              },{
                "LocationFacility":"Richard Gilmore, MD 501 S Ryan Street",
                "LocationCity":"Lake Charles",
                "LocationState":"Louisiana",
                "LocationZip":"70601",
                "LocationCountry":"United States"
              },{
                "LocationFacility":"Cardiovascular of the South",
                "LocationCity":"Morgan City",
                "LocationState":"Louisiana",
                "LocationZip":"70380",
                "LocationCountry":"United States"
              },{
                "LocationFacility":"Cardiovascular Institute of the South",
                "LocationCity":"New Iberia",
                "LocationState":"Louisiana",
                "LocationZip":"70560",
                "LocationCountry":"United States"
              },{
                "LocationFacility":"Tulane University",
                "LocationCity":"New Orleans",
                "LocationState":"Louisiana",
                "LocationZip":"70112",
                "LocationCountry":"United States"
              },{
                "LocationFacility":"Medical Research Institute",
                "LocationCity":"Slidell",
                "LocationState":"Louisiana",
                "LocationZip":"70458",
                "LocationCountry":"United States"
              },{
                "LocationFacility":"Cardiovascular Institute of the South",
                "LocationCity":"Thibodaux",
                "LocationState":"Louisiana",
                "LocationZip":"70301",
                "LocationCountry":"United States"
              },{
                "LocationFacility":"Maine Medical Center",
                "LocationCity":"Portland",
                "LocationState":"Maine",
                "LocationZip":"04102",
                "LocationCountry":"United States"
              },{
                "LocationFacility":"Boston Medical Center",
                "LocationCity":"Boston",
                "LocationState":"Massachusetts",
                "LocationZip":"02118",
                "LocationCountry":"United States"
              },{
                "LocationFacility":"University of Massachusett",
                "LocationCity":"Worcester",
                "LocationState":"Massachusetts",
                "LocationZip":"01655",
                "LocationCountry":"United States"
              },{
                "LocationFacility":"Thoracic & Cardiovascular Healthcare Foundation",
                "LocationCity":"Lansing",
                "LocationState":"Michigan",
                "LocationZip":"48910",
                "LocationCountry":"United States"
              },{
                "LocationFacility":"Nisus Research",
                "LocationCity":"Petoskey",
                "LocationState":"Michigan",
                "LocationZip":"49770",
                "LocationCountry":"United States"
              },{
                "LocationFacility":"Riverside Osteopathic Hospital",
                "LocationCity":"Trenton",
                "LocationState":"Michigan",
                "LocationZip":"48183",
                "LocationCountry":"United States"
              },{
                "LocationFacility":"VA Medical Center Therapeutic Section",
                "LocationCity":":Minneapolis",
                "LocationState":"Minnesota",
                "LocationZip":"55417",
                "LocationCountry":"United States"
              },{
                "LocationFacility":"Regional Heart Center",
                "LocationCity":"Duluth",
                "LocationState":"Minnesota",
                "LocationZip":"55802",
                "LocationCountry":"United States"
              },{
                "LocationFacility":"Fairview Range Regional Health Services",
                "LocationCity":"Hibbing",
                "LocationState":"Minnesota",
                "LocationZip":"55746",
                "LocationCountry":"United States"
              },{
                "LocationFacility":"St. Patrick Hosp/Western Mt. Clinic Cardiology",
                "LocationCity":"Missoula",
                "LocationState":"Montana",
                "LocationZip":"59802",
                "LocationCountry":"United States"
              },{
                "LocationFacility":"Internal Medical Associates",
                "LocationCity":"Grand Island",
                "LocationState":"Nebraska",
                "LocationZip":"68803",
                "LocationCountry":"United States"
              },{
                "LocationFacility":"William Olney, MD 21 Whitehall Rd, Suite 200",
                "LocationCity":"Rochester",
                "LocationState":"New Hampshire",
                "LocationZip":"03867",
                "LocationCountry":"United States"
              },{
                "LocationFacility":"Cardiology & Int. Medicine",
                "LocationCity":"Williamsville",
                "LocationState":"New York",
                "LocationZip":"14221",
                "LocationCountry":"United States"
              },{
                "LocationFacility":"Duke Medical Center",
                "LocationCity":"Durham",
                "LocationState":"North Carolina",
                "LocationZip":"27710",
                "LocationCountry":"United States"
              },{
                "LocationFacility":"Altru Health System Research Center",
                "LocationCity":"Grand Forks",
                "LocationState":"North Dakota",
                "LocationZip":"58201",
                "LocationCountry":"United States"
              },{
                "LocationFacility":"Lindner Clinical Trial Ctr.",
                "LocationCity":"Cincinnati",
                "LocationState":"Ohio",
                "LocationZip":"45219",
                "LocationCountry":"United States"
              },{
                "LocationFacility":"University Hospitals of Cleveland",
                "LocationCity":"Cleveland",
                "LocationState":"Ohio",
                "LocationZip":"44106-5038",
                "LocationCountry":"United States"
              },{
                "LocationFacility":"MidWest Cardiology Research Foundation",
                "LocationCity":"Columbus",
                "LocationState":"Ohio",
                "LocationZip":"43214",
                "LocationCountry":"United States"
              },{
                "LocationFacility":"Oklahoma Foundation for Cardiovascular Research",
                "LocationCity":"Oklahoma City",
                "LocationState":"Oklahoma",
                "LocationZip":"73104",
                "LocationCountry":"United States"
              },{
                "LocationFacility":"Hillsboro Cardiology",
                "LocationCity":"Hillsboro",
                "LocationState":"Oregon",
                "LocationZip":"97123",
                "LocationCountry":"United States"
              },{
                "LocationFacility":"Oregon Health Sciences University",
                "LocationCity":"Portland",
                "LocationState":"Oregon",
                "LocationZip":"97201",
                "LocationCountry":"United States"
              },{
                "LocationFacility":"Heart Care Group PC",
                "LocationCity":"Allentown",
                "LocationState":"Pennsylvania",
                "LocationZip":"18106-0880",
                "LocationCountry":"United States"
              },{
                "LocationFacility":"Tri-State Medical Group Cardiology",
                "LocationCity":"Beaver",
                "LocationState":"Pennsylvania",
                "LocationZip":"15009",
                "LocationCountry":"United States"
              },{
                "LocationFacility":"Milton S. Hershey Medical Center",
                "LocationCity":"Hershey",
                "LocationState":"Pennsylvania",
                "LocationZip":"17033-0850",
                "LocationCountry":"United States"
              },{
                "LocationFacility":"The Pavillion",
                "LocationCity":"Jenkintown",
                "LocationState":"Pennsylvania",
                "LocationZip":"19046",
                "LocationCountry":"United States"
              },{
                "LocationFacility":"UPHS/Presbyterian Medical Center",
                "LocationCity":"Philadelphia",
                "LocationState":"Pennsylvania",
                "LocationZip":"19104",
                "LocationCountry":"United States"
              },{
                "LocationFacility":"Cardiovascular and Critical Care Associates, P.C.",
                "LocationCity":"Pittsburgh",
                "LocationState":"Pennsylvania",
                "LocationZip":"15224",
                "LocationCountry":"United States"
              },{
                "LocationFacility":"Charleston Cardiology",
                "LocationCity":"Charleston",
                "LocationState":"South Carolina",
                "LocationZip":"29403",
                "LocationCountry":"United States"
              },{
                "LocationFacility":"Stern Cardiovascular Center Research Department",
                "LocationCity":"Memphis",
                "LocationState":"Tennessee",
                "LocationZip":"38120",
                "LocationCountry":"United States"
              },{
                "LocationFacility":"UT Southwestern Medical Center",
                "LocationCity":"Dallas",
                "LocationState":"Texas",
                "LocationZip":"75390-9047",
                "LocationCountry":"United States"
              },{
                "LocationFacility":"Methodist Hospital",
                "LocationCity":"Houston",
                "LocationState":"Texas",
                "LocationZip":"77030",
                "LocationCountry":"United States"
              },{
                "LocationFacility":"Heart and Vascular Inst. of Texas, PA",
                "LocationCity":"San Antonio",
                "LocationState":"Texas",
                "LocationZip":"78217",
                "LocationCountry":"United States"
              },{
                "LocationFacility":"MedSource, Inc",
                "LocationCity":"Chesapeake",
                "LocationState":"Virginia",
                "LocationZip":"23321",
                "LocationCountry":"United States"
              },{
                "LocationFacility":"Riverside Regional Medical Center",
                "LocationCity":"Newport News",
                "LocationState":"Virginia",
                "LocationZip":"23601",
                "LocationCountry":"United States"
              },{
                "LocationFacility":"Daniel Gottlieb, MD 16259 Sylvester Road SW, Suite 401",
                "LocationCity":"Seattle",
                "LocationState":"Washington",
                "LocationZip":"95165",
                "LocationCountry":"United States"
              },{
                "LocationFacility":"Beloit Clinic, SC",
                "LocationCity":"Beloit",
                "LocationState":"Wisconsin",
                "LocationZip":"53511",
                "LocationCountry":"United States"
              },{
                "LocationFacility":"Dean/Riverview Clinic",
                "LocationCity":"Janesville",
                "LocationState":"Wisconsin",
                "LocationZip":"53547-0551",
                "LocationCountry":"United States"
              },{
                "LocationFacility":"University of Wisconsin Madison",
                "LocationCity":"Madison",
                "LocationState":"Wisconsin",
                "LocationZip":"53792",
                "LocationCountry":"United States"
              },{
                "LocationFacility":"Marshfield Clinic",
                "LocationCity":"Marshfield",
                "LocationState":"Wisconsin",
                "LocationZip":"54449",
                "LocationCountry":"United States"
              },{
                "LocationFacility":"Heart Health Institute",
                "LocationCity":"Calgary",
                "LocationState":"Alberta",
                "LocationZip":"T2E7C5",
                "LocationCountry":"Canada"
              },{
                "LocationFacility":"Heart Health Research Center",
                "LocationCity":"Calgary",
                "LocationState":"Alberta",
                "LocationZip":"T2E7C5",
                "LocationCountry":"Canada"
              },{
                "LocationFacility":"University of Calgary",
                "LocationCity":"Calgary",
                "LocationState":"Alberta",
                "LocationZip":"T2N4N1",
                "LocationCountry":"Canada"
              },{
                "LocationFacility":"Cardiology Research St. Paul's Hospital",
                "LocationCity":"Vancouver",
                "LocationState":"British Columbia",
                "LocationZip":"V6Z1Y6",
                "LocationCountry":"Canada"
              },{
                "LocationFacility":"Hamilton Health Science Corp.",
                "LocationCity":"Hamilton",
                "LocationState":"Ontario",
                "LocationZip":"L8L2X2",
                "LocationCountry":"Canada"
              },{
                "LocationFacility":"Cardiac Investigation Unit",
                "LocationCity":"London",
                "LocationState":"Ontario",
                "LocationZip":"N6A5A5",
                "LocationCountry":"Canada"
              },{
                "LocationFacility":"Niagara Health System Greater Niagara General Hospital",
                "LocationCity":"Niagara Falls",
                "LocationState":"Ontario",
                "LocationZip":"L2E7H1",
                "LocationCountry":"Canada"
              },{
                "LocationFacility":"University of Ottawa Heart Institute",
                "LocationCity":"Ottawa",
                "LocationState":"Ontario",
                "LocationZip":"K1Y4W7",
                "LocationCountry":"Canada"
              },{
                "LocationFacility":"Neureka Research Corporation",
                "LocationCity":"Sudbury",
                "LocationState":"Ontario",
                "LocationZip":"P3E6B4",
                "LocationCountry":"Canada"
              },{
                "LocationFacility":"St. Michael's Hospital",
                "LocationCity":"Toronto",
                "LocationState":"Ontario",
                "LocationZip":"M5B1W6",
                "LocationCountry":"Canada"
              },{
                "LocationFacility":"Montreal Heart Institute",
                "LocationCity":"Montreal",
                "LocationState":"Quebec",
                "LocationZip":"H1T1C8",
                "LocationCountry":"Canada"
              },{
                "LocationFacility":"Recharche Cardiologie",
                "LocationCity":"Montreal",
                "LocationState":"Quebec",
                "LocationZip":"H2L4M1",
                "LocationCountry":"Canada"
              },{
                "LocationFacility":"Chum Hotel Dieu",
                "LocationCity":"Montreal",
                "LocationState":"Quebec",
                "LocationZip":"H2WIT8",
                "LocationCountry":"Canada"
              },{
                "LocationFacility":"Hospital Sacre-Soeur de Montreal",
                "LocationCity":"Montreal",
                "LocationState":"Quebec",
                "LocationZip":"H4J1C5",
                "LocationCountry":"Canada"
              },{
                "LocationFacility":"Quebec Heart Institute",
                "LocationCity":"Sainte-Foy",
                "LocationState":"Quebec",
                "LocationZip":"G1V4G5",
                "LocationCountry":"Canada"
              }
            ]
          }
        }
      },
      "DerivedSection":{
        "MiscInfoModule":{
          "VersionHolder":"April 19, 2021"
        },
        "ConditionBrowseModule":{
          "ConditionMeshList":{
            "ConditionMesh":[
              {
                "ConditionMeshId":"D000001281",
                "ConditionMeshTerm":"Atrial Fibrillation"
              }
            ]
          },
          "ConditionAncestorList":{
            "ConditionAncestor":[
              {
                "ConditionAncestorId":"D000001145",
                "ConditionAncestorTerm":"Arrhythmias, Cardiac"
              },{
                "ConditionAncestorId":"D000006331",
                "ConditionAncestorTerm":"Heart Diseases"
              },{
                "ConditionAncestorId":"D000002318",
                "ConditionAncestorTerm":"Cardiovascular Diseases"
              },{
                "ConditionAncestorId":"D000010335",
                "ConditionAncestorTerm":"Pathologic Processes"
              }
            ]
          },
          "ConditionBrowseLeafList":{
            "ConditionBrowseLeaf":[
              {
                "ConditionBrowseLeafId":"M3167",
                "ConditionBrowseLeafName":"Atrial Fibrillation",
                "ConditionBrowseLeafAsFound":"Atrial Fibrillation",
                "ConditionBrowseLeafRelevance":"high"
              },{
                "ConditionBrowseLeafId":"M3034",
                "ConditionBrowseLeafName":"Arrhythmias, Cardiac",
                "ConditionBrowseLeafRelevance":"low"
              },{
                "ConditionBrowseLeafId":"M8002",
                "ConditionBrowseLeafName":"Heart Diseases",
                "ConditionBrowseLeafRelevance":"low"
              }
            ]
          },
          "ConditionBrowseBranchList":{
            "ConditionBrowseBranch":[
              {
                "ConditionBrowseBranchAbbrev":"BC14",
                "ConditionBrowseBranchName":"Heart and Blood Diseases"
              },{
                "ConditionBrowseBranchAbbrev":"BC23",
                "ConditionBrowseBranchName":"Symptoms and General Pathology"
              },{
                "ConditionBrowseBranchAbbrev":"All",
                "ConditionBrowseBranchName":"All Conditions"
              }
            ]
          }
        },
        "InterventionBrowseModule":{
          "InterventionMeshList":{
            "InterventionMesh":[
              {
                "InterventionMeshId":"C000086123",
                "InterventionMeshTerm":"Azimilide"
              }
            ]
          },
          "InterventionAncestorList":{
            "InterventionAncestor":[
              {
                "InterventionAncestorId":"D000000889",
                "InterventionAncestorTerm":"Anti-Arrhythmia Agents"
              },{
                "InterventionAncestorId":"D000002121",
                "InterventionAncestorTerm":"Calcium Channel Blockers"
              },{
                "InterventionAncestorId":"D000049990",
                "InterventionAncestorTerm":"Membrane Transport Modulators"
              },{
                "InterventionAncestorId":"D000045504",
                "InterventionAncestorTerm":"Molecular Mechanisms of Pharmacological Action"
              },{
                "InterventionAncestorId":"D000077264",
                "InterventionAncestorTerm":"Calcium-Regulating Hormones and Agents"
              },{
                "InterventionAncestorId":"D000045505",
                "InterventionAncestorTerm":"Physiological Effects of Drugs"
              }
            ]
          },
          "InterventionBrowseLeafList":{
            "InterventionBrowseLeaf":[
              {
                "InterventionBrowseLeafId":"M253719",
                "InterventionBrowseLeafName":"Azimilide",
                "InterventionBrowseLeafAsFound":"Arnica",
                "InterventionBrowseLeafRelevance":"high"
              },{
                "InterventionBrowseLeafId":"M2794",
                "InterventionBrowseLeafName":"Anti-Arrhythmia Agents",
                "InterventionBrowseLeafRelevance":"low"
              },{
                "InterventionBrowseLeafId":"M3966",
                "InterventionBrowseLeafName":"Calcium Channel Blockers",
                "InterventionBrowseLeafRelevance":"low"
              },{
                "InterventionBrowseLeafId":"M3963",
                "InterventionBrowseLeafName":"Calcium",
                "InterventionBrowseLeafRelevance":"low"
              },{
                "InterventionBrowseLeafId":"M3980",
                "InterventionBrowseLeafName":"Calcium, Dietary",
                "InterventionBrowseLeafRelevance":"low"
              },{
                "InterventionBrowseLeafId":"M8372",
                "InterventionBrowseLeafName":"Hormones",
                "InterventionBrowseLeafRelevance":"low"
              }
            ]
          },
          "InterventionBrowseBranchList":{
            "InterventionBrowseBranch":[
              {
                "InterventionBrowseBranchAbbrev":"AnArAg",
                "InterventionBrowseBranchName":"Anti-Arrhythmia Agents"
              },{
                "InterventionBrowseBranchAbbrev":"ChanBlk",
                "InterventionBrowseBranchName":"Channel Blockers"
              },{
                "InterventionBrowseBranchAbbrev":"All",
                "InterventionBrowseBranchName":"All Drugs and Chemicals"
              },{
                "InterventionBrowseBranchAbbrev":"BDCA",
                "InterventionBrowseBranchName":"Bone Density Conservation Agents"
              }
            ]
          }
        }
      }
    }
  }
}

