{
  "FullStudy":{
    "Rank":367043,
    "Study":{
      "ProtocolSection":{
        "IdentificationModule":{
          "NCTId":"NCT00036712",
          "OrgStudyIdInfo":{
            "OrgStudyId":"CDR0000069293"
          },
          "SecondaryIdInfoList":{
            "SecondaryIdInfo":[
              {
                "SecondaryId":"MCW-HRRC-28600"
              },{
                "SecondaryId":"MCW-CHW-0070"
              },{
                "SecondaryId":"NCI-V02-1699"
              }
            ]
          },
          "Organization":{
            "OrgFullName":"National Cancer Institute (NCI)",
            "OrgClass":"NIH"
          },
          "BriefTitle":"Light-Emitting Diode Therapy in Preventing Mucositis in Children Receiving Chemotherapy With or Without Radiation Therapy Before Bone Marrow Transplantation",
          "OfficialTitle":"A Multiinstitutional Trial To Evaluate The Prophylactic Use Of NASA-Developed Light Emitting Diodes For The Prevention Of Oral Mucositis In Bone Marrow Transplant Patients"
        },
        "StatusModule":{
          "StatusVerifiedDate":"June 2009",
          "OverallStatus":"Unknown status",
          "LastKnownStatus":"Recruiting",
          "ExpandedAccessInfo":{
            "HasExpandedAccess":"No"
          },
          "StartDateStruct":{
            "StartDate":"January 2002"
          },
          "PrimaryCompletionDateStruct":{
            "PrimaryCompletionDate":"August 2009",
            "PrimaryCompletionDateType":"Anticipated"
          },
          "StudyFirstSubmitDate":"May 13, 2002",
          "StudyFirstSubmitQCDate":"January 26, 2003",
          "StudyFirstPostDateStruct":{
            "StudyFirstPostDate":"January 27, 2003",
            "StudyFirstPostDateType":"Estimate"
          },
          "LastUpdateSubmitDate":"September 19, 2013",
          "LastUpdatePostDateStruct":{
            "LastUpdatePostDate":"September 20, 2013",
            "LastUpdatePostDateType":"Estimate"
          }
        },
        "SponsorCollaboratorsModule":{
          "ResponsibleParty":{
            "ResponsiblePartyOldNameTitle":"Harry T. Whelan",
            "ResponsiblePartyOldOrganization":"Medical College of Wisconsin Cancer Center"
          },
          "LeadSponsor":{
            "LeadSponsorName":"Medical College of Wisconsin",
            "LeadSponsorClass":"OTHER"
          }
        },
        "DescriptionModule":{
          "BriefSummary":"RATIONALE: Light-emitting diode (LED) therapy may be able to prevent mucositis of the mouth.\n\nPURPOSE: Randomized phase II trial to determine the effectiveness of LED therapy in preventing mucositis of the mouth in children who are receiving chemotherapy with or without radiation therapy before donor bone marrow transplantation.",
          "DetailedDescription":"OBJECTIVES:\n\nCompare the incidence and severity of oral mucositis in children undergoing NASA-developed light-emitting diode (LED) therapy during a pre-transplantation myeloablative conditioning regimen (chemotherapy with or without radiotherapy) and continuing through the post-bone marrow transplantation (BMT) phase versus LED therapy during the post-BMT phase only.\n\nOUTLINE: This is a randomized, double-blind, multicenter study. Patients are stratified according to participating center and cheek being treated (right vs left). Patients are randomized to 1 of 2 schedules of light-emitting diode (LED) therapy.\n\nArm I: Patients undergo LED therapy for 71 seconds once daily beginning on day 1 of the myeloablative conditioning regimen comprising chemotherapy with or without radiotherapy and continuing for 14 days after bone marrow transplantation (BMT).\nArm II: Patients undergo LED therapy as in arm I beginning on the day of BMT (day 0) and continuing for 14 days after BMT.\n\nPhotographs are taken of the right and left buccal mucosa at baseline and then every 3 days beginning on day 1 of LED therapy.\n\nPain and xerostomia are assessed using the Wong-Baker \"smiley-face\" pain scale at baseline and then periodically for 14 days after BMT.\n\nPatients are followed monthly for 2 years.\n\nPROJECTED ACCRUAL: A total of 80 patients (40 per arm) will be accrued for this study within 2 years."
        },
        "ConditionsModule":{
          "ConditionList":{
            "Condition":[
              "Chronic Myeloproliferative Disorders",
              "Kidney Cancer",
              "Leukemia",
              "Lymphoma",
              "Multiple Myeloma and Plasma Cell Neoplasm",
              "Myelodysplastic Syndromes",
              "Myelodysplastic/Myeloproliferative Neoplasms",
              "Neuroblastoma",
              "Oral Complications",
              "Ovarian Cancer",
              "Pain",
              "Sarcoma"
            ]
          },
          "KeywordList":{
            "Keyword":[
              "recurrent childhood acute lymphoblastic leukemia",
              "refractory multiple myeloma",
              "recurrent childhood rhabdomyosarcoma",
              "disseminated neuroblastoma",
              "recurrent neuroblastoma",
              "recurrent Wilms tumor and other childhood kidney tumors",
              "recurrent childhood lymphoblastic lymphoma",
              "stage III chronic lymphocytic leukemia",
              "stage IV chronic lymphocytic leukemia",
              "recurrent childhood acute myeloid leukemia",
              "relapsing chronic myelogenous leukemia",
              "refractory chronic lymphocytic leukemia",
              "chronic phase chronic myelogenous leukemia",
              "accelerated phase chronic myelogenous leukemia",
              "blastic phase chronic myelogenous leukemia",
              "primary myelofibrosis",
              "childhood acute promyelocytic leukemia (M3)",
              "refractory hairy cell leukemia",
              "oral complications",
              "recurrent/refractory childhood Hodgkin lymphoma",
              "de novo myelodysplastic syndromes",
              "previously treated myelodysplastic syndromes",
              "secondary myelodysplastic syndromes",
              "pain",
              "recurrent childhood small noncleaved cell lymphoma",
              "recurrent childhood large cell lymphoma",
              "previously treated childhood rhabdomyosarcoma",
              "childhood malignant ovarian germ cell tumor",
              "childhood chronic myelogenous leukemia",
              "atypical chronic myeloid leukemia, BCR-ABL1 negative",
              "myelodysplastic/myeloproliferative neoplasm, unclassifiable",
              "childhood myelodysplastic syndromes"
            ]
          }
        },
        "DesignModule":{
          "StudyType":"Interventional",
          "PhaseList":{
            "Phase":[
              "Phase 2"
            ]
          },
          "DesignInfo":{
            "DesignPrimaryPurpose":"Supportive Care"
          },
          "EnrollmentInfo":{
            "EnrollmentCount":"80",
            "EnrollmentType":"Anticipated"
          }
        },
        "ArmsInterventionsModule":{
          "InterventionList":{
            "Intervention":[
              {
                "InterventionType":"Procedure",
                "InterventionName":"management of therapy complications"
              },{
                "InterventionType":"Procedure",
                "InterventionName":"pain therapy"
              }
            ]
          }
        },
        "OutcomesModule":{
          "PrimaryOutcomeList":{
            "PrimaryOutcome":[
              {
                "PrimaryOutcomeMeasure":"Mean change in oral mucositis index (OMI) score from baseline to maximum score within 14 days posttransplant"
              },{
                "PrimaryOutcomeMeasure":"Mean change in pain score from baseline to maximum score within 14 days posttransplant"
              },{
                "PrimaryOutcomeMeasure":"Proportion of patients not experiencing ulcerative mucositis within the first 14 days posttransplant"
              }
            ]
          },
          "SecondaryOutcomeList":{
            "SecondaryOutcome":[
              {
                "SecondaryOutcomeMeasure":"Time to heal"
              }
            ]
          }
        },
        "EligibilityModule":{
          "EligibilityCriteria":"DISEASE CHARACTERISTICS:\n\nPatients undergoing a myeloablative conditioning regimen comprising chemotherapy with or without radiotherapy prior to a first allogeneic bone marrow transplantation\n\nPATIENT CHARACTERISTICS:\n\nAge:\n\n2 to 18\n\nPerformance status:\n\nNot specified\n\nLife expectancy:\n\nNot specified\n\nHematopoietic:\n\nNot specified\n\nHepatic:\n\nNot specified\n\nRenal:\n\nNot specified\n\nPulmonary:\n\nNo pulmonary dysfunction that would increase significantly the risk of requiring intubation during the first 21 days after transplantation\n\nOther:\n\nNot pregnant\nNegative pregnancy test\nFertile patients must use effective contraception\nNo photophobia\nMust have emotional, cognitive, and mental maturity sufficient to tolerate light-emitting diode therapy application and oral examination without combativeness\n\nPRIOR CONCURRENT THERAPY:\n\nBiologic therapy:\n\nSee Disease Characteristics\n\nChemotherapy:\n\nSee Disease Characteristics\n\nEndocrine therapy:\n\nNot specified\n\nRadiotherapy:\n\nSee Disease Characteristics\n\nSurgery:\n\nNot specified\n\nOther:\n\nNo concurrent medication that may cause epidermal or ocular photosensitivity",
          "HealthyVolunteers":"No",
          "Gender":"All",
          "MinimumAge":"2 Years",
          "MaximumAge":"18 Years",
          "StdAgeList":{
            "StdAge":[
              "Child",
              "Adult"
            ]
          }
        },
        "ContactsLocationsModule":{
          "OverallOfficialList":{
            "OverallOfficial":[
              {
                "OverallOfficialName":"Harry T. Whelan, MD",
                "OverallOfficialAffiliation":"Medical College of Wisconsin",
                "OverallOfficialRole":"Study Chair"
              }
            ]
          },
          "LocationList":{
            "Location":[
              {
                "LocationFacility":"Medical College of Wisconsin Cancer Center",
                "LocationStatus":"Recruiting",
                "LocationCity":"Milwaukee",
                "LocationState":"Wisconsin",
                "LocationZip":"53226",
                "LocationCountry":"United States",
                "LocationContactList":{
                  "LocationContact":[
                    {
                      "LocationContactName":"Clinical Trials Office - Medical College of Wisconsin Cancer C",
                      "LocationContactRole":"Contact",
                      "LocationContactPhone":"414-805-4380"
                    }
                  ]
                }
              }
            ]
          }
        }
      },
      "DerivedSection":{
        "MiscInfoModule":{
          "VersionHolder":"April 19, 2021"
        },
        "ConditionBrowseModule":{
          "ConditionMeshList":{
            "ConditionMesh":[
              {
                "ConditionMeshId":"D000008223",
                "ConditionMeshTerm":"Lymphoma"
              },{
                "ConditionMeshId":"D000007938",
                "ConditionMeshTerm":"Leukemia"
              },{
                "ConditionMeshId":"D000009369",
                "ConditionMeshTerm":"Neoplasms"
              },{
                "ConditionMeshId":"D000009101",
                "ConditionMeshTerm":"Multiple Myeloma"
              },{
                "ConditionMeshId":"D000054219",
                "ConditionMeshTerm":"Neoplasms, Plasma Cell"
              },{
                "ConditionMeshId":"D000011289",
                "ConditionMeshTerm":"Preleukemia"
              },{
                "ConditionMeshId":"D000009447",
                "ConditionMeshTerm":"Neuroblastoma"
              },{
                "ConditionMeshId":"D000052016",
                "ConditionMeshTerm":"Mucositis"
              },{
                "ConditionMeshId":"D000009190",
                "ConditionMeshTerm":"Myelodysplastic Syndromes"
              },{
                "ConditionMeshId":"D000009196",
                "ConditionMeshTerm":"Myeloproliferative Disorders"
              },{
                "ConditionMeshId":"D000054437",
                "ConditionMeshTerm":"Myelodysplastic-Myeloproliferative Diseases"
              },{
                "ConditionMeshId":"D000013577",
                "ConditionMeshTerm":"Syndrome"
              }
            ]
          },
          "ConditionAncestorList":{
            "ConditionAncestor":[
              {
                "ConditionAncestorId":"D000009370",
                "ConditionAncestorTerm":"Neoplasms by Histologic Type"
              },{
                "ConditionAncestorId":"D000008232",
                "ConditionAncestorTerm":"Lymphoproliferative Disorders"
              },{
                "ConditionAncestorId":"D000008206",
                "ConditionAncestorTerm":"Lymphatic Diseases"
              },{
                "ConditionAncestorId":"D000007160",
                "ConditionAncestorTerm":"Immunoproliferative Disorders"
              },{
                "ConditionAncestorId":"D000007154",
                "ConditionAncestorTerm":"Immune System Diseases"
              },{
                "ConditionAncestorId":"D000004194",
                "ConditionAncestorTerm":"Disease"
              },{
                "ConditionAncestorId":"D000010335",
                "ConditionAncestorTerm":"Pathologic Processes"
              },{
                "ConditionAncestorId":"D000020141",
                "ConditionAncestorTerm":"Hemostatic Disorders"
              },{
                "ConditionAncestorId":"D000014652",
                "ConditionAncestorTerm":"Vascular Diseases"
              },{
                "ConditionAncestorId":"D000002318",
                "ConditionAncestorTerm":"Cardiovascular Diseases"
              },{
                "ConditionAncestorId":"D000010265",
                "ConditionAncestorTerm":"Paraproteinemias"
              },{
                "ConditionAncestorId":"D000001796",
                "ConditionAncestorTerm":"Blood Protein Disorders"
              },{
                "ConditionAncestorId":"D000006402",
                "ConditionAncestorTerm":"Hematologic Diseases"
              },{
                "ConditionAncestorId":"D000006474",
                "ConditionAncestorTerm":"Hemorrhagic Disorders"
              },{
                "ConditionAncestorId":"D000001855",
                "ConditionAncestorTerm":"Bone Marrow Diseases"
              },{
                "ConditionAncestorId":"D000011230",
                "ConditionAncestorTerm":"Precancerous Conditions"
              },{
                "ConditionAncestorId":"D000018241",
                "ConditionAncestorTerm":"Neuroectodermal Tumors, Primitive, Peripheral"
              },{
                "ConditionAncestorId":"D000018242",
                "ConditionAncestorTerm":"Neuroectodermal Tumors, Primitive"
              },{
                "ConditionAncestorId":"D000018302",
                "ConditionAncestorTerm":"Neoplasms, Neuroepithelial"
              },{
                "ConditionAncestorId":"D000017599",
                "ConditionAncestorTerm":"Neuroectodermal Tumors"
              },{
                "ConditionAncestorId":"D000009373",
                "ConditionAncestorTerm":"Neoplasms, Germ Cell and Embryonal"
              },{
                "ConditionAncestorId":"D000009375",
                "ConditionAncestorTerm":"Neoplasms, Glandular and Epithelial"
              },{
                "ConditionAncestorId":"D000009380",
                "ConditionAncestorTerm":"Neoplasms, Nerve Tissue"
              },{
                "ConditionAncestorId":"D000005759",
                "ConditionAncestorTerm":"Gastroenteritis"
              },{
                "ConditionAncestorId":"D000005767",
                "ConditionAncestorTerm":"Gastrointestinal Diseases"
              },{
                "ConditionAncestorId":"D000004066",
                "ConditionAncestorTerm":"Digestive System Diseases"
              },{
                "ConditionAncestorId":"D000009059",
                "ConditionAncestorTerm":"Mouth Diseases"
              },{
                "ConditionAncestorId":"D000009057",
                "ConditionAncestorTerm":"Stomatognathic Diseases"
              }
            ]
          },
          "ConditionBrowseLeafList":{
            "ConditionBrowseLeaf":[
              {
                "ConditionBrowseLeafId":"M9528",
                "ConditionBrowseLeafName":"Leukemia",
                "ConditionBrowseLeafAsFound":"Leukemia",
                "ConditionBrowseLeafRelevance":"high"
              },{
                "ConditionBrowseLeafId":"M9538",
                "ConditionBrowseLeafName":"Leukemia, Myeloid",
                "ConditionBrowseLeafRelevance":"low"
              },{
                "ConditionBrowseLeafId":"M16710",
                "ConditionBrowseLeafName":"Leukemia, Myeloid, Acute",
                "ConditionBrowseLeafRelevance":"low"
              },{
                "ConditionBrowseLeafId":"M11557",
                "ConditionBrowseLeafName":"Ovarian Neoplasms",
                "ConditionBrowseLeafRelevance":"low"
              },{
                "ConditionBrowseLeafId":"M9803",
                "ConditionBrowseLeafName":"Lymphoma",
                "ConditionBrowseLeafAsFound":"Lymphoma",
                "ConditionBrowseLeafRelevance":"high"
              },{
                "ConditionBrowseLeafId":"M9534",
                "ConditionBrowseLeafName":"Leukemia, Lymphoid",
                "ConditionBrowseLeafRelevance":"low"
              },{
                "ConditionBrowseLeafId":"M16699",
                "ConditionBrowseLeafName":"Leukemia, Lymphocytic, Chronic, B-Cell",
                "ConditionBrowseLeafRelevance":"low"
              },{
                "ConditionBrowseLeafId":"M10890",
                "ConditionBrowseLeafName":"Neoplasm Metastasis",
                "ConditionBrowseLeafRelevance":"low"
              },{
                "ConditionBrowseLeafId":"M14938",
                "ConditionBrowseLeafName":"Syndrome",
                "ConditionBrowseLeafAsFound":"Syndrome",
                "ConditionBrowseLeafRelevance":"high"
              },{
                "ConditionBrowseLeafId":"M10641",
                "ConditionBrowseLeafName":"Multiple Myeloma",
                "ConditionBrowseLeafAsFound":"Multiple Myeloma",
                "ConditionBrowseLeafRelevance":"high"
              },{
                "ConditionBrowseLeafId":"M4130",
                "ConditionBrowseLeafName":"Carcinoma, Renal Cell",
                "ConditionBrowseLeafRelevance":"low"
              },{
                "ConditionBrowseLeafId":"M1704",
                "ConditionBrowseLeafName":"Carcinoma, Ovarian Epithelial",
                "ConditionBrowseLeafRelevance":"low"
              },{
                "ConditionBrowseLeafId":"M13910",
                "ConditionBrowseLeafName":"Sarcoma",
                "ConditionBrowseLeafRelevance":"low"
              },{
                "ConditionBrowseLeafId":"M25542",
                "ConditionBrowseLeafName":"Mucositis",
                "ConditionBrowseLeafAsFound":"Mucositis",
                "ConditionBrowseLeafRelevance":"high"
              },{
                "ConditionBrowseLeafId":"M26172",
                "ConditionBrowseLeafName":"Precursor Cell Lymphoblastic Leukemia-Lymphoma",
                "ConditionBrowseLeafRelevance":"low"
              },{
                "ConditionBrowseLeafId":"M14653",
                "ConditionBrowseLeafName":"Stomatitis",
                "ConditionBrowseLeafRelevance":"low"
              },{
                "ConditionBrowseLeafId":"M26175",
                "ConditionBrowseLeafName":"Neoplasms, Plasma Cell",
                "ConditionBrowseLeafAsFound":"Plasma Cell Neoplasm",
                "ConditionBrowseLeafRelevance":"high"
              },{
                "ConditionBrowseLeafId":"M10732",
                "ConditionBrowseLeafName":"Myeloproliferative Disorders",
                "ConditionBrowseLeafAsFound":"Myeloproliferative Disorders",
                "ConditionBrowseLeafRelevance":"high"
              },{
                "ConditionBrowseLeafId":"M8334",
                "ConditionBrowseLeafName":"Hodgkin Disease",
                "ConditionBrowseLeafRelevance":"low"
              },{
                "ConditionBrowseLeafId":"M12747",
                "ConditionBrowseLeafName":"Preleukemia",
                "ConditionBrowseLeafAsFound":"Myelodysplastic Syndrome",
                "ConditionBrowseLeafRelevance":"high"
              },{
                "ConditionBrowseLeafId":"M10728",
                "ConditionBrowseLeafName":"Myelodysplastic Syndromes",
                "ConditionBrowseLeafAsFound":"Myelodysplastic Syndrome",
                "ConditionBrowseLeafRelevance":"high"
              },{
                "ConditionBrowseLeafId":"M10974",
                "ConditionBrowseLeafName":"Neuroblastoma",
                "ConditionBrowseLeafAsFound":"Neuroblastoma",
                "ConditionBrowseLeafRelevance":"high"
              },{
                "ConditionBrowseLeafId":"M16706",
                "ConditionBrowseLeafName":"Leukemia, Myelogenous, Chronic, BCR-ABL Positive",
                "ConditionBrowseLeafRelevance":"low"
              },{
                "ConditionBrowseLeafId":"M16708",
                "ConditionBrowseLeafName":"Leukemia, Myeloid, Chronic-Phase",
                "ConditionBrowseLeafRelevance":"low"
              },{
                "ConditionBrowseLeafId":"M11649",
                "ConditionBrowseLeafName":"Pain",
                "ConditionBrowseLeafRelevance":"low"
              },{
                "ConditionBrowseLeafId":"M9286",
                "ConditionBrowseLeafName":"Kidney Neoplasms",
                "ConditionBrowseLeafRelevance":"low"
              },{
                "ConditionBrowseLeafId":"M26899",
                "ConditionBrowseLeafName":"Primary Myelofibrosis",
                "ConditionBrowseLeafRelevance":"low"
              },{
                "ConditionBrowseLeafId":"M9533",
                "ConditionBrowseLeafName":"Leukemia, Hairy Cell",
                "ConditionBrowseLeafRelevance":"low"
              },{
                "ConditionBrowseLeafId":"M10924",
                "ConditionBrowseLeafName":"Wilms Tumor",
                "ConditionBrowseLeafRelevance":"low"
              },{
                "ConditionBrowseLeafId":"M16713",
                "ConditionBrowseLeafName":"Leukemia, Promyelocytic, Acute",
                "ConditionBrowseLeafRelevance":"low"
              },{
                "ConditionBrowseLeafId":"M13620",
                "ConditionBrowseLeafName":"Rhabdomyosarcoma",
                "ConditionBrowseLeafRelevance":"low"
              },{
                "ConditionBrowseLeafId":"M12427",
                "ConditionBrowseLeafName":"Plasmacytoma",
                "ConditionBrowseLeafRelevance":"low"
              },{
                "ConditionBrowseLeafId":"M3615",
                "ConditionBrowseLeafName":"Blast Crisis",
                "ConditionBrowseLeafRelevance":"low"
              },{
                "ConditionBrowseLeafId":"M16707",
                "ConditionBrowseLeafName":"Leukemia, Myeloid, Accelerated Phase",
                "ConditionBrowseLeafRelevance":"low"
              },{
                "ConditionBrowseLeafId":"M26294",
                "ConditionBrowseLeafName":"Myelodysplastic-Myeloproliferative Diseases",
                "ConditionBrowseLeafAsFound":"Myelodysplastic/myeloproliferative neoplasm",
                "ConditionBrowseLeafRelevance":"high"
              },{
                "ConditionBrowseLeafId":"M10898",
                "ConditionBrowseLeafName":"Neoplasms by Histologic Type",
                "ConditionBrowseLeafRelevance":"low"
              },{
                "ConditionBrowseLeafId":"M9808",
                "ConditionBrowseLeafName":"Lymphoproliferative Disorders",
                "ConditionBrowseLeafRelevance":"low"
              },{
                "ConditionBrowseLeafId":"M9786",
                "ConditionBrowseLeafName":"Lymphatic Diseases",
                "ConditionBrowseLeafRelevance":"low"
              },{
                "ConditionBrowseLeafId":"M8789",
                "ConditionBrowseLeafName":"Immunoproliferative Disorders",
                "ConditionBrowseLeafRelevance":"low"
              },{
                "ConditionBrowseLeafId":"M8783",
                "ConditionBrowseLeafName":"Immune System Diseases",
                "ConditionBrowseLeafRelevance":"low"
              },{
                "ConditionBrowseLeafId":"M20561",
                "ConditionBrowseLeafName":"Hemostatic Disorders",
                "ConditionBrowseLeafRelevance":"low"
              },{
                "ConditionBrowseLeafId":"M3641",
                "ConditionBrowseLeafName":"Blood Coagulation Disorders",
                "ConditionBrowseLeafRelevance":"low"
              },{
                "ConditionBrowseLeafId":"M15983",
                "ConditionBrowseLeafName":"Vascular Diseases",
                "ConditionBrowseLeafRelevance":"low"
              },{
                "ConditionBrowseLeafId":"M11761",
                "ConditionBrowseLeafName":"Paraproteinemias",
                "ConditionBrowseLeafRelevance":"low"
              },{
                "ConditionBrowseLeafId":"M3659",
                "ConditionBrowseLeafName":"Blood Protein Disorders",
                "ConditionBrowseLeafRelevance":"low"
              },{
                "ConditionBrowseLeafId":"M8073",
                "ConditionBrowseLeafName":"Hematologic Diseases",
                "ConditionBrowseLeafRelevance":"low"
              },{
                "ConditionBrowseLeafId":"M8143",
                "ConditionBrowseLeafName":"Hemorrhagic Disorders",
                "ConditionBrowseLeafRelevance":"low"
              },{
                "ConditionBrowseLeafId":"M3716",
                "ConditionBrowseLeafName":"Bone Marrow Diseases",
                "ConditionBrowseLeafRelevance":"low"
              },{
                "ConditionBrowseLeafId":"M12694",
                "ConditionBrowseLeafName":"Precancerous Conditions",
                "ConditionBrowseLeafRelevance":"low"
              },{
                "ConditionBrowseLeafId":"M18428",
                "ConditionBrowseLeafName":"Neuroectodermal Tumors",
                "ConditionBrowseLeafRelevance":"low"
              },{
                "ConditionBrowseLeafId":"M18971",
                "ConditionBrowseLeafName":"Neuroectodermal Tumors, Primitive",
                "ConditionBrowseLeafRelevance":"low"
              },{
                "ConditionBrowseLeafId":"M18970",
                "ConditionBrowseLeafName":"Neuroectodermal Tumors, Primitive, Peripheral",
                "ConditionBrowseLeafRelevance":"low"
              },{
                "ConditionBrowseLeafId":"M19030",
                "ConditionBrowseLeafName":"Neoplasms, Neuroepithelial",
                "ConditionBrowseLeafRelevance":"low"
              },{
                "ConditionBrowseLeafId":"M10901",
                "ConditionBrowseLeafName":"Neoplasms, Germ Cell and Embryonal",
                "ConditionBrowseLeafRelevance":"low"
              },{
                "ConditionBrowseLeafId":"M10903",
                "ConditionBrowseLeafName":"Neoplasms, Glandular and Epithelial",
                "ConditionBrowseLeafRelevance":"low"
              },{
                "ConditionBrowseLeafId":"M10908",
                "ConditionBrowseLeafName":"Neoplasms, Nerve Tissue",
                "ConditionBrowseLeafRelevance":"low"
              },{
                "ConditionBrowseLeafId":"M7458",
                "ConditionBrowseLeafName":"Gastroenteritis",
                "ConditionBrowseLeafRelevance":"low"
              },{
                "ConditionBrowseLeafId":"M5838",
                "ConditionBrowseLeafName":"Digestive System Diseases",
                "ConditionBrowseLeafRelevance":"low"
              },{
                "ConditionBrowseLeafId":"M7466",
                "ConditionBrowseLeafName":"Gastrointestinal Diseases",
                "ConditionBrowseLeafRelevance":"low"
              },{
                "ConditionBrowseLeafId":"M10602",
                "ConditionBrowseLeafName":"Mouth Diseases",
                "ConditionBrowseLeafRelevance":"low"
              },{
                "ConditionBrowseLeafId":"M10600",
                "ConditionBrowseLeafName":"Stomatognathic Diseases",
                "ConditionBrowseLeafRelevance":"low"
              },{
                "ConditionBrowseLeafId":"T3995",
                "ConditionBrowseLeafName":"Myeloid Leukemia",
                "ConditionBrowseLeafRelevance":"low"
              },{
                "ConditionBrowseLeafId":"T182",
                "ConditionBrowseLeafName":"Acute Myeloid Leukemia",
                "ConditionBrowseLeafRelevance":"low"
              },{
                "ConditionBrowseLeafId":"T188",
                "ConditionBrowseLeafName":"Acute Non Lymphoblastic Leukemia",
                "ConditionBrowseLeafRelevance":"low"
              },{
                "ConditionBrowseLeafId":"T4352",
                "ConditionBrowseLeafName":"Ovarian Cancer",
                "ConditionBrowseLeafAsFound":"Ovarian Cancer",
                "ConditionBrowseLeafRelevance":"high"
              },{
                "ConditionBrowseLeafId":"T3543",
                "ConditionBrowseLeafName":"Lymphosarcoma",
                "ConditionBrowseLeafRelevance":"low"
              },{
                "ConditionBrowseLeafId":"T1308",
                "ConditionBrowseLeafName":"Chronic Lymphocytic Leukemia",
                "ConditionBrowseLeafRelevance":"low"
              },{
                "ConditionBrowseLeafId":"T3947",
                "ConditionBrowseLeafName":"Multiple Myeloma",
                "ConditionBrowseLeafAsFound":"Multiple Myeloma",
                "ConditionBrowseLeafRelevance":"high"
              },{
                "ConditionBrowseLeafId":"T4906",
                "ConditionBrowseLeafName":"Renal Cell Carcinoma",
                "ConditionBrowseLeafRelevance":"low"
              },{
                "ConditionBrowseLeafId":"T1134",
                "ConditionBrowseLeafName":"Childhood Acute Lymphoblastic Leukemia",
                "ConditionBrowseLeafRelevance":"low"
              },{
                "ConditionBrowseLeafId":"T4354",
                "ConditionBrowseLeafName":"Ovarian Epithelial Cancer",
                "ConditionBrowseLeafRelevance":"low"
              },{
                "ConditionBrowseLeafId":"T5284",
                "ConditionBrowseLeafName":"Soft Tissue Sarcoma",
                "ConditionBrowseLeafRelevance":"low"
              },{
                "ConditionBrowseLeafId":"T175",
                "ConditionBrowseLeafName":"Acute Lymphoblastic Leukemia",
                "ConditionBrowseLeafRelevance":"low"
              },{
                "ConditionBrowseLeafId":"T3533",
                "ConditionBrowseLeafName":"Lymphoblastic Lymphoma",
                "ConditionBrowseLeafRelevance":"low"
              },{
                "ConditionBrowseLeafId":"T1311",
                "ConditionBrowseLeafName":"Chronic Myeloproliferative Disorders",
                "ConditionBrowseLeafAsFound":"Chronic Myeloproliferative Disorders",
                "ConditionBrowseLeafRelevance":"high"
              },{
                "ConditionBrowseLeafId":"T2817",
                "ConditionBrowseLeafName":"Hodgkin Lymphoma",
                "ConditionBrowseLeafRelevance":"low"
              },{
                "ConditionBrowseLeafId":"T3993",
                "ConditionBrowseLeafName":"Myelodysplastic Syndromes",
                "ConditionBrowseLeafAsFound":"Myelodysplastic Syndrome",
                "ConditionBrowseLeafRelevance":"high"
              },{
                "ConditionBrowseLeafId":"T4085",
                "ConditionBrowseLeafName":"Neuroblastoma",
                "ConditionBrowseLeafAsFound":"Neuroblastoma",
                "ConditionBrowseLeafRelevance":"high"
              },{
                "ConditionBrowseLeafId":"T1309",
                "ConditionBrowseLeafName":"Chronic Myeloid Leukemia",
                "ConditionBrowseLeafRelevance":"low"
              },{
                "ConditionBrowseLeafId":"T4705",
                "ConditionBrowseLeafName":"Primary Myelofibrosis",
                "ConditionBrowseLeafRelevance":"low"
              },{
                "ConditionBrowseLeafId":"T2650",
                "ConditionBrowseLeafName":"Hairy Cell Leukemia",
                "ConditionBrowseLeafRelevance":"low"
              },{
                "ConditionBrowseLeafId":"T5932",
                "ConditionBrowseLeafName":"Wilms' Tumor",
                "ConditionBrowseLeafRelevance":"low"
              },{
                "ConditionBrowseLeafId":"T2475",
                "ConditionBrowseLeafName":"Germ Cells Tumors",
                "ConditionBrowseLeafRelevance":"low"
              },{
                "ConditionBrowseLeafId":"T4355",
                "ConditionBrowseLeafName":"Ovarian Germ Cell Tumor",
                "ConditionBrowseLeafRelevance":"low"
              },{
                "ConditionBrowseLeafId":"T191",
                "ConditionBrowseLeafName":"Acute Promyelocytic Leukemia",
                "ConditionBrowseLeafRelevance":"low"
              },{
                "ConditionBrowseLeafId":"T3994",
                "ConditionBrowseLeafName":"Myelodysplastic/myeloproliferative Disease",
                "ConditionBrowseLeafAsFound":"Myelodysplastic/myeloproliferative neoplasm",
                "ConditionBrowseLeafRelevance":"high"
              },{
                "ConditionBrowseLeafId":"T4587",
                "ConditionBrowseLeafName":"Plasmacytoma",
                "ConditionBrowseLeafRelevance":"low"
              },{
                "ConditionBrowseLeafId":"T4092",
                "ConditionBrowseLeafName":"Neuroepithelioma",
                "ConditionBrowseLeafRelevance":"low"
              }
            ]
          },
          "ConditionBrowseBranchList":{
            "ConditionBrowseBranch":[
              {
                "ConditionBrowseBranchAbbrev":"BC04",
                "ConditionBrowseBranchName":"Cancers and Other Neoplasms"
              },{
                "ConditionBrowseBranchAbbrev":"All",
                "ConditionBrowseBranchName":"All Conditions"
              },{
                "ConditionBrowseBranchAbbrev":"BXS",
                "ConditionBrowseBranchName":"Urinary Tract, Sexual Organs, and Pregnancy Conditions"
              },{
                "ConditionBrowseBranchAbbrev":"BC19",
                "ConditionBrowseBranchName":"Gland and Hormone Related Diseases"
              },{
                "ConditionBrowseBranchAbbrev":"BC15",
                "ConditionBrowseBranchName":"Blood and Lymph Conditions"
              },{
                "ConditionBrowseBranchAbbrev":"BC20",
                "ConditionBrowseBranchName":"Immune System Diseases"
              },{
                "ConditionBrowseBranchAbbrev":"BC23",
                "ConditionBrowseBranchName":"Symptoms and General Pathology"
              },{
                "ConditionBrowseBranchAbbrev":"BC14",
                "ConditionBrowseBranchName":"Heart and Blood Diseases"
              },{
                "ConditionBrowseBranchAbbrev":"BC06",
                "ConditionBrowseBranchName":"Digestive System Diseases"
              },{
                "ConditionBrowseBranchAbbrev":"BC07",
                "ConditionBrowseBranchName":"Mouth and Tooth Diseases"
              },{
                "ConditionBrowseBranchAbbrev":"BC16",
                "ConditionBrowseBranchName":"Diseases and Abnormalities at or Before Birth"
              },{
                "ConditionBrowseBranchAbbrev":"Rare",
                "ConditionBrowseBranchName":"Rare Diseases"
              }
            ]
          }
        }
      }
    }
  }
}

