{
  "FullStudy":{
    "Rank":366812,
    "Study":{
      "ProtocolSection":{
        "IdentificationModule":{
          "NCTId":"NCT00039936",
          "OrgStudyIdInfo":{
            "OrgStudyId":"JMitchell (completed)"
          },
          "Organization":{
            "OrgFullName":"National Institute of Diabetes and Digestive and Kidney Diseases (NIDDK)",
            "OrgClass":"NIH"
          },
          "BriefTitle":"Treatment of Binge Eating Disorder"
        },
        "StatusModule":{
          "StatusVerifiedDate":"January 2010",
          "OverallStatus":"Completed",
          "ExpandedAccessInfo":{
            "HasExpandedAccess":"No"
          },
          "StartDateStruct":{
            "StartDate":"February 2002"
          },
          "StudyFirstSubmitDate":"June 17, 2002",
          "StudyFirstSubmitQCDate":"June 18, 2002",
          "StudyFirstPostDateStruct":{
            "StudyFirstPostDate":"June 19, 2002",
            "StudyFirstPostDateType":"Estimate"
          },
          "LastUpdateSubmitDate":"January 12, 2010",
          "LastUpdatePostDateStruct":{
            "LastUpdatePostDate":"January 13, 2010",
            "LastUpdatePostDateType":"Estimate"
          }
        },
        "SponsorCollaboratorsModule":{
          "LeadSponsor":{
            "LeadSponsorName":"National Institute of Diabetes and Digestive and Kidney Diseases (NIDDK)",
            "LeadSponsorClass":"NIH"
          }
        },
        "OversightModule":{},
        "DescriptionModule":{
          "BriefSummary":"This is a multicenter (2 sites) randomized trial evaluating three group treatment models for subjects with binge eating disorder. One model is a cognitive behavior treatment (CBT) group, one is partial self help, and one is self help only."
        },
        "ConditionsModule":{
          "ConditionList":{
            "Condition":[
              "Bulimia",
              "Obesity"
            ]
          },
          "KeywordList":{
            "Keyword":[
              "Binge Eating",
              "Obesity",
              "Cognitive",
              "Behavior"
            ]
          }
        },
        "DesignModule":{
          "StudyType":"Interventional",
          "PhaseList":{
            "Phase":[
              "Not Applicable"
            ]
          },
          "DesignInfo":{
            "DesignAllocation":"Randomized",
            "DesignInterventionModel":"Parallel Assignment",
            "DesignPrimaryPurpose":"Treatment",
            "DesignMaskingInfo":{
              "DesignMasking":"None (Open Label)"
            }
          },
          "EnrollmentInfo":{
            "EnrollmentCount":"180"
          }
        },
        "ArmsInterventionsModule":{
          "InterventionList":{
            "Intervention":[
              {
                "InterventionType":"Behavioral",
                "InterventionName":"Cognitive Behavior Treatment"
              },{
                "InterventionType":"Behavioral",
                "InterventionName":"Self Help"
              },{
                "InterventionType":"Behavioral",
                "InterventionName":"Partial Self Help"
              }
            ]
          }
        },
        "EligibilityModule":{
          "EligibilityCriteria":"Meet binge eating disorder (BED) Criteria\nNot psychotic\nNot in other treatment",
          "HealthyVolunteers":"No",
          "Gender":"All",
          "MinimumAge":"18 Years",
          "StdAgeList":{
            "StdAge":[
              "Adult",
              "Older Adult"
            ]
          }
        },
        "ContactsLocationsModule":{
          "LocationList":{
            "Location":[
              {
                "LocationFacility":"NRI",
                "LocationCity":"Fargo",
                "LocationState":"North Dakota",
                "LocationZip":"58102",
                "LocationCountry":"United States"
              }
            ]
          }
        },
        "ReferencesModule":{
          "SeeAlsoLinkList":{
            "SeeAlsoLink":[
              {
                "SeeAlsoLinkLabel":"Host Institution",
                "SeeAlsoLinkURL":"http://www.nrifargo.com"
              }
            ]
          }
        }
      },
      "DerivedSection":{
        "MiscInfoModule":{
          "VersionHolder":"April 19, 2021"
        },
        "ConditionBrowseModule":{
          "ConditionMeshList":{
            "ConditionMesh":[
              {
                "ConditionMeshId":"D000002032",
                "ConditionMeshTerm":"Bulimia"
              }
            ]
          },
          "ConditionAncestorList":{
            "ConditionAncestor":[
              {
                "ConditionAncestorId":"D000006963",
                "ConditionAncestorTerm":"Hyperphagia"
              },{
                "ConditionAncestorId":"D000012817",
                "ConditionAncestorTerm":"Signs and Symptoms, Digestive"
              }
            ]
          },
          "ConditionBrowseLeafList":{
            "ConditionBrowseLeaf":[
              {
                "ConditionBrowseLeafId":"M11284",
                "ConditionBrowseLeafName":"Obesity",
                "ConditionBrowseLeafRelevance":"low"
              },{
                "ConditionBrowseLeafId":"M3886",
                "ConditionBrowseLeafName":"Bulimia",
                "ConditionBrowseLeafAsFound":"Bulimia",
                "ConditionBrowseLeafRelevance":"high"
              },{
                "ConditionBrowseLeafId":"M27228",
                "ConditionBrowseLeafName":"Binge-Eating Disorder",
                "ConditionBrowseLeafRelevance":"low"
              },{
                "ConditionBrowseLeafId":"M25543",
                "ConditionBrowseLeafName":"Bulimia Nervosa",
                "ConditionBrowseLeafRelevance":"low"
              },{
                "ConditionBrowseLeafId":"M8597",
                "ConditionBrowseLeafName":"Hyperphagia",
                "ConditionBrowseLeafRelevance":"low"
              },{
                "ConditionBrowseLeafId":"M14205",
                "ConditionBrowseLeafName":"Signs and Symptoms, Digestive",
                "ConditionBrowseLeafRelevance":"low"
              }
            ]
          },
          "ConditionBrowseBranchList":{
            "ConditionBrowseBranch":[
              {
                "ConditionBrowseBranchAbbrev":"BC18",
                "ConditionBrowseBranchName":"Nutritional and Metabolic Diseases"
              },{
                "ConditionBrowseBranchAbbrev":"BC23",
                "ConditionBrowseBranchName":"Symptoms and General Pathology"
              },{
                "ConditionBrowseBranchAbbrev":"All",
                "ConditionBrowseBranchName":"All Conditions"
              },{
                "ConditionBrowseBranchAbbrev":"BXM",
                "ConditionBrowseBranchName":"Behaviors and Mental Disorders"
              }
            ]
          }
        }
      }
    }
  }
}

