{
  "FullStudy":{
    "Rank":366881,
    "Study":{
      "ProtocolSection":{
        "IdentificationModule":{
          "NCTId":"NCT00038896",
          "OrgStudyIdInfo":{
            "OrgStudyId":"0600B5-353"
          },
          "Organization":{
            "OrgFullName":"Wyeth is now a wholly owned subsidiary of Pfizer",
            "OrgClass":"INDUSTRY"
          },
          "BriefTitle":"Study Evaluating Venlafaxine ER in Adults With Panic Disorder",
          "OfficialTitle":"A Double-blind, Placebo-controlled, Parallel-group, Flexible-dose Study of Venlafaxine Extended-release Capsules in Adult Outpatients With Panic Disorder"
        },
        "StatusModule":{
          "StatusVerifiedDate":"August 2009",
          "OverallStatus":"Completed",
          "StartDateStruct":{
            "StartDate":"April 2001"
          },
          "PrimaryCompletionDateStruct":{
            "PrimaryCompletionDate":"December 2002",
            "PrimaryCompletionDateType":"Actual"
          },
          "CompletionDateStruct":{
            "CompletionDate":"December 2002",
            "CompletionDateType":"Actual"
          },
          "StudyFirstSubmitDate":"June 5, 2002",
          "StudyFirstSubmitQCDate":"June 6, 2002",
          "StudyFirstPostDateStruct":{
            "StudyFirstPostDate":"June 7, 2002",
            "StudyFirstPostDateType":"Estimate"
          },
          "LastUpdateSubmitDate":"August 13, 2009",
          "LastUpdatePostDateStruct":{
            "LastUpdatePostDate":"August 14, 2009",
            "LastUpdatePostDateType":"Estimate"
          }
        },
        "SponsorCollaboratorsModule":{
          "LeadSponsor":{
            "LeadSponsorName":"Wyeth is now a wholly owned subsidiary of Pfizer",
            "LeadSponsorClass":"INDUSTRY"
          }
        },
        "OversightModule":{},
        "DescriptionModule":{
          "BriefSummary":"The primary objective of this study is to determine the efficacy, safety, and tolerability of a flexible dose of venlafaxine extended-release (ER) capsules administered for 10 weeks in the treatment of adult outpatients with panic disorder (PD) in a placebo-controlled phase III study."
        },
        "ConditionsModule":{
          "ConditionList":{
            "Condition":[
              "Panic Disorder"
            ]
          },
          "KeywordList":{
            "Keyword":[
              "Panic",
              "Disorder"
            ]
          }
        },
        "DesignModule":{
          "StudyType":"Interventional",
          "PhaseList":{
            "Phase":[
              "Phase 3"
            ]
          },
          "DesignInfo":{
            "DesignPrimaryPurpose":"Treatment"
          },
          "EnrollmentInfo":{
            "EnrollmentCount":"343",
            "EnrollmentType":"Actual"
          }
        },
        "ArmsInterventionsModule":{
          "InterventionList":{
            "Intervention":[
              {
                "InterventionType":"Drug",
                "InterventionName":"Venlafaxine ER"
              }
            ]
          }
        },
        "EligibilityModule":{
          "EligibilityCriteria":"Inclusion Criteria:\n\nA male or female outpatient\nBe at least 18 years of age and legal age of consent\nMeet DSM-IV criteria for PD (with or without agoraphobia) for at least 3 months before study day 1\n\nExclusion Criteria:\n\nTreatment with venlafaxine (IR or ER) within 6 months of study day 1\nKnown hypersensitivity to venlafaxine (IR or ER) or related compounds\nHistory or presence of any clinically important hepatic, renal, or other medical disease that might compromise the study or be detrimental to the patient (eg, clinically important cardiac arrhythmia, unstable diabetes, carcinoma [except basal cell epithelioma], uncontrolled hypertension)",
          "HealthyVolunteers":"No",
          "Gender":"All",
          "MinimumAge":"18 Years",
          "StdAgeList":{
            "StdAge":[
              "Adult",
              "Older Adult"
            ]
          }
        },
        "ContactsLocationsModule":{
          "OverallOfficialList":{
            "OverallOfficial":[
              {
                "OverallOfficialName":"Medical Monitor",
                "OverallOfficialAffiliation":"Wyeth is now a wholly owned subsidiary of Pfizer",
                "OverallOfficialRole":"Study Director"
              }
            ]
          }
        },
        "ReferencesModule":{
          "ReferenceList":{
            "Reference":[
              {
                "ReferencePMID":"19358784",
                "ReferenceType":"derived",
                "ReferenceCitation":"Liebowitz MR, Asnis G, Mangano R, Tzanis E. A double-blind, placebo-controlled, parallel-group, flexible-dose study of venlafaxine extended release capsules in adult outpatients with panic disorder. J Clin Psychiatry. 2009 Apr;70(4):550-61. Epub 2009 Apr 7."
              }
            ]
          }
        }
      },
      "DerivedSection":{
        "MiscInfoModule":{
          "VersionHolder":"April 19, 2021",
          "RemovedCountryList":{
            "RemovedCountry":[
              "Canada",
              "United States"
            ]
          }
        },
        "ConditionBrowseModule":{
          "ConditionMeshList":{
            "ConditionMesh":[
              {
                "ConditionMeshId":"D000004194",
                "ConditionMeshTerm":"Disease"
              },{
                "ConditionMeshId":"D000016584",
                "ConditionMeshTerm":"Panic Disorder"
              }
            ]
          },
          "ConditionAncestorList":{
            "ConditionAncestor":[
              {
                "ConditionAncestorId":"D000010335",
                "ConditionAncestorTerm":"Pathologic Processes"
              },{
                "ConditionAncestorId":"D000001008",
                "ConditionAncestorTerm":"Anxiety Disorders"
              },{
                "ConditionAncestorId":"D000001523",
                "ConditionAncestorTerm":"Mental Disorders"
              }
            ]
          },
          "ConditionBrowseLeafList":{
            "ConditionBrowseLeaf":[
              {
                "ConditionBrowseLeafId":"M17553",
                "ConditionBrowseLeafName":"Panic Disorder",
                "ConditionBrowseLeafAsFound":"Panic Disorder",
                "ConditionBrowseLeafRelevance":"high"
              },{
                "ConditionBrowseLeafId":"M2905",
                "ConditionBrowseLeafName":"Anxiety Disorders",
                "ConditionBrowseLeafRelevance":"low"
              },{
                "ConditionBrowseLeafId":"M3396",
                "ConditionBrowseLeafName":"Mental Disorders",
                "ConditionBrowseLeafRelevance":"low"
              },{
                "ConditionBrowseLeafId":"M13056",
                "ConditionBrowseLeafName":"Psychotic Disorders",
                "ConditionBrowseLeafRelevance":"low"
              }
            ]
          },
          "ConditionBrowseBranchList":{
            "ConditionBrowseBranch":[
              {
                "ConditionBrowseBranchAbbrev":"BXM",
                "ConditionBrowseBranchName":"Behaviors and Mental Disorders"
              },{
                "ConditionBrowseBranchAbbrev":"All",
                "ConditionBrowseBranchName":"All Conditions"
              }
            ]
          }
        },
        "InterventionBrowseModule":{
          "InterventionMeshList":{
            "InterventionMesh":[
              {
                "InterventionMeshId":"D000069470",
                "InterventionMeshTerm":"Venlafaxine Hydrochloride"
              }
            ]
          },
          "InterventionAncestorList":{
            "InterventionAncestor":[
              {
                "InterventionAncestorId":"D000068760",
                "InterventionAncestorTerm":"Serotonin and Noradrenaline Reuptake Inhibitors"
              },{
                "InterventionAncestorId":"D000014179",
                "InterventionAncestorTerm":"Neurotransmitter Uptake Inhibitors"
              },{
                "InterventionAncestorId":"D000049990",
                "InterventionAncestorTerm":"Membrane Transport Modulators"
              },{
                "InterventionAncestorId":"D000045504",
                "InterventionAncestorTerm":"Molecular Mechanisms of Pharmacological Action"
              },{
                "InterventionAncestorId":"D000018377",
                "InterventionAncestorTerm":"Neurotransmitter Agents"
              },{
                "InterventionAncestorId":"D000045505",
                "InterventionAncestorTerm":"Physiological Effects of Drugs"
              },{
                "InterventionAncestorId":"D000018687",
                "InterventionAncestorTerm":"Antidepressive Agents, Second-Generation"
              },{
                "InterventionAncestorId":"D000000928",
                "InterventionAncestorTerm":"Antidepressive Agents"
              },{
                "InterventionAncestorId":"D000011619",
                "InterventionAncestorTerm":"Psychotropic Drugs"
              }
            ]
          },
          "InterventionBrowseLeafList":{
            "InterventionBrowseLeaf":[
              {
                "InterventionBrowseLeafId":"M439",
                "InterventionBrowseLeafName":"Venlafaxine Hydrochloride",
                "InterventionBrowseLeafAsFound":"Days per",
                "InterventionBrowseLeafRelevance":"high"
              },{
                "InterventionBrowseLeafId":"M11158",
                "InterventionBrowseLeafName":"Norepinephrine",
                "InterventionBrowseLeafRelevance":"low"
              },{
                "InterventionBrowseLeafId":"M14095",
                "InterventionBrowseLeafName":"Serotonin",
                "InterventionBrowseLeafRelevance":"low"
              },{
                "InterventionBrowseLeafId":"M305",
                "InterventionBrowseLeafName":"Serotonin and Noradrenaline Reuptake Inhibitors",
                "InterventionBrowseLeafRelevance":"low"
              },{
                "InterventionBrowseLeafId":"M19088",
                "InterventionBrowseLeafName":"Neurotransmitter Agents",
                "InterventionBrowseLeafRelevance":"low"
              },{
                "InterventionBrowseLeafId":"M2828",
                "InterventionBrowseLeafName":"Antidepressive Agents",
                "InterventionBrowseLeafRelevance":"low"
              },{
                "InterventionBrowseLeafId":"M13057",
                "InterventionBrowseLeafName":"Psychotropic Drugs",
                "InterventionBrowseLeafRelevance":"low"
              }
            ]
          },
          "InterventionBrowseBranchList":{
            "InterventionBrowseBranch":[
              {
                "InterventionBrowseBranchAbbrev":"PsychDr",
                "InterventionBrowseBranchName":"Psychotropic Drugs"
              },{
                "InterventionBrowseBranchAbbrev":"All",
                "InterventionBrowseBranchName":"All Drugs and Chemicals"
              },{
                "InterventionBrowseBranchAbbrev":"VaCoAg",
                "InterventionBrowseBranchName":"Vasoconstrictor Agents"
              }
            ]
          }
        }
      }
    }
  }
}

