{
  "FullStudy":{
    "Rank":367110,
    "Study":{
      "ProtocolSection":{
        "IdentificationModule":{
          "NCTId":"NCT00035763",
          "OrgStudyIdInfo":{
            "OrgStudyId":"1105"
          },
          "SecondaryIdInfoList":{
            "SecondaryIdInfo":[
              {
                "SecondaryId":"R01HL064122",
                "SecondaryIdType":"U.S. NIH Grant/Contract",
                "SecondaryIdLink":"https://projectreporter.nih.gov/reporterapi.cfm?PROJECTNUM=R01HL064122&Fy=all"
              }
            ]
          },
          "Organization":{
            "OrgFullName":"Virginia Commonwealth University",
            "OrgClass":"OTHER"
          },
          "BriefTitle":"Pain in Sickle Cell Epidemiologic Study",
          "OfficialTitle":"Pain in Sickle Cell Epidemiologic Study"
        },
        "StatusModule":{
          "StatusVerifiedDate":"January 2008",
          "OverallStatus":"Completed",
          "ExpandedAccessInfo":{
            "HasExpandedAccess":"No"
          },
          "StartDateStruct":{
            "StartDate":"October 2001"
          },
          "PrimaryCompletionDateStruct":{
            "PrimaryCompletionDate":"August 2006",
            "PrimaryCompletionDateType":"Actual"
          },
          "CompletionDateStruct":{
            "CompletionDate":"August 2006",
            "CompletionDateType":"Actual"
          },
          "StudyFirstSubmitDate":"May 4, 2002",
          "StudyFirstSubmitQCDate":"May 4, 2002",
          "StudyFirstPostDateStruct":{
            "StudyFirstPostDate":"May 6, 2002",
            "StudyFirstPostDateType":"Estimate"
          },
          "LastUpdateSubmitDate":"March 23, 2016",
          "LastUpdatePostDateStruct":{
            "LastUpdatePostDate":"March 24, 2016",
            "LastUpdatePostDateType":"Estimate"
          }
        },
        "SponsorCollaboratorsModule":{
          "LeadSponsor":{
            "LeadSponsorName":"Virginia Commonwealth University",
            "LeadSponsorClass":"OTHER"
          },
          "CollaboratorList":{
            "Collaborator":[
              {
                "CollaboratorName":"National Heart, Lung, and Blood Institute (NHLBI)",
                "CollaboratorClass":"NIH"
              }
            ]
          }
        },
        "DescriptionModule":{
          "BriefSummary":"To measure the variability in pain and response to pain in sickle cell disease, and to build multivariate models to explain both patients' pain and their response to pain, especially, utilization of health care.",
          "DetailedDescription":"BACKGROUND:\n\nPain in sickle cell disease is poorly recognized, measured, and treated. Although painful episodes are the most common reason sickle cell patients seek care, studies have seldom directly measured pain in detail. In studies to date, biological and demographic variables alone only partly explain the observed variance in painful episode frequency. Further, little is known about differences in pain responses including home management versus health care utilization.\n\nDESIGN NARRATIVE:\n\nThis cohort study is measuring the variability in pain and response to pain in sickle cell disease, and building multivariate models to explain both patients' pain and their response to pain, especially, utilization of health care. The models' outcome variables include mean pain, painful episodes, and various types of utilization episodes, including non-narcotic analgesic use, narcotic use, office visits, emergency department (ED visits, and hospitalization. An additional outcome is the percentage of each patient's painful episodes that result in various types of utilization. Outcomes will be operationalized using daily pain diaries collected over six months. Reflecting on the prior 24 hours, patients will recall on an ordinal (0-9) scale maximum pain, distress, and disability, judge whether they were in a \"crisis,\" and note pain locations and their various types of utilization. Daily pain intensity ratings will be transformed into pain episode counts using a formulaic threshold for a painful episode. The formula calculates each patient's threshold individually, based on his/her pain ratings. The models will measure the effect of several classes of explanatory variables (demographic, disease-related, psycho social, and readiness to utilize care), operationalized using primary data and validated instruments.\n\nPatients will be recruited from the central and Tidewater regions of Virginia, will undergo an initial survey battery, chart review, and a brief final survey, venipuncture and urine sampling, and complete pain diaries daily for six months. This study will advance knowledge of the etiology and influences on pain and pain response in sickle cell disease. By revealing potentially mutable explanatory variables, the study's results will suggest targets of biobehavioral treatment interventions."
        },
        "ConditionsModule":{
          "ConditionList":{
            "Condition":[
              "Blood Disease",
              "Anemia, Sickle Cell"
            ]
          }
        },
        "DesignModule":{
          "StudyType":"Observational",
          "PatientRegistry":"No"
        },
        "EligibilityModule":{
          "EligibilityCriteria":"No eligibility criteria",
          "HealthyVolunteers":"No",
          "Gender":"All",
          "MinimumAge":"16 Years",
          "MaximumAge":"100 Years",
          "StdAgeList":{
            "StdAge":[
              "Child",
              "Adult",
              "Older Adult"
            ]
          }
        },
        "ContactsLocationsModule":{
          "OverallOfficialList":{
            "OverallOfficial":[
              {
                "OverallOfficialName":"Wally Smith",
                "OverallOfficialAffiliation":"Virginia Commonwealth University"
              }
            ]
          }
        },
        "ReferencesModule":{
          "ReferenceList":{
            "Reference":[
              {
                "ReferencePMID":"15712781",
                "ReferenceType":"background",
                "ReferenceCitation":"Smith WR, Bovbjerg VE, Penberthy LT, McClish DK, Levenson JL, Roberts JD, Gil K, Roseff SD, Aisiku IP. Understanding pain and improving management of sickle cell disease: the PiSCES study. J Natl Med Assoc. 2005 Feb;97(2):183-93."
              }
            ]
          }
        }
      },
      "DerivedSection":{
        "MiscInfoModule":{
          "VersionHolder":"April 19, 2021"
        },
        "ConditionBrowseModule":{
          "ConditionMeshList":{
            "ConditionMesh":[
              {
                "ConditionMeshId":"D000000755",
                "ConditionMeshTerm":"Anemia, Sickle Cell"
              },{
                "ConditionMeshId":"D000006402",
                "ConditionMeshTerm":"Hematologic Diseases"
              }
            ]
          },
          "ConditionAncestorList":{
            "ConditionAncestor":[
              {
                "ConditionAncestorId":"D000000745",
                "ConditionAncestorTerm":"Anemia, Hemolytic, Congenital"
              },{
                "ConditionAncestorId":"D000000743",
                "ConditionAncestorTerm":"Anemia, Hemolytic"
              },{
                "ConditionAncestorId":"D000000740",
                "ConditionAncestorTerm":"Anemia"
              },{
                "ConditionAncestorId":"D000006453",
                "ConditionAncestorTerm":"Hemoglobinopathies"
              },{
                "ConditionAncestorId":"D000030342",
                "ConditionAncestorTerm":"Genetic Diseases, Inborn"
              }
            ]
          },
          "ConditionBrowseLeafList":{
            "ConditionBrowseLeaf":[
              {
                "ConditionBrowseLeafId":"M8073",
                "ConditionBrowseLeafName":"Hematologic Diseases",
                "ConditionBrowseLeafAsFound":"Blood Disease",
                "ConditionBrowseLeafRelevance":"high"
              },{
                "ConditionBrowseLeafId":"M2651",
                "ConditionBrowseLeafName":"Anemia",
                "ConditionBrowseLeafRelevance":"low"
              },{
                "ConditionBrowseLeafId":"M2666",
                "ConditionBrowseLeafName":"Anemia, Sickle Cell",
                "ConditionBrowseLeafAsFound":"Anemia, Sickle Cell",
                "ConditionBrowseLeafRelevance":"high"
              },{
                "ConditionBrowseLeafId":"M11649",
                "ConditionBrowseLeafName":"Pain",
                "ConditionBrowseLeafRelevance":"low"
              },{
                "ConditionBrowseLeafId":"M2654",
                "ConditionBrowseLeafName":"Anemia, Hemolytic",
                "ConditionBrowseLeafRelevance":"low"
              },{
                "ConditionBrowseLeafId":"M2656",
                "ConditionBrowseLeafName":"Anemia, Hemolytic, Congenital",
                "ConditionBrowseLeafRelevance":"low"
              },{
                "ConditionBrowseLeafId":"M8130",
                "ConditionBrowseLeafName":"Hemolysis",
                "ConditionBrowseLeafRelevance":"low"
              },{
                "ConditionBrowseLeafId":"M8122",
                "ConditionBrowseLeafName":"Hemoglobinopathies",
                "ConditionBrowseLeafRelevance":"low"
              },{
                "ConditionBrowseLeafId":"M22270",
                "ConditionBrowseLeafName":"Genetic Diseases, Inborn",
                "ConditionBrowseLeafRelevance":"low"
              }
            ]
          },
          "ConditionBrowseBranchList":{
            "ConditionBrowseBranch":[
              {
                "ConditionBrowseBranchAbbrev":"BC15",
                "ConditionBrowseBranchName":"Blood and Lymph Conditions"
              },{
                "ConditionBrowseBranchAbbrev":"All",
                "ConditionBrowseBranchName":"All Conditions"
              },{
                "ConditionBrowseBranchAbbrev":"BC16",
                "ConditionBrowseBranchName":"Diseases and Abnormalities at or Before Birth"
              },{
                "ConditionBrowseBranchAbbrev":"BC23",
                "ConditionBrowseBranchName":"Symptoms and General Pathology"
              }
            ]
          }
        }
      }
    }
  }
}

