{
  "FullStudy":{
    "Rank":367339,
    "Study":{
      "ProtocolSection":{
        "IdentificationModule":{
          "NCTId":"NCT00032617",
          "OrgStudyIdInfo":{
            "OrgStudyId":"494"
          },
          "Organization":{
            "OrgFullName":"VA Office of Research and Development",
            "OrgClass":"FED"
          },
          "BriefTitle":"A Randomized Clinical Trial of Cognitive-Behavioral Treatment for Post-Traumatic Stress Disorders in Women",
          "OfficialTitle":"CSP #494 - A Randomized Clinical Trial of Cognitive-Behavioral Treatment for PTSD in Women (PTSD)"
        },
        "StatusModule":{
          "StatusVerifiedDate":"September 2010",
          "OverallStatus":"Completed",
          "ExpandedAccessInfo":{
            "HasExpandedAccess":"No"
          },
          "StartDateStruct":{
            "StartDate":"August 2002"
          },
          "PrimaryCompletionDateStruct":{
            "PrimaryCompletionDate":"April 2006",
            "PrimaryCompletionDateType":"Actual"
          },
          "CompletionDateStruct":{
            "CompletionDate":"April 2006",
            "CompletionDateType":"Actual"
          },
          "StudyFirstSubmitDate":"March 27, 2002",
          "StudyFirstSubmitQCDate":"March 27, 2002",
          "StudyFirstPostDateStruct":{
            "StudyFirstPostDate":"March 28, 2002",
            "StudyFirstPostDateType":"Estimate"
          },
          "LastUpdateSubmitDate":"September 22, 2010",
          "LastUpdatePostDateStruct":{
            "LastUpdatePostDate":"September 24, 2010",
            "LastUpdatePostDateType":"Estimate"
          }
        },
        "SponsorCollaboratorsModule":{
          "ResponsibleParty":{
            "ResponsiblePartyOldNameTitle":"Friedman, Matthew - Study Chair",
            "ResponsiblePartyOldOrganization":"Department of Veterans Affairs"
          },
          "LeadSponsor":{
            "LeadSponsorName":"US Department of Veterans Affairs",
            "LeadSponsorClass":"FED"
          }
        },
        "OversightModule":{
          "OversightHasDMC":"Yes"
        },
        "DescriptionModule":{
          "BriefSummary":"The purpose of the proposed DVA cooperative study is to evaluate the efficacy of exposure therapy for treating PTSD and associated problems in female veterans and active duty military personnel. We propose to compare exposure therapy, Prolonged Exposure, with a comparison therapy that focuses on current problems, Present Centered Therapy.\n\nThe study is a randomized clinical trial involving 384 female veterans and active duty personnel in 11 VA medical centers and 1 DoD medical center. All subjects, even self-referrals, will enter the study through referrals by mental health clinicians at the participating sites. Following informed consent, subjects will be screened for inclusion and exclusion diagnoses. If they meet these criteria and agree to participate, they will be randomly assigned to one of the two treatments, which will occur weekly for 10 weeks. Subjects will be assessed before treatment, immediately following treatment, and 3 and 6 months after the end of treatment. The primary outcome is PTSD severity. Secondary outcomes are anxiety and depression. Exploratory outcomes include associated features of PTSD, such as dissociation and substance abuse; psychosocial functioning, quality of life, physical health, satisfaction with treatment, and service utilization. Both treatments will be described in detail in a treatment manual and monitored intensively to ensure that they are administered correctly.",
          "DetailedDescription":"Intervention: Patients will be randomized to one of two interventions: Prolonged Exposure (PE) consisting of 10 weekly treatment sessions that include education about and exposure to the memories of the trauma to which the patient was engaged; or Present Center Therapy (PCT), which will consist of a control therapy of the same duration that will provide emotional support for the trauma victim.\n\nPrimary Hypothesis: Prolonged Exposure (PE) will be more effective than Present-Centered Therapy (PCT) for the treatment of PTSD due to military-related trauma in women veterans. PE specifically targets PTSD symptoms, and the CAPS, our primary outcome measure. The Clinician Administered PTSD Scale (CAPS) is considered to be the gold-standard for PTSD assessment.\n\nSecondary Hypothesis: PE will be more effective than PCT for treating the anxiety and depression that often are comorbid with PTSD.\n\nStudy Abstract: As noted in a recent report on the VA Women's Health Project, it is important to study women veterans because they are increasingly seeking VA health care. For many women veterans, Posttraumatic Stress Disorder (PTSD) is a specific healthcare concern that is associated with substantial psychosocial and functional disability.\n\nThe study was proposed in response to the Research Priority Announcement on Posttraumatic Stress Disorder research issued August 1, 1997, as a study aimed a special subpopulation of VA patients with PTSD: women veterans who have been traumatized during their military service.\n\nThe first planning meeting for the study was held January 20-21, 2000 in Washington, DC. The protocol was submitted on August 1, 2000; it was reviewed and approved by the Cooperative Studies Evaluation Committee on October 10, 2000. Intake of training cases is expected to begin 01/01/2002."
        },
        "ConditionsModule":{
          "ConditionList":{
            "Condition":[
              "Stress Disorders, Post-Traumatic"
            ]
          },
          "KeywordList":{
            "Keyword":[
              "PTSD",
              "Stress Disorder",
              "Trauma"
            ]
          }
        },
        "DesignModule":{
          "StudyType":"Interventional",
          "PhaseList":{
            "Phase":[
              "Phase 3"
            ]
          },
          "DesignInfo":{
            "DesignAllocation":"Randomized",
            "DesignInterventionModel":"Parallel Assignment",
            "DesignPrimaryPurpose":"Treatment",
            "DesignMaskingInfo":{
              "DesignMasking":"Single",
              "DesignWhoMaskedList":{
                "DesignWhoMasked":[
                  "Investigator"
                ]
              }
            }
          },
          "EnrollmentInfo":{
            "EnrollmentCount":"284",
            "EnrollmentType":"Actual"
          }
        },
        "ArmsInterventionsModule":{
          "ArmGroupList":{
            "ArmGroup":[
              {
                "ArmGroupLabel":"1",
                "ArmGroupType":"Active Comparator",
                "ArmGroupDescription":"Prolonged Exposure",
                "ArmGroupInterventionList":{
                  "ArmGroupInterventionName":[
                    "Procedure: Prolonged Exposure"
                  ]
                }
              },{
                "ArmGroupLabel":"2",
                "ArmGroupType":"Active Comparator",
                "ArmGroupDescription":"Present Centered Therapy",
                "ArmGroupInterventionList":{
                  "ArmGroupInterventionName":[
                    "Procedure: Present Centered Therapy"
                  ]
                }
              }
            ]
          },
          "InterventionList":{
            "Intervention":[
              {
                "InterventionType":"Procedure",
                "InterventionName":"Prolonged Exposure",
                "InterventionDescription":"trauma-focused exposure therapy",
                "InterventionArmGroupLabelList":{
                  "InterventionArmGroupLabel":[
                    "1"
                  ]
                }
              },{
                "InterventionType":"Procedure",
                "InterventionName":"Present Centered Therapy",
                "InterventionDescription":"therapy that focuses on current problems",
                "InterventionArmGroupLabelList":{
                  "InterventionArmGroupLabel":[
                    "2"
                  ]
                }
              }
            ]
          }
        },
        "OutcomesModule":{
          "PrimaryOutcomeList":{
            "PrimaryOutcome":[
              {
                "PrimaryOutcomeMeasure":"summing totals of 17 DSM-IV symptoms",
                "PrimaryOutcomeTimeFrame":"10 weeks"
              }
            ]
          }
        },
        "EligibilityModule":{
          "EligibilityCriteria":"Inclusion Criteria:\n\nfemale veterans or active duty personnel with a current diagnosis of PTSD due to any type of trauma;\nhave experienced trauma no less than 3 months prior to entering the trial;\nhave at least one clear memory of the trauma that caused their PTSD (sufficient for constructing a scene to be used in PE);\nconsent to be randomized into treatment;\nnot receive other psychotherapy for PTSD during the 10 weeks of active treatment;\npsychotherapy for other problems, brief check-ins with an existing therapist, and attendance at self-help groups will be allowed;\nif on psychoactive medication be on a stable medication regimen for a minimum of 2 months prior to entering the trial.\n\nExclusion Criteria:\n\ncurrent substance dependence;\nprior substance dependence that has not been in remission at least 3 months;\nany current psychotic symptoms; current Mania or Bipolar Disorder;\nprominent current suicidal or homicidal ideation;\nany severe cognitive impairment or history of Organic Mental Disorder;\ncurrent involvement in a violent relationship;\nself-mutilation within the past 6 months.",
          "HealthyVolunteers":"Accepts Healthy Volunteers",
          "Gender":"Female",
          "MinimumAge":"18 Years",
          "StdAgeList":{
            "StdAge":[
              "Adult",
              "Older Adult"
            ]
          }
        },
        "ContactsLocationsModule":{
          "OverallOfficialList":{
            "OverallOfficial":[
              {
                "OverallOfficialName":"Matthew J. Friedman, MD PhD",
                "OverallOfficialAffiliation":"VA Medical & Regional Office Center",
                "OverallOfficialRole":"Study Chair"
              }
            ]
          },
          "LocationList":{
            "Location":[
              {
                "LocationFacility":"VA Eastern Colorado Health Care System, Denver",
                "LocationCity":"Denver",
                "LocationState":"Colorado",
                "LocationZip":"80220",
                "LocationCountry":"United States"
              },{
                "LocationFacility":"VA Medical Center, Bay Pines",
                "LocationCity":"Bay Pines",
                "LocationState":"Florida",
                "LocationZip":"33708",
                "LocationCountry":"United States"
              },{
                "LocationFacility":"Atlanta VA Medical and Rehab Center, Decatur",
                "LocationCity":"Decatur",
                "LocationState":"Georgia",
                "LocationZip":"30033",
                "LocationCountry":"United States"
              },{
                "LocationFacility":"Southeast Veterans Healthcare System, New Orleans",
                "LocationCity":"New Orleans",
                "LocationState":"Louisiana",
                "LocationZip":"70112",
                "LocationCountry":"United States"
              },{
                "LocationFacility":"VA Maryland Health Care System, Baltimore",
                "LocationCity":"Baltimore",
                "LocationState":"Maryland",
                "LocationZip":"21201",
                "LocationCountry":"United States"
              },{
                "LocationFacility":"Walter Reed (DCI-HUC)",
                "LocationCity":"Bethesda",
                "LocationState":"Maryland",
                "LocationZip":"20814",
                "LocationCountry":"United States"
              },{
                "LocationFacility":"VA Medical Center, Jamaica Plain Campus",
                "LocationCity":"Boston",
                "LocationState":"Massachusetts",
                "LocationZip":"02130",
                "LocationCountry":"United States"
              },{
                "LocationFacility":"New Mexico VA Health Care System, Albuquerque",
                "LocationCity":"Albuquerque",
                "LocationState":"New Mexico",
                "LocationZip":"87108-5153",
                "LocationCountry":"United States"
              },{
                "LocationFacility":"VA Medical Center, Cincinnati",
                "LocationCity":"Cincinnati",
                "LocationState":"Ohio",
                "LocationZip":"45220",
                "LocationCountry":"United States"
              },{
                "LocationFacility":"VA Medical Center, Cleveland",
                "LocationCity":"Cleveland",
                "LocationState":"Ohio",
                "LocationZip":"44106",
                "LocationCountry":"United States"
              },{
                "LocationFacility":"VA Medical Center, Portland",
                "LocationCity":"Portland",
                "LocationState":"Oregon",
                "LocationZip":"97201",
                "LocationCountry":"United States"
              },{
                "LocationFacility":"VA North Texas Health Care System, Dallas",
                "LocationCity":"Dallas",
                "LocationState":"Texas",
                "LocationZip":"75216",
                "LocationCountry":"United States"
              },{
                "LocationFacility":"VA Medical & Regional Office Center",
                "LocationCity":"White River Junction",
                "LocationState":"Vermont",
                "LocationZip":"05009-0001",
                "LocationCountry":"United States"
              }
            ]
          }
        },
        "ReferencesModule":{
          "ReferenceList":{
            "Reference":[
              {
                "ReferencePMID":"30576030",
                "ReferenceType":"derived",
                "ReferenceCitation":"Schnurr PP, Lunney CA. Residual symptoms following prolonged exposure and present-centered therapy for PTSD in female veterans and soldiers. Depress Anxiety. 2019 Feb;36(2):162-169. doi: 10.1002/da.22871. Epub 2018 Dec 21."
              },{
                "ReferencePMID":"24700623",
                "ReferenceType":"derived",
                "ReferenceCitation":"Lunney CA, Schnurr PP, Cook JM. Comparison of clinician- and self-assessments of posttraumatic stress symptoms in older versus younger veterans. J Trauma Stress. 2014 Apr;27(2):144-51. doi: 10.1002/jts.21908. Epub 2014 Apr 2."
              },{
                "ReferencePMID":"24434093",
                "ReferenceType":"derived",
                "ReferenceCitation":"Rosen CS, Greenbaum MA, Schnurr PP, Holmes TH, Brennan PL, Friedman MJ. Do benzodiazepines reduce the effectiveness of exposure therapy for posttraumatic stress disorder? J Clin Psychiatry. 2013 Dec;74(12):1241-8. doi: 10.4088/JCP.13m08592."
              },{
                "ReferencePMID":"22639402",
                "ReferenceType":"derived",
                "ReferenceCitation":"Wolf EJ, Lunney CA, Miller MW, Resick PA, Friedman MJ, Schnurr PP. The dissociative subtype of PTSD: a replication and extension. Depress Anxiety. 2012 Aug;29(8):679-88. doi: 10.1002/da.21946. Epub 2012 May 25."
              },{
                "ReferencePMID":"17327524",
                "ReferenceType":"derived",
                "ReferenceCitation":"Schnurr PP, Friedman MJ, Engel CC, Foa EB, Shea MT, Chow BK, Resick PA, Thurston V, Orsillo SM, Haug R, Turner C, Bernardy N. Cognitive behavioral therapy for posttraumatic stress disorder in women: a randomized controlled trial. JAMA. 2007 Feb 28;297(8):820-30."
              }
            ]
          }
        }
      },
      "DerivedSection":{
        "MiscInfoModule":{
          "VersionHolder":"April 19, 2021"
        },
        "ConditionBrowseModule":{
          "ConditionMeshList":{
            "ConditionMesh":[
              {
                "ConditionMeshId":"D000040921",
                "ConditionMeshTerm":"Stress Disorders, Traumatic"
              },{
                "ConditionMeshId":"D000013313",
                "ConditionMeshTerm":"Stress Disorders, Post-Traumatic"
              }
            ]
          },
          "ConditionAncestorList":{
            "ConditionAncestor":[
              {
                "ConditionAncestorId":"D000068099",
                "ConditionAncestorTerm":"Trauma and Stressor Related Disorders"
              },{
                "ConditionAncestorId":"D000001523",
                "ConditionAncestorTerm":"Mental Disorders"
              }
            ]
          },
          "ConditionBrowseLeafList":{
            "ConditionBrowseLeaf":[
              {
                "ConditionBrowseLeafId":"M16268",
                "ConditionBrowseLeafName":"Wounds and Injuries",
                "ConditionBrowseLeafRelevance":"low"
              },{
                "ConditionBrowseLeafId":"M23503",
                "ConditionBrowseLeafName":"Stress Disorders, Traumatic",
                "ConditionBrowseLeafAsFound":"Stress Disorder",
                "ConditionBrowseLeafRelevance":"high"
              },{
                "ConditionBrowseLeafId":"M14686",
                "ConditionBrowseLeafName":"Stress Disorders, Post-Traumatic",
                "ConditionBrowseLeafAsFound":"Stress Disorders, Post-Traumatic",
                "ConditionBrowseLeafRelevance":"high"
              },{
                "ConditionBrowseLeafId":"M222",
                "ConditionBrowseLeafName":"Trauma and Stressor Related Disorders",
                "ConditionBrowseLeafRelevance":"low"
              },{
                "ConditionBrowseLeafId":"M3396",
                "ConditionBrowseLeafName":"Mental Disorders",
                "ConditionBrowseLeafRelevance":"low"
              },{
                "ConditionBrowseLeafId":"M13056",
                "ConditionBrowseLeafName":"Psychotic Disorders",
                "ConditionBrowseLeafRelevance":"low"
              }
            ]
          },
          "ConditionBrowseBranchList":{
            "ConditionBrowseBranch":[
              {
                "ConditionBrowseBranchAbbrev":"BC26",
                "ConditionBrowseBranchName":"Wounds and Injuries"
              },{
                "ConditionBrowseBranchAbbrev":"All",
                "ConditionBrowseBranchName":"All Conditions"
              },{
                "ConditionBrowseBranchAbbrev":"BXM",
                "ConditionBrowseBranchName":"Behaviors and Mental Disorders"
              }
            ]
          }
        }
      }
    }
  }
}

