{
  "FullStudy":{
    "Rank":366872,
    "Study":{
      "ProtocolSection":{
        "IdentificationModule":{
          "NCTId":"NCT00039013",
          "OrgStudyIdInfo":{
            "OrgStudyId":"2993-112"
          },
          "Organization":{
            "OrgFullName":"AstraZeneca",
            "OrgClass":"INDUSTRY"
          },
          "BriefTitle":"Evaluation of the Effect on Glucose Control of AC2993 in Patients With Type 2 Diabetes Mellitus Treated With Metformin",
          "OfficialTitle":"A Phase 3, Randomized, Triple-Blind, Parallel-Group, Long-Term, Placebo-Controlled, Multicenter Study to Examine the Effect on Glucose Control (HbA1c) of AC2993 Given Two Times a Day in Subjects With Type 2 Diabetes Mellitus Treated With Metformin Alone"
        },
        "StatusModule":{
          "StatusVerifiedDate":"January 2015",
          "OverallStatus":"Completed",
          "ExpandedAccessInfo":{
            "HasExpandedAccess":"No"
          },
          "StartDateStruct":{
            "StartDate":"March 2002"
          },
          "PrimaryCompletionDateStruct":{
            "PrimaryCompletionDate":"June 2003",
            "PrimaryCompletionDateType":"Actual"
          },
          "CompletionDateStruct":{
            "CompletionDate":"June 2003",
            "CompletionDateType":"Actual"
          },
          "StudyFirstSubmitDate":"June 6, 2002",
          "StudyFirstSubmitQCDate":"June 7, 2002",
          "StudyFirstPostDateStruct":{
            "StudyFirstPostDate":"June 10, 2002",
            "StudyFirstPostDateType":"Estimate"
          },
          "LastUpdateSubmitDate":"February 23, 2015",
          "LastUpdatePostDateStruct":{
            "LastUpdatePostDate":"February 24, 2015",
            "LastUpdatePostDateType":"Estimate"
          }
        },
        "SponsorCollaboratorsModule":{
          "ResponsibleParty":{
            "ResponsiblePartyType":"Sponsor"
          },
          "LeadSponsor":{
            "LeadSponsorName":"AstraZeneca",
            "LeadSponsorClass":"INDUSTRY"
          }
        },
        "OversightModule":{
          "OversightHasDMC":"No"
        },
        "DescriptionModule":{
          "BriefSummary":"This is a multicenter, randomized, blinded, placebo-controlled study to assess the effects on glucose control of AC2993 as compared to placebo in patients with type 2 diabetes. Patients will be randomized into one of two AC2993 treatment arms or to placebo treatment and will continue with their required existing diabetes medication (metformin) throughout the study."
        },
        "ConditionsModule":{
          "ConditionList":{
            "Condition":[
              "Diabetes Mellitus, Type 2"
            ]
          }
        },
        "DesignModule":{
          "StudyType":"Interventional",
          "PhaseList":{
            "Phase":[
              "Phase 3"
            ]
          },
          "DesignInfo":{
            "DesignAllocation":"Randomized",
            "DesignInterventionModel":"Parallel Assignment",
            "DesignPrimaryPurpose":"Treatment",
            "DesignMaskingInfo":{
              "DesignMasking":"Double",
              "DesignWhoMaskedList":{
                "DesignWhoMasked":[
                  "Participant",
                  "Investigator"
                ]
              }
            }
          },
          "EnrollmentInfo":{
            "EnrollmentCount":"336",
            "EnrollmentType":"Actual"
          }
        },
        "ArmsInterventionsModule":{
          "ArmGroupList":{
            "ArmGroup":[
              {
                "ArmGroupLabel":"AC2993 5 mcg (0.02 mL)",
                "ArmGroupType":"Experimental",
                "ArmGroupDescription":"Placebo, then AC2993 5 mcg, then AC2993 5 mcg",
                "ArmGroupInterventionList":{
                  "ArmGroupInterventionName":[
                    "Drug: AC2993"
                  ]
                }
              },{
                "ArmGroupLabel":"AC2993 10mcg (0.04 mL)",
                "ArmGroupType":"Experimental",
                "ArmGroupDescription":"Placebo, then AC2993 5 mcg, then AC2993 10 mcg",
                "ArmGroupInterventionList":{
                  "ArmGroupInterventionName":[
                    "Drug: AC2993"
                  ]
                }
              },{
                "ArmGroupLabel":"Placebo 0.02 mL",
                "ArmGroupType":"Placebo Comparator",
                "ArmGroupDescription":"Placebo 0.02 mL, then Placebo 0.02 mL, then Placebo 0.02 mL",
                "ArmGroupInterventionList":{
                  "ArmGroupInterventionName":[
                    "Drug: Placebo"
                  ]
                }
              },{
                "ArmGroupLabel":"Placebo 0.04 mL",
                "ArmGroupType":"Placebo Comparator",
                "ArmGroupDescription":"Placebo 0.02 mL, then Placebo 0.02 mL, then Placebo 0.04 mL",
                "ArmGroupInterventionList":{
                  "ArmGroupInterventionName":[
                    "Drug: Placebo"
                  ]
                }
              }
            ]
          },
          "InterventionList":{
            "Intervention":[
              {
                "InterventionType":"Drug",
                "InterventionName":"AC2993",
                "InterventionDescription":"Placebo Lead In (0.02 mL) for 4 weeks / AC2993 5mcg (0.02 mL) for 4 weeks / AC2993 5mcg (0.02 mL) for 26 weeks - All are subcutaneously injected twice daily",
                "InterventionArmGroupLabelList":{
                  "InterventionArmGroupLabel":[
                    "AC2993 5 mcg (0.02 mL)"
                  ]
                },
                "InterventionOtherNameList":{
                  "InterventionOtherName":[
                    "synthetic exendin-4"
                  ]
                }
              },{
                "InterventionType":"Drug",
                "InterventionName":"AC2993",
                "InterventionDescription":"Placebo Lead In (0.02 mL) for 4 weeks / AC2993 5 mcg (0.02 mL) for 4 weeks / AC2993 10 mcg (0.04 mL) for 26 weeks - All are subcutaneously injected twice daily",
                "InterventionArmGroupLabelList":{
                  "InterventionArmGroupLabel":[
                    "AC2993 10mcg (0.04 mL)"
                  ]
                },
                "InterventionOtherNameList":{
                  "InterventionOtherName":[
                    "synthetic exendin-4"
                  ]
                }
              },{
                "InterventionType":"Drug",
                "InterventionName":"Placebo",
                "InterventionDescription":"Placebo Lead In (0.02 mL) for 4 weeks / Placebo (0.02 mL) for 4 weeks / Placebo (0.02 mL) for 26 weeks - All are subcutaneously injected twice daily",
                "InterventionArmGroupLabelList":{
                  "InterventionArmGroupLabel":[
                    "Placebo 0.02 mL"
                  ]
                }
              },{
                "InterventionType":"Drug",
                "InterventionName":"Placebo",
                "InterventionDescription":"Placebo Lead In (0.02 mL) for 4 weeks / Placebo mcg (0.02 mL) for 4 weeks / Placebo (0.04 mL) for 26 weeks - All are subcutaneously injected twice daily",
                "InterventionArmGroupLabelList":{
                  "InterventionArmGroupLabel":[
                    "Placebo 0.04 mL"
                  ]
                }
              }
            ]
          }
        },
        "OutcomesModule":{
          "PrimaryOutcomeList":{
            "PrimaryOutcome":[
              {
                "PrimaryOutcomeMeasure":"Change in HbA1c (glycosylated hemoglobin) from baseline to study termination (Week 30)",
                "PrimaryOutcomeDescription":"Change in HbA1c from from baseline, measured from Visit 3 (Day 1) to study termination (Week 30).",
                "PrimaryOutcomeTimeFrame":"Baseline (Day 1), Week 30"
              }
            ]
          },
          "SecondaryOutcomeList":{
            "SecondaryOutcome":[
              {
                "SecondaryOutcomeMeasure":"Change in HbA1c from baseline (Day 1) to each of the intermediate visits",
                "SecondaryOutcomeDescription":"Change in HbA1c from baseline, measured from Visit 3 (Day 1) to each of the intermediate visits (Baseline (Day 1), Week 2, Week 4, Week, 6, Week 12, Week 18, and Week 24)",
                "SecondaryOutcomeTimeFrame":"Baseline (Day 1), Week 2, Week 4, Week, 6, Week 12, Week 18, Week 24"
              },{
                "SecondaryOutcomeMeasure":"The number of subjects achieving HbA1c target values of < 7% and < 8% by Week 30",
                "SecondaryOutcomeDescription":"The number of subjects achieving HbA1c target values of < 7% and < 8% by study termination (Week 30)",
                "SecondaryOutcomeTimeFrame":"Baseline (Day 1) and Week 30"
              },{
                "SecondaryOutcomeMeasure":"The number of subjects achieving HbA1c reductions of > 0.5% and > 1.0% by Week 30",
                "SecondaryOutcomeDescription":"The number of subjects achieving HbA1c reductions of > 0.5% and > 1.0% by study termination (Week 30)",
                "SecondaryOutcomeTimeFrame":"Baseline (Day 1), and Week 30"
              },{
                "SecondaryOutcomeMeasure":"The time to achieve specific HbA1c target values of < 7% and < 8%",
                "SecondaryOutcomeDescription":"The time it takes subjects to achieve HbA1c target values of < 7% and < 8%",
                "SecondaryOutcomeTimeFrame":"Baseline (Day 1), Week 2, Week 4, Week, 6, Week 12, Week 18, Week 24, Week 30"
              },{
                "SecondaryOutcomeMeasure":"The time to achieve HbA1c reductions of 0.5% or more and >1.0% or more",
                "SecondaryOutcomeDescription":"The time it takes subjects to achieve HbA1c reductions of 0.5% or more and >1.0% or more",
                "SecondaryOutcomeTimeFrame":"Baseline (Day 1), Week 2, Week 4, Week, 6, Week 12, Week 18, Week 24, Week 30"
              },{
                "SecondaryOutcomeMeasure":"Change in body weight from Baseline to each intermediate visit and Week 30",
                "SecondaryOutcomeDescription":"Change in body weight (kg) from Baseline to each intermediate visit and Week 30",
                "SecondaryOutcomeTimeFrame":"Baseline (Day 1), Week 2, Week 4, Week, 6, Week 12, Week 18, Week 24, Week 30"
              }
            ]
          }
        },
        "EligibilityModule":{
          "EligibilityCriteria":"Inclusion Criteria:\n\nSubjects with Type 2 diabetes mellitus\nTreated with metformin within a defined dose range for at least 3 months prior to screening\nBMI= 27-45 kg/m2\nHbA1c value between 7.5% and 11%\n\nExclusion Criteria:\n\nTreated with oral anti-diabetic medications other than metformin within 3 months of screening\nPatients treated previously with AC2993\nPatients presently treated with insulin",
          "HealthyVolunteers":"No",
          "Gender":"All",
          "MinimumAge":"16 Years",
          "MaximumAge":"75 Years",
          "StdAgeList":{
            "StdAge":[
              "Child",
              "Adult",
              "Older Adult"
            ]
          }
        },
        "ContactsLocationsModule":{
          "LocationList":{
            "Location":[
              {
                "LocationFacility":"Pinnacle Research Group",
                "LocationCity":"Anniston",
                "LocationState":"Alabama",
                "LocationZip":"36207",
                "LocationCountry":"United States"
              },{
                "LocationFacility":"Parkway Medical Center",
                "LocationCity":"Birmingham",
                "LocationState":"Alabama",
                "LocationZip":"35206",
                "LocationCountry":"United States"
              },{
                "LocationFacility":"Alabama Clinical Therapeutics",
                "LocationCity":"Birmingham",
                "LocationState":"Alabama",
                "LocationZip":"35235",
                "LocationCountry":"United States"
              },{
                "LocationFacility":"Eclectic Family Care",
                "LocationCity":"Eclectic",
                "LocationState":"Alabama",
                "LocationZip":"36024",
                "LocationCountry":"United States"
              },{
                "LocationFacility":"Winston Physician Services",
                "LocationCity":"Haleyville",
                "LocationState":"Alabama",
                "LocationZip":"35565",
                "LocationCountry":"United States"
              },{
                "LocationFacility":"Simon Williamson Clinic",
                "LocationCity":"Hueytown",
                "LocationState":"Alabama",
                "LocationZip":"35023",
                "LocationCountry":"United States"
              },{
                "LocationFacility":"Extended Arm Physicians/ Southern Drug",
                "LocationCity":"Montgomery",
                "LocationState":"Alabama",
                "LocationZip":"36106",
                "LocationCountry":"United States"
              },{
                "LocationFacility":"Southern Drug Research Network",
                "LocationCity":"Tallassee",
                "LocationState":"Alabama",
                "LocationZip":"36078",
                "LocationCountry":"United States"
              },{
                "LocationFacility":"Clinic of Physicians and Surgeons, Ltd.",
                "LocationCity":"Mesa",
                "LocationState":"Arizona",
                "LocationZip":"85201",
                "LocationCountry":"United States"
              },{
                "LocationFacility":"ANA Ventures, LLC",
                "LocationCity":"Mesa",
                "LocationState":"Arizona",
                "LocationZip":"85204",
                "LocationCountry":"United States"
              },{
                "LocationFacility":"Lovelace Scientific Resources-Phoenix",
                "LocationCity":"Phoenix",
                "LocationState":"Arizona",
                "LocationZip":"85016",
                "LocationCountry":"United States"
              },{
                "LocationFacility":"Physicians at the Peak",
                "LocationCity":"Phoenix",
                "LocationState":"Arizona",
                "LocationZip":"85020",
                "LocationCountry":"United States"
              },{
                "LocationFacility":"Advanced Clinical Therapeutics",
                "LocationCity":"Tucson",
                "LocationState":"Arizona",
                "LocationZip":"85712",
                "LocationCountry":"United States"
              },{
                "LocationFacility":"CAVHS",
                "LocationCity":"Little Rock",
                "LocationState":"Arkansas",
                "LocationZip":"72205",
                "LocationCountry":"United States"
              },{
                "LocationFacility":"Physicians Group Research Clinic, LLC",
                "LocationCity":"Little Rock",
                "LocationState":"Arkansas",
                "LocationZip":"72205",
                "LocationCountry":"United States"
              },{
                "LocationFacility":"Advanced Clinical Research Institute",
                "LocationCity":"Anaheim",
                "LocationState":"California",
                "LocationZip":"92801",
                "LocationCountry":"United States"
              },{
                "LocationFacility":"Mitchell Research Group, Inc.",
                "LocationCity":"Bakersfield",
                "LocationState":"California",
                "LocationZip":"93309",
                "LocationCountry":"United States"
              },{
                "LocationFacility":"William Zigrang, M.D.",
                "LocationCity":"Burlingame",
                "LocationState":"California",
                "LocationZip":"94010",
                "LocationCountry":"United States"
              },{
                "LocationFacility":"International Clinical Research Network",
                "LocationCity":"Chula Vista",
                "LocationState":"California",
                "LocationZip":"91910",
                "LocationCountry":"United States"
              },{
                "LocationFacility":"Arrowhead Regional Medical Center",
                "LocationCity":"Colton",
                "LocationState":"California",
                "LocationZip":"92324",
                "LocationCountry":"United States"
              },{
                "LocationFacility":"Valley Research",
                "LocationCity":"Fresno",
                "LocationState":"California",
                "LocationZip":"93720",
                "LocationCountry":"United States"
              },{
                "LocationFacility":"Elke Jost-Vu, M.D.",
                "LocationCity":"Rancho Mirage",
                "LocationState":"California",
                "LocationZip":"92270",
                "LocationCountry":"United States"
              },{
                "LocationFacility":"Comprehensive Diabetes-Endocrine Medical Associates",
                "LocationCity":"Redwood City",
                "LocationState":"California",
                "LocationZip":"94062",
                "LocationCountry":"United States"
              },{
                "LocationFacility":"nTouch",
                "LocationCity":"San Diego",
                "LocationState":"California",
                "LocationZip":"92103",
                "LocationCountry":"United States"
              },{
                "LocationFacility":"Radiant Research-San Diego",
                "LocationCity":"San Diego",
                "LocationState":"California",
                "LocationZip":"92108",
                "LocationCountry":"United States"
              },{
                "LocationFacility":"Veterans Medical Research Foundation",
                "LocationCity":"San Diego",
                "LocationState":"California",
                "LocationZip":"92161",
                "LocationCountry":"United States"
              },{
                "LocationFacility":"Diabetes Research Institute of Mills Peninsula",
                "LocationCity":"San Mateo",
                "LocationState":"California",
                "LocationZip":"94401",
                "LocationCountry":"United States"
              },{
                "LocationFacility":"Advanced Clinical Research Institute",
                "LocationCity":"Santa Ana",
                "LocationState":"California",
                "LocationZip":"92701",
                "LocationCountry":"United States"
              },{
                "LocationFacility":"West Coast Clinical Trials",
                "LocationCity":"Signal Hill",
                "LocationState":"California",
                "LocationZip":"90755",
                "LocationCountry":"United States"
              },{
                "LocationFacility":"Protocare Trials at Sharp Mission Park",
                "LocationCity":"Vista",
                "LocationState":"California",
                "LocationZip":"92083",
                "LocationCountry":"United States"
              },{
                "LocationFacility":"Diablo Clinical Research",
                "LocationCity":"Walnut Creek",
                "LocationState":"California",
                "LocationZip":"94598",
                "LocationCountry":"United States"
              },{
                "LocationFacility":"Medstar Clinical Research",
                "LocationCity":"Washington",
                "LocationState":"District of Columbia",
                "LocationZip":"20003-4393",
                "LocationCountry":"United States"
              },{
                "LocationFacility":"George Washington University",
                "LocationCity":"Washington",
                "LocationState":"District of Columbia",
                "LocationZip":"20037",
                "LocationCountry":"United States"
              },{
                "LocationFacility":"Internal Medical Associates",
                "LocationCity":"Ft. Myers",
                "LocationState":"Florida",
                "LocationZip":"33901",
                "LocationCountry":"United States"
              },{
                "LocationFacility":"Clin Sci International",
                "LocationCity":"Gainesville",
                "LocationState":"Florida",
                "LocationZip":"32605",
                "LocationCountry":"United States"
              },{
                "LocationFacility":"University of FL",
                "LocationCity":"Gainesville",
                "LocationState":"Florida",
                "LocationZip":"32610-0226",
                "LocationCountry":"United States"
              },{
                "LocationFacility":"Jupiter Research Institute",
                "LocationCity":"Jupiter",
                "LocationState":"Florida",
                "LocationZip":"33458",
                "LocationCountry":"United States"
              },{
                "LocationFacility":"Baptist Diabetes Associates",
                "LocationCity":"Miami",
                "LocationState":"Florida",
                "LocationZip":"33176",
                "LocationCountry":"United States"
              },{
                "LocationFacility":"Tampa Medical Group",
                "LocationCity":"Tampa",
                "LocationState":"Florida",
                "LocationZip":"33614",
                "LocationCountry":"United States"
              },{
                "LocationFacility":"Metabolic Research Institute, Inc.",
                "LocationCity":"West Palm Beach",
                "LocationState":"Florida",
                "LocationZip":"33401",
                "LocationCountry":"United States"
              },{
                "LocationFacility":"Radiant Research",
                "LocationCity":"West Palm Beach",
                "LocationState":"Florida",
                "LocationZip":"33407",
                "LocationCountry":"United States"
              },{
                "LocationFacility":"nTouch Research Corporation",
                "LocationCity":"Decatur",
                "LocationState":"Georgia",
                "LocationZip":"30033",
                "LocationCountry":"United States"
              },{
                "LocationFacility":"East-West Medical Research Institute",
                "LocationCity":"Honolulu",
                "LocationState":"Hawaii",
                "LocationZip":"96813",
                "LocationCountry":"United States"
              },{
                "LocationFacility":"St. Luke's Family Health",
                "LocationCity":"Meridian",
                "LocationState":"Idaho",
                "LocationZip":"83642",
                "LocationCountry":"United States"
              },{
                "LocationFacility":"University Primary Care Center at Belvidere",
                "LocationCity":"Belvidere",
                "LocationState":"Illinois",
                "LocationZip":"61008",
                "LocationCountry":"United States"
              },{
                "LocationFacility":"Northwestern Memorial Physicians Group",
                "LocationCity":"Chicago",
                "LocationState":"Illinois",
                "LocationZip":"60602",
                "LocationCountry":"United States"
              },{
                "LocationFacility":"Illinois Center for Clinical Trials",
                "LocationCity":"Chicago",
                "LocationState":"Illinois",
                "LocationZip":"60610",
                "LocationCountry":"United States"
              },{
                "LocationFacility":"Lake Forest Internal Medicine",
                "LocationCity":"Libertyville",
                "LocationState":"Illinois",
                "LocationZip":"60048",
                "LocationCountry":"United States"
              },{
                "LocationFacility":"Winchester Research Group",
                "LocationCity":"Libertyville",
                "LocationState":"Illinois",
                "LocationZip":"60048",
                "LocationCountry":"United States"
              },{
                "LocationFacility":"Medical Group of Fort Wayne",
                "LocationCity":"Fort Wayne",
                "LocationState":"Indiana",
                "LocationZip":"46804",
                "LocationCountry":"United States"
              },{
                "LocationFacility":"American Health Network",
                "LocationCity":"Indianapolis",
                "LocationState":"Indiana",
                "LocationZip":"46222",
                "LocationCountry":"United States"
              },{
                "LocationFacility":"Center for Metabolic and Hormonal Disorders",
                "LocationCity":"Indianapolis",
                "LocationState":"Indiana",
                "LocationZip":"46260",
                "LocationCountry":"United States"
              },{
                "LocationFacility":"nTouch Research-South Bend",
                "LocationCity":"South Bend",
                "LocationState":"Indiana",
                "LocationZip":"46601",
                "LocationCountry":"United States"
              },{
                "LocationFacility":"Kentucky Diabetes Center",
                "LocationCity":"Lexington",
                "LocationState":"Kentucky",
                "LocationZip":"40503",
                "LocationCountry":"United States"
              },{
                "LocationFacility":"University of Kentucky Metabolic Research Group",
                "LocationCity":"Lexington",
                "LocationState":"Kentucky",
                "LocationZip":"40536-9841",
                "LocationCountry":"United States"
              },{
                "LocationFacility":"MedResearch, Inc.",
                "LocationCity":"Louisville",
                "LocationState":"Kentucky",
                "LocationZip":"40223",
                "LocationCountry":"United States"
              },{
                "LocationFacility":"Drug Research Services",
                "LocationCity":"Metairie",
                "LocationState":"Louisiana",
                "LocationZip":"70001",
                "LocationCountry":"United States"
              },{
                "LocationFacility":"New Orleans Institute of Clinical Investigation",
                "LocationCity":"New Orleans",
                "LocationState":"Louisiana",
                "LocationZip":"70112",
                "LocationCountry":"United States"
              },{
                "LocationFacility":"Ochsner Clinic",
                "LocationCity":"New Orleans",
                "LocationState":"Louisiana",
                "LocationZip":"70121",
                "LocationCountry":"United States"
              },{
                "LocationFacility":"St. Agnes Health Care",
                "LocationCity":"Baltimore",
                "LocationState":"Maryland",
                "LocationZip":"21229",
                "LocationCountry":"United States"
              },{
                "LocationFacility":"Doctors Research Associates of Maryland",
                "LocationCity":"Lanham",
                "LocationState":"Maryland",
                "LocationZip":"20706",
                "LocationCountry":"United States"
              },{
                "LocationFacility":"Grunberger Diabetes Medical Center",
                "LocationCity":"Bloomfield Hills",
                "LocationState":"Michigan",
                "LocationZip":"48302",
                "LocationCountry":"United States"
              },{
                "LocationFacility":"Henry Ford Health System",
                "LocationCity":"Detroit",
                "LocationState":"Michigan",
                "LocationZip":"48202",
                "LocationCountry":"United States"
              },{
                "LocationFacility":"Grand Rapids Associated Interns",
                "LocationCity":"Grand Rapids",
                "LocationState":"Michigan",
                "LocationZip":"49506",
                "LocationCountry":"United States"
              },{
                "LocationFacility":"University of Mississippi Medical Center",
                "LocationCity":"Jackson",
                "LocationState":"Mississippi",
                "LocationZip":"39216",
                "LocationCountry":"United States"
              },{
                "LocationFacility":"Diabetes and Endocrinology Specialists",
                "LocationCity":"Chesterfield",
                "LocationState":"Missouri",
                "LocationZip":"63017",
                "LocationCountry":"United States"
              },{
                "LocationFacility":"Mid Missouri Research Specialists, Inc.",
                "LocationCity":"Rolla",
                "LocationState":"Missouri",
                "LocationZip":"65401",
                "LocationCountry":"United States"
              },{
                "LocationFacility":"Radiant Research-St. Louis",
                "LocationCity":"St. Louis",
                "LocationState":"Missouri",
                "LocationZip":"63141",
                "LocationCountry":"United States"
              },{
                "LocationFacility":"Midwest Pharmaceutical Research",
                "LocationCity":"St. Peters",
                "LocationState":"Missouri",
                "LocationZip":"63376",
                "LocationCountry":"United States"
              },{
                "LocationFacility":"Mercury Street Medical",
                "LocationCity":"Butte",
                "LocationState":"Montana",
                "LocationZip":"59701",
                "LocationCountry":"United States"
              },{
                "LocationFacility":"Lovelace Scientific Resources-Las Vegas",
                "LocationCity":"Las Vegas",
                "LocationState":"Nevada",
                "LocationZip":"89102",
                "LocationCountry":"United States"
              },{
                "LocationFacility":"HIS Clinical Research",
                "LocationCity":"Jersey City",
                "LocationState":"New Jersey",
                "LocationZip":"07306",
                "LocationCountry":"United States"
              },{
                "LocationFacility":"Radiant Research-Moorestown",
                "LocationCity":"Moorestown",
                "LocationState":"New Jersey",
                "LocationZip":"08057",
                "LocationCountry":"United States"
              },{
                "LocationFacility":"New Jersey Physicians",
                "LocationCity":"Passaic",
                "LocationState":"New Jersey",
                "LocationZip":"07055",
                "LocationCountry":"United States"
              },{
                "LocationFacility":"Lovelace Scientific Resources",
                "LocationCity":"Albuquerque",
                "LocationState":"New Mexico",
                "LocationZip":"87108",
                "LocationCountry":"United States"
              },{
                "LocationFacility":"Medical Network Services, P.C.",
                "LocationCity":"Brooklyn",
                "LocationState":"New York",
                "LocationZip":"11230",
                "LocationCountry":"United States"
              },{
                "LocationFacility":"St. Lukes Roosevelt Hospital",
                "LocationCity":"New York",
                "LocationState":"New York",
                "LocationZip":"10025",
                "LocationCountry":"United States"
              },{
                "LocationFacility":"Naomi Berrie Diabetes Center at Columbia University",
                "LocationCity":"New York",
                "LocationState":"New York",
                "LocationZip":"10032",
                "LocationCountry":"United States"
              },{
                "LocationFacility":"Heights Medical Care",
                "LocationCity":"New York",
                "LocationState":"New York",
                "LocationZip":"10033",
                "LocationCountry":"United States"
              },{
                "LocationFacility":"Rochester Clinical Research",
                "LocationCity":"Rochester",
                "LocationState":"New York",
                "LocationZip":"14609",
                "LocationCountry":"United States"
              },{
                "LocationFacility":"DOCS at Beth Israel Medical Center",
                "LocationCity":"Yonkers",
                "LocationState":"New York",
                "LocationZip":"10710",
                "LocationCountry":"United States"
              },{
                "LocationFacility":"Metrolina Medical Research",
                "LocationCity":"Charlotte",
                "LocationState":"North Carolina",
                "LocationZip":"28209",
                "LocationCountry":"United States"
              },{
                "LocationFacility":"Charlotte Clinical Research",
                "LocationCity":"Charlotte",
                "LocationState":"North Carolina",
                "LocationZip":"28211",
                "LocationCountry":"United States"
              },{
                "LocationFacility":"UNC Diabetes Care Center",
                "LocationCity":"Durham",
                "LocationState":"North Carolina",
                "LocationZip":"27713",
                "LocationCountry":"United States"
              },{
                "LocationFacility":"Unifour Medical Research",
                "LocationCity":"Hickory",
                "LocationState":"North Carolina",
                "LocationZip":"28601",
                "LocationCountry":"United States"
              },{
                "LocationFacility":"New Hanover Medical Research Associates",
                "LocationCity":"Wilmington",
                "LocationState":"North Carolina",
                "LocationZip":"28412",
                "LocationCountry":"United States"
              },{
                "LocationFacility":"Piedmont Medical Research",
                "LocationCity":"Winston-Salem",
                "LocationState":"North Carolina",
                "LocationZip":"27103",
                "LocationCountry":"United States"
              },{
                "LocationFacility":"Rapid Medical Research",
                "LocationCity":"Cleveland",
                "LocationState":"Ohio",
                "LocationZip":"44124",
                "LocationCountry":"United States"
              },{
                "LocationFacility":"Ohio State University-Division of Endocrinology",
                "LocationCity":"Columbus",
                "LocationState":"Ohio",
                "LocationZip":"43210",
                "LocationCountry":"United States"
              },{
                "LocationFacility":"Radiant Research-Columbus",
                "LocationCity":"Columbus",
                "LocationState":"Ohio",
                "LocationZip":"43212",
                "LocationCountry":"United States"
              },{
                "LocationFacility":"University Mednet",
                "LocationCity":"Mentor",
                "LocationState":"Ohio",
                "LocationZip":"44060",
                "LocationCountry":"United States"
              },{
                "LocationFacility":"COR Clinical Research",
                "LocationCity":"Oklahoma City",
                "LocationState":"Oklahoma",
                "LocationZip":"73103",
                "LocationCountry":"United States"
              },{
                "LocationFacility":"nTouch Research Corporation-Oklahoma City",
                "LocationCity":"Oklahoma City",
                "LocationState":"Oklahoma",
                "LocationZip":"73112",
                "LocationCountry":"United States"
              },{
                "LocationFacility":"Utica Park Clinic",
                "LocationCity":"Tulsa",
                "LocationState":"Oklahoma",
                "LocationZip":"74104",
                "LocationCountry":"United States"
              },{
                "LocationFacility":"Medford Medical Clinic",
                "LocationCity":"Medford",
                "LocationState":"Oregon",
                "LocationZip":"97504",
                "LocationCountry":"United States"
              },{
                "LocationFacility":"Legacy Clinical Research",
                "LocationCity":"Portland",
                "LocationState":"Oregon",
                "LocationZip":"97232",
                "LocationCountry":"United States"
              },{
                "LocationFacility":"Radiant Research",
                "LocationCity":"Portland",
                "LocationState":"Oregon",
                "LocationCountry":"United States"
              },{
                "LocationFacility":"Physicians for Clinical Research",
                "LocationCity":"Camp Hill",
                "LocationState":"Pennsylvania",
                "LocationZip":"17011",
                "LocationCountry":"United States"
              },{
                "LocationFacility":"Thomas Jefferson University Diabetes Research Center",
                "LocationCity":"Philadelphia",
                "LocationState":"Pennsylvania",
                "LocationZip":"19107",
                "LocationCountry":"United States"
              },{
                "LocationFacility":"Philadelphia Health Associates",
                "LocationCity":"Philadelphia",
                "LocationState":"Pennsylvania",
                "LocationZip":"19146",
                "LocationCountry":"United States"
              },{
                "LocationFacility":"Tipton Medical and Diagnostic Center",
                "LocationCity":"Tipton",
                "LocationState":"Pennsylvania",
                "LocationZip":"16684",
                "LocationCountry":"United States"
              },{
                "LocationFacility":"Safe Harbor Clinical Research",
                "LocationCity":"East Providence",
                "LocationState":"Rhode Island",
                "LocationZip":"02914",
                "LocationCountry":"United States"
              },{
                "LocationFacility":"Radiant Research-Charleston",
                "LocationCity":"Charleston",
                "LocationState":"South Carolina",
                "LocationZip":"29407",
                "LocationCountry":"United States"
              },{
                "LocationFacility":"CNS Clinical Trials",
                "LocationCity":"Chester",
                "LocationState":"South Carolina",
                "LocationZip":"29706",
                "LocationCountry":"United States"
              },{
                "LocationFacility":"Coastal Carolina Research Center",
                "LocationCity":"Mt. Pleasant",
                "LocationState":"South Carolina",
                "LocationZip":"29464",
                "LocationCountry":"United States"
              },{
                "LocationFacility":"Integrity Clinical Research",
                "LocationCity":"Jackson",
                "LocationState":"Tennessee",
                "LocationZip":"38305",
                "LocationCountry":"United States"
              },{
                "LocationFacility":"Harmony Clinical Research",
                "LocationCity":"Johnson City",
                "LocationState":"Tennessee",
                "LocationZip":"37601",
                "LocationCountry":"United States"
              },{
                "LocationFacility":"Holston Medical Group",
                "LocationCity":"Kingsport",
                "LocationState":"Tennessee",
                "LocationZip":"37660",
                "LocationCountry":"United States"
              },{
                "LocationFacility":"Endocrine Consultants of ET",
                "LocationCity":"Knoxville",
                "LocationState":"Tennessee",
                "LocationZip":"37909",
                "LocationCountry":"United States"
              },{
                "LocationFacility":"Central Texas Clinical Research",
                "LocationCity":"Austin",
                "LocationState":"Texas",
                "LocationZip":"78705",
                "LocationCountry":"United States"
              },{
                "LocationFacility":"Rafael Canadas M.D., P.A.",
                "LocationCity":"Dallas",
                "LocationState":"Texas",
                "LocationZip":"75251",
                "LocationCountry":"United States"
              },{
                "LocationFacility":"Texas Tech University Health Sciences-Internal Medicine",
                "LocationCity":"El Paso",
                "LocationState":"Texas",
                "LocationZip":"79905",
                "LocationCountry":"United States"
              },{
                "LocationFacility":"Internal Medicine Associates",
                "LocationCity":"El Paso",
                "LocationState":"Texas",
                "LocationZip":"79912",
                "LocationCountry":"United States"
              },{
                "LocationFacility":"North Texas Clinical Research",
                "LocationCity":"Irving",
                "LocationState":"Texas",
                "LocationZip":"75038",
                "LocationCountry":"United States"
              },{
                "LocationFacility":"Dr. Humberto Bruschetta",
                "LocationCity":"Kingsville",
                "LocationState":"Texas",
                "LocationZip":"78363",
                "LocationCountry":"United States"
              },{
                "LocationFacility":"South Texas Applied Research",
                "LocationCity":"McAllen",
                "LocationState":"Texas",
                "LocationZip":"78503",
                "LocationCountry":"United States"
              },{
                "LocationFacility":"University of Texas Health Sciences Center-Texas Diabetes Institute",
                "LocationCity":"San Antonio",
                "LocationState":"Texas",
                "LocationZip":"78207",
                "LocationCountry":"United States"
              },{
                "LocationFacility":"Diabetes and Glandular Disease Clinic",
                "LocationCity":"San Antonio",
                "LocationState":"Texas",
                "LocationZip":"78229-3894",
                "LocationCountry":"United States"
              },{
                "LocationFacility":"SAM Clinical Research Center",
                "LocationCity":"San Antonio",
                "LocationState":"Texas",
                "LocationCountry":"United States"
              },{
                "LocationFacility":"Salt Lake Research",
                "LocationCity":"Salt Lake City",
                "LocationState":"Utah",
                "LocationZip":"84124",
                "LocationCountry":"United States"
              },{
                "LocationFacility":"Evergreen Diabetes & Endocrinology",
                "LocationCity":"Kirkland",
                "LocationState":"Washington",
                "LocationZip":"98034",
                "LocationCountry":"United States"
              },{
                "LocationFacility":"West Olympia Internal Medicine",
                "LocationCity":"Olympia",
                "LocationState":"Washington",
                "LocationZip":"98502",
                "LocationCountry":"United States"
              },{
                "LocationFacility":"Rainier Clinical Research Center",
                "LocationCity":"Renton",
                "LocationState":"Washington",
                "LocationZip":"98055",
                "LocationCountry":"United States"
              },{
                "LocationFacility":"Northside Internal Medicine",
                "LocationCity":"Spokane",
                "LocationState":"Washington",
                "LocationZip":"99201",
                "LocationCountry":"United States"
              },{
                "LocationFacility":"Rockwood Clinic",
                "LocationCity":"Spokane",
                "LocationState":"Washington",
                "LocationZip":"99202",
                "LocationCountry":"United States"
              },{
                "LocationFacility":"Julia M. Hutchinson, M.D.",
                "LocationCity":"Spokane",
                "LocationState":"Washington",
                "LocationZip":"99204",
                "LocationCountry":"United States"
              },{
                "LocationFacility":"Wenatchee Valley Clinic",
                "LocationCity":"Wenatchee",
                "LocationState":"Washington",
                "LocationZip":"98801",
                "LocationCountry":"United States"
              },{
                "LocationFacility":"Hyperion Clinical Research",
                "LocationCity":"Charleston",
                "LocationState":"West Virginia",
                "LocationZip":"25301",
                "LocationCountry":"United States"
              },{
                "LocationFacility":"CAMC Clinical Trials Center",
                "LocationCity":"Charleston",
                "LocationState":"West Virginia",
                "LocationZip":"25304",
                "LocationCountry":"United States"
              }
            ]
          }
        },
        "ReferencesModule":{
          "ReferenceList":{
            "Reference":[
              {
                "ReferencePMID":"15855572",
                "ReferenceType":"result",
                "ReferenceCitation":"DeFronzo RA, Ratner RE, Han J, Kim DD, Fineman MS, Baron AD. Effects of exenatide (exendin-4) on glycemic control and weight over 30 weeks in metformin-treated patients with type 2 diabetes. Diabetes Care. 2005 May;28(5):1092-100."
              },{
                "ReferencePMID":"16776749",
                "ReferenceType":"result",
                "ReferenceCitation":"Ratner RE, Maggs D, Nielsen LL, Stonehouse AH, Poon T, Zhang B, Bicsak TA, Brodows RG, Kim DD. Long-term effects of exenatide therapy over 82 weeks on glycaemic control and weight in over-weight metformin-treated patients with type 2 diabetes mellitus. Diabetes Obes Metab. 2006 Jul;8(4):419-28."
              },{
                "ReferencePMID":"22913891",
                "ReferenceType":"derived",
                "ReferenceCitation":"Pencek R, Blickensderfer A, Li Y, Brunell SC, Anderson PW. Exenatide twice daily: analysis of effectiveness and safety data stratified by age, sex, race, duration of diabetes, and body mass index. Postgrad Med. 2012 Jul;124(4):21-32. doi: 10.3810/pgm.2012.07.2567."
              },{
                "ReferencePMID":"22236356",
                "ReferenceType":"derived",
                "ReferenceCitation":"Fineman MS, Mace KF, Diamant M, Darsow T, Cirincione BB, Booker Porter TK, Kinninger LA, Trautmann ME. Clinical relevance of anti-exenatide antibodies: safety, efficacy and cross-reactivity with long-term treatment. Diabetes Obes Metab. 2012 Jun;14(6):546-54. doi: 10.1111/j.1463-1326.2012.01561.x. Epub 2012 Feb 10."
              }
            ]
          }
        }
      },
      "DerivedSection":{
        "MiscInfoModule":{
          "VersionHolder":"April 19, 2021"
        },
        "ConditionBrowseModule":{
          "ConditionMeshList":{
            "ConditionMesh":[
              {
                "ConditionMeshId":"D000003920",
                "ConditionMeshTerm":"Diabetes Mellitus"
              },{
                "ConditionMeshId":"D000003924",
                "ConditionMeshTerm":"Diabetes Mellitus, Type 2"
              }
            ]
          },
          "ConditionAncestorList":{
            "ConditionAncestor":[
              {
                "ConditionAncestorId":"D000044882",
                "ConditionAncestorTerm":"Glucose Metabolism Disorders"
              },{
                "ConditionAncestorId":"D000008659",
                "ConditionAncestorTerm":"Metabolic Diseases"
              },{
                "ConditionAncestorId":"D000004700",
                "ConditionAncestorTerm":"Endocrine System Diseases"
              }
            ]
          },
          "ConditionBrowseLeafList":{
            "ConditionBrowseLeaf":[
              {
                "ConditionBrowseLeafId":"M5698",
                "ConditionBrowseLeafName":"Diabetes Mellitus",
                "ConditionBrowseLeafAsFound":"Diabetes Mellitus",
                "ConditionBrowseLeafRelevance":"high"
              },{
                "ConditionBrowseLeafId":"M5702",
                "ConditionBrowseLeafName":"Diabetes Mellitus, Type 2",
                "ConditionBrowseLeafAsFound":"Diabetes Mellitus, Type 2",
                "ConditionBrowseLeafRelevance":"high"
              },{
                "ConditionBrowseLeafId":"M10222",
                "ConditionBrowseLeafName":"Metabolic Diseases",
                "ConditionBrowseLeafRelevance":"low"
              },{
                "ConditionBrowseLeafId":"M23990",
                "ConditionBrowseLeafName":"Glucose Metabolism Disorders",
                "ConditionBrowseLeafRelevance":"low"
              },{
                "ConditionBrowseLeafId":"M6445",
                "ConditionBrowseLeafName":"Endocrine System Diseases",
                "ConditionBrowseLeafRelevance":"low"
              }
            ]
          },
          "ConditionBrowseBranchList":{
            "ConditionBrowseBranch":[
              {
                "ConditionBrowseBranchAbbrev":"BC18",
                "ConditionBrowseBranchName":"Nutritional and Metabolic Diseases"
              },{
                "ConditionBrowseBranchAbbrev":"BC19",
                "ConditionBrowseBranchName":"Gland and Hormone Related Diseases"
              },{
                "ConditionBrowseBranchAbbrev":"All",
                "ConditionBrowseBranchName":"All Conditions"
              }
            ]
          }
        },
        "InterventionBrowseModule":{
          "InterventionMeshList":{
            "InterventionMesh":[
              {
                "InterventionMeshId":"D000077270",
                "InterventionMeshTerm":"Exenatide"
              }
            ]
          },
          "InterventionAncestorList":{
            "InterventionAncestor":[
              {
                "InterventionAncestorId":"D000007004",
                "InterventionAncestorTerm":"Hypoglycemic Agents"
              },{
                "InterventionAncestorId":"D000045505",
                "InterventionAncestorTerm":"Physiological Effects of Drugs"
              },{
                "InterventionAncestorId":"D000019440",
                "InterventionAncestorTerm":"Anti-Obesity Agents"
              },{
                "InterventionAncestorId":"D000054795",
                "InterventionAncestorTerm":"Incretins"
              },{
                "InterventionAncestorId":"D000006728",
                "InterventionAncestorTerm":"Hormones"
              },{
                "InterventionAncestorId":"D000006730",
                "InterventionAncestorTerm":"Hormones, Hormone Substitutes, and Hormone Antagonists"
              }
            ]
          },
          "InterventionBrowseLeafList":{
            "InterventionBrowseLeaf":[
              {
                "InterventionBrowseLeafId":"M10250",
                "InterventionBrowseLeafName":"Metformin",
                "InterventionBrowseLeafRelevance":"low"
              },{
                "InterventionBrowseLeafId":"M1726",
                "InterventionBrowseLeafName":"Exenatide",
                "InterventionBrowseLeafAsFound":"Residue",
                "InterventionBrowseLeafRelevance":"high"
              },{
                "InterventionBrowseLeafId":"M8637",
                "InterventionBrowseLeafName":"Hypoglycemic Agents",
                "InterventionBrowseLeafRelevance":"low"
              },{
                "InterventionBrowseLeafId":"M19980",
                "InterventionBrowseLeafName":"Anti-Obesity Agents",
                "InterventionBrowseLeafRelevance":"low"
              },{
                "InterventionBrowseLeafId":"M26492",
                "InterventionBrowseLeafName":"Incretins",
                "InterventionBrowseLeafRelevance":"low"
              },{
                "InterventionBrowseLeafId":"M8372",
                "InterventionBrowseLeafName":"Hormones",
                "InterventionBrowseLeafRelevance":"low"
              },{
                "InterventionBrowseLeafId":"M8371",
                "InterventionBrowseLeafName":"Hormone Antagonists",
                "InterventionBrowseLeafRelevance":"low"
              }
            ]
          },
          "InterventionBrowseBranchList":{
            "InterventionBrowseBranch":[
              {
                "InterventionBrowseBranchAbbrev":"Hypo",
                "InterventionBrowseBranchName":"Hypoglycemic Agents"
              },{
                "InterventionBrowseBranchAbbrev":"All",
                "InterventionBrowseBranchName":"All Drugs and Chemicals"
              },{
                "InterventionBrowseBranchAbbrev":"AnObAg",
                "InterventionBrowseBranchName":"Anti-Obesity Agents"
              }
            ]
          }
        }
      }
    }
  }
}

