{
  "FullStudy":{
    "Rank":367425,
    "Study":{
      "ProtocolSection":{
        "IdentificationModule":{
          "NCTId":"NCT00031395",
          "OrgStudyIdInfo":{
            "OrgStudyId":"R01NS039087",
            "OrgStudyIdType":"U.S. NIH Grant/Contract",
            "OrgStudyIdLink":"https://projectreporter.nih.gov/reporterapi.cfm?PROJECTNUM=R01NS039087&Fy=all"
          },
          "Organization":{
            "OrgFullName":"University of Cincinnati",
            "OrgClass":"OTHER"
          },
          "BriefTitle":"Clonidine in Attention Deficit Hyperactivity Disorder (ADHD) in Children",
          "OfficialTitle":"Clonidine in Attention Deficit Hyperactivity Disorder (ADHD) Treatment (CAT)"
        },
        "StatusModule":{
          "StatusVerifiedDate":"May 2009",
          "OverallStatus":"Completed",
          "ExpandedAccessInfo":{
            "HasExpandedAccess":"No"
          },
          "StartDateStruct":{
            "StartDate":"September 1999"
          },
          "CompletionDateStruct":{
            "CompletionDate":"June 2007",
            "CompletionDateType":"Actual"
          },
          "StudyFirstSubmitDate":"March 4, 2002",
          "StudyFirstSubmitQCDate":"March 4, 2002",
          "StudyFirstPostDateStruct":{
            "StudyFirstPostDate":"March 5, 2002",
            "StudyFirstPostDateType":"Estimate"
          },
          "LastUpdateSubmitDate":"May 20, 2009",
          "LastUpdatePostDateStruct":{
            "LastUpdatePostDate":"May 21, 2009",
            "LastUpdatePostDateType":"Estimate"
          }
        },
        "SponsorCollaboratorsModule":{
          "ResponsibleParty":{
            "ResponsiblePartyOldNameTitle":"Floyd R. Sallee, M.D., Ph.D., Professor",
            "ResponsiblePartyOldOrganization":"University of Cincinnati School of Medicine"
          },
          "LeadSponsor":{
            "LeadSponsorName":"University of Cincinnati",
            "LeadSponsorClass":"OTHER"
          },
          "CollaboratorList":{
            "Collaborator":[
              {
                "CollaboratorName":"National Institute of Neurological Disorders and Stroke (NINDS)",
                "CollaboratorClass":"NIH"
              }
            ]
          }
        },
        "OversightModule":{
          "OversightHasDMC":"Yes"
        },
        "DescriptionModule":{
          "BriefSummary":"The purpose of this study is to determine the safety and efficacy of clonidine alone or in combination with methylphenidate for children 7-12 years of age with attention-deficit, hyperactivity disorder.",
          "DetailedDescription":"This trial will compare the benefits and side effects of two medications-clonidine and methylphenidate (MPH)-used alone or in combination to treat ADHD in children. MPH is FDA-approved for the treatment of ADHD symptoms in children, and clonidine is FDA-approved for the treatment of hypertension in adults. Stimulant medications such as MPH are known to be safe and effective for the treatment of many ADHD symptoms. Such medicines, however, do not cure the condition or improve all of the symptoms of ADHD, and the long-term effectiveness of these medications is not well-known. In this study the participants will be randomly selected to receive one of four treatments: 1.) clonidine; 2.) MPH; 3.) clonidine and MPH; or 4.) a placebo (which is not an active medication, but a substance that is thought to have no biological effect). The time participation in the study is 16 weeks."
        },
        "ConditionsModule":{
          "ConditionList":{
            "Condition":[
              "Attention Deficit Disorder With Hyperactivity"
            ]
          },
          "KeywordList":{
            "Keyword":[
              "Attention Deficit Hyperactivity Disorder",
              "ADHD",
              "clonidine",
              "methylphenidate",
              "MPH"
            ]
          }
        },
        "DesignModule":{
          "StudyType":"Interventional",
          "PhaseList":{
            "Phase":[
              "Phase 3"
            ]
          },
          "DesignInfo":{
            "DesignAllocation":"Randomized",
            "DesignInterventionModel":"Parallel Assignment",
            "DesignPrimaryPurpose":"Treatment",
            "DesignMaskingInfo":{
              "DesignMasking":"Double",
              "DesignWhoMaskedList":{
                "DesignWhoMasked":[
                  "Participant",
                  "Investigator"
                ]
              }
            }
          },
          "EnrollmentInfo":{
            "EnrollmentCount":"122",
            "EnrollmentType":"Actual"
          }
        },
        "ArmsInterventionsModule":{
          "ArmGroupList":{
            "ArmGroup":[
              {
                "ArmGroupLabel":"1",
                "ArmGroupType":"Active Comparator",
                "ArmGroupInterventionList":{
                  "ArmGroupInterventionName":[
                    "Drug: clonidine"
                  ]
                }
              },{
                "ArmGroupLabel":"2",
                "ArmGroupType":"Active Comparator",
                "ArmGroupInterventionList":{
                  "ArmGroupInterventionName":[
                    "Drug: methylphenidate"
                  ]
                }
              },{
                "ArmGroupLabel":"3",
                "ArmGroupType":"Active Comparator",
                "ArmGroupInterventionList":{
                  "ArmGroupInterventionName":[
                    "Drug: clonidine",
                    "Drug: methylphenidate"
                  ]
                }
              },{
                "ArmGroupLabel":"4",
                "ArmGroupType":"Placebo Comparator",
                "ArmGroupInterventionList":{
                  "ArmGroupInterventionName":[
                    "Other: placebo"
                  ]
                }
              }
            ]
          },
          "InterventionList":{
            "Intervention":[
              {
                "InterventionType":"Drug",
                "InterventionName":"clonidine",
                "InterventionDescription":"Clonidine is FDA-approved for the treatment of hypertension in adults.",
                "InterventionArmGroupLabelList":{
                  "InterventionArmGroupLabel":[
                    "1",
                    "3"
                  ]
                }
              },{
                "InterventionType":"Drug",
                "InterventionName":"methylphenidate",
                "InterventionDescription":"MPH is FDA-approved for the treatment of ADHD symptoms in children.",
                "InterventionArmGroupLabelList":{
                  "InterventionArmGroupLabel":[
                    "2",
                    "3"
                  ]
                },
                "InterventionOtherNameList":{
                  "InterventionOtherName":[
                    "MPH"
                  ]
                }
              },{
                "InterventionType":"Other",
                "InterventionName":"placebo",
                "InterventionDescription":"an inactive substance",
                "InterventionArmGroupLabelList":{
                  "InterventionArmGroupLabel":[
                    "4"
                  ]
                }
              }
            ]
          }
        },
        "OutcomesModule":{
          "PrimaryOutcomeList":{
            "PrimaryOutcome":[
              {
                "PrimaryOutcomeMeasure":"Efficacy outcome was change in score on the Conners Abbreviated Symptom Questionnaire for Teachers (ASQ-T)",
                "PrimaryOutcomeTimeFrame":"at 16 weeks"
              }
            ]
          },
          "SecondaryOutcomeList":{
            "SecondaryOutcome":[
              {
                "SecondaryOutcomeMeasure":"the ASQ-Parent (ASQ-P) and Child Global Assessment Scales (C-GAS). Adverse events were monitored using AE logs, the Pittsburgh Side Effects Rating Scale, vital signs and electrocardiograms",
                "SecondaryOutcomeTimeFrame":"at 16 weeks"
              }
            ]
          }
        },
        "EligibilityModule":{
          "EligibilityCriteria":"Inclusion Criteria:\n\nChildren aged 7 through 12 in school.\nAll subjects must meet DSM IV criteria for the diagnosis of ADHD of any subtype [21].\nEach subject must also satisfy the following criteria regarding the severity of ADHD symptoms: 1. ADHD must be viewed as clinically significant and worthy of treatment by medications as judged by the parent and the site investigator. Operationally, medication treatment will be considered indicated for any subject who has ADHD symptoms that significantly interfere with academic or social functioning and that have not improved (or are not expected to improve) sufficiently with non-pharmacological interventions (e.g., modifying the classroom environment, tutoring). 2. The site investigator's rating of global functioning on the C-GAS must yield a score of 70 or below. Scores below 70 on the C-GAS are designated as indicating abnormal function [22]. The score of 70 corresponds to the anchor point description: \"Some difficulty in a single area, but generally functioning pretty well.\"\nScreen of Intelligence using the vocabulary and block design subtests of the Wechsler Intelligence Scale for Children-Third Edition indicates an estimated I.Q > 70.\nInformed consent/assent signed. We will not enroll any child who does not want to participate.\nThe designated school for each subject agrees to participate in the study by completing all required questionnaires and following all specified procedures.\nThe child must be able to swallow the tablets and capsules used in this study.\n\nExclusion Criteria:\n\nSubjects with tic disorder of any type or tic symptoms, a primary diagnosis of major depression, pervasive developmental disorder, autism, any psychotic disorder, and mental retardation (based on current DSM criteria) will be excluded. We will not exclude subjects with obsessive-compulsive disorder, oppositional-defiant disorder or conduct disorder.\nThe presence of a known medical condition that would preclude the use of MPH or clonidine.\nKnown pregnancy. A urinary pregnancy test will be performed for all menstruating female subjects. Female subjects of child bearing potential will be advised not to become pregnant. In this circumstance, study medication will be tapered and discontinued and the subject will be terminated from the study. A urinary pregnancy test will be repeated at the end of the study. Subjects who request information regarding possible birth control mechanisms will be referred to their primary care physicians.\nKnown presence of impaired renal function. A routine urinalysis will be performed for each subject to exclude signs of renal failure.\nKnown active cardiovascular disease/anomaly, which would be a contraindication for the use of MPH or clonidine.\nSubjects may not receive any other medication for the treatment of ADHD. Treatment with MPH or other stimulants must be discontinued for at least 2 weeks prior to enrollment and treatment with other medications to treat ADHD (e.g., antidepressants, clonidine) must be discontinued for at least 6 weeks prior to enrollment.\nSubjects may not receive any other psychotropic medication (e.g., serotonin reuptake inhibitors), anxiolytics (e.g., clonazepam) or hypnotics. Any such medication must be discontinued at least 6 weeks prior to enrollment.\nPrevious use of MPH or clonidine will be permitted.",
          "HealthyVolunteers":"No",
          "Gender":"All",
          "MinimumAge":"7 Years",
          "MaximumAge":"12 Years",
          "StdAgeList":{
            "StdAge":[
              "Child"
            ]
          }
        },
        "ContactsLocationsModule":{
          "OverallOfficialList":{
            "OverallOfficial":[
              {
                "OverallOfficialName":"Floyd R. Sallee, M.D., Ph.D.",
                "OverallOfficialAffiliation":"Children's Hospital & Medical Center",
                "OverallOfficialRole":"Principal Investigator"
              }
            ]
          },
          "LocationList":{
            "Location":[
              {
                "LocationFacility":"SUNY Buffalo, Center For Children & Families",
                "LocationCity":"Buffalo",
                "LocationState":"New York",
                "LocationZip":"14214",
                "LocationCountry":"United States"
              },{
                "LocationFacility":"University of Rochester, Department of Neurology",
                "LocationCity":"Rochester",
                "LocationState":"New York",
                "LocationZip":"14642",
                "LocationCountry":"United States"
              },{
                "LocationFacility":"Children's Hospital Medical Center",
                "LocationCity":"Cincinnati",
                "LocationState":"Ohio",
                "LocationZip":"45229",
                "LocationCountry":"United States"
              },{
                "LocationFacility":"Western Psychiatric Institute and Clinic",
                "LocationCity":"Pittsburgh",
                "LocationState":"Pennsylvania",
                "LocationCountry":"United States"
              }
            ]
          }
        },
        "ReferencesModule":{
          "ReferenceList":{
            "Reference":[
              {
                "ReferencePMID":"19877975",
                "ReferenceType":"derived",
                "ReferenceCitation":"Cannon M, Pelham WH, Sallee FR, Palumbo DR, Bukstein O, Daviss WB. Effects of clonidine and methylphenidate on family quality of life in attention-deficit/hyperactivity disorder. J Child Adolesc Psychopharmacol. 2009 Oct;19(5):511-7. doi: 10.1089/cap.2009.0008."
              }
            ]
          }
        }
      },
      "DerivedSection":{
        "MiscInfoModule":{
          "VersionHolder":"April 19, 2021"
        },
        "ConditionBrowseModule":{
          "ConditionMeshList":{
            "ConditionMesh":[
              {
                "ConditionMeshId":"D000006948",
                "ConditionMeshTerm":"Hyperkinesis"
              },{
                "ConditionMeshId":"D000004194",
                "ConditionMeshTerm":"Disease"
              },{
                "ConditionMeshId":"D000001289",
                "ConditionMeshTerm":"Attention Deficit Disorder with Hyperactivity"
              }
            ]
          },
          "ConditionAncestorList":{
            "ConditionAncestor":[
              {
                "ConditionAncestorId":"D000010335",
                "ConditionAncestorTerm":"Pathologic Processes"
              },{
                "ConditionAncestorId":"D000019958",
                "ConditionAncestorTerm":"Attention Deficit and Disruptive Behavior Disorders"
              },{
                "ConditionAncestorId":"D000065886",
                "ConditionAncestorTerm":"Neurodevelopmental Disorders"
              },{
                "ConditionAncestorId":"D000001523",
                "ConditionAncestorTerm":"Mental Disorders"
              },{
                "ConditionAncestorId":"D000020820",
                "ConditionAncestorTerm":"Dyskinesias"
              },{
                "ConditionAncestorId":"D000009461",
                "ConditionAncestorTerm":"Neurologic Manifestations"
              },{
                "ConditionAncestorId":"D000009422",
                "ConditionAncestorTerm":"Nervous System Diseases"
              }
            ]
          },
          "ConditionBrowseLeafList":{
            "ConditionBrowseLeaf":[
              {
                "ConditionBrowseLeafId":"M8582",
                "ConditionBrowseLeafName":"Hyperkinesis",
                "ConditionBrowseLeafAsFound":"Hyperactivity",
                "ConditionBrowseLeafRelevance":"high"
              },{
                "ConditionBrowseLeafId":"M3175",
                "ConditionBrowseLeafName":"Attention Deficit Disorder with Hyperactivity",
                "ConditionBrowseLeafAsFound":"Attention Deficit Disorder With Hyperactivity",
                "ConditionBrowseLeafRelevance":"high"
              },{
                "ConditionBrowseLeafId":"M20414",
                "ConditionBrowseLeafName":"Attention Deficit and Disruptive Behavior Disorders",
                "ConditionBrowseLeafRelevance":"low"
              },{
                "ConditionBrowseLeafId":"M29231",
                "ConditionBrowseLeafName":"Neurodevelopmental Disorders",
                "ConditionBrowseLeafRelevance":"low"
              },{
                "ConditionBrowseLeafId":"M3396",
                "ConditionBrowseLeafName":"Mental Disorders",
                "ConditionBrowseLeafRelevance":"low"
              },{
                "ConditionBrowseLeafId":"M13056",
                "ConditionBrowseLeafName":"Psychotic Disorders",
                "ConditionBrowseLeafRelevance":"low"
              },{
                "ConditionBrowseLeafId":"M21158",
                "ConditionBrowseLeafName":"Dyskinesias",
                "ConditionBrowseLeafRelevance":"low"
              },{
                "ConditionBrowseLeafId":"M10987",
                "ConditionBrowseLeafName":"Neurologic Manifestations",
                "ConditionBrowseLeafRelevance":"low"
              }
            ]
          },
          "ConditionBrowseBranchList":{
            "ConditionBrowseBranch":[
              {
                "ConditionBrowseBranchAbbrev":"BC10",
                "ConditionBrowseBranchName":"Nervous System Diseases"
              },{
                "ConditionBrowseBranchAbbrev":"BC23",
                "ConditionBrowseBranchName":"Symptoms and General Pathology"
              },{
                "ConditionBrowseBranchAbbrev":"All",
                "ConditionBrowseBranchName":"All Conditions"
              },{
                "ConditionBrowseBranchAbbrev":"BXM",
                "ConditionBrowseBranchName":"Behaviors and Mental Disorders"
              }
            ]
          }
        },
        "InterventionBrowseModule":{
          "InterventionMeshList":{
            "InterventionMesh":[
              {
                "InterventionMeshId":"D000003000",
                "InterventionMeshTerm":"Clonidine"
              },{
                "InterventionMeshId":"D000008774",
                "InterventionMeshTerm":"Methylphenidate"
              }
            ]
          },
          "InterventionAncestorList":{
            "InterventionAncestor":[
              {
                "InterventionAncestorId":"D000000697",
                "InterventionAncestorTerm":"Central Nervous System Stimulants"
              },{
                "InterventionAncestorId":"D000045505",
                "InterventionAncestorTerm":"Physiological Effects of Drugs"
              },{
                "InterventionAncestorId":"D000018765",
                "InterventionAncestorTerm":"Dopamine Uptake Inhibitors"
              },{
                "InterventionAncestorId":"D000014179",
                "InterventionAncestorTerm":"Neurotransmitter Uptake Inhibitors"
              },{
                "InterventionAncestorId":"D000049990",
                "InterventionAncestorTerm":"Membrane Transport Modulators"
              },{
                "InterventionAncestorId":"D000045504",
                "InterventionAncestorTerm":"Molecular Mechanisms of Pharmacological Action"
              },{
                "InterventionAncestorId":"D000015259",
                "InterventionAncestorTerm":"Dopamine Agents"
              },{
                "InterventionAncestorId":"D000018377",
                "InterventionAncestorTerm":"Neurotransmitter Agents"
              },{
                "InterventionAncestorId":"D000000700",
                "InterventionAncestorTerm":"Analgesics"
              },{
                "InterventionAncestorId":"D000018689",
                "InterventionAncestorTerm":"Sensory System Agents"
              },{
                "InterventionAncestorId":"D000018373",
                "InterventionAncestorTerm":"Peripheral Nervous System Agents"
              },{
                "InterventionAncestorId":"D000000959",
                "InterventionAncestorTerm":"Antihypertensive Agents"
              },{
                "InterventionAncestorId":"D000013565",
                "InterventionAncestorTerm":"Sympatholytics"
              },{
                "InterventionAncestorId":"D000001337",
                "InterventionAncestorTerm":"Autonomic Agents"
              },{
                "InterventionAncestorId":"D000058647",
                "InterventionAncestorTerm":"Adrenergic alpha-2 Receptor Agonists"
              },{
                "InterventionAncestorId":"D000000316",
                "InterventionAncestorTerm":"Adrenergic alpha-Agonists"
              },{
                "InterventionAncestorId":"D000000322",
                "InterventionAncestorTerm":"Adrenergic Agonists"
              },{
                "InterventionAncestorId":"D000018663",
                "InterventionAncestorTerm":"Adrenergic Agents"
              }
            ]
          },
          "InterventionBrowseLeafList":{
            "InterventionBrowseLeaf":[
              {
                "InterventionBrowseLeafId":"M4815",
                "InterventionBrowseLeafName":"Clonidine",
                "InterventionBrowseLeafAsFound":"Cold",
                "InterventionBrowseLeafRelevance":"high"
              },{
                "InterventionBrowseLeafId":"M10331",
                "InterventionBrowseLeafName":"Methylphenidate",
                "InterventionBrowseLeafAsFound":"Probiotic",
                "InterventionBrowseLeafRelevance":"high"
              },{
                "InterventionBrowseLeafId":"M2610",
                "InterventionBrowseLeafName":"Central Nervous System Stimulants",
                "InterventionBrowseLeafRelevance":"low"
              },{
                "InterventionBrowseLeafId":"M6056",
                "InterventionBrowseLeafName":"Dopamine",
                "InterventionBrowseLeafRelevance":"low"
              },{
                "InterventionBrowseLeafId":"M19416",
                "InterventionBrowseLeafName":"Dopamine Uptake Inhibitors",
                "InterventionBrowseLeafRelevance":"low"
              },{
                "InterventionBrowseLeafId":"M16545",
                "InterventionBrowseLeafName":"Dopamine Agents",
                "InterventionBrowseLeafRelevance":"low"
              },{
                "InterventionBrowseLeafId":"M19088",
                "InterventionBrowseLeafName":"Neurotransmitter Agents",
                "InterventionBrowseLeafRelevance":"low"
              },{
                "InterventionBrowseLeafId":"M2613",
                "InterventionBrowseLeafName":"Analgesics",
                "InterventionBrowseLeafRelevance":"low"
              },{
                "InterventionBrowseLeafId":"M2858",
                "InterventionBrowseLeafName":"Antihypertensive Agents",
                "InterventionBrowseLeafRelevance":"low"
              },{
                "InterventionBrowseLeafId":"M14927",
                "InterventionBrowseLeafName":"Sympatholytics",
                "InterventionBrowseLeafRelevance":"low"
              },{
                "InterventionBrowseLeafId":"M19330",
                "InterventionBrowseLeafName":"Adrenergic Agents",
                "InterventionBrowseLeafRelevance":"low"
              },{
                "InterventionBrowseLeafId":"M2249",
                "InterventionBrowseLeafName":"Adrenergic alpha-Agonists",
                "InterventionBrowseLeafRelevance":"low"
              },{
                "InterventionBrowseLeafId":"M2254",
                "InterventionBrowseLeafName":"Adrenergic Agonists",
                "InterventionBrowseLeafRelevance":"low"
              }
            ]
          },
          "InterventionBrowseBranchList":{
            "InterventionBrowseBranch":[
              {
                "InterventionBrowseBranchAbbrev":"AnAg",
                "InterventionBrowseBranchName":"Antihypertensive Agents"
              },{
                "InterventionBrowseBranchAbbrev":"Analg",
                "InterventionBrowseBranchName":"Analgesics"
              },{
                "InterventionBrowseBranchAbbrev":"All",
                "InterventionBrowseBranchName":"All Drugs and Chemicals"
              },{
                "InterventionBrowseBranchAbbrev":"CNSSti",
                "InterventionBrowseBranchName":"Central Nervous System Stimulants"
              },{
                "InterventionBrowseBranchAbbrev":"CaAg",
                "InterventionBrowseBranchName":"Cardiotonic Agents"
              }
            ]
          }
        }
      }
    }
  }
}

