{
  "FullStudy":{
    "Rank":367271,
    "Study":{
      "ProtocolSection":{
        "IdentificationModule":{
          "NCTId":"NCT00033527",
          "OrgStudyIdInfo":{
            "OrgStudyId":"CDR0000069297"
          },
          "SecondaryIdInfoList":{
            "SecondaryIdInfo":[
              {
                "SecondaryId":"UCLA-010302101"
              },{
                "SecondaryId":"IP-01-312"
              },{
                "SecondaryId":"NCI-G02-2055"
              }
            ]
          },
          "Organization":{
            "OrgFullName":"National Cancer Institute (NCI)",
            "OrgClass":"NIH"
          },
          "BriefTitle":"INS316 Compared With Saline for Sputum Collection in Diagnosing Lung Cancer",
          "OfficialTitle":"A Double-Blinded, Placebo-Controlled, Parallel Group Study Of Uridine 5'-Triphosphate (UTP) Solution For Inhalation As An Adjunct In The Diagnosis Of Lung Cancer By Sputum Cytology"
        },
        "StatusModule":{
          "StatusVerifiedDate":"September 2002",
          "OverallStatus":"Unknown status",
          "LastKnownStatus":"Active, not recruiting",
          "ExpandedAccessInfo":{
            "HasExpandedAccess":"No"
          },
          "StudyFirstSubmitDate":"April 9, 2002",
          "StudyFirstSubmitQCDate":"October 21, 2003",
          "StudyFirstPostDateStruct":{
            "StudyFirstPostDate":"October 22, 2003",
            "StudyFirstPostDateType":"Estimate"
          },
          "LastUpdateSubmitDate":"November 5, 2013",
          "LastUpdatePostDateStruct":{
            "LastUpdatePostDate":"November 6, 2013",
            "LastUpdatePostDateType":"Estimate"
          }
        },
        "SponsorCollaboratorsModule":{
          "LeadSponsor":{
            "LeadSponsorName":"Jonsson Comprehensive Cancer Center",
            "LeadSponsorClass":"OTHER"
          },
          "CollaboratorList":{
            "Collaborator":[
              {
                "CollaboratorName":"National Cancer Institute (NCI)",
                "CollaboratorClass":"NIH"
              }
            ]
          }
        },
        "OversightModule":{},
        "DescriptionModule":{
          "BriefSummary":"RATIONALE: INS316 may produce a better sputum sample for laboratory analysis and may provide a less invasive method of diagnosing lung cancer.\n\nPURPOSE: Randomized diagnostic trial to compare the effectiveness of INS316 with that of saline for sputum collection in diagnosing lung cancer in patients suspected of having lung cancer.",
          "DetailedDescription":"OBJECTIVES:\n\nCompare the number of lung cancer diagnoses obtained from cytological evaluation of sputum expectorated after inhalation of INS316 versus normal saline as an adjunct for spontaneous expectoration of sputum in patients with suspected lung cancer.\nCompare the relative sensitivity of sputum cytology in the diagnosis of primary lung cancer using these methods of sputum collection in these patients.\nCompare the amount of sputum collected from patients using these methods.\nCorrelate the number of macrophages in sputum with the predictive likelihood of obtaining a positive diagnosis by sputum cytology in these patients.\nDetermine whether specificity of sputum cytology is adversely affected by induction with INS316 in these patients.\n\nOUTLINE: This is a randomized, double-blind, placebo-controlled, parallel, multicenter study. Patients are stratified according to tumor size and location as visualized by chest radiography, CT scan, or positron-emission tomography scan (peripheral tumor (distal to the subsegmental bronchi) no greater than 2 cm in diameter vs peripheral tumor greater than 2 cm in diameter vs central tumor no greater than 2 cm in diameter vs central tumor greater than 2 cm in diameter). Patients are randomized to one of two arms.\n\nPrior to dosing with sputum induction adjunct, all patients expectorate sputum spontaneously.\n\nArm I: Patients receive a single dose of INS316 by inhalation.\nArm II: Patients receive a single dose of placebo (normal saline) by inhalation.\n\nIn both arms, patients expectorate sputum during dosing, immediately after dosing, and then within 15, 30, and 60 minutes after dosing.\n\nPatients are followed on day 1 after dosing, for up to 8 weeks until a diagnosis is made, and then up to 3 months if diagnosis is malignant.\n\nPROJECTED ACCRUAL: Approximately 800 patients (or until 600 confirmed diagnoses of malignancy are made) will be accrued for this study."
        },
        "ConditionsModule":{
          "ConditionList":{
            "Condition":[
              "Lung Cancer"
            ]
          },
          "KeywordList":{
            "Keyword":[
              "non-small cell lung cancer",
              "small cell lung cancer"
            ]
          }
        },
        "DesignModule":{
          "StudyType":"Interventional",
          "PhaseList":{
            "Phase":[
              "Not Applicable"
            ]
          },
          "DesignInfo":{
            "DesignAllocation":"Randomized",
            "DesignPrimaryPurpose":"Diagnostic",
            "DesignMaskingInfo":{
              "DesignMasking":"Double"
            }
          }
        },
        "ArmsInterventionsModule":{
          "InterventionList":{
            "Intervention":[
              {
                "InterventionType":"Drug",
                "InterventionName":"INS316"
              },{
                "InterventionType":"Other",
                "InterventionName":"sputum cytology"
              }
            ]
          }
        },
        "EligibilityModule":{
          "EligibilityCriteria":"DISEASE CHARACTERISTICS:\n\nSuspected of having primary lung cancer by chest radiography, CT scan, or positron-emission tomography scan with symptoms, risk profile, or history suggestive of malignancy\nNo prior confirmed diagnosis for current suspicious lung tumor\nExpected to have a histological or cytological confirmation within 8 weeks after study completion\nNo prior treatment for current suspicious tumor unless current lesion is recurrence of same tumor (in same location) for which prior treatment was received at least 180 days prior to study\nFEV_1 at least 40% predicted\n\nPATIENT CHARACTERISTICS:\n\nAge:\n\n18 and over\n\nPerformance status:\n\nNot specified\n\nLife expectancy:\n\nNot specified\n\nHematopoietic:\n\nNot specified\n\nHepatic:\n\nNot specified\n\nRenal:\n\nNot specified\n\nOther:\n\nNot pregnant or nursing\nNegative pregnancy test\nFertile patients must use effective contraception\nNo other concurrent comorbid condition that would preclude study participation\n\nPRIOR CONCURRENT THERAPY:\n\nBiologic therapy:\n\nSee Disease Characteristics\n\nChemotherapy:\n\nSee Disease Characteristics\n\nEndocrine therapy:\n\nSee Disease Characteristics\n\nRadiotherapy:\n\nSee Disease Characteristics\n\nSurgery:\n\nAt least 4 days since prior pulmonary fine needle aspiration biopsy\nNo concurrent mediastinoscopy or thoracotomy\n\nOther:\n\nAt least 4 days since prior bronchoscopic examination\nAt least 3 days since prior sputum induction\nAt least 30 days since prior investigational drugs (including INS316) or experimental therapy\nNo concurrent medication that would preclude study participation",
          "HealthyVolunteers":"No",
          "Gender":"All",
          "MinimumAge":"18 Years",
          "StdAgeList":{
            "StdAge":[
              "Adult",
              "Older Adult"
            ]
          }
        },
        "ContactsLocationsModule":{
          "OverallOfficialList":{
            "OverallOfficial":[
              {
                "OverallOfficialName":"Jenny T. Mao, MD",
                "OverallOfficialAffiliation":"Jonsson Comprehensive Cancer Center",
                "OverallOfficialRole":"Study Chair"
              }
            ]
          }
        }
      },
      "DerivedSection":{
        "MiscInfoModule":{
          "VersionHolder":"April 19, 2021"
        },
        "ConditionBrowseModule":{
          "ConditionMeshList":{
            "ConditionMesh":[
              {
                "ConditionMeshId":"D000008175",
                "ConditionMeshTerm":"Lung Neoplasms"
              }
            ]
          },
          "ConditionAncestorList":{
            "ConditionAncestor":[
              {
                "ConditionAncestorId":"D000012142",
                "ConditionAncestorTerm":"Respiratory Tract Neoplasms"
              },{
                "ConditionAncestorId":"D000013899",
                "ConditionAncestorTerm":"Thoracic Neoplasms"
              },{
                "ConditionAncestorId":"D000009371",
                "ConditionAncestorTerm":"Neoplasms by Site"
              },{
                "ConditionAncestorId":"D000009369",
                "ConditionAncestorTerm":"Neoplasms"
              },{
                "ConditionAncestorId":"D000008171",
                "ConditionAncestorTerm":"Lung Diseases"
              },{
                "ConditionAncestorId":"D000012140",
                "ConditionAncestorTerm":"Respiratory Tract Diseases"
              }
            ]
          },
          "ConditionBrowseLeafList":{
            "ConditionBrowseLeaf":[
              {
                "ConditionBrowseLeafId":"M9755",
                "ConditionBrowseLeafName":"Lung Neoplasms",
                "ConditionBrowseLeafAsFound":"Lung Cancer",
                "ConditionBrowseLeafRelevance":"high"
              },{
                "ConditionBrowseLeafId":"M4128",
                "ConditionBrowseLeafName":"Carcinoma, Non-Small-Cell Lung",
                "ConditionBrowseLeafRelevance":"low"
              },{
                "ConditionBrowseLeafId":"M25724",
                "ConditionBrowseLeafName":"Respiratory Aspiration",
                "ConditionBrowseLeafRelevance":"low"
              },{
                "ConditionBrowseLeafId":"M26910",
                "ConditionBrowseLeafName":"Small Cell Lung Carcinoma",
                "ConditionBrowseLeafRelevance":"low"
              },{
                "ConditionBrowseLeafId":"M13562",
                "ConditionBrowseLeafName":"Respiratory Tract Neoplasms",
                "ConditionBrowseLeafRelevance":"low"
              },{
                "ConditionBrowseLeafId":"M15241",
                "ConditionBrowseLeafName":"Thoracic Neoplasms",
                "ConditionBrowseLeafRelevance":"low"
              },{
                "ConditionBrowseLeafId":"M9751",
                "ConditionBrowseLeafName":"Lung Diseases",
                "ConditionBrowseLeafRelevance":"low"
              },{
                "ConditionBrowseLeafId":"M13560",
                "ConditionBrowseLeafName":"Respiratory Tract Diseases",
                "ConditionBrowseLeafRelevance":"low"
              },{
                "ConditionBrowseLeafId":"T5271",
                "ConditionBrowseLeafName":"Small Cell Lung Cancer",
                "ConditionBrowseLeafRelevance":"low"
              }
            ]
          },
          "ConditionBrowseBranchList":{
            "ConditionBrowseBranch":[
              {
                "ConditionBrowseBranchAbbrev":"BC04",
                "ConditionBrowseBranchName":"Cancers and Other Neoplasms"
              },{
                "ConditionBrowseBranchAbbrev":"BC08",
                "ConditionBrowseBranchName":"Respiratory Tract (Lung and Bronchial) Diseases"
              },{
                "ConditionBrowseBranchAbbrev":"All",
                "ConditionBrowseBranchName":"All Conditions"
              },{
                "ConditionBrowseBranchAbbrev":"BC23",
                "ConditionBrowseBranchName":"Symptoms and General Pathology"
              },{
                "ConditionBrowseBranchAbbrev":"Rare",
                "ConditionBrowseBranchName":"Rare Diseases"
              }
            ]
          }
        },
        "InterventionBrowseModule":{
          "InterventionBrowseLeafList":{
            "InterventionBrowseLeaf":[
              {
                "InterventionBrowseLeafId":"M20444",
                "InterventionBrowseLeafName":"Pharmaceutical Solutions",
                "InterventionBrowseLeafRelevance":"low"
              }
            ]
          },
          "InterventionBrowseBranchList":{
            "InterventionBrowseBranch":[
              {
                "InterventionBrowseBranchAbbrev":"PhSol",
                "InterventionBrowseBranchName":"Pharmaceutical Solutions"
              },{
                "InterventionBrowseBranchAbbrev":"All",
                "InterventionBrowseBranchName":"All Drugs and Chemicals"
              }
            ]
          }
        }
      }
    }
  }
}

