{
  "FullStudy":{
    "Rank":366968,
    "Study":{
      "ProtocolSection":{
        "IdentificationModule":{
          "NCTId":"NCT00037726",
          "OrgStudyIdInfo":{
            "OrgStudyId":"1174"
          },
          "SecondaryIdInfoList":{
            "SecondaryIdInfo":[
              {
                "SecondaryId":"R03HL067427",
                "SecondaryIdType":"U.S. NIH Grant/Contract",
                "SecondaryIdLink":"https://projectreporter.nih.gov/reporterapi.cfm?PROJECTNUM=R03HL067427&Fy=all"
              }
            ]
          },
          "Organization":{
            "OrgFullName":"Augusta University",
            "OrgClass":"OTHER"
          },
          "BriefTitle":"Antibiotics in Infancy--Risk Factor for Childhood Asthma"
        },
        "StatusModule":{
          "StatusVerifiedDate":"December 2005",
          "OverallStatus":"Completed",
          "ExpandedAccessInfo":{
            "HasExpandedAccess":"No"
          },
          "StartDateStruct":{
            "StartDate":"April 2001"
          },
          "CompletionDateStruct":{
            "CompletionDate":"March 2004"
          },
          "StudyFirstSubmitDate":"May 20, 2002",
          "StudyFirstSubmitQCDate":"May 20, 2002",
          "StudyFirstPostDateStruct":{
            "StudyFirstPostDate":"May 21, 2002",
            "StudyFirstPostDateType":"Estimate"
          },
          "LastUpdateSubmitDate":"December 21, 2015",
          "LastUpdatePostDateStruct":{
            "LastUpdatePostDate":"December 23, 2015",
            "LastUpdatePostDateType":"Estimate"
          }
        },
        "SponsorCollaboratorsModule":{
          "LeadSponsor":{
            "LeadSponsorName":"Augusta University",
            "LeadSponsorClass":"OTHER"
          },
          "CollaboratorList":{
            "Collaborator":[
              {
                "CollaboratorName":"National Heart, Lung, and Blood Institute (NHLBI)",
                "CollaboratorClass":"NIH"
              }
            ]
          }
        },
        "DescriptionModule":{
          "BriefSummary":"To examine possible relationships between antibiotic use, as determined by prescriptions filled, and asthma in children ages 6 to 7.",
          "DetailedDescription":"BACKGROUND:\n\nMorbidity and mortality from childhood asthma have been increasing in all developed countries over the past three decades, including in the United States. Numerous theories have been advanced to explain this asthma epidemic, but no single theory has held up to careful scrutiny. Recent international studies have suggested a relatively strong causal relationship between increased risk of childhood asthma and exposure to antibiotics during childhood, especially during the first year of life. The increased asthma risk was seen whether antibiotics were used to treat respiratory or non-respiratory infections. While these previous studies are suggestive, there are significant methodologic concerns about each study. A major concern with most of the studies is their reliance on retrospective recall of antibiotic exposure data from parents years after the exposure. The study relied on prospective data from the Childhood Asthma Study.\n\nDESIGN NARRATIVE:\n\nData were used from the prospective, NIH-funded study of the relationship between early environmental exposures and the development of asthma in a birth cohort of children followed to an average 6.7 years of age. At 6.7 years, 482 (58%) of the original 833 children were clinically examined as part of this Childhood Asthma Study (CAS). In addition to clinical histories, the 6- to 7- year clinical examination included skin tests, IgE antibody tests, pulmonary function tests and methacholine challenge. At entry all of the CAS children were within the Health Alliance Plan (HAP) HMO. The study was based on combining the CAS data set with pharmacy data extracted from the HAP data archives. This allowed an examination of possible relationships between antibiotic use, as determined by prescriptions filled, and asthma at 6 to 7 years of age. While not strictly a prospective study, these methods avoided many of the potential sources of bias found in previous studies. The study was also able to evaluate any relationships between antibiotic exposure and asthma for confounding by other risk factors such as bedroom allergen levels, pet ownership, cigarette smoke exposure, and parental history of asthma or allergy."
        },
        "ConditionsModule":{
          "ConditionList":{
            "Condition":[
              "Asthma",
              "Lung Diseases"
            ]
          }
        },
        "DesignModule":{
          "StudyType":"Observational"
        },
        "EligibilityModule":{
          "EligibilityCriteria":"No eligibility criteria",
          "HealthyVolunteers":"No",
          "Gender":"All",
          "MaximumAge":"7 Years",
          "StdAgeList":{
            "StdAge":[
              "Child"
            ]
          }
        },
        "ContactsLocationsModule":{
          "OverallOfficialList":{
            "OverallOfficial":[
              {
                "OverallOfficialName":"Dennis Ownby",
                "OverallOfficialAffiliation":"Augusta University"
              }
            ]
          }
        },
        "ReferencesModule":{
          "ReferenceList":{
            "Reference":[
              {
                "ReferencePMID":"12762090",
                "ReferenceType":"background",
                "ReferenceCitation":"Johnson CC, Ownby DR, Zoratti EM, Alford SH, Williams LK, Joseph CL. Environmental epidemiology of pediatric asthma and allergy. Epidemiol Rev. 2002;24(2):154-75. Review."
              },{
                "ReferencePMID":"14767444",
                "ReferenceType":"background",
                "ReferenceCitation":"Williams LK, Peterson EL, Ownby DR, Johnson CC. The relationship between early fever and allergic sensitization at age 6 to 7 years. J Allergy Clin Immunol. 2004 Feb;113(2):291-6."
              },{
                "ReferencePMID":"15536408",
                "ReferenceType":"background",
                "ReferenceCitation":"Alford SH, Zoratti E, Peterson EL, Maliarik M, Ownby DR, Johnson CC. Parental history of atopic disease: disease pattern and risk of pediatric atopy in offspring. J Allergy Clin Immunol. 2004 Nov;114(5):1046-50."
              },{
                "ReferencePMID":"14612678",
                "ReferenceType":"background",
                "ReferenceCitation":"Ownby DR, Johnson CC. Does exposure to dogs and cats in the first year of life influence the development of allergic sensitization? Curr Opin Allergy Clin Immunol. 2003 Dec;3(6):517-22. Review."
              },{
                "ReferencePMID":"15940137",
                "ReferenceType":"background",
                "ReferenceCitation":"Johnson CC, Ownby DR, Alford SH, Havstad SL, Williams LK, Zoratti EM, Peterson EL, Joseph CL. Antibiotic exposure in early infancy and risk for childhood atopy. J Allergy Clin Immunol. 2005 Jun;115(6):1218-24."
              }
            ]
          }
        }
      },
      "DerivedSection":{
        "MiscInfoModule":{
          "VersionHolder":"April 19, 2021"
        },
        "ConditionBrowseModule":{
          "ConditionMeshList":{
            "ConditionMesh":[
              {
                "ConditionMeshId":"D000001249",
                "ConditionMeshTerm":"Asthma"
              },{
                "ConditionMeshId":"D000008171",
                "ConditionMeshTerm":"Lung Diseases"
              }
            ]
          },
          "ConditionAncestorList":{
            "ConditionAncestor":[
              {
                "ConditionAncestorId":"D000001982",
                "ConditionAncestorTerm":"Bronchial Diseases"
              },{
                "ConditionAncestorId":"D000012140",
                "ConditionAncestorTerm":"Respiratory Tract Diseases"
              },{
                "ConditionAncestorId":"D000008173",
                "ConditionAncestorTerm":"Lung Diseases, Obstructive"
              },{
                "ConditionAncestorId":"D000012130",
                "ConditionAncestorTerm":"Respiratory Hypersensitivity"
              },{
                "ConditionAncestorId":"D000006969",
                "ConditionAncestorTerm":"Hypersensitivity, Immediate"
              },{
                "ConditionAncestorId":"D000006967",
                "ConditionAncestorTerm":"Hypersensitivity"
              },{
                "ConditionAncestorId":"D000007154",
                "ConditionAncestorTerm":"Immune System Diseases"
              }
            ]
          },
          "ConditionBrowseLeafList":{
            "ConditionBrowseLeaf":[
              {
                "ConditionBrowseLeafId":"M9751",
                "ConditionBrowseLeafName":"Lung Diseases",
                "ConditionBrowseLeafAsFound":"Lung Disease",
                "ConditionBrowseLeafRelevance":"high"
              },{
                "ConditionBrowseLeafId":"M3137",
                "ConditionBrowseLeafName":"Asthma",
                "ConditionBrowseLeafAsFound":"Asthma",
                "ConditionBrowseLeafRelevance":"high"
              },{
                "ConditionBrowseLeafId":"M3840",
                "ConditionBrowseLeafName":"Bronchial Diseases",
                "ConditionBrowseLeafRelevance":"low"
              },{
                "ConditionBrowseLeafId":"M13560",
                "ConditionBrowseLeafName":"Respiratory Tract Diseases",
                "ConditionBrowseLeafRelevance":"low"
              },{
                "ConditionBrowseLeafId":"M9753",
                "ConditionBrowseLeafName":"Lung Diseases, Obstructive",
                "ConditionBrowseLeafRelevance":"low"
              },{
                "ConditionBrowseLeafId":"M8601",
                "ConditionBrowseLeafName":"Hypersensitivity",
                "ConditionBrowseLeafRelevance":"low"
              },{
                "ConditionBrowseLeafId":"M13550",
                "ConditionBrowseLeafName":"Respiratory Hypersensitivity",
                "ConditionBrowseLeafRelevance":"low"
              },{
                "ConditionBrowseLeafId":"M8603",
                "ConditionBrowseLeafName":"Hypersensitivity, Immediate",
                "ConditionBrowseLeafRelevance":"low"
              },{
                "ConditionBrowseLeafId":"M8783",
                "ConditionBrowseLeafName":"Immune System Diseases",
                "ConditionBrowseLeafRelevance":"low"
              }
            ]
          },
          "ConditionBrowseBranchList":{
            "ConditionBrowseBranch":[
              {
                "ConditionBrowseBranchAbbrev":"BC08",
                "ConditionBrowseBranchName":"Respiratory Tract (Lung and Bronchial) Diseases"
              },{
                "ConditionBrowseBranchAbbrev":"All",
                "ConditionBrowseBranchName":"All Conditions"
              },{
                "ConditionBrowseBranchAbbrev":"BC20",
                "ConditionBrowseBranchName":"Immune System Diseases"
              }
            ]
          }
        },
        "InterventionBrowseModule":{
          "InterventionBrowseLeafList":{
            "InterventionBrowseLeaf":[
              {
                "InterventionBrowseLeafId":"M2803",
                "InterventionBrowseLeafName":"Anti-Bacterial Agents",
                "InterventionBrowseLeafRelevance":"low"
              },{
                "InterventionBrowseLeafId":"M2805",
                "InterventionBrowseLeafName":"Antibiotics, Antitubercular",
                "InterventionBrowseLeafRelevance":"low"
              }
            ]
          },
          "InterventionBrowseBranchList":{
            "InterventionBrowseBranch":[
              {
                "InterventionBrowseBranchAbbrev":"Infe",
                "InterventionBrowseBranchName":"Anti-Infective Agents"
              },{
                "InterventionBrowseBranchAbbrev":"All",
                "InterventionBrowseBranchName":"All Drugs and Chemicals"
              }
            ]
          }
        }
      }
    }
  }
}

