{
  "FullStudy":{
    "Rank":367064,
    "Study":{
      "ProtocolSection":{
        "IdentificationModule":{
          "NCTId":"NCT00036400",
          "OrgStudyIdInfo":{
            "OrgStudyId":"CR002365"
          },
          "Organization":{
            "OrgFullName":"Johnson & Johnson Pharmaceutical Research & Development, L.L.C.",
            "OrgClass":"INDUSTRY"
          },
          "BriefTitle":"Study of the Efficacy and Safety of Epoetin Alfa Administered Weekly in Patients With Gastric or Rectal Cancers Undergoing a Treatment Plan of Preoperative Chemotherapy and Radiation Therapy, Followed by Surgery",
          "OfficialTitle":"A Double-Blind, Randomized, Placebo-Controlled Study of the Efficacy and Safety of Epoetin Alfa Administered Weekly in Patients With Gastric or Rectal Cancers Undergoing Preoperative Chemoradiation Followed by Surgery"
        },
        "StatusModule":{
          "StatusVerifiedDate":"April 2010",
          "OverallStatus":"Completed",
          "StartDateStruct":{
            "StartDate":"December 2001"
          },
          "CompletionDateStruct":{
            "CompletionDate":"December 2003",
            "CompletionDateType":"Actual"
          },
          "StudyFirstSubmitDate":"May 9, 2002",
          "StudyFirstSubmitQCDate":"May 9, 2002",
          "StudyFirstPostDateStruct":{
            "StudyFirstPostDate":"May 10, 2002",
            "StudyFirstPostDateType":"Estimate"
          },
          "LastUpdateSubmitDate":"June 8, 2011",
          "LastUpdatePostDateStruct":{
            "LastUpdatePostDate":"June 10, 2011",
            "LastUpdatePostDateType":"Estimate"
          }
        },
        "SponsorCollaboratorsModule":{
          "LeadSponsor":{
            "LeadSponsorName":"Johnson & Johnson Pharmaceutical Research & Development, L.L.C.",
            "LeadSponsorClass":"INDUSTRY"
          },
          "CollaboratorList":{
            "Collaborator":[
              {
                "CollaboratorName":"Ortho Biotech Products, L.P.",
                "CollaboratorClass":"INDUSTRY"
              }
            ]
          }
        },
        "OversightModule":{},
        "DescriptionModule":{
          "BriefSummary":"The purpose of this study is to evaluate the effectiveness and safety of epoetin alfa on the reduction in red blood cell transfusions needed in gastric cancer patients and rectal cancer patients undergoing a treatment plan of preoperative chemotherapy and radiation therapy, followed by surgery.",
          "DetailedDescription":"Cancer patients often experience anemia due to the disease itself, chemotherapy, or both. Quality of life is also affected, in part because of the fatigue associated with anemia. Previous studies with epoetin alfa have suggested that achieving a higher hemoglobin level may improve quality of life and help patients live longer. The primary objective of the study is to demonstrate the effectiveness and safety of epoetin alfa on the reduction in red blood cell transfusions needed in gastric and rectal cancer patients undergoing preoperative chemotherapy and radiation therapy (chemoradiation), followed by surgery. The purpose of this study is to assess the effectiveness of 40,000 to 60,000 Units of epoetin alfa or matching placebo injected under the skin once weekly for up to 16 weeks (starting 1 week before chemoradiation and extending up to 4 weeks after surgery) in reducing red blood cell transfusions during the 16-week period. Other effectiveness measures include the ability of epoetin alfa to maintain baseline hemoglobin levels during the chemoradiation and its effect on quality of life and tumor response during the study period. The safety of epoetin alfa will be assessed by incidence and severity of adverse events, clinical laboratory tests, physical examinations, and vital signs. The hypothesis of the study is that epoetin alfa is superior to placebo in reducing the number of transfusions, preventing anemia and improving quality of life during chemoradiation, surgery, and immediately after surgery. 40,000 to 60,000 Units of epoetin alfa or placebo injected under the skin once weekly for up to 16 weeks. First 4 weeks the dose is 40,000 Units; increased to 60,000 Units weekly starting at week 4 of chemoradiation if hemoglobin decreases by >=1 g/dL and/or is <=13 g/dL after 4 weeks of treatment."
        },
        "ConditionsModule":{
          "ConditionList":{
            "Condition":[
              "Stomach Neoplasms",
              "Rectal Neoplasms"
            ]
          },
          "KeywordList":{
            "Keyword":[
              "Anemia",
              "Gastric Cancer",
              "Rectal Cancer",
              "Epoetin Alfa"
            ]
          }
        },
        "DesignModule":{
          "StudyType":"Interventional",
          "PhaseList":{
            "Phase":[
              "Phase 3"
            ]
          },
          "DesignInfo":{
            "DesignAllocation":"Randomized",
            "DesignInterventionModel":"Parallel Assignment",
            "DesignPrimaryPurpose":"Treatment",
            "DesignMaskingInfo":{
              "DesignMasking":"Double"
            }
          },
          "EnrollmentInfo":{
            "EnrollmentCount":"60",
            "EnrollmentType":"Actual"
          }
        },
        "ArmsInterventionsModule":{
          "InterventionList":{
            "Intervention":[
              {
                "InterventionType":"Drug",
                "InterventionName":"epoetin alfa"
              }
            ]
          }
        },
        "OutcomesModule":{
          "PrimaryOutcomeList":{
            "PrimaryOutcome":[
              {
                "PrimaryOutcomeMeasure":"Number of red blood cell transfusions"
              }
            ]
          },
          "SecondaryOutcomeList":{
            "SecondaryOutcome":[
              {
                "SecondaryOutcomeMeasure":"Hemoglobin levels during preoperative chemoradiation; effect on quality of life measured by patient self-reported Linear Analog Scale Assessment, Functional Assessment of Cancer Therapy-Anemia, and Brief Fatigue Inventory; tumor response; safety"
              }
            ]
          }
        },
        "EligibilityModule":{
          "EligibilityCriteria":"Inclusion Criteria:\n\nPatients must have a confirmed diagnosis of gastric cancer or rectal cancer for whom the treatment plan is preoperative chemotherapy and radiation therapy, followed by surgery\nhave a life expectancy of greater than 6 months\nhave a baseline hemoglobin value of >= 10 g/dL and < 15 g/dL and adequate hematologic function\nhave adequate liver and kidney function\nif female, must be postmenopausal, surgically sterile, or practicing an effective method of birth control.\n\nExclusion Criteria:\n\nRectal cancer patients who have received chemotherapy or gastric cancer patients who have received more than two cycles of chemotherapy\nanemia due to factors other than cancer or chemotherapy (e.g., iron, vitamin B12 or folate deficiencies, hemolysis or gastrointestinal bleeding)\nhistory of any other major medical condition or uncontrolled disease\nhad a transfusion of white blood cells or packed red blood cells within one month prior to study entry or administration of androgen (male sex hormone) therapy within 2 months of study entry\nhave received prior treatment with epoetin alfa or any investigational forms of erythropoietin within the previous six months.",
          "HealthyVolunteers":"No",
          "Gender":"All",
          "MinimumAge":"18 Years",
          "StdAgeList":{
            "StdAge":[
              "Adult",
              "Older Adult"
            ]
          }
        },
        "ContactsLocationsModule":{
          "OverallOfficialList":{
            "OverallOfficial":[
              {
                "OverallOfficialName":"Johnson & Johnson Pharmaceutical Research & Development, L.L. C. Clinical Trial",
                "OverallOfficialAffiliation":"Johnson & Johnson Pharmaceutical Research & Development, L.L.C.",
                "OverallOfficialRole":"Study Director"
              }
            ]
          }
        },
        "ReferencesModule":{
          "SeeAlsoLinkList":{
            "SeeAlsoLink":[
              {
                "SeeAlsoLinkLabel":"A DOUBLE-BLIND, RANDOMIZED, PLACEBO-CONTROLLED STUDY OF THE EFFICACY AND SAFETY OF EPOETIN ALFA ADMINISTERED WEEKLY IN PATIENTS WITH GASTRIC OR RECTAL CANCERS UNDERGOING PREOPERATIVE CHEMORADIATION FOLLOWED BY SURGERY",
                "SeeAlsoLinkURL":"http://filehosting.pharmacm.com/DownloadService.ashx?client=CTR_JNJ_6051&studyid=472&filename=CR002365_CSR.pdf"
              }
            ]
          }
        }
      },
      "DerivedSection":{
        "MiscInfoModule":{
          "VersionHolder":"April 19, 2021"
        },
        "ConditionBrowseModule":{
          "ConditionMeshList":{
            "ConditionMesh":[
              {
                "ConditionMeshId":"D000009369",
                "ConditionMeshTerm":"Neoplasms"
              },{
                "ConditionMeshId":"D000012004",
                "ConditionMeshTerm":"Rectal Neoplasms"
              },{
                "ConditionMeshId":"D000013274",
                "ConditionMeshTerm":"Stomach Neoplasms"
              }
            ]
          },
          "ConditionAncestorList":{
            "ConditionAncestor":[
              {
                "ConditionAncestorId":"D000015179",
                "ConditionAncestorTerm":"Colorectal Neoplasms"
              },{
                "ConditionAncestorId":"D000007414",
                "ConditionAncestorTerm":"Intestinal Neoplasms"
              },{
                "ConditionAncestorId":"D000005770",
                "ConditionAncestorTerm":"Gastrointestinal Neoplasms"
              },{
                "ConditionAncestorId":"D000004067",
                "ConditionAncestorTerm":"Digestive System Neoplasms"
              },{
                "ConditionAncestorId":"D000009371",
                "ConditionAncestorTerm":"Neoplasms by Site"
              },{
                "ConditionAncestorId":"D000004066",
                "ConditionAncestorTerm":"Digestive System Diseases"
              },{
                "ConditionAncestorId":"D000005767",
                "ConditionAncestorTerm":"Gastrointestinal Diseases"
              },{
                "ConditionAncestorId":"D000007410",
                "ConditionAncestorTerm":"Intestinal Diseases"
              },{
                "ConditionAncestorId":"D000012002",
                "ConditionAncestorTerm":"Rectal Diseases"
              },{
                "ConditionAncestorId":"D000013272",
                "ConditionAncestorTerm":"Stomach Diseases"
              }
            ]
          },
          "ConditionBrowseLeafList":{
            "ConditionBrowseLeaf":[
              {
                "ConditionBrowseLeafId":"M2651",
                "ConditionBrowseLeafName":"Anemia",
                "ConditionBrowseLeafRelevance":"low"
              },{
                "ConditionBrowseLeafId":"M14647",
                "ConditionBrowseLeafName":"Stomach Neoplasms",
                "ConditionBrowseLeafAsFound":"Stomach Neoplasms",
                "ConditionBrowseLeafRelevance":"high"
              },{
                "ConditionBrowseLeafId":"M13429",
                "ConditionBrowseLeafName":"Rectal Neoplasms",
                "ConditionBrowseLeafAsFound":"Rectal Neoplasms",
                "ConditionBrowseLeafRelevance":"high"
              },{
                "ConditionBrowseLeafId":"M16473",
                "ConditionBrowseLeafName":"Colorectal Neoplasms",
                "ConditionBrowseLeafRelevance":"low"
              },{
                "ConditionBrowseLeafId":"M9031",
                "ConditionBrowseLeafName":"Intestinal Neoplasms",
                "ConditionBrowseLeafRelevance":"low"
              },{
                "ConditionBrowseLeafId":"M7469",
                "ConditionBrowseLeafName":"Gastrointestinal Neoplasms",
                "ConditionBrowseLeafRelevance":"low"
              },{
                "ConditionBrowseLeafId":"M5839",
                "ConditionBrowseLeafName":"Digestive System Neoplasms",
                "ConditionBrowseLeafRelevance":"low"
              },{
                "ConditionBrowseLeafId":"M5838",
                "ConditionBrowseLeafName":"Digestive System Diseases",
                "ConditionBrowseLeafRelevance":"low"
              },{
                "ConditionBrowseLeafId":"M7466",
                "ConditionBrowseLeafName":"Gastrointestinal Diseases",
                "ConditionBrowseLeafRelevance":"low"
              },{
                "ConditionBrowseLeafId":"M9027",
                "ConditionBrowseLeafName":"Intestinal Diseases",
                "ConditionBrowseLeafRelevance":"low"
              },{
                "ConditionBrowseLeafId":"M13427",
                "ConditionBrowseLeafName":"Rectal Diseases",
                "ConditionBrowseLeafRelevance":"low"
              },{
                "ConditionBrowseLeafId":"M14645",
                "ConditionBrowseLeafName":"Stomach Diseases",
                "ConditionBrowseLeafRelevance":"low"
              },{
                "ConditionBrowseLeafId":"T5486",
                "ConditionBrowseLeafName":"Stomach Cancer",
                "ConditionBrowseLeafAsFound":"Stomach Neoplasms",
                "ConditionBrowseLeafRelevance":"high"
              }
            ]
          },
          "ConditionBrowseBranchList":{
            "ConditionBrowseBranch":[
              {
                "ConditionBrowseBranchAbbrev":"BC15",
                "ConditionBrowseBranchName":"Blood and Lymph Conditions"
              },{
                "ConditionBrowseBranchAbbrev":"All",
                "ConditionBrowseBranchName":"All Conditions"
              },{
                "ConditionBrowseBranchAbbrev":"BC04",
                "ConditionBrowseBranchName":"Cancers and Other Neoplasms"
              },{
                "ConditionBrowseBranchAbbrev":"BC06",
                "ConditionBrowseBranchName":"Digestive System Diseases"
              },{
                "ConditionBrowseBranchAbbrev":"Rare",
                "ConditionBrowseBranchName":"Rare Diseases"
              }
            ]
          }
        },
        "InterventionBrowseModule":{
          "InterventionMeshList":{
            "InterventionMesh":[
              {
                "InterventionMeshId":"D000068817",
                "InterventionMeshTerm":"Epoetin Alfa"
              }
            ]
          },
          "InterventionAncestorList":{
            "InterventionAncestor":[
              {
                "InterventionAncestorId":"D000006397",
                "InterventionAncestorTerm":"Hematinics"
              }
            ]
          },
          "InterventionBrowseLeafList":{
            "InterventionBrowseLeaf":[
              {
                "InterventionBrowseLeafId":"M314",
                "InterventionBrowseLeafName":"Epoetin Alfa",
                "InterventionBrowseLeafAsFound":"Albumin",
                "InterventionBrowseLeafRelevance":"high"
              },{
                "InterventionBrowseLeafId":"M8068",
                "InterventionBrowseLeafName":"Hematinics",
                "InterventionBrowseLeafRelevance":"low"
              }
            ]
          },
          "InterventionBrowseBranchList":{
            "InterventionBrowseBranch":[
              {
                "InterventionBrowseBranchAbbrev":"Hemat",
                "InterventionBrowseBranchName":"Hematinics"
              },{
                "InterventionBrowseBranchAbbrev":"All",
                "InterventionBrowseBranchName":"All Drugs and Chemicals"
              }
            ]
          }
        }
      }
    }
  }
}

