{
  "FullStudy":{
    "Rank":367296,
    "Study":{
      "ProtocolSection":{
        "IdentificationModule":{
          "NCTId":"NCT00033189",
          "OrgStudyIdInfo":{
            "OrgStudyId":"CNMC0301"
          },
          "Organization":{
            "OrgFullName":"Cooperative International Neuromuscular Research Group",
            "OrgClass":"NETWORK"
          },
          "BriefTitle":"An Open-label Pilot Study of Coenzyme Q10 in Steroid-Treated Duchenne Muscular Dystrophy"
        },
        "StatusModule":{
          "StatusVerifiedDate":"November 2010",
          "OverallStatus":"Completed",
          "StartDateStruct":{
            "StartDate":"September 2001"
          },
          "CompletionDateStruct":{
            "CompletionDate":"January 2005"
          },
          "StudyFirstSubmitDate":"April 8, 2002",
          "StudyFirstSubmitQCDate":"April 8, 2002",
          "StudyFirstPostDateStruct":{
            "StudyFirstPostDate":"April 9, 2002",
            "StudyFirstPostDateType":"Estimate"
          },
          "LastUpdateSubmitDate":"November 15, 2010",
          "LastUpdatePostDateStruct":{
            "LastUpdatePostDate":"November 16, 2010",
            "LastUpdatePostDateType":"Estimate"
          }
        },
        "SponsorCollaboratorsModule":{
          "LeadSponsor":{
            "LeadSponsorName":"Cooperative International Neuromuscular Research Group",
            "LeadSponsorClass":"NETWORK"
          }
        },
        "OversightModule":{},
        "DescriptionModule":{
          "BriefSummary":"This study will help to determine the safety and efficacy of the nutritional supplement Coenzyme Q10 when added to steroids as a treatment for Duchenne muscular dystrophy (DMD). Boys with DMD who are enrolled in this study will should be on a stable dose of steroids for at least six months, and will remain on their usual dose throughout the study. They will complete two screening visits within a one-week period, and if enrolled will then have their strength tested monthly for three months before beginning therapy with Coenzyme Q10. Once Coenzyme Q10 therapy is started, participants will have their strength tested monthly for six months. Following the six month treatment period, participants will be given the option to remain on Coenzyme Q10 until the study is completed."
        },
        "ConditionsModule":{
          "ConditionList":{
            "Condition":[
              "Muscular Dystrophy, Duchenne"
            ]
          },
          "KeywordList":{
            "Keyword":[
              "duchenne",
              "dystrophy",
              "DMD",
              "clinical trial",
              "CINRG"
            ]
          }
        },
        "DesignModule":{
          "StudyType":"Interventional",
          "PhaseList":{
            "Phase":[
              "Phase 2"
            ]
          },
          "DesignInfo":{
            "DesignAllocation":"Non-Randomized",
            "DesignInterventionModel":"Single Group Assignment",
            "DesignPrimaryPurpose":"Treatment",
            "DesignMaskingInfo":{
              "DesignMasking":"None (Open Label)"
            }
          },
          "EnrollmentInfo":{
            "EnrollmentCount":"15"
          }
        },
        "ArmsInterventionsModule":{
          "InterventionList":{
            "Intervention":[
              {
                "InterventionType":"Drug",
                "InterventionName":"Coenzyme Q10"
              }
            ]
          }
        },
        "EligibilityModule":{
          "EligibilityCriteria":"Subject Inclusion Criteria\n\nAge: 5 - 11 years old\nAmbulant\n\nDiagnosis of DMD confirmed by at least one the following:\n\nPositive X-linked family history for typical Duchenne muscular dystrophy in older male relatives (onset by age 5 yr., wheelchair-bound by age 12 yr.) OR\nDystrophin immunofluorescence and/or immunoblot showing complete dystrophin deficiency, and clinical picture consistent with typical Duchenne dystrophy OR\nGene deletion test positive (missing one or more exons) in the central rod domain (exons 25-60) of dystrophin, where reading frame can be predicted as 'out-of-frame', and clinical picture consistent with typical Duchenne dystrophy.\nOn Glucocorticosteroids: Children must be on a steady dose of prednisone or deflazacort, on any schedule (Daily, alternate days, 10 days on, 10 days off or twice a week), for the last 6 months before starting the clinical trial. Dose of steroid or schedule cannot be altered during the study.\nEvidence of muscle weakness by MRC score or clinical functional evaluation\nAbility to provide reproducible repeat QMT bicep score within 10% of first assessment score.\nAbility to swallow tablets\n\nSubject Exclusion Criteria\n\nFailure to achieve one or more of the diagnostic inclusion criteria cited above.\nSymptomatic DMD carrier\nPrevious (6 months or less) or current use of Coenzyme Q10 (for DMD or any other disease)\nUse of carnitine, other amino acids, creatine, glutamine, or any herbal medicines within the last 3 months.\nHistory of significant concomitant illness or significant impairment of renal or hepatic function.",
          "HealthyVolunteers":"No",
          "Gender":"Male",
          "MinimumAge":"5 Years",
          "MaximumAge":"11 Years",
          "StdAgeList":{
            "StdAge":[
              "Child"
            ]
          }
        },
        "ContactsLocationsModule":{
          "LocationList":{
            "Location":[
              {
                "LocationFacility":"Children's National Medical Center",
                "LocationCity":"Washington",
                "LocationState":"District of Columbia",
                "LocationZip":"20010",
                "LocationCountry":"United States"
              },{
                "LocationFacility":"Washington University-St. Louis",
                "LocationCity":"St. Louis",
                "LocationState":"Missouri",
                "LocationZip":"63110",
                "LocationCountry":"United States"
              }
            ]
          }
        }
      },
      "DerivedSection":{
        "MiscInfoModule":{
          "VersionHolder":"April 19, 2021"
        },
        "ConditionBrowseModule":{
          "ConditionMeshList":{
            "ConditionMesh":[
              {
                "ConditionMeshId":"D000009136",
                "ConditionMeshTerm":"Muscular Dystrophies"
              },{
                "ConditionMeshId":"D000020388",
                "ConditionMeshTerm":"Muscular Dystrophy, Duchenne"
              }
            ]
          },
          "ConditionAncestorList":{
            "ConditionAncestor":[
              {
                "ConditionAncestorId":"D000020966",
                "ConditionAncestorTerm":"Muscular Disorders, Atrophic"
              },{
                "ConditionAncestorId":"D000009135",
                "ConditionAncestorTerm":"Muscular Diseases"
              },{
                "ConditionAncestorId":"D000009140",
                "ConditionAncestorTerm":"Musculoskeletal Diseases"
              },{
                "ConditionAncestorId":"D000009468",
                "ConditionAncestorTerm":"Neuromuscular Diseases"
              },{
                "ConditionAncestorId":"D000009422",
                "ConditionAncestorTerm":"Nervous System Diseases"
              },{
                "ConditionAncestorId":"D000030342",
                "ConditionAncestorTerm":"Genetic Diseases, Inborn"
              },{
                "ConditionAncestorId":"D000040181",
                "ConditionAncestorTerm":"Genetic Diseases, X-Linked"
              }
            ]
          },
          "ConditionBrowseLeafList":{
            "ConditionBrowseLeaf":[
              {
                "ConditionBrowseLeafId":"M10676",
                "ConditionBrowseLeafName":"Muscular Dystrophies",
                "ConditionBrowseLeafAsFound":"Muscular Dystrophy",
                "ConditionBrowseLeafRelevance":"high"
              },{
                "ConditionBrowseLeafId":"M20769",
                "ConditionBrowseLeafName":"Muscular Dystrophy, Duchenne",
                "ConditionBrowseLeafAsFound":"Muscular Dystrophy, Duchenne",
                "ConditionBrowseLeafRelevance":"high"
              },{
                "ConditionBrowseLeafId":"M3170",
                "ConditionBrowseLeafName":"Atrophy",
                "ConditionBrowseLeafRelevance":"low"
              },{
                "ConditionBrowseLeafId":"M10675",
                "ConditionBrowseLeafName":"Muscular Diseases",
                "ConditionBrowseLeafRelevance":"low"
              },{
                "ConditionBrowseLeafId":"M21281",
                "ConditionBrowseLeafName":"Muscular Disorders, Atrophic",
                "ConditionBrowseLeafRelevance":"low"
              },{
                "ConditionBrowseLeafId":"M10680",
                "ConditionBrowseLeafName":"Musculoskeletal Diseases",
                "ConditionBrowseLeafRelevance":"low"
              },{
                "ConditionBrowseLeafId":"M10994",
                "ConditionBrowseLeafName":"Neuromuscular Diseases",
                "ConditionBrowseLeafRelevance":"low"
              },{
                "ConditionBrowseLeafId":"M22270",
                "ConditionBrowseLeafName":"Genetic Diseases, Inborn",
                "ConditionBrowseLeafRelevance":"low"
              },{
                "ConditionBrowseLeafId":"M23464",
                "ConditionBrowseLeafName":"Genetic Diseases, X-Linked",
                "ConditionBrowseLeafRelevance":"low"
              },{
                "ConditionBrowseLeafId":"T3963",
                "ConditionBrowseLeafName":"Muscular Dystrophy",
                "ConditionBrowseLeafAsFound":"Muscular Dystrophy",
                "ConditionBrowseLeafRelevance":"high"
              },{
                "ConditionBrowseLeafId":"T698",
                "ConditionBrowseLeafName":"Becker Muscular Dystrophy",
                "ConditionBrowseLeafAsFound":"Muscular Dystrophy, Duchenne",
                "ConditionBrowseLeafRelevance":"high"
              },{
                "ConditionBrowseLeafId":"T1945",
                "ConditionBrowseLeafName":"Duchenne Muscular Dystrophy",
                "ConditionBrowseLeafAsFound":"Muscular Dystrophy, Duchenne",
                "ConditionBrowseLeafRelevance":"high"
              }
            ]
          },
          "ConditionBrowseBranchList":{
            "ConditionBrowseBranch":[
              {
                "ConditionBrowseBranchAbbrev":"BC05",
                "ConditionBrowseBranchName":"Muscle, Bone, and Cartilage Diseases"
              },{
                "ConditionBrowseBranchAbbrev":"BC10",
                "ConditionBrowseBranchName":"Nervous System Diseases"
              },{
                "ConditionBrowseBranchAbbrev":"BC16",
                "ConditionBrowseBranchName":"Diseases and Abnormalities at or Before Birth"
              },{
                "ConditionBrowseBranchAbbrev":"All",
                "ConditionBrowseBranchName":"All Conditions"
              },{
                "ConditionBrowseBranchAbbrev":"BC23",
                "ConditionBrowseBranchName":"Symptoms and General Pathology"
              },{
                "ConditionBrowseBranchAbbrev":"Rare",
                "ConditionBrowseBranchName":"Rare Diseases"
              }
            ]
          }
        },
        "InterventionBrowseModule":{
          "InterventionMeshList":{
            "InterventionMesh":[
              {
                "InterventionMeshId":"D000014451",
                "InterventionMeshTerm":"Ubiquinone"
              },{
                "InterventionMeshId":"C000024989",
                "InterventionMeshTerm":"Coenzyme Q10"
              }
            ]
          },
          "InterventionAncestorList":{
            "InterventionAncestor":[
              {
                "InterventionAncestorId":"D000018977",
                "InterventionAncestorTerm":"Micronutrients"
              },{
                "InterventionAncestorId":"D000078622",
                "InterventionAncestorTerm":"Nutrients"
              },{
                "InterventionAncestorId":"D000006133",
                "InterventionAncestorTerm":"Growth Substances"
              },{
                "InterventionAncestorId":"D000045505",
                "InterventionAncestorTerm":"Physiological Effects of Drugs"
              },{
                "InterventionAncestorId":"D000014815",
                "InterventionAncestorTerm":"Vitamins"
              }
            ]
          },
          "InterventionBrowseLeafList":{
            "InterventionBrowseLeaf":[
              {
                "InterventionBrowseLeafId":"M15784",
                "InterventionBrowseLeafName":"Ubiquinone",
                "InterventionBrowseLeafAsFound":"Nocturnal",
                "InterventionBrowseLeafRelevance":"high"
              },{
                "InterventionBrowseLeafId":"M268804",
                "InterventionBrowseLeafName":"Coenzyme Q10",
                "InterventionBrowseLeafAsFound":"Long-term Follow-up",
                "InterventionBrowseLeafRelevance":"high"
              },{
                "InterventionBrowseLeafId":"M19593",
                "InterventionBrowseLeafName":"Micronutrients",
                "InterventionBrowseLeafRelevance":"low"
              },{
                "InterventionBrowseLeafId":"M15468",
                "InterventionBrowseLeafName":"Trace Elements",
                "InterventionBrowseLeafRelevance":"low"
              },{
                "InterventionBrowseLeafId":"M1986",
                "InterventionBrowseLeafName":"Nutrients",
                "InterventionBrowseLeafRelevance":"low"
              },{
                "InterventionBrowseLeafId":"M16141",
                "InterventionBrowseLeafName":"Vitamins",
                "InterventionBrowseLeafRelevance":"low"
              },{
                "InterventionBrowseLeafId":"T383",
                "InterventionBrowseLeafName":"Coenzyme Q10",
                "InterventionBrowseLeafAsFound":"Long-term Follow-up",
                "InterventionBrowseLeafRelevance":"high"
              }
            ]
          },
          "InterventionBrowseBranchList":{
            "InterventionBrowseBranch":[
              {
                "InterventionBrowseBranchAbbrev":"Micro",
                "InterventionBrowseBranchName":"Micronutrients"
              },{
                "InterventionBrowseBranchAbbrev":"All",
                "InterventionBrowseBranchName":"All Drugs and Chemicals"
              },{
                "InterventionBrowseBranchAbbrev":"Ot",
                "InterventionBrowseBranchName":"Other Dietary Supplements"
              }
            ]
          }
        }
      }
    }
  }
}

