{
  "FullStudy":{
    "Rank":367154,
    "Study":{
      "ProtocolSection":{
        "IdentificationModule":{
          "NCTId":"NCT00035178",
          "OrgStudyIdInfo":{
            "OrgStudyId":"ARG-402"
          },
          "Organization":{
            "OrgFullName":"Encysive Pharmaceuticals",
            "OrgClass":"INDUSTRY"
          },
          "BriefTitle":"Pharmacokinetics/Pharmacodynamics of Argatroban Injection in End-Stage Renal Disease Patients Undergoing Hemodialysis",
          "OfficialTitle":"Pharmacokinetics and Pharmacodynamics of Argatroban Injection in End-Stage Renal Disease (ESRD) Patients Undergoing Hemodialysis"
        },
        "StatusModule":{
          "StatusVerifiedDate":"December 2003",
          "OverallStatus":"Completed",
          "StartDateStruct":{
            "StartDate":"May 2002"
          },
          "CompletionDateStruct":{
            "CompletionDate":"November 2002"
          },
          "StudyFirstSubmitDate":"May 2, 2002",
          "StudyFirstSubmitQCDate":"May 2, 2002",
          "StudyFirstPostDateStruct":{
            "StudyFirstPostDate":"May 3, 2002",
            "StudyFirstPostDateType":"Estimate"
          },
          "LastUpdateSubmitDate":"June 23, 2005",
          "LastUpdatePostDateStruct":{
            "LastUpdatePostDate":"June 24, 2005",
            "LastUpdatePostDateType":"Estimate"
          }
        },
        "SponsorCollaboratorsModule":{
          "LeadSponsor":{
            "LeadSponsorName":"Texas Biotechnology Corporation",
            "LeadSponsorClass":"INDUSTRY"
          }
        },
        "OversightModule":{},
        "DescriptionModule":{
          "BriefSummary":"The primary goals of this investigation are to provide guidance on how to dose Argatroban in patients undergoing hemodialysis and to assess the safety and tolerability of Argatroban in hemodialysis patients. The secondary goal of the study will be to assess the adequacy of anticoagulation during hemodialysis."
        },
        "ConditionsModule":{
          "ConditionList":{
            "Condition":[
              "Kidney Failure, Chronic",
              "Renal Disease, End-Stage"
            ]
          },
          "KeywordList":{
            "Keyword":[
              "ESRD",
              "End-stage renal disease",
              "Hemodialysis"
            ]
          }
        },
        "DesignModule":{
          "StudyType":"Interventional",
          "PhaseList":{
            "Phase":[
              "Phase 4"
            ]
          },
          "DesignInfo":{
            "DesignAllocation":"Randomized",
            "DesignPrimaryPurpose":"Treatment",
            "DesignMaskingInfo":{
              "DesignMasking":"None (Open Label)"
            }
          },
          "EnrollmentInfo":{
            "EnrollmentCount":"12"
          }
        },
        "ArmsInterventionsModule":{
          "InterventionList":{
            "Intervention":[
              {
                "InterventionType":"Drug",
                "InterventionName":"Argatroban"
              }
            ]
          }
        },
        "EligibilityModule":{
          "EligibilityCriteria":"Basic Inclusion Criteria:\n\nPatients, adult men or women who are between 21 and 75 years of age who are on maintenance hemodialysis regimen for at least three (3) months prior to the study start.\nPatients who can tolerate a hemodialysis session lasting up to 9 hours.\nPatients who can tolerate a hemodialysis treatment with blood flow rates of 300 ml per minute.\nFemale volunteers who are not documented to be surgically sterile must be willing to abstain from sexual intercourse during the study or be willing to use intrauterine devices or 2 forms of barrier contraception for at least 7 days prior to the initial dose of study medication and continuing through the completion of the study.\n\nBasic Exclusion Criteria:\n\nAny clinically relevant abnormality identified per the investigator on the screening medical assessment or laboratory examination.\nHistory of regular alcohol abuse.\nTreatment with an investigational drug within 30 days.\nHistory of drug allergy of clinical significance in the opinion of the investigator.\nCurrently taking warfarin or other anticoagulants.\nCurrently taking NSAIDs (with the exception of aspirin).\nIndividuals who are obese.\nAny history of bleeding disorder.\nAny subject with a screening resting systolic blood pressure >180 mmHg and/or resting diastolic blood pressure of >100 mmHg unless, in the opinion of the principal investigator, the blood pressures would not endanger the subject while participating in this trial.\nConcurrent uncontrolled cardiovascular, hematologic, respiratory, CNS, gastrointestinal disease or chronic alcoholism.\nAnemia defined as a hematocrit of < 30 and hemoglobin < 10g/dL.\nConcurrently taking (within the past 30 days) phenytoin, cimetidine, rifampin, cyclosporin or tacrolimus.\nKnown hypersensitivity to Argatroban or related compounds.\nSignificant hepatic insufficiency as defined by total bilirubin greater than 1.5 mg/dL or transaminase (ALT, AST) elevations greater than 2 times the upper limit of the laboratory reference range.",
          "HealthyVolunteers":"No",
          "Gender":"All",
          "MinimumAge":"21 Years",
          "MaximumAge":"75 Years",
          "StdAgeList":{
            "StdAge":[
              "Adult",
              "Older Adult"
            ]
          }
        },
        "ContactsLocationsModule":{
          "LocationList":{
            "Location":[
              {
                "LocationFacility":"University of Chicago, Section of Nephrology",
                "LocationCity":"Chicago",
                "LocationState":"Illinois",
                "LocationZip":"60637",
                "LocationCountry":"United States"
              },{
                "LocationFacility":"DaVita Clinical Research",
                "LocationCity":"Minneapolis",
                "LocationState":"Minnesota",
                "LocationZip":"55404",
                "LocationCountry":"United States"
              }
            ]
          }
        }
      },
      "DerivedSection":{
        "MiscInfoModule":{
          "VersionHolder":"April 19, 2021"
        },
        "ConditionBrowseModule":{
          "ConditionMeshList":{
            "ConditionMesh":[
              {
                "ConditionMeshId":"D000007674",
                "ConditionMeshTerm":"Kidney Diseases"
              },{
                "ConditionMeshId":"D000007676",
                "ConditionMeshTerm":"Kidney Failure, Chronic"
              },{
                "ConditionMeshId":"D000051437",
                "ConditionMeshTerm":"Renal Insufficiency"
              }
            ]
          },
          "ConditionAncestorList":{
            "ConditionAncestor":[
              {
                "ConditionAncestorId":"D000014570",
                "ConditionAncestorTerm":"Urologic Diseases"
              },{
                "ConditionAncestorId":"D000051436",
                "ConditionAncestorTerm":"Renal Insufficiency, Chronic"
              }
            ]
          },
          "ConditionBrowseLeafList":{
            "ConditionBrowseLeaf":[
              {
                "ConditionBrowseLeafId":"M9282",
                "ConditionBrowseLeafName":"Kidney Failure, Chronic",
                "ConditionBrowseLeafAsFound":"Kidney Failure, Chronic",
                "ConditionBrowseLeafRelevance":"high"
              },{
                "ConditionBrowseLeafId":"M9281",
                "ConditionBrowseLeafName":"Kidney Diseases",
                "ConditionBrowseLeafAsFound":"Renal Disease",
                "ConditionBrowseLeafRelevance":"high"
              },{
                "ConditionBrowseLeafId":"M25305",
                "ConditionBrowseLeafName":"Renal Insufficiency",
                "ConditionBrowseLeafAsFound":"Kidney Failure",
                "ConditionBrowseLeafRelevance":"high"
              },{
                "ConditionBrowseLeafId":"M15902",
                "ConditionBrowseLeafName":"Urologic Diseases",
                "ConditionBrowseLeafRelevance":"low"
              },{
                "ConditionBrowseLeafId":"M25304",
                "ConditionBrowseLeafName":"Renal Insufficiency, Chronic",
                "ConditionBrowseLeafRelevance":"low"
              }
            ]
          },
          "ConditionBrowseBranchList":{
            "ConditionBrowseBranch":[
              {
                "ConditionBrowseBranchAbbrev":"BXS",
                "ConditionBrowseBranchName":"Urinary Tract, Sexual Organs, and Pregnancy Conditions"
              },{
                "ConditionBrowseBranchAbbrev":"All",
                "ConditionBrowseBranchName":"All Conditions"
              }
            ]
          }
        },
        "InterventionBrowseModule":{
          "InterventionMeshList":{
            "InterventionMesh":[
              {
                "InterventionMeshId":"C000031942",
                "InterventionMeshTerm":"Argatroban"
              }
            ]
          },
          "InterventionAncestorList":{
            "InterventionAncestor":[
              {
                "InterventionAncestorId":"D000000991",
                "InterventionAncestorTerm":"Antithrombins"
              },{
                "InterventionAncestorId":"D000015842",
                "InterventionAncestorTerm":"Serine Proteinase Inhibitors"
              },{
                "InterventionAncestorId":"D000011480",
                "InterventionAncestorTerm":"Protease Inhibitors"
              },{
                "InterventionAncestorId":"D000004791",
                "InterventionAncestorTerm":"Enzyme Inhibitors"
              },{
                "InterventionAncestorId":"D000045504",
                "InterventionAncestorTerm":"Molecular Mechanisms of Pharmacological Action"
              },{
                "InterventionAncestorId":"D000000925",
                "InterventionAncestorTerm":"Anticoagulants"
              },{
                "InterventionAncestorId":"D000010975",
                "InterventionAncestorTerm":"Platelet Aggregation Inhibitors"
              }
            ]
          },
          "InterventionBrowseLeafList":{
            "InterventionBrowseLeaf":[
              {
                "InterventionBrowseLeafId":"M252367",
                "InterventionBrowseLeafName":"Argatroban",
                "InterventionBrowseLeafAsFound":"Meta-analysis",
                "InterventionBrowseLeafRelevance":"high"
              },{
                "InterventionBrowseLeafId":"M2888",
                "InterventionBrowseLeafName":"Antithrombins",
                "InterventionBrowseLeafRelevance":"low"
              },{
                "InterventionBrowseLeafId":"M2887",
                "InterventionBrowseLeafName":"Antithrombin III",
                "InterventionBrowseLeafRelevance":"low"
              },{
                "InterventionBrowseLeafId":"M12926",
                "InterventionBrowseLeafName":"Protease Inhibitors",
                "InterventionBrowseLeafRelevance":"low"
              },{
                "InterventionBrowseLeafId":"M16974",
                "InterventionBrowseLeafName":"Serine Proteinase Inhibitors",
                "InterventionBrowseLeafRelevance":"low"
              },{
                "InterventionBrowseLeafId":"M18192",
                "InterventionBrowseLeafName":"HIV Protease Inhibitors",
                "InterventionBrowseLeafRelevance":"low"
              },{
                "InterventionBrowseLeafId":"M2825",
                "InterventionBrowseLeafName":"Anticoagulants",
                "InterventionBrowseLeafRelevance":"low"
              },{
                "InterventionBrowseLeafId":"M12448",
                "InterventionBrowseLeafName":"Platelet Aggregation Inhibitors",
                "InterventionBrowseLeafRelevance":"low"
              },{
                "InterventionBrowseLeafId":"T18",
                "InterventionBrowseLeafName":"Serine",
                "InterventionBrowseLeafRelevance":"low"
              }
            ]
          },
          "InterventionBrowseBranchList":{
            "InterventionBrowseBranch":[
              {
                "InterventionBrowseBranchAbbrev":"AnCoag",
                "InterventionBrowseBranchName":"Anticoagulants"
              },{
                "InterventionBrowseBranchAbbrev":"PlAggInh",
                "InterventionBrowseBranchName":"Platelet Aggregation Inhibitors"
              },{
                "InterventionBrowseBranchAbbrev":"All",
                "InterventionBrowseBranchName":"All Drugs and Chemicals"
              },{
                "InterventionBrowseBranchAbbrev":"Infe",
                "InterventionBrowseBranchName":"Anti-Infective Agents"
              },{
                "InterventionBrowseBranchAbbrev":"AA",
                "InterventionBrowseBranchName":"Amino Acids"
              }
            ]
          }
        }
      }
    }
  }
}

