{
  "FullStudy":{
    "Rank":367191,
    "Study":{
      "ProtocolSection":{
        "IdentificationModule":{
          "NCTId":"NCT00034671",
          "OrgStudyIdInfo":{
            "OrgStudyId":"P01893"
          },
          "Organization":{
            "OrgFullName":"Merck Sharp & Dohme Corp.",
            "OrgClass":"INDUSTRY"
          },
          "BriefTitle":"PK/PD Study of Posaconazole for Empiric Treatment of Invasive Fungal Infections in Neutropenic Patients or Treatment of Refractory Invasive Fungal Infections (Study P01893)",
          "OfficialTitle":"Phase II Study of Safety, Tolerance, Efficacy, and Pharmacokinetics of Posaconazole (SCH 56592) for the Treatment of Invasive Fungal Infections in Immunocompromised Hosts"
        },
        "StatusModule":{
          "StatusVerifiedDate":"December 2015",
          "OverallStatus":"Completed",
          "StartDateStruct":{
            "StartDate":"January 2001"
          },
          "PrimaryCompletionDateStruct":{
            "PrimaryCompletionDate":"November 2001",
            "PrimaryCompletionDateType":"Actual"
          },
          "CompletionDateStruct":{
            "CompletionDate":"March 2002",
            "CompletionDateType":"Actual"
          },
          "StudyFirstSubmitDate":"May 1, 2002",
          "StudyFirstSubmitQCDate":"May 1, 2002",
          "StudyFirstPostDateStruct":{
            "StudyFirstPostDate":"May 2, 2002",
            "StudyFirstPostDateType":"Estimate"
          },
          "LastUpdateSubmitDate":"December 30, 2015",
          "LastUpdatePostDateStruct":{
            "LastUpdatePostDate":"December 31, 2015",
            "LastUpdatePostDateType":"Estimate"
          }
        },
        "SponsorCollaboratorsModule":{
          "ResponsibleParty":{
            "ResponsiblePartyType":"Sponsor"
          },
          "LeadSponsor":{
            "LeadSponsorName":"Merck Sharp & Dohme Corp.",
            "LeadSponsorClass":"INDUSTRY"
          }
        },
        "OversightModule":{},
        "DescriptionModule":{
          "BriefSummary":"This phase II study will be conducted to:\n\nevaluate the pharmacokinetics, safety, tolerance, and efficacy of different dosing schedules of Posaconazole in immunocompromised hosts with a variety of refractory invasive fungal infections or in subjects who require empiric antifungal therapy and\nidentify the dosing schedule that provides the most consistent therapeutic drug exposure in this patient population.",
          "DetailedDescription":"This is an open-label, randomized, parallel group, study of pharmacokinetics, safety, tolerance, and efficacy of Posaconazole in the treatment of immunocompromised hosts with refractory invasive fungal infections or in subjects who require empiric antifungal therapy.\n\nThe projected number of subjects planned for enrollment is 100 evaluable subjects. The number of planned study sites is approximately ten in the United States and approximately eight in the rest of the world."
        },
        "ConditionsModule":{
          "ConditionList":{
            "Condition":[
              "Mycoses"
            ]
          },
          "KeywordList":{
            "Keyword":[
              "Aspergillosis, Candidiasis, Mucormycosis, Cryptococcosis",
              "Invasive Fungal Infections"
            ]
          }
        },
        "DesignModule":{
          "StudyType":"Interventional",
          "PhaseList":{
            "Phase":[
              "Phase 2"
            ]
          },
          "DesignInfo":{
            "DesignAllocation":"Randomized",
            "DesignInterventionModel":"Parallel Assignment",
            "DesignPrimaryPurpose":"Treatment",
            "DesignMaskingInfo":{
              "DesignMasking":"None (Open Label)"
            }
          },
          "EnrollmentInfo":{
            "EnrollmentCount":"98",
            "EnrollmentType":"Actual"
          }
        },
        "ArmsInterventionsModule":{
          "InterventionList":{
            "Intervention":[
              {
                "InterventionType":"Drug",
                "InterventionName":"Posaconazole oral suspension"
              }
            ]
          }
        },
        "EligibilityModule":{
          "EligibilityCriteria":"Inclusion Criteria:\n\nA proven, either probable or possible invasive fungal infection which is refractory to standard antifungal therapies.\nSubjects who received >72 hours of systemic empiric antibacterial therapy and are neutropenic (<500 neutrophils per mm3 and, have had fever that has reached an oral temperature >38c (or >100.4f)twice in the last 48 hours, or\n\nhave a recurrence of fever (oral temperature, >38c or >100.4F) while receiving broad spectrum antibacterial therapy after prior resolution of fever while on antibacterial therapy.\n\nAble to take oral medication or take medication via enteral feeding tube.",
          "HealthyVolunteers":"No",
          "Gender":"All",
          "MinimumAge":"13 Years",
          "MaximumAge":"65 Years",
          "StdAgeList":{
            "StdAge":[
              "Child",
              "Adult",
              "Older Adult"
            ]
          }
        },
        "ReferencesModule":{
          "ReferenceList":{
            "Reference":[
              {
                "ReferencePMID":"16436724",
                "ReferenceType":"result",
                "ReferenceCitation":"Ullmann AJ, Cornely OA, Burchardt A, Hachem R, Kontoyiannis DP, Töpelt K, Courtney R, Wexler D, Krishna G, Martinho M, Corcoran G, Raad I. Pharmacokinetics, safety, and efficacy of posaconazole in patients with persistent febrile neutropenia or refractory invasive fungal infection. Antimicrob Agents Chemother. 2006 Feb;50(2):658-66."
              }
            ]
          }
        }
      },
      "DerivedSection":{
        "MiscInfoModule":{
          "VersionHolder":"April 19, 2021",
          "RemovedCountryList":{
            "RemovedCountry":[
              "Germany",
              "United States"
            ]
          }
        },
        "ConditionBrowseModule":{
          "ConditionMeshList":{
            "ConditionMesh":[
              {
                "ConditionMeshId":"D000007239",
                "ConditionMeshTerm":"Infection"
              },{
                "ConditionMeshId":"D000009181",
                "ConditionMeshTerm":"Mycoses"
              },{
                "ConditionMeshId":"D000072742",
                "ConditionMeshTerm":"Invasive Fungal Infections"
              }
            ]
          },
          "ConditionBrowseLeafList":{
            "ConditionBrowseLeaf":[
              {
                "ConditionBrowseLeafId":"M8866",
                "ConditionBrowseLeafName":"Infection",
                "ConditionBrowseLeafAsFound":"Infection",
                "ConditionBrowseLeafRelevance":"high"
              },{
                "ConditionBrowseLeafId":"M4951",
                "ConditionBrowseLeafName":"Communicable Diseases",
                "ConditionBrowseLeafRelevance":"low"
              },{
                "ConditionBrowseLeafId":"M3116",
                "ConditionBrowseLeafName":"Aspergillosis",
                "ConditionBrowseLeafRelevance":"low"
              },{
                "ConditionBrowseLeafId":"M10719",
                "ConditionBrowseLeafName":"Mycoses",
                "ConditionBrowseLeafAsFound":"Fungal Infections",
                "ConditionBrowseLeafRelevance":"high"
              },{
                "ConditionBrowseLeafId":"M1099",
                "ConditionBrowseLeafName":"Invasive Fungal Infections",
                "ConditionBrowseLeafAsFound":"Invasive Fungal Infections",
                "ConditionBrowseLeafRelevance":"high"
              },{
                "ConditionBrowseLeafId":"M4019",
                "ConditionBrowseLeafName":"Candidiasis",
                "ConditionBrowseLeafRelevance":"low"
              },{
                "ConditionBrowseLeafId":"M10631",
                "ConditionBrowseLeafName":"Mucormycosis",
                "ConditionBrowseLeafRelevance":"low"
              },{
                "ConditionBrowseLeafId":"M20518",
                "ConditionBrowseLeafName":"Zygomycosis",
                "ConditionBrowseLeafRelevance":"low"
              },{
                "ConditionBrowseLeafId":"M5247",
                "ConditionBrowseLeafName":"Cryptococcosis",
                "ConditionBrowseLeafRelevance":"low"
              },{
                "ConditionBrowseLeafId":"T511",
                "ConditionBrowseLeafName":"Aspergillosis",
                "ConditionBrowseLeafRelevance":"low"
              },{
                "ConditionBrowseLeafId":"T3913",
                "ConditionBrowseLeafName":"Mucormycosis",
                "ConditionBrowseLeafRelevance":"low"
              },{
                "ConditionBrowseLeafId":"T1668",
                "ConditionBrowseLeafName":"Cryptococcosis",
                "ConditionBrowseLeafRelevance":"low"
              }
            ]
          },
          "ConditionBrowseBranchList":{
            "ConditionBrowseBranch":[
              {
                "ConditionBrowseBranchAbbrev":"BC01",
                "ConditionBrowseBranchName":"Bacterial and Fungal Diseases"
              },{
                "ConditionBrowseBranchAbbrev":"All",
                "ConditionBrowseBranchName":"All Conditions"
              },{
                "ConditionBrowseBranchAbbrev":"Rare",
                "ConditionBrowseBranchName":"Rare Diseases"
              }
            ]
          }
        },
        "InterventionBrowseModule":{
          "InterventionMeshList":{
            "InterventionMesh":[
              {
                "InterventionMeshId":"C000101425",
                "InterventionMeshTerm":"Posaconazole"
              }
            ]
          },
          "InterventionAncestorList":{
            "InterventionAncestor":[
              {
                "InterventionAncestorId":"D000000935",
                "InterventionAncestorTerm":"Antifungal Agents"
              },{
                "InterventionAncestorId":"D000000890",
                "InterventionAncestorTerm":"Anti-Infective Agents"
              },{
                "InterventionAncestorId":"D000014344",
                "InterventionAncestorTerm":"Trypanocidal Agents"
              },{
                "InterventionAncestorId":"D000000981",
                "InterventionAncestorTerm":"Antiprotozoal Agents"
              },{
                "InterventionAncestorId":"D000000977",
                "InterventionAncestorTerm":"Antiparasitic Agents"
              },{
                "InterventionAncestorId":"D000058888",
                "InterventionAncestorTerm":"14-alpha Demethylase Inhibitors"
              },{
                "InterventionAncestorId":"D000065607",
                "InterventionAncestorTerm":"Cytochrome P-450 Enzyme Inhibitors"
              },{
                "InterventionAncestorId":"D000004791",
                "InterventionAncestorTerm":"Enzyme Inhibitors"
              },{
                "InterventionAncestorId":"D000045504",
                "InterventionAncestorTerm":"Molecular Mechanisms of Pharmacological Action"
              },{
                "InterventionAncestorId":"D000065088",
                "InterventionAncestorTerm":"Steroid Synthesis Inhibitors"
              },{
                "InterventionAncestorId":"D000006727",
                "InterventionAncestorTerm":"Hormone Antagonists"
              },{
                "InterventionAncestorId":"D000006730",
                "InterventionAncestorTerm":"Hormones, Hormone Substitutes, and Hormone Antagonists"
              },{
                "InterventionAncestorId":"D000045505",
                "InterventionAncestorTerm":"Physiological Effects of Drugs"
              }
            ]
          },
          "InterventionBrowseLeafList":{
            "InterventionBrowseLeaf":[
              {
                "InterventionBrowseLeafId":"M222940",
                "InterventionBrowseLeafName":"Posaconazole",
                "InterventionBrowseLeafAsFound":"Cryoablation",
                "InterventionBrowseLeafRelevance":"high"
              },{
                "InterventionBrowseLeafId":"M4835",
                "InterventionBrowseLeafName":"Clotrimazole",
                "InterventionBrowseLeafRelevance":"low"
              },{
                "InterventionBrowseLeafId":"M10379",
                "InterventionBrowseLeafName":"Miconazole",
                "InterventionBrowseLeafRelevance":"low"
              },{
                "InterventionBrowseLeafId":"M2835",
                "InterventionBrowseLeafName":"Antifungal Agents",
                "InterventionBrowseLeafRelevance":"low"
              },{
                "InterventionBrowseLeafId":"M2795",
                "InterventionBrowseLeafName":"Anti-Infective Agents",
                "InterventionBrowseLeafRelevance":"low"
              },{
                "InterventionBrowseLeafId":"M2879",
                "InterventionBrowseLeafName":"Antiprotozoal Agents",
                "InterventionBrowseLeafRelevance":"low"
              },{
                "InterventionBrowseLeafId":"M2875",
                "InterventionBrowseLeafName":"Antiparasitic Agents",
                "InterventionBrowseLeafRelevance":"low"
              },{
                "InterventionBrowseLeafId":"M29124",
                "InterventionBrowseLeafName":"Cytochrome P-450 Enzyme Inhibitors",
                "InterventionBrowseLeafRelevance":"low"
              },{
                "InterventionBrowseLeafId":"M8372",
                "InterventionBrowseLeafName":"Hormones",
                "InterventionBrowseLeafRelevance":"low"
              },{
                "InterventionBrowseLeafId":"M8371",
                "InterventionBrowseLeafName":"Hormone Antagonists",
                "InterventionBrowseLeafRelevance":"low"
              }
            ]
          },
          "InterventionBrowseBranchList":{
            "InterventionBrowseBranch":[
              {
                "InterventionBrowseBranchAbbrev":"Infe",
                "InterventionBrowseBranchName":"Anti-Infective Agents"
              },{
                "InterventionBrowseBranchAbbrev":"All",
                "InterventionBrowseBranchName":"All Drugs and Chemicals"
              }
            ]
          }
        }
      }
    }
  }
}

