{
  "FullStudy":{
    "Rank":367373,
    "Study":{
      "ProtocolSection":{
        "IdentificationModule":{
          "NCTId":"NCT00032110",
          "OrgStudyIdInfo":{
            "OrgStudyId":"NCI-2012-02459"
          },
          "SecondaryIdInfoList":{
            "SecondaryIdInfo":[
              {
                "SecondaryId":"NCI-2012-02459",
                "SecondaryIdType":"Registry Identifier",
                "SecondaryIdDomain":"CTRP (Clinical Trial Reporting Program)"
              },{
                "SecondaryId":"CDR0000069258"
              },{
                "SecondaryId":"PHL-003"
              },{
                "SecondaryId":"NCI-5378"
              },{
                "SecondaryId":"PHL-003",
                "SecondaryIdType":"Other Identifier",
                "SecondaryIdDomain":"Princess Margaret Hospital Phase 2 Consortium"
              },{
                "SecondaryId":"5378",
                "SecondaryIdType":"Other Identifier",
                "SecondaryIdDomain":"CTEP"
              },{
                "SecondaryId":"N01CM17107",
                "SecondaryIdType":"U.S. NIH Grant/Contract",
                "SecondaryIdLink":"https://projectreporter.nih.gov/reporterapi.cfm?PROJECTNUM=N01CM17107&Fy=all"
              }
            ]
          },
          "Organization":{
            "OrgFullName":"National Cancer Institute (NCI)",
            "OrgClass":"NIH"
          },
          "BriefTitle":"Erlotinib in Treating Patients With Recurrent or Metastatic Colorectal Cancer",
          "OfficialTitle":"A Phase II Study of OSI-774 in Metastatic Colorectal Cancer"
        },
        "StatusModule":{
          "StatusVerifiedDate":"January 2013",
          "OverallStatus":"Completed",
          "ExpandedAccessInfo":{
            "HasExpandedAccess":"No"
          },
          "StartDateStruct":{
            "StartDate":"January 2002"
          },
          "PrimaryCompletionDateStruct":{
            "PrimaryCompletionDate":"May 2007",
            "PrimaryCompletionDateType":"Actual"
          },
          "CompletionDateStruct":{
            "CompletionDate":"May 2007",
            "CompletionDateType":"Actual"
          },
          "StudyFirstSubmitDate":"March 8, 2002",
          "StudyFirstSubmitQCDate":"January 26, 2003",
          "StudyFirstPostDateStruct":{
            "StudyFirstPostDate":"January 27, 2003",
            "StudyFirstPostDateType":"Estimate"
          },
          "LastUpdateSubmitDate":"April 14, 2015",
          "LastUpdatePostDateStruct":{
            "LastUpdatePostDate":"April 15, 2015",
            "LastUpdatePostDateType":"Estimate"
          }
        },
        "SponsorCollaboratorsModule":{
          "ResponsibleParty":{
            "ResponsiblePartyType":"Sponsor"
          },
          "LeadSponsor":{
            "LeadSponsorName":"National Cancer Institute (NCI)",
            "LeadSponsorClass":"NIH"
          }
        },
        "OversightModule":{},
        "DescriptionModule":{
          "BriefSummary":"Biological therapies such as erlotinib may interfere with the growth of tumor cells and slow the growth of the tumor. Phase II trial to study the effectiveness of erlotinib in treating patients who have recurrent or metastatic colorectal cancer.",
          "DetailedDescription":"PRIMARY OBJECTIVES:\n\nI. Determine the efficacy of erlotinib, in terms of response rate and duration of stable disease, in patients with recurrent or metastatic colorectal cancer.\n\nII. Determine the toxicity of this drug in these patients. III. Determine the time to progression and response duration in patients treated with this drug.\n\nIV. Determine the relationships between clinical, pharmacokinetic, and pharmacodynamic effects of this drug in these patients.\n\nV. Correlate baseline and post-treatment levels of epidermal growth factor receptor, its downstream signaling components, markers of angiogenesis, and apoptosis in tumor and skin biopsies with clinical outcome in patients treated with this drug.\n\nOUTLINE: This is a multicenter study.\n\nPatients receive oral erlotinib once daily. Treatment repeats every 28 days in the absence of disease progression or unacceptable toxicity. Patients with a complete response (CR) receive 2 additional courses after CR is confirmed.\n\nPatients are followed every 8 weeks.\n\nPROJECTED ACCRUAL: A total of 15-30 patients will be accrued for this study within 4-8 months."
        },
        "ConditionsModule":{
          "ConditionList":{
            "Condition":[
              "Adenocarcinoma of the Colon",
              "Adenocarcinoma of the Rectum",
              "Recurrent Colon Cancer",
              "Recurrent Rectal Cancer",
              "Stage IV Colon Cancer",
              "Stage IV Rectal Cancer"
            ]
          }
        },
        "DesignModule":{
          "StudyType":"Interventional",
          "PhaseList":{
            "Phase":[
              "Phase 2"
            ]
          },
          "DesignInfo":{
            "DesignAllocation":"N/A",
            "DesignInterventionModel":"Single Group Assignment",
            "DesignPrimaryPurpose":"Treatment",
            "DesignMaskingInfo":{
              "DesignMasking":"None (Open Label)"
            }
          },
          "EnrollmentInfo":{
            "EnrollmentCount":"30",
            "EnrollmentType":"Actual"
          }
        },
        "ArmsInterventionsModule":{
          "ArmGroupList":{
            "ArmGroup":[
              {
                "ArmGroupLabel":"Treatment (erlotinib hydrochloride)",
                "ArmGroupType":"Experimental",
                "ArmGroupDescription":"Patients receive oral erlotinib once daily. Treatment repeats every 28 days in the absence of disease progression or unacceptable toxicity. Patients with a CR receive 2 additional courses after CR is confirmed.",
                "ArmGroupInterventionList":{
                  "ArmGroupInterventionName":[
                    "Drug: erlotinib hydrochloride",
                    "Other: pharmacological study",
                    "Other: laboratory biomarker analysis"
                  ]
                }
              }
            ]
          },
          "InterventionList":{
            "Intervention":[
              {
                "InterventionType":"Drug",
                "InterventionName":"erlotinib hydrochloride",
                "InterventionDescription":"Given orally",
                "InterventionArmGroupLabelList":{
                  "InterventionArmGroupLabel":[
                    "Treatment (erlotinib hydrochloride)"
                  ]
                },
                "InterventionOtherNameList":{
                  "InterventionOtherName":[
                    "CP-358,774",
                    "erlotinib",
                    "OSI-774"
                  ]
                }
              },{
                "InterventionType":"Other",
                "InterventionName":"pharmacological study",
                "InterventionDescription":"Correlative studies",
                "InterventionArmGroupLabelList":{
                  "InterventionArmGroupLabel":[
                    "Treatment (erlotinib hydrochloride)"
                  ]
                },
                "InterventionOtherNameList":{
                  "InterventionOtherName":[
                    "pharmacological studies"
                  ]
                }
              },{
                "InterventionType":"Other",
                "InterventionName":"laboratory biomarker analysis",
                "InterventionDescription":"Correlative studies",
                "InterventionArmGroupLabelList":{
                  "InterventionArmGroupLabel":[
                    "Treatment (erlotinib hydrochloride)"
                  ]
                }
              }
            ]
          }
        },
        "OutcomesModule":{
          "PrimaryOutcomeList":{
            "PrimaryOutcome":[
              {
                "PrimaryOutcomeMeasure":"Objective response or disease stabilization",
                "PrimaryOutcomeTimeFrame":"Up to 5 years"
              }
            ]
          },
          "SecondaryOutcomeList":{
            "SecondaryOutcome":[
              {
                "SecondaryOutcomeMeasure":"Molecular changes with therapy",
                "SecondaryOutcomeDescription":"Will be examined using logistic regression or Fisher's exact tests as appropriate.",
                "SecondaryOutcomeTimeFrame":"Up to 5 years"
              }
            ]
          }
        },
        "EligibilityModule":{
          "EligibilityCriteria":"Inclusion Criteria:\n\nHistologically or cytologically confirmed adenocarcinoma of the colon or rectum that is not curable with conventional therapy\n\nRecurrent or metastatic disease\n\nAt least 1 unidimensionally measurable lesion\n\nAt least 20 mm by conventional techniques\nAt least 10 mm by spiral CT scan\nTarget lesion must not be in a previously irradiated field unless progression of this lesion has been documented\nNo known brain metastases\nPerformance status - ECOG 0-2\nPerformance status - Karnofsky 60-100%\nMore than 3 months\nWBC at least 1,500/mm^3\nAbsolute granulocyte count at least 1,500/mm^3\nPlatelet count at least 100,000/mm^3\nBilirubin no greater than 1.25 times upper limit of normal (ULN)\nAST or ALT no greater than 3 times ULN (5 times ULN if liver metastases present)\nCreatinine no greater than 1.25 times ULN\nCreatinine clearance at least 50 mL/min\nNo symptomatic congestive heart failure\nNo unstable angina pectoris\nNo cardiac arrhythmia\nNo gastrointestinal tract disease resulting in an inability to take oral medication or a requirement for IV alimentation\nNo active peptic ulcer disease\nNo unresolved complete or subacute bowel obstruction\nNo severe enteropathy that would interfere with absorption of study drug\n\nNo abnormalities of the cornea:\n\nDry eye syndrome or Sjogren's syndrome\nCongenital abnormality (e.g., Fuch's dystrophy)\nAbnormal slit-lamp examination using a vital dye (e.g., fluorescein or Bengal-Rose)\nAbnormal corneal sensitivity test (Schirmer test or similar tear production test)\nNo significant traumatic injury within the past 21 days\nNo ongoing or active infection\nNo psychiatric illness or social situation that would preclude study\nNo other concurrent uncontrolled illness that would preclude study\nNo other malignancy within the past 3 years except curatively treated nonmelanoma skin cancer or carcinoma in situ of the cervix\nNot pregnant or nursing\nNegative pregnancy test\nFertile patients must use effective contraception\nNo more than 1 prior chemotherapy regimen for metastatic disease with either fluorouracil (5-FU) and oxaliplatin or 5-FU and a topoisomerase inhibitor (e.g., irinotecan), OR 5-FU (or other single-agent fluoropyrimidine, such as capecitabine) followed by irinotecan for advanced disease\nPrior adjuvant chemotherapy allowed\nAt least 4 weeks since prior chemotherapy (6 weeks for nitrosoureas or mitomycin) and recovered\nSee Disease Characteristics\nAt least 4 weeks since prior radiotherapy and recovered\nAt least 3 weeks since prior major surgery\nNo prior surgical procedures affecting absorption\nNo prior epidermal growth factor receptor-targeting therapy\nNo other concurrent investigational therapies\nNo other concurrent anticancer therapy\nNo concurrent combination anti-retroviral therapy for HIV-positive patients\n\nNo concurrent warfarin\n\nLow molecular weight heparin allowed",
          "HealthyVolunteers":"No",
          "Gender":"All",
          "MinimumAge":"18 Years",
          "StdAgeList":{
            "StdAge":[
              "Adult",
              "Older Adult"
            ]
          }
        },
        "ContactsLocationsModule":{
          "OverallOfficialList":{
            "OverallOfficial":[
              {
                "OverallOfficialName":"Amit Oza",
                "OverallOfficialAffiliation":"Princess Margaret Hospital Phase 2 Consortium",
                "OverallOfficialRole":"Principal Investigator"
              }
            ]
          },
          "LocationList":{
            "Location":[
              {
                "LocationFacility":"Princess Margaret Hospital Phase 2 Consortium",
                "LocationCity":"Toronto",
                "LocationState":"Ontario",
                "LocationZip":"M5G 2M9",
                "LocationCountry":"Canada"
              }
            ]
          }
        }
      },
      "DerivedSection":{
        "MiscInfoModule":{
          "VersionHolder":"April 19, 2021"
        },
        "ConditionBrowseModule":{
          "ConditionMeshList":{
            "ConditionMesh":[
              {
                "ConditionMeshId":"D000000230",
                "ConditionMeshTerm":"Adenocarcinoma"
              },{
                "ConditionMeshId":"D000012004",
                "ConditionMeshTerm":"Rectal Neoplasms"
              },{
                "ConditionMeshId":"D000003110",
                "ConditionMeshTerm":"Colonic Neoplasms"
              }
            ]
          },
          "ConditionAncestorList":{
            "ConditionAncestor":[
              {
                "ConditionAncestorId":"D000015179",
                "ConditionAncestorTerm":"Colorectal Neoplasms"
              },{
                "ConditionAncestorId":"D000007414",
                "ConditionAncestorTerm":"Intestinal Neoplasms"
              },{
                "ConditionAncestorId":"D000005770",
                "ConditionAncestorTerm":"Gastrointestinal Neoplasms"
              },{
                "ConditionAncestorId":"D000004067",
                "ConditionAncestorTerm":"Digestive System Neoplasms"
              },{
                "ConditionAncestorId":"D000009371",
                "ConditionAncestorTerm":"Neoplasms by Site"
              },{
                "ConditionAncestorId":"D000009369",
                "ConditionAncestorTerm":"Neoplasms"
              },{
                "ConditionAncestorId":"D000004066",
                "ConditionAncestorTerm":"Digestive System Diseases"
              },{
                "ConditionAncestorId":"D000005767",
                "ConditionAncestorTerm":"Gastrointestinal Diseases"
              },{
                "ConditionAncestorId":"D000003108",
                "ConditionAncestorTerm":"Colonic Diseases"
              },{
                "ConditionAncestorId":"D000007410",
                "ConditionAncestorTerm":"Intestinal Diseases"
              },{
                "ConditionAncestorId":"D000012002",
                "ConditionAncestorTerm":"Rectal Diseases"
              },{
                "ConditionAncestorId":"D000002277",
                "ConditionAncestorTerm":"Carcinoma"
              },{
                "ConditionAncestorId":"D000009375",
                "ConditionAncestorTerm":"Neoplasms, Glandular and Epithelial"
              },{
                "ConditionAncestorId":"D000009370",
                "ConditionAncestorTerm":"Neoplasms by Histologic Type"
              }
            ]
          },
          "ConditionBrowseLeafList":{
            "ConditionBrowseLeaf":[
              {
                "ConditionBrowseLeafId":"M16473",
                "ConditionBrowseLeafName":"Colorectal Neoplasms",
                "ConditionBrowseLeafRelevance":"low"
              },{
                "ConditionBrowseLeafId":"M2166",
                "ConditionBrowseLeafName":"Adenocarcinoma",
                "ConditionBrowseLeafAsFound":"Adenocarcinoma",
                "ConditionBrowseLeafRelevance":"high"
              },{
                "ConditionBrowseLeafId":"M13429",
                "ConditionBrowseLeafName":"Rectal Neoplasms",
                "ConditionBrowseLeafAsFound":"Rectal Cancer",
                "ConditionBrowseLeafRelevance":"high"
              },{
                "ConditionBrowseLeafId":"M4921",
                "ConditionBrowseLeafName":"Colonic Neoplasms",
                "ConditionBrowseLeafAsFound":"Colon Cancer",
                "ConditionBrowseLeafRelevance":"high"
              },{
                "ConditionBrowseLeafId":"M9031",
                "ConditionBrowseLeafName":"Intestinal Neoplasms",
                "ConditionBrowseLeafRelevance":"low"
              },{
                "ConditionBrowseLeafId":"M7469",
                "ConditionBrowseLeafName":"Gastrointestinal Neoplasms",
                "ConditionBrowseLeafRelevance":"low"
              },{
                "ConditionBrowseLeafId":"M5839",
                "ConditionBrowseLeafName":"Digestive System Neoplasms",
                "ConditionBrowseLeafRelevance":"low"
              },{
                "ConditionBrowseLeafId":"M5838",
                "ConditionBrowseLeafName":"Digestive System Diseases",
                "ConditionBrowseLeafRelevance":"low"
              },{
                "ConditionBrowseLeafId":"M7466",
                "ConditionBrowseLeafName":"Gastrointestinal Diseases",
                "ConditionBrowseLeafRelevance":"low"
              },{
                "ConditionBrowseLeafId":"M4919",
                "ConditionBrowseLeafName":"Colonic Diseases",
                "ConditionBrowseLeafRelevance":"low"
              },{
                "ConditionBrowseLeafId":"M9027",
                "ConditionBrowseLeafName":"Intestinal Diseases",
                "ConditionBrowseLeafRelevance":"low"
              },{
                "ConditionBrowseLeafId":"M13427",
                "ConditionBrowseLeafName":"Rectal Diseases",
                "ConditionBrowseLeafRelevance":"low"
              },{
                "ConditionBrowseLeafId":"M4116",
                "ConditionBrowseLeafName":"Carcinoma",
                "ConditionBrowseLeafRelevance":"low"
              },{
                "ConditionBrowseLeafId":"M10903",
                "ConditionBrowseLeafName":"Neoplasms, Glandular and Epithelial",
                "ConditionBrowseLeafRelevance":"low"
              },{
                "ConditionBrowseLeafId":"M10898",
                "ConditionBrowseLeafName":"Neoplasms by Histologic Type",
                "ConditionBrowseLeafRelevance":"low"
              }
            ]
          },
          "ConditionBrowseBranchList":{
            "ConditionBrowseBranch":[
              {
                "ConditionBrowseBranchAbbrev":"BC04",
                "ConditionBrowseBranchName":"Cancers and Other Neoplasms"
              },{
                "ConditionBrowseBranchAbbrev":"BC06",
                "ConditionBrowseBranchName":"Digestive System Diseases"
              },{
                "ConditionBrowseBranchAbbrev":"All",
                "ConditionBrowseBranchName":"All Conditions"
              }
            ]
          }
        },
        "InterventionBrowseModule":{
          "InterventionMeshList":{
            "InterventionMesh":[
              {
                "InterventionMeshId":"D000069347",
                "InterventionMeshTerm":"Erlotinib Hydrochloride"
              }
            ]
          },
          "InterventionAncestorList":{
            "InterventionAncestor":[
              {
                "InterventionAncestorId":"D000000970",
                "InterventionAncestorTerm":"Antineoplastic Agents"
              },{
                "InterventionAncestorId":"D000047428",
                "InterventionAncestorTerm":"Protein Kinase Inhibitors"
              },{
                "InterventionAncestorId":"D000004791",
                "InterventionAncestorTerm":"Enzyme Inhibitors"
              },{
                "InterventionAncestorId":"D000045504",
                "InterventionAncestorTerm":"Molecular Mechanisms of Pharmacological Action"
              }
            ]
          },
          "InterventionBrowseLeafList":{
            "InterventionBrowseLeaf":[
              {
                "InterventionBrowseLeafId":"M398",
                "InterventionBrowseLeafName":"Erlotinib Hydrochloride",
                "InterventionBrowseLeafAsFound":"Postoperative",
                "InterventionBrowseLeafRelevance":"high"
              },{
                "InterventionBrowseLeafId":"M24407",
                "InterventionBrowseLeafName":"Protein Kinase Inhibitors",
                "InterventionBrowseLeafRelevance":"low"
              }
            ]
          },
          "InterventionBrowseBranchList":{
            "InterventionBrowseBranch":[
              {
                "InterventionBrowseBranchAbbrev":"ANeo",
                "InterventionBrowseBranchName":"Antineoplastic Agents"
              },{
                "InterventionBrowseBranchAbbrev":"All",
                "InterventionBrowseBranchName":"All Drugs and Chemicals"
              }
            ]
          }
        }
      }
    }
  }
}

