{
  "FullStudy":{
    "Rank":366875,
    "Study":{
      "ProtocolSection":{
        "IdentificationModule":{
          "NCTId":"NCT00038974",
          "OrgStudyIdInfo":{
            "OrgStudyId":"Virahep-C (completed)"
          },
          "SecondaryIdInfoList":{
            "SecondaryIdInfo":[
              {
                "SecondaryId":"U01DK060329",
                "SecondaryIdType":"U.S. NIH Grant/Contract",
                "SecondaryIdLink":"https://projectreporter.nih.gov/reporterapi.cfm?PROJECTNUM=U01DK060329&Fy=all"
              },{
                "SecondaryId":"U01DK060340",
                "SecondaryIdType":"U.S. NIH Grant/Contract",
                "SecondaryIdLink":"https://projectreporter.nih.gov/reporterapi.cfm?PROJECTNUM=U01DK060340&Fy=all"
              },{
                "SecondaryId":"U01DK060324",
                "SecondaryIdType":"U.S. NIH Grant/Contract",
                "SecondaryIdLink":"https://projectreporter.nih.gov/reporterapi.cfm?PROJECTNUM=U01DK060324&Fy=all"
              },{
                "SecondaryId":"U01DK060344",
                "SecondaryIdType":"U.S. NIH Grant/Contract",
                "SecondaryIdLink":"https://projectreporter.nih.gov/reporterapi.cfm?PROJECTNUM=U01DK060344&Fy=all"
              },{
                "SecondaryId":"U01DK060327",
                "SecondaryIdType":"U.S. NIH Grant/Contract",
                "SecondaryIdLink":"https://projectreporter.nih.gov/reporterapi.cfm?PROJECTNUM=U01DK060327&Fy=all"
              },{
                "SecondaryId":"U01DK060335",
                "SecondaryIdType":"U.S. NIH Grant/Contract",
                "SecondaryIdLink":"https://projectreporter.nih.gov/reporterapi.cfm?PROJECTNUM=U01DK060335&Fy=all"
              },{
                "SecondaryId":"U01DK060352",
                "SecondaryIdType":"U.S. NIH Grant/Contract",
                "SecondaryIdLink":"https://projectreporter.nih.gov/reporterapi.cfm?PROJECTNUM=U01DK060352&Fy=all"
              },{
                "SecondaryId":"U01DK060342",
                "SecondaryIdType":"U.S. NIH Grant/Contract",
                "SecondaryIdLink":"https://projectreporter.nih.gov/reporterapi.cfm?PROJECTNUM=U01DK060342&Fy=all"
              },{
                "SecondaryId":"U01DK060345",
                "SecondaryIdType":"U.S. NIH Grant/Contract",
                "SecondaryIdLink":"https://projectreporter.nih.gov/reporterapi.cfm?PROJECTNUM=U01DK060345&Fy=all"
              },{
                "SecondaryId":"U01DK060309",
                "SecondaryIdType":"U.S. NIH Grant/Contract",
                "SecondaryIdLink":"https://projectreporter.nih.gov/reporterapi.cfm?PROJECTNUM=U01DK060309&Fy=all"
              },{
                "SecondaryId":"U01DK060346",
                "SecondaryIdType":"U.S. NIH Grant/Contract",
                "SecondaryIdLink":"https://projectreporter.nih.gov/reporterapi.cfm?PROJECTNUM=U01DK060346&Fy=all"
              },{
                "SecondaryId":"U01DK060349",
                "SecondaryIdType":"U.S. NIH Grant/Contract",
                "SecondaryIdLink":"https://projectreporter.nih.gov/reporterapi.cfm?PROJECTNUM=U01DK060349&Fy=all"
              },{
                "SecondaryId":"U01DK060341",
                "SecondaryIdType":"U.S. NIH Grant/Contract",
                "SecondaryIdLink":"https://projectreporter.nih.gov/reporterapi.cfm?PROJECTNUM=U01DK060341&Fy=all"
              }
            ]
          },
          "Organization":{
            "OrgFullName":"National Institute of Diabetes and Digestive and Kidney Diseases (NIDDK)",
            "OrgClass":"NIH"
          },
          "BriefTitle":"Hepatitis C Antiviral Resistance in African-Americans",
          "OfficialTitle":"Study of Viral Resistance to Antiviral Therapy of Chronic Hepatitis C (Virahep-C)"
        },
        "StatusModule":{
          "StatusVerifiedDate":"August 2017",
          "OverallStatus":"Completed",
          "ExpandedAccessInfo":{
            "HasExpandedAccess":"No"
          },
          "StartDateStruct":{
            "StartDate":"August 2002"
          },
          "PrimaryCompletionDateStruct":{
            "PrimaryCompletionDate":"December 2004",
            "PrimaryCompletionDateType":"Actual"
          },
          "CompletionDateStruct":{
            "CompletionDate":"November 2005",
            "CompletionDateType":"Actual"
          },
          "StudyFirstSubmitDate":"June 5, 2002",
          "StudyFirstSubmitQCDate":"June 7, 2002",
          "StudyFirstPostDateStruct":{
            "StudyFirstPostDate":"June 10, 2002",
            "StudyFirstPostDateType":"Estimate"
          },
          "LastUpdateSubmitDate":"August 2, 2017",
          "LastUpdatePostDateStruct":{
            "LastUpdatePostDate":"August 3, 2017",
            "LastUpdatePostDateType":"Actual"
          }
        },
        "SponsorCollaboratorsModule":{
          "ResponsibleParty":{
            "ResponsiblePartyType":"Sponsor"
          },
          "LeadSponsor":{
            "LeadSponsorName":"National Institute of Diabetes and Digestive and Kidney Diseases (NIDDK)",
            "LeadSponsorClass":"NIH"
          },
          "CollaboratorList":{
            "Collaborator":[
              {
                "CollaboratorName":"National Institute on Minority Health and Health Disparities (NIMHD)",
                "CollaboratorClass":"NIH"
              },{
                "CollaboratorName":"National Cancer Institute (NCI)",
                "CollaboratorClass":"NIH"
              },{
                "CollaboratorName":"National Center for Advancing Translational Science (NCATS)",
                "CollaboratorClass":"NIH"
              },{
                "CollaboratorName":"Hoffmann-La Roche",
                "CollaboratorClass":"INDUSTRY"
              }
            ]
          }
        },
        "OversightModule":{
          "OversightHasDMC":"Yes",
          "IsFDARegulatedDrug":"Yes",
          "IsFDARegulatedDevice":"No"
        },
        "DescriptionModule":{
          "BriefSummary":"This study is designed to test the hypothesis that African-Americans respond less well to combination pegylated interferon and ribavirin therapy than Caucasian-Americans who have chronic hepatitis C genotype 1 and who were not previously treated with either interferon or ribavirin. Reasons for differences in response, regardless of race, will be studied."
        },
        "ConditionsModule":{
          "ConditionList":{
            "Condition":[
              "Hepatitis C"
            ]
          },
          "KeywordList":{
            "Keyword":[
              "Hepatitis C",
              "Interferon",
              "Ribavirin",
              "Efficacy",
              "Viral load",
              "Genetics",
              "Cytokines",
              "Immunology"
            ]
          }
        },
        "DesignModule":{
          "StudyType":"Interventional",
          "PhaseList":{
            "Phase":[
              "Phase 3"
            ]
          },
          "DesignInfo":{
            "DesignAllocation":"N/A",
            "DesignInterventionModel":"Single Group Assignment",
            "DesignPrimaryPurpose":"Treatment",
            "DesignMaskingInfo":{
              "DesignMasking":"None (Open Label)"
            }
          },
          "EnrollmentInfo":{
            "EnrollmentCount":"401",
            "EnrollmentType":"Actual"
          }
        },
        "ArmsInterventionsModule":{
          "ArmGroupList":{
            "ArmGroup":[
              {
                "ArmGroupLabel":"Interferon and rivavirin",
                "ArmGroupType":"Experimental",
                "ArmGroupDescription":"All patients received peginterferon alfa-2a in a dose of 180 μg weekly and ribavirin in a dose of 1000 (for patients with a body weight of ⩽75 kg) or 1200 mg (for those with a body weight of >75 kg) daily.",
                "ArmGroupInterventionList":{
                  "ArmGroupInterventionName":[
                    "Drug: peginterferon alfa-2a",
                    "Drug: Ribavirin"
                  ]
                }
              }
            ]
          },
          "InterventionList":{
            "Intervention":[
              {
                "InterventionType":"Drug",
                "InterventionName":"peginterferon alfa-2a",
                "InterventionArmGroupLabelList":{
                  "InterventionArmGroupLabel":[
                    "Interferon and rivavirin"
                  ]
                }
              },{
                "InterventionType":"Drug",
                "InterventionName":"Ribavirin",
                "InterventionArmGroupLabelList":{
                  "InterventionArmGroupLabel":[
                    "Interferon and rivavirin"
                  ]
                }
              }
            ]
          }
        },
        "OutcomesModule":{
          "PrimaryOutcomeList":{
            "PrimaryOutcome":[
              {
                "PrimaryOutcomeMeasure":"Sustained Virologic Response (SVR)",
                "PrimaryOutcomeDescription":"The primary end point of therapy was an SVR that was definied as the absences of detectable HCV RNA in serum 24 weeks after therapy was stopped.",
                "PrimaryOutcomeTimeFrame":"24 weeks after therapy is discontinued"
              }
            ]
          }
        },
        "EligibilityModule":{
          "EligibilityCriteria":"Inclusion:\n\nAge between 18 and 70 years at screening\nBlack/African American or White/Caucasian\nBorn in the United States\nQuantifiable Serum HCV RNA\nHepatitis C genotype 1\nLiver biopsy consistent with chronic hepatitis C\nNegative urine pregnancy test\nMales and Females must be using two reliable forms of effective contraception while on drug and during follow-up.\n\nExclusion:\n\nPrevious treatment with interferon or ribavirin\nPositive test at screening for anti-HIV\nPositive test for HBsAg\nAlcohol consumption of more than two drinks/day\nHistory of other chronic liver disease\nPregnant or breast-feeding women\nMale partners of women who are pregnant or contemplating pregnancy\nNeutrophil count <1000 cells/mm3\nHgb <11 g/dl in women or 12 g/dl in men\nPlatelet count <75,000 cells/mm3.\nThalassemia, spherocytosis, history of GI bleeding or those at increased risk of anemia\nSerum creatinine level >1.5 times the upper limit of normal at screening or CrCl < 75cc/min\nCurrent dialysis\nAlcohol or drug abuse within 6 months\nCurrent (<6 months)severe psychiatric disorder\nHistory of immunologically mediated disease\nDecompensated liver disease\nHigh risk cardiovascular/coronary artery disease\nSevere seizure disorder or anticonvulsant use\nSolid organ or bone marrow transplantation\nThyroid disease poorly controlled on prescribed medications\nHistory or other evidence of retinopathy\nChronic use of oral steroids\nInability or unwillingness to provide informed consent or abide by the study protocol",
          "HealthyVolunteers":"No",
          "Gender":"All",
          "MinimumAge":"18 Years",
          "MaximumAge":"70 Years",
          "StdAgeList":{
            "StdAge":[
              "Adult",
              "Older Adult"
            ]
          }
        },
        "ContactsLocationsModule":{
          "OverallOfficialList":{
            "OverallOfficial":[
              {
                "OverallOfficialName":"Patricia Robuck",
                "OverallOfficialAffiliation":"National Institute of Diabetes and Digestive and Kidney Diseases (NIDDK)",
                "OverallOfficialRole":"Study Director"
              }
            ]
          },
          "LocationList":{
            "Location":[
              {
                "LocationFacility":"University of California, San Francisco",
                "LocationCity":"San Francisco",
                "LocationState":"California",
                "LocationZip":"94143",
                "LocationCountry":"United States"
              },{
                "LocationFacility":"University of Miami School of Medicine",
                "LocationCity":"Miami",
                "LocationState":"Florida",
                "LocationZip":"33136",
                "LocationCountry":"United States"
              },{
                "LocationFacility":"Rush University",
                "LocationCity":"Chicago",
                "LocationState":"Illinois",
                "LocationZip":"60612",
                "LocationCountry":"United States"
              },{
                "LocationFacility":"University of Maryland School of Medicine",
                "LocationCity":"Baltimore",
                "LocationState":"Maryland",
                "LocationZip":"21201",
                "LocationCountry":"United States"
              },{
                "LocationFacility":"Beth Israel Deaconess Medical Center",
                "LocationCity":"Boston",
                "LocationState":"Massachusetts",
                "LocationZip":"02215",
                "LocationCountry":"United States"
              },{
                "LocationFacility":"University of Michigan Medical Center",
                "LocationCity":"Ann Arbor",
                "LocationState":"Michigan",
                "LocationZip":"48109",
                "LocationCountry":"United States"
              },{
                "LocationFacility":"New York-Presbyterian Medical Center",
                "LocationCity":"New York",
                "LocationState":"New York",
                "LocationZip":"10032",
                "LocationCountry":"United States"
              },{
                "LocationFacility":"University of North Carolina",
                "LocationCity":"Chapel Hill",
                "LocationState":"North Carolina",
                "LocationZip":"27599",
                "LocationCountry":"United States"
              }
            ]
          }
        },
        "ReferencesModule":{
          "ReferenceList":{
            "Reference":[
              {
                "ReferencePMID":"16890601",
                "ReferenceType":"result",
                "ReferenceCitation":"Conjeevaram HS, Fried MW, Jeffers LJ, Terrault NA, Wiley-Lucas TE, Afdhal N, Brown RS, Belle SH, Hoofnagle JH, Kleiner DE, Howell CD; Virahep-C Study Group. Peginterferon and ribavirin treatment in African American and Caucasian American patients with hepatitis C genotype 1. Gastroenterology. 2006 Aug;131(2):470-7."
              },{
                "ReferencePMID":"22760009",
                "ReferenceType":"derived",
                "ReferenceCitation":"Sarkar S, Jiang Z, Evon DM, Wahed AS, Hoofnagle JH. Fatigue before, during and after antiviral therapy of chronic hepatitis C: results from the Virahep-C study. J Hepatol. 2012 Nov;57(5):946-52. doi: 10.1016/j.jhep.2012.06.030. Epub 2012 Jul 1."
              },{
                "ReferencePMID":"19527724",
                "ReferenceType":"derived",
                "ReferenceCitation":"Dove LM, Rosen RC, Ramcharran D, Wahed AS, Belle SH, Brown RS, Hoofnagle JH; Virahep-C Study Group. Decline in male sexual desire, function, and satisfaction during and after antiviral therapy for chronic hepatitis C. Gastroenterology. 2009 Sep;137(3):873-84, 884.e1. doi: 10.1053/j.gastro.2009.05.060. Epub 2009 Jun 13."
              },{
                "ReferencePMID":"19284286",
                "ReferenceType":"derived",
                "ReferenceCitation":"Hoofnagle JH, Wahed AS, Brown RS Jr, Howell CD, Belle SH; Virahep-C Study Group. Early changes in hepatitis C virus (HCV) levels in response to peginterferon and ribavirin treatment in patients with chronic HCV genotype 1 infection. J Infect Dis. 2009 Apr 15;199(8):1112-20. doi: 10.1086/597384."
              },{
                "ReferencePMID":"18463735",
                "ReferenceType":"derived",
                "ReferenceCitation":"Cannon NA, Donlin MJ, Fan X, Aurora R, Tavis JE; Virahep-C Study Group. Hepatitis C virus diversity and evolution in the full open-reading frame during antiviral therapy. PLoS One. 2008 May 7;3(5):e2123. doi: 10.1371/journal.pone.0002123."
              }
            ]
          }
        },
        "IPDSharingStatementModule":{
          "IPDSharing":"Yes",
          "IPDSharingDescription":"Individual participant data are available in the NIDDK Central Repository",
          "IPDSharingInfoTypeList":{
            "IPDSharingInfoType":[
              "Study Protocol",
              "Informed Consent Form (ICF)",
              "Clinical Study Report (CSR)"
            ]
          },
          "IPDSharingURL":"https://www.niddkrepository.org/search/study/?q=virahep+c"
        }
      },
      "DerivedSection":{
        "MiscInfoModule":{
          "VersionHolder":"April 19, 2021"
        },
        "ConditionBrowseModule":{
          "ConditionMeshList":{
            "ConditionMesh":[
              {
                "ConditionMeshId":"D000006506",
                "ConditionMeshTerm":"Hepatitis A"
              },{
                "ConditionMeshId":"D000006526",
                "ConditionMeshTerm":"Hepatitis C"
              },{
                "ConditionMeshId":"D000006505",
                "ConditionMeshTerm":"Hepatitis"
              }
            ]
          },
          "ConditionAncestorList":{
            "ConditionAncestor":[
              {
                "ConditionAncestorId":"D000008107",
                "ConditionAncestorTerm":"Liver Diseases"
              },{
                "ConditionAncestorId":"D000004066",
                "ConditionAncestorTerm":"Digestive System Diseases"
              },{
                "ConditionAncestorId":"D000006525",
                "ConditionAncestorTerm":"Hepatitis, Viral, Human"
              },{
                "ConditionAncestorId":"D000014777",
                "ConditionAncestorTerm":"Virus Diseases"
              },{
                "ConditionAncestorId":"D000004769",
                "ConditionAncestorTerm":"Enterovirus Infections"
              },{
                "ConditionAncestorId":"D000010850",
                "ConditionAncestorTerm":"Picornaviridae Infections"
              },{
                "ConditionAncestorId":"D000012327",
                "ConditionAncestorTerm":"RNA Virus Infections"
              },{
                "ConditionAncestorId":"D000018178",
                "ConditionAncestorTerm":"Flaviviridae Infections"
              }
            ]
          },
          "ConditionBrowseLeafList":{
            "ConditionBrowseLeaf":[
              {
                "ConditionBrowseLeafId":"M8175",
                "ConditionBrowseLeafName":"Hepatitis A",
                "ConditionBrowseLeafAsFound":"Hepatitis",
                "ConditionBrowseLeafRelevance":"high"
              },{
                "ConditionBrowseLeafId":"M8174",
                "ConditionBrowseLeafName":"Hepatitis",
                "ConditionBrowseLeafAsFound":"Hepatitis",
                "ConditionBrowseLeafRelevance":"high"
              },{
                "ConditionBrowseLeafId":"M8190",
                "ConditionBrowseLeafName":"Hepatitis, Chronic",
                "ConditionBrowseLeafRelevance":"low"
              },{
                "ConditionBrowseLeafId":"M8194",
                "ConditionBrowseLeafName":"Hepatitis C",
                "ConditionBrowseLeafAsFound":"Hepatitis C",
                "ConditionBrowseLeafRelevance":"high"
              },{
                "ConditionBrowseLeafId":"M20197",
                "ConditionBrowseLeafName":"Hepatitis C, Chronic",
                "ConditionBrowseLeafRelevance":"low"
              },{
                "ConditionBrowseLeafId":"M9690",
                "ConditionBrowseLeafName":"Liver Diseases",
                "ConditionBrowseLeafRelevance":"low"
              },{
                "ConditionBrowseLeafId":"M5838",
                "ConditionBrowseLeafName":"Digestive System Diseases",
                "ConditionBrowseLeafRelevance":"low"
              },{
                "ConditionBrowseLeafId":"M7466",
                "ConditionBrowseLeafName":"Gastrointestinal Diseases",
                "ConditionBrowseLeafRelevance":"low"
              },{
                "ConditionBrowseLeafId":"M8193",
                "ConditionBrowseLeafName":"Hepatitis, Viral, Human",
                "ConditionBrowseLeafRelevance":"low"
              },{
                "ConditionBrowseLeafId":"M16105",
                "ConditionBrowseLeafName":"Virus Diseases",
                "ConditionBrowseLeafRelevance":"low"
              },{
                "ConditionBrowseLeafId":"M8866",
                "ConditionBrowseLeafName":"Infection",
                "ConditionBrowseLeafRelevance":"low"
              },{
                "ConditionBrowseLeafId":"M4951",
                "ConditionBrowseLeafName":"Communicable Diseases",
                "ConditionBrowseLeafRelevance":"low"
              },{
                "ConditionBrowseLeafId":"M6513",
                "ConditionBrowseLeafName":"Enterovirus Infections",
                "ConditionBrowseLeafRelevance":"low"
              },{
                "ConditionBrowseLeafId":"M12328",
                "ConditionBrowseLeafName":"Picornaviridae Infections",
                "ConditionBrowseLeafRelevance":"low"
              },{
                "ConditionBrowseLeafId":"M13732",
                "ConditionBrowseLeafName":"RNA Virus Infections",
                "ConditionBrowseLeafRelevance":"low"
              },{
                "ConditionBrowseLeafId":"M18907",
                "ConditionBrowseLeafName":"Flaviviridae Infections",
                "ConditionBrowseLeafRelevance":"low"
              }
            ]
          },
          "ConditionBrowseBranchList":{
            "ConditionBrowseBranch":[
              {
                "ConditionBrowseBranchAbbrev":"BC02",
                "ConditionBrowseBranchName":"Viral Diseases"
              },{
                "ConditionBrowseBranchAbbrev":"BC06",
                "ConditionBrowseBranchName":"Digestive System Diseases"
              },{
                "ConditionBrowseBranchAbbrev":"All",
                "ConditionBrowseBranchName":"All Conditions"
              },{
                "ConditionBrowseBranchAbbrev":"BC01",
                "ConditionBrowseBranchName":"Bacterial and Fungal Diseases"
              }
            ]
          }
        },
        "InterventionBrowseModule":{
          "InterventionMeshList":{
            "InterventionMesh":[
              {
                "InterventionMeshId":"D000012254",
                "InterventionMeshTerm":"Ribavirin"
              },{
                "InterventionMeshId":"C000100416",
                "InterventionMeshTerm":"Peginterferon alfa-2a"
              }
            ]
          },
          "InterventionAncestorList":{
            "InterventionAncestor":[
              {
                "InterventionAncestorId":"D000000963",
                "InterventionAncestorTerm":"Antimetabolites"
              },{
                "InterventionAncestorId":"D000045504",
                "InterventionAncestorTerm":"Molecular Mechanisms of Pharmacological Action"
              },{
                "InterventionAncestorId":"D000000998",
                "InterventionAncestorTerm":"Antiviral Agents"
              },{
                "InterventionAncestorId":"D000000890",
                "InterventionAncestorTerm":"Anti-Infective Agents"
              }
            ]
          },
          "InterventionBrowseLeafList":{
            "InterventionBrowseLeaf":[
              {
                "InterventionBrowseLeafId":"M13666",
                "InterventionBrowseLeafName":"Ribavirin",
                "InterventionBrowseLeafAsFound":"Take",
                "InterventionBrowseLeafRelevance":"high"
              },{
                "InterventionBrowseLeafId":"M2895",
                "InterventionBrowseLeafName":"Antiviral Agents",
                "InterventionBrowseLeafRelevance":"low"
              },{
                "InterventionBrowseLeafId":"M255637",
                "InterventionBrowseLeafName":"Peginterferon alfa-2a",
                "InterventionBrowseLeafAsFound":"Sensitivity",
                "InterventionBrowseLeafRelevance":"high"
              },{
                "InterventionBrowseLeafId":"M8990",
                "InterventionBrowseLeafName":"Interferons",
                "InterventionBrowseLeafRelevance":"low"
              },{
                "InterventionBrowseLeafId":"M2862",
                "InterventionBrowseLeafName":"Antimetabolites",
                "InterventionBrowseLeafRelevance":"low"
              },{
                "InterventionBrowseLeafId":"M2795",
                "InterventionBrowseLeafName":"Anti-Infective Agents",
                "InterventionBrowseLeafRelevance":"low"
              }
            ]
          },
          "InterventionBrowseBranchList":{
            "InterventionBrowseBranch":[
              {
                "InterventionBrowseBranchAbbrev":"Infe",
                "InterventionBrowseBranchName":"Anti-Infective Agents"
              },{
                "InterventionBrowseBranchAbbrev":"All",
                "InterventionBrowseBranchName":"All Drugs and Chemicals"
              },{
                "InterventionBrowseBranchAbbrev":"ANeo",
                "InterventionBrowseBranchName":"Antineoplastic Agents"
              }
            ]
          }
        }
      }
    }
  }
}

