{
  "FullStudy":{
    "Rank":366967,
    "Study":{
      "ProtocolSection":{
        "IdentificationModule":{
          "NCTId":"NCT00037739",
          "OrgStudyIdInfo":{
            "OrgStudyId":"1175"
          },
          "SecondaryIdInfoList":{
            "SecondaryIdInfo":[
              {
                "SecondaryId":"R01HL067469",
                "SecondaryIdType":"U.S. NIH Grant/Contract",
                "SecondaryIdLink":"https://projectreporter.nih.gov/reporterapi.cfm?PROJECTNUM=R01HL067469&Fy=all"
              }
            ]
          },
          "Organization":{
            "OrgFullName":"University of Utah",
            "OrgClass":"OTHER"
          },
          "BriefTitle":"Chronic Obstructive Pulmonary Disease Gene Localization"
        },
        "StatusModule":{
          "StatusVerifiedDate":"January 2016",
          "OverallStatus":"Completed",
          "ExpandedAccessInfo":{
            "HasExpandedAccess":"No"
          },
          "StartDateStruct":{
            "StartDate":"April 2001"
          },
          "CompletionDateStruct":{
            "CompletionDate":"March 2004"
          },
          "StudyFirstSubmitDate":"May 20, 2002",
          "StudyFirstSubmitQCDate":"May 20, 2002",
          "StudyFirstPostDateStruct":{
            "StudyFirstPostDate":"May 21, 2002",
            "StudyFirstPostDateType":"Estimate"
          },
          "LastUpdateSubmitDate":"January 19, 2016",
          "LastUpdatePostDateStruct":{
            "LastUpdatePostDate":"January 21, 2016",
            "LastUpdatePostDateType":"Estimate"
          }
        },
        "SponsorCollaboratorsModule":{
          "LeadSponsor":{
            "LeadSponsorName":"University of Utah",
            "LeadSponsorClass":"OTHER"
          },
          "CollaboratorList":{
            "Collaborator":[
              {
                "CollaboratorName":"National Heart, Lung, and Blood Institute (NHLBI)",
                "CollaboratorClass":"NIH"
              }
            ]
          }
        },
        "DescriptionModule":{
          "BriefSummary":"To localize within the genome a chronic obstructive pulmonary disease susceptibility gene.",
          "DetailedDescription":"BACKGROUND:\n\nChronic obstructive pulmonary disease (COPD) is a slowly progressive disorder characterized by airways obstruction that lasts for at least several months. The two major causes of COPD are chronic bronchitis and emphysema. Either disorder may occur with or without airways obstruction, but airways obstruction causes impairment of lung function leading to disability and death. COPD is a major health problem in the United States and throughout the world, consistently ranking among the most common causes of death in the United States. Cigarette smoking is the primary environmental factor that increases the risk of COPD, but other environmental factors have also been implicated. However, despite a well-established role, environmental factors alone do not cause COPD. Symptomatic COPD develops in only 10-20 percent of heavy cigarette smokers, probably those with a genetic susceptibility, although common COPD susceptibility genes have yet to be identified.\n\nDESIGN NARRATIVE:\n\nThe study applied statistical linkage analysis to family data. Pulmonary measurements had already been collected on 159 members of 16 pedigrees and evidence supporting a COPD susceptibility gene in these pedigrees had been obtained from segregation analysis. Each of 11,995 genetic markers, which had already been genotyped on pedigree members, were tested for evidence of linkage to the inferred COPD susceptibility gene. Evidence of linkage to one or more genetic markers identifed genomic locations of COPD susceptibility genes. The high density of markers allowed fine-mapping of the gene. Successful completion of this gene localization project was the necessary prerequisite for a project to identify and characterize a COPD susceptibility gene. Identifying a gene that when mutated increased the risk of COPD may increase understanding of pulmonary function, as well as allowing gene-carriers to be identified and made aware of their susceptibility."
        },
        "ConditionsModule":{
          "ConditionList":{
            "Condition":[
              "Lung Diseases",
              "Chronic Obstructive Pulmonary Disease"
            ]
          }
        },
        "DesignModule":{
          "StudyType":"Observational"
        },
        "EligibilityModule":{
          "EligibilityCriteria":"No eligibility criteria",
          "HealthyVolunteers":"No",
          "Gender":"All",
          "MaximumAge":"100 Years",
          "StdAgeList":{
            "StdAge":[
              "Child",
              "Adult",
              "Older Adult"
            ]
          }
        },
        "ContactsLocationsModule":{
          "OverallOfficialList":{
            "OverallOfficial":[
              {
                "OverallOfficialName":"Sandra Hasstedt",
                "OverallOfficialAffiliation":"University of Utah"
              }
            ]
          }
        },
        "ReferencesModule":{
          "ReferenceList":{
            "Reference":[
              {
                "ReferencePMID":"12791583",
                "ReferenceType":"background",
                "ReferenceCitation":"Malhotra A, Peiffer AP, Ryujin DT, Elsner T, Kanner RE, Leppert MF, Hasstedt SJ. Further evidence for the role of genes on chromosome 2 and chromosome 5 in the inheritance of pulmonary function. Am J Respir Crit Care Med. 2003 Sep 1;168(5):556-61. Epub 2003 Jun 5."
              },{
                "ReferencePMID":"15682273",
                "ReferenceType":"background",
                "ReferenceCitation":"Malhotra A, Cromer K, Leppert MF, Hasstedt SJ. The power to detect genetic linkage for quantitative traits in the Utah CEPH pedigrees. J Hum Genet. 2005;50(2):69-75. doi: 10.1007/s10038-004-0222-8. Epub 2005 Jan 29."
              }
            ]
          }
        }
      },
      "DerivedSection":{
        "MiscInfoModule":{
          "VersionHolder":"April 19, 2021"
        },
        "ConditionBrowseModule":{
          "ConditionMeshList":{
            "ConditionMesh":[
              {
                "ConditionMeshId":"D000008171",
                "ConditionMeshTerm":"Lung Diseases"
              },{
                "ConditionMeshId":"D000008173",
                "ConditionMeshTerm":"Lung Diseases, Obstructive"
              },{
                "ConditionMeshId":"D000029424",
                "ConditionMeshTerm":"Pulmonary Disease, Chronic Obstructive"
              }
            ]
          },
          "ConditionAncestorList":{
            "ConditionAncestor":[
              {
                "ConditionAncestorId":"D000012140",
                "ConditionAncestorTerm":"Respiratory Tract Diseases"
              }
            ]
          },
          "ConditionBrowseLeafList":{
            "ConditionBrowseLeaf":[
              {
                "ConditionBrowseLeafId":"M9753",
                "ConditionBrowseLeafName":"Lung Diseases, Obstructive",
                "ConditionBrowseLeafAsFound":"Obstructive Pulmonary Disease",
                "ConditionBrowseLeafRelevance":"high"
              },{
                "ConditionBrowseLeafId":"M22033",
                "ConditionBrowseLeafName":"Pulmonary Disease, Chronic Obstructive",
                "ConditionBrowseLeafAsFound":"Chronic Obstructive Pulmonary Disease",
                "ConditionBrowseLeafRelevance":"high"
              },{
                "ConditionBrowseLeafId":"M9751",
                "ConditionBrowseLeafName":"Lung Diseases",
                "ConditionBrowseLeafAsFound":"Pulmonary Disease",
                "ConditionBrowseLeafRelevance":"high"
              },{
                "ConditionBrowseLeafId":"M13560",
                "ConditionBrowseLeafName":"Respiratory Tract Diseases",
                "ConditionBrowseLeafRelevance":"low"
              }
            ]
          },
          "ConditionBrowseBranchList":{
            "ConditionBrowseBranch":[
              {
                "ConditionBrowseBranchAbbrev":"BC08",
                "ConditionBrowseBranchName":"Respiratory Tract (Lung and Bronchial) Diseases"
              },{
                "ConditionBrowseBranchAbbrev":"All",
                "ConditionBrowseBranchName":"All Conditions"
              }
            ]
          }
        }
      }
    }
  }
}

