{
  "FullStudy":{
    "Rank":366814,
    "Study":{
      "ProtocolSection":{
        "IdentificationModule":{
          "NCTId":"NCT00039910",
          "OrgStudyIdInfo":{
            "OrgStudyId":"444-ONC-0003-0019"
          },
          "Organization":{
            "OrgFullName":"Pfizer",
            "OrgClass":"INDUSTRY"
          },
          "BriefTitle":"Safety and Efficacy of (PN-152,243)/PN-196,444 in the Prevention of Thrombocytopenia",
          "OfficialTitle":"Safety and Efficacy of (PN-152,243)/PN-196,444 in the Prevention of Thrombocytopenia in Recurrent or Refractory Non-Burkitt's, Non-Hodgkin's Lymphoma (NHL) or Hodgkin's Disease Receiving DHAP (Dexamethasone, High-Dose Cytarabine and Cisplatin) Chemotherapy"
        },
        "StatusModule":{
          "StatusVerifiedDate":"September 2006",
          "OverallStatus":"Completed",
          "ExpandedAccessInfo":{
            "HasExpandedAccess":"No"
          },
          "StartDateStruct":{
            "StartDate":"July 2000"
          },
          "CompletionDateStruct":{
            "CompletionDate":"March 2003",
            "CompletionDateType":"Actual"
          },
          "StudyFirstSubmitDate":"June 14, 2002",
          "StudyFirstSubmitQCDate":"June 14, 2002",
          "StudyFirstPostDateStruct":{
            "StudyFirstPostDate":"June 17, 2002",
            "StudyFirstPostDateType":"Estimate"
          },
          "LastUpdateSubmitDate":"May 3, 2007",
          "LastUpdatePostDateStruct":{
            "LastUpdatePostDate":"May 4, 2007",
            "LastUpdatePostDateType":"Estimate"
          }
        },
        "SponsorCollaboratorsModule":{
          "LeadSponsor":{
            "LeadSponsorName":"Pfizer",
            "LeadSponsorClass":"INDUSTRY"
          }
        },
        "OversightModule":{},
        "DescriptionModule":{
          "BriefSummary":"Intensive chemotherapy is associated with significant thrombocytopenia, often requiring platelet transfusion to maintain platelet counts. This investigational drug has been demonstrated to increase platelet counts. This study will test the safety and efficacy of the investigational drug in the prevention of thrombocytopenia in patients with recurrent or refractory intermediate-grade or high-grade non-Burkitt's, non-Hodgkin's lymphoma (NHL), or Hodgkin's disease receiving DHAP (Dexamethasone, high-dose Cytarabine, and Cisplatin) chemotherapy."
        },
        "ConditionsModule":{
          "ConditionList":{
            "Condition":[
              "Non-Hodgkin Lymphoma",
              "Hodgkin Disease",
              "Thrombocytopenia"
            ]
          }
        },
        "DesignModule":{
          "StudyType":"Interventional",
          "PhaseList":{
            "Phase":[
              "Phase 3"
            ]
          },
          "DesignInfo":{
            "DesignAllocation":"Randomized",
            "DesignInterventionModel":"Parallel Assignment",
            "DesignPrimaryPurpose":"Prevention",
            "DesignMaskingInfo":{
              "DesignMasking":"Double"
            }
          },
          "EnrollmentInfo":{
            "EnrollmentCount":"240"
          }
        },
        "ArmsInterventionsModule":{
          "InterventionList":{
            "Intervention":[
              {
                "InterventionType":"Drug",
                "InterventionName":"(PN-152,243)/ PN-196,444"
              }
            ]
          }
        },
        "OutcomesModule":{
          "PrimaryOutcomeList":{
            "PrimaryOutcome":[
              {
                "PrimaryOutcomeMeasure":"To evaluate the effectiveness of primary prophylaxis with intravenous rhTPO versus placebo in reducing the cumulative proportion of patients who experience severe chemotherapy-induced thrombocytopenia."
              }
            ]
          },
          "SecondaryOutcomeList":{
            "SecondaryOutcome":[
              {
                "SecondaryOutcomeMeasure":"Identify the effect of rhTPO on the number of platelet transfusions"
              },{
                "SecondaryOutcomeMeasure":"Evaluate the severity and duration of thrombocytopenia and neutropenia associated with rhTPO prophylaxis"
              },{
                "SecondaryOutcomeMeasure":"Quantify the effect of rhTPO on the occurrence of any bleeding events associated with thrombocytopenia"
              },{
                "SecondaryOutcomeMeasure":"Assess the likelihood that patients were to have adequate hematologic recovery to allow on-time chemotherapy administration in the subsequent cycles"
              },{
                "SecondaryOutcomeMeasure":"Assess the safety of multiple IV doses of rhTPO"
              },{
                "SecondaryOutcomeMeasure":"Determine the occurrence and clinical implications of any anti-TPO antibodies"
              },{
                "SecondaryOutcomeMeasure":"Assess the antitumor activity of DHAP chemotherapy"
              },{
                "SecondaryOutcomeMeasure":"Evaluate the impact of rhTPO prophylaxis on health economics/cost effectiveness"
              },{
                "SecondaryOutcomeMeasure":"Evaluate the impact of rhTPO prophylaxis on patient quality of life"
              }
            ]
          }
        },
        "EligibilityModule":{
          "EligibilityCriteria":"Inclusion Criteria:\n\nPatients must have recurrent or refractory intermediate-grade or high-grade non-Burkitt's, non-Hodgkin's lymphoma (NHL) or Hodgkin's disease and be scheduled for a minimum of 2 cycles of DHAP (Dexamethasone, high-dose Cytarabine and Cisplatin) chemotherapy\n\nExclusion Criteria:\n\nPatients must not have active bleeding (exclusions do apply) or history of platelet disorder",
          "HealthyVolunteers":"No",
          "Gender":"All",
          "MinimumAge":"18 Years",
          "StdAgeList":{
            "StdAge":[
              "Adult",
              "Older Adult"
            ]
          }
        },
        "ContactsLocationsModule":{
          "OverallOfficialList":{
            "OverallOfficial":[
              {
                "OverallOfficialName":"Pfizer CT.gov Call Center",
                "OverallOfficialAffiliation":"Pfizer",
                "OverallOfficialRole":"Study Director"
              }
            ]
          },
          "LocationList":{
            "Location":[
              {
                "LocationFacility":"Pfizer Investigational Site",
                "LocationCity":"Phoenix",
                "LocationState":"Arizona",
                "LocationZip":"85023",
                "LocationCountry":"United States"
              },{
                "LocationFacility":"Pfizer Investigational Site",
                "LocationCity":"La Jolla",
                "LocationState":"California",
                "LocationZip":"92037",
                "LocationCountry":"United States"
              },{
                "LocationFacility":"Pfizer Investigational Site",
                "LocationCity":"Loma Linda",
                "LocationState":"California",
                "LocationZip":"92354",
                "LocationCountry":"United States"
              },{
                "LocationFacility":"Pfizer Investigational Site",
                "LocationCity":"Los Angeles",
                "LocationState":"California",
                "LocationZip":"90033-0804",
                "LocationCountry":"United States"
              },{
                "LocationFacility":"Pfizer Investigational Site",
                "LocationCity":"Los Angeles",
                "LocationState":"California",
                "LocationZip":"90036",
                "LocationCountry":"United States"
              },{
                "LocationFacility":"Pfizer Investigational Site",
                "LocationCity":"Los Angeles",
                "LocationState":"California",
                "LocationZip":"90048",
                "LocationCountry":"United States"
              },{
                "LocationFacility":"Pfizer Investigational Site",
                "LocationCity":"Los Angeles",
                "LocationState":"California",
                "LocationZip":"90089",
                "LocationCountry":"United States"
              },{
                "LocationFacility":"Pfizer Investigational Site",
                "LocationCity":"Orange",
                "LocationState":"California",
                "LocationZip":"92868",
                "LocationCountry":"United States"
              },{
                "LocationFacility":"Pfizer Investigational Site",
                "LocationCity":"Tamarac",
                "LocationState":"Florida",
                "LocationZip":"33321",
                "LocationCountry":"United States"
              },{
                "LocationFacility":"Pfizer Investigational Site",
                "LocationCity":"Chicago",
                "LocationState":"Illinois",
                "LocationZip":"60637",
                "LocationCountry":"United States"
              },{
                "LocationFacility":"Pfizer Investigational Site",
                "LocationCity":"Chicago",
                "LocationState":"Illinois",
                "LocationZip":"60640",
                "LocationCountry":"United States"
              },{
                "LocationFacility":"Pfizer Investigational Site",
                "LocationCity":"Lake Charles",
                "LocationState":"Louisiana",
                "LocationZip":"70601",
                "LocationCountry":"United States"
              },{
                "LocationFacility":"Pfizer Investigational Site",
                "LocationCity":"Detroit",
                "LocationState":"Michigan",
                "LocationZip":"48202",
                "LocationCountry":"United States"
              },{
                "LocationFacility":"Pfizer Investigational Site",
                "LocationCity":"Southfield",
                "LocationState":"Michigan",
                "LocationZip":"48076",
                "LocationCountry":"United States"
              },{
                "LocationFacility":"Pfizer Investigational Site",
                "LocationCity":"St. Joseph",
                "LocationState":"Michigan",
                "LocationZip":"49085",
                "LocationCountry":"United States"
              },{
                "LocationFacility":"Pfizer Investigational Site",
                "LocationCity":"Jefferson City",
                "LocationState":"Missouri",
                "LocationZip":"65109",
                "LocationCountry":"United States"
              },{
                "LocationFacility":"Pfizer Investigational Site",
                "LocationCity":"Jefferson City",
                "LocationState":"Missouri",
                "LocationZip":"90048",
                "LocationCountry":"United States"
              },{
                "LocationFacility":"Pfizer Investigational Site",
                "LocationCity":"Omaha",
                "LocationState":"Nebraska",
                "LocationZip":"68198",
                "LocationCountry":"United States"
              },{
                "LocationFacility":"Pfizer Investigational Site",
                "LocationCity":"Brooklyn",
                "LocationState":"New York",
                "LocationZip":"11235",
                "LocationCountry":"United States"
              },{
                "LocationFacility":"Pfizer Investigational Site",
                "LocationCity":"Durham",
                "LocationState":"North Carolina",
                "LocationZip":"27705",
                "LocationCountry":"United States"
              },{
                "LocationFacility":"Pfizer Investigational Site",
                "LocationCity":"Coos Bay",
                "LocationState":"Oregon",
                "LocationZip":"97420",
                "LocationCountry":"United States"
              },{
                "LocationFacility":"Pfizer Investigational Site",
                "LocationCity":"Hershey",
                "LocationState":"Pennsylvania",
                "LocationZip":"17033",
                "LocationCountry":"United States"
              },{
                "LocationFacility":"Pfizer Investigational Site",
                "LocationCity":"Bristol",
                "LocationState":"Tennessee",
                "LocationZip":"37620",
                "LocationCountry":"United States"
              },{
                "LocationFacility":"Pfizer Investigational Site",
                "LocationCity":"Abingdon",
                "LocationState":"Virginia",
                "LocationZip":"24210",
                "LocationCountry":"United States"
              },{
                "LocationFacility":"Pfizer Investigational Site",
                "LocationCity":"Abingdon",
                "LocationState":"Virginia",
                "LocationZip":"24211",
                "LocationCountry":"United States"
              },{
                "LocationFacility":"Pfizer Investigational Site",
                "LocationCity":"Lebanon",
                "LocationState":"Virginia",
                "LocationZip":"24266",
                "LocationCountry":"United States"
              },{
                "LocationFacility":"Pfizer Investigational Site",
                "LocationCity":"Marion",
                "LocationState":"Virginia",
                "LocationZip":"24354",
                "LocationCountry":"United States"
              },{
                "LocationFacility":"Pfizer Investigational Site",
                "LocationCity":"East Melbourne",
                "LocationState":"Victoria",
                "LocationZip":"3002",
                "LocationCountry":"Australia"
              },{
                "LocationFacility":"Pfizer Investigational Site",
                "LocationCity":"Paris",
                "LocationCountry":"France"
              },{
                "LocationFacility":"Pfizer Investigational Site",
                "LocationCity":"Tours",
                "LocationZip":"37044",
                "LocationCountry":"France"
              },{
                "LocationFacility":"Pfizer Investigational Site",
                "LocationCity":"Thessaloniki",
                "LocationState":"Macedonia",
                "LocationZip":"540 07",
                "LocationCountry":"Greece"
              },{
                "LocationFacility":"Pfizer Investigational Site",
                "LocationCity":"Shatin",
                "LocationState":"New Territories",
                "LocationCountry":"Hong Kong"
              },{
                "LocationFacility":"Pfizer Investigational Site",
                "LocationCity":"Lodz",
                "LocationZip":"93-510",
                "LocationCountry":"Poland"
              },{
                "LocationFacility":"Pfizer Investigational Site",
                "LocationCity":"Warsaw",
                "LocationCountry":"Poland"
              },{
                "LocationFacility":"Pfizer Investigational Site",
                "LocationCity":"Moscow",
                "LocationZip":"115478",
                "LocationCountry":"Russian Federation"
              },{
                "LocationFacility":"Pfizer Investigational Site",
                "LocationCity":"Moscow",
                "LocationZip":"125167",
                "LocationCountry":"Russian Federation"
              },{
                "LocationFacility":"Pfizer Investigational Site",
                "LocationCity":"Singapore",
                "LocationZip":"169608",
                "LocationCountry":"Singapore"
              },{
                "LocationFacility":"Pfizer Investigational Site",
                "LocationCity":"Singapore",
                "LocationZip":"169610",
                "LocationCountry":"Singapore"
              }
            ]
          }
        },
        "ReferencesModule":{
          "SeeAlsoLinkList":{
            "SeeAlsoLink":[
              {
                "SeeAlsoLinkLabel":"To obtain contact information for a study center near you, click here.",
                "SeeAlsoLinkURL":"https://trialinfoemail.pfizer.com/pages/landing.aspx?StudyID=444-ONC-0003-0019&StudyName=Safety+and+Efficacy+of+%28PN%2D152%2C243%29%2FPN%2D196%2C444+in+the+Prevention+of+Thrombocytopenia"
              }
            ]
          }
        }
      },
      "DerivedSection":{
        "MiscInfoModule":{
          "VersionHolder":"April 19, 2021"
        },
        "ConditionBrowseModule":{
          "ConditionMeshList":{
            "ConditionMesh":[
              {
                "ConditionMeshId":"D000008223",
                "ConditionMeshTerm":"Lymphoma"
              },{
                "ConditionMeshId":"D000008228",
                "ConditionMeshTerm":"Lymphoma, Non-Hodgkin"
              },{
                "ConditionMeshId":"D000006689",
                "ConditionMeshTerm":"Hodgkin Disease"
              },{
                "ConditionMeshId":"D000013921",
                "ConditionMeshTerm":"Thrombocytopenia"
              }
            ]
          },
          "ConditionAncestorList":{
            "ConditionAncestor":[
              {
                "ConditionAncestorId":"D000009370",
                "ConditionAncestorTerm":"Neoplasms by Histologic Type"
              },{
                "ConditionAncestorId":"D000009369",
                "ConditionAncestorTerm":"Neoplasms"
              },{
                "ConditionAncestorId":"D000008232",
                "ConditionAncestorTerm":"Lymphoproliferative Disorders"
              },{
                "ConditionAncestorId":"D000008206",
                "ConditionAncestorTerm":"Lymphatic Diseases"
              },{
                "ConditionAncestorId":"D000007160",
                "ConditionAncestorTerm":"Immunoproliferative Disorders"
              },{
                "ConditionAncestorId":"D000007154",
                "ConditionAncestorTerm":"Immune System Diseases"
              },{
                "ConditionAncestorId":"D000001791",
                "ConditionAncestorTerm":"Blood Platelet Disorders"
              },{
                "ConditionAncestorId":"D000006402",
                "ConditionAncestorTerm":"Hematologic Diseases"
              }
            ]
          },
          "ConditionBrowseLeafList":{
            "ConditionBrowseLeaf":[
              {
                "ConditionBrowseLeafId":"M9803",
                "ConditionBrowseLeafName":"Lymphoma",
                "ConditionBrowseLeafAsFound":"Lymphoma",
                "ConditionBrowseLeafRelevance":"high"
              },{
                "ConditionBrowseLeafId":"M15263",
                "ConditionBrowseLeafName":"Thrombocytopenia",
                "ConditionBrowseLeafAsFound":"Thrombocytopenia",
                "ConditionBrowseLeafRelevance":"high"
              },{
                "ConditionBrowseLeafId":"M8334",
                "ConditionBrowseLeafName":"Hodgkin Disease",
                "ConditionBrowseLeafAsFound":"Hodgkin's Disease",
                "ConditionBrowseLeafRelevance":"high"
              },{
                "ConditionBrowseLeafId":"M9805",
                "ConditionBrowseLeafName":"Lymphoma, Non-Hodgkin",
                "ConditionBrowseLeafAsFound":"Non-Hodgkin's Lymphoma",
                "ConditionBrowseLeafRelevance":"high"
              },{
                "ConditionBrowseLeafId":"M10898",
                "ConditionBrowseLeafName":"Neoplasms by Histologic Type",
                "ConditionBrowseLeafRelevance":"low"
              },{
                "ConditionBrowseLeafId":"M9808",
                "ConditionBrowseLeafName":"Lymphoproliferative Disorders",
                "ConditionBrowseLeafRelevance":"low"
              },{
                "ConditionBrowseLeafId":"M9786",
                "ConditionBrowseLeafName":"Lymphatic Diseases",
                "ConditionBrowseLeafRelevance":"low"
              },{
                "ConditionBrowseLeafId":"M8789",
                "ConditionBrowseLeafName":"Immunoproliferative Disorders",
                "ConditionBrowseLeafRelevance":"low"
              },{
                "ConditionBrowseLeafId":"M8783",
                "ConditionBrowseLeafName":"Immune System Diseases",
                "ConditionBrowseLeafRelevance":"low"
              },{
                "ConditionBrowseLeafId":"M3654",
                "ConditionBrowseLeafName":"Blood Platelet Disorders",
                "ConditionBrowseLeafRelevance":"low"
              },{
                "ConditionBrowseLeafId":"M8073",
                "ConditionBrowseLeafName":"Hematologic Diseases",
                "ConditionBrowseLeafRelevance":"low"
              },{
                "ConditionBrowseLeafId":"T3543",
                "ConditionBrowseLeafName":"Lymphosarcoma",
                "ConditionBrowseLeafRelevance":"low"
              },{
                "ConditionBrowseLeafId":"T2817",
                "ConditionBrowseLeafName":"Hodgkin Lymphoma",
                "ConditionBrowseLeafAsFound":"Hodgkin's Disease",
                "ConditionBrowseLeafRelevance":"high"
              }
            ]
          },
          "ConditionBrowseBranchList":{
            "ConditionBrowseBranch":[
              {
                "ConditionBrowseBranchAbbrev":"BC04",
                "ConditionBrowseBranchName":"Cancers and Other Neoplasms"
              },{
                "ConditionBrowseBranchAbbrev":"BC15",
                "ConditionBrowseBranchName":"Blood and Lymph Conditions"
              },{
                "ConditionBrowseBranchAbbrev":"BC20",
                "ConditionBrowseBranchName":"Immune System Diseases"
              },{
                "ConditionBrowseBranchAbbrev":"All",
                "ConditionBrowseBranchName":"All Conditions"
              },{
                "ConditionBrowseBranchAbbrev":"Rare",
                "ConditionBrowseBranchName":"Rare Diseases"
              }
            ]
          }
        },
        "InterventionBrowseModule":{
          "InterventionBrowseLeafList":{
            "InterventionBrowseLeaf":[
              {
                "InterventionBrowseLeafId":"M4765",
                "InterventionBrowseLeafName":"Cisplatin",
                "InterventionBrowseLeafRelevance":"low"
              },{
                "InterventionBrowseLeafId":"M5349",
                "InterventionBrowseLeafName":"Cytarabine",
                "InterventionBrowseLeafRelevance":"low"
              },{
                "InterventionBrowseLeafId":"M5685",
                "InterventionBrowseLeafName":"Dexamethasone",
                "InterventionBrowseLeafRelevance":"low"
              },{
                "InterventionBrowseLeafId":"M243574",
                "InterventionBrowseLeafName":"Dexamethasone acetate",
                "InterventionBrowseLeafRelevance":"low"
              }
            ]
          },
          "InterventionBrowseBranchList":{
            "InterventionBrowseBranch":[
              {
                "InterventionBrowseBranchAbbrev":"ANeo",
                "InterventionBrowseBranchName":"Antineoplastic Agents"
              },{
                "InterventionBrowseBranchAbbrev":"All",
                "InterventionBrowseBranchName":"All Drugs and Chemicals"
              },{
                "InterventionBrowseBranchAbbrev":"Infe",
                "InterventionBrowseBranchName":"Anti-Infective Agents"
              },{
                "InterventionBrowseBranchAbbrev":"Infl",
                "InterventionBrowseBranchName":"Anti-Inflammatory Agents"
              },{
                "InterventionBrowseBranchAbbrev":"AnEm",
                "InterventionBrowseBranchName":"Antiemetics"
              },{
                "InterventionBrowseBranchAbbrev":"Gast",
                "InterventionBrowseBranchName":"Gastrointestinal Agents"
              }
            ]
          }
        }
      }
    }
  }
}

