{
  "FullStudy":{
    "Rank":367489,
    "Study":{
      "ProtocolSection":{
        "IdentificationModule":{
          "NCTId":"NCT00030511",
          "OrgStudyIdInfo":{
            "OrgStudyId":"EORTC-05991"
          },
          "SecondaryIdInfoList":{
            "SecondaryIdInfo":[
              {
                "SecondaryId":"EORTC-05991"
              }
            ]
          },
          "Organization":{
            "OrgFullName":"European Organisation for Research and Treatment of Cancer - EORTC",
            "OrgClass":"NETWORK"
          },
          "BriefTitle":"Radiation Therapy and Fluorouracil Before Surgery in Treating Patients With Primary or Recurrent Bile Duct Cancer",
          "OfficialTitle":"A Phase II Study of Chronomodulated Preoperative Infusional Chemoradiation for Biliary Tract Cancer"
        },
        "StatusModule":{
          "StatusVerifiedDate":"July 2012",
          "OverallStatus":"Terminated",
          "WhyStopped":"low accrual",
          "ExpandedAccessInfo":{
            "HasExpandedAccess":"No"
          },
          "StartDateStruct":{
            "StartDate":"October 2001"
          },
          "PrimaryCompletionDateStruct":{
            "PrimaryCompletionDate":"July 2003",
            "PrimaryCompletionDateType":"Actual"
          },
          "StudyFirstSubmitDate":"February 14, 2002",
          "StudyFirstSubmitQCDate":"January 26, 2003",
          "StudyFirstPostDateStruct":{
            "StudyFirstPostDate":"January 27, 2003",
            "StudyFirstPostDateType":"Estimate"
          },
          "LastUpdateSubmitDate":"July 13, 2012",
          "LastUpdatePostDateStruct":{
            "LastUpdatePostDate":"July 16, 2012",
            "LastUpdatePostDateType":"Estimate"
          }
        },
        "SponsorCollaboratorsModule":{
          "ResponsibleParty":{
            "ResponsiblePartyType":"Sponsor"
          },
          "LeadSponsor":{
            "LeadSponsorName":"European Organisation for Research and Treatment of Cancer - EORTC",
            "LeadSponsorClass":"NETWORK"
          }
        },
        "OversightModule":{},
        "DescriptionModule":{
          "BriefSummary":"RATIONALE: Radiation therapy uses high-energy x-rays to damage tumor cells. Drugs used in chemotherapy use different ways to stop tumor cells from dividing so they stop growing or die. Combining radiation therapy with chemotherapy before surgery may shrink the tumor so that it can be removed during surgery.\n\nPURPOSE: Phase II trial to study the effectiveness of combining radiation therapy with fluorouracil before surgery in treating patients who have primary or recurrent bile duct cancer.",
          "DetailedDescription":"OBJECTIVES:\n\nDetermine the pathologic response rate in patients with primary or recurrent biliary duct carcinoma treated with neoadjuvant radiotherapy and fluorouracil followed by surgical resection.\nDetermine the tumor response, morbidity, failure patterns (locoregional vs distant), and survival in patients treated with this regimen.\nDetermine the toxic effects of this regimen in these patients.\n\nOUTLINE: This is a multicenter study.\n\nPatients undergo radiotherapy once daily five days a week for 5.5 weeks. Patients receive fluorouracil IV over 12 hours each day radiotherapy is administered. Four to six weeks after completion of chemoradiotherapy, patients undergo surgical resection. Patients with residual disease after resection may undergo boost radiotherapy.\n\nPatients are followed every 12 weeks until disease progression and then every 16 weeks after disease progression.\n\nPROJECTED ACCRUAL: A total of 20-47 patients will be accrued for this study within 2.5 years."
        },
        "ConditionsModule":{
          "ConditionList":{
            "Condition":[
              "Extrahepatic Bile Duct Cancer",
              "Liver Cancer"
            ]
          },
          "KeywordList":{
            "Keyword":[
              "localized resectable adult primary liver cancer",
              "recurrent adult primary liver cancer",
              "localized extrahepatic bile duct cancer",
              "recurrent extrahepatic bile duct cancer"
            ]
          }
        },
        "DesignModule":{
          "StudyType":"Interventional",
          "PhaseList":{
            "Phase":[
              "Phase 2"
            ]
          },
          "DesignInfo":{
            "DesignPrimaryPurpose":"Treatment"
          }
        },
        "ArmsInterventionsModule":{
          "InterventionList":{
            "Intervention":[
              {
                "InterventionType":"Drug",
                "InterventionName":"fluorouracil"
              },{
                "InterventionType":"Procedure",
                "InterventionName":"conventional surgery"
              },{
                "InterventionType":"Radiation",
                "InterventionName":"radiation therapy"
              }
            ]
          }
        },
        "EligibilityModule":{
          "EligibilityCriteria":"DISEASE CHARACTERISTICS:\n\nHistologically confirmed primary or recurrent biliary duct carcinoma from the proximal, middle, or distal bile ducts\nMeasurable or evaluable disease that is considered resectable\n\nNo distant metastases\n\nNo non-contiguous liver metastases\nResectable extension into adjacent liver allowed\nNo metastasis to peritoneal cavity\nNo Bismuth type 4 lesion or metastasis to celiac axis or para-aortic lymph nodes\nNo tumor encasement of portal vein or hepatic artery\nNo gross ascites\n\nPATIENT CHARACTERISTICS:\n\nAge:\n\n18 and over\n\nPerformance status:\n\nECOG 0-1\n\nLife expectancy:\n\nNot specified\n\nHematopoietic:\n\nAbsolute neutrophil count greater than 1,500/mm^3\nPlatelet count greater than 100,000/mm^3\n\nHepatic:\n\nNo cirrhosis\nNo active cholangitis\nNo fever or signs of infection in biliary drainage system\nMeasurement of C-reactive protein optimal\nBilirubin less than 3 mg/dL\n\nRenal:\n\nCreatinine less than 1.5 mg/dL OR\nCreatinine clearance greater than 60 mL/min\n\nOther:\n\nNot pregnant or nursing\nFertile patients must use effective barrier contraception during and for 3 months after study\nNo weight loss greater than 20% ideal body weight\nNo active duodenal or gastric ulcers\nNo other prior or concurrent primary malignancy except adequately treated carcinoma in situ of the cervix or basal cell carcinoma\n\nPRIOR CONCURRENT THERAPY:\n\nBiologic therapy:\n\nNot specified\n\nChemotherapy:\n\nAt least 4 weeks since prior chemotherapy\n\nEndocrine therapy:\n\nNot specified\n\nRadiotherapy:\n\nNo prior radiotherapy\n\nSurgery:\n\nSee Disease Characteristics",
          "HealthyVolunteers":"No",
          "Gender":"All",
          "MinimumAge":"18 Years",
          "StdAgeList":{
            "StdAge":[
              "Adult",
              "Older Adult"
            ]
          }
        },
        "ContactsLocationsModule":{
          "OverallOfficialList":{
            "OverallOfficial":[
              {
                "OverallOfficialName":"Tyvin A. Rich, MD",
                "OverallOfficialAffiliation":"University of Virginia",
                "OverallOfficialRole":"Study Chair"
              }
            ]
          },
          "LocationList":{
            "Location":[
              {
                "LocationFacility":"Cancer Center at the University of Virginia",
                "LocationCity":"Charlottesville",
                "LocationState":"Virginia",
                "LocationZip":"22908",
                "LocationCountry":"United States"
              },{
                "LocationFacility":"Hopital de Jolimont",
                "LocationCity":"Haine Saint Paul",
                "LocationZip":"7100",
                "LocationCountry":"Belgium"
              },{
                "LocationFacility":"Les Cliniques Saint-Joseph ASBL",
                "LocationCity":"Liege",
                "LocationZip":"B 4000",
                "LocationCountry":"Belgium"
              },{
                "LocationFacility":"Centre Hospital Regional Universitaire de Limoges",
                "LocationCity":"Limoges",
                "LocationZip":"87042",
                "LocationCountry":"France"
              },{
                "LocationFacility":"Hopital Cochin",
                "LocationCity":"Paris",
                "LocationZip":"75674",
                "LocationCountry":"France"
              },{
                "LocationFacility":"Hopital Paul Brousse",
                "LocationCity":"Villejuif",
                "LocationZip":"94804",
                "LocationCountry":"France"
              }
            ]
          }
        }
      },
      "DerivedSection":{
        "MiscInfoModule":{
          "VersionHolder":"April 19, 2021"
        },
        "ConditionBrowseModule":{
          "ConditionMeshList":{
            "ConditionMesh":[
              {
                "ConditionMeshId":"D000008113",
                "ConditionMeshTerm":"Liver Neoplasms"
              },{
                "ConditionMeshId":"D000001650",
                "ConditionMeshTerm":"Bile Duct Neoplasms"
              },{
                "ConditionMeshId":"D000018281",
                "ConditionMeshTerm":"Cholangiocarcinoma"
              }
            ]
          },
          "ConditionAncestorList":{
            "ConditionAncestor":[
              {
                "ConditionAncestorId":"D000004067",
                "ConditionAncestorTerm":"Digestive System Neoplasms"
              },{
                "ConditionAncestorId":"D000009371",
                "ConditionAncestorTerm":"Neoplasms by Site"
              },{
                "ConditionAncestorId":"D000009369",
                "ConditionAncestorTerm":"Neoplasms"
              },{
                "ConditionAncestorId":"D000004066",
                "ConditionAncestorTerm":"Digestive System Diseases"
              },{
                "ConditionAncestorId":"D000008107",
                "ConditionAncestorTerm":"Liver Diseases"
              },{
                "ConditionAncestorId":"D000001661",
                "ConditionAncestorTerm":"Biliary Tract Neoplasms"
              },{
                "ConditionAncestorId":"D000001649",
                "ConditionAncestorTerm":"Bile Duct Diseases"
              },{
                "ConditionAncestorId":"D000001660",
                "ConditionAncestorTerm":"Biliary Tract Diseases"
              },{
                "ConditionAncestorId":"D000000230",
                "ConditionAncestorTerm":"Adenocarcinoma"
              },{
                "ConditionAncestorId":"D000002277",
                "ConditionAncestorTerm":"Carcinoma"
              },{
                "ConditionAncestorId":"D000009375",
                "ConditionAncestorTerm":"Neoplasms, Glandular and Epithelial"
              },{
                "ConditionAncestorId":"D000009370",
                "ConditionAncestorTerm":"Neoplasms by Histologic Type"
              }
            ]
          },
          "ConditionBrowseLeafList":{
            "ConditionBrowseLeaf":[
              {
                "ConditionBrowseLeafId":"M19009",
                "ConditionBrowseLeafName":"Cholangiocarcinoma",
                "ConditionBrowseLeafAsFound":"Bile Duct Cancer",
                "ConditionBrowseLeafRelevance":"high"
              },{
                "ConditionBrowseLeafId":"M9696",
                "ConditionBrowseLeafName":"Liver Neoplasms",
                "ConditionBrowseLeafAsFound":"Liver Cancer",
                "ConditionBrowseLeafRelevance":"high"
              },{
                "ConditionBrowseLeafId":"M3517",
                "ConditionBrowseLeafName":"Bile Duct Neoplasms",
                "ConditionBrowseLeafAsFound":"Bile Duct Cancer",
                "ConditionBrowseLeafRelevance":"high"
              },{
                "ConditionBrowseLeafId":"M7469",
                "ConditionBrowseLeafName":"Gastrointestinal Neoplasms",
                "ConditionBrowseLeafRelevance":"low"
              },{
                "ConditionBrowseLeafId":"M5839",
                "ConditionBrowseLeafName":"Digestive System Neoplasms",
                "ConditionBrowseLeafRelevance":"low"
              },{
                "ConditionBrowseLeafId":"M5838",
                "ConditionBrowseLeafName":"Digestive System Diseases",
                "ConditionBrowseLeafRelevance":"low"
              },{
                "ConditionBrowseLeafId":"M7466",
                "ConditionBrowseLeafName":"Gastrointestinal Diseases",
                "ConditionBrowseLeafRelevance":"low"
              },{
                "ConditionBrowseLeafId":"M9690",
                "ConditionBrowseLeafName":"Liver Diseases",
                "ConditionBrowseLeafRelevance":"low"
              },{
                "ConditionBrowseLeafId":"M3528",
                "ConditionBrowseLeafName":"Biliary Tract Neoplasms",
                "ConditionBrowseLeafRelevance":"low"
              },{
                "ConditionBrowseLeafId":"M3516",
                "ConditionBrowseLeafName":"Bile Duct Diseases",
                "ConditionBrowseLeafRelevance":"low"
              },{
                "ConditionBrowseLeafId":"M3527",
                "ConditionBrowseLeafName":"Biliary Tract Diseases",
                "ConditionBrowseLeafRelevance":"low"
              },{
                "ConditionBrowseLeafId":"M2166",
                "ConditionBrowseLeafName":"Adenocarcinoma",
                "ConditionBrowseLeafRelevance":"low"
              },{
                "ConditionBrowseLeafId":"M4116",
                "ConditionBrowseLeafName":"Carcinoma",
                "ConditionBrowseLeafRelevance":"low"
              },{
                "ConditionBrowseLeafId":"M10903",
                "ConditionBrowseLeafName":"Neoplasms, Glandular and Epithelial",
                "ConditionBrowseLeafRelevance":"low"
              },{
                "ConditionBrowseLeafId":"M10898",
                "ConditionBrowseLeafName":"Neoplasms by Histologic Type",
                "ConditionBrowseLeafRelevance":"low"
              },{
                "ConditionBrowseLeafId":"T755",
                "ConditionBrowseLeafName":"Bile Duct Cancer",
                "ConditionBrowseLeafAsFound":"Bile Duct Cancer",
                "ConditionBrowseLeafRelevance":"high"
              },{
                "ConditionBrowseLeafId":"T761",
                "ConditionBrowseLeafName":"Biliary Tract Cancer",
                "ConditionBrowseLeafAsFound":"Liver Cancer",
                "ConditionBrowseLeafRelevance":"high"
              },{
                "ConditionBrowseLeafId":"T4700",
                "ConditionBrowseLeafName":"Primary Liver Cancer",
                "ConditionBrowseLeafRelevance":"low"
              }
            ]
          },
          "ConditionBrowseBranchList":{
            "ConditionBrowseBranch":[
              {
                "ConditionBrowseBranchAbbrev":"BC04",
                "ConditionBrowseBranchName":"Cancers and Other Neoplasms"
              },{
                "ConditionBrowseBranchAbbrev":"All",
                "ConditionBrowseBranchName":"All Conditions"
              },{
                "ConditionBrowseBranchAbbrev":"BC06",
                "ConditionBrowseBranchName":"Digestive System Diseases"
              },{
                "ConditionBrowseBranchAbbrev":"Rare",
                "ConditionBrowseBranchName":"Rare Diseases"
              }
            ]
          }
        },
        "InterventionBrowseModule":{
          "InterventionMeshList":{
            "InterventionMesh":[
              {
                "InterventionMeshId":"D000005472",
                "InterventionMeshTerm":"Fluorouracil"
              }
            ]
          },
          "InterventionAncestorList":{
            "InterventionAncestor":[
              {
                "InterventionAncestorId":"D000000963",
                "InterventionAncestorTerm":"Antimetabolites"
              },{
                "InterventionAncestorId":"D000045504",
                "InterventionAncestorTerm":"Molecular Mechanisms of Pharmacological Action"
              },{
                "InterventionAncestorId":"D000000964",
                "InterventionAncestorTerm":"Antimetabolites, Antineoplastic"
              },{
                "InterventionAncestorId":"D000000970",
                "InterventionAncestorTerm":"Antineoplastic Agents"
              },{
                "InterventionAncestorId":"D000007166",
                "InterventionAncestorTerm":"Immunosuppressive Agents"
              },{
                "InterventionAncestorId":"D000007155",
                "InterventionAncestorTerm":"Immunologic Factors"
              },{
                "InterventionAncestorId":"D000045505",
                "InterventionAncestorTerm":"Physiological Effects of Drugs"
              }
            ]
          },
          "InterventionBrowseLeafList":{
            "InterventionBrowseLeaf":[
              {
                "InterventionBrowseLeafId":"M7183",
                "InterventionBrowseLeafName":"Fluorouracil",
                "InterventionBrowseLeafAsFound":"Weight",
                "InterventionBrowseLeafRelevance":"high"
              },{
                "InterventionBrowseLeafId":"M9693",
                "InterventionBrowseLeafName":"Liver Extracts",
                "InterventionBrowseLeafRelevance":"low"
              },{
                "InterventionBrowseLeafId":"M2862",
                "InterventionBrowseLeafName":"Antimetabolites",
                "InterventionBrowseLeafRelevance":"low"
              },{
                "InterventionBrowseLeafId":"M8795",
                "InterventionBrowseLeafName":"Immunosuppressive Agents",
                "InterventionBrowseLeafRelevance":"low"
              },{
                "InterventionBrowseLeafId":"M8784",
                "InterventionBrowseLeafName":"Immunologic Factors",
                "InterventionBrowseLeafRelevance":"low"
              }
            ]
          },
          "InterventionBrowseBranchList":{
            "InterventionBrowseBranch":[
              {
                "InterventionBrowseBranchAbbrev":"ANeo",
                "InterventionBrowseBranchName":"Antineoplastic Agents"
              },{
                "InterventionBrowseBranchAbbrev":"All",
                "InterventionBrowseBranchName":"All Drugs and Chemicals"
              },{
                "InterventionBrowseBranchAbbrev":"Hemat",
                "InterventionBrowseBranchName":"Hematinics"
              }
            ]
          }
        }
      }
    }
  }
}

