{
  "FullStudy":{
    "Rank":367113,
    "Study":{
      "ProtocolSection":{
        "IdentificationModule":{
          "NCTId":"NCT00035724",
          "OrgStudyIdInfo":{
            "OrgStudyId":"1039"
          },
          "SecondaryIdInfoList":{
            "SecondaryIdInfo":[
              {
                "SecondaryId":"R37HL069874",
                "SecondaryIdType":"U.S. NIH Grant/Contract",
                "SecondaryIdLink":"https://projectreporter.nih.gov/reporterapi.cfm?PROJECTNUM=R37HL069874&Fy=all"
              }
            ]
          },
          "Organization":{
            "OrgFullName":"National Heart, Lung, and Blood Institute (NHLBI)",
            "OrgClass":"NIH"
          },
          "BriefTitle":"Monitoring Community Trends in Heart Failure"
        },
        "StatusModule":{
          "StatusVerifiedDate":"May 2009",
          "OverallStatus":"Completed",
          "ExpandedAccessInfo":{
            "HasExpandedAccess":"No"
          },
          "StartDateStruct":{
            "StartDate":"April 2002"
          },
          "PrimaryCompletionDateStruct":{
            "PrimaryCompletionDate":"March 2007",
            "PrimaryCompletionDateType":"Actual"
          },
          "CompletionDateStruct":{
            "CompletionDate":"March 2007",
            "CompletionDateType":"Actual"
          },
          "StudyFirstSubmitDate":"May 4, 2002",
          "StudyFirstSubmitQCDate":"May 4, 2002",
          "StudyFirstPostDateStruct":{
            "StudyFirstPostDate":"May 6, 2002",
            "StudyFirstPostDateType":"Estimate"
          },
          "LastUpdateSubmitDate":"July 28, 2016",
          "LastUpdatePostDateStruct":{
            "LastUpdatePostDate":"July 29, 2016",
            "LastUpdatePostDateType":"Estimate"
          }
        },
        "SponsorCollaboratorsModule":{
          "LeadSponsor":{
            "LeadSponsorName":"National Heart, Lung, and Blood Institute (NHLBI)",
            "LeadSponsorClass":"NIH"
          }
        },
        "DescriptionModule":{
          "BriefSummary":"To examine temporal trends from 1995 and 2000 in the incidence rates of heart failure, its therapeutic management, and changes over time in the hospital and long-term survival of patients with heart failure.",
          "DetailedDescription":"BACKGROUND:\n\nHeart failure is estimated to contribute to nearly 1 million hospitalizations and approximately 250,000 deaths annually in the U.S. The number of new cases of heart failure in the U.S. is estimated to exceed 400,000 annually. Though reliable estimates of the magnitude, incidence, and mortality of heart failure remain sorely lacking, heart failure is associated with a grim prognosis. However, little recent data exist, particularly from a community-wide perspective, to determine whether the incidence or survival associated with heart failure, and the management of this clinical syndrome, has changed over time.\n\nDESIGN NARRATIVE:\n\nThe study uses residents of the Worcester (MA) metropolitan area (1990 census 437,000) and examines changes over time in these and additional outcomes for patients with validated heart failure during 1995 and 2000. Complimenting the hospital surveillance of heart failure, newly diagnosed cases of heart failure occurring in members of the largest HMO in Central Massachusetts during 1995 and 2000 will be identified and monitored over time. To accomplish the study objectives, the medical records of residents of the Worcester metropolitan area hospitalized with a discharge diagnosis of heart failure and related diagnostic rubrics will be individually reviewed and validated according to pre-established diagnostic criteria. The use of traditional criteria for heart failure as well as development of new criteria for the epidemiological study of heart failure will be an important focus of this observational study. Records for additional hospitalizations and death certificates will be reviewed to examine trends in long-term survival of discharged hospital patients through the year 2005."
        },
        "ConditionsModule":{
          "ConditionList":{
            "Condition":[
              "Cardiovascular Diseases",
              "Heart Failure, Congestive",
              "Heart Diseases"
            ]
          }
        },
        "DesignModule":{
          "StudyType":"Observational"
        },
        "EligibilityModule":{
          "EligibilityCriteria":"No eligibility criteria",
          "HealthyVolunteers":"No",
          "Gender":"All",
          "MaximumAge":"100 Years",
          "StdAgeList":{
            "StdAge":[
              "Child",
              "Adult",
              "Older Adult"
            ]
          }
        },
        "ContactsLocationsModule":{
          "OverallOfficialList":{
            "OverallOfficial":[
              {
                "OverallOfficialName":"Robert Goldberg",
                "OverallOfficialAffiliation":"University of Massachusetts, Worcester"
              }
            ]
          }
        },
        "ReferencesModule":{
          "ReferenceList":{
            "Reference":[
              {
                "ReferencePMID":"15989906",
                "ReferenceType":"background",
                "ReferenceCitation":"Goldberg RJ, Spencer FA, Farmer C, Meyer TE, Pezzella S. Incidence and hospital death rates associated with heart failure: a community-wide perspective. Am J Med. 2005 Jul;118(7):728-34."
              },{
                "ReferencePMID":"15904637",
                "ReferenceType":"background",
                "ReferenceCitation":"Goldberg RJ, Glatfelter K, Burbank-Schmidt E, Farmer C, Spencer FA, Meyer T. Trends in mortality attributed to heart failure in Worcester, Massachusetts, 1992 to 2001. Am J Cardiol. 2005 Jun 1;95(11):1324-8."
              }
            ]
          }
        }
      },
      "DerivedSection":{
        "MiscInfoModule":{
          "VersionHolder":"April 19, 2021"
        },
        "ConditionBrowseModule":{
          "ConditionMeshList":{
            "ConditionMesh":[
              {
                "ConditionMeshId":"D000006333",
                "ConditionMeshTerm":"Heart Failure"
              },{
                "ConditionMeshId":"D000002318",
                "ConditionMeshTerm":"Cardiovascular Diseases"
              },{
                "ConditionMeshId":"D000006331",
                "ConditionMeshTerm":"Heart Diseases"
              }
            ]
          },
          "ConditionBrowseLeafList":{
            "ConditionBrowseLeaf":[
              {
                "ConditionBrowseLeafId":"M8002",
                "ConditionBrowseLeafName":"Heart Diseases",
                "ConditionBrowseLeafAsFound":"Heart Disease",
                "ConditionBrowseLeafRelevance":"high"
              },{
                "ConditionBrowseLeafId":"M8004",
                "ConditionBrowseLeafName":"Heart Failure",
                "ConditionBrowseLeafAsFound":"Heart Failure",
                "ConditionBrowseLeafRelevance":"high"
              }
            ]
          },
          "ConditionBrowseBranchList":{
            "ConditionBrowseBranch":[
              {
                "ConditionBrowseBranchAbbrev":"BC14",
                "ConditionBrowseBranchName":"Heart and Blood Diseases"
              },{
                "ConditionBrowseBranchAbbrev":"All",
                "ConditionBrowseBranchName":"All Conditions"
              }
            ]
          }
        }
      }
    }
  }
}

