{
  "FullStudy":{
    "Rank":367163,
    "Study":{
      "ProtocolSection":{
        "IdentificationModule":{
          "NCTId":"NCT00035061",
          "NCTIdAliasList":{
            "NCTIdAlias":[
              "NCT00039260"
            ]
          },
          "OrgStudyIdInfo":{
            "OrgStudyId":"4698"
          },
          "SecondaryIdInfoList":{
            "SecondaryIdInfo":[
              {
                "SecondaryId":"H3E-MC-JMEU"
              }
            ]
          },
          "Organization":{
            "OrgFullName":"Eli Lilly and Company",
            "OrgClass":"INDUSTRY"
          },
          "BriefTitle":"A Phase 2 Trial of ALIMTA (Pemetrexed) in Locally Advanced or Metastatic Recurrent Transitional Cell Carcinoma of the Urothelium"
        },
        "StatusModule":{
          "StatusVerifiedDate":"July 2006",
          "OverallStatus":"Completed",
          "StudyFirstSubmitDate":"May 2, 2002",
          "StudyFirstSubmitQCDate":"May 2, 2002",
          "StudyFirstPostDateStruct":{
            "StudyFirstPostDate":"May 3, 2002",
            "StudyFirstPostDateType":"Estimate"
          },
          "LastUpdateSubmitDate":"July 18, 2006",
          "LastUpdatePostDateStruct":{
            "LastUpdatePostDate":"July 19, 2006",
            "LastUpdatePostDateType":"Estimate"
          }
        },
        "SponsorCollaboratorsModule":{
          "LeadSponsor":{
            "LeadSponsorName":"Eli Lilly and Company",
            "LeadSponsorClass":"INDUSTRY"
          }
        },
        "OversightModule":{},
        "DescriptionModule":{
          "BriefSummary":"Patients with bladder cancer will be participating in this study for the treatment of abnormal cells in the bladder that have returned after initial treatment OR have moved to a new site in the body."
        },
        "ConditionsModule":{
          "ConditionList":{
            "Condition":[
              "Urologic Neoplasms",
              "Metastases, Neoplasm"
            ]
          },
          "KeywordList":{
            "Keyword":[
              "Bladder Cancer",
              "Metastatic",
              "Recurrent",
              "Transitional cell carcinoma of the urothelium"
            ]
          }
        },
        "DesignModule":{
          "StudyType":"Interventional",
          "PhaseList":{
            "Phase":[
              "Phase 2"
            ]
          },
          "DesignInfo":{
            "DesignPrimaryPurpose":"Treatment"
          }
        },
        "ArmsInterventionsModule":{
          "InterventionList":{
            "Intervention":[
              {
                "InterventionType":"Drug",
                "InterventionName":"pemetrexed"
              }
            ]
          }
        },
        "EligibilityModule":{
          "EligibilityCriteria":"Inclusion Criteria:\n\nYou must have been diagnosed with bladder cancer that has recurred or moved to a new part of the body.\nYou must have at least one tumor that can be physically measured or scanned by x-ray.\nYou may not have had previous chemotherapy (drug) treatment OR you have had surgery followed by one chemotherapy treatment at least 4 months ago.\n\nExclusion Criteria:\n\nYou may not have used an experimental medicine or device within the past month.\nCancer that has spread to your brain.\nIf you are unwilling or unable to take folic acid or vitamin B12 supplements.",
          "HealthyVolunteers":"No",
          "Gender":"All",
          "MinimumAge":"18 Years",
          "StdAgeList":{
            "StdAge":[
              "Adult",
              "Older Adult"
            ]
          }
        },
        "ContactsLocationsModule":{
          "LocationList":{
            "Location":[
              {
                "LocationCity":"Los Angeles",
                "LocationState":"California",
                "LocationCountry":"United States"
              },{
                "LocationCity":"Palo Alto",
                "LocationState":"California",
                "LocationCountry":"United States"
              },{
                "LocationCity":"Boca Raton",
                "LocationState":"Florida",
                "LocationCountry":"United States"
              },{
                "LocationCity":"Tampa",
                "LocationState":"Florida",
                "LocationCountry":"United States"
              },{
                "LocationCity":"Decatur",
                "LocationState":"Illinois",
                "LocationCountry":"United States"
              },{
                "LocationCity":"Indianapolis",
                "LocationState":"Indiana",
                "LocationCountry":"United States"
              },{
                "LocationCity":"Lafayette",
                "LocationState":"Indiana",
                "LocationCountry":"United States"
              },{
                "LocationCity":"Muncie",
                "LocationState":"Indiana",
                "LocationCountry":"United States"
              },{
                "LocationCity":"South Bend",
                "LocationState":"Indiana",
                "LocationCountry":"United States"
              },{
                "LocationCity":"Lenexa",
                "LocationState":"Kansas",
                "LocationCountry":"United States"
              },{
                "LocationCity":"Saint Mathews",
                "LocationState":"Kentucky",
                "LocationCountry":"United States"
              },{
                "LocationCity":"Boston",
                "LocationState":"Massachusetts",
                "LocationCountry":"United States"
              },{
                "LocationCity":"Omaha",
                "LocationState":"Nebraska",
                "LocationCountry":"United States"
              },{
                "LocationCity":"Cleveland",
                "LocationState":"Ohio",
                "LocationCountry":"United States"
              },{
                "LocationCity":"Philadelphia",
                "LocationState":"Pennsylvania",
                "LocationCountry":"United States"
              },{
                "LocationCity":"Pittsburgh",
                "LocationState":"Pennsylvania",
                "LocationCountry":"United States"
              },{
                "LocationCity":"Nashville",
                "LocationState":"Tennessee",
                "LocationCountry":"United States"
              },{
                "LocationCity":"Fort Worth",
                "LocationState":"Texas",
                "LocationCountry":"United States"
              },{
                "LocationCity":"Houston",
                "LocationState":"Texas",
                "LocationCountry":"United States"
              },{
                "LocationCity":"Seattle",
                "LocationState":"Washington",
                "LocationCountry":"United States"
              }
            ]
          }
        }
      },
      "DerivedSection":{
        "MiscInfoModule":{
          "VersionHolder":"April 19, 2021"
        },
        "ConditionBrowseModule":{
          "ConditionMeshList":{
            "ConditionMesh":[
              {
                "ConditionMeshId":"D000009369",
                "ConditionMeshTerm":"Neoplasms"
              },{
                "ConditionMeshId":"D000009362",
                "ConditionMeshTerm":"Neoplasm Metastasis"
              },{
                "ConditionMeshId":"D000002295",
                "ConditionMeshTerm":"Carcinoma, Transitional Cell"
              },{
                "ConditionMeshId":"D000014571",
                "ConditionMeshTerm":"Urologic Neoplasms"
              }
            ]
          },
          "ConditionAncestorList":{
            "ConditionAncestor":[
              {
                "ConditionAncestorId":"D000009385",
                "ConditionAncestorTerm":"Neoplastic Processes"
              },{
                "ConditionAncestorId":"D000010335",
                "ConditionAncestorTerm":"Pathologic Processes"
              },{
                "ConditionAncestorId":"D000002277",
                "ConditionAncestorTerm":"Carcinoma"
              },{
                "ConditionAncestorId":"D000009375",
                "ConditionAncestorTerm":"Neoplasms, Glandular and Epithelial"
              },{
                "ConditionAncestorId":"D000009370",
                "ConditionAncestorTerm":"Neoplasms by Histologic Type"
              },{
                "ConditionAncestorId":"D000014565",
                "ConditionAncestorTerm":"Urogenital Neoplasms"
              },{
                "ConditionAncestorId":"D000009371",
                "ConditionAncestorTerm":"Neoplasms by Site"
              }
            ]
          },
          "ConditionBrowseLeafList":{
            "ConditionBrowseLeaf":[
              {
                "ConditionBrowseLeafId":"M4116",
                "ConditionBrowseLeafName":"Carcinoma",
                "ConditionBrowseLeafRelevance":"low"
              },{
                "ConditionBrowseLeafId":"M10890",
                "ConditionBrowseLeafName":"Neoplasm Metastasis",
                "ConditionBrowseLeafAsFound":"Metastases, Neoplasm",
                "ConditionBrowseLeafRelevance":"high"
              },{
                "ConditionBrowseLeafId":"M4133",
                "ConditionBrowseLeafName":"Carcinoma, Transitional Cell",
                "ConditionBrowseLeafAsFound":"Transitional Cell Carcinoma",
                "ConditionBrowseLeafRelevance":"high"
              },{
                "ConditionBrowseLeafId":"M15903",
                "ConditionBrowseLeafName":"Urologic Neoplasms",
                "ConditionBrowseLeafAsFound":"Urologic Neoplasms",
                "ConditionBrowseLeafRelevance":"high"
              },{
                "ConditionBrowseLeafId":"M3612",
                "ConditionBrowseLeafName":"Urinary Bladder Neoplasms",
                "ConditionBrowseLeafRelevance":"low"
              },{
                "ConditionBrowseLeafId":"M10913",
                "ConditionBrowseLeafName":"Neoplastic Processes",
                "ConditionBrowseLeafRelevance":"low"
              },{
                "ConditionBrowseLeafId":"M10903",
                "ConditionBrowseLeafName":"Neoplasms, Glandular and Epithelial",
                "ConditionBrowseLeafRelevance":"low"
              },{
                "ConditionBrowseLeafId":"M10898",
                "ConditionBrowseLeafName":"Neoplasms by Histologic Type",
                "ConditionBrowseLeafRelevance":"low"
              },{
                "ConditionBrowseLeafId":"M15898",
                "ConditionBrowseLeafName":"Urogenital Neoplasms",
                "ConditionBrowseLeafRelevance":"low"
              },{
                "ConditionBrowseLeafId":"T5693",
                "ConditionBrowseLeafName":"Transitional Cell Carcinoma",
                "ConditionBrowseLeafAsFound":"Transitional Cell Carcinoma",
                "ConditionBrowseLeafRelevance":"high"
              }
            ]
          },
          "ConditionBrowseBranchList":{
            "ConditionBrowseBranch":[
              {
                "ConditionBrowseBranchAbbrev":"BC04",
                "ConditionBrowseBranchName":"Cancers and Other Neoplasms"
              },{
                "ConditionBrowseBranchAbbrev":"All",
                "ConditionBrowseBranchName":"All Conditions"
              },{
                "ConditionBrowseBranchAbbrev":"BC23",
                "ConditionBrowseBranchName":"Symptoms and General Pathology"
              },{
                "ConditionBrowseBranchAbbrev":"BXS",
                "ConditionBrowseBranchName":"Urinary Tract, Sexual Organs, and Pregnancy Conditions"
              },{
                "ConditionBrowseBranchAbbrev":"Rare",
                "ConditionBrowseBranchName":"Rare Diseases"
              }
            ]
          }
        },
        "InterventionBrowseModule":{
          "InterventionMeshList":{
            "InterventionMesh":[
              {
                "InterventionMeshId":"D000068437",
                "InterventionMeshTerm":"Pemetrexed"
              }
            ]
          },
          "InterventionAncestorList":{
            "InterventionAncestor":[
              {
                "InterventionAncestorId":"D000000970",
                "InterventionAncestorTerm":"Antineoplastic Agents"
              },{
                "InterventionAncestorId":"D000004791",
                "InterventionAncestorTerm":"Enzyme Inhibitors"
              },{
                "InterventionAncestorId":"D000045504",
                "InterventionAncestorTerm":"Molecular Mechanisms of Pharmacological Action"
              },{
                "InterventionAncestorId":"D000005493",
                "InterventionAncestorTerm":"Folic Acid Antagonists"
              },{
                "InterventionAncestorId":"D000019384",
                "InterventionAncestorTerm":"Nucleic Acid Synthesis Inhibitors"
              }
            ]
          },
          "InterventionBrowseLeafList":{
            "InterventionBrowseLeaf":[
              {
                "InterventionBrowseLeafId":"M264",
                "InterventionBrowseLeafName":"Pemetrexed",
                "InterventionBrowseLeafAsFound":"Moderate",
                "InterventionBrowseLeafRelevance":"high"
              },{
                "InterventionBrowseLeafId":"M7201",
                "InterventionBrowseLeafName":"Folic Acid",
                "InterventionBrowseLeafRelevance":"low"
              },{
                "InterventionBrowseLeafId":"M16129",
                "InterventionBrowseLeafName":"Vitamin B Complex",
                "InterventionBrowseLeafRelevance":"low"
              },{
                "InterventionBrowseLeafId":"M7202",
                "InterventionBrowseLeafName":"Folic Acid Antagonists",
                "InterventionBrowseLeafRelevance":"low"
              },{
                "InterventionBrowseLeafId":"T446",
                "InterventionBrowseLeafName":"Folic Acid",
                "InterventionBrowseLeafRelevance":"low"
              },{
                "InterventionBrowseLeafId":"T448",
                "InterventionBrowseLeafName":"Folate",
                "InterventionBrowseLeafRelevance":"low"
              },{
                "InterventionBrowseLeafId":"T475",
                "InterventionBrowseLeafName":"Vitamin B9",
                "InterventionBrowseLeafRelevance":"low"
              },{
                "InterventionBrowseLeafId":"T447",
                "InterventionBrowseLeafName":"Folinic Acid",
                "InterventionBrowseLeafRelevance":"low"
              }
            ]
          },
          "InterventionBrowseBranchList":{
            "InterventionBrowseBranch":[
              {
                "InterventionBrowseBranchAbbrev":"ANeo",
                "InterventionBrowseBranchName":"Antineoplastic Agents"
              },{
                "InterventionBrowseBranchAbbrev":"All",
                "InterventionBrowseBranchName":"All Drugs and Chemicals"
              },{
                "InterventionBrowseBranchAbbrev":"Micro",
                "InterventionBrowseBranchName":"Micronutrients"
              },{
                "InterventionBrowseBranchAbbrev":"Hemat",
                "InterventionBrowseBranchName":"Hematinics"
              },{
                "InterventionBrowseBranchAbbrev":"Vi",
                "InterventionBrowseBranchName":"Vitamins"
              }
            ]
          }
        }
      }
    }
  }
}

