{
  "FullStudy":{
    "Rank":367396,
    "Study":{
      "ProtocolSection":{
        "IdentificationModule":{
          "NCTId":"NCT00031798",
          "OrgStudyIdInfo":{
            "OrgStudyId":"REBACDR0000069227"
          },
          "SecondaryIdInfoList":{
            "SecondaryIdInfo":[
              {
                "SecondaryId":"CCCWFU-97600"
              },{
                "SecondaryId":"NCI-P02-0211"
              }
            ]
          },
          "Organization":{
            "OrgFullName":"Wake Forest University Health Sciences",
            "OrgClass":"OTHER"
          },
          "BriefTitle":"Methylphenidate to Improve Quality of Life in Patients Undergoing Radiation Therapy for Brain Tumors",
          "OfficialTitle":"A Phase III, Double-Blind, Prospective Randomized Clinical Trial of the Effect of D-threo-methylphenidate HCl (d-MPH) on Quality of Life in Brain Tumor Patients Receiving Radiation Therapy"
        },
        "StatusModule":{
          "StatusVerifiedDate":"August 2018",
          "OverallStatus":"Terminated",
          "WhyStopped":"low accrual; loss of funding",
          "ExpandedAccessInfo":{
            "HasExpandedAccess":"No"
          },
          "StartDateStruct":{
            "StartDate":"April 2002"
          },
          "PrimaryCompletionDateStruct":{
            "PrimaryCompletionDate":"March 2005",
            "PrimaryCompletionDateType":"Actual"
          },
          "CompletionDateStruct":{
            "CompletionDate":"May 2006",
            "CompletionDateType":"Actual"
          },
          "StudyFirstSubmitDate":"March 8, 2002",
          "StudyFirstSubmitQCDate":"January 26, 2003",
          "StudyFirstPostDateStruct":{
            "StudyFirstPostDate":"January 27, 2003",
            "StudyFirstPostDateType":"Estimate"
          },
          "LastUpdateSubmitDate":"August 9, 2018",
          "LastUpdatePostDateStruct":{
            "LastUpdatePostDate":"August 13, 2018",
            "LastUpdatePostDateType":"Actual"
          }
        },
        "SponsorCollaboratorsModule":{
          "ResponsibleParty":{
            "ResponsiblePartyType":"Sponsor"
          },
          "LeadSponsor":{
            "LeadSponsorName":"Wake Forest University Health Sciences",
            "LeadSponsorClass":"OTHER"
          },
          "CollaboratorList":{
            "Collaborator":[
              {
                "CollaboratorName":"National Cancer Institute (NCI)",
                "CollaboratorClass":"NIH"
              }
            ]
          }
        },
        "OversightModule":{
          "OversightHasDMC":"No",
          "IsFDARegulatedDrug":"Yes",
          "IsFDARegulatedDevice":"No"
        },
        "DescriptionModule":{
          "BriefSummary":"RATIONALE: Methylphenidate may decrease side effects of radiation therapy. It is not yet known if methylphenidate is effective in improving quality of life in patients with primary or metastatic brain tumors.\n\nPURPOSE: Randomized phase III trial to determine the effectiveness of methylphenidate in improving quality of life in patients who have brain tumors and are undergoing radiation therapy.",
          "DetailedDescription":"OBJECTIVES:\n\nDetermine the effect of d-methylphenidate on fatigue in patients receiving radiotherapy for primary or metastatic brain tumors.\nDetermine the effect of this drug on the quality of life of these patients.\nDetermine the effect of this drug on depression in these patients.\nDetermine the effect of this drug on global neurocognitive function, including attention and concentration, memory, language, visuospatial skills, and executive function, in these patients.\n\nOUTLINE: This is a randomized, placebo-controlled, double-blind, multicenter study. Patients are stratified by tumor type (primary vs metastatic), treatment (radiotherapy vs radiotherapy and chemotherapy), and Karnofsky performance status (70% or 80% vs 90% or 100%). Patients are randomized to one of two treatment arms.\n\nAll patients undergo radiotherapy over weeks 1-4.\n\nArm I: Patients receive oral d-methylphenidate twice daily on weeks 1-12.\nArm II: Patients receive oral placebo twice daily on weeks 1-12. In both arms, quality of life is assessed at baseline, at the end of radiotherapy, and at 4, 8, and 12 weeks after radiotherapy.\n\nPatients are followed at 4 weeks.\n\nPROJECTED ACCRUAL: A total of 200 patients (100 per treatment arm) will be accrued for this study within 18 months."
        },
        "ConditionsModule":{
          "ConditionList":{
            "Condition":[
              "Brain and Central Nervous System Tumors",
              "Cognitive/Functional Effects",
              "Depression",
              "Fatigue",
              "Quality of Life"
            ]
          },
          "KeywordList":{
            "Keyword":[
              "fatigue",
              "depression",
              "quality of life",
              "cognitive/functional effects",
              "recurrent adult brain tumor",
              "adult brain stem glioma",
              "adult glioblastoma",
              "adult tumors metastatic to brain",
              "adult anaplastic astrocytoma",
              "adult anaplastic oligodendroglioma",
              "adult mixed glioma",
              "adult meningioma",
              "adult anaplastic ependymoma",
              "adult myxopapillary ependymoma",
              "adult ependymoblastoma",
              "adult pilocytic astrocytoma",
              "adult subependymoma",
              "adult grade III meningioma",
              "adult giant cell glioblastoma",
              "adult gliosarcoma",
              "adult grade II meningioma"
            ]
          }
        },
        "DesignModule":{
          "StudyType":"Interventional",
          "PhaseList":{
            "Phase":[
              "Phase 3"
            ]
          },
          "DesignInfo":{
            "DesignAllocation":"Randomized",
            "DesignPrimaryPurpose":"Supportive Care",
            "DesignMaskingInfo":{
              "DesignMasking":"Double"
            }
          }
        },
        "ArmsInterventionsModule":{
          "InterventionList":{
            "Intervention":[
              {
                "InterventionType":"Drug",
                "InterventionName":"methylphenidate hydrochloride"
              },{
                "InterventionType":"Procedure",
                "InterventionName":"quality-of-life assessment"
              },{
                "InterventionType":"Radiation",
                "InterventionName":"radiation therapy"
              }
            ]
          }
        },
        "EligibilityModule":{
          "EligibilityCriteria":"DISEASE CHARACTERISTICS:\n\nHistologically confirmed metastatic brain tumor OR\n\nHistologically confirmed primary brain tumor\n\nGlioblastoma multiforme\nAnaplastic astrocytoma\nAnaplastic oligodendroglioma\nAnaplastic mixed oligoastrocytoma\nLow-grade glioma\nMeningioma\nEpendymoma\nPlanned external beam cranial radiotherapy (partial or whole brain) with a total dose of at least 25 Gy in at least 10 fractions of 180-300 cGy each\n\nPATIENT CHARACTERISTICS:\n\nAge:\n\n18 and over\n\nPerformance status:\n\nKarnofsky 70-100%\n\nLife expectancy:\n\nAt least 3 months\n\nHematopoietic:\n\nWBC ≥ 1,500/mm^3\nHemoglobin ≥ 10.0 g/dL\nPlatelet count ≥ 75,000/mm^3\n\nHepatic:\n\nNot specified\n\nRenal:\n\nNot specified\n\nCardiovascular:\n\nNo hypertension or other cardiovascular disease requiring antihypertensives and/or other cardiovascular medications\n\nOther:\n\nNot pregnant or nursing\nNegative pregnancy test\nFertile patients must use effective contraception\nNo other serious medical or psychiatric illness that would preclude study participation\nNo hypersensitivity to study drug\nNo history of steroid psychosis\nNo family history of or active Tourette's Syndrome\nNo prior or active glaucoma\n\nPRIOR CONCURRENT THERAPY:\n\nBiologic therapy:\n\nNot specified\n\nChemotherapy:\n\nPrior or concurrent chemotherapy allowed\n\nEndocrine therapy:\n\nConcurrent steroids allowed\n\nRadiotherapy:\n\nSee Disease Characteristics\nPrior radiotherapy allowed except to brain (including stereotactic radiosurgery)\nNo concurrent craniospinal axis radiotherapy\n\nSurgery:\n\nNot specified\n\nOther:\n\nNo prior or concurrent medications for attention deficit disorder, anxiety disorder, schizophrenia, or substance abuse\nNo concurrent anti-depressants",
          "HealthyVolunteers":"No",
          "Gender":"All",
          "MinimumAge":"18 Years",
          "MaximumAge":"120 Years",
          "StdAgeList":{
            "StdAge":[
              "Adult",
              "Older Adult"
            ]
          }
        },
        "ContactsLocationsModule":{
          "OverallOfficialList":{
            "OverallOfficial":[
              {
                "OverallOfficialName":"Edward G. Shaw, MD",
                "OverallOfficialAffiliation":"Wake Forest University Health Sciences",
                "OverallOfficialRole":"Study Chair"
              }
            ]
          },
          "LocationList":{
            "Location":[
              {
                "LocationFacility":"CCOP - Western Regional, Arizona",
                "LocationCity":"Phoenix",
                "LocationState":"Arizona",
                "LocationZip":"85006-2726",
                "LocationCountry":"United States"
              },{
                "LocationFacility":"CCOP - Central Illinois",
                "LocationCity":"Decatur",
                "LocationState":"Illinois",
                "LocationZip":"62526",
                "LocationCountry":"United States"
              },{
                "LocationFacility":"MBCCOP - LSU Health Sciences Center",
                "LocationCity":"New Orleans",
                "LocationState":"Louisiana",
                "LocationZip":"70112",
                "LocationCountry":"United States"
              },{
                "LocationFacility":"CCOP - Southeast Cancer Control Consortium",
                "LocationCity":"Goldsboro",
                "LocationState":"North Carolina",
                "LocationZip":"27534-9479",
                "LocationCountry":"United States"
              },{
                "LocationFacility":"Comprehensive Cancer Center at Wake Forest University",
                "LocationCity":"Winston-Salem",
                "LocationState":"North Carolina",
                "LocationZip":"27157-1030",
                "LocationCountry":"United States"
              },{
                "LocationFacility":"CCOP - Columbus",
                "LocationCity":"Columbus",
                "LocationState":"Ohio",
                "LocationZip":"43206",
                "LocationCountry":"United States"
              },{
                "LocationFacility":"CCOP - Upstate Carolina",
                "LocationCity":"Spartanburg",
                "LocationState":"South Carolina",
                "LocationZip":"29303",
                "LocationCountry":"United States"
              }
            ]
          }
        }
      },
      "DerivedSection":{
        "MiscInfoModule":{
          "VersionHolder":"April 19, 2021"
        },
        "ConditionBrowseModule":{
          "ConditionMeshList":{
            "ConditionMesh":[
              {
                "ConditionMeshId":"D000001932",
                "ConditionMeshTerm":"Brain Neoplasms"
              },{
                "ConditionMeshId":"D000009423",
                "ConditionMeshTerm":"Nervous System Neoplasms"
              },{
                "ConditionMeshId":"D000016543",
                "ConditionMeshTerm":"Central Nervous System Neoplasms"
              },{
                "ConditionMeshId":"D000005221",
                "ConditionMeshTerm":"Fatigue"
              },{
                "ConditionMeshId":"D000003863",
                "ConditionMeshTerm":"Depression"
              }
            ]
          },
          "ConditionAncestorList":{
            "ConditionAncestor":[
              {
                "ConditionAncestorId":"D000009369",
                "ConditionAncestorTerm":"Neoplasms"
              },{
                "ConditionAncestorId":"D000001526",
                "ConditionAncestorTerm":"Behavioral Symptoms"
              },{
                "ConditionAncestorId":"D000009371",
                "ConditionAncestorTerm":"Neoplasms by Site"
              },{
                "ConditionAncestorId":"D000001927",
                "ConditionAncestorTerm":"Brain Diseases"
              },{
                "ConditionAncestorId":"D000002493",
                "ConditionAncestorTerm":"Central Nervous System Diseases"
              },{
                "ConditionAncestorId":"D000009422",
                "ConditionAncestorTerm":"Nervous System Diseases"
              }
            ]
          },
          "ConditionBrowseLeafList":{
            "ConditionBrowseLeaf":[
              {
                "ConditionBrowseLeafId":"M6947",
                "ConditionBrowseLeafName":"Fatigue",
                "ConditionBrowseLeafAsFound":"Fatigue",
                "ConditionBrowseLeafRelevance":"high"
              },{
                "ConditionBrowseLeafId":"M5641",
                "ConditionBrowseLeafName":"Depression",
                "ConditionBrowseLeafAsFound":"Depression",
                "ConditionBrowseLeafRelevance":"high"
              },{
                "ConditionBrowseLeafId":"M5644",
                "ConditionBrowseLeafName":"Depressive Disorder",
                "ConditionBrowseLeafRelevance":"low"
              },{
                "ConditionBrowseLeafId":"M3791",
                "ConditionBrowseLeafName":"Brain Neoplasms",
                "ConditionBrowseLeafAsFound":"Brain Tumor",
                "ConditionBrowseLeafRelevance":"high"
              },{
                "ConditionBrowseLeafId":"M7602",
                "ConditionBrowseLeafName":"Glioblastoma",
                "ConditionBrowseLeafRelevance":"low"
              },{
                "ConditionBrowseLeafId":"M11352",
                "ConditionBrowseLeafName":"Oligodendroglioma",
                "ConditionBrowseLeafRelevance":"low"
              },{
                "ConditionBrowseLeafId":"M7603",
                "ConditionBrowseLeafName":"Glioma",
                "ConditionBrowseLeafRelevance":"low"
              },{
                "ConditionBrowseLeafId":"M19044",
                "ConditionBrowseLeafName":"Gliosarcoma",
                "ConditionBrowseLeafRelevance":"low"
              },{
                "ConditionBrowseLeafId":"M10145",
                "ConditionBrowseLeafName":"Meningioma",
                "ConditionBrowseLeafRelevance":"low"
              },{
                "ConditionBrowseLeafId":"M3142",
                "ConditionBrowseLeafName":"Astrocytoma",
                "ConditionBrowseLeafRelevance":"low"
              },{
                "ConditionBrowseLeafId":"M17520",
                "ConditionBrowseLeafName":"Central Nervous System Neoplasms",
                "ConditionBrowseLeafAsFound":"Central Nervous System Tumors",
                "ConditionBrowseLeafRelevance":"high"
              },{
                "ConditionBrowseLeafId":"M10950",
                "ConditionBrowseLeafName":"Nervous System Neoplasms",
                "ConditionBrowseLeafAsFound":"Nervous System Tumors",
                "ConditionBrowseLeafRelevance":"high"
              },{
                "ConditionBrowseLeafId":"M6548",
                "ConditionBrowseLeafName":"Ependymoma",
                "ConditionBrowseLeafRelevance":"low"
              },{
                "ConditionBrowseLeafId":"M19043",
                "ConditionBrowseLeafName":"Glioma, Subependymal",
                "ConditionBrowseLeafRelevance":"low"
              },{
                "ConditionBrowseLeafId":"M3399",
                "ConditionBrowseLeafName":"Behavioral Symptoms",
                "ConditionBrowseLeafRelevance":"low"
              },{
                "ConditionBrowseLeafId":"M3786",
                "ConditionBrowseLeafName":"Brain Diseases",
                "ConditionBrowseLeafRelevance":"low"
              },{
                "ConditionBrowseLeafId":"M4325",
                "ConditionBrowseLeafName":"Central Nervous System Diseases",
                "ConditionBrowseLeafRelevance":"low"
              },{
                "ConditionBrowseLeafId":"T6034",
                "ConditionBrowseLeafName":"Quality of Life",
                "ConditionBrowseLeafAsFound":"Quality of Life",
                "ConditionBrowseLeafRelevance":"high"
              },{
                "ConditionBrowseLeafId":"T2518",
                "ConditionBrowseLeafName":"Glioblastoma",
                "ConditionBrowseLeafRelevance":"low"
              },{
                "ConditionBrowseLeafId":"T4232",
                "ConditionBrowseLeafName":"Oligodendroglioma",
                "ConditionBrowseLeafRelevance":"low"
              },{
                "ConditionBrowseLeafId":"T2519",
                "ConditionBrowseLeafName":"Glioma",
                "ConditionBrowseLeafRelevance":"low"
              },{
                "ConditionBrowseLeafId":"T2522",
                "ConditionBrowseLeafName":"Gliosarcoma",
                "ConditionBrowseLeafRelevance":"low"
              },{
                "ConditionBrowseLeafId":"T2056",
                "ConditionBrowseLeafName":"Embryonal Tumor With Multilayered Rosettes",
                "ConditionBrowseLeafRelevance":"low"
              },{
                "ConditionBrowseLeafId":"T3707",
                "ConditionBrowseLeafName":"Meningioma",
                "ConditionBrowseLeafRelevance":"low"
              },{
                "ConditionBrowseLeafId":"T364",
                "ConditionBrowseLeafName":"Anaplastic Astrocytoma",
                "ConditionBrowseLeafRelevance":"low"
              },{
                "ConditionBrowseLeafId":"T851",
                "ConditionBrowseLeafName":"Brain Tumor, Adult",
                "ConditionBrowseLeafRelevance":"low"
              },{
                "ConditionBrowseLeafId":"T2093",
                "ConditionBrowseLeafName":"Ependymoma",
                "ConditionBrowseLeafRelevance":"low"
              },{
                "ConditionBrowseLeafId":"T369",
                "ConditionBrowseLeafName":"Anaplastic Oligodendroglioma",
                "ConditionBrowseLeafRelevance":"low"
              },{
                "ConditionBrowseLeafId":"T4559",
                "ConditionBrowseLeafName":"Pilocytic Astrocytoma",
                "ConditionBrowseLeafRelevance":"low"
              },{
                "ConditionBrowseLeafId":"T365",
                "ConditionBrowseLeafName":"Anaplastic Ependymoma",
                "ConditionBrowseLeafRelevance":"low"
              },{
                "ConditionBrowseLeafId":"T5503",
                "ConditionBrowseLeafName":"Subependymoma",
                "ConditionBrowseLeafRelevance":"low"
              },{
                "ConditionBrowseLeafId":"T4028",
                "ConditionBrowseLeafName":"Myxopapillary Ependymoma",
                "ConditionBrowseLeafRelevance":"low"
              }
            ]
          },
          "ConditionBrowseBranchList":{
            "ConditionBrowseBranch":[
              {
                "ConditionBrowseBranchAbbrev":"BC23",
                "ConditionBrowseBranchName":"Symptoms and General Pathology"
              },{
                "ConditionBrowseBranchAbbrev":"All",
                "ConditionBrowseBranchName":"All Conditions"
              },{
                "ConditionBrowseBranchAbbrev":"BXM",
                "ConditionBrowseBranchName":"Behaviors and Mental Disorders"
              },{
                "ConditionBrowseBranchAbbrev":"BC04",
                "ConditionBrowseBranchName":"Cancers and Other Neoplasms"
              },{
                "ConditionBrowseBranchAbbrev":"BC10",
                "ConditionBrowseBranchName":"Nervous System Diseases"
              },{
                "ConditionBrowseBranchAbbrev":"Rare",
                "ConditionBrowseBranchName":"Rare Diseases"
              }
            ]
          }
        },
        "InterventionBrowseModule":{
          "InterventionMeshList":{
            "InterventionMesh":[
              {
                "InterventionMeshId":"D000008774",
                "InterventionMeshTerm":"Methylphenidate"
              }
            ]
          },
          "InterventionAncestorList":{
            "InterventionAncestor":[
              {
                "InterventionAncestorId":"D000000697",
                "InterventionAncestorTerm":"Central Nervous System Stimulants"
              },{
                "InterventionAncestorId":"D000045505",
                "InterventionAncestorTerm":"Physiological Effects of Drugs"
              },{
                "InterventionAncestorId":"D000018765",
                "InterventionAncestorTerm":"Dopamine Uptake Inhibitors"
              },{
                "InterventionAncestorId":"D000014179",
                "InterventionAncestorTerm":"Neurotransmitter Uptake Inhibitors"
              },{
                "InterventionAncestorId":"D000049990",
                "InterventionAncestorTerm":"Membrane Transport Modulators"
              },{
                "InterventionAncestorId":"D000045504",
                "InterventionAncestorTerm":"Molecular Mechanisms of Pharmacological Action"
              },{
                "InterventionAncestorId":"D000015259",
                "InterventionAncestorTerm":"Dopamine Agents"
              },{
                "InterventionAncestorId":"D000018377",
                "InterventionAncestorTerm":"Neurotransmitter Agents"
              }
            ]
          },
          "InterventionBrowseLeafList":{
            "InterventionBrowseLeaf":[
              {
                "InterventionBrowseLeafId":"M10331",
                "InterventionBrowseLeafName":"Methylphenidate",
                "InterventionBrowseLeafAsFound":"Encounter",
                "InterventionBrowseLeafRelevance":"high"
              },{
                "InterventionBrowseLeafId":"M28952",
                "InterventionBrowseLeafName":"Dexmethylphenidate Hydrochloride",
                "InterventionBrowseLeafRelevance":"low"
              },{
                "InterventionBrowseLeafId":"M2610",
                "InterventionBrowseLeafName":"Central Nervous System Stimulants",
                "InterventionBrowseLeafRelevance":"low"
              },{
                "InterventionBrowseLeafId":"M6056",
                "InterventionBrowseLeafName":"Dopamine",
                "InterventionBrowseLeafRelevance":"low"
              },{
                "InterventionBrowseLeafId":"M19416",
                "InterventionBrowseLeafName":"Dopamine Uptake Inhibitors",
                "InterventionBrowseLeafRelevance":"low"
              },{
                "InterventionBrowseLeafId":"M16545",
                "InterventionBrowseLeafName":"Dopamine Agents",
                "InterventionBrowseLeafRelevance":"low"
              },{
                "InterventionBrowseLeafId":"M19088",
                "InterventionBrowseLeafName":"Neurotransmitter Agents",
                "InterventionBrowseLeafRelevance":"low"
              }
            ]
          },
          "InterventionBrowseBranchList":{
            "InterventionBrowseBranch":[
              {
                "InterventionBrowseBranchAbbrev":"CNSSti",
                "InterventionBrowseBranchName":"Central Nervous System Stimulants"
              },{
                "InterventionBrowseBranchAbbrev":"All",
                "InterventionBrowseBranchName":"All Drugs and Chemicals"
              },{
                "InterventionBrowseBranchAbbrev":"CaAg",
                "InterventionBrowseBranchName":"Cardiotonic Agents"
              }
            ]
          }
        }
      }
    }
  }
}

