{
  "FullStudy":{
    "Rank":366991,
    "Study":{
      "ProtocolSection":{
        "IdentificationModule":{
          "NCTId":"NCT00037427",
          "OrgStudyIdInfo":{
            "OrgStudyId":"1170"
          },
          "SecondaryIdInfoList":{
            "SecondaryIdInfo":[
              {
                "SecondaryId":"R01HL069664",
                "SecondaryIdType":"U.S. NIH Grant/Contract",
                "SecondaryIdLink":"https://projectreporter.nih.gov/reporterapi.cfm?PROJECTNUM=R01HL069664&Fy=all"
              }
            ]
          },
          "Organization":{
            "OrgFullName":"National Heart, Lung, and Blood Institute (NHLBI)",
            "OrgClass":"NIH"
          },
          "BriefTitle":"Airway Responses Following Chlorine Gas Exposure"
        },
        "StatusModule":{
          "StatusVerifiedDate":"May 2005",
          "OverallStatus":"Completed",
          "ExpandedAccessInfo":{
            "HasExpandedAccess":"No"
          },
          "StartDateStruct":{
            "StartDate":"September 2001"
          },
          "CompletionDateStruct":{
            "CompletionDate":"July 2004",
            "CompletionDateType":"Actual"
          },
          "StudyFirstSubmitDate":"May 16, 2002",
          "StudyFirstSubmitQCDate":"May 16, 2002",
          "StudyFirstPostDateStruct":{
            "StudyFirstPostDate":"May 17, 2002",
            "StudyFirstPostDateType":"Estimate"
          },
          "LastUpdateSubmitDate":"March 15, 2016",
          "LastUpdatePostDateStruct":{
            "LastUpdatePostDate":"March 16, 2016",
            "LastUpdatePostDateType":"Estimate"
          }
        },
        "SponsorCollaboratorsModule":{
          "LeadSponsor":{
            "LeadSponsorName":"National Heart, Lung, and Blood Institute (NHLBI)",
            "LeadSponsorClass":"NIH"
          }
        },
        "DescriptionModule":{
          "BriefSummary":"To determine lung airway responses following chlorine gas exposure.",
          "DetailedDescription":"DESIGN NARRATIVE:\n\nThe specific aims of the study are to determine: (1) the effects of asthma with pre-existing airway hyper reactivity on the pulmonary function and airway reactivity and inflammation responses to chlorine; (2) the effects of chlorine concentration on the pulmonary function and airway reactivity and inflammation responses to chlorine; and (3) to assess the time dynamics of the pulmonary function and airway reactivity and inflammation responses to chlorine. It is hypothesized that both airway hyperactivity and higher chlorine concentration will result in larger changes in pulmonary function and airway reactivity and inflammation responses, and that these changes will have differential time courses following chlorine exposure. This study uses two controlled human exposure experiments, utilizing a single-blind, repeated-measures, and counter- balanced design. The two subject groups for both experiments will consist of 21 individuals with no airway hyperactivity, and 21 individuals with both asthma and airway hyperactivity. In Experiment One, subjects are exposed for 15 minutes separately to each of: (1) chlorine at 0.4 ppm; (2) chlorine at 1.0 ppm; and (3) filtered air (Control). Pulmonary function and airway reactivity are measured immediately pre-exposure and 1 and 20 hours post-exposure. Airway inflammation, as determined by cellular and biochemical components from sputum-induction, is measured 65 hours pre-exposure and 20 hours post-exposure. In Experiments Two, subjects are exposed for 15 minutes separately to each of: (1) chlorine (concentration determined from Experiment One); (2) filtered air (Control). Pulmonary function and airway reactivity are measured immediately pre-exposure and at 3 and 72 hours post-exposure. Sputum-induction is performed 65 hours pre-exposure and at 3 and 72 hours post-exposure. The results of this study will provide information on a major irritant chemical relevant to occupational environments. Specially, the susceptibility of a large sub-population at increased risk, the dose-response effects, and the post-exposure time dynamics of the effects of chlorine gas will be determined.\n\nThe study completion date listed in this record was obtained from the \"End Date\" entered in the Protocol Registration and Results System (PRS) record."
        },
        "ConditionsModule":{
          "ConditionList":{
            "Condition":[
              "Asthma",
              "Lung Diseases"
            ]
          }
        },
        "DesignModule":{
          "StudyType":"Observational"
        },
        "EligibilityModule":{
          "EligibilityCriteria":"No eligibility criteria",
          "HealthyVolunteers":"No",
          "Gender":"All",
          "MaximumAge":"100 Years",
          "StdAgeList":{
            "StdAge":[
              "Child",
              "Adult",
              "Older Adult"
            ]
          }
        },
        "ContactsLocationsModule":{
          "OverallOfficialList":{
            "OverallOfficial":[
              {
                "OverallOfficialName":"Colin Solomon",
                "OverallOfficialAffiliation":"University of California at San Francisco"
              }
            ]
          }
        }
      },
      "DerivedSection":{
        "MiscInfoModule":{
          "VersionHolder":"April 19, 2021"
        },
        "ConditionBrowseModule":{
          "ConditionMeshList":{
            "ConditionMesh":[
              {
                "ConditionMeshId":"D000008171",
                "ConditionMeshTerm":"Lung Diseases"
              }
            ]
          },
          "ConditionAncestorList":{
            "ConditionAncestor":[
              {
                "ConditionAncestorId":"D000012140",
                "ConditionAncestorTerm":"Respiratory Tract Diseases"
              }
            ]
          },
          "ConditionBrowseLeafList":{
            "ConditionBrowseLeaf":[
              {
                "ConditionBrowseLeafId":"M9751",
                "ConditionBrowseLeafName":"Lung Diseases",
                "ConditionBrowseLeafAsFound":"Lung Disease",
                "ConditionBrowseLeafRelevance":"high"
              },{
                "ConditionBrowseLeafId":"M3137",
                "ConditionBrowseLeafName":"Asthma",
                "ConditionBrowseLeafRelevance":"low"
              },{
                "ConditionBrowseLeafId":"M13560",
                "ConditionBrowseLeafName":"Respiratory Tract Diseases",
                "ConditionBrowseLeafRelevance":"low"
              }
            ]
          },
          "ConditionBrowseBranchList":{
            "ConditionBrowseBranch":[
              {
                "ConditionBrowseBranchAbbrev":"BC08",
                "ConditionBrowseBranchName":"Respiratory Tract (Lung and Bronchial) Diseases"
              },{
                "ConditionBrowseBranchAbbrev":"All",
                "ConditionBrowseBranchName":"All Conditions"
              },{
                "ConditionBrowseBranchAbbrev":"BC20",
                "ConditionBrowseBranchName":"Immune System Diseases"
              }
            ]
          }
        }
      }
    }
  }
}

