{
  "FullStudy":{
    "Rank":367485,
    "Study":{
      "ProtocolSection":{
        "IdentificationModule":{
          "NCTId":"NCT00030563",
          "OrgStudyIdInfo":{
            "OrgStudyId":"18033"
          },
          "SecondaryIdInfoList":{
            "SecondaryIdInfo":[
              {
                "SecondaryId":"UWASH-1200"
              },{
                "SecondaryId":"CWRU-040106"
              },{
                "SecondaryId":"UWASH-440E-ONC-0020-250"
              },{
                "SecondaryId":"NCI-G01-2045"
              },{
                "SecondaryId":"CWRU-UWMC-1200"
              }
            ]
          },
          "Organization":{
            "OrgFullName":"University of Washington",
            "OrgClass":"OTHER"
          },
          "BriefTitle":"Surgery With or Without Radiofrequency Ablation Followed by Irinotecan in Treating Patients With Colorectal Cancer That is Metastatic to the Liver",
          "OfficialTitle":"A Phase II Study Of Adjuvant Intravenous Irinotecan Following Resection With Or Without Radiofrequency Ablation (RFA), Of Hepatic Metastases From Colorectal Carcinoma"
        },
        "StatusModule":{
          "StatusVerifiedDate":"April 2017",
          "OverallStatus":"Completed",
          "ExpandedAccessInfo":{
            "HasExpandedAccess":"No"
          },
          "StartDateStruct":{
            "StartDate":"May 2001"
          },
          "PrimaryCompletionDateStruct":{
            "PrimaryCompletionDate":"October 2004",
            "PrimaryCompletionDateType":"Actual"
          },
          "CompletionDateStruct":{
            "CompletionDate":"October 2005",
            "CompletionDateType":"Actual"
          },
          "StudyFirstSubmitDate":"February 14, 2002",
          "StudyFirstSubmitQCDate":"January 26, 2003",
          "StudyFirstPostDateStruct":{
            "StudyFirstPostDate":"January 27, 2003",
            "StudyFirstPostDateType":"Estimate"
          },
          "LastUpdateSubmitDate":"April 13, 2017",
          "LastUpdatePostDateStruct":{
            "LastUpdatePostDate":"April 17, 2017",
            "LastUpdatePostDateType":"Actual"
          }
        },
        "SponsorCollaboratorsModule":{
          "ResponsibleParty":{
            "ResponsiblePartyType":"Principal Investigator",
            "ResponsiblePartyInvestigatorFullName":"Raymond Yeung",
            "ResponsiblePartyInvestigatorTitle":"Professor, Division of General Surgery, Oncology",
            "ResponsiblePartyInvestigatorAffiliation":"University of Washington"
          },
          "LeadSponsor":{
            "LeadSponsorName":"University of Washington",
            "LeadSponsorClass":"OTHER"
          },
          "CollaboratorList":{
            "Collaborator":[
              {
                "CollaboratorName":"National Cancer Institute (NCI)",
                "CollaboratorClass":"NIH"
              }
            ]
          }
        },
        "OversightModule":{},
        "DescriptionModule":{
          "BriefSummary":"RATIONALE: Radiofrequency ablation uses high-frequency electric current to kill tumor cells. Combining radiofrequency ablation with surgery may kill more tumor cells. Drugs used in chemotherapy use different ways to stop tumor cells from dividing so they stop growing or die. Giving a chemotherapy drug after surgery and radiofrequency ablation may kill any remaining tumor cells.\n\nPURPOSE: Phase II trial to determine the effectiveness of surgery with or without radiofrequency ablation followed by irinotecan in treating patients who have colorectal cancer that is metastatic to the liver.",
          "DetailedDescription":"OBJECTIVES:\n\nDetermine the disease-free survival in patients with hepatic metastases from primary colorectal carcinoma treated with surgical resection with or without radiofrequency ablation followed by irinotecan.\nDetermine the overall survival in patients treated with this regimen.\nDetermine the treatment-related toxicity of this regimen in these patients.\nCorrelate the measurement of molecular markers with clinical outcome in patients treated with this regimen.\n\nOUTLINE: This is a multicenter study. Patients are stratified according to treatment with radiofrequency ablation in addition to resection (yes vs no).\n\nPatients undergo surgical resection with or without radiofrequency ablation. Beginning 4-8 weeks after surgery, patients receive irinotecan IV over 90 minutes on day 1. Chemotherapy repeats every 3 weeks for a total of 6 courses in the absence of disease progression or unacceptable toxicity.\n\nPatients are followed at 4 weeks, every 3 months for 2 years, every 6 months for 3 years, and then annually thereafter.\n\nPROJECTED ACCRUAL: A total of 70 patients will be accrued for this study."
        },
        "ConditionsModule":{
          "ConditionList":{
            "Condition":[
              "Colorectal Cancer",
              "Metastatic Cancer"
            ]
          },
          "KeywordList":{
            "Keyword":[
              "liver metastases",
              "stage IV colon cancer",
              "stage IV rectal cancer",
              "adenocarcinoma of the colon",
              "adenocarcinoma of the rectum",
              "recurrent colon cancer",
              "recurrent rectal cancer"
            ]
          }
        },
        "DesignModule":{
          "StudyType":"Interventional",
          "PhaseList":{
            "Phase":[
              "Phase 2"
            ]
          },
          "DesignInfo":{
            "DesignPrimaryPurpose":"Treatment"
          }
        },
        "ArmsInterventionsModule":{
          "InterventionList":{
            "Intervention":[
              {
                "InterventionType":"Drug",
                "InterventionName":"irinotecan hydrochloride"
              },{
                "InterventionType":"Procedure",
                "InterventionName":"adjuvant therapy"
              },{
                "InterventionType":"Procedure",
                "InterventionName":"conventional surgery"
              },{
                "InterventionType":"Procedure",
                "InterventionName":"radiofrequency ablation"
              }
            ]
          }
        },
        "EligibilityModule":{
          "EligibilityCriteria":"DISEASE CHARACTERISTICS:\n\nHistologically confirmed primary colorectal adenocarcinoma\n\nHepatic metastases that are considered completely resectable\n\nNo more than 4 metastases by dual phase CT scan OR\n\nHepatic metastases that are not completely resectable but are amenable to complete destruction with resection and radiofrequency ablation\n\nMore than 4 metastases allowed if all disease can be resected or destroyed in situ with radiofrequency ablation\nNo extrahepatic disease in any location\nNo recurrent or second primary colorectal cancer by colonoscopy within the past year\nReceived prior adjuvant chemotherapy with a fluorouracil-based regimen with the last dose at least 1 month prior to surgery\nNo prior radiofrequency ablation with residual viable intrahepatic disease by CT scan\nNo plans to be treated with radiofrequency ablation alone without surgical resection\n\nPATIENT CHARACTERISTICS:\n\nAge:\n\n18 and over\n\nPerformance status:\n\nECOG 0-1\n\nLife expectancy:\n\nNot specified\n\nHematopoietic:\n\nAbsolute neutrophil count at least 1,500/mm^3\nPlatelet count at least 100,000/mm^3\n\nHepatic:\n\nBilirubin no greater than 1.5 times upper limit of normal (ULN)\nAST and ALT no greater than 5 times ULN\nNo Gilbert's disease or other known defect in hepatic conjugation or glucuronidation\n\nRenal:\n\nCreatinine no greater than 1.5 times ULN\n\nCardiovascular:\n\nNo myocardial infarction within the past 6 months\nNo congestive heart failure requiring therapy\n\nOther:\n\nNot pregnant or nursing\nFertile patients must use effective contraception during and for 30 days after study\nNo other malignancy within the past 5 years except inactive non-melanoma skin cancer or carcinoma in situ of the cervix\nNo active serious infection\nNo other serious underlying medical condition or severe concurrent disease that would preclude study participation\nNo dementia, significantly altered mental status, or psychiatric illness that would preclude study participation\nNo known hypersensitivity to irinotecan\nNo known infection with HIV or AIDS\nNo uncontrolled diabetes mellitus\nNo history of seizures\nNo drug or alcohol abuse within the past year\n\nPRIOR CONCURRENT THERAPY:\n\nBiologic therapy:\n\nNot specified\n\nChemotherapy:\n\nSee Disease Characteristics\nNo prior irinotecan\n\nEndocrine therapy:\n\nNot specified\n\nRadiotherapy:\n\nNo prior radiotherapy to more than 30% of bone marrow\nNo prior radiotherapy to the liver\nAt least 3 months since prior radiotherapy to the pelvis or other areas\n\nSurgery:\n\nSee Disease Characteristics\nNo prior resection of hepatic metastases (wedge biopsy allowed)\n\nOther:\n\nNo concurrent phenytoin, phenobarbital, or other antiepileptic medication\nNo concurrent enrollment in other investigational drug trials",
          "HealthyVolunteers":"No",
          "Gender":"All",
          "MinimumAge":"18 Years",
          "MaximumAge":"120 Years",
          "StdAgeList":{
            "StdAge":[
              "Adult",
              "Older Adult"
            ]
          }
        },
        "ContactsLocationsModule":{
          "OverallOfficialList":{
            "OverallOfficial":[
              {
                "OverallOfficialName":"Kevin G. Billingsley, MD",
                "OverallOfficialAffiliation":"University of Washington",
                "OverallOfficialRole":"Study Chair"
              }
            ]
          },
          "LocationList":{
            "Location":[
              {
                "LocationFacility":"Ireland Cancer Center",
                "LocationCity":"Cleveland",
                "LocationState":"Ohio",
                "LocationZip":"44106-5065",
                "LocationCountry":"United States"
              },{
                "LocationFacility":"University of Washington School of Medicine",
                "LocationCity":"Seattle",
                "LocationState":"Washington",
                "LocationZip":"98195",
                "LocationCountry":"United States"
              },{
                "LocationFacility":"Princess Margaret Hospital",
                "LocationCity":"Toronto",
                "LocationState":"Ontario",
                "LocationZip":"M5G 2M9",
                "LocationCountry":"Canada"
              }
            ]
          }
        }
      },
      "DerivedSection":{
        "MiscInfoModule":{
          "VersionHolder":"April 19, 2021"
        },
        "ConditionBrowseModule":{
          "ConditionMeshList":{
            "ConditionMesh":[
              {
                "ConditionMeshId":"D000015179",
                "ConditionMeshTerm":"Colorectal Neoplasms"
              }
            ]
          },
          "ConditionAncestorList":{
            "ConditionAncestor":[
              {
                "ConditionAncestorId":"D000007414",
                "ConditionAncestorTerm":"Intestinal Neoplasms"
              },{
                "ConditionAncestorId":"D000005770",
                "ConditionAncestorTerm":"Gastrointestinal Neoplasms"
              },{
                "ConditionAncestorId":"D000004067",
                "ConditionAncestorTerm":"Digestive System Neoplasms"
              },{
                "ConditionAncestorId":"D000009371",
                "ConditionAncestorTerm":"Neoplasms by Site"
              },{
                "ConditionAncestorId":"D000009369",
                "ConditionAncestorTerm":"Neoplasms"
              },{
                "ConditionAncestorId":"D000004066",
                "ConditionAncestorTerm":"Digestive System Diseases"
              },{
                "ConditionAncestorId":"D000005767",
                "ConditionAncestorTerm":"Gastrointestinal Diseases"
              },{
                "ConditionAncestorId":"D000003108",
                "ConditionAncestorTerm":"Colonic Diseases"
              },{
                "ConditionAncestorId":"D000007410",
                "ConditionAncestorTerm":"Intestinal Diseases"
              },{
                "ConditionAncestorId":"D000012002",
                "ConditionAncestorTerm":"Rectal Diseases"
              }
            ]
          },
          "ConditionBrowseLeafList":{
            "ConditionBrowseLeaf":[
              {
                "ConditionBrowseLeafId":"M4116",
                "ConditionBrowseLeafName":"Carcinoma",
                "ConditionBrowseLeafRelevance":"low"
              },{
                "ConditionBrowseLeafId":"M10890",
                "ConditionBrowseLeafName":"Neoplasm Metastasis",
                "ConditionBrowseLeafRelevance":"low"
              },{
                "ConditionBrowseLeafId":"M16473",
                "ConditionBrowseLeafName":"Colorectal Neoplasms",
                "ConditionBrowseLeafAsFound":"Colorectal Cancer",
                "ConditionBrowseLeafRelevance":"high"
              },{
                "ConditionBrowseLeafId":"M2166",
                "ConditionBrowseLeafName":"Adenocarcinoma",
                "ConditionBrowseLeafRelevance":"low"
              },{
                "ConditionBrowseLeafId":"M9031",
                "ConditionBrowseLeafName":"Intestinal Neoplasms",
                "ConditionBrowseLeafRelevance":"low"
              },{
                "ConditionBrowseLeafId":"M7469",
                "ConditionBrowseLeafName":"Gastrointestinal Neoplasms",
                "ConditionBrowseLeafRelevance":"low"
              },{
                "ConditionBrowseLeafId":"M5839",
                "ConditionBrowseLeafName":"Digestive System Neoplasms",
                "ConditionBrowseLeafRelevance":"low"
              },{
                "ConditionBrowseLeafId":"M5838",
                "ConditionBrowseLeafName":"Digestive System Diseases",
                "ConditionBrowseLeafRelevance":"low"
              },{
                "ConditionBrowseLeafId":"M7466",
                "ConditionBrowseLeafName":"Gastrointestinal Diseases",
                "ConditionBrowseLeafRelevance":"low"
              },{
                "ConditionBrowseLeafId":"M4919",
                "ConditionBrowseLeafName":"Colonic Diseases",
                "ConditionBrowseLeafRelevance":"low"
              },{
                "ConditionBrowseLeafId":"M9027",
                "ConditionBrowseLeafName":"Intestinal Diseases",
                "ConditionBrowseLeafRelevance":"low"
              },{
                "ConditionBrowseLeafId":"M13427",
                "ConditionBrowseLeafName":"Rectal Diseases",
                "ConditionBrowseLeafRelevance":"low"
              }
            ]
          },
          "ConditionBrowseBranchList":{
            "ConditionBrowseBranch":[
              {
                "ConditionBrowseBranchAbbrev":"BC04",
                "ConditionBrowseBranchName":"Cancers and Other Neoplasms"
              },{
                "ConditionBrowseBranchAbbrev":"All",
                "ConditionBrowseBranchName":"All Conditions"
              },{
                "ConditionBrowseBranchAbbrev":"BC23",
                "ConditionBrowseBranchName":"Symptoms and General Pathology"
              },{
                "ConditionBrowseBranchAbbrev":"BC06",
                "ConditionBrowseBranchName":"Digestive System Diseases"
              }
            ]
          }
        },
        "InterventionBrowseModule":{
          "InterventionMeshList":{
            "InterventionMesh":[
              {
                "InterventionMeshId":"D000077146",
                "InterventionMeshTerm":"Irinotecan"
              }
            ]
          },
          "InterventionAncestorList":{
            "InterventionAncestor":[
              {
                "InterventionAncestorId":"D000059004",
                "InterventionAncestorTerm":"Topoisomerase I Inhibitors"
              },{
                "InterventionAncestorId":"D000059003",
                "InterventionAncestorTerm":"Topoisomerase Inhibitors"
              },{
                "InterventionAncestorId":"D000004791",
                "InterventionAncestorTerm":"Enzyme Inhibitors"
              },{
                "InterventionAncestorId":"D000045504",
                "InterventionAncestorTerm":"Molecular Mechanisms of Pharmacological Action"
              },{
                "InterventionAncestorId":"D000000970",
                "InterventionAncestorTerm":"Antineoplastic Agents"
              }
            ]
          },
          "InterventionBrowseLeafList":{
            "InterventionBrowseLeaf":[
              {
                "InterventionBrowseLeafId":"M1671",
                "InterventionBrowseLeafName":"Irinotecan",
                "InterventionBrowseLeafAsFound":"Route",
                "InterventionBrowseLeafRelevance":"high"
              },{
                "InterventionBrowseLeafId":"M9693",
                "InterventionBrowseLeafName":"Liver Extracts",
                "InterventionBrowseLeafRelevance":"low"
              },{
                "InterventionBrowseLeafId":"M27936",
                "InterventionBrowseLeafName":"Topoisomerase I Inhibitors",
                "InterventionBrowseLeafRelevance":"low"
              },{
                "InterventionBrowseLeafId":"T120",
                "InterventionBrowseLeafName":"Cola",
                "InterventionBrowseLeafRelevance":"low"
              }
            ]
          },
          "InterventionBrowseBranchList":{
            "InterventionBrowseBranch":[
              {
                "InterventionBrowseBranchAbbrev":"ANeo",
                "InterventionBrowseBranchName":"Antineoplastic Agents"
              },{
                "InterventionBrowseBranchAbbrev":"All",
                "InterventionBrowseBranchName":"All Drugs and Chemicals"
              },{
                "InterventionBrowseBranchAbbrev":"Hemat",
                "InterventionBrowseBranchName":"Hematinics"
              },{
                "InterventionBrowseBranchAbbrev":"HB",
                "InterventionBrowseBranchName":"Herbal and Botanical"
              }
            ]
          }
        }
      }
    }
  }
}

