{
  "FullStudy":{
    "Rank":367139,
    "Study":{
      "ProtocolSection":{
        "IdentificationModule":{
          "NCTId":"NCT00035373",
          "NCTIdAliasList":{
            "NCTIdAlias":[
              "NCT00040924"
            ]
          },
          "OrgStudyIdInfo":{
            "OrgStudyId":"020186"
          },
          "SecondaryIdInfoList":{
            "SecondaryIdInfo":[
              {
                "SecondaryId":"02-C-0186"
              }
            ]
          },
          "Organization":{
            "OrgFullName":"National Institutes of Health Clinical Center (CC)",
            "OrgClass":"NIH"
          },
          "BriefTitle":"Eligibility Screening of Patients With Central Nervous System Tumors for the National Cancer Institute s (NCI) Clinical Research Protocols",
          "OfficialTitle":"Eligibility Screening of Patients With Central Nervous System Tumors for the National Cancer Institute (NCI) Clinical Research Protocols"
        },
        "StatusModule":{
          "StatusVerifiedDate":"April 29, 2015",
          "OverallStatus":"Terminated",
          "ExpandedAccessInfo":{
            "HasExpandedAccess":"No"
          },
          "StartDateStruct":{
            "StartDate":"April 19, 2002"
          },
          "CompletionDateStruct":{
            "CompletionDate":"April 29, 2015"
          },
          "StudyFirstSubmitDate":"May 2, 2002",
          "StudyFirstSubmitQCDate":"May 2, 2002",
          "StudyFirstPostDateStruct":{
            "StudyFirstPostDate":"May 3, 2002",
            "StudyFirstPostDateType":"Estimate"
          },
          "LastUpdateSubmitDate":"November 6, 2019",
          "LastUpdatePostDateStruct":{
            "LastUpdatePostDate":"November 7, 2019",
            "LastUpdatePostDateType":"Actual"
          }
        },
        "SponsorCollaboratorsModule":{
          "ResponsibleParty":{
            "ResponsiblePartyType":"Sponsor"
          },
          "LeadSponsor":{
            "LeadSponsorName":"National Cancer Institute (NCI)",
            "LeadSponsorClass":"NIH"
          }
        },
        "OversightModule":{},
        "DescriptionModule":{
          "BriefSummary":"The objective of this study is to evaluate patients with tumors of the central nervous system (CNS) for eligibility in the National Cancer Institute s research studies. These patients will undergo a series of procedures, usually including a complete medical history and physical examination; laboratory testing of blood, CSF, urine, bone marrow, or other samples; an evaluation of tumor location and size by x-rays, CT (computed tomography) or MRI (magnetic resonance imaging) scans, or nuclear medicine scans; lumbar puncture; electrocardiogram and echocardiogram; and procedures to evaluate the function of specific organs. A bone marrow biopsy is occasionally performed. Research samples may also be collected and stored to avoid having to do a painful test more than once. Tissue specimens collected during this process may be stored and used in future studies.\n\nPatients of both genders, any age, and all racial and ethnic groups with tumors of the CNS or a history of a CNS tumor are eligible. Up to 100 people are expected to participate.\n\nThe physician will discuss the results of these procedures with the patient and his or her family. On the basis of the eligibility screening and the patient s wishes, the patient may then be enrolled in a primary research protocol.",
          "DetailedDescription":"BACKGROUND:\n\n-Adult patients (greater than or equal to 18 yrs of age) with tumors of the central nervous system who are being evaluated by the Neuro-Oncology Branch (NOB) for National Cancer Institute (NCI) primary research protocols will be entered onto this screening protocol for eligibility screening.\n\nOBJECTIVE:\n\n- Evaluate patients with tumors of the Central Nervous System (CNS) for eligibility in National Cancer Institute (NCI) research protocols.\n\nELIGIBILITY:\n\n- Patients with tumors of the CNS or a history of a CNS tumor who are being evaluated for protocols within the National Cancer Institute.\n\nDESIGN:\n\nThe screening tests and procedures that are required by the primary research protocols will be conducted in order to establish eligibility for these protocols.\nThese procedures may include, but are not limited to, laboratory tests on blood, CSF, urine, or other specimens, and radiographic and nuclear medicine studies, which may require the administration of contrast or a radioisotopic tracer.\nThis protocol will also allow for evaluation of existing tumor specimens to determine if targets are present, when applicable.\nIn some cases, specific research samples required for the primary research protocol may be collected during the screening process in order to prevent us from having to subject the patient to a painful procedure on multiple occasions (e.g., bone marrow aspirations).\nResearch specimens will be discarded, if the patient is not eligible for or elects not to enroll on the primary research protocol. A total of 3000 patients will be enrolled."
        },
        "ConditionsModule":{
          "ConditionList":{
            "Condition":[
              "Glioblatoma",
              "Gliosarcoma",
              "Anaplastic Astrocytoma",
              "Oligodendroglioma",
              "Anaplastic Oligoastrocytoma"
            ]
          },
          "KeywordList":{
            "Keyword":[
              "Tumor",
              "Brain",
              "Chemotherapy",
              "Anti-Angiogenesis",
              "Radiation Therapy",
              "CNS Tumor"
            ]
          }
        },
        "DesignModule":{
          "StudyType":"Observational",
          "DesignInfo":{
            "DesignObservationalModelList":{
              "DesignObservationalModel":[
                "Cohort"
              ]
            },
            "DesignTimePerspectiveList":{
              "DesignTimePerspective":[
                "Prospective"
              ]
            }
          },
          "EnrollmentInfo":{
            "EnrollmentCount":"767",
            "EnrollmentType":"Actual"
          }
        },
        "OutcomesModule":{
          "PrimaryOutcomeList":{
            "PrimaryOutcome":[
              {
                "PrimaryOutcomeMeasure":"Evaluate patients with tumors of the Central Nervous System (CNS) for eligibility in National Cancer Institute (NCI) research protocols.",
                "PrimaryOutcomeTimeFrame":"Ongoing"
              }
            ]
          }
        },
        "EligibilityModule":{
          "EligibilityCriteria":"INCLUSION CRITERIA:\n\nAdult patients (greater than or equal to 18 yrs of age) with tumors of the CNS or a history of a CNS tumor who are being evaluated for protocols within the National Cancer Institute.\n\nAll patients or their previously designated LAR (Legally Authorized Representative) (if the patient is deemed by the treating physician to be impaired or questionably impaired in such a way that the ability of the patient to give informed consent is questionable) must sign an informed consent indicating that they are aware of the investigational nature of this study and the risks of the procedures that will be performed to assess eligibility for primary research protocols.\n\nEXCLUSION CRITERIA:\n\nNone",
          "HealthyVolunteers":"No",
          "Gender":"All",
          "MinimumAge":"18 Years",
          "MaximumAge":"100 Years",
          "StdAgeList":{
            "StdAge":[
              "Adult",
              "Older Adult"
            ]
          }
        },
        "ContactsLocationsModule":{
          "OverallOfficialList":{
            "OverallOfficial":[
              {
                "OverallOfficialName":"Katherine E Warren, M.D.",
                "OverallOfficialAffiliation":"National Cancer Institute (NCI)",
                "OverallOfficialRole":"Principal Investigator"
              }
            ]
          },
          "LocationList":{
            "Location":[
              {
                "LocationFacility":"National Institutes of Health Clinical Center, 9000 Rockville Pike",
                "LocationCity":"Bethesda",
                "LocationState":"Maryland",
                "LocationZip":"20892",
                "LocationCountry":"United States"
              }
            ]
          }
        }
      },
      "DerivedSection":{
        "MiscInfoModule":{
          "VersionHolder":"April 19, 2021"
        },
        "ConditionBrowseModule":{
          "ConditionMeshList":{
            "ConditionMesh":[
              {
                "ConditionMeshId":"D000001254",
                "ConditionMeshTerm":"Astrocytoma"
              },{
                "ConditionMeshId":"D000018316",
                "ConditionMeshTerm":"Gliosarcoma"
              },{
                "ConditionMeshId":"D000009423",
                "ConditionMeshTerm":"Nervous System Neoplasms"
              },{
                "ConditionMeshId":"D000016543",
                "ConditionMeshTerm":"Central Nervous System Neoplasms"
              },{
                "ConditionMeshId":"D000009837",
                "ConditionMeshTerm":"Oligodendroglioma"
              }
            ]
          },
          "ConditionAncestorList":{
            "ConditionAncestor":[
              {
                "ConditionAncestorId":"D000005910",
                "ConditionAncestorTerm":"Glioma"
              },{
                "ConditionAncestorId":"D000018302",
                "ConditionAncestorTerm":"Neoplasms, Neuroepithelial"
              },{
                "ConditionAncestorId":"D000017599",
                "ConditionAncestorTerm":"Neuroectodermal Tumors"
              },{
                "ConditionAncestorId":"D000009373",
                "ConditionAncestorTerm":"Neoplasms, Germ Cell and Embryonal"
              },{
                "ConditionAncestorId":"D000009370",
                "ConditionAncestorTerm":"Neoplasms by Histologic Type"
              },{
                "ConditionAncestorId":"D000009369",
                "ConditionAncestorTerm":"Neoplasms"
              },{
                "ConditionAncestorId":"D000009375",
                "ConditionAncestorTerm":"Neoplasms, Glandular and Epithelial"
              },{
                "ConditionAncestorId":"D000009380",
                "ConditionAncestorTerm":"Neoplasms, Nerve Tissue"
              },{
                "ConditionAncestorId":"D000009371",
                "ConditionAncestorTerm":"Neoplasms by Site"
              },{
                "ConditionAncestorId":"D000009422",
                "ConditionAncestorTerm":"Nervous System Diseases"
              }
            ]
          },
          "ConditionBrowseLeafList":{
            "ConditionBrowseLeaf":[
              {
                "ConditionBrowseLeafId":"M11352",
                "ConditionBrowseLeafName":"Oligodendroglioma",
                "ConditionBrowseLeafAsFound":"Oligodendroglioma",
                "ConditionBrowseLeafRelevance":"high"
              },{
                "ConditionBrowseLeafId":"M19044",
                "ConditionBrowseLeafName":"Gliosarcoma",
                "ConditionBrowseLeafAsFound":"Gliosarcoma",
                "ConditionBrowseLeafRelevance":"high"
              },{
                "ConditionBrowseLeafId":"M3142",
                "ConditionBrowseLeafName":"Astrocytoma",
                "ConditionBrowseLeafAsFound":"Anaplastic Astrocytoma",
                "ConditionBrowseLeafRelevance":"high"
              },{
                "ConditionBrowseLeafId":"M17520",
                "ConditionBrowseLeafName":"Central Nervous System Neoplasms",
                "ConditionBrowseLeafAsFound":"Central Nervous System Tumors",
                "ConditionBrowseLeafRelevance":"high"
              },{
                "ConditionBrowseLeafId":"M10950",
                "ConditionBrowseLeafName":"Nervous System Neoplasms",
                "ConditionBrowseLeafAsFound":"Nervous System Tumors",
                "ConditionBrowseLeafRelevance":"high"
              },{
                "ConditionBrowseLeafId":"M7603",
                "ConditionBrowseLeafName":"Glioma",
                "ConditionBrowseLeafRelevance":"low"
              },{
                "ConditionBrowseLeafId":"M19030",
                "ConditionBrowseLeafName":"Neoplasms, Neuroepithelial",
                "ConditionBrowseLeafRelevance":"low"
              },{
                "ConditionBrowseLeafId":"M18428",
                "ConditionBrowseLeafName":"Neuroectodermal Tumors",
                "ConditionBrowseLeafRelevance":"low"
              },{
                "ConditionBrowseLeafId":"M18971",
                "ConditionBrowseLeafName":"Neuroectodermal Tumors, Primitive",
                "ConditionBrowseLeafRelevance":"low"
              },{
                "ConditionBrowseLeafId":"M10901",
                "ConditionBrowseLeafName":"Neoplasms, Germ Cell and Embryonal",
                "ConditionBrowseLeafRelevance":"low"
              },{
                "ConditionBrowseLeafId":"M10898",
                "ConditionBrowseLeafName":"Neoplasms by Histologic Type",
                "ConditionBrowseLeafRelevance":"low"
              },{
                "ConditionBrowseLeafId":"M10903",
                "ConditionBrowseLeafName":"Neoplasms, Glandular and Epithelial",
                "ConditionBrowseLeafRelevance":"low"
              },{
                "ConditionBrowseLeafId":"M10908",
                "ConditionBrowseLeafName":"Neoplasms, Nerve Tissue",
                "ConditionBrowseLeafRelevance":"low"
              },{
                "ConditionBrowseLeafId":"T4232",
                "ConditionBrowseLeafName":"Oligodendroglioma",
                "ConditionBrowseLeafAsFound":"Oligodendroglioma",
                "ConditionBrowseLeafRelevance":"high"
              },{
                "ConditionBrowseLeafId":"T2522",
                "ConditionBrowseLeafName":"Gliosarcoma",
                "ConditionBrowseLeafAsFound":"Gliosarcoma",
                "ConditionBrowseLeafRelevance":"high"
              },{
                "ConditionBrowseLeafId":"T364",
                "ConditionBrowseLeafName":"Anaplastic Astrocytoma",
                "ConditionBrowseLeafAsFound":"Anaplastic Astrocytoma",
                "ConditionBrowseLeafRelevance":"high"
              },{
                "ConditionBrowseLeafId":"T4230",
                "ConditionBrowseLeafName":"Oligoastrocytoma",
                "ConditionBrowseLeafAsFound":"Oligoastrocytoma",
                "ConditionBrowseLeafRelevance":"high"
              },{
                "ConditionBrowseLeafId":"T368",
                "ConditionBrowseLeafName":"Anaplastic Oligoastrocytoma",
                "ConditionBrowseLeafAsFound":"Anaplastic Oligoastrocytoma",
                "ConditionBrowseLeafRelevance":"high"
              },{
                "ConditionBrowseLeafId":"T2519",
                "ConditionBrowseLeafName":"Glioma",
                "ConditionBrowseLeafRelevance":"low"
              },{
                "ConditionBrowseLeafId":"T4092",
                "ConditionBrowseLeafName":"Neuroepithelioma",
                "ConditionBrowseLeafRelevance":"low"
              }
            ]
          },
          "ConditionBrowseBranchList":{
            "ConditionBrowseBranch":[
              {
                "ConditionBrowseBranchAbbrev":"BC04",
                "ConditionBrowseBranchName":"Cancers and Other Neoplasms"
              },{
                "ConditionBrowseBranchAbbrev":"All",
                "ConditionBrowseBranchName":"All Conditions"
              },{
                "ConditionBrowseBranchAbbrev":"BC10",
                "ConditionBrowseBranchName":"Nervous System Diseases"
              },{
                "ConditionBrowseBranchAbbrev":"Rare",
                "ConditionBrowseBranchName":"Rare Diseases"
              }
            ]
          }
        }
      }
    }
  }
}

