{
  "FullStudy":{
    "Rank":367486,
    "Study":{
      "ProtocolSection":{
        "IdentificationModule":{
          "NCTId":"NCT00030550",
          "OrgStudyIdInfo":{
            "OrgStudyId":"DS 01-16"
          },
          "SecondaryIdInfoList":{
            "SecondaryIdInfo":[
              {
                "SecondaryId":"RPCI-DS-0116"
              },{
                "SecondaryId":"CELGENE-T-MDS-001"
              },{
                "SecondaryId":"NCI-G01-2044"
              }
            ]
          },
          "Organization":{
            "OrgFullName":"Roswell Park Cancer Institute",
            "OrgClass":"OTHER"
          },
          "BriefTitle":"Thalidomide in Treating Anemia in Patients With Myelodysplastic Syndrome",
          "OfficialTitle":"A Randomized, Multi-Center, Double-Blind, Placebo-Controlled Trial Assessing The Safety And Efficacy Of Thalidomide (THALOMID) For The Treatment Of Anemia In Red Blood Cell Transfusion-Dependent Patients With Myelodysplastic Syndromes"
        },
        "StatusModule":{
          "StatusVerifiedDate":"January 2013",
          "OverallStatus":"Completed",
          "ExpandedAccessInfo":{
            "HasExpandedAccess":"No"
          },
          "StartDateStruct":{
            "StartDate":"September 2001"
          },
          "PrimaryCompletionDateStruct":{
            "PrimaryCompletionDate":"June 2003",
            "PrimaryCompletionDateType":"Actual"
          },
          "StudyFirstSubmitDate":"February 14, 2002",
          "StudyFirstSubmitQCDate":"January 26, 2003",
          "StudyFirstPostDateStruct":{
            "StudyFirstPostDate":"January 27, 2003",
            "StudyFirstPostDateType":"Estimate"
          },
          "LastUpdateSubmitDate":"January 30, 2013",
          "LastUpdatePostDateStruct":{
            "LastUpdatePostDate":"January 31, 2013",
            "LastUpdatePostDateType":"Estimate"
          }
        },
        "SponsorCollaboratorsModule":{
          "LeadSponsor":{
            "LeadSponsorName":"Roswell Park Cancer Institute",
            "LeadSponsorClass":"OTHER"
          },
          "CollaboratorList":{
            "Collaborator":[
              {
                "CollaboratorName":"National Cancer Institute (NCI)",
                "CollaboratorClass":"NIH"
              }
            ]
          }
        },
        "DescriptionModule":{
          "BriefSummary":"RATIONALE: Thalidomide may be an effective treatment for anemia caused by myelodysplastic syndrome.\n\nPURPOSE: Randomized phase II trial to study the effectiveness of thalidomide in treating anemia in patients who have myelodysplastic syndrome.",
          "DetailedDescription":"OBJECTIVES:\n\nDetermine the efficacy of thalidomide for the treatment of anemia in patients with myelodysplastic syndromes.\nDetermine whether this drug reduces the frequency of leukemia transformation and decreases bone marrow blast percentage in these patients.\nDetermine the effect of this drug on neutrophil and platelet production and the number of episodes of febrile neutropenia in these patients.\nDetermine the safety of this drug in these patients.\n\nOUTLINE: This is a randomized, double-blind, placebo-controlled, multicenter study. Patients are stratified according to International Prognostic Scoring System score (low and intermediate-1 vs intermediate-2 and high) and transfusion dependence (yes vs no). Patients are randomized to one of two treatment arms.\n\nArm I: Patients receive oral thalidomide once daily on weeks 1-24.\nArm II: Patients receive oral placebo once daily on weeks 1-24. In both arms, patients who have not progressed to leukemia after 24 weeks of therapy may receive open-label thalidomide for an additional 24 weeks in the absence of disease progression or unacceptable toxicity.\n\nPatients are followed at 4 weeks.\n\nPROJECTED ACCRUAL: A total of 220 patients (110 per treatment arm) will be accrued for this study."
        },
        "ConditionsModule":{
          "ConditionList":{
            "Condition":[
              "Leukemia",
              "Myelodysplastic Syndromes",
              "Myelodysplastic/Myeloproliferative Neoplasms"
            ]
          },
          "KeywordList":{
            "Keyword":[
              "refractory anemia",
              "refractory anemia with ringed sideroblasts",
              "refractory anemia with excess blasts",
              "de novo myelodysplastic syndromes",
              "chronic myelomonocytic leukemia",
              "previously treated myelodysplastic syndromes",
              "myelodysplastic/myeloproliferative neoplasm, unclassifiable",
              "atypical chronic myeloid leukemia, BCR-ABL1 negative"
            ]
          }
        },
        "DesignModule":{
          "StudyType":"Interventional",
          "PhaseList":{
            "Phase":[
              "Phase 2"
            ]
          },
          "DesignInfo":{
            "DesignAllocation":"Randomized",
            "DesignPrimaryPurpose":"Treatment",
            "DesignMaskingInfo":{
              "DesignMasking":"Double"
            }
          }
        },
        "ArmsInterventionsModule":{
          "InterventionList":{
            "Intervention":[
              {
                "InterventionType":"Drug",
                "InterventionName":"thalidomide"
              }
            ]
          }
        },
        "EligibilityModule":{
          "EligibilityCriteria":"DISEASE CHARACTERISTICS:\n\nDiagnosis of myelodysplastic syndromes (MDS) of at least 12 weeks duration\n\nRefractory anemia (RA)\nRA with ringed sideroblasts\nRA with excess blasts\nChronic myelomonocytic\nNo therapy-related MDS\nNo myelosclerosis or myelofibrosis occupying more than 30% of marrow space (or assessed as grade 3+ or greater)\nNo transformation to acute myeloid leukemia\nNo more than 20% blasts in bone marrow\nNo more than 5% blasts in peripheral blood\nPatients with an erythropoietin level 100 mU/mL or less must have failed epoetin alfa treatment (i.e., at least 30,000 units of epoetin alfa weekly for at least 6 weeks)\nTransfusion-dependent (received at least 2 units of packed RBCs or whole blood within the past 8 weeks) OR\nTransfusion-independent (no packed RBC or whole blood transfusions within the past 8 weeks with 2 hemoglobin levels (at least 7 days apart) less than 11 g/dL)\n\nNo iron deficiency (e.g., absent bone marrow iron store)\n\nIf marrow aspirate is not evaluable, transferrin saturation must be at least 20% and ferritin at least 50 ng/mL\nNo uncorrected B12 or folate deficiency\nNo other contributing causes of anemia (e.g., autoimmune or hereditary hemolytic disorders or gastrointestinal blood loss)\n\nPATIENT CHARACTERISTICS:\n\nAge:\n\n18 and over\n\nPerformance status:\n\nECOG 0-2 OR\nZubrod 0-2\n\nLife expectancy:\n\nAt least 6 months\n\nHematopoietic:\n\nSee Disease Characteristics\nAbsolute neutrophil count at least 500/mm^3\n\nHepatic:\n\nBilirubin no greater than 2.0 mg/dL\nAST and ALT less than 2 times upper limit of normal (ULN)\nHepatitis B surface antigen negative\nHepatitis C negative\n\nRenal:\n\nCreatinine no greater than 1.5 times ULN\n\nCardiovascular:\n\nNo uncontrolled hypertension\nNo clinically significant, symptomatic, unstable cardiovascular disease unrelated to MDS\n\nPulmonary:\n\nNo clinically significant, symptomatic, unstable pulmonary disease unrelated to MDS\n\nNeurologic:\n\nNo clinically significant, symptomatic, unstable neurologic disease unrelated to MDS\nNo history of epilepsy\nNo sustained neurologic deficit (e.g., stroke)\nNo grade 2 or greater peripheral neuropathy\n\nOther:\n\nNot pregnant or nursing\nNegative pregnancy test\nFertile patients must use at least 1 highly effective and 1 additional effective method of contraception for 4 weeks prior to, during, and for 4 weeks after study participation\nHIV negative\nNo clinically significant, symptomatic, unstable endocrine, gastrointestinal, or genitourinary disease unrelated to MDS\nNo other malignancy within the past 5 years except basal cell or squamous cell skin cancer or carcinoma in situ of the cervix\nNo life-threatening or active infection requiring parenteral antibiotics\nNo other serious concurrent illness\n\nPRIOR CONCURRENT THERAPY:\n\nBiologic therapy:\n\nSee Disease Characteristics\nMore than 7 days since prior hematopoietic growth factors (e.g., epoetin alfa, filgrastim (G-CSF), sargramostim (GM-CSF), or interleukin-3)\nNo prior thalidomide\nNo prior agents intended to inhibit vascular endothelial growth factor or tumor necrosis factor alfa (e.g., etanercept or infliximab)\nNo concurrent epoetin alfa\n\nChemotherapy:\n\nNo concurrent chemotherapy that may be active against MDS\n\nEndocrine therapy:\n\nMore than 30 days since prior androgens\nNo requirement for ongoing therapy with systemic corticosteroids\n\nRadiotherapy:\n\nNot specified\n\nSurgery:\n\nNot specified\n\nOther:\n\nMore than 30 days since prior treatment for MDS except RBC transfusion or epoetin alfa\nMore than 30 days since prior participation in another experimental clinical trial\nMore than 30 days since prior experimental drugs\nNo other concurrent investigational agents or treatments",
          "HealthyVolunteers":"No",
          "Gender":"All",
          "MinimumAge":"18 Years",
          "StdAgeList":{
            "StdAge":[
              "Adult",
              "Older Adult"
            ]
          }
        },
        "ContactsLocationsModule":{
          "OverallOfficialList":{
            "OverallOfficial":[
              {
                "OverallOfficialName":"James L. Slack, MD",
                "OverallOfficialAffiliation":"Roswell Park Cancer Institute",
                "OverallOfficialRole":"Study Chair"
              }
            ]
          },
          "LocationList":{
            "Location":[
              {
                "LocationFacility":"PPD Development",
                "LocationCity":"Wilmington",
                "LocationState":"North Carolina",
                "LocationZip":"28412",
                "LocationCountry":"United States"
              }
            ]
          }
        }
      },
      "DerivedSection":{
        "MiscInfoModule":{
          "VersionHolder":"April 19, 2021"
        },
        "ConditionBrowseModule":{
          "ConditionMeshList":{
            "ConditionMesh":[
              {
                "ConditionMeshId":"D000007938",
                "ConditionMeshTerm":"Leukemia"
              },{
                "ConditionMeshId":"D000011289",
                "ConditionMeshTerm":"Preleukemia"
              },{
                "ConditionMeshId":"D000000740",
                "ConditionMeshTerm":"Anemia"
              },{
                "ConditionMeshId":"D000009190",
                "ConditionMeshTerm":"Myelodysplastic Syndromes"
              },{
                "ConditionMeshId":"D000009196",
                "ConditionMeshTerm":"Myeloproliferative Disorders"
              },{
                "ConditionMeshId":"D000054437",
                "ConditionMeshTerm":"Myelodysplastic-Myeloproliferative Diseases"
              },{
                "ConditionMeshId":"D000013577",
                "ConditionMeshTerm":"Syndrome"
              }
            ]
          },
          "ConditionAncestorList":{
            "ConditionAncestor":[
              {
                "ConditionAncestorId":"D000004194",
                "ConditionAncestorTerm":"Disease"
              },{
                "ConditionAncestorId":"D000010335",
                "ConditionAncestorTerm":"Pathologic Processes"
              },{
                "ConditionAncestorId":"D000009370",
                "ConditionAncestorTerm":"Neoplasms by Histologic Type"
              },{
                "ConditionAncestorId":"D000009369",
                "ConditionAncestorTerm":"Neoplasms"
              },{
                "ConditionAncestorId":"D000006402",
                "ConditionAncestorTerm":"Hematologic Diseases"
              },{
                "ConditionAncestorId":"D000001855",
                "ConditionAncestorTerm":"Bone Marrow Diseases"
              },{
                "ConditionAncestorId":"D000011230",
                "ConditionAncestorTerm":"Precancerous Conditions"
              }
            ]
          },
          "ConditionBrowseLeafList":{
            "ConditionBrowseLeaf":[
              {
                "ConditionBrowseLeafId":"M9528",
                "ConditionBrowseLeafName":"Leukemia",
                "ConditionBrowseLeafAsFound":"Leukemia",
                "ConditionBrowseLeafRelevance":"high"
              },{
                "ConditionBrowseLeafId":"M9538",
                "ConditionBrowseLeafName":"Leukemia, Myeloid",
                "ConditionBrowseLeafRelevance":"low"
              },{
                "ConditionBrowseLeafId":"M14938",
                "ConditionBrowseLeafName":"Syndrome",
                "ConditionBrowseLeafAsFound":"Syndrome",
                "ConditionBrowseLeafRelevance":"high"
              },{
                "ConditionBrowseLeafId":"M2651",
                "ConditionBrowseLeafName":"Anemia",
                "ConditionBrowseLeafAsFound":"Anemia",
                "ConditionBrowseLeafRelevance":"high"
              },{
                "ConditionBrowseLeafId":"M10732",
                "ConditionBrowseLeafName":"Myeloproliferative Disorders",
                "ConditionBrowseLeafAsFound":"Myeloproliferative Neoplasms",
                "ConditionBrowseLeafRelevance":"high"
              },{
                "ConditionBrowseLeafId":"M12747",
                "ConditionBrowseLeafName":"Preleukemia",
                "ConditionBrowseLeafAsFound":"Myelodysplastic Syndrome",
                "ConditionBrowseLeafRelevance":"high"
              },{
                "ConditionBrowseLeafId":"M16715",
                "ConditionBrowseLeafName":"Leukemia, Myelomonocytic, Chronic",
                "ConditionBrowseLeafRelevance":"low"
              },{
                "ConditionBrowseLeafId":"M26293",
                "ConditionBrowseLeafName":"Leukemia, Myelomonocytic, Juvenile",
                "ConditionBrowseLeafRelevance":"low"
              },{
                "ConditionBrowseLeafId":"M10728",
                "ConditionBrowseLeafName":"Myelodysplastic Syndromes",
                "ConditionBrowseLeafAsFound":"Myelodysplastic Syndrome",
                "ConditionBrowseLeafRelevance":"high"
              },{
                "ConditionBrowseLeafId":"M16706",
                "ConditionBrowseLeafName":"Leukemia, Myelogenous, Chronic, BCR-ABL Positive",
                "ConditionBrowseLeafRelevance":"low"
              },{
                "ConditionBrowseLeafId":"M2665",
                "ConditionBrowseLeafName":"Anemia, Refractory, with Excess of Blasts",
                "ConditionBrowseLeafRelevance":"low"
              },{
                "ConditionBrowseLeafId":"M2664",
                "ConditionBrowseLeafName":"Anemia, Refractory",
                "ConditionBrowseLeafRelevance":"low"
              },{
                "ConditionBrowseLeafId":"M26294",
                "ConditionBrowseLeafName":"Myelodysplastic-Myeloproliferative Diseases",
                "ConditionBrowseLeafAsFound":"Myelodysplastic/myeloproliferative neoplasm",
                "ConditionBrowseLeafRelevance":"high"
              },{
                "ConditionBrowseLeafId":"M10898",
                "ConditionBrowseLeafName":"Neoplasms by Histologic Type",
                "ConditionBrowseLeafRelevance":"low"
              },{
                "ConditionBrowseLeafId":"M8073",
                "ConditionBrowseLeafName":"Hematologic Diseases",
                "ConditionBrowseLeafRelevance":"low"
              },{
                "ConditionBrowseLeafId":"M3716",
                "ConditionBrowseLeafName":"Bone Marrow Diseases",
                "ConditionBrowseLeafRelevance":"low"
              },{
                "ConditionBrowseLeafId":"M12694",
                "ConditionBrowseLeafName":"Precancerous Conditions",
                "ConditionBrowseLeafRelevance":"low"
              },{
                "ConditionBrowseLeafId":"T3995",
                "ConditionBrowseLeafName":"Myeloid Leukemia",
                "ConditionBrowseLeafRelevance":"low"
              },{
                "ConditionBrowseLeafId":"T1311",
                "ConditionBrowseLeafName":"Chronic Myeloproliferative Disorders",
                "ConditionBrowseLeafAsFound":"Myeloproliferative Neoplasms",
                "ConditionBrowseLeafRelevance":"high"
              },{
                "ConditionBrowseLeafId":"T3993",
                "ConditionBrowseLeafName":"Myelodysplastic Syndromes",
                "ConditionBrowseLeafAsFound":"Myelodysplastic Syndrome",
                "ConditionBrowseLeafRelevance":"high"
              },{
                "ConditionBrowseLeafId":"T1310",
                "ConditionBrowseLeafName":"Chronic Myelomonocytic Leukemia",
                "ConditionBrowseLeafRelevance":"low"
              },{
                "ConditionBrowseLeafId":"T3174",
                "ConditionBrowseLeafName":"Juvenile Myelomonocytic Leukemia",
                "ConditionBrowseLeafRelevance":"low"
              },{
                "ConditionBrowseLeafId":"T1309",
                "ConditionBrowseLeafName":"Chronic Myeloid Leukemia",
                "ConditionBrowseLeafRelevance":"low"
              },{
                "ConditionBrowseLeafId":"T3994",
                "ConditionBrowseLeafName":"Myelodysplastic/myeloproliferative Disease",
                "ConditionBrowseLeafAsFound":"Myelodysplastic/myeloproliferative neoplasm",
                "ConditionBrowseLeafRelevance":"high"
              },{
                "ConditionBrowseLeafId":"T3991",
                "ConditionBrowseLeafName":"Myelodysplastic Syndrome With Excess Blasts",
                "ConditionBrowseLeafRelevance":"low"
              },{
                "ConditionBrowseLeafId":"T5232",
                "ConditionBrowseLeafName":"Sideroblastic Anemia Pyridoxine-refractory Autosomal Recessive",
                "ConditionBrowseLeafRelevance":"low"
              }
            ]
          },
          "ConditionBrowseBranchList":{
            "ConditionBrowseBranch":[
              {
                "ConditionBrowseBranchAbbrev":"BC04",
                "ConditionBrowseBranchName":"Cancers and Other Neoplasms"
              },{
                "ConditionBrowseBranchAbbrev":"All",
                "ConditionBrowseBranchName":"All Conditions"
              },{
                "ConditionBrowseBranchAbbrev":"BC23",
                "ConditionBrowseBranchName":"Symptoms and General Pathology"
              },{
                "ConditionBrowseBranchAbbrev":"BC15",
                "ConditionBrowseBranchName":"Blood and Lymph Conditions"
              },{
                "ConditionBrowseBranchAbbrev":"Rare",
                "ConditionBrowseBranchName":"Rare Diseases"
              }
            ]
          }
        },
        "InterventionBrowseModule":{
          "InterventionMeshList":{
            "InterventionMesh":[
              {
                "InterventionMeshId":"D000013792",
                "InterventionMeshTerm":"Thalidomide"
              }
            ]
          },
          "InterventionAncestorList":{
            "InterventionAncestor":[
              {
                "InterventionAncestorId":"D000007166",
                "InterventionAncestorTerm":"Immunosuppressive Agents"
              },{
                "InterventionAncestorId":"D000007155",
                "InterventionAncestorTerm":"Immunologic Factors"
              },{
                "InterventionAncestorId":"D000045505",
                "InterventionAncestorTerm":"Physiological Effects of Drugs"
              },{
                "InterventionAncestorId":"D000007917",
                "InterventionAncestorTerm":"Leprostatic Agents"
              },{
                "InterventionAncestorId":"D000000900",
                "InterventionAncestorTerm":"Anti-Bacterial Agents"
              },{
                "InterventionAncestorId":"D000000890",
                "InterventionAncestorTerm":"Anti-Infective Agents"
              },{
                "InterventionAncestorId":"D000020533",
                "InterventionAncestorTerm":"Angiogenesis Inhibitors"
              },{
                "InterventionAncestorId":"D000043924",
                "InterventionAncestorTerm":"Angiogenesis Modulating Agents"
              },{
                "InterventionAncestorId":"D000006133",
                "InterventionAncestorTerm":"Growth Substances"
              },{
                "InterventionAncestorId":"D000006131",
                "InterventionAncestorTerm":"Growth Inhibitors"
              },{
                "InterventionAncestorId":"D000000970",
                "InterventionAncestorTerm":"Antineoplastic Agents"
              }
            ]
          },
          "InterventionBrowseLeafList":{
            "InterventionBrowseLeaf":[
              {
                "InterventionBrowseLeafId":"M15142",
                "InterventionBrowseLeafName":"Thalidomide",
                "InterventionBrowseLeafAsFound":"Kg/day",
                "InterventionBrowseLeafRelevance":"high"
              },{
                "InterventionBrowseLeafId":"M8795",
                "InterventionBrowseLeafName":"Immunosuppressive Agents",
                "InterventionBrowseLeafRelevance":"low"
              },{
                "InterventionBrowseLeafId":"M8784",
                "InterventionBrowseLeafName":"Immunologic Factors",
                "InterventionBrowseLeafRelevance":"low"
              },{
                "InterventionBrowseLeafId":"M2803",
                "InterventionBrowseLeafName":"Anti-Bacterial Agents",
                "InterventionBrowseLeafRelevance":"low"
              },{
                "InterventionBrowseLeafId":"M2795",
                "InterventionBrowseLeafName":"Anti-Infective Agents",
                "InterventionBrowseLeafRelevance":"low"
              },{
                "InterventionBrowseLeafId":"M20902",
                "InterventionBrowseLeafName":"Angiogenesis Inhibitors",
                "InterventionBrowseLeafRelevance":"low"
              }
            ]
          },
          "InterventionBrowseBranchList":{
            "InterventionBrowseBranch":[
              {
                "InterventionBrowseBranchAbbrev":"Infe",
                "InterventionBrowseBranchName":"Anti-Infective Agents"
              },{
                "InterventionBrowseBranchAbbrev":"ANeo",
                "InterventionBrowseBranchName":"Antineoplastic Agents"
              },{
                "InterventionBrowseBranchAbbrev":"All",
                "InterventionBrowseBranchName":"All Drugs and Chemicals"
              }
            ]
          }
        }
      }
    }
  }
}

