{
  "FullStudy":{
    "Rank":367087,
    "Study":{
      "ProtocolSection":{
        "IdentificationModule":{
          "NCTId":"NCT00036088",
          "OrgStudyIdInfo":{
            "OrgStudyId":"2347"
          },
          "SecondaryIdInfoList":{
            "SecondaryIdInfo":[
              {
                "SecondaryId":"F1D-MC-HGHJ"
              }
            ]
          },
          "Organization":{
            "OrgFullName":"Eli Lilly and Company",
            "OrgClass":"INDUSTRY"
          },
          "BriefTitle":"Olanzapine Versus An Active Comparator in the Treatment of Schizophrenia"
        },
        "StatusModule":{
          "StatusVerifiedDate":"July 2006",
          "OverallStatus":"Completed",
          "StartDateStruct":{
            "StartDate":"August 2001"
          },
          "CompletionDateStruct":{
            "CompletionDate":"July 2002"
          },
          "StudyFirstSubmitDate":"May 7, 2002",
          "StudyFirstSubmitQCDate":"May 7, 2002",
          "StudyFirstPostDateStruct":{
            "StudyFirstPostDate":"May 8, 2002",
            "StudyFirstPostDateType":"Estimate"
          },
          "LastUpdateSubmitDate":"July 18, 2006",
          "LastUpdatePostDateStruct":{
            "LastUpdatePostDate":"July 19, 2006",
            "LastUpdatePostDateType":"Estimate"
          }
        },
        "SponsorCollaboratorsModule":{
          "LeadSponsor":{
            "LeadSponsorName":"Eli Lilly and Company",
            "LeadSponsorClass":"INDUSTRY"
          }
        },
        "OversightModule":{},
        "DescriptionModule":{
          "BriefSummary":"The purpose of this study is to determine how Olanzapine compares to an active comparator in the treatment of schizophrenia"
        },
        "ConditionsModule":{
          "ConditionList":{
            "Condition":[
              "Schizophrenia"
            ]
          }
        },
        "DesignModule":{
          "StudyType":"Interventional",
          "PhaseList":{
            "Phase":[
              "Phase 4"
            ]
          },
          "DesignInfo":{
            "DesignAllocation":"Randomized",
            "DesignInterventionModel":"Parallel Assignment",
            "DesignPrimaryPurpose":"Treatment",
            "DesignMaskingInfo":{
              "DesignMasking":"Double"
            }
          },
          "EnrollmentInfo":{
            "EnrollmentCount":"530"
          }
        },
        "ArmsInterventionsModule":{
          "InterventionList":{
            "Intervention":[
              {
                "InterventionType":"Drug",
                "InterventionName":"Olanzapine"
              }
            ]
          }
        },
        "EligibilityModule":{
          "EligibilityCriteria":"Inclusion:\n\nYou must be between the ages of 18 and 75. If you have reached your 76th birthday, you will not be able to participate\nYou must have been diagnosed with schizophrenia\nYou must be able to visit the doctor's office as scheduled for the next 7 months\n\nExclusion:\n\nYou have a serious medical illness, such as heart, liver, or kidney disease (Note: If you are uncertain about a particular condition, discuss it with your doctor.)\nYou are either pregnant or breastfeeding",
          "HealthyVolunteers":"Accepts Healthy Volunteers",
          "Gender":"All",
          "MinimumAge":"18 Years",
          "MaximumAge":"75 Years",
          "StdAgeList":{
            "StdAge":[
              "Adult",
              "Older Adult"
            ]
          }
        },
        "ContactsLocationsModule":{
          "LocationList":{
            "Location":[
              {
                "LocationCity":"El Centro",
                "LocationState":"California",
                "LocationCountry":"United States"
              },{
                "LocationCity":"Glendale",
                "LocationState":"California",
                "LocationCountry":"United States"
              },{
                "LocationCity":"Sherman Oaks",
                "LocationState":"California",
                "LocationCountry":"United States"
              },{
                "LocationCity":"Middleton",
                "LocationState":"Connecticut",
                "LocationCountry":"United States"
              },{
                "LocationCity":"Norwich",
                "LocationState":"Connecticut",
                "LocationCountry":"United States"
              },{
                "LocationCity":"Melbourne",
                "LocationState":"Florida",
                "LocationCountry":"United States"
              },{
                "LocationCity":"Miami",
                "LocationState":"Florida",
                "LocationCountry":"United States"
              },{
                "LocationCity":"Atlanta",
                "LocationState":"Georgia",
                "LocationCountry":"United States"
              },{
                "LocationCity":"Chicago",
                "LocationState":"Illinois",
                "LocationCountry":"United States"
              },{
                "LocationCity":"Hoffman Estates",
                "LocationState":"Illinois",
                "LocationCountry":"United States"
              },{
                "LocationCity":"Lafayette",
                "LocationState":"Indiana",
                "LocationCountry":"United States"
              },{
                "LocationCity":"Rockville",
                "LocationState":"Maryland",
                "LocationCountry":"United States"
              },{
                "LocationCity":"Newton",
                "LocationState":"Massachusetts",
                "LocationCountry":"United States"
              },{
                "LocationCity":"St Charles",
                "LocationState":"Missouri",
                "LocationCountry":"United States"
              },{
                "LocationCity":"New York",
                "LocationState":"New York",
                "LocationCountry":"United States"
              },{
                "LocationCity":"Olean",
                "LocationState":"New York",
                "LocationCountry":"United States"
              },{
                "LocationCity":"Staten Island",
                "LocationState":"New York",
                "LocationCountry":"United States"
              },{
                "LocationCity":"Cincinnati",
                "LocationState":"Ohio",
                "LocationCountry":"United States"
              },{
                "LocationCity":"Portland",
                "LocationState":"Oregon",
                "LocationCountry":"United States"
              },{
                "LocationCity":"Philadelphia",
                "LocationState":"Pennsylvania",
                "LocationCountry":"United States"
              },{
                "LocationCity":"Austin",
                "LocationState":"Texas",
                "LocationCountry":"United States"
              },{
                "LocationCity":"El Paso",
                "LocationState":"Texas",
                "LocationCountry":"United States"
              },{
                "LocationCity":"Houston",
                "LocationState":"Texas",
                "LocationCountry":"United States"
              },{
                "LocationCity":"Terrell",
                "LocationState":"Texas",
                "LocationCountry":"United States"
              },{
                "LocationCity":"Richmond",
                "LocationState":"Virginia",
                "LocationCountry":"United States"
              },{
                "LocationCity":"La Plata",
                "LocationState":"Buenos Aires",
                "LocationCountry":"Argentina"
              },{
                "LocationCity":"Godoy Cruz",
                "LocationState":"Mendoza",
                "LocationCountry":"Argentina"
              },{
                "LocationCity":"Buenos Aires",
                "LocationCountry":"Argentina"
              },{
                "LocationCity":"Ciudad De Buenos Air",
                "LocationCountry":"Argentina"
              },{
                "LocationCity":"Graz",
                "LocationCountry":"Austria"
              },{
                "LocationCity":"Innsbruck",
                "LocationCountry":"Austria"
              },{
                "LocationCity":"Linz",
                "LocationCountry":"Austria"
              },{
                "LocationCity":"Wein",
                "LocationCountry":"Austria"
              },{
                "LocationCity":"Wels",
                "LocationCountry":"Austria"
              },{
                "LocationCity":"Salvador",
                "LocationState":"Bahia",
                "LocationCountry":"Brazil"
              },{
                "LocationCity":"Aparecida De Goiania",
                "LocationState":"Goias",
                "LocationCountry":"Brazil"
              },{
                "LocationCity":"Pelotas",
                "LocationState":"RS",
                "LocationCountry":"Brazil"
              },{
                "LocationCity":"Rio De Janeiro",
                "LocationCountry":"Brazil"
              },{
                "LocationCity":"Sau Paulo",
                "LocationCountry":"Brazil"
              },{
                "LocationCity":"Essen",
                "LocationCountry":"Germany"
              },{
                "LocationCity":"Hamburg",
                "LocationCountry":"Germany"
              },{
                "LocationCity":"Tubingen",
                "LocationCountry":"Germany"
              },{
                "LocationCity":"Dublin",
                "LocationCountry":"Ireland"
              },{
                "LocationCity":"Mexico City",
                "LocationCountry":"Mexico"
              },{
                "LocationCity":"Lima",
                "LocationCountry":"Peru"
              },{
                "LocationCity":"Cidra",
                "LocationCountry":"Puerto Rico"
              },{
                "LocationCity":"Ponce",
                "LocationCountry":"Puerto Rico"
              },{
                "LocationCity":"Rio Piedras",
                "LocationCountry":"Puerto Rico"
              },{
                "LocationCity":"San Juan",
                "LocationCountry":"Puerto Rico"
              },{
                "LocationCity":"Sama De Langreo",
                "LocationState":"Asturias",
                "LocationCountry":"Spain"
              },{
                "LocationCity":"San Boi De Llobregat",
                "LocationState":"Barcelona",
                "LocationCountry":"Spain"
              },{
                "LocationCity":"Elizondo",
                "LocationState":"Navarra",
                "LocationCountry":"Spain"
              },{
                "LocationCity":"Pamplona",
                "LocationState":"Navarra",
                "LocationCountry":"Spain"
              },{
                "LocationCity":"Barcelona",
                "LocationCountry":"Spain"
              },{
                "LocationCity":"Camberwell",
                "LocationState":"London",
                "LocationCountry":"United Kingdom"
              },{
                "LocationCity":"Kings Lynn",
                "LocationState":"Norfolk",
                "LocationCountry":"United Kingdom"
              },{
                "LocationCity":"Paisley",
                "LocationState":"Scotland",
                "LocationCountry":"United Kingdom"
              },{
                "LocationCity":"Guildford",
                "LocationState":"Surrey",
                "LocationCountry":"United Kingdom"
              },{
                "LocationCity":"London",
                "LocationCountry":"United Kingdom"
              },{
                "LocationCity":"Caracas",
                "LocationCountry":"Venezuela"
              }
            ]
          }
        },
        "ReferencesModule":{
          "ReferenceList":{
            "Reference":[
              {
                "ReferencePMID":"21586165",
                "ReferenceType":"derived",
                "ReferenceCitation":"Liu-Seifert H, Ascher-Svanum H, Osuntokun O, Jen KY, Gomez JC. Change in level of productivity in the treatment of schizophrenia with olanzapine or other antipsychotics. BMC Psychiatry. 2011 May 17;11:87. doi: 10.1186/1471-244X-11-87."
              }
            ]
          }
        }
      },
      "DerivedSection":{
        "MiscInfoModule":{
          "VersionHolder":"April 19, 2021"
        },
        "ConditionBrowseModule":{
          "ConditionMeshList":{
            "ConditionMesh":[
              {
                "ConditionMeshId":"D000012559",
                "ConditionMeshTerm":"Schizophrenia"
              }
            ]
          },
          "ConditionAncestorList":{
            "ConditionAncestor":[
              {
                "ConditionAncestorId":"D000019967",
                "ConditionAncestorTerm":"Schizophrenia Spectrum and Other Psychotic Disorders"
              },{
                "ConditionAncestorId":"D000001523",
                "ConditionAncestorTerm":"Mental Disorders"
              }
            ]
          },
          "ConditionBrowseLeafList":{
            "ConditionBrowseLeaf":[
              {
                "ConditionBrowseLeafId":"M13959",
                "ConditionBrowseLeafName":"Schizophrenia",
                "ConditionBrowseLeafAsFound":"Schizophrenia",
                "ConditionBrowseLeafRelevance":"high"
              },{
                "ConditionBrowseLeafId":"M3396",
                "ConditionBrowseLeafName":"Mental Disorders",
                "ConditionBrowseLeafRelevance":"low"
              },{
                "ConditionBrowseLeafId":"M13056",
                "ConditionBrowseLeafName":"Psychotic Disorders",
                "ConditionBrowseLeafRelevance":"low"
              },{
                "ConditionBrowseLeafId":"M20422",
                "ConditionBrowseLeafName":"Schizophrenia Spectrum and Other Psychotic Disorders",
                "ConditionBrowseLeafRelevance":"low"
              }
            ]
          },
          "ConditionBrowseBranchList":{
            "ConditionBrowseBranch":[
              {
                "ConditionBrowseBranchAbbrev":"BXM",
                "ConditionBrowseBranchName":"Behaviors and Mental Disorders"
              },{
                "ConditionBrowseBranchAbbrev":"All",
                "ConditionBrowseBranchName":"All Conditions"
              }
            ]
          }
        },
        "InterventionBrowseModule":{
          "InterventionMeshList":{
            "InterventionMesh":[
              {
                "InterventionMeshId":"D000077152",
                "InterventionMeshTerm":"Olanzapine"
              }
            ]
          },
          "InterventionAncestorList":{
            "InterventionAncestor":[
              {
                "InterventionAncestorId":"D000000932",
                "InterventionAncestorTerm":"Antiemetics"
              },{
                "InterventionAncestorId":"D000001337",
                "InterventionAncestorTerm":"Autonomic Agents"
              },{
                "InterventionAncestorId":"D000018373",
                "InterventionAncestorTerm":"Peripheral Nervous System Agents"
              },{
                "InterventionAncestorId":"D000045505",
                "InterventionAncestorTerm":"Physiological Effects of Drugs"
              },{
                "InterventionAncestorId":"D000005765",
                "InterventionAncestorTerm":"Gastrointestinal Agents"
              },{
                "InterventionAncestorId":"D000014150",
                "InterventionAncestorTerm":"Antipsychotic Agents"
              },{
                "InterventionAncestorId":"D000014149",
                "InterventionAncestorTerm":"Tranquilizing Agents"
              },{
                "InterventionAncestorId":"D000002492",
                "InterventionAncestorTerm":"Central Nervous System Depressants"
              },{
                "InterventionAncestorId":"D000011619",
                "InterventionAncestorTerm":"Psychotropic Drugs"
              },{
                "InterventionAncestorId":"D000017367",
                "InterventionAncestorTerm":"Serotonin Uptake Inhibitors"
              },{
                "InterventionAncestorId":"D000014179",
                "InterventionAncestorTerm":"Neurotransmitter Uptake Inhibitors"
              },{
                "InterventionAncestorId":"D000049990",
                "InterventionAncestorTerm":"Membrane Transport Modulators"
              },{
                "InterventionAncestorId":"D000045504",
                "InterventionAncestorTerm":"Molecular Mechanisms of Pharmacological Action"
              },{
                "InterventionAncestorId":"D000018377",
                "InterventionAncestorTerm":"Neurotransmitter Agents"
              },{
                "InterventionAncestorId":"D000018490",
                "InterventionAncestorTerm":"Serotonin Agents"
              }
            ]
          },
          "InterventionBrowseLeafList":{
            "InterventionBrowseLeaf":[
              {
                "InterventionBrowseLeafId":"M1675",
                "InterventionBrowseLeafName":"Olanzapine",
                "InterventionBrowseLeafAsFound":"Multiple Myeloma",
                "InterventionBrowseLeafRelevance":"high"
              },{
                "InterventionBrowseLeafId":"M2832",
                "InterventionBrowseLeafName":"Antiemetics",
                "InterventionBrowseLeafRelevance":"low"
              },{
                "InterventionBrowseLeafId":"M7464",
                "InterventionBrowseLeafName":"Gastrointestinal Agents",
                "InterventionBrowseLeafRelevance":"low"
              },{
                "InterventionBrowseLeafId":"M15487",
                "InterventionBrowseLeafName":"Antipsychotic Agents",
                "InterventionBrowseLeafRelevance":"low"
              },{
                "InterventionBrowseLeafId":"M13057",
                "InterventionBrowseLeafName":"Psychotropic Drugs",
                "InterventionBrowseLeafRelevance":"low"
              },{
                "InterventionBrowseLeafId":"M14095",
                "InterventionBrowseLeafName":"Serotonin",
                "InterventionBrowseLeafRelevance":"low"
              },{
                "InterventionBrowseLeafId":"M18232",
                "InterventionBrowseLeafName":"Serotonin Uptake Inhibitors",
                "InterventionBrowseLeafRelevance":"low"
              },{
                "InterventionBrowseLeafId":"M19088",
                "InterventionBrowseLeafName":"Neurotransmitter Agents",
                "InterventionBrowseLeafRelevance":"low"
              }
            ]
          },
          "InterventionBrowseBranchList":{
            "InterventionBrowseBranch":[
              {
                "InterventionBrowseBranchAbbrev":"AnEm",
                "InterventionBrowseBranchName":"Antiemetics"
              },{
                "InterventionBrowseBranchAbbrev":"CNSDep",
                "InterventionBrowseBranchName":"Central Nervous System Depressants"
              },{
                "InterventionBrowseBranchAbbrev":"PsychDr",
                "InterventionBrowseBranchName":"Psychotropic Drugs"
              },{
                "InterventionBrowseBranchAbbrev":"Gast",
                "InterventionBrowseBranchName":"Gastrointestinal Agents"
              },{
                "InterventionBrowseBranchAbbrev":"All",
                "InterventionBrowseBranchName":"All Drugs and Chemicals"
              }
            ]
          }
        }
      }
    }
  }
}

