{
  "FullStudy":{
    "Rank":367280,
    "Study":{
      "ProtocolSection":{
        "IdentificationModule":{
          "NCTId":"NCT00033397",
          "OrgStudyIdInfo":{
            "OrgStudyId":"CALGB-150007"
          },
          "SecondaryIdInfoList":{
            "SecondaryIdInfo":[
              {
                "SecondaryId":"CALGB-150007"
              },{
                "SecondaryId":"CDR0000069280",
                "SecondaryIdType":"Registry Identifier",
                "SecondaryIdDomain":"NCI Physician Data Query"
              }
            ]
          },
          "Organization":{
            "OrgFullName":"Alliance for Clinical Trials in Oncology",
            "OrgClass":"OTHER"
          },
          "BriefTitle":"Diagnostic Procedures in Women With Locally Advanced Breast Cancer Who Are Receiving Chemotherapy Before Breast Cancer Surgery",
          "OfficialTitle":"Contrast-Enhanced Breast MRI, MRS, And Correlative Science Studies To Characterize Tumor Response In Patients Undergoing Neoadjuvant Treatment For Locally Advanced Breast Cancer"
        },
        "StatusModule":{
          "StatusVerifiedDate":"July 2017",
          "OverallStatus":"Completed",
          "ExpandedAccessInfo":{
            "HasExpandedAccess":"No"
          },
          "StartDateStruct":{
            "StartDate":"February 2002"
          },
          "PrimaryCompletionDateStruct":{
            "PrimaryCompletionDate":"May 2012",
            "PrimaryCompletionDateType":"Actual"
          },
          "CompletionDateStruct":{
            "CompletionDate":"May 1, 2012",
            "CompletionDateType":"Actual"
          },
          "StudyFirstSubmitDate":"April 9, 2002",
          "StudyFirstSubmitQCDate":"January 26, 2003",
          "StudyFirstPostDateStruct":{
            "StudyFirstPostDate":"January 27, 2003",
            "StudyFirstPostDateType":"Estimate"
          },
          "LastUpdateSubmitDate":"July 11, 2017",
          "LastUpdatePostDateStruct":{
            "LastUpdatePostDate":"July 13, 2017",
            "LastUpdatePostDateType":"Actual"
          }
        },
        "SponsorCollaboratorsModule":{
          "ResponsibleParty":{
            "ResponsiblePartyType":"Sponsor"
          },
          "LeadSponsor":{
            "LeadSponsorName":"Alliance for Clinical Trials in Oncology",
            "LeadSponsorClass":"OTHER"
          },
          "CollaboratorList":{
            "Collaborator":[
              {
                "CollaboratorName":"National Cancer Institute (NCI)",
                "CollaboratorClass":"NIH"
              }
            ]
          }
        },
        "OversightModule":{
          "OversightHasDMC":"No"
        },
        "DescriptionModule":{
          "BriefSummary":"RATIONALE: Comparing results of diagnostic procedures performed before, during, and after chemotherapy may help doctors predict a patient's response to treatment and help plan the most effective treatment.\n\nPURPOSE: Diagnostic trial to study magnetic resonance imaging (MRI) and biomarkers in women who are receiving chemotherapy before surgery for locally advanced breast cancer.",
          "DetailedDescription":"OBJECTIVES:\n\nPrimary\n\nSupport accrual to the ACRIN-6657/CALGB-150012 magnetic resonance imaging (MRI) correlative science study.\nDetermine whether molecular markers, alone or in combination with MRI, at the time of diagnosis or early in the course of therapy, predict 3-year disease-free survival (DFS) in women with locally advanced breast cancer who are receiving neoadjuvant chemotherapy.\nIdentify two groups of participants who have statistically different 3-year DFS, based on 1 or more biomarkers, including MRI.\nDetermine whether biomarkers, in combination with MRI, early in the course of chemotherapy, improve the prediction of 3-year DFS and are at least as good of a predictor of DFS as residual disease at the time of surgery in these patients.\nDetermine whether molecular markers are associated with specific imaging patterns seen on MRI of these patients.\nPredict response with MRI results and marker data from cell cycle check points, proliferation, angiogenesis, hormone receptors, and molecular profiles in these patients.\n\nSecondary\n\nDetermine the molecular predictors of lack of radiologic complete response (CR) in HER-2/neu negative patients (immunohistochemistry [IHC] score of 0, 1+, 2 and fluorescence in situ hybridization [FISH] not amplified) after a neoadjuvant anthracycline-based regimen.\nDetermine the molecular predictors of lack of radiologic CR in HER-2/neu positive patients (IHC 3+ or FISH amplified > 2.0) after a neoadjuvant anthracycline-based regime followed by a taxane alone regimen or in combination with trastuzumab.\nDetermine the molecular predictors of complete magnetic resonance imaging radiologic response to a neoadjuvant anthracycline-based regimen when gene expression profiling is performed in a sequential, real-time fashion.\n\nOUTLINE: This is a diagnostic, multicenter study conducted concurrently with CALGB-150012/ACRIN-6657 imaging protocol and concurrently with neoadjuvant anthracycline-based chemotherapy.\n\nPatients receive an injection of gadopentetate dimeglumine and undergo magnetic resonance imaging (MRI) of the breast before initiation, 1-3 days after initiation, and then after completion of neoadjuvant anthracycline-based chemotherapy and prior to surgery. Patients who previously received a taxane also undergo an additional contrast-enhanced MRI scan.\n\nPatients undergo biopsies before initiation and at the time of surgery. Patients also undergo blood draws at the time of the first biopsy and prior to surgery. Serum and tissue samples are used to assess biomarkers of genetic instability, cell cycle progression and cellular proliferation as predictors for anthracycline responsiveness, markers of apoptotic potential as predictors for taxane responsiveness in vivo, angiogenesis, hormone receptors, and molecular profiles using immunohistochemical methods.\n\nMammograms and possibly ultrasounds are performed prior to and after chemotherapy (before surgery).\n\nPatients are followed every 6 months for 5 years and then annually for up to 10 years.\n\nPROJECTED ACCRUAL: A total of 384 patients will be accrued for this study within 3 years."
        },
        "ConditionsModule":{
          "ConditionList":{
            "Condition":[
              "Breast Cancer"
            ]
          },
          "KeywordList":{
            "Keyword":[
              "stage II breast cancer",
              "stage IV breast cancer",
              "stage IIIA breast cancer",
              "stage IIIB breast cancer",
              "stage IIIC breast cancer",
              "inflammatory breast cancer"
            ]
          }
        },
        "DesignModule":{
          "StudyType":"Observational",
          "PatientRegistry":"No",
          "DesignInfo":{
            "DesignObservationalModelList":{
              "DesignObservationalModel":[
                "Cohort"
              ]
            },
            "DesignTimePerspectiveList":{
              "DesignTimePerspective":[
                "Prospective"
              ]
            }
          },
          "EnrollmentInfo":{
            "EnrollmentCount":"360",
            "EnrollmentType":"Actual"
          }
        },
        "ArmsInterventionsModule":{
          "ArmGroupList":{
            "ArmGroup":[
              {
                "ArmGroupLabel":"Arm A",
                "ArmGroupDescription":"Patients receive an injection of gadopentetate dimeglumine and undergo magnetic resonance imaging (MRI) of the breast before initiation, 1-3 days after initiation, and then after completion of neoadjuvant anthracycline-based chemotherapy and prior to surgery. Patients who previously received a taxane also undergo an additional contrast-enhanced MRI scan.\n\nMammograms and possibly ultrasounds are performed prior to and after chemotherapy (before surgery).\n\nPatients are followed every 6 months for 5 years and then annually for up to 10 years.",
                "ArmGroupInterventionList":{
                  "ArmGroupInterventionName":[
                    "Procedure: biopsy",
                    "Procedure: magnetic resonance imaging",
                    "Procedure: radiomammography",
                    "Procedure: ultrasound imaging",
                    "Radiation: gadopentetate dimeglumine",
                    "Drug: chemotherapy"
                  ]
                }
              }
            ]
          },
          "InterventionList":{
            "Intervention":[
              {
                "InterventionType":"Procedure",
                "InterventionName":"biopsy",
                "InterventionArmGroupLabelList":{
                  "InterventionArmGroupLabel":[
                    "Arm A"
                  ]
                }
              },{
                "InterventionType":"Procedure",
                "InterventionName":"magnetic resonance imaging",
                "InterventionArmGroupLabelList":{
                  "InterventionArmGroupLabel":[
                    "Arm A"
                  ]
                }
              },{
                "InterventionType":"Procedure",
                "InterventionName":"radiomammography",
                "InterventionArmGroupLabelList":{
                  "InterventionArmGroupLabel":[
                    "Arm A"
                  ]
                }
              },{
                "InterventionType":"Procedure",
                "InterventionName":"ultrasound imaging",
                "InterventionArmGroupLabelList":{
                  "InterventionArmGroupLabel":[
                    "Arm A"
                  ]
                }
              },{
                "InterventionType":"Radiation",
                "InterventionName":"gadopentetate dimeglumine",
                "InterventionArmGroupLabelList":{
                  "InterventionArmGroupLabel":[
                    "Arm A"
                  ]
                }
              },{
                "InterventionType":"Drug",
                "InterventionName":"chemotherapy",
                "InterventionArmGroupLabelList":{
                  "InterventionArmGroupLabel":[
                    "Arm A"
                  ]
                }
              }
            ]
          }
        },
        "OutcomesModule":{
          "PrimaryOutcomeList":{
            "PrimaryOutcome":[
              {
                "PrimaryOutcomeMeasure":"response",
                "PrimaryOutcomeTimeFrame":"Up to 5 years"
              }
            ]
          }
        },
        "EligibilityModule":{
          "EligibilityCriteria":"DISEASE CHARACTERISTICS:\n\nHistologically confirmed newly diagnosed adenocarcinoma of the breast by core needle biopsy, incisional biopsy, or fine needle aspiration (FNA)\n\nIncisional biopsy must result in < 10% removal of gross residual disease\n\nMeasurable disease\n\nAt least 1 unidimensionally measurable lesion ≥ 20 mm by conventional techniques OR ≥ 10 mm by spiral CT scan OR\nNonmeasurable disease\n\nMeets one of the following staging criteria:\n\nStage II or III disease\nT4, any N, M0, including clinical or pathologic inflammatory disease\nRegional stage IV disease where supraclavicular/infraclavicular lymph nodes are only site of metastasis\nNo clinical or imaging evidence of distant metastasis\nMetaplastic carcinomas allowed\nSynchronous bilateral primaries allowed if the more advanced tumor meets staging criteria\nPatients for whom FNA was used to confirm initial diagnosis must have histologically confirmed invasive carcinoma by the start of chemotherapy\nHer-2/neu status known\nCurrently receiving neoadjuvant chemotherapy consisting of a taxane-based regimen alone or followed by an anthracycline-based regimen\nConcurrent enrollment in the ACRIN-6657/CALGB-150012 imaging protocol required\n\nHormone receptor status:\n\nAny estrogen receptor or progesterone receptor status\n\nPATIENT CHARACTERISTICS:\n\nAge\n\n18 and over\n\nSex\n\nFemale Cardiovascular\nNo uncontrolled or severe cardiovascular disease\n\nOther\n\nNot pregnant or nursing\nNegative pregnancy test\n\nNo ferromagnetic prostheses including the following:\n\nMetallic implants not compatible with a magnetic resonance imaging machine\nHeart valves\nAneurysm clips\nOrthopedic prosthesis\nAny metallic fragments anywhere in the body\n\nPRIOR CONCURRENT THERAPY:\n\nChemotherapy\n\nSee Disease Characteristics\nNo prior chemotherapy to the ipsilateral breast for this malignancy\n\nEndocrine therapy\n\nAt least 4 weeks since prior tamoxifen or raloxifene\n\nRadiotherapy\n\nNo prior radiotherapy to the ipsilateral breast for this malignancy\n\nOther\n\nNo other prior cytotoxic regimens",
          "HealthyVolunteers":"No",
          "Gender":"Female",
          "MinimumAge":"18 Years",
          "StdAgeList":{
            "StdAge":[
              "Adult",
              "Older Adult"
            ]
          }
        },
        "ContactsLocationsModule":{
          "OverallOfficialList":{
            "OverallOfficial":[
              {
                "OverallOfficialName":"Laura J. Esserman, MD, MBA",
                "OverallOfficialAffiliation":"University of California, San Francisco",
                "OverallOfficialRole":"Study Chair"
              }
            ]
          },
          "LocationList":{
            "Location":[
              {
                "LocationFacility":"UCSF Helen Diller Family Comprehensive Cancer Center",
                "LocationCity":"San Francisco",
                "LocationState":"California",
                "LocationZip":"94115",
                "LocationCountry":"United States"
              },{
                "LocationFacility":"University of Chicago Cancer Research Center",
                "LocationCity":"Chicago",
                "LocationState":"Illinois",
                "LocationZip":"60637-1470",
                "LocationCountry":"United States"
              },{
                "LocationFacility":"Masonic Cancer Center at University of Minnesota",
                "LocationCity":"Minneapolis",
                "LocationState":"Minnesota",
                "LocationZip":"55455",
                "LocationCountry":"United States"
              },{
                "LocationFacility":"Memorial Sloan-Kettering Cancer Center",
                "LocationCity":"New York",
                "LocationState":"New York",
                "LocationZip":"10065",
                "LocationCountry":"United States"
              },{
                "LocationFacility":"Lineberger Comprehensive Cancer Center at University of North Carolina - Chapel Hill",
                "LocationCity":"Chapel Hill",
                "LocationState":"North Carolina",
                "LocationZip":"27599-7295",
                "LocationCountry":"United States"
              }
            ]
          }
        },
        "ReferencesModule":{
          "ReferenceList":{
            "Reference":[
              {
                "ReferenceType":"background",
                "ReferenceCitation":"Carey LA, Oh D, Sawyer L, et al.: Gene expression subtype and p53 mutational status are correlated among neoadjuvantly treated breast cancers in UNC LCCC9819 and I-SPY1 (CALGB 150007/ACRIN 6657). [Abstract] J Clin Oncol 24 (Suppl 18): A-10048, 552s, 2006."
              },{
                "ReferencePMID":"22198468",
                "ReferenceType":"result",
                "ReferenceCitation":"Esserman LJ, Berry DA, Cheang MC, Yau C, Perou CM, Carey L, DeMichele A, Gray JW, Conway-Dorsey K, Lenburg ME, Buxton MB, Davis SE, van't Veer LJ, Hudis C, Chin K, Wolf D, Krontiras H, Montgomery L, Tripathy D, Lehman C, Liu MC, Olopade OI, Rugo HS, Carpenter JT, Livasy C, Dressler L, Chhieng D, Singh B, Mies C, Rabban J, Chen YY, Giri D, Au A, Hylton N; I-SPY 1 TRIAL Investigators. Chemotherapy response and recurrence-free survival in neoadjuvant breast cancer depends on biomarker profiles: results from the I-SPY 1 TRIAL (CALGB 150007/150012; ACRIN 6657). Breast Cancer Res Treat. 2012 Apr;132(3):1049-62. doi: 10.1007/s10549-011-1895-2. Epub 2011 Dec 25."
              },{
                "ReferencePMID":"22649152",
                "ReferenceType":"result",
                "ReferenceCitation":"Esserman LJ, Berry DA, DeMichele A, Carey L, Davis SE, Buxton M, Hudis C, Gray JW, Perou C, Yau C, Livasy C, Krontiras H, Montgomery L, Tripathy D, Lehman C, Liu MC, Olopade OI, Rugo HS, Carpenter JT, Dressler L, Chhieng D, Singh B, Mies C, Rabban J, Chen YY, Giri D, van 't Veer L, Hylton N. Pathologic complete response predicts recurrence-free survival more effectively by cancer subset: results from the I-SPY 1 TRIAL--CALGB 150007/150012, ACRIN 6657. J Clin Oncol. 2012 Sep 10;30(26):3242-9. doi: 10.1200/JCO.2011.39.2779. Epub 2012 May 29."
              },{
                "ReferencePMID":"21796368",
                "ReferenceType":"result",
                "ReferenceCitation":"Lin C, Buxton MB, Moore D, Krontiras H, Carey L, DeMichele A, Montgomery L, Tripathy D, Lehman C, Liu M, Olapade O, Yau C, Berry D, Esserman LJ; I-SPY TRIAL Investigators. Locally advanced breast cancers are more likely to present as Interval Cancers: results from the I-SPY 1 TRIAL (CALGB 150007/150012, ACRIN 6657, InterSPORE Trial). Breast Cancer Res Treat. 2012 Apr;132(3):871-9. doi: 10.1007/s10549-011-1670-4. Epub 2011 Jul 28."
              },{
                "ReferenceType":"result",
                "ReferenceCitation":"Esserman LJ, Perou C, Cheang M, et al.: Breast cancer molecular profiles and tumor response of neoadjuvant doxorubicin and paclitaxel: The I-SPY TRIAL (CALGB 150007/150012, ACRIN 6657). [Abstract] J Clin Oncol 27 (Suppl 15): A-LBA515, 2009."
              },{
                "ReferenceType":"result",
                "ReferenceCitation":"Hylton N, Blume J, Gatsonis C, et al.: MRI tumor volume for predicting response to neoadjuvant chemotherapy in locally advanced breast cancer: findings from ACRIN 6657/CALGB 150007. [Abstract] J Clin Oncol 27 (Suppl 15): A-529, 2009."
              },{
                "ReferenceType":"result",
                "ReferenceCitation":"Lin C, Moore D, DeMichele A, et al.: Detection of locally advanced breast cancer in the I-SPY TRIAL (CALGB 150007/150012, ACRIN 6657) in the interval between routine screening. [Abstract] J Clin Oncol 27 (Suppl 15): A-1503, 2009."
              },{
                "ReferenceType":"result",
                "ReferenceCitation":"Pradhan SM, Carey L, Edmiston S, et al.: P53 mutation and differential response to neoadjuvant chemotherapy in women with locally advanced breast cancer: results from the I-SPY trial (CALGB 150007/1500012 and ACRIN 6657). [Abstract] J Clin Oncol 27 (Suppl 15): A-11099, 2009."
              },{
                "ReferenceType":"result",
                "ReferenceCitation":"Van 't Veer LJ, Das D, DeMichele A, et al.: Neoadjuvant response in the context of a biologically defined low or high risk tumor has a different clinical consequence, the I-SPY trial (CALGB 150007/150012, ACRIN 6657). [Abstract] 32nd Annual San Antonio Breast Cancer Symposium, December 9-13, 2009, San Antonio, Texas. A-2003, 2009."
              },{
                "ReferenceType":"result",
                "ReferenceCitation":"Wolf DM, Das D, Lenburg ME, et al.: From the lab to the clinic: gene-expression profiles that are associated with Mek-inhibitor sensitivity in vitro are coordinately co-expressed in breast cancer biopsy samples from the I-SPY Trial (CALGB 150007/150012, ACRIN 6657). [Abstract] 32nd Annual San Antonio Breast Cancer Symposium, December 9-13, 2009, San Antonio, Texas. A-2042, 2009."
              },{
                "ReferenceType":"result",
                "ReferenceCitation":"Esserman LJ, van't Veer LJ, Perou C, et al.: Biology of breast cancers that present as interval cancers and at young age should inform how we approach early detection and prevention. [Abstract] 31st Annual San Antonio Breast Cancer Symposium, December 10-14, 2008, San Antonio, Texas. A-6034, 2008."
              },{
                "ReferenceType":"result",
                "ReferenceCitation":"Gomez RE, Zakhireh J, Moore D, et al.: Sentinel node biopsy performed in the neoadjuvant setting for breast cancer: results from the I-SPY TRIAL (CALGB 150007/150012 & ACRIN 6657). [Abstract] 31st Annual San Antonio Breast Cancer Symposium, December 10-14, 2008, San Antonio, Texas. A-202, 2008."
              },{
                "ReferenceType":"result",
                "ReferenceCitation":"Livasy C, Carey L, DeMichele A, et al.: Influence of anthracycline- and taxane-based neoadjuvant chemotherapy on tumor HER2 protein expression in locally advanced breast cancers: results from the I-SPY TRIAL (CALGB 150007/150012 & ACRIN 6657). [Abstract] 31st Annual San Antonio Breast Cancer Symposium, December 10-14, 2008, San Antonio, Texas. A-703, 2008."
              },{
                "ReferenceType":"result",
                "ReferenceCitation":"Livasy C, Carey L, DeMichele A, et al.: Biomarkers associated with pathologic complete response to neoadjuvant chemotherapy in women with locally advanced breast cancer: results from the I-SPY TRIAL (CALGB 150007/150012 & ACRIN 6657). [Abstract] 31st Annual San Antonio Breast Cancer Symposium, December 10-14, 2008, San Antonio, Texas. A-5102, 2008."
              },{
                "ReferenceType":"result",
                "ReferenceCitation":"Conway K, Edmiston SN, Tolbert D, et al.: Preliminary evaluation of p53 mutation type, tumor characteristics and clinical response among neoadjuvantly treated breast cancer patients in I-SPY1 (CALGB 150007/ACRIN 6657). [Abstract] Breast Cancer Res Treat 100 (Suppl 1): A-3029, S134, 2006."
              },{
                "ReferencePMID":"26021444",
                "ReferenceType":"derived",
                "ReferenceCitation":"Magbanua MJ, Wolf DM, Yau C, Davis SE, Crothers J, Au A, Haqq CM, Livasy C, Rugo HS; I-SPY 1 TRIAL Investigators, Esserman L, Park JW, van 't Veer LJ. Serial expression analysis of breast tumors during neoadjuvant chemotherapy reveals changes in cell cycle and immune pathways associated with recurrence and response. Breast Cancer Res. 2015 May 29;17:73. doi: 10.1186/s13058-015-0582-3."
              }
            ]
          }
        }
      },
      "DerivedSection":{
        "MiscInfoModule":{
          "VersionHolder":"April 19, 2021"
        },
        "ConditionBrowseModule":{
          "ConditionMeshList":{
            "ConditionMesh":[
              {
                "ConditionMeshId":"D000001943",
                "ConditionMeshTerm":"Breast Neoplasms"
              }
            ]
          },
          "ConditionAncestorList":{
            "ConditionAncestor":[
              {
                "ConditionAncestorId":"D000009371",
                "ConditionAncestorTerm":"Neoplasms by Site"
              },{
                "ConditionAncestorId":"D000009369",
                "ConditionAncestorTerm":"Neoplasms"
              },{
                "ConditionAncestorId":"D000001941",
                "ConditionAncestorTerm":"Breast Diseases"
              },{
                "ConditionAncestorId":"D000012871",
                "ConditionAncestorTerm":"Skin Diseases"
              }
            ]
          },
          "ConditionBrowseLeafList":{
            "ConditionBrowseLeaf":[
              {
                "ConditionBrowseLeafId":"M3802",
                "ConditionBrowseLeafName":"Breast Neoplasms",
                "ConditionBrowseLeafAsFound":"Breast Cancer",
                "ConditionBrowseLeafRelevance":"high"
              },{
                "ConditionBrowseLeafId":"M10493",
                "ConditionBrowseLeafName":"Mitral Valve Insufficiency",
                "ConditionBrowseLeafRelevance":"low"
              },{
                "ConditionBrowseLeafId":"M27882",
                "ConditionBrowseLeafName":"Inflammatory Breast Neoplasms",
                "ConditionBrowseLeafRelevance":"low"
              },{
                "ConditionBrowseLeafId":"M3800",
                "ConditionBrowseLeafName":"Breast Diseases",
                "ConditionBrowseLeafRelevance":"low"
              },{
                "ConditionBrowseLeafId":"M14257",
                "ConditionBrowseLeafName":"Skin Diseases",
                "ConditionBrowseLeafRelevance":"low"
              },{
                "ConditionBrowseLeafId":"T3067",
                "ConditionBrowseLeafName":"Inflammatory Breast Cancer",
                "ConditionBrowseLeafRelevance":"low"
              }
            ]
          },
          "ConditionBrowseBranchList":{
            "ConditionBrowseBranch":[
              {
                "ConditionBrowseBranchAbbrev":"BC04",
                "ConditionBrowseBranchName":"Cancers and Other Neoplasms"
              },{
                "ConditionBrowseBranchAbbrev":"BC17",
                "ConditionBrowseBranchName":"Skin and Connective Tissue Diseases"
              },{
                "ConditionBrowseBranchAbbrev":"All",
                "ConditionBrowseBranchName":"All Conditions"
              },{
                "ConditionBrowseBranchAbbrev":"BC14",
                "ConditionBrowseBranchName":"Heart and Blood Diseases"
              },{
                "ConditionBrowseBranchAbbrev":"Rare",
                "ConditionBrowseBranchName":"Rare Diseases"
              }
            ]
          }
        },
        "InterventionBrowseModule":{
          "InterventionBrowseLeafList":{
            "InterventionBrowseLeaf":[
              {
                "InterventionBrowseLeafId":"M151505",
                "InterventionBrowseLeafName":"Taxane",
                "InterventionBrowseLeafRelevance":"low"
              }
            ]
          },
          "InterventionBrowseBranchList":{
            "InterventionBrowseBranch":[
              {
                "InterventionBrowseBranchAbbrev":"ANeo",
                "InterventionBrowseBranchName":"Antineoplastic Agents"
              },{
                "InterventionBrowseBranchAbbrev":"All",
                "InterventionBrowseBranchName":"All Drugs and Chemicals"
              }
            ]
          }
        }
      }
    }
  }
}

