{
  "FullStudy":{
    "Rank":367516,
    "Study":{
      "ProtocolSection":{
        "IdentificationModule":{
          "NCTId":"NCT00030121",
          "OrgStudyIdInfo":{
            "OrgStudyId":"SPI-001"
          },
          "Organization":{
            "OrgFullName":"Suntory Pharmaceutical",
            "OrgClass":"INDUSTRY"
          },
          "BriefTitle":"Carperitide in Acute Respiratory Distress Syndrome (ARDS)",
          "OfficialTitle":"A Phase II, Multicenter, Randomized, Double-Blind, Placebo-Controlled, Parallel-Group, Dose-Ranging Evaluation of the Safety and Efficacy of Carperitide Infusion in Patients With ARDS"
        },
        "StatusModule":{
          "StatusVerifiedDate":"February 2008",
          "OverallStatus":"Completed",
          "StartDateStruct":{
            "StartDate":"December 1999"
          },
          "StudyFirstSubmitDate":"January 31, 2002",
          "StudyFirstSubmitQCDate":"January 31, 2002",
          "StudyFirstPostDateStruct":{
            "StudyFirstPostDate":"February 1, 2002",
            "StudyFirstPostDateType":"Estimate"
          },
          "LastUpdateSubmitDate":"February 19, 2008",
          "LastUpdatePostDateStruct":{
            "LastUpdatePostDate":"February 20, 2008",
            "LastUpdatePostDateType":"Estimate"
          }
        },
        "SponsorCollaboratorsModule":{
          "LeadSponsor":{
            "LeadSponsorName":"Suntory Pharmaceutical",
            "LeadSponsorClass":"INDUSTRY"
          }
        },
        "OversightModule":{},
        "DescriptionModule":{
          "BriefSummary":"The purpose of this study is to determine whether Carperitide is safe and effective in the management of Acute Respiratory Distress Syndrome (ARDS).",
          "DetailedDescription":"Acute respiratory distress syndrome (ARDS is a severe form of acute lung injury. ARDS is characterized by an increase in pulmonary vascular permeability resulting from a non-cardiogenic cause, leading to an increased vascular water volume, pulmonary inflammation, and severe hypoxemia. Conventional therapy for ARDS is primarily respiratory management by mechanical ventilation using positive end-expiratory pressure (PEEP). Mechanical ventilation is the major management concern in patients with ARDS, due to its higher risk of infections and morbidity. Treatment with Carperitide may reduce time on the ventilator by reducing pulmonary edema and by improving gas exchange. The results of Carperitide studies in animals and humans support the idea that the hormone will be effective in managing the acute pulmonary complications and hypoxemia seen in ARDS."
        },
        "ConditionsModule":{
          "ConditionList":{
            "Condition":[
              "Respiratory Distress Syndrome"
            ]
          },
          "KeywordList":{
            "Keyword":[
              "Acute Respiratory Distress",
              "Acute Lung Injury"
            ]
          }
        },
        "DesignModule":{
          "StudyType":"Interventional",
          "PhaseList":{
            "Phase":[
              "Phase 2"
            ]
          },
          "DesignInfo":{
            "DesignAllocation":"Randomized",
            "DesignInterventionModel":"Parallel Assignment",
            "DesignPrimaryPurpose":"Treatment",
            "DesignMaskingInfo":{
              "DesignMasking":"Double"
            }
          }
        },
        "ArmsInterventionsModule":{
          "InterventionList":{
            "Intervention":[
              {
                "InterventionType":"Drug",
                "InterventionName":"recombinant human atrial natriuretic polypeptide"
              }
            ]
          }
        },
        "EligibilityModule":{
          "EligibilityCriteria":"Inclusion:\n\nIn order to participate in the study, patients must:\n\nbe 18 years or older\nhave an acceptable PF ratio\nhave adequate fluid volume\nbe intubated less than 7 days\n\nExclusion:\n\nIn order to participate in the study, patients must not meet any of the following criteria:\n\nbe moribund\nbe immunocompromised\nhave pneumonia (caused by Pneumocystis carinii)\nhave recieved another investigational drug or device within the last 30 days\nhave a Do not Resuscitate order",
          "HealthyVolunteers":"No",
          "Gender":"All",
          "MinimumAge":"18 Years",
          "StdAgeList":{
            "StdAge":[
              "Adult",
              "Older Adult"
            ]
          }
        }
      },
      "DerivedSection":{
        "MiscInfoModule":{
          "VersionHolder":"April 19, 2021"
        },
        "ConditionBrowseModule":{
          "ConditionMeshList":{
            "ConditionMesh":[
              {
                "ConditionMeshId":"D000012127",
                "ConditionMeshTerm":"Respiratory Distress Syndrome, Newborn"
              },{
                "ConditionMeshId":"D000012128",
                "ConditionMeshTerm":"Respiratory Distress Syndrome, Adult"
              },{
                "ConditionMeshId":"D000013577",
                "ConditionMeshTerm":"Syndrome"
              }
            ]
          },
          "ConditionAncestorList":{
            "ConditionAncestor":[
              {
                "ConditionAncestorId":"D000004194",
                "ConditionAncestorTerm":"Disease"
              },{
                "ConditionAncestorId":"D000010335",
                "ConditionAncestorTerm":"Pathologic Processes"
              },{
                "ConditionAncestorId":"D000008171",
                "ConditionAncestorTerm":"Lung Diseases"
              },{
                "ConditionAncestorId":"D000012140",
                "ConditionAncestorTerm":"Respiratory Tract Diseases"
              },{
                "ConditionAncestorId":"D000012120",
                "ConditionAncestorTerm":"Respiration Disorders"
              },{
                "ConditionAncestorId":"D000007235",
                "ConditionAncestorTerm":"Infant, Premature, Diseases"
              },{
                "ConditionAncestorId":"D000007232",
                "ConditionAncestorTerm":"Infant, Newborn, Diseases"
              }
            ]
          },
          "ConditionBrowseLeafList":{
            "ConditionBrowseLeaf":[
              {
                "ConditionBrowseLeafId":"M14938",
                "ConditionBrowseLeafName":"Syndrome",
                "ConditionBrowseLeafAsFound":"Syndrome",
                "ConditionBrowseLeafRelevance":"high"
              },{
                "ConditionBrowseLeafId":"M26730",
                "ConditionBrowseLeafName":"Lung Injury",
                "ConditionBrowseLeafRelevance":"low"
              },{
                "ConditionBrowseLeafId":"M13547",
                "ConditionBrowseLeafName":"Respiratory Distress Syndrome, Newborn",
                "ConditionBrowseLeafAsFound":"Respiratory Distress Syndrome",
                "ConditionBrowseLeafRelevance":"high"
              },{
                "ConditionBrowseLeafId":"M13548",
                "ConditionBrowseLeafName":"Respiratory Distress Syndrome, Adult",
                "ConditionBrowseLeafAsFound":"Respiratory Distress Syndrome",
                "ConditionBrowseLeafRelevance":"high"
              },{
                "ConditionBrowseLeafId":"M26731",
                "ConditionBrowseLeafName":"Acute Lung Injury",
                "ConditionBrowseLeafRelevance":"low"
              },{
                "ConditionBrowseLeafId":"M9751",
                "ConditionBrowseLeafName":"Lung Diseases",
                "ConditionBrowseLeafRelevance":"low"
              },{
                "ConditionBrowseLeafId":"M13560",
                "ConditionBrowseLeafName":"Respiratory Tract Diseases",
                "ConditionBrowseLeafRelevance":"low"
              },{
                "ConditionBrowseLeafId":"M13540",
                "ConditionBrowseLeafName":"Respiration Disorders",
                "ConditionBrowseLeafRelevance":"low"
              },{
                "ConditionBrowseLeafId":"M24456",
                "ConditionBrowseLeafName":"Premature Birth",
                "ConditionBrowseLeafRelevance":"low"
              },{
                "ConditionBrowseLeafId":"M8862",
                "ConditionBrowseLeafName":"Infant, Premature, Diseases",
                "ConditionBrowseLeafRelevance":"low"
              },{
                "ConditionBrowseLeafId":"M8859",
                "ConditionBrowseLeafName":"Infant, Newborn, Diseases",
                "ConditionBrowseLeafRelevance":"low"
              },{
                "ConditionBrowseLeafId":"T4927",
                "ConditionBrowseLeafName":"Respiratory Distress Syndrome, Infant",
                "ConditionBrowseLeafAsFound":"Respiratory Distress Syndrome",
                "ConditionBrowseLeafRelevance":"high"
              },{
                "ConditionBrowseLeafId":"T192",
                "ConditionBrowseLeafName":"Acute Respiratory Distress Syndrome",
                "ConditionBrowseLeafAsFound":"Respiratory Distress Syndrome",
                "ConditionBrowseLeafRelevance":"high"
              }
            ]
          },
          "ConditionBrowseBranchList":{
            "ConditionBrowseBranch":[
              {
                "ConditionBrowseBranchAbbrev":"BC23",
                "ConditionBrowseBranchName":"Symptoms and General Pathology"
              },{
                "ConditionBrowseBranchAbbrev":"All",
                "ConditionBrowseBranchName":"All Conditions"
              },{
                "ConditionBrowseBranchAbbrev":"BC08",
                "ConditionBrowseBranchName":"Respiratory Tract (Lung and Bronchial) Diseases"
              },{
                "ConditionBrowseBranchAbbrev":"BC26",
                "ConditionBrowseBranchName":"Wounds and Injuries"
              },{
                "ConditionBrowseBranchAbbrev":"BC16",
                "ConditionBrowseBranchName":"Diseases and Abnormalities at or Before Birth"
              },{
                "ConditionBrowseBranchAbbrev":"BXS",
                "ConditionBrowseBranchName":"Urinary Tract, Sexual Organs, and Pregnancy Conditions"
              },{
                "ConditionBrowseBranchAbbrev":"Rare",
                "ConditionBrowseBranchName":"Rare Diseases"
              }
            ]
          }
        },
        "InterventionBrowseModule":{
          "InterventionMeshList":{
            "InterventionMesh":[
              {
                "InterventionMeshId":"C000040651",
                "InterventionMeshTerm":"Cardiodilatin"
              }
            ]
          },
          "InterventionAncestorList":{
            "InterventionAncestor":[
              {
                "InterventionAncestorId":"D000014665",
                "InterventionAncestorTerm":"Vasodilator Agents"
              }
            ]
          },
          "InterventionBrowseLeafList":{
            "InterventionBrowseLeaf":[
              {
                "InterventionBrowseLeafId":"M102680",
                "InterventionBrowseLeafName":"Cardiodilatin",
                "InterventionBrowseLeafAsFound":"W/m2",
                "InterventionBrowseLeafRelevance":"high"
              },{
                "InterventionBrowseLeafId":"M15995",
                "InterventionBrowseLeafName":"Vasodilator Agents",
                "InterventionBrowseLeafRelevance":"low"
              }
            ]
          },
          "InterventionBrowseBranchList":{
            "InterventionBrowseBranch":[
              {
                "InterventionBrowseBranchAbbrev":"VaDiAg",
                "InterventionBrowseBranchName":"Vasodilator Agents"
              },{
                "InterventionBrowseBranchAbbrev":"All",
                "InterventionBrowseBranchName":"All Drugs and Chemicals"
              }
            ]
          }
        }
      }
    }
  }
}

