{
  "FullStudy":{
    "Rank":367276,
    "Study":{
      "ProtocolSection":{
        "IdentificationModule":{
          "NCTId":"NCT00033449",
          "OrgStudyIdInfo":{
            "OrgStudyId":"NCI-2012-02462"
          },
          "SecondaryIdInfoList":{
            "SecondaryIdInfo":[
              {
                "SecondaryId":"UCHSC-01460"
              },{
                "SecondaryId":"CDR0000069284",
                "SecondaryIdType":"Registry Identifier",
                "SecondaryIdDomain":"PDQ (Physician Data Query)"
              }
            ]
          },
          "Organization":{
            "OrgFullName":"National Cancer Institute (NCI)",
            "OrgClass":"NIH"
          },
          "BriefTitle":"Gefitinib and Radiation Therapy With or Without Cisplatin in Treating Patients With Stage III or Stage IV Head and Neck Cancer",
          "OfficialTitle":"A Phase I Study Of ZD 1839 In Combination With Radiation And Chemotherapy In Locally Advanced Squamous Cell Carcinoma Of The Head And Neck"
        },
        "StatusModule":{
          "StatusVerifiedDate":"January 2013",
          "OverallStatus":"Terminated",
          "WhyStopped":"Administratively complete.",
          "ExpandedAccessInfo":{
            "HasExpandedAccess":"No"
          },
          "StartDateStruct":{
            "StartDate":"February 2002"
          },
          "PrimaryCompletionDateStruct":{
            "PrimaryCompletionDate":"April 2010",
            "PrimaryCompletionDateType":"Actual"
          },
          "StudyFirstSubmitDate":"April 9, 2002",
          "StudyFirstSubmitQCDate":"January 26, 2003",
          "StudyFirstPostDateStruct":{
            "StudyFirstPostDate":"January 27, 2003",
            "StudyFirstPostDateType":"Estimate"
          },
          "LastUpdateSubmitDate":"January 24, 2013",
          "LastUpdatePostDateStruct":{
            "LastUpdatePostDate":"January 25, 2013",
            "LastUpdatePostDateType":"Estimate"
          }
        },
        "SponsorCollaboratorsModule":{
          "ResponsibleParty":{
            "ResponsiblePartyType":"Sponsor"
          },
          "LeadSponsor":{
            "LeadSponsorName":"National Cancer Institute (NCI)",
            "LeadSponsorClass":"NIH"
          }
        },
        "OversightModule":{},
        "DescriptionModule":{
          "BriefSummary":"This phase I trial is studying the side effects and best dose of gefitinib when given together with radiation therapy with or without cisplatin in treating patients with stage III or stage IV head and neck cancer. Biological therapies such as gefitinib may interfere with the growth of tumor cells and slow the growth of cancer. Radiation therapy uses high-energy x-rays to damage tumor cells. Drugs used in chemotherapy use different ways to stop tumor cells from dividing so they stop growing or die. Combining gefitinib and radiation therapy with cisplatin may kill more tumor cells",
          "DetailedDescription":"PRIMARY OBJECTIVES:\n\nI. To establish the safety profile of daily oral administration of ZD1839 (\"Iressa\", AstraZeneca, Inc.) that can be given with concurrent irradiation alone or combined concurrently with weekly cisplatin in previously untreated patients with locally advanced HNSCC, AJCC clinical stage III-IVB, deemed not suitable for surgery. Hence, the maximum-tolerated dose of ZD1839 will be determined.\n\nII. To delineate and quantitate any dose-dependent local and or systemic toxicities of ZD1839 given concurrently with irradiation or combined concurrently with weekly cisplatin to patients with locally advanced, HNSCC, AJCC stage III-IVB, deemed not suitable for surgery.\n\nIII. To determine the feasibility and toxicity profile of protracted continuous daily dosing of ZD1839 beginning 8 weeks after the completion of the head and neck radiation therapy for a period not to exceed 2 years.\n\nSECONDARY OBJECTIVES:\n\nI. Secondary endpoints will include determination of the response rates, relapse-free survival rates and overall survival rates for this group of patients.\n\nII. To perform correlative studies assessing the biological effects of ZD1839 within the primary tumor.\n\nOUTLINE: This is a multicenter, dose-escalation study of gefitinib.\n\nAll patients receive oral gefitinib once daily beginning at least 7 days before and continuing throughout radiotherapy or chemoradiotherapy in the absence of disease progression or unacceptable toxicity. Patients are entered into 1 of 5 levels.\n\nLevel I: Patients undergo concurrent boost radiotherapy 5 days per week comprising once daily radiotherapy for 3.5 weeks followed by twice daily radiotherapy for 2.5 weeks.\n\nLevel II: Patients receive escalated dose of gefitinib and undergo radiotherapy as in level I.\n\nLevel III: Patients receive original dose of gefitinib, undergo standard fractionation radiotherapy comprising once daily radiotherapy 5 days per week for 7 weeks, and receive cisplatin IV over 30-60 minutes at the beginning of each week of radiotherapy.\n\nLevel IV: Patients receive escalated dose of gefitinib as in level II and undergo radiotherapy and chemotherapy as in level III.\n\nLevel V: Patients receive the maximum tolerated dose (MTD) of gefitinib, radiotherapy 5 days a week for 6 weeks, and chemotherapy as in level III.\n\nPatients with clinical or radiologic evidence of residual disease are required to undergo neck dissection approximately 8 weeks after completion of radiotherapy or chemoradiotherapy.\n\nPatients resume oral gefitinib daily beginning 8 weeks after the completion of radiotherapy or chemoradiotherapy (12 weeks for patients who undergo neck dissection) and continuing for 2 years in the absence of disease progression or unacceptable toxicity.\n\nCohorts of 3-6 patients are enrolled sequentially beginning at level I until the MTD of gefitinib is determined. The MTD is the dose preceding that at which at least 2 of 6 patients experience dose-limiting toxicity.\n\nTwelve additional patients receive the MTD of gefitinib in combination with radiotherapy with or without cisplatin.\n\nPatients are followed every 6 months for at least 5 years.\n\nPROJECTED ACCRUAL: A total of 30 patients will be accrued for this study."
        },
        "ConditionsModule":{
          "ConditionList":{
            "Condition":[
              "Stage III Squamous Cell Carcinoma of the Hypopharynx",
              "Stage III Squamous Cell Carcinoma of the Larynx",
              "Stage III Squamous Cell Carcinoma of the Lip and Oral Cavity",
              "Stage III Squamous Cell Carcinoma of the Oropharynx",
              "Stage IV Squamous Cell Carcinoma of the Hypopharynx",
              "Stage IV Squamous Cell Carcinoma of the Larynx",
              "Stage IV Squamous Cell Carcinoma of the Lip and Oral Cavity",
              "Stage IV Squamous Cell Carcinoma of the Oropharynx"
            ]
          }
        },
        "DesignModule":{
          "StudyType":"Interventional",
          "PhaseList":{
            "Phase":[
              "Phase 1"
            ]
          },
          "DesignInfo":{
            "DesignAllocation":"N/A",
            "DesignInterventionModel":"Single Group Assignment",
            "DesignPrimaryPurpose":"Treatment",
            "DesignMaskingInfo":{
              "DesignMasking":"None (Open Label)"
            }
          },
          "EnrollmentInfo":{
            "EnrollmentCount":"30",
            "EnrollmentType":"Actual"
          }
        },
        "ArmsInterventionsModule":{
          "ArmGroupList":{
            "ArmGroup":[
              {
                "ArmGroupLabel":"Treatment (gefitinib, radiation therapy, cisplatin)",
                "ArmGroupType":"Experimental",
                "ArmGroupDescription":"See detailed description.",
                "ArmGroupInterventionList":{
                  "ArmGroupInterventionName":[
                    "Drug: gefitinib",
                    "Radiation: radiation therapy",
                    "Drug: cisplatin",
                    "Other: laboratory biomarker analysis"
                  ]
                }
              }
            ]
          },
          "InterventionList":{
            "Intervention":[
              {
                "InterventionType":"Drug",
                "InterventionName":"gefitinib",
                "InterventionDescription":"Given orally",
                "InterventionArmGroupLabelList":{
                  "InterventionArmGroupLabel":[
                    "Treatment (gefitinib, radiation therapy, cisplatin)"
                  ]
                },
                "InterventionOtherNameList":{
                  "InterventionOtherName":[
                    "Iressa",
                    "ZD 1839"
                  ]
                }
              },{
                "InterventionType":"Radiation",
                "InterventionName":"radiation therapy",
                "InterventionDescription":"Undergo radiation therapy",
                "InterventionArmGroupLabelList":{
                  "InterventionArmGroupLabel":[
                    "Treatment (gefitinib, radiation therapy, cisplatin)"
                  ]
                },
                "InterventionOtherNameList":{
                  "InterventionOtherName":[
                    "irradiation",
                    "radiotherapy",
                    "therapy, radiation"
                  ]
                }
              },{
                "InterventionType":"Drug",
                "InterventionName":"cisplatin",
                "InterventionDescription":"Given IV",
                "InterventionArmGroupLabelList":{
                  "InterventionArmGroupLabel":[
                    "Treatment (gefitinib, radiation therapy, cisplatin)"
                  ]
                },
                "InterventionOtherNameList":{
                  "InterventionOtherName":[
                    "CACP",
                    "CDDP",
                    "CPDD",
                    "DDP"
                  ]
                }
              },{
                "InterventionType":"Other",
                "InterventionName":"laboratory biomarker analysis",
                "InterventionDescription":"Correlative studies",
                "InterventionArmGroupLabelList":{
                  "InterventionArmGroupLabel":[
                    "Treatment (gefitinib, radiation therapy, cisplatin)"
                  ]
                }
              }
            ]
          }
        },
        "OutcomesModule":{
          "PrimaryOutcomeList":{
            "PrimaryOutcome":[
              {
                "PrimaryOutcomeMeasure":"Incidence of grade 4 or greater mucositis as scored by the National Cancer Institute (NCI) Common Toxicity Criteria v2.0",
                "PrimaryOutcomeDescription":"Descriptive statistics (mean, median, range, standard deviation [s.d.], percentage, as appropriate) will be obtained.",
                "PrimaryOutcomeTimeFrame":"Up to 2 years"
              },{
                "PrimaryOutcomeMeasure":"Incidence of grade 4 or greater skin toxicity as scored by the NCI Common Toxicity Criteria v2.0",
                "PrimaryOutcomeDescription":"Descriptive statistics (mean, median, range, s.d., percentage, as appropriate) will be obtained.",
                "PrimaryOutcomeTimeFrame":"Up to 2 years"
              },{
                "PrimaryOutcomeMeasure":"Incidence of any other grade 4 or greater toxicity as scored by the NCI Common Toxicity Criteria v2.0",
                "PrimaryOutcomeDescription":"Descriptive statistics (mean, median, range, s.d., percentage, as appropriate) will be obtained.",
                "PrimaryOutcomeTimeFrame":"Up to 2 years"
              }
            ]
          },
          "SecondaryOutcomeList":{
            "SecondaryOutcome":[
              {
                "SecondaryOutcomeMeasure":"Primary tumor response rate as assessed by the Response Evaluation Criteria in Solid Tumors (RECIST)",
                "SecondaryOutcomeDescription":"Estimated with its 95% confidence interval.",
                "SecondaryOutcomeTimeFrame":"8 weeks"
              },{
                "SecondaryOutcomeMeasure":"Response rates as assessed by the RECIST",
                "SecondaryOutcomeDescription":"Estimated with its 95% confidence interval.",
                "SecondaryOutcomeTimeFrame":"Up to 5 years"
              },{
                "SecondaryOutcomeMeasure":"Relapse-free survival rates",
                "SecondaryOutcomeTimeFrame":"Up to 5 years"
              },{
                "SecondaryOutcomeMeasure":"Overall survival rates",
                "SecondaryOutcomeDescription":"Estimated using Kaplan-Meier curves.",
                "SecondaryOutcomeTimeFrame":"Up to 5 years"
              },{
                "SecondaryOutcomeMeasure":"Biological effects of gefitinib within the primary tumor and skin",
                "SecondaryOutcomeDescription":"Examined using linear or nonlinear mixed models. Reductions of labeling scores that are of prognostic importance will be determined by relating labeling scores to survival scores by statistical methods such as the Cox proportional hazards regression model.",
                "SecondaryOutcomeTimeFrame":"Baseline"
              }
            ]
          }
        },
        "EligibilityModule":{
          "EligibilityCriteria":"Inclusion Criteria:\n\nHistologically confirmed locally advanced squamous cell carcinoma of the head and neck involving the oral cavity, oropharynx, hypopharynx, or supraglotticor glottic larynx\n\nUnresectable disease\n\nMedically inoperable resectable disease allowed\n\nStage III or IV\n\nNo distant metastases\nOnly patients with intermediate stage disease (T1-2, N1-N2a or T3, N0-1) are eligible for radiotherapy alone with gefitinib\nPerformance status - ECOG 0-2\nPerformance status - Karnofsky 60-100%\nMore than 6 months\nWBC at least 3,000/mm^3\nAbsolute neutrophil count at least 1,500/mm^3\nPlatelet count at least 100,000/mm^3\nHemoglobin at least 9 g/dL\nBilirubin normal\nAST and ALT no greater than 2.5 times upper limit of normal\nCreatinine normal\nCreatinine clearance at least 60 mL/min\nNo symptomatic congestive heart failure\nNo unstable angina pectoris\nNo cardiac arrhythmia\nNot pregnant or nursing\nNegative pregnancy test\nFertile patients must use effective contraception\nMedically suitable to withstand a course of definitive radiotherapy\nNo ongoing or active infection\nNo other malignancy within the past 3 years except basal cell skin cancer or carcinoma in situ of the cervix\nNo prior allergic reactions to compounds of similar chemical or biological composition to gefitinib or other study agents\nNo uncontrolled concurrent medical or psychiatric illness or social situation that would preclude study participation\nNo prior monoclonal antibodies with potential epidermal growth factor receptor (EGFR) binding therapy\nNo prior chemotherapy\nNo prior radiotherapy\nNo prior surgery except biopsy\nNo prior anti-EGFR therapy including prior tyrosine kinase inhibitors\nNo concurrent combination anti-retroviral therapy for HIV-positive patients\nNo other concurrent investigational agents\nNo other concurrent commercial or investigational agents or therapies intended to treat the malignancy",
          "HealthyVolunteers":"No",
          "Gender":"All",
          "MinimumAge":"18 Years",
          "StdAgeList":{
            "StdAge":[
              "Adult",
              "Older Adult"
            ]
          }
        },
        "ContactsLocationsModule":{
          "OverallOfficialList":{
            "OverallOfficial":[
              {
                "OverallOfficialName":"David Raben",
                "OverallOfficialAffiliation":"University of Colorado, Denver",
                "OverallOfficialRole":"Principal Investigator"
              }
            ]
          },
          "LocationList":{
            "Location":[
              {
                "LocationFacility":"University of Colorado",
                "LocationCity":"Denver",
                "LocationState":"Colorado",
                "LocationZip":"80217-3364",
                "LocationCountry":"United States"
              }
            ]
          }
        }
      },
      "DerivedSection":{
        "MiscInfoModule":{
          "VersionHolder":"April 19, 2021"
        },
        "ConditionBrowseModule":{
          "ConditionMeshList":{
            "ConditionMesh":[
              {
                "ConditionMeshId":"D000002277",
                "ConditionMeshTerm":"Carcinoma"
              },{
                "ConditionMeshId":"D000002294",
                "ConditionMeshTerm":"Carcinoma, Squamous Cell"
              },{
                "ConditionMeshId":"D000007822",
                "ConditionMeshTerm":"Laryngeal Neoplasms"
              },{
                "ConditionMeshId":"D000009959",
                "ConditionMeshTerm":"Oropharyngeal Neoplasms"
              },{
                "ConditionMeshId":"D000007818",
                "ConditionMeshTerm":"Laryngeal Diseases"
              }
            ]
          },
          "ConditionAncestorList":{
            "ConditionAncestor":[
              {
                "ConditionAncestorId":"D000009375",
                "ConditionAncestorTerm":"Neoplasms, Glandular and Epithelial"
              },{
                "ConditionAncestorId":"D000009370",
                "ConditionAncestorTerm":"Neoplasms by Histologic Type"
              },{
                "ConditionAncestorId":"D000009369",
                "ConditionAncestorTerm":"Neoplasms"
              },{
                "ConditionAncestorId":"D000018307",
                "ConditionAncestorTerm":"Neoplasms, Squamous Cell"
              },{
                "ConditionAncestorId":"D000012140",
                "ConditionAncestorTerm":"Respiratory Tract Diseases"
              },{
                "ConditionAncestorId":"D000010038",
                "ConditionAncestorTerm":"Otorhinolaryngologic Diseases"
              },{
                "ConditionAncestorId":"D000010039",
                "ConditionAncestorTerm":"Otorhinolaryngologic Neoplasms"
              },{
                "ConditionAncestorId":"D000006258",
                "ConditionAncestorTerm":"Head and Neck Neoplasms"
              },{
                "ConditionAncestorId":"D000009371",
                "ConditionAncestorTerm":"Neoplasms by Site"
              },{
                "ConditionAncestorId":"D000012142",
                "ConditionAncestorTerm":"Respiratory Tract Neoplasms"
              },{
                "ConditionAncestorId":"D000010610",
                "ConditionAncestorTerm":"Pharyngeal Neoplasms"
              },{
                "ConditionAncestorId":"D000010608",
                "ConditionAncestorTerm":"Pharyngeal Diseases"
              },{
                "ConditionAncestorId":"D000009057",
                "ConditionAncestorTerm":"Stomatognathic Diseases"
              }
            ]
          },
          "ConditionBrowseLeafList":{
            "ConditionBrowseLeaf":[
              {
                "ConditionBrowseLeafId":"M4116",
                "ConditionBrowseLeafName":"Carcinoma",
                "ConditionBrowseLeafAsFound":"Carcinoma",
                "ConditionBrowseLeafRelevance":"high"
              },{
                "ConditionBrowseLeafId":"M1689",
                "ConditionBrowseLeafName":"Squamous Cell Carcinoma of Head and Neck",
                "ConditionBrowseLeafRelevance":"low"
              },{
                "ConditionBrowseLeafId":"M4132",
                "ConditionBrowseLeafName":"Carcinoma, Squamous Cell",
                "ConditionBrowseLeafAsFound":"Squamous Cell Carcinoma",
                "ConditionBrowseLeafRelevance":"high"
              },{
                "ConditionBrowseLeafId":"M7931",
                "ConditionBrowseLeafName":"Head and Neck Neoplasms",
                "ConditionBrowseLeafRelevance":"low"
              },{
                "ConditionBrowseLeafId":"M9418",
                "ConditionBrowseLeafName":"Laryngeal Diseases",
                "ConditionBrowseLeafAsFound":"Larynx",
                "ConditionBrowseLeafRelevance":"high"
              },{
                "ConditionBrowseLeafId":"M9422",
                "ConditionBrowseLeafName":"Laryngeal Neoplasms",
                "ConditionBrowseLeafAsFound":"Carcinoma of the larynx",
                "ConditionBrowseLeafRelevance":"high"
              },{
                "ConditionBrowseLeafId":"M11468",
                "ConditionBrowseLeafName":"Oropharyngeal Neoplasms",
                "ConditionBrowseLeafAsFound":"Carcinoma of the oropharynx",
                "ConditionBrowseLeafRelevance":"high"
              },{
                "ConditionBrowseLeafId":"M10903",
                "ConditionBrowseLeafName":"Neoplasms, Glandular and Epithelial",
                "ConditionBrowseLeafRelevance":"low"
              },{
                "ConditionBrowseLeafId":"M10898",
                "ConditionBrowseLeafName":"Neoplasms by Histologic Type",
                "ConditionBrowseLeafRelevance":"low"
              },{
                "ConditionBrowseLeafId":"M19035",
                "ConditionBrowseLeafName":"Neoplasms, Squamous Cell",
                "ConditionBrowseLeafRelevance":"low"
              },{
                "ConditionBrowseLeafId":"M13560",
                "ConditionBrowseLeafName":"Respiratory Tract Diseases",
                "ConditionBrowseLeafRelevance":"low"
              },{
                "ConditionBrowseLeafId":"M11544",
                "ConditionBrowseLeafName":"Otorhinolaryngologic Diseases",
                "ConditionBrowseLeafRelevance":"low"
              },{
                "ConditionBrowseLeafId":"M11545",
                "ConditionBrowseLeafName":"Otorhinolaryngologic Neoplasms",
                "ConditionBrowseLeafRelevance":"low"
              },{
                "ConditionBrowseLeafId":"M13562",
                "ConditionBrowseLeafName":"Respiratory Tract Neoplasms",
                "ConditionBrowseLeafRelevance":"low"
              },{
                "ConditionBrowseLeafId":"M12100",
                "ConditionBrowseLeafName":"Pharyngeal Neoplasms",
                "ConditionBrowseLeafRelevance":"low"
              },{
                "ConditionBrowseLeafId":"M12098",
                "ConditionBrowseLeafName":"Pharyngeal Diseases",
                "ConditionBrowseLeafRelevance":"low"
              },{
                "ConditionBrowseLeafId":"M10600",
                "ConditionBrowseLeafName":"Stomatognathic Diseases",
                "ConditionBrowseLeafRelevance":"low"
              },{
                "ConditionBrowseLeafId":"T3311",
                "ConditionBrowseLeafName":"Laryngeal Cancer",
                "ConditionBrowseLeafAsFound":"Carcinoma of the larynx",
                "ConditionBrowseLeafRelevance":"high"
              },{
                "ConditionBrowseLeafId":"T2952",
                "ConditionBrowseLeafName":"Hypopharyngeal Cancer",
                "ConditionBrowseLeafAsFound":"Carcinoma of the hypopharynx",
                "ConditionBrowseLeafRelevance":"high"
              }
            ]
          },
          "ConditionBrowseBranchList":{
            "ConditionBrowseBranch":[
              {
                "ConditionBrowseBranchAbbrev":"BC04",
                "ConditionBrowseBranchName":"Cancers and Other Neoplasms"
              },{
                "ConditionBrowseBranchAbbrev":"All",
                "ConditionBrowseBranchName":"All Conditions"
              },{
                "ConditionBrowseBranchAbbrev":"BC08",
                "ConditionBrowseBranchName":"Respiratory Tract (Lung and Bronchial) Diseases"
              },{
                "ConditionBrowseBranchAbbrev":"BC09",
                "ConditionBrowseBranchName":"Ear, Nose, and Throat Diseases"
              },{
                "ConditionBrowseBranchAbbrev":"BC07",
                "ConditionBrowseBranchName":"Mouth and Tooth Diseases"
              },{
                "ConditionBrowseBranchAbbrev":"Rare",
                "ConditionBrowseBranchName":"Rare Diseases"
              }
            ]
          }
        },
        "InterventionBrowseModule":{
          "InterventionMeshList":{
            "InterventionMesh":[
              {
                "InterventionMeshId":"D000077156",
                "InterventionMeshTerm":"Gefitinib"
              }
            ]
          },
          "InterventionAncestorList":{
            "InterventionAncestor":[
              {
                "InterventionAncestorId":"D000000970",
                "InterventionAncestorTerm":"Antineoplastic Agents"
              },{
                "InterventionAncestorId":"D000047428",
                "InterventionAncestorTerm":"Protein Kinase Inhibitors"
              },{
                "InterventionAncestorId":"D000004791",
                "InterventionAncestorTerm":"Enzyme Inhibitors"
              },{
                "InterventionAncestorId":"D000045504",
                "InterventionAncestorTerm":"Molecular Mechanisms of Pharmacological Action"
              }
            ]
          },
          "InterventionBrowseLeafList":{
            "InterventionBrowseLeaf":[
              {
                "InterventionBrowseLeafId":"M4765",
                "InterventionBrowseLeafName":"Cisplatin",
                "InterventionBrowseLeafRelevance":"low"
              },{
                "InterventionBrowseLeafId":"M1679",
                "InterventionBrowseLeafName":"Gefitinib",
                "InterventionBrowseLeafAsFound":"101",
                "InterventionBrowseLeafRelevance":"high"
              },{
                "InterventionBrowseLeafId":"M24407",
                "InterventionBrowseLeafName":"Protein Kinase Inhibitors",
                "InterventionBrowseLeafRelevance":"low"
              }
            ]
          },
          "InterventionBrowseBranchList":{
            "InterventionBrowseBranch":[
              {
                "InterventionBrowseBranchAbbrev":"ANeo",
                "InterventionBrowseBranchName":"Antineoplastic Agents"
              },{
                "InterventionBrowseBranchAbbrev":"All",
                "InterventionBrowseBranchName":"All Drugs and Chemicals"
              }
            ]
          }
        }
      }
    }
  }
}

