{
  "FullStudy":{
    "Rank":367247,
    "Study":{
      "ProtocolSection":{
        "IdentificationModule":{
          "NCTId":"NCT00033891",
          "OrgStudyIdInfo":{
            "OrgStudyId":"020156"
          },
          "SecondaryIdInfoList":{
            "SecondaryIdInfo":[
              {
                "SecondaryId":"02-AR-0156"
              }
            ]
          },
          "Organization":{
            "OrgFullName":"National Institutes of Health Clinical Center (CC)",
            "OrgClass":"NIH"
          },
          "BriefTitle":"Infliximab (Remicade ) to Treat Dermatomyositis and Polymyositis",
          "OfficialTitle":"A Randomized, Double-Blind, Placebo-Controlled Trial of Infliximab in Patients With Dermatomyositis and Polymyositis"
        },
        "StatusModule":{
          "StatusVerifiedDate":"February 25, 2019",
          "OverallStatus":"Completed",
          "ExpandedAccessInfo":{
            "HasExpandedAccess":"No"
          },
          "StartDateStruct":{
            "StartDate":"April 10, 2002"
          },
          "PrimaryCompletionDateStruct":{
            "PrimaryCompletionDate":"July 31, 2007",
            "PrimaryCompletionDateType":"Actual"
          },
          "CompletionDateStruct":{
            "CompletionDate":"May 20, 2010",
            "CompletionDateType":"Actual"
          },
          "StudyFirstSubmitDate":"April 11, 2002",
          "StudyFirstSubmitQCDate":"April 11, 2002",
          "StudyFirstPostDateStruct":{
            "StudyFirstPostDate":"April 12, 2002",
            "StudyFirstPostDateType":"Estimate"
          },
          "LastUpdateSubmitDate":"November 30, 2019",
          "LastUpdatePostDateStruct":{
            "LastUpdatePostDate":"December 3, 2019",
            "LastUpdatePostDateType":"Actual"
          }
        },
        "SponsorCollaboratorsModule":{
          "ResponsibleParty":{
            "ResponsiblePartyType":"Sponsor"
          },
          "LeadSponsor":{
            "LeadSponsorName":"National Institute of Arthritis and Musculoskeletal and Skin Diseases (NIAMS)",
            "LeadSponsorClass":"NIH"
          }
        },
        "OversightModule":{},
        "DescriptionModule":{
          "BriefSummary":"This study will examine whether infliximab (Remicade ) is safe and effective for the treatment of dermatomyositis and polymyositis. Infliximab blocks the effect of a protein called tumor necrosis factor (TNF), which is associated with harmful inflammation in many diseases.\n\nPatients 18 years of age and older with active dermatomyositis or polymyositis that does not respond adequately to treatment with methotrexate and corticosteroids may be eligible for this study. Candidates will be screened with a medical history, physical examination, blood and urine tests, chest x-ray, pulmonary function test, skin test for tuberculosis, HIV test, electromyography (described below), manual muscle testing, and functional assessments. Magnetic resonance imaging (described below) will be done to assess the degree and location of inflammation in the involved limbs. An electrocardiogram and echocardiogram will be done if recent ones are not available. Patients who qualify for the study will be asked to undergo two muscle biopsies (surgical removal and analysis of small pieces of muscle tissue), one before initiation of treatment and another on the 16th week .\n\nParticipants will be randomly assigned to receive either 3 mg/kg body weight of infliximab or a placebo (inactive substance) by infusion through a vein over 2 hours. The infusions will be given at the beginning of the treatment period (week 0) and at weeks 2, 6 and 14. At week 16, strength will be assessed by manual muscle testing. Patients who improved with treatment will continue with the same infusion dose on weeks 18, 22, 30, and 38. Those who do not improve will be assigned by random allocation to receive either 5 mg/kg body weight or 10/mg/kg body weight of infliximab on weeks 18, 22, 30 and 38. Those who did not improve who were previously on the placebo infusion will receive an extra dose of either 5 mg/kg or 10 mg/kg body weight of infliximab on week 16, while those patients who were previously on 3 mg/kg body weight of infliximab who failed to meet the improvement criteria will receive an infusion containing no medication on week 16. Patients will be admitted to the hospital for infusions at weeks 0, 14 and 38; the rest will be given on an outpatient basis. After the 38th week, all infusions will be stopped and patients will be assessed on the 40th week.\n\nParticipants will undergo some or all of the following tests and evaluations during treatment:\n\nBlood tests every week to look for antibodies seen with muscle inflammation. Some of the blood samples will be stored for later testing, including genetic studies to find genetic differences related to inflammation.\nSkin test for tuberculosis\nChest x-rays at the beginning of the study (if a recent one is not available) and again at weeks 16 and 40 to look for active infection, detect signs of past exposure or infection with diseases such as tuberculosis, and assess the presence of lung disease that might be related to the myositis.\nMRI (usually of the legs) at the beginning of the study and again at weeks 16 and 40 to measure disease activity and extent of muscle involvement. This will also give an idea of the response to treatment. This test uses a magnetic field and radio waves to produce images of body tissues. During the procedure the patient lies on a bed surrounded by a metal cylinder (the scanner).\nMuscle biopsy at the beginning of the study to diagnose muscle inflammation and again at week 16 to evaluate the response to treatment.\nElectromyography if the patient has not had an EMG previously. For this test, small needles are inserted into the muscle to assess the electrical activity of the muscle\nHIV test\n\nPatients whose disease worsen with treatment or who develop serious drug-related side effects will be taken off the study and referred back to their primary care physician for further therapy. Patients who improve will be referred back to their primary physician at the end of the study for possible continued treatment. Participants will be asked to return for follow-up visits every 6 weeks for a total of 30 weeks to monitor long-term effects of the drug",
          "DetailedDescription":"Tumor necrosis factor (TNF), a cytokine that has been implicated in the pathogenesis of many diseases including inflammatory disorders, has been found to be elevated in the muscles of patients with dermatomyositis (DM) and polymyositis (PM). A subset of patients with DM and PM do not respond readily to conventional therapy. Therefore, a controlled trial using infliximab, a chimeric IgG(1) kappa monoclonal antibody against TNF, may provide a therapeutic option and advance understanding in the pathogenesis of these diseases. This study is designed to determine the safety and efficacy of infliximab in patients with DM and PM. We plan to enroll a maximum of 28 patients randomized at 1:1 ratio into 2 groups, placebo vs. infliximab at 5 mg/kg body weight. In the first phase of the study the placebo and infliximab infusions will be given at week 0, 2, 6 and 14. Primary outcome assessment will be done at week 16. Those who respond according to the criteria set for improvement in MMT will be given the option to remain on the same infusion (i.e. placebo or infliximab at 5 mg/kg body weight) at weeks 22, 30 and 38. Placebo non-responders will be given infliximab at 5 mg/kg body weight in an open label fashion at weeks 16, 18, 22, 30 and 38. Patients who were initially on 5 mg/kg body weight of infliximab who failed to respond based on the criteria set will be placed on infliximab at 7.5 mg/kg body weight in an open label fashion on weeks 22, 30 and 38. Pharmacokinetic modeling will be done in both phases of the study. A muscle biopsy will be done before treatment and again at 16 weeks of treatment. Microarray gene expression profiling of the muscle biopsy specimens will be done before treatment and again at 16 weeks. Clinical, functional and serological evaluations will be performed in every visit to assess other responses to treatment. Patients will be followed for 30 weeks after study termination to evaluate the long-term effects of the drug."
        },
        "ConditionsModule":{
          "ConditionList":{
            "Condition":[
              "Dermatomyositis",
              "Polymyositis"
            ]
          },
          "KeywordList":{
            "Keyword":[
              "Muscle Weakness",
              "Muscle Biopsy",
              "Gene Expression Profiling",
              "MRI",
              "Inflammation",
              "Polymyositis",
              "Dermatomyositis"
            ]
          }
        },
        "DesignModule":{
          "StudyType":"Interventional",
          "PhaseList":{
            "Phase":[
              "Phase 2"
            ]
          },
          "DesignInfo":{
            "DesignAllocation":"Randomized",
            "DesignInterventionModel":"Crossover Assignment",
            "DesignPrimaryPurpose":"Treatment",
            "DesignMaskingInfo":{
              "DesignMasking":"Quadruple",
              "DesignWhoMaskedList":{
                "DesignWhoMasked":[
                  "Participant",
                  "Care Provider",
                  "Investigator",
                  "Outcomes Assessor"
                ]
              }
            }
          },
          "EnrollmentInfo":{
            "EnrollmentCount":"14",
            "EnrollmentType":"Actual"
          }
        },
        "ArmsInterventionsModule":{
          "InterventionList":{
            "Intervention":[
              {
                "InterventionType":"Drug",
                "InterventionName":"Infliximab"
              }
            ]
          }
        },
        "OutcomesModule":{
          "PrimaryOutcomeList":{
            "PrimaryOutcome":[
              {
                "PrimaryOutcomeMeasure":"Muscle strength",
                "PrimaryOutcomeTimeFrame":"16 weeks"
              }
            ]
          }
        },
        "EligibilityModule":{
          "EligibilityCriteria":"INCLUSION CRITERIA:\n\nMust be at least 18 years of age.\n\nDiagnosis of probable or definite polymyositis or dermatomyositis as defined by Bohan and Peter:\n\ni. Symmetrical proximal muscle weakness;\n\nii. Muscle biopsy abnormalities at some time during their disease:\n\nMuscle fiber destruction;\nMuscle fiber regeneration;\nPerivascular and interstitial inflammatory infiltrates with muscle fiber destruction.\n\niii. Elevation of serum creatine phosphokinase (CPK), Transaminases, lactic dehydrogenase (LDH) or aldolase activity;\n\niv. Electromyography changes:\n\nFibrillation potentials (on needle insertion at rest);\nComplex repetitive discharges (on needle insertion at rest);\nPositive sharp waves (on needle insertion at rest);\nShort duration, low amplitude complex (polyphasic) potentials on contraction.\n\nv. Typical skin rash. The classic skin manifestations include a purplish discoloration of the eyelids (heliotrope rash) or papular, erythematous, scaly lesions over the knuckles (Gottron s papules);\n\nDEFINITE: any 4 of the criteria\n\nPROBABLE: any 3 of the criteria\n\nPatients must have a baseline total muscle strength score of less than or equal to 120 but not less than 80 on manual muscle testing (MMT) or at least 25% decrease in manual muscle strength.\nAbility to provide informed consent to all aspects of the study after full information is provided.\nEvidence of active disease as measured by weakness, and an elevated CK, aldolase, SGOT, SGPT, LDH or an active MRI. MR imaging may demonstrate signal abnormalities in affected muscles secondary to inflammation and edema on STIR images.\nPatients must be on a stable dose of prednisone equal to or less than 0.5 mg/kg/day for 1 month prior to the study.\nPatients must be on at least 7.5 mg of methotrexate weekly or at least 75 mg of azathioprine daily for at least 4 weeks prior to the study.\nPatients must not be on any other cytotoxic agents for at least 1 month prior to the study.\nWomen of childbearing potential and men whose partners are of childbearing potential must practice an acceptable form of contraception.\nNo prior history of treatment with monoclonal antibodies, i.e. no prior history of infliximab therapy.\nPatients with active disease despite previous treatment with at least one other immunosuppressive agent and/or intolerable side effects: e.g. high-dose prednisone (1 mg/kg/day), methotrexate 12.5 to 20 mg/wk, azathioprine 100-150 mg/day, cyclosporineA 2-2.5 mg/kg/day and cyclophosphamide 1-2 mg/kg/day.\n\nEXCLUSION CRITERIA:\n\nPatients with inclusion body myositis or cancer-related or drug-induced myopathy.\n\nHistory of hepatitis or abnormal liver function tests which do not reflect muscle disease.\n\nHistory of recurrent infections, any active acute or chronic infections requiring antimicrobial therapy, or serious viral (e.g. Hepatitis B positivity, herpes zoster, herpes simplex, HIV positivity, hepatitis C or A, CMV) or fungal infections such as histoplasmosis, aspergillosis, coccidiodomycosis. Patients with positive PPD who have cavitary lesions suspicious for active tuberculosis will be excluded. In addition, patients with a positive PPD who decline INH prophylaxis will be excluded. Any patients with suspected pneumonia, cellulitis, pneumocystis carini, and infection at central venous catheter site will also be excluded.\n\nPatients with suspicious lesions on chest radiography suggestive of an infectious or neoplastic condition will be excluded.\n\nPregnant females, nursing mothers, or patients of childbearing age not practicing birth control.\n\nPreexisting or coexisting malignancy other than basal cell carcinoma and localized squamous cell carcinoma of the skin.\n\nPatients who have not had any recent age-appropriate malignancy screen within the past 3 months who refuse to have said age-appropriate malignancy screening procedures prior to the start of the study.\n\nHistory of cerebrovascular accidents, seizure disorder, aseptic meningitis, transverse myelitis, central nervous system demyelinating disease such as multiple sclerosis.\n\nConfounding medical illness that in the judgment of the investigators pose added risk for study participants (e.g. chronic lung or hematological disease).\n\nAnemia requiring maintenance blood transfusions; leukopenia with WBC less than 3,000/ul or absolute neutrophil count less than 2,000/ul; platelet count less than 100,000/ul on at least two different occasions.\n\nHistory of (or current) autoimmune hemolytic anemia.\n\nCurrent anticoagulant therapy.\n\nHistory of lupus erythematosus (+)ANA: dsDNA, anti-Smith, anti-Ro/La and clinical presentation consistent with lupus erythematosus.\n\nClotting/bleeding disorders history of arterial or venous thrombosis, stroke, miscarriages and presence of antiphospholipid antibodies, protein C or protein S deficiency along with a compatible history of a thrombotic event.\n\nHistory of psychiatric illness that in the opinion of psychiatric consultants would pose an added risk for study participants.\n\nHistory of uncontrolled diabetes mellitus.\n\nPrior use of infliximab.\n\nCurrent use of a TNF-blocking agent (patient has to be off for 4 weeks). Prior use of etanercept is accepted so long as patient has been off of it for 4 weeks.\n\nAllergy to murine-derived products.\n\nPoor venous access.\n\nHistory of live vaccinations within the past 3 months.\n\nHistory of drug abuse within the past 5 years.\n\nHistory of congestive heart failure.\n\nEchocardiographic evidence of dilated or hypertrophic cardiomyopathy.\n\nEchocardiographic evidence of valvular stenosis or regurgitation that in the judgment of the physician poses a risk for congestive heart failure.\n\nHistory of significant arrhythmia requiring pacing or cardioversion.\n\nEKG or echocardiographic evidence of ventricular hypertrophy and clinical signs of congestive heart failure.",
          "HealthyVolunteers":"No",
          "Gender":"All",
          "MinimumAge":"18 Years",
          "StdAgeList":{
            "StdAge":[
              "Adult",
              "Older Adult"
            ]
          }
        },
        "ContactsLocationsModule":{
          "OverallOfficialList":{
            "OverallOfficial":[
              {
                "OverallOfficialName":"Adam I Schiffenbauer, M.D.",
                "OverallOfficialAffiliation":"National Institute of Environmental Health Sciences (NIEHS)",
                "OverallOfficialRole":"Principal Investigator"
              }
            ]
          },
          "LocationList":{
            "Location":[
              {
                "LocationFacility":"National Institutes of Health Clinical Center, 9000 Rockville Pike",
                "LocationCity":"Bethesda",
                "LocationState":"Maryland",
                "LocationZip":"20892",
                "LocationCountry":"United States"
              }
            ]
          }
        },
        "ReferencesModule":{
          "ReferenceList":{
            "Reference":[
              {
                "ReferencePMID":"8386437",
                "ReferenceType":"background",
                "ReferenceCitation":"Joffe MM, Love LA, Leff RL, Fraser DD, Targoff IN, Hicks JE, Plotz PH, Miller FW. Drug therapy of the idiopathic inflammatory myopathies: predictors of response to prednisone, azathioprine, and methotrexate and a comparison of their efficacy. Am J Med. 1993 Apr;94(4):379-87."
              },{
                "ReferencePMID":"1659647",
                "ReferenceType":"background",
                "ReferenceCitation":"Love LA, Leff RL, Fraser DD, Targoff IN, Dalakas M, Plotz PH, Miller FW. A new approach to the classification of idiopathic inflammatory myopathy: myositis-specific autoantibodies define useful homogeneous patient groups. Medicine (Baltimore). 1991 Nov;70(6):360-74."
              },{
                "ReferencePMID":"2254890",
                "ReferenceType":"background",
                "ReferenceCitation":"Oddis CV, Conte CG, Steen VD, Medsger TA Jr. Incidence of polymyositis-dermatomyositis: a 20-year study of hospital diagnosed cases in Allegheny County, PA 1963-1982. J Rheumatol. 1990 Oct;17(10):1329-34."
              },{
                "ReferencePMID":"29174792",
                "ReferenceType":"derived",
                "ReferenceCitation":"Schiffenbauer A, Garg M, Castro C, Pokrovnichka A, Joe G, Shrader J, Cabalar IV, Faghihi-Kashani S, Harris-Love MO, Plotz PH, Miller FW, Gourley M. A randomized, double-blind, placebo-controlled trial of infliximab in refractory polymyositis and dermatomyositis. Semin Arthritis Rheum. 2018 Jun;47(6):858-864. doi: 10.1016/j.semarthrit.2017.10.010. Epub 2017 Oct 16."
              }
            ]
          }
        }
      },
      "DerivedSection":{
        "MiscInfoModule":{
          "VersionHolder":"April 19, 2021"
        },
        "ConditionBrowseModule":{
          "ConditionMeshList":{
            "ConditionMesh":[
              {
                "ConditionMeshId":"D000003882",
                "ConditionMeshTerm":"Dermatomyositis"
              },{
                "ConditionMeshId":"D000017285",
                "ConditionMeshTerm":"Polymyositis"
              }
            ]
          },
          "ConditionAncestorList":{
            "ConditionAncestor":[
              {
                "ConditionAncestorId":"D000009220",
                "ConditionAncestorTerm":"Myositis"
              },{
                "ConditionAncestorId":"D000009135",
                "ConditionAncestorTerm":"Muscular Diseases"
              },{
                "ConditionAncestorId":"D000009140",
                "ConditionAncestorTerm":"Musculoskeletal Diseases"
              },{
                "ConditionAncestorId":"D000009468",
                "ConditionAncestorTerm":"Neuromuscular Diseases"
              },{
                "ConditionAncestorId":"D000009422",
                "ConditionAncestorTerm":"Nervous System Diseases"
              },{
                "ConditionAncestorId":"D000003240",
                "ConditionAncestorTerm":"Connective Tissue Diseases"
              },{
                "ConditionAncestorId":"D000012871",
                "ConditionAncestorTerm":"Skin Diseases"
              }
            ]
          },
          "ConditionBrowseLeafList":{
            "ConditionBrowseLeaf":[
              {
                "ConditionBrowseLeafId":"M8876",
                "ConditionBrowseLeafName":"Inflammation",
                "ConditionBrowseLeafRelevance":"low"
              },{
                "ConditionBrowseLeafId":"M11787",
                "ConditionBrowseLeafName":"Paresis",
                "ConditionBrowseLeafRelevance":"low"
              },{
                "ConditionBrowseLeafId":"M19528",
                "ConditionBrowseLeafName":"Muscle Weakness",
                "ConditionBrowseLeafRelevance":"low"
              },{
                "ConditionBrowseLeafId":"M5660",
                "ConditionBrowseLeafName":"Dermatomyositis",
                "ConditionBrowseLeafAsFound":"Dermatomyositis",
                "ConditionBrowseLeafRelevance":"high"
              },{
                "ConditionBrowseLeafId":"M18162",
                "ConditionBrowseLeafName":"Polymyositis",
                "ConditionBrowseLeafAsFound":"Polymyositis",
                "ConditionBrowseLeafRelevance":"high"
              },{
                "ConditionBrowseLeafId":"M10755",
                "ConditionBrowseLeafName":"Myositis",
                "ConditionBrowseLeafRelevance":"low"
              },{
                "ConditionBrowseLeafId":"M10675",
                "ConditionBrowseLeafName":"Muscular Diseases",
                "ConditionBrowseLeafRelevance":"low"
              },{
                "ConditionBrowseLeafId":"M10680",
                "ConditionBrowseLeafName":"Musculoskeletal Diseases",
                "ConditionBrowseLeafRelevance":"low"
              },{
                "ConditionBrowseLeafId":"M10994",
                "ConditionBrowseLeafName":"Neuromuscular Diseases",
                "ConditionBrowseLeafRelevance":"low"
              },{
                "ConditionBrowseLeafId":"M5047",
                "ConditionBrowseLeafName":"Connective Tissue Diseases",
                "ConditionBrowseLeafRelevance":"low"
              },{
                "ConditionBrowseLeafId":"M14257",
                "ConditionBrowseLeafName":"Skin Diseases",
                "ConditionBrowseLeafRelevance":"low"
              },{
                "ConditionBrowseLeafId":"T1814",
                "ConditionBrowseLeafName":"Dermatomyositis",
                "ConditionBrowseLeafAsFound":"Dermatomyositis",
                "ConditionBrowseLeafRelevance":"high"
              },{
                "ConditionBrowseLeafId":"T4623",
                "ConditionBrowseLeafName":"Polymyositis",
                "ConditionBrowseLeafAsFound":"Polymyositis",
                "ConditionBrowseLeafRelevance":"high"
              },{
                "ConditionBrowseLeafId":"T3001",
                "ConditionBrowseLeafName":"Idiopathic Inflammatory Myopathy",
                "ConditionBrowseLeafRelevance":"low"
              }
            ]
          },
          "ConditionBrowseBranchList":{
            "ConditionBrowseBranch":[
              {
                "ConditionBrowseBranchAbbrev":"BC23",
                "ConditionBrowseBranchName":"Symptoms and General Pathology"
              },{
                "ConditionBrowseBranchAbbrev":"All",
                "ConditionBrowseBranchName":"All Conditions"
              },{
                "ConditionBrowseBranchAbbrev":"BC10",
                "ConditionBrowseBranchName":"Nervous System Diseases"
              },{
                "ConditionBrowseBranchAbbrev":"BC05",
                "ConditionBrowseBranchName":"Muscle, Bone, and Cartilage Diseases"
              },{
                "ConditionBrowseBranchAbbrev":"BC17",
                "ConditionBrowseBranchName":"Skin and Connective Tissue Diseases"
              },{
                "ConditionBrowseBranchAbbrev":"Rare",
                "ConditionBrowseBranchName":"Rare Diseases"
              }
            ]
          }
        },
        "InterventionBrowseModule":{
          "InterventionMeshList":{
            "InterventionMesh":[
              {
                "InterventionMeshId":"D000069285",
                "InterventionMeshTerm":"Infliximab"
              }
            ]
          },
          "InterventionAncestorList":{
            "InterventionAncestor":[
              {
                "InterventionAncestorId":"D000003879",
                "InterventionAncestorTerm":"Dermatologic Agents"
              },{
                "InterventionAncestorId":"D000005765",
                "InterventionAncestorTerm":"Gastrointestinal Agents"
              },{
                "InterventionAncestorId":"D000018501",
                "InterventionAncestorTerm":"Antirheumatic Agents"
              }
            ]
          },
          "InterventionBrowseLeafList":{
            "InterventionBrowseLeaf":[
              {
                "InterventionBrowseLeafId":"M375",
                "InterventionBrowseLeafName":"Infliximab",
                "InterventionBrowseLeafAsFound":"Focus",
                "InterventionBrowseLeafRelevance":"high"
              },{
                "InterventionBrowseLeafId":"M5657",
                "InterventionBrowseLeafName":"Dermatologic Agents",
                "InterventionBrowseLeafRelevance":"low"
              },{
                "InterventionBrowseLeafId":"M7464",
                "InterventionBrowseLeafName":"Gastrointestinal Agents",
                "InterventionBrowseLeafRelevance":"low"
              },{
                "InterventionBrowseLeafId":"M19188",
                "InterventionBrowseLeafName":"Antirheumatic Agents",
                "InterventionBrowseLeafRelevance":"low"
              }
            ]
          },
          "InterventionBrowseBranchList":{
            "InterventionBrowseBranch":[
              {
                "InterventionBrowseBranchAbbrev":"ARhu",
                "InterventionBrowseBranchName":"Antirheumatic Agents"
              },{
                "InterventionBrowseBranchAbbrev":"Derm",
                "InterventionBrowseBranchName":"Dermatologic Agents"
              },{
                "InterventionBrowseBranchAbbrev":"Gast",
                "InterventionBrowseBranchName":"Gastrointestinal Agents"
              },{
                "InterventionBrowseBranchAbbrev":"All",
                "InterventionBrowseBranchName":"All Drugs and Chemicals"
              }
            ]
          }
        }
      }
    }
  }
}

