{
  "FullStudy":{
    "Rank":366866,
    "Study":{
      "ProtocolSection":{
        "IdentificationModule":{
          "NCTId":"NCT00039104",
          "OrgStudyIdInfo":{
            "OrgStudyId":"NCI-2012-02799"
          },
          "SecondaryIdInfoList":{
            "SecondaryIdInfo":[
              {
                "SecondaryId":"MC0151"
              },{
                "SecondaryId":"N01CM17104",
                "SecondaryIdType":"U.S. NIH Grant/Contract",
                "SecondaryIdLink":"https://projectreporter.nih.gov/reporterapi.cfm?PROJECTNUM=N01CM17104&Fy=all"
              }
            ]
          },
          "Organization":{
            "OrgFullName":"National Cancer Institute (NCI)",
            "OrgClass":"NIH"
          },
          "BriefTitle":"Zoledronate and BMS-275291 in Treating Patients With Prostate Cancer",
          "OfficialTitle":"A Phase II, Open-Label, Randomized Trial of Zoledronic Acid (Zometa™) and BMS-275291 (NSC#713763) in Patients With Hormone Refractory Prostate Cancer"
        },
        "StatusModule":{
          "StatusVerifiedDate":"June 2013",
          "OverallStatus":"Completed",
          "ExpandedAccessInfo":{
            "HasExpandedAccess":"No"
          },
          "StartDateStruct":{
            "StartDate":"April 2002"
          },
          "PrimaryCompletionDateStruct":{
            "PrimaryCompletionDate":"January 2005",
            "PrimaryCompletionDateType":"Actual"
          },
          "StudyFirstSubmitDate":"June 6, 2002",
          "StudyFirstSubmitQCDate":"January 26, 2003",
          "StudyFirstPostDateStruct":{
            "StudyFirstPostDate":"January 27, 2003",
            "StudyFirstPostDateType":"Estimate"
          },
          "LastUpdateSubmitDate":"June 4, 2013",
          "LastUpdatePostDateStruct":{
            "LastUpdatePostDate":"June 5, 2013",
            "LastUpdatePostDateType":"Estimate"
          }
        },
        "SponsorCollaboratorsModule":{
          "ResponsibleParty":{
            "ResponsiblePartyType":"Sponsor"
          },
          "LeadSponsor":{
            "LeadSponsorName":"National Cancer Institute (NCI)",
            "LeadSponsorClass":"NIH"
          }
        },
        "OversightModule":{},
        "DescriptionModule":{
          "BriefSummary":"Phase II trial to study the effectiveness of combining zoledronate with BMS-275291 in treating patients who have prostate cancer that has not responded to previous hormone therapy. Zoledronate may prevent bone loss and stop the growth of tumor cells in bone. BMS-275291 may stop the growth of tumor cells by blocking the enzymes necessary for cancer cell growth. Combining zoledronate with BMS-275291 may kill more tumor cells.",
          "DetailedDescription":"PRIMARY OBJECTIVES:\n\nI. To evaluate the confirmed response rate of hormone refractory prostate cancer patients treated with Zometa with BMS-275291.\n\nSECONDARY OBJECTIVES:\n\nI. To evaluate the toxicity profile associated with this treatment in this patient population.\n\nII. To evaluate the overall and progression-free survival associated with this treatment regimen.\n\nIII. To explore changes markers for bone turnover, fPYR, fDPYR, and serum samples for cross-linked N-telopeptides from baseline.\n\nIV. To assess changes in bone tumor metabolism after treatment using PET scans. V. To assess changes in MMP-1, MMP-9, VEGF and bFGF from baseline after treatment.\n\nOUTLINE: This is an open-label, multicenter study. Patients are stratified according to prior chemotherapy (yes vs no) and participating center.\n\nARM I: Patients receive zoledronate IV over at least 15 minutes on day 1 and oral BMS-275291 daily on days 1-28.\n\nARM II (CLOSED TO ACCRUAL AS OF 10/10/2003): Patients receive zoledronate as in Arm I.\n\nIn both arms, courses repeat every 28 days in the absence of disease progression or unacceptable toxicity.\n\nPatients are followed every 3 months until disease progression and then every 6 months for up to 2 years."
        },
        "ConditionsModule":{
          "ConditionList":{
            "Condition":[
              "Adenocarcinoma of the Prostate",
              "Recurrent Prostate Cancer",
              "Stage IV Prostate Cancer"
            ]
          }
        },
        "DesignModule":{
          "StudyType":"Interventional",
          "PhaseList":{
            "Phase":[
              "Phase 2"
            ]
          },
          "DesignInfo":{
            "DesignAllocation":"Randomized",
            "DesignInterventionModel":"Parallel Assignment",
            "DesignPrimaryPurpose":"Treatment",
            "DesignMaskingInfo":{
              "DesignMasking":"None (Open Label)"
            }
          },
          "EnrollmentInfo":{
            "EnrollmentCount":"50",
            "EnrollmentType":"Actual"
          }
        },
        "ArmsInterventionsModule":{
          "ArmGroupList":{
            "ArmGroup":[
              {
                "ArmGroupLabel":"Arm I (rebimastat, zoledronic acid)",
                "ArmGroupType":"Experimental",
                "ArmGroupDescription":"Patients receive zoledronate IV over at least 15 minutes on day 1 and oral BMS-275291 daily on days 1-28.",
                "ArmGroupInterventionList":{
                  "ArmGroupInterventionName":[
                    "Drug: rebimastat",
                    "Drug: zoledronic acid",
                    "Other: laboratory biomarker analysis"
                  ]
                }
              },{
                "ArmGroupLabel":"Arm II (zoledronic acid)",
                "ArmGroupType":"Experimental",
                "ArmGroupDescription":"Patients receive zoledronate as in Arm I.",
                "ArmGroupInterventionList":{
                  "ArmGroupInterventionName":[
                    "Drug: zoledronic acid",
                    "Other: laboratory biomarker analysis"
                  ]
                }
              }
            ]
          },
          "InterventionList":{
            "Intervention":[
              {
                "InterventionType":"Drug",
                "InterventionName":"rebimastat",
                "InterventionDescription":"Given PO",
                "InterventionArmGroupLabelList":{
                  "InterventionArmGroupLabel":[
                    "Arm I (rebimastat, zoledronic acid)"
                  ]
                },
                "InterventionOtherNameList":{
                  "InterventionOtherName":[
                    "BMS-275291",
                    "D2163"
                  ]
                }
              },{
                "InterventionType":"Drug",
                "InterventionName":"zoledronic acid",
                "InterventionDescription":"Given IV",
                "InterventionArmGroupLabelList":{
                  "InterventionArmGroupLabel":[
                    "Arm I (rebimastat, zoledronic acid)",
                    "Arm II (zoledronic acid)"
                  ]
                },
                "InterventionOtherNameList":{
                  "InterventionOtherName":[
                    "CGP 42446",
                    "CGP42446A",
                    "NDC-zoledronate",
                    "zoledronate",
                    "Zometa"
                  ]
                }
              },{
                "InterventionType":"Other",
                "InterventionName":"laboratory biomarker analysis",
                "InterventionDescription":"Correlative studies",
                "InterventionArmGroupLabelList":{
                  "InterventionArmGroupLabel":[
                    "Arm I (rebimastat, zoledronic acid)",
                    "Arm II (zoledronic acid)"
                  ]
                }
              }
            ]
          }
        },
        "OutcomesModule":{
          "PrimaryOutcomeList":{
            "PrimaryOutcome":[
              {
                "PrimaryOutcomeMeasure":"Confirmed response (PSA decline of greater than 50% confirmed at least four weeks apart)",
                "PrimaryOutcomeTimeFrame":"Up to 2 years"
              }
            ]
          },
          "SecondaryOutcomeList":{
            "SecondaryOutcome":[
              {
                "SecondaryOutcomeMeasure":"Overall survival time",
                "SecondaryOutcomeDescription":"The distribution of survival time will be estimated using the method of Kaplan-Meier.",
                "SecondaryOutcomeTimeFrame":"From registration to death due to any cause, assessed for up to 2 years"
              },{
                "SecondaryOutcomeMeasure":"Time to disease progression",
                "SecondaryOutcomeDescription":"The distribution of time to progression will be estimated using the method of Kaplan-Meier.",
                "SecondaryOutcomeTimeFrame":"From registration to documentation of disease progression, assessed up to 2 years"
              },{
                "SecondaryOutcomeMeasure":"Duration of PSA response or duration of PSA control",
                "SecondaryOutcomeDescription":"The distribution of this response duration will be estimated using the method of Kaplan-Meier.",
                "SecondaryOutcomeTimeFrame":"Up to 2 years"
              },{
                "SecondaryOutcomeMeasure":"Incidence of toxicity as per NCI CTCAE version 2.0",
                "SecondaryOutcomeDescription":"The maximum grade for each type of toxicity will be recorded for each patient, and frequency tables will be reviewed to determine toxicity patterns.",
                "SecondaryOutcomeTimeFrame":"Up to 2 years"
              }
            ]
          }
        },
        "EligibilityModule":{
          "EligibilityCriteria":"Inclusion Criteria:\n\nHistologically or cytologically confirmed (adeno)carcinoma of the prostate refractory to hormone therapy\n\nMetastatic bone disease, as documented by bone scan and confirmed by x-rays, CT scan or MRI scan\n\nNote: Patients may also have measurable disease in the lymph nodes (retroperitoneal, pelvic or inguinal only), prostate and /or prostatic bed; measurable disease is defined as lesions that can be accurately measured in at least one dimension (longest diameter to be recorded) as >= 20 mm =< 21 days prior to registration\nPSA progression defined as two consecutive increases in PSA value over the previous reference value; the first increase of PSA should occur no earlier than one (1) week after the reference measurement; all patients need to demonstrate continued PSA elevation with an increasing PSA four weeks after the required cessation of their antiandrogen treatment; the required cessation period is 4 weeks for flutamide, nilutamide, and Megace-based treatment, and 8 weeks for bicalutamide-based treatment\n\nOne of the following:\n\nContinuing primary androgen suppression (LHRH agonist)\nOrchiectomy\nWBC >= 2000/mm^3\nAbsolute neutrophil count (ANC) >= 1500/mm^3\nPLT >= 100,000/mm^3\nHgb >= 9.0 g/dL\nTotal bilirubin =< institutional upper normal limits (UNL)\nAST =< 1.5 x UNL\nSerum creatinine =< 1.5 x UNL\nPSA >= 5 ng/mL\nSerum testosterone < 50 ng/dL =< 3 months prior to registration\nEstimated life expectancy of >= 6 months\nECOG Performance Status (PS) 0, 1, or 2\nCapable of understanding the investigational nature, potential risks and benefits of the study and able to provide valid informed consent\nIf sexually active, willing to use an accepted and effective method of contraception consistently for the duration of study participation\n\nExclusion Criteria:\n\nAny of the following:\n\n> 2 prior chemotherapy regimen\n> 2 non-hormonal treatments for metastatic disease (including biologics, gene therapy, angiogenesis inhibitors, etc., but excluding external radiotherapy)\nPrior therapy with a matrix metalloproteinase inhibitor (MMPI)\nImmunotherapy =< 4 weeks prior to study entry\nBiologic therapy =< 4 weeks prior to study entry\nRadiation therapy =< 4 weeks prior to study entry\nConcomitant hormonal treatment (except LHRH)\nPrior use of systemic radiopharmaceuticals such as samarium and strontium\nPC-Spes =< 4 weeks prior to study entry\nFailure to fully recover from adverse effects of prior therapies regardless of interval since last treatment\nOther concurrent chemotherapy, immunotherapy, or radiotherapy directed at the cancer\nOther therapy or supportive care that is considered investigational\nKnown CNS metastases\nKnown visceral metastases (pulmonary, liver, kidney, splenic lesions); patients with retroperitoneal, pelvic or inguinal lymph node metastases and/or disease in the prostate (or prostatic bed) will not be excluded\n\nUncontrolled intercurrent illness including, but not limited to:\n\nOngoing or active infection\nSymptomatic congestive heart failure\nUnstable angina pectoris, cardiac arrhythmia\nPsychiatric illness/social situations that would limit compliance with study requirements\nHIV-positive patients receiving combination anti-retroviral therapy\nPrior malignancy except for adequately treated basal cell or squamous cell skin cancer, adequately treated noninvasive carcinomas, or other cancer from which the patient has been disease free for >= 5 years",
          "HealthyVolunteers":"No",
          "Gender":"Male",
          "MinimumAge":"18 Years",
          "StdAgeList":{
            "StdAge":[
              "Adult",
              "Older Adult"
            ]
          }
        },
        "ContactsLocationsModule":{
          "OverallOfficialList":{
            "OverallOfficial":[
              {
                "OverallOfficialName":"Roberto Pili",
                "OverallOfficialAffiliation":"Mayo Clinic",
                "OverallOfficialRole":"Principal Investigator"
              }
            ]
          },
          "LocationList":{
            "Location":[
              {
                "LocationFacility":"Mayo Clinic",
                "LocationCity":"Rochester",
                "LocationState":"Minnesota",
                "LocationZip":"55905",
                "LocationCountry":"United States"
              }
            ]
          }
        }
      },
      "DerivedSection":{
        "MiscInfoModule":{
          "VersionHolder":"April 19, 2021"
        },
        "ConditionBrowseModule":{
          "ConditionMeshList":{
            "ConditionMesh":[
              {
                "ConditionMeshId":"D000011471",
                "ConditionMeshTerm":"Prostatic Neoplasms"
              }
            ]
          },
          "ConditionAncestorList":{
            "ConditionAncestor":[
              {
                "ConditionAncestorId":"D000005834",
                "ConditionAncestorTerm":"Genital Neoplasms, Male"
              },{
                "ConditionAncestorId":"D000014565",
                "ConditionAncestorTerm":"Urogenital Neoplasms"
              },{
                "ConditionAncestorId":"D000009371",
                "ConditionAncestorTerm":"Neoplasms by Site"
              },{
                "ConditionAncestorId":"D000009369",
                "ConditionAncestorTerm":"Neoplasms"
              },{
                "ConditionAncestorId":"D000011469",
                "ConditionAncestorTerm":"Prostatic Diseases"
              }
            ]
          },
          "ConditionBrowseLeafList":{
            "ConditionBrowseLeaf":[
              {
                "ConditionBrowseLeafId":"M12918",
                "ConditionBrowseLeafName":"Prostatic Neoplasms",
                "ConditionBrowseLeafAsFound":"Prostate Cancer",
                "ConditionBrowseLeafRelevance":"high"
              },{
                "ConditionBrowseLeafId":"M2166",
                "ConditionBrowseLeafName":"Adenocarcinoma",
                "ConditionBrowseLeafRelevance":"low"
              },{
                "ConditionBrowseLeafId":"M7529",
                "ConditionBrowseLeafName":"Genital Neoplasms, Male",
                "ConditionBrowseLeafRelevance":"low"
              },{
                "ConditionBrowseLeafId":"M15898",
                "ConditionBrowseLeafName":"Urogenital Neoplasms",
                "ConditionBrowseLeafRelevance":"low"
              },{
                "ConditionBrowseLeafId":"M12916",
                "ConditionBrowseLeafName":"Prostatic Diseases",
                "ConditionBrowseLeafRelevance":"low"
              }
            ]
          },
          "ConditionBrowseBranchList":{
            "ConditionBrowseBranch":[
              {
                "ConditionBrowseBranchAbbrev":"BC04",
                "ConditionBrowseBranchName":"Cancers and Other Neoplasms"
              },{
                "ConditionBrowseBranchAbbrev":"BXS",
                "ConditionBrowseBranchName":"Urinary Tract, Sexual Organs, and Pregnancy Conditions"
              },{
                "ConditionBrowseBranchAbbrev":"All",
                "ConditionBrowseBranchName":"All Conditions"
              }
            ]
          }
        },
        "InterventionBrowseModule":{
          "InterventionMeshList":{
            "InterventionMesh":[
              {
                "InterventionMeshId":"D000077211",
                "InterventionMeshTerm":"Zoledronic Acid"
              }
            ]
          },
          "InterventionAncestorList":{
            "InterventionAncestor":[
              {
                "InterventionAncestorId":"D000050071",
                "InterventionAncestorTerm":"Bone Density Conservation Agents"
              },{
                "InterventionAncestorId":"D000045505",
                "InterventionAncestorTerm":"Physiological Effects of Drugs"
              }
            ]
          },
          "InterventionBrowseLeafList":{
            "InterventionBrowseLeaf":[
              {
                "InterventionBrowseLeafId":"M8372",
                "InterventionBrowseLeafName":"Hormones",
                "InterventionBrowseLeafRelevance":"low"
              },{
                "InterventionBrowseLeafId":"M1699",
                "InterventionBrowseLeafName":"Zoledronic Acid",
                "InterventionBrowseLeafAsFound":"Egypt",
                "InterventionBrowseLeafRelevance":"high"
              }
            ]
          },
          "InterventionBrowseBranchList":{
            "InterventionBrowseBranch":[
              {
                "InterventionBrowseBranchAbbrev":"All",
                "InterventionBrowseBranchName":"All Drugs and Chemicals"
              },{
                "InterventionBrowseBranchAbbrev":"BDCA",
                "InterventionBrowseBranchName":"Bone Density Conservation Agents"
              }
            ]
          }
        }
      }
    }
  }
}

