{
  "FullStudy":{
    "Rank":366919,
    "Study":{
      "ProtocolSection":{
        "IdentificationModule":{
          "NCTId":"NCT00038389",
          "OrgStudyIdInfo":{
            "OrgStudyId":"ID01-460"
          },
          "Organization":{
            "OrgFullName":"M.D. Anderson Cancer Center",
            "OrgClass":"OTHER"
          },
          "BriefTitle":"Study of Vioxx and Radiation Therapy for Brainstem Glioma",
          "OfficialTitle":"Phase I Study of Vioxx and Radiation Therapy for Brainstem Glioma"
        },
        "StatusModule":{
          "StatusVerifiedDate":"October 2018",
          "OverallStatus":"Terminated",
          "WhyStopped":"Unavailability of study drug.",
          "ExpandedAccessInfo":{
            "HasExpandedAccess":"No"
          },
          "StartDateStruct":{
            "StartDate":"October 2001"
          },
          "PrimaryCompletionDateStruct":{
            "PrimaryCompletionDate":"October 2004",
            "PrimaryCompletionDateType":"Actual"
          },
          "CompletionDateStruct":{
            "CompletionDate":"January 2005",
            "CompletionDateType":"Actual"
          },
          "StudyFirstSubmitDate":"May 30, 2002",
          "StudyFirstSubmitQCDate":"May 30, 2002",
          "StudyFirstPostDateStruct":{
            "StudyFirstPostDate":"May 31, 2002",
            "StudyFirstPostDateType":"Estimate"
          },
          "LastUpdateSubmitDate":"October 30, 2018",
          "LastUpdatePostDateStruct":{
            "LastUpdatePostDate":"November 1, 2018",
            "LastUpdatePostDateType":"Actual"
          }
        },
        "SponsorCollaboratorsModule":{
          "ResponsibleParty":{
            "ResponsiblePartyType":"Sponsor"
          },
          "LeadSponsor":{
            "LeadSponsorName":"M.D. Anderson Cancer Center",
            "LeadSponsorClass":"OTHER"
          }
        },
        "OversightModule":{
          "OversightHasDMC":"No"
        },
        "DescriptionModule":{
          "BriefSummary":"It is of interest to determine whether COX-2 inhibitors given with radiation therapy can prolong the progression-free survival in brain stem glioma. Diffuse pontine brainstem gliomas are more common in children, but are also seen in adults. However, the use of commercially available COX-2 inhibitors has not been evaluated in the pediatric population and the proper dosing in pediatrics is unknown. Therefore a Phase I study will need to be conducted as a first step. Rofecoxib is an FDA approved COX-2 inhibitor for use in adults. This phase I study is designed to determine the maximum tolerated dose of Rofecoxib given concurrently with standard radiation therapy for diffuse pontine brainstem glioma.",
          "DetailedDescription":"Rofecoxib is a non-steroidal anti-inflammatory drug.\n\nPatients in this study will take a certain amount of rofecoxib by mouth either once or twice a day during treatment with radiation therapy. They will continue to take rofecoxib for 6 months after the end of radiation therapy. Different dose levels will be given to different patients based on a statistical dose escalation (increase) program run on a computer called the Continuous Reassessment Method. At least 3 patients will be treated on each dose level starting at the lowest level. All patients are required to fill out a medication diary, documenting the dose of rofecoxib they are taking and the time they take it.\n\nPatients will receive radiation therapy once a day, five days a week for six weeks.\n\nDuring treatment, patients will have a weekly exam, including blood work and urine tests. The blood work will include liver and kidney function tests as well as coagulation (blood clotting) tests.\n\nPatients will be taken off study if intolerable side effects occur, including bleeding and/or severe allergic response.\n\nDuring the 6 months after completion of radiation, while patients are still receiving rofecoxib, monthly medical histories, physical exams, blood tests, and urine tests will be performed. Patients will have a MRI at 1, 3, and 6 months after completion of radiation therapy.\n\nThe first year after completion of rofecoxib therapy, patients will be interviewed and examined with blood and urine tests and MRI every 3 months. During 1-3 years following completion of rofecoxib therapy, this will be repeated every 6 months. After 3 years following completion of rofecoxib, follow-ups will occur yearly.\n\nThis is an investigational study. Rofecoxib is currently approved by the FDA for use in adults only. A maximum of 30 patients will take part in this study at UTMDACC."
        },
        "ConditionsModule":{
          "ConditionList":{
            "Condition":[
              "Glioma",
              "Brain Neoplasms"
            ]
          },
          "KeywordList":{
            "Keyword":[
              "Brain Stem Tumor"
            ]
          }
        },
        "DesignModule":{
          "StudyType":"Interventional",
          "PhaseList":{
            "Phase":[
              "Phase 1"
            ]
          },
          "DesignInfo":{
            "DesignAllocation":"Non-Randomized",
            "DesignInterventionModel":"Parallel Assignment",
            "DesignPrimaryPurpose":"Treatment",
            "DesignMaskingInfo":{
              "DesignMasking":"None (Open Label)"
            }
          },
          "EnrollmentInfo":{
            "EnrollmentCount":"8",
            "EnrollmentType":"Actual"
          }
        },
        "ArmsInterventionsModule":{
          "ArmGroupList":{
            "ArmGroup":[
              {
                "ArmGroupLabel":"Vioxx MTD",
                "ArmGroupType":"Experimental",
                "ArmGroupInterventionList":{
                  "ArmGroupInterventionName":[
                    "Drug: Vioxx"
                  ]
                }
              }
            ]
          },
          "InterventionList":{
            "Intervention":[
              {
                "InterventionType":"Drug",
                "InterventionName":"Vioxx",
                "InterventionDescription":"Starting dose for patients age 3-14 years 10.0 mg/1.73 m2 and for patients above 14 years of age 12.5 mg for 5 days per week for 6 weeks during radiation treatment, and 7 days per week for 6 months after radiation treatment.",
                "InterventionArmGroupLabelList":{
                  "InterventionArmGroupLabel":[
                    "Vioxx MTD"
                  ]
                },
                "InterventionOtherNameList":{
                  "InterventionOtherName":[
                    "Rofecoxib"
                  ]
                }
              }
            ]
          }
        },
        "OutcomesModule":{
          "PrimaryOutcomeList":{
            "PrimaryOutcome":[
              {
                "PrimaryOutcomeMeasure":"Maximum tolerated dose of VIOXX (rofecoxib) with 6 weeks of daily cranial radiation therapy",
                "PrimaryOutcomeDescription":"Maximum Tolerated Dose defined using each level's dose limiting toxicity (DLT) and continuous reassessment method (CRM).",
                "PrimaryOutcomeTimeFrame":"1 month following radiation therapy"
              }
            ]
          }
        },
        "EligibilityModule":{
          "EligibilityCriteria":"Inclusion Criteria:\n\nNewly diagnosed infiltrating lesion involving the pons and an MRI pattern of diffuse infiltration, that is not focal. The tumor may extend beyond the boundary of the pons.\nMRI of the brain with or without gadolinium within 4 weeks of starting therapy.\nClinical history < 6 months duration\nChildren >3 years of age and adults >18 years of age\nTreatment to begin within 6 weeks of diagnosis.\nWritten informed consent\nPerformance status: ECOG 0,1,2 or equivalent Lansky Play Performance Scale.\n\nAll patients must have adequate bone marrow function (ANC>1000, platelets >100,000, SGPT < 2.5x ULN) and renal function (creatinine clearance >50/ml/min/1.73 m2 or age-adjusted serum creatinine < 3x ULN)\n\nMRI of the spine within 4 weeks of starting therapy.\n\nExclusion Criteria:\n\nPregnancy. All participants who are of child-bearing age must agree to use a method of birth control/pregnancy prevention.\nBilirubin > 3x ULN.\nHistory of gastrointestinal bleeding.\nHistory of GI perforation due to ulcerative disease.\nPatients who have experienced asthma, urticaria, or allergic-type reactions after taking aspirin or other nonsteroidal anti-inflammatory drugs (NSAIDs)\nPrior therapy (Dexamethasone is not considered therapy.)\nPrior malignancy\nMetastasis to the spine.",
          "HealthyVolunteers":"No",
          "Gender":"All",
          "MinimumAge":"3 Years",
          "MaximumAge":"85 Years",
          "StdAgeList":{
            "StdAge":[
              "Child",
              "Adult",
              "Older Adult"
            ]
          }
        },
        "ContactsLocationsModule":{
          "OverallOfficialList":{
            "OverallOfficial":[
              {
                "OverallOfficialName":"Eric L. Chang, MD",
                "OverallOfficialAffiliation":"UT MD Anderson Cancer Center",
                "OverallOfficialRole":"Principal Investigator"
              }
            ]
          },
          "LocationList":{
            "Location":[
              {
                "LocationFacility":"UT MD Anderson Cancer Center",
                "LocationCity":"Houston",
                "LocationState":"Texas",
                "LocationZip":"77030",
                "LocationCountry":"United States"
              }
            ]
          }
        },
        "ReferencesModule":{
          "SeeAlsoLinkList":{
            "SeeAlsoLink":[
              {
                "SeeAlsoLinkLabel":"UT MD Anderson Cancer Center website",
                "SeeAlsoLinkURL":"http://www.mdanderson.org"
              }
            ]
          }
        }
      },
      "DerivedSection":{
        "MiscInfoModule":{
          "VersionHolder":"April 19, 2021"
        },
        "ConditionBrowseModule":{
          "ConditionMeshList":{
            "ConditionMesh":[
              {
                "ConditionMeshId":"D000005910",
                "ConditionMeshTerm":"Glioma"
              },{
                "ConditionMeshId":"D000001932",
                "ConditionMeshTerm":"Brain Neoplasms"
              }
            ]
          },
          "ConditionAncestorList":{
            "ConditionAncestor":[
              {
                "ConditionAncestorId":"D000018302",
                "ConditionAncestorTerm":"Neoplasms, Neuroepithelial"
              },{
                "ConditionAncestorId":"D000017599",
                "ConditionAncestorTerm":"Neuroectodermal Tumors"
              },{
                "ConditionAncestorId":"D000009373",
                "ConditionAncestorTerm":"Neoplasms, Germ Cell and Embryonal"
              },{
                "ConditionAncestorId":"D000009370",
                "ConditionAncestorTerm":"Neoplasms by Histologic Type"
              },{
                "ConditionAncestorId":"D000009369",
                "ConditionAncestorTerm":"Neoplasms"
              },{
                "ConditionAncestorId":"D000009375",
                "ConditionAncestorTerm":"Neoplasms, Glandular and Epithelial"
              },{
                "ConditionAncestorId":"D000009380",
                "ConditionAncestorTerm":"Neoplasms, Nerve Tissue"
              },{
                "ConditionAncestorId":"D000016543",
                "ConditionAncestorTerm":"Central Nervous System Neoplasms"
              },{
                "ConditionAncestorId":"D000009423",
                "ConditionAncestorTerm":"Nervous System Neoplasms"
              },{
                "ConditionAncestorId":"D000009371",
                "ConditionAncestorTerm":"Neoplasms by Site"
              },{
                "ConditionAncestorId":"D000001927",
                "ConditionAncestorTerm":"Brain Diseases"
              },{
                "ConditionAncestorId":"D000002493",
                "ConditionAncestorTerm":"Central Nervous System Diseases"
              },{
                "ConditionAncestorId":"D000009422",
                "ConditionAncestorTerm":"Nervous System Diseases"
              }
            ]
          },
          "ConditionBrowseLeafList":{
            "ConditionBrowseLeaf":[
              {
                "ConditionBrowseLeafId":"M3791",
                "ConditionBrowseLeafName":"Brain Neoplasms",
                "ConditionBrowseLeafAsFound":"Brain Neoplasms",
                "ConditionBrowseLeafRelevance":"high"
              },{
                "ConditionBrowseLeafId":"M7603",
                "ConditionBrowseLeafName":"Glioma",
                "ConditionBrowseLeafAsFound":"Glioma",
                "ConditionBrowseLeafRelevance":"high"
              },{
                "ConditionBrowseLeafId":"M20692",
                "ConditionBrowseLeafName":"Brain Stem Neoplasms",
                "ConditionBrowseLeafRelevance":"low"
              },{
                "ConditionBrowseLeafId":"M19030",
                "ConditionBrowseLeafName":"Neoplasms, Neuroepithelial",
                "ConditionBrowseLeafRelevance":"low"
              },{
                "ConditionBrowseLeafId":"M18428",
                "ConditionBrowseLeafName":"Neuroectodermal Tumors",
                "ConditionBrowseLeafRelevance":"low"
              },{
                "ConditionBrowseLeafId":"M18971",
                "ConditionBrowseLeafName":"Neuroectodermal Tumors, Primitive",
                "ConditionBrowseLeafRelevance":"low"
              },{
                "ConditionBrowseLeafId":"M10901",
                "ConditionBrowseLeafName":"Neoplasms, Germ Cell and Embryonal",
                "ConditionBrowseLeafRelevance":"low"
              },{
                "ConditionBrowseLeafId":"M10898",
                "ConditionBrowseLeafName":"Neoplasms by Histologic Type",
                "ConditionBrowseLeafRelevance":"low"
              },{
                "ConditionBrowseLeafId":"M10903",
                "ConditionBrowseLeafName":"Neoplasms, Glandular and Epithelial",
                "ConditionBrowseLeafRelevance":"low"
              },{
                "ConditionBrowseLeafId":"M10908",
                "ConditionBrowseLeafName":"Neoplasms, Nerve Tissue",
                "ConditionBrowseLeafRelevance":"low"
              },{
                "ConditionBrowseLeafId":"M17520",
                "ConditionBrowseLeafName":"Central Nervous System Neoplasms",
                "ConditionBrowseLeafRelevance":"low"
              },{
                "ConditionBrowseLeafId":"M10950",
                "ConditionBrowseLeafName":"Nervous System Neoplasms",
                "ConditionBrowseLeafRelevance":"low"
              },{
                "ConditionBrowseLeafId":"M3786",
                "ConditionBrowseLeafName":"Brain Diseases",
                "ConditionBrowseLeafRelevance":"low"
              },{
                "ConditionBrowseLeafId":"M4325",
                "ConditionBrowseLeafName":"Central Nervous System Diseases",
                "ConditionBrowseLeafRelevance":"low"
              },{
                "ConditionBrowseLeafId":"T2519",
                "ConditionBrowseLeafName":"Glioma",
                "ConditionBrowseLeafAsFound":"Glioma",
                "ConditionBrowseLeafRelevance":"high"
              },{
                "ConditionBrowseLeafId":"T4092",
                "ConditionBrowseLeafName":"Neuroepithelioma",
                "ConditionBrowseLeafRelevance":"low"
              }
            ]
          },
          "ConditionBrowseBranchList":{
            "ConditionBrowseBranch":[
              {
                "ConditionBrowseBranchAbbrev":"BC04",
                "ConditionBrowseBranchName":"Cancers and Other Neoplasms"
              },{
                "ConditionBrowseBranchAbbrev":"BC10",
                "ConditionBrowseBranchName":"Nervous System Diseases"
              },{
                "ConditionBrowseBranchAbbrev":"All",
                "ConditionBrowseBranchName":"All Conditions"
              },{
                "ConditionBrowseBranchAbbrev":"Rare",
                "ConditionBrowseBranchName":"Rare Diseases"
              }
            ]
          }
        },
        "InterventionBrowseModule":{
          "InterventionMeshList":{
            "InterventionMesh":[
              {
                "InterventionMeshId":"C000116926",
                "InterventionMeshTerm":"Rofecoxib"
              }
            ]
          },
          "InterventionAncestorList":{
            "InterventionAncestor":[
              {
                "InterventionAncestorId":"D000052246",
                "InterventionAncestorTerm":"Cyclooxygenase 2 Inhibitors"
              },{
                "InterventionAncestorId":"D000016861",
                "InterventionAncestorTerm":"Cyclooxygenase Inhibitors"
              },{
                "InterventionAncestorId":"D000004791",
                "InterventionAncestorTerm":"Enzyme Inhibitors"
              },{
                "InterventionAncestorId":"D000045504",
                "InterventionAncestorTerm":"Molecular Mechanisms of Pharmacological Action"
              },{
                "InterventionAncestorId":"D000000894",
                "InterventionAncestorTerm":"Anti-Inflammatory Agents, Non-Steroidal"
              },{
                "InterventionAncestorId":"D000018712",
                "InterventionAncestorTerm":"Analgesics, Non-Narcotic"
              },{
                "InterventionAncestorId":"D000000700",
                "InterventionAncestorTerm":"Analgesics"
              },{
                "InterventionAncestorId":"D000018689",
                "InterventionAncestorTerm":"Sensory System Agents"
              },{
                "InterventionAncestorId":"D000018373",
                "InterventionAncestorTerm":"Peripheral Nervous System Agents"
              },{
                "InterventionAncestorId":"D000045505",
                "InterventionAncestorTerm":"Physiological Effects of Drugs"
              },{
                "InterventionAncestorId":"D000000893",
                "InterventionAncestorTerm":"Anti-Inflammatory Agents"
              },{
                "InterventionAncestorId":"D000018501",
                "InterventionAncestorTerm":"Antirheumatic Agents"
              }
            ]
          },
          "InterventionBrowseLeafList":{
            "InterventionBrowseLeaf":[
              {
                "InterventionBrowseLeafId":"M251123",
                "InterventionBrowseLeafName":"Rofecoxib",
                "InterventionBrowseLeafAsFound":"Packaging",
                "InterventionBrowseLeafRelevance":"high"
              },{
                "InterventionBrowseLeafId":"M25596",
                "InterventionBrowseLeafName":"Cyclooxygenase 2 Inhibitors",
                "InterventionBrowseLeafRelevance":"low"
              },{
                "InterventionBrowseLeafId":"M17792",
                "InterventionBrowseLeafName":"Cyclooxygenase Inhibitors",
                "InterventionBrowseLeafRelevance":"low"
              },{
                "InterventionBrowseLeafId":"M2798",
                "InterventionBrowseLeafName":"Anti-Inflammatory Agents",
                "InterventionBrowseLeafRelevance":"low"
              },{
                "InterventionBrowseLeafId":"M2799",
                "InterventionBrowseLeafName":"Anti-Inflammatory Agents, Non-Steroidal",
                "InterventionBrowseLeafRelevance":"low"
              },{
                "InterventionBrowseLeafId":"M2613",
                "InterventionBrowseLeafName":"Analgesics",
                "InterventionBrowseLeafRelevance":"low"
              },{
                "InterventionBrowseLeafId":"M19370",
                "InterventionBrowseLeafName":"Analgesics, Non-Narcotic",
                "InterventionBrowseLeafRelevance":"low"
              },{
                "InterventionBrowseLeafId":"M19188",
                "InterventionBrowseLeafName":"Antirheumatic Agents",
                "InterventionBrowseLeafRelevance":"low"
              }
            ]
          },
          "InterventionBrowseBranchList":{
            "InterventionBrowseBranch":[
              {
                "InterventionBrowseBranchAbbrev":"Infl",
                "InterventionBrowseBranchName":"Anti-Inflammatory Agents"
              },{
                "InterventionBrowseBranchAbbrev":"ARhu",
                "InterventionBrowseBranchName":"Antirheumatic Agents"
              },{
                "InterventionBrowseBranchAbbrev":"Analg",
                "InterventionBrowseBranchName":"Analgesics"
              },{
                "InterventionBrowseBranchAbbrev":"All",
                "InterventionBrowseBranchName":"All Drugs and Chemicals"
              }
            ]
          }
        }
      }
    }
  }
}

