{
  "FullStudy":{
    "Rank":366858,
    "Study":{
      "ProtocolSection":{
        "IdentificationModule":{
          "NCTId":"NCT00039234",
          "OrgStudyIdInfo":{
            "OrgStudyId":"CDR0000069365"
          },
          "SecondaryIdInfoList":{
            "SecondaryIdInfo":[
              {
                "SecondaryId":"MAXIM-MP-8899-0104"
              },{
                "SecondaryId":"UCLA-0111056"
              },{
                "SecondaryId":"NCI-G02-2070"
              },{
                "SecondaryId":"MSKCC-03057"
              }
            ]
          },
          "Organization":{
            "OrgFullName":"National Cancer Institute (NCI)",
            "OrgClass":"NIH"
          },
          "BriefTitle":"Interleukin-2 With or Without Histamine Dihydrochloride in Treating Patients With Stage IV Melanoma Metastatic to the Liver",
          "OfficialTitle":"A Phase III, Multi-Center Controlled Trial With Stratified Randomization Comparing The Efficacy Of Interleukin-2 (IL-2) Plus Histamine Dihydrochloride (HDC) Versus IL-2 Alone To Increase The Duration Of Survival In Patients With AJCC Stage IV Malignant Melanoma With Hepatic Metastasis"
        },
        "StatusModule":{
          "StatusVerifiedDate":"December 2003",
          "OverallStatus":"Unknown status",
          "LastKnownStatus":"Active, not recruiting",
          "ExpandedAccessInfo":{
            "HasExpandedAccess":"No"
          },
          "StartDateStruct":{
            "StartDate":"September 2002"
          },
          "StudyFirstSubmitDate":"June 6, 2002",
          "StudyFirstSubmitQCDate":"January 26, 2003",
          "StudyFirstPostDateStruct":{
            "StudyFirstPostDate":"January 27, 2003",
            "StudyFirstPostDateType":"Estimate"
          },
          "LastUpdateSubmitDate":"December 17, 2013",
          "LastUpdatePostDateStruct":{
            "LastUpdatePostDate":"December 18, 2013",
            "LastUpdatePostDateType":"Estimate"
          }
        },
        "SponsorCollaboratorsModule":{
          "LeadSponsor":{
            "LeadSponsorName":"Maxim Pharmaceuticals",
            "LeadSponsorClass":"INDUSTRY"
          },
          "CollaboratorList":{
            "Collaborator":[
              {
                "CollaboratorName":"National Cancer Institute (NCI)",
                "CollaboratorClass":"NIH"
              }
            ]
          }
        },
        "DescriptionModule":{
          "BriefSummary":"RATIONALE: Interleukin-2 may stimulate a person's white blood cells to kill tumor cells. Histamine dihydrochloride may help interleukin-2 kill more tumor cells by making tumor cells more sensitive to the drug. It is not yet known if interleukin-2 is more effective with or without histamine dihydrochloride in treating stage IV melanoma that is metastatic to the liver.\n\nPURPOSE: Randomized phase III trial to compare the effectiveness of interleukin-2 with or without histamine dihydrochloride in treating patients who have stage IV melanoma that is metastatic to the liver.",
          "DetailedDescription":"OBJECTIVES:\n\nCompare the duration of survival in patients with stage IV melanoma with hepatic metastasis treated with interleukin-2 with or without histamine dihydrochloride.\nCompare the progression-free survival, response rate, response rate of hepatic tumors, and lack of disease progression in patients treated with these regimens.\nDetermine the safety of these regimens, in terms of frequency, severity, and causal relationship of adverse events, in these patients.\n\nOUTLINE: This is a randomized, multicenter study. Patients are stratified according to participating center location (North America vs Europe), lactate dehydrogenase (less than ULN vs ULN or greater), and metastatic sites (liver only vs liver and other sites). Patients are randomized to one of two treatment arms.\n\nArm I: Patients receive interleukin-2 (IL-2) subcutaneously (SC) twice daily on days 1 and 2 of weeks 1 and 3 and days 1-5 of weeks 2 and 4. Patients also receive histamine dihydrochloride SC over 10-30 minutes on days 1-5 of weeks 1-4.\nArm II: Patients receive IL-2 as in arm I. In both arms, treatment repeats every 6 weeks for at least 8 courses in the absence of disease progression or unacceptable toxicity.\n\nPatients are followed every 3 months for 3 years and then every 6 months thereafter.\n\nPROJECTED ACCRUAL: A total of 224 patients (112 per treatment arm) will be accrued for this study."
        },
        "ConditionsModule":{
          "ConditionList":{
            "Condition":[
              "Melanoma (Skin)",
              "Metastatic Cancer"
            ]
          },
          "KeywordList":{
            "Keyword":[
              "stage IV melanoma",
              "recurrent melanoma",
              "liver metastases"
            ]
          }
        },
        "DesignModule":{
          "StudyType":"Interventional",
          "PhaseList":{
            "Phase":[
              "Phase 3"
            ]
          },
          "DesignInfo":{
            "DesignAllocation":"Randomized",
            "DesignPrimaryPurpose":"Treatment"
          }
        },
        "ArmsInterventionsModule":{
          "InterventionList":{
            "Intervention":[
              {
                "InterventionType":"Biological",
                "InterventionName":"aldesleukin"
              },{
                "InterventionType":"Drug",
                "InterventionName":"histamine dihydrochloride"
              }
            ]
          }
        },
        "EligibilityModule":{
          "EligibilityCriteria":"DISEASE CHARACTERISTICS:\n\nHistologically confirmed stage IV melanoma\n\nMust have radiological evidence of lesions in liver (target or non-target)\n\nAt least 1 measurable lesion outside previously irradiated field\n\nAt least 20 mm by contrast-enhanced CT scan, MRI, medical photography, or physical exam OR at least 10 mm by spiral CT scan\nNo prior or concurrent clinical and/or objective evidence of brain metastasis\n\nPATIENT CHARACTERISTICS:\n\nAge:\n\n18 and over\n\nPerformance status:\n\nWHO 0-1\n\nLife expectancy:\n\nAt least 3 months\n\nHematopoietic:\n\nHemoglobin at least 9.5 g/dL\nWBC at least 3,000/mm^3\nGranulocyte count at least 2,000/mm^3\nPlatelet count at least 100,000/mm^3\n\nHepatic:\n\nBilirubin no greater than 2 times upper limit of normal (ULN)\nAST and ALT no greater than 4 times ULN\nAlkaline phosphatase no greater than 4 times ULN\nHepatitis B and C negative\n\nRenal:\n\nCreatinine no greater than 1.7 mg/dL\nCalcium no greater than 11.5 mg/dL\n\nCardiovascular:\n\nNo abnormal thallium stress test\nNo acute myocardial infarction within the past year\nNo New York Heart Association class III or IV heart disease\n\nPulmonary:\n\nNo asthma requiring active treatment within the past 5 years\nOxygen saturation by pulse oximeter at least 90% unless FEV_1 is greater than 2 L or at least 75% predicted\n\nOther:\n\nNot pregnant or nursing\nNegative pregnancy test\nFertile patients must use effective contraception\nHIV negative\nConcurrent medically-controlled (except with glyburide) or diet-controlled diabetes is allowed\nConcurrent medically-controlled thyroid dysfunction is allowed\nNo other active malignancy within the past 5 years except carcinoma in situ of the cervix or localized squamous cell or basal cell skin cancer\nNo serious non-malignant medical conditions, including psychiatric disability, that would preclude study compliance\nNo active autoimmune disease (e.g., lupus, inflammatory bowel disease, or psoriasis)\nNo active peptic and/or esophageal ulcer disease\nNo hypersensitivity to histamine products or urticaria\nNo active IV drug abuse\n\nPRIOR CONCURRENT THERAPY:\n\nBiologic therapy:\n\nNo prior immunotherapy with high-dose IV interleukin-2 (IL-2)\nNo prior combination immunotherapy with chemotherapy\nAt least 1 year since prior low-dose adjuvant IL-2 as part of vaccine therapy or as therapy for stage II or III melanoma\n\nChemotherapy:\n\nSee Biologic therapy\n\nEndocrine therapy:\n\nNo chronic systemic glucocorticoid steroids\n\nAsthma inhalers, topical creams, or intra-articular injections allowed\nHormonal therapy for non-melanoma-related conditions allowed\n\nRadiotherapy:\n\nSee Disease Characteristics\nConcurrent radiotherapy as palliative therapy for isolated non-target lesions (e.g., bone lesions) allowed\n\nSurgery:\n\nNot specified\n\nOther:\n\nAt least 4 weeks since prior therapy directed at malignancy\nAt least 4 weeks since prior investigational medications or therapies\nAt least 2 weeks since prior parenteral antioxidants and/or vitamins\nAt least 2 weeks since prior antibiotics for active illness\nAt least 2 weeks since prior H2 antagonists, beta-blockers, antihypertensives, antimalarials, antitrypanosomals, neuromuscular-blocking agents, tricyclic antidepressants, or alprazolam\nAt least 24 hours since prior antihistamines\nNo prior enrollment in any Maxim Pharmaceuticals investigational trials\nNo concurrent anticonvulsant therapy for seizure disorder\nNo other concurrent investigational drug\nNo concurrent H2 antagonists, tricyclic antidepressants, alprazolam, beta- blockers, antihypertensives, antitrypanosomals, antimalarials, or monoamine oxidase inhibitors\nNo concurrent inhibitors of diamine oxidase, monoamine oxidase, or histamine N-methyltransferase\nNo concurrent antihistamines",
          "HealthyVolunteers":"No",
          "Gender":"All",
          "MinimumAge":"18 Years",
          "StdAgeList":{
            "StdAge":[
              "Adult",
              "Older Adult"
            ]
          }
        },
        "ContactsLocationsModule":{
          "OverallOfficialList":{
            "OverallOfficial":[
              {
                "OverallOfficialName":"John A. Glaspy, MD, MPH",
                "OverallOfficialAffiliation":"Jonsson Comprehensive Cancer Center",
                "OverallOfficialRole":"Study Chair"
              }
            ]
          },
          "LocationList":{
            "Location":[
              {
                "LocationFacility":"John Wayne Cancer Institute at Saint John's Health Center",
                "LocationCity":"Santa Monica",
                "LocationState":"California",
                "LocationZip":"90404",
                "LocationCountry":"United States"
              },{
                "LocationFacility":"University of Colorado Cancer Center at University of Colorado Health Sciences Center",
                "LocationCity":"Aurora",
                "LocationState":"Colorado",
                "LocationZip":"80010",
                "LocationCountry":"United States"
              },{
                "LocationFacility":"Moffitt Clinic at Tampa General Hospital",
                "LocationCity":"Tampa",
                "LocationState":"Florida",
                "LocationZip":"33612",
                "LocationCountry":"United States"
              },{
                "LocationFacility":"University of Chicago Cancer Research Center",
                "LocationCity":"Chicago",
                "LocationState":"Illinois",
                "LocationZip":"60637-1470",
                "LocationCountry":"United States"
              },{
                "LocationFacility":"James Graham Brown Cancer Center at University of Louisville",
                "LocationCity":"Louisville",
                "LocationState":"Kentucky",
                "LocationZip":"40202",
                "LocationCountry":"United States"
              },{
                "LocationFacility":"Ellis Fischel Cancer Center at University of Missouri - Columbia",
                "LocationCity":"Columbia",
                "LocationState":"Missouri",
                "LocationZip":"65203",
                "LocationCountry":"United States"
              },{
                "LocationFacility":"Melanoma Center of St. Louis, Missouri Baptist Medical Center",
                "LocationCity":"Saint Louis",
                "LocationState":"Missouri",
                "LocationZip":"63131",
                "LocationCountry":"United States"
              },{
                "LocationFacility":"Comprehensive Cancer Center at Our Lady of Mercy Medical Center",
                "LocationCity":"Bronx",
                "LocationState":"New York",
                "LocationZip":"10466",
                "LocationCountry":"United States"
              },{
                "LocationFacility":"Beth Israel Medical Center",
                "LocationCity":"New York",
                "LocationState":"New York",
                "LocationZip":"10003",
                "LocationCountry":"United States"
              },{
                "LocationFacility":"Memorial Sloan-Kettering Cancer Center",
                "LocationCity":"New York",
                "LocationState":"New York",
                "LocationZip":"10021",
                "LocationCountry":"United States"
              },{
                "LocationFacility":"Hillman Cancer Center at University of Pittsburgh Cancer Institute",
                "LocationCity":"Pittsburgh",
                "LocationState":"Pennsylvania",
                "LocationZip":"15213-3489",
                "LocationCountry":"United States"
              },{
                "LocationFacility":"Cross Cancer Institute",
                "LocationCity":"Edmonton",
                "LocationState":"Alberta",
                "LocationZip":"T6G 1Z2",
                "LocationCountry":"Canada"
              },{
                "LocationFacility":"Centre Hospitalier Universitaire de Quebec",
                "LocationCity":"Quebec City",
                "LocationState":"Quebec",
                "LocationZip":"G1R 2J6",
                "LocationCountry":"Canada"
              },{
                "LocationFacility":"Charite - Universitaetsmedizin Berlin",
                "LocationCity":"Berlin",
                "LocationZip":"D-12200",
                "LocationCountry":"Germany"
              },{
                "LocationFacility":"Universitatsklinik - Saarland",
                "LocationCity":"Homburg/Saar",
                "LocationZip":"D-66421",
                "LocationCountry":"Germany"
              },{
                "LocationFacility":"Kiel Universitatshautklinik",
                "LocationCity":"Kiel",
                "LocationZip":"DOH-24105",
                "LocationCountry":"Germany"
              },{
                "LocationFacility":"Klinische Kooperationseinheit fur Dermatoonkologie (DFKZ)",
                "LocationCity":"Mannheim",
                "LocationZip":"68135",
                "LocationCountry":"Germany"
              },{
                "LocationFacility":"Klinikum Rechts Der Isar/Technische Universitaet Muenchen",
                "LocationCity":"Munich",
                "LocationZip":"D-81675",
                "LocationCountry":"Germany"
              },{
                "LocationFacility":"Royal Marsden Hospital - Sutton",
                "LocationCity":"London",
                "LocationState":"England",
                "LocationZip":"SW3 6JJ",
                "LocationCountry":"United Kingdom"
              }
            ]
          }
        }
      },
      "DerivedSection":{
        "MiscInfoModule":{
          "VersionHolder":"April 19, 2021"
        },
        "ConditionBrowseModule":{
          "ConditionMeshList":{
            "ConditionMesh":[
              {
                "ConditionMeshId":"D000008545",
                "ConditionMeshTerm":"Melanoma"
              }
            ]
          },
          "ConditionAncestorList":{
            "ConditionAncestor":[
              {
                "ConditionAncestorId":"D000018358",
                "ConditionAncestorTerm":"Neuroendocrine Tumors"
              },{
                "ConditionAncestorId":"D000017599",
                "ConditionAncestorTerm":"Neuroectodermal Tumors"
              },{
                "ConditionAncestorId":"D000009373",
                "ConditionAncestorTerm":"Neoplasms, Germ Cell and Embryonal"
              },{
                "ConditionAncestorId":"D000009370",
                "ConditionAncestorTerm":"Neoplasms by Histologic Type"
              },{
                "ConditionAncestorId":"D000009369",
                "ConditionAncestorTerm":"Neoplasms"
              },{
                "ConditionAncestorId":"D000009380",
                "ConditionAncestorTerm":"Neoplasms, Nerve Tissue"
              },{
                "ConditionAncestorId":"D000018326",
                "ConditionAncestorTerm":"Nevi and Melanomas"
              }
            ]
          },
          "ConditionBrowseLeafList":{
            "ConditionBrowseLeaf":[
              {
                "ConditionBrowseLeafId":"M10111",
                "ConditionBrowseLeafName":"Melanoma",
                "ConditionBrowseLeafAsFound":"Melanoma",
                "ConditionBrowseLeafRelevance":"high"
              },{
                "ConditionBrowseLeafId":"M10890",
                "ConditionBrowseLeafName":"Neoplasm Metastasis",
                "ConditionBrowseLeafRelevance":"low"
              },{
                "ConditionBrowseLeafId":"M19079",
                "ConditionBrowseLeafName":"Neuroendocrine Tumors",
                "ConditionBrowseLeafRelevance":"low"
              },{
                "ConditionBrowseLeafId":"M18428",
                "ConditionBrowseLeafName":"Neuroectodermal Tumors",
                "ConditionBrowseLeafRelevance":"low"
              },{
                "ConditionBrowseLeafId":"M18971",
                "ConditionBrowseLeafName":"Neuroectodermal Tumors, Primitive",
                "ConditionBrowseLeafRelevance":"low"
              },{
                "ConditionBrowseLeafId":"M10901",
                "ConditionBrowseLeafName":"Neoplasms, Germ Cell and Embryonal",
                "ConditionBrowseLeafRelevance":"low"
              },{
                "ConditionBrowseLeafId":"M10898",
                "ConditionBrowseLeafName":"Neoplasms by Histologic Type",
                "ConditionBrowseLeafRelevance":"low"
              },{
                "ConditionBrowseLeafId":"M10908",
                "ConditionBrowseLeafName":"Neoplasms, Nerve Tissue",
                "ConditionBrowseLeafRelevance":"low"
              },{
                "ConditionBrowseLeafId":"M11029",
                "ConditionBrowseLeafName":"Nevus",
                "ConditionBrowseLeafRelevance":"low"
              },{
                "ConditionBrowseLeafId":"M11031",
                "ConditionBrowseLeafName":"Nevus, Pigmented",
                "ConditionBrowseLeafRelevance":"low"
              },{
                "ConditionBrowseLeafId":"M19054",
                "ConditionBrowseLeafName":"Nevi and Melanomas",
                "ConditionBrowseLeafRelevance":"low"
              },{
                "ConditionBrowseLeafId":"T4091",
                "ConditionBrowseLeafName":"Neuroendocrine Tumor",
                "ConditionBrowseLeafRelevance":"low"
              },{
                "ConditionBrowseLeafId":"T4092",
                "ConditionBrowseLeafName":"Neuroepithelioma",
                "ConditionBrowseLeafRelevance":"low"
              }
            ]
          },
          "ConditionBrowseBranchList":{
            "ConditionBrowseBranch":[
              {
                "ConditionBrowseBranchAbbrev":"BC04",
                "ConditionBrowseBranchName":"Cancers and Other Neoplasms"
              },{
                "ConditionBrowseBranchAbbrev":"All",
                "ConditionBrowseBranchName":"All Conditions"
              },{
                "ConditionBrowseBranchAbbrev":"BC23",
                "ConditionBrowseBranchName":"Symptoms and General Pathology"
              },{
                "ConditionBrowseBranchAbbrev":"Rare",
                "ConditionBrowseBranchName":"Rare Diseases"
              }
            ]
          }
        },
        "InterventionBrowseModule":{
          "InterventionMeshList":{
            "InterventionMesh":[
              {
                "InterventionMeshId":"C000082598",
                "InterventionMeshTerm":"Aldesleukin"
              },{
                "InterventionMeshId":"D000006632",
                "InterventionMeshTerm":"Histamine"
              },{
                "InterventionMeshId":"C000027556",
                "InterventionMeshTerm":"Histamine phosphate"
              }
            ]
          },
          "InterventionAncestorList":{
            "InterventionAncestor":[
              {
                "InterventionAncestorId":"D000000970",
                "InterventionAncestorTerm":"Antineoplastic Agents"
              },{
                "InterventionAncestorId":"D000019380",
                "InterventionAncestorTerm":"Anti-HIV Agents"
              },{
                "InterventionAncestorId":"D000044966",
                "InterventionAncestorTerm":"Anti-Retroviral Agents"
              },{
                "InterventionAncestorId":"D000000998",
                "InterventionAncestorTerm":"Antiviral Agents"
              },{
                "InterventionAncestorId":"D000000890",
                "InterventionAncestorTerm":"Anti-Infective Agents"
              },{
                "InterventionAncestorId":"D000017442",
                "InterventionAncestorTerm":"Histamine Agonists"
              },{
                "InterventionAncestorId":"D000018494",
                "InterventionAncestorTerm":"Histamine Agents"
              },{
                "InterventionAncestorId":"D000018377",
                "InterventionAncestorTerm":"Neurotransmitter Agents"
              },{
                "InterventionAncestorId":"D000045504",
                "InterventionAncestorTerm":"Molecular Mechanisms of Pharmacological Action"
              },{
                "InterventionAncestorId":"D000045505",
                "InterventionAncestorTerm":"Physiological Effects of Drugs"
              }
            ]
          },
          "InterventionBrowseLeafList":{
            "InterventionBrowseLeaf":[
              {
                "InterventionBrowseLeafId":"M8994",
                "InterventionBrowseLeafName":"Interleukin-2",
                "InterventionBrowseLeafRelevance":"low"
              },{
                "InterventionBrowseLeafId":"M8291",
                "InterventionBrowseLeafName":"Histamine",
                "InterventionBrowseLeafAsFound":"Axillary nerve block",
                "InterventionBrowseLeafRelevance":"high"
              },{
                "InterventionBrowseLeafId":"M9693",
                "InterventionBrowseLeafName":"Liver Extracts",
                "InterventionBrowseLeafRelevance":"low"
              },{
                "InterventionBrowseLeafId":"M233128",
                "InterventionBrowseLeafName":"Aldesleukin",
                "InterventionBrowseLeafAsFound":"Intubation",
                "InterventionBrowseLeafRelevance":"high"
              },{
                "InterventionBrowseLeafId":"M219111",
                "InterventionBrowseLeafName":"Histamine phosphate",
                "InterventionBrowseLeafAsFound":"Axillary nerve block",
                "InterventionBrowseLeafRelevance":"high"
              },{
                "InterventionBrowseLeafId":"M19934",
                "InterventionBrowseLeafName":"Anti-HIV Agents",
                "InterventionBrowseLeafRelevance":"low"
              },{
                "InterventionBrowseLeafId":"M24015",
                "InterventionBrowseLeafName":"Anti-Retroviral Agents",
                "InterventionBrowseLeafRelevance":"low"
              },{
                "InterventionBrowseLeafId":"M2895",
                "InterventionBrowseLeafName":"Antiviral Agents",
                "InterventionBrowseLeafRelevance":"low"
              },{
                "InterventionBrowseLeafId":"M2795",
                "InterventionBrowseLeafName":"Anti-Infective Agents",
                "InterventionBrowseLeafRelevance":"low"
              },{
                "InterventionBrowseLeafId":"M19088",
                "InterventionBrowseLeafName":"Neurotransmitter Agents",
                "InterventionBrowseLeafRelevance":"low"
              }
            ]
          },
          "InterventionBrowseBranchList":{
            "InterventionBrowseBranch":[
              {
                "InterventionBrowseBranchAbbrev":"ANeo",
                "InterventionBrowseBranchName":"Antineoplastic Agents"
              },{
                "InterventionBrowseBranchAbbrev":"Analg",
                "InterventionBrowseBranchName":"Analgesics"
              },{
                "InterventionBrowseBranchAbbrev":"All",
                "InterventionBrowseBranchName":"All Drugs and Chemicals"
              },{
                "InterventionBrowseBranchAbbrev":"Hemat",
                "InterventionBrowseBranchName":"Hematinics"
              },{
                "InterventionBrowseBranchAbbrev":"Infe",
                "InterventionBrowseBranchName":"Anti-Infective Agents"
              }
            ]
          }
        }
      }
    }
  }
}

