{
  "FullStudy":{
    "Rank":367117,
    "Study":{
      "ProtocolSection":{
        "IdentificationModule":{
          "NCTId":"NCT00035672",
          "OrgStudyIdInfo":{
            "OrgStudyId":"997"
          },
          "SecondaryIdInfoList":{
            "SecondaryIdInfo":[
              {
                "SecondaryId":"R01HL068737",
                "SecondaryIdType":"U.S. NIH Grant/Contract",
                "SecondaryIdLink":"https://projectreporter.nih.gov/reporterapi.cfm?PROJECTNUM=R01HL068737&Fy=all"
              }
            ]
          },
          "Organization":{
            "OrgFullName":"University of Michigan",
            "OrgClass":"OTHER"
          },
          "BriefTitle":"Genetic Predictors of Incident Cardiovascular Disease"
        },
        "StatusModule":{
          "StatusVerifiedDate":"November 2017",
          "OverallStatus":"Withdrawn",
          "ExpandedAccessInfo":{
            "HasExpandedAccess":"No"
          },
          "StartDateStruct":{
            "StartDate":"March 2002"
          },
          "PrimaryCompletionDateStruct":{
            "PrimaryCompletionDate":"December 2007",
            "PrimaryCompletionDateType":"Actual"
          },
          "CompletionDateStruct":{
            "CompletionDate":"December 2007",
            "CompletionDateType":"Actual"
          },
          "StudyFirstSubmitDate":"May 4, 2002",
          "StudyFirstSubmitQCDate":"May 4, 2002",
          "StudyFirstPostDateStruct":{
            "StudyFirstPostDate":"May 6, 2002",
            "StudyFirstPostDateType":"Estimate"
          },
          "LastUpdateSubmitDate":"November 16, 2017",
          "LastUpdatePostDateStruct":{
            "LastUpdatePostDate":"November 20, 2017",
            "LastUpdatePostDateType":"Actual"
          }
        },
        "SponsorCollaboratorsModule":{
          "ResponsibleParty":{
            "ResponsiblePartyType":"Principal Investigator",
            "ResponsiblePartyInvestigatorFullName":"Sharon L.R. Kardia",
            "ResponsiblePartyInvestigatorTitle":"Professor of Epidemiology",
            "ResponsiblePartyInvestigatorAffiliation":"University of Michigan"
          },
          "LeadSponsor":{
            "LeadSponsorName":"University of Michigan",
            "LeadSponsorClass":"OTHER"
          },
          "CollaboratorList":{
            "Collaborator":[
              {
                "CollaboratorName":"National Heart, Lung, and Blood Institute (NHLBI)",
                "CollaboratorClass":"NIH"
              }
            ]
          }
        },
        "OversightModule":{},
        "DescriptionModule":{
          "BriefSummary":"To evaluate how current genetic information about cardiovascular disease susceptibility genes contributes to the prediction of future cardiovascular disease outcomes.",
          "DetailedDescription":"BACKGROUND:\n\nDuring the 1980s and 1990s, genetic research in cardiovascular disease (CVD), as well as other common chronic diseases, has been dominated by single gene linkage and association studies focused on understanding of the genetics of prevalent disease. Rarely have there been studies of the longitudinal predictive value of these genetic variations. Furthermore, few studies have attempted to address the complex and high-dimensional genetic reality that underlies an individual's risk of disease. A crucial next step in CVD genetic research is the evaluation of the contribution of variations in many genes simultaneously, and their interactions with traditional risk factors, to the longitudinal prediction of CVD in individuals and families.\n\nDESIGN NARRATIVE:\n\nThe study uses participants from the Rochester Family Heart Study (RFHS) which provides one of the richest genetic epidemiological resources for this type of study. The RFHS represents 3941 individuals distributed among 552 three- generation pedigrees ascertained without regard to health status during two phases of collection. Phase I was from 1984 - 1988 and Phase II was from 1988 - 1991. These participants have extensive demographic, physiological, genetic, and clinical information measured at baseline. This study builds upon this already established resource by conducting a longitudinal follow-up of the RFHS participants to address two central questions: 1) Do measured genetic variations in known susceptibility genes provide additional predictive information about risk of future CVD outcomes beyond the information provided by more traditional risk factors? and 2) Do these measured genetic variations explain patterns of disease aggregation in families and can these patterns be used to predict disease in future generations?"
        },
        "ConditionsModule":{
          "ConditionList":{
            "Condition":[
              "Cardiovascular Diseases",
              "Heart Diseases"
            ]
          }
        },
        "DesignModule":{
          "StudyType":"Observational",
          "DesignInfo":{
            "DesignObservationalModelList":{
              "DesignObservationalModel":[
                "Cohort"
              ]
            },
            "DesignTimePerspectiveList":{
              "DesignTimePerspective":[
                "Retrospective"
              ]
            }
          },
          "EnrollmentInfo":{
            "EnrollmentCount":"0",
            "EnrollmentType":"Actual"
          }
        },
        "EligibilityModule":{
          "EligibilityCriteria":"No eligibility criteria",
          "HealthyVolunteers":"No",
          "Gender":"All",
          "MaximumAge":"100 Years",
          "StdAgeList":{
            "StdAge":[
              "Child",
              "Adult",
              "Older Adult"
            ]
          }
        },
        "ContactsLocationsModule":{
          "OverallOfficialList":{
            "OverallOfficial":[
              {
                "OverallOfficialName":"Sharon Kardia",
                "OverallOfficialAffiliation":"University of Michigan"
              }
            ]
          }
        },
        "ReferencesModule":{
          "ReferenceList":{
            "Reference":[
              {
                "ReferencePMID":"12568820",
                "ReferenceType":"background",
                "ReferenceCitation":"Kardia SL, Modell SM, Peyser PA. Family-centered approaches to understanding and preventing coronary heart disease. Am J Prev Med. 2003 Feb;24(2):143-51. Review."
              },{
                "ReferencePMID":"15496802",
                "ReferenceType":"background",
                "ReferenceCitation":"Sing CF, Stengård JH, Kardia SL. Dynamic relationships between the genome and exposures to environments as causes of common human diseases. World Rev Nutr Diet. 2004;93:77-91. Review."
              }
            ]
          }
        }
      },
      "DerivedSection":{
        "MiscInfoModule":{
          "VersionHolder":"April 19, 2021"
        },
        "ConditionBrowseModule":{
          "ConditionMeshList":{
            "ConditionMesh":[
              {
                "ConditionMeshId":"D000002318",
                "ConditionMeshTerm":"Cardiovascular Diseases"
              },{
                "ConditionMeshId":"D000006331",
                "ConditionMeshTerm":"Heart Diseases"
              }
            ]
          },
          "ConditionBrowseLeafList":{
            "ConditionBrowseLeaf":[
              {
                "ConditionBrowseLeafId":"M8002",
                "ConditionBrowseLeafName":"Heart Diseases",
                "ConditionBrowseLeafAsFound":"Heart Disease",
                "ConditionBrowseLeafRelevance":"high"
              }
            ]
          },
          "ConditionBrowseBranchList":{
            "ConditionBrowseBranch":[
              {
                "ConditionBrowseBranchAbbrev":"BC14",
                "ConditionBrowseBranchName":"Heart and Blood Diseases"
              },{
                "ConditionBrowseBranchAbbrev":"All",
                "ConditionBrowseBranchName":"All Conditions"
              }
            ]
          }
        }
      }
    }
  }
}

