{
  "FullStudy":{
    "Rank":367013,
    "Study":{
      "ProtocolSection":{
        "IdentificationModule":{
          "NCTId":"NCT00037141",
          "OrgStudyIdInfo":{
            "OrgStudyId":"AMS002"
          },
          "Organization":{
            "OrgFullName":"American Medical Systems",
            "OrgClass":"INDUSTRY"
          },
          "BriefTitle":"Safety/Tolerability Study of Alcohol Injection for Treatment of BPH (Enlarged Prostate)",
          "OfficialTitle":"Evaluation of the Safety and Tolerability of Transurethral Alcohol Injection for the Treatment of BPH (Enlarged Prostate)"
        },
        "StatusModule":{
          "StatusVerifiedDate":"June 2004",
          "OverallStatus":"Completed",
          "StartDateStruct":{
            "StartDate":"March 2002"
          },
          "CompletionDateStruct":{
            "CompletionDate":"March 2004"
          },
          "StudyFirstSubmitDate":"May 15, 2002",
          "StudyFirstSubmitQCDate":"May 16, 2002",
          "StudyFirstPostDateStruct":{
            "StudyFirstPostDate":"May 17, 2002",
            "StudyFirstPostDateType":"Estimate"
          },
          "LastUpdateSubmitDate":"October 4, 2007",
          "LastUpdatePostDateStruct":{
            "LastUpdatePostDate":"October 10, 2007",
            "LastUpdatePostDateType":"Estimate"
          }
        },
        "SponsorCollaboratorsModule":{
          "LeadSponsor":{
            "LeadSponsorName":"American Medical Systems",
            "LeadSponsorClass":"INDUSTRY"
          }
        },
        "OversightModule":{},
        "DescriptionModule":{
          "BriefSummary":"Multi-center, prospective randomized dosing and safety research study. A maximum of 150 men will be enrolled in the study. Qualifying patients will receive one of three possible doses of the study drug. Symptoms will be evaluated before treatment, and then 1-week, 1-month, 3-months, and 6-months following treatment."
        },
        "ConditionsModule":{
          "ConditionList":{
            "Condition":[
              "Prostate Disease",
              "BPH",
              "Benign Prostatic Hyperplasia",
              "Benign Prostatic Hypertrophy"
            ]
          },
          "KeywordList":{
            "Keyword":[
              "Prostate",
              "BPH",
              "Prostatitis"
            ]
          }
        },
        "DesignModule":{
          "StudyType":"Interventional",
          "PhaseList":{
            "Phase":[
              "Phase 1",
              "Phase 2"
            ]
          },
          "DesignInfo":{
            "DesignAllocation":"Randomized",
            "DesignInterventionModel":"Parallel Assignment",
            "DesignPrimaryPurpose":"Treatment"
          },
          "EnrollmentInfo":{
            "EnrollmentCount":"150"
          }
        },
        "ArmsInterventionsModule":{
          "InterventionList":{
            "Intervention":[
              {
                "InterventionType":"Drug",
                "InterventionName":"dehydrated alcohol"
              }
            ]
          }
        },
        "EligibilityModule":{
          "EligibilityCriteria":"Eligible patients are 50 to 80-year-old men who have experienced some or all of the following urinary symptoms for at least 6 months:\n\nfrequent or urgent need to urinate\ndifficulty starting their urinary stream\ninterruption of their urinary stream\nfeeling of incomplete emptying of bladder after urinating\ninterruption of sleep due to the urge to urinate\n\nPatients should have tried oral medication for their condition in the past, and be willing to discontinue any current BPH medications for a period of time before undergoing study treatment. They should be in good general health and have no previous surgery, or other procedure(s) intended to reduce prostate size.",
          "HealthyVolunteers":"No",
          "Gender":"Male",
          "MinimumAge":"50 Years",
          "MaximumAge":"80 Years",
          "StdAgeList":{
            "StdAge":[
              "Adult",
              "Older Adult"
            ]
          }
        }
      },
      "DerivedSection":{
        "MiscInfoModule":{
          "VersionHolder":"April 19, 2021"
        },
        "ConditionBrowseModule":{
          "ConditionMeshList":{
            "ConditionMesh":[
              {
                "ConditionMeshId":"D000011470",
                "ConditionMeshTerm":"Prostatic Hyperplasia"
              },{
                "ConditionMeshId":"D000011469",
                "ConditionMeshTerm":"Prostatic Diseases"
              },{
                "ConditionMeshId":"D000006965",
                "ConditionMeshTerm":"Hyperplasia"
              },{
                "ConditionMeshId":"D000006984",
                "ConditionMeshTerm":"Hypertrophy"
              }
            ]
          },
          "ConditionAncestorList":{
            "ConditionAncestor":[
              {
                "ConditionAncestorId":"D000010335",
                "ConditionAncestorTerm":"Pathologic Processes"
              },{
                "ConditionAncestorId":"D000020763",
                "ConditionAncestorTerm":"Pathological Conditions, Anatomical"
              }
            ]
          },
          "ConditionBrowseLeafList":{
            "ConditionBrowseLeaf":[
              {
                "ConditionBrowseLeafId":"M8618",
                "ConditionBrowseLeafName":"Hypertrophy",
                "ConditionBrowseLeafAsFound":"Hypertrophy",
                "ConditionBrowseLeafRelevance":"high"
              },{
                "ConditionBrowseLeafId":"M12917",
                "ConditionBrowseLeafName":"Prostatic Hyperplasia",
                "ConditionBrowseLeafAsFound":"Prostatic Hyperplasia",
                "ConditionBrowseLeafRelevance":"high"
              },{
                "ConditionBrowseLeafId":"M8599",
                "ConditionBrowseLeafName":"Hyperplasia",
                "ConditionBrowseLeafAsFound":"Hyperplasia",
                "ConditionBrowseLeafRelevance":"high"
              },{
                "ConditionBrowseLeafId":"M12916",
                "ConditionBrowseLeafName":"Prostatic Diseases",
                "ConditionBrowseLeafAsFound":"Prostate Disease",
                "ConditionBrowseLeafRelevance":"high"
              },{
                "ConditionBrowseLeafId":"M12919",
                "ConditionBrowseLeafName":"Prostatitis",
                "ConditionBrowseLeafRelevance":"low"
              },{
                "ConditionBrowseLeafId":"M21103",
                "ConditionBrowseLeafName":"Pathological Conditions, Anatomical",
                "ConditionBrowseLeafRelevance":"low"
              }
            ]
          },
          "ConditionBrowseBranchList":{
            "ConditionBrowseBranch":[
              {
                "ConditionBrowseBranchAbbrev":"BC23",
                "ConditionBrowseBranchName":"Symptoms and General Pathology"
              },{
                "ConditionBrowseBranchAbbrev":"All",
                "ConditionBrowseBranchName":"All Conditions"
              },{
                "ConditionBrowseBranchAbbrev":"BXS",
                "ConditionBrowseBranchName":"Urinary Tract, Sexual Organs, and Pregnancy Conditions"
              }
            ]
          }
        },
        "InterventionBrowseModule":{
          "InterventionBrowseLeafList":{
            "InterventionBrowseLeaf":[
              {
                "InterventionBrowseLeafId":"M2358",
                "InterventionBrowseLeafName":"Ethanol",
                "InterventionBrowseLeafRelevance":"low"
              }
            ]
          },
          "InterventionBrowseBranchList":{
            "InterventionBrowseBranch":[
              {
                "InterventionBrowseBranchAbbrev":"Infe",
                "InterventionBrowseBranchName":"Anti-Infective Agents"
              },{
                "InterventionBrowseBranchAbbrev":"CNSDep",
                "InterventionBrowseBranchName":"Central Nervous System Depressants"
              },{
                "InterventionBrowseBranchAbbrev":"All",
                "InterventionBrowseBranchName":"All Drugs and Chemicals"
              }
            ]
          }
        }
      }
    }
  }
}

