{
  "FullStudy":{
    "Rank":367020,
    "Study":{
      "ProtocolSection":{
        "IdentificationModule":{
          "NCTId":"NCT00037050",
          "OrgStudyIdInfo":{
            "OrgStudyId":"M12600080"
          },
          "SecondaryIdInfoList":{
            "SecondaryIdInfo":[
              {
                "SecondaryId":"A5951060"
              }
            ]
          },
          "Organization":{
            "OrgFullName":"Pfizer",
            "OrgClass":"INDUSTRY"
          },
          "BriefTitle":"Antibiotic Treatment for Infections of Short Term In-dwelling Vascular Catheters Due to Gram Positive Bacteria",
          "OfficialTitle":"Linezolid vs. Vancomycin/Oxacillin/Dicloxacillin in the Treatment of Catheter-Related Gram-Positive Bloodstream Infections"
        },
        "StatusModule":{
          "StatusVerifiedDate":"September 2009",
          "OverallStatus":"Completed",
          "StartDateStruct":{
            "StartDate":"April 2002"
          },
          "CompletionDateStruct":{
            "CompletionDate":"July 2005",
            "CompletionDateType":"Actual"
          },
          "StudyFirstSubmitDate":"May 14, 2002",
          "StudyFirstSubmitQCDate":"May 14, 2002",
          "StudyFirstPostDateStruct":{
            "StudyFirstPostDate":"May 15, 2002",
            "StudyFirstPostDateType":"Estimate"
          },
          "LastUpdateSubmitDate":"September 11, 2009",
          "LastUpdatePostDateStruct":{
            "LastUpdatePostDate":"September 14, 2009",
            "LastUpdatePostDateType":"Estimate"
          }
        },
        "SponsorCollaboratorsModule":{
          "ResponsibleParty":{
            "ResponsiblePartyOldNameTitle":"Director, Clinical Trial Disclosure Group",
            "ResponsiblePartyOldOrganization":"Pfizer, Inc."
          },
          "LeadSponsor":{
            "LeadSponsorName":"Pfizer",
            "LeadSponsorClass":"INDUSTRY"
          }
        },
        "OversightModule":{},
        "DescriptionModule":{
          "BriefSummary":"This study will treat patients who have a short term central catheter that is thought to be infected with a specific bacteria (gram positive bacteria)"
        },
        "ConditionsModule":{
          "ConditionList":{
            "Condition":[
              "Bacterial Infections",
              "Gram-Positive Bacterial Infections",
              "Bacteremia"
            ]
          }
        },
        "DesignModule":{
          "StudyType":"Interventional",
          "PhaseList":{
            "Phase":[
              "Phase 3"
            ]
          },
          "DesignInfo":{
            "DesignAllocation":"Randomized",
            "DesignInterventionModel":"Parallel Assignment",
            "DesignPrimaryPurpose":"Treatment",
            "DesignMaskingInfo":{
              "DesignMasking":"None (Open Label)"
            }
          },
          "EnrollmentInfo":{
            "EnrollmentCount":"739",
            "EnrollmentType":"Actual"
          }
        },
        "ArmsInterventionsModule":{
          "InterventionList":{
            "Intervention":[
              {
                "InterventionType":"Drug",
                "InterventionName":"Linezolid",
                "InterventionOtherNameList":{
                  "InterventionOtherName":[
                    "Zyvox"
                  ]
                }
              },{
                "InterventionType":"Drug",
                "InterventionName":"Vancomycin"
              },{
                "InterventionType":"Drug",
                "InterventionName":"Oxacillin"
              },{
                "InterventionType":"Drug",
                "InterventionName":"Dicloxacillin"
              }
            ]
          }
        },
        "OutcomesModule":{
          "PrimaryOutcomeList":{
            "PrimaryOutcome":[
              {
                "PrimaryOutcomeMeasure":"The empiric treatment of patients with complicated skin and skin structure infections (cSSSI) related to an indwelling catheter;"
              },{
                "PrimaryOutcomeMeasure":"The empiric treatment of patients with gram-positive catheter-related bloodstream infections."
              }
            ]
          },
          "SecondaryOutcomeList":{
            "SecondaryOutcome":[
              {
                "SecondaryOutcomeMeasure":"Clinical efficacy of linezolid compared to vancomycin/oxacillin/dicloxacillin.2.Incidence of late metastatic sequelae associated with S. aureus infections in patients treated with linezolid"
              }
            ]
          }
        },
        "EligibilityModule":{
          "EligibilityCriteria":"Inclusion Criteria:\n\nPatients with a central indwelling catheter with signs and symptoms of infection\n\nExclusion Criteria:\n\nPatients with tunneled catheter which cannot be removed.\nPatients with evidence of endovascular infection including endocarditis.\nPatients with infection of permanent intravascular devices.\nPatients who have received more than 1 day of another antibiotic before enrollment.\nPatients with HIV and low CD4 count.",
          "HealthyVolunteers":"No",
          "Gender":"All",
          "MinimumAge":"13 Years",
          "StdAgeList":{
            "StdAge":[
              "Child",
              "Adult",
              "Older Adult"
            ]
          }
        },
        "ContactsLocationsModule":{
          "OverallOfficialList":{
            "OverallOfficial":[
              {
                "OverallOfficialName":"Pfizer CT.gov Call Center",
                "OverallOfficialAffiliation":"Pfizer",
                "OverallOfficialRole":"Study Director"
              }
            ]
          }
        },
        "ReferencesModule":{
          "SeeAlsoLinkList":{
            "SeeAlsoLink":[
              {
                "SeeAlsoLinkLabel":"Link to FDA Alert",
                "SeeAlsoLinkURL":"http://www.fda.gov/Drugs/DrugSafety/PostmarketDrugSafetyInformationforPatientsandProviders/ucm101503.htm"
              }
            ]
          }
        }
      },
      "DerivedSection":{
        "MiscInfoModule":{
          "VersionHolder":"April 19, 2021",
          "RemovedCountryList":{
            "RemovedCountry":[
              "Argentina",
              "Australia",
              "Austria",
              "Belgium",
              "Brazil",
              "Chile",
              "Colombia",
              "Czech Republic",
              "France",
              "Germany",
              "Greece",
              "Guatemala",
              "Hungary",
              "India",
              "Ireland",
              "Italy",
              "Mexico",
              "Pakistan",
              "Panama",
              "Peru",
              "Philippines",
              "Poland",
              "Portugal",
              "Russian Federation",
              "Slovakia",
              "South Africa",
              "Spain",
              "Thailand",
              "Turkey",
              "United States",
              "Venezuela"
            ]
          }
        },
        "ConditionBrowseModule":{
          "ConditionMeshList":{
            "ConditionMesh":[
              {
                "ConditionMeshId":"D000007239",
                "ConditionMeshTerm":"Infection"
              },{
                "ConditionMeshId":"D000003141",
                "ConditionMeshTerm":"Communicable Diseases"
              },{
                "ConditionMeshId":"D000001424",
                "ConditionMeshTerm":"Bacterial Infections"
              },{
                "ConditionMeshId":"D000016470",
                "ConditionMeshTerm":"Bacteremia"
              },{
                "ConditionMeshId":"D000016908",
                "ConditionMeshTerm":"Gram-Positive Bacterial Infections"
              }
            ]
          },
          "ConditionAncestorList":{
            "ConditionAncestor":[
              {
                "ConditionAncestorId":"D000018805",
                "ConditionAncestorTerm":"Sepsis"
              },{
                "ConditionAncestorId":"D000018746",
                "ConditionAncestorTerm":"Systemic Inflammatory Response Syndrome"
              },{
                "ConditionAncestorId":"D000007249",
                "ConditionAncestorTerm":"Inflammation"
              },{
                "ConditionAncestorId":"D000010335",
                "ConditionAncestorTerm":"Pathologic Processes"
              }
            ]
          },
          "ConditionBrowseLeafList":{
            "ConditionBrowseLeaf":[
              {
                "ConditionBrowseLeafId":"M8866",
                "ConditionBrowseLeafName":"Infection",
                "ConditionBrowseLeafAsFound":"Infection",
                "ConditionBrowseLeafRelevance":"high"
              },{
                "ConditionBrowseLeafId":"M4951",
                "ConditionBrowseLeafName":"Communicable Diseases",
                "ConditionBrowseLeafAsFound":"Infection",
                "ConditionBrowseLeafRelevance":"high"
              },{
                "ConditionBrowseLeafId":"M3303",
                "ConditionBrowseLeafName":"Bacterial Infections",
                "ConditionBrowseLeafAsFound":"Bacterial Infections",
                "ConditionBrowseLeafRelevance":"high"
              },{
                "ConditionBrowseLeafId":"M17460",
                "ConditionBrowseLeafName":"Bacteremia",
                "ConditionBrowseLeafAsFound":"Bacteremia",
                "ConditionBrowseLeafRelevance":"high"
              },{
                "ConditionBrowseLeafId":"M17835",
                "ConditionBrowseLeafName":"Gram-Positive Bacterial Infections",
                "ConditionBrowseLeafAsFound":"Gram-Positive Bacterial Infections",
                "ConditionBrowseLeafRelevance":"high"
              },{
                "ConditionBrowseLeafId":"M19448",
                "ConditionBrowseLeafName":"Sepsis",
                "ConditionBrowseLeafRelevance":"low"
              },{
                "ConditionBrowseLeafId":"M15452",
                "ConditionBrowseLeafName":"Toxemia",
                "ConditionBrowseLeafRelevance":"low"
              },{
                "ConditionBrowseLeafId":"M14938",
                "ConditionBrowseLeafName":"Syndrome",
                "ConditionBrowseLeafRelevance":"low"
              },{
                "ConditionBrowseLeafId":"M19402",
                "ConditionBrowseLeafName":"Systemic Inflammatory Response Syndrome",
                "ConditionBrowseLeafRelevance":"low"
              },{
                "ConditionBrowseLeafId":"M8876",
                "ConditionBrowseLeafName":"Inflammation",
                "ConditionBrowseLeafRelevance":"low"
              }
            ]
          },
          "ConditionBrowseBranchList":{
            "ConditionBrowseBranch":[
              {
                "ConditionBrowseBranchAbbrev":"BC01",
                "ConditionBrowseBranchName":"Bacterial and Fungal Diseases"
              },{
                "ConditionBrowseBranchAbbrev":"All",
                "ConditionBrowseBranchName":"All Conditions"
              },{
                "ConditionBrowseBranchAbbrev":"BC23",
                "ConditionBrowseBranchName":"Symptoms and General Pathology"
              }
            ]
          }
        },
        "InterventionBrowseModule":{
          "InterventionMeshList":{
            "InterventionMesh":[
              {
                "InterventionMeshId":"D000014640",
                "InterventionMeshTerm":"Vancomycin"
              },{
                "InterventionMeshId":"D000069349",
                "InterventionMeshTerm":"Linezolid"
              },{
                "InterventionMeshId":"D000010068",
                "InterventionMeshTerm":"Oxacillin"
              },{
                "InterventionMeshId":"D000004009",
                "InterventionMeshTerm":"Dicloxacillin"
              }
            ]
          },
          "InterventionAncestorList":{
            "InterventionAncestor":[
              {
                "InterventionAncestorId":"D000000900",
                "InterventionAncestorTerm":"Anti-Bacterial Agents"
              },{
                "InterventionAncestorId":"D000000890",
                "InterventionAncestorTerm":"Anti-Infective Agents"
              },{
                "InterventionAncestorId":"D000011500",
                "InterventionAncestorTerm":"Protein Synthesis Inhibitors"
              },{
                "InterventionAncestorId":"D000004791",
                "InterventionAncestorTerm":"Enzyme Inhibitors"
              },{
                "InterventionAncestorId":"D000045504",
                "InterventionAncestorTerm":"Molecular Mechanisms of Pharmacological Action"
              }
            ]
          },
          "InterventionBrowseLeafList":{
            "InterventionBrowseLeaf":[
              {
                "InterventionBrowseLeafId":"M2803",
                "InterventionBrowseLeafName":"Anti-Bacterial Agents",
                "InterventionBrowseLeafRelevance":"low"
              },{
                "InterventionBrowseLeafId":"M15971",
                "InterventionBrowseLeafName":"Vancomycin",
                "InterventionBrowseLeafAsFound":"Mechanical",
                "InterventionBrowseLeafRelevance":"high"
              },{
                "InterventionBrowseLeafId":"M2805",
                "InterventionBrowseLeafName":"Antibiotics, Antitubercular",
                "InterventionBrowseLeafRelevance":"low"
              },{
                "InterventionBrowseLeafId":"M11573",
                "InterventionBrowseLeafName":"Oxacillin",
                "InterventionBrowseLeafAsFound":"Galcanezumab",
                "InterventionBrowseLeafRelevance":"high"
              },{
                "InterventionBrowseLeafId":"M400",
                "InterventionBrowseLeafName":"Linezolid",
                "InterventionBrowseLeafAsFound":"Debridement",
                "InterventionBrowseLeafRelevance":"high"
              },{
                "InterventionBrowseLeafId":"M5781",
                "InterventionBrowseLeafName":"Dicloxacillin",
                "InterventionBrowseLeafAsFound":"Oropharyngeal Squamous Cell Carcinoma",
                "InterventionBrowseLeafRelevance":"high"
              },{
                "InterventionBrowseLeafId":"M2795",
                "InterventionBrowseLeafName":"Anti-Infective Agents",
                "InterventionBrowseLeafRelevance":"low"
              }
            ]
          },
          "InterventionBrowseBranchList":{
            "InterventionBrowseBranch":[
              {
                "InterventionBrowseBranchAbbrev":"Infe",
                "InterventionBrowseBranchName":"Anti-Infective Agents"
              },{
                "InterventionBrowseBranchAbbrev":"All",
                "InterventionBrowseBranchName":"All Drugs and Chemicals"
              }
            ]
          }
        }
      }
    }
  }
}

