{
  "FullStudy":{
    "Rank":367463,
    "Study":{
      "ProtocolSection":{
        "IdentificationModule":{
          "NCTId":"NCT00030862",
          "OrgStudyIdInfo":{
            "OrgStudyId":"01-123"
          },
          "SecondaryIdInfoList":{
            "SecondaryIdInfo":[
              {
                "SecondaryId":"CDR0000069204",
                "SecondaryIdType":"Registry Identifier",
                "SecondaryIdDomain":"PDQ (Physician Data Query)"
              },{
                "SecondaryId":"PHARMACIA-440E-ONC-0020-319"
              },{
                "SecondaryId":"NCI-G01-2050"
              }
            ]
          },
          "Organization":{
            "OrgFullName":"Memorial Sloan Kettering Cancer Center",
            "OrgClass":"OTHER"
          },
          "BriefTitle":"Combination Chemotherapy in Treating Patients With Locally Advanced or Metastatic Cancer of the Esophagus",
          "OfficialTitle":"Phase II Single-Arm Trial Of CPT-11 (Irinotecan HC1; Camptosar Injection)/Cisplatin In Patients With Advanced Esophageal Cancer"
        },
        "StatusModule":{
          "StatusVerifiedDate":"June 2013",
          "OverallStatus":"Completed",
          "ExpandedAccessInfo":{
            "HasExpandedAccess":"No"
          },
          "StartDateStruct":{
            "StartDate":"October 2001"
          },
          "PrimaryCompletionDateStruct":{
            "PrimaryCompletionDate":"December 2003",
            "PrimaryCompletionDateType":"Actual"
          },
          "CompletionDateStruct":{
            "CompletionDate":"December 2003",
            "CompletionDateType":"Actual"
          },
          "StudyFirstSubmitDate":"February 14, 2002",
          "StudyFirstSubmitQCDate":"January 26, 2003",
          "StudyFirstPostDateStruct":{
            "StudyFirstPostDate":"January 27, 2003",
            "StudyFirstPostDateType":"Estimate"
          },
          "LastUpdateSubmitDate":"June 4, 2013",
          "LastUpdatePostDateStruct":{
            "LastUpdatePostDate":"June 5, 2013",
            "LastUpdatePostDateType":"Estimate"
          }
        },
        "SponsorCollaboratorsModule":{
          "LeadSponsor":{
            "LeadSponsorName":"Memorial Sloan Kettering Cancer Center",
            "LeadSponsorClass":"OTHER"
          },
          "CollaboratorList":{
            "Collaborator":[
              {
                "CollaboratorName":"National Cancer Institute (NCI)",
                "CollaboratorClass":"NIH"
              }
            ]
          }
        },
        "DescriptionModule":{
          "BriefSummary":"RATIONALE: Drugs used in chemotherapy use different ways to stop tumor cells from dividing so they stop growing or die. Combining more than one drug may kill more tumor cells.\n\nPURPOSE: Phase II trial to study the effectiveness of combining irinotecan and cisplatin in treating patients who have locally advanced unresectable or metastatic cancer of the esophagus that has not been previously treated.",
          "DetailedDescription":"OBJECTIVES:\n\nDetermine the objective tumor response rate in patients with previously untreated locally advanced unresectable or metastatic esophageal cancer treated with irinotecan and cisplatin.\nDetermine the dysphagia relief in patients treated with this regimen.\nDetermine the time to progression and overall survival of patients treated with this regimen.\nDetermine the safety of this regimen in these patients.\n\nOUTLINE: This is a multicenter study.\n\nPatients receive cisplatin IV over 1-2 hours and irinotecan IV over 30 minutes on days 1 and 8. Treatment repeats every 3 weeks in the absence of disease progression or unacceptable toxicity.\n\nPatients are followed every 3 months.\n\nPROJECTED ACCRUAL: A total of 80 patients will be accrued for this study within 1 year."
        },
        "ConditionsModule":{
          "ConditionList":{
            "Condition":[
              "Esophageal Cancer"
            ]
          },
          "KeywordList":{
            "Keyword":[
              "stage II esophageal cancer",
              "stage III esophageal cancer",
              "stage IV esophageal cancer",
              "squamous cell carcinoma of the esophagus",
              "adenocarcinoma of the esophagus"
            ]
          }
        },
        "DesignModule":{
          "StudyType":"Interventional",
          "PhaseList":{
            "Phase":[
              "Phase 2"
            ]
          },
          "DesignInfo":{
            "DesignPrimaryPurpose":"Treatment"
          }
        },
        "ArmsInterventionsModule":{
          "InterventionList":{
            "Intervention":[
              {
                "InterventionType":"Drug",
                "InterventionName":"cisplatin"
              },{
                "InterventionType":"Drug",
                "InterventionName":"irinotecan hydrochloride"
              }
            ]
          }
        },
        "EligibilityModule":{
          "EligibilityCriteria":"DISEASE CHARACTERISTICS:\n\nHistologically confirmed squamous cell carcinoma or adenocarcinoma of the esophagus\n\nPreviously untreated\nLocally advanced unresectable or metastatic disease\nMore than 50% of tumor must involve esophagus or gastroesophageal (GE) junction if tumor extends below the GE junction into the proximal stomach\n\nAt least 1 unidimensionally measurable lesion\n\nAt least 20 mm by conventional techniques OR\nAt least 10 mm by spiral CT scan\n\nThe following are not considered measurable disease:\n\nBone lesions\nLeptomeningeal disease\nAscites\nPleural/pericardial effusions\nLymphangitis cutis/pulmonis\nAbdominal masses not confirmed and followed by imaging techniques\nCystic lesions\nTumor lesions in previously irradiated areas\n\nNo carcinomatous meningitis or untreated brain metastases\n\nBrain metastases allowed if asymptomatic and patient is on stable or tapering dose of steroids\n\nLarge pleural effusions must have been previously drained and sclerosed or otherwise controlled\n\nSmall, stable, asymptomatic pleural effusions allowed\nDysphagia allowed\n\nPATIENT CHARACTERISTICS:\n\nAge:\n\n18 and over\n\nPerformance status:\n\nECOG 0-2 OR\nKarnofsky 60-100%\n\nLife expectancy:\n\nAt least 3 months\n\nHematopoietic:\n\nAbsolute neutrophil count at least 1,500/mm^3\nWBC at least 3,000/mm^3\nPlatelet count at least 100,000/mm^3\n\nHepatic:\n\nBilirubin no greater than 1.5 mg/dL\nAST no greater than 3 times upper limit of normal (ULN) (5 times ULN if liver metastases present)\nNo known Gilbert's disease\n\nRenal:\n\nCreatinine no greater than 1.5 mg/dL\nCalcium less than 12.0 mg/dL\n\nCardiovascular:\n\nNo history of significant cardiovascular disease\nNo inadequately controlled hypertension\nNo unstable angina\nNo myocardial infarction within the past 6 months\nNo ventricular cardiac arrhythmias requiring medication\nNo history or treatment for congestive heart failure\n\nPulmonary:\n\nNo interstitial pneumonia\nNo fibroid lung\n\nOther:\n\nNo serious active infection\nNo uncontrolled diabetes mellitus (random blood sugar at least 300 mg)\nNo peripheral neuropathy grade 2 or greater\nNo other malignancy within the past 3 years except adequately treated basal cell or squamous cell skin cancer, carcinoma in situ of the cervix, or any other malignancy that does not carry a worse prognosis than advanced esophageal cancer\nNo other serious underlying medical condition that would preclude study\nNo other concurrent disease that would preclude study\nNo psychiatric illness or other significant mental impairment that would preclude study\nNot pregnant or nursing\nNegative pregnancy test\nFertile patients must use effective contraception\n\nPRIOR CONCURRENT THERAPY:\n\nBiologic therapy:\n\nNot specified\n\nChemotherapy:\n\nNo prior chemotherapy\n\nEndocrine therapy:\n\nSee Disease Characteristics\n\nRadiotherapy:\n\nSee Disease Characteristics\nAt least 2 weeks since prior radiotherapy and recovered\nNo prior radiotherapy to the pelvis\n\nSurgery:\n\nSee Disease Characteristics\nNot specified\n\nOther:\n\nNo concurrent phenytoin or phenobarbital",
          "HealthyVolunteers":"No",
          "Gender":"All",
          "MinimumAge":"18 Years",
          "StdAgeList":{
            "StdAge":[
              "Adult",
              "Older Adult"
            ]
          }
        },
        "ContactsLocationsModule":{
          "OverallOfficialList":{
            "OverallOfficial":[
              {
                "OverallOfficialName":"David H. Ilson, MD, PhD",
                "OverallOfficialAffiliation":"Memorial Sloan Kettering Cancer Center",
                "OverallOfficialRole":"Study Chair"
              }
            ]
          },
          "LocationList":{
            "Location":[
              {
                "LocationFacility":"Memorial Sloan-Kettering Cancer Center",
                "LocationCity":"New York",
                "LocationState":"New York",
                "LocationZip":"10021",
                "LocationCountry":"United States"
              }
            ]
          }
        }
      },
      "DerivedSection":{
        "MiscInfoModule":{
          "VersionHolder":"April 19, 2021"
        },
        "ConditionBrowseModule":{
          "ConditionMeshList":{
            "ConditionMesh":[
              {
                "ConditionMeshId":"D000004938",
                "ConditionMeshTerm":"Esophageal Neoplasms"
              }
            ]
          },
          "ConditionAncestorList":{
            "ConditionAncestor":[
              {
                "ConditionAncestorId":"D000005770",
                "ConditionAncestorTerm":"Gastrointestinal Neoplasms"
              },{
                "ConditionAncestorId":"D000004067",
                "ConditionAncestorTerm":"Digestive System Neoplasms"
              },{
                "ConditionAncestorId":"D000009371",
                "ConditionAncestorTerm":"Neoplasms by Site"
              },{
                "ConditionAncestorId":"D000009369",
                "ConditionAncestorTerm":"Neoplasms"
              },{
                "ConditionAncestorId":"D000006258",
                "ConditionAncestorTerm":"Head and Neck Neoplasms"
              },{
                "ConditionAncestorId":"D000004066",
                "ConditionAncestorTerm":"Digestive System Diseases"
              },{
                "ConditionAncestorId":"D000004935",
                "ConditionAncestorTerm":"Esophageal Diseases"
              },{
                "ConditionAncestorId":"D000005767",
                "ConditionAncestorTerm":"Gastrointestinal Diseases"
              }
            ]
          },
          "ConditionBrowseLeafList":{
            "ConditionBrowseLeaf":[
              {
                "ConditionBrowseLeafId":"M4116",
                "ConditionBrowseLeafName":"Carcinoma",
                "ConditionBrowseLeafRelevance":"low"
              },{
                "ConditionBrowseLeafId":"M10890",
                "ConditionBrowseLeafName":"Neoplasm Metastasis",
                "ConditionBrowseLeafRelevance":"low"
              },{
                "ConditionBrowseLeafId":"M4132",
                "ConditionBrowseLeafName":"Carcinoma, Squamous Cell",
                "ConditionBrowseLeafRelevance":"low"
              },{
                "ConditionBrowseLeafId":"M1733",
                "ConditionBrowseLeafName":"Esophageal Squamous Cell Carcinoma",
                "ConditionBrowseLeafRelevance":"low"
              },{
                "ConditionBrowseLeafId":"M6671",
                "ConditionBrowseLeafName":"Esophageal Neoplasms",
                "ConditionBrowseLeafAsFound":"Esophageal Cancer",
                "ConditionBrowseLeafRelevance":"high"
              },{
                "ConditionBrowseLeafId":"M2166",
                "ConditionBrowseLeafName":"Adenocarcinoma",
                "ConditionBrowseLeafRelevance":"low"
              },{
                "ConditionBrowseLeafId":"M7469",
                "ConditionBrowseLeafName":"Gastrointestinal Neoplasms",
                "ConditionBrowseLeafRelevance":"low"
              },{
                "ConditionBrowseLeafId":"M5839",
                "ConditionBrowseLeafName":"Digestive System Neoplasms",
                "ConditionBrowseLeafRelevance":"low"
              },{
                "ConditionBrowseLeafId":"M7931",
                "ConditionBrowseLeafName":"Head and Neck Neoplasms",
                "ConditionBrowseLeafRelevance":"low"
              },{
                "ConditionBrowseLeafId":"M5838",
                "ConditionBrowseLeafName":"Digestive System Diseases",
                "ConditionBrowseLeafRelevance":"low"
              },{
                "ConditionBrowseLeafId":"M7466",
                "ConditionBrowseLeafName":"Gastrointestinal Diseases",
                "ConditionBrowseLeafRelevance":"low"
              },{
                "ConditionBrowseLeafId":"M6668",
                "ConditionBrowseLeafName":"Esophageal Diseases",
                "ConditionBrowseLeafRelevance":"low"
              },{
                "ConditionBrowseLeafId":"T2141",
                "ConditionBrowseLeafName":"Esophageal Cancer",
                "ConditionBrowseLeafAsFound":"Esophageal Cancer",
                "ConditionBrowseLeafRelevance":"high"
              }
            ]
          },
          "ConditionBrowseBranchList":{
            "ConditionBrowseBranch":[
              {
                "ConditionBrowseBranchAbbrev":"BC04",
                "ConditionBrowseBranchName":"Cancers and Other Neoplasms"
              },{
                "ConditionBrowseBranchAbbrev":"All",
                "ConditionBrowseBranchName":"All Conditions"
              },{
                "ConditionBrowseBranchAbbrev":"BC23",
                "ConditionBrowseBranchName":"Symptoms and General Pathology"
              },{
                "ConditionBrowseBranchAbbrev":"BC06",
                "ConditionBrowseBranchName":"Digestive System Diseases"
              },{
                "ConditionBrowseBranchAbbrev":"Rare",
                "ConditionBrowseBranchName":"Rare Diseases"
              }
            ]
          }
        },
        "InterventionBrowseModule":{
          "InterventionMeshList":{
            "InterventionMesh":[
              {
                "InterventionMeshId":"D000077146",
                "InterventionMeshTerm":"Irinotecan"
              }
            ]
          },
          "InterventionAncestorList":{
            "InterventionAncestor":[
              {
                "InterventionAncestorId":"D000000970",
                "InterventionAncestorTerm":"Antineoplastic Agents"
              },{
                "InterventionAncestorId":"D000059004",
                "InterventionAncestorTerm":"Topoisomerase I Inhibitors"
              },{
                "InterventionAncestorId":"D000059003",
                "InterventionAncestorTerm":"Topoisomerase Inhibitors"
              },{
                "InterventionAncestorId":"D000004791",
                "InterventionAncestorTerm":"Enzyme Inhibitors"
              },{
                "InterventionAncestorId":"D000045504",
                "InterventionAncestorTerm":"Molecular Mechanisms of Pharmacological Action"
              }
            ]
          },
          "InterventionBrowseLeafList":{
            "InterventionBrowseLeaf":[
              {
                "InterventionBrowseLeafId":"M4765",
                "InterventionBrowseLeafName":"Cisplatin",
                "InterventionBrowseLeafRelevance":"low"
              },{
                "InterventionBrowseLeafId":"M1671",
                "InterventionBrowseLeafName":"Irinotecan",
                "InterventionBrowseLeafAsFound":"Route",
                "InterventionBrowseLeafRelevance":"high"
              },{
                "InterventionBrowseLeafId":"M27936",
                "InterventionBrowseLeafName":"Topoisomerase I Inhibitors",
                "InterventionBrowseLeafRelevance":"low"
              }
            ]
          },
          "InterventionBrowseBranchList":{
            "InterventionBrowseBranch":[
              {
                "InterventionBrowseBranchAbbrev":"ANeo",
                "InterventionBrowseBranchName":"Antineoplastic Agents"
              },{
                "InterventionBrowseBranchAbbrev":"All",
                "InterventionBrowseBranchName":"All Drugs and Chemicals"
              }
            ]
          }
        }
      }
    }
  }
}

