{
  "FullStudy":{
    "Rank":367433,
    "Study":{
      "ProtocolSection":{
        "IdentificationModule":{
          "NCTId":"NCT00031265",
          "OrgStudyIdInfo":{
            "OrgStudyId":"R01NS037840",
            "OrgStudyIdType":"U.S. NIH Grant/Contract",
            "OrgStudyIdLink":"https://projectreporter.nih.gov/reporterapi.cfm?PROJECTNUM=R01NS037840&Fy=all"
          },
          "Organization":{
            "OrgFullName":"National Institute of Neurological Disorders and Stroke (NINDS)",
            "OrgClass":"NIH"
          },
          "BriefTitle":"Efficacy of a Family Telephone Intervention for Stroke"
        },
        "StatusModule":{
          "StatusVerifiedDate":"October 2005",
          "OverallStatus":"Completed",
          "ExpandedAccessInfo":{
            "HasExpandedAccess":"No"
          },
          "StartDateStruct":{
            "StartDate":"October 1998"
          },
          "StudyFirstSubmitDate":"February 28, 2002",
          "StudyFirstSubmitQCDate":"February 28, 2002",
          "StudyFirstPostDateStruct":{
            "StudyFirstPostDate":"March 1, 2002",
            "StudyFirstPostDateType":"Estimate"
          },
          "LastUpdateSubmitDate":"October 11, 2005",
          "LastUpdatePostDateStruct":{
            "LastUpdatePostDate":"October 12, 2005",
            "LastUpdatePostDateType":"Estimate"
          }
        },
        "SponsorCollaboratorsModule":{
          "LeadSponsor":{
            "LeadSponsorName":"National Institute of Neurological Disorders and Stroke (NINDS)",
            "LeadSponsorClass":"NIH"
          }
        },
        "DescriptionModule":{
          "BriefSummary":"The purpose of this trial is to determine if a family intervention administered by telephone to stroke patients and their caregivers increases adaptation and functioning after stroke.",
          "DetailedDescription":"Stroke is a major health problem which affects an estimated half million persons each year. In many cases family members assume the long-term burden of care after hospital discharge. Methods such as family education, peer support groups, and counseling are available to help meet the needs of caregivers, by enhancing their coping abilities. Family intervention also potentially benefits patients by improving the quality of caregiving skills. Few investigations have examined the benefits of family intervention methods.\n\nThis trial will study the effectiveness of a family-based, telephone-administered intervention called Family Intervention: Telephone Tracking (FITT) for acute stroke patients and their caregivers. Study patients will be recruited from those admitted to the Rhode Island Hospital following an acute stroke. All patients and caregivers will receive standard medical care. In addition, these patients and their caregivers will be randomly assigned to one of two treatment conditions: FITT or no intervention. Treatments will begin once the patient returns home and will continue for a six-month period.\n\nDuring the trial, specially trained staff will carefully monitor the progress of the stroke patient and his/her family member, checking for changing in thinking, concentration, attention, memory, mood, and family functioning that sometimes occurs in stroke. Participants will be contacted by telephone every week for 6 weeks, then every 2 weeks for 2 months, and then monthly for 2 months. The telephone calls will check on how the participants are doing after discharge and will assist with questions and concerns."
        },
        "ConditionsModule":{
          "ConditionList":{
            "Condition":[
              "Stroke"
            ]
          },
          "KeywordList":{
            "Keyword":[
              "stroke",
              "telephone",
              "intervention"
            ]
          }
        },
        "DesignModule":{
          "StudyType":"Interventional",
          "PhaseList":{
            "Phase":[
              "Phase 2"
            ]
          },
          "DesignInfo":{
            "DesignAllocation":"Randomized",
            "DesignPrimaryPurpose":"Treatment"
          },
          "EnrollmentInfo":{
            "EnrollmentCount":"290"
          }
        },
        "ArmsInterventionsModule":{
          "InterventionList":{
            "Intervention":[
              {
                "InterventionType":"Procedure",
                "InterventionName":"Family Intervention Telephone Tracking"
              }
            ]
          }
        },
        "EligibilityModule":{
          "EligibilityCriteria":"Inclusion criteria:\n\nage > 35 years,\nMRI or CAT scan proof of stroke or definitive hemiplegia, and\ncompetency to sign an informed consent form.\n\nExclusion criteria:\n\npresence of subarachnoid hemorrhage, transient ischemic attack or subdural hematoma,\nsignificant medical disorder severe enough to require hospitalization within the 3 months prior to stroke,\nfunctional psychosis,\nabsence of a caregiver (anyone living within a 30 minute drive who is available and willing to attend to patient),\nadmitted from nursing home (since these patients are likely to return to the nursing home) and\ninability to speak English.",
          "HealthyVolunteers":"No",
          "Gender":"All",
          "MinimumAge":"36 Years",
          "StdAgeList":{
            "StdAge":[
              "Adult",
              "Older Adult"
            ]
          }
        },
        "ContactsLocationsModule":{
          "OverallOfficialList":{
            "OverallOfficial":[
              {
                "OverallOfficialName":"Ivan W. Miller, Ph.D.",
                "OverallOfficialRole":"Principal Investigator"
              }
            ]
          },
          "LocationList":{
            "Location":[
              {
                "LocationFacility":"Rhode Island Hospital",
                "LocationCity":"Providence",
                "LocationState":"Rhode Island",
                "LocationZip":"02769",
                "LocationCountry":"United States"
              }
            ]
          }
        }
      },
      "DerivedSection":{
        "MiscInfoModule":{
          "VersionHolder":"April 19, 2021"
        },
        "ConditionBrowseModule":{
          "ConditionMeshList":{
            "ConditionMesh":[
              {
                "ConditionMeshId":"D000020521",
                "ConditionMeshTerm":"Stroke"
              }
            ]
          },
          "ConditionAncestorList":{
            "ConditionAncestor":[
              {
                "ConditionAncestorId":"D000002561",
                "ConditionAncestorTerm":"Cerebrovascular Disorders"
              },{
                "ConditionAncestorId":"D000001927",
                "ConditionAncestorTerm":"Brain Diseases"
              },{
                "ConditionAncestorId":"D000002493",
                "ConditionAncestorTerm":"Central Nervous System Diseases"
              },{
                "ConditionAncestorId":"D000009422",
                "ConditionAncestorTerm":"Nervous System Diseases"
              },{
                "ConditionAncestorId":"D000014652",
                "ConditionAncestorTerm":"Vascular Diseases"
              },{
                "ConditionAncestorId":"D000002318",
                "ConditionAncestorTerm":"Cardiovascular Diseases"
              }
            ]
          },
          "ConditionBrowseLeafList":{
            "ConditionBrowseLeaf":[
              {
                "ConditionBrowseLeafId":"M20890",
                "ConditionBrowseLeafName":"Stroke",
                "ConditionBrowseLeafAsFound":"Stroke",
                "ConditionBrowseLeafRelevance":"high"
              },{
                "ConditionBrowseLeafId":"M4393",
                "ConditionBrowseLeafName":"Cerebrovascular Disorders",
                "ConditionBrowseLeafRelevance":"low"
              },{
                "ConditionBrowseLeafId":"M3786",
                "ConditionBrowseLeafName":"Brain Diseases",
                "ConditionBrowseLeafRelevance":"low"
              },{
                "ConditionBrowseLeafId":"M4325",
                "ConditionBrowseLeafName":"Central Nervous System Diseases",
                "ConditionBrowseLeafRelevance":"low"
              },{
                "ConditionBrowseLeafId":"M15983",
                "ConditionBrowseLeafName":"Vascular Diseases",
                "ConditionBrowseLeafRelevance":"low"
              }
            ]
          },
          "ConditionBrowseBranchList":{
            "ConditionBrowseBranch":[
              {
                "ConditionBrowseBranchAbbrev":"BC10",
                "ConditionBrowseBranchName":"Nervous System Diseases"
              },{
                "ConditionBrowseBranchAbbrev":"BC14",
                "ConditionBrowseBranchName":"Heart and Blood Diseases"
              },{
                "ConditionBrowseBranchAbbrev":"All",
                "ConditionBrowseBranchName":"All Conditions"
              }
            ]
          }
        }
      }
    }
  }
}

