{
  "FullStudy":{
    "Rank":366859,
    "Study":{
      "ProtocolSection":{
        "IdentificationModule":{
          "NCTId":"NCT00039208",
          "OrgStudyIdInfo":{
            "OrgStudyId":"EORTC-05011"
          },
          "SecondaryIdInfoList":{
            "SecondaryIdInfo":[
              {
                "SecondaryId":"EORTC-05011"
              }
            ]
          },
          "Organization":{
            "OrgFullName":"European Organisation for Research and Treatment of Cancer - EORTC",
            "OrgClass":"NETWORK"
          },
          "BriefTitle":"Combination Chemotherapy in Treating Patients With Colorectal Cancer",
          "OfficialTitle":"Time Finding Study of Chronomodulated Irinotecan, 5 Fluorouracil, Leucovorin and Oxaliplatin as First or Second Chemotherapy Line Against Metastatic Colorectal Cancer"
        },
        "StatusModule":{
          "StatusVerifiedDate":"July 2012",
          "OverallStatus":"Completed",
          "ExpandedAccessInfo":{
            "HasExpandedAccess":"No"
          },
          "StartDateStruct":{
            "StartDate":"February 2002"
          },
          "PrimaryCompletionDateStruct":{
            "PrimaryCompletionDate":"August 2005",
            "PrimaryCompletionDateType":"Actual"
          },
          "StudyFirstSubmitDate":"June 6, 2002",
          "StudyFirstSubmitQCDate":"January 26, 2003",
          "StudyFirstPostDateStruct":{
            "StudyFirstPostDate":"January 27, 2003",
            "StudyFirstPostDateType":"Estimate"
          },
          "LastUpdateSubmitDate":"July 12, 2012",
          "LastUpdatePostDateStruct":{
            "LastUpdatePostDate":"July 13, 2012",
            "LastUpdatePostDateType":"Estimate"
          }
        },
        "SponsorCollaboratorsModule":{
          "ResponsibleParty":{
            "ResponsiblePartyType":"Sponsor"
          },
          "LeadSponsor":{
            "LeadSponsorName":"European Organisation for Research and Treatment of Cancer - EORTC",
            "LeadSponsorClass":"NETWORK"
          }
        },
        "OversightModule":{},
        "DescriptionModule":{
          "BriefSummary":"RATIONALE: Drugs used in chemotherapy use different ways to stop tumor cells from dividing so they stop growing or die. Giving drugs at the time of day that allows for the best drug response may allow the doctor to give higher doses of chemotherapy drugs and kill more tumor cells.\n\nPURPOSE: Randomized phase II trial to determine the best time to give irinotecan combined with fluorouracil, leucovorin, and oxaliplatin in treating patients who have colorectal cancer.",
          "DetailedDescription":"OBJECTIVES:\n\nDetermine the role of peak delivery time on the tolerability of irinotecan when administered with chronomodulated fluorouracil, leucovorin calcium, and oxaliplatin as first- or second-line therapy in patients with locoregional or metastatic colorectal cancer.\nDetermine the antitumor activity of this regimen.\n\nOUTLINE: This is a randomized, multicenter study. Patients are stratified according to participating center, WHO performance status (0-1 vs 2), and line of treatment (first vs second). Patients are randomized to receive irinotecan at 1 of 6 different times of the day.\n\nPatients receive irinotecan IV over 6 hours on day 1 and fluorouracil IV and leucovorin calcium IV over 11 hours followed by oxaliplatin IV over 11 hours on days 2-5. Courses repeat every 21 days in the absence of disease progression or unacceptable toxicity.\n\nPatients are followed every 4 weeks until disease progression and then every 8 weeks thereafter.\n\nPROJECTED ACCRUAL: A maximum of 186 patients (31 per irinotecan administration time) will be accrued for this study within 2 years."
        },
        "ConditionsModule":{
          "ConditionList":{
            "Condition":[
              "Colorectal Cancer"
            ]
          },
          "KeywordList":{
            "Keyword":[
              "stage III colon cancer",
              "stage IV colon cancer",
              "stage III rectal cancer",
              "stage IV rectal cancer",
              "recurrent colon cancer",
              "recurrent rectal cancer"
            ]
          }
        },
        "DesignModule":{
          "StudyType":"Interventional",
          "PhaseList":{
            "Phase":[
              "Phase 2"
            ]
          },
          "DesignInfo":{
            "DesignAllocation":"Randomized",
            "DesignPrimaryPurpose":"Treatment"
          }
        },
        "ArmsInterventionsModule":{
          "InterventionList":{
            "Intervention":[
              {
                "InterventionType":"Drug",
                "InterventionName":"fluorouracil"
              },{
                "InterventionType":"Drug",
                "InterventionName":"irinotecan hydrochloride"
              },{
                "InterventionType":"Drug",
                "InterventionName":"leucovorin calcium"
              },{
                "InterventionType":"Drug",
                "InterventionName":"oxaliplatin"
              }
            ]
          }
        },
        "OutcomesModule":{
          "PrimaryOutcomeList":{
            "PrimaryOutcome":[
              {
                "PrimaryOutcomeMeasure":"Peak delivery time for CPT11 tolerability over the first 3 courses of treatment in patients who started therapy"
              }
            ]
          },
          "SecondaryOutcomeList":{
            "SecondaryOutcome":[
              {
                "SecondaryOutcomeMeasure":"Peak delivery time for CPT11 tolerability over the first 3 courses of treatment in patients who started therapy, excluding those who stopped prior to course 3 for reasons other than toxicity"
              },{
                "SecondaryOutcomeMeasure":"Peak delivery time for CPT11 activity over the first 3 courses"
              },{
                "SecondaryOutcomeMeasure":"Peak delivery time for CPT11 tolerability and efficacy over the first 6 courses"
              },{
                "SecondaryOutcomeMeasure":"Severe toxic events assessed by CTC v2.0 after each course of chemotherapy"
              },{
                "SecondaryOutcomeMeasure":"Progression-free survival"
              },{
                "SecondaryOutcomeMeasure":"Overall survival"
              }
            ]
          }
        },
        "EligibilityModule":{
          "EligibilityCriteria":"DISEASE CHARACTERISTICS:\n\nHistologically confirmed colorectal cancer\nUnresectable metastatic or locoregional disease\nAt least 1 measurable lesion outside a previously irradiated area or an area treated with physical devices (e.g., cryotherapy, laser, or thermoablation)\nNo prior enrollment in EORTC-05963\nNo symptomatic brain metastases\n\nPATIENT CHARACTERISTICS:\n\nAge:\n\nOver 18\n\nPerformance status:\n\nWHO 0-2\n\nLife expectancy:\n\nNot specified\n\nHematopoietic:\n\nNeutrophil count greater than 2,000/mm^3\nPlatelet count at least 90,000/mm^3\n\nHepatic:\n\nBilirubin no greater than 2 times upper limit of normal (ULN)\n\nRenal:\n\nCreatinine no greater than 1.5 times ULN\nNo uncontrolled hypercalcemia\n\nCardiovascular:\n\nNo overt cardiac disease\n\nPulmonary:\n\nNo severe respiratory illness\n\nOther:\n\nNot pregnant or nursing\nNegative pregnancy test\nFertile patients must use effective contraception\nMale patients must use effective barrier contraception during and for up to 6 months after study\nNo baseline diarrhea greater than grade I (must have less than 4 stools per 24 hours)\nNo prior grade III or IV toxicity related to irinotecan\nNo sensory or motor neuropathy with functional impairment\nNo prior hypersensitivity to any study drug\nNo other primary tumor except basal cell skin cancer or carcinoma in situ of the cervix\nNo uncontrolled infectious or chronic disease\nNo psychological, familial, sociological, or geographical condition that would preclude study\n\nPRIOR CONCURRENT THERAPY:\n\nBiologic therapy:\n\nNo concurrent prophylactic growth factor therapy\n\nChemotherapy:\n\nAt least 1 month since prior chemotherapy\nNo prior irinotecan, fluorouracil, leucovorin calcium, and oxaliplatin as combination therapy\nOther prior therapy containing irinotecan and/or oxaliplatin allowed\nNo more than 1 prior chemotherapy regimen for metastatic or locoregional disease\nAdjuvant chemotherapy considered first-line therapy if tumor relapsed within 6 months of completion of therapy\n\nEndocrine therapy:\n\nNo concurrent corticosteroids except for emergencies\n\nRadiotherapy:\n\nSee Disease Characteristics\nPalliative radiotherapy for bone lesion allowed except for disease progression\n\nSurgery:\n\nSee Disease Characteristics",
          "HealthyVolunteers":"No",
          "Gender":"All",
          "MinimumAge":"18 Years",
          "StdAgeList":{
            "StdAge":[
              "Adult",
              "Older Adult"
            ]
          }
        },
        "ContactsLocationsModule":{
          "OverallOfficialList":{
            "OverallOfficial":[
              {
                "OverallOfficialName":"Carlo Garufi, MD",
                "OverallOfficialAffiliation":"Istituti Fisioterapici Ospitalieri - Roma",
                "OverallOfficialRole":"Study Chair"
              }
            ]
          },
          "LocationList":{
            "Location":[
              {
                "LocationFacility":"Centre Hospitalier Notre Dame - Reine Fabiola",
                "LocationCity":"Charleroi",
                "LocationZip":"6000",
                "LocationCountry":"Belgium"
              },{
                "LocationFacility":"Clinique Saint-Joseph",
                "LocationCity":"Liege",
                "LocationZip":"B 4000",
                "LocationCountry":"Belgium"
              },{
                "LocationFacility":"CHU Liege - Domaine Universitaire du Sart Tilman",
                "LocationCity":"Liege",
                "LocationZip":"B-4000",
                "LocationCountry":"Belgium"
              },{
                "LocationFacility":"Clinique Sainte Elisabeth",
                "LocationCity":"Namur",
                "LocationZip":"5000",
                "LocationCountry":"Belgium"
              },{
                "LocationFacility":"Centre Hospitalier Peltzer-La Tourelle",
                "LocationCity":"Verviers",
                "LocationZip":"B-4800",
                "LocationCountry":"Belgium"
              },{
                "LocationFacility":"Centre Jean Perrin",
                "LocationCity":"Clermont-Ferrand",
                "LocationZip":"63011",
                "LocationCountry":"France"
              },{
                "LocationFacility":"Centre de Lutte Contre le Cancer Georges-Francois Leclerc",
                "LocationCity":"Dijon",
                "LocationZip":"21079",
                "LocationCountry":"France"
              },{
                "LocationFacility":"Centre Hospital Regional Universitaire de Limoges",
                "LocationCity":"Limoges",
                "LocationZip":"87042",
                "LocationCountry":"France"
              },{
                "LocationFacility":"Hopital Saint-Louis",
                "LocationCity":"Paris",
                "LocationZip":"75475",
                "LocationCountry":"France"
              },{
                "LocationFacility":"Centre Rene Huguenin",
                "LocationCity":"Saint Cloud",
                "LocationZip":"92211",
                "LocationCountry":"France"
              },{
                "LocationFacility":"Hopital Paul Brousse",
                "LocationCity":"Villejuif",
                "LocationZip":"94804",
                "LocationCountry":"France"
              },{
                "LocationFacility":"Azienda Sanitaria di Bolzano",
                "LocationCity":"Bolzano",
                "LocationZip":"39100",
                "LocationCountry":"Italy"
              },{
                "LocationFacility":"Universita G.D'Annunzio Di Chieti",
                "LocationCity":"Chieti",
                "LocationZip":"66100",
                "LocationCountry":"Italy"
              },{
                "LocationFacility":"Ospedale San Carlo Borromeo",
                "LocationCity":"Milano (Milan)",
                "LocationZip":"20153",
                "LocationCountry":"Italy"
              },{
                "LocationFacility":"Azienda Ospedale S. Luigi at University of Torino",
                "LocationCity":"Orbassano, (Torino)",
                "LocationZip":"10043",
                "LocationCountry":"Italy"
              },{
                "LocationFacility":"Fondazione Salvatore Maugeri",
                "LocationCity":"Pavia",
                "LocationZip":"I-27100",
                "LocationCountry":"Italy"
              },{
                "LocationFacility":"Ospedale Oncologico Regionale",
                "LocationCity":"RIONERO in VULTURE",
                "LocationZip":"I-58028",
                "LocationCountry":"Italy"
              },{
                "LocationFacility":"Istituto Regina Elena",
                "LocationCity":"Rome",
                "LocationZip":"00161",
                "LocationCountry":"Italy"
              },{
                "LocationFacility":"Istituto Clinico Beato Matteo",
                "LocationCity":"Vigevano",
                "LocationZip":"27029",
                "LocationCountry":"Italy"
              },{
                "LocationFacility":"Hospital Fernando Fonseca",
                "LocationCity":"Amadora",
                "LocationZip":"P-2700",
                "LocationCountry":"Portugal"
              }
            ]
          }
        },
        "ReferencesModule":{
          "ReferenceList":{
            "Reference":[
              {
                "ReferenceType":"result",
                "ReferenceCitation":"Garufi C, Focan C, Tumolo S, et al.: Time finding study of chronomodulated irinotecan (I), fluorouracil (F), leucovorin (L) and oxaliplatin (O) (chronoIFLO) against metastatic colorectal cancer: results from randomized EORTC 05011 trial. [Abstract] J Clin Oncol 25 (Suppl 18): A-2566, 2007."
              }
            ]
          }
        }
      },
      "DerivedSection":{
        "MiscInfoModule":{
          "VersionHolder":"April 19, 2021"
        },
        "ConditionBrowseModule":{
          "ConditionMeshList":{
            "ConditionMesh":[
              {
                "ConditionMeshId":"D000015179",
                "ConditionMeshTerm":"Colorectal Neoplasms"
              }
            ]
          },
          "ConditionAncestorList":{
            "ConditionAncestor":[
              {
                "ConditionAncestorId":"D000007414",
                "ConditionAncestorTerm":"Intestinal Neoplasms"
              },{
                "ConditionAncestorId":"D000005770",
                "ConditionAncestorTerm":"Gastrointestinal Neoplasms"
              },{
                "ConditionAncestorId":"D000004067",
                "ConditionAncestorTerm":"Digestive System Neoplasms"
              },{
                "ConditionAncestorId":"D000009371",
                "ConditionAncestorTerm":"Neoplasms by Site"
              },{
                "ConditionAncestorId":"D000009369",
                "ConditionAncestorTerm":"Neoplasms"
              },{
                "ConditionAncestorId":"D000004066",
                "ConditionAncestorTerm":"Digestive System Diseases"
              },{
                "ConditionAncestorId":"D000005767",
                "ConditionAncestorTerm":"Gastrointestinal Diseases"
              },{
                "ConditionAncestorId":"D000003108",
                "ConditionAncestorTerm":"Colonic Diseases"
              },{
                "ConditionAncestorId":"D000007410",
                "ConditionAncestorTerm":"Intestinal Diseases"
              },{
                "ConditionAncestorId":"D000012002",
                "ConditionAncestorTerm":"Rectal Diseases"
              }
            ]
          },
          "ConditionBrowseLeafList":{
            "ConditionBrowseLeaf":[
              {
                "ConditionBrowseLeafId":"M16473",
                "ConditionBrowseLeafName":"Colorectal Neoplasms",
                "ConditionBrowseLeafAsFound":"Colorectal Cancer",
                "ConditionBrowseLeafRelevance":"high"
              },{
                "ConditionBrowseLeafId":"M9031",
                "ConditionBrowseLeafName":"Intestinal Neoplasms",
                "ConditionBrowseLeafRelevance":"low"
              },{
                "ConditionBrowseLeafId":"M7469",
                "ConditionBrowseLeafName":"Gastrointestinal Neoplasms",
                "ConditionBrowseLeafRelevance":"low"
              },{
                "ConditionBrowseLeafId":"M5839",
                "ConditionBrowseLeafName":"Digestive System Neoplasms",
                "ConditionBrowseLeafRelevance":"low"
              },{
                "ConditionBrowseLeafId":"M5838",
                "ConditionBrowseLeafName":"Digestive System Diseases",
                "ConditionBrowseLeafRelevance":"low"
              },{
                "ConditionBrowseLeafId":"M7466",
                "ConditionBrowseLeafName":"Gastrointestinal Diseases",
                "ConditionBrowseLeafRelevance":"low"
              },{
                "ConditionBrowseLeafId":"M4919",
                "ConditionBrowseLeafName":"Colonic Diseases",
                "ConditionBrowseLeafRelevance":"low"
              },{
                "ConditionBrowseLeafId":"M9027",
                "ConditionBrowseLeafName":"Intestinal Diseases",
                "ConditionBrowseLeafRelevance":"low"
              },{
                "ConditionBrowseLeafId":"M13427",
                "ConditionBrowseLeafName":"Rectal Diseases",
                "ConditionBrowseLeafRelevance":"low"
              }
            ]
          },
          "ConditionBrowseBranchList":{
            "ConditionBrowseBranch":[
              {
                "ConditionBrowseBranchAbbrev":"BC04",
                "ConditionBrowseBranchName":"Cancers and Other Neoplasms"
              },{
                "ConditionBrowseBranchAbbrev":"BC06",
                "ConditionBrowseBranchName":"Digestive System Diseases"
              },{
                "ConditionBrowseBranchAbbrev":"All",
                "ConditionBrowseBranchName":"All Conditions"
              }
            ]
          }
        },
        "InterventionBrowseModule":{
          "InterventionMeshList":{
            "InterventionMesh":[
              {
                "InterventionMeshId":"D000002955",
                "InterventionMeshTerm":"Leucovorin"
              },{
                "InterventionMeshId":"D000005472",
                "InterventionMeshTerm":"Fluorouracil"
              },{
                "InterventionMeshId":"D000077150",
                "InterventionMeshTerm":"Oxaliplatin"
              },{
                "InterventionMeshId":"D000077146",
                "InterventionMeshTerm":"Irinotecan"
              },{
                "InterventionMeshId":"D000002118",
                "InterventionMeshTerm":"Calcium"
              },{
                "InterventionMeshId":"D000058766",
                "InterventionMeshTerm":"Levoleucovorin"
              }
            ]
          },
          "InterventionAncestorList":{
            "InterventionAncestor":[
              {
                "InterventionAncestorId":"D000077264",
                "InterventionAncestorTerm":"Calcium-Regulating Hormones and Agents"
              },{
                "InterventionAncestorId":"D000045505",
                "InterventionAncestorTerm":"Physiological Effects of Drugs"
              },{
                "InterventionAncestorId":"D000000963",
                "InterventionAncestorTerm":"Antimetabolites"
              },{
                "InterventionAncestorId":"D000045504",
                "InterventionAncestorTerm":"Molecular Mechanisms of Pharmacological Action"
              },{
                "InterventionAncestorId":"D000000964",
                "InterventionAncestorTerm":"Antimetabolites, Antineoplastic"
              },{
                "InterventionAncestorId":"D000000970",
                "InterventionAncestorTerm":"Antineoplastic Agents"
              },{
                "InterventionAncestorId":"D000007166",
                "InterventionAncestorTerm":"Immunosuppressive Agents"
              },{
                "InterventionAncestorId":"D000007155",
                "InterventionAncestorTerm":"Immunologic Factors"
              },{
                "InterventionAncestorId":"D000059004",
                "InterventionAncestorTerm":"Topoisomerase I Inhibitors"
              },{
                "InterventionAncestorId":"D000059003",
                "InterventionAncestorTerm":"Topoisomerase Inhibitors"
              },{
                "InterventionAncestorId":"D000004791",
                "InterventionAncestorTerm":"Enzyme Inhibitors"
              },{
                "InterventionAncestorId":"D000000931",
                "InterventionAncestorTerm":"Antidotes"
              },{
                "InterventionAncestorId":"D000020011",
                "InterventionAncestorTerm":"Protective Agents"
              },{
                "InterventionAncestorId":"D000014803",
                "InterventionAncestorTerm":"Vitamin B Complex"
              },{
                "InterventionAncestorId":"D000014815",
                "InterventionAncestorTerm":"Vitamins"
              },{
                "InterventionAncestorId":"D000018977",
                "InterventionAncestorTerm":"Micronutrients"
              },{
                "InterventionAncestorId":"D000078622",
                "InterventionAncestorTerm":"Nutrients"
              },{
                "InterventionAncestorId":"D000006133",
                "InterventionAncestorTerm":"Growth Substances"
              }
            ]
          },
          "InterventionBrowseLeafList":{
            "InterventionBrowseLeaf":[
              {
                "InterventionBrowseLeafId":"M7183",
                "InterventionBrowseLeafName":"Fluorouracil",
                "InterventionBrowseLeafAsFound":"Weight",
                "InterventionBrowseLeafRelevance":"high"
              },{
                "InterventionBrowseLeafId":"M1674",
                "InterventionBrowseLeafName":"Oxaliplatin",
                "InterventionBrowseLeafAsFound":"Received",
                "InterventionBrowseLeafRelevance":"high"
              },{
                "InterventionBrowseLeafId":"M3963",
                "InterventionBrowseLeafName":"Calcium",
                "InterventionBrowseLeafAsFound":"Between",
                "InterventionBrowseLeafRelevance":"high"
              },{
                "InterventionBrowseLeafId":"M1671",
                "InterventionBrowseLeafName":"Irinotecan",
                "InterventionBrowseLeafAsFound":"Route",
                "InterventionBrowseLeafRelevance":"high"
              },{
                "InterventionBrowseLeafId":"M3980",
                "InterventionBrowseLeafName":"Calcium, Dietary",
                "InterventionBrowseLeafRelevance":"low"
              },{
                "InterventionBrowseLeafId":"M4774",
                "InterventionBrowseLeafName":"Leucovorin",
                "InterventionBrowseLeafAsFound":"Symptoms",
                "InterventionBrowseLeafRelevance":"high"
              },{
                "InterventionBrowseLeafId":"M27820",
                "InterventionBrowseLeafName":"Levoleucovorin",
                "InterventionBrowseLeafAsFound":"Monthly",
                "InterventionBrowseLeafRelevance":"high"
              },{
                "InterventionBrowseLeafId":"M8372",
                "InterventionBrowseLeafName":"Hormones",
                "InterventionBrowseLeafRelevance":"low"
              },{
                "InterventionBrowseLeafId":"M2862",
                "InterventionBrowseLeafName":"Antimetabolites",
                "InterventionBrowseLeafRelevance":"low"
              },{
                "InterventionBrowseLeafId":"M8795",
                "InterventionBrowseLeafName":"Immunosuppressive Agents",
                "InterventionBrowseLeafRelevance":"low"
              },{
                "InterventionBrowseLeafId":"M8784",
                "InterventionBrowseLeafName":"Immunologic Factors",
                "InterventionBrowseLeafRelevance":"low"
              },{
                "InterventionBrowseLeafId":"M27936",
                "InterventionBrowseLeafName":"Topoisomerase I Inhibitors",
                "InterventionBrowseLeafRelevance":"low"
              },{
                "InterventionBrowseLeafId":"M2831",
                "InterventionBrowseLeafName":"Antidotes",
                "InterventionBrowseLeafRelevance":"low"
              },{
                "InterventionBrowseLeafId":"M20453",
                "InterventionBrowseLeafName":"Protective Agents",
                "InterventionBrowseLeafRelevance":"low"
              },{
                "InterventionBrowseLeafId":"M16141",
                "InterventionBrowseLeafName":"Vitamins",
                "InterventionBrowseLeafRelevance":"low"
              },{
                "InterventionBrowseLeafId":"M7201",
                "InterventionBrowseLeafName":"Folic Acid",
                "InterventionBrowseLeafRelevance":"low"
              },{
                "InterventionBrowseLeafId":"M16129",
                "InterventionBrowseLeafName":"Vitamin B Complex",
                "InterventionBrowseLeafRelevance":"low"
              },{
                "InterventionBrowseLeafId":"M19593",
                "InterventionBrowseLeafName":"Micronutrients",
                "InterventionBrowseLeafRelevance":"low"
              },{
                "InterventionBrowseLeafId":"M15468",
                "InterventionBrowseLeafName":"Trace Elements",
                "InterventionBrowseLeafRelevance":"low"
              },{
                "InterventionBrowseLeafId":"M1986",
                "InterventionBrowseLeafName":"Nutrients",
                "InterventionBrowseLeafRelevance":"low"
              },{
                "InterventionBrowseLeafId":"T120",
                "InterventionBrowseLeafName":"Cola",
                "InterventionBrowseLeafRelevance":"low"
              },{
                "InterventionBrowseLeafId":"T447",
                "InterventionBrowseLeafName":"Folinic Acid",
                "InterventionBrowseLeafAsFound":"Monthly",
                "InterventionBrowseLeafRelevance":"high"
              },{
                "InterventionBrowseLeafId":"T446",
                "InterventionBrowseLeafName":"Folic Acid",
                "InterventionBrowseLeafRelevance":"low"
              },{
                "InterventionBrowseLeafId":"T448",
                "InterventionBrowseLeafName":"Folate",
                "InterventionBrowseLeafRelevance":"low"
              },{
                "InterventionBrowseLeafId":"T475",
                "InterventionBrowseLeafName":"Vitamin B9",
                "InterventionBrowseLeafRelevance":"low"
              }
            ]
          },
          "InterventionBrowseBranchList":{
            "InterventionBrowseBranch":[
              {
                "InterventionBrowseBranchAbbrev":"ANeo",
                "InterventionBrowseBranchName":"Antineoplastic Agents"
              },{
                "InterventionBrowseBranchAbbrev":"All",
                "InterventionBrowseBranchName":"All Drugs and Chemicals"
              },{
                "InterventionBrowseBranchAbbrev":"BDCA",
                "InterventionBrowseBranchName":"Bone Density Conservation Agents"
              },{
                "InterventionBrowseBranchAbbrev":"Micro",
                "InterventionBrowseBranchName":"Micronutrients"
              },{
                "InterventionBrowseBranchAbbrev":"Hemat",
                "InterventionBrowseBranchName":"Hematinics"
              },{
                "InterventionBrowseBranchAbbrev":"HB",
                "InterventionBrowseBranchName":"Herbal and Botanical"
              },{
                "InterventionBrowseBranchAbbrev":"Vi",
                "InterventionBrowseBranchName":"Vitamins"
              }
            ]
          }
        }
      }
    }
  }
}

