{
  "FullStudy":{
    "Rank":367321,
    "Study":{
      "ProtocolSection":{
        "IdentificationModule":{
          "NCTId":"NCT00032864",
          "OrgStudyIdInfo":{
            "OrgStudyId":"S003"
          },
          "Organization":{
            "OrgFullName":"VA Office of Research and Development",
            "OrgClass":"FED"
          },
          "BriefTitle":"Clinical Trial of Footwear in Patients With Diabetes",
          "OfficialTitle":"Clinical Trial of Footwear in Patients With Diabetes"
        },
        "StatusModule":{
          "StatusVerifiedDate":"February 2003",
          "OverallStatus":"Completed",
          "ExpandedAccessInfo":{
            "HasExpandedAccess":"No"
          },
          "StartDateStruct":{
            "StartDate":"January 1997"
          },
          "CompletionDateStruct":{
            "CompletionDate":"September 2000"
          },
          "StudyFirstSubmitDate":"April 4, 2002",
          "StudyFirstSubmitQCDate":"April 4, 2002",
          "StudyFirstPostDateStruct":{
            "StudyFirstPostDate":"April 5, 2002",
            "StudyFirstPostDateType":"Estimate"
          },
          "LastUpdateSubmitDate":"January 20, 2009",
          "LastUpdatePostDateStruct":{
            "LastUpdatePostDate":"January 21, 2009",
            "LastUpdatePostDateType":"Estimate"
          }
        },
        "SponsorCollaboratorsModule":{
          "LeadSponsor":{
            "LeadSponsorName":"US Department of Veterans Affairs",
            "LeadSponsorClass":"FED"
          }
        },
        "DescriptionModule":{
          "BriefSummary":"A Seattle VA study indicated lower extremity ulcers preceded 84% of diabetic amputations. Nearly half of the events that ban the causal chain leading to ulcers and amputation were initiated by ill-fitting footwear. Other investigators report similar findings for injurious footwear in their diabetic patient populations. Yet, the efficacy of footwear in preventing ulcers and amputations in the high-risk diabetic population has received limited experimental investigation. A British descriptive study followed diabetic patients with healed foot ulcers for two years and found reulceration occurred in 72% of patients who resume wearing their own footwear compared to 26% of patients who continued wearing \"prescribed\" footwear. A Swedish cohort study identified individuals with a foot ulcer and reported their 1, 3, and 5 year reulceration rates at 34%, 61%, and 70%, respectively, without further specifying footwear components. In a German diabetic population the reulceration rate was 87% in-patients who abandoned their custom shoes and resumed wearing their own shoes compared to 42% of those who continued to wear their custom shoes. Unfortunately, none of these studies compared the single or combined contribution of therapeutic shoes or insoles on foot ulcer prevention. Nor did these studies address patient adherence to prescribed footwear; thus the actual efficacy of various footwear interventions in foot ulcer prevention in this high-risk population is still to be tested.",
          "DetailedDescription":"Primary Objective:\n\nHalf of the 7,646 amputations performed in VA in 1996 were in veterans with diabetes. Lower extremity ulcers preceded about 85% of diabetic amputations. Minor trauma, often footwear or repetitive pressure related, initiated the majority of the ulcers. Persons with diabetes have unique footwear needs. In 1997, Gayle E. Reiber MPH, PhD, and Douglas G. Smith, MD of the VA Puget Sound Health Care System initiated a randomized clinical trial (1) to determine the extent to which study shoes and study inserts would reduce the incidence of re-ulceration in diabetic individuals with a prior foot ulcer history, and (2) to estimate costs of ulcer prevention using these strategies. A total of 400 patients from the VA Puget Sound Health Care System (n=189) and a Seattle-area Health Maintenance Organization, Group Health Cooperative (n=211), have now been randomized to one of three study arms: Arm 1 (n=120) study shoes and customized cork inserts; Arm 2 (n=119) study shoes and generic polyurethane inserts; and Arm 3 (n=161) controls who are wearing their own footwear. Patients in Arms 1 and 2 received formal, leisure and athletic shoes built to study specifications by Cole-Haan for men and by Lowell Shoe for women. Patients will be followed for two years to determine the incidence and cost of foot re-ulceration.\n\nStudy Abstract:\n\nA Seattle VA study indicated lower extremity ulcers preceded 84% of diabetic amputations. Nearly half of the events that ban the causal chain leading to ulcers and amputation were initiated by ill-fitting footwear. Other investigators report similar findings for injurious footwear in their diabetic patient populations. Yet, the efficacy of footwear in preventing ulcers and amputations in the high-risk diabetic population has received limited experimental investigation. A British descriptive study followed diabetic patients with healed foot ulcers for two years and found reulceration occurred in 72% of patients who resume wearing their own footwear compared to 26% of patients who continued wearing \"prescribed\" footwear. A Swedish cohort study identified individuals with a foot ulcer and reported their 1, 3, and 5 year reulceration rates at 34%, 61%, and 70%, respectively, without further specifying footwear components. In a German diabetic population the reulceration rate was 87% in-patients who abandoned their custom shoes and resumed wearing their own shoes compared to 42% of those who continued to wear their custom shoes. Unfortunately, none of these studies compared the single or combined contribution of therapeutic shoes or insoles on foot ulcer prevention. Nor did these studies address patient adherence to prescribed footwear; thus the actual efficacy of various footwear interventions in foot ulcer prevention in this high-risk population is still to be tested."
        },
        "ConditionsModule":{
          "ConditionList":{
            "Condition":[
              "Amputations",
              "Diabetes",
              "Lower Extremity Ulcers"
            ]
          },
          "KeywordList":{
            "Keyword":[
              "amputations, diabetes,"
            ]
          }
        },
        "DesignModule":{
          "StudyType":"Observational"
        },
        "EligibilityModule":{
          "StdAgeList":{
            "StdAge":[
              "Child",
              "Adult",
              "Older Adult"
            ]
          }
        }
      },
      "DerivedSection":{
        "MiscInfoModule":{
          "VersionHolder":"April 19, 2021"
        },
        "ConditionBrowseModule":{
          "ConditionMeshList":{
            "ConditionMesh":[
              {
                "ConditionMeshId":"D000007871",
                "ConditionMeshTerm":"Leg Ulcer"
              },{
                "ConditionMeshId":"D000003920",
                "ConditionMeshTerm":"Diabetes Mellitus"
              }
            ]
          },
          "ConditionAncestorList":{
            "ConditionAncestor":[
              {
                "ConditionAncestorId":"D000044882",
                "ConditionAncestorTerm":"Glucose Metabolism Disorders"
              },{
                "ConditionAncestorId":"D000008659",
                "ConditionAncestorTerm":"Metabolic Diseases"
              },{
                "ConditionAncestorId":"D000004700",
                "ConditionAncestorTerm":"Endocrine System Diseases"
              },{
                "ConditionAncestorId":"D000012883",
                "ConditionAncestorTerm":"Skin Ulcer"
              },{
                "ConditionAncestorId":"D000012871",
                "ConditionAncestorTerm":"Skin Diseases"
              }
            ]
          },
          "ConditionBrowseLeafList":{
            "ConditionBrowseLeaf":[
              {
                "ConditionBrowseLeafId":"M5698",
                "ConditionBrowseLeafName":"Diabetes Mellitus",
                "ConditionBrowseLeafAsFound":"Diabetes",
                "ConditionBrowseLeafRelevance":"high"
              },{
                "ConditionBrowseLeafId":"M15789",
                "ConditionBrowseLeafName":"Ulcer",
                "ConditionBrowseLeafRelevance":"low"
              },{
                "ConditionBrowseLeafId":"M9466",
                "ConditionBrowseLeafName":"Leg Ulcer",
                "ConditionBrowseLeafAsFound":"Lower Extremity Ulcers",
                "ConditionBrowseLeafRelevance":"high"
              },{
                "ConditionBrowseLeafId":"M10222",
                "ConditionBrowseLeafName":"Metabolic Diseases",
                "ConditionBrowseLeafRelevance":"low"
              },{
                "ConditionBrowseLeafId":"M23990",
                "ConditionBrowseLeafName":"Glucose Metabolism Disorders",
                "ConditionBrowseLeafRelevance":"low"
              },{
                "ConditionBrowseLeafId":"M6445",
                "ConditionBrowseLeafName":"Endocrine System Diseases",
                "ConditionBrowseLeafRelevance":"low"
              },{
                "ConditionBrowseLeafId":"M14269",
                "ConditionBrowseLeafName":"Skin Ulcer",
                "ConditionBrowseLeafRelevance":"low"
              },{
                "ConditionBrowseLeafId":"M14257",
                "ConditionBrowseLeafName":"Skin Diseases",
                "ConditionBrowseLeafRelevance":"low"
              }
            ]
          },
          "ConditionBrowseBranchList":{
            "ConditionBrowseBranch":[
              {
                "ConditionBrowseBranchAbbrev":"BC18",
                "ConditionBrowseBranchName":"Nutritional and Metabolic Diseases"
              },{
                "ConditionBrowseBranchAbbrev":"BC19",
                "ConditionBrowseBranchName":"Gland and Hormone Related Diseases"
              },{
                "ConditionBrowseBranchAbbrev":"All",
                "ConditionBrowseBranchName":"All Conditions"
              },{
                "ConditionBrowseBranchAbbrev":"BC23",
                "ConditionBrowseBranchName":"Symptoms and General Pathology"
              },{
                "ConditionBrowseBranchAbbrev":"BC17",
                "ConditionBrowseBranchName":"Skin and Connective Tissue Diseases"
              }
            ]
          }
        }
      }
    }
  }
}

