{
  "FullStudy":{
    "Rank":367062,
    "Study":{
      "ProtocolSection":{
        "IdentificationModule":{
          "NCTId":"NCT00036426",
          "NCTIdAliasList":{
            "NCTIdAlias":[
              "NCT00014157"
            ]
          },
          "OrgStudyIdInfo":{
            "OrgStudyId":"FavId-01"
          },
          "Organization":{
            "OrgFullName":"Favrille",
            "OrgClass":"INDUSTRY"
          },
          "BriefTitle":"Idiotype Vaccine for Low-Grade Non-Hodgkin's Lymphoma",
          "OfficialTitle":"Phase II Study of FavId (Tumor-Specific Idiotype-KLH) and Soluble GM-CSF Immunotherapy in Patients With Stable or Progressive Grade 1 and 2 Follicular B-Cell Lymphomas"
        },
        "StatusModule":{
          "StatusVerifiedDate":"October 2004",
          "OverallStatus":"Unknown status",
          "LastKnownStatus":"Active, not recruiting",
          "StartDateStruct":{
            "StartDate":"March 2001"
          },
          "StudyFirstSubmitDate":"May 9, 2002",
          "StudyFirstSubmitQCDate":"May 9, 2002",
          "StudyFirstPostDateStruct":{
            "StudyFirstPostDate":"May 10, 2002",
            "StudyFirstPostDateType":"Estimate"
          },
          "LastUpdateSubmitDate":"June 23, 2005",
          "LastUpdatePostDateStruct":{
            "LastUpdatePostDate":"June 24, 2005",
            "LastUpdatePostDateType":"Estimate"
          }
        },
        "SponsorCollaboratorsModule":{
          "LeadSponsor":{
            "LeadSponsorName":"Favrille",
            "LeadSponsorClass":"INDUSTRY"
          }
        },
        "OversightModule":{},
        "DescriptionModule":{
          "BriefSummary":"The purpose of this study was to determine if an idiotype vaccine, made from a patient's lymphoma that has returned after chemotherapy and/or rituximab, would be able to shrink their tumor.",
          "DetailedDescription":"The purpose of this study was to assess the ability of active immunotherapy to induce tumor regressions in relapsed low-grade lymphoma. B-cell malignancies express a unique antigen, the immunoglobulin idiotype (Id), on their surface. Each B-cell harbors a unique genetic sequence used in the production of immunoglobulin idiotype. B-cell lymphomas arise from the clonal expansion of a single B-cell and all tumor cells express that unique Id protein. No normal B-cells possess that Id on their cell surface. Hence, Id protein should serve as an ideal target for individualized active immune therapy of NHL. Many of the antigens expressed by tumors (including Id) are only weak immunogens. To augment the immune response against Id, the Id protein must be chemically coupled to a strongly immunogenic protein. Keyhole limpet hemocyanin (KLH) is a commonly used protein carrier capable of augmenting the body's immune reaction against Id protein. While initial studies reported a predominately humoral (antibody) response, cellular immunity (T-cells) also plays a critical role in anti-tumor immunity. GM-CSF is a hematopoietic growth factor that stimulates T-cell proliferation."
        },
        "ConditionsModule":{
          "ConditionList":{
            "Condition":[
              "Lymphoma, Low-Grade"
            ]
          },
          "KeywordList":{
            "Keyword":[
              "lymphoma",
              "vaccine",
              "idiotype",
              "KLH",
              "GM-CSF"
            ]
          }
        },
        "DesignModule":{
          "StudyType":"Interventional",
          "PhaseList":{
            "Phase":[
              "Phase 2"
            ]
          },
          "DesignInfo":{
            "DesignAllocation":"Non-Randomized",
            "DesignInterventionModel":"Single Group Assignment",
            "DesignPrimaryPurpose":"Treatment",
            "DesignMaskingInfo":{
              "DesignMasking":"None (Open Label)"
            }
          },
          "EnrollmentInfo":{
            "EnrollmentCount":"22"
          }
        },
        "ArmsInterventionsModule":{
          "InterventionList":{
            "Intervention":[
              {
                "InterventionType":"Biological",
                "InterventionName":"FavId (Id-KLH) active immunotherapy"
              }
            ]
          }
        },
        "EligibilityModule":{
          "EligibilityCriteria":"Inclusion Criteria\n\n18 years of age\nHistologically confirmed grade 1 or 2 follicular B-cell lymphoma (WHO classification)\nPatients that have responded with at least stable disease to their most recent chemo- or anti-CD20 antibody (Rituxan®, Zevalin, Bexxar) therapy for a minimum of 90 days and who currently have relapsed or who continue to have stable disease.\nTumor accessible for biopsy or previously existing biopsy material\nAt least 1 additional bidimensional lesion measuring at least 2 cm in each dimension\nPerformance status (ECOG) of 0, 1 or 2\nAbsolute Granulocyte count ? 1,000/mm3\nTotal Bilirubin < 2 mg/dL\nAST and ALT < 2x Upper Limit of Normal\nCreatinine < 1.5 mg/dL\n\nExclusion Criteria\n\nPatients who have had more than 3 prior chemotherapy or anti-CD20 regimens\nPrior fludarabine\nPrior tumor-specific idiotype immunotherapy\nPatients whose disease has progressed within the first 90 days of their last chemotherapy or anti-CD20 treatment\nConcurrent immunosuppressive therapy (high-dose steroids; etc)\nPrior splenectomy\nSurgery, cancer radiotherapy, steroid therapy, immunotherapy or chemotherapy within 90 days prior to first scheduled vaccination\nKnown history of CNS lymphoma or meningeal lymphomatosis\nHIV positive\nSerious non-malignant disease (e.g., psychiatric disorders, congestive heart failure, or active uncontrolled bacterial, viral, or fungal infections), or other conditions which, in the opinion of the investigator would compromise protocol objectives\nPrior malignancy (excluding nonmelanoma carcinomas of the skin and in situ cervical carcinomas) unless in remission for > 2 years\nTreatment with an investigational drug within 30 days prior to study entry\nPregnant or nursing women NOTE: Women of childbearing potential should be advised to avoid becoming pregnant while receiving treatment with FavId.",
          "HealthyVolunteers":"No",
          "Gender":"All",
          "MinimumAge":"18 Years",
          "StdAgeList":{
            "StdAge":[
              "Adult",
              "Older Adult"
            ]
          }
        },
        "ContactsLocationsModule":{
          "LocationList":{
            "Location":[
              {
                "LocationFacility":"Scripps Stevens Cancer Center",
                "LocationCity":"La Jolla",
                "LocationState":"California",
                "LocationZip":"92037",
                "LocationCountry":"United States"
              },{
                "LocationFacility":"University of California San Diego",
                "LocationCity":"La Jolla",
                "LocationState":"California",
                "LocationZip":"92093",
                "LocationCountry":"United States"
              },{
                "LocationFacility":"Tower Hematology Oncology Medical Group",
                "LocationCity":"Los Angeles",
                "LocationState":"California",
                "LocationZip":"90048",
                "LocationCountry":"United States"
              },{
                "LocationFacility":"Oncology Associates of San Diego",
                "LocationCity":"San Diego",
                "LocationState":"California",
                "LocationZip":"92123",
                "LocationCountry":"United States"
              },{
                "LocationFacility":"Medical Group of North County",
                "LocationCity":"Vista",
                "LocationState":"California",
                "LocationZip":"92083",
                "LocationCountry":"United States"
              },{
                "LocationFacility":"University of Florida, Jacksonville",
                "LocationCity":"Jacksonville",
                "LocationState":"Florida",
                "LocationZip":"32209",
                "LocationCountry":"United States"
              },{
                "LocationFacility":"Northwestern University",
                "LocationCity":"Chicago",
                "LocationState":"Illinois",
                "LocationZip":"60611",
                "LocationCountry":"United States"
              },{
                "LocationFacility":"Henry Ford Hospital",
                "LocationCity":"Detroit",
                "LocationState":"Michigan",
                "LocationZip":"48202",
                "LocationCountry":"United States"
              },{
                "LocationFacility":"New York Medical College - Our Lady of Mercy Medical Center, Comprehensive Cancer Center",
                "LocationCity":"Bronx",
                "LocationState":"New York",
                "LocationZip":"10466",
                "LocationCountry":"United States"
              },{
                "LocationFacility":"New York Hospital - Cornell Medical Center",
                "LocationCity":"New York",
                "LocationState":"New York",
                "LocationZip":"10021",
                "LocationCountry":"United States"
              },{
                "LocationFacility":"Oncology Hematology Care, Inc.",
                "LocationCity":"Cincinnati",
                "LocationState":"Ohio",
                "LocationZip":"45219",
                "LocationCountry":"United States"
              },{
                "LocationFacility":"Fox Chase Cancer Center",
                "LocationCity":"Philadelphia",
                "LocationState":"Pennsylvania",
                "LocationZip":"19111",
                "LocationCountry":"United States"
              }
            ]
          }
        }
      },
      "DerivedSection":{
        "MiscInfoModule":{
          "VersionHolder":"April 19, 2021"
        },
        "ConditionBrowseModule":{
          "ConditionMeshList":{
            "ConditionMesh":[
              {
                "ConditionMeshId":"D000008223",
                "ConditionMeshTerm":"Lymphoma"
              },{
                "ConditionMeshId":"D000008228",
                "ConditionMeshTerm":"Lymphoma, Non-Hodgkin"
              }
            ]
          },
          "ConditionAncestorList":{
            "ConditionAncestor":[
              {
                "ConditionAncestorId":"D000009370",
                "ConditionAncestorTerm":"Neoplasms by Histologic Type"
              },{
                "ConditionAncestorId":"D000009369",
                "ConditionAncestorTerm":"Neoplasms"
              },{
                "ConditionAncestorId":"D000008232",
                "ConditionAncestorTerm":"Lymphoproliferative Disorders"
              },{
                "ConditionAncestorId":"D000008206",
                "ConditionAncestorTerm":"Lymphatic Diseases"
              },{
                "ConditionAncestorId":"D000007160",
                "ConditionAncestorTerm":"Immunoproliferative Disorders"
              },{
                "ConditionAncestorId":"D000007154",
                "ConditionAncestorTerm":"Immune System Diseases"
              }
            ]
          },
          "ConditionBrowseLeafList":{
            "ConditionBrowseLeaf":[
              {
                "ConditionBrowseLeafId":"M9803",
                "ConditionBrowseLeafName":"Lymphoma",
                "ConditionBrowseLeafAsFound":"Lymphoma",
                "ConditionBrowseLeafRelevance":"high"
              },{
                "ConditionBrowseLeafId":"M17411",
                "ConditionBrowseLeafName":"Lymphoma, B-Cell",
                "ConditionBrowseLeafRelevance":"low"
              },{
                "ConditionBrowseLeafId":"M9805",
                "ConditionBrowseLeafName":"Lymphoma, Non-Hodgkin",
                "ConditionBrowseLeafAsFound":"Lymphoma, Low-Grade",
                "ConditionBrowseLeafRelevance":"high"
              },{
                "ConditionBrowseLeafId":"M10898",
                "ConditionBrowseLeafName":"Neoplasms by Histologic Type",
                "ConditionBrowseLeafRelevance":"low"
              },{
                "ConditionBrowseLeafId":"M9808",
                "ConditionBrowseLeafName":"Lymphoproliferative Disorders",
                "ConditionBrowseLeafRelevance":"low"
              },{
                "ConditionBrowseLeafId":"M9786",
                "ConditionBrowseLeafName":"Lymphatic Diseases",
                "ConditionBrowseLeafRelevance":"low"
              },{
                "ConditionBrowseLeafId":"M8789",
                "ConditionBrowseLeafName":"Immunoproliferative Disorders",
                "ConditionBrowseLeafRelevance":"low"
              },{
                "ConditionBrowseLeafId":"M8783",
                "ConditionBrowseLeafName":"Immune System Diseases",
                "ConditionBrowseLeafRelevance":"low"
              },{
                "ConditionBrowseLeafId":"T3543",
                "ConditionBrowseLeafName":"Lymphosarcoma",
                "ConditionBrowseLeafAsFound":"Lymphoma",
                "ConditionBrowseLeafRelevance":"high"
              },{
                "ConditionBrowseLeafId":"T640",
                "ConditionBrowseLeafName":"B-cell Lymphoma",
                "ConditionBrowseLeafRelevance":"low"
              }
            ]
          },
          "ConditionBrowseBranchList":{
            "ConditionBrowseBranch":[
              {
                "ConditionBrowseBranchAbbrev":"BC04",
                "ConditionBrowseBranchName":"Cancers and Other Neoplasms"
              },{
                "ConditionBrowseBranchAbbrev":"BC15",
                "ConditionBrowseBranchName":"Blood and Lymph Conditions"
              },{
                "ConditionBrowseBranchAbbrev":"BC20",
                "ConditionBrowseBranchName":"Immune System Diseases"
              },{
                "ConditionBrowseBranchAbbrev":"All",
                "ConditionBrowseBranchName":"All Conditions"
              },{
                "ConditionBrowseBranchAbbrev":"Rare",
                "ConditionBrowseBranchName":"Rare Diseases"
              }
            ]
          }
        },
        "InterventionBrowseModule":{
          "InterventionBrowseLeafList":{
            "InterventionBrowseLeaf":[
              {
                "InterventionBrowseLeafId":"M15943",
                "InterventionBrowseLeafName":"Vaccines",
                "InterventionBrowseLeafRelevance":"low"
              },{
                "InterventionBrowseLeafId":"M8761",
                "InterventionBrowseLeafName":"Immunoglobulin Idiotypes",
                "InterventionBrowseLeafRelevance":"low"
              }
            ]
          },
          "InterventionBrowseBranchList":{
            "InterventionBrowseBranch":[
              {
                "InterventionBrowseBranchAbbrev":"All",
                "InterventionBrowseBranchName":"All Drugs and Chemicals"
              }
            ]
          }
        }
      }
    }
  }
}

