{
  "FullStudy":{
    "Rank":366821,
    "Study":{
      "ProtocolSection":{
        "IdentificationModule":{
          "NCTId":"NCT00039793",
          "NCTIdAliasList":{
            "NCTIdAlias":[
              "NCT00058513"
            ]
          },
          "OrgStudyIdInfo":{
            "OrgStudyId":"R21AT000348-01",
            "OrgStudyIdType":"U.S. NIH Grant/Contract",
            "OrgStudyIdLink":"https://projectreporter.nih.gov/reporterapi.cfm?PROJECTNUM=R21AT000348-01&Fy=all"
          },
          "Organization":{
            "OrgFullName":"National Center for Complementary and Integrative Health (NCCIH)",
            "OrgClass":"NIH"
          },
          "BriefTitle":"Massage Therapy for Cancer-Related Fatigue",
          "OfficialTitle":"Massage Therapy for Cancer-Related Fatigue"
        },
        "StatusModule":{
          "StatusVerifiedDate":"July 2006",
          "OverallStatus":"Completed",
          "ExpandedAccessInfo":{
            "HasExpandedAccess":"No"
          },
          "StartDateStruct":{
            "StartDate":"March 2001"
          },
          "CompletionDateStruct":{
            "CompletionDate":"March 2004"
          },
          "StudyFirstSubmitDate":"June 11, 2002",
          "StudyFirstSubmitQCDate":"June 12, 2002",
          "StudyFirstPostDateStruct":{
            "StudyFirstPostDate":"June 13, 2002",
            "StudyFirstPostDateType":"Estimate"
          },
          "LastUpdateSubmitDate":"August 17, 2006",
          "LastUpdatePostDateStruct":{
            "LastUpdatePostDate":"August 18, 2006",
            "LastUpdatePostDateType":"Estimate"
          }
        },
        "SponsorCollaboratorsModule":{
          "LeadSponsor":{
            "LeadSponsorName":"National Center for Complementary and Integrative Health (NCCIH)",
            "LeadSponsorClass":"NIH"
          }
        },
        "OversightModule":{},
        "DescriptionModule":{
          "BriefSummary":"The purpose of this study is to develop methods for studying the effect of bodywork therapy on symptoms of fatigue in patients undergoing cancer chemotherapy.",
          "DetailedDescription":"The proposed project is a randomized pilot trial of a Swedish-style massage therapy intervention for the treatment of fatigue in patients who are undergoing cancer chemotherapy. Fatigue is the most common complaint of patients receiving treatment for cancer, but is often difficult to treat and causes a substantial decrement in patients' quality of life. Massage therapy is a non-invasive intervention used in many patients with cancer for symptom control. Prior small studies have suggested some efficacy of bodywork therapies in conditions characterized by fatigue, such as fibromyalgia and chronic fatigue syndrome. Based on these results, massage therapy may provide an important adjunct in ameliorating fatigue and enhancing cancer patients' well being.\n\nThe proposed study is a 12-week, randomized, three-arm, parallel-comparison clinical trial comparing the effects of a Swedish-style massage regimen to a sham bodywork control and a usual-care group for fatigue reduction in cancer patents undergoing chemotherapy. Patients with breast, ovarian, prostate, or colo-rectal cancer will be enrolled; the primary outcome measure is a quantitative assessment of fatigue symptoms. This study will determine efficacy, functioning, perceptions of fatigue, and quality of life. This study should provide not only important data on the potential efficacy of massage therapy for the treatment of fatigue, but also advance the methodology for studying CAM interventions for difficult-to-treat symptomatic conditions."
        },
        "ConditionsModule":{
          "ConditionList":{
            "Condition":[
              "Breast Neoplasms",
              "Ovarian Neoplasms",
              "Prostatic Neoplasms",
              "Colorectal Neoplasms"
            ]
          },
          "KeywordList":{
            "Keyword":[
              "Cancer-related fatigue",
              "alternative medicine",
              "cancer rehabilitation /care",
              "fatigue",
              "human therapy evaluation",
              "physical therapy",
              "neoplasm /cancer chemotherapy",
              "neoplasm /cancer palliative treatment"
            ]
          }
        },
        "DesignModule":{
          "StudyType":"Interventional",
          "PhaseList":{
            "Phase":[
              "Phase 2"
            ]
          },
          "DesignInfo":{
            "DesignAllocation":"Randomized",
            "DesignInterventionModel":"Parallel Assignment",
            "DesignPrimaryPurpose":"Treatment",
            "DesignMaskingInfo":{
              "DesignMasking":"None (Open Label)"
            }
          },
          "EnrollmentInfo":{
            "EnrollmentCount":"45"
          }
        },
        "ArmsInterventionsModule":{
          "InterventionList":{
            "Intervention":[
              {
                "InterventionType":"Procedure",
                "InterventionName":"Moderate-intensity and low-intensity bodywork therapy"
              }
            ]
          }
        },
        "EligibilityModule":{
          "EligibilityCriteria":"Inclusion criteria:\n\nConfirmed tissue diagnosis of cancer of the breast, ovary, prostate or colo-rectum\nHave an anticipated completion of chemotherapy no more than 2 weeks before the last bodywork session.\nHave a primary oncologist\nCurrently receiving chemotherapy or completed chemotherapy treatment within the past 6 months\n\nExclusion criteria:\n\nActive skin rash or open cutaneous lesions.\nHistory of venous thrombosis (or symptomatic varicosity)\nIdentification of a thrombosis using an ultrasound test of the legs.\nLong term (> 3 months) steroid medications for other medical conditions in past 5 years\nPlans to move out of the study region within 6 months\nThyroid-stimulating hormone (TSH) level above the upper limit of normal\nHematocrit <25%\nPlatelet count of < 50,000\nPatients who have been receiving regular (i.e. at least twice a month) bodywork over the past 6 months.",
          "HealthyVolunteers":"No",
          "Gender":"All",
          "MinimumAge":"18 Years",
          "StdAgeList":{
            "StdAge":[
              "Adult",
              "Older Adult"
            ]
          }
        },
        "ContactsLocationsModule":{
          "OverallOfficialList":{
            "OverallOfficial":[
              {
                "OverallOfficialName":"Andrew Avins, MD, MPH",
                "OverallOfficialAffiliation":"Osher Center for Integrative Medicine, University of California, San Francisco",
                "OverallOfficialRole":"Principal Investigator"
              },{
                "OverallOfficialName":"Shelley Adler, PhD",
                "OverallOfficialAffiliation":"Osher Center for Integrative Medicine, University of California, San Francisco"
              },{
                "OverallOfficialName":"Michael Patterson, MS",
                "OverallOfficialAffiliation":"Osher Center for Integrative Medicine, University of California, San Francisco"
              }
            ]
          },
          "LocationList":{
            "Location":[
              {
                "LocationFacility":"Osher Center for Integrative Medicine",
                "LocationCity":"San Francisco",
                "LocationState":"California",
                "LocationZip":"94143",
                "LocationCountry":"United States"
              }
            ]
          }
        },
        "ReferencesModule":{
          "ReferenceList":{
            "Reference":[
              {
                "ReferencePMID":"18534330",
                "ReferenceType":"derived",
                "ReferenceCitation":"Patterson M, Maurer S, Adler SR, Avins AL. A novel clinical-trial design for the study of massage therapy. Complement Ther Med. 2008 Jun;16(3):169-76. doi: 10.1016/j.ctim.2007.08.001. Epub 2007 Sep 21."
              }
            ]
          },
          "SeeAlsoLinkList":{
            "SeeAlsoLink":[
              {
                "SeeAlsoLinkLabel":"Click here for more information about how to contact this study",
                "SeeAlsoLinkURL":"http://www.ucsf.edu/ocim/"
              }
            ]
          }
        }
      },
      "DerivedSection":{
        "MiscInfoModule":{
          "VersionHolder":"April 19, 2021"
        },
        "ConditionBrowseModule":{
          "ConditionMeshList":{
            "ConditionMesh":[
              {
                "ConditionMeshId":"D000009369",
                "ConditionMeshTerm":"Neoplasms"
              },{
                "ConditionMeshId":"D000001943",
                "ConditionMeshTerm":"Breast Neoplasms"
              },{
                "ConditionMeshId":"D000015179",
                "ConditionMeshTerm":"Colorectal Neoplasms"
              },{
                "ConditionMeshId":"D000011471",
                "ConditionMeshTerm":"Prostatic Neoplasms"
              },{
                "ConditionMeshId":"D000010051",
                "ConditionMeshTerm":"Ovarian Neoplasms"
              },{
                "ConditionMeshId":"D000005221",
                "ConditionMeshTerm":"Fatigue"
              }
            ]
          },
          "ConditionAncestorList":{
            "ConditionAncestor":[
              {
                "ConditionAncestorId":"D000009371",
                "ConditionAncestorTerm":"Neoplasms by Site"
              },{
                "ConditionAncestorId":"D000001941",
                "ConditionAncestorTerm":"Breast Diseases"
              },{
                "ConditionAncestorId":"D000012871",
                "ConditionAncestorTerm":"Skin Diseases"
              },{
                "ConditionAncestorId":"D000007414",
                "ConditionAncestorTerm":"Intestinal Neoplasms"
              },{
                "ConditionAncestorId":"D000005770",
                "ConditionAncestorTerm":"Gastrointestinal Neoplasms"
              },{
                "ConditionAncestorId":"D000004067",
                "ConditionAncestorTerm":"Digestive System Neoplasms"
              },{
                "ConditionAncestorId":"D000004066",
                "ConditionAncestorTerm":"Digestive System Diseases"
              },{
                "ConditionAncestorId":"D000005767",
                "ConditionAncestorTerm":"Gastrointestinal Diseases"
              },{
                "ConditionAncestorId":"D000003108",
                "ConditionAncestorTerm":"Colonic Diseases"
              },{
                "ConditionAncestorId":"D000007410",
                "ConditionAncestorTerm":"Intestinal Diseases"
              },{
                "ConditionAncestorId":"D000012002",
                "ConditionAncestorTerm":"Rectal Diseases"
              },{
                "ConditionAncestorId":"D000005834",
                "ConditionAncestorTerm":"Genital Neoplasms, Male"
              },{
                "ConditionAncestorId":"D000014565",
                "ConditionAncestorTerm":"Urogenital Neoplasms"
              },{
                "ConditionAncestorId":"D000011469",
                "ConditionAncestorTerm":"Prostatic Diseases"
              },{
                "ConditionAncestorId":"D000004701",
                "ConditionAncestorTerm":"Endocrine Gland Neoplasms"
              },{
                "ConditionAncestorId":"D000010049",
                "ConditionAncestorTerm":"Ovarian Diseases"
              },{
                "ConditionAncestorId":"D000000291",
                "ConditionAncestorTerm":"Adnexal Diseases"
              },{
                "ConditionAncestorId":"D000005833",
                "ConditionAncestorTerm":"Genital Neoplasms, Female"
              },{
                "ConditionAncestorId":"D000004700",
                "ConditionAncestorTerm":"Endocrine System Diseases"
              },{
                "ConditionAncestorId":"D000006058",
                "ConditionAncestorTerm":"Gonadal Disorders"
              }
            ]
          },
          "ConditionBrowseLeafList":{
            "ConditionBrowseLeaf":[
              {
                "ConditionBrowseLeafId":"M3802",
                "ConditionBrowseLeafName":"Breast Neoplasms",
                "ConditionBrowseLeafAsFound":"Breast Neoplasms",
                "ConditionBrowseLeafRelevance":"high"
              },{
                "ConditionBrowseLeafId":"M11557",
                "ConditionBrowseLeafName":"Ovarian Neoplasms",
                "ConditionBrowseLeafAsFound":"Ovarian Neoplasms",
                "ConditionBrowseLeafRelevance":"high"
              },{
                "ConditionBrowseLeafId":"M6947",
                "ConditionBrowseLeafName":"Fatigue",
                "ConditionBrowseLeafAsFound":"Fatigue",
                "ConditionBrowseLeafRelevance":"high"
              },{
                "ConditionBrowseLeafId":"M12918",
                "ConditionBrowseLeafName":"Prostatic Neoplasms",
                "ConditionBrowseLeafAsFound":"Prostatic Neoplasms",
                "ConditionBrowseLeafRelevance":"high"
              },{
                "ConditionBrowseLeafId":"M16473",
                "ConditionBrowseLeafName":"Colorectal Neoplasms",
                "ConditionBrowseLeafAsFound":"Colorectal Neoplasms",
                "ConditionBrowseLeafRelevance":"high"
              },{
                "ConditionBrowseLeafId":"M3800",
                "ConditionBrowseLeafName":"Breast Diseases",
                "ConditionBrowseLeafRelevance":"low"
              },{
                "ConditionBrowseLeafId":"M14257",
                "ConditionBrowseLeafName":"Skin Diseases",
                "ConditionBrowseLeafRelevance":"low"
              },{
                "ConditionBrowseLeafId":"M9031",
                "ConditionBrowseLeafName":"Intestinal Neoplasms",
                "ConditionBrowseLeafRelevance":"low"
              },{
                "ConditionBrowseLeafId":"M7469",
                "ConditionBrowseLeafName":"Gastrointestinal Neoplasms",
                "ConditionBrowseLeafRelevance":"low"
              },{
                "ConditionBrowseLeafId":"M5839",
                "ConditionBrowseLeafName":"Digestive System Neoplasms",
                "ConditionBrowseLeafRelevance":"low"
              },{
                "ConditionBrowseLeafId":"M5838",
                "ConditionBrowseLeafName":"Digestive System Diseases",
                "ConditionBrowseLeafRelevance":"low"
              },{
                "ConditionBrowseLeafId":"M7466",
                "ConditionBrowseLeafName":"Gastrointestinal Diseases",
                "ConditionBrowseLeafRelevance":"low"
              },{
                "ConditionBrowseLeafId":"M4919",
                "ConditionBrowseLeafName":"Colonic Diseases",
                "ConditionBrowseLeafRelevance":"low"
              },{
                "ConditionBrowseLeafId":"M9027",
                "ConditionBrowseLeafName":"Intestinal Diseases",
                "ConditionBrowseLeafRelevance":"low"
              },{
                "ConditionBrowseLeafId":"M13427",
                "ConditionBrowseLeafName":"Rectal Diseases",
                "ConditionBrowseLeafRelevance":"low"
              },{
                "ConditionBrowseLeafId":"M7529",
                "ConditionBrowseLeafName":"Genital Neoplasms, Male",
                "ConditionBrowseLeafRelevance":"low"
              },{
                "ConditionBrowseLeafId":"M15898",
                "ConditionBrowseLeafName":"Urogenital Neoplasms",
                "ConditionBrowseLeafRelevance":"low"
              },{
                "ConditionBrowseLeafId":"M12916",
                "ConditionBrowseLeafName":"Prostatic Diseases",
                "ConditionBrowseLeafRelevance":"low"
              },{
                "ConditionBrowseLeafId":"M6446",
                "ConditionBrowseLeafName":"Endocrine Gland Neoplasms",
                "ConditionBrowseLeafRelevance":"low"
              },{
                "ConditionBrowseLeafId":"M11555",
                "ConditionBrowseLeafName":"Ovarian Diseases",
                "ConditionBrowseLeafRelevance":"low"
              },{
                "ConditionBrowseLeafId":"M2224",
                "ConditionBrowseLeafName":"Adnexal Diseases",
                "ConditionBrowseLeafRelevance":"low"
              },{
                "ConditionBrowseLeafId":"M7528",
                "ConditionBrowseLeafName":"Genital Neoplasms, Female",
                "ConditionBrowseLeafRelevance":"low"
              },{
                "ConditionBrowseLeafId":"M6445",
                "ConditionBrowseLeafName":"Endocrine System Diseases",
                "ConditionBrowseLeafRelevance":"low"
              },{
                "ConditionBrowseLeafId":"M7746",
                "ConditionBrowseLeafName":"Gonadal Disorders",
                "ConditionBrowseLeafRelevance":"low"
              },{
                "ConditionBrowseLeafId":"T4352",
                "ConditionBrowseLeafName":"Ovarian Cancer",
                "ConditionBrowseLeafRelevance":"low"
              }
            ]
          },
          "ConditionBrowseBranchList":{
            "ConditionBrowseBranch":[
              {
                "ConditionBrowseBranchAbbrev":"BC04",
                "ConditionBrowseBranchName":"Cancers and Other Neoplasms"
              },{
                "ConditionBrowseBranchAbbrev":"BC17",
                "ConditionBrowseBranchName":"Skin and Connective Tissue Diseases"
              },{
                "ConditionBrowseBranchAbbrev":"All",
                "ConditionBrowseBranchName":"All Conditions"
              },{
                "ConditionBrowseBranchAbbrev":"BXS",
                "ConditionBrowseBranchName":"Urinary Tract, Sexual Organs, and Pregnancy Conditions"
              },{
                "ConditionBrowseBranchAbbrev":"BC19",
                "ConditionBrowseBranchName":"Gland and Hormone Related Diseases"
              },{
                "ConditionBrowseBranchAbbrev":"BC23",
                "ConditionBrowseBranchName":"Symptoms and General Pathology"
              },{
                "ConditionBrowseBranchAbbrev":"BC06",
                "ConditionBrowseBranchName":"Digestive System Diseases"
              },{
                "ConditionBrowseBranchAbbrev":"Rare",
                "ConditionBrowseBranchName":"Rare Diseases"
              }
            ]
          }
        }
      }
    }
  }
}

