{
  "FullStudy":{
    "Rank":366850,
    "Study":{
      "ProtocolSection":{
        "IdentificationModule":{
          "NCTId":"NCT00039364",
          "OrgStudyIdInfo":{
            "OrgStudyId":"EORTC-16011-26013"
          },
          "SecondaryIdInfoList":{
            "SecondaryIdInfo":[
              {
                "SecondaryId":"EORTC-16011"
              },{
                "SecondaryId":"EORTC-26013"
              }
            ]
          },
          "Organization":{
            "OrgFullName":"European Organisation for Research and Treatment of Cancer - EORTC",
            "OrgClass":"NETWORK"
          },
          "BriefTitle":"Imatinib Mesylate in Treating Patients With Gliomas",
          "OfficialTitle":"Open Label Phase II Study On STI571 (Glivec) Administered As A Daily Oral Treatment In Gliomas"
        },
        "StatusModule":{
          "StatusVerifiedDate":"July 2012",
          "OverallStatus":"Completed",
          "ExpandedAccessInfo":{
            "HasExpandedAccess":"No"
          },
          "StartDateStruct":{
            "StartDate":"March 2002"
          },
          "PrimaryCompletionDateStruct":{
            "PrimaryCompletionDate":"August 2004",
            "PrimaryCompletionDateType":"Actual"
          },
          "StudyFirstSubmitDate":"June 6, 2002",
          "StudyFirstSubmitQCDate":"January 26, 2003",
          "StudyFirstPostDateStruct":{
            "StudyFirstPostDate":"January 27, 2003",
            "StudyFirstPostDateType":"Estimate"
          },
          "LastUpdateSubmitDate":"July 23, 2012",
          "LastUpdatePostDateStruct":{
            "LastUpdatePostDate":"July 24, 2012",
            "LastUpdatePostDateType":"Estimate"
          }
        },
        "SponsorCollaboratorsModule":{
          "ResponsibleParty":{
            "ResponsiblePartyType":"Sponsor"
          },
          "LeadSponsor":{
            "LeadSponsorName":"European Organisation for Research and Treatment of Cancer - EORTC",
            "LeadSponsorClass":"NETWORK"
          }
        },
        "OversightModule":{},
        "DescriptionModule":{
          "BriefSummary":"RATIONALE: Imatinib mesylate may interfere with the growth of tumor cells and slow the growth of the tumor.\n\nPURPOSE: Phase II trial to study the effectiveness of imatinib mesylate in treating patients who have gliomas.",
          "DetailedDescription":"OBJECTIVES:\n\nDetermine the therapeutic activity of imatinib mesylate (in terms of objective response and progression-free survival at 6 months) in patients with gliomas.\nDetermine the safety of this drug in these patients.\nDetermine the pharmacokinetics of this drug in these patients.\n\nOUTLINE: This is a multicenter study. Patients are stratified according to glioma (glioblastoma multiforme vs anaplastic oligodendroglioma or mixed oligoastrocytoma vs anaplastic astrocytoma or recurrent low-grade astrocytoma).\n\nPatients receive oral imatinib mesylate once or twice daily. Treatment repeats every 4 weeks for up to 9 courses in the absence of disease progression or unacceptable toxicity.\n\nPatients are followed every 2 months for 6 months and then every 3 months thereafter.\n\nPROJECTED ACCRUAL: A total of 77 patients (29 patients with glioblastoma multiforme, 24 patients with anaplastic oligodendroglioma or mixed oligoastrocytoma, and 24 patients with anaplastic astrocytoma or recurrent low-grade astrocytoma) will be accrued for this study."
        },
        "ConditionsModule":{
          "ConditionList":{
            "Condition":[
              "Brain and Central Nervous System Tumors"
            ]
          },
          "KeywordList":{
            "Keyword":[
              "recurrent adult brain tumor",
              "adult glioblastoma",
              "adult anaplastic astrocytoma",
              "adult anaplastic oligodendroglioma",
              "adult mixed glioma",
              "adult pilocytic astrocytoma",
              "adult subependymoma",
              "adult giant cell glioblastoma",
              "adult gliosarcoma",
              "adult diffuse astrocytoma"
            ]
          }
        },
        "DesignModule":{
          "StudyType":"Interventional",
          "PhaseList":{
            "Phase":[
              "Phase 2"
            ]
          },
          "DesignInfo":{
            "DesignPrimaryPurpose":"Treatment"
          },
          "EnrollmentInfo":{
            "EnrollmentCount":"112",
            "EnrollmentType":"Actual"
          }
        },
        "ArmsInterventionsModule":{
          "InterventionList":{
            "Intervention":[
              {
                "InterventionType":"Drug",
                "InterventionName":"imatinib mesylate"
              }
            ]
          }
        },
        "EligibilityModule":{
          "EligibilityCriteria":"DISEASE CHARACTERISTICS:\n\nHistologically or cytologically confirmed glioblastoma multiforme\n\nRecurrent disease by CT scan or MRI\nNo prior chemotherapy OR\nNo more than 1 prior chemotherapy regimen in adjuvant setting or for recurrent disease OR\n\nHistologically or cytologically confirmed anaplastic oligodendroglioma, mixed oligoastrocytoma, anaplastic astrocytoma, or recurrent low-grade astrocytoma\n\nFailed prior radiotherapy\n\nNo more than 1 prior chemotherapy regimen\n\nFailed adjuvant chemotherapy OR\nFailed first-line chemotherapy\n\nAt least 1 bidimensionally measurable target lesion\n\nAt least 2 cm on contrast-enhanced CT scan or MRI\n\nPATIENT CHARACTERISTICS:\n\nAge:\n\n18 and over\n\nPerformance status:\n\nECOG 0-2\n\nLife expectancy:\n\nNot specified\n\nHematopoietic:\n\nNeutrophil count at least 2,000/mm^3\nPlatelet count at least 100,000/mm^3\n\nHepatic:\n\nBilirubin no greater than 1.5 times upper limit of normal (ULN)\nAST and ALT no greater than 2.5 times ULN\nAlkaline phosphatase no greater than 2.5 times ULN\n\nRenal:\n\nCreatinine less than 1.7 mg/dL\n\nCardiovascular:\n\nCardiac function normal\nNo ischemic heart disease within the past 6 months\nNormal 12-lead ECG\n\nOther:\n\nNo other prior or concurrent malignancy except cone-biopsied carcinoma of the cervix or adequately treated basal cell or squamous cell skin cancer\nNo unstable systemic disease\nNo active uncontrolled infection\nNo psychological, familial, sociological, or geographical condition that would preclude study compliance\nNot pregnant or nursing\nNegative pregnancy test\nFertile patients must use effective contraception during and for 3 months after study\n\nPRIOR CONCURRENT THERAPY:\n\nBiologic therapy:\n\nNo concurrent anticancer biologic agents\nNo concurrent cytokines (e.g., filgrastim [G-CSF] or sargramostim [GM-CSF])\n\nChemotherapy:\n\nSee Disease Characteristics\nAt least 4 weeks since prior chemotherapy (6 weeks for nitrosourea)\nNo concurrent chemotherapy\n\nEndocrine therapy:\n\nMust be on stable or decreasing dose of corticosteroids for at least 2 weeks\n\nRadiotherapy:\n\nSee Disease Characteristics\nAt least 3 months since prior brain irradiation\nNo prior high-dose radiotherapy (more than 65 Gy), stereotactic radiosurgery, or internal radiotherapy unless the recurrence is histologically confirmed\nNo concurrent radiotherapy\n\nSurgery:\n\nPrior surgery for primary brain tumor within the past 3 months allowed provided one of the following conditions are present:\n\nPostoperative imaging within 72 hours after surgery shows a clearly limited target lesion of at least 2 cm\nPostoperative follow-up shows a progressive and measurable target lesion\nA second measurable target lesion is present outside the surgical area\n\nOther:\n\nNo concurrent warfarin or other anticoagulants\nNo other concurrent anticancer agents\nNo other concurrent investigational agents",
          "HealthyVolunteers":"No",
          "Gender":"All",
          "MinimumAge":"18 Years",
          "StdAgeList":{
            "StdAge":[
              "Adult",
              "Older Adult"
            ]
          }
        },
        "ContactsLocationsModule":{
          "OverallOfficialList":{
            "OverallOfficial":[
              {
                "OverallOfficialName":"Eric Raymond, MD, PhD",
                "OverallOfficialAffiliation":"Gustave Roussy, Cancer Campus, Grand Paris",
                "OverallOfficialRole":"Study Chair"
              },{
                "OverallOfficialName":"Martin J. van Den Bent, MD",
                "OverallOfficialAffiliation":"Daniel Den Hoed Cancer Center at Erasmus Medical Center",
                "OverallOfficialRole":"Study Chair"
              }
            ]
          },
          "LocationList":{
            "Location":[
              {
                "LocationFacility":"Kaiser Franz Josef Hospital",
                "LocationCity":"Vienna",
                "LocationZip":"A-1100",
                "LocationCountry":"Austria"
              },{
                "LocationFacility":"U.Z. Gasthuisberg",
                "LocationCity":"Leuven",
                "LocationZip":"B-3000",
                "LocationCountry":"Belgium"
              },{
                "LocationFacility":"Centre de Lutte Contre le Cancer, Georges-Francois Leclerc",
                "LocationCity":"Dijon",
                "LocationZip":"21079",
                "LocationCountry":"France"
              },{
                "LocationFacility":"CRLCC Nantes - Atlantique",
                "LocationCity":"Nantes-Saint Herblain",
                "LocationZip":"44805",
                "LocationCountry":"France"
              },{
                "LocationFacility":"Centre Antoine Lacassagne",
                "LocationCity":"Nice",
                "LocationZip":"06189",
                "LocationCountry":"France"
              },{
                "LocationFacility":"Institut Gustave Roussy",
                "LocationCity":"Villejuif",
                "LocationZip":"F-94805",
                "LocationCountry":"France"
              },{
                "LocationFacility":"Azienda Ospedaliera di Padova",
                "LocationCity":"Padova",
                "LocationZip":"35100",
                "LocationCountry":"Italy"
              },{
                "LocationFacility":"Daniel Den Hoed Cancer Center at Erasmus Medical Center",
                "LocationCity":"Rotterdam",
                "LocationZip":"3008 AE",
                "LocationCountry":"Netherlands"
              },{
                "LocationFacility":"Centre Hospitalier Universitaire Vaudois",
                "LocationCity":"Lausanne",
                "LocationZip":"CH-1011",
                "LocationCountry":"Switzerland"
              },{
                "LocationFacility":"Beatson Oncology Centre",
                "LocationCity":"Glasgow",
                "LocationState":"Scotland",
                "LocationZip":"G11 6NT",
                "LocationCountry":"United Kingdom"
              }
            ]
          }
        },
        "ReferencesModule":{
          "ReferenceList":{
            "Reference":[
              {
                "ReferencePMID":"18824712",
                "ReferenceType":"result",
                "ReferenceCitation":"Raymond E, Brandes AA, Dittrich C, Fumoleau P, Coudert B, Clement PM, Frenay M, Rampling R, Stupp R, Kros JM, Heinrich MC, Gorlia T, Lacombe D, van den Bent MJ; European Organisation for Research and Treatment of Cancer Brain Tumor Group Study. Phase II study of imatinib in patients with recurrent gliomas of various histologies: a European Organisation for Research and Treatment of Cancer Brain Tumor Group Study. J Clin Oncol. 2008 Oct 1;26(28):4659-65. doi: 10.1200/JCO.2008.16.9235."
              },{
                "ReferenceType":"result",
                "ReferenceCitation":"Raymond E, Brandes A, Van Oosterom A, et al.: Multicentre phase II study of imatinib mesylate in patients with recurrent glioblastoma: an EORTC: NDDG/BTG Intergroup study. [Abstract] J Clin Oncol 22 (Suppl 14): A-1501, 2004."
              }
            ]
          }
        }
      },
      "DerivedSection":{
        "MiscInfoModule":{
          "VersionHolder":"April 19, 2021"
        },
        "ConditionBrowseModule":{
          "ConditionMeshList":{
            "ConditionMesh":[
              {
                "ConditionMeshId":"D000005910",
                "ConditionMeshTerm":"Glioma"
              },{
                "ConditionMeshId":"D000009423",
                "ConditionMeshTerm":"Nervous System Neoplasms"
              },{
                "ConditionMeshId":"D000016543",
                "ConditionMeshTerm":"Central Nervous System Neoplasms"
              }
            ]
          },
          "ConditionAncestorList":{
            "ConditionAncestor":[
              {
                "ConditionAncestorId":"D000018302",
                "ConditionAncestorTerm":"Neoplasms, Neuroepithelial"
              },{
                "ConditionAncestorId":"D000017599",
                "ConditionAncestorTerm":"Neuroectodermal Tumors"
              },{
                "ConditionAncestorId":"D000009373",
                "ConditionAncestorTerm":"Neoplasms, Germ Cell and Embryonal"
              },{
                "ConditionAncestorId":"D000009370",
                "ConditionAncestorTerm":"Neoplasms by Histologic Type"
              },{
                "ConditionAncestorId":"D000009369",
                "ConditionAncestorTerm":"Neoplasms"
              },{
                "ConditionAncestorId":"D000009375",
                "ConditionAncestorTerm":"Neoplasms, Glandular and Epithelial"
              },{
                "ConditionAncestorId":"D000009380",
                "ConditionAncestorTerm":"Neoplasms, Nerve Tissue"
              },{
                "ConditionAncestorId":"D000009371",
                "ConditionAncestorTerm":"Neoplasms by Site"
              },{
                "ConditionAncestorId":"D000009422",
                "ConditionAncestorTerm":"Nervous System Diseases"
              }
            ]
          },
          "ConditionBrowseLeafList":{
            "ConditionBrowseLeaf":[
              {
                "ConditionBrowseLeafId":"M3791",
                "ConditionBrowseLeafName":"Brain Neoplasms",
                "ConditionBrowseLeafRelevance":"low"
              },{
                "ConditionBrowseLeafId":"M7602",
                "ConditionBrowseLeafName":"Glioblastoma",
                "ConditionBrowseLeafRelevance":"low"
              },{
                "ConditionBrowseLeafId":"M11352",
                "ConditionBrowseLeafName":"Oligodendroglioma",
                "ConditionBrowseLeafRelevance":"low"
              },{
                "ConditionBrowseLeafId":"M7603",
                "ConditionBrowseLeafName":"Glioma",
                "ConditionBrowseLeafAsFound":"Glioma",
                "ConditionBrowseLeafRelevance":"high"
              },{
                "ConditionBrowseLeafId":"M19044",
                "ConditionBrowseLeafName":"Gliosarcoma",
                "ConditionBrowseLeafRelevance":"low"
              },{
                "ConditionBrowseLeafId":"M3142",
                "ConditionBrowseLeafName":"Astrocytoma",
                "ConditionBrowseLeafRelevance":"low"
              },{
                "ConditionBrowseLeafId":"M17520",
                "ConditionBrowseLeafName":"Central Nervous System Neoplasms",
                "ConditionBrowseLeafAsFound":"Central Nervous System Tumors",
                "ConditionBrowseLeafRelevance":"high"
              },{
                "ConditionBrowseLeafId":"M10950",
                "ConditionBrowseLeafName":"Nervous System Neoplasms",
                "ConditionBrowseLeafAsFound":"Nervous System Tumors",
                "ConditionBrowseLeafRelevance":"high"
              },{
                "ConditionBrowseLeafId":"M19043",
                "ConditionBrowseLeafName":"Glioma, Subependymal",
                "ConditionBrowseLeafRelevance":"low"
              },{
                "ConditionBrowseLeafId":"M19030",
                "ConditionBrowseLeafName":"Neoplasms, Neuroepithelial",
                "ConditionBrowseLeafRelevance":"low"
              },{
                "ConditionBrowseLeafId":"M18428",
                "ConditionBrowseLeafName":"Neuroectodermal Tumors",
                "ConditionBrowseLeafRelevance":"low"
              },{
                "ConditionBrowseLeafId":"M18971",
                "ConditionBrowseLeafName":"Neuroectodermal Tumors, Primitive",
                "ConditionBrowseLeafRelevance":"low"
              },{
                "ConditionBrowseLeafId":"M10901",
                "ConditionBrowseLeafName":"Neoplasms, Germ Cell and Embryonal",
                "ConditionBrowseLeafRelevance":"low"
              },{
                "ConditionBrowseLeafId":"M10898",
                "ConditionBrowseLeafName":"Neoplasms by Histologic Type",
                "ConditionBrowseLeafRelevance":"low"
              },{
                "ConditionBrowseLeafId":"M10903",
                "ConditionBrowseLeafName":"Neoplasms, Glandular and Epithelial",
                "ConditionBrowseLeafRelevance":"low"
              },{
                "ConditionBrowseLeafId":"M10908",
                "ConditionBrowseLeafName":"Neoplasms, Nerve Tissue",
                "ConditionBrowseLeafRelevance":"low"
              },{
                "ConditionBrowseLeafId":"T2518",
                "ConditionBrowseLeafName":"Glioblastoma",
                "ConditionBrowseLeafRelevance":"low"
              },{
                "ConditionBrowseLeafId":"T4232",
                "ConditionBrowseLeafName":"Oligodendroglioma",
                "ConditionBrowseLeafRelevance":"low"
              },{
                "ConditionBrowseLeafId":"T2519",
                "ConditionBrowseLeafName":"Glioma",
                "ConditionBrowseLeafAsFound":"Glioma",
                "ConditionBrowseLeafRelevance":"high"
              },{
                "ConditionBrowseLeafId":"T2522",
                "ConditionBrowseLeafName":"Gliosarcoma",
                "ConditionBrowseLeafRelevance":"low"
              },{
                "ConditionBrowseLeafId":"T364",
                "ConditionBrowseLeafName":"Anaplastic Astrocytoma",
                "ConditionBrowseLeafRelevance":"low"
              },{
                "ConditionBrowseLeafId":"T851",
                "ConditionBrowseLeafName":"Brain Tumor, Adult",
                "ConditionBrowseLeafRelevance":"low"
              },{
                "ConditionBrowseLeafId":"T1858",
                "ConditionBrowseLeafName":"Diffuse Astrocytoma",
                "ConditionBrowseLeafRelevance":"low"
              },{
                "ConditionBrowseLeafId":"T369",
                "ConditionBrowseLeafName":"Anaplastic Oligodendroglioma",
                "ConditionBrowseLeafRelevance":"low"
              },{
                "ConditionBrowseLeafId":"T4559",
                "ConditionBrowseLeafName":"Pilocytic Astrocytoma",
                "ConditionBrowseLeafRelevance":"low"
              },{
                "ConditionBrowseLeafId":"T5503",
                "ConditionBrowseLeafName":"Subependymoma",
                "ConditionBrowseLeafRelevance":"low"
              },{
                "ConditionBrowseLeafId":"T4092",
                "ConditionBrowseLeafName":"Neuroepithelioma",
                "ConditionBrowseLeafRelevance":"low"
              }
            ]
          },
          "ConditionBrowseBranchList":{
            "ConditionBrowseBranch":[
              {
                "ConditionBrowseBranchAbbrev":"BC04",
                "ConditionBrowseBranchName":"Cancers and Other Neoplasms"
              },{
                "ConditionBrowseBranchAbbrev":"BC10",
                "ConditionBrowseBranchName":"Nervous System Diseases"
              },{
                "ConditionBrowseBranchAbbrev":"All",
                "ConditionBrowseBranchName":"All Conditions"
              },{
                "ConditionBrowseBranchAbbrev":"Rare",
                "ConditionBrowseBranchName":"Rare Diseases"
              }
            ]
          }
        },
        "InterventionBrowseModule":{
          "InterventionMeshList":{
            "InterventionMesh":[
              {
                "InterventionMeshId":"D000068877",
                "InterventionMeshTerm":"Imatinib Mesylate"
              }
            ]
          },
          "InterventionAncestorList":{
            "InterventionAncestor":[
              {
                "InterventionAncestorId":"D000000970",
                "InterventionAncestorTerm":"Antineoplastic Agents"
              },{
                "InterventionAncestorId":"D000047428",
                "InterventionAncestorTerm":"Protein Kinase Inhibitors"
              },{
                "InterventionAncestorId":"D000004791",
                "InterventionAncestorTerm":"Enzyme Inhibitors"
              },{
                "InterventionAncestorId":"D000045504",
                "InterventionAncestorTerm":"Molecular Mechanisms of Pharmacological Action"
              }
            ]
          },
          "InterventionBrowseLeafList":{
            "InterventionBrowseLeaf":[
              {
                "InterventionBrowseLeafId":"M324",
                "InterventionBrowseLeafName":"Imatinib Mesylate",
                "InterventionBrowseLeafAsFound":"Workers",
                "InterventionBrowseLeafRelevance":"high"
              },{
                "InterventionBrowseLeafId":"M24407",
                "InterventionBrowseLeafName":"Protein Kinase Inhibitors",
                "InterventionBrowseLeafRelevance":"low"
              }
            ]
          },
          "InterventionBrowseBranchList":{
            "InterventionBrowseBranch":[
              {
                "InterventionBrowseBranchAbbrev":"ANeo",
                "InterventionBrowseBranchName":"Antineoplastic Agents"
              },{
                "InterventionBrowseBranchAbbrev":"All",
                "InterventionBrowseBranchName":"All Drugs and Chemicals"
              }
            ]
          }
        }
      }
    }
  }
}

