{
  "FullStudy":{
    "Rank":367193,
    "Study":{
      "ProtocolSection":{
        "IdentificationModule":{
          "NCTId":"NCT00034645",
          "OrgStudyIdInfo":{
            "OrgStudyId":"C98316"
          },
          "SecondaryIdInfoList":{
            "SecondaryIdInfo":[
              {
                "SecondaryId":"C/I98-316",
                "SecondaryIdType":"Other Identifier",
                "SecondaryIdDomain":"Sponsor"
              }
            ]
          },
          "Organization":{
            "OrgFullName":"Merck Sharp & Dohme Corp.",
            "OrgClass":"INDUSTRY"
          },
          "BriefTitle":"Prophylaxis Trial in High Risk Allogenic Stem Cell Transplant Recipients With Graft vs. Host Disease"
        },
        "StatusModule":{
          "StatusVerifiedDate":"March 2017",
          "OverallStatus":"Completed",
          "StartDateStruct":{
            "StartDate":"January 1999"
          },
          "PrimaryCompletionDateStruct":{
            "PrimaryCompletionDate":"February 2003",
            "PrimaryCompletionDateType":"Actual"
          },
          "CompletionDateStruct":{
            "CompletionDate":"February 2003",
            "CompletionDateType":"Actual"
          },
          "StudyFirstSubmitDate":"May 1, 2002",
          "StudyFirstSubmitQCDate":"May 1, 2002",
          "StudyFirstPostDateStruct":{
            "StudyFirstPostDate":"May 2, 2002",
            "StudyFirstPostDateType":"Estimate"
          },
          "LastUpdateSubmitDate":"March 7, 2017",
          "LastUpdatePostDateStruct":{
            "LastUpdatePostDate":"March 10, 2017",
            "LastUpdatePostDateType":"Actual"
          }
        },
        "SponsorCollaboratorsModule":{
          "ResponsibleParty":{
            "ResponsiblePartyType":"Sponsor"
          },
          "LeadSponsor":{
            "LeadSponsorName":"Merck Sharp & Dohme Corp.",
            "LeadSponsorClass":"INDUSTRY"
          }
        },
        "OversightModule":{},
        "DescriptionModule":{
          "BriefSummary":"This trial is in high risk patients to determine the safety, tolerance and efficacy of posaconazole (POZ) vs. fluconazole in the prophylaxis against development of invasive fungal infections (IFI).",
          "DetailedDescription":"This study is designed to determine the safety, tolerance and efficacy of POZ used as prophylaxis of IFI in high-risk subjects with Grade II-IV acute graft vs. host disease (GVHD) or extensive chronic GVHD. The primary objective is to assess the efficacy of SCH56592 vs fluconazole in preventing proven or probable IFI within the time period from randomization to 16 weeks after the start of treatment with study drug."
        },
        "ConditionsModule":{
          "ConditionList":{
            "Condition":[
              "Mycoses"
            ]
          },
          "KeywordList":{
            "Keyword":[
              "Allogenic Stem cell transplantation",
              "Fungal infections"
            ]
          }
        },
        "DesignModule":{
          "StudyType":"Interventional",
          "PhaseList":{
            "Phase":[
              "Phase 3"
            ]
          },
          "DesignInfo":{
            "DesignAllocation":"Randomized",
            "DesignInterventionModel":"Parallel Assignment",
            "DesignPrimaryPurpose":"Prevention",
            "DesignMaskingInfo":{
              "DesignMasking":"Double"
            }
          },
          "EnrollmentInfo":{
            "EnrollmentCount":"600",
            "EnrollmentType":"Actual"
          }
        },
        "ArmsInterventionsModule":{
          "InterventionList":{
            "Intervention":[
              {
                "InterventionType":"Drug",
                "InterventionName":"Posaconazole oral suspension"
              }
            ]
          }
        },
        "EligibilityModule":{
          "EligibilityCriteria":"Inclusion Criteria:\n\nHematopoietic progenitor cell transplant subjects with chronic or Grade II-IV acute GVHD being treated with high dose immunosuppressive therapy.\n\nOne of the following to the subject's prior immunosuppressive regimen:\n\nat least 1mg per kg per day of methylprednisolone or equivalent,\nAntithymocyte globulin (ATG) for the therapy of acute GVHD,\nTacrolimus, mycophenolate mofetil, or other steroid-sparing immunosuppressive regimen.",
          "HealthyVolunteers":"No",
          "Gender":"All",
          "MinimumAge":"13 Years",
          "MaximumAge":"65 Years",
          "StdAgeList":{
            "StdAge":[
              "Child",
              "Adult",
              "Older Adult"
            ]
          }
        },
        "ReferencesModule":{
          "ReferenceList":{
            "Reference":[
              {
                "ReferencePMID":"17251530",
                "ReferenceType":"derived",
                "ReferenceCitation":"Ullmann AJ, Lipton JH, Vesole DH, Chandrasekar P, Langston A, Tarantolo SR, Greinix H, Morais de Azevedo W, Reddy V, Boparai N, Pedicone L, Patino H, Durrant S. Posaconazole or fluconazole for prophylaxis in severe graft-versus-host disease. N Engl J Med. 2007 Jan 25;356(4):335-47. Erratum in: N Engl J Med. 2007 Jul 26;357(4):428."
              }
            ]
          }
        }
      },
      "DerivedSection":{
        "MiscInfoModule":{
          "VersionHolder":"April 19, 2021",
          "RemovedCountryList":{
            "RemovedCountry":[
              "Argentina",
              "Australia",
              "Austria",
              "Brazil",
              "Canada",
              "Czech Republic",
              "Denmark",
              "Finland",
              "France",
              "Germany",
              "Greece",
              "Hungary",
              "Italy",
              "Mexico",
              "Netherlands",
              "Peru",
              "Poland",
              "Portugal",
              "Saudi Arabia",
              "Singapore",
              "South Africa",
              "Spain",
              "Sweden",
              "Switzerland",
              "United Kingdom",
              "United States"
            ]
          }
        },
        "ConditionBrowseModule":{
          "ConditionMeshList":{
            "ConditionMesh":[
              {
                "ConditionMeshId":"D000009181",
                "ConditionMeshTerm":"Mycoses"
              }
            ]
          },
          "ConditionBrowseLeafList":{
            "ConditionBrowseLeaf":[
              {
                "ConditionBrowseLeafId":"M8866",
                "ConditionBrowseLeafName":"Infection",
                "ConditionBrowseLeafRelevance":"low"
              },{
                "ConditionBrowseLeafId":"M4951",
                "ConditionBrowseLeafName":"Communicable Diseases",
                "ConditionBrowseLeafRelevance":"low"
              },{
                "ConditionBrowseLeafId":"M7772",
                "ConditionBrowseLeafName":"Graft vs Host Disease",
                "ConditionBrowseLeafRelevance":"low"
              },{
                "ConditionBrowseLeafId":"M10719",
                "ConditionBrowseLeafName":"Mycoses",
                "ConditionBrowseLeafAsFound":"Mycosis",
                "ConditionBrowseLeafRelevance":"high"
              },{
                "ConditionBrowseLeafId":"T2832",
                "ConditionBrowseLeafName":"Homologous Wasting Disease",
                "ConditionBrowseLeafRelevance":"low"
              }
            ]
          },
          "ConditionBrowseBranchList":{
            "ConditionBrowseBranch":[
              {
                "ConditionBrowseBranchAbbrev":"BC01",
                "ConditionBrowseBranchName":"Bacterial and Fungal Diseases"
              },{
                "ConditionBrowseBranchAbbrev":"All",
                "ConditionBrowseBranchName":"All Conditions"
              },{
                "ConditionBrowseBranchAbbrev":"BC20",
                "ConditionBrowseBranchName":"Immune System Diseases"
              },{
                "ConditionBrowseBranchAbbrev":"Rare",
                "ConditionBrowseBranchName":"Rare Diseases"
              }
            ]
          }
        },
        "InterventionBrowseModule":{
          "InterventionMeshList":{
            "InterventionMesh":[
              {
                "InterventionMeshId":"C000101425",
                "InterventionMeshTerm":"Posaconazole"
              }
            ]
          },
          "InterventionAncestorList":{
            "InterventionAncestor":[
              {
                "InterventionAncestorId":"D000000935",
                "InterventionAncestorTerm":"Antifungal Agents"
              },{
                "InterventionAncestorId":"D000000890",
                "InterventionAncestorTerm":"Anti-Infective Agents"
              },{
                "InterventionAncestorId":"D000014344",
                "InterventionAncestorTerm":"Trypanocidal Agents"
              },{
                "InterventionAncestorId":"D000000981",
                "InterventionAncestorTerm":"Antiprotozoal Agents"
              },{
                "InterventionAncestorId":"D000000977",
                "InterventionAncestorTerm":"Antiparasitic Agents"
              },{
                "InterventionAncestorId":"D000058888",
                "InterventionAncestorTerm":"14-alpha Demethylase Inhibitors"
              },{
                "InterventionAncestorId":"D000065607",
                "InterventionAncestorTerm":"Cytochrome P-450 Enzyme Inhibitors"
              },{
                "InterventionAncestorId":"D000004791",
                "InterventionAncestorTerm":"Enzyme Inhibitors"
              },{
                "InterventionAncestorId":"D000045504",
                "InterventionAncestorTerm":"Molecular Mechanisms of Pharmacological Action"
              },{
                "InterventionAncestorId":"D000065088",
                "InterventionAncestorTerm":"Steroid Synthesis Inhibitors"
              },{
                "InterventionAncestorId":"D000006727",
                "InterventionAncestorTerm":"Hormone Antagonists"
              },{
                "InterventionAncestorId":"D000006730",
                "InterventionAncestorTerm":"Hormones, Hormone Substitutes, and Hormone Antagonists"
              },{
                "InterventionAncestorId":"D000045505",
                "InterventionAncestorTerm":"Physiological Effects of Drugs"
              }
            ]
          },
          "InterventionBrowseLeafList":{
            "InterventionBrowseLeaf":[
              {
                "InterventionBrowseLeafId":"M222940",
                "InterventionBrowseLeafName":"Posaconazole",
                "InterventionBrowseLeafAsFound":"Cryoablation",
                "InterventionBrowseLeafRelevance":"high"
              },{
                "InterventionBrowseLeafId":"M4835",
                "InterventionBrowseLeafName":"Clotrimazole",
                "InterventionBrowseLeafRelevance":"low"
              },{
                "InterventionBrowseLeafId":"M10379",
                "InterventionBrowseLeafName":"Miconazole",
                "InterventionBrowseLeafRelevance":"low"
              },{
                "InterventionBrowseLeafId":"M2835",
                "InterventionBrowseLeafName":"Antifungal Agents",
                "InterventionBrowseLeafRelevance":"low"
              },{
                "InterventionBrowseLeafId":"M2795",
                "InterventionBrowseLeafName":"Anti-Infective Agents",
                "InterventionBrowseLeafRelevance":"low"
              },{
                "InterventionBrowseLeafId":"M2879",
                "InterventionBrowseLeafName":"Antiprotozoal Agents",
                "InterventionBrowseLeafRelevance":"low"
              },{
                "InterventionBrowseLeafId":"M2875",
                "InterventionBrowseLeafName":"Antiparasitic Agents",
                "InterventionBrowseLeafRelevance":"low"
              },{
                "InterventionBrowseLeafId":"M29124",
                "InterventionBrowseLeafName":"Cytochrome P-450 Enzyme Inhibitors",
                "InterventionBrowseLeafRelevance":"low"
              },{
                "InterventionBrowseLeafId":"M8372",
                "InterventionBrowseLeafName":"Hormones",
                "InterventionBrowseLeafRelevance":"low"
              },{
                "InterventionBrowseLeafId":"M8371",
                "InterventionBrowseLeafName":"Hormone Antagonists",
                "InterventionBrowseLeafRelevance":"low"
              }
            ]
          },
          "InterventionBrowseBranchList":{
            "InterventionBrowseBranch":[
              {
                "InterventionBrowseBranchAbbrev":"Infe",
                "InterventionBrowseBranchName":"Anti-Infective Agents"
              },{
                "InterventionBrowseBranchAbbrev":"All",
                "InterventionBrowseBranchName":"All Drugs and Chemicals"
              }
            ]
          }
        }
      }
    }
  }
}

