{
  "FullStudy":{
    "Rank":366897,
    "Study":{
      "ProtocolSection":{
        "IdentificationModule":{
          "NCTId":"NCT00038675",
          "OrgStudyIdInfo":{
            "OrgStudyId":"ID01-167"
          },
          "Organization":{
            "OrgFullName":"M.D. Anderson Cancer Center",
            "OrgClass":"OTHER"
          },
          "BriefTitle":"Therapy of HES, PV, Atypical Chronic Myelocytic Leukemia (CML) or Chronic Myelomonocytic Leukemia (CMML), and Mastocytosis With Imatinib Mesylate",
          "OfficialTitle":"Therapy of Hypereosinophilic Syndrome, Polycythemia Vera, Atypical CML or CMML With Platelet Derived Growth Factor (PDGF-R) Fusion Genes, or Mastocytosis With Imatinib Mesylate (STI571)"
        },
        "StatusModule":{
          "StatusVerifiedDate":"December 2013",
          "OverallStatus":"Completed",
          "ExpandedAccessInfo":{
            "HasExpandedAccess":"No"
          },
          "StartDateStruct":{
            "StartDate":"June 2001"
          },
          "PrimaryCompletionDateStruct":{
            "PrimaryCompletionDate":"November 2013",
            "PrimaryCompletionDateType":"Actual"
          },
          "CompletionDateStruct":{
            "CompletionDate":"November 2013",
            "CompletionDateType":"Actual"
          },
          "StudyFirstSubmitDate":"June 4, 2002",
          "StudyFirstSubmitQCDate":"June 4, 2002",
          "StudyFirstPostDateStruct":{
            "StudyFirstPostDate":"June 5, 2002",
            "StudyFirstPostDateType":"Estimate"
          },
          "LastUpdateSubmitDate":"December 10, 2013",
          "LastUpdatePostDateStruct":{
            "LastUpdatePostDate":"December 12, 2013",
            "LastUpdatePostDateType":"Estimate"
          }
        },
        "SponsorCollaboratorsModule":{
          "ResponsibleParty":{
            "ResponsiblePartyType":"Sponsor"
          },
          "LeadSponsor":{
            "LeadSponsorName":"M.D. Anderson Cancer Center",
            "LeadSponsorClass":"OTHER"
          },
          "CollaboratorList":{
            "Collaborator":[
              {
                "CollaboratorName":"Novartis Pharmaceuticals",
                "CollaboratorClass":"INDUSTRY"
              }
            ]
          }
        },
        "OversightModule":{
          "OversightHasDMC":"Yes"
        },
        "DescriptionModule":{
          "BriefSummary":"The goal of this clinical research study is to see if Gleevec, known as imatinib mesylate (STI571), can improve the disease condition in patients with hypereosinophilic syndrome, polycythemia vera, atypical CML or CMML with PDGF-R fusion genes, or mastocytosis.",
          "DetailedDescription":"Imatinib mesylate is a chemical compound that blocks a protein that is responsible for a certain form of leukemia. However, imatinib mesylate also blocks other important proteins that may be responsible for other blood diseases such as myeloproliferative disorders.\n\nPatients in this study will take 4 tablets of imatinib mesylate by mouth every day. Patients with HES will take 1 tablet daily to begin, and may go up to 4 tablets daily depending on response. Imatinib mesylate should be taken each morning at breakfast with a large glass of water. Bottles containing the tablets will be given to the patient every month. Unused supplies must be returned at the end of the study. Patients taking oral hydroxyurea to control their blood counts, can continue it during the first month of imatinib mesylate treatment, but must stop taking it from then on.\n\nAfter completing 2 months of therapy, response to imatinib mesylate will be evaluated. If the response is good, treatment with imatinib mesylate alone will be continued. If the response is not good, the dose of imatinib mesylate will be increased to 8 tablets daily (4 in the morning and 4 in the evening) or may be decreased to 3 tablets daily. This will be based on how the drug is tolerated. Treatment may be continued for up to one year, or as long as it is judged best to control the leukemia.\n\nPatients will be asked to visit their doctor for a physical exam and vital signs. The frequency of doctor visits will vary depending on physical condition.\n\nBlood tests (about 2 teaspoons) will be done once each year. The blood samples will be used for routine lab tests. A bone marrow sample will also be taken to check and measure cells related to the disease after 3 - 4 months, then every 3-6 months in the first year. If the initial bone marrow sample does not show disease, repeated bone marrows will not be done.\n\nThis is an investigational study. Imatinib mesylate has been approved in CML for patients whose disease has not responded to interferon. However, this is an investigational study in patients with myeloproliferative diseases. The FDA has authorized the use of imatinib mesylate in research. A total of 145 patients will take part in this study. All will be enrolled at MD Anderson."
        },
        "ConditionsModule":{
          "ConditionList":{
            "Condition":[
              "Chronic Myelomonocytic Leukemia",
              "Chronic Myeloid Leukemia",
              "Polycythemia Vera",
              "Hypereosinophilic Syndrome",
              "Mastocytosis"
            ]
          },
          "KeywordList":{
            "Keyword":[
              "Leukemia",
              "Chronic Myelomonocytic Leukemia",
              "Chronic Myeloid Leukemia",
              "Polycythemia Vera",
              "Hypereosinophilic Syndrome",
              "Mastocytosis",
              "Imatinib Mesylate",
              "Gleevec"
            ]
          }
        },
        "DesignModule":{
          "StudyType":"Interventional",
          "PhaseList":{
            "Phase":[
              "Not Applicable"
            ]
          },
          "DesignInfo":{
            "DesignAllocation":"N/A",
            "DesignInterventionModel":"Single Group Assignment",
            "DesignPrimaryPurpose":"Treatment",
            "DesignMaskingInfo":{
              "DesignMasking":"None (Open Label)"
            }
          },
          "EnrollmentInfo":{
            "EnrollmentCount":"125",
            "EnrollmentType":"Actual"
          }
        },
        "ArmsInterventionsModule":{
          "ArmGroupList":{
            "ArmGroup":[
              {
                "ArmGroupLabel":"Imatinib",
                "ArmGroupType":"Experimental",
                "ArmGroupDescription":"Imatinib mesylate 400 mg orally daily, and in HES patients start with imatinib mesylate 100 mg orally daily.",
                "ArmGroupInterventionList":{
                  "ArmGroupInterventionName":[
                    "Drug: Imatinib Mesylate (Gleevec)"
                  ]
                }
              }
            ]
          },
          "InterventionList":{
            "Intervention":[
              {
                "InterventionType":"Drug",
                "InterventionName":"Imatinib Mesylate (Gleevec)",
                "InterventionDescription":"Imatinib mesylate 400 mg orally daily, and in HES patients start with imatinib mesylate 100 mg orally daily",
                "InterventionArmGroupLabelList":{
                  "InterventionArmGroupLabel":[
                    "Imatinib"
                  ]
                },
                "InterventionOtherNameList":{
                  "InterventionOtherName":[
                    "Gleevec"
                  ]
                }
              }
            ]
          }
        },
        "OutcomesModule":{
          "PrimaryOutcomeList":{
            "PrimaryOutcome":[
              {
                "PrimaryOutcomeMeasure":"Objective response rate",
                "PrimaryOutcomeTimeFrame":"June 2010"
              }
            ]
          },
          "SecondaryOutcomeList":{
            "SecondaryOutcome":[
              {
                "SecondaryOutcomeMeasure":"Duration of response and survival",
                "SecondaryOutcomeTimeFrame":"June 2011"
              }
            ]
          }
        },
        "EligibilityModule":{
          "EligibilityCriteria":"Inclusion Criteria:\n\nPts must have 1 of the following hematopoietic malignancies: Hypereosinophilic syndrome (HES), Polycythemia vera (PV), Atypical CML or CMML with PDGF-R fusion genes, Mastocytosis, Serum bilirubin less than 2 mg%, serum creatinine less than 2 mg% unless abnormality is considered due to hematologic malignancy by investigator, Eastern Cooperative Oncology Group (ECOG) performance status < 3, life expectancy > 12 wks,\ncontinued from above. Pts must sign informed consent indicating they are aware of the investigational nature of the study, in keeping with policies of the hospital, women of pregnancy potential must practice birth control. Women and men must continue birth control for the duration of the trial and at least 3 months after the last dose of study drug. Inclusion of women and minorities: As per NIH policy, women and members of minorities will be included in this protocol as they are referred in the relevant populations.\ncontinued from above. There are no exclusions of women or minorities based on the study objectives, New York Heart Association (NYHA) Class <3.\n\nExclusion Criteria:\n\nN/A",
          "HealthyVolunteers":"No",
          "Gender":"All",
          "StdAgeList":{
            "StdAge":[
              "Child",
              "Adult",
              "Older Adult"
            ]
          }
        },
        "ContactsLocationsModule":{
          "OverallOfficialList":{
            "OverallOfficial":[
              {
                "OverallOfficialName":"Jorge Cortes, MD",
                "OverallOfficialAffiliation":"M.D. Anderson Cancer Center",
                "OverallOfficialRole":"Principal Investigator"
              }
            ]
          },
          "LocationList":{
            "Location":[
              {
                "LocationFacility":"UT MD Anderson Cancer Center",
                "LocationCity":"Houston",
                "LocationState":"Texas",
                "LocationZip":"77030",
                "LocationCountry":"United States"
              }
            ]
          }
        },
        "ReferencesModule":{
          "SeeAlsoLinkList":{
            "SeeAlsoLink":[
              {
                "SeeAlsoLinkLabel":"M.D. Anderson's Website",
                "SeeAlsoLinkURL":"http://mdanderson.org"
              }
            ]
          }
        }
      },
      "AnnotationSection":{
        "AnnotationModule":{
          "UnpostedAnnotation":{
            "UnpostedResponsibleParty":"M.D. Anderson Cancer Center",
            "UnpostedEventList":{
              "UnpostedEvent":[
                {
                  "UnpostedEventType":"Release",
                  "UnpostedEventDate":"November 9, 2020"
                },{
                  "UnpostedEventType":"Reset",
                  "UnpostedEventDate":"December 2, 2020"
                }
              ]
            }
          }
        }
      },
      "DerivedSection":{
        "MiscInfoModule":{
          "VersionHolder":"April 19, 2021"
        },
        "ConditionBrowseModule":{
          "ConditionMeshList":{
            "ConditionMesh":[
              {
                "ConditionMeshId":"D000007938",
                "ConditionMeshTerm":"Leukemia"
              },{
                "ConditionMeshId":"D000015464",
                "ConditionMeshTerm":"Leukemia, Myelogenous, Chronic, BCR-ABL Positive"
              },{
                "ConditionMeshId":"D000015479",
                "ConditionMeshTerm":"Leukemia, Myelomonocytic, Acute"
              },{
                "ConditionMeshId":"D000015477",
                "ConditionMeshTerm":"Leukemia, Myelomonocytic, Chronic"
              },{
                "ConditionMeshId":"D000054429",
                "ConditionMeshTerm":"Leukemia, Myelomonocytic, Juvenile"
              },{
                "ConditionMeshId":"D000011087",
                "ConditionMeshTerm":"Polycythemia Vera"
              },{
                "ConditionMeshId":"D000008415",
                "ConditionMeshTerm":"Mastocytosis"
              },{
                "ConditionMeshId":"D000011086",
                "ConditionMeshTerm":"Polycythemia"
              },{
                "ConditionMeshId":"D000017681",
                "ConditionMeshTerm":"Hypereosinophilic Syndrome"
              },{
                "ConditionMeshId":"D000013577",
                "ConditionMeshTerm":"Syndrome"
              }
            ]
          },
          "ConditionAncestorList":{
            "ConditionAncestor":[
              {
                "ConditionAncestorId":"D000004194",
                "ConditionAncestorTerm":"Disease"
              },{
                "ConditionAncestorId":"D000010335",
                "ConditionAncestorTerm":"Pathologic Processes"
              },{
                "ConditionAncestorId":"D000009370",
                "ConditionAncestorTerm":"Neoplasms by Histologic Type"
              },{
                "ConditionAncestorId":"D000009369",
                "ConditionAncestorTerm":"Neoplasms"
              },{
                "ConditionAncestorId":"D000007951",
                "ConditionAncestorTerm":"Leukemia, Myeloid"
              },{
                "ConditionAncestorId":"D000009196",
                "ConditionAncestorTerm":"Myeloproliferative Disorders"
              },{
                "ConditionAncestorId":"D000001855",
                "ConditionAncestorTerm":"Bone Marrow Diseases"
              },{
                "ConditionAncestorId":"D000006402",
                "ConditionAncestorTerm":"Hematologic Diseases"
              },{
                "ConditionAncestorId":"D000054437",
                "ConditionAncestorTerm":"Myelodysplastic-Myeloproliferative Diseases"
              },{
                "ConditionAncestorId":"D000019046",
                "ConditionAncestorTerm":"Bone Marrow Neoplasms"
              },{
                "ConditionAncestorId":"D000019337",
                "ConditionAncestorTerm":"Hematologic Neoplasms"
              },{
                "ConditionAncestorId":"D000009371",
                "ConditionAncestorTerm":"Neoplasms by Site"
              },{
                "ConditionAncestorId":"D000009372",
                "ConditionAncestorTerm":"Neoplasms, Connective Tissue"
              },{
                "ConditionAncestorId":"D000018204",
                "ConditionAncestorTerm":"Neoplasms, Connective and Soft Tissue"
              },{
                "ConditionAncestorId":"D000012871",
                "ConditionAncestorTerm":"Skin Diseases"
              },{
                "ConditionAncestorId":"D000007105",
                "ConditionAncestorTerm":"Immune Complex Diseases"
              },{
                "ConditionAncestorId":"D000006967",
                "ConditionAncestorTerm":"Hypersensitivity"
              },{
                "ConditionAncestorId":"D000007154",
                "ConditionAncestorTerm":"Immune System Diseases"
              },{
                "ConditionAncestorId":"D000004802",
                "ConditionAncestorTerm":"Eosinophilia"
              },{
                "ConditionAncestorId":"D000007960",
                "ConditionAncestorTerm":"Leukocyte Disorders"
              }
            ]
          },
          "ConditionBrowseLeafList":{
            "ConditionBrowseLeaf":[
              {
                "ConditionBrowseLeafId":"M9528",
                "ConditionBrowseLeafName":"Leukemia",
                "ConditionBrowseLeafAsFound":"Leukemia",
                "ConditionBrowseLeafRelevance":"high"
              },{
                "ConditionBrowseLeafId":"M9538",
                "ConditionBrowseLeafName":"Leukemia, Myeloid",
                "ConditionBrowseLeafRelevance":"low"
              },{
                "ConditionBrowseLeafId":"M14938",
                "ConditionBrowseLeafName":"Syndrome",
                "ConditionBrowseLeafAsFound":"Syndrome",
                "ConditionBrowseLeafRelevance":"high"
              },{
                "ConditionBrowseLeafId":"M9982",
                "ConditionBrowseLeafName":"Mastocytosis",
                "ConditionBrowseLeafAsFound":"Mastocytosis",
                "ConditionBrowseLeafRelevance":"high"
              },{
                "ConditionBrowseLeafId":"M16715",
                "ConditionBrowseLeafName":"Leukemia, Myelomonocytic, Chronic",
                "ConditionBrowseLeafAsFound":"Chronic Myelomonocytic Leukemia",
                "ConditionBrowseLeafRelevance":"high"
              },{
                "ConditionBrowseLeafId":"M26293",
                "ConditionBrowseLeafName":"Leukemia, Myelomonocytic, Juvenile",
                "ConditionBrowseLeafAsFound":"Chronic Myelomonocytic Leukemia",
                "ConditionBrowseLeafRelevance":"high"
              },{
                "ConditionBrowseLeafId":"M16706",
                "ConditionBrowseLeafName":"Leukemia, Myelogenous, Chronic, BCR-ABL Positive",
                "ConditionBrowseLeafAsFound":"Chronic Myeloid Leukemia",
                "ConditionBrowseLeafRelevance":"high"
              },{
                "ConditionBrowseLeafId":"M12555",
                "ConditionBrowseLeafName":"Polycythemia Vera",
                "ConditionBrowseLeafAsFound":"Polycythemia Vera",
                "ConditionBrowseLeafRelevance":"high"
              },{
                "ConditionBrowseLeafId":"M12554",
                "ConditionBrowseLeafName":"Polycythemia",
                "ConditionBrowseLeafAsFound":"Polycythemia",
                "ConditionBrowseLeafRelevance":"high"
              },{
                "ConditionBrowseLeafId":"M18484",
                "ConditionBrowseLeafName":"Hypereosinophilic Syndrome",
                "ConditionBrowseLeafAsFound":"Hypereosinophilic Syndrome",
                "ConditionBrowseLeafRelevance":"high"
              },{
                "ConditionBrowseLeafId":"M16717",
                "ConditionBrowseLeafName":"Leukemia, Myelomonocytic, Acute",
                "ConditionBrowseLeafAsFound":"Myelomonocytic Leukemia",
                "ConditionBrowseLeafRelevance":"high"
              },{
                "ConditionBrowseLeafId":"M10898",
                "ConditionBrowseLeafName":"Neoplasms by Histologic Type",
                "ConditionBrowseLeafRelevance":"low"
              },{
                "ConditionBrowseLeafId":"M10732",
                "ConditionBrowseLeafName":"Myeloproliferative Disorders",
                "ConditionBrowseLeafRelevance":"low"
              },{
                "ConditionBrowseLeafId":"M3716",
                "ConditionBrowseLeafName":"Bone Marrow Diseases",
                "ConditionBrowseLeafRelevance":"low"
              },{
                "ConditionBrowseLeafId":"M8073",
                "ConditionBrowseLeafName":"Hematologic Diseases",
                "ConditionBrowseLeafRelevance":"low"
              },{
                "ConditionBrowseLeafId":"M26294",
                "ConditionBrowseLeafName":"Myelodysplastic-Myeloproliferative Diseases",
                "ConditionBrowseLeafRelevance":"low"
              },{
                "ConditionBrowseLeafId":"M19654",
                "ConditionBrowseLeafName":"Bone Marrow Neoplasms",
                "ConditionBrowseLeafRelevance":"low"
              },{
                "ConditionBrowseLeafId":"M19898",
                "ConditionBrowseLeafName":"Hematologic Neoplasms",
                "ConditionBrowseLeafRelevance":"low"
              },{
                "ConditionBrowseLeafId":"M10900",
                "ConditionBrowseLeafName":"Neoplasms, Connective Tissue",
                "ConditionBrowseLeafRelevance":"low"
              },{
                "ConditionBrowseLeafId":"M18933",
                "ConditionBrowseLeafName":"Neoplasms, Connective and Soft Tissue",
                "ConditionBrowseLeafRelevance":"low"
              },{
                "ConditionBrowseLeafId":"M14257",
                "ConditionBrowseLeafName":"Skin Diseases",
                "ConditionBrowseLeafRelevance":"low"
              },{
                "ConditionBrowseLeafId":"M8736",
                "ConditionBrowseLeafName":"Immune Complex Diseases",
                "ConditionBrowseLeafRelevance":"low"
              },{
                "ConditionBrowseLeafId":"M8601",
                "ConditionBrowseLeafName":"Hypersensitivity",
                "ConditionBrowseLeafRelevance":"low"
              },{
                "ConditionBrowseLeafId":"M8783",
                "ConditionBrowseLeafName":"Immune System Diseases",
                "ConditionBrowseLeafRelevance":"low"
              },{
                "ConditionBrowseLeafId":"M6544",
                "ConditionBrowseLeafName":"Eosinophilia",
                "ConditionBrowseLeafRelevance":"low"
              },{
                "ConditionBrowseLeafId":"M9546",
                "ConditionBrowseLeafName":"Leukocyte Disorders",
                "ConditionBrowseLeafRelevance":"low"
              },{
                "ConditionBrowseLeafId":"T3995",
                "ConditionBrowseLeafName":"Myeloid Leukemia",
                "ConditionBrowseLeafAsFound":"Myeloid Leukemia",
                "ConditionBrowseLeafRelevance":"high"
              },{
                "ConditionBrowseLeafId":"T3626",
                "ConditionBrowseLeafName":"Mastocytosis",
                "ConditionBrowseLeafAsFound":"Mastocytosis",
                "ConditionBrowseLeafRelevance":"high"
              },{
                "ConditionBrowseLeafId":"T1310",
                "ConditionBrowseLeafName":"Chronic Myelomonocytic Leukemia",
                "ConditionBrowseLeafAsFound":"Chronic Myelomonocytic Leukemia",
                "ConditionBrowseLeafRelevance":"high"
              },{
                "ConditionBrowseLeafId":"T3174",
                "ConditionBrowseLeafName":"Juvenile Myelomonocytic Leukemia",
                "ConditionBrowseLeafAsFound":"Chronic Myelomonocytic Leukemia",
                "ConditionBrowseLeafRelevance":"high"
              },{
                "ConditionBrowseLeafId":"T1309",
                "ConditionBrowseLeafName":"Chronic Myeloid Leukemia",
                "ConditionBrowseLeafAsFound":"Chronic Myeloid Leukemia",
                "ConditionBrowseLeafRelevance":"high"
              },{
                "ConditionBrowseLeafId":"T4614",
                "ConditionBrowseLeafName":"Polycythemia Vera",
                "ConditionBrowseLeafAsFound":"Polycythemia Vera",
                "ConditionBrowseLeafRelevance":"high"
              },{
                "ConditionBrowseLeafId":"T2886",
                "ConditionBrowseLeafName":"Hypereosinophilic Syndrome",
                "ConditionBrowseLeafAsFound":"Hypereosinophilic Syndrome",
                "ConditionBrowseLeafRelevance":"high"
              },{
                "ConditionBrowseLeafId":"T1311",
                "ConditionBrowseLeafName":"Chronic Myeloproliferative Disorders",
                "ConditionBrowseLeafRelevance":"low"
              },{
                "ConditionBrowseLeafId":"T3994",
                "ConditionBrowseLeafName":"Myelodysplastic/myeloproliferative Disease",
                "ConditionBrowseLeafRelevance":"low"
              }
            ]
          },
          "ConditionBrowseBranchList":{
            "ConditionBrowseBranch":[
              {
                "ConditionBrowseBranchAbbrev":"BC04",
                "ConditionBrowseBranchName":"Cancers and Other Neoplasms"
              },{
                "ConditionBrowseBranchAbbrev":"All",
                "ConditionBrowseBranchName":"All Conditions"
              },{
                "ConditionBrowseBranchAbbrev":"BC23",
                "ConditionBrowseBranchName":"Symptoms and General Pathology"
              },{
                "ConditionBrowseBranchAbbrev":"BC17",
                "ConditionBrowseBranchName":"Skin and Connective Tissue Diseases"
              },{
                "ConditionBrowseBranchAbbrev":"BC20",
                "ConditionBrowseBranchName":"Immune System Diseases"
              },{
                "ConditionBrowseBranchAbbrev":"BC15",
                "ConditionBrowseBranchName":"Blood and Lymph Conditions"
              },{
                "ConditionBrowseBranchAbbrev":"Rare",
                "ConditionBrowseBranchName":"Rare Diseases"
              }
            ]
          }
        },
        "InterventionBrowseModule":{
          "InterventionMeshList":{
            "InterventionMesh":[
              {
                "InterventionMeshId":"D000068877",
                "InterventionMeshTerm":"Imatinib Mesylate"
              }
            ]
          },
          "InterventionAncestorList":{
            "InterventionAncestor":[
              {
                "InterventionAncestorId":"D000000970",
                "InterventionAncestorTerm":"Antineoplastic Agents"
              },{
                "InterventionAncestorId":"D000047428",
                "InterventionAncestorTerm":"Protein Kinase Inhibitors"
              },{
                "InterventionAncestorId":"D000004791",
                "InterventionAncestorTerm":"Enzyme Inhibitors"
              },{
                "InterventionAncestorId":"D000045504",
                "InterventionAncestorTerm":"Molecular Mechanisms of Pharmacological Action"
              }
            ]
          },
          "InterventionBrowseLeafList":{
            "InterventionBrowseLeaf":[
              {
                "InterventionBrowseLeafId":"M324",
                "InterventionBrowseLeafName":"Imatinib Mesylate",
                "InterventionBrowseLeafAsFound":"Cesarean Section",
                "InterventionBrowseLeafRelevance":"high"
              },{
                "InterventionBrowseLeafId":"M10483",
                "InterventionBrowseLeafName":"Mitogens",
                "InterventionBrowseLeafRelevance":"low"
              },{
                "InterventionBrowseLeafId":"M24407",
                "InterventionBrowseLeafName":"Protein Kinase Inhibitors",
                "InterventionBrowseLeafRelevance":"low"
              }
            ]
          },
          "InterventionBrowseBranchList":{
            "InterventionBrowseBranch":[
              {
                "InterventionBrowseBranchAbbrev":"ANeo",
                "InterventionBrowseBranchName":"Antineoplastic Agents"
              },{
                "InterventionBrowseBranchAbbrev":"All",
                "InterventionBrowseBranchName":"All Drugs and Chemicals"
              }
            ]
          }
        }
      }
    }
  }
}

