{
  "FullStudy":{
    "Rank":367461,
    "Study":{
      "ProtocolSection":{
        "IdentificationModule":{
          "NCTId":"NCT00030888",
          "OrgStudyIdInfo":{
            "OrgStudyId":"CDR0000069208"
          },
          "SecondaryIdInfoList":{
            "SecondaryIdInfo":[
              {
                "SecondaryId":"UCSF-NCI-5522"
              },{
                "SecondaryId":"NCI-5522"
              }
            ]
          },
          "Organization":{
            "OrgFullName":"National Cancer Institute (NCI)",
            "OrgClass":"NIH"
          },
          "BriefTitle":"UCN-01 in Treating Patients With Advanced or Metastatic Kidney Cancer",
          "OfficialTitle":"A Phase 2 Study Of UCN-01 In Advanced Renal Cell Carcinoma"
        },
        "StatusModule":{
          "StatusVerifiedDate":"December 2003",
          "OverallStatus":"Unknown status",
          "LastKnownStatus":"Active, not recruiting",
          "ExpandedAccessInfo":{
            "HasExpandedAccess":"No"
          },
          "StartDateStruct":{
            "StartDate":"December 2002"
          },
          "StudyFirstSubmitDate":"February 14, 2002",
          "StudyFirstSubmitQCDate":"January 26, 2003",
          "StudyFirstPostDateStruct":{
            "StudyFirstPostDate":"January 27, 2003",
            "StudyFirstPostDateType":"Estimate"
          },
          "LastUpdateSubmitDate":"January 3, 2014",
          "LastUpdatePostDateStruct":{
            "LastUpdatePostDate":"January 6, 2014",
            "LastUpdatePostDateType":"Estimate"
          }
        },
        "SponsorCollaboratorsModule":{
          "LeadSponsor":{
            "LeadSponsorName":"University of California, San Francisco",
            "LeadSponsorClass":"OTHER"
          },
          "CollaboratorList":{
            "Collaborator":[
              {
                "CollaboratorName":"National Cancer Institute (NCI)",
                "CollaboratorClass":"NIH"
              }
            ]
          }
        },
        "DescriptionModule":{
          "BriefSummary":"RATIONALE: Drugs used in chemotherapy use different ways to stop tumor cells from dividing so they stop growing or die.\n\nPURPOSE: Phase II trial to study the effectiveness of UCN-01 in treating patients who have unresectable stage III or stage IV kidney cancer.",
          "DetailedDescription":"OBJECTIVES:\n\nDetermine the efficacy of UCN-01, in terms of time to objective progression, in patients with stage IV or unresectable stage III renal cell carcinoma.\nDetermine the objective response rate in patients treated with this drug.\n\nOUTLINE: Patients receive UCN-01 IV over 3 hours on day 1. Courses repeat every 3 weeks in the absence of disease progression or unacceptable toxicity.\n\nPROJECTED ACCRUAL: A total of 21-61 patients will be accrued for this study within 15 months."
        },
        "ConditionsModule":{
          "ConditionList":{
            "Condition":[
              "Kidney Cancer"
            ]
          },
          "KeywordList":{
            "Keyword":[
              "stage III renal cell cancer",
              "stage IV renal cell cancer",
              "recurrent renal cell cancer"
            ]
          }
        },
        "DesignModule":{
          "StudyType":"Interventional",
          "PhaseList":{
            "Phase":[
              "Phase 2"
            ]
          },
          "DesignInfo":{
            "DesignPrimaryPurpose":"Treatment"
          }
        },
        "ArmsInterventionsModule":{
          "InterventionList":{
            "Intervention":[
              {
                "InterventionType":"Drug",
                "InterventionName":"7-hydroxystaurosporine"
              }
            ]
          }
        },
        "EligibilityModule":{
          "EligibilityCriteria":"DISEASE CHARACTERISTICS:\n\nHistologically or cytologically confirmed stage IV or unresectable stage III renal cell carcinoma\n\nMetastatic disease must be amenable to biopsy or appropriate for nephrectomy before study therapy\n\nAt least 1 unidimensionally measurable lesion\n\nAt least 20 mm by conventional techniques OR at least 10 mm by spiral CT scan\nNo known prior or concurrent CNS metastases\n\nPATIENT CHARACTERISTICS:\n\nAge:\n\n18 and over\n\nPerformance status:\n\nECOG 0-2 OR\nKarnofsky 60-100%\n\nLife expectancy:\n\nMore than 3 months\n\nHematopoietic:\n\nWBC at least 3,000/mm^3\nAbsolute neutrophil count at least 1,500/mm^3\nPlatelet count at least 100,000/mm^3\n\nHepatic:\n\nBilirubin normal\nAST/ALT no greater than 2.5 times upper limit of normal\n\nRenal:\n\nCreatinine normal OR\nCreatinine clearance at least 60 mL/min\n\nCardiovascular:\n\nNo history of clinically significant coronary artery disease\nNo symptomatic cardiac dysfunction\nNo symptomatic congestive heart failure\nNo unstable angina pectoris\nNo cardiac arrhythmia\n\nPulmonary:\n\nNo symptomatic pulmonary dysfunction\n\nOther:\n\nNo prior allergic reactions to compounds of similar chemical or biological composition to UCN-01\nNo other uncontrolled concurrent illness\nNo active or ongoing infection\nNo known immune deficiency\nNo psychiatric illness or social situation that would preclude study compliance\nNo insulin-dependent diabetes mellitus\nNot pregnant or nursing\nNegative pregnancy test\nFertile patients must use effective contraception during and for 6 months after study participation\n\nPRIOR CONCURRENT THERAPY:\n\nBiologic therapy:\n\nNot specified\n\nChemotherapy:\n\nAt least 4 weeks since prior chemotherapy (6 weeks for nitrosoureas or mitomycin) and recovered\n\nEndocrine therapy:\n\nNot specified\n\nRadiotherapy:\n\nAt least 4 weeks since prior radiotherapy and recovered\nNo prior mediastinal radiation\n\nSurgery:\n\nSee Disease Characteristics\nAt least 4 weeks since prior nephrectomy\n\nOther:\n\nNo more than 2 prior systemic therapies for metastatic renal cell carcinoma\nNo other concurrent investigational agents",
          "HealthyVolunteers":"No",
          "Gender":"All",
          "MinimumAge":"18 Years",
          "StdAgeList":{
            "StdAge":[
              "Adult",
              "Older Adult"
            ]
          }
        },
        "ContactsLocationsModule":{
          "OverallOfficialList":{
            "OverallOfficial":[
              {
                "OverallOfficialName":"Brian I. Rini, MD",
                "OverallOfficialAffiliation":"University of California, San Francisco",
                "OverallOfficialRole":"Study Chair"
              }
            ]
          },
          "LocationList":{
            "Location":[
              {
                "LocationFacility":"UCSF Comprehensive Cancer Center",
                "LocationCity":"San Francisco",
                "LocationState":"California",
                "LocationZip":"94115",
                "LocationCountry":"United States"
              },{
                "LocationFacility":"Veterans Affairs Medical Center - San Francisco",
                "LocationCity":"San Francisco",
                "LocationState":"California",
                "LocationZip":"94121",
                "LocationCountry":"United States"
              }
            ]
          }
        }
      },
      "DerivedSection":{
        "MiscInfoModule":{
          "VersionHolder":"April 19, 2021"
        },
        "ConditionBrowseModule":{
          "ConditionMeshList":{
            "ConditionMesh":[
              {
                "ConditionMeshId":"D000007680",
                "ConditionMeshTerm":"Kidney Neoplasms"
              },{
                "ConditionMeshId":"D000002292",
                "ConditionMeshTerm":"Carcinoma, Renal Cell"
              }
            ]
          },
          "ConditionAncestorList":{
            "ConditionAncestor":[
              {
                "ConditionAncestorId":"D000014571",
                "ConditionAncestorTerm":"Urologic Neoplasms"
              },{
                "ConditionAncestorId":"D000014565",
                "ConditionAncestorTerm":"Urogenital Neoplasms"
              },{
                "ConditionAncestorId":"D000009371",
                "ConditionAncestorTerm":"Neoplasms by Site"
              },{
                "ConditionAncestorId":"D000009369",
                "ConditionAncestorTerm":"Neoplasms"
              },{
                "ConditionAncestorId":"D000007674",
                "ConditionAncestorTerm":"Kidney Diseases"
              },{
                "ConditionAncestorId":"D000014570",
                "ConditionAncestorTerm":"Urologic Diseases"
              },{
                "ConditionAncestorId":"D000000230",
                "ConditionAncestorTerm":"Adenocarcinoma"
              },{
                "ConditionAncestorId":"D000002277",
                "ConditionAncestorTerm":"Carcinoma"
              },{
                "ConditionAncestorId":"D000009375",
                "ConditionAncestorTerm":"Neoplasms, Glandular and Epithelial"
              },{
                "ConditionAncestorId":"D000009370",
                "ConditionAncestorTerm":"Neoplasms by Histologic Type"
              }
            ]
          },
          "ConditionBrowseLeafList":{
            "ConditionBrowseLeaf":[
              {
                "ConditionBrowseLeafId":"M4116",
                "ConditionBrowseLeafName":"Carcinoma",
                "ConditionBrowseLeafRelevance":"low"
              },{
                "ConditionBrowseLeafId":"M4130",
                "ConditionBrowseLeafName":"Carcinoma, Renal Cell",
                "ConditionBrowseLeafAsFound":"Kidney Cancer",
                "ConditionBrowseLeafRelevance":"high"
              },{
                "ConditionBrowseLeafId":"M9286",
                "ConditionBrowseLeafName":"Kidney Neoplasms",
                "ConditionBrowseLeafAsFound":"Kidney Cancer",
                "ConditionBrowseLeafRelevance":"high"
              },{
                "ConditionBrowseLeafId":"M15903",
                "ConditionBrowseLeafName":"Urologic Neoplasms",
                "ConditionBrowseLeafRelevance":"low"
              },{
                "ConditionBrowseLeafId":"M15898",
                "ConditionBrowseLeafName":"Urogenital Neoplasms",
                "ConditionBrowseLeafRelevance":"low"
              },{
                "ConditionBrowseLeafId":"M9281",
                "ConditionBrowseLeafName":"Kidney Diseases",
                "ConditionBrowseLeafRelevance":"low"
              },{
                "ConditionBrowseLeafId":"M15902",
                "ConditionBrowseLeafName":"Urologic Diseases",
                "ConditionBrowseLeafRelevance":"low"
              },{
                "ConditionBrowseLeafId":"M2166",
                "ConditionBrowseLeafName":"Adenocarcinoma",
                "ConditionBrowseLeafRelevance":"low"
              },{
                "ConditionBrowseLeafId":"M10903",
                "ConditionBrowseLeafName":"Neoplasms, Glandular and Epithelial",
                "ConditionBrowseLeafRelevance":"low"
              },{
                "ConditionBrowseLeafId":"M10898",
                "ConditionBrowseLeafName":"Neoplasms by Histologic Type",
                "ConditionBrowseLeafRelevance":"low"
              },{
                "ConditionBrowseLeafId":"T4906",
                "ConditionBrowseLeafName":"Renal Cell Carcinoma",
                "ConditionBrowseLeafAsFound":"Kidney Cancer",
                "ConditionBrowseLeafRelevance":"high"
              },{
                "ConditionBrowseLeafId":"T1341",
                "ConditionBrowseLeafName":"Clear Cell Renal Cell Carcinoma",
                "ConditionBrowseLeafRelevance":"low"
              }
            ]
          },
          "ConditionBrowseBranchList":{
            "ConditionBrowseBranch":[
              {
                "ConditionBrowseBranchAbbrev":"BC04",
                "ConditionBrowseBranchName":"Cancers and Other Neoplasms"
              },{
                "ConditionBrowseBranchAbbrev":"All",
                "ConditionBrowseBranchName":"All Conditions"
              },{
                "ConditionBrowseBranchAbbrev":"BXS",
                "ConditionBrowseBranchName":"Urinary Tract, Sexual Organs, and Pregnancy Conditions"
              },{
                "ConditionBrowseBranchAbbrev":"Rare",
                "ConditionBrowseBranchName":"Rare Diseases"
              }
            ]
          }
        },
        "InterventionBrowseModule":{
          "InterventionMeshList":{
            "InterventionMesh":[
              {
                "InterventionMeshId":"C000054852",
                "InterventionMeshTerm":"7-hydroxystaurosporine"
              }
            ]
          },
          "InterventionAncestorList":{
            "InterventionAncestor":[
              {
                "InterventionAncestorId":"D000000970",
                "InterventionAncestorTerm":"Antineoplastic Agents"
              },{
                "InterventionAncestorId":"D000047428",
                "InterventionAncestorTerm":"Protein Kinase Inhibitors"
              },{
                "InterventionAncestorId":"D000004791",
                "InterventionAncestorTerm":"Enzyme Inhibitors"
              },{
                "InterventionAncestorId":"D000045504",
                "InterventionAncestorTerm":"Molecular Mechanisms of Pharmacological Action"
              }
            ]
          },
          "InterventionBrowseLeafList":{
            "InterventionBrowseLeaf":[
              {
                "InterventionBrowseLeafId":"M223988",
                "InterventionBrowseLeafName":"7-hydroxystaurosporine",
                "InterventionBrowseLeafAsFound":"Every time",
                "InterventionBrowseLeafRelevance":"high"
              },{
                "InterventionBrowseLeafId":"M24407",
                "InterventionBrowseLeafName":"Protein Kinase Inhibitors",
                "InterventionBrowseLeafRelevance":"low"
              }
            ]
          },
          "InterventionBrowseBranchList":{
            "InterventionBrowseBranch":[
              {
                "InterventionBrowseBranchAbbrev":"ANeo",
                "InterventionBrowseBranchName":"Antineoplastic Agents"
              },{
                "InterventionBrowseBranchAbbrev":"All",
                "InterventionBrowseBranchName":"All Drugs and Chemicals"
              }
            ]
          }
        }
      }
    }
  }
}

