{
  "FullStudy":{
    "Rank":366876,
    "Study":{
      "ProtocolSection":{
        "IdentificationModule":{
          "NCTId":"NCT00038961",
          "OrgStudyIdInfo":{
            "OrgStudyId":"103414"
          },
          "Organization":{
            "OrgFullName":"GlaxoSmithKline",
            "OrgClass":"INDUSTRY"
          },
          "BriefTitle":"A Study to Evaluate the Efficacy and Safety of Fondaparinux Sodium When Used With Intermittent Pneumatic Compression to Prevent Venous Thromboembolic (IPC) Versus IPC Alone for the Prevention of Venous Thromboembolic Events in Subjects at Increased Risk Undergoing Major Abdominal Surgery (APOLLO).",
          "OfficialTitle":"A Multicenter, Randomized, Double-blind, Parallel Group Trial to Demonstrate the Efficacy of Fondaparinux Sodium in Association With Intermittent Pneumatic Compression (IPC) Versus IPC Used Alone for the Prevention of Venous Thromboembolic Events in Subjects at Increased Risk Undergoing Major Abdomi"
        },
        "StatusModule":{
          "StatusVerifiedDate":"August 2016",
          "OverallStatus":"Completed",
          "ExpandedAccessInfo":{
            "HasExpandedAccess":"No"
          },
          "StartDateStruct":{
            "StartDate":"November 2001"
          },
          "PrimaryCompletionDateStruct":{
            "PrimaryCompletionDate":"October 2004",
            "PrimaryCompletionDateType":"Actual"
          },
          "CompletionDateStruct":{
            "CompletionDate":"October 2004",
            "CompletionDateType":"Actual"
          },
          "StudyFirstSubmitDate":"June 5, 2002",
          "StudyFirstSubmitQCDate":"June 7, 2002",
          "StudyFirstPostDateStruct":{
            "StudyFirstPostDate":"June 10, 2002",
            "StudyFirstPostDateType":"Estimate"
          },
          "LastUpdateSubmitDate":"August 31, 2016",
          "LastUpdatePostDateStruct":{
            "LastUpdatePostDate":"September 1, 2016",
            "LastUpdatePostDateType":"Estimate"
          }
        },
        "SponsorCollaboratorsModule":{
          "ResponsibleParty":{
            "ResponsiblePartyType":"Sponsor"
          },
          "LeadSponsor":{
            "LeadSponsorName":"GlaxoSmithKline",
            "LeadSponsorClass":"INDUSTRY"
          },
          "CollaboratorList":{
            "Collaborator":[
              {
                "CollaboratorName":"Sanofi",
                "CollaboratorClass":"INDUSTRY"
              }
            ]
          }
        },
        "OversightModule":{
          "OversightHasDMC":"Yes"
        },
        "DescriptionModule":{
          "BriefSummary":"This is a multicentre, randomized, double-blind, placebo controlled study. During this study all the patients will receive background venous thromboembolism (VTE) mechanical prophylaxis with intermittent pneumatic compression (IPC).",
          "DetailedDescription":"This is a multicenter, randomized, double-blind, placebo-controlled study evaluating the safety and efficacy of fondaparinux in the prevention of venous thromboembolism (VTE) in subjects undergoing abdominal surgery at increased risk for VTE. During this study all subjects were to receive background VTE prophylaxis with intermittent pnuematic compression (IPC) ± elastic stockings (ES).\n\nScreening Period ( Day -30-Day 0) all subjects at increased risk of VTE undergoing abdominal surgery and fulfilled the study entry criteria were eligible for the study.\n\nTreatment Period (Day 7 ±2): At the baseline assessment on the day of surgery (Day 1) subjects who satisfied all inclusion/exclusion criteria were randomized (1:1) to receive either fondaparinux or placebo. All the subjects were to receive background therapy with IPC ±ES. The first administration of either fondaparinux 2.5mg or placebo was to take place 6 to 8 hours after surgical closure provided hemostasis was achieved. Thereafter a once daily subcutaneous injection of either fondaparinux 2.5mg or placebo was to be administered up to Day 7 ±2. During the treatment phase, subjects were assessed daily. A mandatory venogram was performed between Day 5 and 10 or earlier in the case of symptomatic VTE, but not more than 1 calendar day after the last study treatment administration.\n\nFollow up Period (Day 30 ±2): A follow-up visit or contact was to take place at Day 30 ±2 days. Use of antithrombotic therapy for prevention of VTE after the mandatory venographyand during the entire Follow-up Period was left to the investigator's discretion."
        },
        "ConditionsModule":{
          "ConditionList":{
            "Condition":[
              "Thromboembolism"
            ]
          },
          "KeywordList":{
            "Keyword":[
              "fondaparinux sodium",
              "DVT Prevention",
              "abdominal surgery",
              "VTE prevention",
              "venous thromboembolism",
              "pulmonary embolism"
            ]
          }
        },
        "DesignModule":{
          "StudyType":"Interventional",
          "PhaseList":{
            "Phase":[
              "Phase 3"
            ]
          },
          "DesignInfo":{
            "DesignAllocation":"Randomized",
            "DesignInterventionModel":"Parallel Assignment",
            "DesignPrimaryPurpose":"Prevention",
            "DesignMaskingInfo":{
              "DesignMasking":"Quadruple",
              "DesignWhoMaskedList":{
                "DesignWhoMasked":[
                  "Participant",
                  "Care Provider",
                  "Investigator",
                  "Outcomes Assessor"
                ]
              }
            }
          },
          "EnrollmentInfo":{
            "EnrollmentCount":"1309",
            "EnrollmentType":"Actual"
          }
        },
        "ArmsInterventionsModule":{
          "ArmGroupList":{
            "ArmGroup":[
              {
                "ArmGroupLabel":"Placebo + intermittent pneumatic compression (IPC)",
                "ArmGroupType":"Placebo Comparator",
                "ArmGroupInterventionList":{
                  "ArmGroupInterventionName":[
                    "Other: placebo"
                  ]
                }
              },{
                "ArmGroupLabel":"fondaparinux + intermittent pneumatic compression (IPC)",
                "ArmGroupType":"Experimental",
                "ArmGroupInterventionList":{
                  "ArmGroupInterventionName":[
                    "Drug: fondaparinux sodium"
                  ]
                }
              }
            ]
          },
          "InterventionList":{
            "Intervention":[
              {
                "InterventionType":"Drug",
                "InterventionName":"fondaparinux sodium",
                "InterventionDescription":"2.5 mg fondparinux sodium, daily, s.c. starting 6 to 8 hours after surgical closure for up to 7 +/- 2 days, administered on top of IPC +/- elastic stockings (ES)",
                "InterventionArmGroupLabelList":{
                  "InterventionArmGroupLabel":[
                    "fondaparinux + intermittent pneumatic compression (IPC)"
                  ]
                }
              },{
                "InterventionType":"Other",
                "InterventionName":"placebo",
                "InterventionDescription":"placebo, daily, s.c. starting 6 to 8 hours after surgical closure for up to 7 +/- 2 days, administered on top of IPC +/- elastic stockings (ES)",
                "InterventionArmGroupLabelList":{
                  "InterventionArmGroupLabel":[
                    "Placebo + intermittent pneumatic compression (IPC)"
                  ]
                }
              }
            ]
          }
        },
        "OutcomesModule":{
          "PrimaryOutcomeList":{
            "PrimaryOutcome":[
              {
                "PrimaryOutcomeMeasure":"venous thromboembolism (VTE)",
                "PrimaryOutcomeDescription":"the incidence of VTE determined as any of the following VTE outcomes recorded up to the first venogram performed or up to Day 10, whichever occurred first: adjudicated manadatory veongram positive for DVT between Day 5 and Day 10; adjudicated symptomatic DVT and/or adjudicated non-fatal PE; adjudicated fatal PE",
                "PrimaryOutcomeTimeFrame":"adjudicated mandatory venogram positive for DVT between day 5 and day 10; up to day 10 for symptomatic DVT and/or adjudicated non fatal Pe , adjudicated fatal PE"
              },{
                "PrimaryOutcomeMeasure":"major bleeding",
                "PrimaryOutcomeDescription":"adjudicated major bleeding",
                "PrimaryOutcomeTimeFrame":"first study drug injection to 2 days after last study drug injection and first study drug injection up to Day 32"
              }
            ]
          },
          "SecondaryOutcomeList":{
            "SecondaryOutcome":[
              {
                "SecondaryOutcomeMeasure":"deep vein thrombosis (DVT)",
                "SecondaryOutcomeDescription":"Incidence of any DVT, any proximal DVT, and distal only DVT",
                "SecondaryOutcomeTimeFrame":"up to Day 10"
              },{
                "SecondaryOutcomeMeasure":"symptomatic VTE (venous thromboembolism)",
                "SecondaryOutcomeDescription":"Incidence of adjudicated symptomatic VTE (DVT, non fatal pulmonary embolism (PE), and fatal PE)",
                "SecondaryOutcomeTimeFrame":"up to Day 10 and up to Day 32"
              },{
                "SecondaryOutcomeMeasure":"initiation of curative treatment",
                "SecondaryOutcomeDescription":"Initiation of curative treatment after VTE assessment used for the primary endpoint evaluation",
                "SecondaryOutcomeTimeFrame":"3 years"
              },{
                "SecondaryOutcomeMeasure":"any VTE and all deaths",
                "SecondaryOutcomeDescription":"incidence of any VTE and all deaths",
                "SecondaryOutcomeTimeFrame":"up to Day 10"
              },{
                "SecondaryOutcomeMeasure":"symptomatic VTE and all deaths",
                "SecondaryOutcomeDescription":"incidence of adjudicated symptomatic VTE and all deaths",
                "SecondaryOutcomeTimeFrame":"up to Day 32"
              },{
                "SecondaryOutcomeMeasure":"minor bleeding",
                "SecondaryOutcomeDescription":"adjudicated minor bleeding",
                "SecondaryOutcomeTimeFrame":"treatment period and up to day 32"
              },{
                "SecondaryOutcomeMeasure":"All major or minor bleeding",
                "SecondaryOutcomeDescription":"All adjudicated (major or minor) bleeding",
                "SecondaryOutcomeTimeFrame":"3 years"
              },{
                "SecondaryOutcomeMeasure":"Adverse events",
                "SecondaryOutcomeDescription":"Adverse Events (AEs/serious adverse events (SAEs))",
                "SecondaryOutcomeTimeFrame":"3 years"
              },{
                "SecondaryOutcomeMeasure":"Transfusion",
                "SecondaryOutcomeDescription":"the need for transfusion and total blood units transfused",
                "SecondaryOutcomeTimeFrame":"3 years"
              },{
                "SecondaryOutcomeMeasure":"Lab parameters",
                "SecondaryOutcomeDescription":"changes from baseline in laboratory parameters",
                "SecondaryOutcomeTimeFrame":"3 years"
              },{
                "SecondaryOutcomeMeasure":"Death",
                "SecondaryOutcomeDescription":"Death",
                "SecondaryOutcomeTimeFrame":"3 years"
              }
            ]
          }
        },
        "EligibilityModule":{
          "EligibilityCriteria":"Inclusion Criteria:\n\nUndergoing abdominal surgery (any surgery between the diaphragm and pelvic floor) lasting longer than 45 minutes (duration from anesthesia induction to surgical closure)\nOver 40 years of age\nSubject who had signed the informed consent.\n\nExclusion Criteria:\n\nActive, clinically significant bleeding\nDocumented congenital or acquired bleeding tendency/disorders\nActive ulcerative gastrointestinal disease unless the reason for the present surgery.\nRecent intracranial hemorrhage or recent (less than 3 months prior to randomisation) brain, spinal, or ophthalmologic surgery.\nIndwelling intrathecal or epidural catheters for more than 6 hours after surgical closure.\nSubjects who had a traumatic puncture or unusual difficulty in applying the catheter\nKnown cerebral metastasis,\nSubjects in whom hemostasis had not been established 6 hours after surgical closure,\nCurrent thrombocytopenia,\nBacterial endocarditis\nCreatinine level above 2.0 mg/dL (180 μmol/L) in a well-hydrated subject,\nDocumented hypersensitivity to contrast media,\nUse of any contraindicated drug that could not be combined with the injection of contrast medium,\nPatent with evidence of leg ischemia caused by peripheral vascular disease, unable to undergo IPC and unable to wear Elastic Stockings.\n\nExclusion criteria related to trial methodology:\n\nMental disorders that could interfere with study participation and/or failure to give written informed consent to take part in the study,\nSubject's life expectancy < 6 months,\nClinical sign of DVT and/or history of recent DVT,\nParticipation in any other therapeutic drug study or a device study evaluating DVT prophylaxis within 90 days preceding inclusion,\nPrevious participation in a study of fondaparinux sodium,\nKnown hypersensitivity to fondaparinux and its excipients,\nCurrent addictive disorders that could interfere with study participation,\nAdministration of heparin, heparinoids, LMWH, oral anticoagulants, dextrans, hirudin, fibrinolytic agents or drugs blocking glycoprotein platelet receptors (GPIIb-IIIa) during the screening period, i.e., from admission to surgery,\nSubjects for whom anticoagulant therapy was contraindicated or who had, due to concomitant disease, an indication for oral anticoagulant or heparins (including LMWH) and who could not discontinue those treatments,\nWomen of child-bearing potential: women not using an appropriate contraceptive method during the whole duration of study participation ,\nSubject with body weight <50 kg,\nSubjects, who in the opinion of the investigator, required a pharmacological prophylaxis in addition to intermittent pneumatic compression,\nKnown pregnancy and / or women who intended to breastfeed,\nSubjects undergoing vascular surgery such as aorto-femoral bypass graft",
          "HealthyVolunteers":"No",
          "Gender":"All",
          "MinimumAge":"40 Years",
          "StdAgeList":{
            "StdAge":[
              "Adult",
              "Older Adult"
            ]
          }
        },
        "ContactsLocationsModule":{
          "OverallOfficialList":{
            "OverallOfficial":[
              {
                "OverallOfficialName":"GSK Clinical Trials",
                "OverallOfficialAffiliation":"GlaxoSmithKline",
                "OverallOfficialRole":"Study Director"
              }
            ]
          }
        },
        "ReferencesModule":{
          "ReferenceList":{
            "Reference":[
              {
                "ReferencePMID":"17723125",
                "ReferenceType":"result",
                "ReferenceCitation":"Turpie AG, Bauer KA, Caprini JA, Comp PC, Gent M, Muntz JE; Apollo Investigators. Fondaparinux combined with intermittent pneumatic compression vs. intermittent pneumatic compression alone for prevention of venous thromboembolism after abdominal surgery: a randomized, double-blind comparison. J Thromb Haemost. 2007 Sep;5(9):1854-61."
              }
            ]
          },
          "SeeAlsoLinkList":{
            "SeeAlsoLink":[
              {
                "SeeAlsoLinkLabel":"Researchers can use this site to request access to anonymised patient level data and/or supporting documents from clinical studies to conduct further research.",
                "SeeAlsoLinkURL":"https://www.clinicalstudydatarequest.com"
              }
            ]
          },
          "AvailIPDList":{
            "AvailIPD":[
              {
                "AvailIPDId":"103414",
                "AvailIPDType":"Statistical Analysis Plan",
                "AvailIPDURL":"https://www.clinicalstudydatarequest.com",
                "AvailIPDComment":"For additional information about this study please refer to the GSK Clinical Study Register"
              },{
                "AvailIPDId":"103414",
                "AvailIPDType":"Study Protocol",
                "AvailIPDURL":"https://www.clinicalstudydatarequest.com",
                "AvailIPDComment":"For additional information about this study please refer to the GSK Clinical Study Register"
              },{
                "AvailIPDId":"103414",
                "AvailIPDType":"Individual Participant Data Set",
                "AvailIPDURL":"https://www.clinicalstudydatarequest.com",
                "AvailIPDComment":"For additional information about this study please refer to the GSK Clinical Study Register"
              },{
                "AvailIPDId":"103414",
                "AvailIPDType":"Dataset Specification",
                "AvailIPDURL":"https://www.clinicalstudydatarequest.com",
                "AvailIPDComment":"For additional information about this study please refer to the GSK Clinical Study Register"
              },{
                "AvailIPDId":"103414",
                "AvailIPDType":"Informed Consent Form",
                "AvailIPDURL":"https://www.clinicalstudydatarequest.com",
                "AvailIPDComment":"For additional information about this study please refer to the GSK Clinical Study Register"
              },{
                "AvailIPDId":"103414",
                "AvailIPDType":"Clinical Study Report",
                "AvailIPDURL":"https://www.clinicalstudydatarequest.com",
                "AvailIPDComment":"For additional information about this study please refer to the GSK Clinical Study Register"
              }
            ]
          }
        },
        "IPDSharingStatementModule":{
          "IPDSharing":"Yes",
          "IPDSharingDescription":"Patient-level data for this study will be made available through www.clinicalstudydatarequest.com following the timelines and process described on this site."
        }
      },
      "DerivedSection":{
        "MiscInfoModule":{
          "VersionHolder":"April 19, 2021",
          "RemovedCountryList":{
            "RemovedCountry":[
              "United States"
            ]
          }
        },
        "ConditionBrowseModule":{
          "ConditionMeshList":{
            "ConditionMesh":[
              {
                "ConditionMeshId":"D000013923",
                "ConditionMeshTerm":"Thromboembolism"
              }
            ]
          },
          "ConditionAncestorList":{
            "ConditionAncestor":[
              {
                "ConditionAncestorId":"D000016769",
                "ConditionAncestorTerm":"Embolism and Thrombosis"
              },{
                "ConditionAncestorId":"D000014652",
                "ConditionAncestorTerm":"Vascular Diseases"
              },{
                "ConditionAncestorId":"D000002318",
                "ConditionAncestorTerm":"Cardiovascular Diseases"
              }
            ]
          },
          "ConditionBrowseLeafList":{
            "ConditionBrowseLeaf":[
              {
                "ConditionBrowseLeafId":"M15265",
                "ConditionBrowseLeafName":"Thromboembolism",
                "ConditionBrowseLeafAsFound":"Thromboembolism",
                "ConditionBrowseLeafRelevance":"high"
              },{
                "ConditionBrowseLeafId":"M26367",
                "ConditionBrowseLeafName":"Venous Thromboembolism",
                "ConditionBrowseLeafRelevance":"low"
              },{
                "ConditionBrowseLeafId":"M13092",
                "ConditionBrowseLeafName":"Pulmonary Embolism",
                "ConditionBrowseLeafRelevance":"low"
              },{
                "ConditionBrowseLeafId":"M6367",
                "ConditionBrowseLeafName":"Embolism",
                "ConditionBrowseLeafRelevance":"low"
              },{
                "ConditionBrowseLeafId":"M15269",
                "ConditionBrowseLeafName":"Thrombosis",
                "ConditionBrowseLeafRelevance":"low"
              },{
                "ConditionBrowseLeafId":"M17711",
                "ConditionBrowseLeafName":"Embolism and Thrombosis",
                "ConditionBrowseLeafRelevance":"low"
              },{
                "ConditionBrowseLeafId":"M15983",
                "ConditionBrowseLeafName":"Vascular Diseases",
                "ConditionBrowseLeafRelevance":"low"
              }
            ]
          },
          "ConditionBrowseBranchList":{
            "ConditionBrowseBranch":[
              {
                "ConditionBrowseBranchAbbrev":"BC14",
                "ConditionBrowseBranchName":"Heart and Blood Diseases"
              },{
                "ConditionBrowseBranchAbbrev":"All",
                "ConditionBrowseBranchName":"All Conditions"
              },{
                "ConditionBrowseBranchAbbrev":"BC08",
                "ConditionBrowseBranchName":"Respiratory Tract (Lung and Bronchial) Diseases"
              }
            ]
          }
        },
        "InterventionBrowseModule":{
          "InterventionMeshList":{
            "InterventionMesh":[
              {
                "InterventionMeshId":"C000064764",
                "InterventionMeshTerm":"PENTA"
              },{
                "InterventionMeshId":"D000077425",
                "InterventionMeshTerm":"Fondaparinux"
              }
            ]
          },
          "InterventionAncestorList":{
            "InterventionAncestor":[
              {
                "InterventionAncestorId":"D000065427",
                "InterventionAncestorTerm":"Factor Xa Inhibitors"
              },{
                "InterventionAncestorId":"D000000991",
                "InterventionAncestorTerm":"Antithrombins"
              },{
                "InterventionAncestorId":"D000015842",
                "InterventionAncestorTerm":"Serine Proteinase Inhibitors"
              },{
                "InterventionAncestorId":"D000011480",
                "InterventionAncestorTerm":"Protease Inhibitors"
              },{
                "InterventionAncestorId":"D000004791",
                "InterventionAncestorTerm":"Enzyme Inhibitors"
              },{
                "InterventionAncestorId":"D000045504",
                "InterventionAncestorTerm":"Molecular Mechanisms of Pharmacological Action"
              },{
                "InterventionAncestorId":"D000000925",
                "InterventionAncestorTerm":"Anticoagulants"
              },{
                "InterventionAncestorId":"D000005343",
                "InterventionAncestorTerm":"Fibrinolytic Agents"
              },{
                "InterventionAncestorId":"D000050299",
                "InterventionAncestorTerm":"Fibrin Modulating Agents"
              }
            ]
          },
          "InterventionBrowseLeafList":{
            "InterventionBrowseLeaf":[
              {
                "InterventionBrowseLeafId":"M180469",
                "InterventionBrowseLeafName":"PENTA",
                "InterventionBrowseLeafAsFound":"Paclitaxel albumin-",
                "InterventionBrowseLeafRelevance":"high"
              },{
                "InterventionBrowseLeafId":"M1794",
                "InterventionBrowseLeafName":"Fondaparinux",
                "InterventionBrowseLeafAsFound":"Dystonia",
                "InterventionBrowseLeafRelevance":"high"
              },{
                "InterventionBrowseLeafId":"M29100",
                "InterventionBrowseLeafName":"Factor Xa Inhibitors",
                "InterventionBrowseLeafRelevance":"low"
              },{
                "InterventionBrowseLeafId":"M2888",
                "InterventionBrowseLeafName":"Antithrombins",
                "InterventionBrowseLeafRelevance":"low"
              },{
                "InterventionBrowseLeafId":"M2887",
                "InterventionBrowseLeafName":"Antithrombin III",
                "InterventionBrowseLeafRelevance":"low"
              },{
                "InterventionBrowseLeafId":"M12926",
                "InterventionBrowseLeafName":"Protease Inhibitors",
                "InterventionBrowseLeafRelevance":"low"
              },{
                "InterventionBrowseLeafId":"M16974",
                "InterventionBrowseLeafName":"Serine Proteinase Inhibitors",
                "InterventionBrowseLeafRelevance":"low"
              },{
                "InterventionBrowseLeafId":"M18192",
                "InterventionBrowseLeafName":"HIV Protease Inhibitors",
                "InterventionBrowseLeafRelevance":"low"
              },{
                "InterventionBrowseLeafId":"M2825",
                "InterventionBrowseLeafName":"Anticoagulants",
                "InterventionBrowseLeafRelevance":"low"
              },{
                "InterventionBrowseLeafId":"M7056",
                "InterventionBrowseLeafName":"Fibrinolytic Agents",
                "InterventionBrowseLeafRelevance":"low"
              },{
                "InterventionBrowseLeafId":"T18",
                "InterventionBrowseLeafName":"Serine",
                "InterventionBrowseLeafRelevance":"low"
              }
            ]
          },
          "InterventionBrowseBranchList":{
            "InterventionBrowseBranch":[
              {
                "InterventionBrowseBranchAbbrev":"FiAg",
                "InterventionBrowseBranchName":"Fibrinolytic Agents"
              },{
                "InterventionBrowseBranchAbbrev":"AnCoag",
                "InterventionBrowseBranchName":"Anticoagulants"
              },{
                "InterventionBrowseBranchAbbrev":"All",
                "InterventionBrowseBranchName":"All Drugs and Chemicals"
              },{
                "InterventionBrowseBranchAbbrev":"Infe",
                "InterventionBrowseBranchName":"Anti-Infective Agents"
              },{
                "InterventionBrowseBranchAbbrev":"AA",
                "InterventionBrowseBranchName":"Amino Acids"
              }
            ]
          }
        }
      }
    }
  }
}

