{
  "FullStudy":{
    "Rank":367213,
    "Study":{
      "ProtocolSection":{
        "IdentificationModule":{
          "NCTId":"NCT00034372",
          "OrgStudyIdInfo":{
            "OrgStudyId":"OVA-Gy-15"
          },
          "Organization":{
            "OrgFullName":"Unither Pharmaceuticals",
            "OrgClass":"INDUSTRY"
          },
          "BriefTitle":"Multicenter Clinical Trial of Intravenous OvaRex MAb-B43.13 as Post-Chemotherapy Consolidation for Ovarian Carcinoma"
        },
        "StatusModule":{
          "StatusVerifiedDate":"December 2007",
          "OverallStatus":"Terminated",
          "WhyStopped":"closed by sponser",
          "StartDateStruct":{
            "StartDate":"September 2000"
          },
          "CompletionDateStruct":{
            "CompletionDate":"December 2007",
            "CompletionDateType":"Actual"
          },
          "StudyFirstSubmitDate":"April 26, 2002",
          "StudyFirstSubmitQCDate":"April 26, 2002",
          "StudyFirstPostDateStruct":{
            "StudyFirstPostDate":"April 29, 2002",
            "StudyFirstPostDateType":"Estimate"
          },
          "LastUpdateSubmitDate":"December 13, 2007",
          "LastUpdatePostDateStruct":{
            "LastUpdatePostDate":"December 18, 2007",
            "LastUpdatePostDateType":"Estimate"
          }
        },
        "SponsorCollaboratorsModule":{
          "LeadSponsor":{
            "LeadSponsorName":"Unither Pharmaceuticals",
            "LeadSponsorClass":"INDUSTRY"
          }
        },
        "OversightModule":{},
        "DescriptionModule":{
          "BriefSummary":"In this study, patients will be randomized to one of three dose regimen groups. Each dose of OvaRex MAb-B43.13 is 2 mg by slow intravenous administration.\n\nGroup 1 will receive two doses, one month apart.\n\nGroup 2 will receive three consecutive monthly doses, then at 12-week intervals through 2 years or until disease relapse up to a total of 9 doses.\n\nGroup 3 will receive six consecutive monthly doses, then at 12-week intervals through 2 years or until disease relapse up to a total of 11 doses.\n\nThe study will compare the time to disease relapse of patients who demonstrate an immune response to OvaRex MAb-B43.13 with time to disease relapse of those who do not demonstrate an immune response to OvaRex MAb-B43.13. Differences in the percentage of patients demonstrating an immune response in each dose regimen group will also be assessed."
        },
        "ConditionsModule":{
          "ConditionList":{
            "Condition":[
              "Ovarian Neoplasms"
            ]
          },
          "KeywordList":{
            "Keyword":[
              "immunotherapy",
              "monoclonal",
              "antibody",
              "Stage III ovarian epithelial cancer",
              "Stage IV ovarian epithelial cancer"
            ]
          }
        },
        "DesignModule":{
          "StudyType":"Interventional",
          "PhaseList":{
            "Phase":[
              "Phase 2"
            ]
          },
          "DesignInfo":{
            "DesignAllocation":"Randomized",
            "DesignInterventionModel":"Parallel Assignment",
            "DesignPrimaryPurpose":"Treatment",
            "DesignMaskingInfo":{
              "DesignMasking":"None (Open Label)"
            }
          },
          "EnrollmentInfo":{
            "EnrollmentCount":"102"
          }
        },
        "ArmsInterventionsModule":{
          "InterventionList":{
            "Intervention":[
              {
                "InterventionType":"Drug",
                "InterventionName":"oregovomab"
              }
            ]
          }
        },
        "EligibilityModule":{
          "EligibilityCriteria":"Inclusion Criteria\n\nHistological diagnosis of epithelial adenocarcinoma of ovarian, tubal or peritoneal origin and disease is classified as FIGO Stage III or IV.\nFunctional Performance Status < or = 2 by ECOG scale or > or = 60% on Karnofsky scale.\nMedical assessment consistent with prognosis for an expected survival of at least 6 months.\nSerum CA125 level >35 U/mL prior to or at initial surgery. Alternatively, serum CA125 level > or = 100 U/mL and immunohistochemical evidence of tumor tissue expressing CA125.\nPresence of residual disease that is either (a) visible to or palpable by the surgeon at the completion of the staging laparotomy procedure, or (b) microscopic disease remaining following the staging laparotomy procedure.\nReceived chemotherapy that included cisplatin or carboplatin following appropriate staging procedure.\nComplete clinical response to primary treatment protocol, which included laparotomy followed by platinum-based adjuvant chemotherapy.\n\nExclusion Criteria:\n\nFirst dose of study medication must be within 10 weeks of completing last dose of primary chemotherapy.\nNot more than one prior regimen of chemotherapy. A change of chemotherapy agents is permitted during the patient's primary therapy provided that the change is considered to be part of the initial chemotherapy treatment regimen.\nNo whole abdomen, abdominopelvic or pelvic radiotherapy, surgery or chemotherapy within 4 weeks prior to first dose of study drug.\nNo immunotherapy (interferons, tumor necrosis factor, other cytokines or biological response modifiers, or BCG vaccines) within the previous 6 weeks of first study dose. Patients who have received hemopoietic factors are acceptable.\nNo previous treatment with murine monoclonal antibodies for diagnostic or therapeutic purposes.\nNo compromised hematopoietic function defined as a hemoglobin <8.0 g/dL or lymphocyte count <300 mm3 or neutrophil count <1000 mm3 or platelet count <100,000 mm3.\nNo hepatic dysfunction defined as a bilirubin >1.5 times the upper normal limits.\nNo severe renal dysfunction defined as serum creatinine >1.6 mg/dL.\nWhile pregnancy is unlikely in view of the disease and previous surgery, patients who the investigator considers may be at risk of pregnancy will have a pregnancy [beta-HCG] test and will be using a medically approved contraceptive method. Patients who are breast-feeding are also excluded.\nNo active autoimmune disease (e.g., rheumatoid arthritis, SLE, ulcerative colitis, Chrohn?s Disease, MS, ankylosing spondylitis).\nNo known allergy to murine proteins, or prior documented anaphylactic reaction to any drug.\nNot on chronic treatment with immunosuppressive drugs such as cyclosporin, ACTH, or corticosteroids.\nNo active infection causing fever.\nNo previous splenectomy.\nNo recognized immunodeficiency disease including cellular immunodeficiencies, hypogammaglobulinemia or dysgammaglobulinemia; no acquired, hereditary, or congenital immunodeficiencies.\nNo uncontrolled diseases or illness other than this cancer. Patients with chronic diseases that are well controlled (e.g., diabetes mellitus, hypertension) are eligible.\nNo significant cardiovascular abnormalities (uncontrolled hypertension, CHF (NYHA Classes II-IV), uncontrolled angina, or uncontrolled arrhythmias).\nNo concurrent illness or chronically taking medication that could confound the results of the study, preclude the patient from completing the study or mask an adverse reaction.\nNo concurrent malignancy (except non-melanoma of the skin or in situ carcinoma of cervix), unless curative treatment was received and patient has been disease-free for > or = 5 years.\nNo other investigational drugs within 30 days of enrollment.\nNo contraindications present to the use of pressor agents.\nInability to read or understand, and/or unwilling to sign a written consent form which must be obtained prior to treatment.\nOnly tumors of low malignant potential or with noninvasive disease.\nNot more than one interval debulking procedure.",
          "HealthyVolunteers":"No",
          "Gender":"Female",
          "MinimumAge":"18 Years",
          "StdAgeList":{
            "StdAge":[
              "Adult",
              "Older Adult"
            ]
          }
        },
        "ContactsLocationsModule":{
          "LocationList":{
            "Location":[
              {
                "LocationFacility":"Gynecologic Oncology Associates",
                "LocationCity":"Newport Beach",
                "LocationState":"California",
                "LocationZip":"92663",
                "LocationCountry":"United States"
              },{
                "LocationFacility":"Stanford University Medical Center",
                "LocationCity":"Stanford",
                "LocationState":"California",
                "LocationZip":"94305",
                "LocationCountry":"United States"
              },{
                "LocationFacility":"Walt Disney Memorial Cancer Institute",
                "LocationCity":"Orlando",
                "LocationState":"Florida",
                "LocationZip":"32804",
                "LocationCountry":"United States"
              },{
                "LocationFacility":"St. Joseph's Regional Medical Center",
                "LocationCity":"South Bend",
                "LocationState":"Indiana",
                "LocationZip":"46617",
                "LocationCountry":"United States"
              },{
                "LocationFacility":"University of Iowa Hospitals and Clinics",
                "LocationCity":"Iowa City",
                "LocationState":"Iowa",
                "LocationZip":"52242",
                "LocationCountry":"United States"
              },{
                "LocationFacility":"Parker Hill Oncology & Hematology",
                "LocationCity":"Boston",
                "LocationState":"Massachusetts",
                "LocationZip":"02120",
                "LocationCountry":"United States"
              },{
                "LocationFacility":"Ellis Fischel Cancer Center",
                "LocationCity":"Columbia",
                "LocationState":"Missouri",
                "LocationZip":"65203",
                "LocationCountry":"United States"
              },{
                "LocationFacility":"Roswell Park Cancer Institute",
                "LocationCity":"Buffalo",
                "LocationState":"New York",
                "LocationZip":"14263",
                "LocationCountry":"United States"
              },{
                "LocationFacility":"Baptist Hospital of East Tennessee",
                "LocationCity":"Knoxville",
                "LocationState":"Tennessee",
                "LocationZip":"37920",
                "LocationCountry":"United States"
              },{
                "LocationFacility":"Texas Oncology, P.A.",
                "LocationCity":"Dallas",
                "LocationState":"Texas",
                "LocationZip":"75246",
                "LocationCountry":"United States"
              },{
                "LocationFacility":"University of Texas Southwestern Medical Center at Dallas",
                "LocationCity":"Dallas",
                "LocationState":"Texas",
                "LocationZip":"75390",
                "LocationCountry":"United States"
              },{
                "LocationFacility":"Swedish Medical Center Tumor Institute",
                "LocationCity":"Seattle",
                "LocationState":"Washington",
                "LocationZip":"98104",
                "LocationCountry":"United States"
              },{
                "LocationFacility":"Tom Baker Cancer Centre",
                "LocationCity":"Calgary",
                "LocationState":"Alberta",
                "LocationZip":"T2N 4N2",
                "LocationCountry":"Canada"
              },{
                "LocationFacility":"Cancer Care Manitoba",
                "LocationCity":"Winnipeg",
                "LocationState":"Manitoba",
                "LocationZip":"R3E O9V",
                "LocationCountry":"Canada"
              },{
                "LocationFacility":"Ottawa Regional Cancer Centre",
                "LocationCity":"Ottawa",
                "LocationState":"Ontario",
                "LocationZip":"K1H 1C4",
                "LocationCountry":"Canada"
              },{
                "LocationFacility":"Centre Hospitalier Universitaire de Sherbrooke - Hopital Fleurimont",
                "LocationCity":"Fleurimont",
                "LocationState":"Quebec",
                "LocationZip":"J1H 5N4",
                "LocationCountry":"Canada"
              },{
                "LocationFacility":"SMBD Jewish General Hospital",
                "LocationCity":"Montreal",
                "LocationState":"Quebec",
                "LocationZip":"H3T 1E2",
                "LocationCountry":"Canada"
              }
            ]
          }
        }
      },
      "DerivedSection":{
        "MiscInfoModule":{
          "VersionHolder":"April 19, 2021"
        },
        "ConditionBrowseModule":{
          "ConditionMeshList":{
            "ConditionMesh":[
              {
                "ConditionMeshId":"D000010051",
                "ConditionMeshTerm":"Ovarian Neoplasms"
              }
            ]
          },
          "ConditionAncestorList":{
            "ConditionAncestor":[
              {
                "ConditionAncestorId":"D000004701",
                "ConditionAncestorTerm":"Endocrine Gland Neoplasms"
              },{
                "ConditionAncestorId":"D000009371",
                "ConditionAncestorTerm":"Neoplasms by Site"
              },{
                "ConditionAncestorId":"D000009369",
                "ConditionAncestorTerm":"Neoplasms"
              },{
                "ConditionAncestorId":"D000010049",
                "ConditionAncestorTerm":"Ovarian Diseases"
              },{
                "ConditionAncestorId":"D000000291",
                "ConditionAncestorTerm":"Adnexal Diseases"
              },{
                "ConditionAncestorId":"D000005833",
                "ConditionAncestorTerm":"Genital Neoplasms, Female"
              },{
                "ConditionAncestorId":"D000014565",
                "ConditionAncestorTerm":"Urogenital Neoplasms"
              },{
                "ConditionAncestorId":"D000004700",
                "ConditionAncestorTerm":"Endocrine System Diseases"
              },{
                "ConditionAncestorId":"D000006058",
                "ConditionAncestorTerm":"Gonadal Disorders"
              }
            ]
          },
          "ConditionBrowseLeafList":{
            "ConditionBrowseLeaf":[
              {
                "ConditionBrowseLeafId":"M4116",
                "ConditionBrowseLeafName":"Carcinoma",
                "ConditionBrowseLeafRelevance":"low"
              },{
                "ConditionBrowseLeafId":"M11557",
                "ConditionBrowseLeafName":"Ovarian Neoplasms",
                "ConditionBrowseLeafAsFound":"Ovarian Neoplasms",
                "ConditionBrowseLeafRelevance":"high"
              },{
                "ConditionBrowseLeafId":"M1704",
                "ConditionBrowseLeafName":"Carcinoma, Ovarian Epithelial",
                "ConditionBrowseLeafRelevance":"low"
              },{
                "ConditionBrowseLeafId":"M6446",
                "ConditionBrowseLeafName":"Endocrine Gland Neoplasms",
                "ConditionBrowseLeafRelevance":"low"
              },{
                "ConditionBrowseLeafId":"M11555",
                "ConditionBrowseLeafName":"Ovarian Diseases",
                "ConditionBrowseLeafRelevance":"low"
              },{
                "ConditionBrowseLeafId":"M2224",
                "ConditionBrowseLeafName":"Adnexal Diseases",
                "ConditionBrowseLeafRelevance":"low"
              },{
                "ConditionBrowseLeafId":"M7528",
                "ConditionBrowseLeafName":"Genital Neoplasms, Female",
                "ConditionBrowseLeafRelevance":"low"
              },{
                "ConditionBrowseLeafId":"M15898",
                "ConditionBrowseLeafName":"Urogenital Neoplasms",
                "ConditionBrowseLeafRelevance":"low"
              },{
                "ConditionBrowseLeafId":"M6445",
                "ConditionBrowseLeafName":"Endocrine System Diseases",
                "ConditionBrowseLeafRelevance":"low"
              },{
                "ConditionBrowseLeafId":"M7746",
                "ConditionBrowseLeafName":"Gonadal Disorders",
                "ConditionBrowseLeafRelevance":"low"
              },{
                "ConditionBrowseLeafId":"T4352",
                "ConditionBrowseLeafName":"Ovarian Cancer",
                "ConditionBrowseLeafRelevance":"low"
              },{
                "ConditionBrowseLeafId":"T4354",
                "ConditionBrowseLeafName":"Ovarian Epithelial Cancer",
                "ConditionBrowseLeafRelevance":"low"
              }
            ]
          },
          "ConditionBrowseBranchList":{
            "ConditionBrowseBranch":[
              {
                "ConditionBrowseBranchAbbrev":"BC04",
                "ConditionBrowseBranchName":"Cancers and Other Neoplasms"
              },{
                "ConditionBrowseBranchAbbrev":"All",
                "ConditionBrowseBranchName":"All Conditions"
              },{
                "ConditionBrowseBranchAbbrev":"BXS",
                "ConditionBrowseBranchName":"Urinary Tract, Sexual Organs, and Pregnancy Conditions"
              },{
                "ConditionBrowseBranchAbbrev":"BC19",
                "ConditionBrowseBranchName":"Gland and Hormone Related Diseases"
              },{
                "ConditionBrowseBranchAbbrev":"Rare",
                "ConditionBrowseBranchName":"Rare Diseases"
              }
            ]
          }
        },
        "InterventionBrowseModule":{
          "InterventionMeshList":{
            "InterventionMesh":[
              {
                "InterventionMeshId":"C000107428",
                "InterventionMeshTerm":"Oregovomab"
              }
            ]
          },
          "InterventionAncestorList":{
            "InterventionAncestor":[
              {
                "InterventionAncestorId":"D000074322",
                "InterventionAncestorTerm":"Antineoplastic Agents, Immunological"
              },{
                "InterventionAncestorId":"D000000970",
                "InterventionAncestorTerm":"Antineoplastic Agents"
              }
            ]
          },
          "InterventionBrowseLeafList":{
            "InterventionBrowseLeaf":[
              {
                "InterventionBrowseLeafId":"M2806",
                "InterventionBrowseLeafName":"Antibodies",
                "InterventionBrowseLeafRelevance":"low"
              },{
                "InterventionBrowseLeafId":"M8767",
                "InterventionBrowseLeafName":"Immunoglobulins",
                "InterventionBrowseLeafRelevance":"low"
              },{
                "InterventionBrowseLeafId":"M269861",
                "InterventionBrowseLeafName":"Oregovomab",
                "InterventionBrowseLeafAsFound":"10^9 CFU",
                "InterventionBrowseLeafRelevance":"high"
              },{
                "InterventionBrowseLeafId":"M1346",
                "InterventionBrowseLeafName":"Antineoplastic Agents, Immunological",
                "InterventionBrowseLeafRelevance":"low"
              }
            ]
          },
          "InterventionBrowseBranchList":{
            "InterventionBrowseBranch":[
              {
                "InterventionBrowseBranchAbbrev":"All",
                "InterventionBrowseBranchName":"All Drugs and Chemicals"
              },{
                "InterventionBrowseBranchAbbrev":"ANeo",
                "InterventionBrowseBranchName":"Antineoplastic Agents"
              }
            ]
          }
        }
      }
    }
  }
}

