{
  "FullStudy":{
    "Rank":367105,
    "Study":{
      "ProtocolSection":{
        "IdentificationModule":{
          "NCTId":"NCT00035828",
          "OrgStudyIdInfo":{
            "OrgStudyId":"ABX-0209"
          },
          "Organization":{
            "OrgFullName":"Abgenix",
            "OrgClass":"INDUSTRY"
          },
          "BriefTitle":"A Blinded Study Comparing the Safety and Efficacy of a Fully Human Anti-IL8 Monoclonal Antibody (ABX-IL8) to Placebo in Patients With Chronic Bronchitis and COPD"
        },
        "StatusModule":{
          "StatusVerifiedDate":"July 2003",
          "OverallStatus":"Completed",
          "StartDateStruct":{
            "StartDate":"December 2001"
          },
          "CompletionDateStruct":{
            "CompletionDate":"December 2002"
          },
          "StudyFirstSubmitDate":"May 6, 2002",
          "StudyFirstSubmitQCDate":"May 6, 2002",
          "StudyFirstPostDateStruct":{
            "StudyFirstPostDate":"May 7, 2002",
            "StudyFirstPostDateType":"Estimate"
          },
          "LastUpdateSubmitDate":"June 23, 2005",
          "LastUpdatePostDateStruct":{
            "LastUpdatePostDate":"June 24, 2005",
            "LastUpdatePostDateType":"Estimate"
          }
        },
        "SponsorCollaboratorsModule":{
          "LeadSponsor":{
            "LeadSponsorName":"Abgenix",
            "LeadSponsorClass":"INDUSTRY"
          }
        },
        "OversightModule":{},
        "DescriptionModule":{
          "BriefSummary":"To determine if ABX-IL8 will improve shortness of breath.",
          "DetailedDescription":"Chronic Obstructive Pulmonary Disease (COPD) is defined as a disease state characterized by the presence of airflow obstruction due to chronic bronchitis or emphysema. The airflow obstruction is generally progressive, may be accompanied by airway hyper-reactivity, and may be partially reversible. Inflammation in the lungs is triggered by exposure to inhaled toxic substances that can lead to tissue damage, mucous secretion, airways narrowing and tissue destruction.\n\nInterleukin-8 (IL-8) plays a major role in elevating sputum in patients with COPD and may contribute to tissue destruction. Therefore, the highly specific antibody to IL-8 (such as ABX-IL8) may help to reduce mucous production and tissue destruction."
        },
        "ConditionsModule":{
          "ConditionList":{
            "Condition":[
              "Pulmonary Disease, Chronic Obstructive",
              "Bronchitis, Chronic"
            ]
          },
          "KeywordList":{
            "Keyword":[
              "COPD",
              "Chronic bronchitis",
              "Chronic obstructive pulmonary disease",
              "Shortness of breath",
              "Dyspnea",
              "Bronchitis"
            ]
          }
        },
        "DesignModule":{
          "StudyType":"Interventional",
          "PhaseList":{
            "Phase":[
              "Phase 2"
            ]
          },
          "DesignInfo":{
            "DesignAllocation":"Randomized",
            "DesignInterventionModel":"Parallel Assignment",
            "DesignPrimaryPurpose":"Treatment",
            "DesignMaskingInfo":{
              "DesignMasking":"Double"
            }
          },
          "EnrollmentInfo":{
            "EnrollmentCount":"150"
          }
        },
        "ArmsInterventionsModule":{
          "InterventionList":{
            "Intervention":[
              {
                "InterventionType":"Drug",
                "InterventionName":"ABX-IL8"
              }
            ]
          }
        },
        "EligibilityModule":{
          "EligibilityCriteria":"Inclusion Criteria:\n\n> 50 years old\n> 20 pack-year of smoking\nDiagnosed with COPD and chronic bronchitis\n\nExclusion Criteria:\n\nPatients with bronchiectasis, cystic fibrosis, tuberculosis, asthma, alpha-1 antitrypsin deficiency, CHF\nRequire oxygen therapy\nUncontrolled hypertension\nHIV or Hepatitis\nRecent history of COPD exacerbation\nPatients with cancer\nRecent history of infection",
          "HealthyVolunteers":"No",
          "Gender":"All",
          "MinimumAge":"50 Years",
          "StdAgeList":{
            "StdAge":[
              "Adult",
              "Older Adult"
            ]
          }
        },
        "ContactsLocationsModule":{
          "LocationList":{
            "Location":[
              {
                "LocationFacility":"Abgenix",
                "LocationCity":"Fremont",
                "LocationState":"California",
                "LocationZip":"94555",
                "LocationCountry":"United States"
              }
            ]
          }
        }
      },
      "DerivedSection":{
        "MiscInfoModule":{
          "VersionHolder":"April 19, 2021"
        },
        "ConditionBrowseModule":{
          "ConditionMeshList":{
            "ConditionMesh":[
              {
                "ConditionMeshId":"D000008171",
                "ConditionMeshTerm":"Lung Diseases"
              },{
                "ConditionMeshId":"D000029424",
                "ConditionMeshTerm":"Pulmonary Disease, Chronic Obstructive"
              },{
                "ConditionMeshId":"D000001991",
                "ConditionMeshTerm":"Bronchitis"
              },{
                "ConditionMeshId":"D000029481",
                "ConditionMeshTerm":"Bronchitis, Chronic"
              },{
                "ConditionMeshId":"D000000208",
                "ConditionMeshTerm":"Acute Disease"
              }
            ]
          },
          "ConditionAncestorList":{
            "ConditionAncestor":[
              {
                "ConditionAncestorId":"D000012140",
                "ConditionAncestorTerm":"Respiratory Tract Diseases"
              },{
                "ConditionAncestorId":"D000020969",
                "ConditionAncestorTerm":"Disease Attributes"
              },{
                "ConditionAncestorId":"D000010335",
                "ConditionAncestorTerm":"Pathologic Processes"
              },{
                "ConditionAncestorId":"D000008173",
                "ConditionAncestorTerm":"Lung Diseases, Obstructive"
              },{
                "ConditionAncestorId":"D000001982",
                "ConditionAncestorTerm":"Bronchial Diseases"
              },{
                "ConditionAncestorId":"D000012141",
                "ConditionAncestorTerm":"Respiratory Tract Infections"
              }
            ]
          },
          "ConditionBrowseLeafList":{
            "ConditionBrowseLeaf":[
              {
                "ConditionBrowseLeafId":"M9753",
                "ConditionBrowseLeafName":"Lung Diseases, Obstructive",
                "ConditionBrowseLeafRelevance":"low"
              },{
                "ConditionBrowseLeafId":"M22033",
                "ConditionBrowseLeafName":"Pulmonary Disease, Chronic Obstructive",
                "ConditionBrowseLeafAsFound":"Pulmonary Disease, Chronic Obstructive",
                "ConditionBrowseLeafRelevance":"high"
              },{
                "ConditionBrowseLeafId":"M9751",
                "ConditionBrowseLeafName":"Lung Diseases",
                "ConditionBrowseLeafAsFound":"Pulmonary Disease",
                "ConditionBrowseLeafRelevance":"high"
              },{
                "ConditionBrowseLeafId":"M6174",
                "ConditionBrowseLeafName":"Dyspnea",
                "ConditionBrowseLeafRelevance":"low"
              },{
                "ConditionBrowseLeafId":"M3849",
                "ConditionBrowseLeafName":"Bronchitis",
                "ConditionBrowseLeafAsFound":"Bronchitis",
                "ConditionBrowseLeafRelevance":"high"
              },{
                "ConditionBrowseLeafId":"M22036",
                "ConditionBrowseLeafName":"Bronchitis, Chronic",
                "ConditionBrowseLeafAsFound":"Bronchitis, Chronic",
                "ConditionBrowseLeafRelevance":"high"
              },{
                "ConditionBrowseLeafId":"M2145",
                "ConditionBrowseLeafName":"Acute Disease",
                "ConditionBrowseLeafAsFound":"Bronchitis",
                "ConditionBrowseLeafRelevance":"high"
              },{
                "ConditionBrowseLeafId":"M13560",
                "ConditionBrowseLeafName":"Respiratory Tract Diseases",
                "ConditionBrowseLeafRelevance":"low"
              },{
                "ConditionBrowseLeafId":"M21284",
                "ConditionBrowseLeafName":"Disease Attributes",
                "ConditionBrowseLeafRelevance":"low"
              },{
                "ConditionBrowseLeafId":"M3840",
                "ConditionBrowseLeafName":"Bronchial Diseases",
                "ConditionBrowseLeafRelevance":"low"
              },{
                "ConditionBrowseLeafId":"M8866",
                "ConditionBrowseLeafName":"Infection",
                "ConditionBrowseLeafRelevance":"low"
              },{
                "ConditionBrowseLeafId":"M4951",
                "ConditionBrowseLeafName":"Communicable Diseases",
                "ConditionBrowseLeafRelevance":"low"
              },{
                "ConditionBrowseLeafId":"M13561",
                "ConditionBrowseLeafName":"Respiratory Tract Infections",
                "ConditionBrowseLeafRelevance":"low"
              }
            ]
          },
          "ConditionBrowseBranchList":{
            "ConditionBrowseBranch":[
              {
                "ConditionBrowseBranchAbbrev":"BC08",
                "ConditionBrowseBranchName":"Respiratory Tract (Lung and Bronchial) Diseases"
              },{
                "ConditionBrowseBranchAbbrev":"All",
                "ConditionBrowseBranchName":"All Conditions"
              },{
                "ConditionBrowseBranchAbbrev":"BC23",
                "ConditionBrowseBranchName":"Symptoms and General Pathology"
              },{
                "ConditionBrowseBranchAbbrev":"BC01",
                "ConditionBrowseBranchName":"Bacterial and Fungal Diseases"
              }
            ]
          }
        },
        "InterventionBrowseModule":{
          "InterventionBrowseLeafList":{
            "InterventionBrowseLeaf":[
              {
                "InterventionBrowseLeafId":"M2806",
                "InterventionBrowseLeafName":"Antibodies",
                "InterventionBrowseLeafRelevance":"low"
              },{
                "InterventionBrowseLeafId":"M2811",
                "InterventionBrowseLeafName":"Antibodies, Monoclonal",
                "InterventionBrowseLeafRelevance":"low"
              },{
                "InterventionBrowseLeafId":"M8767",
                "InterventionBrowseLeafName":"Immunoglobulins",
                "InterventionBrowseLeafRelevance":"low"
              }
            ]
          },
          "InterventionBrowseBranchList":{
            "InterventionBrowseBranch":[
              {
                "InterventionBrowseBranchAbbrev":"All",
                "InterventionBrowseBranchName":"All Drugs and Chemicals"
              }
            ]
          }
        }
      }
    }
  }
}

