{
  "FullStudy":{
    "Rank":367406,
    "Study":{
      "ProtocolSection":{
        "IdentificationModule":{
          "NCTId":"NCT00031668",
          "OrgStudyIdInfo":{
            "OrgStudyId":"LY8"
          },
          "SecondaryIdInfoList":{
            "SecondaryIdInfo":[
              {
                "SecondaryId":"CAN-NCIC-LY8"
              },{
                "SecondaryId":"CDR0000069214",
                "SecondaryIdType":"Other Identifier",
                "SecondaryIdDomain":"PDQ"
              }
            ]
          },
          "Organization":{
            "OrgFullName":"Canadian Cancer Trials Group",
            "OrgClass":"NETWORK"
          },
          "BriefTitle":"Radiation Therapy in Relapsed or Refractory Non-Hodgkin's Lymphoma Who Have Undergone Stem Cell Transplantation",
          "OfficialTitle":"A Phase III Study of Involved Field Radiation Therapy (IFRT) in Patients With Histologically Aggressive Non-Hodgkin's Lymphoma Following High Dose Chemotherapy and Autologous Hematopoietic Stem Cell Transplantation (ASCT)"
        },
        "StatusModule":{
          "StatusVerifiedDate":"March 2020",
          "OverallStatus":"Completed",
          "ExpandedAccessInfo":{
            "HasExpandedAccess":"No"
          },
          "StartDateStruct":{
            "StartDate":"January 31, 2001",
            "StartDateType":"Actual"
          },
          "PrimaryCompletionDateStruct":{
            "PrimaryCompletionDate":"February 10, 2009",
            "PrimaryCompletionDateType":"Actual"
          },
          "CompletionDateStruct":{
            "CompletionDate":"February 10, 2009",
            "CompletionDateType":"Actual"
          },
          "StudyFirstSubmitDate":"March 8, 2002",
          "StudyFirstSubmitQCDate":"June 30, 2003",
          "StudyFirstPostDateStruct":{
            "StudyFirstPostDate":"July 1, 2003",
            "StudyFirstPostDateType":"Estimate"
          },
          "LastUpdateSubmitDate":"March 30, 2020",
          "LastUpdatePostDateStruct":{
            "LastUpdatePostDate":"April 1, 2020",
            "LastUpdatePostDateType":"Actual"
          }
        },
        "SponsorCollaboratorsModule":{
          "ResponsibleParty":{
            "ResponsiblePartyType":"Sponsor"
          },
          "LeadSponsor":{
            "LeadSponsorName":"NCIC Clinical Trials Group",
            "LeadSponsorClass":"NETWORK"
          }
        },
        "OversightModule":{
          "OversightHasDMC":"Yes",
          "IsFDARegulatedDrug":"No",
          "IsFDARegulatedDevice":"No"
        },
        "DescriptionModule":{
          "BriefSummary":"RATIONALE: Radiation therapy uses high-energy x-rays to damage tumor cells. It is not yet known if giving radiation therapy after stem cell transplantation is more effective than stem cell transplantation alone in treating relapsed or refractory non-Hodgkin's lymphoma.\n\nPURPOSE: Randomized phase III trial to determine the effectiveness of radiation therapy in treating patients who have relapsed or refractory non-Hodgkin's lymphoma and have undergone autologous stem cell transplantation.",
          "DetailedDescription":"OBJECTIVES:\n\nCompare the 3-year progression-free survival of patients with relapsed or refractory aggressive non-Hodgkin's lymphoma treated with high-dose chemotherapy and autologous hematopoietic stem cell transplantation with or without involved-field radiotherapy.\nCompare the overall survival of patients treated with these regimens.\nCompare 3-year progression-free disease within and outside radiotherapy fields in patients treated with these regimens.\nCompare quality of life of patients treated with these regimens.\nCompare the toxic effects of these regimens in these patients.\n\nOUTLINE: This is a randomized, multicenter study. Patients are stratified according to response to pre-salvage chemotherapy (primary refractory disease vs relapse), response to post-salvage chemotherapy (complete/unconfirmed complete vs partial), and participating center. Within 6-8 weeks after completion of autologous hematopoietic stem cell transplantation, patients are randomized to 1 of 2 treatment arms.\n\nArm I: Patients undergo involved-field radiotherapy (IFRT) 5 days a week for 3-5 weeks in the absence of unacceptable toxicity.\nArm II: Patients undergo observation only. Quality of life in arm I is assessed at baseline, on day 1 of IFRT, at weeks 2 and 4 during IFRT, at 1 month, 4 months, every 3 months for 2 years, every 6 months for 1 year, and then annually for 2 years. Quality of life in arm II is assessed at baseline, 1 month, 2 months, every 3 months for 2 years, every 6 months for 1 year, and then annually for 2 years.\n\nPatients are followed at 1 month, every 3 months for 2 years, every 6 months for 1 year, and then annually for 2 years.\n\nPROJECTED ACCRUAL: A total of 230 patients (115 per treatment arm) will be accrued for this study within 4.2 years."
        },
        "ConditionsModule":{
          "ConditionList":{
            "Condition":[
              "Lymphoma"
            ]
          },
          "KeywordList":{
            "Keyword":[
              "Waldenstrom macroglobulinemia",
              "recurrent adult diffuse large cell lymphoma",
              "recurrent adult Burkitt lymphoma",
              "recurrent adult T-cell leukemia/lymphoma",
              "anaplastic large cell lymphoma"
            ]
          }
        },
        "DesignModule":{
          "StudyType":"Interventional",
          "PhaseList":{
            "Phase":[
              "Not Applicable"
            ]
          },
          "DesignInfo":{
            "DesignAllocation":"Randomized",
            "DesignPrimaryPurpose":"Treatment",
            "DesignMaskingInfo":{
              "DesignMasking":"None (Open Label)"
            }
          },
          "EnrollmentInfo":{
            "EnrollmentCount":"6",
            "EnrollmentType":"Actual"
          }
        },
        "ArmsInterventionsModule":{
          "InterventionList":{
            "Intervention":[
              {
                "InterventionType":"Radiation",
                "InterventionName":"radiation therapy"
              }
            ]
          }
        },
        "EligibilityModule":{
          "EligibilityCriteria":"DISEASE CHARACTERISTICS:\n\nHistologically confirmed non-Hodgkin's lymphoma\n\nDiffuse large cell lymphoma, B-cell (includes primary mediastinal B-cell lymphoma and T-cell rich B-cell lymphoma)\nPrevious indolent lymphoma (follicular center cell lymphoma, marginal zone lymphoma, including extranodal MALT lymphoma and lymphoplasmacytoid lymphoma) with transformation to diffuse large B-cell lymphoma at relapse\nPeripheral T-cell lymphoma\nAnaplastic large cell lymphoma (T cell or null cell)\nSmall non-cleaved Burkitt-like lymphoma\n\nRelapsed or refractory disease after first-line anthracycline-based chemotherapy\n\nBulky disease, nodal or extranodal\n\nClinically or radiographically measurable mass at least 5 cm in diameter OR\n\nNon-bulky disease, nodal or extranodal, excluding diffuse organ (lung, liver, kidney, or bone marrow) involvement\n\nClinically or radiographically measurable disease more than 1.5 cm in greatest transverse diameter\n\nBiopsy at relapse not required except for transformed lymphomas\n\nPatients with transformed lymphoma at diagnosis, but with indolent histology without transformation at relapse, are not eligible\nNo patients with stage IA or IIA disease at initial diagnosis who, at time of relapse or diagnosis of refractory disease prior to salvage therapy, remained in stage IA or IIA, with no new disease sites, without having received radiotherapy\n\nReceived up to 2 regimens and 4 courses of salvage chemotherapy\n\nMonoclonal antibodies (e.g., rituximab) are not considered salvage chemotherapy\nAchieved complete response (CR), unconfirmed CR, or partial response (PR) if bulky disease OR\nAchieved PR (but not CR) if non-bulky disease\nNo residual disease involving extranodal organs diffusely (e.g., liver, lung, bone, kidney, or leptomeningeal) after salvage chemotherapy\n\nPlanned autologous hematopoietic stem cell transplantation (ASCT)\n\nASCT conditioning must be with high-dose BEAM (carmustine, etoposide, cytarabine, and melphalan) chemotherapy\nNo disease progression after ASCT\nNo major organ complication or poor hematologic recovery from ASCT that would preclude initiation of study radiotherapy within 14 weeks after ASCT\nNo more than 2 non-contiguous nodal or extranodal areas of bulky/residual disease requiring more than 2 separate involved-field radiotherapy volume arrangements (e.g., field arrangement covering up to 2 involved lymph node regions or extranodal sites, with or without 1 adjacent nodal/region or extranodal site)\nNo active CNS lymphoma (parenchymal brain and/or leptomeningeal)\n\nPATIENT CHARACTERISTICS:\n\nAge:\n\n18 and over\n\nPerformance status:\n\nECOG 0-2\n\nLife expectancy:\n\nNot specified\n\nHematopoietic:\n\nNot specified\n\nHepatic:\n\nNot specified\n\nRenal:\n\nNot specified\n\nOther:\n\nNot pregnant or nursing\nFertile patients must use effective contraception\nNo other malignancy within the past 5 years except basal cell carcinoma of the skin\n\nPRIOR CONCURRENT THERAPY:\n\nBiologic therapy:\n\nSee Disease Characteristics\nNo prior radioimmunotherapy\n\nChemotherapy:\n\nSee Disease Characteristics\n\nEndocrine therapy:\n\nNot specified\n\nRadiotherapy:\n\nSee Disease Characteristics\nNo prior total body irradiation\nNo prior radiotherapy to the site of bulky disease or residual tumor\n\nSurgery:\n\nNot specified\n\nOther:\n\nNo other concurrent anti-cancer therapy unless documentation of disease progression",
          "HealthyVolunteers":"No",
          "Gender":"All",
          "MinimumAge":"18 Years",
          "MaximumAge":"120 Years",
          "StdAgeList":{
            "StdAge":[
              "Adult",
              "Older Adult"
            ]
          }
        },
        "ContactsLocationsModule":{
          "OverallOfficialList":{
            "OverallOfficial":[
              {
                "OverallOfficialName":"Richard Tsang, MD, FRCPC",
                "OverallOfficialAffiliation":"Princess Margaret Hospital, Canada",
                "OverallOfficialRole":"Study Chair"
              }
            ]
          },
          "LocationList":{
            "Location":[
              {
                "LocationFacility":"Tom Baker Cancer Center - Calgary",
                "LocationCity":"Calgary",
                "LocationState":"Alberta",
                "LocationZip":"T2N 4N2",
                "LocationCountry":"Canada"
              },{
                "LocationFacility":"Cross Cancer Institute",
                "LocationCity":"Edmonton",
                "LocationState":"Alberta",
                "LocationZip":"T6G 1Z2",
                "LocationCountry":"Canada"
              },{
                "LocationFacility":"Newfoundland Cancer Treatment and Research Foundation",
                "LocationCity":"St. Johns",
                "LocationState":"Newfoundland and Labrador",
                "LocationZip":"A1B 3V6",
                "LocationCountry":"Canada"
              },{
                "LocationFacility":"Cancer Care Ontario-Hamilton Regional Cancer Centre",
                "LocationCity":"Hamilton",
                "LocationState":"Ontario",
                "LocationZip":"L8V 5C2",
                "LocationCountry":"Canada"
              },{
                "LocationFacility":"Cancer Care Ontario-London Regional Cancer Centre",
                "LocationCity":"London",
                "LocationState":"Ontario",
                "LocationZip":"N6A 4L6",
                "LocationCountry":"Canada"
              },{
                "LocationFacility":"Toronto Sunnybrook Regional Cancer Centre",
                "LocationCity":"Toronto",
                "LocationState":"Ontario",
                "LocationZip":"M4N 3M5",
                "LocationCountry":"Canada"
              },{
                "LocationFacility":"Princess Margaret Hospital",
                "LocationCity":"Toronto",
                "LocationState":"Ontario",
                "LocationZip":"M5G 2M9",
                "LocationCountry":"Canada"
              },{
                "LocationFacility":"Maisonneuve-Rosemont Hospital",
                "LocationCity":"Montreal",
                "LocationState":"Quebec",
                "LocationZip":"H1T 2M4",
                "LocationCountry":"Canada"
              },{
                "LocationFacility":"McGill University",
                "LocationCity":"Montreal",
                "LocationState":"Quebec",
                "LocationZip":"H2W 1S6",
                "LocationCountry":"Canada"
              }
            ]
          }
        },
        "IPDSharingStatementModule":{
          "IPDSharing":"No"
        }
      },
      "DerivedSection":{
        "MiscInfoModule":{
          "VersionHolder":"April 19, 2021"
        },
        "ConditionBrowseModule":{
          "ConditionMeshList":{
            "ConditionMesh":[
              {
                "ConditionMeshId":"D000008223",
                "ConditionMeshTerm":"Lymphoma"
              },{
                "ConditionMeshId":"D000008228",
                "ConditionMeshTerm":"Lymphoma, Non-Hodgkin"
              }
            ]
          },
          "ConditionAncestorList":{
            "ConditionAncestor":[
              {
                "ConditionAncestorId":"D000009370",
                "ConditionAncestorTerm":"Neoplasms by Histologic Type"
              },{
                "ConditionAncestorId":"D000009369",
                "ConditionAncestorTerm":"Neoplasms"
              },{
                "ConditionAncestorId":"D000008232",
                "ConditionAncestorTerm":"Lymphoproliferative Disorders"
              },{
                "ConditionAncestorId":"D000008206",
                "ConditionAncestorTerm":"Lymphatic Diseases"
              },{
                "ConditionAncestorId":"D000007160",
                "ConditionAncestorTerm":"Immunoproliferative Disorders"
              },{
                "ConditionAncestorId":"D000007154",
                "ConditionAncestorTerm":"Immune System Diseases"
              }
            ]
          },
          "ConditionBrowseLeafList":{
            "ConditionBrowseLeaf":[
              {
                "ConditionBrowseLeafId":"M9528",
                "ConditionBrowseLeafName":"Leukemia",
                "ConditionBrowseLeafRelevance":"low"
              },{
                "ConditionBrowseLeafId":"M9803",
                "ConditionBrowseLeafName":"Lymphoma",
                "ConditionBrowseLeafAsFound":"Lymphoma",
                "ConditionBrowseLeafRelevance":"high"
              },{
                "ConditionBrowseLeafId":"M17414",
                "ConditionBrowseLeafName":"Lymphoma, Large B-Cell, Diffuse",
                "ConditionBrowseLeafRelevance":"low"
              },{
                "ConditionBrowseLeafId":"M16702",
                "ConditionBrowseLeafName":"Leukemia, T-Cell",
                "ConditionBrowseLeafRelevance":"low"
              },{
                "ConditionBrowseLeafId":"M16703",
                "ConditionBrowseLeafName":"Leukemia-Lymphoma, Adult T-Cell",
                "ConditionBrowseLeafRelevance":"low"
              },{
                "ConditionBrowseLeafId":"M9834",
                "ConditionBrowseLeafName":"Waldenstrom Macroglobulinemia",
                "ConditionBrowseLeafRelevance":"low"
              },{
                "ConditionBrowseLeafId":"M2305",
                "ConditionBrowseLeafName":"Aggression",
                "ConditionBrowseLeafRelevance":"low"
              },{
                "ConditionBrowseLeafId":"M18524",
                "ConditionBrowseLeafName":"Lymphoma, Large-Cell, Anaplastic",
                "ConditionBrowseLeafRelevance":"low"
              },{
                "ConditionBrowseLeafId":"M3903",
                "ConditionBrowseLeafName":"Burkitt Lymphoma",
                "ConditionBrowseLeafRelevance":"low"
              },{
                "ConditionBrowseLeafId":"M9805",
                "ConditionBrowseLeafName":"Lymphoma, Non-Hodgkin",
                "ConditionBrowseLeafAsFound":"Non-Hodgkin's Lymphoma",
                "ConditionBrowseLeafRelevance":"high"
              },{
                "ConditionBrowseLeafId":"M10898",
                "ConditionBrowseLeafName":"Neoplasms by Histologic Type",
                "ConditionBrowseLeafRelevance":"low"
              },{
                "ConditionBrowseLeafId":"M9808",
                "ConditionBrowseLeafName":"Lymphoproliferative Disorders",
                "ConditionBrowseLeafRelevance":"low"
              },{
                "ConditionBrowseLeafId":"M9786",
                "ConditionBrowseLeafName":"Lymphatic Diseases",
                "ConditionBrowseLeafRelevance":"low"
              },{
                "ConditionBrowseLeafId":"M8789",
                "ConditionBrowseLeafName":"Immunoproliferative Disorders",
                "ConditionBrowseLeafRelevance":"low"
              },{
                "ConditionBrowseLeafId":"M8783",
                "ConditionBrowseLeafName":"Immune System Diseases",
                "ConditionBrowseLeafRelevance":"low"
              },{
                "ConditionBrowseLeafId":"T3543",
                "ConditionBrowseLeafName":"Lymphosarcoma",
                "ConditionBrowseLeafAsFound":"Lymphoma",
                "ConditionBrowseLeafRelevance":"high"
              },{
                "ConditionBrowseLeafId":"T1866",
                "ConditionBrowseLeafName":"Diffuse Large B-Cell Lymphoma",
                "ConditionBrowseLeafRelevance":"low"
              },{
                "ConditionBrowseLeafId":"T3393",
                "ConditionBrowseLeafName":"Leukemia, T-cell, Chronic",
                "ConditionBrowseLeafRelevance":"low"
              },{
                "ConditionBrowseLeafId":"T224",
                "ConditionBrowseLeafName":"Adult T-cell Leukemia/lymphoma",
                "ConditionBrowseLeafRelevance":"low"
              },{
                "ConditionBrowseLeafId":"T5887",
                "ConditionBrowseLeafName":"Waldenstrom Macroglobulinemia",
                "ConditionBrowseLeafRelevance":"low"
              },{
                "ConditionBrowseLeafId":"T367",
                "ConditionBrowseLeafName":"Anaplastic Large Cell Lymphoma",
                "ConditionBrowseLeafRelevance":"low"
              },{
                "ConditionBrowseLeafId":"T892",
                "ConditionBrowseLeafName":"Burkitt Lymphoma",
                "ConditionBrowseLeafRelevance":"low"
              }
            ]
          },
          "ConditionBrowseBranchList":{
            "ConditionBrowseBranch":[
              {
                "ConditionBrowseBranchAbbrev":"BC04",
                "ConditionBrowseBranchName":"Cancers and Other Neoplasms"
              },{
                "ConditionBrowseBranchAbbrev":"All",
                "ConditionBrowseBranchName":"All Conditions"
              },{
                "ConditionBrowseBranchAbbrev":"BC15",
                "ConditionBrowseBranchName":"Blood and Lymph Conditions"
              },{
                "ConditionBrowseBranchAbbrev":"BC20",
                "ConditionBrowseBranchName":"Immune System Diseases"
              },{
                "ConditionBrowseBranchAbbrev":"BC14",
                "ConditionBrowseBranchName":"Heart and Blood Diseases"
              },{
                "ConditionBrowseBranchAbbrev":"BXM",
                "ConditionBrowseBranchName":"Behaviors and Mental Disorders"
              },{
                "ConditionBrowseBranchAbbrev":"BC02",
                "ConditionBrowseBranchName":"Viral Diseases"
              },{
                "ConditionBrowseBranchAbbrev":"Rare",
                "ConditionBrowseBranchName":"Rare Diseases"
              }
            ]
          }
        }
      }
    }
  }
}

