{
  "FullStudy":{
    "Rank":366863,
    "Study":{
      "ProtocolSection":{
        "IdentificationModule":{
          "NCTId":"NCT00039156",
          "OrgStudyIdInfo":{
            "OrgStudyId":"CDR0000069358"
          },
          "SecondaryIdInfoList":{
            "SecondaryIdInfo":[
              {
                "SecondaryId":"THERADEX-100389"
              },{
                "SecondaryId":"BAYER-100389"
              },{
                "SecondaryId":"SUNY-HSC-4553"
              }
            ]
          },
          "Organization":{
            "OrgFullName":"National Cancer Institute (NCI)",
            "OrgClass":"NIH"
          },
          "BriefTitle":"BAY 59-8862 in Treating Patients With Refractory Non-Hodgkin's Lymphoma",
          "OfficialTitle":"An Open Phase II Multi-Center Trial of BAY 59-8862 in Patients With Aggressive Refractory Non-Hodgkin's Lymphoma"
        },
        "StatusModule":{
          "StatusVerifiedDate":"January 2004",
          "OverallStatus":"Unknown status",
          "LastKnownStatus":"Active, not recruiting",
          "ExpandedAccessInfo":{
            "HasExpandedAccess":"No"
          },
          "StartDateStruct":{
            "StartDate":"January 2002"
          },
          "StudyFirstSubmitDate":"June 6, 2002",
          "StudyFirstSubmitQCDate":"January 26, 2003",
          "StudyFirstPostDateStruct":{
            "StudyFirstPostDate":"January 27, 2003",
            "StudyFirstPostDateType":"Estimate"
          },
          "LastUpdateSubmitDate":"July 23, 2008",
          "LastUpdatePostDateStruct":{
            "LastUpdatePostDate":"July 24, 2008",
            "LastUpdatePostDateType":"Estimate"
          }
        },
        "SponsorCollaboratorsModule":{
          "LeadSponsor":{
            "LeadSponsorName":"Theradex",
            "LeadSponsorClass":"INDUSTRY"
          }
        },
        "DescriptionModule":{
          "BriefSummary":"RATIONALE: Drugs used in chemotherapy use different ways to stop cancer cells from dividing so they stop growing or die.\n\nPURPOSE: Phase II trial to study the effectiveness of BAY 59-8862 in treating patients who have refractory non-Hodgkin's lymphoma.",
          "DetailedDescription":"OBJECTIVES:\n\nDetermine the overall tumor response rate, including complete response (CR) and partial response (PR) rate, in patients with aggressive refractory non-Hodgkin's lymphoma treated with BAY 59-8862.\nDetermine the overall survival in patients treated with this drug.\nDetermine the time to progression in patients treated with this drug.\nDetermine the duration of response (CR and PR) in patients treated with this drug.\nDetermine the qualitative and quantitative toxicity profile of this drug in this patient population.\nDetermine the pharmacokinetic profile of this drug in selected patients.\n\nOUTLINE: This is a multicenter, open-label study.\n\nPatients receive BAY 59-8862 IV over 1 hour on day 1. Courses repeat every 3 weeks in the absence of disease progression or unacceptable toxicity.\n\nPatients are followed every 3 months until disease progression and then every 6 months thereafter for up to 2 years.\n\nPROJECTED ACCRUAL: A total of 20-140 patients will be accrued for this study."
        },
        "ConditionsModule":{
          "ConditionList":{
            "Condition":[
              "Lymphoma"
            ]
          },
          "KeywordList":{
            "Keyword":[
              "recurrent grade 3 follicular lymphoma",
              "recurrent adult diffuse mixed cell lymphoma",
              "recurrent adult diffuse large cell lymphoma",
              "recurrent adult immunoblastic large cell lymphoma",
              "recurrent adult lymphoblastic lymphoma",
              "recurrent adult Burkitt lymphoma",
              "recurrent mantle cell lymphoma"
            ]
          }
        },
        "DesignModule":{
          "StudyType":"Interventional",
          "PhaseList":{
            "Phase":[
              "Phase 2"
            ]
          },
          "DesignInfo":{
            "DesignPrimaryPurpose":"Treatment",
            "DesignMaskingInfo":{
              "DesignMasking":"None (Open Label)"
            }
          }
        },
        "ArmsInterventionsModule":{
          "InterventionList":{
            "Intervention":[
              {
                "InterventionType":"Drug",
                "InterventionName":"ortataxel"
              }
            ]
          }
        },
        "EligibilityModule":{
          "EligibilityCriteria":"DISEASE CHARACTERISTICS:\n\nHistologically confirmed aggressive refractory non-Hodgkin's lymphoma (NHL) of one of the following classifications, and for which chemotherapy is deemed appropriate:\n\nDiffuse large B-cell lymphoma\nTransformed NHL\nFollicular large cell lymphoma\nPeripheral T cell lymphoma\nAnaplastic large cell lymphoma\nMantle cell lymphoma\nUnclassified aggressive histology\nImmunoblastic lymphoma\nFailed at least 1 prior therapy (primary resistant) OR\nPreviously achieved a remission and then progressed or relapsed within 6 months of therapy\n\nAt least 1 bidimensionally measurable lesion\n\nLesions within a previously irradiated field are not considered measurable\nNo relapse within 6 months after prior autologous bone marrow transplantation\nNo prior allogeneic bone marrow or stem cell transplantation or post-transplant lymphoproliferative disorder\nNo parenchymal or meningeal CNS involvement unless the patient received prior definitive therapy more than 6 months ago, has had a negative imaging study within the past 4 weeks, and is clinically stable with respect to the tumor at study entry\n\nPATIENT CHARACTERISTICS:\n\nAge:\n\n18 and over\n\nPerformance status:\n\nECOG 0-2\n\nLife expectancy:\n\nAt least 12 weeks\n\nHematopoietic:\n\nAbsolute neutrophil count at least 1,500/mm^3\nPlatelet count at least 75,000/mm^3\nHemoglobin at least 9.0 g/dL\n\nHepatic:\n\nTotal bilirubin no greater than 1.5 times upper limit of normal (ULN)\nALT and AST no greater than 2.0 times ULN (5.0 times ULN if hepatic involvement)\nPT, INR, and PTT less than 1.5 times ULN\nNo chronic hepatitis B or C\n\nRenal:\n\nCreatinine no greater than 1.5 times ULN\n\nCardiovascular:\n\nNo clinically evident congestive heart failure\nNo New York Heart Association class III or IV heart disease\nNo serious cardiac arrhythmias\nNo active coronary artery disease or ischemia\n\nOther:\n\nNo prior hypersensitivity to taxane compounds\nNo known or suspected allergy to the investigational study agent or any agent given in association with this study\nNo other prior or concurrent malignancy except basal cell skin cancer or curatively treated carcinoma in situ of the bladder or cervix (adequately cone biopsied)\nNo substance abuse or medical, psychological, or social conditions that would preclude study participation\nNo active clinically serious infections\nNo other condition that is unstable or would preclude study participation\nNo grade 2 or greater pre-existing peripheral neuropathy\n\nNo history of seizure disorder\n\nPrior seizures related to brain metastases allowed provided that the patient has been seizure-free for at least 2 months\nHIV negative\nNot pregnant or nursing\nNegative pregnancy test\nFertile patients must use effective barrier contraception\n\nPRIOR CONCURRENT THERAPY:\n\nBiologic therapy:\n\nSee Disease Characteristics\nSee Chemotherapy\nAt least 4 weeks since prior anticancer immunotherapy\nAt least 3 weeks since prior biologic response modifiers (e.g., filgrastim [G-CSF])\nNo concurrent anticancer immunotherapy\nNo concurrent prophylactic G-CSF\nConcurrent G-CSF or other hematopoietic growth factors for acute toxicity (e.g., febrile neutropenia) allowed\nConcurrent chronic epoetin alfa allowed provided no dose adjustment occurred within 2 months prior to study\n\nChemotherapy:\n\nSee Disease Characteristics\nAt least 4 weeks since prior anticancer chemotherapy\n\nNo more than 3 prior systemic chemotherapy regimens for metastatic NHL:\n\nHigh-dose therapy for autologous hematopoietic stem cell transplantation (SCT) is considered 1 prior regimen\nSalvage chemotherapy followed by autologous bone marrow transplant or peripheral SCT is considered 1 prior regimen\nAntibody treatment is not considered 1 prior regimen\nNo prior taxanes or oxaliplatin\nNo other concurrent anticancer chemotherapy\n\nEndocrine therapy:\n\nPatients with prior parenchymal or meningeal CNS involvement:\n\nNo concurrent acute or tapered steroid therapy\nConcurrent chronic steroid therapy allowed provided the dose is stable for 1 month before and after screening radiographic studies\n\nRadiotherapy:\n\nSee Disease Characteristics\nAt least 4 weeks since prior radiotherapy\n\nConcurrent palliative radiotherapy allowed provided:\n\nNo progressive disease\nNo more than 10% of bone marrow is irradiated\nRadiation field does not encompass a target lesion\nNo other concurrent radiotherapy\n\nSurgery:\n\nAt least 4 weeks since prior major surgery\n\nOther:\n\nAt least 4 weeks since prior investigational drugs\nNo other concurrent investigational therapy or approved anticancer therapy\nNo concurrent illicit drugs or other substances that would preclude study\nConcurrent therapeutic anticoagulants (e.g., warfarin or heparin) allowed provided there is no prior evidence of underlying abnormality with PT, INR, or PTT\nConcurrent nonconventional therapies (e.g., herbs or acupuncture) or vitamin/mineral supplements allowed provided that they do not interfere with study endpoints\nConcurrent bisphosphonates for prophylaxis or bone metastases allowed",
          "HealthyVolunteers":"No",
          "Gender":"All",
          "MinimumAge":"18 Years",
          "StdAgeList":{
            "StdAge":[
              "Adult",
              "Older Adult"
            ]
          }
        },
        "ContactsLocationsModule":{
          "OverallOfficialList":{
            "OverallOfficial":[
              {
                "OverallOfficialName":"Rasim Ahmet Gucalp, MD",
                "OverallOfficialAffiliation":"Montefiore Medical Center",
                "OverallOfficialRole":"Study Chair"
              }
            ]
          },
          "LocationList":{
            "Location":[
              {
                "LocationFacility":"Mount Sinai Comprehensive Cancer Center",
                "LocationCity":"Miami Beach",
                "LocationState":"Florida",
                "LocationZip":"33140",
                "LocationCountry":"United States"
              },{
                "LocationFacility":"University of Chicago Cancer Research Center",
                "LocationCity":"Chicago",
                "LocationState":"Illinois",
                "LocationZip":"60637-1470",
                "LocationCountry":"United States"
              },{
                "LocationFacility":"Veterans Affairs Medical Center - Shreveport",
                "LocationCity":"Shreveport",
                "LocationState":"Louisiana",
                "LocationZip":"71101",
                "LocationCountry":"United States"
              },{
                "LocationFacility":"Louisiana State University Health Sciences Center - Shreveport",
                "LocationCity":"Shreveport",
                "LocationState":"Louisiana",
                "LocationZip":"71130-3932",
                "LocationCountry":"United States"
              },{
                "LocationFacility":"Cancer Institute of New Jersey",
                "LocationCity":"New Brunswick",
                "LocationState":"New Jersey",
                "LocationZip":"08903",
                "LocationCountry":"United States"
              },{
                "LocationFacility":"Albert Einstein Clinical Cancer Center",
                "LocationCity":"Bronx",
                "LocationState":"New York",
                "LocationZip":"10461",
                "LocationCountry":"United States"
              },{
                "LocationFacility":"HemOnCare, P.C.",
                "LocationCity":"Brooklyn",
                "LocationState":"New York",
                "LocationZip":"11235",
                "LocationCountry":"United States"
              },{
                "LocationFacility":"North Shore University Hospital",
                "LocationCity":"Manhasset",
                "LocationState":"New York",
                "LocationZip":"11030",
                "LocationCountry":"United States"
              },{
                "LocationFacility":"State University of New York - Upstate Medical University",
                "LocationCity":"Syracuse",
                "LocationState":"New York",
                "LocationZip":"13210",
                "LocationCountry":"United States"
              },{
                "LocationFacility":"New York Medical College",
                "LocationCity":"Valhalla",
                "LocationState":"New York",
                "LocationZip":"10595",
                "LocationCountry":"United States"
              },{
                "LocationFacility":"West Clinic",
                "LocationCity":"Memphis",
                "LocationState":"Tennessee",
                "LocationZip":"38120",
                "LocationCountry":"United States"
              },{
                "LocationFacility":"Seattle Cancer Care Alliance",
                "LocationCity":"Seattle",
                "LocationState":"Washington",
                "LocationZip":"98109",
                "LocationCountry":"United States"
              },{
                "LocationFacility":"Medical College of Wisconsin",
                "LocationCity":"Milwaukee",
                "LocationState":"Wisconsin",
                "LocationZip":"53226-3596",
                "LocationCountry":"United States"
              },{
                "LocationFacility":"Cross Cancer Institute",
                "LocationCity":"Edmonton",
                "LocationState":"Alberta",
                "LocationZip":"T6G 1Z2",
                "LocationCountry":"Canada"
              },{
                "LocationFacility":"St. Paul's Hospital - Vancouver",
                "LocationCity":"Vancouver",
                "LocationState":"British Columbia",
                "LocationZip":"V6Z 1Y6",
                "LocationCountry":"Canada"
              }
            ]
          }
        }
      },
      "DerivedSection":{
        "MiscInfoModule":{
          "VersionHolder":"April 19, 2021"
        },
        "ConditionBrowseModule":{
          "ConditionMeshList":{
            "ConditionMesh":[
              {
                "ConditionMeshId":"D000008223",
                "ConditionMeshTerm":"Lymphoma"
              },{
                "ConditionMeshId":"D000008228",
                "ConditionMeshTerm":"Lymphoma, Non-Hodgkin"
              }
            ]
          },
          "ConditionAncestorList":{
            "ConditionAncestor":[
              {
                "ConditionAncestorId":"D000009370",
                "ConditionAncestorTerm":"Neoplasms by Histologic Type"
              },{
                "ConditionAncestorId":"D000009369",
                "ConditionAncestorTerm":"Neoplasms"
              },{
                "ConditionAncestorId":"D000008232",
                "ConditionAncestorTerm":"Lymphoproliferative Disorders"
              },{
                "ConditionAncestorId":"D000008206",
                "ConditionAncestorTerm":"Lymphatic Diseases"
              },{
                "ConditionAncestorId":"D000007160",
                "ConditionAncestorTerm":"Immunoproliferative Disorders"
              },{
                "ConditionAncestorId":"D000007154",
                "ConditionAncestorTerm":"Immune System Diseases"
              }
            ]
          },
          "ConditionBrowseLeafList":{
            "ConditionBrowseLeaf":[
              {
                "ConditionBrowseLeafId":"M9803",
                "ConditionBrowseLeafName":"Lymphoma",
                "ConditionBrowseLeafAsFound":"Lymphoma",
                "ConditionBrowseLeafRelevance":"high"
              },{
                "ConditionBrowseLeafId":"M20891",
                "ConditionBrowseLeafName":"Lymphoma, Mantle-Cell",
                "ConditionBrowseLeafRelevance":"low"
              },{
                "ConditionBrowseLeafId":"M17414",
                "ConditionBrowseLeafName":"Lymphoma, Large B-Cell, Diffuse",
                "ConditionBrowseLeafRelevance":"low"
              },{
                "ConditionBrowseLeafId":"M9804",
                "ConditionBrowseLeafName":"Lymphoma, Follicular",
                "ConditionBrowseLeafRelevance":"low"
              },{
                "ConditionBrowseLeafId":"M26172",
                "ConditionBrowseLeafName":"Precursor Cell Lymphoblastic Leukemia-Lymphoma",
                "ConditionBrowseLeafRelevance":"low"
              },{
                "ConditionBrowseLeafId":"M2305",
                "ConditionBrowseLeafName":"Aggression",
                "ConditionBrowseLeafRelevance":"low"
              },{
                "ConditionBrowseLeafId":"M3903",
                "ConditionBrowseLeafName":"Burkitt Lymphoma",
                "ConditionBrowseLeafRelevance":"low"
              },{
                "ConditionBrowseLeafId":"M381",
                "ConditionBrowseLeafName":"Plasmablastic Lymphoma",
                "ConditionBrowseLeafRelevance":"low"
              },{
                "ConditionBrowseLeafId":"M17413",
                "ConditionBrowseLeafName":"Lymphoma, Large-Cell, Immunoblastic",
                "ConditionBrowseLeafRelevance":"low"
              },{
                "ConditionBrowseLeafId":"M9805",
                "ConditionBrowseLeafName":"Lymphoma, Non-Hodgkin",
                "ConditionBrowseLeafAsFound":"Non-Hodgkin's Lymphoma",
                "ConditionBrowseLeafRelevance":"high"
              },{
                "ConditionBrowseLeafId":"M10898",
                "ConditionBrowseLeafName":"Neoplasms by Histologic Type",
                "ConditionBrowseLeafRelevance":"low"
              },{
                "ConditionBrowseLeafId":"M9808",
                "ConditionBrowseLeafName":"Lymphoproliferative Disorders",
                "ConditionBrowseLeafRelevance":"low"
              },{
                "ConditionBrowseLeafId":"M9786",
                "ConditionBrowseLeafName":"Lymphatic Diseases",
                "ConditionBrowseLeafRelevance":"low"
              },{
                "ConditionBrowseLeafId":"M8789",
                "ConditionBrowseLeafName":"Immunoproliferative Disorders",
                "ConditionBrowseLeafRelevance":"low"
              },{
                "ConditionBrowseLeafId":"M8783",
                "ConditionBrowseLeafName":"Immune System Diseases",
                "ConditionBrowseLeafRelevance":"low"
              },{
                "ConditionBrowseLeafId":"T3543",
                "ConditionBrowseLeafName":"Lymphosarcoma",
                "ConditionBrowseLeafAsFound":"Lymphoma",
                "ConditionBrowseLeafRelevance":"high"
              },{
                "ConditionBrowseLeafId":"T3601",
                "ConditionBrowseLeafName":"Mantle Cell Lymphoma",
                "ConditionBrowseLeafRelevance":"low"
              },{
                "ConditionBrowseLeafId":"T1866",
                "ConditionBrowseLeafName":"Diffuse Large B-Cell Lymphoma",
                "ConditionBrowseLeafRelevance":"low"
              },{
                "ConditionBrowseLeafId":"T2361",
                "ConditionBrowseLeafName":"Follicular Lymphoma",
                "ConditionBrowseLeafRelevance":"low"
              },{
                "ConditionBrowseLeafId":"T175",
                "ConditionBrowseLeafName":"Acute Lymphoblastic Leukemia",
                "ConditionBrowseLeafRelevance":"low"
              },{
                "ConditionBrowseLeafId":"T3533",
                "ConditionBrowseLeafName":"Lymphoblastic Lymphoma",
                "ConditionBrowseLeafRelevance":"low"
              },{
                "ConditionBrowseLeafId":"T892",
                "ConditionBrowseLeafName":"Burkitt Lymphoma",
                "ConditionBrowseLeafRelevance":"low"
              },{
                "ConditionBrowseLeafId":"T4586",
                "ConditionBrowseLeafName":"Plasmablastic Lymphoma",
                "ConditionBrowseLeafRelevance":"low"
              },{
                "ConditionBrowseLeafId":"T3539",
                "ConditionBrowseLeafName":"Lymphoma, Large-cell, Immunoblastic",
                "ConditionBrowseLeafRelevance":"low"
              }
            ]
          },
          "ConditionBrowseBranchList":{
            "ConditionBrowseBranch":[
              {
                "ConditionBrowseBranchAbbrev":"BC04",
                "ConditionBrowseBranchName":"Cancers and Other Neoplasms"
              },{
                "ConditionBrowseBranchAbbrev":"BC15",
                "ConditionBrowseBranchName":"Blood and Lymph Conditions"
              },{
                "ConditionBrowseBranchAbbrev":"BC20",
                "ConditionBrowseBranchName":"Immune System Diseases"
              },{
                "ConditionBrowseBranchAbbrev":"All",
                "ConditionBrowseBranchName":"All Conditions"
              },{
                "ConditionBrowseBranchAbbrev":"BXM",
                "ConditionBrowseBranchName":"Behaviors and Mental Disorders"
              },{
                "ConditionBrowseBranchAbbrev":"BC02",
                "ConditionBrowseBranchName":"Viral Diseases"
              },{
                "ConditionBrowseBranchAbbrev":"Rare",
                "ConditionBrowseBranchName":"Rare Diseases"
              }
            ]
          }
        },
        "InterventionBrowseModule":{
          "InterventionMeshList":{
            "InterventionMesh":[
              {
                "InterventionMeshId":"C000404743",
                "InterventionMeshTerm":"IDN 5109"
              }
            ]
          },
          "InterventionAncestorList":{
            "InterventionAncestor":[
              {
                "InterventionAncestorId":"D000000970",
                "InterventionAncestorTerm":"Antineoplastic Agents"
              }
            ]
          },
          "InterventionBrowseLeafList":{
            "InterventionBrowseLeaf":[
              {
                "InterventionBrowseLeafId":"M271691",
                "InterventionBrowseLeafName":"IDN 5109",
                "InterventionBrowseLeafAsFound":"Apheresis procedure",
                "InterventionBrowseLeafRelevance":"high"
              }
            ]
          },
          "InterventionBrowseBranchList":{
            "InterventionBrowseBranch":[
              {
                "InterventionBrowseBranchAbbrev":"ANeo",
                "InterventionBrowseBranchName":"Antineoplastic Agents"
              },{
                "InterventionBrowseBranchAbbrev":"All",
                "InterventionBrowseBranchName":"All Drugs and Chemicals"
              }
            ]
          }
        }
      }
    }
  }
}

