{
  "FullStudy":{
    "Rank":367184,
    "Study":{
      "ProtocolSection":{
        "IdentificationModule":{
          "NCTId":"NCT00034762",
          "OrgStudyIdInfo":{
            "OrgStudyId":"CR002764"
          },
          "Organization":{
            "OrgFullName":"Johnson & Johnson Pharmaceutical Research & Development, L.L.C.",
            "OrgClass":"INDUSTRY"
          },
          "BriefTitle":"Efficacy and Safety of Risperidone Compared With Placebo in the Treatment of Psychotic Symptoms in Patients With Alzheimer's Disease",
          "OfficialTitle":"Efficacy And Safety Of A Flexible Dose Of Risperidone Versus Placebo In The Treatment Of Psychosis Of Alzheimer's Disease."
        },
        "StatusModule":{
          "StatusVerifiedDate":"January 2011",
          "OverallStatus":"Completed",
          "StartDateStruct":{
            "StartDate":"December 2000"
          },
          "CompletionDateStruct":{
            "CompletionDate":"January 2003",
            "CompletionDateType":"Actual"
          },
          "StudyFirstSubmitDate":"May 2, 2002",
          "StudyFirstSubmitQCDate":"May 2, 2002",
          "StudyFirstPostDateStruct":{
            "StudyFirstPostDate":"May 3, 2002",
            "StudyFirstPostDateType":"Estimate"
          },
          "LastUpdateSubmitDate":"January 31, 2011",
          "LastUpdatePostDateStruct":{
            "LastUpdatePostDate":"February 1, 2011",
            "LastUpdatePostDateType":"Estimate"
          }
        },
        "SponsorCollaboratorsModule":{
          "LeadSponsor":{
            "LeadSponsorName":"Johnson & Johnson Pharmaceutical Research & Development, L.L.C.",
            "LeadSponsorClass":"INDUSTRY"
          }
        },
        "OversightModule":{},
        "DescriptionModule":{
          "BriefSummary":"The purpose of this study is to evaluate the efficacy and safety of risperidone compared with placebo in the treatment of psychotic symptoms in patients with Alzheimer's disease",
          "DetailedDescription":"Dementia is frequently observed in the elderly, often associated with psychotic symptoms such as delusion or hallucinations, or with behavioral disturbances such as aggressive behavior, wandering, and aimless behavior induced by the psychotic symptoms. This is a double-blind, placebo-controlled study of the effectiveness and safety of risperidone (taken twice daily over 8 weeks) in the treatment of psychotic symptoms in patients with Alzheimer's disease. Assessments of effectiveness include: Behavioral Pathology in Alzheimer's Disease (BEHAVE-AD), a scale used for global assessment of symptoms associated with dementia; the Psychosis Cluster Scale of BEHAVE-AD, a subscale that assesses paranoid and delusional ideation as well as hallucination; and Clinical Global Impression-Change (CGI-C), a measure of an improved or aggravated condition. Safety evaluations include the incidence of adverse events throughout the study; physical examinations, electrocardiograms (ECGs), laboratory tests (hematology, biochemistry, urinalysis), and assessment of extrapyramidal symptoms at specified intervals. The study hypothesis is that treatment with risperidone shows greater improvement in psychotic symptoms, as measured by the BEHAVE-AD psychotic cluster score, in patients with Alzheimer's disease, as compared to placebo. In addition, it is hypothesized that risperidone is well tolerated. Risperidone tablets (0.25 mg or 0.50 mg) or placebo tablets taken orally twice daily. Total daily dosage of 0.5mg on Day 1, 1.0mg on Days 3-5, and 1.5mg (maximum dose) on Days 5-13. Optimum dose maintained during Weeks 3-8 of treatment.Dose may be increased or decreased at investigator's discretion."
        },
        "ConditionsModule":{
          "ConditionList":{
            "Condition":[
              "Dementia",
              "Alzheimer Disease",
              "Mental Disorders"
            ]
          },
          "KeywordList":{
            "Keyword":[
              "Alzheimer's disease",
              "psychosis",
              "elderly",
              "dementia",
              "risperidone",
              "antipsychotic agents"
            ]
          }
        },
        "DesignModule":{
          "StudyType":"Interventional",
          "PhaseList":{
            "Phase":[
              "Phase 3"
            ]
          },
          "DesignInfo":{
            "DesignAllocation":"Randomized",
            "DesignInterventionModel":"Parallel Assignment",
            "DesignPrimaryPurpose":"Treatment",
            "DesignMaskingInfo":{
              "DesignMasking":"Double"
            }
          },
          "EnrollmentInfo":{
            "EnrollmentCount":"473",
            "EnrollmentType":"Actual"
          }
        },
        "ArmsInterventionsModule":{
          "InterventionList":{
            "Intervention":[
              {
                "InterventionType":"Drug",
                "InterventionName":"risperidone"
              }
            ]
          }
        },
        "OutcomesModule":{
          "PrimaryOutcomeList":{
            "PrimaryOutcome":[
              {
                "PrimaryOutcomeMeasure":"Change from baseline to end of treatment (Week 8) in Psychosis Cluster Score of Pathology from the Behavioral Pathology in Alzheimer's Disease (BEHAVE-AD) Rating Scale and Clinical Global Impression (CGI)."
              }
            ]
          },
          "SecondaryOutcomeList":{
            "SecondaryOutcome":[
              {
                "SecondaryOutcomeMeasure":"Change in BEHAVE-AD total score and subscales (other than Psychosis Cluster subscale) from baseline; improvement in CGI scores during treatment; incidence of adverse events throughout study."
              }
            ]
          }
        },
        "EligibilityModule":{
          "EligibilityCriteria":"Inclusion Criteria:\n\nA diagnosis of dementia of the Alzheimer's type with or without a vascular component, a score of 2 or more on any item of the BEHAVE-AD psychosis subscale at screening, and a Mini-Mental State Examination (MMSE) score of 5 to 23\nResidents of nursing homes or long-term care facilities and deemed in need of treatment with an atypical antipsychotic medication.\n\nExclusion Criteria:\n\nDisease that could significantly diminish cognitive function\nhistory of neuroleptic malignant syndrome\nhypersensitivity to risperidone.",
          "HealthyVolunteers":"No",
          "Gender":"All",
          "MinimumAge":"55 Years",
          "StdAgeList":{
            "StdAge":[
              "Adult",
              "Older Adult"
            ]
          }
        },
        "ContactsLocationsModule":{
          "OverallOfficialList":{
            "OverallOfficial":[
              {
                "OverallOfficialName":"Johnson & Johnson Pharmaceutical Research & Development, L.L. C. Clinical Trial",
                "OverallOfficialAffiliation":"Johnson & Johnson Pharmaceutical Research & Development, L.L.C.",
                "OverallOfficialRole":"Study Director"
              }
            ]
          }
        },
        "ReferencesModule":{
          "ReferenceList":{
            "Reference":[
              {
                "ReferencePMID":"16505133",
                "ReferenceType":"result",
                "ReferenceCitation":"Mintzer J, Greenspan A, Caers I, Van Hove I, Kushner S, Weiner M, Gharabawi G, Schneider LS. Risperidone in the treatment of psychosis of Alzheimer disease: results from a prospective clinical trial. Am J Geriatr Psychiatry. 2006 Mar;14(3):280-91."
              }
            ]
          }
        }
      },
      "DerivedSection":{
        "MiscInfoModule":{
          "VersionHolder":"April 19, 2021",
          "RemovedCountryList":{
            "RemovedCountry":[
              "United States"
            ]
          }
        },
        "ConditionBrowseModule":{
          "ConditionMeshList":{
            "ConditionMesh":[
              {
                "ConditionMeshId":"D000000544",
                "ConditionMeshTerm":"Alzheimer Disease"
              },{
                "ConditionMeshId":"D000003704",
                "ConditionMeshTerm":"Dementia"
              },{
                "ConditionMeshId":"D000001523",
                "ConditionMeshTerm":"Mental Disorders"
              }
            ]
          },
          "ConditionAncestorList":{
            "ConditionAncestor":[
              {
                "ConditionAncestorId":"D000001927",
                "ConditionAncestorTerm":"Brain Diseases"
              },{
                "ConditionAncestorId":"D000002493",
                "ConditionAncestorTerm":"Central Nervous System Diseases"
              },{
                "ConditionAncestorId":"D000009422",
                "ConditionAncestorTerm":"Nervous System Diseases"
              },{
                "ConditionAncestorId":"D000024801",
                "ConditionAncestorTerm":"Tauopathies"
              },{
                "ConditionAncestorId":"D000019636",
                "ConditionAncestorTerm":"Neurodegenerative Diseases"
              },{
                "ConditionAncestorId":"D000019965",
                "ConditionAncestorTerm":"Neurocognitive Disorders"
              }
            ]
          },
          "ConditionBrowseLeafList":{
            "ConditionBrowseLeaf":[
              {
                "ConditionBrowseLeafId":"M5487",
                "ConditionBrowseLeafName":"Dementia",
                "ConditionBrowseLeafAsFound":"Dementia",
                "ConditionBrowseLeafRelevance":"high"
              },{
                "ConditionBrowseLeafId":"M2466",
                "ConditionBrowseLeafName":"Alzheimer Disease",
                "ConditionBrowseLeafAsFound":"Alzheimer's Disease",
                "ConditionBrowseLeafRelevance":"high"
              },{
                "ConditionBrowseLeafId":"M3396",
                "ConditionBrowseLeafName":"Mental Disorders",
                "ConditionBrowseLeafAsFound":"Mental Disorders",
                "ConditionBrowseLeafRelevance":"high"
              },{
                "ConditionBrowseLeafId":"M13056",
                "ConditionBrowseLeafName":"Psychotic Disorders",
                "ConditionBrowseLeafRelevance":"low"
              },{
                "ConditionBrowseLeafId":"M3786",
                "ConditionBrowseLeafName":"Brain Diseases",
                "ConditionBrowseLeafRelevance":"low"
              },{
                "ConditionBrowseLeafId":"M4325",
                "ConditionBrowseLeafName":"Central Nervous System Diseases",
                "ConditionBrowseLeafRelevance":"low"
              },{
                "ConditionBrowseLeafId":"M21586",
                "ConditionBrowseLeafName":"Tauopathies",
                "ConditionBrowseLeafRelevance":"low"
              },{
                "ConditionBrowseLeafId":"M20142",
                "ConditionBrowseLeafName":"Neurodegenerative Diseases",
                "ConditionBrowseLeafRelevance":"low"
              },{
                "ConditionBrowseLeafId":"M20420",
                "ConditionBrowseLeafName":"Neurocognitive Disorders",
                "ConditionBrowseLeafRelevance":"low"
              },{
                "ConditionBrowseLeafId":"T2192",
                "ConditionBrowseLeafName":"Familial Alzheimer Disease",
                "ConditionBrowseLeafAsFound":"Alzheimer's Disease",
                "ConditionBrowseLeafRelevance":"high"
              }
            ]
          },
          "ConditionBrowseBranchList":{
            "ConditionBrowseBranch":[
              {
                "ConditionBrowseBranchAbbrev":"BC10",
                "ConditionBrowseBranchName":"Nervous System Diseases"
              },{
                "ConditionBrowseBranchAbbrev":"BXM",
                "ConditionBrowseBranchName":"Behaviors and Mental Disorders"
              },{
                "ConditionBrowseBranchAbbrev":"All",
                "ConditionBrowseBranchName":"All Conditions"
              },{
                "ConditionBrowseBranchAbbrev":"Rare",
                "ConditionBrowseBranchName":"Rare Diseases"
              }
            ]
          }
        },
        "InterventionBrowseModule":{
          "InterventionMeshList":{
            "InterventionMesh":[
              {
                "InterventionMeshId":"D000018967",
                "InterventionMeshTerm":"Risperidone"
              }
            ]
          },
          "InterventionAncestorList":{
            "InterventionAncestor":[
              {
                "InterventionAncestorId":"D000012702",
                "InterventionAncestorTerm":"Serotonin Antagonists"
              },{
                "InterventionAncestorId":"D000018490",
                "InterventionAncestorTerm":"Serotonin Agents"
              },{
                "InterventionAncestorId":"D000018377",
                "InterventionAncestorTerm":"Neurotransmitter Agents"
              },{
                "InterventionAncestorId":"D000045504",
                "InterventionAncestorTerm":"Molecular Mechanisms of Pharmacological Action"
              },{
                "InterventionAncestorId":"D000045505",
                "InterventionAncestorTerm":"Physiological Effects of Drugs"
              },{
                "InterventionAncestorId":"D000014150",
                "InterventionAncestorTerm":"Antipsychotic Agents"
              },{
                "InterventionAncestorId":"D000014149",
                "InterventionAncestorTerm":"Tranquilizing Agents"
              },{
                "InterventionAncestorId":"D000002492",
                "InterventionAncestorTerm":"Central Nervous System Depressants"
              },{
                "InterventionAncestorId":"D000011619",
                "InterventionAncestorTerm":"Psychotropic Drugs"
              },{
                "InterventionAncestorId":"D000018492",
                "InterventionAncestorTerm":"Dopamine Antagonists"
              },{
                "InterventionAncestorId":"D000015259",
                "InterventionAncestorTerm":"Dopamine Agents"
              }
            ]
          },
          "InterventionBrowseLeafList":{
            "InterventionBrowseLeaf":[
              {
                "InterventionBrowseLeafId":"M19583",
                "InterventionBrowseLeafName":"Risperidone",
                "InterventionBrowseLeafAsFound":"Capecitabine",
                "InterventionBrowseLeafRelevance":"high"
              },{
                "InterventionBrowseLeafId":"M15487",
                "InterventionBrowseLeafName":"Antipsychotic Agents",
                "InterventionBrowseLeafRelevance":"low"
              },{
                "InterventionBrowseLeafId":"M14095",
                "InterventionBrowseLeafName":"Serotonin",
                "InterventionBrowseLeafRelevance":"low"
              },{
                "InterventionBrowseLeafId":"M19088",
                "InterventionBrowseLeafName":"Neurotransmitter Agents",
                "InterventionBrowseLeafRelevance":"low"
              },{
                "InterventionBrowseLeafId":"M13057",
                "InterventionBrowseLeafName":"Psychotropic Drugs",
                "InterventionBrowseLeafRelevance":"low"
              },{
                "InterventionBrowseLeafId":"M6056",
                "InterventionBrowseLeafName":"Dopamine",
                "InterventionBrowseLeafRelevance":"low"
              },{
                "InterventionBrowseLeafId":"M19180",
                "InterventionBrowseLeafName":"Dopamine Antagonists",
                "InterventionBrowseLeafRelevance":"low"
              },{
                "InterventionBrowseLeafId":"M16545",
                "InterventionBrowseLeafName":"Dopamine Agents",
                "InterventionBrowseLeafRelevance":"low"
              }
            ]
          },
          "InterventionBrowseBranchList":{
            "InterventionBrowseBranch":[
              {
                "InterventionBrowseBranchAbbrev":"CNSDep",
                "InterventionBrowseBranchName":"Central Nervous System Depressants"
              },{
                "InterventionBrowseBranchAbbrev":"PsychDr",
                "InterventionBrowseBranchName":"Psychotropic Drugs"
              },{
                "InterventionBrowseBranchAbbrev":"All",
                "InterventionBrowseBranchName":"All Drugs and Chemicals"
              },{
                "InterventionBrowseBranchAbbrev":"CaAg",
                "InterventionBrowseBranchName":"Cardiotonic Agents"
              }
            ]
          }
        }
      }
    }
  }
}

