{
  "FullStudy":{
    "Rank":367235,
    "Study":{
      "ProtocolSection":{
        "IdentificationModule":{
          "NCTId":"NCT00034060",
          "OrgStudyIdInfo":{
            "OrgStudyId":"020170"
          },
          "SecondaryIdInfoList":{
            "SecondaryIdInfo":[
              {
                "SecondaryId":"02-AR-0170"
              }
            ]
          },
          "Organization":{
            "OrgFullName":"National Institutes of Health Clinical Center (CC)",
            "OrgClass":"NIH"
          },
          "BriefTitle":"The Role of Cytokines on Growth Hormone Suppression in Premenopausal Women With Rheumatoid Arthritis and the Effect of Treatment With Etanercept",
          "OfficialTitle":"Suppression of the Growth Hormone/ Insulin-Like Growth Factor-1 (GH/IGF-1) Axis in Women With Rheumatoid Arthritis"
        },
        "StatusModule":{
          "StatusVerifiedDate":"December 2005",
          "OverallStatus":"Completed",
          "ExpandedAccessInfo":{
            "HasExpandedAccess":"No"
          },
          "StartDateStruct":{
            "StartDate":"April 2002"
          },
          "CompletionDateStruct":{
            "CompletionDate":"December 2005"
          },
          "StudyFirstSubmitDate":"April 19, 2002",
          "StudyFirstSubmitQCDate":"April 19, 2002",
          "StudyFirstPostDateStruct":{
            "StudyFirstPostDate":"April 22, 2002",
            "StudyFirstPostDateType":"Estimate"
          },
          "LastUpdateSubmitDate":"March 3, 2008",
          "LastUpdatePostDateStruct":{
            "LastUpdatePostDate":"March 4, 2008",
            "LastUpdatePostDateType":"Estimate"
          }
        },
        "SponsorCollaboratorsModule":{
          "LeadSponsor":{
            "LeadSponsorName":"National Institute of Arthritis and Musculoskeletal and Skin Diseases (NIAMS)",
            "LeadSponsorClass":"NIH"
          }
        },
        "OversightModule":{},
        "DescriptionModule":{
          "BriefSummary":"This study has two phases. Phase 1 will examine the role of inflammatory mediators called cytokines on growth hormone levels in women with rheumatoid arthritis (RA). Phase 2 will evaluate the effect of etanercept on these growth hormone levels. Etanercept is approved for the treatment of RA. It lowers the levels of a key inflammatory mediator called tumor necrosis factor-alpha and is very effective in reducing arthritis symptoms.\n\nGrowth hormone promotes bone and muscle growth. With aging, people lose muscle mass and bone strength, possibly because of decreased levels of growth hormone. People with RA have bone and muscle changes similar to those in older people, perhaps also due to decreased levels of growth hormone. The first part of this study will see if the inflammatory mediators responsible for joint inflammation (warmth, redness, pain, and swelling) in RA are related to the lowered growth hormone levels in this disease. The second part will evaluate the effect of etanercept treatment on muscle mass and bone density, in addition to growth hormone levels.\n\nPremenopausal women between 18 and 55 years of age with a recent diagnosis of rheumatoid arthritis (less than 3 years) are eligible for this study. Healthy volunteers will also be enrolled in the first phase of the study as control subjects. This study is conducted at two sites, the NIH and the Johns Hopkins Medical Center in Baltimore.\n\nHealthy volunteers enrolled in this study will be interviewed about their health status and will fill out questionnaires on diet and general physical function, including fatigue, energy and well being. In addition, they will be hospitalized once at the NIH Clinical Center for 24-hour blood sampling and will visit to Johns Hopkins Medical Center in Baltimore for a brachial artery reactivity study, as follows:\n\n24-hour blood sampling for growth hormone levels. Blood samples (1/2 teaspoon each) will be collected every 20 minutes from 8 AM one day until 8 AM the following day through a plastic tube in an arm vein.\nDual energy X-ray absorptiometry (DEXA) scan on a small area of the spine, hip and wrist to assess bone density and a total body DEXA scan to assess the amount and distribution of muscle and body fat.\nBlood vessel (brachial artery reactivity) study to measure the ability of the brachial artery to dilate and increase its blood flow. For this procedure, the subject lies on a table with electrocardiogram leads attached to the chest. A blood pressure cuff is inflated for several minutes and a drop of nasal spray of nitroglycerin is given that may cause a headache. Blood pressure and headache are monitored and treated as needed.\n\nPatients with rheumatoid arthritis will be seen at the NIH clinic on six separate visits (weeks 0, 1, 6, 12, 18, and 26) over 26 weeks. Week 0 is a screening visit. At weeks 1 and 26, patients will be admitted to the hospital for 24-hour blood sampling, DEXA scans, and brachial artery reactivity tests, as described above, plus X-rays of the hand and feet. After the first visit, they will start taking etanercept, given by self-injection under the skin (like insulin shots) twice a week. Follow-up visits at weeks 6, 12, and 18 will involve evaluations of disease activity and drug side effects through joint examination, blood tests, and questionnaires.",
          "DetailedDescription":"This is a study in pre-menopausal and perimenopausal women with onset of rheumatoid arthritis (RA) of less than 10 years duration, to be conducted at the Clinical Center of National Institutes of Health and The General Clinical Research Center of the Johns Hopkins Bayview Medical Center, Baltimore, MD. This investigation will explore the possible impact of systemically released inflammatory cytokines on suppression of the GH/IGF-1 axis, and the relationships of altered endocrine-immune function with body composition, endocrine, metabolic and vascular functions thought to be associated with RA-related sarcopenia, osteopenia and increased cardiovascular risk. In phase I of the study, we shall admit RA patients and control subjects to the Clinical Center for a 26-36 hour period for assessments of the GH/IGF-I axis, cytokines, body composition, endocrine-metabolic and cardiovascular functions, and quality of life. We plan to initiate Phase I of the study to compare baseline endocrine and inflammatory parameters in RA patients to matched normal controls. Phase II of the study, we shall enroll a new group of RA patients to evaluate the above outcome measures at baseline and after six months of treatment with standard therapy, using the soluble p75 TNF receptor molecule etanercept, that has recently been approved by the FDA for the treatment of patients with early RA. Phase 2 of this study will be initiated upon access to etanercept and completion of Phase I of the study."
        },
        "ConditionsModule":{
          "ConditionList":{
            "Condition":[
              "Rheumatoid Arthritis",
              "Healthy"
            ]
          },
          "KeywordList":{
            "Keyword":[
              "Cytokines",
              "Exanercept",
              "Cachexia",
              "Body Composition",
              "Vascular Endothelial System",
              "Rheumatoid Arthritis",
              "RA",
              "Women",
              "Healthy Volunteer",
              "HV",
              "Normal Control"
            ]
          }
        },
        "DesignModule":{
          "StudyType":"Interventional",
          "PhaseList":{
            "Phase":[
              "Phase 2"
            ]
          },
          "DesignInfo":{
            "DesignPrimaryPurpose":"Treatment"
          },
          "EnrollmentInfo":{
            "EnrollmentCount":"36"
          }
        },
        "ArmsInterventionsModule":{
          "InterventionList":{
            "Intervention":[
              {
                "InterventionType":"Drug",
                "InterventionName":"Etanercept"
              }
            ]
          }
        },
        "EligibilityModule":{
          "EligibilityCriteria":"INCLUSION CRITERIA - General:\n\nHealthy women, or women with RA, 18-55 year old, with a history of regular menses or who are perimenopausal, have a BMI less than 30, able to provide informed consent to all aspects of the study after full information is provided.\n\nWomen must have a negative pregnancy test at screening.\n\nStudy participants will be allowed to continue taking medications for chronic, stable conditions, such as hypertension and hypercholesteremia, while in the study.\n\nINCLUSION CRITERIA - for RA Patients:\n\nActive RA as defined by 9 tender and 6 swollen joints; ESR greater than 35 mm/hr OR CRP greater than 2.0 mg/dL; and, morning stiffness greater than 45 min.\n\nActively menstruating with a normal estrogen level or who are perimenopausal.\n\nWomen must be practicing, or willing to practice, an acceptable method of birth control that does not involve use of prescription or OTC estrogen/progesterone preparations during the two weeks prior to screening. Acceptable means of contraception include: abstinence, barrier methods with spermicides, intrauterine devices (IUD's) or surgical sterilization. (phase 2 of the study only)\n\nCurrent use of nonsteroidal anti-inflammatory drugs (NSAIDs) and/or hydroxychloroquine are permitted. Drug doses must have been stable for at least one month prior to enrollment, and must be held constant during the study unless toxicity requires dose reduction.\n\nPast use of a disease modifying agent (DMARD) such as methotrexate, sulfasalazine and cyclosporine is allowed.\n\nEXCLUSION CRITERIA - General:\n\nPatients or control subject will be excluded if they exhibit any medical condition that has the potential of placing the candidate at unnecessary risk during the study. Additionally, patients with impaired renal, hepatic, cardiovascular or endocrine-metabolic function, or any immunodeficiency syndrome including HIV infection, will be excluded\n\nUse of systemic corticosteroids in the two weeks before screening and study entry.\n\nWomen with a history of cancer, with the exception of limited, resolved skin cancer.\n\nWomen who are menopausal. Clinical menopause is defined as the absence of spontaneous menses during the preceding 12 months.\n\nPregnant women or women who are nursing.\n\nUse of prescription or OTC estrogen/progesterone preparations during the two weeks prior to screening\n\nThe patient or control subject has received any investigational drug within 30 days of the start of the study.\n\nHistory of autoimmune endocrinopathy.\n\nSerious medical illnesses or abnormal laboratory values that would, in the opinion of the P.I., preclude study participation.\n\nEXCLUSION CRITERIA - For RA Patients:\n\nBMI greater than or equal to 30.\n\nActive infection or other contraindication to use of an anti-TNF agent (phase 2 of the study only).\n\nHistory of untreated tuberculosis, or of a positive PPD without completion of adequate treatment. (phase 2 of the study only)\n\nLive vaccinations in the 3 months prior to study (phase 2 of the study only).",
          "HealthyVolunteers":"Accepts Healthy Volunteers",
          "Gender":"Female",
          "StdAgeList":{
            "StdAge":[
              "Child",
              "Adult",
              "Older Adult"
            ]
          }
        },
        "ContactsLocationsModule":{
          "LocationList":{
            "Location":[
              {
                "LocationFacility":"National Institute of Arthritis and Musculoskeletal and Skin Diseases (NIAMS)",
                "LocationCity":"Bethesda",
                "LocationState":"Maryland",
                "LocationZip":"20892",
                "LocationCountry":"United States"
              }
            ]
          }
        },
        "ReferencesModule":{
          "ReferenceList":{
            "Reference":[
              {
                "ReferencePMID":"1145019",
                "ReferenceType":"background",
                "ReferenceCitation":"Mancia D, Lechi A, Terzano MG, Gemignani F, Vigouroux PR, Naquet R. [Electrophysiological criteria and prognostic evaluation in prolonged post-traumatic coma. Joint study of 150 cases]. Riv Neurol. 1975 Jan-Mar;45(1):44-59. Italian."
              },{
                "ReferencePMID":"11263762",
                "ReferenceType":"background",
                "ReferenceCitation":"Straub RH, Cutolo M. Involvement of the hypothalamic--pituitary--adrenal/gonadal axis and the peripheral nervous system in rheumatoid arthritis: viewpoint based on a systemic pathogenetic role. Arthritis Rheum. 2001 Mar;44(3):493-507. Review."
              },{
                "ReferencePMID":"10606358",
                "ReferenceType":"background",
                "ReferenceCitation":"Gabriel SE, Crowson CS, O'Fallon WM. Mortality in rheumatoid arthritis: have we made an impact in 4 decades? J Rheumatol. 1999 Dec;26(12):2529-33."
              },{
                "ReferencePMID":"17662149",
                "ReferenceType":"derived",
                "ReferenceCitation":"Blackman MR, Muniyappa R, Wilson M, Moquin BE, Baldwin HL, Wong KA, Snyder C, Magalnick M, Alli S, Reynolds J, Steinberg SM, Goldbach-Mansky R. Diurnal secretion of growth hormone, cortisol, and dehydroepiandrosterone in pre- and perimenopausal women with active rheumatoid arthritis: a pilot case-control study. Arthritis Res Ther. 2007;9(4):R73."
              }
            ]
          }
        }
      },
      "DerivedSection":{
        "MiscInfoModule":{
          "VersionHolder":"April 19, 2021"
        },
        "ConditionBrowseModule":{
          "ConditionMeshList":{
            "ConditionMesh":[
              {
                "ConditionMeshId":"D000001168",
                "ConditionMeshTerm":"Arthritis"
              },{
                "ConditionMeshId":"D000001172",
                "ConditionMeshTerm":"Arthritis, Rheumatoid"
              }
            ]
          },
          "ConditionAncestorList":{
            "ConditionAncestor":[
              {
                "ConditionAncestorId":"D000007592",
                "ConditionAncestorTerm":"Joint Diseases"
              },{
                "ConditionAncestorId":"D000009140",
                "ConditionAncestorTerm":"Musculoskeletal Diseases"
              },{
                "ConditionAncestorId":"D000012216",
                "ConditionAncestorTerm":"Rheumatic Diseases"
              },{
                "ConditionAncestorId":"D000003240",
                "ConditionAncestorTerm":"Connective Tissue Diseases"
              },{
                "ConditionAncestorId":"D000001327",
                "ConditionAncestorTerm":"Autoimmune Diseases"
              },{
                "ConditionAncestorId":"D000007154",
                "ConditionAncestorTerm":"Immune System Diseases"
              }
            ]
          },
          "ConditionBrowseLeafList":{
            "ConditionBrowseLeaf":[
              {
                "ConditionBrowseLeafId":"M3057",
                "ConditionBrowseLeafName":"Arthritis",
                "ConditionBrowseLeafAsFound":"Arthritis",
                "ConditionBrowseLeafRelevance":"high"
              },{
                "ConditionBrowseLeafId":"M3061",
                "ConditionBrowseLeafName":"Arthritis, Rheumatoid",
                "ConditionBrowseLeafAsFound":"Rheumatoid Arthritis",
                "ConditionBrowseLeafRelevance":"high"
              },{
                "ConditionBrowseLeafId":"M19849",
                "ConditionBrowseLeafName":"Wasting Syndrome",
                "ConditionBrowseLeafRelevance":"low"
              },{
                "ConditionBrowseLeafId":"M3945",
                "ConditionBrowseLeafName":"Cachexia",
                "ConditionBrowseLeafRelevance":"low"
              },{
                "ConditionBrowseLeafId":"M9204",
                "ConditionBrowseLeafName":"Joint Diseases",
                "ConditionBrowseLeafRelevance":"low"
              },{
                "ConditionBrowseLeafId":"M10680",
                "ConditionBrowseLeafName":"Musculoskeletal Diseases",
                "ConditionBrowseLeafRelevance":"low"
              },{
                "ConditionBrowseLeafId":"M13628",
                "ConditionBrowseLeafName":"Rheumatic Diseases",
                "ConditionBrowseLeafRelevance":"low"
              },{
                "ConditionBrowseLeafId":"M4906",
                "ConditionBrowseLeafName":"Collagen Diseases",
                "ConditionBrowseLeafRelevance":"low"
              },{
                "ConditionBrowseLeafId":"M5047",
                "ConditionBrowseLeafName":"Connective Tissue Diseases",
                "ConditionBrowseLeafRelevance":"low"
              },{
                "ConditionBrowseLeafId":"M3210",
                "ConditionBrowseLeafName":"Autoimmune Diseases",
                "ConditionBrowseLeafRelevance":"low"
              },{
                "ConditionBrowseLeafId":"M8783",
                "ConditionBrowseLeafName":"Immune System Diseases",
                "ConditionBrowseLeafRelevance":"low"
              }
            ]
          },
          "ConditionBrowseBranchList":{
            "ConditionBrowseBranch":[
              {
                "ConditionBrowseBranchAbbrev":"BC05",
                "ConditionBrowseBranchName":"Muscle, Bone, and Cartilage Diseases"
              },{
                "ConditionBrowseBranchAbbrev":"All",
                "ConditionBrowseBranchName":"All Conditions"
              },{
                "ConditionBrowseBranchAbbrev":"BC17",
                "ConditionBrowseBranchName":"Skin and Connective Tissue Diseases"
              },{
                "ConditionBrowseBranchAbbrev":"BC20",
                "ConditionBrowseBranchName":"Immune System Diseases"
              },{
                "ConditionBrowseBranchAbbrev":"BC18",
                "ConditionBrowseBranchName":"Nutritional and Metabolic Diseases"
              },{
                "ConditionBrowseBranchAbbrev":"BC23",
                "ConditionBrowseBranchName":"Symptoms and General Pathology"
              }
            ]
          }
        },
        "InterventionBrowseModule":{
          "InterventionMeshList":{
            "InterventionMesh":[
              {
                "InterventionMeshId":"D000068800",
                "InterventionMeshTerm":"Etanercept"
              }
            ]
          },
          "InterventionAncestorList":{
            "InterventionAncestor":[
              {
                "InterventionAncestorId":"D000000894",
                "InterventionAncestorTerm":"Anti-Inflammatory Agents, Non-Steroidal"
              },{
                "InterventionAncestorId":"D000018712",
                "InterventionAncestorTerm":"Analgesics, Non-Narcotic"
              },{
                "InterventionAncestorId":"D000000700",
                "InterventionAncestorTerm":"Analgesics"
              },{
                "InterventionAncestorId":"D000018689",
                "InterventionAncestorTerm":"Sensory System Agents"
              },{
                "InterventionAncestorId":"D000018373",
                "InterventionAncestorTerm":"Peripheral Nervous System Agents"
              },{
                "InterventionAncestorId":"D000045505",
                "InterventionAncestorTerm":"Physiological Effects of Drugs"
              },{
                "InterventionAncestorId":"D000000893",
                "InterventionAncestorTerm":"Anti-Inflammatory Agents"
              },{
                "InterventionAncestorId":"D000018501",
                "InterventionAncestorTerm":"Antirheumatic Agents"
              },{
                "InterventionAncestorId":"D000005765",
                "InterventionAncestorTerm":"Gastrointestinal Agents"
              },{
                "InterventionAncestorId":"D000007166",
                "InterventionAncestorTerm":"Immunosuppressive Agents"
              },{
                "InterventionAncestorId":"D000007155",
                "InterventionAncestorTerm":"Immunologic Factors"
              }
            ]
          },
          "InterventionBrowseLeafList":{
            "InterventionBrowseLeaf":[
              {
                "InterventionBrowseLeafId":"M8948",
                "InterventionBrowseLeafName":"Insulin",
                "InterventionBrowseLeafRelevance":"low"
              },{
                "InterventionBrowseLeafId":"M178017",
                "InterventionBrowseLeafName":"Insulin, Globin Zinc",
                "InterventionBrowseLeafRelevance":"low"
              },{
                "InterventionBrowseLeafId":"M10483",
                "InterventionBrowseLeafName":"Mitogens",
                "InterventionBrowseLeafRelevance":"low"
              },{
                "InterventionBrowseLeafId":"M8372",
                "InterventionBrowseLeafName":"Hormones",
                "InterventionBrowseLeafRelevance":"low"
              },{
                "InterventionBrowseLeafId":"M311",
                "InterventionBrowseLeafName":"Etanercept",
                "InterventionBrowseLeafAsFound":"Prescribed",
                "InterventionBrowseLeafRelevance":"high"
              },{
                "InterventionBrowseLeafId":"M2798",
                "InterventionBrowseLeafName":"Anti-Inflammatory Agents",
                "InterventionBrowseLeafRelevance":"low"
              },{
                "InterventionBrowseLeafId":"M2799",
                "InterventionBrowseLeafName":"Anti-Inflammatory Agents, Non-Steroidal",
                "InterventionBrowseLeafRelevance":"low"
              },{
                "InterventionBrowseLeafId":"M2613",
                "InterventionBrowseLeafName":"Analgesics",
                "InterventionBrowseLeafRelevance":"low"
              },{
                "InterventionBrowseLeafId":"M19370",
                "InterventionBrowseLeafName":"Analgesics, Non-Narcotic",
                "InterventionBrowseLeafRelevance":"low"
              },{
                "InterventionBrowseLeafId":"M19188",
                "InterventionBrowseLeafName":"Antirheumatic Agents",
                "InterventionBrowseLeafRelevance":"low"
              },{
                "InterventionBrowseLeafId":"M7464",
                "InterventionBrowseLeafName":"Gastrointestinal Agents",
                "InterventionBrowseLeafRelevance":"low"
              },{
                "InterventionBrowseLeafId":"M8795",
                "InterventionBrowseLeafName":"Immunosuppressive Agents",
                "InterventionBrowseLeafRelevance":"low"
              },{
                "InterventionBrowseLeafId":"M8784",
                "InterventionBrowseLeafName":"Immunologic Factors",
                "InterventionBrowseLeafRelevance":"low"
              }
            ]
          },
          "InterventionBrowseBranchList":{
            "InterventionBrowseBranch":[
              {
                "InterventionBrowseBranchAbbrev":"Hypo",
                "InterventionBrowseBranchName":"Hypoglycemic Agents"
              },{
                "InterventionBrowseBranchAbbrev":"All",
                "InterventionBrowseBranchName":"All Drugs and Chemicals"
              },{
                "InterventionBrowseBranchAbbrev":"Infl",
                "InterventionBrowseBranchName":"Anti-Inflammatory Agents"
              },{
                "InterventionBrowseBranchAbbrev":"ARhu",
                "InterventionBrowseBranchName":"Antirheumatic Agents"
              },{
                "InterventionBrowseBranchAbbrev":"Analg",
                "InterventionBrowseBranchName":"Analgesics"
              },{
                "InterventionBrowseBranchAbbrev":"Gast",
                "InterventionBrowseBranchName":"Gastrointestinal Agents"
              }
            ]
          }
        }
      }
    }
  }
}

