{
  "FullStudy":{
    "Rank":367435,
    "Study":{
      "ProtocolSection":{
        "IdentificationModule":{
          "NCTId":"NCT00031239",
          "OrgStudyIdInfo":{
            "OrgStudyId":"994"
          },
          "SecondaryIdInfoList":{
            "SecondaryIdInfo":[
              {
                "SecondaryId":"R01HL070301",
                "SecondaryIdType":"U.S. NIH Grant/Contract",
                "SecondaryIdLink":"https://projectreporter.nih.gov/reporterapi.cfm?PROJECTNUM=R01HL070301&Fy=all"
              }
            ]
          },
          "Organization":{
            "OrgFullName":"National Heart, Lung, and Blood Institute (NHLBI)",
            "OrgClass":"NIH"
          },
          "BriefTitle":"Sleep Apnea in Look AHEAD Participants - Ancillary to Look AHEAD"
        },
        "StatusModule":{
          "StatusVerifiedDate":"May 2009",
          "OverallStatus":"Completed",
          "ExpandedAccessInfo":{
            "HasExpandedAccess":"No"
          },
          "StartDateStruct":{
            "StartDate":"September 2001"
          },
          "PrimaryCompletionDateStruct":{
            "PrimaryCompletionDate":"July 2006",
            "PrimaryCompletionDateType":"Actual"
          },
          "CompletionDateStruct":{
            "CompletionDate":"July 2006",
            "CompletionDateType":"Actual"
          },
          "StudyFirstSubmitDate":"February 27, 2002",
          "StudyFirstSubmitQCDate":"February 27, 2002",
          "StudyFirstPostDateStruct":{
            "StudyFirstPostDate":"February 28, 2002",
            "StudyFirstPostDateType":"Estimate"
          },
          "LastUpdateSubmitDate":"July 28, 2016",
          "LastUpdatePostDateStruct":{
            "LastUpdatePostDate":"July 29, 2016",
            "LastUpdatePostDateType":"Estimate"
          }
        },
        "SponsorCollaboratorsModule":{
          "LeadSponsor":{
            "LeadSponsorName":"National Heart, Lung, and Blood Institute (NHLBI)",
            "LeadSponsorClass":"NIH"
          }
        },
        "DescriptionModule":{
          "BriefSummary":"To assess the effects of weight loss on sleep disordered breathing in obese, Type 2 diabetics with obstructive sleep apnea.",
          "DetailedDescription":"BACKGROUND:\n\nWeight loss is a frequently recommended treatment for obese patients with obstructive sleep apnea (OSA). The empirical support for this recommendation is lacking. Based on descriptive studies, weight loss appears to improve but not abolish sleep disordered breathing. Moreover, the degree of improvement in OSA is quite variable and not directly proportional to weight loss. The lack of randomized trials, the study of predominantly male samples, and the absence of follow-up evaluations leave physicians and patients unsure about the utility of weight loss treatment in obese OSA patients.\n\nThe study is ancillary to the Look AHEAD clinical trial which is sponsored primarily by the National Institute of Diabetes and Digestive and Kidney Diseases and secondarily by the National Heart, Lung, and Blood Institute, the National Institute of Nursing Research, the Office of Research on Women's Health, the National Center on Minority Health and Health Disparities, and the Centers for Disease Control and Prevention. The Look AHEAD study is a multicenter, randomized clinical trial to examine the long-term effects of a lifestyle intervention designed to achieve and maintain weight loss in overweight diabetics.\n\nDESIGN NARRATIVE:\n\nThe study will assess the effects of weight loss on sleep disordered breathing in 120 obese, Type 2 diabetics with obstructive sleep apnea (respiratory disturbance index [RDI] greater than or equal to 15) who are randomly assigned to either weight loss (n=60) or usual care (n=60) treatments within the context of the Look AHEAD study. Home polysomnography studies will be performed before treatment and at one and two years. Among the 60 weight loss subjects, the investigators will assess the relative importance of changes in neck and abdominal fat in explaining the variability of changes in sleep disordered breathing after weight loss. Finally, they will examine the relationship between changes in sleep-disordered breathing and changes in blood pressure after weight loss in the 60 weight loss participants. Specifically, this research will: 1) determine the efficacy of a weight loss program in reducing sleep disordered breathing in obese Type 2 diabetics; 2) identify sources of variability in sleep disordered breathing associated with weight loss; and 3) examine the role of sleep disordered breathing in mediating changes in blood pressure associated with weight loss. The results of this study will provide an empirical basis for making recommendations about the effectiveness of weight loss in Type 2 diabetics with OSA."
        },
        "ConditionsModule":{
          "ConditionList":{
            "Condition":[
              "Sleep Apnea Syndromes",
              "Diabetes Mellitus, Non-insulin Dependent",
              "Obesity",
              "Diabetes Mellitus"
            ]
          }
        },
        "DesignModule":{
          "StudyType":"Observational"
        },
        "EligibilityModule":{
          "EligibilityCriteria":"An estimated 176 obese, diabetic subjects with obstructive sleep apnea, 50% women and 40% minorities.",
          "HealthyVolunteers":"No",
          "Gender":"All",
          "MinimumAge":"45 Years",
          "MaximumAge":"75 Years",
          "StdAgeList":{
            "StdAge":[
              "Adult",
              "Older Adult"
            ]
          }
        },
        "ContactsLocationsModule":{
          "OverallOfficialList":{
            "OverallOfficial":[
              {
                "OverallOfficialName":"Gary Foster",
                "OverallOfficialAffiliation":"University of Pennsylvania"
              }
            ]
          }
        },
        "ReferencesModule":{
          "ReferenceList":{
            "Reference":[
              {
                "ReferencePMID":"12888610",
                "ReferenceType":"background",
                "ReferenceCitation":"Foster GD. Principles and practices in the management of obesity. Am J Respir Crit Care Med. 2003 Aug 1;168(3):274-80. Review."
              }
            ]
          }
        }
      },
      "DerivedSection":{
        "MiscInfoModule":{
          "VersionHolder":"April 19, 2021"
        },
        "ConditionBrowseModule":{
          "ConditionMeshList":{
            "ConditionMesh":[
              {
                "ConditionMeshId":"D000012891",
                "ConditionMeshTerm":"Sleep Apnea Syndromes"
              },{
                "ConditionMeshId":"D000003920",
                "ConditionMeshTerm":"Diabetes Mellitus"
              },{
                "ConditionMeshId":"D000003924",
                "ConditionMeshTerm":"Diabetes Mellitus, Type 2"
              }
            ]
          },
          "ConditionAncestorList":{
            "ConditionAncestor":[
              {
                "ConditionAncestorId":"D000044882",
                "ConditionAncestorTerm":"Glucose Metabolism Disorders"
              },{
                "ConditionAncestorId":"D000008659",
                "ConditionAncestorTerm":"Metabolic Diseases"
              },{
                "ConditionAncestorId":"D000004700",
                "ConditionAncestorTerm":"Endocrine System Diseases"
              },{
                "ConditionAncestorId":"D000001049",
                "ConditionAncestorTerm":"Apnea"
              },{
                "ConditionAncestorId":"D000012120",
                "ConditionAncestorTerm":"Respiration Disorders"
              },{
                "ConditionAncestorId":"D000012140",
                "ConditionAncestorTerm":"Respiratory Tract Diseases"
              },{
                "ConditionAncestorId":"D000020919",
                "ConditionAncestorTerm":"Sleep Disorders, Intrinsic"
              },{
                "ConditionAncestorId":"D000020920",
                "ConditionAncestorTerm":"Dyssomnias"
              },{
                "ConditionAncestorId":"D000012893",
                "ConditionAncestorTerm":"Sleep Wake Disorders"
              },{
                "ConditionAncestorId":"D000009422",
                "ConditionAncestorTerm":"Nervous System Diseases"
              }
            ]
          },
          "ConditionBrowseLeafList":{
            "ConditionBrowseLeaf":[
              {
                "ConditionBrowseLeafId":"M5698",
                "ConditionBrowseLeafName":"Diabetes Mellitus",
                "ConditionBrowseLeafAsFound":"Diabetes Mellitus",
                "ConditionBrowseLeafRelevance":"high"
              },{
                "ConditionBrowseLeafId":"M2942",
                "ConditionBrowseLeafName":"Apnea",
                "ConditionBrowseLeafRelevance":"low"
              },{
                "ConditionBrowseLeafId":"M14938",
                "ConditionBrowseLeafName":"Syndrome",
                "ConditionBrowseLeafRelevance":"low"
              },{
                "ConditionBrowseLeafId":"M11284",
                "ConditionBrowseLeafName":"Obesity",
                "ConditionBrowseLeafRelevance":"low"
              },{
                "ConditionBrowseLeafId":"M14277",
                "ConditionBrowseLeafName":"Sleep Apnea Syndromes",
                "ConditionBrowseLeafAsFound":"Sleep Apnea Syndrome",
                "ConditionBrowseLeafRelevance":"high"
              },{
                "ConditionBrowseLeafId":"M5702",
                "ConditionBrowseLeafName":"Diabetes Mellitus, Type 2",
                "ConditionBrowseLeafAsFound":"Diabetes Mellitus, Non-Insulin-Dependent",
                "ConditionBrowseLeafRelevance":"high"
              },{
                "ConditionBrowseLeafId":"M10222",
                "ConditionBrowseLeafName":"Metabolic Diseases",
                "ConditionBrowseLeafRelevance":"low"
              },{
                "ConditionBrowseLeafId":"M23990",
                "ConditionBrowseLeafName":"Glucose Metabolism Disorders",
                "ConditionBrowseLeafRelevance":"low"
              },{
                "ConditionBrowseLeafId":"M6445",
                "ConditionBrowseLeafName":"Endocrine System Diseases",
                "ConditionBrowseLeafRelevance":"low"
              },{
                "ConditionBrowseLeafId":"M13540",
                "ConditionBrowseLeafName":"Respiration Disorders",
                "ConditionBrowseLeafRelevance":"low"
              },{
                "ConditionBrowseLeafId":"M13560",
                "ConditionBrowseLeafName":"Respiratory Tract Diseases",
                "ConditionBrowseLeafRelevance":"low"
              },{
                "ConditionBrowseLeafId":"M20826",
                "ConditionBrowseLeafName":"Parasomnias",
                "ConditionBrowseLeafRelevance":"low"
              },{
                "ConditionBrowseLeafId":"M21238",
                "ConditionBrowseLeafName":"Sleep Disorders, Intrinsic",
                "ConditionBrowseLeafRelevance":"low"
              },{
                "ConditionBrowseLeafId":"M21239",
                "ConditionBrowseLeafName":"Dyssomnias",
                "ConditionBrowseLeafRelevance":"low"
              },{
                "ConditionBrowseLeafId":"M14279",
                "ConditionBrowseLeafName":"Sleep Wake Disorders",
                "ConditionBrowseLeafRelevance":"low"
              }
            ]
          },
          "ConditionBrowseBranchList":{
            "ConditionBrowseBranch":[
              {
                "ConditionBrowseBranchAbbrev":"BC18",
                "ConditionBrowseBranchName":"Nutritional and Metabolic Diseases"
              },{
                "ConditionBrowseBranchAbbrev":"BC19",
                "ConditionBrowseBranchName":"Gland and Hormone Related Diseases"
              },{
                "ConditionBrowseBranchAbbrev":"All",
                "ConditionBrowseBranchName":"All Conditions"
              },{
                "ConditionBrowseBranchAbbrev":"BC08",
                "ConditionBrowseBranchName":"Respiratory Tract (Lung and Bronchial) Diseases"
              },{
                "ConditionBrowseBranchAbbrev":"BC23",
                "ConditionBrowseBranchName":"Symptoms and General Pathology"
              },{
                "ConditionBrowseBranchAbbrev":"BC10",
                "ConditionBrowseBranchName":"Nervous System Diseases"
              },{
                "ConditionBrowseBranchAbbrev":"BXM",
                "ConditionBrowseBranchName":"Behaviors and Mental Disorders"
              }
            ]
          }
        }
      }
    }
  }
}

