{
  "FullStudy":{
    "Rank":367206,
    "Study":{
      "ProtocolSection":{
        "IdentificationModule":{
          "NCTId":"NCT00034476",
          "OrgStudyIdInfo":{
            "OrgStudyId":"1641"
          },
          "SecondaryIdInfoList":{
            "SecondaryIdInfo":[
              {
                "SecondaryId":"J4A-MC-EZZI"
              }
            ]
          },
          "Organization":{
            "OrgFullName":"Eli Lilly and Company",
            "OrgClass":"INDUSTRY"
          },
          "BriefTitle":"A Phase IIb Study to Determine the Efficacy and Safety of the Study Drug in Patients With Severe Sepsis",
          "OfficialTitle":"A Phase IIb Study to Determine the Efficacy and Safety of the Study Drug in Patients With Severe Sepsis"
        },
        "StatusModule":{
          "StatusVerifiedDate":"July 2006",
          "OverallStatus":"Completed",
          "StartDateStruct":{
            "StartDate":"October 2001"
          },
          "CompletionDateStruct":{
            "CompletionDate":"October 2002"
          },
          "StudyFirstSubmitDate":"April 29, 2002",
          "StudyFirstSubmitQCDate":"April 29, 2002",
          "StudyFirstPostDateStruct":{
            "StudyFirstPostDate":"April 30, 2002",
            "StudyFirstPostDateType":"Estimate"
          },
          "LastUpdateSubmitDate":"July 18, 2006",
          "LastUpdatePostDateStruct":{
            "LastUpdatePostDate":"July 19, 2006",
            "LastUpdatePostDateType":"Estimate"
          }
        },
        "SponsorCollaboratorsModule":{
          "LeadSponsor":{
            "LeadSponsorName":"Eli Lilly and Company",
            "LeadSponsorClass":"INDUSTRY"
          }
        },
        "OversightModule":{},
        "DescriptionModule":{
          "BriefSummary":"The purpose of this study is to determine whether the administration of the study drug is effective in increasing the chance of survival in patients with severe sepsis. Patients entered into this study will be randomly assigned to one of two treatment groups. Patients in each treatment group will be given either the study drug or placebo as a continuous infusion directly into the bloodstream through a catheter placed in one of the patient's veins.\n\nThe study drug is an investigational drug that is still in development. It has been studied in approximately 30 healthy subjects, approximately 30 patients with either kidney failure or arthritis, and approximately 600 patients with severe sepsis. Patient participation in this study will last for about one month."
        },
        "ConditionsModule":{
          "ConditionList":{
            "Condition":[
              "Sepsis"
            ]
          },
          "KeywordList":{
            "Keyword":[
              "Sepsis, sPLA2 Inhibitor"
            ]
          }
        },
        "DesignModule":{
          "StudyType":"Interventional",
          "PhaseList":{
            "Phase":[
              "Phase 1",
              "Phase 2"
            ]
          },
          "DesignInfo":{
            "DesignAllocation":"Randomized",
            "DesignInterventionModel":"Parallel Assignment",
            "DesignPrimaryPurpose":"Treatment",
            "DesignMaskingInfo":{
              "DesignMasking":"Double"
            }
          },
          "EnrollmentInfo":{
            "EnrollmentCount":"466"
          }
        },
        "ArmsInterventionsModule":{
          "InterventionList":{
            "Intervention":[
              {
                "InterventionType":"Drug",
                "InterventionName":"sPLA2 Inhibitor"
              }
            ]
          }
        },
        "EligibilityModule":{
          "EligibilityCriteria":"Inclusion Criteria: Patients must\n\nshow evidence of acute infection\nmeet specified time windows\nbe 18 years of age or older\n\nExclusion Criteria: Patients must not\n\nhave low white blood cell count\nhave undergone certain organ transplants\nbe HIV positive\nbe pregnant or breast feeding\nhave severe underlying medical problems",
          "HealthyVolunteers":"No",
          "Gender":"All",
          "MinimumAge":"18 Years",
          "StdAgeList":{
            "StdAge":[
              "Adult",
              "Older Adult"
            ]
          }
        },
        "ContactsLocationsModule":{
          "LocationList":{
            "Location":[
              {
                "LocationCity":"Birmingham",
                "LocationState":"Alabama",
                "LocationCountry":"United States"
              },{
                "LocationCity":"Phoenix",
                "LocationState":"Arizona",
                "LocationCountry":"United States"
              },{
                "LocationCity":"Berkeley",
                "LocationState":"California",
                "LocationCountry":"United States"
              },{
                "LocationCity":"Los Angeles",
                "LocationState":"California",
                "LocationCountry":"United States"
              },{
                "LocationCity":"Orange",
                "LocationState":"California",
                "LocationCountry":"United States"
              },{
                "LocationCity":"San Diego",
                "LocationState":"California",
                "LocationCountry":"United States"
              },{
                "LocationCity":"Torrance",
                "LocationState":"California",
                "LocationCountry":"United States"
              },{
                "LocationCity":"Denver",
                "LocationState":"Colorado",
                "LocationCountry":"United States"
              },{
                "LocationCity":"Washington",
                "LocationState":"District of Columbia",
                "LocationCountry":"United States"
              },{
                "LocationCity":"Brandon",
                "LocationState":"Florida",
                "LocationCountry":"United States"
              },{
                "LocationCity":"Clearwater",
                "LocationState":"Florida",
                "LocationCountry":"United States"
              },{
                "LocationCity":"Lakeland",
                "LocationState":"Florida",
                "LocationCountry":"United States"
              },{
                "LocationCity":"Miami",
                "LocationState":"Florida",
                "LocationCountry":"United States"
              },{
                "LocationCity":"Orlando",
                "LocationState":"Florida",
                "LocationCountry":"United States"
              },{
                "LocationCity":"Tampa",
                "LocationState":"Florida",
                "LocationCountry":"United States"
              },{
                "LocationCity":"Augusta",
                "LocationState":"Georgia",
                "LocationCountry":"United States"
              },{
                "LocationCity":"Chicago",
                "LocationState":"Illinois",
                "LocationCountry":"United States"
              },{
                "LocationCity":"Oak Park",
                "LocationState":"Illinois",
                "LocationCountry":"United States"
              },{
                "LocationCity":"Springfield",
                "LocationState":"Illinois",
                "LocationCountry":"United States"
              },{
                "LocationCity":"Indianapolis",
                "LocationState":"Indiana",
                "LocationCountry":"United States"
              },{
                "LocationCity":"Des Moines",
                "LocationState":"Iowa",
                "LocationCountry":"United States"
              },{
                "LocationCity":"Iowa",
                "LocationState":"Iowa",
                "LocationCountry":"United States"
              },{
                "LocationCity":"Kansas City",
                "LocationState":"Kansas",
                "LocationCountry":"United States"
              },{
                "LocationCity":"Lexington",
                "LocationState":"Kentucky",
                "LocationCountry":"United States"
              },{
                "LocationCity":"Lake Charles",
                "LocationState":"Louisiana",
                "LocationCountry":"United States"
              },{
                "LocationCity":"New Orleans",
                "LocationState":"Louisiana",
                "LocationCountry":"United States"
              },{
                "LocationCity":"Shreveport",
                "LocationState":"Louisiana",
                "LocationCountry":"United States"
              },{
                "LocationCity":"Portland",
                "LocationState":"Maine",
                "LocationCountry":"United States"
              },{
                "LocationCity":"Baltimore",
                "LocationState":"Maryland",
                "LocationCountry":"United States"
              },{
                "LocationCity":"Boston",
                "LocationState":"Massachusetts",
                "LocationCountry":"United States"
              },{
                "LocationCity":"Springfield",
                "LocationState":"Massachusetts",
                "LocationCountry":"United States"
              },{
                "LocationCity":"Ann Arbor",
                "LocationState":"Michigan",
                "LocationCountry":"United States"
              },{
                "LocationCity":"Detroit",
                "LocationState":"Michigan",
                "LocationCountry":"United States"
              },{
                "LocationCity":"Minneapolis",
                "LocationState":"Minnesota",
                "LocationCountry":"United States"
              },{
                "LocationCity":"St. Lous",
                "LocationState":"Missouri",
                "LocationCountry":"United States"
              },{
                "LocationCity":"Reno",
                "LocationState":"Nevada",
                "LocationCountry":"United States"
              },{
                "LocationCity":"East Orange",
                "LocationState":"New Jersey",
                "LocationCountry":"United States"
              },{
                "LocationCity":"New Brunswick",
                "LocationState":"New Jersey",
                "LocationCountry":"United States"
              },{
                "LocationCity":"Bronx",
                "LocationState":"New York",
                "LocationCountry":"United States"
              },{
                "LocationCity":"Great Neck",
                "LocationState":"New York",
                "LocationCountry":"United States"
              },{
                "LocationCity":"Manhasset",
                "LocationState":"New York",
                "LocationCountry":"United States"
              },{
                "LocationCity":"New Hyde Park",
                "LocationState":"New York",
                "LocationCountry":"United States"
              },{
                "LocationCity":"New York",
                "LocationState":"New York",
                "LocationCountry":"United States"
              },{
                "LocationCity":"Chapel Hill",
                "LocationState":"North Carolina",
                "LocationCountry":"United States"
              },{
                "LocationCity":"Greensboro",
                "LocationState":"North Carolina",
                "LocationCountry":"United States"
              },{
                "LocationCity":"Winston-Salem",
                "LocationState":"North Carolina",
                "LocationCountry":"United States"
              },{
                "LocationCity":"Akron",
                "LocationState":"Ohio",
                "LocationCountry":"United States"
              },{
                "LocationCity":"Toledo",
                "LocationState":"Ohio",
                "LocationCountry":"United States"
              },{
                "LocationCity":"Portland",
                "LocationState":"Oregon",
                "LocationCountry":"United States"
              },{
                "LocationCity":"Hershey",
                "LocationState":"Pennsylvania",
                "LocationCountry":"United States"
              },{
                "LocationCity":"Philadelphia",
                "LocationState":"Pennsylvania",
                "LocationCountry":"United States"
              },{
                "LocationCity":"Pittsburg",
                "LocationState":"Pennsylvania",
                "LocationCountry":"United States"
              },{
                "LocationCity":"Providence",
                "LocationState":"Rhode Island",
                "LocationCountry":"United States"
              },{
                "LocationCity":"Memphis",
                "LocationState":"Tennessee",
                "LocationCountry":"United States"
              },{
                "LocationCity":"Houston",
                "LocationState":"Texas",
                "LocationCountry":"United States"
              },{
                "LocationCity":"San Antonio",
                "LocationState":"Texas",
                "LocationCountry":"United States"
              },{
                "LocationCity":"Falls Church",
                "LocationState":"Virginia",
                "LocationCountry":"United States"
              },{
                "LocationCity":"Seattle",
                "LocationState":"Washington",
                "LocationCountry":"United States"
              },{
                "LocationCity":"Madison",
                "LocationState":"Wisconsin",
                "LocationCountry":"United States"
              },{
                "LocationCity":"Milwaukee",
                "LocationState":"Wisconsin",
                "LocationCountry":"United States"
              },{
                "LocationCity":"Brussels",
                "LocationCountry":"Belgium"
              },{
                "LocationCity":"Bruxelles",
                "LocationCountry":"Belgium"
              },{
                "LocationCity":"Gent",
                "LocationCountry":"Belgium"
              },{
                "LocationCity":"Liege",
                "LocationCountry":"Belgium"
              },{
                "LocationCity":"Ottignies",
                "LocationCountry":"Belgium"
              },{
                "LocationCity":"Yvior",
                "LocationCountry":"Belgium"
              },{
                "LocationCity":"Budapest",
                "LocationCountry":"Hungary"
              },{
                "LocationCity":"Debrecend",
                "LocationCountry":"Hungary"
              },{
                "LocationCity":"Debrecen",
                "LocationCountry":"Hungary"
              },{
                "LocationCity":"Miskolc",
                "LocationCountry":"Hungary"
              },{
                "LocationCity":"Pecs",
                "LocationCountry":"Hungary"
              },{
                "LocationCity":"Szeged",
                "LocationCountry":"Hungary"
              },{
                "LocationCity":"Vac",
                "LocationCountry":"Hungary"
              },{
                "LocationCity":"Apeldoorn",
                "LocationCountry":"Netherlands"
              },{
                "LocationCity":"Breda",
                "LocationCountry":"Netherlands"
              },{
                "LocationCity":"Den Bosch",
                "LocationCountry":"Netherlands"
              },{
                "LocationCity":"Groningen",
                "LocationCountry":"Netherlands"
              },{
                "LocationCity":"Nijmegen",
                "LocationCountry":"Netherlands"
              },{
                "LocationCity":"Rotterdam",
                "LocationCountry":"Netherlands"
              },{
                "LocationCity":"Gdansk",
                "LocationCountry":"Poland"
              },{
                "LocationCity":"Krakow-Nowa Huta",
                "LocationCountry":"Poland"
              },{
                "LocationCity":"Poznan",
                "LocationCountry":"Poland"
              },{
                "LocationCity":"Sosnowiec",
                "LocationCountry":"Poland"
              },{
                "LocationCity":"Szczecin",
                "LocationCountry":"Poland"
              },{
                "LocationCity":"Warsaw",
                "LocationCountry":"Poland"
              },{
                "LocationCity":"Warszawa",
                "LocationCountry":"Poland"
              },{
                "LocationCity":"Wroclaw",
                "LocationCountry":"Poland"
              }
            ]
          }
        }
      },
      "DerivedSection":{
        "MiscInfoModule":{
          "VersionHolder":"April 19, 2021"
        },
        "ConditionBrowseModule":{
          "ConditionMeshList":{
            "ConditionMesh":[
              {
                "ConditionMeshId":"D000018805",
                "ConditionMeshTerm":"Sepsis"
              },{
                "ConditionMeshId":"D000014115",
                "ConditionMeshTerm":"Toxemia"
              }
            ]
          },
          "ConditionAncestorList":{
            "ConditionAncestor":[
              {
                "ConditionAncestorId":"D000007239",
                "ConditionAncestorTerm":"Infection"
              },{
                "ConditionAncestorId":"D000018746",
                "ConditionAncestorTerm":"Systemic Inflammatory Response Syndrome"
              },{
                "ConditionAncestorId":"D000007249",
                "ConditionAncestorTerm":"Inflammation"
              },{
                "ConditionAncestorId":"D000010335",
                "ConditionAncestorTerm":"Pathologic Processes"
              }
            ]
          },
          "ConditionBrowseLeafList":{
            "ConditionBrowseLeaf":[
              {
                "ConditionBrowseLeafId":"M19448",
                "ConditionBrowseLeafName":"Sepsis",
                "ConditionBrowseLeafAsFound":"Sepsis",
                "ConditionBrowseLeafRelevance":"high"
              },{
                "ConditionBrowseLeafId":"M15452",
                "ConditionBrowseLeafName":"Toxemia",
                "ConditionBrowseLeafAsFound":"Sepsis",
                "ConditionBrowseLeafRelevance":"high"
              },{
                "ConditionBrowseLeafId":"M8866",
                "ConditionBrowseLeafName":"Infection",
                "ConditionBrowseLeafRelevance":"low"
              },{
                "ConditionBrowseLeafId":"M4951",
                "ConditionBrowseLeafName":"Communicable Diseases",
                "ConditionBrowseLeafRelevance":"low"
              },{
                "ConditionBrowseLeafId":"M14938",
                "ConditionBrowseLeafName":"Syndrome",
                "ConditionBrowseLeafRelevance":"low"
              },{
                "ConditionBrowseLeafId":"M19402",
                "ConditionBrowseLeafName":"Systemic Inflammatory Response Syndrome",
                "ConditionBrowseLeafRelevance":"low"
              },{
                "ConditionBrowseLeafId":"M8876",
                "ConditionBrowseLeafName":"Inflammation",
                "ConditionBrowseLeafRelevance":"low"
              }
            ]
          },
          "ConditionBrowseBranchList":{
            "ConditionBrowseBranch":[
              {
                "ConditionBrowseBranchAbbrev":"BC01",
                "ConditionBrowseBranchName":"Bacterial and Fungal Diseases"
              },{
                "ConditionBrowseBranchAbbrev":"BC23",
                "ConditionBrowseBranchName":"Symptoms and General Pathology"
              },{
                "ConditionBrowseBranchAbbrev":"All",
                "ConditionBrowseBranchName":"All Conditions"
              }
            ]
          }
        }
      }
    }
  }
}

