{
  "FullStudy":{
    "Rank":367218,
    "Study":{
      "ProtocolSection":{
        "IdentificationModule":{
          "NCTId":"NCT00034294",
          "OrgStudyIdInfo":{
            "OrgStudyId":"GTC-80-203"
          },
          "SecondaryIdInfoList":{
            "SecondaryIdInfo":[
              {
                "SecondaryId":"GT1105"
              }
            ]
          },
          "Organization":{
            "OrgFullName":"Sanofi",
            "OrgClass":"INDUSTRY"
          },
          "BriefTitle":"A Study of GT160-246 Versus Vancomycin in Patients With Clostridium Difficile-Associated Diarrhea",
          "OfficialTitle":"A Randomized, Double-Blind Study of GT160-246 Versus Vancomycin in Patients With C. Difficile-Associated Diarrhea"
        },
        "StatusModule":{
          "StatusVerifiedDate":"March 2015",
          "OverallStatus":"Completed",
          "StartDateStruct":{
            "StartDate":"February 2002"
          },
          "CompletionDateStruct":{
            "CompletionDate":"July 2003",
            "CompletionDateType":"Actual"
          },
          "StudyFirstSubmitDate":"April 24, 2002",
          "StudyFirstSubmitQCDate":"April 24, 2002",
          "StudyFirstPostDateStruct":{
            "StudyFirstPostDate":"April 25, 2002",
            "StudyFirstPostDateType":"Estimate"
          },
          "LastUpdateSubmitDate":"March 4, 2015",
          "LastUpdatePostDateStruct":{
            "LastUpdatePostDate":"March 5, 2015",
            "LastUpdatePostDateType":"Estimate"
          }
        },
        "SponsorCollaboratorsModule":{
          "ResponsibleParty":{
            "ResponsiblePartyType":"Sponsor"
          },
          "LeadSponsor":{
            "LeadSponsorName":"Genzyme, a Sanofi Company",
            "LeadSponsorClass":"INDUSTRY"
          }
        },
        "OversightModule":{},
        "DescriptionModule":{
          "BriefSummary":"Approximately 300 patients will be entered into this study taking place throughout the United States, Canada and the United Kingdom. This study aims to determine if an investigational drug is safe and effective for treating the symptoms of C. difficile-associated diarrhea and lowering the risk of repeat episodes of diarrhea. The investigational drug will be evaluated in comparison to current standard antibiotic treatment, so all patients will receive active medication.\n\nAll study-related care is provided including doctor visits, physical exams, laboratory tests and study medication. Total length of participation is approximately 10 weeks."
        },
        "ConditionsModule":{
          "ConditionList":{
            "Condition":[
              "Clostridium Difficile-Associated Diarrhea",
              "Clostridium Enterocolitis",
              "Clostridium Difficile Diarrhea",
              "Antibiotic-associated Colitis",
              "Antibiotic-associated Diarrhea"
            ]
          },
          "KeywordList":{
            "Keyword":[
              "C. difficile-associated diarrhea",
              "CDAD",
              "Clostridium difficile-Associated Diarrhea",
              "Clostridium enterocolitis",
              "antibiotic-associated diarrhea",
              "clostridium difficile colitis",
              "infectious diarrhea",
              "chronic diarrhea",
              "antibiotic-associated colitis"
            ]
          }
        },
        "DesignModule":{
          "StudyType":"Interventional",
          "PhaseList":{
            "Phase":[
              "Phase 2"
            ]
          },
          "DesignInfo":{
            "DesignAllocation":"Randomized",
            "DesignInterventionModel":"Parallel Assignment",
            "DesignPrimaryPurpose":"Treatment",
            "DesignMaskingInfo":{
              "DesignMasking":"Double"
            }
          },
          "EnrollmentInfo":{
            "EnrollmentCount":"300"
          }
        },
        "ArmsInterventionsModule":{
          "InterventionList":{
            "Intervention":[
              {
                "InterventionType":"Drug",
                "InterventionName":"GT160-246"
              }
            ]
          }
        },
        "EligibilityModule":{
          "EligibilityCriteria":"Inclusion Criteria:\n\nBe at least 18 years old.\nHave active mild to moderate C. difficile- Associated Diarrhea (CDAD).\nBe able to tolerate oral medication.\nNot be pregnant or breast-feeding.\nSign and date an informed consent form.",
          "HealthyVolunteers":"No",
          "Gender":"All",
          "MinimumAge":"18 Years",
          "StdAgeList":{
            "StdAge":[
              "Adult",
              "Older Adult"
            ]
          }
        },
        "ContactsLocationsModule":{
          "OverallOfficialList":{
            "OverallOfficial":[
              {
                "OverallOfficialName":"Medical Monitor",
                "OverallOfficialAffiliation":"Genzyme, a Sanofi Company",
                "OverallOfficialRole":"Study Director"
              }
            ]
          },
          "LocationList":{
            "Location":[
              {
                "LocationCity":"Mobile",
                "LocationState":"Alabama",
                "LocationZip":"36617",
                "LocationCountry":"United States"
              },{
                "LocationCity":"Phoenix",
                "LocationState":"Arizona",
                "LocationZip":"85006",
                "LocationCountry":"United States"
              },{
                "LocationCity":"Tucson",
                "LocationState":"Arizona",
                "LocationZip":"85724",
                "LocationCountry":"United States"
              },{
                "LocationCity":"Little Rock",
                "LocationState":"Arkansas",
                "LocationZip":"72205",
                "LocationCountry":"United States"
              },{
                "LocationCity":"Sacramento",
                "LocationState":"California",
                "LocationZip":"95816",
                "LocationCountry":"United States"
              },{
                "LocationCity":"Newark",
                "LocationState":"Delaware",
                "LocationZip":"19718",
                "LocationCountry":"United States"
              },{
                "LocationCity":"Bay Pines",
                "LocationState":"Florida",
                "LocationZip":"33744",
                "LocationCountry":"United States"
              },{
                "LocationCity":"Brandon",
                "LocationState":"Florida",
                "LocationZip":"33511",
                "LocationCountry":"United States"
              },{
                "LocationCity":"Hollywood",
                "LocationState":"Florida",
                "LocationZip":"33021",
                "LocationCountry":"United States"
              },{
                "LocationCity":"Naples",
                "LocationState":"Florida",
                "LocationZip":"34102",
                "LocationCountry":"United States"
              },{
                "LocationCity":"Orlando",
                "LocationState":"Florida",
                "LocationZip":"32806",
                "LocationCountry":"United States"
              },{
                "LocationCity":"Austell",
                "LocationState":"Georgia",
                "LocationZip":"30106",
                "LocationCountry":"United States"
              },{
                "LocationCity":"Columbus",
                "LocationState":"Georgia",
                "LocationZip":"31902",
                "LocationCountry":"United States"
              },{
                "LocationCity":"Chicago",
                "LocationState":"Illinois",
                "LocationZip":"60611",
                "LocationCountry":"United States"
              },{
                "LocationCity":"Maywood",
                "LocationState":"Illinois",
                "LocationZip":"60153",
                "LocationCountry":"United States"
              },{
                "LocationCity":"North Chicago",
                "LocationState":"Illinois",
                "LocationZip":"60064",
                "LocationCountry":"United States"
              },{
                "LocationCity":"Columbus",
                "LocationState":"Indiana",
                "LocationZip":"47203",
                "LocationCountry":"United States"
              },{
                "LocationCity":"Des Moines",
                "LocationState":"Iowa",
                "LocationZip":"50309",
                "LocationCountry":"United States"
              },{
                "LocationCity":"Des Moines",
                "LocationState":"Iowa",
                "LocationZip":"50314",
                "LocationCountry":"United States"
              },{
                "LocationCity":"Wichita",
                "LocationState":"Kansas",
                "LocationZip":"67214",
                "LocationCountry":"United States"
              },{
                "LocationCity":"Lexington",
                "LocationState":"Kentucky",
                "LocationZip":"40536-0084",
                "LocationCountry":"United States"
              },{
                "LocationCity":"Louisville",
                "LocationState":"Kentucky",
                "LocationZip":"40202",
                "LocationCountry":"United States"
              },{
                "LocationCity":"New Orleans",
                "LocationState":"Louisiana",
                "LocationZip":"70112",
                "LocationCountry":"United States"
              },{
                "LocationCity":"Baltimore",
                "LocationState":"Maryland",
                "LocationZip":"21215",
                "LocationCountry":"United States"
              },{
                "LocationCity":"Chevy Chase",
                "LocationState":"Maryland",
                "LocationZip":"20815",
                "LocationCountry":"United States"
              },{
                "LocationCity":"Boston",
                "LocationState":"Massachusetts",
                "LocationZip":"02111",
                "LocationCountry":"United States"
              },{
                "LocationCity":"Braintree",
                "LocationState":"Massachusetts",
                "LocationZip":"02185",
                "LocationCountry":"United States"
              },{
                "LocationCity":"West Roxbury",
                "LocationState":"Massachusetts",
                "LocationZip":"02132",
                "LocationCountry":"United States"
              },{
                "LocationCity":"Springfield",
                "LocationState":"Missouri",
                "LocationZip":"65807",
                "LocationCountry":"United States"
              },{
                "LocationCity":"St. Louis",
                "LocationState":"Missouri",
                "LocationZip":"63110",
                "LocationCountry":"United States"
              },{
                "LocationCity":"Stratford",
                "LocationState":"New Jersey",
                "LocationZip":"08084",
                "LocationCountry":"United States"
              },{
                "LocationCity":"Buffalo",
                "LocationState":"New York",
                "LocationZip":"14215",
                "LocationCountry":"United States"
              },{
                "LocationCity":"Jamaica",
                "LocationState":"New York",
                "LocationZip":"11432",
                "LocationCountry":"United States"
              },{
                "LocationCity":"Manhasset",
                "LocationState":"New York",
                "LocationZip":"11030",
                "LocationCountry":"United States"
              },{
                "LocationCity":"New York",
                "LocationState":"New York",
                "LocationZip":"10010",
                "LocationCountry":"United States"
              },{
                "LocationCity":"New York",
                "LocationState":"New York",
                "LocationZip":"10032",
                "LocationCountry":"United States"
              },{
                "LocationCity":"Syracuse",
                "LocationState":"New York",
                "LocationZip":"13210",
                "LocationCountry":"United States"
              },{
                "LocationCity":"Asheville",
                "LocationState":"North Carolina",
                "LocationZip":"28801",
                "LocationCountry":"United States"
              },{
                "LocationCity":"Charlotte",
                "LocationState":"North Carolina",
                "LocationZip":"28203",
                "LocationCountry":"United States"
              },{
                "LocationCity":"Fargo",
                "LocationState":"North Dakota",
                "LocationZip":"58122",
                "LocationCountry":"United States"
              },{
                "LocationCity":"Columbus",
                "LocationState":"Ohio",
                "LocationZip":"43215",
                "LocationCountry":"United States"
              },{
                "LocationCity":"Toledo",
                "LocationState":"Ohio",
                "LocationZip":"43608",
                "LocationCountry":"United States"
              },{
                "LocationCity":"Oklahoma City",
                "LocationState":"Oklahoma",
                "LocationZip":"73104",
                "LocationCountry":"United States"
              },{
                "LocationCity":"Allentown",
                "LocationState":"Pennsylvania",
                "LocationZip":"18105",
                "LocationCountry":"United States"
              },{
                "LocationCity":"Hershey",
                "LocationState":"Pennsylvania",
                "LocationZip":"17033",
                "LocationCountry":"United States"
              },{
                "LocationCity":"Philadelphia",
                "LocationState":"Pennsylvania",
                "LocationZip":"19102",
                "LocationCountry":"United States"
              },{
                "LocationCity":"Philadelphia",
                "LocationState":"Pennsylvania",
                "LocationZip":"19129",
                "LocationCountry":"United States"
              },{
                "LocationCity":"Philadelphia",
                "LocationState":"Pennsylvania",
                "LocationZip":"19140",
                "LocationCountry":"United States"
              },{
                "LocationCity":"Pittsburgh",
                "LocationState":"Pennsylvania",
                "LocationZip":"15261",
                "LocationCountry":"United States"
              },{
                "LocationCity":"Upland",
                "LocationState":"Pennsylvania",
                "LocationZip":"19013",
                "LocationCountry":"United States"
              },{
                "LocationCity":"Charleston",
                "LocationState":"South Carolina",
                "LocationZip":"29425",
                "LocationCountry":"United States"
              },{
                "LocationCity":"Clarksville",
                "LocationState":"Tennessee",
                "LocationZip":"37043",
                "LocationCountry":"United States"
              },{
                "LocationCity":"Memphis",
                "LocationState":"Tennessee",
                "LocationZip":"38104",
                "LocationCountry":"United States"
              },{
                "LocationCity":"Temple",
                "LocationState":"Texas",
                "LocationZip":"76508",
                "LocationCountry":"United States"
              },{
                "LocationCity":"Falls Church",
                "LocationState":"Virginia",
                "LocationZip":"22042",
                "LocationCountry":"United States"
              },{
                "LocationCity":"Richmond",
                "LocationState":"Virginia",
                "LocationZip":"23249",
                "LocationCountry":"United States"
              },{
                "LocationCity":"Richmond",
                "LocationState":"Virginia",
                "LocationZip":"23294",
                "LocationCountry":"United States"
              },{
                "LocationCity":"Seattle",
                "LocationState":"Washington",
                "LocationZip":"98104",
                "LocationCountry":"United States"
              },{
                "LocationCity":"Calgary",
                "LocationState":"Alberta",
                "LocationZip":"T2N 1T9",
                "LocationCountry":"Canada"
              },{
                "LocationCity":"Vancouver",
                "LocationState":"British Columbia",
                "LocationZip":"V5Z 3J5",
                "LocationCountry":"Canada"
              },{
                "LocationCity":"Vancouver",
                "LocationState":"British Columbia",
                "LocationZip":"V6Z 1Y6",
                "LocationCountry":"Canada"
              },{
                "LocationCity":"Winnipeg",
                "LocationState":"Manitoba",
                "LocationZip":"R3A 1R9",
                "LocationCountry":"Canada"
              },{
                "LocationCity":"Moncton",
                "LocationState":"New Brunswick",
                "LocationZip":"E1C 6Z8",
                "LocationCountry":"Canada"
              },{
                "LocationCity":"Ottawa",
                "LocationState":"Ontario",
                "LocationZip":"K1H 8L6",
                "LocationCountry":"Canada"
              },{
                "LocationCity":"Windsor",
                "LocationState":"Ontario",
                "LocationZip":"N9A 1C9",
                "LocationCountry":"Canada"
              },{
                "LocationCity":"Chicoutimi",
                "LocationState":"Quebec",
                "LocationZip":"G7H 5H6",
                "LocationCountry":"Canada"
              },{
                "LocationCity":"Montreal",
                "LocationState":"Quebec",
                "LocationZip":"H1T 2M4",
                "LocationCountry":"Canada"
              },{
                "LocationCity":"Montreal",
                "LocationState":"Quebec",
                "LocationZip":"H2L 4M1",
                "LocationCountry":"Canada"
              },{
                "LocationCity":"Montreal",
                "LocationState":"Quebec",
                "LocationZip":"H3T 1E2",
                "LocationCountry":"Canada"
              },{
                "LocationCity":"Trois-Rivieres",
                "LocationState":"Quebec",
                "LocationZip":"G9A 1Y1",
                "LocationCountry":"Canada"
              },{
                "LocationCity":"Quebec",
                "LocationZip":"G1R 2J6 and G1L 3L5",
                "LocationCountry":"Canada"
              },{
                "LocationCity":"Hato Rey",
                "LocationZip":"00918",
                "LocationCountry":"Puerto Rico"
              },{
                "LocationCity":"Heath Park",
                "LocationState":"Cardiff",
                "LocationZip":"CF4 4XW",
                "LocationCountry":"United Kingdom"
              },{
                "LocationCity":"Penlan Rd",
                "LocationState":"Cardiff",
                "LocationZip":"CF64 2XX",
                "LocationCountry":"United Kingdom"
              },{
                "LocationCity":"Steeton",
                "LocationState":"Keighley",
                "LocationZip":"BD20 6TD",
                "LocationCountry":"United Kingdom"
              },{
                "LocationCity":"Bury",
                "LocationState":"Lancashire",
                "LocationZip":"BL9 7TD",
                "LocationCountry":"United Kingdom"
              },{
                "LocationCity":"Chelsea",
                "LocationState":"London",
                "LocationZip":"SW10 9NH",
                "LocationCountry":"United Kingdom"
              },{
                "LocationCity":"South Kensington",
                "LocationState":"London",
                "LocationZip":"SW7 2AZ",
                "LocationCountry":"United Kingdom"
              },{
                "LocationCity":"High Heaton",
                "LocationState":"Newcastle-upon-Tyne",
                "LocationZip":"NE7 7DN",
                "LocationCountry":"United Kingdom"
              },{
                "LocationCity":"Cliftonville",
                "LocationState":"Northampton",
                "LocationZip":"NN1 5BD",
                "LocationCountry":"United Kingdom"
              },{
                "LocationCity":"Fulwood",
                "LocationState":"Preston",
                "LocationZip":"PR7 1PP",
                "LocationCountry":"United Kingdom"
              },{
                "LocationCity":"Livilands",
                "LocationState":"Stirling",
                "LocationZip":"FK8 2AU",
                "LocationCountry":"United Kingdom"
              },{
                "LocationCity":"Morriston",
                "LocationState":"Swansea",
                "LocationZip":"SA6 6NL",
                "LocationCountry":"United Kingdom"
              },{
                "LocationCity":"Birmingham",
                "LocationZip":"B18 7QH",
                "LocationCountry":"United Kingdom"
              },{
                "LocationCity":"Birmingham",
                "LocationZip":"B95SS",
                "LocationCountry":"United Kingdom"
              },{
                "LocationCity":"Cambridge",
                "LocationZip":"CB2 2QQ",
                "LocationCountry":"United Kingdom"
              },{
                "LocationCity":"Edinburgh",
                "LocationZip":"EH4 2XU",
                "LocationCountry":"United Kingdom"
              },{
                "LocationCity":"Glasgow",
                "LocationZip":"G21 3UR",
                "LocationCountry":"United Kingdom"
              },{
                "LocationCity":"Hull",
                "LocationZip":"HU3 2JZ",
                "LocationCountry":"United Kingdom"
              },{
                "LocationCity":"Leeds",
                "LocationZip":"LS1 3EX",
                "LocationCountry":"United Kingdom"
              },{
                "LocationCity":"Leicester",
                "LocationZip":"LE1 5WW",
                "LocationCountry":"United Kingdom"
              },{
                "LocationCity":"London",
                "LocationZip":"N19 5LW",
                "LocationCountry":"United Kingdom"
              },{
                "LocationCity":"London",
                "LocationZip":"SW17 0QT",
                "LocationCountry":"United Kingdom"
              },{
                "LocationCity":"London",
                "LocationZip":"W1N 8AA",
                "LocationCountry":"United Kingdom"
              },{
                "LocationCity":"Newport",
                "LocationZip":"NP20 2UB",
                "LocationCountry":"United Kingdom"
              },{
                "LocationCity":"Nottingham",
                "LocationZip":"NG7 2UH",
                "LocationCountry":"United Kingdom"
              },{
                "LocationCity":"Shrewsbury",
                "LocationZip":"SY3 8XQ",
                "LocationCountry":"United Kingdom"
              },{
                "LocationCity":"Taunton",
                "LocationZip":"TA1 5DA",
                "LocationCountry":"United Kingdom"
              },{
                "LocationCity":"Wolverhampton",
                "LocationZip":"WV10 0QP",
                "LocationCountry":"United Kingdom"
              }
            ]
          }
        }
      },
      "DerivedSection":{
        "MiscInfoModule":{
          "VersionHolder":"April 19, 2021"
        },
        "ConditionBrowseModule":{
          "ConditionMeshList":{
            "ConditionMesh":[
              {
                "ConditionMeshId":"D000003015",
                "ConditionMeshTerm":"Clostridium Infections"
              },{
                "ConditionMeshId":"D000004761",
                "ConditionMeshTerm":"Enterocolitis, Pseudomembranous"
              },{
                "ConditionMeshId":"D000003092",
                "ConditionMeshTerm":"Colitis"
              },{
                "ConditionMeshId":"D000004760",
                "ConditionMeshTerm":"Enterocolitis"
              },{
                "ConditionMeshId":"D000003967",
                "ConditionMeshTerm":"Diarrhea"
              }
            ]
          },
          "ConditionAncestorList":{
            "ConditionAncestor":[
              {
                "ConditionAncestorId":"D000005759",
                "ConditionAncestorTerm":"Gastroenteritis"
              },{
                "ConditionAncestorId":"D000005767",
                "ConditionAncestorTerm":"Gastrointestinal Diseases"
              },{
                "ConditionAncestorId":"D000004066",
                "ConditionAncestorTerm":"Digestive System Diseases"
              },{
                "ConditionAncestorId":"D000003108",
                "ConditionAncestorTerm":"Colonic Diseases"
              },{
                "ConditionAncestorId":"D000007410",
                "ConditionAncestorTerm":"Intestinal Diseases"
              },{
                "ConditionAncestorId":"D000012817",
                "ConditionAncestorTerm":"Signs and Symptoms, Digestive"
              },{
                "ConditionAncestorId":"D000016908",
                "ConditionAncestorTerm":"Gram-Positive Bacterial Infections"
              },{
                "ConditionAncestorId":"D000001424",
                "ConditionAncestorTerm":"Bacterial Infections"
              }
            ]
          },
          "ConditionBrowseLeafList":{
            "ConditionBrowseLeaf":[
              {
                "ConditionBrowseLeafId":"M8866",
                "ConditionBrowseLeafName":"Infection",
                "ConditionBrowseLeafRelevance":"low"
              },{
                "ConditionBrowseLeafId":"M4951",
                "ConditionBrowseLeafName":"Communicable Diseases",
                "ConditionBrowseLeafRelevance":"low"
              },{
                "ConditionBrowseLeafId":"M4903",
                "ConditionBrowseLeafName":"Colitis",
                "ConditionBrowseLeafAsFound":"Colitis",
                "ConditionBrowseLeafRelevance":"high"
              },{
                "ConditionBrowseLeafId":"M5742",
                "ConditionBrowseLeafName":"Diarrhea",
                "ConditionBrowseLeafAsFound":"Diarrhea",
                "ConditionBrowseLeafRelevance":"high"
              },{
                "ConditionBrowseLeafId":"M6505",
                "ConditionBrowseLeafName":"Enterocolitis",
                "ConditionBrowseLeafAsFound":"Enterocolitis",
                "ConditionBrowseLeafRelevance":"high"
              },{
                "ConditionBrowseLeafId":"M6160",
                "ConditionBrowseLeafName":"Dysentery",
                "ConditionBrowseLeafRelevance":"low"
              },{
                "ConditionBrowseLeafId":"M4830",
                "ConditionBrowseLeafName":"Clostridium Infections",
                "ConditionBrowseLeafAsFound":"Clostridium Difficile",
                "ConditionBrowseLeafRelevance":"high"
              },{
                "ConditionBrowseLeafId":"M6506",
                "ConditionBrowseLeafName":"Enterocolitis, Pseudomembranous",
                "ConditionBrowseLeafAsFound":"Antibiotic-Associated Colitis",
                "ConditionBrowseLeafRelevance":"high"
              },{
                "ConditionBrowseLeafId":"M7458",
                "ConditionBrowseLeafName":"Gastroenteritis",
                "ConditionBrowseLeafRelevance":"low"
              },{
                "ConditionBrowseLeafId":"M5838",
                "ConditionBrowseLeafName":"Digestive System Diseases",
                "ConditionBrowseLeafRelevance":"low"
              },{
                "ConditionBrowseLeafId":"M7466",
                "ConditionBrowseLeafName":"Gastrointestinal Diseases",
                "ConditionBrowseLeafRelevance":"low"
              },{
                "ConditionBrowseLeafId":"M4919",
                "ConditionBrowseLeafName":"Colonic Diseases",
                "ConditionBrowseLeafRelevance":"low"
              },{
                "ConditionBrowseLeafId":"M9027",
                "ConditionBrowseLeafName":"Intestinal Diseases",
                "ConditionBrowseLeafRelevance":"low"
              },{
                "ConditionBrowseLeafId":"M14205",
                "ConditionBrowseLeafName":"Signs and Symptoms, Digestive",
                "ConditionBrowseLeafRelevance":"low"
              },{
                "ConditionBrowseLeafId":"M3303",
                "ConditionBrowseLeafName":"Bacterial Infections",
                "ConditionBrowseLeafRelevance":"low"
              },{
                "ConditionBrowseLeafId":"M17835",
                "ConditionBrowseLeafName":"Gram-Positive Bacterial Infections",
                "ConditionBrowseLeafRelevance":"low"
              }
            ]
          },
          "ConditionBrowseBranchList":{
            "ConditionBrowseBranch":[
              {
                "ConditionBrowseBranchAbbrev":"BC01",
                "ConditionBrowseBranchName":"Bacterial and Fungal Diseases"
              },{
                "ConditionBrowseBranchAbbrev":"All",
                "ConditionBrowseBranchName":"All Conditions"
              },{
                "ConditionBrowseBranchAbbrev":"BC06",
                "ConditionBrowseBranchName":"Digestive System Diseases"
              },{
                "ConditionBrowseBranchAbbrev":"BC23",
                "ConditionBrowseBranchName":"Symptoms and General Pathology"
              }
            ]
          }
        },
        "InterventionBrowseModule":{
          "InterventionBrowseLeafList":{
            "InterventionBrowseLeaf":[
              {
                "InterventionBrowseLeafId":"M2803",
                "InterventionBrowseLeafName":"Anti-Bacterial Agents",
                "InterventionBrowseLeafRelevance":"low"
              },{
                "InterventionBrowseLeafId":"M15971",
                "InterventionBrowseLeafName":"Vancomycin",
                "InterventionBrowseLeafRelevance":"low"
              },{
                "InterventionBrowseLeafId":"M2805",
                "InterventionBrowseLeafName":"Antibiotics, Antitubercular",
                "InterventionBrowseLeafRelevance":"low"
              }
            ]
          },
          "InterventionBrowseBranchList":{
            "InterventionBrowseBranch":[
              {
                "InterventionBrowseBranchAbbrev":"Infe",
                "InterventionBrowseBranchName":"Anti-Infective Agents"
              },{
                "InterventionBrowseBranchAbbrev":"All",
                "InterventionBrowseBranchName":"All Drugs and Chemicals"
              }
            ]
          }
        }
      }
    }
  }
}

