{
  "FullStudy":{
    "Rank":367085,
    "Study":{
      "ProtocolSection":{
        "IdentificationModule":{
          "NCTId":"NCT00036114",
          "OrgStudyIdInfo":{
            "OrgStudyId":"CN138-004"
          },
          "Organization":{
            "OrgFullName":"Otsuka Pharmaceutical Development & Commercialization, Inc.",
            "OrgClass":"INDUSTRY"
          },
          "BriefTitle":"Study of Aripiprazole in the Treatment of Patients With Psychosis Associated With Dementia of the Alzheimer's Type"
        },
        "StatusModule":{
          "StatusVerifiedDate":"April 2011",
          "OverallStatus":"Completed",
          "StartDateStruct":{
            "StartDate":"March 2000"
          },
          "PrimaryCompletionDateStruct":{
            "PrimaryCompletionDate":"August 2003",
            "PrimaryCompletionDateType":"Actual"
          },
          "CompletionDateStruct":{
            "CompletionDate":"August 2003",
            "CompletionDateType":"Actual"
          },
          "StudyFirstSubmitDate":"May 7, 2002",
          "StudyFirstSubmitQCDate":"May 8, 2002",
          "StudyFirstPostDateStruct":{
            "StudyFirstPostDate":"May 9, 2002",
            "StudyFirstPostDateType":"Estimate"
          },
          "LastUpdateSubmitDate":"November 7, 2013",
          "LastUpdatePostDateStruct":{
            "LastUpdatePostDate":"November 11, 2013",
            "LastUpdatePostDateType":"Estimate"
          }
        },
        "SponsorCollaboratorsModule":{
          "LeadSponsor":{
            "LeadSponsorName":"Otsuka Pharmaceutical Development & Commercialization, Inc.",
            "LeadSponsorClass":"INDUSTRY"
          }
        },
        "OversightModule":{},
        "DescriptionModule":{
          "BriefSummary":"The purpose of this study is to learn if aripiprazole is safe and effective in the treatment of psychosis associated with dementia of the Alzheimer's type."
        },
        "ConditionsModule":{
          "ConditionList":{
            "Condition":[
              "Alzheimer Disease"
            ]
          },
          "KeywordList":{
            "Keyword":[
              "Psychosis associated with dementia of the Alzheimer's type"
            ]
          }
        },
        "DesignModule":{
          "StudyType":"Interventional",
          "PhaseList":{
            "Phase":[
              "Phase 3"
            ]
          },
          "DesignInfo":{
            "DesignPrimaryPurpose":"Treatment"
          }
        },
        "ArmsInterventionsModule":{
          "InterventionList":{
            "Intervention":[
              {
                "InterventionType":"Drug",
                "InterventionName":"aripiprazole"
              }
            ]
          }
        },
        "EligibilityModule":{
          "EligibilityCriteria":"Inclusion Criteria:\n\nInstitutionalized patients with Alzheimer's",
          "HealthyVolunteers":"No",
          "Gender":"All",
          "MinimumAge":"55 Years",
          "MaximumAge":"95 Years",
          "StdAgeList":{
            "StdAge":[
              "Adult",
              "Older Adult"
            ]
          }
        },
        "ContactsLocationsModule":{
          "LocationList":{
            "Location":[
              {
                "LocationFacility":"Local Institution",
                "LocationCity":"Tuscaloosa",
                "LocationState":"Alabama",
                "LocationCountry":"United States"
              },{
                "LocationFacility":"Local Institution",
                "LocationCity":"Scottsdale",
                "LocationState":"Arizona",
                "LocationCountry":"United States"
              },{
                "LocationFacility":"Local Institution",
                "LocationCity":"Cerritos",
                "LocationState":"California",
                "LocationCountry":"United States"
              },{
                "LocationFacility":"Local Institution",
                "LocationCity":"Granada Hills",
                "LocationState":"California",
                "LocationCountry":"United States"
              },{
                "LocationFacility":"Local Institution",
                "LocationCity":"Los Angeles",
                "LocationState":"California",
                "LocationCountry":"United States"
              },{
                "LocationFacility":"Local Institution",
                "LocationCity":"San Diego",
                "LocationState":"California",
                "LocationCountry":"United States"
              },{
                "LocationFacility":"Local Institution",
                "LocationCity":"Torrance",
                "LocationState":"California",
                "LocationCountry":"United States"
              },{
                "LocationFacility":"Local Institution",
                "LocationCity":"Denver",
                "LocationState":"Colorado",
                "LocationCountry":"United States"
              },{
                "LocationFacility":"Local Institution",
                "LocationCity":"Hamden",
                "LocationState":"Connecticut",
                "LocationCountry":"United States"
              },{
                "LocationFacility":"Local Institution",
                "LocationCity":"Miami",
                "LocationState":"Florida",
                "LocationCountry":"United States"
              },{
                "LocationFacility":"Local Institution",
                "LocationCity":"North Miami Beach",
                "LocationState":"Florida",
                "LocationCountry":"United States"
              },{
                "LocationFacility":"Local Institution",
                "LocationCity":"West Palm Beach",
                "LocationState":"Florida",
                "LocationCountry":"United States"
              },{
                "LocationFacility":"Local Institution",
                "LocationCity":"Atlanta",
                "LocationState":"Georgia",
                "LocationCountry":"United States"
              },{
                "LocationFacility":"Local Institution",
                "LocationCity":"Augusta",
                "LocationState":"Georgia",
                "LocationCountry":"United States"
              },{
                "LocationFacility":"Local Institution",
                "LocationCity":"Macon",
                "LocationState":"Georgia",
                "LocationCountry":"United States"
              },{
                "LocationFacility":"Local Institution",
                "LocationCity":"Honolulu",
                "LocationState":"Hawaii",
                "LocationCountry":"United States"
              },{
                "LocationFacility":"Local Institution",
                "LocationCity":"North Chicago",
                "LocationState":"Illinois",
                "LocationCountry":"United States"
              },{
                "LocationFacility":"Local Institution",
                "LocationCity":"Springfield",
                "LocationState":"Illinois",
                "LocationCountry":"United States"
              },{
                "LocationFacility":"Local Institution",
                "LocationCity":"New Orleans",
                "LocationState":"Louisiana",
                "LocationCountry":"United States"
              },{
                "LocationFacility":"Local Institution",
                "LocationCity":"Shreveport",
                "LocationState":"Louisiana",
                "LocationCountry":"United States"
              },{
                "LocationFacility":"Local Institution",
                "LocationCity":"Baltimore",
                "LocationState":"Maryland",
                "LocationCountry":"United States"
              },{
                "LocationFacility":"Local Institution",
                "LocationCity":"Newton Center",
                "LocationState":"Massachusetts",
                "LocationCountry":"United States"
              },{
                "LocationFacility":"Local Institution",
                "LocationCity":"Springfield",
                "LocationState":"Massachusetts",
                "LocationCountry":"United States"
              },{
                "LocationFacility":"Local Institution",
                "LocationCity":"Wellesley Hills",
                "LocationState":"Massachusetts",
                "LocationCountry":"United States"
              },{
                "LocationFacility":"Local Institution",
                "LocationCity":"Lyons",
                "LocationState":"New Jersey",
                "LocationCountry":"United States"
              },{
                "LocationFacility":"Local Institution",
                "LocationCity":"Albany",
                "LocationState":"New York",
                "LocationCountry":"United States"
              },{
                "LocationFacility":"Local Institution",
                "LocationCity":"Lawrence",
                "LocationState":"New York",
                "LocationCountry":"United States"
              },{
                "LocationFacility":"Local Institution",
                "LocationCity":"Montrose",
                "LocationState":"New York",
                "LocationCountry":"United States"
              },{
                "LocationFacility":"Local Institution",
                "LocationCity":"Northport",
                "LocationState":"New York",
                "LocationCountry":"United States"
              },{
                "LocationFacility":"Local Institution",
                "LocationCity":"White Plains",
                "LocationState":"New York",
                "LocationCountry":"United States"
              },{
                "LocationFacility":"Local Institution",
                "LocationCity":"Raleigh",
                "LocationState":"North Carolina",
                "LocationCountry":"United States"
              },{
                "LocationFacility":"Local Institution",
                "LocationCity":"Beachwood",
                "LocationState":"Ohio",
                "LocationCountry":"United States"
              },{
                "LocationFacility":"Local Institution",
                "LocationCity":"Portland",
                "LocationState":"Oregon",
                "LocationCountry":"United States"
              },{
                "LocationFacility":"Local Institution",
                "LocationCity":"Hershey",
                "LocationState":"Pennsylvania",
                "LocationCountry":"United States"
              },{
                "LocationFacility":"Local Institution",
                "LocationCity":"Austin",
                "LocationState":"Texas",
                "LocationCountry":"United States"
              },{
                "LocationFacility":"Local Institution",
                "LocationCity":"Dallas",
                "LocationState":"Texas",
                "LocationCountry":"United States"
              },{
                "LocationFacility":"Local Institution",
                "LocationCity":"San Antonio",
                "LocationState":"Texas",
                "LocationCountry":"United States"
              },{
                "LocationFacility":"Local Institution",
                "LocationCity":"Wichita Falls",
                "LocationState":"Texas",
                "LocationCountry":"United States"
              },{
                "LocationFacility":"Local Institution",
                "LocationCity":"Bennington",
                "LocationState":"Vermont",
                "LocationCountry":"United States"
              },{
                "LocationFacility":"Local Institution",
                "LocationCity":"Charlottesville",
                "LocationState":"Virginia",
                "LocationCountry":"United States"
              },{
                "LocationFacility":"Local Institution",
                "LocationCity":"Seattle",
                "LocationState":"Washington",
                "LocationCountry":"United States"
              }
            ]
          }
        }
      },
      "DerivedSection":{
        "MiscInfoModule":{
          "VersionHolder":"April 19, 2021"
        },
        "ConditionBrowseModule":{
          "ConditionMeshList":{
            "ConditionMesh":[
              {
                "ConditionMeshId":"D000000544",
                "ConditionMeshTerm":"Alzheimer Disease"
              }
            ]
          },
          "ConditionAncestorList":{
            "ConditionAncestor":[
              {
                "ConditionAncestorId":"D000003704",
                "ConditionAncestorTerm":"Dementia"
              },{
                "ConditionAncestorId":"D000001927",
                "ConditionAncestorTerm":"Brain Diseases"
              },{
                "ConditionAncestorId":"D000002493",
                "ConditionAncestorTerm":"Central Nervous System Diseases"
              },{
                "ConditionAncestorId":"D000009422",
                "ConditionAncestorTerm":"Nervous System Diseases"
              },{
                "ConditionAncestorId":"D000024801",
                "ConditionAncestorTerm":"Tauopathies"
              },{
                "ConditionAncestorId":"D000019636",
                "ConditionAncestorTerm":"Neurodegenerative Diseases"
              },{
                "ConditionAncestorId":"D000019965",
                "ConditionAncestorTerm":"Neurocognitive Disorders"
              },{
                "ConditionAncestorId":"D000001523",
                "ConditionAncestorTerm":"Mental Disorders"
              }
            ]
          },
          "ConditionBrowseLeafList":{
            "ConditionBrowseLeaf":[
              {
                "ConditionBrowseLeafId":"M5487",
                "ConditionBrowseLeafName":"Dementia",
                "ConditionBrowseLeafRelevance":"low"
              },{
                "ConditionBrowseLeafId":"M2466",
                "ConditionBrowseLeafName":"Alzheimer Disease",
                "ConditionBrowseLeafAsFound":"Alzheimer's Disease",
                "ConditionBrowseLeafRelevance":"high"
              },{
                "ConditionBrowseLeafId":"M3396",
                "ConditionBrowseLeafName":"Mental Disorders",
                "ConditionBrowseLeafRelevance":"low"
              },{
                "ConditionBrowseLeafId":"M13056",
                "ConditionBrowseLeafName":"Psychotic Disorders",
                "ConditionBrowseLeafRelevance":"low"
              },{
                "ConditionBrowseLeafId":"M3786",
                "ConditionBrowseLeafName":"Brain Diseases",
                "ConditionBrowseLeafRelevance":"low"
              },{
                "ConditionBrowseLeafId":"M4325",
                "ConditionBrowseLeafName":"Central Nervous System Diseases",
                "ConditionBrowseLeafRelevance":"low"
              },{
                "ConditionBrowseLeafId":"M21586",
                "ConditionBrowseLeafName":"Tauopathies",
                "ConditionBrowseLeafRelevance":"low"
              },{
                "ConditionBrowseLeafId":"M20142",
                "ConditionBrowseLeafName":"Neurodegenerative Diseases",
                "ConditionBrowseLeafRelevance":"low"
              },{
                "ConditionBrowseLeafId":"M20420",
                "ConditionBrowseLeafName":"Neurocognitive Disorders",
                "ConditionBrowseLeafRelevance":"low"
              },{
                "ConditionBrowseLeafId":"T2192",
                "ConditionBrowseLeafName":"Familial Alzheimer Disease",
                "ConditionBrowseLeafRelevance":"low"
              }
            ]
          },
          "ConditionBrowseBranchList":{
            "ConditionBrowseBranch":[
              {
                "ConditionBrowseBranchAbbrev":"BC10",
                "ConditionBrowseBranchName":"Nervous System Diseases"
              },{
                "ConditionBrowseBranchAbbrev":"BXM",
                "ConditionBrowseBranchName":"Behaviors and Mental Disorders"
              },{
                "ConditionBrowseBranchAbbrev":"All",
                "ConditionBrowseBranchName":"All Conditions"
              },{
                "ConditionBrowseBranchAbbrev":"Rare",
                "ConditionBrowseBranchName":"Rare Diseases"
              }
            ]
          }
        },
        "InterventionBrowseModule":{
          "InterventionMeshList":{
            "InterventionMesh":[
              {
                "InterventionMeshId":"D000068180",
                "InterventionMeshTerm":"Aripiprazole"
              }
            ]
          },
          "InterventionAncestorList":{
            "InterventionAncestor":[
              {
                "InterventionAncestorId":"D000000928",
                "InterventionAncestorTerm":"Antidepressive Agents"
              },{
                "InterventionAncestorId":"D000011619",
                "InterventionAncestorTerm":"Psychotropic Drugs"
              },{
                "InterventionAncestorId":"D000014150",
                "InterventionAncestorTerm":"Antipsychotic Agents"
              },{
                "InterventionAncestorId":"D000014149",
                "InterventionAncestorTerm":"Tranquilizing Agents"
              },{
                "InterventionAncestorId":"D000002492",
                "InterventionAncestorTerm":"Central Nervous System Depressants"
              },{
                "InterventionAncestorId":"D000045505",
                "InterventionAncestorTerm":"Physiological Effects of Drugs"
              },{
                "InterventionAncestorId":"D000018491",
                "InterventionAncestorTerm":"Dopamine Agonists"
              },{
                "InterventionAncestorId":"D000015259",
                "InterventionAncestorTerm":"Dopamine Agents"
              },{
                "InterventionAncestorId":"D000018377",
                "InterventionAncestorTerm":"Neurotransmitter Agents"
              },{
                "InterventionAncestorId":"D000045504",
                "InterventionAncestorTerm":"Molecular Mechanisms of Pharmacological Action"
              },{
                "InterventionAncestorId":"D000058825",
                "InterventionAncestorTerm":"Serotonin 5-HT1 Receptor Agonists"
              },{
                "InterventionAncestorId":"D000017366",
                "InterventionAncestorTerm":"Serotonin Receptor Agonists"
              },{
                "InterventionAncestorId":"D000018490",
                "InterventionAncestorTerm":"Serotonin Agents"
              },{
                "InterventionAncestorId":"D000058830",
                "InterventionAncestorTerm":"Serotonin 5-HT2 Receptor Antagonists"
              },{
                "InterventionAncestorId":"D000012702",
                "InterventionAncestorTerm":"Serotonin Antagonists"
              },{
                "InterventionAncestorId":"D000065127",
                "InterventionAncestorTerm":"Dopamine D2 Receptor Antagonists"
              },{
                "InterventionAncestorId":"D000018492",
                "InterventionAncestorTerm":"Dopamine Antagonists"
              }
            ]
          },
          "InterventionBrowseLeafList":{
            "InterventionBrowseLeaf":[
              {
                "InterventionBrowseLeafId":"M229",
                "InterventionBrowseLeafName":"Aripiprazole",
                "InterventionBrowseLeafAsFound":"Primary care",
                "InterventionBrowseLeafRelevance":"high"
              },{
                "InterventionBrowseLeafId":"M2828",
                "InterventionBrowseLeafName":"Antidepressive Agents",
                "InterventionBrowseLeafRelevance":"low"
              },{
                "InterventionBrowseLeafId":"M13057",
                "InterventionBrowseLeafName":"Psychotropic Drugs",
                "InterventionBrowseLeafRelevance":"low"
              },{
                "InterventionBrowseLeafId":"M15487",
                "InterventionBrowseLeafName":"Antipsychotic Agents",
                "InterventionBrowseLeafRelevance":"low"
              },{
                "InterventionBrowseLeafId":"M6056",
                "InterventionBrowseLeafName":"Dopamine",
                "InterventionBrowseLeafRelevance":"low"
              },{
                "InterventionBrowseLeafId":"M19179",
                "InterventionBrowseLeafName":"Dopamine Agonists",
                "InterventionBrowseLeafRelevance":"low"
              },{
                "InterventionBrowseLeafId":"M16545",
                "InterventionBrowseLeafName":"Dopamine Agents",
                "InterventionBrowseLeafRelevance":"low"
              },{
                "InterventionBrowseLeafId":"M19088",
                "InterventionBrowseLeafName":"Neurotransmitter Agents",
                "InterventionBrowseLeafRelevance":"low"
              },{
                "InterventionBrowseLeafId":"M14095",
                "InterventionBrowseLeafName":"Serotonin",
                "InterventionBrowseLeafRelevance":"low"
              },{
                "InterventionBrowseLeafId":"M27827",
                "InterventionBrowseLeafName":"Serotonin 5-HT1 Receptor Agonists",
                "InterventionBrowseLeafRelevance":"low"
              },{
                "InterventionBrowseLeafId":"M18231",
                "InterventionBrowseLeafName":"Serotonin Receptor Agonists",
                "InterventionBrowseLeafRelevance":"low"
              },{
                "InterventionBrowseLeafId":"M19180",
                "InterventionBrowseLeafName":"Dopamine Antagonists",
                "InterventionBrowseLeafRelevance":"low"
              }
            ]
          },
          "InterventionBrowseBranchList":{
            "InterventionBrowseBranch":[
              {
                "InterventionBrowseBranchAbbrev":"CNSDep",
                "InterventionBrowseBranchName":"Central Nervous System Depressants"
              },{
                "InterventionBrowseBranchAbbrev":"PsychDr",
                "InterventionBrowseBranchName":"Psychotropic Drugs"
              },{
                "InterventionBrowseBranchAbbrev":"All",
                "InterventionBrowseBranchName":"All Drugs and Chemicals"
              },{
                "InterventionBrowseBranchAbbrev":"CaAg",
                "InterventionBrowseBranchName":"Cardiotonic Agents"
              }
            ]
          }
        }
      }
    }
  }
}

