{
  "FullStudy":{
    "Rank":366920,
    "Study":{
      "ProtocolSection":{
        "IdentificationModule":{
          "NCTId":"NCT00038376",
          "OrgStudyIdInfo":{
            "OrgStudyId":"DM90-007"
          },
          "Organization":{
            "OrgFullName":"M.D. Anderson Cancer Center",
            "OrgClass":"OTHER"
          },
          "BriefTitle":"Phase II Study Of Roferon and Accutane For Patients With T-Cell Malignancies",
          "OfficialTitle":"Phase II Study of Interferon Alpha and Isotretinoin in Patients With T-Cell Malignancies"
        },
        "StatusModule":{
          "StatusVerifiedDate":"October 2018",
          "OverallStatus":"Completed",
          "ExpandedAccessInfo":{
            "HasExpandedAccess":"No"
          },
          "StartDateStruct":{
            "StartDate":"May 8, 1990",
            "StartDateType":"Actual"
          },
          "PrimaryCompletionDateStruct":{
            "PrimaryCompletionDate":"June 30, 2005",
            "PrimaryCompletionDateType":"Actual"
          },
          "CompletionDateStruct":{
            "CompletionDate":"June 30, 2005",
            "CompletionDateType":"Actual"
          },
          "StudyFirstSubmitDate":"May 30, 2002",
          "StudyFirstSubmitQCDate":"May 30, 2002",
          "StudyFirstPostDateStruct":{
            "StudyFirstPostDate":"May 31, 2002",
            "StudyFirstPostDateType":"Estimate"
          },
          "LastUpdateSubmitDate":"October 25, 2018",
          "LastUpdatePostDateStruct":{
            "LastUpdatePostDate":"October 29, 2018",
            "LastUpdatePostDateType":"Actual"
          }
        },
        "SponsorCollaboratorsModule":{
          "ResponsibleParty":{
            "ResponsiblePartyType":"Sponsor"
          },
          "LeadSponsor":{
            "LeadSponsorName":"M.D. Anderson Cancer Center",
            "LeadSponsorClass":"OTHER"
          }
        },
        "OversightModule":{
          "OversightHasDMC":"No"
        },
        "DescriptionModule":{
          "BriefSummary":"The purpose of this study is to determine the response rate of patients with T-cell malignancies to combination therapy using interferon-alpha (Roferon) and Isotretinoin (Accutane).",
          "DetailedDescription":"Retinoids have shown activity in T-cell malignancies in past studies (both isotretinoin and etretinate) with an overall response rate of about 60%. One third of those responses were complete responses. Interferon-alpha has proven efficacy in wide ranges of human malignancies including T-cell lymphomas as a single agent. A clinical trial was needed to evaluate the response rate of these two agents combined.\n\nInterferon is a normal body protein, which is made by cells after exposure to viruses. It acts as a messenger to warn surrounding cells of invasions by viruses and, possibly, by cancer cells. Isotretinoin is a synthetic form of Vitamin A which effects the growth of normal cells and cancer cells.\n\nParticipants participating in this study will receive a combination of alpha-interferon and isotretinoin. Alpha-interferon will be given once a day for an initial period of 12 weeks. Participants will take the drug home, where a nurse or family member of the participant (who can be trained at UTMDACC) will inject it just under the skin (SQ). Isotretinoin will be given by mouth twice a day.\n\nIf a participant's disease does not show a response, the alpha-interferon and the isotretinoin will be increased. If side effects occur, the dose of alpha-interferon and/or isotretinoin will be decreased by 50%. If the side effects are severe, therapy will be discontinued. If the participant's disease is unresponsive or worsens, the participant will be taken off study and other treatments will be recommended.\n\nResponding participants will be placed on a maintenance schedule for as long as they respond. Up to 60 participants will be studied at UT M.D. Anderson Cancer Center to test the effectiveness of this drug combination.\n\nThis is an investigational study. Alpha-interferon and isotretinoin are FDA approved and commercially available."
        },
        "ConditionsModule":{
          "ConditionList":{
            "Condition":[
              "Lymphoma, T-Cell",
              "Mycosis Fungoides",
              "Hematologic Neoplasms"
            ]
          },
          "KeywordList":{
            "Keyword":[
              "T-cell lymphoma",
              "accutane",
              "isotretinoin",
              "mycosis fungoides",
              "T-cell malignancies"
            ]
          }
        },
        "DesignModule":{
          "StudyType":"Interventional",
          "PhaseList":{
            "Phase":[
              "Phase 2"
            ]
          },
          "DesignInfo":{
            "DesignAllocation":"Non-Randomized",
            "DesignInterventionModel":"Single Group Assignment",
            "DesignPrimaryPurpose":"Treatment",
            "DesignMaskingInfo":{
              "DesignMasking":"None (Open Label)"
            }
          },
          "EnrollmentInfo":{
            "EnrollmentCount":"56",
            "EnrollmentType":"Actual"
          }
        },
        "ArmsInterventionsModule":{
          "ArmGroupList":{
            "ArmGroup":[
              {
                "ArmGroupLabel":"1",
                "ArmGroupType":"Experimental",
                "ArmGroupDescription":"Alpha-interferon + Isotretinoin",
                "ArmGroupInterventionList":{
                  "ArmGroupInterventionName":[
                    "Drug: Isotretinoin (Accutane)",
                    "Drug: Interferon Alpha"
                  ]
                }
              }
            ]
          },
          "InterventionList":{
            "Intervention":[
              {
                "InterventionType":"Drug",
                "InterventionName":"Isotretinoin (Accutane)",
                "InterventionDescription":"0.5 mg/k (1.0 mg/k total) by mouth twice a day",
                "InterventionArmGroupLabelList":{
                  "InterventionArmGroupLabel":[
                    "1"
                  ]
                },
                "InterventionOtherNameList":{
                  "InterventionOtherName":[
                    "13-cis-Retinoic Acid"
                  ]
                }
              },{
                "InterventionType":"Drug",
                "InterventionName":"Interferon Alpha",
                "InterventionDescription":"Starting dose of 3 MU injected under skin once a day for 12 weeks.",
                "InterventionArmGroupLabelList":{
                  "InterventionArmGroupLabel":[
                    "1"
                  ]
                },
                "InterventionOtherNameList":{
                  "InterventionOtherName":[
                    "Intron A",
                    "Interferon alfa-2b"
                  ]
                }
              }
            ]
          }
        },
        "OutcomesModule":{
          "PrimaryOutcomeList":{
            "PrimaryOutcome":[
              {
                "PrimaryOutcomeMeasure":"To determine if the drug combination of alpha-interferon and isotretinoin is effective in controlling T-cell malignancies.",
                "PrimaryOutcomeTimeFrame":"15 Years"
              }
            ]
          }
        },
        "EligibilityModule":{
          "EligibilityCriteria":"Inclusion Criteria:\n\nPatients with histologic proof of incurable T-cell malignancy or Hodgkin's disease, and not eligible for existing/higher priority protocols. Patients with Hodgkin's disease will be eligible only if they have failed at least a MOPP-like and ABVD-like regimen.\nPatients should not have received chemotherapy, immunotherapy, hormonal therapy, or radiation therapy within three weeks of entry into the study and must have recovered from acute toxic effects of prior therapy.\nPatients must have a life expectancy of at least 12 weeks and a performance status of less than or equal to 2 (Zubrod scale: Appendix A).\nPatients must sign an informed consent indicating that they are aware of the investigational nature of this study, in keeping with policies of the hospital. The only approved consent form is appended to this protocol.\nPatients must have measurable or evaluable disease.\nPatients must be greater than or equal to 18 years old.\nPatients may receive no other concurrent chemotherapy, immunotherapy, or radiotherapy.\nPatients should have adequate hepatic function with bilirubin of less than or equal to 2.0 mg%, and SGPT of less than or equal to 4 times the upper limits of normal.\nPatients should have adequate renal function (defined as serum creatinine of less than or equal to 2.0 mg%).\nPatients should have serum triglyceride level less than or equal to 2.5 times the upper limits of normal.\nPatients may not have serious intercurrent medical illness.\nPatients of child bearing potential must be practicing adequate contraception.\nPatients will be eligible regardless of the extent of prior chemotherapy.\n\nExclusion Criteria:\n\n1) Pediatric Patients under 18 years old.",
          "HealthyVolunteers":"No",
          "Gender":"All",
          "MinimumAge":"18 Years",
          "StdAgeList":{
            "StdAge":[
              "Adult",
              "Older Adult"
            ]
          }
        },
        "ContactsLocationsModule":{
          "OverallOfficialList":{
            "OverallOfficial":[
              {
                "OverallOfficialName":"Razelle Kurzrock, MD, BS",
                "OverallOfficialAffiliation":"UT MD Anderson Cancer Center",
                "OverallOfficialRole":"Principal Investigator"
              }
            ]
          },
          "LocationList":{
            "Location":[
              {
                "LocationFacility":"M. D. Anderson Cancer Center",
                "LocationCity":"Houston",
                "LocationState":"Texas",
                "LocationZip":"77030",
                "LocationCountry":"United States"
              }
            ]
          }
        },
        "ReferencesModule":{
          "SeeAlsoLinkList":{
            "SeeAlsoLink":[
              {
                "SeeAlsoLinkLabel":"UT MD Anderson Cancer Center website",
                "SeeAlsoLinkURL":"http://www.mdanderson.org"
              }
            ]
          }
        }
      },
      "DerivedSection":{
        "MiscInfoModule":{
          "VersionHolder":"April 19, 2021"
        },
        "ConditionBrowseModule":{
          "ConditionMeshList":{
            "ConditionMesh":[
              {
                "ConditionMeshId":"D000009181",
                "ConditionMeshTerm":"Mycoses"
              },{
                "ConditionMeshId":"D000009369",
                "ConditionMeshTerm":"Neoplasms"
              },{
                "ConditionMeshId":"D000009182",
                "ConditionMeshTerm":"Mycosis Fungoides"
              },{
                "ConditionMeshId":"D000019337",
                "ConditionMeshTerm":"Hematologic Neoplasms"
              },{
                "ConditionMeshId":"D000016399",
                "ConditionMeshTerm":"Lymphoma, T-Cell"
              }
            ]
          },
          "ConditionAncestorList":{
            "ConditionAncestor":[
              {
                "ConditionAncestorId":"D000008223",
                "ConditionAncestorTerm":"Lymphoma"
              },{
                "ConditionAncestorId":"D000009370",
                "ConditionAncestorTerm":"Neoplasms by Histologic Type"
              },{
                "ConditionAncestorId":"D000008232",
                "ConditionAncestorTerm":"Lymphoproliferative Disorders"
              },{
                "ConditionAncestorId":"D000008206",
                "ConditionAncestorTerm":"Lymphatic Diseases"
              },{
                "ConditionAncestorId":"D000007160",
                "ConditionAncestorTerm":"Immunoproliferative Disorders"
              },{
                "ConditionAncestorId":"D000007154",
                "ConditionAncestorTerm":"Immune System Diseases"
              },{
                "ConditionAncestorId":"D000016410",
                "ConditionAncestorTerm":"Lymphoma, T-Cell, Cutaneous"
              },{
                "ConditionAncestorId":"D000008228",
                "ConditionAncestorTerm":"Lymphoma, Non-Hodgkin"
              },{
                "ConditionAncestorId":"D000009371",
                "ConditionAncestorTerm":"Neoplasms by Site"
              },{
                "ConditionAncestorId":"D000006402",
                "ConditionAncestorTerm":"Hematologic Diseases"
              }
            ]
          },
          "ConditionBrowseLeafList":{
            "ConditionBrowseLeaf":[
              {
                "ConditionBrowseLeafId":"M9803",
                "ConditionBrowseLeafName":"Lymphoma",
                "ConditionBrowseLeafRelevance":"low"
              },{
                "ConditionBrowseLeafId":"M17412",
                "ConditionBrowseLeafName":"Lymphoma, T-Cell",
                "ConditionBrowseLeafAsFound":"Lymphoma, T-Cell",
                "ConditionBrowseLeafRelevance":"high"
              },{
                "ConditionBrowseLeafId":"M19898",
                "ConditionBrowseLeafName":"Hematologic Neoplasms",
                "ConditionBrowseLeafAsFound":"Hematologic Neoplasms",
                "ConditionBrowseLeafRelevance":"high"
              },{
                "ConditionBrowseLeafId":"M10719",
                "ConditionBrowseLeafName":"Mycoses",
                "ConditionBrowseLeafAsFound":"Mycosis",
                "ConditionBrowseLeafRelevance":"high"
              },{
                "ConditionBrowseLeafId":"M10720",
                "ConditionBrowseLeafName":"Mycosis Fungoides",
                "ConditionBrowseLeafAsFound":"Mycosis fungoides",
                "ConditionBrowseLeafRelevance":"high"
              },{
                "ConditionBrowseLeafId":"M10898",
                "ConditionBrowseLeafName":"Neoplasms by Histologic Type",
                "ConditionBrowseLeafRelevance":"low"
              },{
                "ConditionBrowseLeafId":"M9808",
                "ConditionBrowseLeafName":"Lymphoproliferative Disorders",
                "ConditionBrowseLeafRelevance":"low"
              },{
                "ConditionBrowseLeafId":"M9786",
                "ConditionBrowseLeafName":"Lymphatic Diseases",
                "ConditionBrowseLeafRelevance":"low"
              },{
                "ConditionBrowseLeafId":"M8789",
                "ConditionBrowseLeafName":"Immunoproliferative Disorders",
                "ConditionBrowseLeafRelevance":"low"
              },{
                "ConditionBrowseLeafId":"M8783",
                "ConditionBrowseLeafName":"Immune System Diseases",
                "ConditionBrowseLeafRelevance":"low"
              },{
                "ConditionBrowseLeafId":"M17415",
                "ConditionBrowseLeafName":"Lymphoma, T-Cell, Cutaneous",
                "ConditionBrowseLeafRelevance":"low"
              },{
                "ConditionBrowseLeafId":"M9805",
                "ConditionBrowseLeafName":"Lymphoma, Non-Hodgkin",
                "ConditionBrowseLeafRelevance":"low"
              },{
                "ConditionBrowseLeafId":"M8073",
                "ConditionBrowseLeafName":"Hematologic Diseases",
                "ConditionBrowseLeafRelevance":"low"
              },{
                "ConditionBrowseLeafId":"T3543",
                "ConditionBrowseLeafName":"Lymphosarcoma",
                "ConditionBrowseLeafRelevance":"low"
              },{
                "ConditionBrowseLeafId":"T3986",
                "ConditionBrowseLeafName":"Mycosis Fungoides",
                "ConditionBrowseLeafAsFound":"Mycosis fungoides",
                "ConditionBrowseLeafRelevance":"high"
              }
            ]
          },
          "ConditionBrowseBranchList":{
            "ConditionBrowseBranch":[
              {
                "ConditionBrowseBranchAbbrev":"BC04",
                "ConditionBrowseBranchName":"Cancers and Other Neoplasms"
              },{
                "ConditionBrowseBranchAbbrev":"BC15",
                "ConditionBrowseBranchName":"Blood and Lymph Conditions"
              },{
                "ConditionBrowseBranchAbbrev":"BC20",
                "ConditionBrowseBranchName":"Immune System Diseases"
              },{
                "ConditionBrowseBranchAbbrev":"All",
                "ConditionBrowseBranchName":"All Conditions"
              },{
                "ConditionBrowseBranchAbbrev":"BC01",
                "ConditionBrowseBranchName":"Bacterial and Fungal Diseases"
              },{
                "ConditionBrowseBranchAbbrev":"Rare",
                "ConditionBrowseBranchName":"Rare Diseases"
              }
            ]
          }
        },
        "InterventionBrowseModule":{
          "InterventionMeshList":{
            "InterventionMesh":[
              {
                "InterventionMeshId":"D000007372",
                "InterventionMeshTerm":"Interferons"
              },{
                "InterventionMeshId":"D000016898",
                "InterventionMeshTerm":"Interferon-alpha"
              },{
                "InterventionMeshId":"D000077190",
                "InterventionMeshTerm":"Interferon alpha-2"
              },{
                "InterventionMeshId":"D000015474",
                "InterventionMeshTerm":"Isotretinoin"
              }
            ]
          },
          "InterventionAncestorList":{
            "InterventionAncestor":[
              {
                "InterventionAncestorId":"D000000970",
                "InterventionAncestorTerm":"Antineoplastic Agents"
              },{
                "InterventionAncestorId":"D000000998",
                "InterventionAncestorTerm":"Antiviral Agents"
              },{
                "InterventionAncestorId":"D000000890",
                "InterventionAncestorTerm":"Anti-Infective Agents"
              },{
                "InterventionAncestorId":"D000007155",
                "InterventionAncestorTerm":"Immunologic Factors"
              },{
                "InterventionAncestorId":"D000045505",
                "InterventionAncestorTerm":"Physiological Effects of Drugs"
              },{
                "InterventionAncestorId":"D000003879",
                "InterventionAncestorTerm":"Dermatologic Agents"
              }
            ]
          },
          "InterventionBrowseLeafList":{
            "InterventionBrowseLeaf":[
              {
                "InterventionBrowseLeafId":"M17826",
                "InterventionBrowseLeafName":"Interferon-alpha",
                "InterventionBrowseLeafAsFound":"Vitamin D",
                "InterventionBrowseLeafRelevance":"high"
              },{
                "InterventionBrowseLeafId":"M15548",
                "InterventionBrowseLeafName":"Tretinoin",
                "InterventionBrowseLeafRelevance":"low"
              },{
                "InterventionBrowseLeafId":"M8990",
                "InterventionBrowseLeafName":"Interferons",
                "InterventionBrowseLeafAsFound":"Insulin",
                "InterventionBrowseLeafRelevance":"high"
              },{
                "InterventionBrowseLeafId":"M16714",
                "InterventionBrowseLeafName":"Isotretinoin",
                "InterventionBrowseLeafAsFound":"Junction",
                "InterventionBrowseLeafRelevance":"high"
              },{
                "InterventionBrowseLeafId":"M1685",
                "InterventionBrowseLeafName":"Interferon alpha-2",
                "InterventionBrowseLeafAsFound":"Events",
                "InterventionBrowseLeafRelevance":"high"
              },{
                "InterventionBrowseLeafId":"M2895",
                "InterventionBrowseLeafName":"Antiviral Agents",
                "InterventionBrowseLeafRelevance":"low"
              },{
                "InterventionBrowseLeafId":"M2795",
                "InterventionBrowseLeafName":"Anti-Infective Agents",
                "InterventionBrowseLeafRelevance":"low"
              },{
                "InterventionBrowseLeafId":"M8784",
                "InterventionBrowseLeafName":"Immunologic Factors",
                "InterventionBrowseLeafRelevance":"low"
              },{
                "InterventionBrowseLeafId":"M5657",
                "InterventionBrowseLeafName":"Dermatologic Agents",
                "InterventionBrowseLeafRelevance":"low"
              }
            ]
          },
          "InterventionBrowseBranchList":{
            "InterventionBrowseBranch":[
              {
                "InterventionBrowseBranchAbbrev":"Infe",
                "InterventionBrowseBranchName":"Anti-Infective Agents"
              },{
                "InterventionBrowseBranchAbbrev":"All",
                "InterventionBrowseBranchName":"All Drugs and Chemicals"
              },{
                "InterventionBrowseBranchAbbrev":"ANeo",
                "InterventionBrowseBranchName":"Antineoplastic Agents"
              },{
                "InterventionBrowseBranchAbbrev":"Derm",
                "InterventionBrowseBranchName":"Dermatologic Agents"
              }
            ]
          }
        }
      }
    }
  }
}

