{
  "FullStudy":{
    "Rank":367481,
    "Study":{
      "ProtocolSection":{
        "IdentificationModule":{
          "NCTId":"NCT00030615",
          "OrgStudyIdInfo":{
            "OrgStudyId":"NCI-2012-02727"
          },
          "SecondaryIdInfoList":{
            "SecondaryIdInfo":[
              {
                "SecondaryId":"OC-01-01"
              },{
                "SecondaryId":"U01CA062505",
                "SecondaryIdType":"U.S. NIH Grant/Contract",
                "SecondaryIdLink":"https://projectreporter.nih.gov/reporterapi.cfm?PROJECTNUM=U01CA062505&Fy=all"
              },{
                "SecondaryId":"CDR0000069182",
                "SecondaryIdType":"Registry Identifier",
                "SecondaryIdDomain":"PDQ (Physician Data Query)"
              }
            ]
          },
          "Organization":{
            "OrgFullName":"National Cancer Institute (NCI)",
            "OrgClass":"NIH"
          },
          "BriefTitle":"Decitabine in Treating Patients With Advanced Solid Tumors",
          "OfficialTitle":"A Phase I Study Of The Toxicities, Biologic And Clinical Effects Of Daily 5 Aza 2'Deoxycytidine (DAC), NSC 127716 (IND 50733) For Four Weeks In Patients With Advanced Malignancies"
        },
        "StatusModule":{
          "StatusVerifiedDate":"February 2013",
          "OverallStatus":"Completed",
          "ExpandedAccessInfo":{
            "HasExpandedAccess":"No"
          },
          "StartDateStruct":{
            "StartDate":"December 2001"
          },
          "PrimaryCompletionDateStruct":{
            "PrimaryCompletionDate":"September 2008",
            "PrimaryCompletionDateType":"Actual"
          },
          "StudyFirstSubmitDate":"February 14, 2002",
          "StudyFirstSubmitQCDate":"January 26, 2003",
          "StudyFirstPostDateStruct":{
            "StudyFirstPostDate":"January 27, 2003",
            "StudyFirstPostDateType":"Estimate"
          },
          "LastUpdateSubmitDate":"February 6, 2013",
          "LastUpdatePostDateStruct":{
            "LastUpdatePostDate":"February 7, 2013",
            "LastUpdatePostDateType":"Estimate"
          }
        },
        "SponsorCollaboratorsModule":{
          "ResponsibleParty":{
            "ResponsiblePartyType":"Sponsor"
          },
          "LeadSponsor":{
            "LeadSponsorName":"National Cancer Institute (NCI)",
            "LeadSponsorClass":"NIH"
          }
        },
        "OversightModule":{},
        "DescriptionModule":{
          "BriefSummary":"This phase I trial is studying the side effects and best dose of decitabine in treating patients with advanced solid tumors that have not responded to previous treatment. Drugs used in chemotherapy use different ways to stop tumor cells from dividing so they stop growing or die",
          "DetailedDescription":"PRIMARY OBJECTIVES:\n\nI. Determine the maximum tolerated dose of decitabine in patients with advanced solid tumors.\n\nII. Determine the toxic effects of this drug in these patients. III. Determine the dose of this drug with biologic activity in these patients. IV. Determine the pharmacokinetics of this drug in these patients. V. Determine clinical response to this drug in these patients.\n\nOUTLINE: This is a dose-escalation, multicenter study.\n\nPatients receive decitabine IV over 30 minutes on days 1-5 weekly for 4 weeks. Courses repeat every 6 weeks in the absence of disease progression or unacceptable toxicity.\n\nCohorts of 3-6 patients receive escalating doses of decitabine until the maximum tolerated dose (MTD) is determined. The MTD is defined as the dose preceding that at which at least 2 of 3 or 2 of 6 patients experience dose-limiting toxicity.\n\nPatients are followed at 2 weeks."
        },
        "ConditionsModule":{
          "ConditionList":{
            "Condition":[
              "Male Breast Cancer",
              "Recurrent Bladder Cancer",
              "Recurrent Breast Cancer",
              "Recurrent Melanoma",
              "Stage III Melanoma",
              "Stage IV Bladder Cancer",
              "Stage IV Breast Cancer",
              "Stage IV Melanoma",
              "Unspecified Adult Solid Tumor, Protocol Specific"
            ]
          }
        },
        "DesignModule":{
          "StudyType":"Interventional",
          "PhaseList":{
            "Phase":[
              "Phase 1"
            ]
          },
          "DesignInfo":{
            "DesignAllocation":"N/A",
            "DesignInterventionModel":"Single Group Assignment",
            "DesignPrimaryPurpose":"Treatment",
            "DesignMaskingInfo":{
              "DesignMasking":"None (Open Label)"
            }
          },
          "EnrollmentInfo":{
            "EnrollmentCount":"24",
            "EnrollmentType":"Actual"
          }
        },
        "ArmsInterventionsModule":{
          "ArmGroupList":{
            "ArmGroup":[
              {
                "ArmGroupLabel":"Treatment (decitabine)",
                "ArmGroupType":"Experimental",
                "ArmGroupDescription":"Patients receive decitabine IV over 30 minutes on days 1-5 weekly for 4 weeks. Courses repeat every 6 weeks in the absence of disease progression or unacceptable toxicity.\n\nCohorts of 3-6 patients receive escalating doses of decitabine until the MTD is determined. The MTD is defined as the dose preceding that at which at least 2 of 3 or 2 of 6 patients experience dose-limiting toxicity.",
                "ArmGroupInterventionList":{
                  "ArmGroupInterventionName":[
                    "Drug: decitabine",
                    "Other: pharmacological study",
                    "Other: laboratory biomarker analysis"
                  ]
                }
              }
            ]
          },
          "InterventionList":{
            "Intervention":[
              {
                "InterventionType":"Drug",
                "InterventionName":"decitabine",
                "InterventionDescription":"Given IV",
                "InterventionArmGroupLabelList":{
                  "InterventionArmGroupLabel":[
                    "Treatment (decitabine)"
                  ]
                },
                "InterventionOtherNameList":{
                  "InterventionOtherName":[
                    "5-aza-dCyd",
                    "5AZA",
                    "DAC"
                  ]
                }
              },{
                "InterventionType":"Other",
                "InterventionName":"pharmacological study",
                "InterventionDescription":"Correlative studies",
                "InterventionArmGroupLabelList":{
                  "InterventionArmGroupLabel":[
                    "Treatment (decitabine)"
                  ]
                },
                "InterventionOtherNameList":{
                  "InterventionOtherName":[
                    "pharmacological studies"
                  ]
                }
              },{
                "InterventionType":"Other",
                "InterventionName":"laboratory biomarker analysis",
                "InterventionDescription":"Correlative studies",
                "InterventionArmGroupLabelList":{
                  "InterventionArmGroupLabel":[
                    "Treatment (decitabine)"
                  ]
                }
              }
            ]
          }
        },
        "OutcomesModule":{
          "PrimaryOutcomeList":{
            "PrimaryOutcome":[
              {
                "PrimaryOutcomeMeasure":"Maximum tolerated dose determined by dose-limiting toxicities graded according to CTC 2.0 toxicity criteria",
                "PrimaryOutcomeTimeFrame":"6 weeks"
              }
            ]
          }
        },
        "EligibilityModule":{
          "EligibilityCriteria":"Inclusion Criteria:\n\nDiagnosis of advanced metastatic solid tumor for which all standard therapy has failed, including, but not limited to the following:\n\nStage III or IV melanoma\n\nMucosal melanoma allowed\nNo resectable stage III melanoma\nBladder cancer\nBreast cancer\nNo active symptomatic CNS disease\nNo radiographically evident cerebral edema\n\nHormone receptor status:\n\nNot specified\nMale or female\nPerformance status - ECOG 0-1\nHemoglobin at least 9.0 g/dL\nPlatelet count at least 100,000/mm^3\nWBC at least 3,500/mm^3\nAbsolute granulocyte count at least 1,500/mm^3\nNo coagulation disorders\nBilirubin no greater than 1.5 times upper limit of normal (ULN)\nSGOT and SGPT less than 2.5 times ULN\nHepatitis B surface antigen negative\nHepatitis C antibody negative\nCreatinine no greater than 1.5 times ULN\nNo major cardiovascular system illness\nNo major respiratory system illness\nNot pregnant or nursing\nNegative pregnancy test\nFertile patients must use effective contraception\nHIV negative\nNo major systemic infection\nAt least 1 month since prior radiotherapy\nAt least 1 month since any prior anticancer therapy or adjuvant therapy\nNo other experimental treatment within 30 days prior to, during, and for 30 days after study therapy",
          "HealthyVolunteers":"No",
          "Gender":"All",
          "MinimumAge":"18 Years",
          "StdAgeList":{
            "StdAge":[
              "Adult",
              "Older Adult"
            ]
          }
        },
        "ContactsLocationsModule":{
          "OverallOfficialList":{
            "OverallOfficial":[
              {
                "OverallOfficialName":"Jeffrey Weber",
                "OverallOfficialAffiliation":"University of Southern California",
                "OverallOfficialRole":"Principal Investigator"
              }
            ]
          },
          "LocationList":{
            "Location":[
              {
                "LocationFacility":"University of Southern California",
                "LocationCity":"Los Angeles",
                "LocationState":"California",
                "LocationZip":"90033-0804",
                "LocationCountry":"United States"
              }
            ]
          }
        }
      },
      "DerivedSection":{
        "MiscInfoModule":{
          "VersionHolder":"April 19, 2021"
        },
        "ConditionBrowseModule":{
          "ConditionMeshList":{
            "ConditionMesh":[
              {
                "ConditionMeshId":"D000001943",
                "ConditionMeshTerm":"Breast Neoplasms"
              },{
                "ConditionMeshId":"D000008545",
                "ConditionMeshTerm":"Melanoma"
              },{
                "ConditionMeshId":"D000001749",
                "ConditionMeshTerm":"Urinary Bladder Neoplasms"
              },{
                "ConditionMeshId":"D000018567",
                "ConditionMeshTerm":"Breast Neoplasms, Male"
              }
            ]
          },
          "ConditionAncestorList":{
            "ConditionAncestor":[
              {
                "ConditionAncestorId":"D000009371",
                "ConditionAncestorTerm":"Neoplasms by Site"
              },{
                "ConditionAncestorId":"D000009369",
                "ConditionAncestorTerm":"Neoplasms"
              },{
                "ConditionAncestorId":"D000001941",
                "ConditionAncestorTerm":"Breast Diseases"
              },{
                "ConditionAncestorId":"D000012871",
                "ConditionAncestorTerm":"Skin Diseases"
              },{
                "ConditionAncestorId":"D000018358",
                "ConditionAncestorTerm":"Neuroendocrine Tumors"
              },{
                "ConditionAncestorId":"D000017599",
                "ConditionAncestorTerm":"Neuroectodermal Tumors"
              },{
                "ConditionAncestorId":"D000009373",
                "ConditionAncestorTerm":"Neoplasms, Germ Cell and Embryonal"
              },{
                "ConditionAncestorId":"D000009370",
                "ConditionAncestorTerm":"Neoplasms by Histologic Type"
              },{
                "ConditionAncestorId":"D000009380",
                "ConditionAncestorTerm":"Neoplasms, Nerve Tissue"
              },{
                "ConditionAncestorId":"D000018326",
                "ConditionAncestorTerm":"Nevi and Melanomas"
              },{
                "ConditionAncestorId":"D000014571",
                "ConditionAncestorTerm":"Urologic Neoplasms"
              },{
                "ConditionAncestorId":"D000014565",
                "ConditionAncestorTerm":"Urogenital Neoplasms"
              },{
                "ConditionAncestorId":"D000001745",
                "ConditionAncestorTerm":"Urinary Bladder Diseases"
              },{
                "ConditionAncestorId":"D000014570",
                "ConditionAncestorTerm":"Urologic Diseases"
              }
            ]
          },
          "ConditionBrowseLeafList":{
            "ConditionBrowseLeaf":[
              {
                "ConditionBrowseLeafId":"M3802",
                "ConditionBrowseLeafName":"Breast Neoplasms",
                "ConditionBrowseLeafAsFound":"Breast Cancer",
                "ConditionBrowseLeafRelevance":"high"
              },{
                "ConditionBrowseLeafId":"M10111",
                "ConditionBrowseLeafName":"Melanoma",
                "ConditionBrowseLeafAsFound":"Melanoma",
                "ConditionBrowseLeafRelevance":"high"
              },{
                "ConditionBrowseLeafId":"M3612",
                "ConditionBrowseLeafName":"Urinary Bladder Neoplasms",
                "ConditionBrowseLeafAsFound":"Bladder Cancer",
                "ConditionBrowseLeafRelevance":"high"
              },{
                "ConditionBrowseLeafId":"M19249",
                "ConditionBrowseLeafName":"Breast Neoplasms, Male",
                "ConditionBrowseLeafAsFound":"Male breast cancer",
                "ConditionBrowseLeafRelevance":"high"
              },{
                "ConditionBrowseLeafId":"M3800",
                "ConditionBrowseLeafName":"Breast Diseases",
                "ConditionBrowseLeafRelevance":"low"
              },{
                "ConditionBrowseLeafId":"M14257",
                "ConditionBrowseLeafName":"Skin Diseases",
                "ConditionBrowseLeafRelevance":"low"
              },{
                "ConditionBrowseLeafId":"M19079",
                "ConditionBrowseLeafName":"Neuroendocrine Tumors",
                "ConditionBrowseLeafRelevance":"low"
              },{
                "ConditionBrowseLeafId":"M18428",
                "ConditionBrowseLeafName":"Neuroectodermal Tumors",
                "ConditionBrowseLeafRelevance":"low"
              },{
                "ConditionBrowseLeafId":"M18971",
                "ConditionBrowseLeafName":"Neuroectodermal Tumors, Primitive",
                "ConditionBrowseLeafRelevance":"low"
              },{
                "ConditionBrowseLeafId":"M10901",
                "ConditionBrowseLeafName":"Neoplasms, Germ Cell and Embryonal",
                "ConditionBrowseLeafRelevance":"low"
              },{
                "ConditionBrowseLeafId":"M10898",
                "ConditionBrowseLeafName":"Neoplasms by Histologic Type",
                "ConditionBrowseLeafRelevance":"low"
              },{
                "ConditionBrowseLeafId":"M10908",
                "ConditionBrowseLeafName":"Neoplasms, Nerve Tissue",
                "ConditionBrowseLeafRelevance":"low"
              },{
                "ConditionBrowseLeafId":"M11029",
                "ConditionBrowseLeafName":"Nevus",
                "ConditionBrowseLeafRelevance":"low"
              },{
                "ConditionBrowseLeafId":"M11031",
                "ConditionBrowseLeafName":"Nevus, Pigmented",
                "ConditionBrowseLeafRelevance":"low"
              },{
                "ConditionBrowseLeafId":"M19054",
                "ConditionBrowseLeafName":"Nevi and Melanomas",
                "ConditionBrowseLeafRelevance":"low"
              },{
                "ConditionBrowseLeafId":"M15903",
                "ConditionBrowseLeafName":"Urologic Neoplasms",
                "ConditionBrowseLeafRelevance":"low"
              },{
                "ConditionBrowseLeafId":"M15898",
                "ConditionBrowseLeafName":"Urogenital Neoplasms",
                "ConditionBrowseLeafRelevance":"low"
              },{
                "ConditionBrowseLeafId":"M3608",
                "ConditionBrowseLeafName":"Urinary Bladder Diseases",
                "ConditionBrowseLeafRelevance":"low"
              },{
                "ConditionBrowseLeafId":"M15902",
                "ConditionBrowseLeafName":"Urologic Diseases",
                "ConditionBrowseLeafRelevance":"low"
              },{
                "ConditionBrowseLeafId":"T861",
                "ConditionBrowseLeafName":"Breast Cancer, Male",
                "ConditionBrowseLeafAsFound":"Male breast cancer",
                "ConditionBrowseLeafRelevance":"high"
              },{
                "ConditionBrowseLeafId":"T4091",
                "ConditionBrowseLeafName":"Neuroendocrine Tumor",
                "ConditionBrowseLeafRelevance":"low"
              },{
                "ConditionBrowseLeafId":"T4092",
                "ConditionBrowseLeafName":"Neuroepithelioma",
                "ConditionBrowseLeafRelevance":"low"
              }
            ]
          },
          "ConditionBrowseBranchList":{
            "ConditionBrowseBranch":[
              {
                "ConditionBrowseBranchAbbrev":"BC04",
                "ConditionBrowseBranchName":"Cancers and Other Neoplasms"
              },{
                "ConditionBrowseBranchAbbrev":"BC17",
                "ConditionBrowseBranchName":"Skin and Connective Tissue Diseases"
              },{
                "ConditionBrowseBranchAbbrev":"All",
                "ConditionBrowseBranchName":"All Conditions"
              },{
                "ConditionBrowseBranchAbbrev":"BXS",
                "ConditionBrowseBranchName":"Urinary Tract, Sexual Organs, and Pregnancy Conditions"
              },{
                "ConditionBrowseBranchAbbrev":"Rare",
                "ConditionBrowseBranchName":"Rare Diseases"
              }
            ]
          }
        },
        "InterventionBrowseModule":{
          "InterventionMeshList":{
            "InterventionMesh":[
              {
                "InterventionMeshId":"D000077209",
                "InterventionMeshTerm":"Decitabine"
              },{
                "InterventionMeshId":"D000001374",
                "InterventionMeshTerm":"Azacitidine"
              }
            ]
          },
          "InterventionAncestorList":{
            "InterventionAncestor":[
              {
                "InterventionAncestorId":"D000000964",
                "InterventionAncestorTerm":"Antimetabolites, Antineoplastic"
              },{
                "InterventionAncestorId":"D000000963",
                "InterventionAncestorTerm":"Antimetabolites"
              },{
                "InterventionAncestorId":"D000045504",
                "InterventionAncestorTerm":"Molecular Mechanisms of Pharmacological Action"
              },{
                "InterventionAncestorId":"D000000970",
                "InterventionAncestorTerm":"Antineoplastic Agents"
              },{
                "InterventionAncestorId":"D000004791",
                "InterventionAncestorTerm":"Enzyme Inhibitors"
              }
            ]
          },
          "InterventionBrowseLeafList":{
            "InterventionBrowseLeaf":[
              {
                "InterventionBrowseLeafId":"M3254",
                "InterventionBrowseLeafName":"Azacitidine",
                "InterventionBrowseLeafAsFound":"Body Composition",
                "InterventionBrowseLeafRelevance":"high"
              },{
                "InterventionBrowseLeafId":"M1697",
                "InterventionBrowseLeafName":"Decitabine",
                "InterventionBrowseLeafAsFound":"Two weeks",
                "InterventionBrowseLeafRelevance":"high"
              },{
                "InterventionBrowseLeafId":"M2862",
                "InterventionBrowseLeafName":"Antimetabolites",
                "InterventionBrowseLeafRelevance":"low"
              }
            ]
          },
          "InterventionBrowseBranchList":{
            "InterventionBrowseBranch":[
              {
                "InterventionBrowseBranchAbbrev":"ANeo",
                "InterventionBrowseBranchName":"Antineoplastic Agents"
              },{
                "InterventionBrowseBranchAbbrev":"All",
                "InterventionBrowseBranchName":"All Drugs and Chemicals"
              }
            ]
          }
        }
      }
    }
  }
}

