{
  "FullStudy":{
    "Rank":366853,
    "Study":{
      "ProtocolSection":{
        "IdentificationModule":{
          "NCTId":"NCT00039325",
          "OrgStudyIdInfo":{
            "OrgStudyId":"CDR0000069373"
          },
          "SecondaryIdInfoList":{
            "SecondaryIdInfo":[
              {
                "SecondaryId":"UCLA-9707074"
              },{
                "SecondaryId":"NCI-G02-2077"
              }
            ]
          },
          "Organization":{
            "OrgFullName":"Jonsson Comprehensive Cancer Center",
            "OrgClass":"OTHER"
          },
          "BriefTitle":"Vaccine Therapy in Treating Patients With Stage IV or Recurrent Malignant Melanoma",
          "OfficialTitle":"A Phase I/II Trial Testing Mart-1 Genetic Immunization In Malignant Melanoma"
        },
        "StatusModule":{
          "StatusVerifiedDate":"July 2012",
          "OverallStatus":"Completed",
          "ExpandedAccessInfo":{
            "HasExpandedAccess":"No"
          },
          "StartDateStruct":{
            "StartDate":"March 2002"
          },
          "PrimaryCompletionDateStruct":{
            "PrimaryCompletionDate":"September 2005",
            "PrimaryCompletionDateType":"Actual"
          },
          "CompletionDateStruct":{
            "CompletionDate":"June 2009",
            "CompletionDateType":"Actual"
          },
          "StudyFirstSubmitDate":"June 6, 2002",
          "StudyFirstSubmitQCDate":"January 26, 2003",
          "StudyFirstPostDateStruct":{
            "StudyFirstPostDate":"January 27, 2003",
            "StudyFirstPostDateType":"Estimate"
          },
          "LastUpdateSubmitDate":"July 30, 2020",
          "LastUpdatePostDateStruct":{
            "LastUpdatePostDate":"August 3, 2020",
            "LastUpdatePostDateType":"Actual"
          }
        },
        "SponsorCollaboratorsModule":{
          "ResponsibleParty":{
            "ResponsiblePartyType":"Sponsor"
          },
          "LeadSponsor":{
            "LeadSponsorName":"Jonsson Comprehensive Cancer Center",
            "LeadSponsorClass":"OTHER"
          },
          "CollaboratorList":{
            "Collaborator":[
              {
                "CollaboratorName":"National Institutes of Health (NIH)",
                "CollaboratorClass":"NIH"
              }
            ]
          }
        },
        "OversightModule":{
          "OversightHasDMC":"Yes"
        },
        "DescriptionModule":{
          "BriefSummary":"RATIONALE: Vaccines made by inserting a laboratory-treated gene into a person's white blood cells may make the body build an immune response to kill tumor cells.\n\nPURPOSE: This phase I/II trial is studying the side effects and best dose of vaccine therapy and to see how well it works in treating patients with stage IV or recurrent malignant melanoma."
        },
        "ConditionsModule":{
          "ConditionList":{
            "Condition":[
              "Melanoma (Skin)"
            ]
          },
          "KeywordList":{
            "Keyword":[
              "stage IV melanoma",
              "recurrent melanoma"
            ]
          }
        },
        "DesignModule":{
          "StudyType":"Interventional",
          "PhaseList":{
            "Phase":[
              "Phase 1",
              "Phase 2"
            ]
          },
          "DesignInfo":{
            "DesignAllocation":"Non-Randomized",
            "DesignInterventionModel":"Parallel Assignment",
            "DesignPrimaryPurpose":"Treatment",
            "DesignMaskingInfo":{
              "DesignMasking":"None (Open Label)"
            }
          },
          "EnrollmentInfo":{
            "EnrollmentCount":"28",
            "EnrollmentType":"Actual"
          }
        },
        "ArmsInterventionsModule":{
          "ArmGroupList":{
            "ArmGroup":[
              {
                "ArmGroupLabel":"Group A - first dose for phase 1",
                "ArmGroupType":"Experimental",
                "ArmGroupDescription":"A*0201 positive subjects will receive MART-1 adenovirus-transduced dendritic cells (DC)at dose of 10^6. Subjects will receive a total of three biweekly vaccinations given intradermally. If significant clinical or immunological response (to be defined later) is noted, subjects will be eligible for up to 6 additional monthly vaccine administrations.",
                "ArmGroupInterventionList":{
                  "ArmGroupInterventionName":[
                    "Biological: dendritic cell-MART-1 peptide vaccine"
                  ]
                }
              },{
                "ArmGroupLabel":"Arm B - dose increase for phase 1",
                "ArmGroupType":"Experimental",
                "ArmGroupDescription":"A*0201 positive subjects will receive MART-1 adenovirus-transduced dendritic cells (DC)at dose of 10^7. Subjects will receive a total of three biweekly vaccinations given intradermally. If significant clinical or immunological response (to be defined later) is noted, subjects will be eligible for up to 6 additional monthly vaccine administrations.",
                "ArmGroupInterventionList":{
                  "ArmGroupInterventionName":[
                    "Biological: dendritic cell-MART-1 peptide vaccine"
                  ]
                }
              },{
                "ArmGroupLabel":"Arm C - A*0201+/DR*04+ subjects - Phase II",
                "ArmGroupType":"Experimental",
                "ArmGroupDescription":"Subjects will receive MART-1 adenovirus-transduced dendritic cells (DC)at dose of 10^7. Subjects will receive a total of three biweekly vaccinations given intradermally. If significant clinical or immunological response (to be defined later) is noted, subjects will be eligible for up to 6 additional monthly vaccine administrations.",
                "ArmGroupInterventionList":{
                  "ArmGroupInterventionName":[
                    "Biological: dendritic cell-MART-1 peptide vaccine"
                  ]
                }
              },{
                "ArmGroupLabel":"Arm D - A*0201+/DR*04- - phase 2",
                "ArmGroupType":"Experimental",
                "ArmGroupDescription":"Subjects will receive MART-1 adenovirus-transduced dendritic cells (DC)at dose of 10^7. Subjects will receive a total of three biweekly vaccinations given intradermally. If significant clinical or immunological response (to be defined later) is noted, subjects will be eligible for up to 6 additional monthly vaccine administrations.",
                "ArmGroupInterventionList":{
                  "ArmGroupInterventionName":[
                    "Biological: dendritic cell-MART-1 peptide vaccine"
                  ]
                }
              },{
                "ArmGroupLabel":"Arm E - A*0201-/DR*04+ - phase 2",
                "ArmGroupType":"Experimental",
                "ArmGroupDescription":"Subjects will receive MART-1 adenovirus-transduced dendritic cells (DC)at dose of 10^7. Subjects will receive a total of three biweekly vaccinations given intradermally. If significant clinical or immunological response (to be defined later) is noted, subjects will be eligible for up to 6 additional monthly vaccine administrations.",
                "ArmGroupInterventionList":{
                  "ArmGroupInterventionName":[
                    "Biological: dendritic cell-MART-1 peptide vaccine"
                  ]
                }
              }
            ]
          },
          "InterventionList":{
            "Intervention":[
              {
                "InterventionType":"Biological",
                "InterventionName":"dendritic cell-MART-1 peptide vaccine",
                "InterventionDescription":"Subjects will receive MART-1 adenovirus-transduced dendritic cells (DC)at dose of 10^6 (for arm A) or 10^7 (for arms B-E). Subjects will receive a total of three biweekly vaccinations given intradermally. If significant clinical or immunological response (to be defined later) is noted, subjects will be eligible for up to 6 additional monthly vaccine administrations.",
                "InterventionArmGroupLabelList":{
                  "InterventionArmGroupLabel":[
                    "Arm B - dose increase for phase 1",
                    "Arm C - A*0201+/DR*04+ subjects - Phase II",
                    "Arm D - A*0201+/DR*04- - phase 2",
                    "Arm E - A*0201-/DR*04+ - phase 2",
                    "Group A - first dose for phase 1"
                  ]
                }
              }
            ]
          }
        },
        "OutcomesModule":{
          "PrimaryOutcomeList":{
            "PrimaryOutcome":[
              {
                "PrimaryOutcomeMeasure":"Optimal dose",
                "PrimaryOutcomeTimeFrame":"7 months"
              }
            ]
          },
          "SecondaryOutcomeList":{
            "SecondaryOutcome":[
              {
                "SecondaryOutcomeMeasure":"Safety of administering MART-1 adenovirus transduced dendritic cells",
                "SecondaryOutcomeTimeFrame":"7 months"
              },{
                "SecondaryOutcomeMeasure":"Immunological response (peptide-specific T cell generation, skin test immunohistology)",
                "SecondaryOutcomeTimeFrame":"7 months"
              },{
                "SecondaryOutcomeMeasure":"Clinical response (disease improvement or disease progression)",
                "SecondaryOutcomeTimeFrame":"7 months"
              }
            ]
          }
        },
        "EligibilityModule":{
          "EligibilityCriteria":"Inclusion Criteria\n\nThis study is confined to adults over the age of 18 with histologically proven malignant melanoma.\nMART-1, as assessed by either RT-PCR or by immunohistochemistry.\nSubjects must be typed for HLA-A*0201 for the phase I part of the study, and HLA-A*0201 and/or DR*04 for the phase II part.\nStage with unresectable measurable melanoma (stage IV or stage III unresectable). Patients previously treated with any form of therapy (including chemotherapy, radiation therapy, immunotherapy or surgery) for either metastatic, relapsed or primary melanoma are eligible for this trial, provided that previous the previous treatment was completed > 30 days prior to first vaccine.\nBoth male and female patients may be enrolled. Premenopausal females must have a negative pregnancy test prior to treatment.\nKarnofsky Performance Status greater than or equal to 70 percent, or ECOG greater than 2.\nNo previous evidence of class 3 or greater New York Heart Association cardiac insufficiency or coronary artery disease.\nNo previous evidence of opportunistic infection.\nA minimum of 30 days must have elapsed since the completion of prior chemotherapy, immunotherapy or radiation therapy.\n\nAdequate baseline hematological function as assessed by the following laboratory values within 30 days prior to study entry:\n\nHemoglobin > 9.0 g/dl.\nPlatelets > 100,000/mm3.\nWBC > 3,000/mm3.\nAbsolute Neutrophil Count (ANC) > 1,000/mm3.\nAbility to give informed consent.\n\nExclusion Criteria\n\nPatients who meet any one of the following criteria will be excluded from study entry:\n\nLactating females: Females of child-bearing potential (pre-menopausal) must have a negative serum beta-HCG pregnancy test (within Day -7 to Day 0).\nAcute infection: any acute viral, bacterial, or fungal infection which requires specific therapy. Acute therapy must have been completed within 14 days prior to study treatment.\nHIV-infected patients, due to concerns in the ability to stimulate an effective immune response.\nAcute medical problems such as ischemic heart or lung disease that may be considered an unacceptable anesthetic or operative risk.\nPatients with any underlying conditions which would contraindicate therapy with study treatment (or allergies to reagents ).\nPatients with organ allografts.\nUncontrolled CNS metastasis. Patients with CNS metastasis will be eligible if they have received CNS irradiation to control local tumor growth.\nPrevious clinical evidence of an autoimmune disease.\nConcomitant Medication and Treatment\n\nAll allowed medications or treatments should be kept to a minimum and recorded. All questions regarding concomitant medications should be referred to the study chair or investigator.\n\nMedications and Treatments Not Allowed\n\nCorticosteroids\nChemotherapy\nCyclosporin A.",
          "HealthyVolunteers":"No",
          "Gender":"All",
          "MinimumAge":"18 Years",
          "StdAgeList":{
            "StdAge":[
              "Adult",
              "Older Adult"
            ]
          }
        },
        "ContactsLocationsModule":{
          "OverallOfficialList":{
            "OverallOfficial":[
              {
                "OverallOfficialName":"James S. Economou, MD",
                "OverallOfficialAffiliation":"Jonsson Comprehensive Cancer Center",
                "OverallOfficialRole":"Study Chair"
              }
            ]
          },
          "LocationList":{
            "Location":[
              {
                "LocationFacility":"Jonsson Comprehensive Cancer Center at UCLA",
                "LocationCity":"Los Angeles",
                "LocationState":"California",
                "LocationZip":"90095-1781",
                "LocationCountry":"United States"
              }
            ]
          }
        }
      },
      "DerivedSection":{
        "MiscInfoModule":{
          "VersionHolder":"April 19, 2021"
        },
        "ConditionBrowseModule":{
          "ConditionMeshList":{
            "ConditionMesh":[
              {
                "ConditionMeshId":"D000008545",
                "ConditionMeshTerm":"Melanoma"
              }
            ]
          },
          "ConditionAncestorList":{
            "ConditionAncestor":[
              {
                "ConditionAncestorId":"D000018358",
                "ConditionAncestorTerm":"Neuroendocrine Tumors"
              },{
                "ConditionAncestorId":"D000017599",
                "ConditionAncestorTerm":"Neuroectodermal Tumors"
              },{
                "ConditionAncestorId":"D000009373",
                "ConditionAncestorTerm":"Neoplasms, Germ Cell and Embryonal"
              },{
                "ConditionAncestorId":"D000009370",
                "ConditionAncestorTerm":"Neoplasms by Histologic Type"
              },{
                "ConditionAncestorId":"D000009369",
                "ConditionAncestorTerm":"Neoplasms"
              },{
                "ConditionAncestorId":"D000009380",
                "ConditionAncestorTerm":"Neoplasms, Nerve Tissue"
              },{
                "ConditionAncestorId":"D000018326",
                "ConditionAncestorTerm":"Nevi and Melanomas"
              }
            ]
          },
          "ConditionBrowseLeafList":{
            "ConditionBrowseLeaf":[
              {
                "ConditionBrowseLeafId":"M10111",
                "ConditionBrowseLeafName":"Melanoma",
                "ConditionBrowseLeafAsFound":"Melanoma",
                "ConditionBrowseLeafRelevance":"high"
              },{
                "ConditionBrowseLeafId":"M19079",
                "ConditionBrowseLeafName":"Neuroendocrine Tumors",
                "ConditionBrowseLeafRelevance":"low"
              },{
                "ConditionBrowseLeafId":"M18428",
                "ConditionBrowseLeafName":"Neuroectodermal Tumors",
                "ConditionBrowseLeafRelevance":"low"
              },{
                "ConditionBrowseLeafId":"M18971",
                "ConditionBrowseLeafName":"Neuroectodermal Tumors, Primitive",
                "ConditionBrowseLeafRelevance":"low"
              },{
                "ConditionBrowseLeafId":"M10901",
                "ConditionBrowseLeafName":"Neoplasms, Germ Cell and Embryonal",
                "ConditionBrowseLeafRelevance":"low"
              },{
                "ConditionBrowseLeafId":"M10898",
                "ConditionBrowseLeafName":"Neoplasms by Histologic Type",
                "ConditionBrowseLeafRelevance":"low"
              },{
                "ConditionBrowseLeafId":"M10908",
                "ConditionBrowseLeafName":"Neoplasms, Nerve Tissue",
                "ConditionBrowseLeafRelevance":"low"
              },{
                "ConditionBrowseLeafId":"M11029",
                "ConditionBrowseLeafName":"Nevus",
                "ConditionBrowseLeafRelevance":"low"
              },{
                "ConditionBrowseLeafId":"M11031",
                "ConditionBrowseLeafName":"Nevus, Pigmented",
                "ConditionBrowseLeafRelevance":"low"
              },{
                "ConditionBrowseLeafId":"M19054",
                "ConditionBrowseLeafName":"Nevi and Melanomas",
                "ConditionBrowseLeafRelevance":"low"
              },{
                "ConditionBrowseLeafId":"T4091",
                "ConditionBrowseLeafName":"Neuroendocrine Tumor",
                "ConditionBrowseLeafRelevance":"low"
              },{
                "ConditionBrowseLeafId":"T4092",
                "ConditionBrowseLeafName":"Neuroepithelioma",
                "ConditionBrowseLeafRelevance":"low"
              }
            ]
          },
          "ConditionBrowseBranchList":{
            "ConditionBrowseBranch":[
              {
                "ConditionBrowseBranchAbbrev":"BC04",
                "ConditionBrowseBranchName":"Cancers and Other Neoplasms"
              },{
                "ConditionBrowseBranchAbbrev":"All",
                "ConditionBrowseBranchName":"All Conditions"
              },{
                "ConditionBrowseBranchAbbrev":"Rare",
                "ConditionBrowseBranchName":"Rare Diseases"
              }
            ]
          }
        },
        "InterventionBrowseModule":{
          "InterventionBrowseLeafList":{
            "InterventionBrowseLeaf":[
              {
                "InterventionBrowseLeafId":"M15943",
                "InterventionBrowseLeafName":"Vaccines",
                "InterventionBrowseLeafRelevance":"low"
              }
            ]
          },
          "InterventionBrowseBranchList":{
            "InterventionBrowseBranch":[
              {
                "InterventionBrowseBranchAbbrev":"All",
                "InterventionBrowseBranchName":"All Drugs and Chemicals"
              }
            ]
          }
        }
      }
    }
  }
}

