{
  "FullStudy":{
    "Rank":366983,
    "Study":{
      "ProtocolSection":{
        "IdentificationModule":{
          "NCTId":"NCT00037531",
          "OrgStudyIdInfo":{
            "OrgStudyId":"0468E1-306"
          },
          "Organization":{
            "OrgFullName":"Wyeth is now a wholly owned subsidiary of Pfizer",
            "OrgClass":"INDUSTRY"
          },
          "BriefTitle":"Study Evaluating Sirolimus (Rapamune™) in Solid Organ Transplant Recipients",
          "OfficialTitle":"An Open-label Extension Study of the Safety of Long-term Administration of Sirolimus (Rapamune™) in Solid Organ Transplant Recipients"
        },
        "StatusModule":{
          "StatusVerifiedDate":"August 2009",
          "OverallStatus":"Completed",
          "PrimaryCompletionDateStruct":{
            "PrimaryCompletionDate":"August 2004",
            "PrimaryCompletionDateType":"Actual"
          },
          "CompletionDateStruct":{
            "CompletionDate":"August 2004",
            "CompletionDateType":"Actual"
          },
          "StudyFirstSubmitDate":"May 17, 2002",
          "StudyFirstSubmitQCDate":"May 17, 2002",
          "StudyFirstPostDateStruct":{
            "StudyFirstPostDate":"May 20, 2002",
            "StudyFirstPostDateType":"Estimate"
          },
          "LastUpdateSubmitDate":"August 17, 2009",
          "LastUpdatePostDateStruct":{
            "LastUpdatePostDate":"August 18, 2009",
            "LastUpdatePostDateType":"Estimate"
          }
        },
        "SponsorCollaboratorsModule":{
          "LeadSponsor":{
            "LeadSponsorName":"Wyeth is now a wholly owned subsidiary of Pfizer",
            "LeadSponsorClass":"INDUSTRY"
          }
        },
        "OversightModule":{},
        "DescriptionModule":{
          "BriefSummary":"To evaluate the safety of long-term administration of sirolimus oral solution for up to 5 additional years, or until the tablet formulation is commercially available (whichever occurs first) in solid organ transplant recipients who are currently receiving sirolimus and who have completed clinical trials with sirolimus (with or without cyclosporine (CsA). To evaluate the pharmacokinetics and safety of long-term administration of sirolimus tablets administered for up to 5 years, or until the tablet formulation is commercially available in solid organ transplant recipients who are currently receiving sirolimus and who have completed clinical trials with sirolimus (with or without CsA) or who are currently enrolled in protocol 0468E1-306-US."
        },
        "ConditionsModule":{
          "ConditionList":{
            "Condition":[
              "Graft vs Host Disease",
              "Kidney Transplantation"
            ]
          },
          "KeywordList":{
            "Keyword":[
              "Transplant",
              "Kidney"
            ]
          }
        },
        "DesignModule":{
          "StudyType":"Interventional",
          "PhaseList":{
            "Phase":[
              "Phase 3"
            ]
          },
          "EnrollmentInfo":{
            "EnrollmentCount":"769",
            "EnrollmentType":"Actual"
          }
        },
        "ArmsInterventionsModule":{
          "InterventionList":{
            "Intervention":[
              {
                "InterventionType":"Drug",
                "InterventionName":"Sirolimus (RAPAMUNE)"
              }
            ]
          }
        },
        "EligibilityModule":{
          "EligibilityCriteria":"Inclusion Criteria:\n\nCompletion of sirolimus/blinded therapy in solid organ clinical trials (with or without CsA) with satisfactory compliance and an adequate safety profile.\nWomen of childbearing potential who have a negative pregnancy test before enrollment into this study and who agree to practice either a hormonal or barrier method of birth control throughout the treatment period and for 3 months following discontinuation of sirolimus may be enrolled into the study.\nSigned and dated informed consent\n\nExclusion Criteria:\n\nUnstable disease states, which in the opinion of the investigator would present a risk to the patient.\nKnown hypersensitivity to macrolide antibiotics",
          "HealthyVolunteers":"No",
          "Gender":"All",
          "MinimumAge":"18 Years",
          "StdAgeList":{
            "StdAge":[
              "Adult",
              "Older Adult"
            ]
          }
        },
        "ContactsLocationsModule":{
          "OverallOfficialList":{
            "OverallOfficial":[
              {
                "OverallOfficialName":"Medical Monitor, MD",
                "OverallOfficialAffiliation":"Wyeth is now a wholly owned subsidiary of Pfizer",
                "OverallOfficialRole":"Study Director"
              }
            ]
          },
          "LocationList":{
            "Location":[
              {
                "LocationCity":"Los Angeles",
                "LocationState":"California",
                "LocationZip":"90057",
                "LocationCountry":"United States"
              },{
                "LocationCity":"Los Angeles",
                "LocationState":"California",
                "LocationZip":"90095-1752",
                "LocationCountry":"United States"
              },{
                "LocationCity":"San Diego",
                "LocationState":"California",
                "LocationZip":"92123",
                "LocationCountry":"United States"
              },{
                "LocationCity":"Stanford",
                "LocationState":"California",
                "LocationZip":"94304",
                "LocationCountry":"United States"
              },{
                "LocationCity":"Tampa",
                "LocationState":"Florida",
                "LocationZip":"33606",
                "LocationCountry":"United States"
              },{
                "LocationCity":"Atlanta",
                "LocationState":"Georgia",
                "LocationZip":"30322",
                "LocationCountry":"United States"
              },{
                "LocationCity":"Augusta",
                "LocationState":"Georgia",
                "LocationZip":"30912",
                "LocationCountry":"United States"
              },{
                "LocationCity":"Chicago",
                "LocationState":"Illinois",
                "LocationZip":"60637",
                "LocationCountry":"United States"
              },{
                "LocationCity":"Indianapolis",
                "LocationState":"Indiana",
                "LocationZip":"46202-5250",
                "LocationCountry":"United States"
              },{
                "LocationCity":"New York",
                "LocationState":"New York",
                "LocationZip":"10029",
                "LocationCountry":"United States"
              },{
                "LocationCity":"Charlotte",
                "LocationState":"North Carolina",
                "LocationZip":"28232",
                "LocationCountry":"United States"
              },{
                "LocationCity":"Philadelphia",
                "LocationState":"Pennsylvania",
                "LocationZip":"19141",
                "LocationCountry":"United States"
              },{
                "LocationCity":"Pittsburgh",
                "LocationState":"Pennsylvania",
                "LocationZip":"15213",
                "LocationCountry":"United States"
              },{
                "LocationCity":"Charleston",
                "LocationState":"South Carolina",
                "LocationZip":"29425-0777",
                "LocationCountry":"United States"
              },{
                "LocationCity":"Edmonton",
                "LocationState":"Alberta",
                "LocationZip":"T6G 2B7",
                "LocationCountry":"Canada"
              },{
                "LocationCity":"Vancouver",
                "LocationState":"British Columbia",
                "LocationZip":"V5Z 1M9",
                "LocationCountry":"Canada"
              },{
                "LocationCity":"Halifax",
                "LocationState":"Nova Scotia",
                "LocationZip":"B3H 2Y9",
                "LocationCountry":"Canada"
              },{
                "LocationCity":"Toronto",
                "LocationState":"Ontario",
                "LocationZip":"M5B 1W8",
                "LocationCountry":"Canada"
              },{
                "LocationCity":"Toronto",
                "LocationState":"Ontario",
                "LocationZip":"M5G 2C4",
                "LocationCountry":"Canada"
              },{
                "LocationCity":"Montreal",
                "LocationState":"Quebec",
                "LocationZip":"H2L 2W5",
                "LocationCountry":"Canada"
              }
            ]
          }
        }
      },
      "DerivedSection":{
        "MiscInfoModule":{
          "VersionHolder":"April 19, 2021"
        },
        "ConditionBrowseModule":{
          "ConditionMeshList":{
            "ConditionMesh":[
              {
                "ConditionMeshId":"D000006086",
                "ConditionMeshTerm":"Graft vs Host Disease"
              }
            ]
          },
          "ConditionAncestorList":{
            "ConditionAncestor":[
              {
                "ConditionAncestorId":"D000007154",
                "ConditionAncestorTerm":"Immune System Diseases"
              }
            ]
          },
          "ConditionBrowseLeafList":{
            "ConditionBrowseLeaf":[
              {
                "ConditionBrowseLeafId":"M7772",
                "ConditionBrowseLeafName":"Graft vs Host Disease",
                "ConditionBrowseLeafAsFound":"Graft vs Host Disease",
                "ConditionBrowseLeafRelevance":"high"
              },{
                "ConditionBrowseLeafId":"M8783",
                "ConditionBrowseLeafName":"Immune System Diseases",
                "ConditionBrowseLeafRelevance":"low"
              },{
                "ConditionBrowseLeafId":"T2832",
                "ConditionBrowseLeafName":"Homologous Wasting Disease",
                "ConditionBrowseLeafAsFound":"Graft vs Host Disease",
                "ConditionBrowseLeafRelevance":"high"
              }
            ]
          },
          "ConditionBrowseBranchList":{
            "ConditionBrowseBranch":[
              {
                "ConditionBrowseBranchAbbrev":"BC20",
                "ConditionBrowseBranchName":"Immune System Diseases"
              },{
                "ConditionBrowseBranchAbbrev":"All",
                "ConditionBrowseBranchName":"All Conditions"
              },{
                "ConditionBrowseBranchAbbrev":"Rare",
                "ConditionBrowseBranchName":"Rare Diseases"
              }
            ]
          }
        },
        "InterventionBrowseModule":{
          "InterventionMeshList":{
            "InterventionMesh":[
              {
                "InterventionMeshId":"D000020123",
                "InterventionMeshTerm":"Sirolimus"
              }
            ]
          },
          "InterventionAncestorList":{
            "InterventionAncestor":[
              {
                "InterventionAncestorId":"D000000900",
                "InterventionAncestorTerm":"Anti-Bacterial Agents"
              },{
                "InterventionAncestorId":"D000000890",
                "InterventionAncestorTerm":"Anti-Infective Agents"
              },{
                "InterventionAncestorId":"D000000903",
                "InterventionAncestorTerm":"Antibiotics, Antineoplastic"
              },{
                "InterventionAncestorId":"D000000970",
                "InterventionAncestorTerm":"Antineoplastic Agents"
              },{
                "InterventionAncestorId":"D000000935",
                "InterventionAncestorTerm":"Antifungal Agents"
              },{
                "InterventionAncestorId":"D000007166",
                "InterventionAncestorTerm":"Immunosuppressive Agents"
              },{
                "InterventionAncestorId":"D000007155",
                "InterventionAncestorTerm":"Immunologic Factors"
              },{
                "InterventionAncestorId":"D000045505",
                "InterventionAncestorTerm":"Physiological Effects of Drugs"
              }
            ]
          },
          "InterventionBrowseLeafList":{
            "InterventionBrowseLeaf":[
              {
                "InterventionBrowseLeafId":"M20544",
                "InterventionBrowseLeafName":"Sirolimus",
                "InterventionBrowseLeafAsFound":"Laparoscopic",
                "InterventionBrowseLeafRelevance":"high"
              },{
                "InterventionBrowseLeafId":"M2803",
                "InterventionBrowseLeafName":"Anti-Bacterial Agents",
                "InterventionBrowseLeafRelevance":"low"
              },{
                "InterventionBrowseLeafId":"M2795",
                "InterventionBrowseLeafName":"Anti-Infective Agents",
                "InterventionBrowseLeafRelevance":"low"
              },{
                "InterventionBrowseLeafId":"M2805",
                "InterventionBrowseLeafName":"Antibiotics, Antitubercular",
                "InterventionBrowseLeafRelevance":"low"
              },{
                "InterventionBrowseLeafId":"M4835",
                "InterventionBrowseLeafName":"Clotrimazole",
                "InterventionBrowseLeafRelevance":"low"
              },{
                "InterventionBrowseLeafId":"M10379",
                "InterventionBrowseLeafName":"Miconazole",
                "InterventionBrowseLeafRelevance":"low"
              },{
                "InterventionBrowseLeafId":"M2835",
                "InterventionBrowseLeafName":"Antifungal Agents",
                "InterventionBrowseLeafRelevance":"low"
              },{
                "InterventionBrowseLeafId":"M8795",
                "InterventionBrowseLeafName":"Immunosuppressive Agents",
                "InterventionBrowseLeafRelevance":"low"
              },{
                "InterventionBrowseLeafId":"M8784",
                "InterventionBrowseLeafName":"Immunologic Factors",
                "InterventionBrowseLeafRelevance":"low"
              }
            ]
          },
          "InterventionBrowseBranchList":{
            "InterventionBrowseBranch":[
              {
                "InterventionBrowseBranchAbbrev":"Infe",
                "InterventionBrowseBranchName":"Anti-Infective Agents"
              },{
                "InterventionBrowseBranchAbbrev":"ANeo",
                "InterventionBrowseBranchName":"Antineoplastic Agents"
              },{
                "InterventionBrowseBranchAbbrev":"All",
                "InterventionBrowseBranchName":"All Drugs and Chemicals"
              }
            ]
          }
        }
      }
    }
  }
}

