{
  "FullStudy":{
    "Rank":366976,
    "Study":{
      "ProtocolSection":{
        "IdentificationModule":{
          "NCTId":"NCT00037622",
          "OrgStudyIdInfo":{
            "OrgStudyId":"ACH443-901"
          },
          "Organization":{
            "OrgFullName":"Alexion Pharmaceuticals",
            "OrgClass":"INDUSTRY"
          },
          "BriefTitle":"Safety and Antiviral Study of ACH-126, 443 (Beta-L-Fd4C) in the Treatment of Adults With Chronic Hepatitis B Infection.",
          "OfficialTitle":"An Open-Label Treatment Protocol to Provide Continued ACH-126,443 to Subjects of Previous Achillion-Sponsored Phase 1 and 2 Studies in Chronic Hepatitis B Infection"
        },
        "StatusModule":{
          "StatusVerifiedDate":"August 2009",
          "OverallStatus":"Terminated",
          "WhyStopped":"Safety concerns from other studies.",
          "CompletionDateStruct":{
            "CompletionDate":"May 2003",
            "CompletionDateType":"Actual"
          },
          "StudyFirstSubmitDate":"May 17, 2002",
          "StudyFirstSubmitQCDate":"May 17, 2002",
          "StudyFirstPostDateStruct":{
            "StudyFirstPostDate":"May 20, 2002",
            "StudyFirstPostDateType":"Estimate"
          },
          "LastUpdateSubmitDate":"August 18, 2009",
          "LastUpdatePostDateStruct":{
            "LastUpdatePostDate":"August 19, 2009",
            "LastUpdatePostDateType":"Estimate"
          }
        },
        "SponsorCollaboratorsModule":{
          "LeadSponsor":{
            "LeadSponsorName":"Alexion Pharmaceuticals",
            "LeadSponsorClass":"INDUSTRY"
          }
        },
        "OversightModule":{},
        "DescriptionModule":{
          "BriefSummary":"The purpose of this study is to determine the safety and antiviral HBV activity of ACH-126,443 (beta-L-Fd4C) in the treatment of Subjects of Previous Achillion-Sponsored Phase 1 and 2 Studies in Chronic Hepatitis B Infection.",
          "DetailedDescription":"Evaluation of safety and antiviral activity of the 5mg dose of ACH-126,443 for up to three months of treatment in the population described."
        },
        "ConditionsModule":{
          "ConditionList":{
            "Condition":[
              "Chronic Hepatitis B"
            ]
          },
          "KeywordList":{
            "Keyword":[
              "E-antigen positive, treatment naïve chronic HBV infected, lamivudine resistant chronic Hepatitis B, Achillion"
            ]
          }
        },
        "DesignModule":{
          "StudyType":"Interventional",
          "PhaseList":{
            "Phase":[
              "Not Applicable"
            ]
          },
          "DesignInfo":{
            "DesignAllocation":"Non-Randomized",
            "DesignInterventionModel":"Single Group Assignment",
            "DesignPrimaryPurpose":"Treatment",
            "DesignMaskingInfo":{
              "DesignMasking":"None (Open Label)"
            }
          },
          "EnrollmentInfo":{
            "EnrollmentCount":"100"
          }
        },
        "ArmsInterventionsModule":{
          "InterventionList":{
            "Intervention":[
              {
                "InterventionType":"Drug",
                "InterventionName":"ACH-126, 443 (beta-L-Fd4C)"
              }
            ]
          }
        },
        "EligibilityModule":{
          "EligibilityCriteria":"Inclusion Criteria:\n\nParticipants in previous Phase 1 or 2 trials of ACH-126,443 who met entry criteria for previous studies.\nAdults ? 18 years of age\nChronic HBV infection, known to be HbsAg positive ? 6 months\nPlasma HBV DNA level ? 100,000 copies/mL prior to initiation of ACH-126,443 in an earlier study\nPlasma HBV DNA level that in the medical judgment of the investigator, warrant's antiviral treatment\nHIV negative\nBasic hematologic and chemistry parameters within acceptable limits (defined in protocol)\nNo need for excluded medications\nSubjects of reproductive capability must either practice abstinence or utilize two approved forms of birth control, one of which must be barrier protection (condom with spermicidal, diaphragm with spermicidal)\n\nExclusion Criteria\n\nHIV infection\nActive Hepatitis C co-infection\nConcurrent systemic antiviral treatment\nTreatment for HBV infection with lamivudine (3TC) for longer than three (3) months since participation in previous trial of ACH-126,443\nPrevious therapy with agents with significant systemic myelosuppressive or cytotoxic potential within 3 months of study start or the expected need for such therapy at study start\nAlcohol abuse\nPregnancy or breast-feeding\nInability to tolerate oral medication\nAST>10.0 times the upper limit of normal\nALT>10.0 times the upper limit of normal\nAny clinical condition or prior therapy that, in the Investigators opinion, would make the subject unsuitable for the study or unable to comply with the dosing requirements\nUse of investigational drug not approved by Medical Monitor",
          "HealthyVolunteers":"No",
          "Gender":"All",
          "MinimumAge":"18 Years",
          "StdAgeList":{
            "StdAge":[
              "Adult",
              "Older Adult"
            ]
          }
        },
        "ReferencesModule":{
          "SeeAlsoLinkList":{
            "SeeAlsoLink":[
              {
                "SeeAlsoLinkLabel":"Related Info",
                "SeeAlsoLinkURL":"http://www.achillion.com"
              }
            ]
          }
        }
      },
      "DerivedSection":{
        "MiscInfoModule":{
          "VersionHolder":"April 19, 2021"
        },
        "ConditionBrowseModule":{
          "ConditionMeshList":{
            "ConditionMesh":[
              {
                "ConditionMeshId":"D000006506",
                "ConditionMeshTerm":"Hepatitis A"
              },{
                "ConditionMeshId":"D000006509",
                "ConditionMeshTerm":"Hepatitis B"
              },{
                "ConditionMeshId":"D000019694",
                "ConditionMeshTerm":"Hepatitis B, Chronic"
              },{
                "ConditionMeshId":"D000006505",
                "ConditionMeshTerm":"Hepatitis"
              },{
                "ConditionMeshId":"D000006521",
                "ConditionMeshTerm":"Hepatitis, Chronic"
              }
            ]
          },
          "ConditionAncestorList":{
            "ConditionAncestor":[
              {
                "ConditionAncestorId":"D000008107",
                "ConditionAncestorTerm":"Liver Diseases"
              },{
                "ConditionAncestorId":"D000004066",
                "ConditionAncestorTerm":"Digestive System Diseases"
              },{
                "ConditionAncestorId":"D000006525",
                "ConditionAncestorTerm":"Hepatitis, Viral, Human"
              },{
                "ConditionAncestorId":"D000014777",
                "ConditionAncestorTerm":"Virus Diseases"
              },{
                "ConditionAncestorId":"D000004769",
                "ConditionAncestorTerm":"Enterovirus Infections"
              },{
                "ConditionAncestorId":"D000010850",
                "ConditionAncestorTerm":"Picornaviridae Infections"
              },{
                "ConditionAncestorId":"D000012327",
                "ConditionAncestorTerm":"RNA Virus Infections"
              },{
                "ConditionAncestorId":"D000018347",
                "ConditionAncestorTerm":"Hepadnaviridae Infections"
              },{
                "ConditionAncestorId":"D000004266",
                "ConditionAncestorTerm":"DNA Virus Infections"
              }
            ]
          },
          "ConditionBrowseLeafList":{
            "ConditionBrowseLeaf":[
              {
                "ConditionBrowseLeafId":"M8866",
                "ConditionBrowseLeafName":"Infection",
                "ConditionBrowseLeafRelevance":"low"
              },{
                "ConditionBrowseLeafId":"M4951",
                "ConditionBrowseLeafName":"Communicable Diseases",
                "ConditionBrowseLeafRelevance":"low"
              },{
                "ConditionBrowseLeafId":"M8175",
                "ConditionBrowseLeafName":"Hepatitis A",
                "ConditionBrowseLeafAsFound":"Hepatitis",
                "ConditionBrowseLeafRelevance":"high"
              },{
                "ConditionBrowseLeafId":"M8178",
                "ConditionBrowseLeafName":"Hepatitis B",
                "ConditionBrowseLeafAsFound":"Hepatitis B",
                "ConditionBrowseLeafRelevance":"high"
              },{
                "ConditionBrowseLeafId":"M20193",
                "ConditionBrowseLeafName":"Hepatitis B, Chronic",
                "ConditionBrowseLeafAsFound":"Chronic Hepatitis B",
                "ConditionBrowseLeafRelevance":"high"
              },{
                "ConditionBrowseLeafId":"M8174",
                "ConditionBrowseLeafName":"Hepatitis",
                "ConditionBrowseLeafAsFound":"Hepatitis",
                "ConditionBrowseLeafRelevance":"high"
              },{
                "ConditionBrowseLeafId":"M8190",
                "ConditionBrowseLeafName":"Hepatitis, Chronic",
                "ConditionBrowseLeafAsFound":"Chronic Hepatitis",
                "ConditionBrowseLeafRelevance":"high"
              },{
                "ConditionBrowseLeafId":"M9690",
                "ConditionBrowseLeafName":"Liver Diseases",
                "ConditionBrowseLeafRelevance":"low"
              },{
                "ConditionBrowseLeafId":"M5838",
                "ConditionBrowseLeafName":"Digestive System Diseases",
                "ConditionBrowseLeafRelevance":"low"
              },{
                "ConditionBrowseLeafId":"M7466",
                "ConditionBrowseLeafName":"Gastrointestinal Diseases",
                "ConditionBrowseLeafRelevance":"low"
              },{
                "ConditionBrowseLeafId":"M8193",
                "ConditionBrowseLeafName":"Hepatitis, Viral, Human",
                "ConditionBrowseLeafRelevance":"low"
              },{
                "ConditionBrowseLeafId":"M16105",
                "ConditionBrowseLeafName":"Virus Diseases",
                "ConditionBrowseLeafRelevance":"low"
              },{
                "ConditionBrowseLeafId":"M6513",
                "ConditionBrowseLeafName":"Enterovirus Infections",
                "ConditionBrowseLeafRelevance":"low"
              },{
                "ConditionBrowseLeafId":"M12328",
                "ConditionBrowseLeafName":"Picornaviridae Infections",
                "ConditionBrowseLeafRelevance":"low"
              },{
                "ConditionBrowseLeafId":"M13732",
                "ConditionBrowseLeafName":"RNA Virus Infections",
                "ConditionBrowseLeafRelevance":"low"
              },{
                "ConditionBrowseLeafId":"M19071",
                "ConditionBrowseLeafName":"Hepadnaviridae Infections",
                "ConditionBrowseLeafRelevance":"low"
              },{
                "ConditionBrowseLeafId":"M6025",
                "ConditionBrowseLeafName":"DNA Virus Infections",
                "ConditionBrowseLeafRelevance":"low"
              }
            ]
          },
          "ConditionBrowseBranchList":{
            "ConditionBrowseBranch":[
              {
                "ConditionBrowseBranchAbbrev":"BC01",
                "ConditionBrowseBranchName":"Bacterial and Fungal Diseases"
              },{
                "ConditionBrowseBranchAbbrev":"All",
                "ConditionBrowseBranchName":"All Conditions"
              },{
                "ConditionBrowseBranchAbbrev":"BC02",
                "ConditionBrowseBranchName":"Viral Diseases"
              },{
                "ConditionBrowseBranchAbbrev":"BC06",
                "ConditionBrowseBranchName":"Digestive System Diseases"
              }
            ]
          }
        },
        "InterventionBrowseModule":{
          "InterventionMeshList":{
            "InterventionMesh":[
              {
                "InterventionMeshId":"C000099405",
                "InterventionMeshTerm":"Dexelvucitabine"
              }
            ]
          },
          "InterventionAncestorList":{
            "InterventionAncestor":[
              {
                "InterventionAncestorId":"D000018894",
                "InterventionAncestorTerm":"Reverse Transcriptase Inhibitors"
              },{
                "InterventionAncestorId":"D000019384",
                "InterventionAncestorTerm":"Nucleic Acid Synthesis Inhibitors"
              },{
                "InterventionAncestorId":"D000004791",
                "InterventionAncestorTerm":"Enzyme Inhibitors"
              },{
                "InterventionAncestorId":"D000045504",
                "InterventionAncestorTerm":"Molecular Mechanisms of Pharmacological Action"
              },{
                "InterventionAncestorId":"D000044966",
                "InterventionAncestorTerm":"Anti-Retroviral Agents"
              },{
                "InterventionAncestorId":"D000000998",
                "InterventionAncestorTerm":"Antiviral Agents"
              },{
                "InterventionAncestorId":"D000000890",
                "InterventionAncestorTerm":"Anti-Infective Agents"
              },{
                "InterventionAncestorId":"D000019380",
                "InterventionAncestorTerm":"Anti-HIV Agents"
              }
            ]
          },
          "InterventionBrowseLeafList":{
            "InterventionBrowseLeaf":[
              {
                "InterventionBrowseLeafId":"M19827",
                "InterventionBrowseLeafName":"Lamivudine",
                "InterventionBrowseLeafRelevance":"low"
              },{
                "InterventionBrowseLeafId":"M2895",
                "InterventionBrowseLeafName":"Antiviral Agents",
                "InterventionBrowseLeafRelevance":"low"
              },{
                "InterventionBrowseLeafId":"M272602",
                "InterventionBrowseLeafName":"Dexelvucitabine",
                "InterventionBrowseLeafAsFound":"Bi-PAP",
                "InterventionBrowseLeafRelevance":"high"
              },{
                "InterventionBrowseLeafId":"M19519",
                "InterventionBrowseLeafName":"Reverse Transcriptase Inhibitors",
                "InterventionBrowseLeafRelevance":"low"
              },{
                "InterventionBrowseLeafId":"M24015",
                "InterventionBrowseLeafName":"Anti-Retroviral Agents",
                "InterventionBrowseLeafRelevance":"low"
              },{
                "InterventionBrowseLeafId":"M2795",
                "InterventionBrowseLeafName":"Anti-Infective Agents",
                "InterventionBrowseLeafRelevance":"low"
              },{
                "InterventionBrowseLeafId":"M19934",
                "InterventionBrowseLeafName":"Anti-HIV Agents",
                "InterventionBrowseLeafRelevance":"low"
              }
            ]
          },
          "InterventionBrowseBranchList":{
            "InterventionBrowseBranch":[
              {
                "InterventionBrowseBranchAbbrev":"Infe",
                "InterventionBrowseBranchName":"Anti-Infective Agents"
              },{
                "InterventionBrowseBranchAbbrev":"All",
                "InterventionBrowseBranchName":"All Drugs and Chemicals"
              }
            ]
          }
        }
      }
    }
  }
}

