{
  "FullStudy":{
    "Rank":366895,
    "Study":{
      "ProtocolSection":{
        "IdentificationModule":{
          "NCTId":"NCT00038701",
          "OrgStudyIdInfo":{
            "OrgStudyId":"ID98-248"
          },
          "Organization":{
            "OrgFullName":"M.D. Anderson Cancer Center",
            "OrgClass":"OTHER"
          },
          "BriefTitle":"Study of Gemcitabine Chemoradiation and TNP-470 Patients Locally Advanced, Nonmetastatic Adenocarcinoma of Pancreas",
          "OfficialTitle":"Phase II Study of Gemcitabine-Based Chemoradiation and TNP-470 for Patients With Locally Advanced, Nonmetastatic Adenocarcinoma of the Pancreas"
        },
        "StatusModule":{
          "StatusVerifiedDate":"October 2018",
          "OverallStatus":"Terminated",
          "WhyStopped":"Slow accrual.",
          "ExpandedAccessInfo":{
            "HasExpandedAccess":"No"
          },
          "StartDateStruct":{
            "StartDate":"August 1999",
            "StartDateType":"Actual"
          },
          "PrimaryCompletionDateStruct":{
            "PrimaryCompletionDate":"May 11, 2004",
            "PrimaryCompletionDateType":"Actual"
          },
          "CompletionDateStruct":{
            "CompletionDate":"May 11, 2004",
            "CompletionDateType":"Actual"
          },
          "StudyFirstSubmitDate":"June 4, 2002",
          "StudyFirstSubmitQCDate":"June 4, 2002",
          "StudyFirstPostDateStruct":{
            "StudyFirstPostDate":"June 5, 2002",
            "StudyFirstPostDateType":"Estimate"
          },
          "LastUpdateSubmitDate":"October 31, 2018",
          "LastUpdatePostDateStruct":{
            "LastUpdatePostDate":"November 1, 2018",
            "LastUpdatePostDateType":"Actual"
          }
        },
        "SponsorCollaboratorsModule":{
          "ResponsibleParty":{
            "ResponsiblePartyType":"Sponsor"
          },
          "LeadSponsor":{
            "LeadSponsorName":"M.D. Anderson Cancer Center",
            "LeadSponsorClass":"OTHER"
          }
        },
        "OversightModule":{
          "OversightHasDMC":"No"
        },
        "DescriptionModule":{
          "BriefSummary":"The goal is to assess survival and patterns of failure in patients treated with Gemzar-based chemoradiation and TNP-470 for locally advanced adenocarcinoma of the pancreas."
        },
        "ConditionsModule":{
          "ConditionList":{
            "Condition":[
              "Pancreatic Neoplasms"
            ]
          },
          "KeywordList":{
            "Keyword":[
              "Metastatic Pancreas Cancer"
            ]
          }
        },
        "DesignModule":{
          "StudyType":"Interventional",
          "PhaseList":{
            "Phase":[
              "Phase 2"
            ]
          },
          "DesignInfo":{
            "DesignAllocation":"Non-Randomized",
            "DesignInterventionModel":"Single Group Assignment",
            "DesignPrimaryPurpose":"Treatment",
            "DesignMaskingInfo":{
              "DesignMasking":"None (Open Label)"
            }
          },
          "EnrollmentInfo":{
            "EnrollmentCount":"6",
            "EnrollmentType":"Actual"
          }
        },
        "ArmsInterventionsModule":{
          "ArmGroupList":{
            "ArmGroup":[
              {
                "ArmGroupLabel":"Gemzar Chemoradiation + TNP-470",
                "ArmGroupType":"Experimental",
                "ArmGroupInterventionList":{
                  "ArmGroupInterventionName":[
                    "Drug: TNP-470"
                  ]
                }
              }
            ]
          },
          "InterventionList":{
            "Intervention":[
              {
                "InterventionType":"Drug",
                "InterventionName":"TNP-470",
                "InterventionArmGroupLabelList":{
                  "InterventionArmGroupLabel":[
                    "Gemzar Chemoradiation + TNP-470"
                  ]
                }
              }
            ]
          }
        },
        "OutcomesModule":{
          "PrimaryOutcomeList":{
            "PrimaryOutcome":[
              {
                "PrimaryOutcomeMeasure":"Patient Survival Rate",
                "PrimaryOutcomeTimeFrame":"2 years"
              }
            ]
          }
        },
        "EligibilityModule":{
          "EligibilityCriteria":"Patients must have cytologic or histologic proof of adenocarcinoma of the pancreas.\n\nAll patients must be staged with a physical exam and CXR. Patients must have locally advanced disease defined as tumor extension to the celiac axis or SMA, or occlusion of the SMPV confluence (on contrast-enhanced CT). There must be no radiographic evidence of metastatic disease.\n\nPatients must have had no prior chemotherapy or irradiation.\n\nPatients must have a baseline Karnofsky performance status of at least 60.\n\nPatients must have adequate bone marrow reserve platelet count >100,000/mL, hemoglobin>9 g/dL, absolute granulocyte count must be >1,500 cells/mm3,serum creatinine must be <1.6 mg/dL. Serum bilirubin must be less than 5 mg/dL prior to therapy with endoscopic or percutaneous drainage if necessary.\n\nPatients must have estimated life expectancy of at least 12 weeks.\n\nPatients must be at least 18 years of age. There will be no upper age restriction.\n\nFemale patients must have had childbearing potential terminated by surgery, radiation, or menopause, or attenuated by use of an approved contraceptive method (intrauterine device [IUD], birth control pills, barrier device, or abstinence.\n\nPatients cannot have hepatic or peritoneal metastases detected by ultrasound (US), CT scan, or laparotomy prior to chemoradiation.\n\nBefore receiving external beam irradiation, patients should be able to maintain adequate oral nutrition (90% to 100% of estimated need of calories and protein) and be free of significant nausea and vomiting.\n\nPatients should have bilateral renal function, as determined on excretory urogram (IVP) or abdominal CT, or >2/3 of one functioning kidney must be able to be shielded from the radiation beam.\n\nPatients must have no fever or evidence of infection or other coexisting medical condition that would preclude protocol therapy.\n\nPatients must sign an informed consent form",
          "HealthyVolunteers":"No",
          "Gender":"All",
          "MinimumAge":"18 Years",
          "StdAgeList":{
            "StdAge":[
              "Adult",
              "Older Adult"
            ]
          }
        },
        "ContactsLocationsModule":{
          "OverallOfficialList":{
            "OverallOfficial":[
              {
                "OverallOfficialName":"Douglas B. Evans, MD",
                "OverallOfficialAffiliation":"UT MD Anderson Cancer Center",
                "OverallOfficialRole":"Principal Investigator"
              }
            ]
          },
          "LocationList":{
            "Location":[
              {
                "LocationFacility":"UT MD Anderson Cancer Center",
                "LocationCity":"Houston",
                "LocationState":"Texas",
                "LocationZip":"77030",
                "LocationCountry":"United States"
              }
            ]
          }
        },
        "ReferencesModule":{
          "SeeAlsoLinkList":{
            "SeeAlsoLink":[
              {
                "SeeAlsoLinkLabel":"UT MD Anderson Cancer Center website",
                "SeeAlsoLinkURL":"http://www.mdanderson.org"
              }
            ]
          }
        }
      },
      "DerivedSection":{
        "MiscInfoModule":{
          "VersionHolder":"April 19, 2021"
        },
        "ConditionBrowseModule":{
          "ConditionMeshList":{
            "ConditionMesh":[
              {
                "ConditionMeshId":"D000000230",
                "ConditionMeshTerm":"Adenocarcinoma"
              },{
                "ConditionMeshId":"D000010190",
                "ConditionMeshTerm":"Pancreatic Neoplasms"
              }
            ]
          },
          "ConditionAncestorList":{
            "ConditionAncestor":[
              {
                "ConditionAncestorId":"D000002277",
                "ConditionAncestorTerm":"Carcinoma"
              },{
                "ConditionAncestorId":"D000009375",
                "ConditionAncestorTerm":"Neoplasms, Glandular and Epithelial"
              },{
                "ConditionAncestorId":"D000009370",
                "ConditionAncestorTerm":"Neoplasms by Histologic Type"
              },{
                "ConditionAncestorId":"D000009369",
                "ConditionAncestorTerm":"Neoplasms"
              },{
                "ConditionAncestorId":"D000004067",
                "ConditionAncestorTerm":"Digestive System Neoplasms"
              },{
                "ConditionAncestorId":"D000009371",
                "ConditionAncestorTerm":"Neoplasms by Site"
              },{
                "ConditionAncestorId":"D000004701",
                "ConditionAncestorTerm":"Endocrine Gland Neoplasms"
              },{
                "ConditionAncestorId":"D000004066",
                "ConditionAncestorTerm":"Digestive System Diseases"
              },{
                "ConditionAncestorId":"D000010182",
                "ConditionAncestorTerm":"Pancreatic Diseases"
              },{
                "ConditionAncestorId":"D000004700",
                "ConditionAncestorTerm":"Endocrine System Diseases"
              }
            ]
          },
          "ConditionBrowseLeafList":{
            "ConditionBrowseLeaf":[
              {
                "ConditionBrowseLeafId":"M11693",
                "ConditionBrowseLeafName":"Pancreatic Neoplasms",
                "ConditionBrowseLeafAsFound":"Pancreatic Neoplasms",
                "ConditionBrowseLeafRelevance":"high"
              },{
                "ConditionBrowseLeafId":"M2166",
                "ConditionBrowseLeafName":"Adenocarcinoma",
                "ConditionBrowseLeafAsFound":"Adenocarcinoma",
                "ConditionBrowseLeafRelevance":"high"
              },{
                "ConditionBrowseLeafId":"M4116",
                "ConditionBrowseLeafName":"Carcinoma",
                "ConditionBrowseLeafRelevance":"low"
              },{
                "ConditionBrowseLeafId":"M10903",
                "ConditionBrowseLeafName":"Neoplasms, Glandular and Epithelial",
                "ConditionBrowseLeafRelevance":"low"
              },{
                "ConditionBrowseLeafId":"M10898",
                "ConditionBrowseLeafName":"Neoplasms by Histologic Type",
                "ConditionBrowseLeafRelevance":"low"
              },{
                "ConditionBrowseLeafId":"M7469",
                "ConditionBrowseLeafName":"Gastrointestinal Neoplasms",
                "ConditionBrowseLeafRelevance":"low"
              },{
                "ConditionBrowseLeafId":"M5839",
                "ConditionBrowseLeafName":"Digestive System Neoplasms",
                "ConditionBrowseLeafRelevance":"low"
              },{
                "ConditionBrowseLeafId":"M6446",
                "ConditionBrowseLeafName":"Endocrine Gland Neoplasms",
                "ConditionBrowseLeafRelevance":"low"
              },{
                "ConditionBrowseLeafId":"M5838",
                "ConditionBrowseLeafName":"Digestive System Diseases",
                "ConditionBrowseLeafRelevance":"low"
              },{
                "ConditionBrowseLeafId":"M7466",
                "ConditionBrowseLeafName":"Gastrointestinal Diseases",
                "ConditionBrowseLeafRelevance":"low"
              },{
                "ConditionBrowseLeafId":"M11685",
                "ConditionBrowseLeafName":"Pancreatic Diseases",
                "ConditionBrowseLeafRelevance":"low"
              },{
                "ConditionBrowseLeafId":"M6445",
                "ConditionBrowseLeafName":"Endocrine System Diseases",
                "ConditionBrowseLeafRelevance":"low"
              },{
                "ConditionBrowseLeafId":"T4387",
                "ConditionBrowseLeafName":"Pancreatic Cancer",
                "ConditionBrowseLeafAsFound":"Pancreatic Neoplasms",
                "ConditionBrowseLeafRelevance":"high"
              }
            ]
          },
          "ConditionBrowseBranchList":{
            "ConditionBrowseBranch":[
              {
                "ConditionBrowseBranchAbbrev":"BC04",
                "ConditionBrowseBranchName":"Cancers and Other Neoplasms"
              },{
                "ConditionBrowseBranchAbbrev":"BC06",
                "ConditionBrowseBranchName":"Digestive System Diseases"
              },{
                "ConditionBrowseBranchAbbrev":"BC19",
                "ConditionBrowseBranchName":"Gland and Hormone Related Diseases"
              },{
                "ConditionBrowseBranchAbbrev":"All",
                "ConditionBrowseBranchName":"All Conditions"
              },{
                "ConditionBrowseBranchAbbrev":"Rare",
                "ConditionBrowseBranchName":"Rare Diseases"
              }
            ]
          }
        },
        "InterventionBrowseModule":{
          "InterventionMeshList":{
            "InterventionMesh":[
              {
                "InterventionMeshId":"D000077609",
                "InterventionMeshTerm":"O-(Chloroacetylcarbamoyl)fumagillol"
              }
            ]
          },
          "InterventionAncestorList":{
            "InterventionAncestor":[
              {
                "InterventionAncestorId":"D000000903",
                "InterventionAncestorTerm":"Antibiotics, Antineoplastic"
              },{
                "InterventionAncestorId":"D000000970",
                "InterventionAncestorTerm":"Antineoplastic Agents"
              },{
                "InterventionAncestorId":"D000020533",
                "InterventionAncestorTerm":"Angiogenesis Inhibitors"
              },{
                "InterventionAncestorId":"D000043924",
                "InterventionAncestorTerm":"Angiogenesis Modulating Agents"
              },{
                "InterventionAncestorId":"D000006133",
                "InterventionAncestorTerm":"Growth Substances"
              },{
                "InterventionAncestorId":"D000045505",
                "InterventionAncestorTerm":"Physiological Effects of Drugs"
              },{
                "InterventionAncestorId":"D000006131",
                "InterventionAncestorTerm":"Growth Inhibitors"
              }
            ]
          },
          "InterventionBrowseLeafList":{
            "InterventionBrowseLeaf":[
              {
                "InterventionBrowseLeafId":"M223958",
                "InterventionBrowseLeafName":"Gemcitabine",
                "InterventionBrowseLeafRelevance":"low"
              },{
                "InterventionBrowseLeafId":"M21138",
                "InterventionBrowseLeafName":"Pancrelipase",
                "InterventionBrowseLeafRelevance":"low"
              },{
                "InterventionBrowseLeafId":"M11697",
                "InterventionBrowseLeafName":"Pancreatin",
                "InterventionBrowseLeafRelevance":"low"
              },{
                "InterventionBrowseLeafId":"M1865",
                "InterventionBrowseLeafName":"O-(Chloroacetylcarbamoyl)fumagillol",
                "InterventionBrowseLeafAsFound":"Surgical suture",
                "InterventionBrowseLeafRelevance":"high"
              },{
                "InterventionBrowseLeafId":"M2803",
                "InterventionBrowseLeafName":"Anti-Bacterial Agents",
                "InterventionBrowseLeafRelevance":"low"
              },{
                "InterventionBrowseLeafId":"M2805",
                "InterventionBrowseLeafName":"Antibiotics, Antitubercular",
                "InterventionBrowseLeafRelevance":"low"
              },{
                "InterventionBrowseLeafId":"M20902",
                "InterventionBrowseLeafName":"Angiogenesis Inhibitors",
                "InterventionBrowseLeafRelevance":"low"
              }
            ]
          },
          "InterventionBrowseBranchList":{
            "InterventionBrowseBranch":[
              {
                "InterventionBrowseBranchAbbrev":"Infe",
                "InterventionBrowseBranchName":"Anti-Infective Agents"
              },{
                "InterventionBrowseBranchAbbrev":"ANeo",
                "InterventionBrowseBranchName":"Antineoplastic Agents"
              },{
                "InterventionBrowseBranchAbbrev":"All",
                "InterventionBrowseBranchName":"All Drugs and Chemicals"
              },{
                "InterventionBrowseBranchAbbrev":"Gast",
                "InterventionBrowseBranchName":"Gastrointestinal Agents"
              }
            ]
          }
        }
      }
    }
  }
}

