{
  "FullStudy":{
    "Rank":1534,
    "Study":{
      "ProtocolSection":{
        "IdentificationModule":{
          "NCTId":"NCT04829994",
          "OrgStudyIdInfo":{
            "OrgStudyId":"ESC_2020_05"
          },
          "Organization":{
            "OrgFullName":"Ethicon, Inc.",
            "OrgClass":"INDUSTRY"
          },
          "BriefTitle":"Post-Market Clinical Follow-Up onTVT EXACT® Continence System",
          "OfficialTitle":"A Long Term Prospective Post Market Clinical Follow-up (PMCF) of the GYNECARE TVT EXACT® Continence System for the Treatment of Stress Urinary Incontinence"
        },
        "StatusModule":{
          "StatusVerifiedDate":"March 2021",
          "OverallStatus":"Not yet recruiting",
          "ExpandedAccessInfo":{
            "HasExpandedAccess":"No"
          },
          "StartDateStruct":{
            "StartDate":"March 23, 2021",
            "StartDateType":"Anticipated"
          },
          "PrimaryCompletionDateStruct":{
            "PrimaryCompletionDate":"September 30, 2032",
            "PrimaryCompletionDateType":"Anticipated"
          },
          "CompletionDateStruct":{
            "CompletionDate":"February 27, 2033",
            "CompletionDateType":"Anticipated"
          },
          "StudyFirstSubmitDate":"March 17, 2021",
          "StudyFirstSubmitQCDate":"March 31, 2021",
          "StudyFirstPostDateStruct":{
            "StudyFirstPostDate":"April 2, 2021",
            "StudyFirstPostDateType":"Actual"
          },
          "LastUpdateSubmitDate":"March 31, 2021",
          "LastUpdatePostDateStruct":{
            "LastUpdatePostDate":"April 2, 2021",
            "LastUpdatePostDateType":"Actual"
          }
        },
        "SponsorCollaboratorsModule":{
          "ResponsibleParty":{
            "ResponsiblePartyType":"Sponsor"
          },
          "LeadSponsor":{
            "LeadSponsorName":"Ethicon, Inc.",
            "LeadSponsorClass":"INDUSTRY"
          }
        },
        "OversightModule":{
          "OversightHasDMC":"No",
          "IsFDARegulatedDrug":"No",
          "IsFDARegulatedDevice":"Yes",
          "IsUSExport":"No"
        },
        "DescriptionModule":{
          "BriefSummary":"The objective of this single arm, post market, clinical study is to evaluate the performance of Gynecare TVT EXACT® Continence System in women undergoing retropubic mid-urethral sling surgery for Stress Urinary Incontinence (SUI)."
        },
        "ConditionsModule":{
          "ConditionList":{
            "Condition":[
              "Stress Urinary Incontinence"
            ]
          },
          "KeywordList":{
            "Keyword":[
              "GYNECARE TVT EXACT® Continence System",
              "SUI"
            ]
          }
        },
        "DesignModule":{
          "StudyType":"Observational",
          "PatientRegistry":"No",
          "DesignInfo":{
            "DesignObservationalModelList":{
              "DesignObservationalModel":[
                "Cohort"
              ]
            },
            "DesignTimePerspectiveList":{
              "DesignTimePerspective":[
                "Prospective"
              ]
            }
          },
          "EnrollmentInfo":{
            "EnrollmentCount":"195",
            "EnrollmentType":"Anticipated"
          }
        },
        "ArmsInterventionsModule":{
          "InterventionList":{
            "Intervention":[
              {
                "InterventionType":"Device",
                "InterventionName":"Intervention",
                "InterventionDescription":"There is no intervention, beyond necessary clinical care, in this study. The surgical procedures being performed within the study are identical to the surgical procedures subjects would receive as part of SOC."
              }
            ]
          }
        },
        "OutcomesModule":{
          "PrimaryOutcomeList":{
            "PrimaryOutcome":[
              {
                "PrimaryOutcomeMeasure":"Cough Stress Test (CST) Assessment Change",
                "PrimaryOutcomeDescription":"Objective cure of Stress Urinary Incontinence (SUI) (treatment success) sproximately 5-10 years after surgery, defined as a negative CST",
                "PrimaryOutcomeTimeFrame":"Post-surgery through study completion, approximately 5-10 yrs"
              }
            ]
          },
          "SecondaryOutcomeList":{
            "SecondaryOutcome":[
              {
                "SecondaryOutcomeMeasure":"Patient Global Impression of Improvement (PGI-I)",
                "SecondaryOutcomeTimeFrame":"Post-surgery through study completion, approximately 10 yrs"
              },{
                "SecondaryOutcomeMeasure":"International Consultation on Incontinence Questionnaire-Urinary Incontinence Short Form (ICIQ-UI SF)",
                "SecondaryOutcomeTimeFrame":"Baseline and post-surgery through study completion, approximately 10 yrs"
              },{
                "SecondaryOutcomeMeasure":"Pelvic Organ Prolapse/Urinary Incontinence Sexual Questionnaire (PISQ-12)",
                "SecondaryOutcomeTimeFrame":"Baseline and post-surgery through study, approximately 10 yrs completion"
              },{
                "SecondaryOutcomeMeasure":"Wong-Baker FACES® Pain Rating Scale",
                "SecondaryOutcomeDescription":"To assess pain on a scale from 0 (no pain) to 10 (worst pain) related to study device or procedure",
                "SecondaryOutcomeTimeFrame":"Post-surgery through study completion, approximately 10 yrs"
              }
            ]
          }
        },
        "EligibilityModule":{
          "EligibilityCriteria":"Inclusion Criteria:\n\nSubjects who satisfy all of the following criteria will be considered eligible for enrollment in this study:\n\nStress urinary incontinence symptoms\nStress urinary incontinence confirmed by diagnostic evaluation of a cough stress test\nFemale subjects ≥ 21 years of age requiring treatment of SUI\nDesired surgical correction of stress urinary incontinence using a synthetic pubo-urethral vaginal sling\nPlanned surgery for primary stress incontinence without concomitant prolapse surgery\nPatient able and willing to participate in follow-up\nSubject or authorized representative has signed the approved informed consent\n\nExclusion Criteria:\n\nSubjects meeting any of the following criteria will be considered not eligible for enrollment in this study:\n\nPhysical or psychological condition which would impair study participation or are unwilling or unable to participate in all required study visits and are unable to complete the questionnaires\nAny pre-operative or intra-operative findings identified by the surgeon that may preclude the use of study product\nHistory of previous synthetic, biologic or fascial pubo-urethral sling\nPregnancy or plans for future pregnancy\nHistory of bleeding diathesis or current anti-coagulation therapy which cannot be suspended peri-operatively according to site's standard practice.\nCurrent genitourinary fistula or urethral diverticulum\nReversible cause of incontinence (i.e. drug effect)\nContraindication to surgery",
          "HealthyVolunteers":"No",
          "Gender":"Female",
          "GenderBased":"Yes",
          "GenderDescription":"Female subjects ≥ 21 years of age",
          "MinimumAge":"21 Years",
          "StdAgeList":{
            "StdAge":[
              "Adult",
              "Older Adult"
            ]
          },
          "StudyPopulation":"Female subjects ≥ 21 years of age with a diagnosis of SUI, resulting from utrethral hypermobility and/or intrinsic sphincter deficiency.",
          "SamplingMethod":"Non-Probability Sample"
        },
        "ContactsLocationsModule":{
          "CentralContactList":{
            "CentralContact":[
              {
                "CentralContactName":"Christine Romanowski",
                "CentralContactRole":"Contact",
                "CentralContactPhone":"908-218-3156",
                "CentralContactEMail":"cromanow@its.jnj.comcom"
              }
            ]
          },
          "OverallOfficialList":{
            "OverallOfficial":[
              {
                "OverallOfficialName":"Giovanni A Tommaselli, MD",
                "OverallOfficialAffiliation":"Ethicon, Inc.",
                "OverallOfficialRole":"Study Director"
              }
            ]
          },
          "LocationList":{
            "Location":[
              {
                "LocationFacility":"Mercy Health",
                "LocationCity":"Ada",
                "LocationState":"Michigan",
                "LocationZip":"49301",
                "LocationCountry":"United States"
              },{
                "LocationFacility":"Columbia University",
                "LocationCity":"New York",
                "LocationState":"New York",
                "LocationZip":"10032",
                "LocationCountry":"United States"
              },{
                "LocationFacility":"Duke University",
                "LocationCity":"Durham",
                "LocationState":"North Carolina",
                "LocationZip":"27707",
                "LocationCountry":"United States"
              },{
                "LocationFacility":"Institute for Female Pelvic Medicine",
                "LocationCity":"North Wales",
                "LocationState":"Pennsylvania",
                "LocationZip":"19454",
                "LocationCountry":"United States"
              },{
                "LocationFacility":"UPMC",
                "LocationCity":"Pittsburgh",
                "LocationState":"Pennsylvania",
                "LocationZip":"15213",
                "LocationCountry":"United States"
              },{
                "LocationFacility":"LKH Hochsteiermark",
                "LocationCity":"Leoben",
                "LocationCountry":"Austria"
              },{
                "LocationFacility":"Ordensklinikum Linz",
                "LocationCity":"Linz",
                "LocationCountry":"Austria"
              },{
                "LocationFacility":"Herlev Hospital",
                "LocationCity":"Hillerod",
                "LocationCountry":"Denmark"
              },{
                "LocationFacility":"Hopital Jeanne de Flandres",
                "LocationCity":"Lille",
                "LocationCountry":"France"
              },{
                "LocationFacility":"Karolinska Institute",
                "LocationCity":"Stockholm",
                "LocationCountry":"Sweden"
              }
            ]
          }
        },
        "IPDSharingStatementModule":{
          "IPDSharing":"Yes",
          "IPDSharingDescription":"Johnson & Johnson Medical Device Companies have an agreement with the Yale Open Data Access (YODA) Project to serve as the independent review panel for evaluation of requests for clinical study reports and participant level data from investigators and physicians for scientific research that will advance medical knowledge and public health. Requests for access to the study data can be submitted through the YODA Project site at http://yoda.yale.edu.",
          "IPDSharingURL":"http://yoda.yale.edu"
        }
      },
      "DerivedSection":{
        "MiscInfoModule":{
          "VersionHolder":"April 19, 2021"
        },
        "ConditionBrowseModule":{
          "ConditionMeshList":{
            "ConditionMesh":[
              {
                "ConditionMeshId":"D000014549",
                "ConditionMeshTerm":"Urinary Incontinence"
              },{
                "ConditionMeshId":"D000004775",
                "ConditionMeshTerm":"Enuresis"
              },{
                "ConditionMeshId":"D000014550",
                "ConditionMeshTerm":"Urinary Incontinence, Stress"
              }
            ]
          },
          "ConditionAncestorList":{
            "ConditionAncestor":[
              {
                "ConditionAncestorId":"D000014555",
                "ConditionAncestorTerm":"Urination Disorders"
              },{
                "ConditionAncestorId":"D000014570",
                "ConditionAncestorTerm":"Urologic Diseases"
              },{
                "ConditionAncestorId":"D000059411",
                "ConditionAncestorTerm":"Lower Urinary Tract Symptoms"
              },{
                "ConditionAncestorId":"D000020924",
                "ConditionAncestorTerm":"Urological Manifestations"
              },{
                "ConditionAncestorId":"D000001526",
                "ConditionAncestorTerm":"Behavioral Symptoms"
              },{
                "ConditionAncestorId":"D000019960",
                "ConditionAncestorTerm":"Elimination Disorders"
              },{
                "ConditionAncestorId":"D000001523",
                "ConditionAncestorTerm":"Mental Disorders"
              }
            ]
          },
          "ConditionBrowseLeafList":{
            "ConditionBrowseLeaf":[
              {
                "ConditionBrowseLeafId":"M15882",
                "ConditionBrowseLeafName":"Urinary Incontinence",
                "ConditionBrowseLeafAsFound":"Urinary Incontinence",
                "ConditionBrowseLeafRelevance":"high"
              },{
                "ConditionBrowseLeafId":"M15883",
                "ConditionBrowseLeafName":"Urinary Incontinence, Stress",
                "ConditionBrowseLeafAsFound":"Stress Urinary Incontinence",
                "ConditionBrowseLeafRelevance":"high"
              },{
                "ConditionBrowseLeafId":"M6519",
                "ConditionBrowseLeafName":"Enuresis",
                "ConditionBrowseLeafAsFound":"Urinary Incontinence",
                "ConditionBrowseLeafRelevance":"high"
              },{
                "ConditionBrowseLeafId":"M25758",
                "ConditionBrowseLeafName":"Nocturnal Enuresis",
                "ConditionBrowseLeafRelevance":"low"
              },{
                "ConditionBrowseLeafId":"M15888",
                "ConditionBrowseLeafName":"Urination Disorders",
                "ConditionBrowseLeafRelevance":"low"
              },{
                "ConditionBrowseLeafId":"M15902",
                "ConditionBrowseLeafName":"Urologic Diseases",
                "ConditionBrowseLeafRelevance":"low"
              },{
                "ConditionBrowseLeafId":"M28051",
                "ConditionBrowseLeafName":"Lower Urinary Tract Symptoms",
                "ConditionBrowseLeafRelevance":"low"
              },{
                "ConditionBrowseLeafId":"M21243",
                "ConditionBrowseLeafName":"Urological Manifestations",
                "ConditionBrowseLeafRelevance":"low"
              },{
                "ConditionBrowseLeafId":"M3399",
                "ConditionBrowseLeafName":"Behavioral Symptoms",
                "ConditionBrowseLeafRelevance":"low"
              },{
                "ConditionBrowseLeafId":"M3396",
                "ConditionBrowseLeafName":"Mental Disorders",
                "ConditionBrowseLeafRelevance":"low"
              },{
                "ConditionBrowseLeafId":"M13056",
                "ConditionBrowseLeafName":"Psychotic Disorders",
                "ConditionBrowseLeafRelevance":"low"
              }
            ]
          },
          "ConditionBrowseBranchList":{
            "ConditionBrowseBranch":[
              {
                "ConditionBrowseBranchAbbrev":"BXS",
                "ConditionBrowseBranchName":"Urinary Tract, Sexual Organs, and Pregnancy Conditions"
              },{
                "ConditionBrowseBranchAbbrev":"BC23",
                "ConditionBrowseBranchName":"Symptoms and General Pathology"
              },{
                "ConditionBrowseBranchAbbrev":"All",
                "ConditionBrowseBranchName":"All Conditions"
              },{
                "ConditionBrowseBranchAbbrev":"BXM",
                "ConditionBrowseBranchName":"Behaviors and Mental Disorders"
              }
            ]
          }
        }
      }
    }
  }
}

