{
  "FullStudy":{
    "Rank":2294,
    "Study":{
      "ProtocolSection":{
        "IdentificationModule":{
          "NCTId":"NCT04820101",
          "OrgStudyIdInfo":{
            "OrgStudyId":"DEXLISA 920/CE Marca"
          },
          "Organization":{
            "OrgFullName":"University of Padova",
            "OrgClass":"OTHER"
          },
          "BriefTitle":"Dexmedetomidine for LISA Procedure in Preterm Infants",
          "OfficialTitle":"Dexmedetomidine for LISA Procedure in Preterm Infants: a Pilot Study",
          "Acronym":"DEXLISA"
        },
        "StatusModule":{
          "StatusVerifiedDate":"March 2021",
          "OverallStatus":"Not yet recruiting",
          "ExpandedAccessInfo":{
            "HasExpandedAccess":"No"
          },
          "StartDateStruct":{
            "StartDate":"April 1, 2021",
            "StartDateType":"Anticipated"
          },
          "PrimaryCompletionDateStruct":{
            "PrimaryCompletionDate":"April 1, 2023",
            "PrimaryCompletionDateType":"Anticipated"
          },
          "CompletionDateStruct":{
            "CompletionDate":"April 1, 2023",
            "CompletionDateType":"Anticipated"
          },
          "StudyFirstSubmitDate":"March 19, 2021",
          "StudyFirstSubmitQCDate":"March 25, 2021",
          "StudyFirstPostDateStruct":{
            "StudyFirstPostDate":"March 29, 2021",
            "StudyFirstPostDateType":"Actual"
          },
          "LastUpdateSubmitDate":"March 25, 2021",
          "LastUpdatePostDateStruct":{
            "LastUpdatePostDate":"March 29, 2021",
            "LastUpdatePostDateType":"Actual"
          }
        },
        "SponsorCollaboratorsModule":{
          "ResponsibleParty":{
            "ResponsiblePartyType":"Principal Investigator",
            "ResponsiblePartyInvestigatorFullName":"Paola Lago",
            "ResponsiblePartyInvestigatorTitle":"Head of Neonatal Intensive Care Unit, Principal Investigator",
            "ResponsiblePartyInvestigatorAffiliation":"University of Padova"
          },
          "LeadSponsor":{
            "LeadSponsorName":"University of Padova",
            "LeadSponsorClass":"OTHER"
          }
        },
        "OversightModule":{
          "OversightHasDMC":"No",
          "IsFDARegulatedDrug":"No",
          "IsFDARegulatedDevice":"No",
          "IsUSExport":"No"
        },
        "DescriptionModule":{
          "BriefSummary":"The investigators aim to evaluate: the effectiveness of dexmedetomidine for analgesia and sedation during LISA procedure, without compromising the respiratory drive; the safety of this drug on the preterm infant in a pilot study.",
          "DetailedDescription":"Information will be given to parents of preterm babies <36 wGA upon their admission to the NICU (neonatal intensive care unit), and informed consent will be obtained as soon as possible. Eligible babies for LISA procedure (dyspneic and FiO2 > 0.30 on CPAP pressure of at least 6 cmH2O) undergo sedation with dexmedetomidine 1 mcg/kg, administered slowly iv in 10 minutes, together with non pharmacological techniques. After the step of sedation LISA is performed. Before/during and after the procedure pain will be assessed by the NIPS scale and the quality of intubation will be evaluated; then other events related to the procedure will be strictly collected for the first 24 hours. Babies will then be managed in usual NICU way and clinical data will be unregistered on respiratory, neurological and hemodynamic outcomes during the hospital stay, and especially at discharge."
        },
        "ConditionsModule":{
          "ConditionList":{
            "Condition":[
              "RDS"
            ]
          },
          "KeywordList":{
            "Keyword":[
              "RDS",
              "LISA",
              "preterm",
              "sedation",
              "dexmedetomidine"
            ]
          }
        },
        "DesignModule":{
          "StudyType":"Interventional",
          "PhaseList":{
            "Phase":[
              "Not Applicable"
            ]
          },
          "DesignInfo":{
            "DesignAllocation":"N/A",
            "DesignInterventionModel":"Single Group Assignment",
            "DesignPrimaryPurpose":"Treatment",
            "DesignMaskingInfo":{
              "DesignMasking":"None (Open Label)"
            }
          },
          "EnrollmentInfo":{
            "EnrollmentCount":"40",
            "EnrollmentType":"Anticipated"
          }
        },
        "ArmsInterventionsModule":{
          "ArmGroupList":{
            "ArmGroup":[
              {
                "ArmGroupLabel":"Every preterm newborns 26+0 -36+6 wGA with RDS needing surfactant therapy",
                "ArmGroupType":"Experimental",
                "ArmGroupDescription":"Every preterm newborns 26+0-36+6 wGA who undergoes LISA procedure will receive sedation with dexmedetomidine in order to evaluate its efficacy in achieving pain control and comfort.",
                "ArmGroupInterventionList":{
                  "ArmGroupInterventionName":[
                    "Drug: Dexmedetomidine"
                  ]
                }
              }
            ]
          },
          "InterventionList":{
            "Intervention":[
              {
                "InterventionType":"Drug",
                "InterventionName":"Dexmedetomidine",
                "InterventionDescription":"administrating dexmedetomidine in order to evaluate the efficacy in achieving sedation for LISA procedure",
                "InterventionArmGroupLabelList":{
                  "InterventionArmGroupLabel":[
                    "Every preterm newborns 26+0 -36+6 wGA with RDS needing surfactant therapy"
                  ]
                },
                "InterventionOtherNameList":{
                  "InterventionOtherName":[
                    "LISA procedure"
                  ]
                }
              }
            ]
          }
        },
        "OutcomesModule":{
          "PrimaryOutcomeList":{
            "PrimaryOutcome":[
              {
                "PrimaryOutcomeMeasure":"effectiveness of dexmedetomidine in achieving sedation for LISA procedure",
                "PrimaryOutcomeDescription":"evaluation of changes in Neonatal Infant Pain Scale (NIPS) score (0-2 points= no pain, 3-4 points = moderate pain; > 4 = severe pain)",
                "PrimaryOutcomeTimeFrame":"basal (before procedure), during and immediately after the procedure"
              },{
                "PrimaryOutcomeMeasure":"Safety of dexmedetomidine in sedating preterm infants",
                "PrimaryOutcomeDescription":"evaluation of number of apneas ( > 20 seconds or < 20 seconds with bradycardia < 100 bpm or desaturation ( SpO2 < 85%)); number of severe apnea and bradycardia (defined by the American Academy of Pediatrics Guidelines as apnea > 30 seconds and/or heart rate < 60 beats/minute for more than 10 seconds); need for intubation.",
                "PrimaryOutcomeTimeFrame":"24 hours"
              }
            ]
          },
          "SecondaryOutcomeList":{
            "SecondaryOutcome":[
              {
                "SecondaryOutcomeMeasure":"number of laryngoscopies needed to perform LISA",
                "SecondaryOutcomeDescription":"calculate the number of laryngoscopies needed to perform LISA",
                "SecondaryOutcomeTimeFrame":"during the procedure"
              },{
                "SecondaryOutcomeMeasure":"time needed to perform LISA",
                "SecondaryOutcomeDescription":"calculate the time needed to perform LISA",
                "SecondaryOutcomeTimeFrame":"during the procedure"
              },{
                "SecondaryOutcomeMeasure":"Intubation conditions",
                "SecondaryOutcomeDescription":"evaluated by the operator using the Goldberg scale (3 = excellent intubation conditions; 4-6= good intubation conditions; 7-9 = poor intubation conditions; 10-12 = inadequate intubation conditions)",
                "SecondaryOutcomeTimeFrame":"during the procedure"
              },{
                "SecondaryOutcomeMeasure":"the evolution of cardiorespiratory parameters",
                "SecondaryOutcomeDescription":"heart rate (beats per minute)",
                "SecondaryOutcomeTimeFrame":"1 min, 3 min, 5 min, 15 min, 30 min, 60 min and 120 min after the first drug injection"
              },{
                "SecondaryOutcomeMeasure":"the evolution of cardiorespiratory parameters",
                "SecondaryOutcomeDescription":"respiratory rate (breaths per minute)",
                "SecondaryOutcomeTimeFrame":"1 min, 3 min, 5 min, 15 min, 30 min, 60 min and 120 min after the first drug injection"
              },{
                "SecondaryOutcomeMeasure":"the evolution of cardiorespiratory parameters",
                "SecondaryOutcomeDescription":"pulse oximetry (%)",
                "SecondaryOutcomeTimeFrame":"1 min, 3 min, 5 min, 15 min, 30 min, 60 min and 120 min after the first drug injection"
              },{
                "SecondaryOutcomeMeasure":"the evolution of cardiorespiratory parameters",
                "SecondaryOutcomeDescription":"blood pressure (mmHg)",
                "SecondaryOutcomeTimeFrame":"1 min, 3 min, 5 min, 15 min, 30 min, 60 min and 120 min after the first drug injection"
              },{
                "SecondaryOutcomeMeasure":"the evolution of cardiorespiratory parameters",
                "SecondaryOutcomeDescription":"FiO2 maxima during the procedure maintained for at least 30 seconds (%)",
                "SecondaryOutcomeTimeFrame":"1 min, 3 min, 5 min, 15 min, 30 min, 60 min and 120 min after the first drug injection"
              },{
                "SecondaryOutcomeMeasure":"changes in ventilation mode",
                "SecondaryOutcomeDescription":"inspiratory and end-expiratory ventilation pressures changes (cmH2O)",
                "SecondaryOutcomeTimeFrame":"1 min, 3 min, 5 min, 15 min, 30 min, 60 min and 120 min after the first drug injection"
              },{
                "SecondaryOutcomeMeasure":"The incidence of drug adverse effects",
                "SecondaryOutcomeDescription":"respiratory events (i.e. bronchospasm) or cardiovascular events (bradycardia, hypotension)",
                "SecondaryOutcomeTimeFrame":"24 hours after drug injection"
              },{
                "SecondaryOutcomeMeasure":"The incidence of pneumothorax or selective administration of surfactant",
                "SecondaryOutcomeDescription":"RX evaluation",
                "SecondaryOutcomeTimeFrame":"24 hours after drug injection"
              },{
                "SecondaryOutcomeMeasure":"Long term outcomes",
                "SecondaryOutcomeDescription":"mortality (%)",
                "SecondaryOutcomeTimeFrame":"at 40 weeks PMA"
              },{
                "SecondaryOutcomeMeasure":"Long term outcomes",
                "SecondaryOutcomeDescription":"bronchopulmonary dysplasia (%), defined as oxygen administration and/or respiratory support at 36 wGA",
                "SecondaryOutcomeTimeFrame":"at 40 weeks PMA"
              },{
                "SecondaryOutcomeMeasure":"Long term outcomes",
                "SecondaryOutcomeDescription":"intraventricular hemorrhage (%) and periventricular leukomalacia (%)",
                "SecondaryOutcomeTimeFrame":"at 40 weeks PMA"
              },{
                "SecondaryOutcomeMeasure":"Long term outcomes",
                "SecondaryOutcomeDescription":"necrotizing enterocolitis (%)",
                "SecondaryOutcomeTimeFrame":"at 40 weeks PMA"
              },{
                "SecondaryOutcomeMeasure":"Long term outcomes",
                "SecondaryOutcomeDescription":"retinopathy of prematurity (%)",
                "SecondaryOutcomeTimeFrame":"at 40 weeks PMA"
              }
            ]
          }
        },
        "EligibilityModule":{
          "EligibilityCriteria":"Inclusion Criteria:\n\nPreterm newborns between 26+0 and 36+6 weeks of gestation stratified in two groups: VLBWI 26-31+6and LBWI 32-36+6.\nRespiratory distress syndrome requiring surfactant therapy\n\nExclusion Criteria:\n\nNeed for emergency intubation in the delivery room\nMajor congenital malformations (such as cardiopathies)\nChromosomic abnormalities\nFetal Hydrops\nHypercapnia: CO2 > 65 mmHg\nPneumothorax\nHemodynamic compromise",
          "HealthyVolunteers":"Accepts Healthy Volunteers",
          "Gender":"All",
          "MinimumAge":"26 Weeks",
          "MaximumAge":"36 Weeks",
          "StdAgeList":{
            "StdAge":[
              "Child"
            ]
          }
        },
        "ContactsLocationsModule":{
          "CentralContactList":{
            "CentralContact":[
              {
                "CentralContactName":"Paola Lago, MD",
                "CentralContactRole":"Contact",
                "CentralContactPhone":"00390422322608",
                "CentralContactEMail":"paola.lago@aulss2.veneto.it"
              },{
                "CentralContactName":"Beatrice Galeazzo, MD",
                "CentralContactRole":"Contact",
                "CentralContactPhone":"00390422322608",
                "CentralContactEMail":"beatrice.galeazzo@aulss2.veneto.it"
              }
            ]
          },
          "LocationList":{
            "Location":[
              {
                "LocationFacility":"Paola Lago",
                "LocationCity":"Treviso",
                "LocationZip":"31100",
                "LocationCountry":"Italy",
                "LocationContactList":{
                  "LocationContact":[
                    {
                      "LocationContactName":"Beatrice c Galeazzo, MD",
                      "LocationContactRole":"Contact",
                      "LocationContactPhone":"00390422322608",
                      "LocationContactEMail":"beatrice.galeazzo@aulss2.veneto.it"
                    },{
                      "LocationContactName":"Paola Lago, MD",
                      "LocationContactRole":"Principal Investigator"
                    },{
                      "LocationContactName":"Beatrice Galeazzo, MD",
                      "LocationContactRole":"Sub-Investigator"
                    },{
                      "LocationContactName":"Nadia Battajon, MD",
                      "LocationContactRole":"Sub-Investigator"
                    },{
                      "LocationContactName":"Valentina Favero, MD",
                      "LocationContactRole":"Sub-Investigator"
                    },{
                      "LocationContactName":"Silvia Vendramin, MD",
                      "LocationContactRole":"Sub-Investigator"
                    }
                  ]
                }
              }
            ]
          }
        },
        "ReferencesModule":{
          "ReferenceList":{
            "Reference":[
              {
                "ReferencePMID":"20472939",
                "ReferenceType":"background",
                "ReferenceCitation":"SUPPORT Study Group of the Eunice Kennedy Shriver NICHD Neonatal Research Network, Finer NN, Carlo WA, Walsh MC, Rich W, Gantz MG, Laptook AR, Yoder BA, Faix RG, Das A, Poole WK, Donovan EF, Newman NS, Ambalavanan N, Frantz ID 3rd, Buchter S, Sánchez PJ, Kennedy KA, Laroia N, Poindexter BB, Cotten CM, Van Meurs KP, Duara S, Narendran V, Sood BG, O'Shea TM, Bell EF, Bhandari V, Watterberg KL, Higgins RD. Early CPAP versus surfactant in extremely preterm infants. N Engl J Med. 2010 May 27;362(21):1970-9. doi: 10.1056/NEJMoa0911783. Epub 2010 May 16. Erratum in: N Engl J Med. 2010 Jun 10;362(23):2235."
              },{
                "ReferencePMID":"27976361",
                "ReferenceType":"background",
                "ReferenceCitation":"Lemyre B, Laughon M, Bose C, Davis PG. Early nasal intermittent positive pressure ventilation (NIPPV) versus early nasal continuous positive airway pressure (NCPAP) for preterm infants. Cochrane Database Syst Rev. 2016 Dec 15;12:CD005384. doi: 10.1002/14651858.CD005384.pub2. Review."
              },{
                "ReferencePMID":"24144716",
                "ReferenceType":"background",
                "ReferenceCitation":"Fischer HS, Bührer C. Avoiding endotracheal ventilation to prevent bronchopulmonary dysplasia: a meta-analysis. Pediatrics. 2013 Nov;132(5):e1351-60. doi: 10.1542/peds.2013-1880. Epub 2013 Oct 21. Review."
              },{
                "ReferencePMID":"26414549",
                "ReferenceType":"background",
                "ReferenceCitation":"Jensen EA, DeMauro SB, Kornhauser M, Aghai ZH, Greenspan JS, Dysart KC. Effects of Multiple Ventilation Courses and Duration of Mechanical Ventilation on Respiratory Outcomes in Extremely Low-Birth-Weight Infants. JAMA Pediatr. 2015 Nov;169(11):1011-7. doi: 10.1001/jamapediatrics.2015.2401."
              },{
                "ReferencePMID":"1509593",
                "ReferenceType":"background",
                "ReferenceCitation":"Verder H, Agertoft L, Albertsen P, Christensen NC, Curstedt T, Ebbesen F, Greisen G, Hobolth N, Holm V, Jacobsen T, et al. [Surfactant treatment of newborn infants with respiratory distress syndrome primarily treated with nasal continuous positive air pressure. A pilot study]. Ugeskr Laeger. 1992 Jul 27;154(31):2136-9. Danish."
              },{
                "ReferencePMID":"27837757",
                "ReferenceType":"background",
                "ReferenceCitation":"Kribs A. Minimally Invasive Surfactant Therapy and Noninvasive Respiratory Support. Clin Perinatol. 2016 Dec;43(4):755-771. doi: 10.1016/j.clp.2016.07.010. Epub 2016 Oct 14. Review."
              },{
                "ReferencePMID":"26053341",
                "ReferenceType":"background",
                "ReferenceCitation":"Kribs A, Roll C, Göpel W, Wieg C, Groneck P, Laux R, Teig N, Hoehn T, Böhm W, Welzing L, Vochem M, Hoppenz M, Bührer C, Mehler K, Stützer H, Franklin J, Stöhr A, Herting E, Roth B; NINSAPP Trial Investigators. Nonintubated Surfactant Application vs Conventional Therapy in Extremely Preterm Infants: A Randomized Clinical Trial. JAMA Pediatr. 2015 Aug;169(8):723-30. doi: 10.1001/jamapediatrics.2015.0504."
              },{
                "ReferencePMID":"27532916",
                "ReferenceType":"background",
                "ReferenceCitation":"Isayama T, Iwami H, McDonald S, Beyene J. Association of Noninvasive Ventilation Strategies With Mortality and Bronchopulmonary Dysplasia Among Preterm Infants: A Systematic Review and Meta-analysis. JAMA. 2016 Aug 9;316(6):611-24. doi: 10.1001/jama.2016.10708. Review. Erratum in: JAMA. 2016 Sep 13;316(10):1116."
              },{
                "ReferencePMID":"27852668",
                "ReferenceType":"background",
                "ReferenceCitation":"Aldana-Aguirre JC, Pinto M, Featherstone RM, Kumar M. Less invasive surfactant administration versus intubation for surfactant delivery in preterm infants with respiratory distress syndrome: a systematic review and meta-analysis. Arch Dis Child Fetal Neonatal Ed. 2017 Jan;102(1):F17-F23. doi: 10.1136/archdischild-2015-310299. Epub 2016 Nov 15. Review."
              },{
                "ReferencePMID":"20176672",
                "ReferenceType":"background",
                "ReferenceCitation":"Kumar P, Denson SE, Mancuso TJ; Committee on Fetus and Newborn, Section on Anesthesiology and Pain Medicine. Premedication for nonemergency endotracheal intubation in the neonate. Pediatrics. 2010 Mar;125(3):608-15. doi: 10.1542/peds.2009-2863. Epub 2010 Feb 22. Review."
              },{
                "ReferencePMID":"26810788",
                "ReferenceType":"background",
                "ReferenceCitation":"COMMITTEE ON FETUS AND NEWBORN and SECTION ON ANESTHESIOLOGY AND PAIN MEDICINE. Prevention and Management of Procedural Pain in the Neonate: An Update. Pediatrics. 2016 Feb;137(2):e20154271. doi: 10.1542/peds.2015-4271. Epub 2016 Jan 25."
              },{
                "ReferencePMID":"30538147",
                "ReferenceType":"background",
                "ReferenceCitation":"Foglia EE, Ades A, Sawyer T, Glass KM, Singh N, Jung P, Quek BH, Johnston LC, Barry J, Zenge J, Moussa A, Kim JH, DeMeo SD, Napolitano N, Nadkarni V, Nishisaki A; NEAR4NEOS Investigators. Neonatal Intubation Practice and Outcomes: An International Registry Study. Pediatrics. 2019 Jan;143(1). pii: e20180902. doi: 10.1542/peds.2018-0902. Epub 2018 Dec 11."
              },{
                "ReferencePMID":"28483817",
                "ReferenceType":"background",
                "ReferenceCitation":"Descamps CS, Chevallier M, Ego A, Pin I, Epiard C, Debillon T. Propofol for sedation during less invasive surfactant administration in preterm infants. Arch Dis Child Fetal Neonatal Ed. 2017 Sep;102(5):F465. doi: 10.1136/archdischild-2017-312791. Epub 2017 May 8."
              },{
                "ReferencePMID":"26907795",
                "ReferenceType":"background",
                "ReferenceCitation":"Dekker J, Lopriore E, Rijken M, Rijntjes-Jacobs E, Smits-Wintjens V, Te Pas A. Sedation during Minimal Invasive Surfactant Therapy in Preterm Infants. Neonatology. 2016;109(4):308-13. doi: 10.1159/000443823. Epub 2016 Feb 24."
              },{
                "ReferencePMID":"29532502",
                "ReferenceType":"background",
                "ReferenceCitation":"Bourgoin L, Caeymaex L, Decobert F, Jung C, Danan C, Durrmeyer X. Administering atropine and ketamine before less invasive surfactant administration resulted in low pain scores in a prospective study of premature neonates. Acta Paediatr. 2018 Jul;107(7):1184-1190. doi: 10.1111/apa.14317. Epub 2018 Apr 16."
              },{
                "ReferencePMID":"30068669",
                "ReferenceType":"background",
                "ReferenceCitation":"Dekker J, Lopriore E, van Zanten HA, Tan RNGB, Hooper SB, Te Pas AB. Sedation during minimal invasive surfactant therapy: a randomised controlled trial. Arch Dis Child Fetal Neonatal Ed. 2019 Jul;104(4):F378-F383. doi: 10.1136/archdischild-2018-315015. Epub 2018 Aug 1."
              },{
                "ReferencePMID":"32384914",
                "ReferenceType":"background",
                "ReferenceCitation":"Chevallier M, Durrmeyer X, Ego A, Debillon T; PROLISA Study Group. Propofol versus placebo (with rescue with ketamine) before less invasive surfactant administration: study protocol for a multicenter, double-blind, placebo controlled trial (PROLISA). BMC Pediatr. 2020 May 8;20(1):199. doi: 10.1186/s12887-020-02112-x."
              },{
                "ReferencePMID":"28598946",
                "ReferenceType":"background",
                "ReferenceCitation":"Venkatraman R, Hungerford JL, Hall MW, Moore-Clingenpeel M, Tobias JD. Dexmedetomidine for Sedation During Noninvasive Ventilation in Pediatric Patients. Pediatr Crit Care Med. 2017 Sep;18(9):831-837. doi: 10.1097/PCC.0000000000001226."
              },{
                "ReferencePMID":"28105598",
                "ReferenceType":"background",
                "ReferenceCitation":"Weerink MAS, Struys MMRF, Hannivoort LN, Barends CRM, Absalom AR, Colin P. Clinical Pharmacokinetics and Pharmacodynamics of Dexmedetomidine. Clin Pharmacokinet. 2017 Aug;56(8):893-913. doi: 10.1007/s40262-017-0507-7. Review."
              },{
                "ReferencePMID":"8413140",
                "ReferenceType":"background",
                "ReferenceCitation":"Lawrence J, Alcock D, McGrath P, Kay J, MacMurray SB, Dulberg C. The development of a tool to assess neonatal pain. Neonatal Netw. 1993 Sep;12(6):59-66."
              },{
                "ReferencePMID":"26473001",
                "ReferenceType":"background",
                "ReferenceCitation":"Wyckoff MH, Aziz K, Escobedo MB, Kapadia VS, Kattwinkel J, Perlman JM, Simon WM, Weiner GM, Zaichkin JG. Part 13: Neonatal Resuscitation: 2015 American Heart Association Guidelines Update for Cardiopulmonary Resuscitation and Emergency Cardiovascular Care. Circulation. 2015 Nov 3;132(18 Suppl 2):S543-60. doi: 10.1161/CIR.0000000000000267. Review."
              },{
                "ReferencePMID":"28654173",
                "ReferenceType":"background",
                "ReferenceCitation":"Tran DTT, Newton EK, Mount VAH, Lee JS, Mansour C, Wells GA, Perry JJ. Rocuronium vs. succinylcholine for rapid sequence intubation: a Cochrane systematic review. Anaesthesia. 2017 Jun;72(6):765-777. doi: 10.1111/anae.13903."
              },{
                "ReferencePMID":"26628729",
                "ReferenceType":"background",
                "ReferenceCitation":"Eichenwald EC; Committee on Fetus and Newborn, American Academy of Pediatrics. Apnea of Prematurity. Pediatrics. 2016 Jan;137(1). doi: 10.1542/peds.2015-3757. Epub 2015 Dec 1."
              },{
                "ReferencePMID":"30974433",
                "ReferenceType":"result",
                "ReferenceCitation":"Sweet DG, Carnielli V, Greisen G, Hallman M, Ozek E, Te Pas A, Plavka R, Roehr CC, Saugstad OD, Simeoni U, Speer CP, Vento M, Visser GHA, Halliday HL. European Consensus Guidelines on the Management of Respiratory Distress Syndrome - 2019 Update. Neonatology. 2019;115(4):432-450. doi: 10.1159/000499361. Epub 2019 Apr 11."
              }
            ]
          }
        },
        "IPDSharingStatementModule":{
          "IPDSharing":"Yes",
          "IPDSharingDescription":"all collected IPD, all IPD that underlie results in a publication",
          "IPDSharingInfoTypeList":{
            "IPDSharingInfoType":[
              "Study Protocol",
              "Statistical Analysis Plan (SAP)",
              "Informed Consent Form (ICF)",
              "Clinical Study Report (CSR)",
              "Analytic Code"
            ]
          },
          "IPDSharingTimeFrame":"at the end of the study (April 2023)",
          "IPDSharingAccessCriteria":"The investigators will access the data and the statistician"
        }
      },
      "DerivedSection":{
        "MiscInfoModule":{
          "VersionHolder":"April 19, 2021"
        },
        "ConditionBrowseModule":{
          "ConditionMeshList":{
            "ConditionMesh":[
              {
                "ConditionMeshId":"D000047928",
                "ConditionMeshTerm":"Premature Birth"
              }
            ]
          },
          "ConditionAncestorList":{
            "ConditionAncestor":[
              {
                "ConditionAncestorId":"D000007752",
                "ConditionAncestorTerm":"Obstetric Labor, Premature"
              },{
                "ConditionAncestorId":"D000007744",
                "ConditionAncestorTerm":"Obstetric Labor Complications"
              },{
                "ConditionAncestorId":"D000011248",
                "ConditionAncestorTerm":"Pregnancy Complications"
              }
            ]
          },
          "ConditionBrowseLeafList":{
            "ConditionBrowseLeaf":[
              {
                "ConditionBrowseLeafId":"M24456",
                "ConditionBrowseLeafName":"Premature Birth",
                "ConditionBrowseLeafAsFound":"Preterm",
                "ConditionBrowseLeafRelevance":"high"
              },{
                "ConditionBrowseLeafId":"M9355",
                "ConditionBrowseLeafName":"Obstetric Labor, Premature",
                "ConditionBrowseLeafRelevance":"low"
              },{
                "ConditionBrowseLeafId":"M9347",
                "ConditionBrowseLeafName":"Obstetric Labor Complications",
                "ConditionBrowseLeafRelevance":"low"
              },{
                "ConditionBrowseLeafId":"M12710",
                "ConditionBrowseLeafName":"Pregnancy Complications",
                "ConditionBrowseLeafRelevance":"low"
              }
            ]
          },
          "ConditionBrowseBranchList":{
            "ConditionBrowseBranch":[
              {
                "ConditionBrowseBranchAbbrev":"BXS",
                "ConditionBrowseBranchName":"Urinary Tract, Sexual Organs, and Pregnancy Conditions"
              },{
                "ConditionBrowseBranchAbbrev":"All",
                "ConditionBrowseBranchName":"All Conditions"
              }
            ]
          }
        },
        "InterventionBrowseModule":{
          "InterventionMeshList":{
            "InterventionMesh":[
              {
                "InterventionMeshId":"D000020927",
                "InterventionMeshTerm":"Dexmedetomidine"
              }
            ]
          },
          "InterventionAncestorList":{
            "InterventionAncestor":[
              {
                "InterventionAncestorId":"D000006993",
                "InterventionAncestorTerm":"Hypnotics and Sedatives"
              },{
                "InterventionAncestorId":"D000002492",
                "InterventionAncestorTerm":"Central Nervous System Depressants"
              },{
                "InterventionAncestorId":"D000045505",
                "InterventionAncestorTerm":"Physiological Effects of Drugs"
              },{
                "InterventionAncestorId":"D000018712",
                "InterventionAncestorTerm":"Analgesics, Non-Narcotic"
              },{
                "InterventionAncestorId":"D000000700",
                "InterventionAncestorTerm":"Analgesics"
              },{
                "InterventionAncestorId":"D000018689",
                "InterventionAncestorTerm":"Sensory System Agents"
              },{
                "InterventionAncestorId":"D000018373",
                "InterventionAncestorTerm":"Peripheral Nervous System Agents"
              },{
                "InterventionAncestorId":"D000058647",
                "InterventionAncestorTerm":"Adrenergic alpha-2 Receptor Agonists"
              },{
                "InterventionAncestorId":"D000000316",
                "InterventionAncestorTerm":"Adrenergic alpha-Agonists"
              },{
                "InterventionAncestorId":"D000000322",
                "InterventionAncestorTerm":"Adrenergic Agonists"
              },{
                "InterventionAncestorId":"D000018663",
                "InterventionAncestorTerm":"Adrenergic Agents"
              },{
                "InterventionAncestorId":"D000018377",
                "InterventionAncestorTerm":"Neurotransmitter Agents"
              },{
                "InterventionAncestorId":"D000045504",
                "InterventionAncestorTerm":"Molecular Mechanisms of Pharmacological Action"
              }
            ]
          },
          "InterventionBrowseLeafList":{
            "InterventionBrowseLeaf":[
              {
                "InterventionBrowseLeafId":"M13100",
                "InterventionBrowseLeafName":"Pulmonary Surfactants",
                "InterventionBrowseLeafRelevance":"low"
              },{
                "InterventionBrowseLeafId":"M21246",
                "InterventionBrowseLeafName":"Dexmedetomidine",
                "InterventionBrowseLeafAsFound":"Assess",
                "InterventionBrowseLeafRelevance":"high"
              },{
                "InterventionBrowseLeafId":"M8626",
                "InterventionBrowseLeafName":"Hypnotics and Sedatives",
                "InterventionBrowseLeafRelevance":"low"
              },{
                "InterventionBrowseLeafId":"M2613",
                "InterventionBrowseLeafName":"Analgesics",
                "InterventionBrowseLeafRelevance":"low"
              },{
                "InterventionBrowseLeafId":"M19370",
                "InterventionBrowseLeafName":"Analgesics, Non-Narcotic",
                "InterventionBrowseLeafRelevance":"low"
              },{
                "InterventionBrowseLeafId":"M19330",
                "InterventionBrowseLeafName":"Adrenergic Agents",
                "InterventionBrowseLeafRelevance":"low"
              },{
                "InterventionBrowseLeafId":"M2249",
                "InterventionBrowseLeafName":"Adrenergic alpha-Agonists",
                "InterventionBrowseLeafRelevance":"low"
              },{
                "InterventionBrowseLeafId":"M2254",
                "InterventionBrowseLeafName":"Adrenergic Agonists",
                "InterventionBrowseLeafRelevance":"low"
              },{
                "InterventionBrowseLeafId":"M19088",
                "InterventionBrowseLeafName":"Neurotransmitter Agents",
                "InterventionBrowseLeafRelevance":"low"
              }
            ]
          },
          "InterventionBrowseBranchList":{
            "InterventionBrowseBranch":[
              {
                "InterventionBrowseBranchAbbrev":"Resp",
                "InterventionBrowseBranchName":"Respiratory System Agents"
              },{
                "InterventionBrowseBranchAbbrev":"All",
                "InterventionBrowseBranchName":"All Drugs and Chemicals"
              },{
                "InterventionBrowseBranchAbbrev":"Analg",
                "InterventionBrowseBranchName":"Analgesics"
              },{
                "InterventionBrowseBranchAbbrev":"CNSDep",
                "InterventionBrowseBranchName":"Central Nervous System Depressants"
              }
            ]
          }
        }
      }
    }
  }
}

