{
  "FullStudy":{
    "Rank":1627,
    "Study":{
      "ProtocolSection":{
        "IdentificationModule":{
          "NCTId":"NCT04828785",
          "OrgStudyIdInfo":{
            "OrgStudyId":"20-2847"
          },
          "SecondaryIdInfoList":{
            "SecondaryIdInfo":[
              {
                "SecondaryId":"R01DK125831",
                "SecondaryIdType":"U.S. NIH Grant/Contract",
                "SecondaryIdLink":"https://projectreporter.nih.gov/reporterapi.cfm?PROJECTNUM=R01DK125831&Fy=all"
              }
            ]
          },
          "Organization":{
            "OrgFullName":"University of North Carolina, Chapel Hill",
            "OrgClass":"OTHER"
          },
          "BriefTitle":"Food As MedicinE for Diabetes",
          "OfficialTitle":"Food is Medicine: A Randomized Clinical Trial of Medically Tailored Meals For Individuals With Type 2 Diabetes Mellitus and Food Insecurity",
          "Acronym":"FAME-D"
        },
        "StatusModule":{
          "StatusVerifiedDate":"March 2021",
          "OverallStatus":"Not yet recruiting",
          "ExpandedAccessInfo":{
            "HasExpandedAccess":"No"
          },
          "StartDateStruct":{
            "StartDate":"April 2021",
            "StartDateType":"Anticipated"
          },
          "PrimaryCompletionDateStruct":{
            "PrimaryCompletionDate":"February 2024",
            "PrimaryCompletionDateType":"Anticipated"
          },
          "CompletionDateStruct":{
            "CompletionDate":"August 2024",
            "CompletionDateType":"Anticipated"
          },
          "StudyFirstSubmitDate":"March 30, 2021",
          "StudyFirstSubmitQCDate":"March 30, 2021",
          "StudyFirstPostDateStruct":{
            "StudyFirstPostDate":"April 2, 2021",
            "StudyFirstPostDateType":"Actual"
          },
          "LastUpdateSubmitDate":"March 30, 2021",
          "LastUpdatePostDateStruct":{
            "LastUpdatePostDate":"April 2, 2021",
            "LastUpdatePostDateType":"Actual"
          }
        },
        "SponsorCollaboratorsModule":{
          "ResponsibleParty":{
            "ResponsiblePartyType":"Sponsor"
          },
          "LeadSponsor":{
            "LeadSponsorName":"University of North Carolina, Chapel Hill",
            "LeadSponsorClass":"OTHER"
          },
          "CollaboratorList":{
            "Collaborator":[
              {
                "CollaboratorName":"National Institute of Diabetes and Digestive and Kidney Diseases (NIDDK)",
                "CollaboratorClass":"NIH"
              },{
                "CollaboratorName":"Community Servings",
                "CollaboratorClass":"UNKNOWN"
              },{
                "CollaboratorName":"Massachusetts General Hospital",
                "CollaboratorClass":"OTHER"
              }
            ]
          }
        },
        "OversightModule":{
          "OversightHasDMC":"No",
          "IsFDARegulatedDrug":"No",
          "IsFDARegulatedDevice":"No"
        },
        "DescriptionModule":{
          "BriefSummary":"The investigators propose a single-site, open-label, Phase II, community-based randomized clinical explanatory trial to test the efficacy of a medically tailored meal (MTM) interventions for adults with food insecurity and T2DM (Type 2 Diabetes Mellitus). While the efficacy of MTM needs to be established, given the nature of the population served by MTM, it is important to design the study to enhance the external validity/generalizability of the findings as much as possible. The investigators will recruit 200 participants from the referral list of Community Servings, a Boston-based MTM provider, and randomly assign them to MTM (N=100) or usual care + monthly food subsidy (N=100). MTM intervention will consist of 6 months of weekly delivery of 10 ready-to-eat meals (approximately half an individual's weekly food intake), along with telephone-based lifestyle intervention that prepares participants for the post-treatment period. The usual care + food subsidy recipients will receive usual care along with 6 months of a $30/month food subsidy.",
          "DetailedDescription":"Food insecurity, \"lack of access to enough food for an active, healthy life\", affects over 20% of the 30 million Americans with diabetes. Food insecurity is more common in racial/ethnic minorities and those with lower socioeconomic status. Moreover, food insecurity is associated with worse diabetes control and increased complications, even after adjusting for other risk factors. Food insecurity is a major contributor to disparities in diabetes outcomes.\n\nMedically tailored meal (MTM) delivery programs are a promising intervention for individuals with diabetes and food insecurity. MTM programs deliver fully prepared food, tailored by a registered dietitian nutritionist to the specific medical needs of the individual, and provide education to help optimize disease self-management. Food insecurity is typically addressed with food subsidies-offering additional financial resources that can be spent on food. While both food subsidies and MTM can increase healthy food access, MTM can help overcome other barriers to diabetes management including lack of time, ability, knowledge, and skills needed to prepare appropriate meals. The use of these programs is often called 'food as medicine', as the purpose is to provide exactly the foods needed to help prevent diabetes complications. MTM are receiving increasing public attention, but there are, as of yet, no full-scale trials to test its effects on diabetes outcomes when compared with other food insecurity interventions.\n\nOur research team has developed a medically tailored meal intervention that combines provision of healthy food, tailored to the specific nutrition needs of the individual, with an evidence-based lifestyle intervention that uses the period of meal delivery as springboard to improve diabetes self-management, both while receiving meals and after meal delivery is completed.\n\nThis study is an explanatory-focused randomized trial to assess a community-based medically tailored meals intervention (n=200). It will be conducted among diverse participants referred for medically tailored meals. Adults with type 2 diabetes, Hemoglobin A1c between 7.0% and 12.0%, and BMI ≥ 25 kg/m2 (≥ 23 kg/m2 for those with Asian ancestry) will be enrolled and randomly assigned to intervention or usual care + food subsidy. The intervention group will receive meal delivery and its attendant lifestyle intervention for 6 months, while the usual care + food subsidy group will receive a $30/month food subsidy, along with usual diabetes care."
        },
        "ConditionsModule":{
          "ConditionList":{
            "Condition":[
              "Diabetes Mellitus, Type 2"
            ]
          },
          "KeywordList":{
            "Keyword":[
              "Food Insecurity",
              "Socioeconomic Factors",
              "Lifestyle Intervention"
            ]
          }
        },
        "DesignModule":{
          "StudyType":"Interventional",
          "PhaseList":{
            "Phase":[
              "Not Applicable"
            ]
          },
          "DesignInfo":{
            "DesignAllocation":"Randomized",
            "DesignInterventionModel":"Parallel Assignment",
            "DesignInterventionModelDescription":"Participants will be assigned in 1:1 ratio to one of two intervention arms",
            "DesignPrimaryPurpose":"Treatment",
            "DesignMaskingInfo":{
              "DesignMasking":"Single",
              "DesignMaskingDescription":"Owing to the nature of the intervention, participants, providers, and many study staff will know to which group individual participants have been randomized. However, efforts will be made to keep the study statistician and outcome assessors blinded to randomization group during the course of the trial.",
              "DesignWhoMaskedList":{
                "DesignWhoMasked":[
                  "Outcomes Assessor"
                ]
              }
            }
          },
          "EnrollmentInfo":{
            "EnrollmentCount":"200",
            "EnrollmentType":"Anticipated"
          }
        },
        "ArmsInterventionsModule":{
          "ArmGroupList":{
            "ArmGroup":[
              {
                "ArmGroupLabel":"Medically Tailored Meal (MTM)",
                "ArmGroupType":"Experimental",
                "ArmGroupDescription":"The Medically Tailored Meal (MTM) intervention consists of weekly home meal delivery; an explanation of the medical tailoring of the meals; and a 6-session telephone lifestyle intervention change program designed to complement the period of meal delivery and prepare for the period after meal delivery with behavioral and skill-building approaches to sustain the benefit of the intervention.",
                "ArmGroupInterventionList":{
                  "ArmGroupInterventionName":[
                    "Other: MTM"
                  ]
                }
              },{
                "ArmGroupLabel":"Food Subsidy",
                "ArmGroupType":"Active Comparator",
                "ArmGroupDescription":"As a comparison group, those not randomized to receive the MTM intervention will receive usual care provided by their clinicians not associated with the study, plus a food subsidy ($30/month) for 6 months, along with healthy eating information to guide use of that subsidy.",
                "ArmGroupInterventionList":{
                  "ArmGroupInterventionName":[
                    "Other: Food Subsidy"
                  ]
                }
              }
            ]
          },
          "InterventionList":{
            "Intervention":[
              {
                "InterventionType":"Other",
                "InterventionName":"MTM",
                "InterventionDescription":"weekly home meal delivery; an explanation of the medical tailoring of the meals; and a 6-session telephone lifestyle intervention change program designed to complement the period of meal delivery and prepare for the period after meal delivery with behavioral and skill-building approaches to sustain the benefit of the intervention.",
                "InterventionArmGroupLabelList":{
                  "InterventionArmGroupLabel":[
                    "Medically Tailored Meal (MTM)"
                  ]
                }
              },{
                "InterventionType":"Other",
                "InterventionName":"Food Subsidy",
                "InterventionDescription":"$30/month food subsidy",
                "InterventionArmGroupLabelList":{
                  "InterventionArmGroupLabel":[
                    "Food Subsidy"
                  ]
                }
              }
            ]
          }
        },
        "OutcomesModule":{
          "PrimaryOutcomeList":{
            "PrimaryOutcome":[
              {
                "PrimaryOutcomeMeasure":"Hemoglobin A1c at Month 6",
                "PrimaryOutcomeDescription":"Hemoglobin A1c Level",
                "PrimaryOutcomeTimeFrame":"6 months"
              }
            ]
          },
          "SecondaryOutcomeList":{
            "SecondaryOutcome":[
              {
                "SecondaryOutcomeMeasure":"Hemoglobin A1c at Month 12",
                "SecondaryOutcomeDescription":"Hemoglobin A1c Level",
                "SecondaryOutcomeTimeFrame":"12 months"
              },{
                "SecondaryOutcomeMeasure":"Food Insecurity Score at Month 6",
                "SecondaryOutcomeDescription":"Food Insecurity Score. Score ranges from 0-10, with higher scores indicating greater food insecurity.",
                "SecondaryOutcomeTimeFrame":"6 months"
              },{
                "SecondaryOutcomeMeasure":"Food Insecurity Score at Month 12",
                "SecondaryOutcomeDescription":"Food Insecurity Score. Score ranges from 0-10, with higher scores indicating greater food insecurity.",
                "SecondaryOutcomeTimeFrame":"12 months"
              },{
                "SecondaryOutcomeMeasure":"Health-Related Quality of Life Score as assessed by PROMIS (Patient-Reported Outcomes Measurement Information System)-29 at Month 6",
                "SecondaryOutcomeDescription":"The PROMIS-29 includes seven health related quality of life domains (Physical Functioning, Anxiety, Depression, Fatigue, Sleep Disturbance, Social Functioning, and Pain), and the pain domain has two subdomains (interference and intensity). Raw scores, except pain intensity, are transformed using the T-score metric based on the item response theory calibrations in which scores have a mean of 50 and standard deviation of 10 for the general population in the US. A higher PROMIS T-score implies more of the concept being measured; i.e., a higher PROMIS score on physical function indicates better functioning, whereas a higher score on depression indicates more severe depressive symptoms. Will report overall score and scores for each domain. From these data we will also calculate a PROMIS-Preference (PROPr score) (PROPr scores range from -0.022 (worst) to 1.0 (best)).",
                "SecondaryOutcomeTimeFrame":"6 months"
              },{
                "SecondaryOutcomeMeasure":"Health-Related Quality of Life Score as assessed by PROMIS-29 at Month 12",
                "SecondaryOutcomeDescription":"The PROMIS-29 includes seven health related quality of life domains (Physical Functioning, Anxiety, Depression, Fatigue, Sleep Disturbance, Social Functioning, and Pain), and the pain domain has two subdomains (interference and intensity). Raw scores, except pain intensity, are transformed using the T-score metric based on the item response theory calibrations in which scores have a mean of 50 and standard deviation of 10 for the general population in the US. A higher PROMIS T-score implies more of the concept being measured; i.e., a higher PROMIS score on physical function indicates better functioning, whereas a higher score on depression indicates more severe depressive symptoms. Will report overall score and scores for each domain. From these data we will also calculate a PROMIS-Preference (PROPr score) (PROPr scores range from -0.022 (worst) to 1.0 (best)).",
                "SecondaryOutcomeTimeFrame":"12 months"
              },{
                "SecondaryOutcomeMeasure":"Diabetes Distress Score as assessed by PAID (Problem Areas in Diabetes)-11 at Month 6",
                "SecondaryOutcomeDescription":"Score ranges from 11-55 with higher scores indicating greater diabetes distress",
                "SecondaryOutcomeTimeFrame":"6 months"
              },{
                "SecondaryOutcomeMeasure":"Diabetes Distress Score as assessed by PAID-11 at Month 12",
                "SecondaryOutcomeDescription":"Score ranges from 11-55 with higher scores indicating greater diabetes distress",
                "SecondaryOutcomeTimeFrame":"12 months"
              },{
                "SecondaryOutcomeMeasure":"Depressive Symptom Score at Month 6",
                "SecondaryOutcomeDescription":"Depressive Symptoms as assessed by PROMIS SF (Short Form) v1.0 - Depression 4a. Raw scores are transformed using the T-score metric based on the item response theory calibrations in which scores have a mean of 50 and standard deviation of 10 for the general population in the US. A higher PROMIS T-score implies more of the concept being measured; i.e., a higher PROMIS score on depression indicates more severe depressive symptoms.",
                "SecondaryOutcomeTimeFrame":"6 months"
              },{
                "SecondaryOutcomeMeasure":"Depressive Symptom Score at Month 12",
                "SecondaryOutcomeDescription":"Depressive Symptoms as assessed by PROMIS SF v1.0 - Depression 4a. Raw scores are transformed using the T-score metric based on the item response theory calibrations in which scores have a mean of 50 and standard deviation of 10 for the general population in the US. A higher PROMIS T-score implies more of the concept being measured; i.e., a higher PROMIS score on depression indicates more severe depressive symptoms.",
                "SecondaryOutcomeTimeFrame":"12 months"
              },{
                "SecondaryOutcomeMeasure":"Frequency of self-reported hypoglycemia at Month 6",
                "SecondaryOutcomeDescription":"Categorized by number of episodes on prior 3 months",
                "SecondaryOutcomeTimeFrame":"6 months"
              },{
                "SecondaryOutcomeMeasure":"Frequency of self-reported hypoglycemia at Month 12",
                "SecondaryOutcomeDescription":"Categorized by number of episodes on prior 3 months",
                "SecondaryOutcomeTimeFrame":"12 months"
              },{
                "SecondaryOutcomeMeasure":"Frequency of self-reported severe hypoglycemia at Month 6",
                "SecondaryOutcomeDescription":"Categorized by number of episodes on prior 3 months",
                "SecondaryOutcomeTimeFrame":"6 months"
              },{
                "SecondaryOutcomeMeasure":"Frequency of self-reported severe hypoglycemia at Month 12",
                "SecondaryOutcomeDescription":"Categorized by number of episodes on prior 3 months",
                "SecondaryOutcomeTimeFrame":"12 months"
              }
            ]
          },
          "OtherOutcomeList":{
            "OtherOutcome":[
              {
                "OtherOutcomeMeasure":"Bodyweight at Month 6",
                "OtherOutcomeDescription":"Bodyweight measured in Kg",
                "OtherOutcomeTimeFrame":"6 months"
              },{
                "OtherOutcomeMeasure":"Bodyweight at Month 12",
                "OtherOutcomeDescription":"Bodyweight measured in Kg",
                "OtherOutcomeTimeFrame":"12 months"
              },{
                "OtherOutcomeMeasure":"Systolic Blood Pressure at Month 6",
                "OtherOutcomeDescription":"Systolic blood pressure in mm Hg",
                "OtherOutcomeTimeFrame":"6 months"
              },{
                "OtherOutcomeMeasure":"Systolic Blood Pressure at Month 12",
                "OtherOutcomeDescription":"Systolic blood pressure in mm Hg",
                "OtherOutcomeTimeFrame":"12 months"
              },{
                "OtherOutcomeMeasure":"Diastolic Blood Pressure at Month 6",
                "OtherOutcomeDescription":"Diastolic blood pressure measured in mm Hg",
                "OtherOutcomeTimeFrame":"6 months"
              },{
                "OtherOutcomeMeasure":"Diastolic Blood Pressure at Month 12",
                "OtherOutcomeDescription":"Diastolic blood pressure in mm Hg",
                "OtherOutcomeTimeFrame":"12 months"
              },{
                "OtherOutcomeMeasure":"Diet Quality Score at Month 6",
                "OtherOutcomeDescription":"Diet Quality as assessed by Brief Dietary Assessment Scale. This score is comprised of 3 sections (or subscales) used to assess dietary patterns. Subscales are scored independently. The subscales are: Vegetables, Fruit, Whole Grains, and Beans subscale (range 0 - 20), Drinks, Desserts, Snacks, Eating Out, and Salt subscale (range 0- 20), and Fish, Meat, Poultry, Dairy, and Eggs subscale (range 0-10): Total score equals the sum of the 3 subscales. For subscales and total score, higher scores indicates better diet quality.",
                "OtherOutcomeTimeFrame":"6 months"
              },{
                "OtherOutcomeMeasure":"Diet Quality Score at Month 12",
                "OtherOutcomeDescription":"Diet Quality as assessed by Brief Dietary Assessment Scale. This score is comprised of 3 sections (or subscales) used to assess dietary patterns. Subscales are scored independently. The subscales are: Vegetables, Fruit, Whole Grains, and Beans subscale (range 0 - 20), Drinks, Desserts, Snacks, Eating Out, and Salt subscale (range 0- 20), and Fish, Meat, Poultry, Dairy, and Eggs subscale (range 0-10): Total score equals the sum of the 3 subscales. For subscales and total score, higher scores indicates better diet quality.",
                "OtherOutcomeTimeFrame":"12 months"
              },{
                "OtherOutcomeMeasure":"Cost-Related Medication Underuse at Month 6",
                "OtherOutcomeDescription":"Any affirmative response to cost-related medication underuse items",
                "OtherOutcomeTimeFrame":"6 months"
              },{
                "OtherOutcomeMeasure":"Cost-Related Medication Underuse at Month 12",
                "OtherOutcomeDescription":"Any affirmative response to cost-related medication underuse items",
                "OtherOutcomeTimeFrame":"12 months"
              },{
                "OtherOutcomeMeasure":"ARMS-D (Adherence to Refills and Medications Scale-Diabetes) Medication Adherence Score at Month 6",
                "OtherOutcomeDescription":"Medication Adherence as assessed by 7-item ARMS-D scale. Scores range from 7 to 28, with higher scores indicating more problems with adherence.",
                "OtherOutcomeTimeFrame":"6 months"
              },{
                "OtherOutcomeMeasure":"ARMS-D Medication Adherence Score at Month 12",
                "OtherOutcomeDescription":"Medication Adherence as assessed by 7-item ARMS-D scale. Scores range from 7 to 28, with higher scores indicating more problems with adherence.",
                "OtherOutcomeTimeFrame":"12 months"
              },{
                "OtherOutcomeMeasure":"Diabetes Self-Care Activities Medication Adherence Score at Month 6",
                "OtherOutcomeDescription":"Medication Adherence as assessed by 1-item summary of diabetes self-care activities measure. Scores range from 0-7 with higher scores indicating better adherence.",
                "OtherOutcomeTimeFrame":"6 months"
              },{
                "OtherOutcomeMeasure":"Diabetes Self-Care Activities Medication Adherence Score at Month 12",
                "OtherOutcomeDescription":"Medication Adherence as assessed by 1-item summary of diabetes self-care activities measure. Scores range from 0-7 with higher scores indicating better adherence.",
                "OtherOutcomeTimeFrame":"12 months"
              },{
                "OtherOutcomeMeasure":"Food/Medication Trade-offs at Month 6",
                "OtherOutcomeDescription":"Single item-indicators of trading off medication for food or food for medication. An affirmative response indicates the presence of a trade-off.",
                "OtherOutcomeTimeFrame":"6 months"
              },{
                "OtherOutcomeMeasure":"Food/Medication Trade-offs at Month 12",
                "OtherOutcomeDescription":"Single item-indicators of trading off medication for food or food for medication. An affirmative response indicates the presence of a trade-off.",
                "OtherOutcomeTimeFrame":"12 months"
              },{
                "OtherOutcomeMeasure":"Housing Insecurity at Month 6",
                "OtherOutcomeDescription":"Self-report of being worried about losing housing",
                "OtherOutcomeTimeFrame":"6 months"
              },{
                "OtherOutcomeMeasure":"Housing Insecurity Score at Month 12",
                "OtherOutcomeDescription":"Self-report of being worried about losing housing",
                "OtherOutcomeTimeFrame":"12 months"
              },{
                "OtherOutcomeMeasure":"Transportation Barriers at Month 6",
                "OtherOutcomeDescription":"Self-report of transportation barriers to attending medical appointments",
                "OtherOutcomeTimeFrame":"6 months"
              },{
                "OtherOutcomeMeasure":"Transportation Barriers at Month 12",
                "OtherOutcomeDescription":"Self-report of transportation barriers to attending medical appointments",
                "OtherOutcomeTimeFrame":"12 months"
              },{
                "OtherOutcomeMeasure":"Financial Strain",
                "OtherOutcomeDescription":"Self-report of financial strain",
                "OtherOutcomeTimeFrame":"6 months"
              },{
                "OtherOutcomeMeasure":"Financial Strain",
                "OtherOutcomeDescription":"Self-report of financial strain",
                "OtherOutcomeTimeFrame":"12 months"
              },{
                "OtherOutcomeMeasure":"Care Delay at Month 6",
                "OtherOutcomeDescription":"Self-report of delaying healthcare due to cost",
                "OtherOutcomeTimeFrame":"6 months"
              },{
                "OtherOutcomeMeasure":"Care Delay at Month 12",
                "OtherOutcomeDescription":"Self-report of delaying healthcare due to cost",
                "OtherOutcomeTimeFrame":"12 months"
              },{
                "OtherOutcomeMeasure":"Diet Self-Efficacy Score at Month 6",
                "OtherOutcomeDescription":"Diet Self-Efficacy as assessed by cardiac diet self-efficacy scale. Scores range from 16 to 80 with higher scores indicating greater self-efficacy.",
                "OtherOutcomeTimeFrame":"6 months"
              },{
                "OtherOutcomeMeasure":"Diet Self-Efficacy Score at Month 12",
                "OtherOutcomeDescription":"Diet Self-Efficacy as assessed by cardiac diet self-efficacy scale. Scores range from 16 to 80 with higher scores indicating greater self-efficacy.",
                "OtherOutcomeTimeFrame":"12 months"
              },{
                "OtherOutcomeMeasure":"Perceived Diabetes Self-Management Self-Efficacy Score at Month 6",
                "OtherOutcomeDescription":"Diabetes Self-Efficacy as assessed by Perceived Diabetes Self-Management Scale. Scores range from 8 to 40 with higher scores indicating greater self-efficacy",
                "OtherOutcomeTimeFrame":"6 months"
              },{
                "OtherOutcomeMeasure":"Perceived Diabetes Self-Management Self-Efficacy Score at Month 12",
                "OtherOutcomeDescription":"Diabetes Self-Efficacy as assessed by Perceived Diabetes Self-Management Scale. Scores range from 8 to 40 with higher scores indicating greater self-efficacy",
                "OtherOutcomeTimeFrame":"12 months"
              },{
                "OtherOutcomeMeasure":"Stress Score at 6 months",
                "OtherOutcomeDescription":"Stress as assessed by perceived stress scale. Scores range from 0 to 40 with higher scores indicating higher perceived stress.",
                "OtherOutcomeTimeFrame":"6 months"
              },{
                "OtherOutcomeMeasure":"Stress Score at 12 months",
                "OtherOutcomeDescription":"Stress as assessed by perceived stress scale. Scores range from 0 to 40 with higher scores indicating higher perceived stress.",
                "OtherOutcomeTimeFrame":"12 months"
              }
            ]
          }
        },
        "EligibilityModule":{
          "EligibilityCriteria":"Inclusion Criteria:\n\nDiagnosis of Type 2 Diabetes Mellitus\nHemoglobin A1c ≥ 7.0% and ≤ 12.0% in last 12 months\nExperiencing food insecurity as indicated by 2-item Hunger Vital Sign\nEnglish speaking\nBMI ≥25 kg/m^2 (≥ 23 kg/m^2 if self-report Asian ancestry)\nNo plans to move from the area for at least 1 year\nFree living to the extent that participant has control over dietary intake\nWilling and able to provide written informed consent and participate in all study activities\n\nExclusion Criteria:\n\nParticipant in diabetes, nutrition, or weight research intervention in last 12 months\nAnother family member or household member is a study participant. Only one member of each household may take part in this study.\nConsidering bariatric surgery in the next year or prior bariatric surgery\nLack of safe, stable residence and ability to store meals\nLack of telephone\nPregnancy/breastfeeding or intended pregnancy in the next year\nHistory of malignancy, other than non-melanoma skin cancer, unless surgically or medically cured > 5 years ago or in remission. Patients with localized prostate and breast cancer diagnosed during the course of routine screening will not be excluded.\nAdvanced kidney disease (estimated creatinine clearance < 30 mL/min)\nKnown drug or alcohol misuse in the past 2 years\nKnown psychosis or major psychiatric illness that prevents participation with study activities\nIntermittent use of medications (e.g., oral or intravenous glucocorticoids) that are likely to affect blood sugar",
          "HealthyVolunteers":"No",
          "Gender":"All",
          "MinimumAge":"18 Years",
          "StdAgeList":{
            "StdAge":[
              "Adult",
              "Older Adult"
            ]
          }
        },
        "ContactsLocationsModule":{
          "CentralContactList":{
            "CentralContact":[
              {
                "CentralContactName":"Seth Berkowitz, MD",
                "CentralContactRole":"Contact",
                "CentralContactPhone":"9199662276",
                "CentralContactEMail":"seth_berkowitz@med.unc.edu"
              },{
                "CentralContactName":"Katharine Ricks, PhD",
                "CentralContactRole":"Contact",
                "CentralContactPhone":"919-843-6637",
                "CentralContactEMail":"kathier1@email.unc.edu"
              }
            ]
          },
          "OverallOfficialList":{
            "OverallOfficial":[
              {
                "OverallOfficialName":"Seth Berkowitz, MD",
                "OverallOfficialAffiliation":"UNC",
                "OverallOfficialRole":"Principal Investigator"
              }
            ]
          },
          "LocationList":{
            "Location":[
              {
                "LocationFacility":"University of North Carolina at Chapel Hill",
                "LocationCity":"Chapel Hill",
                "LocationState":"North Carolina",
                "LocationZip":"27599",
                "LocationCountry":"United States"
              }
            ]
          }
        },
        "IPDSharingStatementModule":{
          "IPDSharing":"Yes",
          "IPDSharingDescription":"Individual participant data that can be deidentified without risk of confidentiality breach will shared upon written request made to study investigators. In addition, all NIH policies regarding data sharing will be followed. Deidentified individual data that supports the results will be shared provided the investigator who proposes to use the data has approval from an Institutional Review Board (IRB), Independent Ethics Committee (IEC), or Research Ethics Board (REB), as applicable, and executes a data use/sharing agreement with UNC.",
          "IPDSharingInfoTypeList":{
            "IPDSharingInfoType":[
              "Study Protocol",
              "Informed Consent Form (ICF)",
              "Analytic Code"
            ]
          },
          "IPDSharingTimeFrame":"Unless preempted by NIH policy, data will become available 12 months after publication of main findings, and be available for 60 months.",
          "IPDSharingAccessCriteria":"Unless otherwise required by NIH policy, ability to deidentify data, plan for secure storage of data and agreement to protect participant privacy, relevant research question, to be assessed by study investigators."
        }
      },
      "DerivedSection":{
        "MiscInfoModule":{
          "VersionHolder":"April 19, 2021"
        },
        "ConditionBrowseModule":{
          "ConditionMeshList":{
            "ConditionMesh":[
              {
                "ConditionMeshId":"D000003920",
                "ConditionMeshTerm":"Diabetes Mellitus"
              },{
                "ConditionMeshId":"D000003924",
                "ConditionMeshTerm":"Diabetes Mellitus, Type 2"
              }
            ]
          },
          "ConditionAncestorList":{
            "ConditionAncestor":[
              {
                "ConditionAncestorId":"D000044882",
                "ConditionAncestorTerm":"Glucose Metabolism Disorders"
              },{
                "ConditionAncestorId":"D000008659",
                "ConditionAncestorTerm":"Metabolic Diseases"
              },{
                "ConditionAncestorId":"D000004700",
                "ConditionAncestorTerm":"Endocrine System Diseases"
              }
            ]
          },
          "ConditionBrowseLeafList":{
            "ConditionBrowseLeaf":[
              {
                "ConditionBrowseLeafId":"M5698",
                "ConditionBrowseLeafName":"Diabetes Mellitus",
                "ConditionBrowseLeafAsFound":"Diabetes Mellitus",
                "ConditionBrowseLeafRelevance":"high"
              },{
                "ConditionBrowseLeafId":"M5702",
                "ConditionBrowseLeafName":"Diabetes Mellitus, Type 2",
                "ConditionBrowseLeafAsFound":"Diabetes Mellitus, Type 2",
                "ConditionBrowseLeafRelevance":"high"
              },{
                "ConditionBrowseLeafId":"M10222",
                "ConditionBrowseLeafName":"Metabolic Diseases",
                "ConditionBrowseLeafRelevance":"low"
              },{
                "ConditionBrowseLeafId":"M23990",
                "ConditionBrowseLeafName":"Glucose Metabolism Disorders",
                "ConditionBrowseLeafRelevance":"low"
              },{
                "ConditionBrowseLeafId":"M6445",
                "ConditionBrowseLeafName":"Endocrine System Diseases",
                "ConditionBrowseLeafRelevance":"low"
              }
            ]
          },
          "ConditionBrowseBranchList":{
            "ConditionBrowseBranch":[
              {
                "ConditionBrowseBranchAbbrev":"BC18",
                "ConditionBrowseBranchName":"Nutritional and Metabolic Diseases"
              },{
                "ConditionBrowseBranchAbbrev":"BC19",
                "ConditionBrowseBranchName":"Gland and Hormone Related Diseases"
              },{
                "ConditionBrowseBranchAbbrev":"All",
                "ConditionBrowseBranchName":"All Conditions"
              }
            ]
          }
        },
        "InterventionBrowseModule":{
          "InterventionBrowseLeafList":{
            "InterventionBrowseLeaf":[
              {
                "InterventionBrowseLeafId":"M4975",
                "InterventionBrowseLeafName":"Complement System Proteins",
                "InterventionBrowseLeafRelevance":"low"
              },{
                "InterventionBrowseLeafId":"M14787",
                "InterventionBrowseLeafName":"Sulfamethazine",
                "InterventionBrowseLeafRelevance":"low"
              }
            ]
          },
          "InterventionBrowseBranchList":{
            "InterventionBrowseBranch":[
              {
                "InterventionBrowseBranchAbbrev":"All",
                "InterventionBrowseBranchName":"All Drugs and Chemicals"
              },{
                "InterventionBrowseBranchAbbrev":"Infe",
                "InterventionBrowseBranchName":"Anti-Infective Agents"
              }
            ]
          }
        }
      }
    }
  }
}

