{
  "FullStudy":{
    "Rank":1862,
    "Study":{
      "ProtocolSection":{
        "IdentificationModule":{
          "NCTId":"NCT04825730",
          "OrgStudyIdInfo":{
            "OrgStudyId":"BS-JS-IIT1-FU"
          },
          "Organization":{
            "OrgFullName":"R-Bio",
            "OrgClass":"INDUSTRY"
          },
          "BriefTitle":"Follow-up Study for Participants of Jointstem Investigator Initiated Trial by Arthroscopy",
          "OfficialTitle":"Long-Term Extension Study of Investigator Initiated Trial to Evaluate Cartilage Regeneration by Arthroscopy in Patients With K-L Grade III Knee Osteoarthritis After 『JOINTSTEM』 Administration"
        },
        "StatusModule":{
          "StatusVerifiedDate":"March 2021",
          "OverallStatus":"Not yet recruiting",
          "ExpandedAccessInfo":{
            "HasExpandedAccess":"No"
          },
          "StartDateStruct":{
            "StartDate":"December 1, 2021",
            "StartDateType":"Anticipated"
          },
          "PrimaryCompletionDateStruct":{
            "PrimaryCompletionDate":"December 1, 2027",
            "PrimaryCompletionDateType":"Anticipated"
          },
          "CompletionDateStruct":{
            "CompletionDate":"December 31, 2028",
            "CompletionDateType":"Anticipated"
          },
          "StudyFirstSubmitDate":"March 24, 2021",
          "StudyFirstSubmitQCDate":"March 29, 2021",
          "StudyFirstPostDateStruct":{
            "StudyFirstPostDate":"April 1, 2021",
            "StudyFirstPostDateType":"Actual"
          },
          "LastUpdateSubmitDate":"March 29, 2021",
          "LastUpdatePostDateStruct":{
            "LastUpdatePostDate":"April 1, 2021",
            "LastUpdatePostDateType":"Actual"
          }
        },
        "SponsorCollaboratorsModule":{
          "ResponsibleParty":{
            "ResponsiblePartyType":"Sponsor"
          },
          "LeadSponsor":{
            "LeadSponsorName":"R-Bio",
            "LeadSponsorClass":"INDUSTRY"
          }
        },
        "OversightModule":{
          "OversightHasDMC":"Yes",
          "IsFDARegulatedDrug":"No",
          "IsFDARegulatedDevice":"No"
        },
        "DescriptionModule":{
          "BriefSummary":"This clinical trial is conducted to assess the long-term safety of \"jointstem\" in patients with degenerative knee arthritis who participated in the previous BS-JS-IIT1 investigator initiated trial.",
          "DetailedDescription":"JOINTSTEM is injectables for an OA treatment that uses autologous adipose-derived mesenchymal stem cells. As it does not use allogenic tissues and is cultured without additional genetic modification, it is classified as 'autologous cell therapy' and is completely free of immunologic rejection.\n\nThis clinical trial is planned to follow-up the long-term safety of \"jointstem\" in patients with degenerative knee arthritis who participated in the previous BS-JS-IIT1 investigator initiated trial.\n\nSubjects who participate in the BS-JS-IIT1 study and agree to this extension test in writing will be assessed for safety by conducting laboratory tests, vital signs, physical examinations and adverse events every 12 months after Visit 1.\n\nHowever, after unblinding of the BS-JS-IIT1 investigator initiated trial, subjects in the control group (placebo administration) will terminate the follow-up of this extended clinical trial and conduct routine treatment for degenerative knee arthritis at the discretion of the researcher. Appropriate measures and follow-up observations shall be implemented for abnormal reactions occurred during this extended test period until they are terminated (such as the loss of the relevant adverse event or inability to conduct follow-up investigations)."
        },
        "ConditionsModule":{
          "ConditionList":{
            "Condition":[
              "Degenerative Arthritis",
              "Knee Arthritis"
            ]
          },
          "KeywordList":{
            "Keyword":[
              "Stem cell",
              "Adipose tissue derived mesenchymal stem cell",
              "Osteoarthritis",
              "degenerative arthritis",
              "long term",
              "Biostar",
              "Rbio"
            ]
          }
        },
        "DesignModule":{
          "StudyType":"Interventional",
          "PhaseList":{
            "Phase":[
              "Not Applicable"
            ]
          },
          "DesignInfo":{
            "DesignAllocation":"N/A",
            "DesignInterventionModel":"Single Group Assignment",
            "DesignPrimaryPurpose":"Treatment",
            "DesignMaskingInfo":{
              "DesignMasking":"None (Open Label)"
            }
          },
          "EnrollmentInfo":{
            "EnrollmentCount":"14",
            "EnrollmentType":"Anticipated"
          }
        },
        "ArmsInterventionsModule":{
          "ArmGroupList":{
            "ArmGroup":[
              {
                "ArmGroupLabel":"Long Term Follow-up after Jointstem Transplantation",
                "ArmGroupType":"Experimental",
                "ArmGroupInterventionList":{
                  "ArmGroupInterventionName":[
                    "Drug: JOINTSTEM"
                  ]
                }
              }
            ]
          },
          "InterventionList":{
            "Intervention":[
              {
                "InterventionType":"Drug",
                "InterventionName":"JOINTSTEM",
                "InterventionDescription":"JOINTSTEM is an OA treatment that uses autologous adipose-derived mesenchymal stem cells. As it does not use allogenic tissues and is incubated without additional genetic modification or mechanical and chemical modification through differentiation, it is classified as 'autologous cell therapy' and is completely free of immunologic rejection.",
                "InterventionArmGroupLabelList":{
                  "InterventionArmGroupLabel":[
                    "Long Term Follow-up after Jointstem Transplantation"
                  ]
                },
                "InterventionOtherNameList":{
                  "InterventionOtherName":[
                    "autologous adipose-derived mesenchymal stem cells"
                  ]
                }
              }
            ]
          }
        },
        "OutcomesModule":{
          "PrimaryOutcomeList":{
            "PrimaryOutcome":[
              {
                "PrimaryOutcomeMeasure":"Adverse Events",
                "PrimaryOutcomeDescription":"Incidence of adverse events from baseline to 60 months",
                "PrimaryOutcomeTimeFrame":"60 Month"
              }
            ]
          },
          "SecondaryOutcomeList":{
            "SecondaryOutcome":[
              {
                "SecondaryOutcomeMeasure":"Adverse Events (Special Attention Target)",
                "SecondaryOutcomeDescription":"Incidence of adverse events(special attention target: malicious tumor, autoimmune disease) from baseline to 60 months",
                "SecondaryOutcomeTimeFrame":"60 months"
              }
            ]
          }
        },
        "EligibilityModule":{
          "EligibilityCriteria":"Inclusion Criteria:\n\nParticipants of Jointstem IIT by arthroscopy (BS-JS-IIT1)\nParticipants who signed informed consent document of this study\n\nExclusion Criteria:\n\nNo applicable",
          "HealthyVolunteers":"No",
          "Gender":"All",
          "MinimumAge":"20 Years",
          "StdAgeList":{
            "StdAge":[
              "Adult",
              "Older Adult"
            ]
          }
        },
        "IPDSharingStatementModule":{
          "IPDSharing":"No"
        }
      },
      "DerivedSection":{
        "MiscInfoModule":{
          "VersionHolder":"April 19, 2021"
        },
        "ConditionBrowseModule":{
          "ConditionMeshList":{
            "ConditionMesh":[
              {
                "ConditionMeshId":"D000001168",
                "ConditionMeshTerm":"Arthritis"
              },{
                "ConditionMeshId":"D000010003",
                "ConditionMeshTerm":"Osteoarthritis"
              }
            ]
          },
          "ConditionAncestorList":{
            "ConditionAncestor":[
              {
                "ConditionAncestorId":"D000007592",
                "ConditionAncestorTerm":"Joint Diseases"
              },{
                "ConditionAncestorId":"D000009140",
                "ConditionAncestorTerm":"Musculoskeletal Diseases"
              },{
                "ConditionAncestorId":"D000012216",
                "ConditionAncestorTerm":"Rheumatic Diseases"
              }
            ]
          },
          "ConditionBrowseLeafList":{
            "ConditionBrowseLeaf":[
              {
                "ConditionBrowseLeafId":"M11509",
                "ConditionBrowseLeafName":"Osteoarthritis",
                "ConditionBrowseLeafAsFound":"Degenerative Arthritis",
                "ConditionBrowseLeafRelevance":"high"
              },{
                "ConditionBrowseLeafId":"M3057",
                "ConditionBrowseLeafName":"Arthritis",
                "ConditionBrowseLeafAsFound":"Arthritis",
                "ConditionBrowseLeafRelevance":"high"
              },{
                "ConditionBrowseLeafId":"M20752",
                "ConditionBrowseLeafName":"Osteoarthritis, Knee",
                "ConditionBrowseLeafRelevance":"low"
              },{
                "ConditionBrowseLeafId":"M9204",
                "ConditionBrowseLeafName":"Joint Diseases",
                "ConditionBrowseLeafRelevance":"low"
              },{
                "ConditionBrowseLeafId":"M10680",
                "ConditionBrowseLeafName":"Musculoskeletal Diseases",
                "ConditionBrowseLeafRelevance":"low"
              },{
                "ConditionBrowseLeafId":"M13628",
                "ConditionBrowseLeafName":"Rheumatic Diseases",
                "ConditionBrowseLeafRelevance":"low"
              },{
                "ConditionBrowseLeafId":"M4906",
                "ConditionBrowseLeafName":"Collagen Diseases",
                "ConditionBrowseLeafRelevance":"low"
              }
            ]
          },
          "ConditionBrowseBranchList":{
            "ConditionBrowseBranch":[
              {
                "ConditionBrowseBranchAbbrev":"BC05",
                "ConditionBrowseBranchName":"Muscle, Bone, and Cartilage Diseases"
              },{
                "ConditionBrowseBranchAbbrev":"All",
                "ConditionBrowseBranchName":"All Conditions"
              },{
                "ConditionBrowseBranchAbbrev":"BC17",
                "ConditionBrowseBranchName":"Skin and Connective Tissue Diseases"
              }
            ]
          }
        }
      }
    }
  }
}

