{
  "FullStudy":{
    "Rank":1993,
    "Study":{
      "ProtocolSection":{
        "IdentificationModule":{
          "NCTId":"NCT04824027",
          "OrgStudyIdInfo":{
            "OrgStudyId":"AAAT4412"
          },
          "SecondaryIdInfoList":{
            "SecondaryIdInfo":[
              {
                "SecondaryId":"R01CA228275",
                "SecondaryIdType":"U.S. NIH Grant/Contract",
                "SecondaryIdLink":"https://projectreporter.nih.gov/reporterapi.cfm?PROJECTNUM=R01CA228275&Fy=all"
              }
            ]
          },
          "Organization":{
            "OrgFullName":"Columbia University",
            "OrgClass":"OTHER"
          },
          "BriefTitle":"Breast Elasticity Imaging During Neoadjuvant Chemotherapy",
          "OfficialTitle":"Predicting Response to Neoadjuvant Chemotherapy Using Harmonic Motion Imaging in Women With Breast Cancer"
        },
        "StatusModule":{
          "StatusVerifiedDate":"March 2021",
          "OverallStatus":"Not yet recruiting",
          "ExpandedAccessInfo":{
            "HasExpandedAccess":"No"
          },
          "StartDateStruct":{
            "StartDate":"April 2021",
            "StartDateType":"Anticipated"
          },
          "PrimaryCompletionDateStruct":{
            "PrimaryCompletionDate":"January 2023",
            "PrimaryCompletionDateType":"Anticipated"
          },
          "CompletionDateStruct":{
            "CompletionDate":"January 2023",
            "CompletionDateType":"Anticipated"
          },
          "StudyFirstSubmitDate":"March 8, 2021",
          "StudyFirstSubmitQCDate":"March 26, 2021",
          "StudyFirstPostDateStruct":{
            "StudyFirstPostDate":"April 1, 2021",
            "StudyFirstPostDateType":"Actual"
          },
          "LastUpdateSubmitDate":"March 26, 2021",
          "LastUpdatePostDateStruct":{
            "LastUpdatePostDate":"April 1, 2021",
            "LastUpdatePostDateType":"Actual"
          }
        },
        "SponsorCollaboratorsModule":{
          "ResponsibleParty":{
            "ResponsiblePartyType":"Principal Investigator",
            "ResponsiblePartyInvestigatorFullName":"Elisa Konofagou",
            "ResponsiblePartyInvestigatorTitle":"Robert and Margaret Hariri Professor in Biomedical Engineering and Radiology",
            "ResponsiblePartyInvestigatorAffiliation":"Columbia University"
          },
          "LeadSponsor":{
            "LeadSponsorName":"Columbia University",
            "LeadSponsorClass":"OTHER"
          },
          "CollaboratorList":{
            "Collaborator":[
              {
                "CollaboratorName":"National Cancer Institute (NCI)",
                "CollaboratorClass":"NIH"
              }
            ]
          }
        },
        "OversightModule":{
          "OversightHasDMC":"No",
          "IsFDARegulatedDrug":"No",
          "IsFDARegulatedDevice":"No"
        },
        "DescriptionModule":{
          "BriefSummary":"For this study, the investigators propose investigation of a new imaging technique, Harmonic Motion Imaging (HMI), and the evaluation of its potential role in prediction of breast cancer response to neoadjuvant chemotherapy (NACT). The investigators hypothesize that changes in HMI parameters will predict response to neoadjuvant systemic therapy in early-stage breast cancer.",
          "DetailedDescription":"Neoadjuvant chemotherapy (NACT) is the standard of care for treatment of locally advanced breast cancer (LABC) and inflammatory breast cancer, and is recently being used in earlier stage breast cancer. The ideal outcome of NACT is pathological complete response (pCR), which itself has shown to be associated with improved disease-free survival. However, pCR is currently determined at the time of the surgery when the patient has received the whole cycle of the treatment. Early detection of non-responders to NACT could be used to halt ineffective treatment and start a new chemotherapeutic regimen in order to achieve better tumor response and overall survival. Current techniques to monitor response to NACT based on tumor size changes include mammography, physical examination, ultrasonography and MRI. Clinically assessing tumor size has been shown to be only moderately useful for chemotherapy response prediction in these patients because tumor shrinkage is a late marker of effective treatment. Metabolic activities and microstructure changes induced by NACT can be determined using functional imaging methods such as PET-CT, contrast enhanced MRI and diffuse optical spectroscopy. However, the application of these methods is limited due to high cost and intravenous injection of exogenous contrast agents. Limited studies have shown the potential of ultrasound elastography to be useful in predicting and monitoring response to NACT in breast cancer tumors based on tumor stiffness. Harmonic Motion Imaging (HMI) is a novel ultrasound elastography technique that applies an oscillatory force locally and at different depths in the tissue, in order to determine the characteristics of the resulting localized harmonic motion using high precision tracking methods. Highly localized harmonic motion can be noninvasively generated by ultrasonic beams deep inside the tissue and estimated at high precision, by using RF signals and cross-correlation methods. In addition to not being burdened by the drawbacks encountered by existing techniques, due to the highly localized and harmonic nature of the response, the motion characteristics can be directly linked to the local tissue stiffness. In this study, the investigators propose to compare the changes in the measurements provided by HMI and pathological response rate, between baseline, during treatment and end of the treatment to assess whether HMI can early predict the tumor response to neoadjuvant therapy."
        },
        "ConditionsModule":{
          "ConditionList":{
            "Condition":[
              "Breast Cancer"
            ]
          },
          "KeywordList":{
            "Keyword":[
              "Breast cancer",
              "Neoadjuvant chemotherapy",
              "Harmonic Motion Imaging (HMI)",
              "Ultrasound"
            ]
          }
        },
        "DesignModule":{
          "StudyType":"Interventional",
          "PhaseList":{
            "Phase":[
              "Not Applicable"
            ]
          },
          "DesignInfo":{
            "DesignAllocation":"N/A",
            "DesignInterventionModel":"Single Group Assignment",
            "DesignPrimaryPurpose":"Other",
            "DesignMaskingInfo":{
              "DesignMasking":"None (Open Label)"
            }
          },
          "EnrollmentInfo":{
            "EnrollmentCount":"50",
            "EnrollmentType":"Anticipated"
          }
        },
        "ArmsInterventionsModule":{
          "ArmGroupList":{
            "ArmGroup":[
              {
                "ArmGroupLabel":"HMI Group",
                "ArmGroupType":"Experimental",
                "ArmGroupDescription":"Women undergoing standard neoadjuvant chemotherapy for breast cancer",
                "ArmGroupInterventionList":{
                  "ArmGroupInterventionName":[
                    "Procedure: Harmonic motion imaging"
                  ]
                }
              }
            ]
          },
          "InterventionList":{
            "Intervention":[
              {
                "InterventionType":"Procedure",
                "InterventionName":"Harmonic motion imaging",
                "InterventionDescription":"Harmonic motion imaging (HMI) is a non-invasive ultrasound elasticity imaging technique that yields a quantitative relative measurement of tissue stiffness suitable for comparisons between individuals and over time. This technique induces dynamic tissue vibrations internally for tissue elasticity characterization. Participants will be asked to lie down on their back, hold still with shallow breathing while pictures/images are taken of the breast where the tumor is located using an ultrasound without any invasive procedures.",
                "InterventionArmGroupLabelList":{
                  "InterventionArmGroupLabel":[
                    "HMI Group"
                  ]
                },
                "InterventionOtherNameList":{
                  "InterventionOtherName":[
                    "HMI technique"
                  ]
                }
              }
            ]
          }
        },
        "OutcomesModule":{
          "PrimaryOutcomeList":{
            "PrimaryOutcome":[
              {
                "PrimaryOutcomeMeasure":"Assessment of the correlation between change in HMI measurements and pathologic response at completion of neoadjuvant therapy",
                "PrimaryOutcomeDescription":"Repeated measures analysis of variance (ANOVA) will be performed to investigate the overall differences in HMI measurements within the tumor and surrounding tissue between responders (pCR and RCB1) and non-responders (RCB2). This relative percent change in tumor stiffness is directly related to HMI measurements.\nPathologic response will be assessed by the Residual Cancer Burden (RCB) score, a continuous and categorical measure of pathologic response and an independent predictor of disease free survival. Pathologic response will be dichotomized, with response defined as a score of 0-1 (RCB<2), and no response defined as a score of 2-3 (RCB2).",
                "PrimaryOutcomeTimeFrame":"Baseline and through neoadjuvant therapy completion (an average of 28 weeks)"
              },{
                "PrimaryOutcomeMeasure":"Assessment of the correlation between change in HMI measurements and pathologic response during neoadjuvant systemic therapy",
                "PrimaryOutcomeDescription":"Repeated measures analysis of variance (ANOVA) will be performed to investigate the overall differences in HMI measurements within the tumor and surrounding tissue between responders (pCR and RCB1) and non-responders (RCB2). This relative percent change in tumor stiffness is directly related to HMI measurements.\nPathologic response will be assessed by the Residual Cancer Burden (RCB) score, a continuous and categorical measure of pathologic response and an independent predictor of disease free survival. Pathologic response will be dichotomized, with response defined as a score of 0-1 (RCB<2), and no response defined as a score of 2-3 (RCB2).",
                "PrimaryOutcomeTimeFrame":"Baseline and during short-interval on treatment (approximately 4 weeks after treatment initiation)"
              }
            ]
          },
          "SecondaryOutcomeList":{
            "SecondaryOutcome":[
              {
                "SecondaryOutcomeMeasure":"Assessment of correlation between percent change of tumor size on breast ultrasound and pathologic response at treatment completion",
                "SecondaryOutcomeDescription":"The investigator will use the statistic Z=(f1-f2)/se where fi= .5ln[(1+ri)/(1-ri)](Fisher transformation of ri), ri is the sample correlation coefficient of Ri and se is the standard error of f1-f2. The investigator will compare Z with standard normal distribution.",
                "SecondaryOutcomeTimeFrame":"Baseline and through neoadjuvant therapy completion (an average of 28 weeks)"
              },{
                "SecondaryOutcomeMeasure":"Assessment of correlation between percent change of tumor size on breast ultrasound during treatment",
                "SecondaryOutcomeDescription":"The investigator will use the statistic Z=(f1-f2)/se where fi= .5ln[(1+ri)/(1-ri)](Fisher transformation of ri), ri is the sample correlation coefficient of Ri and se is the standard error of f1-f2. The investigator will compare Z with standard normal distribution.",
                "SecondaryOutcomeTimeFrame":"Baseline and during short-interval on treatment (approximately 4 weeks after treatment initiation)"
              }
            ]
          },
          "OtherOutcomeList":{
            "OtherOutcome":[
              {
                "OtherOutcomeMeasure":"Assessment of correlation between change in Ki-67 and change in HMI",
                "OtherOutcomeDescription":"This will be analyzed using Fisher transformation.",
                "OtherOutcomeTimeFrame":"Baseline and through neoadjuvant therapy completion (an average of 28 weeks)"
              }
            ]
          }
        },
        "EligibilityModule":{
          "EligibilityCriteria":"Inclusion Criteria:\n\nWomen age ≥18\nDeemed eligible to receive neoadjuvant systemic therapy as per the treating physician, with the dose and schedule deemed appropriate by the treating physician.\nAny stage invasive breast cancer provided the primary breast tumor size is ≥ 4 mm\n\nExclusion criteria:\n\nPatient is pregnant or lactating\nPresence of breast implants\nHistory of laser or radiation therapy to the affected breast",
          "HealthyVolunteers":"No",
          "Gender":"Female",
          "MinimumAge":"18 Years",
          "StdAgeList":{
            "StdAge":[
              "Adult",
              "Older Adult"
            ]
          }
        },
        "ContactsLocationsModule":{
          "CentralContactList":{
            "CentralContact":[
              {
                "CentralContactName":"Elisa Konofagou, PhD",
                "CentralContactRole":"Contact",
                "CentralContactPhone":"212-342-1612",
                "CentralContactEMail":"ek2191@columbia.edu"
              },{
                "CentralContactName":"Niloufar Saharkhiz, MSc",
                "CentralContactRole":"Contact",
                "CentralContactPhone":"212-342-1612",
                "CentralContactEMail":"ns3149@columbia.edu"
              }
            ]
          },
          "OverallOfficialList":{
            "OverallOfficial":[
              {
                "OverallOfficialName":"Elisa Konofagou, PhD",
                "OverallOfficialAffiliation":"Columbia University",
                "OverallOfficialRole":"Principal Investigator"
              }
            ]
          },
          "LocationList":{
            "Location":[
              {
                "LocationFacility":"Columbia University Irving Medical Center/NYP",
                "LocationCity":"New York",
                "LocationState":"New York",
                "LocationZip":"10032",
                "LocationCountry":"United States",
                "LocationContactList":{
                  "LocationContact":[
                    {
                      "LocationContactName":"Elisa Konofagou, PhD",
                      "LocationContactRole":"Contact",
                      "LocationContactPhone":"212-342-1612",
                      "LocationContactEMail":"ek2191@columbia.edu"
                    },{
                      "LocationContactName":"Niloufar Saharkhiz, MSc",
                      "LocationContactRole":"Contact",
                      "LocationContactPhone":"212-342-1612",
                      "LocationContactEMail":"ns3149@columbia.edu"
                    },{
                      "LocationContactName":"Elisa Konofagou, PhD",
                      "LocationContactRole":"Principal Investigator"
                    }
                  ]
                }
              }
            ]
          }
        },
        "ReferencesModule":{
          "ReferenceList":{
            "Reference":[
              {
                "ReferencePMID":"32943648",
                "ReferenceType":"background",
                "ReferenceCitation":"Saharkhiz N, Ha R, Taback B, Li XJ, Weber R, Nabavizadeh A, Lee SA, Hibshoosh H, Gatti V, Kamimura HAS, Konofagou EE. Harmonic motion imaging of human breast masses: an in vivo clinical feasibility. Sci Rep. 2020 Sep 17;10(1):15254. doi: 10.1038/s41598-020-71960-5."
              },{
                "ReferencePMID":"33523806",
                "ReferenceType":"background",
                "ReferenceCitation":"Hossain MM, Saharkhiz N, Konofagou EE. Feasibility of Harmonic Motion Imaging Using A Single Transducer: In Vivo Imaging of Breast Cancer in A Mouse Model and Human Subjects. IEEE Trans Med Imaging. 2021 Feb 1;PP. doi: 10.1109/TMI.2021.3055779. [Epub ahead of print]"
              },{
                "ReferencePMID":"21767903",
                "ReferenceType":"background",
                "ReferenceCitation":"Meng W, Zhang G, Wu C, Wu G, Song Y, Lu Z. Preliminary results of acoustic radiation force impulse (ARFI) ultrasound imaging of breast lesions. Ultrasound Med Biol. 2011 Sep;37(9):1436-43. doi: 10.1016/j.ultrasmedbio.2011.05.022. Epub 2011 Jul 20."
              }
            ]
          },
          "SeeAlsoLinkList":{
            "SeeAlsoLink":[
              {
                "SeeAlsoLinkLabel":"Ultrasound Elasticity Imaging Laboratory - Columbia University",
                "SeeAlsoLinkURL":"https://ueil.bme.columbia.edu/"
              }
            ]
          }
        },
        "IPDSharingStatementModule":{
          "IPDSharing":"No",
          "IPDSharingDescription":"No individual participant data (IPD) will be shared with other researchers."
        }
      },
      "DerivedSection":{
        "MiscInfoModule":{
          "VersionHolder":"April 19, 2021"
        },
        "ConditionBrowseModule":{
          "ConditionMeshList":{
            "ConditionMesh":[
              {
                "ConditionMeshId":"D000001943",
                "ConditionMeshTerm":"Breast Neoplasms"
              }
            ]
          },
          "ConditionAncestorList":{
            "ConditionAncestor":[
              {
                "ConditionAncestorId":"D000009371",
                "ConditionAncestorTerm":"Neoplasms by Site"
              },{
                "ConditionAncestorId":"D000009369",
                "ConditionAncestorTerm":"Neoplasms"
              },{
                "ConditionAncestorId":"D000001941",
                "ConditionAncestorTerm":"Breast Diseases"
              },{
                "ConditionAncestorId":"D000012871",
                "ConditionAncestorTerm":"Skin Diseases"
              }
            ]
          },
          "ConditionBrowseLeafList":{
            "ConditionBrowseLeaf":[
              {
                "ConditionBrowseLeafId":"M3802",
                "ConditionBrowseLeafName":"Breast Neoplasms",
                "ConditionBrowseLeafAsFound":"Breast Cancer",
                "ConditionBrowseLeafRelevance":"high"
              },{
                "ConditionBrowseLeafId":"M3800",
                "ConditionBrowseLeafName":"Breast Diseases",
                "ConditionBrowseLeafRelevance":"low"
              },{
                "ConditionBrowseLeafId":"M14257",
                "ConditionBrowseLeafName":"Skin Diseases",
                "ConditionBrowseLeafRelevance":"low"
              }
            ]
          },
          "ConditionBrowseBranchList":{
            "ConditionBrowseBranch":[
              {
                "ConditionBrowseBranchAbbrev":"BC04",
                "ConditionBrowseBranchName":"Cancers and Other Neoplasms"
              },{
                "ConditionBrowseBranchAbbrev":"BC17",
                "ConditionBrowseBranchName":"Skin and Connective Tissue Diseases"
              },{
                "ConditionBrowseBranchAbbrev":"All",
                "ConditionBrowseBranchName":"All Conditions"
              }
            ]
          }
        }
      }
    }
  }
}

