{
  "FullStudy":{
    "Rank":2128,
    "Study":{
      "ProtocolSection":{
        "IdentificationModule":{
          "NCTId":"NCT04822272",
          "OrgStudyIdInfo":{
            "OrgStudyId":"CHUBX 2021/02"
          },
          "Organization":{
            "OrgFullName":"University Hospital, Bordeaux",
            "OrgClass":"OTHER"
          },
          "BriefTitle":"MagneThermoPro : Magnetic Resonance Thermography of Human Prostate",
          "OfficialTitle":"MagneThermoPro : Magnetic Resonance Thermography of Human Prostate",
          "Acronym":"ThermoPro"
        },
        "StatusModule":{
          "StatusVerifiedDate":"March 2021",
          "OverallStatus":"Not yet recruiting",
          "ExpandedAccessInfo":{
            "HasExpandedAccess":"No"
          },
          "StartDateStruct":{
            "StartDate":"April 9, 2021",
            "StartDateType":"Anticipated"
          },
          "PrimaryCompletionDateStruct":{
            "PrimaryCompletionDate":"October 31, 2021",
            "PrimaryCompletionDateType":"Anticipated"
          },
          "CompletionDateStruct":{
            "CompletionDate":"October 31, 2021",
            "CompletionDateType":"Anticipated"
          },
          "StudyFirstSubmitDate":"March 25, 2021",
          "StudyFirstSubmitQCDate":"March 25, 2021",
          "StudyFirstPostDateStruct":{
            "StudyFirstPostDate":"March 30, 2021",
            "StudyFirstPostDateType":"Actual"
          },
          "LastUpdateSubmitDate":"March 25, 2021",
          "LastUpdatePostDateStruct":{
            "LastUpdatePostDate":"March 30, 2021",
            "LastUpdatePostDateType":"Actual"
          }
        },
        "SponsorCollaboratorsModule":{
          "ResponsibleParty":{
            "ResponsiblePartyType":"Sponsor"
          },
          "LeadSponsor":{
            "LeadSponsorName":"University Hospital, Bordeaux",
            "LeadSponsorClass":"OTHER"
          }
        },
        "OversightModule":{
          "OversightHasDMC":"No",
          "IsFDARegulatedDrug":"No",
          "IsFDARegulatedDevice":"No"
        },
        "DescriptionModule":{
          "BriefSummary":"The objective of this project is to offer a very innovative solution for measuring temperature variations in MRI on the prostate. Multiparametric prostate MRI can detect target lesions, on which targeted biopsies are then performed. The use of a temperature mapping on the prostate in MRI would make it possible to evaluate a focal treatment of the prostate by laser under MRI guidance",
          "DetailedDescription":"Prostate MRI has become the benchmark examination to search for tumor targets, thanks to a multi-parameter protocol, including T2 sequences, diffusions, and T1 with gadolinium injection. A PIRADS prognostic score is performed on the different sequences and if the lesions are at high risk of malignancy (PIRADS 4 and 5), a targeted biopsy is performed. Minimally invasive ablations called focal treatments are developing more and more: HIFU, cryotherapy, laser, etc. Ultrasound remains the most widespread examination due to its availability, but with less sensitivity than MRI. Ablations are performed under ultrasound with fusion of MRI images In order to assess the ablation area under MRI, the measurement of temperature variations appears necessary to verify the effectiveness of ablation and the lesion volume. Temperature maps are feasible in cardiac MRI during radiofrequency. The thermal mapping MRI sequence is performed in cardiac MRI at the IHU in Bordeaux."
        },
        "ConditionsModule":{
          "ConditionList":{
            "Condition":[
              "Prostate Cancer Diagnosis"
            ]
          },
          "KeywordList":{
            "Keyword":[
              "MRI",
              "prostate",
              "thermometry",
              "laser",
              "ablation"
            ]
          }
        },
        "DesignModule":{
          "StudyType":"Interventional",
          "PhaseList":{
            "Phase":[
              "Not Applicable"
            ]
          },
          "DesignInfo":{
            "DesignAllocation":"N/A",
            "DesignInterventionModel":"Single Group Assignment",
            "DesignInterventionModelDescription":"MRI sequence of 5 to 10 minutes to measure the variation of temprerature in the prostate",
            "DesignPrimaryPurpose":"Diagnostic",
            "DesignMaskingInfo":{
              "DesignMasking":"None (Open Label)"
            }
          },
          "EnrollmentInfo":{
            "EnrollmentCount":"60",
            "EnrollmentType":"Anticipated"
          }
        },
        "ArmsInterventionsModule":{
          "ArmGroupList":{
            "ArmGroup":[
              {
                "ArmGroupLabel":"Thermometry MRI",
                "ArmGroupType":"Experimental",
                "ArmGroupDescription":"MRI sequence of 5 to 10 minutes to measure the variation of temprerature in the prostate",
                "ArmGroupInterventionList":{
                  "ArmGroupInterventionName":[
                    "Device: MRI thermometry"
                  ]
                }
              }
            ]
          },
          "InterventionList":{
            "Intervention":[
              {
                "InterventionType":"Device",
                "InterventionName":"MRI thermometry",
                "InterventionDescription":"MRI sequence of 5 to 10 minutes to measure the variation of temprerature in the prostate",
                "InterventionArmGroupLabelList":{
                  "InterventionArmGroupLabel":[
                    "Thermometry MRI"
                  ]
                }
              }
            ]
          }
        },
        "OutcomesModule":{
          "PrimaryOutcomeList":{
            "PrimaryOutcome":[
              {
                "PrimaryOutcomeMeasure":"signal noise ratio",
                "PrimaryOutcomeDescription":"the evaluation of the signal on the thermometry sequence",
                "PrimaryOutcomeTimeFrame":"End of MRI exam (hour 1)"
              }
            ]
          },
          "SecondaryOutcomeList":{
            "SecondaryOutcome":[
              {
                "SecondaryOutcomeMeasure":"temperature variance",
                "SecondaryOutcomeDescription":"temperature variance measurements in a region of interest of the prostate",
                "SecondaryOutcomeTimeFrame":"End of MRI exam (hour 1)"
              },{
                "SecondaryOutcomeMeasure":"spatial distortion measurement",
                "SecondaryOutcomeDescription":"spatial distortion measurement",
                "SecondaryOutcomeTimeFrame":"End of MRI exam (hour 1)"
              }
            ]
          }
        },
        "EligibilityModule":{
          "EligibilityCriteria":"Inclusion Criteria:\n\nAge ≥ 18 years old\nPatient with indication of injected multi-parameter MRI for the diagnosis of prostate cancer.\nSigned informed consent.\nPerson affiliated or beneficiary of health insurance\n\nExclusion Criteria:\n\nMRI contraindications (Pace Maker, metallic foreign body, metallic heart valve).\nContraindication to gadolinium salt,\nPatient under legal protection",
          "HealthyVolunteers":"No",
          "Gender":"Male",
          "MinimumAge":"18 Years",
          "StdAgeList":{
            "StdAge":[
              "Adult",
              "Older Adult"
            ]
          }
        },
        "ContactsLocationsModule":{
          "CentralContactList":{
            "CentralContact":[
              {
                "CentralContactName":"Clement Marcelin, MD",
                "CentralContactRole":"Contact",
                "CentralContactPhone":"+335 56 79 55 99",
                "CentralContactEMail":"clement.marcelin@chu-bordeaux.fr"
              },{
                "CentralContactName":"Bruno Quesson, PhD",
                "CentralContactRole":"Contact",
                "CentralContactEMail":"bruno.quesson@u-bordeaux.fr"
              }
            ]
          },
          "LocationList":{
            "Location":[
              {
                "LocationFacility":"CHU Bordeaux",
                "LocationCity":"Bordeaux",
                "LocationCountry":"France",
                "LocationContactList":{
                  "LocationContact":[
                    {
                      "LocationContactName":"Clement Marcelin, MD",
                      "LocationContactRole":"Contact",
                      "LocationContactPhone":"+335 56 79 55 99",
                      "LocationContactEMail":"clement.marcelin@chu-bordeaux.fr"
                    }
                  ]
                }
              }
            ]
          }
        },
        "IPDSharingStatementModule":{
          "IPDSharing":"No"
        }
      },
      "DerivedSection":{
        "MiscInfoModule":{
          "VersionHolder":"April 19, 2021"
        },
        "ConditionBrowseModule":{
          "ConditionMeshList":{
            "ConditionMesh":[
              {
                "ConditionMeshId":"D000011471",
                "ConditionMeshTerm":"Prostatic Neoplasms"
              }
            ]
          },
          "ConditionAncestorList":{
            "ConditionAncestor":[
              {
                "ConditionAncestorId":"D000005834",
                "ConditionAncestorTerm":"Genital Neoplasms, Male"
              },{
                "ConditionAncestorId":"D000014565",
                "ConditionAncestorTerm":"Urogenital Neoplasms"
              },{
                "ConditionAncestorId":"D000009371",
                "ConditionAncestorTerm":"Neoplasms by Site"
              },{
                "ConditionAncestorId":"D000009369",
                "ConditionAncestorTerm":"Neoplasms"
              },{
                "ConditionAncestorId":"D000011469",
                "ConditionAncestorTerm":"Prostatic Diseases"
              }
            ]
          },
          "ConditionBrowseLeafList":{
            "ConditionBrowseLeaf":[
              {
                "ConditionBrowseLeafId":"M12918",
                "ConditionBrowseLeafName":"Prostatic Neoplasms",
                "ConditionBrowseLeafAsFound":"Prostate Cancer",
                "ConditionBrowseLeafRelevance":"high"
              },{
                "ConditionBrowseLeafId":"M7529",
                "ConditionBrowseLeafName":"Genital Neoplasms, Male",
                "ConditionBrowseLeafRelevance":"low"
              },{
                "ConditionBrowseLeafId":"M15898",
                "ConditionBrowseLeafName":"Urogenital Neoplasms",
                "ConditionBrowseLeafRelevance":"low"
              },{
                "ConditionBrowseLeafId":"M12916",
                "ConditionBrowseLeafName":"Prostatic Diseases",
                "ConditionBrowseLeafRelevance":"low"
              }
            ]
          },
          "ConditionBrowseBranchList":{
            "ConditionBrowseBranch":[
              {
                "ConditionBrowseBranchAbbrev":"BC04",
                "ConditionBrowseBranchName":"Cancers and Other Neoplasms"
              },{
                "ConditionBrowseBranchAbbrev":"BXS",
                "ConditionBrowseBranchName":"Urinary Tract, Sexual Organs, and Pregnancy Conditions"
              },{
                "ConditionBrowseBranchAbbrev":"All",
                "ConditionBrowseBranchName":"All Conditions"
              }
            ]
          }
        }
      }
    }
  }
}

