{
  "FullStudy":{
    "Rank":1938,
    "Study":{
      "ProtocolSection":{
        "IdentificationModule":{
          "NCTId":"NCT04824742",
          "OrgStudyIdInfo":{
            "OrgStudyId":"2020ZDLSF04-08"
          },
          "Organization":{
            "OrgFullName":"First Affiliated Hospital Xi'an Jiaotong University",
            "OrgClass":"OTHER"
          },
          "BriefTitle":"Neoadjuvant PDT in the Treatment of Cholangiocarcinoma",
          "OfficialTitle":"A Prospective Randomized Controlled Study of Neoadjuvant PDT in the Treatment of Cholangiocarcinoma"
        },
        "StatusModule":{
          "StatusVerifiedDate":"March 2021",
          "OverallStatus":"Not yet recruiting",
          "ExpandedAccessInfo":{
            "HasExpandedAccess":"No"
          },
          "StartDateStruct":{
            "StartDate":"April 1, 2021",
            "StartDateType":"Anticipated"
          },
          "PrimaryCompletionDateStruct":{
            "PrimaryCompletionDate":"April 1, 2023",
            "PrimaryCompletionDateType":"Anticipated"
          },
          "CompletionDateStruct":{
            "CompletionDate":"April 1, 2028",
            "CompletionDateType":"Anticipated"
          },
          "StudyFirstSubmitDate":"March 24, 2021",
          "StudyFirstSubmitQCDate":"March 30, 2021",
          "StudyFirstPostDateStruct":{
            "StudyFirstPostDate":"April 1, 2021",
            "StudyFirstPostDateType":"Actual"
          },
          "LastUpdateSubmitDate":"March 30, 2021",
          "LastUpdatePostDateStruct":{
            "LastUpdatePostDate":"April 1, 2021",
            "LastUpdatePostDateType":"Actual"
          }
        },
        "SponsorCollaboratorsModule":{
          "ResponsibleParty":{
            "ResponsiblePartyType":"Sponsor"
          },
          "LeadSponsor":{
            "LeadSponsorName":"First Affiliated Hospital Xi'an Jiaotong University",
            "LeadSponsorClass":"OTHER"
          }
        },
        "OversightModule":{
          "OversightHasDMC":"No",
          "IsFDARegulatedDrug":"No",
          "IsFDARegulatedDevice":"No"
        },
        "DescriptionModule":{
          "BriefSummary":"For patients with locally advanced cholangiocarcinoma with resectable margins, patients who meet the selection criteria are randomly divided into two groups A and B. Group A: neoadjuvant PDT therapy combined with radical surgery; Group B: radical surgery. This study aims to explore the clinical effectiveness and safety of neoadjuvant photodynamic therapy for cholangiocarcinoma, as well as its role in destroying local tumors and enhancing systemic inflammation.",
          "DetailedDescription":"The average 5-year survival rate of patients with cholangiocarcinoma is about 5-10%. Only 30%-40% of patients have the opportunity to obtain radical surgery. Surgical resection is limited by the extent of tumor spread along the bile duct branches and segments, and the degree of involvement of the portal vein and (or) hepatic artery branches. Complete resection with negative margins (R0) is the only possible radical treatment. Only 60%-78% of radical surgery for cholangiocarcinoma are considered to achieve true R0 resection, and the tumor-free margin is often very short. Even after R0 resection, the recurrence rate is as high as 50%-76%. Photodynamic therapy is a tumor specific ablation method with small side effects and repeated treatments will not produce drug resistance. It provides a new prospect for the treatment of cholangiocarcinoma. For the current patients with locally advanced cholangiocarcinoma, neoadjuvant photodynamic therapy is used to make them resectable. Demotion and subsequent resection may potentially improve their results. Similarly, patients with resectable margins can benefit from tumor downgrading by increasing their chances of undergoing R0 resection. In order to increase the negative rate of resection margins, and to ensure sufficient tumor-free margins of the bile duct stumps, the research is still blank. For patients with locally advanced cholangiocarcinoma with resectable margins, patients who meet the selection criteria are randomly divided into two groups A and B. Group A: neoadjuvant PDT therapy combined with radical surgery; Group B: radical surgery. This study aims to explore the clinical effectiveness and safety of neoadjuvant photodynamic therapy, as well as its role in destroying local tumors and enhancing systemic inflammation.This study plans to enroll 50 patients. It is planned to complete the enrollment operation within 2 years, and the follow-up observation will be continued for 5 years after the operation. All patients are expected to complete neoadjuvant PDT treatment and radical surgery within 2 years, survival period (5 years survival rate), R0 resection rate and local recurrence rate are the main observation indicators, and the bilirubin level, the number of intraoperative freezing, the length of the tumor-free margin of the tumor tissue, and the incidence of complications (biliary leakage, cholangitis, phototoxicity) are the secondary observation indicators."
        },
        "ConditionsModule":{
          "ConditionList":{
            "Condition":[
              "Cholangiocarcinoma Resectable"
            ]
          },
          "KeywordList":{
            "Keyword":[
              "Cholangiocarcinoma,Neoadjuvant therapy,Photodynamic therapy"
            ]
          }
        },
        "DesignModule":{
          "StudyType":"Interventional",
          "PhaseList":{
            "Phase":[
              "Not Applicable"
            ]
          },
          "DesignInfo":{
            "DesignAllocation":"Randomized",
            "DesignInterventionModel":"Parallel Assignment",
            "DesignPrimaryPurpose":"Treatment",
            "DesignMaskingInfo":{
              "DesignMasking":"Single",
              "DesignWhoMaskedList":{
                "DesignWhoMasked":[
                  "Outcomes Assessor"
                ]
              }
            }
          },
          "EnrollmentInfo":{
            "EnrollmentCount":"50",
            "EnrollmentType":"Anticipated"
          }
        },
        "ArmsInterventionsModule":{
          "ArmGroupList":{
            "ArmGroup":[
              {
                "ArmGroupLabel":"neoadjuvant PDT + radical surgery",
                "ArmGroupType":"Experimental",
                "ArmGroupDescription":"Photodynamic therapy for neoadjuvant treatment of cholangiocarcinoma",
                "ArmGroupInterventionList":{
                  "ArmGroupInterventionName":[
                    "Procedure: Neoadjuvant PDT + radical surgery"
                  ]
                }
              },{
                "ArmGroupLabel":"radical surgery",
                "ArmGroupType":"Active Comparator",
                "ArmGroupDescription":"Patients with cholangiocarcinoma undergo radical surgical resection",
                "ArmGroupInterventionList":{
                  "ArmGroupInterventionName":[
                    "Procedure: Radical surgery"
                  ]
                }
              }
            ]
          },
          "InterventionList":{
            "Intervention":[
              {
                "InterventionType":"Procedure",
                "InterventionName":"Neoadjuvant PDT + radical surgery",
                "InterventionDescription":"Patients with cholangiocarcinoma will undergo radical surgery after photodynamic therapy",
                "InterventionArmGroupLabelList":{
                  "InterventionArmGroupLabel":[
                    "neoadjuvant PDT + radical surgery"
                  ]
                }
              },{
                "InterventionType":"Procedure",
                "InterventionName":"Radical surgery",
                "InterventionDescription":"Patients with cholangiocarcinoma will only receive radical surgery",
                "InterventionArmGroupLabelList":{
                  "InterventionArmGroupLabel":[
                    "radical surgery"
                  ]
                }
              }
            ]
          }
        },
        "OutcomesModule":{
          "PrimaryOutcomeList":{
            "PrimaryOutcome":[
              {
                "PrimaryOutcomeMeasure":"R0 resection rate",
                "PrimaryOutcomeDescription":"Compare the incidence of positive margins of bile duct after surgical resection of cholangiocarcinoma between the two groups",
                "PrimaryOutcomeTimeFrame":"During operation"
              },{
                "PrimaryOutcomeMeasure":"Local recurrence rate",
                "PrimaryOutcomeDescription":"Compare the local recurrence rate of cholangiocarcinoma between the two groups",
                "PrimaryOutcomeTimeFrame":"1-year post operation"
              },{
                "PrimaryOutcomeMeasure":"Survival time",
                "PrimaryOutcomeDescription":"Compare the 5-year survival time of the two groups",
                "PrimaryOutcomeTimeFrame":"5-year post operation"
              }
            ]
          },
          "SecondaryOutcomeList":{
            "SecondaryOutcome":[
              {
                "SecondaryOutcomeMeasure":"Bilirubin level",
                "SecondaryOutcomeDescription":"Compare the Bilirubin level of the two groups",
                "SecondaryOutcomeTimeFrame":"1,3,6,12-month post operation"
              },{
                "SecondaryOutcomeMeasure":"Complication rate",
                "SecondaryOutcomeDescription":"Compare the incidence of bile leakage, cholangitis, phototoxicity and other complications between the two groups",
                "SecondaryOutcomeTimeFrame":"1, 2,3,4,5,6,7,8-week Post operation"
              },{
                "SecondaryOutcomeMeasure":"Tumor-free margin length",
                "SecondaryOutcomeDescription":"Compare the length of the tumor-free margin of the two groups of cholangiocarcinoma tissues",
                "SecondaryOutcomeTimeFrame":"During operation"
              }
            ]
          }
        },
        "EligibilityModule":{
          "EligibilityCriteria":"Inclusion Criteria:\n\nPatients with age between 18 to 75 years;\nPatients'gender was not limited;\nPatients with locally advanced cholangiocarcinoma who have a clear diagnosis of the primary disease and require surgical resection or potential surgical resection;\nNo history of radiotherapy and chemotherapy;\nWilling to accept this clinical trial, sign informed consent and be able to cooperate with follow-up.\n\nExclusion Criteria:\n\nWomen during pregnancy or breastfeeding, and those with mental illness;\nPatients allergic to porphyrin drugs, porphyria;\nLong-term use of glucocorticoids or autoimmune suppression;\nSurgical contraindication, including:\n\nChild-Pugh C with hepatic encephalopathy Anyone with heart, lung, kidney dysfunction or other organ dysfunction, and cannot tolerate surgery.Hepatic ducts stone disease, who was diagnosed as Acute Cholangitis of Severe Type, especially complicated with bacteremia or septic shock. End stage disease, complicated with biliary cirrhosis or portal hypertension.Patients with long- term obstructive jaundice, dehydration, electrolyte disturbance or coagulation defects; Patients have the tendency or history of bleeding.",
          "HealthyVolunteers":"No",
          "Gender":"All",
          "MinimumAge":"18 Years",
          "MaximumAge":"75 Years",
          "StdAgeList":{
            "StdAge":[
              "Adult",
              "Older Adult"
            ]
          }
        },
        "ContactsLocationsModule":{
          "CentralContactList":{
            "CentralContact":[
              {
                "CentralContactName":"Yi Lv, MD,PHD",
                "CentralContactRole":"Contact",
                "CentralContactPhone":"86-29-85323900",
                "CentralContactEMail":"luyi169@126.com"
              },{
                "CentralContactName":"Rongfeng Wang, MD",
                "CentralContactRole":"Contact",
                "CentralContactPhone":"86-29-85324467",
                "CentralContactEMail":"15877553630@163.com"
              }
            ]
          },
          "OverallOfficialList":{
            "OverallOfficial":[
              {
                "OverallOfficialName":"Yi Lv, MD,PHD",
                "OverallOfficialAffiliation":"China, Shaanxi First Affiliated Hospital of Xian JiaotongUniversity",
                "OverallOfficialRole":"Principal Investigator"
              }
            ]
          },
          "LocationList":{
            "Location":[
              {
                "LocationFacility":"Yi Lv",
                "LocationCity":"Xi'an",
                "LocationState":"Shaanxi",
                "LocationZip":"710061",
                "LocationCountry":"China",
                "LocationContactList":{
                  "LocationContact":[
                    {
                      "LocationContactName":"Yi Lv, MD,PHD",
                      "LocationContactRole":"Contact",
                      "LocationContactPhone":"0086-13991200581",
                      "LocationContactEMail":"luyi169@126.com"
                    },{
                      "LocationContactName":"Xiaogang Zang, MD",
                      "LocationContactRole":"Contact",
                      "LocationContactPhone":"0086-15877553630",
                      "LocationContactEMail":"15877553630@163.com"
                    },{
                      "LocationContactName":"Yi Lv, MD,PHD",
                      "LocationContactRole":"Principal Investigator"
                    }
                  ]
                }
              }
            ]
          }
        },
        "ReferencesModule":{
          "ReferenceList":{
            "Reference":[
              {
                "ReferencePMID":"12767091",
                "ReferenceType":"background",
                "ReferenceCitation":"Wiedmann M, Caca K, Berr F, Schiefke I, Tannapfel A, Wittekind C, Mössner J, Hauss J, Witzigmann H. Neoadjuvant photodynamic therapy as a new approach to treating hilar cholangiocarcinoma: a phase II pilot study. Cancer. 2003 Jun 1;97(11):2783-90."
              },{
                "ReferencePMID":"26561801",
                "ReferenceType":"background",
                "ReferenceCitation":"Wagner A, Wiedmann M, Tannapfel A, Mayr C, Kiesslich T, Wolkersdörfer GW, Berr F, Hauss J, Witzigmann H. Neoadjuvant Down-Sizing of Hilar Cholangiocarcinoma with Photodynamic Therapy--Long-Term Outcome of a Phase II Pilot Study. Int J Mol Sci. 2015 Nov 6;16(11):26619-28. doi: 10.3390/ijms161125978."
              }
            ]
          }
        },
        "IPDSharingStatementModule":{
          "IPDSharing":"No"
        }
      },
      "DerivedSection":{
        "MiscInfoModule":{
          "VersionHolder":"April 19, 2021"
        },
        "ConditionBrowseModule":{
          "ConditionMeshList":{
            "ConditionMesh":[
              {
                "ConditionMeshId":"D000018281",
                "ConditionMeshTerm":"Cholangiocarcinoma"
              }
            ]
          },
          "ConditionAncestorList":{
            "ConditionAncestor":[
              {
                "ConditionAncestorId":"D000000230",
                "ConditionAncestorTerm":"Adenocarcinoma"
              },{
                "ConditionAncestorId":"D000002277",
                "ConditionAncestorTerm":"Carcinoma"
              },{
                "ConditionAncestorId":"D000009375",
                "ConditionAncestorTerm":"Neoplasms, Glandular and Epithelial"
              },{
                "ConditionAncestorId":"D000009370",
                "ConditionAncestorTerm":"Neoplasms by Histologic Type"
              },{
                "ConditionAncestorId":"D000009369",
                "ConditionAncestorTerm":"Neoplasms"
              }
            ]
          },
          "ConditionBrowseLeafList":{
            "ConditionBrowseLeaf":[
              {
                "ConditionBrowseLeafId":"M19009",
                "ConditionBrowseLeafName":"Cholangiocarcinoma",
                "ConditionBrowseLeafAsFound":"Cholangiocarcinoma",
                "ConditionBrowseLeafRelevance":"high"
              },{
                "ConditionBrowseLeafId":"M2166",
                "ConditionBrowseLeafName":"Adenocarcinoma",
                "ConditionBrowseLeafRelevance":"low"
              },{
                "ConditionBrowseLeafId":"M4116",
                "ConditionBrowseLeafName":"Carcinoma",
                "ConditionBrowseLeafRelevance":"low"
              },{
                "ConditionBrowseLeafId":"M10903",
                "ConditionBrowseLeafName":"Neoplasms, Glandular and Epithelial",
                "ConditionBrowseLeafRelevance":"low"
              },{
                "ConditionBrowseLeafId":"M10898",
                "ConditionBrowseLeafName":"Neoplasms by Histologic Type",
                "ConditionBrowseLeafRelevance":"low"
              },{
                "ConditionBrowseLeafId":"T755",
                "ConditionBrowseLeafName":"Bile Duct Cancer",
                "ConditionBrowseLeafAsFound":"Cholangiocarcinoma",
                "ConditionBrowseLeafRelevance":"high"
              }
            ]
          },
          "ConditionBrowseBranchList":{
            "ConditionBrowseBranch":[
              {
                "ConditionBrowseBranchAbbrev":"BC04",
                "ConditionBrowseBranchName":"Cancers and Other Neoplasms"
              },{
                "ConditionBrowseBranchAbbrev":"All",
                "ConditionBrowseBranchName":"All Conditions"
              },{
                "ConditionBrowseBranchAbbrev":"Rare",
                "ConditionBrowseBranchName":"Rare Diseases"
              }
            ]
          }
        }
      }
    }
  }
}

