{
  "FullStudy":{
    "Rank":2271,
    "Study":{
      "ProtocolSection":{
        "IdentificationModule":{
          "NCTId":"NCT04820400",
          "OrgStudyIdInfo":{
            "OrgStudyId":"BURN-360"
          },
          "Organization":{
            "OrgFullName":"Sunnybrook Health Sciences Centre",
            "OrgClass":"OTHER"
          },
          "BriefTitle":"Reducing Pain and Anxiety During Dressing Changes After Burn Surgery Using Virtual Reality",
          "OfficialTitle":"BURN 360: Reducing Pain and Anxiety During Dressing Changes After Burn Surgery Using Virtual Reality",
          "Acronym":"BURN-360"
        },
        "StatusModule":{
          "StatusVerifiedDate":"April 2021",
          "OverallStatus":"Recruiting",
          "ExpandedAccessInfo":{
            "HasExpandedAccess":"No"
          },
          "StartDateStruct":{
            "StartDate":"March 24, 2021",
            "StartDateType":"Actual"
          },
          "PrimaryCompletionDateStruct":{
            "PrimaryCompletionDate":"December 2023",
            "PrimaryCompletionDateType":"Anticipated"
          },
          "CompletionDateStruct":{
            "CompletionDate":"December 2023",
            "CompletionDateType":"Anticipated"
          },
          "StudyFirstSubmitDate":"October 16, 2020",
          "StudyFirstSubmitQCDate":"March 26, 2021",
          "StudyFirstPostDateStruct":{
            "StudyFirstPostDate":"March 29, 2021",
            "StudyFirstPostDateType":"Actual"
          },
          "LastUpdateSubmitDate":"April 9, 2021",
          "LastUpdatePostDateStruct":{
            "LastUpdatePostDate":"April 12, 2021",
            "LastUpdatePostDateType":"Actual"
          }
        },
        "SponsorCollaboratorsModule":{
          "ResponsibleParty":{
            "ResponsiblePartyType":"Sponsor"
          },
          "LeadSponsor":{
            "LeadSponsorName":"Sunnybrook Health Sciences Centre",
            "LeadSponsorClass":"OTHER"
          }
        },
        "OversightModule":{
          "OversightHasDMC":"No",
          "IsFDARegulatedDrug":"No",
          "IsFDARegulatedDevice":"No"
        },
        "DescriptionModule":{
          "BriefSummary":"Burn injury and its treatment is an intensely painful experience. Most severely injured patients require numerous dressing changes and skin grafting procedures (removing skin from healthy part of the body and moving it to damaged area of the body). This procedure cause extensive pain and anxiety and many patients can become dependent on pain killers during their hospital stay and throughout rehabilitation. This can delay reintegration into society and increase the chance of opioid dependence. An effective pain management plan plays a large role in patient recovery.\n\nIn addition to the physical pain experienced by these patients, burn injury is an intensely stressful and emotional life experience. This study will use a non-drug approach to reduce pain and extensive use of pain killers (opioids) during dressing changes. In particular, the study will use an immersive (allows to experience computer-generated environment as a real world) Virtual reality (VR) distraction tool during dressing change after skin graft surgery. Individuals who will decide to participate in this study will be asked to wear headgear to view immersive 360 videos specially designed by the study team. Before and after this exposure participants will be asked to complete a measurement of their anxiety level (VAS) and rate their pain.\n\nThis study will help to determine if using VR as a distraction tool during painful dressing changes will reduce pain and anxiety, and therefore opioid medications requirements, and will rely on participants experience and adapt VR videos according to participants' response.",
          "DetailedDescription":"The Ross Tilley Burn Centre (RTBC) is the largest burn care centre in Canada, admitting ~300 patients/year. Most of these severely injured patients require numerous dressing changes and skin grafting procedures which cause extensive pain and anxiety in patients already facing potential losses in terms of function and independence. Poorly managed pain can reduce patient engagement and participation in effective rehabilitation, result in chronic opioid dependence, and worsen post-traumatic stress disorder.\n\nWhile burn health practitioners specialize in the use of multi-modal pharmacological approach in an attempt to reduce patients' reliance on opioid, there is an increasing recognition of the importance of non-pharmacological strategies to reduce painful procedures in hospital. A number of studies have demonstrated reductions in pain, anxiety and analgesic medications with the use of Virtual Reality (VR) during procedures in hospital. VR can be applied in a variety of ways, with considerable variations in terms of cost, efficacy, and applicability. The burn injury VR literature includes predominantly small cases/series and is lacking on using VR-360 videos as a distraction technique in burn patients. Thus, VR remains under-utilized in most burn centres locally and internationally. To address this lack of knowledge, this study proposes to use VR-360 video as a distraction tool in patients during dressing changes after skin graft surgery.\n\nThis study aims to improve burn pain management by reducing opioid requirements, pain and anxiety during painful dressing changes, while also improving patient safety and satisfaction.\n\nThe study hypothesis is that immersive virtual reality use in the burn centre will reduce the cumulative dosage of analgesia used during the first two dressing changes after skin graft surgery when compared with patients not utilizing the technology.\n\nThe primary objective of this study is to evaluate the effect of VR-360 distraction video on opioid analgesic consumption during burn dressing changes.\n\nThe secondary objectives are to investigate the effect of VR-360 on pain, requirement for conscious sedation, additive effect of multiple VR exposures, anxiety, dressing change efficiency, patient reported outcome and satisfaction. Finally, patient and staff surveys will be undertaken which will allow iterative adaptation of 3600 immersive videos to the patients' preferences optimal distraction from the painful stimuli during dressing change.\n\nThe majority of patients suffering from burn injuries are committed to undergoing long, complex treatment plans that have significant physical and emotional impact. Pain is a challenge within this population and many patients require high doses of opioids. Indeed, a sizable proportion of burn patients may still require opioids as long as three months after discharge, delaying their reintegration into society and increasing the chance of opioid dependence. VR is a strategy that helps patients alter pain behavior. This study will be the first randomized trial to apply practitioner-designed VR-videos with patient input for greatest impact. It will compare opioid use, pain scores and patient satisfaction scores between this new, state of the art intervention, and current standard practice. By demonstrating VR's 'non-pharmacologic' effectiveness to alter pain perception the study team will develop a cost-effective, accessible tool that can align with practice at Sunnybrook. Furthermore, this team-based quality improvement initiative involving nurses, social workers, physio/occupational therapy and physicians aims to introduce VR as an evidence-based innovative non-pharmacological strategy to reduce opioid requirements and optimize the use of resources, workflow, and improve staff experience in burn centres across Canada and internationally"
        },
        "ConditionsModule":{
          "ConditionList":{
            "Condition":[
              "Pain, Postoperative",
              "Trauma",
              "Burns"
            ]
          },
          "KeywordList":{
            "Keyword":[
              "Virtual Reality",
              "Prospective Randomized Controlled Trial",
              "Decreased drug use",
              "Pain management"
            ]
          }
        },
        "DesignModule":{
          "StudyType":"Interventional",
          "PhaseList":{
            "Phase":[
              "Not Applicable"
            ]
          },
          "DesignInfo":{
            "DesignAllocation":"Randomized",
            "DesignInterventionModel":"Parallel Assignment",
            "DesignPrimaryPurpose":"Supportive Care",
            "DesignMaskingInfo":{
              "DesignMasking":"None (Open Label)"
            }
          },
          "EnrollmentInfo":{
            "EnrollmentCount":"80",
            "EnrollmentType":"Anticipated"
          }
        },
        "ArmsInterventionsModule":{
          "ArmGroupList":{
            "ArmGroup":[
              {
                "ArmGroupLabel":"VR-360 group (VR-group)",
                "ArmGroupType":"Experimental",
                "ArmGroupDescription":"Patients will watch a VR-360 distraction video during dressing change. The patient will be asked or helped to wear the HMD write in full at the onset of a procedure and watch the VR-360 video during the dressing change procedure. When experiencing pain, the patient may indicate the need for further analgesic medication during the procedure, the patient will be asked to push a button in their hand that will trigger a light-based signal for the nurse to provide further analgesic medication. Should their hands both be involved in the burn injury, the patient will indicate the same verbally.",
                "ArmGroupInterventionList":{
                  "ArmGroupInterventionName":[
                    "Other: Immersive VR Video"
                  ]
                }
              },{
                "ArmGroupLabel":"Control Group (standard treatment)",
                "ArmGroupType":"No Intervention",
                "ArmGroupDescription":"The patients will receive standard treatment and will be instructed to use the same button to indicate their pain."
              }
            ]
          },
          "InterventionList":{
            "Intervention":[
              {
                "InterventionType":"Other",
                "InterventionName":"Immersive VR Video",
                "InterventionDescription":"The VR-360 video will be custom-made for the burn patient population. Through a review of current evidence for video scenarios/patients surveys, the study team will define and implement the key components appropriate for acute procedural pain such as type, duration and severity in this patient population. Next, patients will be asked about preferred pain relief elements (e.g. individual colours, geographical locations, sounds, etc.) that would help to design a video scenario. Finally, using a Likert pain scale, patients will be asked to rate each individual descriptor that exacerbates or alleviates pain. For instance, the colour red may be associated with 'flames', 'heat' and 'burns', and thus elevated pain, the colour blue may have the opposite effect, representing 'cooling' or 'cold'.\n\nCombined, this information will be used to create a VR-360 video geared towards alleviating acute procedural pain in patients with burn injuries undergoing dressing changes after skin graft.",
                "InterventionArmGroupLabelList":{
                  "InterventionArmGroupLabel":[
                    "VR-360 group (VR-group)"
                  ]
                }
              }
            ]
          }
        },
        "OutcomesModule":{
          "PrimaryOutcomeList":{
            "PrimaryOutcome":[
              {
                "PrimaryOutcomeMeasure":"Cumulative opioid analgesia consumption",
                "PrimaryOutcomeDescription":"Cumulative opioid dose (i.e. fentanyl, hydromorphone, etc.) during the first 2 dressing change sessions in intravenous morphine equivalents (IME).",
                "PrimaryOutcomeTimeFrame":"Peri-procedural (starting 4 hours before and ending 4 hours after the dressing change)"
              },{
                "PrimaryOutcomeMeasure":"Change in opioid consumption between the first two dressing changes",
                "PrimaryOutcomeDescription":"Opioid consumption over the first 2 dressing changes will be assessed between the two groups and differences will be compared between two consequent dressing change events (Dressing Change Day 1 and Dressing Change Day 2). We will also compare the cumulative doses for both dressing events.",
                "PrimaryOutcomeTimeFrame":"Peri-procedural (starting 4 hours before and ending 4 hours after the dressing change)"
              }
            ]
          },
          "SecondaryOutcomeList":{
            "SecondaryOutcome":[
              {
                "SecondaryOutcomeMeasure":"Pain assessment",
                "SecondaryOutcomeDescription":"Study participants will rate their pain using the Numeric Rating Scale for Pain (NRS) on a scale of 0-10 (0 for no pain; 10 for unbearable pain)",
                "SecondaryOutcomeTimeFrame":"Immediately before, during and after each dressing change"
              },{
                "SecondaryOutcomeMeasure":"Additive effect of VR exposure on pain",
                "SecondaryOutcomeDescription":"The dose difference in opioid will be calculated and compared between two consequent dressing change events.",
                "SecondaryOutcomeTimeFrame":"2 dressing changes: Day 1 and Day 2"
              },{
                "SecondaryOutcomeMeasure":"Anxiety assessment",
                "SecondaryOutcomeDescription":"Participants will rate their anxiety using the Visual Analogue Scale for anxiety (VASa), a 0-10 scale where 0 is \"Not at all anxious\" and 10 is \"Extremely anxious\".",
                "SecondaryOutcomeTimeFrame":"immediately before dressing change, during and after each dressing change (30 minutes after procedure complete)"
              },{
                "SecondaryOutcomeMeasure":"Number of participants requiring conscious sedation",
                "SecondaryOutcomeDescription":"The requirement for additional intravenous sedatives: ketamine (25mg IV q 5mins with no max and/or midazolam 1mg q15min (MD clinical discretion) or fentanyl (25-50 mcg IV q5 min, maximum total dose of 250mcg)",
                "SecondaryOutcomeTimeFrame":"assessed during the dressing procedure"
              },{
                "SecondaryOutcomeMeasure":"Dressing change efficiency",
                "SecondaryOutcomeDescription":"The dressing nurse will complete a standardized workflow questionnaire using a 0-10 Likert scale (0 as not efficient and 10 as very efficient).",
                "SecondaryOutcomeTimeFrame":"immediately after dressing change procedure on the day of procedure"
              },{
                "SecondaryOutcomeMeasure":"Patient satisfaction: survey",
                "SecondaryOutcomeDescription":"Will be assessed with a survey asking patients subjective thoughts on the procedure experience.",
                "SecondaryOutcomeTimeFrame":"assessed after 2nd dressing change on the day of procedure"
              },{
                "SecondaryOutcomeMeasure":"Opioid use at 3 months",
                "SecondaryOutcomeDescription":"This will be a binary outcome. Whether the patient is on prescription opioid analgesics or not at the 3-month follow-up visit.",
                "SecondaryOutcomeTimeFrame":"Assessed 3 months after the procedure"
              },{
                "SecondaryOutcomeMeasure":"Post-Traumatic Stress Disorder Assessment",
                "SecondaryOutcomeDescription":"All participants will be asked to complete the PTSD checklist for DSM-5 (PCL-5), which asks 20 questions related to symptoms of PTSD, each of which is ranked on a 0-4 scale, where 0 is \"Not at all\" and 4 is \"extremely\".",
                "SecondaryOutcomeTimeFrame":"Assessed 1) at baseline 2) after 2nd dressing procedure, 3) at discharge, 4) at 3 month follow up visit"
              }
            ]
          }
        },
        "EligibilityModule":{
          "EligibilityCriteria":"Inclusion Criteria:\n\nAge ≥ 18\nPatients anticipated to receive only one skin autograft surgery for acute burn injury at RTBC (patients may have received an allograft skin procedure prior to the autograft)\nPatients who will require inpatient stay for at least two consecutive daily dressing changes\nPatients alert and oriented, and able to watch immersive video and respond to questions\n\nExclusion Criteria:\n\nPatients on mechanical ventilation\nPatients receiving intravenous sedation\nPatients with significant face, neck or scalp burn wounds\nPatients with confirmed resistant bacteria (MRSA, CPE, VRE)\nPatients with history of significant motion sickness (i.e. occur during exposure to physical, visual and virtual motion, cybersickness, etc.) verbally declared by patient\nPatients unable to communicate",
          "HealthyVolunteers":"No",
          "Gender":"All",
          "MinimumAge":"18 Years",
          "StdAgeList":{
            "StdAge":[
              "Adult",
              "Older Adult"
            ]
          }
        },
        "ContactsLocationsModule":{
          "CentralContactList":{
            "CentralContact":[
              {
                "CentralContactName":"Alan D Rogers, MD",
                "CentralContactRole":"Contact",
                "CentralContactPhone":"416 480 6100",
                "CentralContactPhoneExt":"3769",
                "CentralContactEMail":"alandavid.rogers@sunnybrook.ca"
              },{
                "CentralContactName":"Fahad Alam, MD",
                "CentralContactRole":"Contact",
                "CentralContactPhone":"416 480 4864",
                "CentralContactEMail":"fahad.alam@sunnybrook.ca"
              }
            ]
          },
          "OverallOfficialList":{
            "OverallOfficial":[
              {
                "OverallOfficialName":"Alan D Rogers, MD",
                "OverallOfficialAffiliation":"SHSC",
                "OverallOfficialRole":"Principal Investigator"
              }
            ]
          },
          "LocationList":{
            "Location":[
              {
                "LocationFacility":"Sunnybrook Research Institute",
                "LocationStatus":"Recruiting",
                "LocationCity":"Toronto",
                "LocationCountry":"Canada",
                "LocationContactList":{
                  "LocationContact":[
                    {
                      "LocationContactName":"Catherine Parry",
                      "LocationContactRole":"Contact",
                      "LocationContactPhone":"416-480-4276"
                    }
                  ]
                }
              }
            ]
          }
        }
      },
      "DerivedSection":{
        "MiscInfoModule":{
          "VersionHolder":"April 19, 2021"
        },
        "ConditionBrowseModule":{
          "ConditionMeshList":{
            "ConditionMesh":[
              {
                "ConditionMeshId":"D000010149",
                "ConditionMeshTerm":"Pain, Postoperative"
              },{
                "ConditionMeshId":"D000002056",
                "ConditionMeshTerm":"Burns"
              }
            ]
          },
          "ConditionAncestorList":{
            "ConditionAncestor":[
              {
                "ConditionAncestorId":"D000014947",
                "ConditionAncestorTerm":"Wounds and Injuries"
              },{
                "ConditionAncestorId":"D000011183",
                "ConditionAncestorTerm":"Postoperative Complications"
              },{
                "ConditionAncestorId":"D000010335",
                "ConditionAncestorTerm":"Pathologic Processes"
              },{
                "ConditionAncestorId":"D000010146",
                "ConditionAncestorTerm":"Pain"
              },{
                "ConditionAncestorId":"D000009461",
                "ConditionAncestorTerm":"Neurologic Manifestations"
              }
            ]
          },
          "ConditionBrowseLeafList":{
            "ConditionBrowseLeaf":[
              {
                "ConditionBrowseLeafId":"M2905",
                "ConditionBrowseLeafName":"Anxiety Disorders",
                "ConditionBrowseLeafRelevance":"low"
              },{
                "ConditionBrowseLeafId":"M16268",
                "ConditionBrowseLeafName":"Wounds and Injuries",
                "ConditionBrowseLeafRelevance":"low"
              },{
                "ConditionBrowseLeafId":"M11652",
                "ConditionBrowseLeafName":"Pain, Postoperative",
                "ConditionBrowseLeafAsFound":"Pain, Postoperative",
                "ConditionBrowseLeafRelevance":"high"
              },{
                "ConditionBrowseLeafId":"M3908",
                "ConditionBrowseLeafName":"Burns",
                "ConditionBrowseLeafAsFound":"Burn",
                "ConditionBrowseLeafRelevance":"high"
              },{
                "ConditionBrowseLeafId":"M11649",
                "ConditionBrowseLeafName":"Pain",
                "ConditionBrowseLeafRelevance":"low"
              },{
                "ConditionBrowseLeafId":"M12648",
                "ConditionBrowseLeafName":"Postoperative Complications",
                "ConditionBrowseLeafRelevance":"low"
              },{
                "ConditionBrowseLeafId":"M10987",
                "ConditionBrowseLeafName":"Neurologic Manifestations",
                "ConditionBrowseLeafRelevance":"low"
              }
            ]
          },
          "ConditionBrowseBranchList":{
            "ConditionBrowseBranch":[
              {
                "ConditionBrowseBranchAbbrev":"BXM",
                "ConditionBrowseBranchName":"Behaviors and Mental Disorders"
              },{
                "ConditionBrowseBranchAbbrev":"All",
                "ConditionBrowseBranchName":"All Conditions"
              },{
                "ConditionBrowseBranchAbbrev":"BC26",
                "ConditionBrowseBranchName":"Wounds and Injuries"
              },{
                "ConditionBrowseBranchAbbrev":"BC23",
                "ConditionBrowseBranchName":"Symptoms and General Pathology"
              },{
                "ConditionBrowseBranchAbbrev":"BC10",
                "ConditionBrowseBranchName":"Nervous System Diseases"
              }
            ]
          }
        },
        "InterventionBrowseModule":{
          "InterventionBrowseLeafList":{
            "InterventionBrowseLeaf":[
              {
                "InterventionBrowseLeafId":"M2613",
                "InterventionBrowseLeafName":"Analgesics",
                "InterventionBrowseLeafRelevance":"low"
              }
            ]
          },
          "InterventionBrowseBranchList":{
            "InterventionBrowseBranch":[
              {
                "InterventionBrowseBranchAbbrev":"Analg",
                "InterventionBrowseBranchName":"Analgesics"
              },{
                "InterventionBrowseBranchAbbrev":"All",
                "InterventionBrowseBranchName":"All Drugs and Chemicals"
              }
            ]
          }
        }
      }
    }
  }
}

