{
  "FullStudy":{
    "Rank":1820,
    "Study":{
      "ProtocolSection":{
        "IdentificationModule":{
          "NCTId":"NCT04826276",
          "OrgStudyIdInfo":{
            "OrgStudyId":"262617"
          },
          "Organization":{
            "OrgFullName":"University of Arkansas",
            "OrgClass":"OTHER"
          },
          "BriefTitle":"Effects of Smoking State on Decision Making",
          "OfficialTitle":"Effects of Smoking State on Effort-based Decision Making",
          "Acronym":"Effort"
        },
        "StatusModule":{
          "StatusVerifiedDate":"March 2021",
          "OverallStatus":"Not yet recruiting",
          "ExpandedAccessInfo":{
            "HasExpandedAccess":"No"
          },
          "StartDateStruct":{
            "StartDate":"May 2021",
            "StartDateType":"Anticipated"
          },
          "PrimaryCompletionDateStruct":{
            "PrimaryCompletionDate":"February 28, 2022",
            "PrimaryCompletionDateType":"Anticipated"
          },
          "CompletionDateStruct":{
            "CompletionDate":"February 28, 2022",
            "CompletionDateType":"Anticipated"
          },
          "StudyFirstSubmitDate":"March 26, 2021",
          "StudyFirstSubmitQCDate":"March 29, 2021",
          "StudyFirstPostDateStruct":{
            "StudyFirstPostDate":"April 1, 2021",
            "StudyFirstPostDateType":"Actual"
          },
          "LastUpdateSubmitDate":"April 13, 2021",
          "LastUpdatePostDateStruct":{
            "LastUpdatePostDate":"April 14, 2021",
            "LastUpdatePostDateType":"Actual"
          }
        },
        "SponsorCollaboratorsModule":{
          "ResponsibleParty":{
            "ResponsiblePartyType":"Sponsor"
          },
          "LeadSponsor":{
            "LeadSponsorName":"University of Arkansas",
            "LeadSponsorClass":"OTHER"
          }
        },
        "OversightModule":{
          "OversightHasDMC":"No",
          "IsFDARegulatedDrug":"No",
          "IsFDARegulatedDevice":"No"
        },
        "DescriptionModule":{
          "BriefSummary":"Adult smokers will be tested using behavioral and neuroimaging measures after smoking as usual and after overnight abstinence."
        },
        "ConditionsModule":{
          "ConditionList":{
            "Condition":[
              "Behavior"
            ]
          },
          "KeywordList":{
            "Keyword":[
              "Decision making"
            ]
          }
        },
        "DesignModule":{
          "StudyType":"Interventional",
          "PhaseList":{
            "Phase":[
              "Not Applicable"
            ]
          },
          "DesignInfo":{
            "DesignAllocation":"Randomized",
            "DesignInterventionModel":"Crossover Assignment",
            "DesignInterventionModelDescription":"Participants will be instructed to smoke as usual before one fMRI study visit (satiated state) and to abstain from using all tobacco/nicotine for 12 hours before the other fMRI study visit (withdrawn state). The order of the satiated and withdrawn study visits will be randomized and counterbalanced across participants.",
            "DesignPrimaryPurpose":"Basic Science",
            "DesignMaskingInfo":{
              "DesignMasking":"None (Open Label)"
            }
          },
          "EnrollmentInfo":{
            "EnrollmentCount":"30",
            "EnrollmentType":"Anticipated"
          }
        },
        "ArmsInterventionsModule":{
          "ArmGroupList":{
            "ArmGroup":[
              {
                "ArmGroupLabel":"12-hr Abstinence First",
                "ArmGroupType":"Experimental",
                "ArmGroupDescription":"12+ hours after smoking will be assessed first before assessments following smoking as normal",
                "ArmGroupInterventionList":{
                  "ArmGroupInterventionName":[
                    "Other: smoking abstinence",
                    "Other: smoking satiety"
                  ]
                }
              },{
                "ArmGroupLabel":"Satiated First",
                "ArmGroupType":"Experimental",
                "ArmGroupDescription":"Smoking as normal will be assessed first before assessments following 12+ hours of abstinence from smoking",
                "ArmGroupInterventionList":{
                  "ArmGroupInterventionName":[
                    "Other: smoking abstinence",
                    "Other: smoking satiety"
                  ]
                }
              }
            ]
          },
          "InterventionList":{
            "Intervention":[
              {
                "InterventionType":"Other",
                "InterventionName":"smoking abstinence",
                "InterventionDescription":"participants will be asked to not smoke for at least 12 hours",
                "InterventionArmGroupLabelList":{
                  "InterventionArmGroupLabel":[
                    "12-hr Abstinence First",
                    "Satiated First"
                  ]
                }
              },{
                "InterventionType":"Other",
                "InterventionName":"smoking satiety",
                "InterventionDescription":"participants will be asked to smoke as usual",
                "InterventionArmGroupLabelList":{
                  "InterventionArmGroupLabel":[
                    "12-hr Abstinence First",
                    "Satiated First"
                  ]
                }
              }
            ]
          }
        },
        "OutcomesModule":{
          "PrimaryOutcomeList":{
            "PrimaryOutcome":[
              {
                "PrimaryOutcomeMeasure":"Effort based decision making",
                "PrimaryOutcomeDescription":"number of high effort selections",
                "PrimaryOutcomeTimeFrame":"through study completion, an average of 1 year"
              },{
                "PrimaryOutcomeMeasure":"Distress tolerance behavior",
                "PrimaryOutcomeDescription":"duration on measures of distress tolerance",
                "PrimaryOutcomeTimeFrame":"through study completion, an average of 1 year"
              }
            ]
          }
        },
        "EligibilityModule":{
          "EligibilityCriteria":"Inclusion Criteria:\n\nAged 18-55 years\nSmokes cigarettes or e-cigarettes\nNegative urine drug screen\n\nExclusion Criteria:\n\nUnstable or serious medical or mental health condition\nHistory of serious head trauma\nPregnancy\nUnsuitable for MRI\nWeight > 350 pounds (maximum allowed for MRI)",
          "HealthyVolunteers":"Accepts Healthy Volunteers",
          "Gender":"All",
          "MinimumAge":"18 Years",
          "MaximumAge":"55 Years",
          "StdAgeList":{
            "StdAge":[
              "Adult"
            ]
          }
        },
        "ContactsLocationsModule":{
          "CentralContactList":{
            "CentralContact":[
              {
                "CentralContactName":"Merideth Addicott, PhD",
                "CentralContactRole":"Contact",
                "CentralContactPhone":"501-526-8436",
                "CentralContactEMail":"maddicott@uams.edu"
              },{
                "CentralContactName":"Deborah Hodges",
                "CentralContactRole":"Contact",
                "CentralContactPhone":"501-526-8462",
                "CentralContactEMail":"DHodges@uams.edu"
              }
            ]
          },
          "OverallOfficialList":{
            "OverallOfficial":[
              {
                "OverallOfficialName":"Merideth Addicott, PhD",
                "OverallOfficialAffiliation":"University of Arkansas",
                "OverallOfficialRole":"Principal Investigator"
              }
            ]
          },
          "LocationList":{
            "Location":[
              {
                "LocationFacility":"University of Arkansas for Medical Sciences",
                "LocationCity":"Little Rock",
                "LocationState":"Arkansas",
                "LocationZip":"72205",
                "LocationCountry":"United States"
              }
            ]
          }
        },
        "IPDSharingStatementModule":{
          "IPDSharing":"No"
        }
      },
      "DerivedSection":{
        "MiscInfoModule":{
          "VersionHolder":"April 19, 2021"
        }
      }
    }
  }
}

