{
  "FullStudy":{
    "Rank":2166,
    "Study":{
      "ProtocolSection":{
        "IdentificationModule":{
          "NCTId":"NCT04821765",
          "OrgStudyIdInfo":{
            "OrgStudyId":"NCC2749"
          },
          "Organization":{
            "OrgFullName":"Chinese Academy of Medical Sciences",
            "OrgClass":"OTHER"
          },
          "BriefTitle":"Study of PD-1 Antibody Combined With Chemoradiotherapy in Oligometastatic Esophageal Cancer",
          "OfficialTitle":"A Phase II Study of PD-1 Antibody Combined With Chemoradiotherapy in Oligometastatic Esophageal Squamous Cell Carcinoma"
        },
        "StatusModule":{
          "StatusVerifiedDate":"March 2021",
          "OverallStatus":"Recruiting",
          "ExpandedAccessInfo":{
            "HasExpandedAccess":"No"
          },
          "StartDateStruct":{
            "StartDate":"October 1, 2020",
            "StartDateType":"Actual"
          },
          "PrimaryCompletionDateStruct":{
            "PrimaryCompletionDate":"September 30, 2023",
            "PrimaryCompletionDateType":"Anticipated"
          },
          "CompletionDateStruct":{
            "CompletionDate":"September 30, 2023",
            "CompletionDateType":"Anticipated"
          },
          "StudyFirstSubmitDate":"March 15, 2021",
          "StudyFirstSubmitQCDate":"March 26, 2021",
          "StudyFirstPostDateStruct":{
            "StudyFirstPostDate":"March 30, 2021",
            "StudyFirstPostDateType":"Actual"
          },
          "LastUpdateSubmitDate":"March 26, 2021",
          "LastUpdatePostDateStruct":{
            "LastUpdatePostDate":"March 30, 2021",
            "LastUpdatePostDateType":"Actual"
          }
        },
        "SponsorCollaboratorsModule":{
          "ResponsibleParty":{
            "ResponsiblePartyType":"Principal Investigator",
            "ResponsiblePartyInvestigatorFullName":"Wang Xin",
            "ResponsiblePartyInvestigatorTitle":"Principal Investigator",
            "ResponsiblePartyInvestigatorAffiliation":"Chinese Academy of Medical Sciences"
          },
          "LeadSponsor":{
            "LeadSponsorName":"Chinese Academy of Medical Sciences",
            "LeadSponsorClass":"OTHER"
          }
        },
        "OversightModule":{
          "OversightHasDMC":"No",
          "IsFDARegulatedDrug":"No",
          "IsFDARegulatedDevice":"No"
        },
        "DescriptionModule":{
          "BriefSummary":"Chemoradiotherapy（CRT） is the main treatment for esophageal cancer patients with recurrent desease，and checkpoint blockade (PD-1) have been shown to be effective in advanced esophageal cancer. Therefore, PD-1 combined with chemoradiotherapy （CRT）may further improve the efficacy and become a new method for the treatment of esophageal cancer.This study intends to conduct a single-arm, prospective clinical study, aiming to evaluate the safety and efficacy of PD-1 combined with chemoradiotherapy(CRT) in patients with oligometastatic esophageal squamous cell carcinoma."
        },
        "ConditionsModule":{
          "ConditionList":{
            "Condition":[
              "Esophagus Cancer",
              "Chemoradiotherapy",
              "Oligometastatic Disease",
              "Immunotherapy"
            ]
          }
        },
        "DesignModule":{
          "StudyType":"Interventional",
          "PhaseList":{
            "Phase":[
              "Phase 2"
            ]
          },
          "DesignInfo":{
            "DesignAllocation":"N/A",
            "DesignInterventionModel":"Single Group Assignment",
            "DesignPrimaryPurpose":"Treatment",
            "DesignMaskingInfo":{
              "DesignMasking":"None (Open Label)"
            }
          },
          "EnrollmentInfo":{
            "EnrollmentCount":"35",
            "EnrollmentType":"Anticipated"
          }
        },
        "ArmsInterventionsModule":{
          "ArmGroupList":{
            "ArmGroup":[
              {
                "ArmGroupLabel":"Chemoradiotherapy Combined With PD-1 Antibody",
                "ArmGroupType":"Experimental",
                "ArmGroupDescription":"The arm received chemoradiotherapy, 50-60Gy (BED) was given (1.8-2 Gy or 3-4Gy once daily , 5 days a week) to recurrent sites combined with chemotherapy（Cisplatin 75 mg/m2/day 1, and albumin paclitaxel 150 mg/m2/day 1 , every 3 weeks, 2 cycles ).PD-1 antibody (Tislelizumab) was performed simultaneously with concurrent chemoradiotherapy (Triprizumab 200mg，d1，every 3 weeks，2 cycles). After completion of chemoradiotherapy, PD-1 antibody was given continuously with 2-4 cycles of chemotherapy (the same regimen with concurrent chemotherapy) until 1 year or desease progression.",
                "ArmGroupInterventionList":{
                  "ArmGroupInterventionName":[
                    "Drug: PD-1 antibody",
                    "Radiation: Chemoradiation",
                    "Drug: Albumin-Bound Paclitaxel",
                    "Drug: Cisplatin"
                  ]
                }
              }
            ]
          },
          "InterventionList":{
            "Intervention":[
              {
                "InterventionType":"Drug",
                "InterventionName":"PD-1 antibody",
                "InterventionDescription":"200mg, d1, q3W",
                "InterventionArmGroupLabelList":{
                  "InterventionArmGroupLabel":[
                    "Chemoradiotherapy Combined With PD-1 Antibody"
                  ]
                }
              },{
                "InterventionType":"Radiation",
                "InterventionName":"Chemoradiation",
                "InterventionDescription":"50-60Gy (BED) was given (1.8-2 Gy or 3-4Gy once daily , 5 days a week",
                "InterventionArmGroupLabelList":{
                  "InterventionArmGroupLabel":[
                    "Chemoradiotherapy Combined With PD-1 Antibody"
                  ]
                }
              },{
                "InterventionType":"Drug",
                "InterventionName":"Albumin-Bound Paclitaxel",
                "InterventionDescription":"150mg/m2, d1, q3W",
                "InterventionArmGroupLabelList":{
                  "InterventionArmGroupLabel":[
                    "Chemoradiotherapy Combined With PD-1 Antibody"
                  ]
                }
              },{
                "InterventionType":"Drug",
                "InterventionName":"Cisplatin",
                "InterventionDescription":"75mg/m2, d1, q3W",
                "InterventionArmGroupLabelList":{
                  "InterventionArmGroupLabel":[
                    "Chemoradiotherapy Combined With PD-1 Antibody"
                  ]
                }
              }
            ]
          }
        },
        "OutcomesModule":{
          "PrimaryOutcomeList":{
            "PrimaryOutcome":[
              {
                "PrimaryOutcomeMeasure":"Locoregional control rate",
                "PrimaryOutcomeTimeFrame":"3 year"
              }
            ]
          },
          "SecondaryOutcomeList":{
            "SecondaryOutcome":[
              {
                "SecondaryOutcomeMeasure":"Number of participants with acute toxicities",
                "SecondaryOutcomeDescription":"Acute toxicities are evaluated by NCI-CTC version 5.0",
                "SecondaryOutcomeTimeFrame":"10 week, from the start of treatment to 1 month after chemoradiotherapy"
              },{
                "SecondaryOutcomeMeasure":"Tumor response rate",
                "SecondaryOutcomeTimeFrame":"2-3 months"
              },{
                "SecondaryOutcomeMeasure":"Progression free survival",
                "SecondaryOutcomeTimeFrame":"1 year, 2 year, 3 year"
              },{
                "SecondaryOutcomeMeasure":"Overall survival",
                "SecondaryOutcomeTimeFrame":"1 year, 2 year, 3 year"
              },{
                "SecondaryOutcomeMeasure":"Objective response rate",
                "SecondaryOutcomeDescription":"Objective Response Rate are evaluated by RECIST 1.1",
                "SecondaryOutcomeTimeFrame":"5.5 week"
              },{
                "SecondaryOutcomeMeasure":"Radiomics analysis",
                "SecondaryOutcomeDescription":"Analysis of correlation between radiomics signature extracted by LASSO and the rate of participants who achieve pathological complete response (pCR) and the overall survival based on MRI and CT simulation.",
                "SecondaryOutcomeTimeFrame":"1 year, 2 year, 3 year, 5 year"
              }
            ]
          }
        },
        "EligibilityModule":{
          "EligibilityCriteria":"Inclusion Criteria:\n\n•≥18 years；\n\nEsophageal squamous cell carcinomas；\nAfter radical treatment including surgery or definitive chemoradiotherapy\nDefinition of oligometastases：≤3 metastases, including tumor beds and recurrent anastomotic sites；regional lymph node is defined as one metastatic site（AJCC8th, supraclavicular, mediastinal, abdominal）；metastases lesion in liver, lung, bone and brain is no more than 1.\nKarnofsky performance status(KPS)≥ 70；\nNo immunotherapy were performed after recurrence；\na white-cell count of at least 3500G/L, a hemoglobin concentration of at least 100 g/L, a platelet count of at least 100,000/lL, aspartate aminotransferase and alanine aminotransferase levels of within 1.5 times the upper limit of normal, a serum bilirubin level of 1.5 mg/dL or less, a creatinine level of 1.1 mg/dL or less;\nHepatitis virus indicators: normal or hepatitis virus DNA titer less than 500 at the same time in an infectious disease hospital, and with the consent of the doctor can be treated；\n\nExclusion Criteria:\n\nPregnancy, possible pregnancy, or breast-feeding;\nPsychological, family, social and other factors lead to uninformed consent;\nAn esophageal mediastinal fistula and/or an esophageal tracheal fistula prior to treatment;\nSerious complications such as ischemic heart disease, arrhythmias, or other types of heart disease requiring treatment; liver cirrhosis; interstitial pneumonia or pulmonary fibrosis; active gastrointestinal bleeding; mental disorders being treated with antipsychoticagents or requiring treatment;\nControlled diabetes mellitus;\nA history of autoimmune disease, autoimmune disease (such as colitis, hepatitis, hyperthyroidism, including but not limited to these disease or syndrome) and a history of immune deficiency, including test positive for HIV, or has other acquired, congenital immunodeficiency disease, or have a history of organ transplantation and the history of allogeneic bone marrow transplantation;\nA history of interstitial lung disease and a history of non-infectious pneumonia;\nActive hepatitis B (HBV DNA ≥ 2000 IU/mL or 104 Copies /mL), hepatitis C ;(positive HCV antibody and HCV-RNA above the detection threshold of the assay）\nAny situation that is unstable or may compromise patient safety and compliance ;\nActive infections, such as active tuberculosis, are present;",
          "HealthyVolunteers":"No",
          "Gender":"All",
          "MinimumAge":"18 Years",
          "StdAgeList":{
            "StdAge":[
              "Adult",
              "Older Adult"
            ]
          }
        },
        "ContactsLocationsModule":{
          "CentralContactList":{
            "CentralContact":[
              {
                "CentralContactName":"Xin Wang, MD",
                "CentralContactRole":"Contact",
                "CentralContactPhone":"+861013311583220",
                "CentralContactEMail":"beryl_wx2000@163.com"
              }
            ]
          },
          "LocationList":{
            "Location":[
              {
                "LocationFacility":"Department of Radiation Oncology, National Cancer Center/National Clinical Research Center for Cancer/Cancer Hospital, Chinese Academy of Medical Sciences (CAMS) and Peking Union Medical College (PUMC)",
                "LocationStatus":"Recruiting",
                "LocationCity":"Beijing",
                "LocationState":"Beijing",
                "LocationZip":"100021",
                "LocationCountry":"China",
                "LocationContactList":{
                  "LocationContact":[
                    {
                      "LocationContactName":"Xin Wang, MD",
                      "LocationContactRole":"Contact",
                      "LocationContactEMail":"beryl_wx2000@163.com"
                    }
                  ]
                }
              }
            ]
          }
        },
        "IPDSharingStatementModule":{
          "IPDSharing":"No"
        }
      },
      "DerivedSection":{
        "MiscInfoModule":{
          "VersionHolder":"April 19, 2021"
        },
        "ConditionBrowseModule":{
          "ConditionMeshList":{
            "ConditionMesh":[
              {
                "ConditionMeshId":"D000004938",
                "ConditionMeshTerm":"Esophageal Neoplasms"
              }
            ]
          },
          "ConditionAncestorList":{
            "ConditionAncestor":[
              {
                "ConditionAncestorId":"D000005770",
                "ConditionAncestorTerm":"Gastrointestinal Neoplasms"
              },{
                "ConditionAncestorId":"D000004067",
                "ConditionAncestorTerm":"Digestive System Neoplasms"
              },{
                "ConditionAncestorId":"D000009371",
                "ConditionAncestorTerm":"Neoplasms by Site"
              },{
                "ConditionAncestorId":"D000009369",
                "ConditionAncestorTerm":"Neoplasms"
              },{
                "ConditionAncestorId":"D000006258",
                "ConditionAncestorTerm":"Head and Neck Neoplasms"
              },{
                "ConditionAncestorId":"D000004066",
                "ConditionAncestorTerm":"Digestive System Diseases"
              },{
                "ConditionAncestorId":"D000004935",
                "ConditionAncestorTerm":"Esophageal Diseases"
              },{
                "ConditionAncestorId":"D000005767",
                "ConditionAncestorTerm":"Gastrointestinal Diseases"
              }
            ]
          },
          "ConditionBrowseLeafList":{
            "ConditionBrowseLeaf":[
              {
                "ConditionBrowseLeafId":"M4116",
                "ConditionBrowseLeafName":"Carcinoma",
                "ConditionBrowseLeafRelevance":"low"
              },{
                "ConditionBrowseLeafId":"M4132",
                "ConditionBrowseLeafName":"Carcinoma, Squamous Cell",
                "ConditionBrowseLeafRelevance":"low"
              },{
                "ConditionBrowseLeafId":"M1733",
                "ConditionBrowseLeafName":"Esophageal Squamous Cell Carcinoma",
                "ConditionBrowseLeafRelevance":"low"
              },{
                "ConditionBrowseLeafId":"M6671",
                "ConditionBrowseLeafName":"Esophageal Neoplasms",
                "ConditionBrowseLeafAsFound":"Esophagus Cancer",
                "ConditionBrowseLeafRelevance":"high"
              },{
                "ConditionBrowseLeafId":"M7469",
                "ConditionBrowseLeafName":"Gastrointestinal Neoplasms",
                "ConditionBrowseLeafRelevance":"low"
              },{
                "ConditionBrowseLeafId":"M5839",
                "ConditionBrowseLeafName":"Digestive System Neoplasms",
                "ConditionBrowseLeafRelevance":"low"
              },{
                "ConditionBrowseLeafId":"M7931",
                "ConditionBrowseLeafName":"Head and Neck Neoplasms",
                "ConditionBrowseLeafRelevance":"low"
              },{
                "ConditionBrowseLeafId":"M5838",
                "ConditionBrowseLeafName":"Digestive System Diseases",
                "ConditionBrowseLeafRelevance":"low"
              },{
                "ConditionBrowseLeafId":"M7466",
                "ConditionBrowseLeafName":"Gastrointestinal Diseases",
                "ConditionBrowseLeafRelevance":"low"
              },{
                "ConditionBrowseLeafId":"M6668",
                "ConditionBrowseLeafName":"Esophageal Diseases",
                "ConditionBrowseLeafRelevance":"low"
              },{
                "ConditionBrowseLeafId":"T2141",
                "ConditionBrowseLeafName":"Esophageal Cancer",
                "ConditionBrowseLeafAsFound":"Esophagus Cancer",
                "ConditionBrowseLeafRelevance":"high"
              }
            ]
          },
          "ConditionBrowseBranchList":{
            "ConditionBrowseBranch":[
              {
                "ConditionBrowseBranchAbbrev":"BC04",
                "ConditionBrowseBranchName":"Cancers and Other Neoplasms"
              },{
                "ConditionBrowseBranchAbbrev":"All",
                "ConditionBrowseBranchName":"All Conditions"
              },{
                "ConditionBrowseBranchAbbrev":"BC06",
                "ConditionBrowseBranchName":"Digestive System Diseases"
              },{
                "ConditionBrowseBranchAbbrev":"Rare",
                "ConditionBrowseBranchName":"Rare Diseases"
              }
            ]
          }
        },
        "InterventionBrowseModule":{
          "InterventionMeshList":{
            "InterventionMesh":[
              {
                "InterventionMeshId":"D000017239",
                "InterventionMeshTerm":"Paclitaxel"
              },{
                "InterventionMeshId":"D000068196",
                "InterventionMeshTerm":"Albumin-Bound Paclitaxel"
              },{
                "InterventionMeshId":"D000000906",
                "InterventionMeshTerm":"Antibodies"
              }
            ]
          },
          "InterventionAncestorList":{
            "InterventionAncestor":[
              {
                "InterventionAncestorId":"D000000972",
                "InterventionAncestorTerm":"Antineoplastic Agents, Phytogenic"
              },{
                "InterventionAncestorId":"D000000970",
                "InterventionAncestorTerm":"Antineoplastic Agents"
              },{
                "InterventionAncestorId":"D000050257",
                "InterventionAncestorTerm":"Tubulin Modulators"
              },{
                "InterventionAncestorId":"D000050256",
                "InterventionAncestorTerm":"Antimitotic Agents"
              },{
                "InterventionAncestorId":"D000050258",
                "InterventionAncestorTerm":"Mitosis Modulators"
              },{
                "InterventionAncestorId":"D000045504",
                "InterventionAncestorTerm":"Molecular Mechanisms of Pharmacological Action"
              },{
                "InterventionAncestorId":"D000007155",
                "InterventionAncestorTerm":"Immunologic Factors"
              },{
                "InterventionAncestorId":"D000045505",
                "InterventionAncestorTerm":"Physiological Effects of Drugs"
              }
            ]
          },
          "InterventionBrowseLeafList":{
            "InterventionBrowseLeaf":[
              {
                "InterventionBrowseLeafId":"M4765",
                "InterventionBrowseLeafName":"Cisplatin",
                "InterventionBrowseLeafRelevance":"low"
              },{
                "InterventionBrowseLeafId":"M18120",
                "InterventionBrowseLeafName":"Paclitaxel",
                "InterventionBrowseLeafAsFound":"Oxycodone",
                "InterventionBrowseLeafRelevance":"high"
              },{
                "InterventionBrowseLeafId":"M231",
                "InterventionBrowseLeafName":"Albumin-Bound Paclitaxel",
                "InterventionBrowseLeafAsFound":"Oxycodone",
                "InterventionBrowseLeafRelevance":"high"
              },{
                "InterventionBrowseLeafId":"M2806",
                "InterventionBrowseLeafName":"Antibodies",
                "InterventionBrowseLeafAsFound":"Sessions",
                "InterventionBrowseLeafRelevance":"high"
              },{
                "InterventionBrowseLeafId":"M8767",
                "InterventionBrowseLeafName":"Immunoglobulins",
                "InterventionBrowseLeafRelevance":"low"
              },{
                "InterventionBrowseLeafId":"M24784",
                "InterventionBrowseLeafName":"Tubulin Modulators",
                "InterventionBrowseLeafRelevance":"low"
              },{
                "InterventionBrowseLeafId":"M24783",
                "InterventionBrowseLeafName":"Antimitotic Agents",
                "InterventionBrowseLeafRelevance":"low"
              },{
                "InterventionBrowseLeafId":"M8784",
                "InterventionBrowseLeafName":"Immunologic Factors",
                "InterventionBrowseLeafRelevance":"low"
              }
            ]
          },
          "InterventionBrowseBranchList":{
            "InterventionBrowseBranch":[
              {
                "InterventionBrowseBranchAbbrev":"ANeo",
                "InterventionBrowseBranchName":"Antineoplastic Agents"
              },{
                "InterventionBrowseBranchAbbrev":"All",
                "InterventionBrowseBranchName":"All Drugs and Chemicals"
              }
            ]
          }
        }
      }
    }
  }
}

