{
  "FullStudy":{
    "Rank":2098,
    "Study":{
      "ProtocolSection":{
        "IdentificationModule":{
          "NCTId":"NCT04822662",
          "OrgStudyIdInfo":{
            "OrgStudyId":"KaratayUh01"
          },
          "Organization":{
            "OrgFullName":"KTO Karatay University",
            "OrgClass":"OTHER"
          },
          "BriefTitle":"The Individual and Family Self Management Theory Based Epilepsy Education Program's Effectiveness",
          "OfficialTitle":"The Effectiveness of The Education Program Based on The Individual and Family Self Management Theory Given For Epilepsy Adolescents and Parents: Randomized Controlled Trial"
        },
        "StatusModule":{
          "StatusVerifiedDate":"March 2021",
          "OverallStatus":"Recruiting",
          "ExpandedAccessInfo":{
            "HasExpandedAccess":"No"
          },
          "StartDateStruct":{
            "StartDate":"March 11, 2021",
            "StartDateType":"Actual"
          },
          "PrimaryCompletionDateStruct":{
            "PrimaryCompletionDate":"November 11, 2021",
            "PrimaryCompletionDateType":"Anticipated"
          },
          "CompletionDateStruct":{
            "CompletionDate":"March 11, 2022",
            "CompletionDateType":"Anticipated"
          },
          "StudyFirstSubmitDate":"March 25, 2021",
          "StudyFirstSubmitQCDate":"March 26, 2021",
          "StudyFirstPostDateStruct":{
            "StudyFirstPostDate":"March 30, 2021",
            "StudyFirstPostDateType":"Actual"
          },
          "LastUpdateSubmitDate":"March 26, 2021",
          "LastUpdatePostDateStruct":{
            "LastUpdatePostDate":"March 30, 2021",
            "LastUpdatePostDateType":"Actual"
          }
        },
        "SponsorCollaboratorsModule":{
          "ResponsibleParty":{
            "ResponsiblePartyType":"Principal Investigator",
            "ResponsiblePartyInvestigatorFullName":"Hilal Kurt",
            "ResponsiblePartyInvestigatorTitle":"Lecturer",
            "ResponsiblePartyInvestigatorAffiliation":"KTO Karatay University"
          },
          "LeadSponsor":{
            "LeadSponsorName":"KTO Karatay University",
            "LeadSponsorClass":"OTHER"
          }
        },
        "OversightModule":{
          "OversightHasDMC":"No",
          "IsFDARegulatedDrug":"No",
          "IsFDARegulatedDevice":"No"
        },
        "DescriptionModule":{
          "BriefSummary":"The aim of the study; to determine the effect of education program given to adolescents diagnosed with epilepsy and their parents based on Ryan and Sawin's individual and family self-management theory, on adolescents 'attitudes towards disease, self-efficacy, quality of life and parents' nurse-parent support levels.",
          "DetailedDescription":"In addition to the expected effects of epilepsy on children, the course of the disease and the course of the child's life will change as the duration of life with the disease increases. In epilepsy, it is necessary to develop self-management behaviors in order to facilitate adaptation to the disease, to encourage seizure control and to increase the quality of life. Regular repetition of the trainings created within the framework of a certain plan to improve self-management behaviors is one of the recommended steps to strengthen the individual with chronic disease in the disease process. This randomized controlled study including aged 12-18 adolescents with a diagnosis of epilepsy, monotherapy, mental retardation without cerebral palsy, and no secondary disease and their parents. However, there isn't enough published research examining the effect of education program given to adolescents diagnosed with epilepsy and their parents based on Ryan and Sawin's individual and family self-management theory, on adolescents 'attitudes towards disease, self-efficacy, quality of life and parents' nurse-parent support levels."
        },
        "ConditionsModule":{
          "ConditionList":{
            "Condition":[
              "Self Management",
              "Epilepsy; Seizure",
              "Quality of Life"
            ]
          },
          "KeywordList":{
            "Keyword":[
              "Epilepsy",
              "Self-Management",
              "Chronic Disease",
              "Adolescent",
              "Education"
            ]
          }
        },
        "DesignModule":{
          "StudyType":"Interventional",
          "PhaseList":{
            "Phase":[
              "Not Applicable"
            ]
          },
          "DesignInfo":{
            "DesignAllocation":"Randomized",
            "DesignInterventionModel":"Parallel Assignment",
            "DesignInterventionModelDescription":"In this study, stratified sampling was employed based on age and sex. Two strata, [12-14 age, girl] and [15-18 age, boy], were generated to ensure even distribution in terms of age and sex in each group. First, thirty-six adolescent were stratified into two groups (A and B), which were then stratified again into two: [12-14 age, girl] and [15-18 age, boy]. A scheme was developed to randomize the age and sex of [12-14, girl] and [15-18 age, boy] into two groups (A and B), resulting in the experimental and control groups stratified by the age and sex and blocked into paired-groups of (2:2/[12-14 age, girl]:[15-18 age, boy]). Permutation was also used to strike a balance between the strata. Block sets were generated for each combination of the prognostic factors (age and sex). The experimental and control groups were then randomized into the strata using a random numbers table.",
            "DesignPrimaryPurpose":"Supportive Care",
            "DesignMaskingInfo":{
              "DesignMasking":"Single",
              "DesignMaskingDescription":"Single Blinded (Participant, Outcomes Assessor)",
              "DesignWhoMaskedList":{
                "DesignWhoMasked":[
                  "Participant"
                ]
              }
            }
          },
          "EnrollmentInfo":{
            "EnrollmentCount":"36",
            "EnrollmentType":"Anticipated"
          }
        },
        "ArmsInterventionsModule":{
          "ArmGroupList":{
            "ArmGroup":[
              {
                "ArmGroupLabel":"Experimental Group: Epilepsy education program",
                "ArmGroupType":"Experimental",
                "ArmGroupDescription":"The training prepared for epilepsy will be held in 3 main modules and 5 sessions with two weeks intervals. Each session will last 25 minutes. Trainings will be given to adolescents and their parents online.",
                "ArmGroupInterventionList":{
                  "ArmGroupInterventionName":[
                    "Behavioral: Epilepsy Education Programme"
                  ]
                }
              },{
                "ArmGroupLabel":"Control Group",
                "ArmGroupType":"No Intervention",
                "ArmGroupDescription":"The control group will receive standard epilepsy treatment without any training intervention. The group did not receive any other intervention."
              }
            ]
          },
          "InterventionList":{
            "Intervention":[
              {
                "InterventionType":"Behavioral",
                "InterventionName":"Epilepsy Education Programme",
                "InterventionDescription":"Firstly the Child Introduction Form and Parent Information Form were applied. Then the Child's Attitude Towards Self-Disease Scale, Seizure Self-Efficacy Scale for Children, Quality of Life Scale for Children were filled to children. Nurse-Parent Support Scale were applied to the parents in the Pretest and Post Test data.",
                "InterventionArmGroupLabelList":{
                  "InterventionArmGroupLabel":[
                    "Experimental Group: Epilepsy education program"
                  ]
                }
              }
            ]
          }
        },
        "OutcomesModule":{
          "PrimaryOutcomeList":{
            "PrimaryOutcome":[
              {
                "PrimaryOutcomeMeasure":"Child Introduction Form",
                "PrimaryOutcomeDescription":"The form consists of 15 questions that question the content dimension (risk factors specific to the disease, factors specific to the physical and social environment, individual and familial factors) and the process dimension concepts (disease-specific knowledge and beliefs, self-regulation, social facilitation).",
                "PrimaryOutcomeTimeFrame":"First measurement - Before education programme (1st week)"
              },{
                "PrimaryOutcomeMeasure":"Development of the Child Attitude Toward Illness Scale",
                "PrimaryOutcomeDescription":"Child Attitude Toward Illness Scale was developed by Austin (1993) to measure the attitudes of children with chronic diseases towards their disease. The validity and reliability of the 13-item single-dimension scale was conducted by Ersun and Bolisik (2012) with children aged 9-17 years with epilepsy.\n\nThe average score that can be obtained from the scale varies between 1 and 5. The average score of 1 and 2 indicates negative attitude, 3 indicates neutral attitude, 4 and 5 indicate positive attitude.",
                "PrimaryOutcomeTimeFrame":"First measurement - Before education programme (1st week)"
              },{
                "PrimaryOutcomeMeasure":"Seizure Self-Efficacy Scale for Children",
                "PrimaryOutcomeDescription":"Seizure Self-efficacy Scale for Children was developed by Caplin et al. (2002) and adapted to Turkish by Tutar Güven and İşler Dalgıç (Tutar Güven and İsler 2015). It was conducted with children aged 9-18 years with epilepsy and the Cronbach's alpha value of the scale was 0.89. The scale consists of a single dimension with a 15-item five-point Likert structure and the scale items are scored between 1-5. indicates that it is.",
                "PrimaryOutcomeTimeFrame":"First measurement - Before education programme (1st week)"
              },{
                "PrimaryOutcomeMeasure":"The Children's Quality of Life Scale",
                "PrimaryOutcomeDescription":"The Children's Quality of Life Scale was developed in 2001 by Varni et al. For adolescents aged 13-18. The internal consistency coefficient of the scale varies between 0.80-0.88. The Turkish validity and reliability study of the scale was conducted by Çakın Memik et al. In 2007 and the internal consistency coefficient was found to be 0.82. PedsQL, which is one of the general quality of life scales, is a quality of life scale suitable for use in both healthy and ill adolescents. It is a five-point Likert-type scale consisting of 23 items that determines the health-related quality of life of adolescents aged 13-18.",
                "PrimaryOutcomeTimeFrame":"First measurement - Before education programme (1st week)"
              },{
                "PrimaryOutcomeMeasure":"Parents Information Form",
                "PrimaryOutcomeDescription":"This form was prepared by the researchers in line with the literature. In the form, the individual and self management theory consists of 15 questions regarding the concepts of content and process dimension.",
                "PrimaryOutcomeTimeFrame":"First measurement - Before education programme (1st week)"
              },{
                "PrimaryOutcomeMeasure":"Nurse-Parent Support Scale",
                "PrimaryOutcomeDescription":"The Nurse Parent Support Scale, developed by Miles et al. (1999) and tested by Yigit et al in 2017, consists of 21 items in a five-point likert structure. There is no reverse item in the scale that measures perceived nurse support by parents. The scale consists of four sub-dimensions. The scale consists of four sub-dimensions. These; It consists of 21 items in total: \"Information and Communication Support\", \"Emotional Support\", \"Respect Support\", \"Quality Care\".",
                "PrimaryOutcomeTimeFrame":"First measurement - Before education programme (1st week)"
              }
            ]
          },
          "SecondaryOutcomeList":{
            "SecondaryOutcome":[
              {
                "SecondaryOutcomeMeasure":"Development of the Child Attitude Toward Illness Scale",
                "SecondaryOutcomeDescription":"Development of the Child Attitude Toward Illness Scale was developed by Austin (1993) to measure the attitudes of children with chronic diseases towards their disease. The validity and reliability of the 13-item single-dimension scale was conducted by Ersun and Bolisik (2012) with children aged 9-17 years with epilepsy.\n\nThe average score that can be obtained from the scale varies between 1 and 5. The average score of 1 and 2 indicates negative attitude, 3 indicates neutral attitude, 4 and 5 indicate positive attitude.",
                "SecondaryOutcomeTimeFrame":"Second measurement - After education programme (10th week)"
              },{
                "SecondaryOutcomeMeasure":"Seizure Self-Efficacy Scale for Children",
                "SecondaryOutcomeDescription":"Seizure Self-efficacy Scale for Children was developed by Caplin et al. (2002) and adapted to Turkish by Tutar Güven and İşler Dalgıç (Tutar Güven and İsler 2015). It was conducted with children aged 9-18 years with epilepsy and the Cronbach's alpha value of the scale was 0.89. The scale consists of a single dimension with a 15-item five-point Likert structure and the scale items are scored between 1-5. indicates that it is.",
                "SecondaryOutcomeTimeFrame":"Second measurement - After education programme (10th week)"
              },{
                "SecondaryOutcomeMeasure":"The Children's Quality of Life Scale",
                "SecondaryOutcomeDescription":"The Children's Quality of Life Scale was developed in 2001 by Varni et al. For adolescents aged 13-18. The internal consistency coefficient of the scale varies between 0.80-0.88. The Turkish validity and reliability study of the scale was conducted by Çakın Memik et al. In 2007 and the internal consistency coefficient was found to be 0.82. PedsQL, which is one of the general quality of life scales, is a quality of life scale suitable for use in both healthy and ill adolescents. It is a five-point Likert-type scale consisting of 23 items that determines the health-related quality of life of adolescents aged 13-18.",
                "SecondaryOutcomeTimeFrame":"Second measurement - After education programme (10th week)"
              },{
                "SecondaryOutcomeMeasure":"Nurse-Parent Support Scale",
                "SecondaryOutcomeDescription":"The Nurse Parent Support Scale, developed by Miles et al. (1999) and tested by Yigit et al in 2017, consists of 21 items in a five-point likert structure. There is no reverse item in the scale that measures perceived nurse support by parents. The scale consists of four sub-dimensions. The scale consists of four sub-dimensions. These; It consists of 21 items in total: \"Information and Communication Support\", \"Emotional Support\", \"Respect Support\", \"Quality Care\".",
                "SecondaryOutcomeTimeFrame":"Second measurement - After education programme (10th week)"
              }
            ]
          }
        },
        "EligibilityModule":{
          "EligibilityCriteria":"Inclusion Criteria:\n\nHaving a diagnosis of epilepsy for at least 6 months,\nBeing in the age range of 12-18 years,\nCerebral palsy, attention deficit, lack of mental retardation, except for a different physical or epilepsy,\nReceiving monotherapy treatment for epilepsy\nTo be able to communicate in Turkish\n\nExclusion Criteria:\n\nCerebral palsy, attention deficit, mental retardation other than epilepsy,\nPatients who are over the age of 18 or who switch to an adult care program,\nNot being open to communication and cooperation, not taking polytherapy\nAdolescents not continuing the monitoring phase or wanting to stop working at any stage,\nPrior history of seizures due to screen exposure",
          "HealthyVolunteers":"No",
          "Gender":"All",
          "MinimumAge":"12 Years",
          "MaximumAge":"18 Years",
          "StdAgeList":{
            "StdAge":[
              "Child",
              "Adult"
            ]
          }
        },
        "ContactsLocationsModule":{
          "CentralContactList":{
            "CentralContact":[
              {
                "CentralContactName":"Hilal KURT SEZER, Master",
                "CentralContactRole":"Contact",
                "CentralContactPhone":"+9 4441251",
                "CentralContactPhoneExt":"7601",
                "CentralContactEMail":"hilal.kurt@karatay.edu.tr"
              },{
                "CentralContactName":"Sibel KUCUKOGLU, Assoch Prof",
                "CentralContactRole":"Contact",
                "CentralContactPhone":"+903322410110",
                "CentralContactPhoneExt":"30789",
                "CentralContactEMail":"sibel.kucukoglu@selcuk.edu.tr"
              }
            ]
          },
          "OverallOfficialList":{
            "OverallOfficial":[
              {
                "OverallOfficialName":"Hilal Kurt Sezer, Master",
                "OverallOfficialAffiliation":"KTO Karatay University",
                "OverallOfficialRole":"Principal Investigator"
              },{
                "OverallOfficialName":"Sibel KUCUKOGLU, Assoch prof",
                "OverallOfficialAffiliation":"Selcuk University",
                "OverallOfficialRole":"Study Director"
              },{
                "OverallOfficialName":"Abdullah Canbal, Dr",
                "OverallOfficialAffiliation":"Necmettin Erbakan University",
                "OverallOfficialRole":"Study Director"
              }
            ]
          },
          "LocationList":{
            "Location":[
              {
                "LocationFacility":"Necmettin Erbakan University",
                "LocationStatus":"Recruiting",
                "LocationCity":"Konya",
                "LocationState":"Meram",
                "LocationZip":"42090",
                "LocationCountry":"Turkey",
                "LocationContactList":{
                  "LocationContact":[
                    {
                      "LocationContactName":"Hilal Kurt Sezer, Master",
                      "LocationContactRole":"Contact",
                      "LocationContactPhone":"+94441251",
                      "LocationContactPhoneExt":"7601",
                      "LocationContactEMail":"hilal.kurt@karatay.edu.tr"
                    },{
                      "LocationContactName":"Sibel Kucukoglu, Assoch Prof",
                      "LocationContactRole":"Contact",
                      "LocationContactPhone":"+903322410041",
                      "LocationContactEMail":"s_nadaroglu@hotmail.com"
                    }
                  ]
                }
              }
            ]
          }
        },
        "ReferencesModule":{
          "ReferenceList":{
            "Reference":[
              {
                "ReferencePMID":"8410570",
                "ReferenceType":"result",
                "ReferenceCitation":"Austin JK, Huberty TJ. Development of the Child Attitude Toward Illness Scale. J Pediatr Psychol. 1993 Aug;18(4):467-80."
              },{
                "ReferencePMID":"28360675",
                "ReferenceType":"result",
                "ReferenceCitation":"Tutar Güven Ş, Işler A. Validity and Reliability of the Seizure Self-Efficacy Scale for Children with Epilepsy. Noro Psikiyatr Ars. 2015 Mar;52(1):47-53. doi: 10.5152/npa.2015.7399. Epub 2015 Mar 1."
              },{
                "ReferencePMID":"11468499",
                "ReferenceType":"result",
                "ReferenceCitation":"Varni JW, Seid M, Kurtin PS. PedsQL 4.0: reliability and validity of the Pediatric Quality of Life Inventory version 4.0 generic core scales in healthy and patient populations. Med Care. 2001 Aug;39(8):800-12."
              },{
                "ReferencePMID":"10063248",
                "ReferenceType":"result",
                "ReferenceCitation":"Miles MS, Carlson J, Brunssen S. The nurse parent support tool. J Pediatr Nurs. 1999 Feb;14(1):44-50."
              },{
                "ReferenceType":"result",
                "ReferenceCitation":"Caplin D, Austin JK, Dunn DW, Shen J, Perkins S. Development of a self-efficacy scale for children and adolescents with epilepsy. Children's Health Care. 2002; 31(4): 295-309."
              },{
                "ReferenceType":"result",
                "ReferenceCitation":"Ersun A, Bolışık B. VALIDITY AND RELIABILITY OF THE TURKISH ADAPTATION OF THE CHILD ATTITUDE TOWARD ILLNESS SCALE. EGEHFD. 2012; 28:37-45."
              }
            ]
          }
        },
        "IPDSharingStatementModule":{
          "IPDSharing":"No",
          "IPDSharingDescription":"It will be shared after the article is published."
        }
      },
      "DerivedSection":{
        "MiscInfoModule":{
          "VersionHolder":"April 19, 2021"
        },
        "ConditionBrowseModule":{
          "ConditionMeshList":{
            "ConditionMesh":[
              {
                "ConditionMeshId":"D000004827",
                "ConditionMeshTerm":"Epilepsy"
              },{
                "ConditionMeshId":"D000012640",
                "ConditionMeshTerm":"Seizures"
              }
            ]
          },
          "ConditionAncestorList":{
            "ConditionAncestor":[
              {
                "ConditionAncestorId":"D000001927",
                "ConditionAncestorTerm":"Brain Diseases"
              },{
                "ConditionAncestorId":"D000002493",
                "ConditionAncestorTerm":"Central Nervous System Diseases"
              },{
                "ConditionAncestorId":"D000009422",
                "ConditionAncestorTerm":"Nervous System Diseases"
              },{
                "ConditionAncestorId":"D000009461",
                "ConditionAncestorTerm":"Neurologic Manifestations"
              }
            ]
          },
          "ConditionBrowseLeafList":{
            "ConditionBrowseLeaf":[
              {
                "ConditionBrowseLeafId":"M4730",
                "ConditionBrowseLeafName":"Chronic Disease",
                "ConditionBrowseLeafRelevance":"low"
              },{
                "ConditionBrowseLeafId":"M6566",
                "ConditionBrowseLeafName":"Epilepsy",
                "ConditionBrowseLeafAsFound":"Epilepsy",
                "ConditionBrowseLeafRelevance":"high"
              },{
                "ConditionBrowseLeafId":"M14035",
                "ConditionBrowseLeafName":"Seizures",
                "ConditionBrowseLeafAsFound":"Seizures",
                "ConditionBrowseLeafRelevance":"high"
              },{
                "ConditionBrowseLeafId":"M3786",
                "ConditionBrowseLeafName":"Brain Diseases",
                "ConditionBrowseLeafRelevance":"low"
              },{
                "ConditionBrowseLeafId":"M4325",
                "ConditionBrowseLeafName":"Central Nervous System Diseases",
                "ConditionBrowseLeafRelevance":"low"
              },{
                "ConditionBrowseLeafId":"M10987",
                "ConditionBrowseLeafName":"Neurologic Manifestations",
                "ConditionBrowseLeafRelevance":"low"
              },{
                "ConditionBrowseLeafId":"T6034",
                "ConditionBrowseLeafName":"Quality of Life",
                "ConditionBrowseLeafAsFound":"Quality of Life",
                "ConditionBrowseLeafRelevance":"high"
              }
            ]
          },
          "ConditionBrowseBranchList":{
            "ConditionBrowseBranch":[
              {
                "ConditionBrowseBranchAbbrev":"BC23",
                "ConditionBrowseBranchName":"Symptoms and General Pathology"
              },{
                "ConditionBrowseBranchAbbrev":"All",
                "ConditionBrowseBranchName":"All Conditions"
              },{
                "ConditionBrowseBranchAbbrev":"BC10",
                "ConditionBrowseBranchName":"Nervous System Diseases"
              },{
                "ConditionBrowseBranchAbbrev":"BXM",
                "ConditionBrowseBranchName":"Behaviors and Mental Disorders"
              }
            ]
          }
        }
      }
    }
  }
}

