{
  "FullStudy":{
    "Rank":2026,
    "Study":{
      "ProtocolSection":{
        "IdentificationModule":{
          "NCTId":"NCT04823598",
          "OrgStudyIdInfo":{
            "OrgStudyId":"HonHoP"
          },
          "Organization":{
            "OrgFullName":"Istinye University",
            "OrgClass":"OTHER"
          },
          "BriefTitle":"Pushing and Manual Perineal Protection Techniques",
          "OfficialTitle":"The Effects of Pushing and Manual Perineal Protection Techniques on Perineal Outcomes: A Randomized Controlled Study"
        },
        "StatusModule":{
          "StatusVerifiedDate":"March 2021",
          "OverallStatus":"Not yet recruiting",
          "ExpandedAccessInfo":{
            "HasExpandedAccess":"No"
          },
          "StartDateStruct":{
            "StartDate":"April 2021",
            "StartDateType":"Anticipated"
          },
          "PrimaryCompletionDateStruct":{
            "PrimaryCompletionDate":"May 2021",
            "PrimaryCompletionDateType":"Anticipated"
          },
          "CompletionDateStruct":{
            "CompletionDate":"May 2021",
            "CompletionDateType":"Anticipated"
          },
          "StudyFirstSubmitDate":"March 25, 2021",
          "StudyFirstSubmitQCDate":"March 28, 2021",
          "StudyFirstPostDateStruct":{
            "StudyFirstPostDate":"April 1, 2021",
            "StudyFirstPostDateType":"Actual"
          },
          "LastUpdateSubmitDate":"March 28, 2021",
          "LastUpdatePostDateStruct":{
            "LastUpdatePostDate":"April 1, 2021",
            "LastUpdatePostDateType":"Actual"
          }
        },
        "SponsorCollaboratorsModule":{
          "ResponsibleParty":{
            "ResponsiblePartyType":"Principal Investigator",
            "ResponsiblePartyInvestigatorFullName":"Refika Genc Koyuncu",
            "ResponsiblePartyInvestigatorTitle":"assistant professor",
            "ResponsiblePartyInvestigatorAffiliation":"Istinye University"
          },
          "LeadSponsor":{
            "LeadSponsorName":"Istinye University",
            "LeadSponsorClass":"OTHER"
          }
        },
        "OversightModule":{
          "OversightHasDMC":"No",
          "IsFDARegulatedDrug":"No",
          "IsFDARegulatedDevice":"No"
        },
        "DescriptionModule":{
          "BriefSummary":"Perineal trauma during vaginal delivery is very common, especially in countries with a high prevalence of episiotomy. Perineal traumas can range from tears limited to the skin, subcutaneous and vaginal mucosa to severe tears involving the anal sphincter and rectal mucosa. Perineal trauma is associated with short-term morbidities such as bleeding, infection, pain, edema. Besides, it may cause long-term morbidities such as urinary incontinence, fecal incontinence, dyspareunia, a decrease in quality of life, a need for surgery, and psychosocial problems. Moreover, it is associated with an increase in national healthcare costs and malpractice cases. For these reasons, some measures to reduce the frequency of perineal trauma have been discussed for many years. Pushing techniques applied in the second stage of labor and manual perineum protection techniques applied during fetal expulsion are among these. Current data are insufficient to make definitive recommendations. In this study, it was aimed to compare different pushing and perineal protection techniques in the second stage of labor."
        },
        "ConditionsModule":{
          "ConditionList":{
            "Condition":[
              "Perineal Tear",
              "Episiotomy Extended by Laceration",
              "Labor Complication"
            ]
          },
          "KeywordList":{
            "Keyword":[
              "Episiotomy",
              "Obstetric Labor Complications",
              "Perineum"
            ]
          }
        },
        "DesignModule":{
          "StudyType":"Interventional",
          "PhaseList":{
            "Phase":[
              "Not Applicable"
            ]
          },
          "DesignInfo":{
            "DesignAllocation":"Randomized",
            "DesignInterventionModel":"Parallel Assignment",
            "DesignPrimaryPurpose":"Prevention",
            "DesignMaskingInfo":{
              "DesignMasking":"Single",
              "DesignWhoMaskedList":{
                "DesignWhoMasked":[
                  "Care Provider"
                ]
              }
            }
          },
          "EnrollmentInfo":{
            "EnrollmentCount":"160",
            "EnrollmentType":"Anticipated"
          }
        },
        "ArmsInterventionsModule":{
          "ArmGroupList":{
            "ArmGroup":[
              {
                "ArmGroupLabel":"Reference group",
                "ArmGroupType":"Active Comparator",
                "ArmGroupDescription":"Coached pushing and Finnish manual perineal protection",
                "ArmGroupInterventionList":{
                  "ArmGroupInterventionName":[
                    "Procedure: Coached pushing and Finnish manual perineal protection"
                  ]
                }
              },{
                "ArmGroupLabel":"Study group",
                "ArmGroupType":"Experimental",
                "ArmGroupDescription":"Uncoached pushing and Hands-poised perineal protection",
                "ArmGroupInterventionList":{
                  "ArmGroupInterventionName":[
                    "Procedure: Uncoached pushing and Hands-poised perineal protection"
                  ]
                }
              }
            ]
          },
          "InterventionList":{
            "Intervention":[
              {
                "InterventionType":"Procedure",
                "InterventionName":"Coached pushing and Finnish manual perineal protection",
                "InterventionDescription":"Pushing technique: Rest will be encouraged between uterine contractions. With the onset of uterine contraction, women will be instructed to breathe normally. They will then be instructed to take a deep breath and hold (closed-glottis), and push down strongly for as long as possible (up to 10 seconds). After pushing effort, normal breathing will be encouraged, then the same pushing instruction will be repeated again.\n\nFetal expulsion: The expulsion rate of the fetal head will be controlled by light pressure applied on the fetal occiput. Simultaneously, the thumb and index finger of the dominant hand will be used to support the perineum, while the bent middle finger will grasp the baby's chin. Once a good grip is achieved, the investigator slowly assists in the expulsion of the fetal head from the vaginal introitus. When most of the fetal head is out, the perineal ring will be pushed under the baby's chin.",
                "InterventionArmGroupLabelList":{
                  "InterventionArmGroupLabel":[
                    "Reference group"
                  ]
                }
              },{
                "InterventionType":"Procedure",
                "InterventionName":"Uncoached pushing and Hands-poised perineal protection",
                "InterventionDescription":"Women will not be given any instructions regarding straining and breathing, and will be allowed to follow their own pushing impulses. During the expulsion of the fetal head, the hands of the researcher will be kept in the air and ready for the intervention, but pressure will not be applied to the fetal head or perineum unless necessary (fetal hypoxic appearance, strain detection with a risk of spontaneous laceration towards the anus in the midline).",
                "InterventionArmGroupLabelList":{
                  "InterventionArmGroupLabel":[
                    "Study group"
                  ]
                }
              }
            ]
          }
        },
        "OutcomesModule":{
          "PrimaryOutcomeList":{
            "PrimaryOutcome":[
              {
                "PrimaryOutcomeMeasure":"Episiotomy",
                "PrimaryOutcomeDescription":"Episiotomy rates",
                "PrimaryOutcomeTimeFrame":"between the end of the second stage of labor and fetal expulsion"
              },{
                "PrimaryOutcomeMeasure":"Perineal lacerations",
                "PrimaryOutcomeDescription":"Frequency of perineal lacerations according to their severity",
                "PrimaryOutcomeTimeFrame":"between the end of the second stage of labor and fetal expulsion"
              }
            ]
          },
          "SecondaryOutcomeList":{
            "SecondaryOutcome":[
              {
                "SecondaryOutcomeMeasure":"Perineal pain",
                "SecondaryOutcomeDescription":"Average pain score obtained by the Visual Analog Scale",
                "SecondaryOutcomeTimeFrame":"24th hour after birth"
              },{
                "SecondaryOutcomeMeasure":"Maternal birth satisfaction",
                "SecondaryOutcomeDescription":"Average score obtained by the Birth Satisfaction Scale",
                "SecondaryOutcomeTimeFrame":"24th hour after birth"
              },{
                "SecondaryOutcomeMeasure":"Breastfeeding",
                "SecondaryOutcomeDescription":"Average score obtained by the Bristol Breastfeeding Assessment Tool",
                "SecondaryOutcomeTimeFrame":"24th hour after birth"
              },{
                "SecondaryOutcomeMeasure":"Anal incontinence",
                "SecondaryOutcomeDescription":"Mean anal incontinence score obtained by Wexner scale",
                "SecondaryOutcomeTimeFrame":"1th month after birth"
              },{
                "SecondaryOutcomeMeasure":"Pelvic muscle function",
                "SecondaryOutcomeDescription":"Mean scores obtained by the \"PERFECT scheme\" regarding pelvic floor muscle function (total and subscale scores)",
                "SecondaryOutcomeTimeFrame":"1th month after birth"
              }
            ]
          }
        },
        "EligibilityModule":{
          "EligibilityCriteria":"Inclusion Criteria:\n\nNulliparity\n37-40 weeks of gestation\nSingleton pregnancy\nVertex presentation\nRisk-free pregnancy\nEstimated fetal weight 2500-4000 g\nIn the first stage of birth\nAmniotic membranes are intact\nAdequate knowledge of written and spoken Turkish\n\nExclusion Criteria:\n\nCesarean delivery need\nNeed for labor induction\nNeed for operative delivery (vacuum, forceps)\nNeed for obstetric analgesia\nKristaller maneuver\nPerineal preparation during pregnancy (perineal massage in the last month of pregnancy, etc.)\nVulvo-vaginal infection\nVulvar severe varicose veins\nPostpartum atony\nNon-compliance with research follow-up criteria\nCovid-19 positivity\nNon-compliance with the procedure of the group involved\nNeuropsychiatric and other diseases that cause understanding, speech, and expression disorders",
          "HealthyVolunteers":"Accepts Healthy Volunteers",
          "Gender":"Female",
          "GenderBased":"Yes",
          "GenderDescription":"Nulliparous pregnant women in the first stage of labor will be included in the study.",
          "MinimumAge":"18 Years",
          "MaximumAge":"35 Years",
          "StdAgeList":{
            "StdAge":[
              "Adult"
            ]
          }
        },
        "ContactsLocationsModule":{
          "CentralContactList":{
            "CentralContact":[
              {
                "CentralContactName":"Refika Genç Koyucu, Assit.Prof.",
                "CentralContactRole":"Contact",
                "CentralContactPhone":"+905303149679",
                "CentralContactEMail":"refika_genc@hotmail.com"
              },{
                "CentralContactName":"Fatma Ketenci Gencer, Oby/Gyn",
                "CentralContactRole":"Contact",
                "CentralContactPhone":"+90 541 6116469",
                "CentralContactEMail":"fathma_k@hotmail.com"
              }
            ]
          }
        },
        "IPDSharingStatementModule":{
          "IPDSharing":"Undecided"
        }
      },
      "DerivedSection":{
        "MiscInfoModule":{
          "VersionHolder":"April 19, 2021"
        },
        "ConditionBrowseModule":{
          "ConditionMeshList":{
            "ConditionMesh":[
              {
                "ConditionMeshId":"D000007744",
                "ConditionMeshTerm":"Obstetric Labor Complications"
              },{
                "ConditionMeshId":"D000022125",
                "ConditionMeshTerm":"Lacerations"
              }
            ]
          },
          "ConditionAncestorList":{
            "ConditionAncestor":[
              {
                "ConditionAncestorId":"D000014947",
                "ConditionAncestorTerm":"Wounds and Injuries"
              },{
                "ConditionAncestorId":"D000011248",
                "ConditionAncestorTerm":"Pregnancy Complications"
              }
            ]
          },
          "ConditionBrowseLeafList":{
            "ConditionBrowseLeaf":[
              {
                "ConditionBrowseLeafId":"M9347",
                "ConditionBrowseLeafName":"Obstetric Labor Complications",
                "ConditionBrowseLeafAsFound":"Labor Complications",
                "ConditionBrowseLeafRelevance":"high"
              },{
                "ConditionBrowseLeafId":"M21369",
                "ConditionBrowseLeafName":"Lacerations",
                "ConditionBrowseLeafAsFound":"Laceration",
                "ConditionBrowseLeafRelevance":"high"
              },{
                "ConditionBrowseLeafId":"M13824",
                "ConditionBrowseLeafName":"Rupture",
                "ConditionBrowseLeafRelevance":"low"
              },{
                "ConditionBrowseLeafId":"M16268",
                "ConditionBrowseLeafName":"Wounds and Injuries",
                "ConditionBrowseLeafRelevance":"low"
              },{
                "ConditionBrowseLeafId":"M12710",
                "ConditionBrowseLeafName":"Pregnancy Complications",
                "ConditionBrowseLeafRelevance":"low"
              }
            ]
          },
          "ConditionBrowseBranchList":{
            "ConditionBrowseBranch":[
              {
                "ConditionBrowseBranchAbbrev":"BXS",
                "ConditionBrowseBranchName":"Urinary Tract, Sexual Organs, and Pregnancy Conditions"
              },{
                "ConditionBrowseBranchAbbrev":"All",
                "ConditionBrowseBranchName":"All Conditions"
              },{
                "ConditionBrowseBranchAbbrev":"BC26",
                "ConditionBrowseBranchName":"Wounds and Injuries"
              }
            ]
          }
        }
      }
    }
  }
}

