{
  "FullStudy":{
    "Rank":2104,
    "Study":{
      "ProtocolSection":{
        "IdentificationModule":{
          "NCTId":"NCT04822584",
          "OrgStudyIdInfo":{
            "OrgStudyId":"CHUBX 2019/21"
          },
          "Organization":{
            "OrgFullName":"University Hospital, Bordeaux",
            "OrgClass":"OTHER"
          },
          "BriefTitle":"Evaluation of Effect and Tolerance of the Association of Baricitinib and Phototherapy Versus Phototherapy in Adults With Progressive Vitiligo",
          "OfficialTitle":"Evaluation of Effect and Tolerance of the Association of Baricitinib (4 mg) and Phototherapy Versus Phototherapy in Adults With Progressive Vitiligo: a Randomized, Double-blind, Prospective, Non-comparative Phase II Study.",
          "Acronym":"BARVIT"
        },
        "StatusModule":{
          "StatusVerifiedDate":"March 2021",
          "OverallStatus":"Not yet recruiting",
          "ExpandedAccessInfo":{
            "HasExpandedAccess":"No"
          },
          "StartDateStruct":{
            "StartDate":"May 1, 2021",
            "StartDateType":"Anticipated"
          },
          "PrimaryCompletionDateStruct":{
            "PrimaryCompletionDate":"November 30, 2023",
            "PrimaryCompletionDateType":"Anticipated"
          },
          "CompletionDateStruct":{
            "CompletionDate":"November 30, 2023",
            "CompletionDateType":"Anticipated"
          },
          "StudyFirstSubmitDate":"March 26, 2021",
          "StudyFirstSubmitQCDate":"March 26, 2021",
          "StudyFirstPostDateStruct":{
            "StudyFirstPostDate":"March 30, 2021",
            "StudyFirstPostDateType":"Actual"
          },
          "LastUpdateSubmitDate":"March 26, 2021",
          "LastUpdatePostDateStruct":{
            "LastUpdatePostDate":"March 30, 2021",
            "LastUpdatePostDateType":"Actual"
          }
        },
        "SponsorCollaboratorsModule":{
          "ResponsibleParty":{
            "ResponsiblePartyType":"Sponsor"
          },
          "LeadSponsor":{
            "LeadSponsorName":"University Hospital, Bordeaux",
            "LeadSponsorClass":"OTHER"
          }
        },
        "OversightModule":{
          "OversightHasDMC":"Yes",
          "IsFDARegulatedDrug":"No",
          "IsFDARegulatedDevice":"No"
        },
        "DescriptionModule":{
          "BriefSummary":"The purpose of this phase 2 study is to evaluate the effect and the safety of the combination of Baricitinib in combination with phototherapy in adult participants with non-segmental progressive vitiligo.",
          "DetailedDescription":"Treatment Strategy: Multicentric, parallel double blind randomized phase 2 prospective study comparing baricitinib (4mg/day) + narrowband UVB TL01 versus placebo + narrowband UVB TL01 Follow-up of the study: patients included in this study will start Baricitinib 3 months before starting narrowband UVB TL01. Phototherapy will be performed twice a week during 6 months. Follow-up visit will be done at week 12, 24, 36 and 48."
        },
        "ConditionsModule":{
          "ConditionList":{
            "Condition":[
              "Vitiligo"
            ]
          },
          "KeywordList":{
            "Keyword":[
              "vitiligo",
              "phototherapy",
              "baricitinib",
              "randomized"
            ]
          }
        },
        "DesignModule":{
          "StudyType":"Interventional",
          "PhaseList":{
            "Phase":[
              "Phase 2"
            ]
          },
          "DesignInfo":{
            "DesignAllocation":"Randomized",
            "DesignInterventionModel":"Parallel Assignment",
            "DesignInterventionModelDescription":"This is a multicenter, randomized, non-comparative, phase II proof-of-concept trial involved patients with progressive vitiligo and uses one of the most common regimens in this phase of study. Assessment of the experimental treatment efficacy will be estimated only on the results obtained in the experimental treatment arm (baricitinib 4 mg/day + narrowband UVB TL01 arm).",
            "DesignPrimaryPurpose":"Treatment",
            "DesignMaskingInfo":{
              "DesignMasking":"Double",
              "DesignMaskingDescription":"This is a double-blind study. To preserve the blinding of the study, a minimum number of sponsor personnel will see the randomization table and treatment assignments before the study is complete.\n\nAll study assessments will be performed by study personnel who are blinded to the patient's treatment group.\n\nExcept in clinical circumstances where unblinding is required, the patients, investigators, sponsor study team, and any personnel interacting directly with patients or investigative sites will remain blinded to baricitinib and placebo assignment until after completion of the Double-Blinded Treatment Period.",
              "DesignWhoMaskedList":{
                "DesignWhoMasked":[
                  "Participant",
                  "Investigator"
                ]
              }
            }
          },
          "EnrollmentInfo":{
            "EnrollmentCount":"48",
            "EnrollmentType":"Anticipated"
          }
        },
        "ArmsInterventionsModule":{
          "ArmGroupList":{
            "ArmGroup":[
              {
                "ArmGroupLabel":"Phototherapy associated with active treatment",
                "ArmGroupType":"Experimental",
                "ArmGroupDescription":"Baricitinib 4 mg/day orally for 36 weeks + UVB TL01: 2 times a week during 24 weeks.\n\n(Phototherapy will be started 12 weeks after the beginning of baricitinib)",
                "ArmGroupInterventionList":{
                  "ArmGroupInterventionName":[
                    "Drug: Baricitinib Oral Product"
                  ]
                }
              },{
                "ArmGroupLabel":"Phototherapy associated with placebo",
                "ArmGroupType":"Placebo Comparator",
                "ArmGroupDescription":"Placebo once a day orally for 36 weeks + UVB TL01: 2 times a week during 24 weeks.\n\n(Phototherapy will be started 12 weeks after the beginning of placebo of baricitinib).",
                "ArmGroupInterventionList":{
                  "ArmGroupInterventionName":[
                    "Drug: Placebo"
                  ]
                }
              }
            ]
          },
          "InterventionList":{
            "Intervention":[
              {
                "InterventionType":"Drug",
                "InterventionName":"Baricitinib Oral Product",
                "InterventionDescription":"Baricitinib 4 mg/day orally for 36 weeks",
                "InterventionArmGroupLabelList":{
                  "InterventionArmGroupLabel":[
                    "Phototherapy associated with active treatment"
                  ]
                }
              },{
                "InterventionType":"Drug",
                "InterventionName":"Placebo",
                "InterventionDescription":"Placebo once a day orally for 36 weeks",
                "InterventionArmGroupLabelList":{
                  "InterventionArmGroupLabel":[
                    "Phototherapy associated with placebo"
                  ]
                }
              }
            ]
          }
        },
        "OutcomesModule":{
          "PrimaryOutcomeList":{
            "PrimaryOutcome":[
              {
                "PrimaryOutcomeMeasure":"Score with Vitiligo Area Scoring Index (VASI)",
                "PrimaryOutcomeDescription":"The VASI Score is used to assess the severity and extent of Vitilgo. VASI is calculated using a formula that includes contributions from all body regions (possible range, 0-100). The body is divided into 6 separate and mutually exclusive sites (head/neck, hands, upper extremities [excluding hands], trunk, lower extremities [excluding feet], and feet), with percentage of vitiligo involvement estimated in hand units by the same investigator throughout the study.",
                "PrimaryOutcomeTimeFrame":"week 36"
              }
            ]
          },
          "SecondaryOutcomeList":{
            "SecondaryOutcome":[
              {
                "SecondaryOutcomeMeasure":"Score with VASI score",
                "SecondaryOutcomeDescription":"Change in percentage of repigmented Surface area 12 weeks after-inclusion, by using the VASI score at week 12.\n\nThe VASI Score is used to assess the severity and extent of Vitilgo. VASI is calculated using a formula that includes contributions from all body regions (possible range, 0-100). The body is divided into 6 separate and mutually exclusive sites (head/neck, hands, upper extremities [excluding hands], trunk, lower extremities [excluding feet], and feet), with percentage of vitiligo involvement estimated in hand units by the same investigator throughout the study.",
                "SecondaryOutcomeTimeFrame":"week 12"
              },{
                "SecondaryOutcomeMeasure":"Score with VASI score",
                "SecondaryOutcomeDescription":"Change in percentage of repigmented Surface area 24 weeks after-inclusion, by using the VASI score at week 24.\n\nThe VASI Score is used to assess the severity and extent of Vitilgo. VASI is calculated using a formula that includes contributions from all body regions (possible range, 0-100). The body is divided into 6 separate and mutually exclusive sites (head/neck, hands, upper extremities [excluding hands], trunk, lower extremities [excluding feet], and feet), with percentage of vitiligo involvement estimated in hand units by the same investigator throughout the study.",
                "SecondaryOutcomeTimeFrame":"week 24"
              },{
                "SecondaryOutcomeMeasure":"Score with VASI score",
                "SecondaryOutcomeDescription":"Change in percentage of repigmented Surface area 48 weeks after-inclusion, by using the VASI score at week 48.\n\nThe VASI Score is used to assess the severity and extent of Vitilgo. VASI is calculated using a formula that includes contributions from all body regions (possible range, 0-100). The body is divided into 6 separate and mutually exclusive sites (head/neck, hands, upper extremities [excluding hands], trunk, lower extremities [excluding feet], and feet), with percentage of vitiligo involvement estimated in hand units by the same investigator throughout the study.",
                "SecondaryOutcomeTimeFrame":"week 48"
              },{
                "SecondaryOutcomeMeasure":"Evaluation of Face Vitiligo Aera Scoring Index (F-VASI) score",
                "SecondaryOutcomeDescription":"Mean variation in percentage of Face Vitiligo Aera Scoring Index (F-VASI) score between baseline , week 12",
                "SecondaryOutcomeTimeFrame":"week 12"
              },{
                "SecondaryOutcomeMeasure":"Evaluation of Face Vitiligo Aera Scoring Index (F-VASI) score",
                "SecondaryOutcomeDescription":"Mean variation in percentage of Face Vitiligo Aera Scoring Index (F-VASI) score between baseline , week 24",
                "SecondaryOutcomeTimeFrame":"week 24"
              },{
                "SecondaryOutcomeMeasure":"Evaluation of Face Vitiligo Aera Scoring Index (F-VASI) score",
                "SecondaryOutcomeDescription":"Mean variation in percentage of Face Vitiligo Aera Scoring Index (F-VASI) score between baseline , week 36",
                "SecondaryOutcomeTimeFrame":"week 36"
              },{
                "SecondaryOutcomeMeasure":"Evaluation of Face Vitiligo Aera Scoring Index (F-VASI) score",
                "SecondaryOutcomeDescription":"Mean variation in percentage of Face Vitiligo Aera Scoring Index (F-VASI) score between baseline , week 48",
                "SecondaryOutcomeTimeFrame":"week 48"
              },{
                "SecondaryOutcomeMeasure":"Number of Adverse Events (AE) and serious adverse events (SAE), as well as the proportion of discontinuation due to AEs and/or SAEs",
                "SecondaryOutcomeDescription":"AE is defined as any untoward medical occurrence associated with the use of a drug in humans, whether or not considered drug-related, that occurs after a subject provides informed consent. Abnormal laboratory values or test results occurring after informed consent constitute AEs only if they induce clinical signs or symptoms, are considered clinically meaningful, require therapy, or require changes in the study drug.",
                "SecondaryOutcomeTimeFrame":"week 36"
              },{
                "SecondaryOutcomeMeasure":"Evaluation of score Vitiligo European Task Force (VETF)",
                "SecondaryOutcomeDescription":"Variation of the score Vitiligo European Task Force (VETF) The VETF score is used to assess the severity and extent of vitiligo. The VETF assesses 3 dimensions of the disease in 5 areas (Head/neck, hands and feet, trunk, arms, legs) namely 1/ extent: percentage of vitiligo involvement estimated using the rule of nines, 2/ depigmentation severity grading (stage 0: normal pigmentation Stage 1: incomplete pigmentation , stage 2 complete depigmentation, stage 3: partial hair whitening <30% stage 4: complete hair whitening) and 3/ spreading (score O: similar limits, Score 1: progressive vitiligo; score -1: regressive vitiligo).",
                "SecondaryOutcomeTimeFrame":"Week 12"
              },{
                "SecondaryOutcomeMeasure":"Evaluation of score Vitiligo European Task Force (VETF)",
                "SecondaryOutcomeDescription":"Variation of the score Vitiligo European Task Force (VETF) The VETF score is used to assess the severity and extent of vitiligo. The VETF assesses 3 dimensions of the disease in 5 areas (Head/neck, hands and feet, trunk, arms, legs) namely 1/ extent: percentage of vitiligo involvement estimated using the rule of nines, 2/ depigmentation severity grading (stage 0: normal pigmentation Stage 1: incomplete pigmentation , stage 2 complete depigmentation, stage 3: partial hair whitening <30% stage 4: complete hair whitening) and 3/ spreading (score O: similar limits, Score 1: progressive vitiligo; score -1: regressive vitiligo).",
                "SecondaryOutcomeTimeFrame":"Week 24"
              },{
                "SecondaryOutcomeMeasure":"Evaluation of score of the Vitiligo Extent Score (VES)",
                "SecondaryOutcomeDescription":"Variation in percentage of the Vitiligo Extent Score (VES). The VES score is used to assess the severity and extent of vitiligo. Using the VES calculator www.vitiligo-calculator.com, investigator choose the pictures that best represent the patient's skin lesions and then the percentage of depigmented area is calculated.",
                "SecondaryOutcomeTimeFrame":"Week 36"
              },{
                "SecondaryOutcomeMeasure":"Evaluation of score of the Vitiligo Extent Score (VES)",
                "SecondaryOutcomeDescription":"Variation in percentage of the Vitiligo Extent Score (VES). The VES score is used to assess the severity and extent of vitiligo. Using the VES calculator www.vitiligo-calculator.com, investigator choose the pictures that best represent the patient's skin lesions and then the percentage of depigmented area is calculated.",
                "SecondaryOutcomeTimeFrame":"Week 48"
              },{
                "SecondaryOutcomeMeasure":"Evaluation of score of the Vitiligo Signs of Activity Score (VSAS)",
                "SecondaryOutcomeDescription":"Variation in percentage of the Vitiligo Signs of Activity Score (VSAS). The VSAS score is used to assess the activity of the disease. It is assessed by evaluating the number of location with at least one disease sign of activity.",
                "SecondaryOutcomeTimeFrame":"Week 12"
              },{
                "SecondaryOutcomeMeasure":"Evaluation of score of the Vitiligo Signs of Activity Score (VSAS)",
                "SecondaryOutcomeDescription":"Variation in percentage of the Vitiligo Signs of Activity Score (VSAS). The VSAS score is used to assess the activity of the disease. It is assessed by evaluating the number of location with at least one disease sign of activity.",
                "SecondaryOutcomeTimeFrame":"Week 24"
              },{
                "SecondaryOutcomeMeasure":"Evaluation of score of the Vitiligo Signs of Activity Score (VSAS)",
                "SecondaryOutcomeDescription":"Variation in percentage of the Vitiligo Signs of Activity Score (VSAS). The VSAS score is used to assess the activity of the disease. It is assessed by evaluating the number of location with at least one disease sign of activity.",
                "SecondaryOutcomeTimeFrame":"Week 36"
              },{
                "SecondaryOutcomeMeasure":"Evaluation of score of the Vitiligo Signs of Activity Score (VSAS)",
                "SecondaryOutcomeDescription":"Variation in percentage of the Vitiligo Signs of Activity Score (VSAS). The VSAS score is used to assess the activity of the disease. It is assessed by evaluating the number of location with at least one disease sign of activity.",
                "SecondaryOutcomeTimeFrame":"Week 48"
              },{
                "SecondaryOutcomeMeasure":"Evaluation of score of the Dermatology Life Quality Index (DLQI)",
                "SecondaryOutcomeDescription":"Variation of the score of the Dermatology Life Quality Index (DLQI). DLQI is a 10-item instrument, each item scored from 0 to 3 where higher scores correspond to worse symptom impact, full range from 0 to 30.",
                "SecondaryOutcomeTimeFrame":"week 12"
              },{
                "SecondaryOutcomeMeasure":"Evaluation of score of the Dermatology Life Quality Index (DLQI)",
                "SecondaryOutcomeDescription":"Variation of the score of the Dermatology Life Quality Index (DLQI). DLQI is a 10-item instrument, each item scored from 0 to 3 where higher scores correspond to worse symptom impact, full range from 0 to 30.",
                "SecondaryOutcomeTimeFrame":"week 24"
              },{
                "SecondaryOutcomeMeasure":"Evaluation of score of the Dermatology Life Quality Index (DLQI)",
                "SecondaryOutcomeDescription":"Variation of the score of the Dermatology Life Quality Index (DLQI). DLQI is a 10-item instrument, each item scored from 0 to 3 where higher scores correspond to worse symptom impact, full range from 0 to 30.",
                "SecondaryOutcomeTimeFrame":"week 36"
              },{
                "SecondaryOutcomeMeasure":"Evaluation of score of the Dermatology Life Quality Index (DLQI)",
                "SecondaryOutcomeDescription":"Variation of the score of the Dermatology Life Quality Index (DLQI). DLQI is a 10-item instrument, each item scored from 0 to 3 where higher scores correspond to worse symptom impact, full range from 0 to 30.",
                "SecondaryOutcomeTimeFrame":"week 48"
              },{
                "SecondaryOutcomeMeasure":"Evaluation of the score of the Skindex 29",
                "SecondaryOutcomeDescription":"Variation of the score of the Skindex 29. SkinDex29 is a 30-item instrument, each item scored from 1 to 5 where higher scores correspond to worse symptom impact, full range from 0 to 150.",
                "SecondaryOutcomeTimeFrame":"Week 12"
              },{
                "SecondaryOutcomeMeasure":"Evaluation of the score of the Skindex 29",
                "SecondaryOutcomeDescription":"Variation of the score of the Skindex 29. SkinDex29 is a 30-item instrument, each item scored from 1 to 5 where higher scores correspond to worse symptom impact, full range from 0 to 150.",
                "SecondaryOutcomeTimeFrame":"Week 24"
              },{
                "SecondaryOutcomeMeasure":"Evaluation of the score of the Skindex 29",
                "SecondaryOutcomeDescription":"Variation of the score of the Skindex 29. SkinDex29 is a 30-item instrument, each item scored from 1 to 5 where higher scores correspond to worse symptom impact, full range from 0 to 150.",
                "SecondaryOutcomeTimeFrame":"Week 36"
              },{
                "SecondaryOutcomeMeasure":"Evaluation of the score of the Skindex 29",
                "SecondaryOutcomeDescription":"Variation of the score of the Skindex 29. SkinDex29 is a 30-item instrument, each item scored from 1 to 5 where higher scores correspond to worse symptom impact, full range from 0 to 150.",
                "SecondaryOutcomeTimeFrame":"Week 48"
              },{
                "SecondaryOutcomeMeasure":"Evaluation of blood inflammatory markers using immunofluorescence on skin biopsies and ELISA multiplex.",
                "SecondaryOutcomeDescription":"Expression of IFN-α, TNF-α, IFN-γ, IL-4, IL-5, IL-12, IL-13, IL-15, IL-17, IL-22, IL-23, IL-33 CXCL4, CXCL9, CXCL10, CXCL11, CXCL12, CXCL16, CCL20, soluble HSP70.",
                "SecondaryOutcomeTimeFrame":"day 1"
              },{
                "SecondaryOutcomeMeasure":"Evaluation of blood inflammatory markers using immunofluorescence on skin biopsies and ELISA multiplex.",
                "SecondaryOutcomeDescription":"Expression of IFN-α, TNF-α, IFN-γ, IL-4, IL-5, IL-12, IL-13, IL-15, IL-17, IL-22, IL-23, IL-33 CXCL4, CXCL9, CXCL10, CXCL11, CXCL12, CXCL16, CCL20, soluble HSP70.",
                "SecondaryOutcomeTimeFrame":"week 12"
              },{
                "SecondaryOutcomeMeasure":"Evaluation of blood inflammatory markers using immunofluorescence on skin biopsies and ELISA multiplex.",
                "SecondaryOutcomeDescription":"Expression of IFN-α, TNF-α, IFN-γ, IL-4, IL-5, IL-12, IL-13, IL-15, IL-17, IL-22, IL-23, IL-33 CXCL4, CXCL9, CXCL10, CXCL11, CXCL12, CXCL16, CCL20, soluble HSP70.",
                "SecondaryOutcomeTimeFrame":"week 36"
              }
            ]
          }
        },
        "EligibilityModule":{
          "EligibilityCriteria":"Inclusion Criteria:\n\nSubject: male or female aged ≥ 18 years and ≤ 75 years\nDiagnosis of non-segmental (symmetrical) vitiligo with a body surface area involved >5% excluding hands and feet\n\nActive non-segmental vitiligo is defined by:\n\nNon-segmental vitiligo with new patches or extension of old lesions during the last 6 months AND\nPresence of hypochromic aspect under Wood's lamp examination and/or perifollicular hypopigmentation under Wood's lamp examination.\nAble to read, understand, and give documented (electronic or paper signature) informed consent\nRegistered in the French Social Security\nAgree to discontinue the use of the following excluded medications/treatments for at least 4 weeks prior to randomization (Visit 2) and throughout the study: systemic steroids, phototherapy, methotrexate, cyclosporine, mycophenolate mofetil, and azathioprine.\n\nAgree to discontinue the use of the following excluded medications for at least 2 weeks prior to randomization (Visit 2) and throughout the study:\n\nTCS or topical immune modulators (e.g., tacrolimus or pimecrolimus)\nTopical phosphodiesterase type 4 (PDE-4) inhibitor (crisaborole)\nTopical JAK inhibitor (e.g., tofacitinib or ruxolitinib) and/or any other investigational topical treatments.\nPatient characteristics\n\nAre male or nonpregnant, nonbreastfeeding female patients, except:\n\nMale patients must agree to use 2 forms of birth control (1 must be highly effective, see below) while engaging in sexual intercourse with female partners of childbearing potential while enrolled in the study and for at least 4 weeks following the last dose of investigational product.\n\nFemale patients of childbearing potential must agree to use 2 forms of birth control, when engaging in sexual intercourse with a male partner while enrolled in the study and for at least 4 weeks following the last dose of investigational product.\n\nThe following birth control methods are considered acceptable (the patient should choose 2 to be used with their male partner, and 1 must be highly effective):\n\nHighly effective birth control methods: oral, injectable, or implanted hormonal contraceptives (combined estrogen/progesterone or progesterone only, associated with inhibition of ovulation); intrauterine device or intrauterine system (e.g., progestin-releasing coil); or vasectomized male (with appropriate post vasectomy documentation of the absence of sperm in the ejaculate).\nEffective birth control methods: condom with a spermicidal foam, gel, film, cream, or suppository; occlusive cap (diaphragm or cervical/vault caps) with a spermicidal foam, gel, film, cream, or suppository; or oral hormonal contraceptives.\n\nFemales of nonchildbearing potential are not required to use birth control and they are defined as:\n\nWomen ≥60 years of age or women who are congenitally sterile, or\nWomen ≥40 and <60 years of age who have had a cessation of menses for ≥12 months and a follicle-stimulating hormone (FSH) test confirming nonchildbearing potential (≥40 mIU/mL or ≥40 IU/L), or women who are surgically sterile (i.e., have had a hysterectomy or bilateral oophorectomy or tubal ligation).\nSigned informed consent form (ICF)\n\nExclusion Criteria:\n\nSegmental or mixed vitiligo\nPatients that are currently experiencing or have a history of other concomitant skin conditions (e.g., psoriasis or lupus erythematosus) that would interfere with evaluations of the effect of study medication on vitiligo\nPatients who are currently experiencing a skin infection that requires treatment, or who are currently being treated with topical or systemic antibiotics.\n\nNote: Patients may not be rescreened until at least 4 weeks after the date of their previous screen failure and at least 2 weeks after resolution of the infection.\n\nPatients that have any serious concomitant illness that is anticipated to require the use of systemic corticosteroids or otherwise interfere with study participation or require active frequent monitoring. (e.g., unstable chronic asthma).\n\nPatients that have been treated with the following therapies:\n\nMonoclonal antibody (e.g., ustekinumab, omalizumab, dupilumab) for less than 5 half-lives prior to randomization.\nReceived prior treatment with any oral JAK inhibitor (e.g., tofacitinib,ruxolitinib)\nReceived any systemic corticosteroid administered within 4 weeks prior to planned randomization or are anticipated to require systemic corticosteroids during the study.\nHave had an intra-articular corticosteroid injection within 4 weeks prior to planned randomization.\nHave received more than 250 sessions of UV lights therapies.\nPatients that are largely or wholly incapacitated permitting little or no self-care, such as being bedridden.\nPatients that have uncontrolled arterial hypertension characterized by a repeated systolic blood pressure >160 mm Hg or diastolic blood pressure >100 mm Hg in a seated position.\nPatients that have had any major surgery within 8 weeks prior to screening or that will require major surgery during the study that, in the opinion of the investigator, would pose an unacceptable risk to the patient.\nPatients that are immunocompromised and, in the opinion of the investigator, at an unacceptable risk for participating in the study.\nPatients that have experienced any of the following event within 12 weeks of screening: venous thromboembolic event (VTE), myocardial infarction (MI), unstable ischemic heart disease, stroke, or New York Heart Association Stage III/IV heart failure.\nPatients that have a history of recurrent (≥ 2) VTE or are considered at high risk of VTE as deemed by the investigator.\nPatients that have a history or presence of cardiovascular, respiratory, hepatic, gastrointestinal, endocrine, hematological, neurological, or neuropsychiatric disorders or any other serious and/or unstable illness that, in the opinion of the investigator, could constitute an unacceptable risk when taking investigational product or interfere with the interpretation of data.\n\nPatients that have a history of lymphoproliferative disease; or have signs or symptoms suggestive of possible lymphoproliferative disease, including lymphadenopathy or splenomegaly; or have active primary or recurrent malignant disease; or have been in remission from clinically significant malignancy for less than 5 years :\n\nPatients with cervical carcinoma in situ that has been resected with no evidence of recurrence or metastatic disease for at least 3 years may participate in the study.\nPatients with basal cell or squamous epithelial skin cancers that have been completely resected with no evidence of recurrence for at least 3 years may participate in the study.\nPatients that have a current or recent clinically serious viral, bacterial, fungal, or parasitic infection, including but not limited to the following:\n\nNote: A recent viral upper respiratory tract infection or uncomplicatedurinary tract infection should not be considered clinically serious.\n\nsymptomatic herpes zoster infection within 12 weeks prior to screening.\nhistory of disseminated/complicated herpes zoster (e.g., multidermatomal involvement, ophthalmic zoster, CNS involvement, or post-herpetic neuralgia).\nsymptomatic herpes simplex at the time of randomization.\nactive or chronic viral infection from hepatitis B virus (HBV), hepatitis C virus (HCV), or human immunodeficiency virus (HIV).\nhousehold contact with a person with active tuberculosis (TB) and did not receive appropriate and documented prophylaxis for TB.\nevidence of active TB or have previously had evidence of active TB and did not receive appropriate and documented treatment.\nclinically serious infection or received intravenous antibiotics for an infection, within the past 4 weeks of randomization.\n\nany other active or recent infection within 4 weeks of randomization that, in the opinion of the investigator, would pose an unacceptable risk to the patient if participating in the study.\n\nPatients that have been exposed to a live vaccine within 12 weeks prior to planned randomization or are expected to need/receive a live vaccine during the course of the study (with the exception of herpes zoster vaccination).\n\nNote: Patients eligible for herpes zoster vaccine, who have not received it prior to screening will be encouraged (per local guidelines) to do so prior to randomization; vaccination must occur >4 weeks prior to randomization and start of investigational product. Patients will be excluded if they were exposed to herpes zoster vaccination within 4 weeks of planned randomization.\n\nInvestigators should review the vaccination status of their patients and follow the local guidelines for vaccination of those ≥18 years of age with nonlive vaccines intended to prevent infectious disease prior to entering patients into the study\n\nHave a history of chronic alcohol abuse, IV drug abuse, or other illicit drug abuse within the 2 years prior to screening.\nPresence of significant uncontrolled neuropsychiatric disorder, are clinically judged by the investigator to be at risk for suicide.\nHave donated more than a single unit of blood within 4 weeks prior to screening or intend to donate blood during the course of the study.\n\nOther non inclusion criteria:\n\nAre unable or unwilling to make themselves available for the duration of the study and/or are unwilling to follow study restrictions/procedures.\nAre currently enrolled in any other clinical trial involving an investigational product or any other type of medical research judged not to be scientifically or medically compatible with this study.\nHave participated within the last 30 days in a clinical study involving an investigational product. If the previous investigational product has a long half-life (2 weeks or longer), at least 3 months or 5 half-lives (whichever is longer) should be allowed between the end of the previous treatment and the inclusion.\nHave previously been randomized in this study or any other study investigating baricitinib.\nAre investigator site personnel directly affiliated with this study and/or their immediate families. Immediate family is defined as a spouse, parent, child, or sibling, whether biological or legally adopted.\n\nDiagnostic Assessments\n\nHave screening electrocardiogram (ECG) abnormalities that, in the opinion of the investigator, are clinically significant and indicate an unacceptable risk for the patient's participation in the study.\n\nHave evidence of active TB or latent TB:\n\nhave evidence of active TB, defined in this study as the following:\n\nDocumented by a positive PPD test (≥5 mm induration between approximately 48 and 72 hours after application, regardless of vaccination history), medical history, clinical features, and abnormal chest x-ray at screening.\nThe QuantiFERON®-TB Gold test or T-SPOT®.TB test (as available and if compliant with local TB guidelines) may be used instead of the PPD test. Patients are excluded from the study if the test is not negative and there is clinical evidence of active TB.\n\nException: Patients with a history of active TB who have documented evidence of appropriate treatment, have no history of re-exposure since their treatment was completed, and have a screening chest x-ray with no evidence of active TB may be enrolled if other entry criteria are met. Such patients would not be required to undergo the protocol-specific TB testing for PPD, QuantiFERON®-TB Gold test, or T-SPOT® TB test but must have a chest x-ray at screening.",
          "HealthyVolunteers":"No",
          "Gender":"All",
          "MinimumAge":"18 Years",
          "MaximumAge":"75 Years",
          "StdAgeList":{
            "StdAge":[
              "Adult",
              "Older Adult"
            ]
          }
        },
        "ContactsLocationsModule":{
          "CentralContactList":{
            "CentralContact":[
              {
                "CentralContactName":"Julien Seneschal, MD, PhD",
                "CentralContactRole":"Contact",
                "CentralContactPhone":"+33 (0)5 56 79 49 63",
                "CentralContactEMail":"julien.seneschal@chu-bordeaux.fr"
              }
            ]
          },
          "OverallOfficialList":{
            "OverallOfficial":[
              {
                "OverallOfficialName":"Julien Seneschal, MD, PhD",
                "OverallOfficialAffiliation":"University Hospital, Bordeaux",
                "OverallOfficialRole":"Principal Investigator"
              }
            ]
          },
          "LocationList":{
            "Location":[
              {
                "LocationFacility":"Service de Dermatologie - Hôpital Saint-André",
                "LocationCity":"Bordeaux",
                "LocationZip":"33075",
                "LocationCountry":"France",
                "LocationContactList":{
                  "LocationContact":[
                    {
                      "LocationContactName":"Julien SENESCHAL, MD",
                      "LocationContactRole":"Contact",
                      "LocationContactPhone":"+33 (0)5 56 79 47 05",
                      "LocationContactEMail":"julien.seneschal@chu-bordeaux.fr"
                    },{
                      "LocationContactName":"Julien SENESCHAL, MD",
                      "LocationContactRole":"Principal Investigator"
                    }
                  ]
                }
              },{
                "LocationFacility":"Service de dermatologie - Hôpital Henri Mondor - EA EpiDermE (Epidémiologie en Dermatologie et Evaluation des Thérapeutiques)",
                "LocationCity":"Créteil",
                "LocationZip":"94010",
                "LocationCountry":"France",
                "LocationContactList":{
                  "LocationContact":[
                    {
                      "LocationContactName":"Khaled EZZEDINE, MD, PhD",
                      "LocationContactRole":"Contact",
                      "LocationContactEMail":"khaled.ezzedine@aphp.fr"
                    },{
                      "LocationContactName":"Khaled EZZEDINE, MD, PhD",
                      "LocationContactRole":"Principal Investigator"
                    }
                  ]
                }
              },{
                "LocationFacility":"Centre Hospitalier Universitaire de Nice - Service de Dermatologie",
                "LocationCity":"Nice",
                "LocationZip":"06000",
                "LocationCountry":"France",
                "LocationContactList":{
                  "LocationContact":[
                    {
                      "LocationContactName":"Thierry PASSERON, MD,PhD",
                      "LocationContactRole":"Contact",
                      "LocationContactEMail":"thierry.passeron@chu-bordeaux.fr"
                    },{
                      "LocationContactName":"Thierry PASSERON, MD,PhD",
                      "LocationContactRole":"Principal Investigator"
                    }
                  ]
                }
              },{
                "LocationFacility":"Service de dermatologie Centre de Référence des Maladies Rares de la Peau et des muqueuses d'origine génétique - Hôpital Larrey",
                "LocationCity":"Toulouse",
                "LocationZip":"31059 cedex 9",
                "LocationCountry":"France",
                "LocationContactList":{
                  "LocationContact":[
                    {
                      "LocationContactName":"Juliette MAZEREEUW-HAUTIER, MD, PhD",
                      "LocationContactRole":"Contact",
                      "LocationContactPhone":"+33 5 67 77 81 26",
                      "LocationContactEMail":"mazereeuw.sec@chu-toulouse.fr"
                    },{
                      "LocationContactName":"Juliette MAZEREEUW-HAUTIER, MD, PhD",
                      "LocationContactRole":"Principal Investigator"
                    }
                  ]
                }
              }
            ]
          }
        },
        "IPDSharingStatementModule":{
          "IPDSharing":"No"
        }
      },
      "DerivedSection":{
        "MiscInfoModule":{
          "VersionHolder":"April 19, 2021"
        },
        "ConditionBrowseModule":{
          "ConditionMeshList":{
            "ConditionMesh":[
              {
                "ConditionMeshId":"D000014820",
                "ConditionMeshTerm":"Vitiligo"
              }
            ]
          },
          "ConditionAncestorList":{
            "ConditionAncestor":[
              {
                "ConditionAncestorId":"D000017496",
                "ConditionAncestorTerm":"Hypopigmentation"
              },{
                "ConditionAncestorId":"D000010859",
                "ConditionAncestorTerm":"Pigmentation Disorders"
              },{
                "ConditionAncestorId":"D000012871",
                "ConditionAncestorTerm":"Skin Diseases"
              }
            ]
          },
          "ConditionBrowseLeafList":{
            "ConditionBrowseLeaf":[
              {
                "ConditionBrowseLeafId":"M16146",
                "ConditionBrowseLeafName":"Vitiligo",
                "ConditionBrowseLeafAsFound":"Vitiligo",
                "ConditionBrowseLeafRelevance":"high"
              },{
                "ConditionBrowseLeafId":"M18344",
                "ConditionBrowseLeafName":"Hypopigmentation",
                "ConditionBrowseLeafRelevance":"low"
              },{
                "ConditionBrowseLeafId":"M12337",
                "ConditionBrowseLeafName":"Pigmentation Disorders",
                "ConditionBrowseLeafRelevance":"low"
              },{
                "ConditionBrowseLeafId":"M14257",
                "ConditionBrowseLeafName":"Skin Diseases",
                "ConditionBrowseLeafRelevance":"low"
              }
            ]
          },
          "ConditionBrowseBranchList":{
            "ConditionBrowseBranch":[
              {
                "ConditionBrowseBranchAbbrev":"BC17",
                "ConditionBrowseBranchName":"Skin and Connective Tissue Diseases"
              },{
                "ConditionBrowseBranchAbbrev":"All",
                "ConditionBrowseBranchName":"All Conditions"
              },{
                "ConditionBrowseBranchAbbrev":"BC23",
                "ConditionBrowseBranchName":"Symptoms and General Pathology"
              }
            ]
          }
        }
      }
    }
  }
}

