{
  "FullStudy":{
    "Rank":1990,
    "Study":{
      "ProtocolSection":{
        "IdentificationModule":{
          "NCTId":"NCT04824066",
          "OrgStudyIdInfo":{
            "OrgStudyId":"2020P002984"
          },
          "Organization":{
            "OrgFullName":"Massachusetts General Hospital",
            "OrgClass":"OTHER"
          },
          "BriefTitle":"The Role of Wearable Devices in Cardiothoracic Surgery: Predicting and Detecting Early Postoperative Complications",
          "OfficialTitle":"The Role of Wearable Devices in Cardiothoracic Surgery: Predicting and Detecting Early Postoperative Complications"
        },
        "StatusModule":{
          "StatusVerifiedDate":"March 2021",
          "OverallStatus":"Not yet recruiting",
          "ExpandedAccessInfo":{
            "HasExpandedAccess":"No"
          },
          "StartDateStruct":{
            "StartDate":"April 1, 2021",
            "StartDateType":"Anticipated"
          },
          "PrimaryCompletionDateStruct":{
            "PrimaryCompletionDate":"January 1, 2025",
            "PrimaryCompletionDateType":"Anticipated"
          },
          "CompletionDateStruct":{
            "CompletionDate":"June 30, 2026",
            "CompletionDateType":"Anticipated"
          },
          "StudyFirstSubmitDate":"March 11, 2021",
          "StudyFirstSubmitQCDate":"March 26, 2021",
          "StudyFirstPostDateStruct":{
            "StudyFirstPostDate":"April 1, 2021",
            "StudyFirstPostDateType":"Actual"
          },
          "LastUpdateSubmitDate":"March 26, 2021",
          "LastUpdatePostDateStruct":{
            "LastUpdatePostDate":"April 1, 2021",
            "LastUpdatePostDateType":"Actual"
          }
        },
        "SponsorCollaboratorsModule":{
          "ResponsibleParty":{
            "ResponsiblePartyType":"Principal Investigator",
            "ResponsiblePartyInvestigatorFullName":"Chi-Fu Jeffrey Yang",
            "ResponsiblePartyInvestigatorTitle":"MD",
            "ResponsiblePartyInvestigatorAffiliation":"Massachusetts General Hospital"
          },
          "LeadSponsor":{
            "LeadSponsorName":"Massachusetts General Hospital",
            "LeadSponsorClass":"OTHER"
          },
          "CollaboratorList":{
            "Collaborator":[
              {
                "CollaboratorName":"Case Western Reserve University",
                "CollaboratorClass":"OTHER"
              }
            ]
          }
        },
        "OversightModule":{
          "IsFDARegulatedDrug":"No",
          "IsFDARegulatedDevice":"No"
        },
        "DescriptionModule":{
          "BriefSummary":"The overarching goal of this research is to use machine learning analysis of high-resolution data-collected by wearable technology-of cardiothoracic surgical patients to assess recovery and detect complications at their earliest stage",
          "DetailedDescription":"This is a single-center non-randomized prospective cohort study using wearable devices in cardiothoracic surgery patients to detect post-operative complications. Patients undergoing cardiothoracic surgery who meet the inclusion and exclusion criteria will be enrolled consecutively with verbal informed consent from the time this protocol is approved by the IRB until 1000 subjects are enrolled. At ~30 days preoperatively the subjects will have a wearable device (such as a Fitbit) placed on their wrist and will wear the device until ~60 days post-operatively. This device will wirelessly transmit data regarding activity and sleep quality to a smartphone application for the duration of wear and data will be analyzed by our collaborators at Case Western Reserve University."
        },
        "ConditionsModule":{
          "ConditionList":{
            "Condition":[
              "Surgery--Complications"
            ]
          }
        },
        "DesignModule":{
          "StudyType":"Observational",
          "PatientRegistry":"No",
          "DesignInfo":{
            "DesignObservationalModelList":{
              "DesignObservationalModel":[
                "Cohort"
              ]
            },
            "DesignTimePerspectiveList":{
              "DesignTimePerspective":[
                "Prospective"
              ]
            }
          },
          "EnrollmentInfo":{
            "EnrollmentCount":"1000",
            "EnrollmentType":"Anticipated"
          }
        },
        "ArmsInterventionsModule":{
          "ArmGroupList":{
            "ArmGroup":[
              {
                "ArmGroupLabel":"Cardiothoracic Surgery Cohort",
                "ArmGroupDescription":"Adults patients who are scheduled to undergo cardiothoracic surgery and meet the inclusion and exclusion criteria.",
                "ArmGroupInterventionList":{
                  "ArmGroupInterventionName":[
                    "Device: Device: Wearable Device"
                  ]
                }
              }
            ]
          },
          "InterventionList":{
            "Intervention":[
              {
                "InterventionType":"Device",
                "InterventionName":"Device: Wearable Device",
                "InterventionDescription":"A Wearable Device will be placed on the wrist of the patient ~30 days prior to the patient's scheduled surgery, removed during the operation, and replaced for ~60 days post-operatively. The device will record activity in terms of steps, sleep quality, heart rate, etc.",
                "InterventionArmGroupLabelList":{
                  "InterventionArmGroupLabel":[
                    "Cardiothoracic Surgery Cohort"
                  ]
                }
              }
            ]
          }
        },
        "OutcomesModule":{
          "PrimaryOutcomeList":{
            "PrimaryOutcome":[
              {
                "PrimaryOutcomeMeasure":"Specific Aim 1 Outcome: Collect biometrics via wearable technology from cardiothoracic surgery patients at high-risk for the development of early postoperative complications.",
                "PrimaryOutcomeDescription":"Proportion of patients that can provide useable data for machine learning",
                "PrimaryOutcomeTimeFrame":"Four Years"
              },{
                "PrimaryOutcomeMeasure":"Specific Aim 2 Outcome: Create a machine-learning algorithm based on biometric data to retrospectively predict the development of a significant postoperative complication.",
                "PrimaryOutcomeDescription":"Proportion of patients that have post-operative complications that have biometric signatures detected using wearable devices.",
                "PrimaryOutcomeTimeFrame":"Two Years"
              }
            ]
          }
        },
        "EligibilityModule":{
          "EligibilityCriteria":"Inclusion Criteria:\n\nAge 18 years or older undergoing cardiothoracic surgery that is male or a non-pregnant female and are amenable to using one of the wearable devices of interest (Fitbit and iWatch).\nIndividuals willing to provide informed consent and who have capacity for all study procedures\n\nExclusion Criteria:\n\nIndividuals with mental incapacity and/or cognitive impairment that would preclude adequate understanding of, or cooperation with the study protocol.\nAny pregnant participant.\nSevere irreversible pulmonary hypertension.\nCongenital heart disease\nChronic renal insufficiency or undergoing chronic renal replacement therapy\nLiver cirrhosis",
          "HealthyVolunteers":"No",
          "Gender":"All",
          "MinimumAge":"18 Years",
          "StdAgeList":{
            "StdAge":[
              "Adult",
              "Older Adult"
            ]
          },
          "StudyPopulation":"Patients undergoing cardiothoracic surgery that are amenable to wearing a device of interest and meet the inclusion and exclusion criteria above will be approached for informed consent.",
          "SamplingMethod":"Non-Probability Sample"
        },
        "ContactsLocationsModule":{
          "CentralContactList":{
            "CentralContact":[
              {
                "CentralContactName":"Chi-Fu Jeffrey Yang, MD",
                "CentralContactRole":"Contact",
                "CentralContactPhone":"617-726-5200",
                "CentralContactEMail":"cjyang@mgh.harvard.edu"
              },{
                "CentralContactName":"Jessica M Copeland, MD",
                "CentralContactRole":"Contact",
                "CentralContactPhone":"617-726-5200",
                "CentralContactEMail":"jcopeland7@mgh.harvard.edu"
              }
            ]
          },
          "OverallOfficialList":{
            "OverallOfficial":[
              {
                "OverallOfficialName":"Chi-Fu Jeffrey Yang",
                "OverallOfficialAffiliation":"Massachusetts General Hospital",
                "OverallOfficialRole":"Principal Investigator"
              }
            ]
          }
        }
      },
      "DerivedSection":{
        "MiscInfoModule":{
          "VersionHolder":"April 19, 2021"
        },
        "ConditionBrowseModule":{
          "ConditionMeshList":{
            "ConditionMesh":[
              {
                "ConditionMeshId":"D000011183",
                "ConditionMeshTerm":"Postoperative Complications"
              }
            ]
          },
          "ConditionAncestorList":{
            "ConditionAncestor":[
              {
                "ConditionAncestorId":"D000010335",
                "ConditionAncestorTerm":"Pathologic Processes"
              }
            ]
          },
          "ConditionBrowseLeafList":{
            "ConditionBrowseLeaf":[
              {
                "ConditionBrowseLeafId":"M12648",
                "ConditionBrowseLeafName":"Postoperative Complications",
                "ConditionBrowseLeafAsFound":"Postoperative Complications",
                "ConditionBrowseLeafRelevance":"high"
              }
            ]
          },
          "ConditionBrowseBranchList":{
            "ConditionBrowseBranch":[
              {
                "ConditionBrowseBranchAbbrev":"BC23",
                "ConditionBrowseBranchName":"Symptoms and General Pathology"
              },{
                "ConditionBrowseBranchAbbrev":"All",
                "ConditionBrowseBranchName":"All Conditions"
              }
            ]
          }
        }
      }
    }
  }
}

