{
  "FullStudy":{
    "Rank":1684,
    "Study":{
      "ProtocolSection":{
        "IdentificationModule":{
          "NCTId":"NCT04828044",
          "OrgStudyIdInfo":{
            "OrgStudyId":"12-028 MWA - Breast Tumors"
          },
          "Organization":{
            "OrgFullName":"St. Joseph Hospital of Orange",
            "OrgClass":"OTHER"
          },
          "BriefTitle":"Microwave Ablation of Breast Tumors",
          "OfficialTitle":"Microwave Ablation of Breast Tumors"
        },
        "StatusModule":{
          "StatusVerifiedDate":"March 2021",
          "OverallStatus":"Withdrawn",
          "WhyStopped":"Lack of sufficient funding",
          "ExpandedAccessInfo":{
            "HasExpandedAccess":"No"
          },
          "StartDateStruct":{
            "StartDate":"September 2012"
          },
          "PrimaryCompletionDateStruct":{
            "PrimaryCompletionDate":"December 2012",
            "PrimaryCompletionDateType":"Actual"
          },
          "CompletionDateStruct":{
            "CompletionDate":"December 2012",
            "CompletionDateType":"Actual"
          },
          "StudyFirstSubmitDate":"September 12, 2012",
          "StudyFirstSubmitQCDate":"March 30, 2021",
          "StudyFirstPostDateStruct":{
            "StudyFirstPostDate":"April 1, 2021",
            "StudyFirstPostDateType":"Actual"
          },
          "LastUpdateSubmitDate":"March 30, 2021",
          "LastUpdatePostDateStruct":{
            "LastUpdatePostDate":"April 1, 2021",
            "LastUpdatePostDateType":"Actual"
          }
        },
        "SponsorCollaboratorsModule":{
          "ResponsibleParty":{
            "ResponsiblePartyType":"Sponsor"
          },
          "LeadSponsor":{
            "LeadSponsorName":"St. Joseph Hospital of Orange",
            "LeadSponsorClass":"OTHER"
          }
        },
        "OversightModule":{
          "OversightHasDMC":"No"
        },
        "DescriptionModule":{
          "BriefSummary":"The purpose of this protocol is to pathologically evaluate the amount of destruction of cancer cells by Microwave Ablation (MWA) in primary breast tumors.",
          "DetailedDescription":"Minimally invasive surgical alternatives are becoming more attractive for the treatment of malignancy due to improvements in technology, reduced costs and reduced morbidity. The main objective of this protocol is to determine the extent of ablation based on time and power parameters of the MedWaves in breast cancers. This would be accomplished in patients diagnosed with breast cancer who are already scheduled for breast cancer surgery. Prior to the surgical removal of the cancer, the microwave antenna would be inserted into the tumor under ultrasound guidance (either percutaneously or open). The tumor would be ablated, and then surgically resected in a standard, curative fashion."
        },
        "ConditionsModule":{
          "ConditionList":{
            "Condition":[
              "Breast Cancer"
            ]
          },
          "KeywordList":{
            "Keyword":[
              "Breast Cancer",
              "Tumors"
            ]
          }
        },
        "DesignModule":{
          "StudyType":"Observational",
          "DesignInfo":{
            "DesignObservationalModelList":{
              "DesignObservationalModel":[
                "Case-Only"
              ]
            },
            "DesignTimePerspectiveList":{
              "DesignTimePerspective":[
                "Prospective"
              ]
            }
          },
          "BioSpec":{
            "BioSpecRetention":"Samples With DNA",
            "BioSpecDescription":"Tissue specimens will be evaluated and stored as standard surgical pathology specimens by the St. Joseph Hospital Department of Pathology. Additional tissue needed for tumor marker studies will be obtained prior to MWA."
          },
          "EnrollmentInfo":{
            "EnrollmentCount":"0",
            "EnrollmentType":"Actual"
          }
        },
        "ArmsInterventionsModule":{
          "ArmGroupList":{
            "ArmGroup":[
              {
                "ArmGroupLabel":"Microwave Ablation/ Coagulation Arm",
                "ArmGroupDescription":"These patients will receive microwave ablation using MedWaves Microwave Ablation/ Coagulation System.",
                "ArmGroupInterventionList":{
                  "ArmGroupInterventionName":[
                    "Device: Microwave Ablation/ Coagulation Arm"
                  ]
                }
              }
            ]
          },
          "InterventionList":{
            "Intervention":[
              {
                "InterventionType":"Device",
                "InterventionName":"Microwave Ablation/ Coagulation Arm",
                "InterventionDescription":"An 11-gauge microwave probe from MedWaves, Inc., will be placed in the tumor. An ablation lesion will then be generated at the appropriate power (10-35 watts) to maintain up to 130C degrees at the MW applicator tip thermocouple for 10 minutes duration. Palpation and/or ultrasound may be used to place the MWA needle and monitor the progress of the microwave ablation.",
                "InterventionArmGroupLabelList":{
                  "InterventionArmGroupLabel":[
                    "Microwave Ablation/ Coagulation Arm"
                  ]
                },
                "InterventionOtherNameList":{
                  "InterventionOtherName":[
                    "Medwaves Microwave Ablation/ Coagulation System"
                  ]
                }
              }
            ]
          }
        },
        "OutcomesModule":{
          "PrimaryOutcomeList":{
            "PrimaryOutcome":[
              {
                "PrimaryOutcomeMeasure":"Amount of tissue destruction with MedWaves Microwave Ablation/ Coagulation System.",
                "PrimaryOutcomeDescription":"Measure tissue destruction with the MedWaves Microwave Ablation/ Coagulation System through pathological review of destruction.",
                "PrimaryOutcomeTimeFrame":"30 days"
              }
            ]
          },
          "SecondaryOutcomeList":{
            "SecondaryOutcome":[
              {
                "SecondaryOutcomeMeasure":"Provide the differences between percutaneous and open Microwave Ablation",
                "SecondaryOutcomeDescription":"Evaluate differences between percutaneous and open Microwave Ablation through pathological review and patient follow-up.",
                "SecondaryOutcomeTimeFrame":"30 Days"
              },{
                "SecondaryOutcomeMeasure":"Amount of toxicity of microwave ablation in patients.",
                "SecondaryOutcomeDescription":"Measure toxicity of Microwave Ablation through patient follow-up and assessment.",
                "SecondaryOutcomeTimeFrame":"30 Days"
              }
            ]
          }
        },
        "EligibilityModule":{
          "EligibilityCriteria":"Inclusion Criteria:\n\na diagnosis of primary breast tumor for which a surgical resection (excisional, biopsy, segmentectomy or mastectomy) is planned.\nTumor is palpable or visible on ultrasound or both\nAll participants need to be fully able to give informed consent\n\nExclusion Criteria:\n\nGender: male\nMental or legal incompetence\nImpaired decision-making capacity\nPregnant women may not participate\nImplanted Pacemaker",
          "HealthyVolunteers":"No",
          "Gender":"Female",
          "MinimumAge":"18 Years",
          "MaximumAge":"90 Years",
          "StdAgeList":{
            "StdAge":[
              "Adult",
              "Older Adult"
            ]
          },
          "StudyPopulation":"Patients with a diagnosis of primary breast tumor for which a surgical resection (excisional, biopsy, segmentectomy or mastectomy) is planned.",
          "SamplingMethod":"Non-Probability Sample"
        },
        "ContactsLocationsModule":{
          "OverallOfficialList":{
            "OverallOfficial":[
              {
                "OverallOfficialName":"Lawrence Wagman, M.D.",
                "OverallOfficialAffiliation":"St. Joseph Hospital of Orange",
                "OverallOfficialRole":"Principal Investigator"
              }
            ]
          },
          "LocationList":{
            "Location":[
              {
                "LocationFacility":"St. Joseph Hospital of Orange",
                "LocationCity":"Orange",
                "LocationState":"California",
                "LocationZip":"92868",
                "LocationCountry":"United States"
              }
            ]
          }
        }
      },
      "DerivedSection":{
        "MiscInfoModule":{
          "VersionHolder":"April 19, 2021"
        },
        "ConditionBrowseModule":{
          "ConditionMeshList":{
            "ConditionMesh":[
              {
                "ConditionMeshId":"D000001943",
                "ConditionMeshTerm":"Breast Neoplasms"
              }
            ]
          },
          "ConditionAncestorList":{
            "ConditionAncestor":[
              {
                "ConditionAncestorId":"D000009371",
                "ConditionAncestorTerm":"Neoplasms by Site"
              },{
                "ConditionAncestorId":"D000009369",
                "ConditionAncestorTerm":"Neoplasms"
              },{
                "ConditionAncestorId":"D000001941",
                "ConditionAncestorTerm":"Breast Diseases"
              },{
                "ConditionAncestorId":"D000012871",
                "ConditionAncestorTerm":"Skin Diseases"
              }
            ]
          },
          "ConditionBrowseLeafList":{
            "ConditionBrowseLeaf":[
              {
                "ConditionBrowseLeafId":"M3802",
                "ConditionBrowseLeafName":"Breast Neoplasms",
                "ConditionBrowseLeafAsFound":"Breast Tumor",
                "ConditionBrowseLeafRelevance":"high"
              },{
                "ConditionBrowseLeafId":"M3800",
                "ConditionBrowseLeafName":"Breast Diseases",
                "ConditionBrowseLeafRelevance":"low"
              },{
                "ConditionBrowseLeafId":"M14257",
                "ConditionBrowseLeafName":"Skin Diseases",
                "ConditionBrowseLeafRelevance":"low"
              }
            ]
          },
          "ConditionBrowseBranchList":{
            "ConditionBrowseBranch":[
              {
                "ConditionBrowseBranchAbbrev":"BC04",
                "ConditionBrowseBranchName":"Cancers and Other Neoplasms"
              },{
                "ConditionBrowseBranchAbbrev":"BC17",
                "ConditionBrowseBranchName":"Skin and Connective Tissue Diseases"
              },{
                "ConditionBrowseBranchAbbrev":"All",
                "ConditionBrowseBranchName":"All Conditions"
              }
            ]
          }
        },
        "InterventionBrowseModule":{
          "InterventionBrowseLeafList":{
            "InterventionBrowseLeaf":[
              {
                "InterventionBrowseLeafId":"M3435",
                "InterventionBrowseLeafName":"Benzocaine",
                "InterventionBrowseLeafRelevance":"low"
              },{
                "InterventionBrowseLeafId":"T433",
                "InterventionBrowseLeafName":"Tannic Acid",
                "InterventionBrowseLeafRelevance":"low"
              }
            ]
          },
          "InterventionBrowseBranchList":{
            "InterventionBrowseBranch":[
              {
                "InterventionBrowseBranchAbbrev":"CNSDep",
                "InterventionBrowseBranchName":"Central Nervous System Depressants"
              },{
                "InterventionBrowseBranchAbbrev":"All",
                "InterventionBrowseBranchName":"All Drugs and Chemicals"
              },{
                "InterventionBrowseBranchAbbrev":"Ot",
                "InterventionBrowseBranchName":"Other Dietary Supplements"
              }
            ]
          }
        }
      }
    }
  }
}

