{
  "FullStudy":{
    "Rank":1708,
    "Study":{
      "ProtocolSection":{
        "IdentificationModule":{
          "NCTId":"NCT04827732",
          "OrgStudyIdInfo":{
            "OrgStudyId":"202103218"
          },
          "Organization":{
            "OrgFullName":"Washington University School of Medicine",
            "OrgClass":"OTHER"
          },
          "BriefTitle":"Hypofractionated Pencil-Beam Scanning Intensity-modulated Proton Therapy (IMPT) in Recurrent Rectal Cancer",
          "OfficialTitle":"Hypofractionated Pencil-Beam Scanning Intensity-modulated Proton Therapy (IMPT) in the Reirradiation of Locoregionally Recurrent Rectal Cancer"
        },
        "StatusModule":{
          "StatusVerifiedDate":"March 2021",
          "OverallStatus":"Not yet recruiting",
          "ExpandedAccessInfo":{
            "HasExpandedAccess":"No"
          },
          "StartDateStruct":{
            "StartDate":"April 30, 2021",
            "StartDateType":"Anticipated"
          },
          "PrimaryCompletionDateStruct":{
            "PrimaryCompletionDate":"October 31, 2024",
            "PrimaryCompletionDateType":"Anticipated"
          },
          "CompletionDateStruct":{
            "CompletionDate":"April 30, 2025",
            "CompletionDateType":"Anticipated"
          },
          "StudyFirstSubmitDate":"March 29, 2021",
          "StudyFirstSubmitQCDate":"March 29, 2021",
          "StudyFirstPostDateStruct":{
            "StudyFirstPostDate":"April 1, 2021",
            "StudyFirstPostDateType":"Actual"
          },
          "LastUpdateSubmitDate":"March 29, 2021",
          "LastUpdatePostDateStruct":{
            "LastUpdatePostDate":"April 1, 2021",
            "LastUpdatePostDateType":"Actual"
          }
        },
        "SponsorCollaboratorsModule":{
          "ResponsibleParty":{
            "ResponsiblePartyType":"Sponsor"
          },
          "LeadSponsor":{
            "LeadSponsorName":"Washington University School of Medicine",
            "LeadSponsorClass":"OTHER"
          }
        },
        "OversightModule":{
          "OversightHasDMC":"Yes",
          "IsFDARegulatedDrug":"No",
          "IsFDARegulatedDevice":"Yes",
          "IsUSExport":"No"
        },
        "DescriptionModule":{
          "BriefSummary":"The purpose of this trial is to determine the maximum tolerated dose (MTD) of hypofractionated IMPT for the reirradiation of locoregionally recurrent rectal cancer."
        },
        "ConditionsModule":{
          "ConditionList":{
            "Condition":[
              "Recurrent Rectal Cancer"
            ]
          }
        },
        "DesignModule":{
          "StudyType":"Interventional",
          "PhaseList":{
            "Phase":[
              "Not Applicable"
            ]
          },
          "DesignInfo":{
            "DesignAllocation":"Non-Randomized",
            "DesignInterventionModel":"Sequential Assignment",
            "DesignPrimaryPurpose":"Treatment",
            "DesignMaskingInfo":{
              "DesignMasking":"None (Open Label)"
            }
          },
          "EnrollmentInfo":{
            "EnrollmentCount":"20",
            "EnrollmentType":"Anticipated"
          }
        },
        "ArmsInterventionsModule":{
          "ArmGroupList":{
            "ArmGroup":[
              {
                "ArmGroupLabel":"Dose Level 1: Hypofractionated Pencil-Beam Scanning Intensity-modulated Proton Therapy (IMPT)",
                "ArmGroupType":"Experimental",
                "ArmGroupDescription":"-Radiotherapy will consist of five fractions, delivered once daily, with pencil beam scanning proton beam therapy using the defined dose in dose level 1",
                "ArmGroupInterventionList":{
                  "ArmGroupInterventionName":[
                    "Radiation: Hypofractionated Pencil-Beam Scanning Intensity-modulated Proton Therapy",
                    "Device: MEVION S250i Hyperscan and Adaptive Aperture Proton Therapy Machine"
                  ]
                }
              },{
                "ArmGroupLabel":"Dose Level 2: Hypofractionated Pencil-Beam Scanning Intensity-modulated Proton Therapy (IMPT)",
                "ArmGroupType":"Experimental",
                "ArmGroupDescription":"-Radiotherapy will consist of five fractions, delivered once daily, with pencil beam scanning proton beam therapy using the defined dose in dose level 2",
                "ArmGroupInterventionList":{
                  "ArmGroupInterventionName":[
                    "Radiation: Hypofractionated Pencil-Beam Scanning Intensity-modulated Proton Therapy",
                    "Device: MEVION S250i Hyperscan and Adaptive Aperture Proton Therapy Machine"
                  ]
                }
              },{
                "ArmGroupLabel":"Dose Level 3: Hypofractionated Pencil-Beam Scanning Intensity-modulated Proton Therapy (IMPT)",
                "ArmGroupType":"Experimental",
                "ArmGroupDescription":"-Radiotherapy will consist of five fractions, delivered once daily, with pencil beam scanning proton beam therapy using the defined dose in dose level 3",
                "ArmGroupInterventionList":{
                  "ArmGroupInterventionName":[
                    "Radiation: Hypofractionated Pencil-Beam Scanning Intensity-modulated Proton Therapy",
                    "Device: MEVION S250i Hyperscan and Adaptive Aperture Proton Therapy Machine"
                  ]
                }
              }
            ]
          },
          "InterventionList":{
            "Intervention":[
              {
                "InterventionType":"Radiation",
                "InterventionName":"Hypofractionated Pencil-Beam Scanning Intensity-modulated Proton Therapy",
                "InterventionDescription":"When feasible it is strongly recommended that radiotherapy begin on a Monday",
                "InterventionArmGroupLabelList":{
                  "InterventionArmGroupLabel":[
                    "Dose Level 1: Hypofractionated Pencil-Beam Scanning Intensity-modulated Proton Therapy (IMPT)",
                    "Dose Level 2: Hypofractionated Pencil-Beam Scanning Intensity-modulated Proton Therapy (IMPT)",
                    "Dose Level 3: Hypofractionated Pencil-Beam Scanning Intensity-modulated Proton Therapy (IMPT)"
                  ]
                },
                "InterventionOtherNameList":{
                  "InterventionOtherName":[
                    "IMPT"
                  ]
                }
              },{
                "InterventionType":"Device",
                "InterventionName":"MEVION S250i Hyperscan and Adaptive Aperture Proton Therapy Machine",
                "InterventionDescription":"-The device that will administer the IMPT",
                "InterventionArmGroupLabelList":{
                  "InterventionArmGroupLabel":[
                    "Dose Level 1: Hypofractionated Pencil-Beam Scanning Intensity-modulated Proton Therapy (IMPT)",
                    "Dose Level 2: Hypofractionated Pencil-Beam Scanning Intensity-modulated Proton Therapy (IMPT)",
                    "Dose Level 3: Hypofractionated Pencil-Beam Scanning Intensity-modulated Proton Therapy (IMPT)"
                  ]
                }
              }
            ]
          }
        },
        "OutcomesModule":{
          "PrimaryOutcomeList":{
            "PrimaryOutcome":[
              {
                "PrimaryOutcomeMeasure":"Maximum tolerated dose (MTD) of reirradiation using hypofractionated IMPT",
                "PrimaryOutcomeDescription":"MTD is defined as the dose associated with a 35% probability of dose-limiting toxicity (DLT).\n\nDLT is defined as any toxicity listed below that occurs within 6 months from start of treatment and is considered possibly, probably, or definitely related to proton reirradiation:\n\nAny grade 5 toxicities\nAny grade 4-5 GI toxicities\nBowel obstruction\nGrade 3-5: diarrhea; anal, colonic, or bowel ulcers; bladder perforation; any fistula formations; peripheral motor/sensory neuropathy of the pelvis above baseline; osteonecrosis/soft tissue necrosis; radiation dermatitis; hematuria; hematochezia; bowel/pelvic hemorrhage; reproductive tract toxicity\nToxicity will be graded using CTCAE v5",
                "PrimaryOutcomeTimeFrame":"Through 6 months from start of treatment for all participants enrolled (estimated to be 42 months)"
              }
            ]
          },
          "SecondaryOutcomeList":{
            "SecondaryOutcome":[
              {
                "SecondaryOutcomeMeasure":"Clinical complete response rate",
                "SecondaryOutcomeDescription":"-DRE, endoscopy, and cross sectional imaging will be used to measure clinical complete response rate",
                "SecondaryOutcomeTimeFrame":"Within 6-8 weeks post-completion of radiation therapy (estimated to be 7-9 weeks)"
              },{
                "SecondaryOutcomeMeasure":"Median freedom from locoregional progression (FFLP)",
                "SecondaryOutcomeDescription":"-Defined as time from end of radiation therapy to date of first local or regional tumor progression",
                "SecondaryOutcomeTimeFrame":"At 12 months post-radiation therapy (estimated to be 12 months and 1 week)"
              },{
                "SecondaryOutcomeMeasure":"Median overall survival (OS)",
                "SecondaryOutcomeTimeFrame":"At 12 months post-radiation therapy (estimated to be 12 months and 1 week)"
              },{
                "SecondaryOutcomeMeasure":"Median progression-free survival (PFS)",
                "SecondaryOutcomeDescription":"-Defined as time from end of radiation therapy to the earliest date of locoregional progression, distant progression, or death from any cause",
                "SecondaryOutcomeTimeFrame":"At 12 months post-radiation therapy (estimated to be 12 months and 1 week)"
              },{
                "SecondaryOutcomeMeasure":"Change in quality of life as measured by the EORTC QLQ-C30",
                "SecondaryOutcomeDescription":"-The EORTC QLQ-C30 consists of a 30-question questionnaire, which assesses patient well-being with five functional scales (the physical, role, emotional, cognitive, social, and global). It also includes three symptom scales (fatigue, pain, nausea/vomiting) and six single items (dyspnea, sleep disturbance, appetite loss, diarrhea, constipation, and financial impact). Single-item QL scores for overall physical condition (question 29), overall quality of life (question 30), and the global and social functioning scales have been shown to be prognostic for overall survival in adult patients with advanced malignancies",
                "SecondaryOutcomeTimeFrame":"Prior to start of radiation therapy, 1-2 weeks post radiation therapy, 3 months post radiation therapy, 6 months post radiation therapy, 9 months post radiation therapy and 12 months post radiation therapy"
              },{
                "SecondaryOutcomeMeasure":"Change in quality of life as measured by the EORTC QLQ-CR29",
                "SecondaryOutcomeDescription":"-The QLQ-CR29 contains 29 questions, including items in 4 scales (urinary frequency, blood/mucus in stools, stool frequency, body image) and 19 single items (urinary incontinence, dysuria, abdominal pain, buttock pain, bloating, dry mouth, hair loss, taste, anxiety, weight, flatulence, fecal incontinence, sore skin, embarrassment, stoma care problems, sexual interest for men, sexual interest for women, impotence, dyspareunia). There are 11 items allocated for specific sub-populations, including males, females, and stoma patients. Scores of the QLQ-CR29 can be linearly transformed to provide a score from 0 to 100, with higher scores representing higher levels of functioning on the functional scales, greater degrees of symptomatology on the symptom scales and improved QOL on the global QOL scale",
                "SecondaryOutcomeTimeFrame":"Prior to start of radiation therapy, 1-2 weeks post radiation therapy, 3 months post radiation therapy, 6 months post radiation therapy, 9 months post radiation therapy and 12 months post radiation therapy"
              },{
                "SecondaryOutcomeMeasure":"Frequency of acute adverse events as measured by CTCAE v 5.0",
                "SecondaryOutcomeTimeFrame":"From start of treatment through 3 months after completion of radiation therapy (estimated to be 3 months and 1 week)"
              },{
                "SecondaryOutcomeMeasure":"Frequency of late adverse events as measured by CTCAE v 5.0",
                "SecondaryOutcomeTimeFrame":"From 3 month post-completion of radiation therapy to 12 months post-completion of radiation therapy"
              }
            ]
          }
        },
        "EligibilityModule":{
          "EligibilityCriteria":"Inclusion Criteria:\n\nHistory of biopsy-proven adenocarcinoma of the rectum, anus or rectosigmoid junction of any stage now with recurrent disease in the pelvis\nOne prior course of radiation therapy to the pelvis for rectal cancer\nECOG performance status 0-2\nAt least 18 years of age\nWomen of childbearing potential and men must agree to use adequate contraception (hormonal or barrier method of birth control, abstinence) prior to study entry and for the duration of study participation. Should a woman become pregnant or suspect she is pregnant while participating in this study, she must inform her treating physician immediately.\nAble to understand and willing to sign an IRB-approved written informed consent document.\n\nExclusion Criteria:\n\nPatients with pre-existing radiosensitizing conditions, such as connective tissue disorders (i.e. lupus, scleroderma) and genetic mutations (i.e. ataxia-telangiectasia)\nA history of other malignancy with the exception of malignancies for which all treatment was completed at least 2 years before registration and the patient has no evidence of disease, basal cell or squamous cell carcinoma of the skin that were treated with local resection only, or carcinoma in situ of the cervix. Patients with history of prostate cancer treated without radiotherapy and no evidence of disease are eligible\nMore than one prior course of radiation to the pelvis for rectal cancer\nPrior radiation to the pelvis for disease other than rectal cancer\nCurrent treatment with any investigational agents.\nUncontrolled intercurrent illness including, but not limited to, ongoing or active infection, or unstable angina pectoris\nPregnant and/or breastfeeding. Women of childbearing potential must have a negative urine or serum pregnancy test within 14 days of study entry.",
          "HealthyVolunteers":"No",
          "Gender":"All",
          "MinimumAge":"18 Years",
          "StdAgeList":{
            "StdAge":[
              "Adult",
              "Older Adult"
            ]
          }
        },
        "ContactsLocationsModule":{
          "CentralContactList":{
            "CentralContact":[
              {
                "CentralContactName":"Shahed N Badiyan, M.D.",
                "CentralContactRole":"Contact",
                "CentralContactPhone":"314-273-2931",
                "CentralContactEMail":"sbadiyan@wustl.edu"
              }
            ]
          },
          "OverallOfficialList":{
            "OverallOfficial":[
              {
                "OverallOfficialName":"Shahed N Badiyan, M.D.",
                "OverallOfficialAffiliation":"Washington University School of Medicine",
                "OverallOfficialRole":"Principal Investigator"
              }
            ]
          },
          "LocationList":{
            "Location":[
              {
                "LocationFacility":"Washington University School of Medicine",
                "LocationCity":"Saint Louis",
                "LocationState":"Missouri",
                "LocationZip":"63110",
                "LocationCountry":"United States",
                "LocationContactList":{
                  "LocationContact":[
                    {
                      "LocationContactName":"Shahed N Badiyan, M.D.",
                      "LocationContactRole":"Contact",
                      "LocationContactPhone":"314-273-2931",
                      "LocationContactEMail":"sbadiyan@wustl.edu"
                    },{
                      "LocationContactName":"Shahed N Badiyan, M.D.",
                      "LocationContactRole":"Principal Investigator"
                    },{
                      "LocationContactName":"Re-I Chin, M.D.",
                      "LocationContactRole":"Sub-Investigator"
                    },{
                      "LocationContactName":"Hyun Kim, M.D.",
                      "LocationContactRole":"Sub-Investigator"
                    },{
                      "LocationContactName":"Lauren Henke, M.D.",
                      "LocationContactRole":"Sub-Investigator"
                    },{
                      "LocationContactName":"Carl DeSelm, M.D., Ph.D.",
                      "LocationContactRole":"Sub-Investigator"
                    },{
                      "LocationContactName":"Yi Huang, M.S.",
                      "LocationContactRole":"Sub-Investigator"
                    }
                  ]
                }
              }
            ]
          }
        },
        "ReferencesModule":{
          "SeeAlsoLinkList":{
            "SeeAlsoLink":[
              {
                "SeeAlsoLinkLabel":"Alvin J. Siteman Cancer Center at Barnes-Jewish Hospital and Washington University School of Medicine",
                "SeeAlsoLinkURL":"http://www.siteman.wustl.edu"
              }
            ]
          }
        },
        "IPDSharingStatementModule":{
          "IPDSharing":"No"
        }
      },
      "DerivedSection":{
        "MiscInfoModule":{
          "VersionHolder":"April 19, 2021"
        },
        "ConditionBrowseModule":{
          "ConditionMeshList":{
            "ConditionMesh":[
              {
                "ConditionMeshId":"D000012004",
                "ConditionMeshTerm":"Rectal Neoplasms"
              }
            ]
          },
          "ConditionAncestorList":{
            "ConditionAncestor":[
              {
                "ConditionAncestorId":"D000015179",
                "ConditionAncestorTerm":"Colorectal Neoplasms"
              },{
                "ConditionAncestorId":"D000007414",
                "ConditionAncestorTerm":"Intestinal Neoplasms"
              },{
                "ConditionAncestorId":"D000005770",
                "ConditionAncestorTerm":"Gastrointestinal Neoplasms"
              },{
                "ConditionAncestorId":"D000004067",
                "ConditionAncestorTerm":"Digestive System Neoplasms"
              },{
                "ConditionAncestorId":"D000009371",
                "ConditionAncestorTerm":"Neoplasms by Site"
              },{
                "ConditionAncestorId":"D000009369",
                "ConditionAncestorTerm":"Neoplasms"
              },{
                "ConditionAncestorId":"D000004066",
                "ConditionAncestorTerm":"Digestive System Diseases"
              },{
                "ConditionAncestorId":"D000005767",
                "ConditionAncestorTerm":"Gastrointestinal Diseases"
              },{
                "ConditionAncestorId":"D000007410",
                "ConditionAncestorTerm":"Intestinal Diseases"
              },{
                "ConditionAncestorId":"D000012002",
                "ConditionAncestorTerm":"Rectal Diseases"
              }
            ]
          },
          "ConditionBrowseLeafList":{
            "ConditionBrowseLeaf":[
              {
                "ConditionBrowseLeafId":"M13429",
                "ConditionBrowseLeafName":"Rectal Neoplasms",
                "ConditionBrowseLeafAsFound":"Rectal Cancer",
                "ConditionBrowseLeafRelevance":"high"
              },{
                "ConditionBrowseLeafId":"M16473",
                "ConditionBrowseLeafName":"Colorectal Neoplasms",
                "ConditionBrowseLeafRelevance":"low"
              },{
                "ConditionBrowseLeafId":"M9031",
                "ConditionBrowseLeafName":"Intestinal Neoplasms",
                "ConditionBrowseLeafRelevance":"low"
              },{
                "ConditionBrowseLeafId":"M7469",
                "ConditionBrowseLeafName":"Gastrointestinal Neoplasms",
                "ConditionBrowseLeafRelevance":"low"
              },{
                "ConditionBrowseLeafId":"M5839",
                "ConditionBrowseLeafName":"Digestive System Neoplasms",
                "ConditionBrowseLeafRelevance":"low"
              },{
                "ConditionBrowseLeafId":"M5838",
                "ConditionBrowseLeafName":"Digestive System Diseases",
                "ConditionBrowseLeafRelevance":"low"
              },{
                "ConditionBrowseLeafId":"M7466",
                "ConditionBrowseLeafName":"Gastrointestinal Diseases",
                "ConditionBrowseLeafRelevance":"low"
              },{
                "ConditionBrowseLeafId":"M9027",
                "ConditionBrowseLeafName":"Intestinal Diseases",
                "ConditionBrowseLeafRelevance":"low"
              },{
                "ConditionBrowseLeafId":"M13427",
                "ConditionBrowseLeafName":"Rectal Diseases",
                "ConditionBrowseLeafRelevance":"low"
              }
            ]
          },
          "ConditionBrowseBranchList":{
            "ConditionBrowseBranch":[
              {
                "ConditionBrowseBranchAbbrev":"BC04",
                "ConditionBrowseBranchName":"Cancers and Other Neoplasms"
              },{
                "ConditionBrowseBranchAbbrev":"BC06",
                "ConditionBrowseBranchName":"Digestive System Diseases"
              },{
                "ConditionBrowseBranchAbbrev":"All",
                "ConditionBrowseBranchName":"All Conditions"
              }
            ]
          }
        }
      }
    }
  }
}

