{
  "FullStudy":{
    "Rank":1811,
    "Study":{
      "ProtocolSection":{
        "IdentificationModule":{
          "NCTId":"NCT04826393",
          "OrgStudyIdInfo":{
            "OrgStudyId":"21-054"
          },
          "Organization":{
            "OrgFullName":"Dana-Farber Cancer Institute",
            "OrgClass":"OTHER"
          },
          "BriefTitle":"ASP8374 + Cemiplimab in Recurrent Glioma",
          "OfficialTitle":"Phase Ib Trial of ASP8374 and Cemiplimab in Recurrent Malignant Glioma Patients"
        },
        "StatusModule":{
          "StatusVerifiedDate":"March 2021",
          "OverallStatus":"Not yet recruiting",
          "ExpandedAccessInfo":{
            "HasExpandedAccess":"No"
          },
          "StartDateStruct":{
            "StartDate":"September 2021",
            "StartDateType":"Anticipated"
          },
          "PrimaryCompletionDateStruct":{
            "PrimaryCompletionDate":"June 1, 2022",
            "PrimaryCompletionDateType":"Anticipated"
          },
          "CompletionDateStruct":{
            "CompletionDate":"December 30, 2022",
            "CompletionDateType":"Anticipated"
          },
          "StudyFirstSubmitDate":"March 30, 2021",
          "StudyFirstSubmitQCDate":"March 30, 2021",
          "StudyFirstPostDateStruct":{
            "StudyFirstPostDate":"April 1, 2021",
            "StudyFirstPostDateType":"Actual"
          },
          "LastUpdateSubmitDate":"March 30, 2021",
          "LastUpdatePostDateStruct":{
            "LastUpdatePostDate":"April 1, 2021",
            "LastUpdatePostDateType":"Actual"
          }
        },
        "SponsorCollaboratorsModule":{
          "ResponsibleParty":{
            "ResponsiblePartyType":"Principal Investigator",
            "ResponsiblePartyInvestigatorFullName":"David Reardon, MD",
            "ResponsiblePartyInvestigatorTitle":"Principal Investigator",
            "ResponsiblePartyInvestigatorAffiliation":"Dana-Farber Cancer Institute"
          },
          "LeadSponsor":{
            "LeadSponsorName":"Dana-Farber Cancer Institute",
            "LeadSponsorClass":"OTHER"
          },
          "CollaboratorList":{
            "Collaborator":[
              {
                "CollaboratorName":"Regeneron Pharmaceuticals",
                "CollaboratorClass":"INDUSTRY"
              },{
                "CollaboratorName":"Astellas Pharma Inc",
                "CollaboratorClass":"INDUSTRY"
              },{
                "CollaboratorName":"ImaginAb, Inc.",
                "CollaboratorClass":"INDUSTRY"
              }
            ]
          }
        },
        "OversightModule":{
          "OversightHasDMC":"Yes",
          "IsFDARegulatedDrug":"Yes",
          "IsFDARegulatedDevice":"No"
        },
        "DescriptionModule":{
          "BriefSummary":"This study is looking at the safety and efficacy of the drug combination of ASP8374 with cemiplimab in people with recurrent malignant glioma.\n\nThe study will be conducted in two parts, the first portion of the study will be to establish the highest dose of ASP8374 that can be given safely with cemiplimab and will be used as the recommended dose of ASP8374 in combination with cemiplimab for the second portion of the study. The second portion of the study will be to compare the effect of having ASP8374 in combination with cemiplimab prior to surgery.\n\nThe names of the study drugs involved in this study are:\n\nASP8374\nCemiplimab\n89Zr-Df-IAB22M2C (Administered as part of scan procedure)",
          "DetailedDescription":"This is a multicenter, randomized, open-label, phase Ib trial of ASP8374 plus cemiplimab among recurrent malignant glioma participants.\n\nInitially, eligible participants will enroll to Cohort 1 which will determine the maximum tolerated dose (MTD) or recommended phase 2 dose (RP2D) of ASP8374 when combined with cemiplimab among recurrent malignant glioma participants using a 3+3 design.\n\nUpon determination of the MTD/RP2D of ASP8374 plus cemiplimab in Cohort 1, a dose expansion will be performed in which eligible participants who are candidates for surgical resection will enroll to Cohort 2 and will be randomized into one of four treatment groups (2A-2D).\n\nGroup 2A: IV ASP8374 within 14± 5 days prior to surgery.\n\nGroup 2B: IV Cemiplimab within 14± 5 days prior to surgery.\n\nGroup 2C: IV ASP8374 plus cemiplimab within 14± 5 days prior to surgery at the MTD/RP2D established in Cohort 1.\n\nGroup 2D: No immune checkpoint therapy prior to surgery.\n\nThe U.S. Food and Drug Administration (FDA) has not approved ASP8374 as a treatment for any disease. The U.S. Food and Drug Administration (FDA) has not approved cemiplimab for recurrent malignant glioma but it has been approved for other uses. The U.S. Food and Drug Administration (FDA) has not approved 89Zr-Df- IAB22M2C as a treatment for any disease.\n\nThe research study procedures include: screening for eligibility, then study treatment including evaluations and follow up visits. Participants will receive study treatment for up to two years and will be followed for their tumor's response, whether or not their disease gets worse, and for side effects.\n\nIt is expected that about 65 people will take part in this research study. At least 6 in cohort 1 and 55 in cohort 2.\n\nPharmaceutical company Astellas is supporting this research study by providing study funding and study drug, ASP8374, Regeneron is supporting this research by providing study drug cemiplimab, and ImaginAb is supporting this research by providing study drug 89Zr-Df-IAB22M2C."
        },
        "ConditionsModule":{
          "ConditionList":{
            "Condition":[
              "Glioblastoma",
              "Recurrent Glioblastoma"
            ]
          },
          "KeywordList":{
            "Keyword":[
              "Glioblastoma",
              "Recurrent Glioblastoma",
              "Glioma, Grade 3"
            ]
          }
        },
        "DesignModule":{
          "StudyType":"Interventional",
          "PhaseList":{
            "Phase":[
              "Phase 1"
            ]
          },
          "DesignInfo":{
            "DesignAllocation":"Randomized",
            "DesignInterventionModel":"Single Group Assignment",
            "DesignPrimaryPurpose":"Treatment",
            "DesignMaskingInfo":{
              "DesignMasking":"None (Open Label)"
            }
          },
          "EnrollmentInfo":{
            "EnrollmentCount":"65",
            "EnrollmentType":"Anticipated"
          }
        },
        "ArmsInterventionsModule":{
          "ArmGroupList":{
            "ArmGroup":[
              {
                "ArmGroupLabel":"ASP8374 and Cemiplimab-Cohort 1",
                "ArmGroupType":"Experimental",
                "ArmGroupDescription":"A 3+3 dose escalation design will be used to determine maximum tolerated dose (MTD) or recommended phase 2 dose (RP2D) of ASP8374 when combined with cemiplimab.\n\nParticipants will receive ASP8374 and Cemiplimab every 3 weeks for up to 2 years.",
                "ArmGroupInterventionList":{
                  "ArmGroupInterventionName":[
                    "Drug: ASP8374",
                    "Drug: cemiplimab"
                  ]
                }
              },{
                "ArmGroupLabel":"ASP8374 and Cemiplimab-Cohort 2",
                "ArmGroupType":"Experimental",
                "ArmGroupDescription":"Upon determination of the MTD/RP2D of ASP8374 plus cemiplimab in Cohort 1, a dose expansion will be performed in which eligible participants who are candidates for surgical resection will enroll to Cohort 2 and will be randomized into one of four treatment groups (2A-2D).\n\nGroup 2A: IV ASP8374 within 14± 5 days prior to surgery.\n\nGroup 2B: IV Cemiplimab within 14± 5 days prior to surgery.\n\nGroup 2C: IV ASP8374 plus cemiplimab within 14± 5 days prior to surgery at the MTD/RP2D established in Cohort 1.\n\nGroup 2D: No immune checkpoint therapy prior to surgery.\n\nPost-operatively, all Cohort 2 participants will receive ASP8374 plus cemiplimab every 3 weeks administered at the MTD/RP2D established by Cohort 1\n\nPer determination of treating clinician, participants will have 89Zr-Df-IAB22M2C administered prior to PET scans.",
                "ArmGroupInterventionList":{
                  "ArmGroupInterventionName":[
                    "Drug: ASP8374",
                    "Drug: cemiplimab",
                    "Drug: 89Zr-Df-IAB22M2C"
                  ]
                }
              }
            ]
          },
          "InterventionList":{
            "Intervention":[
              {
                "InterventionType":"Drug",
                "InterventionName":"ASP8374",
                "InterventionDescription":"every 3 weeks by intravenous infusion",
                "InterventionArmGroupLabelList":{
                  "InterventionArmGroupLabel":[
                    "ASP8374 and Cemiplimab-Cohort 1",
                    "ASP8374 and Cemiplimab-Cohort 2"
                  ]
                }
              },{
                "InterventionType":"Drug",
                "InterventionName":"cemiplimab",
                "InterventionDescription":"intravenous infusion",
                "InterventionArmGroupLabelList":{
                  "InterventionArmGroupLabel":[
                    "ASP8374 and Cemiplimab-Cohort 1",
                    "ASP8374 and Cemiplimab-Cohort 2"
                  ]
                },
                "InterventionOtherNameList":{
                  "InterventionOtherName":[
                    "Libtayo"
                  ]
                }
              },{
                "InterventionType":"Drug",
                "InterventionName":"89Zr-Df-IAB22M2C",
                "InterventionDescription":"intravenous infusion prior to PET Imaging",
                "InterventionArmGroupLabelList":{
                  "InterventionArmGroupLabel":[
                    "ASP8374 and Cemiplimab-Cohort 2"
                  ]
                }
              }
            ]
          }
        },
        "OutcomesModule":{
          "PrimaryOutcomeList":{
            "PrimaryOutcome":[
              {
                "PrimaryOutcomeMeasure":"Maxium Tolerated Dose-MTD/ Phase 2 Recommend Dose-RP2D - Cohort 1",
                "PrimaryOutcomeDescription":"primary endpoint for Cohort 1 will be determination of the MTD/RP2D of ASP8374 when administered with cemiplimab among recurrent malignant glioma participants.",
                "PrimaryOutcomeTimeFrame":"Enrollment up to 2 years"
              },{
                "PrimaryOutcomeMeasure":"CD8+ TIL Tumor Density-Cohort 2",
                "PrimaryOutcomeDescription":"CD8+ TIL density from tumors obtained from participants randomized to each neoadjuvant study arm (2A, 2B and 2C) will be compared to tumor CD8+ TIL density obtained from control participants enrolled on Arm 2D who do not receive neoadjuvant therapy.",
                "PrimaryOutcomeTimeFrame":"Enrollment up to 2 years"
              }
            ]
          },
          "SecondaryOutcomeList":{
            "SecondaryOutcome":[
              {
                "SecondaryOutcomeMeasure":"Rate of Adverse Events",
                "SecondaryOutcomeDescription":"Assessed by Common Terminology Criteria for Adverse Events (CTCAE) version 5.0",
                "SecondaryOutcomeTimeFrame":"Enrollment up to 2 years"
              },{
                "SecondaryOutcomeMeasure":"progression-free survival (PFS)",
                "SecondaryOutcomeDescription":"Assessed by Response Assessment in Neuro-Oncology (RANO)1 and Immunotherapy RANO (iRANO) guidelines.",
                "SecondaryOutcomeTimeFrame":"6 months"
              },{
                "SecondaryOutcomeMeasure":"overall survival (OS).",
                "SecondaryOutcomeDescription":"Assessed by Response Assessment in Neuro-Oncology (RANO)1 and Immunotherapy RANO (iRANO) guidelines.",
                "SecondaryOutcomeTimeFrame":"12 months"
              }
            ]
          }
        },
        "EligibilityModule":{
          "EligibilityCriteria":"Inclusion Criteria:\n\nHave histologically confirmed WHO grade IV GBM or its variants. Participants will be eligible if the original histology was low-grade glioma and a subsequent histological diagnosis of GBM is made. Participants with WHO grade III recurrent malignant glioma will be allowed to enroll to Cohort 1 only.\nBe willing and able to provide written informed consent/assent for the trial.\nBe ≥ 18 years of age on day of signing informed consent.\nHave a Karnofsky performance status (KPS) ≥ 70 (Appendix A).\nPrevious first line therapy with at least radiotherapy.\nBe at first or second relapse. Note: Relapse is defined as progression following initial therapy (i.e., radiation ± chemotherapy). For participants who had prior therapy for a low-grade glioma, the surgical diagnosis of a high-grade glioma will be considered the first relapse.\nParticipants must have shown unequivocal evidence for tumor progression by MRI or CT scan.\n\nDemonstrate adequate organ function as defined in Table 1, all screening labs should be performed within 14 days of registration.\n\nTable 1: Adequate Organ Function Laboratory Values\n\nSystem Laboratory Value\n\nHematological Absolute neutrophil count (ANC) ≥1,500 /mcL Platelets ≥100,000 / mcL Hemoglobin ≥9 g/dL or ≥5.6 mmol/L without transfusion or EPO dependency (within 7 days of assessment)\n\nRenal Serum creatinine OR measured or calculated a creatinine clearance (GFR can also be used in place of creatinine or CrCl) ≤1.5 X institutional upper limit of normal (ULN) OR\n\n≥60 mL/min for participant with creatinine levels > 1.5 X institutional ULN a Creatinine clearance should be calculated per institutional standard.\n\nHepatic Serum total bilirubin ≤ 1.5 X institutional ULN OR Direct bilirubin ≤ institutional ULN for participants with total bilirubin levels > 1.5 institutional ULN AST (SGOT) and ALT (SGPT) ≤ 2.5 X institutional ULN OR\n\n≤ 5 X institutional ULN for participants with Gilberts syndrome Albumin >2.5 mg/dL\n\nCoagulation International Normalized Ratio (INR) or Prothrombin Time (PT) Activated Partial Thromboplastin Time (aPTT) ≤1.5 X institutional ULN unless participant is receiving anticoagulant therapy as long as PT or PTT is within therapeutic range of intended use of anticoagulants ≤1.5 X institutional ULN unless participant is receiving anticoagulant therapy as long as PT or PTT is within therapeutic range of intended use of anticoagulants\nContrast enhanced CT or MRI within 14 days prior to start of study therapy.\nAn interval of at least 3 weeks (to registration) between prior surgical resection or one week for stereotactic biopsy.\nAn interval of at least 12 weeks from the completion of radiation therapy to registration unless there is unequivocal histologic confirmation of tumor progression or radiographic progression outside of the prior radiation field.\nParticipants must have recovered to grade 0 or 1 or pre-treatment baseline from clinically significant toxic effects of prior therapy (exceptions include but not limited to alopecia, laboratory values not listed per inclusion criteria, and lymphopenia which is common after therapy with temozolomide).\n\nFrom start of study therapy, the following time periods must have elapsed:\n\n5 half-lives from any small molecule investigational agent\n4 weeks from cytotoxic therapy (except 23 days for temozolomide, 6 weeks from nitrosoureas, and 7 days from daily administered agents)\n6 weeks from antibodies, or 4 weeks (or 5 half-lives, whichever is shorter) from other anti-tumor therapies\nNo wash-out period required for prior TTF or vaccine therapies\nParticipants must be planned to undergo surgery that is clinically indicated as determined by their care providers (Cohort 2 only).\nFemale participant of childbearing potential should have a negative urine or serum pregnancy within 72 hours prior to registration. If the urine test is positive or cannot be confirmed as negative, a serum pregnancy test will be required. Women are considered post-menopausal and not of child bearing potential if they have had 12 months of natural (spontaneous) amenorrhea with an appropriate clinical profile (e.g., age appropriate, history of vasomotor symptoms) or six months of spontaneous amenorrhea with serum FSH levels > 40 mIU/mL and estradiol < 20 pg/mL or have had surgical bilateral oophorectomy (with or without hysterectomy) at least six weeks ago. In the case of oophorectomy alone, only when the reproductive status of the woman has been confirmed by follow up hormone level assessment she considered not of child bearing potential.\n\nWomen of child-bearing potential (WOCBP), defined as all women physiologically capable of becoming pregnant, must use highly effective contraception during study treatment and for 120 days after study discontinuation. Highly effective contraception is defined as either:\n\ni. True Abstinence: When this is in line with the preferred and usual lifestyle of the participant. Periodic abstinence (e.g., calendar, ovulation, symptothermal, post-ovulation methods) and withdrawal are not acceptable methods of contraception.\nii. Sterilization: Surgical bilateral oophorectomy (with or without hysterectomy) or tubal ligation at least six weeks ago. In case of oophorectomy alone, only when the reproductive status of the woman has been confirmed by follow up hormone level assessment (as described in item 12 above).\niii. Male Partner Sterilization (with the appropriate post-vasectomy documentation of the absence of sperm in the ejaculate). For female participants on the study, the vasectomized male partner should be the sole partner for that participant.\n\nUse of a combination of any two of the following:\n\nPlacement of an intrauterine device (IUD) or intrauterine system (IUS)\nBarrier methods of contraception: Condom or Occlusive cap (diaphragm or cervical/vault caps) with spermicidal foam/gel/film/cream/vaginal suppository\nAppropriate hormonal contraceptives (including any registered and marketed contraceptive agent that contains an estrogen and/or a progestational agent - including oral, subcutaneous, intrauterine, or intramuscular agents)\nMale participants should agree to use adequate method of contraception starting with the first dose of study therapy through 120 days after the last dose of therapy.\n\nExclusion Criteria:\n\nCurrent or planned participation in a study of an investigational agent or using an investigational device.\nHas a diagnosis of immunodeficiency.\nHas tumor primarily localized to the brainstem or spinal cord.\nHas presence of diffuse leptomeningeal disease or extracranial disease.\nHas received systemic immunosuppressive treatments, aside from systemic corticosteroids as described in Section 3.2.7, (such as methotrexate, chloroquine, azathioprine, etc.) within six months of registration.\nHas received anti-VEGF or anti-VEGFR targeted agents (e.g. bevacizumab, cediranib, aflibercept, vandetanib, XL-184, sunitinib, etc.).\nRequires treatment with moderate or high dose systemic corticosteroids defined as dexamethasone > 2 mg/day or bioequivalent for at least 3 consecutive days within 2 weeks of registration.\nHas received prior interstitial brachytherapy or stereotactic radiosurgery (Cohort 2 only).\nHas history of known coagulopathy that increases risk of bleeding or a history of clinically significant hemorrhage within 12 months of registration.\nHas a known history of active TB (Bacillus Tuberculosis).\nHas gastrointestinal bleeding or any other hemorrhage/bleeding event CTCAE Grade > 3 within 6 months of registration.\nHas a known additional malignancy that is progressing or requires active treatment within 2 years of registration. Exceptions include malignancies treated with surgery alone including but not limited to basal cell carcinoma of the skin, squamous cell carcinoma of the skin, or in situ cervical cancer that has undergone potentially curative therapy.\nHas active autoimmune disease that has required systemic treatment in the past 2 years (i.e. with use of disease modifying agents, corticosteroids, or immunosuppressive drugs). Replacement therapy (e.g., thyroxine, insulin, or physiologic corticosteroid replacement therapy for adrenal or pituitary insufficiency, etc.) is not considered a form of systemic treatment. See Section 5.4.3 for additional information on allowed corticosteroid dosing.\nHas confirmed history or any evidence of active non-infectious pneumonitis.\nHas an active infection requiring systemic therapy.\nHas a history or current evidence of any condition, therapy, or laboratory abnormality that might confound the results of the trial, interfere with the participant's participation for the full duration of the trial, or is not in the best interest of the participant to participate, in the opinion of the treating investigator. Examples include but are not limited to symptomatic congestive heart failure, unstable angina pectoris, cardiac arrhythmia or psychiatric illness/social situations that would limit compliance with study requirements.\nHas known psychiatric or substance abuse disorders that would interfere with cooperation with the requirements of the trial.\nIs pregnant or breastfeeding or expecting to conceive within the projected duration of the trial, starting with the screening visit through 120 days after the last dose of trial treatment. It is unknown whether ASP8374 and/or cemiplimab is excreted in human milk or may have adverse effects on a fetus in utero. Since many drugs are excreted in human milk, and because of the potential for serious adverse reactions in the nursing infant or fetus, these participants are not eligible for enrollment.\nHas received prior therapy with an anti-TIGIT, anti-PD-1, anti-PD-L1, anti-cytotoxic T-lymphocyte-associated antigen-4 (CTLA-4) antibody (including ipilimumab), or any other antibody or drug specifically targeting T-cell co-stimulation or checkpoint pathways.\nHas a known history of Human Immunodeficiency Virus (HIV) (HIV 1/2 antibodies).\nHas known active Hepatitis B (e.g., HBsAg reactive) or Hepatitis C (e.g., HCV RNA [qualitative] is detected).\nHas received a live vaccine within 30 days prior to registration.\nHas a known hypersensitivity to any of the study therapy products.\nHas been previously treated with the PI3K inhibitor idelalisib.",
          "HealthyVolunteers":"No",
          "Gender":"All",
          "MinimumAge":"18 Years",
          "StdAgeList":{
            "StdAge":[
              "Adult",
              "Older Adult"
            ]
          }
        },
        "ContactsLocationsModule":{
          "CentralContactList":{
            "CentralContact":[
              {
                "CentralContactName":"David A Reardon, MD",
                "CentralContactRole":"Contact",
                "CentralContactPhone":"617-632-4750",
                "CentralContactEMail":"david_reardon@dfci.harvard.edu"
              }
            ]
          },
          "OverallOfficialList":{
            "OverallOfficial":[
              {
                "OverallOfficialName":"David A Reardon, MD",
                "OverallOfficialAffiliation":"Dana-Farber Cancer Institute",
                "OverallOfficialRole":"Principal Investigator"
              }
            ]
          },
          "LocationList":{
            "Location":[
              {
                "LocationFacility":"Brigham and Women's Hospital",
                "LocationCity":"Boston",
                "LocationState":"Massachusetts",
                "LocationZip":"02115",
                "LocationCountry":"United States",
                "LocationContactList":{
                  "LocationContact":[
                    {
                      "LocationContactName":"David A Reardon, MD",
                      "LocationContactRole":"Contact",
                      "LocationContactPhone":"617-632-4750",
                      "LocationContactEMail":"david_reardon@dfci.harvard.edu"
                    },{
                      "LocationContactName":"David A Reardon, MD",
                      "LocationContactRole":"Principal Investigator"
                    }
                  ]
                }
              }
            ]
          }
        },
        "IPDSharingStatementModule":{
          "IPDSharing":"Yes",
          "IPDSharingDescription":"The Dana-Farber / Harvard Cancer Center encourages and supports the responsible and ethical sharing of data from clinical trials. De-identified participant data from the final research dataset used in the published manuscript may only be shared under the terms of a Data Use Agreement. Requests may be directed to: [contact information for Sponsor Investigator or designee]. The protocol and statistical analysis plan will be made available on Clinicaltrials.gov only as required by federal regulation or as a condition of awards and agreements supporting the research.",
          "IPDSharingInfoTypeList":{
            "IPDSharingInfoType":[
              "Study Protocol",
              "Statistical Analysis Plan (SAP)",
              "Informed Consent Form (ICF)"
            ]
          },
          "IPDSharingTimeFrame":"Data can be shared no earlier than 1 year following the date of publication",
          "IPDSharingAccessCriteria":"Contact the Belfer Office for Dana-Farber Innovations (BODFI) at innovation@dfci.harvard.edu"
        }
      },
      "DerivedSection":{
        "MiscInfoModule":{
          "VersionHolder":"April 19, 2021"
        },
        "ConditionBrowseModule":{
          "ConditionMeshList":{
            "ConditionMesh":[
              {
                "ConditionMeshId":"D000005909",
                "ConditionMeshTerm":"Glioblastoma"
              },{
                "ConditionMeshId":"D000005910",
                "ConditionMeshTerm":"Glioma"
              }
            ]
          },
          "ConditionAncestorList":{
            "ConditionAncestor":[
              {
                "ConditionAncestorId":"D000001254",
                "ConditionAncestorTerm":"Astrocytoma"
              },{
                "ConditionAncestorId":"D000018302",
                "ConditionAncestorTerm":"Neoplasms, Neuroepithelial"
              },{
                "ConditionAncestorId":"D000017599",
                "ConditionAncestorTerm":"Neuroectodermal Tumors"
              },{
                "ConditionAncestorId":"D000009373",
                "ConditionAncestorTerm":"Neoplasms, Germ Cell and Embryonal"
              },{
                "ConditionAncestorId":"D000009370",
                "ConditionAncestorTerm":"Neoplasms by Histologic Type"
              },{
                "ConditionAncestorId":"D000009369",
                "ConditionAncestorTerm":"Neoplasms"
              },{
                "ConditionAncestorId":"D000009375",
                "ConditionAncestorTerm":"Neoplasms, Glandular and Epithelial"
              },{
                "ConditionAncestorId":"D000009380",
                "ConditionAncestorTerm":"Neoplasms, Nerve Tissue"
              }
            ]
          },
          "ConditionBrowseLeafList":{
            "ConditionBrowseLeaf":[
              {
                "ConditionBrowseLeafId":"M7602",
                "ConditionBrowseLeafName":"Glioblastoma",
                "ConditionBrowseLeafAsFound":"Glioblastoma",
                "ConditionBrowseLeafRelevance":"high"
              },{
                "ConditionBrowseLeafId":"M7603",
                "ConditionBrowseLeafName":"Glioma",
                "ConditionBrowseLeafAsFound":"Glioma",
                "ConditionBrowseLeafRelevance":"high"
              },{
                "ConditionBrowseLeafId":"M3142",
                "ConditionBrowseLeafName":"Astrocytoma",
                "ConditionBrowseLeafRelevance":"low"
              },{
                "ConditionBrowseLeafId":"M19030",
                "ConditionBrowseLeafName":"Neoplasms, Neuroepithelial",
                "ConditionBrowseLeafRelevance":"low"
              },{
                "ConditionBrowseLeafId":"M18428",
                "ConditionBrowseLeafName":"Neuroectodermal Tumors",
                "ConditionBrowseLeafRelevance":"low"
              },{
                "ConditionBrowseLeafId":"M18971",
                "ConditionBrowseLeafName":"Neuroectodermal Tumors, Primitive",
                "ConditionBrowseLeafRelevance":"low"
              },{
                "ConditionBrowseLeafId":"M10901",
                "ConditionBrowseLeafName":"Neoplasms, Germ Cell and Embryonal",
                "ConditionBrowseLeafRelevance":"low"
              },{
                "ConditionBrowseLeafId":"M10898",
                "ConditionBrowseLeafName":"Neoplasms by Histologic Type",
                "ConditionBrowseLeafRelevance":"low"
              },{
                "ConditionBrowseLeafId":"M10903",
                "ConditionBrowseLeafName":"Neoplasms, Glandular and Epithelial",
                "ConditionBrowseLeafRelevance":"low"
              },{
                "ConditionBrowseLeafId":"M10908",
                "ConditionBrowseLeafName":"Neoplasms, Nerve Tissue",
                "ConditionBrowseLeafRelevance":"low"
              },{
                "ConditionBrowseLeafId":"T2518",
                "ConditionBrowseLeafName":"Glioblastoma",
                "ConditionBrowseLeafAsFound":"Glioblastoma",
                "ConditionBrowseLeafRelevance":"high"
              },{
                "ConditionBrowseLeafId":"T2519",
                "ConditionBrowseLeafName":"Glioma",
                "ConditionBrowseLeafAsFound":"Glioma",
                "ConditionBrowseLeafRelevance":"high"
              },{
                "ConditionBrowseLeafId":"T4092",
                "ConditionBrowseLeafName":"Neuroepithelioma",
                "ConditionBrowseLeafRelevance":"low"
              }
            ]
          },
          "ConditionBrowseBranchList":{
            "ConditionBrowseBranch":[
              {
                "ConditionBrowseBranchAbbrev":"BC04",
                "ConditionBrowseBranchName":"Cancers and Other Neoplasms"
              },{
                "ConditionBrowseBranchAbbrev":"All",
                "ConditionBrowseBranchName":"All Conditions"
              },{
                "ConditionBrowseBranchAbbrev":"Rare",
                "ConditionBrowseBranchName":"Rare Diseases"
              }
            ]
          }
        },
        "InterventionBrowseModule":{
          "InterventionMeshList":{
            "InterventionMesh":[
              {
                "InterventionMeshId":"C000627974",
                "InterventionMeshTerm":"Cemiplimab"
              }
            ]
          },
          "InterventionAncestorList":{
            "InterventionAncestor":[
              {
                "InterventionAncestorId":"D000074322",
                "InterventionAncestorTerm":"Antineoplastic Agents, Immunological"
              },{
                "InterventionAncestorId":"D000000970",
                "InterventionAncestorTerm":"Antineoplastic Agents"
              }
            ]
          },
          "InterventionBrowseLeafList":{
            "InterventionBrowseLeaf":[
              {
                "InterventionBrowseLeafId":"M268280",
                "InterventionBrowseLeafName":"Cemiplimab",
                "InterventionBrowseLeafAsFound":"Conformal",
                "InterventionBrowseLeafRelevance":"high"
              },{
                "InterventionBrowseLeafId":"M1346",
                "InterventionBrowseLeafName":"Antineoplastic Agents, Immunological",
                "InterventionBrowseLeafRelevance":"low"
              }
            ]
          },
          "InterventionBrowseBranchList":{
            "InterventionBrowseBranch":[
              {
                "InterventionBrowseBranchAbbrev":"ANeo",
                "InterventionBrowseBranchName":"Antineoplastic Agents"
              },{
                "InterventionBrowseBranchAbbrev":"All",
                "InterventionBrowseBranchName":"All Drugs and Chemicals"
              }
            ]
          }
        }
      }
    }
  }
}

