{
  "FullStudy":{
    "Rank":1776,
    "Study":{
      "ProtocolSection":{
        "IdentificationModule":{
          "NCTId":"NCT04826848",
          "OrgStudyIdInfo":{
            "OrgStudyId":"LC-HAP"
          },
          "Organization":{
            "OrgFullName":"Ankara City Hospital Bilkent",
            "OrgClass":"OTHER"
          },
          "BriefTitle":"Lactate Clearance in Hospital-acquired Pneumonia",
          "OfficialTitle":"The Prognostic Value of Lactate Clearance in Hospital-acquired Pneumonia"
        },
        "StatusModule":{
          "StatusVerifiedDate":"March 2021",
          "OverallStatus":"Completed",
          "ExpandedAccessInfo":{
            "HasExpandedAccess":"No"
          },
          "StartDateStruct":{
            "StartDate":"June 1, 2019",
            "StartDateType":"Actual"
          },
          "PrimaryCompletionDateStruct":{
            "PrimaryCompletionDate":"December 1, 2019",
            "PrimaryCompletionDateType":"Actual"
          },
          "CompletionDateStruct":{
            "CompletionDate":"December 1, 2019",
            "CompletionDateType":"Actual"
          },
          "StudyFirstSubmitDate":"March 30, 2021",
          "StudyFirstSubmitQCDate":"March 30, 2021",
          "StudyFirstPostDateStruct":{
            "StudyFirstPostDate":"April 1, 2021",
            "StudyFirstPostDateType":"Actual"
          },
          "LastUpdateSubmitDate":"March 30, 2021",
          "LastUpdatePostDateStruct":{
            "LastUpdatePostDate":"April 1, 2021",
            "LastUpdatePostDateType":"Actual"
          }
        },
        "SponsorCollaboratorsModule":{
          "ResponsibleParty":{
            "ResponsiblePartyType":"Sponsor"
          },
          "LeadSponsor":{
            "LeadSponsorName":"Ankara City Hospital Bilkent",
            "LeadSponsorClass":"OTHER"
          }
        },
        "OversightModule":{
          "OversightHasDMC":"No",
          "IsFDARegulatedDrug":"No",
          "IsFDARegulatedDevice":"No"
        },
        "DescriptionModule":{
          "BriefSummary":"There is no clear consensus on the use of pneumonia severity index (PSI) developed for community-acquired pneumonia in hospital-acquired pneumonia cases. In another aspect, PSI is a relatively difficult scoring system that includes many parameters. This study evaluated whether lactate clearance could be used as a mortality marker instead of PSI in hospital-acquired pneumonia. As a result, lactate clearance was lower in the mortal group and when the diagnostic statistics were evaluated, it was seen that the sensitivity and specificity rates were significantly higher. In conclusion, lactate clearance has been evaluated as a strong predictor of mortality in hospital-acquired pneumonia."
        },
        "ConditionsModule":{
          "ConditionList":{
            "Condition":[
              "Pneumonia",
              "Mortality",
              "Lactate",
              "Prognosis"
            ]
          }
        },
        "DesignModule":{
          "StudyType":"Observational",
          "PatientRegistry":"No",
          "DesignInfo":{
            "DesignObservationalModelList":{
              "DesignObservationalModel":[
                "Cohort"
              ]
            },
            "DesignTimePerspectiveList":{
              "DesignTimePerspective":[
                "Prospective"
              ]
            }
          },
          "EnrollmentInfo":{
            "EnrollmentCount":"69",
            "EnrollmentType":"Actual"
          }
        },
        "ArmsInterventionsModule":{
          "InterventionList":{
            "Intervention":[
              {
                "InterventionType":"Diagnostic Test",
                "InterventionName":"Lactate",
                "InterventionDescription":"We will evauate the lactate clearance of the patients in 6 hours period. Lactate clearance = [(Initial lactate - 6th hour lactate) / Initial lactate] * 100"
              }
            ]
          }
        },
        "OutcomesModule":{
          "PrimaryOutcomeList":{
            "PrimaryOutcome":[
              {
                "PrimaryOutcomeMeasure":"Mortality",
                "PrimaryOutcomeDescription":"28-day mortality",
                "PrimaryOutcomeTimeFrame":"28 day"
              }
            ]
          }
        },
        "EligibilityModule":{
          "EligibilityCriteria":"Inclusion Criteria:\n\n18 and over age, hospital-acquired pneumonia, emergency department admissions\n\nExclusion Criteria:\n\nPatients who are pregnant or lactating, under 18 years of age, in the healthcare-associated pneumonia group, had mechanical ventilation at the last hospitalization, whose lactate level could not be studied for any reason at admission and 6th hour, had missing data used in pneumonia severity index calculation and/or who did not accept to participate in the study",
          "HealthyVolunteers":"No",
          "Gender":"All",
          "MinimumAge":"18 Years",
          "StdAgeList":{
            "StdAge":[
              "Adult",
              "Older Adult"
            ]
          },
          "StudyPopulation":"Patients at the age of 18 and over with at least 48 hours of hospitalization within the specified study date range, who were discharged from the hospital within the last 14 days related to this hospitalization, who were re-admitted to the adult emergency department and were diagnosed with pneumonia were included in the study.",
          "SamplingMethod":"Non-Probability Sample"
        },
        "ContactsLocationsModule":{
          "OverallOfficialList":{
            "OverallOfficial":[
              {
                "OverallOfficialName":"Alp Şener, MD",
                "OverallOfficialAffiliation":"Ankara Yıldırım Beyazıt University Faculty of Medicine",
                "OverallOfficialRole":"Principal Investigator"
              }
            ]
          },
          "LocationList":{
            "Location":[
              {
                "LocationFacility":"Ankara Yıldırım Beyazıt University, School of Medicine, Department of Emergency Medicine",
                "LocationCity":"Ankara",
                "LocationState":"Çankaya",
                "LocationZip":"06800",
                "LocationCountry":"Turkey"
              }
            ]
          }
        },
        "IPDSharingStatementModule":{
          "IPDSharing":"No"
        }
      },
      "DerivedSection":{
        "MiscInfoModule":{
          "VersionHolder":"April 19, 2021"
        },
        "ConditionBrowseModule":{
          "ConditionMeshList":{
            "ConditionMesh":[
              {
                "ConditionMeshId":"D000077299",
                "ConditionMeshTerm":"Healthcare-Associated Pneumonia"
              },{
                "ConditionMeshId":"D000011014",
                "ConditionMeshTerm":"Pneumonia"
              }
            ]
          },
          "ConditionAncestorList":{
            "ConditionAncestor":[
              {
                "ConditionAncestorId":"D000008171",
                "ConditionAncestorTerm":"Lung Diseases"
              },{
                "ConditionAncestorId":"D000012140",
                "ConditionAncestorTerm":"Respiratory Tract Diseases"
              },{
                "ConditionAncestorId":"D000012141",
                "ConditionAncestorTerm":"Respiratory Tract Infections"
              },{
                "ConditionAncestorId":"D000003428",
                "ConditionAncestorTerm":"Cross Infection"
              },{
                "ConditionAncestorId":"D000007239",
                "ConditionAncestorTerm":"Infection"
              },{
                "ConditionAncestorId":"D000007049",
                "ConditionAncestorTerm":"Iatrogenic Disease"
              },{
                "ConditionAncestorId":"D000020969",
                "ConditionAncestorTerm":"Disease Attributes"
              },{
                "ConditionAncestorId":"D000010335",
                "ConditionAncestorTerm":"Pathologic Processes"
              }
            ]
          },
          "ConditionBrowseLeafList":{
            "ConditionBrowseLeaf":[
              {
                "ConditionBrowseLeafId":"M12487",
                "ConditionBrowseLeafName":"Pneumonia",
                "ConditionBrowseLeafAsFound":"Pneumonia",
                "ConditionBrowseLeafRelevance":"high"
              },{
                "ConditionBrowseLeafId":"M1752",
                "ConditionBrowseLeafName":"Healthcare-Associated Pneumonia",
                "ConditionBrowseLeafAsFound":"Hospital-acquired Pneumonia",
                "ConditionBrowseLeafRelevance":"high"
              },{
                "ConditionBrowseLeafId":"M9751",
                "ConditionBrowseLeafName":"Lung Diseases",
                "ConditionBrowseLeafRelevance":"low"
              },{
                "ConditionBrowseLeafId":"M13560",
                "ConditionBrowseLeafName":"Respiratory Tract Diseases",
                "ConditionBrowseLeafRelevance":"low"
              },{
                "ConditionBrowseLeafId":"M8866",
                "ConditionBrowseLeafName":"Infection",
                "ConditionBrowseLeafRelevance":"low"
              },{
                "ConditionBrowseLeafId":"M4951",
                "ConditionBrowseLeafName":"Communicable Diseases",
                "ConditionBrowseLeafRelevance":"low"
              },{
                "ConditionBrowseLeafId":"M13561",
                "ConditionBrowseLeafName":"Respiratory Tract Infections",
                "ConditionBrowseLeafRelevance":"low"
              },{
                "ConditionBrowseLeafId":"M5225",
                "ConditionBrowseLeafName":"Cross Infection",
                "ConditionBrowseLeafRelevance":"low"
              },{
                "ConditionBrowseLeafId":"M8682",
                "ConditionBrowseLeafName":"Iatrogenic Disease",
                "ConditionBrowseLeafRelevance":"low"
              },{
                "ConditionBrowseLeafId":"M21284",
                "ConditionBrowseLeafName":"Disease Attributes",
                "ConditionBrowseLeafRelevance":"low"
              },{
                "ConditionBrowseLeafId":"T4202",
                "ConditionBrowseLeafName":"Oculocerebral Syndrome With Hypopigmentation",
                "ConditionBrowseLeafRelevance":"low"
              }
            ]
          },
          "ConditionBrowseBranchList":{
            "ConditionBrowseBranch":[
              {
                "ConditionBrowseBranchAbbrev":"BC08",
                "ConditionBrowseBranchName":"Respiratory Tract (Lung and Bronchial) Diseases"
              },{
                "ConditionBrowseBranchAbbrev":"All",
                "ConditionBrowseBranchName":"All Conditions"
              },{
                "ConditionBrowseBranchAbbrev":"BC01",
                "ConditionBrowseBranchName":"Bacterial and Fungal Diseases"
              },{
                "ConditionBrowseBranchAbbrev":"BC23",
                "ConditionBrowseBranchName":"Symptoms and General Pathology"
              },{
                "ConditionBrowseBranchAbbrev":"Rare",
                "ConditionBrowseBranchName":"Rare Diseases"
              }
            ]
          }
        }
      }
    }
  }
}

