{
  "FullStudy":{
    "Rank":2206,
    "Study":{
      "ProtocolSection":{
        "IdentificationModule":{
          "NCTId":"NCT04821245",
          "OrgStudyIdInfo":{
            "OrgStudyId":"BRI IRB18-008"
          },
          "Organization":{
            "OrgFullName":"Benaroya Research Institute",
            "OrgClass":"OTHER"
          },
          "BriefTitle":"Defining Normal Postoperative Magnetic Resonance Imaging After Total Knee Arthroplasty",
          "OfficialTitle":"Defining Normal Postoperative Magnetic Resonance Imaging and Muscle Enzyme Levels After Total Knee Arthroplasty Associated With Continuous Adductor Canal Block"
        },
        "StatusModule":{
          "StatusVerifiedDate":"March 2021",
          "OverallStatus":"Completed",
          "ExpandedAccessInfo":{
            "HasExpandedAccess":"No"
          },
          "StartDateStruct":{
            "StartDate":"December 4, 2018",
            "StartDateType":"Actual"
          },
          "PrimaryCompletionDateStruct":{
            "PrimaryCompletionDate":"August 2, 2019",
            "PrimaryCompletionDateType":"Actual"
          },
          "CompletionDateStruct":{
            "CompletionDate":"August 2, 2019",
            "CompletionDateType":"Actual"
          },
          "StudyFirstSubmitDate":"March 25, 2021",
          "StudyFirstSubmitQCDate":"March 26, 2021",
          "StudyFirstPostDateStruct":{
            "StudyFirstPostDate":"March 29, 2021",
            "StudyFirstPostDateType":"Actual"
          },
          "LastUpdateSubmitDate":"March 26, 2021",
          "LastUpdatePostDateStruct":{
            "LastUpdatePostDate":"March 29, 2021",
            "LastUpdatePostDateType":"Actual"
          }
        },
        "SponsorCollaboratorsModule":{
          "ResponsibleParty":{
            "ResponsiblePartyType":"Principal Investigator",
            "ResponsiblePartyInvestigatorFullName":"Joseph M. Neal",
            "ResponsiblePartyInvestigatorTitle":"Affiliate Investigator",
            "ResponsiblePartyInvestigatorAffiliation":"Benaroya Research Institute"
          },
          "LeadSponsor":{
            "LeadSponsorName":"Benaroya Research Institute",
            "LeadSponsorClass":"OTHER"
          },
          "CollaboratorList":{
            "Collaborator":[
              {
                "CollaboratorName":"Washington State Society of Anesthesiologists",
                "CollaboratorClass":"UNKNOWN"
              }
            ]
          }
        },
        "OversightModule":{
          "OversightHasDMC":"No",
          "IsFDARegulatedDrug":"No",
          "IsFDARegulatedDevice":"No",
          "IsUSExport":"Yes"
        },
        "DescriptionModule":{
          "BriefSummary":"The aim of this study was to describe the postoperative \"baseline\" magnetic resonance imaging (MRI) appearance of the ipsilateral thigh musculature after total knee arthroplasty (TKA). The secondary aim was to describe baseline muscle enzyme levels under the same clinical scenario. Neither of these measures have been reported previously.",
          "DetailedDescription":"In 2016, 3 sentinel cases of presumed local anesthetic-induced myotoxicity were reported after TKA with associated continuous adductor canal block (CACB) analgesia. The diagnosis was made based on its consistency with animal and human descriptions of local anesthetic myotoxicity, including: a) exposure to local anesthetic, b) delayed symptom onset after a period of normal recovery, c) rapid development of profound muscle flaccidity, and d) complete to partial recovery of motor function after weeks to months. MRIs obtained in these patients showed diffuse intra- and inter-muscular edema (inflammation) of the ipsilateral thigh, which was believed to support the presumptive diagnosis. However, because baseline MRI appearance of upper leg muscles has never been described for this clinical scenario, it is possible that the MRI scans represented \"normal, baseline\" appearance.\nThis case series intended to prospectively describe postoperative MRI appearance in a cohort of asymptomatic volunteer patients that underwent uncomplicated TKA/CACB. In addition, because obtaining biomarkers of muscle injury might also be a reasonable diagnostic step, we sought to measure preoperative and postoperative creatine phosphokinase (CPK) and aldolase levels.\nMRI scans were read by 5 board-certified musculoskeletal radiologists masked to the study's purpose. Grading was done using a standard grid that facilitated systematic evaluation of various regions within the upper leg. At least 3 of 5 radiologists were required to declare edema as present within a given region of the leg.\nOnly those volunteer patients that presented a normal postoperative course, i.e., had no unexpected leg muscle weakness, were entered into the study. As such, the MRI and muscle enzyme analysis results had no impact on the volunteer patients' clinical outcome or management. This was a prospective, observational/descriptive case series. There was no control group and we did not intend to investigate issues of cause-and-effect."
        },
        "ConditionsModule":{
          "ConditionList":{
            "Condition":[
              "Local Anesthetic Complication",
              "Local Anesthetic Drug Adverse Reaction"
            ]
          },
          "KeywordList":{
            "Keyword":[
              "Myotoxicity",
              "Myositis",
              "Magnetic resonance imaging",
              "Creatine phosphokinase",
              "Aldolase"
            ]
          }
        },
        "DesignModule":{
          "StudyType":"Observational",
          "PatientRegistry":"No",
          "DesignInfo":{
            "DesignObservationalModelList":{
              "DesignObservationalModel":[
                "Cohort"
              ]
            },
            "DesignTimePerspectiveList":{
              "DesignTimePerspective":[
                "Prospective"
              ]
            }
          },
          "EnrollmentInfo":{
            "EnrollmentCount":"27",
            "EnrollmentType":"Actual"
          }
        },
        "OutcomesModule":{
          "PrimaryOutcomeList":{
            "PrimaryOutcome":[
              {
                "PrimaryOutcomeMeasure":"MRI appearance",
                "PrimaryOutcomeDescription":"Postoperative MRI scan of ipsilateral thigh",
                "PrimaryOutcomeTimeFrame":"1-2 days postoperative"
              },{
                "PrimaryOutcomeMeasure":"Muscle enzymes",
                "PrimaryOutcomeDescription":"CPK and aldolase levels",
                "PrimaryOutcomeTimeFrame":"Sample 1 was obtained just prior to surgery; Sample 2 was obtained the morning after surgery"
              }
            ]
          }
        },
        "EligibilityModule":{
          "EligibilityCriteria":"Inclusion Criteria:\n\nScheduled for unilateral primary TKA with CACB\nTKA and early recovery was uncomplicated (no evidence of unexpected leg weakness)\n\nExclusion Criteria:\n\nContraindication to spinal anesthesia or adductor canal-based analgesia\nHistory of muscle wasting or related disease\nHistory of autoimmune disorders that may affect muscles\nHistory of neurologic condition affecting the lower extremities\nContraindications to MRI",
          "HealthyVolunteers":"No",
          "Gender":"All",
          "StdAgeList":{
            "StdAge":[
              "Child",
              "Adult",
              "Older Adult"
            ]
          },
          "StudyPopulation":"Volunteer patients of various age and sex\nNumber of volunteers and diagnostic studies determined by available grant monies\nVolunteers were drawn from a population presenting for unilateral primary TKA performed by 1 of 2 orthopedic surgeons in a single institution",
          "SamplingMethod":"Non-Probability Sample"
        },
        "ContactsLocationsModule":{
          "OverallOfficialList":{
            "OverallOfficial":[
              {
                "OverallOfficialName":"Joseph M Neal, MD",
                "OverallOfficialAffiliation":"Benaroya Research Center at Virginia Mason Medical Center",
                "OverallOfficialRole":"Principal Investigator"
              }
            ]
          },
          "LocationList":{
            "Location":[
              {
                "LocationFacility":"Benaroya Research Institute",
                "LocationCity":"Seattle",
                "LocationState":"Washington",
                "LocationZip":"98101",
                "LocationCountry":"United States"
              }
            ]
          }
        },
        "ReferencesModule":{
          "ReferenceList":{
            "Reference":[
              {
                "ReferencePMID":"27662067",
                "ReferenceType":"background",
                "ReferenceCitation":"Neal JM, Salinas FV, Choi DS. Local Anesthetic-Induced Myotoxicity After Continuous Adductor Canal Block. Reg Anesth Pain Med. 2016 Nov/Dec;41(6):723-727."
              },{
                "ReferencePMID":"28419048",
                "ReferenceType":"background",
                "ReferenceCitation":"Neal JM, Salinas FV, Choi DS. Reply to Dr Kelly et al. Reg Anesth Pain Med. 2017 May/Jun;42(3):414. doi: 10.1097/AAP.0000000000000574."
              },{
                "ReferencePMID":"30236244",
                "ReferenceType":"background",
                "ReferenceCitation":"Hussain N, McCartney CJL, Neal JM, Chippor J, Banfield L, Abdallah FW. Local anaesthetic-induced myotoxicity in regional anaesthesia: a systematic review and empirical analysis. Br J Anaesth. 2018 Oct;121(4):822-841. doi: 10.1016/j.bja.2018.05.076. Epub 2018 Aug 8."
              }
            ]
          }
        },
        "IPDSharingStatementModule":{
          "IPDSharing":"Yes",
          "IPDSharingDescription":"De-identified raw data in Excel format may be obtained from Joseph M. Neal, MD upon request.",
          "IPDSharingInfoTypeList":{
            "IPDSharingInfoType":[
              "Study Protocol",
              "Informed Consent Form (ICF)"
            ]
          },
          "IPDSharingTimeFrame":"March 2021 through March 2026",
          "IPDSharingAccessCriteria":"Upon request"
        }
      },
      "DerivedSection":{
        "MiscInfoModule":{
          "VersionHolder":"April 19, 2021"
        },
        "ConditionBrowseModule":{
          "ConditionMeshList":{
            "ConditionMesh":[
              {
                "ConditionMeshId":"D000064420",
                "ConditionMeshTerm":"Drug-Related Side Effects and Adverse Reactions"
              }
            ]
          },
          "ConditionAncestorList":{
            "ConditionAncestor":[
              {
                "ConditionAncestorId":"D000064419",
                "ConditionAncestorTerm":"Chemically-Induced Disorders"
              }
            ]
          },
          "ConditionBrowseLeafList":{
            "ConditionBrowseLeaf":[
              {
                "ConditionBrowseLeafId":"M28890",
                "ConditionBrowseLeafName":"Drug-Related Side Effects and Adverse Reactions",
                "ConditionBrowseLeafAsFound":"Drug Adverse Reaction",
                "ConditionBrowseLeafRelevance":"high"
              },{
                "ConditionBrowseLeafId":"M10755",
                "ConditionBrowseLeafName":"Myositis",
                "ConditionBrowseLeafRelevance":"low"
              },{
                "ConditionBrowseLeafId":"M28889",
                "ConditionBrowseLeafName":"Chemically-Induced Disorders",
                "ConditionBrowseLeafRelevance":"low"
              },{
                "ConditionBrowseLeafId":"T3001",
                "ConditionBrowseLeafName":"Idiopathic Inflammatory Myopathy",
                "ConditionBrowseLeafRelevance":"low"
              }
            ]
          },
          "ConditionBrowseBranchList":{
            "ConditionBrowseBranch":[
              {
                "ConditionBrowseBranchAbbrev":"BC25",
                "ConditionBrowseBranchName":"Substance Related Disorders"
              },{
                "ConditionBrowseBranchAbbrev":"All",
                "ConditionBrowseBranchName":"All Conditions"
              },{
                "ConditionBrowseBranchAbbrev":"BC05",
                "ConditionBrowseBranchName":"Muscle, Bone, and Cartilage Diseases"
              },{
                "ConditionBrowseBranchAbbrev":"BC10",
                "ConditionBrowseBranchName":"Nervous System Diseases"
              },{
                "ConditionBrowseBranchAbbrev":"Rare",
                "ConditionBrowseBranchName":"Rare Diseases"
              }
            ]
          }
        },
        "InterventionBrowseModule":{
          "InterventionBrowseLeafList":{
            "InterventionBrowseLeaf":[
              {
                "InterventionBrowseLeafId":"T385",
                "InterventionBrowseLeafName":"Creatine",
                "InterventionBrowseLeafRelevance":"low"
              }
            ]
          },
          "InterventionBrowseBranchList":{
            "InterventionBrowseBranch":[
              {
                "InterventionBrowseBranchAbbrev":"Ot",
                "InterventionBrowseBranchName":"Other Dietary Supplements"
              },{
                "InterventionBrowseBranchAbbrev":"All",
                "InterventionBrowseBranchName":"All Drugs and Chemicals"
              }
            ]
          }
        }
      }
    }
  }
}

