{
  "FullStudy":{
    "Rank":1891,
    "Study":{
      "ProtocolSection":{
        "IdentificationModule":{
          "NCTId":"NCT04825353",
          "OrgStudyIdInfo":{
            "OrgStudyId":"IDIRB2017122601-268"
          },
          "Organization":{
            "OrgFullName":"Benha University",
            "OrgClass":"OTHER"
          },
          "BriefTitle":"Endoscopic Guided PCNL Versus Standard PCNL",
          "OfficialTitle":"Endoscopic Combined Intrarenal Surgery for Management of Large Renal Stones: A Randomized Controlled Trial"
        },
        "StatusModule":{
          "StatusVerifiedDate":"April 2021",
          "OverallStatus":"Recruiting",
          "ExpandedAccessInfo":{
            "HasExpandedAccess":"No"
          },
          "StartDateStruct":{
            "StartDate":"October 20, 2019",
            "StartDateType":"Actual"
          },
          "PrimaryCompletionDateStruct":{
            "PrimaryCompletionDate":"December 1, 2021",
            "PrimaryCompletionDateType":"Anticipated"
          },
          "CompletionDateStruct":{
            "CompletionDate":"January 1, 2022",
            "CompletionDateType":"Anticipated"
          },
          "StudyFirstSubmitDate":"March 25, 2021",
          "StudyFirstSubmitQCDate":"March 30, 2021",
          "StudyFirstPostDateStruct":{
            "StudyFirstPostDate":"April 1, 2021",
            "StudyFirstPostDateType":"Actual"
          },
          "LastUpdateSubmitDate":"April 7, 2021",
          "LastUpdatePostDateStruct":{
            "LastUpdatePostDate":"April 8, 2021",
            "LastUpdatePostDateType":"Actual"
          }
        },
        "SponsorCollaboratorsModule":{
          "ResponsibleParty":{
            "ResponsiblePartyType":"Principal Investigator",
            "ResponsiblePartyInvestigatorFullName":"Waleed El-Shaer, MD",
            "ResponsiblePartyInvestigatorTitle":"Associate professor",
            "ResponsiblePartyInvestigatorAffiliation":"Benha University"
          },
          "LeadSponsor":{
            "LeadSponsorName":"Benha University",
            "LeadSponsorClass":"OTHER"
          }
        },
        "OversightModule":{
          "OversightHasDMC":"Yes",
          "IsFDARegulatedDrug":"No",
          "IsFDARegulatedDevice":"No"
        },
        "DescriptionModule":{
          "BriefSummary":"currently, percutaneous nephrolithotomy (PCNL) is the standard procedure of choice for management of large renal more than 2 cm.\n\nthe pivotal step in performing PCNL is creation of proper tract. this step can be done monitored under guidance of different modalities such as fluoroscopy, ultrasonography, endoscopy or combined in ECIRS, tract creation is controlled under endoscopic vision with a flexible ureteroscope .",
          "DetailedDescription":"Aim: compare safety and efficacy and adverse events of ECIRS in comparison of standard fluoroscopic guided PCNL.\n\npatients & methods: Patients will randomly be divided into two equal groups:\n\nGroup A: Patient will undergo ECIRS.\n\nGroup B: Patient will undergo standard PCNL"
        },
        "ConditionsModule":{
          "ConditionList":{
            "Condition":[
              "Stones, Kidney"
            ]
          }
        },
        "DesignModule":{
          "StudyType":"Interventional",
          "PhaseList":{
            "Phase":[
              "Not Applicable"
            ]
          },
          "DesignInfo":{
            "DesignAllocation":"Randomized",
            "DesignInterventionModel":"Parallel Assignment",
            "DesignPrimaryPurpose":"Treatment",
            "DesignMaskingInfo":{
              "DesignMasking":"Double",
              "DesignWhoMaskedList":{
                "DesignWhoMasked":[
                  "Participant",
                  "Outcomes Assessor"
                ]
              }
            }
          },
          "EnrollmentInfo":{
            "EnrollmentCount":"150",
            "EnrollmentType":"Anticipated"
          }
        },
        "ArmsInterventionsModule":{
          "ArmGroupList":{
            "ArmGroup":[
              {
                "ArmGroupLabel":"ECIRS-Group",
                "ArmGroupType":"Experimental",
                "ArmGroupInterventionList":{
                  "ArmGroupInterventionName":[
                    "Procedure: Endoscopic compbined guided PCNL"
                  ]
                }
              },{
                "ArmGroupLabel":"SPCNL-GRoup",
                "ArmGroupType":"Active Comparator",
                "ArmGroupInterventionList":{
                  "ArmGroupInterventionName":[
                    "Procedure: Standard PCNL"
                  ]
                }
              }
            ]
          },
          "InterventionList":{
            "Intervention":[
              {
                "InterventionType":"Procedure",
                "InterventionName":"Endoscopic compbined guided PCNL",
                "InterventionDescription":"patient undergo stone removal by ECIRS",
                "InterventionArmGroupLabelList":{
                  "InterventionArmGroupLabel":[
                    "ECIRS-Group"
                  ]
                }
              },{
                "InterventionType":"Procedure",
                "InterventionName":"Standard PCNL",
                "InterventionDescription":"patient undergo SPCNL",
                "InterventionArmGroupLabelList":{
                  "InterventionArmGroupLabel":[
                    "SPCNL-GRoup"
                  ]
                }
              }
            ]
          }
        },
        "OutcomesModule":{
          "PrimaryOutcomeList":{
            "PrimaryOutcome":[
              {
                "PrimaryOutcomeMeasure":"Stone Free Rate",
                "PrimaryOutcomeDescription":"If their is any residual stones",
                "PrimaryOutcomeTimeFrame":"1day after operation."
              },{
                "PrimaryOutcomeMeasure":"Stone Free Rate",
                "PrimaryOutcomeDescription":"If their is any residual stones",
                "PrimaryOutcomeTimeFrame":"1 months post operative"
              },{
                "PrimaryOutcomeMeasure":"Stone Free Rate",
                "PrimaryOutcomeDescription":"If their is any residual stones",
                "PrimaryOutcomeTimeFrame":"3 months post-operative"
              }
            ]
          },
          "SecondaryOutcomeList":{
            "SecondaryOutcome":[
              {
                "SecondaryOutcomeMeasure":"operative time",
                "SecondaryOutcomeDescription":"the length of operation",
                "SecondaryOutcomeTimeFrame":"intra oprative"
              },{
                "SecondaryOutcomeMeasure":"blood loss",
                "SecondaryOutcomeDescription":"hemoglobin drop",
                "SecondaryOutcomeTimeFrame":"pre-operative and 1 day post-oprative"
              }
            ]
          }
        },
        "EligibilityModule":{
          "EligibilityCriteria":"Inclusion Criteria:\n\npatients with renal stones diameter of at least 2 cm.\nAmerican Society of Anesthesiology score ≤ 2.\n\nExclusion Criteria:\n\npatients with renal anomalies.\ntransplanted kidney.\nuncorrected coagulopathy.\nactive infection.",
          "HealthyVolunteers":"No",
          "Gender":"All",
          "MinimumAge":"18 Years",
          "MaximumAge":"80 Years",
          "StdAgeList":{
            "StdAge":[
              "Adult",
              "Older Adult"
            ]
          }
        },
        "ContactsLocationsModule":{
          "CentralContactList":{
            "CentralContact":[
              {
                "CentralContactName":"Waleed El-Shaer, M.D",
                "CentralContactRole":"Contact",
                "CentralContactPhone":"01015767331",
                "CentralContactPhoneExt":"0020",
                "CentralContactEMail":"waleed_elshaer@hotmail.com"
              }
            ]
          },
          "LocationList":{
            "Location":[
              {
                "LocationFacility":"Banha university hospital",
                "LocationStatus":"Recruiting",
                "LocationCity":"Banhā",
                "LocationState":"Qalubia",
                "LocationZip":"13511",
                "LocationCountry":"Egypt"
              }
            ]
          }
        }
      },
      "DerivedSection":{
        "MiscInfoModule":{
          "VersionHolder":"April 19, 2021"
        },
        "ConditionBrowseModule":{
          "ConditionMeshList":{
            "ConditionMesh":[
              {
                "ConditionMeshId":"D000007669",
                "ConditionMeshTerm":"Kidney Calculi"
              },{
                "ConditionMeshId":"D000053040",
                "ConditionMeshTerm":"Nephrolithiasis"
              }
            ]
          },
          "ConditionAncestorList":{
            "ConditionAncestor":[
              {
                "ConditionAncestorId":"D000007674",
                "ConditionAncestorTerm":"Kidney Diseases"
              },{
                "ConditionAncestorId":"D000014570",
                "ConditionAncestorTerm":"Urologic Diseases"
              },{
                "ConditionAncestorId":"D000052878",
                "ConditionAncestorTerm":"Urolithiasis"
              },{
                "ConditionAncestorId":"D000014545",
                "ConditionAncestorTerm":"Urinary Calculi"
              },{
                "ConditionAncestorId":"D000002137",
                "ConditionAncestorTerm":"Calculi"
              },{
                "ConditionAncestorId":"D000020763",
                "ConditionAncestorTerm":"Pathological Conditions, Anatomical"
              }
            ]
          },
          "ConditionBrowseLeafList":{
            "ConditionBrowseLeaf":[
              {
                "ConditionBrowseLeafId":"M9276",
                "ConditionBrowseLeafName":"Kidney Calculi",
                "ConditionBrowseLeafAsFound":"Stone, Kidney",
                "ConditionBrowseLeafRelevance":"high"
              },{
                "ConditionBrowseLeafId":"M25713",
                "ConditionBrowseLeafName":"Nephrolithiasis",
                "ConditionBrowseLeafAsFound":"Stone, Kidney",
                "ConditionBrowseLeafRelevance":"high"
              },{
                "ConditionBrowseLeafId":"M3981",
                "ConditionBrowseLeafName":"Calculi",
                "ConditionBrowseLeafRelevance":"low"
              },{
                "ConditionBrowseLeafId":"M9281",
                "ConditionBrowseLeafName":"Kidney Diseases",
                "ConditionBrowseLeafRelevance":"low"
              },{
                "ConditionBrowseLeafId":"M15902",
                "ConditionBrowseLeafName":"Urologic Diseases",
                "ConditionBrowseLeafRelevance":"low"
              },{
                "ConditionBrowseLeafId":"M25690",
                "ConditionBrowseLeafName":"Urolithiasis",
                "ConditionBrowseLeafRelevance":"low"
              },{
                "ConditionBrowseLeafId":"M15878",
                "ConditionBrowseLeafName":"Urinary Calculi",
                "ConditionBrowseLeafRelevance":"low"
              },{
                "ConditionBrowseLeafId":"M21103",
                "ConditionBrowseLeafName":"Pathological Conditions, Anatomical",
                "ConditionBrowseLeafRelevance":"low"
              }
            ]
          },
          "ConditionBrowseBranchList":{
            "ConditionBrowseBranch":[
              {
                "ConditionBrowseBranchAbbrev":"BXS",
                "ConditionBrowseBranchName":"Urinary Tract, Sexual Organs, and Pregnancy Conditions"
              },{
                "ConditionBrowseBranchAbbrev":"BC23",
                "ConditionBrowseBranchName":"Symptoms and General Pathology"
              },{
                "ConditionBrowseBranchAbbrev":"All",
                "ConditionBrowseBranchName":"All Conditions"
              }
            ]
          }
        }
      }
    }
  }
}

