{
  "FullStudy":{
    "Rank":1906,
    "Study":{
      "ProtocolSection":{
        "IdentificationModule":{
          "NCTId":"NCT04825158",
          "OrgStudyIdInfo":{
            "OrgStudyId":"8030"
          },
          "Organization":{
            "OrgFullName":"University Hospital, Strasbourg, France",
            "OrgClass":"OTHER"
          },
          "BriefTitle":"Study of the Role of Hemostasis in Perioperative Anaphylaxis",
          "OfficialTitle":"Study of the Role of Hemostasis in Perioperative Anaphylaxis",
          "Acronym":"HEMOCANOPE"
        },
        "StatusModule":{
          "StatusVerifiedDate":"March 2021",
          "OverallStatus":"Not yet recruiting",
          "ExpandedAccessInfo":{
            "HasExpandedAccess":"No"
          },
          "StartDateStruct":{
            "StartDate":"April 1, 2021",
            "StartDateType":"Anticipated"
          },
          "PrimaryCompletionDateStruct":{
            "PrimaryCompletionDate":"April 1, 2021",
            "PrimaryCompletionDateType":"Anticipated"
          },
          "CompletionDateStruct":{
            "CompletionDate":"February 9, 2024",
            "CompletionDateType":"Anticipated"
          },
          "StudyFirstSubmitDate":"January 21, 2021",
          "StudyFirstSubmitQCDate":"March 30, 2021",
          "StudyFirstPostDateStruct":{
            "StudyFirstPostDate":"April 1, 2021",
            "StudyFirstPostDateType":"Actual"
          },
          "LastUpdateSubmitDate":"March 30, 2021",
          "LastUpdatePostDateStruct":{
            "LastUpdatePostDate":"April 1, 2021",
            "LastUpdatePostDateType":"Actual"
          }
        },
        "SponsorCollaboratorsModule":{
          "ResponsibleParty":{
            "ResponsiblePartyType":"Sponsor"
          },
          "LeadSponsor":{
            "LeadSponsorName":"University Hospital, Strasbourg, France",
            "LeadSponsorClass":"OTHER"
          }
        },
        "OversightModule":{
          "OversightHasDMC":"No",
          "IsFDARegulatedDrug":"No",
          "IsFDARegulatedDevice":"No"
        },
        "DescriptionModule":{
          "BriefSummary":"Anaphylaxis is a severe and life-threatening complication during the perioperative period. Perioperative anaphylaxis is still associated with a significant mortality despite quick and efficient management using epinephrine, the mainstay of acute treatment. Experimental data and few case reports are suggesting that hemostasis, and more precisely platelets, could play a role in anaphylaxis. Our main hypothesis is that activation of the hemostatic system contributes to the severity of the reaction"
        },
        "ConditionsModule":{
          "ConditionList":{
            "Condition":[
              "Hemoptysis",
              "Perioperative Complication",
              "Anaphylaxis"
            ]
          }
        },
        "DesignModule":{
          "StudyType":"Observational",
          "PatientRegistry":"No",
          "DesignInfo":{
            "DesignObservationalModelList":{
              "DesignObservationalModel":[
                "Cohort"
              ]
            },
            "DesignTimePerspectiveList":{
              "DesignTimePerspective":[
                "Prospective"
              ]
            }
          },
          "BioSpec":{
            "BioSpecRetention":"Samples Without DNA",
            "BioSpecDescription":"Whole blood\nPlasma"
          },
          "EnrollmentInfo":{
            "EnrollmentCount":"30",
            "EnrollmentType":"Anticipated"
          }
        },
        "OutcomesModule":{
          "PrimaryOutcomeList":{
            "PrimaryOutcome":[
              {
                "PrimaryOutcomeMeasure":"Platelet activation",
                "PrimaryOutcomeDescription":"Measurement of: Plasmatic serotonin level, Plasmatic PF-4 level, P-selectin expression (MFI, %), Platelet count",
                "PrimaryOutcomeTimeFrame":"As soon as possible after onset of anaphylaxis"
              },{
                "PrimaryOutcomeMeasure":"Platelet activation",
                "PrimaryOutcomeDescription":"Measurement of: Plasmatic serotonin level, Plasmatic PF-4 level, P-selectin expression (MFI, %), Platelet count",
                "PrimaryOutcomeTimeFrame":"1-2 hours after the onset of anaphylaxis"
              },{
                "PrimaryOutcomeMeasure":"Platelet activation",
                "PrimaryOutcomeDescription":"Measurement of: Plasmatic serotonin level, Plasmatic PF-4 level, P-selectin expression (MFI, %), Platelet count",
                "PrimaryOutcomeTimeFrame":"24 hours after the onset of anaphylaxis"
              },{
                "PrimaryOutcomeMeasure":"Platelet activation",
                "PrimaryOutcomeDescription":"Measurement of: Plasmatic serotonin level, Plasmatic PF-4 level, P-selectin expression (MFI, %), Platelet count",
                "PrimaryOutcomeTimeFrame":"During the allergic workup (4-6 weeks after)"
              }
            ]
          }
        },
        "EligibilityModule":{
          "EligibilityCriteria":"Inclusion Criteria:\n\nPatient, male or female, adult\nIn the perioperative period\nIn whom the diagnosis of anaphylactic shock is suggested\nPatient is giving his consent to participate in the study\n\nExclusion Criteria:\n\nSubject under legal protection\nSubject under guardianship or guardianship\nAnemia less than 7 g /dl at the time of inclusion",
          "HealthyVolunteers":"No",
          "Gender":"All",
          "MinimumAge":"2 Years",
          "StdAgeList":{
            "StdAge":[
              "Child",
              "Adult",
              "Older Adult"
            ]
          },
          "StudyPopulation":"The study will focus on any adult patient with a suspected diagnosis of perioperative anaphylactic shock",
          "SamplingMethod":"Non-Probability Sample"
        },
        "ContactsLocationsModule":{
          "CentralContactList":{
            "CentralContact":[
              {
                "CentralContactName":"Charles-Ambroise TACQUARD, PHD",
                "CentralContactRole":"Contact",
                "CentralContactPhone":"+333 69 55 16 08",
                "CentralContactEMail":"charlesambroise.tacquard@chru-strasbourg.fr"
              },{
                "CentralContactName":"Xavier DELABRANCHE, PHD",
                "CentralContactRole":"Contact",
                "CentralContactPhone":"03.69.55.09.36",
                "CentralContactEMail":"Xavier.delabranche@chru-strasbourg.fr"
              }
            ]
          }
        }
      },
      "DerivedSection":{
        "MiscInfoModule":{
          "VersionHolder":"April 19, 2021"
        },
        "ConditionBrowseModule":{
          "ConditionMeshList":{
            "ConditionMesh":[
              {
                "ConditionMeshId":"D000006469",
                "ConditionMeshTerm":"Hemoptysis"
              },{
                "ConditionMeshId":"D000000707",
                "ConditionMeshTerm":"Anaphylaxis"
              },{
                "ConditionMeshId":"D000012769",
                "ConditionMeshTerm":"Shock"
              }
            ]
          },
          "ConditionAncestorList":{
            "ConditionAncestor":[
              {
                "ConditionAncestorId":"D000006969",
                "ConditionAncestorTerm":"Hypersensitivity, Immediate"
              },{
                "ConditionAncestorId":"D000006967",
                "ConditionAncestorTerm":"Hypersensitivity"
              },{
                "ConditionAncestorId":"D000007154",
                "ConditionAncestorTerm":"Immune System Diseases"
              },{
                "ConditionAncestorId":"D000010335",
                "ConditionAncestorTerm":"Pathologic Processes"
              },{
                "ConditionAncestorId":"D000008171",
                "ConditionAncestorTerm":"Lung Diseases"
              },{
                "ConditionAncestorId":"D000012140",
                "ConditionAncestorTerm":"Respiratory Tract Diseases"
              },{
                "ConditionAncestorId":"D000006470",
                "ConditionAncestorTerm":"Hemorrhage"
              },{
                "ConditionAncestorId":"D000012818",
                "ConditionAncestorTerm":"Signs and Symptoms, Respiratory"
              }
            ]
          },
          "ConditionBrowseLeafList":{
            "ConditionBrowseLeaf":[
              {
                "ConditionBrowseLeafId":"M8138",
                "ConditionBrowseLeafName":"Hemoptysis",
                "ConditionBrowseLeafAsFound":"Hemoptysis",
                "ConditionBrowseLeafRelevance":"high"
              },{
                "ConditionBrowseLeafId":"M2619",
                "ConditionBrowseLeafName":"Anaphylaxis",
                "ConditionBrowseLeafAsFound":"Anaphylaxis",
                "ConditionBrowseLeafRelevance":"high"
              },{
                "ConditionBrowseLeafId":"M14160",
                "ConditionBrowseLeafName":"Shock",
                "ConditionBrowseLeafAsFound":"Anaphylaxis",
                "ConditionBrowseLeafRelevance":"high"
              },{
                "ConditionBrowseLeafId":"M8601",
                "ConditionBrowseLeafName":"Hypersensitivity",
                "ConditionBrowseLeafRelevance":"low"
              },{
                "ConditionBrowseLeafId":"M8603",
                "ConditionBrowseLeafName":"Hypersensitivity, Immediate",
                "ConditionBrowseLeafRelevance":"low"
              },{
                "ConditionBrowseLeafId":"M8783",
                "ConditionBrowseLeafName":"Immune System Diseases",
                "ConditionBrowseLeafRelevance":"low"
              },{
                "ConditionBrowseLeafId":"M9751",
                "ConditionBrowseLeafName":"Lung Diseases",
                "ConditionBrowseLeafRelevance":"low"
              },{
                "ConditionBrowseLeafId":"M13560",
                "ConditionBrowseLeafName":"Respiratory Tract Diseases",
                "ConditionBrowseLeafRelevance":"low"
              },{
                "ConditionBrowseLeafId":"M8139",
                "ConditionBrowseLeafName":"Hemorrhage",
                "ConditionBrowseLeafRelevance":"low"
              },{
                "ConditionBrowseLeafId":"M14206",
                "ConditionBrowseLeafName":"Signs and Symptoms, Respiratory",
                "ConditionBrowseLeafRelevance":"low"
              }
            ]
          },
          "ConditionBrowseBranchList":{
            "ConditionBrowseBranch":[
              {
                "ConditionBrowseBranchAbbrev":"BC08",
                "ConditionBrowseBranchName":"Respiratory Tract (Lung and Bronchial) Diseases"
              },{
                "ConditionBrowseBranchAbbrev":"BC23",
                "ConditionBrowseBranchName":"Symptoms and General Pathology"
              },{
                "ConditionBrowseBranchAbbrev":"All",
                "ConditionBrowseBranchName":"All Conditions"
              },{
                "ConditionBrowseBranchAbbrev":"BC20",
                "ConditionBrowseBranchName":"Immune System Diseases"
              }
            ]
          }
        },
        "InterventionBrowseModule":{
          "InterventionBrowseLeafList":{
            "InterventionBrowseLeaf":[
              {
                "InterventionBrowseLeafId":"M8159",
                "InterventionBrowseLeafName":"Hemostatics",
                "InterventionBrowseLeafRelevance":"low"
              }
            ]
          },
          "InterventionBrowseBranchList":{
            "InterventionBrowseBranch":[
              {
                "InterventionBrowseBranchAbbrev":"Coag",
                "InterventionBrowseBranchName":"Coagulants"
              },{
                "InterventionBrowseBranchAbbrev":"All",
                "InterventionBrowseBranchName":"All Drugs and Chemicals"
              }
            ]
          }
        }
      }
    }
  }
}

