{
  "FullStudy":{
    "Rank":2236,
    "Study":{
      "ProtocolSection":{
        "IdentificationModule":{
          "NCTId":"NCT04820855",
          "OrgStudyIdInfo":{
            "OrgStudyId":"20-664"
          },
          "Organization":{
            "OrgFullName":"University of New Mexico",
            "OrgClass":"OTHER"
          },
          "BriefTitle":"Mindfulness and Yoga for Pain With Interstitial Cystitis Evaluation",
          "OfficialTitle":"Mindfulness and Yoga for Pain With Interstitial Cystitis Evaluation",
          "Acronym":"MYPAICE"
        },
        "StatusModule":{
          "StatusVerifiedDate":"March 2021",
          "OverallStatus":"Not yet recruiting",
          "ExpandedAccessInfo":{
            "HasExpandedAccess":"No"
          },
          "StartDateStruct":{
            "StartDate":"May 1, 2021",
            "StartDateType":"Anticipated"
          },
          "PrimaryCompletionDateStruct":{
            "PrimaryCompletionDate":"November 1, 2022",
            "PrimaryCompletionDateType":"Anticipated"
          },
          "CompletionDateStruct":{
            "CompletionDate":"May 23, 2023",
            "CompletionDateType":"Anticipated"
          },
          "StudyFirstSubmitDate":"March 15, 2021",
          "StudyFirstSubmitQCDate":"March 26, 2021",
          "StudyFirstPostDateStruct":{
            "StudyFirstPostDate":"March 29, 2021",
            "StudyFirstPostDateType":"Actual"
          },
          "LastUpdateSubmitDate":"March 26, 2021",
          "LastUpdatePostDateStruct":{
            "LastUpdatePostDate":"March 29, 2021",
            "LastUpdatePostDateType":"Actual"
          }
        },
        "SponsorCollaboratorsModule":{
          "ResponsibleParty":{
            "ResponsiblePartyType":"Sponsor"
          },
          "LeadSponsor":{
            "LeadSponsorName":"University of New Mexico",
            "LeadSponsorClass":"OTHER"
          }
        },
        "OversightModule":{
          "OversightHasDMC":"No",
          "IsFDARegulatedDrug":"No",
          "IsFDARegulatedDevice":"No"
        },
        "DescriptionModule":{
          "BriefSummary":"The objective is to determine pain, levels and function and level of care of patients with interstitial cystitis/painful bladder syndrome before and after conservative treatment with mindfulness and yoga in comparison to usual care."
        },
        "ConditionsModule":{
          "ConditionList":{
            "Condition":[
              "Interstitial Cystitis"
            ]
          },
          "KeywordList":{
            "Keyword":[
              "Interstitial cystitis",
              "Complementary and Alternative medicine",
              "Yoga",
              "Meditation"
            ]
          }
        },
        "DesignModule":{
          "StudyType":"Interventional",
          "PhaseList":{
            "Phase":[
              "Not Applicable"
            ]
          },
          "DesignInfo":{
            "DesignAllocation":"Randomized",
            "DesignInterventionModel":"Single Group Assignment",
            "DesignPrimaryPurpose":"Treatment",
            "DesignMaskingInfo":{
              "DesignMasking":"Single",
              "DesignWhoMaskedList":{
                "DesignWhoMasked":[
                  "Outcomes Assessor"
                ]
              }
            }
          },
          "EnrollmentInfo":{
            "EnrollmentCount":"120",
            "EnrollmentType":"Anticipated"
          }
        },
        "ArmsInterventionsModule":{
          "ArmGroupList":{
            "ArmGroup":[
              {
                "ArmGroupLabel":"Treatment",
                "ArmGroupType":"Experimental",
                "ArmGroupDescription":"This is a mix of yoga and meditation to alleviate pain",
                "ArmGroupInterventionList":{
                  "ArmGroupInterventionName":[
                    "Behavioral: Treatment",
                    "Other: Usual Cares"
                  ]
                }
              },{
                "ArmGroupLabel":"Control",
                "ArmGroupType":"Active Comparator",
                "ArmGroupDescription":"These are participants undergoing usual care for interstitial cystitis",
                "ArmGroupInterventionList":{
                  "ArmGroupInterventionName":[
                    "Other: Usual Cares"
                  ]
                }
              }
            ]
          },
          "InterventionList":{
            "Intervention":[
              {
                "InterventionType":"Behavioral",
                "InterventionName":"Treatment",
                "InterventionDescription":"This is a combination of yoga and mindfulness",
                "InterventionArmGroupLabelList":{
                  "InterventionArmGroupLabel":[
                    "Treatment"
                  ]
                },
                "InterventionOtherNameList":{
                  "InterventionOtherName":[
                    "Mind/Body Therapy"
                  ]
                }
              },{
                "InterventionType":"Other",
                "InterventionName":"Usual Cares",
                "InterventionDescription":"This is standard treatment for Interstitial cystitis",
                "InterventionArmGroupLabelList":{
                  "InterventionArmGroupLabel":[
                    "Control",
                    "Treatment"
                  ]
                },
                "InterventionOtherNameList":{
                  "InterventionOtherName":[
                    "Standard Cares"
                  ]
                }
              }
            ]
          }
        },
        "OutcomesModule":{
          "PrimaryOutcomeList":{
            "PrimaryOutcome":[
              {
                "PrimaryOutcomeMeasure":"Global Response Assessment",
                "PrimaryOutcomeDescription":"This is a validated single question that determines treatment response",
                "PrimaryOutcomeTimeFrame":"3 months"
              }
            ]
          },
          "SecondaryOutcomeList":{
            "SecondaryOutcome":[
              {
                "SecondaryOutcomeMeasure":"O'Leary-Sant Symptom and Problem Index",
                "SecondaryOutcomeDescription":"This is a validated questionnaire to evaluate interstitial cystitis symptoms.",
                "SecondaryOutcomeTimeFrame":"3 months"
              }
            ]
          }
        },
        "EligibilityModule":{
          "EligibilityCriteria":"Inclusion Criteria:\n\nFemale\n>=Age 18\nIC/BPS diagnosis\nEnglish or Spanish reading/writing\nOwn a Smartphone and able to watch online yoga tutorials\nAbility/willingness to participate in follow up questionnaires\nICSI/ICPI >6 at baseline\nPhysical exam in the past 2 years by urogynecology or gynecologist documenting presence or absence of levator myalgia\n\nExclusion Criteria:\n\nPregnancy or lactating\nInability to speak/write in English/Spanish\nKnown history of recurrent UTI\nUrinary retention ( PVR>150 ml)\nHistory of augmentation cystoplasty or urinary diversion.\nHistory of chemotherapy/radiation or radiation induced cystitis\nHunner's Ulcers demonstrated in last 6 months by cystoscopy\nParkinsonism with neurogenic bladder\nMultiple Sclerosis with neurogenic bladder\nCVA with residual deficits\nPatients with severe mobility impairment and inability to perform yoga postures\nPatients who are hard of hearing or visually impaired\nImprisoned patients\nBladder instillations within the last 6 weeks",
          "HealthyVolunteers":"No",
          "Gender":"Female",
          "MinimumAge":"18 Years",
          "StdAgeList":{
            "StdAge":[
              "Adult",
              "Older Adult"
            ]
          }
        },
        "ContactsLocationsModule":{
          "CentralContactList":{
            "CentralContact":[
              {
                "CentralContactName":"Sierra M Jansen, MD",
                "CentralContactRole":"Contact",
                "CentralContactPhone":"505-272-7541",
                "CentralContactEMail":"sjansen@salud.unm.edu"
              },{
                "CentralContactName":"Karen Taylor, BA",
                "CentralContactRole":"Contact",
                "CentralContactPhone":"505-272-7541",
                "CentralContactEMail":"kataylor@salud.unm.edu"
              }
            ]
          },
          "LocationList":{
            "Location":[
              {
                "LocationFacility":"University of New Mexico",
                "LocationCity":"Albuquerque",
                "LocationState":"New Mexico",
                "LocationZip":"87106",
                "LocationCountry":"United States",
                "LocationContactList":{
                  "LocationContact":[
                    {
                      "LocationContactName":"Sierra M Jansen, MD",
                      "LocationContactRole":"Contact",
                      "LocationContactEMail":"sjansen@salud.unm.edu"
                    }
                  ]
                }
              }
            ]
          }
        },
        "IPDSharingStatementModule":{
          "IPDSharing":"Undecided"
        }
      },
      "DerivedSection":{
        "MiscInfoModule":{
          "VersionHolder":"April 19, 2021"
        },
        "ConditionBrowseModule":{
          "ConditionMeshList":{
            "ConditionMesh":[
              {
                "ConditionMeshId":"D000003556",
                "ConditionMeshTerm":"Cystitis"
              },{
                "ConditionMeshId":"D000018856",
                "ConditionMeshTerm":"Cystitis, Interstitial"
              }
            ]
          },
          "ConditionAncestorList":{
            "ConditionAncestor":[
              {
                "ConditionAncestorId":"D000001745",
                "ConditionAncestorTerm":"Urinary Bladder Diseases"
              },{
                "ConditionAncestorId":"D000014570",
                "ConditionAncestorTerm":"Urologic Diseases"
              }
            ]
          },
          "ConditionBrowseLeafList":{
            "ConditionBrowseLeaf":[
              {
                "ConditionBrowseLeafId":"M5344",
                "ConditionBrowseLeafName":"Cystitis",
                "ConditionBrowseLeafAsFound":"Cystitis",
                "ConditionBrowseLeafRelevance":"high"
              },{
                "ConditionBrowseLeafId":"M19487",
                "ConditionBrowseLeafName":"Cystitis, Interstitial",
                "ConditionBrowseLeafAsFound":"Interstitial Cystitis",
                "ConditionBrowseLeafRelevance":"high"
              },{
                "ConditionBrowseLeafId":"M11649",
                "ConditionBrowseLeafName":"Pain",
                "ConditionBrowseLeafRelevance":"low"
              },{
                "ConditionBrowseLeafId":"M3608",
                "ConditionBrowseLeafName":"Urinary Bladder Diseases",
                "ConditionBrowseLeafRelevance":"low"
              },{
                "ConditionBrowseLeafId":"M15902",
                "ConditionBrowseLeafName":"Urologic Diseases",
                "ConditionBrowseLeafRelevance":"low"
              }
            ]
          },
          "ConditionBrowseBranchList":{
            "ConditionBrowseBranch":[
              {
                "ConditionBrowseBranchAbbrev":"BXS",
                "ConditionBrowseBranchName":"Urinary Tract, Sexual Organs, and Pregnancy Conditions"
              },{
                "ConditionBrowseBranchAbbrev":"All",
                "ConditionBrowseBranchName":"All Conditions"
              },{
                "ConditionBrowseBranchAbbrev":"BC23",
                "ConditionBrowseBranchName":"Symptoms and General Pathology"
              }
            ]
          }
        }
      }
    }
  }
}

