{
  "FullStudy":{
    "Rank":1889,
    "Study":{
      "ProtocolSection":{
        "IdentificationModule":{
          "NCTId":"NCT04825379",
          "OrgStudyIdInfo":{
            "OrgStudyId":"bioactive-composite"
          },
          "Organization":{
            "OrgFullName":"Hacettepe University",
            "OrgClass":"OTHER"
          },
          "BriefTitle":"Clinical Evaluation of a Bioactive Material",
          "OfficialTitle":"Clinical Evaluation of a Bioactive Material"
        },
        "StatusModule":{
          "StatusVerifiedDate":"March 2021",
          "OverallStatus":"Not yet recruiting",
          "ExpandedAccessInfo":{
            "HasExpandedAccess":"No"
          },
          "StartDateStruct":{
            "StartDate":"May 1, 2021",
            "StartDateType":"Anticipated"
          },
          "PrimaryCompletionDateStruct":{
            "PrimaryCompletionDate":"August 1, 2021",
            "PrimaryCompletionDateType":"Anticipated"
          },
          "CompletionDateStruct":{
            "CompletionDate":"August 1, 2024",
            "CompletionDateType":"Anticipated"
          },
          "StudyFirstSubmitDate":"March 28, 2021",
          "StudyFirstSubmitQCDate":"March 28, 2021",
          "StudyFirstPostDateStruct":{
            "StudyFirstPostDate":"April 1, 2021",
            "StudyFirstPostDateType":"Actual"
          },
          "LastUpdateSubmitDate":"March 28, 2021",
          "LastUpdatePostDateStruct":{
            "LastUpdatePostDate":"April 1, 2021",
            "LastUpdatePostDateType":"Actual"
          }
        },
        "SponsorCollaboratorsModule":{
          "ResponsibleParty":{
            "ResponsiblePartyType":"Principal Investigator",
            "ResponsiblePartyInvestigatorFullName":"Dr. Fatma Dilşad Öz",
            "ResponsiblePartyInvestigatorTitle":"Assoc. Prof. Dr.",
            "ResponsiblePartyInvestigatorAffiliation":"Hacettepe University"
          },
          "LeadSponsor":{
            "LeadSponsorName":"Hacettepe University",
            "LeadSponsorClass":"OTHER"
          }
        },
        "OversightModule":{
          "OversightHasDMC":"No",
          "IsFDARegulatedDrug":"No",
          "IsFDARegulatedDevice":"No"
        },
        "DescriptionModule":{
          "BriefSummary":"The clinical performance of a bioactive composite and a posterior resin composite in class II restorations will be evaluated and compared. After recruiting participants with at least 2 approximal caries lesions, all restorations will be placed by a single clinician. All caries lesions will be removed before restoring. Cavities will be divided into two groups: a bioactive composite [Cention N, Ivoclar Vivadent, Schaan, Liechtenstein (CN)] and a posterior resin composite [G-ænial Posterior (GC, Tokyo, Japan) (GP)] All restorative procedures will be conducted according to manufacturers' instructions. Restorations will be scored using FDI criteria after a week (baseline) 6, 12, 24, 36 and 48 months. Descriptive statistics will be performed using chi-square tests."
        },
        "ConditionsModule":{
          "ConditionList":{
            "Condition":[
              "Tooth Disease"
            ]
          }
        },
        "DesignModule":{
          "StudyType":"Interventional",
          "PhaseList":{
            "Phase":[
              "Not Applicable"
            ]
          },
          "DesignInfo":{
            "DesignAllocation":"Randomized",
            "DesignInterventionModel":"Parallel Assignment",
            "DesignPrimaryPurpose":"Treatment",
            "DesignMaskingInfo":{
              "DesignMasking":"Single",
              "DesignWhoMaskedList":{
                "DesignWhoMasked":[
                  "Participant"
                ]
              }
            }
          },
          "EnrollmentInfo":{
            "EnrollmentCount":"50",
            "EnrollmentType":"Anticipated"
          }
        },
        "ArmsInterventionsModule":{
          "ArmGroupList":{
            "ArmGroup":[
              {
                "ArmGroupLabel":"bioactive composite",
                "ArmGroupType":"Experimental",
                "ArmGroupDescription":"Cention N, Ivoclar Vivadent, Schaan, Liechtenstein (CN)",
                "ArmGroupInterventionList":{
                  "ArmGroupInterventionName":[
                    "Device: bioactive composite"
                  ]
                }
              },{
                "ArmGroupLabel":"posterior resin composite",
                "ArmGroupType":"Experimental",
                "ArmGroupDescription":"G-ænial Posterior (GC, Tokyo, Japan) (GP)",
                "ArmGroupInterventionList":{
                  "ArmGroupInterventionName":[
                    "Device: posterior composite"
                  ]
                }
              }
            ]
          },
          "InterventionList":{
            "Intervention":[
              {
                "InterventionType":"Device",
                "InterventionName":"bioactive composite",
                "InterventionDescription":"Cention N",
                "InterventionArmGroupLabelList":{
                  "InterventionArmGroupLabel":[
                    "bioactive composite"
                  ]
                }
              },{
                "InterventionType":"Device",
                "InterventionName":"posterior composite",
                "InterventionDescription":"G-ænial Posterior",
                "InterventionArmGroupLabelList":{
                  "InterventionArmGroupLabel":[
                    "posterior resin composite"
                  ]
                }
              }
            ]
          }
        },
        "OutcomesModule":{
          "PrimaryOutcomeList":{
            "PrimaryOutcome":[
              {
                "PrimaryOutcomeMeasure":"Clinical performances of different restorative systems according to FDI criteria",
                "PrimaryOutcomeDescription":"Two year results according to FDI criteria",
                "PrimaryOutcomeTimeFrame":"two years"
              }
            ]
          }
        },
        "EligibilityModule":{
          "EligibilityCriteria":"Inclusion Criteria:\n\nage range will be 18 to 65\npatients should have at least 2 approximal caries lesions require restoration\nhealthy periodontal status\na good likelihood of recall availability\n\nExclusion Criteria:\n\npoor gingival health\nadverse medical history\npotential behavioral problems",
          "HealthyVolunteers":"Accepts Healthy Volunteers",
          "Gender":"All",
          "MinimumAge":"18 Years",
          "MaximumAge":"65 Years",
          "StdAgeList":{
            "StdAge":[
              "Adult",
              "Older Adult"
            ]
          }
        },
        "ContactsLocationsModule":{
          "LocationList":{
            "Location":[
              {
                "LocationFacility":"Hacettepe University",
                "LocationCity":"Ankara",
                "LocationCountry":"Turkey"
              }
            ]
          }
        },
        "IPDSharingStatementModule":{
          "IPDSharing":"No"
        }
      },
      "DerivedSection":{
        "MiscInfoModule":{
          "VersionHolder":"April 19, 2021"
        },
        "ConditionBrowseModule":{
          "ConditionMeshList":{
            "ConditionMesh":[
              {
                "ConditionMeshId":"D000014076",
                "ConditionMeshTerm":"Tooth Diseases"
              }
            ]
          },
          "ConditionAncestorList":{
            "ConditionAncestor":[
              {
                "ConditionAncestorId":"D000009057",
                "ConditionAncestorTerm":"Stomatognathic Diseases"
              }
            ]
          },
          "ConditionBrowseLeafList":{
            "ConditionBrowseLeaf":[
              {
                "ConditionBrowseLeafId":"M15414",
                "ConditionBrowseLeafName":"Tooth Diseases",
                "ConditionBrowseLeafAsFound":"Tooth Disease",
                "ConditionBrowseLeafRelevance":"high"
              },{
                "ConditionBrowseLeafId":"M10600",
                "ConditionBrowseLeafName":"Stomatognathic Diseases",
                "ConditionBrowseLeafRelevance":"low"
              }
            ]
          },
          "ConditionBrowseBranchList":{
            "ConditionBrowseBranch":[
              {
                "ConditionBrowseBranchAbbrev":"BC07",
                "ConditionBrowseBranchName":"Mouth and Tooth Diseases"
              },{
                "ConditionBrowseBranchAbbrev":"All",
                "ConditionBrowseBranchName":"All Conditions"
              }
            ]
          }
        }
      }
    }
  }
}

