{
  "FullStudy":{
    "Rank":2117,
    "Study":{
      "ProtocolSection":{
        "IdentificationModule":{
          "NCTId":"NCT04822415",
          "OrgStudyIdInfo":{
            "OrgStudyId":"ENDO-CU-2014-06-09"
          },
          "Organization":{
            "OrgFullName":"Cairo University",
            "OrgClass":"OTHER"
          },
          "BriefTitle":"Anaesthetic Efficacy of 2% Mepivacaine Versus 4% Articaine With Symptomatic Irreversible Pulpitis",
          "OfficialTitle":"Anaesthetic Efficacy of 2% Mepivacaine Versus 4% Articaine for Inferior Alveolar Nerve Blocks in Patients With Symptomatic Irreversible Pulpitis in Mandibular Molars: A Randomized Clinical Trial"
        },
        "StatusModule":{
          "StatusVerifiedDate":"March 2021",
          "OverallStatus":"Completed",
          "ExpandedAccessInfo":{
            "HasExpandedAccess":"No"
          },
          "StartDateStruct":{
            "StartDate":"December 2014",
            "StartDateType":"Actual"
          },
          "PrimaryCompletionDateStruct":{
            "PrimaryCompletionDate":"December 2016",
            "PrimaryCompletionDateType":"Actual"
          },
          "CompletionDateStruct":{
            "CompletionDate":"December 2016",
            "CompletionDateType":"Actual"
          },
          "StudyFirstSubmitDate":"March 26, 2021",
          "StudyFirstSubmitQCDate":"March 26, 2021",
          "StudyFirstPostDateStruct":{
            "StudyFirstPostDate":"March 30, 2021",
            "StudyFirstPostDateType":"Actual"
          },
          "LastUpdateSubmitDate":"March 26, 2021",
          "LastUpdatePostDateStruct":{
            "LastUpdatePostDate":"March 30, 2021",
            "LastUpdatePostDateType":"Actual"
          }
        },
        "SponsorCollaboratorsModule":{
          "ResponsibleParty":{
            "ResponsiblePartyType":"Principal Investigator",
            "ResponsiblePartyInvestigatorFullName":"Suzan AW Amin",
            "ResponsiblePartyInvestigatorTitle":"Professor",
            "ResponsiblePartyInvestigatorAffiliation":"Cairo University"
          },
          "LeadSponsor":{
            "LeadSponsorName":"Cairo University",
            "LeadSponsorClass":"OTHER"
          }
        },
        "OversightModule":{
          "OversightHasDMC":"No",
          "IsFDARegulatedDrug":"No",
          "IsFDARegulatedDevice":"No"
        },
        "DescriptionModule":{
          "BriefSummary":"The aim of this randomized, double-blinded, clinical trial was to assess the effect of 3.6 mL 2% mepivacaine hydrochloride with 1:100,000 epinephrine compared to 3.4 mL 4% articaine hydrochloride with 1:100,000 epinephrine on the success of the inferior alveolar nerve block for patients with symptomatic irreversible pulpitis in mandibular molars.",
          "DetailedDescription":"The aim of this randomized, double-blinded, clinical trial was to assess the effect of 3.6 mL 2% mepivacaine hydrochloride with 1:100,000 epinephrine compared to 3.4 mL 4% articaine hydrochloride with 1:100,000 epinephrine on the success of the inferior alveolar nerve block for patients with symptomatic irreversible pulpitis in mandibular molars. Patients were clinically and radiographically examined and their eligibility assessed and preoperative pain was measured using the numerical rating scale (NRS). Patients were randomly assigned to one of 2 groups: experimental group (2% mepivacaine) and the control group (4% articaine). After 15 minutes of the inferior alveolar nerve block (IANB), patients reporting lip numbness had their molars accessed. No-to-mild pain response was considered success during root canal preparation."
        },
        "ConditionsModule":{
          "ConditionList":{
            "Condition":[
              "Symptomatic Irreversible Pulpitis"
            ]
          }
        },
        "DesignModule":{
          "StudyType":"Interventional",
          "PhaseList":{
            "Phase":[
              "Not Applicable"
            ]
          },
          "DesignInfo":{
            "DesignAllocation":"Randomized",
            "DesignInterventionModel":"Parallel Assignment",
            "DesignPrimaryPurpose":"Prevention",
            "DesignMaskingInfo":{
              "DesignMasking":"Quadruple",
              "DesignWhoMaskedList":{
                "DesignWhoMasked":[
                  "Participant",
                  "Care Provider",
                  "Investigator",
                  "Outcomes Assessor"
                ]
              }
            }
          },
          "EnrollmentInfo":{
            "EnrollmentCount":"330",
            "EnrollmentType":"Actual"
          }
        },
        "ArmsInterventionsModule":{
          "ArmGroupList":{
            "ArmGroup":[
              {
                "ArmGroupLabel":"Mepivacaine",
                "ArmGroupType":"Experimental",
                "ArmGroupDescription":"IANB using 3.6 ml of 2% mepivacaine hydrochloride with 1:100,000 epinephrine.",
                "ArmGroupInterventionList":{
                  "ArmGroupInterventionName":[
                    "Drug: Mepivacaine"
                  ]
                }
              },{
                "ArmGroupLabel":"Articaine",
                "ArmGroupType":"Active Comparator",
                "ArmGroupDescription":"IANB using 3.4 ml of 4% articaine hydrochloride with 1:100,000 epinephrine.",
                "ArmGroupInterventionList":{
                  "ArmGroupInterventionName":[
                    "Drug: Articaine"
                  ]
                }
              }
            ]
          },
          "InterventionList":{
            "Intervention":[
              {
                "InterventionType":"Drug",
                "InterventionName":"Mepivacaine",
                "InterventionDescription":"IANB using 3.6 ml of 2% mepivacaine hydrochloride with 1:100,000 epinephrine.",
                "InterventionArmGroupLabelList":{
                  "InterventionArmGroupLabel":[
                    "Mepivacaine"
                  ]
                }
              },{
                "InterventionType":"Drug",
                "InterventionName":"Articaine",
                "InterventionDescription":"IANB using 3.4 ml of 4% articaine hydrochloride with 1:100,000 epinephrine.",
                "InterventionArmGroupLabelList":{
                  "InterventionArmGroupLabel":[
                    "Articaine"
                  ]
                }
              }
            ]
          }
        },
        "OutcomesModule":{
          "PrimaryOutcomeList":{
            "PrimaryOutcome":[
              {
                "PrimaryOutcomeMeasure":"Anaesthetic success",
                "PrimaryOutcomeDescription":"Success of mandibular inferior alveolar nerve block anesthesia during access cavity preparation and instrumentation measured using the 11-point numerical rating scale (NRS) so that no-or-mild pain is considered as anesthetic success and moderate-to-severe pain is considered anesthetic failure.",
                "PrimaryOutcomeTimeFrame":"Intraoperative"
              }
            ]
          },
          "SecondaryOutcomeList":{
            "SecondaryOutcome":[
              {
                "SecondaryOutcomeMeasure":"Need for Supplemental anaesthesia",
                "SecondaryOutcomeDescription":"The need for supplemental anaesthesia to complete treatment (Yes/No).",
                "SecondaryOutcomeTimeFrame":"Intraoperative"
              }
            ]
          }
        },
        "EligibilityModule":{
          "EligibilityCriteria":"Inclusion Criteria:\n\nPatients in good health (American Society of Anesthesiologists Class I or II).\nPatients having symptomatic irreversible pulpitis in one of their mandibular molars.\nAge range between 18 to 50 years.\nPatients who can understand Numerical Rating Scale (NRS).\nPositive patient acceptance and the ability to sign an informed consent.\n\nExclusion Criteria:\n\nPregnant females.\nPatients allergic to articaine, mepivacaine and/or any used medication or material. -\nPatients having active sites of pathosis in the area of injection.\nPatients having active pain in more than one molar.\nPatients who had taken analgesics in the 12 hours preceding treatment.",
          "HealthyVolunteers":"No",
          "Gender":"All",
          "MinimumAge":"18 Years",
          "MaximumAge":"50 Years",
          "StdAgeList":{
            "StdAge":[
              "Adult"
            ]
          }
        },
        "ContactsLocationsModule":{
          "OverallOfficialList":{
            "OverallOfficial":[
              {
                "OverallOfficialName":"Randa ElBoghdadi, PhD",
                "OverallOfficialAffiliation":"Cairo University",
                "OverallOfficialRole":"Study Director"
              }
            ]
          }
        },
        "ReferencesModule":{
          "ReferenceList":{
            "Reference":[
              {
                "ReferencePMID":"27652697",
                "ReferenceType":"background",
                "ReferenceCitation":"Allegretti CE, Sampaio RM, Horliana AC, Armonia PL, Rocha RG, Tortamano IP. Anesthetic Efficacy in Irreversible Pulpitis: A Randomized Clinical Trial. Braz Dent J. 2016 Jul-Aug;27(4):381-6. doi: 10.1590/0103-6440201600663."
              },{
                "ReferencePMID":"30638269",
                "ReferenceType":"background",
                "ReferenceCitation":"Nagendrababu V, Pulikkotil SJ, Suresh A, Veettil SK, Bhatia S, Setzer FC. Efficacy of local anaesthetic solutions on the success of inferior alveolar nerve block in patients with irreversible pulpitis: a systematic review and network meta-analysis of randomized clinical trials. Int Endod J. 2019 Jun;52(6):779-789. doi: 10.1111/iej.13072. Epub 2019 Feb 12."
              }
            ]
          }
        },
        "IPDSharingStatementModule":{
          "IPDSharing":"Undecided"
        }
      },
      "DerivedSection":{
        "MiscInfoModule":{
          "VersionHolder":"April 19, 2021"
        },
        "ConditionBrowseModule":{
          "ConditionMeshList":{
            "ConditionMesh":[
              {
                "ConditionMeshId":"D000011671",
                "ConditionMeshTerm":"Pulpitis"
              }
            ]
          },
          "ConditionAncestorList":{
            "ConditionAncestor":[
              {
                "ConditionAncestorId":"D000003788",
                "ConditionAncestorTerm":"Dental Pulp Diseases"
              },{
                "ConditionAncestorId":"D000014076",
                "ConditionAncestorTerm":"Tooth Diseases"
              },{
                "ConditionAncestorId":"D000009057",
                "ConditionAncestorTerm":"Stomatognathic Diseases"
              }
            ]
          },
          "ConditionBrowseLeafList":{
            "ConditionBrowseLeaf":[
              {
                "ConditionBrowseLeafId":"M13108",
                "ConditionBrowseLeafName":"Pulpitis",
                "ConditionBrowseLeafAsFound":"Pulpitis",
                "ConditionBrowseLeafRelevance":"high"
              },{
                "ConditionBrowseLeafId":"M5567",
                "ConditionBrowseLeafName":"Dental Pulp Diseases",
                "ConditionBrowseLeafRelevance":"low"
              },{
                "ConditionBrowseLeafId":"M15414",
                "ConditionBrowseLeafName":"Tooth Diseases",
                "ConditionBrowseLeafRelevance":"low"
              },{
                "ConditionBrowseLeafId":"M10600",
                "ConditionBrowseLeafName":"Stomatognathic Diseases",
                "ConditionBrowseLeafRelevance":"low"
              }
            ]
          },
          "ConditionBrowseBranchList":{
            "ConditionBrowseBranch":[
              {
                "ConditionBrowseBranchAbbrev":"BC07",
                "ConditionBrowseBranchName":"Mouth and Tooth Diseases"
              },{
                "ConditionBrowseBranchAbbrev":"All",
                "ConditionBrowseBranchName":"All Conditions"
              }
            ]
          }
        },
        "InterventionBrowseModule":{
          "InterventionMeshList":{
            "InterventionMesh":[
              {
                "InterventionMeshId":"D000008619",
                "InterventionMeshTerm":"Mepivacaine"
              },{
                "InterventionMeshId":"D000002355",
                "InterventionMeshTerm":"Carticaine"
              }
            ]
          },
          "InterventionAncestorList":{
            "InterventionAncestor":[
              {
                "InterventionAncestorId":"D000000779",
                "InterventionAncestorTerm":"Anesthetics, Local"
              },{
                "InterventionAncestorId":"D000000777",
                "InterventionAncestorTerm":"Anesthetics"
              },{
                "InterventionAncestorId":"D000002492",
                "InterventionAncestorTerm":"Central Nervous System Depressants"
              },{
                "InterventionAncestorId":"D000045505",
                "InterventionAncestorTerm":"Physiological Effects of Drugs"
              },{
                "InterventionAncestorId":"D000018689",
                "InterventionAncestorTerm":"Sensory System Agents"
              },{
                "InterventionAncestorId":"D000018373",
                "InterventionAncestorTerm":"Peripheral Nervous System Agents"
              }
            ]
          },
          "InterventionBrowseLeafList":{
            "InterventionBrowseLeaf":[
              {
                "InterventionBrowseLeafId":"M2688",
                "InterventionBrowseLeafName":"Anesthetics",
                "InterventionBrowseLeafRelevance":"low"
              },{
                "InterventionBrowseLeafId":"M4191",
                "InterventionBrowseLeafName":"Carticaine",
                "InterventionBrowseLeafAsFound":"Intradermal injection",
                "InterventionBrowseLeafRelevance":"high"
              },{
                "InterventionBrowseLeafId":"M10183",
                "InterventionBrowseLeafName":"Mepivacaine",
                "InterventionBrowseLeafAsFound":"Femoral artery",
                "InterventionBrowseLeafRelevance":"high"
              },{
                "InterventionBrowseLeafId":"M6575",
                "InterventionBrowseLeafName":"Epinephrine",
                "InterventionBrowseLeafRelevance":"low"
              },{
                "InterventionBrowseLeafId":"M28958",
                "InterventionBrowseLeafName":"Racepinephrine",
                "InterventionBrowseLeafRelevance":"low"
              },{
                "InterventionBrowseLeafId":"M217972",
                "InterventionBrowseLeafName":"Epinephryl borate",
                "InterventionBrowseLeafRelevance":"low"
              },{
                "InterventionBrowseLeafId":"M2690",
                "InterventionBrowseLeafName":"Anesthetics, Local",
                "InterventionBrowseLeafRelevance":"low"
              }
            ]
          },
          "InterventionBrowseBranchList":{
            "InterventionBrowseBranch":[
              {
                "InterventionBrowseBranchAbbrev":"CNSDep",
                "InterventionBrowseBranchName":"Central Nervous System Depressants"
              },{
                "InterventionBrowseBranchAbbrev":"All",
                "InterventionBrowseBranchName":"All Drugs and Chemicals"
              },{
                "InterventionBrowseBranchAbbrev":"VaCoAg",
                "InterventionBrowseBranchName":"Vasoconstrictor Agents"
              },{
                "InterventionBrowseBranchAbbrev":"Resp",
                "InterventionBrowseBranchName":"Respiratory System Agents"
              }
            ]
          }
        }
      }
    }
  }
}

