{
  "FullStudy":{
    "Rank":1555,
    "Study":{
      "ProtocolSection":{
        "IdentificationModule":{
          "NCTId":"NCT04829721",
          "OrgStudyIdInfo":{
            "OrgStudyId":"IRB00236091"
          },
          "Organization":{
            "OrgFullName":"Johns Hopkins University",
            "OrgClass":"OTHER"
          },
          "BriefTitle":"Pelvic Floor Disorder Assessment of Knowledge and Symptoms: an Educational Model in Spanish-Speaking Women",
          "OfficialTitle":"Pelvic Floor Disorder Assessment of Knowledge and Symptoms: an Educational Model in Spanish-Speaking Women",
          "Acronym":"PAKS"
        },
        "StatusModule":{
          "StatusVerifiedDate":"March 2021",
          "OverallStatus":"Not yet recruiting",
          "ExpandedAccessInfo":{
            "HasExpandedAccess":"No"
          },
          "StartDateStruct":{
            "StartDate":"April 2021",
            "StartDateType":"Anticipated"
          },
          "PrimaryCompletionDateStruct":{
            "PrimaryCompletionDate":"June 2021",
            "PrimaryCompletionDateType":"Anticipated"
          },
          "CompletionDateStruct":{
            "CompletionDate":"December 2021",
            "CompletionDateType":"Anticipated"
          },
          "StudyFirstSubmitDate":"March 31, 2021",
          "StudyFirstSubmitQCDate":"March 31, 2021",
          "StudyFirstPostDateStruct":{
            "StudyFirstPostDate":"April 2, 2021",
            "StudyFirstPostDateType":"Actual"
          },
          "LastUpdateSubmitDate":"April 8, 2021",
          "LastUpdatePostDateStruct":{
            "LastUpdatePostDate":"April 13, 2021",
            "LastUpdatePostDateType":"Actual"
          }
        },
        "SponsorCollaboratorsModule":{
          "ResponsibleParty":{
            "ResponsiblePartyType":"Sponsor"
          },
          "LeadSponsor":{
            "LeadSponsorName":"Johns Hopkins University",
            "LeadSponsorClass":"OTHER"
          }
        },
        "OversightModule":{
          "OversightHasDMC":"No",
          "IsFDARegulatedDrug":"No",
          "IsFDARegulatedDevice":"No"
        },
        "DescriptionModule":{
          "BriefSummary":"Pelvic floor health workshops have previously been shown to be effective in improving postpartum knowledge, performance of pelvic floor muscle exercises, and bowel-specific quality of life. Group learning through a class focused on behavioral modification and pelvic floor muscle exercises for women with urinary incontinence, has been shown to be an effective means to educate women about urinary incontinence management. The PAKS trial hopes to demonstrate whether Spanish-speaking women that undergo an informative workshop on pelvic floor disorders via video versus standard-of-care educational handouts in Spanish are more likely to raise the level of knowledge surrounding pelvic floor disorders and improve the pelvic floor symptoms.",
          "DetailedDescription":"Purpose: The purpose of this study is to determine if an informational workshop on pelvic floor disorders administered via a video intervention versus standard-of-care educational handouts will increase Spanish-speaking women's knowledge of pelvic floor disorders and decrease pelvic floor symptoms post-intervention.\n\nHypothesis or Aim: A single 20 minute video workshop on pelvic floor disorders will improve Spanish-speaking women's knowledge of pelvic floor disorders compared immediately post-intervention and at 4 weeks postintervention compared to a control group receiving standard-of-care educational handouts who do not participate in the video workshop.\n\nJustification of the Study (Background): It is estimated that by the year 2050 in the United States, 58.2 million women will have at least 1 pelvic floor disorder. However, understanding of these disorders among patients is low. Prior studies assessing patient knowledge have shown that participants often did not understand basic urogynecologic terms such as urinary incontinence, pelvic organ prolapse, and pelvic floor disorder and that the participants had poor knowledge of participants' conditions.\n\nLatinos will comprise 30% of the population in the United States by year 2060. In Hispanic women, barriers such as lower income, lower education, limited English language proficiency and lack of health coverage influence access to health care. In those with pelvic floor disorders, additional barriers such as poor understanding of general medical conditions, medical terminology, and female anatomy may lead to low understanding of participants' condition, treatment options, and therapies. Given this high prevalence estimate, educating and optimizing care for Hispanic women with such disorders is imperative with implications of having a significant societal impact.\n\nPelvic floor health workshops have previously been shown to be effective in improving postpartum knowledge, performance of pelvic floor muscle exercises, and bowel-specific quality of life. Learning through a class focused on behavioral modification and pelvic floor muscle exercises for women with urinary incontinence, was shown to be an effective means to educate women about urinary incontinence management. Women's knowledge, symptoms, and quality-of-life scores significantly improved at 3 months after undergoing an educational pelvic health workshop on incontinence and pelvic organ prolapse.\n\nCurrently, no studies have investigated the effects of a formal educational pelvic floor disorder workshop in Spanish on this knowledge or its impact on patient symptoms in those who suffer from pelvic floor disorders at baseline. The investigators research project proposes to close the gap between patient knowledge and scientific knowledge and potentially improve pelvic floor symptoms. The investigators' video workshop will empower women with knowledge and allow the women to make informed decisions surrounding the women's pelvic floor health. It will provide the women with tools to improve the women's own pelvic floor health. A pelvic floor health workshop targeted to Spanish-speaking women is an innovative concept which could lead to better patient care in a growing population. It may be the first step in prevention of future pelvic floor conditions.\n\nThe target population is Spanish-speaking women, 18 years or older with 66 women being recruited.\n\nSampling method: All participants will be randomized to two groups, the random allocation lists will be generated by a statistician unassociated with the study. The allocations will be loaded onto a computer and access by study team members via REDCap. Interactions between the study team members and the REDCap system will be logged, including the time and date, a patient identifier (patient letter code) and the treatment allocation."
        },
        "ConditionsModule":{
          "ConditionList":{
            "Condition":[
              "Pelvic Organ Prolapse",
              "Urinary Incontinence",
              "Patient Education"
            ]
          }
        },
        "DesignModule":{
          "StudyType":"Interventional",
          "PhaseList":{
            "Phase":[
              "Not Applicable"
            ]
          },
          "DesignInfo":{
            "DesignAllocation":"Randomized",
            "DesignInterventionModel":"Parallel Assignment",
            "DesignPrimaryPurpose":"Other",
            "DesignMaskingInfo":{
              "DesignMasking":"None (Open Label)",
              "DesignMaskingDescription":"As participants and care providers could not be blinded to the intervention assigned and received, masking of participants to the study hypotheses and existence of a placebo arm will be performed."
            }
          },
          "EnrollmentInfo":{
            "EnrollmentCount":"66",
            "EnrollmentType":"Anticipated"
          }
        },
        "ArmsInterventionsModule":{
          "ArmGroupList":{
            "ArmGroup":[
              {
                "ArmGroupLabel":"Educational Video Workshop",
                "ArmGroupType":"Experimental",
                "ArmGroupDescription":"A single 20 minute video workshop on pelvic floor disorders.",
                "ArmGroupInterventionList":{
                  "ArmGroupInterventionName":[
                    "Other: Educational Intervention with video"
                  ]
                }
              },{
                "ArmGroupLabel":"Educational Handouts",
                "ArmGroupType":"Active Comparator",
                "ArmGroupDescription":"A document comprised of standard-of-care educational handouts on pelvic floor disorders.",
                "ArmGroupInterventionList":{
                  "ArmGroupInterventionName":[
                    "Other: Educational Intervention with handouts"
                  ]
                }
              }
            ]
          },
          "InterventionList":{
            "Intervention":[
              {
                "InterventionType":"Other",
                "InterventionName":"Educational Intervention with video",
                "InterventionDescription":"Women randomized to an educational video workshop group.",
                "InterventionArmGroupLabelList":{
                  "InterventionArmGroupLabel":[
                    "Educational Video Workshop"
                  ]
                }
              },{
                "InterventionType":"Other",
                "InterventionName":"Educational Intervention with handouts",
                "InterventionDescription":"Women randomized to standard-of-care educational handout control group.",
                "InterventionArmGroupLabelList":{
                  "InterventionArmGroupLabel":[
                    "Educational Handouts"
                  ]
                }
              }
            ]
          }
        },
        "OutcomesModule":{
          "PrimaryOutcomeList":{
            "PrimaryOutcome":[
              {
                "PrimaryOutcomeMeasure":"Pelvic Floor Knowledge Scores Immediately Postintervention",
                "PrimaryOutcomeDescription":"Difference in scores based on the validated Spanish version of the Prolapse and Incontinence Knowledge Questionnaire immediately postintervention between video workshop and control educational handout groups.\n\nThe Prolapse and Incontinence Knowledge Questionnaire is a 24-item condition-specific questionnaire that consists of 2 knowledge subscales: questions concerning pelvic organ prolapse (score range 0-12) and urinary incontinence (score range 0-12). Each item is given a score of 1 if answered correctly and 0 if answered incorrectly. Women are given a score of 0 if they answered \"I don't know\" or \"No lo sé\" presuming a lack of knowledge. Higher scores mean greater knowledge of these pelvic floor disorders.",
                "PrimaryOutcomeTimeFrame":"Immediately after intervention administered"
              }
            ]
          },
          "SecondaryOutcomeList":{
            "SecondaryOutcome":[
              {
                "SecondaryOutcomeMeasure":"Pelvic Floor Knowledge Scores at 4 Weeks Postintervention",
                "SecondaryOutcomeDescription":"Difference in questionnaire scores based on validated Spanish version of the Prolapse and Incontinence Knowledge Questionnaire postpartum between video workshop and control educational handout groups.\n\nThe Prolapse and Incontinence Knowledge Questionnaire is a 24-item condition-specific questionnaire that consists of 2 knowledge subscales: questions concerning pelvic organ prolapse (score range 0-12) and urinary incontinence (score range 0-12). Each item is given a score of 1 if answered correctly and 0 if answered incorrectly. Women are given a score of 0 if they answered \"I don't know\" or \"No lo sé\" presuming a lack of knowledge. Higher scores mean greater knowledge of these pelvic floor disorders.",
                "SecondaryOutcomeTimeFrame":"At 4 weeks postintervention"
              },{
                "SecondaryOutcomeMeasure":"Pelvic Floor Symptom Scores at 4 Weeks Postintervention",
                "SecondaryOutcomeDescription":"Difference in Pelvic Floor Distress Inventory-20 questionnaire scores at 4 weeks postintervention between video workshop and control educational handout groups.\n\nThe Pelvic Floor Distress Inventory-20 is a set of 20 symptom questions, answered on a 4-point Likert scale: 1 = not at all to 4 = quite a bit. The mean values of all answered items are multiplied by 25 to determine the scale score (range 0-100). A summary score is also reported (range 0-300). Higher scores denote a greater symptom burden.",
                "SecondaryOutcomeTimeFrame":"At 4 weeks postintervention"
              }
            ]
          }
        },
        "EligibilityModule":{
          "EligibilityCriteria":"Inclusion Criteria:\n\nWomen 18 years or older\nInterested in learning about pelvic floor disorders\nSpanish-speaking.\n\nExclusion Criteria:\n\nWomen under 18 years of age\nHave previously completed the Prolapse and Incontinence Knowledge Questionnaire\nUnable to speak Spanish",
          "HealthyVolunteers":"Accepts Healthy Volunteers",
          "Gender":"Female",
          "GenderBased":"Yes",
          "MinimumAge":"18 Years",
          "StdAgeList":{
            "StdAge":[
              "Adult",
              "Older Adult"
            ]
          }
        },
        "ContactsLocationsModule":{
          "CentralContactList":{
            "CentralContact":[
              {
                "CentralContactName":"Keila S Muniz, MD",
                "CentralContactRole":"Contact",
                "CentralContactPhone":"6318967937",
                "CentralContactEMail":"kmuniz@jhmi.edu"
              }
            ]
          },
          "OverallOfficialList":{
            "OverallOfficial":[
              {
                "OverallOfficialName":"Keila S Muniz, MD",
                "OverallOfficialAffiliation":"Johns Hopkins University",
                "OverallOfficialRole":"Study Director"
              }
            ]
          }
        },
        "ReferencesModule":{
          "ReferenceList":{
            "Reference":[
              {
                "ReferencePMID":"19935030",
                "ReferenceType":"background",
                "ReferenceCitation":"Wu JM, Hundley AF, Fulton RG, Myers ER. Forecasting the prevalence of pelvic floor disorders in U.S. Women: 2010 to 2050. Obstet Gynecol. 2009 Dec;114(6):1278-1283. doi: 10.1097/AOG.0b013e3181c2ce96."
              },{
                "ReferencePMID":"20401466",
                "ReferenceType":"background",
                "ReferenceCitation":"Hawary A, Sinclair A, Pearce I. The origin of information: are IUGA-specific patient information leaflets the answer? Int Urogynecol J. 2010 Aug;21(8):1001-4. doi: 10.1007/s00192-010-1142-0. Epub 2010 Apr 17."
              },{
                "ReferencePMID":"21984964",
                "ReferenceType":"background",
                "ReferenceCitation":"Senekjian L, Heintz K, Egger MJ, Nygaard I. Do Women Understand Urogynecologic Terminology? Female Pelvic Med Reconstr Surg. 2011 Sep;17(5):215-217."
              },{
                "ReferencePMID":"23748108",
                "ReferenceType":"background",
                "ReferenceCitation":"Good MM, Korbly N, Kassis NC, Richardson ML, Book NM, Yip S, Saguan D, Gross C, Evans J, Harvie HS, Sung V; Society of Gynecologic Surgeons Fellows Pelvic Research Network. Prolapse-related knowledge and attitudes toward the uterus in women with pelvic organ prolapse symptoms. Am J Obstet Gynecol. 2013 Nov;209(5):481.e1-6. doi: 10.1016/j.ajog.2013.06.001. Epub 2013 Jun 5."
              },{
                "ReferenceType":"background",
                "ReferenceCitation":"Colby SL, Ortman JM. Projections of the size and composition of the U.S. population: 2014 to 2060. Population Estimates 2015. https://www.census.gov/content/dam/Census/library/ publications/2015/demo/p25-1143.pdf. Accessed October 23, 2017."
              },{
                "ReferencePMID":"7366256",
                "ReferenceType":"background",
                "ReferenceCitation":"Roberts RE, Lee ES. Medical care use by Mexican-Americans: evidence from the human population laboratory studies. Med Care. 1980 Mar;18(3):267-81."
              },{
                "ReferencePMID":"7240708",
                "ReferenceType":"background",
                "ReferenceCitation":"Andersen R, Lewis SZ, Giachello AL, Aday LA, Chiu G. Access to medical care among the Hispanic population of the southwestern United States. J Health Soc Behav. 1981 Mar;22(1):78-89."
              },{
                "ReferencePMID":"16646390",
                "ReferenceType":"background",
                "ReferenceCitation":"Freeman G, Lethbridge-Cejku M. Access to health care among Hispanic or Latino women: United States, 2000-2002. Adv Data. 2006 Apr 20;(368):1-25."
              },{
                "ReferencePMID":"20503895",
                "ReferenceType":"background",
                "ReferenceCitation":"Insaf TZ, Jurkowski JM, Alomar L. Sociocultural factors influencing delay in seeking routine health care among Latinas: a community-based participatory research study. Ethn Dis. 2010 Spring;20(2):148-54."
              },{
                "ReferencePMID":"23611934",
                "ReferenceType":"background",
                "ReferenceCitation":"Khan AA, Sevilla C, Wieslander CK, Moran MB, Rashid R, Mittal B, Maliski SL, Rogers RG, Anger JT. Communication barriers among Spanish-speaking women with pelvic floor disorders: lost in translation? Female Pelvic Med Reconstr Surg. 2013 May-Jun;19(3):157-64. doi: 10.1097/SPV.0b013e318288ac1c."
              },{
                "ReferencePMID":"29680079",
                "ReferenceType":"background",
                "ReferenceCitation":"Hyakutake MT, Han V, Baerg L, Koenig NA, Cundiff GW, Lee T, Geoffrion R. Pregnancy-Associated Pelvic Floor Health Knowledge and Reduction of Symptoms: The PREPARED Randomized Controlled Trial. J Obstet Gynaecol Can. 2018 Apr;40(4):418-425. doi: 10.1016/j.jogc.2017.10.022."
              },{
                "ReferencePMID":"9110901",
                "ReferenceType":"background",
                "ReferenceCitation":"Gerard L. Group learning behavior modification and exercise for women with urinary incontinence. Urol Nurs. 1997 Mar;17(1):17-22. Review."
              },{
                "ReferencePMID":"19517050",
                "ReferenceType":"background",
                "ReferenceCitation":"Geoffrion R, Robert M, Ross S, van Heerden D, Neustaedter G, Tang S, Milne J. Evaluating patient learning after an educational program for women with incontinence and pelvic organ prolapse. Int Urogynecol J Pelvic Floor Dysfunct. 2009 Oct;20(10):1243-52. doi: 10.1007/s00192-009-0919-5. Epub 2009 Jun 11."
              },{
                "ReferencePMID":"18480958",
                "ReferenceType":"background",
                "ReferenceCitation":"Shah AD, Massagli MP, Kohli N, Rajan SS, Braaten KP, Hoyte L. A reliable, valid instrument to assess patient knowledge about urinary incontinence and pelvic organ prolapse. Int Urogynecol J Pelvic Floor Dysfunct. 2008 Sep;19(9):1283-9. doi: 10.1007/s00192-008-0631-x. Epub 2008 May 15."
              }
            ]
          }
        },
        "IPDSharingStatementModule":{
          "IPDSharing":"No"
        }
      },
      "DerivedSection":{
        "MiscInfoModule":{
          "VersionHolder":"April 19, 2021"
        },
        "ConditionBrowseModule":{
          "ConditionMeshList":{
            "ConditionMesh":[
              {
                "ConditionMeshId":"D000014549",
                "ConditionMeshTerm":"Urinary Incontinence"
              },{
                "ConditionMeshId":"D000059952",
                "ConditionMeshTerm":"Pelvic Floor Disorders"
              },{
                "ConditionMeshId":"D000011391",
                "ConditionMeshTerm":"Prolapse"
              },{
                "ConditionMeshId":"D000056887",
                "ConditionMeshTerm":"Pelvic Organ Prolapse"
              }
            ]
          },
          "ConditionAncestorList":{
            "ConditionAncestor":[
              {
                "ConditionAncestorId":"D000014555",
                "ConditionAncestorTerm":"Urination Disorders"
              },{
                "ConditionAncestorId":"D000014570",
                "ConditionAncestorTerm":"Urologic Diseases"
              },{
                "ConditionAncestorId":"D000059411",
                "ConditionAncestorTerm":"Lower Urinary Tract Symptoms"
              },{
                "ConditionAncestorId":"D000020924",
                "ConditionAncestorTerm":"Urological Manifestations"
              },{
                "ConditionAncestorId":"D000020763",
                "ConditionAncestorTerm":"Pathological Conditions, Anatomical"
              },{
                "ConditionAncestorId":"D000011248",
                "ConditionAncestorTerm":"Pregnancy Complications"
              }
            ]
          },
          "ConditionBrowseLeafList":{
            "ConditionBrowseLeaf":[
              {
                "ConditionBrowseLeafId":"M15882",
                "ConditionBrowseLeafName":"Urinary Incontinence",
                "ConditionBrowseLeafAsFound":"Urinary Incontinence",
                "ConditionBrowseLeafRelevance":"high"
              },{
                "ConditionBrowseLeafId":"M6519",
                "ConditionBrowseLeafName":"Enuresis",
                "ConditionBrowseLeafRelevance":"low"
              },{
                "ConditionBrowseLeafId":"M12844",
                "ConditionBrowseLeafName":"Prolapse",
                "ConditionBrowseLeafAsFound":"Prolapse",
                "ConditionBrowseLeafRelevance":"high"
              },{
                "ConditionBrowseLeafId":"M28152",
                "ConditionBrowseLeafName":"Pelvic Floor Disorders",
                "ConditionBrowseLeafAsFound":"Pelvic Floor Disorders",
                "ConditionBrowseLeafRelevance":"high"
              },{
                "ConditionBrowseLeafId":"M27205",
                "ConditionBrowseLeafName":"Pelvic Organ Prolapse",
                "ConditionBrowseLeafAsFound":"Pelvic Organ Prolapse",
                "ConditionBrowseLeafRelevance":"high"
              },{
                "ConditionBrowseLeafId":"M15888",
                "ConditionBrowseLeafName":"Urination Disorders",
                "ConditionBrowseLeafRelevance":"low"
              },{
                "ConditionBrowseLeafId":"M15902",
                "ConditionBrowseLeafName":"Urologic Diseases",
                "ConditionBrowseLeafRelevance":"low"
              },{
                "ConditionBrowseLeafId":"M28051",
                "ConditionBrowseLeafName":"Lower Urinary Tract Symptoms",
                "ConditionBrowseLeafRelevance":"low"
              },{
                "ConditionBrowseLeafId":"M21243",
                "ConditionBrowseLeafName":"Urological Manifestations",
                "ConditionBrowseLeafRelevance":"low"
              },{
                "ConditionBrowseLeafId":"M21103",
                "ConditionBrowseLeafName":"Pathological Conditions, Anatomical",
                "ConditionBrowseLeafRelevance":"low"
              },{
                "ConditionBrowseLeafId":"M12710",
                "ConditionBrowseLeafName":"Pregnancy Complications",
                "ConditionBrowseLeafRelevance":"low"
              }
            ]
          },
          "ConditionBrowseBranchList":{
            "ConditionBrowseBranch":[
              {
                "ConditionBrowseBranchAbbrev":"BXS",
                "ConditionBrowseBranchName":"Urinary Tract, Sexual Organs, and Pregnancy Conditions"
              },{
                "ConditionBrowseBranchAbbrev":"BC23",
                "ConditionBrowseBranchName":"Symptoms and General Pathology"
              },{
                "ConditionBrowseBranchAbbrev":"All",
                "ConditionBrowseBranchName":"All Conditions"
              },{
                "ConditionBrowseBranchAbbrev":"BXM",
                "ConditionBrowseBranchName":"Behaviors and Mental Disorders"
              }
            ]
          }
        }
      }
    }
  }
}

