{
  "FullStudy":{
    "Rank":1930,
    "Study":{
      "ProtocolSection":{
        "IdentificationModule":{
          "NCTId":"NCT04824846",
          "OrgStudyIdInfo":{
            "OrgStudyId":"S-UD0020/18(R)"
          },
          "Organization":{
            "OrgFullName":"Universiti Sains Malaysia",
            "OrgClass":"OTHER"
          },
          "BriefTitle":"Low Back Pain and Quality of Life Among the Ambulance Drivers in Malaysia's Hospitals",
          "OfficialTitle":"An Interventional Study on Low Back Pain and Quality of Life Among the Ambulance Drivers in Malaysia's Hospitals"
        },
        "StatusModule":{
          "StatusVerifiedDate":"April 2021",
          "OverallStatus":"Not yet recruiting",
          "ExpandedAccessInfo":{
            "HasExpandedAccess":"No"
          },
          "StartDateStruct":{
            "StartDate":"July 2021",
            "StartDateType":"Anticipated"
          },
          "PrimaryCompletionDateStruct":{
            "PrimaryCompletionDate":"December 2021",
            "PrimaryCompletionDateType":"Anticipated"
          },
          "CompletionDateStruct":{
            "CompletionDate":"December 2021",
            "CompletionDateType":"Anticipated"
          },
          "StudyFirstSubmitDate":"March 27, 2021",
          "StudyFirstSubmitQCDate":"March 27, 2021",
          "StudyFirstPostDateStruct":{
            "StudyFirstPostDate":"April 1, 2021",
            "StudyFirstPostDateType":"Actual"
          },
          "LastUpdateSubmitDate":"April 2, 2021",
          "LastUpdatePostDateStruct":{
            "LastUpdatePostDate":"April 6, 2021",
            "LastUpdatePostDateType":"Actual"
          }
        },
        "SponsorCollaboratorsModule":{
          "ResponsibleParty":{
            "ResponsiblePartyType":"Principal Investigator",
            "ResponsiblePartyInvestigatorFullName":"Ab Hamid Bin Abas",
            "ResponsiblePartyInvestigatorTitle":"Principal Investigator",
            "ResponsiblePartyInvestigatorAffiliation":"Universiti Sains Malaysia"
          },
          "LeadSponsor":{
            "LeadSponsorName":"Universiti Sains Malaysia",
            "LeadSponsorClass":"OTHER"
          }
        },
        "OversightModule":{
          "OversightHasDMC":"Yes",
          "IsFDARegulatedDrug":"No",
          "IsFDARegulatedDevice":"No"
        },
        "DescriptionModule":{
          "BriefSummary":"The study is a community interventional study by using an integrated back pain module (IBPM). The purpose of this study is to find out if the module training has any benefit on Low Back pain among ambulance drivers. The effectiveness of the module is determined by baseline quality of life results compared with after the intervention program completed.",
          "DetailedDescription":"An integrated back pain module (IBPM) will be implemented for ambulance drivers (Respondent) in peninsular Malaysia. Pre-intervention assessment and post-intervention assessment will be conducted in 18 government hospitals involved. There is nine Hospital in Perak that has been selected as an intervention group and nine Hospital in Kelantan will be the Control group. Two different regions are selected; the North region will be the intervention group (Perak) while East Coast will be the control group (Kelantan). The clinical benefits of the IBPM module low back pain and quality of life will be reported at the beginning and the end of the intervention and after a period of 6 months follow up.\n\nThe protocol for the intervention group (Perak) included five components of the education module (IBPM) such as the structure and function of the spine, causes of LBP, how to avoid low back pain at the workplace, Exercise methods, and psychology management. The overall objectives are to help ambulance driver manage their LBP and prevent future LBP recurrences. The first step of the protocol is subjects are required to attend an introductory course for one day and then the intervention will last for 6 months. Research staff will explain how to operate and use the module. Subjects must comply with all the care and prevention guidelines of the research module so that it achieves the expected results. They also need to complete the checklist provided in the Edmodo software via their respective smartphones. Tokens in the form of top-ups will be entered automatically after the checklist is received by researchers.\n\nThe exercise will be performed by participants 5 times per week for a total of 24 weeks. Each individual session will take around 5 minutes to perform exercises independently and sending their report through Edmodo. Light soft tissue exercises techniques such as active muscle stretching, and strengthening exercises will be used as needed to facilitate the educational module therapy."
        },
        "ConditionsModule":{
          "ConditionList":{
            "Condition":[
              "Low Back Pain",
              "Quality of Life"
            ]
          },
          "KeywordList":{
            "Keyword":[
              "LBP",
              "QOL"
            ]
          }
        },
        "DesignModule":{
          "StudyType":"Interventional",
          "PhaseList":{
            "Phase":[
              "Not Applicable"
            ]
          },
          "DesignInfo":{
            "DesignAllocation":"Randomized",
            "DesignInterventionModel":"Parallel Assignment",
            "DesignPrimaryPurpose":"Treatment",
            "DesignMaskingInfo":{
              "DesignMasking":"None (Open Label)"
            }
          },
          "EnrollmentInfo":{
            "EnrollmentCount":"198",
            "EnrollmentType":"Anticipated"
          }
        },
        "ArmsInterventionsModule":{
          "ArmGroupList":{
            "ArmGroup":[
              {
                "ArmGroupLabel":"Ambulance drivers with received Integrated back pain module (IBPM)",
                "ArmGroupType":"Experimental",
                "ArmGroupDescription":"Behavioral: Integrated back pain module (IBPM)",
                "ArmGroupInterventionList":{
                  "ArmGroupInterventionName":[
                    "Behavioral: Integrated back pain module (IBPM)"
                  ]
                }
              },{
                "ArmGroupLabel":"Ambulance drivers with received Health Educational Pamphlet.",
                "ArmGroupType":"Other",
                "ArmGroupDescription":"Other: Health Educational Pamphlet.",
                "ArmGroupInterventionList":{
                  "ArmGroupInterventionName":[
                    "Other: Health Educational Pamphlet."
                  ]
                }
              }
            ]
          },
          "InterventionList":{
            "Intervention":[
              {
                "InterventionType":"Behavioral",
                "InterventionName":"Integrated back pain module (IBPM)",
                "InterventionDescription":"All Ambulance drivers will be screening with the Proforma to determine their low back pain symptoms. Those workers who are diagnosed with mechanical back pain during the 12 months fulfill a self-report quality of life questionnaire (SF-36). Then Integrated back pain module (IBPM) will be delivered to them after the introduction course conducted for 1 day and then the intervention will last for 6 months. Research staff will explain how to operate and use the module. Subjects must comply with all the care and prevention guidelines of the research module so that it achieves the expected results. They also need to complete the checklist provided in the Edmodo software via their respective smartphones.",
                "InterventionArmGroupLabelList":{
                  "InterventionArmGroupLabel":[
                    "Ambulance drivers with received Integrated back pain module (IBPM)"
                  ]
                }
              },{
                "InterventionType":"Other",
                "InterventionName":"Health Educational Pamphlet.",
                "InterventionDescription":"In Health Educational Pamphlet (HEP) sessions, Participants will be taught the importance of movement and activity, pain management techniques, and methods for developing spinal posture awareness during activities of daily living (e.g., lifting, pushing, pulling, sitting, getting out of bed, and using a backpack).",
                "InterventionArmGroupLabelList":{
                  "InterventionArmGroupLabel":[
                    "Ambulance drivers with received Health Educational Pamphlet."
                  ]
                }
              }
            ]
          }
        },
        "OutcomesModule":{
          "PrimaryOutcomeList":{
            "PrimaryOutcome":[
              {
                "PrimaryOutcomeMeasure":"Comparison of Quality of life in patients with Low back Pain before and after Integrated back pain module delivered.",
                "PrimaryOutcomeDescription":"Quality of life was assessed by Short-Form 36 Health Survey (SF-36) High scores indicate good quality of life and low scores represent poor quality of life.",
                "PrimaryOutcomeTimeFrame":"Change from baseline, 6 weeks, 12 weeks, and 24 weeks"
              }
            ]
          }
        },
        "EligibilityModule":{
          "EligibilityCriteria":"Inclusion Criteria:\n\nAdult ≥ 18 years old.\nWorking experience ≥ 1 year\n\nExclusion Criteria:\n\nPatients with Uncontrolled Chronic Illness such as Hypertension, Diabetes Mellitus, Osteoarthritis and Gout.\nInjury or surgery of the spine",
          "HealthyVolunteers":"No",
          "Gender":"Male",
          "GenderBased":"Yes",
          "GenderDescription":"Ambulance Drivers in Malaysia's Hospitals",
          "MinimumAge":"20 Years",
          "MaximumAge":"60 Years",
          "StdAgeList":{
            "StdAge":[
              "Adult"
            ]
          }
        },
        "ContactsLocationsModule":{
          "CentralContactList":{
            "CentralContact":[
              {
                "CentralContactName":"Ab Hamid B Abas, Mr",
                "CentralContactRole":"Contact",
                "CentralContactPhone":"+601123823181",
                "CentralContactEMail":"hamilah742000@gmail.com"
              },{
                "CentralContactName":"Mohd Nazri B Shafei, Asso. Prof",
                "CentralContactRole":"Contact",
                "CentralContactPhone":"+60199396949",
                "CentralContactEMail":"drnazri@usm.my"
              }
            ]
          },
          "OverallOfficialList":{
            "OverallOfficial":[
              {
                "OverallOfficialName":"Mohd Nazri B Shafei",
                "OverallOfficialAffiliation":"University Science Malaysia",
                "OverallOfficialRole":"Study Chair"
              }
            ]
          },
          "LocationList":{
            "Location":[
              {
                "LocationFacility":"Ministry of Health Hospital",
                "LocationCity":"Ipoh",
                "LocationState":"Perak",
                "LocationZip":"31250",
                "LocationCountry":"Malaysia",
                "LocationContactList":{
                  "LocationContact":[
                    {
                      "LocationContactName":"Sharon Lojikip, Doctor",
                      "LocationContactRole":"Contact",
                      "LocationContactPhone":"+60166588825",
                      "LocationContactEMail":"sharon.lojikip@crcmoh.gov.my"
                    },{
                      "LocationContactName":"Ab Hamid B Abas, Mr",
                      "LocationContactRole":"Contact",
                      "LocationContactPhone":"+601123823181",
                      "LocationContactEMail":"hamilah742000@gmail.com"
                    }
                  ]
                }
              }
            ]
          }
        },
        "IPDSharingStatementModule":{
          "IPDSharing":"No"
        }
      },
      "DerivedSection":{
        "MiscInfoModule":{
          "VersionHolder":"April 19, 2021"
        },
        "ConditionBrowseModule":{
          "ConditionMeshList":{
            "ConditionMesh":[
              {
                "ConditionMeshId":"D000001416",
                "ConditionMeshTerm":"Back Pain"
              },{
                "ConditionMeshId":"D000017116",
                "ConditionMeshTerm":"Low Back Pain"
              }
            ]
          },
          "ConditionAncestorList":{
            "ConditionAncestor":[
              {
                "ConditionAncestorId":"D000010146",
                "ConditionAncestorTerm":"Pain"
              },{
                "ConditionAncestorId":"D000009461",
                "ConditionAncestorTerm":"Neurologic Manifestations"
              }
            ]
          },
          "ConditionBrowseLeafList":{
            "ConditionBrowseLeaf":[
              {
                "ConditionBrowseLeafId":"M3295",
                "ConditionBrowseLeafName":"Back Pain",
                "ConditionBrowseLeafAsFound":"Back Pain",
                "ConditionBrowseLeafRelevance":"high"
              },{
                "ConditionBrowseLeafId":"M18016",
                "ConditionBrowseLeafName":"Low Back Pain",
                "ConditionBrowseLeafAsFound":"Low Back Pain",
                "ConditionBrowseLeafRelevance":"high"
              },{
                "ConditionBrowseLeafId":"M11649",
                "ConditionBrowseLeafName":"Pain",
                "ConditionBrowseLeafRelevance":"low"
              },{
                "ConditionBrowseLeafId":"M10987",
                "ConditionBrowseLeafName":"Neurologic Manifestations",
                "ConditionBrowseLeafRelevance":"low"
              },{
                "ConditionBrowseLeafId":"T6034",
                "ConditionBrowseLeafName":"Quality of Life",
                "ConditionBrowseLeafAsFound":"Quality of Life",
                "ConditionBrowseLeafRelevance":"high"
              }
            ]
          },
          "ConditionBrowseBranchList":{
            "ConditionBrowseBranch":[
              {
                "ConditionBrowseBranchAbbrev":"BC23",
                "ConditionBrowseBranchName":"Symptoms and General Pathology"
              },{
                "ConditionBrowseBranchAbbrev":"All",
                "ConditionBrowseBranchName":"All Conditions"
              },{
                "ConditionBrowseBranchAbbrev":"BC10",
                "ConditionBrowseBranchName":"Nervous System Diseases"
              },{
                "ConditionBrowseBranchAbbrev":"BXM",
                "ConditionBrowseBranchName":"Behaviors and Mental Disorders"
              }
            ]
          }
        }
      }
    }
  }
}

