{
  "FullStudy":{
    "Rank":1950,
    "Study":{
      "ProtocolSection":{
        "IdentificationModule":{
          "NCTId":"NCT04824586",
          "OrgStudyIdInfo":{
            "OrgStudyId":"Intraoperative Insulin"
          },
          "Organization":{
            "OrgFullName":"The Hashemite University",
            "OrgClass":"OTHER"
          },
          "BriefTitle":"Intraoperative Insulin Administration at Cardiac Surgery for Diabetic Patients",
          "OfficialTitle":"Intraoperative Insulin Administration (Infusion Regimen vs. Bolus Regimen) at Cardiac Surgery for Type II Diabetic Patients; A Randomised Control Trial."
        },
        "StatusModule":{
          "StatusVerifiedDate":"March 2021",
          "OverallStatus":"Completed",
          "ExpandedAccessInfo":{
            "HasExpandedAccess":"No"
          },
          "StartDateStruct":{
            "StartDate":"June 1, 2019",
            "StartDateType":"Actual"
          },
          "PrimaryCompletionDateStruct":{
            "PrimaryCompletionDate":"January 30, 2020",
            "PrimaryCompletionDateType":"Actual"
          },
          "CompletionDateStruct":{
            "CompletionDate":"January 30, 2020",
            "CompletionDateType":"Actual"
          },
          "StudyFirstSubmitDate":"March 20, 2021",
          "StudyFirstSubmitQCDate":"March 27, 2021",
          "StudyFirstPostDateStruct":{
            "StudyFirstPostDate":"April 1, 2021",
            "StudyFirstPostDateType":"Actual"
          },
          "LastUpdateSubmitDate":"March 27, 2021",
          "LastUpdatePostDateStruct":{
            "LastUpdatePostDate":"April 1, 2021",
            "LastUpdatePostDateType":"Actual"
          }
        },
        "SponsorCollaboratorsModule":{
          "ResponsibleParty":{
            "ResponsiblePartyType":"Principal Investigator",
            "ResponsiblePartyInvestigatorFullName":"Mohanad Mousa Taha Odeh",
            "ResponsiblePartyInvestigatorTitle":"Director of Pharmacy Management & Pharmaceutical Care Innovation Centrer",
            "ResponsiblePartyInvestigatorAffiliation":"The Hashemite University"
          },
          "LeadSponsor":{
            "LeadSponsorName":"The Hashemite University",
            "LeadSponsorClass":"OTHER"
          }
        },
        "OversightModule":{
          "OversightHasDMC":"No",
          "IsFDARegulatedDrug":"No",
          "IsFDARegulatedDevice":"No",
          "IsUSExport":"No"
        },
        "DescriptionModule":{
          "BriefSummary":"The primary objective of the study was to explore which insulin-based regimen is better, infusion or bolus regimen, for intraoperative management of glucose level for the diabetic patient at cardiac surgery. Secondary objectives include: comparing the relative amounts of insulin needed during the operation and subsequent cost impact and comparing potassium levels between groups.\n\nEthical approval for the study was obtained from the Office for Research Ethics Committees at Hashemite University - Prince Hamza hospital.\n\nThis study was a parallel-group, randomized, controlled trial with 1:1 allocation ratio.\n\nParticipants: Adult diabetic patients, type 2, who were admitted to hospital for cardiac surgery.\n\nThe intervention: Both patients in the infusion or bolus group received their dose of insulin, fast-acting human insulin (Actrapid®) was used.\n\nSetting: Patients were recruited at Prince Hamza hospital, Amman, Jordan. A tertiary care center specialized unit in cardiac surgery for diabetic patients.\n\nOutcomes monitoring: It was monitored six times as follows: preoperative induction measure, then glucose post heparin, and after that for 2 hours, glucose levels were monitored every 30 minutes. Insulin quantities were recorded as well to be used in secondary outcomes analysis.\n\nRandomization, allocation, and blinding During patient enrolment, concealed allocation to either infusion group or bolus group was guaranteed through the use of a closed envelope system prepared by an independent investigator. Block randomization with random block sizes, ensured allocation balance, and avoided selection bias by preventing allocation prediction. Researchers and physicians were blind to the block size sequence and randomization. Envelopes were unopened until completion of patient registration. Hospital staff who monitor glucose and those who administered insulin were blinded to the primary and secondary outcomes' measure.",
          "DetailedDescription":"The primary objective of the study was to explore which insulin-based regimen is better, infusion or bolus regimen, for intraoperative management of glucose level for the diabetic patient at cardiac surgery. Secondary objectives include: comparing the relative amounts of insulin needed during the operation and subsequent cost impact and comparing potassium levels between groups.\n\nEthical approval and study registration Ethical approval for the study was obtained from the Office for Research Ethics Committees at Hashemite University - Prince Hamza hospital with reference number 2/1/2019/2020.\n\nMethods and Materials This study was a parallel-group, randomized, controlled trial with 1:1 allocation ratio.\n\nParticipants Adult diabetic patients, type 2, who were admitted to hospital for cardiac surgery. In addition to signing the consent form, patients were recruited when they met the following criteria: >40 years old, patients who need the usual insulin according to insulin dosing guidelines, patients with pre-operation glucose level > 200 mg/dL and < 300 mg/dL.\n\nThe following patients were excluded: Insulin sensitive patents (Age >70 years, Glomerular Filtration Rate (GFR) <45 ml/min, No history of Diabetes, Insulin resistance patients (Body Mass Index > 35 kg/m2, total daily insulin dose >80 units, Steroids > 20 mg prednisone daily, patients who at high risk of complications and or (those whom their operation was differed to be supervised by a specialized team). Patients who were unable to give written informed consent, who had ≥4 emergency admissions during the six months prior to the index admission.\n\nThe intervention Both patients in the infusion or bolus group received their dose of insulin, fast-acting human insulin (Actrapid®) was used. The protocol of the insulin regimen and its related details were carried out according to the standard recommendations.\n\nSetting Patients were recruited at Prince Hamza Hospital, Amman, Jordan. A tertiary care center specialized unit in cardiac surgery for diabetic patients.\n\nDiabetic patients who had booked cardiac surgery and met the criteria were invited to the study. Patients who accepted participation and signed the consent were recruited by well-trained research assistance, who was trained on an ethical standard and patient-centered approach.\n\nPrimary and secondary outcomes In the present study, the primary outcome was the intraoperative level of glucose. It was monitored six times as follows: preoperative induction measure, then glucose post heparin, and after that for 2 hours, glucose levels were monitored every 30 minutes. Insulin quantities were recorded as well to be used in secondary outcomes analysis.\n\nSample size To detect a difference of at least 25mg/dL between infusion and bolus groups (the standard deviation of the two groups is expected to be 35 mg/dL, i.e., the variance is 1225 mg/dL), the study will need to recruit and record full data for at least 31 patients in each group. Providing that significant level of confidence 95% and the power of 80%.\n\nn = (Zα/2+Zβ)2 *2*σ2 / d2. where Zα/2 is the critical value of the Normal distribution at α/2 (for a confidence level of 95%, α is 0.05, and the critical value is 1.96), Zβ is the critical value of the Normal distribution at β (for a power of 80%, β is 0.2, and the critical value is 0.84), σ2 is the population variance, and d is the difference needed to be detected.\n\nStatistical methods Standard independent-samples t-test or separate variances t-test (Welch t-test) was used to compare the results between the two arms of the study. General Linear Model, one-way repeated measures ANOVA was conducted to determine whether there was a statistically significant difference within groups. Cost analysis and cost-effectiveness were used for the pharmacoeconomic analysis. Incremental cost-effectiveness ratio (ICER) was calculated as the cost of insulin in the Infusion protocol minus the cost of insulin in the bolus protocol divided by drop-in glucose level by infusion - drop in glucose level by bolus).\n\nRandomization, allocation, and blinding During patient enrolment, concealed allocation to either infusion group or bolus group was guaranteed through the use of a closed envelope system prepared by an independent investigator. Block randomization with random block sizes, ensured allocation balance, and avoided selection bias by preventing allocation prediction. Researchers and physicians were blind to the block size sequence and randomization. Envelopes were unopened until completion of patient registration. Hospital staff who monitor glucose and those who administered insulin were blinded to the primary and secondary outcomes' measure."
        },
        "ConditionsModule":{
          "ConditionList":{
            "Condition":[
              "Diabetes Mellitus",
              "Cardiac Event"
            ]
          },
          "KeywordList":{
            "Keyword":[
              "Type II diabetes mellitus",
              "Cardiac surgery",
              "Insulin",
              "Insulin infusion regimen",
              "Insulin bolus regimen"
            ]
          }
        },
        "DesignModule":{
          "StudyType":"Interventional",
          "PhaseList":{
            "Phase":[
              "Phase 4"
            ]
          },
          "DesignInfo":{
            "DesignAllocation":"Randomized",
            "DesignInterventionModel":"Parallel Assignment",
            "DesignInterventionModelDescription":"This study was a parallel-group, randomized, controlled trial with 1:1 allocation ratio.",
            "DesignPrimaryPurpose":"Treatment",
            "DesignMaskingInfo":{
              "DesignMasking":"Triple",
              "DesignWhoMaskedList":{
                "DesignWhoMasked":[
                  "Participant",
                  "Care Provider",
                  "Investigator"
                ]
              }
            }
          },
          "EnrollmentInfo":{
            "EnrollmentCount":"70",
            "EnrollmentType":"Actual"
          }
        },
        "ArmsInterventionsModule":{
          "ArmGroupList":{
            "ArmGroup":[
              {
                "ArmGroupLabel":"Insulin infusion regimen",
                "ArmGroupType":"Experimental",
                "ArmGroupDescription":"Adult type II diabetic patients, who were admitted to hospital for cardiac surgery. These group received their dose of insulin; Insulin infusion regimen.\n\nFast-acting human insulin (Actrapid®) was used in this group.",
                "ArmGroupInterventionList":{
                  "ArmGroupInterventionName":[
                    "Drug: Fast-acting human insulin"
                  ]
                }
              },{
                "ArmGroupLabel":"Insulin bolus regimen",
                "ArmGroupType":"Experimental",
                "ArmGroupDescription":"Adult type II diabetic patients, who were admitted to hospital for cardiac surgery. These group received their dose of insulin; Insulin bolus regimen.\n\nFast-acting human insulin (Actrapid®) was used in this group.",
                "ArmGroupInterventionList":{
                  "ArmGroupInterventionName":[
                    "Drug: Fast-acting human insulin"
                  ]
                }
              }
            ]
          },
          "InterventionList":{
            "Intervention":[
              {
                "InterventionType":"Drug",
                "InterventionName":"Fast-acting human insulin",
                "InterventionDescription":"Both patients in the infusion or bolus group received their dose of insulin. The protocol of the insulin regimen and its related details were carried out according to the standard recommendations in a hospital where the trial done.",
                "InterventionArmGroupLabelList":{
                  "InterventionArmGroupLabel":[
                    "Insulin bolus regimen",
                    "Insulin infusion regimen"
                  ]
                },
                "InterventionOtherNameList":{
                  "InterventionOtherName":[
                    "Actrapid®"
                  ]
                }
              }
            ]
          }
        },
        "OutcomesModule":{
          "PrimaryOutcomeList":{
            "PrimaryOutcome":[
              {
                "PrimaryOutcomeMeasure":"Intraoperative level of glucose",
                "PrimaryOutcomeDescription":"To explore which insulin-based regimen is better, infusion or bolus regimen, for intraoperative management of glucose level for the diabetic patient at cardiac surgery.",
                "PrimaryOutcomeTimeFrame":"Change from baseline glucose level (preoperative) at six hours intraoperative"
              }
            ]
          },
          "SecondaryOutcomeList":{
            "SecondaryOutcome":[
              {
                "SecondaryOutcomeMeasure":"Insulin quantities",
                "SecondaryOutcomeDescription":"To compare the relative amounts of insulin needed during the operation and subsequent cost impact and comparing potassium levels between groups",
                "SecondaryOutcomeTimeFrame":"Change from baseline glucose level (preoperative) at six hours intraoperative"
              }
            ]
          }
        },
        "EligibilityModule":{
          "EligibilityCriteria":"Inclusion Criteria:\n\nDiabetic patients, type 2, who were admitted to hospital for cardiac surgery.\nPatient above 40 years old,\nPatients who need the usual insulin according to insulin dosing guidelines\nPatients with pre-operation glucose level > 200 mg/dL and < 300 mg/dL.\n\nExclusion Criteria:\n\nInsulin sensitive patents (Age >70 years, Glomerular Filtration Rate (GFR) <45 ml/min, No history of Diabetes, Insulin resistance patients (Body Mass Index > 35 kg/m2, total daily insulin dose >80 units, Steroids > 20 mg prednisone daily, patients who at high risk of complications and or (those whom their operation was differed to be supervised by a specialized team).\nPatients who were unable to give written informed consent.\nPatients have ≥4 emergency admissions during the six months prior to the index admission.",
          "HealthyVolunteers":"No",
          "Gender":"All",
          "MinimumAge":"40 Years",
          "MaximumAge":"70 Years",
          "StdAgeList":{
            "StdAge":[
              "Adult",
              "Older Adult"
            ]
          }
        },
        "ContactsLocationsModule":{
          "OverallOfficialList":{
            "OverallOfficial":[
              {
                "OverallOfficialName":"Mohanad M Odeh, PhD",
                "OverallOfficialAffiliation":"The Hashemite University",
                "OverallOfficialRole":"Principal Investigator"
              }
            ]
          },
          "LocationList":{
            "Location":[
              {
                "LocationFacility":"Prince Hamza Hospital",
                "LocationCity":"Amman",
                "LocationCountry":"Jordan"
              }
            ]
          }
        },
        "IPDSharingStatementModule":{
          "IPDSharing":"No"
        }
      },
      "DerivedSection":{
        "MiscInfoModule":{
          "VersionHolder":"April 19, 2021"
        },
        "ConditionBrowseModule":{
          "ConditionMeshList":{
            "ConditionMesh":[
              {
                "ConditionMeshId":"D000003920",
                "ConditionMeshTerm":"Diabetes Mellitus"
              }
            ]
          },
          "ConditionAncestorList":{
            "ConditionAncestor":[
              {
                "ConditionAncestorId":"D000044882",
                "ConditionAncestorTerm":"Glucose Metabolism Disorders"
              },{
                "ConditionAncestorId":"D000008659",
                "ConditionAncestorTerm":"Metabolic Diseases"
              },{
                "ConditionAncestorId":"D000004700",
                "ConditionAncestorTerm":"Endocrine System Diseases"
              }
            ]
          },
          "ConditionBrowseLeafList":{
            "ConditionBrowseLeaf":[
              {
                "ConditionBrowseLeafId":"M5698",
                "ConditionBrowseLeafName":"Diabetes Mellitus",
                "ConditionBrowseLeafAsFound":"Diabetes Mellitus",
                "ConditionBrowseLeafRelevance":"high"
              },{
                "ConditionBrowseLeafId":"M5702",
                "ConditionBrowseLeafName":"Diabetes Mellitus, Type 2",
                "ConditionBrowseLeafRelevance":"low"
              },{
                "ConditionBrowseLeafId":"M10222",
                "ConditionBrowseLeafName":"Metabolic Diseases",
                "ConditionBrowseLeafRelevance":"low"
              },{
                "ConditionBrowseLeafId":"M23990",
                "ConditionBrowseLeafName":"Glucose Metabolism Disorders",
                "ConditionBrowseLeafRelevance":"low"
              },{
                "ConditionBrowseLeafId":"M6445",
                "ConditionBrowseLeafName":"Endocrine System Diseases",
                "ConditionBrowseLeafRelevance":"low"
              }
            ]
          },
          "ConditionBrowseBranchList":{
            "ConditionBrowseBranch":[
              {
                "ConditionBrowseBranchAbbrev":"BC18",
                "ConditionBrowseBranchName":"Nutritional and Metabolic Diseases"
              },{
                "ConditionBrowseBranchAbbrev":"BC19",
                "ConditionBrowseBranchName":"Gland and Hormone Related Diseases"
              },{
                "ConditionBrowseBranchAbbrev":"All",
                "ConditionBrowseBranchName":"All Conditions"
              }
            ]
          }
        },
        "InterventionBrowseModule":{
          "InterventionMeshList":{
            "InterventionMesh":[
              {
                "InterventionMeshId":"D000007328",
                "InterventionMeshTerm":"Insulin"
              },{
                "InterventionMeshId":"C000557859",
                "InterventionMeshTerm":"Insulin, Globin Zinc"
              }
            ]
          },
          "InterventionAncestorList":{
            "InterventionAncestor":[
              {
                "InterventionAncestorId":"D000007004",
                "InterventionAncestorTerm":"Hypoglycemic Agents"
              },{
                "InterventionAncestorId":"D000045505",
                "InterventionAncestorTerm":"Physiological Effects of Drugs"
              }
            ]
          },
          "InterventionBrowseLeafList":{
            "InterventionBrowseLeaf":[
              {
                "InterventionBrowseLeafId":"M8948",
                "InterventionBrowseLeafName":"Insulin",
                "InterventionBrowseLeafAsFound":"Stimulating",
                "InterventionBrowseLeafRelevance":"high"
              },{
                "InterventionBrowseLeafId":"M178017",
                "InterventionBrowseLeafName":"Insulin, Globin Zinc",
                "InterventionBrowseLeafAsFound":"Stimulating",
                "InterventionBrowseLeafRelevance":"high"
              },{
                "InterventionBrowseLeafId":"M16351",
                "InterventionBrowseLeafName":"Zinc",
                "InterventionBrowseLeafRelevance":"low"
              },{
                "InterventionBrowseLeafId":"M8637",
                "InterventionBrowseLeafName":"Hypoglycemic Agents",
                "InterventionBrowseLeafRelevance":"low"
              }
            ]
          },
          "InterventionBrowseBranchList":{
            "InterventionBrowseBranch":[
              {
                "InterventionBrowseBranchAbbrev":"Hypo",
                "InterventionBrowseBranchName":"Hypoglycemic Agents"
              },{
                "InterventionBrowseBranchAbbrev":"All",
                "InterventionBrowseBranchName":"All Drugs and Chemicals"
              },{
                "InterventionBrowseBranchAbbrev":"Micro",
                "InterventionBrowseBranchName":"Micronutrients"
              }
            ]
          }
        }
      }
    }
  }
}

