{
  "FullStudy":{
    "Rank":1986,
    "Study":{
      "ProtocolSection":{
        "IdentificationModule":{
          "NCTId":"NCT04824118",
          "OrgStudyIdInfo":{
            "OrgStudyId":"AC20164"
          },
          "Organization":{
            "OrgFullName":"NHS Lothian",
            "OrgClass":"OTHER_GOV"
          },
          "BriefTitle":"Clotting Parameters After Medical Abortion",
          "OfficialTitle":"Measuring the Changes in Clotting Parameters Before and After Medical Abortion",
          "Acronym":"C-PLAN"
        },
        "StatusModule":{
          "StatusVerifiedDate":"October 2020",
          "OverallStatus":"Recruiting",
          "ExpandedAccessInfo":{
            "HasExpandedAccess":"No"
          },
          "StartDateStruct":{
            "StartDate":"March 26, 2021",
            "StartDateType":"Actual"
          },
          "PrimaryCompletionDateStruct":{
            "PrimaryCompletionDate":"June 2021",
            "PrimaryCompletionDateType":"Anticipated"
          },
          "CompletionDateStruct":{
            "CompletionDate":"August 2021",
            "CompletionDateType":"Anticipated"
          },
          "StudyFirstSubmitDate":"December 7, 2020",
          "StudyFirstSubmitQCDate":"March 26, 2021",
          "StudyFirstPostDateStruct":{
            "StudyFirstPostDate":"April 1, 2021",
            "StudyFirstPostDateType":"Actual"
          },
          "LastUpdateSubmitDate":"March 31, 2021",
          "LastUpdatePostDateStruct":{
            "LastUpdatePostDate":"April 5, 2021",
            "LastUpdatePostDateType":"Actual"
          }
        },
        "SponsorCollaboratorsModule":{
          "ResponsibleParty":{
            "ResponsiblePartyType":"Sponsor"
          },
          "LeadSponsor":{
            "LeadSponsorName":"NHS Lothian",
            "LeadSponsorClass":"OTHER_GOV"
          },
          "CollaboratorList":{
            "Collaborator":[
              {
                "CollaboratorName":"University of Edinburgh",
                "CollaboratorClass":"OTHER"
              }
            ]
          }
        },
        "OversightModule":{
          "OversightHasDMC":"No",
          "IsFDARegulatedDrug":"No",
          "IsFDARegulatedDevice":"No"
        },
        "DescriptionModule":{
          "BriefSummary":"Venous thromboembolism (VTE - blood clots that form in deep veins or in the lungs) has been identified as a leading cause of death in economically developed countries for pregnant and recently-pregnant women.\n\nThere is evidence that clotting parameters can take up to 6 weeks to return to normal for women who have had term deliveries, however there is an absence of information on time taken for clotting parameters to normalise following abortion.\n\nAs such, existing guidelines are based solely on expert opinion and recommend durations of VTE prevention from as short as 7 days, up to 6 weeks following abortion.\n\nAll women are assessed for risk of VTE, but data are needed to inform an evidence-based approach to prevention of VTE in these women.\n\nThe findings from this pilot study have the potential to inform clinical guidance and possibly a larger study subsequently.",
          "DetailedDescription":"Sample population: Women who attend the abortion service at the Chalmers Centre to receive abortion assessment and abortion care. There will be 3 groups recruited based upon gestational age of pregnancy - Group 1: Gestation less than 10 weeks (10 participants), Group 2: Gestation 10+0 -13+6 weeks (10 participants), Group 3: Gestation 14+0-20+0 weeks (10 participants).\n\nInformation Sheet: All new patients attending the clinic will be given a copy of the participant information sheet, so that they have time to read about the study. The Information sheet will also be available on the 'research' section of the clinic website - all women are routinely directed to this page before attending clinic.\n\nApproach by research staff: Following registration, all patients are taken for an ultrasound scan by a clinical support worker to confirm gestation. Following this, patients move to a waiting area until they can be seen for their assessment. While they are waiting, the clinic coordinator will ask the patient if they are happy to be approached by the researcher to discuss the study further. If they are happy to discuss further, the researcher will then approach and discuss the study in a private room.\n\nConsent: If patients are happy to participate in the study, the researcher will then obtain written informed consent prior to their bloods being taken by clinic staff if bloods required for routine care, if no routine bloods are required, the researcher will obtain the blood sample. Participants will be asked if they are planning to use a hormonal form of contraception following their abortion - if yes, they would be asked to wait until they have had their second blood sample taken to commence or not taken forward into the study.\n\nFirst blood test: This will be obtained on the day of clinic attendance and ultrasound scan. Blood samples (less than 20 ml) will be obtained and taken to the NHS Lothian laboratory at the Royal Infirmary of Edinburgh and for ClotPro thromboelastography point of care testing.\n\nSecond blood test: An appointment will be made to see the patient in Chalmers Centre or at their home to obtain a further blood sample to compare to the initial test. This will take place 10-14 days following mifepristone administration. For the repeat sample we will conduct a COVID-19 risk assessment and only invite them for return visit/home visit if:\n\nThe participant has confirmed they and close contacts are well and without suspicion of COVID-19.\nThe participant agrees to a home visit.\nThe research staff undertaking the home visit should be well and have had no known contact with a COVID-19 positive individual for the past 14 days.\n\nIf they are having an intrauterine contraceptive, implant or injection, the second blood sample can be taken when they come into clinic for this, to minimise the number of visits.\n\nComparison group: A comparison group, Group 4 (10 participants), who are healthy volunteers, recruited from sexual and reproductive health clinics at Chalmers Centre, will be asked to provide a single blood test for ClotPro and lab tests, and urine pregnancy test hCG to act as a nonpregnant comparison. These participants must not be using hormonal contraception and must not be pregnant. This group will be approached by clinicians working in the SRH clinics and the researcher will be on hand to obtain consent and then draw blood."
        },
        "ConditionsModule":{
          "ConditionList":{
            "Condition":[
              "Abortion Early",
              "Abortion, Complete",
              "Abortion, Second Trimester",
              "Termination of Pregnancy Complicated by Embolism",
              "Venous Thromboses",
              "Venous Thromboembolism",
              "Venous Thromboembolic Disease",
              "Clotting Disorder"
            ]
          }
        },
        "DesignModule":{
          "StudyType":"Observational",
          "PatientRegistry":"No",
          "DesignInfo":{
            "DesignObservationalModelList":{
              "DesignObservationalModel":[
                "Cohort"
              ]
            },
            "DesignTimePerspectiveList":{
              "DesignTimePerspective":[
                "Prospective"
              ]
            }
          },
          "BioSpec":{
            "BioSpecRetention":"Samples Without DNA",
            "BioSpecDescription":"Blood samples - testing for clotting factors\n\nUrine - point of care pregnancy test"
          },
          "EnrollmentInfo":{
            "EnrollmentCount":"40",
            "EnrollmentType":"Anticipated"
          }
        },
        "ArmsInterventionsModule":{
          "ArmGroupList":{
            "ArmGroup":[
              {
                "ArmGroupLabel":"Group 1: Gestation less than 10 weeks",
                "ArmGroupDescription":"Blood tests and urine sample at baseline and 10-14 days after mifepristone administration",
                "ArmGroupInterventionList":{
                  "ArmGroupInterventionName":[
                    "Diagnostic Test: Thromboelastometry",
                    "Diagnostic Test: Clotting Studies",
                    "Diagnostic Test: Full Blood Count",
                    "Diagnostic Test: Quantitative hCG"
                  ]
                }
              },{
                "ArmGroupLabel":"Group 2: Gestation 10-14 weeks",
                "ArmGroupDescription":"Blood tests and urine sample at baseline and 10-14 days after mifepristone administration",
                "ArmGroupInterventionList":{
                  "ArmGroupInterventionName":[
                    "Diagnostic Test: Thromboelastometry",
                    "Diagnostic Test: Clotting Studies",
                    "Diagnostic Test: Full Blood Count",
                    "Diagnostic Test: Quantitative hCG"
                  ]
                }
              },{
                "ArmGroupLabel":"Group 3: Gestation 14-20 weeks",
                "ArmGroupDescription":"Blood tests and urine sample at baseline and 10-14 days after mifepristone administration",
                "ArmGroupInterventionList":{
                  "ArmGroupInterventionName":[
                    "Diagnostic Test: Thromboelastometry",
                    "Diagnostic Test: Clotting Studies",
                    "Diagnostic Test: Full Blood Count",
                    "Diagnostic Test: Quantitative hCG"
                  ]
                }
              },{
                "ArmGroupLabel":"Group 4: Non-pregnant controls",
                "ArmGroupDescription":"Blood tests at baseline only.",
                "ArmGroupInterventionList":{
                  "ArmGroupInterventionName":[
                    "Diagnostic Test: Thromboelastometry",
                    "Diagnostic Test: Clotting Studies",
                    "Diagnostic Test: Full Blood Count",
                    "Diagnostic Test: Pregnancy Test"
                  ]
                }
              }
            ]
          },
          "InterventionList":{
            "Intervention":[
              {
                "InterventionType":"Diagnostic Test",
                "InterventionName":"Thromboelastometry",
                "InterventionDescription":"Point of Care Test for clotting parameters (ClotPro device)",
                "InterventionArmGroupLabelList":{
                  "InterventionArmGroupLabel":[
                    "Group 1: Gestation less than 10 weeks",
                    "Group 2: Gestation 10-14 weeks",
                    "Group 3: Gestation 14-20 weeks",
                    "Group 4: Non-pregnant controls"
                  ]
                }
              },{
                "InterventionType":"Diagnostic Test",
                "InterventionName":"Clotting Studies",
                "InterventionDescription":"Standard laboratory tests for clotting:\n\nInternational normalised ratio (INR)\nProthrombin time (PT)\nadjusted partial thromboplastin time (aPTT)\nfibrinogen",
                "InterventionArmGroupLabelList":{
                  "InterventionArmGroupLabel":[
                    "Group 1: Gestation less than 10 weeks",
                    "Group 2: Gestation 10-14 weeks",
                    "Group 3: Gestation 14-20 weeks",
                    "Group 4: Non-pregnant controls"
                  ]
                }
              },{
                "InterventionType":"Diagnostic Test",
                "InterventionName":"Full Blood Count",
                "InterventionDescription":"For platelet count",
                "InterventionArmGroupLabelList":{
                  "InterventionArmGroupLabel":[
                    "Group 1: Gestation less than 10 weeks",
                    "Group 2: Gestation 10-14 weeks",
                    "Group 3: Gestation 14-20 weeks",
                    "Group 4: Non-pregnant controls"
                  ]
                }
              },{
                "InterventionType":"Diagnostic Test",
                "InterventionName":"Quantitative hCG",
                "InterventionDescription":"Serum human chorionic gonadotrophin",
                "InterventionArmGroupLabelList":{
                  "InterventionArmGroupLabel":[
                    "Group 1: Gestation less than 10 weeks",
                    "Group 2: Gestation 10-14 weeks",
                    "Group 3: Gestation 14-20 weeks"
                  ]
                }
              },{
                "InterventionType":"Diagnostic Test",
                "InterventionName":"Pregnancy Test",
                "InterventionDescription":"Point of care urinary pregnancy test",
                "InterventionArmGroupLabelList":{
                  "InterventionArmGroupLabel":[
                    "Group 4: Non-pregnant controls"
                  ]
                }
              }
            ]
          }
        },
        "OutcomesModule":{
          "PrimaryOutcomeList":{
            "PrimaryOutcome":[
              {
                "PrimaryOutcomeMeasure":"Clotting Time in Seconds",
                "PrimaryOutcomeDescription":"As measured using ClotPro device between baseline and follow up for Groups 1-3.",
                "PrimaryOutcomeTimeFrame":"10-14 days"
              },{
                "PrimaryOutcomeMeasure":"Clot Formation Time in Seconds",
                "PrimaryOutcomeDescription":"As measured using ClotPro device between baseline and follow up for Groups 1-3.",
                "PrimaryOutcomeTimeFrame":"10-14 days"
              },{
                "PrimaryOutcomeMeasure":"Maximal Amplitude in millimeters",
                "PrimaryOutcomeDescription":"On clotting curve as measured using ClotPro device between baseline and follow up for Groups 1-3.",
                "PrimaryOutcomeTimeFrame":"10-14 days"
              },{
                "PrimaryOutcomeMeasure":"Maximum Lysis of clot in percentage",
                "PrimaryOutcomeDescription":"As measured using ClotPro device between baseline and follow up for Groups 1-3.",
                "PrimaryOutcomeTimeFrame":"10-14 days"
              },{
                "PrimaryOutcomeMeasure":"Clot Lysis index in percentage",
                "PrimaryOutcomeDescription":"As measured using ClotPro device between baseline and follow up for Groups 1-3.",
                "PrimaryOutcomeTimeFrame":"10-14 days"
              },{
                "PrimaryOutcomeMeasure":"Lysis time in seconds",
                "PrimaryOutcomeDescription":"As measured using ClotPro device between baseline and follow up for Groups 1-3.",
                "PrimaryOutcomeTimeFrame":"10-14 days"
              }
            ]
          },
          "SecondaryOutcomeList":{
            "SecondaryOutcome":[
              {
                "SecondaryOutcomeMeasure":"Prothrombin Time in seconds",
                "SecondaryOutcomeDescription":"Assessed by laboratory tests between baseline and follow up in Groups 1-3 and in comparison with group 4.",
                "SecondaryOutcomeTimeFrame":"10-14 days"
              },{
                "SecondaryOutcomeMeasure":"Activated Partial Thromboplastin Time in seconds",
                "SecondaryOutcomeDescription":"Assessed by laboratory tests between baseline and follow up in Groups 1-3 and in comparison with group 4.",
                "SecondaryOutcomeTimeFrame":"10-14 days"
              },{
                "SecondaryOutcomeMeasure":"International Normalised Ratio (INR)",
                "SecondaryOutcomeDescription":"Assessed by laboratory tests between baseline and follow up in Groups 1-3 and in comparison with group 4.",
                "SecondaryOutcomeTimeFrame":"10-14 days"
              },{
                "SecondaryOutcomeMeasure":"Fibrinogen in grams per litre",
                "SecondaryOutcomeDescription":"Assessed by laboratory tests between baseline and follow up in Groups 1-3 and in comparison with group 4.",
                "SecondaryOutcomeTimeFrame":"10-14 days"
              },{
                "SecondaryOutcomeMeasure":"Platelet count (x10^9 per litre)",
                "SecondaryOutcomeDescription":"Assessed by laboratory tests between baseline and follow up in Groups 1-3 and in comparison with group 4.",
                "SecondaryOutcomeTimeFrame":"10-14 days"
              },{
                "SecondaryOutcomeMeasure":"Thromboelastography parameters (comparison with non-pregnant group)",
                "SecondaryOutcomeDescription":"Comparison of thromboelastography parameters (as measured using ClotPro device) between Groups 1-3 with Group 4.",
                "SecondaryOutcomeTimeFrame":"10-14 days"
              },{
                "SecondaryOutcomeMeasure":"Serum hCG in units per litre",
                "SecondaryOutcomeDescription":"Comparison of serum hCG levels between baseline and follow up in groups 1-3",
                "SecondaryOutcomeTimeFrame":"10-14 days"
              },{
                "SecondaryOutcomeMeasure":"Lysis time in seconds",
                "SecondaryOutcomeDescription":"As measured using ClotPro device between baseline and follow up for Groups 1-3.",
                "SecondaryOutcomeTimeFrame":"10-14 days"
              },{
                "SecondaryOutcomeMeasure":"Clot Lysis index in percentage",
                "SecondaryOutcomeDescription":"As measured using ClotPro device comparing Groups 1-3 with Group 4",
                "SecondaryOutcomeTimeFrame":"10-14 days"
              },{
                "SecondaryOutcomeMeasure":"Maximum Lysis of clot in percentage",
                "SecondaryOutcomeDescription":"As measured using ClotPro device comparing Groups 1-3 with Group 4",
                "SecondaryOutcomeTimeFrame":"10-14 days"
              },{
                "SecondaryOutcomeMeasure":"Maximal Amplitude in millimeters",
                "SecondaryOutcomeDescription":"As measured using ClotPro device comparing Groups 1-3 with Group 4.",
                "SecondaryOutcomeTimeFrame":"10-14 days"
              },{
                "SecondaryOutcomeMeasure":"Clot Formation Time in Seconds",
                "SecondaryOutcomeDescription":"As measured using ClotPro device comparing Groups 1-3 with Group 4",
                "SecondaryOutcomeTimeFrame":"10-14 days"
              },{
                "SecondaryOutcomeMeasure":"Clotting Time in Seconds",
                "SecondaryOutcomeDescription":"As measured using ClotPro device comparing Groups 1-3 with Group 4",
                "SecondaryOutcomeTimeFrame":"10-14 days"
              }
            ]
          }
        },
        "EligibilityModule":{
          "EligibilityCriteria":"Inclusion Criteria:\n\nGroup 1:\n\nPregnant and seeking abortion\nGestation of pregnancy less than 10 weeks\nHealthy, no medical conditions\n\nGroup 2:\n\nPregnant and seeking abortion\nGestation of pregnancy between 10 and 14 weeks\nHealthy, no medical conditions\n\nGroup 3:\n\nPregnant and seeking abortion\nGestation of pregnancy between 14 to 20 weeks\nHealthy, no medical conditions\n\nGroup 4:\n\nNon pregnant\nHealthy, no medical conditions\nAble to speak English independently\n\nExclusion Criteria:\n\nAll groups:\n\nUnable to give informed consent\nPrevious or current venous thromboembolism\nCurrent smoker\nPersonal or family history of thrombophilia or haemophilia\nTaking medicines known to affect clotting parameters (e.g. Aspirin)\n\nGroups 1-3:\n\n- Planning to commence hormonal contraception prior to second blood test.\n\nGroup 4:\n\n- Using hormonal contraception at baseline visit",
          "HealthyVolunteers":"Accepts Healthy Volunteers",
          "Gender":"Female",
          "GenderBased":"Yes",
          "GenderDescription":"Cisgendered women. Non-binary assigned female at birth and transgendered men would be considered as long as they are not using any hormonal therapy (cross-sex, blockers or otherwise)",
          "MinimumAge":"16 Years",
          "StdAgeList":{
            "StdAge":[
              "Child",
              "Adult",
              "Older Adult"
            ]
          },
          "StudyPopulation":"Women seeking medical abortion at various gestations and non-pregnant comparator group.",
          "SamplingMethod":"Non-Probability Sample"
        },
        "ContactsLocationsModule":{
          "CentralContactList":{
            "CentralContact":[
              {
                "CentralContactName":"John J Reynolds-Wright, MBChB",
                "CentralContactRole":"Contact",
                "CentralContactPhone":"01315361070",
                "CentralContactEMail":"John.reynolds-wright@nhslothian.scot.nhs.uk"
              },{
                "CentralContactName":"Anne Johnstone",
                "CentralContactRole":"Contact",
                "CentralContactPhone":"01315361070",
                "CentralContactEMail":"anne.johnstone@ed.ac.uk"
              }
            ]
          },
          "OverallOfficialList":{
            "OverallOfficial":[
              {
                "OverallOfficialName":"John J Reynolds-Wright, MBChB",
                "OverallOfficialAffiliation":"University of Edinburgh and NHS Lothian",
                "OverallOfficialRole":"Principal Investigator"
              }
            ]
          },
          "LocationList":{
            "Location":[
              {
                "LocationFacility":"Chalmers Centre for Sexual and Reproductive Health",
                "LocationStatus":"Recruiting",
                "LocationCity":"Edinburgh",
                "LocationZip":"EH39ES",
                "LocationCountry":"United Kingdom",
                "LocationContactList":{
                  "LocationContact":[
                    {
                      "LocationContactName":"John J Reynolds-Wright, MBChB",
                      "LocationContactRole":"Contact",
                      "LocationContactEMail":"john.reynolds-wright@nhslothian.scot.nhs.uk"
                    },{
                      "LocationContactName":"Anne Johnstone",
                      "LocationContactRole":"Contact",
                      "LocationContactEMail":"anne.johnstone@nhslothian.scot.nhs.uk"
                    }
                  ]
                }
              }
            ]
          }
        },
        "IPDSharingStatementModule":{
          "IPDSharing":"No",
          "IPDSharingDescription":"As this is abortion-care research with small numbers of participants, we will not make individual level participant data available publicly. Should researchers required this data for meta-analysis (for example) they can contact the principle investigator and request will be considered on a case-by-case basis."
        }
      },
      "DerivedSection":{
        "MiscInfoModule":{
          "VersionHolder":"April 19, 2021"
        },
        "ConditionBrowseModule":{
          "ConditionMeshList":{
            "ConditionMesh":[
              {
                "ConditionMeshId":"D000013927",
                "ConditionMeshTerm":"Thrombosis"
              },{
                "ConditionMeshId":"D000013923",
                "ConditionMeshTerm":"Thromboembolism"
              },{
                "ConditionMeshId":"D000004617",
                "ConditionMeshTerm":"Embolism"
              },{
                "ConditionMeshId":"D000054556",
                "ConditionMeshTerm":"Venous Thromboembolism"
              },{
                "ConditionMeshId":"D000020246",
                "ConditionMeshTerm":"Venous Thrombosis"
              },{
                "ConditionMeshId":"D000020141",
                "ConditionMeshTerm":"Hemostatic Disorders"
              },{
                "ConditionMeshId":"D000001778",
                "ConditionMeshTerm":"Blood Coagulation Disorders"
              }
            ]
          },
          "ConditionAncestorList":{
            "ConditionAncestor":[
              {
                "ConditionAncestorId":"D000016769",
                "ConditionAncestorTerm":"Embolism and Thrombosis"
              },{
                "ConditionAncestorId":"D000014652",
                "ConditionAncestorTerm":"Vascular Diseases"
              },{
                "ConditionAncestorId":"D000002318",
                "ConditionAncestorTerm":"Cardiovascular Diseases"
              },{
                "ConditionAncestorId":"D000006402",
                "ConditionAncestorTerm":"Hematologic Diseases"
              },{
                "ConditionAncestorId":"D000006474",
                "ConditionAncestorTerm":"Hemorrhagic Disorders"
              }
            ]
          },
          "ConditionBrowseLeafList":{
            "ConditionBrowseLeaf":[
              {
                "ConditionBrowseLeafId":"M15269",
                "ConditionBrowseLeafName":"Thrombosis",
                "ConditionBrowseLeafAsFound":"Thrombosis",
                "ConditionBrowseLeafRelevance":"high"
              },{
                "ConditionBrowseLeafId":"M15265",
                "ConditionBrowseLeafName":"Thromboembolism",
                "ConditionBrowseLeafAsFound":"Thromboembolism",
                "ConditionBrowseLeafRelevance":"high"
              },{
                "ConditionBrowseLeafId":"M26367",
                "ConditionBrowseLeafName":"Venous Thromboembolism",
                "ConditionBrowseLeafAsFound":"Venous Thromboembolism",
                "ConditionBrowseLeafRelevance":"high"
              },{
                "ConditionBrowseLeafId":"M6367",
                "ConditionBrowseLeafName":"Embolism",
                "ConditionBrowseLeafAsFound":"Embolism",
                "ConditionBrowseLeafRelevance":"high"
              },{
                "ConditionBrowseLeafId":"M20655",
                "ConditionBrowseLeafName":"Venous Thrombosis",
                "ConditionBrowseLeafAsFound":"Venous Thrombosis",
                "ConditionBrowseLeafRelevance":"high"
              },{
                "ConditionBrowseLeafId":"M20561",
                "ConditionBrowseLeafName":"Hemostatic Disorders",
                "ConditionBrowseLeafAsFound":"Clotting Disorders",
                "ConditionBrowseLeafRelevance":"high"
              },{
                "ConditionBrowseLeafId":"M3641",
                "ConditionBrowseLeafName":"Blood Coagulation Disorders",
                "ConditionBrowseLeafAsFound":"Clotting Disorders",
                "ConditionBrowseLeafRelevance":"high"
              },{
                "ConditionBrowseLeafId":"M17711",
                "ConditionBrowseLeafName":"Embolism and Thrombosis",
                "ConditionBrowseLeafRelevance":"low"
              },{
                "ConditionBrowseLeafId":"M15983",
                "ConditionBrowseLeafName":"Vascular Diseases",
                "ConditionBrowseLeafRelevance":"low"
              },{
                "ConditionBrowseLeafId":"M8073",
                "ConditionBrowseLeafName":"Hematologic Diseases",
                "ConditionBrowseLeafRelevance":"low"
              },{
                "ConditionBrowseLeafId":"M8143",
                "ConditionBrowseLeafName":"Hemorrhagic Disorders",
                "ConditionBrowseLeafRelevance":"low"
              }
            ]
          },
          "ConditionBrowseBranchList":{
            "ConditionBrowseBranch":[
              {
                "ConditionBrowseBranchAbbrev":"BC14",
                "ConditionBrowseBranchName":"Heart and Blood Diseases"
              },{
                "ConditionBrowseBranchAbbrev":"All",
                "ConditionBrowseBranchName":"All Conditions"
              },{
                "ConditionBrowseBranchAbbrev":"BC15",
                "ConditionBrowseBranchName":"Blood and Lymph Conditions"
              }
            ]
          }
        },
        "InterventionBrowseModule":{
          "InterventionBrowseLeafList":{
            "InterventionBrowseLeaf":[
              {
                "InterventionBrowseLeafId":"M15259",
                "InterventionBrowseLeafName":"Thrombin",
                "InterventionBrowseLeafRelevance":"low"
              },{
                "InterventionBrowseLeafId":"M16883",
                "InterventionBrowseLeafName":"Mifepristone",
                "InterventionBrowseLeafRelevance":"low"
              },{
                "InterventionBrowseLeafId":"M7751",
                "InterventionBrowseLeafName":"Chorionic Gonadotropin",
                "InterventionBrowseLeafRelevance":"low"
              },{
                "InterventionBrowseLeafId":"M15267",
                "InterventionBrowseLeafName":"Thromboplastin",
                "InterventionBrowseLeafRelevance":"low"
              }
            ]
          },
          "InterventionBrowseBranchList":{
            "InterventionBrowseBranch":[
              {
                "InterventionBrowseBranchAbbrev":"Coag",
                "InterventionBrowseBranchName":"Coagulants"
              },{
                "InterventionBrowseBranchAbbrev":"All",
                "InterventionBrowseBranchName":"All Drugs and Chemicals"
              },{
                "InterventionBrowseBranchAbbrev":"Repr",
                "InterventionBrowseBranchName":"Reproductive Control Agents"
              }
            ]
          }
        }
      }
    }
  }
}

