{
  "FullStudy":{
    "Rank":2097,
    "Study":{
      "ProtocolSection":{
        "IdentificationModule":{
          "NCTId":"NCT04822675",
          "OrgStudyIdInfo":{
            "OrgStudyId":"20210317"
          },
          "Organization":{
            "OrgFullName":"Ottawa Heart Institute Research Corporation",
            "OrgClass":"OTHER"
          },
          "BriefTitle":"REvascularization and Valve Intervention for Ischemic Valve diseasE: REVIVE Trial",
          "OfficialTitle":"A Prospective Randomized Trial Comparing the Surgical Treatment of Ischemic Mitral Regurgitation Versus Percutaneous Mitral Repair and Revascularization Either Percutaneously or Through a Hybrid Approach",
          "Acronym":"REVIVE"
        },
        "StatusModule":{
          "StatusVerifiedDate":"March 2021",
          "OverallStatus":"Not yet recruiting",
          "ExpandedAccessInfo":{
            "HasExpandedAccess":"No"
          },
          "StartDateStruct":{
            "StartDate":"June 2021",
            "StartDateType":"Anticipated"
          },
          "PrimaryCompletionDateStruct":{
            "PrimaryCompletionDate":"June 2024",
            "PrimaryCompletionDateType":"Anticipated"
          },
          "CompletionDateStruct":{
            "CompletionDate":"June 2025",
            "CompletionDateType":"Anticipated"
          },
          "StudyFirstSubmitDate":"March 25, 2021",
          "StudyFirstSubmitQCDate":"March 25, 2021",
          "StudyFirstPostDateStruct":{
            "StudyFirstPostDate":"March 30, 2021",
            "StudyFirstPostDateType":"Actual"
          },
          "LastUpdateSubmitDate":"March 30, 2021",
          "LastUpdatePostDateStruct":{
            "LastUpdatePostDate":"April 2, 2021",
            "LastUpdatePostDateType":"Actual"
          }
        },
        "SponsorCollaboratorsModule":{
          "ResponsibleParty":{
            "ResponsiblePartyType":"Sponsor"
          },
          "LeadSponsor":{
            "LeadSponsorName":"Ottawa Heart Institute Research Corporation",
            "LeadSponsorClass":"OTHER"
          }
        },
        "OversightModule":{
          "OversightHasDMC":"Yes",
          "IsFDARegulatedDrug":"No",
          "IsFDARegulatedDevice":"No"
        },
        "DescriptionModule":{
          "BriefSummary":"Ischemic mitral regurgitation (MR) and coronary artery disease is common and associated with significant morbidity and mortality. Ischemic MR has been traditionally treated surgically through either valve repair or replacement at the time of concomitant bypass grafting. Although patients with ischemic MR represent a heterogeneous group, outcomes for these patients over the intermediate term is poor owing to left ventricle (LV) dysfunction causing MR and the presence of coronary disease, which portends poor survival. There is an emergence of percutaneous therapies to treat MR which have been shown to be a less invasive, safe, and viable approach to treat comorbid patients.\n\nThe decision to treat ischemic MR either surgically or percutaneously is influenced by the presence of coronary disease and the ability to provide adequate revascularization. Mitral valve surgery concomitant to surgical revascularization, however, is associated with a several fold increase in mortality. In fact, the incremental risk increase is further magnified in high-risk patients. We therefore propose a novel prospective study to guide intervention for ischemic MR. Patients will be randomized to undergo surgical therapy with either mitral repair/replacement and/or concomitant coronary artery bypass grafting OR percutaneous mitral repair, followed by the ideal Heart Team determined mode of revascularization with either percutaneous coronary intervention or coronary artery bypass grafting."
        },
        "ConditionsModule":{
          "ConditionList":{
            "Condition":[
              "Mitral Valve Insufficiency",
              "Coronary Artery Disease"
            ]
          }
        },
        "DesignModule":{
          "StudyType":"Interventional",
          "PhaseList":{
            "Phase":[
              "Not Applicable"
            ]
          },
          "DesignInfo":{
            "DesignAllocation":"Randomized",
            "DesignInterventionModel":"Parallel Assignment",
            "DesignInterventionModelDescription":"Prospective randomized trial",
            "DesignPrimaryPurpose":"Treatment",
            "DesignMaskingInfo":{
              "DesignMasking":"None (Open Label)"
            }
          },
          "EnrollmentInfo":{
            "EnrollmentCount":"80",
            "EnrollmentType":"Anticipated"
          }
        },
        "ArmsInterventionsModule":{
          "ArmGroupList":{
            "ArmGroup":[
              {
                "ArmGroupLabel":"Percutaneous mitral repair",
                "ArmGroupType":"Experimental",
                "ArmGroupDescription":"Percutaneous mitral repair +/- coronary artery bypass grafting within 14 days of mitral repair.",
                "ArmGroupInterventionList":{
                  "ArmGroupInterventionName":[
                    "Procedure: Percutaneous mitral valve repair"
                  ]
                }
              },{
                "ArmGroupLabel":"Mitral valve surgery",
                "ArmGroupType":"Active Comparator",
                "ArmGroupDescription":"Surgical mitral valve surgery +/- coronary artery bypass grafting",
                "ArmGroupInterventionList":{
                  "ArmGroupInterventionName":[
                    "Procedure: Surgical mitral valve repair/replacement"
                  ]
                }
              }
            ]
          },
          "InterventionList":{
            "Intervention":[
              {
                "InterventionType":"Procedure",
                "InterventionName":"Percutaneous mitral valve repair",
                "InterventionDescription":"Percutaneous mitral repair will be performed using the MitraClip system.",
                "InterventionArmGroupLabelList":{
                  "InterventionArmGroupLabel":[
                    "Percutaneous mitral repair"
                  ]
                }
              },{
                "InterventionType":"Procedure",
                "InterventionName":"Surgical mitral valve repair/replacement",
                "InterventionDescription":"All mitral valve surgeries will be performed either via sternotomy or right thoracotomy, and with cardioplegic arrest and cardiopulmonary bypass. Mitral valve repair may include annuloplasty and adjunctive procedures as determined by the operating surgeon. For mitral valve replacement, the choice of mitral valve prosthesis will be left at the surgeon's discretion.",
                "InterventionArmGroupLabelList":{
                  "InterventionArmGroupLabel":[
                    "Mitral valve surgery"
                  ]
                }
              }
            ]
          }
        },
        "OutcomesModule":{
          "PrimaryOutcomeList":{
            "PrimaryOutcome":[
              {
                "PrimaryOutcomeMeasure":"Mortality rate",
                "PrimaryOutcomeDescription":"All-cause mortality. Death from cardiovascular and non-cardiovascular causes.",
                "PrimaryOutcomeTimeFrame":"Within 12 months of intervention"
              },{
                "PrimaryOutcomeMeasure":"Rate of myocardial infarction",
                "PrimaryOutcomeDescription":"These will be defined according to the Fourth Universal Definition of Myocardial Infarction",
                "PrimaryOutcomeTimeFrame":"Within 12 months of intervention"
              },{
                "PrimaryOutcomeMeasure":"Rate of Stroke",
                "PrimaryOutcomeDescription":"1) New, acute focal neurological deficit thought to be of vascular origin with signs or symptoms lasting > 24 h and confirmed by a neurologist or 2) new, focal neurological deficit lasting > 24 h with imaging evidence of cerebral infarction or intracerebral hemorrhage.",
                "PrimaryOutcomeTimeFrame":"Within 12 months of intervention"
              },{
                "PrimaryOutcomeMeasure":"Hospitalization rate for congestive heart failure",
                "PrimaryOutcomeDescription":"Admission to hospital with congestive heart failure exacerbation being the primary reason for admission. Congestive heart failure exacerbation is defined as 1) evidence of fluid overload and elevated filling pressures (for example, a central venous pressure > 8mmHg and/or a pulmonary capillary wedge pressure > 18mmHg) and/or 2) new decrease in cardiac output (for example, cardiac index < 2.2 L/min/m2) and end-organ perfusion (measured by one or more of: urine output < 20mL/hr, lactate >= 2.0, mixed venous oxygen saturation < 70%).",
                "PrimaryOutcomeTimeFrame":"Within 12 months of intervention"
              }
            ]
          },
          "SecondaryOutcomeList":{
            "SecondaryOutcome":[
              {
                "SecondaryOutcomeMeasure":"Change in indexed left atrial volume",
                "SecondaryOutcomeTimeFrame":"Within 6 and12 months of intervention"
              },{
                "SecondaryOutcomeMeasure":"Degree of left ventricular remodeling",
                "SecondaryOutcomeDescription":"Quantified by the change in left ventricular end systolic volume index",
                "SecondaryOutcomeTimeFrame":"Within 6 and12 months of intervention"
              },{
                "SecondaryOutcomeMeasure":"Presence of recurrent MR ≥2+",
                "SecondaryOutcomeDescription":"Defined as a regurgitant volume of 30-44 ml, a right ventricular ejection fraction of 30-39%, or an effective regurgitant orifice area of 20-29 mm2",
                "SecondaryOutcomeTimeFrame":"Within 6 and12 months of intervention"
              },{
                "SecondaryOutcomeMeasure":"Rate of mitral valve re-intervention",
                "SecondaryOutcomeTimeFrame":"Within12 months of intervention"
              },{
                "SecondaryOutcomeMeasure":"Number of Participants with worsening in heart failure symptoms",
                "SecondaryOutcomeDescription":"+1 NYHA Class",
                "SecondaryOutcomeTimeFrame":"Within 6 and12 months of intervention"
              },{
                "SecondaryOutcomeMeasure":"Cumulative hospital days",
                "SecondaryOutcomeTimeFrame":"Within 12-months of intervention"
              },{
                "SecondaryOutcomeMeasure":"Patient-assessed quality of life outcome",
                "SecondaryOutcomeDescription":"Using the short form 12 (SF-12) health survey questionnaire. Two summary scores are reported from the SF-12 - a mental component score (MCS-12) and a physical component score (PCS-12). The mean score is set to 50; > 50 indicate a better physical or mental health; < 50 indicate worse physical or mental health.",
                "SecondaryOutcomeTimeFrame":"Within 6 and12 months of intervention"
              }
            ]
          }
        },
        "EligibilityModule":{
          "EligibilityCriteria":"Inclusion Criteria:\n\nPatients with severe ischemic Mitral regurgitation (MR), as defined by the 2017 American Society of Echocardiography (ASE) guidelines for noninvasive evaluation of native valvular regurgitation.\nPresence of reversible myocardial ischemia confirmed by preoperative myocardial viability study using radionuclide imaging.\n\nExclusion Criteria:\n\nPatients with mixed mitral valve pathology, including fibroelastic deficiency, rheumatic valve disease, ruptured mitral valve chordae, mitral valve endocarditis.\nPatients with acute ischemic MR, defined as MR caused by papillary muscle infarction and rupture.\nAge < 18 years.\nProhibitive surgical risk or contraindications to Cardiopulmonary bypass (CPB) as defined by the Heart Team.\nNeed for a concomitant surgical procedure, excluding Coronary artery bypass grafting (CABG), tricuspid valve repair, Patent foramen ovale (PFO) closure, Atrial septal defect (ASD) closure and Maze procedure.\nPrior mitral valve repair procedure (percutaneous or surgical).\nLeaflet anatomy unsuitable for MitraClip implantation, proper MitraClip positioning on the leaflets or sufficient reduction in MR by the MitraClip.",
          "HealthyVolunteers":"No",
          "Gender":"All",
          "MinimumAge":"18 Years",
          "StdAgeList":{
            "StdAge":[
              "Adult",
              "Older Adult"
            ]
          }
        },
        "ContactsLocationsModule":{
          "CentralContactList":{
            "CentralContact":[
              {
                "CentralContactName":"Mary Zhang, MD, PhD",
                "CentralContactRole":"Contact",
                "CentralContactPhone":"613-696-7230",
                "CentralContactEMail":"mzhang@ottawaheart.ca"
              },{
                "CentralContactName":"Suzanne Crowe",
                "CentralContactRole":"Contact",
                "CentralContactPhone":"613-696-7000",
                "CentralContactPhoneExt":"10656",
                "CentralContactEMail":"scrowe@ottawaheart.ca"
              }
            ]
          },
          "OverallOfficialList":{
            "OverallOfficial":[
              {
                "OverallOfficialName":"Vincent Chan, MD, MPH",
                "OverallOfficialAffiliation":"Ottawa Heart Institute Research Corporation",
                "OverallOfficialRole":"Principal Investigator"
              }
            ]
          }
        }
      },
      "DerivedSection":{
        "MiscInfoModule":{
          "VersionHolder":"April 19, 2021"
        },
        "ConditionBrowseModule":{
          "ConditionMeshList":{
            "ConditionMesh":[
              {
                "ConditionMeshId":"D000003324",
                "ConditionMeshTerm":"Coronary Artery Disease"
              },{
                "ConditionMeshId":"D000008944",
                "ConditionMeshTerm":"Mitral Valve Insufficiency"
              }
            ]
          },
          "ConditionAncestorList":{
            "ConditionAncestor":[
              {
                "ConditionAncestorId":"D000003327",
                "ConditionAncestorTerm":"Coronary Disease"
              },{
                "ConditionAncestorId":"D000017202",
                "ConditionAncestorTerm":"Myocardial Ischemia"
              },{
                "ConditionAncestorId":"D000006331",
                "ConditionAncestorTerm":"Heart Diseases"
              },{
                "ConditionAncestorId":"D000002318",
                "ConditionAncestorTerm":"Cardiovascular Diseases"
              },{
                "ConditionAncestorId":"D000001161",
                "ConditionAncestorTerm":"Arteriosclerosis"
              },{
                "ConditionAncestorId":"D000001157",
                "ConditionAncestorTerm":"Arterial Occlusive Diseases"
              },{
                "ConditionAncestorId":"D000014652",
                "ConditionAncestorTerm":"Vascular Diseases"
              },{
                "ConditionAncestorId":"D000006349",
                "ConditionAncestorTerm":"Heart Valve Diseases"
              }
            ]
          },
          "ConditionBrowseLeafList":{
            "ConditionBrowseLeaf":[
              {
                "ConditionBrowseLeafId":"M9126",
                "ConditionBrowseLeafName":"Ischemia",
                "ConditionBrowseLeafRelevance":"low"
              },{
                "ConditionBrowseLeafId":"M5129",
                "ConditionBrowseLeafName":"Coronary Artery Disease",
                "ConditionBrowseLeafAsFound":"Coronary Artery Disease",
                "ConditionBrowseLeafRelevance":"high"
              },{
                "ConditionBrowseLeafId":"M18089",
                "ConditionBrowseLeafName":"Myocardial Ischemia",
                "ConditionBrowseLeafRelevance":"low"
              },{
                "ConditionBrowseLeafId":"M5132",
                "ConditionBrowseLeafName":"Coronary Disease",
                "ConditionBrowseLeafRelevance":"low"
              },{
                "ConditionBrowseLeafId":"M10493",
                "ConditionBrowseLeafName":"Mitral Valve Insufficiency",
                "ConditionBrowseLeafAsFound":"Mitral Valve Insufficiency",
                "ConditionBrowseLeafRelevance":"high"
              },{
                "ConditionBrowseLeafId":"M8002",
                "ConditionBrowseLeafName":"Heart Diseases",
                "ConditionBrowseLeafRelevance":"low"
              },{
                "ConditionBrowseLeafId":"M3050",
                "ConditionBrowseLeafName":"Arteriosclerosis",
                "ConditionBrowseLeafRelevance":"low"
              },{
                "ConditionBrowseLeafId":"M3046",
                "ConditionBrowseLeafName":"Arterial Occlusive Diseases",
                "ConditionBrowseLeafRelevance":"low"
              },{
                "ConditionBrowseLeafId":"M15983",
                "ConditionBrowseLeafName":"Vascular Diseases",
                "ConditionBrowseLeafRelevance":"low"
              },{
                "ConditionBrowseLeafId":"M8020",
                "ConditionBrowseLeafName":"Heart Valve Diseases",
                "ConditionBrowseLeafRelevance":"low"
              }
            ]
          },
          "ConditionBrowseBranchList":{
            "ConditionBrowseBranch":[
              {
                "ConditionBrowseBranchAbbrev":"BC23",
                "ConditionBrowseBranchName":"Symptoms and General Pathology"
              },{
                "ConditionBrowseBranchAbbrev":"All",
                "ConditionBrowseBranchName":"All Conditions"
              },{
                "ConditionBrowseBranchAbbrev":"BC14",
                "ConditionBrowseBranchName":"Heart and Blood Diseases"
              }
            ]
          }
        },
        "InterventionBrowseModule":{
          "InterventionBrowseLeafList":{
            "InterventionBrowseLeaf":[
              {
                "InterventionBrowseLeafId":"M3955",
                "InterventionBrowseLeafName":"Caffeine",
                "InterventionBrowseLeafRelevance":"low"
              },{
                "InterventionBrowseLeafId":"T370",
                "InterventionBrowseLeafName":"Caffeine",
                "InterventionBrowseLeafRelevance":"low"
              }
            ]
          },
          "InterventionBrowseBranchList":{
            "InterventionBrowseBranch":[
              {
                "InterventionBrowseBranchAbbrev":"CNSSti",
                "InterventionBrowseBranchName":"Central Nervous System Stimulants"
              },{
                "InterventionBrowseBranchAbbrev":"All",
                "InterventionBrowseBranchName":"All Drugs and Chemicals"
              },{
                "InterventionBrowseBranchAbbrev":"Ot",
                "InterventionBrowseBranchName":"Other Dietary Supplements"
              }
            ]
          }
        }
      }
    }
  }
}

