{
  "FullStudy":{
    "Rank":2042,
    "Study":{
      "ProtocolSection":{
        "IdentificationModule":{
          "NCTId":"NCT04823390",
          "OrgStudyIdInfo":{
            "OrgStudyId":"MD-18-2019"
          },
          "Organization":{
            "OrgFullName":"Cairo University",
            "OrgClass":"OTHER"
          },
          "BriefTitle":"Anesthetist Controlled Versus Patient-controlled Sedation: Risks and Benefits",
          "OfficialTitle":"Anesthetist Controlled Versus Patient-controlled Sedation: Risks and Benefits, a Randomized Controlled Trial"
        },
        "StatusModule":{
          "StatusVerifiedDate":"March 2021",
          "OverallStatus":"Completed",
          "ExpandedAccessInfo":{
            "HasExpandedAccess":"No"
          },
          "StartDateStruct":{
            "StartDate":"September 14, 2019",
            "StartDateType":"Actual"
          },
          "PrimaryCompletionDateStruct":{
            "PrimaryCompletionDate":"February 20, 2021",
            "PrimaryCompletionDateType":"Actual"
          },
          "CompletionDateStruct":{
            "CompletionDate":"February 24, 2021",
            "CompletionDateType":"Actual"
          },
          "StudyFirstSubmitDate":"March 23, 2021",
          "StudyFirstSubmitQCDate":"March 29, 2021",
          "StudyFirstPostDateStruct":{
            "StudyFirstPostDate":"March 30, 2021",
            "StudyFirstPostDateType":"Actual"
          },
          "LastUpdateSubmitDate":"March 29, 2021",
          "LastUpdatePostDateStruct":{
            "LastUpdatePostDate":"March 30, 2021",
            "LastUpdatePostDateType":"Actual"
          }
        },
        "SponsorCollaboratorsModule":{
          "ResponsibleParty":{
            "ResponsiblePartyType":"Principal Investigator",
            "ResponsiblePartyInvestigatorFullName":"Mohamed Ahmed Shamma",
            "ResponsiblePartyInvestigatorTitle":"Assistant lecturer of anaesthesia, surgical ICU and pain management kasr al aini",
            "ResponsiblePartyInvestigatorAffiliation":"Cairo University"
          },
          "LeadSponsor":{
            "LeadSponsorName":"Cairo University",
            "LeadSponsorClass":"OTHER"
          }
        },
        "OversightModule":{
          "OversightHasDMC":"Yes",
          "IsFDARegulatedDrug":"No",
          "IsFDARegulatedDevice":"No",
          "IsUSExport":"No"
        },
        "DescriptionModule":{
          "BriefSummary":"Perioperative anxiety has many hazards and should be eliminated. Patients undergoing ophthalmologic procedures often undergo it under local anesthesia. In a trial to improve patients' satisfaction sedation is given. Sedation could be given either by an anesthetist or patient-controlled methods. This study compared both methods of sedation in terms of safety, depth of sedation, and patient satisfaction.",
          "DetailedDescription":"This randomized controlled trial was conducted in Kasr Al Ainy Hospital, Ophthalmology surgeries operation theatre, Cairo University, Cairo, Egypt.\n\nAfter the approval of the research ethical committee (approval number MD-18-2019) & obtaining written informed consent from every patient, 30 patients belonging to the American society of anesthesiologists (ASA) status I, II, aging from 40 to 65 years old, both genders, co-operative patients aware of the instructions, scheduled for cataract surgery under local anesthesia were enrolled for this randomized controlled trial.\n\nHowever, patients with a diagnosis of cognitive impairment or mental disorder, hypersensitivity to any of the used drugs, having any conditions contraindicating local anesthesia (e.g. Coagulation disorders) were excluded from the study.\n\nFurthermore, patients having severe pulmonary disease e.g. (obstructive sleep apnea), patients using sedative medications within the previous month, and patients with chronic renal and cardiac disorder (e.g. chronic renal failure, heart failure) were also excluded from the study.\n\nPatients were randomly assigned into two equal groups of 15 patients each, the anesthetist controlled group Ga (n=15) and the patient-controlled group Gp (n=15). Randomization was done using computer-generated numbers and the allocation sequence of the participants was concealed in sequentially numbered sealed opaque envelopes.\n\nIn the anesthetist controlled group Ga (n=15):\n\nRoutine preoperative assessment (proper history taking, examination, and laboratory investigations) was done to all patients as needed.\n\nIn the preoperative preparation room, intravenous access (20 gauge cannula) was obtained, premedications were given in the form of (Granitryl at a dose of 10 mcg/kg as an antiemetic and ranitidine at a dose of 0.2 mg/kg as antistress ulcer prophylaxis, they were given diluted with 0.9% sodium chloride solution over 10 minutes), 15 minutes before giving the local anesthesia. Then patients were transferred to the operating room.\n\nIn the operating room, all patients were monitored with continuous pulse oximetry, electrocardiogram, and non-invasive blood pressure measured at 10 minutes interval (the blood pressure cuff was applied on the contralateral side of the IV cannula), and oxygen support was given through nasal cannula applied near the nostrils at a flow of 5 liters per minute.\n\nThe IV sedation was started before the administration of the local anesthesia in the form of a bolus of 0.02 mg/kg of midazolam and 0.2 mcg/kg of fentanyl to all patients.\n\nThen further doses were given as needed through the procedure according to the depth of sedation. The depth of sedation was assessed at regular intervals (every 10 minutes) using the sedation scale.\n\nA depth of sedation level II or III on the sedation scale was targeted, level I was considered anxious and needs further doses, and more than level III was considered a risk of oversedation.\n\nA soluset was filled with a mixture of 10 mg of midazolam and 150 mcg of fentanyl diluted with 0.9 % sodium chloride solution to complete a total volume of 50 ml. and a concentration of 0.2 mg/ml of midazolam and 3 mcg/ml of fentanyl.\n\nThe anesthetist withdrew 2 ml from the soluset and gave them to the patient according to depth of sedation.\n\nIn the patient-controlled group Gp (n=15):\n\nRoutine preoperative assessment (proper history taking, examination, and laboratory investigations) was done to all patients as needed.\n\nIn the preoperative preparation room, intravenous access (20 gauge cannula) was obtained, premedications were given in the form of (Granitryl at a dose of 10 mcg/kg as an antiemetic and ranitidine at a dose of 0.2 mg/kg as antistress ulcer prophylaxis, they were given diluted with 0.9% sodium chloride solution over 10 minutes), 15 minutes before giving the local anesthesia. Then patients were transferred to the operating room.\n\nIn the operating room, all patients were monitored with continuous pulse oximetry, electrocardiogram, and non-invasive blood pressure measured at 10 minutes interval (the blood pressure cuff was applied on the contralateral side of the IV cannula), and oxygen support was given through nasal cannula applied near the nostrils at a flow of 5 liters per minute.\n\nThe IV sedation was started before the administration of the local anesthesia in the form of a bolus of 0.02 mg/kg of midazolam and 0.2 mcg/kg of fentanyl to all patients.\n\nPatients were instructed on how to use the PCS pump, then the pump (Accufuser) was connected to the IV cannula, patients were given the press button of the infusion pump in one hand and a clicker in the other hand.\n\nPatients were instructed to press the button as often as they feel the need to do so, as there was a lockout interval of six minutes to limit the amount of medication, during this interval the pump will not deliver drugs regardless of the patient's attempts to press the button. The attending anesthetist was instructed to respond to the patient's question \"how often should I press the button\" with the answer \"when you feel unsedated, anxious, irritable, not calm, afraid of the operation and you want to be more relaxed and calm just press the button\". If the patient pressed the button during the permission time (after the 6 min lock-out interval), a 2 ml infusion of the drug mixture was administered IV, Otherwise, no drug was administered to the patient.\n\nIn this group, patients received a clicker, on the other hand, to press on both the pump and clicker together, every time he/she used the pump to denote the number of attempts.\n\nThe observing anesthetist present beside the patient used a stopwatch to record the time from the start of the use of the pump, and the number of the attempts that were recorded as the number of the clicks done by the patient, and so in that way the anesthetist differentiated a true attempt from a false one done during the lockout interval that was fixed at 6 minutes.\n\nThe PCS pump was of 100 ml volume, of 2 ml demand doses, 6 minutes lockout interval and of no basal rate of infusion, it was filled with a mixture of 10 mg of midazolam and 150 mcg of fentanyl diluted with 0.9 % sodium chloride solution to complete a total volume of 50 ml. and a concentration of 0.2 mg/ml of midazolam and 3 mcg/ml of fentanyl.\n\nA demand dose of 2 ml with 6 minutes lockout time was used. The patient was unaware of the lockout period, the attending anesthetist was aware of the drug regimen to be present to intervene for adverse events.\n\nInstruction on the use of commercially available PCS pump was given verbally by the anesthetist on the day of surgery and reinforced again in the operation room (OR).\n\nA depth of sedation level II or III on the sedation scale was targeted, level I was considered anxious and needs further doses, and more than level III was considered a risk of oversedation.\n\nIn both groups:\n\nThe eye to be operated on was marked prior to starting the local anesthesia. The total volume of 8 ml was prepared for the peribulbar block including a mixture of 4 ml lidocaine 2%, 4 ml bupivacaine 0.5%, and 75 IU of hyaluronidase. The anesthetic solution was injected into the extraconal compartment of the eye using two 23 gauge needles with 5 ml being injected at the junction of outer one-third and inner two-thirds of the lower orbital rim and 3 ml were injected superonasally beneath the superior orbital notch. The success of the block was assessed by globe bulge, loss of ocular movements and the eye was padded 5 to 10 minutes (with intermittent pressing 5 seconds and relieve the press for 10 seconds) to enhance the spread of the anesthetic solution and prevent a rise in the intraocular pressure.\n\nAfter adequate and complete muscle paralysis (assessed by the inability to move the eye in 6 directions known as a gaze), the surgical procedure was allowed by an expert surgeon.\n\nHeart rate, blood pressure, arterial oxygen saturation, and respiratory rate were recorded as a baseline before sedation and at 10 minutes intervals.\n\nPatients' and surgeons' satisfaction, depth of sedation, and patients' anxiety were assessed.\n\nThe OR was equipped with emergency equipment and drugs. All the equipment necessary for transformation to general anesthesia if needed at any point were also present including (analgesic, hypnotic, muscle relaxant, laryngoscope, different endotracheal tube sizes a supraglottic device, and a well-functioning anesthesia machine). This transformation would have been needed if a safety endpoint was reached.\n\nSafety endpoints for anesthetist intervention included arterial desaturation < 90%, for more than one minute, hypotension < 90 mmHg systolic or 20% decrease from baseline persisting when repeating determination one minute later, inability to tolerate the procedure, oversedation, airway obstruction, and the need for general anesthesia where the anesthetist will intervene.\n\nAt the end of the procedure, the total amount of sedating drug administered was recorded, as well as the number of attempts of self-administration was recorded before discharge from the OR. The patient was transferred to the recovery room and the time to ambulation was calculated, before being discharged to the ward safely."
        },
        "ConditionsModule":{
          "ConditionList":{
            "Condition":[
              "Patient Satisfaction"
            ]
          },
          "KeywordList":{
            "Keyword":[
              "PCS"
            ]
          }
        },
        "DesignModule":{
          "StudyType":"Interventional",
          "PhaseList":{
            "Phase":[
              "Phase 1"
            ]
          },
          "DesignInfo":{
            "DesignAllocation":"Randomized",
            "DesignInterventionModel":"Parallel Assignment",
            "DesignPrimaryPurpose":"Supportive Care",
            "DesignMaskingInfo":{
              "DesignMasking":"Double",
              "DesignWhoMaskedList":{
                "DesignWhoMasked":[
                  "Participant",
                  "Outcomes Assessor"
                ]
              }
            }
          },
          "EnrollmentInfo":{
            "EnrollmentCount":"30",
            "EnrollmentType":"Actual"
          }
        },
        "ArmsInterventionsModule":{
          "ArmGroupList":{
            "ArmGroup":[
              {
                "ArmGroupLabel":"Anesthetist controlled group",
                "ArmGroupType":"Other",
                "ArmGroupDescription":"15 patients undergoing cataract surgery will receive sedation given by the anesthetist together with local anesthesia according to the depth of sedation in the form of intravenous Midazolam and Fentanyl.",
                "ArmGroupInterventionList":{
                  "ArmGroupInterventionName":[
                    "Drug: Midazolam-Fentanyl combination"
                  ]
                }
              },{
                "ArmGroupLabel":"Patient-controlled group",
                "ArmGroupType":"Other",
                "ArmGroupDescription":"15 patients undergoing cataract surgery under local anesthesia will administer sedation to themselves through a pump.",
                "ArmGroupInterventionList":{
                  "ArmGroupInterventionName":[
                    "Drug: Midazolam-Fentanyl combination"
                  ]
                }
              }
            ]
          },
          "InterventionList":{
            "Intervention":[
              {
                "InterventionType":"Drug",
                "InterventionName":"Midazolam-Fentanyl combination",
                "InterventionDescription":"Sedation is given to patients undergoing cataract surgery under local anesthesia",
                "InterventionArmGroupLabelList":{
                  "InterventionArmGroupLabel":[
                    "Anesthetist controlled group",
                    "Patient-controlled group"
                  ]
                }
              }
            ]
          }
        },
        "OutcomesModule":{
          "PrimaryOutcomeList":{
            "PrimaryOutcome":[
              {
                "PrimaryOutcomeMeasure":"Patient satisfaction assessed by 7 point Likert scale.",
                "PrimaryOutcomeDescription":"Assessed by 7 point Likert scale (ranging from 1 as minimum value and 7 as maximal value), higher value is better.",
                "PrimaryOutcomeTimeFrame":"Intraoperative for 1 hour."
              }
            ]
          },
          "SecondaryOutcomeList":{
            "SecondaryOutcome":[
              {
                "SecondaryOutcomeMeasure":"Systolic and diastolic blood pressures.",
                "SecondaryOutcomeDescription":"Measured in mmHg.",
                "SecondaryOutcomeTimeFrame":"Intraoperative for 1 hour."
              },{
                "SecondaryOutcomeMeasure":"Surgeons' satisfaction assessed by 7 point Likert scale.",
                "SecondaryOutcomeDescription":"Assessed by 7 point Likert scale (ranging from 1 as minimum value and 7 as maximal value), higher values are better.",
                "SecondaryOutcomeTimeFrame":"Intraoperative for 1 hour."
              },{
                "SecondaryOutcomeMeasure":"Patient's anxiety assessed by State trait anxiety inventory.",
                "SecondaryOutcomeDescription":"Pre and postoperative, assessed by State-trait anxiety inventory ( a questionnaire of 40 questions), the value is according to patient's answers to the questions.",
                "SecondaryOutcomeTimeFrame":"Intraoperative for 1 hour."
              },{
                "SecondaryOutcomeMeasure":"Heart rate.",
                "SecondaryOutcomeDescription":"Measured in beats per minute.",
                "SecondaryOutcomeTimeFrame":"Intraoperative for 1 hour."
              },{
                "SecondaryOutcomeMeasure":"Oxygen saturation.",
                "SecondaryOutcomeDescription":"In percentage.",
                "SecondaryOutcomeTimeFrame":"Intraoperative for 1 hour."
              },{
                "SecondaryOutcomeMeasure":"Respiratory rate.",
                "SecondaryOutcomeDescription":"In breath per minute.",
                "SecondaryOutcomeTimeFrame":"Intraoperative for 1 hour."
              },{
                "SecondaryOutcomeMeasure":"Time to patient ambulation in minutes.",
                "SecondaryOutcomeDescription":"The time from end of procedure till the patient is safely discharged from the recovery room, higher values means there is a risk of oversedation which is worse.",
                "SecondaryOutcomeTimeFrame":"Postoperative for up to 1 hour."
              }
            ]
          }
        },
        "EligibilityModule":{
          "EligibilityCriteria":"Inclusion Criteria:\n\nASA physical status I, II.\nAge group 40-65 years old.\nCo-operative patients aware of the instructions.\n\nExclusion Criteria:\n\nDiagnosis of cognitive impairment or mental disorder.\nHypersensitivity to any of the used drugs.\nContraindication to local anesthesia e.g. Coagulation disorder.\nSevere pulmonary disease e.g. (obstructive sleep apnea).\nUse of sedative medications within the previous month.\nChronic renal and cardiac disorder e.g. (chronic renal failure, heart failure).",
          "HealthyVolunteers":"Accepts Healthy Volunteers",
          "Gender":"All",
          "MinimumAge":"40 Years",
          "MaximumAge":"65 Years",
          "StdAgeList":{
            "StdAge":[
              "Adult",
              "Older Adult"
            ]
          }
        },
        "ContactsLocationsModule":{
          "LocationList":{
            "Location":[
              {
                "LocationFacility":"Faculty Of Medicine Kasr Al-Ainy Cairo University",
                "LocationCity":"Cairo",
                "LocationState":"Cairo Governorate",
                "LocationZip":"11865",
                "LocationCountry":"Egypt"
              }
            ]
          }
        },
        "IPDSharingStatementModule":{
          "IPDSharing":"No"
        }
      },
      "DerivedSection":{
        "MiscInfoModule":{
          "VersionHolder":"April 19, 2021"
        },
        "InterventionBrowseModule":{
          "InterventionMeshList":{
            "InterventionMesh":[
              {
                "InterventionMeshId":"D000005283",
                "InterventionMeshTerm":"Fentanyl"
              },{
                "InterventionMeshId":"D000008874",
                "InterventionMeshTerm":"Midazolam"
              }
            ]
          },
          "InterventionAncestorList":{
            "InterventionAncestor":[
              {
                "InterventionAncestorId":"D000000701",
                "InterventionAncestorTerm":"Analgesics, Opioid"
              },{
                "InterventionAncestorId":"D000009294",
                "InterventionAncestorTerm":"Narcotics"
              },{
                "InterventionAncestorId":"D000002492",
                "InterventionAncestorTerm":"Central Nervous System Depressants"
              },{
                "InterventionAncestorId":"D000045505",
                "InterventionAncestorTerm":"Physiological Effects of Drugs"
              },{
                "InterventionAncestorId":"D000000700",
                "InterventionAncestorTerm":"Analgesics"
              },{
                "InterventionAncestorId":"D000018689",
                "InterventionAncestorTerm":"Sensory System Agents"
              },{
                "InterventionAncestorId":"D000018373",
                "InterventionAncestorTerm":"Peripheral Nervous System Agents"
              },{
                "InterventionAncestorId":"D000000759",
                "InterventionAncestorTerm":"Adjuvants, Anesthesia"
              },{
                "InterventionAncestorId":"D000018686",
                "InterventionAncestorTerm":"Anesthetics, Intravenous"
              },{
                "InterventionAncestorId":"D000018681",
                "InterventionAncestorTerm":"Anesthetics, General"
              },{
                "InterventionAncestorId":"D000000777",
                "InterventionAncestorTerm":"Anesthetics"
              },{
                "InterventionAncestorId":"D000006993",
                "InterventionAncestorTerm":"Hypnotics and Sedatives"
              },{
                "InterventionAncestorId":"D000014151",
                "InterventionAncestorTerm":"Anti-Anxiety Agents"
              },{
                "InterventionAncestorId":"D000014149",
                "InterventionAncestorTerm":"Tranquilizing Agents"
              },{
                "InterventionAncestorId":"D000011619",
                "InterventionAncestorTerm":"Psychotropic Drugs"
              },{
                "InterventionAncestorId":"D000018757",
                "InterventionAncestorTerm":"GABA Modulators"
              },{
                "InterventionAncestorId":"D000018682",
                "InterventionAncestorTerm":"GABA Agents"
              },{
                "InterventionAncestorId":"D000018377",
                "InterventionAncestorTerm":"Neurotransmitter Agents"
              },{
                "InterventionAncestorId":"D000045504",
                "InterventionAncestorTerm":"Molecular Mechanisms of Pharmacological Action"
              }
            ]
          },
          "InterventionBrowseLeafList":{
            "InterventionBrowseLeaf":[
              {
                "InterventionBrowseLeafId":"M2688",
                "InterventionBrowseLeafName":"Anesthetics",
                "InterventionBrowseLeafRelevance":"low"
              },{
                "InterventionBrowseLeafId":"M10428",
                "InterventionBrowseLeafName":"Midazolam",
                "InterventionBrowseLeafAsFound":"Artery",
                "InterventionBrowseLeafRelevance":"high"
              },{
                "InterventionBrowseLeafId":"M7001",
                "InterventionBrowseLeafName":"Fentanyl",
                "InterventionBrowseLeafAsFound":"Receiving",
                "InterventionBrowseLeafRelevance":"high"
              },{
                "InterventionBrowseLeafId":"M2613",
                "InterventionBrowseLeafName":"Analgesics",
                "InterventionBrowseLeafRelevance":"low"
              },{
                "InterventionBrowseLeafId":"M2614",
                "InterventionBrowseLeafName":"Analgesics, Opioid",
                "InterventionBrowseLeafRelevance":"low"
              },{
                "InterventionBrowseLeafId":"M10828",
                "InterventionBrowseLeafName":"Narcotics",
                "InterventionBrowseLeafRelevance":"low"
              },{
                "InterventionBrowseLeafId":"M19350",
                "InterventionBrowseLeafName":"Anesthetics, Intravenous",
                "InterventionBrowseLeafRelevance":"low"
              },{
                "InterventionBrowseLeafId":"M19345",
                "InterventionBrowseLeafName":"Anesthetics, General",
                "InterventionBrowseLeafRelevance":"low"
              },{
                "InterventionBrowseLeafId":"M8626",
                "InterventionBrowseLeafName":"Hypnotics and Sedatives",
                "InterventionBrowseLeafRelevance":"low"
              },{
                "InterventionBrowseLeafId":"M15488",
                "InterventionBrowseLeafName":"Anti-Anxiety Agents",
                "InterventionBrowseLeafRelevance":"low"
              },{
                "InterventionBrowseLeafId":"M13057",
                "InterventionBrowseLeafName":"Psychotropic Drugs",
                "InterventionBrowseLeafRelevance":"low"
              },{
                "InterventionBrowseLeafId":"M19411",
                "InterventionBrowseLeafName":"GABA Modulators",
                "InterventionBrowseLeafRelevance":"low"
              },{
                "InterventionBrowseLeafId":"M19088",
                "InterventionBrowseLeafName":"Neurotransmitter Agents",
                "InterventionBrowseLeafRelevance":"low"
              }
            ]
          },
          "InterventionBrowseBranchList":{
            "InterventionBrowseBranch":[
              {
                "InterventionBrowseBranchAbbrev":"CNSDep",
                "InterventionBrowseBranchName":"Central Nervous System Depressants"
              },{
                "InterventionBrowseBranchAbbrev":"All",
                "InterventionBrowseBranchName":"All Drugs and Chemicals"
              },{
                "InterventionBrowseBranchAbbrev":"AdjAn",
                "InterventionBrowseBranchName":"Adjuvants, Anesthesia"
              },{
                "InterventionBrowseBranchAbbrev":"PsychDr",
                "InterventionBrowseBranchName":"Psychotropic Drugs"
              },{
                "InterventionBrowseBranchAbbrev":"Analg",
                "InterventionBrowseBranchName":"Analgesics"
              }
            ]
          }
        }
      }
    }
  }
}

