{
  "FullStudy":{
    "Rank":2163,
    "Study":{
      "ProtocolSection":{
        "IdentificationModule":{
          "NCTId":"NCT04821817",
          "OrgStudyIdInfo":{
            "OrgStudyId":"34506/2/21"
          },
          "Organization":{
            "OrgFullName":"Tanta University",
            "OrgClass":"OTHER"
          },
          "BriefTitle":"Peribulbar Rocuronium in Adult Strabismus Surgery",
          "OfficialTitle":"The Effect of Rocuronium as an Anesthetic Adjuvant in Peribulbar Anesthesia for Adult Strabismus Surgery: Randomized Controlled Double-blind Study"
        },
        "StatusModule":{
          "StatusVerifiedDate":"March 2021",
          "OverallStatus":"Not yet recruiting",
          "ExpandedAccessInfo":{
            "HasExpandedAccess":"No"
          },
          "StartDateStruct":{
            "StartDate":"April 1, 2021",
            "StartDateType":"Anticipated"
          },
          "PrimaryCompletionDateStruct":{
            "PrimaryCompletionDate":"September 30, 2021",
            "PrimaryCompletionDateType":"Anticipated"
          },
          "CompletionDateStruct":{
            "CompletionDate":"September 30, 2021",
            "CompletionDateType":"Anticipated"
          },
          "StudyFirstSubmitDate":"March 24, 2021",
          "StudyFirstSubmitQCDate":"March 29, 2021",
          "StudyFirstPostDateStruct":{
            "StudyFirstPostDate":"March 30, 2021",
            "StudyFirstPostDateType":"Actual"
          },
          "LastUpdateSubmitDate":"March 29, 2021",
          "LastUpdatePostDateStruct":{
            "LastUpdatePostDate":"March 30, 2021",
            "LastUpdatePostDateType":"Actual"
          }
        },
        "SponsorCollaboratorsModule":{
          "ResponsibleParty":{
            "ResponsiblePartyType":"Principal Investigator",
            "ResponsiblePartyInvestigatorFullName":"Sameh Abdelkhalik Ahmed Ismaiel",
            "ResponsiblePartyInvestigatorTitle":"Assistant Professor",
            "ResponsiblePartyInvestigatorAffiliation":"Tanta University"
          },
          "LeadSponsor":{
            "LeadSponsorName":"Tanta University",
            "LeadSponsorClass":"OTHER"
          }
        },
        "OversightModule":{
          "OversightHasDMC":"No",
          "IsFDARegulatedDrug":"No",
          "IsFDARegulatedDevice":"No"
        },
        "DescriptionModule":{
          "BriefSummary":"This is a prospective randomized clinical study that will be carried on adult patients aged from 21-60 years and presented for strabismus surgery under peribulbar anesthesia.\nPatients will be excluded if they refused to participate or had a contraindication to peribulbar anesthesia.\nPatients will be randomly distributed into either control group in which peribulbar anesthesia will be performed by injection of 10 ml local anesthetic mixture composed of 4 ml of plain bupivacaine 0.5%, 4 ml of lidocaine 2% containing 50 IU, and 2 ml normal saline or rocuronium group which peribulbar anesthesia will be performed by injection of 10 ml local anesthetic mixture composed of 4 ml of plain bupivacaine 0.5%, 4 ml of lidocaine 2% containing 50 IU, and 0.06 mg/kg of rocuronium in 2 ml normal saline.\n\nMeasurements will include; -\n\nPatient age, weight, height, gestational age, and gravidity.\nThe duration of globe akinesia (primary outcome).\nThe onset of lid and globe akinesia and the duration of lid akinesia\nThe onset and duration of sensory block\nTime required to start the surgery\nAkinesia score\nThe visual analog score (VAS) which is composed of 0-10 score will be used to assess the severity of postoperative pain (where 0=no pain and 10=severe pain), The VAS score will be evaluated 1 h, 2 h postoperative, then every 2 h till 12 h. Any patients with VAS score more than 4 received rescue analgesia in the form of 50 mg tramadol intravenous injection with the calculation of the time for the first call of postoperative analgesia.\nAny detected complication as nausea and vomiting, pain on injection, or increased intraocular tension.",
          "DetailedDescription":"This prospective randomized double-blind study will be carried out on adult patients who will be presented for strabismus surgery in Ophthalmology Department in Tanta university hospitals over the 6-month duration, an informed written consent will be obtained from all the participants, all patients data will be confidential and will be used for the current study only.\n\nThe patients will be randomly allocated into two groups with the aid of computer-generated software of randomization. All the local anesthetic mixtures will be prepared under complete aseptic precautions by an anesthesia resident who will not participate in the study and will be blinded to its groups in to: - Group C (Control group) (20 Patients): Patients in this group will receive peribulbar anesthesia with a 10 ml local anesthetic mixture composed of 4 ml of plain bupivacaine 0.5%, 4 ml of lidocaine 2% containing 50 IU, and 2 ml normal saline.\n\nGroup R (rocuronium group) (20 patients): Patients in this group will receive peribulbar anesthesia with 10 ml local anesthetic mixture composed of 4 ml of plain bupivacaine 0.5%, 4 ml of lidocaine 2% containing 50 IU, and 0.06 mg/kg of rocuronium in 2 ml normal saline.\n\nAnesthetic technique On arrival of patients to the pre-anesthesia preparation room, we will allow them to rest in a supine position with the connection of monitors that consist of 5 leads ECG, non-invasive blood pressure, pulse oximeter, and temperature. Also, intravascular access will be obtained.\n\nOnce the patient will be admitted to the operating theatre, all monitors will be applied. A nasal cannula was used at a flow rate of 2-4 l/min to supply oxygen to patients. The peribulbar block will be performed by the same anesthesiologist under aseptic precautions.\n\nThe technique of peribulbar block Disposable needles in a size of 25 gauge and 16mm bevels will be used to perform the peribulbar injection. The injection site will be limited by the lateral nasal margin laterally, inferior orbital margin inferiorly, and the lower lacrimal punctum superiorly. Once the needle introduced, the patient will be asked to look in the four cardinal directions of the gaze, superior, inferior, nasal, and temporal to ensure that the needle is not penetrating the eye globe, then negative aspiration will be done to exclude intravascular position of the needle, then, the peribulbar injection of the previously prepared local anesthetic mixture will be performed over 30 seconds and followed by the fullness of the eyelids.\n\nThe eyelids will be closed and covered by eye pads carefully with an application of 20 mmHg pressure through an intermittent application of Honan ball for 10 min. The intermittent eye compression will be relieved after 1 min, 3 min, 5 min, 7 min, 9 min, and 10 min to assess the onset and the quality of sensory and motor blockade. The sensory block will be assessed by the abolishment of corneal reflex to the installation of physiological drops on the cornea or conjunctiva. The onset of anesthesia will be determined by the time interval from local anesthetics injection and loss of corneal reflex. The motor block will be evaluated by asking the patient to open, close, and squeeze his eye (Lid Akinesia) and to move his eye globe in the four directions of the gaze (globe akinesia). The quality of akinesia will be assessed through the use of akinesia score where 0=inability to move (total akinesia), 1=partial movement (partial akinesia), and 2=full movements (no akinesia). This score was used to assess both lid akinesia and globe akinesia in the four directions with an overall score of 10.\n\nThe onset of lid akinesia will be calculated from peribulbar injection to the partial loss of ability to open or squeeze eyelids, while the onset of globe akinesia will be estimated from the injection of the local anesthetic mixture and partial loss of movement of the eye globe in the four cardinal directions. The surgery will be considered to be optimal to be started when the patient had corneal anesthesia together with partial lid and globe akinesia. The optimal time to start the surgery will be considered as the elapsed time between local anesthetics injection and satisfying the goals to start the surgery. The intraocular pressure will be measured preoperatively and immediately before initiating the surgery with detection of a number of patients with an increase in the intraocular tension (increase intraocular pressure more than 25 mmHg or by more than 10 mmHg than the preoperative value).\n\nThe duration of the sensory block will be estimated to be the time interval from the peribulbar injection till regaining corneal sensation, while, the duration of lid or globe akinesia will be determined by the time elapsed between performing the peribulbar injection and the full regaining of lid or globe movement respectively.\n\nThe primary outcome will be the duration of globe akinesia. Secondary outcomes will include the onset and duration of sensory block."
        },
        "ConditionsModule":{
          "ConditionList":{
            "Condition":[
              "Strabismus",
              "Regional Anesthesia Morbidity",
              "Rocuronium"
            ]
          },
          "KeywordList":{
            "Keyword":[
              "Strabismus",
              "peribulbar anesthesia",
              "rocuronium",
              "akinesia"
            ]
          }
        },
        "DesignModule":{
          "StudyType":"Interventional",
          "PhaseList":{
            "Phase":[
              "Not Applicable"
            ]
          },
          "DesignInfo":{
            "DesignAllocation":"Randomized",
            "DesignInterventionModel":"Parallel Assignment",
            "DesignPrimaryPurpose":"Supportive Care",
            "DesignMaskingInfo":{
              "DesignMasking":"Quadruple",
              "DesignMaskingDescription":"The patients will be blinded to their groups.\nAn anesthesia resident who will not participate in the study and have no subsequent rule in it will help in the preparation of local anesthetic mixtures under strict aseptic precautions.\nThe anesthetist who will perform the peribulbar block will be blinded to the local anesthetic mixtures he will inject.\nAn assistant nurse who will be blinded to the study groups and will have no subsequent rule in it will help in a collection of the data of measurements",
              "DesignWhoMaskedList":{
                "DesignWhoMasked":[
                  "Participant",
                  "Care Provider",
                  "Investigator",
                  "Outcomes Assessor"
                ]
              }
            }
          },
          "EnrollmentInfo":{
            "EnrollmentCount":"50",
            "EnrollmentType":"Anticipated"
          }
        },
        "ArmsInterventionsModule":{
          "ArmGroupList":{
            "ArmGroup":[
              {
                "ArmGroupLabel":"Group C (Control group)",
                "ArmGroupType":"Placebo Comparator",
                "ArmGroupDescription":"Patients in this group will receive peribulbar anesthesia with 10 ml local anesthetic mixture composed of 4 ml of plain bupivacaine 0.5%, 4 ml of lidocaine 2% containing 50 IU, and 2 ml normal saline.",
                "ArmGroupInterventionList":{
                  "ArmGroupInterventionName":[
                    "Drug: Normal saline"
                  ]
                }
              },{
                "ArmGroupLabel":"Group R (rocuronium group)",
                "ArmGroupType":"Experimental",
                "ArmGroupDescription":"Patients in this group will receive peribulbar anesthesia with 10 ml local anesthetic mixture composed of 4 ml of plain bupivacaine 0.5%, 4 ml of lidocaine 2% containing 50 IU, and 0.06 mg/kg of rocuronium in 2 ml normal saline.",
                "ArmGroupInterventionList":{
                  "ArmGroupInterventionName":[
                    "Drug: Rocuronium"
                  ]
                }
              }
            ]
          },
          "InterventionList":{
            "Intervention":[
              {
                "InterventionType":"Drug",
                "InterventionName":"Normal saline",
                "InterventionDescription":"peribulbar anesthesia with 10 ml local anesthetic mixture composed of 4 ml of plain bupivacaine 0.5%, 4 ml of lidocaine 2% containing 50 IU, and 2 ml normal saline.",
                "InterventionArmGroupLabelList":{
                  "InterventionArmGroupLabel":[
                    "Group C (Control group)"
                  ]
                }
              },{
                "InterventionType":"Drug",
                "InterventionName":"Rocuronium",
                "InterventionDescription":"peribulbar anesthesia with 10 ml local anesthetic mixture composed of 4 ml of plain bupivacaine 0.5%, 4 ml of lidocaine 2% containing 50 IU, and 0.06 mg/kg of rocuronium in 2 ml normal saline.",
                "InterventionArmGroupLabelList":{
                  "InterventionArmGroupLabel":[
                    "Group R (rocuronium group)"
                  ]
                }
              }
            ]
          }
        },
        "OutcomesModule":{
          "PrimaryOutcomeList":{
            "PrimaryOutcome":[
              {
                "PrimaryOutcomeMeasure":"The duration of globe akinesia",
                "PrimaryOutcomeDescription":"Time interval from reaching the highest lid and globe akinesia score till restoration of the full lid and globe movement",
                "PrimaryOutcomeTimeFrame":"up to first 2 hours intraoperative"
              }
            ]
          },
          "SecondaryOutcomeList":{
            "SecondaryOutcome":[
              {
                "SecondaryOutcomeMeasure":"The onset of sensory block",
                "SecondaryOutcomeDescription":"Time interval from peribulbar injection till loss of corneal sensation",
                "SecondaryOutcomeTimeFrame":"Intraoperative (every 2 minutes after peribulbar injection)"
              },{
                "SecondaryOutcomeMeasure":"The duration of sensory block",
                "SecondaryOutcomeDescription":"time interval from the peribulbar injection till regaining corneal sensation,",
                "SecondaryOutcomeTimeFrame":"Intraoperative (Every 30 minutes in the first 4 hours)"
              }
            ]
          }
        },
        "EligibilityModule":{
          "EligibilityCriteria":"Inclusion Criteria:\n\nAdult patients\nAged 21- 60 years\nAmerican Society of Anesthesiologists class (ASA) I to III\npresented for elective strabismus surgery under peribulbar anesthesia.\n\nExclusion Criteria:\n\nPatient refusal to participate.\nuncooperative patient.\nNeurological disorders.\nPsychological disorders\nSuspected or diagnosed coagulopathy.\nKnown allergy to the used medications.\nOcular infection\nCo-existing glaucoma",
          "HealthyVolunteers":"No",
          "Gender":"All",
          "MinimumAge":"21 Years",
          "MaximumAge":"60 Years",
          "StdAgeList":{
            "StdAge":[
              "Adult"
            ]
          }
        },
        "ContactsLocationsModule":{
          "CentralContactList":{
            "CentralContact":[
              {
                "CentralContactName":"Sameh Abdelkhalik, M.D",
                "CentralContactRole":"Contact",
                "CentralContactPhone":"00201002977048",
                "CentralContactEMail":"samehabdelkhalik1982@gmail.com"
              },{
                "CentralContactName":"Mohamed Aly, M.D",
                "CentralContactRole":"Contact",
                "CentralContactPhone":"00201099957971",
                "CentralContactEMail":"moh_aly_2005@hotmail.com"
              }
            ]
          },
          "OverallOfficialList":{
            "OverallOfficial":[
              {
                "OverallOfficialName":"Sameh Abdelkhalik, M.D",
                "OverallOfficialAffiliation":"Faculty of Medicine, Tanta University",
                "OverallOfficialRole":"Principal Investigator"
              }
            ]
          },
          "LocationList":{
            "Location":[
              {
                "LocationFacility":"Tanta University",
                "LocationCity":"Tanta",
                "LocationState":"Algharbia",
                "LocationZip":"31511",
                "LocationCountry":"Egypt",
                "LocationContactList":{
                  "LocationContact":[
                    {
                      "LocationContactName":"Sameh Abdelkhalik, M.D",
                      "LocationContactRole":"Contact",
                      "LocationContactPhone":"+201002977048",
                      "LocationContactEMail":"samehabdelkhalik1982@gmail.com"
                    },{
                      "LocationContactName":"Mohamed Aly, M.D",
                      "LocationContactRole":"Contact",
                      "LocationContactPhone":"00201099957971",
                      "LocationContactEMail":"moh_aly_2005@hotmail.com"
                    }
                  ]
                }
              }
            ]
          }
        },
        "IPDSharingStatementModule":{
          "IPDSharing":"Yes",
          "IPDSharingDescription":"The data of primary outcome will be available with the corresponding author till 6 months after approval of the publication of the trial.",
          "IPDSharingInfoTypeList":{
            "IPDSharingInfoType":[
              "Study Protocol",
              "Statistical Analysis Plan (SAP)",
              "Informed Consent Form (ICF)"
            ]
          },
          "IPDSharingTimeFrame":"6 months after approval of the publication of the trial.",
          "IPDSharingAccessCriteria":"Contact the principle investigator"
        }
      },
      "DerivedSection":{
        "MiscInfoModule":{
          "VersionHolder":"April 19, 2021"
        },
        "ConditionBrowseModule":{
          "ConditionMeshList":{
            "ConditionMesh":[
              {
                "ConditionMeshId":"D000013285",
                "ConditionMeshTerm":"Strabismus"
              }
            ]
          },
          "ConditionAncestorList":{
            "ConditionAncestor":[
              {
                "ConditionAncestorId":"D000015835",
                "ConditionAncestorTerm":"Ocular Motility Disorders"
              },{
                "ConditionAncestorId":"D000003389",
                "ConditionAncestorTerm":"Cranial Nerve Diseases"
              },{
                "ConditionAncestorId":"D000009422",
                "ConditionAncestorTerm":"Nervous System Diseases"
              },{
                "ConditionAncestorId":"D000005128",
                "ConditionAncestorTerm":"Eye Diseases"
              }
            ]
          },
          "ConditionBrowseLeafList":{
            "ConditionBrowseLeaf":[
              {
                "ConditionBrowseLeafId":"M14658",
                "ConditionBrowseLeafName":"Strabismus",
                "ConditionBrowseLeafAsFound":"Strabismus",
                "ConditionBrowseLeafRelevance":"high"
              },{
                "ConditionBrowseLeafId":"M16969",
                "ConditionBrowseLeafName":"Ocular Motility Disorders",
                "ConditionBrowseLeafRelevance":"low"
              },{
                "ConditionBrowseLeafId":"M5188",
                "ConditionBrowseLeafName":"Cranial Nerve Diseases",
                "ConditionBrowseLeafRelevance":"low"
              },{
                "ConditionBrowseLeafId":"M6854",
                "ConditionBrowseLeafName":"Eye Diseases",
                "ConditionBrowseLeafRelevance":"low"
              }
            ]
          },
          "ConditionBrowseBranchList":{
            "ConditionBrowseBranch":[
              {
                "ConditionBrowseBranchAbbrev":"BC10",
                "ConditionBrowseBranchName":"Nervous System Diseases"
              },{
                "ConditionBrowseBranchAbbrev":"BC11",
                "ConditionBrowseBranchName":"Eye Diseases"
              },{
                "ConditionBrowseBranchAbbrev":"All",
                "ConditionBrowseBranchName":"All Conditions"
              }
            ]
          }
        },
        "InterventionBrowseModule":{
          "InterventionMeshList":{
            "InterventionMesh":[
              {
                "InterventionMeshId":"D000077123",
                "InterventionMeshTerm":"Rocuronium"
              }
            ]
          },
          "InterventionAncestorList":{
            "InterventionAncestor":[
              {
                "InterventionAncestorId":"D000003473",
                "InterventionAncestorTerm":"Neuromuscular Nondepolarizing Agents"
              },{
                "InterventionAncestorId":"D000009466",
                "InterventionAncestorTerm":"Neuromuscular Blocking Agents"
              },{
                "InterventionAncestorId":"D000009465",
                "InterventionAncestorTerm":"Neuromuscular Agents"
              },{
                "InterventionAncestorId":"D000018373",
                "InterventionAncestorTerm":"Peripheral Nervous System Agents"
              },{
                "InterventionAncestorId":"D000045505",
                "InterventionAncestorTerm":"Physiological Effects of Drugs"
              }
            ]
          },
          "InterventionBrowseLeafList":{
            "InterventionBrowseLeaf":[
              {
                "InterventionBrowseLeafId":"M3897",
                "InterventionBrowseLeafName":"Bupivacaine",
                "InterventionBrowseLeafRelevance":"low"
              },{
                "InterventionBrowseLeafId":"M2690",
                "InterventionBrowseLeafName":"Anesthetics, Local",
                "InterventionBrowseLeafRelevance":"low"
              },{
                "InterventionBrowseLeafId":"M2688",
                "InterventionBrowseLeafName":"Anesthetics",
                "InterventionBrowseLeafRelevance":"low"
              },{
                "InterventionBrowseLeafId":"M9597",
                "InterventionBrowseLeafName":"Lidocaine",
                "InterventionBrowseLeafRelevance":"low"
              },{
                "InterventionBrowseLeafId":"M1666",
                "InterventionBrowseLeafName":"Rocuronium",
                "InterventionBrowseLeafAsFound":"Further",
                "InterventionBrowseLeafRelevance":"high"
              },{
                "InterventionBrowseLeafId":"M5267",
                "InterventionBrowseLeafName":"Neuromuscular Nondepolarizing Agents",
                "InterventionBrowseLeafRelevance":"low"
              },{
                "InterventionBrowseLeafId":"M10992",
                "InterventionBrowseLeafName":"Neuromuscular Blocking Agents",
                "InterventionBrowseLeafRelevance":"low"
              }
            ]
          },
          "InterventionBrowseBranchList":{
            "InterventionBrowseBranch":[
              {
                "InterventionBrowseBranchAbbrev":"CNSDep",
                "InterventionBrowseBranchName":"Central Nervous System Depressants"
              },{
                "InterventionBrowseBranchAbbrev":"All",
                "InterventionBrowseBranchName":"All Drugs and Chemicals"
              },{
                "InterventionBrowseBranchAbbrev":"AnArAg",
                "InterventionBrowseBranchName":"Anti-Arrhythmia Agents"
              },{
                "InterventionBrowseBranchAbbrev":"ChanBlk",
                "InterventionBrowseBranchName":"Channel Blockers"
              }
            ]
          }
        }
      }
    }
  }
}

