{
  "FullStudy":{
    "Rank":1995,
    "Study":{
      "ProtocolSection":{
        "IdentificationModule":{
          "NCTId":"NCT04824001",
          "OrgStudyIdInfo":{
            "OrgStudyId":"CMUH108-REC2-180"
          },
          "Organization":{
            "OrgFullName":"China Medical University Hospital",
            "OrgClass":"OTHER"
          },
          "BriefTitle":"Exercise Echocardiography on LV Mechanics in Patients With CAD: a Speckle-tracking Echocardiography",
          "OfficialTitle":"Using Exercise Echocardiography to Investigate the Effects of Different Exercise Trainings on Left Ventricular Mechanics in Patients With Coronary Artery Disease: a Speckle-tracking Echocardiography"
        },
        "StatusModule":{
          "StatusVerifiedDate":"March 2021",
          "OverallStatus":"Recruiting",
          "ExpandedAccessInfo":{
            "HasExpandedAccess":"No"
          },
          "StartDateStruct":{
            "StartDate":"January 13, 2021",
            "StartDateType":"Actual"
          },
          "PrimaryCompletionDateStruct":{
            "PrimaryCompletionDate":"July 31, 2022",
            "PrimaryCompletionDateType":"Anticipated"
          },
          "CompletionDateStruct":{
            "CompletionDate":"July 31, 2022",
            "CompletionDateType":"Anticipated"
          },
          "StudyFirstSubmitDate":"February 26, 2021",
          "StudyFirstSubmitQCDate":"March 26, 2021",
          "StudyFirstPostDateStruct":{
            "StudyFirstPostDate":"April 1, 2021",
            "StudyFirstPostDateType":"Actual"
          },
          "LastUpdateSubmitDate":"March 26, 2021",
          "LastUpdatePostDateStruct":{
            "LastUpdatePostDate":"April 1, 2021",
            "LastUpdatePostDateType":"Actual"
          }
        },
        "SponsorCollaboratorsModule":{
          "ResponsibleParty":{
            "ResponsiblePartyType":"Principal Investigator",
            "ResponsiblePartyInvestigatorFullName":"Li-Wei Chou",
            "ResponsiblePartyInvestigatorTitle":"Minister of Rehabilitation",
            "ResponsiblePartyInvestigatorAffiliation":"China Medical University Hospital"
          },
          "LeadSponsor":{
            "LeadSponsorName":"China Medical University Hospital",
            "LeadSponsorClass":"OTHER"
          }
        },
        "OversightModule":{
          "OversightHasDMC":"No",
          "IsFDARegulatedDrug":"No",
          "IsFDARegulatedDevice":"No"
        },
        "DescriptionModule":{
          "BriefSummary":"Recovering blood flow to a coronary stenosis may improve left ventricular (LV) function in patients with coronary artery disease (CAD). However, the reported data about evaluation of LV function post-percutaneous coronary intervention (PCI) in CAD was limited. The aim of this study was to compare the LV function measured by 3 min low dose exercise stress echocardiography (ESE) combined 2D speckle tracking echocardiography (STE) in patients with CAD underwent PCI, and to identify factors affecting the change of LV function. Patients with CAD who underwent acute PCI were enrolled.",
          "DetailedDescription":"The assessment of temporal changes in systolic and diastolic regional left ventricle function by 2D-STE after successful reperfusion therapy of acute myocardial infarction (AMI).The estimated total number of participants is 90 patients with AMI and treated with successful percutaneous coronary intervention were included in this study. The echocardiographic measurements were performed in all patients within in-hotpital after PCI procedure, and then followed up at 7, 14, 30, 60 and 180 days after discharge. Recovery of regional systolic and diastolic myocardial function after acute myocardial infarction evaluated by ESE-STE."
        },
        "ConditionsModule":{
          "ConditionList":{
            "Condition":[
              "Cardiovascular Diseases",
              "STEMI",
              "NSTEMI"
            ]
          },
          "KeywordList":{
            "Keyword":[
              "stress echocardiography",
              "speckle tracking"
            ]
          }
        },
        "DesignModule":{
          "StudyType":"Observational",
          "PatientRegistry":"No",
          "DesignInfo":{
            "DesignObservationalModelList":{
              "DesignObservationalModel":[
                "Cohort"
              ]
            },
            "DesignTimePerspectiveList":{
              "DesignTimePerspective":[
                "Prospective"
              ]
            }
          },
          "EnrollmentInfo":{
            "EnrollmentCount":"90",
            "EnrollmentType":"Anticipated"
          }
        },
        "ArmsInterventionsModule":{
          "ArmGroupList":{
            "ArmGroup":[
              {
                "ArmGroupLabel":"STEMI",
                "ArmGroupDescription":"ST-segment elevation myocardial infarction (STEMI) is defined by symptoms of myocardial ischemia accompanied by a persistent elevation of the ST segment on the electrocardiogram (ECG) and the subsequent release of biomarkers of myocardial necrosis.",
                "ArmGroupInterventionList":{
                  "ArmGroupInterventionName":[
                    "Other: exercise stress echocardiography"
                  ]
                }
              },{
                "ArmGroupLabel":"NSTEMI",
                "ArmGroupDescription":"If there is elevation of the blood markers suggesting heart damage, but no ST elevation seen on the EKG tracing, this is known as a non ST-elevation myocardial infarction (NSTEMI).",
                "ArmGroupInterventionList":{
                  "ArmGroupInterventionName":[
                    "Other: exercise stress echocardiography"
                  ]
                }
              }
            ]
          },
          "InterventionList":{
            "Intervention":[
              {
                "InterventionType":"Other",
                "InterventionName":"exercise stress echocardiography",
                "InterventionDescription":"Stress echocardiography test. The standardized exercise test was conducted by 50-W semi-recumbent cycling for 3 min. Stress echocardiograph images were acquired at the third minute of cycling to ensure that subjects had reached a steady-state HR.",
                "InterventionArmGroupLabelList":{
                  "InterventionArmGroupLabel":[
                    "NSTEMI",
                    "STEMI"
                  ]
                }
              }
            ]
          }
        },
        "OutcomesModule":{
          "PrimaryOutcomeList":{
            "PrimaryOutcome":[
              {
                "PrimaryOutcomeMeasure":"The alterations of LV mechanics responses to a 3-min low dose exercise stress echocardiography following time.",
                "PrimaryOutcomeDescription":"The STE was performed at rest, during exercise and recovery to compare the changes of LV machines following discharge. The standardized exercise test was conducted by 50-W semirecumbent cycling (Cardiac Stress Table w/Angio) for 3 min. Stress echocardiograph images were acquired at the third minute of cycling to ensure that subjects had reached a steady-state HR.",
                "PrimaryOutcomeTimeFrame":"detected at the in-hospital and the day 7, 14, 30, 60, and 180 after discharge."
              }
            ]
          },
          "SecondaryOutcomeList":{
            "SecondaryOutcome":[
              {
                "SecondaryOutcomeMeasure":"Cardiopulmonary fitness",
                "SecondaryOutcomeDescription":"The graded exercise test (GXT) was performed with a cycle ergometer at the day 30 and 180 after discharge. The GXT comprised of unloaded pedaling for 2 min followed by a continuous increase in work rate (20-30 W) every 3 min until exhaustion (i.e., V˙ O2max). Minute ventilation (V˙ E), V˙ O2, and CO2 production (V˙ CO2) were measured breath-by-breath using a computer-based system (MasterScreen CPX; Cardinal Health Germany).",
                "SecondaryOutcomeTimeFrame":"detected at the day 30, 60, and 180 after discharge."
              },{
                "SecondaryOutcomeMeasure":"The brain-type natriuretic peptide (BNP) levels",
                "SecondaryOutcomeDescription":"BNP levels (picograms/milliliter) will be analysed from blood samples taken by a registered phlebotomist.",
                "SecondaryOutcomeTimeFrame":"detected at the detected at the in-hospital and the day 7, 14, 30, 60, and 180 after discharge.ay 30, 60, and 180 after discharge."
              },{
                "SecondaryOutcomeMeasure":"The high-sensitivity CRP (hsCRP) levels",
                "SecondaryOutcomeDescription":"hsCRP levels (picograms/milliliter) will be analysed from blood samples taken by a registered phlebotomist.",
                "SecondaryOutcomeTimeFrame":"detected at the detected at the in-hospital and the day 7, 14, 30, 60, and 180 after discharge.ay 30, 60, and 180 after discharge."
              },{
                "SecondaryOutcomeMeasure":"The creatine kinase (CK) levels",
                "SecondaryOutcomeDescription":"The CK levels (picograms/milliliter) will be analysed from blood samples taken by a registered phlebotomist.",
                "SecondaryOutcomeTimeFrame":"detected at the detected at the in-hospital and the day 7, 14, 30, 60, and 180 after discharge.ay 30, 60, and 180 after discharge."
              },{
                "SecondaryOutcomeMeasure":"The creatine kinase-MB (CK-MB) levels",
                "SecondaryOutcomeDescription":"The CK-MB levels (picograms/milliliter) will be analysed from blood samples taken by a registered phlebotomist.",
                "SecondaryOutcomeTimeFrame":"detected at the detected at the in-hospital and the day 7, 14, 30, 60, and 180 after discharge.ay 30, 60, and 180 after discharge."
              },{
                "SecondaryOutcomeMeasure":"The troponin I levels",
                "SecondaryOutcomeDescription":"The troponin I levels (picograms/milliliter) will be analysed from blood samples taken by a registered phlebotomist.",
                "SecondaryOutcomeTimeFrame":"detected at the detected at the in-hospital and the day 7, 14, 30, 60, and 180 after discharge.ay 30, 60, and 180 after discharge."
              },{
                "SecondaryOutcomeMeasure":"The left ventricle wall and cavity dimensions",
                "SecondaryOutcomeDescription":"M-mode images were used to determine the LV wall and cavity dimensions at end-systole and end-diastole from a parasternal long axis view.",
                "SecondaryOutcomeTimeFrame":"detected at the detected at the in-hospital and the day 7, 14, 30, 60, and 180 after discharge.ay 30, 60, and 180 after discharge."
              },{
                "SecondaryOutcomeMeasure":"The left ventricle mass",
                "SecondaryOutcomeDescription":"Measurements of LVmass and the short fraction index were automatically derived using standard equations as followed: LVmass(gm) = 0.77 X 10^-3X [(IVS + LVIDd +PW)^3 - (LVIDd)^3 + 2.4]",
                "SecondaryOutcomeTimeFrame":"detected at the detected at the in-hospital and the day 7, 14, 30, 60, and 180 after discharge.ay 30, 60, and 180 after discharge."
              },{
                "SecondaryOutcomeMeasure":"The left ventricle ejection fraction",
                "SecondaryOutcomeDescription":"LV ejection fraction (LVEF) was determined using the modified Simpson's method from the apical four-chamber views.",
                "SecondaryOutcomeTimeFrame":"detected at the detected at the in-hospital and the day 7, 14, 30, 60, and 180 after discharge.ay 30, 60, and 180 after discharge."
              },{
                "SecondaryOutcomeMeasure":"The left ventricle diastolic functions",
                "SecondaryOutcomeDescription":"Analysis of Doppler pulsed wave was performed to determine diastolic transmitral blood flow velocities for peak early (E) and late (A) fillings and was also detected the diastolic mitral annular tissue velocities for peak early (E') and late (A') fillings.",
                "SecondaryOutcomeTimeFrame":"detected at the detected at the in-hospital and the day 7, 14, 30, 60, and 180 after discharge.ay 30, 60, and 180 after discharge."
              }
            ]
          }
        },
        "EligibilityModule":{
          "EligibilityCriteria":"Inclusion Criteria:\n\nacute myocardial infarction diagnosed by a physician\nundergoing percutaneous coronary intervention\nExercise testing and stress echocardiography are performed with the approval of the physician.\n\nExclusion Criteria:\n\nSevere cardiac valve disease\nLeft bundle branch block\nUncontrolled diabetes or hypertension\nOrthopedics or other conditions that hinder from exercise\nUncontrolled sinus tachycardia (greater than 120 beats per minute)",
          "Gender":"All",
          "MinimumAge":"20 Years",
          "StdAgeList":{
            "StdAge":[
              "Adult",
              "Older Adult"
            ]
          },
          "StudyPopulation":"acute myocardial infarction diagnosed by a physician and undergoing percutaneous coronary intervention",
          "SamplingMethod":"Non-Probability Sample"
        },
        "ContactsLocationsModule":{
          "CentralContactList":{
            "CentralContact":[
              {
                "CentralContactName":"LI-Wei Chou, PhD",
                "CentralContactRole":"Contact",
                "CentralContactPhone":"+886-4-22052121",
                "CentralContactPhoneExt":"2381",
                "CentralContactEMail":"chouliwe@mail.cmuh.org.tw"
              }
            ]
          },
          "OverallOfficialList":{
            "OverallOfficial":[
              {
                "OverallOfficialName":"LI-Wei Chou, PhD",
                "OverallOfficialAffiliation":"China Medical University Hospital/Asia University Hospital",
                "OverallOfficialRole":"Principal Investigator"
              }
            ]
          },
          "LocationList":{
            "Location":[
              {
                "LocationFacility":"Asia University Hospital",
                "LocationStatus":"Recruiting",
                "LocationCity":"Wufeng",
                "LocationState":"Taichung",
                "LocationZip":"413",
                "LocationCountry":"Taiwan",
                "LocationContactList":{
                  "LocationContact":[
                    {
                      "LocationContactName":"Chou Li-Wei, PhD",
                      "LocationContactRole":"Contact",
                      "LocationContactPhone":"+886-4-22052121",
                      "LocationContactPhoneExt":"2381",
                      "LocationContactEMail":"chouliwe@mail.cmuh.org.tw"
                    },{
                      "LocationContactName":"Yu-Chieh Huang, PhD",
                      "LocationContactRole":"Principal Investigator"
                    }
                  ]
                }
              }
            ]
          }
        },
        "ReferencesModule":{
          "ReferenceList":{
            "Reference":[
              {
                "ReferencePMID":"16103233",
                "ReferenceType":"background",
                "ReferenceCitation":"Anand IS, Kuskowski MA, Rector TS, Florea VG, Glazer RD, Hester A, Chiang YT, Aknay N, Maggioni AP, Opasich C, Latini R, Cohn JN. Anemia and change in hemoglobin over time related to mortality and morbidity in patients with chronic heart failure: results from Val-HeFT. Circulation. 2005 Aug 23;112(8):1121-7. Epub 2005 Aug 15."
              },{
                "ReferencePMID":"31257568",
                "ReferenceType":"background",
                "ReferenceCitation":"Sikora-Frac M, Zaborska B, Maciejewski P, Budaj A, Bednarz B. Improvement of left ventricular function after percutaneous coronary intervention in patients with stable coronary artery disease and preserved ejection fraction: Impact of diabetes mellitus. Cardiol J. 2019 Jul 1. doi: 10.5603/CJ.a2019.0066. [Epub ahead of print]"
              },{
                "ReferencePMID":"31454106",
                "ReferenceType":"background",
                "ReferenceCitation":"Li H, Liu C, Zhang G, Wang C, Sun P, Du G, Tian J. The early alteration of left ventricular strain and dys-synchrony index in breast cancer patients undergoing anthracycline therapy using layer-specific strain analysis. Echocardiography. 2019 Sep;36(9):1675-1681. doi: 10.1111/echo.14460. Epub 2019 Aug 27."
              },{
                "ReferencePMID":"30829901",
                "ReferenceType":"background",
                "ReferenceCitation":"Huang YC, Tsai HH, Fu TC, Hsu CC, Wang JS. High-Intensity Interval Training Improves Left Ventricular Contractile Function. Med Sci Sports Exerc. 2019 Jul;51(7):1420-1428. doi: 10.1249/MSS.0000000000001931."
              }
            ]
          }
        },
        "IPDSharingStatementModule":{
          "IPDSharing":"No"
        }
      },
      "DerivedSection":{
        "MiscInfoModule":{
          "VersionHolder":"April 19, 2021"
        },
        "ConditionBrowseModule":{
          "ConditionMeshList":{
            "ConditionMesh":[
              {
                "ConditionMeshId":"D000002318",
                "ConditionMeshTerm":"Cardiovascular Diseases"
              }
            ]
          },
          "ConditionBrowseLeafList":{
            "ConditionBrowseLeaf":[
              {
                "ConditionBrowseLeafId":"M5129",
                "ConditionBrowseLeafName":"Coronary Artery Disease",
                "ConditionBrowseLeafRelevance":"low"
              },{
                "ConditionBrowseLeafId":"M1072",
                "ConditionBrowseLeafName":"ST Elevation Myocardial Infarction",
                "ConditionBrowseLeafRelevance":"low"
              },{
                "ConditionBrowseLeafId":"M18089",
                "ConditionBrowseLeafName":"Myocardial Ischemia",
                "ConditionBrowseLeafRelevance":"low"
              },{
                "ConditionBrowseLeafId":"M5132",
                "ConditionBrowseLeafName":"Coronary Disease",
                "ConditionBrowseLeafRelevance":"low"
              },{
                "ConditionBrowseLeafId":"M1073",
                "ConditionBrowseLeafName":"Non-ST Elevated Myocardial Infarction",
                "ConditionBrowseLeafRelevance":"low"
              }
            ]
          },
          "ConditionBrowseBranchList":{
            "ConditionBrowseBranch":[
              {
                "ConditionBrowseBranchAbbrev":"BC14",
                "ConditionBrowseBranchName":"Heart and Blood Diseases"
              },{
                "ConditionBrowseBranchAbbrev":"All",
                "ConditionBrowseBranchName":"All Conditions"
              }
            ]
          }
        }
      }
    }
  }
}

