{
  "FullStudy":{
    "Rank":2099,
    "Study":{
      "ProtocolSection":{
        "IdentificationModule":{
          "NCTId":"NCT04822649",
          "OrgStudyIdInfo":{
            "OrgStudyId":"2020AN0030"
          },
          "Organization":{
            "OrgFullName":"Korea University Anam Hospital",
            "OrgClass":"OTHER"
          },
          "BriefTitle":"Exercise Capacity According to Coronary Microvascular Dysfunction and Body Composition",
          "OfficialTitle":"Differences in Cardiopulmonary Exercise Capacity According to Coronary Microvascular Dysfunction and Body Composition in Patients With Suspected Heart Failure With Preserved Ejection Fraction"
        },
        "StatusModule":{
          "StatusVerifiedDate":"March 2021",
          "OverallStatus":"Not yet recruiting",
          "ExpandedAccessInfo":{
            "HasExpandedAccess":"No"
          },
          "StartDateStruct":{
            "StartDate":"April 2021",
            "StartDateType":"Anticipated"
          },
          "PrimaryCompletionDateStruct":{
            "PrimaryCompletionDate":"March 2023",
            "PrimaryCompletionDateType":"Anticipated"
          },
          "CompletionDateStruct":{
            "CompletionDate":"March 2023",
            "CompletionDateType":"Anticipated"
          },
          "StudyFirstSubmitDate":"March 18, 2021",
          "StudyFirstSubmitQCDate":"March 29, 2021",
          "StudyFirstPostDateStruct":{
            "StudyFirstPostDate":"March 30, 2021",
            "StudyFirstPostDateType":"Actual"
          },
          "LastUpdateSubmitDate":"March 29, 2021",
          "LastUpdatePostDateStruct":{
            "LastUpdatePostDate":"March 30, 2021",
            "LastUpdatePostDateType":"Actual"
          }
        },
        "SponsorCollaboratorsModule":{
          "ResponsibleParty":{
            "ResponsiblePartyType":"Principal Investigator",
            "ResponsiblePartyInvestigatorFullName":"Seong-Mi Park, M.D. Ph.D.",
            "ResponsiblePartyInvestigatorTitle":"Professor",
            "ResponsiblePartyInvestigatorAffiliation":"Korea University Anam Hospital"
          },
          "LeadSponsor":{
            "LeadSponsorName":"Korea University Anam Hospital",
            "LeadSponsorClass":"OTHER"
          }
        },
        "OversightModule":{
          "OversightHasDMC":"No",
          "IsFDARegulatedDrug":"No",
          "IsFDARegulatedDevice":"No"
        },
        "DescriptionModule":{
          "BriefSummary":"The correlation of coronary microvascular function and body composition with cardiopulmonary exercise capacity will be assessed in patients with heart failure with preserved ejection fraction.",
          "DetailedDescription":"We will select the patients with chest pain or ischemic symptoms with non-obstructive coronary artery disease (<50% stenosis) in coronary angiography and preserved ejection fraction (≥50%) in echocardiography. All patients will undergo body composition analysis and adenosine stress echocardiography with the evaluation of coronary artery blood flow by Doppler echocardiography and maximal oxygen consumption (VO2 max) by cardiopulmonary exercise test. Left ventricular end-diastolic pressure will be assessed during coronary angiography. Coronary flow reserve (CFR) is defined as the ratio of peak to baseline mean diastolic velocity of coronary blood flow. The correlation of CFR and body composition with cardiopulmonary exercise capacity will be assessed."
        },
        "ConditionsModule":{
          "ConditionList":{
            "Condition":[
              "Heart Failure With Preserved Ejection Fraction"
            ]
          },
          "KeywordList":{
            "Keyword":[
              "Body composition, CPET, CFR, CMD, Frailty, HFpEF"
            ]
          }
        },
        "DesignModule":{
          "StudyType":"Interventional",
          "PhaseList":{
            "Phase":[
              "Not Applicable"
            ]
          },
          "DesignInfo":{
            "DesignAllocation":"N/A",
            "DesignInterventionModel":"Single Group Assignment",
            "DesignInterventionModelDescription":"Patients with chest pain or ischemic symptoms with non-obstructive coronary artery disease (<50% stenosis) in coronary angiography and preserved ejection fraction (>50%) in echocardiography.",
            "DesignPrimaryPurpose":"Diagnostic",
            "DesignMaskingInfo":{
              "DesignMasking":"None (Open Label)"
            }
          },
          "EnrollmentInfo":{
            "EnrollmentCount":"100",
            "EnrollmentType":"Anticipated"
          }
        },
        "ArmsInterventionsModule":{
          "ArmGroupList":{
            "ArmGroup":[
              {
                "ArmGroupLabel":"Heart failure with preserved ejection fraction",
                "ArmGroupType":"Other",
                "ArmGroupDescription":"Adenosine stress echocardiography, body composition, and cardiopulmonary exercise test will be done in all of the enrolled patients. Left ventricular end-diastolic pressure will be assessed during coronary angiography.",
                "ArmGroupInterventionList":{
                  "ArmGroupInterventionName":[
                    "Diagnostic Test: Adenosine stress echocardiography with the evaluation of coronary artery blood flow"
                  ]
                }
              }
            ]
          },
          "InterventionList":{
            "Intervention":[
              {
                "InterventionType":"Diagnostic Test",
                "InterventionName":"Adenosine stress echocardiography with the evaluation of coronary artery blood flow",
                "InterventionDescription":"The color Doppler flow of distal left anterior descending artery will be examined from the modified apical four-chamber view in the anterior interventricular groove.\n\nIn regard to body composition analysis, Using InBody S10, impedance is measured in 6 frequency bands (1kHz, 5kHz, 50kHz, 250kHz, 500kHz, 1000kHz) for each of 5 parts (right plate, left arm, torso, right leg, left leg). Reactance is measured in 3 frequency bands (5kHz, 50kHz, 250kHz for each of 5 parts (right arm, left arm, torso, right leg, left leg).\n\nBy treadmill exercise test with modified Bruce protocol or bicycle ergometer for patients with orthopedic problems, maximal oxygen consumption (VO2 max) will be measured using the exhalation gas analysis.",
                "InterventionArmGroupLabelList":{
                  "InterventionArmGroupLabel":[
                    "Heart failure with preserved ejection fraction"
                  ]
                },
                "InterventionOtherNameList":{
                  "InterventionOtherName":[
                    "Body composition analysis",
                    "Cardiopulmonary exercise test"
                  ]
                }
              }
            ]
          }
        },
        "OutcomesModule":{
          "PrimaryOutcomeList":{
            "PrimaryOutcome":[
              {
                "PrimaryOutcomeMeasure":"Correlation of coronary blood flow with cardiopulmonary exercise capacity",
                "PrimaryOutcomeDescription":"Coronary blood flow is assessed by coronary flow reserve (CFR), which is defined as peak to baseline mean diastolic velocity of coronary flow.\n\nIn regard to cardiopulmonary exercise capacity, maximal oxygen consumption (VO2max) will be assessed.",
                "PrimaryOutcomeTimeFrame":"up to day 14"
              },{
                "PrimaryOutcomeMeasure":"Correlation of body composition with cardiopulmonary exercise capacity",
                "PrimaryOutcomeDescription":"In body composition analysis, skeletal muscle mass and body fat mass will be assessed.\n\nIn regard to cardiopulmonary exercise capacity, maximal oxygen consumption (VO2max) will be assessed.",
                "PrimaryOutcomeTimeFrame":"up to day 14"
              }
            ]
          }
        },
        "EligibilityModule":{
          "EligibilityCriteria":"Inclusion Criteria:\n\nAge 20 to 80\nTypical/atypical chest pain or ischemic symptoms including dyspnea\nNo significant coronary artery stenosis (>50% stenosis) in coronary angiography or computed tomography\nLeft ventricular ejection fraction ≥50%\n\nExclusion Criteria:\n\nMore than moderate valvular heart disease\nCongenital heart disease\nChronic renal failure (estimated glomerular filtration rate <30 ml/min/1.73m2) or end-stage renal failure undergoing hemodialysis or peritoneal dialysis\nAsthma, chronic obstructive pulmonary disease and primary pulmonary hypertension\nReceiving anticancer drugs\nVasculitis associated with autoimmune diseases\nPatients with difficulty in performing exercise load evaluation (treadmill, bicycle ergometer)\nAtrial fibrillation\nAtrioventricular block with more than second degrees, symptomatic bradycardia, cryo-node failure syndrome, Wolff-Parkinson-White (WPW) patients",
          "HealthyVolunteers":"No",
          "Gender":"All",
          "MinimumAge":"20 Years",
          "MaximumAge":"80 Years",
          "StdAgeList":{
            "StdAge":[
              "Adult",
              "Older Adult"
            ]
          }
        },
        "ContactsLocationsModule":{
          "CentralContactList":{
            "CentralContact":[
              {
                "CentralContactName":"So Ree Kim, MD",
                "CentralContactRole":"Contact",
                "CentralContactPhone":"821094534810",
                "CentralContactEMail":"soree8826kim@gmail.com"
              }
            ]
          }
        },
        "IPDSharingStatementModule":{
          "IPDSharing":"No"
        }
      },
      "DerivedSection":{
        "MiscInfoModule":{
          "VersionHolder":"April 19, 2021"
        },
        "ConditionBrowseModule":{
          "ConditionMeshList":{
            "ConditionMesh":[
              {
                "ConditionMeshId":"D000006333",
                "ConditionMeshTerm":"Heart Failure"
              }
            ]
          },
          "ConditionAncestorList":{
            "ConditionAncestor":[
              {
                "ConditionAncestorId":"D000006331",
                "ConditionAncestorTerm":"Heart Diseases"
              },{
                "ConditionAncestorId":"D000002318",
                "ConditionAncestorTerm":"Cardiovascular Diseases"
              }
            ]
          },
          "ConditionBrowseLeafList":{
            "ConditionBrowseLeaf":[
              {
                "ConditionBrowseLeafId":"M8004",
                "ConditionBrowseLeafName":"Heart Failure",
                "ConditionBrowseLeafAsFound":"Heart Failure",
                "ConditionBrowseLeafRelevance":"high"
              },{
                "ConditionBrowseLeafId":"M1175",
                "ConditionBrowseLeafName":"Frailty",
                "ConditionBrowseLeafRelevance":"low"
              },{
                "ConditionBrowseLeafId":"M8002",
                "ConditionBrowseLeafName":"Heart Diseases",
                "ConditionBrowseLeafRelevance":"low"
              }
            ]
          },
          "ConditionBrowseBranchList":{
            "ConditionBrowseBranch":[
              {
                "ConditionBrowseBranchAbbrev":"BC14",
                "ConditionBrowseBranchName":"Heart and Blood Diseases"
              },{
                "ConditionBrowseBranchAbbrev":"All",
                "ConditionBrowseBranchName":"All Conditions"
              },{
                "ConditionBrowseBranchAbbrev":"BC23",
                "ConditionBrowseBranchName":"Symptoms and General Pathology"
              }
            ]
          }
        },
        "InterventionBrowseModule":{
          "InterventionMeshList":{
            "InterventionMesh":[
              {
                "InterventionMeshId":"D000000241",
                "InterventionMeshTerm":"Adenosine"
              }
            ]
          },
          "InterventionAncestorList":{
            "InterventionAncestor":[
              {
                "InterventionAncestorId":"D000000700",
                "InterventionAncestorTerm":"Analgesics"
              },{
                "InterventionAncestorId":"D000018689",
                "InterventionAncestorTerm":"Sensory System Agents"
              },{
                "InterventionAncestorId":"D000018373",
                "InterventionAncestorTerm":"Peripheral Nervous System Agents"
              },{
                "InterventionAncestorId":"D000045505",
                "InterventionAncestorTerm":"Physiological Effects of Drugs"
              },{
                "InterventionAncestorId":"D000000889",
                "InterventionAncestorTerm":"Anti-Arrhythmia Agents"
              },{
                "InterventionAncestorId":"D000014665",
                "InterventionAncestorTerm":"Vasodilator Agents"
              },{
                "InterventionAncestorId":"D000058906",
                "InterventionAncestorTerm":"Purinergic P1 Receptor Agonists"
              },{
                "InterventionAncestorId":"D000058913",
                "InterventionAncestorTerm":"Purinergic Agonists"
              },{
                "InterventionAncestorId":"D000058905",
                "InterventionAncestorTerm":"Purinergic Agents"
              },{
                "InterventionAncestorId":"D000018377",
                "InterventionAncestorTerm":"Neurotransmitter Agents"
              },{
                "InterventionAncestorId":"D000045504",
                "InterventionAncestorTerm":"Molecular Mechanisms of Pharmacological Action"
              }
            ]
          },
          "InterventionBrowseLeafList":{
            "InterventionBrowseLeaf":[
              {
                "InterventionBrowseLeafId":"M2176",
                "InterventionBrowseLeafName":"Adenosine",
                "InterventionBrowseLeafAsFound":"Issues",
                "InterventionBrowseLeafRelevance":"high"
              },{
                "InterventionBrowseLeafId":"M2613",
                "InterventionBrowseLeafName":"Analgesics",
                "InterventionBrowseLeafRelevance":"low"
              },{
                "InterventionBrowseLeafId":"M2794",
                "InterventionBrowseLeafName":"Anti-Arrhythmia Agents",
                "InterventionBrowseLeafRelevance":"low"
              },{
                "InterventionBrowseLeafId":"M15995",
                "InterventionBrowseLeafName":"Vasodilator Agents",
                "InterventionBrowseLeafRelevance":"low"
              },{
                "InterventionBrowseLeafId":"M19088",
                "InterventionBrowseLeafName":"Neurotransmitter Agents",
                "InterventionBrowseLeafRelevance":"low"
              }
            ]
          },
          "InterventionBrowseBranchList":{
            "InterventionBrowseBranch":[
              {
                "InterventionBrowseBranchAbbrev":"AnArAg",
                "InterventionBrowseBranchName":"Anti-Arrhythmia Agents"
              },{
                "InterventionBrowseBranchAbbrev":"VaDiAg",
                "InterventionBrowseBranchName":"Vasodilator Agents"
              },{
                "InterventionBrowseBranchAbbrev":"Analg",
                "InterventionBrowseBranchName":"Analgesics"
              },{
                "InterventionBrowseBranchAbbrev":"All",
                "InterventionBrowseBranchName":"All Drugs and Chemicals"
              }
            ]
          }
        }
      }
    }
  }
}

