{
  "FullStudy":{
    "Rank":2119,
    "Study":{
      "ProtocolSection":{
        "IdentificationModule":{
          "NCTId":"NCT04822389",
          "OrgStudyIdInfo":{
            "OrgStudyId":"IPRHO-KOREHAB2021"
          },
          "Organization":{
            "OrgFullName":"Brno University Hospital",
            "OrgClass":"OTHER"
          },
          "BriefTitle":"Telerehabilitation and Lymphoma Patients",
          "OfficialTitle":"Effect of the Physical Exercise Training Using Telerehabilitation Among Lymphoma Patients: A Pilot Study"
        },
        "StatusModule":{
          "StatusVerifiedDate":"March 2021",
          "OverallStatus":"Not yet recruiting",
          "ExpandedAccessInfo":{
            "HasExpandedAccess":"No"
          },
          "StartDateStruct":{
            "StartDate":"April 1, 2021",
            "StartDateType":"Anticipated"
          },
          "PrimaryCompletionDateStruct":{
            "PrimaryCompletionDate":"November 1, 2021",
            "PrimaryCompletionDateType":"Anticipated"
          },
          "CompletionDateStruct":{
            "CompletionDate":"December 31, 2021",
            "CompletionDateType":"Anticipated"
          },
          "StudyFirstSubmitDate":"March 26, 2021",
          "StudyFirstSubmitQCDate":"March 26, 2021",
          "StudyFirstPostDateStruct":{
            "StudyFirstPostDate":"March 30, 2021",
            "StudyFirstPostDateType":"Actual"
          },
          "LastUpdateSubmitDate":"March 30, 2021",
          "LastUpdatePostDateStruct":{
            "LastUpdatePostDate":"April 1, 2021",
            "LastUpdatePostDateType":"Actual"
          }
        },
        "SponsorCollaboratorsModule":{
          "ResponsibleParty":{
            "ResponsiblePartyType":"Principal Investigator",
            "ResponsiblePartyInvestigatorFullName":"Ladislav Batalik",
            "ResponsiblePartyInvestigatorTitle":"Principal Investigator",
            "ResponsiblePartyInvestigatorAffiliation":"Brno University Hospital"
          },
          "LeadSponsor":{
            "LeadSponsorName":"Brno University Hospital",
            "LeadSponsorClass":"OTHER"
          }
        },
        "OversightModule":{
          "OversightHasDMC":"No",
          "IsFDARegulatedDrug":"No",
          "IsFDARegulatedDevice":"No"
        },
        "DescriptionModule":{
          "BriefSummary":"This study aims to examine the feasibility and effect of a home-based short-term telerehabilitation exercise intervention using heart rate monitor and internet platform in patients with lymphoma.",
          "DetailedDescription":"Fifteen lymphoma cancer patients post-treatment (except adjuvant treatment) will be enrolled in the study. Cardiorespiratory fitness (peak oxygen consumption), adverse events, body composition and adherence to exercise prescription will be evaluated at baseline, 12-week, and year after enrollment."
        },
        "ConditionsModule":{
          "ConditionList":{
            "Condition":[
              "Lymphoma",
              "Rehabilitation"
            ]
          }
        },
        "DesignModule":{
          "StudyType":"Interventional",
          "PhaseList":{
            "Phase":[
              "Not Applicable"
            ]
          },
          "DesignInfo":{
            "DesignAllocation":"N/A",
            "DesignInterventionModel":"Single Group Assignment",
            "DesignPrimaryPurpose":"Supportive Care",
            "DesignMaskingInfo":{
              "DesignMasking":"None (Open Label)"
            }
          },
          "EnrollmentInfo":{
            "EnrollmentCount":"15",
            "EnrollmentType":"Anticipated"
          }
        },
        "ArmsInterventionsModule":{
          "ArmGroupList":{
            "ArmGroup":[
              {
                "ArmGroupLabel":"Home-based telerehabilitation exercise",
                "ArmGroupType":"Experimental",
                "ArmGroupDescription":"Exercise training is conducted in the patient's home conditions using modern technology to transfer medical data remotely - the participants receive a heart rate monitor and sensor. To know what to do and how to exercise, the first (1-2) exercise training sessions will be controlled by the physiotherapist in a rehabilitation clinic in the hospital, who creates individual exercise training for each patient. The patient's training data will be downloaded and updated regularly via the internet platform and clinicians will evaluate these results and provide patients with telephone feedback.",
                "ArmGroupInterventionList":{
                  "ArmGroupInterventionName":[
                    "Device: Telerehablitation using heart rate monitor"
                  ]
                }
              }
            ]
          },
          "InterventionList":{
            "Intervention":[
              {
                "InterventionType":"Device",
                "InterventionName":"Telerehablitation using heart rate monitor",
                "InterventionDescription":"Eligible participants will undergo 12 weeks of physical exercise using a heart rate monitor and internet platform at home. The participants will regularly (minimum once per week) upload the exercise data from the heart rate monitor into the internet platform. An exercise telerehabilitation session consists of the warm-up phase, aerobic phase (30 - 50 minutes gradually increasing exercise duration; heart rate zone based on baseline cardiopulmonary exercise test) and cool-down phase. The exercise training period is set to 3 times a week for 12 weeks. Study participants will receive user guides developed by research team with detailed instructions regarding equipment set-up, training protocol, and contact information. Also, participants will receive weekly phone calls from week 0 to week 12 to monitor adverse events, encourage compliance and adherence to the study protocol, address any subject questions or concerns, and collect information regarding participants' current symptomatology.",
                "InterventionArmGroupLabelList":{
                  "InterventionArmGroupLabel":[
                    "Home-based telerehabilitation exercise"
                  ]
                }
              }
            ]
          }
        },
        "OutcomesModule":{
          "PrimaryOutcomeList":{
            "PrimaryOutcome":[
              {
                "PrimaryOutcomeMeasure":"Cardiorespiratory fitness (CRF)",
                "PrimaryOutcomeDescription":"Peak oxygen uptake (VO2peak) during the cardiopulmonary exercise test",
                "PrimaryOutcomeTimeFrame":"Change from baseline to 12 weeks and 1-year"
              }
            ]
          },
          "SecondaryOutcomeList":{
            "SecondaryOutcome":[
              {
                "SecondaryOutcomeMeasure":"Body composition (Total muscle mass in kilograms)",
                "SecondaryOutcomeDescription":"Total muscle mass is the amount of muscle in body, including skeletal muscles, smooth muscles, and cardiac muscles. Total muscle mass will be measured by bioelectrical impedance analysis.",
                "SecondaryOutcomeTimeFrame":"Change from baseline to 12 weeks and 1-year"
              },{
                "SecondaryOutcomeMeasure":"Body composition (Body fat mass in kilograms)",
                "SecondaryOutcomeDescription":"Body fat mass is the actual weight of fat in body. Body fat mass will be measured by bioelectrical impedance analysis.",
                "SecondaryOutcomeTimeFrame":"Change from baseline to 12 weeks and 1-year"
              },{
                "SecondaryOutcomeMeasure":"Body composition (Body weight in kilograms)",
                "SecondaryOutcomeDescription":"Body weight is the measurement of weight without items located on the person. Body weight will be measured by bioelectrical impedance analysis.",
                "SecondaryOutcomeTimeFrame":"Change from baseline to 12 weeks and 1-year"
              },{
                "SecondaryOutcomeMeasure":"Incidence of treatment-emergent adverse events assessed by 5 grade scale",
                "SecondaryOutcomeDescription":"Participants will be encouraged to use the contact details for reporting the incidence of treatment-emergent adverse events at any time throughout the study period. The type, incidence, and severity of adverse events by scale (Grade 1: Mild, asymptomatic or mild symptoms; Grade 2: Moderate, minimal; Grade 3: Severe or medically significant; Grade 4: Life-threatening consequences; and Grade 5: Death) will be noted",
                "SecondaryOutcomeTimeFrame":"Data will be recorded continuously from the baseline to 12 weeks"
              },{
                "SecondaryOutcomeMeasure":"Exercise adherence",
                "SecondaryOutcomeDescription":"Exercise adherence is defined as number of exercise sessions attended of a possible 36 offered by the exercise intervention program. Exercise adherence will be determined by participant exercise web datasheet review at 12 weeks.",
                "SecondaryOutcomeTimeFrame":"12 weeks"
              },{
                "SecondaryOutcomeMeasure":"Exercise compliance",
                "SecondaryOutcomeDescription":"Number of participants who attend atleast 70% of prescribed exercise sessions measured by exercise datasheet at 12 weeks. (70% of prescribed exercise sessions = 25 exercise sessions in 12 weeks)",
                "SecondaryOutcomeTimeFrame":"12 weeks"
              }
            ]
          }
        },
        "EligibilityModule":{
          "EligibilityCriteria":"Inclusion Criteria:\n\nLymphoma patients post-treatment (except ongoing adjuvant treatment)\nPost-treatment period not exceeding 3 months\nInternet connection at home\nLiteracy with information and communication technology\nPatients who agreed with informed consent\n\nExclusion Criteria:\n\nInability to perform a cardiopulmonary exercise test\nPsychological severe or cognitive disorders\nContraindications for cardiopulmonary exercise testing\nOther exercise limitations (musculoskeletal disorders)\nPlanned intervention or operation\nParticipants who are enrolled in or participate in other rehabilitation program\nParticipants who plan to be or are included in other studies",
          "HealthyVolunteers":"No",
          "Gender":"All",
          "MinimumAge":"18 Years",
          "StdAgeList":{
            "StdAge":[
              "Adult",
              "Older Adult"
            ]
          }
        },
        "ContactsLocationsModule":{
          "CentralContactList":{
            "CentralContact":[
              {
                "CentralContactName":"Ladislav Batalik",
                "CentralContactRole":"Contact",
                "CentralContactPhone":"00420532233123",
                "CentralContactEMail":"batalik.ladislav@fnbrno.cz"
              }
            ]
          },
          "OverallOfficialList":{
            "OverallOfficial":[
              {
                "OverallOfficialName":"Ladislav Batalik",
                "OverallOfficialAffiliation":"Department of Rehabilitation, University Hospital Brno, Czech Republic",
                "OverallOfficialRole":"Principal Investigator"
              }
            ]
          }
        },
        "IPDSharingStatementModule":{
          "IPDSharing":"No"
        }
      },
      "DerivedSection":{
        "MiscInfoModule":{
          "VersionHolder":"April 19, 2021"
        },
        "ConditionBrowseModule":{
          "ConditionMeshList":{
            "ConditionMesh":[
              {
                "ConditionMeshId":"D000008223",
                "ConditionMeshTerm":"Lymphoma"
              }
            ]
          },
          "ConditionAncestorList":{
            "ConditionAncestor":[
              {
                "ConditionAncestorId":"D000009370",
                "ConditionAncestorTerm":"Neoplasms by Histologic Type"
              },{
                "ConditionAncestorId":"D000009369",
                "ConditionAncestorTerm":"Neoplasms"
              },{
                "ConditionAncestorId":"D000008232",
                "ConditionAncestorTerm":"Lymphoproliferative Disorders"
              },{
                "ConditionAncestorId":"D000008206",
                "ConditionAncestorTerm":"Lymphatic Diseases"
              },{
                "ConditionAncestorId":"D000007160",
                "ConditionAncestorTerm":"Immunoproliferative Disorders"
              },{
                "ConditionAncestorId":"D000007154",
                "ConditionAncestorTerm":"Immune System Diseases"
              }
            ]
          },
          "ConditionBrowseLeafList":{
            "ConditionBrowseLeaf":[
              {
                "ConditionBrowseLeafId":"M9803",
                "ConditionBrowseLeafName":"Lymphoma",
                "ConditionBrowseLeafAsFound":"Lymphoma",
                "ConditionBrowseLeafRelevance":"high"
              },{
                "ConditionBrowseLeafId":"M10898",
                "ConditionBrowseLeafName":"Neoplasms by Histologic Type",
                "ConditionBrowseLeafRelevance":"low"
              },{
                "ConditionBrowseLeafId":"M9808",
                "ConditionBrowseLeafName":"Lymphoproliferative Disorders",
                "ConditionBrowseLeafRelevance":"low"
              },{
                "ConditionBrowseLeafId":"M9786",
                "ConditionBrowseLeafName":"Lymphatic Diseases",
                "ConditionBrowseLeafRelevance":"low"
              },{
                "ConditionBrowseLeafId":"M8789",
                "ConditionBrowseLeafName":"Immunoproliferative Disorders",
                "ConditionBrowseLeafRelevance":"low"
              },{
                "ConditionBrowseLeafId":"M8783",
                "ConditionBrowseLeafName":"Immune System Diseases",
                "ConditionBrowseLeafRelevance":"low"
              },{
                "ConditionBrowseLeafId":"T3543",
                "ConditionBrowseLeafName":"Lymphosarcoma",
                "ConditionBrowseLeafAsFound":"Lymphoma",
                "ConditionBrowseLeafRelevance":"high"
              }
            ]
          },
          "ConditionBrowseBranchList":{
            "ConditionBrowseBranch":[
              {
                "ConditionBrowseBranchAbbrev":"BC04",
                "ConditionBrowseBranchName":"Cancers and Other Neoplasms"
              },{
                "ConditionBrowseBranchAbbrev":"BC15",
                "ConditionBrowseBranchName":"Blood and Lymph Conditions"
              },{
                "ConditionBrowseBranchAbbrev":"BC20",
                "ConditionBrowseBranchName":"Immune System Diseases"
              },{
                "ConditionBrowseBranchAbbrev":"All",
                "ConditionBrowseBranchName":"All Conditions"
              },{
                "ConditionBrowseBranchAbbrev":"Rare",
                "ConditionBrowseBranchName":"Rare Diseases"
              }
            ]
          }
        }
      }
    }
  }
}

