{
  "FullStudy":{
    "Rank":1787,
    "Study":{
      "ProtocolSection":{
        "IdentificationModule":{
          "NCTId":"NCT04826705",
          "OrgStudyIdInfo":{
            "OrgStudyId":"Liyuan hospital"
          },
          "Organization":{
            "OrgFullName":"Liyuan Hospital of Tongji Medical College, Huazhong University of Science and Technology",
            "OrgClass":"OTHER"
          },
          "BriefTitle":"A Study of Endovascular Treatment of Femoropopliteal Arterial Occlusive Lesion With Drug-Coated Balloon",
          "OfficialTitle":"A Prospective, Multicenter, Observational Study of Short and Long-term Outcome in Endovascular Treatment of Femoropopliteal Arterial Occlusive Lesion With Drug-Coated Balloon (PROMISING Study)",
          "Acronym":"PROMISING"
        },
        "StatusModule":{
          "StatusVerifiedDate":"March 2021",
          "OverallStatus":"Recruiting",
          "ExpandedAccessInfo":{
            "HasExpandedAccess":"No"
          },
          "StartDateStruct":{
            "StartDate":"February 1, 2021",
            "StartDateType":"Actual"
          },
          "PrimaryCompletionDateStruct":{
            "PrimaryCompletionDate":"February 1, 2025",
            "PrimaryCompletionDateType":"Anticipated"
          },
          "CompletionDateStruct":{
            "CompletionDate":"February 1, 2027",
            "CompletionDateType":"Anticipated"
          },
          "StudyFirstSubmitDate":"March 29, 2021",
          "StudyFirstSubmitQCDate":"March 29, 2021",
          "StudyFirstPostDateStruct":{
            "StudyFirstPostDate":"April 1, 2021",
            "StudyFirstPostDateType":"Actual"
          },
          "LastUpdateSubmitDate":"March 29, 2021",
          "LastUpdatePostDateStruct":{
            "LastUpdatePostDate":"April 1, 2021",
            "LastUpdatePostDateType":"Actual"
          }
        },
        "SponsorCollaboratorsModule":{
          "ResponsibleParty":{
            "ResponsiblePartyType":"Principal Investigator",
            "ResponsiblePartyInvestigatorFullName":"Zibo Feng",
            "ResponsiblePartyInvestigatorTitle":"Director of Vascular Surgery, Liyuan Hospital",
            "ResponsiblePartyInvestigatorAffiliation":"Liyuan Hospital of Tongji Medical College, Huazhong University of Science and Technology"
          },
          "LeadSponsor":{
            "LeadSponsorName":"Liyuan Hospital of Tongji Medical College, Huazhong University of Science and Technology",
            "LeadSponsorClass":"OTHER"
          },
          "CollaboratorList":{
            "Collaborator":[
              {
                "CollaboratorName":"RenJi Hospital",
                "CollaboratorClass":"OTHER"
              },{
                "CollaboratorName":"Zhejiang University",
                "CollaboratorClass":"OTHER"
              },{
                "CollaboratorName":"Xuanwu Hospital, Beijing",
                "CollaboratorClass":"OTHER"
              },{
                "CollaboratorName":"First People's Hospital of Hangzhou",
                "CollaboratorClass":"OTHER"
              },{
                "CollaboratorName":"Second Affiliated Hospital of Suzhou University",
                "CollaboratorClass":"OTHER"
              },{
                "CollaboratorName":"Qingdao University",
                "CollaboratorClass":"OTHER"
              },{
                "CollaboratorName":"Chengdu University of Traditional Chinese Medicine",
                "CollaboratorClass":"OTHER"
              }
            ]
          }
        },
        "OversightModule":{
          "IsFDARegulatedDrug":"No",
          "IsFDARegulatedDevice":"No"
        },
        "DescriptionModule":{
          "BriefSummary":"There have been a number of randomized controlled studies (RCT) showing the efficacy of the endovascular treatment with drug-coated balloons (DCB) in the femoropopliteal artery lesions. However, these studies have been carefully designed, and most of them have excluded long-length lesions and severely calcified lesions. In addition to being used alone in the real word, drug-coated balloons (DCB) are also used in combination with stents or debulking devices, but in these randomized controlled studies (RCT) they are only compared with standard percutaneous transluminal angioplasty (PTA). Therefore, we initiated this study, which is a prospective, multicenter, observational real-world study of short and long-term outcome in endovascular treatment of femoropopliteal arterial occlusive lesions with DCB.",
          "DetailedDescription":"Traditional endovascular approaches to the treatment of atherosclerotic disease in the femoropopliteal arteries include percutaneous transluminal angioplasty (PTA) with an uncoated balloon and implantation of a bare metal stent. Recently, drug-eluting stents (DES) and drug-coated balloons (DCB) that transfer paclitaxel to the vessel wall during revascularization have been added to the suite of tools available to interventionists, helping to prevent restenosis after treatment.\n\nThere have been a number of randomized controlled studies (RCT) showing the efficacy of the endovascular treatment with drug-coated balloons (DCB) in the femoropopliteal artery lesions. However, these studies have been carefully designed, and most of them have excluded long-length lesions and severely calcified lesions. In addition to being used alone in the real word, drug-coated balloons (DCB) are also used in combination with stents or debulking devices, but in these randomized controlled studies (RCT) they are only compared with standard percutaneous transluminal angioplasty (PTA).\n\nTherefore, we initiated this study, which is a prospective, multicenter, observational real-world study of short and long-term outcome in endovascular treatment of femoropopliteal arterial occlusive lesions with DCB. It is estimated that 1200 patients with chronic femoral popliteal artery occlusion were enrolled in the group at 8 centers in China in two years. The follow-up would be conducted at 1, 3, 6, 12, 18, 24, 36 and 48 months after the operation to assess the efficacy and safety of the endovascular treatment with drug-coated balloons (DCB) in the femoropopliteal artery lesions."
        },
        "ConditionsModule":{
          "ConditionList":{
            "Condition":[
              "Drug-coated Balloon",
              "Femoropopliteal Artery Occlusion",
              "Angioplasty"
            ]
          }
        },
        "DesignModule":{
          "StudyType":"Observational",
          "PatientRegistry":"Yes",
          "TargetDuration":"4 Years",
          "DesignInfo":{
            "DesignObservationalModelList":{
              "DesignObservationalModel":[
                "Cohort"
              ]
            },
            "DesignTimePerspectiveList":{
              "DesignTimePerspective":[
                "Prospective"
              ]
            }
          },
          "EnrollmentInfo":{
            "EnrollmentCount":"1200",
            "EnrollmentType":"Anticipated"
          }
        },
        "ArmsInterventionsModule":{
          "InterventionList":{
            "Intervention":[
              {
                "InterventionType":"Device",
                "InterventionName":"Drug-coated Balloon",
                "InterventionDescription":"To observe the effectiveness and safety of the drug-coated balloon in the treatment of lower extremity arteriosclerosis obliterans of the femoral popliteal artery segment."
              }
            ]
          }
        },
        "OutcomesModule":{
          "PrimaryOutcomeList":{
            "PrimaryOutcome":[
              {
                "PrimaryOutcomeMeasure":"Freedom from clinically-driven target lesion revascularization(CD-TLR) rate at post-interventional",
                "PrimaryOutcomeDescription":"Clinically-driven target lesion revascularization (CD-TLR) is defined as any re-intervention within the target lesion due to symptoms or drop of ankle brachial index (ABI) of ≥20% or >0.15 when compared to post-procedure baseline.",
                "PrimaryOutcomeTimeFrame":"48 months"
              },{
                "PrimaryOutcomeMeasure":"Major adverse events",
                "PrimaryOutcomeDescription":"Operation-related acute thrombosis, arterial embolism, major amputation and all-cause mortality.",
                "PrimaryOutcomeTimeFrame":"48 months"
              }
            ]
          },
          "SecondaryOutcomeList":{
            "SecondaryOutcome":[
              {
                "SecondaryOutcomeMeasure":"Changes of the patency rate of target lesions at post-interventional",
                "SecondaryOutcomeDescription":"The patency rate of target(Femoropopliteal) lesions would be determined by vascular ultrasound,Restenosis would be diagnosed if the peak systolic velocity ratio(PSVR)≥2. 5.",
                "SecondaryOutcomeTimeFrame":"1 month, 3 months, 6 months, 12 months, 24 months, 36 months, 48 months"
              },{
                "SecondaryOutcomeMeasure":"Technical success rate",
                "SecondaryOutcomeDescription":"Successfully revascularize the target vessel. The residual stenosis is <30% and there is no acute thrombosis occurred in the target vessel within 1 week post-operation.",
                "SecondaryOutcomeTimeFrame":"1 week"
              },{
                "SecondaryOutcomeMeasure":"Vascular quality of life questionnaire(VascuQol)",
                "SecondaryOutcomeDescription":"The VascuQol was designed as a questionnaire containing five domains: pain (4 items), symptoms (4 items), activities (8 items), social (2 items), and emotional (7 items) to evaluate Health related quality of life (HRQL). Every item has seven response options, with scores ranging from 1 to 7. A total score is the sum of all 25 item scores divided by 25.And both the total score as well as the domain scores range from 1 (worst HRQL) to 7 (best HRQL).The lower the value, the poorer the quality of life.",
                "SecondaryOutcomeTimeFrame":"1 month, 3 months, 6 months, 12 months, 24 months, 36 months, 48 months"
              },{
                "SecondaryOutcomeMeasure":"The patient's ulcer healing",
                "SecondaryOutcomeDescription":"Ulcer healing in patients with Rutherford grade 5",
                "SecondaryOutcomeTimeFrame":"1 month, 3 months, 6 months, 12 months, 24 months, 36 months, 48 months"
              },{
                "SecondaryOutcomeMeasure":"Freedom from clinically-driven target lesion revascularization(CD-TLR) rate at post-interventional",
                "SecondaryOutcomeDescription":"Clinically-driven target lesion revascularization (CD-TLR) is defined as any re-intervention within the target lesion due to symptoms or drop of ankle brachial index (ABI) of ≥20% or >0.15 when compared to post-procedure baseline.",
                "SecondaryOutcomeTimeFrame":"1 month, 3 months, 6 months, 12 months, 24 months, 36 months"
              },{
                "SecondaryOutcomeMeasure":"Major adverse events",
                "SecondaryOutcomeDescription":"Operation-related acute thrombosis, arterial embolism, major amputation and all-cause mortality.",
                "SecondaryOutcomeTimeFrame":"1 month, 3 months, 6 months, 12 months, 24 months, 36 months"
              }
            ]
          }
        },
        "EligibilityModule":{
          "EligibilityCriteria":"Inclusion Criteria:\n\nRutherford grade 2-5.\nFemoral popliteal artery stenosis or occlusion, a clear outflow tract no less than 10cm long at the distal end of the knee should be continuous with a clear outflow tract under the ankle.\nPatients who understand the purpose of this study, volunteer to participate in the experiment, sign informed consent and are willing to follow up.\nThe guide wire needs to pass through the lesion.\nLife expectancy> 24 months.\nPatients with thrombosis of the lower extremities, patients who received drug-coated balloon (DCB) intervention after thrombus removal through mechanical thrombus removal, percutaneous catheter thrombolysis, and thrombus removal.\nPatients who have received DCB intervention for both lower limbs can be enrolled in the group according to the intracavitary treatment time.\nThere is at least one continuous infrapopliteal outflow artery or obtained through intravascular reconstruction.\nFor combined aortic iliac artery disease, the blood flow can be recanalized after intravascular reconstruction without residual stenosis exceeding 50%.\n\nExclusion Criteria:\n\nPatients with stroke, cerebral hemorrhage, gastrointestinal hemorrhage or myocardial infarction within 3 months before enrollment.\nPatients who are known to be allergic to heparin, aspirin, other antiplatelet drugs, contrast agents, etc.\nPatients who have participated in clinical trials of drugs or other medical devices that interfere with this clinical trial within the past 3 months.\nPregnant and lactating women.\nPatients who are unable or unwilling to participate in this trial.\nPatients with Berg's disease.\nPatients who have undergone arterial bypass on the treatment side.",
          "HealthyVolunteers":"No",
          "Gender":"All",
          "MinimumAge":"18 Years",
          "StdAgeList":{
            "StdAge":[
              "Adult",
              "Older Adult"
            ]
          },
          "StudyPopulation":"Patients with femoralpopliteal artery occlusion.",
          "SamplingMethod":"Non-Probability Sample"
        },
        "ContactsLocationsModule":{
          "CentralContactList":{
            "CentralContact":[
              {
                "CentralContactName":"Zibo Feng",
                "CentralContactRole":"Contact",
                "CentralContactPhone":"86-13545160302",
                "CentralContactEMail":"fengzibo@hust.edu.cn"
              },{
                "CentralContactName":"Ye Du",
                "CentralContactRole":"Contact",
                "CentralContactPhone":"86-15827105515",
                "CentralContactEMail":"duye@hust.edu.cn"
              }
            ]
          },
          "OverallOfficialList":{
            "OverallOfficial":[
              {
                "OverallOfficialName":"Zibo Feng",
                "OverallOfficialAffiliation":"Liyuan Hospital of Tongji Medical College, Huazhong University of Science and Technology",
                "OverallOfficialRole":"Principal Investigator"
              }
            ]
          },
          "LocationList":{
            "Location":[
              {
                "LocationFacility":"Zibo Feng",
                "LocationStatus":"Recruiting",
                "LocationCity":"Wuhan",
                "LocationState":"Hubei",
                "LocationZip":"430000",
                "LocationCountry":"China",
                "LocationContactList":{
                  "LocationContact":[
                    {
                      "LocationContactName":"Zibo Feng",
                      "LocationContactRole":"Contact",
                      "LocationContactPhone":"86-13545160302",
                      "LocationContactEMail":"fengzibo@hust.edu.cn"
                    },{
                      "LocationContactName":"Ye Du",
                      "LocationContactRole":"Contact",
                      "LocationContactPhone":"86-15827105515",
                      "LocationContactEMail":"duye@hust.edu.cn"
                    },{
                      "LocationContactName":"Youpeng Zhu",
                      "LocationContactRole":"Sub-Investigator"
                    }
                  ]
                }
              }
            ]
          }
        },
        "IPDSharingStatementModule":{
          "IPDSharing":"Undecided",
          "IPDSharingDescription":"Share data with multi-center participants in this study."
        }
      },
      "DerivedSection":{
        "MiscInfoModule":{
          "VersionHolder":"April 19, 2021"
        }
      }
    }
  }
}

