{
  "FullStudy":{
    "Rank":2027,
    "Study":{
      "ProtocolSection":{
        "IdentificationModule":{
          "NCTId":"NCT04823585",
          "OrgStudyIdInfo":{
            "OrgStudyId":"HUS/686/2020"
          },
          "Organization":{
            "OrgFullName":"Helsinki University Central Hospital",
            "OrgClass":"OTHER"
          },
          "BriefTitle":"Aggravated Airway Inflammation: Research on Biological Treatment (Mepolizumab)",
          "OfficialTitle":"Aggravated Airway Inflammation: Research on Biological Treatment (Mepolizumab)",
          "Acronym":"AirGOs-biol"
        },
        "StatusModule":{
          "StatusVerifiedDate":"March 2021",
          "OverallStatus":"Not yet recruiting",
          "ExpandedAccessInfo":{
            "HasExpandedAccess":"No"
          },
          "StartDateStruct":{
            "StartDate":"May 1, 2021",
            "StartDateType":"Anticipated"
          },
          "PrimaryCompletionDateStruct":{
            "PrimaryCompletionDate":"September 1, 2023",
            "PrimaryCompletionDateType":"Anticipated"
          },
          "CompletionDateStruct":{
            "CompletionDate":"September 1, 2023",
            "CompletionDateType":"Anticipated"
          },
          "StudyFirstSubmitDate":"March 25, 2021",
          "StudyFirstSubmitQCDate":"March 28, 2021",
          "StudyFirstPostDateStruct":{
            "StudyFirstPostDate":"April 1, 2021",
            "StudyFirstPostDateType":"Actual"
          },
          "LastUpdateSubmitDate":"March 28, 2021",
          "LastUpdatePostDateStruct":{
            "LastUpdatePostDate":"April 1, 2021",
            "LastUpdatePostDateType":"Actual"
          }
        },
        "SponsorCollaboratorsModule":{
          "ResponsibleParty":{
            "ResponsiblePartyType":"Principal Investigator",
            "ResponsiblePartyInvestigatorFullName":"Sanna Salmi",
            "ResponsiblePartyInvestigatorTitle":"Director, Principal Investigator, MD PhD Sanna Toppila-Salmi",
            "ResponsiblePartyInvestigatorAffiliation":"Helsinki University Central Hospital"
          },
          "LeadSponsor":{
            "LeadSponsorName":"Helsinki University Central Hospital",
            "LeadSponsorClass":"OTHER"
          }
        },
        "OversightModule":{
          "OversightHasDMC":"No",
          "IsFDARegulatedDrug":"No",
          "IsFDARegulatedDevice":"No",
          "IsUSExport":"No"
        },
        "DescriptionModule":{
          "BriefSummary":"Primary objective:\n\nto investigate the efficacy of Mepolizumab 100 milligram (mg) every month compared to placebo in reducing validated Sinonasal Outcome Test -22 score and on reducing endoscopic Nasal Polyp Score. The participants have a triad of chronic rhinosinusitis with nasal polyps (CRSwNP), asthma and non-steroidal anti-inflammatory drug exacerbated respiratory disease (NERD). The investigators will evaluate whether mepolizumab reduces the need for increased drug dosage (topical corticosteroid or bronchodilator dosage) and improves lung and nasal function more effectively than placebo.\n\nThis first visit ensures the inclusion and exclusion criteria of the subject. If necessary, NERD will be verified by an ASA challenge test at a second additional visit. Participants have also 6 visits, on four of which subcutaneous injection of the study product is administered. During visits, a clinical examination, airway function tests, and nasal, blood, urine, and stool samples are also taken to elucidate predictive biomarkers of severely symptomatic NERD patients."
        },
        "ConditionsModule":{
          "ConditionList":{
            "Condition":[
              "Asthma, Aspirin-Induced",
              "Chronic Rhinosinusitis With Nasal Polyps"
            ]
          }
        },
        "DesignModule":{
          "StudyType":"Interventional",
          "PhaseList":{
            "Phase":[
              "Not Applicable"
            ]
          },
          "DesignInfo":{
            "DesignAllocation":"Randomized",
            "DesignInterventionModel":"Parallel Assignment",
            "DesignPrimaryPurpose":"Treatment",
            "DesignMaskingInfo":{
              "DesignMasking":"Quadruple",
              "DesignWhoMaskedList":{
                "DesignWhoMasked":[
                  "Participant",
                  "Care Provider",
                  "Investigator",
                  "Outcomes Assessor"
                ]
              }
            }
          },
          "EnrollmentInfo":{
            "EnrollmentCount":"110",
            "EnrollmentType":"Anticipated"
          }
        },
        "ArmsInterventionsModule":{
          "ArmGroupList":{
            "ArmGroup":[
              {
                "ArmGroupLabel":"subcutaneous injections of placebo",
                "ArmGroupType":"Placebo Comparator",
                "ArmGroupDescription":"Subcutaneous injections of placebo (physiological sodium chloride solution) once per month for 16 weeks. A total of 4 injections.",
                "ArmGroupInterventionList":{
                  "ArmGroupInterventionName":[
                    "Drug: Placebo"
                  ]
                }
              },{
                "ArmGroupLabel":"subcutaneous injections of Mepolizumab 100 mg",
                "ArmGroupType":"Experimental",
                "ArmGroupDescription":"Subcutaneous injections of Mepolizumab 100 mg once per month for 16 weeks. A total of 4 injections.",
                "ArmGroupInterventionList":{
                  "ArmGroupInterventionName":[
                    "Drug: Mepolizumab"
                  ]
                }
              }
            ]
          },
          "InterventionList":{
            "Intervention":[
              {
                "InterventionType":"Drug",
                "InterventionName":"Mepolizumab",
                "InterventionDescription":"Solution. Subcutaneous. Mepolizumab is a biological drug, a humanized monoclonal antibody against interleukin-5.",
                "InterventionArmGroupLabelList":{
                  "InterventionArmGroupLabel":[
                    "subcutaneous injections of Mepolizumab 100 mg"
                  ]
                }
              },{
                "InterventionType":"Drug",
                "InterventionName":"Placebo",
                "InterventionDescription":"Solution. Subcutaneous.",
                "InterventionArmGroupLabelList":{
                  "InterventionArmGroupLabel":[
                    "subcutaneous injections of placebo"
                  ]
                }
              }
            ]
          }
        },
        "OutcomesModule":{
          "PrimaryOutcomeList":{
            "PrimaryOutcome":[
              {
                "PrimaryOutcomeMeasure":"Change From Baseline at Week 16 in Sinonasal Outcome Test -22 (SNOT-22) Score",
                "PrimaryOutcomeDescription":"SNOT-22 is a validated symptom questionnaire. The score ranges between 0 and 110. A higher score means worse outcome.",
                "PrimaryOutcomeTimeFrame":"Baseline, Week 16"
              },{
                "PrimaryOutcomeMeasure":"Change From Baseline at Week 16 in endoscopic Nasal polyp score of nasal cavity",
                "PrimaryOutcomeDescription":"Nasal polyp score is graded based on polyp size from 0 = no polyps to 4 = large polyps causing complete obstruction of inferior nasal cavity. The score ranges between 0 and 110. A higher score means worse outcome.The Nasal polyp score FEV1% is measured by spirometry. A higher value means better lung function = better outcome.",
                "PrimaryOutcomeTimeFrame":"Baseline, Week 16"
              }
            ]
          },
          "SecondaryOutcomeList":{
            "SecondaryOutcome":[
              {
                "SecondaryOutcomeMeasure":"Change From Baseline at Week 16 in relative Forced expiatory volume in 1 second (FEV1 %) without bronchodilator.",
                "SecondaryOutcomeDescription":"FEV1% is measured by spirometry. It is the volume of air (in liters) exhaled in the first second during forced exhalation after maximal inspiration, in relation to the validated national reference value of subjects with similar age, gender and height.",
                "SecondaryOutcomeTimeFrame":"Baseline, Week 16"
              }
            ]
          }
        },
        "EligibilityModule":{
          "EligibilityCriteria":"Inclusion Criteria:\n\n≥18 years of age\nExacerbation of respiratory symptoms by acetylsalicylic acid (ASA) or another NSAID. (NERD will be verified by another visit if necessary).\nchronic rhinosinusitis with bilateral polyps. Endoscopic bilateral nasal polyp score of at least 5 (out of 8), with a minimum score of 2 in each nasal cavity\nLund Mackay score ≥12 (maximum 24) of sinus computed tomography (CT) or cone beam (CBCT) scans. The new sinus CT/CBCT scans are needed if the previous sinus CT/CBCT scans have been performed over 36 months before recruitment visit or if there is a suspicion of complication of CRS (f.ex. mucocele, invasive fungal rhinosinusitis). Pregnant and breast-feeding subject will be excluded. Females of Reproductive Potential (FRPs) who are not pregnant or breast-feeding may be enrolled. FRPs need to perform pregnancy test prior to the CT/CBCT scans. If subject is already on contraception prior to the study this should be continued. The data of previous sinus CT/CBCT scans will be used if previous sinus CT/CBCT scans have been performed ≤36 months prior to recruitment visit. The clinical information of sinus CT/CBCT scans is critical to enrolling appropriate subjects for the research and cannot readily be obtained another way. The radiation dose of sinus CT/CBCT scans is less than 0.1 mSv, which corresponds to less than 10 days of natural background radiation in Finland. This dose has not been shown to increase the cancer risk.\n≥1 previous CRS-surgery. Note that the last CRS-surgery must have been performed at least 6 months before 1st visit\nSNOT-22 ≥25\nAt least one other symptom, such as partial loss of smell (hyposmia), nasal obstruction, total loss of smell (anosmia), or anterior or posterior rhinorrhea\npatient should have a history of at least one exacerbation during the past two years e.g. at least one criterion must be fulfilled of the following list during the past two years ≥1 oral corticosteroids; ≥3 antibiotic courses; ≥1 CRS-operation; ≥ 1 asthma hospitalization. In patients with contraindications of previously listed treatment or continuous oral steroids, additional criteria are not required.\nAsthma diagnosis (patient has the National Social Insurance Institution´s reimbursement right for asthma medication)\nPeripheral blood eosinophils (PBEos) >300 cells/ul at visit 1 OR (PBEos >150 cells/ul at visit 1 AND a history of PBEos >300 cells/ul during the past 12 months). A history of Nasal polyp tissue eosinophilia (NPeos) ≥30% during the past 12 months is a supportive criterion.\n\nExclusion Criteria:\n\nAge <18 years\nAge > 70 years\nCRS-surgery < 6 months before 1st visit\npregnancy/ breastfeeding. FRPs need to perform pregnancy test prior to the CT/CBCT scans. If subject is already on contraception prior to the study this should be continued.\ncomplication of CRS (f.ex. mucocele, invasive fungal rhinosinusitis). Take sinus CT/CBCT scans, if needed!\nacute rhinosinusitis/respiratory infection\nsevere disease related to airways/ immunology: cystic fibrosis, primary ciliary dyskinesia (PCD), sarcoidosis, immunosuppression, diagnosed Specific antibody deficiency (SAD), CVI, HIV, fungal rhinosinusitis; Young syndrome; Kartagener syndrome;\nother severe disease such as active cancer\nReceived biologic therapy/systemic immunosuppressant/ASA desensitization therapy/experimental monoclonal antibody treatment to treat inflammatory or autoimmune disease within 2 months of study entry or 5 half-lives, whichever is longer. The patient is allowed to use ASA dose <100 mg/day due to cardiovascular reasons after ASA desensitization.\ncurrent immunotherapy\ncommunication problems (f.ge. neurological/psychiatric disease, language skills)\nunlikely to comply\nASA-challenge negative.\nHistory of hypersensitivity to mepolizumab or excipients in the formulation",
          "HealthyVolunteers":"No",
          "Gender":"All",
          "MinimumAge":"18 Years",
          "MaximumAge":"70 Years",
          "StdAgeList":{
            "StdAge":[
              "Adult",
              "Older Adult"
            ]
          }
        },
        "IPDSharingStatementModule":{
          "IPDSharing":"No"
        }
      },
      "DerivedSection":{
        "MiscInfoModule":{
          "VersionHolder":"April 19, 2021"
        },
        "ConditionBrowseModule":{
          "ConditionMeshList":{
            "ConditionMesh":[
              {
                "ConditionMeshId":"D000009298",
                "ConditionMeshTerm":"Nasal Polyps"
              },{
                "ConditionMeshId":"D000055963",
                "ConditionMeshTerm":"Asthma, Aspirin-Induced"
              },{
                "ConditionMeshId":"D000007249",
                "ConditionMeshTerm":"Inflammation"
              }
            ]
          },
          "ConditionAncestorList":{
            "ConditionAncestor":[
              {
                "ConditionAncestorId":"D000010335",
                "ConditionAncestorTerm":"Pathologic Processes"
              },{
                "ConditionAncestorId":"D000009668",
                "ConditionAncestorTerm":"Nose Diseases"
              },{
                "ConditionAncestorId":"D000012140",
                "ConditionAncestorTerm":"Respiratory Tract Diseases"
              },{
                "ConditionAncestorId":"D000010038",
                "ConditionAncestorTerm":"Otorhinolaryngologic Diseases"
              },{
                "ConditionAncestorId":"D000011127",
                "ConditionAncestorTerm":"Polyps"
              },{
                "ConditionAncestorId":"D000020763",
                "ConditionAncestorTerm":"Pathological Conditions, Anatomical"
              },{
                "ConditionAncestorId":"D000001249",
                "ConditionAncestorTerm":"Asthma"
              },{
                "ConditionAncestorId":"D000001982",
                "ConditionAncestorTerm":"Bronchial Diseases"
              },{
                "ConditionAncestorId":"D000012130",
                "ConditionAncestorTerm":"Respiratory Hypersensitivity"
              },{
                "ConditionAncestorId":"D000004342",
                "ConditionAncestorTerm":"Drug Hypersensitivity"
              },{
                "ConditionAncestorId":"D000006967",
                "ConditionAncestorTerm":"Hypersensitivity"
              },{
                "ConditionAncestorId":"D000007154",
                "ConditionAncestorTerm":"Immune System Diseases"
              },{
                "ConditionAncestorId":"D000006969",
                "ConditionAncestorTerm":"Hypersensitivity, Immediate"
              },{
                "ConditionAncestorId":"D000064420",
                "ConditionAncestorTerm":"Drug-Related Side Effects and Adverse Reactions"
              },{
                "ConditionAncestorId":"D000064419",
                "ConditionAncestorTerm":"Chemically-Induced Disorders"
              }
            ]
          },
          "ConditionBrowseLeafList":{
            "ConditionBrowseLeaf":[
              {
                "ConditionBrowseLeafId":"M3137",
                "ConditionBrowseLeafName":"Asthma",
                "ConditionBrowseLeafRelevance":"low"
              },{
                "ConditionBrowseLeafId":"M8876",
                "ConditionBrowseLeafName":"Inflammation",
                "ConditionBrowseLeafAsFound":"Inflammation",
                "ConditionBrowseLeafRelevance":"high"
              },{
                "ConditionBrowseLeafId":"M12594",
                "ConditionBrowseLeafName":"Polyps",
                "ConditionBrowseLeafRelevance":"low"
              },{
                "ConditionBrowseLeafId":"M10832",
                "ConditionBrowseLeafName":"Nasal Polyps",
                "ConditionBrowseLeafAsFound":"Nasal Polyps",
                "ConditionBrowseLeafRelevance":"high"
              },{
                "ConditionBrowseLeafId":"M26993",
                "ConditionBrowseLeafName":"Asthma, Aspirin-Induced",
                "ConditionBrowseLeafAsFound":"Asthma, Aspirin-Induced",
                "ConditionBrowseLeafRelevance":"high"
              },{
                "ConditionBrowseLeafId":"M11187",
                "ConditionBrowseLeafName":"Nose Diseases",
                "ConditionBrowseLeafRelevance":"low"
              },{
                "ConditionBrowseLeafId":"M13560",
                "ConditionBrowseLeafName":"Respiratory Tract Diseases",
                "ConditionBrowseLeafRelevance":"low"
              },{
                "ConditionBrowseLeafId":"M11544",
                "ConditionBrowseLeafName":"Otorhinolaryngologic Diseases",
                "ConditionBrowseLeafRelevance":"low"
              },{
                "ConditionBrowseLeafId":"M21103",
                "ConditionBrowseLeafName":"Pathological Conditions, Anatomical",
                "ConditionBrowseLeafRelevance":"low"
              },{
                "ConditionBrowseLeafId":"M3840",
                "ConditionBrowseLeafName":"Bronchial Diseases",
                "ConditionBrowseLeafRelevance":"low"
              },{
                "ConditionBrowseLeafId":"M8601",
                "ConditionBrowseLeafName":"Hypersensitivity",
                "ConditionBrowseLeafRelevance":"low"
              },{
                "ConditionBrowseLeafId":"M13550",
                "ConditionBrowseLeafName":"Respiratory Hypersensitivity",
                "ConditionBrowseLeafRelevance":"low"
              },{
                "ConditionBrowseLeafId":"M6100",
                "ConditionBrowseLeafName":"Drug Hypersensitivity",
                "ConditionBrowseLeafRelevance":"low"
              },{
                "ConditionBrowseLeafId":"M8783",
                "ConditionBrowseLeafName":"Immune System Diseases",
                "ConditionBrowseLeafRelevance":"low"
              },{
                "ConditionBrowseLeafId":"M8603",
                "ConditionBrowseLeafName":"Hypersensitivity, Immediate",
                "ConditionBrowseLeafRelevance":"low"
              },{
                "ConditionBrowseLeafId":"M28890",
                "ConditionBrowseLeafName":"Drug-Related Side Effects and Adverse Reactions",
                "ConditionBrowseLeafRelevance":"low"
              },{
                "ConditionBrowseLeafId":"M28889",
                "ConditionBrowseLeafName":"Chemically-Induced Disorders",
                "ConditionBrowseLeafRelevance":"low"
              }
            ]
          },
          "ConditionBrowseBranchList":{
            "ConditionBrowseBranch":[
              {
                "ConditionBrowseBranchAbbrev":"BC08",
                "ConditionBrowseBranchName":"Respiratory Tract (Lung and Bronchial) Diseases"
              },{
                "ConditionBrowseBranchAbbrev":"BC20",
                "ConditionBrowseBranchName":"Immune System Diseases"
              },{
                "ConditionBrowseBranchAbbrev":"All",
                "ConditionBrowseBranchName":"All Conditions"
              },{
                "ConditionBrowseBranchAbbrev":"BC23",
                "ConditionBrowseBranchName":"Symptoms and General Pathology"
              },{
                "ConditionBrowseBranchAbbrev":"BC09",
                "ConditionBrowseBranchName":"Ear, Nose, and Throat Diseases"
              },{
                "ConditionBrowseBranchAbbrev":"BC25",
                "ConditionBrowseBranchName":"Substance Related Disorders"
              }
            ]
          }
        },
        "InterventionBrowseModule":{
          "InterventionBrowseLeafList":{
            "InterventionBrowseLeaf":[
              {
                "InterventionBrowseLeafId":"M2806",
                "InterventionBrowseLeafName":"Antibodies",
                "InterventionBrowseLeafRelevance":"low"
              },{
                "InterventionBrowseLeafId":"M2811",
                "InterventionBrowseLeafName":"Antibodies, Monoclonal",
                "InterventionBrowseLeafRelevance":"low"
              },{
                "InterventionBrowseLeafId":"M8767",
                "InterventionBrowseLeafName":"Immunoglobulins",
                "InterventionBrowseLeafRelevance":"low"
              },{
                "InterventionBrowseLeafId":"M20444",
                "InterventionBrowseLeafName":"Pharmaceutical Solutions",
                "InterventionBrowseLeafRelevance":"low"
              }
            ]
          },
          "InterventionBrowseBranchList":{
            "InterventionBrowseBranch":[
              {
                "InterventionBrowseBranchAbbrev":"All",
                "InterventionBrowseBranchName":"All Drugs and Chemicals"
              },{
                "InterventionBrowseBranchAbbrev":"PhSol",
                "InterventionBrowseBranchName":"Pharmaceutical Solutions"
              }
            ]
          }
        }
      }
    }
  }
}

