{
  "FullStudy":{
    "Rank":2173,
    "Study":{
      "ProtocolSection":{
        "IdentificationModule":{
          "NCTId":"NCT04821674",
          "OrgStudyIdInfo":{
            "OrgStudyId":"DS5670-A-J101"
          },
          "SecondaryIdInfoList":{
            "SecondaryIdInfo":[
              {
                "SecondaryId":"jRCT2071200110",
                "SecondaryIdType":"Other Identifier",
                "SecondaryIdDomain":"Japan Registry of Clinical Trial"
              }
            ]
          },
          "Organization":{
            "OrgFullName":"Daiichi Sankyo, Inc.",
            "OrgClass":"INDUSTRY"
          },
          "BriefTitle":"Study of DS-5670a (COVID-19 Vaccine) in Japanese Healthy Adults and Elderly Subjects",
          "OfficialTitle":"A Phase 1/2 Study to Assess the Safety, Immunogenicity and Recommended Dose of DS-5670a (COVID-19 Vaccine) in Japanese Healthy Adults and Elderly Subjects"
        },
        "StatusModule":{
          "StatusVerifiedDate":"March 2021",
          "OverallStatus":"Recruiting",
          "ExpandedAccessInfo":{
            "HasExpandedAccess":"No"
          },
          "StartDateStruct":{
            "StartDate":"March 15, 2021",
            "StartDateType":"Actual"
          },
          "PrimaryCompletionDateStruct":{
            "PrimaryCompletionDate":"July 31, 2022",
            "PrimaryCompletionDateType":"Anticipated"
          },
          "CompletionDateStruct":{
            "CompletionDate":"December 31, 2022",
            "CompletionDateType":"Anticipated"
          },
          "StudyFirstSubmitDate":"March 25, 2021",
          "StudyFirstSubmitQCDate":"March 25, 2021",
          "StudyFirstPostDateStruct":{
            "StudyFirstPostDate":"March 29, 2021",
            "StudyFirstPostDateType":"Actual"
          },
          "LastUpdateSubmitDate":"March 29, 2021",
          "LastUpdatePostDateStruct":{
            "LastUpdatePostDate":"April 1, 2021",
            "LastUpdatePostDateType":"Actual"
          }
        },
        "SponsorCollaboratorsModule":{
          "ResponsibleParty":{
            "ResponsiblePartyType":"Sponsor"
          },
          "LeadSponsor":{
            "LeadSponsorName":"Daiichi Sankyo Co., Ltd.",
            "LeadSponsorClass":"INDUSTRY"
          }
        },
        "OversightModule":{
          "OversightHasDMC":"No",
          "IsFDARegulatedDrug":"No",
          "IsFDARegulatedDevice":"No"
        },
        "DescriptionModule":{
          "BriefSummary":"This study will assess the safety, tolerability and immunogenicity of DS-5670a (COVID-19 Vaccine) and determine the recommended dose in Japanese healthy adults and elderly participants."
        },
        "ConditionsModule":{
          "ConditionList":{
            "Condition":[
              "Covid19"
            ]
          },
          "KeywordList":{
            "Keyword":[
              "COVID-19 Prevention",
              "SARS CoV-2",
              "Coronavirus Vaccine"
            ]
          }
        },
        "DesignModule":{
          "StudyType":"Interventional",
          "PhaseList":{
            "Phase":[
              "Phase 1",
              "Phase 2"
            ]
          },
          "DesignInfo":{
            "DesignAllocation":"Randomized",
            "DesignInterventionModel":"Parallel Assignment",
            "DesignPrimaryPurpose":"Prevention",
            "DesignMaskingInfo":{
              "DesignMasking":"Triple",
              "DesignWhoMaskedList":{
                "DesignWhoMasked":[
                  "Participant",
                  "Care Provider",
                  "Investigator"
                ]
              }
            }
          },
          "EnrollmentInfo":{
            "EnrollmentCount":"152",
            "EnrollmentType":"Anticipated"
          }
        },
        "ArmsInterventionsModule":{
          "ArmGroupList":{
            "ArmGroup":[
              {
                "ArmGroupLabel":"Cohort A1: DS-5670a 10 µg",
                "ArmGroupType":"Experimental",
                "ArmGroupDescription":"Healthy adults participants will be randomized to receive a intramuscular injection of DS-5670a 10 µg.",
                "ArmGroupInterventionList":{
                  "ArmGroupInterventionName":[
                    "Biological: DS-5670a"
                  ]
                }
              },{
                "ArmGroupLabel":"Cohort A2: DS-5670a 30 µg",
                "ArmGroupType":"Experimental",
                "ArmGroupDescription":"Healthy adults participants will be randomized to receive a intramuscular injection of DS-5670a 30 µg.",
                "ArmGroupInterventionList":{
                  "ArmGroupInterventionName":[
                    "Biological: DS-5670a"
                  ]
                }
              },{
                "ArmGroupLabel":"Cohort A3: DS-5670a 60 µg",
                "ArmGroupType":"Experimental",
                "ArmGroupDescription":"Healthy adults participants will be randomized to receive a intramuscular injection of DS-5670a 60 µg.",
                "ArmGroupInterventionList":{
                  "ArmGroupInterventionName":[
                    "Biological: DS-5670a"
                  ]
                }
              },{
                "ArmGroupLabel":"Cohort A4: DS-5670a 100 µg",
                "ArmGroupType":"Experimental",
                "ArmGroupDescription":"Healthy adults participants will be randomized to receive a intramuscular injection of DS-5670a 100 µg.",
                "ArmGroupInterventionList":{
                  "ArmGroupInterventionName":[
                    "Biological: DS-5670a"
                  ]
                }
              },{
                "ArmGroupLabel":"Cohort A: Placebo",
                "ArmGroupType":"Placebo Comparator",
                "ArmGroupDescription":"Healthy adults participants will be randomized to receive a intramuscular injection of placebo.",
                "ArmGroupInterventionList":{
                  "ArmGroupInterventionName":[
                    "Biological: Placebo"
                  ]
                }
              },{
                "ArmGroupLabel":"Cohort B1: DS-5670a 10 µg",
                "ArmGroupType":"Experimental",
                "ArmGroupDescription":"Healthy elderly participants will be randomized to receive a intramuscular injection of DS-5670a 10 µg.",
                "ArmGroupInterventionList":{
                  "ArmGroupInterventionName":[
                    "Biological: DS-5670a"
                  ]
                }
              },{
                "ArmGroupLabel":"Cohort B2: DS-5670a 30 µg",
                "ArmGroupType":"Experimental",
                "ArmGroupDescription":"Healthy elderly participants will be randomized to receive a intramuscular injection of DS-5670a 30 µg.",
                "ArmGroupInterventionList":{
                  "ArmGroupInterventionName":[
                    "Biological: DS-5670a"
                  ]
                }
              },{
                "ArmGroupLabel":"Cohort B3: DS-5670a 60 µg",
                "ArmGroupType":"Experimental",
                "ArmGroupDescription":"Healthy elderly participants will be randomized to receive a intramuscular injection of DS-5670a 60 µg.",
                "ArmGroupInterventionList":{
                  "ArmGroupInterventionName":[
                    "Biological: DS-5670a"
                  ]
                }
              },{
                "ArmGroupLabel":"Cohort B4: DS-5670a 100 µg",
                "ArmGroupType":"Experimental",
                "ArmGroupDescription":"Healthy elderly participants will be randomized to receive a intramuscular injection of DS-5670a 100 µg.",
                "ArmGroupInterventionList":{
                  "ArmGroupInterventionName":[
                    "Biological: DS-5670a"
                  ]
                }
              },{
                "ArmGroupLabel":"Cohort B: Placebo",
                "ArmGroupType":"Placebo Comparator",
                "ArmGroupDescription":"Healthy elderly participants will be randomized to receive a intramuscular injection of placebo.",
                "ArmGroupInterventionList":{
                  "ArmGroupInterventionName":[
                    "Biological: Placebo"
                  ]
                }
              }
            ]
          },
          "InterventionList":{
            "Intervention":[
              {
                "InterventionType":"Biological",
                "InterventionName":"DS-5670a",
                "InterventionDescription":"DS-5670a (10, 30, 60 or 100 µg) administered as an intramuscular injection into the deltoid muscle of the upper arm; 2 injections total",
                "InterventionArmGroupLabelList":{
                  "InterventionArmGroupLabel":[
                    "Cohort A1: DS-5670a 10 µg",
                    "Cohort A2: DS-5670a 30 µg",
                    "Cohort A3: DS-5670a 60 µg",
                    "Cohort A4: DS-5670a 100 µg",
                    "Cohort B1: DS-5670a 10 µg",
                    "Cohort B2: DS-5670a 30 µg",
                    "Cohort B3: DS-5670a 60 µg",
                    "Cohort B4: DS-5670a 100 µg"
                  ]
                }
              },{
                "InterventionType":"Biological",
                "InterventionName":"Placebo",
                "InterventionDescription":"Placebo administered as an intramuscular injection into the deltoid muscle of the upper arm; 2 injections total",
                "InterventionArmGroupLabelList":{
                  "InterventionArmGroupLabel":[
                    "Cohort A: Placebo",
                    "Cohort B: Placebo"
                  ]
                }
              }
            ]
          }
        },
        "OutcomesModule":{
          "PrimaryOutcomeList":{
            "PrimaryOutcome":[
              {
                "PrimaryOutcomeMeasure":"Number of Participants Reporting Treatment-emergent Adverse Events",
                "PrimaryOutcomeTimeFrame":"Day 1 up to Day 57 post-dose"
              },{
                "PrimaryOutcomeMeasure":"Number of Participants Reporting Local and Systemic Adverse Events",
                "PrimaryOutcomeTimeFrame":"Day 1 up to Day 14 post-first and second dose"
              },{
                "PrimaryOutcomeMeasure":"Number of Participants Reporting Serious Events",
                "PrimaryOutcomeTimeFrame":"Day 1 up to 12 months post-second dose"
              },{
                "PrimaryOutcomeMeasure":"Geometric Mean Titer (GMT) of SARS-CoV-2 Specific Neutralizing Antibody",
                "PrimaryOutcomeTimeFrame":"Days 15, 29, 43, and 57 post-dose"
              },{
                "PrimaryOutcomeMeasure":"Geometric Mean Fold Rise (GMFR) of SARS-CoV-2 Specific Neutralizing Antibody",
                "PrimaryOutcomeTimeFrame":"Days 15, 29, 43, and 57 post-dose"
              },{
                "PrimaryOutcomeMeasure":"Seroconversion Rates of SARS-CoV-2 Specific Neutralizing Antibody",
                "PrimaryOutcomeTimeFrame":"Days 15, 29, 43, and 57 post-dose"
              }
            ]
          },
          "SecondaryOutcomeList":{
            "SecondaryOutcome":[
              {
                "SecondaryOutcomeMeasure":"GMT of anti-IgG Antibody",
                "SecondaryOutcomeTimeFrame":"Days 15, 29, 43, and 57 post-dose"
              },{
                "SecondaryOutcomeMeasure":"GMFR of anti-IgG Antibody",
                "SecondaryOutcomeTimeFrame":"Days 15, 29, 43, and 57 post-dose"
              },{
                "SecondaryOutcomeMeasure":"Seroconversion Rates of anti-IgG Antibody",
                "SecondaryOutcomeTimeFrame":"Days 15, 29, 43, and 57 post-dose"
              },{
                "SecondaryOutcomeMeasure":"Pharmacokinetic Parameter of Maximum (Peak) Observed Plasma Concentration (Cmax) Following Intramuscular Injection of DS-5670a",
                "SecondaryOutcomeDescription":"Cmax of plasma MAFB-7566a and constituent lipids of lipid nanoparticle (LNP) will be assessed.",
                "SecondaryOutcomeTimeFrame":"Days 1, 2, 4, 8, 15, 29, 30, 32, 36, 43, and 57 post-dose"
              },{
                "SecondaryOutcomeMeasure":"Pharmacokinetic Parameter of Time to Reach Maximum Concentration (Tmax) Following Intramuscular Injection of DS-5670a",
                "SecondaryOutcomeDescription":"Tmax of plasma MAFB-7566a and constituent lipids of LNP will be assessed.",
                "SecondaryOutcomeTimeFrame":"Days 1, 2, 4, 8, 15, 29, 30, 32, 36, 43, and 57 post-dose"
              },{
                "SecondaryOutcomeMeasure":"Pharmacokinetic Parameter of Area Under the Concentration-time Curve Following Intramuscular Injection of DS-5670a",
                "SecondaryOutcomeDescription":"Area under the concentration-time curve from time 0 to last measurable time point (AUClast) and time 0 to infinity (AUCinf) of plasma MAFB-7566a and constituent lipids of LNP will be assessed.",
                "SecondaryOutcomeTimeFrame":"Days 1, 2, 4, 8, 15, 29, 30, 32, 36, 43, and 57 post-dose"
              },{
                "SecondaryOutcomeMeasure":"Pharmacokinetic Parameter of Apparent Total Body Clearance (CL/F) Following Intramuscular Injection of DS-5670a",
                "SecondaryOutcomeDescription":"CL/F of plasma MAFB-7566a and constituent lipids of LNP will be assessed.",
                "SecondaryOutcomeTimeFrame":"Days 1, 2, 4, 8, 15, 29, 30, 32, 36, 43, and 57 post-dose"
              },{
                "SecondaryOutcomeMeasure":"Pharmacokinetic Parameter of Terminal Elimination Half-life (t1/2) Following Intramuscular Injection of DS-5670a",
                "SecondaryOutcomeDescription":"Half-life (t1/2) of plasma MAFB-7566a and constituent lipids of LNP will be assessed.",
                "SecondaryOutcomeTimeFrame":"Days 1, 2, 4, 8, 15, 29, 30, 32, 36, 43, and 57 post-dose"
              },{
                "SecondaryOutcomeMeasure":"Pharmacokinetic Parameter of Apparent Volume of Distribution (Vz/F) Following Intramuscular Injection of DS-5670a",
                "SecondaryOutcomeDescription":"Vz/F of plasma MAFB-7566a and constituent lipids of LNP will be assessed.",
                "SecondaryOutcomeTimeFrame":"Days 1, 2, 4, 8, 15, 29, 30, 32, 36, 43, and 57 post-dose"
              }
            ]
          }
        },
        "EligibilityModule":{
          "EligibilityCriteria":"Inclusion Criteria:\n\nJapanese citizen\nHealthy adults aged ≥20 and <65 years, or healthy elderly aged ≥65 and <75 years (at the time of informed consent)\nBody Mass Index (BMI) is ≥17.5 and <30.0 kg/m^2 (at screening)\nParticipants who can follow the compliance requirements during clinical trials, undergo medical examinations and tests specified by the protocol, and report symptoms, etc.\n\nExclusion Criteria:\n\nHave a history of immunodeficiency or having a close relative with congenital immunodeficiency.\nHave a history of SARS-CoV-2 infection.\nHave previously participated in an investigational study of SARS-Cov-2 vaccine or involving LNPs.\nHave a history of anaphylaxis or severe allergies due to food, cosmetics, medicines, or vaccination\nHave alcohol or drug dependence.\nHave a fever of ≥39.0°C or symptoms of suspected allergies such as systemic rash within 2 days after past vaccination, etc.",
          "HealthyVolunteers":"Accepts Healthy Volunteers",
          "Gender":"All",
          "MinimumAge":"20 Years",
          "MaximumAge":"74 Years",
          "StdAgeList":{
            "StdAge":[
              "Adult",
              "Older Adult"
            ]
          }
        },
        "ContactsLocationsModule":{
          "CentralContactList":{
            "CentralContact":[
              {
                "CentralContactName":"Daiichi Sankyo Contact for Clinical Trial Information",
                "CentralContactRole":"Contact",
                "CentralContactPhone":"+81-3-6225-1111(M-F 9-5 JST)",
                "CentralContactEMail":"dsclinicaltrial@daiichisankyo.co.jp"
              }
            ]
          },
          "OverallOfficialList":{
            "OverallOfficial":[
              {
                "OverallOfficialName":"Global Clinical Leader",
                "OverallOfficialAffiliation":"Daiichi Sankyo, Inc.",
                "OverallOfficialRole":"Study Director"
              }
            ]
          },
          "LocationList":{
            "Location":[
              {
                "LocationFacility":"SOUSEIKAI Hakata Clinic",
                "LocationStatus":"Recruiting",
                "LocationCity":"Hakata",
                "LocationState":"Fukuoka",
                "LocationZip":"812-0025",
                "LocationCountry":"Japan",
                "LocationContactList":{
                  "LocationContact":[
                    {
                      "LocationContactName":"See Central Contact",
                      "LocationContactRole":"Contact"
                    }
                  ]
                }
              }
            ]
          }
        },
        "IPDSharingStatementModule":{
          "IPDSharing":"No"
        }
      },
      "DerivedSection":{
        "MiscInfoModule":{
          "VersionHolder":"April 19, 2021"
        },
        "ConditionBrowseModule":{
          "ConditionBrowseLeafList":{
            "ConditionBrowseLeaf":[
              {
                "ConditionBrowseLeafId":"M19074",
                "ConditionBrowseLeafName":"Coronavirus Infections",
                "ConditionBrowseLeafRelevance":"low"
              }
            ]
          },
          "ConditionBrowseBranchList":{
            "ConditionBrowseBranch":[
              {
                "ConditionBrowseBranchAbbrev":"BC02",
                "ConditionBrowseBranchName":"Viral Diseases"
              },{
                "ConditionBrowseBranchAbbrev":"All",
                "ConditionBrowseBranchName":"All Conditions"
              }
            ]
          }
        },
        "InterventionBrowseModule":{
          "InterventionBrowseLeafList":{
            "InterventionBrowseLeaf":[
              {
                "InterventionBrowseLeafId":"M15943",
                "InterventionBrowseLeafName":"Vaccines",
                "InterventionBrowseLeafRelevance":"low"
              }
            ]
          },
          "InterventionBrowseBranchList":{
            "InterventionBrowseBranch":[
              {
                "InterventionBrowseBranchAbbrev":"All",
                "InterventionBrowseBranchName":"All Drugs and Chemicals"
              }
            ]
          }
        }
      }
    }
  }
}

