{
  "FullStudy":{
    "Rank":1960,
    "Study":{
      "ProtocolSection":{
        "IdentificationModule":{
          "NCTId":"NCT04824456",
          "OrgStudyIdInfo":{
            "OrgStudyId":"15460"
          },
          "Organization":{
            "OrgFullName":"Cairo University",
            "OrgClass":"OTHER"
          },
          "BriefTitle":"Neurosensory Assesment After Using Separators Vs Chisels in Bilateral Sagittal Split Mandibular Osteotomy. RCT",
          "OfficialTitle":"Evaluation of Neurosensory Disturbance After Using Separators Vs Chisels in Bilateral Sagittal Split Mandibular Osteotomy. RCT"
        },
        "StatusModule":{
          "StatusVerifiedDate":"March 2021",
          "OverallStatus":"Enrolling by invitation",
          "ExpandedAccessInfo":{
            "HasExpandedAccess":"No"
          },
          "StartDateStruct":{
            "StartDate":"December 1, 2019",
            "StartDateType":"Actual"
          },
          "PrimaryCompletionDateStruct":{
            "PrimaryCompletionDate":"April 1, 2021",
            "PrimaryCompletionDateType":"Anticipated"
          },
          "CompletionDateStruct":{
            "CompletionDate":"August 1, 2021",
            "CompletionDateType":"Anticipated"
          },
          "StudyFirstSubmitDate":"November 23, 2020",
          "StudyFirstSubmitQCDate":"March 27, 2021",
          "StudyFirstPostDateStruct":{
            "StudyFirstPostDate":"April 1, 2021",
            "StudyFirstPostDateType":"Actual"
          },
          "LastUpdateSubmitDate":"March 27, 2021",
          "LastUpdatePostDateStruct":{
            "LastUpdatePostDate":"April 1, 2021",
            "LastUpdatePostDateType":"Actual"
          }
        },
        "SponsorCollaboratorsModule":{
          "ResponsibleParty":{
            "ResponsiblePartyType":"Principal Investigator",
            "ResponsiblePartyInvestigatorFullName":"Hisham Mohammed Abdllfattah",
            "ResponsiblePartyInvestigatorTitle":"Assistant lecturer",
            "ResponsiblePartyInvestigatorAffiliation":"Cairo University"
          },
          "LeadSponsor":{
            "LeadSponsorName":"Cairo University",
            "LeadSponsorClass":"OTHER"
          }
        },
        "OversightModule":{
          "OversightHasDMC":"No",
          "IsFDARegulatedDrug":"No",
          "IsFDARegulatedDevice":"No"
        },
        "DescriptionModule":{
          "BriefSummary":"The bilateral sagittal split Ramus osteotomy (BSSRO) was introduced by Trauner and Obwegeser. Since then, many modifications of this procedure have been reported, leading to a less difficult and more predictable procedure for correcting mandibular anomalies. persistent post-operative neurosensory disturbances of the inferior alveolar nerve are still one of the major complications of this operation. The incidence has decreased over the years due to improved techniques and the use of different instruments. However, most recent series still report postoperative persistent hypesthesia of the inferior alveolar nerve in more than 10% of the patients up to 48%.\n\nThere are no reports on the influence of other surgical variables on the persisting post-operative hypesthesia. Several methods have been reported for evaluating neurosensory disturbances of the inferior alveolar nerve. One of the simplest methods reported is tactile evaluation based on subjective sensation reported by the patients. Many authors have used this method in their evaluation of post-operative hypesthesia."
        },
        "ConditionsModule":{
          "ConditionList":{
            "Condition":[
              "to Assess Neurosensory Function of Inferior Alveolar Nerve After BSSO"
            ]
          }
        },
        "DesignModule":{
          "StudyType":"Interventional",
          "PhaseList":{
            "Phase":[
              "Not Applicable"
            ]
          },
          "DesignInfo":{
            "DesignAllocation":"N/A",
            "DesignInterventionModel":"Single Group Assignment",
            "DesignInterventionModelDescription":"Patient with skeletal malocclusion, class II or class III that is indicated for bilateral sagittal split osteotomy.",
            "DesignPrimaryPurpose":"Screening",
            "DesignMaskingInfo":{
              "DesignMasking":"None (Open Label)"
            }
          },
          "EnrollmentInfo":{
            "EnrollmentCount":"36",
            "EnrollmentType":"Actual"
          }
        },
        "ArmsInterventionsModule":{
          "ArmGroupList":{
            "ArmGroup":[
              {
                "ArmGroupLabel":"bilateral sagittal split osteotomy using chisels.",
                "ArmGroupType":"Experimental",
                "ArmGroupDescription":"The final split is completed with Smith forceps and flag separators",
                "ArmGroupInterventionList":{
                  "ArmGroupInterventionName":[
                    "Procedure: bilateral sagittal split osteotomy using separators."
                  ]
                }
              }
            ]
          },
          "InterventionList":{
            "Intervention":[
              {
                "InterventionType":"Procedure",
                "InterventionName":"bilateral sagittal split osteotomy using separators.",
                "InterventionDescription":"The final split is completed with a thin osteotomes, splitting the entire ascending ramus from the anterior to the posterior border of the ramus.",
                "InterventionArmGroupLabelList":{
                  "InterventionArmGroupLabel":[
                    "bilateral sagittal split osteotomy using chisels."
                  ]
                }
              }
            ]
          }
        },
        "OutcomesModule":{
          "PrimaryOutcomeList":{
            "PrimaryOutcome":[
              {
                "PrimaryOutcomeMeasure":"neurosensory disturbance of the inferior alveolar nerve.",
                "PrimaryOutcomeDescription":"use Von Frey filaments to test sensory function of the lower lip and two point discrimination test (blunt and sharp ) also to assess the sensory function",
                "PrimaryOutcomeTimeFrame":"1 year"
              }
            ]
          },
          "SecondaryOutcomeList":{
            "SecondaryOutcome":[
              {
                "SecondaryOutcomeMeasure":"Incidence of bad split",
                "SecondaryOutcomeDescription":"if bad split in the mandible occur during the operation it will be reported",
                "SecondaryOutcomeTimeFrame":"1 year"
              },{
                "SecondaryOutcomeMeasure":"post operative edema ,",
                "SecondaryOutcomeDescription":"preoperative measure from the tragus to mid of the chin by cm then the measure is repeated to count the amount of edema",
                "SecondaryOutcomeTimeFrame":"1 year"
              },{
                "SecondaryOutcomeMeasure":"post operative pain",
                "SecondaryOutcomeDescription":"by visual analogue scale from 0 to 10 and the patient choose the number",
                "SecondaryOutcomeTimeFrame":"1 year"
              }
            ]
          }
        },
        "EligibilityModule":{
          "EligibilityCriteria":"IInclusion criteria:\n\nPatient with skeletal malocclusion, class II or class III that is indicated for bilateral sagittal split osteotomy.\nAdults >18 years.\nSystemically healthy.\n\nExclusion criteria:\n\nPatients not indicated for orthognathic surgery.\nSevere systemic disease.\nHave a medical condition associated with systemic neuropathy (e.g. diabetes)\nPatients whom cannot tolerate follow up intervals. (affect accuracy of study results)\nAre unwilling to sign informed consent.",
          "HealthyVolunteers":"No",
          "Gender":"All",
          "MinimumAge":"18 Years",
          "MaximumAge":"60 Years",
          "StdAgeList":{
            "StdAge":[
              "Adult"
            ]
          }
        },
        "ContactsLocationsModule":{
          "LocationList":{
            "Location":[
              {
                "LocationFacility":"Faculty of Dentistry",
                "LocationCity":"Cairo",
                "LocationZip":"12345",
                "LocationCountry":"Egypt"
              }
            ]
          }
        },
        "IPDSharingStatementModule":{
          "IPDSharing":"No"
        }
      },
      "DerivedSection":{
        "MiscInfoModule":{
          "VersionHolder":"April 19, 2021"
        }
      }
    }
  }
}

