{
  "FullStudy":{
    "Rank":1797,
    "Study":{
      "ProtocolSection":{
        "IdentificationModule":{
          "NCTId":"NCT04826575",
          "OrgStudyIdInfo":{
            "OrgStudyId":"NU21-06-00086"
          },
          "Organization":{
            "OrgFullName":"St. Anne's University Hospital Brno, Czech Republic",
            "OrgClass":"OTHER"
          },
          "BriefTitle":"Pre-habilitation in Lung Surgery Candidates",
          "OfficialTitle":"High Intensity Respiratory Muscle Training as a Pre-habilitation in Lung Surgery"
        },
        "StatusModule":{
          "StatusVerifiedDate":"March 2021",
          "OverallStatus":"Recruiting",
          "ExpandedAccessInfo":{
            "HasExpandedAccess":"No"
          },
          "StartDateStruct":{
            "StartDate":"March 25, 2021",
            "StartDateType":"Actual"
          },
          "PrimaryCompletionDateStruct":{
            "PrimaryCompletionDate":"December 31, 2024",
            "PrimaryCompletionDateType":"Anticipated"
          },
          "CompletionDateStruct":{
            "CompletionDate":"December 31, 2024",
            "CompletionDateType":"Anticipated"
          },
          "StudyFirstSubmitDate":"March 29, 2021",
          "StudyFirstSubmitQCDate":"March 29, 2021",
          "StudyFirstPostDateStruct":{
            "StudyFirstPostDate":"April 1, 2021",
            "StudyFirstPostDateType":"Actual"
          },
          "LastUpdateSubmitDate":"March 31, 2021",
          "LastUpdatePostDateStruct":{
            "LastUpdatePostDate":"April 5, 2021",
            "LastUpdatePostDateType":"Actual"
          }
        },
        "SponsorCollaboratorsModule":{
          "ResponsibleParty":{
            "ResponsiblePartyType":"Principal Investigator",
            "ResponsiblePartyInvestigatorFullName":"Ivan Cundrle",
            "ResponsiblePartyInvestigatorTitle":"Ivan Cundrle M.D., Ph.D.",
            "ResponsiblePartyInvestigatorAffiliation":"St. Anne's University Hospital Brno, Czech Republic"
          },
          "LeadSponsor":{
            "LeadSponsorName":"St. Anne's University Hospital Brno, Czech Republic",
            "LeadSponsorClass":"OTHER"
          },
          "CollaboratorList":{
            "Collaborator":[
              {
                "CollaboratorName":"Brno University Hospital",
                "CollaboratorClass":"OTHER"
              },{
                "CollaboratorName":"Palacky University",
                "CollaboratorClass":"OTHER"
              }
            ]
          }
        },
        "OversightModule":{
          "OversightHasDMC":"No",
          "IsFDARegulatedDrug":"No",
          "IsFDARegulatedDevice":"No"
        },
        "DescriptionModule":{
          "BriefSummary":"We hypothesize that high intensity respiratory muscle training will improve ventilatory efficiency (VE/VCO2 slope) and will be associated with decreased PPC, decreased mortality and better quality of life in lung resection candidates. Accordingly, the aim of this study will be to compare rest and exercise ventilation and gas exchange parameters as well as postoperative complications, quality of life and mortality in patients who undergo high intensity respiratory muscle training compared to patients who receive the usual standard of care.",
          "DetailedDescription":"Lung resection surgery is the major curative option for lung cancer. Therefore, it is alarming that up to 37% of suitable patients are considered inoperable because of lung function impairment and those suitable for operation still carry a significant risk of especially postoperative pulmonary complications (PPC) development and increased mortality. Several predictors of postoperative morbidity and mortality have been identified. However, most of the factors are not easily modifiable before surgery. Ventilatory efficiency for carbon dioxide (VE/VCO2 slope) is an exercise parameter that has been shown to predict respiratory complications and mortality of lung resection candidates and to be superior to peak oxygen uptake (peak VO2). Importantly, in contrast to most previously established PPC risk factors, VE/VCO2 slope and peak VO2 may be therapeutically improved by physical and/or respiratory muscle training (e.g. by prehabilitation) and may thereby enable preoperative patient optimization. In thoracic surgery patients, trials looking at improvement of exercise capacity and PPC development give conflicting results, probably because of huge heterogeneity in terms of type, intensity and the length of pre-habilitation program. However, it seems that inclusion of only selected patients that may benefit from pre-habilitation (high risk patients), using VE/VCO2 slope and not peak VO2 to define the high risk patients and using interventions that could effectively improve VE/VCO2 slope (like the inspiratory and expiratory muscle training) is crucial and may be the key to lowering of postoperative pulmonary complications. Therefore, we hypothesize that high intensity respiratory muscle training will improve ventilatory efficiency (VE/VCO2 slope) and will be associated with decreased PPC, decreased mortality and better quality of life in lung resection candidates."
        },
        "ConditionsModule":{
          "ConditionList":{
            "Condition":[
              "Lung Cancer",
              "Post-Op Complication"
            ]
          },
          "KeywordList":{
            "Keyword":[
              "cardiopulmonary exercise testing",
              "VE/VCO2",
              "PETCO2"
            ]
          }
        },
        "DesignModule":{
          "StudyType":"Interventional",
          "PhaseList":{
            "Phase":[
              "Not Applicable"
            ]
          },
          "DesignInfo":{
            "DesignAllocation":"Randomized",
            "DesignInterventionModel":"Parallel Assignment",
            "DesignInterventionModelDescription":"Eligible patients will be randomized to control and intervention (pre-habilitation) group",
            "DesignPrimaryPurpose":"Prevention",
            "DesignMaskingInfo":{
              "DesignMasking":"Double",
              "DesignMaskingDescription":"Caretaking provider and investigators gathering data will be blinded.",
              "DesignWhoMaskedList":{
                "DesignWhoMasked":[
                  "Care Provider",
                  "Investigator"
                ]
              }
            }
          },
          "EnrollmentInfo":{
            "EnrollmentCount":"150",
            "EnrollmentType":"Anticipated"
          }
        },
        "ArmsInterventionsModule":{
          "ArmGroupList":{
            "ArmGroup":[
              {
                "ArmGroupLabel":"Control",
                "ArmGroupType":"No Intervention",
                "ArmGroupDescription":"No intervention will be done in this group."
              },{
                "ArmGroupLabel":"Pre-Habilitation",
                "ArmGroupType":"Experimental",
                "ArmGroupDescription":"Two weeks of high intensity respiratory muscle training, optional smoking cessation and psychological support.",
                "ArmGroupInterventionList":{
                  "ArmGroupInterventionName":[
                    "Other: High intensity inspiratory and expiratory muscle training"
                  ]
                }
              }
            ]
          },
          "InterventionList":{
            "Intervention":[
              {
                "InterventionType":"Other",
                "InterventionName":"High intensity inspiratory and expiratory muscle training",
                "InterventionDescription":"Inspiratory Muscle Training will be performed using the Threshold inspiratory muscle trainer device (Threshold IMT®, Philips Respironics, Inc., Murrysville, PA, USA).\n\nExpiratory muscle training (EMT) will be performed using the Threshold positive expiratory pressure device (Threshold PEP®, Philips Respironics, Inc., Murrysville, PA, USA) or Expiratory Muscle Strength Trainer EMST 150TM (Aspire Products), depending on the initial MEP.\n\nPatients will train 2 times a day, 7 days per week, for 2 weeks.",
                "InterventionArmGroupLabelList":{
                  "InterventionArmGroupLabel":[
                    "Pre-Habilitation"
                  ]
                }
              }
            ]
          }
        },
        "OutcomesModule":{
          "PrimaryOutcomeList":{
            "PrimaryOutcome":[
              {
                "PrimaryOutcomeMeasure":"Post-operative pulmonary complications",
                "PrimaryOutcomeDescription":"Post-operative pulmonary complications",
                "PrimaryOutcomeTimeFrame":"from the first 30 post-operative days or from the hospital stay"
              },{
                "PrimaryOutcomeMeasure":"Post-operative cardiovascular complications",
                "PrimaryOutcomeDescription":"Post-operative cardiovascular complications",
                "PrimaryOutcomeTimeFrame":"from the first 30 post-operative days or from the hospital stay"
              }
            ]
          },
          "SecondaryOutcomeList":{
            "SecondaryOutcome":[
              {
                "SecondaryOutcomeMeasure":"Hospital length of stay",
                "SecondaryOutcomeDescription":"duration of hospital length of stay",
                "SecondaryOutcomeTimeFrame":"from the first 30 post-operative days or from the hospital stay"
              },{
                "SecondaryOutcomeMeasure":"Intensive care unit length of stay",
                "SecondaryOutcomeDescription":"duration of intensive care unit length of stay",
                "SecondaryOutcomeTimeFrame":"from the first 30 post-operative days or from the hospital stay"
              },{
                "SecondaryOutcomeMeasure":"Chest drainage",
                "SecondaryOutcomeDescription":"Duration of chest drainage",
                "SecondaryOutcomeTimeFrame":"from the first 30 post-operative days or from the hospital stay"
              }
            ]
          }
        },
        "EligibilityModule":{
          "EligibilityCriteria":"Inclusion Criteria:\n\nventilatory efficiency (VE/VCO2) ≥ 33\n\nExclusion Criteria:\n\ncontraindication for lung resection (e.g. inoperable tumor)",
          "HealthyVolunteers":"No",
          "Gender":"All",
          "MinimumAge":"18 Years",
          "StdAgeList":{
            "StdAge":[
              "Adult",
              "Older Adult"
            ]
          }
        },
        "ContactsLocationsModule":{
          "CentralContactList":{
            "CentralContact":[
              {
                "CentralContactName":"Ivan Cundrle, M.D., Ph.D.",
                "CentralContactRole":"Contact",
                "CentralContactPhone":"00420543182553",
                "CentralContactEMail":"Ivan.Cundrle@seznam.cz"
              },{
                "CentralContactName":"Milos Chobola, M.D.",
                "CentralContactRole":"Contact",
                "CentralContactPhone":"00420543182553",
                "CentralContactEMail":"milos.chobola@fnusa.cz"
              }
            ]
          },
          "OverallOfficialList":{
            "OverallOfficial":[
              {
                "OverallOfficialName":"Ivan Cundrle, M.D., Ph.D.",
                "OverallOfficialAffiliation":"St. Anne's University Hospital in Brno",
                "OverallOfficialRole":"Principal Investigator"
              }
            ]
          },
          "LocationList":{
            "Location":[
              {
                "LocationFacility":"University Hospital Brno",
                "LocationStatus":"Recruiting",
                "LocationCity":"Brno",
                "LocationState":"Czech Republic",
                "LocationZip":"62500",
                "LocationCountry":"Czechia",
                "LocationContactList":{
                  "LocationContact":[
                    {
                      "LocationContactName":"Kristian Brat, M.D., Ph.D.",
                      "LocationContactRole":"Contact",
                      "LocationContactPhone":"00420532232193",
                      "LocationContactEMail":"Brat.Kristian@fnbrno.cz"
                    },{
                      "LocationContactName":"Ladislav Mitas, M.D., Ph.D.",
                      "LocationContactRole":"Sub-Investigator"
                    },{
                      "LocationContactName":"Marek Plutinsky, M.D.",
                      "LocationContactRole":"Sub-Investigator"
                    },{
                      "LocationContactName":"Filip Dosbaba, Ph.D.",
                      "LocationContactRole":"Sub-Investigator"
                    },{
                      "LocationContactName":"Martin Hartman",
                      "LocationContactRole":"Sub-Investigator"
                    },{
                      "LocationContactName":"Anna Kapustová, M.D.",
                      "LocationContactRole":"Sub-Investigator"
                    }
                  ]
                }
              },{
                "LocationFacility":"St. Anne's University Hospital",
                "LocationStatus":"Not yet recruiting",
                "LocationCity":"Brno",
                "LocationState":"Czech Republic",
                "LocationZip":"656 91",
                "LocationCountry":"Czechia",
                "LocationContactList":{
                  "LocationContact":[
                    {
                      "LocationContactName":"Ivan Cundrle, M.D., Ph.D.",
                      "LocationContactRole":"Contact",
                      "LocationContactPhone":"00420543182553",
                      "LocationContactEMail":"Ivan.Cundrle@seznam.cz"
                    },{
                      "LocationContactName":"Milos Chobola, M.D.",
                      "LocationContactRole":"Contact",
                      "LocationContactPhone":"00420543182553",
                      "LocationContactEMail":"milos.chobola@fnusa.cz"
                    },{
                      "LocationContactName":"Andrej Mazur, M.D.",
                      "LocationContactRole":"Sub-Investigator"
                    },{
                      "LocationContactName":"Vladimir Sramek, M.D., Ph.D.",
                      "LocationContactRole":"Sub-Investigator"
                    },{
                      "LocationContactName":"Pavel Homolka, M.D., Ph.D.",
                      "LocationContactRole":"Sub-Investigator"
                    },{
                      "LocationContactName":"Zdenek Chovanec, M.D., Ph.D.",
                      "LocationContactRole":"Sub-Investigator"
                    },{
                      "LocationContactName":"Alena Sedlakova",
                      "LocationContactRole":"Sub-Investigator"
                    }
                  ]
                }
              },{
                "LocationFacility":"Palacky University Olomouc",
                "LocationStatus":"Not yet recruiting",
                "LocationCity":"Olomouc",
                "LocationZip":"77147",
                "LocationCountry":"Czechia",
                "LocationContactList":{
                  "LocationContact":[
                    {
                      "LocationContactName":"Milan Sova, M.D., Ph.D.",
                      "LocationContactRole":"Contact",
                      "LocationContactPhone":"420588444648",
                      "LocationContactEMail":"milan.sova@upol.cz"
                    },{
                      "LocationContactName":"Petr Jakubec, M.D., Ph.D.",
                      "LocationContactRole":"Sub-Investigator"
                    },{
                      "LocationContactName":"Samuel Genzor, M.D.",
                      "LocationContactRole":"Sub-Investigator"
                    },{
                      "LocationContactName":"Marek Szkorupa, M.D., Ph.D.",
                      "LocationContactRole":"Sub-Investigator"
                    },{
                      "LocationContactName":"Eliska Sovova, M.D., Ph.D.",
                      "LocationContactRole":"Sub-Investigator"
                    },{
                      "LocationContactName":"Marketa Sovova, M.D.",
                      "LocationContactRole":"Sub-Investigator"
                    },{
                      "LocationContactName":"Barbora Imrichová",
                      "LocationContactRole":"Sub-Investigator"
                    },{
                      "LocationContactName":"Monika Mikulaskova",
                      "LocationContactRole":"Sub-Investigator"
                    }
                  ]
                }
              }
            ]
          }
        },
        "ReferencesModule":{
          "ReferenceList":{
            "Reference":[
              {
                "ReferencePMID":"30345096",
                "ReferenceType":"background",
                "ReferenceCitation":"Sanchez-Lorente D, Navarro-Ripoll R, Guzman R, Moises J, Gimeno E, Boada M, Molins L. Prehabilitation in thoracic surgery. J Thorac Dis. 2018 Aug;10(Suppl 22):S2593-S2600. doi: 10.21037/jtd.2018.08.18. Review."
              },{
                "ReferencePMID":"16640807",
                "ReferenceType":"background",
                "ReferenceCitation":"Baser S, Shannon VR, Eapen GA, Jimenez CA, Onn A, Keus L, Lin E, Morice RC. Pulmonary dysfunction as a major cause of inoperability among patients with non-small-cell lung cancer. Clin Lung Cancer. 2006 Mar;7(5):344-9."
              },{
                "ReferencePMID":"20805178",
                "ReferenceType":"background",
                "ReferenceCitation":"Agostini P, Cieslik H, Rathinam S, Bishay E, Kalkat MS, Rajesh PB, Steyn RS, Singh S, Naidu B. Postoperative pulmonary complications following thoracic surgery: are there any modifiable risk factors? Thorax. 2010 Sep;65(9):815-8. doi: 10.1136/thx.2009.123083."
              },{
                "ReferencePMID":"20609776",
                "ReferenceType":"background",
                "ReferenceCitation":"Brunelli A, Varela G, Refai M, Jimenez MF, Pompili C, Sabbatini A, Aranda JL. A scoring system to predict the risk of prolonged air leak after lobectomy. Ann Thorac Surg. 2010 Jul;90(1):204-9. doi: 10.1016/j.athoracsur.2010.02.054."
              },{
                "ReferencePMID":"24626266",
                "ReferenceType":"background",
                "ReferenceCitation":"Stanzani F, Paisani Dde M, Oliveira Ad, Souza RC, Perfeito JA, Faresin SM. Morbidity, mortality, and categorization of the risk of perioperative complications in lung cancer patients. J Bras Pneumol. 2014 Jan-Feb;40(1):21-9. doi: 10.1590/S1806-37132014000100004. English, Portuguese."
              },{
                "ReferencePMID":"22560968",
                "ReferenceType":"background",
                "ReferenceCitation":"Brunelli A, Belardinelli R, Pompili C, Xiumé F, Refai M, Salati M, Sabbatini A. Minute ventilation-to-carbon dioxide output (VE/VCO2) slope is the strongest predictor of respiratory complications and death after pulmonary resection. Ann Thorac Surg. 2012 Jun;93(6):1802-6. doi: 10.1016/j.athoracsur.2012.03.022. Epub 2012 May 4."
              },{
                "ReferencePMID":"20356758",
                "ReferenceType":"background",
                "ReferenceCitation":"Torchio R, Guglielmo M, Giardino R, Ardissone F, Ciacco C, Gulotta C, Veljkovic A, Bugiani M. Exercise ventilatory inefficiency and mortality in patients with chronic obstructive pulmonary disease undergoing surgery for non-small-cell lung cancer. Eur J Cardiothorac Surg. 2010 Jul;38(1):14-9. doi: 10.1016/j.ejcts.2010.01.032. Epub 2010 Mar 30."
              },{
                "ReferencePMID":"22197120",
                "ReferenceType":"background",
                "ReferenceCitation":"Fu TC, Wang CH, Lin PS, Hsu CC, Cherng WJ, Huang SC, Liu MH, Chiang CL, Wang JS. Aerobic interval training improves oxygen uptake efficiency by enhancing cerebral and muscular hemodynamics in patients with heart failure. Int J Cardiol. 2013 Jul 15;167(1):41-50. doi: 10.1016/j.ijcard.2011.11.086. Epub 2011 Dec 22."
              },{
                "ReferencePMID":"28870770",
                "ReferenceType":"background",
                "ReferenceCitation":"Tucker WJ, Lijauco CC, Hearon CM Jr, Angadi SS, Nelson MD, Sarma S, Nanayakkara S, La Gerche A, Haykowsky MJ. Mechanisms of the Improvement in Peak VO(2) With Exercise Training in Heart Failure With Reduced or Preserved Ejection Fraction. Heart Lung Circ. 2018 Jan;27(1):9-21. doi: 10.1016/j.hlc.2017.07.002. Epub 2017 Aug 4. Review."
              },{
                "ReferencePMID":"26528451",
                "ReferenceType":"background",
                "ReferenceCitation":"Kasahara Y, Izawa KP, Watanabe S, Osada N, Omiya K. The Relation of Respiratory Muscle Strength to Disease Severity and Abnormal Ventilation During Exercise in Chronic Heart Failure Patients. Res Cardiovasc Med. 2015 Sep 15;4(4):e28944. doi: 10.5812/cardiovascmed.28944. eCollection 2015 Nov."
              }
            ]
          }
        },
        "IPDSharingStatementModule":{
          "IPDSharing":"No"
        }
      },
      "DerivedSection":{
        "MiscInfoModule":{
          "VersionHolder":"April 19, 2021"
        },
        "ConditionBrowseModule":{
          "ConditionMeshList":{
            "ConditionMesh":[
              {
                "ConditionMeshId":"D000011183",
                "ConditionMeshTerm":"Postoperative Complications"
              }
            ]
          },
          "ConditionAncestorList":{
            "ConditionAncestor":[
              {
                "ConditionAncestorId":"D000010335",
                "ConditionAncestorTerm":"Pathologic Processes"
              }
            ]
          },
          "ConditionBrowseLeafList":{
            "ConditionBrowseLeaf":[
              {
                "ConditionBrowseLeafId":"M9755",
                "ConditionBrowseLeafName":"Lung Neoplasms",
                "ConditionBrowseLeafRelevance":"low"
              },{
                "ConditionBrowseLeafId":"M12648",
                "ConditionBrowseLeafName":"Postoperative Complications",
                "ConditionBrowseLeafAsFound":"Post-Op Complication",
                "ConditionBrowseLeafRelevance":"high"
              }
            ]
          },
          "ConditionBrowseBranchList":{
            "ConditionBrowseBranch":[
              {
                "ConditionBrowseBranchAbbrev":"BC04",
                "ConditionBrowseBranchName":"Cancers and Other Neoplasms"
              },{
                "ConditionBrowseBranchAbbrev":"BC08",
                "ConditionBrowseBranchName":"Respiratory Tract (Lung and Bronchial) Diseases"
              },{
                "ConditionBrowseBranchAbbrev":"All",
                "ConditionBrowseBranchName":"All Conditions"
              },{
                "ConditionBrowseBranchAbbrev":"BC23",
                "ConditionBrowseBranchName":"Symptoms and General Pathology"
              }
            ]
          }
        }
      }
    }
  }
}

