{
  "FullStudy":{
    "Rank":1730,
    "Study":{
      "ProtocolSection":{
        "IdentificationModule":{
          "NCTId":"NCT04827446",
          "OrgStudyIdInfo":{
            "OrgStudyId":"UMCC 2020.157"
          },
          "SecondaryIdInfoList":{
            "SecondaryIdInfo":[
              {
                "SecondaryId":"HUM00191617",
                "SecondaryIdType":"Other Identifier",
                "SecondaryIdDomain":"UM IRB"
              },{
                "SecondaryId":"R44CA236557",
                "SecondaryIdType":"U.S. NIH Grant/Contract",
                "SecondaryIdLink":"https://projectreporter.nih.gov/reporterapi.cfm?PROJECTNUM=R44CA236557&Fy=all"
              }
            ]
          },
          "Organization":{
            "OrgFullName":"University of Michigan Rogel Cancer Center",
            "OrgClass":"OTHER"
          },
          "BriefTitle":"Lighting Intervention for Cancer-related Fatigue",
          "OfficialTitle":"A Randomized Trial Of The SYNC APP"
        },
        "StatusModule":{
          "StatusVerifiedDate":"March 2021",
          "OverallStatus":"Not yet recruiting",
          "ExpandedAccessInfo":{
            "HasExpandedAccess":"No"
          },
          "StartDateStruct":{
            "StartDate":"April 2021",
            "StartDateType":"Anticipated"
          },
          "PrimaryCompletionDateStruct":{
            "PrimaryCompletionDate":"January 2023",
            "PrimaryCompletionDateType":"Anticipated"
          },
          "CompletionDateStruct":{
            "CompletionDate":"January 2023",
            "CompletionDateType":"Anticipated"
          },
          "StudyFirstSubmitDate":"March 29, 2021",
          "StudyFirstSubmitQCDate":"March 29, 2021",
          "StudyFirstPostDateStruct":{
            "StudyFirstPostDate":"April 1, 2021",
            "StudyFirstPostDateType":"Actual"
          },
          "LastUpdateSubmitDate":"March 29, 2021",
          "LastUpdatePostDateStruct":{
            "LastUpdatePostDate":"April 1, 2021",
            "LastUpdatePostDateType":"Actual"
          }
        },
        "SponsorCollaboratorsModule":{
          "ResponsibleParty":{
            "ResponsiblePartyType":"Sponsor"
          },
          "LeadSponsor":{
            "LeadSponsorName":"University of Michigan Rogel Cancer Center",
            "LeadSponsorClass":"OTHER"
          },
          "CollaboratorList":{
            "Collaborator":[
              {
                "CollaboratorName":"Arcascope, Inc",
                "CollaboratorClass":"UNKNOWN"
              },{
                "CollaboratorName":"National Cancer Institute (NCI)",
                "CollaboratorClass":"NIH"
              }
            ]
          }
        },
        "OversightModule":{
          "IsFDARegulatedDrug":"No",
          "IsFDARegulatedDevice":"No"
        },
        "DescriptionModule":{
          "BriefSummary":"Fatigue is a major problem for cancer patients, and one that can persist long after treatment ends. Recent work has demonstrated that light therapy may mitigate or reduce fatigue levels in both cancer patients and cancer survivors. This protocol seeks to assess how lighting interventions distributed through a mobile app affect fatigue, sleep, and quality of life across three populations of cancer patients: breast cancer and prostate cancer, and patients who have undergone autologous hematopoietic stem cell transplant (HSCT). Participants will be randomized 1:1 to either the interventional SYNC app or to a control app."
        },
        "ConditionsModule":{
          "ConditionList":{
            "Condition":[
              "Breast Cancer",
              "Prostate Cancer",
              "Hematologic Malignancy",
              "Survivorship",
              "Fatigue"
            ]
          },
          "KeywordList":{
            "Keyword":[
              "Fatigue",
              "light therapy",
              "mobile app"
            ]
          }
        },
        "DesignModule":{
          "StudyType":"Interventional",
          "PhaseList":{
            "Phase":[
              "Not Applicable"
            ]
          },
          "DesignInfo":{
            "DesignAllocation":"Randomized",
            "DesignInterventionModel":"Parallel Assignment",
            "DesignInterventionModelDescription":"Blocked randomization will be used to limit bias and achieve an equal distribution of participants to the intervention and control arms of the study (69 control, 69 intervention; with 23 from each cancer population in each arm). This approach will recruit participants in small blocks to ensure that half of the participants within each block will be allocated to the treatment and the other half to the control.",
            "DesignPrimaryPurpose":"Supportive Care",
            "DesignMaskingInfo":{
              "DesignMasking":"Single",
              "DesignWhoMaskedList":{
                "DesignWhoMasked":[
                  "Participant"
                ]
              }
            }
          },
          "EnrollmentInfo":{
            "EnrollmentCount":"138",
            "EnrollmentType":"Anticipated"
          }
        },
        "ArmsInterventionsModule":{
          "ArmGroupList":{
            "ArmGroup":[
              {
                "ArmGroupLabel":"Intervention Arm",
                "ArmGroupType":"Experimental",
                "ArmGroupDescription":"Light intervention delivered through SYNC app + blue-light blocking glasses.",
                "ArmGroupInterventionList":{
                  "ArmGroupInterventionName":[
                    "Other: Wearable Sensor",
                    "Other: Blue-blocking glasses",
                    "Other: Full SYNC app"
                  ]
                }
              },{
                "ArmGroupLabel":"Control Arm",
                "ArmGroupType":"Active Comparator",
                "ArmGroupDescription":"Placebo light intervention delivered through SYNC app + clear glasses.",
                "ArmGroupInterventionList":{
                  "ArmGroupInterventionName":[
                    "Other: Wearable Sensor",
                    "Other: Clear glasses",
                    "Other: \"Dummy\" SYNC app"
                  ]
                }
              }
            ]
          },
          "InterventionList":{
            "Intervention":[
              {
                "InterventionType":"Other",
                "InterventionName":"Wearable Sensor",
                "InterventionDescription":"Patient is given a wearable device to wear for 12 weeks.",
                "InterventionArmGroupLabelList":{
                  "InterventionArmGroupLabel":[
                    "Control Arm",
                    "Intervention Arm"
                  ]
                },
                "InterventionOtherNameList":{
                  "InterventionOtherName":[
                    "Apple Watch or Fitbit Charge 3"
                  ]
                }
              },{
                "InterventionType":"Other",
                "InterventionName":"Blue-blocking glasses",
                "InterventionDescription":"Patient is given blue-blocking glasses to wear at instructed times.",
                "InterventionArmGroupLabelList":{
                  "InterventionArmGroupLabel":[
                    "Intervention Arm"
                  ]
                }
              },{
                "InterventionType":"Other",
                "InterventionName":"Clear glasses",
                "InterventionDescription":"Patient is given glasses that block no visible light.",
                "InterventionArmGroupLabelList":{
                  "InterventionArmGroupLabel":[
                    "Control Arm"
                  ]
                }
              },{
                "InterventionType":"Other",
                "InterventionName":"Full SYNC app",
                "InterventionDescription":"Patient downloads the SYNC app and is given light interventions designed to have a targeted, personalized effect on the circadian clock.",
                "InterventionArmGroupLabelList":{
                  "InterventionArmGroupLabel":[
                    "Intervention Arm"
                  ]
                }
              },{
                "InterventionType":"Other",
                "InterventionName":"\"Dummy\" SYNC app",
                "InterventionDescription":"Patient downloads the SYNC app and is given light interventions designed to have minimal impact on the circadian clock.",
                "InterventionArmGroupLabelList":{
                  "InterventionArmGroupLabel":[
                    "Control Arm"
                  ]
                }
              }
            ]
          }
        },
        "OutcomesModule":{
          "PrimaryOutcomeList":{
            "PrimaryOutcome":[
              {
                "PrimaryOutcomeMeasure":"Change in fatigue assessed with Patient-Reported Outcomes Measurement Information System (PROMIS) Short Form (SF) Fatigue 4a",
                "PrimaryOutcomeDescription":"The change from baseline in PROMIS 4-item Fatigue scores will enable the investigators to quantify the effects of the light interventions delivered by SYNC on patient fatigue. The final fatigue score is represented by the T-score, a standardized score with a mean of 50 and a standard deviation of 10 points. The average change in PROMIS fatigue T scores will be calculated for each arm. A negative change (lower scores) represents improvement in symptoms; a positive change (higher scores) represents worsening of symptoms. The study will have power of 0.80, assuming a two-sided Type I error rate of 0.05, to detect an effect size of half the standard deviation between the intervention and control arms if the accrual goal is reached.",
                "PrimaryOutcomeTimeFrame":"baseline, weekly to 12 weeks"
              }
            ]
          },
          "SecondaryOutcomeList":{
            "SecondaryOutcome":[
              {
                "SecondaryOutcomeMeasure":"Change in level of sleep disturbance using PROMIS SF Sleep Disturbance 8a",
                "SecondaryOutcomeDescription":"8-item PROMIS sleep disturbance questionnaire completed on the first day and last day of the patient's time on study. Each item is on a scale of 1 - 5, best (1) to worst (5).",
                "SecondaryOutcomeTimeFrame":"baseline to 12 weeks"
              },{
                "SecondaryOutcomeMeasure":"Change in level of anxiety using PROMIS SF Anxiety 7a",
                "SecondaryOutcomeDescription":"7-item PROMIS anxiety questionnaire completed on the first day and last day of the patient's time on study. Each item is on a scale of 1 - 5, best (1) to worst (5).",
                "SecondaryOutcomeTimeFrame":"baseline to 12 weeks"
              },{
                "SecondaryOutcomeMeasure":"Change in level of depression using PROMIS SF Depression 8a",
                "SecondaryOutcomeDescription":"8-item PROMIS depression questionnaire completed on the first day and last day of the patient's time on study. Each item is on a scale of 1 - 5, best (1) to worst (5).",
                "SecondaryOutcomeTimeFrame":"baseline to 12 weeks"
              },{
                "SecondaryOutcomeMeasure":"Change in level of physical function using PROMIS SF Physical Function 8b",
                "SecondaryOutcomeDescription":"8-item PROMIS physical function questionnaire completed on the first day and last day of the patient's time on study. Each item is on a scale of 1 - 5, best (1) to worst (5).",
                "SecondaryOutcomeTimeFrame":"baseline to 12 weeks"
              },{
                "SecondaryOutcomeMeasure":"Change in overall health metrics using PROMIS Global-10",
                "SecondaryOutcomeDescription":"PROMIS Global-10 is a 10-question survey used as an overall evaluation of one's physical and mental health. Raw scores are converted to T-scores. Higher scores reflect better functioning.",
                "SecondaryOutcomeTimeFrame":"baseline to 12 weeks"
              }
            ]
          }
        },
        "EligibilityModule":{
          "EligibilityCriteria":"Inclusion Criteria\n\nMust own an iPhone and be willing to complete surveys on it, per the protocol.\nSleep aid usage will be allowed as long as the patient has been on a stable dose for at least 4 weeks prior to enrollment and agrees to continue the same dose during the study.\nA response of at least 4 on a 10 point scale (with 0 = not tired at all and 10 = extremely tired) to the question \"How tired did you feel in the past week?\"\nBreast cancer population: Diagnosed with stage 1-3 breast cancer in the last 10 years, without metastatic disease. Chemotherapy or radiation therapy, if indicated, must have been completed at least 3 months prior to enrollment. Concomitant anti-HER2 therapy and/or anti-endocrine therapy is permitted.\nProstate cancer population: Undergoing androgen deprivation therapy (ADT) for at least three months and are anticipated to remain on ADT for the duration of the trial. Concomitant additional anti-androgen therapy (e.g., enzalutamide) is permitted.\nAutologous HSCT population: Participants must be from the University of Michigan Blood and Marrow Transplant Program.\n\nExclusion Criteria\n\nThe patient cannot be undergoing chemotherapy.\nThe patient must have no evidence of disease progression or recurrence. Specifically for the prostate cancer population, the patient must have no evidence of disease progression on their current ADT regimen at the time of enrollment.",
          "HealthyVolunteers":"No",
          "Gender":"All",
          "MinimumAge":"18 Years",
          "StdAgeList":{
            "StdAge":[
              "Adult",
              "Older Adult"
            ]
          }
        },
        "ContactsLocationsModule":{
          "OverallOfficialList":{
            "OverallOfficial":[
              {
                "OverallOfficialName":"Sung Choi, MD",
                "OverallOfficialAffiliation":"University of Michigan Rogel Cancer Center",
                "OverallOfficialRole":"Principal Investigator"
              }
            ]
          },
          "LocationList":{
            "Location":[
              {
                "LocationFacility":"University of Michigan Rogel Cancer Center",
                "LocationCity":"Ann Arbor",
                "LocationState":"Michigan",
                "LocationZip":"48109",
                "LocationCountry":"United States",
                "LocationContactList":{
                  "LocationContact":[
                    {
                      "LocationContactName":"Sung Won Choi, M.D., M.S.",
                      "LocationContactRole":"Contact",
                      "LocationContactPhone":"734-615-5707"
                    },{
                      "LocationContactName":"Study Coordinator",
                      "LocationContactRole":"Contact",
                      "LocationContactPhone":"734-936-2263",
                      "LocationContactEMail":"SYNC-Study@med.umich.edu"
                    },{
                      "LocationContactName":"Sung Won Choi, M.D., M.S.",
                      "LocationContactRole":"Principal Investigator"
                    }
                  ]
                }
              }
            ]
          }
        },
        "ReferencesModule":{
          "SeeAlsoLinkList":{
            "SeeAlsoLink":[
              {
                "SeeAlsoLinkLabel":"Related Info",
                "SeeAlsoLinkURL":"http://www.arcascope.com/"
              }
            ]
          }
        },
        "IPDSharingStatementModule":{
          "IPDSharing":"No"
        }
      },
      "DerivedSection":{
        "MiscInfoModule":{
          "VersionHolder":"April 19, 2021"
        },
        "ConditionBrowseModule":{
          "ConditionMeshList":{
            "ConditionMesh":[
              {
                "ConditionMeshId":"D000019337",
                "ConditionMeshTerm":"Hematologic Neoplasms"
              },{
                "ConditionMeshId":"D000005221",
                "ConditionMeshTerm":"Fatigue"
              }
            ]
          },
          "ConditionAncestorList":{
            "ConditionAncestor":[
              {
                "ConditionAncestorId":"D000009371",
                "ConditionAncestorTerm":"Neoplasms by Site"
              },{
                "ConditionAncestorId":"D000009369",
                "ConditionAncestorTerm":"Neoplasms"
              },{
                "ConditionAncestorId":"D000006402",
                "ConditionAncestorTerm":"Hematologic Diseases"
              }
            ]
          },
          "ConditionBrowseLeafList":{
            "ConditionBrowseLeaf":[
              {
                "ConditionBrowseLeafId":"M3802",
                "ConditionBrowseLeafName":"Breast Neoplasms",
                "ConditionBrowseLeafRelevance":"low"
              },{
                "ConditionBrowseLeafId":"M6947",
                "ConditionBrowseLeafName":"Fatigue",
                "ConditionBrowseLeafAsFound":"Fatigue",
                "ConditionBrowseLeafRelevance":"high"
              },{
                "ConditionBrowseLeafId":"M12918",
                "ConditionBrowseLeafName":"Prostatic Neoplasms",
                "ConditionBrowseLeafRelevance":"low"
              },{
                "ConditionBrowseLeafId":"M19898",
                "ConditionBrowseLeafName":"Hematologic Neoplasms",
                "ConditionBrowseLeafAsFound":"Hematologic Malignancies",
                "ConditionBrowseLeafRelevance":"high"
              },{
                "ConditionBrowseLeafId":"M8073",
                "ConditionBrowseLeafName":"Hematologic Diseases",
                "ConditionBrowseLeafRelevance":"low"
              }
            ]
          },
          "ConditionBrowseBranchList":{
            "ConditionBrowseBranch":[
              {
                "ConditionBrowseBranchAbbrev":"BC04",
                "ConditionBrowseBranchName":"Cancers and Other Neoplasms"
              },{
                "ConditionBrowseBranchAbbrev":"BC17",
                "ConditionBrowseBranchName":"Skin and Connective Tissue Diseases"
              },{
                "ConditionBrowseBranchAbbrev":"All",
                "ConditionBrowseBranchName":"All Conditions"
              },{
                "ConditionBrowseBranchAbbrev":"BC23",
                "ConditionBrowseBranchName":"Symptoms and General Pathology"
              },{
                "ConditionBrowseBranchAbbrev":"BXS",
                "ConditionBrowseBranchName":"Urinary Tract, Sexual Organs, and Pregnancy Conditions"
              },{
                "ConditionBrowseBranchAbbrev":"BC15",
                "ConditionBrowseBranchName":"Blood and Lymph Conditions"
              }
            ]
          }
        },
        "InterventionBrowseModule":{
          "InterventionMeshList":{
            "InterventionMesh":[
              {
                "InterventionMeshId":"D000008694",
                "InterventionMeshTerm":"Methamphetamine"
              }
            ]
          },
          "InterventionAncestorList":{
            "InterventionAncestor":[
              {
                "InterventionAncestorId":"D000000697",
                "InterventionAncestorTerm":"Central Nervous System Stimulants"
              },{
                "InterventionAncestorId":"D000045505",
                "InterventionAncestorTerm":"Physiological Effects of Drugs"
              },{
                "InterventionAncestorId":"D000013566",
                "InterventionAncestorTerm":"Sympathomimetics"
              },{
                "InterventionAncestorId":"D000001337",
                "InterventionAncestorTerm":"Autonomic Agents"
              },{
                "InterventionAncestorId":"D000018373",
                "InterventionAncestorTerm":"Peripheral Nervous System Agents"
              },{
                "InterventionAncestorId":"D000015259",
                "InterventionAncestorTerm":"Dopamine Agents"
              },{
                "InterventionAncestorId":"D000018377",
                "InterventionAncestorTerm":"Neurotransmitter Agents"
              },{
                "InterventionAncestorId":"D000045504",
                "InterventionAncestorTerm":"Molecular Mechanisms of Pharmacological Action"
              },{
                "InterventionAncestorId":"D000018663",
                "InterventionAncestorTerm":"Adrenergic Agents"
              },{
                "InterventionAncestorId":"D000018759",
                "InterventionAncestorTerm":"Adrenergic Uptake Inhibitors"
              },{
                "InterventionAncestorId":"D000014179",
                "InterventionAncestorTerm":"Neurotransmitter Uptake Inhibitors"
              },{
                "InterventionAncestorId":"D000049990",
                "InterventionAncestorTerm":"Membrane Transport Modulators"
              },{
                "InterventionAncestorId":"D000018765",
                "InterventionAncestorTerm":"Dopamine Uptake Inhibitors"
              }
            ]
          },
          "InterventionBrowseLeafList":{
            "InterventionBrowseLeaf":[
              {
                "InterventionBrowseLeafId":"M10257",
                "InterventionBrowseLeafName":"Methamphetamine",
                "InterventionBrowseLeafAsFound":"American",
                "InterventionBrowseLeafRelevance":"high"
              },{
                "InterventionBrowseLeafId":"M2610",
                "InterventionBrowseLeafName":"Central Nervous System Stimulants",
                "InterventionBrowseLeafRelevance":"low"
              },{
                "InterventionBrowseLeafId":"M14928",
                "InterventionBrowseLeafName":"Sympathomimetics",
                "InterventionBrowseLeafRelevance":"low"
              },{
                "InterventionBrowseLeafId":"M6056",
                "InterventionBrowseLeafName":"Dopamine",
                "InterventionBrowseLeafRelevance":"low"
              },{
                "InterventionBrowseLeafId":"M16545",
                "InterventionBrowseLeafName":"Dopamine Agents",
                "InterventionBrowseLeafRelevance":"low"
              },{
                "InterventionBrowseLeafId":"M19088",
                "InterventionBrowseLeafName":"Neurotransmitter Agents",
                "InterventionBrowseLeafRelevance":"low"
              },{
                "InterventionBrowseLeafId":"M19330",
                "InterventionBrowseLeafName":"Adrenergic Agents",
                "InterventionBrowseLeafRelevance":"low"
              },{
                "InterventionBrowseLeafId":"M19416",
                "InterventionBrowseLeafName":"Dopamine Uptake Inhibitors",
                "InterventionBrowseLeafRelevance":"low"
              }
            ]
          },
          "InterventionBrowseBranchList":{
            "InterventionBrowseBranch":[
              {
                "InterventionBrowseBranchAbbrev":"CNSSti",
                "InterventionBrowseBranchName":"Central Nervous System Stimulants"
              },{
                "InterventionBrowseBranchAbbrev":"All",
                "InterventionBrowseBranchName":"All Drugs and Chemicals"
              },{
                "InterventionBrowseBranchAbbrev":"CaAg",
                "InterventionBrowseBranchName":"Cardiotonic Agents"
              }
            ]
          }
        }
      }
    }
  }
}

