{
  "FullStudy":{
    "Rank":2285,
    "Study":{
      "ProtocolSection":{
        "IdentificationModule":{
          "NCTId":"NCT04820218",
          "OrgStudyIdInfo":{
            "OrgStudyId":"EYEQUE - 008"
          },
          "Organization":{
            "OrgFullName":"EyeQue Corp.",
            "OrgClass":"INDUSTRY"
          },
          "BriefTitle":"At-home Testing Refraction Results With Best Corrected Visual Acuity (BCVA) Outcomes in Adults",
          "OfficialTitle":"An Open Label Study to Evaluate At-home Testing Refraction Results With Best Corrected Visual Acuity (BCVA) Outcomes in Adults"
        },
        "StatusModule":{
          "StatusVerifiedDate":"March 2021",
          "OverallStatus":"Not yet recruiting",
          "ExpandedAccessInfo":{
            "HasExpandedAccess":"No"
          },
          "StartDateStruct":{
            "StartDate":"April 1, 2021",
            "StartDateType":"Anticipated"
          },
          "PrimaryCompletionDateStruct":{
            "PrimaryCompletionDate":"July 31, 2021",
            "PrimaryCompletionDateType":"Anticipated"
          },
          "CompletionDateStruct":{
            "CompletionDate":"July 31, 2021",
            "CompletionDateType":"Anticipated"
          },
          "StudyFirstSubmitDate":"March 23, 2021",
          "StudyFirstSubmitQCDate":"March 24, 2021",
          "StudyFirstPostDateStruct":{
            "StudyFirstPostDate":"March 29, 2021",
            "StudyFirstPostDateType":"Actual"
          },
          "LastUpdateSubmitDate":"March 24, 2021",
          "LastUpdatePostDateStruct":{
            "LastUpdatePostDate":"March 29, 2021",
            "LastUpdatePostDateType":"Actual"
          }
        },
        "SponsorCollaboratorsModule":{
          "ResponsibleParty":{
            "ResponsiblePartyType":"Sponsor"
          },
          "LeadSponsor":{
            "LeadSponsorName":"EyeQue Corp.",
            "LeadSponsorClass":"INDUSTRY"
          }
        },
        "OversightModule":{
          "OversightHasDMC":"No",
          "IsFDARegulatedDrug":"No",
          "IsFDARegulatedDevice":"Yes",
          "IsUSExport":"No"
        },
        "DescriptionModule":{
          "BriefSummary":"This study is aimed at examining the BCVA from try-on glasses constructed from measurements from the EyeQue VisionCheck.",
          "DetailedDescription":"This study is aimed at examining the BCVA from try-on glasses constructed from measurements from the EyeQue VisionCheck. The refraction measurements that users obtain from the VisionCheck are from testing at-home and without additional guidance other than that normally provided to those purchasing the device."
        },
        "ConditionsModule":{
          "ConditionList":{
            "Condition":[
              "Visual Impairment",
              "Myopia",
              "Hyperopia",
              "Astigmatism"
            ]
          }
        },
        "DesignModule":{
          "StudyType":"Interventional",
          "PhaseList":{
            "Phase":[
              "Not Applicable"
            ]
          },
          "DesignInfo":{
            "DesignAllocation":"N/A",
            "DesignInterventionModel":"Single Group Assignment",
            "DesignInterventionModelDescription":"Subjects who had previously tested with an EyeQue ophthalmic refraction device and ordered try-on glasses will be asked to measure their visual acuity with and without their try-on glasses.",
            "DesignPrimaryPurpose":"Diagnostic",
            "DesignMaskingInfo":{
              "DesignMasking":"None (Open Label)"
            }
          },
          "EnrollmentInfo":{
            "EnrollmentCount":"100",
            "EnrollmentType":"Anticipated"
          }
        },
        "ArmsInterventionsModule":{
          "ArmGroupList":{
            "ArmGroup":[
              {
                "ArmGroupLabel":"Without Try-on glasses",
                "ArmGroupType":"Other",
                "ArmGroupDescription":"Subjects will be asked to measure their visual acuity without their try-on glasses",
                "ArmGroupInterventionList":{
                  "ArmGroupInterventionName":[
                    "Device: With Try-on glasses"
                  ]
                }
              }
            ]
          },
          "InterventionList":{
            "Intervention":[
              {
                "InterventionType":"Device",
                "InterventionName":"With Try-on glasses",
                "InterventionDescription":"Subjects will be asked to measure their visual acuity with their try-on glasses",
                "InterventionArmGroupLabelList":{
                  "InterventionArmGroupLabel":[
                    "Without Try-on glasses"
                  ]
                }
              }
            ]
          }
        },
        "OutcomesModule":{
          "PrimaryOutcomeList":{
            "PrimaryOutcome":[
              {
                "PrimaryOutcomeMeasure":"Visual Acuity with and without try-on glasses",
                "PrimaryOutcomeDescription":"Visual Acuity with and without try-on glasses",
                "PrimaryOutcomeTimeFrame":"Visit 1: Day 0"
              }
            ]
          }
        },
        "EligibilityModule":{
          "EligibilityCriteria":"Inclusion Criteria:\n\nMale or Female\nAges 30+\nHad purchased an EyeQue refraction device.\nObtained EGN's from the EyeQue refraction device.\nOrdered Try-On glasses based on EyeQue EyeGlass Numbers.\nAllow use for this study the VisionCheck refraction and try-on glasses measurements, taken prior to study participation.\n\nSubject Exclusion Criteria, Subjects that by self-report:\n\nDo not have a command of the English language.\nLack the ability to follow instructions.\nLack binocular vision.\nAre Color-blind.",
          "HealthyVolunteers":"Accepts Healthy Volunteers",
          "Gender":"All",
          "MinimumAge":"30 Years",
          "StdAgeList":{
            "StdAge":[
              "Adult",
              "Older Adult"
            ]
          }
        },
        "ContactsLocationsModule":{
          "CentralContactList":{
            "CentralContact":[
              {
                "CentralContactName":"Paul TANPIENGCO",
                "CentralContactRole":"Contact",
                "CentralContactPhone":"5104558168",
                "CentralContactEMail":"paul.tanpiengco@eyeque.com"
              }
            ]
          },
          "OverallOfficialList":{
            "OverallOfficial":[
              {
                "OverallOfficialName":"Noam Sapiens, PhD",
                "OverallOfficialAffiliation":"EyeQue Corporation",
                "OverallOfficialRole":"Principal Investigator"
              }
            ]
          },
          "LocationList":{
            "Location":[
              {
                "LocationFacility":"EyeQue",
                "LocationCity":"Newark",
                "LocationState":"California",
                "LocationZip":"94560",
                "LocationCountry":"United States"
              }
            ]
          }
        },
        "IPDSharingStatementModule":{
          "IPDSharing":"No"
        }
      },
      "DerivedSection":{
        "MiscInfoModule":{
          "VersionHolder":"April 19, 2021"
        },
        "ConditionBrowseModule":{
          "ConditionMeshList":{
            "ConditionMesh":[
              {
                "ConditionMeshId":"D000014786",
                "ConditionMeshTerm":"Vision Disorders"
              },{
                "ConditionMeshId":"D000015354",
                "ConditionMeshTerm":"Vision, Low"
              },{
                "ConditionMeshId":"D000001251",
                "ConditionMeshTerm":"Astigmatism"
              },{
                "ConditionMeshId":"D000006956",
                "ConditionMeshTerm":"Hyperopia"
              }
            ]
          },
          "ConditionAncestorList":{
            "ConditionAncestor":[
              {
                "ConditionAncestorId":"D000012030",
                "ConditionAncestorTerm":"Refractive Errors"
              },{
                "ConditionAncestorId":"D000005128",
                "ConditionAncestorTerm":"Eye Diseases"
              },{
                "ConditionAncestorId":"D000012678",
                "ConditionAncestorTerm":"Sensation Disorders"
              },{
                "ConditionAncestorId":"D000009461",
                "ConditionAncestorTerm":"Neurologic Manifestations"
              },{
                "ConditionAncestorId":"D000009422",
                "ConditionAncestorTerm":"Nervous System Diseases"
              }
            ]
          },
          "ConditionBrowseLeafList":{
            "ConditionBrowseLeaf":[
              {
                "ConditionBrowseLeafId":"M3139",
                "ConditionBrowseLeafName":"Astigmatism",
                "ConditionBrowseLeafAsFound":"Astigmatism",
                "ConditionBrowseLeafRelevance":"high"
              },{
                "ConditionBrowseLeafId":"M10751",
                "ConditionBrowseLeafName":"Myopia",
                "ConditionBrowseLeafRelevance":"low"
              },{
                "ConditionBrowseLeafId":"M16625",
                "ConditionBrowseLeafName":"Vision, Low",
                "ConditionBrowseLeafAsFound":"Visual Impairment",
                "ConditionBrowseLeafRelevance":"high"
              },{
                "ConditionBrowseLeafId":"M8590",
                "ConditionBrowseLeafName":"Hyperopia",
                "ConditionBrowseLeafAsFound":"Hyperopia",
                "ConditionBrowseLeafRelevance":"high"
              },{
                "ConditionBrowseLeafId":"M16113",
                "ConditionBrowseLeafName":"Vision Disorders",
                "ConditionBrowseLeafAsFound":"Visual Impairment",
                "ConditionBrowseLeafRelevance":"high"
              },{
                "ConditionBrowseLeafId":"M13455",
                "ConditionBrowseLeafName":"Refractive Errors",
                "ConditionBrowseLeafRelevance":"low"
              },{
                "ConditionBrowseLeafId":"M6854",
                "ConditionBrowseLeafName":"Eye Diseases",
                "ConditionBrowseLeafRelevance":"low"
              },{
                "ConditionBrowseLeafId":"M14073",
                "ConditionBrowseLeafName":"Sensation Disorders",
                "ConditionBrowseLeafRelevance":"low"
              },{
                "ConditionBrowseLeafId":"M10987",
                "ConditionBrowseLeafName":"Neurologic Manifestations",
                "ConditionBrowseLeafRelevance":"low"
              }
            ]
          },
          "ConditionBrowseBranchList":{
            "ConditionBrowseBranch":[
              {
                "ConditionBrowseBranchAbbrev":"BC11",
                "ConditionBrowseBranchName":"Eye Diseases"
              },{
                "ConditionBrowseBranchAbbrev":"All",
                "ConditionBrowseBranchName":"All Conditions"
              },{
                "ConditionBrowseBranchAbbrev":"BC10",
                "ConditionBrowseBranchName":"Nervous System Diseases"
              },{
                "ConditionBrowseBranchAbbrev":"BC23",
                "ConditionBrowseBranchName":"Symptoms and General Pathology"
              }
            ]
          }
        }
      }
    }
  }
}

