{
  "FullStudy":{
    "Rank":2036,
    "Study":{
      "ProtocolSection":{
        "IdentificationModule":{
          "NCTId":"NCT04823468",
          "OrgStudyIdInfo":{
            "OrgStudyId":"FYYY-FLK-202001"
          },
          "Organization":{
            "OrgFullName":"First Affiliated Hospital of Fujian Medical University",
            "OrgClass":"OTHER"
          },
          "BriefTitle":"Effect of Oral Nutritional Supplements on Body Weight Loss of Patients With Nasopharyngeal Carcinoma",
          "OfficialTitle":"Effect of Oral Nutritional Supplements From the Beginning of Radiotherapy on Body Weight Loss of Patients With Nasopharyngeal Carcinoma and Its Cost-effectiveness Analysis: A Prospective Multicenter Randomized Controlled Trial"
        },
        "StatusModule":{
          "StatusVerifiedDate":"March 2021",
          "OverallStatus":"Not yet recruiting",
          "ExpandedAccessInfo":{
            "HasExpandedAccess":"No"
          },
          "StartDateStruct":{
            "StartDate":"April 2021",
            "StartDateType":"Anticipated"
          },
          "PrimaryCompletionDateStruct":{
            "PrimaryCompletionDate":"April 2023",
            "PrimaryCompletionDateType":"Anticipated"
          },
          "CompletionDateStruct":{
            "CompletionDate":"July 2023",
            "CompletionDateType":"Anticipated"
          },
          "StudyFirstSubmitDate":"March 26, 2021",
          "StudyFirstSubmitQCDate":"March 26, 2021",
          "StudyFirstPostDateStruct":{
            "StudyFirstPostDate":"March 30, 2021",
            "StudyFirstPostDateType":"Actual"
          },
          "LastUpdateSubmitDate":"March 26, 2021",
          "LastUpdatePostDateStruct":{
            "LastUpdatePostDate":"March 30, 2021",
            "LastUpdatePostDateType":"Actual"
          }
        },
        "SponsorCollaboratorsModule":{
          "ResponsibleParty":{
            "ResponsiblePartyType":"Sponsor-Investigator",
            "ResponsiblePartyInvestigatorFullName":"Jinsheng Hong",
            "ResponsiblePartyInvestigatorTitle":"Professor",
            "ResponsiblePartyInvestigatorAffiliation":"First Affiliated Hospital of Fujian Medical University"
          },
          "LeadSponsor":{
            "LeadSponsorName":"Jinsheng Hong",
            "LeadSponsorClass":"OTHER"
          },
          "CollaboratorList":{
            "Collaborator":[
              {
                "CollaboratorName":"Fujian Cancer Hospital",
                "CollaboratorClass":"OTHER_GOV"
              },{
                "CollaboratorName":"The Second Affiliated Hospital of Fujian Medical University",
                "CollaboratorClass":"OTHER"
              },{
                "CollaboratorName":"The Nanping First Affiliated Hospital of Fujian Medical University",
                "CollaboratorClass":"UNKNOWN"
              },{
                "CollaboratorName":"Quanzhou First Hospital Affiliated to Fujian Medical University",
                "CollaboratorClass":"UNKNOWN"
              },{
                "CollaboratorName":"Fujian Medical University Union Hospital",
                "CollaboratorClass":"OTHER"
              },{
                "CollaboratorName":"Zhangzhou Affiliated Hospital of Fujian Medical University",
                "CollaboratorClass":"OTHER"
              },{
                "CollaboratorName":"Hunan Cancer Hospital",
                "CollaboratorClass":"OTHER"
              },{
                "CollaboratorName":"Jiangxi Provincial Cancer Hospital",
                "CollaboratorClass":"OTHER"
              },{
                "CollaboratorName":"900th hospital of the joint logistics team, PLA",
                "CollaboratorClass":"UNKNOWN"
              },{
                "CollaboratorName":"Nanfang Hospital of Southern Medical University",
                "CollaboratorClass":"OTHER"
              },{
                "CollaboratorName":"The First Affiliated Hospital of Xiamen University",
                "CollaboratorClass":"OTHER"
              },{
                "CollaboratorName":"Zhongshan Hospital Xiamen University",
                "CollaboratorClass":"OTHER"
              }
            ]
          }
        },
        "OversightModule":{
          "IsFDARegulatedDrug":"No",
          "IsFDARegulatedDevice":"No"
        },
        "DescriptionModule":{
          "BriefSummary":"Concurrent chemoradiotherapy(CCRT) is the principal treatment for nasopharyngeal carcinoma(NPC). Studies have shown that malnutrition is very common in patients with NPC after chemoradiotherapy. Malnutrition can lead to weight loss, treatment interruption, prolonged stay in hospital, increased treatment costs, reduced tolerance to anti-tumor therapy, reduced quality of life and shortened survival time. Nutritional intervention can improve the nutritional status, reduce treatment-related toxicity and improve the survival of patients with NPC.\n\nThe first choice of nutritional intervention is oral nutritional supplements(ONS). Some retrospective studies with small samples have found that early nutritional intervention can reduce weight loss and severe oral mucositis in patients with NPC, compared with late nutritional intervention. Therefore, we proposed the hypothesis that ONS from the beginning of radiotherapy can reduce the nutritional impairment, treatment-related toxicity and treatment costs of patients with NPC, and improve their quality of life. The aim of this multicenter randomized controlled clinical trial is to evaluate the efficacy and cost utility of ONS from the beginning to the end of radiotherapy."
        },
        "ConditionsModule":{
          "ConditionList":{
            "Condition":[
              "Nasopharyngeal Carcinoma",
              "Nutritional Support"
            ]
          },
          "KeywordList":{
            "Keyword":[
              "Nasopharyngeal Carcinoma",
              "Nutritional Support",
              "Chemoradiotherapy",
              "Dietary Supplements",
              "Body Weight",
              "Cost-Effectiveness Analysis"
            ]
          }
        },
        "DesignModule":{
          "StudyType":"Interventional",
          "PhaseList":{
            "Phase":[
              "Not Applicable"
            ]
          },
          "DesignInfo":{
            "DesignAllocation":"Randomized",
            "DesignInterventionModel":"Parallel Assignment",
            "DesignPrimaryPurpose":"Treatment",
            "DesignMaskingInfo":{
              "DesignMasking":"None (Open Label)"
            }
          },
          "EnrollmentInfo":{
            "EnrollmentCount":"214",
            "EnrollmentType":"Anticipated"
          }
        },
        "ArmsInterventionsModule":{
          "ArmGroupList":{
            "ArmGroup":[
              {
                "ArmGroupLabel":"Experimental group",
                "ArmGroupType":"Experimental",
                "ArmGroupDescription":"In addition to conventional dietary instruction and individualized nutritional counselling, patients were given additional ONS(Abbott®Ensure of 6 scoops tid)from the beginning to the end of radiotherapy.",
                "ArmGroupInterventionList":{
                  "ArmGroupInterventionName":[
                    "Dietary Supplement: Abbott®Ensure",
                    "Radiation: Intensity Modulated Radiation Therapy",
                    "Drug: cisplatin"
                  ]
                }
              },{
                "ArmGroupLabel":"Control group",
                "ArmGroupType":"Other",
                "ArmGroupDescription":"Conventional dietary instruction and individualized nutritional counselling from the beginning to the end of radiotherapy.",
                "ArmGroupInterventionList":{
                  "ArmGroupInterventionName":[
                    "Radiation: Intensity Modulated Radiation Therapy",
                    "Drug: cisplatin"
                  ]
                }
              }
            ]
          },
          "InterventionList":{
            "Intervention":[
              {
                "InterventionType":"Dietary Supplement",
                "InterventionName":"Abbott®Ensure",
                "InterventionDescription":"Abbott®Ensure: 6 scoops each time, three times a day, from the beginning to the end of radiotherapy",
                "InterventionArmGroupLabelList":{
                  "InterventionArmGroupLabel":[
                    "Experimental group"
                  ]
                }
              },{
                "InterventionType":"Radiation",
                "InterventionName":"Intensity Modulated Radiation Therapy",
                "InterventionDescription":"The prescribed dose was 66-72 Gy to Planning target volume of the primary tumor (PTVnx), 66-72 Gy to Planning target volume of the cervical lymph node (PTVnd), 60-62 Gy to planning target volume 1 (PTV1), and 50-56 Gy to planning target volume 2 (PTV2) in 30-33 fractions. The details of dose limits for organs at risk were based on the study 0225 from The Radiation Therapy Oncology Group (RTOG 0225).",
                "InterventionArmGroupLabelList":{
                  "InterventionArmGroupLabel":[
                    "Control group",
                    "Experimental group"
                  ]
                }
              },{
                "InterventionType":"Drug",
                "InterventionName":"cisplatin",
                "InterventionDescription":"80-100 mg/m² cisplatin given intravenously every 3 weeks concurrently with radiotherapy.",
                "InterventionArmGroupLabelList":{
                  "InterventionArmGroupLabel":[
                    "Control group",
                    "Experimental group"
                  ]
                }
              }
            ]
          }
        },
        "OutcomesModule":{
          "PrimaryOutcomeList":{
            "PrimaryOutcome":[
              {
                "PrimaryOutcomeMeasure":"Incidence of weight loss > 5%",
                "PrimaryOutcomeDescription":"The percentage of patients whose body weight decreased more than 5% over baseline, body weight (in kilograms) are measured at baseline and weekly during the course of radiotherapy",
                "PrimaryOutcomeTimeFrame":"From time of randomization to the date of radiotherapy ends, up to 7 weeks"
              }
            ]
          },
          "SecondaryOutcomeList":{
            "SecondaryOutcome":[
              {
                "SecondaryOutcomeMeasure":"PG-SGA Score",
                "SecondaryOutcomeDescription":"The scores assessed by Patient-Generated Subjective Nutrition Assessment (PG-SGA) at baseline and weekly during the course of radiotherapy",
                "SecondaryOutcomeTimeFrame":"From time of randomization to the date of radiotherapy ends, up to 7 weeks"
              },{
                "SecondaryOutcomeMeasure":"Incidence of participants with grade ≥3 oral mucositis",
                "SecondaryOutcomeDescription":"Incidence of grade 3-4 oral mucositis assessed by CTCAE v5.0, evaluated weekly during radiotherapy",
                "SecondaryOutcomeTimeFrame":"During the course of radiotherapy, up to 7 weeks"
              },{
                "SecondaryOutcomeMeasure":"Days of radiotherapy interruption",
                "SecondaryOutcomeDescription":"The number of days that radiotherapy was interrupted due to treatment-related toxicity",
                "SecondaryOutcomeTimeFrame":"During the course of radiotherapy, up to 7 weeks"
              },{
                "SecondaryOutcomeMeasure":"Score of the European Organization for Research and Treatment of Cancer Quality of Life Questionnaire Core 30 v3.0 (EORTC QLQ-C30 v3.0)",
                "SecondaryOutcomeDescription":"The standard scores assessed by the EORTC QLQ-C30 v3.0 at baseline and the end of radiotherapy.",
                "SecondaryOutcomeTimeFrame":"From time of randomization to the date of radiotherapy ends, up to 7 weeks"
              },{
                "SecondaryOutcomeMeasure":"Total cost",
                "SecondaryOutcomeDescription":"All treatment-related cost during concurrent chemoradiotherapy",
                "SecondaryOutcomeTimeFrame":"During the course of chemoradiotherapy, up to 7 weeks"
              },{
                "SecondaryOutcomeMeasure":"Incremental Cost-Effectiveness Ratio (ICER)",
                "SecondaryOutcomeDescription":"The incremental cost-effectiveness ratio is used to assess the economics of ONS, which is calculated as incremental cost divided by incremental utility.",
                "SecondaryOutcomeTimeFrame":"During the course of chemoradiotherapy, up to 7 weeks"
              }
            ]
          }
        },
        "EligibilityModule":{
          "EligibilityCriteria":"Inclusion Criteria:\n\nNewly histologic diagnosis of nasopharyngeal carcinoma;\nClinical stage II-IVa according to the 8th edition of the Union for International Cancer Control/American Joint Committee on Cancer (UICC/AJCC) staging system;\nAll genders, range from 18-70 years old;\nPatient-Generated Subjective Nutrition Assessment (PG-SGA) score ≤8;\nWithout severe digestive system diseases, metabolic diseases or endocrine diseases;\nCooperate with the investigation;\nSigned inform consent form.\n\nExclusion Criteria:\n\nHave or are suffering from other malignant tumors;\nHave not completed radiotherapy;\nWithout concurrent chemoradiotherapy;\nDiabetics;\nCannot take oral or enteral nutrition, including intestinal obstruction, severe short bowel syndrome or high output fistula;\nGalactosemia;\nKnown allergic reaction to any component of Abbott®Ensure, or severe allergic constitution;\nUnable to cooperate with the investigation or considered to be unsuitable to participate by physicians.",
          "HealthyVolunteers":"No",
          "Gender":"All",
          "MinimumAge":"18 Years",
          "MaximumAge":"70 Years",
          "StdAgeList":{
            "StdAge":[
              "Adult",
              "Older Adult"
            ]
          }
        },
        "ContactsLocationsModule":{
          "CentralContactList":{
            "CentralContact":[
              {
                "CentralContactName":"Jinsheng Hong",
                "CentralContactRole":"Contact",
                "CentralContactPhone":"+8613799375732",
                "CentralContactEMail":"13799375732@163.com"
              }
            ]
          },
          "OverallOfficialList":{
            "OverallOfficial":[
              {
                "OverallOfficialName":"Jinsheng Hong",
                "OverallOfficialAffiliation":"First Affiliated Hospital of Fujian Medical University",
                "OverallOfficialRole":"Principal Investigator"
              }
            ]
          },
          "LocationList":{
            "Location":[
              {
                "LocationFacility":"Fujian Medical University Union Hospital",
                "LocationCity":"Fuzhou",
                "LocationState":"Fujian",
                "LocationZip":"350001",
                "LocationCountry":"China",
                "LocationContactList":{
                  "LocationContact":[
                    {
                      "LocationContactName":"Benhua Xu",
                      "LocationContactRole":"Contact",
                      "LocationContactPhone":"13696884375",
                      "LocationContactEMail":"benhuaxu@163.com"
                    }
                  ]
                }
              },{
                "LocationFacility":"Jinsheng Hong",
                "LocationCity":"Fuzhou",
                "LocationState":"Fujian",
                "LocationZip":"350005",
                "LocationCountry":"China",
                "LocationContactList":{
                  "LocationContact":[
                    {
                      "LocationContactName":"Jinsheng Hong",
                      "LocationContactRole":"Contact",
                      "LocationContactPhone":"+86 13799375732",
                      "LocationContactEMail":"13799375732@163.com"
                    },{
                      "LocationContactName":"Li Su",
                      "LocationContactRole":"Contact",
                      "LocationContactPhone":"+86 13950396918",
                      "LocationContactEMail":"lily2230@126.com"
                    }
                  ]
                }
              },{
                "LocationFacility":"Fujian Cancer Hospital",
                "LocationCity":"Fuzhou",
                "LocationState":"Fujian",
                "LocationZip":"350014",
                "LocationCountry":"China",
                "LocationContactList":{
                  "LocationContact":[
                    {
                      "LocationContactName":"Shaojun Lin",
                      "LocationContactRole":"Contact",
                      "LocationContactPhone":"13860603879",
                      "LocationContactEMail":"linshaojun@yeah.net"
                    }
                  ]
                }
              },{
                "LocationFacility":"900th hospital of the joint logistics team, PLA",
                "LocationCity":"Fuzhou",
                "LocationState":"Fujian",
                "LocationZip":"350025",
                "LocationCountry":"China",
                "LocationContactList":{
                  "LocationContact":[
                    {
                      "LocationContactName":"Zhichao Fu",
                      "LocationContactRole":"Contact",
                      "LocationContactPhone":"13774562945",
                      "LocationContactEMail":"fauster1112@126.com"
                    }
                  ]
                }
              },{
                "LocationFacility":"The Nanping First Affiliated Hospital of Fujian Medical University",
                "LocationCity":"Nanping",
                "LocationState":"Fujian",
                "LocationZip":"353000",
                "LocationCountry":"China",
                "LocationContactList":{
                  "LocationContact":[
                    {
                      "LocationContactName":"Rongqiang Liu",
                      "LocationContactRole":"Contact",
                      "LocationContactPhone":"18960610588",
                      "LocationContactEMail":"jiniris@163.com"
                    }
                  ]
                }
              },{
                "LocationFacility":"Quanzhou First Hospital Affiliated to Fujian Medical University",
                "LocationCity":"Quanzhou",
                "LocationState":"Fujian",
                "LocationZip":"362000",
                "LocationCountry":"China",
                "LocationContactList":{
                  "LocationContact":[
                    {
                      "LocationContactName":"Zilong Chen",
                      "LocationContactRole":"Contact",
                      "LocationContactPhone":"13505039984",
                      "LocationContactEMail":"czll1234@163.com"
                    }
                  ]
                }
              },{
                "LocationFacility":"The Second Affiliated Hospital of Fujian Medical University",
                "LocationCity":"Quanzhou",
                "LocationState":"Fujian",
                "LocationZip":"362000",
                "LocationCountry":"China",
                "LocationContactList":{
                  "LocationContact":[
                    {
                      "LocationContactName":"Zhigang Bai",
                      "LocationContactRole":"Contact",
                      "LocationContactPhone":"13805969375",
                      "LocationContactEMail":"drbpc65@126.com"
                    }
                  ]
                }
              },{
                "LocationFacility":"The First Affiliated Hospital of Xiamen University",
                "LocationCity":"Xiamen",
                "LocationState":"Fujian",
                "LocationZip":"361003",
                "LocationCountry":"China",
                "LocationContactList":{
                  "LocationContact":[
                    {
                      "LocationContactName":"Qin Lin",
                      "LocationContactRole":"Contact",
                      "LocationContactPhone":"13806000926",
                      "LocationContactEMail":"linqin05@163.com"
                    }
                  ]
                }
              },{
                "LocationFacility":"Zhongshan Hospital Xiamen University",
                "LocationCity":"Xiamen",
                "LocationState":"Fujian",
                "LocationZip":"361004",
                "LocationCountry":"China",
                "LocationContactList":{
                  "LocationContact":[
                    {
                      "LocationContactName":"Haijie Lu",
                      "LocationContactRole":"Contact",
                      "LocationContactPhone":"13696982871",
                      "LocationContactEMail":"luhaijiedr@163.com"
                    }
                  ]
                }
              },{
                "LocationFacility":"Zhangzhou Affiliated Hospital of Fujian Medical University",
                "LocationCity":"Zhangzhou",
                "LocationState":"Fujian",
                "LocationZip":"363000",
                "LocationCountry":"China",
                "LocationContactList":{
                  "LocationContact":[
                    {
                      "LocationContactName":"Jianli Huang",
                      "LocationContactRole":"Contact",
                      "LocationContactPhone":"13606959887",
                      "LocationContactEMail":"zzhuangjl@163.com"
                    }
                  ]
                }
              },{
                "LocationFacility":"Nanfang Hospital of Southern Medical University",
                "LocationCity":"Guangzhou",
                "LocationState":"Guangdong",
                "LocationZip":"510515",
                "LocationCountry":"China",
                "LocationContactList":{
                  "LocationContact":[
                    {
                      "LocationContactName":"Jian Guan",
                      "LocationContactRole":"Contact",
                      "LocationContactPhone":"13632102247",
                      "LocationContactEMail":"51643930@qq.com"
                    }
                  ]
                }
              },{
                "LocationFacility":"Hunan Cancer Hospital",
                "LocationCity":"Changsha",
                "LocationState":"Hunan",
                "LocationZip":"410013",
                "LocationCountry":"China",
                "LocationContactList":{
                  "LocationContact":[
                    {
                      "LocationContactName":"Yaqian Han",
                      "LocationContactRole":"Contact",
                      "LocationContactPhone":"18673176667",
                      "LocationContactEMail":"hanyaqiancs@163.com"
                    }
                  ]
                }
              },{
                "LocationFacility":"Jiangxi Provincial Cancer Hospital",
                "LocationCity":"Nanchang",
                "LocationState":"Jiangxi",
                "LocationZip":"330029",
                "LocationCountry":"China",
                "LocationContactList":{
                  "LocationContact":[
                    {
                      "LocationContactName":"Xiaochang Gong",
                      "LocationContactRole":"Contact",
                      "LocationContactPhone":"13970020755",
                      "LocationContactEMail":"gxcanddw@163.com"
                    }
                  ]
                }
              }
            ]
          }
        },
        "IPDSharingStatementModule":{
          "IPDSharing":"No"
        }
      },
      "DerivedSection":{
        "MiscInfoModule":{
          "VersionHolder":"April 19, 2021"
        },
        "ConditionBrowseModule":{
          "ConditionMeshList":{
            "ConditionMesh":[
              {
                "ConditionMeshId":"D000002277",
                "ConditionMeshTerm":"Carcinoma"
              },{
                "ConditionMeshId":"D000077274",
                "ConditionMeshTerm":"Nasopharyngeal Carcinoma"
              },{
                "ConditionMeshId":"D000015431",
                "ConditionMeshTerm":"Weight Loss"
              },{
                "ConditionMeshId":"D000001835",
                "ConditionMeshTerm":"Body Weight"
              }
            ]
          },
          "ConditionAncestorList":{
            "ConditionAncestor":[
              {
                "ConditionAncestorId":"D000009375",
                "ConditionAncestorTerm":"Neoplasms, Glandular and Epithelial"
              },{
                "ConditionAncestorId":"D000009370",
                "ConditionAncestorTerm":"Neoplasms by Histologic Type"
              },{
                "ConditionAncestorId":"D000009369",
                "ConditionAncestorTerm":"Neoplasms"
              },{
                "ConditionAncestorId":"D000001836",
                "ConditionAncestorTerm":"Body Weight Changes"
              },{
                "ConditionAncestorId":"D000009303",
                "ConditionAncestorTerm":"Nasopharyngeal Neoplasms"
              },{
                "ConditionAncestorId":"D000010610",
                "ConditionAncestorTerm":"Pharyngeal Neoplasms"
              },{
                "ConditionAncestorId":"D000010039",
                "ConditionAncestorTerm":"Otorhinolaryngologic Neoplasms"
              },{
                "ConditionAncestorId":"D000006258",
                "ConditionAncestorTerm":"Head and Neck Neoplasms"
              },{
                "ConditionAncestorId":"D000009371",
                "ConditionAncestorTerm":"Neoplasms by Site"
              },{
                "ConditionAncestorId":"D000009302",
                "ConditionAncestorTerm":"Nasopharyngeal Diseases"
              },{
                "ConditionAncestorId":"D000010608",
                "ConditionAncestorTerm":"Pharyngeal Diseases"
              },{
                "ConditionAncestorId":"D000009057",
                "ConditionAncestorTerm":"Stomatognathic Diseases"
              },{
                "ConditionAncestorId":"D000010038",
                "ConditionAncestorTerm":"Otorhinolaryngologic Diseases"
              }
            ]
          },
          "ConditionBrowseLeafList":{
            "ConditionBrowseLeaf":[
              {
                "ConditionBrowseLeafId":"M4116",
                "ConditionBrowseLeafName":"Carcinoma",
                "ConditionBrowseLeafAsFound":"Carcinoma",
                "ConditionBrowseLeafRelevance":"high"
              },{
                "ConditionBrowseLeafId":"M3696",
                "ConditionBrowseLeafName":"Body Weight",
                "ConditionBrowseLeafAsFound":"Body Weight",
                "ConditionBrowseLeafRelevance":"high"
              },{
                "ConditionBrowseLeafId":"M16685",
                "ConditionBrowseLeafName":"Weight Loss",
                "ConditionBrowseLeafAsFound":"Weight Loss",
                "ConditionBrowseLeafRelevance":"high"
              },{
                "ConditionBrowseLeafId":"M1730",
                "ConditionBrowseLeafName":"Nasopharyngeal Carcinoma",
                "ConditionBrowseLeafAsFound":"Nasopharyngeal Carcinoma",
                "ConditionBrowseLeafRelevance":"high"
              },{
                "ConditionBrowseLeafId":"M10903",
                "ConditionBrowseLeafName":"Neoplasms, Glandular and Epithelial",
                "ConditionBrowseLeafRelevance":"low"
              },{
                "ConditionBrowseLeafId":"M10898",
                "ConditionBrowseLeafName":"Neoplasms by Histologic Type",
                "ConditionBrowseLeafRelevance":"low"
              },{
                "ConditionBrowseLeafId":"M3697",
                "ConditionBrowseLeafName":"Body Weight Changes",
                "ConditionBrowseLeafRelevance":"low"
              },{
                "ConditionBrowseLeafId":"M10837",
                "ConditionBrowseLeafName":"Nasopharyngeal Neoplasms",
                "ConditionBrowseLeafRelevance":"low"
              },{
                "ConditionBrowseLeafId":"M12100",
                "ConditionBrowseLeafName":"Pharyngeal Neoplasms",
                "ConditionBrowseLeafRelevance":"low"
              },{
                "ConditionBrowseLeafId":"M11545",
                "ConditionBrowseLeafName":"Otorhinolaryngologic Neoplasms",
                "ConditionBrowseLeafRelevance":"low"
              },{
                "ConditionBrowseLeafId":"M7931",
                "ConditionBrowseLeafName":"Head and Neck Neoplasms",
                "ConditionBrowseLeafRelevance":"low"
              },{
                "ConditionBrowseLeafId":"M10836",
                "ConditionBrowseLeafName":"Nasopharyngeal Diseases",
                "ConditionBrowseLeafRelevance":"low"
              },{
                "ConditionBrowseLeafId":"M12098",
                "ConditionBrowseLeafName":"Pharyngeal Diseases",
                "ConditionBrowseLeafRelevance":"low"
              },{
                "ConditionBrowseLeafId":"M10600",
                "ConditionBrowseLeafName":"Stomatognathic Diseases",
                "ConditionBrowseLeafRelevance":"low"
              },{
                "ConditionBrowseLeafId":"M11544",
                "ConditionBrowseLeafName":"Otorhinolaryngologic Diseases",
                "ConditionBrowseLeafRelevance":"low"
              },{
                "ConditionBrowseLeafId":"T4047",
                "ConditionBrowseLeafName":"Nasopharyngeal Carcinoma",
                "ConditionBrowseLeafAsFound":"Nasopharyngeal Carcinoma",
                "ConditionBrowseLeafRelevance":"high"
              }
            ]
          },
          "ConditionBrowseBranchList":{
            "ConditionBrowseBranch":[
              {
                "ConditionBrowseBranchAbbrev":"BC04",
                "ConditionBrowseBranchName":"Cancers and Other Neoplasms"
              },{
                "ConditionBrowseBranchAbbrev":"All",
                "ConditionBrowseBranchName":"All Conditions"
              },{
                "ConditionBrowseBranchAbbrev":"BC23",
                "ConditionBrowseBranchName":"Symptoms and General Pathology"
              },{
                "ConditionBrowseBranchAbbrev":"BC07",
                "ConditionBrowseBranchName":"Mouth and Tooth Diseases"
              },{
                "ConditionBrowseBranchAbbrev":"BC09",
                "ConditionBrowseBranchName":"Ear, Nose, and Throat Diseases"
              },{
                "ConditionBrowseBranchAbbrev":"Rare",
                "ConditionBrowseBranchName":"Rare Diseases"
              }
            ]
          }
        },
        "InterventionBrowseModule":{
          "InterventionMeshList":{
            "InterventionMesh":[
              {
                "InterventionMeshId":"D000002945",
                "InterventionMeshTerm":"Cisplatin"
              }
            ]
          },
          "InterventionAncestorList":{
            "InterventionAncestor":[
              {
                "InterventionAncestorId":"D000000970",
                "InterventionAncestorTerm":"Antineoplastic Agents"
              }
            ]
          },
          "InterventionBrowseLeafList":{
            "InterventionBrowseLeaf":[
              {
                "InterventionBrowseLeafId":"M4765",
                "InterventionBrowseLeafName":"Cisplatin",
                "InterventionBrowseLeafAsFound":"Per",
                "InterventionBrowseLeafRelevance":"high"
              }
            ]
          },
          "InterventionBrowseBranchList":{
            "InterventionBrowseBranch":[
              {
                "InterventionBrowseBranchAbbrev":"ANeo",
                "InterventionBrowseBranchName":"Antineoplastic Agents"
              },{
                "InterventionBrowseBranchAbbrev":"All",
                "InterventionBrowseBranchName":"All Drugs and Chemicals"
              }
            ]
          }
        }
      }
    }
  }
}

