{
  "FullStudy":{
    "Rank":2159,
    "Study":{
      "ProtocolSection":{
        "IdentificationModule":{
          "NCTId":"NCT04821869",
          "OrgStudyIdInfo":{
            "OrgStudyId":"002"
          },
          "Organization":{
            "OrgFullName":"Pulmonary Research Institute of Southeast Michigan",
            "OrgClass":"OTHER"
          },
          "BriefTitle":"ProAir Digihaler in COPD Disease Management: A Real World Study",
          "OfficialTitle":"ProAir Digihaler in COPD Disease Management: A Real World Study to Assess ProAir Digihaler Inhalation Parameters Thresholds and Their Use to Identify Deterioration in Clinical Practice"
        },
        "StatusModule":{
          "StatusVerifiedDate":"March 2021",
          "OverallStatus":"Not yet recruiting",
          "ExpandedAccessInfo":{
            "HasExpandedAccess":"No"
          },
          "StartDateStruct":{
            "StartDate":"May 1, 2021",
            "StartDateType":"Anticipated"
          },
          "PrimaryCompletionDateStruct":{
            "PrimaryCompletionDate":"March 31, 2022",
            "PrimaryCompletionDateType":"Anticipated"
          },
          "CompletionDateStruct":{
            "CompletionDate":"March 31, 2022",
            "CompletionDateType":"Anticipated"
          },
          "StudyFirstSubmitDate":"March 19, 2021",
          "StudyFirstSubmitQCDate":"March 25, 2021",
          "StudyFirstPostDateStruct":{
            "StudyFirstPostDate":"March 30, 2021",
            "StudyFirstPostDateType":"Actual"
          },
          "LastUpdateSubmitDate":"April 14, 2021",
          "LastUpdatePostDateStruct":{
            "LastUpdatePostDate":"April 19, 2021",
            "LastUpdatePostDateType":"Estimate"
          }
        },
        "SponsorCollaboratorsModule":{
          "ResponsibleParty":{
            "ResponsiblePartyType":"Sponsor"
          },
          "LeadSponsor":{
            "LeadSponsorName":"Pulmonary Research Institute of Southeast Michigan",
            "LeadSponsorClass":"OTHER"
          },
          "CollaboratorList":{
            "Collaborator":[
              {
                "CollaboratorName":"Teva Branded Pharmaceutical Products R&D, Inc.",
                "CollaboratorClass":"INDUSTRY"
              }
            ]
          }
        },
        "OversightModule":{
          "OversightHasDMC":"No",
          "IsFDARegulatedDrug":"Yes",
          "IsFDARegulatedDevice":"Yes",
          "IsUSExport":"Yes"
        },
        "DescriptionModule":{
          "BriefSummary":"A pilot study to explore the utilization of the TEVA ProAir Digihaler rescue medication use and inhalation parameters to identify disease deterioration to help in the management of COPD patients in clinical practice. The study is designed to follow a small sample size of patients with COPD, monitor and collect inhalation parameters from the Digihaler dashboard, and changes in symptom control as measured by the COPD Assessment Test (CAT) to identify potential inhalation parameter thresholds that could be applied to the management of patients with COPD in clinical practice.",
          "DetailedDescription":"The trial is an unblinded open label single center study designed to identify trends in Peak Inspiratory Flow (PIF) rates and Rescue Albuterol Inhaler usage (Inhalations) that associate with disease deterioration as defined by worsening of symptoms and reduced lung function in patients with COPD.\n\nThe study will consist of a run-in period of approximately 2 weeks, a treatment period of 6 months and a follow-up period of 1 week. Twenty (20) patients with COPD requiring intermittent short acting beta agonist (SABA) rescue inhaler usage, but not requiring frequent SABA nebulizer rescue usage, will be enrolled.\n\nAfter signing informed consent, patients will undergo a screening evaluation. During the run-in period, patients will continue on their COPD maintenance treatments, while discontinuing all previously prescribed periodic use rescue medications. Upon completion of screening, all patients will be dispensed a ProAir Digihaler to be used exclusively as their rescue medication throughout the duration of the study. During the run-in period all rescue inhaler usage will be electronically monitored and patient data from the Digihaler Dashboard will be downloaded every other business day basis (Monday, Wednesday and Friday).\n\nAt the completion of at least 2 weeks of run-in (with a minimum of at least 8 rescue inhaler usages) and with documentation of stable clinical status throughout run-in, the patient will return for baseline testing; including vital signs, health related quality of life and Anthonisen Exacerbation questionnaires, pre and post bronchodilator spirometry and 6-minute walk testing (see table/flow chart). Average Peak Inspiratory Flow (Baseline PIF) and average Number of Rescue Inhalations per day (Baseline Inhalations) will be determined from the Digihaler Dashboard Data downloads during run-in.\n\nIn the event that the patient does not meet number of rescue inhaler usages or does not have a stable clinical status during run-in, an additional 2 weeks of run-in may be obtained. If at the end of the extended run-in period so that Baseline PIF and Baseline Inhalations cannot be determined or the patient continues to be clinically unstable, the patient will be discontinued from the study. If the patient has an upper respiratory tract infection or COPD exacerbation during run-in, they will also be discontinued from the study. Patients may be re-screened one time at a later date, when stable.\n\nOnce run-in and baseline testing are complete, all patients will continue on their maintenance COPD medications and use the ProAir Digihaler rescue SABA exclusively for the next 6 months. Patients will be provided with paper forms of the CAT, BCSS and Anthonisen Exacerbation criteria, to be completed at home on a weekly basis and mailed to the research center upon completion).\n\nThroughout the treatment period, all rescue inhaler usage will be electronically transmitted to, monitored at and downloaded from the Digihaler Dashboard by the research center on every other business day basis (Monday, Wednesday and Friday). At the completion of each Digihaler Dashboard Data Download, comparisons of Daily PIF (average PIF of all rescue inhalations in a day) and Daily Inhalations (number of rescue inhalations in a day) to Baseline PIF and Baseline Inhalations will be made.\n\nAll patients with Daily Inhalations exceeding Baseline Inhalations by ≥4 Inhalations per day and/or with a Daily PIF ≤80% of Baseline PIF for 2 consecutive days will be DEFINED as \"at risk\". For each \"at risk\" event, the patient will be contacted, their health status reviewed, and CAT and Anthonisen Exacerbation questionnaires will be administered. Based on symptoms, patients may also be advised to seek additional medical care.\n\nAll patients will be contacted on a monthly basis, irrespective of \"risk\" findings and seen in person every 3 months. All medication usage (including ProAir Digihaler medication usage), changes in medical care, healthcare contacts and usage, and any adverse events will be recorded. All office records for the intervening time period will be reviewed and Information for any non-office healthcare contacts and usage will be requested to provide detailed clinical information for comparison to Digihaler usage records.\n\nAt months 3 and 6 on treatment, all subjects will return to the research center, where vital signs, Anthonisen Exacerbation and CAT questionnaires, and post bronchodilator spirometry will be assessed. All medication usage (including ProAir Digihaler medication usage), changes in medical care, healthcare contacts and usage, and any adverse events will be recorded. All office records for the intervening time period will be reviewed and Information for any non-office healthcare contacts and usage will be requested to provide detailed clinical information for comparison to Digihaler usage records. Three (3) new ProAir Digihalers will be dispensed at month 3.\n\nThroughout the treatment period, all rescue inhaler usage will be electronically monitored and downloaded from the Digihaler Dashboard by the research center on an every other business day basis (Monday, Wednesday and Friday). At the completion of each Digihaler Dashboard Data Download, comparisons of Daily PIF (average PIF of all rescue inhalations in a day) and Daily Inhalations (number of rescue inhalations in a day) to Baseline PIF and Baseline Inhalations will be made.\n\nAll patients with Daily Inhalations exceeding Baseline Inhalations by ≥4 Inhalations per day and/or with a Daily PIF ≤80% of Baseline PIF for 2 consecutive days will be DEFINED as \"at risk\". For each \"at risk\" event, the patient will be contacted, their health status reviewed, and CAT and Anthonisen Exacerbation questionnaires will be administered. Based on symptoms, patients may also be advised to seek additional medical care.\n\nAt the conclusion of the 6-month treatment period the patients will return to the research center for a final visit, returning all study medication not previously returned. The patient will be advised to resume usage of their prior rescue inhaler medication at that time. A telephone call will be made to the patient 1 week after their final in-person visit, to assess vital status and any adverse events that may have occurred subsequent to discontinuing the ProAir Digihaler."
        },
        "ConditionsModule":{
          "ConditionList":{
            "Condition":[
              "COPD",
              "COPD Exacerbation Acute"
            ]
          },
          "KeywordList":{
            "Keyword":[
              "COPD",
              "Digihaler",
              "Rescue Medication",
              "Disease Management"
            ]
          }
        },
        "DesignModule":{
          "StudyType":"Observational",
          "PatientRegistry":"No",
          "DesignInfo":{
            "DesignObservationalModelList":{
              "DesignObservationalModel":[
                "Cohort"
              ]
            },
            "DesignTimePerspectiveList":{
              "DesignTimePerspective":[
                "Prospective"
              ]
            }
          },
          "EnrollmentInfo":{
            "EnrollmentCount":"20",
            "EnrollmentType":"Anticipated"
          }
        },
        "ArmsInterventionsModule":{
          "InterventionList":{
            "Intervention":[
              {
                "InterventionType":"Drug",
                "InterventionName":"ProAir Digihaler",
                "InterventionDescription":"Monitor parameters transmitted from the Proair Digihaler to the Digihaler Dashboard, including peak inspiratory Flow, inspiratory volume and frequency of rescue use",
                "InterventionOtherNameList":{
                  "InterventionOtherName":[
                    "Digihaler Device"
                  ]
                }
              },{
                "InterventionType":"Device",
                "InterventionName":"Digihaler",
                "InterventionDescription":"Monitor parameters transmitted from the Proair Digihaler to the Digihaler Dashboard, including peak inspiratory Flow, inspiratory volume and frequency of rescue use",
                "InterventionOtherNameList":{
                  "InterventionOtherName":[
                    "Digihaler Dashboard"
                  ]
                }
              }
            ]
          }
        },
        "OutcomesModule":{
          "PrimaryOutcomeList":{
            "PrimaryOutcome":[
              {
                "PrimaryOutcomeMeasure":"Peak Inspiratory Flow (PIF)",
                "PrimaryOutcomeDescription":"Identify trends in Peak Inspiratory Flow (PIF) rates that associate with disease deterioration as defined by loss of symptom control and reduced lung function in patients with COPD",
                "PrimaryOutcomeTimeFrame":"6 months"
              }
            ]
          },
          "SecondaryOutcomeList":{
            "SecondaryOutcome":[
              {
                "SecondaryOutcomeMeasure":"COPD Assessment Test (CAT) score, range 0-40, higher score means worse",
                "SecondaryOutcomeDescription":"Describe specific changes in ProAir Digihaler PIF (e.g. 10, 20, or 30% reduction in PIF from baseline for a minimum of 2 consecutive days) to identify an optimal threshold for characterizing trends in acute changes in the COPD Assessment Test (CAT)",
                "SecondaryOutcomeTimeFrame":"6 months"
              },{
                "SecondaryOutcomeMeasure":"Puffs",
                "SecondaryOutcomeDescription":"Describe specific ProAir Digihaler SABA inhalations per day (Inhalations) above baseline (e.g. 2, 4 or 6 inhalations/day for a minimum of 2 consecutive days) to identify an optimal threshold for characterizing trends in acute changes in the CAT",
                "SecondaryOutcomeTimeFrame":"6 months"
              },{
                "SecondaryOutcomeMeasure":"IV",
                "SecondaryOutcomeDescription":"Describe specific changes in ProAir Digihaler Inhalation Volume (IV) (e.g. 10, 20, or 30% reduction in IV from baseline for a minimum of 2 consecutive days) to identify an optimal threshold for characterizing trends in acute changes in the CAT",
                "SecondaryOutcomeTimeFrame":"6 months"
              }
            ]
          },
          "OtherOutcomeList":{
            "OtherOutcome":[
              {
                "OtherOutcomeMeasure":"COPD symptoms and PIF",
                "OtherOutcomeDescription":"Determine if changes in the Breathlessness, Cough and Sputum Survey (BCSS) (range 0-40, higher score means worse) correlate with changes in peak inspiratory flow (PIF) as measured by the ProAir Digihaler",
                "OtherOutcomeTimeFrame":"6 month"
              },{
                "OtherOutcomeMeasure":"COPD symptoms and Puffs",
                "OtherOutcomeDescription":"Determine if changes in the Breathlessness, Cough and Sputum Survey (BCSS) score (range 0-40, higher score means worse) correlate with changes from baseline in daily SABA rescue inhaler use as measured by the ProAir Digihaler",
                "OtherOutcomeTimeFrame":"6 month"
              },{
                "OtherOutcomeMeasure":"COPD symptoms and IV",
                "OtherOutcomeDescription":"Determine if changes in the Breathlessness, Cough and Sputum Survey (BCSS) score (range 0-40, higher score means worse) correlate with changes from baseline in Inspiratory Volume as measured by the ProAir Digihaler",
                "OtherOutcomeTimeFrame":"6 months"
              },{
                "OtherOutcomeMeasure":"PIF versus IV",
                "OtherOutcomeDescription":"Determine if Inspiratory Capacity (IC) correlates to Inhalation Volume (IV) measured by the ProAir Digihaler, at baseline and during the study",
                "OtherOutcomeTimeFrame":"6 months"
              },{
                "OtherOutcomeMeasure":"COPD Assessment Test (CAT) Predictor",
                "OtherOutcomeDescription":"Determine whether ProAir Digihaler changes in PIF and in SABA use above baseline thresholds are influenced by baseline COPD condition, as measured by COPD Assessment Test (CAT)",
                "OtherOutcomeTimeFrame":"6 months"
              },{
                "OtherOutcomeMeasure":"Modified Medical Research Council Dyspnea Scale (mMRC) Predictor",
                "OtherOutcomeDescription":"Determine whether ProAir Digihaler changes in PIF and in SABA use above baseline thresholds are influenced by baseline COPD condition, as measured by Modified Medical Research Council Dyspnea Scale (mMRC)",
                "OtherOutcomeTimeFrame":"6 months"
              },{
                "OtherOutcomeMeasure":"GOLD group [A-D] Predictor",
                "OtherOutcomeDescription":"Determine whether ProAir Digihaler changes in PIF and in SABA use above baseline thresholds are influenced by baseline COPD condition, as measured by GOLD group [A-D]",
                "OtherOutcomeTimeFrame":"6 months"
              },{
                "OtherOutcomeMeasure":"FEV1 severity/GOLD grade [I-IV] Predictor",
                "OtherOutcomeDescription":"Determine whether ProAir Digihaler changes in PIF and in SABA use above baseline thresholds are influenced by baseline COPD condition, as measured by FEV1 severity/GOLD grade [I-IV]",
                "OtherOutcomeTimeFrame":"6 months"
              },{
                "OtherOutcomeMeasure":"BODE score Predictor",
                "OtherOutcomeDescription":"Determine whether ProAir Digihaler changes in PIF and in SABA use above baseline thresholds are influenced by baseline COPD condition, as measured by BODE score [Body Mass Index (BMI - calculated from weight in pounds x height in inches), Airway Obstruction (FEV1 % predicted), Dyspnea (mMRC scale 0-4), and Exercise Tolerance (6-minute walk in meters)] then derived from the BODE equation to determine the Bode score range 0-10)",
                "OtherOutcomeTimeFrame":"6 months"
              }
            ]
          }
        },
        "EligibilityModule":{
          "EligibilityCriteria":"Inclusion Criteria:\n\nDocumented history of COPD by ATS/GOLD criteria\nAge > 45 years\n\nPatient willing and able to:\n\nparticipate in the study, including all scheduled visits\ndemonstrate the ability to use the ProAir Digihaler, including transfer of Digihaler data via blue-tooth to a smart device\nperform all required testing, including spirometry and walk tests\ncomplete all home questionnaires and participate in all telephone contacts\nswitch current rescue inhaler/device to ProAir Digihaler\nBaseline spirometry consistent with COPD (post bronchodilator FEV1 < 80% predicted, FEV1/FVC <70%)\nUse of albuterol inhaler as primary device for administration of rescue therapy\nReported use of rescue inhaler at least twice (4 inhalations) a week in the previous 6 months\nAccess to smartphone with blue-tooth and cellular/internet access\n\nExclusion Criteria:\n\nAllergy, contraindication or inability to use albuterol sulfate\nFrequent use of a nebulizer as rescue therapy (>1 time per day)\nCurrent diagnosis of asthma\nUnstable medical condition that could prevent the completion of the research trial\nPregnancy, planning to become pregnant or breast feeding\nFailure to use rescue inhaler during Run-in period (minimum of at least 8 rescue inhaler inhalations over the 2 weeks)\nExacerbations that require discontinuation from study (during run-in period)",
          "HealthyVolunteers":"No",
          "Gender":"All",
          "MinimumAge":"45 Years",
          "StdAgeList":{
            "StdAge":[
              "Adult",
              "Older Adult"
            ]
          },
          "StudyPopulation":"Adults with COPD",
          "SamplingMethod":"Non-Probability Sample"
        },
        "ContactsLocationsModule":{
          "CentralContactList":{
            "CentralContact":[
              {
                "CentralContactName":"Gary T Ferguson, M.D.",
                "CentralContactRole":"Contact",
                "CentralContactPhone":"248-478-6561",
                "CentralContactEMail":"garytferguosn@msn.com"
              },{
                "CentralContactName":"Meena Krishnamony, M.S.",
                "CentralContactRole":"Contact",
                "CentralContactPhone":"248-478-6561",
                "CentralContactEMail":"pulmonary.research5@gmail.com"
              }
            ]
          },
          "OverallOfficialList":{
            "OverallOfficial":[
              {
                "OverallOfficialName":"Gary T Ferguson, M.D.",
                "OverallOfficialAffiliation":"Pulmonary Research Institute of Southeast Michigan",
                "OverallOfficialRole":"Principal Investigator"
              }
            ]
          }
        },
        "IPDSharingStatementModule":{
          "IPDSharing":"No",
          "IPDSharingDescription":"Data limited to study collaborative research organizations only"
        }
      },
      "DerivedSection":{
        "MiscInfoModule":{
          "VersionHolder":"April 19, 2021"
        },
        "ConditionBrowseModule":{
          "ConditionMeshList":{
            "ConditionMesh":[
              {
                "ConditionMeshId":"D000029424",
                "ConditionMeshTerm":"Pulmonary Disease, Chronic Obstructive"
              }
            ]
          },
          "ConditionAncestorList":{
            "ConditionAncestor":[
              {
                "ConditionAncestorId":"D000008173",
                "ConditionAncestorTerm":"Lung Diseases, Obstructive"
              },{
                "ConditionAncestorId":"D000008171",
                "ConditionAncestorTerm":"Lung Diseases"
              },{
                "ConditionAncestorId":"D000012140",
                "ConditionAncestorTerm":"Respiratory Tract Diseases"
              }
            ]
          },
          "ConditionBrowseLeafList":{
            "ConditionBrowseLeaf":[
              {
                "ConditionBrowseLeafId":"M25724",
                "ConditionBrowseLeafName":"Respiratory Aspiration",
                "ConditionBrowseLeafRelevance":"low"
              },{
                "ConditionBrowseLeafId":"M22033",
                "ConditionBrowseLeafName":"Pulmonary Disease, Chronic Obstructive",
                "ConditionBrowseLeafAsFound":"COPD",
                "ConditionBrowseLeafRelevance":"high"
              },{
                "ConditionBrowseLeafId":"M9751",
                "ConditionBrowseLeafName":"Lung Diseases",
                "ConditionBrowseLeafRelevance":"low"
              },{
                "ConditionBrowseLeafId":"M9753",
                "ConditionBrowseLeafName":"Lung Diseases, Obstructive",
                "ConditionBrowseLeafRelevance":"low"
              },{
                "ConditionBrowseLeafId":"M13560",
                "ConditionBrowseLeafName":"Respiratory Tract Diseases",
                "ConditionBrowseLeafRelevance":"low"
              }
            ]
          },
          "ConditionBrowseBranchList":{
            "ConditionBrowseBranch":[
              {
                "ConditionBrowseBranchAbbrev":"BC08",
                "ConditionBrowseBranchName":"Respiratory Tract (Lung and Bronchial) Diseases"
              },{
                "ConditionBrowseBranchAbbrev":"BC23",
                "ConditionBrowseBranchName":"Symptoms and General Pathology"
              },{
                "ConditionBrowseBranchAbbrev":"All",
                "ConditionBrowseBranchName":"All Conditions"
              }
            ]
          }
        },
        "InterventionBrowseModule":{
          "InterventionMeshList":{
            "InterventionMesh":[
              {
                "InterventionMeshId":"D000000420",
                "InterventionMeshTerm":"Albuterol"
              }
            ]
          },
          "InterventionAncestorList":{
            "InterventionAncestor":[
              {
                "InterventionAncestorId":"D000001993",
                "InterventionAncestorTerm":"Bronchodilator Agents"
              },{
                "InterventionAncestorId":"D000001337",
                "InterventionAncestorTerm":"Autonomic Agents"
              },{
                "InterventionAncestorId":"D000018373",
                "InterventionAncestorTerm":"Peripheral Nervous System Agents"
              },{
                "InterventionAncestorId":"D000045505",
                "InterventionAncestorTerm":"Physiological Effects of Drugs"
              },{
                "InterventionAncestorId":"D000018927",
                "InterventionAncestorTerm":"Anti-Asthmatic Agents"
              },{
                "InterventionAncestorId":"D000019141",
                "InterventionAncestorTerm":"Respiratory System Agents"
              },{
                "InterventionAncestorId":"D000058666",
                "InterventionAncestorTerm":"Adrenergic beta-2 Receptor Agonists"
              },{
                "InterventionAncestorId":"D000000318",
                "InterventionAncestorTerm":"Adrenergic beta-Agonists"
              },{
                "InterventionAncestorId":"D000000322",
                "InterventionAncestorTerm":"Adrenergic Agonists"
              },{
                "InterventionAncestorId":"D000018663",
                "InterventionAncestorTerm":"Adrenergic Agents"
              },{
                "InterventionAncestorId":"D000018377",
                "InterventionAncestorTerm":"Neurotransmitter Agents"
              },{
                "InterventionAncestorId":"D000045504",
                "InterventionAncestorTerm":"Molecular Mechanisms of Pharmacological Action"
              },{
                "InterventionAncestorId":"D000015149",
                "InterventionAncestorTerm":"Tocolytic Agents"
              },{
                "InterventionAncestorId":"D000012102",
                "InterventionAncestorTerm":"Reproductive Control Agents"
              }
            ]
          },
          "InterventionBrowseLeafList":{
            "InterventionBrowseLeaf":[
              {
                "InterventionBrowseLeafId":"M2348",
                "InterventionBrowseLeafName":"Albuterol",
                "InterventionBrowseLeafAsFound":"Fourth rib",
                "InterventionBrowseLeafRelevance":"high"
              },{
                "InterventionBrowseLeafId":"M18143",
                "InterventionBrowseLeafName":"Procaterol",
                "InterventionBrowseLeafRelevance":"low"
              },{
                "InterventionBrowseLeafId":"M3851",
                "InterventionBrowseLeafName":"Bronchodilator Agents",
                "InterventionBrowseLeafRelevance":"low"
              },{
                "InterventionBrowseLeafId":"M19547",
                "InterventionBrowseLeafName":"Anti-Asthmatic Agents",
                "InterventionBrowseLeafRelevance":"low"
              },{
                "InterventionBrowseLeafId":"M19721",
                "InterventionBrowseLeafName":"Respiratory System Agents",
                "InterventionBrowseLeafRelevance":"low"
              },{
                "InterventionBrowseLeafId":"M19330",
                "InterventionBrowseLeafName":"Adrenergic Agents",
                "InterventionBrowseLeafRelevance":"low"
              },{
                "InterventionBrowseLeafId":"M2251",
                "InterventionBrowseLeafName":"Adrenergic beta-Agonists",
                "InterventionBrowseLeafRelevance":"low"
              },{
                "InterventionBrowseLeafId":"M2254",
                "InterventionBrowseLeafName":"Adrenergic Agonists",
                "InterventionBrowseLeafRelevance":"low"
              },{
                "InterventionBrowseLeafId":"M19088",
                "InterventionBrowseLeafName":"Neurotransmitter Agents",
                "InterventionBrowseLeafRelevance":"low"
              },{
                "InterventionBrowseLeafId":"M16452",
                "InterventionBrowseLeafName":"Tocolytic Agents",
                "InterventionBrowseLeafRelevance":"low"
              }
            ]
          },
          "InterventionBrowseBranchList":{
            "InterventionBrowseBranch":[
              {
                "InterventionBrowseBranchAbbrev":"Repr",
                "InterventionBrowseBranchName":"Reproductive Control Agents"
              },{
                "InterventionBrowseBranchAbbrev":"Resp",
                "InterventionBrowseBranchName":"Respiratory System Agents"
              },{
                "InterventionBrowseBranchAbbrev":"All",
                "InterventionBrowseBranchName":"All Drugs and Chemicals"
              }
            ]
          }
        }
      }
    }
  }
}

