{
  "FullStudy":{
    "Rank":1801,
    "Study":{
      "ProtocolSection":{
        "IdentificationModule":{
          "NCTId":"NCT04826523",
          "OrgStudyIdInfo":{
            "OrgStudyId":"P20-444"
          },
          "Organization":{
            "OrgFullName":"AbbVie",
            "OrgClass":"INDUSTRY"
          },
          "BriefTitle":"Study of Oral Venetoclax Tablets to Evaluate Adverse Events and Change in Disease Activity in Participants Above 19 Years of Age With Acute Myeloid Leukemia (AML)",
          "OfficialTitle":"Venetoclax (Venclexta Tablet) Post-Marketing Surveillance for AML Patients"
        },
        "StatusModule":{
          "StatusVerifiedDate":"April 2021",
          "OverallStatus":"Recruiting",
          "ExpandedAccessInfo":{
            "HasExpandedAccess":"No"
          },
          "StartDateStruct":{
            "StartDate":"April 5, 2021",
            "StartDateType":"Actual"
          },
          "PrimaryCompletionDateStruct":{
            "PrimaryCompletionDate":"November 30, 2025",
            "PrimaryCompletionDateType":"Anticipated"
          },
          "CompletionDateStruct":{
            "CompletionDate":"November 30, 2025",
            "CompletionDateType":"Anticipated"
          },
          "StudyFirstSubmitDate":"March 31, 2021",
          "StudyFirstSubmitQCDate":"March 31, 2021",
          "StudyFirstPostDateStruct":{
            "StudyFirstPostDate":"April 1, 2021",
            "StudyFirstPostDateType":"Actual"
          },
          "LastUpdateSubmitDate":"April 15, 2021",
          "LastUpdatePostDateStruct":{
            "LastUpdatePostDate":"April 19, 2021",
            "LastUpdatePostDateType":"Estimate"
          }
        },
        "SponsorCollaboratorsModule":{
          "ResponsibleParty":{
            "ResponsiblePartyType":"Sponsor"
          },
          "LeadSponsor":{
            "LeadSponsorName":"AbbVie",
            "LeadSponsorClass":"INDUSTRY"
          }
        },
        "OversightModule":{
          "OversightHasDMC":"No",
          "IsFDARegulatedDrug":"No",
          "IsFDARegulatedDevice":"No",
          "IsUSExport":"No"
        },
        "DescriptionModule":{
          "BriefSummary":"Acute Myeloid Leukemia (AML) is an aggressive and rare cancer of myeloid cells (a white blood cell responsible for fighting infections). This study will assess how safe and effective oral venetoclax is in participants with AML . Adverse events and change in disease activity will be monitored under routine clinical practice.\n\nVenetoclax is an approved drug for treatment of Acute Myeloid Leukemia (AML). Around 600 participants of age 19 years and above will be enrolled in the study in multiple medical institutions across South Korea.\n\nParticipants will receive oral venetoclax tablets as prescribed by their physician in the routine clinical practice. Participants will be observed for 7 cycles ( each cycle is 28 days).\n\nThere may be higher treatment burden for participants in this trial compared to their standard of care. Participants will attend regular visits during the study at a hospital or clinic. The effect of the treatment will be checked by medical assessments, blood tests, checking for side effects and completing questionnaires."
        },
        "ConditionsModule":{
          "ConditionList":{
            "Condition":[
              "Acute Myeloid Leukemia (AML)"
            ]
          },
          "KeywordList":{
            "Keyword":[
              "Acute Myeloid Leukemia (AML)",
              "AML",
              "Venetoclax",
              "Venclexta",
              "Venclyxto",
              "Cancer"
            ]
          }
        },
        "DesignModule":{
          "StudyType":"Observational",
          "DesignInfo":{
            "DesignObservationalModelList":{
              "DesignObservationalModel":[
                "Cohort"
              ]
            },
            "DesignTimePerspectiveList":{
              "DesignTimePerspective":[
                "Prospective"
              ]
            }
          },
          "EnrollmentInfo":{
            "EnrollmentCount":"600",
            "EnrollmentType":"Anticipated"
          }
        },
        "ArmsInterventionsModule":{
          "ArmGroupList":{
            "ArmGroup":[
              {
                "ArmGroupLabel":"Participants treated with Venetoclax",
                "ArmGroupDescription":"Participants who were prescribed venetoclax for the treatment of Acute Myeloid Leukemia (AML) will be enrolled for this study."
              }
            ]
          }
        },
        "OutcomesModule":{
          "PrimaryOutcomeList":{
            "PrimaryOutcome":[
              {
                "PrimaryOutcomeMeasure":"Percentage of Participants Who Reported Serious Adverse Event/Drug Reaction",
                "PrimaryOutcomeDescription":"An adverse event (AE) is defined as any untoward medical occurrence in a patient or clinical investigation participant administered a pharmaceutical product which does not necessarily have a causal relationship with this treatment. The investigator assesses the relationship of each event to the use of study. A serious adverse event (SAE) is an event that results in death, is life-threatening, requires or prolongs hospitalization, results in a congenital anomaly, persistent or significant disability/incapacity or is an important medical event that, based on medical judgment, may jeopardize the participant and may require medical or surgical intervention to prevent any of the outcomes listed above. Treatment-emergent adverse events/treatment-emergent serious adverse events (TEAEs/TESAEs) are defined as any event that began or worsened in severity on or after the first dose of study drug.",
                "PrimaryOutcomeTimeFrame":"32 weeks"
              }
            ]
          },
          "SecondaryOutcomeList":{
            "SecondaryOutcome":[
              {
                "SecondaryOutcomeMeasure":"Percentage of Participants who Achieved Complete Remission (CR)",
                "SecondaryOutcomeDescription":"The percentage of participants with complete remission (CR) will be calculated based on the modified International Working Group (IWG) criteria for AML.",
                "SecondaryOutcomeTimeFrame":"28 weeks"
              },{
                "SecondaryOutcomeMeasure":"Percentage of Participants who Achieved Complete Remission With Incomplete Hematologic Recovery (CRi)",
                "SecondaryOutcomeDescription":"Incomplete regeneration of bone marrow (CRi) as defined in the study protocol.",
                "SecondaryOutcomeTimeFrame":"28 weeks"
              },{
                "SecondaryOutcomeMeasure":"The Percentage of Participants who Achieved Composite Complete Remission (CR+CRi)",
                "SecondaryOutcomeDescription":"Composite Complete Remission (CRc) is defined as Complete Remission (CR) + CRi (CR with incomplete blood count recovery) based on protocol.",
                "SecondaryOutcomeTimeFrame":"28 weeks"
              },{
                "SecondaryOutcomeMeasure":"Median Time to Achieve Complete Remission [CR] (month)",
                "SecondaryOutcomeDescription":"Time from date of first oral Venetoclax intake and the date of the assessment having documented Complete Remission (in months).",
                "SecondaryOutcomeTimeFrame":"28 weeks"
              },{
                "SecondaryOutcomeMeasure":"Median Time to Achieve CRi",
                "SecondaryOutcomeDescription":"Time from the date of first oral venetoclax intake and the date of the assessment having documented Complete Remission with incomplete Hematologic recovery (CRi).",
                "SecondaryOutcomeTimeFrame":"28 weeks"
              },{
                "SecondaryOutcomeMeasure":"Median Overall Survival [OS] (month)",
                "SecondaryOutcomeDescription":"Time from the date of first oral venetoclax intake to the date of death from any cause.",
                "SecondaryOutcomeTimeFrame":"28 weeks"
              },{
                "SecondaryOutcomeMeasure":"Median Progression Free Survival [PFS] (month)",
                "SecondaryOutcomeDescription":"Median time to achieve Progression Free Survival (PFS) which is the time from [enrollment or randomization or first dose] to disease progression or death [to the first occurrence of radiographic progression determined by blinded independent central review or death from any cause], whichever occurs first.",
                "SecondaryOutcomeTimeFrame":"28 weeks"
              },{
                "SecondaryOutcomeMeasure":"Overall Response Rate (ORR) Based on Effectiveness Outcome",
                "SecondaryOutcomeDescription":"Overall Response Rate (ORR) is the proportion of the responders to the total number of participants.",
                "SecondaryOutcomeTimeFrame":"28 weeks"
              }
            ]
          }
        },
        "EligibilityModule":{
          "EligibilityCriteria":"Inclusion Criteria:\n\nAcute Myeloid Leukemia (AML) participants who have been prescribed oral Venetoclax tablets for the first time according to the approved label.\n\nExclusion Criteria:\n\nParticipants with contraindications to Venetoclax as listed on the approved local label.\nParticipants receiving Venetoclax in clinical trials.",
          "HealthyVolunteers":"No",
          "Gender":"All",
          "MinimumAge":"19 Years",
          "StdAgeList":{
            "StdAge":[
              "Adult",
              "Older Adult"
            ]
          },
          "StudyPopulation":"Acute Myeloid Leukemia (AML) participants who are prescribed Venetoclax within the approved label shall be enrolled in the study according to the clinical judgment of the physician in charge of the study.",
          "SamplingMethod":"Non-Probability Sample"
        },
        "ContactsLocationsModule":{
          "CentralContactList":{
            "CentralContact":[
              {
                "CentralContactName":"HyeYeon Kim",
                "CentralContactRole":"Contact",
                "CentralContactPhone":"82-2-3429-9157",
                "CentralContactEMail":"kim.hyeyeon@abbvie.com"
              },{
                "CentralContactName":"Hyunjun Kim",
                "CentralContactRole":"Contact",
                "CentralContactPhone":"82-2-3429-9241",
                "CentralContactEMail":"hkim@abbvie.com"
              }
            ]
          },
          "OverallOfficialList":{
            "OverallOfficial":[
              {
                "OverallOfficialName":"AbbVie Inc.",
                "OverallOfficialAffiliation":"AbbVie",
                "OverallOfficialRole":"Study Director"
              }
            ]
          },
          "LocationList":{
            "Location":[
              {
                "LocationFacility":"Korea University Anam Hospital /ID# 231022",
                "LocationStatus":"Recruiting",
                "LocationCity":"Seoul",
                "LocationState":"Seongbuk-gu",
                "LocationZip":"02841",
                "LocationCountry":"Korea, Republic of"
              }
            ]
          }
        },
        "ReferencesModule":{
          "SeeAlsoLinkList":{
            "SeeAlsoLink":[
              {
                "SeeAlsoLinkLabel":"Related info",
                "SeeAlsoLinkURL":"https://www.rxabbvie.com/"
              }
            ]
          }
        },
        "IPDSharingStatementModule":{
          "IPDSharing":"Undecided"
        }
      },
      "DerivedSection":{
        "MiscInfoModule":{
          "VersionHolder":"April 19, 2021"
        },
        "ConditionBrowseModule":{
          "ConditionMeshList":{
            "ConditionMesh":[
              {
                "ConditionMeshId":"D000007938",
                "ConditionMeshTerm":"Leukemia"
              },{
                "ConditionMeshId":"D000007951",
                "ConditionMeshTerm":"Leukemia, Myeloid"
              },{
                "ConditionMeshId":"D000015470",
                "ConditionMeshTerm":"Leukemia, Myeloid, Acute"
              }
            ]
          },
          "ConditionAncestorList":{
            "ConditionAncestor":[
              {
                "ConditionAncestorId":"D000009370",
                "ConditionAncestorTerm":"Neoplasms by Histologic Type"
              },{
                "ConditionAncestorId":"D000009369",
                "ConditionAncestorTerm":"Neoplasms"
              }
            ]
          },
          "ConditionBrowseLeafList":{
            "ConditionBrowseLeaf":[
              {
                "ConditionBrowseLeafId":"M9528",
                "ConditionBrowseLeafName":"Leukemia",
                "ConditionBrowseLeafAsFound":"Leukemia",
                "ConditionBrowseLeafRelevance":"high"
              },{
                "ConditionBrowseLeafId":"M9538",
                "ConditionBrowseLeafName":"Leukemia, Myeloid",
                "ConditionBrowseLeafAsFound":"Myeloid Leukemia",
                "ConditionBrowseLeafRelevance":"high"
              },{
                "ConditionBrowseLeafId":"M16710",
                "ConditionBrowseLeafName":"Leukemia, Myeloid, Acute",
                "ConditionBrowseLeafAsFound":"Acute Myeloid Leukemia (AML)",
                "ConditionBrowseLeafRelevance":"high"
              },{
                "ConditionBrowseLeafId":"M10898",
                "ConditionBrowseLeafName":"Neoplasms by Histologic Type",
                "ConditionBrowseLeafRelevance":"low"
              },{
                "ConditionBrowseLeafId":"T3995",
                "ConditionBrowseLeafName":"Myeloid Leukemia",
                "ConditionBrowseLeafAsFound":"Myeloid Leukemia",
                "ConditionBrowseLeafRelevance":"high"
              },{
                "ConditionBrowseLeafId":"T182",
                "ConditionBrowseLeafName":"Acute Myeloid Leukemia",
                "ConditionBrowseLeafAsFound":"Acute Myeloid Leukemia",
                "ConditionBrowseLeafRelevance":"high"
              },{
                "ConditionBrowseLeafId":"T188",
                "ConditionBrowseLeafName":"Acute Non Lymphoblastic Leukemia",
                "ConditionBrowseLeafAsFound":"Acute Myeloid Leukemia (AML)",
                "ConditionBrowseLeafRelevance":"high"
              }
            ]
          },
          "ConditionBrowseBranchList":{
            "ConditionBrowseBranch":[
              {
                "ConditionBrowseBranchAbbrev":"BC04",
                "ConditionBrowseBranchName":"Cancers and Other Neoplasms"
              },{
                "ConditionBrowseBranchAbbrev":"All",
                "ConditionBrowseBranchName":"All Conditions"
              },{
                "ConditionBrowseBranchAbbrev":"Rare",
                "ConditionBrowseBranchName":"Rare Diseases"
              }
            ]
          }
        },
        "InterventionBrowseModule":{
          "InterventionBrowseLeafList":{
            "InterventionBrowseLeaf":[
              {
                "InterventionBrowseLeafId":"M257987",
                "InterventionBrowseLeafName":"Venetoclax",
                "InterventionBrowseLeafRelevance":"low"
              }
            ]
          },
          "InterventionBrowseBranchList":{
            "InterventionBrowseBranch":[
              {
                "InterventionBrowseBranchAbbrev":"ANeo",
                "InterventionBrowseBranchName":"Antineoplastic Agents"
              },{
                "InterventionBrowseBranchAbbrev":"All",
                "InterventionBrowseBranchName":"All Drugs and Chemicals"
              }
            ]
          }
        }
      }
    }
  }
}

