{
  "FullStudy":{
    "Rank":2176,
    "Study":{
      "ProtocolSection":{
        "IdentificationModule":{
          "NCTId":"NCT04821635",
          "OrgStudyIdInfo":{
            "OrgStudyId":"2020-1 (FESROW)"
          },
          "SecondaryIdInfoList":{
            "SecondaryIdInfo":[
              {
                "SecondaryId":"2020-A00416-33",
                "SecondaryIdType":"Other Identifier",
                "SecondaryIdDomain":"ID-RCB"
              }
            ]
          },
          "Organization":{
            "OrgFullName":"UGECAM Rhône-Alpes",
            "OrgClass":"OTHER"
          },
          "BriefTitle":"Effects of FES-Rowing in Paraplegia (FES-ROW)",
          "OfficialTitle":"Effects of Training on a Rower Assisted by Electrostimulation of Lower Limbs in Paraplegic Patients (FES-ROW)",
          "Acronym":"FES-ROW"
        },
        "StatusModule":{
          "StatusVerifiedDate":"March 2021",
          "OverallStatus":"Recruiting",
          "ExpandedAccessInfo":{
            "HasExpandedAccess":"No"
          },
          "StartDateStruct":{
            "StartDate":"April 2021",
            "StartDateType":"Anticipated"
          },
          "PrimaryCompletionDateStruct":{
            "PrimaryCompletionDate":"April 2023",
            "PrimaryCompletionDateType":"Anticipated"
          },
          "CompletionDateStruct":{
            "CompletionDate":"April 2023",
            "CompletionDateType":"Anticipated"
          },
          "StudyFirstSubmitDate":"March 17, 2021",
          "StudyFirstSubmitQCDate":"March 24, 2021",
          "StudyFirstPostDateStruct":{
            "StudyFirstPostDate":"March 29, 2021",
            "StudyFirstPostDateType":"Actual"
          },
          "LastUpdateSubmitDate":"March 24, 2021",
          "LastUpdatePostDateStruct":{
            "LastUpdatePostDate":"March 29, 2021",
            "LastUpdatePostDateType":"Actual"
          }
        },
        "SponsorCollaboratorsModule":{
          "ResponsibleParty":{
            "ResponsiblePartyType":"Sponsor"
          },
          "LeadSponsor":{
            "LeadSponsorName":"UGECAM Rhône-Alpes",
            "LeadSponsorClass":"OTHER"
          },
          "CollaboratorList":{
            "Collaborator":[
              {
                "CollaboratorName":"University of Franche-Comté",
                "CollaboratorClass":"OTHER"
              },{
                "CollaboratorName":"Hospices Civils de Lyon",
                "CollaboratorClass":"OTHER"
              },{
                "CollaboratorName":"University of Lyon",
                "CollaboratorClass":"OTHER"
              }
            ]
          }
        },
        "OversightModule":{
          "OversightHasDMC":"No",
          "IsFDARegulatedDrug":"No",
          "IsFDARegulatedDevice":"No"
        },
        "DescriptionModule":{
          "BriefSummary":"The main objective of this project is to measure the increase in aerobic physical and metabolic capacities with a 6-month training on a rower assisted by electrostimulation of lower limbs in a population of adults with traumatic paraplegia.",
          "DetailedDescription":"Beyond the inability to walk, chronic paraplegic patients show an increase in their mortality from cardiovascular pathologies, compared to the same age groups of the general population. It is the hypoactivity induced by neurological impairment that is implicated in the first place in the pathogenesis of these abnormalities. The search for training methods adapted to these patients is justified to limit cardiovascular morbidity and mortality.\n\nThe aim of this project is to measure the increase in aerobic physical and metabolic capacities with a 6-month training on a rower assisted by electrostimulation of lower limbs in a population of adults with stabilized paraplegia (non-walkers), of traumatic origin.\n\nStudy is divided in two 3-month phases. The first consists on a training on a rowing machine with solicitation of the electrostimulated lower limbs only for a period of 3 months at the rate of 3 sessions of 30 minutes per week. The second consists on a training on a rowing machine with solicitation of the electrostimulated lower limbs and upper for a period of 3 months at the rate of 3 sessions of 30 minutes per week. The evaluations are composed of the measurement of maximum oxygen consumption, muscle and neurological parameters"
        },
        "ConditionsModule":{
          "ConditionList":{
            "Condition":[
              "Spinal Cord Injuries"
            ]
          },
          "KeywordList":{
            "Keyword":[
              "Spinal Cord Injury",
              "Functional Electrical Stimulation",
              "Cardiovascular Prevention",
              "Neuroplasticity",
              "Rehabilitation"
            ]
          }
        },
        "DesignModule":{
          "StudyType":"Interventional",
          "PhaseList":{
            "Phase":[
              "Not Applicable"
            ]
          },
          "DesignInfo":{
            "DesignAllocation":"N/A",
            "DesignInterventionModel":"Single Group Assignment",
            "DesignPrimaryPurpose":"Prevention",
            "DesignMaskingInfo":{
              "DesignMasking":"None (Open Label)"
            }
          },
          "EnrollmentInfo":{
            "EnrollmentCount":"35",
            "EnrollmentType":"Anticipated"
          }
        },
        "ArmsInterventionsModule":{
          "ArmGroupList":{
            "ArmGroup":[
              {
                "ArmGroupLabel":"Rower",
                "ArmGroupType":"Experimental",
                "ArmGroupDescription":"Single group of 35 traumatic paraplegic patients meeting the inclusion criteria will benefit from the FES-ROW protocol during 9 months",
                "ArmGroupInterventionList":{
                  "ArmGroupInterventionName":[
                    "Device: Rower assisted by electrostimulation (FES-ROW)"
                  ]
                }
              }
            ]
          },
          "InterventionList":{
            "Intervention":[
              {
                "InterventionType":"Device",
                "InterventionName":"Rower assisted by electrostimulation (FES-ROW)",
                "InterventionDescription":"Pre-inclusion visit\nInclusion visit\n\nPhase 1 Rower-FES with lower limbs (Month 0 to Month 3: M0-M3):\n\nTraining on a rower with solicitation of the electrostimulated lower limbs only for a period of 3 months at the rate of 3 sessions of 30 minutes per week\n\nInterim assessment visit at Month 3 (M3)\n\nPhase 2 Rower-FES with lower limbs + upper limbs (Month 3 to Month 6: M0-M6):\n\nTraining on with solicitation of the electrostimulated lower and upper limbs for a period of 3 months at the rate of 3 sessions of 30 minutes per week\n\nFinal assessment visit at Month 6 (M6)\nEnd of clinical research visit, 3 months after the end of training (Month 9, M9)",
                "InterventionArmGroupLabelList":{
                  "InterventionArmGroupLabel":[
                    "Rower"
                  ]
                }
              }
            ]
          }
        },
        "OutcomesModule":{
          "PrimaryOutcomeList":{
            "PrimaryOutcome":[
              {
                "PrimaryOutcomeMeasure":"VO2 peak at 6 months (L/min)",
                "PrimaryOutcomeDescription":"Comparison of the maximum oxygen consumption (VO2 peak in L/min) measured during an incremental maximum stress test on a hand ergometer between the end of training on a rower (M6) and inclusion (M0).",
                "PrimaryOutcomeTimeFrame":"6 months"
              }
            ]
          },
          "SecondaryOutcomeList":{
            "SecondaryOutcome":[
              {
                "SecondaryOutcomeMeasure":"VO2 peak at 3 and 9 months (L/min)",
                "SecondaryOutcomeDescription":"Comparison of the maximum oxygen consumption (VO2 peak in L/min) measured during an incremental maximum stress test on a hand ergometer between the end of first training phase (M3) and inclusion (M0) and between the end of the study (M9) and inclusion (M0).",
                "SecondaryOutcomeTimeFrame":"9 months"
              },{
                "SecondaryOutcomeMeasure":"First ventilatory threshold in the VO2max test at 0, 3, 6 and 9 months (L/min)",
                "SecondaryOutcomeDescription":"Comparison of the first ventilatory threshold (in L/min) in the VO2max test measured during an incremental maximum stress test on a hand ergometer between the end of first training phase (M3), the end of second phase (M6), the end of the study (M9) and inclusion (M0).",
                "SecondaryOutcomeTimeFrame":"9 months"
              },{
                "SecondaryOutcomeMeasure":"Maximum electro-induced force at 0, 3, 6 and 9 months (Nm)",
                "SecondaryOutcomeDescription":"Comparison of maximum electro-induced force (in Newton) assessment with a device for measuring the force of the knee extensor muscles between the end of first training phase (M3), the end of second phase (M6), the end of the study (M9) and inclusion (M0).",
                "SecondaryOutcomeTimeFrame":"9 months"
              },{
                "SecondaryOutcomeMeasure":"Thigh perimeter at 0, 3, 6 and 9 months (cm)",
                "SecondaryOutcomeDescription":"Comparison of thigh perimeter (in cm) assessment between the end of first training phase (M3), the end of second phase (M6), the end of the study (M9) and inclusion (M0).",
                "SecondaryOutcomeTimeFrame":"9 months"
              },{
                "SecondaryOutcomeMeasure":"Maximum power at 0, 3, 6 and 9 months (Watts)",
                "SecondaryOutcomeDescription":"Comparison of the maximum power (in Watts) developed during the stress test on a hand ergometer between the end of first training phase (M3), the end of second phase (M6), the end of the study (M9) and inclusion (M0).",
                "SecondaryOutcomeTimeFrame":"9 months"
              },{
                "SecondaryOutcomeMeasure":"Response to stimulation at 0, 3, 6 and 9 months (mA)",
                "SecondaryOutcomeDescription":"Comparison of the minimum threshold (Intensity in mA) of response to stimulation of the extensor muscles of the knee between the end of first training phase (M3), the end of second phase (M6), the end of the study (M9) and inclusion (M0).",
                "SecondaryOutcomeTimeFrame":"9 months"
              },{
                "SecondaryOutcomeMeasure":"Assessment of spasticity at 0, 3, 6 and 9 months",
                "SecondaryOutcomeDescription":"Assessment of spasticity with Ashworth scale (rating from 0 to 4 which is the worst score) and Pendulum test (rating from 1 to 5 which is the worst score) between the end of first training phase (M3), the end of second phase (M6), the end of the study (M9) and inclusion (M0).",
                "SecondaryOutcomeTimeFrame":"9 months"
              },{
                "SecondaryOutcomeMeasure":"Intensity of osteotendinous reflexes at 0, 3, 6 and 9 months",
                "SecondaryOutcomeDescription":"Comparison of the intensity of osteotendinous reflexes (Absent, normal and lively / diffuse / polykinetic) between the end of first training phase (M3), the end of second phase (M6), the end of the study (M9) and inclusion (M0).",
                "SecondaryOutcomeTimeFrame":"9 months"
              },{
                "SecondaryOutcomeMeasure":"Self-assessment at 0, 3, 6 and 9 months",
                "SecondaryOutcomeDescription":"Self-assessment with Goal Attainment Scaling (GAS) between the end of first training phase (M3), the end of second phase (M6), the end of the study (M9) and inclusion (M0).\n\nGAS rating is divided in 5 levels:\n\n-2: Current level\n-1: Improvement\n0: Expected level after action\n+1: Level better than expected\n+2: Maximum level expected",
                "SecondaryOutcomeTimeFrame":"9 months"
              },{
                "SecondaryOutcomeMeasure":"ASIA (American Spinal Injury Association) score at 0, 6 and 9 months",
                "SecondaryOutcomeDescription":"Comparison between the end of the study following the remanence period (M9) and the inclusion (M0) and M6 of the parameters of ASIA (American Spinal Injury Association) score.",
                "SecondaryOutcomeTimeFrame":"9 months"
              }
            ]
          }
        },
        "EligibilityModule":{
          "EligibilityCriteria":"Inclusion Criteria:\n\nParaplegia with traumatic origin\nSpinal cord injury AIS (ASIA Impairment Scale) score A and B at least 12 months old\nPatient having given written consent\nPatient with social security scheme\nAbility to obtain a leg extension with a 30-minute electrostimulation program\n\nExclusion Criteria:\n\nProtected adults (person in guardianship, curators or legal protection)\nPresence of contraindication criteria to carrying out a stress test or sustained physical activity decided by the doctor following the person with spinal cord injury.\nDrug treatment with cardiovascular or antidepressant effect\nPressure sore\nOther associated neurological pathologies (stroke, peripheral neuropathy, myopathy, head trauma, ...)\nAffection of the shoulders of any etiology that could compromise the ability to use the rower.\nSpasticity of the lower limbs: Modified Ashworth Scale (MAS) greater than or equal to 2/4 (specifically quadriceps / Hamstrings)\nParticipation in another study",
          "HealthyVolunteers":"No",
          "Gender":"All",
          "MinimumAge":"18 Years",
          "StdAgeList":{
            "StdAge":[
              "Adult",
              "Older Adult"
            ]
          }
        },
        "ContactsLocationsModule":{
          "CentralContactList":{
            "CentralContact":[
              {
                "CentralContactName":"Julie R DI MARCO, M.D",
                "CentralContactRole":"Contact",
                "CentralContactPhone":"04.72.53.21.73",
                "CentralContactEMail":"dr.jdimarco@gmail.com"
              },{
                "CentralContactName":"Stéphane DRION, M.D",
                "CentralContactRole":"Contact",
                "CentralContactPhone":"0472366079",
                "CentralContactEMail":"dr.sdrion@gmail.com"
              }
            ]
          },
          "OverallOfficialList":{
            "OverallOfficial":[
              {
                "OverallOfficialName":"Julie R Di Marco, M.D",
                "OverallOfficialAffiliation":"UGECAM SSR Val Rosay",
                "OverallOfficialRole":"Principal Investigator"
              }
            ]
          },
          "LocationList":{
            "Location":[
              {
                "LocationFacility":"HIA Desgenettes",
                "LocationStatus":"Recruiting",
                "LocationCity":"Lyon",
                "LocationState":"Rhône",
                "LocationZip":"69003",
                "LocationCountry":"France",
                "LocationContactList":{
                  "LocationContact":[
                    {
                      "LocationContactName":"Stéphane Drion, M.D",
                      "LocationContactRole":"Contact",
                      "LocationContactPhone":"0472366079",
                      "LocationContactEMail":"dr.sdrion@gmail.com"
                    }
                  ]
                }
              },{
                "LocationFacility":"SSR Val Rosay UGECAM",
                "LocationStatus":"Recruiting",
                "LocationCity":"Saint-Didier-au-Mont-d'Or",
                "LocationState":"Rhône",
                "LocationZip":"69370",
                "LocationCountry":"France",
                "LocationContactList":{
                  "LocationContact":[
                    {
                      "LocationContactName":"Julie Di Marco, M.D",
                      "LocationContactRole":"Contact",
                      "LocationContactPhone":"0472532161",
                      "LocationContactEMail":"dr.jdimarco@gmail.com"
                    }
                  ]
                }
              }
            ]
          }
        },
        "ReferencesModule":{
          "ReferenceList":{
            "Reference":[
              {
                "ReferencePMID":"12161830",
                "ReferenceType":"background",
                "ReferenceCitation":"Wheeler GD, Andrews B, Lederer R, Davoodi R, Natho K, Weiss C, Jeon J, Bhambhani Y, Steadward RD. Functional electric stimulation-assisted rowing: Increasing cardiovascular fitness through functional electric stimulation rowing training in persons with spinal cord injury. Arch Phys Med Rehabil. 2002 Aug;83(8):1093-9."
              },{
                "ReferencePMID":"29324409",
                "ReferenceType":"background",
                "ReferenceCitation":"Popovic-Maneski L, Aleksic A, Metani A, Bergeron V, Cobeljic R, Popovic DB. Assessment of Spasticity by a Pendulum Test in SCI Patients Who Exercise FES Cycling or Receive Only Conventional Therapy. IEEE Trans Neural Syst Rehabil Eng. 2018 Jan;26(1):181-187. doi: 10.1109/TNSRE.2017.2771466."
              },{
                "ReferencePMID":"25205000",
                "ReferenceType":"background",
                "ReferenceCitation":"Deley G, Denuziller J, Babault N. Functional electrical stimulation: cardiorespiratory adaptations and applications for training in paraplegia. Sports Med. 2015 Jan;45(1):71-82. doi: 10.1007/s40279-014-0250-2. Review."
              }
            ]
          }
        },
        "IPDSharingStatementModule":{
          "IPDSharing":"No"
        }
      },
      "DerivedSection":{
        "MiscInfoModule":{
          "VersionHolder":"April 19, 2021"
        },
        "ConditionBrowseModule":{
          "ConditionMeshList":{
            "ConditionMesh":[
              {
                "ConditionMeshId":"D000013119",
                "ConditionMeshTerm":"Spinal Cord Injuries"
              }
            ]
          },
          "ConditionAncestorList":{
            "ConditionAncestor":[
              {
                "ConditionAncestorId":"D000013118",
                "ConditionAncestorTerm":"Spinal Cord Diseases"
              },{
                "ConditionAncestorId":"D000002493",
                "ConditionAncestorTerm":"Central Nervous System Diseases"
              },{
                "ConditionAncestorId":"D000009422",
                "ConditionAncestorTerm":"Nervous System Diseases"
              },{
                "ConditionAncestorId":"D000020196",
                "ConditionAncestorTerm":"Trauma, Nervous System"
              },{
                "ConditionAncestorId":"D000014947",
                "ConditionAncestorTerm":"Wounds and Injuries"
              }
            ]
          },
          "ConditionBrowseLeafList":{
            "ConditionBrowseLeaf":[
              {
                "ConditionBrowseLeafId":"M14499",
                "ConditionBrowseLeafName":"Spinal Cord Injuries",
                "ConditionBrowseLeafAsFound":"Spinal Cord Injury",
                "ConditionBrowseLeafRelevance":"high"
              },{
                "ConditionBrowseLeafId":"M11760",
                "ConditionBrowseLeafName":"Paraplegia",
                "ConditionBrowseLeafRelevance":"low"
              },{
                "ConditionBrowseLeafId":"M14498",
                "ConditionBrowseLeafName":"Spinal Cord Diseases",
                "ConditionBrowseLeafRelevance":"low"
              },{
                "ConditionBrowseLeafId":"M4325",
                "ConditionBrowseLeafName":"Central Nervous System Diseases",
                "ConditionBrowseLeafRelevance":"low"
              },{
                "ConditionBrowseLeafId":"M16268",
                "ConditionBrowseLeafName":"Wounds and Injuries",
                "ConditionBrowseLeafRelevance":"low"
              },{
                "ConditionBrowseLeafId":"M20607",
                "ConditionBrowseLeafName":"Trauma, Nervous System",
                "ConditionBrowseLeafRelevance":"low"
              },{
                "ConditionBrowseLeafId":"T4421",
                "ConditionBrowseLeafName":"Paraplegia",
                "ConditionBrowseLeafRelevance":"low"
              }
            ]
          },
          "ConditionBrowseBranchList":{
            "ConditionBrowseBranch":[
              {
                "ConditionBrowseBranchAbbrev":"BC10",
                "ConditionBrowseBranchName":"Nervous System Diseases"
              },{
                "ConditionBrowseBranchAbbrev":"BC26",
                "ConditionBrowseBranchName":"Wounds and Injuries"
              },{
                "ConditionBrowseBranchAbbrev":"All",
                "ConditionBrowseBranchName":"All Conditions"
              },{
                "ConditionBrowseBranchAbbrev":"BC23",
                "ConditionBrowseBranchName":"Symptoms and General Pathology"
              },{
                "ConditionBrowseBranchAbbrev":"Rare",
                "ConditionBrowseBranchName":"Rare Diseases"
              }
            ]
          }
        }
      }
    }
  }
}

