{
  "FullStudy":{
    "Rank":2116,
    "Study":{
      "ProtocolSection":{
        "IdentificationModule":{
          "NCTId":"NCT04822428",
          "OrgStudyIdInfo":{
            "OrgStudyId":"SH2021"
          },
          "Organization":{
            "OrgFullName":"Cairo University",
            "OrgClass":"OTHER"
          },
          "BriefTitle":"Effect of Visceral Osteopathic Manipulations on Low Back Pain",
          "OfficialTitle":"Effect of Visceral Osteopathic Manipulations on Low Back Pain Caused by Visceral Dysfunctions"
        },
        "StatusModule":{
          "StatusVerifiedDate":"March 2021",
          "OverallStatus":"Completed",
          "ExpandedAccessInfo":{
            "HasExpandedAccess":"No"
          },
          "StartDateStruct":{
            "StartDate":"August 20, 2020",
            "StartDateType":"Actual"
          },
          "PrimaryCompletionDateStruct":{
            "PrimaryCompletionDate":"March 12, 2021",
            "PrimaryCompletionDateType":"Actual"
          },
          "CompletionDateStruct":{
            "CompletionDate":"March 12, 2021",
            "CompletionDateType":"Actual"
          },
          "StudyFirstSubmitDate":"March 26, 2021",
          "StudyFirstSubmitQCDate":"March 26, 2021",
          "StudyFirstPostDateStruct":{
            "StudyFirstPostDate":"March 30, 2021",
            "StudyFirstPostDateType":"Actual"
          },
          "LastUpdateSubmitDate":"March 26, 2021",
          "LastUpdatePostDateStruct":{
            "LastUpdatePostDate":"March 30, 2021",
            "LastUpdatePostDateType":"Actual"
          }
        },
        "SponsorCollaboratorsModule":{
          "ResponsibleParty":{
            "ResponsiblePartyType":"Principal Investigator",
            "ResponsiblePartyInvestigatorFullName":"Heba Ahmed Ali Abdeen",
            "ResponsiblePartyInvestigatorTitle":"Assistant professor",
            "ResponsiblePartyInvestigatorAffiliation":"Cairo University"
          },
          "LeadSponsor":{
            "LeadSponsorName":"Cairo University",
            "LeadSponsorClass":"OTHER"
          }
        },
        "OversightModule":{
          "OversightHasDMC":"No",
          "IsFDARegulatedDrug":"No",
          "IsFDARegulatedDevice":"No"
        },
        "DescriptionModule":{
          "BriefSummary":"Forty female patients with age ranging from 30-40 years old were suffering from low back pain due to visceral dysfunctions participated in this study. They were recruited from a private clinic. They were assigned into two groups equal in number; Group (A): included twenty patients who received osteopathic manipulative techniques, 1 session per week for 3 weeks, and Group (B): included twenty patients who received only analgesic drugs.",
          "DetailedDescription":"Twenty patients received osteopathic manipulative techniques including Suboccipital release technique, diaphragmatic release.,mesentery release and Colonic manipulation were applied to the study group according to the patients' needs.\n\nThe treatment program comprised a total of 3 sessions for 3 weeks at one session per week for an average of 50 minutes per session. Twenty patients in the second group (control ) took only analgesics during the three weeks."
        },
        "ConditionsModule":{
          "ConditionList":{
            "Condition":[
              "Low Back Pain"
            ]
          }
        },
        "DesignModule":{
          "StudyType":"Interventional",
          "PhaseList":{
            "Phase":[
              "Not Applicable"
            ]
          },
          "DesignInfo":{
            "DesignAllocation":"Randomized",
            "DesignInterventionModel":"Parallel Assignment",
            "DesignInterventionModelDescription":"A randomized, controlled, parallel study",
            "DesignPrimaryPurpose":"Supportive Care",
            "DesignMaskingInfo":{
              "DesignMasking":"Single",
              "DesignWhoMaskedList":{
                "DesignWhoMasked":[
                  "Outcomes Assessor"
                ]
              }
            }
          },
          "EnrollmentInfo":{
            "EnrollmentCount":"40",
            "EnrollmentType":"Actual"
          }
        },
        "ArmsInterventionsModule":{
          "ArmGroupList":{
            "ArmGroup":[
              {
                "ArmGroupLabel":"study group(A)",
                "ArmGroupType":"Experimental",
                "ArmGroupDescription":"Group (A): included Twenty patients who received osteopathic manipulative techniques, 1 session per week for 3 weeks.",
                "ArmGroupInterventionList":{
                  "ArmGroupInterventionName":[
                    "Other: Osteopathic manipulation"
                  ]
                }
              },{
                "ArmGroupLabel":"Control group(B)",
                "ArmGroupType":"No Intervention",
                "ArmGroupDescription":"Group (B): included twenty patients who received analgesic drugs only."
              }
            ]
          },
          "InterventionList":{
            "Intervention":[
              {
                "InterventionType":"Other",
                "InterventionName":"Osteopathic manipulation",
                "InterventionDescription":"Osteopathic manipulative techniques including; suboccipital release technique,sacral release technique, diaphragmatic release, mesentery release, and Colonic manipulation",
                "InterventionArmGroupLabelList":{
                  "InterventionArmGroupLabel":[
                    "study group(A)"
                  ]
                }
              }
            ]
          }
        },
        "OutcomesModule":{
          "PrimaryOutcomeList":{
            "PrimaryOutcome":[
              {
                "PrimaryOutcomeMeasure":"The visual analog scale (VAS)",
                "PrimaryOutcomeDescription":"The patient determined the pain intensity on a 10 cm scale marked with points ranging from predetermined no pain and excruciating pain",
                "PrimaryOutcomeTimeFrame":"change from baseline to after 3 weeks"
              },{
                "PrimaryOutcomeMeasure":"The Oswestry Disability Index (ODI)",
                "PrimaryOutcomeDescription":"(ODI) consists of 10 items on the degree of severity to which back (or leg) trouble has affected the ability to manage in everyday life.",
                "PrimaryOutcomeTimeFrame":"change from baseline to after 3 weeks"
              },{
                "PrimaryOutcomeMeasure":"Modified Schober's test (MST)",
                "PrimaryOutcomeDescription":"the participant stood erect while the lumbosacral junction was marked as indicated by the dimples of Venus. For measuring the MST, we put a mark 5 cm below and 10 cm above the junction. The participant was asked to bend forward as far as possible and the stretched distance of these two points was measured as the MST value.",
                "PrimaryOutcomeTimeFrame":"change from baseline to after 3 weeks"
              }
            ]
          }
        },
        "EligibilityModule":{
          "EligibilityCriteria":"Inclusion Criteria:\n\nNon-specific low back pain for more than 12 weeks\n\nExclusion Criteria:\n\nMalignant tumor\nPregnancy\nAcute ischemic bowel disease,\nIntestinal obstruction,\nsurgery in the last six months",
          "HealthyVolunteers":"No",
          "Gender":"All",
          "MinimumAge":"30 Years",
          "MaximumAge":"40 Years",
          "StdAgeList":{
            "StdAge":[
              "Adult"
            ]
          }
        },
        "ContactsLocationsModule":{
          "LocationList":{
            "Location":[
              {
                "LocationFacility":"Faculty of Physical Therapy",
                "LocationCity":"Cairo",
                "LocationZip":"12316",
                "LocationCountry":"Egypt"
              }
            ]
          }
        },
        "IPDSharingStatementModule":{
          "IPDSharing":"No"
        }
      },
      "DerivedSection":{
        "MiscInfoModule":{
          "VersionHolder":"April 19, 2021"
        },
        "ConditionBrowseModule":{
          "ConditionMeshList":{
            "ConditionMesh":[
              {
                "ConditionMeshId":"D000001416",
                "ConditionMeshTerm":"Back Pain"
              },{
                "ConditionMeshId":"D000017116",
                "ConditionMeshTerm":"Low Back Pain"
              }
            ]
          },
          "ConditionAncestorList":{
            "ConditionAncestor":[
              {
                "ConditionAncestorId":"D000010146",
                "ConditionAncestorTerm":"Pain"
              },{
                "ConditionAncestorId":"D000009461",
                "ConditionAncestorTerm":"Neurologic Manifestations"
              }
            ]
          },
          "ConditionBrowseLeafList":{
            "ConditionBrowseLeaf":[
              {
                "ConditionBrowseLeafId":"M3295",
                "ConditionBrowseLeafName":"Back Pain",
                "ConditionBrowseLeafAsFound":"Back Pain",
                "ConditionBrowseLeafRelevance":"high"
              },{
                "ConditionBrowseLeafId":"M18016",
                "ConditionBrowseLeafName":"Low Back Pain",
                "ConditionBrowseLeafAsFound":"Low Back Pain",
                "ConditionBrowseLeafRelevance":"high"
              },{
                "ConditionBrowseLeafId":"M11649",
                "ConditionBrowseLeafName":"Pain",
                "ConditionBrowseLeafRelevance":"low"
              },{
                "ConditionBrowseLeafId":"M10987",
                "ConditionBrowseLeafName":"Neurologic Manifestations",
                "ConditionBrowseLeafRelevance":"low"
              }
            ]
          },
          "ConditionBrowseBranchList":{
            "ConditionBrowseBranch":[
              {
                "ConditionBrowseBranchAbbrev":"BC23",
                "ConditionBrowseBranchName":"Symptoms and General Pathology"
              },{
                "ConditionBrowseBranchAbbrev":"All",
                "ConditionBrowseBranchName":"All Conditions"
              },{
                "ConditionBrowseBranchAbbrev":"BC10",
                "ConditionBrowseBranchName":"Nervous System Diseases"
              }
            ]
          }
        },
        "InterventionBrowseModule":{
          "InterventionBrowseLeafList":{
            "InterventionBrowseLeaf":[
              {
                "InterventionBrowseLeafId":"M2613",
                "InterventionBrowseLeafName":"Analgesics",
                "InterventionBrowseLeafRelevance":"low"
              },{
                "InterventionBrowseLeafId":"T120",
                "InterventionBrowseLeafName":"Cola",
                "InterventionBrowseLeafRelevance":"low"
              }
            ]
          },
          "InterventionBrowseBranchList":{
            "InterventionBrowseBranch":[
              {
                "InterventionBrowseBranchAbbrev":"Analg",
                "InterventionBrowseBranchName":"Analgesics"
              },{
                "InterventionBrowseBranchAbbrev":"All",
                "InterventionBrowseBranchName":"All Drugs and Chemicals"
              },{
                "InterventionBrowseBranchAbbrev":"HB",
                "InterventionBrowseBranchName":"Herbal and Botanical"
              }
            ]
          }
        }
      }
    }
  }
}

