{
  "FullStudy":{
    "Rank":2056,
    "Study":{
      "ProtocolSection":{
        "IdentificationModule":{
          "NCTId":"NCT04823208",
          "OrgStudyIdInfo":{
            "OrgStudyId":"17609"
          },
          "SecondaryIdInfoList":{
            "SecondaryIdInfo":[
              {
                "SecondaryId":"J1I-JE-GZBC",
                "SecondaryIdType":"Other Identifier",
                "SecondaryIdDomain":"Eli Lilly and Company"
              }
            ]
          },
          "Organization":{
            "OrgFullName":"Eli Lilly and Company",
            "OrgClass":"INDUSTRY"
          },
          "BriefTitle":"A Study of LY3437943 in Japanese Participants With Type 2 Diabetes Mellitus (T2DM)",
          "OfficialTitle":"A Multiple-Ascending Dose Study to Evaluate the Safety, Tolerability, Pharmacokinetics, and Pharmacodynamics of LY3437943 in Japanese Participants With Type 2 Diabetes Mellitus"
        },
        "StatusModule":{
          "StatusVerifiedDate":"April 1, 2021",
          "OverallStatus":"Not yet recruiting",
          "ExpandedAccessInfo":{
            "HasExpandedAccess":"No"
          },
          "StartDateStruct":{
            "StartDate":"June 4, 2021",
            "StartDateType":"Anticipated"
          },
          "PrimaryCompletionDateStruct":{
            "PrimaryCompletionDate":"January 3, 2022",
            "PrimaryCompletionDateType":"Anticipated"
          },
          "CompletionDateStruct":{
            "CompletionDate":"January 3, 2022",
            "CompletionDateType":"Anticipated"
          },
          "StudyFirstSubmitDate":"March 29, 2021",
          "StudyFirstSubmitQCDate":"March 29, 2021",
          "StudyFirstPostDateStruct":{
            "StudyFirstPostDate":"March 30, 2021",
            "StudyFirstPostDateType":"Actual"
          },
          "LastUpdateSubmitDate":"April 5, 2021",
          "LastUpdatePostDateStruct":{
            "LastUpdatePostDate":"April 6, 2021",
            "LastUpdatePostDateType":"Actual"
          }
        },
        "SponsorCollaboratorsModule":{
          "ResponsibleParty":{
            "ResponsiblePartyType":"Sponsor"
          },
          "LeadSponsor":{
            "LeadSponsorName":"Eli Lilly and Company",
            "LeadSponsorClass":"INDUSTRY"
          }
        },
        "OversightModule":{
          "OversightHasDMC":"No",
          "IsFDARegulatedDrug":"Yes",
          "IsFDARegulatedDevice":"No",
          "IsUSExport":"Yes"
        },
        "DescriptionModule":{
          "BriefSummary":"The main purpose of this study is to learn about the side effects of LY3437943 when given to Japanese participants with type 2 diabetes mellitus. Blood tests will be performed to investigate how the body processes the study drug and how the study drug affects the body. Each enrolled participant will receive injections of LY3437943 or placebo given just under the skin. For each participant, the study will last up to 5 months, inclusive of screening and will include 16 visits to the study center."
        },
        "ConditionsModule":{
          "ConditionList":{
            "Condition":[
              "Diabetes Mellitus, Type 2"
            ]
          }
        },
        "DesignModule":{
          "StudyType":"Interventional",
          "PhaseList":{
            "Phase":[
              "Phase 1"
            ]
          },
          "DesignInfo":{
            "DesignAllocation":"Randomized",
            "DesignInterventionModel":"Parallel Assignment",
            "DesignPrimaryPurpose":"Basic Science",
            "DesignMaskingInfo":{
              "DesignMasking":"Double",
              "DesignWhoMaskedList":{
                "DesignWhoMasked":[
                  "Participant",
                  "Investigator"
                ]
              }
            }
          },
          "EnrollmentInfo":{
            "EnrollmentCount":"66",
            "EnrollmentType":"Anticipated"
          }
        },
        "ArmsInterventionsModule":{
          "ArmGroupList":{
            "ArmGroup":[
              {
                "ArmGroupLabel":"LY3437943",
                "ArmGroupType":"Experimental",
                "ArmGroupDescription":"LY3437943 administered subcutaneously (SC)",
                "ArmGroupInterventionList":{
                  "ArmGroupInterventionName":[
                    "Drug: LY3437943"
                  ]
                }
              },{
                "ArmGroupLabel":"Placebo",
                "ArmGroupType":"Placebo Comparator",
                "ArmGroupDescription":"Placebo administered SC",
                "ArmGroupInterventionList":{
                  "ArmGroupInterventionName":[
                    "Drug: Placebo"
                  ]
                }
              }
            ]
          },
          "InterventionList":{
            "Intervention":[
              {
                "InterventionType":"Drug",
                "InterventionName":"LY3437943",
                "InterventionDescription":"Administered SC",
                "InterventionArmGroupLabelList":{
                  "InterventionArmGroupLabel":[
                    "LY3437943"
                  ]
                }
              },{
                "InterventionType":"Drug",
                "InterventionName":"Placebo",
                "InterventionDescription":"Administered SC",
                "InterventionArmGroupLabelList":{
                  "InterventionArmGroupLabel":[
                    "Placebo"
                  ]
                }
              }
            ]
          }
        },
        "OutcomesModule":{
          "PrimaryOutcomeList":{
            "PrimaryOutcome":[
              {
                "PrimaryOutcomeMeasure":"Number of Participants with One or More Serious Adverse Event(s) (SAEs) Considered by the Investigator to be Related to Study Drug Administration",
                "PrimaryOutcomeDescription":"A summary of SAEs and other non-serious adverse events (AEs), regardless of causality, will be reported in the Reported Adverse Events module",
                "PrimaryOutcomeTimeFrame":"Baseline through Day 106"
              }
            ]
          },
          "SecondaryOutcomeList":{
            "SecondaryOutcome":[
              {
                "SecondaryOutcomeMeasure":"Pharmacokinetics (PK): Maximum Concentration (Cmax) of LY3437943",
                "SecondaryOutcomeDescription":"PK: Cmax of LY3437943",
                "SecondaryOutcomeTimeFrame":"Predose on Day 1 through Day 81"
              },{
                "SecondaryOutcomeMeasure":"PK: Area Under the Concentration Versus Time Curve (AUC) of LY3437943",
                "SecondaryOutcomeDescription":"PK: AUC of LY3437943",
                "SecondaryOutcomeTimeFrame":"Predose on Day 1 through Day 81"
              },{
                "SecondaryOutcomeMeasure":"Change from Baseline in Mean Daily Plasma Glucose (PG)",
                "SecondaryOutcomeDescription":"Change from baseline in mean daily PG from 6-point PG profile",
                "SecondaryOutcomeTimeFrame":"Baseline through Day 80"
              },{
                "SecondaryOutcomeMeasure":"Change from Baseline in Glycated Hemoglobin (HbA1c)",
                "SecondaryOutcomeDescription":"Change from Baseline in HbA1c",
                "SecondaryOutcomeTimeFrame":"Baseline through Day 78"
              },{
                "SecondaryOutcomeMeasure":"Change from Baseline in Fasting Glucose",
                "SecondaryOutcomeDescription":"Change from Baseline in Fasting Glucose",
                "SecondaryOutcomeTimeFrame":"Baseline through Day 78"
              },{
                "SecondaryOutcomeMeasure":"Change from Baseline in Body Weight",
                "SecondaryOutcomeDescription":"Change from Baseline in Body Weight",
                "SecondaryOutcomeTimeFrame":"Baseline through Day 78"
              }
            ]
          }
        },
        "EligibilityModule":{
          "EligibilityCriteria":"Inclusion Criteria:\n\nHave type 2 diabetes mellitus (T2DM) diagnosed for at least 1 year.\nHave glycated hemoglobin (HbA1c) value ≥ 7.0% and ≤10.0% for participants treated with diet and exercise or HbA1c ≥ 6.5% and ≤ 9.0% for participants who have washed out antidiabetic medications at lead-in and screening\nHave a body mass index (BMI) within the range 23 to 35 kilograms per square meter (kg/m²), inclusive, and a body weight of at least 54 kilograms (Kg).\nMales and females not of childbearing potential\n\nExclusion Criteria:\n\nHave type 1 diabetes mellitus (T1DM)\nHave uncontrolled diabetes defined as an episode of ketoacidosis or hyperosmolar state requiring hospitalization\nHave had an episode of severe hypoglycemia, as defined by the occurrence of neuroglycopenic symptoms requiring the assistance of another person for recovery, or have a history of hypoglycemia unawareness or poor recognition of hypoglycemic symptoms.\nHave a history of acute or chronic pancreatitis or fasting serum triglyceride level of >500 milligram per deciliter (mg/dL).\nHave known liver disease, obvious clinical signs or symptoms of liver disease, acute or chronic hepatitis, or have elevations in aminotransferases (alanine aminotransferase [ALT] and aspartate aminotransferase [AST]) greater than 3× upper limit of normal (ULN).",
          "HealthyVolunteers":"No",
          "Gender":"All",
          "MinimumAge":"20 Years",
          "MaximumAge":"70 Years",
          "StdAgeList":{
            "StdAge":[
              "Adult",
              "Older Adult"
            ]
          }
        },
        "ContactsLocationsModule":{
          "CentralContactList":{
            "CentralContact":[
              {
                "CentralContactName":"There may be multiple sites in this clinical trial. 1-877-CTLILLY (1-877-285-4559) or",
                "CentralContactRole":"Contact",
                "CentralContactPhone":"1-317-615-4559",
                "CentralContactEMail":"ClinicalTrials.gov@Lilly.com"
              }
            ]
          },
          "OverallOfficialList":{
            "OverallOfficial":[
              {
                "OverallOfficialName":"Call 1-877-CTLILLY (1-877-285-4559) or 1-317-615-4559 Mon - Fri 9 AM - 5 PM Eastern time (UTC/GMT - 5 hours, EST)",
                "OverallOfficialAffiliation":"Eli Lilly and Company",
                "OverallOfficialRole":"Study Director"
              }
            ]
          },
          "LocationList":{
            "Location":[
              {
                "LocationFacility":"Medical Corporation Heishinkai OCROM Clinic",
                "LocationCity":"Suita-shi",
                "LocationState":"Osaka",
                "LocationZip":"565-0853",
                "LocationCountry":"Japan",
                "LocationContactList":{
                  "LocationContact":[
                    {
                      "LocationContactRole":"Contact",
                      "LocationContactPhone":"0663308810"
                    },{
                      "LocationContactName":"Satoshi Inoue",
                      "LocationContactRole":"Principal Investigator"
                    }
                  ]
                }
              },{
                "LocationFacility":"P-one clinic",
                "LocationCity":"Hachioji",
                "LocationState":"Tokyo",
                "LocationZip":"192-0071",
                "LocationCountry":"Japan",
                "LocationContactList":{
                  "LocationContact":[
                    {
                      "LocationContactRole":"Contact",
                      "LocationContactPhone":"81426255216"
                    },{
                      "LocationContactName":"Kenichi Furihata",
                      "LocationContactRole":"Principal Investigator"
                    }
                  ]
                }
              },{
                "LocationFacility":"Clinical Research Hospital Tokyo",
                "LocationCity":"Shinjuku-ku",
                "LocationState":"Tokyo",
                "LocationZip":"162-0053",
                "LocationCountry":"Japan",
                "LocationContactList":{
                  "LocationContact":[
                    {
                      "LocationContactRole":"Contact",
                      "LocationContactPhone":"03-3355-7200"
                    },{
                      "LocationContactName":"Hiroyuki Fukase",
                      "LocationContactRole":"Principal Investigator"
                    }
                  ]
                }
              },{
                "LocationFacility":"Yokohama Minoru Clinic",
                "LocationCity":"Yokohama",
                "LocationZip":"232-0064",
                "LocationCountry":"Japan",
                "LocationContactList":{
                  "LocationContact":[
                    {
                      "LocationContactRole":"Contact",
                      "LocationContactPhone":"81457228655"
                    },{
                      "LocationContactName":"Keitoku Matsumoto",
                      "LocationContactRole":"Principal Investigator"
                    }
                  ]
                }
              }
            ]
          }
        },
        "IPDSharingStatementModule":{
          "IPDSharing":"No"
        }
      },
      "DerivedSection":{
        "MiscInfoModule":{
          "VersionHolder":"April 19, 2021"
        },
        "ConditionBrowseModule":{
          "ConditionMeshList":{
            "ConditionMesh":[
              {
                "ConditionMeshId":"D000003920",
                "ConditionMeshTerm":"Diabetes Mellitus"
              },{
                "ConditionMeshId":"D000003924",
                "ConditionMeshTerm":"Diabetes Mellitus, Type 2"
              }
            ]
          },
          "ConditionAncestorList":{
            "ConditionAncestor":[
              {
                "ConditionAncestorId":"D000044882",
                "ConditionAncestorTerm":"Glucose Metabolism Disorders"
              },{
                "ConditionAncestorId":"D000008659",
                "ConditionAncestorTerm":"Metabolic Diseases"
              },{
                "ConditionAncestorId":"D000004700",
                "ConditionAncestorTerm":"Endocrine System Diseases"
              }
            ]
          },
          "ConditionBrowseLeafList":{
            "ConditionBrowseLeaf":[
              {
                "ConditionBrowseLeafId":"M5698",
                "ConditionBrowseLeafName":"Diabetes Mellitus",
                "ConditionBrowseLeafAsFound":"Diabetes Mellitus",
                "ConditionBrowseLeafRelevance":"high"
              },{
                "ConditionBrowseLeafId":"M5702",
                "ConditionBrowseLeafName":"Diabetes Mellitus, Type 2",
                "ConditionBrowseLeafAsFound":"Diabetes Mellitus, Type 2",
                "ConditionBrowseLeafRelevance":"high"
              },{
                "ConditionBrowseLeafId":"M10222",
                "ConditionBrowseLeafName":"Metabolic Diseases",
                "ConditionBrowseLeafRelevance":"low"
              },{
                "ConditionBrowseLeafId":"M23990",
                "ConditionBrowseLeafName":"Glucose Metabolism Disorders",
                "ConditionBrowseLeafRelevance":"low"
              },{
                "ConditionBrowseLeafId":"M6445",
                "ConditionBrowseLeafName":"Endocrine System Diseases",
                "ConditionBrowseLeafRelevance":"low"
              }
            ]
          },
          "ConditionBrowseBranchList":{
            "ConditionBrowseBranch":[
              {
                "ConditionBrowseBranchAbbrev":"BC18",
                "ConditionBrowseBranchName":"Nutritional and Metabolic Diseases"
              },{
                "ConditionBrowseBranchAbbrev":"BC19",
                "ConditionBrowseBranchName":"Gland and Hormone Related Diseases"
              },{
                "ConditionBrowseBranchAbbrev":"All",
                "ConditionBrowseBranchName":"All Conditions"
              }
            ]
          }
        }
      }
    }
  }
}

