{
  "FullStudy":{
    "Rank":2197,
    "Study":{
      "ProtocolSection":{
        "IdentificationModule":{
          "NCTId":"NCT04821362",
          "OrgStudyIdInfo":{
            "OrgStudyId":"18-7/32"
          },
          "Organization":{
            "OrgFullName":"Ege University",
            "OrgClass":"OTHER"
          },
          "BriefTitle":"Comparison of Different Techniques on First Attempt Success in Difficult Vascular Access Patients",
          "OfficialTitle":"Comparison Of Standart Technique, Ultrasonography And Near-Infrared Light In Difficult Peripheral Vascular Access: A Randomised Controlled Trial"
        },
        "StatusModule":{
          "StatusVerifiedDate":"March 2021",
          "OverallStatus":"Completed",
          "ExpandedAccessInfo":{
            "HasExpandedAccess":"No"
          },
          "StartDateStruct":{
            "StartDate":"April 15, 2019",
            "StartDateType":"Actual"
          },
          "PrimaryCompletionDateStruct":{
            "PrimaryCompletionDate":"February 1, 2020",
            "PrimaryCompletionDateType":"Actual"
          },
          "CompletionDateStruct":{
            "CompletionDate":"March 1, 2020",
            "CompletionDateType":"Actual"
          },
          "StudyFirstSubmitDate":"April 5, 2019",
          "StudyFirstSubmitQCDate":"March 26, 2021",
          "StudyFirstPostDateStruct":{
            "StudyFirstPostDate":"March 29, 2021",
            "StudyFirstPostDateType":"Actual"
          },
          "LastUpdateSubmitDate":"March 30, 2021",
          "LastUpdatePostDateStruct":{
            "LastUpdatePostDate":"April 1, 2021",
            "LastUpdatePostDateType":"Actual"
          }
        },
        "SponsorCollaboratorsModule":{
          "ResponsibleParty":{
            "ResponsiblePartyType":"Principal Investigator",
            "ResponsiblePartyInvestigatorFullName":"Sercan Yalcinli",
            "ResponsiblePartyInvestigatorTitle":"Attending Physician, MD",
            "ResponsiblePartyInvestigatorAffiliation":"Ege University"
          },
          "LeadSponsor":{
            "LeadSponsorName":"Ege University",
            "LeadSponsorClass":"OTHER"
          }
        },
        "OversightModule":{
          "IsFDARegulatedDrug":"No",
          "IsFDARegulatedDevice":"No"
        },
        "DescriptionModule":{
          "BriefSummary":"The aim of this study is to investigate whether there is any difference between the use of standard techniques, ultrasonography and infra-red light for the success of the first attempt in difficult peripheral vascular access patients. Patients who have difficult vascular access history ( often need 2 or more attempt to access peripheral intravenous catheter), who do not have palpable or visible vein after tourniquet, and who have the hard anticipation according to operator ( easy-moderate-hard) are included to study. The primary objective is planned as the determination of the success rate in the first attempt. Secondary aims of the study were determined as: total procedure time,total number of attempts, and need for rescue procedure",
          "DetailedDescription":"Before starting the study, all nurses who work as senior nurse in the emergency department will be informed. All the Emergency Nurses who are willing to participate in the study (the consent form from the nurses who will be included in the study) will be taken pretest to measure their knowledge about ultrasound and infrared light usage for intravenous access. Then, the 4-hours theoretical and 4-hours practical lesson accompanied by an infrared device and a single-operator with horizontal and longitudinal vascular access with ultrasonography will be explained by the experienced Emergency Medicine Specialist to all the senior nurses . Introduction of ultrasonography device in the theoretical training, principles of using, linear probe and its properties, horizontal and longitudinal axis concepts used in the determination of venous structures, principles of determination of venous structures in ultrasonography, differentiation of artery and nerve structures will be explained. The introduction of the device for infrared light, the principles of operation, the distance between the light and operation area and the positioning of the device will be discussed. Practical trainings will be arranged on horizontal and longitudinal axes by using ultrasound on lifeless forearm mannequin. In the practical lesson in the infrared light device, the device will be kept in a proper distance on the live mannequin, being positioned perpendicular to the area to be treated and identification of the vascular structures while the device is operating. After the theoretical and practical training, all of the senior nurses will be evaluated with posttest and the nurses with a success rate of 80% will be included in the study.\n\nAdult patients and/ or their relatives will be included to study if they meet any of the inclusion criteria and accept the consent form. The randomization of the patients according to the number of nurses participating in the study will be determined by the responsible researchers before the study begins. For example, in the study where 10 senior nurses will participate, the number of targeted patients will be at least 270 and 10 boxes specific to each nurse will be created. These boxes will be kept in the senior nurse room. Each box will have 27 different application methods (9 usg, 9 infrared, 9 standard methods). The nurse who accepts to participate in the research will apply the method according to the procedure which will be randomly drawn from this box. In this way, an equal number of procedures will be provided for each nurse and an equal number of procedures will be provided for each nurse.\n\nThe application of the procedure on the longitudinal or horizontal axis will be left to senior nurse discretion. In the infrared light approach, 2 applicators will be operated. While holding the auxiliary infra-red light, the practitioner will perform the operation at a distance of 20 cm perpendicular to the process zone. The place of application will be left to the discretion of the practitioner. In order to establish a standard approach between the procedures performed, 18 gauge catheter will be used at the arm and the forearm areas, 20 gauge for the other regions. After the tourniquet is inserted, the procedure time will be calculated as seconds. In order for the successful vascular access to be considered successful, at least 5 ml of blood should be taken or at least 5 ml of saline fluid should be given. In all three approaches, if there is no success after 2 attempts, the 3rd and subsequent trials will be evaluated as rescue interventions and these interventions will be left to the discretion of the practitioner and this will be recorded observably (standard approach, usg, infra red light, central vascular, intraosseous approach, calling senior nurse, calling emergency medicine physician etc.). For all three approaches, the success of the first trial, the total duration of the procedure (in seconds), the total number of trials, and rescue method need will be recorded."
        },
        "ConditionsModule":{
          "ConditionList":{
            "Condition":[
              "Vascular Access"
            ]
          },
          "KeywordList":{
            "Keyword":[
              "peripheral intravenous catheter",
              "near infrared",
              "ultrasound"
            ]
          }
        },
        "DesignModule":{
          "StudyType":"Interventional",
          "PhaseList":{
            "Phase":[
              "Not Applicable"
            ]
          },
          "DesignInfo":{
            "DesignAllocation":"Randomized",
            "DesignInterventionModel":"Single Group Assignment",
            "DesignInterventionModelDescription":"A prospective, experimental, randomized controlled trial.",
            "DesignPrimaryPurpose":"Other",
            "DesignMaskingInfo":{
              "DesignMasking":"None (Open Label)"
            }
          },
          "EnrollmentInfo":{
            "EnrollmentCount":"270",
            "EnrollmentType":"Actual"
          }
        },
        "ArmsInterventionsModule":{
          "ArmGroupList":{
            "ArmGroup":[
              {
                "ArmGroupLabel":"Standard technique group",
                "ArmGroupType":"No Intervention",
                "ArmGroupDescription":"In this group, peripheral intravenous catheter insertion will be performed routinely."
              },{
                "ArmGroupLabel":"Ultrasound group",
                "ArmGroupType":"Active Comparator",
                "ArmGroupDescription":"In this group, peripheral intravenous catheter insertion will be performed with ultrasound. A linear probe will be used for procedures.",
                "ArmGroupInterventionList":{
                  "ArmGroupInterventionName":[
                    "Device: Ultrasound group"
                  ]
                }
              },{
                "ArmGroupLabel":"Near Infrared Device Group",
                "ArmGroupType":"Active Comparator",
                "ArmGroupDescription":"In this group, peripheral intravenous catheter insertion will be performed with AccuVein AV 400.",
                "ArmGroupInterventionList":{
                  "ArmGroupInterventionName":[
                    "Device: Near Infrared Device Group"
                  ]
                }
              }
            ]
          },
          "InterventionList":{
            "Intervention":[
              {
                "InterventionType":"Device",
                "InterventionName":"Ultrasound group",
                "InterventionDescription":"In the ultrasound group, the nurses will insert the cannulas to the peripheral veins as horizontally and longitudinally with the linear probe.",
                "InterventionArmGroupLabelList":{
                  "InterventionArmGroupLabel":[
                    "Ultrasound group"
                  ]
                }
              },{
                "InterventionType":"Device",
                "InterventionName":"Near Infrared Device Group",
                "InterventionDescription":"In the near infrared device group, the nurses will insert the cannulas to the peripheral veins with AccuVein AV 400.",
                "InterventionArmGroupLabelList":{
                  "InterventionArmGroupLabel":[
                    "Near Infrared Device Group"
                  ]
                }
              }
            ]
          }
        },
        "OutcomesModule":{
          "PrimaryOutcomeList":{
            "PrimaryOutcome":[
              {
                "PrimaryOutcomeMeasure":"First attempt success rate.",
                "PrimaryOutcomeDescription":"Success rate of the first attempt during the implementation of all three methods",
                "PrimaryOutcomeTimeFrame":"From the time of randomization until the time of the first successful attempt, up to 30 minutes."
              }
            ]
          },
          "SecondaryOutcomeList":{
            "SecondaryOutcome":[
              {
                "SecondaryOutcomeMeasure":"Procedure time.",
                "SecondaryOutcomeDescription":"Time of the intravenous cathater placement procedure",
                "SecondaryOutcomeTimeFrame":"From the time of the tourniquet application, until the procedure successfully achieved, up to 1 hour."
              },{
                "SecondaryOutcomeMeasure":"The type of rescue methods in case of failure attempt.",
                "SecondaryOutcomeDescription":"Standard approach, ultrasound tecnique, infrared light",
                "SecondaryOutcomeTimeFrame":"Up to 1 hour."
              },{
                "SecondaryOutcomeMeasure":"Number of attempts",
                "SecondaryOutcomeDescription":"Number of attempts to successfully insert peripheral vascular cateter.",
                "SecondaryOutcomeTimeFrame":"From the time of randomization until the time of the successful attempt, up to 1 hour."
              }
            ]
          }
        },
        "EligibilityModule":{
          "EligibilityCriteria":"Inclusion Criteria:\n\nPatients who have previously described a history of difficult vascular access.\nPatients who do not have palpable or visible veins after tourniquet placement or who have been referred to unusual locations due to the lack of appropriate veins in the upper extremity.\nPatients who are expected to be hard to perform the procedure by the senior nurse.\n\nExclusion Criteria:\n\nThe patients who do not need vascular access.\nPatients who do not give consent\nPregnant patients\nPatients who are under 18 years old\nPatients who require immediate intervention due to any life-threatening condition.",
          "HealthyVolunteers":"No",
          "Gender":"All",
          "MinimumAge":"18 Years",
          "StdAgeList":{
            "StdAge":[
              "Adult",
              "Older Adult"
            ]
          }
        },
        "ContactsLocationsModule":{
          "OverallOfficialList":{
            "OverallOfficial":[
              {
                "OverallOfficialName":"Özge Can, MD",
                "OverallOfficialAffiliation":"Ege University",
                "OverallOfficialRole":"Principal Investigator"
              },{
                "OverallOfficialName":"İlhan Uz, MD",
                "OverallOfficialAffiliation":"Ege University",
                "OverallOfficialRole":"Principal Investigator"
              },{
                "OverallOfficialName":"Gülbin Konakçı, Asst. Prof.",
                "OverallOfficialAffiliation":"Izmir Demokrasi University",
                "OverallOfficialRole":"Principal Investigator"
              }
            ]
          },
          "LocationList":{
            "Location":[
              {
                "LocationFacility":"Ege University",
                "LocationCity":"Izmir",
                "LocationState":"Bornova",
                "LocationZip":"35030",
                "LocationCountry":"Turkey"
              }
            ]
          }
        },
        "ReferencesModule":{
          "ReferenceList":{
            "Reference":[
              {
                "ReferencePMID":"10577399",
                "ReferenceType":"background",
                "ReferenceCitation":"Keyes LE, Frazee BW, Snoey ER, Simon BC, Christy D. Ultrasound-guided brachial and basilic vein cannulation in emergency department patients with difficult intravenous access. Ann Emerg Med. 1999 Dec;34(6):711-4."
              },{
                "ReferencePMID":"19371518",
                "ReferenceType":"background",
                "ReferenceCitation":"Bauman M, Braude D, Crandall C. Ultrasound-guidance vs. standard technique in difficult vascular access patients by ED technicians. Am J Emerg Med. 2009 Feb;27(2):135-40. doi: 10.1016/j.ajem.2008.02.005."
              },{
                "ReferencePMID":"19912132",
                "ReferenceType":"background",
                "ReferenceCitation":"Panebianco NL, Fredette JM, Szyld D, Sagalyn EB, Pines JM, Dean AJ. What you see (sonographically) is what you get: vein and patient characteristics associated with successful ultrasound-guided peripheral intravenous placement in patients with difficult access. Acad Emerg Med. 2009 Dec;16(12):1298-1303. doi: 10.1111/j.1553-2712.2009.00520.x. Epub 2009 Nov 12."
              },{
                "ReferencePMID":"22795988",
                "ReferenceType":"background",
                "ReferenceCitation":"Au AK, Rotte MJ, Grzybowski RJ, Ku BS, Fields JM. Decrease in central venous catheter placement due to use of ultrasound guidance for peripheral intravenous catheters. Am J Emerg Med. 2012 Nov;30(9):1950-4. doi: 10.1016/j.ajem.2012.04.016. Epub 2012 Jul 15."
              },{
                "ReferencePMID":"27411965",
                "ReferenceType":"background",
                "ReferenceCitation":"Parker SI, Benzies KM, Hayden KA, Lang ES. Effectiveness of interventions for adult peripheral intravenous catheterization: A systematic review and meta-analysis of randomized controlled trials. Int Emerg Nurs. 2017 Mar;31:15-21. doi: 10.1016/j.ienj.2016.05.004. Epub 2016 Jul 11. Review."
              },{
                "ReferencePMID":"25176152",
                "ReferenceType":"background",
                "ReferenceCitation":"Aulagnier J, Hoc C, Mathieu E, Dreyfus JF, Fischler M, Le Guen M. Efficacy of AccuVein to facilitate peripheral intravenous placement in adults presenting to an emergency department: a randomized clinical trial. Acad Emerg Med. 2014 Aug;21(8):858-63. doi: 10.1111/acem.12437."
              },{
                "ReferencePMID":"28983903",
                "ReferenceType":"background",
                "ReferenceCitation":"Hanada S, Van Winkle MT, Subramani S, Ueda K. Dynamic ultrasound-guided short-axis needle tip navigation technique vs. landmark technique for difficult saphenous vein access in children: a randomised study. Anaesthesia. 2017 Dec;72(12):1508-1515. doi: 10.1111/anae.14082. Epub 2017 Oct 6."
              }
            ]
          }
        },
        "IPDSharingStatementModule":{
          "IPDSharing":"No"
        }
      },
      "DerivedSection":{
        "MiscInfoModule":{
          "VersionHolder":"April 19, 2021"
        },
        "InterventionBrowseModule":{
          "InterventionBrowseLeafList":{
            "InterventionBrowseLeaf":[
              {
                "InterventionBrowseLeafId":"T88",
                "InterventionBrowseLeafName":"Calamus",
                "InterventionBrowseLeafRelevance":"low"
              }
            ]
          },
          "InterventionBrowseBranchList":{
            "InterventionBrowseBranch":[
              {
                "InterventionBrowseBranchAbbrev":"HB",
                "InterventionBrowseBranchName":"Herbal and Botanical"
              },{
                "InterventionBrowseBranchAbbrev":"All",
                "InterventionBrowseBranchName":"All Drugs and Chemicals"
              }
            ]
          }
        }
      }
    }
  }
}

