{
  "FullStudy":{
    "Rank":1696,
    "Study":{
      "ProtocolSection":{
        "IdentificationModule":{
          "NCTId":"NCT04827888",
          "OrgStudyIdInfo":{
            "OrgStudyId":"20210330BMI"
          },
          "Organization":{
            "OrgFullName":"American University of Beirut Medical Center",
            "OrgClass":"OTHER"
          },
          "BriefTitle":"Effect of BMI on Postoperative Morbidities of Orthopaedic Procedures",
          "OfficialTitle":"The Effect Of BMI On Thirty-day Postoperative Morbidities And Mortality For The Most Common Orthopaedic Procedures",
          "Acronym":"BMIORTHO"
        },
        "StatusModule":{
          "StatusVerifiedDate":"April 2021",
          "OverallStatus":"Completed",
          "ExpandedAccessInfo":{
            "HasExpandedAccess":"No"
          },
          "StartDateStruct":{
            "StartDate":"January 1, 2012",
            "StartDateType":"Actual"
          },
          "PrimaryCompletionDateStruct":{
            "PrimaryCompletionDate":"December 31, 2015",
            "PrimaryCompletionDateType":"Actual"
          },
          "CompletionDateStruct":{
            "CompletionDate":"December 31, 2020",
            "CompletionDateType":"Actual"
          },
          "StudyFirstSubmitDate":"March 30, 2021",
          "StudyFirstSubmitQCDate":"March 30, 2021",
          "StudyFirstPostDateStruct":{
            "StudyFirstPostDate":"April 1, 2021",
            "StudyFirstPostDateType":"Actual"
          },
          "LastUpdateSubmitDate":"April 1, 2021",
          "LastUpdatePostDateStruct":{
            "LastUpdatePostDate":"April 5, 2021",
            "LastUpdatePostDateType":"Actual"
          }
        },
        "SponsorCollaboratorsModule":{
          "ResponsibleParty":{
            "ResponsiblePartyType":"Principal Investigator",
            "ResponsiblePartyInvestigatorFullName":"Muhyeddine Al-Taki",
            "ResponsiblePartyInvestigatorTitle":"Assistant Professor of Clinical Surgery",
            "ResponsiblePartyInvestigatorAffiliation":"American University of Beirut Medical Center"
          },
          "LeadSponsor":{
            "LeadSponsorName":"American University of Beirut Medical Center",
            "LeadSponsorClass":"OTHER"
          }
        },
        "OversightModule":{
          "OversightHasDMC":"No",
          "IsFDARegulatedDrug":"No",
          "IsFDARegulatedDevice":"No"
        },
        "DescriptionModule":{
          "BriefSummary":"Obesity is associated with poor surgical outcome and complications. The literature does not provide a comprehensive view on the effect of body mass index (BMI) on perioperative outcomes in orthopedic surgeries. Therefore, we aim to determine the effect of BMI on 30-day perioperative outcomes in patients undergoing the first 25 most commonly performed orthopedic surgeries using a retrospective cohort study design. The knowledge of the effect of BMI on orthopedic surgeries will improve the knowledge of surgeons about the expected morbidities.",
          "DetailedDescription":"Obesity is associated with poor surgical outcome and complications. The literature does not provide a comprehensive view on the effect of body mass index (BMI) on perioperative outcomes in orthopedic surgeries. Therefore, we aim to determine the procedure specific, independent-effect of BMI on 30-day perioperative outcomes in patients undergoing the first 25 most commonly performed orthopedic surgeries.\n\nThe study is a retrospective cohort study. The subjects will be the individuals undergoing one of first 25 most commonly performed orthopedic surgeries, whose information is derived form the de-identified patients' data collected through the American College of Surgeons National Surgical Quality Improvement Program (ACS-NSQIP) database. The primary outcome will be composite post-operative morbidity. Specific morbidities will also be evaluated including cardiovascular, vascular and renal complications, length-of-stay (LOS), and the need for re-intervention and readmission, as well as 30-day mortality. Descriptive statistics and multivariable regression models will assess the independent-effect of BMI on outcomes.\n\nThe knowledge of the effect of BMI on orthopedic surgeries will improve the knowledge of surgeons about the expected morbidities. The surgeon will be able to better counsel obese patients and devise a better surgical plan to prevent or deal with the expected outcomes."
        },
        "ConditionsModule":{
          "ConditionList":{
            "Condition":[
              "Orthopedic Procedures",
              "Obesity"
            ]
          },
          "KeywordList":{
            "Keyword":[
              "weight",
              "orthopedic surgery",
              "BMI",
              "Post-Op Complication"
            ]
          }
        },
        "DesignModule":{
          "StudyType":"Observational",
          "PatientRegistry":"Yes",
          "TargetDuration":"30 Days",
          "DesignInfo":{
            "DesignObservationalModelList":{
              "DesignObservationalModel":[
                "Cohort"
              ]
            },
            "DesignTimePerspectiveList":{
              "DesignTimePerspective":[
                "Other"
              ]
            }
          },
          "EnrollmentInfo":{
            "EnrollmentCount":"76189",
            "EnrollmentType":"Actual"
          }
        },
        "ArmsInterventionsModule":{
          "ArmGroupList":{
            "ArmGroup":[
              {
                "ArmGroupLabel":"underweight",
                "ArmGroupDescription":"patients who underwent one of the 25 common orthopaedic surgeries and have a body mass index (BMI) of <18.5kg/m2",
                "ArmGroupInterventionList":{
                  "ArmGroupInterventionName":[
                    "Procedure: Orthopaedic surgery"
                  ]
                }
              },{
                "ArmGroupLabel":"normal-weight",
                "ArmGroupDescription":"patients who underwent one of the 25 common orthopaedic surgeries and have a BMI between 18.5kg/m2 and 24.9kg/m2",
                "ArmGroupInterventionList":{
                  "ArmGroupInterventionName":[
                    "Procedure: Orthopaedic surgery"
                  ]
                }
              },{
                "ArmGroupLabel":"overweight",
                "ArmGroupDescription":"patients who underwent one of the 25 common orthopaedic surgeries and have a BMI between 25kg/m2 and 29.9kg/m2",
                "ArmGroupInterventionList":{
                  "ArmGroupInterventionName":[
                    "Procedure: Orthopaedic surgery"
                  ]
                }
              },{
                "ArmGroupLabel":"mildly obese",
                "ArmGroupDescription":"patients who underwent one of the 25 common orthopaedic surgeries and have a BMI between 30kg/m2 and 34.9kg/m2",
                "ArmGroupInterventionList":{
                  "ArmGroupInterventionName":[
                    "Procedure: Orthopaedic surgery"
                  ]
                }
              },{
                "ArmGroupLabel":"moderately-to-severely obese",
                "ArmGroupDescription":"patients who underwent one of the 25 common orthopaedic surgeries and have a BMI ≥35kg/m2",
                "ArmGroupInterventionList":{
                  "ArmGroupInterventionName":[
                    "Procedure: Orthopaedic surgery"
                  ]
                }
              }
            ]
          },
          "InterventionList":{
            "Intervention":[
              {
                "InterventionType":"Procedure",
                "InterventionName":"Orthopaedic surgery",
                "InterventionDescription":"One of the 25 most common orthopedic surgeries reported in the database which are the following as per surgical types: spine surgery (CPT codes 63030, 63047, 22612, 22551 or 22558), trauma (CPT codes 27236, 27125, 27244, 27814, or 27792), sports medicine injuries (CPT codes 29881, 29827, 29880, 29888, 29826, 29877, 29807, or 23412), or joint arthroplasty (CPT codes 27447, 27130, 23472, 27487, 27134, 27446, or 27486).",
                "InterventionArmGroupLabelList":{
                  "InterventionArmGroupLabel":[
                    "mildly obese",
                    "moderately-to-severely obese",
                    "normal-weight",
                    "overweight",
                    "underweight"
                  ]
                }
              }
            ]
          }
        },
        "OutcomesModule":{
          "PrimaryOutcomeList":{
            "PrimaryOutcome":[
              {
                "PrimaryOutcomeMeasure":"Composite morbidity",
                "PrimaryOutcomeDescription":"Composite morbidity is defined as the presence of any of the specific morbidities during the 30-days following surgery as recorded in the ACS-NSQIP database. The odds ratio of composite morbidity for each BMI group will be calculated as compared to normal-weight group.",
                "PrimaryOutcomeTimeFrame":"within the 30 days following the surgery"
              }
            ]
          },
          "SecondaryOutcomeList":{
            "SecondaryOutcome":[
              {
                "SecondaryOutcomeMeasure":"mortality",
                "SecondaryOutcomeDescription":"odds ratio of mortality within the 30-days following the surgery for each BMI group as compared to normal-weight group",
                "SecondaryOutcomeTimeFrame":"within the 30 days following the surgery"
              },{
                "SecondaryOutcomeMeasure":"wound",
                "SecondaryOutcomeDescription":"odds ratio of specific morbidity of surgical wound for each BMI group as compared to normal-weight group",
                "SecondaryOutcomeTimeFrame":"within the 30 days following the surgery"
              },{
                "SecondaryOutcomeMeasure":"cardiac",
                "SecondaryOutcomeDescription":"specific morbidity of cardiac complication for each BMI group as compared to normal-weight group",
                "SecondaryOutcomeTimeFrame":"within the 30 days following the surgery"
              },{
                "SecondaryOutcomeMeasure":"respiratory",
                "SecondaryOutcomeDescription":"odds ratio of specific morbidity of respiratory complication",
                "SecondaryOutcomeTimeFrame":"within the 30 days following the surgery"
              },{
                "SecondaryOutcomeMeasure":"urinary",
                "SecondaryOutcomeDescription":"odds ratio of specific morbidity of urinary complication for each BMI group as compared to normal-weight group",
                "SecondaryOutcomeTimeFrame":"within the 30 days following the surgery"
              },{
                "SecondaryOutcomeMeasure":"neurological",
                "SecondaryOutcomeDescription":"odds ratio of specific morbidity of neurological (CNS) complication for each BMI group as compared to normal-weight group",
                "SecondaryOutcomeTimeFrame":"within the 30 days following the surgery"
              },{
                "SecondaryOutcomeMeasure":"thromboembolism",
                "SecondaryOutcomeDescription":"odds ratio of specific morbidity of thromboembolism for each BMI group as compared to normal-weight group",
                "SecondaryOutcomeTimeFrame":"within the 30 days following the surgery"
              },{
                "SecondaryOutcomeMeasure":"sepsis",
                "SecondaryOutcomeDescription":"odds ratio of specific morbidity of sepsis for each BMI group as compared to normal-weight group",
                "SecondaryOutcomeTimeFrame":"within the 30 days following the surgery"
              },{
                "SecondaryOutcomeMeasure":"bleeding",
                "SecondaryOutcomeDescription":"odds ratio of bleeding or transfusion need for each BMI group as compared to normal-weight group",
                "SecondaryOutcomeTimeFrame":"within the 30 days following the surgery"
              },{
                "SecondaryOutcomeMeasure":"Re-op",
                "SecondaryOutcomeDescription":"odds ratio of need for re-admission/re-operation for each BMI group as compared to normal-weight group",
                "SecondaryOutcomeTimeFrame":"within the 30 days following the surgery"
              }
            ]
          }
        },
        "EligibilityModule":{
          "EligibilityCriteria":"Inclusion Criteria:\n\nThe inclusion and exclusion criteria are the same as that of ACS-NSQIP database.\nAll patients who have undergone any of the 25 most common orthopedic procedures as primary procedure as identified through the CPT codes\n\nExclusion Criteria:\n\nAll patients whose BMI was not reported",
          "HealthyVolunteers":"No",
          "Gender":"All",
          "MinimumAge":"18 Years",
          "StdAgeList":{
            "StdAge":[
              "Adult",
              "Older Adult"
            ]
          },
          "StudyPopulation":"Representative of the population from ACS-NSQIP",
          "SamplingMethod":"Non-Probability Sample"
        },
        "ContactsLocationsModule":{
          "OverallOfficialList":{
            "OverallOfficial":[
              {
                "OverallOfficialName":"Muhyeddine Al-Taki",
                "OverallOfficialAffiliation":"American University of Beirut Medical Center",
                "OverallOfficialRole":"Principal Investigator"
              }
            ]
          },
          "LocationList":{
            "Location":[
              {
                "LocationFacility":"American University of Beirut Medical Center",
                "LocationCity":"Beirut",
                "LocationZip":"11-236",
                "LocationCountry":"Lebanon"
              }
            ]
          }
        },
        "IPDSharingStatementModule":{
          "IPDSharing":"No",
          "IPDSharingDescription":"Only the de-identified and coded data are available through the registry and we do not plan of sharing any individual data"
        }
      },
      "DerivedSection":{
        "MiscInfoModule":{
          "VersionHolder":"April 19, 2021"
        },
        "ConditionBrowseModule":{
          "ConditionBrowseLeafList":{
            "ConditionBrowseLeaf":[
              {
                "ConditionBrowseLeafId":"M3696",
                "ConditionBrowseLeafName":"Body Weight",
                "ConditionBrowseLeafRelevance":"low"
              },{
                "ConditionBrowseLeafId":"M11284",
                "ConditionBrowseLeafName":"Obesity",
                "ConditionBrowseLeafRelevance":"low"
              },{
                "ConditionBrowseLeafId":"M12648",
                "ConditionBrowseLeafName":"Postoperative Complications",
                "ConditionBrowseLeafRelevance":"low"
              }
            ]
          },
          "ConditionBrowseBranchList":{
            "ConditionBrowseBranch":[
              {
                "ConditionBrowseBranchAbbrev":"BC23",
                "ConditionBrowseBranchName":"Symptoms and General Pathology"
              },{
                "ConditionBrowseBranchAbbrev":"All",
                "ConditionBrowseBranchName":"All Conditions"
              },{
                "ConditionBrowseBranchAbbrev":"BC18",
                "ConditionBrowseBranchName":"Nutritional and Metabolic Diseases"
              }
            ]
          }
        }
      }
    }
  }
}

