{
  "FullStudy":{
    "Rank":2103,
    "Study":{
      "ProtocolSection":{
        "IdentificationModule":{
          "NCTId":"NCT04822597",
          "OrgStudyIdInfo":{
            "OrgStudyId":"2021-0261"
          },
          "SecondaryIdInfoList":{
            "SecondaryIdInfo":[
              {
                "SecondaryId":"A539713",
                "SecondaryIdType":"Other Identifier",
                "SecondaryIdDomain":"UW Madison"
              },{
                "SecondaryId":"SMPH/SURGERY/SURG ONC",
                "SecondaryIdType":"Other Identifier",
                "SecondaryIdDomain":"UW Madison"
              },{
                "SecondaryId":"UW20164",
                "SecondaryIdType":"Other Identifier",
                "SecondaryIdDomain":"UWCCC"
              },{
                "SecondaryId":"Protocol Version 3/2021",
                "SecondaryIdType":"Other Identifier",
                "SecondaryIdDomain":"UW Madison"
              },{
                "SecondaryId":"2T32CA090217-16",
                "SecondaryIdType":"U.S. NIH Grant/Contract",
                "SecondaryIdLink":"https://projectreporter.nih.gov/reporterapi.cfm?PROJECTNUM=2T32CA090217-16&Fy=all"
              }
            ]
          },
          "Organization":{
            "OrgFullName":"University of Wisconsin, Madison",
            "OrgClass":"OTHER"
          },
          "BriefTitle":"Pain Control for Breast Cancer Patients Receiving Injection of Radioactive Tracer",
          "OfficialTitle":"Optimizing Topical Pain Control for Breast Cancer Patients Undergoing Pre-operative Radiotracer Injection for Sentinel Lymph Node Mapping"
        },
        "StatusModule":{
          "StatusVerifiedDate":"March 2021",
          "OverallStatus":"Not yet recruiting",
          "ExpandedAccessInfo":{
            "HasExpandedAccess":"No"
          },
          "StartDateStruct":{
            "StartDate":"April 29, 2021",
            "StartDateType":"Anticipated"
          },
          "PrimaryCompletionDateStruct":{
            "PrimaryCompletionDate":"April 30, 2022",
            "PrimaryCompletionDateType":"Anticipated"
          },
          "CompletionDateStruct":{
            "CompletionDate":"April 30, 2022",
            "CompletionDateType":"Anticipated"
          },
          "StudyFirstSubmitDate":"March 26, 2021",
          "StudyFirstSubmitQCDate":"March 26, 2021",
          "StudyFirstPostDateStruct":{
            "StudyFirstPostDate":"March 30, 2021",
            "StudyFirstPostDateType":"Actual"
          },
          "LastUpdateSubmitDate":"March 26, 2021",
          "LastUpdatePostDateStruct":{
            "LastUpdatePostDate":"March 30, 2021",
            "LastUpdatePostDateType":"Actual"
          }
        },
        "SponsorCollaboratorsModule":{
          "ResponsibleParty":{
            "ResponsiblePartyType":"Sponsor"
          },
          "LeadSponsor":{
            "LeadSponsorName":"University of Wisconsin, Madison",
            "LeadSponsorClass":"OTHER"
          },
          "CollaboratorList":{
            "Collaborator":[
              {
                "CollaboratorName":"National Cancer Institute (NCI)",
                "CollaboratorClass":"NIH"
              }
            ]
          }
        },
        "OversightModule":{
          "OversightHasDMC":"No",
          "IsFDARegulatedDrug":"Yes",
          "IsFDARegulatedDevice":"Yes",
          "IsUSExport":"No"
        },
        "DescriptionModule":{
          "BriefSummary":"The purpose of this study is to compare the effectiveness four different pain treatments for the injection of radioactive tracer that women with breast cancer receive for sentinel lymph node biopsies.\n\nThis study will include women who have been diagnosed with breast cancer and who will be undergoing sentinel lymph node biopsy with a standard injection of radioactive tracer before surgery.\n\nA participant's active participation will take place on two separate occasions. In the first occasion, a participant will complete a brief pain assessment on the day of enrollment. The rest of a participant's active participation will take place on one day (the day of surgery) and last approximately 20 minutes, after which active participation will end.",
          "DetailedDescription":"Primary Objective: To test the effectiveness of four alternative approaches to topical anesthesia on pain associated with radiotracer injection for women diagnosed with breast cancer undergoing sentinel lymph node mapping.\n\nSecondary Objectives:\n\nTo assess patient satisfaction with pain control modality for radiotracer injection.\nTo identify barriers to implementation of the different pain control interventions."
        },
        "ConditionsModule":{
          "ConditionList":{
            "Condition":[
              "Breast Cancer",
              "Sentinel Lymph Node",
              "Breast Neoplasms",
              "Breast Cancer Female"
            ]
          },
          "KeywordList":{
            "Keyword":[
              "Sentinel Lymph Node Biopsy",
              "Sentinel Lymph Node Mapping",
              "Radioactive Tracer Injection",
              "Nuclear Medicine",
              "Radiocolloid Injection"
            ]
          }
        },
        "DesignModule":{
          "StudyType":"Interventional",
          "PhaseList":{
            "Phase":[
              "Phase 4"
            ]
          },
          "DesignInfo":{
            "DesignAllocation":"Randomized",
            "DesignInterventionModel":"Parallel Assignment",
            "DesignInterventionModelDescription":"There will be four separate treatment arms. Participants have equal chances of being assigned to any of the four arms.",
            "DesignPrimaryPurpose":"Supportive Care",
            "DesignMaskingInfo":{
              "DesignMasking":"Single",
              "DesignMaskingDescription":"Data will be analyzed with intervention arms masked.",
              "DesignWhoMaskedList":{
                "DesignWhoMasked":[
                  "Outcomes Assessor"
                ]
              }
            }
          },
          "EnrollmentInfo":{
            "EnrollmentCount":"180",
            "EnrollmentType":"Anticipated"
          }
        },
        "ArmsInterventionsModule":{
          "ArmGroupList":{
            "ArmGroup":[
              {
                "ArmGroupLabel":"Ice Pack",
                "ArmGroupType":"Active Comparator",
                "ArmGroupDescription":"Ice will be placed on the breast prior to radioactive tracer injection (usual treatment)",
                "ArmGroupInterventionList":{
                  "ArmGroupInterventionName":[
                    "Other: Ice pack"
                  ]
                }
              },{
                "ArmGroupLabel":"Lidocaine Patch",
                "ArmGroupType":"Experimental",
                "ArmGroupDescription":"A lidocaine patch (4% topical) will be placed on the breast for at least one hour prior to radioactive tracer injection",
                "ArmGroupInterventionList":{
                  "ArmGroupInterventionName":[
                    "Drug: Lidocaine patch"
                  ]
                }
              },{
                "ArmGroupLabel":"Buzzy(R)",
                "ArmGroupType":"Experimental",
                "ArmGroupDescription":"A vibrating distraction device (Buzzy(R)) and ice will be placed on the breast prior to radioactive tracer injection.",
                "ArmGroupInterventionList":{
                  "ArmGroupInterventionName":[
                    "Device: Buzzy(R)",
                    "Other: Ice pack"
                  ]
                }
              },{
                "ArmGroupLabel":"Lidocaine Patch and Buzzy(R)",
                "ArmGroupType":"Experimental",
                "ArmGroupDescription":"A lidocaine patch (4% topical) will be placed on the breast for at least one hour prior to radioactive tracer injection. This will be removed and a vibrating distraction device (Buzzy(R)) and ice will be placed on the breast just prior to radioactive tracer injection.",
                "ArmGroupInterventionList":{
                  "ArmGroupInterventionName":[
                    "Drug: Lidocaine patch",
                    "Device: Buzzy(R)",
                    "Other: Ice pack"
                  ]
                }
              }
            ]
          },
          "InterventionList":{
            "Intervention":[
              {
                "InterventionType":"Drug",
                "InterventionName":"Lidocaine patch",
                "InterventionDescription":"Lidocaine is a local anesthetic.",
                "InterventionArmGroupLabelList":{
                  "InterventionArmGroupLabel":[
                    "Lidocaine Patch",
                    "Lidocaine Patch and Buzzy(R)"
                  ]
                },
                "InterventionOtherNameList":{
                  "InterventionOtherName":[
                    "topical lidocaine 4%"
                  ]
                }
              },{
                "InterventionType":"Device",
                "InterventionName":"Buzzy(R)",
                "InterventionDescription":"Buzzy provides non-invasive pain relief by vibrating and cooling the skin which distracts from pain sensations.",
                "InterventionArmGroupLabelList":{
                  "InterventionArmGroupLabel":[
                    "Buzzy(R)",
                    "Lidocaine Patch and Buzzy(R)"
                  ]
                },
                "InterventionOtherNameList":{
                  "InterventionOtherName":[
                    "vibrating distraction device",
                    "therapeutic vibrator"
                  ]
                }
              },{
                "InterventionType":"Other",
                "InterventionName":"Ice pack",
                "InterventionDescription":"Ice cools the skin and can provide some numbing for pain.",
                "InterventionArmGroupLabelList":{
                  "InterventionArmGroupLabel":[
                    "Buzzy(R)",
                    "Ice Pack",
                    "Lidocaine Patch and Buzzy(R)"
                  ]
                },
                "InterventionOtherNameList":{
                  "InterventionOtherName":[
                    "ice",
                    "coolant"
                  ]
                }
              }
            ]
          }
        },
        "OutcomesModule":{
          "PrimaryOutcomeList":{
            "PrimaryOutcome":[
              {
                "PrimaryOutcomeMeasure":"Mean Post-Procedural Pain Score",
                "PrimaryOutcomeDescription":"Post-procedural pain score on the Wong-Baker FACES scale. Scale from 0-10 with 0 being \"no pain\" and 10 being \"worst pain\".",
                "PrimaryOutcomeTimeFrame":"Day of surgery (last of two study visits), assessed within 3 hours of radioactive tracer injection"
              }
            ]
          },
          "SecondaryOutcomeList":{
            "SecondaryOutcome":[
              {
                "SecondaryOutcomeMeasure":"Short Form McGill Sensory Pain score",
                "SecondaryOutcomeDescription":"Sensory pain score out of 33 with 0 being \"no pain\" and 33 being severe sensory pain",
                "SecondaryOutcomeTimeFrame":"Day of surgery (last of two study visits), assessed within 3 hours of radioactive tracer injection"
              },{
                "SecondaryOutcomeMeasure":"Short Form McGill Affective Pain score",
                "SecondaryOutcomeDescription":"Affective pain score out of 12 with 0 being \"no pain\" and 12 being severe affective pain",
                "SecondaryOutcomeTimeFrame":"Day of surgery (last of two study visits), assessed within 3 hours of radioactive tracer injection"
              },{
                "SecondaryOutcomeMeasure":"Short Form McGill VAS Pain score",
                "SecondaryOutcomeDescription":"Visual analog scale pain score out of 10 with zero being \"no pain\" and 10 being \"worst possible pain\"",
                "SecondaryOutcomeTimeFrame":"Day of surgery (last of two study visits), assessed within 3 hours of radioactive tracer injection"
              },{
                "SecondaryOutcomeMeasure":"Short Form McGill Combined Pain score",
                "SecondaryOutcomeDescription":"Combination of outcomes 2-4. Additive total score between 0 and 55 with zero being \"no pain\" and 55 being \"severe pain\"",
                "SecondaryOutcomeTimeFrame":"Day of surgery (last of two study visits), assessed within 3 hours of radioactive tracer injection"
              },{
                "SecondaryOutcomeMeasure":"Degree of participant satisfaction with attention paid to complaints",
                "SecondaryOutcomeDescription":"1-6 scale with 1 being \"very satisfied\" and 6 being \"very dissatisfied\"",
                "SecondaryOutcomeTimeFrame":"Day of surgery (last of two study visits), assessed within 3 hours of radioactive tracer injection"
              },{
                "SecondaryOutcomeMeasure":"Degree of participant satisfaction with care provided during injection",
                "SecondaryOutcomeDescription":"1-6 scale with 1 being \"very satisfied\" and 6 being \"very dissatisfied\"",
                "SecondaryOutcomeTimeFrame":"Day of surgery (last of two study visits), assessed within 3 hours of radioactive tracer injection"
              },{
                "SecondaryOutcomeMeasure":"Degree of participant satisfaction with pain control",
                "SecondaryOutcomeDescription":"1-6 scale with 1 being \"very satisfied\" and 6 being \"very dissatisfied\"",
                "SecondaryOutcomeTimeFrame":"Day of surgery (last of two study visits), assessed within 3 hours of radioactive tracer injection"
              },{
                "SecondaryOutcomeMeasure":"Degree of anxiety during the injection",
                "SecondaryOutcomeDescription":"1-4 scale with 1 being \"very anxious\" and 4 being \"not at all anxious\"",
                "SecondaryOutcomeTimeFrame":"Day of surgery (last of two study visits), assessed within 3 hours of radioactive tracer injection"
              },{
                "SecondaryOutcomeMeasure":"Recommendation of pain control modality",
                "SecondaryOutcomeDescription":"\"Yes\", \"No\", \"Not sure\" with option for free response",
                "SecondaryOutcomeTimeFrame":"Day of surgery (last of two study visits), assessed within 3 hours of radioactive tracer injection"
              },{
                "SecondaryOutcomeMeasure":"Provider perceived ease of administration",
                "SecondaryOutcomeDescription":"7 point single ease question to rate ease of a task. 1 being \"very difficult\" and 7 being \"very easy\"",
                "SecondaryOutcomeTimeFrame":"Day of surgery (last of two study visits), assessed within 30 minutes of radioactive tracer injection"
              },{
                "SecondaryOutcomeMeasure":"Provider perceived participant pain",
                "SecondaryOutcomeDescription":"11 point numeric rating scale for perceived pain of others. 0 being \"no pain\" and 7-10 being \"severe pain\".",
                "SecondaryOutcomeTimeFrame":"Day of surgery, assessed within 30 minutes of radioactive tracer injection"
              },{
                "SecondaryOutcomeMeasure":"Rank ordering ease of use of interventions",
                "SecondaryOutcomeDescription":"End of study survey to compare providers' perceived usability of intervention. Rank ordering of interventions 1-4 with 1 being \"easiest to administer\" and 4 being \"hardest to administer\".",
                "SecondaryOutcomeTimeFrame":"Last participant off study, up to 1 year"
              },{
                "SecondaryOutcomeMeasure":"Rank ordering perceived efficacy of interventions",
                "SecondaryOutcomeDescription":"End of study survey to compare providers' perceived efficacy of intervention. Rank ordering of interventions 1-4 with 1 being \"best pain control\" and 4 being \"least pain control\".",
                "SecondaryOutcomeTimeFrame":"Last participant off study, up to 1 year"
              }
            ]
          }
        },
        "EligibilityModule":{
          "EligibilityCriteria":"Inclusion Criteria:\n\ngreater than or equal to 18 years of age\nbiopsy proven breast cancer\nstandard radiotracer injection (intradermal injection in the upper outer quadrant of the involved breast)\nradiotracer injection occurs on the same day as sentinel lymph node surgery\n\nExclusion Criteria:\n\nmales\npregnancy\n\nlocal anesthetic allergy or active use of the following medications:\n\nAbametapir (risk X)\nConivaptan (risk X)\nFusidic Acid (risk X)\nIdelalisib (risk X)\nMifepristone (risk D)\nStiripentol (risk D)\nAmiodarone (risk C)\nDofetilide (risk C)\nDronedarone (risk C)\nIbutilide (risk C)\nSotalol (risk C)\nVernakalant (risk C)\nNon-English speaking/reading\nUnable to provide informed consent\nUnable to participate with surveys",
          "HealthyVolunteers":"No",
          "Gender":"Female",
          "MinimumAge":"18 Years",
          "StdAgeList":{
            "StdAge":[
              "Adult",
              "Older Adult"
            ]
          }
        },
        "ContactsLocationsModule":{
          "CentralContactList":{
            "CentralContact":[
              {
                "CentralContactName":"Cancer Connect",
                "CentralContactRole":"Contact",
                "CentralContactPhone":"800-622-8922",
                "CentralContactEMail":"clinicaltrials@cancer.wisc.edu"
              }
            ]
          },
          "OverallOfficialList":{
            "OverallOfficial":[
              {
                "OverallOfficialName":"Heather B Neuman, MD",
                "OverallOfficialAffiliation":"University of Wisconsin Madison School of Medicine and Public Health",
                "OverallOfficialRole":"Principal Investigator"
              }
            ]
          },
          "LocationList":{
            "Location":[
              {
                "LocationFacility":"University of Wisconsin School of Medicine and Public Health",
                "LocationCity":"Madison",
                "LocationState":"Wisconsin",
                "LocationZip":"53792",
                "LocationCountry":"United States",
                "LocationContactList":{
                  "LocationContact":[
                    {
                      "LocationContactName":"Cancer Connect",
                      "LocationContactRole":"Contact",
                      "LocationContactPhone":"800-622-8922",
                      "LocationContactEMail":"clinicaltrials@cancer.wisc.edu"
                    },{
                      "LocationContactName":"Heather Neuman, MD, MS",
                      "LocationContactRole":"Principal Investigator"
                    }
                  ]
                }
              }
            ]
          }
        },
        "IPDSharingStatementModule":{
          "IPDSharing":"No"
        }
      },
      "DerivedSection":{
        "MiscInfoModule":{
          "VersionHolder":"April 19, 2021"
        },
        "ConditionBrowseModule":{
          "ConditionMeshList":{
            "ConditionMesh":[
              {
                "ConditionMeshId":"D000001943",
                "ConditionMeshTerm":"Breast Neoplasms"
              }
            ]
          },
          "ConditionAncestorList":{
            "ConditionAncestor":[
              {
                "ConditionAncestorId":"D000009371",
                "ConditionAncestorTerm":"Neoplasms by Site"
              },{
                "ConditionAncestorId":"D000009369",
                "ConditionAncestorTerm":"Neoplasms"
              },{
                "ConditionAncestorId":"D000001941",
                "ConditionAncestorTerm":"Breast Diseases"
              },{
                "ConditionAncestorId":"D000012871",
                "ConditionAncestorTerm":"Skin Diseases"
              }
            ]
          },
          "ConditionBrowseLeafList":{
            "ConditionBrowseLeaf":[
              {
                "ConditionBrowseLeafId":"M3802",
                "ConditionBrowseLeafName":"Breast Neoplasms",
                "ConditionBrowseLeafAsFound":"Breast Cancer",
                "ConditionBrowseLeafRelevance":"high"
              },{
                "ConditionBrowseLeafId":"M11649",
                "ConditionBrowseLeafName":"Pain",
                "ConditionBrowseLeafRelevance":"low"
              },{
                "ConditionBrowseLeafId":"M3800",
                "ConditionBrowseLeafName":"Breast Diseases",
                "ConditionBrowseLeafRelevance":"low"
              },{
                "ConditionBrowseLeafId":"M14257",
                "ConditionBrowseLeafName":"Skin Diseases",
                "ConditionBrowseLeafRelevance":"low"
              }
            ]
          },
          "ConditionBrowseBranchList":{
            "ConditionBrowseBranch":[
              {
                "ConditionBrowseBranchAbbrev":"BC04",
                "ConditionBrowseBranchName":"Cancers and Other Neoplasms"
              },{
                "ConditionBrowseBranchAbbrev":"BC17",
                "ConditionBrowseBranchName":"Skin and Connective Tissue Diseases"
              },{
                "ConditionBrowseBranchAbbrev":"All",
                "ConditionBrowseBranchName":"All Conditions"
              },{
                "ConditionBrowseBranchAbbrev":"BC23",
                "ConditionBrowseBranchName":"Symptoms and General Pathology"
              }
            ]
          }
        },
        "InterventionBrowseModule":{
          "InterventionMeshList":{
            "InterventionMesh":[
              {
                "InterventionMeshId":"D000008012",
                "InterventionMeshTerm":"Lidocaine"
              }
            ]
          },
          "InterventionAncestorList":{
            "InterventionAncestor":[
              {
                "InterventionAncestorId":"D000000779",
                "InterventionAncestorTerm":"Anesthetics, Local"
              },{
                "InterventionAncestorId":"D000000777",
                "InterventionAncestorTerm":"Anesthetics"
              },{
                "InterventionAncestorId":"D000002492",
                "InterventionAncestorTerm":"Central Nervous System Depressants"
              },{
                "InterventionAncestorId":"D000045505",
                "InterventionAncestorTerm":"Physiological Effects of Drugs"
              },{
                "InterventionAncestorId":"D000018689",
                "InterventionAncestorTerm":"Sensory System Agents"
              },{
                "InterventionAncestorId":"D000018373",
                "InterventionAncestorTerm":"Peripheral Nervous System Agents"
              },{
                "InterventionAncestorId":"D000000889",
                "InterventionAncestorTerm":"Anti-Arrhythmia Agents"
              },{
                "InterventionAncestorId":"D000061567",
                "InterventionAncestorTerm":"Voltage-Gated Sodium Channel Blockers"
              },{
                "InterventionAncestorId":"D000026941",
                "InterventionAncestorTerm":"Sodium Channel Blockers"
              },{
                "InterventionAncestorId":"D000049990",
                "InterventionAncestorTerm":"Membrane Transport Modulators"
              },{
                "InterventionAncestorId":"D000045504",
                "InterventionAncestorTerm":"Molecular Mechanisms of Pharmacological Action"
              }
            ]
          },
          "InterventionBrowseLeafList":{
            "InterventionBrowseLeaf":[
              {
                "InterventionBrowseLeafId":"M2690",
                "InterventionBrowseLeafName":"Anesthetics, Local",
                "InterventionBrowseLeafRelevance":"low"
              },{
                "InterventionBrowseLeafId":"M2688",
                "InterventionBrowseLeafName":"Anesthetics",
                "InterventionBrowseLeafRelevance":"low"
              },{
                "InterventionBrowseLeafId":"M9597",
                "InterventionBrowseLeafName":"Lidocaine",
                "InterventionBrowseLeafAsFound":"Women",
                "InterventionBrowseLeafRelevance":"high"
              },{
                "InterventionBrowseLeafId":"M2794",
                "InterventionBrowseLeafName":"Anti-Arrhythmia Agents",
                "InterventionBrowseLeafRelevance":"low"
              },{
                "InterventionBrowseLeafId":"M21761",
                "InterventionBrowseLeafName":"Sodium Channel Blockers",
                "InterventionBrowseLeafRelevance":"low"
              },{
                "InterventionBrowseLeafId":"M28612",
                "InterventionBrowseLeafName":"Diuretics, Potassium Sparing",
                "InterventionBrowseLeafRelevance":"low"
              }
            ]
          },
          "InterventionBrowseBranchList":{
            "InterventionBrowseBranch":[
              {
                "InterventionBrowseBranchAbbrev":"CNSDep",
                "InterventionBrowseBranchName":"Central Nervous System Depressants"
              },{
                "InterventionBrowseBranchAbbrev":"All",
                "InterventionBrowseBranchName":"All Drugs and Chemicals"
              },{
                "InterventionBrowseBranchAbbrev":"AnArAg",
                "InterventionBrowseBranchName":"Anti-Arrhythmia Agents"
              },{
                "InterventionBrowseBranchAbbrev":"ChanBlk",
                "InterventionBrowseBranchName":"Channel Blockers"
              }
            ]
          }
        }
      }
    }
  }
}

