{
  "FullStudy":{
    "Rank":1539,
    "Study":{
      "ProtocolSection":{
        "IdentificationModule":{
          "NCTId":"NCT04829929",
          "OrgStudyIdInfo":{
            "OrgStudyId":"Omega"
          },
          "Organization":{
            "OrgFullName":"Eclipse Medical Ltd.",
            "OrgClass":"INDUSTRY"
          },
          "BriefTitle":"Evaluation od Safety and Performance of the Omega™ LAA (Left Atrial Appendage) Occluder and Omega™ Delivery System in Patients With Non-Valvular Atrial Fibrillation and High Bleeding Risk",
          "OfficialTitle":"Prospective, Single-arm Study to Assess the Safety and Performance of the Omega™ Left Atrial Appendage (LAA) Occluder and Omega™ Delivery System in Patients With Non-Valvular Atrial Fibrillation and High Bleeding Risk",
          "Acronym":"Omega"
        },
        "StatusModule":{
          "StatusVerifiedDate":"April 2021",
          "OverallStatus":"Recruiting",
          "ExpandedAccessInfo":{
            "HasExpandedAccess":"No"
          },
          "StartDateStruct":{
            "StartDate":"November 17, 2020",
            "StartDateType":"Actual"
          },
          "PrimaryCompletionDateStruct":{
            "PrimaryCompletionDate":"March 17, 2022",
            "PrimaryCompletionDateType":"Anticipated"
          },
          "CompletionDateStruct":{
            "CompletionDate":"November 17, 2023",
            "CompletionDateType":"Anticipated"
          },
          "StudyFirstSubmitDate":"March 24, 2021",
          "StudyFirstSubmitQCDate":"April 1, 2021",
          "StudyFirstPostDateStruct":{
            "StudyFirstPostDate":"April 2, 2021",
            "StudyFirstPostDateType":"Actual"
          },
          "LastUpdateSubmitDate":"April 1, 2021",
          "LastUpdatePostDateStruct":{
            "LastUpdatePostDate":"April 2, 2021",
            "LastUpdatePostDateType":"Actual"
          }
        },
        "SponsorCollaboratorsModule":{
          "ResponsibleParty":{
            "ResponsiblePartyType":"Sponsor"
          },
          "LeadSponsor":{
            "LeadSponsorName":"Eclipse Medical Ltd.",
            "LeadSponsorClass":"INDUSTRY"
          }
        },
        "OversightModule":{
          "OversightHasDMC":"No",
          "IsFDARegulatedDrug":"No",
          "IsFDARegulatedDevice":"No"
        },
        "DescriptionModule":{
          "BriefSummary":"The purpose of the study is to assess the safety and performance of the Omega™ LAA (Left Atrial Appendage) Occluder and Omega™ Delivery System in LAA (Left Atrial Appendage) closure for patients with non-valvular atrial fibrillation (NVAF) and high bleeding risk.",
          "DetailedDescription":"Omega™ LAA (Left Atrial Appendage) Occluder used in combination with the indicated Omega™ Delivery System is a permanent implant to the left atrial appendage for percutaneous insertion. LLA (Left Atrial Appendage) occlusion appears to be a feasible option for stroke reduction in AF patients at high risk for stroke, who are contraindicated for anticoagulation or who suffered a stroke despite OC. This study will evaluate safety and performance, using a study design which is based on inputs from pre-clinical testing, the risk analysis and data available from other LAA (Left Atrial Appendage) devices."
        },
        "ConditionsModule":{
          "ConditionList":{
            "Condition":[
              "Non-Valvular Atrial Fibrillation"
            ]
          },
          "KeywordList":{
            "Keyword":[
              "non-valvular atrial fibrillation",
              "left atrial appendage",
              "occluder",
              "LAA occluder",
              "high bleeding risk"
            ]
          }
        },
        "DesignModule":{
          "StudyType":"Interventional",
          "PhaseList":{
            "Phase":[
              "Not Applicable"
            ]
          },
          "DesignInfo":{
            "DesignAllocation":"N/A",
            "DesignInterventionModel":"Single Group Assignment",
            "DesignPrimaryPurpose":"Treatment",
            "DesignMaskingInfo":{
              "DesignMasking":"None (Open Label)"
            }
          },
          "EnrollmentInfo":{
            "EnrollmentCount":"150",
            "EnrollmentType":"Anticipated"
          }
        },
        "ArmsInterventionsModule":{
          "ArmGroupList":{
            "ArmGroup":[
              {
                "ArmGroupLabel":"One arm",
                "ArmGroupType":"Experimental",
                "ArmGroupDescription":"Patients with Non-Valvular Atrial Fibrillation and High Bleeding Risk",
                "ArmGroupInterventionList":{
                  "ArmGroupInterventionName":[
                    "Device: Omega™LAA Occluder implantation"
                  ]
                }
              }
            ]
          },
          "InterventionList":{
            "Intervention":[
              {
                "InterventionType":"Device",
                "InterventionName":"Omega™LAA Occluder implantation",
                "InterventionDescription":"Left Atrial Appendage closure for patients with non-valvular atrial fibrillation (NVAF) and high bleeding risk by Omega™LAA Occluder using Omega™ Delivery System",
                "InterventionArmGroupLabelList":{
                  "InterventionArmGroupLabel":[
                    "One arm"
                  ]
                }
              }
            ]
          }
        },
        "OutcomesModule":{
          "PrimaryOutcomeList":{
            "PrimaryOutcome":[
              {
                "PrimaryOutcomeMeasure":"LAA (Left Atrial Appendage) closure",
                "PrimaryOutcomeDescription":"The closure is defined as complete seal or efficient seal with a peri-device leak ≤ 5 mm and assessed by Transthoracic or Transoesophageal Echo or cardiac computed tomography",
                "PrimaryOutcomeTimeFrame":"According to the local standards of care post-procedural (First in-hospital follow-up visit which will take place around 1-3 months after the procedure - depending on local treatment standards)"
              },{
                "PrimaryOutcomeMeasure":"Device related complications",
                "PrimaryOutcomeDescription":"Serious adverse events (SAE)",
                "PrimaryOutcomeTimeFrame":"According to the local standards of care post-procedural (First in-hospital follow-up visit which will take place around 1-3 months after the procedure - depending on local treatment standards)"
              }
            ]
          },
          "SecondaryOutcomeList":{
            "SecondaryOutcome":[
              {
                "SecondaryOutcomeMeasure":"Procedure-related complications",
                "SecondaryOutcomeDescription":"All Serious Adverse Events",
                "SecondaryOutcomeTimeFrame":"Up to 7 days post-procedure"
              },{
                "SecondaryOutcomeMeasure":"Device-related complications",
                "SecondaryOutcomeDescription":"All Serious Adverse Events including device thrombus",
                "SecondaryOutcomeTimeFrame":"24 months"
              },{
                "SecondaryOutcomeMeasure":"Major bleeding",
                "SecondaryOutcomeDescription":"Major bleeding defined as ≥ BARC (Bleeding Academic Research Consortium) 3 bleed",
                "SecondaryOutcomeTimeFrame":"24 months"
              },{
                "SecondaryOutcomeMeasure":"Ischemic stroke",
                "SecondaryOutcomeDescription":"Confirmed by Neurologic assessment and appropriate CT (Computed Tomography)/MR (Magnetic Resonance) imaging",
                "SecondaryOutcomeTimeFrame":"24 months"
              },{
                "SecondaryOutcomeMeasure":"Systemic embolism",
                "SecondaryOutcomeDescription":"Confirmed by appropriate imaging",
                "SecondaryOutcomeTimeFrame":"24 months"
              },{
                "SecondaryOutcomeMeasure":"Pericardial effusion/tamponade",
                "SecondaryOutcomeDescription":"Confirmed by appropriate imaging",
                "SecondaryOutcomeTimeFrame":"24 months"
              },{
                "SecondaryOutcomeMeasure":"Technical success at implant",
                "SecondaryOutcomeDescription":"No device-related complications, occlusion of the left atrial appendage",
                "SecondaryOutcomeTimeFrame":"According to the local standards of care post-procedural (First in-hospital follow-up visit which will take place around 1-3 months after the procedure - depending on local treatment standards)"
              },{
                "SecondaryOutcomeMeasure":"Procedural success",
                "SecondaryOutcomeDescription":"Technical success, no procedure-related complications except uncomplicated (minor) device embolization resolved by percutaneous retrieval during the procedure without surgical intervention or damage to surrounding cardiovascular structures",
                "SecondaryOutcomeTimeFrame":"According to the local standards of care post-procedural (First in-hospital follow-up visit which will take place around 1-3 months after the procedure - depending on local treatment standards)"
              }
            ]
          }
        },
        "EligibilityModule":{
          "EligibilityCriteria":"Inclusion Criteria:\n\n18 years of age or older\nDocumented paroxysmal, persistent, or permanent non-valvular atrial fibrillation (AF)\nAt increased risk of stroke or systemic embolism defined as CHADS2 score (Risk of Stroke with AF\". VA Palo Alto Medical Center and at Stanford University: the Sportsmedicine Program and the Cardiomyopathy Clinic: Congestive/Hypertension/Age/Diabetes/Stroke): ≥ 2 or a CHA2DS2-VASc score (Congestive/Hypertension/Age/Diabetes/Stroke/Vascular disease/Sex) ≥ 3\nDeemed, by investigator, to be unsuitable or contraindicated for long term oral anticoagulation therapy due to high bleeding risk\nTo have suitable anatomy for percutaneous Left Atrial Appendage occlusion procedure with a single Omega™ device\nAble and willing to comply with the required medication regimen post-device implant\nAble to understand and willing to provide written informed consent to participate in the study\nAble to and willing to return for required follow-up visits and examinations.\n\nExclusion Criteria:\n\nRequires long-term oral anticoagulation therapy for any indication other than atrial fibrillation\nContraindicated for or allergic to aspirin/clopidogrel, warfarin or novel oral anticoagulant (NOAC) use\nImplanted with a mechanical heart valve prosthesis thus requiring long term oral anticoagulation\nHas any contraindications for a percutaneous catheterization procedure (e.g. subject is too small to accommodate the transoesophageal echocardiogram (TEE/TOE) probe or required catheters, or subject has active infection or bleeding disorder)\nWomen of childbearing potential who are, or plan to become, pregnant during the time of the study (method of assessment per physician discretion)\nStroke or transient ischemic attack (TIA) within 6 weeks prior to implant procedure\nUnderwent any cardiac or non-cardiac intervention or surgery within 30 days prior to implant, or intervention or surgery is planned within 60 days after implant procedure\nMyocardial infarction (MI) within 90 days prior to implant\nNew York Heart Association Class IV Congestive Heart Failure\nLeft ventricular ejection Fraction (LVEF) ≤ 30%\nReversible cause of AF (i.e. secondary thyroid disorders, acute alcohol intoxication, trauma, recent major surgical procedures)\nLeft atrial appendage is obliterated or surgically ligated\nResting heart rate >110 bpm\nThrombocytopenia (defined as < 70,000 platelets/mm3) or anaemia with haemoglobin concentration of < 10 g/dl (i.e. anaemia as determined by the investigator which would require transfusion)\nActively enrolled or plans to enrol in a concurrent clinical study in which the active treatment arm may confound the results of this trial\nActive endocarditis or other infection producing bacteraemia\nSubject has a known malignancy or other illness where life expectancy is less than 2 years\nImpaired renal function with eGFR (Estimated Glomerular Filtration Rate) <40 ml/min/1.73 m2\nMore than mild hepatic failure, i.e. ALT (Alanine Aminotransferase), AST (Aspartate Aminotransferase), or Alkalic Phosphatase >2× upper limit of normal\n\nEchocardiographic Exclusion Criteria:\n\nIntracardiac thrombus - including Left Atrial Appendage - visualized by echocardiographic imaging\nExisting circumferential pericardial effusion >2mm\nSignificant mitral valve stenosis (i.e. mitral valve area <1.5 cm2)\nHigh risk patent foramen ovale (PFO), defined as an atrial septal aneurysm (atrial septal excursion >15mm; excursion defined as maximal protrusion of the ASA (Atrial Septal Aneurysm) beyond the plane of the atrial septum during cardiac cycle) or large shunt (substantial passage of bubbles, i.e. ≥ 25, within 3 cardiac cycles from appearing in the right atrium)\nComplex atheroma with mobile plaque of the descending aorta and/or aortic arch\nCardiac tumour\nLeft Atrial Appendage anatomy cannot accommodate an Omega™ device (as per IFU)\nPlacement of the device would interfere with any intracardiac or intravascular structure.",
          "HealthyVolunteers":"No",
          "Gender":"All",
          "MinimumAge":"18 Years",
          "StdAgeList":{
            "StdAge":[
              "Adult",
              "Older Adult"
            ]
          }
        },
        "ContactsLocationsModule":{
          "CentralContactList":{
            "CentralContact":[
              {
                "CentralContactName":"Aidan Mulloy",
                "CentralContactRole":"Contact",
                "CentralContactPhone":"+353 86 2643 765",
                "CentralContactEMail":"aidan@eclipse-med.com"
              }
            ]
          },
          "OverallOfficialList":{
            "OverallOfficial":[
              {
                "OverallOfficialName":"Horst Sievert, profesor",
                "OverallOfficialAffiliation":"Cardio Vasculares Centrum, Seckbacher Landstrasse 65, 60389 Frankfurt, Germany",
                "OverallOfficialRole":"Principal Investigator"
              }
            ]
          },
          "LocationList":{
            "Location":[
              {
                "LocationFacility":"Rigshospitalet, Kardiologisk klinik B 2011",
                "LocationStatus":"Recruiting",
                "LocationCity":"København",
                "LocationZip":"2100",
                "LocationCountry":"Denmark",
                "LocationContactList":{
                  "LocationContact":[
                    {
                      "LocationContactName":"Ole de Backer, MD, PhD",
                      "LocationContactRole":"Contact",
                      "LocationContactEMail":"ole.de.backer@regionh.dk"
                    }
                  ]
                }
              }
            ]
          }
        }
      },
      "DerivedSection":{
        "MiscInfoModule":{
          "VersionHolder":"April 19, 2021"
        },
        "ConditionBrowseModule":{
          "ConditionMeshList":{
            "ConditionMesh":[
              {
                "ConditionMeshId":"D000001281",
                "ConditionMeshTerm":"Atrial Fibrillation"
              },{
                "ConditionMeshId":"D000006470",
                "ConditionMeshTerm":"Hemorrhage"
              }
            ]
          },
          "ConditionAncestorList":{
            "ConditionAncestor":[
              {
                "ConditionAncestorId":"D000001145",
                "ConditionAncestorTerm":"Arrhythmias, Cardiac"
              },{
                "ConditionAncestorId":"D000006331",
                "ConditionAncestorTerm":"Heart Diseases"
              },{
                "ConditionAncestorId":"D000002318",
                "ConditionAncestorTerm":"Cardiovascular Diseases"
              },{
                "ConditionAncestorId":"D000010335",
                "ConditionAncestorTerm":"Pathologic Processes"
              }
            ]
          },
          "ConditionBrowseLeafList":{
            "ConditionBrowseLeaf":[
              {
                "ConditionBrowseLeafId":"M8139",
                "ConditionBrowseLeafName":"Hemorrhage",
                "ConditionBrowseLeafAsFound":"Bleeding",
                "ConditionBrowseLeafRelevance":"high"
              },{
                "ConditionBrowseLeafId":"M3167",
                "ConditionBrowseLeafName":"Atrial Fibrillation",
                "ConditionBrowseLeafAsFound":"Atrial Fibrillation",
                "ConditionBrowseLeafRelevance":"high"
              },{
                "ConditionBrowseLeafId":"M3034",
                "ConditionBrowseLeafName":"Arrhythmias, Cardiac",
                "ConditionBrowseLeafRelevance":"low"
              },{
                "ConditionBrowseLeafId":"M8002",
                "ConditionBrowseLeafName":"Heart Diseases",
                "ConditionBrowseLeafRelevance":"low"
              }
            ]
          },
          "ConditionBrowseBranchList":{
            "ConditionBrowseBranch":[
              {
                "ConditionBrowseBranchAbbrev":"BC23",
                "ConditionBrowseBranchName":"Symptoms and General Pathology"
              },{
                "ConditionBrowseBranchAbbrev":"All",
                "ConditionBrowseBranchName":"All Conditions"
              },{
                "ConditionBrowseBranchAbbrev":"BC14",
                "ConditionBrowseBranchName":"Heart and Blood Diseases"
              }
            ]
          }
        }
      }
    }
  }
}

