{
  "FullStudy":{
    "Rank":1586,
    "Study":{
      "ProtocolSection":{
        "IdentificationModule":{
          "NCTId":"NCT04829318",
          "OrgStudyIdInfo":{
            "OrgStudyId":"CR108992"
          },
          "SecondaryIdInfoList":{
            "SecondaryIdInfo":[
              {
                "SecondaryId":"2020-004291-18",
                "SecondaryIdType":"EudraCT Number"
              },{
                "SecondaryId":"54135419TRD4010",
                "SecondaryIdType":"Other Identifier",
                "SecondaryIdDomain":"Janssen-Cilag Ltd."
              }
            ]
          },
          "Organization":{
            "OrgFullName":"Janssen-Cilag Ltd.",
            "OrgClass":"INDUSTRY"
          },
          "BriefTitle":"A Long-Term Extension Study for Participants With Treatment-resistant Major Depressive Disorder Who Are Continuing Esketamine Nasal Spray Treatment",
          "OfficialTitle":"Open-label Long-Term Extension Study for Participants With Treatment-Resistant Major Depressive Disorder Who Are Continuing Esketamine Nasal Spray Treatment From Study 54135419TRD3013",
          "Acronym":"ESCAPE-LTE"
        },
        "StatusModule":{
          "StatusVerifiedDate":"March 2021",
          "OverallStatus":"Not yet recruiting",
          "ExpandedAccessInfo":{
            "HasExpandedAccess":"No"
          },
          "StartDateStruct":{
            "StartDate":"April 26, 2021",
            "StartDateType":"Anticipated"
          },
          "PrimaryCompletionDateStruct":{
            "PrimaryCompletionDate":"August 5, 2024",
            "PrimaryCompletionDateType":"Anticipated"
          },
          "CompletionDateStruct":{
            "CompletionDate":"August 5, 2024",
            "CompletionDateType":"Anticipated"
          },
          "StudyFirstSubmitDate":"April 1, 2021",
          "StudyFirstSubmitQCDate":"April 1, 2021",
          "StudyFirstPostDateStruct":{
            "StudyFirstPostDate":"April 2, 2021",
            "StudyFirstPostDateType":"Actual"
          },
          "LastUpdateSubmitDate":"April 1, 2021",
          "LastUpdatePostDateStruct":{
            "LastUpdatePostDate":"April 2, 2021",
            "LastUpdatePostDateType":"Actual"
          }
        },
        "SponsorCollaboratorsModule":{
          "ResponsibleParty":{
            "ResponsiblePartyType":"Sponsor"
          },
          "LeadSponsor":{
            "LeadSponsorName":"Janssen-Cilag Ltd.",
            "LeadSponsorClass":"INDUSTRY"
          }
        },
        "OversightModule":{
          "OversightHasDMC":"No",
          "IsFDARegulatedDrug":"Yes",
          "IsFDARegulatedDevice":"No",
          "IsUSExport":"Yes"
        },
        "DescriptionModule":{
          "BriefSummary":"The primary purpose of this study is to assess the long-term safety and tolerability of esketamine nasal spray in combination with a selective serotonin reuptake inhibitor/serotonin-norepinephrine reuptake inhibitor (SSRI/SNRI) in participants who have completed 32 weeks of esketamine nasal spray treatment in Study 54135419TRD3013 (NCT04338321)."
        },
        "ConditionsModule":{
          "ConditionList":{
            "Condition":[
              "Depressive Disorder, Major"
            ]
          }
        },
        "DesignModule":{
          "StudyType":"Interventional",
          "PhaseList":{
            "Phase":[
              "Phase 4"
            ]
          },
          "DesignInfo":{
            "DesignAllocation":"N/A",
            "DesignInterventionModel":"Single Group Assignment",
            "DesignPrimaryPurpose":"Treatment",
            "DesignMaskingInfo":{
              "DesignMasking":"None (Open Label)"
            }
          },
          "EnrollmentInfo":{
            "EnrollmentCount":"203",
            "EnrollmentType":"Anticipated"
          }
        },
        "ArmsInterventionsModule":{
          "ArmGroupList":{
            "ArmGroup":[
              {
                "ArmGroupLabel":"Esketamine",
                "ArmGroupType":"Experimental",
                "ArmGroupDescription":"Participants who were randomly assigned to the esketamine arm in Study 54135419TRD3013 (NCT04338321), had esketamine nasal spray administered through Week 30 (every 2 weeks dosing) or Week 31 (once weekly dosing), completed the maintenance phase at Week 32 will continue to receive esketamine nasal spray once weekly or every 2 weeks along with serotonin-norepinephrine reuptake inhibitor/selective serotonin reuptake inhibitor (SSRI/SNRI) in this long-term extension (LTE) study. Participants will receive esketamine nasal spray until it is commercially available in participant's country.",
                "ArmGroupInterventionList":{
                  "ArmGroupInterventionName":[
                    "Drug: Esketamine",
                    "Drug: SSRI/SNRI"
                  ]
                }
              }
            ]
          },
          "InterventionList":{
            "Intervention":[
              {
                "InterventionType":"Drug",
                "InterventionName":"Esketamine",
                "InterventionDescription":"Esketamine will be self-administered as nasal spray.",
                "InterventionArmGroupLabelList":{
                  "InterventionArmGroupLabel":[
                    "Esketamine"
                  ]
                }
              },{
                "InterventionType":"Drug",
                "InterventionName":"SSRI/SNRI",
                "InterventionDescription":"Participants will continue to take SSRI/SNRI that is approved for use in depression in their country of participation; off-label use of any SSRI/SNRI is not permitted. The continuing SSRI/SNRI dosage may be optimized throughout the study, at the investigator's discretion and based on the summary of product characteristics (SmPC) (or local equivalent, if applicable). During this LTE study, investigators will be allowed to switch individual participant's SSRI/SNRI for tolerability issues.",
                "InterventionArmGroupLabelList":{
                  "InterventionArmGroupLabel":[
                    "Esketamine"
                  ]
                }
              }
            ]
          }
        },
        "OutcomesModule":{
          "PrimaryOutcomeList":{
            "PrimaryOutcome":[
              {
                "PrimaryOutcomeMeasure":"Percentage of Participants with Intervention-emergent Adverse Events (AEs)",
                "PrimaryOutcomeDescription":"Intervention-emergent AEs are AEs occurring or worsening in severity after the start of study intervention. An AE is any untoward medical occurrence attributed to study drug in a participant who received study drug.",
                "PrimaryOutcomeTimeFrame":"Up to Week 104"
              },{
                "PrimaryOutcomeMeasure":"Percentage of Participants with Intervention-emergent AEs of special interest (AESI)",
                "PrimaryOutcomeDescription":"Percentage of Participants with Intervention-emergent (AESI) will be summarized separately grouped by category (sedation, dissociation, events suggestive of abuse potential, cystitis, hepatic impairment, and suicidality [including suicidal ideation and behavior] will be reported.",
                "PrimaryOutcomeTimeFrame":"Up to Week 104"
              },{
                "PrimaryOutcomeMeasure":"Suicidal Ideation and Behavior as Assessed by Columbia-suicide Severity Rating Scale (C-SSRS) Score",
                "PrimaryOutcomeDescription":"Suicidal ideation or behavior will be measured using C-SSRS score. C-SSRS is a clinician rated assessment of suicidal behavior and/ or intent. Scale consists of 28 items in 4 sections: suicide behavior, actual attempts, suicidal ideation, and intensity of ideation. Suicidal ideation consists of 5 yes/no items: wish to be dead, non-specific active suicidal thoughts, active suicidal ideation with any methods (not plan) without intention to act, active suicidal ideation with some intent to act without specific plan, active suicidal ideation with specific plan and intent. Worsening of suicidal ideation will be an increase in severity of suicidal ideation from baseline.",
                "PrimaryOutcomeTimeFrame":"Up to Week 104"
              }
            ]
          },
          "SecondaryOutcomeList":{
            "SecondaryOutcome":[
              {
                "SecondaryOutcomeMeasure":"Percentage of Participants with no Relapse Until the end of the Prospective Observation Period at Week 104",
                "SecondaryOutcomeDescription":"Percentage of participants with no relapse until the end of the prospective observation period at Week 104 will be reported. A relapse is defined by any of following: (a) Worsening of depressive symptoms as indicated by montgomery-asberg depression rating scale (MADRS) total score greater than or equal to (>=) 22 confirmed by 1 additional assessment of MADRS total score >=22 within the next 14 to 28 days. The date of the second MADRS assessment will be used for the date of relapse; (b) Any psychiatric hospitalization for: worsening of depression, suicide prevention or due to a suicide attempt for any of these events, the start date of hospitalization will be used for the date of relapse; (c) Suicide attempt, completed suicide, or any other clinically relevant event determined per the investigator's clinical judgment to be indicative of a relapse of depressive illness, but for which the participant was not hospitalized. The onset of the event will be used for the date of relapse.",
                "SecondaryOutcomeTimeFrame":"Week 104"
              },{
                "SecondaryOutcomeMeasure":"Change from Baseline in Study 54135419TRD3013 with Clinician-rated MADRS Scale Score",
                "SecondaryOutcomeDescription":"The MADRS is a clinician-rated scale designed to measure depression severity and detect changes due to anti-depressants (AD) treatment. The scale consists of 10 items, each of which is scored from 0 (item not present or normal) to 6 (severe or continuous presence of the symptoms), for a total possible score of 60. Higher scores represent a more severe condition. The MADRS evaluates apparent sadness, reported sadness, inner tension, sleep, appetite, concentration, lassitude, inability to feel (interest level), pessimistic thoughts, and suicidal thoughts.",
                "SecondaryOutcomeTimeFrame":"Baseline, up to Week 104"
              },{
                "SecondaryOutcomeMeasure":"Change from Baseline in Study 54135419TRD3013 with Clinical Global Impression -severity (CGI-S) Scale Score",
                "SecondaryOutcomeDescription":"The CGI-S measures illness severity and is rated on a 7-point scale, with the severity of illness scale using a range of responses from 1 (normal) through to 7 (among the most severely ill participants).",
                "SecondaryOutcomeTimeFrame":"Baseline, up to Week 104"
              },{
                "SecondaryOutcomeMeasure":"Change from Baseline in Study 54135419TRD3013 with Patient Health Questionnaire (PHQ) 9-item Total Score",
                "SecondaryOutcomeDescription":"The PHQ-9 is a validated 9-item, patient-reported outcome (PRO) measure to assess depressive symptoms. The scale scores each of the 9-symptom domains of the Diagnostic and Statistical Manual of Mental Disorders, fifth edition major depressive disorder (DSM-5 MDD) criteria. Each item is rated on a 4 point scale (0=not at all, 1=several days, 2=more than half the days, and 3=nearly every day). The participant's item responses are summed to provide a total score (range of 0 to 27), with higher scores indicating greater severity of depressive symptoms.",
                "SecondaryOutcomeTimeFrame":"Baseline, up to Week 104"
              },{
                "SecondaryOutcomeMeasure":"Change from Baseline in Study 54135419TRD3013 with European Quality of Life (EuroQol) Group, 5 Dimension, 5-Level (EQ-5D-5L) Questionnaire Score",
                "SecondaryOutcomeDescription":"The EQ-5D-5L is standardized instrument for use as measure of health outcome, primarily designed for self-completion by respondents. It consists of EQ-5D-5L descriptive system and EQ-VAS. EQ-5D-5L descriptive system comprises the following 5 dimensions: Mobility, self-care, usual activities, pain/discomfort and anxiety/depression. Each of 5 dimensions is divided into 5 levels of perceived problems (1 indicating no problem, 2 indicating slight problems, 3 indicating moderate problems, 4 indicating severe problems, 5 indicating extreme problems). Participant selects an answer for each of 5 dimensions considering the response that best matches his or her health \"today\". The responses to the 5 dimensions are used to compute a single score ranging from 0 (worst health state) to 100 (better health state) representing the general health status of the individual.",
                "SecondaryOutcomeTimeFrame":"Baseline, up to Week 104"
              }
            ]
          }
        },
        "EligibilityModule":{
          "EligibilityCriteria":"Inclusion Criteria:\n\nCompleted the maintenance phase (Week 32) of Study 54135419TRD3013 (NCT04338321) and had esketamine nasal spray in combination with continuing selective serotonin reuptake inhibitor/serotonin-norepinephrine reuptake inhibitor (SSRI/SNRI) administered through Week 30 (every 2 week dosing) or Week 31 (once weekly dosing) of Study 54135419TRD3013, and continues to be willing to be treated with esketamine nasal spray\nMust, in the opinion of the investigator, be benefiting from continuation of esketamine nasal spray in combination with their current SSRI/SNRI based on efficacy and tolerability assessed on Day 1 of this study\nMust be medically stable based on the investigator's judgment\nA woman of childbearing potential must have a negative urine pregnancy test on Day 1\nMale participants who are sexually active with a woman of childbearing potential must agree to the following during the intervention period and for at least 1 spermatogenesis cycle (defined as approximately 90 days) after receiving the last dose of study intervention (that is, esketamine nasal spray), must fulfill the following criteria: must be practicing a highly effective method of contraception with his female partner, must use a condom if his partner is pregnant, and must agree not to donate sperm\n\nExclusion Criteria:\n\nHas any condition for which, in the opinion of the investigator, participation would not be in the best interest of the participant (example, compromise the well-being) or that could prevent, limit, or confound the protocol-specified assessments\nCompleted Study 54135419TRD3013 while presenting adverse events deemed clinically relevant by the investigator, and which may interfere with safety and well-being of the participant\nHas developed during participation in Study 54135419TRD3013 any of the following cardiovascular-related conditions where an increase in blood pressure or intracranial pressure poses a serious risk: cerebrovascular disease following stroke or transient ischemic attack, aneurysmal vascular disease (including intracranial, thoracic, or abdominal aorta, or peripheral arterial vessels), intracerebral hemorrhage, coronary artery disease following myocardial infarction, unstable angina, or revascularization procedure (example, coronary angioplasty or bypass graft surgery), uncontrolled brady- or tachyarrhythmias that lead to hemodynamic instability, hemodynamically significant valvular heart disease such as mitral regurgitation, aortic stenosis, or aortic regurgitation or heart failure (New York Heart Association [NYHA] Class III-IV) of any etiology\nSignificant pulmonary insufficiency, including chronic obstructive pulmonary disease\nHas homicidal ideation or intent, per the investigator's clinical judgment; or has suicidal ideation with some intent to act within 1 month prior to Day 1, per the investigator's clinical judgment; or based on the Columbia-suicide severity rating scale (C-SSRS) performed at Week 32 visit of Study 54135419TRD3013, corresponding to a response of \"Yes\" on Item 4 (active suicidal ideation with some intent to act, without specific plan) or Item 5 (active suicidal ideation with specific plan and intent) for suicidal ideation\nPregnant, or breast-feeding, or planning to become pregnant while enrolled in this study or within 90 days after the last dose of study intervention",
          "HealthyVolunteers":"No",
          "Gender":"All",
          "MinimumAge":"18 Years",
          "MaximumAge":"74 Years",
          "StdAgeList":{
            "StdAge":[
              "Adult",
              "Older Adult"
            ]
          }
        },
        "ContactsLocationsModule":{
          "CentralContactList":{
            "CentralContact":[
              {
                "CentralContactName":"Study Contact",
                "CentralContactRole":"Contact",
                "CentralContactPhone":"844-434-4210",
                "CentralContactEMail":"JNJ.CT@sylogent.com"
              }
            ]
          },
          "OverallOfficialList":{
            "OverallOfficial":[
              {
                "OverallOfficialName":"Janssen-Cilag Ltd. Clinical Trial",
                "OverallOfficialAffiliation":"Janssen-Cilag Ltd.",
                "OverallOfficialRole":"Study Director"
              }
            ]
          },
          "LocationList":{
            "Location":[
              {
                "LocationFacility":"Anima",
                "LocationCity":"Alken",
                "LocationZip":"3570",
                "LocationCountry":"Belgium"
              },{
                "LocationFacility":"Universitaetsklinikum der RWTH Aachen",
                "LocationCity":"Aachen",
                "LocationZip":"52074",
                "LocationCountry":"Germany"
              },{
                "LocationFacility":"Emovis GmbH",
                "LocationCity":"Berlin",
                "LocationZip":"10629",
                "LocationCountry":"Germany"
              },{
                "LocationFacility":"Charite Campus Benjamin Franklin",
                "LocationCity":"Berlin",
                "LocationZip":"12203",
                "LocationCountry":"Germany"
              },{
                "LocationFacility":"Medizinisches Versorgungszentrum LiO GmbH",
                "LocationCity":"Berlin",
                "LocationZip":"12209",
                "LocationCountry":"Germany"
              },{
                "LocationFacility":"Alexander Schulze - Germany",
                "LocationCity":"Berlin",
                "LocationZip":"13156",
                "LocationCountry":"Germany"
              },{
                "LocationFacility":"Praxis Dr. med. Kirsten Hahn",
                "LocationCity":"Berlin",
                "LocationZip":"13187",
                "LocationCountry":"Germany"
              },{
                "LocationFacility":"Vivantes Klinikum Spandau",
                "LocationCity":"Berlin",
                "LocationZip":"13585",
                "LocationCountry":"Germany"
              },{
                "LocationFacility":"Pharmakologisches Studienzentrum Chemnitz GmbH",
                "LocationCity":"Chemnitz",
                "LocationZip":"09111",
                "LocationCountry":"Germany"
              },{
                "LocationFacility":"Klinikum Dortmund gGmbH",
                "LocationCity":"Dortmund",
                "LocationZip":"44287",
                "LocationCountry":"Germany"
              },{
                "LocationFacility":"Universitatsklinikum Carl Gustav Carcus Dresden",
                "LocationCity":"Dresden",
                "LocationZip":"01307",
                "LocationCountry":"Germany"
              },{
                "LocationFacility":"Klinische Forschung Hamburg",
                "LocationCity":"Hamburg",
                "LocationZip":"20253",
                "LocationCountry":"Germany"
              },{
                "LocationFacility":"Klinische Forschung Hannover-Mitte GmbH",
                "LocationCity":"Hannover",
                "LocationZip":"30159",
                "LocationCountry":"Germany"
              },{
                "LocationFacility":"Universitätsklinikum des Saarlandes",
                "LocationCity":"Homburg",
                "LocationZip":"66424",
                "LocationCountry":"Germany"
              },{
                "LocationFacility":"Universitätsklinikum Jena",
                "LocationCity":"Jena",
                "LocationZip":"7743",
                "LocationCountry":"Germany"
              },{
                "LocationFacility":"Panakeia - Arzneimittelforschung GmbH",
                "LocationCity":"Leipzig",
                "LocationZip":"04275",
                "LocationCountry":"Germany"
              },{
                "LocationFacility":"Universitaetsklinikum Magdeburg A.oe.R",
                "LocationCity":"Magdeburg",
                "LocationZip":"39120",
                "LocationCountry":"Germany"
              },{
                "LocationFacility":"Universitätsmedizin der Johannes Gutenberg-Universität Mainz",
                "LocationCity":"Mainz",
                "LocationZip":"55131",
                "LocationCountry":"Germany"
              },{
                "LocationFacility":"Universitätsklinikum Münster",
                "LocationCity":"Munster",
                "LocationZip":"48147",
                "LocationCountry":"Germany"
              },{
                "LocationFacility":"Praxis Prof. Steinwachs",
                "LocationCity":"Nurnberg",
                "LocationZip":"90402",
                "LocationCountry":"Germany"
              },{
                "LocationFacility":"Danuvius Klinik Pfaffenhofen Fachklinik für Psychiatrie, Psychotherapie und Psychosomatik",
                "LocationCity":"Pfaffenhofen",
                "LocationZip":"85276",
                "LocationCountry":"Germany"
              },{
                "LocationFacility":"Somni Bene GmbH",
                "LocationCity":"Schwerin",
                "LocationZip":"19053",
                "LocationCountry":"Germany"
              },{
                "LocationFacility":"Klinische Forschung Schwerin GmbH",
                "LocationCity":"Schwerin",
                "LocationZip":"19055",
                "LocationCountry":"Germany"
              },{
                "LocationFacility":"Semmelweis Egyetem",
                "LocationCity":"Budapest",
                "LocationZip":"1083",
                "LocationCountry":"Hungary"
              },{
                "LocationFacility":"Észak-Közép-budai Centrum, Új Szent János Kórház és Szakrendelő Budai Családközpontú",
                "LocationCity":"Budapest",
                "LocationZip":"1125",
                "LocationCountry":"Hungary"
              },{
                "LocationFacility":"Nyírő Gyula Kórház",
                "LocationCity":"Budapest",
                "LocationZip":"1135",
                "LocationCountry":"Hungary"
              },{
                "LocationFacility":"Debreceni Egyetem, Kenézy Gyula Egyetemi Oktatókórház",
                "LocationCity":"Debrecen",
                "LocationZip":"4031",
                "LocationCountry":"Hungary"
              },{
                "LocationFacility":"Bugat Pal Korhaz",
                "LocationCity":"Gyongyos",
                "LocationZip":"3200",
                "LocationCountry":"Hungary"
              },{
                "LocationFacility":"Petz Aladar Megyei Oktato Korhaz",
                "LocationCity":"Gyor",
                "LocationZip":"H-9024",
                "LocationCountry":"Hungary"
              },{
                "LocationFacility":"Bács-Kiskun Megyei Kórház a Szegedi Tudományegyetem Általános Orvostudományi Kar Oktató Kórháza",
                "LocationCity":"Kalocsa",
                "LocationZip":"6300",
                "LocationCountry":"Hungary"
              },{
                "LocationFacility":"Szabolcs-Szatmar-Bereg Megyei Korhazak es Egyetemi Oktatokorhaz",
                "LocationCity":"Nyiregyhaza",
                "LocationZip":"4400",
                "LocationCountry":"Hungary"
              },{
                "LocationFacility":"Pecsi Tudomanyegyetem Klinikai Kozpont",
                "LocationCity":"Pecs",
                "LocationZip":"7623",
                "LocationCountry":"Hungary"
              }
            ]
          }
        },
        "IPDSharingStatementModule":{
          "IPDSharing":"Yes",
          "IPDSharingDescription":"The data sharing policy of the Janssen Pharmaceutical Companies of Johnson & Johnson is available at www.janssen.com/clinical-trials/transparency. As noted on this site, requests for access to the study data can be submitted through Yale open Data Access (YODA) Project site at yoda.yale.edu",
          "IPDSharingURL":"https://www.janssen.com/clinical-trials/transparency"
        }
      },
      "DerivedSection":{
        "MiscInfoModule":{
          "VersionHolder":"April 19, 2021"
        },
        "ConditionBrowseModule":{
          "ConditionMeshList":{
            "ConditionMesh":[
              {
                "ConditionMeshId":"D000003866",
                "ConditionMeshTerm":"Depressive Disorder"
              },{
                "ConditionMeshId":"D000003863",
                "ConditionMeshTerm":"Depression"
              },{
                "ConditionMeshId":"D000003865",
                "ConditionMeshTerm":"Depressive Disorder, Major"
              }
            ]
          },
          "ConditionAncestorList":{
            "ConditionAncestor":[
              {
                "ConditionAncestorId":"D000019964",
                "ConditionAncestorTerm":"Mood Disorders"
              },{
                "ConditionAncestorId":"D000001523",
                "ConditionAncestorTerm":"Mental Disorders"
              },{
                "ConditionAncestorId":"D000001526",
                "ConditionAncestorTerm":"Behavioral Symptoms"
              }
            ]
          },
          "ConditionBrowseLeafList":{
            "ConditionBrowseLeaf":[
              {
                "ConditionBrowseLeafId":"M5641",
                "ConditionBrowseLeafName":"Depression",
                "ConditionBrowseLeafAsFound":"Depressive Disorder",
                "ConditionBrowseLeafRelevance":"high"
              },{
                "ConditionBrowseLeafId":"M5644",
                "ConditionBrowseLeafName":"Depressive Disorder",
                "ConditionBrowseLeafAsFound":"Depressive Disorder",
                "ConditionBrowseLeafRelevance":"high"
              },{
                "ConditionBrowseLeafId":"M5643",
                "ConditionBrowseLeafName":"Depressive Disorder, Major",
                "ConditionBrowseLeafAsFound":"Depressive Disorder, Major",
                "ConditionBrowseLeafRelevance":"high"
              },{
                "ConditionBrowseLeafId":"M20419",
                "ConditionBrowseLeafName":"Mood Disorders",
                "ConditionBrowseLeafRelevance":"low"
              },{
                "ConditionBrowseLeafId":"M3396",
                "ConditionBrowseLeafName":"Mental Disorders",
                "ConditionBrowseLeafRelevance":"low"
              },{
                "ConditionBrowseLeafId":"M13056",
                "ConditionBrowseLeafName":"Psychotic Disorders",
                "ConditionBrowseLeafRelevance":"low"
              },{
                "ConditionBrowseLeafId":"M3399",
                "ConditionBrowseLeafName":"Behavioral Symptoms",
                "ConditionBrowseLeafRelevance":"low"
              }
            ]
          },
          "ConditionBrowseBranchList":{
            "ConditionBrowseBranch":[
              {
                "ConditionBrowseBranchAbbrev":"BXM",
                "ConditionBrowseBranchName":"Behaviors and Mental Disorders"
              },{
                "ConditionBrowseBranchAbbrev":"All",
                "ConditionBrowseBranchName":"All Conditions"
              }
            ]
          }
        },
        "InterventionBrowseModule":{
          "InterventionMeshList":{
            "InterventionMesh":[
              {
                "InterventionMeshId":"C000629870",
                "InterventionMeshTerm":"Esketamine"
              }
            ]
          },
          "InterventionAncestorList":{
            "InterventionAncestor":[
              {
                "InterventionAncestorId":"D000000928",
                "InterventionAncestorTerm":"Antidepressive Agents"
              },{
                "InterventionAncestorId":"D000011619",
                "InterventionAncestorTerm":"Psychotropic Drugs"
              }
            ]
          },
          "InterventionBrowseLeafList":{
            "InterventionBrowseLeaf":[
              {
                "InterventionBrowseLeafId":"M277252",
                "InterventionBrowseLeafName":"Esketamine",
                "InterventionBrowseLeafAsFound":"Discomfort",
                "InterventionBrowseLeafRelevance":"high"
              },{
                "InterventionBrowseLeafId":"M11158",
                "InterventionBrowseLeafName":"Norepinephrine",
                "InterventionBrowseLeafRelevance":"low"
              },{
                "InterventionBrowseLeafId":"M14095",
                "InterventionBrowseLeafName":"Serotonin",
                "InterventionBrowseLeafRelevance":"low"
              },{
                "InterventionBrowseLeafId":"M18232",
                "InterventionBrowseLeafName":"Serotonin Uptake Inhibitors",
                "InterventionBrowseLeafRelevance":"low"
              },{
                "InterventionBrowseLeafId":"M2828",
                "InterventionBrowseLeafName":"Antidepressive Agents",
                "InterventionBrowseLeafRelevance":"low"
              },{
                "InterventionBrowseLeafId":"M13057",
                "InterventionBrowseLeafName":"Psychotropic Drugs",
                "InterventionBrowseLeafRelevance":"low"
              }
            ]
          },
          "InterventionBrowseBranchList":{
            "InterventionBrowseBranch":[
              {
                "InterventionBrowseBranchAbbrev":"PsychDr",
                "InterventionBrowseBranchName":"Psychotropic Drugs"
              },{
                "InterventionBrowseBranchAbbrev":"All",
                "InterventionBrowseBranchName":"All Drugs and Chemicals"
              },{
                "InterventionBrowseBranchAbbrev":"VaCoAg",
                "InterventionBrowseBranchName":"Vasoconstrictor Agents"
              }
            ]
          }
        }
      }
    }
  }
}

