{
  "FullStudy":{
    "Rank":1963,
    "Study":{
      "ProtocolSection":{
        "IdentificationModule":{
          "NCTId":"NCT04824417",
          "OrgStudyIdInfo":{
            "OrgStudyId":"PGI/IEC/2019/002366"
          },
          "Organization":{
            "OrgFullName":"Postgraduate Institute of Medical Education and Research",
            "OrgClass":"OTHER_GOV"
          },
          "BriefTitle":"A Randomized Controlled Trial to Compare the Clinical Outcomes With Six Months of Therapy With Oral Itraconazole Versus Oral Voriconazole for Management of Treatment naïve Subjects With Chronic Pulmonary Aspergillosis",
          "OfficialTitle":"A Randomized Controlled Trial to Compare the Clinical Outcomes With Six Months of Therapy With Oral Itraconazole Versus Oral Voriconazole for Management of Treatment naïve Subjects With Chronic Pulmonary Aspergillosis"
        },
        "StatusModule":{
          "StatusVerifiedDate":"March 2021",
          "OverallStatus":"Recruiting",
          "ExpandedAccessInfo":{
            "HasExpandedAccess":"No"
          },
          "StartDateStruct":{
            "StartDate":"March 15, 2021",
            "StartDateType":"Actual"
          },
          "PrimaryCompletionDateStruct":{
            "PrimaryCompletionDate":"December 31, 2022",
            "PrimaryCompletionDateType":"Anticipated"
          },
          "CompletionDateStruct":{
            "CompletionDate":"March 15, 2023",
            "CompletionDateType":"Anticipated"
          },
          "StudyFirstSubmitDate":"March 27, 2021",
          "StudyFirstSubmitQCDate":"March 27, 2021",
          "StudyFirstPostDateStruct":{
            "StudyFirstPostDate":"April 1, 2021",
            "StudyFirstPostDateType":"Actual"
          },
          "LastUpdateSubmitDate":"March 27, 2021",
          "LastUpdatePostDateStruct":{
            "LastUpdatePostDate":"April 1, 2021",
            "LastUpdatePostDateType":"Actual"
          }
        },
        "SponsorCollaboratorsModule":{
          "ResponsibleParty":{
            "ResponsiblePartyType":"Principal Investigator",
            "ResponsiblePartyInvestigatorFullName":"Inderpaul singh",
            "ResponsiblePartyInvestigatorTitle":"Assistant Professor",
            "ResponsiblePartyInvestigatorAffiliation":"Postgraduate Institute of Medical Education and Research"
          },
          "LeadSponsor":{
            "LeadSponsorName":"Postgraduate Institute of Medical Education and Research",
            "LeadSponsorClass":"OTHER_GOV"
          }
        },
        "OversightModule":{
          "OversightHasDMC":"No",
          "IsFDARegulatedDrug":"No",
          "IsFDARegulatedDevice":"No"
        },
        "DescriptionModule":{
          "BriefSummary":"The current initial therapy for CPA is with six months of oral itraconazole. However, the response with six months of therapy has a response rate of 65-70% and has a relapse rate after stopping treatment of up to 50%. Voriconazole is a third-generation azole and a theoretical advantage of lower MICs compared to itraconazole. Also, oral voriconazole has good availability (95%) in fasting state. This is likely to improve the response rate and reduce the chances of relapse of chronic pulmonary aspergillosis. There is no head to head comparison of oral itraconazole with oral voriconazole. In this study we intent to compare the clinical outcomes with six months of therapy with oral itraconazole versus oral voriconazole for management of treatment naïve subjects with chronic pulmonary aspergillosis",
          "DetailedDescription":"Aspergillus is a saprophytic fungus which is present normally in our surroundings and causes a large number of pulmonary diseases spreading through inhalational route. The spectrum of disease caused by aspergillus spp. is wide with the manifestations of the disease being governed primarily by the status of the underlying host immunity, which then determines the nature of the host-aspergillus interaction. Patients with an intact immunity have a more stable and indolent form of disease like aspergilloma whereas with a worsening immune status, the risk of invasive disease increases. Chronic pulmonary aspergillosis (CPA) and allergic bronchopulmonary aspergillosis (ABPA) are two of the commonest pulmonary manifestations seen in non-immunocompromised patients whereas invasive pulmonary aspergillosis being more common in the immunocompromised patients.(1-3) Estimates suggest that CPA affects around 3 million people across the globe, which may still be an under estimated number as the disease co exists with other pulmonary co-morbidities which make accurate diagnosis a pitfall. In India the annual incidence of CPA was estimated in 2011 and varied between 27,000-0.17 million cases, with different estimates. Based on the mortality rate for CPA which was estimated to be 15% annually, the 5-year prevalence of CPA was placed at 290,147 cases with 5-year prevalence rate being 24 per 100,000 in the same year.(4, 5) The disease confers significant morbidity and mortality, making it a significant burden for the society as well as the healthcare. Apart from the respiratory symptoms, CPA causes significant constitutional symptoms as well which adds to the misery of the patient. The diagnosis of CPA is based on presence of chronic symptoms, consistent radiology and demonstration of Aspergillus by direct (culture) or indirect (serological) methods.(1-3) Even though CPA is more of a disease spectrum but overall it is characterized by slowly progressive lung cavitation which may or may not show presence of mycetoma /fungal ball in patients with pre-existing structural lung diseases, even though other patterns have also been identified.\n\nThe treatment options majorly consist of medical management with at least 6-month long treatment with antifungal drugs - most significantly the azole groups. Itraconazole is the preferred azole for the treatment of CPA.(6-8) However the response with itraconazole is seen in around 60-75% of the subjects.(9) Moreover, about 30%-50% of the subjects have disease relapse that requires prolonged therapy. The lower response could be because of variable pharmacokinetics and drug absorption of oral itraconazole. Also, itraconazole has many drug interactions. Voriconazole is a third-generation azole and is currently the therapy of choice for invasive aspergillosis due to its lower minimal inhibitory concentration (MIC) values compared to itraconazole. In addition, the pharmacokinetics of voriconazole are not variable and oral form has a good bioavailability (up to 95%). In a previous study, the use of voriconazole resulted in radiological control in 97% of the subjects and a significant improvement in patients' symptoms but global success at six-months was only seen in 32% subjects.(10) However, despite being multicenter the study only included 48 subjects. Moreover, there was no control group and the authors did not use therapeutic dose monitoring. In addition, the study also included subjects with subacute invasive aspergillosis (SAIA). Thus, there is lack of information regarding the role of voriconazole in subjects with CPA. We hypothesize that the use of voriconazole will be associated with better treatment outcomes compared with oral itraconazole in treatment naïve subjects with CPA. In this randomized controlled trial, we compare the clinical outcomes of six months therapy with oral itraconazole with oral voriconazole in treatment naïve subjects with chronic pulmonary aspergillosis.\n\nREFERENCES\n\nUllmann AJ, Aguado JM, Arikan-Akdagli S, Denning DW, Groll AH, Lagrou K, et al. Diagnosis and management of Aspergillus diseases: executive summary of the 2017 ESCMID-ECMM-ERS guideline. Clinical microbiology and infection : the official publication of the European Society of Clinical Microbiology and Infectious Diseases. 2018.\nPatterson TF, Thompson GR, 3rd, Denning DW, Fishman JA, Hadley S, Herbrecht R, et al. Practice Guidelines for the Diagnosis and Management of Aspergillosis: 2016 Update by the Infectious Diseases Society of America. Clin Infect Dis. 2016;63(4):e1-e60.\nDenning DW, Cadranel J, Beigelman-Aubry C, Ader F, Chakrabarti A, Blot S, et al. Chronic pulmonary aspergillosis: rationale and clinical guidelines for diagnosis and management. The European respiratory journal. 2016;47(1):45-68.\nAgarwal R, Denning DW, Chakrabarti A. Estimation of the burden of chronic and allergic pulmonary aspergillosis in India. PloS one. 2014;9(12):e114745.\nAgarwal R. Burden and distinctive character of allergic bronchopulmonary aspergillosis in India. Mycopathologia. 2014;178(5-6):447-56.\nAgarwal R, Aggarwal AN, Sehgal IS, Dhooria S, Behera D, Chakrabarti A. Performance of serum galactomannan in patients with allergic bronchopulmonary aspergillosis. Mycoses. 2015;58(7):408-12.\nAgarwal R, Dua D, Choudhary H, Aggarwal AN, Sehgal IS, Dhooria S, et al. Role of Aspergillus fumigatus-specific IgG in diagnosis and monitoring treatment response in allergic bronchopulmonary aspergillosis. Mycoses. 2017;60(1):33-9.\nAshbee HR, Barnes RA, Johnson EM, Richardson MD, Gorton R, Hope WW. Therapeutic drug monitoring (TDM) of antifungal agents: guidelines from the British Society for Medical Mycology. J Antimicrob Chemother. 2014;69(5):1162-76.\nAgarwal R, Vishwanath G, Aggarwal AN, Garg M, Gupta D, Chakrabarti A. Itraconazole in chronic cavitary pulmonary aspergillosis: a randomised controlled trial and systematic review of literature. Mycoses. 2013;56(5):559-70.\nCadranel J, Philippe B, Hennequin C, Bergeron A, Bergot E, Bourdin A, et al. Voriconazole for chronic pulmonary aspergillosis: a prospective multicenter trial. European journal of clinical microbiology & infectious diseases : official publication of the European Society of Clinical Microbiology. 2012;31(11):3231-9."
        },
        "ConditionsModule":{
          "ConditionList":{
            "Condition":[
              "Chronic Pulmonary Aspergillosis"
            ]
          },
          "KeywordList":{
            "Keyword":[
              "cpa",
              "aspergillosis"
            ]
          }
        },
        "DesignModule":{
          "StudyType":"Interventional",
          "PhaseList":{
            "Phase":[
              "Phase 3"
            ]
          },
          "DesignInfo":{
            "DesignAllocation":"Randomized",
            "DesignInterventionModel":"Parallel Assignment",
            "DesignInterventionModelDescription":"Randomized trial",
            "DesignPrimaryPurpose":"Treatment",
            "DesignMaskingInfo":{
              "DesignMasking":"Double",
              "DesignMaskingDescription":"Single blinded",
              "DesignWhoMaskedList":{
                "DesignWhoMasked":[
                  "Participant",
                  "Outcomes Assessor"
                ]
              }
            }
          },
          "EnrollmentInfo":{
            "EnrollmentCount":"100",
            "EnrollmentType":"Anticipated"
          }
        },
        "ArmsInterventionsModule":{
          "ArmGroupList":{
            "ArmGroup":[
              {
                "ArmGroupLabel":"Control",
                "ArmGroupType":"Active Comparator",
                "ArmGroupDescription":"Oral itraconazole",
                "ArmGroupInterventionList":{
                  "ArmGroupInterventionName":[
                    "Drug: Itraconazole 200 mg"
                  ]
                }
              },{
                "ArmGroupLabel":"Intervention",
                "ArmGroupType":"Experimental",
                "ArmGroupDescription":"Oral voriconazole",
                "ArmGroupInterventionList":{
                  "ArmGroupInterventionName":[
                    "Drug: Voriconazole 200mg"
                  ]
                }
              }
            ]
          },
          "InterventionList":{
            "Intervention":[
              {
                "InterventionType":"Drug",
                "InterventionName":"Itraconazole 200 mg",
                "InterventionDescription":"Control",
                "InterventionArmGroupLabelList":{
                  "InterventionArmGroupLabel":[
                    "Control"
                  ]
                }
              },{
                "InterventionType":"Drug",
                "InterventionName":"Voriconazole 200mg",
                "InterventionDescription":"Comparator",
                "InterventionArmGroupLabelList":{
                  "InterventionArmGroupLabel":[
                    "Intervention"
                  ]
                }
              }
            ]
          }
        },
        "OutcomesModule":{
          "PrimaryOutcomeList":{
            "PrimaryOutcome":[
              {
                "PrimaryOutcomeMeasure":"proportion of subjects with an overall favourable response at the end of oral itraconazole therapy",
                "PrimaryOutcomeTimeFrame":"six months"
              }
            ]
          },
          "SecondaryOutcomeList":{
            "SecondaryOutcome":[
              {
                "SecondaryOutcomeMeasure":"number of relapses at six-months after completion of therapy",
                "SecondaryOutcomeTimeFrame":"six months"
              },{
                "SecondaryOutcomeMeasure":"adverse events due to itraconazole or voriconazole",
                "SecondaryOutcomeTimeFrame":"six months"
              }
            ]
          }
        },
        "EligibilityModule":{
          "EligibilityCriteria":"Inclusion Criteria:\n\nThe cases will include treatment naïve consecutive subjects with chronic cavitary pulmonary aspergillosis (CPA). The diagnosis of CPA will be made by a multidisciplinary team (pulmonary physicians, radiologist and microbiologist) based on composite of clinical, radiological and microbiological criteria.(9, 10) This includes presence of all the following: (i) one or more clinical symptoms (persistent cough, recurrent hemoptysis, weight loss, malaise, fever and dyspnea) for ≥3 months; (ii) slowly progressive or persistent radiological findings (one or more cavities and surrounding fibrosis, infiltrates, consolidation, with or without fungal ball or progressive pleural thickening) on computed tomography (CT) of the thorax; (iii) immunological (A.fumigatus-specific IgG >27 mgA/L or positive Aspergillus precipitins) or microbiological evidence of Aspergillus infection (growth of Aspergillus in respiratory secretions or serum galactomannan index >0.6 or BALF galactomannan index >1.4); and, (iv) exclusion of other pulmonary disorders with similar presentation.\n\nExclusion Criteria:\n\nSubjects with any of the following will be excluded: (i) failure to provide informed consent; (ii) patients on immunosuppressive drugs, intake of prednisolone (or equivalent) >10 mg for at least 3 weeks or a diagnosis of human immunodeficiency virus syndrome; (iii) intake antifungal azoles for >3 weeks in the preceding six months; (iv) subjects with active pulmonary infection due to mycobacterium tuberculosis or mycobacteria other than tuberculosis (MOTT); (v) subjects with others forms of pulmonary aspergillosis (allergic bronchopulmonary aspergillosis, chronic necrotizing aspergillosis and angio-invasive aspergillosis); and, (vi) pregnancy.",
          "HealthyVolunteers":"No",
          "Gender":"All",
          "MinimumAge":"13 Years",
          "MaximumAge":"90 Years",
          "StdAgeList":{
            "StdAge":[
              "Child",
              "Adult",
              "Older Adult"
            ]
          }
        },
        "ContactsLocationsModule":{
          "LocationList":{
            "Location":[
              {
                "LocationFacility":"Inderpaul Singh",
                "LocationStatus":"Recruiting",
                "LocationCity":"Chandigarh",
                "LocationZip":"160012",
                "LocationCountry":"India",
                "LocationContactList":{
                  "LocationContact":[
                    {
                      "LocationContactName":"Inderpaul S Sehgal, MD,DM",
                      "LocationContactRole":"Contact",
                      "LocationContactPhone":"+91-172275",
                      "LocationContactPhoneExt":"6823",
                      "LocationContactEMail":"inderpgi@outlook.com"
                    }
                  ]
                }
              },{
                "LocationFacility":"Respiratory ICU, Department of Pulmonary Medicine, PGIMER",
                "LocationStatus":"Recruiting",
                "LocationCity":"Chandigarh",
                "LocationZip":"160012",
                "LocationCountry":"India",
                "LocationContactList":{
                  "LocationContact":[
                    {
                      "LocationContactName":"Inderpaul S Sehgal, MD,DM",
                      "LocationContactRole":"Contact",
                      "LocationContactPhone":"911275",
                      "LocationContactPhoneExt":"6823",
                      "LocationContactEMail":"inderpgi@outlook.com"
                    },{
                      "LocationContactName":"Ritesh Agarwal, MD,DM",
                      "LocationContactRole":"Contact",
                      "LocationContactPhone":"911275",
                      "LocationContactPhoneExt":"6825",
                      "LocationContactEMail":"agarwal.ritesh@outlook.in"
                    }
                  ]
                }
              }
            ]
          }
        },
        "IPDSharingStatementModule":{
          "IPDSharing":"Undecided"
        }
      },
      "DerivedSection":{
        "MiscInfoModule":{
          "VersionHolder":"April 19, 2021"
        },
        "ConditionBrowseModule":{
          "ConditionMeshList":{
            "ConditionMesh":[
              {
                "ConditionMeshId":"D000001228",
                "ConditionMeshTerm":"Aspergillosis"
              },{
                "ConditionMeshId":"D000055732",
                "ConditionMeshTerm":"Pulmonary Aspergillosis"
              }
            ]
          },
          "ConditionAncestorList":{
            "ConditionAncestor":[
              {
                "ConditionAncestorId":"D000009181",
                "ConditionAncestorTerm":"Mycoses"
              },{
                "ConditionAncestorId":"D000008172",
                "ConditionAncestorTerm":"Lung Diseases, Fungal"
              },{
                "ConditionAncestorId":"D000008171",
                "ConditionAncestorTerm":"Lung Diseases"
              },{
                "ConditionAncestorId":"D000012140",
                "ConditionAncestorTerm":"Respiratory Tract Diseases"
              }
            ]
          },
          "ConditionBrowseLeafList":{
            "ConditionBrowseLeaf":[
              {
                "ConditionBrowseLeafId":"M3116",
                "ConditionBrowseLeafName":"Aspergillosis",
                "ConditionBrowseLeafAsFound":"Aspergillosis",
                "ConditionBrowseLeafRelevance":"high"
              },{
                "ConditionBrowseLeafId":"M26901",
                "ConditionBrowseLeafName":"Pulmonary Aspergillosis",
                "ConditionBrowseLeafAsFound":"Pulmonary Aspergillosis",
                "ConditionBrowseLeafRelevance":"high"
              },{
                "ConditionBrowseLeafId":"M10719",
                "ConditionBrowseLeafName":"Mycoses",
                "ConditionBrowseLeafRelevance":"low"
              },{
                "ConditionBrowseLeafId":"M9751",
                "ConditionBrowseLeafName":"Lung Diseases",
                "ConditionBrowseLeafRelevance":"low"
              },{
                "ConditionBrowseLeafId":"M9752",
                "ConditionBrowseLeafName":"Lung Diseases, Fungal",
                "ConditionBrowseLeafRelevance":"low"
              },{
                "ConditionBrowseLeafId":"M13560",
                "ConditionBrowseLeafName":"Respiratory Tract Diseases",
                "ConditionBrowseLeafRelevance":"low"
              },{
                "ConditionBrowseLeafId":"T511",
                "ConditionBrowseLeafName":"Aspergillosis",
                "ConditionBrowseLeafAsFound":"Aspergillosis",
                "ConditionBrowseLeafRelevance":"high"
              }
            ]
          },
          "ConditionBrowseBranchList":{
            "ConditionBrowseBranch":[
              {
                "ConditionBrowseBranchAbbrev":"BC01",
                "ConditionBrowseBranchName":"Bacterial and Fungal Diseases"
              },{
                "ConditionBrowseBranchAbbrev":"All",
                "ConditionBrowseBranchName":"All Conditions"
              },{
                "ConditionBrowseBranchAbbrev":"BC08",
                "ConditionBrowseBranchName":"Respiratory Tract (Lung and Bronchial) Diseases"
              },{
                "ConditionBrowseBranchAbbrev":"Rare",
                "ConditionBrowseBranchName":"Rare Diseases"
              }
            ]
          }
        },
        "InterventionBrowseModule":{
          "InterventionMeshList":{
            "InterventionMesh":[
              {
                "InterventionMeshId":"D000017964",
                "InterventionMeshTerm":"Itraconazole"
              },{
                "InterventionMeshId":"D000065819",
                "InterventionMeshTerm":"Voriconazole"
              }
            ]
          },
          "InterventionAncestorList":{
            "InterventionAncestor":[
              {
                "InterventionAncestorId":"D000000935",
                "InterventionAncestorTerm":"Antifungal Agents"
              },{
                "InterventionAncestorId":"D000000890",
                "InterventionAncestorTerm":"Anti-Infective Agents"
              },{
                "InterventionAncestorId":"D000058888",
                "InterventionAncestorTerm":"14-alpha Demethylase Inhibitors"
              },{
                "InterventionAncestorId":"D000065607",
                "InterventionAncestorTerm":"Cytochrome P-450 Enzyme Inhibitors"
              },{
                "InterventionAncestorId":"D000004791",
                "InterventionAncestorTerm":"Enzyme Inhibitors"
              },{
                "InterventionAncestorId":"D000045504",
                "InterventionAncestorTerm":"Molecular Mechanisms of Pharmacological Action"
              },{
                "InterventionAncestorId":"D000065088",
                "InterventionAncestorTerm":"Steroid Synthesis Inhibitors"
              },{
                "InterventionAncestorId":"D000006727",
                "InterventionAncestorTerm":"Hormone Antagonists"
              },{
                "InterventionAncestorId":"D000006730",
                "InterventionAncestorTerm":"Hormones, Hormone Substitutes, and Hormone Antagonists"
              },{
                "InterventionAncestorId":"D000045505",
                "InterventionAncestorTerm":"Physiological Effects of Drugs"
              },{
                "InterventionAncestorId":"D000065692",
                "InterventionAncestorTerm":"Cytochrome P-450 CYP3A Inhibitors"
              }
            ]
          },
          "InterventionBrowseLeafList":{
            "InterventionBrowseLeaf":[
              {
                "InterventionBrowseLeafId":"M18716",
                "InterventionBrowseLeafName":"Itraconazole",
                "InterventionBrowseLeafAsFound":"Hepatitis B",
                "InterventionBrowseLeafRelevance":"high"
              },{
                "InterventionBrowseLeafId":"M29194",
                "InterventionBrowseLeafName":"Voriconazole",
                "InterventionBrowseLeafAsFound":"Overall",
                "InterventionBrowseLeafRelevance":"high"
              },{
                "InterventionBrowseLeafId":"M264947",
                "InterventionBrowseLeafName":"Hydroxyitraconazole",
                "InterventionBrowseLeafRelevance":"low"
              },{
                "InterventionBrowseLeafId":"M4835",
                "InterventionBrowseLeafName":"Clotrimazole",
                "InterventionBrowseLeafRelevance":"low"
              },{
                "InterventionBrowseLeafId":"M10379",
                "InterventionBrowseLeafName":"Miconazole",
                "InterventionBrowseLeafRelevance":"low"
              },{
                "InterventionBrowseLeafId":"M2835",
                "InterventionBrowseLeafName":"Antifungal Agents",
                "InterventionBrowseLeafRelevance":"low"
              },{
                "InterventionBrowseLeafId":"M2795",
                "InterventionBrowseLeafName":"Anti-Infective Agents",
                "InterventionBrowseLeafRelevance":"low"
              },{
                "InterventionBrowseLeafId":"M29124",
                "InterventionBrowseLeafName":"Cytochrome P-450 Enzyme Inhibitors",
                "InterventionBrowseLeafRelevance":"low"
              },{
                "InterventionBrowseLeafId":"M8372",
                "InterventionBrowseLeafName":"Hormones",
                "InterventionBrowseLeafRelevance":"low"
              },{
                "InterventionBrowseLeafId":"M8371",
                "InterventionBrowseLeafName":"Hormone Antagonists",
                "InterventionBrowseLeafRelevance":"low"
              },{
                "InterventionBrowseLeafId":"M29151",
                "InterventionBrowseLeafName":"Cytochrome P-450 CYP3A Inhibitors",
                "InterventionBrowseLeafRelevance":"low"
              }
            ]
          },
          "InterventionBrowseBranchList":{
            "InterventionBrowseBranch":[
              {
                "InterventionBrowseBranchAbbrev":"Infe",
                "InterventionBrowseBranchName":"Anti-Infective Agents"
              },{
                "InterventionBrowseBranchAbbrev":"All",
                "InterventionBrowseBranchName":"All Drugs and Chemicals"
              }
            ]
          }
        }
      }
    }
  }
}

