{
  "FullStudy":{
    "Rank":2251,
    "Study":{
      "ProtocolSection":{
        "IdentificationModule":{
          "NCTId":"NCT04820660",
          "OrgStudyIdInfo":{
            "OrgStudyId":"REC/Lhr/19/2033 Hira Javed"
          },
          "Organization":{
            "OrgFullName":"Riphah International University",
            "OrgClass":"OTHER"
          },
          "BriefTitle":"Task-oriented Progressive Resistance Strength Training and Balance Exercises on Lower Limb in Individuals With Stroke",
          "OfficialTitle":"Effects of Task-oriented Progressive Resistance Strength Training and Balance Exercises in Functional Performance on Lower Limb in Individuals With Stroke"
        },
        "StatusModule":{
          "StatusVerifiedDate":"March 2021",
          "OverallStatus":"Completed",
          "ExpandedAccessInfo":{
            "HasExpandedAccess":"No"
          },
          "StartDateStruct":{
            "StartDate":"March 1, 2019",
            "StartDateType":"Actual"
          },
          "PrimaryCompletionDateStruct":{
            "PrimaryCompletionDate":"October 30, 2019",
            "PrimaryCompletionDateType":"Actual"
          },
          "CompletionDateStruct":{
            "CompletionDate":"December 30, 2019",
            "CompletionDateType":"Actual"
          },
          "StudyFirstSubmitDate":"March 26, 2021",
          "StudyFirstSubmitQCDate":"March 26, 2021",
          "StudyFirstPostDateStruct":{
            "StudyFirstPostDate":"March 29, 2021",
            "StudyFirstPostDateType":"Actual"
          },
          "LastUpdateSubmitDate":"March 29, 2021",
          "LastUpdatePostDateStruct":{
            "LastUpdatePostDate":"March 30, 2021",
            "LastUpdatePostDateType":"Actual"
          }
        },
        "SponsorCollaboratorsModule":{
          "ResponsibleParty":{
            "ResponsiblePartyType":"Sponsor"
          },
          "LeadSponsor":{
            "LeadSponsorName":"Riphah International University",
            "LeadSponsorClass":"OTHER"
          }
        },
        "OversightModule":{
          "OversightHasDMC":"Yes",
          "IsFDARegulatedDrug":"No",
          "IsFDARegulatedDevice":"No"
        },
        "DescriptionModule":{
          "BriefSummary":"Stroke is ranked as the number fifth cause of death and a main cause of disability in the United States. It affects the arteries which supply blood to and within the brain. If the blood supply to the brain is disrupted, it will not be able to receive oxygen and the nutrients which are transported by those arteries. This leads to the death of brain cells having a magnificent effect on the function of that part.",
          "DetailedDescription":"This study was quasi-experimental trial, to compare the effectiveness of Progressive Resistive Strength Exercises and Balance Exercises in subjects with Stroke. Subjects with Stroke meeting the predetermined inclusion & exclusion criteria were divided into two groups using lottery method. Pre assessment was done using Berg Balance Scale, Fugl Meyer Assessment - Lower Extremity and Step Test.\n\nSubjects in one group were treated with Progressive Resistive Strength Training and other group was treated with Balance training. Each subject received 12 treatment sessions, with 03 treatment sessions per week. Results were recorded at the end of 3rd, 6th, 9th and 12th treatment sessions. Recorded values were analysed using SPSS."
        },
        "ConditionsModule":{
          "ConditionList":{
            "Condition":[
              "Stroke"
            ]
          },
          "KeywordList":{
            "Keyword":[
              "Balance",
              "progressive resistance strength training"
            ]
          }
        },
        "DesignModule":{
          "StudyType":"Interventional",
          "PhaseList":{
            "Phase":[
              "Not Applicable"
            ]
          },
          "DesignInfo":{
            "DesignAllocation":"Randomized",
            "DesignInterventionModel":"Parallel Assignment",
            "DesignPrimaryPurpose":"Treatment",
            "DesignMaskingInfo":{
              "DesignMasking":"Double",
              "DesignWhoMaskedList":{
                "DesignWhoMasked":[
                  "Participant",
                  "Outcomes Assessor"
                ]
              }
            }
          },
          "EnrollmentInfo":{
            "EnrollmentCount":"18",
            "EnrollmentType":"Actual"
          }
        },
        "ArmsInterventionsModule":{
          "ArmGroupList":{
            "ArmGroup":[
              {
                "ArmGroupLabel":"Task oriented Strength training group",
                "ArmGroupType":"Experimental",
                "ArmGroupDescription":"Standing and reaching in different directions Sit-to-stand Stepping forward and backward Stepping sideways onto blocks",
                "ArmGroupInterventionList":{
                  "ArmGroupInterventionName":[
                    "Other: Task orientated strengthening training"
                  ]
                }
              },{
                "ArmGroupLabel":"Balance Training",
                "ArmGroupType":"Experimental",
                "ArmGroupDescription":"Stepping forward, backward, and sideways on the exercise step; Stepping over blocks of various heights; Standing up from a chair, From a sitting position on a 65-cm Swiss ball, Arms; bending the trunk forward and side to side); Performing double-legged stance Performing tandem stance Rising from a chair without the use of the arms; Walking forward and backward with a tandem walking pattern Performing single- legged stance",
                "ArmGroupInterventionList":{
                  "ArmGroupInterventionName":[
                    "Other: Balance training exercises"
                  ]
                }
              }
            ]
          },
          "InterventionList":{
            "Intervention":[
              {
                "InterventionType":"Other",
                "InterventionName":"Task orientated strengthening training",
                "InterventionDescription":"Standing and reaching in different directions for objects located beyond arm's length to promote loading of the lower limbs and activation of lower limb muscles;\nSit-to-stand from various chair heights to strengthen the lower limb extensor muscles;\nStepping forward and backward onto blocks of various heights to strengthen the lower limb muscles;\nStepping sideways onto blocks of various heights to strengthen the lower limb muscles;\nforward step-up onto blocks of various heights to strengthen the lower limb muscles;\nheel(s) raise and lower while maintaining in a standing posture to strengthen the plantar- flexor muscles.\n\nEach workstation was 5 min in duration for each exercise class. Each subject participated in a one-to-one therapy.",
                "InterventionArmGroupLabelList":{
                  "InterventionArmGroupLabel":[
                    "Task oriented Strength training group"
                  ]
                }
              },{
                "InterventionType":"Other",
                "InterventionName":"Balance training exercises",
                "InterventionDescription":"Stepping forward, backward, and sideways on the exercise step;\nStepping over blocks of various heights;\nStanding up from a chair, walking four steps forward, performing a bilateral stool touch and walking backwards to the chair;\nStanding up from a chair, walking four steps forward, turning to the right, stepping over the exercise step, turning to the right again and walking forwards to the chair (repeat the exercise circuit in opposite direction);\nFrom a sitting position on a 65-cm Swiss ball, performing a range of motion and balance exercises (forward and backward rolling of the\nArms; bending the trunk forward and side to side);\nPerforming double-legged stance for 10 s;\nPerforming tandem stance for 10 s;\nRising from a chair without the use of the arms;\nWalking forward and backward with a tandem walking pattern (toes of one foot touching the heel of the foot in front);\nPerforming single- legged stance for 10 s.",
                "InterventionArmGroupLabelList":{
                  "InterventionArmGroupLabel":[
                    "Balance Training"
                  ]
                }
              }
            ]
          }
        },
        "OutcomesModule":{
          "PrimaryOutcomeList":{
            "PrimaryOutcome":[
              {
                "PrimaryOutcomeMeasure":"Berg Balance Scale (BBS)",
                "PrimaryOutcomeDescription":"Zero indicates the lowest level of function and 4 the highest level of function. The total score ranges from 0 to 56.",
                "PrimaryOutcomeTimeFrame":"4months"
              },{
                "PrimaryOutcomeMeasure":"Fugl Meyer Assessment Lower Extremity",
                "PrimaryOutcomeDescription":"Scoring is based on direct observation of performance. Scale items are scored on the basis of ability to complete the item using a 3-point ordinal scale where 0=cannot perform, 1=performs partially and 2=performs fully. The total possible scale score is 226.",
                "PrimaryOutcomeTimeFrame":"4 months"
              }
            ]
          }
        },
        "EligibilityModule":{
          "EligibilityCriteria":"Inclusion Criteria:\n\nHemiparetic from a single stroke occurring at least a year earlier, not presently receiving any rehabilitation services,\nParticipants should not be receiving any rehabilitation services\nParticipants should be able to walk 10 m independently without an assistive device\nParticipants should be medically stable enough to allow participation, and able to understand instructions and follow commands.\n\nExclusion Criteria:\n\nParticipants with any medical condition that would prevent participation in the training program\nParticipants with any uncontrolled health condition for which exercise is contraindicated.\nParticipants with any tumor or neurological signs.",
          "HealthyVolunteers":"No",
          "Gender":"All",
          "MinimumAge":"45 Years",
          "MaximumAge":"60 Years",
          "StdAgeList":{
            "StdAge":[
              "Adult"
            ]
          }
        },
        "ContactsLocationsModule":{
          "OverallOfficialList":{
            "OverallOfficial":[
              {
                "OverallOfficialName":"Rabiya Noor, PhD",
                "OverallOfficialAffiliation":"Riphah International University",
                "OverallOfficialRole":"Principal Investigator"
              }
            ]
          },
          "LocationList":{
            "Location":[
              {
                "LocationFacility":"Riphah IU",
                "LocationCity":"Lahore",
                "LocationState":"Punjab",
                "LocationZip":"54000",
                "LocationCountry":"Pakistan"
              }
            ]
          }
        },
        "ReferencesModule":{
          "ReferenceList":{
            "Reference":[
              {
                "ReferencePMID":"21571152",
                "ReferenceType":"background",
                "ReferenceCitation":"Langhorne P, Bernhardt J, Kwakkel G. Stroke rehabilitation. Lancet. 2011 May 14;377(9778):1693-702. doi: 10.1016/S0140-6736(11)60325-5. Review."
              },{
                "ReferencePMID":"7477192",
                "ReferenceType":"background",
                "ReferenceCitation":"National Institute of Neurological Disorders and Stroke rt-PA Stroke Study Group. Tissue plasminogen activator for acute ischemic stroke. N Engl J Med. 1995 Dec 14;333(24):1581-7."
              },{
                "ReferencePMID":"17687132",
                "ReferenceType":"background",
                "ReferenceCitation":"van der Worp HB, van Gijn J. Clinical practice. Acute ischemic stroke. N Engl J Med. 2007 Aug 9;357(6):572-9. Review."
              },{
                "ReferencePMID":"19359645",
                "ReferenceType":"background",
                "ReferenceCitation":"Andersen KK, Olsen TS, Dehlendorff C, Kammersgaard LP. Hemorrhagic and ischemic strokes compared: stroke severity, mortality, and risk factors. Stroke. 2009 Jun;40(6):2068-72. doi: 10.1161/STROKEAHA.108.540112. Epub 2009 Apr 9."
              },{
                "ReferencePMID":"12444191",
                "ReferenceType":"background",
                "ReferenceCitation":"Albers GW, Caplan LR, Easton JD, Fayad PB, Mohr JP, Saver JL, Sherman DG; TIA Working Group. Transient ischemic attack--proposal for a new definition. N Engl J Med. 2002 Nov 21;347(21):1713-6."
              },{
                "ReferencePMID":"12855835",
                "ReferenceType":"background",
                "ReferenceCitation":"Lovett JK, Dennis MS, Sandercock PA, Bamford J, Warlow CP, Rothwell PM. Very early risk of stroke after a first transient ischemic attack. Stroke. 2003 Aug;34(8):e138-40. Epub 2003 Jul 10."
              }
            ]
          }
        },
        "IPDSharingStatementModule":{
          "IPDSharing":"No"
        }
      },
      "DerivedSection":{
        "MiscInfoModule":{
          "VersionHolder":"April 19, 2021"
        },
        "ConditionBrowseModule":{
          "ConditionMeshList":{
            "ConditionMesh":[
              {
                "ConditionMeshId":"D000020521",
                "ConditionMeshTerm":"Stroke"
              }
            ]
          },
          "ConditionAncestorList":{
            "ConditionAncestor":[
              {
                "ConditionAncestorId":"D000002561",
                "ConditionAncestorTerm":"Cerebrovascular Disorders"
              },{
                "ConditionAncestorId":"D000001927",
                "ConditionAncestorTerm":"Brain Diseases"
              },{
                "ConditionAncestorId":"D000002493",
                "ConditionAncestorTerm":"Central Nervous System Diseases"
              },{
                "ConditionAncestorId":"D000009422",
                "ConditionAncestorTerm":"Nervous System Diseases"
              },{
                "ConditionAncestorId":"D000014652",
                "ConditionAncestorTerm":"Vascular Diseases"
              },{
                "ConditionAncestorId":"D000002318",
                "ConditionAncestorTerm":"Cardiovascular Diseases"
              }
            ]
          },
          "ConditionBrowseLeafList":{
            "ConditionBrowseLeaf":[
              {
                "ConditionBrowseLeafId":"M20890",
                "ConditionBrowseLeafName":"Stroke",
                "ConditionBrowseLeafAsFound":"Stroke",
                "ConditionBrowseLeafRelevance":"high"
              },{
                "ConditionBrowseLeafId":"M4393",
                "ConditionBrowseLeafName":"Cerebrovascular Disorders",
                "ConditionBrowseLeafRelevance":"low"
              },{
                "ConditionBrowseLeafId":"M3786",
                "ConditionBrowseLeafName":"Brain Diseases",
                "ConditionBrowseLeafRelevance":"low"
              },{
                "ConditionBrowseLeafId":"M4325",
                "ConditionBrowseLeafName":"Central Nervous System Diseases",
                "ConditionBrowseLeafRelevance":"low"
              },{
                "ConditionBrowseLeafId":"M15983",
                "ConditionBrowseLeafName":"Vascular Diseases",
                "ConditionBrowseLeafRelevance":"low"
              }
            ]
          },
          "ConditionBrowseBranchList":{
            "ConditionBrowseBranch":[
              {
                "ConditionBrowseBranchAbbrev":"BC10",
                "ConditionBrowseBranchName":"Nervous System Diseases"
              },{
                "ConditionBrowseBranchAbbrev":"BC14",
                "ConditionBrowseBranchName":"Heart and Blood Diseases"
              },{
                "ConditionBrowseBranchAbbrev":"All",
                "ConditionBrowseBranchName":"All Conditions"
              }
            ]
          }
        }
      }
    }
  }
}

