{
  "FullStudy":{
    "Rank":2002,
    "Study":{
      "ProtocolSection":{
        "IdentificationModule":{
          "NCTId":"NCT04823910",
          "OrgStudyIdInfo":{
            "OrgStudyId":"PHT/2020/41"
          },
          "Organization":{
            "OrgFullName":"Physiomics",
            "OrgClass":"INDUSTRY"
          },
          "BriefTitle":"Personalizing Docetaxel Dosing in Advanced Prostate Cancer",
          "OfficialTitle":"Personalizing Docetaxel Dosing in Advanced Prostate Cancer",
          "Acronym":"PARTNER"
        },
        "StatusModule":{
          "StatusVerifiedDate":"March 2021",
          "OverallStatus":"Not yet recruiting",
          "ExpandedAccessInfo":{
            "HasExpandedAccess":"No"
          },
          "StartDateStruct":{
            "StartDate":"April 2021",
            "StartDateType":"Anticipated"
          },
          "PrimaryCompletionDateStruct":{
            "PrimaryCompletionDate":"April 2022",
            "PrimaryCompletionDateType":"Anticipated"
          },
          "CompletionDateStruct":{
            "CompletionDate":"April 2022",
            "CompletionDateType":"Anticipated"
          },
          "StudyFirstSubmitDate":"March 23, 2021",
          "StudyFirstSubmitQCDate":"March 29, 2021",
          "StudyFirstPostDateStruct":{
            "StudyFirstPostDate":"April 1, 2021",
            "StudyFirstPostDateType":"Actual"
          },
          "LastUpdateSubmitDate":"March 29, 2021",
          "LastUpdatePostDateStruct":{
            "LastUpdatePostDate":"April 1, 2021",
            "LastUpdatePostDateType":"Actual"
          }
        },
        "SponsorCollaboratorsModule":{
          "ResponsibleParty":{
            "ResponsiblePartyType":"Sponsor"
          },
          "LeadSponsor":{
            "LeadSponsorName":"Physiomics",
            "LeadSponsorClass":"INDUSTRY"
          },
          "CollaboratorList":{
            "Collaborator":[
              {
                "CollaboratorName":"Portsmouth Hospitals NHS Trust",
                "CollaboratorClass":"OTHER_GOV"
              },{
                "CollaboratorName":"National Institute for Health Research, United Kingdom",
                "CollaboratorClass":"OTHER_GOV"
              }
            ]
          }
        },
        "OversightModule":{
          "OversightHasDMC":"No",
          "IsFDARegulatedDrug":"No",
          "IsFDARegulatedDevice":"No"
        },
        "DescriptionModule":{
          "BriefSummary":"Patients with advanced prostate cancer are often treated with the chemotherapy drug docetaxel. The manufacturers of this drug suggest using the same dose of drug per m² body surface area for all patients. However we know that individuals end up with more or less of the drug circulating in their blood even after they have been given the same dose.\n\nA software program (a \"Dosing Tool\") has been developed to provide information to doctors on how docetaxel will affect individual patients. The program may help doctors to make informed decisions about exactly how much drug to give to different people.\n\nThe purpose of the PARTNER study is to gather information from blood tests on patients being treated with docetaxel to help in the further development of the Dosing Tool. Some of these blood tests would have been taken anyway as part of patients' routine treatment. Others are extra for this study. Apart from the additional blood tests, everyone who enters the study is treated just as they would normally be if they were not taking part in the study."
        },
        "ConditionsModule":{
          "ConditionList":{
            "Condition":[
              "Prostate Cancer"
            ]
          }
        },
        "DesignModule":{
          "StudyType":"Observational",
          "PatientRegistry":"No",
          "DesignInfo":{
            "DesignObservationalModelList":{
              "DesignObservationalModel":[
                "Other"
              ]
            },
            "DesignTimePerspectiveList":{
              "DesignTimePerspective":[
                "Retrospective"
              ]
            }
          },
          "EnrollmentInfo":{
            "EnrollmentCount":"70",
            "EnrollmentType":"Anticipated"
          }
        },
        "OutcomesModule":{
          "PrimaryOutcomeList":{
            "PrimaryOutcome":[
              {
                "PrimaryOutcomeMeasure":"Measured vs predicted absolute neutrophil count over time between weeks six and twelve of docetaxel treatment",
                "PrimaryOutcomeTimeFrame":"The tool will be used to predict the level of neutropenia between the second and third doses of docetaxel (so between weeks six and twelve of treatment)"
              }
            ]
          }
        },
        "EligibilityModule":{
          "EligibilityCriteria":"Inclusion Criteria:\n\nDiagnosed with metastatic prostate cancer (hormone sensitive or castrate resistant) and histologically confirmed\nMetastatic at disease onset or relapsed disease\nA treatment decision has been made to start a course of docetaxel as part of their standard of care treatment in accordance with the drug's label and the treating clinician's judgement\nPatient has not received a previous cycle of docetaxel within 8 weeks of the date of enrolment\nLife expectancy > 12 weeks\nParticipant is willing and able to give informed consent for participation in the study\n\nExclusion Criteria:\n\n- Patients with autoimmune disease receiving active treatments Participant is unable to give informed consent",
          "HealthyVolunteers":"No",
          "Gender":"Male",
          "MinimumAge":"18 Years",
          "StdAgeList":{
            "StdAge":[
              "Adult",
              "Older Adult"
            ]
          },
          "StudyPopulation":"Any patient with metastatic prostate cancer due to start treatment with docetaxel",
          "SamplingMethod":"Non-Probability Sample"
        }
      },
      "DerivedSection":{
        "MiscInfoModule":{
          "VersionHolder":"April 19, 2021"
        },
        "ConditionBrowseModule":{
          "ConditionMeshList":{
            "ConditionMesh":[
              {
                "ConditionMeshId":"D000011471",
                "ConditionMeshTerm":"Prostatic Neoplasms"
              }
            ]
          },
          "ConditionAncestorList":{
            "ConditionAncestor":[
              {
                "ConditionAncestorId":"D000005834",
                "ConditionAncestorTerm":"Genital Neoplasms, Male"
              },{
                "ConditionAncestorId":"D000014565",
                "ConditionAncestorTerm":"Urogenital Neoplasms"
              },{
                "ConditionAncestorId":"D000009371",
                "ConditionAncestorTerm":"Neoplasms by Site"
              },{
                "ConditionAncestorId":"D000009369",
                "ConditionAncestorTerm":"Neoplasms"
              },{
                "ConditionAncestorId":"D000011469",
                "ConditionAncestorTerm":"Prostatic Diseases"
              }
            ]
          },
          "ConditionBrowseLeafList":{
            "ConditionBrowseLeaf":[
              {
                "ConditionBrowseLeafId":"M12918",
                "ConditionBrowseLeafName":"Prostatic Neoplasms",
                "ConditionBrowseLeafAsFound":"Prostate Cancer",
                "ConditionBrowseLeafRelevance":"high"
              },{
                "ConditionBrowseLeafId":"M7529",
                "ConditionBrowseLeafName":"Genital Neoplasms, Male",
                "ConditionBrowseLeafRelevance":"low"
              },{
                "ConditionBrowseLeafId":"M15898",
                "ConditionBrowseLeafName":"Urogenital Neoplasms",
                "ConditionBrowseLeafRelevance":"low"
              },{
                "ConditionBrowseLeafId":"M12916",
                "ConditionBrowseLeafName":"Prostatic Diseases",
                "ConditionBrowseLeafRelevance":"low"
              }
            ]
          },
          "ConditionBrowseBranchList":{
            "ConditionBrowseBranch":[
              {
                "ConditionBrowseBranchAbbrev":"BC04",
                "ConditionBrowseBranchName":"Cancers and Other Neoplasms"
              },{
                "ConditionBrowseBranchAbbrev":"BXS",
                "ConditionBrowseBranchName":"Urinary Tract, Sexual Organs, and Pregnancy Conditions"
              },{
                "ConditionBrowseBranchAbbrev":"All",
                "ConditionBrowseBranchName":"All Conditions"
              }
            ]
          }
        },
        "InterventionBrowseModule":{
          "InterventionBrowseLeafList":{
            "InterventionBrowseLeaf":[
              {
                "InterventionBrowseLeafId":"M1668",
                "InterventionBrowseLeafName":"Docetaxel",
                "InterventionBrowseLeafRelevance":"low"
              }
            ]
          },
          "InterventionBrowseBranchList":{
            "InterventionBrowseBranch":[
              {
                "InterventionBrowseBranchAbbrev":"ANeo",
                "InterventionBrowseBranchName":"Antineoplastic Agents"
              },{
                "InterventionBrowseBranchAbbrev":"All",
                "InterventionBrowseBranchName":"All Drugs and Chemicals"
              }
            ]
          }
        }
      }
    }
  }
}

