{
  "FullStudy":{
    "Rank":2125,
    "Study":{
      "ProtocolSection":{
        "IdentificationModule":{
          "NCTId":"NCT04822311",
          "OrgStudyIdInfo":{
            "OrgStudyId":"2019-0905"
          },
          "Organization":{
            "OrgFullName":"University of Illinois at Chicago",
            "OrgClass":"OTHER"
          },
          "BriefTitle":"Evaluating the Impact of Focused Muscle Contraction Therapy in Retire APF Players",
          "OfficialTitle":"Evaluating the Impact of Focused Muscle Contraction Therapy in Retired American Professional Football Players",
          "Acronym":"GH-APF"
        },
        "StatusModule":{
          "StatusVerifiedDate":"March 2021",
          "OverallStatus":"Recruiting",
          "ExpandedAccessInfo":{
            "HasExpandedAccess":"No"
          },
          "StartDateStruct":{
            "StartDate":"October 24, 2019",
            "StartDateType":"Actual"
          },
          "PrimaryCompletionDateStruct":{
            "PrimaryCompletionDate":"October 24, 2025",
            "PrimaryCompletionDateType":"Anticipated"
          },
          "CompletionDateStruct":{
            "CompletionDate":"December 31, 2026",
            "CompletionDateType":"Anticipated"
          },
          "StudyFirstSubmitDate":"March 25, 2021",
          "StudyFirstSubmitQCDate":"March 25, 2021",
          "StudyFirstPostDateStruct":{
            "StudyFirstPostDate":"March 30, 2021",
            "StudyFirstPostDateType":"Actual"
          },
          "LastUpdateSubmitDate":"March 29, 2021",
          "LastUpdatePostDateStruct":{
            "LastUpdatePostDate":"April 1, 2021",
            "LastUpdatePostDateType":"Actual"
          }
        },
        "SponsorCollaboratorsModule":{
          "ResponsibleParty":{
            "ResponsiblePartyType":"Principal Investigator",
            "ResponsiblePartyInvestigatorFullName":"Enrico Benedetti",
            "ResponsiblePartyInvestigatorTitle":"Warren H. Cole Chair in Surgery, Professor and Head of Surgery, Medical Director, Abdominal Organ Transplant Program",
            "ResponsiblePartyInvestigatorAffiliation":"University of Illinois at Chicago"
          },
          "LeadSponsor":{
            "LeadSponsorName":"University of Illinois at Chicago",
            "LeadSponsorClass":"OTHER"
          }
        },
        "OversightModule":{
          "OversightHasDMC":"No",
          "IsFDARegulatedDrug":"No",
          "IsFDARegulatedDevice":"No"
        },
        "DescriptionModule":{
          "BriefSummary":"This study will investigate the effects of an exercise intervention on retired American professional football (APF) players. A total of 20 retired APF players (≥ 18 years of age), who suffer from chronic pain, will be enrolled. The study duration for each participants will be 18 months. Enrolled participants will perform a 18 months exercise intervention which involves 90 exercise rehabilitation training visits. In addition, participants will also be tested on various measures of health and function both at baseline (prior to intervention), at 6 months, 12 months, and 18 months (post intervention). All testing and result interpretation will be performed by trained research personnel. Participants are not University of Illinois at Chicago (UIC) participants; however, study testing visits will occur at UIC. All exercise intervention training visits will occur at Gh Fitlab.",
          "DetailedDescription":"Methods:\n\nEligible participants will give voluntary informed consent to participate in the study. The study will include 20 retired APF players participating in a 18 month exercise rehabilitation. The study will consist of 94 visits (4 study testing visits and 90 exercise visits). Participants will come in for study testing visits at baseline (prior to starting the exercise program), at 6 months, at 12 months, and at 18 months(after ending the exercise program). Each of those visits will take about 2-3 hours. All testing done in the 4 test visits will help assess the participant's cardiovascular and functional responses and/or changes to the exercise intervention as indicated in the Objectives/Aims Section. The next section contains a list of the tests that will be performed at each visit. After the initial baseline visit, participants will come twice weekly, for roughly 1 hour each session, for 6 months (52 visits). From 6-12 months, participants will come once a week, for roughly 1 hour each session (26 additional visits). From 12-18 months, participants will come twice a month, for roughly 1 hour sessions (12 visits). All study testing visits will occur at the UIC. All exercise intervention training visits will occur at Gh Fitlab.\n\nStudy Testing Visits\n\nIf participants agree to be in the study, they will be asked to do the following procedures at baseline, 6 months, 12 months, and 18 months:\n\nparticipants will be asked to confirm their employment status each visit.\nparticipants height and weight will be measured and their body mass index (BMI) will be calculated. Additionally, we will measure body fat composition and lean body mass using a DEXA scan.\nWe will ask about age, race, years in the APF league, number of concussions, number of fractures, surgical history, and list of pain medications.\nWaist circumference as well as blood pressure will be measured for general health markers.\nParticipants exercise limit will be measured with a 1 Repetition Max test (1RM), a timed 8 foot walk down the hallway (if applicable), a timed sit to stand test (sitting and standing 5 times in a row-if applicable), maximum sit to stands, and a balance test (standing in 3 different positions for 10 seconds each). These three tests combine to form a score called a short performance battery score.\nTheir strength and frailty will be measured using a grip dynamometer (squeezing a hand held device as hard as possible in their dominant hand three times.\nTo evaluate general health, the PROMIS v.1.1 - Global Health questionnaire will be administered.\nTo evaluate mental health and pain intensity, the PROMIS 29 Profile v2.0 will be administered.\nTo evaluate quality of life, the SF-36 will be administered.\nTo evaluate mental health, specifically depression, the Beck Depression Inventory will be administered.\nTo evaluate brain anatomy and function, we will be using a quantitative EEG (QEEG), and a computer program called the Integrated Visual and Auditory Scale (IVA-2). For the QEEG, a technician will attach discs (electrodes) to the scalp of the participant using a special adhesive. Sometimes, an elastic cap fitted with electrodes is used instead. The electrodes are connected with wires to an instrument that amplifies the brain waves and records them on computer equipment. The electrodes don't transmit any sensations. They just record brain waves. For the IVA-2, you will perform tasks on a computer that will test sustained attention.\nTo evaluate the measure of pain and disability, the Numeric Rating Scale and Pain Catastrophizing Scale will be administered.\nTo evaluate fatigue, the Fatigue Severity Index will be administered.\nThey will be asked to disclose the number of hospital visits they have had in the last 18 months.\nTheir total weight lifted during their training session will also be recorded.\n\nExercise Training Visits\n\nAfter the initial baseline visit, participants will begin their exercise training intervention which involves:\n\nTwo days a week of exercise trainings for the first 6 months, and one day a week from 6-12 months. From 12-18 months, participants will then complete two days a month of exercise training. Each visit will last roughly one hour and will incorporate approximately 5-10 minute light warm-up plus stretching and then the exercises.\nAt least twice weekly, GH Fitness staff will follow-up with participants via text message, email or a phone call to evaluate their physical progress and overall health and energy.\nOn Weeks 6, 13, 18, 25, 41 and 52 participants will focus on cardio and endurance exercises. These exercises may include running in place, or using a recumbent (stationary) bike. All other weeks consist of basic strength training/resistance workouts."
        },
        "ConditionsModule":{
          "ConditionList":{
            "Condition":[
              "Chronic Pain Due to Injury",
              "Acute Pain",
              "Depression",
              "Brain Injuries"
            ]
          }
        },
        "DesignModule":{
          "StudyType":"Interventional",
          "PhaseList":{
            "Phase":[
              "Not Applicable"
            ]
          },
          "DesignInfo":{
            "DesignAllocation":"N/A",
            "DesignInterventionModel":"Single Group Assignment",
            "DesignPrimaryPurpose":"Treatment",
            "DesignMaskingInfo":{
              "DesignMasking":"None (Open Label)"
            }
          },
          "EnrollmentInfo":{
            "EnrollmentCount":"20",
            "EnrollmentType":"Anticipated"
          }
        },
        "ArmsInterventionsModule":{
          "ArmGroupList":{
            "ArmGroup":[
              {
                "ArmGroupLabel":"Investigate the effects of an exercise intervention on retired APF players",
                "ArmGroupType":"Experimental",
                "ArmGroupDescription":"20 retired APF players (≥ 18 years of age), who suffer from chronic pain, will be enrolled.",
                "ArmGroupInterventionList":{
                  "ArmGroupInterventionName":[
                    "Behavioral: Experimental: Investigate the effects of an exercise intervention on retired APF players"
                  ]
                }
              }
            ]
          },
          "InterventionList":{
            "Intervention":[
              {
                "InterventionType":"Behavioral",
                "InterventionName":"Experimental: Investigate the effects of an exercise intervention on retired APF players",
                "InterventionDescription":"Enrolled participants will perform a 18 months exercise intervention which involves 90 exercise rehabilitation training visits. In addition, participants will also be tested on various measures of health and function both at baseline (prior to intervention), at 6 months, 12 months, and 18 months (post intervention).",
                "InterventionArmGroupLabelList":{
                  "InterventionArmGroupLabel":[
                    "Investigate the effects of an exercise intervention on retired APF players"
                  ]
                }
              }
            ]
          }
        },
        "OutcomesModule":{
          "PrimaryOutcomeList":{
            "PrimaryOutcome":[
              {
                "PrimaryOutcomeMeasure":"Rate at which exercise will positively affect body composition",
                "PrimaryOutcomeDescription":"1. Exercise will positively affect body composition. With this hypothesis we will test whether muscle strength (dynamometer) and muscle mass (DEXA scan) changes after 6 months, 12 months, 18 months of an exercise intervention. Baseline measurement will be performed before the intervention, at 6 months, 12 months, and at the end of the study (18 months) with muscle mass measured by DEXA and strength measured again by dynamometer.",
                "PrimaryOutcomeTimeFrame":"18 months"
              }
            ]
          },
          "SecondaryOutcomeList":{
            "SecondaryOutcome":[
              {
                "SecondaryOutcomeMeasure":"Rate at which participants will see improvements in their physical abilities",
                "SecondaryOutcomeDescription":"2. We expect participants will see improvements in their physical abilities after 18 months in the exercise training sessions. This will be assessed by comparing baseline, 6 months, 12 months, and 18 months, 8 foot walk, timed sit to stand, and balance testing scores.",
                "SecondaryOutcomeTimeFrame":"18 months"
              },{
                "SecondaryOutcomeMeasure":"Rate at which participants will have overall improved sense of well-being, increased independence, quality of life, and decreased depression",
                "SecondaryOutcomeDescription":"3. Participants enrolled in the exercise intervention will have an overall improved sense of well-being, increased independence, quality of life, and decreased depression. Participants will be asked about their overall general health, mental health and pain intensity using the PROMIS, SF 36, BDI, Fatigue Severity Index, and pain assessments.",
                "SecondaryOutcomeTimeFrame":"18 months"
              },{
                "SecondaryOutcomeMeasure":"Rate at which participants will display alterations in brain wave function",
                "SecondaryOutcomeDescription":"4. APF players with chronic pain described as greater than 5 out of a 10 point scale and lasting greater than 12 months, will display alterations in brain wave function consistent with abnormal function of the bilateral dorsolateral prefrontal cortex (DLPFC) , thalamus (relays motor and sensory signals to the cortex) , brainstem, primary somatosensory cortex (S1, postcentral gyrus of the anterior parietal lobe) and posterior parietal cortex (posterior to the primary somatosensory cortex)",
                "SecondaryOutcomeTimeFrame":"18 Months"
              }
            ]
          }
        },
        "EligibilityModule":{
          "EligibilityCriteria":"Inclusion Criteria:\n\nRetired APF player (there is no minimum duration or career length required no minimum duration or career length required)\n18 years of age and older\n\nExclusion Criteria:\n\n•This study will exclude non-English speaking participants as they would not be able to complete intensive survey requirement of the study as all surveys will be administered in the English language.",
          "HealthyVolunteers":"No",
          "Gender":"Male",
          "MinimumAge":"18 Years",
          "StdAgeList":{
            "StdAge":[
              "Adult",
              "Older Adult"
            ]
          }
        },
        "ContactsLocationsModule":{
          "CentralContactList":{
            "CentralContact":[
              {
                "CentralContactName":"Ilaria Santi",
                "CentralContactRole":"Contact",
                "CentralContactPhone":"312-996-4706",
                "CentralContactEMail":"isanti@uic.edu"
              },{
                "CentralContactName":"Natalie Isho, MPH",
                "CentralContactRole":"Contact",
                "CentralContactPhone":"312-996-4706",
                "CentralContactEMail":"nisho@uic.edu"
              }
            ]
          },
          "OverallOfficialList":{
            "OverallOfficial":[
              {
                "OverallOfficialName":"Enrico Benedetti, MD",
                "OverallOfficialAffiliation":"University of Illinois at Chicago",
                "OverallOfficialRole":"Principal Investigator"
              }
            ]
          },
          "LocationList":{
            "Location":[
              {
                "LocationFacility":"University of Illinois at Chicago",
                "LocationStatus":"Recruiting",
                "LocationCity":"Chicago",
                "LocationState":"Illinois",
                "LocationZip":"60612",
                "LocationCountry":"United States",
                "LocationContactList":{
                  "LocationContact":[
                    {
                      "LocationContactName":"Natalie Isho, MPH",
                      "LocationContactRole":"Contact",
                      "LocationContactPhone":"312-996-4706",
                      "LocationContactEMail":"nisho@uic.edu"
                    },{
                      "LocationContactName":"Enrico Benedetti, MD",
                      "LocationContactRole":"Principal Investigator"
                    }
                  ]
                }
              }
            ]
          }
        },
        "IPDSharingStatementModule":{
          "IPDSharing":"No"
        }
      },
      "DerivedSection":{
        "MiscInfoModule":{
          "VersionHolder":"April 19, 2021"
        },
        "ConditionBrowseModule":{
          "ConditionMeshList":{
            "ConditionMesh":[
              {
                "ConditionMeshId":"D000001930",
                "ConditionMeshTerm":"Brain Injuries"
              },{
                "ConditionMeshId":"D000059350",
                "ConditionMeshTerm":"Chronic Pain"
              },{
                "ConditionMeshId":"D000059787",
                "ConditionMeshTerm":"Acute Pain"
              },{
                "ConditionMeshId":"D000014947",
                "ConditionMeshTerm":"Wounds and Injuries"
              }
            ]
          },
          "ConditionAncestorList":{
            "ConditionAncestor":[
              {
                "ConditionAncestorId":"D000001927",
                "ConditionAncestorTerm":"Brain Diseases"
              },{
                "ConditionAncestorId":"D000002493",
                "ConditionAncestorTerm":"Central Nervous System Diseases"
              },{
                "ConditionAncestorId":"D000009422",
                "ConditionAncestorTerm":"Nervous System Diseases"
              },{
                "ConditionAncestorId":"D000006259",
                "ConditionAncestorTerm":"Craniocerebral Trauma"
              },{
                "ConditionAncestorId":"D000020196",
                "ConditionAncestorTerm":"Trauma, Nervous System"
              },{
                "ConditionAncestorId":"D000010146",
                "ConditionAncestorTerm":"Pain"
              },{
                "ConditionAncestorId":"D000009461",
                "ConditionAncestorTerm":"Neurologic Manifestations"
              }
            ]
          },
          "ConditionBrowseLeafList":{
            "ConditionBrowseLeaf":[
              {
                "ConditionBrowseLeafId":"M28029",
                "ConditionBrowseLeafName":"Chronic Pain",
                "ConditionBrowseLeafAsFound":"Chronic Pain",
                "ConditionBrowseLeafRelevance":"high"
              },{
                "ConditionBrowseLeafId":"M28112",
                "ConditionBrowseLeafName":"Acute Pain",
                "ConditionBrowseLeafAsFound":"Acute Pain",
                "ConditionBrowseLeafRelevance":"high"
              },{
                "ConditionBrowseLeafId":"M3789",
                "ConditionBrowseLeafName":"Brain Injuries",
                "ConditionBrowseLeafAsFound":"Brain Injury",
                "ConditionBrowseLeafRelevance":"high"
              },{
                "ConditionBrowseLeafId":"M5641",
                "ConditionBrowseLeafName":"Depression",
                "ConditionBrowseLeafRelevance":"low"
              },{
                "ConditionBrowseLeafId":"M5644",
                "ConditionBrowseLeafName":"Depressive Disorder",
                "ConditionBrowseLeafRelevance":"low"
              },{
                "ConditionBrowseLeafId":"M11649",
                "ConditionBrowseLeafName":"Pain",
                "ConditionBrowseLeafRelevance":"low"
              },{
                "ConditionBrowseLeafId":"M16268",
                "ConditionBrowseLeafName":"Wounds and Injuries",
                "ConditionBrowseLeafAsFound":"Injury",
                "ConditionBrowseLeafRelevance":"high"
              },{
                "ConditionBrowseLeafId":"M3786",
                "ConditionBrowseLeafName":"Brain Diseases",
                "ConditionBrowseLeafRelevance":"low"
              },{
                "ConditionBrowseLeafId":"M4325",
                "ConditionBrowseLeafName":"Central Nervous System Diseases",
                "ConditionBrowseLeafRelevance":"low"
              },{
                "ConditionBrowseLeafId":"M7932",
                "ConditionBrowseLeafName":"Craniocerebral Trauma",
                "ConditionBrowseLeafRelevance":"low"
              },{
                "ConditionBrowseLeafId":"M20607",
                "ConditionBrowseLeafName":"Trauma, Nervous System",
                "ConditionBrowseLeafRelevance":"low"
              },{
                "ConditionBrowseLeafId":"M10987",
                "ConditionBrowseLeafName":"Neurologic Manifestations",
                "ConditionBrowseLeafRelevance":"low"
              }
            ]
          },
          "ConditionBrowseBranchList":{
            "ConditionBrowseBranch":[
              {
                "ConditionBrowseBranchAbbrev":"BC23",
                "ConditionBrowseBranchName":"Symptoms and General Pathology"
              },{
                "ConditionBrowseBranchAbbrev":"All",
                "ConditionBrowseBranchName":"All Conditions"
              },{
                "ConditionBrowseBranchAbbrev":"BC10",
                "ConditionBrowseBranchName":"Nervous System Diseases"
              },{
                "ConditionBrowseBranchAbbrev":"BC26",
                "ConditionBrowseBranchName":"Wounds and Injuries"
              },{
                "ConditionBrowseBranchAbbrev":"BXM",
                "ConditionBrowseBranchName":"Behaviors and Mental Disorders"
              }
            ]
          }
        }
      }
    }
  }
}

