{
  "FullStudy":{
    "Rank":2051,
    "Study":{
      "ProtocolSection":{
        "IdentificationModule":{
          "NCTId":"NCT04823273",
          "OrgStudyIdInfo":{
            "OrgStudyId":"19-0918"
          },
          "Organization":{
            "OrgFullName":"University of Colorado, Denver",
            "OrgClass":"OTHER"
          },
          "BriefTitle":"Blood Transfusion Reduction - QI Project",
          "OfficialTitle":"Blood Transfusion Reduction Quality Improvement Project"
        },
        "StatusModule":{
          "StatusVerifiedDate":"April 2021",
          "OverallStatus":"Not yet recruiting",
          "ExpandedAccessInfo":{
            "HasExpandedAccess":"No"
          },
          "StartDateStruct":{
            "StartDate":"July 2021",
            "StartDateType":"Anticipated"
          },
          "PrimaryCompletionDateStruct":{
            "PrimaryCompletionDate":"April 2022",
            "PrimaryCompletionDateType":"Anticipated"
          },
          "CompletionDateStruct":{
            "CompletionDate":"April 2022",
            "CompletionDateType":"Anticipated"
          },
          "StudyFirstSubmitDate":"March 23, 2021",
          "StudyFirstSubmitQCDate":"March 26, 2021",
          "StudyFirstPostDateStruct":{
            "StudyFirstPostDate":"March 30, 2021",
            "StudyFirstPostDateType":"Actual"
          },
          "LastUpdateSubmitDate":"April 6, 2021",
          "LastUpdatePostDateStruct":{
            "LastUpdatePostDate":"April 8, 2021",
            "LastUpdatePostDateType":"Actual"
          }
        },
        "SponsorCollaboratorsModule":{
          "ResponsibleParty":{
            "ResponsiblePartyType":"Sponsor"
          },
          "LeadSponsor":{
            "LeadSponsorName":"University of Colorado, Denver",
            "LeadSponsorClass":"OTHER"
          }
        },
        "OversightModule":{
          "OversightHasDMC":"No",
          "IsFDARegulatedDrug":"No",
          "IsFDARegulatedDevice":"No"
        },
        "DescriptionModule":{
          "BriefSummary":"Blood Banks of large medical centers have large annual budgets, typically millions of dollars. Blood product wastage results in not only in a loss of the product's cost, but also of the fees involved in transporting, handling, and administering these products. Optimal utilization of blood products requires a balance between maximizing patient clinical outcomes while avoiding unnecessary costs and risks associated with transfusions. This project will specifically focus on packed red blood cell transfusions (pRBCs). There are clear guidelines for transfusing pRBCs however these guidelines are not always followed. pRBC transfusions outside of recommended guidelines is associated with increased risk of harm to patients.\n\nOur aim is to improve adherence to guideline indicated pRBC transfusions for patient in the UCHealth system thereby decreasing inappropriate (non-guideline indicated) pRBC transfusions. We will conduct a QI project seeking to improve pRBC transfusion guideline adherence. This project will involve data review to establish baseline rates, multimodal interventions to improve adherence to pRBC transfusion guidelines including provider education, modifications to the electronic ordering interface, and changing blood back policies at participating institutions."
        },
        "ConditionsModule":{
          "ConditionList":{
            "Condition":[
              "Blood Transfusion"
            ]
          },
          "KeywordList":{
            "Keyword":[
              "blood transfusion",
              "EHR interventions",
              "user-centered design",
              "high-value care"
            ]
          }
        },
        "DesignModule":{
          "StudyType":"Interventional",
          "PhaseList":{
            "Phase":[
              "Not Applicable"
            ]
          },
          "DesignInfo":{
            "DesignAllocation":"Randomized",
            "DesignInterventionModel":"Parallel Assignment",
            "DesignPrimaryPurpose":"Health Services Research",
            "DesignMaskingInfo":{
              "DesignMasking":"Single",
              "DesignWhoMaskedList":{
                "DesignWhoMasked":[
                  "Participant"
                ]
              }
            }
          },
          "EnrollmentInfo":{
            "EnrollmentCount":"1100",
            "EnrollmentType":"Anticipated"
          }
        },
        "ArmsInterventionsModule":{
          "ArmGroupList":{
            "ArmGroup":[
              {
                "ArmGroupLabel":"General improvement",
                "ArmGroupType":"Experimental",
                "ArmGroupDescription":"Using the expertise of the study personnel, electronic-health record system architects working for UCHealth, and incorporating feedback from the users who participated in the user-centered design sessions we made changes to the blood transfusion order-set as well as the \"prepare\" and \"transfuse\" orders. The intention of the changes to the interface are to be more intuitive for ordering clinicians.",
                "ArmGroupInterventionList":{
                  "ArmGroupInterventionName":[
                    "Behavioral: General improvement"
                  ]
                }
              },{
                "ArmGroupLabel":"In-line help text",
                "ArmGroupType":"Experimental",
                "ArmGroupDescription":"In addition to general improvement changes, subjects exposed to the in-line help text arm receive text detailing evidence-based transfusion recommendations that appear if the most recent hemoglobin level is above 7.0 g/dL. This text appears within the transfusion order but is non-interruptive as it does not require users to acknowledge the text nor does is require any additional keystrokes or clicks.",
                "ArmGroupInterventionList":{
                  "ArmGroupInterventionName":[
                    "Behavioral: In-line help text"
                  ]
                }
              },{
                "ArmGroupLabel":"Interruptive alert",
                "ArmGroupType":"Experimental",
                "ArmGroupDescription":"In addition to general improvement changes, subjects exposed to the interruptive alert arm receive text detailing evidence-based transfusion recommendations that appear if the most recent hemoglobin level is above 7.0 g/dL. In contrast to the in-line help text arm, this arm includes an interruptive alert that appears when the user selects the transfusion order. This alert offers users the option to remove the order which results in no-blood product ordered. Alternatively, users may continue to order blood and are asked to select the reason for proceeding with the intended order.",
                "ArmGroupInterventionList":{
                  "ArmGroupInterventionName":[
                    "Behavioral: Interruptive alert"
                  ]
                }
              }
            ]
          },
          "InterventionList":{
            "Intervention":[
              {
                "InterventionType":"Behavioral",
                "InterventionName":"General improvement",
                "InterventionDescription":"Changes to interface to be more intuitive.",
                "InterventionArmGroupLabelList":{
                  "InterventionArmGroupLabel":[
                    "General improvement"
                  ]
                }
              },{
                "InterventionType":"Behavioral",
                "InterventionName":"In-line help text",
                "InterventionDescription":"General improvement + in-line help text",
                "InterventionArmGroupLabelList":{
                  "InterventionArmGroupLabel":[
                    "In-line help text"
                  ]
                }
              },{
                "InterventionType":"Behavioral",
                "InterventionName":"Interruptive alert",
                "InterventionDescription":"General improvement + interruptive alert",
                "InterventionArmGroupLabelList":{
                  "InterventionArmGroupLabel":[
                    "Interruptive alert"
                  ]
                }
              }
            ]
          }
        },
        "OutcomesModule":{
          "PrimaryOutcomeList":{
            "PrimaryOutcome":[
              {
                "PrimaryOutcomeMeasure":"Blood Transfusions",
                "PrimaryOutcomeDescription":"Number of units transfused and pre-transfusion hemoglobin levels per intervention arm.",
                "PrimaryOutcomeTimeFrame":"52 weeks"
              }
            ]
          },
          "SecondaryOutcomeList":{
            "SecondaryOutcome":[
              {
                "SecondaryOutcomeMeasure":"Guideline Concordance Measured by Pre-Transfusion Hemoglobin Values Per Transfusion",
                "SecondaryOutcomeDescription":"The American Association of Blood Banks recommends a restrictive threshold of a pre-transfusion hemoglobin level of less than 7.0g/dL for the vast majority of inpatients. This outcome will compare historical data to all three randomized groups.",
                "SecondaryOutcomeTimeFrame":"Baseline, 52 weeks"
              },{
                "SecondaryOutcomeMeasure":"Guideline Concordance Measured by Number of Units Ordered Per Transfusion",
                "SecondaryOutcomeDescription":"The American Association of Blood Banks recommends a restrictive threshold of a single unit pRBC transfusion for the vast majority of inpatients. This outcome will compare historical data to all three randomized groups.",
                "SecondaryOutcomeTimeFrame":"Baseline, 52 weeks"
              }
            ]
          }
        },
        "EligibilityModule":{
          "EligibilityCriteria":"Inclusion Criteria:\n\nAll physicians and nurses with access to order inpatient blood transfusions through a hospital-based EMR.\nAll physicians and nurses ordering blood for individuals over the age of 18.\n\nExclusion Criteria:\n\nAll physicians and nurses ordering blood transfusion ordering blood in the OR\nBlood ordered through massive transfusion protocol",
          "HealthyVolunteers":"Accepts Healthy Volunteers",
          "Gender":"All",
          "StdAgeList":{
            "StdAge":[
              "Child",
              "Adult",
              "Older Adult"
            ]
          }
        },
        "ContactsLocationsModule":{
          "CentralContactList":{
            "CentralContact":[
              {
                "CentralContactName":"Sharon Pincus, MA",
                "CentralContactRole":"Contact",
                "CentralContactPhone":"303-949-7116",
                "CentralContactEMail":"sharon.pincus@cuanschutz.edu"
              }
            ]
          }
        }
      },
      "DerivedSection":{
        "MiscInfoModule":{
          "VersionHolder":"April 19, 2021"
        }
      }
    }
  }
}

