{
  "FullStudy":{
    "Rank":2090,
    "Study":{
      "ProtocolSection":{
        "IdentificationModule":{
          "NCTId":"NCT04822766",
          "OrgStudyIdInfo":{
            "OrgStudyId":"APHP200134"
          },
          "Organization":{
            "OrgFullName":"Assistance Publique - Hôpitaux de Paris",
            "OrgClass":"OTHER"
          },
          "BriefTitle":"A Study Comparing Allogeneic Hematopoietic Cell Transplantation Versus Best Available Standard of Care Therapy in Elderly Patients With Acute Myeloid Leukemia",
          "OfficialTitle":"Allogeneic Hematopoietic Cell Transplantation Versus Best Available Standard of Care Therapy in Elderly Patients With Acute Myeloid Leukemia: a Randomized Phase 3 Trial",
          "Acronym":"ALLO-BEST"
        },
        "StatusModule":{
          "StatusVerifiedDate":"March 2021",
          "OverallStatus":"Not yet recruiting",
          "ExpandedAccessInfo":{
            "HasExpandedAccess":"No"
          },
          "StartDateStruct":{
            "StartDate":"April 2021",
            "StartDateType":"Anticipated"
          },
          "PrimaryCompletionDateStruct":{
            "PrimaryCompletionDate":"April 2023",
            "PrimaryCompletionDateType":"Anticipated"
          },
          "CompletionDateStruct":{
            "CompletionDate":"April 2023",
            "CompletionDateType":"Anticipated"
          },
          "StudyFirstSubmitDate":"January 24, 2021",
          "StudyFirstSubmitQCDate":"March 29, 2021",
          "StudyFirstPostDateStruct":{
            "StudyFirstPostDate":"March 30, 2021",
            "StudyFirstPostDateType":"Actual"
          },
          "LastUpdateSubmitDate":"March 29, 2021",
          "LastUpdatePostDateStruct":{
            "LastUpdatePostDate":"March 30, 2021",
            "LastUpdatePostDateType":"Actual"
          }
        },
        "SponsorCollaboratorsModule":{
          "ResponsibleParty":{
            "ResponsiblePartyType":"Sponsor"
          },
          "LeadSponsor":{
            "LeadSponsorName":"Assistance Publique - Hôpitaux de Paris",
            "LeadSponsorClass":"OTHER"
          }
        },
        "OversightModule":{
          "OversightHasDMC":"No",
          "IsFDARegulatedDrug":"No",
          "IsFDARegulatedDevice":"No"
        },
        "DescriptionModule":{
          "BriefSummary":"A subject of major interest for researchers, clinicians, patients, and payers, is the role of allogeneic hematopoietic stem cell transplantation (allo-HSCT) in the treatment of these older patients with AML. With conventional induction chemotherapy or hypomethylating agents, the expected 2-year overall survival (OS) is less than 25% in patients with intermediate- or high-risk disease. The 2-year OS ranges from 50 to 56% with allo-HSCT in AML patients older than 65 years.\n\nPerforming an allo-HSCT in older patients is however still controversial because of the higher risk of non-relapse mortality (15 to 35%) and graft-versus-host disease. Depending on the center policy, patients older than 65 years will either be contraindicated for transplant or will receive allo-HSCT.\n\nWith a phase III comparative, randomized, controlled, prospective, multicenter study, the trial aim to assess prospectively the outcomes and quality of life of older patients with AML receiving allo-HSCT strategy compared to those receiving a non-transplant approach.",
          "DetailedDescription":"Every year, 30,000 patients in Europe and 20,000 in the USA are diagnosed with acute myeloid leukemia (AML). More than half of them are over 65 years old. In this older population, the median overall survival (OS) is only 2 to 8 months. With conventional induction chemotherapy or hypomethylating agents, the expected 2-year OS is less than 25% in patients with intermediate- or high-risk disease.\n\nPerforming an allo-HSCT in older patients is however still controversial because of the higher risk of non-relapse mortality (15 to 35%) and graft-versus-host disease. Depending on the center policy, patients older than 65 years will either be contraindicated for transplant or will receive allo-HSCT. Noteworthy, no prospective randomized trial has yet compared allo-HSCT to a non-transplant strategy in older patients with AML. A previous attempt made 10 years ago, by the EBMT to run a slightly similar trial, has failed in France and most European countries, mainly (i) because it mandated the type of transplant procedure to be applied and (ii) because of the absence of novel and effective drugs.\n\nEvery year, 30,000 patients in Europe and 20,000 in the USA are diagnosed with acute myeloid leukemia (AML). More than half of them are over 65 years old. In this older population, the median overall survival (OS) is only 2 to 8 months. With conventional induction chemotherapy or hypometylating agents, the expected 2-year OS is less than 25% in patients with intermediate- or high-risk disease.\n\nPerforming an allo-HSCT in older patients is however still controversial because of the higher risk of non-relapse mortality (15 to 35%) and graft-versus-host disease. Depending on the center policy, patients older than 65 years will either be contraindicated for transplant or will receive allo-HSCT. Noteworthy, no prospective randomized trial has yet compared allo-HSCT to a non-transplant strategy in older patients with AML. A previous attempt made 10 years ago, by the EBMT to run a slightly similar trial, has failed in France and most European countries, mainly (i) because it mandated the type of transplant procedure to be applied and (ii) because of the absence of novel and effective drugs.\n\nNew targeted therapies and treatment strategies are evolving rapidly. A standardized unique treatment administrated to all sub-types of AML is no longer the optimal approach for induction and non-transplant maintenance strategies. No treatment has reached consensus for older patients. For these reasons, this trial will not limit the choices of drugs administered to the patients but compare two strategies allowing patients to receive the best available standard of care.\n\nThe trial aim to assess prospectively the outcomes and quality of life of older patients with AML receiving allo-HSCT strategy compared to those receiving a non-transplant approach.\n\nPatients will receive initial treatment with chemotherapy (or other appropriate non-palliative therapy). Once first complete remission is achieved and a donor is identified, patients will be included.\n\nPatients will be randomly assigned (1:1) after inclusion to receive one of the following strategy:\n\nAllogeneic hematopoietic stem cell transplantation arm: patients will undergo allo-HSCT after consolidation therapy (or completion of other appropriate non-palliative strategy) according to standard procedures of the transplant center (choice of donor, conditioning regimen, GVHD and infection prophylaxis). The use of novel therapies (such as sorafenib, midaustorine, venetoclax, etc.) will be allowed as post-transplantation maintenance strategy\nNon-transplant arm: patients will be treated according to the standard procedures of the treating center for this type of population.\n\nAll patients will receive the best available treatments (including additional conventional chemotherapy or other non-palliative therapies such as 5-azacytidine, decitabine, venetoclax, midaustorine, enasidenib, etc.). Supportive care will be performed according to each participating center usual practice."
        },
        "ConditionsModule":{
          "ConditionList":{
            "Condition":[
              "Acute Myeloid Leukemia"
            ]
          },
          "KeywordList":{
            "Keyword":[
              "Allogeneic",
              "hematopoietic cell transplantation",
              "acute myeloid leukemia"
            ]
          }
        },
        "DesignModule":{
          "StudyType":"Interventional",
          "PhaseList":{
            "Phase":[
              "Not Applicable"
            ]
          },
          "DesignInfo":{
            "DesignAllocation":"Randomized",
            "DesignInterventionModel":"Parallel Assignment",
            "DesignPrimaryPurpose":"Treatment",
            "DesignMaskingInfo":{
              "DesignMasking":"None (Open Label)"
            }
          },
          "EnrollmentInfo":{
            "EnrollmentCount":"172",
            "EnrollmentType":"Anticipated"
          }
        },
        "ArmsInterventionsModule":{
          "ArmGroupList":{
            "ArmGroup":[
              {
                "ArmGroupLabel":"Chemotherapy",
                "ArmGroupType":"Active Comparator",
                "ArmGroupInterventionList":{
                  "ArmGroupInterventionName":[
                    "Drug: Best chemotherapy treatment"
                  ]
                }
              },{
                "ArmGroupLabel":"Allogeneic Hematopoietic Cell Transplantation",
                "ArmGroupType":"Experimental",
                "ArmGroupDescription":"Time of transplant procedure The best available treatments of AML",
                "ArmGroupInterventionList":{
                  "ArmGroupInterventionName":[
                    "Procedure: Hematopoietic stem cell transplantation"
                  ]
                }
              }
            ]
          },
          "InterventionList":{
            "Intervention":[
              {
                "InterventionType":"Procedure",
                "InterventionName":"Hematopoietic stem cell transplantation",
                "InterventionDescription":"patients will undergo allo-HSCT after consolidation therapy (or completion of other appropriate non-palliative strategy) according to standard procedures of the transplant center (choice of donor, conditioning regimen, GVHD and infection prophylaxis). The use of novel therapies (such as sorafenib, midaustorine, venetoclax, etc.) will be allowed as post-transplantation maintenance strategy.",
                "InterventionArmGroupLabelList":{
                  "InterventionArmGroupLabel":[
                    "Allogeneic Hematopoietic Cell Transplantation"
                  ]
                }
              },{
                "InterventionType":"Drug",
                "InterventionName":"Best chemotherapy treatment",
                "InterventionDescription":"patients will be treated according to the standard procedures of the treating center for this type of population. Patients will receive the best available treatments (including additional conventional chemotherapy or other non-palliative therapies such as 5-azacytidine, decitabine, venetoclax, midaustorine, enasidenib, etc.).",
                "InterventionArmGroupLabelList":{
                  "InterventionArmGroupLabel":[
                    "Chemotherapy"
                  ]
                }
              }
            ]
          }
        },
        "OutcomesModule":{
          "PrimaryOutcomeList":{
            "PrimaryOutcome":[
              {
                "PrimaryOutcomeMeasure":"Overall survival",
                "PrimaryOutcomeDescription":"From inclusion (time of identification of potential donor) until death or at 24 months, whichever comes first]",
                "PrimaryOutcomeTimeFrame":"2 years after the inclusion"
              }
            ]
          },
          "SecondaryOutcomeList":{
            "SecondaryOutcome":[
              {
                "SecondaryOutcomeMeasure":"Leukemia free survival",
                "SecondaryOutcomeDescription":"from inclusion (time of identification of potential donor) until relapse and/or death from any cause or at 24 months, whichever comes first",
                "SecondaryOutcomeTimeFrame":"within the 2 years after inclusion"
              },{
                "SecondaryOutcomeMeasure":"Assessment of MRD and time to relapse from inclusion up to 2 years",
                "SecondaryOutcomeTimeFrame":": time between inclusion and date of relapse or at 24 months, whichever comes first]"
              },{
                "SecondaryOutcomeMeasure":"Quality of life FACT-BMT",
                "SecondaryOutcomeDescription":"FACT-BMT (Functional Assessment of Cancer Therapy - Bone Marrow Transplant)",
                "SecondaryOutcomeTimeFrame":"at baseline, 12 and 24 months after inclusion"
              },{
                "SecondaryOutcomeMeasure":"Quality of life EQ 5D 5L",
                "SecondaryOutcomeDescription":"EQ 5D 5L (EuroQol group)",
                "SecondaryOutcomeTimeFrame":"at baseline, 12 and 24 months after inclusion"
              },{
                "SecondaryOutcomeMeasure":"The Incremental cost-effectiveness ratios (ICERs) expressed in cost per quality-adjusted life-year (QALY) gained",
                "SecondaryOutcomeDescription":"from inclusion (time of identification of potential donor) until death from any cause or at 24 months, whichever comes first",
                "SecondaryOutcomeTimeFrame":"2 years after inclusion"
              },{
                "SecondaryOutcomeMeasure":"The Incremental cost-effectiveness ratios (ICERs) expressed in cost per Life Year Gained",
                "SecondaryOutcomeDescription":"from inclusion (time of identification of potential donor) until death from any cause or at 24 months, whichever comes first",
                "SecondaryOutcomeTimeFrame":"2 years after inclusion"
              },{
                "SecondaryOutcomeMeasure":"Non-relapse mortality",
                "SecondaryOutcomeDescription":"from inclusion (time of identification of potential donor) until death without evidence of relapse or at 24 months, whichever comes first",
                "SecondaryOutcomeTimeFrame":"within the 2 years after inclusion"
              },{
                "SecondaryOutcomeMeasure":"In allo-HSCT patients only: cumulative incidence of acute and chronic graft-versus-host disease (GVHD)",
                "SecondaryOutcomeDescription":"from transplantation until occurrence of GVHD or death from any cause or at 24 months after inclusion, whichever comes first",
                "SecondaryOutcomeTimeFrame":"within the 2 years after inclusion"
              },{
                "SecondaryOutcomeMeasure":"In allo-HSCT patients only: severity of acute and chronic graft-versus-host disease (GVHD)",
                "SecondaryOutcomeDescription":"from transplantation until occurrence of GVHD or death from any cause or at 24 months after inclusion, whichever comes first",
                "SecondaryOutcomeTimeFrame":"within the 2 years after inclusion"
              }
            ]
          }
        },
        "EligibilityModule":{
          "EligibilityCriteria":"Inclusion Criteria:\n\nMen and women\nAge ≥ 65 and ≤ 75 years\nNewly diagnosed patients with de novo or secondary AML in first complete remission who are considered as potential candidates and eligible for an allo-HSCT procedure\nPresence of a donor (matched related or unrelated or haplo-mismatched) willing to donate peripheral blood stem cells\nPatient is fit for the allo-HSCT procedure\nPatient is fit for further consolidation therapy (non-transplant arm)\nWritten informed consent\n\nExclusion Criteria:\n\nAcute promyelocytic leukemia (AML FAB M3)\nAML deemed not eligible for allo-HSCT\nKarnofsky score <70%\nHIV positive patient\nLife expectancy less than one month according to the attending physician\nAcute or chronic heart failure (Cardiac ejection fraction < 40%)\nPulmonary function - diffusion capacity < 50% predicted\nEstimated glomerular filtration rate < 30 ml/min (CKD-EPI)\nSevere neurological or psychiatric disorders Recruitment procedure",
          "HealthyVolunteers":"No",
          "Gender":"All",
          "MinimumAge":"65 Years",
          "MaximumAge":"75 Years",
          "StdAgeList":{
            "StdAge":[
              "Older Adult"
            ]
          }
        },
        "ContactsLocationsModule":{
          "CentralContactList":{
            "CentralContact":[
              {
                "CentralContactName":"Rémy DULERY, MD",
                "CentralContactRole":"Contact",
                "CentralContactPhone":"01 49 28 26 20",
                "CentralContactEMail":"remy.dulery@aphp.fr"
              },{
                "CentralContactName":"Mohamad MOHTY, PU-PH",
                "CentralContactRole":"Contact",
                "CentralContactPhone":"01 49 28 26 20",
                "CentralContactEMail":"mohamad.mohty@inserm.fr"
              }
            ]
          },
          "OverallOfficialList":{
            "OverallOfficial":[
              {
                "OverallOfficialName":"Rémy DULERY, MD",
                "OverallOfficialAffiliation":"Assistance Publique - Hôpitaux de Paris",
                "OverallOfficialRole":"Principal Investigator"
              }
            ]
          },
          "LocationList":{
            "Location":[
              {
                "LocationFacility":"Saint Antoine Hospital - Hematology Department",
                "LocationCity":"Paris",
                "LocationZip":"75012",
                "LocationCountry":"France",
                "LocationContactList":{
                  "LocationContact":[
                    {
                      "LocationContactName":"Rémy DULERY, MD",
                      "LocationContactRole":"Contact",
                      "LocationContactPhone":"01 49 28 26 20",
                      "LocationContactEMail":"remy.dulery@aphp.fr"
                    },{
                      "LocationContactName":"Mohamad MOHTY, PU6PH",
                      "LocationContactRole":"Contact",
                      "LocationContactPhone":"01 49 28 26 20",
                      "LocationContactEMail":"mohamad.mohty@inserm.fr"
                    }
                  ]
                }
              }
            ]
          }
        },
        "IPDSharingStatementModule":{
          "IPDSharing":"Undecided"
        }
      },
      "DerivedSection":{
        "MiscInfoModule":{
          "VersionHolder":"April 19, 2021"
        },
        "ConditionBrowseModule":{
          "ConditionMeshList":{
            "ConditionMesh":[
              {
                "ConditionMeshId":"D000007938",
                "ConditionMeshTerm":"Leukemia"
              },{
                "ConditionMeshId":"D000007951",
                "ConditionMeshTerm":"Leukemia, Myeloid"
              },{
                "ConditionMeshId":"D000015470",
                "ConditionMeshTerm":"Leukemia, Myeloid, Acute"
              }
            ]
          },
          "ConditionAncestorList":{
            "ConditionAncestor":[
              {
                "ConditionAncestorId":"D000009370",
                "ConditionAncestorTerm":"Neoplasms by Histologic Type"
              },{
                "ConditionAncestorId":"D000009369",
                "ConditionAncestorTerm":"Neoplasms"
              }
            ]
          },
          "ConditionBrowseLeafList":{
            "ConditionBrowseLeaf":[
              {
                "ConditionBrowseLeafId":"M9528",
                "ConditionBrowseLeafName":"Leukemia",
                "ConditionBrowseLeafAsFound":"Leukemia",
                "ConditionBrowseLeafRelevance":"high"
              },{
                "ConditionBrowseLeafId":"M9538",
                "ConditionBrowseLeafName":"Leukemia, Myeloid",
                "ConditionBrowseLeafAsFound":"Myeloid Leukemia",
                "ConditionBrowseLeafRelevance":"high"
              },{
                "ConditionBrowseLeafId":"M16710",
                "ConditionBrowseLeafName":"Leukemia, Myeloid, Acute",
                "ConditionBrowseLeafAsFound":"Acute Myeloid Leukemia",
                "ConditionBrowseLeafRelevance":"high"
              },{
                "ConditionBrowseLeafId":"M10898",
                "ConditionBrowseLeafName":"Neoplasms by Histologic Type",
                "ConditionBrowseLeafRelevance":"low"
              },{
                "ConditionBrowseLeafId":"T3995",
                "ConditionBrowseLeafName":"Myeloid Leukemia",
                "ConditionBrowseLeafAsFound":"Myeloid Leukemia",
                "ConditionBrowseLeafRelevance":"high"
              },{
                "ConditionBrowseLeafId":"T182",
                "ConditionBrowseLeafName":"Acute Myeloid Leukemia",
                "ConditionBrowseLeafAsFound":"Acute Myeloid Leukemia",
                "ConditionBrowseLeafRelevance":"high"
              },{
                "ConditionBrowseLeafId":"T188",
                "ConditionBrowseLeafName":"Acute Non Lymphoblastic Leukemia",
                "ConditionBrowseLeafAsFound":"Acute Myeloid Leukemia",
                "ConditionBrowseLeafRelevance":"high"
              }
            ]
          },
          "ConditionBrowseBranchList":{
            "ConditionBrowseBranch":[
              {
                "ConditionBrowseBranchAbbrev":"BC04",
                "ConditionBrowseBranchName":"Cancers and Other Neoplasms"
              },{
                "ConditionBrowseBranchAbbrev":"All",
                "ConditionBrowseBranchName":"All Conditions"
              },{
                "ConditionBrowseBranchAbbrev":"Rare",
                "ConditionBrowseBranchName":"Rare Diseases"
              }
            ]
          }
        },
        "InterventionBrowseModule":{
          "InterventionBrowseLeafList":{
            "InterventionBrowseLeaf":[
              {
                "InterventionBrowseLeafId":"M257987",
                "InterventionBrowseLeafName":"Venetoclax",
                "InterventionBrowseLeafRelevance":"low"
              },{
                "InterventionBrowseLeafId":"M3254",
                "InterventionBrowseLeafName":"Azacitidine",
                "InterventionBrowseLeafRelevance":"low"
              },{
                "InterventionBrowseLeafId":"M1697",
                "InterventionBrowseLeafName":"Decitabine",
                "InterventionBrowseLeafRelevance":"low"
              },{
                "InterventionBrowseLeafId":"M1680",
                "InterventionBrowseLeafName":"Sorafenib",
                "InterventionBrowseLeafRelevance":"low"
              }
            ]
          },
          "InterventionBrowseBranchList":{
            "InterventionBrowseBranch":[
              {
                "InterventionBrowseBranchAbbrev":"ANeo",
                "InterventionBrowseBranchName":"Antineoplastic Agents"
              },{
                "InterventionBrowseBranchAbbrev":"All",
                "InterventionBrowseBranchName":"All Drugs and Chemicals"
              }
            ]
          }
        }
      }
    }
  }
}

