{
  "FullStudy":{
    "Rank":2253,
    "Study":{
      "ProtocolSection":{
        "IdentificationModule":{
          "NCTId":"NCT04820634",
          "OrgStudyIdInfo":{
            "OrgStudyId":"R-1090-19"
          },
          "Organization":{
            "OrgFullName":"Kessler Foundation",
            "OrgClass":"OTHER"
          },
          "BriefTitle":"Using Virtual Reality to Improve Job Reentry in Adults With TBI",
          "OfficialTitle":"Using Virtual Reality to Improve Job Reentry in Adults With TBI"
        },
        "StatusModule":{
          "StatusVerifiedDate":"March 2021",
          "OverallStatus":"Recruiting",
          "ExpandedAccessInfo":{
            "HasExpandedAccess":"No"
          },
          "StartDateStruct":{
            "StartDate":"December 12, 2019",
            "StartDateType":"Actual"
          },
          "PrimaryCompletionDateStruct":{
            "PrimaryCompletionDate":"July 28, 2021",
            "PrimaryCompletionDateType":"Anticipated"
          },
          "CompletionDateStruct":{
            "CompletionDate":"July 28, 2022",
            "CompletionDateType":"Anticipated"
          },
          "StudyFirstSubmitDate":"February 3, 2021",
          "StudyFirstSubmitQCDate":"March 26, 2021",
          "StudyFirstPostDateStruct":{
            "StudyFirstPostDate":"March 29, 2021",
            "StudyFirstPostDateType":"Actual"
          },
          "LastUpdateSubmitDate":"March 26, 2021",
          "LastUpdatePostDateStruct":{
            "LastUpdatePostDate":"March 29, 2021",
            "LastUpdatePostDateType":"Actual"
          }
        },
        "SponsorCollaboratorsModule":{
          "ResponsibleParty":{
            "ResponsiblePartyType":"Sponsor"
          },
          "LeadSponsor":{
            "LeadSponsorName":"Kessler Foundation",
            "LeadSponsorClass":"OTHER"
          }
        },
        "OversightModule":{
          "OversightHasDMC":"No",
          "IsFDARegulatedDrug":"No",
          "IsFDARegulatedDevice":"No"
        },
        "DescriptionModule":{
          "BriefSummary":"The purpose of this research is to investigate the effectiveness of virtual reality (VR) to improve job reentry skills in individuals with TBI.",
          "DetailedDescription":"The current study will examine a virtual reality (VR) intervention entitled \"Virtual Reality Job Interview Training (VR-JIT)\" which targets social competency skills needed for successful job interviewing, and its efficacy when applied to individuals with traumatic brain injury (TBI). Preliminary evidence suggests that the VR-JIT is successful in individuals with autism spectrum disorder and schizophrenia in improving interview abilities. However, the efficacy of VR-JIT has not been evaluated in TBI populations."
        },
        "ConditionsModule":{
          "ConditionList":{
            "Condition":[
              "Traumatic Brain Injury"
            ]
          }
        },
        "DesignModule":{
          "StudyType":"Interventional",
          "PhaseList":{
            "Phase":[
              "Not Applicable"
            ]
          },
          "DesignInfo":{
            "DesignAllocation":"Randomized",
            "DesignInterventionModel":"Parallel Assignment",
            "DesignPrimaryPurpose":"Treatment",
            "DesignMaskingInfo":{
              "DesignMasking":"Double",
              "DesignWhoMaskedList":{
                "DesignWhoMasked":[
                  "Participant",
                  "Investigator"
                ]
              }
            }
          },
          "EnrollmentInfo":{
            "EnrollmentCount":"60",
            "EnrollmentType":"Anticipated"
          }
        },
        "ArmsInterventionsModule":{
          "ArmGroupList":{
            "ArmGroup":[
              {
                "ArmGroupLabel":"VR-JIT",
                "ArmGroupType":"Experimental",
                "ArmGroupDescription":"In this arm, participants would participate in simulated interviews utilizing a software program and virtual interviewer, once a week for 90 minutes.",
                "ArmGroupInterventionList":{
                  "ArmGroupInterventionName":[
                    "Other: Virtual Reality Job Interview Training"
                  ]
                }
              },{
                "ArmGroupLabel":"Wonderworks",
                "ArmGroupType":"Placebo Comparator",
                "ArmGroupDescription":"In this arm, participants would participate in a similar intervention, also once a week for 90 minutes. However, in this arm, the intervention would be in a virtual office environment completing office tasks.",
                "ArmGroupInterventionList":{
                  "ArmGroupInterventionName":[
                    "Other: Wonderworks"
                  ]
                }
              }
            ]
          },
          "InterventionList":{
            "Intervention":[
              {
                "InterventionType":"Other",
                "InterventionName":"Virtual Reality Job Interview Training",
                "InterventionDescription":"The treatment group (TX) will complete 7 sessions of VR-JIT (1 sessions per week for 7 weeks), designed to teach the skills & concepts of job interviews. Sessions are approximately 90 minutes long.",
                "InterventionArmGroupLabelList":{
                  "InterventionArmGroupLabel":[
                    "VR-JIT"
                  ]
                }
              },{
                "InterventionType":"Other",
                "InterventionName":"Wonderworks",
                "InterventionDescription":"The control group (CT) will complete 7 sessions of Wonderworks (1 session per week for 7 weeks) using skills in an office environment.",
                "InterventionArmGroupLabelList":{
                  "InterventionArmGroupLabel":[
                    "Wonderworks"
                  ]
                }
              }
            ]
          }
        },
        "OutcomesModule":{
          "PrimaryOutcomeList":{
            "PrimaryOutcome":[
              {
                "PrimaryOutcomeMeasure":"Change in Mock Job Interview Score at 1 month",
                "PrimaryOutcomeDescription":"Participants will complete a mock job interview at follow-up which will be compared to their initial interview and rated by blinded assessors on their job interview performance.",
                "PrimaryOutcomeTimeFrame":"1 month"
              }
            ]
          }
        },
        "EligibilityModule":{
          "EligibilityCriteria":"Inclusion Criteria:\n\nI am between the ages of 18 and 65.\nI have a diagnosis with moderate to severe TBI.\nI am at least one year post injury.\nI am able to speak and read English fluently.\n\nExclusion Criteria:\n\nI have a history of multiple sclerosis, stroke, seizures or another neurological injury or disease in the past (like brain tumor or epilepsy).\nI have a history of significant psychiatric illness (like bipolar disorder, schizophrenia or psychosis).\nI am currently taking steroids and/or benzodiazepines as determined by study staff review of my medications.",
          "HealthyVolunteers":"No",
          "Gender":"All",
          "MinimumAge":"18 Years",
          "MaximumAge":"65 Years",
          "StdAgeList":{
            "StdAge":[
              "Adult",
              "Older Adult"
            ]
          }
        },
        "ContactsLocationsModule":{
          "CentralContactList":{
            "CentralContact":[
              {
                "CentralContactName":"Helen Genova, Ph.D.",
                "CentralContactRole":"Contact",
                "CentralContactPhone":"973-324-8390",
                "CentralContactEMail":"hgenova@kesslerfoundation.org"
              }
            ]
          },
          "OverallOfficialList":{
            "OverallOfficial":[
              {
                "OverallOfficialName":"Nancy Chiarvalloti, Ph.D.",
                "OverallOfficialAffiliation":"Lab Director",
                "OverallOfficialRole":"Study Director"
              }
            ]
          },
          "LocationList":{
            "Location":[
              {
                "LocationFacility":"Kessler Foundation",
                "LocationStatus":"Recruiting",
                "LocationCity":"East Hanover",
                "LocationState":"New Jersey",
                "LocationZip":"07936",
                "LocationCountry":"United States",
                "LocationContactList":{
                  "LocationContact":[
                    {
                      "LocationContactName":"Nancy Moore, MA",
                      "LocationContactRole":"Contact",
                      "LocationContactPhone":"973-323-8450",
                      "LocationContactEMail":"nmoore@kesslerfoundation.org"
                    },{
                      "LocationContactName":"Jimmy Morecraft, BA",
                      "LocationContactRole":"Contact",
                      "LocationContactPhone":"973-323-3685",
                      "LocationContactEMail":"jmorecraft@kesslerfoundation.org"
                    },{
                      "LocationContactName":"Helen Genova, Ph.D.",
                      "LocationContactRole":"Principal Investigator"
                    }
                  ]
                }
              }
            ]
          }
        },
        "IPDSharingStatementModule":{
          "IPDSharing":"No"
        }
      },
      "DerivedSection":{
        "MiscInfoModule":{
          "VersionHolder":"April 19, 2021"
        },
        "ConditionBrowseModule":{
          "ConditionMeshList":{
            "ConditionMesh":[
              {
                "ConditionMeshId":"D000001930",
                "ConditionMeshTerm":"Brain Injuries"
              },{
                "ConditionMeshId":"D000070642",
                "ConditionMeshTerm":"Brain Injuries, Traumatic"
              }
            ]
          },
          "ConditionAncestorList":{
            "ConditionAncestor":[
              {
                "ConditionAncestorId":"D000001927",
                "ConditionAncestorTerm":"Brain Diseases"
              },{
                "ConditionAncestorId":"D000002493",
                "ConditionAncestorTerm":"Central Nervous System Diseases"
              },{
                "ConditionAncestorId":"D000009422",
                "ConditionAncestorTerm":"Nervous System Diseases"
              },{
                "ConditionAncestorId":"D000006259",
                "ConditionAncestorTerm":"Craniocerebral Trauma"
              },{
                "ConditionAncestorId":"D000020196",
                "ConditionAncestorTerm":"Trauma, Nervous System"
              },{
                "ConditionAncestorId":"D000014947",
                "ConditionAncestorTerm":"Wounds and Injuries"
              }
            ]
          },
          "ConditionBrowseLeafList":{
            "ConditionBrowseLeaf":[
              {
                "ConditionBrowseLeafId":"M3789",
                "ConditionBrowseLeafName":"Brain Injuries",
                "ConditionBrowseLeafAsFound":"Brain Injury",
                "ConditionBrowseLeafRelevance":"high"
              },{
                "ConditionBrowseLeafId":"M628",
                "ConditionBrowseLeafName":"Brain Injuries, Traumatic",
                "ConditionBrowseLeafAsFound":"Traumatic Brain Injury",
                "ConditionBrowseLeafRelevance":"high"
              },{
                "ConditionBrowseLeafId":"M3786",
                "ConditionBrowseLeafName":"Brain Diseases",
                "ConditionBrowseLeafRelevance":"low"
              },{
                "ConditionBrowseLeafId":"M4325",
                "ConditionBrowseLeafName":"Central Nervous System Diseases",
                "ConditionBrowseLeafRelevance":"low"
              },{
                "ConditionBrowseLeafId":"M16268",
                "ConditionBrowseLeafName":"Wounds and Injuries",
                "ConditionBrowseLeafRelevance":"low"
              },{
                "ConditionBrowseLeafId":"M7932",
                "ConditionBrowseLeafName":"Craniocerebral Trauma",
                "ConditionBrowseLeafRelevance":"low"
              },{
                "ConditionBrowseLeafId":"M20607",
                "ConditionBrowseLeafName":"Trauma, Nervous System",
                "ConditionBrowseLeafRelevance":"low"
              }
            ]
          },
          "ConditionBrowseBranchList":{
            "ConditionBrowseBranch":[
              {
                "ConditionBrowseBranchAbbrev":"BC10",
                "ConditionBrowseBranchName":"Nervous System Diseases"
              },{
                "ConditionBrowseBranchAbbrev":"BC26",
                "ConditionBrowseBranchName":"Wounds and Injuries"
              },{
                "ConditionBrowseBranchAbbrev":"All",
                "ConditionBrowseBranchName":"All Conditions"
              }
            ]
          }
        }
      }
    }
  }
}

