{
  "FullStudy":{
    "Rank":1675,
    "Study":{
      "ProtocolSection":{
        "IdentificationModule":{
          "NCTId":"NCT04828161",
          "OrgStudyIdInfo":{
            "OrgStudyId":"MP0420-CP302"
          },
          "SecondaryIdInfoList":{
            "SecondaryIdInfo":[
              {
                "SecondaryId":"2021-000890-10",
                "SecondaryIdType":"EudraCT Number"
              }
            ]
          },
          "Organization":{
            "OrgFullName":"Molecular Partners AG",
            "OrgClass":"INDUSTRY"
          },
          "BriefTitle":"A Dose Finding, Efficacy and Safety Study of Ensovibep (MP0420) in Ambulatory Adult Patients With Symptomatic COVID-19",
          "OfficialTitle":"A Randomized, Double-blind, Placebo-controlled, Multicenter Study of Ensovibep (MP0420) in Ambulatory Adult Patients With Symptomatic COVID-19 - The \"EMPATHY\" Trial",
          "Acronym":"EMPATHY"
        },
        "StatusModule":{
          "StatusVerifiedDate":"March 2021",
          "OverallStatus":"Not yet recruiting",
          "ExpandedAccessInfo":{
            "HasExpandedAccess":"No"
          },
          "StartDateStruct":{
            "StartDate":"April 15, 2021",
            "StartDateType":"Anticipated"
          },
          "PrimaryCompletionDateStruct":{
            "PrimaryCompletionDate":"May 2022",
            "PrimaryCompletionDateType":"Anticipated"
          },
          "CompletionDateStruct":{
            "CompletionDate":"June 2022",
            "CompletionDateType":"Anticipated"
          },
          "StudyFirstSubmitDate":"March 24, 2021",
          "StudyFirstSubmitQCDate":"March 30, 2021",
          "StudyFirstPostDateStruct":{
            "StudyFirstPostDate":"April 1, 2021",
            "StudyFirstPostDateType":"Actual"
          },
          "LastUpdateSubmitDate":"March 30, 2021",
          "LastUpdatePostDateStruct":{
            "LastUpdatePostDate":"April 1, 2021",
            "LastUpdatePostDateType":"Actual"
          }
        },
        "SponsorCollaboratorsModule":{
          "ResponsibleParty":{
            "ResponsiblePartyType":"Sponsor"
          },
          "LeadSponsor":{
            "LeadSponsorName":"Molecular Partners AG",
            "LeadSponsorClass":"INDUSTRY"
          },
          "CollaboratorList":{
            "Collaborator":[
              {
                "CollaboratorName":"Novartis Pharmaceuticals",
                "CollaboratorClass":"INDUSTRY"
              },{
                "CollaboratorName":"Iqvia Pty Ltd",
                "CollaboratorClass":"INDUSTRY"
              },{
                "CollaboratorName":"Datamap",
                "CollaboratorClass":"INDUSTRY"
              },{
                "CollaboratorName":"SYNLAB Analytics & Services Switzerland AG",
                "CollaboratorClass":"UNKNOWN"
              },{
                "CollaboratorName":"Q2 Solutions",
                "CollaboratorClass":"INDUSTRY"
              }
            ]
          }
        },
        "OversightModule":{
          "OversightHasDMC":"Yes",
          "IsFDARegulatedDrug":"Yes",
          "IsFDARegulatedDevice":"No"
        },
        "DescriptionModule":{
          "BriefSummary":"The purpose of this study is to establish the antiviral efficacy of ensovibep against severe acute respiratory syndrome coronavirus 2 (SARS-CoV-2) in humans, identify the optimal dose, and demonstrate its clinical value for treating COVID-19 in adult ambulatory patients",
          "DetailedDescription":"Primary objectives:\n\nPart A The primary objective of this Part is to demonstrate superiority of ensovibep, compared to placebo, in reducing SARS-CoV-2 viral load through Day 8.\n\nPart B The primary objective of this Part is to demonstrate superiority of ensovibep, compared to placebo, in reducing the occurrence of hospitalizations (≥ 24 hours of acute care) and/or emergency room visits related to COVID-19 or death from any cause up to Day 29.\n\nSecondary objectives:\n\nPart A\n\nThe secondary objectives of this Part are:\n\nTo assess the effect of ensovibep, compared to placebo, in reducing the occurrence of hospitalizations (≥ 24 hours of acute care) and/or emergency room visits related to COVID-19 or death from any cause up to Day 29\nTo assess the effect of ensovibep, compared to placebo, in reducing COVID-19 symptoms through Day 29\nTo evaluate safety and tolerability of ensovibep\nTo characterize the pharmacokinetics (PK) of ensovibep\n\nPart B\n\nThe secondary objectives of this Part are:\n\nTo assess the effect of ensovibep, compared to placebo, in reducing SARS-CoV-2 viral load through Day 8\nTo assess the effect of ensovibep, compared to placebo, in reducing COVID-19 symptoms up to Day 29\nTo evaluate the immunogenicity of ensovibep and its clinical relevance (pharmacokinetic, efficacy, and safety).\nTo evaluate safety and tolerability of ensovibep"
        },
        "ConditionsModule":{
          "ConditionList":{
            "Condition":[
              "COVID-19"
            ]
          },
          "KeywordList":{
            "Keyword":[
              "ensovibep",
              "COVID-19 treatment, symptom reduction, viral load reduction,",
              "EMPATHY",
              "SARS-COV-2",
              "designed ankyrin repeat protein (DARPin®)",
              "angiotensin-converting enzyme 2 (ACE2)",
              "Symptomatic COVID-19 infected patients"
            ]
          }
        },
        "DesignModule":{
          "StudyType":"Interventional",
          "PhaseList":{
            "Phase":[
              "Phase 2",
              "Phase 3"
            ]
          },
          "DesignInfo":{
            "DesignAllocation":"Randomized",
            "DesignInterventionModel":"Parallel Assignment",
            "DesignPrimaryPurpose":"Treatment",
            "DesignMaskingInfo":{
              "DesignMasking":"Quadruple",
              "DesignWhoMaskedList":{
                "DesignWhoMasked":[
                  "Participant",
                  "Care Provider",
                  "Investigator",
                  "Outcomes Assessor"
                ]
              }
            }
          },
          "EnrollmentInfo":{
            "EnrollmentCount":"2100",
            "EnrollmentType":"Anticipated"
          }
        },
        "ArmsInterventionsModule":{
          "ArmGroupList":{
            "ArmGroup":[
              {
                "ArmGroupLabel":"ensovibep active treatment arm 1",
                "ArmGroupType":"Experimental",
                "ArmGroupInterventionList":{
                  "ArmGroupInterventionName":[
                    "Drug: ensovibep"
                  ]
                }
              },{
                "ArmGroupLabel":"ensovibep active treatment arm 2",
                "ArmGroupType":"Experimental",
                "ArmGroupInterventionList":{
                  "ArmGroupInterventionName":[
                    "Drug: ensovibep"
                  ]
                }
              },{
                "ArmGroupLabel":"ensovibep active treatment arm 3",
                "ArmGroupType":"Experimental",
                "ArmGroupInterventionList":{
                  "ArmGroupInterventionName":[
                    "Drug: ensovibep"
                  ]
                }
              },{
                "ArmGroupLabel":"Placebo",
                "ArmGroupType":"Placebo Comparator",
                "ArmGroupInterventionList":{
                  "ArmGroupInterventionName":[
                    "Drug: Placebo"
                  ]
                }
              }
            ]
          },
          "InterventionList":{
            "Intervention":[
              {
                "InterventionType":"Drug",
                "InterventionName":"ensovibep",
                "InterventionDescription":"Phase 2/ Part A : 3 active treatment arms vs placebo, IV on day 1 only Phase 3/ Part B: 1 active treatment arm (selected dose from Part A) vs placebo, IV on day 1 only",
                "InterventionArmGroupLabelList":{
                  "InterventionArmGroupLabel":[
                    "ensovibep active treatment arm 1",
                    "ensovibep active treatment arm 2",
                    "ensovibep active treatment arm 3"
                  ]
                },
                "InterventionOtherNameList":{
                  "InterventionOtherName":[
                    "MP0420"
                  ]
                }
              },{
                "InterventionType":"Drug",
                "InterventionName":"Placebo",
                "InterventionDescription":"Phase 2/ Part A : 3 active treatment arms vs placebo, IV on day 1 only Phase 3/ Part B: 1 active treatment arm (selected dose from Part A) vs placebo, IV on day 1 only",
                "InterventionArmGroupLabelList":{
                  "InterventionArmGroupLabel":[
                    "Placebo"
                  ]
                }
              }
            ]
          }
        },
        "OutcomesModule":{
          "PrimaryOutcomeList":{
            "PrimaryOutcome":[
              {
                "PrimaryOutcomeMeasure":"Part A - SARS-CoV-2 viral load",
                "PrimaryOutcomeDescription":"Time-weighted change from baseline (measured at Day 3, Day 5, and Day 8) in SARS-CoV-2 viral load in nasopharyngeal swabs through Day 8",
                "PrimaryOutcomeTimeFrame":"8 days (days 0, 3, 5 and 8)"
              },{
                "PrimaryOutcomeMeasure":"Part B - Occurrence of hospitalizations, emergency room visits or death",
                "PrimaryOutcomeDescription":"Proportion of patients experiencing hospitalizations (≥ 24 hours of acute care) and/or emergency room visits related to COVID-19 or death from any cause up to Day 29.",
                "PrimaryOutcomeTimeFrame":"up to day 29"
              }
            ]
          },
          "SecondaryOutcomeList":{
            "SecondaryOutcome":[
              {
                "SecondaryOutcomeMeasure":"Part A - Occurrence of hospitalizations, emergency room visits or death",
                "SecondaryOutcomeDescription":"Proportion of patients experiencing hospitalizations (≥ 24 hours of acute care) and/or emergency room visits related to COVID-19 or death from any cause up to Day 29.",
                "SecondaryOutcomeTimeFrame":"up to day 29"
              },{
                "SecondaryOutcomeMeasure":"Part A - Time to sustained clinical recovery",
                "SecondaryOutcomeDescription":"Time to sustained clinical recovery, defined as (a) all symptoms from the modified FDA COVID-19 symptom list scored as moderate or severe at baseline are subsequently scored as mild or absent, AND (b) all symptoms from the modified FDA COVID-19 symptom list scored as mild or absent at baseline are subsequently scored as absent, with no subsequent worsening up to Day 29.",
                "SecondaryOutcomeTimeFrame":"up to day 29"
              },{
                "SecondaryOutcomeMeasure":"Part A - Serious adverse events (SAEs) and AEs of Special Interest (AESIs)",
                "SecondaryOutcomeDescription":"In order to evaluate the safety and tolerability of ensovibep, the proportion of patients up to end of study with: (a) SAEs, including death from any cause and (b) AESIs, including infusion-related reactions (IRRs) CTCAE grade 2 or higher, will be assessed.",
                "SecondaryOutcomeTimeFrame":"up to day 91 (EOS)"
              },{
                "SecondaryOutcomeMeasure":"Part A - Vital Signs: Heart Rate (bpm)",
                "SecondaryOutcomeTimeFrame":"up to day 91 (EOS)"
              },{
                "SecondaryOutcomeMeasure":"Part A - Vital Signs: Blood Pressure Systolic and Diastolic (mmHg)",
                "SecondaryOutcomeTimeFrame":"up to day 91 (EOS)"
              },{
                "SecondaryOutcomeMeasure":"Part A - Vital Signs: Body Temperature (°C)",
                "SecondaryOutcomeTimeFrame":"up to day 91 (EOS)"
              },{
                "SecondaryOutcomeMeasure":"Part A - Vital Signs: Respiratory Rate (breaths per minute)",
                "SecondaryOutcomeTimeFrame":"up to day 91 (EOS)"
              },{
                "SecondaryOutcomeMeasure":"Part A - Vital Signs: Oxygen Saturation (SpO2)",
                "SecondaryOutcomeTimeFrame":"up to day 91 (EOS)"
              },{
                "SecondaryOutcomeMeasure":"Part A - Number of Participants with Laboratory Abnormalities",
                "SecondaryOutcomeTimeFrame":"up to day 91 (EOS)"
              },{
                "SecondaryOutcomeMeasure":"Part A - Free and total ensovibep concentration in serum (mass per volume units)",
                "SecondaryOutcomeTimeFrame":"up to day 91 (EOS)"
              },{
                "SecondaryOutcomeMeasure":"Part A - Observed maximum concentration (Cmax)",
                "SecondaryOutcomeDescription":"The maximum observed concentration (Cmax) is estimated based on the serum concentrations.",
                "SecondaryOutcomeTimeFrame":"up to day 91 (EOS)"
              },{
                "SecondaryOutcomeMeasure":"Part A - Time to Cmax (Tmax)",
                "SecondaryOutcomeTimeFrame":"up to day 91 (EOS)"
              },{
                "SecondaryOutcomeMeasure":"Part A - The area under the concentration-time curve from time zero to the time of the last quantifiable concentration (AUClast)",
                "SecondaryOutcomeTimeFrame":"up to day 91 (EOS)"
              },{
                "SecondaryOutcomeMeasure":"Part A - The area under the concentration-time curve from time zero extrapolated to infinity time (AUCinf)",
                "SecondaryOutcomeTimeFrame":"up to day 91 (EOS)"
              },{
                "SecondaryOutcomeMeasure":"Part A - Terminal Elimination Half-Life (T½)",
                "SecondaryOutcomeTimeFrame":"up to day 91 (EOS)"
              },{
                "SecondaryOutcomeMeasure":"Part A - Terminal Elimination rate constant (λz)",
                "SecondaryOutcomeTimeFrame":"up to day 91 (EOS)"
              },{
                "SecondaryOutcomeMeasure":"Part A - The apparent volume of distribution during terminal phase associated with λz (Vz)",
                "SecondaryOutcomeTimeFrame":"up to day 91 (EOS)"
              },{
                "SecondaryOutcomeMeasure":"Part A - Apparent total body clearance of the drug from plasma (CL)",
                "SecondaryOutcomeTimeFrame":"up to day 91 (EOS)"
              },{
                "SecondaryOutcomeMeasure":"Part B - SARS-CoV-2 viral load",
                "SecondaryOutcomeDescription":"Time-weighted change from baseline (measured at Day 3, Day 5, and Day 8) in SARS-CoV-2 viral load in nasopharyngeal swabs through Day 8",
                "SecondaryOutcomeTimeFrame":"8 days (days 1, 3, 5 and 8)"
              },{
                "SecondaryOutcomeMeasure":"Part B - Time to sustained clinical recovery",
                "SecondaryOutcomeDescription":"Time to sustained clinical recovery, defined as (a) all symptoms from the modified FDA COVID-19 symptom list scored as moderate or severe at baseline are subsequently scored as mild or absent, AND (b) all symptoms from the modified FDA COVID-19 symptom list scored as mild or absent at baseline are subsequently scored as absent, with no subsequent worsening up to Day 29.",
                "SecondaryOutcomeTimeFrame":"up to day 29"
              },{
                "SecondaryOutcomeMeasure":"Part B - Proportion of patients with treatment-emergent ADAs (TE-ADA)",
                "SecondaryOutcomeDescription":"To evaluate the immunogenicity of ensovibep during the study and its clinical relevance (pharmacokinetic, efficacy and safety), proportion of patients exhibiting TE-ADA over time will be determined.",
                "SecondaryOutcomeTimeFrame":"up to day 91 (EOS)"
              },{
                "SecondaryOutcomeMeasure":"Part B - SAEs and AESIs",
                "SecondaryOutcomeDescription":"In order to evaluate the safety and tolerability of ensovibep, the proportion of patients up to end of study with: (a) SAEs, including death from any cause and (b) AESIs, including IRRs CTCAE grade 2 or higher, will be assessed.",
                "SecondaryOutcomeTimeFrame":"up to day 91 (EOS)"
              },{
                "SecondaryOutcomeMeasure":"Part B - Vital Signs: Heart Rate (bpm)",
                "SecondaryOutcomeTimeFrame":"up to day 91 (EOS)"
              },{
                "SecondaryOutcomeMeasure":"Part B - Vital Signs: Blood Pressure Systolic and Diastolic (mmHg)",
                "SecondaryOutcomeTimeFrame":"up to day 91 (EOS)"
              },{
                "SecondaryOutcomeMeasure":"Part B - Vital Signs: Body Temperature (°C)",
                "SecondaryOutcomeTimeFrame":"up to day 91 (EOS)"
              },{
                "SecondaryOutcomeMeasure":"Part B - Vital Signs: Respiratory Rate (breaths per minute)",
                "SecondaryOutcomeTimeFrame":"up to day 91 (EOS)"
              },{
                "SecondaryOutcomeMeasure":"Part B - Vital Signs: Oxygen Saturation (SpO2)",
                "SecondaryOutcomeTimeFrame":"up to day 91 (EOS)"
              },{
                "SecondaryOutcomeMeasure":"Part B - Number of Participants with Laboratory Abnormalities",
                "SecondaryOutcomeTimeFrame":"up to day 91 (EOS)"
              }
            ]
          }
        },
        "EligibilityModule":{
          "EligibilityCriteria":"Inclusion Criteria:\n\nMen or women ≥ 18 years of age on the day of inclusion (no upper limit).\nPresence of two or more COVID-19 symptoms and onset within 7 days prior to dosing: Feeling hot or feverish, cough, sore throat, low energy or tiredness, headache, muscle or body aches, chills or shivering, and shortness of breath.\nPositive test for SARS-CoV-2 in upper respiratory swab on the day of dosing (rapid antigen test).\nUnderstand and agree to comply with the planned study procedures.\nThe patient or legally authorized representative give signed informed consent.\n\nExclusion Criteria:\n\nRequiring hospitalization at time of screening, or at time of study drug administration.\nOxygen saturation (SpO2) ≤ 93% on room air at sea level or ratio of arterial oxygen partial pressure (PaO2 in mmHg) to fractional inspired oxygen (FiO2) < 300, respiratory rate ≥ 30 per minute, and heart rate ≥ 125 per minute.\nKnown allergies to any of the components used in the formulation of the ensovibep or placebo.\nSuspected or proven serious, active bacterial, fungal, viral, or other infection (besides SARS-CoV-2) that in the opinion of the investigator could constitute a risk when taking intervention.\nAny serious concomitant systemic disease, condition, or disorder that, in the opinion of the investigator, should preclude participation in this study.\nAny co-morbidity requiring surgery within 7 days of dosing, or that is considered life-threatening within 29 days of dosing.\nPrior or concurrent use of any medication for treatment of COVID-19, including antiviral agents, convalescent serum, or anti-viral antibodies. Purely symptomatic therapies (e.g., over-the-counter [OTC] cough medications, acetaminophen, and nonsteroidal anti-inflammatories [NSAIDs]) are permitted. Prior vaccination for COVID-19 is permitted.",
          "HealthyVolunteers":"No",
          "Gender":"All",
          "MinimumAge":"18 Years",
          "StdAgeList":{
            "StdAge":[
              "Adult",
              "Older Adult"
            ]
          }
        },
        "ContactsLocationsModule":{
          "CentralContactList":{
            "CentralContact":[
              {
                "CentralContactName":"Medical Director MPAG",
                "CentralContactRole":"Contact",
                "CentralContactPhone":"+41 44 755 7700",
                "CentralContactEMail":"info@molecularpartners.com"
              }
            ]
          }
        }
      },
      "DerivedSection":{
        "MiscInfoModule":{
          "VersionHolder":"April 19, 2021"
        }
      }
    }
  }
}

