{
  "FullStudy":{
    "Rank":2239,
    "Study":{
      "ProtocolSection":{
        "IdentificationModule":{
          "NCTId":"NCT04820816",
          "OrgStudyIdInfo":{
            "OrgStudyId":"012-003133"
          },
          "Organization":{
            "OrgFullName":"MTI University",
            "OrgClass":"OTHER"
          },
          "BriefTitle":"Effect of Posterior Pelvic Tilt on Balance and Sensory Integration in Patients With Non-specific Low Back Pain",
          "OfficialTitle":"Effect of Posterior Pelvic Tilt on Balance, Sensory Integration and Risk of Fall in Patients With Non-specific Low Back Pain"
        },
        "StatusModule":{
          "StatusVerifiedDate":"March 2021",
          "OverallStatus":"Recruiting",
          "ExpandedAccessInfo":{
            "HasExpandedAccess":"No"
          },
          "StartDateStruct":{
            "StartDate":"September 1, 2020",
            "StartDateType":"Actual"
          },
          "PrimaryCompletionDateStruct":{
            "PrimaryCompletionDate":"April 1, 2021",
            "PrimaryCompletionDateType":"Anticipated"
          },
          "CompletionDateStruct":{
            "CompletionDate":"April 15, 2021",
            "CompletionDateType":"Anticipated"
          },
          "StudyFirstSubmitDate":"March 20, 2021",
          "StudyFirstSubmitQCDate":"March 26, 2021",
          "StudyFirstPostDateStruct":{
            "StudyFirstPostDate":"March 29, 2021",
            "StudyFirstPostDateType":"Actual"
          },
          "LastUpdateSubmitDate":"March 26, 2021",
          "LastUpdatePostDateStruct":{
            "LastUpdatePostDate":"March 29, 2021",
            "LastUpdatePostDateType":"Actual"
          }
        },
        "SponsorCollaboratorsModule":{
          "ResponsibleParty":{
            "ResponsiblePartyType":"Principal Investigator",
            "ResponsiblePartyInvestigatorFullName":"Noha Abbas Abdelaziz Ali",
            "ResponsiblePartyInvestigatorTitle":"Principle Investigator",
            "ResponsiblePartyInvestigatorAffiliation":"MTI University"
          },
          "LeadSponsor":{
            "LeadSponsorName":"MTI University",
            "LeadSponsorClass":"OTHER"
          }
        },
        "OversightModule":{
          "IsFDARegulatedDrug":"No",
          "IsFDARegulatedDevice":"No"
        },
        "DescriptionModule":{
          "BriefSummary":"There is a debate in the literature about the effect of NSLBP on pelvic tilt and its effect on balance, sensory integration and functional disability so we need this study to fill the aforementioned gap in literature in this field. So the purpose of the study is to evaluate posterior pelvic tilt effect on overall dynamic balance, sensory integration and functional disability in patients with non-specific low back pain.",
          "DetailedDescription":"The LBP became one of the biggest problems for public health systems in the world during the second half of the 20th century. The lifetime prevalence of LBP is reported to be as high as 84%, and the prevalence of chronic LBP is about 23%, with 11-12% of the population being disabled by LBP. Prevalence of LBP was 53.2%. It was more among female patients (62.8%) than among male patients (38.3%) among attendants to a Family Health Center in Egypt.\n\nAdditionally, studies have observed relationships between chronic non-specific LBP and a posteriorly shifted center of gravity, impaired proprioception, and decreased muscular strength, activation and endurance of the trunk and hips. Balance is impaired in individuals with chronic low back pain when compared to healthy individuals.\n\nMost of these studies supposed that postural mal-alignment involves deviations in only one direction which is toward lordosis and anterior pelvic tilt. However, clinical experience suggests that some patients with back pain have the opposite problem which is a much reduced lordotic curve and a posterior pelvic tilt. If the true relationship between posture and low back pain disability is curvilinear instead, this could explain why the studies so far have shown weak or no relationships."
        },
        "ConditionsModule":{
          "ConditionList":{
            "Condition":[
              "Biochemical Lesions Lumbar Region",
              "Orthopedic Disorder of Spine",
              "Back Disorder"
            ]
          },
          "KeywordList":{
            "Keyword":[
              "pelvic tilt",
              "sensory integration",
              "balance",
              "back pain",
              "biodex"
            ]
          }
        },
        "DesignModule":{
          "StudyType":"Observational",
          "PatientRegistry":"Yes",
          "TargetDuration":"1 Day",
          "DesignInfo":{
            "DesignObservationalModelList":{
              "DesignObservationalModel":[
                "Case-Crossover"
              ]
            },
            "DesignTimePerspectiveList":{
              "DesignTimePerspective":[
                "Cross-Sectional"
              ]
            }
          },
          "EnrollmentInfo":{
            "EnrollmentCount":"50",
            "EnrollmentType":"Anticipated"
          }
        },
        "ArmsInterventionsModule":{
          "ArmGroupList":{
            "ArmGroup":[
              {
                "ArmGroupLabel":"Posterior pelvic tilt group",
                "ArmGroupDescription":"patients with chronic low back pain or repeated non-specific back pain for more than three months.\nBoth sex with posterior pelvic tilt (-0.7 ± 6.5°) and decreased lumbar lordosis\nTheir ages were ranged from 20-35 years\nBody Mass Index from 18-25 Kg/m²",
                "ArmGroupInterventionList":{
                  "ArmGroupInterventionName":[
                    "Other: pelvic tilt effect on balance, sensory integration and risk of fall"
                  ]
                }
              },{
                "ArmGroupLabel":"Normal anterior pelvic tilt group",
                "ArmGroupDescription":"patients with chronic low back pain or repeated non-specific back pain for more than three months.\nBoth sex with anterior pelvic tilt (5° and 13°) and normal lumbar lordosis\nTheir ages were ranged from 20-35 years\nBody Mass Index from 18-25 Kg/m²",
                "ArmGroupInterventionList":{
                  "ArmGroupInterventionName":[
                    "Other: pelvic tilt effect on balance, sensory integration and risk of fall"
                  ]
                }
              }
            ]
          },
          "InterventionList":{
            "Intervention":[
              {
                "InterventionType":"Other",
                "InterventionName":"pelvic tilt effect on balance, sensory integration and risk of fall",
                "InterventionDescription":"BIODEX balance system, Limits of stability test, Risk of Fall test, m-CTSIB test",
                "InterventionArmGroupLabelList":{
                  "InterventionArmGroupLabel":[
                    "Normal anterior pelvic tilt group",
                    "Posterior pelvic tilt group"
                  ]
                }
              }
            ]
          }
        },
        "OutcomesModule":{
          "PrimaryOutcomeList":{
            "PrimaryOutcome":[
              {
                "PrimaryOutcomeMeasure":"Biodex balance system Limits of stability test",
                "PrimaryOutcomeDescription":"A test measures dynamic postural stability in percentage",
                "PrimaryOutcomeTimeFrame":"10 minuets"
              },{
                "PrimaryOutcomeMeasure":"Biodex balance system m-CTSIB test",
                "PrimaryOutcomeDescription":"A test measures postural sway control to assess sensory integration.",
                "PrimaryOutcomeTimeFrame":"10 minuets"
              },{
                "PrimaryOutcomeMeasure":"Biodex balance system Fall risk test (FR)",
                "PrimaryOutcomeDescription":"A test to assess risk of fall according to mean age",
                "PrimaryOutcomeTimeFrame":"10 minuets"
              },{
                "PrimaryOutcomeMeasure":"Oswestry Disability Index (ODI)",
                "PrimaryOutcomeDescription":"An index to assess physical functioning in percentage.",
                "PrimaryOutcomeTimeFrame":"10 minuets"
              }
            ]
          },
          "SecondaryOutcomeList":{
            "SecondaryOutcome":[
              {
                "SecondaryOutcomeMeasure":"The Global Posture System (GPS) 600",
                "SecondaryOutcomeDescription":"A device to assess degree of pelvic tilt angle in degrees.",
                "SecondaryOutcomeTimeFrame":"10 minuets"
              },{
                "SecondaryOutcomeMeasure":"Body Mass Index (weight in kilograms, height in meters)",
                "SecondaryOutcomeDescription":"kg/m^2",
                "SecondaryOutcomeTimeFrame":"10 minuets"
              }
            ]
          }
        },
        "EligibilityModule":{
          "EligibilityCriteria":"Inclusion Criteria:\n\nFifty patients with chronic low back pain or repeated non-specific back pain for more than three months.\nBoth sex with posterior pelvic tilt (-0.7 ± 6.5°)and decreased lumbar lordosis, for (Group A) and normal anterior pelvic tilt angle between 5° and 13° for (Group B)\nTheir ages were ranged from 20-35 years.\nBody Mass Index from 18-25 Kg/m² .\n\nExclusion Criteria:\n\nPrevious back surgery.\nSigns and symptoms of gross spinal instability.\nRadiological diagnosis of spondylolysis or spondylolisthesis.\nAcute low back pain.\nDisc prolapse or herniation.\nAny neurological, orthopedic, and vestibular disorders affecting the balance system.\nFlexion and extension restriction of the lumbar region.\nOther conditions that affected the normal functioning of the central and peripheral nervous system such as alcohol abuse, addiction, dementia, and cognitive disorders.",
          "HealthyVolunteers":"No",
          "Gender":"All",
          "MinimumAge":"20 Years",
          "MaximumAge":"35 Years",
          "StdAgeList":{
            "StdAge":[
              "Adult"
            ]
          },
          "StudyPopulation":"Fifty patients with chronic low back pain or repeated non-specific back pain for more than three months and referred from a physician with anterior or posterior pelvic tilt angles according to the groups.",
          "SamplingMethod":"Non-Probability Sample"
        },
        "ContactsLocationsModule":{
          "CentralContactList":{
            "CentralContact":[
              {
                "CentralContactName":"Noha Abbas, Bachelor",
                "CentralContactRole":"Contact",
                "CentralContactPhone":"00201060742720",
                "CentralContactEMail":"Noha.Abbas@pt.mti.edu.eg"
              },{
                "CentralContactName":"Rania Reda, PhD",
                "CentralContactRole":"Contact",
                "CentralContactPhone":"00201273325285",
                "CentralContactEMail":"raniareda22@hotmail.com"
              }
            ]
          },
          "OverallOfficialList":{
            "OverallOfficial":[
              {
                "OverallOfficialName":"Noha Abbas, MSc",
                "OverallOfficialAffiliation":"MTI University",
                "OverallOfficialRole":"Study Chair"
              }
            ]
          },
          "LocationList":{
            "Location":[
              {
                "LocationFacility":"Noha Abbas Abdelaziz Ali",
                "LocationStatus":"Recruiting",
                "LocationCity":"Cairo",
                "LocationZip":"1069",
                "LocationCountry":"Egypt",
                "LocationContactList":{
                  "LocationContact":[
                    {
                      "LocationContactName":"Noha Abbas",
                      "LocationContactRole":"Contact",
                      "LocationContactPhone":"01060742720",
                      "LocationContactEMail":"Noha.Abbas@pt.mti.edu.eg"
                    }
                  ]
                }
              }
            ]
          }
        }
      },
      "DerivedSection":{
        "MiscInfoModule":{
          "VersionHolder":"April 19, 2021"
        },
        "ConditionBrowseModule":{
          "ConditionMeshList":{
            "ConditionMesh":[
              {
                "ConditionMeshId":"D000009140",
                "ConditionMeshTerm":"Musculoskeletal Diseases"
              },{
                "ConditionMeshId":"D000013122",
                "ConditionMeshTerm":"Spinal Diseases"
              },{
                "ConditionMeshId":"D000004194",
                "ConditionMeshTerm":"Disease"
              },{
                "ConditionMeshId":"D000001416",
                "ConditionMeshTerm":"Back Pain"
              },{
                "ConditionMeshId":"D000017116",
                "ConditionMeshTerm":"Low Back Pain"
              }
            ]
          },
          "ConditionAncestorList":{
            "ConditionAncestor":[
              {
                "ConditionAncestorId":"D000010335",
                "ConditionAncestorTerm":"Pathologic Processes"
              },{
                "ConditionAncestorId":"D000010146",
                "ConditionAncestorTerm":"Pain"
              },{
                "ConditionAncestorId":"D000009461",
                "ConditionAncestorTerm":"Neurologic Manifestations"
              },{
                "ConditionAncestorId":"D000001847",
                "ConditionAncestorTerm":"Bone Diseases"
              }
            ]
          },
          "ConditionBrowseLeafList":{
            "ConditionBrowseLeaf":[
              {
                "ConditionBrowseLeafId":"M3295",
                "ConditionBrowseLeafName":"Back Pain",
                "ConditionBrowseLeafAsFound":"Back Pain",
                "ConditionBrowseLeafRelevance":"high"
              },{
                "ConditionBrowseLeafId":"M18016",
                "ConditionBrowseLeafName":"Low Back Pain",
                "ConditionBrowseLeafAsFound":"Low Back Pain",
                "ConditionBrowseLeafRelevance":"high"
              },{
                "ConditionBrowseLeafId":"M10680",
                "ConditionBrowseLeafName":"Musculoskeletal Diseases",
                "ConditionBrowseLeafAsFound":"Orthopedic Disorder",
                "ConditionBrowseLeafRelevance":"high"
              },{
                "ConditionBrowseLeafId":"M14502",
                "ConditionBrowseLeafName":"Spinal Diseases",
                "ConditionBrowseLeafAsFound":"Disorder of Spine",
                "ConditionBrowseLeafRelevance":"high"
              },{
                "ConditionBrowseLeafId":"M11649",
                "ConditionBrowseLeafName":"Pain",
                "ConditionBrowseLeafRelevance":"low"
              },{
                "ConditionBrowseLeafId":"M10987",
                "ConditionBrowseLeafName":"Neurologic Manifestations",
                "ConditionBrowseLeafRelevance":"low"
              },{
                "ConditionBrowseLeafId":"M3708",
                "ConditionBrowseLeafName":"Bone Diseases",
                "ConditionBrowseLeafRelevance":"low"
              }
            ]
          },
          "ConditionBrowseBranchList":{
            "ConditionBrowseBranch":[
              {
                "ConditionBrowseBranchAbbrev":"BC23",
                "ConditionBrowseBranchName":"Symptoms and General Pathology"
              },{
                "ConditionBrowseBranchAbbrev":"All",
                "ConditionBrowseBranchName":"All Conditions"
              },{
                "ConditionBrowseBranchAbbrev":"BC05",
                "ConditionBrowseBranchName":"Muscle, Bone, and Cartilage Diseases"
              },{
                "ConditionBrowseBranchAbbrev":"BC10",
                "ConditionBrowseBranchName":"Nervous System Diseases"
              }
            ]
          }
        }
      }
    }
  }
}

