{
  "FullStudy":{
    "Rank":1876,
    "Study":{
      "ProtocolSection":{
        "IdentificationModule":{
          "NCTId":"NCT04825548",
          "OrgStudyIdInfo":{
            "OrgStudyId":"PTS-NOPHOALL2008"
          },
          "Organization":{
            "OrgFullName":"Aarhus University Hospital",
            "OrgClass":"OTHER"
          },
          "BriefTitle":"Post-thrombotic Syndrome After Deep Venous Thrombosis (DVT) in Patients Treated According to the NOPHO ALL2008 Protocol",
          "OfficialTitle":"Post-thrombotic Syndrome After Deep Venous Thrombosis (DVT) in Patients Treated According to the NOPHO ALL2008 Protocol"
        },
        "StatusModule":{
          "StatusVerifiedDate":"March 2021",
          "OverallStatus":"Recruiting",
          "ExpandedAccessInfo":{
            "HasExpandedAccess":"No"
          },
          "StartDateStruct":{
            "StartDate":"July 1, 2020",
            "StartDateType":"Actual"
          },
          "PrimaryCompletionDateStruct":{
            "PrimaryCompletionDate":"March 31, 2023",
            "PrimaryCompletionDateType":"Anticipated"
          },
          "CompletionDateStruct":{
            "CompletionDate":"April 1, 2023",
            "CompletionDateType":"Anticipated"
          },
          "StudyFirstSubmitDate":"March 29, 2021",
          "StudyFirstSubmitQCDate":"March 29, 2021",
          "StudyFirstPostDateStruct":{
            "StudyFirstPostDate":"April 1, 2021",
            "StudyFirstPostDateType":"Actual"
          },
          "LastUpdateSubmitDate":"March 29, 2021",
          "LastUpdatePostDateStruct":{
            "LastUpdatePostDate":"April 1, 2021",
            "LastUpdatePostDateType":"Actual"
          }
        },
        "SponsorCollaboratorsModule":{
          "ResponsibleParty":{
            "ResponsiblePartyType":"Principal Investigator",
            "ResponsiblePartyInvestigatorFullName":"Birgitte Klug Albertsen",
            "ResponsiblePartyInvestigatorTitle":"M.D., PhD, Associate Professor",
            "ResponsiblePartyInvestigatorAffiliation":"Aarhus University Hospital"
          },
          "LeadSponsor":{
            "LeadSponsorName":"Aarhus University Hospital",
            "LeadSponsorClass":"OTHER"
          }
        },
        "OversightModule":{
          "OversightHasDMC":"Yes",
          "IsFDARegulatedDrug":"No",
          "IsFDARegulatedDevice":"No"
        },
        "DescriptionModule":{
          "BriefSummary":"Acute lymphoblastic leukemia (ALL) is the most common malignant disease in childhood. Today more than 90% of children and 75% of adults (18-45 years) survive ALL. The enzyme Asparaginase (Asp) is an indispensable part of the multiagent treatment of ALL.\n\nTreatment related severe acute toxicities are common. Especially in teenagers and adults, thromboembolism is one of the most common acute toxicities and may result in post thrombotic syndrome (PTS) or pulmonary hypertension. The knowledge about these late effects is limited, including for ALL patients."
        },
        "ConditionsModule":{
          "ConditionList":{
            "Condition":[
              "Acute Lymphoblastic Leukemia",
              "Post Thrombotic Syndrome"
            ]
          }
        },
        "DesignModule":{
          "StudyType":"Observational",
          "PatientRegistry":"No",
          "DesignInfo":{
            "DesignObservationalModelList":{
              "DesignObservationalModel":[
                "Case-Only"
              ]
            },
            "DesignTimePerspectiveList":{
              "DesignTimePerspective":[
                "Cross-Sectional"
              ]
            }
          },
          "EnrollmentInfo":{
            "EnrollmentCount":"30",
            "EnrollmentType":"Anticipated"
          }
        },
        "ArmsInterventionsModule":{
          "InterventionList":{
            "Intervention":[
              {
                "InterventionType":"Other",
                "InterventionName":"No intervention",
                "InterventionDescription":"Examination of patients with previous DVT"
              }
            ]
          }
        },
        "OutcomesModule":{
          "PrimaryOutcomeList":{
            "PrimaryOutcome":[
              {
                "PrimaryOutcomeMeasure":"Number of patients with post thrombotic syndrome",
                "PrimaryOutcomeTimeFrame":"01112020-01022023"
              }
            ]
          }
        },
        "EligibilityModule":{
          "EligibilityCriteria":"Inclusion Criteria:\n\nTreated on the ALL2008 protocol for ALL. Had a DVT on treatment.\n\nExclusion Criteria:\n\nDeath",
          "HealthyVolunteers":"Accepts Healthy Volunteers",
          "Gender":"All",
          "MinimumAge":"1 Year",
          "StdAgeList":{
            "StdAge":[
              "Child",
              "Adult",
              "Older Adult"
            ]
          },
          "StudyPopulation":"All patients between 1.0-45 years of age and diagnosed with DVT and PE during treatment on the NOPHO ALL2008 protocol. In this period, 115 patients were diagnosed with DVT",
          "SamplingMethod":"Probability Sample"
        },
        "ContactsLocationsModule":{
          "CentralContactList":{
            "CentralContact":[
              {
                "CentralContactName":"Birgitte K Albertsen, MD",
                "CentralContactRole":"Contact",
                "CentralContactPhone":"20224643",
                "CentralContactEMail":"biralber@rm.dk"
              },{
                "CentralContactName":"Merete E Dam, MD",
                "CentralContactRole":"Contact",
                "CentralContactPhone":"27268201",
                "CentralContactEMail":"meretdam@rm.dk"
              }
            ]
          },
          "LocationList":{
            "Location":[
              {
                "LocationFacility":"Aarhus University Hospital",
                "LocationStatus":"Recruiting",
                "LocationCity":"Aarhus N",
                "LocationState":"Vælg En Region, Stat Eller Provins.",
                "LocationZip":"8200",
                "LocationCountry":"Denmark",
                "LocationContactList":{
                  "LocationContact":[
                    {
                      "LocationContactName":"Merete Dam. MD. Phd student Aarhus University H Denmark",
                      "LocationContactRole":"Contact",
                      "LocationContactPhone":"27268201",
                      "LocationContactEMail":"meretdam@rm.dk"
                    }
                  ]
                }
              }
            ]
          }
        }
      },
      "DerivedSection":{
        "MiscInfoModule":{
          "VersionHolder":"April 19, 2021"
        },
        "ConditionBrowseModule":{
          "ConditionMeshList":{
            "ConditionMesh":[
              {
                "ConditionMeshId":"D000054198",
                "ConditionMeshTerm":"Precursor Cell Lymphoblastic Leukemia-Lymphoma"
              },{
                "ConditionMeshId":"D000013927",
                "ConditionMeshTerm":"Thrombosis"
              },{
                "ConditionMeshId":"D000020246",
                "ConditionMeshTerm":"Venous Thrombosis"
              },{
                "ConditionMeshId":"D000054070",
                "ConditionMeshTerm":"Postthrombotic Syndrome"
              },{
                "ConditionMeshId":"D000011186",
                "ConditionMeshTerm":"Postphlebitic Syndrome"
              },{
                "ConditionMeshId":"D000013577",
                "ConditionMeshTerm":"Syndrome"
              }
            ]
          },
          "ConditionAncestorList":{
            "ConditionAncestor":[
              {
                "ConditionAncestorId":"D000004194",
                "ConditionAncestorTerm":"Disease"
              },{
                "ConditionAncestorId":"D000010335",
                "ConditionAncestorTerm":"Pathologic Processes"
              },{
                "ConditionAncestorId":"D000007945",
                "ConditionAncestorTerm":"Leukemia, Lymphoid"
              },{
                "ConditionAncestorId":"D000007938",
                "ConditionAncestorTerm":"Leukemia"
              },{
                "ConditionAncestorId":"D000009370",
                "ConditionAncestorTerm":"Neoplasms by Histologic Type"
              },{
                "ConditionAncestorId":"D000009369",
                "ConditionAncestorTerm":"Neoplasms"
              },{
                "ConditionAncestorId":"D000008232",
                "ConditionAncestorTerm":"Lymphoproliferative Disorders"
              },{
                "ConditionAncestorId":"D000008206",
                "ConditionAncestorTerm":"Lymphatic Diseases"
              },{
                "ConditionAncestorId":"D000007160",
                "ConditionAncestorTerm":"Immunoproliferative Disorders"
              },{
                "ConditionAncestorId":"D000007154",
                "ConditionAncestorTerm":"Immune System Diseases"
              },{
                "ConditionAncestorId":"D000016769",
                "ConditionAncestorTerm":"Embolism and Thrombosis"
              },{
                "ConditionAncestorId":"D000014652",
                "ConditionAncestorTerm":"Vascular Diseases"
              },{
                "ConditionAncestorId":"D000002318",
                "ConditionAncestorTerm":"Cardiovascular Diseases"
              },{
                "ConditionAncestorId":"D000014689",
                "ConditionAncestorTerm":"Venous Insufficiency"
              },{
                "ConditionAncestorId":"D000010689",
                "ConditionAncestorTerm":"Phlebitis"
              },{
                "ConditionAncestorId":"D000016491",
                "ConditionAncestorTerm":"Peripheral Vascular Diseases"
              }
            ]
          },
          "ConditionBrowseLeafList":{
            "ConditionBrowseLeaf":[
              {
                "ConditionBrowseLeafId":"M9528",
                "ConditionBrowseLeafName":"Leukemia",
                "ConditionBrowseLeafRelevance":"low"
              },{
                "ConditionBrowseLeafId":"M9534",
                "ConditionBrowseLeafName":"Leukemia, Lymphoid",
                "ConditionBrowseLeafRelevance":"low"
              },{
                "ConditionBrowseLeafId":"M14938",
                "ConditionBrowseLeafName":"Syndrome",
                "ConditionBrowseLeafAsFound":"Syndrome",
                "ConditionBrowseLeafRelevance":"high"
              },{
                "ConditionBrowseLeafId":"M15269",
                "ConditionBrowseLeafName":"Thrombosis",
                "ConditionBrowseLeafAsFound":"Thrombosis",
                "ConditionBrowseLeafRelevance":"high"
              },{
                "ConditionBrowseLeafId":"M26172",
                "ConditionBrowseLeafName":"Precursor Cell Lymphoblastic Leukemia-Lymphoma",
                "ConditionBrowseLeafAsFound":"Acute Lymphoblastic Leukemia",
                "ConditionBrowseLeafRelevance":"high"
              },{
                "ConditionBrowseLeafId":"M20655",
                "ConditionBrowseLeafName":"Venous Thrombosis",
                "ConditionBrowseLeafAsFound":"Venous Thrombosis",
                "ConditionBrowseLeafRelevance":"high"
              },{
                "ConditionBrowseLeafId":"M26143",
                "ConditionBrowseLeafName":"Postthrombotic Syndrome",
                "ConditionBrowseLeafAsFound":"Post Thrombotic Syndrome",
                "ConditionBrowseLeafRelevance":"high"
              },{
                "ConditionBrowseLeafId":"M12651",
                "ConditionBrowseLeafName":"Postphlebitic Syndrome",
                "ConditionBrowseLeafAsFound":"Post Thrombotic Syndrome",
                "ConditionBrowseLeafRelevance":"high"
              },{
                "ConditionBrowseLeafId":"M9803",
                "ConditionBrowseLeafName":"Lymphoma",
                "ConditionBrowseLeafRelevance":"low"
              },{
                "ConditionBrowseLeafId":"M10898",
                "ConditionBrowseLeafName":"Neoplasms by Histologic Type",
                "ConditionBrowseLeafRelevance":"low"
              },{
                "ConditionBrowseLeafId":"M9808",
                "ConditionBrowseLeafName":"Lymphoproliferative Disorders",
                "ConditionBrowseLeafRelevance":"low"
              },{
                "ConditionBrowseLeafId":"M9786",
                "ConditionBrowseLeafName":"Lymphatic Diseases",
                "ConditionBrowseLeafRelevance":"low"
              },{
                "ConditionBrowseLeafId":"M8789",
                "ConditionBrowseLeafName":"Immunoproliferative Disorders",
                "ConditionBrowseLeafRelevance":"low"
              },{
                "ConditionBrowseLeafId":"M8783",
                "ConditionBrowseLeafName":"Immune System Diseases",
                "ConditionBrowseLeafRelevance":"low"
              },{
                "ConditionBrowseLeafId":"M6367",
                "ConditionBrowseLeafName":"Embolism",
                "ConditionBrowseLeafRelevance":"low"
              },{
                "ConditionBrowseLeafId":"M17711",
                "ConditionBrowseLeafName":"Embolism and Thrombosis",
                "ConditionBrowseLeafRelevance":"low"
              },{
                "ConditionBrowseLeafId":"M15983",
                "ConditionBrowseLeafName":"Vascular Diseases",
                "ConditionBrowseLeafRelevance":"low"
              },{
                "ConditionBrowseLeafId":"M16018",
                "ConditionBrowseLeafName":"Venous Insufficiency",
                "ConditionBrowseLeafRelevance":"low"
              },{
                "ConditionBrowseLeafId":"M12177",
                "ConditionBrowseLeafName":"Phlebitis",
                "ConditionBrowseLeafRelevance":"low"
              },{
                "ConditionBrowseLeafId":"M27800",
                "ConditionBrowseLeafName":"Peripheral Arterial Disease",
                "ConditionBrowseLeafRelevance":"low"
              },{
                "ConditionBrowseLeafId":"M17477",
                "ConditionBrowseLeafName":"Peripheral Vascular Diseases",
                "ConditionBrowseLeafRelevance":"low"
              },{
                "ConditionBrowseLeafId":"T175",
                "ConditionBrowseLeafName":"Acute Lymphoblastic Leukemia",
                "ConditionBrowseLeafAsFound":"Acute Lymphoblastic Leukemia",
                "ConditionBrowseLeafRelevance":"high"
              },{
                "ConditionBrowseLeafId":"T3533",
                "ConditionBrowseLeafName":"Lymphoblastic Lymphoma",
                "ConditionBrowseLeafRelevance":"low"
              },{
                "ConditionBrowseLeafId":"T3543",
                "ConditionBrowseLeafName":"Lymphosarcoma",
                "ConditionBrowseLeafRelevance":"low"
              }
            ]
          },
          "ConditionBrowseBranchList":{
            "ConditionBrowseBranch":[
              {
                "ConditionBrowseBranchAbbrev":"BC04",
                "ConditionBrowseBranchName":"Cancers and Other Neoplasms"
              },{
                "ConditionBrowseBranchAbbrev":"All",
                "ConditionBrowseBranchName":"All Conditions"
              },{
                "ConditionBrowseBranchAbbrev":"BC15",
                "ConditionBrowseBranchName":"Blood and Lymph Conditions"
              },{
                "ConditionBrowseBranchAbbrev":"BC20",
                "ConditionBrowseBranchName":"Immune System Diseases"
              },{
                "ConditionBrowseBranchAbbrev":"BC23",
                "ConditionBrowseBranchName":"Symptoms and General Pathology"
              },{
                "ConditionBrowseBranchAbbrev":"BC14",
                "ConditionBrowseBranchName":"Heart and Blood Diseases"
              },{
                "ConditionBrowseBranchAbbrev":"Rare",
                "ConditionBrowseBranchName":"Rare Diseases"
              }
            ]
          }
        }
      }
    }
  }
}

