{
  "FullStudy":{
    "Rank":1767,
    "Study":{
      "ProtocolSection":{
        "IdentificationModule":{
          "NCTId":"NCT04826965",
          "OrgStudyIdInfo":{
            "OrgStudyId":"Pro00105056"
          },
          "Organization":{
            "OrgFullName":"Duke University",
            "OrgClass":"OTHER"
          },
          "BriefTitle":"VAC Bioburden Wound Care Assessment",
          "OfficialTitle":"Does Negative Pressure Wound Therapy With Instillation Reduce the Bioburden of Infections of the Upper and Lower Extremity?"
        },
        "StatusModule":{
          "StatusVerifiedDate":"March 2021",
          "OverallStatus":"Not yet recruiting",
          "ExpandedAccessInfo":{
            "HasExpandedAccess":"No"
          },
          "StartDateStruct":{
            "StartDate":"April 2021",
            "StartDateType":"Anticipated"
          },
          "PrimaryCompletionDateStruct":{
            "PrimaryCompletionDate":"January 2023",
            "PrimaryCompletionDateType":"Anticipated"
          },
          "CompletionDateStruct":{
            "CompletionDate":"January 2023",
            "CompletionDateType":"Anticipated"
          },
          "StudyFirstSubmitDate":"March 30, 2021",
          "StudyFirstSubmitQCDate":"March 30, 2021",
          "StudyFirstPostDateStruct":{
            "StudyFirstPostDate":"April 1, 2021",
            "StudyFirstPostDateType":"Actual"
          },
          "LastUpdateSubmitDate":"March 30, 2021",
          "LastUpdatePostDateStruct":{
            "LastUpdatePostDate":"April 1, 2021",
            "LastUpdatePostDateType":"Actual"
          }
        },
        "SponsorCollaboratorsModule":{
          "ResponsibleParty":{
            "ResponsiblePartyType":"Sponsor"
          },
          "LeadSponsor":{
            "LeadSponsorName":"Duke University",
            "LeadSponsorClass":"OTHER"
          },
          "CollaboratorList":{
            "Collaborator":[
              {
                "CollaboratorName":"KCI USA, Inc.",
                "CollaboratorClass":"INDUSTRY"
              },{
                "CollaboratorName":"3M",
                "CollaboratorClass":"INDUSTRY"
              }
            ]
          }
        },
        "OversightModule":{
          "OversightHasDMC":"No",
          "IsFDARegulatedDrug":"No",
          "IsFDARegulatedDevice":"Yes",
          "IsUSExport":"No"
        },
        "DescriptionModule":{
          "BriefSummary":"The purpose of this study is to compare the microbiologic burden and need for further operative debridement of patients undergoing primary surgical debridement of infected tissue, soft tissue abscesses, or traumatic wounds of the upper and lower extremity.",
          "DetailedDescription":"Bacterial bio-burden as measured by quantitative microbial PCR prior to debridement, immediately following initial debridement, after 2 days of VAC veraflo (or conventional VAC) therapy, and at the time of repeat operative debridements, if needed. We will use the MicroGen PCR platform (DBA Microgen Diagnostics, LLC, Lubbock, TX.) to report on the bacterial burden (reported on a log scale of bacteria per gram) present at the time of debridement. Our goal is to be able to assess the bioburden quantitatively at each time point to discern a change.\n\nExploratory outcomes to be measured: number of operative debridements required prior to reconstruction, number of days until final reconstruction, number of days until decision is made by surgeon that further debridements are no longer necessary, length of hospital stay, wound surface area will be monitored from enrollment through when the veraflo is removed. This is likely a 3-month interval."
        },
        "ConditionsModule":{
          "ConditionList":{
            "Condition":[
              "Upper Extremity Wound",
              "Lower Extremity Wound",
              "Soft Tissue Abscesses",
              "Traumatic Wounds"
            ]
          }
        },
        "DesignModule":{
          "StudyType":"Interventional",
          "PhaseList":{
            "Phase":[
              "Not Applicable"
            ]
          },
          "DesignInfo":{
            "DesignAllocation":"Randomized",
            "DesignInterventionModel":"Parallel Assignment",
            "DesignInterventionModelDescription":"Screen 60 subjects in hopes to enroll 40. There will be 20 subjects per arm. All subjects will have a wound vac applied. The randomization will be whether or not irrigation is included.",
            "DesignPrimaryPurpose":"Other",
            "DesignMaskingInfo":{
              "DesignMasking":"None (Open Label)"
            }
          },
          "EnrollmentInfo":{
            "EnrollmentCount":"40",
            "EnrollmentType":"Anticipated"
          }
        },
        "ArmsInterventionsModule":{
          "ArmGroupList":{
            "ArmGroup":[
              {
                "ArmGroupLabel":"Wound vac application",
                "ArmGroupType":"Active Comparator",
                "ArmGroupDescription":"Wound vac application for open upper/lower extremity open wound",
                "ArmGroupInterventionList":{
                  "ArmGroupInterventionName":[
                    "Device: Wound Vac is applied"
                  ]
                }
              },{
                "ArmGroupLabel":"Wound vac application including irrigation",
                "ArmGroupType":"Active Comparator",
                "ArmGroupDescription":"Wound vac application WITH irrigation for upper/lower extremity open wound",
                "ArmGroupInterventionList":{
                  "ArmGroupInterventionName":[
                    "Device: Wound Vac is applied"
                  ]
                }
              }
            ]
          },
          "InterventionList":{
            "Intervention":[
              {
                "InterventionType":"Device",
                "InterventionName":"Wound Vac is applied",
                "InterventionDescription":"A wound vac or wound vac with cleanse choice dressing, track pad duo, and saline irrigation is applied.",
                "InterventionArmGroupLabelList":{
                  "InterventionArmGroupLabel":[
                    "Wound vac application",
                    "Wound vac application including irrigation"
                  ]
                }
              }
            ]
          }
        },
        "OutcomesModule":{
          "PrimaryOutcomeList":{
            "PrimaryOutcome":[
              {
                "PrimaryOutcomeMeasure":"Change in bio-burden as measured by quantitative microbial PCR",
                "PrimaryOutcomeDescription":"Bacterial bio-burden as measured by quantitative microbial PCR prior to debridement, immediately following initial debridement, after 2 days of VAC veraflo (or conventional VAC) therapy, and at the time of repeat operative debridements, if needed. We will use the MicroGen PCR platform (DBA Microgen Diagnostics, LLC, Lubbock, TX.) to report on the bacterial burden (reported on a log scale of bacteria per gram) present at the time of debridement.",
                "PrimaryOutcomeTimeFrame":"Enrollment - 3 months post-surgery"
              }
            ]
          }
        },
        "EligibilityModule":{
          "EligibilityCriteria":"Inclusion Criteria:\n\n18+yo with an injury or infection of the upper or lower extremity for which surgical debridement (in the operating room) followed by VAC application is planned.\n\nExclusion Criteria:\n\n- Patient with wounds distal to the ankle.",
          "HealthyVolunteers":"No",
          "Gender":"All",
          "MinimumAge":"18 Years",
          "StdAgeList":{
            "StdAge":[
              "Adult",
              "Older Adult"
            ]
          }
        },
        "ContactsLocationsModule":{
          "CentralContactList":{
            "CentralContact":[
              {
                "CentralContactName":"Suhail Mithani",
                "CentralContactRole":"Contact",
                "CentralContactPhone":"919-684-8111",
                "CentralContactEMail":"suhail.mithani@duke.edu"
              }
            ]
          },
          "OverallOfficialList":{
            "OverallOfficial":[
              {
                "OverallOfficialName":"Suhail Mithani, MD",
                "OverallOfficialAffiliation":"Duke Health System",
                "OverallOfficialRole":"Principal Investigator"
              }
            ]
          },
          "LocationList":{
            "Location":[
              {
                "LocationFacility":"Duke University",
                "LocationCity":"Durham",
                "LocationState":"North Carolina",
                "LocationZip":"27710",
                "LocationCountry":"United States",
                "LocationContactList":{
                  "LocationContact":[
                    {
                      "LocationContactName":"Jennifer Gallagher, BA",
                      "LocationContactRole":"Contact",
                      "LocationContactPhone":"919-970-1551",
                      "LocationContactEMail":"jennifer.gallagher@duke.edu"
                    },{
                      "LocationContactName":"Suhail Mithani, MD",
                      "LocationContactRole":"Principal Investigator"
                    }
                  ]
                }
              }
            ]
          }
        },
        "IPDSharingStatementModule":{
          "IPDSharing":"No"
        }
      },
      "DerivedSection":{
        "MiscInfoModule":{
          "VersionHolder":"April 19, 2021"
        },
        "ConditionBrowseModule":{
          "ConditionMeshList":{
            "ConditionMesh":[
              {
                "ConditionMeshId":"D000014947",
                "ConditionMeshTerm":"Wounds and Injuries"
              }
            ]
          },
          "ConditionBrowseLeafList":{
            "ConditionBrowseLeaf":[
              {
                "ConditionBrowseLeafId":"M16268",
                "ConditionBrowseLeafName":"Wounds and Injuries",
                "ConditionBrowseLeafAsFound":"Wound",
                "ConditionBrowseLeafRelevance":"high"
              },{
                "ConditionBrowseLeafId":"M8866",
                "ConditionBrowseLeafName":"Infection",
                "ConditionBrowseLeafRelevance":"low"
              },{
                "ConditionBrowseLeafId":"M4951",
                "ConditionBrowseLeafName":"Communicable Diseases",
                "ConditionBrowseLeafRelevance":"low"
              },{
                "ConditionBrowseLeafId":"M37",
                "ConditionBrowseLeafName":"Abscess",
                "ConditionBrowseLeafRelevance":"low"
              }
            ]
          },
          "ConditionBrowseBranchList":{
            "ConditionBrowseBranch":[
              {
                "ConditionBrowseBranchAbbrev":"BC26",
                "ConditionBrowseBranchName":"Wounds and Injuries"
              },{
                "ConditionBrowseBranchAbbrev":"All",
                "ConditionBrowseBranchName":"All Conditions"
              },{
                "ConditionBrowseBranchAbbrev":"BC01",
                "ConditionBrowseBranchName":"Bacterial and Fungal Diseases"
              },{
                "ConditionBrowseBranchAbbrev":"BC23",
                "ConditionBrowseBranchName":"Symptoms and General Pathology"
              }
            ]
          }
        }
      }
    }
  }
}

