{
  "FullStudy":{
    "Rank":450,
    "Study":{
      "ProtocolSection":{
        "IdentificationModule":{
          "NCTId":"NCT04844099",
          "OrgStudyIdInfo":{
            "OrgStudyId":"19-105"
          },
          "Organization":{
            "OrgFullName":"Liverpool School of Tropical Medicine",
            "OrgClass":"OTHER"
          },
          "BriefTitle":"Dihydroartemisinin-Piperaquine or Sulphadoxine-Pyrimethamine for the Chemoprevention of Malaria in Sickle Cell Anaemia",
          "OfficialTitle":"Dihydroartemisinin-Piperaquine or Sulphadoxine-Pyrimethamine for the Chemoprevention of Malaria in Children With Sickle Cell Anaemia in Eastern and Southern Africa: a Double Blind Randomised Trial (CHEMCHA)",
          "Acronym":"CHEMCHA"
        },
        "StatusModule":{
          "StatusVerifiedDate":"April 2021",
          "OverallStatus":"Not yet recruiting",
          "ExpandedAccessInfo":{
            "HasExpandedAccess":"No"
          },
          "StartDateStruct":{
            "StartDate":"April 2021",
            "StartDateType":"Anticipated"
          },
          "PrimaryCompletionDateStruct":{
            "PrimaryCompletionDate":"June 2023",
            "PrimaryCompletionDateType":"Anticipated"
          },
          "CompletionDateStruct":{
            "CompletionDate":"June 2024",
            "CompletionDateType":"Anticipated"
          },
          "StudyFirstSubmitDate":"March 26, 2021",
          "StudyFirstSubmitQCDate":"April 8, 2021",
          "StudyFirstPostDateStruct":{
            "StudyFirstPostDate":"April 14, 2021",
            "StudyFirstPostDateType":"Actual"
          },
          "LastUpdateSubmitDate":"April 8, 2021",
          "LastUpdatePostDateStruct":{
            "LastUpdatePostDate":"April 14, 2021",
            "LastUpdatePostDateType":"Actual"
          }
        },
        "SponsorCollaboratorsModule":{
          "ResponsibleParty":{
            "ResponsiblePartyType":"Sponsor"
          },
          "LeadSponsor":{
            "LeadSponsorName":"Liverpool School of Tropical Medicine",
            "LeadSponsorClass":"OTHER"
          },
          "CollaboratorList":{
            "Collaborator":[
              {
                "CollaboratorName":"University of Bergen",
                "CollaboratorClass":"OTHER"
              },{
                "CollaboratorName":"University of Malawi",
                "CollaboratorClass":"OTHER"
              },{
                "CollaboratorName":"Makerere University",
                "CollaboratorClass":"OTHER"
              },{
                "CollaboratorName":"Indiana University",
                "CollaboratorClass":"OTHER"
              },{
                "CollaboratorName":"Global Health Uganda LTD",
                "CollaboratorClass":"OTHER"
              }
            ]
          }
        },
        "OversightModule":{
          "OversightHasDMC":"Yes",
          "IsFDARegulatedDrug":"No",
          "IsFDARegulatedDevice":"No"
        },
        "DescriptionModule":{
          "BriefSummary":"Sickle Cell Anaemia (SCA) is an inherited disease that makes the body produce red blood cells with abnormal sickle-shaped cells. The sickle-shaped cells are rigid, not flexible and break up easily resulting in anaemia. The abnormal cells also stick to the vessel walls, causing a blockage that slows or stops the flow of blood. When this happens, oxygen cannot reach nearby tissues. The lack of oxygen can cause attacks of sudden, severe pain, called pain crises, stroke or damage to important organs such as the spleen. All of these can lead to death. These attacks can occur without warning and are often started and made worse by infections such as malaria. Therefore, in many countries in Africa where malaria is common, children with SCA are given malaria medicines to prevent the infection. However, many of the medicines do not work effectively, are too difficult to take or they have side effects, resulting in poor adherence.\n\nThe aim of this study is to find safe, acceptable and effective medicines for malaria prevention in children with SCA in eastern and southern Africa. The investigators propose to conduct a study to find out whether giving weekly doses of dihydroartemisinin-piperaquine, also called DP, is safe, more effective, acceptable and cost-effective than the current strategy of monthly sulphadoxine-pyrimethamine (SP) to prevent malaria in children with sickle cell anaemia. Overall, 548 children aged 6 months to 15 years will be chosen randomly to receive either weekly DP or monthly SP for about 18 months. To test if the study medicine is effective, the study will compare the case burden of malaria. The investigators will also monitor every child for any type of illness, blood transfusions and other complications of sickle cell anaemia and admissions to the hospital. In addition, the study will evaluate the impact of DP on the development of resistance by malaria parasites. The study will also include nested safety studies on the effect of DP on the heart. All study participants will receive all the other usual care and treatments, including patient education on home care, and daily penicillin if younger than 5 years. If proven safe and efficacious, chemoprophylaxis with DP may decrease the incidence of malaria in children with SCA, prevent ill-health and deaths, and improve wellbeing.",
          "DetailedDescription":"Background and rationale:\n\nAn estimated 300,000 babies are born with Sickle Cell Anaemia (SCA) annually. Affected children have chronic ill health and many suffer a premature death. Ill health is commonly precipitated by febrile illnesses including malaria. Antimalarial chemoprophylaxis is an important strategy, but current regimes are either sub-optimally effective (e.g., monthly sulphadoxine-pyrimethamine, SP) or difficult to adhere to (e.g., daily proguanil). The investigators propose dihydroartemisinin-piperaquine (DP) as the agent with the most potential to be used across Africa.\n\nObjectives:\n\nOur objective is to determine the efficacy, safety, uptake, and cost-effectiveness of malaria chemoprevention with weekly single day courses of DP vs monthly single day courses of SP in children with SCA in eastern and southern Africa.\n\nHypothesis:\n\nThe hypothesis is that weekly single day courses of DP, is safe and more efficacious, compared to monthly single day courses of SP, for the malaria chemoprevention in children with SCA in eastern and southern Africa.\n\nDesign:\n\nThis will a randomised, double-blind controlled parallel-group superiority trial of weekly single day courses of DP for an average of 18 months compared to monthly single-day courses of SP in SCA patients. The study will be conducted in Uganda and Malawi. Participants will be randomised to DP or SP (1:1), stratified by bodyweight and study centre. The study will also assess the acceptability and uptake of the two interventions, the safety and pharmacokinetics of weekly DP, the development of resistance to DP and cost-effectiveness. At the end of the study, this information will be used to inform regional health policy.\n\nSites:\n\nParticipants will be recruited from Jinja Regional Referral hospital and Kitgum General hospital in Uganda and Queen Elizabeth (Blantyre) hospital in Malawi.\n\nInterventions:\n\nThe intervention will be oral DP administered weekly for an average of 18 months based on weight categories. DP will be provided as tablets of D-ARTEPP® (Guilin Pharmaceutical Co. Ltd) and administered as dihydroartemisinin (20mg) and piperaquine (160 mg) at approximate doses of dihydroartemisinin 2.5mg/kg/day and piperaquine 20mg/kg/day. The active control will be the current standard of care for chemoprevention in Uganda and Malawi - monthly single-dose SP (S=25mg/kg). The same manufacturer will provide SP as the generic SP (in 500/25mg scored tablets).\n\nOther care:\n\nIn addition to the above-mentioned malaria regimens, the participants will receive the standard of care for Sickle Cell Anaemia (including parental education on care, treatment for both the acute and chronic complications of Sickle Cell Anaemia, and daily penicillin prophylaxis if <5 years).\n\nSample size:\n\nWith the minimum incidence rate of clinical malaria in SCA patients receiving monthly SP estimated at 0.2 events per year, and an effect size of 50% if DP is used, at a power of 0.9 and 0.05 level of significance, followed up for 18 months and allowing for 20% losses to follow up, and one interim analysis, the investigators will need 548 participants (274 in either arm) followed up for an average 18 months or until 824 person-years.\n\nFollow up:\n\nParticipants will be followed for up for an average of 18 months or until 412 person-years of observation is achieved in each group (a combined total of 824 person-years of observation). This will be achieved by following between 548 and 824 participants for an average of 12 to 18 months each.\n\nOutcome measures:\n\nThe primary efficacy outcome measures will be the incidence of clinical malaria. Secondary efficacy outcomes will include the incidence of malaria parasitaemia, all-cause sick-child clinic visits, SCA-related vaso-occlusive events (including severe pain events and dactylitis), acute chest syndrome, stroke, hospitalisations, blood-transfusions, and death.\n\nSecondary safety outcome measures: QTc-prolongation on ECG recordings and incidence of serious cardiac adverse events (e.g., convulsions or syncope within 48 hours after drug intake). Tolerance: % vomiting drug within 30 minutes of administration. Others are cost-effectiveness, development of resistance to piperaquine, feasibility, acceptability, and uptake.\n\nData Analysis: Primary analysis will be by intention to treat. Incidence rates will be calculated, and rate ratios estimated using Poisson regression, with treatment (as randomised) as the predictor variable and the stratification factors site and weight-band as covariates."
        },
        "ConditionsModule":{
          "ConditionList":{
            "Condition":[
              "Sickle Cell Anemia in Children",
              "Malaria"
            ]
          },
          "KeywordList":{
            "Keyword":[
              "dihydroartemisinin-piperaquine",
              "sulphadoxine pyrimethamine",
              "sickle cell",
              "malaria",
              "chemoprevention",
              "prophylaxis"
            ]
          }
        },
        "DesignModule":{
          "StudyType":"Interventional",
          "PhaseList":{
            "Phase":[
              "Phase 2",
              "Phase 3"
            ]
          },
          "DesignInfo":{
            "DesignAllocation":"Randomized",
            "DesignInterventionModel":"Parallel Assignment",
            "DesignInterventionModelDescription":"This will a randomised, double-blind, parallel-group superiority trial of weekly single day courses of DP for an average 18 months compared to monthly single-day courses of SP in SCA patients. The study will be conducted in Uganda and Malawi, using randomisation stratified by bodyweight and study centre. Participants will be randomised using an allocation of 1:1 to DP or SP. Patients on DP will also receive SP placebo, and those on SP will in addition, receive DP placebo",
            "DesignPrimaryPurpose":"Prevention",
            "DesignMaskingInfo":{
              "DesignMasking":"Quadruple",
              "DesignMaskingDescription":"This will be a double-blinded study. Patients on DP will also receive SP placebo, and those on SP will in addition, receive DP placebo. All laboratory staff will be masked to the treatment assignment of individual participants. The trial statistician will also be blinded regarding the treatment code when he/she develops the statistical analysis plan and writes the statistical programmes, which will be validated and completed using dummy randomisation codes.",
              "DesignWhoMaskedList":{
                "DesignWhoMasked":[
                  "Participant",
                  "Care Provider",
                  "Investigator",
                  "Outcomes Assessor"
                ]
              }
            }
          },
          "EnrollmentInfo":{
            "EnrollmentCount":"548",
            "EnrollmentType":"Anticipated"
          }
        },
        "ArmsInterventionsModule":{
          "ArmGroupList":{
            "ArmGroup":[
              {
                "ArmGroupLabel":"Intervention arm",
                "ArmGroupType":"Experimental",
                "ArmGroupDescription":"The intervention will be oral dihydroartemisinin (20mg) and piperaquine (160 mg) and administered once weekly at approximate doses of dihydroartemisinin 2.5mg/kg/day and piperaquine 20mg/kg/day based on participants' weight categories",
                "ArmGroupInterventionList":{
                  "ArmGroupInterventionName":[
                    "Drug: Dihydroartemisinin Piperaquine"
                  ]
                }
              },{
                "ArmGroupLabel":"Comparator",
                "ArmGroupType":"Active Comparator",
                "ArmGroupDescription":"The active control will be Sulphadoxine-Pyrimethamine (SP), the current standard of care for malaria chemoprevention for SCA in Uganda and Malawi. This will also be provided by Guilin Pharmaceutical Co. Ltd as their generic World Health Organization-approved sulphadoxine-pyrimethamine 500/25mg tablets. It will be administered as monthly single-day courses of SP at approximate doses of S=25mg/kg and P=1.25mg/kg.",
                "ArmGroupInterventionList":{
                  "ArmGroupInterventionName":[
                    "Drug: Dihydroartemisinin Piperaquine"
                  ]
                }
              }
            ]
          },
          "InterventionList":{
            "Intervention":[
              {
                "InterventionType":"Drug",
                "InterventionName":"Dihydroartemisinin Piperaquine",
                "InterventionDescription":"Administered as dihydroartemisinin (20mg) and piperaquine (160 mg)",
                "InterventionArmGroupLabelList":{
                  "InterventionArmGroupLabel":[
                    "Comparator",
                    "Intervention arm"
                  ]
                },
                "InterventionOtherNameList":{
                  "InterventionOtherName":[
                    "D-ARTEPP® (Guilin Pharmaceutical Co. Ltd)"
                  ]
                }
              }
            ]
          }
        },
        "OutcomesModule":{
          "PrimaryOutcomeList":{
            "PrimaryOutcome":[
              {
                "PrimaryOutcomeMeasure":"Incidence of clinical malaria",
                "PrimaryOutcomeDescription":"An episode of malaria will be defined as a history of fever in the preceding 48hrs or documented axillary temperature ≥37.5 degrees centigrade plus microscopy confirmed Plasmodium falciparum malaria",
                "PrimaryOutcomeTimeFrame":"18 months"
              }
            ]
          },
          "SecondaryOutcomeList":{
            "SecondaryOutcome":[
              {
                "SecondaryOutcomeMeasure":"All cause sick visits",
                "SecondaryOutcomeDescription":"The incidence of all cause sick visits",
                "SecondaryOutcomeTimeFrame":"18 months"
              },{
                "SecondaryOutcomeMeasure":"Incidence of malaria parasitaemia",
                "SecondaryOutcomeDescription":"The incidence of malaria parasitaemia",
                "SecondaryOutcomeTimeFrame":"18 months"
              },{
                "SecondaryOutcomeMeasure":"Malaria specific sick visits",
                "SecondaryOutcomeDescription":"The incidence of malaria-specific sick visits",
                "SecondaryOutcomeTimeFrame":"18 months"
              },{
                "SecondaryOutcomeMeasure":"All-cause and malaria-specific hospitalisation",
                "SecondaryOutcomeDescription":"The incidence of all-cause and malaria-specific hospitalisation",
                "SecondaryOutcomeTimeFrame":"18 months"
              },{
                "SecondaryOutcomeMeasure":"Sickle Cell Anaemia-related vaso-occlusive events",
                "SecondaryOutcomeDescription":"The incidence of SCA-related vaso-occlusive events (including severe pain events and dactylitis); acute chest syndrome, stroke and need for blood transfusion",
                "SecondaryOutcomeTimeFrame":"18 months"
              },{
                "SecondaryOutcomeMeasure":"Death",
                "SecondaryOutcomeDescription":"The incidence of death.",
                "SecondaryOutcomeTimeFrame":"18 months"
              },{
                "SecondaryOutcomeMeasure":"QTc prolongation",
                "SecondaryOutcomeDescription":"Change in Corrected QT interval (QTc) length and QTc-prolongation on four-monthly ECG recordings.",
                "SecondaryOutcomeTimeFrame":"18 months"
              },{
                "SecondaryOutcomeMeasure":"Serious cardiac adverse events",
                "SecondaryOutcomeDescription":"Incidence of serious cardiac adverse events (e.g., convulsions or syncope within 48 hours after drug intake)",
                "SecondaryOutcomeTimeFrame":"18 months"
              },{
                "SecondaryOutcomeMeasure":"Serious adverse events",
                "SecondaryOutcomeDescription":"Incidence of serious adverse events",
                "SecondaryOutcomeTimeFrame":"18 months"
              },{
                "SecondaryOutcomeMeasure":"Tolerance - vomiting",
                "SecondaryOutcomeDescription":"Vomiting the study drug within 30 min of administration;\nIncidence of gastrointestinal complaints.",
                "SecondaryOutcomeTimeFrame":"18 months"
              },{
                "SecondaryOutcomeMeasure":"Other gastro-intestinal complaints",
                "SecondaryOutcomeDescription":"Incidence of gastrointestinal complaints.",
                "SecondaryOutcomeTimeFrame":"18 months"
              },{
                "SecondaryOutcomeMeasure":"Level of adherence",
                "SecondaryOutcomeDescription":"Level of adherence to study drugs",
                "SecondaryOutcomeTimeFrame":"18 months"
              },{
                "SecondaryOutcomeMeasure":"Provider costs",
                "SecondaryOutcomeDescription":"Provider costs of delivering the interventions and provider costs of managing malaria in SCA children.",
                "SecondaryOutcomeTimeFrame":"18 months"
              },{
                "SecondaryOutcomeMeasure":"Direct and indirect costs",
                "SecondaryOutcomeDescription":"Direct and indirect costs of patients receiving the interventions and managing cases of malaria.",
                "SecondaryOutcomeTimeFrame":"18 months"
              },{
                "SecondaryOutcomeMeasure":"Incremental cost-effectiveness",
                "SecondaryOutcomeDescription":"Incremental cost-effectiveness of replacing current standards of care (SP) with DP or DP+SP from the perspectives of the health care provider and the society.",
                "SecondaryOutcomeTimeFrame":"18 months"
              }
            ]
          }
        },
        "EligibilityModule":{
          "EligibilityCriteria":"Inclusion criteria\n\nChildren ages 6 months - 15 years\nHas a laboratory diagnosis of Sickle Cell Anaemia (HbSS) on haemoglobin electrophoresis, High-Performance Liquid Chromatography or Iso-electric focusing;\nWeighs ≥5kg;\nThe parent has provided written consent.\n\nExclusion Criteria:\n\nKnown chronic disease e.g. congenital heart disease;\nKnown red cell disorder e.g. thalassaemia, glucose-6-phosphate dehydrogenase deficiency;\nKnown allergy to DP or SP;\nReceiving daily cotrimoxazole prophylaxis;\nUnlikely to comply with the follow-up schedule;\nParticipating in another trial",
          "HealthyVolunteers":"No",
          "Gender":"All",
          "MinimumAge":"6 Months",
          "MaximumAge":"15 Years",
          "StdAgeList":{
            "StdAge":[
              "Child"
            ]
          }
        },
        "ContactsLocationsModule":{
          "CentralContactList":{
            "CentralContact":[
              {
                "CentralContactName":"Richard Idro, PhD",
                "CentralContactRole":"Contact",
                "CentralContactPhone":"+256 774274173",
                "CentralContactEMail":"ridro1@gmail.com"
              },{
                "CentralContactName":"Kamija Phiri, PhD",
                "CentralContactRole":"Contact",
                "CentralContactPhone":"+265 999 957 048;",
                "CentralContactEMail":"kamijaphiri@gmail.com"
              }
            ]
          },
          "OverallOfficialList":{
            "OverallOfficial":[
              {
                "OverallOfficialName":"Robberstad Bjarne, PhD",
                "OverallOfficialAffiliation":"University of Bergen, Norway",
                "OverallOfficialRole":"Study Director"
              }
            ]
          }
        },
        "ReferencesModule":{
          "ReferenceList":{
            "Reference":[
              {
                "ReferencePMID":"15466925",
                "ReferenceType":"background",
                "ReferenceCitation":"Weatherall D, Hofman K, Rodgers G, Ruffin J, Hrynkow S. A case for developing North-South partnerships for research in sickle cell disease. Blood. 2005 Feb 1;105(3):921-3. Epub 2004 Oct 5."
              },{
                "ReferencePMID":"23285410",
                "ReferenceType":"background",
                "ReferenceCitation":"Eridani S. Sickle cell protection from malaria. Hematol Rep. 2011 Oct 19;3(3):e24. doi: 10.4081/hr.2011.e24. Epub 2011 Nov 4."
              },{
                "ReferencePMID":"20530796",
                "ReferenceType":"background",
                "ReferenceCitation":"McAuley CF, Webb C, Makani J, Macharia A, Uyoga S, Opi DH, Ndila C, Ngatia A, Scott JA, Marsh K, Williams TN. High mortality from Plasmodium falciparum malaria in children living with sickle cell anemia on the coast of Kenya. Blood. 2010 Sep 9;116(10):1663-8. doi: 10.1182/blood-2010-01-265249. Epub 2010 Jun 8."
              },{
                "ReferencePMID":"19588433",
                "ReferenceType":"background",
                "ReferenceCitation":"Sinclair D, Zani B, Donegan S, Olliaro P, Garner P. Artemisinin-based combination therapy for treating uncomplicated malaria. Cochrane Database Syst Rev. 2009 Jul 8;(3):CD007483. doi: 10.1002/14651858.CD007483.pub2. Review."
              },{
                "ReferencePMID":"19784374",
                "ReferenceType":"background",
                "ReferenceCitation":"Cisse B, Cairns M, Faye E, NDiaye O, Faye B, Cames C, Cheng Y, NDiaye M, Lô AC, Simondon K, Trape JF, Faye O, NDiaye JL, Gaye O, Greenwood B, Milligan P. Randomized trial of piperaquine with sulfadoxine-pyrimethamine or dihydroartemisinin for malaria intermittent preventive treatment in children. PLoS One. 2009 Sep 28;4(9):e7164. doi: 10.1371/journal.pone.0007164."
              },{
                "ReferencePMID":"22252804",
                "ReferenceType":"background",
                "ReferenceCitation":"Lwin KM, Phyo AP, Tarning J, Hanpithakpong W, Ashley EA, Lee SJ, Cheah P, Singhasivanon P, White NJ, Lindegårdh N, Nosten F. Randomized, double-blind, placebo-controlled trial of monthly versus bimonthly dihydroartemisinin-piperaquine chemoprevention in adults at high risk of malaria. Antimicrob Agents Chemother. 2012 Mar;56(3):1571-7. doi: 10.1128/AAC.05877-11. Epub 2012 Jan 17."
              },{
                "ReferencePMID":"30400934",
                "ReferenceType":"background",
                "ReferenceCitation":"Kwambai TK, Dhabangi A, Idro R, Opoka R, Kariuki S, Samuels AM, Desai M, van Hensbroek MB, John CC, Robberstad B, Wang D, Phiri K, Ter Kuile FO. Malaria chemoprevention with monthly dihydroartemisinin-piperaquine for the post-discharge management of severe anaemia in children aged less than 5 years in Uganda and Kenya: study protocol for a multi-centre, two-arm, randomised, placebo-controlled, superiority trial. Trials. 2018 Nov 6;19(1):610. doi: 10.1186/s13063-018-2972-1."
              },{
                "ReferencePMID":"17827358",
                "ReferenceType":"background",
                "ReferenceCitation":"Mytton OT, Ashley EA, Peto L, Price RN, La Y, Hae R, Singhasivanon P, White NJ, Nosten F. Electrocardiographic safety evaluation of dihydroartemisinin piperaquine in the treatment of uncomplicated falciparum malaria. Am J Trop Med Hyg. 2007 Sep;77(3):447-50."
              },{
                "ReferencePMID":"22515619",
                "ReferenceType":"background",
                "ReferenceCitation":"Keating GM. Dihydroartemisinin/Piperaquine: a review of its use in the treatment of uncomplicated Plasmodium falciparum malaria. Drugs. 2012 May 7;72(7):937-61. doi: 10.2165/11203910-000000000-00000. Review."
              },{
                "ReferencePMID":"27865890",
                "ReferenceType":"background",
                "ReferenceCitation":"Gutman J, Kovacs S, Dorsey G, Stergachis A, Ter Kuile FO. Safety, tolerability, and efficacy of repeated doses of dihydroartemisinin-piperaquine for prevention and treatment of malaria: a systematic review and meta-analysis. Lancet Infect Dis. 2017 Feb;17(2):184-193. doi: 10.1016/S1473-3099(16)30378-4. Epub 2016 Nov 17. Review."
              },{
                "ReferencePMID":"16033653",
                "ReferenceType":"background",
                "ReferenceCitation":"O'Meara WP, Breman JG, McKenzie FE. The promise and potential challenges of intermittent preventive treatment for malaria in infants (IPTi). Malar J. 2005 Jul 20;4:33. Review."
              },{
                "ReferencePMID":"19852829",
                "ReferenceType":"background",
                "ReferenceCitation":"Nakibuuka V, Ndeezi G, Nakiboneka D, Ndugwa CM, Tumwine JK. Presumptive treatment with sulphadoxine-pyrimethamine versus weekly chloroquine for malaria prophylaxis in children with sickle cell anaemia in Uganda: a randomized controlled trial. Malar J. 2009 Oct 24;8:237. doi: 10.1186/1475-2875-8-237."
              },{
                "ReferencePMID":"30914041",
                "ReferenceType":"background",
                "ReferenceCitation":"Jiang T, Chen J, Fu H, Wu K, Yao Y, Eyi JUM, Matesa RA, Obono MMO, Du W, Tan H, Lin M, Li J. High prevalence of Pfdhfr-Pfdhps quadruple mutations associated with sulfadoxine-pyrimethamine resistance in Plasmodium falciparum isolates from Bioko Island, Equatorial Guinea. Malar J. 2019 Mar 26;18(1):101. doi: 10.1186/s12936-019-2734-x."
              },{
                "ReferencePMID":"15117308",
                "ReferenceType":"background",
                "ReferenceCitation":"Staedke SG, Sendagire H, Lamola S, Kamya MR, Dorsey G, Rosenthal PJ. Relationship between age, molecular markers, and response to sulphadoxine-pyrimethamine treatment in Kampala, Uganda. Trop Med Int Health. 2004 May;9(5):624-9."
              },{
                "ReferencePMID":"17283199",
                "ReferenceType":"background",
                "ReferenceCitation":"McCollum AM, Mueller K, Villegas L, Udhayakumar V, Escalante AA. Common origin and fixation of Plasmodium falciparum dhfr and dhps mutations associated with sulfadoxine-pyrimethamine resistance in a low-transmission area in South America. Antimicrob Agents Chemother. 2007 Jun;51(6):2085-91. Epub 2007 Feb 5."
              },{
                "ReferencePMID":"18471065",
                "ReferenceType":"background",
                "ReferenceCitation":"Lynch C, Pearce R, Pota H, Cox J, Abeku TA, Rwakimari J, Naidoo I, Tibenderana J, Roper C. Emergence of a dhfr mutation conferring high-level drug resistance in Plasmodium falciparum populations from southwest Uganda. J Infect Dis. 2008 Jun 1;197(11):1598-604. doi: 10.1086/587845."
              },{
                "ReferencePMID":"16195288",
                "ReferenceType":"background",
                "ReferenceCitation":"Chandramohan D, Owusu-Agyei S, Carneiro I, Awine T, Amponsa-Achiano K, Mensah N, Jaffar S, Baiden R, Hodgson A, Binka F, Greenwood B. Cluster randomised trial of intermittent preventive treatment for malaria in infants in area of high, seasonal transmission in Ghana. BMJ. 2005 Oct 1;331(7519):727-33."
              },{
                "ReferencePMID":"3551713",
                "ReferenceType":"background",
                "ReferenceCitation":"Pearson RD, Hewlett EL. Use of pyrimethamine-sulfadoxine (Fansidar) in prophylaxis against chloroquine-resistant Plasmodium falciparum and Pneumocystis carinii. Ann Intern Med. 1987 May;106(5):714-8. Review."
              },{
                "ReferencePMID":"4196454",
                "ReferenceType":"background",
                "ReferenceCitation":"Matthews JI, Molitor JT, Hunt KK Jr. Pyrimethamine-induced leukopenia and thrombocytopenia in a patient with malaria and tropical sprue: case report. Mil Med. 1973 May;138(5):280-3."
              },{
                "ReferencePMID":"17054173",
                "ReferenceType":"background",
                "ReferenceCitation":"Oniyangi O, Omari AA. Malaria chemoprophylaxis in sickle cell disease. Cochrane Database Syst Rev. 2006 Oct 18;(4):CD003489. Review. Update in: Cochrane Database Syst Rev. 2019 Nov 4;2019(11):."
              },{
                "ReferencePMID":"25493596",
                "ReferenceType":"background",
                "ReferenceCitation":"Kamya MR, Kapisi J, Bigira V, Clark TD, Kinara S, Mwangwa F, Muhindo MK, Kakuru A, Aweeka FT, Huang L, Jagannathan P, Achan J, Havlir DV, Rosenthal PJ, Dorsey G. Efficacy and safety of three regimens for the prevention of malaria in young HIV-exposed Ugandan children: a randomized controlled trial. AIDS. 2014 Nov 28;28(18):2701-9. doi: 10.1097/QAD.0000000000000497."
              },{
                "ReferencePMID":"25093754",
                "ReferenceType":"background",
                "ReferenceCitation":"Bigira V, Kapisi J, Clark TD, Kinara S, Mwangwa F, Muhindo MK, Osterbauer B, Aweeka FT, Huang L, Achan J, Havlir DV, Rosenthal PJ, Kamya MR, Dorsey G. Protective efficacy and safety of three antimalarial regimens for the prevention of malaria in young Ugandan children: a randomized controlled trial. PLoS Med. 2014 Aug 5;11(8):e1001689. doi: 10.1371/journal.pmed.1001689. eCollection 2014 Aug."
              },{
                "ReferencePMID":"24944408",
                "ReferenceType":"background",
                "ReferenceCitation":"Eke FU, Anochie I. Effects of pyrimethamine versus proguanil in malarial chemoprophylaxis in children with sickle cell disease: a randomized, placebo-controlled, open-label study. Curr Ther Res Clin Exp. 2003 Sep;64(8):616-25. doi: 10.1016/j.curtheres.2003.09.003."
              }
            ]
          }
        },
        "IPDSharingStatementModule":{
          "IPDSharing":"Yes",
          "IPDSharingDescription":"At the end of the study, anonymised data will be available to other researchers for further analysis,",
          "IPDSharingInfoTypeList":{
            "IPDSharingInfoType":[
              "Study Protocol",
              "Statistical Analysis Plan (SAP)",
              "Informed Consent Form (ICF)",
              "Clinical Study Report (CSR)",
              "Analytic Code"
            ]
          },
          "IPDSharingTimeFrame":"Beginning of 2025",
          "IPDSharingAccessCriteria":"Ethical approval has been obtained.\nThe terms of the original patient consent are not violated.\nThe agreement on its use is according to prevailing laws on intellectual property rights."
        }
      },
      "DerivedSection":{
        "MiscInfoModule":{
          "VersionHolder":"April 19, 2021"
        },
        "ConditionBrowseModule":{
          "ConditionMeshList":{
            "ConditionMesh":[
              {
                "ConditionMeshId":"D000008288",
                "ConditionMeshTerm":"Malaria"
              },{
                "ConditionMeshId":"D000000740",
                "ConditionMeshTerm":"Anemia"
              },{
                "ConditionMeshId":"D000000755",
                "ConditionMeshTerm":"Anemia, Sickle Cell"
              }
            ]
          },
          "ConditionAncestorList":{
            "ConditionAncestor":[
              {
                "ConditionAncestorId":"D000006402",
                "ConditionAncestorTerm":"Hematologic Diseases"
              },{
                "ConditionAncestorId":"D000011528",
                "ConditionAncestorTerm":"Protozoan Infections"
              },{
                "ConditionAncestorId":"D000010272",
                "ConditionAncestorTerm":"Parasitic Diseases"
              },{
                "ConditionAncestorId":"D000000745",
                "ConditionAncestorTerm":"Anemia, Hemolytic, Congenital"
              },{
                "ConditionAncestorId":"D000000743",
                "ConditionAncestorTerm":"Anemia, Hemolytic"
              },{
                "ConditionAncestorId":"D000006453",
                "ConditionAncestorTerm":"Hemoglobinopathies"
              },{
                "ConditionAncestorId":"D000030342",
                "ConditionAncestorTerm":"Genetic Diseases, Inborn"
              }
            ]
          },
          "ConditionBrowseLeafList":{
            "ConditionBrowseLeaf":[
              {
                "ConditionBrowseLeafId":"M9863",
                "ConditionBrowseLeafName":"Malaria",
                "ConditionBrowseLeafAsFound":"Malaria",
                "ConditionBrowseLeafRelevance":"high"
              },{
                "ConditionBrowseLeafId":"M2651",
                "ConditionBrowseLeafName":"Anemia",
                "ConditionBrowseLeafAsFound":"Anemia",
                "ConditionBrowseLeafRelevance":"high"
              },{
                "ConditionBrowseLeafId":"M2666",
                "ConditionBrowseLeafName":"Anemia, Sickle Cell",
                "ConditionBrowseLeafAsFound":"Sickle Cell Anemia",
                "ConditionBrowseLeafRelevance":"high"
              },{
                "ConditionBrowseLeafId":"M8073",
                "ConditionBrowseLeafName":"Hematologic Diseases",
                "ConditionBrowseLeafRelevance":"low"
              },{
                "ConditionBrowseLeafId":"M8866",
                "ConditionBrowseLeafName":"Infection",
                "ConditionBrowseLeafRelevance":"low"
              },{
                "ConditionBrowseLeafId":"M4951",
                "ConditionBrowseLeafName":"Communicable Diseases",
                "ConditionBrowseLeafRelevance":"low"
              },{
                "ConditionBrowseLeafId":"M12971",
                "ConditionBrowseLeafName":"Protozoan Infections",
                "ConditionBrowseLeafRelevance":"low"
              },{
                "ConditionBrowseLeafId":"M11768",
                "ConditionBrowseLeafName":"Parasitic Diseases",
                "ConditionBrowseLeafRelevance":"low"
              },{
                "ConditionBrowseLeafId":"M2654",
                "ConditionBrowseLeafName":"Anemia, Hemolytic",
                "ConditionBrowseLeafRelevance":"low"
              },{
                "ConditionBrowseLeafId":"M2656",
                "ConditionBrowseLeafName":"Anemia, Hemolytic, Congenital",
                "ConditionBrowseLeafRelevance":"low"
              },{
                "ConditionBrowseLeafId":"M8130",
                "ConditionBrowseLeafName":"Hemolysis",
                "ConditionBrowseLeafRelevance":"low"
              },{
                "ConditionBrowseLeafId":"M8122",
                "ConditionBrowseLeafName":"Hemoglobinopathies",
                "ConditionBrowseLeafRelevance":"low"
              },{
                "ConditionBrowseLeafId":"M22270",
                "ConditionBrowseLeafName":"Genetic Diseases, Inborn",
                "ConditionBrowseLeafRelevance":"low"
              },{
                "ConditionBrowseLeafId":"T3571",
                "ConditionBrowseLeafName":"Malaria",
                "ConditionBrowseLeafAsFound":"Malaria",
                "ConditionBrowseLeafRelevance":"high"
              },{
                "ConditionBrowseLeafId":"T5229",
                "ConditionBrowseLeafName":"Sickle Cell Anemia",
                "ConditionBrowseLeafAsFound":"Sickle Cell Anemia",
                "ConditionBrowseLeafRelevance":"high"
              }
            ]
          },
          "ConditionBrowseBranchList":{
            "ConditionBrowseBranch":[
              {
                "ConditionBrowseBranchAbbrev":"BC03",
                "ConditionBrowseBranchName":"Parasitic Diseases"
              },{
                "ConditionBrowseBranchAbbrev":"All",
                "ConditionBrowseBranchName":"All Conditions"
              },{
                "ConditionBrowseBranchAbbrev":"BC15",
                "ConditionBrowseBranchName":"Blood and Lymph Conditions"
              },{
                "ConditionBrowseBranchAbbrev":"BC16",
                "ConditionBrowseBranchName":"Diseases and Abnormalities at or Before Birth"
              },{
                "ConditionBrowseBranchAbbrev":"BC01",
                "ConditionBrowseBranchName":"Bacterial and Fungal Diseases"
              },{
                "ConditionBrowseBranchAbbrev":"BC23",
                "ConditionBrowseBranchName":"Symptoms and General Pathology"
              },{
                "ConditionBrowseBranchAbbrev":"Rare",
                "ConditionBrowseBranchName":"Rare Diseases"
              }
            ]
          }
        },
        "InterventionBrowseModule":{
          "InterventionMeshList":{
            "InterventionMesh":[
              {
                "InterventionMeshId":"C000034759",
                "InterventionMeshTerm":"Piperaquine"
              },{
                "InterventionMeshId":"C000039060",
                "InterventionMeshTerm":"Dihydroartemisinin"
              }
            ]
          },
          "InterventionAncestorList":{
            "InterventionAncestor":[
              {
                "InterventionAncestorId":"D000000962",
                "InterventionAncestorTerm":"Antimalarials"
              },{
                "InterventionAncestorId":"D000000981",
                "InterventionAncestorTerm":"Antiprotozoal Agents"
              },{
                "InterventionAncestorId":"D000000977",
                "InterventionAncestorTerm":"Antiparasitic Agents"
              },{
                "InterventionAncestorId":"D000000890",
                "InterventionAncestorTerm":"Anti-Infective Agents"
              }
            ]
          },
          "InterventionBrowseLeafList":{
            "InterventionBrowseLeaf":[
              {
                "InterventionBrowseLeafId":"M214942",
                "InterventionBrowseLeafName":"Piperaquine",
                "InterventionBrowseLeafAsFound":"MDS",
                "InterventionBrowseLeafRelevance":"high"
              },{
                "InterventionBrowseLeafId":"M271462",
                "InterventionBrowseLeafName":"Dihydroartemisinin",
                "InterventionBrowseLeafAsFound":"Japan",
                "InterventionBrowseLeafRelevance":"high"
              },{
                "InterventionBrowseLeafId":"M14782",
                "InterventionBrowseLeafName":"Sulfadoxine",
                "InterventionBrowseLeafRelevance":"low"
              },{
                "InterventionBrowseLeafId":"M13174",
                "InterventionBrowseLeafName":"Pyrimethamine",
                "InterventionBrowseLeafRelevance":"low"
              },{
                "InterventionBrowseLeafId":"M183766",
                "InterventionBrowseLeafName":"Fanasil, pyrimethamine drug combination",
                "InterventionBrowseLeafRelevance":"low"
              },{
                "InterventionBrowseLeafId":"M2861",
                "InterventionBrowseLeafName":"Antimalarials",
                "InterventionBrowseLeafRelevance":"low"
              },{
                "InterventionBrowseLeafId":"M2879",
                "InterventionBrowseLeafName":"Antiprotozoal Agents",
                "InterventionBrowseLeafRelevance":"low"
              },{
                "InterventionBrowseLeafId":"M2875",
                "InterventionBrowseLeafName":"Antiparasitic Agents",
                "InterventionBrowseLeafRelevance":"low"
              },{
                "InterventionBrowseLeafId":"M2795",
                "InterventionBrowseLeafName":"Anti-Infective Agents",
                "InterventionBrowseLeafRelevance":"low"
              }
            ]
          },
          "InterventionBrowseBranchList":{
            "InterventionBrowseBranch":[
              {
                "InterventionBrowseBranchAbbrev":"Infe",
                "InterventionBrowseBranchName":"Anti-Infective Agents"
              },{
                "InterventionBrowseBranchAbbrev":"All",
                "InterventionBrowseBranchName":"All Drugs and Chemicals"
              },{
                "InterventionBrowseBranchAbbrev":"Rena",
                "InterventionBrowseBranchName":"Renal Agents"
              }
            ]
          }
        }
      }
    }
  }
}

