{
  "FullStudy":{
    "Rank":519,
    "Study":{
      "ProtocolSection":{
        "IdentificationModule":{
          "NCTId":"NCT04843202",
          "OrgStudyIdInfo":{
            "OrgStudyId":"450/20 S-EB"
          },
          "Organization":{
            "OrgFullName":"Technische Universität München",
            "OrgClass":"OTHER"
          },
          "BriefTitle":"Clinical Guidelines in Premedication Visit",
          "OfficialTitle":"Determining Guideline Adherence During the Premedication Visit"
        },
        "StatusModule":{
          "StatusVerifiedDate":"April 2021",
          "OverallStatus":"Active, not recruiting",
          "ExpandedAccessInfo":{
            "HasExpandedAccess":"No"
          },
          "StartDateStruct":{
            "StartDate":"June 1, 2018",
            "StartDateType":"Actual"
          },
          "PrimaryCompletionDateStruct":{
            "PrimaryCompletionDate":"June 1, 2020",
            "PrimaryCompletionDateType":"Actual"
          },
          "CompletionDateStruct":{
            "CompletionDate":"September 1, 2021",
            "CompletionDateType":"Anticipated"
          },
          "StudyFirstSubmitDate":"April 8, 2021",
          "StudyFirstSubmitQCDate":"April 8, 2021",
          "StudyFirstPostDateStruct":{
            "StudyFirstPostDate":"April 13, 2021",
            "StudyFirstPostDateType":"Actual"
          },
          "LastUpdateSubmitDate":"April 8, 2021",
          "LastUpdatePostDateStruct":{
            "LastUpdatePostDate":"April 13, 2021",
            "LastUpdatePostDateType":"Actual"
          }
        },
        "SponsorCollaboratorsModule":{
          "ResponsibleParty":{
            "ResponsiblePartyType":"Principal Investigator",
            "ResponsiblePartyInvestigatorFullName":"Simone Kagerbauer",
            "ResponsiblePartyInvestigatorTitle":"Specialist in anesthesiology",
            "ResponsiblePartyInvestigatorAffiliation":"Technische Universität München"
          },
          "LeadSponsor":{
            "LeadSponsorName":"Technische Universität München",
            "LeadSponsorClass":"OTHER"
          },
          "CollaboratorList":{
            "Collaborator":[
              {
                "CollaboratorName":"HIM Health Information Management GmbH",
                "CollaboratorClass":"UNKNOWN"
              }
            ]
          }
        },
        "OversightModule":{
          "OversightHasDMC":"No",
          "IsFDARegulatedDrug":"No",
          "IsFDARegulatedDevice":"No"
        },
        "DescriptionModule":{
          "BriefSummary":"The purpose of the study is to determine the frequency with which individual guideline recommendations on preoperative evaluation of patients scheduled for non-cardiac surgery are implemented as well as identifying the guidelines that are most frequently violated.",
          "DetailedDescription":"This study is a monocentric retrospective analysis. Data are extracted from the electronic premedication protocol (premedication patient data management system, PDMS). A total of 2000 adult patients are randomly selected who were seen in the premedication outpatient clinic of Klinikum rechts der Isar between June 2018 and June 2020. The information from the premedication questionnaire will be transferred to a new premedication module. The new premedication software then outputs the appropriate guideline recommendations that would have been applicable in the particular case. Using a logic stored in this system, the current guideline recommendations of the European Society of Anaesthesiology (ESA) (De Hert, Staender et al. 2018) and the recommendations of the German Society for Anesthesiology and Intensive Care Medicine (DGAI) (Geldner 2017) that apply to the respective case are pointed out on the basis of the patient data entered, for example the recommendation to discontinue or change medication or the order of additional examinations such as pulmonary function testing or echocardiography.\n\nBy comparison with the old premedication sheet, it is determined which guideline recommendations were followed and which were not. The respective guideline recommendations and their compliance or non-compliance are transferred to a table for further evaluation. A random sample of 2000 patients will be studied.\n\nGuideline adherence to each recommendation is determined, as well as the possible organizational reasons for not following them."
        },
        "ConditionsModule":{
          "ConditionList":{
            "Condition":[
              "Preoperative Evaluation"
            ]
          },
          "KeywordList":{
            "Keyword":[
              "premedication visit, guidelines, adherence"
            ]
          }
        },
        "DesignModule":{
          "StudyType":"Observational",
          "PatientRegistry":"No",
          "DesignInfo":{
            "DesignObservationalModelList":{
              "DesignObservationalModel":[
                "Cohort"
              ]
            },
            "DesignTimePerspectiveList":{
              "DesignTimePerspective":[
                "Retrospective"
              ]
            }
          },
          "EnrollmentInfo":{
            "EnrollmentCount":"2000",
            "EnrollmentType":"Actual"
          }
        },
        "OutcomesModule":{
          "PrimaryOutcomeList":{
            "PrimaryOutcome":[
              {
                "PrimaryOutcomeMeasure":"Guideline adherence",
                "PrimaryOutcomeDescription":"Determine the frequency with which individual guideline recommendations on preoperative evaluation are implemented.",
                "PrimaryOutcomeTimeFrame":"June 2018-June2020"
              }
            ]
          }
        },
        "EligibilityModule":{
          "EligibilityCriteria":"Inclusion Criteria:\n\nPatients seen in the outpatient clinic between June 2018 and June 2020\n\nExclusion Criteria:\n\nage<18",
          "HealthyVolunteers":"No",
          "Gender":"All",
          "MinimumAge":"18 Years",
          "StdAgeList":{
            "StdAge":[
              "Adult",
              "Older Adult"
            ]
          },
          "StudyPopulation":"Random sample of all patients >18 years of age seen in the premedication outpatient clinic from June 2018 to June 2020. This restriction is made because the guidelines used in this study apply only to adult patients.",
          "SamplingMethod":"Probability Sample"
        },
        "ContactsLocationsModule":{
          "LocationList":{
            "Location":[
              {
                "LocationFacility":"Technical University of Munich",
                "LocationCity":"Munich",
                "LocationZip":"81675",
                "LocationCountry":"Germany"
              }
            ]
          }
        },
        "ReferencesModule":{
          "ReferenceList":{
            "Reference":[
              {
                "ReferencePMID":"29708905",
                "ReferenceType":"background",
                "ReferenceCitation":"De Hert S, Staender S, Fritsch G, Hinkelbein J, Afshari A, Bettelli G, Bock M, Chew MS, Coburn M, De Robertis E, Drinhaus H, Feldheiser A, Geldner G, Lahner D, Macas A, Neuhaus C, Rauch S, Santos-Ampuero MA, Solca M, Tanha N, Traskaite V, Wagner G, Wappler F. Pre-operative evaluation of adults undergoing elective noncardiac surgery: Updated guideline from the European Society of Anaesthesiology. Eur J Anaesthesiol. 2018 Jun;35(6):407-465. doi: 10.1097/EJA.0000000000000817."
              }
            ]
          }
        },
        "IPDSharingStatementModule":{
          "IPDSharing":"Undecided",
          "IPDSharingDescription":"Data will be made available on request"
        }
      },
      "DerivedSection":{
        "MiscInfoModule":{
          "VersionHolder":"April 19, 2021"
        }
      }
    }
  }
}

