{
  "FullStudy":{
    "Rank":361,
    "Study":{
      "ProtocolSection":{
        "IdentificationModule":{
          "NCTId":"NCT04845256",
          "OrgStudyIdInfo":{
            "OrgStudyId":"PSG SOMAVAC"
          },
          "Organization":{
            "OrgFullName":"University of Tennessee Health Science Center",
            "OrgClass":"OTHER"
          },
          "BriefTitle":"Evaluation of SOMAVAC 100 Sustained Vacuum System",
          "OfficialTitle":"Evaluation of SOMAVAC 100 Sustained Vacuum System Versus Manual Suction Bulbs After Mastectomy With Immediate Breast Reconstruction"
        },
        "StatusModule":{
          "StatusVerifiedDate":"April 2021",
          "OverallStatus":"Recruiting",
          "ExpandedAccessInfo":{
            "HasExpandedAccess":"No"
          },
          "StartDateStruct":{
            "StartDate":"May 1, 2021",
            "StartDateType":"Anticipated"
          },
          "PrimaryCompletionDateStruct":{
            "PrimaryCompletionDate":"April 1, 2022",
            "PrimaryCompletionDateType":"Anticipated"
          },
          "CompletionDateStruct":{
            "CompletionDate":"April 30, 2022",
            "CompletionDateType":"Anticipated"
          },
          "StudyFirstSubmitDate":"April 7, 2021",
          "StudyFirstSubmitQCDate":"April 13, 2021",
          "StudyFirstPostDateStruct":{
            "StudyFirstPostDate":"April 14, 2021",
            "StudyFirstPostDateType":"Actual"
          },
          "LastUpdateSubmitDate":"April 13, 2021",
          "LastUpdatePostDateStruct":{
            "LastUpdatePostDate":"April 14, 2021",
            "LastUpdatePostDateType":"Actual"
          }
        },
        "SponsorCollaboratorsModule":{
          "ResponsibleParty":{
            "ResponsiblePartyType":"Principal Investigator",
            "ResponsiblePartyInvestigatorFullName":"Marsha Williams",
            "ResponsiblePartyInvestigatorTitle":"Research Coordinator",
            "ResponsiblePartyInvestigatorAffiliation":"University of Tennessee Health Science Center"
          },
          "LeadSponsor":{
            "LeadSponsorName":"University of Tennessee Health Science Center",
            "LeadSponsorClass":"OTHER"
          }
        },
        "OversightModule":{
          "IsFDARegulatedDrug":"No",
          "IsFDARegulatedDevice":"Yes"
        },
        "DescriptionModule":{
          "BriefSummary":"The purpose of this research study is to compare the effectiveness of the Somavac 100 Sustained Vacuum System versus manual section bulbs after immediate breast reconstruction.",
          "DetailedDescription":"Participants will undergo a screening that includes medical history review. Once screening is complete, participants will undergo immediate breast reconstruction per the surgeon's typical protocol. Surgeon will place up to two (2) drain(s) per breast as customary without changing their technique at the end of the surgical procedure. SOMAVAC® 100 Sustained Vacuum System will be attached to the end of the drain(s) on one side of the subject and standard of care manual suction bulbs attached to the other side. Subjects will return to the clinic every 72 hours for visits for the first 1 to 2 weeks, until the drain drops below 25mL, or as instructed by the physician. Each visit will take about 30 minutes. Subjects will have routine phone calls with the clinic to provide their drain output information to help determine when the drains should be removed. This is a study where the standard techniques of closed suction drainage are used for the removal of fluid from a surgical site. Hence, an increased risk related to post-operative care is not anticipated."
        },
        "ConditionsModule":{
          "ConditionList":{
            "Condition":[
              "Breast Cancer"
            ]
          }
        },
        "DesignModule":{
          "StudyType":"Observational",
          "PatientRegistry":"No",
          "DesignInfo":{
            "DesignObservationalModelList":{
              "DesignObservationalModel":[
                "Case-Only"
              ]
            },
            "DesignTimePerspectiveList":{
              "DesignTimePerspective":[
                "Prospective"
              ]
            }
          },
          "EnrollmentInfo":{
            "EnrollmentCount":"25",
            "EnrollmentType":"Anticipated"
          }
        },
        "ArmsInterventionsModule":{
          "ArmGroupList":{
            "ArmGroup":[
              {
                "ArmGroupLabel":"SOMAVAC 100 Sustained Vacuum System",
                "ArmGroupDescription":"New sustained vacuum system",
                "ArmGroupInterventionList":{
                  "ArmGroupInterventionName":[
                    "Device: SOMAVAC 100 Sustained Vacuum System"
                  ]
                }
              }
            ]
          },
          "InterventionList":{
            "Intervention":[
              {
                "InterventionType":"Device",
                "InterventionName":"SOMAVAC 100 Sustained Vacuum System",
                "InterventionDescription":"Evaluate performance of sustained vacuum system compared to manual suction bulbs",
                "InterventionArmGroupLabelList":{
                  "InterventionArmGroupLabel":[
                    "SOMAVAC 100 Sustained Vacuum System"
                  ]
                }
              }
            ]
          }
        },
        "OutcomesModule":{
          "PrimaryOutcomeList":{
            "PrimaryOutcome":[
              {
                "PrimaryOutcomeMeasure":"Impact of the SOMAVAC continuous suction device on postoperative fluid drainage after mastectomy reconstruction",
                "PrimaryOutcomeDescription":"To determine whether the SOMAVAC continuous suction device decreases fluid output following mastectomy reconstruction",
                "PrimaryOutcomeTimeFrame":"Approximately 3 months"
              },{
                "PrimaryOutcomeMeasure":"SOMAVAC continuous suction device and seroma development on reconstructed mastectomy patients",
                "PrimaryOutcomeDescription":"To determine whether the SOMAVAC continuous suction device decreases the incidence of seroma formation in mastectomy reconstructive patient",
                "PrimaryOutcomeTimeFrame":"approximately 3 months"
              }
            ]
          }
        },
        "EligibilityModule":{
          "EligibilityCriteria":"Inclusion Criteria:\n\nAged 21 years or older; undergoing immediate pre-pectoral breast reconstruction after mastectomy (bilateral) with tissue expanders or implant\nCapable of providing informed consent\nWillingness to follow all study requirements including agreeing to attend all required follow-up visits and signs the informed consent.\n\nExclusion Criteria:\n\nReconstruction is not post-mastectomy\nPregnant or lactating females\nPatients needing more than 2 drains per breast\nPatients on steroids or other immune modulators known to impact healing\nPatients who are likely to not complete the study\nPatient who, in the opinion of the investigator, are unlikely to comply with the protocol\nPatients who have participated in this trial previously and who were withdrawn\nPatients with known allergies to contacting materials (i.e. latex, metal, etc.)\nPatients who received neoadjuvant chemotherapy or radiotherapy within the last 6 months\nHas any medical condition such as obesity (BMI>40), uncontrolled diabetes (HbA1c>7%) and/or immunosuppression.",
          "HealthyVolunteers":"No",
          "Gender":"Female",
          "GenderBased":"Yes",
          "MinimumAge":"21 Years",
          "StdAgeList":{
            "StdAge":[
              "Adult",
              "Older Adult"
            ]
          },
          "StudyPopulation":"Up to 25 patients (50 breasts) will be enrolled in this study who are undergoing immediate breast reconstruction after mastectomy.",
          "SamplingMethod":"Non-Probability Sample"
        },
        "ContactsLocationsModule":{
          "CentralContactList":{
            "CentralContact":[
              {
                "CentralContactName":"Mark A Brzezienski, MD",
                "CentralContactRole":"Contact",
                "CentralContactPhone":"423-756-7134",
                "CentralContactEMail":"Brzezienskim@thepsg.org"
              },{
                "CentralContactName":"Jason Rehm, MD",
                "CentralContactRole":"Contact",
                "CentralContactPhone":"423-756-7134",
                "CentralContactEMail":"Rehmj@thepsg.org"
              }
            ]
          },
          "OverallOfficialList":{
            "OverallOfficial":[
              {
                "OverallOfficialName":"Mark A Brzezienski, MD",
                "OverallOfficialAffiliation":"University of Tennessee College of Medicine Chattanooga, Department of Plastic Surgery",
                "OverallOfficialRole":"Principal Investigator"
              }
            ]
          },
          "LocationList":{
            "Location":[
              {
                "LocationFacility":"Plastic Surgery Group",
                "LocationStatus":"Recruiting",
                "LocationCity":"Chattanooga",
                "LocationState":"Tennessee",
                "LocationZip":"37402",
                "LocationCountry":"United States",
                "LocationContactList":{
                  "LocationContact":[
                    {
                      "LocationContactName":"Mark A Brzezienski, MD",
                      "LocationContactRole":"Contact",
                      "LocationContactPhone":"423-756-7134",
                      "LocationContactEMail":"Brzezienskim@thepsg.org"
                    },{
                      "LocationContactName":"Marsha Williams",
                      "LocationContactRole":"Contact",
                      "LocationContactPhone":"423-756-7134",
                      "LocationContactEMail":"Marsha.williams@thepsg.org"
                    }
                  ]
                }
              }
            ]
          }
        }
      },
      "DerivedSection":{
        "MiscInfoModule":{
          "VersionHolder":"April 19, 2021"
        },
        "ConditionBrowseModule":{
          "ConditionBrowseLeafList":{
            "ConditionBrowseLeaf":[
              {
                "ConditionBrowseLeafId":"M3802",
                "ConditionBrowseLeafName":"Breast Neoplasms",
                "ConditionBrowseLeafRelevance":"low"
              }
            ]
          },
          "ConditionBrowseBranchList":{
            "ConditionBrowseBranch":[
              {
                "ConditionBrowseBranchAbbrev":"BC04",
                "ConditionBrowseBranchName":"Cancers and Other Neoplasms"
              },{
                "ConditionBrowseBranchAbbrev":"BC17",
                "ConditionBrowseBranchName":"Skin and Connective Tissue Diseases"
              },{
                "ConditionBrowseBranchAbbrev":"All",
                "ConditionBrowseBranchName":"All Conditions"
              }
            ]
          }
        }
      }
    }
  }
}

