{
  "FullStudy":{
    "Rank":487,
    "Study":{
      "ProtocolSection":{
        "IdentificationModule":{
          "NCTId":"NCT04843618",
          "OrgStudyIdInfo":{
            "OrgStudyId":"pressure ulcers"
          },
          "Organization":{
            "OrgFullName":"Cairo University",
            "OrgClass":"OTHER"
          },
          "BriefTitle":"Prevalence and Risk Factors of Pressure Ulcers in Beni Suef Governorate of Egypt",
          "OfficialTitle":"Prevalence and Risk Factors of Pressure Ulcers in Hospitalized Patients in Beni Suef Governorate of Egypt"
        },
        "StatusModule":{
          "StatusVerifiedDate":"April 2021",
          "OverallStatus":"Not yet recruiting",
          "ExpandedAccessInfo":{
            "HasExpandedAccess":"No"
          },
          "StartDateStruct":{
            "StartDate":"May 1, 2021",
            "StartDateType":"Anticipated"
          },
          "PrimaryCompletionDateStruct":{
            "PrimaryCompletionDate":"May 1, 2022",
            "PrimaryCompletionDateType":"Anticipated"
          },
          "CompletionDateStruct":{
            "CompletionDate":"June 1, 2022",
            "CompletionDateType":"Anticipated"
          },
          "StudyFirstSubmitDate":"April 9, 2021",
          "StudyFirstSubmitQCDate":"April 9, 2021",
          "StudyFirstPostDateStruct":{
            "StudyFirstPostDate":"April 13, 2021",
            "StudyFirstPostDateType":"Actual"
          },
          "LastUpdateSubmitDate":"April 14, 2021",
          "LastUpdatePostDateStruct":{
            "LastUpdatePostDate":"April 19, 2021",
            "LastUpdatePostDateType":"Estimate"
          }
        },
        "SponsorCollaboratorsModule":{
          "ResponsibleParty":{
            "ResponsiblePartyType":"Principal Investigator",
            "ResponsiblePartyInvestigatorFullName":"Eslam Mohamed Mahmoud Mohamed",
            "ResponsiblePartyInvestigatorTitle":"prevalence and risk factors of pressure ulcers in hospitalized patients in Beni Suef governorate of Egypt",
            "ResponsiblePartyInvestigatorAffiliation":"Cairo University"
          },
          "LeadSponsor":{
            "LeadSponsorName":"Cairo University",
            "LeadSponsorClass":"OTHER"
          }
        },
        "OversightModule":{
          "IsFDARegulatedDrug":"No",
          "IsFDARegulatedDevice":"No"
        },
        "DescriptionModule":{
          "BriefSummary":"the study aims at examining the relation between the prevalence and risk factors of pressure ulcers among hospitalized patients in Beni Suef governorate of Egypt",
          "DetailedDescription":"pressure ulcers are defined as localized damage to the skin as well as underlying soft tissue, usually occuring over a bony prominence or to medical devices.\n\nimmobility and friction are important risk factors for pressure ulcers, Malnutrition and body mass index are associated with pressure injury prevalence, the days in hospital, skin moisture and other neurological factors are significant risk factors for pressure ulcer development.\n\nBeni-Suef is one of the upper Egypt governorates located about 120 Km south of cairo, according to population estimates from 2019, the majority of residents in the governorate live in rural areas, with an urbanization rate of only 23.2%, Due to greater reliance on federal and state payers, low volume and complxity of services provided, rural residents often encounter barriers to healthcare that limit their ability to obtain the care they need"
        },
        "ConditionsModule":{
          "ConditionList":{
            "Condition":[
              "Pressure Ulcer"
            ]
          }
        },
        "DesignModule":{
          "StudyType":"Observational",
          "PatientRegistry":"Yes",
          "TargetDuration":"2 Weeks",
          "DesignInfo":{
            "DesignObservationalModelList":{
              "DesignObservationalModel":[
                "Other"
              ]
            },
            "DesignTimePerspectiveList":{
              "DesignTimePerspective":[
                "Cross-Sectional"
              ]
            }
          },
          "EnrollmentInfo":{
            "EnrollmentCount":"1000",
            "EnrollmentType":"Anticipated"
          }
        },
        "OutcomesModule":{
          "PrimaryOutcomeList":{
            "PrimaryOutcome":[
              {
                "PrimaryOutcomeMeasure":"examine the relation between the prevalence and risk factors of pressure ulcers among hospitalized patients in Beni Suef governorate of Egypt",
                "PrimaryOutcomeDescription":"correlate between the prevalence and risk factors of pressure ulcers by using : sociodemographic variables, Braden risk scale assessment, clinical charactristics of the patient illness amd physical examination to assess the grade of pressure ulcer",
                "PrimaryOutcomeTimeFrame":"baseline"
              }
            ]
          }
        },
        "EligibilityModule":{
          "EligibilityCriteria":"Inclusion Criteria:\n\nhospitalized patients will be selected from ICU and CCU\nboth sexes males and females\ntheir age ranges between 25-65 years old\npatients who have peripheral arterial disease\ntheir body mass index (class II and class III obesity)\ndiabetic patients more than 5 years old\n\nExclusion Criteria:\n\nmedically unstable patients\nun cooperative patients\nsemi- conscious or unconscious patients according to glascow coma scale",
          "Gender":"All",
          "MinimumAge":"25 Years",
          "MaximumAge":"65 Years",
          "StdAgeList":{
            "StdAge":[
              "Adult",
              "Older Adult"
            ]
          },
          "StudyPopulation":"cross-sectional study",
          "SamplingMethod":"Non-Probability Sample"
        },
        "ContactsLocationsModule":{
          "CentralContactList":{
            "CentralContact":[
              {
                "CentralContactName":"Eslam Mohamed, master",
                "CentralContactRole":"Contact",
                "CentralContactPhone":"01272663390",
                "CentralContactEMail":"dreslam221@gmail.com"
              },{
                "CentralContactName":"prof.Dr. Awny Fouad, PHd",
                "CentralContactRole":"Contact",
                "CentralContactPhone":"01001794314",
                "CentralContactEMail":"awnyfrmm@gmail.com"
              }
            ]
          }
        },
        "ReferencesModule":{
          "ReferenceList":{
            "Reference":[
              {
                "ReferencePMID":"26330893",
                "ReferenceType":"result",
                "ReferenceCitation":"Bergstrom N, Horn SD, Rapp M, Stern A, Barrett R, Watkiss M, Krahn M. Preventing Pressure Ulcers: A Multisite Randomized Controlled Trial in Nursing Homes. Ont Health Technol Assess Ser. 2014 Oct 1;14(11):1-32. eCollection 2014."
              }
            ]
          }
        }
      },
      "DerivedSection":{
        "MiscInfoModule":{
          "VersionHolder":"April 19, 2021"
        },
        "ConditionBrowseModule":{
          "ConditionMeshList":{
            "ConditionMesh":[
              {
                "ConditionMeshId":"D000003668",
                "ConditionMeshTerm":"Pressure Ulcer"
              },{
                "ConditionMeshId":"D000014456",
                "ConditionMeshTerm":"Ulcer"
              }
            ]
          },
          "ConditionAncestorList":{
            "ConditionAncestor":[
              {
                "ConditionAncestorId":"D000010335",
                "ConditionAncestorTerm":"Pathologic Processes"
              },{
                "ConditionAncestorId":"D000012883",
                "ConditionAncestorTerm":"Skin Ulcer"
              },{
                "ConditionAncestorId":"D000012871",
                "ConditionAncestorTerm":"Skin Diseases"
              }
            ]
          },
          "ConditionBrowseLeafList":{
            "ConditionBrowseLeaf":[
              {
                "ConditionBrowseLeafId":"M15789",
                "ConditionBrowseLeafName":"Ulcer",
                "ConditionBrowseLeafAsFound":"Ulcer",
                "ConditionBrowseLeafRelevance":"high"
              },{
                "ConditionBrowseLeafId":"M5453",
                "ConditionBrowseLeafName":"Pressure Ulcer",
                "ConditionBrowseLeafAsFound":"Pressure Ulcer",
                "ConditionBrowseLeafRelevance":"high"
              },{
                "ConditionBrowseLeafId":"M14269",
                "ConditionBrowseLeafName":"Skin Ulcer",
                "ConditionBrowseLeafRelevance":"low"
              },{
                "ConditionBrowseLeafId":"M14257",
                "ConditionBrowseLeafName":"Skin Diseases",
                "ConditionBrowseLeafRelevance":"low"
              }
            ]
          },
          "ConditionBrowseBranchList":{
            "ConditionBrowseBranch":[
              {
                "ConditionBrowseBranchAbbrev":"BC23",
                "ConditionBrowseBranchName":"Symptoms and General Pathology"
              },{
                "ConditionBrowseBranchAbbrev":"All",
                "ConditionBrowseBranchName":"All Conditions"
              },{
                "ConditionBrowseBranchAbbrev":"BC17",
                "ConditionBrowseBranchName":"Skin and Connective Tissue Diseases"
              }
            ]
          }
        }
      }
    }
  }
}

