{
  "FullStudy":{
    "Rank":346,
    "Study":{
      "ProtocolSection":{
        "IdentificationModule":{
          "NCTId":"NCT04845451",
          "OrgStudyIdInfo":{
            "OrgStudyId":"CoronaDMC"
          },
          "Organization":{
            "OrgFullName":"Corona Doctors Medical Clinics, Inc.",
            "OrgClass":"OTHER"
          },
          "BriefTitle":"The Presence and Role of Zygomatic-temporal Neuroma Triggering Cluster Headache",
          "OfficialTitle":"The Presence and Role of Zygomatic-temporal Neuroma Triggering Cluster Headache: Resection of a Neuroma in the Long-term Resolution of Trigeminal Cluster Symptoms"
        },
        "StatusModule":{
          "StatusVerifiedDate":"April 2021",
          "OverallStatus":"Recruiting",
          "ExpandedAccessInfo":{
            "HasExpandedAccess":"No"
          },
          "StartDateStruct":{
            "StartDate":"April 9, 2021",
            "StartDateType":"Actual"
          },
          "PrimaryCompletionDateStruct":{
            "PrimaryCompletionDate":"June 10, 2021",
            "PrimaryCompletionDateType":"Anticipated"
          },
          "CompletionDateStruct":{
            "CompletionDate":"September 23, 2021",
            "CompletionDateType":"Anticipated"
          },
          "StudyFirstSubmitDate":"April 10, 2021",
          "StudyFirstSubmitQCDate":"April 13, 2021",
          "StudyFirstPostDateStruct":{
            "StudyFirstPostDate":"April 15, 2021",
            "StudyFirstPostDateType":"Actual"
          },
          "LastUpdateSubmitDate":"April 13, 2021",
          "LastUpdatePostDateStruct":{
            "LastUpdatePostDate":"April 15, 2021",
            "LastUpdatePostDateType":"Actual"
          }
        },
        "SponsorCollaboratorsModule":{
          "ResponsibleParty":{
            "ResponsiblePartyType":"Principal Investigator",
            "ResponsiblePartyInvestigatorFullName":"FARO T. OWIESY, M.D",
            "ResponsiblePartyInvestigatorTitle":"Faro Ted Owiesy, M.D.",
            "ResponsiblePartyInvestigatorAffiliation":"Corona Doctors Medical Clinics, Inc."
          },
          "LeadSponsor":{
            "LeadSponsorName":"Corona Doctors Medical Clinics, Inc.",
            "LeadSponsorClass":"OTHER"
          }
        },
        "OversightModule":{
          "OversightHasDMC":"Yes"
        },
        "DescriptionModule":{
          "BriefSummary":"Role of a neuroma of zygomatic-temporal in triggering of a cluster headache. Exploratory diagnosis, resection, and pathological examination of tumor anticipated\n\n.",
          "DetailedDescription":"An anatomical coordinated communication of a Cluster Circuit turned on by Zygomatico-Temporal neuroma, a malicious possibly nontraumatic, neoplastic tissue coding and decoding itself upon autonomic release of neurotransmitter(s). Exhaustion of neurotransmitter synthesis turns out the explosions of pain-symptoms off.\n\nPoor attention to the characterization of a peripheral neuroma of trigeminal nerve branch deranged attention to central(CNS) characterization of Cluster Symptoms.\n\nThis study based on our experimental results of minimal surgical procedure to explore, diagnose and resect a Zygomatico-Temporal neuroma in the temple of patients suffering from EpisodicChronic, Cluster Headache-ECCH. The goal is to light on this speculation in a novel analysis of events to put an end to devastating catastrophic headaches. Detailed anatomical components loci of the autonomic symptoms in the cluster headache reveal the presence of an electrical neural circuit.\n\nThe extracranial circuit components of ECCH reflects the anatomical nerve components participating reflection of the single circumscribed symptom:\n\nZygomatico-Temporal-neuroma\nZygomatic nerve V-II\nIntraorbital communicants rami\nLacrimal nerve V-I\nOphthalmic nerve Intraorbital routing, supraorbital nerves, the upper eyelid, the conjunctiva and cornea of the eye, the nose (including the tip of the nose, except alae nasi), the nasal mucosa, the frontal sinuses. V-I\nOptic nerve via ophthalmic nerve routing and electricity propagation.\nPterygopalatine ganglion as peripheral and CNS coordinator center.\n\nAn intracranial CNS reaction follows in response to the perception of pain materialized in neuroimaging during the activity of ECCH."
        },
        "ConditionsModule":{
          "ConditionList":{
            "Condition":[
              "Cluster Headaches and Other Trigeminal Autonomic Cephalgias"
            ]
          },
          "KeywordList":{
            "Keyword":[
              "Trigeminal nerve neuroma, cluster headache"
            ]
          }
        },
        "DesignModule":{
          "StudyType":"Observational",
          "PatientRegistry":"No",
          "DesignInfo":{
            "DesignObservationalModelList":{
              "DesignObservationalModel":[
                "Case-Only"
              ]
            },
            "DesignTimePerspectiveList":{
              "DesignTimePerspective":[
                "Prospective"
              ]
            }
          },
          "EnrollmentInfo":{
            "EnrollmentCount":"10",
            "EnrollmentType":"Anticipated"
          }
        },
        "ArmsInterventionsModule":{
          "InterventionList":{
            "Intervention":[
              {
                "InterventionType":"Other",
                "InterventionName":"Minimal surgical exploration for a neuroma",
                "InterventionDescription":"Orientation marking of the trigger point by injectable sterile methylene blue dye 0.1ml. Marking a 3-centimeter long incision line 7 mm from the Neuroma marking on the skin. Local anesthesia using plain 2% lidocaine infiltration of the circumferential exploratory area. Sterile prep and drape in surgical fashion. Meticulous exploratory preparation of the subcutaneous tissue 20 mm at each side of the incision line. Appropriate visibility of the ZT nerve branches embedded in lipomatous and connective tissue over the temporal fascia. Exploratory visualization of the subcutaneous marked tissue by methylene blue using a binocular magnification eases visualization. Using an Adson tissue forceps with side grasping teeth, now an exploratory touch of the above and distal of the marking would deliver the hypersensitive painful Neuroma tissue for sharp excision using surgical scissors. Control of bleeding and skin closure. Sterile pressure dressing. Specimen be sent to pathologic examination.",
                "InterventionOtherNameList":{
                  "InterventionOtherName":[
                    "Clusterotomy"
                  ]
                }
              }
            ]
          }
        },
        "OutcomesModule":{
          "PrimaryOutcomeList":{
            "PrimaryOutcome":[
              {
                "PrimaryOutcomeMeasure":"Presence of Neuroma",
                "PrimaryOutcomeDescription":"Zygomaticotemporal neuroma as trigger of Episodic and Chronic Cluster headache",
                "PrimaryOutcomeTimeFrame":"6 months"
              },{
                "PrimaryOutcomeMeasure":"Resolution of Cluster Headache attacks",
                "PrimaryOutcomeDescription":"Resection of a ZT-neuroma may eradicate Cluster Headache trigger",
                "PrimaryOutcomeTimeFrame":"6 months"
              }
            ]
          }
        },
        "EligibilityModule":{
          "EligibilityCriteria":"Inclusion Criteria: Episodic Chronic Cluster Headaches -\n\nExclusion Criteria:\n\nMalignant hypertension, Brain tumors, brain vascular abnormalities\n\n-",
          "HealthyVolunteers":"No",
          "Gender":"All",
          "StdAgeList":{
            "StdAge":[
              "Child",
              "Adult",
              "Older Adult"
            ]
          },
          "StudyPopulation":"patients with a diagnosis of episodic chronic Cluster Headaches",
          "SamplingMethod":"Non-Probability Sample"
        },
        "ContactsLocationsModule":{
          "CentralContactList":{
            "CentralContact":[
              {
                "CentralContactName":"FARO T OWIESY, M.D.",
                "CentralContactRole":"Contact",
                "CentralContactPhone":"9513719500",
                "CentralContactEMail":"owiesymd@gmail.com"
              },{
                "CentralContactName":"FARO t OWIESY, M.D.",
                "CentralContactRole":"Contact",
                "CentralContactPhone":"9513719500",
                "CentralContactEMail":"fowiesy02@aol.com"
              }
            ]
          },
          "OverallOfficialList":{
            "OverallOfficial":[
              {
                "OverallOfficialName":"Faro T Owiesy, M.D.",
                "OverallOfficialAffiliation":"CORONA DOCTORS MEDICAL CLINICS",
                "OverallOfficialRole":"Principal Investigator"
              }
            ]
          },
          "LocationList":{
            "Location":[
              {
                "LocationFacility":"Corona Doctors Medical Clinics Inc",
                "LocationStatus":"Recruiting",
                "LocationCity":"Corona",
                "LocationState":"California",
                "LocationZip":"92879",
                "LocationCountry":"United States",
                "LocationContactList":{
                  "LocationContact":[
                    {
                      "LocationContactName":"Faro T Owiesy",
                      "LocationContactRole":"Contact",
                      "LocationContactPhone":"951-371-9500",
                      "LocationContactEMail":"owiesymd@gmail.com"
                    },{
                      "LocationContactName":"Jovana Martin Murillo",
                      "LocationContactRole":"Contact",
                      "LocationContactPhone":"9513719500",
                      "LocationContactEMail":"coronadoctors@aol.com"
                    },{
                      "LocationContactName":"Faro T Owiesy, MD",
                      "LocationContactRole":"Principal Investigator"
                    }
                  ]
                }
              }
            ]
          }
        },
        "ReferencesModule":{
          "AvailIPDList":{
            "AvailIPD":[
              {
                "AvailIPDId":"Cluster Headaches-Neuroma",
                "AvailIPDType":"Clinical Study Report",
                "AvailIPDURL":"https://curemymigraine.com/",
                "AvailIPDComment":"Data access on-demand only by research clinician and participating individuals"
              },{
                "AvailIPDId":"Cluster Headaches-Neuroma",
                "AvailIPDType":"Statistical Analysis Plan",
                "AvailIPDURL":"https://curemymigraine.com/",
                "AvailIPDComment":"Data access on-demand only by research clinician and participating individuals"
              }
            ]
          }
        },
        "IPDSharingStatementModule":{
          "IPDSharing":"Yes",
          "IPDSharingDescription":"Presentation by poster, article, and on-demand providing the data",
          "IPDSharingInfoTypeList":{
            "IPDSharingInfoType":[
              "Study Protocol",
              "Statistical Analysis Plan (SAP)",
              "Informed Consent Form (ICF)",
              "Clinical Study Report (CSR)",
              "Analytic Code"
            ]
          },
          "IPDSharingTimeFrame":"6-9 months",
          "IPDSharingAccessCriteria":"scientific, clinicians, national and international sources. No limitations"
        }
      },
      "DerivedSection":{
        "MiscInfoModule":{
          "VersionHolder":"April 19, 2021"
        },
        "ConditionBrowseModule":{
          "ConditionMeshList":{
            "ConditionMesh":[
              {
                "ConditionMeshId":"D000009463",
                "ConditionMeshTerm":"Neuroma"
              },{
                "ConditionMeshId":"D000003027",
                "ConditionMeshTerm":"Cluster Headache"
              },{
                "ConditionMeshId":"D000051303",
                "ConditionMeshTerm":"Trigeminal Autonomic Cephalalgias"
              },{
                "ConditionMeshId":"D000006261",
                "ConditionMeshTerm":"Headache"
              }
            ]
          },
          "ConditionAncestorList":{
            "ConditionAncestor":[
              {
                "ConditionAncestorId":"D000010146",
                "ConditionAncestorTerm":"Pain"
              },{
                "ConditionAncestorId":"D000009461",
                "ConditionAncestorTerm":"Neurologic Manifestations"
              },{
                "ConditionAncestorId":"D000051270",
                "ConditionAncestorTerm":"Headache Disorders, Primary"
              },{
                "ConditionAncestorId":"D000020773",
                "ConditionAncestorTerm":"Headache Disorders"
              },{
                "ConditionAncestorId":"D000001927",
                "ConditionAncestorTerm":"Brain Diseases"
              },{
                "ConditionAncestorId":"D000002493",
                "ConditionAncestorTerm":"Central Nervous System Diseases"
              },{
                "ConditionAncestorId":"D000009422",
                "ConditionAncestorTerm":"Nervous System Diseases"
              },{
                "ConditionAncestorId":"D000018317",
                "ConditionAncestorTerm":"Nerve Sheath Neoplasms"
              },{
                "ConditionAncestorId":"D000009380",
                "ConditionAncestorTerm":"Neoplasms, Nerve Tissue"
              },{
                "ConditionAncestorId":"D000009370",
                "ConditionAncestorTerm":"Neoplasms by Histologic Type"
              },{
                "ConditionAncestorId":"D000009369",
                "ConditionAncestorTerm":"Neoplasms"
              }
            ]
          },
          "ConditionBrowseLeafList":{
            "ConditionBrowseLeaf":[
              {
                "ConditionBrowseLeafId":"M10989",
                "ConditionBrowseLeafName":"Neuroma",
                "ConditionBrowseLeafAsFound":"Neuroma",
                "ConditionBrowseLeafRelevance":"high"
              },{
                "ConditionBrowseLeafId":"M4840",
                "ConditionBrowseLeafName":"Cluster Headache",
                "ConditionBrowseLeafAsFound":"Cluster Headache",
                "ConditionBrowseLeafRelevance":"high"
              },{
                "ConditionBrowseLeafId":"M25261",
                "ConditionBrowseLeafName":"Trigeminal Autonomic Cephalalgias",
                "ConditionBrowseLeafAsFound":"Trigeminal Autonomic Cephalgias",
                "ConditionBrowseLeafRelevance":"high"
              },{
                "ConditionBrowseLeafId":"M7934",
                "ConditionBrowseLeafName":"Headache",
                "ConditionBrowseLeafAsFound":"Headache",
                "ConditionBrowseLeafRelevance":"high"
              },{
                "ConditionBrowseLeafId":"M11649",
                "ConditionBrowseLeafName":"Pain",
                "ConditionBrowseLeafRelevance":"low"
              },{
                "ConditionBrowseLeafId":"M10987",
                "ConditionBrowseLeafName":"Neurologic Manifestations",
                "ConditionBrowseLeafRelevance":"low"
              },{
                "ConditionBrowseLeafId":"M21113",
                "ConditionBrowseLeafName":"Headache Disorders",
                "ConditionBrowseLeafRelevance":"low"
              },{
                "ConditionBrowseLeafId":"M25244",
                "ConditionBrowseLeafName":"Headache Disorders, Primary",
                "ConditionBrowseLeafRelevance":"low"
              },{
                "ConditionBrowseLeafId":"M3786",
                "ConditionBrowseLeafName":"Brain Diseases",
                "ConditionBrowseLeafRelevance":"low"
              },{
                "ConditionBrowseLeafId":"M4325",
                "ConditionBrowseLeafName":"Central Nervous System Diseases",
                "ConditionBrowseLeafRelevance":"low"
              },{
                "ConditionBrowseLeafId":"M19045",
                "ConditionBrowseLeafName":"Nerve Sheath Neoplasms",
                "ConditionBrowseLeafRelevance":"low"
              },{
                "ConditionBrowseLeafId":"M10908",
                "ConditionBrowseLeafName":"Neoplasms, Nerve Tissue",
                "ConditionBrowseLeafRelevance":"low"
              },{
                "ConditionBrowseLeafId":"M10898",
                "ConditionBrowseLeafName":"Neoplasms by Histologic Type",
                "ConditionBrowseLeafRelevance":"low"
              }
            ]
          },
          "ConditionBrowseBranchList":{
            "ConditionBrowseBranch":[
              {
                "ConditionBrowseBranchAbbrev":"BC04",
                "ConditionBrowseBranchName":"Cancers and Other Neoplasms"
              },{
                "ConditionBrowseBranchAbbrev":"All",
                "ConditionBrowseBranchName":"All Conditions"
              },{
                "ConditionBrowseBranchAbbrev":"BC10",
                "ConditionBrowseBranchName":"Nervous System Diseases"
              },{
                "ConditionBrowseBranchAbbrev":"BC23",
                "ConditionBrowseBranchName":"Symptoms and General Pathology"
              }
            ]
          }
        },
        "InterventionBrowseModule":{
          "InterventionBrowseLeafList":{
            "InterventionBrowseLeaf":[
              {
                "InterventionBrowseLeafId":"M2688",
                "InterventionBrowseLeafName":"Anesthetics",
                "InterventionBrowseLeafRelevance":"low"
              },{
                "InterventionBrowseLeafId":"M9597",
                "InterventionBrowseLeafName":"Lidocaine",
                "InterventionBrowseLeafRelevance":"low"
              },{
                "InterventionBrowseLeafId":"M10309",
                "InterventionBrowseLeafName":"Methylene Blue",
                "InterventionBrowseLeafRelevance":"low"
              }
            ]
          },
          "InterventionBrowseBranchList":{
            "InterventionBrowseBranch":[
              {
                "InterventionBrowseBranchAbbrev":"CNSDep",
                "InterventionBrowseBranchName":"Central Nervous System Depressants"
              },{
                "InterventionBrowseBranchAbbrev":"All",
                "InterventionBrowseBranchName":"All Drugs and Chemicals"
              },{
                "InterventionBrowseBranchAbbrev":"AnArAg",
                "InterventionBrowseBranchName":"Anti-Arrhythmia Agents"
              },{
                "InterventionBrowseBranchAbbrev":"ChanBlk",
                "InterventionBrowseBranchName":"Channel Blockers"
              }
            ]
          }
        }
      }
    }
  }
}

