{
  "FullStudy":{
    "Rank":155,
    "Study":{
      "ProtocolSection":{
        "IdentificationModule":{
          "NCTId":"NCT04847934",
          "OrgStudyIdInfo":{
            "OrgStudyId":"5856-GOA"
          },
          "Organization":{
            "OrgFullName":"Dokuz Eylul University",
            "OrgClass":"OTHER"
          },
          "BriefTitle":"Effect Of Distraction Methods On Procedure-Related Fear, Anxiety, And Pain During Intramuscular Injection",
          "OfficialTitle":"Effect Of Distraction Methods On Procedure-Related Fear, Anxiety, And Pain During Intramuscular Injection in Pediatric Emergency Department"
        },
        "StatusModule":{
          "StatusVerifiedDate":"April 2021",
          "OverallStatus":"Recruiting",
          "ExpandedAccessInfo":{
            "HasExpandedAccess":"No"
          },
          "StartDateStruct":{
            "StartDate":"January 30, 2021",
            "StartDateType":"Actual"
          },
          "PrimaryCompletionDateStruct":{
            "PrimaryCompletionDate":"January 30, 2022",
            "PrimaryCompletionDateType":"Anticipated"
          },
          "CompletionDateStruct":{
            "CompletionDate":"February 10, 2022",
            "CompletionDateType":"Anticipated"
          },
          "StudyFirstSubmitDate":"April 7, 2021",
          "StudyFirstSubmitQCDate":"April 15, 2021",
          "StudyFirstPostDateStruct":{
            "StudyFirstPostDate":"April 19, 2021",
            "StudyFirstPostDateType":"Estimate"
          },
          "LastUpdateSubmitDate":"April 15, 2021",
          "LastUpdatePostDateStruct":{
            "LastUpdatePostDate":"April 19, 2021",
            "LastUpdatePostDateType":"Estimate"
          }
        },
        "SponsorCollaboratorsModule":{
          "ResponsibleParty":{
            "ResponsiblePartyType":"Principal Investigator",
            "ResponsiblePartyInvestigatorFullName":"Gülçin Özalp Gerçeker",
            "ResponsiblePartyInvestigatorTitle":"Dokuz Eylul University",
            "ResponsiblePartyInvestigatorAffiliation":"Dokuz Eylul University"
          },
          "LeadSponsor":{
            "LeadSponsorName":"Dokuz Eylul University",
            "LeadSponsorClass":"OTHER"
          }
        },
        "OversightModule":{
          "OversightHasDMC":"Yes",
          "IsFDARegulatedDrug":"No",
          "IsFDARegulatedDevice":"No"
        },
        "DescriptionModule":{
          "BriefSummary":"Buzzy, shot-blocker, distraction cards, and balloon blowing can reduce fear and pain during the intramuscular intervention in the pediatric emergency service unit. This study aimed to evaluate the effect of virtual reality, manual pressure vibration technique, and cold vibration device application on procedure-related pain, fear, and anxiety during intramuscular antibiotics in children aged 5-12 years in the pediatric emergency department.",
          "DetailedDescription":"Study Hypothesis The pain, fear, and anxiety scores of the children who watch videos with virtual reality glasses during the intramuscular intervention are lower than the other groups.\n\nThe pain, fear, and anxiety scores of children who were applied manual pressure vibration technique during the intramuscular intervention are lower than the other groups.\n\nThe pain, fear, and anxiety scores of the children who were applied cold vibration (Buzzy) during the intramuscular intervention were lower than the other groups.\n\nThe emotional appearance scores of the children in groups before the procedure affect the pain, fear, and anxiety they experience.\n\nThe group with children affects the vital signs before and after the distraction technique.\n\nMethods Study Design and Sample It was planned to include children between the ages of 5-12 who will be administered intramuscular antibiotics in the Dokuz Eylül University Pediatric Emergency Service. It is planned to include patients selected by the stratified randomization method in accordance with the sampling criteria.\n\nRandomization Children will allocate by the stratified randomization; gender, age, and antibiotics type. Randomization was performed with a computerized random-number generator.\n\nSocio-Demographic Data Collection and Procedure Follow-up Form: It includes \"age, gender, the reason for admitting to the emergency unit, the last painful intervention and date, the name of the antibiotic administered, and the accompanying parent\". At the same time, the duration and vital signs of the interventions applied to the child will be recorded.\n\nWong-Baker FACES (WBS) Pain Rating Scale. This scale uses in children aged 3 and older to rate pain severity, ranges from 0 (very happy/no pain) to 10 (hurts worst).\n\nThe Child Fear Scale (CFS). The Child Fear Scale will use.This one-item scale measures procedure-related fear in children, consists of five sex-neutral faces, ranges from 0 (no fear) to extreme fear. This rating scale ranges from 0 to 4. It ranges from a no fear (neutral) face (0) on the far left to a face showing extreme fear on the far right. Higher scores mean a worse outcome. The rater response indicates the level of fear. It can be used during the procedure for children aged 5-10 years.\n\nThe Children's Anxiety Meter (CAM-S). The Children's Anxiety Meter assesses children's anxiety and uses before medical procedures. This scale is drawn like a thermometer with a bulb at the bottom and also includes horizontal lines at intervals going up to the top (0-10). This scale ranges from 0 to 10. Higher values represent higher anxiety.\n\nEmotional Appearance Scale for Children: This scale allows direct behavioral observation, consists of 5 different behavioral categories; 'Facial Expression', 'Speaking', 'Activity', 'Interaction' and 'Cooperation Level'.\n\nScale scoring is done by reviewing the descriptions of behavior in each category and selecting the numerical value that most represents the observed behavior. Each category is scored from 1 to 5. The total score is made so that the numerical value is between 5-25 by adding the points obtained for each category. Higher scale score indicates the appearance of more negative emotional behaviors.\n\nData collection process Each patient included in the study will be taken to the bed where the intervention will be made and monitored, pulse, respiration, and blood pressure will be measured. The child will be evaluated by the nurse before the procedure with the Emotional Appearance Scale for Children (0. Min).\n\nIn the virtual glasses group, the video will be started by wearing virtual glasses.\n\nThe manual pressure vibration technique will be applied for 15 seconds. In the cold vibration group, Arı Buzzy will be connected 5 cm above the IM intervention area and applied for 15 seconds.\n\nThe hour/minute applied by the IM intervention will be recorded. When he enters the vascular access, he will give information to the child by saying \"now it will be over, I am pressing it with cotton\". The patient's pulse, respiration, blood pressure will be measured again (minutes will be recorded). Pulse, respiration, and blood pressure will be re-evaluated at the 5th minute of the beginning of the procedure. At the 5th minute of the procedure, the child will be asked to evaluate the most painful moment he feels during the procedure with the Facial Expressions Rating Scale. The child will be given the Child Fear Scale (CAS) and the Child Anxiety Scale-Statefulness (CAS-D) to evaluate how anxious and afraid he or she is during the procedure. You will be asked to mark it with a pencil.\n\nEthics Ethical approval was received from the Non-Invasive Clinical Studies Ethics Committee of the University where the research was conducted (5856GOA 2021). The researcher informed about the aim of the study and obtained written consent forms from children and parents."
        },
        "ConditionsModule":{
          "ConditionList":{
            "Condition":[
              "Pain",
              "Fear",
              "Anxiety",
              "Child, Only"
            ]
          },
          "KeywordList":{
            "Keyword":[
              "intramuscular injection",
              "distraction methods",
              "cold vibration",
              "manuel pressure vibration",
              "virtual reality"
            ]
          }
        },
        "DesignModule":{
          "StudyType":"Interventional",
          "PhaseList":{
            "Phase":[
              "Not Applicable"
            ]
          },
          "DesignInfo":{
            "DesignAllocation":"Randomized",
            "DesignInterventionModel":"Parallel Assignment",
            "DesignPrimaryPurpose":"Supportive Care",
            "DesignMaskingInfo":{
              "DesignMasking":"Double",
              "DesignWhoMaskedList":{
                "DesignWhoMasked":[
                  "Care Provider",
                  "Investigator"
                ]
              }
            }
          },
          "EnrollmentInfo":{
            "EnrollmentCount":"30",
            "EnrollmentType":"Anticipated"
          }
        },
        "ArmsInterventionsModule":{
          "ArmGroupList":{
            "ArmGroup":[
              {
                "ArmGroupLabel":"Virtual Reality Group",
                "ArmGroupType":"Experimental",
                "ArmGroupDescription":"watching the application by wearing virtual glasses to the child during the intramuscular injection",
                "ArmGroupInterventionList":{
                  "ArmGroupInterventionName":[
                    "Behavioral: distraction methods"
                  ]
                }
              },{
                "ArmGroupLabel":"Manual Pressure Vibration Technique Group",
                "ArmGroupType":"Experimental",
                "ArmGroupDescription":"Application of manual pressure vibration technique to the area where the intervention will be made",
                "ArmGroupInterventionList":{
                  "ArmGroupInterventionName":[
                    "Behavioral: distraction methods"
                  ]
                }
              },{
                "ArmGroupLabel":"Cold Vibration Group",
                "ArmGroupType":"Experimental",
                "ArmGroupDescription":"Buzzy, connecting and operating 5 cm above the area to be injected",
                "ArmGroupInterventionList":{
                  "ArmGroupInterventionName":[
                    "Behavioral: distraction methods"
                  ]
                }
              },{
                "ArmGroupLabel":"Control Group",
                "ArmGroupType":"No Intervention",
                "ArmGroupDescription":"Standart care"
              }
            ]
          },
          "InterventionList":{
            "Intervention":[
              {
                "InterventionType":"Behavioral",
                "InterventionName":"distraction methods",
                "InterventionDescription":"distraction methods",
                "InterventionArmGroupLabelList":{
                  "InterventionArmGroupLabel":[
                    "Cold Vibration Group",
                    "Manual Pressure Vibration Technique Group",
                    "Virtual Reality Group"
                  ]
                }
              }
            ]
          }
        },
        "OutcomesModule":{
          "PrimaryOutcomeList":{
            "PrimaryOutcome":[
              {
                "PrimaryOutcomeMeasure":"Pain assesed by Wong-Baker FACES",
                "PrimaryOutcomeDescription":"Wong-Baker FACES (WB-FACES) Pain Rating Scale used. This scale uses in children aged 3 and older to rate pain severity. This numeric rating scale ranges from 0 to 10. Faces show emotions from smiling (0 = very happy/ no pain) to crying (10 = hurts worst).",
                "PrimaryOutcomeTimeFrame":"procedure (during the ıntramuscular injection)"
              },{
                "PrimaryOutcomeMeasure":"Anxiety assesed by Children Anxiety Meter-State",
                "PrimaryOutcomeDescription":"The Children's Anxiety Meter (CAM-S). The Children's Anxiety Meter assesses children's anxiety and uses before medical procedures. This scale is drawn like a thermometer with a bulb at the bottom and also includes horizontal lines at intervals going up to the top (0-10). This scale ranges from 0 to 10. Higher values represent higher anxiety",
                "PrimaryOutcomeTimeFrame":"procedure (during the intramuscular injection)"
              },{
                "PrimaryOutcomeMeasure":"Fear assesed by Child Fear Scale",
                "PrimaryOutcomeDescription":"The Child Fear Scale (CFS). The Child Fear Scale will use.This one-item scale measures procedure-related fear in children, consists of five sex-neutral faces, ranges from 0 (no fear) to extreme fear. This rating scale ranges from 0 to 4. It ranges from a no fear (neutral) face (0) on the far left to a face showing extreme fear on the far right. Higher scores mean a worse outcome. The rater responds indicates the level of fear. It can be used during the procedure for children aged 5-10 years.",
                "PrimaryOutcomeTimeFrame":"procedure (during the ıntramuscular injection)"
              }
            ]
          },
          "SecondaryOutcomeList":{
            "SecondaryOutcome":[
              {
                "SecondaryOutcomeMeasure":"Emotional Appearance Scale for Children",
                "SecondaryOutcomeDescription":"This scale allows direct behavioral observation, consists of 5 different behavioral categories; 'Facial Expression', 'Speaking', 'Activity', 'Interaction' and 'Cooperation Level'.\n\nScale scoring is done by reviewing the descriptions of behavior in each category and selecting the numerical value that most represents the observed behavior. Each category is scored from 1 to 5. The total score is made so that the numerical value is between 5-25 by adding the points obtained for each category. Higher scale score indicates the appearance of more negative emotional behaviors.",
                "SecondaryOutcomeTimeFrame":"Baseline (before the intramuscular injection)"
              }
            ]
          }
        },
        "EligibilityModule":{
          "EligibilityCriteria":"Inclusion Criteria:\n\nChildren are between the ages of 5-12\nIntramuscular antibiotics (penicillin, ceftriaxone, amikacin etc.) to be administered\nThe intervention will be applied from the gluteal region\nThe child agrees to voluntarily participate in the study.\nParents agree to voluntarily participate in the study\nObtaining consent form from the child and parent\n\nExclusion Criteria:\n\nchild with a physical and psychological deficit to prevent him from wearing the glasses to be worn on his head so that he can watch virtual reality.\nchild with sedative or analgesic medication.\nchild with a neurodegenerative disease, mental retardation, vision and hearing problems, chronic, life-threatening (sepsis, shock, respiratory / cardiac arrest) or genetic disease",
          "HealthyVolunteers":"Accepts Healthy Volunteers",
          "Gender":"All",
          "MinimumAge":"5 Years",
          "MaximumAge":"12 Years",
          "StdAgeList":{
            "StdAge":[
              "Child"
            ]
          }
        },
        "ContactsLocationsModule":{
          "CentralContactList":{
            "CentralContact":[
              {
                "CentralContactName":"Gülçin Özalp Gerçeker, pHD",
                "CentralContactRole":"Contact",
                "CentralContactPhone":"05306411368",
                "CentralContactEMail":"gulcinozalp@gmail.com"
              },{
                "CentralContactName":"Elfidan Gülduran",
                "CentralContactRole":"Contact",
                "CentralContactPhone":"05306411368",
                "CentralContactEMail":"elfidan.gulduran@gmail.com"
              }
            ]
          },
          "OverallOfficialList":{
            "OverallOfficial":[
              {
                "OverallOfficialName":"Gülçin Ö Gerçeker",
                "OverallOfficialAffiliation":"RN, PhD, Assoc. Prof.",
                "OverallOfficialRole":"Study Director"
              }
            ]
          },
          "LocationList":{
            "Location":[
              {
                "LocationFacility":"Gülçin Özalp Gerçeker",
                "LocationStatus":"Recruiting",
                "LocationCity":"İzmir",
                "LocationZip":"35100",
                "LocationCountry":"Turkey",
                "LocationContactList":{
                  "LocationContact":[
                    {
                      "LocationContactName":"Gülçin Ö Gerçeker",
                      "LocationContactRole":"Contact",
                      "LocationContactPhone":"05306411368",
                      "LocationContactEMail":"gulcinozalp@gmail.com"
                    }
                  ]
                }
              }
            ]
          }
        },
        "IPDSharingStatementModule":{
          "IPDSharing":"No"
        }
      },
      "DerivedSection":{
        "MiscInfoModule":{
          "VersionHolder":"April 19, 2021"
        },
        "ConditionBrowseModule":{
          "ConditionMeshList":{
            "ConditionMesh":[
              {
                "ConditionMeshId":"D000001008",
                "ConditionMeshTerm":"Anxiety Disorders"
              }
            ]
          },
          "ConditionAncestorList":{
            "ConditionAncestor":[
              {
                "ConditionAncestorId":"D000001523",
                "ConditionAncestorTerm":"Mental Disorders"
              }
            ]
          },
          "ConditionBrowseLeafList":{
            "ConditionBrowseLeaf":[
              {
                "ConditionBrowseLeafId":"M2905",
                "ConditionBrowseLeafName":"Anxiety Disorders",
                "ConditionBrowseLeafAsFound":"Anxiety",
                "ConditionBrowseLeafRelevance":"high"
              },{
                "ConditionBrowseLeafId":"M6379",
                "ConditionBrowseLeafName":"Emergencies",
                "ConditionBrowseLeafRelevance":"low"
              },{
                "ConditionBrowseLeafId":"M11649",
                "ConditionBrowseLeafName":"Pain",
                "ConditionBrowseLeafRelevance":"low"
              },{
                "ConditionBrowseLeafId":"M3396",
                "ConditionBrowseLeafName":"Mental Disorders",
                "ConditionBrowseLeafRelevance":"low"
              },{
                "ConditionBrowseLeafId":"M13056",
                "ConditionBrowseLeafName":"Psychotic Disorders",
                "ConditionBrowseLeafRelevance":"low"
              }
            ]
          },
          "ConditionBrowseBranchList":{
            "ConditionBrowseBranch":[
              {
                "ConditionBrowseBranchAbbrev":"BXM",
                "ConditionBrowseBranchName":"Behaviors and Mental Disorders"
              },{
                "ConditionBrowseBranchAbbrev":"All",
                "ConditionBrowseBranchName":"All Conditions"
              },{
                "ConditionBrowseBranchAbbrev":"BC23",
                "ConditionBrowseBranchName":"Symptoms and General Pathology"
              }
            ]
          }
        }
      }
    }
  }
}

