{
  "FullStudy":{
    "Rank":124,
    "Study":{
      "ProtocolSection":{
        "IdentificationModule":{
          "NCTId":"NCT04848337",
          "OrgStudyIdInfo":{
            "OrgStudyId":"HCRN GU19-385"
          },
          "Organization":{
            "OrgFullName":"Hoosier Cancer Research Network",
            "OrgClass":"OTHER"
          },
          "BriefTitle":"Pembrolizumab and Lenvatinib in Advanced/Metastatic Neuroendocrine Prostate Cancer [PLANE-PC]",
          "OfficialTitle":"Phase II Trial of Pembrolizumab and Lenvatinib in Advanced/Metastatic Neuroendocrine Prostate Cancer [PLANE-PC]",
          "Acronym":"PLANE-PC"
        },
        "StatusModule":{
          "StatusVerifiedDate":"April 2021",
          "OverallStatus":"Not yet recruiting",
          "ExpandedAccessInfo":{
            "HasExpandedAccess":"No"
          },
          "StartDateStruct":{
            "StartDate":"May 2021",
            "StartDateType":"Anticipated"
          },
          "PrimaryCompletionDateStruct":{
            "PrimaryCompletionDate":"January 2024",
            "PrimaryCompletionDateType":"Anticipated"
          },
          "CompletionDateStruct":{
            "CompletionDate":"January 2025",
            "CompletionDateType":"Anticipated"
          },
          "StudyFirstSubmitDate":"April 9, 2021",
          "StudyFirstSubmitQCDate":"April 13, 2021",
          "StudyFirstPostDateStruct":{
            "StudyFirstPostDate":"April 19, 2021",
            "StudyFirstPostDateType":"Estimate"
          },
          "LastUpdateSubmitDate":"April 13, 2021",
          "LastUpdatePostDateStruct":{
            "LastUpdatePostDate":"April 19, 2021",
            "LastUpdatePostDateType":"Estimate"
          }
        },
        "SponsorCollaboratorsModule":{
          "ResponsibleParty":{
            "ResponsiblePartyType":"Sponsor-Investigator",
            "ResponsiblePartyInvestigatorFullName":"Ulka Vaishampayan",
            "ResponsiblePartyInvestigatorTitle":"Sponsor-Investigator",
            "ResponsiblePartyInvestigatorAffiliation":"Hoosier Cancer Research Network"
          },
          "LeadSponsor":{
            "LeadSponsorName":"Ulka Vaishampayan",
            "LeadSponsorClass":"OTHER"
          },
          "CollaboratorList":{
            "Collaborator":[
              {
                "CollaboratorName":"Merck Sharp & Dohme Corp.",
                "CollaboratorClass":"INDUSTRY"
              },{
                "CollaboratorName":"University of Michigan",
                "CollaboratorClass":"OTHER"
              }
            ]
          }
        },
        "OversightModule":{
          "OversightHasDMC":"Yes",
          "IsFDARegulatedDrug":"Yes",
          "IsFDARegulatedDevice":"No",
          "IsUSExport":"No"
        },
        "DescriptionModule":{
          "BriefSummary":"Eligible patients will be treated with the combination of lenvatinib and pembrolizumab. A cycle equals 21 days and therapy will continue until radiographic progression, intolerable toxicity, or patient/physician wishes to discontinue protocol therapy. A maximum of 35 cycles may be administered. On Day 1, when both pembrolizumab and lenvatinib are administered, patients should take the lenvatinib per their normal routine."
        },
        "ConditionsModule":{
          "ConditionList":{
            "Condition":[
              "Prostate Cancer Metastatic",
              "Neuroendocrine Tumors"
            ]
          }
        },
        "DesignModule":{
          "StudyType":"Interventional",
          "PhaseList":{
            "Phase":[
              "Phase 2"
            ]
          },
          "DesignInfo":{
            "DesignAllocation":"N/A",
            "DesignInterventionModel":"Single Group Assignment",
            "DesignPrimaryPurpose":"Treatment",
            "DesignMaskingInfo":{
              "DesignMasking":"None (Open Label)"
            }
          },
          "EnrollmentInfo":{
            "EnrollmentCount":"50",
            "EnrollmentType":"Anticipated"
          }
        },
        "ArmsInterventionsModule":{
          "ArmGroupList":{
            "ArmGroup":[
              {
                "ArmGroupLabel":"Study Treatment Arm",
                "ArmGroupType":"Experimental",
                "ArmGroupDescription":"Lenvatinib 20 mg Orally Day1-21 with Pembrolizumab 200 mg Intravenously (IV) over 30 minutes Day 1. Each cycle = 21 days",
                "ArmGroupInterventionList":{
                  "ArmGroupInterventionName":[
                    "Drug: Pembrolizumab",
                    "Drug: Lenvatinib"
                  ]
                }
              }
            ]
          },
          "InterventionList":{
            "Intervention":[
              {
                "InterventionType":"Drug",
                "InterventionName":"Pembrolizumab",
                "InterventionDescription":"Pembrolizumab 200 mg will be administered as a 30 minute IV infusion every 3 weeks.",
                "InterventionArmGroupLabelList":{
                  "InterventionArmGroupLabel":[
                    "Study Treatment Arm"
                  ]
                },
                "InterventionOtherNameList":{
                  "InterventionOtherName":[
                    "Keytruda"
                  ]
                }
              },{
                "InterventionType":"Drug",
                "InterventionName":"Lenvatinib",
                "InterventionDescription":"Lenvatinib 20 mg orally daily.",
                "InterventionArmGroupLabelList":{
                  "InterventionArmGroupLabel":[
                    "Study Treatment Arm"
                  ]
                },
                "InterventionOtherNameList":{
                  "InterventionOtherName":[
                    "Lenvima"
                  ]
                }
              }
            ]
          }
        },
        "OutcomesModule":{
          "PrimaryOutcomeList":{
            "PrimaryOutcome":[
              {
                "PrimaryOutcomeMeasure":"Radiologic Progression Free Survival (rPFS) for soft tissue lesions",
                "PrimaryOutcomeDescription":"For soft tissue lesions, rPFS is defined as the date of treatment intiation to date of radiologic progression of soft tissue lesions per RECIST 1.1 or death whichever occurs first.",
                "PrimaryOutcomeTimeFrame":"2 years"
              },{
                "PrimaryOutcomeMeasure":"Radiologic Progression Free Survival (rPFS) for bone lesions",
                "PrimaryOutcomeDescription":"For bone lesions, rPFS is defined as the date of treatment initiation to date of progression of bone lesions per PCWG3 criteria or death whichever occurs first.",
                "PrimaryOutcomeTimeFrame":"2 years"
              }
            ]
          },
          "SecondaryOutcomeList":{
            "SecondaryOutcome":[
              {
                "SecondaryOutcomeMeasure":"Frequency and Severity of adverse events",
                "SecondaryOutcomeDescription":"Frequency and severity of adverse events as measured by Common Terminology Criteria for Adverse Events (CTCAE) version 5.0.",
                "SecondaryOutcomeTimeFrame":"2 years"
              },{
                "SecondaryOutcomeMeasure":"Overall Survival (OS)",
                "SecondaryOutcomeDescription":"Overall survival (OS) will be measured from date of registration to date of death from any cause.",
                "SecondaryOutcomeTimeFrame":"2 years"
              },{
                "SecondaryOutcomeMeasure":"Objective Response Rate (ORR)",
                "SecondaryOutcomeDescription":"ORR will be the proportion of patients achieving either a complete response or a partial response",
                "SecondaryOutcomeTimeFrame":"2 years"
              },{
                "SecondaryOutcomeMeasure":"Duration of Response (DoR)",
                "SecondaryOutcomeDescription":"DOR will be measured from the start date of the best response achieved until the date of relapse",
                "SecondaryOutcomeTimeFrame":"2 years"
              }
            ]
          }
        },
        "EligibilityModule":{
          "EligibilityCriteria":"Inclusion Criteria:\n\nWritten informed consent and HIPAA authorization for release of personal health information prior to registration. NOTE: HIPAA authorization may be included in the informed consent or obtained separately.\nAge ≥ 18 years at the time of consent.\nEastern Cooperative Oncology Group (ECOG) performance status of 0 or 1 within 7 days prior to the date of registration.\n\nThe subject has histologically proven prostate cancer with radiologic evidence of metastases and at least one of the following:\n\nSmall-cell or NEPC morphology (determined by the enrolling center) on the basis of tissue sample.\nProstate adenocarcinoma with greater than 50% IHC staining for neuroendocrine markers (e.g., chromogranin and synaptophysin).\nDevelopment of liver metastases in the absence of PSA progression, as defined by Prostate Cancer Working Group 3 criteria.\nSerum chromogranin A level ≥ 5× upper limit of normal (ULN) and/or serum neuron specific enolase (NSE) ≥ 2× ULN.\n\nSubject has adequate organ function as defined in the table below; all screening labs to be obtained within 10 days prior to Cycle 1 Day 1.\n\nAbsolute neutrophil count (ANC) ≥ 1500/mm3without colony stimulating factor support\nPlatelets ≥ 100,000/mm3\nHemoglobin ≥ 9 g/dL\nSerum creatinine ≤ 1.5 x ULN or creatinine clearance (CrCl) ≥ 30 mL/min. For creatinine clearance estimation, the Cockcroft and Gault equation should be used.\nBilirubin ≤ 1.5 x the upper limit of normal (ULN) OR direct bilirubin ≤ULN for participants with total bilirubin levels >1.5 × ULN. For subjects with known Gilbert's disease, bilirubin ≤ 3.0 mg/dL\nAlanine aminotransferase (ALT) and aspartate aminotransferase (AST) ≤ 2.5 x ULN if no liver involvement, or ≤ 5 and/or ULN with liver involvement\nInternational normalized ratio (INR) OR prothrombin time (PT), Activated partial thromboplastin time (aPTT) ≤1.5 × ULN unless participant is receiving anticoagulant therapy as long as PT or aPTT is within therapeutic range of intended use of anticoagulants\nUrine protein < 2+ by urine dipstick\nA male participant must agree to use of contraception during the treatment period and for at least 120 days after the last dose of study treatment and refrain from donating sperm during this period.\nProjected life expectancy of at least 6 months as determined by treating physician.\nAs determined by the enrolling physician or protocol designee, ability of the subject to understand and comply with study procedures for the entire length of the study.\n\nExclusion Criteria:\n\nReceived prior therapy with VEGF-TKI, immune checkpoint inhibitor, an anti-PD-1, anti-PD-L1, or anti PD L2 agent or with an agent directed to another stimulatory or co-inhibitory T-cell receptor (eg, CTLA-4, OX 40, CD137).\nReceived prior systemic anti-cancer therapy including investigational agents within 3 weeks prior to registration. NOTE: Participants must have recovered from all AEs due to previous therapies to ≤ Grade 1 or baseline. Participants with ≤ Grade 2 neuropathy may be eligible. NOTE: If participant received major surgery, they must have recovered adequately from the toxicity and/or complications from the intervention prior to starting study treatment.\nReceived more than two prior chemotherapy regimens for metastatic prostate cancer. Prior therapy with androgen receptor axis targeted agents is allowed but needs to be discontinued at least 2 weeks prior to study therapy. Prior therapy with Rad-223 or other radiopharmaceuticals is permitted but study therapy should be started at least 4 weeks after the last dose.\nConcurrent treatment with anti-androgen medications.\nReceived prior radiotherapy within 2 weeks of start of study treatment. Participants must have recovered from all radiation-related toxicities, not require corticosteroids, and not have had radiation pneumonitis. A 1-week washout is permitted for palliative radiation (≤ 2 weeks of radiotherapy) to non-CNS disease.\nCurrently participating in or has participated in a study of an investigational agent or has used an investigational device within 3 weeks prior to the first dose of study treatment. NOTE: Participants who have entered the follow-up phase of an investigational study may participate as long as it has been 3 weeks after the last dose of the previous investigational agent.\nUncontrolled blood pressure (Systolic BP>140 mmHg or diastolic BP >90 mmHg) despite an optimized regimen of antihypertensive medication.\nPresence of non-healing wounds after surgical procedures.\nKnown active CNS metastases and/or carcinomatous meningitis. Participants with previously treated brain metastases may participate provided they are radiologically stable, i.e. without evidence of progression for at least 4 weeks by repeat imaging (note that the repeat imaging should be performed during study screening), clinically stable and without requirement of steroid treatment for at least 14 days prior to first dose of study treatment.\nReceived a live vaccine within 30 days prior to the first dose of study drug. Examples of live vaccines include, but are not limited to, the following: measles, mumps, rubella, varicella/zoster (chicken pox), yellow fever, rabies, Bacillus Calmette-Guérin (BCG), and typhoid vaccine. Seasonal influenza vaccines for injection are generally killed virus vaccines and are allowed; however, intranasal influenza vaccines (eg, FluMist®) are live attenuated vaccines and are not allowed.\nSignificant cardiovascular impairment: history of congestive heart failure greater than New York Heart Association (NYHA) Class II, unstable angina, myocardial infarction or stroke within 6 months of the first dose of study drug, or cardiac arrhythmia requiring medical treatment at Screening.\nBleeding or thrombotic disorders or subjects at risk for severe hemorrhage. The degree of tumor invasion/infiltration of major blood vessels (e.g. carotid artery) should be considered because of the potential risk of severe hemorrhage associated with tumor shrinkage/necrosis following lenvatinib therapy.\nSubjects having > 1+ proteinuria on urine dipstick testing unless a 24-hour urine collection for quantitative assessment indicates that the urine protein is <1 g/24 hours.\nDiagnosis of immunodeficiency or is receiving chronic systemic steroid therapy (in dosing exceeding 10 mg daily of prednisone equivalent) or any other form of immunosuppressive therapy within 7 days prior to the first dose of study drug.\nSevere hypersensitivity (≥ Grade 3) to pembrolizumab and/or any of its excipients.\nSevere hypersensitivity (≥ Grade 3) to lenvatinib and/or any of its excipients.\nActive autoimmune disease that has required systemic treatment in the past 2 years (i.e. with use of disease modifying agents, corticosteroids or immunosuppressive drugs). Replacement therapy (eg., thyroxine, insulin, or physiologic corticosteroid replacement therapy for adrenal or pituitary insufficiency, etc.) is not considered a form of systemic treatment. Replacement steroids for adrenal insufficiency or daily dose equivalent of 10 mg prednisone are allowed\nHistory of (non-infectious) pneumonitis that required steroids or has current pneumonitis.\nActive infection requiring systemic therapy.\nKnown additional malignancy that is progressing or has required active treatment within the past 3 years. NOTE: Participants with basal cell carcinoma of the skin, squamous cell carcinoma of the skin or carcinoma in situ (e.g. breast carcinoma, cervical cancer in situ) that have undergone potentially curative therapy are not excluded. Subjects with other solid tumors treated curatively and without evidence of recurrence for at least 2 years prior to enrollment may be eligible for study after discussion with the sponsor-investigator.\nKnown history of Human Immunodeficiency Virus (HIV). NOTE: HIV testing is not required unless mandated by a local health authority.\nKnown history of Hepatitis B (defined as Hepatitis B surface antigen [HBsAg] reactive) or known active Hepatitis C virus (defined as HCV RNA [qualitative] is detected) infection. NOTE: Hepatitis B and Hepatitis C testing is not required unless clinical history indicates that this is likely.\nKnown history of active TB (Bacillus Tuberculosis).",
          "HealthyVolunteers":"No",
          "Gender":"Male",
          "GenderBased":"Yes",
          "GenderDescription":"prostate cancer",
          "MinimumAge":"18 Years",
          "StdAgeList":{
            "StdAge":[
              "Adult",
              "Older Adult"
            ]
          }
        },
        "ContactsLocationsModule":{
          "CentralContactList":{
            "CentralContact":[
              {
                "CentralContactName":"Ulka Vaishampayan, MD",
                "CentralContactRole":"Contact",
                "CentralContactPhone":"734-936-7813",
                "CentralContactEMail":"vaishamu@med.umich.edu"
              },{
                "CentralContactName":"Julia Beck",
                "CentralContactRole":"Contact",
                "CentralContactPhone":"3176345842",
                "CentralContactPhoneExt":"62",
                "CentralContactEMail":"jbeck@hoosiercancer.org"
              }
            ]
          },
          "OverallOfficialList":{
            "OverallOfficial":[
              {
                "OverallOfficialName":"Ulka Vaishampayan, MD",
                "OverallOfficialAffiliation":"University of Michigan",
                "OverallOfficialRole":"Principal Investigator"
              }
            ]
          }
        },
        "IPDSharingStatementModule":{
          "IPDSharing":"No"
        }
      },
      "DerivedSection":{
        "MiscInfoModule":{
          "VersionHolder":"April 19, 2021"
        },
        "ConditionBrowseModule":{
          "ConditionMeshList":{
            "ConditionMesh":[
              {
                "ConditionMeshId":"D000011471",
                "ConditionMeshTerm":"Prostatic Neoplasms"
              },{
                "ConditionMeshId":"D000018358",
                "ConditionMeshTerm":"Neuroendocrine Tumors"
              }
            ]
          },
          "ConditionAncestorList":{
            "ConditionAncestor":[
              {
                "ConditionAncestorId":"D000005834",
                "ConditionAncestorTerm":"Genital Neoplasms, Male"
              },{
                "ConditionAncestorId":"D000014565",
                "ConditionAncestorTerm":"Urogenital Neoplasms"
              },{
                "ConditionAncestorId":"D000009371",
                "ConditionAncestorTerm":"Neoplasms by Site"
              },{
                "ConditionAncestorId":"D000009369",
                "ConditionAncestorTerm":"Neoplasms"
              },{
                "ConditionAncestorId":"D000011469",
                "ConditionAncestorTerm":"Prostatic Diseases"
              },{
                "ConditionAncestorId":"D000017599",
                "ConditionAncestorTerm":"Neuroectodermal Tumors"
              },{
                "ConditionAncestorId":"D000009373",
                "ConditionAncestorTerm":"Neoplasms, Germ Cell and Embryonal"
              },{
                "ConditionAncestorId":"D000009370",
                "ConditionAncestorTerm":"Neoplasms by Histologic Type"
              },{
                "ConditionAncestorId":"D000009380",
                "ConditionAncestorTerm":"Neoplasms, Nerve Tissue"
              }
            ]
          },
          "ConditionBrowseLeafList":{
            "ConditionBrowseLeaf":[
              {
                "ConditionBrowseLeafId":"M12918",
                "ConditionBrowseLeafName":"Prostatic Neoplasms",
                "ConditionBrowseLeafAsFound":"Prostate Cancer",
                "ConditionBrowseLeafRelevance":"high"
              },{
                "ConditionBrowseLeafId":"M19079",
                "ConditionBrowseLeafName":"Neuroendocrine Tumors",
                "ConditionBrowseLeafAsFound":"Neuroendocrine Tumors",
                "ConditionBrowseLeafRelevance":"high"
              },{
                "ConditionBrowseLeafId":"M7529",
                "ConditionBrowseLeafName":"Genital Neoplasms, Male",
                "ConditionBrowseLeafRelevance":"low"
              },{
                "ConditionBrowseLeafId":"M15898",
                "ConditionBrowseLeafName":"Urogenital Neoplasms",
                "ConditionBrowseLeafRelevance":"low"
              },{
                "ConditionBrowseLeafId":"M12916",
                "ConditionBrowseLeafName":"Prostatic Diseases",
                "ConditionBrowseLeafRelevance":"low"
              },{
                "ConditionBrowseLeafId":"M18428",
                "ConditionBrowseLeafName":"Neuroectodermal Tumors",
                "ConditionBrowseLeafRelevance":"low"
              },{
                "ConditionBrowseLeafId":"M18971",
                "ConditionBrowseLeafName":"Neuroectodermal Tumors, Primitive",
                "ConditionBrowseLeafRelevance":"low"
              },{
                "ConditionBrowseLeafId":"M10901",
                "ConditionBrowseLeafName":"Neoplasms, Germ Cell and Embryonal",
                "ConditionBrowseLeafRelevance":"low"
              },{
                "ConditionBrowseLeafId":"M10898",
                "ConditionBrowseLeafName":"Neoplasms by Histologic Type",
                "ConditionBrowseLeafRelevance":"low"
              },{
                "ConditionBrowseLeafId":"M10908",
                "ConditionBrowseLeafName":"Neoplasms, Nerve Tissue",
                "ConditionBrowseLeafRelevance":"low"
              },{
                "ConditionBrowseLeafId":"T4091",
                "ConditionBrowseLeafName":"Neuroendocrine Tumor",
                "ConditionBrowseLeafAsFound":"Neuroendocrine Tumors",
                "ConditionBrowseLeafRelevance":"high"
              },{
                "ConditionBrowseLeafId":"T4092",
                "ConditionBrowseLeafName":"Neuroepithelioma",
                "ConditionBrowseLeafRelevance":"low"
              }
            ]
          },
          "ConditionBrowseBranchList":{
            "ConditionBrowseBranch":[
              {
                "ConditionBrowseBranchAbbrev":"BC04",
                "ConditionBrowseBranchName":"Cancers and Other Neoplasms"
              },{
                "ConditionBrowseBranchAbbrev":"BXS",
                "ConditionBrowseBranchName":"Urinary Tract, Sexual Organs, and Pregnancy Conditions"
              },{
                "ConditionBrowseBranchAbbrev":"All",
                "ConditionBrowseBranchName":"All Conditions"
              },{
                "ConditionBrowseBranchAbbrev":"Rare",
                "ConditionBrowseBranchName":"Rare Diseases"
              }
            ]
          }
        },
        "InterventionBrowseModule":{
          "InterventionMeshList":{
            "InterventionMesh":[
              {
                "InterventionMeshId":"C000582435",
                "InterventionMeshTerm":"Pembrolizumab"
              },{
                "InterventionMeshId":"C000531958",
                "InterventionMeshTerm":"Lenvatinib"
              }
            ]
          },
          "InterventionAncestorList":{
            "InterventionAncestor":[
              {
                "InterventionAncestorId":"D000074322",
                "InterventionAncestorTerm":"Antineoplastic Agents, Immunological"
              },{
                "InterventionAncestorId":"D000000970",
                "InterventionAncestorTerm":"Antineoplastic Agents"
              },{
                "InterventionAncestorId":"D000047428",
                "InterventionAncestorTerm":"Protein Kinase Inhibitors"
              },{
                "InterventionAncestorId":"D000004791",
                "InterventionAncestorTerm":"Enzyme Inhibitors"
              },{
                "InterventionAncestorId":"D000045504",
                "InterventionAncestorTerm":"Molecular Mechanisms of Pharmacological Action"
              }
            ]
          },
          "InterventionBrowseLeafList":{
            "InterventionBrowseLeaf":[
              {
                "InterventionBrowseLeafId":"M262566",
                "InterventionBrowseLeafName":"Pembrolizumab",
                "InterventionBrowseLeafAsFound":"Protocol",
                "InterventionBrowseLeafRelevance":"high"
              },{
                "InterventionBrowseLeafId":"M245033",
                "InterventionBrowseLeafName":"Lenvatinib",
                "InterventionBrowseLeafAsFound":"Ovarian Cancer",
                "InterventionBrowseLeafRelevance":"high"
              },{
                "InterventionBrowseLeafId":"M1346",
                "InterventionBrowseLeafName":"Antineoplastic Agents, Immunological",
                "InterventionBrowseLeafRelevance":"low"
              },{
                "InterventionBrowseLeafId":"M24407",
                "InterventionBrowseLeafName":"Protein Kinase Inhibitors",
                "InterventionBrowseLeafRelevance":"low"
              }
            ]
          },
          "InterventionBrowseBranchList":{
            "InterventionBrowseBranch":[
              {
                "InterventionBrowseBranchAbbrev":"ANeo",
                "InterventionBrowseBranchName":"Antineoplastic Agents"
              },{
                "InterventionBrowseBranchAbbrev":"All",
                "InterventionBrowseBranchName":"All Drugs and Chemicals"
              }
            ]
          }
        }
      }
    }
  }
}

