{
  "FullStudy":{
    "Rank":188,
    "Study":{
      "ProtocolSection":{
        "IdentificationModule":{
          "NCTId":"NCT04847505",
          "OrgStudyIdInfo":{
            "OrgStudyId":"CIMS-2019-02"
          },
          "Organization":{
            "OrgFullName":"Centre de recherche du Centre hospitalier universitaire de Sherbrooke",
            "OrgClass":"OTHER"
          },
          "BriefTitle":"68Ga-DOTA-TATE PET/CT Imaging in NETs",
          "OfficialTitle":"Pragmatic Study on the Use of 68Ga-DOTA-TATE PET|CT Imaging as a Standard of Care to Influence Clinical Management"
        },
        "StatusModule":{
          "StatusVerifiedDate":"April 2021",
          "OverallStatus":"Recruiting",
          "ExpandedAccessInfo":{
            "HasExpandedAccess":"No"
          },
          "StartDateStruct":{
            "StartDate":"January 1, 2020",
            "StartDateType":"Actual"
          },
          "PrimaryCompletionDateStruct":{
            "PrimaryCompletionDate":"December 31, 2025",
            "PrimaryCompletionDateType":"Anticipated"
          },
          "CompletionDateStruct":{
            "CompletionDate":"December 31, 2025",
            "CompletionDateType":"Anticipated"
          },
          "StudyFirstSubmitDate":"April 8, 2021",
          "StudyFirstSubmitQCDate":"April 14, 2021",
          "StudyFirstPostDateStruct":{
            "StudyFirstPostDate":"April 19, 2021",
            "StudyFirstPostDateType":"Estimate"
          },
          "LastUpdateSubmitDate":"April 14, 2021",
          "LastUpdatePostDateStruct":{
            "LastUpdatePostDate":"April 19, 2021",
            "LastUpdatePostDateType":"Estimate"
          }
        },
        "SponsorCollaboratorsModule":{
          "ResponsibleParty":{
            "ResponsiblePartyType":"Principal Investigator",
            "ResponsiblePartyInvestigatorFullName":"Dr Éric E Turcotte, MD",
            "ResponsiblePartyInvestigatorTitle":"Head of the clinical research, CIMS, CHUS",
            "ResponsiblePartyInvestigatorAffiliation":"Centre de recherche du Centre hospitalier universitaire de Sherbrooke"
          },
          "LeadSponsor":{
            "LeadSponsorName":"Centre de recherche du Centre hospitalier universitaire de Sherbrooke",
            "LeadSponsorClass":"OTHER"
          },
          "CollaboratorList":{
            "Collaborator":[
              {
                "CollaboratorName":"Université de Sherbrooke",
                "CollaboratorClass":"OTHER"
              }
            ]
          }
        },
        "OversightModule":{
          "OversightHasDMC":"No",
          "IsFDARegulatedDrug":"Yes",
          "IsFDARegulatedDevice":"No",
          "IsUSExport":"Yes"
        },
        "DescriptionModule":{
          "BriefSummary":"This clinical trial is a pragmatic study aiming to evaluate the innocuity/safety profile of the PET radiotracer 68Ga-DOTA-TATE, and to establish the procedure as a routine standard-of-care diagnostic tool for all neuro-endocrine cancer patients. It is a single-center study, but with recruitment across all Canada. The trial is prospective, non-randomized, open-label and with no control group. The superiority of this procedure over the former standard-of-care (Octreoscan) was already established in previous and numerous studies across the world. As such, the current trial aims to gather data to further support the implementation of 68Ga-DOTA-TATE as the new standard-of-care for neuro-endocrine tumors (NET)."
        },
        "ConditionsModule":{
          "ConditionList":{
            "Condition":[
              "Neuroendocrine Tumors"
            ]
          },
          "KeywordList":{
            "Keyword":[
              "68Ga-DOTA-TATE",
              "PET imaging",
              "Pragmatic study",
              "Neuroendocrine tumors (NET)"
            ]
          }
        },
        "DesignModule":{
          "StudyType":"Interventional",
          "PhaseList":{
            "Phase":[
              "Phase 3"
            ]
          },
          "DesignInfo":{
            "DesignAllocation":"N/A",
            "DesignInterventionModel":"Single Group Assignment",
            "DesignInterventionModelDescription":"Neuroendocrine cancer patients, regardless of the primary tumor origin, are eligible. Recruitment is across all Canada but the examination is performed at the primary site of the study. The safety profile of the procedure will be assessed, and integration of 68Ga-DOTA-TATE will be integrated in the routine clinical practice.",
            "DesignPrimaryPurpose":"Diagnostic",
            "DesignMaskingInfo":{
              "DesignMasking":"None (Open Label)"
            }
          },
          "EnrollmentInfo":{
            "EnrollmentCount":"5000",
            "EnrollmentType":"Anticipated"
          }
        },
        "ArmsInterventionsModule":{
          "ArmGroupList":{
            "ArmGroup":[
              {
                "ArmGroupLabel":"Neuroendocrine cancer patients",
                "ArmGroupType":"Experimental",
                "ArmGroupDescription":"All neuroendocrine cancer patients referred by their physician and fulfilling the eligibility criteria across Canada can be recruited to the primary site of the study. Patients will be injected intravenously with 3 MBq/kg (maximum 370 MBq) of 68Ga-DOTA-TATE. 45-90 minutes following injection, patients will be imaged in a PET/CT scanner. Images will be analyzed by a trained nuclear medicine physician.\n\nSafety profile, eventual adverse effects, false positives, false negatives and any abnormal biodistribution of the radiotracer will be monitored and analysed.",
                "ArmGroupInterventionList":{
                  "ArmGroupInterventionName":[
                    "Diagnostic Test: 68Ga-DOTA-TATE"
                  ]
                }
              }
            ]
          },
          "InterventionList":{
            "Intervention":[
              {
                "InterventionType":"Diagnostic Test",
                "InterventionName":"68Ga-DOTA-TATE",
                "InterventionDescription":"The intervention consists of an intravenous injection of the radiopharmaceutical 68Ga-DOTA-TATE and a physiological saline flush, followed 45-90 minutes later by a PET/CT image acquisition.",
                "InterventionArmGroupLabelList":{
                  "InterventionArmGroupLabel":[
                    "Neuroendocrine cancer patients"
                  ]
                },
                "InterventionOtherNameList":{
                  "InterventionOtherName":[
                    "Netspot"
                  ]
                }
              }
            ]
          }
        },
        "OutcomesModule":{
          "PrimaryOutcomeList":{
            "PrimaryOutcome":[
              {
                "PrimaryOutcomeMeasure":"Safety profile of 68Ga-DOTA-TATE",
                "PrimaryOutcomeDescription":"Following the injection, the patient will be explicitly reminded of possible symptoms and undesirable events. The patient will be advised to inform the study personnel of the occurrence of any events, at the most opportune time. The patient will be instructed to call the local nuclear medicine study coordinator for any undesirable event that may occur for 48 hours after the PET/CT scan.\n\nSafety will be assessed by compiling all reported adverse events. Adverse events reported by patients or observed by the investigator will be recorded in the patients' CRFs, the AE database, and reported to the research manager.",
                "PrimaryOutcomeTimeFrame":"5 years"
              }
            ]
          },
          "SecondaryOutcomeList":{
            "SecondaryOutcome":[
              {
                "SecondaryOutcomeMeasure":"Generate clinical information on the impact of 68Ga-DOTA-TATE for NET patient management",
                "SecondaryOutcomeDescription":"Neuroendocrine tumors (NET) used to be difficult to diagnose early with conventional methods, but with the advent of new-generation Somatostatin Receptor radioligands such as 68Ga-DOTA-TATE precise and early detection is now frequent. This trial offers the opportunity to evaluate the impact of this state-of-the-art diagnostic procedure on the management of NET patients on a large, nation-wide cohort. As such, the research team will monitor the clinical gain of 68Ga-DOTA-TATE on the diagnostic and management of NETs compared to previous diagnostic methods.",
                "SecondaryOutcomeTimeFrame":"5 years"
              },{
                "SecondaryOutcomeMeasure":"Instigate the routine standard-of-care use of 68Ga-DOTA-TATE for NET patients",
                "SecondaryOutcomeDescription":"Clinical and scientific evidences showed that 68Ga-DOTA-TATE is vastly superior as a diagnostic tool than the current standard-of-care Octreoscan. As such, this trial aims to implement 68Ga-DOTA-TATE as the new standard-of-care for precision diagnostic of NETs. In order to do so, health policy agencies (most notably Health Canada) will be notified about the gains (or the flaws if any) of 68Ga-DOTA-TATE over the current standard-of-care (Octreoscan) for the precise diagnostic and follow-up of NETs that will be observed during the present study.",
                "SecondaryOutcomeTimeFrame":"5 years"
              }
            ]
          }
        },
        "EligibilityModule":{
          "EligibilityCriteria":"Inclusion Criteria:\n\nClinical requisition for a 68Ga-DOTA-TATE PET/CT signed by a referring doctor\nPatients with suspected or proven tumors expressing somatostatin receptors\nInformed consent by patient (or parents if patient is less than 18 years of age)\n\nExclusion Criteria:\n\n*Pregnancy (not an absolute exclusion). See below*.\nPatient refusal to participate.\n\nPrior severe anaphylactic reaction to DOTA-TATE or somatostatin analogs.\n\nIn the case of a diagnostic procedure in a patient who is or may be pregnant, the principle of benefits-disadvantages would be applied following an in-depth discussion with the treating physicians and the patient. In this context, any clinical situation in which the patient's life would be at stake by excluding her from the study would be considered. The conditions to decide whether to include the patient would be:\n\nSevere medical condition involving the life of the pregnant woman and/or the fetus;\nExisting treatments that are ineffective or may present toxicity to the woman and/or fetus;\nHigh clinical suspicion of a somatostatin receptor overexpressing tumour;\nNegative, indeterminate or contraindicated first-line imaging tests;\nTherapeutic gesture considered during pregnancy based on the results of the examination, which may include termination of pregnancy or premature delivery;\nDocumented discussion with the treating team and the patient;\nPatient agrees.",
          "HealthyVolunteers":"No",
          "Gender":"All",
          "StdAgeList":{
            "StdAge":[
              "Child",
              "Adult",
              "Older Adult"
            ]
          }
        },
        "ContactsLocationsModule":{
          "CentralContactList":{
            "CentralContact":[
              {
                "CentralContactName":"Stéphanie Dubreuil",
                "CentralContactRole":"Contact",
                "CentralContactPhone":"819-346-1110",
                "CentralContactPhoneExt":"16617",
                "CentralContactEMail":"Stephanie.Dubreuil2@usherbrooke.ca"
              }
            ]
          },
          "OverallOfficialList":{
            "OverallOfficial":[
              {
                "OverallOfficialName":"Éric E Turcotte, MD",
                "OverallOfficialAffiliation":"Centre de recherche du Centre hospitalier universitaire de Sherbrooke",
                "OverallOfficialRole":"Principal Investigator"
              }
            ]
          },
          "LocationList":{
            "Location":[
              {
                "LocationFacility":"CHUS",
                "LocationStatus":"Recruiting",
                "LocationCity":"Sherbrooke",
                "LocationState":"Quebec",
                "LocationZip":"J1H 5N4",
                "LocationCountry":"Canada",
                "LocationContactList":{
                  "LocationContact":[
                    {
                      "LocationContactName":"Stéphanie Dubreuil",
                      "LocationContactRole":"Contact",
                      "LocationContactPhone":"819-346-1110",
                      "LocationContactPhoneExt":"16617",
                      "LocationContactEMail":"Stephanie.Dubreuil2@Usherbrooke.ca"
                    },{
                      "LocationContactName":"Éric Turcotte, MD",
                      "LocationContactRole":"Principal Investigator"
                    }
                  ]
                }
              }
            ]
          }
        }
      },
      "DerivedSection":{
        "MiscInfoModule":{
          "VersionHolder":"April 19, 2021"
        },
        "ConditionBrowseModule":{
          "ConditionMeshList":{
            "ConditionMesh":[
              {
                "ConditionMeshId":"D000018358",
                "ConditionMeshTerm":"Neuroendocrine Tumors"
              }
            ]
          },
          "ConditionAncestorList":{
            "ConditionAncestor":[
              {
                "ConditionAncestorId":"D000017599",
                "ConditionAncestorTerm":"Neuroectodermal Tumors"
              },{
                "ConditionAncestorId":"D000009373",
                "ConditionAncestorTerm":"Neoplasms, Germ Cell and Embryonal"
              },{
                "ConditionAncestorId":"D000009370",
                "ConditionAncestorTerm":"Neoplasms by Histologic Type"
              },{
                "ConditionAncestorId":"D000009369",
                "ConditionAncestorTerm":"Neoplasms"
              },{
                "ConditionAncestorId":"D000009380",
                "ConditionAncestorTerm":"Neoplasms, Nerve Tissue"
              }
            ]
          },
          "ConditionBrowseLeafList":{
            "ConditionBrowseLeaf":[
              {
                "ConditionBrowseLeafId":"M19079",
                "ConditionBrowseLeafName":"Neuroendocrine Tumors",
                "ConditionBrowseLeafAsFound":"Neuroendocrine Tumors",
                "ConditionBrowseLeafRelevance":"high"
              },{
                "ConditionBrowseLeafId":"M18428",
                "ConditionBrowseLeafName":"Neuroectodermal Tumors",
                "ConditionBrowseLeafRelevance":"low"
              },{
                "ConditionBrowseLeafId":"M18971",
                "ConditionBrowseLeafName":"Neuroectodermal Tumors, Primitive",
                "ConditionBrowseLeafRelevance":"low"
              },{
                "ConditionBrowseLeafId":"M10901",
                "ConditionBrowseLeafName":"Neoplasms, Germ Cell and Embryonal",
                "ConditionBrowseLeafRelevance":"low"
              },{
                "ConditionBrowseLeafId":"M10898",
                "ConditionBrowseLeafName":"Neoplasms by Histologic Type",
                "ConditionBrowseLeafRelevance":"low"
              },{
                "ConditionBrowseLeafId":"M10908",
                "ConditionBrowseLeafName":"Neoplasms, Nerve Tissue",
                "ConditionBrowseLeafRelevance":"low"
              },{
                "ConditionBrowseLeafId":"T4091",
                "ConditionBrowseLeafName":"Neuroendocrine Tumor",
                "ConditionBrowseLeafAsFound":"Neuroendocrine Tumors",
                "ConditionBrowseLeafRelevance":"high"
              },{
                "ConditionBrowseLeafId":"T4092",
                "ConditionBrowseLeafName":"Neuroepithelioma",
                "ConditionBrowseLeafRelevance":"low"
              }
            ]
          },
          "ConditionBrowseBranchList":{
            "ConditionBrowseBranch":[
              {
                "ConditionBrowseBranchAbbrev":"BC04",
                "ConditionBrowseBranchName":"Cancers and Other Neoplasms"
              },{
                "ConditionBrowseBranchAbbrev":"All",
                "ConditionBrowseBranchName":"All Conditions"
              },{
                "ConditionBrowseBranchAbbrev":"Rare",
                "ConditionBrowseBranchName":"Rare Diseases"
              }
            ]
          }
        },
        "InterventionBrowseModule":{
          "InterventionBrowseLeafList":{
            "InterventionBrowseLeaf":[
              {
                "InterventionBrowseLeafId":"M19842",
                "InterventionBrowseLeafName":"Radiopharmaceuticals",
                "InterventionBrowseLeafRelevance":"low"
              }
            ]
          },
          "InterventionBrowseBranchList":{
            "InterventionBrowseBranch":[
              {
                "InterventionBrowseBranchAbbrev":"All",
                "InterventionBrowseBranchName":"All Drugs and Chemicals"
              }
            ]
          }
        }
      }
    }
  }
}

