{
  "FullStudy":{
    "Rank":698,
    "Study":{
      "ProtocolSection":{
        "IdentificationModule":{
          "NCTId":"NCT04840875",
          "OrgStudyIdInfo":{
            "OrgStudyId":"BRYY-IIT-LCYJ-2021-004"
          },
          "Organization":{
            "OrgFullName":"Beijing Boren Hospital",
            "OrgClass":"OTHER"
          },
          "BriefTitle":"Phase I Clinical Trial of Autologous CD7-CAR T Cells in the Treatment of High-risk Acute T-cell Leukemia / Lymphoma",
          "OfficialTitle":"Phase I Clinical Trial of Autologous CD7-CAR T Cells in the Treatment of High-risk Acute T-cell Leukemia / Lymphoma"
        },
        "StatusModule":{
          "StatusVerifiedDate":"April 2021",
          "OverallStatus":"Recruiting",
          "ExpandedAccessInfo":{
            "HasExpandedAccess":"No"
          },
          "StartDateStruct":{
            "StartDate":"April 20, 2021",
            "StartDateType":"Anticipated"
          },
          "PrimaryCompletionDateStruct":{
            "PrimaryCompletionDate":"April 20, 2022",
            "PrimaryCompletionDateType":"Anticipated"
          },
          "CompletionDateStruct":{
            "CompletionDate":"April 20, 2025",
            "CompletionDateType":"Anticipated"
          },
          "StudyFirstSubmitDate":"April 8, 2021",
          "StudyFirstSubmitQCDate":"April 8, 2021",
          "StudyFirstPostDateStruct":{
            "StudyFirstPostDate":"April 12, 2021",
            "StudyFirstPostDateType":"Actual"
          },
          "LastUpdateSubmitDate":"April 8, 2021",
          "LastUpdatePostDateStruct":{
            "LastUpdatePostDate":"April 12, 2021",
            "LastUpdatePostDateType":"Actual"
          }
        },
        "SponsorCollaboratorsModule":{
          "ResponsibleParty":{
            "ResponsiblePartyType":"Sponsor"
          },
          "LeadSponsor":{
            "LeadSponsorName":"Beijing Boren Hospital",
            "LeadSponsorClass":"OTHER"
          }
        },
        "OversightModule":{
          "IsFDARegulatedDrug":"No",
          "IsFDARegulatedDevice":"No"
        },
        "DescriptionModule":{
          "BriefSummary":"This is a phase 1 clinical trial of autologous CD7-CAR T cells in the treatment of high-risk acute T-cell leukemia / lymphoma. Twenty subjects will be enrolled. Subjects will be pretreated with chemotherapy prior to infusion of CAR T cells: about 3 days before cells transfusion, the patients who planned to reinfuse CAR T cells were treated with fluorodarabine 30 mg/m2( body surface area) and cyclophosphamide 250 mg/m2( body surface area) for 3 days. Then this study will be using a 3+3 dose escalation approach from dose 1 (DL-1): 5×105 (±20%) to dose 2 (dl-2): 1×106 (±20%). Below the lowest dose was reinfused at the PI's discretion."
        },
        "ConditionsModule":{
          "ConditionList":{
            "Condition":[
              "T Cell Lymphoma",
              "T-cell Leukemia"
            ]
          }
        },
        "DesignModule":{
          "StudyType":"Interventional",
          "PhaseList":{
            "Phase":[
              "Phase 1"
            ]
          },
          "DesignInfo":{
            "DesignAllocation":"N/A",
            "DesignInterventionModel":"Single Group Assignment",
            "DesignPrimaryPurpose":"Treatment",
            "DesignMaskingInfo":{
              "DesignMasking":"None (Open Label)"
            }
          },
          "EnrollmentInfo":{
            "EnrollmentCount":"20",
            "EnrollmentType":"Anticipated"
          }
        },
        "ArmsInterventionsModule":{
          "ArmGroupList":{
            "ArmGroup":[
              {
                "ArmGroupLabel":"chimeric antigen receptor T cell treatment",
                "ArmGroupType":"Experimental",
                "ArmGroupInterventionList":{
                  "ArmGroupInterventionName":[
                    "Biological: chimeric antigen receptor T cell treatment"
                  ]
                }
              }
            ]
          },
          "InterventionList":{
            "Intervention":[
              {
                "InterventionType":"Biological",
                "InterventionName":"chimeric antigen receptor T cell treatment",
                "InterventionDescription":"Subjects will be pretreated with chemotherapy prior to infusion of CAR T cells: about 3 days before cells transfusion, the patients who planned to reinfuse CAR T cells were treated with fluorodarabine 30 mg/m2( body surface area) and cyclophosphamide 250 mg/m2( body surface area) for 3 days. Then this study will be using a 3+3 dose escalation approach from dose 1 (DL-1): 5×105 (±20%) to dose 2 (dl-2): 1×106 (±20%). Below the lowest dose was reinfused at the PI's discretion.",
                "InterventionArmGroupLabelList":{
                  "InterventionArmGroupLabel":[
                    "chimeric antigen receptor T cell treatment"
                  ]
                }
              }
            ]
          }
        },
        "OutcomesModule":{
          "PrimaryOutcomeList":{
            "PrimaryOutcome":[
              {
                "PrimaryOutcomeMeasure":"CR rate",
                "PrimaryOutcomeDescription":"The complete remission(CR) rate to the CAR-T treatment",
                "PrimaryOutcomeTimeFrame":"Time Frame: 1 month"
              }
            ]
          }
        },
        "EligibilityModule":{
          "EligibilityCriteria":"Inclusion Criteria:\n\nIn order to be eligible to participate in this study, an individual must meet all of the following criteria:\n\nDiagnosed as a high-risk acute T-cell leukemia / lymphoma patient with complete remission within 3 months and persistent positive of minimal residual disease, expressing tumor surface antigen CD7\nMale or female, aged 0-70 years\nNo serious allergic constitution\nEastern Cooperative Oncology Group (ECOG) performance status (Oken et al., 1982) score 0 to 2\nHave life expectancy of at least 60 days based on investigator's judgement\nCD7 positive in bone marrow or peripheral blood or immunohistochemistry\nCandidates aged 8-70 years need to be sufficiently conscious and able to sign the treatment consent form and voluntary consent form. And Pediatric patients under 8 years old could be recruited after signing an informed consent form by a legal surrogate (Guardian)\nMinimal residual disease was positive after chemotherapy and there were contraindications of allogeneic hematopoietic stem cell transplantation.\n\nExclusion Criteria:\n\nAn individual who meets any of the following criteria will be excluded from participation in this study:\n\nIntracranial hypertension or disorder of consciousness\nSymptomatic heart failure or severe arrhythmia\nSymptoms of severe respiratory failure\nComplicated with other types of malignant tumors\nDiffuse intravascular coagulation\nSerum creatinine and / or blood urea nitrogen ≥ 1.5 times of the normal value\nSuffering from septicemia or other uncontrollable infections\nPatients with uncontrollable diabetes\nSevere mental disorders\nObvious and active intracranial lesions were detected by cranial magnetic resonance imaging (MRI)\nHave received organ transplantation (excluding hematopoietic stem cell transplantation);\nReproductive-aged female patients with positive blood HCG test\nScreened to be positive of infection of hepatitis (including hepatitis B and C), AIDS or syphilis",
          "HealthyVolunteers":"No",
          "Gender":"All",
          "MaximumAge":"70 Years",
          "StdAgeList":{
            "StdAge":[
              "Child",
              "Adult",
              "Older Adult"
            ]
          }
        },
        "ContactsLocationsModule":{
          "CentralContactList":{
            "CentralContact":[
              {
                "CentralContactName":"Jing Pan",
                "CentralContactRole":"Contact",
                "CentralContactPhone":"+8618911067969",
                "CentralContactEMail":"panj@borenhospital.com"
              }
            ]
          },
          "LocationList":{
            "Location":[
              {
                "LocationFacility":"Beijing Boren Hospital",
                "LocationStatus":"Recruiting",
                "LocationCity":"Beijing",
                "LocationState":"Beijing",
                "LocationZip":"100000",
                "LocationCountry":"China",
                "LocationContactList":{
                  "LocationContact":[
                    {
                      "LocationContactName":"Jing Pan, Master",
                      "LocationContactRole":"Contact",
                      "LocationContactPhone":"+8618911067969",
                      "LocationContactEMail":"panj@borenhospital.com"
                    }
                  ]
                }
              }
            ]
          }
        },
        "IPDSharingStatementModule":{
          "IPDSharing":"No"
        }
      },
      "DerivedSection":{
        "MiscInfoModule":{
          "VersionHolder":"April 19, 2021"
        },
        "ConditionBrowseModule":{
          "ConditionMeshList":{
            "ConditionMesh":[
              {
                "ConditionMeshId":"D000008223",
                "ConditionMeshTerm":"Lymphoma"
              },{
                "ConditionMeshId":"D000007938",
                "ConditionMeshTerm":"Leukemia"
              },{
                "ConditionMeshId":"D000015458",
                "ConditionMeshTerm":"Leukemia, T-Cell"
              },{
                "ConditionMeshId":"D000054218",
                "ConditionMeshTerm":"Precursor T-Cell Lymphoblastic Leukemia-Lymphoma"
              }
            ]
          },
          "ConditionAncestorList":{
            "ConditionAncestor":[
              {
                "ConditionAncestorId":"D000009370",
                "ConditionAncestorTerm":"Neoplasms by Histologic Type"
              },{
                "ConditionAncestorId":"D000009369",
                "ConditionAncestorTerm":"Neoplasms"
              },{
                "ConditionAncestorId":"D000008232",
                "ConditionAncestorTerm":"Lymphoproliferative Disorders"
              },{
                "ConditionAncestorId":"D000008206",
                "ConditionAncestorTerm":"Lymphatic Diseases"
              },{
                "ConditionAncestorId":"D000007160",
                "ConditionAncestorTerm":"Immunoproliferative Disorders"
              },{
                "ConditionAncestorId":"D000007154",
                "ConditionAncestorTerm":"Immune System Diseases"
              },{
                "ConditionAncestorId":"D000007945",
                "ConditionAncestorTerm":"Leukemia, Lymphoid"
              },{
                "ConditionAncestorId":"D000054198",
                "ConditionAncestorTerm":"Precursor Cell Lymphoblastic Leukemia-Lymphoma"
              }
            ]
          },
          "ConditionBrowseLeafList":{
            "ConditionBrowseLeaf":[
              {
                "ConditionBrowseLeafId":"M9528",
                "ConditionBrowseLeafName":"Leukemia",
                "ConditionBrowseLeafAsFound":"Leukemia",
                "ConditionBrowseLeafRelevance":"high"
              },{
                "ConditionBrowseLeafId":"M9803",
                "ConditionBrowseLeafName":"Lymphoma",
                "ConditionBrowseLeafAsFound":"Lymphoma",
                "ConditionBrowseLeafRelevance":"high"
              },{
                "ConditionBrowseLeafId":"M17412",
                "ConditionBrowseLeafName":"Lymphoma, T-Cell",
                "ConditionBrowseLeafRelevance":"low"
              },{
                "ConditionBrowseLeafId":"M16702",
                "ConditionBrowseLeafName":"Leukemia, T-Cell",
                "ConditionBrowseLeafAsFound":"T-cell leukemia",
                "ConditionBrowseLeafRelevance":"high"
              },{
                "ConditionBrowseLeafId":"M26174",
                "ConditionBrowseLeafName":"Precursor T-Cell Lymphoblastic Leukemia-Lymphoma",
                "ConditionBrowseLeafAsFound":"Acute T Cell Leukemia",
                "ConditionBrowseLeafRelevance":"high"
              },{
                "ConditionBrowseLeafId":"M9534",
                "ConditionBrowseLeafName":"Leukemia, Lymphoid",
                "ConditionBrowseLeafRelevance":"low"
              },{
                "ConditionBrowseLeafId":"M26172",
                "ConditionBrowseLeafName":"Precursor Cell Lymphoblastic Leukemia-Lymphoma",
                "ConditionBrowseLeafRelevance":"low"
              },{
                "ConditionBrowseLeafId":"M10898",
                "ConditionBrowseLeafName":"Neoplasms by Histologic Type",
                "ConditionBrowseLeafRelevance":"low"
              },{
                "ConditionBrowseLeafId":"M9808",
                "ConditionBrowseLeafName":"Lymphoproliferative Disorders",
                "ConditionBrowseLeafRelevance":"low"
              },{
                "ConditionBrowseLeafId":"M9786",
                "ConditionBrowseLeafName":"Lymphatic Diseases",
                "ConditionBrowseLeafRelevance":"low"
              },{
                "ConditionBrowseLeafId":"M8789",
                "ConditionBrowseLeafName":"Immunoproliferative Disorders",
                "ConditionBrowseLeafRelevance":"low"
              },{
                "ConditionBrowseLeafId":"M8783",
                "ConditionBrowseLeafName":"Immune System Diseases",
                "ConditionBrowseLeafRelevance":"low"
              },{
                "ConditionBrowseLeafId":"T3543",
                "ConditionBrowseLeafName":"Lymphosarcoma",
                "ConditionBrowseLeafAsFound":"Lymphoma",
                "ConditionBrowseLeafRelevance":"high"
              },{
                "ConditionBrowseLeafId":"T3393",
                "ConditionBrowseLeafName":"Leukemia, T-cell, Chronic",
                "ConditionBrowseLeafAsFound":"T-cell leukemia",
                "ConditionBrowseLeafRelevance":"high"
              },{
                "ConditionBrowseLeafId":"T175",
                "ConditionBrowseLeafName":"Acute Lymphoblastic Leukemia",
                "ConditionBrowseLeafRelevance":"low"
              },{
                "ConditionBrowseLeafId":"T3533",
                "ConditionBrowseLeafName":"Lymphoblastic Lymphoma",
                "ConditionBrowseLeafRelevance":"low"
              }
            ]
          },
          "ConditionBrowseBranchList":{
            "ConditionBrowseBranch":[
              {
                "ConditionBrowseBranchAbbrev":"BC04",
                "ConditionBrowseBranchName":"Cancers and Other Neoplasms"
              },{
                "ConditionBrowseBranchAbbrev":"All",
                "ConditionBrowseBranchName":"All Conditions"
              },{
                "ConditionBrowseBranchAbbrev":"BC15",
                "ConditionBrowseBranchName":"Blood and Lymph Conditions"
              },{
                "ConditionBrowseBranchAbbrev":"BC20",
                "ConditionBrowseBranchName":"Immune System Diseases"
              },{
                "ConditionBrowseBranchAbbrev":"Rare",
                "ConditionBrowseBranchName":"Rare Diseases"
              }
            ]
          }
        },
        "InterventionBrowseModule":{
          "InterventionBrowseLeafList":{
            "InterventionBrowseLeaf":[
              {
                "InterventionBrowseLeafId":"M5310",
                "InterventionBrowseLeafName":"Cyclophosphamide",
                "InterventionBrowseLeafRelevance":"low"
              }
            ]
          },
          "InterventionBrowseBranchList":{
            "InterventionBrowseBranch":[
              {
                "InterventionBrowseBranchAbbrev":"ANeo",
                "InterventionBrowseBranchName":"Antineoplastic Agents"
              },{
                "InterventionBrowseBranchAbbrev":"ARhu",
                "InterventionBrowseBranchName":"Antirheumatic Agents"
              },{
                "InterventionBrowseBranchAbbrev":"All",
                "InterventionBrowseBranchName":"All Drugs and Chemicals"
              }
            ]
          }
        }
      }
    }
  }
}

