{
  "FullStudy":{
    "Rank":28,
    "Study":{
      "ProtocolSection":{
        "IdentificationModule":{
          "NCTId":"NCT04849585",
          "OrgStudyIdInfo":{
            "OrgStudyId":"RIPH_2020_11"
          },
          "Organization":{
            "OrgFullName":"Tourcoing Hospital",
            "OrgClass":"OTHER"
          },
          "BriefTitle":"Evaluation of the Impact of Hospitalization in Intensive Care for COVID-19 Infection",
          "OfficialTitle":"Evaluation of the Impact of Hospitalization in Intensive Care for COVID-19 Infection",
          "Acronym":"POSTREACOVID"
        },
        "StatusModule":{
          "StatusVerifiedDate":"February 2021",
          "OverallStatus":"Recruiting",
          "ExpandedAccessInfo":{
            "HasExpandedAccess":"No"
          },
          "StartDateStruct":{
            "StartDate":"April 2021",
            "StartDateType":"Anticipated"
          },
          "PrimaryCompletionDateStruct":{
            "PrimaryCompletionDate":"August 2021",
            "PrimaryCompletionDateType":"Anticipated"
          },
          "CompletionDateStruct":{
            "CompletionDate":"August 2021",
            "CompletionDateType":"Anticipated"
          },
          "StudyFirstSubmitDate":"February 23, 2021",
          "StudyFirstSubmitQCDate":"April 14, 2021",
          "StudyFirstPostDateStruct":{
            "StudyFirstPostDate":"April 19, 2021",
            "StudyFirstPostDateType":"Estimate"
          },
          "LastUpdateSubmitDate":"April 14, 2021",
          "LastUpdatePostDateStruct":{
            "LastUpdatePostDate":"April 19, 2021",
            "LastUpdatePostDateType":"Estimate"
          }
        },
        "SponsorCollaboratorsModule":{
          "ResponsibleParty":{
            "ResponsiblePartyType":"Sponsor"
          },
          "LeadSponsor":{
            "LeadSponsorName":"Tourcoing Hospital",
            "LeadSponsorClass":"OTHER"
          }
        },
        "OversightModule":{
          "OversightHasDMC":"No",
          "IsFDARegulatedDrug":"No",
          "IsFDARegulatedDevice":"No"
        },
        "DescriptionModule":{
          "BriefSummary":"To evaluate the psychological, physical, social, professional and family impact of a hospitalization in intensive care for a covid 19 by analysis of the verbatim during a semi-structured interview."
        },
        "ConditionsModule":{
          "ConditionList":{
            "Condition":[
              "Covid19"
            ]
          }
        },
        "DesignModule":{
          "StudyType":"Observational",
          "PatientRegistry":"No",
          "DesignInfo":{
            "DesignObservationalModelList":{
              "DesignObservationalModel":[
                "Cohort"
              ]
            },
            "DesignTimePerspectiveList":{
              "DesignTimePerspective":[
                "Prospective"
              ]
            }
          },
          "EnrollmentInfo":{
            "EnrollmentCount":"40",
            "EnrollmentType":"Anticipated"
          }
        },
        "ArmsInterventionsModule":{
          "InterventionList":{
            "Intervention":[
              {
                "InterventionType":"Other",
                "InterventionName":"semi-directed entretien",
                "InterventionDescription":"semi-directed entretien"
              }
            ]
          }
        },
        "OutcomesModule":{
          "PrimaryOutcomeList":{
            "PrimaryOutcome":[
              {
                "PrimaryOutcomeMeasure":"Psychological impact of hospitalization in intensive care for a covid 19.",
                "PrimaryOutcomeDescription":"Frequency of recurring nightmares, irritability and anxious patient",
                "PrimaryOutcomeTimeFrame":"At day 1"
              },{
                "PrimaryOutcomeMeasure":"Physical impact of hospitalization in intensive care for a covid 19.",
                "PrimaryOutcomeDescription":"Frequency of Handicap and resumption of professional and personal activities",
                "PrimaryOutcomeTimeFrame":"At day 1"
              }
            ]
          }
        },
        "EligibilityModule":{
          "EligibilityCriteria":"Inclusion Criteria:\n\nAll patients hospitalized in intensive care at CH Dron for a COVID 19 who have given their agreement during their follow-up consultation\n\nExclusion Criteria:\n\nMinor patient\nPatient does not speak French\nRefusal to participate",
          "Gender":"All",
          "MinimumAge":"18 Years",
          "StdAgeList":{
            "StdAge":[
              "Adult",
              "Older Adult"
            ]
          },
          "StudyPopulation":"Patients hospitalized in intensive care at CH Dron for a COVID 19",
          "SamplingMethod":"Non-Probability Sample"
        },
        "ContactsLocationsModule":{
          "CentralContactList":{
            "CentralContact":[
              {
                "CentralContactName":"Pauline THILL, MD",
                "CentralContactRole":"Contact",
                "CentralContactPhone":"0320694949",
                "CentralContactEMail":"pthill@ch-tourcoing.fr"
              },{
                "CentralContactName":"Solange TREHOUX, PhD",
                "CentralContactRole":"Contact",
                "CentralContactPhone":"0320694280",
                "CentralContactEMail":"strehoux@ch-tourcoing.fr"
              }
            ]
          },
          "OverallOfficialList":{
            "OverallOfficial":[
              {
                "OverallOfficialName":"Pauline THILL, MD",
                "OverallOfficialAffiliation":"CH Tourcoing",
                "OverallOfficialRole":"Principal Investigator"
              }
            ]
          },
          "LocationList":{
            "Location":[
              {
                "LocationFacility":"CH Tourcoing",
                "LocationStatus":"Recruiting",
                "LocationCity":"Tourcoing",
                "LocationCountry":"France",
                "LocationContactList":{
                  "LocationContact":[
                    {
                      "LocationContactName":"Pauline THILL",
                      "LocationContactRole":"Contact"
                    }
                  ]
                }
              }
            ]
          }
        }
      },
      "DerivedSection":{
        "MiscInfoModule":{
          "VersionHolder":"April 19, 2021"
        },
        "ConditionBrowseModule":{
          "ConditionMeshList":{
            "ConditionMesh":[
              {
                "ConditionMeshId":"D000007239",
                "ConditionMeshTerm":"Infection"
              }
            ]
          },
          "ConditionBrowseLeafList":{
            "ConditionBrowseLeaf":[
              {
                "ConditionBrowseLeafId":"M8866",
                "ConditionBrowseLeafName":"Infection",
                "ConditionBrowseLeafAsFound":"Infection",
                "ConditionBrowseLeafRelevance":"high"
              },{
                "ConditionBrowseLeafId":"M4951",
                "ConditionBrowseLeafName":"Communicable Diseases",
                "ConditionBrowseLeafRelevance":"low"
              }
            ]
          },
          "ConditionBrowseBranchList":{
            "ConditionBrowseBranch":[
              {
                "ConditionBrowseBranchAbbrev":"BC01",
                "ConditionBrowseBranchName":"Bacterial and Fungal Diseases"
              },{
                "ConditionBrowseBranchAbbrev":"All",
                "ConditionBrowseBranchName":"All Conditions"
              }
            ]
          }
        }
      }
    }
  }
}

