{
  "FullStudy":{
    "Rank":324,
    "Study":{
      "ProtocolSection":{
        "IdentificationModule":{
          "NCTId":"NCT04845737",
          "OrgStudyIdInfo":{
            "OrgStudyId":"AIBU-FTR-EY-03"
          },
          "Organization":{
            "OrgFullName":"Abant Izzet Baysal University",
            "OrgClass":"OTHER"
          },
          "BriefTitle":"Electrophysiological Findings in Fibromyalgia Patients",
          "OfficialTitle":"Evaluation of the Relationship Between Electrophysiological Findings With Vitamin D Levels and Inflammatory Parameters in Fibromyalgia Patients"
        },
        "StatusModule":{
          "StatusVerifiedDate":"April 2021",
          "OverallStatus":"Not yet recruiting",
          "ExpandedAccessInfo":{
            "HasExpandedAccess":"No"
          },
          "StartDateStruct":{
            "StartDate":"April 20, 2021",
            "StartDateType":"Anticipated"
          },
          "PrimaryCompletionDateStruct":{
            "PrimaryCompletionDate":"October 20, 2021",
            "PrimaryCompletionDateType":"Anticipated"
          },
          "CompletionDateStruct":{
            "CompletionDate":"November 20, 2021",
            "CompletionDateType":"Anticipated"
          },
          "StudyFirstSubmitDate":"March 17, 2021",
          "StudyFirstSubmitQCDate":"April 12, 2021",
          "StudyFirstPostDateStruct":{
            "StudyFirstPostDate":"April 15, 2021",
            "StudyFirstPostDateType":"Actual"
          },
          "LastUpdateSubmitDate":"April 12, 2021",
          "LastUpdatePostDateStruct":{
            "LastUpdatePostDate":"April 15, 2021",
            "LastUpdatePostDateType":"Actual"
          }
        },
        "SponsorCollaboratorsModule":{
          "ResponsibleParty":{
            "ResponsiblePartyType":"Principal Investigator",
            "ResponsiblePartyInvestigatorFullName":"Elif yaksi",
            "ResponsiblePartyInvestigatorTitle":"MD",
            "ResponsiblePartyInvestigatorAffiliation":"Abant Izzet Baysal University"
          },
          "LeadSponsor":{
            "LeadSponsorName":"Abant Izzet Baysal University",
            "LeadSponsorClass":"OTHER"
          }
        },
        "OversightModule":{
          "OversightHasDMC":"No",
          "IsFDARegulatedDrug":"No",
          "IsFDARegulatedDevice":"No"
        },
        "DescriptionModule":{
          "BriefSummary":"Fibromyalgia Syndrome (FMS); It is a chronic condition characterized by widespread body pain, sleep disturbance, fatigue, impaired cognitive functions, and anxiety (1). FMS; chronic fatigue syndrome, interstitial cystitis, irritable bowel syndrome, temperomandibular joint dysfunction, myofascial pain, functional dyspepsia, restless leg syndrome and posttraumatic stress disorder are among central sensitization syndromes (2,3).",
          "DetailedDescription":"Etiology and pathogenesis in fibromyalgia have not been fully elucidated. Many mechanisms contribute to the formation of FMS. Many evidence has been found for dysfunction of the central and autonomic nervous system, immune system, cytokines, neurotransmitters and hormones, which are thought to play a role in the disease.\n\nSince increasing systemic inflammation is thought to have a role in the etiopathogenesis of FMS, there are increasing numbers of studies focusing on this aspect of fibromyalgia.\n\nNeutrophil / lymphocyte ratio (NLR) and platelet / lymphocyte ratio (PLR) in peripheral blood are simple markers of systemic inflammatory response.\n\nAnother factor thought to have a role in etiopathogenesis is autonomic nervous system dysfunction. It has been found that there is autonomic dysfunction in the sympathetic nervous system in patients with FMS. Sympathetic skin response measurements are frequently used electrophysiological methods to evaluate the functionality of the sympathetic nervous system, which is a component of the autonomic nervous system.\n\nIn addition, vitamin D deficiency is common in FMS patients. In a study, inadequate vitamin D levels were found in 45% of fibromyalgia patients.\n\nWhen a literature review is performed, it is seen that electrophysiological studies are performed to evaluate autonomic dysfunction in patients with fibromyalgia. No studies were found showing the relationship between vitamin D levels and inflammatory parameters in patients with fibromyalgia and electrophysiological findings. In our study, it was aimed to compare the autonomic dysfunction of fibromyalgia patients with healthy volunteers by electrophysiological evaluation and to investigate the relationship between vitamin D levels and inflammatory parameters in fibromyalgia patients and the data obtained from electrophysiological studies. In this way, we aimed to contribute to a better understanding of the physiopathology of fibromyalgia patients with autonomic dysfunction."
        },
        "ConditionsModule":{
          "ConditionList":{
            "Condition":[
              "Fibromyalgia"
            ]
          },
          "KeywordList":{
            "Keyword":[
              "sympathetic skin response",
              "inflammatory parameters",
              "autonomic dysfunction",
              "autonomic nervous system"
            ]
          }
        },
        "DesignModule":{
          "StudyType":"Interventional",
          "PhaseList":{
            "Phase":[
              "Not Applicable"
            ]
          },
          "DesignInfo":{
            "DesignAllocation":"Non-Randomized",
            "DesignInterventionModel":"Parallel Assignment",
            "DesignInterventionModelDescription":"We have two groups.First group is fibromyalgia patient and second group is healty control.",
            "DesignPrimaryPurpose":"Other",
            "DesignMaskingInfo":{
              "DesignMasking":"None (Open Label)"
            }
          },
          "EnrollmentInfo":{
            "EnrollmentCount":"120",
            "EnrollmentType":"Anticipated"
          }
        },
        "ArmsInterventionsModule":{
          "ArmGroupList":{
            "ArmGroup":[
              {
                "ArmGroupLabel":"Fibromyalgia patient group",
                "ArmGroupType":"Other",
                "ArmGroupDescription":"Sympathetic skin response measurements will be made in patients who meet the diagnosis criteria of fibromyalgia. Vitamin D levels will be measured and hemogram values will be checked in these patients.",
                "ArmGroupInterventionList":{
                  "ArmGroupInterventionName":[
                    "Other: sympathetic skin response measurement"
                  ]
                }
              },{
                "ArmGroupLabel":"Control Group",
                "ArmGroupType":"Other",
                "ArmGroupDescription":"The participant in this group will be chosen from healthy volunteers. Sympathetic skin response will be measured of the participants. Vitamin D levels and hemogram values will be recorded.",
                "ArmGroupInterventionList":{
                  "ArmGroupInterventionName":[
                    "Other: sympathetic skin response measurement"
                  ]
                }
              }
            ]
          },
          "InterventionList":{
            "Intervention":[
              {
                "InterventionType":"Other",
                "InterventionName":"sympathetic skin response measurement",
                "InterventionDescription":"Sympathetic skin response(SSR) was studied with upper and lower extremity hand and foot recording of all participants, and amplitude and latency values will be recorded. SSR measurement will be made at room temperature of 25 ºC, while the patients are resting in the supine position. 6 mm silver disc electrodes will be used as the recording electrode.\n\nThe relationship between the patients' vitamin D levels and inflammatory response markers and their sympathetic skin responses will be investigated by statistical analysis.",
                "InterventionArmGroupLabelList":{
                  "InterventionArmGroupLabel":[
                    "Control Group",
                    "Fibromyalgia patient group"
                  ]
                },
                "InterventionOtherNameList":{
                  "InterventionOtherName":[
                    "measurement of vitamin d levels and hemogram evaluation"
                  ]
                }
              }
            ]
          }
        },
        "OutcomesModule":{
          "PrimaryOutcomeList":{
            "PrimaryOutcome":[
              {
                "PrimaryOutcomeMeasure":"Sympathetic Skin Response",
                "PrimaryOutcomeDescription":"Sympathetic Skin Response (SSR) measurement will be made at room temperature of 25 ºC, while the patients are resting in the supine position.For upper extremity SSR evaluation, the active (-) electrode will be placed in the palmar area, the reference electrode (+) in the dorsum of the hand, and the ground electrode in the forearm. Similarly, in the lower extremity, the active electrode will be placed on the sole of the foot and the reference electrode will be placed on the back of the foot. The same side median nerve will be stimulated from the second finger, and the SSR obtained from the right upper and lower extremities will be evaluated. The duration of the warning will be adjusted to be 0.1 ms and the intensity of the warning to be 15-20 mA. In order to prevent habituation, warnings will be given at different intervals and with> 30 seconds between warning. A maximum of 5 unilateral stimulation will be applied to each patient.",
                "PrimaryOutcomeTimeFrame":"10 minutes"
              }
            ]
          },
          "SecondaryOutcomeList":{
            "SecondaryOutcome":[
              {
                "SecondaryOutcomeMeasure":"Visual analogue scale",
                "SecondaryOutcomeDescription":"It is used to convert some values that cannot be measured numerically into numerical ones. Two end definitions of the parameter to be evaluated are written on both ends of a 100 mm line and the patient is asked to indicate where his condition is appropriate by drawing a line or by placing a point or pointing on this line.",
                "SecondaryOutcomeTimeFrame":"45 seconds"
              },{
                "SecondaryOutcomeMeasure":"Fibromyalgia Impact Questionnaire",
                "SecondaryOutcomeDescription":"It measures 10 different characteristics: physical function, feeling unwell, absenteeism, difficulty at work, pain, fatigue, morning fatigue, stiffness, anxiety and depression. Except for the sense of well-being, lower scores indicate improvement or less affected by the disease. The Fibromyalgia Impact Questionnaire is filled out by the patient. The maximum possible score for each subtitle is 10 points. Thus the total maximum score is 100 points",
                "SecondaryOutcomeTimeFrame":"60 seconds"
              }
            ]
          }
        },
        "EligibilityModule":{
          "EligibilityCriteria":"Inclusion Criteria:\n\n18-65 years old To be diagnosed with FMS according to the criteria of American College of Rheumatology (ACR) 2010 Confirmed diagnosis of FMS according to American College of Rheumatology (ACR) 2016 criteria\n\nExclusion Criteria:\n\nPresence of acute infection Diabetes Mellitus B12 deficiency Hypothyroidism Inflammatory-rheumatological disease presence A history of malignancy Major psychiatric disorder Dementia, etc. diseases that may cause loss of cognitive functions",
          "HealthyVolunteers":"Accepts Healthy Volunteers",
          "Gender":"All",
          "MinimumAge":"18 Years",
          "MaximumAge":"65 Years",
          "StdAgeList":{
            "StdAge":[
              "Adult",
              "Older Adult"
            ]
          }
        },
        "ContactsLocationsModule":{
          "CentralContactList":{
            "CentralContact":[
              {
                "CentralContactName":"Elif Yakşi",
                "CentralContactRole":"Contact",
                "CentralContactPhone":"+905069078505",
                "CentralContactPhoneExt":"MD",
                "CentralContactEMail":"elifyaksi@hotmail.com"
              }
            ]
          },
          "OverallOfficialList":{
            "OverallOfficial":[
              {
                "OverallOfficialName":"Elif Yakşi",
                "OverallOfficialAffiliation":"Abant İzzet Baysal University Medical Faculty",
                "OverallOfficialRole":"Principal Investigator"
              }
            ]
          },
          "LocationList":{
            "Location":[
              {
                "LocationFacility":"Elif Yakşi",
                "LocationCity":"Bolu",
                "LocationZip":"14030",
                "LocationCountry":"Turkey"
              }
            ]
          }
        }
      },
      "DerivedSection":{
        "MiscInfoModule":{
          "VersionHolder":"April 19, 2021"
        },
        "ConditionBrowseModule":{
          "ConditionMeshList":{
            "ConditionMesh":[
              {
                "ConditionMeshId":"D000005356",
                "ConditionMeshTerm":"Fibromyalgia"
              },{
                "ConditionMeshId":"D000009209",
                "ConditionMeshTerm":"Myofascial Pain Syndromes"
              }
            ]
          },
          "ConditionAncestorList":{
            "ConditionAncestor":[
              {
                "ConditionAncestorId":"D000009135",
                "ConditionAncestorTerm":"Muscular Diseases"
              },{
                "ConditionAncestorId":"D000009140",
                "ConditionAncestorTerm":"Musculoskeletal Diseases"
              },{
                "ConditionAncestorId":"D000012216",
                "ConditionAncestorTerm":"Rheumatic Diseases"
              },{
                "ConditionAncestorId":"D000009468",
                "ConditionAncestorTerm":"Neuromuscular Diseases"
              },{
                "ConditionAncestorId":"D000009422",
                "ConditionAncestorTerm":"Nervous System Diseases"
              }
            ]
          },
          "ConditionBrowseLeafList":{
            "ConditionBrowseLeaf":[
              {
                "ConditionBrowseLeafId":"M3224",
                "ConditionBrowseLeafName":"Autonomic Nervous System Diseases",
                "ConditionBrowseLeafRelevance":"low"
              },{
                "ConditionBrowseLeafId":"M7069",
                "ConditionBrowseLeafName":"Fibromyalgia",
                "ConditionBrowseLeafAsFound":"Fibromyalgia",
                "ConditionBrowseLeafRelevance":"high"
              },{
                "ConditionBrowseLeafId":"M10744",
                "ConditionBrowseLeafName":"Myofascial Pain Syndromes",
                "ConditionBrowseLeafAsFound":"Fibromyalgia",
                "ConditionBrowseLeafRelevance":"high"
              },{
                "ConditionBrowseLeafId":"M26566",
                "ConditionBrowseLeafName":"Primary Dysautonomias",
                "ConditionBrowseLeafRelevance":"low"
              },{
                "ConditionBrowseLeafId":"M14938",
                "ConditionBrowseLeafName":"Syndrome",
                "ConditionBrowseLeafRelevance":"low"
              },{
                "ConditionBrowseLeafId":"M11649",
                "ConditionBrowseLeafName":"Pain",
                "ConditionBrowseLeafRelevance":"low"
              },{
                "ConditionBrowseLeafId":"M10675",
                "ConditionBrowseLeafName":"Muscular Diseases",
                "ConditionBrowseLeafRelevance":"low"
              },{
                "ConditionBrowseLeafId":"M10680",
                "ConditionBrowseLeafName":"Musculoskeletal Diseases",
                "ConditionBrowseLeafRelevance":"low"
              },{
                "ConditionBrowseLeafId":"M13628",
                "ConditionBrowseLeafName":"Rheumatic Diseases",
                "ConditionBrowseLeafRelevance":"low"
              },{
                "ConditionBrowseLeafId":"M4906",
                "ConditionBrowseLeafName":"Collagen Diseases",
                "ConditionBrowseLeafRelevance":"low"
              },{
                "ConditionBrowseLeafId":"M10994",
                "ConditionBrowseLeafName":"Neuromuscular Diseases",
                "ConditionBrowseLeafRelevance":"low"
              }
            ]
          },
          "ConditionBrowseBranchList":{
            "ConditionBrowseBranch":[
              {
                "ConditionBrowseBranchAbbrev":"BC10",
                "ConditionBrowseBranchName":"Nervous System Diseases"
              },{
                "ConditionBrowseBranchAbbrev":"All",
                "ConditionBrowseBranchName":"All Conditions"
              },{
                "ConditionBrowseBranchAbbrev":"BC05",
                "ConditionBrowseBranchName":"Muscle, Bone, and Cartilage Diseases"
              },{
                "ConditionBrowseBranchAbbrev":"BC23",
                "ConditionBrowseBranchName":"Symptoms and General Pathology"
              },{
                "ConditionBrowseBranchAbbrev":"BC17",
                "ConditionBrowseBranchName":"Skin and Connective Tissue Diseases"
              }
            ]
          }
        },
        "InterventionBrowseModule":{
          "InterventionMeshList":{
            "InterventionMesh":[
              {
                "InterventionMeshId":"D000014807",
                "InterventionMeshTerm":"Vitamin D"
              }
            ]
          },
          "InterventionAncestorList":{
            "InterventionAncestor":[
              {
                "InterventionAncestorId":"D000014815",
                "InterventionAncestorTerm":"Vitamins"
              },{
                "InterventionAncestorId":"D000018977",
                "InterventionAncestorTerm":"Micronutrients"
              },{
                "InterventionAncestorId":"D000078622",
                "InterventionAncestorTerm":"Nutrients"
              },{
                "InterventionAncestorId":"D000006133",
                "InterventionAncestorTerm":"Growth Substances"
              },{
                "InterventionAncestorId":"D000045505",
                "InterventionAncestorTerm":"Physiological Effects of Drugs"
              },{
                "InterventionAncestorId":"D000050071",
                "InterventionAncestorTerm":"Bone Density Conservation Agents"
              }
            ]
          },
          "InterventionBrowseLeafList":{
            "InterventionBrowseLeaf":[
              {
                "InterventionBrowseLeafId":"M16133",
                "InterventionBrowseLeafName":"Vitamin D",
                "InterventionBrowseLeafAsFound":"Advanced",
                "InterventionBrowseLeafRelevance":"high"
              },{
                "InterventionBrowseLeafId":"M16141",
                "InterventionBrowseLeafName":"Vitamins",
                "InterventionBrowseLeafRelevance":"low"
              },{
                "InterventionBrowseLeafId":"M19593",
                "InterventionBrowseLeafName":"Micronutrients",
                "InterventionBrowseLeafRelevance":"low"
              },{
                "InterventionBrowseLeafId":"M15468",
                "InterventionBrowseLeafName":"Trace Elements",
                "InterventionBrowseLeafRelevance":"low"
              },{
                "InterventionBrowseLeafId":"M1986",
                "InterventionBrowseLeafName":"Nutrients",
                "InterventionBrowseLeafRelevance":"low"
              },{
                "InterventionBrowseLeafId":"T440",
                "InterventionBrowseLeafName":"Calciferol",
                "InterventionBrowseLeafRelevance":"low"
              }
            ]
          },
          "InterventionBrowseBranchList":{
            "InterventionBrowseBranch":[
              {
                "InterventionBrowseBranchAbbrev":"BDCA",
                "InterventionBrowseBranchName":"Bone Density Conservation Agents"
              },{
                "InterventionBrowseBranchAbbrev":"Micro",
                "InterventionBrowseBranchName":"Micronutrients"
              },{
                "InterventionBrowseBranchAbbrev":"All",
                "InterventionBrowseBranchName":"All Drugs and Chemicals"
              },{
                "InterventionBrowseBranchAbbrev":"Vi",
                "InterventionBrowseBranchName":"Vitamins"
              }
            ]
          }
        }
      }
    }
  }
}

