{
  "FullStudy":{
    "Rank":417,
    "Study":{
      "ProtocolSection":{
        "IdentificationModule":{
          "NCTId":"NCT04844528",
          "OrgStudyIdInfo":{
            "OrgStudyId":"HCI141430"
          },
          "Organization":{
            "OrgFullName":"University of Utah",
            "OrgClass":"OTHER"
          },
          "BriefTitle":"Effects of Nicotinamide in Patients With Chronic Lymphocytic Leukemia (CLL) With History of Non-melanoma Skin Cancers (NMSC)",
          "OfficialTitle":"Randomized Phase 2 Studying the Effects of Nicotinamide in Patients With Chronic Lymphocytic Leukemia (CLL) With History of Non-melanoma Skin Cancers (NMSC)"
        },
        "StatusModule":{
          "StatusVerifiedDate":"April 2021",
          "OverallStatus":"Not yet recruiting",
          "ExpandedAccessInfo":{
            "HasExpandedAccess":"No"
          },
          "StartDateStruct":{
            "StartDate":"August 1, 2021",
            "StartDateType":"Anticipated"
          },
          "PrimaryCompletionDateStruct":{
            "PrimaryCompletionDate":"August 1, 2023",
            "PrimaryCompletionDateType":"Anticipated"
          },
          "CompletionDateStruct":{
            "CompletionDate":"August 1, 2026",
            "CompletionDateType":"Anticipated"
          },
          "StudyFirstSubmitDate":"April 12, 2021",
          "StudyFirstSubmitQCDate":"April 12, 2021",
          "StudyFirstPostDateStruct":{
            "StudyFirstPostDate":"April 14, 2021",
            "StudyFirstPostDateType":"Actual"
          },
          "LastUpdateSubmitDate":"April 14, 2021",
          "LastUpdatePostDateStruct":{
            "LastUpdatePostDate":"April 19, 2021",
            "LastUpdatePostDateType":"Estimate"
          }
        },
        "SponsorCollaboratorsModule":{
          "ResponsibleParty":{
            "ResponsiblePartyType":"Sponsor"
          },
          "LeadSponsor":{
            "LeadSponsorName":"University of Utah",
            "LeadSponsorClass":"OTHER"
          }
        },
        "OversightModule":{
          "OversightHasDMC":"Yes",
          "IsFDARegulatedDrug":"No",
          "IsFDARegulatedDevice":"No"
        },
        "DescriptionModule":{
          "BriefSummary":"This is a randomized, phase II, double-blind, placebo-controlled trial with planned crossover to the intervention arm after 1 year.\n\nConsenting patients with CLL who have had at least one NMSC diagnosed in the past year will be randomized to receive either oral nicotinamide 500 mg twice daily (BID) for 1 year or oral placebo 1 tablet twice daily for 1 year. Patients will be stratified according to CLL therapy and the number of prior NMSC. At the end of 1 year, patients will undergo dermatologic examination and the number of new NMSC will be quantified. The number of patients who develop new NMSC in each arm will be documented. At this time, patients will be unblinded and all patients will receive Nicotinamide 500 mg BID for an additional year. At the end of this second year, patients will again undergo dermatologic examination, and the number of new NMSC will be quantified. The number of patients who develop NMSC will be documented. Skin biopsies will be taken for correlative studies.\n\nEnrollment will be split into two parts separated by an interim analysis. Part 1 will accrue 40 patients: 20 to each arm. After 40 patients have completed their 12 month visit an interim futility analysis will be conducted prior to recruiting more patients. The study will stop if the difference in the number of patients with NMSC between control and treatment arms is 0 or less (i.e., absolutely no evidence that the treatment is better than control). If the trial is not stopped, the investigators will proceed with Part 2 and recruit 46 more patients."
        },
        "ConditionsModule":{
          "ConditionList":{
            "Condition":[
              "Chronic Lymphocytic Leukemia"
            ]
          }
        },
        "DesignModule":{
          "StudyType":"Interventional",
          "PhaseList":{
            "Phase":[
              "Phase 2"
            ]
          },
          "DesignInfo":{
            "DesignAllocation":"Randomized",
            "DesignInterventionModel":"Crossover Assignment",
            "DesignPrimaryPurpose":"Treatment",
            "DesignMaskingInfo":{
              "DesignMasking":"Triple",
              "DesignWhoMaskedList":{
                "DesignWhoMasked":[
                  "Participant",
                  "Care Provider",
                  "Investigator"
                ]
              }
            }
          },
          "EnrollmentInfo":{
            "EnrollmentCount":"86",
            "EnrollmentType":"Anticipated"
          }
        },
        "ArmsInterventionsModule":{
          "ArmGroupList":{
            "ArmGroup":[
              {
                "ArmGroupLabel":"Treatment: all patients",
                "ArmGroupType":"Experimental",
                "ArmGroupDescription":"Consenting patients with CLL who have had at least one NMSC diagnosed in the past year will be randomized to receive either oral nicotinamide 500 mg twice daily (BID) for 1 year or oral placebo 1 tablet twice daily for 1 year. Patients will be stratified according to CLL therapy and the number of prior NMSC. At the end of 1 year, patients will undergo dermatologic examination and the number of new NMSC will be quantified. The number of patients who develop new NMSC in each arm will be documented. At this time, patients will be unblinded and all patients will receive Nicotinamide 500 mg BID for an additional year. At the end of this second year, patients will again undergo dermatologic examination, and the number of new NMSC will be quantified. The number of patients who develop NMSC will be documented. Skin biopsies will be taken for correlative studies.",
                "ArmGroupInterventionList":{
                  "ArmGroupInterventionName":[
                    "Drug: Nicotinamide"
                  ]
                }
              },{
                "ArmGroupLabel":"Arm 2: Placebo",
                "ArmGroupType":"Placebo Comparator",
                "ArmGroupDescription":"Consenting patients with CLL who have had at least one NMSC diagnosed in the past year will be randomized to receive either oral nicotinamide 500 mg twice daily (BID) for 1 year or oral placebo 1 tablet twice daily for 1 year. Patients will be stratified according to CLL therapy and the number of prior NMSC. At the end of 1 year, patients will undergo dermatologic examination and the number of new NMSC will be quantified. The number of patients who develop new NMSC in each arm will be documented. At this time, patients will be unblinded and all patients will receive Nicotinamide 500 mg BID for an additional year. At the end of this second year, patients will again undergo dermatologic examination, and the number of new NMSC will be quantified. The number of patients who develop NMSC will be documented. Skin biopsies will be taken for correlative studies.",
                "ArmGroupInterventionList":{
                  "ArmGroupInterventionName":[
                    "Drug: Placebo"
                  ]
                }
              }
            ]
          },
          "InterventionList":{
            "Intervention":[
              {
                "InterventionType":"Drug",
                "InterventionName":"Nicotinamide",
                "InterventionDescription":"oral nicotinamide 500 mg twice daily (BID)",
                "InterventionArmGroupLabelList":{
                  "InterventionArmGroupLabel":[
                    "Treatment: all patients"
                  ]
                }
              },{
                "InterventionType":"Drug",
                "InterventionName":"Placebo",
                "InterventionDescription":"oral placebo twice daily for first year. Cross over to oral nicotinamide 500 mg twice daily (BID) for year two.",
                "InterventionArmGroupLabelList":{
                  "InterventionArmGroupLabel":[
                    "Arm 2: Placebo"
                  ]
                }
              }
            ]
          }
        },
        "OutcomesModule":{
          "PrimaryOutcomeList":{
            "PrimaryOutcome":[
              {
                "PrimaryOutcomeMeasure":"Proportion of CLL patients who develop a new NMSC after 1 year of nicotinamide therapy.",
                "PrimaryOutcomeDescription":"evaluate whether nicotinamide can reduce the number of patients who develop one or more new NMSC versus placebo in CLL patients with a history of NMSC.",
                "PrimaryOutcomeTimeFrame":"1 year"
              }
            ]
          },
          "SecondaryOutcomeList":{
            "SecondaryOutcome":[
              {
                "SecondaryOutcomeMeasure":"Number of new NMSC on skin exam after 1 year of treatment",
                "SecondaryOutcomeDescription":"assess the effect of oral nicotinamide on the number of new NMSC in patients with CLL who have previously been diagnosed with a NMSC.",
                "SecondaryOutcomeTimeFrame":"1 year"
              },{
                "SecondaryOutcomeMeasure":"proportion of CLL patients who develop squamous cell carcinoma (SCC) on skin exam after 1 and 2 years of treatment.",
                "SecondaryOutcomeDescription":"assess whether nicotinamide can reduce the number of patients who develop a SCC versus placebo in CLL patients with a history of NMSC.",
                "SecondaryOutcomeTimeFrame":"up to 2 years"
              },{
                "SecondaryOutcomeMeasure":"proportion of CLL patients who develop basal cell carcinoma (BCC) on skin exam after 1 and 2 years of treatment.",
                "SecondaryOutcomeDescription":"assess whether nicotinamide can reduce the number of subjects who develop a BCC versus placebo in CLL patients with a history of NMSC",
                "SecondaryOutcomeTimeFrame":"up to 2 years"
              },{
                "SecondaryOutcomeMeasure":"proportion of CLL patients who develop actinic keratosis (AK) on skin exam after 1 and 2 years of treatment.",
                "SecondaryOutcomeDescription":"evaluate whether nicotinamide can reduce the number of subjects who develop AK versus placebo in CLL patients with a history of NMSC",
                "SecondaryOutcomeTimeFrame":"up to 2 years"
              },{
                "SecondaryOutcomeMeasure":"number of new NMSC developed during year 1 and year 2 for patients who receive placebo during the first year",
                "SecondaryOutcomeDescription":"evaluate whether nicotinamide can reduce the number of recurrent NMSC in the same patient between year 1 on placebo therapy and year 2 on nicotinamide therapy",
                "SecondaryOutcomeTimeFrame":"2 years"
              },{
                "SecondaryOutcomeMeasure":"objective response rate (the proportion of subjects achieving a complete response [CR] or partial response [PR]) and complete response rate as calculated per International Workshop on CLL (IWCLL) 2018 Criteria at Month 6, 12, 18, and 24",
                "SecondaryOutcomeDescription":"2.2.6 To compare objective response rates (CR + PR) and CR rates between patients not on active CLL therapy who receive nicotinamide versus placebo",
                "SecondaryOutcomeTimeFrame":"up to 24 months"
              },{
                "SecondaryOutcomeMeasure":"objective response rate (the proportion of subjects achieving a CR or PR) and complete response rate as calculated per International Workshop on CLL (IWCLL) 2018 Criteria at Month 6, 12, 18, and 24",
                "SecondaryOutcomeDescription":"2.2.7 To compare overall response rates (CR+ partial PR) and CR rates between patients not on active CLL therapy with and without mutations with DNA mismatch repair who receive nicotinamide versus placebo",
                "SecondaryOutcomeTimeFrame":"up to 24 months"
              },{
                "SecondaryOutcomeMeasure":"frequency of adverse events (AEs) and serious adverse events (SAEs) characterized by type, severity (as defined by the NIH CTCAE, version 5.0), seriousness, duration, and relationship to study treatment",
                "SecondaryOutcomeDescription":"evaluate the safety and tolerability of each arm",
                "SecondaryOutcomeTimeFrame":"up to 24 months"
              }
            ]
          }
        },
        "EligibilityModule":{
          "EligibilityCriteria":"Inclusion Criteria:\n\nMale or female subject aged ≥ 18 years.\nHistologically confirmed diagnosis of CLL per iwCLL criteria.\nHistory of ≥1 non-melanoma skin cancer (NMSC) diagnosed within the last 5 years\n\nAdequate liver function as defined as:\n\nTotal Bilirubin ≤ 1.5x institutional upper limit of normal (ULN)\n\n---Subjects with a known diagnosis of Gilbert's Syndrome: direct bilirubin ≤ 1.5x ULN\n\nAST(SGOT)/ALT(SGPT) ≤ 3 × institutional ULN\n\nFor female subjects: Negative pregnancy test or evidence of post-menopausal status. The post-menopausal status will be defined as having been amenorrheic for 12 months without an alternative medical cause. The following age-specific requirements apply:\n\n--Women < 50 years of age:\n\nAmenorrheic for ≥ 12 months following cessation of exogenous hormonal treatments; and\nLuteinizing hormone and follicle-stimulating hormone levels in the post-menopausal range for the institution; or\nUnderwent surgical sterilization (bilateral oophorectomy or hysterectomy).\n\nWomen ≥ 50 years of age:\n\nAmenorrheic for 12 months or more following cessation of all exogenous hormonal treatments; or\nHad radiation-induced menopause with last menses >1 year ago; or\nHad chemotherapy-induced menopause with last menses >1 year ago; or\nUnderwent surgical sterilization (bilateral oophorectomy, bilateral salpingectomy, or hysterectomy).\nFemale subjects of childbearing potential and male subjects with a sexual partner of childbearing potential must agree to use a highly effective method of contraception as described in Section 5.4.1.\n\nExclusion Criteria:\n\nReceived chemotherapy (such as fludarabine, cyclophosphamide, bendamustine, or chlorambucil) within the last 6 months\nReceived allogeneic stem cell transplant within the last 6 months.\nTaking nicotinamide or niacin supplements within the last 4 weeks.\nTaken acitretin or other oral retinoids within the past 6 months\nReceived field treatment for AKs (topical use of 5-fluorouracil, imiquimod, diclofenac, retinoids; topical photodynamic therapy for AKs; laser resurfacing or chemical peel treatments for AKs) within the previous 4 weeks\nLarge areas of confluent skin cancer at baseline preventing accurate assessment and counting of individual new skin cancers\nNeed for ongoing carbamazepine use (possible interaction with nicotinamide)\nSevere GI malabsorption that may interfere with absorption of nicotinamide (per investigator's discretion)\nPatients with an expected life expectancy < 2 years\nCurrent evidence of uncontrolled, diabetes.\nCurrent evidence or history of peptic ulcer disease.\nKnown HIV infection with a detectable viral load within 6 months of the anticipated start of treatment.\n\nNote: Subjects on effective antiretroviral therapy with an undetectable viral load within 6 months of the anticipated start of treatment are eligible for this trial.\n\n- Active infection including tuberculosis (clinical evaluation that includes clinical history, physical examination, radiographic findings, and TB testing in line with local practice), or hepatitis C.\n\nNote: Subjects positive for hepatitis C (HCV) antibody are eligible only if polymerase chain reaction is negative for HCV RNA.\n\nMedical, psychiatric, cognitive, or other conditions that may compromise the subject's ability to understand the subject information, give informed consent, comply with the study protocol or complete the study.\nKnown prior severe hypersensitivity to investigational product (IP) or any component in its formulations (NCI CTCAE v5.0 Grade ≥ 3).\nSubjects taking prohibited medications as described in Section 6.7.1. A washout period of prohibited medications for a period of at least five half-lives or as clinically indicated should occur before the start of treatment.\nHave ever received a solid organ transplant and are currently taking immunosuppressive medications.",
          "HealthyVolunteers":"No",
          "Gender":"All",
          "MinimumAge":"18 Years",
          "StdAgeList":{
            "StdAge":[
              "Adult",
              "Older Adult"
            ]
          }
        },
        "ContactsLocationsModule":{
          "CentralContactList":{
            "CentralContact":[
              {
                "CentralContactName":"Karen Pena",
                "CentralContactRole":"Contact",
                "CentralContactPhone":"801-213-4233",
                "CentralContactEMail":"karen.pena@hci.utah.edu"
              },{
                "CentralContactName":"Catherine Cromar",
                "CentralContactRole":"Contact",
                "CentralContactPhone":"801-213-5652",
                "CentralContactEMail":"catherine.cromar@hci.utah.edu"
              }
            ]
          },
          "OverallOfficialList":{
            "OverallOfficial":[
              {
                "OverallOfficialName":"Deborah Stephens, DO",
                "OverallOfficialAffiliation":"Huntsman Cancer Institute",
                "OverallOfficialRole":"Principal Investigator"
              }
            ]
          }
        },
        "IPDSharingStatementModule":{
          "IPDSharing":"No"
        }
      },
      "DerivedSection":{
        "MiscInfoModule":{
          "VersionHolder":"April 19, 2021"
        },
        "ConditionBrowseModule":{
          "ConditionMeshList":{
            "ConditionMesh":[
              {
                "ConditionMeshId":"D000007938",
                "ConditionMeshTerm":"Leukemia"
              },{
                "ConditionMeshId":"D000007945",
                "ConditionMeshTerm":"Leukemia, Lymphoid"
              },{
                "ConditionMeshId":"D000015451",
                "ConditionMeshTerm":"Leukemia, Lymphocytic, Chronic, B-Cell"
              },{
                "ConditionMeshId":"D000012878",
                "ConditionMeshTerm":"Skin Neoplasms"
              }
            ]
          },
          "ConditionAncestorList":{
            "ConditionAncestor":[
              {
                "ConditionAncestorId":"D000009370",
                "ConditionAncestorTerm":"Neoplasms by Histologic Type"
              },{
                "ConditionAncestorId":"D000009369",
                "ConditionAncestorTerm":"Neoplasms"
              },{
                "ConditionAncestorId":"D000008232",
                "ConditionAncestorTerm":"Lymphoproliferative Disorders"
              },{
                "ConditionAncestorId":"D000008206",
                "ConditionAncestorTerm":"Lymphatic Diseases"
              },{
                "ConditionAncestorId":"D000007160",
                "ConditionAncestorTerm":"Immunoproliferative Disorders"
              },{
                "ConditionAncestorId":"D000007154",
                "ConditionAncestorTerm":"Immune System Diseases"
              },{
                "ConditionAncestorId":"D000015448",
                "ConditionAncestorTerm":"Leukemia, B-Cell"
              },{
                "ConditionAncestorId":"D000009371",
                "ConditionAncestorTerm":"Neoplasms by Site"
              },{
                "ConditionAncestorId":"D000012871",
                "ConditionAncestorTerm":"Skin Diseases"
              }
            ]
          },
          "ConditionBrowseLeafList":{
            "ConditionBrowseLeaf":[
              {
                "ConditionBrowseLeafId":"M9528",
                "ConditionBrowseLeafName":"Leukemia",
                "ConditionBrowseLeafAsFound":"Leukemia",
                "ConditionBrowseLeafRelevance":"high"
              },{
                "ConditionBrowseLeafId":"M9534",
                "ConditionBrowseLeafName":"Leukemia, Lymphoid",
                "ConditionBrowseLeafAsFound":"Lymphocytic Leukemia",
                "ConditionBrowseLeafRelevance":"high"
              },{
                "ConditionBrowseLeafId":"M16699",
                "ConditionBrowseLeafName":"Leukemia, Lymphocytic, Chronic, B-Cell",
                "ConditionBrowseLeafAsFound":"Chronic Lymphocytic Leukemia",
                "ConditionBrowseLeafRelevance":"high"
              },{
                "ConditionBrowseLeafId":"M14264",
                "ConditionBrowseLeafName":"Skin Neoplasms",
                "ConditionBrowseLeafAsFound":"Skin Cancer",
                "ConditionBrowseLeafRelevance":"high"
              },{
                "ConditionBrowseLeafId":"M10898",
                "ConditionBrowseLeafName":"Neoplasms by Histologic Type",
                "ConditionBrowseLeafRelevance":"low"
              },{
                "ConditionBrowseLeafId":"M9808",
                "ConditionBrowseLeafName":"Lymphoproliferative Disorders",
                "ConditionBrowseLeafRelevance":"low"
              },{
                "ConditionBrowseLeafId":"M9786",
                "ConditionBrowseLeafName":"Lymphatic Diseases",
                "ConditionBrowseLeafRelevance":"low"
              },{
                "ConditionBrowseLeafId":"M8789",
                "ConditionBrowseLeafName":"Immunoproliferative Disorders",
                "ConditionBrowseLeafRelevance":"low"
              },{
                "ConditionBrowseLeafId":"M8783",
                "ConditionBrowseLeafName":"Immune System Diseases",
                "ConditionBrowseLeafRelevance":"low"
              },{
                "ConditionBrowseLeafId":"M16698",
                "ConditionBrowseLeafName":"Leukemia, B-Cell",
                "ConditionBrowseLeafRelevance":"low"
              },{
                "ConditionBrowseLeafId":"M14257",
                "ConditionBrowseLeafName":"Skin Diseases",
                "ConditionBrowseLeafRelevance":"low"
              },{
                "ConditionBrowseLeafId":"T1308",
                "ConditionBrowseLeafName":"Chronic Lymphocytic Leukemia",
                "ConditionBrowseLeafAsFound":"Chronic Lymphocytic Leukemia",
                "ConditionBrowseLeafRelevance":"high"
              }
            ]
          },
          "ConditionBrowseBranchList":{
            "ConditionBrowseBranch":[
              {
                "ConditionBrowseBranchAbbrev":"BC04",
                "ConditionBrowseBranchName":"Cancers and Other Neoplasms"
              },{
                "ConditionBrowseBranchAbbrev":"All",
                "ConditionBrowseBranchName":"All Conditions"
              },{
                "ConditionBrowseBranchAbbrev":"BC15",
                "ConditionBrowseBranchName":"Blood and Lymph Conditions"
              },{
                "ConditionBrowseBranchAbbrev":"BC20",
                "ConditionBrowseBranchName":"Immune System Diseases"
              },{
                "ConditionBrowseBranchAbbrev":"BC17",
                "ConditionBrowseBranchName":"Skin and Connective Tissue Diseases"
              },{
                "ConditionBrowseBranchAbbrev":"Rare",
                "ConditionBrowseBranchName":"Rare Diseases"
              }
            ]
          }
        },
        "InterventionBrowseModule":{
          "InterventionMeshList":{
            "InterventionMesh":[
              {
                "InterventionMeshId":"D000009536",
                "InterventionMeshTerm":"Niacinamide"
              },{
                "InterventionMeshId":"D000009525",
                "InterventionMeshTerm":"Niacin"
              },{
                "InterventionMeshId":"D000009539",
                "InterventionMeshTerm":"Nicotinic Acids"
              }
            ]
          },
          "InterventionAncestorList":{
            "InterventionAncestor":[
              {
                "InterventionAncestorId":"D000014803",
                "InterventionAncestorTerm":"Vitamin B Complex"
              },{
                "InterventionAncestorId":"D000014815",
                "InterventionAncestorTerm":"Vitamins"
              },{
                "InterventionAncestorId":"D000018977",
                "InterventionAncestorTerm":"Micronutrients"
              },{
                "InterventionAncestorId":"D000078622",
                "InterventionAncestorTerm":"Nutrients"
              },{
                "InterventionAncestorId":"D000006133",
                "InterventionAncestorTerm":"Growth Substances"
              },{
                "InterventionAncestorId":"D000045505",
                "InterventionAncestorTerm":"Physiological Effects of Drugs"
              },{
                "InterventionAncestorId":"D000000960",
                "InterventionAncestorTerm":"Hypolipidemic Agents"
              },{
                "InterventionAncestorId":"D000000963",
                "InterventionAncestorTerm":"Antimetabolites"
              },{
                "InterventionAncestorId":"D000045504",
                "InterventionAncestorTerm":"Molecular Mechanisms of Pharmacological Action"
              },{
                "InterventionAncestorId":"D000057847",
                "InterventionAncestorTerm":"Lipid Regulating Agents"
              },{
                "InterventionAncestorId":"D000014665",
                "InterventionAncestorTerm":"Vasodilator Agents"
              }
            ]
          },
          "InterventionBrowseLeafList":{
            "InterventionBrowseLeaf":[
              {
                "InterventionBrowseLeafId":"M11059",
                "InterventionBrowseLeafName":"Niacinamide",
                "InterventionBrowseLeafAsFound":"Mix",
                "InterventionBrowseLeafRelevance":"high"
              },{
                "InterventionBrowseLeafId":"M11048",
                "InterventionBrowseLeafName":"Niacin",
                "InterventionBrowseLeafAsFound":"Mix",
                "InterventionBrowseLeafRelevance":"high"
              },{
                "InterventionBrowseLeafId":"M11062",
                "InterventionBrowseLeafName":"Nicotinic Acids",
                "InterventionBrowseLeafAsFound":"Mix",
                "InterventionBrowseLeafRelevance":"high"
              },{
                "InterventionBrowseLeafId":"M16141",
                "InterventionBrowseLeafName":"Vitamins",
                "InterventionBrowseLeafRelevance":"low"
              },{
                "InterventionBrowseLeafId":"M7201",
                "InterventionBrowseLeafName":"Folic Acid",
                "InterventionBrowseLeafRelevance":"low"
              },{
                "InterventionBrowseLeafId":"M16129",
                "InterventionBrowseLeafName":"Vitamin B Complex",
                "InterventionBrowseLeafRelevance":"low"
              },{
                "InterventionBrowseLeafId":"M19593",
                "InterventionBrowseLeafName":"Micronutrients",
                "InterventionBrowseLeafRelevance":"low"
              },{
                "InterventionBrowseLeafId":"M15468",
                "InterventionBrowseLeafName":"Trace Elements",
                "InterventionBrowseLeafRelevance":"low"
              },{
                "InterventionBrowseLeafId":"M1986",
                "InterventionBrowseLeafName":"Nutrients",
                "InterventionBrowseLeafRelevance":"low"
              },{
                "InterventionBrowseLeafId":"M2859",
                "InterventionBrowseLeafName":"Hypolipidemic Agents",
                "InterventionBrowseLeafRelevance":"low"
              },{
                "InterventionBrowseLeafId":"M2862",
                "InterventionBrowseLeafName":"Antimetabolites",
                "InterventionBrowseLeafRelevance":"low"
              },{
                "InterventionBrowseLeafId":"M27470",
                "InterventionBrowseLeafName":"Lipid Regulating Agents",
                "InterventionBrowseLeafRelevance":"low"
              },{
                "InterventionBrowseLeafId":"M15995",
                "InterventionBrowseLeafName":"Vasodilator Agents",
                "InterventionBrowseLeafRelevance":"low"
              },{
                "InterventionBrowseLeafId":"T455",
                "InterventionBrowseLeafName":"Nicotinamide",
                "InterventionBrowseLeafAsFound":"Mix",
                "InterventionBrowseLeafRelevance":"high"
              },{
                "InterventionBrowseLeafId":"T453",
                "InterventionBrowseLeafName":"Niacin",
                "InterventionBrowseLeafAsFound":"Mix",
                "InterventionBrowseLeafRelevance":"high"
              },{
                "InterventionBrowseLeafId":"T454",
                "InterventionBrowseLeafName":"Niacinamide",
                "InterventionBrowseLeafAsFound":"Mix",
                "InterventionBrowseLeafRelevance":"high"
              },{
                "InterventionBrowseLeafId":"T456",
                "InterventionBrowseLeafName":"Nicotinic Acid",
                "InterventionBrowseLeafAsFound":"Mix",
                "InterventionBrowseLeafRelevance":"high"
              },{
                "InterventionBrowseLeafId":"T471",
                "InterventionBrowseLeafName":"Vitamin B3",
                "InterventionBrowseLeafAsFound":"Mix",
                "InterventionBrowseLeafRelevance":"high"
              },{
                "InterventionBrowseLeafId":"T446",
                "InterventionBrowseLeafName":"Folic Acid",
                "InterventionBrowseLeafRelevance":"low"
              },{
                "InterventionBrowseLeafId":"T448",
                "InterventionBrowseLeafName":"Folate",
                "InterventionBrowseLeafRelevance":"low"
              },{
                "InterventionBrowseLeafId":"T475",
                "InterventionBrowseLeafName":"Vitamin B9",
                "InterventionBrowseLeafRelevance":"low"
              }
            ]
          },
          "InterventionBrowseBranchList":{
            "InterventionBrowseBranch":[
              {
                "InterventionBrowseBranchAbbrev":"Micro",
                "InterventionBrowseBranchName":"Micronutrients"
              },{
                "InterventionBrowseBranchAbbrev":"All",
                "InterventionBrowseBranchName":"All Drugs and Chemicals"
              },{
                "InterventionBrowseBranchAbbrev":"VaDiAg",
                "InterventionBrowseBranchName":"Vasodilator Agents"
              },{
                "InterventionBrowseBranchAbbrev":"Lipd",
                "InterventionBrowseBranchName":"Lipid Regulating Agents"
              },{
                "InterventionBrowseBranchAbbrev":"Hemat",
                "InterventionBrowseBranchName":"Hematinics"
              },{
                "InterventionBrowseBranchAbbrev":"Vi",
                "InterventionBrowseBranchName":"Vitamins"
              }
            ]
          }
        }
      }
    }
  }
}

