{
  "FullStudy":{
    "Rank":31,
    "Study":{
      "ProtocolSection":{
        "IdentificationModule":{
          "NCTId":"NCT04849546",
          "OrgStudyIdInfo":{
            "OrgStudyId":"SAMAF - 29BRC21.0125"
          },
          "Organization":{
            "OrgFullName":"University Hospital, Brest",
            "OrgClass":"OTHER"
          },
          "BriefTitle":"Staff Physical and Mental Health Assessment in the Aftermath of the First Peak of the Covid-19 Outbreak",
          "OfficialTitle":"Assessment of the Physical and Mental Health of Private and Public Care Facilities Personnel in the Brestois Sector Following the First Peak of the Covid-19 Outbreak",
          "Acronym":"SAMAF"
        },
        "StatusModule":{
          "StatusVerifiedDate":"February 2021",
          "OverallStatus":"Completed",
          "ExpandedAccessInfo":{
            "HasExpandedAccess":"No"
          },
          "StartDateStruct":{
            "StartDate":"July 1, 2020",
            "StartDateType":"Actual"
          },
          "PrimaryCompletionDateStruct":{
            "PrimaryCompletionDate":"August 31, 2020",
            "PrimaryCompletionDateType":"Actual"
          },
          "CompletionDateStruct":{
            "CompletionDate":"September 1, 2020",
            "CompletionDateType":"Actual"
          },
          "StudyFirstSubmitDate":"April 15, 2021",
          "StudyFirstSubmitQCDate":"April 15, 2021",
          "StudyFirstPostDateStruct":{
            "StudyFirstPostDate":"April 19, 2021",
            "StudyFirstPostDateType":"Estimate"
          },
          "LastUpdateSubmitDate":"April 15, 2021",
          "LastUpdatePostDateStruct":{
            "LastUpdatePostDate":"April 19, 2021",
            "LastUpdatePostDateType":"Estimate"
          }
        },
        "SponsorCollaboratorsModule":{
          "ResponsibleParty":{
            "ResponsiblePartyType":"Sponsor"
          },
          "LeadSponsor":{
            "LeadSponsorName":"University Hospital, Brest",
            "LeadSponsorClass":"OTHER"
          }
        },
        "OversightModule":{
          "OversightHasDMC":"No",
          "IsFDARegulatedDrug":"No",
          "IsFDARegulatedDevice":"No"
        },
        "DescriptionModule":{
          "BriefSummary":"Objectives: This study compare the mental health impact and psychosocial perception of healthcare workers and non healthcare workers in hospital after the first peak of COVID-19 outbreak in France.\n\nMethods: The validated SATIN questionnaire with specific scoring was used to collect data on health and psychosocial factors. A self-administered online questionnaire was send to all workers of the hospital in June 2020. A multinomial regression model was created to assess differences and risk factors in outcomes between healthcare workers and non healthcare workers. Variables were adjusted for age, sexe, frontline workplaces and experience at hospital.",
          "DetailedDescription":"The survey was conducted between 01 th of July and 31th of August 2020 and involved all workers employed in a teaching hospital in France. The total number of workers was 7299.\n\nThe Inclusion criteria were as follows: working in the hospital since more than one year, adults over than 18 years, acceptance.\n\nQuestionnaire After SATIN questionnaire authors allowing, we created a specific questionnaire with all original questions and some additional on workplaces and demographics' data. In first question, participants must check that they met inclusion criteria and accept to be included in this survey. An open question was available at the end for remarks.\n\n86 questions in 6 parts: 1. Personnel and Professional Identification (10 questions) 2. Health reports (16 questions) 3. Work strain and capacities (8 questions) 4. Working environment (39 questions) 5. Work assessment (4 questions) 6. Supplementary questions for occupational physician (9 questions) Each question had five possible answers and each answer is linked to a specific score. Mean of scores were calculated in each part of the questionnaire: health reports (physical health, psychic health, physical symptoms, psycho-somatic symptoms, and stress), work strain and ability, working environment (physical environment, activity, framework of activities and organizational context), self-assessed work conditions in their entirety. The scores of each part were interpreted as follows: <2.5 poor health or negative perception, 2.5-3.5 mild health or perception, > 3.5 good health or positive perception. Global health and general workplace environment self-evaluation were scored in a second time with respectively health reports and working environment scores.\n\nDemographic data were self-reported by the participants including occupation, sexe (male/female), age (<34, 35-44, 45-54, >55 years), time at workplace (<5, 6-15, 16-26,>26 years), shift work or night work (never, rarely, regularly, often/very often).\n\nStatistical analyses. Data analysis was performed using R software (R Foundation for Statistical Computing, Vienna, Austria). The results for continuous variables were shown as medians with Interquartile range (IQRs). The ranked data, which were ranked from each part of the questionnaire, are presented as numbers and percentages. Participants were divided into three groups according to the previously reported questionnaire cut-off (<2.5; 2.5-3.5; > 3.5). Doctor, nurse, medical student, nurse assistant, midwife, paramedics, physiotherapist and radiographer were included in the subgroup \"health care worker\", other participants were included in the subgroup \"non healthcare worker\". We also made an analysis by subgroup of workers if they regularly or not worked in a COVID 19 dedicated sector. A multinomial logistic regression analysis was performed and the associations between risk factors and outcomes are presented as Odds Ratio (ORs) and 95% Confidence Intervals (Cis), after adjustment for cofounders including, gender, age, years at workplace. The significant level was set at p= 0.05."
        },
        "ConditionsModule":{
          "ConditionList":{
            "Condition":[
              "Occupational Stress"
            ]
          },
          "KeywordList":{
            "Keyword":[
              "healtcare worker",
              "COVID 19"
            ]
          }
        },
        "DesignModule":{
          "StudyType":"Observational",
          "PatientRegistry":"No",
          "DesignInfo":{
            "DesignObservationalModelList":{
              "DesignObservationalModel":[
                "Ecologic or Community"
              ]
            },
            "DesignTimePerspectiveList":{
              "DesignTimePerspective":[
                "Retrospective"
              ]
            }
          },
          "EnrollmentInfo":{
            "EnrollmentCount":"1491",
            "EnrollmentType":"Actual"
          }
        },
        "OutcomesModule":{
          "PrimaryOutcomeList":{
            "PrimaryOutcome":[
              {
                "PrimaryOutcomeMeasure":"global health",
                "PrimaryOutcomeDescription":"Questionnaire on global health assessment with physical and psychological healt assessment and well being.",
                "PrimaryOutcomeTimeFrame":"july-august 2020"
              }
            ]
          },
          "SecondaryOutcomeList":{
            "SecondaryOutcome":[
              {
                "SecondaryOutcomeMeasure":"psychosocial factors",
                "SecondaryOutcomeDescription":"validated questionnaire on psychosocial factors",
                "SecondaryOutcomeTimeFrame":"july- august 2020"
              }
            ]
          }
        },
        "EligibilityModule":{
          "EligibilityCriteria":"Inclusion Criteria:\n\nworking in Brest teaching hospital or brest health clinic more than one year and aged> 18\n\nExclusion Criteria:\n\n-",
          "Gender":"All",
          "MinimumAge":"18 Years",
          "MaximumAge":"70 Years",
          "StdAgeList":{
            "StdAge":[
              "Adult",
              "Older Adult"
            ]
          },
          "StudyPopulation":"all workers from brest teaching hospital and private health clinic in Brest",
          "SamplingMethod":"Non-Probability Sample"
        },
        "ContactsLocationsModule":{
          "LocationList":{
            "Location":[
              {
                "LocationFacility":"Chu Brest",
                "LocationCity":"Brest",
                "LocationState":"Bretagne",
                "LocationZip":"29200",
                "LocationCountry":"France"
              }
            ]
          }
        }
      },
      "DerivedSection":{
        "MiscInfoModule":{
          "VersionHolder":"April 19, 2021"
        },
        "ConditionBrowseModule":{
          "ConditionMeshList":{
            "ConditionMesh":[
              {
                "ConditionMeshId":"D000073397",
                "ConditionMeshTerm":"Occupational Stress"
              }
            ]
          },
          "ConditionAncestorList":{
            "ConditionAncestor":[
              {
                "ConditionAncestorId":"D000009784",
                "ConditionAncestorTerm":"Occupational Diseases"
              },{
                "ConditionAncestorId":"D000013315",
                "ConditionAncestorTerm":"Stress, Psychological"
              },{
                "ConditionAncestorId":"D000001526",
                "ConditionAncestorTerm":"Behavioral Symptoms"
              }
            ]
          },
          "ConditionBrowseLeafList":{
            "ConditionBrowseLeaf":[
              {
                "ConditionBrowseLeafId":"M1167",
                "ConditionBrowseLeafName":"Occupational Stress",
                "ConditionBrowseLeafAsFound":"Occupational Stress",
                "ConditionBrowseLeafRelevance":"high"
              },{
                "ConditionBrowseLeafId":"M11302",
                "ConditionBrowseLeafName":"Occupational Diseases",
                "ConditionBrowseLeafRelevance":"low"
              },{
                "ConditionBrowseLeafId":"M14688",
                "ConditionBrowseLeafName":"Stress, Psychological",
                "ConditionBrowseLeafRelevance":"low"
              },{
                "ConditionBrowseLeafId":"M3399",
                "ConditionBrowseLeafName":"Behavioral Symptoms",
                "ConditionBrowseLeafRelevance":"low"
              }
            ]
          },
          "ConditionBrowseBranchList":{
            "ConditionBrowseBranch":[
              {
                "ConditionBrowseBranchAbbrev":"BC24",
                "ConditionBrowseBranchName":"Occupational Diseases"
              },{
                "ConditionBrowseBranchAbbrev":"BXM",
                "ConditionBrowseBranchName":"Behaviors and Mental Disorders"
              },{
                "ConditionBrowseBranchAbbrev":"All",
                "ConditionBrowseBranchName":"All Conditions"
              }
            ]
          }
        }
      }
    }
  }
}

