{
  "FullStudy":{
    "Rank":592,
    "Study":{
      "ProtocolSection":{
        "IdentificationModule":{
          "NCTId":"NCT04842253",
          "OrgStudyIdInfo":{
            "OrgStudyId":"72859"
          },
          "Organization":{
            "OrgFullName":"Maastricht University Medical Center",
            "OrgClass":"OTHER"
          },
          "BriefTitle":"HFNC vs LFNC in Patients With AF Undergoing RFCA Under Deep Sedation.",
          "OfficialTitle":"High Flow Nasal Cannula (HFNC) Versus Standard Low Flow Nasal Cannula (LFNC) in Patients With Atrial Fibrillation Undergoing Radiofrequency Catheter Ablation (RFCA) Under Deep Desaturation."
        },
        "StatusModule":{
          "StatusVerifiedDate":"April 2021",
          "OverallStatus":"Not yet recruiting",
          "ExpandedAccessInfo":{
            "HasExpandedAccess":"No"
          },
          "StartDateStruct":{
            "StartDate":"September 2021",
            "StartDateType":"Anticipated"
          },
          "PrimaryCompletionDateStruct":{
            "PrimaryCompletionDate":"September 2023",
            "PrimaryCompletionDateType":"Anticipated"
          },
          "CompletionDateStruct":{
            "CompletionDate":"September 2023",
            "CompletionDateType":"Anticipated"
          },
          "StudyFirstSubmitDate":"April 8, 2021",
          "StudyFirstSubmitQCDate":"April 8, 2021",
          "StudyFirstPostDateStruct":{
            "StudyFirstPostDate":"April 13, 2021",
            "StudyFirstPostDateType":"Actual"
          },
          "LastUpdateSubmitDate":"April 8, 2021",
          "LastUpdatePostDateStruct":{
            "LastUpdatePostDate":"April 13, 2021",
            "LastUpdatePostDateType":"Actual"
          }
        },
        "SponsorCollaboratorsModule":{
          "ResponsibleParty":{
            "ResponsiblePartyType":"Sponsor"
          },
          "LeadSponsor":{
            "LeadSponsorName":"Maastricht University Medical Center",
            "LeadSponsorClass":"OTHER"
          }
        },
        "OversightModule":{
          "OversightHasDMC":"Yes",
          "IsFDARegulatedDrug":"No",
          "IsFDARegulatedDevice":"No"
        },
        "DescriptionModule":{
          "BriefSummary":"Oxygen supplementation through high flow nasal cannula (HFNC) may reduce the incidence of desaturation and hypoxemia during deep sedation at radiofrequency catheter ablation (RFCA procedures).This study is designed to test the hypothesis that the incidence of hypoxemia and desaturation in patients with atrial fibrillation undergoing RFCA under deep sedation, is less when using HFNC as compared to use of standard low flow nasal cannula (LFNC).",
          "DetailedDescription":"Desaturation may occur in patients under deep sedation which results in an elevated risk for perioperative adverse events including hypoxemia (1-3). The incidence of hypoxemia was 168 per 1000 in a general procedural sedation and analgesia population (4). The clinical significance of transient episodes of hypoxemia remains debatable. However, many peri-operative incidents are often short-term and limited in nature, but a number of them are a predictor to a serious complication with a permanent injury (5).This study investigates if high flow nasal cannula (HFNC) as compared to low flow nasal cannula (LFNC) will result in a lower incidence of intra-procedural oxygen desaturation and hypoxemia in patients with atrial fibrillation undergoing deep sedation for radiofrequency catheter ablation (RFCA)."
        },
        "ConditionsModule":{
          "ConditionList":{
            "Condition":[
              "Deep Sedation",
              "Oxygen Therapy",
              "Radiofrequency Ablation"
            ]
          }
        },
        "DesignModule":{
          "StudyType":"Interventional",
          "PhaseList":{
            "Phase":[
              "Not Applicable"
            ]
          },
          "DesignInfo":{
            "DesignAllocation":"Randomized",
            "DesignInterventionModel":"Parallel Assignment",
            "DesignPrimaryPurpose":"Treatment",
            "DesignMaskingInfo":{
              "DesignMasking":"None (Open Label)"
            }
          },
          "EnrollmentInfo":{
            "EnrollmentCount":"210",
            "EnrollmentType":"Anticipated"
          }
        },
        "ArmsInterventionsModule":{
          "ArmGroupList":{
            "ArmGroup":[
              {
                "ArmGroupLabel":"High flow nasal cannula",
                "ArmGroupType":"Experimental",
                "ArmGroupDescription":"Participants in the high flow nasal cannula group will receive high flow nasal cannula oxygen during deep sedation.",
                "ArmGroupInterventionList":{
                  "ArmGroupInterventionName":[
                    "Device: High flow nasal cannula"
                  ]
                }
              },{
                "ArmGroupLabel":"Low flow nasal cannula",
                "ArmGroupType":"No Intervention",
                "ArmGroupDescription":"Participants in the current standard of care will receive low flow nasal cannula during deep sedation."
              }
            ]
          },
          "InterventionList":{
            "Intervention":[
              {
                "InterventionType":"Device",
                "InterventionName":"High flow nasal cannula",
                "InterventionDescription":"HFNC during deep sedation undergoing radiofrequency ablation for atrial fibrillation.",
                "InterventionArmGroupLabelList":{
                  "InterventionArmGroupLabel":[
                    "High flow nasal cannula"
                  ]
                },
                "InterventionOtherNameList":{
                  "InterventionOtherName":[
                    "High flow nasal oxygen"
                  ]
                }
              }
            ]
          }
        },
        "OutcomesModule":{
          "PrimaryOutcomeList":{
            "PrimaryOutcome":[
              {
                "PrimaryOutcomeMeasure":"Hypoxemia event",
                "PrimaryOutcomeDescription":"The primary outcome measure will be the lowest measured blood oxygen level during the patient's sedation.",
                "PrimaryOutcomeTimeFrame":"The outcome variable will be measured during the patient's sedation."
              }
            ]
          },
          "SecondaryOutcomeList":{
            "SecondaryOutcome":[
              {
                "SecondaryOutcomeMeasure":"Duration of hypoxemia event",
                "SecondaryOutcomeDescription":"The secondary outcome measure will be the duration of the lowest measured blood oxygen level during the patient's sedation.",
                "SecondaryOutcomeTimeFrame":"The outcome variable will be measured during the patient's sedation."
              },{
                "SecondaryOutcomeMeasure":"Cross over from oxygen therapy",
                "SecondaryOutcomeDescription":"The secondary outcome measure will be cross over from oxygen therapy during sedation yes/no.",
                "SecondaryOutcomeTimeFrame":"The outcome variable will be measured during the patient's sedation."
              },{
                "SecondaryOutcomeMeasure":"To measure the incidence of hypoxemia and desaturation (SpO2 under 90% for > 60 seconds).",
                "SecondaryOutcomeDescription":"The secondary outcome measure will be the incidence SpO2 under 90% for > 60 seconds.",
                "SecondaryOutcomeTimeFrame":"The outcome variable will be measured during the patient's sedation."
              }
            ]
          }
        },
        "EligibilityModule":{
          "EligibilityCriteria":"Inclusion Criteria:\n\nAdults undergoing an elective RFCA for atrial fibrillation in the Maastricht UMC Cardiac Catheter Labs under deep sedation administered by a clinician anesthesiology\n\nExclusion Criteria:\n\nAge under 18 years\nBody Mass Index (BMI) > 32 kg/m²\nDiagnosed Sleep Apnoea Syndrome (SAS)\nChronic Pulmonary Obstructive Disease (COPD) gold IV and COPD gold III with frequent or recent exacerbation\nDiagnosed pulmonary or cardiac condition requiring chronic oxygen therapy\nComplete nasal obstruction\nActive nose bleeding\nUntreated pneumothorax (pre- existing)\nRecent upper airway surgery\nRecent base of skull fracture\nExpected difficult airway",
          "HealthyVolunteers":"No",
          "Gender":"All",
          "MinimumAge":"18 Years",
          "StdAgeList":{
            "StdAge":[
              "Adult",
              "Older Adult"
            ]
          }
        },
        "ContactsLocationsModule":{
          "CentralContactList":{
            "CentralContact":[
              {
                "CentralContactName":"Marloes C Homberg, MPA",
                "CentralContactRole":"Contact",
                "CentralContactPhone":"0031-43-3876543",
                "CentralContactPhoneExt":"5606",
                "CentralContactEMail":"marloes.homberg@mumc.nl"
              },{
                "CentralContactName":"Esther AC Bouman, Doctor",
                "CentralContactRole":"Contact",
                "CentralContactPhone":"0031-43-3876543",
                "CentralContactPhoneExt":"5606",
                "CentralContactEMail":"esther.bouman@mumc.nl"
              }
            ]
          },
          "OverallOfficialList":{
            "OverallOfficial":[
              {
                "OverallOfficialName":"Wolfgang WF Buhre, Professor",
                "OverallOfficialAffiliation":"Professor Maastricht University. Key domain chair: Anesthesiologie.",
                "OverallOfficialRole":"Principal Investigator"
              }
            ]
          }
        },
        "ReferencesModule":{
          "ReferenceList":{
            "Reference":[
              {
                "ReferencePMID":"27372775",
                "ReferenceType":"background",
                "ReferenceCitation":"Jirapinyo P, Thompson CC. Sedation Challenges: Obesity and Sleep Apnea. Gastrointest Endosc Clin N Am. 2016 Jul;26(3):527-37. doi: 10.1016/j.giec.2016.03.001. Review."
              },{
                "ReferencePMID":"19003534",
                "ReferenceType":"background",
                "ReferenceCitation":"Qadeer MA, Rocio Lopez A, Dumot JA, Vargo JJ. Risk factors for hypoxemia during ambulatory gastrointestinal endoscopy in ASA I-II patients. Dig Dis Sci. 2009 May;54(5):1035-40. doi: 10.1007/s10620-008-0452-2. Epub 2008 Nov 12."
              },{
                "ReferencePMID":"22024600",
                "ReferenceType":"background",
                "ReferenceCitation":"Salukhe TV, Willems S, Drewitz I, Steven D, Hoffmann BA, Heitmann K, Rostock T. Propofol sedation administered by cardiologists without assisted ventilation for long cardiac interventions: an assessment of 1000 consecutive patients undergoing atrial fibrillation ablation. Europace. 2012 Mar;14(3):325-30. doi: 10.1093/europace/eur328. Epub 2011 Oct 23."
              },{
                "ReferencePMID":"27236824",
                "ReferenceType":"background",
                "ReferenceCitation":"Conway A, Sutherland J. Depth of anaesthesia monitoring during procedural sedation and analgesia: A systematic review and meta-analysis. Int J Nurs Stud. 2016 Nov;63:201-212. doi: 10.1016/j.ijnurstu.2016.05.004. Epub 2016 May 25. Review."
              },{
                "ReferencePMID":"29847362",
                "ReferenceType":"background",
                "ReferenceCitation":"Koers L, Eberl S, Cappon A, Bouwman A, Schlack W, Hermanides J, Preckel B. Safety of moderate-to-deep sedation performed by sedation practitioners: A national prospective observational study. Eur J Anaesthesiol. 2018 Sep;35(9):659-666. doi: 10.1097/EJA.0000000000000835."
              },{
                "ReferencePMID":"33176129",
                "ReferenceType":"background",
                "ReferenceCitation":"Sago T, Watanabe K, Kawabata K, Shiiba S, Maki K, Watanabe S. A Nasal High-Flow System Prevents Upper Airway Obstruction and Hypoxia in Pediatric Dental Patients Under Intravenous Sedation. J Oral Maxillofac Surg. 2021 Mar;79(3):539-545. doi: 10.1016/j.joms.2020.10.018. Epub 2020 Oct 16."
              }
            ]
          }
        },
        "IPDSharingStatementModule":{
          "IPDSharing":"Undecided",
          "IPDSharingDescription":"The plan to share IPD is still undecided because we are not certain if we are going to share all collected IPD or all IPD that underlie results in a publication."
        }
      },
      "DerivedSection":{
        "MiscInfoModule":{
          "VersionHolder":"April 19, 2021"
        },
        "ConditionBrowseModule":{
          "ConditionBrowseLeafList":{
            "ConditionBrowseLeaf":[
              {
                "ConditionBrowseLeafId":"M3167",
                "ConditionBrowseLeafName":"Atrial Fibrillation",
                "ConditionBrowseLeafRelevance":"low"
              }
            ]
          },
          "ConditionBrowseBranchList":{
            "ConditionBrowseBranch":[
              {
                "ConditionBrowseBranchAbbrev":"BC14",
                "ConditionBrowseBranchName":"Heart and Blood Diseases"
              },{
                "ConditionBrowseBranchAbbrev":"BC23",
                "ConditionBrowseBranchName":"Symptoms and General Pathology"
              },{
                "ConditionBrowseBranchAbbrev":"All",
                "ConditionBrowseBranchName":"All Conditions"
              }
            ]
          }
        },
        "InterventionBrowseModule":{
          "InterventionBrowseLeafList":{
            "InterventionBrowseLeaf":[
              {
                "InterventionBrowseLeafId":"T88",
                "InterventionBrowseLeafName":"Calamus",
                "InterventionBrowseLeafRelevance":"low"
              }
            ]
          },
          "InterventionBrowseBranchList":{
            "InterventionBrowseBranch":[
              {
                "InterventionBrowseBranchAbbrev":"HB",
                "InterventionBrowseBranchName":"Herbal and Botanical"
              },{
                "InterventionBrowseBranchAbbrev":"All",
                "InterventionBrowseBranchName":"All Drugs and Chemicals"
              }
            ]
          }
        }
      }
    }
  }
}

