{
  "FullStudy":{
    "Rank":25,
    "Study":{
      "ProtocolSection":{
        "IdentificationModule":{
          "NCTId":"NCT04849624",
          "OrgStudyIdInfo":{
            "OrgStudyId":"2019615-7520-3"
          },
          "Organization":{
            "OrgFullName":"University of Malaya",
            "OrgClass":"OTHER"
          },
          "BriefTitle":"Body Composition Study in Critically Ill Patients-Extended to COVID-19",
          "OfficialTitle":"Body Composition Study in Critically Ill Patients-Extended to COVID-19",
          "Acronym":"COVID-MUSCLE"
        },
        "StatusModule":{
          "StatusVerifiedDate":"April 2021",
          "OverallStatus":"Recruiting",
          "ExpandedAccessInfo":{
            "HasExpandedAccess":"No"
          },
          "StartDateStruct":{
            "StartDate":"March 5, 2021",
            "StartDateType":"Actual"
          },
          "PrimaryCompletionDateStruct":{
            "PrimaryCompletionDate":"October 1, 2021",
            "PrimaryCompletionDateType":"Anticipated"
          },
          "CompletionDateStruct":{
            "CompletionDate":"December 1, 2021",
            "CompletionDateType":"Anticipated"
          },
          "StudyFirstSubmitDate":"March 18, 2021",
          "StudyFirstSubmitQCDate":"April 15, 2021",
          "StudyFirstPostDateStruct":{
            "StudyFirstPostDate":"April 19, 2021",
            "StudyFirstPostDateType":"Estimate"
          },
          "LastUpdateSubmitDate":"April 15, 2021",
          "LastUpdatePostDateStruct":{
            "LastUpdatePostDate":"April 19, 2021",
            "LastUpdatePostDateType":"Estimate"
          }
        },
        "SponsorCollaboratorsModule":{
          "ResponsibleParty":{
            "ResponsiblePartyType":"Sponsor"
          },
          "LeadSponsor":{
            "LeadSponsorName":"University of Malaya",
            "LeadSponsorClass":"OTHER"
          }
        },
        "OversightModule":{
          "OversightHasDMC":"No",
          "IsFDARegulatedDrug":"No",
          "IsFDARegulatedDevice":"No"
        },
        "DescriptionModule":{
          "BriefSummary":"Muscle loss (ultrasound quadricep muscle) and muscle strength (handgrip and knee extension strength) will be compared between COVID-19 and non COVID-19 critically ill patients.",
          "DetailedDescription":"Given the heightened inflammatory status among COVID-19 critically ill patients, we hypothesized that the rate of skeletal muscle loss is accelerated in this population, and this loss is even more pronounce than the general critically ill patients. We further hypothesized that the increased muscle loss will lead to worse functional outcome (lower muscle strength) in COVID-19 critically ill patients compared with age- and sex-matched non-COVID-19 critically ill patients, as it has been shown that quadriceps thickness is strongly correlated with functional status at ICU discharge. Furthermore, a recent systematic review and meta-analysis in survivors of coronavirus (severe acute respiratory syndrome, SARS or Middle-east respiratory syndrome, MERS, or COVID-19) also demonstrated reduced exercise capacity and quality of life at 6 months after hospitalization or ICU admission"
        },
        "ConditionsModule":{
          "ConditionList":{
            "Condition":[
              "Critical Illness",
              "Covid19",
              "Muscle Atrophy",
              "Muscle Strength"
            ]
          }
        },
        "DesignModule":{
          "StudyType":"Observational",
          "PatientRegistry":"No",
          "DesignInfo":{
            "DesignObservationalModelList":{
              "DesignObservationalModel":[
                "Cohort"
              ]
            },
            "DesignTimePerspectiveList":{
              "DesignTimePerspective":[
                "Prospective"
              ]
            }
          },
          "EnrollmentInfo":{
            "EnrollmentCount":"50",
            "EnrollmentType":"Anticipated"
          }
        },
        "ArmsInterventionsModule":{
          "ArmGroupList":{
            "ArmGroup":[
              {
                "ArmGroupLabel":"ICU COVID-19 patients",
                "ArmGroupDescription":"COVID-19 patients that are admitted into the ICU and fulfilled the eligibility criteria",
                "ArmGroupInterventionList":{
                  "ArmGroupInterventionName":[
                    "Other: No Intervention"
                  ]
                }
              },{
                "ArmGroupLabel":"ICU non-COVID-19 patients",
                "ArmGroupDescription":"Non-COVID-19 patients that are admitted into the ICU matched with ICU COVID-19 patients that are recruited and fulfilled the eligibility criteria",
                "ArmGroupInterventionList":{
                  "ArmGroupInterventionName":[
                    "Other: No Intervention"
                  ]
                }
              }
            ]
          },
          "InterventionList":{
            "Intervention":[
              {
                "InterventionType":"Other",
                "InterventionName":"No Intervention",
                "InterventionDescription":"This is an observational study and involved no intervention",
                "InterventionArmGroupLabelList":{
                  "InterventionArmGroupLabel":[
                    "ICU COVID-19 patients",
                    "ICU non-COVID-19 patients"
                  ]
                }
              }
            ]
          }
        },
        "OutcomesModule":{
          "PrimaryOutcomeList":{
            "PrimaryOutcome":[
              {
                "PrimaryOutcomeMeasure":"Rectus Femoris Thickness",
                "PrimaryOutcomeDescription":"Change in Rectus Femoris Thickness",
                "PrimaryOutcomeTimeFrame":"Change in Rectus Femoris Thickness at day 7 or ICU discharge or hospital discharge compared with baseline (Day 1 of ICU admission)"
              },{
                "PrimaryOutcomeMeasure":"Rectus Femoris Cross-sectional Area",
                "PrimaryOutcomeDescription":"Change in Rectus Femoris Cross-sectional Area",
                "PrimaryOutcomeTimeFrame":"Change in Rectus Femoris Cross-sectional Area at day 7 or ICU discharge or hospital discharge compared with baseline (Day 1 of ICU admission)"
              }
            ]
          },
          "SecondaryOutcomeList":{
            "SecondaryOutcome":[
              {
                "SecondaryOutcomeMeasure":"Forearm Muscle Thickness",
                "SecondaryOutcomeDescription":"Change in Forearm Muscle Thickness",
                "SecondaryOutcomeTimeFrame":"Change in Forearm Muscle Thickness at day 7 or ICU discharge or hospital discharge compared with baseline (Day 1 of ICU admission)"
              },{
                "SecondaryOutcomeMeasure":"Handgrip Strength",
                "SecondaryOutcomeDescription":"BIlateral Handgrip Strength",
                "SecondaryOutcomeTimeFrame":"Before Hospital Discharge"
              },{
                "SecondaryOutcomeMeasure":"Knee Extension Strength",
                "SecondaryOutcomeDescription":"BIlateral Knee Extension Strength",
                "SecondaryOutcomeTimeFrame":"Before Hospital Discharge"
              }
            ]
          },
          "OtherOutcomeList":{
            "OtherOutcome":[
              {
                "OtherOutcomeMeasure":"Mortality",
                "OtherOutcomeDescription":"28-day Mortality",
                "OtherOutcomeTimeFrame":"Mortality at day 28 (calculated from the first day of ICU admission)"
              },{
                "OtherOutcomeMeasure":"ICU length of stay",
                "OtherOutcomeDescription":"Length of stay in the ICU",
                "OtherOutcomeTimeFrame":"From date of enrolment until the date of discharged from the ICU, assessed up to 60 days"
              },{
                "OtherOutcomeMeasure":"Hospital length of stay",
                "OtherOutcomeDescription":"Length of stay in the Hospital",
                "OtherOutcomeTimeFrame":"From date of enrolment until the date of discharged from the hospital, assessed up to 60 days"
              },{
                "OtherOutcomeMeasure":"Length of Mechanical Ventilation",
                "OtherOutcomeDescription":"Duration of Mechanical Ventilation",
                "OtherOutcomeTimeFrame":"From date of commencement of mechanical ventilation until the date of liberation from mechanical ventilation, assessed up to 60 days"
              }
            ]
          }
        },
        "EligibilityModule":{
          "EligibilityCriteria":"Inclusion Criteria:\n\n≥ 18 years old\nAdmitted into the ICU due to COVID-19\n\nExclusion Criteria:\n\nLikely to transfer out from the ICU in 24 hours from screening\nLikely to die in the next 7 days\nBedbound prior to hospital admission or bedbound in the hospital for >10 days",
          "HealthyVolunteers":"No",
          "Gender":"All",
          "MinimumAge":"18 Years",
          "MaximumAge":"90 Years",
          "StdAgeList":{
            "StdAge":[
              "Adult",
              "Older Adult"
            ]
          },
          "StudyPopulation":"A total of 30 COVID-19 ICU patients as per the eligibility criteria will be recruited. A total of 20 non-COVID-19 ICU patients that are matched by age (+/- 10 years old), sex and ventilation mode (mostly will be with lung pathology) will be enrolled to compare their change in muscle mass and muscle strength at hospital discharge with COVID-19 ICU patients.",
          "SamplingMethod":"Non-Probability Sample"
        },
        "ContactsLocationsModule":{
          "LocationList":{
            "Location":[
              {
                "LocationFacility":"Faculty of Medicine, University of Malaya",
                "LocationStatus":"Recruiting",
                "LocationCity":"Kuala Lumpur",
                "LocationZip":"50603",
                "LocationCountry":"Malaysia",
                "LocationContactList":{
                  "LocationContact":[
                    {
                      "LocationContactName":"Zheng Yii Lee",
                      "LocationContactRole":"Contact",
                      "LocationContactPhone":"+60169754153",
                      "LocationContactEMail":"zheng_yii@hotmail.com"
                    }
                  ]
                }
              }
            ]
          }
        },
        "ReferencesModule":{
          "ReferenceList":{
            "Reference":[
              {
                "ReferencePMID":"32919818",
                "ReferenceType":"background",
                "ReferenceCitation":"Lee ZY, Ong SP, Ng CC, Yap CSL, Engkasan JP, Barakatun-Nisak MY, Heyland DK, Hasan MS. Association between ultrasound quadriceps muscle status with premorbid functional status and 60-day mortality in mechanically ventilated critically ill patient: A single-center prospective observational study. Clin Nutr. 2021 Mar;40(3):1338-1347. doi: 10.1016/j.clnu.2020.08.022. Epub 2020 Aug 28."
              }
            ]
          }
        },
        "IPDSharingStatementModule":{
          "IPDSharing":"Undecided"
        }
      },
      "DerivedSection":{
        "MiscInfoModule":{
          "VersionHolder":"April 19, 2021"
        },
        "ConditionBrowseModule":{
          "ConditionMeshList":{
            "ConditionMesh":[
              {
                "ConditionMeshId":"D000009133",
                "ConditionMeshTerm":"Muscular Atrophy"
              },{
                "ConditionMeshId":"D000016638",
                "ConditionMeshTerm":"Critical Illness"
              },{
                "ConditionMeshId":"D000001284",
                "ConditionMeshTerm":"Atrophy"
              }
            ]
          },
          "ConditionAncestorList":{
            "ConditionAncestor":[
              {
                "ConditionAncestorId":"D000020969",
                "ConditionAncestorTerm":"Disease Attributes"
              },{
                "ConditionAncestorId":"D000010335",
                "ConditionAncestorTerm":"Pathologic Processes"
              },{
                "ConditionAncestorId":"D000020763",
                "ConditionAncestorTerm":"Pathological Conditions, Anatomical"
              },{
                "ConditionAncestorId":"D000020879",
                "ConditionAncestorTerm":"Neuromuscular Manifestations"
              },{
                "ConditionAncestorId":"D000009461",
                "ConditionAncestorTerm":"Neurologic Manifestations"
              },{
                "ConditionAncestorId":"D000009422",
                "ConditionAncestorTerm":"Nervous System Diseases"
              }
            ]
          },
          "ConditionBrowseLeafList":{
            "ConditionBrowseLeaf":[
              {
                "ConditionBrowseLeafId":"M10673",
                "ConditionBrowseLeafName":"Muscular Atrophy",
                "ConditionBrowseLeafAsFound":"Muscle Atrophy",
                "ConditionBrowseLeafRelevance":"high"
              },{
                "ConditionBrowseLeafId":"M17593",
                "ConditionBrowseLeafName":"Critical Illness",
                "ConditionBrowseLeafAsFound":"Critical Illness",
                "ConditionBrowseLeafRelevance":"high"
              },{
                "ConditionBrowseLeafId":"M3170",
                "ConditionBrowseLeafName":"Atrophy",
                "ConditionBrowseLeafAsFound":"Atrophy",
                "ConditionBrowseLeafRelevance":"high"
              },{
                "ConditionBrowseLeafId":"M21284",
                "ConditionBrowseLeafName":"Disease Attributes",
                "ConditionBrowseLeafRelevance":"low"
              },{
                "ConditionBrowseLeafId":"M21103",
                "ConditionBrowseLeafName":"Pathological Conditions, Anatomical",
                "ConditionBrowseLeafRelevance":"low"
              },{
                "ConditionBrowseLeafId":"M21203",
                "ConditionBrowseLeafName":"Neuromuscular Manifestations",
                "ConditionBrowseLeafRelevance":"low"
              },{
                "ConditionBrowseLeafId":"M10987",
                "ConditionBrowseLeafName":"Neurologic Manifestations",
                "ConditionBrowseLeafRelevance":"low"
              }
            ]
          },
          "ConditionBrowseBranchList":{
            "ConditionBrowseBranch":[
              {
                "ConditionBrowseBranchAbbrev":"BC10",
                "ConditionBrowseBranchName":"Nervous System Diseases"
              },{
                "ConditionBrowseBranchAbbrev":"BC23",
                "ConditionBrowseBranchName":"Symptoms and General Pathology"
              },{
                "ConditionBrowseBranchAbbrev":"All",
                "ConditionBrowseBranchName":"All Conditions"
              }
            ]
          }
        }
      }
    }
  }
}

