{
  "FullStudy":{
    "Rank":472,
    "Study":{
      "ProtocolSection":{
        "IdentificationModule":{
          "NCTId":"NCT04843813",
          "OrgStudyIdInfo":{
            "OrgStudyId":"2001-2"
          },
          "Organization":{
            "OrgFullName":"University of Illinois at Urbana-Champaign",
            "OrgClass":"OTHER"
          },
          "BriefTitle":"Effects of Lutein Supplementation on Cognition and MPOD in Multiple Sclerosis Patients-",
          "OfficialTitle":"Lutein and Multiple Sclerosis Experimental Study (LuMES)",
          "Acronym":"LuMES"
        },
        "StatusModule":{
          "StatusVerifiedDate":"April 2021",
          "OverallStatus":"Recruiting",
          "ExpandedAccessInfo":{
            "HasExpandedAccess":"No"
          },
          "StartDateStruct":{
            "StartDate":"March 26, 2021",
            "StartDateType":"Actual"
          },
          "PrimaryCompletionDateStruct":{
            "PrimaryCompletionDate":"March 2023",
            "PrimaryCompletionDateType":"Anticipated"
          },
          "CompletionDateStruct":{
            "CompletionDate":"March 2023",
            "CompletionDateType":"Anticipated"
          },
          "StudyFirstSubmitDate":"April 7, 2021",
          "StudyFirstSubmitQCDate":"April 9, 2021",
          "StudyFirstPostDateStruct":{
            "StudyFirstPostDate":"April 14, 2021",
            "StudyFirstPostDateType":"Actual"
          },
          "LastUpdateSubmitDate":"April 12, 2021",
          "LastUpdatePostDateStruct":{
            "LastUpdatePostDate":"April 15, 2021",
            "LastUpdatePostDateType":"Actual"
          }
        },
        "SponsorCollaboratorsModule":{
          "ResponsibleParty":{
            "ResponsiblePartyType":"Principal Investigator",
            "ResponsiblePartyInvestigatorFullName":"Naiman Khan",
            "ResponsiblePartyInvestigatorTitle":"Assistant Professor",
            "ResponsiblePartyInvestigatorAffiliation":"University of Illinois at Urbana-Champaign"
          },
          "LeadSponsor":{
            "LeadSponsorName":"University of Illinois at Urbana-Champaign",
            "LeadSponsorClass":"OTHER"
          },
          "CollaboratorList":{
            "Collaborator":[
              {
                "CollaboratorName":"Division of Nutritional Sciences, University of Illinois at Urbana-Champaign",
                "CollaboratorClass":"UNKNOWN"
              },{
                "CollaboratorName":"National Institutes of Health Rehabilitation Research Resource to Enhance Clinical Trials (REACT)",
                "CollaboratorClass":"UNKNOWN"
              }
            ]
          }
        },
        "OversightModule":{
          "OversightHasDMC":"No",
          "IsFDARegulatedDrug":"No",
          "IsFDARegulatedDevice":"No"
        },
        "DescriptionModule":{
          "BriefSummary":"The central hypothesis is that lutein supplementation will improve MPOD and cognition. Accordingly, the specific aims are to 1) to determine the process feasibility associated with participating in 4-month lutein supplementation trial; and 2) to investigate the scientific feasibility of 4-month daily lutein supplementation on biological markers of lutein status and cognitive function among persons with MS.",
          "DetailedDescription":"A two-group parallel design will be employed whereby participants will be randomly assigned to one of 2 groups. The supplementation doses 20mg/d (Group 1), and placebo (Group 2) will be consumed daily by the participant for a 4-month period. Pre-test and follow-up measures of lutein status and cognitive function will be assessed at baseline and at 4-month follow-up via laboratory visits."
        },
        "ConditionsModule":{
          "ConditionList":{
            "Condition":[
              "Multiple Sclerosis"
            ]
          },
          "KeywordList":{
            "Keyword":[
              "Multiple Sclerosis",
              "Cognitive Function",
              "Lutein"
            ]
          }
        },
        "DesignModule":{
          "StudyType":"Interventional",
          "PhaseList":{
            "Phase":[
              "Not Applicable"
            ]
          },
          "DesignInfo":{
            "DesignAllocation":"Randomized",
            "DesignInterventionModel":"Parallel Assignment",
            "DesignInterventionModelDescription":"A 2-group parallel design will be employed to collect feasibility data on daily lutein supplementation over 4 months.",
            "DesignPrimaryPurpose":"Supportive Care",
            "DesignMaskingInfo":{
              "DesignMasking":"Single",
              "DesignWhoMaskedList":{
                "DesignWhoMasked":[
                  "Participant"
                ]
              }
            }
          },
          "EnrollmentInfo":{
            "EnrollmentCount":"60",
            "EnrollmentType":"Anticipated"
          }
        },
        "ArmsInterventionsModule":{
          "ArmGroupList":{
            "ArmGroup":[
              {
                "ArmGroupLabel":"Lutein",
                "ArmGroupType":"Experimental",
                "ArmGroupInterventionList":{
                  "ArmGroupInterventionName":[
                    "Dietary Supplement: Lutein"
                  ]
                }
              },{
                "ArmGroupLabel":"Safflower Oil",
                "ArmGroupType":"Placebo Comparator",
                "ArmGroupInterventionList":{
                  "ArmGroupInterventionName":[
                    "Dietary Supplement: Placebo"
                  ]
                }
              }
            ]
          },
          "InterventionList":{
            "Intervention":[
              {
                "InterventionType":"Dietary Supplement",
                "InterventionName":"Lutein",
                "InterventionDescription":"Participants will consume daily soft gels containing the lutein supplement.",
                "InterventionArmGroupLabelList":{
                  "InterventionArmGroupLabel":[
                    "Lutein"
                  ]
                }
              },{
                "InterventionType":"Dietary Supplement",
                "InterventionName":"Placebo",
                "InterventionDescription":"Participants will consume daily soft gels containing the safflower oil.",
                "InterventionArmGroupLabelList":{
                  "InterventionArmGroupLabel":[
                    "Safflower Oil"
                  ]
                }
              }
            ]
          }
        },
        "OutcomesModule":{
          "PrimaryOutcomeList":{
            "PrimaryOutcome":[
              {
                "PrimaryOutcomeMeasure":"Macular Pigment Optical Density",
                "PrimaryOutcomeDescription":"Changes in Macular Pigment Optical Density (log units) between groups using a macular densitometer",
                "PrimaryOutcomeTimeFrame":"4 months (baseline vs. follow-up)"
              },{
                "PrimaryOutcomeMeasure":"Attentional Accuracy",
                "PrimaryOutcomeDescription":"Changes in accuracy (%) between groups using a computerized flanker task",
                "PrimaryOutcomeTimeFrame":"4 months (baseline vs. follow-up)"
              },{
                "PrimaryOutcomeMeasure":"Attentional Reaction Time",
                "PrimaryOutcomeDescription":"Changes in reaction time (ms) between groups using a computerized flanker task",
                "PrimaryOutcomeTimeFrame":"4 months (baseline vs. follow-up)"
              },{
                "PrimaryOutcomeMeasure":"Attentional Resource Allocation",
                "PrimaryOutcomeDescription":"Changes in P3 event related potential amplitude (microvolts) between groups using a computerized flanker task",
                "PrimaryOutcomeTimeFrame":"4 months (baseline vs. follow-up)"
              },{
                "PrimaryOutcomeMeasure":"Attentional Processing Speed",
                "PrimaryOutcomeDescription":"Changes in P3 event related potential latency (ms) between groups using a computerized flanker task",
                "PrimaryOutcomeTimeFrame":"4 months (baseline vs. follow-up)"
              }
            ]
          }
        },
        "EligibilityModule":{
          "EligibilityCriteria":"Inclusion Criteria:\n\n18-64.9 years\nSelf-reported relapsing-remitting MS (RRMS) diagnosis\nExpanded Disability Status Scale (EDSS) score between 0-3.5\nMacular Pigment Optical Density at baseline (MPOD ≤0.35)\nScore ≤55 during the Symbol Digit Modalities Test (SDMT)\n20/20 or corrected vision\nNo presence of color blindness\nNo history of age-related macular degeneration\nNo history of epileptic seizures\n\nExclusion Criteria:\n\nUnder 18 years or over 64.9 years\nMS diagnosis other than RRMS\nPregnancy\nUncorrected vision\nPresence of color blindness\nPDDS score of 7 or more\nPrior diagnosis of age-related macular degeneration\nHistory of epileptic seizures",
          "HealthyVolunteers":"No",
          "Gender":"All",
          "MinimumAge":"18 Years",
          "MaximumAge":"64 Years",
          "StdAgeList":{
            "StdAge":[
              "Adult"
            ]
          }
        },
        "ContactsLocationsModule":{
          "CentralContactList":{
            "CentralContact":[
              {
                "CentralContactName":"Naiman Khan, PhD, RD",
                "CentralContactRole":"Contact",
                "CentralContactPhone":"217-300-2197",
                "CentralContactEMail":"nakhan2@illinois.edu"
              }
            ]
          },
          "OverallOfficialList":{
            "OverallOfficial":[
              {
                "OverallOfficialName":"Naiman Khan, PhD",
                "OverallOfficialAffiliation":"University of Illinois Urbana Champaign",
                "OverallOfficialRole":"Principal Investigator"
              }
            ]
          },
          "LocationList":{
            "Location":[
              {
                "LocationFacility":"University of Illinois at Urbana-Champaign",
                "LocationStatus":"Recruiting",
                "LocationCity":"Urbana",
                "LocationState":"Illinois",
                "LocationZip":"61801",
                "LocationCountry":"United States",
                "LocationContactList":{
                  "LocationContact":[
                    {
                      "LocationContactName":"Naiman A Khan, PhD, RD",
                      "LocationContactRole":"Contact",
                      "LocationContactEMail":"nakhan2@illinois.edu"
                    },{
                      "LocationContactName":"Naiman A Khan, PhD, RD",
                      "LocationContactRole":"Principal Investigator"
                    }
                  ]
                }
              }
            ]
          }
        },
        "IPDSharingStatementModule":{
          "IPDSharing":"No"
        }
      },
      "DerivedSection":{
        "MiscInfoModule":{
          "VersionHolder":"April 19, 2021"
        },
        "ConditionBrowseModule":{
          "ConditionMeshList":{
            "ConditionMesh":[
              {
                "ConditionMeshId":"D000009103",
                "ConditionMeshTerm":"Multiple Sclerosis"
              },{
                "ConditionMeshId":"D000012598",
                "ConditionMeshTerm":"Sclerosis"
              }
            ]
          },
          "ConditionAncestorList":{
            "ConditionAncestor":[
              {
                "ConditionAncestorId":"D000010335",
                "ConditionAncestorTerm":"Pathologic Processes"
              },{
                "ConditionAncestorId":"D000020278",
                "ConditionAncestorTerm":"Demyelinating Autoimmune Diseases, CNS"
              },{
                "ConditionAncestorId":"D000020274",
                "ConditionAncestorTerm":"Autoimmune Diseases of the Nervous System"
              },{
                "ConditionAncestorId":"D000009422",
                "ConditionAncestorTerm":"Nervous System Diseases"
              },{
                "ConditionAncestorId":"D000003711",
                "ConditionAncestorTerm":"Demyelinating Diseases"
              },{
                "ConditionAncestorId":"D000001327",
                "ConditionAncestorTerm":"Autoimmune Diseases"
              },{
                "ConditionAncestorId":"D000007154",
                "ConditionAncestorTerm":"Immune System Diseases"
              }
            ]
          },
          "ConditionBrowseLeafList":{
            "ConditionBrowseLeaf":[
              {
                "ConditionBrowseLeafId":"M13998",
                "ConditionBrowseLeafName":"Sclerosis",
                "ConditionBrowseLeafAsFound":"Sclerosis",
                "ConditionBrowseLeafRelevance":"high"
              },{
                "ConditionBrowseLeafId":"M10643",
                "ConditionBrowseLeafName":"Multiple Sclerosis",
                "ConditionBrowseLeafAsFound":"Multiple Sclerosis",
                "ConditionBrowseLeafRelevance":"high"
              },{
                "ConditionBrowseLeafId":"M3210",
                "ConditionBrowseLeafName":"Autoimmune Diseases",
                "ConditionBrowseLeafRelevance":"low"
              },{
                "ConditionBrowseLeafId":"M20682",
                "ConditionBrowseLeafName":"Demyelinating Autoimmune Diseases, CNS",
                "ConditionBrowseLeafRelevance":"low"
              },{
                "ConditionBrowseLeafId":"M20678",
                "ConditionBrowseLeafName":"Autoimmune Diseases of the Nervous System",
                "ConditionBrowseLeafRelevance":"low"
              },{
                "ConditionBrowseLeafId":"M5492",
                "ConditionBrowseLeafName":"Demyelinating Diseases",
                "ConditionBrowseLeafRelevance":"low"
              },{
                "ConditionBrowseLeafId":"M8783",
                "ConditionBrowseLeafName":"Immune System Diseases",
                "ConditionBrowseLeafRelevance":"low"
              }
            ]
          },
          "ConditionBrowseBranchList":{
            "ConditionBrowseBranch":[
              {
                "ConditionBrowseBranchAbbrev":"BC23",
                "ConditionBrowseBranchName":"Symptoms and General Pathology"
              },{
                "ConditionBrowseBranchAbbrev":"All",
                "ConditionBrowseBranchName":"All Conditions"
              },{
                "ConditionBrowseBranchAbbrev":"BC10",
                "ConditionBrowseBranchName":"Nervous System Diseases"
              },{
                "ConditionBrowseBranchAbbrev":"BC20",
                "ConditionBrowseBranchName":"Immune System Diseases"
              }
            ]
          }
        },
        "InterventionBrowseModule":{
          "InterventionBrowseLeafList":{
            "InterventionBrowseLeaf":[
              {
                "InterventionBrowseLeafId":"T407",
                "InterventionBrowseLeafName":"Lutein",
                "InterventionBrowseLeafAsFound":"Macrophage",
                "InterventionBrowseLeafRelevance":"high"
              }
            ]
          },
          "InterventionBrowseBranchList":{
            "InterventionBrowseBranch":[
              {
                "InterventionBrowseBranchAbbrev":"Ot",
                "InterventionBrowseBranchName":"Other Dietary Supplements"
              },{
                "InterventionBrowseBranchAbbrev":"All",
                "InterventionBrowseBranchName":"All Drugs and Chemicals"
              }
            ]
          }
        }
      }
    }
  }
}

