{
  "FullStudy":{
    "Rank":274,
    "Study":{
      "ProtocolSection":{
        "IdentificationModule":{
          "NCTId":"NCT04846387",
          "OrgStudyIdInfo":{
            "OrgStudyId":"PRO00026967"
          },
          "Organization":{
            "OrgFullName":"The Methodist Hospital System",
            "OrgClass":"OTHER"
          },
          "BriefTitle":"Mapping of the Human Brainstem During Continence and Micturition: Noninvasive 7-T fMRI Study",
          "OfficialTitle":"High-resolution Mapping of the Human Brainstem During Continence and Micturition: in Vivo Noninvasive 7 Tesla fMRI Study"
        },
        "StatusModule":{
          "StatusVerifiedDate":"April 2021",
          "OverallStatus":"Recruiting",
          "ExpandedAccessInfo":{
            "HasExpandedAccess":"No"
          },
          "StartDateStruct":{
            "StartDate":"January 18, 2021",
            "StartDateType":"Actual"
          },
          "PrimaryCompletionDateStruct":{
            "PrimaryCompletionDate":"December 31, 2022",
            "PrimaryCompletionDateType":"Anticipated"
          },
          "CompletionDateStruct":{
            "CompletionDate":"December 31, 2022",
            "CompletionDateType":"Anticipated"
          },
          "StudyFirstSubmitDate":"April 12, 2021",
          "StudyFirstSubmitQCDate":"April 12, 2021",
          "StudyFirstPostDateStruct":{
            "StudyFirstPostDate":"April 15, 2021",
            "StudyFirstPostDateType":"Actual"
          },
          "LastUpdateSubmitDate":"April 12, 2021",
          "LastUpdatePostDateStruct":{
            "LastUpdatePostDate":"April 15, 2021",
            "LastUpdatePostDateType":"Actual"
          }
        },
        "SponsorCollaboratorsModule":{
          "ResponsibleParty":{
            "ResponsiblePartyType":"Sponsor-Investigator",
            "ResponsiblePartyInvestigatorFullName":"Rose Khavari, M.D.",
            "ResponsiblePartyInvestigatorTitle":"MD",
            "ResponsiblePartyInvestigatorAffiliation":"The Methodist Hospital System"
          },
          "LeadSponsor":{
            "LeadSponsorName":"Rose Khavari, M.D.",
            "LeadSponsorClass":"OTHER"
          }
        },
        "OversightModule":{
          "OversightHasDMC":"No",
          "IsFDARegulatedDrug":"No",
          "IsFDARegulatedDevice":"No"
        },
        "DescriptionModule":{
          "BriefSummary":"The lower urinary tract (bladder, bladder neck, urethra and urethral sphincter) has two functions: Storage (Continence) and voiding (micturition). Lower urinary tract dysfunction (LUTD) includes symptoms in the storage phase (such as urinary frequency, urgency, incontinence) or micturition phase (such as voiding dysfunction, hesitancy and urinary retention), or both. Proper urinary tract function is controlled by a complex network of peripheral and central nervous system. A delicate and complex switch exists between storage of urine and elimination of urine and in humans, the control over this switch is located in brain stem. Although significant research efforts have been utilized to understand supraspinal neural control of LUTs in humans, our understanding of the brainstem in humans is very limited, mainly due to the small size of nuclei.\n\nThe extensive involvement of the brainstem in LUTS control has urged us to look into a better way to investigate and identify the brainstem nuclei involved throughout the entire bladder cycle, especially in neurogenic patients. To our knowledge, there has been no published study using high-resolution MRI (7 Tesla) to study the role of brainstem specifically in LUT. Brainstem evaluation in regards to LUT function in a thorough and accurate manner using high-resolution techniques is of high priority for benign urology and National Institute of Health. The findings from this proposal will lay the foundation to study of brainstem control in the bladder cycle in neurogenic patients with high-resolution neuroimaging, and will be seminal research in the field.\n\nThe investigators hypothesize that Grey matter (blood-oxygen-level-dependent BOLD) signals and functional connectivity (FC) evaluation of the brainstem regions involved in continence and micturition are superior in 7T when compared to 3T in humans allowing assessment of the variations between men and women. Brainstem Regions of Interest (ROIs) include Pontine Storage Center (PSC) (\"L region of the pons) and PAG are expected to be activated during the storage (continence) phase and Pontine Micturition Center (PMC) (\"M\" region of the pons) are expected to be activated during the voiding (micturition) phase.",
          "DetailedDescription":"The current proposal will be the first 7-Tesla study evaluating brain and specifically brainstem control over LUT. The study will utilize a noninvasive functional MRI (fMRI) protocol that allows for evaluation of brainstem activity during continence and micturition in real-time, using high-resolution neuroimaging techniques (7T fMRI) in both men and women. The study will recruit 20 healthy subjects (10 male and 10 female) for participation in this study. The participants for this study will undergo a few tests including a uroflow, PVR and a protocol training session during screening at visit 1, and a fMRI at visit 2.\n\nDuring screening, subject will be asked to come to their appointment with a full bladder. For the uroflow, they will urinate into a special funnel connected to a measuring instrument in a private bathroom followed by measuring Post void residual volume through PVR scanner. This is to ensure that they do not have any urological issue which can disqualify them from the study. At this visit, we will also instruct them about the urine voiding-holding task, our noninvasive fMRI paradigm which will involve having the participant drink 500-750 mL of water approximately 20 minutes prior to the start of their scan, which the subjects will be performing during the fMRI portion of the study at visit 2.\n\nThe subsequent Grey matter (BOLD) signals and functional connectivity (FC) analysis will allow investigators to further the current understanding of brainstem control of the LUT and bladder cycle."
        },
        "ConditionsModule":{
          "ConditionList":{
            "Condition":[
              "Healthy"
            ]
          },
          "KeywordList":{
            "Keyword":[
              "Pontine Storage Center (PSC)",
              "Functional Magnetic Resonance Imaging (fMRI)",
              "Lower Urinary Tract Symptoms (LUTS)",
              "Pontine Micturition Center (PMC)",
              "Neuroimaging",
              "Periaqueductal Gray (PAG)",
              "Micturition",
              "Bladder",
              "Incontinence",
              "Overactive Bladder"
            ]
          }
        },
        "DesignModule":{
          "StudyType":"Observational",
          "PatientRegistry":"No",
          "DesignInfo":{
            "DesignObservationalModelList":{
              "DesignObservationalModel":[
                "Cohort"
              ]
            },
            "DesignTimePerspectiveList":{
              "DesignTimePerspective":[
                "Prospective"
              ]
            }
          },
          "EnrollmentInfo":{
            "EnrollmentCount":"20",
            "EnrollmentType":"Anticipated"
          }
        },
        "ArmsInterventionsModule":{
          "ArmGroupList":{
            "ArmGroup":[
              {
                "ArmGroupLabel":"Females with Normal Bladder Function",
                "ArmGroupDescription":"Diagnostic Tests: functional MRI and urodynamic studies.\n\nDuring screening, subject will be asked to come to their appointment with a full bladder. For the uroflow, they will urinate into a special funnel connected to a measuring instrument in a private bathroom followed by measuring Post void residual volume through PVR scanner. This is to ensure that they do not have any urological issue which can disqualify them from the study. At this visit, we will also instruct them about the urine voiding-holding task, our noninvasive fMRI paradigm, which the subjects will be performing during the fMRI portion of the study at visit 2. A 7-Tesla Siemens MAGNETOM scanner will be used. A urinary pouch will be used to collect the participant's urine while in the scanner.",
                "ArmGroupInterventionList":{
                  "ArmGroupInterventionName":[
                    "Diagnostic Test: Magnetic Resonance Imaging (MRI)",
                    "Diagnostic Test: Post-Void Residual",
                    "Diagnostic Test: Uroflowmetry",
                    "Behavioral: Questionaire - AUA Symptom Score"
                  ]
                }
              },{
                "ArmGroupLabel":"Males with Normal Bladder Function",
                "ArmGroupDescription":"Diagnostic Tests: functional MRI and urodynamic studies.\n\nDuring screening, subject will be asked to come to their appointment with a full bladder. For the uroflow, they will urinate into a special funnel connected to a measuring instrument in a private bathroom followed by measuring Post void residual volume through PVR scanner. This is to ensure that they do not have any urological issue which can disqualify them from the study. At this visit, we will also instruct them about the urine voiding-holding task, our noninvasive fMRI paradigm, which the subjects will be performing during the fMRI portion of the study at visit 2. A 7-Tesla Siemens MAGNETOM scanner will be used. A condom catheter will be used to collect the participant's urine while in the scanner.",
                "ArmGroupInterventionList":{
                  "ArmGroupInterventionName":[
                    "Diagnostic Test: Magnetic Resonance Imaging (MRI)",
                    "Diagnostic Test: Post-Void Residual",
                    "Diagnostic Test: Uroflowmetry",
                    "Behavioral: Questionaire - AUA Symptom Score"
                  ]
                }
              }
            ]
          },
          "InterventionList":{
            "Intervention":[
              {
                "InterventionType":"Diagnostic Test",
                "InterventionName":"Magnetic Resonance Imaging (MRI)",
                "InterventionDescription":"A T1-weighted Anatomical Image, Diffusion Weighted Image, and functional MRI (fMRI) of \"empty bladder\" image will be obtained.\n\nAdditionally, fMRI image during \"full bladder\" state and voiding/holding tasks will be obtained.",
                "InterventionArmGroupLabelList":{
                  "InterventionArmGroupLabel":[
                    "Females with Normal Bladder Function",
                    "Males with Normal Bladder Function"
                  ]
                }
              },{
                "InterventionType":"Diagnostic Test",
                "InterventionName":"Post-Void Residual",
                "InterventionDescription":"The patient's post-void residual is determined using a portable ultrasound machine after emptying the bladder just prior to entering the MRI scanner and immediately after the MRI scan.",
                "InterventionArmGroupLabelList":{
                  "InterventionArmGroupLabel":[
                    "Females with Normal Bladder Function",
                    "Males with Normal Bladder Function"
                  ]
                },
                "InterventionOtherNameList":{
                  "InterventionOtherName":[
                    "PVR"
                  ]
                }
              },{
                "InterventionType":"Diagnostic Test",
                "InterventionName":"Uroflowmetry",
                "InterventionDescription":"Patients will urinate into a funnel connected to an electric flow meter to record urine flow rates in mililters per second. This is used as part of the screening process.",
                "InterventionArmGroupLabelList":{
                  "InterventionArmGroupLabel":[
                    "Females with Normal Bladder Function",
                    "Males with Normal Bladder Function"
                  ]
                }
              },{
                "InterventionType":"Behavioral",
                "InterventionName":"Questionaire - AUA Symptom Score",
                "InterventionDescription":"Subjects will fill out questionnaire asking about urinary symptoms. The range is 0-35.",
                "InterventionArmGroupLabelList":{
                  "InterventionArmGroupLabel":[
                    "Females with Normal Bladder Function",
                    "Males with Normal Bladder Function"
                  ]
                },
                "InterventionOtherNameList":{
                  "InterventionOtherName":[
                    "AUASS"
                  ]
                }
              }
            ]
          }
        },
        "OutcomesModule":{
          "PrimaryOutcomeList":{
            "PrimaryOutcome":[
              {
                "PrimaryOutcomeMeasure":"Blood Oxygen Level Dependent (BOLD) signals",
                "PrimaryOutcomeDescription":"BOLD signal intensity in the regions of interest during empty bladder, full bladder, and micturition in healthy males and females",
                "PrimaryOutcomeTimeFrame":"2 years"
              }
            ]
          },
          "SecondaryOutcomeList":{
            "SecondaryOutcome":[
              {
                "SecondaryOutcomeMeasure":"Blood Oxygen Level Dependent (BOLD) signals",
                "SecondaryOutcomeDescription":"Differences in BOLD signal intensity in brainstem ROIs during micturition between genders",
                "SecondaryOutcomeTimeFrame":"2 years"
              },{
                "SecondaryOutcomeMeasure":"Uroflow measure",
                "SecondaryOutcomeDescription":"Maximum Qmax of urine (ml/sec): The range is between 0-40 mL/sec",
                "SecondaryOutcomeTimeFrame":"2 years"
              },{
                "SecondaryOutcomeMeasure":"Postvoid Residual",
                "SecondaryOutcomeDescription":"Postvoid Residual (PVR) of urine in mL: The range is between 0-900 mL.",
                "SecondaryOutcomeTimeFrame":"2 years"
              },{
                "SecondaryOutcomeMeasure":"Urinary symptoms scores",
                "SecondaryOutcomeDescription":"Urinary symptom scores (no unit): The range is between 0-35.",
                "SecondaryOutcomeTimeFrame":"2 years"
              },{
                "SecondaryOutcomeMeasure":"Mean Diffusivity (MD)",
                "SecondaryOutcomeDescription":"MD is a scalar value that describes the degree of diffusivity. MD of white matter tracts that are implicated in brain control of bladder are of interest.",
                "SecondaryOutcomeTimeFrame":"2 years"
              },{
                "SecondaryOutcomeMeasure":"Fractional Anisotropy (FA)",
                "SecondaryOutcomeDescription":"FA is a scalar value between zero and one that describes the degree of anisotropy of a diffusion process. A value of zero means that diffusion is isotropic (equally restricted) in all direction. No units. FA of white matter tracts that are implicated in brain control of bladder are of interest.",
                "SecondaryOutcomeTimeFrame":"2 years"
              }
            ]
          }
        },
        "EligibilityModule":{
          "EligibilityCriteria":"Inclusion Criteria:\n\nHealthy adult male and female volunteers ≥18 years of age with no neurological disease and genitourinary abnormalities will be screened.\n\nUroflow will be performed, post-void residual (PVR) volume will be measured, and those with PVR < 20% of their bladder capacity who are above 10 percentile of Liverpool nomogram34, and AUASS score < 7 will be eligible to participate in the study. Urine pregnancy test will performed with female subjects.\n\nExclusion Criteria:\n\nIndividuals who meet any one of the following criteria cannot be included in this study and will be excluded from the study.\n\nVolunteers with any history of clinically relevant genitourinary malignancy or surgery such as anti-incontinence procedures, urethral strictures, or advanced pelvic organ prolapse will be excluded. Also individuals with any neurological disorders, history of seizures, pregnancy or planning to become pregnant, and contraindications to MRI will be excluded. Research team members who are involved with the data collection and the data analysis for this study will not be eligible to participate in the study.",
          "HealthyVolunteers":"Accepts Healthy Volunteers",
          "Gender":"All",
          "MinimumAge":"18 Years",
          "StdAgeList":{
            "StdAge":[
              "Adult",
              "Older Adult"
            ]
          },
          "StudyPopulation":"We will recruit healthy individuals aged 18 years or older at Houston Methodist Hospital from volunteers, or anyone interested in the Houston Community. Houston Methodist employees, other than the research team member, who can qualify and desire to participate will also be enrolled in the study. However, the study PI will routinely review the list of the potential participants to avoid undue influence by enrolling the Methodist employees and to ensure that equal opportunity is given to anyone who wants to participate and meet eligibility criteria.\n\nWe anticipate an equal gender distribution (10 men and 10 women) among study participants.\n\nOnce screened for inclusion and exclusion criteria, volunteers will be approached and asked if they would like to participate in this study. They will then be given study material and allowed sufficient time to make an informed decision regarding participation",
          "SamplingMethod":"Non-Probability Sample"
        },
        "ContactsLocationsModule":{
          "CentralContactList":{
            "CentralContact":[
              {
                "CentralContactName":"Rose Khavari, MD",
                "CentralContactRole":"Contact",
                "CentralContactPhone":"713-441-8138",
                "CentralContactEMail":"rkhavari@houstonmethodist.org"
              }
            ]
          },
          "OverallOfficialList":{
            "OverallOfficial":[
              {
                "OverallOfficialName":"Rose Khavari, MD",
                "OverallOfficialAffiliation":"The Methodist Hospital System",
                "OverallOfficialRole":"Principal Investigator"
              }
            ]
          },
          "LocationList":{
            "Location":[
              {
                "LocationFacility":"Houston Methodist Hospital",
                "LocationStatus":"Recruiting",
                "LocationCity":"Houston",
                "LocationState":"Texas",
                "LocationZip":"77030",
                "LocationCountry":"United States",
                "LocationContactList":{
                  "LocationContact":[
                    {
                      "LocationContactName":"Hamida Rajab, BS",
                      "LocationContactRole":"Contact",
                      "LocationContactPhone":"713-363-9154",
                      "LocationContactEMail":"hrajab@houstonmethodist.org"
                    },{
                      "LocationContactName":"Rose Khavari, MD",
                      "LocationContactRole":"Principal Investigator"
                    }
                  ]
                }
              }
            ]
          }
        }
      },
      "DerivedSection":{
        "MiscInfoModule":{
          "VersionHolder":"April 19, 2021"
        },
        "ConditionBrowseModule":{
          "ConditionBrowseLeafList":{
            "ConditionBrowseLeaf":[
              {
                "ConditionBrowseLeafId":"M25754",
                "ConditionBrowseLeafName":"Urinary Bladder, Overactive",
                "ConditionBrowseLeafRelevance":"low"
              },{
                "ConditionBrowseLeafId":"M28051",
                "ConditionBrowseLeafName":"Lower Urinary Tract Symptoms",
                "ConditionBrowseLeafRelevance":"low"
              }
            ]
          },
          "ConditionBrowseBranchList":{
            "ConditionBrowseBranch":[
              {
                "ConditionBrowseBranchAbbrev":"BXS",
                "ConditionBrowseBranchName":"Urinary Tract, Sexual Organs, and Pregnancy Conditions"
              },{
                "ConditionBrowseBranchAbbrev":"BC23",
                "ConditionBrowseBranchName":"Symptoms and General Pathology"
              },{
                "ConditionBrowseBranchAbbrev":"All",
                "ConditionBrowseBranchName":"All Conditions"
              }
            ]
          }
        }
      }
    }
  }
}

