{
  "FullStudy":{
    "Rank":711,
    "Study":{
      "ProtocolSection":{
        "IdentificationModule":{
          "NCTId":"NCT04840706",
          "OrgStudyIdInfo":{
            "OrgStudyId":"MyAirvo"
          },
          "Organization":{
            "OrgFullName":"Turku University Hospital",
            "OrgClass":"OTHER_GOV"
          },
          "BriefTitle":"Open-Label Prospective Study Comparing Long-Term Outcome With or Without HFNC in Patients With Stable Hypercapnic COPD",
          "OfficialTitle":"Open-Label Prospective Study Comparing Long-Term Outcome With or Without High-flow Nasal Cannula AirvoTM in Patients With Stable Hypercapnic COPD",
          "Acronym":"MyAirvo"
        },
        "StatusModule":{
          "StatusVerifiedDate":"April 2021",
          "OverallStatus":"Not yet recruiting",
          "ExpandedAccessInfo":{
            "HasExpandedAccess":"No"
          },
          "StartDateStruct":{
            "StartDate":"April 20, 2021",
            "StartDateType":"Anticipated"
          },
          "PrimaryCompletionDateStruct":{
            "PrimaryCompletionDate":"December 31, 2022",
            "PrimaryCompletionDateType":"Anticipated"
          },
          "CompletionDateStruct":{
            "CompletionDate":"December 31, 2022",
            "CompletionDateType":"Anticipated"
          },
          "StudyFirstSubmitDate":"April 9, 2021",
          "StudyFirstSubmitQCDate":"April 9, 2021",
          "StudyFirstPostDateStruct":{
            "StudyFirstPostDate":"April 12, 2021",
            "StudyFirstPostDateType":"Actual"
          },
          "LastUpdateSubmitDate":"April 14, 2021",
          "LastUpdatePostDateStruct":{
            "LastUpdatePostDate":"April 19, 2021",
            "LastUpdatePostDateType":"Estimate"
          }
        },
        "SponsorCollaboratorsModule":{
          "ResponsibleParty":{
            "ResponsiblePartyType":"Principal Investigator",
            "ResponsiblePartyInvestigatorFullName":"Tarja Saaresranta",
            "ResponsiblePartyInvestigatorTitle":"Principal Investigator",
            "ResponsiblePartyInvestigatorAffiliation":"Turku University Hospital"
          },
          "LeadSponsor":{
            "LeadSponsorName":"Turku University Hospital",
            "LeadSponsorClass":"OTHER_GOV"
          }
        },
        "OversightModule":{
          "OversightHasDMC":"No",
          "IsFDARegulatedDrug":"No",
          "IsFDARegulatedDevice":"No"
        },
        "DescriptionModule":{
          "BriefSummary":"The aims of the study are to compare long-term one-year outcome with or without AirvoTM in stabile hypercapnic COPD patients, who are non-compliant to NIV after an acute exacerbation of COPD.",
          "DetailedDescription":"When compared to NIV, much less experience is available from clinical studies on HFNC therapy. Until now, few studies have investigated the effect of HFNC therapy on hypercapnic COPD patients and the number of patients recruited in these studies is limited. AirvoTM therapy could be good choice of treatment for those COPD patients that are not compliant to NIV but need treatment for hypercapnia in order to reduce COPD exacerbations and enhance QOL.The aims of the study are to compare long-term one-year outcome with or without AirvoTM in stabile hypercapnic COPD patients, who are non-compliant to NIV after an acute exacerbation of COPD."
        },
        "ConditionsModule":{
          "ConditionList":{
            "Condition":[
              "COPD"
            ]
          }
        },
        "DesignModule":{
          "StudyType":"Interventional",
          "PhaseList":{
            "Phase":[
              "Not Applicable"
            ]
          },
          "DesignInfo":{
            "DesignAllocation":"Randomized",
            "DesignInterventionModel":"Parallel Assignment",
            "DesignPrimaryPurpose":"Treatment",
            "DesignMaskingInfo":{
              "DesignMasking":"None (Open Label)"
            }
          },
          "EnrollmentInfo":{
            "EnrollmentCount":"94",
            "EnrollmentType":"Anticipated"
          }
        },
        "ArmsInterventionsModule":{
          "ArmGroupList":{
            "ArmGroup":[
              {
                "ArmGroupLabel":"Airvo",
                "ArmGroupType":"Active Comparator",
                "ArmGroupDescription":"Patients allocated to use Airvo device",
                "ArmGroupInterventionList":{
                  "ArmGroupInterventionName":[
                    "Device: HFNC Airvo"
                  ]
                }
              },{
                "ArmGroupLabel":"Control",
                "ArmGroupType":"Placebo Comparator",
                "ArmGroupDescription":"Patients not using Airvo, standard care",
                "ArmGroupInterventionList":{
                  "ArmGroupInterventionName":[
                    "Other: Standard care"
                  ]
                }
              }
            ]
          },
          "InterventionList":{
            "Intervention":[
              {
                "InterventionType":"Device",
                "InterventionName":"HFNC Airvo",
                "InterventionDescription":"HFNC device (Airvo) long-term use in in stabile hypercapnic COPD patients, who are non-compliant to NIV after an acute exacerbation of COPD",
                "InterventionArmGroupLabelList":{
                  "InterventionArmGroupLabel":[
                    "Airvo"
                  ]
                }
              },{
                "InterventionType":"Other",
                "InterventionName":"Standard care",
                "InterventionDescription":"No HFNC treatment",
                "InterventionArmGroupLabelList":{
                  "InterventionArmGroupLabel":[
                    "Control"
                  ]
                }
              }
            ]
          }
        },
        "OutcomesModule":{
          "PrimaryOutcomeList":{
            "PrimaryOutcome":[
              {
                "PrimaryOutcomeMeasure":"pCO2",
                "PrimaryOutcomeDescription":"Improvement in daytime capillary pCO2 ≥ 0.5 kPa in the AirvoTM group compared to the standard care group",
                "PrimaryOutcomeTimeFrame":"1 year"
              },{
                "PrimaryOutcomeMeasure":"Acute exacerbation rate",
                "PrimaryOutcomeDescription":"decrease in acute exacerbation (moderate or severe) rate of COPD in AirvoTM group compared to the previous 12 months before entering the study and standard care group",
                "PrimaryOutcomeTimeFrame":"1 year"
              }
            ]
          }
        },
        "EligibilityModule":{
          "EligibilityCriteria":"Inclusion Criteria:COPD patients 1) with at least two acute moderate or severe exacerbations during past 12 months, 2) who at the follow-up visit one month after an acute severe exacerbation of COPD are hypercapnic (capillary pCO2 >6.5 kPa) and not willing to use NIV or have used it less than 4 h/d during the last month despite optimal settings prescribed by an experienced pulmonologist, or if a patient at the follow-up one month after a severe exacerbation is hypercapnic and is willing to try NIV (initiated at the follow-up visit, not at the ward), but then uses it less than 4h/d during the following month. Acute moderate (treated with short acting bronchodilators plus antibiotics and/or oral corticosteroids) and severe (patient requires hospitalization or visits the emergency room) exacerbations of COPD are defined according to the GINA Guidelines (GOLD 2019).\n\nExclusion Criteria: 1) OSA (diagnosed OSA or high suspicion OSA because of regular snoring, witnessed apneas and daytime sleepiness), 2) neuromuscular or chest wall disease, 3) BMI>35 kg/m2 or 4) a patient is not able to give his/her informed consent for the study.",
          "HealthyVolunteers":"No",
          "Gender":"All",
          "MinimumAge":"18 Years",
          "StdAgeList":{
            "StdAge":[
              "Adult",
              "Older Adult"
            ]
          }
        }
      },
      "DerivedSection":{
        "MiscInfoModule":{
          "VersionHolder":"April 19, 2021"
        },
        "ConditionBrowseModule":{
          "ConditionMeshList":{
            "ConditionMesh":[
              {
                "ConditionMeshId":"D000006935",
                "ConditionMeshTerm":"Hypercapnia"
              }
            ]
          },
          "ConditionAncestorList":{
            "ConditionAncestor":[
              {
                "ConditionAncestorId":"D000012818",
                "ConditionAncestorTerm":"Signs and Symptoms, Respiratory"
              }
            ]
          },
          "ConditionBrowseLeafList":{
            "ConditionBrowseLeaf":[
              {
                "ConditionBrowseLeafId":"M8569",
                "ConditionBrowseLeafName":"Hypercapnia",
                "ConditionBrowseLeafAsFound":"Hypercapnic",
                "ConditionBrowseLeafRelevance":"high"
              },{
                "ConditionBrowseLeafId":"M14206",
                "ConditionBrowseLeafName":"Signs and Symptoms, Respiratory",
                "ConditionBrowseLeafRelevance":"low"
              }
            ]
          },
          "ConditionBrowseBranchList":{
            "ConditionBrowseBranch":[
              {
                "ConditionBrowseBranchAbbrev":"BC23",
                "ConditionBrowseBranchName":"Symptoms and General Pathology"
              },{
                "ConditionBrowseBranchAbbrev":"All",
                "ConditionBrowseBranchName":"All Conditions"
              }
            ]
          }
        },
        "InterventionBrowseModule":{
          "InterventionBrowseLeafList":{
            "InterventionBrowseLeaf":[
              {
                "InterventionBrowseLeafId":"T88",
                "InterventionBrowseLeafName":"Calamus",
                "InterventionBrowseLeafRelevance":"low"
              }
            ]
          },
          "InterventionBrowseBranchList":{
            "InterventionBrowseBranch":[
              {
                "InterventionBrowseBranchAbbrev":"HB",
                "InterventionBrowseBranchName":"Herbal and Botanical"
              },{
                "InterventionBrowseBranchAbbrev":"All",
                "InterventionBrowseBranchName":"All Drugs and Chemicals"
              }
            ]
          }
        }
      }
    }
  }
}

