{
  "FullStudy":{
    "Rank":439,
    "Study":{
      "ProtocolSection":{
        "IdentificationModule":{
          "NCTId":"NCT04844242",
          "OrgStudyIdInfo":{
            "OrgStudyId":"2020 034"
          },
          "SecondaryIdInfoList":{
            "SecondaryIdInfo":[
              {
                "SecondaryId":"2020 034",
                "SecondaryIdType":"Other Identifier",
                "SecondaryIdDomain":"NIRT-IEC"
              }
            ]
          },
          "Organization":{
            "OrgFullName":"Tuberculosis Research Centre, India",
            "OrgClass":"OTHER_GOV"
          },
          "BriefTitle":"Pediatric COVID Study",
          "OfficialTitle":"A Cross Sectional Study of the Systems Immunology and Viral Diversity of SARS-CoV2 Infection, COVID-19 Disease and Multisystem Inflammatory Syndrome in Children",
          "Acronym":"MISC-COVID"
        },
        "StatusModule":{
          "StatusVerifiedDate":"April 2021",
          "OverallStatus":"Recruiting",
          "ExpandedAccessInfo":{
            "HasExpandedAccess":"No"
          },
          "StartDateStruct":{
            "StartDate":"December 23, 2020",
            "StartDateType":"Actual"
          },
          "PrimaryCompletionDateStruct":{
            "PrimaryCompletionDate":"June 22, 2021",
            "PrimaryCompletionDateType":"Anticipated"
          },
          "CompletionDateStruct":{
            "CompletionDate":"June 22, 2021",
            "CompletionDateType":"Anticipated"
          },
          "StudyFirstSubmitDate":"April 13, 2021",
          "StudyFirstSubmitQCDate":"April 13, 2021",
          "StudyFirstPostDateStruct":{
            "StudyFirstPostDate":"April 14, 2021",
            "StudyFirstPostDateType":"Actual"
          },
          "LastUpdateSubmitDate":"April 15, 2021",
          "LastUpdatePostDateStruct":{
            "LastUpdatePostDate":"April 19, 2021",
            "LastUpdatePostDateType":"Estimate"
          }
        },
        "SponsorCollaboratorsModule":{
          "ResponsibleParty":{
            "ResponsiblePartyType":"Sponsor"
          },
          "LeadSponsor":{
            "LeadSponsorName":"Tuberculosis Research Centre, India",
            "LeadSponsorClass":"OTHER_GOV"
          },
          "CollaboratorList":{
            "Collaborator":[
              {
                "CollaboratorName":"National Institutes of Health (NIH)",
                "CollaboratorClass":"NIH"
              }
            ]
          }
        },
        "OversightModule":{
          "OversightHasDMC":"Yes",
          "IsFDARegulatedDrug":"No",
          "IsFDARegulatedDevice":"No"
        },
        "DescriptionModule":{
          "BriefSummary":"Rationale: Severe Acute Respiratory Syndrome - Coronavirus - 2 (SARS-CoV2) and its related Coronavirus Disease - 19 (COVID-19) has become a health emergency worldwide. The medical community has been concerned since the beginning of the outbreak about the potential impact of COVID-19 in children, especially in those with underlying chronic diseases. Fortunately, COVID-19 has been reported to be less severe in children than in adults. Unfortunately, a new multisystem inflammatory syndrome apparently related to infection with SARS-CoV-2 has recently been reported in older children (known as MIS-C), manifested by severe abdominal pain, cardiac dysfunction and shock. However, the SARS-CoV2 infection and the underlying immunology of COVID-19, its correlation with disease severity and MIS-C in children is not fully explored.\n\nObjectives: To perform systems immunology and strain diversity among SARS-CoV2 and MIS-C infected children.\n\nStudy design: Cross sectional study. Study population: Children attending outpatients units and admitted in wards in pediatric hospitals in Chennai.\n\nMain study parameters/endpoints: Immune responses in children with SARS-CoV2 infection and multisystem inflammatory syndrome in children (MIS-C) infection and its association of SARS-CoV2 viral diversity.",
          "DetailedDescription":"Scientific Background:\n\nCOVID-19 is a global health crisis. The clinical characteristics, disease progression and outcome in children and young adults appear significantly milder compared to older individuals. Since first being reported in Wuhan, China in December 2019, COVID-19 has rapidly spread, affecting over 200 countries worldwide. Children account for 1-5% of diagnosed COVID-19 cases; although, many infected children may be asymptomatic and therefore not diagnosed without population screening. Most infected children are likely to be secondary cases and acquire the infection after exposure to a COVID-19 positive adult, although there are no longitudinal data to confirm this yet. Intra-family transmission may be important since, an unquantified proportion of children with COVID-19 areasymptomatic and may contribute to transmission. Multiple reports have demonstrated that children and young adults have a milder form of the disease compared to adults. Asymptomatic, mild and moderate infections comprise over 90% of all children who have tested positive for COVID-19 with fewer severe and critical cases (5.9%) compared to adults (18.5%). Given that severe COVID-19 appears very rare in children, an important part of this assessment is ascertaining whether a positive RT-PCR for SARS-CoV-2 is a clinically important factor in explaining the child's condition, or whether more occult pathology may be responsible.\n\nWhen the COVID-19 pandemic was first reported in Asia and initially spread throughout the globe, pediatricians were grateful that children seemed to be only mildly symptomatic with the infection in most cases. Then, an alarming warning came from the National Health Service in England in April 2020 about cases of older school-aged children and adolescents presenting with fever, hypotension, severe abdominal pain and cardiac dysfunction who tested positive for SARS-CoV-2 infection either by nasopharyngeal RT-PCR assay or by antibody testing. These children had laboratory findings of cytokine storm, including high serum IL-6 levels, and generally required inotropic support to increase cardiac output with rare need for extracorporeal membrane oxygenation. Almost all of these children no longer required intensive care after only a few days and completely recovered, although rare deaths resulted from complications of extracorporeal membrane oxygenation. Case series of children presenting with this condition have now been reported from the UK, Italy, Spain, France and Switzerland, and the United States. The Centers for Disease Control and Prevention (CDC) has developed a case definition for use in the United States and has termed the condition multisystem inflammatory syndrome in children (MIS-C). If MIS-C is indeed related to infection with SARS-CoV-2, the pathophysiological mechanism of disease is unclear.\n\nVery few studies have addressed the immune responses to SARS-CoV2 (either humoral or cell mediated immunity) in children. It is therefore necessary to study the immune responses in asymptomatic infections, prior infections and MIS-C to understand the pathogenesis of the disease.\n\nWhole-genome sequencing of pathogens, especially viruses, is a powerful tool to generate rapid information on outbreaks, resulting in effective understanding of the introduction of the infection, dynamics of transmission, and impact of informed outbreak control decisions. In- deed, genomic data can be used to identify pathogen genes interacting with the host and allows characterisation of the more evolutionary constrained regions of a pathogen genome, which should be preferentially targeted to avoid rapid drug and vaccine escape mutants. (1). As the SARS-CoV-2 virus races around the world across the different population, there needs to be a consolidated effort to understand the divergence of demographically distributed strains. Since the transmission of SARS-CoV-2 is subject to the extent of human interaction, the insights from the correlation of genetic diversity would give vital information to tackle this transmission.\n\nRecent published studies have reported that when comparing the 305 Indian SARS-CoV-2 genomes, a number of nucleotide variants or segregating sites being identified. Recent literature report that there is the presence of multiple lineages of SARS-CoV-2 in India in different geographic regions. 20A and 20B together (belonging to the former haplotype of A2a) are the predominant haplotypes at pan India level and in each region. Interestingly, the haplotypes were differentially distributed in different regions. While the 20A were most abundant in Northern and Eastern India, 20B was found to be the most abundant haplotype in Western and Southern India. The ancestral haplotypes of 19A and 19B were mostly found in Northern and Eastern India, with 19B being the most abundant in the latter region. While multiple haplotypes were introduced during the early part of the outbreak in March-May 2020, the 20A, B and C haplotypes (A2a) became the predominant haplotypes in all regions by June 2020. However, there are no studies that have characterised the viral diversity in this pediatric population and its association with immunological response and disease severity, in SARS-CoV-2 infected children.\n\nStudy objectives:\n\nTo perform systems immunology of SARS-CoV2 infection, COVID-19 disease and MIS-C in children\nTo identify the SARS-CoV2 viral diversity in the pediatric population and correlate with immune responses and disease severity."
        },
        "ConditionsModule":{
          "ConditionList":{
            "Condition":[
              "SARS-CoV2 Infection",
              "Multisystem Inflammatory Syndrome in Children"
            ]
          }
        },
        "DesignModule":{
          "StudyType":"Observational",
          "PatientRegistry":"No",
          "DesignInfo":{
            "DesignObservationalModelList":{
              "DesignObservationalModel":[
                "Case-Control"
              ]
            },
            "DesignTimePerspectiveList":{
              "DesignTimePerspective":[
                "Cross-Sectional"
              ]
            }
          },
          "BioSpec":{
            "BioSpecRetention":"Samples Without DNA",
            "BioSpecDescription":"Blood, nasopharyngeal swab"
          },
          "EnrollmentInfo":{
            "EnrollmentCount":"180",
            "EnrollmentType":"Anticipated"
          }
        },
        "ArmsInterventionsModule":{
          "ArmGroupList":{
            "ArmGroup":[
              {
                "ArmGroupLabel":"Group 1",
                "ArmGroupDescription":"Prior SARS-CoV2 infection as defined by being positive for IgG"
              },{
                "ArmGroupLabel":"Group 2",
                "ArmGroupDescription":"COVID-19 disease as defined as children positive by RT-PCR"
              },{
                "ArmGroupLabel":"Group 3",
                "ArmGroupDescription":"Children with MIS-C according to the WHO or CDC criteria"
              },{
                "ArmGroupLabel":"Group 4",
                "ArmGroupDescription":"Control children who are negative for both RT-PCR and antibody"
              }
            ]
          }
        },
        "OutcomesModule":{
          "PrimaryOutcomeList":{
            "PrimaryOutcome":[
              {
                "PrimaryOutcomeMeasure":"Characterization of immune responses",
                "PrimaryOutcomeDescription":"Immune responses in children with SARS-CoV2 infection and multisystem inflammatory syndrome in children (MIS-C) infection and its association of SARS-CoV2 viral diversity",
                "PrimaryOutcomeTimeFrame":"6 months"
              }
            ]
          }
        },
        "EligibilityModule":{
          "EligibilityCriteria":"Inclusion Criteria:\n\nChildren between 1 to 15 years of age\nWilling to provide informed consent (parents)/assent\nFor Group 1 - Positive or Negative for COVID-19 by RT-PCR but positive for SARS-CoV2 IgG\nFor Group 2 - Positive for COVID-19 by RT-PCR but negative for SARS-CoV2 IgG\nFor Group 3 - Positive for COVID-19 by RT-PCR or positive for SARS-CoV2 IgG antibody\nFor Group 4 - Control children who are negative for both RT-PCR and IgG antibody\n\nExclusion Criteria:\n\nSeverely immunocompromised or anemic (WHO criteria in children) or malnourished\nHistory of any illness or condition which, in the investigator's judgment, may substantially increase the risk associated with the participant's participation in the protocol, or compromise the scientific objectives",
          "Gender":"All",
          "MinimumAge":"1 Year",
          "MaximumAge":"15 Years",
          "StdAgeList":{
            "StdAge":[
              "Child"
            ]
          },
          "StudyPopulation":"Children attending outpatient clinics and admitted in the wards of Institute Of Child Health and Hospital for Children, Rainbow Childrens Hospital and Dr. Mehta's Childrens Hospitals, Chennai.",
          "SamplingMethod":"Non-Probability Sample"
        },
        "ContactsLocationsModule":{
          "CentralContactList":{
            "CentralContact":[
              {
                "CentralContactName":"PAVAN KUMAR, PhD",
                "CentralContactRole":"Contact",
                "CentralContactPhone":"9940292543",
                "CentralContactEMail":"pavankumarn@nirt.res.in"
              }
            ]
          },
          "LocationList":{
            "Location":[
              {
                "LocationFacility":"Tuberculosis Research Centre",
                "LocationStatus":"Recruiting",
                "LocationCity":"Chennai",
                "LocationState":"Tamilnadu",
                "LocationZip":"600031",
                "LocationCountry":"India",
                "LocationContactList":{
                  "LocationContact":[
                    {
                      "LocationContactName":"Subash Babu, MBBS, PhD",
                      "LocationContactRole":"Contact",
                      "LocationContactPhone":"91-44-28369711",
                      "LocationContactEMail":"sbabu@nirt.res.in"
                    },{
                      "LocationContactName":"Subash Babu, MBBS, PhD",
                      "LocationContactRole":"Principal Investigator"
                    }
                  ]
                }
              }
            ]
          }
        },
        "IPDSharingStatementModule":{
          "IPDSharing":"No"
        }
      },
      "DerivedSection":{
        "MiscInfoModule":{
          "VersionHolder":"April 19, 2021"
        },
        "ConditionBrowseModule":{
          "ConditionMeshList":{
            "ConditionMesh":[
              {
                "ConditionMeshId":"D000007239",
                "ConditionMeshTerm":"Infection"
              },{
                "ConditionMeshId":"D000013577",
                "ConditionMeshTerm":"Syndrome"
              }
            ]
          },
          "ConditionAncestorList":{
            "ConditionAncestor":[
              {
                "ConditionAncestorId":"D000004194",
                "ConditionAncestorTerm":"Disease"
              },{
                "ConditionAncestorId":"D000010335",
                "ConditionAncestorTerm":"Pathologic Processes"
              }
            ]
          },
          "ConditionBrowseLeafList":{
            "ConditionBrowseLeaf":[
              {
                "ConditionBrowseLeafId":"M8866",
                "ConditionBrowseLeafName":"Infection",
                "ConditionBrowseLeafAsFound":"Infection",
                "ConditionBrowseLeafRelevance":"high"
              },{
                "ConditionBrowseLeafId":"M4951",
                "ConditionBrowseLeafName":"Communicable Diseases",
                "ConditionBrowseLeafRelevance":"low"
              },{
                "ConditionBrowseLeafId":"M14938",
                "ConditionBrowseLeafName":"Syndrome",
                "ConditionBrowseLeafAsFound":"Syndrome",
                "ConditionBrowseLeafRelevance":"high"
              },{
                "ConditionBrowseLeafId":"T4202",
                "ConditionBrowseLeafName":"Oculocerebral Syndrome With Hypopigmentation",
                "ConditionBrowseLeafRelevance":"low"
              }
            ]
          },
          "ConditionBrowseBranchList":{
            "ConditionBrowseBranch":[
              {
                "ConditionBrowseBranchAbbrev":"BC01",
                "ConditionBrowseBranchName":"Bacterial and Fungal Diseases"
              },{
                "ConditionBrowseBranchAbbrev":"All",
                "ConditionBrowseBranchName":"All Conditions"
              },{
                "ConditionBrowseBranchAbbrev":"BC23",
                "ConditionBrowseBranchName":"Symptoms and General Pathology"
              },{
                "ConditionBrowseBranchAbbrev":"Rare",
                "ConditionBrowseBranchName":"Rare Diseases"
              }
            ]
          }
        },
        "InterventionBrowseModule":{
          "InterventionBrowseLeafList":{
            "InterventionBrowseLeaf":[
              {
                "InterventionBrowseLeafId":"M2806",
                "InterventionBrowseLeafName":"Antibodies",
                "InterventionBrowseLeafRelevance":"low"
              },{
                "InterventionBrowseLeafId":"M8767",
                "InterventionBrowseLeafName":"Immunoglobulins",
                "InterventionBrowseLeafRelevance":"low"
              }
            ]
          },
          "InterventionBrowseBranchList":{
            "InterventionBrowseBranch":[
              {
                "InterventionBrowseBranchAbbrev":"All",
                "InterventionBrowseBranchName":"All Drugs and Chemicals"
              }
            ]
          }
        }
      }
    }
  }
}

