{
  "FullStudy":{
    "Rank":175,
    "Study":{
      "ProtocolSection":{
        "IdentificationModule":{
          "NCTId":"NCT04847674",
          "OrgStudyIdInfo":{
            "OrgStudyId":"TV53275-AS-20033"
          },
          "SecondaryIdInfoList":{
            "SecondaryIdInfo":[
              {
                "SecondaryId":"2021-001439-22",
                "SecondaryIdType":"EudraCT Number"
              }
            ]
          },
          "Organization":{
            "OrgFullName":"Teva Pharmaceutical Industries",
            "OrgClass":"INDUSTRY"
          },
          "BriefTitle":"A Study to Test if TEV-53275 is Effective in Relieving Asthma",
          "OfficialTitle":"A Phase 2, Multicenter, Randomized, Double Blind, Placebo Controlled, Parallel Group Study to Assess the Safety, Efficacy and Pharmacodynamics of TEV 53275 Administered Subcutaneously in Adult Patients With Persistent Eosinophilic Asthma"
        },
        "StatusModule":{
          "StatusVerifiedDate":"April 2021",
          "OverallStatus":"Recruiting",
          "ExpandedAccessInfo":{
            "HasExpandedAccess":"No"
          },
          "StartDateStruct":{
            "StartDate":"April 6, 2021",
            "StartDateType":"Actual"
          },
          "PrimaryCompletionDateStruct":{
            "PrimaryCompletionDate":"June 1, 2022",
            "PrimaryCompletionDateType":"Anticipated"
          },
          "CompletionDateStruct":{
            "CompletionDate":"June 29, 2022",
            "CompletionDateType":"Anticipated"
          },
          "StudyFirstSubmitDate":"April 5, 2021",
          "StudyFirstSubmitQCDate":"April 15, 2021",
          "StudyFirstPostDateStruct":{
            "StudyFirstPostDate":"April 19, 2021",
            "StudyFirstPostDateType":"Estimate"
          },
          "LastUpdateSubmitDate":"April 15, 2021",
          "LastUpdatePostDateStruct":{
            "LastUpdatePostDate":"April 19, 2021",
            "LastUpdatePostDateType":"Estimate"
          }
        },
        "SponsorCollaboratorsModule":{
          "ResponsibleParty":{
            "ResponsiblePartyType":"Sponsor"
          },
          "LeadSponsor":{
            "LeadSponsorName":"Teva Branded Pharmaceutical Products R&D, Inc.",
            "LeadSponsorClass":"INDUSTRY"
          }
        },
        "OversightModule":{
          "OversightHasDMC":"Yes",
          "IsFDARegulatedDrug":"Yes",
          "IsFDARegulatedDevice":"No"
        },
        "DescriptionModule":{
          "BriefSummary":"The primary objective of the study is to evaluate the efficacy of TEV-53275 administered subcutaneously (sc) in adult participants with persistent asthma and an eosinophilic phenotype compared to placebo. A secondary objective is to evaluate the efficacy of TEV-53275 compared to placebo assessed by lung function, asthma symptoms, rescue medication use, and quality of life measures. Another secondary objective is to evaluate the safety and tolerability of TEV-53275 administered sc in adult participants with persistent asthma and an eosinophilic phenotype compared with placebo, and lastly, to evaluate the immunogenicity of TEV-53275 administered sc in adult participants with persistent asthma and an eosinophilic phenotype.",
          "DetailedDescription":"The planned study duration is approximately 16 months.\n\nThe total duration of study participation is approximately 34 weeks including up to a 2-week screening period, a 2-week run-in period, a 16-week treatment period, and a follow-up visit 14 weeks after the final treatment visit."
        },
        "ConditionsModule":{
          "ConditionList":{
            "Condition":[
              "Asthma"
            ]
          },
          "KeywordList":{
            "Keyword":[
              "Persistent",
              "Eosinophilic",
              "Asthma"
            ]
          }
        },
        "DesignModule":{
          "StudyType":"Interventional",
          "PhaseList":{
            "Phase":[
              "Phase 2"
            ]
          },
          "DesignInfo":{
            "DesignAllocation":"Randomized",
            "DesignInterventionModel":"Parallel Assignment",
            "DesignPrimaryPurpose":"Treatment",
            "DesignMaskingInfo":{
              "DesignMasking":"Quadruple",
              "DesignWhoMaskedList":{
                "DesignWhoMasked":[
                  "Participant",
                  "Care Provider",
                  "Investigator",
                  "Outcomes Assessor"
                ]
              }
            }
          },
          "EnrollmentInfo":{
            "EnrollmentCount":"300",
            "EnrollmentType":"Anticipated"
          }
        },
        "ArmsInterventionsModule":{
          "ArmGroupList":{
            "ArmGroup":[
              {
                "ArmGroupLabel":"TEV-53275 Dose A",
                "ArmGroupType":"Experimental",
                "ArmGroupInterventionList":{
                  "ArmGroupInterventionName":[
                    "Drug: TEV-53275 Dose A"
                  ]
                }
              },{
                "ArmGroupLabel":"TEV-53275 Dose B",
                "ArmGroupType":"Experimental",
                "ArmGroupInterventionList":{
                  "ArmGroupInterventionName":[
                    "Drug: TEV-53275 Dose B"
                  ]
                }
              },{
                "ArmGroupLabel":"Placebo",
                "ArmGroupType":"Placebo Comparator",
                "ArmGroupInterventionList":{
                  "ArmGroupInterventionName":[
                    "Drug: Placebo"
                  ]
                }
              }
            ]
          },
          "InterventionList":{
            "Intervention":[
              {
                "InterventionType":"Drug",
                "InterventionName":"TEV-53275 Dose A",
                "InterventionDescription":"subcutaneous (sc) injection",
                "InterventionArmGroupLabelList":{
                  "InterventionArmGroupLabel":[
                    "TEV-53275 Dose A"
                  ]
                }
              },{
                "InterventionType":"Drug",
                "InterventionName":"TEV-53275 Dose B",
                "InterventionDescription":"subcutaneous (sc) injection",
                "InterventionArmGroupLabelList":{
                  "InterventionArmGroupLabel":[
                    "TEV-53275 Dose B"
                  ]
                }
              },{
                "InterventionType":"Drug",
                "InterventionName":"Placebo",
                "InterventionDescription":"Matching subcutaneous (sc) placebo injection",
                "InterventionArmGroupLabelList":{
                  "InterventionArmGroupLabel":[
                    "Placebo"
                  ]
                }
              }
            ]
          }
        },
        "OutcomesModule":{
          "PrimaryOutcomeList":{
            "PrimaryOutcome":[
              {
                "PrimaryOutcomeMeasure":"Change from baseline in morning Forced Expiratory Volume in 1 Second (FEV1).",
                "PrimaryOutcomeDescription":"FEV1 was the volume of air exhaled in the first second of a forced expiration as measured by spirometer. FEV1 was defined as the predose trough morning percent predicted FEV1 measurement at the randomization visit (Baseline [Day 1]) at the investigational center.",
                "PrimaryOutcomeTimeFrame":"Baseline, Week 12"
              }
            ]
          },
          "SecondaryOutcomeList":{
            "SecondaryOutcome":[
              {
                "SecondaryOutcomeMeasure":"Percentage of asthma control weeks",
                "SecondaryOutcomeTimeFrame":"Week 1, Week 12, Week 16"
              },{
                "SecondaryOutcomeMeasure":"Change from baseline in weekly average of daily morning trough (pre-rescue bronchodilator) FEV1",
                "SecondaryOutcomeTimeFrame":"Baseline, Week 12, Week 16"
              },{
                "SecondaryOutcomeMeasure":"Change from baseline in weekly average of rescue medication use",
                "SecondaryOutcomeTimeFrame":"Baseline, Week 12, Week 16"
              },{
                "SecondaryOutcomeMeasure":"Change from baseline in percentage of asthma control days (no symptoms and no rescue medication use)",
                "SecondaryOutcomeTimeFrame":"Baseline, Week 12, Week 16"
              },{
                "SecondaryOutcomeMeasure":"Time to first clinical asthma exacerbation (CAE)",
                "SecondaryOutcomeTimeFrame":"Week 30"
              },{
                "SecondaryOutcomeMeasure":"Change from baseline in Asthma Control Questionnaire (ACQ-6)",
                "SecondaryOutcomeDescription":"Six questions are self-assessments (completed by the participant). Each item on the ACQ-6 has a possible score ranging from 0 to 6 (0=no impairment; 6=maximum impairment), and the total score is the mean of all responses.",
                "SecondaryOutcomeTimeFrame":"Baseline, Week 12, Week 16"
              },{
                "SecondaryOutcomeMeasure":"Change from baseline in Asthma Control Test (ACT)",
                "SecondaryOutcomeDescription":"A participant self-administered tool for identifying those with poorly controlled asthma comprising 5 items. Total scores range from 5 (poor control of asthma) to 25 (complete control of asthma), with higher scores reflecting greater asthma control.",
                "SecondaryOutcomeTimeFrame":"Baseline, Week 12, Week 16"
              },{
                "SecondaryOutcomeMeasure":"Change from baseline in Standardized Asthma Quality of Life Questionnaire (AQLQ[S])",
                "SecondaryOutcomeDescription":"The questionnaire is a tool to measure the impact of asthma on a participant's quality of life (physical, emotional, social, and occupational). The questionnaire contains 32 items with a 2-week recall period and uses a 7-point Likert scale (7=not impaired at all to 1=severely impaired). Scores range from 1 to 7, with higher scores indicating better quality of life.",
                "SecondaryOutcomeTimeFrame":"Baseline, Week 12, Week 16"
              },{
                "SecondaryOutcomeMeasure":"Proportion of participants who achieve FEV1:FVC (forced vital capacity) ratio ≥0.80",
                "SecondaryOutcomeTimeFrame":"Week 12, Week 16"
              },{
                "SecondaryOutcomeMeasure":"Number of participants reporting at least one adverse event",
                "SecondaryOutcomeDescription":"Adverse events will include clinically significant laboratory test results (serum chemistry, hematology, and urinalysis), vital signs, 12-lead electrocardiogram (ECG) results, and injection site reactions.",
                "SecondaryOutcomeTimeFrame":"Week 30"
              },{
                "SecondaryOutcomeMeasure":"Number of participants who reported use of concomitant medications",
                "SecondaryOutcomeTimeFrame":"Week 30"
              },{
                "SecondaryOutcomeMeasure":"Number of participants developing antidrug antibodies (ADAs) throughout the study",
                "SecondaryOutcomeTimeFrame":"Week 30"
              }
            ]
          }
        },
        "EligibilityModule":{
          "EligibilityCriteria":"Inclusion Criteria:\n\nThe participant is an adult female or male ≥18 years of age. Note: Age requirements are as specified or allowed by local regulations.\nThe participant has a diagnosis of asthma for at least 6 months and has been stable without exacerbation or change in medications for at least 3 months.\n\nCurrent Asthma Therapy: The participant has been maintained for at least 3 months on stable doses of:\n\nmedium or high dose inhaled corticosteroids (ICS)±another controller.\nany fixed dose combination ICS (low, medium, or high) with long-acting beta agonist (LABA)±another controller.\nWomen of non-childbearing potential, or congenitally sterile, or 1-year postmenopausal. Women of childbearing potential must have a negative β-human chorionic gonadotropin (β-HCG) test result and practice a highly effective method of birth control prior to investigational medicinal product (IMP) administration and 30 weeks after the dose of IMP.\nThe participant, as judged by the investigator, is able to continue their current asthma maintenance medications throughout the study.\n\nNOTE- Additional criteria apply, please contact the investigator for more information.\n\nExclusion Criteria:\n\nLife threatening asthma, defined as a history of asthma episode(s) requiring intubation and/or associated hypercapnea, respiratory arrest, hypoxic seizures, or asthma-related syncopal episode(s).\nThe participant has a suspected bacterial or viral infection of the upper or lower respiratory tract, sinus, or middle ear that has not resolved at least 2 weeks before the screening period. Note: Participants who develop an upper respiratory infection/lower respiratory infection (URI/LRI) during the run-in period may rescreen 2 weeks after symptoms resolve and undergo coronavirus disease 2019 (COVID-19) testing.\nParticipants with a confirmed infection with COVID-19 within 3 months prior to the screening visit.\nThe participant has an eosinophilic condition including hypereosinophilic syndrome, eosinophilic pneumonia, eosinophilic granulomatosis with polyangiitis (EGPA [Churg Strauss syndrome]), or allergic bronchopulmonary aspergillosis.\nThe participant has an active helminthic or parasitic infection currently or within the last 6 months.\nThe participant has a history of malignancy other than fully resected basal cell carcinoma of the skin.\nThe participant has any clinically significant, uncontrolled medical or psychiatric condition (treated or untreated) that would interfere with the study schedule or procedures, interpretation of efficacy results, or compromise the participant's safety.\nThe participant has known history of, or a positive test result for, hepatitis B surface antigen (HBsAg), hepatitis C virus (HCV) antibodies (Ab), or human immunodeficiency virus (HIV) Types 1 or 2 Ab (according to 4th generation serology testing).\nThe participant is a pregnant or lactating woman, or plans to become pregnant during the study.\nThe participant has previously participated in a study with TEV-53275.\nThe participant has participated in another study of an IMP (or a medical device) within the previous 30 days or is currently participating in another study of an IMP (or a medical device).\nThe participant has been treated with a monoclonal antibody or is currently using or has used a systemic immunosuppressive medication within the last 6 months.\nThe participant has a history of chronic alcohol or drug abuse within the previous 2 years.\nThe participant currently smokes or has a smoking history of 10 pack years or more (a pack year is defined as smoking 1 pack of cigarettes [20 cigarettes]/day for 1 year), OR the participant used tobacco or marijuana products within the past year (eg, cigarettes, cigars, chewing tobacco, or pipe tobacco), OR the participant has a history of \"vaping\" tobacco, marijuana, or any other substance within 24 months.\nVulnerable participants (eg, people kept in detention).\n\nNOTE- Additional criteria apply, please contact the investigator for more information",
          "HealthyVolunteers":"No",
          "Gender":"All",
          "MinimumAge":"18 Years",
          "StdAgeList":{
            "StdAge":[
              "Adult",
              "Older Adult"
            ]
          }
        },
        "ContactsLocationsModule":{
          "CentralContactList":{
            "CentralContact":[
              {
                "CentralContactName":"Teva U.S. Medical Information",
                "CentralContactRole":"Contact",
                "CentralContactPhone":"1-888-483-8279",
                "CentralContactEMail":"USMedInfo@tevapharm.com"
              }
            ]
          },
          "OverallOfficialList":{
            "OverallOfficial":[
              {
                "OverallOfficialName":"Teva Medical Expert, MD",
                "OverallOfficialAffiliation":"Teva Branded Pharmaceutical Products R&D, Inc.",
                "OverallOfficialRole":"Study Director"
              }
            ]
          },
          "LocationList":{
            "Location":[
              {
                "LocationFacility":"Teva Investigational Site 15132",
                "LocationStatus":"Recruiting",
                "LocationCity":"Tampa",
                "LocationState":"Florida",
                "LocationZip":"33607",
                "LocationCountry":"United States"
              }
            ]
          }
        },
        "IPDSharingStatementModule":{
          "IPDSharing":"Yes",
          "IPDSharingDescription":"Qualified researchers may request access to patient level data and related study documents including the study protocol and the statistical analysis plan. Requests will be reviewed for scientific merit, product approval status, and conflicts of interest. Patient level data will be de-identified and study documents will be redacted to protect the privacy of trial participants and to protect commercially confidential information. Please email USMedInfo@tevapharm.com to make your request"
        }
      },
      "DerivedSection":{
        "MiscInfoModule":{
          "VersionHolder":"April 19, 2021"
        },
        "ConditionBrowseModule":{
          "ConditionMeshList":{
            "ConditionMesh":[
              {
                "ConditionMeshId":"D000001249",
                "ConditionMeshTerm":"Asthma"
              }
            ]
          },
          "ConditionAncestorList":{
            "ConditionAncestor":[
              {
                "ConditionAncestorId":"D000001982",
                "ConditionAncestorTerm":"Bronchial Diseases"
              },{
                "ConditionAncestorId":"D000012140",
                "ConditionAncestorTerm":"Respiratory Tract Diseases"
              },{
                "ConditionAncestorId":"D000008173",
                "ConditionAncestorTerm":"Lung Diseases, Obstructive"
              },{
                "ConditionAncestorId":"D000008171",
                "ConditionAncestorTerm":"Lung Diseases"
              },{
                "ConditionAncestorId":"D000012130",
                "ConditionAncestorTerm":"Respiratory Hypersensitivity"
              },{
                "ConditionAncestorId":"D000006969",
                "ConditionAncestorTerm":"Hypersensitivity, Immediate"
              },{
                "ConditionAncestorId":"D000006967",
                "ConditionAncestorTerm":"Hypersensitivity"
              },{
                "ConditionAncestorId":"D000007154",
                "ConditionAncestorTerm":"Immune System Diseases"
              }
            ]
          },
          "ConditionBrowseLeafList":{
            "ConditionBrowseLeaf":[
              {
                "ConditionBrowseLeafId":"M3137",
                "ConditionBrowseLeafName":"Asthma",
                "ConditionBrowseLeafAsFound":"Asthma",
                "ConditionBrowseLeafRelevance":"high"
              },{
                "ConditionBrowseLeafId":"M13094",
                "ConditionBrowseLeafName":"Pulmonary Eosinophilia",
                "ConditionBrowseLeafRelevance":"low"
              },{
                "ConditionBrowseLeafId":"M3840",
                "ConditionBrowseLeafName":"Bronchial Diseases",
                "ConditionBrowseLeafRelevance":"low"
              },{
                "ConditionBrowseLeafId":"M13560",
                "ConditionBrowseLeafName":"Respiratory Tract Diseases",
                "ConditionBrowseLeafRelevance":"low"
              },{
                "ConditionBrowseLeafId":"M9753",
                "ConditionBrowseLeafName":"Lung Diseases, Obstructive",
                "ConditionBrowseLeafRelevance":"low"
              },{
                "ConditionBrowseLeafId":"M9751",
                "ConditionBrowseLeafName":"Lung Diseases",
                "ConditionBrowseLeafRelevance":"low"
              },{
                "ConditionBrowseLeafId":"M8601",
                "ConditionBrowseLeafName":"Hypersensitivity",
                "ConditionBrowseLeafRelevance":"low"
              },{
                "ConditionBrowseLeafId":"M13550",
                "ConditionBrowseLeafName":"Respiratory Hypersensitivity",
                "ConditionBrowseLeafRelevance":"low"
              },{
                "ConditionBrowseLeafId":"M8603",
                "ConditionBrowseLeafName":"Hypersensitivity, Immediate",
                "ConditionBrowseLeafRelevance":"low"
              },{
                "ConditionBrowseLeafId":"M8783",
                "ConditionBrowseLeafName":"Immune System Diseases",
                "ConditionBrowseLeafRelevance":"low"
              }
            ]
          },
          "ConditionBrowseBranchList":{
            "ConditionBrowseBranch":[
              {
                "ConditionBrowseBranchAbbrev":"BC08",
                "ConditionBrowseBranchName":"Respiratory Tract (Lung and Bronchial) Diseases"
              },{
                "ConditionBrowseBranchAbbrev":"BC20",
                "ConditionBrowseBranchName":"Immune System Diseases"
              },{
                "ConditionBrowseBranchAbbrev":"All",
                "ConditionBrowseBranchName":"All Conditions"
              },{
                "ConditionBrowseBranchAbbrev":"BC15",
                "ConditionBrowseBranchName":"Blood and Lymph Conditions"
              }
            ]
          }
        }
      }
    }
  }
}

