{
  "FullStudy":{
    "Rank":238,
    "Study":{
      "ProtocolSection":{
        "IdentificationModule":{
          "NCTId":"NCT04846855",
          "OrgStudyIdInfo":{
            "OrgStudyId":"2018-A03402-53"
          },
          "Organization":{
            "OrgFullName":"Ramsay Générale de Santé",
            "OrgClass":"OTHER"
          },
          "BriefTitle":"Regional Anesthesia for Totally Awake Upper Limb Surgery in PEDiatric Population",
          "OfficialTitle":"Regional Anesthesia for Totally Awake Upper Limb Surgery in PEDiatric Population- RAPATED",
          "Acronym":"RAPATED"
        },
        "StatusModule":{
          "StatusVerifiedDate":"April 2020",
          "OverallStatus":"Recruiting",
          "ExpandedAccessInfo":{
            "HasExpandedAccess":"No"
          },
          "StartDateStruct":{
            "StartDate":"September 18, 2020",
            "StartDateType":"Actual"
          },
          "PrimaryCompletionDateStruct":{
            "PrimaryCompletionDate":"September 30, 2021",
            "PrimaryCompletionDateType":"Anticipated"
          },
          "CompletionDateStruct":{
            "CompletionDate":"September 30, 2021",
            "CompletionDateType":"Anticipated"
          },
          "StudyFirstSubmitDate":"April 12, 2021",
          "StudyFirstSubmitQCDate":"April 12, 2021",
          "StudyFirstPostDateStruct":{
            "StudyFirstPostDate":"April 15, 2021",
            "StudyFirstPostDateType":"Actual"
          },
          "LastUpdateSubmitDate":"April 12, 2021",
          "LastUpdatePostDateStruct":{
            "LastUpdatePostDate":"April 15, 2021",
            "LastUpdatePostDateType":"Actual"
          }
        },
        "SponsorCollaboratorsModule":{
          "ResponsibleParty":{
            "ResponsiblePartyType":"Sponsor"
          },
          "LeadSponsor":{
            "LeadSponsorName":"Ramsay Générale de Santé",
            "LeadSponsorClass":"OTHER"
          },
          "CollaboratorList":{
            "Collaborator":[
              {
                "CollaboratorName":"Hôpital Privé Claude Galien-Service Dr Maupain",
                "CollaboratorClass":"UNKNOWN"
              }
            ]
          }
        },
        "OversightModule":{
          "OversightHasDMC":"No",
          "IsFDARegulatedDrug":"No",
          "IsFDARegulatedDevice":"No"
        },
        "DescriptionModule":{
          "BriefSummary":"Peripheral loco-regional anesthesia (LRA) for anesthetic purposes is a technique widely used in adults for upper limb surgery. In pediatrics, LRA is not classically considered on its own. It is usually performed for analgesic purposes during sedation or general anesthesia. It is entirely possible to carry out awakened peripheral blocks in communicating children, of school age, thus avoiding the issues of GA in pediatrics, in particular in an emergency context. The use of Emla anesthetic skin patches for punctures (perfusion and LRA) as well as the viewing of cartoons on touch tablets during treatment can improve the perception of painless care such as LRA and treatment.\n\nIn pediatrics, only ropivacaine at a concentration of 0.2% has Marketing Authorization in pediatrics in children under 12 for the production of peripheral blocks. On the basis of the experience of the Claude Galien Private Hospital in this area, it seems interesting to assess the feasibility of upper limb surgery under anesthetic LRA alone with a dose of ropivacaine at the concentration 0.35% in communicating children, of school age.",
          "DetailedDescription":"Peripheral loco-regional anesthesia (LRA) for anesthetic purposes is a technique widely used in adults for upper limb surgery. It allows peripheral surgeries to be performed without putting the patient to sleep and thus avoiding certain disadvantages of general anesthesia (GA).\n\nIn pediatrics, LRA is not classically considered on its own. It is usually performed for analgesic purposes during sedation or GA.\n\nSubject to respecting a strict protocol and taking advantage of considerable developments in the field of LRA, it is entirely possible to carry out awakened peripheral blocks in communicating children, of school age, thus avoiding the pitfalls of GA in pediatrics, in particular in an emergency context (inhalation on a full stomach, respiratory risk in children with colds, inhalational anesthesia with an anxiety mask, postoperative vomiting nausea, disorientation and delusions upon waking ...) Indeed, the exclusive use of ultrasound, the use of adapted needles, the improvement of knowledge in sono-anatomy, the reduction in doses and concentrations of local anesthetics are all developments in the field of LRA allowing to improve the conditions of safety, comfort for the patient and success of the technique.\n\nBeyond technical considerations, there are ways to improve the child's experience with care. The use of Emla anesthetic skin patches for punctures (perfusion and ALR) as well as the viewing of cartoons on touch tablets during treatment can improve the perception of painless care such as ALR and treatment. charge in the operating room.\n\nIn pediatrics, only ropivacaine at a concentration of 0.2% has Marketing Authorization in pediatrics in children under 12 for the production of peripheral blocks. Higher concentrations of ropivacaine, used in several pediatric studies, have nevertheless shown their good tolerance and their efficacy Under reserve not to exceed 3mg / kg and to use concentrations up to 0.5% On the basis of these arguments, and with the experience of the Claude Galien Private Hospital in this area, it seems interesting to assess the feasibility of upper limb surgery under anesthetic ALR alone with a dose of ropivacaine at the concentration 0.35% in communicating children, of school age."
        },
        "ConditionsModule":{
          "ConditionList":{
            "Condition":[
              "Surgery",
              "Anesthesia, Local",
              "Pediatric ALL"
            ]
          },
          "KeywordList":{
            "Keyword":[
              "surgery",
              "local anesthesia",
              "Pediatric",
              "Ropivacaine"
            ]
          }
        },
        "DesignModule":{
          "StudyType":"Interventional",
          "PhaseList":{
            "Phase":[
              "Phase 4"
            ]
          },
          "DesignInfo":{
            "DesignAllocation":"N/A",
            "DesignInterventionModel":"Single Group Assignment",
            "DesignInterventionModelDescription":"monocentric, interventional, longitudinal, prospective, non-comparative.",
            "DesignPrimaryPurpose":"Supportive Care",
            "DesignMaskingInfo":{
              "DesignMasking":"None (Open Label)"
            }
          },
          "EnrollmentInfo":{
            "EnrollmentCount":"100",
            "EnrollmentType":"Anticipated"
          }
        },
        "ArmsInterventionsModule":{
          "ArmGroupList":{
            "ArmGroup":[
              {
                "ArmGroupLabel":"Ropivacaine 35%",
                "ArmGroupType":"Experimental",
                "ArmGroupDescription":"Local Anesthesia with Ropivacaine",
                "ArmGroupInterventionList":{
                  "ArmGroupInterventionName":[
                    "Drug: local anaesthetic injection"
                  ]
                }
              }
            ]
          },
          "InterventionList":{
            "Intervention":[
              {
                "InterventionType":"Drug",
                "InterventionName":"local anaesthetic injection",
                "InterventionDescription":"Realization by the anesthesiologist of the local anesthesia by single dose of ropivacaine 0.35% in perinervous under ultrasound with distraction by a tablette.",
                "InterventionArmGroupLabelList":{
                  "InterventionArmGroupLabel":[
                    "Ropivacaine 35%"
                  ]
                }
              }
            ]
          }
        },
        "OutcomesModule":{
          "PrimaryOutcomeList":{
            "PrimaryOutcome":[
              {
                "PrimaryOutcomeMeasure":"LRA succes",
                "PrimaryOutcomeDescription":"percentage of children in whom ALR and surgery were performed without additional sedation or general anesthesia.",
                "PrimaryOutcomeTimeFrame":"2 hours"
              }
            ]
          }
        },
        "EligibilityModule":{
          "EligibilityCriteria":"Inclusion Criteria:\n\nChild aged 6 to 12.\nAble to understand and express themselves.\nIntended for orthopedic surgery of the upper limb involving the hand, wrist, forearm or elbow.\nASA class 1-2.\nPatient who has given free and informed consent.\nParent present having given their free and informed consent.\nAffiliated patient or beneficiary of a social security scheme\n\nExclusion Criteria:\n\nRefusal of the child and / or parent to participate in the study.\nImmediate vital emergency.\nDuration of planned surgery> 1h30.\nHistory of allergy to LA.\nContraindication to carrying out ALR (local infection, pathology contraindicating ALR, preoperative neurological deficit).\nRefusal by the surgeon.\nChild already sedated or premedicated in the emergency room.\nDigital tablet not available.\nPatient participating in another clinical study.",
          "HealthyVolunteers":"No",
          "Gender":"All",
          "MinimumAge":"6 Years",
          "MaximumAge":"12 Years",
          "StdAgeList":{
            "StdAge":[
              "Child"
            ]
          }
        },
        "ContactsLocationsModule":{
          "CentralContactList":{
            "CentralContact":[
              {
                "CentralContactName":"Jean François OUDET",
                "CentralContactRole":"Contact",
                "CentralContactPhone":"0683346567",
                "CentralContactPhoneExt":"0683346567",
                "CentralContactEMail":"jeanfrancois.oudet@free.fr"
              },{
                "CentralContactName":"MH barba",
                "CentralContactRole":"Contact",
                "CentralContactPhone":"+330664888704",
                "CentralContactPhoneExt":"+330664888704",
                "CentralContactEMail":"mh.barba@ecten.eu"
              }
            ]
          },
          "OverallOfficialList":{
            "OverallOfficial":[
              {
                "OverallOfficialName":"Jean Sende, PHD",
                "OverallOfficialAffiliation":"Ramsay santé",
                "OverallOfficialRole":"Principal Investigator"
              }
            ]
          },
          "LocationList":{
            "Location":[
              {
                "LocationFacility":"Hôpital Privé d'Antony",
                "LocationStatus":"Recruiting",
                "LocationCity":"Antony",
                "LocationState":"IDF",
                "LocationZip":"92160",
                "LocationCountry":"France",
                "LocationContactList":{
                  "LocationContact":[
                    {
                      "LocationContactName":"JF OUDET",
                      "LocationContactRole":"Contact",
                      "LocationContactPhone":"+33683346567",
                      "LocationContactPhoneExt":"+33683346567",
                      "LocationContactEMail":"jf.oudet@ecten.eu"
                    },{
                      "LocationContactName":"MH barba",
                      "LocationContactRole":"Contact",
                      "LocationContactPhone":"+330664888704",
                      "LocationContactPhoneExt":"+330664888704",
                      "LocationContactEMail":"mh.barba@ecten.eu"
                    },{
                      "LocationContactName":"Eric Dunet",
                      "LocationContactRole":"Principal Investigator"
                    }
                  ]
                }
              }
            ]
          }
        },
        "IPDSharingStatementModule":{
          "IPDSharing":"Undecided"
        }
      },
      "DerivedSection":{
        "MiscInfoModule":{
          "VersionHolder":"April 19, 2021"
        },
        "ConditionBrowseModule":{
          "ConditionBrowseLeafList":{
            "ConditionBrowseLeaf":[
              {
                "ConditionBrowseLeafId":"T1134",
                "ConditionBrowseLeafName":"Childhood Acute Lymphoblastic Leukemia",
                "ConditionBrowseLeafAsFound":"Pediatric ALL",
                "ConditionBrowseLeafRelevance":"high"
              }
            ]
          },
          "ConditionBrowseBranchList":{
            "ConditionBrowseBranch":[
              {
                "ConditionBrowseBranchAbbrev":"Rare",
                "ConditionBrowseBranchName":"Rare Diseases"
              },{
                "ConditionBrowseBranchAbbrev":"All",
                "ConditionBrowseBranchName":"All Conditions"
              }
            ]
          }
        },
        "InterventionBrowseModule":{
          "InterventionMeshList":{
            "InterventionMesh":[
              {
                "InterventionMeshId":"D000000777",
                "InterventionMeshTerm":"Anesthetics"
              },{
                "InterventionMeshId":"D000000779",
                "InterventionMeshTerm":"Anesthetics, Local"
              }
            ]
          },
          "InterventionAncestorList":{
            "InterventionAncestor":[
              {
                "InterventionAncestorId":"D000002492",
                "InterventionAncestorTerm":"Central Nervous System Depressants"
              },{
                "InterventionAncestorId":"D000045505",
                "InterventionAncestorTerm":"Physiological Effects of Drugs"
              },{
                "InterventionAncestorId":"D000018689",
                "InterventionAncestorTerm":"Sensory System Agents"
              },{
                "InterventionAncestorId":"D000018373",
                "InterventionAncestorTerm":"Peripheral Nervous System Agents"
              }
            ]
          },
          "InterventionBrowseLeafList":{
            "InterventionBrowseLeaf":[
              {
                "InterventionBrowseLeafId":"M1700",
                "InterventionBrowseLeafName":"Ropivacaine",
                "InterventionBrowseLeafRelevance":"low"
              },{
                "InterventionBrowseLeafId":"M2690",
                "InterventionBrowseLeafName":"Anesthetics, Local",
                "InterventionBrowseLeafAsFound":"Coaching",
                "InterventionBrowseLeafRelevance":"high"
              },{
                "InterventionBrowseLeafId":"M2688",
                "InterventionBrowseLeafName":"Anesthetics",
                "InterventionBrowseLeafAsFound":"Absence of",
                "InterventionBrowseLeafRelevance":"high"
              }
            ]
          },
          "InterventionBrowseBranchList":{
            "InterventionBrowseBranch":[
              {
                "InterventionBrowseBranchAbbrev":"CNSDep",
                "InterventionBrowseBranchName":"Central Nervous System Depressants"
              },{
                "InterventionBrowseBranchAbbrev":"All",
                "InterventionBrowseBranchName":"All Drugs and Chemicals"
              }
            ]
          }
        }
      }
    }
  }
}

