{
  "FullStudy":{
    "Rank":215,
    "Study":{
      "ProtocolSection":{
        "IdentificationModule":{
          "NCTId":"NCT04847154",
          "OrgStudyIdInfo":{
            "OrgStudyId":"XH-21-003"
          },
          "Organization":{
            "OrgFullName":"Xinhua Hospital, Shanghai Jiao Tong University School of Medicine",
            "OrgClass":"OTHER"
          },
          "BriefTitle":"Endometrium Microbiome Alterations in Cesarean Section Diverticula Before and After Transvaginal Repair Surgery",
          "OfficialTitle":"Endometrium Microbiome Alterations in Cesarean Section Diverticula Before and After Transvaginal Repair Surgery"
        },
        "StatusModule":{
          "StatusVerifiedDate":"April 2021",
          "OverallStatus":"Not yet recruiting",
          "ExpandedAccessInfo":{
            "HasExpandedAccess":"No"
          },
          "StartDateStruct":{
            "StartDate":"April 12, 2021",
            "StartDateType":"Anticipated"
          },
          "PrimaryCompletionDateStruct":{
            "PrimaryCompletionDate":"April 12, 2021",
            "PrimaryCompletionDateType":"Anticipated"
          },
          "CompletionDateStruct":{
            "CompletionDate":"December 31, 2022",
            "CompletionDateType":"Anticipated"
          },
          "StudyFirstSubmitDate":"April 14, 2021",
          "StudyFirstSubmitQCDate":"April 14, 2021",
          "StudyFirstPostDateStruct":{
            "StudyFirstPostDate":"April 19, 2021",
            "StudyFirstPostDateType":"Estimate"
          },
          "LastUpdateSubmitDate":"April 14, 2021",
          "LastUpdatePostDateStruct":{
            "LastUpdatePostDate":"April 19, 2021",
            "LastUpdatePostDateType":"Estimate"
          }
        },
        "SponsorCollaboratorsModule":{
          "ResponsibleParty":{
            "ResponsiblePartyType":"Sponsor"
          },
          "LeadSponsor":{
            "LeadSponsorName":"Xinhua Hospital, Shanghai Jiao Tong University School of Medicine",
            "LeadSponsorClass":"OTHER"
          }
        },
        "OversightModule":{
          "IsFDARegulatedDrug":"No",
          "IsFDARegulatedDevice":"No"
        },
        "DescriptionModule":{
          "BriefSummary":"The study compares the microbiome differences in the endometrium between normal people and patients with uterine diverticula after cesarean section and aims to discover the essential microbes and their metabolites that highly associate with the repair of myometrium through metagenomics and metabolomics. It verifies that flora disorder in the endometrium is the important cause of poor uterine repair after cesarean section. Then these patients with uterine diverticula receive the transvaginal repair surgery. Through the follow-up with them, we gain the microbiome differences of the endometrium before and after the surgery and show the validity of transvaginal repair surgery in the level of microbiome and metabolism."
        },
        "ConditionsModule":{
          "ConditionList":{
            "Condition":[
              "Cesarean Section Complications"
            ]
          }
        },
        "DesignModule":{
          "StudyType":"Observational",
          "PatientRegistry":"No",
          "DesignInfo":{
            "DesignObservationalModelList":{
              "DesignObservationalModel":[
                "Cohort"
              ]
            },
            "DesignTimePerspectiveList":{
              "DesignTimePerspective":[
                "Other"
              ]
            }
          },
          "EnrollmentInfo":{
            "EnrollmentCount":"60",
            "EnrollmentType":"Anticipated"
          }
        },
        "OutcomesModule":{
          "PrimaryOutcomeList":{
            "PrimaryOutcome":[
              {
                "PrimaryOutcomeMeasure":"Change of Endometrium Microbiome",
                "PrimaryOutcomeDescription":"analysis the microbiome differences in the endometrium between normal people and patients with uterine diverticula after cesarean section and after vaginal repair surgery",
                "PrimaryOutcomeTimeFrame":"In the 7th day of the period"
              }
            ]
          }
        },
        "EligibilityModule":{
          "EligibilityCriteria":"Inclusion Criteria:\n\nhave one cesarean delivery, have intermenstrual spotting after the cesarean section or Residual muscle thickness was less than 3.0 mm at the preoperative stage underwent magnetic resonance imaging and transvaginalultrasound to evaluate the size of the defect and the Residual muscle thickness before surgery have vaginal repair of Cesarean Section Diverticula write consent for operation.\n\nExclusion Criteria:\n\nhave a history of endocrine disorders have coagulation disorders use of intrauterine devices have sub-mucous myoma have endometrial diseases have endometrial cysts, uterine fibroids, and adenomyosis",
          "HealthyVolunteers":"Accepts Healthy Volunteers",
          "Gender":"Female",
          "MinimumAge":"18 Years",
          "MaximumAge":"35 Years",
          "StdAgeList":{
            "StdAge":[
              "Adult"
            ]
          },
          "StudyPopulation":"30 Healthy women with cesarean section without Cesarean Section Diverticula 30 Healthy women with cesarean section with Cesarean Section Diverticula",
          "SamplingMethod":"Non-Probability Sample"
        }
      },
      "DerivedSection":{
        "MiscInfoModule":{
          "VersionHolder":"April 19, 2021"
        },
        "ConditionBrowseModule":{
          "ConditionMeshList":{
            "ConditionMesh":[
              {
                "ConditionMeshId":"D000004240",
                "ConditionMeshTerm":"Diverticulum"
              }
            ]
          },
          "ConditionAncestorList":{
            "ConditionAncestor":[
              {
                "ConditionAncestorId":"D000076385",
                "ConditionAncestorTerm":"Diverticular Diseases"
              },{
                "ConditionAncestorId":"D000059413",
                "ConditionAncestorTerm":"Intraabdominal Infections"
              },{
                "ConditionAncestorId":"D000007239",
                "ConditionAncestorTerm":"Infection"
              },{
                "ConditionAncestorId":"D000005759",
                "ConditionAncestorTerm":"Gastroenteritis"
              },{
                "ConditionAncestorId":"D000005767",
                "ConditionAncestorTerm":"Gastrointestinal Diseases"
              },{
                "ConditionAncestorId":"D000004066",
                "ConditionAncestorTerm":"Digestive System Diseases"
              },{
                "ConditionAncestorId":"D000020763",
                "ConditionAncestorTerm":"Pathological Conditions, Anatomical"
              }
            ]
          },
          "ConditionBrowseLeafList":{
            "ConditionBrowseLeaf":[
              {
                "ConditionBrowseLeafId":"M5999",
                "ConditionBrowseLeafName":"Diverticulum",
                "ConditionBrowseLeafAsFound":"Diverticulum",
                "ConditionBrowseLeafRelevance":"high"
              },{
                "ConditionBrowseLeafId":"M1603",
                "ConditionBrowseLeafName":"Diverticular Diseases",
                "ConditionBrowseLeafRelevance":"low"
              },{
                "ConditionBrowseLeafId":"M8866",
                "ConditionBrowseLeafName":"Infection",
                "ConditionBrowseLeafRelevance":"low"
              },{
                "ConditionBrowseLeafId":"M4951",
                "ConditionBrowseLeafName":"Communicable Diseases",
                "ConditionBrowseLeafRelevance":"low"
              },{
                "ConditionBrowseLeafId":"M28052",
                "ConditionBrowseLeafName":"Intraabdominal Infections",
                "ConditionBrowseLeafRelevance":"low"
              },{
                "ConditionBrowseLeafId":"M7458",
                "ConditionBrowseLeafName":"Gastroenteritis",
                "ConditionBrowseLeafRelevance":"low"
              },{
                "ConditionBrowseLeafId":"M5838",
                "ConditionBrowseLeafName":"Digestive System Diseases",
                "ConditionBrowseLeafRelevance":"low"
              },{
                "ConditionBrowseLeafId":"M7466",
                "ConditionBrowseLeafName":"Gastrointestinal Diseases",
                "ConditionBrowseLeafRelevance":"low"
              },{
                "ConditionBrowseLeafId":"M21103",
                "ConditionBrowseLeafName":"Pathological Conditions, Anatomical",
                "ConditionBrowseLeafRelevance":"low"
              }
            ]
          },
          "ConditionBrowseBranchList":{
            "ConditionBrowseBranch":[
              {
                "ConditionBrowseBranchAbbrev":"BC01",
                "ConditionBrowseBranchName":"Bacterial and Fungal Diseases"
              },{
                "ConditionBrowseBranchAbbrev":"BC06",
                "ConditionBrowseBranchName":"Digestive System Diseases"
              },{
                "ConditionBrowseBranchAbbrev":"BC23",
                "ConditionBrowseBranchName":"Symptoms and General Pathology"
              },{
                "ConditionBrowseBranchAbbrev":"All",
                "ConditionBrowseBranchName":"All Conditions"
              }
            ]
          }
        }
      }
    }
  }
}

