{
  "FullStudy":{
    "Rank":548,
    "Study":{
      "ProtocolSection":{
        "IdentificationModule":{
          "NCTId":"NCT04842825",
          "OrgStudyIdInfo":{
            "OrgStudyId":"IRB00006761-M2020368"
          },
          "Organization":{
            "OrgFullName":"Peking University Third Hospital",
            "OrgClass":"OTHER"
          },
          "BriefTitle":"Sequential Therapy of TCM Herbs to Improve the Success Rate of IVF-ET in Diminished Ovarian Reserve Patients",
          "OfficialTitle":"A Randomized Controlled Study on Sequential Therapy of Kidney Tonifying and Blood Regulating Herbs to Improve the Success Rate of IVF-ET in Patients With Ovarian Reserve Dysfunction"
        },
        "StatusModule":{
          "StatusVerifiedDate":"April 2021",
          "OverallStatus":"Not yet recruiting",
          "ExpandedAccessInfo":{
            "HasExpandedAccess":"No"
          },
          "StartDateStruct":{
            "StartDate":"April 15, 2021",
            "StartDateType":"Anticipated"
          },
          "PrimaryCompletionDateStruct":{
            "PrimaryCompletionDate":"December 30, 2022",
            "PrimaryCompletionDateType":"Anticipated"
          },
          "CompletionDateStruct":{
            "CompletionDate":"December 30, 2022",
            "CompletionDateType":"Anticipated"
          },
          "StudyFirstSubmitDate":"March 17, 2021",
          "StudyFirstSubmitQCDate":"April 9, 2021",
          "StudyFirstPostDateStruct":{
            "StudyFirstPostDate":"April 13, 2021",
            "StudyFirstPostDateType":"Actual"
          },
          "LastUpdateSubmitDate":"April 9, 2021",
          "LastUpdatePostDateStruct":{
            "LastUpdatePostDate":"April 13, 2021",
            "LastUpdatePostDateType":"Actual"
          }
        },
        "SponsorCollaboratorsModule":{
          "ResponsibleParty":{
            "ResponsiblePartyType":"Sponsor"
          },
          "LeadSponsor":{
            "LeadSponsorName":"Peking University Third Hospital",
            "LeadSponsorClass":"OTHER"
          }
        },
        "OversightModule":{
          "OversightHasDMC":"Yes",
          "IsFDARegulatedDrug":"No",
          "IsFDARegulatedDevice":"No"
        },
        "DescriptionModule":{
          "BriefSummary":"In the early stage, our team found that traditional Chinese medicine (TCM) intervention aimed at Nourishing kidney and regulating blood circulation in vitro fertilization and embryo transfer(IVF-ET) can improve the clinical pregnancy rate. In order to further study the role of TCM in improving the pregnancy outcome of IVF-ET in infertility due to decreased ovarian reserve (DOR). A randomized controlled clinical trial was used in this study. 200 infertile patients with DOR were randomly divided into two groups. The control group was treated with conventional modern medicine, and the treatment group was treated with traditional Chinese herbs on the basis of conventional modern medicine.\n\nThe intervention started from the 5th day of the first menstrual cycles after enrollment and lasted for three months before IVF-ET. After the transplantation, the TCM treatment continues for 14 days. The number of oocytes, antral follicles, anti-Mullerian hormone(AMH), serum follicle-stimulating hormone(FSH), and clinical pregnancy rate will be observed to evaluate the effect of traditional Chinese medicine on the improvement of ovarian function, pregnancy outcome, and fertility of DOR patients.",
          "DetailedDescription":"The study will be conducted on patients with DOR attending our reproductive medicine centre for proposed IVF-ET between January 2021and December 2022.\n\nThe trial is designed as a randomised, controlled clinical trial with two groups established by 1:1 equal allocation, a treatment group with interventions using herbs to tonify the kidneys and regulate blood and a control group treated using conventional Western medicine.\n\nRandom numbers will be prepared by an independent third-party statistician who prepared a list of random group codes for this study. Enrolled subjects will be given a subject number during the screening process and, upon formal enrolment, will be randomly assigned to either the test or control group with a corresponding random number.\n\nTreatment method Phase I: The control group will be treated with conventional Western medicine, whereas the treatment group will receive sequential treatment with the Chinese herbal formula 2 months before the proposed embryo transfer(ET) to regulate menstruation and improve ovarian reserve function. Treatment with the Chinese herbal formula will start on the 5th day of menstruation after entering the super-ovulation cycle. The medicines used will be Er Zhi Wan combined with Si Wu Tang (Radix et Rhizoma Ligustrum 15 g, Radix Morindae Sinensis 12 g, Fructus Lycii 15 g, Semen Cuscutae 20 g, Radix Rehmanniae 20 g, Radix Angelicae Sinensis 10 g, Radix Paeoniae Alba 12 g, Radix Yam 20 g); which will be taken for 10-15days. After ovulation, the herbs used to warm the kidney and regulate the blood will be changed to Er Xian Promoting Pregnancy Decoction with Si Wu Decoction (Curculus 10 g, Xianling spleen 15 g, Morinda officinalis 15 g, Cuscutae 20 g, Amethyst 15 g, Rehmannia 20 g, Angelica 15 g, Chuanxiong 10 g); which will be taken for 10-15days. The hospital will be responsible for the decoction of 200 mL per dose, 1 dose per day, divided into 2 doses in the morning and in the evening.\n\nPhase 2: After ET, the control group will be treated conventionally with no TCM intervention, and the treatment group will continue to take Chinese herbal medicine, changing to tonifying the kidney, regulating blood, and calming the foetus, using Shou Foetus pill combined with Si WuTang with addition and subtraction (Cuscuta 15 g, Sambucus 15 g, Chuan Guan Gong 10 g, Agaricus 9 g, Shu Di 15 g, Angelica 10 g, Bai Shao 12 g), which will be taken until the 14th day of transplantation.\n\nMedication Patients that meet the inclusion criteria will be assigned to one of two groups according to a randomisation table after completing the relevant tests and signing the informed consent form. The control group will be treated routinely, and the treatment group will begin taking the assigned drugs on the 5th day (with no intervention drugs taken on days 1-4) of menstruation for two menstrual cycles before IVF until the day of ET and then continue the intervention for 14 days after ET.\n\nFollow-up plan Blood tests to measure progesterone and human chorionic gonadotropin(hCG) will be performed 14 days after fresh or frozen ET. If the blood results confirm pregnancy, a clinical pregnancy will be confirmed after 2 weeks by vaginal ultrasound. When a gestational sac is seen in the uterus, the presence or absence of ectopic pregnancy and the number of implanted foetuses will be determined. Those with clinical pregnancy will be followed for final pregnancy outcome (miscarriage/live birth, week of delivery, and a number of new-borns), delivery (mode of delivery and pregnancy complications), and offspring (sex, weight, length, presence of birth defects, and stillbirth). Follow-up will be limited to subjects with transferred embryos obtained from egg retrieval in this study. In the case of subject withdrawal or dropout from the study, detailed reasons will be recorded."
        },
        "ConditionsModule":{
          "ConditionList":{
            "Condition":[
              "Infertility, Female"
            ]
          },
          "KeywordList":{
            "Keyword":[
              "infertility",
              "traditional chinese medicine",
              "ovarian reserve",
              "Fertilization in Vitro",
              "Embryo Transfer"
            ]
          }
        },
        "DesignModule":{
          "StudyType":"Interventional",
          "PhaseList":{
            "Phase":[
              "Phase 3"
            ]
          },
          "DesignInfo":{
            "DesignAllocation":"Randomized",
            "DesignInterventionModel":"Parallel Assignment",
            "DesignInterventionModelDescription":"To further investigate its role in improving pregnancy outcomes of IVF-ET in diminished ovarian reserve (DOR) infertility, in this randomized, controlled clinical trial, 200 patients with DOR infertility who intended to undergo IVF-ET will be randomly divided into two groups: a treatment group (Western conventional treatment + kidney-tonifying and blood-regulating herbs) and a control group (Western treatment only). The intervention will be started from the 5th day of menstruation for two menstrual cycles before undergoing IVF-ET until 14 days after transfer.",
            "DesignPrimaryPurpose":"Treatment",
            "DesignMaskingInfo":{
              "DesignMasking":"Single",
              "DesignWhoMaskedList":{
                "DesignWhoMasked":[
                  "Participant"
                ]
              }
            }
          },
          "EnrollmentInfo":{
            "EnrollmentCount":"200",
            "EnrollmentType":"Anticipated"
          }
        },
        "ArmsInterventionsModule":{
          "ArmGroupList":{
            "ArmGroup":[
              {
                "ArmGroupLabel":"kidney-tonifying and blood-regulating herbs treatment group",
                "ArmGroupType":"Experimental",
                "ArmGroupDescription":"the treatment group will receive sequential treatment with the Chinese herbal formula for tonifying the kidney, nourishing the blood, and activating the blood 2 months before the proposed ET to regulate menstruation and improve ovarian reserve function. Treatment with the Chinese herbal formula will continue on the 5th day of menstruation after entering the super-ovulation cycle.",
                "ArmGroupInterventionList":{
                  "ArmGroupInterventionName":[
                    "Drug: Er Zhi Wan combined with Si Wu Tang"
                  ]
                }
              },{
                "ArmGroupLabel":"Western medicine group",
                "ArmGroupType":"Active Comparator",
                "ArmGroupDescription":"The control group will be treated with conventional Western medicine",
                "ArmGroupInterventionList":{
                  "ArmGroupInterventionName":[
                    "Drug: Recombinant Human Follitropin Alfa 、Fructose 、Tetyacycline Hydrochloride Capsules、Cetrorelix Acetate Powder"
                  ]
                }
              }
            ]
          },
          "InterventionList":{
            "Intervention":[
              {
                "InterventionType":"Drug",
                "InterventionName":"Er Zhi Wan combined with Si Wu Tang",
                "InterventionDescription":"The TCM medicines used will be Radix et Rhizoma Ligustrum 15 g, Radix Morindae Sinensis 12 g, Fructus Lycii 15 g, Semen Cuscutae 20 g, Radix Rehmanniae 20 g, Radix Angelicae Sinensis 10 g, Radix Paeoniae Alba 12 g, Radix Yam 20 g. The hospital will be responsible for the decoction of 200 mL per dose, 1 dose per day, divided into 2 doses in the morning and in the evening, for 10-15 days. According to follicular development and endometrial growth monitored by ultrasound, the herbs will be changed to Curculus 10 g, Xianling spleen 15 g, Morinda officinalis 15 g, Cuscutae 20 g, Amethyst 15 g, Rehmannia 20 g, Angelica 15 g, Chuanxiong 10 g，which will be taken for 10-15days.\n\nAfter ET, the treatment group will continue to take Chinese herbal medicine, changing to Cuscuta 15 g, Sambucus 15 g, Chuan Guan Gong 10 g, Agaricus 9 g, Shu Di 15 g, Angelica 10 g, Bai Shao 12 g for 14 days",
                "InterventionArmGroupLabelList":{
                  "InterventionArmGroupLabel":[
                    "kidney-tonifying and blood-regulating herbs treatment group"
                  ]
                },
                "InterventionOtherNameList":{
                  "InterventionOtherName":[
                    "conventional western medicine(Recombinant Human Follitropin Alfa for Injection、Fructose Injection、Tetyacycline Hydrochloride Capsules、Cetrorelix Acetate Powder for Injection )"
                  ]
                }
              },{
                "InterventionType":"Drug",
                "InterventionName":"Recombinant Human Follitropin Alfa 、Fructose 、Tetyacycline Hydrochloride Capsules、Cetrorelix Acetate Powder",
                "InterventionDescription":"The control group will be treated with conventional Western medicine（The specific drug dose is determined according to the individual level of patients）",
                "InterventionArmGroupLabelList":{
                  "InterventionArmGroupLabel":[
                    "Western medicine group"
                  ]
                },
                "InterventionOtherNameList":{
                  "InterventionOtherName":[
                    "(Recombinant Human Follitropin Alfa for Injection、Fructose Injection、Tetyacycline Hydrochloride Capsules、Cetrorelix Acetate Powder for Injection )"
                  ]
                }
              }
            ]
          }
        },
        "OutcomesModule":{
          "PrimaryOutcomeList":{
            "PrimaryOutcome":[
              {
                "PrimaryOutcomeMeasure":"Number of eggs obtained",
                "PrimaryOutcomeDescription":"Obtained by blood sampling before the proposed IVF-ET",
                "PrimaryOutcomeTimeFrame":"up to 15 weeks from enrollment"
              },{
                "PrimaryOutcomeMeasure":"Change from Baseline concentration of Serum anti-Mullerian hormone(AMH) before the proposed IVF-ET",
                "PrimaryOutcomeDescription":"Obtained by blood sampling before taking TCM herbs and before the proposed IVF-ET",
                "PrimaryOutcomeTimeFrame":"The 5th day of menstruation in the month of enrollment and Before the proposed IVF-ET（up to 15 weeks from the enrollment）"
              },{
                "PrimaryOutcomeMeasure":"Change from Baseline concentration of Serum follicle-stimulating hormone (FSH) before the proposed IVF-ET",
                "PrimaryOutcomeDescription":"Obtained by blood sampling before taking TCM herbs and before the proposed IVF-ET",
                "PrimaryOutcomeTimeFrame":"The 5th day of menstruation in the month of enrollment and Before the proposed IVF-ET（up to 15 weeks from the enrollment）"
              },{
                "PrimaryOutcomeMeasure":"Clinical pregnancy rate (%): number of clinical pregnancies/total number of ET cycles",
                "PrimaryOutcomeDescription":"Follow up by telephone calls 30days after the IVF-ET",
                "PrimaryOutcomeTimeFrame":"up to 19 weeks from the enrollment"
              }
            ]
          },
          "SecondaryOutcomeList":{
            "SecondaryOutcome":[
              {
                "SecondaryOutcomeMeasure":"Change from Baseline concentration of antral follicle count(AFC) before the proposed IVF-ET",
                "SecondaryOutcomeDescription":"Obtained by blood sampling before taking TCM herbs and before the proposed IVF-ET",
                "SecondaryOutcomeTimeFrame":"The 5th day of menstruation in the month of enrollment and Before the proposed IVF-ET（up to 15 weeks from the enrollment）"
              },{
                "SecondaryOutcomeMeasure":"Concentration of follicular E2 level on the day of human chorionic gonadotropin(hCG) injection",
                "SecondaryOutcomeDescription":"Obtained by blood sampling before the proposed IVF-ET",
                "SecondaryOutcomeTimeFrame":"up to 15 weeks from enrollment"
              },{
                "SecondaryOutcomeMeasure":"Change from Baseline concentration of Serum luteinising hormone(LH) before the proposed IVF-ET",
                "SecondaryOutcomeDescription":"Obtained by blood sampling before taking TCM herbs and before the proposed IVF-ET",
                "SecondaryOutcomeTimeFrame":"The 5th day of menstruation in the month of enrollment and Before the proposed IVF-ET（up to 15 weeks from the enrollment）"
              },{
                "SecondaryOutcomeMeasure":"Quality egg rate (%)",
                "SecondaryOutcomeDescription":"Before the proposed IVF-ET",
                "SecondaryOutcomeTimeFrame":"up to 15 weeks from enrollment"
              },{
                "SecondaryOutcomeMeasure":"Total amount of ovulation-promoting drugs",
                "SecondaryOutcomeDescription":"Before the proposed IVF-ET",
                "SecondaryOutcomeTimeFrame":"up to 15 weeks from enrollment"
              },{
                "SecondaryOutcomeMeasure":"Fertilisation rate (%)",
                "SecondaryOutcomeDescription":"Before the proposed IVF-ET",
                "SecondaryOutcomeTimeFrame":"up to 15 weeks from enrollment"
              },{
                "SecondaryOutcomeMeasure":"Implantation rate (%): number of gestational sacs/number of embryos transferred",
                "SecondaryOutcomeDescription":"30days after the IVF-ET",
                "SecondaryOutcomeTimeFrame":"up to 19 weeks from the enrollment"
              },{
                "SecondaryOutcomeMeasure":"Concentration of human chorionic gonadotropin(hCG)",
                "SecondaryOutcomeDescription":"14days after the IVF-ET",
                "SecondaryOutcomeTimeFrame":"up to 17 weeks from the enrollment"
              },{
                "SecondaryOutcomeMeasure":"Concentration of progesterone",
                "SecondaryOutcomeDescription":"14days after the IVF-ET",
                "SecondaryOutcomeTimeFrame":"up to 17 weeks from the enrollment"
              }
            ]
          }
        },
        "EligibilityModule":{
          "EligibilityCriteria":"Inclusion Criteria:\n\nConsent to participate in this clinical trial and sign an informed consent form.\nAge ≤40 years, regular menstrual cycle between 21and 35 days in length.\nMeet the Western diagnostic criteria for DOR.\nMeet the criteria for identifying kidney deficiency in Chinese medicine.\nPlanning to undergo IVF-ET for pregnancy.\n\nExclusion Criteria:\n\nHistory of two or more previous spontaneous abortions (excluding biochemical pregnancy abortions) or three or more previous ETs without obtaining a clinical pregnancy.\nPremature ovarian failure or ovarian gonadotropin resistance syndrome.\nUntreated uterine anomalies or abnormalities, including double uterus or longitudinal uterus (complete or incomplete).\nUntreated hydrocele on one or both fallopian tubes (confirmed by hysterosalpingography).\nUterine adhesions, endometriosis, adenomyosis, endometrial lesions (submucosal fibroids, endometrial polyps, etc.), or uterine fibroids >4 cm.\nEndocrine disorder affecting ovulation, such as polycystic ovary syndrome, hyperprolactinaemia, hyperandrogenaemia, hypothyroidism, or adrenal abnormalities.\nInfertility with abnormal ovarian function due to immune factors, genetic factors, or congenital physical defects.\nPrevious pelvic radiotherapy.\nKnown or suspected sex hormone-related malignancy.\nAllergy to or intolerance of the drugs used in the study.\nCombined contraindications to assisted reproductive technology or pregnancy, such as uncontrolled abnormalities of liver and kidney function, diabetes mellitus (glycosylated haemoglobin ≤7%, fasting blood glucose <10 mmol/L ), hypertension, thyroid disease, symptomatic heart disease, moderate to severe anaemia, history of malignancy or thromboembolism or propensity to thrombosis, severe psychiatric disorder, acute infections of the genitourinary system, sexually transmitted diseases, serious adverse habits such as drug abuse, exposure to teratogenic amounts of radiation, toxins, or drugs (such as prednisone or other hormones, adrenaline, antibiotics, or hypertension, cardiovascular, or antiviral medications) during the active procedure period , and uterine factor infertility or physical illness which prevents the ability to bear a pregnancy.",
          "HealthyVolunteers":"No",
          "Gender":"Female",
          "MinimumAge":"20 Years",
          "MaximumAge":"40 Years",
          "StdAgeList":{
            "StdAge":[
              "Adult"
            ]
          }
        },
        "ContactsLocationsModule":{
          "CentralContactList":{
            "CentralContact":[
              {
                "CentralContactName":"xiyan Xin",
                "CentralContactRole":"Contact",
                "CentralContactPhone":"+86 0108226-4621",
                "CentralContactEMail":"xinxiyan198234@163.com"
              },{
                "CentralContactName":"Ruiwen Fan",
                "CentralContactRole":"Contact",
                "CentralContactEMail":"frw9606@163.com"
              }
            ]
          },
          "OverallOfficialList":{
            "OverallOfficial":[
              {
                "OverallOfficialName":"Dong Li",
                "OverallOfficialAffiliation":"Peking University Third Hospital",
                "OverallOfficialRole":"Study Chair"
              }
            ]
          }
        },
        "IPDSharingStatementModule":{
          "IPDSharing":"No"
        }
      },
      "DerivedSection":{
        "MiscInfoModule":{
          "VersionHolder":"April 19, 2021"
        },
        "ConditionBrowseModule":{
          "ConditionMeshList":{
            "ConditionMesh":[
              {
                "ConditionMeshId":"D000007246",
                "ConditionMeshTerm":"Infertility"
              },{
                "ConditionMeshId":"D000007247",
                "ConditionMeshTerm":"Infertility, Female"
              }
            ]
          },
          "ConditionBrowseLeafList":{
            "ConditionBrowseLeaf":[
              {
                "ConditionBrowseLeafId":"M8873",
                "ConditionBrowseLeafName":"Infertility",
                "ConditionBrowseLeafAsFound":"Infertility",
                "ConditionBrowseLeafRelevance":"high"
              },{
                "ConditionBrowseLeafId":"M8874",
                "ConditionBrowseLeafName":"Infertility, Female",
                "ConditionBrowseLeafAsFound":"Infertility, Female",
                "ConditionBrowseLeafRelevance":"high"
              }
            ]
          },
          "ConditionBrowseBranchList":{
            "ConditionBrowseBranch":[
              {
                "ConditionBrowseBranchAbbrev":"BXS",
                "ConditionBrowseBranchName":"Urinary Tract, Sexual Organs, and Pregnancy Conditions"
              },{
                "ConditionBrowseBranchAbbrev":"All",
                "ConditionBrowseBranchName":"All Conditions"
              }
            ]
          }
        },
        "InterventionBrowseModule":{
          "InterventionMeshList":{
            "InterventionMesh":[
              {
                "InterventionMeshId":"C000062876",
                "InterventionMeshTerm":"Cetrorelix"
              },{
                "InterventionMeshId":"D000005640",
                "InterventionMeshTerm":"Follicle Stimulating Hormone"
              }
            ]
          },
          "InterventionAncestorList":{
            "InterventionAncestor":[
              {
                "InterventionAncestorId":"D000006728",
                "InterventionAncestorTerm":"Hormones"
              },{
                "InterventionAncestorId":"D000006730",
                "InterventionAncestorTerm":"Hormones, Hormone Substitutes, and Hormone Antagonists"
              },{
                "InterventionAncestorId":"D000045505",
                "InterventionAncestorTerm":"Physiological Effects of Drugs"
              },{
                "InterventionAncestorId":"D000005300",
                "InterventionAncestorTerm":"Fertility Agents, Female"
              },{
                "InterventionAncestorId":"D000005299",
                "InterventionAncestorTerm":"Fertility Agents"
              },{
                "InterventionAncestorId":"D000012102",
                "InterventionAncestorTerm":"Reproductive Control Agents"
              },{
                "InterventionAncestorId":"D000006727",
                "InterventionAncestorTerm":"Hormone Antagonists"
              }
            ]
          },
          "InterventionBrowseLeafList":{
            "InterventionBrowseLeaf":[
              {
                "InterventionBrowseLeafId":"M232101",
                "InterventionBrowseLeafName":"Cetrorelix",
                "InterventionBrowseLeafAsFound":"Leading",
                "InterventionBrowseLeafRelevance":"high"
              },{
                "InterventionBrowseLeafId":"M7342",
                "InterventionBrowseLeafName":"Follicle Stimulating Hormone",
                "InterventionBrowseLeafAsFound":"500 ml",
                "InterventionBrowseLeafRelevance":"high"
              },{
                "InterventionBrowseLeafId":"M8372",
                "InterventionBrowseLeafName":"Hormones",
                "InterventionBrowseLeafRelevance":"low"
              },{
                "InterventionBrowseLeafId":"M8371",
                "InterventionBrowseLeafName":"Hormone Antagonists",
                "InterventionBrowseLeafRelevance":"low"
              },{
                "InterventionBrowseLeafId":"T54",
                "InterventionBrowseLeafName":"Angelica",
                "InterventionBrowseLeafRelevance":"low"
              }
            ]
          },
          "InterventionBrowseBranchList":{
            "InterventionBrowseBranch":[
              {
                "InterventionBrowseBranchAbbrev":"Repr",
                "InterventionBrowseBranchName":"Reproductive Control Agents"
              },{
                "InterventionBrowseBranchAbbrev":"All",
                "InterventionBrowseBranchName":"All Drugs and Chemicals"
              },{
                "InterventionBrowseBranchAbbrev":"HB",
                "InterventionBrowseBranchName":"Herbal and Botanical"
              }
            ]
          }
        }
      }
    }
  }
}

