{
  "FullStudy":{
    "Rank":69,
    "Study":{
      "ProtocolSection":{
        "IdentificationModule":{
          "NCTId":"NCT04849052",
          "OrgStudyIdInfo":{
            "OrgStudyId":"2021P000881"
          },
          "Organization":{
            "OrgFullName":"Massachusetts General Hospital",
            "OrgClass":"OTHER"
          },
          "BriefTitle":"Text Messaging to Increase Activity in Midlife",
          "OfficialTitle":"A Randomized Pilot Trial of a Multicomponent Interactive Text Message Intervention to Promote Physical Activity in Midlife Adults",
          "Acronym":"MASTERY"
        },
        "StatusModule":{
          "StatusVerifiedDate":"April 2021",
          "OverallStatus":"Not yet recruiting",
          "ExpandedAccessInfo":{
            "HasExpandedAccess":"No"
          },
          "StartDateStruct":{
            "StartDate":"June 1, 2021",
            "StartDateType":"Anticipated"
          },
          "PrimaryCompletionDateStruct":{
            "PrimaryCompletionDate":"May 31, 2022",
            "PrimaryCompletionDateType":"Anticipated"
          },
          "CompletionDateStruct":{
            "CompletionDate":"May 31, 2022",
            "CompletionDateType":"Anticipated"
          },
          "StudyFirstSubmitDate":"April 13, 2021",
          "StudyFirstSubmitQCDate":"April 13, 2021",
          "StudyFirstPostDateStruct":{
            "StudyFirstPostDate":"April 19, 2021",
            "StudyFirstPostDateType":"Estimate"
          },
          "LastUpdateSubmitDate":"April 13, 2021",
          "LastUpdatePostDateStruct":{
            "LastUpdatePostDate":"April 19, 2021",
            "LastUpdatePostDateType":"Estimate"
          }
        },
        "SponsorCollaboratorsModule":{
          "ResponsibleParty":{
            "ResponsiblePartyType":"Principal Investigator",
            "ResponsiblePartyInvestigatorFullName":"Jeff C. Huffman, MD",
            "ResponsiblePartyInvestigatorTitle":"Director, Cardiac Psychiatry Research Program",
            "ResponsiblePartyInvestigatorAffiliation":"Massachusetts General Hospital"
          },
          "LeadSponsor":{
            "LeadSponsorName":"Massachusetts General Hospital",
            "LeadSponsorClass":"OTHER"
          }
        },
        "OversightModule":{
          "OversightHasDMC":"Yes",
          "IsFDARegulatedDrug":"No",
          "IsFDARegulatedDevice":"No"
        },
        "DescriptionModule":{
          "BriefSummary":"This is a randomized controlled pilot trial of a text message intervention to promote physical activity in midlife adults (MASTERY), compared to an attention-matched control condition. The MASTERY intervention utilizes two-way text message sessions once-weekly for 12 weeks focusing on performing activities to enhance well being, setting physical activity goals, and learning techniques to reduce midlife-specific stress.",
          "DetailedDescription":"This is a randomized controlled pilot trial of a multipronged intervention to promote physical activity in midlife adults (MASTERY), compared to an attention-matched control condition. In MASTERY, participants will have interactive, two-way text message 'sessions' (5-10 minutes of two-way text communication with an automated text-message program) once weekly for 12 weeks. The messages will focus on 3 distinct areas in the same order each week: (1) well-being-based skills and assigned activities, customized for midlife adults, (2) physical activity content focused on setting and reaching weekly activity goals, and (3) specific skills to manage midlife-related stressors that act as barriers to activity. The primary outcome is objectively measured moderate to vigorous physical activity (MVPA). Secondary outcomes include feasibility and acceptability and other activity-related, psychological, and functional outcomes at 12 weeks."
        },
        "ConditionsModule":{
          "ConditionList":{
            "Condition":[
              "Middle Aged"
            ]
          },
          "KeywordList":{
            "Keyword":[
              "Text Message",
              "Physical Activity",
              "Stress Reduction",
              "Positive Psychology",
              "Well-being"
            ]
          }
        },
        "DesignModule":{
          "StudyType":"Interventional",
          "PhaseList":{
            "Phase":[
              "Not Applicable"
            ]
          },
          "DesignInfo":{
            "DesignAllocation":"Randomized",
            "DesignInterventionModel":"Parallel Assignment",
            "DesignInterventionModelDescription":"Randomized, controlled, single-blinded study",
            "DesignPrimaryPurpose":"Prevention",
            "DesignMaskingInfo":{
              "DesignMasking":"Single",
              "DesignMaskingDescription":"While participants and study trainers will be aware of group assignment, a blinded study team member will perform outcome assessments.",
              "DesignWhoMaskedList":{
                "DesignWhoMasked":[
                  "Outcomes Assessor"
                ]
              }
            }
          },
          "EnrollmentInfo":{
            "EnrollmentCount":"80",
            "EnrollmentType":"Anticipated"
          }
        },
        "ArmsInterventionsModule":{
          "ArmGroupList":{
            "ArmGroup":[
              {
                "ArmGroupLabel":"MASTERY Intervention",
                "ArmGroupType":"Experimental",
                "ArmGroupDescription":"Participants will complete a positive psychology activity, work towards a physical activity goal, and use a stress reduction technique, then will complete weekly text message sessions. In the first six weeks, participants will review the activities they performed the prior week, be introduced to new material, choose activities to perform that week, and set a new physical activity goal during the text message sessions. In the final 6 weeks, participants will review progress towards prior goals, set new physical activity goals, and choose positive psychology and stress reduction skills to use that week. Finally, over the course of the program participants will complete three brief calls with a study trainer to discuss progress.",
                "ArmGroupInterventionList":{
                  "ArmGroupInterventionName":[
                    "Behavioral: MASTERY"
                  ]
                }
              },{
                "ArmGroupLabel":"Attentional control",
                "ArmGroupType":"Active Comparator",
                "ArmGroupDescription":"Participants will receive the same physical activity component noted in MASTERY along with added messages providing education and guidance about physical activity, from our past work. Control participants will not receive PP or midlife-related content.",
                "ArmGroupInterventionList":{
                  "ArmGroupInterventionName":[
                    "Behavioral: Attentional Control"
                  ]
                }
              }
            ]
          },
          "InterventionList":{
            "Intervention":[
              {
                "InterventionType":"Behavioral",
                "InterventionName":"MASTERY",
                "InterventionDescription":"In MASTERY, participants will have interactive, two-way text message 'sessions' (5-10 minutes of two-way text communication with an automated text-message program) once weekly for 12 weeks. Furthermore, study trainers will conduct 3 brief calls with participants (Weeks 1, 4, and 7) to introduce the program, assess progress, answer questions, and provide support.",
                "InterventionArmGroupLabelList":{
                  "InterventionArmGroupLabel":[
                    "MASTERY Intervention"
                  ]
                }
              },{
                "InterventionType":"Behavioral",
                "InterventionName":"Attentional Control",
                "InterventionDescription":"Participants in the control condition will also receive text messages once per week. To ensure time matching, the program will have 3 phone check-ins (on physical activity) as in MASTERY.",
                "InterventionArmGroupLabelList":{
                  "InterventionArmGroupLabel":[
                    "Attentional control"
                  ]
                }
              }
            ]
          }
        },
        "OutcomesModule":{
          "PrimaryOutcomeList":{
            "PrimaryOutcome":[
              {
                "PrimaryOutcomeMeasure":"Change in Moderate-Vigorous Physical Activity [MVPA]",
                "PrimaryOutcomeDescription":"ActiGraph accelerometers are validated as measures of physical activity and have been used in numerous studies of physical activity in patients with medical illness. In this trial, participants will wear the accelerometer for one week at baseline, 6 weeks, and 12 weeks. We will report change from baseline to 6 weeks and 12 weeks in the average number of minutes of MVPA performed per day.",
                "PrimaryOutcomeTimeFrame":"Baseline, 6 weeks, 12 weeks"
              }
            ]
          },
          "SecondaryOutcomeList":{
            "SecondaryOutcome":[
              {
                "SecondaryOutcomeMeasure":"Proportion of text message sessions completed",
                "SecondaryOutcomeDescription":"To assess the feasibility of the MASTERY intervention the automated platform will record rates of the proportion of text message sessions in which participants respond and set a physical activity goal.",
                "SecondaryOutcomeTimeFrame":"Weekly over 12 weeks."
              },{
                "SecondaryOutcomeMeasure":"Mean utility ratings of positive psychology text messages",
                "SecondaryOutcomeDescription":"Participants will rate the utility of the positive psychology text message sessions over the past six weeks on a scale of 0 (unhelpful) to 10 (very helpful).",
                "SecondaryOutcomeTimeFrame":"6 weeks; 12 weeks"
              },{
                "SecondaryOutcomeMeasure":"Mean utility ratings of physical activity text messages",
                "SecondaryOutcomeDescription":"Participants will rate the utility of the physical activity text message sessions over the past six weeks on a scale of 0 (unhelpful) to 10 (very helpful).",
                "SecondaryOutcomeTimeFrame":"6 weeks; 12 weeks"
              },{
                "SecondaryOutcomeMeasure":"Mean utility ratings of stress reduction text messages",
                "SecondaryOutcomeDescription":"Participants will rate the utility of the stress reduction text message sessions over the past six weeks on a scale of 0 (unhelpful) to 10 (very helpful).",
                "SecondaryOutcomeTimeFrame":"6 weeks; 12 weeks"
              },{
                "SecondaryOutcomeMeasure":"Mean utility ratings of phone check-ins",
                "SecondaryOutcomeDescription":"Participants will rate the utility of the phone sessions over the past six weeks on a scale of 0 (unhelpful) to 10 (very helpful).",
                "SecondaryOutcomeTimeFrame":"6 weeks; 12 weeks"
              },{
                "SecondaryOutcomeMeasure":"Change in overall physical activity",
                "SecondaryOutcomeDescription":"ActiGraph accelerometers are validated as measures of physical activity and have been used in numerous studies of physical activity in patients with medical illness. In this trial, participants will wear the accelerometer for one week at baseline, 6 weeks, and 12 weeks. We will report change from baseline to 6 weeks and 12 weeks in the average number of steps per day.",
                "SecondaryOutcomeTimeFrame":"Baseline, 6 weeks, 12 weeks"
              },{
                "SecondaryOutcomeMeasure":"Change in sedentary leisure time",
                "SecondaryOutcomeDescription":"ActiGraph accelerometers are validated as measures of physical activity and have been used in numerous studies of physical activity in patients with medical illness. In this trial, participants will wear the accelerometer for one week at baseline, 6 weeks, and 12 weeks. We will report change from baseline to 6 weeks and 12 weeks in the average number of minutes of sedentary leisure time per day. Participants will indicate which hours represent leisure time during workdays and off days/weekends to allow us to ascertain this outcome.",
                "SecondaryOutcomeTimeFrame":"Baseline, 6 weeks, 12 weeks"
              },{
                "SecondaryOutcomeMeasure":"Change in self-reported physical activity",
                "SecondaryOutcomeDescription":"The International Physical Activity Questionnaire (IPAQ) is a well-validated 7-day physical activity recall assessment for physical activity. Activity will be measured by the number of MET-minutes of moderate or greater activity per week, and change will be assessed by subtracting the baseline score from the 6- and 12-week scores.",
                "SecondaryOutcomeTimeFrame":"Baseline, 6 weeks, 12 weeks"
              },{
                "SecondaryOutcomeMeasure":"Change in positive affect (positive affect items of the Positive and Negative Affect Schedule [PANAS])",
                "SecondaryOutcomeDescription":"The positive affect items on the Positive and Negative Affect Schedule (PANAS), a well-validated scale used in other intervention trials and in patients with medical illnesses, will be used to measure positive affect (Range: 10-50). Change will be calculated by subtracting the score at baseline from the score at 6 and 12 weeks. Higher scores indicate higher levels of positive affect.",
                "SecondaryOutcomeTimeFrame":"Baseline, 6 weeks, 12 weeks"
              },{
                "SecondaryOutcomeMeasure":"Change in optimism (Life Orientation Test - Revised [LOT-R])",
                "SecondaryOutcomeDescription":"The Life Orientation Test-Revised is a well-validated 6-item instrument used to measure dispositional optimism (Range: 0-24). Change will be calculated by subtracting the score at baseline from the score at 6 and 12 weeks. Higher scores indicate higher levels of optimism.",
                "SecondaryOutcomeTimeFrame":"Baseline, 6 weeks, 12 weeks"
              },{
                "SecondaryOutcomeMeasure":"Change in life satisfaction (Satisfaction with Life Scale [SWLS])",
                "SecondaryOutcomeDescription":"The Satisfaction with Life Scale is a 5-item scale designed to measure global cognitive judgments of one's life satisfaction (Range: 5-35). Change will be calculated by subtracting the score at baseline from the score at 6 and 12 weeks.",
                "SecondaryOutcomeTimeFrame":"Baseline, 6 weeks, 12 weeks"
              },{
                "SecondaryOutcomeMeasure":"Change in depressive symptoms (Hospital Anxiety and Depression Scale depression subscale [HADS-D])",
                "SecondaryOutcomeDescription":"The Hospital Anxiety and Depression Scale depression subscale (HADS-D) will be used to measure depression. This is a well-validated scale with few somatic symptom items that can confound mood/anxiety assessment in medically-ill patients (Range: 0-21). Change will be calculated by subtracting the score at baseline from the score at 6 and 12 weeks. Higher scores indicate higher levels of depression.",
                "SecondaryOutcomeTimeFrame":"Baseline, 6 weeks, 12 weeks"
              },{
                "SecondaryOutcomeMeasure":"Change in anxiety (Hospital Anxiety and Depression Scale anxiety subscale [HADS-A])",
                "SecondaryOutcomeDescription":"The Hospital Anxiety and Depression Scale (HADS)-anxiety subscale will be used to measure depression. This is a well-validated scale with few somatic symptom items that can confound mood/anxiety assessment in medically-ill patients (Range: 0-21). Change will be calculated by subtracting the score at baseline from the score at 6 and 12 weeks. Higher scores indicate higher levels of anxiety.",
                "SecondaryOutcomeTimeFrame":"Baseline, 6 weeks, 12 weeks"
              },{
                "SecondaryOutcomeMeasure":"Change in exercise self-efficacy (Self-efficacy for Exercise Scale [SES])",
                "SecondaryOutcomeDescription":"The Self-efficacy for Exercise Scale will be used to measure exercise self-efficacy. This is a 9-item scale used to assess an individual's beliefs in their ability to continue exercising on a three time per week basis at moderate intensities for 20+ minutes per session in the future. (Range: 0-90). Change will be calculated by subtracting the score at baseline from the score at 6 and 12 weeks. Higher scores indicate higher levels of self-efficacy.",
                "SecondaryOutcomeTimeFrame":"Baseline, 6 weeks, 12 weeks"
              },{
                "SecondaryOutcomeMeasure":"Change in social support (Norbeck Social Support Questionnaire)",
                "SecondaryOutcomeDescription":"The Norbeck Social Support Questionnaire will be used to assess an individual's perceived emotional and tangible support. Likert scale ratings for each person in the individual's social network will be made and the average across the social network will be calculated (Range:0-4). Change will be calculated by subtracting the score at baseline from the score at 6 and 12 weeks. Higher scores indicate higher levels of perceived social support.",
                "SecondaryOutcomeTimeFrame":"Baseline, 6 weeks, 12 weeks"
              },{
                "SecondaryOutcomeMeasure":"Change in perceived constraints (perceived constraints subscale of the MIDUS Sense of Control measure)",
                "SecondaryOutcomeDescription":"The 8-item subscale of the MIDUS Sense of Control measure will be used to measure internal locus of control - perceived constraints (Range: 8-56). Change will be calculated by subtracting the score at baseline from the score at 6 and 12 weeks. Higher scores indicate higher levels of perceived constraints.",
                "SecondaryOutcomeTimeFrame":"Baseline, 6 weeks, 12 weeks"
              },{
                "SecondaryOutcomeMeasure":"Change in personal mastery (personal mastery subscale of the MIDUS Sense of Control measure)",
                "SecondaryOutcomeDescription":"The 4-item subscale of the MIDUS Sense of Control measure will be used to measure internal locus of control - perceived constraints (Range: 4-28). Change will be calculated by subtracting the score at baseline from the score at 6 and 12 weeks. Higher scores indicate higher levels of perceived constraints.",
                "SecondaryOutcomeTimeFrame":"Baseline, 6 weeks, 12 weeks"
              },{
                "SecondaryOutcomeMeasure":"Change in function (General Health Questionnaire-12 [GHQ-12])",
                "SecondaryOutcomeDescription":"The General Health Questionnaire-12 consists of 12 items and assesses function (Range: 0-36). Change will be calculated by subtracting the score at baseline from the score at 6 and 12 weeks. Higher scores indicate worse functional status.",
                "SecondaryOutcomeTimeFrame":"Baseline, 6 weeks, 12 weeks"
              },{
                "SecondaryOutcomeMeasure":"Change in mental health related quality of life (Medical Outcomes Study Short Form-12 mental component score [SF-12 MCS])",
                "SecondaryOutcomeDescription":"Mental health related quality of life will be assessed via the mental component score of the Medical Outcomes Study SF-12 (Range: 0-100). Change will be calculated by subtracting the score at baseline from the score at 6 and 12 weeks. Higher scores indicate better health-related quality of life.",
                "SecondaryOutcomeTimeFrame":"Baseline, 6 weeks, 12 weeks"
              },{
                "SecondaryOutcomeMeasure":"Change in physical health related quality of life (Medical Outcomes Study Short Form-12 physical component score [SF-12 PCS])",
                "SecondaryOutcomeDescription":"Physical health related quality of life will be assessed via the physical component score of the Medical Outcomes Study SF-12 (Range: 0-100). Change will be calculated by subtracting the score at baseline from the score at 6 and 12 weeks. Higher scores indicate better health-related quality of life.",
                "SecondaryOutcomeTimeFrame":"Baseline, 6 weeks, 12 weeks"
              },{
                "SecondaryOutcomeMeasure":"Change in body weight",
                "SecondaryOutcomeDescription":"Body weight (in kilograms) will be measured by nurses. Change will be calculated by subtracting the weight at baseline from the weight at 6 and 12 weeks.",
                "SecondaryOutcomeTimeFrame":"Baseline, 6 weeks, 12 weeks"
              },{
                "SecondaryOutcomeMeasure":"Change in body mass index (in kilograms per square meter)",
                "SecondaryOutcomeDescription":"Height and weight will be measured by nurses at baseline, 6, and 12 weeks. Change will be calculated by subtracting the baseline value from the value at 6 and 12 weeks.",
                "SecondaryOutcomeTimeFrame":"Baseline, 6 weeks, 12 weeks"
              },{
                "SecondaryOutcomeMeasure":"Change in waist circumference (in centimeters)",
                "SecondaryOutcomeDescription":"Waist circumference will be measured by nurses at baseline, 6, and 12 weeks. Change will be calculated by subtracting the baseline value from the value at 6 and 12 weeks.",
                "SecondaryOutcomeTimeFrame":"Baseline, 6 weeks, 12 weeks"
              },{
                "SecondaryOutcomeMeasure":"Change in blood pressure (millimeters of mercury)",
                "SecondaryOutcomeDescription":"Blood pressure will be measured by nurses at baseline, 6, and 12 weeks. Change will be calculated by subtracting the baseline value from the value at 6 and 12 weeks.",
                "SecondaryOutcomeTimeFrame":"Baseline, 6 weeks, 12 weeks"
              }
            ]
          }
        },
        "EligibilityModule":{
          "EligibilityCriteria":"Inclusion Criteria:\n\nMidlife status (age 45-64 at enrollment).\nLow baseline physical activity (≤150 minutes/week of MVPA]) as initially self-reported via the well-validated IPAQ and then confirmed via accelerometer after 7 days of wear.\n\nExclusion Criteria:\n\nExisting coronary artery disease (CAD; diagnosed via cardiac catheterization using standard coronary artery stenosis definitions or prior ACS).\nAn unrelated condition limiting physical activity (e.g., ambulation with a cane or walker, recent or planned surgery, or other condition such that ability to increase moderate to physical activity would be limited).\nParticipation in any other programs focused on cardiac prevention or well-being (e.g., cardiac rehabilitation).\nA cognitive disturbance precluding participation or informed consent, assessed using a six-item screen7 designed to assess suitability for research participation.\nInability to speak/write fluently in English.\nNo access to a text message-capable phone.",
          "HealthyVolunteers":"No",
          "Gender":"All",
          "MinimumAge":"45 Years",
          "MaximumAge":"64 Years",
          "StdAgeList":{
            "StdAge":[
              "Adult"
            ]
          }
        },
        "ContactsLocationsModule":{
          "CentralContactList":{
            "CentralContact":[
              {
                "CentralContactName":"Jeff C Huffman, MD",
                "CentralContactRole":"Contact",
                "CentralContactPhone":"617-724-2910",
                "CentralContactEMail":"jhuffman@partners.org"
              },{
                "CentralContactName":"Christopher M Celano, MD",
                "CentralContactRole":"Contact",
                "CentralContactPhone":"617-726-6485",
                "CentralContactEMail":"ccelano@mgh.harvard.edu"
              }
            ]
          },
          "OverallOfficialList":{
            "OverallOfficial":[
              {
                "OverallOfficialName":"Jeff C Huffman, MD",
                "OverallOfficialAffiliation":"Massachusetts General Hospital",
                "OverallOfficialRole":"Principal Investigator"
              }
            ]
          }
        },
        "IPDSharingStatementModule":{
          "IPDSharing":"No"
        }
      },
      "DerivedSection":{
        "MiscInfoModule":{
          "VersionHolder":"April 19, 2021"
        }
      }
    }
  }
}

