{
  "FullStudy":{
    "Rank":328,
    "Study":{
      "ProtocolSection":{
        "IdentificationModule":{
          "NCTId":"NCT04845685",
          "OrgStudyIdInfo":{
            "OrgStudyId":"20-010924"
          },
          "Organization":{
            "OrgFullName":"Mayo Clinic",
            "OrgClass":"OTHER"
          },
          "BriefTitle":"A Study to Evaluate Continuous Glucose Monitor in Hospitalized, Post-operative Patients With Diabetes Mellitus",
          "OfficialTitle":"Hospital Use of CGM (Continuous Glucose Monitor) in Post-operative Patients With Diabetes Mellitus at High Risk for Hypo and Hyperglycemia"
        },
        "StatusModule":{
          "StatusVerifiedDate":"April 2021",
          "OverallStatus":"Not yet recruiting",
          "ExpandedAccessInfo":{
            "HasExpandedAccess":"No"
          },
          "StartDateStruct":{
            "StartDate":"April 30, 2021",
            "StartDateType":"Anticipated"
          },
          "PrimaryCompletionDateStruct":{
            "PrimaryCompletionDate":"April 30, 2022",
            "PrimaryCompletionDateType":"Anticipated"
          },
          "CompletionDateStruct":{
            "CompletionDate":"April 30, 2022",
            "CompletionDateType":"Anticipated"
          },
          "StudyFirstSubmitDate":"April 11, 2021",
          "StudyFirstSubmitQCDate":"April 11, 2021",
          "StudyFirstPostDateStruct":{
            "StudyFirstPostDate":"April 15, 2021",
            "StudyFirstPostDateType":"Actual"
          },
          "LastUpdateSubmitDate":"April 11, 2021",
          "LastUpdatePostDateStruct":{
            "LastUpdatePostDate":"April 15, 2021",
            "LastUpdatePostDateType":"Actual"
          }
        },
        "SponsorCollaboratorsModule":{
          "ResponsibleParty":{
            "ResponsiblePartyType":"Principal Investigator",
            "ResponsiblePartyInvestigatorFullName":"Adrian G. Dumitrascu",
            "ResponsiblePartyInvestigatorTitle":"Principal Investigator",
            "ResponsiblePartyInvestigatorAffiliation":"Mayo Clinic"
          },
          "LeadSponsor":{
            "LeadSponsorName":"Mayo Clinic",
            "LeadSponsorClass":"OTHER"
          }
        },
        "OversightModule":{
          "OversightHasDMC":"No",
          "IsFDARegulatedDrug":"No",
          "IsFDARegulatedDevice":"Yes"
        },
        "DescriptionModule":{
          "BriefSummary":"The purposes of this study is to study if CGMs worn in the postoperative ICU or non-ICU hospital setting have adequate accuracy for blood glucose monitoring when compared to point-of-care (POC) capillary glucometers.",
          "DetailedDescription":"Eligible patients will be approached by research staff either preoperatively or on the first 5 days post-surgery and offered to be enrolled. If agreed to participate, they will be fitted with a blinded CGM monitor (Dexcom G6 PRO) as soon as they are awake and alert after the surgery. They will continue to have their blood glucose check as usual in the ICU and on surgical floors with POC glucometers. On discharge, or at the end of the first CGM sensor life, the sensor will be removed and sensor data will be analyzed. CGM data will be compared with Point-of-Care blood glucose monitoring obtained in the hospital."
        },
        "ConditionsModule":{
          "ConditionList":{
            "Condition":[
              "Diabetes Mellitus"
            ]
          }
        },
        "DesignModule":{
          "StudyType":"Interventional",
          "PhaseList":{
            "Phase":[
              "Not Applicable"
            ]
          },
          "DesignInfo":{
            "DesignAllocation":"N/A",
            "DesignInterventionModel":"Single Group Assignment",
            "DesignPrimaryPurpose":"Health Services Research",
            "DesignMaskingInfo":{
              "DesignMasking":"None (Open Label)"
            }
          },
          "EnrollmentInfo":{
            "EnrollmentCount":"50",
            "EnrollmentType":"Anticipated"
          }
        },
        "ArmsInterventionsModule":{
          "ArmGroupList":{
            "ArmGroup":[
              {
                "ArmGroupLabel":"CGM Patients",
                "ArmGroupType":"Experimental",
                "ArmGroupDescription":"Subjects with diabetes mellitus or medication induced diabetes that have been admitted to the hospital after a surgery for organ transplantation or scheduled for organ transplant surgery will be fitted with a CGM monitor to monitor glucose levels during hospitalization",
                "ArmGroupInterventionList":{
                  "ArmGroupInterventionName":[
                    "Device: Continuous Glucose Monitor (CGM)"
                  ]
                }
              }
            ]
          },
          "InterventionList":{
            "Intervention":[
              {
                "InterventionType":"Device",
                "InterventionName":"Continuous Glucose Monitor (CGM)",
                "InterventionDescription":"A device that measures blood sugar levels every 1-5 minutes",
                "InterventionArmGroupLabelList":{
                  "InterventionArmGroupLabel":[
                    "CGM Patients"
                  ]
                },
                "InterventionOtherNameList":{
                  "InterventionOtherName":[
                    "Dexcom G6 PRO"
                  ]
                }
              }
            ]
          }
        },
        "OutcomesModule":{
          "PrimaryOutcomeList":{
            "PrimaryOutcome":[
              {
                "PrimaryOutcomeMeasure":"CGM accuracy",
                "PrimaryOutcomeDescription":"Measured by the mean absolute relative difference (MARD), calculated between matched pairs of POC (point of care) glucose monitors and the closest CGM reading. MARD will be summarized as mean (standard deviation) or median (range) for glucose readings <70g/dl, >180g/dl, >250g/dl respectively.",
                "PrimaryOutcomeTimeFrame":"From date of enrollment and until discharge from the hospital up to 30 days."
              }
            ]
          },
          "SecondaryOutcomeList":{
            "SecondaryOutcome":[
              {
                "SecondaryOutcomeMeasure":"CGM recorded hypoglycemia episodes",
                "SecondaryOutcomeDescription":"The incidence and duration of hypoglycemic episodes",
                "SecondaryOutcomeTimeFrame":"From date of enrollment and until discharge from the hospital up to 30 days."
              },{
                "SecondaryOutcomeMeasure":"CGM recorded hyperglycemia episodes",
                "SecondaryOutcomeDescription":"The incidence and duration of hyperglycemic episodes",
                "SecondaryOutcomeTimeFrame":"From date of enrollment and until discharge from the hospital up to 30 days."
              }
            ]
          }
        },
        "EligibilityModule":{
          "EligibilityCriteria":"Inclusion Criteria:\n\nPatients with Type 1 or 2 Diabetes Mellitus.\nPatients 18 years of age or older.\nAdmitted for deceased donor renal transplant surgery, pancreas transplant surgery, heart transplant surgery, liver transplant surgery and lung transplant surgery.\nAnticipated minimum of 72h hospital stay.\nPatients on insulin therapy (IV, SQ) post-surgery.\n\nExclusion Criteria:\n\nActive COVID-19 infection.\nPregnant or lactating female.\nAltered Mental Status at the time of sensor placement (sensor will be placed once mental status will improve).\nInability to provide informed consent.\nPatients taking more than 4 g of acetaminophen in 24 hours or more than 1 gm every 6 hours.\n\nPatients with skin lesions at the application site that may interfere with placement of the sensor.\n\nPatients with known allergy to medical grade adhesive.",
          "HealthyVolunteers":"No",
          "Gender":"All",
          "MinimumAge":"18 Years",
          "StdAgeList":{
            "StdAge":[
              "Adult",
              "Older Adult"
            ]
          }
        },
        "ContactsLocationsModule":{
          "CentralContactList":{
            "CentralContact":[
              {
                "CentralContactName":"Michelle Perry, RN",
                "CentralContactRole":"Contact",
                "CentralContactPhone":"904-956-0056",
                "CentralContactEMail":"perry.michelle@mayo.edu"
              }
            ]
          },
          "OverallOfficialList":{
            "OverallOfficial":[
              {
                "OverallOfficialName":"Adrian Dumitrascu, MD",
                "OverallOfficialAffiliation":"Mayo Clinic",
                "OverallOfficialRole":"Principal Investigator"
              }
            ]
          },
          "LocationList":{
            "Location":[
              {
                "LocationFacility":"Mayo Clinic in Florida",
                "LocationCity":"Jacksonville",
                "LocationState":"Florida",
                "LocationZip":"32224",
                "LocationCountry":"United States"
              }
            ]
          }
        }
      },
      "DerivedSection":{
        "MiscInfoModule":{
          "VersionHolder":"April 19, 2021"
        },
        "ConditionBrowseModule":{
          "ConditionMeshList":{
            "ConditionMesh":[
              {
                "ConditionMeshId":"D000003920",
                "ConditionMeshTerm":"Diabetes Mellitus"
              }
            ]
          },
          "ConditionAncestorList":{
            "ConditionAncestor":[
              {
                "ConditionAncestorId":"D000044882",
                "ConditionAncestorTerm":"Glucose Metabolism Disorders"
              },{
                "ConditionAncestorId":"D000008659",
                "ConditionAncestorTerm":"Metabolic Diseases"
              },{
                "ConditionAncestorId":"D000004700",
                "ConditionAncestorTerm":"Endocrine System Diseases"
              }
            ]
          },
          "ConditionBrowseLeafList":{
            "ConditionBrowseLeaf":[
              {
                "ConditionBrowseLeafId":"M5698",
                "ConditionBrowseLeafName":"Diabetes Mellitus",
                "ConditionBrowseLeafAsFound":"Diabetes Mellitus",
                "ConditionBrowseLeafRelevance":"high"
              },{
                "ConditionBrowseLeafId":"M8577",
                "ConditionBrowseLeafName":"Hyperglycemia",
                "ConditionBrowseLeafRelevance":"low"
              },{
                "ConditionBrowseLeafId":"M10222",
                "ConditionBrowseLeafName":"Metabolic Diseases",
                "ConditionBrowseLeafRelevance":"low"
              },{
                "ConditionBrowseLeafId":"M23990",
                "ConditionBrowseLeafName":"Glucose Metabolism Disorders",
                "ConditionBrowseLeafRelevance":"low"
              },{
                "ConditionBrowseLeafId":"M6445",
                "ConditionBrowseLeafName":"Endocrine System Diseases",
                "ConditionBrowseLeafRelevance":"low"
              }
            ]
          },
          "ConditionBrowseBranchList":{
            "ConditionBrowseBranch":[
              {
                "ConditionBrowseBranchAbbrev":"BC18",
                "ConditionBrowseBranchName":"Nutritional and Metabolic Diseases"
              },{
                "ConditionBrowseBranchAbbrev":"BC19",
                "ConditionBrowseBranchName":"Gland and Hormone Related Diseases"
              },{
                "ConditionBrowseBranchAbbrev":"All",
                "ConditionBrowseBranchName":"All Conditions"
              }
            ]
          }
        }
      }
    }
  }
}

