{
  "FullStudy":{
    "Rank":44,
    "Study":{
      "ProtocolSection":{
        "IdentificationModule":{
          "NCTId":"NCT04849377",
          "OrgStudyIdInfo":{
            "OrgStudyId":"GCO 21-0525"
          },
          "Organization":{
            "OrgFullName":"Icahn School of Medicine at Mount Sinai",
            "OrgClass":"OTHER"
          },
          "BriefTitle":"RBD-HPV: Risk-Based De-Intensification for HPV+ HNSCC",
          "OfficialTitle":"RBD-HPV: Risk-Based De-Intensification for HPV+ HNSCC"
        },
        "StatusModule":{
          "StatusVerifiedDate":"April 2021",
          "OverallStatus":"Not yet recruiting",
          "ExpandedAccessInfo":{
            "HasExpandedAccess":"No"
          },
          "StartDateStruct":{
            "StartDate":"March 19, 2022",
            "StartDateType":"Anticipated"
          },
          "PrimaryCompletionDateStruct":{
            "PrimaryCompletionDate":"March 19, 2028",
            "PrimaryCompletionDateType":"Anticipated"
          },
          "CompletionDateStruct":{
            "CompletionDate":"March 19, 2028",
            "CompletionDateType":"Anticipated"
          },
          "StudyFirstSubmitDate":"April 14, 2021",
          "StudyFirstSubmitQCDate":"April 14, 2021",
          "StudyFirstPostDateStruct":{
            "StudyFirstPostDate":"April 19, 2021",
            "StudyFirstPostDateType":"Estimate"
          },
          "LastUpdateSubmitDate":"April 14, 2021",
          "LastUpdatePostDateStruct":{
            "LastUpdatePostDate":"April 19, 2021",
            "LastUpdatePostDateType":"Estimate"
          }
        },
        "SponsorCollaboratorsModule":{
          "ResponsibleParty":{
            "ResponsiblePartyType":"Principal Investigator",
            "ResponsiblePartyInvestigatorFullName":"Marshall Posner",
            "ResponsiblePartyInvestigatorTitle":"Professor of Medicine",
            "ResponsiblePartyInvestigatorAffiliation":"Icahn School of Medicine at Mount Sinai"
          },
          "LeadSponsor":{
            "LeadSponsorName":"Icahn School of Medicine at Mount Sinai",
            "LeadSponsorClass":"OTHER"
          }
        },
        "OversightModule":{
          "OversightHasDMC":"Yes",
          "IsFDARegulatedDrug":"Yes",
          "IsFDARegulatedDevice":"No"
        },
        "DescriptionModule":{
          "BriefSummary":"The purpose of this research study is to determine the rate of local regional control at 2 years when using de-intensified chemoradiotherapy (CRT) in patients with Human Papillomavirus (HPV)-associated head and neck squamous cell carcinoma (HNSCC). Local regional control means no recurrence of the cancer in the head or neck area. Study subjects will be enrolled into 4 groups. Group/treatment will be based on a number of factors, including smoking and drinking history.",
          "DetailedDescription":"The purpose of this research study is to determine the rate of local regional control at 2 years when using de-intensified chemoradiotherapy (CRT) in patients with Human Papillomavirus (HPV)-associated head and neck squamous cell carcinoma (HNSCC). Local regional control means no recurrence of the cancer in the head or neck area. Study subjects will be enrolled into 4 groups. Group/treatment will be based on a number of factors, including smoking and drinking history.\n\nIf participants choose to participate, they will be asked to:\n\nParticipate in screening for eligibility, this will include: questions regarding \\medical history, physical exam, blood/urine samples, electrocardiogram, PET/CT and/or CT-MRI of the neck, assessment of tumor, and a questionnaire.\nComplete the study regimen including evaluations and follow up visits. Participants may be in this research study for approximately to 5 years after receiving standard of care (SOC) treatment. Depending on the group enrolled in, the treatment will last either 6 weeks (Groups 1-3) or 15 weeks (Group 4.This group will also receive 3 cycles of SOC induction therapy (One cycle = 21 days). Induction therapy is initial chemotherapy delivered prior to radiation or surgery when treating cancer.\nParticipate in routine types of procedures such as clinical exams, blood and urine tests, and imaging tests to assess tumor.\nConsent to storage of research samples.\n\nThis research study involves chemotherapy and intensity-modulated radiation therapy (IMRT) IMRT is used to safely deliver precise radiation to a tumor while minimizing the dose to surrounding normal tissue.\n\nThere are no added costs associated with participation. There is no reimbursement for participation.\n\nThe names of the drugs/interventions involved in this study are:\n\nCisplatin\nDocetaxel (Group 4 only)\nFluorouracil (Group 4 only)\nCarboplatin (Group 4 Only)\n\nAll of the drugs listed above are approved for use by the Food and Drug Administration (FDA), commercially available, and considered standard of care (SOC) for cancer.\n\nSerious known side effects that participants may experience include:\n\nNausea and vomiting\nDiarrhea\nFever\nSkin irritation, rash\nJoint pain"
        },
        "ConditionsModule":{
          "ConditionList":{
            "Condition":[
              "Human Papillomavirus (HPV)",
              "Head and Neck Squamous Cell Carcinoma (HNSCC)"
            ]
          },
          "KeywordList":{
            "Keyword":[
              "Loco Regional Control (LRC)",
              "Risk-based De-intensified chemoradio therapy (CRT)"
            ]
          }
        },
        "DesignModule":{
          "StudyType":"Interventional",
          "PhaseList":{
            "Phase":[
              "Phase 2"
            ]
          },
          "DesignInfo":{
            "DesignAllocation":"Non-Randomized",
            "DesignInterventionModel":"Sequential Assignment",
            "DesignInterventionModelDescription":"CRT (Cisplatin with IMRT/IMPT): Group I 50 Gy/200 mg/m2, Group II 54 Gy/200 mg/m2, Group III 60 Gy/240 mg/m2 Sequential Therapy: Group IV TPF Induction followed by 60 Gy and Carboplatin AUC 1.5",
            "DesignPrimaryPurpose":"Treatment",
            "DesignMaskingInfo":{
              "DesignMasking":"None (Open Label)"
            }
          },
          "EnrollmentInfo":{
            "EnrollmentCount":"132",
            "EnrollmentType":"Anticipated"
          }
        },
        "ArmsInterventionsModule":{
          "ArmGroupList":{
            "ArmGroup":[
              {
                "ArmGroupLabel":"Group I - 50 Gy/200 mg/m2",
                "ArmGroupType":"Experimental",
                "ArmGroupDescription":"Patient Characteristics: <20 Pack-Years, HPV16, OP, T1,T2 N0 RT 5 days per week for 6 weeks and Cisplatin weekly for 5 weeks",
                "ArmGroupInterventionList":{
                  "ArmGroupInterventionName":[
                    "Radiation: RT 50 Gy",
                    "Drug: Cisplatin 200"
                  ]
                }
              },{
                "ArmGroupLabel":"Group II - 54 Gy/200mg/m2",
                "ArmGroupType":"Experimental",
                "ArmGroupDescription":"Patient Characteristics: <20 Pack-Years, HPV16, OP, T1-T2, N1-N2b, T3 N0-N2b RT 5 days per week for 6 weeks and Cisplatin weekly for 6 weeks",
                "ArmGroupInterventionList":{
                  "ArmGroupInterventionName":[
                    "Radiation: RT 54 GY",
                    "Drug: Cisplatin 200"
                  ]
                }
              },{
                "ArmGroupLabel":"Group III - 60 Gy/240 mg/m2",
                "ArmGroupType":"Experimental",
                "ArmGroupDescription":"Patient Characteristics: 20-40 Pack-Years, Non-HPV16, Non-OP, T1-T2, N1-N2b, T3 N0-N2b RT 5 days per week for 6 weeks and Cisplatin weekly for 6 weeks",
                "ArmGroupInterventionList":{
                  "ArmGroupInterventionName":[
                    "Radiation: RT 60 GY",
                    "Drug: Cisplatin 240"
                  ]
                }
              },{
                "ArmGroupLabel":"Group IV - TPF Induction followed by 60 Gy and Carboplatin AUC 1.5",
                "ArmGroupType":"Experimental",
                "ArmGroupDescription":"Patient Characteristics: 20-40 Pack-Years, Non-HPV16, Non-OP, T4, N2c, >3 nodes, ENE, or Matted Nodes Induction Therapy: Cisplatin, Docetaxel, Fluorouracil followed by RT 60 GY + Carboplatin AUC 9.0 Docetaxel every 21 days for 3 cycles, Cisplatin every 21 days for 3 cycles, Fluorouracil continuous infusion over 4 days (every 21 days for 3 cycles). Followed by RT 5 days per week for 6 weeks and Carboplatin weekly for 6 weeks.",
                "ArmGroupInterventionList":{
                  "ArmGroupInterventionName":[
                    "Radiation: RT 60 GY",
                    "Other: Induction Therapy",
                    "Drug: Carboplatin",
                    "Drug: Cisplatin 240"
                  ]
                }
              }
            ]
          },
          "InterventionList":{
            "Intervention":[
              {
                "InterventionType":"Radiation",
                "InterventionName":"RT 50 Gy",
                "InterventionDescription":"Radiation Therapy (RT) 50 GY",
                "InterventionArmGroupLabelList":{
                  "InterventionArmGroupLabel":[
                    "Group I - 50 Gy/200 mg/m2"
                  ]
                },
                "InterventionOtherNameList":{
                  "InterventionOtherName":[
                    "Radiation Therapy"
                  ]
                }
              },{
                "InterventionType":"Radiation",
                "InterventionName":"RT 54 GY",
                "InterventionDescription":"Radiation Therapy (RT) 54 GY",
                "InterventionArmGroupLabelList":{
                  "InterventionArmGroupLabel":[
                    "Group II - 54 Gy/200mg/m2"
                  ]
                },
                "InterventionOtherNameList":{
                  "InterventionOtherName":[
                    "Radiation Therapy"
                  ]
                }
              },{
                "InterventionType":"Radiation",
                "InterventionName":"RT 60 GY",
                "InterventionDescription":"Radiation Therapy (RT) 60 GY",
                "InterventionArmGroupLabelList":{
                  "InterventionArmGroupLabel":[
                    "Group III - 60 Gy/240 mg/m2",
                    "Group IV - TPF Induction followed by 60 Gy and Carboplatin AUC 1.5"
                  ]
                },
                "InterventionOtherNameList":{
                  "InterventionOtherName":[
                    "Radiation Therapy"
                  ]
                }
              },{
                "InterventionType":"Other",
                "InterventionName":"Induction Therapy",
                "InterventionDescription":"Induction Therapy: Cisplatin, Docetaxel, Fluorouracil",
                "InterventionArmGroupLabelList":{
                  "InterventionArmGroupLabel":[
                    "Group IV - TPF Induction followed by 60 Gy and Carboplatin AUC 1.5"
                  ]
                }
              },{
                "InterventionType":"Drug",
                "InterventionName":"Carboplatin",
                "InterventionDescription":"Carboplatin AUC 9.0",
                "InterventionArmGroupLabelList":{
                  "InterventionArmGroupLabel":[
                    "Group IV - TPF Induction followed by 60 Gy and Carboplatin AUC 1.5"
                  ]
                }
              },{
                "InterventionType":"Drug",
                "InterventionName":"Cisplatin 200",
                "InterventionDescription":"200 mg/m2",
                "InterventionArmGroupLabelList":{
                  "InterventionArmGroupLabel":[
                    "Group I - 50 Gy/200 mg/m2",
                    "Group II - 54 Gy/200mg/m2"
                  ]
                }
              },{
                "InterventionType":"Drug",
                "InterventionName":"Cisplatin 240",
                "InterventionDescription":"240mg/m2",
                "InterventionArmGroupLabelList":{
                  "InterventionArmGroupLabel":[
                    "Group III - 60 Gy/240 mg/m2",
                    "Group IV - TPF Induction followed by 60 Gy and Carboplatin AUC 1.5"
                  ]
                }
              }
            ]
          }
        },
        "OutcomesModule":{
          "PrimaryOutcomeList":{
            "PrimaryOutcome":[
              {
                "PrimaryOutcomeMeasure":"Rate of Locoregional control (LRC)",
                "PrimaryOutcomeDescription":"The rate of locoregional control (LRC) at 2 years - Local regional control means no recurrence of the cancer in the head or neck area.",
                "PrimaryOutcomeTimeFrame":"2 years"
              }
            ]
          }
        },
        "EligibilityModule":{
          "EligibilityCriteria":"Inclusion Criteria: Patients must meet the following inclusion criteria to be eligible for enrollment in RBD-HPV:\n\nHistologically-confirmed squamous cell carcinoma of the head and neck, including subsites of the oropharynx, hypopharynx, larynx, and nasopharynx (with data on EBV)\nP16+ positivity as measured by IHC in a lab that is verified by the central laboratory or if the slides are available for review by the central laboratory\nHPV positivity by PCR assessed with either tissue or cytology in the central laboratory\nStages I, II, III, or IV according to the AJCC 7th edition without evidence of distant metastases\nAge > 18\nEastern Cooperative Oncology Group (ECOG) performance status 0 or 1\n\nAdequate marrow function as defined by the following parameters:\n\nNeutrophil count > 1.5 x 109/l\nPlatelet count > 100 x 109/l\nHemoglobin > 10 g/dl\nAdequate renal function as defined by a creatinine clearance > 60 ml/min (actual or calculated by the Cockcroft-Gault equation)\n\nAdequate liver function as defined by the following parameters:\n\nTotal bilirubin < institutional upper limit of normal (ULN) (except patients with Gilbert's Syndrome who have no other liver disease or abnormal liver serologies)\nAST or ALT and alkaline phosphatase within the ranges described below\nA negative pregnancy test within 7 days of starting therapy in women of childbearing potential\nCapacity to understand the study protocol\nWillingness to provide written consent.\n\nExclusion Criteria: Patients will not be eligible for enrollment in this study if they exhibit any of the following conditions:\n\nWomen who are currently pregnant or breast-feeding\nMen or women of childbearing potential who are not using adequate contraception during treatment and at least 3 months after therapy\nCurrent or prior malignancy in the last 5 years (excluding basal or squamous cell carcinoma of the skin not requiring systemic or radiation therapies, or prostate CA that is well-controlled and observed, etc)\nRadiation therapy for prior malignancy (except radioactive iodine for thyroid cancer)\nPrior chemotherapy for other malignancy or autoimmune disease\nMetastatic disease at presentation\nNasal cavity subsite\nActive smoking (defined as > 1 cigarette per day within the last five years) or former smoking (has to have quit > 10 years ago) with a cumulative pack year history > 40 pack years\nPrior radiation therapy or chemotherapy for HNSCC (prior surgery alone is permitted)\nActive substance use disorder (ETOH or drugs, excluding marijuana)\nPrior use of IV drugs\nSignificant peripheral neuropathy (> grade 2 according to NCI CTC)\nPrior hematologic or solid organ transplant\n\nMajor medical comorbidity including:\n\nSignificant cardiovascular disease.\nSignificant neurologic disorder, including dementia and seizures.\nSignificant psychiatric disorder.\nActive infection that is uncontrolled.\nPUD (peptic ulcer disease) that is clinically active or unhealed.\nHypercalcemia.\nCOPD with hospitalization in the last 12 months for pneumonia or respiratory failure.\nInterstitial lung disease.\nAutoimmune disease requiring therapy.\nUncontrolled HIV infection (not on HAART, CD4 < 200).\nActive Hepatitis C (+ RNA).\nEnrollment in a therapeutic clinical trial within 30 days of study entry\nConcurrent treatment with any other antineoplastic therapy\nSignificant weight loss (> 25% of TBW) in the 2 months prior to study entry\nPatient has a history of non-adherence to medical care\nPatient will not be able to engage in comprehensive follow-up at Mount Sinai.",
          "HealthyVolunteers":"No",
          "Gender":"All",
          "MinimumAge":"18 Years",
          "StdAgeList":{
            "StdAge":[
              "Adult",
              "Older Adult"
            ]
          }
        },
        "ContactsLocationsModule":{
          "CentralContactList":{
            "CentralContact":[
              {
                "CentralContactName":"Marshall Posner, MD",
                "CentralContactRole":"Contact",
                "CentralContactPhone":"212-659-5461",
                "CentralContactEMail":"marshall.posner@mssm.edu"
              },{
                "CentralContactName":"Krzysztof Misiukiewicz, MD",
                "CentralContactRole":"Contact",
                "CentralContactPhone":"212-241-0288",
                "CentralContactEMail":"kryzstof.misiukiwiecz@mssm.edu"
              }
            ]
          },
          "OverallOfficialList":{
            "OverallOfficial":[
              {
                "OverallOfficialName":"Marshall Posner, MD",
                "OverallOfficialAffiliation":"Ichan School of Medicine at Mount Sinai Hospital",
                "OverallOfficialRole":"Principal Investigator"
              }
            ]
          },
          "LocationList":{
            "Location":[
              {
                "LocationFacility":"Mount Sinai Hospital",
                "LocationCity":"New York",
                "LocationState":"New York",
                "LocationZip":"10029",
                "LocationCountry":"United States",
                "LocationContactList":{
                  "LocationContact":[
                    {
                      "LocationContactName":"Michelle Nezolosky",
                      "LocationContactRole":"Contact",
                      "LocationContactPhone":"212-824-2385",
                      "LocationContactEMail":"Michelle.Nezolosky@mssm.edu"
                    },{
                      "LocationContactName":"Krzysztof Misiukiewicz, MD",
                      "LocationContactRole":"Sub-Investigator"
                    }
                  ]
                }
              }
            ]
          }
        },
        "ReferencesModule":{
          "ReferenceList":{
            "Reference":[
              {
                "ReferencePMID":"17494927",
                "ReferenceType":"background",
                "ReferenceCitation":"D'Souza G, Kreimer AR, Viscidi R, Pawlita M, Fakhry C, Koch WM, Westra WH, Gillison ML. Case-control study of human papillomavirus and oropharyngeal cancer. N Engl J Med. 2007 May 10;356(19):1944-56."
              },{
                "ReferencePMID":"27888679",
                "ReferenceType":"background",
                "ReferenceCitation":"Carlander AF, Grønhøj Larsen C, Jensen DH, Garnæs E, Kiss K, Andersen L, Olsen CH, Franzmann M, Høgdall E, Kjær SK, Norrild B, Specht L, Andersen E, van Overeem Hansen T, Nielsen FC, von Buchwald C. Continuing rise in oropharyngeal cancer in a high HPV prevalence area: A Danish population-based study from 2011 to 2014. Eur J Cancer. 2017 Jan;70:75-82. doi: 10.1016/j.ejca.2016.10.015. Epub 2016 Nov 23."
              },{
                "ReferencePMID":"19223504",
                "ReferenceType":"background",
                "ReferenceCitation":"Klussmann JP, Mooren JJ, Lehnen M, Claessen SM, Stenner M, Huebbers CU, Weissenborn SJ, Wedemeyer I, Preuss SF, Straetmans JM, Manni JJ, Hopman AH, Speel EJ. Genetic signatures of HPV-related and unrelated oropharyngeal carcinoma and their prognostic implications. Clin Cancer Res. 2009 Mar 1;15(5):1779-86. doi: 10.1158/1078-0432.CCR-08-1463. Epub 2009 Feb 17."
              },{
                "ReferencePMID":"11297703",
                "ReferenceType":"background",
                "ReferenceCitation":"Mork J, Lie AK, Glattre E, Hallmans G, Jellum E, Koskela P, Møller B, Pukkala E, Schiller JT, Youngman L, Lehtinen M, Dillner J. Human papillomavirus infection as a risk factor for squamous-cell carcinoma of the head and neck. N Engl J Med. 2001 Apr 12;344(15):1125-31."
              },{
                "ReferencePMID":"25056374",
                "ReferenceType":"background",
                "ReferenceCitation":"Seiwert TY, Zuo Z, Keck MK, Khattri A, Pedamallu CS, Stricker T, Brown C, Pugh TJ, Stojanov P, Cho J, Lawrence MS, Getz G, Brägelmann J, DeBoer R, Weichselbaum RR, Langerman A, Portugal L, Blair E, Stenson K, Lingen MW, Cohen EE, Vokes EE, White KP, Hammerman PS. Integrative and comparative genomic analysis of HPV-positive and HPV-negative head and neck squamous cell carcinomas. Clin Cancer Res. 2015 Feb 1;21(3):632-41. doi: 10.1158/1078-0432.CCR-13-3310. Epub 2014 Jul 23."
              },{
                "ReferencePMID":"18334711",
                "ReferenceType":"background",
                "ReferenceCitation":"Gillison ML, D'Souza G, Westra W, Sugar E, Xiao W, Begum S, Viscidi R. Distinct risk factor profiles for human papillomavirus type 16-positive and human papillomavirus type 16-negative head and neck cancers. J Natl Cancer Inst. 2008 Mar 19;100(6):407-20. doi: 10.1093/jnci/djn025. Epub 2008 Mar 11."
              },{
                "ReferencePMID":"26351338",
                "ReferenceType":"background",
                "ReferenceCitation":"Gillison ML, Chaturvedi AK, Anderson WF, Fakhry C. Epidemiology of Human Papillomavirus-Positive Head and Neck Squamous Cell Carcinoma. J Clin Oncol. 2015 Oct 10;33(29):3235-42. doi: 10.1200/JCO.2015.61.6995. Epub 2015 Sep 8. Review."
              },{
                "ReferencePMID":"20451455",
                "ReferenceType":"background",
                "ReferenceCitation":"Marur S, D'Souza G, Westra WH, Forastiere AA. HPV-associated head and neck cancer: a virus-related cancer epidemic. Lancet Oncol. 2010 Aug;11(8):781-9. doi: 10.1016/S1470-2045(10)70017-6. Epub 2010 May 5. Review."
              },{
                "ReferencePMID":"20587061",
                "ReferenceType":"background",
                "ReferenceCitation":"Dayyani F, Etzel CJ, Liu M, Ho CH, Lippman SM, Tsao AS. Meta-analysis of the impact of human papillomavirus (HPV) on cancer risk and overall survival in head and neck squamous cell carcinomas (HNSCC). Head Neck Oncol. 2010 Jun 29;2:15. doi: 10.1186/1758-3284-2-15. Review."
              },{
                "ReferencePMID":"21969503",
                "ReferenceType":"background",
                "ReferenceCitation":"Chaturvedi AK, Engels EA, Pfeiffer RM, Hernandez BY, Xiao W, Kim E, Jiang B, Goodman MT, Sibug-Saber M, Cozen W, Liu L, Lynch CF, Wentzensen N, Jordan RC, Altekruse S, Anderson WF, Rosenberg PS, Gillison ML. Human papillomavirus and rising oropharyngeal cancer incidence in the United States. J Clin Oncol. 2011 Nov 10;29(32):4294-301. doi: 10.1200/JCO.2011.36.4596. Epub 2011 Oct 3."
              },{
                "ReferencePMID":"18223210",
                "ReferenceType":"background",
                "ReferenceCitation":"Westra WH, Taube JM, Poeta ML, Begum S, Sidransky D, Koch WM. Inverse relationship between human papillomavirus-16 infection and disruptive p53 gene mutations in squamous cell carcinoma of the head and neck. Clin Cancer Res. 2008 Jan 15;14(2):366-9. doi: 10.1158/1078-0432.CCR-07-1402."
              },{
                "ReferencePMID":"18270337",
                "ReferenceType":"background",
                "ReferenceCitation":"Fakhry C, Westra WH, Li S, Cmelak A, Ridge JA, Pinto H, Forastiere A, Gillison ML. Improved survival of patients with human papillomavirus-positive head and neck squamous cell carcinoma in a prospective clinical trial. J Natl Cancer Inst. 2008 Feb 20;100(4):261-9. doi: 10.1093/jnci/djn011. Epub 2008 Feb 12."
              },{
                "ReferencePMID":"24248688",
                "ReferenceType":"background",
                "ReferenceCitation":"Chaturvedi AK, Anderson WF, Lortet-Tieulent J, Curado MP, Ferlay J, Franceschi S, Rosenberg PS, Bray F, Gillison ML. Worldwide trends in incidence rates for oral cavity and oropharyngeal cancers. J Clin Oncol. 2013 Dec 20;31(36):4550-9. doi: 10.1200/JCO.2013.50.3870. Epub 2013 Nov 18."
              },{
                "ReferencePMID":"15240783",
                "ReferenceType":"background",
                "ReferenceCitation":"Braakhuis BJ, Snijders PJ, Keune WJ, Meijer CJ, Ruijter-Schippers HJ, Leemans CR, Brakenhoff RH. Genetic patterns in head and neck cancers that contain or lack transcriptionally active human papillomavirus. J Natl Cancer Inst. 2004 Jul 7;96(13):998-1006."
              },{
                "ReferencePMID":"19289615",
                "ReferenceType":"background",
                "ReferenceCitation":"Lassen P, Eriksen JG, Hamilton-Dutoit S, Tramm T, Alsner J, Overgaard J. Effect of HPV-associated p16INK4A expression on response to radiotherapy and survival in squamous cell carcinoma of the head and neck. J Clin Oncol. 2009 Apr 20;27(12):1992-8. doi: 10.1200/JCO.2008.20.2853. Epub 2009 Mar 16."
              }
            ]
          }
        },
        "IPDSharingStatementModule":{
          "IPDSharing":"No",
          "IPDSharingDescription":"All of the individual participant data collected during the trial, after deidentification."
        }
      },
      "DerivedSection":{
        "MiscInfoModule":{
          "VersionHolder":"April 19, 2021"
        },
        "ConditionBrowseModule":{
          "ConditionMeshList":{
            "ConditionMesh":[
              {
                "ConditionMeshId":"D000077195",
                "ConditionMeshTerm":"Squamous Cell Carcinoma of Head and Neck"
              }
            ]
          },
          "ConditionAncestorList":{
            "ConditionAncestor":[
              {
                "ConditionAncestorId":"D000002294",
                "ConditionAncestorTerm":"Carcinoma, Squamous Cell"
              },{
                "ConditionAncestorId":"D000002277",
                "ConditionAncestorTerm":"Carcinoma"
              },{
                "ConditionAncestorId":"D000009375",
                "ConditionAncestorTerm":"Neoplasms, Glandular and Epithelial"
              },{
                "ConditionAncestorId":"D000009370",
                "ConditionAncestorTerm":"Neoplasms by Histologic Type"
              },{
                "ConditionAncestorId":"D000009369",
                "ConditionAncestorTerm":"Neoplasms"
              },{
                "ConditionAncestorId":"D000006258",
                "ConditionAncestorTerm":"Head and Neck Neoplasms"
              },{
                "ConditionAncestorId":"D000009371",
                "ConditionAncestorTerm":"Neoplasms by Site"
              }
            ]
          },
          "ConditionBrowseLeafList":{
            "ConditionBrowseLeaf":[
              {
                "ConditionBrowseLeafId":"M4116",
                "ConditionBrowseLeafName":"Carcinoma",
                "ConditionBrowseLeafRelevance":"low"
              },{
                "ConditionBrowseLeafId":"M1689",
                "ConditionBrowseLeafName":"Squamous Cell Carcinoma of Head and Neck",
                "ConditionBrowseLeafAsFound":"Head and Neck Squamous Cell Carcinoma",
                "ConditionBrowseLeafRelevance":"high"
              },{
                "ConditionBrowseLeafId":"M4132",
                "ConditionBrowseLeafName":"Carcinoma, Squamous Cell",
                "ConditionBrowseLeafRelevance":"low"
              },{
                "ConditionBrowseLeafId":"M10903",
                "ConditionBrowseLeafName":"Neoplasms, Glandular and Epithelial",
                "ConditionBrowseLeafRelevance":"low"
              },{
                "ConditionBrowseLeafId":"M10898",
                "ConditionBrowseLeafName":"Neoplasms by Histologic Type",
                "ConditionBrowseLeafRelevance":"low"
              },{
                "ConditionBrowseLeafId":"M7931",
                "ConditionBrowseLeafName":"Head and Neck Neoplasms",
                "ConditionBrowseLeafRelevance":"low"
              }
            ]
          },
          "ConditionBrowseBranchList":{
            "ConditionBrowseBranch":[
              {
                "ConditionBrowseBranchAbbrev":"BC04",
                "ConditionBrowseBranchName":"Cancers and Other Neoplasms"
              },{
                "ConditionBrowseBranchAbbrev":"All",
                "ConditionBrowseBranchName":"All Conditions"
              }
            ]
          }
        },
        "InterventionBrowseModule":{
          "InterventionMeshList":{
            "InterventionMesh":[
              {
                "InterventionMeshId":"D000002945",
                "InterventionMeshTerm":"Cisplatin"
              },{
                "InterventionMeshId":"D000016190",
                "InterventionMeshTerm":"Carboplatin"
              }
            ]
          },
          "InterventionAncestorList":{
            "InterventionAncestor":[
              {
                "InterventionAncestorId":"D000000970",
                "InterventionAncestorTerm":"Antineoplastic Agents"
              }
            ]
          },
          "InterventionBrowseLeafList":{
            "InterventionBrowseLeaf":[
              {
                "InterventionBrowseLeafId":"M4765",
                "InterventionBrowseLeafName":"Cisplatin",
                "InterventionBrowseLeafAsFound":"Per",
                "InterventionBrowseLeafRelevance":"high"
              },{
                "InterventionBrowseLeafId":"M17233",
                "InterventionBrowseLeafName":"Carboplatin",
                "InterventionBrowseLeafAsFound":"Over",
                "InterventionBrowseLeafRelevance":"high"
              },{
                "InterventionBrowseLeafId":"M7183",
                "InterventionBrowseLeafName":"Fluorouracil",
                "InterventionBrowseLeafRelevance":"low"
              },{
                "InterventionBrowseLeafId":"M1668",
                "InterventionBrowseLeafName":"Docetaxel",
                "InterventionBrowseLeafRelevance":"low"
              }
            ]
          },
          "InterventionBrowseBranchList":{
            "InterventionBrowseBranch":[
              {
                "InterventionBrowseBranchAbbrev":"ANeo",
                "InterventionBrowseBranchName":"Antineoplastic Agents"
              },{
                "InterventionBrowseBranchAbbrev":"All",
                "InterventionBrowseBranchName":"All Drugs and Chemicals"
              }
            ]
          }
        }
      }
    }
  }
}

