{
  "FullStudy":{
    "Rank":105,
    "Study":{
      "ProtocolSection":{
        "IdentificationModule":{
          "NCTId":"NCT04848584",
          "OrgStudyIdInfo":{
            "OrgStudyId":"C4591014"
          },
          "Organization":{
            "OrgFullName":"Pfizer",
            "OrgClass":"INDUSTRY"
          },
          "BriefTitle":"Pfizer-BioNTech COVID-19 BNT162b2 Vaccine Effectiveness Study - Kaiser Permanente Southern California",
          "OfficialTitle":"Pfizer-BioNTech COVID-19 BNT162b2 Vaccine Effectiveness Study - Kaiser Permanente Southern California"
        },
        "StatusModule":{
          "StatusVerifiedDate":"April 2021",
          "OverallStatus":"Not yet recruiting",
          "ExpandedAccessInfo":{
            "HasExpandedAccess":"No"
          },
          "StartDateStruct":{
            "StartDate":"April 19, 2021",
            "StartDateType":"Anticipated"
          },
          "PrimaryCompletionDateStruct":{
            "PrimaryCompletionDate":"April 1, 2022",
            "PrimaryCompletionDateType":"Anticipated"
          },
          "CompletionDateStruct":{
            "CompletionDate":"July 30, 2023",
            "CompletionDateType":"Anticipated"
          },
          "StudyFirstSubmitDate":"March 30, 2021",
          "StudyFirstSubmitQCDate":"April 15, 2021",
          "StudyFirstPostDateStruct":{
            "StudyFirstPostDate":"April 19, 2021",
            "StudyFirstPostDateType":"Estimate"
          },
          "LastUpdateSubmitDate":"April 15, 2021",
          "LastUpdatePostDateStruct":{
            "LastUpdatePostDate":"April 19, 2021",
            "LastUpdatePostDateType":"Estimate"
          }
        },
        "SponsorCollaboratorsModule":{
          "ResponsibleParty":{
            "ResponsiblePartyType":"Sponsor"
          },
          "LeadSponsor":{
            "LeadSponsorName":"Pfizer",
            "LeadSponsorClass":"INDUSTRY"
          }
        },
        "OversightModule":{
          "IsFDARegulatedDrug":"Yes",
          "IsFDARegulatedDevice":"No",
          "IsUSExport":"No"
        },
        "DescriptionModule":{
          "BriefSummary":"The primary objective of this study is to determine the vaccine effectiveness of 2 doses of Pfizer-BioNTech BNT162b2 vaccine against COVID-19-associated hospitalization. There will be a large retrospective database study using two parallel study designs: a test-negative case-control design and a retrospective cohort design. Exploratory analyses of VE estimates by strain type will be conducted.",
          "DetailedDescription":"The primary objective of this study is to determine the vaccine effectiveness (VE) of 2-doses of Pfizer's BNT162b2 vaccine against COVID-19-associated hospitalization. In addition, VE of 1 dose and at least one dose will be determined. Other outcomes in addition to hospitalization to be assessed include COVID-19-associated ED admissions, ICU admissions, outpatient visits and death. To assess VE, we propose a large retrospective database study using two parallel study designs: a test-negative case-control design and a retrospective cohort design. The test-negative design (TND) will assess VE against COVID-19 hospitalization (primary endpoint) and emergency department (ED) admission. The retrospective cohort analysis will assess VE against COVID-19 hospitalization (primary), ICU admission, death, ED admission, and outpatient disease (with no subsequent hospitalization within 14 days). We will further conduct exploratory analyses of VE estimates by strain type."
        },
        "ConditionsModule":{
          "ConditionList":{
            "Condition":[
              "COVID-19"
            ]
          }
        },
        "DesignModule":{
          "StudyType":"Observational",
          "PatientRegistry":"No",
          "DesignInfo":{
            "DesignObservationalModelList":{
              "DesignObservationalModel":[
                "Case-Control"
              ]
            },
            "DesignTimePerspectiveList":{
              "DesignTimePerspective":[
                "Retrospective"
              ]
            }
          },
          "EnrollmentInfo":{
            "EnrollmentCount":"999",
            "EnrollmentType":"Anticipated"
          }
        },
        "ArmsInterventionsModule":{
          "ArmGroupList":{
            "ArmGroup":[
              {
                "ArmGroupLabel":"Fully vaccinated",
                "ArmGroupDescription":"2 doses of BNT162b2 received with ≥7 days between receipt of the 2nd dose and the index date. This group will serve as the 'exposed' group evaluated in the primary objective.",
                "ArmGroupInterventionList":{
                  "ArmGroupInterventionName":[
                    "Biological: Primary Exposure Status of Pfizer-BioNTech COVID-19 Vaccine"
                  ]
                }
              },{
                "ArmGroupLabel":"Partially vaccinated",
                "ArmGroupDescription":"1 dose (only) of BNT162b2 received with ≥14 days between receipt of the 1st dose and the index date.",
                "ArmGroupInterventionList":{
                  "ArmGroupInterventionName":[
                    "Biological: Primary Exposure Status of Pfizer-BioNTech COVID-19 Vaccine"
                  ]
                }
              },{
                "ArmGroupLabel":"Ever vaccinated",
                "ArmGroupDescription":"≥1 dose of BNT162b2 received with ≥14 days between index date and receipt of the 1st dose",
                "ArmGroupInterventionList":{
                  "ArmGroupInterventionName":[
                    "Biological: Primary Exposure Status of Pfizer-BioNTech COVID-19 Vaccine"
                  ]
                }
              },{
                "ArmGroupLabel":"Never vaccinated",
                "ArmGroupDescription":"never received BNT162b2. This group will serve as the reference exposure group (i.e., 'unexposed' group) in all VE analyses",
                "ArmGroupInterventionList":{
                  "ArmGroupInterventionName":[
                    "Biological: Primary Exposure Status of Pfizer-BioNTech COVID-19 Vaccine"
                  ]
                }
              }
            ]
          },
          "InterventionList":{
            "Intervention":[
              {
                "InterventionType":"Biological",
                "InterventionName":"Primary Exposure Status of Pfizer-BioNTech COVID-19 Vaccine",
                "InterventionDescription":"Pfizer-BioNTech COVID-19 vaccine",
                "InterventionArmGroupLabelList":{
                  "InterventionArmGroupLabel":[
                    "Ever vaccinated",
                    "Fully vaccinated",
                    "Never vaccinated",
                    "Partially vaccinated"
                  ]
                },
                "InterventionOtherNameList":{
                  "InterventionOtherName":[
                    "COVID VACCINE"
                  ]
                }
              }
            ]
          }
        },
        "OutcomesModule":{
          "PrimaryOutcomeList":{
            "PrimaryOutcome":[
              {
                "PrimaryOutcomeMeasure":"The effectiveness of 2 doses of BNT162b2 (i.e., fully vaccinated) against hospitalization for ARI due to SARS-CoV-2 infection",
                "PrimaryOutcomeDescription":"VE calculated as 1 minus the odds ratio (OR) comparing the odds of being fully vaccinated (2 doses) with BNT162b2 for hospitalized cases and controls, multiplied by 100%.",
                "PrimaryOutcomeTimeFrame":"Dec 2020-Apr 2022"
              }
            ]
          },
          "SecondaryOutcomeList":{
            "SecondaryOutcome":[
              {
                "SecondaryOutcomeMeasure":"The effectiveness of 2 doses of BNT162b2 (i.e., fully vaccinated) against ED admission (without subsequent hospitalization) for ARI due to SARS-CoV-2 infection.",
                "SecondaryOutcomeDescription":"VE calculated as 1 minus the OR comparing the odds of being fully vaccinated (2 doses) with BNT162b2 for ED cases and controls, multiplied by 100%.",
                "SecondaryOutcomeTimeFrame":"Through study completion, average of one year"
              },{
                "SecondaryOutcomeMeasure":"The effectiveness of only 1 dose of BNT162b2 (i.e., partially vaccinated) against hospitalization for ARI due to SARS-CoV-2 infection",
                "SecondaryOutcomeDescription":"VE calculated as 1 minus the OR comparing the odds of being partially vaccinated with BNT162b2 (only 1 dose) for hospitalized cases and controls, multiplied by 100%.",
                "SecondaryOutcomeTimeFrame":"Through study completion, average of one year"
              },{
                "SecondaryOutcomeMeasure":"The effectiveness of only 1 dose of BNT162b2 (i.e., partially vaccinated) against ED admission (without subsequent hospitalization) for ARI due to SARS-CoV-2 infection.",
                "SecondaryOutcomeDescription":"VE calculated as 1 minus the OR comparing the odds of being partially vaccinated with BNT162b2 (only 1 dose) for ED cases and controls, multiplied by 100%.",
                "SecondaryOutcomeTimeFrame":"Through study completion, average of one year"
              },{
                "SecondaryOutcomeMeasure":"The effectiveness of ≥1 dose of BNT162b2 (i.e., ever vaccinated) against hospitalization for ARI due to SARS-CoV-2 infection.",
                "SecondaryOutcomeDescription":"VE calculated as 1 minus the OR comparing the odds of ever being vaccinated (≥1 dose) with BNT162b2 for hospitalized cases and controls, multiplied by 100%.",
                "SecondaryOutcomeTimeFrame":"Through study completion, average of one year"
              },{
                "SecondaryOutcomeMeasure":"The effectiveness of ≥1 dose of BNT162b2 (i.e., ever vaccinated) against ED admission (without subsequent hospitalization) for ARI due to SARS-CoV-2 infection.",
                "SecondaryOutcomeDescription":"VE calculated as 1 minus the OR comparing the odds of ever being vaccinated (≥1 dose) with BNT162b2 for ED cases and controls, multiplied by 100%.",
                "SecondaryOutcomeTimeFrame":"Through study completion, average of one year"
              },{
                "SecondaryOutcomeMeasure":"The effectiveness of BNT162b2 against hospitalization and ED admission stratified by prevalent or important viral strains",
                "SecondaryOutcomeDescription":"BNT162b2 VE estimates stratified by virus variant (as determined by genome sequencing) and select descriptive analyses described above",
                "SecondaryOutcomeTimeFrame":"Through study completion, average of one year"
              },{
                "SecondaryOutcomeMeasure":"The effectiveness of BNT162b2 against severe hospitalization-related outcomes (e.g., ICU admission, mechanical ventilation, and death)",
                "SecondaryOutcomeDescription":"BNT162b2 VE estimates against severe out-comes including ICU admission, mechanical ventilation, and death",
                "SecondaryOutcomeTimeFrame":"Through study completion, average of one year"
              }
            ]
          }
        },
        "EligibilityModule":{
          "EligibilityCriteria":"Inclusion Criteria Test Negative Design\n\nKPSC patients 16 years or older who are admitted to the hospital (primary objective) with acute respiratory infection (ARI) after 14 December 2020 (date of first vaccinations at KPSC), and who receive a PCR test for SARS-CoV-2.\nFor secondary objectives estimating VE against ED admission, the TND will include KPSC patients 16 years or older who present to the ED with ARI after 14 December 2020, and who receive a PCR test for SARS-CoV-2.\nMembership requirement of 6 months prior to index date, which is de-fined as the date of hospitalization or ED admission (allowing 31-day administrative gap), to facilitate accurate capture of comorbid conditions.\nInclusion Criteria Cohort Design\nAll KPSC members as of 14 December 2020 (date of first Pfizer vaccination at KPSC) who are age 16 and older.\nPatients must have at least 6 months of membership (allowing 31-day administrative gap) prior to 14 December 2020 (index date, date vaccinations first began at KPSC) to facilitate accurate capture of comorbid conditions.\n\nExclusion Criteria Test Negative Design • Patients who receive any other newly licensed or investigational SARS-CoV-2 vaccine or COVID-19 prophylactic agent other than Pfizer's COVID-19 vaccine prior to hospitalization (or ED, for secondary objective) will be excluded from the analysis. Patients will also be excluded if the index date is within certain time windows from vaccination date.\n\nExclusion Criteria Cohort Design\n\n• There will be no exclusion criteria for the cohort design, however patients will be censored for receiving any other newly licensed or investigational SARS-CoV-2 vaccine or COVID-19 prophylactic agent other than Pfizer's COVID-19 vaccine. Patients will also be censored if the event (hospitalization, ED encounter, etc.) occurs within certain time windows from vaccination date.",
          "HealthyVolunteers":"No",
          "Gender":"All",
          "MinimumAge":"16 Years",
          "StdAgeList":{
            "StdAge":[
              "Child",
              "Adult",
              "Older Adult"
            ]
          },
          "StudyPopulation":"All members of KPSC aged greater or equal to 16 years of age.",
          "SamplingMethod":"Non-Probability Sample"
        },
        "ContactsLocationsModule":{
          "CentralContactList":{
            "CentralContact":[
              {
                "CentralContactName":"Pfizer CT.gov Call Center",
                "CentralContactRole":"Contact",
                "CentralContactPhone":"1-800-718-1021",
                "CentralContactEMail":"ClinicalTrials.gov_Inquiries@pfizer.com"
              }
            ]
          },
          "OverallOfficialList":{
            "OverallOfficial":[
              {
                "OverallOfficialName":"Pfizer CT.gov Call Center",
                "OverallOfficialAffiliation":"Pfizer",
                "OverallOfficialRole":"Study Director"
              }
            ]
          }
        },
        "IPDSharingStatementModule":{
          "IPDSharing":"No",
          "IPDSharingDescription":"Pfizer will provide access to individual de-identified participant data and related study documents (e.g. protocol, Statistical Analysis Plan (SAP), Clinical Study Report (CSR)) upon request from qualified researchers, and subject to certain criteria, conditions, and exceptions. Further details on Pfizer's data sharing criteria and process for requesting access can be found at: https://www.pfizer.com/science/clinical_trials/trial_data_and_results/data_requests."
        }
      },
      "DerivedSection":{
        "MiscInfoModule":{
          "VersionHolder":"April 19, 2021"
        },
        "InterventionBrowseModule":{
          "InterventionMeshList":{
            "InterventionMesh":[
              {
                "InterventionMeshId":"D000014612",
                "InterventionMeshTerm":"Vaccines"
              }
            ]
          },
          "InterventionAncestorList":{
            "InterventionAncestor":[
              {
                "InterventionAncestorId":"D000007155",
                "InterventionAncestorTerm":"Immunologic Factors"
              },{
                "InterventionAncestorId":"D000045505",
                "InterventionAncestorTerm":"Physiological Effects of Drugs"
              }
            ]
          },
          "InterventionBrowseLeafList":{
            "InterventionBrowseLeaf":[
              {
                "InterventionBrowseLeafId":"M15943",
                "InterventionBrowseLeafName":"Vaccines",
                "InterventionBrowseLeafAsFound":"Active",
                "InterventionBrowseLeafRelevance":"high"
              },{
                "InterventionBrowseLeafId":"M8784",
                "InterventionBrowseLeafName":"Immunologic Factors",
                "InterventionBrowseLeafRelevance":"low"
              }
            ]
          },
          "InterventionBrowseBranchList":{
            "InterventionBrowseBranch":[
              {
                "InterventionBrowseBranchAbbrev":"All",
                "InterventionBrowseBranchName":"All Drugs and Chemicals"
              }
            ]
          }
        }
      }
    }
  }
}

