{
  "FullStudy":{
    "Rank":724,
    "Study":{
      "ProtocolSection":{
        "IdentificationModule":{
          "NCTId":"NCT04840537",
          "OrgStudyIdInfo":{
            "OrgStudyId":"SFED 131"
          },
          "Organization":{
            "OrgFullName":"Hôpital Cochin",
            "OrgClass":"OTHER"
          },
          "BriefTitle":"Cholangioscopy or Conventional Techniques for Indeterminate Biliary Stenosis",
          "OfficialTitle":"Comparison of Two Diagnostic Strategies in Indeterminate Biliary Stenosis: Exploration by Retrograde Cholangioscopy From the Outset or After Failure of Conventional Techniques"
        },
        "StatusModule":{
          "StatusVerifiedDate":"April 2021",
          "OverallStatus":"Recruiting",
          "ExpandedAccessInfo":{
            "HasExpandedAccess":"No"
          },
          "StartDateStruct":{
            "StartDate":"December 26, 2018",
            "StartDateType":"Actual"
          },
          "PrimaryCompletionDateStruct":{
            "PrimaryCompletionDate":"December 26, 2018",
            "PrimaryCompletionDateType":"Actual"
          },
          "CompletionDateStruct":{
            "CompletionDate":"December 26, 2022",
            "CompletionDateType":"Anticipated"
          },
          "StudyFirstSubmitDate":"April 7, 2021",
          "StudyFirstSubmitQCDate":"April 7, 2021",
          "StudyFirstPostDateStruct":{
            "StudyFirstPostDate":"April 12, 2021",
            "StudyFirstPostDateType":"Actual"
          },
          "LastUpdateSubmitDate":"April 7, 2021",
          "LastUpdatePostDateStruct":{
            "LastUpdatePostDate":"April 12, 2021",
            "LastUpdatePostDateType":"Actual"
          }
        },
        "SponsorCollaboratorsModule":{
          "ResponsibleParty":{
            "ResponsiblePartyType":"Sponsor-Investigator",
            "ResponsiblePartyInvestigatorFullName":"Frederic PRAT, MD, PhD",
            "ResponsiblePartyInvestigatorTitle":"Principal Investagator, Medical Doctor",
            "ResponsiblePartyInvestigatorAffiliation":"Hôpital Cochin"
          },
          "LeadSponsor":{
            "LeadSponsorName":"Frederic PRAT, MD, PhD",
            "LeadSponsorClass":"OTHER"
          }
        },
        "OversightModule":{
          "IsFDARegulatedDrug":"No",
          "IsFDARegulatedDevice":"No"
        },
        "DescriptionModule":{
          "BriefSummary":"Biliary stenosis not associated with a mass is difficult to diagnose with certainty. The diagnosis is usually based on a first-line cytological study of biliary brushing, which allows a diagnosis in 30 to 50% of cases. In the event of negativity, it is then possible to perform a cholangioscopy in a second step, which allows better sensitivity by performing biopsies. Performing cholangioscopy from the start could potentially save time and avoid disturbances associated with intermediate biliary stenting.\n\nThe main objective is to compare two strategies for exploring indeterminate biliary stenosis (1st vs. 2nd line retrograde cholangioscopy) in terms of diagnostic performance. The secondary objectives are to compare the same two strategies in terms of effectiveness, side effects and cost-effectiveness.\n\nThe primary outcome measure is the diagnostic yield (performance) of the initial investigation of indeterminate biliary stenosis: cytological brushing followed by cholangioscopy in case of failure (control group) or cholangioscopy from the start (study group)."
        },
        "ConditionsModule":{
          "ConditionList":{
            "Condition":[
              "Malignant Biliary Stenosis"
            ]
          },
          "KeywordList":{
            "Keyword":[
              "biliary stenosis",
              "cholangioscopy",
              "cholangiocarcinoma",
              "ERCP"
            ]
          }
        },
        "DesignModule":{
          "StudyType":"Interventional",
          "PhaseList":{
            "Phase":[
              "Not Applicable"
            ]
          },
          "DesignInfo":{
            "DesignAllocation":"Randomized",
            "DesignInterventionModel":"Parallel Assignment",
            "DesignPrimaryPurpose":"Diagnostic",
            "DesignMaskingInfo":{
              "DesignMasking":"None (Open Label)"
            }
          },
          "EnrollmentInfo":{
            "EnrollmentCount":"150",
            "EnrollmentType":"Anticipated"
          }
        },
        "ArmsInterventionsModule":{
          "ArmGroupList":{
            "ArmGroup":[
              {
                "ArmGroupLabel":"cytological brushing followed by cholangioscopy in case of failure",
                "ArmGroupType":"Active Comparator",
                "ArmGroupInterventionList":{
                  "ArmGroupInterventionName":[
                    "Procedure: endoscopic retrograde cholangiopancreatography with cholangioscopy in the first procedure of ERCP"
                  ]
                }
              },{
                "ArmGroupLabel":"cholangioscopy from the start",
                "ArmGroupType":"Experimental",
                "ArmGroupInterventionList":{
                  "ArmGroupInterventionName":[
                    "Procedure: endoscopic retrograde cholangiopancreatography with cholangioscopy in the first procedure of ERCP"
                  ]
                }
              }
            ]
          },
          "InterventionList":{
            "Intervention":[
              {
                "InterventionType":"Procedure",
                "InterventionName":"endoscopic retrograde cholangiopancreatography with cholangioscopy in the first procedure of ERCP",
                "InterventionDescription":"endoscopic retrograde cholangiopancreatography with cholangioscopy in the first procedure for exploration of an indeterminate biliary stenosis and biliary drainage",
                "InterventionArmGroupLabelList":{
                  "InterventionArmGroupLabel":[
                    "cholangioscopy from the start",
                    "cytological brushing followed by cholangioscopy in case of failure"
                  ]
                }
              }
            ]
          }
        },
        "OutcomesModule":{
          "PrimaryOutcomeList":{
            "PrimaryOutcome":[
              {
                "PrimaryOutcomeMeasure":"Diagnostic yield (performance) of the initial investigation of indeterminate biliary stenosis: cytological brushing followed by cholangioscopy in case of failure (control group) or cholangioscopy from the start (study group).",
                "PrimaryOutcomeDescription":"Diagnostic performance is expressed primarily by sensitivity for the diagnosis of malignancy.",
                "PrimaryOutcomeTimeFrame":"48 months"
              }
            ]
          },
          "SecondaryOutcomeList":{
            "SecondaryOutcome":[
              {
                "SecondaryOutcomeMeasure":"Specific rate of diagnosis with cholangioscopy by spyglass used in 1st or 2nd intention",
                "SecondaryOutcomeTimeFrame":"48 months"
              },{
                "SecondaryOutcomeMeasure":"Rate of adverse events related to diagnostic procedures in each of the 2 groups",
                "SecondaryOutcomeTimeFrame":"48 months"
              },{
                "SecondaryOutcomeMeasure":"Comparison of the costs of the 2 diagnostic strategies",
                "SecondaryOutcomeTimeFrame":"48 months"
              }
            ]
          }
        },
        "EligibilityModule":{
          "EligibilityCriteria":"Inclusion Criteria:\n\nPresence of intra- or extrahepatic biliary stenosis, involving the main bile ducts: common hepatic duct, right and left hepatic ducts\nPresence of clinical jaundice and / or biological cholestasis (GGT> 3N)\nAbsence of visible mass near the biliary stenosis after initial morphological assessment by abdominal CT scan, MRI with biliary sequences.\nEndoscopic ultrasound performed and not having allowed the acquisition of material of diagnostic interest by guided puncture of the lesion.\nNo history of ERCP in the 6 months preceding inclusion and no biliary prosthesis (plastic or metal) in place at the time of inclusion\nCollegial validation of the need for a formal diagnosis of indeterminate biliary stenosis in order to guide therapeutic management\nPatients aged 18 to 85\nPatient who gave his consent to participate in the study\nNo contraindication to anesthesia (ASA 1, 2,3)\nPatient affiliated to a social security scheme (beneficiary or beneficiary)\nAbsence of pregnancy and current contraception in women of childbearing age\n\nExclusion Criteria:\n\nPresence of a manifest tissue mass in relation to the biliary stenosis on CT and / or MRI imaging.\nVery strong presumption of the etiological diagnosis of biliary stenosis given the history (history, background): i.e. liver surgery, cholecystectomy, autoimmunity\nHistory of ERCP and / or percutaneous biliary drainage in the 6 months preceding inclusion\nPresence of a plastic or metal biliary prosthesis in place at the time of inclusion\nHistory of cephalic duodeno-pancreatectomy or hepatico-jejunal anastomosis\nNon-passable stenosis of the main bile duct\nSevere coagulopathy, thrombocytopenia <75,000 G / L, treatment with clopidogrel cannot be interrupted even temporarily\nAnesthetic contraindication (ASA 4)\nInability to obtain informed consent\nperson deprived of liberty",
          "HealthyVolunteers":"No",
          "Gender":"All",
          "MinimumAge":"18 Years",
          "MaximumAge":"85 Years",
          "StdAgeList":{
            "StdAge":[
              "Adult",
              "Older Adult"
            ]
          }
        },
        "ContactsLocationsModule":{
          "CentralContactList":{
            "CentralContact":[
              {
                "CentralContactName":"Frederic Prat, MD, PhD",
                "CentralContactRole":"Contact",
                "CentralContactPhone":"+33 (0)140875663",
                "CentralContactEMail":"frederic.prat@aphp.fr"
              },{
                "CentralContactName":"Diane Lorenzo, MD",
                "CentralContactRole":"Contact",
                "CentralContactEMail":"diane.lorenzo@aphp.fr"
              }
            ]
          },
          "LocationList":{
            "Location":[
              {
                "LocationFacility":"Hôpital Beaujon",
                "LocationStatus":"Recruiting",
                "LocationCity":"Clichy",
                "LocationZip":"92110",
                "LocationCountry":"France",
                "LocationContactList":{
                  "LocationContact":[
                    {
                      "LocationContactName":"frederic prat, MD, PhD",
                      "LocationContactRole":"Contact",
                      "LocationContactPhone":"+33 (0)140875663",
                      "LocationContactEMail":"maximilien.barret@aphp.fr"
                    }
                  ]
                }
              }
            ]
          }
        },
        "IPDSharingStatementModule":{
          "IPDSharing":"No"
        }
      },
      "DerivedSection":{
        "MiscInfoModule":{
          "VersionHolder":"April 19, 2021"
        },
        "ConditionBrowseModule":{
          "ConditionMeshList":{
            "ConditionMesh":[
              {
                "ConditionMeshId":"D000003251",
                "ConditionMeshTerm":"Constriction, Pathologic"
              }
            ]
          },
          "ConditionAncestorList":{
            "ConditionAncestor":[
              {
                "ConditionAncestorId":"D000020763",
                "ConditionAncestorTerm":"Pathological Conditions, Anatomical"
              }
            ]
          },
          "ConditionBrowseLeafList":{
            "ConditionBrowseLeaf":[
              {
                "ConditionBrowseLeafId":"M19009",
                "ConditionBrowseLeafName":"Cholangiocarcinoma",
                "ConditionBrowseLeafRelevance":"low"
              },{
                "ConditionBrowseLeafId":"M5058",
                "ConditionBrowseLeafName":"Constriction, Pathologic",
                "ConditionBrowseLeafAsFound":"Stenosis",
                "ConditionBrowseLeafRelevance":"high"
              },{
                "ConditionBrowseLeafId":"M21103",
                "ConditionBrowseLeafName":"Pathological Conditions, Anatomical",
                "ConditionBrowseLeafRelevance":"low"
              },{
                "ConditionBrowseLeafId":"T755",
                "ConditionBrowseLeafName":"Bile Duct Cancer",
                "ConditionBrowseLeafRelevance":"low"
              }
            ]
          },
          "ConditionBrowseBranchList":{
            "ConditionBrowseBranch":[
              {
                "ConditionBrowseBranchAbbrev":"BC04",
                "ConditionBrowseBranchName":"Cancers and Other Neoplasms"
              },{
                "ConditionBrowseBranchAbbrev":"All",
                "ConditionBrowseBranchName":"All Conditions"
              },{
                "ConditionBrowseBranchAbbrev":"BC23",
                "ConditionBrowseBranchName":"Symptoms and General Pathology"
              },{
                "ConditionBrowseBranchAbbrev":"Rare",
                "ConditionBrowseBranchName":"Rare Diseases"
              }
            ]
          }
        }
      }
    }
  }
}

