{
  "FullStudy":{
    "Rank":700,
    "Study":{
      "ProtocolSection":{
        "IdentificationModule":{
          "NCTId":"NCT04840849",
          "OrgStudyIdInfo":{
            "OrgStudyId":"D5290C00007"
          },
          "Organization":{
            "OrgFullName":"AstraZeneca",
            "OrgClass":"INDUSTRY"
          },
          "BriefTitle":"Evaluate the Pharmacokinetics, Safety, and Tolerability of Nirsevimab in Healthy Chinese Adults",
          "OfficialTitle":"A Phase 1, Randomized, Double-blind, Placebo-controlled Study to Evaluate the Pharmacokinetics, Safety, and Tolerability of Nirsevimab in Healthy Chinese Adults",
          "Acronym":"PK/ADA"
        },
        "StatusModule":{
          "StatusVerifiedDate":"April 2021",
          "OverallStatus":"Not yet recruiting",
          "ExpandedAccessInfo":{
            "HasExpandedAccess":"No"
          },
          "StartDateStruct":{
            "StartDate":"April 30, 2021",
            "StartDateType":"Anticipated"
          },
          "PrimaryCompletionDateStruct":{
            "PrimaryCompletionDate":"October 29, 2021",
            "PrimaryCompletionDateType":"Anticipated"
          },
          "CompletionDateStruct":{
            "CompletionDate":"October 29, 2021",
            "CompletionDateType":"Anticipated"
          },
          "StudyFirstSubmitDate":"April 8, 2021",
          "StudyFirstSubmitQCDate":"April 8, 2021",
          "StudyFirstPostDateStruct":{
            "StudyFirstPostDate":"April 12, 2021",
            "StudyFirstPostDateType":"Actual"
          },
          "LastUpdateSubmitDate":"April 8, 2021",
          "LastUpdatePostDateStruct":{
            "LastUpdatePostDate":"April 12, 2021",
            "LastUpdatePostDateType":"Actual"
          }
        },
        "SponsorCollaboratorsModule":{
          "ResponsibleParty":{
            "ResponsiblePartyType":"Sponsor"
          },
          "LeadSponsor":{
            "LeadSponsorName":"AstraZeneca",
            "LeadSponsorClass":"INDUSTRY"
          },
          "CollaboratorList":{
            "Collaborator":[
              {
                "CollaboratorName":"IQVIA RDS (Shanghai) Co., Ltd.",
                "CollaboratorClass":"UNKNOWN"
              }
            ]
          }
        },
        "OversightModule":{
          "OversightHasDMC":"No",
          "IsFDARegulatedDrug":"No",
          "IsFDARegulatedDevice":"No"
        },
        "DescriptionModule":{
          "BriefSummary":"The purpose of this study is to evaluate the Pharmacokinetics, Safety, Tolerability of Nirsevimab in Healthy Chinese Adults.",
          "DetailedDescription":"This is a Phase 1, randomized, double-blind, placebo-controlled study to evaluate the PK, safety and tolerability, and ADA of nirsevimab when administered as a single fixed IM dosage to healthy Chinese adult subjects. Enrolment is planned at a single study center in China. Approximately 24 subjects will be randomly assigned in a 3:1 ratio to receive nirsevimab (n = 18) or placebo (n = 6). All subjects will be followed for approximately 150 days after dosing to assess safety, PK, and ADA response."
        },
        "ConditionsModule":{
          "ConditionList":{
            "Condition":[
              "Evaluate PK Profile"
            ]
          },
          "KeywordList":{
            "Keyword":[
              "PK",
              "safety",
              "tolerability",
              "Nirsevimab",
              "healthy Chinese Adults",
              "Respiratory Syncytial Viral (RSV)"
            ]
          }
        },
        "DesignModule":{
          "StudyType":"Interventional",
          "PhaseList":{
            "Phase":[
              "Phase 1"
            ]
          },
          "DesignInfo":{
            "DesignAllocation":"Randomized",
            "DesignInterventionModel":"Parallel Assignment",
            "DesignPrimaryPurpose":"Other",
            "DesignMaskingInfo":{
              "DesignMasking":"Triple",
              "DesignWhoMaskedList":{
                "DesignWhoMasked":[
                  "Participant",
                  "Investigator",
                  "Outcomes Assessor"
                ]
              }
            }
          },
          "EnrollmentInfo":{
            "EnrollmentCount":"24",
            "EnrollmentType":"Anticipated"
          }
        },
        "ArmsInterventionsModule":{
          "ArmGroupList":{
            "ArmGroup":[
              {
                "ArmGroupLabel":"Nirsevimab",
                "ArmGroupType":"Experimental",
                "ArmGroupDescription":"Nirsevimab single dose IM injection",
                "ArmGroupInterventionList":{
                  "ArmGroupInterventionName":[
                    "Biological: nirsevimab"
                  ]
                }
              },{
                "ArmGroupLabel":"Placebo",
                "ArmGroupType":"Placebo Comparator",
                "ArmGroupDescription":"Placebo single dose IM injection",
                "ArmGroupInterventionList":{
                  "ArmGroupInterventionName":[
                    "Other: Placebo"
                  ]
                }
              }
            ]
          },
          "InterventionList":{
            "Intervention":[
              {
                "InterventionType":"Biological",
                "InterventionName":"nirsevimab",
                "InterventionDescription":"Drug: injection, a single fixed IM dose on day 1 only.",
                "InterventionArmGroupLabelList":{
                  "InterventionArmGroupLabel":[
                    "Nirsevimab"
                  ]
                },
                "InterventionOtherNameList":{
                  "InterventionOtherName":[
                    "MEDI8897"
                  ]
                }
              },{
                "InterventionType":"Other",
                "InterventionName":"Placebo",
                "InterventionDescription":"Placebo: injection, 0.9% (w/v) saline, a single fixed IM dose on day 1 only.",
                "InterventionArmGroupLabelList":{
                  "InterventionArmGroupLabel":[
                    "Placebo"
                  ]
                }
              }
            ]
          }
        },
        "OutcomesModule":{
          "PrimaryOutcomeList":{
            "PrimaryOutcome":[
              {
                "PrimaryOutcomeMeasure":"Summary of nirsevimab serum concentrations",
                "PrimaryOutcomeDescription":"The serum concentration data and the estimated PK parameters will provide information on the time course and extent of nirsevimab serum exposure in the study population following a single administration. Pharmacokinetic parameters will be calculated using the Phoenix WinNonlin software using a noncompartmental approach.",
                "PrimaryOutcomeTimeFrame":"Through Day 151"
              },{
                "PrimaryOutcomeMeasure":"PK parameters - Cmax (maximum observed concentration)",
                "PrimaryOutcomeDescription":"The serum concentration data and the estimated PK parameters will provide information on the time course and extent of nirsevimab serum exposure in the study population following a single administration. Pharmacokinetic parameters will be calculated using the Phoenix WinNonlin software using a noncompartmental approach.",
                "PrimaryOutcomeTimeFrame":"Through Day 151"
              },{
                "PrimaryOutcomeMeasure":"PK parameters - Tmax (time to Cmax)",
                "PrimaryOutcomeDescription":"The serum concentration data and the estimated PK parameters will provide information on the time course and extent of nirsevimab serum exposure in the study population following a single administration. Pharmacokinetic parameters will be calculated using the Phoenix WinNonlin software using a noncompartmental approach.",
                "PrimaryOutcomeTimeFrame":"Through Day 151"
              },{
                "PrimaryOutcomeMeasure":"PK parameters - AUC0-150 (area under the concentration-time curve from time 0 to 150 days)",
                "PrimaryOutcomeDescription":"The serum concentration data and the estimated PK parameters will provide information on the time course and extent of nirsevimab serum exposure in the study population following a single administration. Pharmacokinetic parameters will be calculated using the Phoenix WinNonlin software using a noncompartmental approach.",
                "PrimaryOutcomeTimeFrame":"Through Day 151"
              }
            ]
          },
          "SecondaryOutcomeList":{
            "SecondaryOutcome":[
              {
                "SecondaryOutcomeMeasure":"Occurrence of all treatment-emergent adverse events (TEAEs), treatment-emergent serious adverse events (TESAEs), adverse events of special interest (AESIs), and new onset chronic diseases (NOCDs). Clinical laboratory assessments, vital signs",
                "SecondaryOutcomeTimeFrame":"Through Day 151"
              },{
                "SecondaryOutcomeMeasure":"Incidence of ADA to nirsevimab in serum",
                "SecondaryOutcomeTimeFrame":"Through Day 151"
              }
            ]
          }
        },
        "EligibilityModule":{
          "EligibilityCriteria":"Inclusion Criteria:\n\nAge 18 to 45 years\nWeight ≥ 45 kg and ≤ 110 kg and Body Mass Index of 19 to 26 kg/m2\nHealthy Chinese subjects (both male and female)\nNormotensive\nNormal electrocardiogram (ECG) within 28 days prior to Day 1\n\nExclusion Criteria:\n\nAcute illness at study entry (pre-dose on Day 1)\nFever ≥99.5°F (37.5°C) on day of dosing\nAny drug therapy within 14 days prior to Day 1 (except contraceptives).\nReceipt of immunoglobulin or blood products within 6 months prior to study entry.\nReceipt of any investigational drug therapy within 120 days prior to investigational product dosing or planned to receive any investigational drug therapy within 150 days after investigational product dosing.\nPrevious receipt of any marketed or investigational mAb.\nPrevious vaccination against RSV.\nHistory of immunodeficiency or receipt of immunosuppressive medications during the prior year.\nHistory of asthma.\nHistory of autoimmune disorder.\nEvidence of any systemic disease on physical examination.\nEvidence of infection with hepatitis A, B, or C virus, syphilis, or human immunodeficiency virus.\nAny clinically significant abnormal laboratory assessments at screening.\nPregnant or nursing mother.\nAlcohol or drug abuse",
          "HealthyVolunteers":"Accepts Healthy Volunteers",
          "Gender":"All",
          "MinimumAge":"18 Years",
          "MaximumAge":"45 Years",
          "StdAgeList":{
            "StdAge":[
              "Adult"
            ]
          }
        },
        "ContactsLocationsModule":{
          "CentralContactList":{
            "CentralContact":[
              {
                "CentralContactName":"AstraZeneca Clinical Study Information Center",
                "CentralContactRole":"Contact",
                "CentralContactPhone":"1-877-240-9479",
                "CentralContactEMail":"information.center@astrazeneca.com"
              }
            ]
          },
          "LocationList":{
            "Location":[
              {
                "LocationFacility":"Research Site",
                "LocationCity":"Shanghai",
                "LocationZip":"200040",
                "LocationCountry":"China"
              }
            ]
          }
        },
        "IPDSharingStatementModule":{
          "IPDSharing":"Yes",
          "IPDSharingDescription":"Qualified researchers can request access to anonymized individual patient-level data from AstraZeneca group of companies sponsored clinical trials via the request portal. All request will be evaluated as per the AZ disclosure commitment: https://astrazenecagrouptrials.pharmacm.com/ST/Submission/Disclosure.\n\nYes, indicates that AZ are accepting requests for IPD, but this does not mean all requests will be shared.",
          "IPDSharingTimeFrame":"AstraZeneca will meet or exceed data availability as per the commitments made to the EFPIA Pharma Data Sharing Principles. For details of our timelines, please rerefer to our disclosure commitment at https://astrazenecagrouptrials.pharmacm.com/ST/Submission/Disclosure.",
          "IPDSharingAccessCriteria":"When a request has been approved AstraZeneca will provide access to the de-identified individual patient-level data in an approved sponsored tool . Signed Data Sharing Agreement (non-negotiable contract for data accessors) must be in place before accessing requested information. Additionally, all users will need to accept the terms and conditions of the SAS MSE to gain access. For additional details, please review the Disclosure Statements at https://astrazenecagrouptrials.pharmacm.com/ST/Submission/Disclosure.",
          "IPDSharingURL":"https://astrazenecagroup-dt.pharmacm.com/DT/Home"
        }
      },
      "DerivedSection":{
        "MiscInfoModule":{
          "VersionHolder":"April 19, 2021"
        }
      }
    }
  }
}

