{
  "FullStudy":{
    "Rank":199,
    "Study":{
      "ProtocolSection":{
        "IdentificationModule":{
          "NCTId":"NCT04847362",
          "OrgStudyIdInfo":{
            "OrgStudyId":"11.04.2021-27076"
          },
          "Organization":{
            "OrgFullName":"Saglik Bilimleri Universitesi",
            "OrgClass":"OTHER"
          },
          "BriefTitle":"The Effect of Tele-Health Education Provided in the Postpartum Period in the Covid 19 Pandemic",
          "OfficialTitle":"Investigation of the Effect of Tele-Health Education Provided in the Postpartum Period in the Covid 19 Pandemic on the Depression, Attachment and Anxiety Levels of Women: A Randomized Controlled Study"
        },
        "StatusModule":{
          "StatusVerifiedDate":"April 2021",
          "OverallStatus":"Recruiting",
          "ExpandedAccessInfo":{
            "HasExpandedAccess":"No"
          },
          "StartDateStruct":{
            "StartDate":"April 11, 2021",
            "StartDateType":"Actual"
          },
          "PrimaryCompletionDateStruct":{
            "PrimaryCompletionDate":"May 30, 2021",
            "PrimaryCompletionDateType":"Anticipated"
          },
          "CompletionDateStruct":{
            "CompletionDate":"September 30, 2021",
            "CompletionDateType":"Anticipated"
          },
          "StudyFirstSubmitDate":"April 12, 2021",
          "StudyFirstSubmitQCDate":"April 14, 2021",
          "StudyFirstPostDateStruct":{
            "StudyFirstPostDate":"April 19, 2021",
            "StudyFirstPostDateType":"Estimate"
          },
          "LastUpdateSubmitDate":"April 15, 2021",
          "LastUpdatePostDateStruct":{
            "LastUpdatePostDate":"April 19, 2021",
            "LastUpdatePostDateType":"Estimate"
          }
        },
        "SponsorCollaboratorsModule":{
          "ResponsibleParty":{
            "ResponsiblePartyType":"Principal Investigator",
            "ResponsiblePartyInvestigatorFullName":"YASEMİN AYDIN KARTAL",
            "ResponsiblePartyInvestigatorTitle":"ASSOCIATE PROFESSOR",
            "ResponsiblePartyInvestigatorAffiliation":"Saglik Bilimleri Universitesi"
          },
          "LeadSponsor":{
            "LeadSponsorName":"Saglik Bilimleri Universitesi",
            "LeadSponsorClass":"OTHER"
          }
        },
        "OversightModule":{
          "OversightHasDMC":"No",
          "IsFDARegulatedDrug":"No",
          "IsFDARegulatedDevice":"No"
        },
        "DescriptionModule":{
          "BriefSummary":"In the planned study, it was aimed to examine the effect of tele-education offered in the postpartum period in the covid 19 pandemic on the levels of depression, attachment and anxiety of women.",
          "DetailedDescription":"In the planned study, it was aimed to examine the effect of tele-education offered in the postpartum period in the covid 19 pandemic on the levels of depression, attachment and anxiety of women."
        },
        "ConditionsModule":{
          "ConditionList":{
            "Condition":[
              "Postpartum Depression",
              "Anxiety State"
            ]
          },
          "KeywordList":{
            "Keyword":[
              "postpartum depression",
              "mother-baby attachment",
              "anxiety"
            ]
          }
        },
        "DesignModule":{
          "StudyType":"Interventional",
          "PhaseList":{
            "Phase":[
              "Not Applicable"
            ]
          },
          "DesignInfo":{
            "DesignAllocation":"Randomized",
            "DesignInterventionModel":"Parallel Assignment",
            "DesignInterventionModelDescription":"A randomized controlled trial",
            "DesignPrimaryPurpose":"Prevention",
            "DesignMaskingInfo":{
              "DesignMasking":"Single",
              "DesignWhoMaskedList":{
                "DesignWhoMasked":[
                  "Outcomes Assessor"
                ]
              }
            }
          },
          "EnrollmentInfo":{
            "EnrollmentCount":"74",
            "EnrollmentType":"Anticipated"
          }
        },
        "ArmsInterventionsModule":{
          "ArmGroupList":{
            "ArmGroup":[
              {
                "ArmGroupLabel":"Experimental",
                "ArmGroupType":"Experimental",
                "ArmGroupDescription":"The mothers in this group will be given telehealth training for 4 weeks.",
                "ArmGroupInterventionList":{
                  "ArmGroupInterventionName":[
                    "Behavioral: Experimental"
                  ]
                }
              },{
                "ArmGroupLabel":"Control",
                "ArmGroupType":"No Intervention",
                "ArmGroupDescription":"Mothers in this group will not be given telehealth education, they will receive care within the scope of routine care."
              }
            ]
          },
          "InterventionList":{
            "Intervention":[
              {
                "InterventionType":"Behavioral",
                "InterventionName":"Experimental",
                "InterventionDescription":"education group",
                "InterventionArmGroupLabelList":{
                  "InterventionArmGroupLabel":[
                    "Experimental"
                  ]
                }
              }
            ]
          }
        },
        "OutcomesModule":{
          "PrimaryOutcomeList":{
            "PrimaryOutcome":[
              {
                "PrimaryOutcomeMeasure":"postpartum depression",
                "PrimaryOutcomeDescription":"The Edinburgh Postnatal Depression Scale (EPDS) was used to detect depressive symptoms during the postpartum period [30]. EPDS is a 10-item questionnaire assessing the interviewee's depressive feelings from the seven days before the interview. The response of the questions is scored from 0-3, with higher scores indicating higher levels of depressive symptoms. The total EPDS score of a respondentcan range from 0 to 30.",
                "PrimaryOutcomeTimeFrame":"postpartum 6 weeks"
              },{
                "PrimaryOutcomeMeasure":"postpartum depression",
                "PrimaryOutcomeDescription":"The Edinburgh Postnatal Depression Scale (EPDS) was used to detect depressive symptoms during the postpartum period [30]. EPDS is a 10-item questionnaire assessing the interviewee's depressive feelings from the seven days before the interview. The response of the questions is scored from 0-3, with higher scores indicating higher levels of depressive symptoms. The total EPDS score of a respondentcan range from 0 to 30.",
                "PrimaryOutcomeTimeFrame":"postpartum 3 months"
              },{
                "PrimaryOutcomeMeasure":"postpartum mother-baby attachment",
                "PrimaryOutcomeDescription":"Postpartum Attachment Scale: Early diagnosis of problems in mother-infant relationship Developed to provide and maternal filling4. The scale is a six-digit It has a Likert scale. Scale \"always\", Postpartum attachment scales in mothers 247 \"Very often\", \"often\", \"sometimes\", \"rarely\", \"no It has been defined as \"time\". Items 0-5 It is rated as. Scale 17 is reverse It consists of 25 graded items. Scale \"attachment disorder\" (12 items), \"Rejection and irritability\" (seven items), \"care tension about \"(four items), abuse four sub-categories with risk (two substances) It consists of units. Pathology in mother-infant relationship cut point specified for four subscales 4'18 The cut-off point of four subscales attachment disorder (subscale 1), respectively> 12, rejection and irritability (subscale 2)> 17, anxiety in infant care (subscale 3)> 10, the risk of abuse (subscale 4) is> 3.",
                "PrimaryOutcomeTimeFrame":"postpartum 6 weeks a"
              },{
                "PrimaryOutcomeMeasure":"postpartum mother-baby attachment",
                "PrimaryOutcomeDescription":"Postpartum Attachment Scale: Early diagnosis of problems in mother-infant relationship Developed to provide and maternal filling4. The scale is a six-digit It has a Likert scale. Scale \"always\", Postpartum attachment scales in mothers 247 \"Very often\", \"often\", \"sometimes\", \"rarely\", \"no It has been defined as \"time\". Items 0-5 It is rated as. Scale 17 is reverse It consists of 25 graded items. Scale \"attachment disorder\" (12 items), \"Rejection and irritability\" (seven items), \"care tension about \"(four items), abuse four sub-categories with risk (two substances) It consists of units. Pathology in mother-infant relationship cut point specified for four subscales 4'18 The cut-off point of four subscales attachment disorder (subscale 1), respectively> 12, rejection and irritability (subscale 2)> 17, anxiety in infant care (subscale 3)> 10, the risk of abuse (subscale 4) is> 3.",
                "PrimaryOutcomeTimeFrame":"postpartum 3 months"
              },{
                "PrimaryOutcomeMeasure":"anxiety state",
                "PrimaryOutcomeDescription":"State Anxiety Scale (STAI-I) in 1970 Turkish form developed by Spielberger Oner N et al. Its validity and reliability study has been carried out by adapting it. Anxiety level In STAI-I, \"(1) not at all, (2) a little, (3) a lot and (4) completely\" While it is scored as, the options in STAI-II are (1) almost never, (2) sometimes, (3) a lot of time, and (4) it is almost always. 2 kinds of scales Scores obtained from both scales theoretically it ranges from 20 to 80. High score indicates high anxiety level",
                "PrimaryOutcomeTimeFrame":"postpartum 6 weeks"
              },{
                "PrimaryOutcomeMeasure":"anxiety state",
                "PrimaryOutcomeDescription":"State Anxiety Scale (STAI-I) in 1970 Turkish form developed by Spielberger Oner N et al. Its validity and reliability study has been carried out by adapting it. Anxiety level In STAI-I, \"(1) not at all, (2) a little, (3) a lot and (4) completely\" While it is scored as, the options in STAI-II are (1) almost never, (2) sometimes, (3) a lot of time, and (4) it is almost always. 2 kinds of scales Scores obtained from both scales theoretically it ranges from 20 to 80. High score indicates high anxiety level",
                "PrimaryOutcomeTimeFrame":"postpartum 3 months"
              }
            ]
          }
        },
        "EligibilityModule":{
          "EligibilityCriteria":"inclusion Criteria\n\nliterate\nGiving birth at term (between 38-42 weeks of gestation)\nBeing on the 7th Postpartum Day,\nParticipation in the study is voluntary,\nAbsence of any psychiatric illness,\nWomen who have characteristics such as not using any psychiatric medication.\nBaby with normal birth weight and APGAR score of 8 and above\nThose who have not developed postpartum complications\nSpeaks and understands Turkish\n\nExclusion Criteria:\n\nwomen who do not meet the sample selection criteria\n\n-",
          "HealthyVolunteers":"Accepts Healthy Volunteers",
          "Gender":"Female",
          "MinimumAge":"18 Years",
          "MaximumAge":"35 Years",
          "StdAgeList":{
            "StdAge":[
              "Adult"
            ]
          }
        },
        "ContactsLocationsModule":{
          "LocationList":{
            "Location":[
              {
                "LocationFacility":"Zeynep Kamil Women's and Children's Diseases Training and Research Hospital",
                "LocationStatus":"Recruiting",
                "LocationCity":"İstanbul",
                "LocationZip":"34668",
                "LocationCountry":"Turkey",
                "LocationContactList":{
                  "LocationContact":[
                    {
                      "LocationContactName":"LEYLA KAYA",
                      "LocationContactRole":"Contact",
                      "LocationContactPhone":"+90 5456439482",
                      "LocationContactEMail":"leylakaya02@hotmail.com"
                    }
                  ]
                }
              },{
                "LocationFacility":"Saglık Bilimleri Universitesi",
                "LocationStatus":"Recruiting",
                "LocationCity":"Istanbul",
                "LocationCountry":"Turkey",
                "LocationContactList":{
                  "LocationContact":[
                    {
                      "LocationContactName":"YASEMİN AYDIN KARTAL",
                      "LocationContactRole":"Contact",
                      "LocationContactPhone":"+90 5432870029",
                      "LocationContactEMail":"yasemin.aydin@sbu.edu.tr"
                    }
                  ]
                }
              }
            ]
          }
        },
        "IPDSharingStatementModule":{
          "IPDSharing":"Undecided"
        }
      },
      "DerivedSection":{
        "MiscInfoModule":{
          "VersionHolder":"April 19, 2021"
        },
        "ConditionBrowseModule":{
          "ConditionMeshList":{
            "ConditionMesh":[
              {
                "ConditionMeshId":"D000019052",
                "ConditionMeshTerm":"Depression, Postpartum"
              },{
                "ConditionMeshId":"D000003863",
                "ConditionMeshTerm":"Depression"
              },{
                "ConditionMeshId":"D000003866",
                "ConditionMeshTerm":"Depressive Disorder"
              },{
                "ConditionMeshId":"D000001008",
                "ConditionMeshTerm":"Anxiety Disorders"
              }
            ]
          },
          "ConditionAncestorList":{
            "ConditionAncestor":[
              {
                "ConditionAncestorId":"D000001526",
                "ConditionAncestorTerm":"Behavioral Symptoms"
              },{
                "ConditionAncestorId":"D000019964",
                "ConditionAncestorTerm":"Mood Disorders"
              },{
                "ConditionAncestorId":"D000001523",
                "ConditionAncestorTerm":"Mental Disorders"
              },{
                "ConditionAncestorId":"D000011644",
                "ConditionAncestorTerm":"Puerperal Disorders"
              },{
                "ConditionAncestorId":"D000011248",
                "ConditionAncestorTerm":"Pregnancy Complications"
              }
            ]
          },
          "ConditionBrowseLeafList":{
            "ConditionBrowseLeaf":[
              {
                "ConditionBrowseLeafId":"M2905",
                "ConditionBrowseLeafName":"Anxiety Disorders",
                "ConditionBrowseLeafAsFound":"Anxiety",
                "ConditionBrowseLeafRelevance":"high"
              },{
                "ConditionBrowseLeafId":"M19660",
                "ConditionBrowseLeafName":"Depression, Postpartum",
                "ConditionBrowseLeafAsFound":"Postpartum Depression",
                "ConditionBrowseLeafRelevance":"high"
              },{
                "ConditionBrowseLeafId":"M5641",
                "ConditionBrowseLeafName":"Depression",
                "ConditionBrowseLeafAsFound":"Depression",
                "ConditionBrowseLeafRelevance":"high"
              },{
                "ConditionBrowseLeafId":"M5644",
                "ConditionBrowseLeafName":"Depressive Disorder",
                "ConditionBrowseLeafAsFound":"Depression",
                "ConditionBrowseLeafRelevance":"high"
              },{
                "ConditionBrowseLeafId":"M3399",
                "ConditionBrowseLeafName":"Behavioral Symptoms",
                "ConditionBrowseLeafRelevance":"low"
              },{
                "ConditionBrowseLeafId":"M20419",
                "ConditionBrowseLeafName":"Mood Disorders",
                "ConditionBrowseLeafRelevance":"low"
              },{
                "ConditionBrowseLeafId":"M3396",
                "ConditionBrowseLeafName":"Mental Disorders",
                "ConditionBrowseLeafRelevance":"low"
              },{
                "ConditionBrowseLeafId":"M13056",
                "ConditionBrowseLeafName":"Psychotic Disorders",
                "ConditionBrowseLeafRelevance":"low"
              },{
                "ConditionBrowseLeafId":"M13082",
                "ConditionBrowseLeafName":"Puerperal Disorders",
                "ConditionBrowseLeafRelevance":"low"
              },{
                "ConditionBrowseLeafId":"M12710",
                "ConditionBrowseLeafName":"Pregnancy Complications",
                "ConditionBrowseLeafRelevance":"low"
              }
            ]
          },
          "ConditionBrowseBranchList":{
            "ConditionBrowseBranch":[
              {
                "ConditionBrowseBranchAbbrev":"BXM",
                "ConditionBrowseBranchName":"Behaviors and Mental Disorders"
              },{
                "ConditionBrowseBranchAbbrev":"All",
                "ConditionBrowseBranchName":"All Conditions"
              },{
                "ConditionBrowseBranchAbbrev":"BXS",
                "ConditionBrowseBranchName":"Urinary Tract, Sexual Organs, and Pregnancy Conditions"
              }
            ]
          }
        }
      }
    }
  }
}

