{
  "FullStudy":{
    "Rank":1493,
    "Study":{
      "ProtocolSection":{
        "IdentificationModule":{
          "NCTId":"NCT04830527",
          "OrgStudyIdInfo":{
            "OrgStudyId":"030-2020"
          },
          "Organization":{
            "OrgFullName":"University of Chile",
            "OrgClass":"OTHER"
          },
          "BriefTitle":"EMA Baseline Screening System for Therapists Who Treat Youths With Depressive Symptoms",
          "OfficialTitle":"Development and Evaluation of an Ecological Momentary Assessment (EMA) Baseline Screening System for Therapists Who Treat Youths With Depressive Symptoms"
        },
        "StatusModule":{
          "StatusVerifiedDate":"April 2021",
          "OverallStatus":"Enrolling by invitation",
          "ExpandedAccessInfo":{
            "HasExpandedAccess":"No"
          },
          "StartDateStruct":{
            "StartDate":"November 24, 2020",
            "StartDateType":"Actual"
          },
          "PrimaryCompletionDateStruct":{
            "PrimaryCompletionDate":"August 31, 2021",
            "PrimaryCompletionDateType":"Anticipated"
          },
          "CompletionDateStruct":{
            "CompletionDate":"September 30, 2021",
            "CompletionDateType":"Anticipated"
          },
          "StudyFirstSubmitDate":"March 30, 2021",
          "StudyFirstSubmitQCDate":"April 1, 2021",
          "StudyFirstPostDateStruct":{
            "StudyFirstPostDate":"April 5, 2021",
            "StudyFirstPostDateType":"Actual"
          },
          "LastUpdateSubmitDate":"April 1, 2021",
          "LastUpdatePostDateStruct":{
            "LastUpdatePostDate":"April 5, 2021",
            "LastUpdatePostDateType":"Actual"
          }
        },
        "SponsorCollaboratorsModule":{
          "ResponsibleParty":{
            "ResponsiblePartyType":"Sponsor-Investigator",
            "ResponsiblePartyInvestigatorFullName":"Vania Martínez-Nahuel",
            "ResponsiblePartyInvestigatorTitle":"Dr.",
            "ResponsiblePartyInvestigatorAffiliation":"University of Chile"
          },
          "LeadSponsor":{
            "LeadSponsorName":"Vania Martínez-Nahuel",
            "LeadSponsorClass":"OTHER"
          },
          "CollaboratorList":{
            "Collaborator":[
              {
                "CollaboratorName":"ANID - Millennium Science Initiative Program - NCS17_03 Millennium Nucleus to Improve the Mental Health of Adolescents and Youths (Imhay), Santiago, Chile",
                "CollaboratorClass":"UNKNOWN"
              },{
                "CollaboratorName":"ANID - Millennium Science Initiative Program - ICS13_005 Millennium Institute for Research in Depression and Personality (MIDAP), Santiago, Chile",
                "CollaboratorClass":"UNKNOWN"
              },{
                "CollaboratorName":"Center for Psychotherapy Research, University Hospital Heidelberg, Heidelberg, Germany",
                "CollaboratorClass":"UNKNOWN"
              }
            ]
          }
        },
        "OversightModule":{
          "OversightHasDMC":"No",
          "IsFDARegulatedDrug":"No",
          "IsFDARegulatedDevice":"No"
        },
        "DescriptionModule":{
          "BriefSummary":"Youth depression is a matter of concern worldwide. It affects an important part of the young population around the world and its consequences both physically and mentally make this issue an important research field for psychologists and other health related professionals (Zuckerbrot, Cheung, Jensen, Stein & Laraque, 2018). Two of the biggest challenges that clinicians and researchers face when dealing with youth depression are adherence and the establishment of a therapeutic alliance (TA; Nock & Ferriter, 2005). While several treatments are available to relief depressive symptomatology in youths, a significant number do not access them for a variety of reasons (DiMatteo, Lepper & Corgan, 2000). In the last decades, substantial research has been conducted on how youths and the general population perceive therapy, and different methods have been developed to assess clients and therapists in order to improve outcomes and other aspects of the psychotherapy process, such as feedback tools and real-time measurements like Ecological Momentary Assessment (EMA) (Shiffman, et al., 2008). With the aid of Information Communication Technologies (ICTs) and eMental Health strategies, feedback and assessment tools can be presented in a friendly manner, providing a novel way to possibly improving adherence rates and TA scores. This study aims to develop and test the effectiveness of an Ecological Momentary Assessment mobile application to improve initial adherence and TA in psychotherapy for youths with depression.\n\nThe hypotheses for this trial are:\n\nApplying an EMA baseline screening application one week before the beginning of treatment for youth depression will significantly improve the TA.\nApplying an EMA baseline screening application one week before the beginning of treatment for youth depression will significantly improve initial adherence."
        },
        "ConditionsModule":{
          "ConditionList":{
            "Condition":[
              "Depressive Symptoms"
            ]
          },
          "KeywordList":{
            "Keyword":[
              "depression",
              "therapeutic alliance",
              "youth",
              "Ecological Momentary Assessment",
              "e-mental Health",
              "e-Health",
              "adherence"
            ]
          }
        },
        "DesignModule":{
          "StudyType":"Interventional",
          "PhaseList":{
            "Phase":[
              "Not Applicable"
            ]
          },
          "DesignInfo":{
            "DesignAllocation":"Randomized",
            "DesignInterventionModel":"Parallel Assignment",
            "DesignPrimaryPurpose":"Screening",
            "DesignMaskingInfo":{
              "DesignMasking":"Double",
              "DesignWhoMaskedList":{
                "DesignWhoMasked":[
                  "Participant",
                  "Investigator"
                ]
              }
            }
          },
          "EnrollmentInfo":{
            "EnrollmentCount":"160",
            "EnrollmentType":"Anticipated"
          }
        },
        "ArmsInterventionsModule":{
          "ArmGroupList":{
            "ArmGroup":[
              {
                "ArmGroupLabel":"Intervention group",
                "ArmGroupType":"Experimental",
                "ArmGroupDescription":"Patients in experimental group will receive EMA prompts. Therapists in this group will receive a summarized PDF report before the beginning of the first psychotherapy session. The report will include graphic summarized data from the EMA prompts.",
                "ArmGroupInterventionList":{
                  "ArmGroupInterventionName":[
                    "Behavioral: EMA prompting for patients",
                    "Behavioral: PDF Reports for therapists"
                  ]
                }
              },{
                "ArmGroupLabel":"Control group",
                "ArmGroupType":"Active Comparator",
                "ArmGroupDescription":"Patients in control group will receive the EMA prompts in the same manner as patients in the experimental group.\n\nTherapists in this group will not receive the PDF reports, and instead will get raw scores from a screening evaluation conducted with patients in the recruitment phase of the study.",
                "ArmGroupInterventionList":{
                  "ArmGroupInterventionName":[
                    "Behavioral: EMA prompting for patients"
                  ]
                }
              }
            ]
          },
          "InterventionList":{
            "Intervention":[
              {
                "InterventionType":"Behavioral",
                "InterventionName":"EMA prompting for patients",
                "InterventionDescription":"EMA prompting will consist of the delivery of the PHQ-4 and PANAS questionnaires, as well as basic identification, therapy motivations and expectations, location, current activity and social interactions.\n\nThese prompts will be presented to patients during a 7 day period, 5 times per day.",
                "InterventionArmGroupLabelList":{
                  "InterventionArmGroupLabel":[
                    "Control group",
                    "Intervention group"
                  ]
                }
              },{
                "InterventionType":"Behavioral",
                "InterventionName":"PDF Reports for therapists",
                "InterventionDescription":"After the patients' EMA data is collected, a previously designed R script will summarize and transform the data into a brief and graphic report for therapists in the experimental arm of the study. These reports are intended to provide detailed information about the patients' mood, anxiety levels, positive and negative affects, as well as crossed data such as mood according to location, anxiety according to activity, etc.",
                "InterventionArmGroupLabelList":{
                  "InterventionArmGroupLabel":[
                    "Intervention group"
                  ]
                }
              }
            ]
          }
        },
        "OutcomesModule":{
          "PrimaryOutcomeList":{
            "PrimaryOutcome":[
              {
                "PrimaryOutcomeMeasure":"Working Alliance Inventory, Patient Form (WAI-P)",
                "PrimaryOutcomeDescription":"Likert scale with answers that range from 1 to 7. Higher scores suggest a better perception of the Therapeutic Alliance.",
                "PrimaryOutcomeTimeFrame":"Immediately after the end of first three psychotherapy sessions."
              }
            ]
          },
          "SecondaryOutcomeList":{
            "SecondaryOutcome":[
              {
                "SecondaryOutcomeMeasure":"Working Alliance Inventory, Therapist Form (WAI-T)",
                "SecondaryOutcomeDescription":"Likert scale with answers that range from 1 to 7. Higher scores suggest a better perception of the Therapeutic Alliance.",
                "SecondaryOutcomeTimeFrame":"Immediately after the end of first three psychotherapy sessions."
              },{
                "SecondaryOutcomeMeasure":"Assistance to sessions",
                "SecondaryOutcomeDescription":"Assistance to sessions will be registered by therapists as a measurement of initial adherence.",
                "SecondaryOutcomeTimeFrame":"Immediately after the end of first three psychotherapy sessions."
              }
            ]
          }
        },
        "EligibilityModule":{
          "EligibilityCriteria":"Inclusion Criteria for Patients:\n\nOwning a mobile phone with permanent access to the internet,\nScoring eleven or more points in the PHQ-9 questionnaire.\nBeing part of the GES (Garantías Explícitas en Salud or Explicit Health Warranties) depression program\nHaving completed the eighth grade of basic education.\n\nExclusion Criteria for Patients:\n\nBeing diagnosed with Depression with psychotic symptoms,\nHaving a depressive episode as part of a bipolar disorder diagnosis\nHaving suicidal thoughts and/or behaviour as measured by the PHQ-9 and evaluated by the physician.\nAlcohol and/or substance abuse.\n\nInclusion Criteria for Therapists:\n\n- Having 3 or more years of clinical experience.\n\nExclusion Criteria for Therapists:\n\nHaving less than 3 years of clinical experience.\nHaving participated in the design of PDF reports.",
          "HealthyVolunteers":"No",
          "Gender":"All",
          "MinimumAge":"18 Years",
          "MaximumAge":"24 Years",
          "StdAgeList":{
            "StdAge":[
              "Adult"
            ]
          }
        },
        "ContactsLocationsModule":{
          "LocationList":{
            "Location":[
              {
                "LocationFacility":"CEMERA, Faculty of Medicine, Universidad de Chile",
                "LocationCity":"Santiago",
                "LocationState":"Region Metropolitana",
                "LocationZip":"8380455",
                "LocationCountry":"Chile"
              }
            ]
          }
        },
        "ReferencesModule":{
          "ReferenceList":{
            "Reference":[
              {
                "ReferenceType":"background",
                "ReferenceCitation":"Abras, C., Maloney-Krichmar, D., Preece, J. (2004) User-Centered Design. In Bainbridge, W. Encyclopedia of Human-Computer Interaction. Thousand Oaks: Sage Publications."
              },{
                "ReferencePMID":"29999123",
                "ReferenceType":"background",
                "ReferenceCitation":"Borghero F, Martínez V, Zitko P, Vöhringer PA, Cavada G, Rojas G. [Screening depressive episodes in adolescents. Validation of the Patient Health Questionnaire-9 (PHQ-9)]. Rev Med Chil. 2018 Apr;146(4):479-486. doi: 10.4067/s0034-98872018000400479. Spanish."
              },{
                "ReferencePMID":"27289172",
                "ReferenceType":"background",
                "ReferenceCitation":"Cipriani A, Zhou X, Del Giovane C, Hetrick SE, Qin B, Whittington C, Coghill D, Zhang Y, Hazell P, Leucht S, Cuijpers P, Pu J, Cohen D, Ravindran AV, Liu Y, Michael KD, Yang L, Liu L, Xie P. Comparative efficacy and tolerability of antidepressants for major depressive disorder in children and adolescents: a network meta-analysis. Lancet. 2016 Aug 27;388(10047):881-90. doi: 10.1016/S0140-6736(16)30385-3. Epub 2016 Jun 8."
              },{
                "ReferencePMID":"22963063",
                "ReferenceType":"background",
                "ReferenceCitation":"Clark MS, Jansen KL, Cloy JA. Treatment of childhood and adolescent depression. Am Fam Physician. 2012 Sep 1;86(5):442-8. Review."
              },{
                "ReferencePMID":"25433518",
                "ReferenceType":"background",
                "ReferenceCitation":"Cox GR, Callahan P, Churchill R, Hunot V, Merry SN, Parker AG, Hetrick SE. Psychological therapies versus antidepressant medication, alone and in combination for depression in children and adolescents. Cochrane Database Syst Rev. 2014 Nov 30;(11):CD008324. doi: 10.1002/14651858.CD008324.pub3. Review."
              },{
                "ReferencePMID":"18444054",
                "ReferenceType":"background",
                "ReferenceCitation":"David-Ferdon C, Kaslow NJ. Evidence-based psychosocial treatments for child and adolescent depression. J Clin Child Adolesc Psychol. 2008 Jan;37(1):62-104. doi: 10.1080/15374410701817865. Review."
              },{
                "ReferencePMID":"22156932",
                "ReferenceType":"background",
                "ReferenceCitation":"Eapen V, Črnčec R. Strategies and challenges in the management of adolescent depression. Curr Opin Psychiatry. 2012 Jan;25(1):7-13. doi: 10.1097/YCO.0b013e32834de3bd. Review."
              },{
                "ReferenceType":"background",
                "ReferenceCitation":"Fernández, O., Pérez, C., Gloger, S., Krause, M., (2015) Importancia de los cambios iniciales en psicoterapia con jovenes, Terapia Psicológica, (33)3, pp. 247 - 255."
              },{
                "ReferenceType":"background",
                "ReferenceCitation":"Fernández, O. M., Herrera-Salinas, P. & Escobar-Martínez, M. J. (2016). youthes en Psicoterapia: Su Representación de la Relación Terapéutica. Revista Latinoamericana de Ciencias Sociales, Niñez y Juventud, 14 (1), pp. 559-575."
              },{
                "ReferenceType":"background",
                "ReferenceCitation":"Fernandez, O.M., Krause, M., & Pérez, J.C. (2016). Therapeutic alliance in the initial phase of psychotherapy with ado- lescents: different perspectives and their association with therapeutic outcomes. Research in Psychotherapy: Psychopathology, Process and Outcome, 19(1), 1-9. doi: 10.4081/ripppo.2016.180"
              },{
                "ReferencePMID":"28394249",
                "ReferenceType":"background",
                "ReferenceCitation":"Goodyer IM, Reynolds S, Barrett B, Byford S, Dubicka B, Hill J, Holland F, Kelvin R, Midgley N, Roberts C, Senior R, Target M, Widmer B, Wilkinson P, Fonagy P. Cognitive-behavioural therapy and short-term psychoanalytic psychotherapy versus brief psychosocial intervention in adolescents with unipolar major depression (IMPACT): a multicentre, pragmatic, observer-blind, randomised controlled trial. Health Technol Assess. 2017 Mar;21(12):1-94. doi: 10.3310/hta21120."
              },{
                "ReferenceType":"background",
                "ReferenceCitation":"Hatcher, R., & Gillaspy, J., (2006) Development and validation of a revised short version of the working alliance inventory, Psychotherapy Research, 16:1, 12-25, DOI: 10.1080/10503300500352500"
              },{
                "ReferencePMID":"14583691",
                "ReferenceType":"background",
                "ReferenceCitation":"Kroenke K, Spitzer RL, Williams JB. The Patient Health Questionnaire-2: validity of a two-item depression screener. Med Care. 2003 Nov;41(11):1284-92."
              },{
                "ReferencePMID":"17339617",
                "ReferenceType":"background",
                "ReferenceCitation":"Kroenke K, Spitzer RL, Williams JB, Monahan PO, Löwe B. Anxiety disorders in primary care: prevalence, impairment, comorbidity, and detection. Ann Intern Med. 2007 Mar 6;146(5):317-25."
              },{
                "ReferencePMID":"23151820",
                "ReferenceType":"background",
                "ReferenceCitation":"Kelders SM, Kok RN, Ossebaard HC, Van Gemert-Pijnen JE. Persuasive system design does matter: a systematic review of adherence to web-based interventions. J Med Internet Res. 2012 Nov 14;14(6):e152. doi: 10.2196/jmir.2104. Review."
              },{
                "ReferencePMID":"24081188",
                "ReferenceType":"background",
                "ReferenceCitation":"Lal S, Adair CE. E-mental health: a rapid review of the literature. Psychiatr Serv. 2014 Jan 1;65(1):24-32. doi: 10.1176/appi.ps.201300009. Review."
              },{
                "ReferencePMID":"25849877",
                "ReferenceType":"background",
                "ReferenceCitation":"Lambert MJ, Whipple JL, Smart DW, Vermeersch DA, Nielsen SL, Hawkins EJ. The effects of providing therapists with feedback on patient progress during psychotherapy: are outcomes enhanced? Psychother Res. 2001 Mar;11(1):49-68. doi: 10.1080/713663852."
              },{
                "ReferencePMID":"28183083",
                "ReferenceType":"background",
                "ReferenceCitation":"Lambert MJ. Maximizing Psychotherapy Outcome beyond Evidence-Based Medicine. Psychother Psychosom. 2017;86(2):80-89. doi: 10.1159/000455170. Epub 2017 Feb 10. Review."
              },{
                "ReferencePMID":"20626541",
                "ReferenceType":"background",
                "ReferenceCitation":"Luciano JV, Bertsch J, Salvador-Carulla L, Tomás JM, Fernández A, Pinto-Meza A, Haro JM, Palao DJ, Serrano-Blanco A. Factor structure, internal consistency and construct validity of the Sheehan Disability Scale in a Spanish primary care sample. J Eval Clin Pract. 2010 Oct;16(5):895-901. doi: 10.1111/j.1365-2753.2009.01211.x."
              },{
                "ReferencePMID":"10097874",
                "ReferenceType":"background",
                "ReferenceCitation":"Lewinsohn PM, Clarke GN. Psychosocial treatments for adolescent depression. Clin Psychol Rev. 1999 Apr;19(3):329-42."
              },{
                "ReferencePMID":"11806021",
                "ReferenceType":"background",
                "ReferenceCitation":"Michael KD, Crowley SL. How effective are treatments for child and adolescent depression? A meta-analytic review. Clin Psychol Rev. 2002 Mar;22(2):247-69. Review."
              },{
                "ReferencePMID":"15984084",
                "ReferenceType":"background",
                "ReferenceCitation":"Nock MK, Ferriter C. Parent management of attendance and adherence in child and adolescent therapy: a conceptual and empirical review. Clin Child Fam Psychol Rev. 2005 Jun;8(2):149-66. Review."
              },{
                "ReferencePMID":"26001926",
                "ReferenceType":"background",
                "ReferenceCitation":"O'Dea B, Calear AL, Perry Y. Is e-health the answer to gaps in adolescent mental health service provision? Curr Opin Psychiatry. 2015 Jul;28(4):336-42. doi: 10.1097/YCO.0000000000000170."
              },{
                "ReferenceType":"background",
                "ReferenceCitation":"Pacheco, B. & Aránguiz, C., (2011) Factores relacionados a la adherencia a tratamiento en youthes con depresión, Revista Chilena de Neuro-Psiquiatría, 49(1), pp. 69-78."
              },{
                "ReferencePMID":"21169177",
                "ReferenceType":"background",
                "ReferenceCitation":"Riper H, Andersson G, Christensen H, Cuijpers P, Lange A, Eysenbach G. Theme issue on e-mental health: a growing field in internet research. J Med Internet Res. 2010 Dec 19;12(5):e74. doi: 10.2196/jmir.1713."
              },{
                "ReferencePMID":"9881538",
                "ReferenceType":"background",
                "ReferenceCitation":"Sheehan DV, Lecrubier Y, Sheehan KH, Amorim P, Janavs J, Weiller E, Hergueta T, Baker R, Dunbar GC. The Mini-International Neuropsychiatric Interview (M.I.N.I.): the development and validation of a structured diagnostic psychiatric interview for DSM-IV and ICD-10. J Clin Psychiatry. 1998;59 Suppl 20:22-33;quiz 34-57. Review."
              },{
                "ReferencePMID":"20515206",
                "ReferenceType":"background",
                "ReferenceCitation":"Shimokawa K, Lambert MJ, Smart DW. Enhancing treatment outcome of patients at risk of treatment failure: meta-analytic and mega-analytic review of a psychotherapy quality assurance system. J Consult Clin Psychol. 2010 Jun;78(3):298-311. doi: 10.1037/a0019247."
              },{
                "ReferencePMID":"18509902",
                "ReferenceType":"background",
                "ReferenceCitation":"Shiffman S, Stone AA, Hufford MR. Ecological momentary assessment. Annu Rev Clin Psychol. 2008;4:1-32. Review."
              },{
                "ReferencePMID":"12795570",
                "ReferenceType":"background",
                "ReferenceCitation":"Shirk SR, Karver M. Prediction of treatment outcome from relationship variables in child and adolescent therapy: a meta-analytic review. J Consult Clin Psychol. 2003 Jun;71(3):452-64. Review."
              },{
                "ReferencePMID":"21112595",
                "ReferenceType":"background",
                "ReferenceCitation":"Silk JS, Forbes EE, Whalen DJ, Jakubcak JL, Thompson WK, Ryan ND, Axelson DA, Birmaher B, Dahl RE. Daily emotional dynamics in depressed youth: a cell phone ecological momentary assessment study. J Exp Child Psychol. 2011 Oct;110(2):241-57. doi: 10.1016/j.jecp.2010.10.007. Epub 2010 Nov 26."
              },{
                "ReferencePMID":"28423145",
                "ReferenceType":"background",
                "ReferenceCitation":"Weersing VR, Brent DA, Rozenman MS, Gonzalez A, Jeffreys M, Dickerson JF, Lynch FL, Porta G, Iyengar S. Brief Behavioral Therapy for Pediatric Anxiety and Depression in Primary Care: A Randomized Clinical Trial. JAMA Psychiatry. 2017 Jun 1;74(6):571-578. doi: 10.1001/jamapsychiatry.2017.0429."
              },{
                "ReferencePMID":"28221063",
                "ReferenceType":"background",
                "ReferenceCitation":"Weisz JR, Kuppens S, Ng MY, Eckshtain D, Ugueto AM, Vaughn-Coaxum R, Jensen-Doss A, Hawley KM, Krumholz Marchette LS, Chu BC, Weersing VR, Fordwood SR. What five decades of research tells us about the effects of youth psychological therapy: A multilevel meta-analysis and implications for science and practice. Am Psychol. 2017 Feb-Mar;72(2):79-117. doi: 10.1037/a0040360."
              }
            ]
          }
        },
        "IPDSharingStatementModule":{
          "IPDSharing":"No"
        }
      },
      "DerivedSection":{
        "MiscInfoModule":{
          "VersionHolder":"April 19, 2021"
        },
        "ConditionBrowseModule":{
          "ConditionMeshList":{
            "ConditionMesh":[
              {
                "ConditionMeshId":"D000003863",
                "ConditionMeshTerm":"Depression"
              }
            ]
          },
          "ConditionAncestorList":{
            "ConditionAncestor":[
              {
                "ConditionAncestorId":"D000001526",
                "ConditionAncestorTerm":"Behavioral Symptoms"
              }
            ]
          },
          "ConditionBrowseLeafList":{
            "ConditionBrowseLeaf":[
              {
                "ConditionBrowseLeafId":"M5641",
                "ConditionBrowseLeafName":"Depression",
                "ConditionBrowseLeafAsFound":"Depressive Symptoms",
                "ConditionBrowseLeafRelevance":"high"
              },{
                "ConditionBrowseLeafId":"M5644",
                "ConditionBrowseLeafName":"Depressive Disorder",
                "ConditionBrowseLeafRelevance":"low"
              },{
                "ConditionBrowseLeafId":"M3399",
                "ConditionBrowseLeafName":"Behavioral Symptoms",
                "ConditionBrowseLeafRelevance":"low"
              }
            ]
          },
          "ConditionBrowseBranchList":{
            "ConditionBrowseBranch":[
              {
                "ConditionBrowseBranchAbbrev":"BXM",
                "ConditionBrowseBranchName":"Behaviors and Mental Disorders"
              },{
                "ConditionBrowseBranchAbbrev":"All",
                "ConditionBrowseBranchName":"All Conditions"
              }
            ]
          }
        }
      }
    }
  }
}

