{
  "FullStudy":{
    "Rank":1285,
    "Study":{
      "ProtocolSection":{
        "IdentificationModule":{
          "NCTId":"NCT04833244",
          "OrgStudyIdInfo":{
            "OrgStudyId":"PRO00018713"
          },
          "Organization":{
            "OrgFullName":"Manhattan Physical Medicine and Rehabilitation, LLP",
            "OrgClass":"OTHER"
          },
          "BriefTitle":"Automatic Multimodal Assessment of Occurrence and Intensity of Pain for Research and Clinical Use",
          "OfficialTitle":"Automatic Multimodal Assessment of Occurrence and Intensity of Pain for Research and Clinical Use",
          "Acronym":"MAP"
        },
        "StatusModule":{
          "StatusVerifiedDate":"April 2021",
          "OverallStatus":"Completed",
          "ExpandedAccessInfo":{
            "HasExpandedAccess":"No"
          },
          "StartDateStruct":{
            "StartDate":"May 1, 2017",
            "StartDateType":"Actual"
          },
          "PrimaryCompletionDateStruct":{
            "PrimaryCompletionDate":"December 31, 2020",
            "PrimaryCompletionDateType":"Actual"
          },
          "CompletionDateStruct":{
            "CompletionDate":"December 31, 2020",
            "CompletionDateType":"Actual"
          },
          "StudyFirstSubmitDate":"May 7, 2017",
          "StudyFirstSubmitQCDate":"April 3, 2021",
          "StudyFirstPostDateStruct":{
            "StudyFirstPostDate":"April 6, 2021",
            "StudyFirstPostDateType":"Actual"
          },
          "LastUpdateSubmitDate":"April 3, 2021",
          "LastUpdatePostDateStruct":{
            "LastUpdatePostDate":"April 6, 2021",
            "LastUpdatePostDateType":"Actual"
          }
        },
        "SponsorCollaboratorsModule":{
          "ResponsibleParty":{
            "ResponsiblePartyType":"Sponsor"
          },
          "LeadSponsor":{
            "LeadSponsorName":"Manhattan Physical Medicine and Rehabilitation, LLP",
            "LeadSponsorClass":"OTHER"
          },
          "CollaboratorList":{
            "Collaborator":[
              {
                "CollaboratorName":"Carnegie Mellon University",
                "CollaboratorClass":"OTHER"
              }
            ]
          }
        },
        "OversightModule":{
          "OversightHasDMC":"No",
          "IsFDARegulatedDrug":"No",
          "IsFDARegulatedDevice":"No"
        },
        "DescriptionModule":{
          "BriefSummary":"170 patients with rotator cuff syndrome will be filmed abducting and flexing their arms before learning a simple maneuver that alleviates most of the pain 90% of the time. They will then be filmed performing the same abduction and flexion of their arms. The patients will rate their pain on the common 10-point pain scale after abducting and flexing their arms before and after the maneuver.",
          "DetailedDescription":"Facial expression and truncal metrics correlate strongly with occurrence and intensity of pain. Rotator cuff syndrome almost invariably gives significant pain, especially with abduction and flexion of the arms. A simple maneuver that alleviates that pain 90% of the time, by activating the subscapularis to perform the function of the damaged supraspinatus muscle. This study strives to correlate facial and truncal characteristics with the ten-point pain scale by correlating the filmed changes in facial and truncal characteristics with the variations in patient-rated pain before and after the pain-controlling maneuver.\n\nOnce effective, the maneuver may be repeated for a number of days, after which time patients generally remain pain-free permanently."
        },
        "ConditionsModule":{
          "ConditionList":{
            "Condition":[
              "Rotator Cuff Injuries"
            ]
          },
          "KeywordList":{
            "Keyword":[
              "Tree Number(s) C26.761.340 C26.803.063 C26.874.400",
              "Unique ID D000070636"
            ]
          }
        },
        "DesignModule":{
          "StudyType":"Interventional",
          "PhaseList":{
            "Phase":[
              "Not Applicable"
            ]
          },
          "DesignInfo":{
            "DesignAllocation":"Randomized",
            "DesignInterventionModel":"Parallel Assignment",
            "DesignInterventionModelDescription":"This is a randomized, controlled study in which the patient and investigator are blinded.",
            "DesignPrimaryPurpose":"Diagnostic",
            "DesignMaskingInfo":{
              "DesignMasking":"Double",
              "DesignMaskingDescription":"After qualifying, patients are randomized into intervention or control groups. The investigator and care provider then film the patient, teach the interventional or sham maneuver, and film the patient again. The outcomes assessor then evaluates the patient responses and filmed behaviors, but is not informed about whether the patient received the interventional maneuver or the sham maneuver.",
              "DesignWhoMaskedList":{
                "DesignWhoMasked":[
                  "Participant",
                  "Outcomes Assessor"
                ]
              }
            }
          },
          "EnrollmentInfo":{
            "EnrollmentCount":"198",
            "EnrollmentType":"Actual"
          }
        },
        "ArmsInterventionsModule":{
          "ArmGroupList":{
            "ArmGroup":[
              {
                "ArmGroupLabel":"Interventional",
                "ArmGroupType":"Active Comparator",
                "ArmGroupDescription":"Patients are taught to draw their shoulders away from their heads and necks, activating the subscapularis and pectoralis muscles. When asked immediately afterwards to abduct and flex their shoulders, these muscles perform the action that generally engages the injured supraspinatus muscle, causing significant pain. However, when these muscles are substituted for the injured supraspinatus, abduction and flexion subsequently occur painlessly.",
                "ArmGroupInterventionList":{
                  "ArmGroupInterventionName":[
                    "Behavioral: Triangular Forearm Support"
                  ]
                }
              },{
                "ArmGroupLabel":"Control",
                "ArmGroupType":"Placebo Comparator",
                "ArmGroupDescription":"Patients are taught a sham maneuver that does little or nothing to alleviate the pain of abduction and flexion of the shoulders. Therefore their pain levels before and after learning the maneuver are likely to be similar.",
                "ArmGroupInterventionList":{
                  "ArmGroupInterventionName":[
                    "Behavioral: Placebo"
                  ]
                }
              }
            ]
          },
          "InterventionList":{
            "Intervention":[
              {
                "InterventionType":"Behavioral",
                "InterventionName":"Triangular Forearm Support",
                "InterventionDescription":"The intervention, the Triangular Forearm Support requires drawing the shoulders away from the subject's head and neck. This requires at least a mild force that this action can oppose. The most-favored maneuver is to have patients stand 2 feet away from a wall, interlock their fingers, and place their forearms to form two sides of an equilateral triangle against the wall. They then place their heads within the triangle, the backs of their heads close to or in on contact with the heels of their hands. Then, pressing against the wall with their elbows and forearms, they draw their shoulders as far away from the wall as possible, retaining contact between the wall and the tops of their heads. Subjects remain in this position for 45 seconds, at which time they stand erect and repeat the abduction and flexion maneuver.",
                "InterventionArmGroupLabelList":{
                  "InterventionArmGroupLabel":[
                    "Interventional"
                  ]
                },
                "InterventionOtherNameList":{
                  "InterventionOtherName":[
                    "Modified Dolphin Pose, Modified Headstand"
                  ]
                }
              },{
                "InterventionType":"Behavioral",
                "InterventionName":"Placebo",
                "InterventionDescription":"Patients will be asked to raise arms overhead for 45 seconds.",
                "InterventionArmGroupLabelList":{
                  "InterventionArmGroupLabel":[
                    "Control"
                  ]
                }
              }
            ]
          }
        },
        "OutcomesModule":{
          "PrimaryOutcomeList":{
            "PrimaryOutcome":[
              {
                "PrimaryOutcomeMeasure":"Correlation between facial expression parameters and patient pain-scale ratings",
                "PrimaryOutcomeDescription":"Changes in facial muscular activity with changes in pain status",
                "PrimaryOutcomeTimeFrame":"Outcome measured within 1 minute of intervention"
              },{
                "PrimaryOutcomeMeasure":"Reduction of pain in abduction and flexion following the triangular forearm support. maneuver.",
                "PrimaryOutcomeDescription":"Changes in Likert scale pain scores by patient and examinermaneuver abduction and flexion.",
                "PrimaryOutcomeTimeFrame":"Outcome measured within 1 minute of intervention"
              }
            ]
          }
        },
        "EligibilityModule":{
          "EligibilityCriteria":"Inclusion Criteria:\n\nRotator cuff syndrome -\n\nExclusion Criteria:\n\nPsychological or emotional instability\n\nOther orthopedic conditions of the shoulders\n\nCosmetic facial surgery\n\n-",
          "HealthyVolunteers":"Accepts Healthy Volunteers",
          "Gender":"All",
          "MinimumAge":"21 Years",
          "StdAgeList":{
            "StdAge":[
              "Adult",
              "Older Adult"
            ]
          }
        },
        "ContactsLocationsModule":{
          "LocationList":{
            "Location":[
              {
                "LocationFacility":"Cara Cipriano",
                "LocationCity":"New York",
                "LocationState":"New York",
                "LocationZip":"10022",
                "LocationCountry":"United States"
              }
            ]
          }
        },
        "ReferencesModule":{
          "ReferenceList":{
            "Reference":[
              {
                "ReferenceType":"background",
                "ReferenceCitation":"\"Yoga-Based Maneuver Effectively Treats Rotator Cuff Syndrome.\" Fishman, Loren M.; Wilkins, Allen N.; Ovadia, Tova; Topics in Geriatric Rehabilitation . 27(2):151-161, April/June 2011."
              }
            ]
          },
          "SeeAlsoLinkList":{
            "SeeAlsoLink":[
              {
                "SeeAlsoLinkLabel":"Article describing efficacy of the TFS maneuver",
                "SeeAlsoLinkURL":"http://journals.lww.com/topicsingeriatricrehabilitation/pages/results.aspx?txtkeywords=a+simple+maneuver"
              }
            ]
          }
        },
        "IPDSharingStatementModule":{
          "IPDSharing":"No"
        }
      },
      "DerivedSection":{
        "MiscInfoModule":{
          "VersionHolder":"April 19, 2021"
        },
        "ConditionBrowseModule":{
          "ConditionMeshList":{
            "ConditionMesh":[
              {
                "ConditionMeshId":"D000070636",
                "ConditionMeshTerm":"Rotator Cuff Injuries"
              }
            ]
          },
          "ConditionAncestorList":{
            "ConditionAncestor":[
              {
                "ConditionAncestorId":"D000012421",
                "ConditionAncestorTerm":"Rupture"
              },{
                "ConditionAncestorId":"D000014947",
                "ConditionAncestorTerm":"Wounds and Injuries"
              },{
                "ConditionAncestorId":"D000070599",
                "ConditionAncestorTerm":"Shoulder Injuries"
              },{
                "ConditionAncestorId":"D000013708",
                "ConditionAncestorTerm":"Tendon Injuries"
              }
            ]
          },
          "ConditionBrowseLeafList":{
            "ConditionBrowseLeaf":[
              {
                "ConditionBrowseLeafId":"M624",
                "ConditionBrowseLeafName":"Rotator Cuff Injuries",
                "ConditionBrowseLeafAsFound":"Rotator Cuff Injuries",
                "ConditionBrowseLeafRelevance":"high"
              },{
                "ConditionBrowseLeafId":"M11649",
                "ConditionBrowseLeafName":"Pain",
                "ConditionBrowseLeafRelevance":"low"
              },{
                "ConditionBrowseLeafId":"M13824",
                "ConditionBrowseLeafName":"Rupture",
                "ConditionBrowseLeafRelevance":"low"
              },{
                "ConditionBrowseLeafId":"M16268",
                "ConditionBrowseLeafName":"Wounds and Injuries",
                "ConditionBrowseLeafRelevance":"low"
              },{
                "ConditionBrowseLeafId":"M602",
                "ConditionBrowseLeafName":"Shoulder Injuries",
                "ConditionBrowseLeafRelevance":"low"
              },{
                "ConditionBrowseLeafId":"M15062",
                "ConditionBrowseLeafName":"Tendon Injuries",
                "ConditionBrowseLeafRelevance":"low"
              }
            ]
          },
          "ConditionBrowseBranchList":{
            "ConditionBrowseBranch":[
              {
                "ConditionBrowseBranchAbbrev":"BC26",
                "ConditionBrowseBranchName":"Wounds and Injuries"
              },{
                "ConditionBrowseBranchAbbrev":"All",
                "ConditionBrowseBranchName":"All Conditions"
              },{
                "ConditionBrowseBranchAbbrev":"BC23",
                "ConditionBrowseBranchName":"Symptoms and General Pathology"
              }
            ]
          }
        }
      }
    }
  }
}

