{
  "FullStudy":{
    "Rank":940,
    "Study":{
      "ProtocolSection":{
        "IdentificationModule":{
          "NCTId":"NCT04837729",
          "OrgStudyIdInfo":{
            "OrgStudyId":"701"
          },
          "Organization":{
            "OrgFullName":"Mersin University",
            "OrgClass":"OTHER"
          },
          "BriefTitle":"The Effect of Acupressure Applied to Menopausal Women on Menopausal Symptoms and Quality of Life",
          "OfficialTitle":"The Effect of Acupressure Applied to Menopausal Women on Menopausal Symptoms and Quality of Life"
        },
        "StatusModule":{
          "StatusVerifiedDate":"April 2021",
          "OverallStatus":"Enrolling by invitation",
          "ExpandedAccessInfo":{
            "HasExpandedAccess":"No"
          },
          "StartDateStruct":{
            "StartDate":"February 15, 2021",
            "StartDateType":"Actual"
          },
          "PrimaryCompletionDateStruct":{
            "PrimaryCompletionDate":"April 15, 2021",
            "PrimaryCompletionDateType":"Anticipated"
          },
          "CompletionDateStruct":{
            "CompletionDate":"June 15, 2022",
            "CompletionDateType":"Anticipated"
          },
          "StudyFirstSubmitDate":"April 6, 2021",
          "StudyFirstSubmitQCDate":"April 6, 2021",
          "StudyFirstPostDateStruct":{
            "StudyFirstPostDate":"April 8, 2021",
            "StudyFirstPostDateType":"Actual"
          },
          "LastUpdateSubmitDate":"April 6, 2021",
          "LastUpdatePostDateStruct":{
            "LastUpdatePostDate":"April 8, 2021",
            "LastUpdatePostDateType":"Actual"
          }
        },
        "SponsorCollaboratorsModule":{
          "ResponsibleParty":{
            "ResponsiblePartyType":"Principal Investigator",
            "ResponsiblePartyInvestigatorFullName":"Ahu AKSOY",
            "ResponsiblePartyInvestigatorTitle":"Research Assistant",
            "ResponsiblePartyInvestigatorAffiliation":"Mersin University"
          },
          "LeadSponsor":{
            "LeadSponsorName":"Mersin University",
            "LeadSponsorClass":"OTHER"
          }
        },
        "OversightModule":{
          "OversightHasDMC":"Yes",
          "IsFDARegulatedDrug":"No",
          "IsFDARegulatedDevice":"No"
        },
        "DescriptionModule":{
          "BriefSummary":"In this randomized controlled study, it was aimed to determine the effect of acupressure on menopausal symptoms and quality of life and the relationship between menopausal symptoms and quality of life. Three different hypothesis teams have been established for the study. These; H0: There is no significant difference between the menopause rating scores of the women in the study group in which acupressure was applied and the control group without acupressure.\n\nH1: There is a significant difference between the menopause rating scores of the women in the study group in which acupressure was applied and the control group without acupressure.\n\nH0: There is no significant difference between the quality of life scores of the women in the study group in which acupressure was applied and the control group without acupressure.\n\nH1: There is a significant difference between the quality of life scores of the women in the study group in which acupressure was applied and the control group without acupressure.\n\nH0: There is no relationship between menopause rating scores and quality of life scores of women in the study group in which acupressure was applied and in the control group without acupressure.\n\nH1: There is a relationship between menopause rating scores and quality of life scores of women in the study group in which acupressure was applied and in the control group without acupressure.",
          "DetailedDescription":"Parallel to the increase in life expectancy by years, the population of women living in the post-menopausal period is also increasing. In order to have a healthy menopause, which is an important part of women's life, it is thought that the acupressure without health risks by women may be effective in reducing the symptoms of menopause experienced by women and quality of life. In line with this information, it was aimed to determine the effect of acupressure on menopausal symptoms and quality of life and the relationship between menopausal symptoms and quality of life. The study will be carried out with menopausal women between the ages of 40-60 in Mersin province in Turkey. Therefore, in the study, 46 women in the menopausal period between the ages of 40-60 will be randomly assigned to acupressure and control groups. The study group (n = 23) will be applied to the determined points in a certain order. Sequence of application Large intestine 4th point (LI 4), Heart 7th point (HT 7), Triple warmer point 23 (TE 23), Stomach 36th point (ST 36), Spleen 6th point (SP 6) and Liver The 3rd point is (LV 3). Acupressure application for 20-25 minutes three times a week for four weeks will be applied individually to the study group. No intervention will be made to the control group for a period of four weeks. The primary expected outcome of the research is the effect of acupressure on menopausal symptoms of menopausal women. The second expected result of the study is to determine the effect of acupressure on quality of life. Results will be applied three times in total, before the study and control application, two weeks and 4 weeks later."
        },
        "ConditionsModule":{
          "ConditionList":{
            "Condition":[
              "Menopausal Symptom",
              "Quality of Life"
            ]
          },
          "KeywordList":{
            "Keyword":[
              "Acupressure",
              "Menopause",
              "Menopausal symptoms",
              "Quality of life",
              "Nursing"
            ]
          }
        },
        "DesignModule":{
          "StudyType":"Interventional",
          "PhaseList":{
            "Phase":[
              "Not Applicable"
            ]
          },
          "DesignInfo":{
            "DesignAllocation":"Randomized",
            "DesignInterventionModel":"Parallel Assignment",
            "DesignPrimaryPurpose":"Supportive Care",
            "DesignMaskingInfo":{
              "DesignMasking":"Single",
              "DesignWhoMaskedList":{
                "DesignWhoMasked":[
                  "Investigator"
                ]
              }
            }
          },
          "EnrollmentInfo":{
            "EnrollmentCount":"46",
            "EnrollmentType":"Anticipated"
          }
        },
        "ArmsInterventionsModule":{
          "ArmGroupList":{
            "ArmGroup":[
              {
                "ArmGroupLabel":"Experimental (acupressure) group",
                "ArmGroupType":"Experimental",
                "ArmGroupDescription":"Acupressure (complementary and integrative medicine method) Acupressure will be applied individually to the experimental group for 20-25 minutes three times a week for four weeks. Data collection forms will be applied 3 times in total, before the intervention, in the second and the fourth week.",
                "ArmGroupInterventionList":{
                  "ArmGroupInterventionName":[
                    "Other: Acupressure"
                  ]
                }
              },{
                "ArmGroupLabel":"Control group",
                "ArmGroupType":"No Intervention",
                "ArmGroupDescription":"No intervention will be made to women in the control group. However, data collection forms will be applied 3 times in total, before the intervention, in the second and the fourth week."
              }
            ]
          },
          "InterventionList":{
            "Intervention":[
              {
                "InterventionType":"Other",
                "InterventionName":"Acupressure",
                "InterventionDescription":"acupressure is a non-pharmacological method originating from traditional Chinese medicine. According to the National Cancer Institute, acupressure is defined as pressure / massage applied to certain parts of the body to control symptoms such as pain or nausea. The main purpose of acupressure is to stimulate the regions associated with the specific organ by applying pressure with energy channels called meridians.",
                "InterventionArmGroupLabelList":{
                  "InterventionArmGroupLabel":[
                    "Experimental (acupressure) group"
                  ]
                }
              }
            ]
          }
        },
        "OutcomesModule":{
          "PrimaryOutcomeList":{
            "PrimaryOutcome":[
              {
                "PrimaryOutcomeMeasure":"Menopause Rating Scale",
                "PrimaryOutcomeDescription":"It was developed in German by Schneider et al. In 1992 to measure the severity of menopausal symptoms and was adapted to English in 1996. MRT was adapted to Turkish by Gürkan in our country in 2005. There are \"0 = None\", \"1 = Mild\", \"2 = Moderate\", \"3 = Severe\" and \"4 = Very severe\" options for each item in the Likert-type scale consisting of 11 items including menopausal complaints. The total score of the scale is calculated based on the scores given for each item. The lowest score that can be obtained from the scale is 0, the highest score is 44.",
                "PrimaryOutcomeTimeFrame":"change from before intervention, 2nd and 4th week of intervention"
              }
            ]
          },
          "SecondaryOutcomeList":{
            "SecondaryOutcome":[
              {
                "SecondaryOutcomeMeasure":"World Health Organization Quality of Life Instrument, Short Form (WHOQOL-BREF)",
                "SecondaryOutcomeDescription":"Life of quality will be evaluated by using the WHOQOL-BREF-TR. This scale consists of 27 questions. There are a total of five areas in the scale: physical, mental, social, environmental and national environmental areas. Each area is evaluated within itself. The domain score is calculated with the score it gets from the questions that determine it. Field scores are evaluated between 4-20. Increasing score indicates goodness. Cronbach's alpha internal consistency coefficients of the scale; 0.83 in the physical area, 0.66 in the spiritual area, 0.53 in the social area, 0.73 in the environmental area and 0.73 in the national environmental area.",
                "SecondaryOutcomeTimeFrame":"change from before intervention, 2nd and 4th week of intervention"
              }
            ]
          }
        },
        "EligibilityModule":{
          "EligibilityCriteria":"Inclusion Criteria:\n\nWilling to participate in research,\nCan read and write in Turkish,\nOpen to communication,\nThose who are between the ages of 40-60 and do not experience menstruation for at least one year,\nExperiencing at least one or more of the menopausal symptoms,\nDo not use medication for the treatment of menopausal symptoms,\nNo chronic disease,\nBody mass index <30 kg / m2,\nNot applying regular acupressure,\nThose who have not surgically entered menopause,\nWomen without psychiatric problems\n\nExclusion Criteria:\n\n- who do not agree to participate in the research,\nCan't read and write Turkish,\nCommunication is not possible,\nThose who are younger than 40, older than 60, have experienced menstruation for at least one year,\nDo not experience the symptoms of menopause,\nUsing medication for the treatment of menopausal symptoms,\nChronic illness,\nBody mass index ≥30 kg / m2,\nRegular acupressure is applied,\nSurgically in menopause,\nWomen with psychiatric problems",
          "HealthyVolunteers":"Accepts Healthy Volunteers",
          "Gender":"Female",
          "GenderBased":"Yes",
          "GenderDescription":"Women aged 40-60 who are in menopause",
          "MinimumAge":"40 Years",
          "MaximumAge":"60 Years",
          "StdAgeList":{
            "StdAge":[
              "Adult"
            ]
          }
        },
        "ContactsLocationsModule":{
          "OverallOfficialList":{
            "OverallOfficial":[
              {
                "OverallOfficialName":"Duygu VEFİKULUÇAY YILMAZ, Dr.",
                "OverallOfficialAffiliation":"Mersin University Nursing Faculty",
                "OverallOfficialRole":"Study Director"
              }
            ]
          },
          "LocationList":{
            "Location":[
              {
                "LocationFacility":"Mersin University",
                "LocationCity":"Yenişehir",
                "LocationState":"Mersi̇n",
                "LocationZip":"33140",
                "LocationCountry":"Turkey"
              }
            ]
          }
        },
        "ReferencesModule":{
          "ReferenceList":{
            "Reference":[
              {
                "ReferencePMID":"28504569",
                "ReferenceType":"background",
                "ReferenceCitation":"Kao YH, Huang YC, Chung UL, Hsu WN, Tang YT, Liao YH. Comparisons for Effectiveness of Aromatherapy and Acupressure Massage on Quality of Life in Career Women: A Randomized Controlled Trial. J Altern Complement Med. 2017 Jun;23(6):451-460. doi: 10.1089/acm.2016.0403. Epub 2017 May 15."
              },{
                "ReferencePMID":"28584553",
                "ReferenceType":"background",
                "ReferenceCitation":"Ahmadinezhad M, Kargar M, Vizeshfar F, Hadianfard MJ. Comparison of the Effect of Acupressure and Pilates-Based Exercises on Sleep Quality of Postmenopausal Women: A Randomized Controlled Trial. Iran J Nurs Midwifery Res. 2017 Mar-Apr;22(2):140-146. doi: 10.4103/1735-9066.205954."
              }
            ]
          },
          "SeeAlsoLinkList":{
            "SeeAlsoLink":[
              {
                "SeeAlsoLinkLabel":"Effect of acupressure on early complications of menopause in women referring to selected health care centers",
                "SeeAlsoLinkURL":"https://www.ijnmrjournal.net/crossrefCitation.asp?doi=10.4103/1735-9066.208165"
              },{
                "SeeAlsoLinkLabel":"Effect of Auricular Acupressure on Peri- and Early Postmenopausal Women with Anxiety: A Double-Blinded, Randomized, and Controlled Pilot Study",
                "SeeAlsoLinkURL":"https://downloads.hindawi.com/journals/ecam/2012/567639.pdf"
              }
            ]
          }
        },
        "IPDSharingStatementModule":{
          "IPDSharing":"Undecided"
        }
      },
      "DerivedSection":{
        "MiscInfoModule":{
          "VersionHolder":"April 19, 2021"
        },
        "ConditionBrowseModule":{
          "ConditionBrowseLeafList":{
            "ConditionBrowseLeaf":[
              {
                "ConditionBrowseLeafId":"T6034",
                "ConditionBrowseLeafName":"Quality of Life",
                "ConditionBrowseLeafAsFound":"Quality of Life",
                "ConditionBrowseLeafRelevance":"high"
              },{
                "ConditionBrowseLeafId":"T6036",
                "ConditionBrowseLeafName":"Menopause",
                "ConditionBrowseLeafAsFound":"Menopausal",
                "ConditionBrowseLeafRelevance":"high"
              }
            ]
          },
          "ConditionBrowseBranchList":{
            "ConditionBrowseBranch":[
              {
                "ConditionBrowseBranchAbbrev":"BXM",
                "ConditionBrowseBranchName":"Behaviors and Mental Disorders"
              },{
                "ConditionBrowseBranchAbbrev":"All",
                "ConditionBrowseBranchName":"All Conditions"
              }
            ]
          }
        }
      }
    }
  }
}

