{
  "FullStudy":{
    "Rank":1078,
    "Study":{
      "ProtocolSection":{
        "IdentificationModule":{
          "NCTId":"NCT04835935",
          "OrgStudyIdInfo":{
            "OrgStudyId":"181711"
          },
          "Organization":{
            "OrgFullName":"University of California, San Diego",
            "OrgClass":"OTHER"
          },
          "BriefTitle":"Microbiome, Atopic Disease, Prematurity",
          "OfficialTitle":"The Association Between Milk Feedings in the Preterm Population, the Microbiome and Risk of Atopic Disease",
          "Acronym":"MAP"
        },
        "StatusModule":{
          "StatusVerifiedDate":"April 2021",
          "OverallStatus":"Active, not recruiting",
          "ExpandedAccessInfo":{
            "HasExpandedAccess":"No"
          },
          "StartDateStruct":{
            "StartDate":"June 1, 2019",
            "StartDateType":"Actual"
          },
          "PrimaryCompletionDateStruct":{
            "PrimaryCompletionDate":"November 1, 2022",
            "PrimaryCompletionDateType":"Anticipated"
          },
          "CompletionDateStruct":{
            "CompletionDate":"June 30, 2025",
            "CompletionDateType":"Anticipated"
          },
          "StudyFirstSubmitDate":"March 2, 2021",
          "StudyFirstSubmitQCDate":"April 5, 2021",
          "StudyFirstPostDateStruct":{
            "StudyFirstPostDate":"April 8, 2021",
            "StudyFirstPostDateType":"Actual"
          },
          "LastUpdateSubmitDate":"April 5, 2021",
          "LastUpdatePostDateStruct":{
            "LastUpdatePostDate":"April 8, 2021",
            "LastUpdatePostDateType":"Actual"
          }
        },
        "SponsorCollaboratorsModule":{
          "ResponsibleParty":{
            "ResponsiblePartyType":"Sponsor-Investigator",
            "ResponsiblePartyInvestigatorFullName":"Sydney Leibel",
            "ResponsiblePartyInvestigatorTitle":"Assoc Physician",
            "ResponsiblePartyInvestigatorAffiliation":"University of California, San Diego"
          },
          "LeadSponsor":{
            "LeadSponsorName":"Sydney Leibel",
            "LeadSponsorClass":"OTHER"
          }
        },
        "OversightModule":{
          "OversightHasDMC":"No",
          "IsFDARegulatedDrug":"No",
          "IsFDARegulatedDevice":"No"
        },
        "DescriptionModule":{
          "BriefSummary":"There is increasing recognition that the microbiome may be important in the development of allergic disease. Asthma is the most prevalent pediatric chronic disease and affects more than 300 million people worldwide. For unclear reasons, those infants born at 34 weeks and earlier are three times as likely to develop asthma. Factors such as formula feeding, C-section delivery and antibiotic exposure may play a role. Recent evidence has identified a \"critical window\" in early life where gut and breast milk microbial changes are most influential. The investigators propose a novel study to follow a cohort of premature babies in the NICU and after discharge home. The investigators aim to examine whether various exposures of babies in the NICU impact their milk and gut microbiome and lead to asthma and allergies.\n\nOur specific aims are:\n\nTo assess if there is a specific pattern of gut and/or breast milk microbiome over time that is affected by the type of nutrition a baby receives (donor vs maternal vs formula) or other exposures such as antibiotics.\nAssess whether there are patterns in the microbiome associated with the development of allergic sensitization patterns.\nDetermine if early patterns of the microbiome and allergic sensitization predict allergic conditions (food allergies, allergic rhinitis, eczema, asthma) by 2 years of age.\n\nThe investigators will recruit approximately 50 subjects born at 34 weeks of gestation or earlier from two local level III NICU. These subjects will be followed over their NICU course with weekly stool, milk feed, and oral saliva collection as well as documentation of relevant events including prenatal history, delivery history, nutrition and breast feeding history and antibiotic courses. Further samples will be collected after discharge at research visits that will take place Rady Children's Hospital until 4-6 years of age. At these visits, standardized allergy questionnaires and a blood allergy panel will be obtained. Together this data will provide a unique opportunity to identify potential shifts in the microbiome associated with nutrition, asthma and allergy in preterm infants. Ultimately, the investigators may be able to discover ways to prevent the development of asthma and allergies during this early window of opportunity."
        },
        "ConditionsModule":{
          "ConditionList":{
            "Condition":[
              "Atopy",
              "Prematurity"
            ]
          }
        },
        "DesignModule":{
          "StudyType":"Observational",
          "PatientRegistry":"No",
          "DesignInfo":{
            "DesignObservationalModelList":{
              "DesignObservationalModel":[
                "Case-Control"
              ]
            },
            "DesignTimePerspectiveList":{
              "DesignTimePerspective":[
                "Prospective"
              ]
            }
          },
          "BioSpec":{
            "BioSpecRetention":"Samples With DNA",
            "BioSpecDescription":"Stool, breast milk, saliva"
          },
          "EnrollmentInfo":{
            "EnrollmentCount":"51",
            "EnrollmentType":"Actual"
          }
        },
        "ArmsInterventionsModule":{
          "ArmGroupList":{
            "ArmGroup":[
              {
                "ArmGroupLabel":"subject who developed atopic disease",
                "ArmGroupInterventionList":{
                  "ArmGroupInterventionName":[
                    "Other: microbiome pattern"
                  ]
                }
              },{
                "ArmGroupLabel":"subject who did not develop atopic disease",
                "ArmGroupInterventionList":{
                  "ArmGroupInterventionName":[
                    "Other: microbiome pattern"
                  ]
                }
              }
            ]
          },
          "InterventionList":{
            "Intervention":[
              {
                "InterventionType":"Other",
                "InterventionName":"microbiome pattern",
                "InterventionDescription":"microbiome pattern in neonatal period",
                "InterventionArmGroupLabelList":{
                  "InterventionArmGroupLabel":[
                    "subject who developed atopic disease",
                    "subject who did not develop atopic disease"
                  ]
                }
              }
            ]
          }
        },
        "OutcomesModule":{
          "PrimaryOutcomeList":{
            "PrimaryOutcome":[
              {
                "PrimaryOutcomeMeasure":"Pediatric Atopic Disease",
                "PrimaryOutcomeDescription":"Clinical diagnosis of any atopic disease among the participants during study follow up visit. These include any food allergies, allergic rhinitis, eczema, and asthma.",
                "PrimaryOutcomeTimeFrame":"2-3 years of age"
              }
            ]
          },
          "SecondaryOutcomeList":{
            "SecondaryOutcome":[
              {
                "SecondaryOutcomeMeasure":"Allergic sensitization patterns",
                "SecondaryOutcomeDescription":"Allergic sensitization patterns among the participants will be measured by ImmunoCAP Multitest, which is a blood test that provides qualitative responses (positive or negative) for food and environmental allergens.",
                "SecondaryOutcomeTimeFrame":"1-2 years"
              }
            ]
          },
          "OtherOutcomeList":{
            "OtherOutcome":[
              {
                "OtherOutcomeMeasure":"Gut, oral and milk feed microbiome",
                "OtherOutcomeDescription":"Longitudinal stool, oral swab and milk feed samples will be analyzed for paired microbiome and metabolome patterns. The bacterial and metabolomic profiles will be correlated with the allergic sensitization patterns and diagnosis of pediatric atopic disease in participants.",
                "OtherOutcomeTimeFrame":"birth to 1 year of age"
              }
            ]
          }
        },
        "EligibilityModule":{
          "EligibilityCriteria":"Inclusion Criteria:\n\npremature infant equal or less than 34 weeks of age\n\nExclusion Criteria:\n\nhypoxic ischemic encephalopathy, congenital anomaly that affects gastrointestinal system, unable to follow up",
          "HealthyVolunteers":"No",
          "Gender":"All",
          "MaximumAge":"7 Days",
          "StdAgeList":{
            "StdAge":[
              "Child"
            ]
          },
          "StudyPopulation":"Premature infants born at equal or less than 34 weeks gestational age.",
          "SamplingMethod":"Non-Probability Sample"
        },
        "ContactsLocationsModule":{
          "LocationList":{
            "Location":[
              {
                "LocationFacility":"Scripps Memorial Hospital - Rady NICU",
                "LocationCity":"San Diego",
                "LocationState":"California",
                "LocationZip":"92037",
                "LocationCountry":"United States"
              },{
                "LocationFacility":"University of California, San Diego - Jacobs NICU",
                "LocationCity":"San Diego",
                "LocationState":"California",
                "LocationZip":"92093",
                "LocationCountry":"United States"
              }
            ]
          }
        },
        "ReferencesModule":{
          "ReferenceList":{
            "Reference":[
              {
                "ReferencePMID":"23212289",
                "ReferenceType":"background",
                "ReferenceCitation":"Raciborski F, Tomaszewska A, Komorowski J, Samel-Kowalik P, Białoszewski AZ, Walkiewicz A, Lusawa A, Szymański J, Opoczyńska D, Drużba M, Borowicz J, Lipiec A, Kapalczynski WJ, Samoliński B. The relationship between antibiotic therapy in early childhood and the symptoms of allergy in children aged 6-8 years - the questionnaire study results. Int J Occup Med Environ Health. 2012 Sep;25(4):470-80. doi: 10.2478/S13382-012-0056-0. Epub 2012 Dec 3."
              },{
                "ReferencePMID":"22289356",
                "ReferenceType":"background",
                "ReferenceCitation":"Silvers KM, Frampton CM, Wickens K, Pattemore PK, Ingham T, Fishwick D, Crane J, Town GI, Epton MJ; New Zealand Asthma and Allergy Cohort Study Group. Breastfeeding protects against current asthma up to 6 years of age. J Pediatr. 2012 Jun;160(6):991-6.e1. doi: 10.1016/j.jpeds.2011.11.055. Epub 2012 Jan 30."
              },{
                "ReferencePMID":"19052046",
                "ReferenceType":"background",
                "ReferenceCitation":"Roduit C, Scholtens S, de Jongste JC, Wijga AH, Gerritsen J, Postma DS, Brunekreef B, Hoekstra MO, Aalberse R, Smit HA. Asthma at 8 years of age in children born by caesarean section. Thorax. 2009 Feb;64(2):107-13. doi: 10.1136/thx.2008.100875. Epub 2008 Dec 3."
              },{
                "ReferencePMID":"24492409",
                "ReferenceType":"background",
                "ReferenceCitation":"Been JV, Lugtenberg MJ, Smets E, van Schayck CP, Kramer BW, Mommers M, Sheikh A. Preterm birth and childhood wheezing disorders: a systematic review and meta-analysis. PLoS Med. 2014 Jan 28;11(1):e1001596. doi: 10.1371/journal.pmed.1001596. eCollection 2014 Jan. Review."
              },{
                "ReferencePMID":"24908147",
                "ReferenceType":"background",
                "ReferenceCitation":"Lynch SV, Wood RA, Boushey H, Bacharier LB, Bloomberg GR, Kattan M, O'Connor GT, Sandel MT, Calatroni A, Matsui E, Johnson CC, Lynn H, Visness CM, Jaffee KF, Gergen PJ, Gold DR, Wright RJ, Fujimura K, Rauch M, Busse WW, Gern JE. Effects of early-life exposure to allergens and bacteria on recurrent wheeze and atopy in urban children. J Allergy Clin Immunol. 2014 Sep;134(3):593-601.e12. doi: 10.1016/j.jaci.2014.04.018. Epub 2014 Jun 4."
              },{
                "ReferencePMID":"26424567",
                "ReferenceType":"background",
                "ReferenceCitation":"Arrieta MC, Stiemsma LT, Dimitriu PA, Thorson L, Russell S, Yurist-Doutsch S, Kuzeljevic B, Gold MJ, Britton HM, Lefebvre DL, Subbarao P, Mandhane P, Becker A, McNagny KM, Sears MR, Kollmann T; CHILD Study Investigators, Mohn WW, Turvey SE, Finlay BB. Early infancy microbial and metabolic alterations affect risk of childhood asthma. Sci Transl Med. 2015 Sep 30;7(307):307ra152. doi: 10.1126/scitranslmed.aab2271."
              },{
                "ReferencePMID":"23824724",
                "ReferenceType":"background",
                "ReferenceCitation":"Jeurink PV, van Esch BC, Rijnierse A, Garssen J, Knippels LM. Mechanisms underlying immune effects of dietary oligosaccharides. Am J Clin Nutr. 2013 Aug;98(2):572S-7S. doi: 10.3945/ajcn.112.038596. Epub 2013 Jul 3. Review."
              },{
                "ReferencePMID":"25807349",
                "ReferenceType":"background",
                "ReferenceCitation":"Neu J. Preterm infant nutrition, gut bacteria, and necrotizing enterocolitis. Curr Opin Clin Nutr Metab Care. 2015 May;18(3):285-8. doi: 10.1097/MCO.0000000000000169. Review."
              }
            ]
          }
        },
        "IPDSharingStatementModule":{
          "IPDSharing":"No",
          "IPDSharingDescription":"de-identified microbiome and metabolome data will be available."
        }
      },
      "DerivedSection":{
        "MiscInfoModule":{
          "VersionHolder":"April 19, 2021"
        },
        "ConditionBrowseModule":{
          "ConditionMeshList":{
            "ConditionMesh":[
              {
                "ConditionMeshId":"D000047928",
                "ConditionMeshTerm":"Premature Birth"
              }
            ]
          },
          "ConditionAncestorList":{
            "ConditionAncestor":[
              {
                "ConditionAncestorId":"D000007752",
                "ConditionAncestorTerm":"Obstetric Labor, Premature"
              },{
                "ConditionAncestorId":"D000007744",
                "ConditionAncestorTerm":"Obstetric Labor Complications"
              },{
                "ConditionAncestorId":"D000011248",
                "ConditionAncestorTerm":"Pregnancy Complications"
              }
            ]
          },
          "ConditionBrowseLeafList":{
            "ConditionBrowseLeaf":[
              {
                "ConditionBrowseLeafId":"M24456",
                "ConditionBrowseLeafName":"Premature Birth",
                "ConditionBrowseLeafAsFound":"Prematurity",
                "ConditionBrowseLeafRelevance":"high"
              },{
                "ConditionBrowseLeafId":"M9355",
                "ConditionBrowseLeafName":"Obstetric Labor, Premature",
                "ConditionBrowseLeafRelevance":"low"
              },{
                "ConditionBrowseLeafId":"M9347",
                "ConditionBrowseLeafName":"Obstetric Labor Complications",
                "ConditionBrowseLeafRelevance":"low"
              },{
                "ConditionBrowseLeafId":"M12710",
                "ConditionBrowseLeafName":"Pregnancy Complications",
                "ConditionBrowseLeafRelevance":"low"
              }
            ]
          },
          "ConditionBrowseBranchList":{
            "ConditionBrowseBranch":[
              {
                "ConditionBrowseBranchAbbrev":"BXS",
                "ConditionBrowseBranchName":"Urinary Tract, Sexual Organs, and Pregnancy Conditions"
              },{
                "ConditionBrowseBranchAbbrev":"All",
                "ConditionBrowseBranchName":"All Conditions"
              }
            ]
          }
        }
      }
    }
  }
}

