{
  "FullStudy":{
    "Rank":1353,
    "Study":{
      "ProtocolSection":{
        "IdentificationModule":{
          "NCTId":"NCT04832360",
          "OrgStudyIdInfo":{
            "OrgStudyId":"RCA241570A"
          },
          "Organization":{
            "OrgFullName":"University of Georgia",
            "OrgClass":"OTHER"
          },
          "BriefTitle":"Testing Financial Incentive Interventions in Dyadic-Smoker Couples",
          "OfficialTitle":"Testing Financial Incentive Interventions in Dyadic-Smoker Couples"
        },
        "StatusModule":{
          "StatusVerifiedDate":"April 2021",
          "OverallStatus":"Recruiting",
          "ExpandedAccessInfo":{
            "HasExpandedAccess":"No"
          },
          "StartDateStruct":{
            "StartDate":"January 15, 2021",
            "StartDateType":"Actual"
          },
          "PrimaryCompletionDateStruct":{
            "PrimaryCompletionDate":"August 2022",
            "PrimaryCompletionDateType":"Anticipated"
          },
          "CompletionDateStruct":{
            "CompletionDate":"August 2022",
            "CompletionDateType":"Anticipated"
          },
          "StudyFirstSubmitDate":"January 8, 2021",
          "StudyFirstSubmitQCDate":"April 2, 2021",
          "StudyFirstPostDateStruct":{
            "StudyFirstPostDate":"April 5, 2021",
            "StudyFirstPostDateType":"Actual"
          },
          "LastUpdateSubmitDate":"April 2, 2021",
          "LastUpdatePostDateStruct":{
            "LastUpdatePostDate":"April 5, 2021",
            "LastUpdatePostDateType":"Actual"
          }
        },
        "SponsorCollaboratorsModule":{
          "ResponsibleParty":{
            "ResponsiblePartyType":"Principal Investigator",
            "ResponsiblePartyInvestigatorFullName":"Michelle R Vandellen",
            "ResponsiblePartyInvestigatorTitle":"Associate Professor, Principal Investigator",
            "ResponsiblePartyInvestigatorAffiliation":"University of Georgia"
          },
          "LeadSponsor":{
            "LeadSponsorName":"University of Georgia",
            "LeadSponsorClass":"OTHER"
          }
        },
        "OversightModule":{
          "OversightHasDMC":"No",
          "IsFDARegulatedDrug":"No",
          "IsFDARegulatedDevice":"No"
        },
        "DescriptionModule":{
          "BriefSummary":"The proposed study investigates the feasibility and efficacy of FITs in dual-smoker couples [DSCs]. The core design is a three-group mixed repeated measures design, in which participants are randomized into one of three conditions (control [CTL], dyadic target [DT] FIT or single target [ST] FIT) and tracked across 3 months. During this time, participants will complete a baseline session and a follow-up. Between these visits, all participants will have access to a voluntary brief cessation program (i.e., online psychoeducation created for this study using Beat the Pack materials and resources from NCI, NIH + Nicotine Replacement Therapy [NRT]). The FIT involves monetary incentives for online psychoeducation completion and smoking abstinence at follow-up. In the ST condition, one member of each couple (i.e., the target) will receive monetary incentives; in the DT condition, both members of the couple will receive monetary incentives. This design allows for preliminary consideration of FITs in DSCs and tests whether FITs for both members of the dyad synergistically enhances outcomes."
        },
        "ConditionsModule":{
          "ConditionList":{
            "Condition":[
              "Nicotine Dependence"
            ]
          }
        },
        "DesignModule":{
          "StudyType":"Interventional",
          "PhaseList":{
            "Phase":[
              "Not Applicable"
            ]
          },
          "DesignInfo":{
            "DesignAllocation":"Randomized",
            "DesignInterventionModel":"Parallel Assignment",
            "DesignPrimaryPurpose":"Other",
            "DesignMaskingInfo":{
              "DesignMasking":"Single",
              "DesignWhoMaskedList":{
                "DesignWhoMasked":[
                  "Participant"
                ]
              }
            }
          },
          "EnrollmentInfo":{
            "EnrollmentCount":"240",
            "EnrollmentType":"Anticipated"
          }
        },
        "ArmsInterventionsModule":{
          "ArmGroupList":{
            "ArmGroup":[
              {
                "ArmGroupLabel":"Control (CTL)",
                "ArmGroupType":"Experimental",
                "ArmGroupDescription":"Participants do not receive financial incentive intervention",
                "ArmGroupInterventionList":{
                  "ArmGroupInterventionName":[
                    "Behavioral: Financial Incentives"
                  ]
                }
              },{
                "ArmGroupLabel":"Single Target (ST)",
                "ArmGroupType":"Experimental",
                "ArmGroupDescription":"One member of each dyadic-smoking couple will receive financial incentive intervention",
                "ArmGroupInterventionList":{
                  "ArmGroupInterventionName":[
                    "Behavioral: Financial Incentives"
                  ]
                }
              },{
                "ArmGroupLabel":"Dyadic Target (DT)",
                "ArmGroupType":"Experimental",
                "ArmGroupDescription":"Both members of each dyadic-smoking couple will receive financial incentive intervention",
                "ArmGroupInterventionList":{
                  "ArmGroupInterventionName":[
                    "Behavioral: Financial Incentives"
                  ]
                }
              }
            ]
          },
          "InterventionList":{
            "Intervention":[
              {
                "InterventionType":"Behavioral",
                "InterventionName":"Financial Incentives",
                "InterventionDescription":"Financial incentives may be offered to participants based on their behavioral outcomes (smoking cessation and participation in online psychoeducation about smoking)",
                "InterventionArmGroupLabelList":{
                  "InterventionArmGroupLabel":[
                    "Control (CTL)",
                    "Dyadic Target (DT)",
                    "Single Target (ST)"
                  ]
                }
              }
            ]
          }
        },
        "OutcomesModule":{
          "PrimaryOutcomeList":{
            "PrimaryOutcome":[
              {
                "PrimaryOutcomeMeasure":"Smoking Abstinence",
                "PrimaryOutcomeDescription":"Percentage of participants who have quit smoking by the follow-up study cessation verified biochemically",
                "PrimaryOutcomeTimeFrame":"Follow-up study session 3 months post-baseline session"
              },{
                "PrimaryOutcomeMeasure":"Feasibility of Financial Incentives Treatment in Dyadic-smoker couples as assessed by number of dyads retained in study",
                "PrimaryOutcomeDescription":"Number of people who contact the study team; number of complete dyads prescreened; percentage of eligible dyads enrolled; percentage of enrolled dyads retained through follow-up; percentage enrolled participants who drop out due to study procedures/burden; subjective ratings of benefits and costs of participating in study",
                "PrimaryOutcomeTimeFrame":"Through study recruitment and study completion, an average of five months"
              }
            ]
          }
        },
        "EligibilityModule":{
          "EligibilityCriteria":"Inclusion Criteria:\n\nboth members:\n\nage of 18+\nsmoke 5+ combustible cigarettes/day\nmay not have participated in pilot study\n\nExclusion Criteria:\n\n< 8th grade capacity to read/write in English\nhospitalization in recent 6 months\ncurrent drug or alcohol use disorder\npsychotic symptoms\nmedical exclusion for use of NRT",
          "HealthyVolunteers":"Accepts Healthy Volunteers",
          "Gender":"All",
          "MinimumAge":"18 Years",
          "StdAgeList":{
            "StdAge":[
              "Adult",
              "Older Adult"
            ]
          }
        },
        "ContactsLocationsModule":{
          "CentralContactList":{
            "CentralContact":[
              {
                "CentralContactName":"Michelle R vanDellen, PhD",
                "CentralContactRole":"Contact",
                "CentralContactPhone":"706-542-8891",
                "CentralContactEMail":"mvd@uga.edu"
              },{
                "CentralContactName":"LeeAnn B Haskins, MS",
                "CentralContactRole":"Contact",
                "CentralContactEMail":"leeann.beam@uga.edu"
              }
            ]
          },
          "LocationList":{
            "Location":[
              {
                "LocationFacility":"University of Georgia",
                "LocationStatus":"Recruiting",
                "LocationCity":"Athens",
                "LocationState":"Georgia",
                "LocationZip":"30602",
                "LocationCountry":"United States",
                "LocationContactList":{
                  "LocationContact":[
                    {
                      "LocationContactName":"Michelle R vanDellen, PhD",
                      "LocationContactRole":"Contact"
                    }
                  ]
                }
              }
            ]
          }
        },
        "IPDSharingStatementModule":{
          "IPDSharing":"Yes",
          "IPDSharingDescription":"Data will be shared with other researchers who request it.",
          "IPDSharingInfoTypeList":{
            "IPDSharingInfoType":[
              "Study Protocol",
              "Statistical Analysis Plan (SAP)",
              "Informed Consent Form (ICF)",
              "Clinical Study Report (CSR)",
              "Analytic Code"
            ]
          },
          "IPDSharingTimeFrame":"Undecided",
          "IPDSharingAccessCriteria":"Researchers must make request for data and materials to the PI"
        }
      },
      "DerivedSection":{
        "MiscInfoModule":{
          "VersionHolder":"April 19, 2021"
        },
        "ConditionBrowseModule":{
          "ConditionMeshList":{
            "ConditionMesh":[
              {
                "ConditionMeshId":"D000014029",
                "ConditionMeshTerm":"Tobacco Use Disorder"
              }
            ]
          },
          "ConditionAncestorList":{
            "ConditionAncestor":[
              {
                "ConditionAncestorId":"D000019966",
                "ConditionAncestorTerm":"Substance-Related Disorders"
              },{
                "ConditionAncestorId":"D000064419",
                "ConditionAncestorTerm":"Chemically-Induced Disorders"
              },{
                "ConditionAncestorId":"D000001523",
                "ConditionAncestorTerm":"Mental Disorders"
              }
            ]
          },
          "ConditionBrowseLeafList":{
            "ConditionBrowseLeaf":[
              {
                "ConditionBrowseLeafId":"M15368",
                "ConditionBrowseLeafName":"Tobacco Use Disorder",
                "ConditionBrowseLeafAsFound":"Nicotine Dependence",
                "ConditionBrowseLeafRelevance":"high"
              },{
                "ConditionBrowseLeafId":"M20421",
                "ConditionBrowseLeafName":"Substance-Related Disorders",
                "ConditionBrowseLeafRelevance":"low"
              },{
                "ConditionBrowseLeafId":"M28889",
                "ConditionBrowseLeafName":"Chemically-Induced Disorders",
                "ConditionBrowseLeafRelevance":"low"
              },{
                "ConditionBrowseLeafId":"M3396",
                "ConditionBrowseLeafName":"Mental Disorders",
                "ConditionBrowseLeafRelevance":"low"
              },{
                "ConditionBrowseLeafId":"M13056",
                "ConditionBrowseLeafName":"Psychotic Disorders",
                "ConditionBrowseLeafRelevance":"low"
              }
            ]
          },
          "ConditionBrowseBranchList":{
            "ConditionBrowseBranch":[
              {
                "ConditionBrowseBranchAbbrev":"BC25",
                "ConditionBrowseBranchName":"Substance Related Disorders"
              },{
                "ConditionBrowseBranchAbbrev":"BXM",
                "ConditionBrowseBranchName":"Behaviors and Mental Disorders"
              },{
                "ConditionBrowseBranchAbbrev":"All",
                "ConditionBrowseBranchName":"All Conditions"
              }
            ]
          }
        }
      }
    }
  }
}

