{
  "FullStudy":{
    "Rank":925,
    "Study":{
      "ProtocolSection":{
        "IdentificationModule":{
          "NCTId":"NCT04837924",
          "OrgStudyIdInfo":{
            "OrgStudyId":"0121812"
          },
          "Organization":{
            "OrgFullName":"General Hospital Sveti Duh",
            "OrgClass":"OTHER"
          },
          "BriefTitle":"Fascia Iliaca Compartment Block for Pain Management in Hip Fracture Patients",
          "OfficialTitle":"The Effects of Fascia Iliaca Compartment Block on Hip Fracture Patients",
          "Acronym":"BLOCKPAIN"
        },
        "StatusModule":{
          "StatusVerifiedDate":"April 2021",
          "OverallStatus":"Not yet recruiting",
          "ExpandedAccessInfo":{
            "HasExpandedAccess":"No"
          },
          "StartDateStruct":{
            "StartDate":"April 14, 2021",
            "StartDateType":"Anticipated"
          },
          "PrimaryCompletionDateStruct":{
            "PrimaryCompletionDate":"October 14, 2021",
            "PrimaryCompletionDateType":"Anticipated"
          },
          "CompletionDateStruct":{
            "CompletionDate":"October 14, 2021",
            "CompletionDateType":"Anticipated"
          },
          "StudyFirstSubmitDate":"March 24, 2021",
          "StudyFirstSubmitQCDate":"April 7, 2021",
          "StudyFirstPostDateStruct":{
            "StudyFirstPostDate":"April 8, 2021",
            "StudyFirstPostDateType":"Actual"
          },
          "LastUpdateSubmitDate":"April 7, 2021",
          "LastUpdatePostDateStruct":{
            "LastUpdatePostDate":"April 8, 2021",
            "LastUpdatePostDateType":"Actual"
          }
        },
        "SponsorCollaboratorsModule":{
          "ResponsibleParty":{
            "ResponsiblePartyType":"Principal Investigator",
            "ResponsiblePartyInvestigatorFullName":"Andela Simic",
            "ResponsiblePartyInvestigatorTitle":"Principal Investigator",
            "ResponsiblePartyInvestigatorAffiliation":"General Hospital Sveti Duh"
          },
          "LeadSponsor":{
            "LeadSponsorName":"General Hospital Sveti Duh",
            "LeadSponsorClass":"OTHER"
          }
        },
        "OversightModule":{
          "OversightHasDMC":"No",
          "IsFDARegulatedDrug":"No",
          "IsFDARegulatedDevice":"No",
          "IsUSExport":"No"
        },
        "DescriptionModule":{
          "BriefSummary":"BLOCKPAIN is a randomized controlled study, 80 participants. The participants will be hip fracture patients in Emergency Medicine Department in Clinical Hospital \"Sveti Duh\", Zagreb, Croatia. Upon patient arrival inclusion and exclusion criteria will be established. After signing the informed consent form participant will be randomized in one of two study groups. One study group is fascia iliaca compartment block (FICB), the other is placebo. All participants will be given paracetamol 1 gram IV as standard care. If needed, rescue analgesic will be tramadol 100 mg in 100 ml saline IV. The time frame is 24 hours after the FICB or placebo procedure.",
          "DetailedDescription":"Hip fractures in older patients are a major public health problem. For acute pain management, nonopioid analgesics are often not sufficient enough, and opioids have many adverse events. For this reasons fascia iliaca compartment block could be the treatment of choice. The objective of this study is to evaluate the efficacy of the fascia iliaca compartment block for pain management in the emergency department, especially the effect on stress response and the effect on the acute confusional state. The investigators intend to conduct a randomized clinical trial in hip fracture patients years 65 and older presenting in the emergency department. In addition to standard analgesia with parenteral paracetamol, the first group of patients will receive fascia iliaca compartment block and the second group placebo. The investigators will monitor the effect of treatment protocol on laboratory parameters of stress response copeptin and cortisol, frequency and severity of acute confusional state, pain intensity and the need for additional opioid analgesics. Data obtained from this research could significantly improve the standard and quality of analgesia in the older patients with hip fracture. Regional anesthesia can diminish or prevent the development of stress response and cognitive impairment and these are the factors that complicate recovery of this fragile group of patients."
        },
        "ConditionsModule":{
          "ConditionList":{
            "Condition":[
              "Hip Fractures"
            ]
          },
          "KeywordList":{
            "Keyword":[
              "Hip Fractures",
              "Pain Management"
            ]
          }
        },
        "DesignModule":{
          "StudyType":"Interventional",
          "PhaseList":{
            "Phase":[
              "Phase 4"
            ]
          },
          "DesignInfo":{
            "DesignAllocation":"Randomized",
            "DesignInterventionModel":"Parallel Assignment",
            "DesignInterventionModelDescription":"80 participants, stratified randomization will be used, men/women, age 65-75 years/older then 75 years, The American Society of Anesthesiologists physical status classification, (ASA status) I-II/ ASA III and IV, and type of hip fracture intra/extracapsular",
            "DesignPrimaryPurpose":"Treatment",
            "DesignMaskingInfo":{
              "DesignMasking":"Triple",
              "DesignMaskingDescription":"Participants will be blinded by sham procedure (disinfection, sting with blunt needle, (without piercing the skin), in the groin area, same place where actual FICB is given and covered with same gauze/patch). It will not be revealed to care providers and outcome measurement associate in which group participant is. After the data collection statistical analyst will not know is A group experimental or control.",
              "DesignWhoMaskedList":{
                "DesignWhoMasked":[
                  "Participant",
                  "Care Provider",
                  "Outcomes Assessor"
                ]
              }
            }
          },
          "EnrollmentInfo":{
            "EnrollmentCount":"80",
            "EnrollmentType":"Anticipated"
          }
        },
        "ArmsInterventionsModule":{
          "ArmGroupList":{
            "ArmGroup":[
              {
                "ArmGroupLabel":"B (FICB)",
                "ArmGroupType":"Experimental",
                "ArmGroupDescription":"Participants receiving fascia iliaca compartment block (FICB)",
                "ArmGroupInterventionList":{
                  "ArmGroupInterventionName":[
                    "Procedure: fascia iliaca compartment block, (FICB) (levobupivacaine hydrochloride 0,25% 40 ml)",
                    "Drug: paracetamol 1 gram IV",
                    "Drug: Rescue analgesic tramadol 100 mg IV if needed"
                  ]
                }
              },{
                "ArmGroupLabel":"A (PLACEBO)",
                "ArmGroupType":"Sham Comparator",
                "ArmGroupDescription":"Participants receiving sham injection matching fascia iliaca compartment block (FICB)",
                "ArmGroupInterventionList":{
                  "ArmGroupInterventionName":[
                    "Drug: paracetamol 1 gram IV",
                    "Drug: Rescue analgesic tramadol 100 mg IV if needed",
                    "Procedure: Sham injection"
                  ]
                }
              }
            ]
          },
          "InterventionList":{
            "Intervention":[
              {
                "InterventionType":"Procedure",
                "InterventionName":"fascia iliaca compartment block, (FICB) (levobupivacaine hydrochloride 0,25% 40 ml)",
                "InterventionDescription":"Land mark technique will be used to perform FICB on the side of the hip fracture. The injection site is one centimetre caudal from the junction between medial 2/3 and lateral 1/3 in the imaginary line between anterior superior iliac spine and ipsilateral pubic tubercle. The goal is to administer local anesthetic in the fascia iliaca compartment.",
                "InterventionArmGroupLabelList":{
                  "InterventionArmGroupLabel":[
                    "B (FICB)"
                  ]
                }
              },{
                "InterventionType":"Drug",
                "InterventionName":"paracetamol 1 gram IV",
                "InterventionDescription":"paracetamol 1 gram IV every six hours, 4 times in 24 hours",
                "InterventionArmGroupLabelList":{
                  "InterventionArmGroupLabel":[
                    "A (PLACEBO)",
                    "B (FICB)"
                  ]
                }
              },{
                "InterventionType":"Drug",
                "InterventionName":"Rescue analgesic tramadol 100 mg IV if needed",
                "InterventionDescription":"Rescue analgesic, if needed, tramadol 100 mg in 100 ml saline (0,9% Sodium chloride) IV, up to 4 times in 24 hours",
                "InterventionArmGroupLabelList":{
                  "InterventionArmGroupLabel":[
                    "A (PLACEBO)",
                    "B (FICB)"
                  ]
                }
              },{
                "InterventionType":"Procedure",
                "InterventionName":"Sham injection",
                "InterventionDescription":"Sting with blunt needle, (without piercing the skin), same site as fascia iliaca compartment block",
                "InterventionArmGroupLabelList":{
                  "InterventionArmGroupLabel":[
                    "A (PLACEBO)"
                  ]
                }
              }
            ]
          }
        },
        "OutcomesModule":{
          "PrimaryOutcomeList":{
            "PrimaryOutcome":[
              {
                "PrimaryOutcomeMeasure":"Stress Response 1",
                "PrimaryOutcomeDescription":"cortisol plasma level",
                "PrimaryOutcomeTimeFrame":"Change from baseline cortisol plasma level at 24 hours"
              },{
                "PrimaryOutcomeMeasure":"Stress Response 2",
                "PrimaryOutcomeDescription":"copeptin plasma level",
                "PrimaryOutcomeTimeFrame":"Change from baseline copeptin plasma level at 24 hours"
              },{
                "PrimaryOutcomeMeasure":"Acute confusional state/Delirium",
                "PrimaryOutcomeDescription":"Abbreviated Mental Test Score (AMTS) - 10 point scale, from 0 to 10, 10 is the best possible result, 2 and more point drop from baseline indicating delirium",
                "PrimaryOutcomeTimeFrame":"Change from baseline Abbreviated Mental Test Score at 24 hours"
              }
            ]
          },
          "SecondaryOutcomeList":{
            "SecondaryOutcome":[
              {
                "SecondaryOutcomeMeasure":"Pain Intensity",
                "SecondaryOutcomeDescription":"Pain intensity at rest and pain intensity at movement, Numerical Rating Scale (NRS), from 0 to 10, 0 meaning \"no pain\" and 10 \"the worst pain ever possible\"",
                "SecondaryOutcomeTimeFrame":"Immediately prior and 30, 120, 240 minutes and 24 hours"
              }
            ]
          }
        },
        "EligibilityModule":{
          "EligibilityCriteria":"Inclusion Criteria:\n\nhip fracture after minor trauma/simple falls, confirmed by imaging technique (X-ray or CT scan or MRI)\nsigned informed consent form (after a verbal explanation and written information sheet)\n\nExclusion Criteria:\n\npathological fracture\nhead injury\nbody mass bellow 50 kg\ncognitive impairment (Abbreviated Mental Test Score less then 6 points)\noral anticoagulant drugs\nprior drug allergy (paracetamol, tramadol, local anesthetics)\nprior peripheral artery bypass surgery (on the same side as hip fracture)\nskin or soft tissue infection in the groin area (on the same side as hip fracture)\nsimultaneously bilateral hip fracture\nopioid analgesics prior to hospital arrival",
          "HealthyVolunteers":"No",
          "Gender":"All",
          "MinimumAge":"65 Years",
          "StdAgeList":{
            "StdAge":[
              "Older Adult"
            ]
          }
        },
        "ContactsLocationsModule":{
          "CentralContactList":{
            "CentralContact":[
              {
                "CentralContactName":"Anđela Simić",
                "CentralContactRole":"Contact",
                "CentralContactPhone":"+385915101854",
                "CentralContactEMail":"andjela.simic.005@gmail.com"
              }
            ]
          },
          "OverallOfficialList":{
            "OverallOfficial":[
              {
                "OverallOfficialName":"Anđela Simić",
                "OverallOfficialAffiliation":"Clinical Hospital \"Sveti Duh\"",
                "OverallOfficialRole":"Principal Investigator"
              }
            ]
          },
          "LocationList":{
            "Location":[
              {
                "LocationFacility":"Clinical Hospital \"Sveti Duh\"",
                "LocationCity":"Zagreb",
                "LocationZip":"10 000",
                "LocationCountry":"Croatia",
                "LocationContactList":{
                  "LocationContact":[
                    {
                      "LocationContactName":"Anđela Simić, MD",
                      "LocationContactRole":"Contact",
                      "LocationContactPhone":"+385915101854",
                      "LocationContactEMail":"andjela.simic.005@gmail.com"
                    }
                  ]
                }
              }
            ]
          }
        },
        "IPDSharingStatementModule":{
          "IPDSharing":"Yes",
          "IPDSharingDescription":"All IPD will be shared on demand, via Principal Investigator e-mail. There is a prior signed consent of all participants.",
          "IPDSharingInfoTypeList":{
            "IPDSharingInfoType":[
              "Study Protocol",
              "Statistical Analysis Plan (SAP)",
              "Informed Consent Form (ICF)",
              "Clinical Study Report (CSR)",
              "Analytic Code"
            ]
          },
          "IPDSharingTimeFrame":"6 months after the study publication, unlimited",
          "IPDSharingAccessCriteria":"The de-identified IPD will be available for research purposes by contacting the first author via e-mail."
        }
      },
      "DerivedSection":{
        "MiscInfoModule":{
          "VersionHolder":"April 19, 2021"
        },
        "ConditionBrowseModule":{
          "ConditionMeshList":{
            "ConditionMesh":[
              {
                "ConditionMeshId":"D000050723",
                "ConditionMeshTerm":"Fractures, Bone"
              },{
                "ConditionMeshId":"D000006620",
                "ConditionMeshTerm":"Hip Fractures"
              }
            ]
          },
          "ConditionAncestorList":{
            "ConditionAncestor":[
              {
                "ConditionAncestorId":"D000014947",
                "ConditionAncestorTerm":"Wounds and Injuries"
              },{
                "ConditionAncestorId":"D000005264",
                "ConditionAncestorTerm":"Femoral Fractures"
              },{
                "ConditionAncestorId":"D000025981",
                "ConditionAncestorTerm":"Hip Injuries"
              },{
                "ConditionAncestorId":"D000007869",
                "ConditionAncestorTerm":"Leg Injuries"
              }
            ]
          },
          "ConditionBrowseLeafList":{
            "ConditionBrowseLeaf":[
              {
                "ConditionBrowseLeafId":"M24957",
                "ConditionBrowseLeafName":"Fractures, Bone",
                "ConditionBrowseLeafAsFound":"Fracture",
                "ConditionBrowseLeafRelevance":"high"
              },{
                "ConditionBrowseLeafId":"M8279",
                "ConditionBrowseLeafName":"Hip Fractures",
                "ConditionBrowseLeafAsFound":"Hip Fracture",
                "ConditionBrowseLeafRelevance":"high"
              },{
                "ConditionBrowseLeafId":"M11649",
                "ConditionBrowseLeafName":"Pain",
                "ConditionBrowseLeafRelevance":"low"
              },{
                "ConditionBrowseLeafId":"M16268",
                "ConditionBrowseLeafName":"Wounds and Injuries",
                "ConditionBrowseLeafRelevance":"low"
              },{
                "ConditionBrowseLeafId":"M6985",
                "ConditionBrowseLeafName":"Femoral Fractures",
                "ConditionBrowseLeafRelevance":"low"
              },{
                "ConditionBrowseLeafId":"M21689",
                "ConditionBrowseLeafName":"Hip Injuries",
                "ConditionBrowseLeafRelevance":"low"
              },{
                "ConditionBrowseLeafId":"M9464",
                "ConditionBrowseLeafName":"Leg Injuries",
                "ConditionBrowseLeafRelevance":"low"
              }
            ]
          },
          "ConditionBrowseBranchList":{
            "ConditionBrowseBranch":[
              {
                "ConditionBrowseBranchAbbrev":"BC26",
                "ConditionBrowseBranchName":"Wounds and Injuries"
              },{
                "ConditionBrowseBranchAbbrev":"All",
                "ConditionBrowseBranchName":"All Conditions"
              },{
                "ConditionBrowseBranchAbbrev":"BC23",
                "ConditionBrowseBranchName":"Symptoms and General Pathology"
              }
            ]
          }
        },
        "InterventionBrowseModule":{
          "InterventionMeshList":{
            "InterventionMesh":[
              {
                "InterventionMeshId":"D000000082",
                "InterventionMeshTerm":"Acetaminophen"
              },{
                "InterventionMeshId":"D000014147",
                "InterventionMeshTerm":"Tramadol"
              },{
                "InterventionMeshId":"D000000700",
                "InterventionMeshTerm":"Analgesics"
              },{
                "InterventionMeshId":"D000077554",
                "InterventionMeshTerm":"Levobupivacaine"
              }
            ]
          },
          "InterventionAncestorList":{
            "InterventionAncestor":[
              {
                "InterventionAncestorId":"D000018712",
                "InterventionAncestorTerm":"Analgesics, Non-Narcotic"
              },{
                "InterventionAncestorId":"D000018689",
                "InterventionAncestorTerm":"Sensory System Agents"
              },{
                "InterventionAncestorId":"D000018373",
                "InterventionAncestorTerm":"Peripheral Nervous System Agents"
              },{
                "InterventionAncestorId":"D000045505",
                "InterventionAncestorTerm":"Physiological Effects of Drugs"
              },{
                "InterventionAncestorId":"D000058633",
                "InterventionAncestorTerm":"Antipyretics"
              },{
                "InterventionAncestorId":"D000000701",
                "InterventionAncestorTerm":"Analgesics, Opioid"
              },{
                "InterventionAncestorId":"D000009294",
                "InterventionAncestorTerm":"Narcotics"
              },{
                "InterventionAncestorId":"D000002492",
                "InterventionAncestorTerm":"Central Nervous System Depressants"
              },{
                "InterventionAncestorId":"D000000779",
                "InterventionAncestorTerm":"Anesthetics, Local"
              },{
                "InterventionAncestorId":"D000000777",
                "InterventionAncestorTerm":"Anesthetics"
              }
            ]
          },
          "InterventionBrowseLeafList":{
            "InterventionBrowseLeaf":[
              {
                "InterventionBrowseLeafId":"M2690",
                "InterventionBrowseLeafName":"Anesthetics, Local",
                "InterventionBrowseLeafRelevance":"low"
              },{
                "InterventionBrowseLeafId":"M2688",
                "InterventionBrowseLeafName":"Anesthetics",
                "InterventionBrowseLeafRelevance":"low"
              },{
                "InterventionBrowseLeafId":"M15484",
                "InterventionBrowseLeafName":"Tramadol",
                "InterventionBrowseLeafAsFound":"Lipid",
                "InterventionBrowseLeafRelevance":"high"
              },{
                "InterventionBrowseLeafId":"M2613",
                "InterventionBrowseLeafName":"Analgesics",
                "InterventionBrowseLeafAsFound":"In 3",
                "InterventionBrowseLeafRelevance":"high"
              },{
                "InterventionBrowseLeafId":"M1832",
                "InterventionBrowseLeafName":"Levobupivacaine",
                "InterventionBrowseLeafAsFound":"Revatio",
                "InterventionBrowseLeafRelevance":"high"
              },{
                "InterventionBrowseLeafId":"M2029",
                "InterventionBrowseLeafName":"Acetaminophen",
                "InterventionBrowseLeafAsFound":"Hormone",
                "InterventionBrowseLeafRelevance":"high"
              },{
                "InterventionBrowseLeafId":"M19370",
                "InterventionBrowseLeafName":"Analgesics, Non-Narcotic",
                "InterventionBrowseLeafRelevance":"low"
              },{
                "InterventionBrowseLeafId":"M27763",
                "InterventionBrowseLeafName":"Antipyretics",
                "InterventionBrowseLeafRelevance":"low"
              },{
                "InterventionBrowseLeafId":"M2614",
                "InterventionBrowseLeafName":"Analgesics, Opioid",
                "InterventionBrowseLeafRelevance":"low"
              },{
                "InterventionBrowseLeafId":"M10828",
                "InterventionBrowseLeafName":"Narcotics",
                "InterventionBrowseLeafRelevance":"low"
              }
            ]
          },
          "InterventionBrowseBranchList":{
            "InterventionBrowseBranch":[
              {
                "InterventionBrowseBranchAbbrev":"CNSDep",
                "InterventionBrowseBranchName":"Central Nervous System Depressants"
              },{
                "InterventionBrowseBranchAbbrev":"All",
                "InterventionBrowseBranchName":"All Drugs and Chemicals"
              },{
                "InterventionBrowseBranchAbbrev":"Analg",
                "InterventionBrowseBranchName":"Analgesics"
              },{
                "InterventionBrowseBranchAbbrev":"Antipy",
                "InterventionBrowseBranchName":"Antipyretics"
              }
            ]
          }
        }
      }
    }
  }
}

