{
  "FullStudy":{
    "Rank":848,
    "Study":{
      "ProtocolSection":{
        "IdentificationModule":{
          "NCTId":"NCT04838925",
          "OrgStudyIdInfo":{
            "OrgStudyId":"Pro00106634"
          },
          "SecondaryIdInfoList":{
            "SecondaryIdInfo":[
              {
                "SecondaryId":"1R41DA053011-01",
                "SecondaryIdType":"U.S. NIH Grant/Contract",
                "SecondaryIdLink":"https://projectreporter.nih.gov/reporterapi.cfm?PROJECTNUM=1R41DA053011-01&Fy=all"
              }
            ]
          },
          "Organization":{
            "OrgFullName":"CrossComm, Inc.",
            "OrgClass":"INDUSTRY"
          },
          "BriefTitle":"Using Mobile Devices for Neurofeedback to Reduce Opioid Use in Chronic Pain",
          "OfficialTitle":"Using Mobile Devices for Neurofeedback to Reduce Opioid Use in Chronic Pain"
        },
        "StatusModule":{
          "StatusVerifiedDate":"April 2021",
          "OverallStatus":"Not yet recruiting",
          "ExpandedAccessInfo":{
            "HasExpandedAccess":"No"
          },
          "StartDateStruct":{
            "StartDate":"May 2021",
            "StartDateType":"Anticipated"
          },
          "PrimaryCompletionDateStruct":{
            "PrimaryCompletionDate":"April 2022",
            "PrimaryCompletionDateType":"Anticipated"
          },
          "CompletionDateStruct":{
            "CompletionDate":"April 2022",
            "CompletionDateType":"Anticipated"
          },
          "StudyFirstSubmitDate":"April 1, 2021",
          "StudyFirstSubmitQCDate":"April 8, 2021",
          "StudyFirstPostDateStruct":{
            "StudyFirstPostDate":"April 9, 2021",
            "StudyFirstPostDateType":"Actual"
          },
          "LastUpdateSubmitDate":"April 12, 2021",
          "LastUpdatePostDateStruct":{
            "LastUpdatePostDate":"April 13, 2021",
            "LastUpdatePostDateType":"Actual"
          }
        },
        "SponsorCollaboratorsModule":{
          "ResponsibleParty":{
            "ResponsiblePartyType":"Sponsor"
          },
          "LeadSponsor":{
            "LeadSponsorName":"CrossComm, Inc.",
            "LeadSponsorClass":"INDUSTRY"
          },
          "CollaboratorList":{
            "Collaborator":[
              {
                "CollaboratorName":"Duke University",
                "CollaboratorClass":"OTHER"
              },{
                "CollaboratorName":"National Institute on Drug Abuse (NIDA)",
                "CollaboratorClass":"NIH"
              }
            ]
          }
        },
        "OversightModule":{
          "OversightHasDMC":"No",
          "IsFDARegulatedDrug":"No",
          "IsFDARegulatedDevice":"Yes",
          "IsUnapprovedDevice":"Yes",
          "IsUSExport":"No"
        },
        "DescriptionModule":{
          "BriefSummary":"The purpose of this study is to develop and test the feasibility of a commercially-ready mobile neurofeedback app for individuals with chronic pain. Thirty (30) participants who are prescribed opioids for chronic pain will use the new mobile neurofeedback app and an EEG headset for 10 minutes at a time, 4 times a week for 12 weeks and provide feedback about using the app.",
          "DetailedDescription":"In this STTR Phase I project, CrossComm will collaborate with Duke University to develop a commercial-ready mobile neurofeedback technology and test its feasibility among patients using opioids to treat chronic pain. Specific Aim 1 is to develop a commercial-ready mobile neurofeedback app and will be built according to commercial standards of robustness and maintainability. Specific Aim 2 is to test feasibility of the commercially available mobile app in N=30 patients with chronic pain prescribed opioids. Participants will be recruited for a baseline interview with the Duke Behavioral Health & Technology Lab after passing a preliminary telephone screen. After providing informed consent, participants will provide data on demographics, pain symptoms, and opioid consumption. Each participant will download the mobile neurofeedback app to their smartphone and be instructed to use the intervention for 10 minutes a day, 4 times a week for 12 weeks. Study coordinators will conduct four teleconference sessions (weeks 1, 3, 6 and 9) to reinforce training, troubleshoot difficulties, and support intervention utilization. After the 12-week mobile neurofeedback intervention, the investigators will collect follow-up data, including pain measures, mobile app (usage, satisfaction, & usability), and user feedback on the human-computer interface. Data from these will inform further app refinement preparing for STTR Phase II."
        },
        "ConditionsModule":{
          "ConditionList":{
            "Condition":[
              "Chronic Pain",
              "Opioid Use"
            ]
          },
          "KeywordList":{
            "Keyword":[
              "Chronic Pain",
              "Opioids",
              "Prescription Opioids",
              "Pain",
              "Musculoskeletal Pain",
              "Mobile Apps",
              "Mobile Health",
              "Neurofeedback",
              "EEG Feedback",
              "Biofeedback",
              "Alternative Therapy"
            ]
          }
        },
        "DesignModule":{
          "StudyType":"Interventional",
          "PhaseList":{
            "Phase":[
              "Not Applicable"
            ]
          },
          "DesignInfo":{
            "DesignAllocation":"N/A",
            "DesignInterventionModel":"Single Group Assignment",
            "DesignPrimaryPurpose":"Device Feasibility",
            "DesignMaskingInfo":{
              "DesignMasking":"None (Open Label)"
            }
          },
          "EnrollmentInfo":{
            "EnrollmentCount":"30",
            "EnrollmentType":"Anticipated"
          }
        },
        "ArmsInterventionsModule":{
          "ArmGroupList":{
            "ArmGroup":[
              {
                "ArmGroupLabel":"Mobile Neurofeedback",
                "ArmGroupType":"Experimental",
                "ArmGroupDescription":"Participants engage in the use of a mobile neurofeedback intervention, which involves using a mobile app paired with an EEG headset, to achieve a calm, relaxed state. Participants will be instructed to use the intervention at a minimum of 10 minutes a day, 4 times a week for a total of 12 weeks.",
                "ArmGroupInterventionList":{
                  "ArmGroupInterventionName":[
                    "Device: Mobile Neurofeedback App"
                  ]
                }
              }
            ]
          },
          "InterventionList":{
            "Intervention":[
              {
                "InterventionType":"Device",
                "InterventionName":"Mobile Neurofeedback App",
                "InterventionDescription":"Neurofeedback intervention delivered via mobile app. Participants wear an EEG headset which is connected to a mobile app that delivers feedback about brainwave data indicating whether they are in a calm, relaxed state. Participants hear a lower/simple sound when they are below a target level and higher/richer sound when they approach or achieve their target.",
                "InterventionArmGroupLabelList":{
                  "InterventionArmGroupLabel":[
                    "Mobile Neurofeedback"
                  ]
                }
              }
            ]
          }
        },
        "OutcomesModule":{
          "PrimaryOutcomeList":{
            "PrimaryOutcome":[
              {
                "PrimaryOutcomeMeasure":"Mobile App Usage",
                "PrimaryOutcomeDescription":"Objective data on number of mobile neurofeedback sessions completed by participants. Intervention adherence data will inform the feasibility of real-world use of the commercial-ready mobile app.",
                "PrimaryOutcomeTimeFrame":"12 weeks"
              }
            ]
          },
          "SecondaryOutcomeList":{
            "SecondaryOutcome":[
              {
                "SecondaryOutcomeMeasure":"Mobile App Satisfaction assessed on a 5-point Likert scale (1: very dissatisfied - 5: very satisfied)",
                "SecondaryOutcomeDescription":"Rating on a 5-point Likert scale (1: very dissatisfied - 5: very satisfied) of how satisfied participants were with the mobile neurofeedback app.",
                "SecondaryOutcomeTimeFrame":"At 3 month follow-up (end of intervention)"
              },{
                "SecondaryOutcomeMeasure":"Mobile App Usability assessed by the System Usability Scale",
                "SecondaryOutcomeDescription":"The participant indicates level of agreement with 10 statements (1: strongly disagree - 5 strongly agree). Scores for each question are converted to a new number, added together and then multiplied by 2.5 to convert the original scores of 0-40 to 0-100. (From: https://www.usability.gov/how-to-and-tools/methods/system-usability-scale.html) Higher scores indicate better usability.",
                "SecondaryOutcomeTimeFrame":"At 3 month follow-up (end of intervention)"
              }
            ]
          }
        },
        "EligibilityModule":{
          "EligibilityCriteria":"Inclusion Criteria:\n\nReports chronic pain (≥4 on 0-10 Numeric Rating Scale (NRS) on most days during the past 3 months)\nPrescribed opioids for pain management\n\nExclusion Criteria:\n\nHistory of seizures\nPlans to have pain-related surgery in the next 3 months\nHas an implanted medical device that could experience interference during EEG, such as a spinal cord stimulator or pacemaker",
          "HealthyVolunteers":"No",
          "Gender":"All",
          "MinimumAge":"18 Years",
          "StdAgeList":{
            "StdAge":[
              "Adult",
              "Older Adult"
            ]
          }
        },
        "ContactsLocationsModule":{
          "CentralContactList":{
            "CentralContact":[
              {
                "CentralContactName":"Eric B Elbogen, PhD",
                "CentralContactRole":"Contact",
                "CentralContactPhone":"919-684-9983",
                "CentralContactEMail":"eric.elbogen@duke.edu"
              },{
                "CentralContactName":"Alex Thompson",
                "CentralContactRole":"Contact",
                "CentralContactPhone":"919-681-1613",
                "CentralContactEMail":"DBHTL@duke.edu"
              }
            ]
          },
          "OverallOfficialList":{
            "OverallOfficial":[
              {
                "OverallOfficialName":"Eric B Elbogen, PhD",
                "OverallOfficialAffiliation":"Duke University",
                "OverallOfficialRole":"Principal Investigator"
              },{
                "OverallOfficialName":"Donald K Shin",
                "OverallOfficialAffiliation":"CrossComm, Inc.",
                "OverallOfficialRole":"Principal Investigator"
              }
            ]
          },
          "LocationList":{
            "Location":[
              {
                "LocationFacility":"Duke University School of Medicine Department of Psychiatry",
                "LocationCity":"Durham",
                "LocationState":"North Carolina",
                "LocationZip":"27705",
                "LocationCountry":"United States"
              }
            ]
          }
        },
        "IPDSharingStatementModule":{
          "IPDSharing":"No"
        }
      },
      "DerivedSection":{
        "MiscInfoModule":{
          "VersionHolder":"April 19, 2021"
        },
        "ConditionBrowseModule":{
          "ConditionMeshList":{
            "ConditionMesh":[
              {
                "ConditionMeshId":"D000059350",
                "ConditionMeshTerm":"Chronic Pain"
              }
            ]
          },
          "ConditionAncestorList":{
            "ConditionAncestor":[
              {
                "ConditionAncestorId":"D000010146",
                "ConditionAncestorTerm":"Pain"
              },{
                "ConditionAncestorId":"D000009461",
                "ConditionAncestorTerm":"Neurologic Manifestations"
              }
            ]
          },
          "ConditionBrowseLeafList":{
            "ConditionBrowseLeaf":[
              {
                "ConditionBrowseLeafId":"M28029",
                "ConditionBrowseLeafName":"Chronic Pain",
                "ConditionBrowseLeafAsFound":"Chronic Pain",
                "ConditionBrowseLeafRelevance":"high"
              },{
                "ConditionBrowseLeafId":"M28031",
                "ConditionBrowseLeafName":"Musculoskeletal Pain",
                "ConditionBrowseLeafRelevance":"low"
              },{
                "ConditionBrowseLeafId":"M11649",
                "ConditionBrowseLeafName":"Pain",
                "ConditionBrowseLeafRelevance":"low"
              },{
                "ConditionBrowseLeafId":"M10987",
                "ConditionBrowseLeafName":"Neurologic Manifestations",
                "ConditionBrowseLeafRelevance":"low"
              }
            ]
          },
          "ConditionBrowseBranchList":{
            "ConditionBrowseBranch":[
              {
                "ConditionBrowseBranchAbbrev":"BC23",
                "ConditionBrowseBranchName":"Symptoms and General Pathology"
              },{
                "ConditionBrowseBranchAbbrev":"All",
                "ConditionBrowseBranchName":"All Conditions"
              },{
                "ConditionBrowseBranchAbbrev":"BC05",
                "ConditionBrowseBranchName":"Muscle, Bone, and Cartilage Diseases"
              },{
                "ConditionBrowseBranchAbbrev":"BC10",
                "ConditionBrowseBranchName":"Nervous System Diseases"
              }
            ]
          }
        },
        "InterventionBrowseModule":{
          "InterventionBrowseLeafList":{
            "InterventionBrowseLeaf":[
              {
                "InterventionBrowseLeafId":"M2614",
                "InterventionBrowseLeafName":"Analgesics, Opioid",
                "InterventionBrowseLeafRelevance":"low"
              }
            ]
          },
          "InterventionBrowseBranchList":{
            "InterventionBrowseBranch":[
              {
                "InterventionBrowseBranchAbbrev":"Analg",
                "InterventionBrowseBranchName":"Analgesics"
              },{
                "InterventionBrowseBranchAbbrev":"CNSDep",
                "InterventionBrowseBranchName":"Central Nervous System Depressants"
              },{
                "InterventionBrowseBranchAbbrev":"All",
                "InterventionBrowseBranchName":"All Drugs and Chemicals"
              }
            ]
          }
        }
      }
    }
  }
}

