{
  "FullStudy":{
    "Rank":1476,
    "Study":{
      "ProtocolSection":{
        "IdentificationModule":{
          "NCTId":"NCT04830761",
          "OrgStudyIdInfo":{
            "OrgStudyId":"2021-00164"
          },
          "Organization":{
            "OrgFullName":"University of Bern",
            "OrgClass":"OTHER"
          },
          "BriefTitle":"Behavior Change in Context to Contain the Spread of COVID-19",
          "OfficialTitle":"Behaviour Change in Context to Contain the Spread of COVID-19"
        },
        "StatusModule":{
          "StatusVerifiedDate":"April 2021",
          "OverallStatus":"Recruiting",
          "ExpandedAccessInfo":{
            "HasExpandedAccess":"No"
          },
          "StartDateStruct":{
            "StartDate":"March 26, 2021",
            "StartDateType":"Actual"
          },
          "PrimaryCompletionDateStruct":{
            "PrimaryCompletionDate":"April 1, 2022",
            "PrimaryCompletionDateType":"Anticipated"
          },
          "CompletionDateStruct":{
            "CompletionDate":"April 1, 2022",
            "CompletionDateType":"Anticipated"
          },
          "StudyFirstSubmitDate":"March 25, 2021",
          "StudyFirstSubmitQCDate":"April 1, 2021",
          "StudyFirstPostDateStruct":{
            "StudyFirstPostDate":"April 5, 2021",
            "StudyFirstPostDateType":"Actual"
          },
          "LastUpdateSubmitDate":"April 9, 2021",
          "LastUpdatePostDateStruct":{
            "LastUpdatePostDate":"April 12, 2021",
            "LastUpdatePostDateType":"Actual"
          }
        },
        "SponsorCollaboratorsModule":{
          "ResponsibleParty":{
            "ResponsiblePartyType":"Sponsor"
          },
          "LeadSponsor":{
            "LeadSponsorName":"University of Bern",
            "LeadSponsorClass":"OTHER"
          },
          "CollaboratorList":{
            "Collaborator":[
              {
                "CollaboratorName":"Ursula Wirz Stiftung",
                "CollaboratorClass":"UNKNOWN"
              }
            ]
          }
        },
        "OversightModule":{
          "OversightHasDMC":"Yes",
          "IsFDARegulatedDrug":"No",
          "IsFDARegulatedDevice":"No"
        },
        "DescriptionModule":{
          "BriefSummary":"Project BECCCS (=Behavior Change in Context to Contain the Spread of COVID-19) aims to optimise and test a behaviour change intervention to promote correct hand hygiene at key times in the short and long term.\n\nThe study's specific aims are:\n\nOptimisation phase: Identify the most effective combination and sequence of three different intervention modules (habit, motivation, social norms), and to assess usability and fidelity measures in order to optimise the intervention\nEvaluation phase: Test the final intervention against treatment-as-usual, i.e. FOPH (=Federal Office of Public Health) hygiene and behaviour recommendations",
          "DetailedDescription":"Study design:\n\nIn this study, the MOST methodology (multiphase optimization strategy; Collins et al., 2014) will be applied. First, the most effective intervention components for specific target groups will be determined, which is called the optimisation phase. To this end, we run a parallel randomized trial that investigates all combinations of three interventions modules (= 9 combinations) in terms of its usability and its effectiveness.\n\nTo collect in-depth information about usability and feasibility, we will additionally run a qualitative survey with a small subsample of the trial.\n\nAfter this optimisation phase, the intervention's effectiveness will be tested against a control group in a randomized controlled trial, which is called the evaluation phase.\n\nFor the optimisation phase, participants will be randomly assigned to one of nine conditions. All participants are randomized into one of nine intervention group in a 1:1:1:1:1:1:1:1 ratio. For the randomization, an even randomization procedure is applied using Qualtrics. Because the randomization is even, the probability is fixed if the number of the participants can be divided by 9, it means that at the end we will have exactly even number of participants in each group.\n\nIn the evaluation phase, the optimised intervention from the optimisation phase will be tested in an RCT. To this end, participants will be randomly assigned to one of two conditions: final intervention vs. control group (TAU). The control group will not be given access to the final intervention. Nonetheless, they will be working with the study application for answering the three questionnaires (pre-test, post-test, follow-up) and the short questionnaires (diary days). The control group will further have access to the public information concerning the FOPHs recommendations on hand hygiene.\n\nRecruitment and informed consent procedure:\n\nThe sample will be recruited via Facebook and Instagram. Those who click on the link of the campaign will lead to a landing page with the relevant study information. Here, participants read the study info and enter their e-mail address. When they click on \"send\", an info box explains that an email has been sent including the link to the actual study.\n\nIn the mail, the participants can access via link to an eligibility and consent survey with detailed information about the nature of the study (=optimization and evaluation phase), its purpose, the procedures involved, the expected duration, the potential risks and benefits, any discomfort it may entail and finally an e-consent form to give consent to the study electronically. If people meet all inclusion criteria, the participants can directly sign with the mouse (on computer) or finger (on mobile device) the consent form.\n\nAfter the participants agree to participate in the study, they receive a registration code via e-Mail to participate in the study as well as a signed copy of the consent form (at the latest of one week after giving consent electronically).\n\nIn the mail, the participants are guided to download the app \"soapp\" from their app store with the registration code. After downloading the app, they have to register and tip in the registration code. After that, they start with the first questionnaire T1 (optimization phase) or pre-test (evaluation phase).\n\nStudy procedure:\n\nThe duration of the study is 5 weeks (optimisation phase) plus a 6-month follow-up in the evaluation phase. Each participant receives two different intervention modules which each last 2 weeks.\n\nAfter downloading the study app, the participants receive the first baseline questionnaire (T1 or pre-test).\n\nOptimization phase: The day after T1, people attend a diary day. The diary day includes five 1-minute-questionnaires during one day. People will be informed that the intervention starts on the subsequent day after the diary day. The intervention will take four weeks and includes two modules. During the first module, people will attend another diary day at the end of each week (2 in total during one module). On the subsequent day of the last dairy day of the first module, people will receive the second questionnaire (T2). After T2, the second intervention module follows in the same structure: The participants follow the instructions of the intervention and their hand hygiene behaviour is surveyed on the last day of each week using the short questionnaire within the diary day. A day after the participants completed the last diary day and with that the second module, they receive the last questionnaire (T3). Additionally, to the normal questionnaire, the participants can indicate at T3, whether they are willing to take part in a qualitative survey. Here, people will be interviewed via telephone by a study member. This interview will take around 30 minutes for the participants, where they will be asked questions about the usability of the app and their experience with the intervention modules. This information will be used to improve the study app before starting with the evaluation phase. By the end of the study, the participants will have completed three questionnaires (T1-T3) and five short-questionnaires.\n\nEvaluation phase: The day after the pre-test questionnaire, people attend a diary day to assess their previous hand hygiene behaviour. People will be informed that the intervention starts on the subsequent day after the diary day. The intervention will run for four weeks. During these four weeks, people will attend another diary day at the end of each week (4 in total during the total intervention). A day after the last diary day of the intervention, participants are asked to fill in the second questionnaire (post-test). In the evaluation phase, the participants will receive a six-month follow-up. They will first attend a diary day after 6 months after the intervention started and will then receive the follow-up questionnaire the subsequent day. By the end of the study, the participants will have completed three questionnaires (pre-test, post-test, follow-up) and six short-questionnaires.\n\nHypotheses:\n\nOptimisation:\n\nHyp.1: The intervention groups show a significant increase in correct hand hygiene behaviour at key times (T3).\n\nHyp.2: The intervention groups significantly differ in their effects on correct hand hygiene behaviour at key times (T1-T3).\n\nHyp.3. The intervention groups show a significant increase in (not correct) hand hygiene behaviour at key times (T3).\n\nHyp.4. The groups attending a motivation module show a significant increase in a) intention, b) self-efficacy, c) outcome expectancies and d) attitude from T1 to the post measures.\n\nHyp.5. The groups attending a habit module show a significant increase in a) habit strength, b) action control, and c) planning from T1 to the post measures.\n\nHyp.6. The groups attending a social norms module show a significant increase in a) injunctive norms and b) descriptive norms from T1 to the post measures.\n\nEvaluation:\n\nHyp. 7. The intervention group show a greater increase in correct hand hygiene behaviour at key times at the post measure (H7a) and at 6-month follow-up (H7b) compared to the control group.\n\nHyp. 8 The intervention group show a significant increase in the targeted behavioural determinants that are included compared to the control group at the post-intervention measure (H8a) and at 6-month follow-up (H8b). [the exact behavioural determinants depend on the results of the optimisation phase].\n\nStatistics:\n\nIn the optimisation phase, 387 subjects are to be randomized. This sample size was determined with an a priori power analysis with g*power (Faul et al., 2009). The aim is that a statistical analysis using repeated-measures ANOVA with a within-between-interaction with a power of 0.80 and α = 0.05, a small effect of f =0.1 should be detectable. Accounting for 20% attrition, this leads to N = 465 for the enrolment in the parallel control trial.\n\nIn the evaluation phase, 204 new subjects are to be randomized. The aim is that that a statistical analysis using an independent samples t-test adopting an error probability and statistical power of α = 0.05 and β = 0.80, at least a small intermediate intervention effect of Cohen's d = 0.35 should be detectable (Faul et al., 2007). Accounting for 20% attrition, this leads to N = 245 for the enrolment in the RCT.\n\nThere is no statistical criterion of termination of trial. If more participate are included in the study than 387 people in the optimisation phase and 204 people in the evaluation phase, the results can be examined in more detail and more complex contexts in terms of differential indication can be examined thereby helping to improve the intervention.\n\nPlanned Analyses:\n\nThe analysed sample includes all randomized participants. The analyses are carried out on the basis of the intention-to-treat approach.\n\nIn the optimisation phase, the primary analyses will be conducted (T1-T3) to test the hypotheses using R and SPSS after 387 participants have completed the study.\n\nTo address the primary research question, the main effect of a univariate analysis of variance with repeated measures will be analysed. After, post-hoc comparison analyses with independent t-test will be conducted between all groups. Last, multiple linear regression analyses will be conducted to test the effect of the targeted behavioural determinants on the outcome.\n\nIn the evaluation phase, the primary analyses will be conducted (pre-test, post-test, follow-up) to test the hypotheses using R and SPSS after 204 participants have completed the study. Secondary follow-up analyses will be conducted six months later. Multiple linear regression analyses will be conducted to test the effect of the targeted behavioural determinants on the outcome and to test mediation hypotheses.\n\nThe qualitative data in the optimisation phase are analysed by using thematic analysis (Braun & Clarke, 2006).\n\nNo interim analyses or safety analyses are planned. Deviations from the planned analyses will be reported in the final report.\n\nHandling of missing data and drop-outs:\n\nThe main analysis will be performed according to the intention-to-treat (ITT) principle. The ITT analysis includes every subject who is randomized according to randomized study group. It ignores noncompliance, protocol deviations as not adhering to the intervention modules, and anything that happens after randomization. Participants who withdrew consent are excluded from ITT analysis. ITT analysis avoids overoptimistic estimates of the efficacy of an intervention resulting from the removal of non-compliers by accepting that noncompliance and protocol deviations are likely to occur in practice.\n\nTo analyse our hypotheses and research questions, we follow-the ITT analysis strategy. This includes: 1) Attempt to follow up all randomized individuals, even if they withdraw from allocated group. 2) Perform a main analysis that is valid under a plausible assumption about the missing data and that uses all observed data 3) Perform sensitivity analyses to explore the impact of departures from the assumption made in the main analysis 4) Account for all randomized individuals, at least in the sensitivity analyses."
        },
        "ConditionsModule":{
          "ConditionList":{
            "Condition":[
              "Hand Hygiene"
            ]
          },
          "KeywordList":{
            "Keyword":[
              "Behavioral intervention",
              "Hand hygiene behavior",
              "MOST",
              "Health behavior change"
            ]
          }
        },
        "DesignModule":{
          "StudyType":"Interventional",
          "PhaseList":{
            "Phase":[
              "Not Applicable"
            ]
          },
          "DesignInfo":{
            "DesignAllocation":"Randomized",
            "DesignInterventionModel":"Parallel Assignment",
            "DesignInterventionModelDescription":"In this study, the MOST methodology (multiphase optimization strategy; Collins et al., 2007) will be applied. First, the most effective intervention components for specific target groups will be determined, which is called the optimisation phase. To this end, the investigators run a parallel randomized trial with nine intervention groups that investigates three interventions modules in different order. After this optimisation phase, the final intervention will be tested against a control group (treatment-as-usual) in a randomized controlled trial, which is called the evaluation phase.",
            "DesignPrimaryPurpose":"Prevention",
            "DesignMaskingInfo":{
              "DesignMasking":"Triple",
              "DesignWhoMaskedList":{
                "DesignWhoMasked":[
                  "Participant",
                  "Care Provider",
                  "Investigator"
                ]
              }
            }
          },
          "EnrollmentInfo":{
            "EnrollmentCount":"710",
            "EnrollmentType":"Anticipated"
          }
        },
        "ArmsInterventionsModule":{
          "ArmGroupList":{
            "ArmGroup":[
              {
                "ArmGroupLabel":"Habit - Motivation group",
                "ArmGroupType":"Experimental",
                "ArmGroupDescription":"First: 2 weeks habit intervention; Second: 2 weeks motivation intervention",
                "ArmGroupInterventionList":{
                  "ArmGroupInterventionName":[
                    "Behavioral: Motivation",
                    "Behavioral: Habit"
                  ]
                }
              },{
                "ArmGroupLabel":"Habit - Social group",
                "ArmGroupType":"Experimental",
                "ArmGroupDescription":"First: 2 weeks habit intervention; Second: 2 weeks social intervention",
                "ArmGroupInterventionList":{
                  "ArmGroupInterventionName":[
                    "Behavioral: Habit",
                    "Behavioral: Social"
                  ]
                }
              },{
                "ArmGroupLabel":"Habit - Habit group",
                "ArmGroupType":"Experimental",
                "ArmGroupDescription":"4 weeks habit intervention",
                "ArmGroupInterventionList":{
                  "ArmGroupInterventionName":[
                    "Behavioral: Habit"
                  ]
                }
              },{
                "ArmGroupLabel":"Motivation - Habit group",
                "ArmGroupType":"Experimental",
                "ArmGroupDescription":"First: 2 weeks motivation intervention; Second: 2 weeks habit intervention",
                "ArmGroupInterventionList":{
                  "ArmGroupInterventionName":[
                    "Behavioral: Motivation",
                    "Behavioral: Habit"
                  ]
                }
              },{
                "ArmGroupLabel":"Motivation - Social group",
                "ArmGroupType":"Experimental",
                "ArmGroupDescription":"First: 2 weeks motivation intervention; Second: 2 weeks social intervention",
                "ArmGroupInterventionList":{
                  "ArmGroupInterventionName":[
                    "Behavioral: Motivation",
                    "Behavioral: Social"
                  ]
                }
              },{
                "ArmGroupLabel":"Motivation - Motivation group",
                "ArmGroupType":"Experimental",
                "ArmGroupDescription":"4 weeks motivation intervention",
                "ArmGroupInterventionList":{
                  "ArmGroupInterventionName":[
                    "Behavioral: Motivation"
                  ]
                }
              },{
                "ArmGroupLabel":"Social - Habit group",
                "ArmGroupType":"Experimental",
                "ArmGroupDescription":"First: 2 weeks social intervention; Second: 2 weeks habit intervention",
                "ArmGroupInterventionList":{
                  "ArmGroupInterventionName":[
                    "Behavioral: Habit",
                    "Behavioral: Social"
                  ]
                }
              },{
                "ArmGroupLabel":"Social - Motivation group",
                "ArmGroupType":"Experimental",
                "ArmGroupDescription":"First: 2 weeks social intervention; Second: 2 weeks motivation intervention",
                "ArmGroupInterventionList":{
                  "ArmGroupInterventionName":[
                    "Behavioral: Motivation",
                    "Behavioral: Social"
                  ]
                }
              },{
                "ArmGroupLabel":"Social - Social group",
                "ArmGroupType":"Experimental",
                "ArmGroupDescription":"4 weeks social intervention",
                "ArmGroupInterventionList":{
                  "ArmGroupInterventionName":[
                    "Behavioral: Social"
                  ]
                }
              }
            ]
          },
          "InterventionList":{
            "Intervention":[
              {
                "InterventionType":"Behavioral",
                "InterventionName":"Motivation",
                "InterventionDescription":"The key constructs targeted by the motivational module are attitudes towards the target behavior, risk perception, outcome expectancies and self-efficacy. The intervention includes the following techniques: information about health consequences, salience of consequences, goal setting (behavior), problem solving, verbal persuasion about capabilities, focus on past success (Michie et al., 2013)",
                "InterventionArmGroupLabelList":{
                  "InterventionArmGroupLabel":[
                    "Habit - Motivation group",
                    "Motivation - Habit group",
                    "Motivation - Motivation group",
                    "Motivation - Social group",
                    "Social - Motivation group"
                  ]
                }
              },{
                "InterventionType":"Behavioral",
                "InterventionName":"Habit",
                "InterventionDescription":"The goal of the habit module is to guide participants to perform correct hand hygiene at self-selected key times repeatedly. The aim is that the behavior will be translated into a habit. The intervention includes the following techniques: Information about antecedents, self-monitoring of behavior, action planning, prompts/cues, habit formation, behavioral practice/ rehearsal, prompts/cues (physical cue) (Michie et al., 2013).",
                "InterventionArmGroupLabelList":{
                  "InterventionArmGroupLabel":[
                    "Habit - Habit group",
                    "Habit - Motivation group",
                    "Habit - Social group",
                    "Motivation - Habit group",
                    "Social - Habit group"
                  ]
                }
              },{
                "InterventionType":"Behavioral",
                "InterventionName":"Social",
                "InterventionDescription":"The key constructs targeted by the social module are perceived norms including descriptive norms and injunctive norm. The intervention includes the following techniques: Monitoring of behavior by others, social incentive, social comparison, social reward, restructuring the physical environment, information about others approval, credible source, information about health consequences, feedback on behavior (Michie et al., 2013).",
                "InterventionArmGroupLabelList":{
                  "InterventionArmGroupLabel":[
                    "Habit - Social group",
                    "Motivation - Social group",
                    "Social - Habit group",
                    "Social - Motivation group",
                    "Social - Social group"
                  ]
                }
              }
            ]
          }
        },
        "OutcomesModule":{
          "PrimaryOutcomeList":{
            "PrimaryOutcome":[
              {
                "PrimaryOutcomeMeasure":"Average frequency of correct hand hygiene behaviour at key times",
                "PrimaryOutcomeDescription":"First, participants indicate, whether they experienced key times, e.g. arriving home, after using the toilet, which require to wash or disinfect hands since the last questionnaire. Participants will then be asked how many times they correctly washed or disinfected hands at the indicated key times. The response options are 0 = never, 1 = rarely, 2 = sometimes, 3 = often, 4 = always.\n\nParticipants receive 5 questionnaires during a diary day. People attend a diary day after module 1 and after module 2.\n\nThe frequencies across the 5-times daily diaries will be averaged to indicate the average frequency by which participants correctly performed hand hygiene at key times that day (scale ranging from 0 to 4).",
                "PrimaryOutcomeTimeFrame":"Day 16 (after module 1)"
              },{
                "PrimaryOutcomeMeasure":"Average frequency of correct hand hygiene behaviour at key times",
                "PrimaryOutcomeDescription":"First, participants indicate, whether they experienced key times, e.g. arriving home, after using the toilet, which require to wash or disinfect hands since the last questionnaire. Participants will then be asked how many times they correctly washed or disinfected hands at the indicated key times. The response options are 0 = never, 1 = rarely, 2 = sometimes, 3 = often, 4 = always.\n\nParticipants receive 5 questionnaires during a diary day. People attend a diary day after module 1 and after module 2.\n\nThe frequencies across the 5-times daily diaries will be averaged to indicate the average frequency by which participants correctly performed hand hygiene at key times that day (scale ranging from 0 to 4).",
                "PrimaryOutcomeTimeFrame":"Day 33 (after module 2)"
              }
            ]
          },
          "SecondaryOutcomeList":{
            "SecondaryOutcome":[
              {
                "SecondaryOutcomeMeasure":"Frequency of hand hygiene behaviour at key times, but not correctly",
                "SecondaryOutcomeDescription":"How many times they wash or disinfect their hands, but not correctly? The responses are: 0 = never, 1 = rarely, 2 = sometimes, 3 = often, 4 = always. Participants receive 5 questionnaires during a diary day. People attend a diary day after module 1 and after module 2. The frequencies across the 5-times daily diaries will be averaged to indicate the average frequency by which participants not-correctly performed hand hygiene at key times that day (scale ranging from 0 to 4).",
                "SecondaryOutcomeTimeFrame":"Day 16 (after module 1) and day 33 (after module 2)"
              },{
                "SecondaryOutcomeMeasure":"Self-reported behavioural intention",
                "SecondaryOutcomeDescription":"One item: \"To what extent do you intend to correctly perform your hand hygiene behavior at key times?\" The response options ranged from 1 \"not at all\" to 6 \"very strongly.\" Higher scores indicate stronger intention.",
                "SecondaryOutcomeTimeFrame":"Day 17 (main survey T2) and day 34 (main survey T3)"
              },{
                "SecondaryOutcomeMeasure":"Mean score of self-reported fife risk perception items",
                "SecondaryOutcomeDescription":"Fife items such as \"To what extent do you think that the probability is high that I will have serious health problems, if I do not perform correct hand hygiene behavior at key times?\" The response options ranged from 1 \"not at all\" to 6 \"very strongly.\" Higher scores indicate higher risk perception.",
                "SecondaryOutcomeTimeFrame":"Day 17 (main survey T2) and day 34 (main survey T3)"
              },{
                "SecondaryOutcomeMeasure":"Mean score of eight self-reported outcome-expectancies items",
                "SecondaryOutcomeDescription":"Eight items such as \"If I do not perform correct hand hygiene behavior at key times, then I stay rather healthy\" The response options ranged from 1 \"not at all\" to 6 \"very strongly.\" Higher scores indicate higher outcome-expectancies.",
                "SecondaryOutcomeTimeFrame":"Day 17 (main survey T2) and day 34 (main survey T3)"
              },{
                "SecondaryOutcomeMeasure":"Mean score of four self-reported coping planning items",
                "SecondaryOutcomeDescription":"Four items such as: \"I have made a detailed plan about how I can perform correct hand hygiene behavior at key times, when soap and water are not available' The response options ranged from 1 \"not at all\" to 6 \"very strongly.\" Higher scores indicate higher coping planning.",
                "SecondaryOutcomeTimeFrame":"Day 17 (main survey T2) and day 34 (main survey T3)"
              },{
                "SecondaryOutcomeMeasure":"Mean score of three self-reported action planning items",
                "SecondaryOutcomeDescription":"Three items such as: \"I have made a detailed plan about when I am going to wash and disinfect may hands.\" The response options ranged from 1 \"not at all\" to 6 \"very strongly.\" Higher scores indicate higher action planning.",
                "SecondaryOutcomeTimeFrame":"Day 17 (main survey T2) and day 34 (main survey T3)"
              },{
                "SecondaryOutcomeMeasure":"Habit strength assessed with the self-report habit index (SRHI)",
                "SecondaryOutcomeDescription":"Self-Report Habit Index (SRHI) with four times such as: \"Correct hand hygiene behavior at key times is something that I do automatically.\" The response options ranged from 1 \"strongly disagree\" to 6 \"strongly agree\"",
                "SecondaryOutcomeTimeFrame":"Day 17 (main survey T2) and day 34 (main survey T3)"
              },{
                "SecondaryOutcomeMeasure":"Mean score of three self-reported injunctive norm items",
                "SecondaryOutcomeDescription":"Three items such as \"To what extent do you think that most people who are important to me approve correct hand hygiene behavior at key times? The response options ranged from 1 \"not at all\" to 6 \"very strongly.\" Higher scores indicate higher injunctive norms.",
                "SecondaryOutcomeTimeFrame":"Day 17 (main survey T2) and day 34 (main survey T3)"
              },{
                "SecondaryOutcomeMeasure":"Mean score of two self-reported descriptive norm items",
                "SecondaryOutcomeDescription":"Two times such as \"To what extent do you think that most people who are important to me perform correct hand hygiene behavior at key times? The response options ranged from 1 \"not at all\" to 6 \"very strongly.\" Higher scores indicate higher descriptive norms.",
                "SecondaryOutcomeTimeFrame":"Day 17 (main survey T2) and day 34 (main survey T3)"
              },{
                "SecondaryOutcomeMeasure":"Mean score of six self-reported attitude items",
                "SecondaryOutcomeDescription":"Six items such as \"Correct hand hygiene behavior at key times is…\" response range from pleasant to unpleasant. Higher scores indicate higher attitude.",
                "SecondaryOutcomeTimeFrame":"Day 17 (main survey T2) and day 34 (main survey T3)"
              },{
                "SecondaryOutcomeMeasure":"Mean score of three self-reported action control items",
                "SecondaryOutcomeDescription":"Three items such as \"During the last two weeks I have constantly monitored myself whether I washed or disinfected my hands according to my plans\" The response options ranged from 1 \"not at all\" to 6 \"very strongly.\" With the additional item option \"During the last two weeks, I did not intend to perform correct hand hygiene behavior at key times\". Higher scores indicate higher action control.",
                "SecondaryOutcomeTimeFrame":"Day 17 (main survey T2) and day 34 (main survey T3)"
              },{
                "SecondaryOutcomeMeasure":"User engagement assessed with the DBCI Engagement Scale",
                "SecondaryOutcomeDescription":"Eight items such as \"How strongly did you experience interest?\" Response ranged from \"not at all\" to \"moderately\" to \"extremely\"",
                "SecondaryOutcomeTimeFrame":"Day 17 (main survey T2) and day 34 (main survey T3)"
              },{
                "SecondaryOutcomeMeasure":"Intervention usability using the System Usability Scale (SUS)",
                "SecondaryOutcomeDescription":"Ten items such as \"I think that I would like to use this product frequently\". Response range from 1 \"strongly disagree\" to 6 \"strongly agree\"",
                "SecondaryOutcomeTimeFrame":"Day 17 (main survey T2) and day 34 (main survey T3)"
              },{
                "SecondaryOutcomeMeasure":"Satisfaction using the ZUF-8 (Original Englische Version CSQ-8)",
                "SecondaryOutcomeDescription":"Eight items such as \"Would you recommend this app to a friend\" responses are 1 definitely not / 2 not really / 3 rather yes / 4 definitely yes",
                "SecondaryOutcomeTimeFrame":"Day 17 (main survey T2) and day 34 (main survey T3)"
              },{
                "SecondaryOutcomeMeasure":"Mean score of intervention fidelity items",
                "SecondaryOutcomeDescription":"Items generated to evaluate the interventions. Fifteen items such as \"The description in the soapp app was clear to me\" or \"The tasks with the pro and contra list was fun\" The response options ranged from 1 \"not at all\" to 6 \"very strongly.\"",
                "SecondaryOutcomeTimeFrame":"Day 17 (main survey T2) and day 34 (main survey T3)"
              },{
                "SecondaryOutcomeMeasure":"Self-reported flu-like infection symptoms",
                "SecondaryOutcomeDescription":"In the last two weeks, did you have flu-like infection symptoms?",
                "SecondaryOutcomeTimeFrame":"Day 17 (main survey T2) and day 34 (main survey T3)"
              },{
                "SecondaryOutcomeMeasure":"Self-reported statement of the occurrences of Covid-19.",
                "SecondaryOutcomeDescription":"In the last two weeks, did you have a positive corona test?",
                "SecondaryOutcomeTimeFrame":"Day 17 (main survey T2) and day 34 (main survey T3)"
              },{
                "SecondaryOutcomeMeasure":"Mean score of eight self-reported self-efficacy items",
                "SecondaryOutcomeDescription":"Eight items such as \"How confident are you that you correctly wash/disinfect your hands at key times, when you are on the way\" The response options ranged from 1 \"not at all\" to 6 \"very strongly.\" Higher scores indicate higher self-efficacy.",
                "SecondaryOutcomeTimeFrame":"Day 17 (main survey T2) and day 34 (main survey T3)"
              }
            ]
          }
        },
        "EligibilityModule":{
          "EligibilityCriteria":"Inclusion Criteria:\n\nBe at least 18 years old\nHave signed an electronically written informed consent (online) form to participate in the study\nOwn a smartphone with mobile access to the internet\nBe proficient in the German language to the degree that they understand the contents and instructions of the study.",
          "HealthyVolunteers":"Accepts Healthy Volunteers",
          "Gender":"All",
          "MinimumAge":"18 Years",
          "StdAgeList":{
            "StdAge":[
              "Adult",
              "Older Adult"
            ]
          }
        },
        "ContactsLocationsModule":{
          "CentralContactList":{
            "CentralContact":[
              {
                "CentralContactName":"Melanie Dr. Amrein",
                "CentralContactRole":"Contact",
                "CentralContactPhone":"+41316313641",
                "CentralContactEMail":"melanie.amrein@psy.unibe.ch"
              }
            ]
          },
          "OverallOfficialList":{
            "OverallOfficial":[
              {
                "OverallOfficialName":"Melanie Dr. Amrein",
                "OverallOfficialAffiliation":"University of Bern",
                "OverallOfficialRole":"Study Chair"
              }
            ]
          },
          "LocationList":{
            "Location":[
              {
                "LocationFacility":"University of Bern",
                "LocationStatus":"Recruiting",
                "LocationCity":"Bern",
                "LocationZip":"3012",
                "LocationCountry":"Switzerland",
                "LocationContactList":{
                  "LocationContact":[
                    {
                      "LocationContactName":"Melanie Amrein",
                      "LocationContactRole":"Contact",
                      "LocationContactEMail":"melanie.amrein@psy.unibe.ch"
                    }
                  ]
                }
              }
            ]
          }
        },
        "ReferencesModule":{
          "ReferenceList":{
            "Reference":[
              {
                "ReferencePMID":"23512568",
                "ReferenceType":"background",
                "ReferenceCitation":"Michie S, Richardson M, Johnston M, Abraham C, Francis J, Hardeman W, Eccles MP, Cane J, Wood CE. The behavior change technique taxonomy (v1) of 93 hierarchically clustered techniques: building an international consensus for the reporting of behavior change interventions. Ann Behav Med. 2013 Aug;46(1):81-95. doi: 10.1007/s12160-013-9486-6."
              },{
                "ReferencePMID":"17466815",
                "ReferenceType":"background",
                "ReferenceCitation":"Collins LM, Murphy SA, Strecher V. The multiphase optimization strategy (MOST) and the sequential multiple assignment randomized trial (SMART): new methods for more potent eHealth interventions. Am J Prev Med. 2007 May;32(5 Suppl):S112-8."
              },{
                "ReferencePMID":"27049339",
                "ReferenceType":"background",
                "ReferenceCitation":"Reyes Fernández B, Knoll N, Hamilton K, Schwarzer R. Social-cognitive antecedents of hand washing: Action control bridges the planning-behaviour gap. Psychol Health. 2016 Aug;31(8):993-1004. doi: 10.1080/08870446.2016.1174236. Epub 2016 Apr 26."
              },{
                "ReferencePMID":"23456214",
                "ReferenceType":"background",
                "ReferenceCitation":"Allan JL, Sniehotta FF, Johnston M. The best laid plans: planning skill determines the effectiveness of action plans and implementation intentions. Ann Behav Med. 2013 Aug;46(1):114-20. doi: 10.1007/s12160-013-9483-9."
              },{
                "ReferencePMID":"29024515",
                "ReferenceType":"background",
                "ReferenceCitation":"Bierbauer W, Inauen J, Schaefer S, Kleemeyer MM, Lüscher J, König C, Tobias R, Kliegel M, Ihle A, Zimmerli L, Holzer BM, Siebenhuener K, Battegay E, Schmied C, Scholz U. Health Behavior Change in Older Adults: Testing the Health Action Process Approach at the Inter- and Intraindividual Level. Appl Psychol Health Well Being. 2017 Nov;9(3):324-348. doi: 10.1111/aphw.12094. Epub 2017 Oct 12."
              },{
                "ReferencePMID":"20658824",
                "ReferenceType":"background",
                "ReferenceCitation":"Orbell S, Verplanken B. The automatic component of habit in health behavior: habit as cue-contingent automaticity. Health Psychol. 2010 Jul;29(4):374-83. doi: 10.1037/a0019596."
              },{
                "ReferencePMID":"21929476",
                "ReferenceType":"background",
                "ReferenceCitation":"Ajzen I. The theory of planned behaviour: reactions and reflections. Psychol Health. 2011 Sep;26(9):1113-27. doi: 10.1080/08870446.2011.613995."
              },{
                "ReferencePMID":"16480553",
                "ReferenceType":"background",
                "ReferenceCitation":"Sniehotta FF, Scholz U, Schwarzer R. Action plans and coping plans for physical exercise: A longitudinal intervention study in cardiac rehabilitation. Br J Health Psychol. 2006 Feb;11(Pt 1):23-37."
              },{
                "ReferencePMID":"30927357",
                "ReferenceType":"background",
                "ReferenceCitation":"Perski O, Blandford A, Garnett C, Crane D, West R, Michie S. A self-report measure of engagement with digital behavior change interventions (DBCIs): development and psychometric evaluation of the \"DBCI Engagement Scale\". Transl Behav Med. 2020 Feb 3;10(1):267-277. doi: 10.1093/tbm/ibz039."
              },{
                "ReferencePMID":"2762479",
                "ReferenceType":"background",
                "ReferenceCitation":"Schmidt J, Lamprecht F, Wittmann WW. [Satisfaction with inpatient management. Development of a questionnaire and initial validity studies]. Psychother Psychosom Med Psychol. 1989 Jul;39(7):248-55. German."
              },{
                "ReferencePMID":"17447868",
                "ReferenceType":"background",
                "ReferenceCitation":"Schwarzer R, Schuz B, Ziegelmann JP, Lippke S, Luszczynska A, Scholz U. Adoption and maintenance of four health behaviors: theory-guided longitudinal studies on dental flossing, seat belt use, dietary behavior, and physical activity. Ann Behav Med. 2007 Apr;33(2):156-66."
              },{
                "ReferenceType":"background",
                "ReferenceCitation":"Braun, V., & Clarke, V. (2006). Using thematic analysis in psychology. Qualitative research in psychology, 3(2), 77-101."
              },{
                "ReferencePMID":"17695343",
                "ReferenceType":"background",
                "ReferenceCitation":"Faul F, Erdfelder E, Lang AG, Buchner A. G*Power 3: a flexible statistical power analysis program for the social, behavioral, and biomedical sciences. Behav Res Methods. 2007 May;39(2):175-91."
              }
            ]
          }
        },
        "IPDSharingStatementModule":{
          "IPDSharing":"Yes"
        }
      },
      "DerivedSection":{
        "MiscInfoModule":{
          "VersionHolder":"April 19, 2021"
        }
      }
    }
  }
}

