{
  "FullStudy":{
    "Rank":1305,
    "Study":{
      "ProtocolSection":{
        "IdentificationModule":{
          "NCTId":"NCT04832984",
          "OrgStudyIdInfo":{
            "OrgStudyId":"PRIME"
          },
          "Organization":{
            "OrgFullName":"Monash University",
            "OrgClass":"OTHER"
          },
          "BriefTitle":"Prevention and Treatment of Diabetes in Adults",
          "OfficialTitle":"Addressing Disparity in Diabetes Prevention Through Digital Health Supported PRe-diabetes Intervention, Management and Evaluation (PRIME) Program Based in Malaysian Community Pharmacies"
        },
        "StatusModule":{
          "StatusVerifiedDate":"April 2021",
          "OverallStatus":"Not yet recruiting",
          "ExpandedAccessInfo":{
            "HasExpandedAccess":"No"
          },
          "StartDateStruct":{
            "StartDate":"June 1, 2021",
            "StartDateType":"Anticipated"
          },
          "PrimaryCompletionDateStruct":{
            "PrimaryCompletionDate":"December 31, 2022",
            "PrimaryCompletionDateType":"Anticipated"
          },
          "CompletionDateStruct":{
            "CompletionDate":"December 31, 2023",
            "CompletionDateType":"Anticipated"
          },
          "StudyFirstSubmitDate":"April 3, 2021",
          "StudyFirstSubmitQCDate":"April 3, 2021",
          "StudyFirstPostDateStruct":{
            "StudyFirstPostDate":"April 6, 2021",
            "StudyFirstPostDateType":"Actual"
          },
          "LastUpdateSubmitDate":"April 5, 2021",
          "LastUpdatePostDateStruct":{
            "LastUpdatePostDate":"April 8, 2021",
            "LastUpdatePostDateType":"Actual"
          }
        },
        "SponsorCollaboratorsModule":{
          "ResponsibleParty":{
            "ResponsiblePartyType":"Principal Investigator",
            "ResponsiblePartyInvestigatorFullName":"Shaun Lee Wen Huey",
            "ResponsiblePartyInvestigatorTitle":"Associate Professor",
            "ResponsiblePartyInvestigatorAffiliation":"Monash University Malaysia"
          },
          "LeadSponsor":{
            "LeadSponsorName":"Monash University",
            "LeadSponsorClass":"OTHER"
          },
          "CollaboratorList":{
            "Collaborator":[
              {
                "CollaboratorName":"Caring Pharmacy",
                "CollaboratorClass":"UNKNOWN"
              },{
                "CollaboratorName":"Bionime Corporation",
                "CollaboratorClass":"INDUSTRY"
              },{
                "CollaboratorName":"Tigas Pharma",
                "CollaboratorClass":"UNKNOWN"
              }
            ]
          }
        },
        "OversightModule":{
          "OversightHasDMC":"No",
          "IsFDARegulatedDrug":"No",
          "IsFDARegulatedDevice":"No"
        },
        "DescriptionModule":{
          "BriefSummary":"Currently, an estimated 3.9 million Malaysians continue to live with diabetes with many more who live with prediabetes. Diabetes was the one of the leading causes of death in the Malaysia and the leading cause for kidney failure, lower-limb amputations, and adult-onset blindness. Heart disease and stroke are two to four times more likely for individuals with diabetes. The use of mHealth or mobile health application can reduce blood sugar among individuals with prediabetes but also prevent a later occurrence of diabetes. In this study, the investigators aim to develop and evaluate the effectiveness of a digital health supported pre-diabetes management program based in an urban community pharmacy setting",
          "DetailedDescription":"Pre-diabetes is an intermediate state of hyperglycaemia with glycaemic parameters above normal but below the type 2 diabetes mellitus (T2DM) threshold. It was estimated that >25% of individuals who are pre-diabetic convert to T2DM within 3-5 years and 70% of individuals with pre-diabetes will develop into full-fledge T2DM within their lifetimes. According to the 2017 estimate, the disease burden of pre-diabetes at Western Pacific region was 7.6% (126.7 millions). The situation is more alarming in Malaysia where a national pre-diabetes prevalence of 22.1% was noted. Currently available support and self-care services offered in Public Hospitals such as the Diabetes Mellitus Treatment Adherence Clinics (DMTAC) are managed based on the in-person appointment basis. Most of the clinics are available only in specific locations. The need to travel long distance as well as long waiting hours has deterred the success of the programs. This is particularly true for the urban poor who are less likely to take time off from work than those from the higher income group. It is also noteworthy to state that the management program when available, generally target the diagnosed T2DM patients.\n\nStudies have shown that individuals with pre-diabetes can substantially reduce their risk of progression to T2DM via participation in evidence-based lifestyle change programs. Previous reports have recorded 54-58% reduction in risk for development to T2DM over 1-3 years with the protective benefit persisting up to 10 years following completion of the program. However, there are several considerations when implementing effective lifestyle intervention program among the pre-diabetes populations in Malaysia. The intervention program should easily be accessible and not confined to public primary and secondary healthcare centres which are already suffering from an overcapacity. Furthermore, consultation should be provided by properly trained healthcare professionals while the ease of communication between the patients and the \"lifestyle coach\" should be made available.\n\nThe advancement of information technology coupled with the increasing availability and acceptance of internet and mobile devices provide useful opportunities for application of wireless and mobile technology in order to enhance self-management of chronic conditions. The incorporation of digital technologies can improve patient adherence and facilitate real-time monitoring of vital biological measurements (i.e. via wearable). Additionally, the \"mobile health\" (mHealth) services are easily scalable, thus providing opportunities to a greater public accessibility and narrow the disparity in access to disease management. In this study, the investigators propose to pilot a digital health supported pre-diabetes management program based in an urban community pharmacy setting"
        },
        "ConditionsModule":{
          "ConditionList":{
            "Condition":[
              "PreDiabetes"
            ]
          },
          "KeywordList":{
            "Keyword":[
              "digital health",
              "mobile health",
              "lifestyle program"
            ]
          }
        },
        "DesignModule":{
          "StudyType":"Interventional",
          "PhaseList":{
            "Phase":[
              "Not Applicable"
            ]
          },
          "DesignInfo":{
            "DesignAllocation":"Randomized",
            "DesignInterventionModel":"Parallel Assignment",
            "DesignPrimaryPurpose":"Prevention",
            "DesignMaskingInfo":{
              "DesignMasking":"Double",
              "DesignMaskingDescription":"Cluster randomisation with blinding of statisticians",
              "DesignWhoMaskedList":{
                "DesignWhoMasked":[
                  "Participant",
                  "Outcomes Assessor"
                ]
              }
            }
          },
          "EnrollmentInfo":{
            "EnrollmentCount":"300",
            "EnrollmentType":"Anticipated"
          }
        },
        "ArmsInterventionsModule":{
          "ArmGroupList":{
            "ArmGroup":[
              {
                "ArmGroupLabel":"Intervention arm",
                "ArmGroupType":"Experimental",
                "ArmGroupDescription":"Participants receiving the phone app together with a fitness tracker. All participants will receive the educational curriculum over a period of 12 weeks and then the post-core curriculum for 12 weeks through the app. The mobile app allows secure patient monitoring through a participant dashboard that the coach can use to increase patient adherence and motivation to achieve goals. The participant can log their food intake, weight, steps, exercise, in addition to participating in the peer support, and regular care and follow up in community pharmacies for support.",
                "ArmGroupInterventionList":{
                  "ArmGroupInterventionName":[
                    "Behavioral: Mobile health"
                  ]
                }
              },{
                "ArmGroupLabel":"Usual care arm",
                "ArmGroupType":"Active Comparator",
                "ArmGroupDescription":"The control group will be a \"usual care\" condition in which participants are free to seek any assistance for their medical care during the study period plus a paper version of the educational curriculum.",
                "ArmGroupInterventionList":{
                  "ArmGroupInterventionName":[
                    "Behavioral: Usual care"
                  ]
                }
              }
            ]
          },
          "InterventionList":{
            "Intervention":[
              {
                "InterventionType":"Behavioral",
                "InterventionName":"Mobile health",
                "InterventionDescription":"Participants will be issued a fitness tracker, Bluetooth enabled glucometer with a custom developed app which they can communicate digitally to the study investigators either as a group or individually. During the first week of the study, participants will be taught on how to use the program, how to interact with their coach, and the importance of maintaining motivation throughout the program. Participants will have access to a pharmacist-participant messaging, group messaging, daily challenges for behavior change, education articles (weekly bite-sized content over 24 weeks), food logging, steps and exercise logging, and feedback. They will be asked to log their weight, meals, and physical activity within the program on a weekly basis. Pharmacist will monitor participant progress through a web-based dashboard. Community pharmacist will be assisting users in setting specific, measurable, attainable, realistic, and time-based goals on a weekly basis.",
                "InterventionArmGroupLabelList":{
                  "InterventionArmGroupLabel":[
                    "Intervention arm"
                  ]
                }
              },{
                "InterventionType":"Behavioral",
                "InterventionName":"Usual care",
                "InterventionDescription":"Participants will be issued a fitness tracker and Bluetooth enabled glucometer but these functions will not be enabled or linked to any app..All participants will be sent paper version of educational materials but will not have access to a personal coaching but will be able to contact the pharmacist if needed",
                "InterventionArmGroupLabelList":{
                  "InterventionArmGroupLabel":[
                    "Usual care arm"
                  ]
                }
              }
            ]
          }
        },
        "OutcomesModule":{
          "PrimaryOutcomeList":{
            "PrimaryOutcome":[
              {
                "PrimaryOutcomeMeasure":"Change in body weight",
                "PrimaryOutcomeDescription":"Weight Loss by % of change and total weight change (kg)",
                "PrimaryOutcomeTimeFrame":"Baseline, 6 months, 12 months"
              }
            ]
          },
          "SecondaryOutcomeList":{
            "SecondaryOutcome":[
              {
                "SecondaryOutcomeMeasure":"Incidence of diabetes",
                "SecondaryOutcomeDescription":"Number of participants who develop diabetes after 12 months",
                "SecondaryOutcomeTimeFrame":"12 months"
              },{
                "SecondaryOutcomeMeasure":"Change in hemoglobin A1c",
                "SecondaryOutcomeDescription":"Haemoglobin A1c measured during follow-up appointments",
                "SecondaryOutcomeTimeFrame":"Baseline; 6 months; 12 months"
              },{
                "SecondaryOutcomeMeasure":"Change in health related quality of life",
                "SecondaryOutcomeDescription":"EuroQol (EQ-5D-5L) to assess quality of life, with higher scores indicating better quality of life",
                "SecondaryOutcomeTimeFrame":"Baseline; 6 months; 12 months"
              },{
                "SecondaryOutcomeMeasure":"Change in dietary practice",
                "SecondaryOutcomeDescription":"Food Frequency Questionnaire (FFQ) will be used to assess dietary fat and fibre intake",
                "SecondaryOutcomeTimeFrame":"Baseline; 6 months; 12 months"
              },{
                "SecondaryOutcomeMeasure":"Change in physical activity",
                "SecondaryOutcomeDescription":"Physical Activity Questionnaire (short form) (IPAQ) to obtain internationally comparable data on health-related physical activity",
                "SecondaryOutcomeTimeFrame":"Baseline; 6 months; 12 months"
              }
            ]
          }
        },
        "EligibilityModule":{
          "EligibilityCriteria":"Inclusion Criteria:\n\nHigh risk of developing diabetes according to a validated practice risk tool\nAged 18 years and above\n\nExclusion Criteria:\n\nUnable to give informed consent\nPregnant or lactating\nEstablished diabetes\nTerminal illness\nDoes not own a mobile phone\nPlans to relocate to an area or travel plans that do not permit full participation in the study",
          "HealthyVolunteers":"No",
          "Gender":"All",
          "MinimumAge":"18 Years",
          "MaximumAge":"99 Years",
          "StdAgeList":{
            "StdAge":[
              "Adult",
              "Older Adult"
            ]
          }
        },
        "ContactsLocationsModule":{
          "CentralContactList":{
            "CentralContact":[
              {
                "CentralContactName":"Chun Wie Chong, PhD",
                "CentralContactRole":"Contact",
                "CentralContactPhone":"0355146688",
                "CentralContactEMail":"chong.chun.wie@monash.edu"
              },{
                "CentralContactName":"Shaun Lee, PhD",
                "CentralContactRole":"Contact",
                "CentralContactPhone":"0355145890",
                "CentralContactEMail":"shaun.lee@monash.edu"
              }
            ]
          },
          "OverallOfficialList":{
            "OverallOfficial":[
              {
                "OverallOfficialName":"Shaun Lee",
                "OverallOfficialAffiliation":"Monash University Malaysia",
                "OverallOfficialRole":"Principal Investigator"
              },{
                "OverallOfficialName":"Chun Wie Chong",
                "OverallOfficialAffiliation":"Monash University Malaysia",
                "OverallOfficialRole":"Principal Investigator"
              }
            ]
          },
          "LocationList":{
            "Location":[
              {
                "LocationFacility":"Shaun Lee",
                "LocationCity":"Subang Jaya",
                "LocationState":"Selangor",
                "LocationZip":"47500",
                "LocationCountry":"Malaysia"
              }
            ]
          }
        },
        "IPDSharingStatementModule":{
          "IPDSharing":"Undecided",
          "IPDSharingDescription":"We plan to share any related individual participant data within reasonable request which can be obtained from the principal investigators"
        }
      },
      "DerivedSection":{
        "MiscInfoModule":{
          "VersionHolder":"April 19, 2021"
        },
        "ConditionBrowseModule":{
          "ConditionMeshList":{
            "ConditionMesh":[
              {
                "ConditionMeshId":"D000011236",
                "ConditionMeshTerm":"Prediabetic State"
              }
            ]
          },
          "ConditionAncestorList":{
            "ConditionAncestor":[
              {
                "ConditionAncestorId":"D000003920",
                "ConditionAncestorTerm":"Diabetes Mellitus"
              },{
                "ConditionAncestorId":"D000044882",
                "ConditionAncestorTerm":"Glucose Metabolism Disorders"
              },{
                "ConditionAncestorId":"D000008659",
                "ConditionAncestorTerm":"Metabolic Diseases"
              },{
                "ConditionAncestorId":"D000004700",
                "ConditionAncestorTerm":"Endocrine System Diseases"
              }
            ]
          },
          "ConditionBrowseLeafList":{
            "ConditionBrowseLeaf":[
              {
                "ConditionBrowseLeafId":"M5698",
                "ConditionBrowseLeafName":"Diabetes Mellitus",
                "ConditionBrowseLeafRelevance":"low"
              },{
                "ConditionBrowseLeafId":"M12700",
                "ConditionBrowseLeafName":"Prediabetic State",
                "ConditionBrowseLeafAsFound":"Prediabetes",
                "ConditionBrowseLeafRelevance":"high"
              },{
                "ConditionBrowseLeafId":"M18878",
                "ConditionBrowseLeafName":"Glucose Intolerance",
                "ConditionBrowseLeafRelevance":"low"
              },{
                "ConditionBrowseLeafId":"M10222",
                "ConditionBrowseLeafName":"Metabolic Diseases",
                "ConditionBrowseLeafRelevance":"low"
              },{
                "ConditionBrowseLeafId":"M23990",
                "ConditionBrowseLeafName":"Glucose Metabolism Disorders",
                "ConditionBrowseLeafRelevance":"low"
              },{
                "ConditionBrowseLeafId":"M6445",
                "ConditionBrowseLeafName":"Endocrine System Diseases",
                "ConditionBrowseLeafRelevance":"low"
              }
            ]
          },
          "ConditionBrowseBranchList":{
            "ConditionBrowseBranch":[
              {
                "ConditionBrowseBranchAbbrev":"BC18",
                "ConditionBrowseBranchName":"Nutritional and Metabolic Diseases"
              },{
                "ConditionBrowseBranchAbbrev":"BC19",
                "ConditionBrowseBranchName":"Gland and Hormone Related Diseases"
              },{
                "ConditionBrowseBranchAbbrev":"All",
                "ConditionBrowseBranchName":"All Conditions"
              }
            ]
          }
        }
      }
    }
  }
}

