{
  "FullStudy":{
    "Rank":1086,
    "Study":{
      "ProtocolSection":{
        "IdentificationModule":{
          "NCTId":"NCT04835831",
          "OrgStudyIdInfo":{
            "OrgStudyId":"20-AOI-04"
          },
          "Organization":{
            "OrgFullName":"Centre Hospitalier Universitaire de Nice",
            "OrgClass":"OTHER"
          },
          "BriefTitle":"Evaluation of the Efficacy and Adherence to an Adapted Physical Activity (APA) Program for Patients With NAFLD",
          "OfficialTitle":"Evaluation of the Efficacy and Adherence to an Adapted Physical Activity (APA) Program for Patients With NAFLD, a Randomized, Open-label, Bicentric Pilot Study (APA-NAFLD)",
          "Acronym":"APA-NAFLD"
        },
        "StatusModule":{
          "StatusVerifiedDate":"April 2021",
          "OverallStatus":"Not yet recruiting",
          "ExpandedAccessInfo":{
            "HasExpandedAccess":"No"
          },
          "StartDateStruct":{
            "StartDate":"May 2, 2021",
            "StartDateType":"Anticipated"
          },
          "PrimaryCompletionDateStruct":{
            "PrimaryCompletionDate":"April 2, 2023",
            "PrimaryCompletionDateType":"Anticipated"
          },
          "CompletionDateStruct":{
            "CompletionDate":"April 2, 2026",
            "CompletionDateType":"Anticipated"
          },
          "StudyFirstSubmitDate":"April 6, 2021",
          "StudyFirstSubmitQCDate":"April 6, 2021",
          "StudyFirstPostDateStruct":{
            "StudyFirstPostDate":"April 8, 2021",
            "StudyFirstPostDateType":"Actual"
          },
          "LastUpdateSubmitDate":"April 6, 2021",
          "LastUpdatePostDateStruct":{
            "LastUpdatePostDate":"April 8, 2021",
            "LastUpdatePostDateType":"Actual"
          }
        },
        "SponsorCollaboratorsModule":{
          "ResponsibleParty":{
            "ResponsiblePartyType":"Sponsor"
          },
          "LeadSponsor":{
            "LeadSponsorName":"Centre Hospitalier Universitaire de Nice",
            "LeadSponsorClass":"OTHER"
          }
        },
        "OversightModule":{
          "IsFDARegulatedDrug":"No",
          "IsFDARegulatedDevice":"No"
        },
        "DescriptionModule":{
          "BriefSummary":"Non-Alcoholic Fatty liver Disease (NAFLD) is a Public Health problem. NAFLD affects nearly 25% of the world's population. NAFLD includes hepatic complications related to insulin resistance and metabolic inflammation. NAFLD is in fact a continuum of liver abnormalities that progresses from pure steatosis, to Non-Alcoholic Steato-Hepatitis-NASH, then to hepatic fibrosis, cirrhosis and even the appearance of primary liver cancer (hepatocellular carcinoma). Although many drugs are being tested for advanced forms of NAFLD, steatohepatitis (NASH) with fibrosis and post-NAFLD cirrhosis, there are currently no drugs with marketing authorization. Excessive and unbalanced dietary intake, excessive physical inactivity and lack of regular physical activity are major contributors to the development of NAFLD. It is therefore logical that the preventive and curative treatment of NAFLD is based on hygienic and dietary measures. Physical exercise alone in patients with NAFLD has been shown to improve liver steatosis even in the absence of weight loss. Proof of concept of the improvement in hepatic steatosis has been shown to be achieved by physical activity, whether or not associated with dietary management. More recently, APA (Adapted Physical Activity) is thus seen as a new modality of care that will become central to the prevention and treatment of NAFLD. The aim of this work is to evaluate the decrease in hepatic steatosis by continuous CAP® and parameters evaluating non-invasive inflammation and hepatic fibrosis in patients with NAFLD subjected to the application of personalized dietary measures without or with the performance of personalized and reproducible physical activity via the prescription of adapted physical activity. The evaluation will be carried out initially, at the end of the operation and 6 months after the end of the operation in order to look for a persistent effect of the modification in lifestyle.",
          "DetailedDescription":"Non-Alcoholic Fatty Liver Disease (NAFLD) affects nearly 25% of the world's population and can lead to cirrhosis and hepatocellular carcinoma . Exercise alone in patients with NAFLD has been shown to improve hepatic steatosis. Since 2017, adapted physical activity (APA) has been a medical prescription by the referring physician in France. APA is thus expected to be a new treatment modality that will become central to the prevention and treatment of NAFLD.\n\nThe reference examination for the non-invasive quantification of liver steatosis was the Spectro Magnetic Resonance Imaging (MRI) however this technique is expensive and until now reserved for research in highly specialized centers. More recently, the analysis of the MRI signal by a magnetic resonance imaging-derived proton density fat fraction (MRI-PDFF) sequence acquired during the performance of a classical MRI scan has been validated as a new, reliable technique that is easier to use routinely than Spectro MRI. However, different technical variants currently not standardized for the quantification of steatosis by PDFF MRI exist. MRI is not widely available and must be performed in a competent and expert center. In contrast, the quantification of steatosis by ultrasound using the classical \"Controlled Attenuation Parameter\" (CAP®) is available thanks to a FibroScan, which is widely distributed over France. Even if the quantification of steatosis is better by PDFF MRI than by the classical CAP®, the quantification of steatosis by the classical CAP® is well correlated with the hepatic histology.\n\nIn addition, several studies have found a decrease in classical CAP® when applying non-drug or drug therapies to lose weight and/or improve insulin resistance in patients with NAFLD. Very recently, Echosens has developed a new technique -the continuous CAP- to improve the reliability of the classical CAP® in the evaluation of steatosis [Audiere et al. ILC 2020]. Continuous CAP® is no longer based on 10 but on 200 measurements of hepatic steatosis. This new measurement technique reduces the variability of the measurement of liver steatosis quantification by 42%.\n\nThe aim of this work is to evaluate the decrease in hepatic steatosis by continuous CAP® and parameters evaluating non-invasively inflammation and hepatic fibrosis in patients with NAFLD subjected to the application of personalized dietary measures without or with the performance of personalized and reproducible physical activity via the prescription of an adapted physical activity. The evaluation will be carried out initially, at the end of the APA program and 24 weeks after the end of the APA program in order to look for a persistent effect of the modification in lifestyle."
        },
        "ConditionsModule":{
          "ConditionList":{
            "Condition":[
              "Non-Alcoholic Fatty Liver Disease (NAFLD"
            ]
          }
        },
        "DesignModule":{
          "StudyType":"Interventional",
          "PhaseList":{
            "Phase":[
              "Not Applicable"
            ]
          },
          "DesignInfo":{
            "DesignAllocation":"Randomized",
            "DesignInterventionModel":"Parallel Assignment",
            "DesignPrimaryPurpose":"Treatment",
            "DesignMaskingInfo":{
              "DesignMasking":"None (Open Label)"
            }
          },
          "EnrollmentInfo":{
            "EnrollmentCount":"105",
            "EnrollmentType":"Anticipated"
          }
        },
        "ArmsInterventionsModule":{
          "ArmGroupList":{
            "ArmGroup":[
              {
                "ArmGroupLabel":"adapted physical activity + Dietetic advice",
                "ArmGroupType":"Experimental",
                "ArmGroupInterventionList":{
                  "ArmGroupInterventionName":[
                    "Other: adapted physical activity + Dietetic advice"
                  ]
                }
              },{
                "ArmGroupLabel":"Dietetic advice only",
                "ArmGroupType":"No Intervention"
              }
            ]
          },
          "InterventionList":{
            "Intervention":[
              {
                "InterventionType":"Other",
                "InterventionName":"adapted physical activity + Dietetic advice",
                "InterventionDescription":"adapted physical activity during 24 weeks",
                "InterventionArmGroupLabelList":{
                  "InterventionArmGroupLabel":[
                    "adapted physical activity + Dietetic advice"
                  ]
                }
              }
            ]
          }
        },
        "OutcomesModule":{
          "PrimaryOutcomeList":{
            "PrimaryOutcome":[
              {
                "PrimaryOutcomeMeasure":"Continuous CAP decreased by 10%",
                "PrimaryOutcomeDescription":"evaluate the decrease in hepatic steatosis by continuous CAP®",
                "PrimaryOutcomeTimeFrame":"evaluated at day 0"
              },{
                "PrimaryOutcomeMeasure":"Continuous CAP decreased by 10%",
                "PrimaryOutcomeDescription":"evaluate the decrease in hepatic steatosis by continuous CAP®",
                "PrimaryOutcomeTimeFrame":"evaluated after the 12 weeks"
              }
            ]
          },
          "SecondaryOutcomeList":{
            "SecondaryOutcome":[
              {
                "SecondaryOutcomeMeasure":"Anthropometric parameters",
                "SecondaryOutcomeDescription":"assessment of weight",
                "SecondaryOutcomeTimeFrame":"evaluated at day 0"
              },{
                "SecondaryOutcomeMeasure":"Anthropometric parameters",
                "SecondaryOutcomeDescription":"assessment of weight",
                "SecondaryOutcomeTimeFrame":"evaluated after the 12 weeks"
              },{
                "SecondaryOutcomeMeasure":"Muscular performance",
                "SecondaryOutcomeDescription":"assement with 6-minute walk test",
                "SecondaryOutcomeTimeFrame":"evaluated at day 0"
              },{
                "SecondaryOutcomeMeasure":"Muscular performance",
                "SecondaryOutcomeDescription":"assement with 6-minute walk test",
                "SecondaryOutcomeTimeFrame":"evaluated after the 12 weeks"
              },{
                "SecondaryOutcomeMeasure":"Muscular performance",
                "SecondaryOutcomeDescription":"assement with 6-minute walk test",
                "SecondaryOutcomeTimeFrame":"evaluated after the 24 weeks"
              },{
                "SecondaryOutcomeMeasure":"Muscular performance",
                "SecondaryOutcomeDescription":"assement with 6-minute walk test",
                "SecondaryOutcomeTimeFrame":"evaluated after the 48 weeks"
              },{
                "SecondaryOutcomeMeasure":"questionnaire: Short Form 36 Health Survey [SF36].",
                "SecondaryOutcomeDescription":"assessment between 0 to 100",
                "SecondaryOutcomeTimeFrame":"evaluated at day 0"
              },{
                "SecondaryOutcomeMeasure":"questionnaire: Short Form 36 Health Survey [SF36].",
                "SecondaryOutcomeDescription":"assessment between 0 to 100",
                "SecondaryOutcomeTimeFrame":"evaluated after the 24 weeks"
              },{
                "SecondaryOutcomeMeasure":"questionnaire: Short Form 36 Health Survey [SF36].",
                "SecondaryOutcomeDescription":"assessment between 0 to 100",
                "SecondaryOutcomeTimeFrame":"evaluated after the 48 weeks"
              }
            ]
          }
        },
        "EligibilityModule":{
          "EligibilityCriteria":"Inclusion Criteria:\n\nPatient aged 18 and over\nAffiliated with social security\nSignature of informed consent\nDiagnosis of NAFLD characterized by the presence of ultrasound steatosis, with a diagnosis made by a physician after a clinical and paraclinical examination as is usually done in routine care and having eliminated another cause of chronic liver disease.\nEffective contraception system for women of childbearing age, a urine pregnancy test will be offered to these women as part of the assessment of the screening visit.\n\nExclusion Criteria:\n\nPatient under legal protection\nRefusal to participate in the study\nAlcohol consumption ≥ 30 g/d for men or ≥ 20 g/d for women\nPresence of chronic liver disease from causes other than NAFLDs\nInability to obtain 10 valid measurements when performing a FibroScan liver elasticity measurement or continuous CAP® steatosis assessment during initial evaluation.\nFibroScan ≥ 20 kPa at initial assessment\nPresence or history of advanced chronic liver disease (cirrhosis) decompensated (Child A6, B or C).\nKnown history of a complication related to portal hypertension (including digestive haemorrhage related to portal hypertension, ascites or pleural effusion of cirrhotic cirrhosis, port-pulmonary hypertension).\nNotion of type 2 diabetes unbalanced with an HbA1c ≥ 9%, less than 3 months (measurement of HbA1c is not required before signing the consent form).\nPlatelets < 150000/mm3, within the previous 6 months.\nType 1 diabetes\nWeight loss ≥ 10% of usual body weight, in the 6 months prior to inclusion\nIntroduction or dose modification of a GLP1 or orlistat agonist treatment < 1 year\nPractice of regular and/or intense physical activity, weekly (more than 3 hours per week)\nPatients with solid organ or bone marrow transplants\nPatient participating in another study evaluating a therapy to improve non-alcoholic fatty liver disease (NAFLD)\n\nContraindication to carrying out APA:\n\nAbsolute contraindication criteria:\n\nAny unstable pathology affecting a vital organ in particular cardiovascular or pulmonary. Unstable means any situation in which the absence of urgent therapeutic intervention could lead to the death of the patient.\n\no Contraindication to physical activity Unstable acute coronary syndrome Decompensated heart failure Severe, uncontrolled ventricular rhythm disturbances Presence of an intracardiac thrombus with high embolic risk Presence of a medium to large pericardial effusion Recent history (<6 months) of thrombophlebitis with or without pulmonary embolism Severe and/or symptomatic left ventricular ejection obstruction Any progressive inflammatory and/or infectious disease Severe pulmonary arterial hypertension",
          "HealthyVolunteers":"No",
          "Gender":"All",
          "MinimumAge":"18 Years",
          "MaximumAge":"90 Years",
          "StdAgeList":{
            "StdAge":[
              "Adult",
              "Older Adult"
            ]
          }
        },
        "ContactsLocationsModule":{
          "CentralContactList":{
            "CentralContact":[
              {
                "CentralContactName":"MARION Causeret",
                "CentralContactRole":"Contact",
                "CentralContactPhone":"0492034702",
                "CentralContactEMail":"causeret.m@chu-nice.fr"
              }
            ]
          },
          "OverallOfficialList":{
            "OverallOfficial":[
              {
                "OverallOfficialName":"ANTY Rodolphe",
                "OverallOfficialAffiliation":"Centre Hospitalier Universitaire de Nice",
                "OverallOfficialRole":"Principal Investigator"
              }
            ]
          }
        },
        "IPDSharingStatementModule":{
          "IPDSharing":"No"
        }
      },
      "DerivedSection":{
        "MiscInfoModule":{
          "VersionHolder":"April 19, 2021"
        },
        "ConditionBrowseModule":{
          "ConditionMeshList":{
            "ConditionMesh":[
              {
                "ConditionMeshId":"D000008107",
                "ConditionMeshTerm":"Liver Diseases"
              },{
                "ConditionMeshId":"D000005234",
                "ConditionMeshTerm":"Fatty Liver"
              },{
                "ConditionMeshId":"D000065626",
                "ConditionMeshTerm":"Non-alcoholic Fatty Liver Disease"
              }
            ]
          },
          "ConditionAncestorList":{
            "ConditionAncestor":[
              {
                "ConditionAncestorId":"D000004066",
                "ConditionAncestorTerm":"Digestive System Diseases"
              }
            ]
          },
          "ConditionBrowseLeafList":{
            "ConditionBrowseLeaf":[
              {
                "ConditionBrowseLeafId":"M6958",
                "ConditionBrowseLeafName":"Fatty Liver",
                "ConditionBrowseLeafAsFound":"Fatty Liver",
                "ConditionBrowseLeafRelevance":"high"
              },{
                "ConditionBrowseLeafId":"M29127",
                "ConditionBrowseLeafName":"Non-alcoholic Fatty Liver Disease",
                "ConditionBrowseLeafAsFound":"Non-alcoholic Fatty Liver Disease",
                "ConditionBrowseLeafRelevance":"high"
              },{
                "ConditionBrowseLeafId":"M9690",
                "ConditionBrowseLeafName":"Liver Diseases",
                "ConditionBrowseLeafAsFound":"Liver Disease",
                "ConditionBrowseLeafRelevance":"high"
              },{
                "ConditionBrowseLeafId":"M5838",
                "ConditionBrowseLeafName":"Digestive System Diseases",
                "ConditionBrowseLeafRelevance":"low"
              },{
                "ConditionBrowseLeafId":"M7466",
                "ConditionBrowseLeafName":"Gastrointestinal Diseases",
                "ConditionBrowseLeafRelevance":"low"
              },{
                "ConditionBrowseLeafId":"T5868",
                "ConditionBrowseLeafName":"Visceral Steatosis",
                "ConditionBrowseLeafRelevance":"low"
              }
            ]
          },
          "ConditionBrowseBranchList":{
            "ConditionBrowseBranch":[
              {
                "ConditionBrowseBranchAbbrev":"BC06",
                "ConditionBrowseBranchName":"Digestive System Diseases"
              },{
                "ConditionBrowseBranchAbbrev":"All",
                "ConditionBrowseBranchName":"All Conditions"
              },{
                "ConditionBrowseBranchAbbrev":"Rare",
                "ConditionBrowseBranchName":"Rare Diseases"
              }
            ]
          }
        }
      }
    }
  }
}

