{
  "FullStudy":{
    "Rank":803,
    "Study":{
      "ProtocolSection":{
        "IdentificationModule":{
          "NCTId":"NCT04839510",
          "OrgStudyIdInfo":{
            "OrgStudyId":"MRG002-006"
          },
          "Organization":{
            "OrgFullName":"Shanghai Miracogen Inc.",
            "OrgClass":"INDUSTRY"
          },
          "BriefTitle":"A Study of MRG002 in the Treatment of HER2-positive Unresectable Locally Advanced or Metastatic Urothelium Cancer",
          "OfficialTitle":"An Open-label, Single-arm, Multi-center, Phase II Clinical Study of MRG002 in the Treatment of Patients With HER2-positive Unresectable Locally Advanced or Metastatic Urothelium Cancer"
        },
        "StatusModule":{
          "StatusVerifiedDate":"April 2021",
          "OverallStatus":"Recruiting",
          "ExpandedAccessInfo":{
            "HasExpandedAccess":"No"
          },
          "StartDateStruct":{
            "StartDate":"April 2021",
            "StartDateType":"Anticipated"
          },
          "PrimaryCompletionDateStruct":{
            "PrimaryCompletionDate":"June 2022",
            "PrimaryCompletionDateType":"Anticipated"
          },
          "CompletionDateStruct":{
            "CompletionDate":"September 2022",
            "CompletionDateType":"Anticipated"
          },
          "StudyFirstSubmitDate":"April 6, 2021",
          "StudyFirstSubmitQCDate":"April 6, 2021",
          "StudyFirstPostDateStruct":{
            "StudyFirstPostDate":"April 9, 2021",
            "StudyFirstPostDateType":"Actual"
          },
          "LastUpdateSubmitDate":"April 12, 2021",
          "LastUpdatePostDateStruct":{
            "LastUpdatePostDate":"April 13, 2021",
            "LastUpdatePostDateType":"Actual"
          }
        },
        "SponsorCollaboratorsModule":{
          "ResponsibleParty":{
            "ResponsiblePartyType":"Sponsor"
          },
          "LeadSponsor":{
            "LeadSponsorName":"Shanghai Miracogen Inc.",
            "LeadSponsorClass":"INDUSTRY"
          }
        },
        "OversightModule":{
          "OversightHasDMC":"No",
          "IsFDARegulatedDrug":"No",
          "IsFDARegulatedDevice":"No"
        },
        "DescriptionModule":{
          "BriefSummary":"The objective of this study is to assess the safety, efficacy, pharmacokinetics, and immunogenicity of MRG002 as single agent in patients with HER2-positive unresectable locally advanced or metastatic urothelium cancer.",
          "DetailedDescription":"The study consists of two stages. In Phase IIa, approximately 25 subjects will be enrolled to evaluate the safety and preliminarily efficacy of MRG002. Based on the initial safety and efficacy data obtained from the Phase IIa, the study design of second stage Phase IIb single-arm study either will be continued or the trail will be terminated. If the Phase IIa data support the continuation of the study, in the second stage, approximately an additional 33 subjects will be enrolled to further evaluate the efficacy and safety of MRG002."
        },
        "ConditionsModule":{
          "ConditionList":{
            "Condition":[
              "Locally Advanced Urothelial Cancer",
              "Metastatic Urothelial Carcinoma"
            ]
          },
          "KeywordList":{
            "Keyword":[
              "MRG002",
              "Antibody Drug Conjugate (ADC)",
              "HER2",
              "Urothelium Cancer"
            ]
          }
        },
        "DesignModule":{
          "StudyType":"Interventional",
          "PhaseList":{
            "Phase":[
              "Phase 2"
            ]
          },
          "DesignInfo":{
            "DesignAllocation":"N/A",
            "DesignInterventionModel":"Single Group Assignment",
            "DesignPrimaryPurpose":"Treatment",
            "DesignMaskingInfo":{
              "DesignMasking":"None (Open Label)"
            }
          },
          "EnrollmentInfo":{
            "EnrollmentCount":"58",
            "EnrollmentType":"Anticipated"
          }
        },
        "ArmsInterventionsModule":{
          "ArmGroupList":{
            "ArmGroup":[
              {
                "ArmGroupLabel":"MRG002",
                "ArmGroupType":"Experimental",
                "ArmGroupDescription":"MRG002 will be administrated by an IV infusion of 2.6 mg/kg on Day 1 of every 3 weeks (21-day cycle).",
                "ArmGroupInterventionList":{
                  "ArmGroupInterventionName":[
                    "Drug: MRG002"
                  ]
                }
              }
            ]
          },
          "InterventionList":{
            "Intervention":[
              {
                "InterventionType":"Drug",
                "InterventionName":"MRG002",
                "InterventionDescription":"Administrated intravenously",
                "InterventionArmGroupLabelList":{
                  "InterventionArmGroupLabel":[
                    "MRG002"
                  ]
                }
              }
            ]
          }
        },
        "OutcomesModule":{
          "PrimaryOutcomeList":{
            "PrimaryOutcome":[
              {
                "PrimaryOutcomeMeasure":"Objective Response Rate (ORR) by Independent Review Committee (IRC)",
                "PrimaryOutcomeDescription":"ORR is defined as the percentage of patients with complete response (CR) and partial response (PR) as assessed by Independent Review Committee (IRC) according to RECIST v1.1.",
                "PrimaryOutcomeTimeFrame":"Baseline to study completion, up to 12 months"
              }
            ]
          },
          "SecondaryOutcomeList":{
            "SecondaryOutcome":[
              {
                "SecondaryOutcomeMeasure":"ORR by Investigator",
                "SecondaryOutcomeDescription":"ORR is defined as the percentage of patients with CR and PR as assessed by Investigator according to RECIST v1.1.",
                "SecondaryOutcomeTimeFrame":"Baseline to study completion, up to 12 months"
              },{
                "SecondaryOutcomeMeasure":"Duration of Response (DoR)",
                "SecondaryOutcomeDescription":"DOR is defined as the time from first documented objective response to the first onset of tumor progression or death of any cause.",
                "SecondaryOutcomeTimeFrame":"Baseline to study completion, up to 12 months"
              },{
                "SecondaryOutcomeMeasure":"Time to Response (TTR)",
                "SecondaryOutcomeDescription":"TTR is defined as the duration from the start of treatment to the first onset of CR or PR in tumor evaluation.",
                "SecondaryOutcomeTimeFrame":"Baseline to study completion, up to 12 months"
              },{
                "SecondaryOutcomeMeasure":"Disease Control Rate (DCR)",
                "SecondaryOutcomeDescription":"DCR is defined as the percentage of patients who achieve CR, PR, and stable disease (SD) after treatment.",
                "SecondaryOutcomeTimeFrame":"Baseline to study completion, up to 12 months"
              },{
                "SecondaryOutcomeMeasure":"Progression Free Survival (PFS)",
                "SecondaryOutcomeDescription":"PFS is defined as the duration from the start of treatment to the onset of tumor progression or death of any cause.",
                "SecondaryOutcomeTimeFrame":"Baseline to study completion, up to 12 months"
              },{
                "SecondaryOutcomeMeasure":"Overall Survival (OS)",
                "SecondaryOutcomeDescription":"OS is defined as the duration from the start of treatment to death of any cause.",
                "SecondaryOutcomeTimeFrame":"Baseline to study completion, up to 12 months"
              },{
                "SecondaryOutcomeMeasure":"Adverse Events (AEs)",
                "SecondaryOutcomeDescription":"Any reaction, side effect, or untoward event that occurs during the course of the clinical trial whether or not the event is considered related to the study drug.",
                "SecondaryOutcomeTimeFrame":"Baseline to 30 days after the last dose of study treatment"
              },{
                "SecondaryOutcomeMeasure":"Pharmacokinetics (PK) Parameter of MRG002: concentration-time curve",
                "SecondaryOutcomeDescription":"Concentration-time curve will be depicted based on pharmacokinetics concentration set (PKCS).",
                "SecondaryOutcomeTimeFrame":"Baseline to 30 days after the last dose of study treatment"
              },{
                "SecondaryOutcomeMeasure":"Incidence of anti-drug antibody (ADA)",
                "SecondaryOutcomeDescription":"The incidence of ADA analysis will be summarized for all patients who received at least one cycle study treatment.",
                "SecondaryOutcomeTimeFrame":"Baseline to 30 days after the last dose of study treatment"
              }
            ]
          }
        },
        "EligibilityModule":{
          "EligibilityCriteria":"Inclusion Criteria:\n\nWilling to sign the ICF and follow the requirements specified in the protocol.\nAged 18 to 75 (including 18 and 75), both genders.\nExpected survival time ≥ 12 weeks.\nPatients with unresectable locally advanced or metastatic urothelium cancer confirmed by histopathology.\nFailed in the prior one or more line of systemic chemotherapy.\nHER2 positive (IHC 3 + or IHC 2 +) in the tumor specimens confirmed by central laboratory test.\nArchival or biopsy tumor specimens should be provided (primary or metastatic).\nPatients must have measurable lesions according to the Response Evaluation Criteria in Solid Tumors (RECIST v1.1).\nECOG performance score 0 or 1.\nPrior anti-tumor treatment-related AEs (NCI CTCAE v5.0 Criteria) have recovered to ≤ Grade 1 (except alopecia, non-clinically significant or asymptomatic laboratory abnormalities).\nNo severe cardiac dysfunction with left ventricular ejection fraction (LVEF) ≥ 50%.\nOrgan function must meet the basic requirements.\nCoagulation function must meet the basic requirements.\nPatients of childbearing potential must take effective contraceptive measures during the treatment and for 6 months after the last dose of treatment.\n\nExclusion Criteria:\n\nHistory of hypersensitivity to any component of MRG002 or history of hypersensitivity of ≥ Grade 3 to trastuzumab.\nReceived radiotherapy, chemotherapy, biotherapy, immunotherapy, or other anti-tumor drugs within 4 weeks prior to the first dose MRG002 treatment.\nPatients with clinical symptoms such as pleural, abdominal or pericardial effusion requiring puncture drainage.\nPatients with central nervous system (CNS) metastasis and/or neoplastic meningitis.\nAny severe or uncontrolled systemic diseases.\nPatients with poorly controlled heart diseases.\nEvidence of active infections, including but not limited to Hepatitis B, Hepatitis C, or human immunodeficiency virus (HIV) infection.\nHistory of other primary malignancies.\nHistory of interstitial pneumonia, severe chronic obstructive pulmonary disease, severe pulmonary insufficiency, symptomatic bronchospasm, etc.\nPeripheral neuropathy greater than Grade 1.\nHistory of cirrhosis (decompensated cirrhosis Child-Pugh class B and C).\nPatients with active autoimmune disease or a history of autoimmune disease, who are using immunosuppressive agents, or systemic hormone therapy and still receiving within 2 weeks prior to enrollment.\nReceived anti-tumor vaccine treatment 4 weeks prior to the first dose or planning to participate in anti-tumor vaccine trials.\nFemale patents with a positive serum pregnancy test or who are breast-feeding or who do not agree to take adequate contraceptive measures during the treatment and for 6 months after the last dose of study treatment.\nOther conditions inappropriate for participation in this clinical trial, at the discretion of the investigator.",
          "HealthyVolunteers":"No",
          "Gender":"All",
          "MinimumAge":"18 Years",
          "MaximumAge":"75 Years",
          "StdAgeList":{
            "StdAge":[
              "Adult",
              "Older Adult"
            ]
          }
        },
        "ContactsLocationsModule":{
          "CentralContactList":{
            "CentralContact":[
              {
                "CentralContactName":"Program Director",
                "CentralContactRole":"Contact",
                "CentralContactPhone":"86-21-61637960",
                "CentralContactEMail":"clinicaltrials@miracogen.com.cn"
              }
            ]
          },
          "OverallOfficialList":{
            "OverallOfficial":[
              {
                "OverallOfficialName":"Aiping Zhou, MD",
                "OverallOfficialAffiliation":"Cancer Institute and Hospital, Chinese Academy of Medical Sciences",
                "OverallOfficialRole":"Principal Investigator"
              }
            ]
          },
          "LocationList":{
            "Location":[
              {
                "LocationFacility":"Cancer Hospital Chinese Academy of Medical Sciences",
                "LocationStatus":"Recruiting",
                "LocationCity":"Beijing",
                "LocationState":"Beijing",
                "LocationZip":"100000",
                "LocationCountry":"China",
                "LocationContactList":{
                  "LocationContact":[
                    {
                      "LocationContactName":"Aipingv Zhou, MD",
                      "LocationContactRole":"Contact",
                      "LocationContactPhone":"86-10-87788800",
                      "LocationContactEMail":"zhouap1825@126.com"
                    }
                  ]
                }
              }
            ]
          }
        },
        "IPDSharingStatementModule":{
          "IPDSharing":"No"
        }
      },
      "DerivedSection":{
        "MiscInfoModule":{
          "VersionHolder":"April 19, 2021"
        },
        "ConditionBrowseModule":{
          "ConditionMeshList":{
            "ConditionMesh":[
              {
                "ConditionMeshId":"D000002295",
                "ConditionMeshTerm":"Carcinoma, Transitional Cell"
              }
            ]
          },
          "ConditionAncestorList":{
            "ConditionAncestor":[
              {
                "ConditionAncestorId":"D000002277",
                "ConditionAncestorTerm":"Carcinoma"
              },{
                "ConditionAncestorId":"D000009375",
                "ConditionAncestorTerm":"Neoplasms, Glandular and Epithelial"
              },{
                "ConditionAncestorId":"D000009370",
                "ConditionAncestorTerm":"Neoplasms by Histologic Type"
              },{
                "ConditionAncestorId":"D000009369",
                "ConditionAncestorTerm":"Neoplasms"
              }
            ]
          },
          "ConditionBrowseLeafList":{
            "ConditionBrowseLeaf":[
              {
                "ConditionBrowseLeafId":"M4116",
                "ConditionBrowseLeafName":"Carcinoma",
                "ConditionBrowseLeafRelevance":"low"
              },{
                "ConditionBrowseLeafId":"M4133",
                "ConditionBrowseLeafName":"Carcinoma, Transitional Cell",
                "ConditionBrowseLeafAsFound":"Urothelial Carcinoma",
                "ConditionBrowseLeafRelevance":"high"
              },{
                "ConditionBrowseLeafId":"M10903",
                "ConditionBrowseLeafName":"Neoplasms, Glandular and Epithelial",
                "ConditionBrowseLeafRelevance":"low"
              },{
                "ConditionBrowseLeafId":"M10898",
                "ConditionBrowseLeafName":"Neoplasms by Histologic Type",
                "ConditionBrowseLeafRelevance":"low"
              },{
                "ConditionBrowseLeafId":"T5693",
                "ConditionBrowseLeafName":"Transitional Cell Carcinoma",
                "ConditionBrowseLeafAsFound":"Urothelial Carcinoma",
                "ConditionBrowseLeafRelevance":"high"
              }
            ]
          },
          "ConditionBrowseBranchList":{
            "ConditionBrowseBranch":[
              {
                "ConditionBrowseBranchAbbrev":"BC04",
                "ConditionBrowseBranchName":"Cancers and Other Neoplasms"
              },{
                "ConditionBrowseBranchAbbrev":"All",
                "ConditionBrowseBranchName":"All Conditions"
              },{
                "ConditionBrowseBranchAbbrev":"Rare",
                "ConditionBrowseBranchName":"Rare Diseases"
              }
            ]
          }
        },
        "InterventionBrowseModule":{
          "InterventionBrowseLeafList":{
            "InterventionBrowseLeaf":[
              {
                "InterventionBrowseLeafId":"M2806",
                "InterventionBrowseLeafName":"Antibodies",
                "InterventionBrowseLeafRelevance":"low"
              },{
                "InterventionBrowseLeafId":"M8767",
                "InterventionBrowseLeafName":"Immunoglobulins",
                "InterventionBrowseLeafRelevance":"low"
              }
            ]
          },
          "InterventionBrowseBranchList":{
            "InterventionBrowseBranch":[
              {
                "InterventionBrowseBranchAbbrev":"All",
                "InterventionBrowseBranchName":"All Drugs and Chemicals"
              }
            ]
          }
        }
      }
    }
  }
}

