{
  "FullStudy":{
    "Rank":1047,
    "Study":{
      "ProtocolSection":{
        "IdentificationModule":{
          "NCTId":"NCT04836338",
          "OrgStudyIdInfo":{
            "OrgStudyId":"GSX 1401"
          },
          "Organization":{
            "OrgFullName":"Verathon",
            "OrgClass":"INDUSTRY"
          },
          "BriefTitle":"GlideScope Spectrum Video Laryngoscope Blades and Stylet for Use in Neonate & Pre-Adolescent Populations",
          "OfficialTitle":"Assessment of the GlideScope Spectrum Video Laryngoscope Blades and Stylet for Use in Neonate & Pre-Adolescent Populations: Pilot Manikin Study"
        },
        "StatusModule":{
          "StatusVerifiedDate":"April 2021",
          "OverallStatus":"Completed",
          "ExpandedAccessInfo":{
            "HasExpandedAccess":"No"
          },
          "StartDateStruct":{
            "StartDate":"January 21, 2016",
            "StartDateType":"Actual"
          },
          "PrimaryCompletionDateStruct":{
            "PrimaryCompletionDate":"February 9, 2016",
            "PrimaryCompletionDateType":"Actual"
          },
          "CompletionDateStruct":{
            "CompletionDate":"October 1, 2020",
            "CompletionDateType":"Actual"
          },
          "StudyFirstSubmitDate":"December 18, 2020",
          "StudyFirstSubmitQCDate":"April 6, 2021",
          "StudyFirstPostDateStruct":{
            "StudyFirstPostDate":"April 8, 2021",
            "StudyFirstPostDateType":"Actual"
          },
          "LastUpdateSubmitDate":"April 6, 2021",
          "LastUpdatePostDateStruct":{
            "LastUpdatePostDate":"April 8, 2021",
            "LastUpdatePostDateType":"Actual"
          }
        },
        "SponsorCollaboratorsModule":{
          "ResponsibleParty":{
            "ResponsiblePartyType":"Sponsor"
          },
          "LeadSponsor":{
            "LeadSponsorName":"Verathon",
            "LeadSponsorClass":"INDUSTRY"
          },
          "CollaboratorList":{
            "Collaborator":[
              {
                "CollaboratorName":"University of Texas Southwestern Medical Center",
                "CollaboratorClass":"OTHER"
              }
            ]
          }
        },
        "OversightModule":{
          "IsFDARegulatedDrug":"No",
          "IsFDARegulatedDevice":"Yes"
        },
        "DescriptionModule":{
          "BriefSummary":"The overall purpose of this study is to assess the functionality & impact of the use of the newly designed GlideScope Spectrum pediatric video laryngoscope and stylet for the orotracheal intubation of neonates and pediatric patients, utilizing manikin models.",
          "DetailedDescription":"The overall purpose of this study is to assess the functionality & impact of the use of the newly designed GlideScope Spectrum pediatric video laryngoscope blades and stylet for the orotracheal intubation of neonates and pediatric patients, utilizing manikin models. The hypothesis is that the Spectrum laryngoscope blades and stylet can improve the time and/or success of orotracheal intubation in a manikin.\n\nSecondary aims of this study include assessing the impact of Spectrum pediatric video laryngoscope blades under simulated normal and difficult airway conditions on glottic view grade, mouth space, ease of blade insertion, ease of tracheal tube insertion, mechanisms of tracheal tube insertion impediment, and perceived overall clinical & functional usefulness in airways with predictors of difficult intubation."
        },
        "ConditionsModule":{
          "ConditionList":{
            "Condition":[
              "Pediatric ALL"
            ]
          }
        },
        "DesignModule":{
          "StudyType":"Observational",
          "PatientRegistry":"No",
          "DesignInfo":{
            "DesignObservationalModelList":{
              "DesignObservationalModel":[
                "Cohort"
              ]
            },
            "DesignTimePerspectiveList":{
              "DesignTimePerspective":[
                "Prospective"
              ]
            }
          },
          "EnrollmentInfo":{
            "EnrollmentCount":"50",
            "EnrollmentType":"Actual"
          }
        },
        "ArmsInterventionsModule":{
          "ArmGroupList":{
            "ArmGroup":[
              {
                "ArmGroupLabel":"Participants",
                "ArmGroupDescription":"Anesthesia and emergency medicine providers who perform pediatric orotracheal intubations",
                "ArmGroupInterventionList":{
                  "ArmGroupInterventionName":[
                    "Device: orotracheal intubation"
                  ]
                }
              }
            ]
          },
          "InterventionList":{
            "Intervention":[
              {
                "InterventionType":"Device",
                "InterventionName":"orotracheal intubation",
                "InterventionDescription":"orotracheal intubation",
                "InterventionArmGroupLabelList":{
                  "InterventionArmGroupLabel":[
                    "Participants"
                  ]
                }
              }
            ]
          }
        },
        "OutcomesModule":{
          "PrimaryOutcomeList":{
            "PrimaryOutcome":[
              {
                "PrimaryOutcomeMeasure":"Time to intubate",
                "PrimaryOutcomeDescription":"Time to intubate on each of 3 attempts per blade, on each manikin type.",
                "PrimaryOutcomeTimeFrame":"120 seconds - This is the maximum time allowed. After this time, it will be recorded as a failed attempt."
              },{
                "PrimaryOutcomeMeasure":"First pass success rate",
                "PrimaryOutcomeDescription":"First pass success rate on each of 3 attempts per blade, on each manikin type. First pass success (FPS) is defined as the ability to place a tracheal tube below a patient's vocal cords on the first attempt without removing the video laryngoscope from the patient's mouth.",
                "PrimaryOutcomeTimeFrame":"120 seconds - This is the maximum time allowed. After this time, it will be recorded as a failed attempt."
              },{
                "PrimaryOutcomeMeasure":"Overall performance and clinical utility using a 5-point Likert Scale",
                "PrimaryOutcomeDescription":"Overall performance and clinical utility of single-use pediatric stylet; Using a 5-point LIKERT SCALE, participants will grade the following statements with regards to the use of the single-use pediatric stylet\n\n= strongly disagree\n= disagree\n= neutral\n= agree\n\n= strongly agree\n\ne.g. - Participants will assign a number to the following statements:\n\nThe pediatric style was easy to insert into the mouth of the when used with normal neonate manikin\nThe pediatric style was easy to insert into the mouth of the when used with the difficult neonate manikin\nThe pediatric style was easy to insert into the mouth of the when used with normal pediatric manikin",
                "PrimaryOutcomeTimeFrame":"120 seconds - This is the maximum time allowed. After this time, it will be recorded as a failed attempt."
              }
            ]
          },
          "SecondaryOutcomeList":{
            "SecondaryOutcome":[
              {
                "SecondaryOutcomeMeasure":"Failed intubation attempt",
                "SecondaryOutcomeDescription":"The time taken for an intubation attempt that ultimately fails proper tube placement, or exceeds the allowed time for intubation under this protocol. Failed intubation attempt is defined as an attempt to intubate that does not result in tube placement, that is longer than 120 seconds, or results in a wrong placement of endotracheal tube (For example: Esophageal intubation, etc.).",
                "SecondaryOutcomeTimeFrame":"120 seconds - This is the maximum time allowed. After this time, it will be recorded as a failed attempt."
              },{
                "SecondaryOutcomeMeasure":"Intubation success on first attempt",
                "SecondaryOutcomeDescription":"Cumulative measure of intubation success on first attempt over 3 successive uses of the pediatric video laryngoscope, per blade, on each manikin type.",
                "SecondaryOutcomeTimeFrame":"120 seconds - This is the maximum time allowed. After this time, it will be recorded as a failed attempt."
              }
            ]
          },
          "OtherOutcomeList":{
            "OtherOutcome":[
              {
                "OtherOutcomeMeasure":"Glottic view grade",
                "OtherOutcomeDescription":"Glottic view grade on each of 3 attempts per blade, on each manikin type using the Cormack & Lehane grading scale:\n\nGrade 1 = Full view of vocal cords\nGrade 2a = Partial view of vocal cords\nGrade 2b = Only arytenoids/posterior part of vocal cords\nGrade 3 = Only epiglottis visible, no view of glottis or arytenoids\nGrade 4 = Neither glottis nor epiglottis visible",
                "OtherOutcomeTimeFrame":"120 seconds - This is the maximum time allowed. After this time, it will be recorded as a failed attempt."
              },{
                "OtherOutcomeMeasure":"Time to visualize glottis",
                "OtherOutcomeDescription":"Time to visualize the glottis on each of 3 attempts per blade, on each manikin type.",
                "OtherOutcomeTimeFrame":"120 seconds - This is the maximum time allowed. After this time, it will be recorded as a failed attempt."
              },{
                "OtherOutcomeMeasure":"Assessment of clinical utility and performance using a Lickert scale",
                "OtherOutcomeDescription":"Assessment of the clinical utility and performance of the pediatric blades using a 5-point Lickert scale, where 1 = strongly disagree, 2 = disagree, 3= neutral, 4 = agree, 5 = strongly agree.\n\nEase of the pediatric video laryngoscope blade insertion when attempting to insert the pediatric video laryngoscope blade into manikin's mouth for each blade type and manikin type.\nEase of tracheal intubation when attempting to pass a tracheal tube below manikin's vocal cords using each of the pediatric video laryngoscope blades on each manikin type.\nAssessment of the comfort of each blade handle during neonate/pediatric intubations.\nAssessment of the blade and cable connection during neonate/pediatric intubation with each blade type.\nAssessment of potential cable interference during neonate/pediatric intubation with each blade type.",
                "OtherOutcomeTimeFrame":"120 seconds - This is the maximum time allowed. After this time, it will be recorded as a failed attempt."
              },{
                "OtherOutcomeMeasure":"Observational description of features causing impediments",
                "OtherOutcomeDescription":"Participant self-reported observational description of potential features causing intubation impediments to tracheal tube insertion (e.g., tube hitting the epiglottis or tube hitting the arytenoid). Recorded by the study subject at the time of attempt at placing a tracheal tube below a patient's vocal cords using each of the pediatric video laryngoscope blades.",
                "OtherOutcomeTimeFrame":"120 seconds - This is the maximum time allowed. After this time, it will be recorded as a failed attempt."
              },{
                "OtherOutcomeMeasure":"Overall clinical usefulness",
                "OtherOutcomeDescription":"Recorded as excellent, good, fair, or inadequate by the study subject when using the pediatric video laryngoscope and stylet to place a tracheal tube below a patient's vocal cords.",
                "OtherOutcomeTimeFrame":"120 seconds - This is the maximum time allowed. After this time, it will be recorded as a failed attempt."
              },{
                "OtherOutcomeMeasure":"Overall satisfaction of operator",
                "OtherOutcomeDescription":"Recorded as excellent, good, fair, or inadequate by the study subject when using each of the pediatric video laryngoscope blades and stylet to place a tracheal tube below manikin's vocal cords.",
                "OtherOutcomeTimeFrame":"120 seconds - This is the maximum time allowed. After this time, it will be recorded as a failed attempt."
              }
            ]
          }
        },
        "EligibilityModule":{
          "EligibilityCriteria":"Inclusion Criteria:\n\nAnesthesia and emergency medicine providers who perform pediatric orotracheal intubations\nAble to give voluntary consent to participate in the study\nAre experienced with orotracheal intubation (> 50 times) using direct laryngoscopy or video laryngoscopy\n\nExclusion Criteria:\n\nVolunteers who are < 18 years of age\nVolunteers unable to read or understand English\nUnable to physically meet the demands of orotracheal intubation or those who have heart, wrist, or low back disease. Are not experienced with pediatric orotracheal intubations",
          "Gender":"All",
          "MinimumAge":"18 Years",
          "StdAgeList":{
            "StdAge":[
              "Adult",
              "Older Adult"
            ]
          },
          "StudyPopulation":"Clinicians, anesthesia, and emergency medicine providers who perform pediatric intubations. Participants will be recruited from Children's Medical Center, Dallas.",
          "SamplingMethod":"Non-Probability Sample"
        },
        "ContactsLocationsModule":{
          "OverallOfficialList":{
            "OverallOfficial":[
              {
                "OverallOfficialName":"Patrick Olomu, MD",
                "OverallOfficialAffiliation":"University of Texas Southwestern Medical Center",
                "OverallOfficialRole":"Principal Investigator"
              }
            ]
          },
          "LocationList":{
            "Location":[
              {
                "LocationFacility":"University of Texas Southwestern Medical Center",
                "LocationCity":"Dallas",
                "LocationState":"Texas",
                "LocationZip":"75235",
                "LocationCountry":"United States"
              }
            ]
          }
        }
      },
      "DerivedSection":{
        "MiscInfoModule":{
          "VersionHolder":"April 19, 2021"
        },
        "ConditionBrowseModule":{
          "ConditionBrowseLeafList":{
            "ConditionBrowseLeaf":[
              {
                "ConditionBrowseLeafId":"T1134",
                "ConditionBrowseLeafName":"Childhood Acute Lymphoblastic Leukemia",
                "ConditionBrowseLeafAsFound":"Pediatric ALL",
                "ConditionBrowseLeafRelevance":"high"
              }
            ]
          },
          "ConditionBrowseBranchList":{
            "ConditionBrowseBranch":[
              {
                "ConditionBrowseBranchAbbrev":"Rare",
                "ConditionBrowseBranchName":"Rare Diseases"
              },{
                "ConditionBrowseBranchAbbrev":"All",
                "ConditionBrowseBranchName":"All Conditions"
              }
            ]
          }
        },
        "InterventionBrowseModule":{
          "InterventionBrowseLeafList":{
            "InterventionBrowseLeaf":[
              {
                "InterventionBrowseLeafId":"M2688",
                "InterventionBrowseLeafName":"Anesthetics",
                "InterventionBrowseLeafRelevance":"low"
              }
            ]
          },
          "InterventionBrowseBranchList":{
            "InterventionBrowseBranch":[
              {
                "InterventionBrowseBranchAbbrev":"CNSDep",
                "InterventionBrowseBranchName":"Central Nervous System Depressants"
              },{
                "InterventionBrowseBranchAbbrev":"All",
                "InterventionBrowseBranchName":"All Drugs and Chemicals"
              }
            ]
          }
        }
      }
    }
  }
}

