{
  "FullStudy":{
    "Rank":1063,
    "Study":{
      "ProtocolSection":{
        "IdentificationModule":{
          "NCTId":"NCT04836130",
          "OrgStudyIdInfo":{
            "OrgStudyId":"Omfs 3.3.10"
          },
          "Organization":{
            "OrgFullName":"Cairo University",
            "OrgClass":"OTHER"
          },
          "BriefTitle":"Evaluation of The Accuracy of Zygomatico- Maxillary Complex (ZMC) Fractures Reduction Using Patient Specific Guide (PSG) Versus Conventional Technique",
          "OfficialTitle":"Evaluation of The Accuracy of Zygomatico- Maxillary Complex (ZMC) Fractures Reduction Using Patient Specific Guide (PSG) Versus Conventional Technique"
        },
        "StatusModule":{
          "StatusVerifiedDate":"April 2021",
          "OverallStatus":"Not yet recruiting",
          "ExpandedAccessInfo":{
            "HasExpandedAccess":"No"
          },
          "StartDateStruct":{
            "StartDate":"May 2021",
            "StartDateType":"Anticipated"
          },
          "PrimaryCompletionDateStruct":{
            "PrimaryCompletionDate":"May 2022",
            "PrimaryCompletionDateType":"Anticipated"
          },
          "CompletionDateStruct":{
            "CompletionDate":"June 2022",
            "CompletionDateType":"Anticipated"
          },
          "StudyFirstSubmitDate":"April 1, 2021",
          "StudyFirstSubmitQCDate":"April 5, 2021",
          "StudyFirstPostDateStruct":{
            "StudyFirstPostDate":"April 8, 2021",
            "StudyFirstPostDateType":"Actual"
          },
          "LastUpdateSubmitDate":"April 5, 2021",
          "LastUpdatePostDateStruct":{
            "LastUpdatePostDate":"April 8, 2021",
            "LastUpdatePostDateType":"Actual"
          }
        },
        "SponsorCollaboratorsModule":{
          "ResponsibleParty":{
            "ResponsiblePartyType":"Sponsor-Investigator",
            "ResponsiblePartyInvestigatorFullName":"Ahmed Morad",
            "ResponsiblePartyInvestigatorTitle":"lecturer assistant",
            "ResponsiblePartyInvestigatorAffiliation":"Cairo University"
          },
          "LeadSponsor":{
            "LeadSponsorName":"Ahmed Morad",
            "LeadSponsorClass":"OTHER"
          }
        },
        "OversightModule":{
          "IsFDARegulatedDrug":"No",
          "IsFDARegulatedDevice":"No"
        },
        "DescriptionModule":{
          "BriefSummary":"Evaluation of The Accuracy of Zygomatico- Maxillary Complex (ZMC) Fractures reduction Using Patient Specific Guide (PSG) Versus Conventional Technique"
        },
        "ConditionsModule":{
          "ConditionList":{
            "Condition":[
              "Zygomatic Fractures"
            ]
          }
        },
        "DesignModule":{
          "StudyType":"Interventional",
          "PhaseList":{
            "Phase":[
              "Not Applicable"
            ]
          },
          "DesignInfo":{
            "DesignAllocation":"Randomized",
            "DesignInterventionModel":"Parallel Assignment",
            "DesignPrimaryPurpose":"Treatment",
            "DesignMaskingInfo":{
              "DesignMasking":"Single",
              "DesignWhoMaskedList":{
                "DesignWhoMasked":[
                  "Participant"
                ]
              }
            }
          },
          "EnrollmentInfo":{
            "EnrollmentCount":"26",
            "EnrollmentType":"Anticipated"
          }
        },
        "ArmsInterventionsModule":{
          "ArmGroupList":{
            "ArmGroup":[
              {
                "ArmGroupLabel":"(ZMC) Fractures reduction Using Patient Specific Guide (PSG)",
                "ArmGroupType":"Active Comparator",
                "ArmGroupInterventionList":{
                  "ArmGroupInterventionName":[
                    "Procedure: patient specific guide"
                  ]
                }
              },{
                "ArmGroupLabel":"(ZMC) Fractures reduction Using Conventional Technique",
                "ArmGroupType":"Active Comparator",
                "ArmGroupInterventionList":{
                  "ArmGroupInterventionName":[
                    "Procedure: conventional technique"
                  ]
                }
              }
            ]
          },
          "InterventionList":{
            "Intervention":[
              {
                "InterventionType":"Procedure",
                "InterventionName":"patient specific guide",
                "InterventionDescription":"patient specific guide reduction",
                "InterventionArmGroupLabelList":{
                  "InterventionArmGroupLabel":[
                    "(ZMC) Fractures reduction Using Patient Specific Guide (PSG)"
                  ]
                }
              },{
                "InterventionType":"Procedure",
                "InterventionName":"conventional technique",
                "InterventionDescription":"conventional anatomical reduction",
                "InterventionArmGroupLabelList":{
                  "InterventionArmGroupLabel":[
                    "(ZMC) Fractures reduction Using Conventional Technique"
                  ]
                }
              }
            ]
          }
        },
        "OutcomesModule":{
          "PrimaryOutcomeList":{
            "PrimaryOutcome":[
              {
                "PrimaryOutcomeMeasure":"accuracy of reduction of the fractured zygoma ( facial asymetry )",
                "PrimaryOutcomeDescription":"assessed by ct",
                "PrimaryOutcomeTimeFrame":"up to 6 months"
              }
            ]
          },
          "SecondaryOutcomeList":{
            "SecondaryOutcome":[
              {
                "SecondaryOutcomeMeasure":"operation time",
                "SecondaryOutcomeDescription":"in hours",
                "SecondaryOutcomeTimeFrame":"up to 6 months"
              }
            ]
          }
        },
        "EligibilityModule":{
          "EligibilityCriteria":"Inclusion Criteria:\n\n• Zygomatic Fracture Type III, IV and V according to rowe and killey classification(13)\n\nAge (18-60 years)\nRecent fracture (less than 2 weeks)\n\nExclusion Criteria:\n\n• Zygomatic Fracture Type I, II and VI according to rowe and killey classification(13)\n\nMedical compromised patient\nPatient on radiotherapy\nBone disease",
          "HealthyVolunteers":"No",
          "Gender":"All",
          "MinimumAge":"18 Years",
          "MaximumAge":"60 Years",
          "StdAgeList":{
            "StdAge":[
              "Adult"
            ]
          }
        },
        "IPDSharingStatementModule":{
          "IPDSharing":"Undecided"
        }
      },
      "DerivedSection":{
        "MiscInfoModule":{
          "VersionHolder":"April 19, 2021"
        },
        "ConditionBrowseModule":{
          "ConditionMeshList":{
            "ConditionMesh":[
              {
                "ConditionMeshId":"D000015051",
                "ConditionMeshTerm":"Zygomatic Fractures"
              },{
                "ConditionMeshId":"D000050723",
                "ConditionMeshTerm":"Fractures, Bone"
              }
            ]
          },
          "ConditionAncestorList":{
            "ConditionAncestor":[
              {
                "ConditionAncestorId":"D000014947",
                "ConditionAncestorTerm":"Wounds and Injuries"
              },{
                "ConditionAncestorId":"D000008446",
                "ConditionAncestorTerm":"Maxillofacial Injuries"
              },{
                "ConditionAncestorId":"D000005151",
                "ConditionAncestorTerm":"Facial Injuries"
              },{
                "ConditionAncestorId":"D000006259",
                "ConditionAncestorTerm":"Craniocerebral Trauma"
              },{
                "ConditionAncestorId":"D000020196",
                "ConditionAncestorTerm":"Trauma, Nervous System"
              },{
                "ConditionAncestorId":"D000009422",
                "ConditionAncestorTerm":"Nervous System Diseases"
              },{
                "ConditionAncestorId":"D000012887",
                "ConditionAncestorTerm":"Skull Fractures"
              }
            ]
          },
          "ConditionBrowseLeafList":{
            "ConditionBrowseLeaf":[
              {
                "ConditionBrowseLeafId":"M24957",
                "ConditionBrowseLeafName":"Fractures, Bone",
                "ConditionBrowseLeafAsFound":"Fracture",
                "ConditionBrowseLeafRelevance":"high"
              },{
                "ConditionBrowseLeafId":"M16369",
                "ConditionBrowseLeafName":"Zygomatic Fractures",
                "ConditionBrowseLeafAsFound":"Zygomatic Fractures",
                "ConditionBrowseLeafRelevance":"high"
              },{
                "ConditionBrowseLeafId":"M16268",
                "ConditionBrowseLeafName":"Wounds and Injuries",
                "ConditionBrowseLeafRelevance":"low"
              },{
                "ConditionBrowseLeafId":"M10012",
                "ConditionBrowseLeafName":"Maxillofacial Injuries",
                "ConditionBrowseLeafRelevance":"low"
              },{
                "ConditionBrowseLeafId":"M19673",
                "ConditionBrowseLeafName":"Facies",
                "ConditionBrowseLeafRelevance":"low"
              },{
                "ConditionBrowseLeafId":"M6877",
                "ConditionBrowseLeafName":"Facial Injuries",
                "ConditionBrowseLeafRelevance":"low"
              },{
                "ConditionBrowseLeafId":"M7932",
                "ConditionBrowseLeafName":"Craniocerebral Trauma",
                "ConditionBrowseLeafRelevance":"low"
              },{
                "ConditionBrowseLeafId":"M20607",
                "ConditionBrowseLeafName":"Trauma, Nervous System",
                "ConditionBrowseLeafRelevance":"low"
              },{
                "ConditionBrowseLeafId":"M14273",
                "ConditionBrowseLeafName":"Skull Fractures",
                "ConditionBrowseLeafRelevance":"low"
              }
            ]
          },
          "ConditionBrowseBranchList":{
            "ConditionBrowseBranch":[
              {
                "ConditionBrowseBranchAbbrev":"BC26",
                "ConditionBrowseBranchName":"Wounds and Injuries"
              },{
                "ConditionBrowseBranchAbbrev":"All",
                "ConditionBrowseBranchName":"All Conditions"
              },{
                "ConditionBrowseBranchAbbrev":"BC10",
                "ConditionBrowseBranchName":"Nervous System Diseases"
              },{
                "ConditionBrowseBranchAbbrev":"BC23",
                "ConditionBrowseBranchName":"Symptoms and General Pathology"
              }
            ]
          }
        }
      }
    }
  }
}

