{
  "FullStudy":{
    "Rank":1424,
    "Study":{
      "ProtocolSection":{
        "IdentificationModule":{
          "NCTId":"NCT04831437",
          "OrgStudyIdInfo":{
            "OrgStudyId":"9711880002"
          },
          "Organization":{
            "OrgFullName":"Tehran University of Medical Sciences",
            "OrgClass":"OTHER"
          },
          "BriefTitle":"Clinical Response and Toxicity of Hypo-fractionated Chemoradiotherapy in Cervix Cancer",
          "OfficialTitle":"Comparison of Clinical Response and Toxicity of Hypo-fractionated Chemoradiation With Standard Treatment in Patients With Uterine Cervix Cancer"
        },
        "StatusModule":{
          "StatusVerifiedDate":"March 2021",
          "OverallStatus":"Not yet recruiting",
          "ExpandedAccessInfo":{
            "HasExpandedAccess":"No"
          },
          "StartDateStruct":{
            "StartDate":"April 2021",
            "StartDateType":"Anticipated"
          },
          "PrimaryCompletionDateStruct":{
            "PrimaryCompletionDate":"March 2023",
            "PrimaryCompletionDateType":"Anticipated"
          },
          "CompletionDateStruct":{
            "CompletionDate":"March 2028",
            "CompletionDateType":"Anticipated"
          },
          "StudyFirstSubmitDate":"April 2, 2021",
          "StudyFirstSubmitQCDate":"April 2, 2021",
          "StudyFirstPostDateStruct":{
            "StudyFirstPostDate":"April 5, 2021",
            "StudyFirstPostDateType":"Actual"
          },
          "LastUpdateSubmitDate":"April 2, 2021",
          "LastUpdatePostDateStruct":{
            "LastUpdatePostDate":"April 5, 2021",
            "LastUpdatePostDateType":"Actual"
          }
        },
        "SponsorCollaboratorsModule":{
          "ResponsibleParty":{
            "ResponsiblePartyType":"Sponsor"
          },
          "LeadSponsor":{
            "LeadSponsorName":"Tehran University of Medical Sciences",
            "LeadSponsorClass":"OTHER"
          }
        },
        "OversightModule":{
          "OversightHasDMC":"Yes",
          "IsFDARegulatedDrug":"No",
          "IsFDARegulatedDevice":"No"
        },
        "DescriptionModule":{
          "BriefSummary":"Uterine cervix cancer can be treated definitively with concurrent chemoradiation (external beam radiotherapy and chemotherapy) followed by high dose rate brachytherapy. Treatment duration can be shortened by increasing the dose per fraction of treatment which can reduce costs and patient exposure. The aim of our study is to determine the non-inferiority of hypofractionated radiotherapy compared with conventional treatment.",
          "DetailedDescription":"In this study we aim to determine if clinical response and toxicity of radiotherapy hypofractionation is non-inferior to the conventional treatment. We will enroll 60 eligible patients with cervical cancer stage IB to IIIC and randomly allocate them into the intervention (hypofractionation) group or the control (standard) groups. The patients in the intervention group will receive external beam radiotherapy(EBRT) to a total dose of 40 Gy in 15 fractions within 3 weeks concurrently with weekly chemotherapy with cisplatin 40mg/m2 (total of 3 cycles). Whereas, the control group will receive EBRT to a total dose of 45 Gy in 25 fractions within 5 weeks concurrently with weekly chemotherapy with cisplatin 40mg/m2 (total of 5 cycles). All patients from both groups will undergo high dose rate brachytherapy one week after completion of EBRT to a total dose of 28 Gy per 4 weekly sessions. Patients will be evaluated regarding early and late toxicities as described by Common Terminology Criteria for Adverse Events (CTCAE) version 5.0 at the completion of brachytherapy, and at 3 months, 6 months, and 3 years from completion of treatment. Also, clinical response will be evaluated through dynamic contrast enhanced pelvic MRI 3 months, 1 year, and 3 years after completion of brachytherapy."
        },
        "ConditionsModule":{
          "ConditionList":{
            "Condition":[
              "Cervix Uteri Cancer"
            ]
          },
          "KeywordList":{
            "Keyword":[
              "Hypofractionation",
              "Chemoradiation",
              "Brachytherapy"
            ]
          }
        },
        "DesignModule":{
          "StudyType":"Interventional",
          "PhaseList":{
            "Phase":[
              "Phase 2"
            ]
          },
          "DesignInfo":{
            "DesignAllocation":"Randomized",
            "DesignInterventionModel":"Parallel Assignment",
            "DesignPrimaryPurpose":"Treatment",
            "DesignMaskingInfo":{
              "DesignMasking":"None (Open Label)"
            }
          },
          "EnrollmentInfo":{
            "EnrollmentCount":"60",
            "EnrollmentType":"Anticipated"
          }
        },
        "ArmsInterventionsModule":{
          "ArmGroupList":{
            "ArmGroup":[
              {
                "ArmGroupLabel":"Hypofractionated",
                "ArmGroupType":"Experimental",
                "ArmGroupDescription":"EBRT 40Gy/15fr",
                "ArmGroupInterventionList":{
                  "ArmGroupInterventionName":[
                    "Radiation: Hypofractionated EBRT"
                  ]
                }
              },{
                "ArmGroupLabel":"Control Group",
                "ArmGroupType":"Active Comparator",
                "ArmGroupDescription":"EBRT 45Gy/ 25fr",
                "ArmGroupInterventionList":{
                  "ArmGroupInterventionName":[
                    "Radiation: Standard EBRT"
                  ]
                }
              }
            ]
          },
          "InterventionList":{
            "Intervention":[
              {
                "InterventionType":"Radiation",
                "InterventionName":"Hypofractionated EBRT",
                "InterventionDescription":"EBRT dose of 40Gy in 15 fractions over 3 weeks plus 3 weekly infusions of cisplatin 40mg/m2",
                "InterventionArmGroupLabelList":{
                  "InterventionArmGroupLabel":[
                    "Hypofractionated"
                  ]
                }
              },{
                "InterventionType":"Radiation",
                "InterventionName":"Standard EBRT",
                "InterventionDescription":"EBRT dose of 45Gy in 25 fractions over 5 weeks plus 5 weekly infusions of cisplatin 40mg/m2",
                "InterventionArmGroupLabelList":{
                  "InterventionArmGroupLabel":[
                    "Control Group"
                  ]
                }
              }
            ]
          }
        },
        "OutcomesModule":{
          "PrimaryOutcomeList":{
            "PrimaryOutcome":[
              {
                "PrimaryOutcomeMeasure":"Early toxicity",
                "PrimaryOutcomeDescription":"Early treatment-related toxicity within 3 months after completion of treatment as defined by CTCAE 5.0.",
                "PrimaryOutcomeTimeFrame":"3 months after completion of treatment"
              },{
                "PrimaryOutcomeMeasure":"Early response",
                "PrimaryOutcomeDescription":"Early response to treatment at 3 months after treatment completion based on dynamic contrast-enhanced pelvic MRI findings",
                "PrimaryOutcomeTimeFrame":"3 months after completion of treatment"
              }
            ]
          },
          "SecondaryOutcomeList":{
            "SecondaryOutcome":[
              {
                "SecondaryOutcomeMeasure":"Late toxicity",
                "SecondaryOutcomeDescription":"Late treatment-related toxicity within 1 and 3 years after completion of treatment as defined by CTCAE 5.0.",
                "SecondaryOutcomeTimeFrame":"1 and 3 years after completion of treatment"
              },{
                "SecondaryOutcomeMeasure":"Progression-free survival",
                "SecondaryOutcomeDescription":"Time from randomization to progression(based on MRI and physical examination), death, or last follow up; whichever that occurs first",
                "SecondaryOutcomeTimeFrame":"5 years"
              },{
                "SecondaryOutcomeMeasure":"Disease-specific survival",
                "SecondaryOutcomeDescription":"Time from randomization to death from cervical cancer or last follow-up; whichever that occurs first.",
                "SecondaryOutcomeTimeFrame":"5 years"
              },{
                "SecondaryOutcomeMeasure":"Overall survival",
                "SecondaryOutcomeDescription":"Time from randomization to death from any reason or last follow-up; whichever that occurs first.",
                "SecondaryOutcomeTimeFrame":"5 years"
              }
            ]
          }
        },
        "EligibilityModule":{
          "EligibilityCriteria":"Inclusion Criteria:\n\nPathology of squamous cell carcinoma (SCC), adenocarcinoma, adenosquamous carcinoma of uterine cervix- International Federation of Gynecology and Obstetrics (FIGO) stage IB, IIA, IIB, IIIA, IIIB (due to hydronephrosis without creatinine clearance compromise), IIIC1 (if less than 3 lymph nodes with size less than 3cm, and without involvement of common iliac chain)- Patient eligible for definitive chemoradiotherapy followed by brachytherapy\n\nExclusion Criteria:\n\nCreatinine clearance less than 30ml/min, any histology other than the above, requirement of paraaortic lymph node irradiation, inflammatory bowel disease, connective tissue disorders, previous pelvic radiotherapy, FIGO stage IA or IV, Eastern Cooperative Oncology Group (ECOG) performance status greater than 2, History of previous hysterectomy",
          "HealthyVolunteers":"Accepts Healthy Volunteers",
          "Gender":"Female",
          "MinimumAge":"18 Years",
          "MaximumAge":"85 Years",
          "StdAgeList":{
            "StdAge":[
              "Adult",
              "Older Adult"
            ]
          }
        },
        "ContactsLocationsModule":{
          "CentralContactList":{
            "CentralContact":[
              {
                "CentralContactName":"Kasra Kolahdouzan, M.D.",
                "CentralContactRole":"Contact",
                "CentralContactPhone":"+989144083785",
                "CentralContactEMail":"k-kolahdouzan@razi.tums.ac.ir"
              },{
                "CentralContactName":"Ebrahim Esmati, M.D.",
                "CentralContactRole":"Contact",
                "CentralContactPhone":"+989126880306",
                "CentralContactEMail":"eb_esmati@yahoo.com"
              }
            ]
          },
          "OverallOfficialList":{
            "OverallOfficial":[
              {
                "OverallOfficialName":"Afsaneh Maddah-Safaei, M.D.",
                "OverallOfficialAffiliation":"Tehran University of Medical Sciences",
                "OverallOfficialRole":"Principal Investigator"
              }
            ]
          },
          "LocationList":{
            "Location":[
              {
                "LocationFacility":"Imam Khomeini Hospital Complex",
                "LocationCity":"Tehran",
                "LocationZip":"1419733141",
                "LocationCountry":"Iran, Islamic Republic of",
                "LocationContactList":{
                  "LocationContact":[
                    {
                      "LocationContactName":"Kasra Kolahdouzan, M.D.",
                      "LocationContactRole":"Contact",
                      "LocationContactPhone":"+989144083785",
                      "LocationContactEMail":"k-kolahdouzan@razi.tums.ac.ir"
                    }
                  ]
                }
              }
            ]
          }
        },
        "IPDSharingStatementModule":{
          "IPDSharing":"No"
        }
      },
      "DerivedSection":{
        "MiscInfoModule":{
          "VersionHolder":"April 19, 2021"
        },
        "ConditionBrowseModule":{
          "ConditionMeshList":{
            "ConditionMesh":[
              {
                "ConditionMeshId":"D000002583",
                "ConditionMeshTerm":"Uterine Cervical Neoplasms"
              },{
                "ConditionMeshId":"D000014594",
                "ConditionMeshTerm":"Uterine Neoplasms"
              }
            ]
          },
          "ConditionAncestorList":{
            "ConditionAncestor":[
              {
                "ConditionAncestorId":"D000005833",
                "ConditionAncestorTerm":"Genital Neoplasms, Female"
              },{
                "ConditionAncestorId":"D000014565",
                "ConditionAncestorTerm":"Urogenital Neoplasms"
              },{
                "ConditionAncestorId":"D000009371",
                "ConditionAncestorTerm":"Neoplasms by Site"
              },{
                "ConditionAncestorId":"D000009369",
                "ConditionAncestorTerm":"Neoplasms"
              },{
                "ConditionAncestorId":"D000002577",
                "ConditionAncestorTerm":"Uterine Cervical Diseases"
              },{
                "ConditionAncestorId":"D000014591",
                "ConditionAncestorTerm":"Uterine Diseases"
              }
            ]
          },
          "ConditionBrowseLeafList":{
            "ConditionBrowseLeaf":[
              {
                "ConditionBrowseLeafId":"M15925",
                "ConditionBrowseLeafName":"Uterine Neoplasms",
                "ConditionBrowseLeafAsFound":"Uterus Cancer",
                "ConditionBrowseLeafRelevance":"high"
              },{
                "ConditionBrowseLeafId":"M4413",
                "ConditionBrowseLeafName":"Uterine Cervical Neoplasms",
                "ConditionBrowseLeafAsFound":"Cervix Cancer",
                "ConditionBrowseLeafRelevance":"high"
              },{
                "ConditionBrowseLeafId":"M7528",
                "ConditionBrowseLeafName":"Genital Neoplasms, Female",
                "ConditionBrowseLeafRelevance":"low"
              },{
                "ConditionBrowseLeafId":"M15898",
                "ConditionBrowseLeafName":"Urogenital Neoplasms",
                "ConditionBrowseLeafRelevance":"low"
              },{
                "ConditionBrowseLeafId":"M4408",
                "ConditionBrowseLeafName":"Uterine Cervical Diseases",
                "ConditionBrowseLeafRelevance":"low"
              },{
                "ConditionBrowseLeafId":"M15922",
                "ConditionBrowseLeafName":"Uterine Diseases",
                "ConditionBrowseLeafRelevance":"low"
              }
            ]
          },
          "ConditionBrowseBranchList":{
            "ConditionBrowseBranch":[
              {
                "ConditionBrowseBranchAbbrev":"BC04",
                "ConditionBrowseBranchName":"Cancers and Other Neoplasms"
              },{
                "ConditionBrowseBranchAbbrev":"BXS",
                "ConditionBrowseBranchName":"Urinary Tract, Sexual Organs, and Pregnancy Conditions"
              },{
                "ConditionBrowseBranchAbbrev":"All",
                "ConditionBrowseBranchName":"All Conditions"
              }
            ]
          }
        },
        "InterventionBrowseModule":{
          "InterventionBrowseLeafList":{
            "InterventionBrowseLeaf":[
              {
                "InterventionBrowseLeafId":"M4765",
                "InterventionBrowseLeafName":"Cisplatin",
                "InterventionBrowseLeafRelevance":"low"
              }
            ]
          },
          "InterventionBrowseBranchList":{
            "InterventionBrowseBranch":[
              {
                "InterventionBrowseBranchAbbrev":"ANeo",
                "InterventionBrowseBranchName":"Antineoplastic Agents"
              },{
                "InterventionBrowseBranchAbbrev":"All",
                "InterventionBrowseBranchName":"All Drugs and Chemicals"
              }
            ]
          }
        }
      }
    }
  }
}

