{
  "FullStudy":{
    "Rank":1159,
    "Study":{
      "ProtocolSection":{
        "IdentificationModule":{
          "NCTId":"NCT04834882",
          "OrgStudyIdInfo":{
            "OrgStudyId":"PO20152*"
          },
          "Organization":{
            "OrgFullName":"CHU de Reims",
            "OrgClass":"OTHER"
          },
          "BriefTitle":"Burnout, Stress and Coping Strategies: Impact of the Covid-19 Epidemic",
          "OfficialTitle":"Burnout, Stress and Coping Strategies: Impact of the Covid-19 Epidemic on the Medical and Paramedical Staff in Reims University Hospital and EPSM Marne",
          "Acronym":"Au20-15"
        },
        "StatusModule":{
          "StatusVerifiedDate":"March 2021",
          "OverallStatus":"Recruiting",
          "ExpandedAccessInfo":{
            "HasExpandedAccess":"No"
          },
          "StartDateStruct":{
            "StartDate":"January 20, 2021",
            "StartDateType":"Actual"
          },
          "PrimaryCompletionDateStruct":{
            "PrimaryCompletionDate":"May 20, 2021",
            "PrimaryCompletionDateType":"Anticipated"
          },
          "CompletionDateStruct":{
            "CompletionDate":"May 20, 2022",
            "CompletionDateType":"Anticipated"
          },
          "StudyFirstSubmitDate":"March 31, 2021",
          "StudyFirstSubmitQCDate":"April 6, 2021",
          "StudyFirstPostDateStruct":{
            "StudyFirstPostDate":"April 8, 2021",
            "StudyFirstPostDateType":"Actual"
          },
          "LastUpdateSubmitDate":"April 6, 2021",
          "LastUpdatePostDateStruct":{
            "LastUpdatePostDate":"April 8, 2021",
            "LastUpdatePostDateType":"Actual"
          }
        },
        "SponsorCollaboratorsModule":{
          "ResponsibleParty":{
            "ResponsiblePartyType":"Sponsor"
          },
          "LeadSponsor":{
            "LeadSponsorName":"CHU de Reims",
            "LeadSponsorClass":"OTHER"
          }
        },
        "OversightModule":{
          "OversightHasDMC":"No",
          "IsFDARegulatedDrug":"No",
          "IsFDARegulatedDevice":"No"
        },
        "DescriptionModule":{
          "BriefSummary":"Severe acute respiratory syndrome coronavirus-2 (SARS-CoV-2) is a novel coronavirus detected in Wuhan, China on December 2019. This virus is responsible for the infectious respiratory disease called Covid-19.\n\nThe psychological effects of this epidemic are found among the general population, but also healthcare workers. Some studies have shown that psychological disorders such as stress, anxiety, depressive symptoms, insomnia, denial, anger and fear, post-traumatic stress disorder are emerging among healthcare workers. However, there is currently insufficient data to evaluate the burnout during the COVID-19 pandemic.\n\nThe purpose of this study is to understand the impact of the covid-19 epidemic on stress and burnout on healthcare workers and their coping strategies.",
          "DetailedDescription":"Burnout syndrome, a state of professional exhaustion, is prevalent among the medical and paramedical staff. The covid-19 pandemic may generate more stress and increase the risk for burnout.\n\nThe aim of this study is to evaluate burnout (prevalence and intensity) and stress of among healthcare workers in COVID-19 units and non COVID-19 units. We also explore the supportive coping strategies need to reduce their stress and burnout."
        },
        "ConditionsModule":{
          "ConditionList":{
            "Condition":[
              "Covid19",
              "Burnout, Professional"
            ]
          }
        },
        "DesignModule":{
          "StudyType":"Observational",
          "PatientRegistry":"No",
          "DesignInfo":{
            "DesignObservationalModelList":{
              "DesignObservationalModel":[
                "Cohort"
              ]
            },
            "DesignTimePerspectiveList":{
              "DesignTimePerspective":[
                "Cross-Sectional"
              ]
            }
          },
          "EnrollmentInfo":{
            "EnrollmentCount":"1000",
            "EnrollmentType":"Anticipated"
          }
        },
        "ArmsInterventionsModule":{
          "ArmGroupList":{
            "ArmGroup":[
              {
                "ArmGroupLabel":"Healthcare workers",
                "ArmGroupDescription":"Medical and paramedical staff in Reims University Hospital and EPSM Marne working in COVID-19 units and non COVID-19 units",
                "ArmGroupInterventionList":{
                  "ArmGroupInterventionName":[
                    "Other: Data collection ("
                  ]
                }
              }
            ]
          },
          "InterventionList":{
            "Intervention":[
              {
                "InterventionType":"Other",
                "InterventionName":"Data collection (",
                "InterventionDescription":"online survey",
                "InterventionArmGroupLabelList":{
                  "InterventionArmGroupLabel":[
                    "Healthcare workers"
                  ]
                }
              }
            ]
          }
        },
        "OutcomesModule":{
          "PrimaryOutcomeList":{
            "PrimaryOutcome":[
              {
                "PrimaryOutcomeMeasure":"Assessment of burnout (prevalence and intensity)",
                "PrimaryOutcomeDescription":"Self-Administered Questionnaires : Maslash Burnout Inventory-Human Services Survey",
                "PrimaryOutcomeTimeFrame":"Day 0"
              },{
                "PrimaryOutcomeMeasure":"Assessment of stress",
                "PrimaryOutcomeDescription":"Self-Administered Questionnaires : Perceived Stress Scale",
                "PrimaryOutcomeTimeFrame":"Day 0"
              }
            ]
          },
          "SecondaryOutcomeList":{
            "SecondaryOutcome":[
              {
                "SecondaryOutcomeMeasure":"Assessment of supportive coping strategies",
                "SecondaryOutcomeDescription":"Self-Administered Questionnaires : Ways of Coping Checklist (WCC-R)",
                "SecondaryOutcomeTimeFrame":"Day 0"
              }
            ]
          }
        },
        "EligibilityModule":{
          "EligibilityCriteria":"Inclusion Criteria:\n\nMedical (physicians, interns) and paramedical (nursing managers, nurses, care assistants) staff in Reims University Hospital and EPSM Marne\nPerson who have attained majority\nPerson consenting to participate to the study\n\nExclusion Criteria:\n\nHealthcare workers outside of Reims University Hospital and EPSM Marne\nPerson who is not a healthcare professional",
          "HealthyVolunteers":"No",
          "Gender":"All",
          "MinimumAge":"18 Years",
          "StdAgeList":{
            "StdAge":[
              "Adult",
              "Older Adult"
            ]
          },
          "StudyPopulation":"All healthcare workers participating will be included in the study",
          "SamplingMethod":"Non-Probability Sample"
        },
        "ContactsLocationsModule":{
          "CentralContactList":{
            "CentralContact":[
              {
                "CentralContactName":"Eric TRAN",
                "CentralContactRole":"Contact",
                "CentralContactPhone":"3 26 78 70 45",
                "CentralContactPhoneExt":"0033",
                "CentralContactEMail":"trane@epsm-marne.fr"
              }
            ]
          },
          "LocationList":{
            "Location":[
              {
                "LocationFacility":"Chu Reims",
                "LocationStatus":"Recruiting",
                "LocationCity":"Reims",
                "LocationZip":"51092",
                "LocationCountry":"France",
                "LocationContactList":{
                  "LocationContact":[
                    {
                      "LocationContactName":"Damien JOLLY",
                      "LocationContactRole":"Contact",
                      "LocationContactPhone":"326788472",
                      "LocationContactPhoneExt":"33",
                      "LocationContactEMail":"djolly@chu-reims.fr"
                    }
                  ]
                }
              }
            ]
          }
        },
        "IPDSharingStatementModule":{
          "IPDSharing":"Undecided"
        }
      },
      "DerivedSection":{
        "MiscInfoModule":{
          "VersionHolder":"April 19, 2021"
        },
        "ConditionBrowseModule":{
          "ConditionMeshList":{
            "ConditionMesh":[
              {
                "ConditionMeshId":"D000002055",
                "ConditionMeshTerm":"Burnout, Professional"
              },{
                "ConditionMeshId":"D000077062",
                "ConditionMeshTerm":"Burnout, Psychological"
              }
            ]
          },
          "ConditionAncestorList":{
            "ConditionAncestor":[
              {
                "ConditionAncestorId":"D000013315",
                "ConditionAncestorTerm":"Stress, Psychological"
              },{
                "ConditionAncestorId":"D000001526",
                "ConditionAncestorTerm":"Behavioral Symptoms"
              },{
                "ConditionAncestorId":"D000073397",
                "ConditionAncestorTerm":"Occupational Stress"
              },{
                "ConditionAncestorId":"D000009784",
                "ConditionAncestorTerm":"Occupational Diseases"
              }
            ]
          },
          "ConditionBrowseLeafList":{
            "ConditionBrowseLeaf":[
              {
                "ConditionBrowseLeafId":"M3907",
                "ConditionBrowseLeafName":"Burnout, Professional",
                "ConditionBrowseLeafAsFound":"Burnout, Professional",
                "ConditionBrowseLeafRelevance":"high"
              },{
                "ConditionBrowseLeafId":"M1658",
                "ConditionBrowseLeafName":"Burnout, Psychological",
                "ConditionBrowseLeafAsFound":"Burnout",
                "ConditionBrowseLeafRelevance":"high"
              },{
                "ConditionBrowseLeafId":"M14688",
                "ConditionBrowseLeafName":"Stress, Psychological",
                "ConditionBrowseLeafRelevance":"low"
              },{
                "ConditionBrowseLeafId":"M3399",
                "ConditionBrowseLeafName":"Behavioral Symptoms",
                "ConditionBrowseLeafRelevance":"low"
              },{
                "ConditionBrowseLeafId":"M1167",
                "ConditionBrowseLeafName":"Occupational Stress",
                "ConditionBrowseLeafRelevance":"low"
              },{
                "ConditionBrowseLeafId":"M11302",
                "ConditionBrowseLeafName":"Occupational Diseases",
                "ConditionBrowseLeafRelevance":"low"
              }
            ]
          },
          "ConditionBrowseBranchList":{
            "ConditionBrowseBranch":[
              {
                "ConditionBrowseBranchAbbrev":"BC24",
                "ConditionBrowseBranchName":"Occupational Diseases"
              },{
                "ConditionBrowseBranchAbbrev":"BXM",
                "ConditionBrowseBranchName":"Behaviors and Mental Disorders"
              },{
                "ConditionBrowseBranchAbbrev":"All",
                "ConditionBrowseBranchName":"All Conditions"
              }
            ]
          }
        }
      }
    }
  }
}

