{
  "FullStudy":{
    "Rank":1244,
    "Study":{
      "ProtocolSection":{
        "IdentificationModule":{
          "NCTId":"NCT04833777",
          "OrgStudyIdInfo":{
            "OrgStudyId":"Bio2640"
          },
          "Organization":{
            "OrgFullName":"University of Saskatchewan",
            "OrgClass":"OTHER"
          },
          "BriefTitle":"Does a Different Local Anesthetic Improve Pain After Carpal Tunnel Release?",
          "OfficialTitle":"Does Addition of Longer-acting Local Anesthetic Improve the Post-operative Pain After Carpal Tunnel Release? A Randomized Controlled Study"
        },
        "StatusModule":{
          "StatusVerifiedDate":"April 2021",
          "OverallStatus":"Not yet recruiting",
          "ExpandedAccessInfo":{
            "HasExpandedAccess":"No"
          },
          "StartDateStruct":{
            "StartDate":"April 1, 2021",
            "StartDateType":"Anticipated"
          },
          "PrimaryCompletionDateStruct":{
            "PrimaryCompletionDate":"April 1, 2023",
            "PrimaryCompletionDateType":"Anticipated"
          },
          "CompletionDateStruct":{
            "CompletionDate":"April 1, 2023",
            "CompletionDateType":"Anticipated"
          },
          "StudyFirstSubmitDate":"March 26, 2021",
          "StudyFirstSubmitQCDate":"April 5, 2021",
          "StudyFirstPostDateStruct":{
            "StudyFirstPostDate":"April 6, 2021",
            "StudyFirstPostDateType":"Actual"
          },
          "LastUpdateSubmitDate":"April 5, 2021",
          "LastUpdatePostDateStruct":{
            "LastUpdatePostDate":"April 6, 2021",
            "LastUpdatePostDateType":"Actual"
          }
        },
        "SponsorCollaboratorsModule":{
          "ResponsibleParty":{
            "ResponsiblePartyType":"Principal Investigator",
            "ResponsiblePartyInvestigatorFullName":"David Sauder",
            "ResponsiblePartyInvestigatorTitle":"Principal Investigator, orthopedic surgeon",
            "ResponsiblePartyInvestigatorAffiliation":"University of Saskatchewan"
          },
          "LeadSponsor":{
            "LeadSponsorName":"University of Saskatchewan",
            "LeadSponsorClass":"OTHER"
          },
          "CollaboratorList":{
            "Collaborator":[
              {
                "CollaboratorName":"Saskatoon City Hospital",
                "CollaboratorClass":"OTHER"
              }
            ]
          }
        },
        "OversightModule":{
          "OversightHasDMC":"No",
          "IsFDARegulatedDrug":"No",
          "IsFDARegulatedDevice":"No"
        },
        "DescriptionModule":{
          "BriefSummary":"This study is being conducted to determine whether addition of a longer-acting local anesthetic to our current anesthetic protocol improves the post-operative pain after carpal tunnel release. Participants undergoing carpal tunnel release (CTR) will be randomly assigned to one of two groups: the standard anesthetic or the longer-acting anesthetic. Participants will not be aware of their assignment. Carpal tunnel release will be performed in the standard fashion at our hospital. Participants will record their post-operative pain on a visual scale at 2, 4, 6, 8, and 10 hours after surgery. They will also record the location of their post-operative numbness at the same time intervals. The day after surgery, a research nurse will call each participant to inquire about their post-operative pain scores and numbness. Participants will also be asked about their consumption of oral painkillers (e.g. Tylenol, ibuprofen) during the first 24 hours. Participants will be re-assessed 3 months after surgery to evaluate improvement in carpal tunnel symptoms.\n\nParticipants who wish to have carpal tunnel release on both wrists will be randomized to receive one type of anesthetic for the first side and will receive the other anesthetic for the second side. They will not be made aware of which medication is used for each side. This will allow us to directly compare the difference in pain experience between the two anesthetics.\n\nWe hypothesize that use of a longer-acting local anesthetic will lead to decreased post-operative pain, especially in the first 4-8 hours after surgery.",
          "DetailedDescription":"A research nurse will meet with each patient presenting for outpatient CTR surgery at the Saskatoon City Hospital procedure room. He or she will obtain informed consent for interested participants. The patient will be assigned a subject number and be randomized to standard vs. bupivacaine treatment based on a computer algorithm. Participants will complete the Boston Carpal Tunnel Questionnaire as a baseline for comparison as well as a brief questionnaire on demographics. For those patients that are having both sides released during the study period, the first side will be randomized based on the study protocol and the second side will be anesthetized with the other treatment. They will be blinded to both procedures such that we can directly compare their operative experience.\n\nThe surgeon will draw up and mix the pre-determined local anesthetic (LA) for each patient based on the randomization protocol. The research nurse (who will be performing all assessments) and the patient will remain blinded to the type of anesthetic.\n\nThe two types of anesthetic will be:\n\n10 mL 1% lidocaine with 1:100,000 epinephrine and 1 mL 8.4% sodium bicarbonate (standard treatment)\n5 mL 1% lidocaine with 1:100,000 epinephrine + 5 mL 0.5% bupivacaine with 1:100,000 epinephrine and 1 mL 8.4% sodium bicarbonate (bupivacaine treatment)\n\nThe participants will be anesthetized in the standard fashion, with all 11 mL of LA infiltrated subcutaneously into the area of the incision. After a delay of 20-40 minutes, the CTR will be carried out using the standard mini-open approach. Patients will be provided with the standard post-operative instructions regarding activity and wound care.\n\nAfter the procedure, participants will complete a short questionnaire (VAS) about any pain experienced during the administration of the local anesthetic and during the procedure. Patients will be sent home with instructions to complete a pain and numbness assessment at 2, 4, 6, 8, and 10 hours after surgery. They will be provided with a form containing the VAS and the times at which they are to self-administer this pain scoring system. Additionally, they will be provided with 20 Tylenol tablets (325mg each) and 20 ibuprofen tablets (200mg each), with instructions to take 1-2 tablets of one or both analgesics every 6 hours as needed during the first 24 hours. They will be asked to document the times at which they took the medications, as well as the dosages taken. They will be asked to refrain from using other types of pain medications, if possible. They will also be asked to document use of any other analgesics including Cannabis. Any questions will be answered by the research nurse before leaving clinic.\n\nThe day after surgery, at the 24 hour mark, the research nurse will call each patient and inquire about their pain scores and numbness at 2, 4, 6, 8, and 10 hours, as well as the present time (24 hours). He or she will also ask about the number of Tylenol and/or ibuprofen pills taken during the first 24 hours, as well as the timing of consumption. This information recorded on a password-protected datasheet which contains only the subject number (no identifiers).\n\nThe patient will return for their standard follow-ups. At 3 months, the research nurse will repeat the Boston Carpal Tunnel Questionnaire to assess outcome. At this time, if the patient wishes, they may be unblinded.\n\nFor patients wishing for bilateral CTR, the first will be performed according to the randomization protocol as described above. The contralateral CTR will be performed 2-8 weeks later (as standard in our practice), with the alternate anesthetic (e.g. first CTR with standard treatment, second CTR with bupivacaine treatment). The same post-operative assessment will be performed for the second CTR. Patients will remain blinded to their type of anesthetic in each wrist until 3 months after the second surgery is performed. At that time, they will be asked by the research nurse whether the first or second surgery provided a better pain experience. Only after this will they be unblinded, if desired."
        },
        "ConditionsModule":{
          "ConditionList":{
            "Condition":[
              "Carpal Tunnel Syndrome"
            ]
          },
          "KeywordList":{
            "Keyword":[
              "lidocaine",
              "bupivacaine",
              "carpal tunnel release"
            ]
          }
        },
        "DesignModule":{
          "StudyType":"Interventional",
          "PhaseList":{
            "Phase":[
              "Not Applicable"
            ]
          },
          "DesignInfo":{
            "DesignAllocation":"Randomized",
            "DesignInterventionModel":"Single Group Assignment",
            "DesignInterventionModelDescription":"The study model for the primary outcome will be single group (patients randomized to one of two anesthetic types). However, select patients who wish to have bilateral carpal tunnel release will be entered into a crossover model, such that they will be randomized for their first surgery and receive the other type of anesthetic for their second surgery.",
            "DesignPrimaryPurpose":"Treatment",
            "DesignMaskingInfo":{
              "DesignMasking":"Double",
              "DesignMaskingDescription":"The surgeon administering the local anesthetic will not be blinded, however the participant and the research nurse (measuring outcomes) will be.",
              "DesignWhoMaskedList":{
                "DesignWhoMasked":[
                  "Participant",
                  "Outcomes Assessor"
                ]
              }
            }
          },
          "EnrollmentInfo":{
            "EnrollmentCount":"140",
            "EnrollmentType":"Anticipated"
          }
        },
        "ArmsInterventionsModule":{
          "ArmGroupList":{
            "ArmGroup":[
              {
                "ArmGroupLabel":"Lidocaine",
                "ArmGroupType":"Active Comparator",
                "ArmGroupDescription":"Administration of subcutaneous lidocaine as local anesthetic prior to carpal tunnel release (lidocaine intervention)",
                "ArmGroupInterventionList":{
                  "ArmGroupInterventionName":[
                    "Drug: Local Anesthetics Lidocaine"
                  ]
                }
              },{
                "ArmGroupLabel":"Bupivacaine",
                "ArmGroupType":"Experimental",
                "ArmGroupDescription":"Administration of subcutaneous bupivacaine + lidocaine as local anesthetic prior to carpal tunnel release (bupivacaine intervention)",
                "ArmGroupInterventionList":{
                  "ArmGroupInterventionName":[
                    "Drug: Local Anesthetics Bupivacaine"
                  ]
                }
              }
            ]
          },
          "InterventionList":{
            "Intervention":[
              {
                "InterventionType":"Drug",
                "InterventionName":"Local Anesthetics Lidocaine",
                "InterventionDescription":"10 mL 1% lidocaine with 1:100,000 epinephrine and 1 mL 8.4% sodium bicarbonate",
                "InterventionArmGroupLabelList":{
                  "InterventionArmGroupLabel":[
                    "Lidocaine"
                  ]
                }
              },{
                "InterventionType":"Drug",
                "InterventionName":"Local Anesthetics Bupivacaine",
                "InterventionDescription":"5 mL 1% lidocaine with 1:100,000 epinephrine + 5 mL 0.5% bupivacaine with 1:100,000 epinephrine and 1 mL 8.4% sodium bicarbonate",
                "InterventionArmGroupLabelList":{
                  "InterventionArmGroupLabel":[
                    "Bupivacaine"
                  ]
                }
              }
            ]
          }
        },
        "OutcomesModule":{
          "PrimaryOutcomeList":{
            "PrimaryOutcome":[
              {
                "PrimaryOutcomeMeasure":"Post-operative pain",
                "PrimaryOutcomeDescription":"Severity of pain as measured by the Visual Analogue Scale",
                "PrimaryOutcomeTimeFrame":"2 hours post-op"
              },{
                "PrimaryOutcomeMeasure":"Post-operative pain",
                "PrimaryOutcomeDescription":"Severity of pain as measured by the Visual Analogue Scale",
                "PrimaryOutcomeTimeFrame":"4 hours post-op"
              },{
                "PrimaryOutcomeMeasure":"Post-operative pain",
                "PrimaryOutcomeDescription":"Severity of pain as measured by the Visual Analogue Scale",
                "PrimaryOutcomeTimeFrame":"6 hours post-op"
              },{
                "PrimaryOutcomeMeasure":"Post-operative pain",
                "PrimaryOutcomeDescription":"Severity of pain as measured by the Visual Analogue Scale",
                "PrimaryOutcomeTimeFrame":"8 hours post-op"
              },{
                "PrimaryOutcomeMeasure":"Post-operative pain",
                "PrimaryOutcomeDescription":"Severity of pain as measured by the Visual Analogue Scale",
                "PrimaryOutcomeTimeFrame":"10 hours post-op"
              },{
                "PrimaryOutcomeMeasure":"Post-operative pain",
                "PrimaryOutcomeDescription":"Severity of pain as measured by the Visual Analogue Scale",
                "PrimaryOutcomeTimeFrame":"24 hours post-op"
              },{
                "PrimaryOutcomeMeasure":"Post-operative analgesia",
                "PrimaryOutcomeDescription":"Number of Tylenol and Ibuprofen tablets taken post-operatively",
                "PrimaryOutcomeTimeFrame":"24 hours"
              }
            ]
          },
          "SecondaryOutcomeList":{
            "SecondaryOutcome":[
              {
                "SecondaryOutcomeMeasure":"Post-operative numbness",
                "SecondaryOutcomeDescription":"Location of total and partial post-operative numbness in hand (thumb, index, middle, ring, little finger)",
                "SecondaryOutcomeTimeFrame":"2 hours post-op"
              },{
                "SecondaryOutcomeMeasure":"Post-operative numbness",
                "SecondaryOutcomeDescription":"Location of total and partial post-operative numbness in hand (thumb, index, middle, ring, little finger)",
                "SecondaryOutcomeTimeFrame":"4 hours post-op"
              },{
                "SecondaryOutcomeMeasure":"Post-operative numbness",
                "SecondaryOutcomeDescription":"Location of total and partial post-operative numbness in hand (thumb, index, middle, ring, little finger)",
                "SecondaryOutcomeTimeFrame":"6 hours post-op"
              },{
                "SecondaryOutcomeMeasure":"Post-operative numbness",
                "SecondaryOutcomeDescription":"Location of total and partial post-operative numbness in hand (thumb, index, middle, ring, little finger)",
                "SecondaryOutcomeTimeFrame":"8 hours post-op"
              },{
                "SecondaryOutcomeMeasure":"Post-operative numbness",
                "SecondaryOutcomeDescription":"Location of total and partial post-operative numbness in hand (thumb, index, middle, ring, little finger)",
                "SecondaryOutcomeTimeFrame":"10 hours post-op"
              },{
                "SecondaryOutcomeMeasure":"Post-operative numbness",
                "SecondaryOutcomeDescription":"Location of total and partial post-operative numbness in hand (thumb, index, middle, ring, little finger)",
                "SecondaryOutcomeTimeFrame":"24 hours post-op"
              },{
                "SecondaryOutcomeMeasure":"Symptom change at 3 months",
                "SecondaryOutcomeDescription":"Carpal tunnel symptoms at 3 months post-op, measured by the Boston Carpal Tunnel Questionnaire",
                "SecondaryOutcomeTimeFrame":"pre-operative (immediately before surgery), 3 months after surgery"
              },{
                "SecondaryOutcomeMeasure":"Preference of anesthetic type",
                "SecondaryOutcomeDescription":"For patients with bilateral surgery only (they will have received a different anesthetic for each surgery). Patients will indicate their preference of lidocaine vs bupivacaine on a simple questionnaire asking which anesthetic provided a preferable post-operative pain experience.",
                "SecondaryOutcomeTimeFrame":"3 months after second surgery"
              }
            ]
          }
        },
        "EligibilityModule":{
          "EligibilityCriteria":"Inclusion Criteria:\n\nPatients aged >18 years undergoing carpal tunnel release\n\nExclusion Criteria:\n\nPatients aged <18 years\nPatients undergoing repeat carpal tunnel release\nPatients undergoing simultaneous procedures for other hand/wrist pathology at the time of carpal tunnel release (i.e. trigger finger release, Dupuytren's, etc.)\nPatients with a history of Rheumatoid Arthritis or a history or previous trauma or surgery to the local area (i.e. distal radius fracture)\nPatients who lack the capacity to provide informed consent or understand the nature of the project",
          "HealthyVolunteers":"Accepts Healthy Volunteers",
          "Gender":"All",
          "MinimumAge":"18 Years",
          "StdAgeList":{
            "StdAge":[
              "Adult",
              "Older Adult"
            ]
          }
        },
        "ContactsLocationsModule":{
          "CentralContactList":{
            "CentralContact":[
              {
                "CentralContactName":"David Sauder, MD",
                "CentralContactRole":"Contact",
                "CentralContactPhone":"306-955-9800",
                "CentralContactEMail":"Djs126@mail.usask.ca"
              }
            ]
          },
          "OverallOfficialList":{
            "OverallOfficial":[
              {
                "OverallOfficialName":"David Sauder, MD",
                "OverallOfficialAffiliation":"University of Saskatchewan",
                "OverallOfficialRole":"Principal Investigator"
              }
            ]
          },
          "LocationList":{
            "Location":[
              {
                "LocationFacility":"Saskatoon City Hospital",
                "LocationCity":"Saskatoon",
                "LocationState":"Saskatchewan",
                "LocationZip":"S7K 0M7",
                "LocationCountry":"Canada",
                "LocationContactList":{
                  "LocationContact":[
                    {
                      "LocationContactName":"David Sauder, MD",
                      "LocationContactRole":"Contact",
                      "LocationContactPhone":"306-955-9800",
                      "LocationContactEMail":"Djs126@mail.usask.ca"
                    }
                  ]
                }
              }
            ]
          }
        },
        "IPDSharingStatementModule":{
          "IPDSharing":"No"
        }
      },
      "DerivedSection":{
        "MiscInfoModule":{
          "VersionHolder":"April 19, 2021"
        },
        "ConditionBrowseModule":{
          "ConditionMeshList":{
            "ConditionMesh":[
              {
                "ConditionMeshId":"D000002349",
                "ConditionMeshTerm":"Carpal Tunnel Syndrome"
              }
            ]
          },
          "ConditionAncestorList":{
            "ConditionAncestor":[
              {
                "ConditionAncestorId":"D000020423",
                "ConditionAncestorTerm":"Median Neuropathy"
              },{
                "ConditionAncestorId":"D000020422",
                "ConditionAncestorTerm":"Mononeuropathies"
              },{
                "ConditionAncestorId":"D000010523",
                "ConditionAncestorTerm":"Peripheral Nervous System Diseases"
              },{
                "ConditionAncestorId":"D000009468",
                "ConditionAncestorTerm":"Neuromuscular Diseases"
              },{
                "ConditionAncestorId":"D000009422",
                "ConditionAncestorTerm":"Nervous System Diseases"
              },{
                "ConditionAncestorId":"D000009408",
                "ConditionAncestorTerm":"Nerve Compression Syndromes"
              },{
                "ConditionAncestorId":"D000012090",
                "ConditionAncestorTerm":"Cumulative Trauma Disorders"
              },{
                "ConditionAncestorId":"D000013180",
                "ConditionAncestorTerm":"Sprains and Strains"
              },{
                "ConditionAncestorId":"D000014947",
                "ConditionAncestorTerm":"Wounds and Injuries"
              }
            ]
          },
          "ConditionBrowseLeafList":{
            "ConditionBrowseLeaf":[
              {
                "ConditionBrowseLeafId":"M11652",
                "ConditionBrowseLeafName":"Pain, Postoperative",
                "ConditionBrowseLeafRelevance":"low"
              },{
                "ConditionBrowseLeafId":"M14938",
                "ConditionBrowseLeafName":"Syndrome",
                "ConditionBrowseLeafRelevance":"low"
              },{
                "ConditionBrowseLeafId":"M4185",
                "ConditionBrowseLeafName":"Carpal Tunnel Syndrome",
                "ConditionBrowseLeafAsFound":"Carpal Tunnel",
                "ConditionBrowseLeafRelevance":"high"
              },{
                "ConditionBrowseLeafId":"M11649",
                "ConditionBrowseLeafName":"Pain",
                "ConditionBrowseLeafRelevance":"low"
              },{
                "ConditionBrowseLeafId":"M20803",
                "ConditionBrowseLeafName":"Median Neuropathy",
                "ConditionBrowseLeafRelevance":"low"
              },{
                "ConditionBrowseLeafId":"M20802",
                "ConditionBrowseLeafName":"Mononeuropathies",
                "ConditionBrowseLeafRelevance":"low"
              },{
                "ConditionBrowseLeafId":"M12015",
                "ConditionBrowseLeafName":"Peripheral Nervous System Diseases",
                "ConditionBrowseLeafRelevance":"low"
              },{
                "ConditionBrowseLeafId":"M10994",
                "ConditionBrowseLeafName":"Neuromuscular Diseases",
                "ConditionBrowseLeafRelevance":"low"
              },{
                "ConditionBrowseLeafId":"M4436",
                "ConditionBrowseLeafName":"Charcot-Marie-Tooth Disease",
                "ConditionBrowseLeafRelevance":"low"
              },{
                "ConditionBrowseLeafId":"M10935",
                "ConditionBrowseLeafName":"Nerve Compression Syndromes",
                "ConditionBrowseLeafRelevance":"low"
              },{
                "ConditionBrowseLeafId":"M16675",
                "ConditionBrowseLeafName":"Hereditary Sensory and Motor Neuropathy",
                "ConditionBrowseLeafRelevance":"low"
              },{
                "ConditionBrowseLeafId":"M16268",
                "ConditionBrowseLeafName":"Wounds and Injuries",
                "ConditionBrowseLeafRelevance":"low"
              },{
                "ConditionBrowseLeafId":"M13513",
                "ConditionBrowseLeafName":"Cumulative Trauma Disorders",
                "ConditionBrowseLeafRelevance":"low"
              },{
                "ConditionBrowseLeafId":"M14557",
                "ConditionBrowseLeafName":"Sprains and Strains",
                "ConditionBrowseLeafRelevance":"low"
              },{
                "ConditionBrowseLeafId":"T1081",
                "ConditionBrowseLeafName":"Charcot-Marie-Tooth Disease",
                "ConditionBrowseLeafRelevance":"low"
              },{
                "ConditionBrowseLeafId":"T2761",
                "ConditionBrowseLeafName":"Hereditary Motor and Sensory Neuropathy",
                "ConditionBrowseLeafRelevance":"low"
              },{
                "ConditionBrowseLeafId":"T2766",
                "ConditionBrowseLeafName":"Hereditary Neuropathy With Liability to Pressure Palsies",
                "ConditionBrowseLeafRelevance":"low"
              },{
                "ConditionBrowseLeafId":"T5067",
                "ConditionBrowseLeafName":"Roussy Levy Syndrome",
                "ConditionBrowseLeafRelevance":"low"
              }
            ]
          },
          "ConditionBrowseBranchList":{
            "ConditionBrowseBranch":[
              {
                "ConditionBrowseBranchAbbrev":"BC23",
                "ConditionBrowseBranchName":"Symptoms and General Pathology"
              },{
                "ConditionBrowseBranchAbbrev":"All",
                "ConditionBrowseBranchName":"All Conditions"
              },{
                "ConditionBrowseBranchAbbrev":"BC10",
                "ConditionBrowseBranchName":"Nervous System Diseases"
              },{
                "ConditionBrowseBranchAbbrev":"BC26",
                "ConditionBrowseBranchName":"Wounds and Injuries"
              },{
                "ConditionBrowseBranchAbbrev":"BC16",
                "ConditionBrowseBranchName":"Diseases and Abnormalities at or Before Birth"
              },{
                "ConditionBrowseBranchAbbrev":"Rare",
                "ConditionBrowseBranchName":"Rare Diseases"
              }
            ]
          }
        },
        "InterventionBrowseModule":{
          "InterventionMeshList":{
            "InterventionMesh":[
              {
                "InterventionMeshId":"D000008012",
                "InterventionMeshTerm":"Lidocaine"
              },{
                "InterventionMeshId":"D000002045",
                "InterventionMeshTerm":"Bupivacaine"
              },{
                "InterventionMeshId":"D000000779",
                "InterventionMeshTerm":"Anesthetics, Local"
              },{
                "InterventionMeshId":"D000000777",
                "InterventionMeshTerm":"Anesthetics"
              }
            ]
          },
          "InterventionAncestorList":{
            "InterventionAncestor":[
              {
                "InterventionAncestorId":"D000002492",
                "InterventionAncestorTerm":"Central Nervous System Depressants"
              },{
                "InterventionAncestorId":"D000045505",
                "InterventionAncestorTerm":"Physiological Effects of Drugs"
              },{
                "InterventionAncestorId":"D000018689",
                "InterventionAncestorTerm":"Sensory System Agents"
              },{
                "InterventionAncestorId":"D000018373",
                "InterventionAncestorTerm":"Peripheral Nervous System Agents"
              },{
                "InterventionAncestorId":"D000000889",
                "InterventionAncestorTerm":"Anti-Arrhythmia Agents"
              },{
                "InterventionAncestorId":"D000061567",
                "InterventionAncestorTerm":"Voltage-Gated Sodium Channel Blockers"
              },{
                "InterventionAncestorId":"D000026941",
                "InterventionAncestorTerm":"Sodium Channel Blockers"
              },{
                "InterventionAncestorId":"D000049990",
                "InterventionAncestorTerm":"Membrane Transport Modulators"
              },{
                "InterventionAncestorId":"D000045504",
                "InterventionAncestorTerm":"Molecular Mechanisms of Pharmacological Action"
              }
            ]
          },
          "InterventionBrowseLeafList":{
            "InterventionBrowseLeaf":[
              {
                "InterventionBrowseLeafId":"M3897",
                "InterventionBrowseLeafName":"Bupivacaine",
                "InterventionBrowseLeafAsFound":"Local anesthetic bupivacaine",
                "InterventionBrowseLeafRelevance":"high"
              },{
                "InterventionBrowseLeafId":"M2690",
                "InterventionBrowseLeafName":"Anesthetics, Local",
                "InterventionBrowseLeafAsFound":"Coaching",
                "InterventionBrowseLeafRelevance":"high"
              },{
                "InterventionBrowseLeafId":"M2688",
                "InterventionBrowseLeafName":"Anesthetics",
                "InterventionBrowseLeafAsFound":"Absence of",
                "InterventionBrowseLeafRelevance":"high"
              },{
                "InterventionBrowseLeafId":"M9597",
                "InterventionBrowseLeafName":"Lidocaine",
                "InterventionBrowseLeafAsFound":"Etirinotecan Pegol",
                "InterventionBrowseLeafRelevance":"high"
              },{
                "InterventionBrowseLeafId":"M6575",
                "InterventionBrowseLeafName":"Epinephrine",
                "InterventionBrowseLeafRelevance":"low"
              },{
                "InterventionBrowseLeafId":"M28958",
                "InterventionBrowseLeafName":"Racepinephrine",
                "InterventionBrowseLeafRelevance":"low"
              },{
                "InterventionBrowseLeafId":"M217972",
                "InterventionBrowseLeafName":"Epinephryl borate",
                "InterventionBrowseLeafRelevance":"low"
              },{
                "InterventionBrowseLeafId":"M2794",
                "InterventionBrowseLeafName":"Anti-Arrhythmia Agents",
                "InterventionBrowseLeafRelevance":"low"
              },{
                "InterventionBrowseLeafId":"M21761",
                "InterventionBrowseLeafName":"Sodium Channel Blockers",
                "InterventionBrowseLeafRelevance":"low"
              },{
                "InterventionBrowseLeafId":"M28612",
                "InterventionBrowseLeafName":"Diuretics, Potassium Sparing",
                "InterventionBrowseLeafRelevance":"low"
              }
            ]
          },
          "InterventionBrowseBranchList":{
            "InterventionBrowseBranch":[
              {
                "InterventionBrowseBranchAbbrev":"CNSDep",
                "InterventionBrowseBranchName":"Central Nervous System Depressants"
              },{
                "InterventionBrowseBranchAbbrev":"All",
                "InterventionBrowseBranchName":"All Drugs and Chemicals"
              },{
                "InterventionBrowseBranchAbbrev":"AnArAg",
                "InterventionBrowseBranchName":"Anti-Arrhythmia Agents"
              },{
                "InterventionBrowseBranchAbbrev":"ChanBlk",
                "InterventionBrowseBranchName":"Channel Blockers"
              },{
                "InterventionBrowseBranchAbbrev":"VaCoAg",
                "InterventionBrowseBranchName":"Vasoconstrictor Agents"
              },{
                "InterventionBrowseBranchAbbrev":"Resp",
                "InterventionBrowseBranchName":"Respiratory System Agents"
              }
            ]
          }
        }
      }
    }
  }
}

