{
  "FullStudy":{
    "Rank":1206,
    "Study":{
      "ProtocolSection":{
        "IdentificationModule":{
          "NCTId":"NCT04834271",
          "OrgStudyIdInfo":{
            "OrgStudyId":"2020/57"
          },
          "Organization":{
            "OrgFullName":"University of Alcala",
            "OrgClass":"OTHER"
          },
          "BriefTitle":"Effects of Blood Flow Restriction Training in Rotator Cuff Related Shoulder Pain",
          "OfficialTitle":"Effects of Blood Flow Restriction Training on Central Mechanisms of Pain Modulation in Subjects With Rotator Cuff Related Shoulder Pain: a Randomized Controlled Trial"
        },
        "StatusModule":{
          "StatusVerifiedDate":"April 2021",
          "OverallStatus":"Recruiting",
          "ExpandedAccessInfo":{
            "HasExpandedAccess":"No"
          },
          "StartDateStruct":{
            "StartDate":"March 1, 2021",
            "StartDateType":"Actual"
          },
          "PrimaryCompletionDateStruct":{
            "PrimaryCompletionDate":"August 1, 2021",
            "PrimaryCompletionDateType":"Anticipated"
          },
          "CompletionDateStruct":{
            "CompletionDate":"August 1, 2021",
            "CompletionDateType":"Anticipated"
          },
          "StudyFirstSubmitDate":"March 29, 2021",
          "StudyFirstSubmitQCDate":"April 3, 2021",
          "StudyFirstPostDateStruct":{
            "StudyFirstPostDate":"April 8, 2021",
            "StudyFirstPostDateType":"Actual"
          },
          "LastUpdateSubmitDate":"April 3, 2021",
          "LastUpdatePostDateStruct":{
            "LastUpdatePostDate":"April 8, 2021",
            "LastUpdatePostDateType":"Actual"
          }
        },
        "SponsorCollaboratorsModule":{
          "ResponsibleParty":{
            "ResponsiblePartyType":"Principal Investigator",
            "ResponsiblePartyInvestigatorFullName":"Ruben Fernandez Matias",
            "ResponsiblePartyInvestigatorTitle":"Clinical Professor",
            "ResponsiblePartyInvestigatorAffiliation":"University of Alcala"
          },
          "LeadSponsor":{
            "LeadSponsorName":"University of Alcala",
            "LeadSponsorClass":"OTHER"
          }
        },
        "OversightModule":{
          "IsFDARegulatedDrug":"No",
          "IsFDARegulatedDevice":"No"
        },
        "DescriptionModule":{
          "BriefSummary":"Blood flow restriction training is widespread in sport performance areas, where it has proven to be beneficial in strength and hypertrophy development. However, there are only few studies related to its effects on subjects with pathology, and currently, there is no recent clinical trial evaluating its effects on patients with RCRSP. We are aiming to define the potential benefits, acute and short-term effects of adding blood flow restriction to a low-load exercise training for patients with RCRSP."
        },
        "ConditionsModule":{
          "ConditionList":{
            "Condition":[
              "Subacromial Pain Syndrome"
            ]
          }
        },
        "DesignModule":{
          "StudyType":"Interventional",
          "PhaseList":{
            "Phase":[
              "Not Applicable"
            ]
          },
          "DesignInfo":{
            "DesignAllocation":"Randomized",
            "DesignInterventionModel":"Parallel Assignment",
            "DesignPrimaryPurpose":"Treatment",
            "DesignMaskingInfo":{
              "DesignMasking":"Double",
              "DesignWhoMaskedList":{
                "DesignWhoMasked":[
                  "Investigator",
                  "Outcomes Assessor"
                ]
              }
            }
          },
          "EnrollmentInfo":{
            "EnrollmentCount":"63",
            "EnrollmentType":"Anticipated"
          }
        },
        "ArmsInterventionsModule":{
          "ArmGroupList":{
            "ArmGroup":[
              {
                "ArmGroupLabel":"Exercise without blood flow restriction",
                "ArmGroupType":"Active Comparator",
                "ArmGroupDescription":"Side-lying external rotation exercise with a dumbbell (20-30% 1RM) without blood flow restriction.",
                "ArmGroupInterventionList":{
                  "ArmGroupInterventionName":[
                    "Other: Side-lying external rotation exercise with a dumbbell"
                  ]
                }
              },{
                "ArmGroupLabel":"Exercise with 40% of arterial occlusion pressure blood flow restriction",
                "ArmGroupType":"Experimental",
                "ArmGroupDescription":"Side-lying external rotation exercise with a dumbbell (20-30% 1RM) with 40% of arterial occlusion pressure blood flow restriction.",
                "ArmGroupInterventionList":{
                  "ArmGroupInterventionName":[
                    "Other: Side-lying external rotation exercise with a dumbbell with 40% arterial occlusion pressure blood flow restriction"
                  ]
                }
              },{
                "ArmGroupLabel":"Exercise with 80% of arterial occlusion pressure blood flow restriction",
                "ArmGroupType":"Experimental",
                "ArmGroupDescription":"Side-lying external rotation exercise with a dumbbell (20-30% 1RM) with 80% of arterial occlusion pressure blood flow restriction.",
                "ArmGroupInterventionList":{
                  "ArmGroupInterventionName":[
                    "Other: Side-lying external rotation exercise with a dumbbell with 80% arterial occlusion pressure blood flow restriction"
                  ]
                }
              }
            ]
          },
          "InterventionList":{
            "Intervention":[
              {
                "InterventionType":"Other",
                "InterventionName":"Side-lying external rotation exercise with a dumbbell",
                "InterventionDescription":"Side-lying external rotation exercise with a dumbbell (20-30% 1RM). 2 times per week during 4 weeks.",
                "InterventionArmGroupLabelList":{
                  "InterventionArmGroupLabel":[
                    "Exercise without blood flow restriction"
                  ]
                }
              },{
                "InterventionType":"Other",
                "InterventionName":"Side-lying external rotation exercise with a dumbbell with 40% arterial occlusion pressure blood flow restriction",
                "InterventionDescription":"Side-lying external rotation exercise with a dumbbell (20-30% 1RM) with 40% arterial occlusion pressure blood flow restriction. 2 times per week during 4 weeks.",
                "InterventionArmGroupLabelList":{
                  "InterventionArmGroupLabel":[
                    "Exercise with 40% of arterial occlusion pressure blood flow restriction"
                  ]
                }
              },{
                "InterventionType":"Other",
                "InterventionName":"Side-lying external rotation exercise with a dumbbell with 80% arterial occlusion pressure blood flow restriction",
                "InterventionDescription":"Side-lying external rotation exercise with a dumbbell (20-30% 1RM) with 80% arterial occlusion pressure blood flow restriction. 2 times per week during 4 weeks.",
                "InterventionArmGroupLabelList":{
                  "InterventionArmGroupLabel":[
                    "Exercise with 80% of arterial occlusion pressure blood flow restriction"
                  ]
                }
              }
            ]
          }
        },
        "OutcomesModule":{
          "PrimaryOutcomeList":{
            "PrimaryOutcome":[
              {
                "PrimaryOutcomeMeasure":"Conditioned Pain Modulation (CPM)",
                "PrimaryOutcomeDescription":"Conditioned pain modulation estimated using changes in pressure pain threshold measured with a manual algometer and a sphygmomanometer.",
                "PrimaryOutcomeTimeFrame":"Baseline, immediately after the first treatment session, 1 month, and 2 months"
              }
            ]
          },
          "SecondaryOutcomeList":{
            "SecondaryOutcome":[
              {
                "SecondaryOutcomeMeasure":"Shoulder pain and disability index (SPADI)",
                "SecondaryOutcomeDescription":"The SPADI ranges from 0% (no disability) to 100% (maximum degree of disability)",
                "SecondaryOutcomeTimeFrame":"Baseline, 1 month, and 2 months"
              },{
                "SecondaryOutcomeMeasure":"Pain intensity",
                "SecondaryOutcomeDescription":"Mean pain intensity during last week measured with a visual analogue scale (VAS), ranging from 0cm (no pain) to 10cm (worst pain)",
                "SecondaryOutcomeTimeFrame":"Baseline, 1 month, and 2 months"
              },{
                "SecondaryOutcomeMeasure":"Pain-free isometric strength",
                "SecondaryOutcomeDescription":"Pain-free isometric shoulder external rotation strength measured using a hand-held dynamometer",
                "SecondaryOutcomeTimeFrame":"Baseline, immediately after the first treatment session, 1 month, and 2 months"
              }
            ]
          }
        },
        "EligibilityModule":{
          "EligibilityCriteria":"Inclusion Criteria:\n\nPain around the antero-lateral (deltoid area) region of the proximal shoulder during active movements in abduction and/or external rotation.\n3/5 positive impingement tests: Neer, Hawkins-Kennedy, empty can, painful arc, and resisted external rotation or abduction.\nPain at rest less than 3cm in a visual analogue scale (VAS).\n\nExclusion Criteria:\n\nPrevious shoulder surgery.\nBeing treated with physical therapy or pharmacogical therapy for shoulder pain.\nExternal rotation range of motion less than 45º or 50% compared to the contralateral side.\nSuspected shoulder instability (previous dislocation/subluxation, sulcus sign, anterior drawer test, anterior/posterior aprehension test, relocation test).\nSuspected cervical radiculopathy (distraction, spurling, ULNT1, squeeze test, ipsilateral rotation less than 60º)\nPresence of neck pain.\nSuspected rotator cuff tears (drop arm test, external rotation lag sign, diagnostic imaging).\nContraindications to blood flow restriction therapy.",
          "HealthyVolunteers":"No",
          "Gender":"All",
          "MinimumAge":"18 Years",
          "MaximumAge":"65 Years",
          "StdAgeList":{
            "StdAge":[
              "Adult",
              "Older Adult"
            ]
          }
        },
        "ContactsLocationsModule":{
          "LocationList":{
            "Location":[
              {
                "LocationFacility":"Ruben Fernandez-Matias",
                "LocationStatus":"Recruiting",
                "LocationCity":"Alcalá De Henares",
                "LocationZip":"28805",
                "LocationCountry":"Spain",
                "LocationContactList":{
                  "LocationContact":[
                    {
                      "LocationContactName":"Ruben Fernandez-Matias, PhD Student",
                      "LocationContactRole":"Contact",
                      "LocationContactPhone":"648784762",
                      "LocationContactEMail":"ruben.fernanmat@gmail.com"
                    }
                  ]
                }
              }
            ]
          }
        },
        "IPDSharingStatementModule":{
          "IPDSharing":"No"
        }
      },
      "DerivedSection":{
        "MiscInfoModule":{
          "VersionHolder":"April 19, 2021"
        },
        "ConditionBrowseModule":{
          "ConditionMeshList":{
            "ConditionMesh":[
              {
                "ConditionMeshId":"D000020069",
                "ConditionMeshTerm":"Shoulder Pain"
              }
            ]
          },
          "ConditionAncestorList":{
            "ConditionAncestor":[
              {
                "ConditionAncestorId":"D000018771",
                "ConditionAncestorTerm":"Arthralgia"
              },{
                "ConditionAncestorId":"D000007592",
                "ConditionAncestorTerm":"Joint Diseases"
              },{
                "ConditionAncestorId":"D000009140",
                "ConditionAncestorTerm":"Musculoskeletal Diseases"
              },{
                "ConditionAncestorId":"D000010146",
                "ConditionAncestorTerm":"Pain"
              },{
                "ConditionAncestorId":"D000009461",
                "ConditionAncestorTerm":"Neurologic Manifestations"
              }
            ]
          },
          "ConditionBrowseLeafList":{
            "ConditionBrowseLeaf":[
              {
                "ConditionBrowseLeafId":"M14938",
                "ConditionBrowseLeafName":"Syndrome",
                "ConditionBrowseLeafRelevance":"low"
              },{
                "ConditionBrowseLeafId":"M20491",
                "ConditionBrowseLeafName":"Shoulder Pain",
                "ConditionBrowseLeafAsFound":"Shoulder Pain",
                "ConditionBrowseLeafRelevance":"high"
              },{
                "ConditionBrowseLeafId":"M11649",
                "ConditionBrowseLeafName":"Pain",
                "ConditionBrowseLeafRelevance":"low"
              },{
                "ConditionBrowseLeafId":"M19417",
                "ConditionBrowseLeafName":"Arthralgia",
                "ConditionBrowseLeafRelevance":"low"
              },{
                "ConditionBrowseLeafId":"M9204",
                "ConditionBrowseLeafName":"Joint Diseases",
                "ConditionBrowseLeafRelevance":"low"
              },{
                "ConditionBrowseLeafId":"M10680",
                "ConditionBrowseLeafName":"Musculoskeletal Diseases",
                "ConditionBrowseLeafRelevance":"low"
              },{
                "ConditionBrowseLeafId":"M10987",
                "ConditionBrowseLeafName":"Neurologic Manifestations",
                "ConditionBrowseLeafRelevance":"low"
              }
            ]
          },
          "ConditionBrowseBranchList":{
            "ConditionBrowseBranch":[
              {
                "ConditionBrowseBranchAbbrev":"BC23",
                "ConditionBrowseBranchName":"Symptoms and General Pathology"
              },{
                "ConditionBrowseBranchAbbrev":"All",
                "ConditionBrowseBranchName":"All Conditions"
              },{
                "ConditionBrowseBranchAbbrev":"BC05",
                "ConditionBrowseBranchName":"Muscle, Bone, and Cartilage Diseases"
              },{
                "ConditionBrowseBranchAbbrev":"BC10",
                "ConditionBrowseBranchName":"Nervous System Diseases"
              }
            ]
          }
        }
      }
    }
  }
}

