{
  "FullStudy":{
    "Rank":852,
    "Study":{
      "ProtocolSection":{
        "IdentificationModule":{
          "NCTId":"NCT04838873",
          "OrgStudyIdInfo":{
            "OrgStudyId":"SO1901-31004"
          },
          "Organization":{
            "OrgFullName":"Cairo University",
            "OrgClass":"OTHER"
          },
          "BriefTitle":"Trial of Open Versus Laparoscopic Radical Cystectomy at a Laparoscopic Naive Center",
          "OfficialTitle":"Randomised Controlled Trial of Open Versus Laparoscopic Radical Cystectomy at a Laparoscopic Naive Center"
        },
        "StatusModule":{
          "StatusVerifiedDate":"April 2021",
          "OverallStatus":"Completed",
          "ExpandedAccessInfo":{
            "HasExpandedAccess":"No"
          },
          "StartDateStruct":{
            "StartDate":"January 24, 2019",
            "StartDateType":"Actual"
          },
          "PrimaryCompletionDateStruct":{
            "PrimaryCompletionDate":"July 1, 2019",
            "PrimaryCompletionDateType":"Actual"
          },
          "CompletionDateStruct":{
            "CompletionDate":"December 30, 2020",
            "CompletionDateType":"Actual"
          },
          "StudyFirstSubmitDate":"March 30, 2021",
          "StudyFirstSubmitQCDate":"April 8, 2021",
          "StudyFirstPostDateStruct":{
            "StudyFirstPostDate":"April 9, 2021",
            "StudyFirstPostDateType":"Actual"
          },
          "LastUpdateSubmitDate":"April 8, 2021",
          "LastUpdatePostDateStruct":{
            "LastUpdatePostDate":"April 9, 2021",
            "LastUpdatePostDateType":"Actual"
          }
        },
        "SponsorCollaboratorsModule":{
          "ResponsibleParty":{
            "ResponsiblePartyType":"Principal Investigator",
            "ResponsiblePartyInvestigatorFullName":"Ahmed Abdelbary Ali",
            "ResponsiblePartyInvestigatorTitle":"Lecturer of Surgical Oncology",
            "ResponsiblePartyInvestigatorAffiliation":"Cairo University"
          },
          "LeadSponsor":{
            "LeadSponsorName":"Cairo University",
            "LeadSponsorClass":"OTHER"
          }
        },
        "OversightModule":{
          "OversightHasDMC":"No",
          "IsFDARegulatedDrug":"No",
          "IsFDARegulatedDevice":"No"
        },
        "DescriptionModule":{
          "BriefSummary":"This study is a prospective randomised controlled study of urinary bladder cancer patients presented to urology unit at National Cancer Institute; Cairo University.",
          "DetailedDescription":"The study will randomise 60 patients to one of two arms; laparoscopic-assisted radical cystectomy and open radical cystectomy. The focus of the study will be a comparison of both approaches on the patients' peri-operative outcome."
        },
        "ConditionsModule":{
          "ConditionList":{
            "Condition":[
              "Bladder Cancer",
              "Laparoscopy"
            ]
          }
        },
        "DesignModule":{
          "StudyType":"Interventional",
          "PhaseList":{
            "Phase":[
              "Not Applicable"
            ]
          },
          "DesignInfo":{
            "DesignAllocation":"Randomized",
            "DesignInterventionModel":"Parallel Assignment",
            "DesignPrimaryPurpose":"Treatment",
            "DesignMaskingInfo":{
              "DesignMasking":"None (Open Label)"
            }
          },
          "EnrollmentInfo":{
            "EnrollmentCount":"60",
            "EnrollmentType":"Actual"
          }
        },
        "ArmsInterventionsModule":{
          "ArmGroupList":{
            "ArmGroup":[
              {
                "ArmGroupLabel":"Open Radical Cystectomy",
                "ArmGroupType":"Active Comparator",
                "ArmGroupDescription":"Standard open radical cystectomy.",
                "ArmGroupInterventionList":{
                  "ArmGroupInterventionName":[
                    "Procedure: Open radical cystectomy"
                  ]
                }
              },{
                "ArmGroupLabel":"Laparoscopic-assisted radical cystectomy.",
                "ArmGroupType":"Experimental",
                "ArmGroupDescription":"Laparoscopic-assisted radical cystectomy.",
                "ArmGroupInterventionList":{
                  "ArmGroupInterventionName":[
                    "Procedure: Laparoscopic-assisted radical cystectomy"
                  ]
                }
              }
            ]
          },
          "InterventionList":{
            "Intervention":[
              {
                "InterventionType":"Procedure",
                "InterventionName":"Open radical cystectomy",
                "InterventionDescription":"Standard open radical cystectomy and urinary diversion",
                "InterventionArmGroupLabelList":{
                  "InterventionArmGroupLabel":[
                    "Open Radical Cystectomy"
                  ]
                }
              },{
                "InterventionType":"Procedure",
                "InterventionName":"Laparoscopic-assisted radical cystectomy",
                "InterventionDescription":"Laparoscopic-assisted radical cystectomy and extracorporeal urinary diversion",
                "InterventionArmGroupLabelList":{
                  "InterventionArmGroupLabel":[
                    "Laparoscopic-assisted radical cystectomy."
                  ]
                }
              }
            ]
          }
        },
        "OutcomesModule":{
          "PrimaryOutcomeList":{
            "PrimaryOutcome":[
              {
                "PrimaryOutcomeMeasure":"Operative time",
                "PrimaryOutcomeDescription":"OR time as measured in minutes, divided into time required to perform the cystectomy, lymph node dissection, and urinary diversion.",
                "PrimaryOutcomeTimeFrame":"During surgery"
              },{
                "PrimaryOutcomeMeasure":"Blood loss",
                "PrimaryOutcomeDescription":"EBL as measured in millilitres, including the effluent from the suction canister as well as estimates of the gauze swabs.",
                "PrimaryOutcomeTimeFrame":"During surgery"
              },{
                "PrimaryOutcomeMeasure":"Length of hospital stay",
                "PrimaryOutcomeDescription":"LOS as measured in days",
                "PrimaryOutcomeTimeFrame":"Immediate post-operative period."
              },{
                "PrimaryOutcomeMeasure":"Time to oral intake",
                "PrimaryOutcomeDescription":"Measured in days",
                "PrimaryOutcomeTimeFrame":"Immediate post-operative period"
              },{
                "PrimaryOutcomeMeasure":"Conversion rate",
                "PrimaryOutcomeDescription":"Rate of conversion from laparoscopy to open surgery",
                "PrimaryOutcomeTimeFrame":"During surgery"
              },{
                "PrimaryOutcomeMeasure":"Re-admission rate.",
                "PrimaryOutcomeDescription":"Re-hospitalization requirement.",
                "PrimaryOutcomeTimeFrame":"Intra-operative to sixth months."
              },{
                "PrimaryOutcomeMeasure":"Opioid requirements.",
                "PrimaryOutcomeDescription":"Requirement, dose and duration of narcotic analgesia.",
                "PrimaryOutcomeTimeFrame":"During surgery through first post-operative week."
              },{
                "PrimaryOutcomeMeasure":"Visceral injury",
                "PrimaryOutcomeDescription":"Any organ injury encountered during the operation.",
                "PrimaryOutcomeTimeFrame":"During surgery"
              },{
                "PrimaryOutcomeMeasure":"Urine leak",
                "PrimaryOutcomeDescription":"Leakage of urine from urinary enteric anastomosis",
                "PrimaryOutcomeTimeFrame":"Up to 4 weeks"
              },{
                "PrimaryOutcomeMeasure":"Wound dehiscence, infection.",
                "PrimaryOutcomeDescription":"Wound gaping, evisceration or infection.",
                "PrimaryOutcomeTimeFrame":"Up to 4 weeks"
              },{
                "PrimaryOutcomeMeasure":"Enteric fistula",
                "PrimaryOutcomeDescription":"Leakage of intestinal contents due to failure of entero-enteric anastomosis",
                "PrimaryOutcomeTimeFrame":"Up to 4 weeks"
              },{
                "PrimaryOutcomeMeasure":"Sepsis",
                "PrimaryOutcomeDescription":"Infection triggering a systematic immune response",
                "PrimaryOutcomeTimeFrame":"Up to 4 weeks"
              },{
                "PrimaryOutcomeMeasure":"Venous thromboembolism",
                "PrimaryOutcomeDescription":"DVT or pulmonary embolism",
                "PrimaryOutcomeTimeFrame":"Up to 2 months"
              }
            ]
          },
          "SecondaryOutcomeList":{
            "SecondaryOutcome":[
              {
                "SecondaryOutcomeMeasure":"pT stage",
                "SecondaryOutcomeDescription":"Pathologic tumor stage (Stage 1, stage 2, stage 3 or stage 4)",
                "SecondaryOutcomeTimeFrame":"Within 10 days post surgery."
              },{
                "SecondaryOutcomeMeasure":"Lymph node retrieval",
                "SecondaryOutcomeDescription":"Number of lymph nodes retrieved by open versus laparoscopic approaches.",
                "SecondaryOutcomeTimeFrame":"Within 10 days post surgery."
              },{
                "SecondaryOutcomeMeasure":"pN stage",
                "SecondaryOutcomeDescription":"Lymph node metastasis (positive or negative), and number of positive nodes if present.",
                "SecondaryOutcomeTimeFrame":"Within 10 days post surgery."
              },{
                "SecondaryOutcomeMeasure":"Surgical margins",
                "SecondaryOutcomeDescription":"Positive margins or negative margins. Location of positive margins (Urethral, ureteric)",
                "SecondaryOutcomeTimeFrame":"Within 10 days post surgery"
              },{
                "SecondaryOutcomeMeasure":"Histological grade",
                "SecondaryOutcomeDescription":"Low grade, intermediate grade or high grade",
                "SecondaryOutcomeTimeFrame":"Within 10 days post surgery"
              }
            ]
          }
        },
        "EligibilityModule":{
          "EligibilityCriteria":"Inclusion Criteria:\n\nPatients with transitional cell carcinoma, squamous cell carcinoma and urinary bladder adenocarcinoma.\nPatients fit for surgery (ECOG Performance Status 0,1).\n\nExclusion Criteria:\n\nPatients with medical comorbidities that preclude surgical management or minimally invasive techniques.\nPatients with advanced hydronephrosis or renal failure.\nPatients refusing surgery.\nPatients with urinary bladder cancer invading bladder neck or prostatic urethra.\nPatients with metastatic urinary bladder cancer.\nPatients who received prior pelvic radiotherapy.\nPatients refusing randomization and/or participation in the trial.",
          "HealthyVolunteers":"No",
          "Gender":"All",
          "MinimumAge":"30 Years",
          "MaximumAge":"80 Years",
          "StdAgeList":{
            "StdAge":[
              "Adult",
              "Older Adult"
            ]
          }
        },
        "ContactsLocationsModule":{
          "OverallOfficialList":{
            "OverallOfficial":[
              {
                "OverallOfficialName":"Hatem Aboulkassem, M.D., Ph.D.",
                "OverallOfficialAffiliation":"National Cancer Institute, Cairo University",
                "OverallOfficialRole":"Principal Investigator"
              }
            ]
          },
          "LocationList":{
            "Location":[
              {
                "LocationFacility":"National Cancer Institute",
                "LocationCity":"Cairo",
                "LocationZip":"11796",
                "LocationCountry":"Egypt"
              }
            ]
          }
        },
        "IPDSharingStatementModule":{
          "IPDSharing":"No"
        }
      },
      "DerivedSection":{
        "MiscInfoModule":{
          "VersionHolder":"April 19, 2021"
        },
        "ConditionBrowseModule":{
          "ConditionMeshList":{
            "ConditionMesh":[
              {
                "ConditionMeshId":"D000001749",
                "ConditionMeshTerm":"Urinary Bladder Neoplasms"
              }
            ]
          },
          "ConditionAncestorList":{
            "ConditionAncestor":[
              {
                "ConditionAncestorId":"D000014571",
                "ConditionAncestorTerm":"Urologic Neoplasms"
              },{
                "ConditionAncestorId":"D000014565",
                "ConditionAncestorTerm":"Urogenital Neoplasms"
              },{
                "ConditionAncestorId":"D000009371",
                "ConditionAncestorTerm":"Neoplasms by Site"
              },{
                "ConditionAncestorId":"D000009369",
                "ConditionAncestorTerm":"Neoplasms"
              },{
                "ConditionAncestorId":"D000001745",
                "ConditionAncestorTerm":"Urinary Bladder Diseases"
              },{
                "ConditionAncestorId":"D000014570",
                "ConditionAncestorTerm":"Urologic Diseases"
              }
            ]
          },
          "ConditionBrowseLeafList":{
            "ConditionBrowseLeaf":[
              {
                "ConditionBrowseLeafId":"M3612",
                "ConditionBrowseLeafName":"Urinary Bladder Neoplasms",
                "ConditionBrowseLeafAsFound":"Bladder Cancer",
                "ConditionBrowseLeafRelevance":"high"
              },{
                "ConditionBrowseLeafId":"M15903",
                "ConditionBrowseLeafName":"Urologic Neoplasms",
                "ConditionBrowseLeafRelevance":"low"
              },{
                "ConditionBrowseLeafId":"M15898",
                "ConditionBrowseLeafName":"Urogenital Neoplasms",
                "ConditionBrowseLeafRelevance":"low"
              },{
                "ConditionBrowseLeafId":"M3608",
                "ConditionBrowseLeafName":"Urinary Bladder Diseases",
                "ConditionBrowseLeafRelevance":"low"
              },{
                "ConditionBrowseLeafId":"M15902",
                "ConditionBrowseLeafName":"Urologic Diseases",
                "ConditionBrowseLeafRelevance":"low"
              }
            ]
          },
          "ConditionBrowseBranchList":{
            "ConditionBrowseBranch":[
              {
                "ConditionBrowseBranchAbbrev":"BC04",
                "ConditionBrowseBranchName":"Cancers and Other Neoplasms"
              },{
                "ConditionBrowseBranchAbbrev":"BXS",
                "ConditionBrowseBranchName":"Urinary Tract, Sexual Organs, and Pregnancy Conditions"
              },{
                "ConditionBrowseBranchAbbrev":"All",
                "ConditionBrowseBranchName":"All Conditions"
              }
            ]
          }
        }
      }
    }
  }
}

