{
  "FullStudy":{
    "Rank":1428,
    "Study":{
      "ProtocolSection":{
        "IdentificationModule":{
          "NCTId":"NCT04831385",
          "OrgStudyIdInfo":{
            "OrgStudyId":"Version Date 15 April 2021"
          },
          "Organization":{
            "OrgFullName":"Chinese University of Hong Kong",
            "OrgClass":"OTHER"
          },
          "BriefTitle":"The Impact of Cognitive Behavioral Therapy for Insomnia (CBT-I) on Glycemic Control in Older Type 2 Diabetes (T2D) Comorbid With Insomnia",
          "OfficialTitle":"The Impact of Cognitive Behavioral Therapy for Insomnia (CBT-I) on Glycemic Control in Older Type 2 Diabetes (T2D) Comorbid With Insomnia"
        },
        "StatusModule":{
          "StatusVerifiedDate":"April 2021",
          "OverallStatus":"Not yet recruiting",
          "ExpandedAccessInfo":{
            "HasExpandedAccess":"No"
          },
          "StartDateStruct":{
            "StartDate":"September 1, 2021",
            "StartDateType":"Anticipated"
          },
          "PrimaryCompletionDateStruct":{
            "PrimaryCompletionDate":"August 31, 2024",
            "PrimaryCompletionDateType":"Anticipated"
          },
          "CompletionDateStruct":{
            "CompletionDate":"August 31, 2025",
            "CompletionDateType":"Anticipated"
          },
          "StudyFirstSubmitDate":"April 1, 2021",
          "StudyFirstSubmitQCDate":"April 1, 2021",
          "StudyFirstPostDateStruct":{
            "StudyFirstPostDate":"April 5, 2021",
            "StudyFirstPostDateType":"Actual"
          },
          "LastUpdateSubmitDate":"April 1, 2021",
          "LastUpdatePostDateStruct":{
            "LastUpdatePostDate":"April 5, 2021",
            "LastUpdatePostDateType":"Actual"
          }
        },
        "SponsorCollaboratorsModule":{
          "ResponsibleParty":{
            "ResponsiblePartyType":"Principal Investigator",
            "ResponsiblePartyInvestigatorFullName":"Alice Pik Shan KONG",
            "ResponsiblePartyInvestigatorTitle":"Professor",
            "ResponsiblePartyInvestigatorAffiliation":"Chinese University of Hong Kong"
          },
          "LeadSponsor":{
            "LeadSponsorName":"Chinese University of Hong Kong",
            "LeadSponsorClass":"OTHER"
          }
        },
        "OversightModule":{
          "OversightHasDMC":"No",
          "IsFDARegulatedDrug":"No",
          "IsFDARegulatedDevice":"No"
        },
        "DescriptionModule":{
          "BriefSummary":"This study is a RCT aiming to use CBT-I as intervention, compared to usual care as control, to elucidate the effect of CBT-I on glycemic control, sleep quality, psychological outcomes, and cognitive function in Hong Kong Chinese older T2D comorbid with insomnia."
        },
        "ConditionsModule":{
          "ConditionList":{
            "Condition":[
              "Diabetes Mellitus, Type 2"
            ]
          }
        },
        "DesignModule":{
          "StudyType":"Interventional",
          "PhaseList":{
            "Phase":[
              "Not Applicable"
            ]
          },
          "DesignInfo":{
            "DesignAllocation":"Randomized",
            "DesignInterventionModel":"Parallel Assignment",
            "DesignPrimaryPurpose":"Treatment",
            "DesignMaskingInfo":{
              "DesignMasking":"Single",
              "DesignWhoMaskedList":{
                "DesignWhoMasked":[
                  "Participant"
                ]
              }
            }
          },
          "EnrollmentInfo":{
            "EnrollmentCount":"214",
            "EnrollmentType":"Anticipated"
          }
        },
        "ArmsInterventionsModule":{
          "ArmGroupList":{
            "ArmGroup":[
              {
                "ArmGroupLabel":"CBT-i",
                "ArmGroupType":"Experimental",
                "ArmGroupInterventionList":{
                  "ArmGroupInterventionName":[
                    "Behavioral: Cognitive Behavioural Therapy"
                  ]
                }
              },{
                "ArmGroupLabel":"Control (Usual Care)",
                "ArmGroupType":"No Intervention",
                "ArmGroupDescription":"Control"
              }
            ]
          },
          "InterventionList":{
            "Intervention":[
              {
                "InterventionType":"Behavioral",
                "InterventionName":"Cognitive Behavioural Therapy",
                "InterventionDescription":"CBT is a first line therapy for insomnia",
                "InterventionArmGroupLabelList":{
                  "InterventionArmGroupLabel":[
                    "CBT-i"
                  ]
                }
              }
            ]
          }
        },
        "OutcomesModule":{
          "PrimaryOutcomeList":{
            "PrimaryOutcome":[
              {
                "PrimaryOutcomeMeasure":"The primary outcome measure will be changes in glycemic control, as measured by HbA1c, from baseline.",
                "PrimaryOutcomeTimeFrame":"12 months"
              }
            ]
          }
        },
        "EligibilityModule":{
          "EligibilityCriteria":"Inclusion Criteria:\n\nAged ≥65 years;\nT2D with suboptimal glycemic control defined as HbA1c 7.5-10%;\nChinese ethnicity;\nComorbid with insomnia having ISI score >14;\nAble and willing to give informed written consen\n\nExclusion criteria:\n\nCognitive impairment (HK-MoCA score of ≤22);\nDepression (GDS-15 score >8) and other psychiatric disorders e.g. generalized anxiety disorder, restless leg syndrome, schizophrenia to be elucidated by history from research nurse and questionnaires;\nOSA as defined as apnoea-hypopnoea index (AHI) ≥15 events per night;\nBenign prostatic hypertrophy by history and/or elevated PSA and any other chronic medical condition that is likely to affect sleep e.g. chronic pain;\nConcurrent use of hypnotic drugs, psychotic medications and any drugs that are known to affect sleep;\nCerebrovascular accidents, vascular dementia, or any condition that are known to affect cognitive function;\nShift workers;\nHaemoglobinopathies, renal failure, need of regular blood transfusion or any other conditions which will affect the validity of HbA1c in measurement of glycemia;\nAny condition, as judged by the investigators, as ineligible to participate in this study.",
          "HealthyVolunteers":"No",
          "Gender":"All",
          "MinimumAge":"65 Years",
          "StdAgeList":{
            "StdAge":[
              "Older Adult"
            ]
          }
        },
        "IPDSharingStatementModule":{
          "IPDSharing":"No"
        }
      },
      "DerivedSection":{
        "MiscInfoModule":{
          "VersionHolder":"April 19, 2021"
        },
        "ConditionBrowseModule":{
          "ConditionMeshList":{
            "ConditionMesh":[
              {
                "ConditionMeshId":"D000007319",
                "ConditionMeshTerm":"Sleep Initiation and Maintenance Disorders"
              },{
                "ConditionMeshId":"D000003920",
                "ConditionMeshTerm":"Diabetes Mellitus"
              },{
                "ConditionMeshId":"D000003924",
                "ConditionMeshTerm":"Diabetes Mellitus, Type 2"
              }
            ]
          },
          "ConditionAncestorList":{
            "ConditionAncestor":[
              {
                "ConditionAncestorId":"D000044882",
                "ConditionAncestorTerm":"Glucose Metabolism Disorders"
              },{
                "ConditionAncestorId":"D000008659",
                "ConditionAncestorTerm":"Metabolic Diseases"
              },{
                "ConditionAncestorId":"D000004700",
                "ConditionAncestorTerm":"Endocrine System Diseases"
              },{
                "ConditionAncestorId":"D000020919",
                "ConditionAncestorTerm":"Sleep Disorders, Intrinsic"
              },{
                "ConditionAncestorId":"D000020920",
                "ConditionAncestorTerm":"Dyssomnias"
              },{
                "ConditionAncestorId":"D000012893",
                "ConditionAncestorTerm":"Sleep Wake Disorders"
              },{
                "ConditionAncestorId":"D000009422",
                "ConditionAncestorTerm":"Nervous System Diseases"
              },{
                "ConditionAncestorId":"D000001523",
                "ConditionAncestorTerm":"Mental Disorders"
              }
            ]
          },
          "ConditionBrowseLeafList":{
            "ConditionBrowseLeaf":[
              {
                "ConditionBrowseLeafId":"M5698",
                "ConditionBrowseLeafName":"Diabetes Mellitus",
                "ConditionBrowseLeafAsFound":"Diabetes",
                "ConditionBrowseLeafRelevance":"high"
              },{
                "ConditionBrowseLeafId":"M5702",
                "ConditionBrowseLeafName":"Diabetes Mellitus, Type 2",
                "ConditionBrowseLeafAsFound":"Diabetes Mellitus, Type 2",
                "ConditionBrowseLeafRelevance":"high"
              },{
                "ConditionBrowseLeafId":"M8939",
                "ConditionBrowseLeafName":"Sleep Initiation and Maintenance Disorders",
                "ConditionBrowseLeafAsFound":"Insomnia",
                "ConditionBrowseLeafRelevance":"high"
              },{
                "ConditionBrowseLeafId":"M10222",
                "ConditionBrowseLeafName":"Metabolic Diseases",
                "ConditionBrowseLeafRelevance":"low"
              },{
                "ConditionBrowseLeafId":"M23990",
                "ConditionBrowseLeafName":"Glucose Metabolism Disorders",
                "ConditionBrowseLeafRelevance":"low"
              },{
                "ConditionBrowseLeafId":"M6445",
                "ConditionBrowseLeafName":"Endocrine System Diseases",
                "ConditionBrowseLeafRelevance":"low"
              },{
                "ConditionBrowseLeafId":"M20826",
                "ConditionBrowseLeafName":"Parasomnias",
                "ConditionBrowseLeafRelevance":"low"
              },{
                "ConditionBrowseLeafId":"M21238",
                "ConditionBrowseLeafName":"Sleep Disorders, Intrinsic",
                "ConditionBrowseLeafRelevance":"low"
              },{
                "ConditionBrowseLeafId":"M21239",
                "ConditionBrowseLeafName":"Dyssomnias",
                "ConditionBrowseLeafRelevance":"low"
              },{
                "ConditionBrowseLeafId":"M14279",
                "ConditionBrowseLeafName":"Sleep Wake Disorders",
                "ConditionBrowseLeafRelevance":"low"
              },{
                "ConditionBrowseLeafId":"M3396",
                "ConditionBrowseLeafName":"Mental Disorders",
                "ConditionBrowseLeafRelevance":"low"
              },{
                "ConditionBrowseLeafId":"M13056",
                "ConditionBrowseLeafName":"Psychotic Disorders",
                "ConditionBrowseLeafRelevance":"low"
              }
            ]
          },
          "ConditionBrowseBranchList":{
            "ConditionBrowseBranch":[
              {
                "ConditionBrowseBranchAbbrev":"BC18",
                "ConditionBrowseBranchName":"Nutritional and Metabolic Diseases"
              },{
                "ConditionBrowseBranchAbbrev":"BC19",
                "ConditionBrowseBranchName":"Gland and Hormone Related Diseases"
              },{
                "ConditionBrowseBranchAbbrev":"All",
                "ConditionBrowseBranchName":"All Conditions"
              },{
                "ConditionBrowseBranchAbbrev":"BC10",
                "ConditionBrowseBranchName":"Nervous System Diseases"
              },{
                "ConditionBrowseBranchAbbrev":"BXM",
                "ConditionBrowseBranchName":"Behaviors and Mental Disorders"
              },{
                "ConditionBrowseBranchAbbrev":"BC23",
                "ConditionBrowseBranchName":"Symptoms and General Pathology"
              }
            ]
          }
        }
      }
    }
  }
}

