{
  "FullStudy":{
    "Rank":1049,
    "Study":{
      "ProtocolSection":{
        "IdentificationModule":{
          "NCTId":"NCT04836312",
          "OrgStudyIdInfo":{
            "OrgStudyId":"844153"
          },
          "Organization":{
            "OrgFullName":"University of Pennsylvania",
            "OrgClass":"OTHER"
          },
          "BriefTitle":"Intermittent Fasting Adherence and Self Tracking",
          "OfficialTitle":"A Soft Commitment Device to Encourage Intermittent Fasting in Patients With the Metabolic Syndrome",
          "Acronym":"iFAST"
        },
        "StatusModule":{
          "StatusVerifiedDate":"April 2021",
          "OverallStatus":"Not yet recruiting",
          "ExpandedAccessInfo":{
            "HasExpandedAccess":"No"
          },
          "StartDateStruct":{
            "StartDate":"April 2021",
            "StartDateType":"Anticipated"
          },
          "PrimaryCompletionDateStruct":{
            "PrimaryCompletionDate":"April 2022",
            "PrimaryCompletionDateType":"Anticipated"
          },
          "CompletionDateStruct":{
            "CompletionDate":"April 2022",
            "CompletionDateType":"Anticipated"
          },
          "StudyFirstSubmitDate":"March 22, 2021",
          "StudyFirstSubmitQCDate":"April 6, 2021",
          "StudyFirstPostDateStruct":{
            "StudyFirstPostDate":"April 8, 2021",
            "StudyFirstPostDateType":"Actual"
          },
          "LastUpdateSubmitDate":"April 6, 2021",
          "LastUpdatePostDateStruct":{
            "LastUpdatePostDate":"April 8, 2021",
            "LastUpdatePostDateType":"Actual"
          }
        },
        "SponsorCollaboratorsModule":{
          "ResponsibleParty":{
            "ResponsiblePartyType":"Sponsor"
          },
          "LeadSponsor":{
            "LeadSponsorName":"University of Pennsylvania",
            "LeadSponsorClass":"OTHER"
          }
        },
        "OversightModule":{
          "OversightHasDMC":"No",
          "IsFDARegulatedDrug":"No",
          "IsFDARegulatedDevice":"No"
        },
        "DescriptionModule":{
          "BriefSummary":"This pilot study will randomize 34 patients with hypertension and obesity to either time-restricted feeding alone or a commitment device to encourage time-restricted feeding, including a commitment pledge, involvement of a supportive partner, setting of implementation intentions, and multiple daily reminder text messages. The intervention will last 12 weeks, followed by a 6-week follow-up period. The primary outcome is adherence to the IF regimen, captured via daily text message, over 18 weeks",
          "DetailedDescription":"1.1. Non-Pharmacologic Interventions to Improve Blood Pressure Control: Despite the wide availability of multiple classes of antihypertensive agents, compelling data that blood pressure (BP) lowering reduces mortality and cardiovascular events, and decades of public health campaigns, half of American adults with hypertension do not achieve adequate BP control. Randomized controlled trials of interventions to improve BP control in patients with hypertension have largely focused on home blood pressure monitoring, nurse- or pharmacist-lead education and medication titration, and/or financial incentives. Though many of these interventions improve short-term blood pressure control, they are cost-additive to health systems, post-intervention data is mixed, and none have been widely implemented.\n\nThough consensus guidelines recommend dietary changes to improve hypertension control, with a particular recommendation in favor of the DASH (Dietary Approaches to Stop Hypertension) diet, very few U.S. patients adhere to this complex dietary pattern. The DASH diet reduced systolic BP (SBP) by 11 mmHg in randomized controlled trials in which participants were provided with food, and 4 mmHg in a study testing a 6-month, 18-visit intensive lifestyle intervention intended to promote the DASH diet; however, BP control was not sustained 12 months after the end of the intensive intervention.\n\n1.2. Effect of Intermittent Fasting on Metabolic Parameters: In contrast to the DASH diet, intermittent fasting (IF) is a dietary pattern that emphasizes temporal restriction of caloric intake rather than restricting the number of calories and/or changing the types of foods eaten. The simplest and most popular variation of IF involves restricting caloric intake to an 8-hour period each day, and consuming no calories for the other 16 hours (so-called 16:8 time-restricted feeding). In animal studies, IF has been shown to activate cellular pathways with potential disease-modifying benefits in a number of conditions. In small human studies, IF is associated with a reduction in SBP by 5-10 mmHg, LDL cholesterol by ~8 mg/dl, and weight by ~ 3 kg, though none of the studies of a time-restricted feeding regimen included concurrent controls. Some patients report that IF is easier to initiate and maintain than other dietary patterns, though this has not been tested empirically.\n\n1.3. Commitment Devices to Promote Healthy Behaviors: Commitment devices are centered in theoretical research that posits a planner-doer framework, wherein an individual can be conceptualized as dual sub-selves: The planner, who cares about long-term well-being; and the doer, who cares only for the present and prioritizes immediate payoffs. Conflict between the motivations and priorities of the planner and the doer sub-selves results in failure to follow-through with a plan when the moment to act arrives. Commitment devices are mechanisms by which the planner sub-self constrains the actions of their future doer sub-self by making certain choices more costly. Hard commitments impose a financial penalty for failing to follow through on the commitment, and soft commitments impose a psychological penalty. Hard commitments have been shown to change health behaviors, as in a study where smokers forfeited money deposited in a savings account if they failed to quit smoking after 6 months. However, monetary losses may not be attractive to many people, and effective soft commitment devices may be more appealing.\n\nPre-clinical research suggests that both intra- and interpersonal commitments might be useful components of a soft commitment device. Intrapersonal commitments have also been framed as implementation intentions, or specific plans as to where, how, and/or when an action will be taken. In small experiments, smokers who set a quit date were more likely to quit, and college students who set a date and time to visit a vaccination clinic were more likely to receive their vaccination. Interpersonal commitments leverage social networks, so that the penalty involves letting down a support partner. Involvement of social networks has been used to increase physical activity and improve control of weight and blood glucose in patients with obesity and diabetes. Social networks have been used explicitly within the context of commitment devices to encourage deposits in a savings account in a study of Chilean micro-entrepreneurs who either attended or did not attend a weekly peer support group meeting. Weight loss studies encouraging participants to exercise and change their eating behavior have employed commitment devices, including some that leveraged the involvement of family members or friends of the participant, with mixed results.\n\n1.4 Rationale for the IFAST Study: The IF dietary pattern, though not inspired by behavioral economic concepts, is structured to take advantage of them and thus may be particularly amenable to a robust commitment device intervention. Changing one's eating patterns to a complex new diet is a cognitively intense process that requires active consideration of complex information multiple times per day, leading to cognitive overload and impaired decision-making. By contrast, IF, especially time-restricted feeding, is cognitively very simple. This simplicity may help participants avoid cognitive overload, initiate the dietary pattern and adhere over the long term.\n\nThis study seeks to test how a robust soft commitment device, incorporating both intra- and interpersonal commitments, affects uptake and adherence to an intermittent fasting dietary pattern, as compared with control, in patients with obesity and hypertension"
        },
        "ConditionsModule":{
          "ConditionList":{
            "Condition":[
              "Hypertension",
              "Obesity"
            ]
          }
        },
        "DesignModule":{
          "StudyType":"Interventional",
          "PhaseList":{
            "Phase":[
              "Not Applicable"
            ]
          },
          "DesignInfo":{
            "DesignAllocation":"Randomized",
            "DesignInterventionModel":"Parallel Assignment",
            "DesignPrimaryPurpose":"Health Services Research",
            "DesignMaskingInfo":{
              "DesignMasking":"Double",
              "DesignWhoMaskedList":{
                "DesignWhoMasked":[
                  "Investigator",
                  "Outcomes Assessor"
                ]
              }
            }
          },
          "EnrollmentInfo":{
            "EnrollmentCount":"34",
            "EnrollmentType":"Anticipated"
          }
        },
        "ArmsInterventionsModule":{
          "ArmGroupList":{
            "ArmGroup":[
              {
                "ArmGroupLabel":"Attention Control",
                "ArmGroupType":"No Intervention",
                "ArmGroupDescription":"Patients will be instructed via text message and email to fast at least 16 hours per day every day. For the next 18 weeks, they will receive a daily text message via the Way to Health platform asking if they fasted for at least 16 hours over the past 24 hours. If they fail to respond, reminder text messages will be sent. Once per week, they will receive a text message asking them to weigh themselves and check their blood pressure, and reply with the results via text message"
              },{
                "ArmGroupLabel":"Soft Commitment Device",
                "ArmGroupType":"Experimental",
                "ArmGroupDescription":"Patients randomized to the commitment device arm will be asked to visit the Way to Health platform. There, they will identify a support person, a family or friend who they speak to frequently and who is invested in their health. They will then complete a series of questions intended to create implementation intentions. Specifically, they will pick a time for their fast to begin each 24-hour period and a time for their fast to end. They will also develop strategies to deal with hunger arising during a fast period. After this process, they will sign a contract pledging to adhere to the 16:8 time-restricted feeding dietary pattern, and acknowledging that their support person will receive a copy of the contract and weekly updates about their adherence to the regimen.",
                "ArmGroupInterventionList":{
                  "ArmGroupInterventionName":[
                    "Behavioral: Soft Commitment Device"
                  ]
                }
              }
            ]
          },
          "InterventionList":{
            "Intervention":[
              {
                "InterventionType":"Behavioral",
                "InterventionName":"Soft Commitment Device",
                "InterventionDescription":"Patients randomized to the commitment device arm will be asked to visit the Way to Health platform. There, they will identify a support person, a family or friend who they speak to frequently and who is invested in their health. They will then complete a series of questions intended to create implementation intentions. Specifically, they will pick a time for their fast to begin each 24-hour period and a time for their fast to end. They will also develop strategies to deal with hunger arising during a fast period. After this process, they will sign a contract pledging to adhere to the 16:8 time-restricted feeding dietary pattern, and acknowledging that their support person will receive a copy of the contract and weekly updates about their adherence to the regimen.",
                "InterventionArmGroupLabelList":{
                  "InterventionArmGroupLabel":[
                    "Soft Commitment Device"
                  ]
                }
              }
            ]
          }
        },
        "OutcomesModule":{
          "PrimaryOutcomeList":{
            "PrimaryOutcome":[
              {
                "PrimaryOutcomeMeasure":"Adherence to the Intermittent Fasting regimen, captured via daily text message, over 18 weeks, expressed in days per week",
                "PrimaryOutcomeDescription":"Adherence to the IF regimen, captured via daily text message, over 18 weeks, expressed in days per week. This will measure adherence to the IF regimen throughout the 12 week intervention period and the 6 week follow-up period.",
                "PrimaryOutcomeTimeFrame":"Weeks 1-18"
              }
            ]
          },
          "SecondaryOutcomeList":{
            "SecondaryOutcome":[
              {
                "SecondaryOutcomeMeasure":"Adherence to the IF regimen, captured via daily text message, over 12 weeks, expressed in days per week",
                "SecondaryOutcomeDescription":"Adherence to the IF regimen, captured via daily text message, over 12 weeks, expressed in days per week. This will measure adherence to the IF regimen for the 12 week intervention period only.",
                "SecondaryOutcomeTimeFrame":"Weeks 1-12"
              },{
                "SecondaryOutcomeMeasure":"Change in systolic blood pressure from baseline to 12 weeks and 18 weeks",
                "SecondaryOutcomeDescription":"Change in systolic blood pressure from baseline to 12 weeks and 18 weeks. This will be measured using a wrist-worn blood pressure cuff and captured via text messages.",
                "SecondaryOutcomeTimeFrame":"Weeks 1-12 and Weeks 1-18"
              },{
                "SecondaryOutcomeMeasure":"Change in weight from baseline to 12 weeks and 18 weeks",
                "SecondaryOutcomeDescription":"Change in weight from baseline to 12 weeks and 18 weeks. This will be measured using a digital scale and captured via text messages.",
                "SecondaryOutcomeTimeFrame":"Weeks 1-12 and Weeks 1-18"
              }
            ]
          },
          "OtherOutcomeList":{
            "OtherOutcome":[
              {
                "OtherOutcomeMeasure":"Exploratory analyses will compare change in blood pressure in patients that were adherent to IF ≥ 4 days per week vs. < 4 days per week",
                "OtherOutcomeDescription":"Exploratory analyses will compare change in blood pressure in patients that were adherent to IF ≥ 4 days per week vs. < 4 days per week. This will be captured using wrist-worn blood pressure cuffs. The values will be reported via text messages.",
                "OtherOutcomeTimeFrame":"Weeks 1-18"
              },{
                "OtherOutcomeMeasure":"Exploratory analyses will compare change in weight in patients that were adherent to IF ≥ 4 days per week vs. < 4 days per week",
                "OtherOutcomeDescription":"Exploratory analyses will compare change in weight in patients that were adherent to IF ≥ 4 days per week vs. < 4 days per week. This will be captured using digital scales. The values will be reported via text messages.",
                "OtherOutcomeTimeFrame":"Weeks 1-18"
              }
            ]
          }
        },
        "EligibilityModule":{
          "EligibilityCriteria":"Inclusion Criteria:\n\nAge 18 or older\nBody mass index > 30 kg/m2\nSystolic blood pressure > 150 mmHg\nOwns a smartphone or tablet operating the iOS or Android operating system\n\nExclusion Criteria:\n\nUnable or unwilling to provide informed consent, including but not limited to cognitive or language barriers (reading or comprehension)\nType 1 diabetes\nUse of insulin or insulin secretagogues (sulfonylureas, metaglinides)\nUse of medications that require food intake\nOngoing use of pharmacologic therapy for weight loss\nSelf-reported eating disorder\nOther medical condition that could be harmed by intermittent fasting as judged by study physician\nAnticipated life expectancy less than 6 months\nAny other reason why it is not feasible to complete the entire 6-month study",
          "HealthyVolunteers":"No",
          "Gender":"All",
          "MinimumAge":"18 Years",
          "StdAgeList":{
            "StdAge":[
              "Adult",
              "Older Adult"
            ]
          }
        },
        "ContactsLocationsModule":{
          "CentralContactList":{
            "CentralContact":[
              {
                "CentralContactName":"Rachel Djaraher",
                "CentralContactRole":"Contact",
                "CentralContactPhone":"5702596814",
                "CentralContactEMail":"racheldj@pennmedicine.upenn.edu"
              },{
                "CentralContactName":"Catherine Reale",
                "CentralContactRole":"Contact",
                "CentralContactEMail":"Catherine.Reale@pennmedicine.upenn.edu"
              }
            ]
          },
          "OverallOfficialList":{
            "OverallOfficial":[
              {
                "OverallOfficialName":"Mitesh Patel, MD, MBA, MS",
                "OverallOfficialAffiliation":"University of Pennsylvania",
                "OverallOfficialRole":"Principal Investigator"
              },{
                "OverallOfficialName":"Alex Fanaroff, MD, MHS",
                "OverallOfficialAffiliation":"University of Pennsylvania",
                "OverallOfficialRole":"Principal Investigator"
              }
            ]
          }
        },
        "IPDSharingStatementModule":{
          "IPDSharing":"No"
        }
      },
      "DerivedSection":{
        "MiscInfoModule":{
          "VersionHolder":"April 19, 2021"
        },
        "ConditionBrowseModule":{
          "ConditionMeshList":{
            "ConditionMesh":[
              {
                "ConditionMeshId":"D000006973",
                "ConditionMeshTerm":"Hypertension"
              }
            ]
          },
          "ConditionAncestorList":{
            "ConditionAncestor":[
              {
                "ConditionAncestorId":"D000014652",
                "ConditionAncestorTerm":"Vascular Diseases"
              },{
                "ConditionAncestorId":"D000002318",
                "ConditionAncestorTerm":"Cardiovascular Diseases"
              }
            ]
          },
          "ConditionBrowseLeafList":{
            "ConditionBrowseLeaf":[
              {
                "ConditionBrowseLeafId":"M14938",
                "ConditionBrowseLeafName":"Syndrome",
                "ConditionBrowseLeafRelevance":"low"
              },{
                "ConditionBrowseLeafId":"M11284",
                "ConditionBrowseLeafName":"Obesity",
                "ConditionBrowseLeafRelevance":"low"
              },{
                "ConditionBrowseLeafId":"M8607",
                "ConditionBrowseLeafName":"Hypertension",
                "ConditionBrowseLeafAsFound":"Hypertension",
                "ConditionBrowseLeafRelevance":"high"
              },{
                "ConditionBrowseLeafId":"M21589",
                "ConditionBrowseLeafName":"Metabolic Syndrome",
                "ConditionBrowseLeafRelevance":"low"
              },{
                "ConditionBrowseLeafId":"M15983",
                "ConditionBrowseLeafName":"Vascular Diseases",
                "ConditionBrowseLeafRelevance":"low"
              }
            ]
          },
          "ConditionBrowseBranchList":{
            "ConditionBrowseBranch":[
              {
                "ConditionBrowseBranchAbbrev":"BC23",
                "ConditionBrowseBranchName":"Symptoms and General Pathology"
              },{
                "ConditionBrowseBranchAbbrev":"All",
                "ConditionBrowseBranchName":"All Conditions"
              },{
                "ConditionBrowseBranchAbbrev":"BC18",
                "ConditionBrowseBranchName":"Nutritional and Metabolic Diseases"
              },{
                "ConditionBrowseBranchAbbrev":"BC14",
                "ConditionBrowseBranchName":"Heart and Blood Diseases"
              }
            ]
          }
        }
      }
    }
  }
}

