{
  "FullStudy":{
    "Rank":1103,
    "Study":{
      "ProtocolSection":{
        "IdentificationModule":{
          "NCTId":"NCT04835610",
          "OrgStudyIdInfo":{
            "OrgStudyId":"09.2020.132"
          },
          "Organization":{
            "OrgFullName":"Marmara University",
            "OrgClass":"OTHER"
          },
          "BriefTitle":"Effectiveness of Finger and Forehead Plethysmographic Variability Index Monitoring in Pediatric Patients",
          "OfficialTitle":"The Comparison of the Effectiveness of Finger and Forehead Plethysmographic Variability Index Monitoring in Pediatric Patients"
        },
        "StatusModule":{
          "StatusVerifiedDate":"April 2021",
          "OverallStatus":"Completed",
          "ExpandedAccessInfo":{
            "HasExpandedAccess":"No"
          },
          "StartDateStruct":{
            "StartDate":"January 20, 2020",
            "StartDateType":"Actual"
          },
          "PrimaryCompletionDateStruct":{
            "PrimaryCompletionDate":"April 2, 2020",
            "PrimaryCompletionDateType":"Actual"
          },
          "CompletionDateStruct":{
            "CompletionDate":"April 27, 2020",
            "CompletionDateType":"Actual"
          },
          "StudyFirstSubmitDate":"April 5, 2021",
          "StudyFirstSubmitQCDate":"April 5, 2021",
          "StudyFirstPostDateStruct":{
            "StudyFirstPostDate":"April 8, 2021",
            "StudyFirstPostDateType":"Actual"
          },
          "LastUpdateSubmitDate":"April 5, 2021",
          "LastUpdatePostDateStruct":{
            "LastUpdatePostDate":"April 8, 2021",
            "LastUpdatePostDateType":"Actual"
          }
        },
        "SponsorCollaboratorsModule":{
          "ResponsibleParty":{
            "ResponsiblePartyType":"Principal Investigator",
            "ResponsiblePartyInvestigatorFullName":"Ulgen Zengin",
            "ResponsiblePartyInvestigatorTitle":"assistant professor",
            "ResponsiblePartyInvestigatorAffiliation":"Marmara University"
          },
          "LeadSponsor":{
            "LeadSponsorName":"Marmara University",
            "LeadSponsorClass":"OTHER"
          }
        },
        "OversightModule":{
          "IsFDARegulatedDrug":"No",
          "IsFDARegulatedDevice":"Yes"
        },
        "DescriptionModule":{
          "BriefSummary":"In pediatric surgical patients, the sensitivity of forehead and finger PVI monitoring was similar for the prediction of fluid responsiveness, whereas the specificity of forehead monitoring was higher. The use of forehead PVI probes in the fluid management of these patients seemed to be appropriate because cephalic region was not affected by low perfusion states.",
          "DetailedDescription":"he Plethysmographic Variability Index (PVI) can be measured with both finger and forehead probes. Vasoconstriction may reduce the reliability of PVI measurements in pediatric surgical patients prone to hypothermia. The vascular structure of the forehead area is resistant to changes in vasomotor tonus. The aim of our study is to compare the efficacy of PVI values measured at the finger and forehead areas to predict fluid responsiveness in these patients.\n\nFifty pediatric patients with obtained parental consent and ethics committee approval underwent elective minor surgery were included into the study. Basic monitoring, finger and forehead perfusion index (PI) and PVI monitoring were applied. Hemodynamic parameters, PI, PVI, cardiac output (CO) values were recorded. The 15% increase in CO with passive leg raise (PLR) maneuver was estimated as fluid responsiveness. Two groups were created: Group R (fluid responsive); Group NR (fluid nonresponsive). Mann-Whitney U, t, chi-square and ROC tests were used in statistical evaluation."
        },
        "ConditionsModule":{
          "ConditionList":{
            "Condition":[
              "PVI"
            ]
          }
        },
        "DesignModule":{
          "StudyType":"Observational",
          "PatientRegistry":"Yes",
          "TargetDuration":"6 Months",
          "DesignInfo":{
            "DesignObservationalModelList":{
              "DesignObservationalModel":[
                "Case-Only"
              ]
            },
            "DesignTimePerspectiveList":{
              "DesignTimePerspective":[
                "Prospective"
              ]
            }
          },
          "EnrollmentInfo":{
            "EnrollmentCount":"2",
            "EnrollmentType":"Actual"
          }
        },
        "ArmsInterventionsModule":{
          "ArmGroupList":{
            "ArmGroup":[
              {
                "ArmGroupLabel":"PVI values",
                "ArmGroupDescription":"PVI values measured at the finger and forehead areas in pediatric patients",
                "ArmGroupInterventionList":{
                  "ArmGroupInterventionName":[
                    "Device: pvi"
                  ]
                }
              },{
                "ArmGroupLabel":"no control group",
                "ArmGroupDescription":"no control group",
                "ArmGroupInterventionList":{
                  "ArmGroupInterventionName":[
                    "Device: pvi"
                  ]
                }
              }
            ]
          },
          "InterventionList":{
            "Intervention":[
              {
                "InterventionType":"Device",
                "InterventionName":"pvi",
                "InterventionDescription":"The Plethysmographic Variability Index (PVI) can be measured with both finger and forehead probes. Vasoconstriction may reduce the reliability of PVI measurements in pediatric surgical patients prone to hypothermia. The vascular structure of the forehead area is resistant to changes in vasomotor tonus. The aim of our study is to compare the efficacy of PVI values measured at the finger and forehead areas to predict fluid responsiveness in these patients.",
                "InterventionArmGroupLabelList":{
                  "InterventionArmGroupLabel":[
                    "PVI values",
                    "no control group"
                  ]
                }
              }
            ]
          }
        },
        "OutcomesModule":{
          "PrimaryOutcomeList":{
            "PrimaryOutcome":[
              {
                "PrimaryOutcomeMeasure":"The Plethysmographic Variability Index (PVI)",
                "PrimaryOutcomeDescription":"The Plethysmographic Variability Index (PVI) can be measured with both finger and forehead probes by pvi monitoring.",
                "PrimaryOutcomeTimeFrame":"15 minute intervals during surgery"
              }
            ]
          },
          "SecondaryOutcomeList":{
            "SecondaryOutcome":[
              {
                "SecondaryOutcomeMeasure":"Cardiac output (CO)",
                "SecondaryOutcomeDescription":"Cardiac output (CO) values were recorded by noninvasive cardiac output monitoring",
                "SecondaryOutcomeTimeFrame":"15 minute intervals during surgery"
              }
            ]
          }
        },
        "EligibilityModule":{
          "EligibilityCriteria":"Inclusion Criteria:\n\nwritten consent from their parents, patients undergoing elective minor surgery with bleeding less than 500ml, Children between the ages of 5-12.\n\nExclusion Criteria:\n\nthose who stay in the specified age range, those with cardiopulmonary disease, spontaneous breathing, positive allen test, peripheral circulatory failure, vasopressor therapy, anemia, hypothermic",
          "Gender":"All",
          "MinimumAge":"5 Years",
          "MaximumAge":"12 Years",
          "StdAgeList":{
            "StdAge":[
              "Child"
            ]
          },
          "StudyPopulation":"pediatric patients",
          "SamplingMethod":"Probability Sample"
        },
        "ContactsLocationsModule":{
          "OverallOfficialList":{
            "OverallOfficial":[
              {
                "OverallOfficialName":"ulgen zengin",
                "OverallOfficialAffiliation":"Marmara University",
                "OverallOfficialRole":"Principal Investigator"
              }
            ]
          },
          "LocationList":{
            "Location":[
              {
                "LocationFacility":"Marmara University",
                "LocationCity":"Istanbul",
                "LocationState":"Maltepe",
                "LocationZip":"34854",
                "LocationCountry":"Turkey"
              }
            ]
          }
        },
        "IPDSharingStatementModule":{
          "IPDSharing":"Undecided"
        }
      },
      "DerivedSection":{
        "MiscInfoModule":{
          "VersionHolder":"April 19, 2021"
        }
      }
    }
  }
}

