{
  "FullStudy":{
    "Rank":1255,
    "Study":{
      "ProtocolSection":{
        "IdentificationModule":{
          "NCTId":"NCT04833634",
          "OrgStudyIdInfo":{
            "OrgStudyId":"AAG-O-H-2008"
          },
          "Organization":{
            "OrgFullName":"Aesculap AG",
            "OrgClass":"INDUSTRY"
          },
          "BriefTitle":"Follow-Up of the Prevision® Hip Stem",
          "OfficialTitle":"Retrospective Follow-Up of the Prevision® Hip Stem in a Consecutive Case Series",
          "Acronym":"PRESPECT"
        },
        "StatusModule":{
          "StatusVerifiedDate":"April 2021",
          "OverallStatus":"Not yet recruiting",
          "ExpandedAccessInfo":{
            "HasExpandedAccess":"No"
          },
          "StartDateStruct":{
            "StartDate":"April 2021",
            "StartDateType":"Anticipated"
          },
          "PrimaryCompletionDateStruct":{
            "PrimaryCompletionDate":"February 2022",
            "PrimaryCompletionDateType":"Anticipated"
          },
          "CompletionDateStruct":{
            "CompletionDate":"May 2022",
            "CompletionDateType":"Anticipated"
          },
          "StudyFirstSubmitDate":"April 1, 2021",
          "StudyFirstSubmitQCDate":"April 5, 2021",
          "StudyFirstPostDateStruct":{
            "StudyFirstPostDate":"April 6, 2021",
            "StudyFirstPostDateType":"Actual"
          },
          "LastUpdateSubmitDate":"April 5, 2021",
          "LastUpdatePostDateStruct":{
            "LastUpdatePostDate":"April 6, 2021",
            "LastUpdatePostDateType":"Actual"
          }
        },
        "SponsorCollaboratorsModule":{
          "ResponsibleParty":{
            "ResponsiblePartyType":"Sponsor"
          },
          "LeadSponsor":{
            "LeadSponsorName":"Aesculap AG",
            "LeadSponsorClass":"INDUSTRY"
          }
        },
        "OversightModule":{},
        "DescriptionModule":{
          "BriefSummary":"The main objective of this study is to represent the treatment reality at the study site and to draw conclusions from cases of failure or suboptimal outcome. Potential risk factors for revision surgery, suboptimal outcome or radiologic sign of loosening, bone non-union or stem subsidence will be evaluated. Next to the functional outcome, stem subsidence will be used as an important indicator for a stable fixation of the revision stem."
        },
        "ConditionsModule":{
          "ConditionList":{
            "Condition":[
              "Periprosthetic Fracture Around Prosthetic Joint Implant",
              "Aseptic Loosening of Prosthetic Joint"
            ]
          },
          "KeywordList":{
            "Keyword":[
              "arthroplasty, replacement, hip",
              "implant failure",
              "failed primary hip arthroplasty",
              "severe bone defects",
              "complex bone fractures",
              "septic loosening",
              "poor bone remodeling"
            ]
          }
        },
        "DesignModule":{
          "StudyType":"Observational",
          "DesignInfo":{
            "DesignObservationalModelList":{
              "DesignObservationalModel":[
                "Case-Only"
              ]
            },
            "DesignTimePerspectiveList":{
              "DesignTimePerspective":[
                "Retrospective"
              ]
            }
          },
          "EnrollmentInfo":{
            "EnrollmentCount":"80",
            "EnrollmentType":"Anticipated"
          }
        },
        "OutcomesModule":{
          "PrimaryOutcomeList":{
            "PrimaryOutcome":[
              {
                "PrimaryOutcomeMeasure":"Hip stem survival measured by Kaplan-Meier",
                "PrimaryOutcomeDescription":"The primary endpoint of the study is hip stem survival, which is a common indicator for implant performance, which can also be used for comparison with implant registry data.",
                "PrimaryOutcomeTimeFrame":"One scheduled Follow-Up visit per patient, 2-7 years after initial implantation"
              }
            ]
          },
          "SecondaryOutcomeList":{
            "SecondaryOutcome":[
              {
                "SecondaryOutcomeMeasure":"Functional Outcome: Oxford Hip Score",
                "SecondaryOutcomeDescription":"The Oxford Hip Score is a 12-item questionnaire that assesses hip function and pain. The score ranges between 12 and 60, with a lower score indicating less disability",
                "SecondaryOutcomeTimeFrame":"One scheduled Follow-Up visit per patient, 2-7 years after initial implantation"
              },{
                "SecondaryOutcomeMeasure":"Patient satisfaction with their endoprosthetic revision treatment",
                "SecondaryOutcomeDescription":"The Patients are asked to grade their level of satisfaction with the outcome of the surgery at time of follow-up, with the grades: \"very dissatisfied\", \"dissatisfied\", \"satisfied\", \"very satisfied\".\n\nThe grades may be summarized as \"satisfied\" vs. \"dissatisfied\".",
                "SecondaryOutcomeTimeFrame":"One scheduled Follow-Up visit per patient, 2-7 years after initial implantation"
              },{
                "SecondaryOutcomeMeasure":"Radiological evaluation (standard x-rays): Bone healing",
                "SecondaryOutcomeDescription":"Union of the osteotomy\n\no Healing of the fracture and of the greater trochanter, if applicable",
                "SecondaryOutcomeTimeFrame":"One scheduled Follow-Up visit per patient, 2-7 years after initial implantation"
              },{
                "SecondaryOutcomeMeasure":"Radiological evaluation (standard x-rays): osseointegration",
                "SecondaryOutcomeDescription":"Distal and proximal radiographic bone ingrowth and Qualitative proximal remodeling",
                "SecondaryOutcomeTimeFrame":"One scheduled Follow-Up visit per patient, 2-7 years after initial implantation"
              },{
                "SecondaryOutcomeMeasure":"Radiological evaluation (standard x-rays): radiographic loosening",
                "SecondaryOutcomeDescription":"Signs of radiographic loosening in the distal fixation zone",
                "SecondaryOutcomeTimeFrame":"One scheduled Follow-Up visit per patient, 2-7 years after initial implantation"
              },{
                "SecondaryOutcomeMeasure":"Radiological evaluation (standard x-rays): stem subsidence",
                "SecondaryOutcomeDescription":"Stem subsidence from ap x-rays using landmarks of the femur (typically lesser trochanter) and of the prosthesis",
                "SecondaryOutcomeTimeFrame":"One scheduled Follow-Up visit per patient, 2-7 years after initial implantation"
              },{
                "SecondaryOutcomeMeasure":"Leg length difference",
                "SecondaryOutcomeDescription":"Discrepancy of leg length is often considered to be a problem after total hip replacement and can adversely affect an otherwise excellent outcome and may be associated with patient dissatisfaction.",
                "SecondaryOutcomeTimeFrame":"One scheduled Follow-Up visit per patient, 2-7 years after initial implantation"
              },{
                "SecondaryOutcomeMeasure":"Descriptive Analysis of (Serious) adverse events",
                "SecondaryOutcomeDescription":"(Serious) adverse events that are potentially related to the Total hip arthroplasty (THA) procedure or the THA implants will be recorded. These are events as reported by the patient, observed in the follow-up examinations or taken from the patient record",
                "SecondaryOutcomeTimeFrame":"One scheduled Follow-Up visit per patient, 2-7 years after initial implantation"
              }
            ]
          },
          "OtherOutcomeList":{
            "OtherOutcome":[
              {
                "OtherOutcomeMeasure":"Descriptive Analysis of Patient characteristics",
                "OtherOutcomeDescription":"Age, weight, gender, date of surgery, indication for revision, comorbidities, intraoperative details",
                "OtherOutcomeTimeFrame":"One scheduled Follow-Up visit per patient, 2-7 years after initial implantation"
              }
            ]
          }
        },
        "EligibilityModule":{
          "EligibilityCriteria":"Inclusion Criteria:\n\nAll patients implanted with a Prevision® hip stem at the study site between 2014 and 2019\nWritten informed patient consent\n\nExclusion Criteria:\n\n- Patients < 18 years at surgery",
          "HealthyVolunteers":"No",
          "Gender":"All",
          "MinimumAge":"18 Years",
          "StdAgeList":{
            "StdAge":[
              "Adult",
              "Older Adult"
            ]
          },
          "StudyPopulation":"All patients were implanted 2-7 year before the start of the retrospective study activities.",
          "SamplingMethod":"Non-Probability Sample"
        },
        "ContactsLocationsModule":{
          "CentralContactList":{
            "CentralContact":[
              {
                "CentralContactName":"Lutz Dreyer, Dr.",
                "CentralContactRole":"Contact",
                "CentralContactPhone":"+49-7461-95",
                "CentralContactPhoneExt":"0",
                "CentralContactEMail":"lutz.dreyer@aesculap.de"
              },{
                "CentralContactName":"Stefan Maenz, Dr.",
                "CentralContactRole":"Contact",
                "CentralContactPhone":"+49-7461-95",
                "CentralContactPhoneExt":"0"
              }
            ]
          },
          "LocationList":{
            "Location":[
              {
                "LocationFacility":"Caritas-Krankenhaus Bad Mergentheim, Klinik für Orthopädie und Unfallchirurgie",
                "LocationCity":"Bad Mergentheim",
                "LocationZip":"97980",
                "LocationCountry":"Germany",
                "LocationContactList":{
                  "LocationContact":[
                    {
                      "LocationContactName":"Christoph Eingartner, Prof. Dr. med",
                      "LocationContactRole":"Contact",
                      "LocationContactPhone":"+49-7931-58",
                      "LocationContactPhoneExt":"0",
                      "LocationContactEMail":"christoph.eingartner@ckbm.de"
                    }
                  ]
                }
              }
            ]
          }
        }
      },
      "DerivedSection":{
        "MiscInfoModule":{
          "VersionHolder":"April 19, 2021"
        },
        "ConditionBrowseModule":{
          "ConditionMeshList":{
            "ConditionMesh":[
              {
                "ConditionMeshId":"D000057068",
                "ConditionMeshTerm":"Periprosthetic Fractures"
              }
            ]
          },
          "ConditionAncestorList":{
            "ConditionAncestor":[
              {
                "ConditionAncestorId":"D000050723",
                "ConditionAncestorTerm":"Fractures, Bone"
              },{
                "ConditionAncestorId":"D000014947",
                "ConditionAncestorTerm":"Wounds and Injuries"
              }
            ]
          },
          "ConditionBrowseLeafList":{
            "ConditionBrowseLeaf":[
              {
                "ConditionBrowseLeafId":"M24957",
                "ConditionBrowseLeafName":"Fractures, Bone",
                "ConditionBrowseLeafRelevance":"low"
              },{
                "ConditionBrowseLeafId":"M27280",
                "ConditionBrowseLeafName":"Periprosthetic Fractures",
                "ConditionBrowseLeafAsFound":"Periprosthetic Fractures",
                "ConditionBrowseLeafRelevance":"high"
              },{
                "ConditionBrowseLeafId":"M16268",
                "ConditionBrowseLeafName":"Wounds and Injuries",
                "ConditionBrowseLeafRelevance":"low"
              }
            ]
          },
          "ConditionBrowseBranchList":{
            "ConditionBrowseBranch":[
              {
                "ConditionBrowseBranchAbbrev":"BC26",
                "ConditionBrowseBranchName":"Wounds and Injuries"
              },{
                "ConditionBrowseBranchAbbrev":"All",
                "ConditionBrowseBranchName":"All Conditions"
              }
            ]
          }
        }
      }
    }
  }
}

