{
  "FullStudy":{
    "Rank":1438,
    "Study":{
      "ProtocolSection":{
        "IdentificationModule":{
          "NCTId":"NCT04831255",
          "OrgStudyIdInfo":{
            "OrgStudyId":"21584"
          },
          "Organization":{
            "OrgFullName":"University of Virginia",
            "OrgClass":"OTHER"
          },
          "BriefTitle":"ZILRETTA™ for Treatment of Idiopathic Adhesive Capsulitis",
          "OfficialTitle":"A Stratified Investigation of a Single Injection of ZILRETTA™ (Triamcinolone Acetonide Extended-release Injectable Suspension) for Symptomatic Relief in Patients With Idiopathic Adhesive Capsulitis of the Shoulder"
        },
        "StatusModule":{
          "StatusVerifiedDate":"April 2021",
          "OverallStatus":"Recruiting",
          "ExpandedAccessInfo":{
            "HasExpandedAccess":"No"
          },
          "StartDateStruct":{
            "StartDate":"June 21, 2019",
            "StartDateType":"Actual"
          },
          "PrimaryCompletionDateStruct":{
            "PrimaryCompletionDate":"July 31, 2023",
            "PrimaryCompletionDateType":"Anticipated"
          },
          "CompletionDateStruct":{
            "CompletionDate":"December 31, 2023",
            "CompletionDateType":"Anticipated"
          },
          "StudyFirstSubmitDate":"March 31, 2021",
          "StudyFirstSubmitQCDate":"March 31, 2021",
          "StudyFirstPostDateStruct":{
            "StudyFirstPostDate":"April 5, 2021",
            "StudyFirstPostDateType":"Actual"
          },
          "LastUpdateSubmitDate":"April 5, 2021",
          "LastUpdatePostDateStruct":{
            "LastUpdatePostDate":"April 8, 2021",
            "LastUpdatePostDateType":"Actual"
          }
        },
        "SponsorCollaboratorsModule":{
          "ResponsibleParty":{
            "ResponsiblePartyType":"Principal Investigator",
            "ResponsiblePartyInvestigatorFullName":"Brian Werner, MD",
            "ResponsiblePartyInvestigatorTitle":"Assistant Professor, Department of Orthopaedic Surgery",
            "ResponsiblePartyInvestigatorAffiliation":"University of Virginia"
          },
          "LeadSponsor":{
            "LeadSponsorName":"University of Virginia",
            "LeadSponsorClass":"OTHER"
          }
        },
        "OversightModule":{
          "OversightHasDMC":"No",
          "IsFDARegulatedDrug":"Yes",
          "IsFDARegulatedDevice":"No",
          "IsUSExport":"Yes"
        },
        "DescriptionModule":{
          "BriefSummary":"Adhesive capsulitis is a fairly common orthopedic condition that causes pain and loss of range of motion. There are a variety of ways to treat adhesive capsulitis, one of them being an intra-articular steroid injection. This is done to help decrease the inflammatory response caused by adhesive capsulitis. In this study, all participants will receive an intra-articular glenohumeral injection of ZILRETTA and will be followed up with at four time points over 1 year to observe pain, function and range of motion following the injection.",
          "DetailedDescription":"Adhesive capsulitis is a painful shoulder condition characterized by a gradual loss of both passive and active range of motion due to inflammatory changes and eventual fibrosis and contracture of the shoulder joint capsule. It occurs in about 2% to 5% of the population, and a majority of patients are female. The true cause of the condition remains unclear, however, it has been proposed that the initial synovitis stimulates the development of a fibrotic cascade. The development of adhesive capsulitis has been associated with diabetes mellitus, thyroid dysfunction, Dupuytrens contractures, autoimmune diseases and treatments for certain cancers. Adhesive capsulitis progresses through four predictable phases, defined by symptoms, physical examination, arthroscopic appearance and biopsies.\n\nRegardless of stage, the mainstay of treatment for adhesive capsulitis of the shoulder is conservative, focused mainly on physical therapy combined with a home exercise program, regardless of stage. Pharmacologic agents are often used as adjuncts to physical therapy, and include nonsteroidal anti-inflammatory medications (NSAIDs), oral corticosteroids and intra-articular injections of corticosteroids. Although a large percentage of patients in the early stages of disease respond well to conservative treatments, those who fail therapy and injections may require surgical intervention, including arthroscopy with lysis of adhesions and/or manipulation under anesthesia.\n\nNumerous studies have investigated the effect and success of injections combined with standard physical therapy for adhesive capsulitis of the shoulder. In general, intra-articular injection of corticosteroids has been found to be superior to administration of oral cortisone and at least equivalent to manipulation under anesthesia alone. Injections have been shown to reduce pain quicker and result in earlier return of range of motion. Low doses of steroid appear equally as effective as higher doses. Image-guided injections, whether ultrasound or fluoroscopic guided injections, have also been shown to be more effective than blinded injections.\n\nFailure of an injection and therapy to provide relief either results in a repeat image-guided injection or surgical intervention, both of which have significant associated cost and potential morbidity. Thus, there would be significant potential value to a long-acting, sustained release intra-articular steroid injection for the treatment of adhesive capsulitis of the shoulder. Zilretta®, triamcinolone acetonide extended release suspension 32 mg, is a microsphere formulation of injectable steroid which is FDA-approved for and has shown significant promise for the treatment of knee osteoarthritis. This long-acting steroid could have several important advantages in the treatment of shoulder adhesive capsulitis. It may potentiate and prolong the anti-inflammatory effect of the steroid, and potentially avoid the need for costly additional image-guided injections or expensive and potentially morbid surgery. An additional potential benefit is less elevation of peripheral blood glucose in diabetics, a known complication of traditional steroid injections that has been demonstrated to be mitigated using a sustained release formulation.\n\nOut primary aim in this study is to assess patient reported pain and outcomes in patients with idiopathic adhesive capsulitis of the shoulder at 3, 6 and 12 months following single, image guided ZILRETTA injection."
        },
        "ConditionsModule":{
          "ConditionList":{
            "Condition":[
              "Adhesive Capsulitis",
              "Frozen Shoulder",
              "Adhesive Capsulitis of Shoulder"
            ]
          }
        },
        "DesignModule":{
          "StudyType":"Interventional",
          "PhaseList":{
            "Phase":[
              "Phase 1"
            ]
          },
          "DesignInfo":{
            "DesignAllocation":"N/A",
            "DesignInterventionModel":"Single Group Assignment",
            "DesignInterventionModelDescription":"All subjects receive the ZILRETTA injection",
            "DesignPrimaryPurpose":"Treatment",
            "DesignMaskingInfo":{
              "DesignMasking":"None (Open Label)"
            }
          },
          "EnrollmentInfo":{
            "EnrollmentCount":"50",
            "EnrollmentType":"Anticipated"
          }
        },
        "ArmsInterventionsModule":{
          "ArmGroupList":{
            "ArmGroup":[
              {
                "ArmGroupLabel":"ZILRETTA",
                "ArmGroupType":"Experimental",
                "ArmGroupDescription":"Single injection of triamcinolone acetonide extended-release injectable suspension, injected in the glenohumeral joint under ultrasound guidance.",
                "ArmGroupInterventionList":{
                  "ArmGroupInterventionName":[
                    "Drug: triamcinolone acetonide extended-release injectable suspension"
                  ]
                }
              }
            ]
          },
          "InterventionList":{
            "Intervention":[
              {
                "InterventionType":"Drug",
                "InterventionName":"triamcinolone acetonide extended-release injectable suspension",
                "InterventionDescription":"ZILRETTA (triamcinolone acetonide extended-release injectable suspension) injection in the glenohumeral joint administered under ultrasound guidance.",
                "InterventionArmGroupLabelList":{
                  "InterventionArmGroupLabel":[
                    "ZILRETTA"
                  ]
                },
                "InterventionOtherNameList":{
                  "InterventionOtherName":[
                    "ZILRETTA"
                  ]
                }
              }
            ]
          }
        },
        "OutcomesModule":{
          "PrimaryOutcomeList":{
            "PrimaryOutcome":[
              {
                "PrimaryOutcomeMeasure":"Visual Analog Scale Score",
                "PrimaryOutcomeDescription":"Pain rating on a scale of 0-10, higher numbers indicating a worse outcome",
                "PrimaryOutcomeTimeFrame":"6 months after injection"
              }
            ]
          },
          "SecondaryOutcomeList":{
            "SecondaryOutcome":[
              {
                "SecondaryOutcomeMeasure":"American Shoulder and Elbow Society Score",
                "SecondaryOutcomeDescription":"Pain and function patient reported outcome for the shoulder. Scores range from 0 to 100 with a score of 0 indicating a worse shoulder condition and 100 indicating a better shoulder condition.",
                "SecondaryOutcomeTimeFrame":"6 months after injection"
              },{
                "SecondaryOutcomeMeasure":"American Shoulder and Elbow Society Score",
                "SecondaryOutcomeDescription":"Pain and function patient reported outcome for the shoulder. Scores range from 0 to 100 with a score of 0 indicating a worse shoulder condition and 100 indicating a better shoulder condition.",
                "SecondaryOutcomeTimeFrame":"12 months after injection"
              },{
                "SecondaryOutcomeMeasure":"PROMIS Physical Function Score",
                "SecondaryOutcomeDescription":"Patient reported outcome measuring physical function level measured by T scores and standard deviations. The average is 50, so a T score lower than 50 indicates a worse outcome.",
                "SecondaryOutcomeTimeFrame":"6 months after injection"
              },{
                "SecondaryOutcomeMeasure":"PROMIS Physical Function Score",
                "SecondaryOutcomeDescription":"Patient reported outcome measuring physical function level measured by T scores and standard deviations. The average is 50, so a T score lower than 50 indicates a worse outcome.",
                "SecondaryOutcomeTimeFrame":"12 months after injection"
              },{
                "SecondaryOutcomeMeasure":"Triplanar Range of Motion",
                "SecondaryOutcomeDescription":"Shoulder range of motion",
                "SecondaryOutcomeTimeFrame":"1 month after injection"
              },{
                "SecondaryOutcomeMeasure":"Triplanar Range of Motion",
                "SecondaryOutcomeDescription":"Shoulder range of motion",
                "SecondaryOutcomeTimeFrame":"3 months after injection"
              },{
                "SecondaryOutcomeMeasure":"Triplanar Range of Motion",
                "SecondaryOutcomeDescription":"Shoulder range of motion",
                "SecondaryOutcomeTimeFrame":"6 months after injection"
              },{
                "SecondaryOutcomeMeasure":"Triplanar Range of Motion",
                "SecondaryOutcomeDescription":"Shoulder range of motion",
                "SecondaryOutcomeTimeFrame":"12 months after injection"
              },{
                "SecondaryOutcomeMeasure":"Need for another injection",
                "SecondaryOutcomeDescription":"Yes or no answer if the patient needed another corticosteroid injection during their time enrolled in the study",
                "SecondaryOutcomeTimeFrame":"12 months after injection"
              },{
                "SecondaryOutcomeMeasure":"Time to second injection (if applicable)",
                "SecondaryOutcomeDescription":"how long after the ZILRETTA injection the patient needed another corticosteroid injection",
                "SecondaryOutcomeTimeFrame":"12 months after injection"
              }
            ]
          }
        },
        "EligibilityModule":{
          "EligibilityCriteria":"Inclusion Criteria:\n\nDiagnosis of idiopathic adhesive capsulitis (onset <6 months prior)\nPain rating of 5 or greater out of 10 on 0-10 scale at time of enrollment\nWilling to come on site for follow up evaluations at 1 month, 3 months, 6 months, and 12 months after the injection\n\nExclusion Criteria:\n\nActive workers compensation case\nKnown psychiatric disorders under active treatment\nUncontrolled diabetes (defined as diabetic ketoacidosis, severe peripheral neuropathy, ophthalmologic or renal manifestations)\nDiagnosed osteoarthritis of the ipsilateral or contralateral shoulder\nPainful joint condition in another part of the body affecting perceived pain",
          "HealthyVolunteers":"No",
          "Gender":"All",
          "MinimumAge":"18 Years",
          "MaximumAge":"80 Years",
          "StdAgeList":{
            "StdAge":[
              "Adult",
              "Older Adult"
            ]
          }
        },
        "ContactsLocationsModule":{
          "CentralContactList":{
            "CentralContact":[
              {
                "CentralContactName":"Kaitlyn Shank, MEd, ATC",
                "CentralContactRole":"Contact",
                "CentralContactPhone":"434-243-5653",
                "CentralContactEMail":"kshank@virginia.edu"
              },{
                "CentralContactName":"Lizzie Leitch, MEd, ATC",
                "CentralContactRole":"Contact",
                "CentralContactPhone":"434-243-0256",
                "CentralContactEMail":"ebl7nu@hscmail.mcc.virginia.edu"
              }
            ]
          },
          "OverallOfficialList":{
            "OverallOfficial":[
              {
                "OverallOfficialName":"Brian Werner, MD",
                "OverallOfficialAffiliation":"University of Virginia",
                "OverallOfficialRole":"Principal Investigator"
              }
            ]
          },
          "LocationList":{
            "Location":[
              {
                "LocationFacility":"University of Virginia",
                "LocationStatus":"Recruiting",
                "LocationCity":"Charlottesville",
                "LocationState":"Virginia",
                "LocationZip":"22908",
                "LocationCountry":"United States",
                "LocationContactList":{
                  "LocationContact":[
                    {
                      "LocationContactName":"Kaitlyn Shank, MEd, ATC",
                      "LocationContactRole":"Contact",
                      "LocationContactPhone":"434-243-5653",
                      "LocationContactEMail":"kshank@virginia.edu"
                    },{
                      "LocationContactName":"Lizzie Leitch, MEd, ATC",
                      "LocationContactRole":"Contact",
                      "LocationContactPhone":"434-243-0256",
                      "LocationContactEMail":"ebl7nu@hscmail.mcc.virginia.edu"
                    },{
                      "LocationContactName":"Brian Werner, MD",
                      "LocationContactRole":"Principal Investigator"
                    }
                  ]
                }
              }
            ]
          }
        },
        "IPDSharingStatementModule":{
          "IPDSharing":"No"
        }
      },
      "DocumentSection":{
        "LargeDocumentModule":{
          "LargeDocList":{
            "LargeDoc":[
              {
                "LargeDocTypeAbbrev":"ICF",
                "LargeDocHasProtocol":"No",
                "LargeDocHasSAP":"No",
                "LargeDocHasICF":"Yes",
                "LargeDocLabel":"Informed Consent Form",
                "LargeDocDate":"June 21, 2019",
                "LargeDocUploadDate":"03/19/2021 08:54",
                "LargeDocFilename":"ICF_000.pdf"
              }
            ]
          }
        }
      },
      "DerivedSection":{
        "MiscInfoModule":{
          "VersionHolder":"April 19, 2021"
        },
        "ConditionBrowseModule":{
          "ConditionMeshList":{
            "ConditionMesh":[
              {
                "ConditionMeshId":"D000002062",
                "ConditionMeshTerm":"Bursitis"
              }
            ]
          },
          "ConditionAncestorList":{
            "ConditionAncestor":[
              {
                "ConditionAncestorId":"D000007592",
                "ConditionAncestorTerm":"Joint Diseases"
              },{
                "ConditionAncestorId":"D000009140",
                "ConditionAncestorTerm":"Musculoskeletal Diseases"
              }
            ]
          },
          "ConditionBrowseLeafList":{
            "ConditionBrowseLeaf":[
              {
                "ConditionBrowseLeafId":"M3914",
                "ConditionBrowseLeafName":"Bursitis",
                "ConditionBrowseLeafAsFound":"Adhesive Capsulitis",
                "ConditionBrowseLeafRelevance":"high"
              },{
                "ConditionBrowseLeafId":"M9204",
                "ConditionBrowseLeafName":"Joint Diseases",
                "ConditionBrowseLeafRelevance":"low"
              },{
                "ConditionBrowseLeafId":"M10680",
                "ConditionBrowseLeafName":"Musculoskeletal Diseases",
                "ConditionBrowseLeafRelevance":"low"
              }
            ]
          },
          "ConditionBrowseBranchList":{
            "ConditionBrowseBranch":[
              {
                "ConditionBrowseBranchAbbrev":"BC05",
                "ConditionBrowseBranchName":"Muscle, Bone, and Cartilage Diseases"
              },{
                "ConditionBrowseBranchAbbrev":"All",
                "ConditionBrowseBranchName":"All Conditions"
              }
            ]
          }
        },
        "InterventionBrowseModule":{
          "InterventionMeshList":{
            "InterventionMesh":[
              {
                "InterventionMeshId":"D000014221",
                "InterventionMeshTerm":"Triamcinolone"
              },{
                "InterventionMeshId":"D000014222",
                "InterventionMeshTerm":"Triamcinolone Acetonide"
              },{
                "InterventionMeshId":"C000005900",
                "InterventionMeshTerm":"Triamcinolone hexacetonide"
              },{
                "InterventionMeshId":"C000030262",
                "InterventionMeshTerm":"Triamcinolone diacetate"
              }
            ]
          },
          "InterventionAncestorList":{
            "InterventionAncestor":[
              {
                "InterventionAncestorId":"D000000893",
                "InterventionAncestorTerm":"Anti-Inflammatory Agents"
              },{
                "InterventionAncestorId":"D000005938",
                "InterventionAncestorTerm":"Glucocorticoids"
              },{
                "InterventionAncestorId":"D000006728",
                "InterventionAncestorTerm":"Hormones"
              },{
                "InterventionAncestorId":"D000006730",
                "InterventionAncestorTerm":"Hormones, Hormone Substitutes, and Hormone Antagonists"
              },{
                "InterventionAncestorId":"D000045505",
                "InterventionAncestorTerm":"Physiological Effects of Drugs"
              },{
                "InterventionAncestorId":"D000007166",
                "InterventionAncestorTerm":"Immunosuppressive Agents"
              },{
                "InterventionAncestorId":"D000007155",
                "InterventionAncestorTerm":"Immunologic Factors"
              },{
                "InterventionAncestorId":"D000004791",
                "InterventionAncestorTerm":"Enzyme Inhibitors"
              },{
                "InterventionAncestorId":"D000045504",
                "InterventionAncestorTerm":"Molecular Mechanisms of Pharmacological Action"
              }
            ]
          },
          "InterventionBrowseLeafList":{
            "InterventionBrowseLeaf":[
              {
                "InterventionBrowseLeafId":"M15557",
                "InterventionBrowseLeafName":"Triamcinolone",
                "InterventionBrowseLeafAsFound":"Role",
                "InterventionBrowseLeafRelevance":"high"
              },{
                "InterventionBrowseLeafId":"M15558",
                "InterventionBrowseLeafName":"Triamcinolone Acetonide",
                "InterventionBrowseLeafAsFound":"Cutaneous",
                "InterventionBrowseLeafRelevance":"high"
              },{
                "InterventionBrowseLeafId":"M246055",
                "InterventionBrowseLeafName":"Triamcinolone hexacetonide",
                "InterventionBrowseLeafAsFound":"Cutaneous",
                "InterventionBrowseLeafRelevance":"high"
              },{
                "InterventionBrowseLeafId":"M216433",
                "InterventionBrowseLeafName":"Triamcinolone diacetate",
                "InterventionBrowseLeafAsFound":"Cutaneous",
                "InterventionBrowseLeafRelevance":"high"
              },{
                "InterventionBrowseLeafId":"M2798",
                "InterventionBrowseLeafName":"Anti-Inflammatory Agents",
                "InterventionBrowseLeafRelevance":"low"
              },{
                "InterventionBrowseLeafId":"M7630",
                "InterventionBrowseLeafName":"Glucocorticoids",
                "InterventionBrowseLeafRelevance":"low"
              },{
                "InterventionBrowseLeafId":"M8372",
                "InterventionBrowseLeafName":"Hormones",
                "InterventionBrowseLeafRelevance":"low"
              },{
                "InterventionBrowseLeafId":"M8371",
                "InterventionBrowseLeafName":"Hormone Antagonists",
                "InterventionBrowseLeafRelevance":"low"
              },{
                "InterventionBrowseLeafId":"M8795",
                "InterventionBrowseLeafName":"Immunosuppressive Agents",
                "InterventionBrowseLeafRelevance":"low"
              },{
                "InterventionBrowseLeafId":"M8784",
                "InterventionBrowseLeafName":"Immunologic Factors",
                "InterventionBrowseLeafRelevance":"low"
              }
            ]
          },
          "InterventionBrowseBranchList":{
            "InterventionBrowseBranch":[
              {
                "InterventionBrowseBranchAbbrev":"Infl",
                "InterventionBrowseBranchName":"Anti-Inflammatory Agents"
              },{
                "InterventionBrowseBranchAbbrev":"All",
                "InterventionBrowseBranchName":"All Drugs and Chemicals"
              }
            ]
          }
        }
      }
    }
  }
}

