{
  "FullStudy":{
    "Rank":1380,
    "Study":{
      "ProtocolSection":{
        "IdentificationModule":{
          "NCTId":"NCT04832009",
          "OrgStudyIdInfo":{
            "OrgStudyId":"00147066"
          },
          "Organization":{
            "OrgFullName":"University of Kansas Medical Center",
            "OrgClass":"OTHER"
          },
          "BriefTitle":"Reversing Glucose and Lipid-mediated Vascular Dysfunction",
          "OfficialTitle":"Reversing Glucose and Lipid-mediated Vascular Dysfunction (REGAL)",
          "Acronym":"REGAL"
        },
        "StatusModule":{
          "StatusVerifiedDate":"April 2021",
          "OverallStatus":"Not yet recruiting",
          "ExpandedAccessInfo":{
            "HasExpandedAccess":"No"
          },
          "StartDateStruct":{
            "StartDate":"May 1, 2021",
            "StartDateType":"Anticipated"
          },
          "PrimaryCompletionDateStruct":{
            "PrimaryCompletionDate":"May 1, 2022",
            "PrimaryCompletionDateType":"Anticipated"
          },
          "CompletionDateStruct":{
            "CompletionDate":"May 1, 2023",
            "CompletionDateType":"Anticipated"
          },
          "StudyFirstSubmitDate":"March 31, 2021",
          "StudyFirstSubmitQCDate":"April 2, 2021",
          "StudyFirstPostDateStruct":{
            "StudyFirstPostDate":"April 5, 2021",
            "StudyFirstPostDateType":"Actual"
          },
          "LastUpdateSubmitDate":"April 2, 2021",
          "LastUpdatePostDateStruct":{
            "LastUpdatePostDate":"April 5, 2021",
            "LastUpdatePostDateType":"Actual"
          }
        },
        "SponsorCollaboratorsModule":{
          "ResponsibleParty":{
            "ResponsiblePartyType":"Principal Investigator",
            "ResponsiblePartyInvestigatorFullName":"Seth Holwerda PhD",
            "ResponsiblePartyInvestigatorTitle":"Principal Investigator",
            "ResponsiblePartyInvestigatorAffiliation":"University of Kansas Medical Center"
          },
          "LeadSponsor":{
            "LeadSponsorName":"University of Kansas Medical Center",
            "LeadSponsorClass":"OTHER"
          }
        },
        "OversightModule":{
          "IsFDARegulatedDrug":"Yes",
          "IsFDARegulatedDevice":"No"
        },
        "DescriptionModule":{
          "BriefSummary":"The purpose of our study is to understand the extent to which the blood vessels are affected by glucose and fat (lipids) in lean healthy adults and if these changes in the blood vessels contribute to the development of high blood pressure.",
          "DetailedDescription":"Hypertension, obesity, and insulin resistance are associated with elevated muscle sympathetic nerve activity (MSNA), which is important for blood pressure regulation. The measurement of MSNA is safely performed in humans using the microneurographic technique that involves recording sympathetic nerve activity projecting to skeletal muscle using a small microelectrode at the peroneal nerve near the knee.\n\nThe health of your blood vessels will be tested in this study, in addition to the activity of the nerves that control the blood vessels. The function of the nerves and blood vessels can be diminished by high blood glucose and lipids, and we will test the ability of a well-known antioxidant, ascorbic acid (vitamin C), to restore the function of the nerves and blood vessels."
        },
        "ConditionsModule":{
          "ConditionList":{
            "Condition":[
              "Blood Pressure",
              "Hypertension"
            ]
          }
        },
        "DesignModule":{
          "StudyType":"Interventional",
          "PhaseList":{
            "Phase":[
              "Early Phase 1"
            ]
          },
          "DesignInfo":{
            "DesignAllocation":"Randomized",
            "DesignInterventionModel":"Parallel Assignment",
            "DesignInterventionModelDescription":"Comparisons of outcome variables will be made using a mixed model ANOVA.",
            "DesignPrimaryPurpose":"Other",
            "DesignMaskingInfo":{
              "DesignMasking":"Triple",
              "DesignMaskingDescription":"Randomized, double-blinded, parallel-design approach study.",
              "DesignWhoMaskedList":{
                "DesignWhoMasked":[
                  "Participant",
                  "Care Provider",
                  "Investigator"
                ]
              }
            }
          },
          "EnrollmentInfo":{
            "EnrollmentCount":"46",
            "EnrollmentType":"Anticipated"
          }
        },
        "ArmsInterventionsModule":{
          "ArmGroupList":{
            "ArmGroup":[
              {
                "ArmGroupLabel":"Glucose Infusion",
                "ArmGroupType":"Experimental",
                "ArmGroupDescription":"Hyperglycemia (glucose infusion) will receive an I.V. Glucose infusion with a co-infusion of ascorbic acid or placebo at your visit 2 and the alternative treatment of ascorbic acid or placebo will be given on the subsequent study visit 3.",
                "ArmGroupInterventionList":{
                  "ArmGroupInterventionName":[
                    "Drug: Dextrose 20 % in 500 ML Injection",
                    "Drug: Saline",
                    "Drug: Ascorbic acid"
                  ]
                }
              },{
                "ArmGroupLabel":"Lipid Infusion",
                "ArmGroupType":"Experimental",
                "ArmGroupDescription":"Hyperlipidemia (lipid infusion) will receive an I.V. Lipid infusion with a co-infusion of ascorbic acid or placebo at your visit 2 and the alternative treatment of ascorbic acid or placebo will be given on the subsequent study visit 3.",
                "ArmGroupInterventionList":{
                  "ArmGroupInterventionName":[
                    "Drug: Intralipid",
                    "Drug: Saline",
                    "Drug: Ascorbic acid"
                  ]
                }
              }
            ]
          },
          "InterventionList":{
            "Intervention":[
              {
                "InterventionType":"Drug",
                "InterventionName":"Dextrose 20 % in 500 ML Injection",
                "InterventionDescription":"Dextrose (20% intravenous solution) will be obtained from the Investigational Pharmacy located in the KU Clinical Research Center where studies take place. After fasting for at least 8 hours, dextrose will be administered via antecubital vein at a standard rate of 4 mg/kg/min for 2 hours.",
                "InterventionArmGroupLabelList":{
                  "InterventionArmGroupLabel":[
                    "Glucose Infusion"
                  ]
                },
                "InterventionOtherNameList":{
                  "InterventionOtherName":[
                    "Glucose"
                  ]
                }
              },{
                "InterventionType":"Drug",
                "InterventionName":"Intralipid",
                "InterventionDescription":"Intralipid ® 20% will be obtained from the Investigational Pharmacy located in the KU Clinical Research Center where studies take place. After fasting for at least 8 hours, Intralipid ® 20% will be administered via antecubital vein at 0.75 mL/min for 2 hours Increases in circulating markers of oxidative stress peak within 2 hours of Intralipid ® 20% infusion in healthy adults (42). An initial heparin bolus of 1000 UL followed by 200 U/hr infusion will be included to activate endothelial lipoprotein lipase and accelerate hydrolysis of fatty acids.",
                "InterventionArmGroupLabelList":{
                  "InterventionArmGroupLabel":[
                    "Lipid Infusion"
                  ]
                },
                "InterventionOtherNameList":{
                  "InterventionOtherName":[
                    "Lipid"
                  ]
                }
              },{
                "InterventionType":"Drug",
                "InterventionName":"Saline",
                "InterventionDescription":"Saline will be obtained from the Investigational Pharmacy located in the KU Clinical Research Center where studies take place. Will be administered via antecubital vein at 75 to 150 mL/hour for 2 hours.",
                "InterventionArmGroupLabelList":{
                  "InterventionArmGroupLabel":[
                    "Glucose Infusion",
                    "Lipid Infusion"
                  ]
                },
                "InterventionOtherNameList":{
                  "InterventionOtherName":[
                    "Placebo"
                  ]
                }
              },{
                "InterventionType":"Drug",
                "InterventionName":"Ascorbic acid",
                "InterventionDescription":"(ASCOR) will be obtained from the KU Investigational Pharmacy located in the KU Clinical Research Center where studies will take place. A priming bolus of 0.06 g ascorbic acid/kg fat free mass (FFM) dissolved in 100 mL of saline will be infused intravenously at 5 mL/min for 20 minutes, followed immediately by a \"drip-infusion\" of 0.02 g/kg FFM dissolved in 30 mL of saline administered over 2 hours at 0.5 mL/min. The KU Investigational Pharmacy will randomize ascorbic acid or placebo (saline) for each participant.",
                "InterventionArmGroupLabelList":{
                  "InterventionArmGroupLabel":[
                    "Glucose Infusion",
                    "Lipid Infusion"
                  ]
                }
              }
            ]
          }
        },
        "OutcomesModule":{
          "PrimaryOutcomeList":{
            "PrimaryOutcome":[
              {
                "PrimaryOutcomeMeasure":"Efficacy of Infusion of Ascorbic Acid",
                "PrimaryOutcomeDescription":"The difference in sympathetic-vascular transduction (mmHg) between ascorbic acid and placebo infusion will be taken as a measure of the modulation of SVT by oxidative stress.",
                "PrimaryOutcomeTimeFrame":"Baseline"
              },{
                "PrimaryOutcomeMeasure":"Efficacy of Infusion of Ascorbic Acid",
                "PrimaryOutcomeDescription":"The difference in sympathetic-vascular transduction (mmHg) between ascorbic acid and placebo infusion will be taken as a measure of the modulation of SVT by oxidative stress.",
                "PrimaryOutcomeTimeFrame":"30 minutes"
              },{
                "PrimaryOutcomeMeasure":"Efficacy of Infusion of Ascorbic Acid",
                "PrimaryOutcomeDescription":"The difference in sympathetic-vascular transduction (mmHg) between ascorbic acid and placebo infusion will be taken as a measure of the modulation of SVT by oxidative stress.",
                "PrimaryOutcomeTimeFrame":"60 minutes"
              },{
                "PrimaryOutcomeMeasure":"Efficacy of Infusion of Ascorbic Acid",
                "PrimaryOutcomeDescription":"The difference in sympathetic-vascular transduction (mmHg) between ascorbic acid and placebo infusion will be taken as a measure of the modulation of SVT by oxidative stress.",
                "PrimaryOutcomeTimeFrame":"90 minutes"
              },{
                "PrimaryOutcomeMeasure":"Efficacy of Infusion of Ascorbic Acid",
                "PrimaryOutcomeDescription":"The difference in sympathetic-vascular transduction (mmHg) between ascorbic acid and placebo infusion will be taken as a measure of the modulation of SVT by oxidative stress.",
                "PrimaryOutcomeTimeFrame":"120 minutes"
              }
            ]
          }
        },
        "EligibilityModule":{
          "EligibilityCriteria":"Inclusion Criteria:\n\nLean: BMI < 25 kg/m\nNormal insulin sensitivity: (calculation based on fasting glucose and insulin concentrations in blood)\nMiddle-aged: 18-79 years\nBlood pressure: < 140 (systolic) and < 90 mmHg (diastolic\nWeight stable (+/- 5 lbs) for the previous 3 months\nParticipants must be willing and able to discontinue taking any vitamin C or E supplements or omega-3 fatty acids beginning 2 weeks prior.\nAble and willing to provide written informed consent\n\nExclusion Criteria:\n\nDiabetes mellitus Type I or Type II: fasting glucose < 126 mg/dL and/or HbA1c < 6.5%\nCurrent smoker or History of smoking in the past 3 months.\nHyperlipidemia: Fasting triglycerides < 250 mg/dL\nHypertension: >130/80 mmHg\nHistory of heart disease (e.g., myocardial infarction, stent, heart attack, stroke, heart failure, valvular heart disease, cardiomyopathy)\nHistory of vascular disease (e.g., bypass, stroke)",
          "HealthyVolunteers":"Accepts Healthy Volunteers",
          "Gender":"All",
          "MinimumAge":"18 Years",
          "MaximumAge":"79 Years",
          "StdAgeList":{
            "StdAge":[
              "Adult",
              "Older Adult"
            ]
          }
        },
        "ContactsLocationsModule":{
          "CentralContactList":{
            "CentralContact":[
              {
                "CentralContactName":"Seth W Holwerda, PhD",
                "CentralContactRole":"Contact",
                "CentralContactPhone":"9729223230",
                "CentralContactEMail":"sholwerda@kumc.edu"
              },{
                "CentralContactName":"Davina A Clonch",
                "CentralContactRole":"Contact",
                "CentralContactPhone":"9132266009",
                "CentralContactEMail":"shoggirl@gmail.com"
              }
            ]
          },
          "OverallOfficialList":{
            "OverallOfficial":[
              {
                "OverallOfficialName":"Seth W. W Holwerda, PhD",
                "OverallOfficialAffiliation":"University of Kansas Medical Center",
                "OverallOfficialRole":"Principal Investigator"
              }
            ]
          },
          "LocationList":{
            "Location":[
              {
                "LocationFacility":"University of Kansas Medical Center",
                "LocationCity":"Kansas City",
                "LocationState":"Kansas",
                "LocationZip":"66103",
                "LocationCountry":"United States"
              }
            ]
          }
        },
        "IPDSharingStatementModule":{
          "IPDSharing":"No"
        }
      },
      "DerivedSection":{
        "MiscInfoModule":{
          "VersionHolder":"April 19, 2021"
        },
        "ConditionBrowseModule":{
          "ConditionMeshList":{
            "ConditionMesh":[
              {
                "ConditionMeshId":"D000006973",
                "ConditionMeshTerm":"Hypertension"
              }
            ]
          },
          "ConditionAncestorList":{
            "ConditionAncestor":[
              {
                "ConditionAncestorId":"D000014652",
                "ConditionAncestorTerm":"Vascular Diseases"
              },{
                "ConditionAncestorId":"D000002318",
                "ConditionAncestorTerm":"Cardiovascular Diseases"
              }
            ]
          },
          "ConditionBrowseLeafList":{
            "ConditionBrowseLeaf":[
              {
                "ConditionBrowseLeafId":"M8607",
                "ConditionBrowseLeafName":"Hypertension",
                "ConditionBrowseLeafAsFound":"Hypertension",
                "ConditionBrowseLeafRelevance":"high"
              },{
                "ConditionBrowseLeafId":"M15983",
                "ConditionBrowseLeafName":"Vascular Diseases",
                "ConditionBrowseLeafRelevance":"low"
              }
            ]
          },
          "ConditionBrowseBranchList":{
            "ConditionBrowseBranch":[
              {
                "ConditionBrowseBranchAbbrev":"BC14",
                "ConditionBrowseBranchName":"Heart and Blood Diseases"
              },{
                "ConditionBrowseBranchAbbrev":"All",
                "ConditionBrowseBranchName":"All Conditions"
              }
            ]
          }
        },
        "InterventionBrowseModule":{
          "InterventionMeshList":{
            "InterventionMesh":[
              {
                "InterventionMeshId":"D000001205",
                "InterventionMeshTerm":"Ascorbic Acid"
              },{
                "InterventionMeshId":"C000545823",
                "InterventionMeshTerm":"Soybean oil, phospholipid emulsion"
              }
            ]
          },
          "InterventionAncestorList":{
            "InterventionAncestor":[
              {
                "InterventionAncestorId":"D000000975",
                "InterventionAncestorTerm":"Antioxidants"
              },{
                "InterventionAncestorId":"D000045504",
                "InterventionAncestorTerm":"Molecular Mechanisms of Pharmacological Action"
              },{
                "InterventionAncestorId":"D000020011",
                "InterventionAncestorTerm":"Protective Agents"
              },{
                "InterventionAncestorId":"D000045505",
                "InterventionAncestorTerm":"Physiological Effects of Drugs"
              },{
                "InterventionAncestorId":"D000014815",
                "InterventionAncestorTerm":"Vitamins"
              },{
                "InterventionAncestorId":"D000018977",
                "InterventionAncestorTerm":"Micronutrients"
              },{
                "InterventionAncestorId":"D000078622",
                "InterventionAncestorTerm":"Nutrients"
              },{
                "InterventionAncestorId":"D000006133",
                "InterventionAncestorTerm":"Growth Substances"
              },{
                "InterventionAncestorId":"D000005217",
                "InterventionAncestorTerm":"Fat Emulsions, Intravenous"
              },{
                "InterventionAncestorId":"D000057947",
                "InterventionAncestorTerm":"Parenteral Nutrition Solutions"
              },{
                "InterventionAncestorId":"D000019999",
                "InterventionAncestorTerm":"Pharmaceutical Solutions"
              }
            ]
          },
          "InterventionBrowseLeafList":{
            "InterventionBrowseLeaf":[
              {
                "InterventionBrowseLeafId":"M8162",
                "InterventionBrowseLeafName":"Heparin",
                "InterventionBrowseLeafRelevance":"low"
              },{
                "InterventionBrowseLeafId":"M3094",
                "InterventionBrowseLeafName":"Ascorbic Acid",
                "InterventionBrowseLeafAsFound":"Ipilimumab",
                "InterventionBrowseLeafRelevance":"high"
              },{
                "InterventionBrowseLeafId":"M20444",
                "InterventionBrowseLeafName":"Pharmaceutical Solutions",
                "InterventionBrowseLeafRelevance":"low"
              },{
                "InterventionBrowseLeafId":"M45199",
                "InterventionBrowseLeafName":"Calcium heparin",
                "InterventionBrowseLeafRelevance":"low"
              },{
                "InterventionBrowseLeafId":"M231440",
                "InterventionBrowseLeafName":"Soybean oil, phospholipid emulsion",
                "InterventionBrowseLeafAsFound":"LDL-",
                "InterventionBrowseLeafRelevance":"high"
              },{
                "InterventionBrowseLeafId":"M2873",
                "InterventionBrowseLeafName":"Antioxidants",
                "InterventionBrowseLeafRelevance":"low"
              },{
                "InterventionBrowseLeafId":"M20453",
                "InterventionBrowseLeafName":"Protective Agents",
                "InterventionBrowseLeafRelevance":"low"
              },{
                "InterventionBrowseLeafId":"M16141",
                "InterventionBrowseLeafName":"Vitamins",
                "InterventionBrowseLeafRelevance":"low"
              },{
                "InterventionBrowseLeafId":"M19593",
                "InterventionBrowseLeafName":"Micronutrients",
                "InterventionBrowseLeafRelevance":"low"
              },{
                "InterventionBrowseLeafId":"M15468",
                "InterventionBrowseLeafName":"Trace Elements",
                "InterventionBrowseLeafRelevance":"low"
              },{
                "InterventionBrowseLeafId":"M1986",
                "InterventionBrowseLeafName":"Nutrients",
                "InterventionBrowseLeafRelevance":"low"
              },{
                "InterventionBrowseLeafId":"M6943",
                "InterventionBrowseLeafName":"Fat Emulsions, Intravenous",
                "InterventionBrowseLeafRelevance":"low"
              },{
                "InterventionBrowseLeafId":"M27521",
                "InterventionBrowseLeafName":"Parenteral Nutrition Solutions",
                "InterventionBrowseLeafRelevance":"low"
              },{
                "InterventionBrowseLeafId":"T437",
                "InterventionBrowseLeafName":"Ascorbic Acid",
                "InterventionBrowseLeafAsFound":"Ipilimumab",
                "InterventionBrowseLeafRelevance":"high"
              },{
                "InterventionBrowseLeafId":"T477",
                "InterventionBrowseLeafName":"Vitamin C",
                "InterventionBrowseLeafAsFound":"Ipilimumab",
                "InterventionBrowseLeafRelevance":"high"
              },{
                "InterventionBrowseLeafId":"T294",
                "InterventionBrowseLeafName":"Soy Bean",
                "InterventionBrowseLeafRelevance":"low"
              }
            ]
          },
          "InterventionBrowseBranchList":{
            "InterventionBrowseBranch":[
              {
                "InterventionBrowseBranchAbbrev":"FiAg",
                "InterventionBrowseBranchName":"Fibrinolytic Agents"
              },{
                "InterventionBrowseBranchAbbrev":"AnCoag",
                "InterventionBrowseBranchName":"Anticoagulants"
              },{
                "InterventionBrowseBranchAbbrev":"All",
                "InterventionBrowseBranchName":"All Drugs and Chemicals"
              },{
                "InterventionBrowseBranchAbbrev":"Micro",
                "InterventionBrowseBranchName":"Micronutrients"
              },{
                "InterventionBrowseBranchAbbrev":"PhSol",
                "InterventionBrowseBranchName":"Pharmaceutical Solutions"
              },{
                "InterventionBrowseBranchAbbrev":"Vi",
                "InterventionBrowseBranchName":"Vitamins"
              },{
                "InterventionBrowseBranchAbbrev":"HB",
                "InterventionBrowseBranchName":"Herbal and Botanical"
              }
            ]
          }
        }
      }
    }
  }
}

