{
  "FullStudy":{
    "Rank":1040,
    "Study":{
      "ProtocolSection":{
        "IdentificationModule":{
          "NCTId":"NCT04836429",
          "OrgStudyIdInfo":{
            "OrgStudyId":"I 767720"
          },
          "Organization":{
            "OrgFullName":"Roswell Park Cancer Institute",
            "OrgClass":"OTHER"
          },
          "BriefTitle":"Photodynamic Therapy to Amplify the Response to Immunotherapy in Patients With Non-small Cell Lung Cancer With Pleural Disease",
          "OfficialTitle":"Utilizing Photodynamic Therapy to Amplify the Response to Immunotherapy in Patients With Non-Small Cell Lung Cancer (NSCLC) With Pleural Disease - Phase I Study"
        },
        "StatusModule":{
          "StatusVerifiedDate":"April 2021",
          "OverallStatus":"Not yet recruiting",
          "ExpandedAccessInfo":{
            "HasExpandedAccess":"No"
          },
          "StartDateStruct":{
            "StartDate":"May 15, 2021",
            "StartDateType":"Anticipated"
          },
          "PrimaryCompletionDateStruct":{
            "PrimaryCompletionDate":"December 15, 2022",
            "PrimaryCompletionDateType":"Anticipated"
          },
          "CompletionDateStruct":{
            "CompletionDate":"December 15, 2023",
            "CompletionDateType":"Anticipated"
          },
          "StudyFirstSubmitDate":"April 5, 2021",
          "StudyFirstSubmitQCDate":"April 5, 2021",
          "StudyFirstPostDateStruct":{
            "StudyFirstPostDate":"April 8, 2021",
            "StudyFirstPostDateType":"Actual"
          },
          "LastUpdateSubmitDate":"April 5, 2021",
          "LastUpdatePostDateStruct":{
            "LastUpdatePostDate":"April 8, 2021",
            "LastUpdatePostDateType":"Actual"
          }
        },
        "SponsorCollaboratorsModule":{
          "ResponsibleParty":{
            "ResponsiblePartyType":"Sponsor"
          },
          "LeadSponsor":{
            "LeadSponsorName":"Roswell Park Cancer Institute",
            "LeadSponsorClass":"OTHER"
          }
        },
        "OversightModule":{
          "OversightHasDMC":"Yes",
          "IsFDARegulatedDrug":"Yes",
          "IsFDARegulatedDevice":"Yes"
        },
        "DescriptionModule":{
          "BriefSummary":"This phase I trial evaluates the side effects of intraoperative photodynamic therapy with porfimer sodium in enhancing the response to immunotherapy with an immune checkpoint inhibitor drug in patients with non-small cell lung cancer with pleural disease. Photodynamic therapy is a technique that that works by combining a photosensitizing agent (porfimer sodium in this trial) and an intense light source to kill tumor cells. Photodynamic therapy may decrease the patients' symptoms and improve their quality of life."
        },
        "ConditionsModule":{
          "ConditionList":{
            "Condition":[
              "Lung Non-Small Cell Carcinoma",
              "Pleural Disorder"
            ]
          }
        },
        "DesignModule":{
          "StudyType":"Interventional",
          "PhaseList":{
            "Phase":[
              "Phase 1"
            ]
          },
          "DesignInfo":{
            "DesignAllocation":"N/A",
            "DesignInterventionModel":"Single Group Assignment",
            "DesignPrimaryPurpose":"Treatment",
            "DesignMaskingInfo":{
              "DesignMasking":"None (Open Label)"
            }
          },
          "EnrollmentInfo":{
            "EnrollmentCount":"16",
            "EnrollmentType":"Anticipated"
          }
        },
        "ArmsInterventionsModule":{
          "ArmGroupList":{
            "ArmGroup":[
              {
                "ArmGroupLabel":"Treatment (porfimer sodium, photodynamic therapy)",
                "ArmGroupType":"Experimental",
                "ArmGroupDescription":"Patients receive porfimer sodium IV over 3-5 minutes 24-48 hours prior to standard of care VATS, followed by photodynamic therapy",
                "ArmGroupInterventionList":{
                  "ArmGroupInterventionName":[
                    "Drug: Porfimer Sodium",
                    "Procedure: Video-Assisted Thoracic Surgery",
                    "Drug: Photodynamic Therapy",
                    "Device: Intraoperative PDT"
                  ]
                }
              }
            ]
          },
          "InterventionList":{
            "Intervention":[
              {
                "InterventionType":"Drug",
                "InterventionName":"Porfimer Sodium",
                "InterventionDescription":"Given IV",
                "InterventionArmGroupLabelList":{
                  "InterventionArmGroupLabel":[
                    "Treatment (porfimer sodium, photodynamic therapy)"
                  ]
                },
                "InterventionOtherNameList":{
                  "InterventionOtherName":[
                    "87806-31-3",
                    "CL-184116",
                    "Dihematoporphyrin Ester",
                    "Photofrin II"
                  ]
                }
              },{
                "InterventionType":"Procedure",
                "InterventionName":"Video-Assisted Thoracic Surgery",
                "InterventionDescription":"Undergo VATS",
                "InterventionArmGroupLabelList":{
                  "InterventionArmGroupLabel":[
                    "Treatment (porfimer sodium, photodynamic therapy)"
                  ]
                },
                "InterventionOtherNameList":{
                  "InterventionOtherName":[
                    "VATS"
                  ]
                }
              },{
                "InterventionType":"Drug",
                "InterventionName":"Photodynamic Therapy",
                "InterventionDescription":"Undergo photodynamic therapy",
                "InterventionArmGroupLabelList":{
                  "InterventionArmGroupLabel":[
                    "Treatment (porfimer sodium, photodynamic therapy)"
                  ]
                },
                "InterventionOtherNameList":{
                  "InterventionOtherName":[
                    "PDT"
                  ]
                }
              },{
                "InterventionType":"Device",
                "InterventionName":"Intraoperative PDT",
                "InterventionDescription":"Subjects will receive one course of light therapy at the time of surgery",
                "InterventionArmGroupLabelList":{
                  "InterventionArmGroupLabel":[
                    "Treatment (porfimer sodium, photodynamic therapy)"
                  ]
                },
                "InterventionOtherNameList":{
                  "InterventionOtherName":[
                    "intra-operative photo dynamic therapy"
                  ]
                }
              }
            ]
          }
        },
        "OutcomesModule":{
          "PrimaryOutcomeList":{
            "PrimaryOutcome":[
              {
                "PrimaryOutcomeMeasure":"Incidence of serious adverse events (SAE)",
                "PrimaryOutcomeDescription":"Will be determined by recording the occurrence of SAE during the first 28 days post study-related immunotherapy. The SAE will be evaluated using the revised NCI Common Terminology Criteria for Adverse Events (CTCAE) version 5.0.",
                "PrimaryOutcomeTimeFrame":"28 days post study-related immunotherapy"
              }
            ]
          },
          "SecondaryOutcomeList":{
            "SecondaryOutcome":[
              {
                "SecondaryOutcomeMeasure":"Progression-free survival (PFS)",
                "SecondaryOutcomeDescription":"Will utilize Kaplan-Meier curves to descriptively examine dose level differences and generate summary statistics.",
                "SecondaryOutcomeTimeFrame":"assessed up to 2 years"
              },{
                "SecondaryOutcomeMeasure":"Overall survival (OS)",
                "SecondaryOutcomeDescription":"Will utilize Kaplan-Meier curves to descriptively examine dose level differences and generate summary statistics.",
                "SecondaryOutcomeTimeFrame":"assessed up to 2 years"
              },{
                "SecondaryOutcomeMeasure":"Changes in the immune phenotype of peripheral blood CD8+ T cells",
                "SecondaryOutcomeDescription":"Will be analyzed using a repeated measures analysis-of-variance (ANOVA) model with a factor for dose level time and a dose level by time interaction.",
                "SecondaryOutcomeTimeFrame":"Baseline up to 2 years"
              },{
                "SecondaryOutcomeMeasure":"Changes in platelet-to-lymphocyte ratio",
                "SecondaryOutcomeDescription":"Will be analyzed using a repeated measures ANOVA model with a factor for dose level, time and a dose level by time interaction.",
                "SecondaryOutcomeTimeFrame":"Baseline up to 2 years"
              }
            ]
          }
        },
        "EligibilityModule":{
          "EligibilityCriteria":"Inclusion Criteria:\n\nHistologically confirmed non-small cell lung cancer (NSCLC) with pleural disease and PDL1 expression < 50%\nThe patient should be considered a candidate for chemoimmunotherapy by the treating medical oncologist\nAge >= 18 years of age\nSubjects must have an Eastern Cooperative Oncology Group (ECOG) score of 0 - 1\nSubjects of child-bearing potential must agree to use adequate contraceptive methods (e.g., hormonal or barrier method of birth control; abstinence) prior to study entry and for 6 months after surgery. Should a woman become pregnant or suspect she is pregnant while she or her partner is participating in this study, she should inform her treating physician immediately\nThe subject or legal representative must understand the investigational nature of this study and sign an Independent Ethics Committee/Institutional Review Board approved written informed consent prior to receiving any study related procedure\nPlatelet count < 100,000\n\nExclusion Criteria:\n\nPatients who have had chemotherapy or radiotherapy within 4 weeks (6 weeks for nitrosoureas or mitomycin C) prior to entering the study or those who have not recovered from adverse events due to agents administered more than 4 weeks earlier\nPatients with untreated or symptomatically unstable treated brain metastases should be excluded from this clinical trial because of their poor prognosis and because they often develop progressive neurologic dysfunction that would confound the evaluation of neurologic and other adverse events. Patients with treated and stable brain metastases (at least 28 days from last radiotherapy treatment) are eligible as long as steroids are not required for symptom management\n\nPatients with porphyria, or with known hypersensitivity to porphyrins or porphyrin-like compounds\n\nAbsolute neutrophil count < 1500\nLeft ventricular ejection fraction (LVEF) < lower level of normal (LLN)\nTotal bilirubin > 2 mg/dL\nCreatinine clearance < 60 mL/min (Cockcroft Gault equation)\nAlkaline phosphatase (hepatic) > 3 times the upper normal limit (SGPT) > 3 times the upper normal limit\nNOTE: Roswell Park clinical lab blood chemistry is performed on plasma unless otherwise indicated\nUncontrolled intercurrent illness including, but not limited to, ongoing or active infection, symptomatic congestive heart failure, unstable angina pectoris, cardiac arrhythmia, or psychiatric illness/social situations that would limit compliance with study requirements\nPregnant or nursing female subjects\nUnwilling or unable to follow protocol requirements\nAny condition which in the Investigator's opinion deems the subject an unsuitable candidate to receive porfimer sodium\nReceived an investigational agent within 30 days prior to enrollment\nHistory of, or active autoimmune disorder, requiring systemic steroids or immunosuppressive agents. Exceptions allowed: patients with autoimmune dermatologic conditions not requiring systemic steroids or immunosuppressive agents (e.g. vitiligo, eczema, etc.), endocrine-related autoimmune conditions receiving appropriate hormonal supplementation. Use of immunosuppressant drugs such as steroids, azathioprine, tacrolimus, cyclosporine, etc. is not permitted within 4 weeks before recruitment (exception allowed is use of steroids as hormone replacement therapy or as supportive medication e.g. anti-emesis, contrast allergy, pre-medication, etc. or other short-course therapy less than 2 weeks continuously within 4 weeks of study treatment)",
          "HealthyVolunteers":"No",
          "Gender":"All",
          "MinimumAge":"18 Years",
          "StdAgeList":{
            "StdAge":[
              "Adult",
              "Older Adult"
            ]
          }
        },
        "ContactsLocationsModule":{
          "CentralContactList":{
            "CentralContact":[
              {
                "CentralContactName":"ASK Roswell",
                "CentralContactRole":"Contact",
                "CentralContactPhone":"1-800-767-9355",
                "CentralContactEMail":"askroswell@roswellpark.org"
              }
            ]
          },
          "OverallOfficialList":{
            "OverallOfficial":[
              {
                "OverallOfficialName":"• Saikrishna Yendamuri, MD",
                "OverallOfficialAffiliation":"Roswell Park Cancer Institute",
                "OverallOfficialRole":"Principal Investigator"
              }
            ]
          }
        },
        "IPDSharingStatementModule":{
          "IPDSharing":"No"
        }
      },
      "DerivedSection":{
        "MiscInfoModule":{
          "VersionHolder":"April 19, 2021"
        },
        "ConditionBrowseModule":{
          "ConditionMeshList":{
            "ConditionMesh":[
              {
                "ConditionMeshId":"D000002289",
                "ConditionMeshTerm":"Carcinoma, Non-Small-Cell Lung"
              },{
                "ConditionMeshId":"D000010995",
                "ConditionMeshTerm":"Pleural Diseases"
              }
            ]
          },
          "ConditionAncestorList":{
            "ConditionAncestor":[
              {
                "ConditionAncestorId":"D000002283",
                "ConditionAncestorTerm":"Carcinoma, Bronchogenic"
              },{
                "ConditionAncestorId":"D000001984",
                "ConditionAncestorTerm":"Bronchial Neoplasms"
              },{
                "ConditionAncestorId":"D000008175",
                "ConditionAncestorTerm":"Lung Neoplasms"
              },{
                "ConditionAncestorId":"D000012142",
                "ConditionAncestorTerm":"Respiratory Tract Neoplasms"
              },{
                "ConditionAncestorId":"D000013899",
                "ConditionAncestorTerm":"Thoracic Neoplasms"
              },{
                "ConditionAncestorId":"D000009371",
                "ConditionAncestorTerm":"Neoplasms by Site"
              },{
                "ConditionAncestorId":"D000009369",
                "ConditionAncestorTerm":"Neoplasms"
              },{
                "ConditionAncestorId":"D000008171",
                "ConditionAncestorTerm":"Lung Diseases"
              },{
                "ConditionAncestorId":"D000012140",
                "ConditionAncestorTerm":"Respiratory Tract Diseases"
              }
            ]
          },
          "ConditionBrowseLeafList":{
            "ConditionBrowseLeaf":[
              {
                "ConditionBrowseLeafId":"M4116",
                "ConditionBrowseLeafName":"Carcinoma",
                "ConditionBrowseLeafRelevance":"low"
              },{
                "ConditionBrowseLeafId":"M9755",
                "ConditionBrowseLeafName":"Lung Neoplasms",
                "ConditionBrowseLeafRelevance":"low"
              },{
                "ConditionBrowseLeafId":"M4128",
                "ConditionBrowseLeafName":"Carcinoma, Non-Small-Cell Lung",
                "ConditionBrowseLeafAsFound":"Lung Non-Small Cell Carcinoma",
                "ConditionBrowseLeafRelevance":"high"
              },{
                "ConditionBrowseLeafId":"M12468",
                "ConditionBrowseLeafName":"Pleural Diseases",
                "ConditionBrowseLeafAsFound":"Pleural Diseases",
                "ConditionBrowseLeafRelevance":"high"
              },{
                "ConditionBrowseLeafId":"M4122",
                "ConditionBrowseLeafName":"Carcinoma, Bronchogenic",
                "ConditionBrowseLeafRelevance":"low"
              },{
                "ConditionBrowseLeafId":"M3842",
                "ConditionBrowseLeafName":"Bronchial Neoplasms",
                "ConditionBrowseLeafRelevance":"low"
              },{
                "ConditionBrowseLeafId":"M13562",
                "ConditionBrowseLeafName":"Respiratory Tract Neoplasms",
                "ConditionBrowseLeafRelevance":"low"
              },{
                "ConditionBrowseLeafId":"M15241",
                "ConditionBrowseLeafName":"Thoracic Neoplasms",
                "ConditionBrowseLeafRelevance":"low"
              },{
                "ConditionBrowseLeafId":"M9751",
                "ConditionBrowseLeafName":"Lung Diseases",
                "ConditionBrowseLeafRelevance":"low"
              },{
                "ConditionBrowseLeafId":"M13560",
                "ConditionBrowseLeafName":"Respiratory Tract Diseases",
                "ConditionBrowseLeafRelevance":"low"
              }
            ]
          },
          "ConditionBrowseBranchList":{
            "ConditionBrowseBranch":[
              {
                "ConditionBrowseBranchAbbrev":"BC04",
                "ConditionBrowseBranchName":"Cancers and Other Neoplasms"
              },{
                "ConditionBrowseBranchAbbrev":"All",
                "ConditionBrowseBranchName":"All Conditions"
              },{
                "ConditionBrowseBranchAbbrev":"BC08",
                "ConditionBrowseBranchName":"Respiratory Tract (Lung and Bronchial) Diseases"
              }
            ]
          }
        },
        "InterventionBrowseModule":{
          "InterventionMeshList":{
            "InterventionMesh":[
              {
                "InterventionMeshId":"D000017323",
                "InterventionMeshTerm":"Dihematoporphyrin Ether"
              },{
                "InterventionMeshId":"D000014307",
                "InterventionMeshTerm":"Trioxsalen"
              }
            ]
          },
          "InterventionAncestorList":{
            "InterventionAncestor":[
              {
                "InterventionAncestorId":"D000000970",
                "InterventionAncestorTerm":"Antineoplastic Agents"
              },{
                "InterventionAncestorId":"D000003879",
                "InterventionAncestorTerm":"Dermatologic Agents"
              },{
                "InterventionAncestorId":"D000017319",
                "InterventionAncestorTerm":"Photosensitizing Agents"
              }
            ]
          },
          "InterventionBrowseLeafList":{
            "InterventionBrowseLeaf":[
              {
                "InterventionBrowseLeafId":"M18195",
                "InterventionBrowseLeafName":"Dihematoporphyrin Ether",
                "InterventionBrowseLeafAsFound":"Pilonidal",
                "InterventionBrowseLeafRelevance":"high"
              },{
                "InterventionBrowseLeafId":"M15642",
                "InterventionBrowseLeafName":"Trioxsalen",
                "InterventionBrowseLeafAsFound":"Pilonidal",
                "InterventionBrowseLeafRelevance":"high"
              },{
                "InterventionBrowseLeafId":"M18196",
                "InterventionBrowseLeafName":"Hematoporphyrin Derivative",
                "InterventionBrowseLeafRelevance":"low"
              },{
                "InterventionBrowseLeafId":"M6717",
                "InterventionBrowseLeafName":"Ether",
                "InterventionBrowseLeafRelevance":"low"
              },{
                "InterventionBrowseLeafId":"M5657",
                "InterventionBrowseLeafName":"Dermatologic Agents",
                "InterventionBrowseLeafRelevance":"low"
              },{
                "InterventionBrowseLeafId":"M18191",
                "InterventionBrowseLeafName":"Photosensitizing Agents",
                "InterventionBrowseLeafRelevance":"low"
              }
            ]
          },
          "InterventionBrowseBranchList":{
            "InterventionBrowseBranch":[
              {
                "InterventionBrowseBranchAbbrev":"ANeo",
                "InterventionBrowseBranchName":"Antineoplastic Agents"
              },{
                "InterventionBrowseBranchAbbrev":"Derm",
                "InterventionBrowseBranchName":"Dermatologic Agents"
              },{
                "InterventionBrowseBranchAbbrev":"All",
                "InterventionBrowseBranchName":"All Drugs and Chemicals"
              },{
                "InterventionBrowseBranchAbbrev":"CNSDep",
                "InterventionBrowseBranchName":"Central Nervous System Depressants"
              }
            ]
          }
        }
      }
    }
  }
}

