{
  "FullStudy":{
    "Rank":1311,
    "Study":{
      "ProtocolSection":{
        "IdentificationModule":{
          "NCTId":"NCT04832906",
          "OrgStudyIdInfo":{
            "OrgStudyId":"FMASU M D 71/2019"
          },
          "Organization":{
            "OrgFullName":"Ain Shams Maternity Hospital",
            "OrgClass":"OTHER"
          },
          "BriefTitle":"UA Versus UAE in Treatment of Fibroids",
          "OfficialTitle":"Ulipristal Acetate Therapy Versus Uterine Artery Embolization in Management of Uterine Fibroids"
        },
        "StatusModule":{
          "StatusVerifiedDate":"April 2021",
          "OverallStatus":"Completed",
          "ExpandedAccessInfo":{
            "HasExpandedAccess":"No"
          },
          "StartDateStruct":{
            "StartDate":"March 13, 2019",
            "StartDateType":"Actual"
          },
          "PrimaryCompletionDateStruct":{
            "PrimaryCompletionDate":"March 13, 2021",
            "PrimaryCompletionDateType":"Actual"
          },
          "CompletionDateStruct":{
            "CompletionDate":"March 13, 2021",
            "CompletionDateType":"Actual"
          },
          "StudyFirstSubmitDate":"April 1, 2021",
          "StudyFirstSubmitQCDate":"April 2, 2021",
          "StudyFirstPostDateStruct":{
            "StudyFirstPostDate":"April 6, 2021",
            "StudyFirstPostDateType":"Actual"
          },
          "LastUpdateSubmitDate":"April 2, 2021",
          "LastUpdatePostDateStruct":{
            "LastUpdatePostDate":"April 6, 2021",
            "LastUpdatePostDateType":"Actual"
          }
        },
        "SponsorCollaboratorsModule":{
          "ResponsibleParty":{
            "ResponsiblePartyType":"Principal Investigator",
            "ResponsiblePartyInvestigatorFullName":"Paula Naseef",
            "ResponsiblePartyInvestigatorTitle":"Principal Investigator",
            "ResponsiblePartyInvestigatorAffiliation":"Ain Shams Maternity Hospital"
          },
          "LeadSponsor":{
            "LeadSponsorName":"Ain Shams Maternity Hospital",
            "LeadSponsorClass":"OTHER"
          }
        },
        "OversightModule":{
          "OversightHasDMC":"Yes",
          "IsFDARegulatedDrug":"No",
          "IsFDARegulatedDevice":"No",
          "IsUSExport":"No"
        },
        "DescriptionModule":{
          "BriefSummary":"Study objective: To prove that Ulipristal acetate is an effective line of management for uterine fibroids by causing a significant decline in fibroid volumes resulting in a substantial relief of fibroid-related symptoms, and to compare its results with those of uterine artery embolization.\n\nDesign: A randomized control trial. Setting: Maternity Hospital, Ain Shams University.\n\nPatients: Women with symptomatic uterine fibroids.\n\nInterventions: 70 women were randomly assigned to either Ulipristal Acetate (UA) group or uterine artery embolization (UAE) group (35 in each group). Both groups were followed up to detect the decline in fibroid size as well as the improvement of symptoms.",
          "DetailedDescription":"Inclusion Criteria:\n\nWomen with symptomatic uterine fibroids were recruited into the study after fulfilling the following criteria:\n\nTheir age should range from 35 to 50 years.\nTheir body mass index (BMI) should range from 18 to 35 Kg/m2.\nThe presence of multiple symptomatic type 2, 3, 4, 5, or 6 uterine fibroids according to the FIGO classification.\nThe dominant fibroid diameter should range from 4 to 8 cm as assessed by ultrasound.\nThey should not be seeking future fertility.\nThey should be refusing any surgical intervention whether myomectomy or hysterectomy.\n\nExclusion Criteria:\n\nPost-menopausal status or premature ovarian failure.\nType 0, 1 and 7 uterine fibroids according to FIGO classification.\nPrevious myomectomy or any uterine surgery.\nPrevious or ongoing hormonal treatment.\n\nSampling Method:\n\nThe study sample will be a \"convenient sample\" where women fulfilling the inclusion criteria and consenting to participate in the study will be recruited.\n\nSample Size justification:\n\nThe study will include 70 women with symptomatic uterine fibroids who will be randomized into two groups with 35 women in each group.\n\nThe required sample size has been calculated using the PASS 15 Power Anal-ysis and Sample Size Software (PASS©) version 15 (2017); NCSS, LLC. Kaysville, Utah, USA.\n\nThe main outcome measure is the reduction in fibroid volume. The secondary outcome measures are symptoms relief and improvement in quality of life.\n\nA previous study reported that Ulipristal Acetate (UA) was comparable to uterine artery embolization (UAE) as regards the percentage of reduction in fibroid volume with median (interquartile range) percentage reduction of 48.1 (24.8 - 66) % versus 47.3 (29.5 - 69.5) % for UPA and UAE respectively (Czuczwar et al., 2015).\n\nUsing the methods described by Wan et al (2014) and Luo et al (2018), we calculated that the mean ± SD percentage of reduction in fibroid volume was 44.0 ± 28.5 % versus 48.9 ±32.3 % for UPA and UAE respectively, with mean difference of 4.9 % and common within group SD of 30.5%.\n\nTaking into consideration a \"drop-out rate\" of about 10%, due to loss of follow up or withdrawal from the study, it is estimated that a sample size of 35 patients per group achieves 80% power using a one-sided equivalence test with a significance level of 5% (alpha-error = 0.05), when the difference between the two means is 4.9 %, common within group SD is 30.5 %, and equivalence limits are -25% and 25%.\n\nOn the other hand, this sample size achieves a power of 82% to detect a statistically significant difference between the two groups as regards the symptoms scores and measures of ovarian reserve (AFC and AMH) for an effect size equivalent to a Cohen's d of 0.75 (i.e., 0.75 common SD) using a two-sided unpaired t-test with the same significance level of alpha = 0.05.\n\nThese equivalence limits and effect size have been targeted, as they may be considered clinically important.\n\nInformed consent:\n\nThe nature and scope of the clinical study will be explained in an understand-able way to the patients and an informed consent form, in Arabic language, including all the study procedures, advantages and possible risks and specifying who informed the patient, will be provided and the patient must sign on it before participation. The study protocol and patient informed consent will be reviewed and approved by the Ethics Committee of the Obstetrics and Gynecology Department, Ain Shams University.\n\nFunding:\n\nThis study will be funded by the researcher himself and Ain Shams University\n\nRandomization and Allocation concealment:\n\nThe participants will be randomly assigned into one of the two study groups using a computer random sequence generator. The randomization will be made using sequentially numbered, opaque sealed envelopes; each envelope contains the method of intervention according to the random sequence and will be opened just before the intervention.\n\nStudy Procedures:\n\nAll participants will undergo full assessment before starting either treatment options. This assessment will include:\n\nDetailed History:\n\nPersonal history: including patient's full name, age, marital status, parity, occupation and residence will be recorded.\nMenstrual history: including age of menarche, D/C, amount of menstrual flow and associated dysmenorrhea.\nContraceptive history: to exclude other causes for uterine bleeding.\nPast medical history of Diabetes Mellitus, hypertension, bronchial asthma, cardiac diseases, anemia, etc.\nPast surgical history of uterine surgeries.\nHistory of present illness with detailed analysis of each patient's complaint whether abnormal uterine bleeding, dysmenorrhea and pelvic pressure symptoms such as urinary urgency or constipation.\n\nPhysical Examination:\n\nGeneral examination including: Pulse, blood pressure, temperature, body mass index (BMI), auscultation of lungs and heart, and complex-ion as pallor due to anemia caused by heavy bleeding.\nAbdominal examination: inspection for any scar, palpation of the abdomen for any tenderness and for pelviabdominal masses.\nPelvic examination: complete bimanual examination for uterine size, mobility and palpable uterine fibroids.\n\nInvestigations:\n\nBaseline hemoglobin, hematocrit, and blood grouping.\nBlood chemistry: AST, ALT, serum creatinine and RBS.\nTrans-vaginal ultrasound for uterine volume and fibroid location, volume and maximum diameter. Uterine volume (expressed in cubic centimeters) will be calculated by measuring the maximum length, antero-posterior and transverse diameters of the uterine corpus, using the US device software formula for calculation of the uterine volume. Myoma volumes will be measured by using the existing 2-dimensional US methods. The FIGO classification system (figure 1) will be used for defining the myoma location.\n\nStudy groups:\n\nPatients recruited in this study will be randomized into one of the following study groups:\n\nGroup A \"Ulipristal Acetate (UA) - Fibristal group\" (n=35):\n\nPatients within this group will receive oral Ulipristal Acetate (Fibristal ©) 5 mg / day starting from the first day of menstrual bleeding, and for 3 months (period of the study).\n\nGroup B \"Uterine artery embolization (UAE) group\" (n=35):\n\nPatients within this group will undergo bilateral selective uterine artery embolization, during which polyvinyl alcohol (PVA) particles will be administered via a catheter followed by capping with a plug of gelatin sponge. The end point for embolization is to have a static column of contrast in the uterine artery, with only a stump filling when the internal iliac artery was injected. The gelatin sponge cap was thought to both complete the occlusion of the uterine artery and to prevent PVA particles from being drawn out of the uterine artery by the Venturi effect, which would result in non-target embolization.\n\nFollow up:\n\nEach patient within both groups will be subjected to follow-up trans-vaginal ultrasound (US) 3 months after Ulipristal acetate (UA) therapy or after uterine artery embolization (UAE) session to detect the decline in uterine fibroid volumes in comparison to their baseline. To reduce inter-observer variability associated with ultrasound imaging, measurements will be always taken by the same sonographer.\n\nEach patient within both groups will be evaluated clinically for the symptoms reported at least 1 month before starting the treatment (baseline) and 3 months after Ulipristal acetate (UA) therapy or after uterine artery embolization (UAE) session. Durability of the used treatment line will be tested by follow up after one year from initiating therapy.\n\nFibroid-related heavy menstrual bleeding (HMB) will be evaluated by the pictorial blood assessment chart score (figure 2). This instrument is a self-administered pictorial chart that takes account of the number of sanitary pads and tampons used, presence of blood clots, and episodes of bleeding. The 1-month pictorial blood assessment chart score was calculated from the addition of daily scores for 28 days. A score of higher than 100 during the first 8 days of menstruation will be defined as heavy menstrual bleeding (HMB).\n\nSubjective feelings of pelvic pressure, urinary urgency, and constipation will be recorded on a simplified questionnaire containing 2 categories defined as \"absent \"and \"present.\" The visual analog scale (VAS) pain score (figure 3) will be used to determine the presence or absence of pelvic pain.\n\nStatistical Methods:\n\nData will be analyzed using Intention to treat (ITT) analysis. According to Fisher et al (1990), the ITT analysis includes all randomized patients in the groups to which they were randomly assigned, regardless of their adherence with the entry criteria, regardless of the treatment they actually received, and regardless of subsequent withdrawal from treatment or deviation from the protocol.\n\nIn other words, ITT analysis includes every subject who is randomized according to randomized treatment assignment. It ignores non-compliance, protocol deviations, withdrawal, and anything that happens after randomization. ITT analysis is usually described as \"once randomized, always analyzed\".\n\nITT analysis avoids overoptimistic estimates of the efficacy of one of the two interventions resulting from the removal of non-compliers by accepting that noncompliance and protocol deviations are likely to occur in actual clinical practice.\n\nEfficacy of the two study interventions will be compared using Odds ratio (OR), Relative risk (RR), Number needed to treat (NNT) and Number needed to harm (NNH).\n\nData will be analyzed using IBM© SPSS© Statistics version 23 (IBM© Corp., Armonk, NY). Normally distributed numerical data will be presented as mean and SD, and skewed data as median and interquartile range. Qualitative data will be presented as number and percentage. Normally distributed numerical data will be compared using the unpaired t test and skewed data using the Mann-Whitney test. Categorical data will be compared using the Pearson chi-squared test or Fisher's exact test, if appropriate. A two-sided p-value <0.05 will be considered statistically significant."
        },
        "ConditionsModule":{
          "ConditionList":{
            "Condition":[
              "Uterine Fibroid"
            ]
          },
          "KeywordList":{
            "Keyword":[
              "Abnormal uterine bleeding (AUB)",
              "Benign gynecologic conditions",
              "Ulipristal acetate",
              "Uterine artery embolization"
            ]
          }
        },
        "DesignModule":{
          "StudyType":"Interventional",
          "PhaseList":{
            "Phase":[
              "Phase 4"
            ]
          },
          "DesignInfo":{
            "DesignAllocation":"Randomized",
            "DesignInterventionModel":"Parallel Assignment",
            "DesignPrimaryPurpose":"Treatment",
            "DesignMaskingInfo":{
              "DesignMasking":"None (Open Label)"
            }
          },
          "EnrollmentInfo":{
            "EnrollmentCount":"70",
            "EnrollmentType":"Actual"
          }
        },
        "ArmsInterventionsModule":{
          "ArmGroupList":{
            "ArmGroup":[
              {
                "ArmGroupLabel":"Group A \"Ulipristal Acetate (UA) - Fibristal group\" (n=35)",
                "ArmGroupType":"Active Comparator",
                "ArmGroupDescription":"Patients within this group received oral Ulipristal Acetate (Fibristal ©) 5 mg / day starting from the first day of menstrual bleeding, and for 3 months (period of the study).",
                "ArmGroupInterventionList":{
                  "ArmGroupInterventionName":[
                    "Drug: Ulipristal Oral Tablet"
                  ]
                }
              },{
                "ArmGroupLabel":"Group B \"Uterine artery embolization (UAE) group\" (n=35)",
                "ArmGroupType":"Active Comparator",
                "ArmGroupDescription":"Patients within this group underwent bilateral selective uterine artery embolization, during which polyvinyl alcohol (PVA) particles was administered via a catheter followed by capping with a plug of gelatin sponge. The end point for embolization is to have a static column of contrast in the uterine artery, with only a stump filling when the internal iliac artery was injected. The gelatin sponge cap was thought to both complete the occlusion of the uterine artery and to prevent PVA particles from being drawn out of the uterine artery by the Venturi effect, which would result in non-target embolization.",
                "ArmGroupInterventionList":{
                  "ArmGroupInterventionName":[
                    "Procedure: Uterine artery embolization"
                  ]
                }
              }
            ]
          },
          "InterventionList":{
            "Intervention":[
              {
                "InterventionType":"Drug",
                "InterventionName":"Ulipristal Oral Tablet",
                "InterventionDescription":"A selective progesterone receptor modulator (SPRM), as a medical line of treatment for uterine fibroids. Due to its selective anti-proliferative and pro-apoptotic action, Ulipristal Acetate (UA) is assumed to be effective in reducing abnormal uterine bleeding (AUB) and fibroid size.",
                "InterventionArmGroupLabelList":{
                  "InterventionArmGroupLabel":[
                    "Group A \"Ulipristal Acetate (UA) - Fibristal group\" (n=35)"
                  ]
                }
              },{
                "InterventionType":"Procedure",
                "InterventionName":"Uterine artery embolization",
                "InterventionDescription":"Selective embolization of uterine arteries bilaterally, using polyvinyl alcohol (PVA) particles administered via a catheter followed by capping with a plug of gelatin sponge. The end point for embolization is to have a static column of contrast in the uterine artery, with only a stump filling when the internal iliac artery was injected.",
                "InterventionArmGroupLabelList":{
                  "InterventionArmGroupLabel":[
                    "Group B \"Uterine artery embolization (UAE) group\" (n=35)"
                  ]
                }
              }
            ]
          }
        },
        "OutcomesModule":{
          "PrimaryOutcomeList":{
            "PrimaryOutcome":[
              {
                "PrimaryOutcomeMeasure":"Decline in dominant fibroid volume (in cubic centimeters).",
                "PrimaryOutcomeDescription":"measured by transvaginal ultrasound.",
                "PrimaryOutcomeTimeFrame":"3 months"
              }
            ]
          },
          "SecondaryOutcomeList":{
            "SecondaryOutcome":[
              {
                "SecondaryOutcomeMeasure":"Relief of abnormal uterine bleeding.",
                "SecondaryOutcomeDescription":"measured by reduction in Pictorial Blood Loss Assessment Chart Score.",
                "SecondaryOutcomeTimeFrame":"3 months"
              },{
                "SecondaryOutcomeMeasure":"Relief of pelvic pain.",
                "SecondaryOutcomeDescription":"measured by reduction in Visual Analogue Scale Score.",
                "SecondaryOutcomeTimeFrame":"3 months"
              },{
                "SecondaryOutcomeMeasure":"Relief of pelvic pressure symptoms.",
                "SecondaryOutcomeDescription":"Subjective feelings of pelvic pressure symptoms including urinary urgency, and constipation was recorded using a simplified questionnaire containing 2 categories defined as \"absent \"and \"present.\"",
                "SecondaryOutcomeTimeFrame":"3 months"
              },{
                "SecondaryOutcomeMeasure":"Adverse effects.",
                "SecondaryOutcomeDescription":"resulting from either treatment options within the 2 arms of the study.",
                "SecondaryOutcomeTimeFrame":"6 months"
              }
            ]
          }
        },
        "EligibilityModule":{
          "EligibilityCriteria":"Inclusion Criteria:\n\nTheir age should range from 35 to 50 years.\nTheir body mass index (BMI) should range from 18 to 35 Kg/m2.\nThe presence of one or more symptomatic type 2, 3, 4, 5, or 6 uterine fibroids according to the FIGO classification.\nThe dominant fibroid diameter should range from 4 to 8 cm as assessed by ultrasound.\nThey should not be seeking future fertility.\nThey should be refusing any surgical intervention whether myomectomy or hysterectomy.\n\nExclusion Criteria:\n\nPost-menopausal status or premature ovarian failure.\nType 0, 1 and 7 uterine fibroids according to FIGO classification.\nPrevious myomectomy or any uterine surgery.\nPrevious or ongoing hormonal treatment.",
          "HealthyVolunteers":"No",
          "Gender":"All",
          "MinimumAge":"35 Years",
          "MaximumAge":"50 Years",
          "StdAgeList":{
            "StdAge":[
              "Adult"
            ]
          }
        },
        "ContactsLocationsModule":{
          "LocationList":{
            "Location":[
              {
                "LocationFacility":"Ain Shams Maternity Hospital",
                "LocationCity":"Cairo",
                "LocationState":"Abbassia",
                "LocationZip":"11517",
                "LocationCountry":"Egypt"
              }
            ]
          }
        },
        "IPDSharingStatementModule":{
          "IPDSharing":"No"
        }
      },
      "DerivedSection":{
        "MiscInfoModule":{
          "VersionHolder":"April 19, 2021"
        },
        "ConditionBrowseModule":{
          "ConditionMeshList":{
            "ConditionMesh":[
              {
                "ConditionMeshId":"D000007889",
                "ConditionMeshTerm":"Leiomyoma"
              },{
                "ConditionMeshId":"D000047708",
                "ConditionMeshTerm":"Myofibroma"
              }
            ]
          },
          "ConditionAncestorList":{
            "ConditionAncestor":[
              {
                "ConditionAncestorId":"D000009379",
                "ConditionAncestorTerm":"Neoplasms, Muscle Tissue"
              },{
                "ConditionAncestorId":"D000018204",
                "ConditionAncestorTerm":"Neoplasms, Connective and Soft Tissue"
              },{
                "ConditionAncestorId":"D000009370",
                "ConditionAncestorTerm":"Neoplasms by Histologic Type"
              },{
                "ConditionAncestorId":"D000009369",
                "ConditionAncestorTerm":"Neoplasms"
              },{
                "ConditionAncestorId":"D000009372",
                "ConditionAncestorTerm":"Neoplasms, Connective Tissue"
              },{
                "ConditionAncestorId":"D000003240",
                "ConditionAncestorTerm":"Connective Tissue Diseases"
              }
            ]
          },
          "ConditionBrowseLeafList":{
            "ConditionBrowseLeaf":[
              {
                "ConditionBrowseLeafId":"M9484",
                "ConditionBrowseLeafName":"Leiomyoma",
                "ConditionBrowseLeafAsFound":"Uterine Fibroids",
                "ConditionBrowseLeafRelevance":"high"
              },{
                "ConditionBrowseLeafId":"M8139",
                "ConditionBrowseLeafName":"Hemorrhage",
                "ConditionBrowseLeafRelevance":"low"
              },{
                "ConditionBrowseLeafId":"M24433",
                "ConditionBrowseLeafName":"Myofibroma",
                "ConditionBrowseLeafAsFound":"Uterine Fibroids",
                "ConditionBrowseLeafRelevance":"high"
              },{
                "ConditionBrowseLeafId":"M15923",
                "ConditionBrowseLeafName":"Uterine Hemorrhage",
                "ConditionBrowseLeafRelevance":"low"
              },{
                "ConditionBrowseLeafId":"M18933",
                "ConditionBrowseLeafName":"Neoplasms, Connective and Soft Tissue",
                "ConditionBrowseLeafRelevance":"low"
              },{
                "ConditionBrowseLeafId":"M10898",
                "ConditionBrowseLeafName":"Neoplasms by Histologic Type",
                "ConditionBrowseLeafRelevance":"low"
              },{
                "ConditionBrowseLeafId":"M10900",
                "ConditionBrowseLeafName":"Neoplasms, Connective Tissue",
                "ConditionBrowseLeafRelevance":"low"
              },{
                "ConditionBrowseLeafId":"M5047",
                "ConditionBrowseLeafName":"Connective Tissue Diseases",
                "ConditionBrowseLeafRelevance":"low"
              }
            ]
          },
          "ConditionBrowseBranchList":{
            "ConditionBrowseBranch":[
              {
                "ConditionBrowseBranchAbbrev":"BC04",
                "ConditionBrowseBranchName":"Cancers and Other Neoplasms"
              },{
                "ConditionBrowseBranchAbbrev":"All",
                "ConditionBrowseBranchName":"All Conditions"
              },{
                "ConditionBrowseBranchAbbrev":"BC23",
                "ConditionBrowseBranchName":"Symptoms and General Pathology"
              },{
                "ConditionBrowseBranchAbbrev":"BC17",
                "ConditionBrowseBranchName":"Skin and Connective Tissue Diseases"
              },{
                "ConditionBrowseBranchAbbrev":"BXS",
                "ConditionBrowseBranchName":"Urinary Tract, Sexual Organs, and Pregnancy Conditions"
              }
            ]
          }
        },
        "InterventionBrowseModule":{
          "InterventionMeshList":{
            "InterventionMesh":[
              {
                "InterventionMeshId":"C000555622",
                "InterventionMeshTerm":"Ulipristal acetate"
              }
            ]
          },
          "InterventionAncestorList":{
            "InterventionAncestor":[
              {
                "InterventionAncestorId":"D000003271",
                "InterventionAncestorTerm":"Contraceptive Agents, Female"
              },{
                "InterventionAncestorId":"D000003270",
                "InterventionAncestorTerm":"Contraceptive Agents"
              },{
                "InterventionAncestorId":"D000012102",
                "InterventionAncestorTerm":"Reproductive Control Agents"
              },{
                "InterventionAncestorId":"D000045505",
                "InterventionAncestorTerm":"Physiological Effects of Drugs"
              }
            ]
          },
          "InterventionBrowseLeafList":{
            "InterventionBrowseLeaf":[
              {
                "InterventionBrowseLeafId":"M12828",
                "InterventionBrowseLeafName":"Progesterone",
                "InterventionBrowseLeafRelevance":"low"
              },{
                "InterventionBrowseLeafId":"M269683",
                "InterventionBrowseLeafName":"Ulipristal acetate",
                "InterventionBrowseLeafAsFound":"Care management",
                "InterventionBrowseLeafRelevance":"high"
              },{
                "InterventionBrowseLeafId":"M2358",
                "InterventionBrowseLeafName":"Ethanol",
                "InterventionBrowseLeafRelevance":"low"
              },{
                "InterventionBrowseLeafId":"M5077",
                "InterventionBrowseLeafName":"Contraceptive Agents",
                "InterventionBrowseLeafRelevance":"low"
              }
            ]
          },
          "InterventionBrowseBranchList":{
            "InterventionBrowseBranch":[
              {
                "InterventionBrowseBranchAbbrev":"All",
                "InterventionBrowseBranchName":"All Drugs and Chemicals"
              },{
                "InterventionBrowseBranchAbbrev":"Repr",
                "InterventionBrowseBranchName":"Reproductive Control Agents"
              },{
                "InterventionBrowseBranchAbbrev":"Infe",
                "InterventionBrowseBranchName":"Anti-Infective Agents"
              },{
                "InterventionBrowseBranchAbbrev":"CNSDep",
                "InterventionBrowseBranchName":"Central Nervous System Depressants"
              }
            ]
          }
        }
      }
    }
  }
}

