{
  "FullStudy":{
    "Rank":991,
    "Study":{
      "ProtocolSection":{
        "IdentificationModule":{
          "NCTId":"NCT04837066",
          "OrgStudyIdInfo":{
            "OrgStudyId":"IRB-FY20-339"
          },
          "Organization":{
            "OrgFullName":"California State University, Northridge",
            "OrgClass":"OTHER"
          },
          "BriefTitle":"Dynamic Vision Testing and Concussion Management",
          "OfficialTitle":"Dynamic Vision Testing and Concussion Management"
        },
        "StatusModule":{
          "StatusVerifiedDate":"April 2021",
          "OverallStatus":"Recruiting",
          "ExpandedAccessInfo":{
            "HasExpandedAccess":"No"
          },
          "StartDateStruct":{
            "StartDate":"August 15, 2021",
            "StartDateType":"Anticipated"
          },
          "PrimaryCompletionDateStruct":{
            "PrimaryCompletionDate":"August 15, 2024",
            "PrimaryCompletionDateType":"Anticipated"
          },
          "CompletionDateStruct":{
            "CompletionDate":"August 15, 2024",
            "CompletionDateType":"Anticipated"
          },
          "StudyFirstSubmitDate":"April 6, 2021",
          "StudyFirstSubmitQCDate":"April 6, 2021",
          "StudyFirstPostDateStruct":{
            "StudyFirstPostDate":"April 8, 2021",
            "StudyFirstPostDateType":"Actual"
          },
          "LastUpdateSubmitDate":"April 6, 2021",
          "LastUpdatePostDateStruct":{
            "LastUpdatePostDate":"April 8, 2021",
            "LastUpdatePostDateType":"Actual"
          }
        },
        "SponsorCollaboratorsModule":{
          "ResponsibleParty":{
            "ResponsiblePartyType":"Principal Investigator",
            "ResponsiblePartyInvestigatorFullName":"Aimie Kachingwe",
            "ResponsiblePartyInvestigatorTitle":"Primary Investigator",
            "ResponsiblePartyInvestigatorAffiliation":"California State University, Northridge"
          },
          "LeadSponsor":{
            "LeadSponsorName":"California State University, Northridge",
            "LeadSponsorClass":"OTHER"
          }
        },
        "OversightModule":{
          "OversightHasDMC":"No",
          "IsFDARegulatedDrug":"No",
          "IsFDARegulatedDevice":"No"
        },
        "DescriptionModule":{
          "BriefSummary":"The purpose of this study is to determine the value of including dynamic vision testing into California State University, Northridge (CSUN) Athletics' established concussion protocol. The study's hypotheses are 1) dynamic vision testing will reveal vision impairments right after a person sustains a concussion, 2) these impairments may still be present upon clearance to return to play.",
          "DetailedDescription":"The subjects of interest are CSUN student-athletes who give consent to participate in the study. Dynamic vision will be assessed through the administration of the Dynamic Visual Acuity (DVA) test and the Gaze Stabilization Test (GST). Additionally, the 6-condition Balance Error Scoring System (BESS), which is currently a component of CSUN's established concussion protocol, will be administered to assess balance impairments. This cluster of tests will be administered three times per athlete: (1) during preseason to establish baseline measures, (2) acutely post-concussion once the athlete subject has been cleared by the team physician for return to exercise, and (3) when cleared to return to sport. The results will be used to evaluate whether or not dynamic vision results have returned to baseline by the time that CSUN Athletics clears the athlete to \"Return to Play.\""
        },
        "ConditionsModule":{
          "ConditionList":{
            "Condition":[
              "Head Injury",
              "Sport Injury",
              "Concussion, Brain"
            ]
          }
        },
        "DesignModule":{
          "StudyType":"Observational",
          "PatientRegistry":"No",
          "DesignInfo":{
            "DesignObservationalModelList":{
              "DesignObservationalModel":[
                "Cohort"
              ]
            },
            "DesignTimePerspectiveList":{
              "DesignTimePerspective":[
                "Prospective"
              ]
            }
          },
          "EnrollmentInfo":{
            "EnrollmentCount":"100",
            "EnrollmentType":"Anticipated"
          }
        },
        "ArmsInterventionsModule":{
          "InterventionList":{
            "Intervention":[
              {
                "InterventionType":"Diagnostic Test",
                "InterventionName":"Dynamic Vision Testing (Bertec Vision Advantage System) and Balance Error Scoring System",
                "InterventionDescription":"Assessment tool and computerized tests designed to evaluate postural stability and vestibulo-ocular reflex (VOR) function while assisting with return to play decision after a sports-related concussion."
              }
            ]
          }
        },
        "OutcomesModule":{
          "PrimaryOutcomeList":{
            "PrimaryOutcome":[
              {
                "PrimaryOutcomeMeasure":"6-Condition BESS",
                "PrimaryOutcomeDescription":"Number of errors and time subject was able to hold position",
                "PrimaryOutcomeTimeFrame":"August 15, 2021 - August 15, 2024"
              },{
                "PrimaryOutcomeMeasure":"Gaze Stabilization Test (GST)",
                "PrimaryOutcomeDescription":"Maximum head velocity in degrees/second",
                "PrimaryOutcomeTimeFrame":"August 15, 2021 - August 15, 2024"
              },{
                "PrimaryOutcomeMeasure":"Dynamic Visual Acuity (DVA)",
                "PrimaryOutcomeDescription":"Log of minimal angle resolvable units (LogMAR). The number of lines on an eye chart that are lost with head moving (DVA) compared to the head steady condition, known as static visual acuity (SVA)",
                "PrimaryOutcomeTimeFrame":"August 15, 2021 - August 15, 2024"
              }
            ]
          }
        },
        "EligibilityModule":{
          "EligibilityCriteria":"Inclusion Criteria:\n\nCalifornia State University Northridge athletes\nParticipants are able to give consent to participate in the study\nCompletion of preseason testing for the 6-condition, BESS, DVA, GST with the research team\nSustained a concussion as diagnosed by the medical staff during the 2020-2021 season of play.\nSampling of convenience on a volunteer basis\n\nExclusion Criteria:\n\nAthletes with preseason baseline tests on BESS or DVA that are not within the normative value range for an unimpaired individual.\nThe initial 6- condition BESS score is >20 errors\nThe subject is unable to attain a minimum of 85 degrees per second of horizontal head rotation when performing the DVA test.",
          "HealthyVolunteers":"Accepts Healthy Volunteers",
          "Gender":"All",
          "StdAgeList":{
            "StdAge":[
              "Child",
              "Adult",
              "Older Adult"
            ]
          },
          "StudyPopulation":"Due to COVID-19 and the uncertainty of which teams will be competing during the academic year, our subject pool will potentially come from any athlete who provides consent from an equal number of men's and women's teams who are competing that semester.",
          "SamplingMethod":"Non-Probability Sample"
        },
        "ContactsLocationsModule":{
          "CentralContactList":{
            "CentralContact":[
              {
                "CentralContactName":"Aimie Kachingwe, Dr.",
                "CentralContactRole":"Contact",
                "CentralContactPhone":"818-677-4684",
                "CentralContactEMail":"aimie.kachingwe@csun.edu"
              },{
                "CentralContactName":"Margaret Roller, Dr.",
                "CentralContactRole":"Contact",
                "CentralContactPhone":"818-677-4684",
                "CentralContactEMail":"peggy.roller@csun.edu"
              }
            ]
          },
          "OverallOfficialList":{
            "OverallOfficial":[
              {
                "OverallOfficialName":"Aimie Kachingwe, Dr.",
                "OverallOfficialAffiliation":"CSUN",
                "OverallOfficialRole":"Principal Investigator"
              },{
                "OverallOfficialName":"Margaret Roller, Dr.",
                "OverallOfficialAffiliation":"CSUN",
                "OverallOfficialRole":"Principal Investigator"
              }
            ]
          },
          "LocationList":{
            "Location":[
              {
                "LocationFacility":"California State University, Northridge, Jacaranda Hall 1578, 1576, 1574",
                "LocationStatus":"Recruiting",
                "LocationCity":"Northridge",
                "LocationState":"California",
                "LocationZip":"91330-8411",
                "LocationCountry":"United States",
                "LocationContactList":{
                  "LocationContact":[
                    {
                      "LocationContactName":"Aimie Kachingwe, Dr.",
                      "LocationContactRole":"Contact",
                      "LocationContactPhone":"818-677-4684",
                      "LocationContactEMail":"aimie.kachingwe@csun.edu"
                    }
                  ]
                }
              }
            ]
          }
        },
        "IPDSharingStatementModule":{
          "IPDSharing":"No"
        }
      },
      "DerivedSection":{
        "MiscInfoModule":{
          "VersionHolder":"April 19, 2021"
        },
        "ConditionBrowseModule":{
          "ConditionMeshList":{
            "ConditionMesh":[
              {
                "ConditionMeshId":"D000006259",
                "ConditionMeshTerm":"Craniocerebral Trauma"
              },{
                "ConditionMeshId":"D000001924",
                "ConditionMeshTerm":"Brain Concussion"
              },{
                "ConditionMeshId":"D000014947",
                "ConditionMeshTerm":"Wounds and Injuries"
              },{
                "ConditionMeshId":"D000001265",
                "ConditionMeshTerm":"Athletic Injuries"
              }
            ]
          },
          "ConditionAncestorList":{
            "ConditionAncestor":[
              {
                "ConditionAncestorId":"D000020196",
                "ConditionAncestorTerm":"Trauma, Nervous System"
              },{
                "ConditionAncestorId":"D000009422",
                "ConditionAncestorTerm":"Nervous System Diseases"
              },{
                "ConditionAncestorId":"D000070642",
                "ConditionAncestorTerm":"Brain Injuries, Traumatic"
              },{
                "ConditionAncestorId":"D000001930",
                "ConditionAncestorTerm":"Brain Injuries"
              },{
                "ConditionAncestorId":"D000001927",
                "ConditionAncestorTerm":"Brain Diseases"
              },{
                "ConditionAncestorId":"D000002493",
                "ConditionAncestorTerm":"Central Nervous System Diseases"
              },{
                "ConditionAncestorId":"D000016489",
                "ConditionAncestorTerm":"Head Injuries, Closed"
              },{
                "ConditionAncestorId":"D000014949",
                "ConditionAncestorTerm":"Wounds, Nonpenetrating"
              }
            ]
          },
          "ConditionBrowseLeafList":{
            "ConditionBrowseLeaf":[
              {
                "ConditionBrowseLeafId":"M3151",
                "ConditionBrowseLeafName":"Athletic Injuries",
                "ConditionBrowseLeafAsFound":"Sport Injury",
                "ConditionBrowseLeafRelevance":"high"
              },{
                "ConditionBrowseLeafId":"M7932",
                "ConditionBrowseLeafName":"Craniocerebral Trauma",
                "ConditionBrowseLeafAsFound":"Head Injury",
                "ConditionBrowseLeafRelevance":"high"
              },{
                "ConditionBrowseLeafId":"M16268",
                "ConditionBrowseLeafName":"Wounds and Injuries",
                "ConditionBrowseLeafAsFound":"Injury",
                "ConditionBrowseLeafRelevance":"high"
              },{
                "ConditionBrowseLeafId":"M3783",
                "ConditionBrowseLeafName":"Brain Concussion",
                "ConditionBrowseLeafAsFound":"Concussion, Brain",
                "ConditionBrowseLeafRelevance":"high"
              },{
                "ConditionBrowseLeafId":"M20607",
                "ConditionBrowseLeafName":"Trauma, Nervous System",
                "ConditionBrowseLeafRelevance":"low"
              },{
                "ConditionBrowseLeafId":"M3789",
                "ConditionBrowseLeafName":"Brain Injuries",
                "ConditionBrowseLeafRelevance":"low"
              },{
                "ConditionBrowseLeafId":"M628",
                "ConditionBrowseLeafName":"Brain Injuries, Traumatic",
                "ConditionBrowseLeafRelevance":"low"
              },{
                "ConditionBrowseLeafId":"M3786",
                "ConditionBrowseLeafName":"Brain Diseases",
                "ConditionBrowseLeafRelevance":"low"
              },{
                "ConditionBrowseLeafId":"M4325",
                "ConditionBrowseLeafName":"Central Nervous System Diseases",
                "ConditionBrowseLeafRelevance":"low"
              },{
                "ConditionBrowseLeafId":"M17475",
                "ConditionBrowseLeafName":"Head Injuries, Closed",
                "ConditionBrowseLeafRelevance":"low"
              },{
                "ConditionBrowseLeafId":"M16270",
                "ConditionBrowseLeafName":"Wounds, Nonpenetrating",
                "ConditionBrowseLeafRelevance":"low"
              }
            ]
          },
          "ConditionBrowseBranchList":{
            "ConditionBrowseBranch":[
              {
                "ConditionBrowseBranchAbbrev":"BC26",
                "ConditionBrowseBranchName":"Wounds and Injuries"
              },{
                "ConditionBrowseBranchAbbrev":"All",
                "ConditionBrowseBranchName":"All Conditions"
              },{
                "ConditionBrowseBranchAbbrev":"BC10",
                "ConditionBrowseBranchName":"Nervous System Diseases"
              }
            ]
          }
        },
        "InterventionBrowseModule":{
          "InterventionMeshList":{
            "InterventionMesh":[
              {
                "InterventionMeshId":"C000082359",
                "InterventionMeshTerm":"Imidacloprid"
              }
            ]
          },
          "InterventionAncestorList":{
            "InterventionAncestor":[
              {
                "InterventionAncestorId":"D000018678",
                "InterventionAncestorTerm":"Cholinergic Agents"
              },{
                "InterventionAncestorId":"D000018377",
                "InterventionAncestorTerm":"Neurotransmitter Agents"
              },{
                "InterventionAncestorId":"D000045504",
                "InterventionAncestorTerm":"Molecular Mechanisms of Pharmacological Action"
              },{
                "InterventionAncestorId":"D000045505",
                "InterventionAncestorTerm":"Physiological Effects of Drugs"
              }
            ]
          },
          "InterventionBrowseLeafList":{
            "InterventionBrowseLeaf":[
              {
                "InterventionBrowseLeafId":"M260209",
                "InterventionBrowseLeafName":"Imidacloprid",
                "InterventionBrowseLeafAsFound":"Speech therapy",
                "InterventionBrowseLeafRelevance":"high"
              },{
                "InterventionBrowseLeafId":"M19342",
                "InterventionBrowseLeafName":"Cholinergic Agents",
                "InterventionBrowseLeafRelevance":"low"
              },{
                "InterventionBrowseLeafId":"M19088",
                "InterventionBrowseLeafName":"Neurotransmitter Agents",
                "InterventionBrowseLeafRelevance":"low"
              }
            ]
          },
          "InterventionBrowseBranchList":{
            "InterventionBrowseBranch":[
              {
                "InterventionBrowseBranchAbbrev":"All",
                "InterventionBrowseBranchName":"All Drugs and Chemicals"
              }
            ]
          }
        }
      }
    }
  }
}

