{
  "FullStudy":{
    "Rank":1506,
    "Study":{
      "ProtocolSection":{
        "IdentificationModule":{
          "NCTId":"NCT04830358",
          "OrgStudyIdInfo":{
            "OrgStudyId":"EuVCT_PCV101"
          },
          "Organization":{
            "OrgFullName":"EuBiologics Co.,Ltd",
            "OrgClass":"INDUSTRY"
          },
          "BriefTitle":"Safety and Immunogenicity of the 'EuPCV15' in Healthy Korean Adults",
          "OfficialTitle":"A Single Center, Randomized, Single-blind, Active Comparator Phase 1 Clinical Trial to Assess the Safety and Immunogenicity of the 'EuPCV15' in Healthy Korean Adults"
        },
        "StatusModule":{
          "StatusVerifiedDate":"March 2021",
          "OverallStatus":"Active, not recruiting",
          "ExpandedAccessInfo":{
            "HasExpandedAccess":"No"
          },
          "StartDateStruct":{
            "StartDate":"May 28, 2020",
            "StartDateType":"Actual"
          },
          "PrimaryCompletionDateStruct":{
            "PrimaryCompletionDate":"August 14, 2020",
            "PrimaryCompletionDateType":"Actual"
          },
          "CompletionDateStruct":{
            "CompletionDate":"June 1, 2021",
            "CompletionDateType":"Anticipated"
          },
          "StudyFirstSubmitDate":"March 31, 2021",
          "StudyFirstSubmitQCDate":"April 1, 2021",
          "StudyFirstPostDateStruct":{
            "StudyFirstPostDate":"April 5, 2021",
            "StudyFirstPostDateType":"Actual"
          },
          "LastUpdateSubmitDate":"April 1, 2021",
          "LastUpdatePostDateStruct":{
            "LastUpdatePostDate":"April 5, 2021",
            "LastUpdatePostDateType":"Actual"
          }
        },
        "SponsorCollaboratorsModule":{
          "ResponsibleParty":{
            "ResponsiblePartyType":"Sponsor"
          },
          "LeadSponsor":{
            "LeadSponsorName":"EuBiologics Co.,Ltd",
            "LeadSponsorClass":"INDUSTRY"
          }
        },
        "OversightModule":{
          "IsFDARegulatedDrug":"No",
          "IsFDARegulatedDevice":"No"
        },
        "DescriptionModule":{
          "BriefSummary":"The safety and immunogenicity of EuPCV15 compared to Prevenar13 are assessed in healthy adults."
        },
        "ConditionsModule":{
          "ConditionList":{
            "Condition":[
              "Pneumococcal Disease"
            ]
          }
        },
        "DesignModule":{
          "StudyType":"Interventional",
          "PhaseList":{
            "Phase":[
              "Phase 1"
            ]
          },
          "DesignInfo":{
            "DesignAllocation":"Randomized",
            "DesignInterventionModel":"Parallel Assignment",
            "DesignPrimaryPurpose":"Prevention",
            "DesignMaskingInfo":{
              "DesignMasking":"Single",
              "DesignWhoMaskedList":{
                "DesignWhoMasked":[
                  "Participant"
                ]
              }
            }
          },
          "EnrollmentInfo":{
            "EnrollmentCount":"60",
            "EnrollmentType":"Actual"
          }
        },
        "ArmsInterventionsModule":{
          "ArmGroupList":{
            "ArmGroup":[
              {
                "ArmGroupLabel":"EuPCV15",
                "ArmGroupType":"Experimental",
                "ArmGroupDescription":"Single dose of Pneumococcal Conjugate Vaccine will be administered intramuscularly at Day 0.",
                "ArmGroupInterventionList":{
                  "ArmGroupInterventionName":[
                    "Biological: EuPCV15"
                  ]
                }
              },{
                "ArmGroupLabel":"Prevenar13",
                "ArmGroupType":"Active Comparator",
                "ArmGroupDescription":"Single dose of Pneumococcal Conjugate Vaccine will be administered intramuscularly at Day 0.",
                "ArmGroupInterventionList":{
                  "ArmGroupInterventionName":[
                    "Biological: Prevenar13"
                  ]
                }
              }
            ]
          },
          "InterventionList":{
            "Intervention":[
              {
                "InterventionType":"Biological",
                "InterventionName":"EuPCV15",
                "InterventionDescription":"15-valent Pneumococcal conjugate vaccine",
                "InterventionArmGroupLabelList":{
                  "InterventionArmGroupLabel":[
                    "EuPCV15"
                  ]
                }
              },{
                "InterventionType":"Biological",
                "InterventionName":"Prevenar13",
                "InterventionDescription":"13-valent Pneumococcal conjugate vaccine",
                "InterventionArmGroupLabelList":{
                  "InterventionArmGroupLabel":[
                    "Prevenar13"
                  ]
                }
              }
            ]
          }
        },
        "OutcomesModule":{
          "PrimaryOutcomeList":{
            "PrimaryOutcome":[
              {
                "PrimaryOutcomeMeasure":"Incidence of Solicited AEs (Local and Systemic)",
                "PrimaryOutcomeTimeFrame":"within 14 days after vaccination"
              },{
                "PrimaryOutcomeMeasure":"Incidence of Unsolicited AEs",
                "PrimaryOutcomeTimeFrame":"within 28 days after vaccination"
              },{
                "PrimaryOutcomeMeasure":"Incidence of SAEs",
                "PrimaryOutcomeTimeFrame":"within 180 days after vaccination"
              }
            ]
          }
        },
        "EligibilityModule":{
          "EligibilityCriteria":"Inclusion Criteria:\n\nHealthy adults aged 19 to 50 years old\nParticipants willing to give written informed consent to participate in the trial\n\nExclusion Criteria:\n\nHistory of invasive pneumococcal infection within 5 years at screening\nKnown hypersensitivity to any component of the study vaccine\nImmune deficiency or immunosuppressive disorder\nImmunized with any licensed vaccine within 4 weeks prior to screening\nPregnant, lactating women or women of childbearing age not using a reliable method of contraception\nParticipants who in the opinion of the investigator will not be able to comply with any of the protocol required procedure",
          "HealthyVolunteers":"Accepts Healthy Volunteers",
          "Gender":"All",
          "MinimumAge":"19 Years",
          "MaximumAge":"50 Years",
          "StdAgeList":{
            "StdAge":[
              "Adult"
            ]
          }
        },
        "ContactsLocationsModule":{
          "LocationList":{
            "Location":[
              {
                "LocationFacility":"The Catholic University of Seoul St.Mary's Hospital",
                "LocationCity":"Seoul",
                "LocationCountry":"Korea, Republic of"
              }
            ]
          }
        }
      },
      "DerivedSection":{
        "MiscInfoModule":{
          "VersionHolder":"April 19, 2021"
        },
        "ConditionBrowseModule":{
          "ConditionMeshList":{
            "ConditionMesh":[
              {
                "ConditionMeshId":"D000011008",
                "ConditionMeshTerm":"Pneumococcal Infections"
              }
            ]
          },
          "ConditionAncestorList":{
            "ConditionAncestor":[
              {
                "ConditionAncestorId":"D000013290",
                "ConditionAncestorTerm":"Streptococcal Infections"
              },{
                "ConditionAncestorId":"D000016908",
                "ConditionAncestorTerm":"Gram-Positive Bacterial Infections"
              },{
                "ConditionAncestorId":"D000001424",
                "ConditionAncestorTerm":"Bacterial Infections"
              }
            ]
          },
          "ConditionBrowseLeafList":{
            "ConditionBrowseLeaf":[
              {
                "ConditionBrowseLeafId":"M12481",
                "ConditionBrowseLeafName":"Pneumococcal Infections",
                "ConditionBrowseLeafAsFound":"Pneumococcal Disease",
                "ConditionBrowseLeafRelevance":"high"
              },{
                "ConditionBrowseLeafId":"M8866",
                "ConditionBrowseLeafName":"Infection",
                "ConditionBrowseLeafRelevance":"low"
              },{
                "ConditionBrowseLeafId":"M4951",
                "ConditionBrowseLeafName":"Communicable Diseases",
                "ConditionBrowseLeafRelevance":"low"
              },{
                "ConditionBrowseLeafId":"M14663",
                "ConditionBrowseLeafName":"Streptococcal Infections",
                "ConditionBrowseLeafRelevance":"low"
              },{
                "ConditionBrowseLeafId":"M3303",
                "ConditionBrowseLeafName":"Bacterial Infections",
                "ConditionBrowseLeafRelevance":"low"
              },{
                "ConditionBrowseLeafId":"M17835",
                "ConditionBrowseLeafName":"Gram-Positive Bacterial Infections",
                "ConditionBrowseLeafRelevance":"low"
              }
            ]
          },
          "ConditionBrowseBranchList":{
            "ConditionBrowseBranch":[
              {
                "ConditionBrowseBranchAbbrev":"BC01",
                "ConditionBrowseBranchName":"Bacterial and Fungal Diseases"
              },{
                "ConditionBrowseBranchAbbrev":"All",
                "ConditionBrowseBranchName":"All Conditions"
              }
            ]
          }
        },
        "InterventionBrowseModule":{
          "InterventionMeshList":{
            "InterventionMesh":[
              {
                "InterventionMeshId":"D000069443",
                "InterventionMeshTerm":"Heptavalent Pneumococcal Conjugate Vaccine"
              }
            ]
          },
          "InterventionAncestorList":{
            "InterventionAncestor":[
              {
                "InterventionAncestorId":"D000007155",
                "InterventionAncestorTerm":"Immunologic Factors"
              },{
                "InterventionAncestorId":"D000045505",
                "InterventionAncestorTerm":"Physiological Effects of Drugs"
              }
            ]
          },
          "InterventionBrowseLeafList":{
            "InterventionBrowseLeaf":[
              {
                "InterventionBrowseLeafId":"M15943",
                "InterventionBrowseLeafName":"Vaccines",
                "InterventionBrowseLeafRelevance":"low"
              },{
                "InterventionBrowseLeafId":"M412",
                "InterventionBrowseLeafName":"Heptavalent Pneumococcal Conjugate Vaccine",
                "InterventionBrowseLeafAsFound":"Etanercept",
                "InterventionBrowseLeafRelevance":"high"
              },{
                "InterventionBrowseLeafId":"M8784",
                "InterventionBrowseLeafName":"Immunologic Factors",
                "InterventionBrowseLeafRelevance":"low"
              }
            ]
          },
          "InterventionBrowseBranchList":{
            "InterventionBrowseBranch":[
              {
                "InterventionBrowseBranchAbbrev":"All",
                "InterventionBrowseBranchName":"All Drugs and Chemicals"
              }
            ]
          }
        }
      }
    }
  }
}

