{
  "FullStudy":{
    "Rank":1158,
    "Study":{
      "ProtocolSection":{
        "IdentificationModule":{
          "NCTId":"NCT04834895",
          "OrgStudyIdInfo":{
            "OrgStudyId":"09.2019.1056"
          },
          "Organization":{
            "OrgFullName":"Marmara University",
            "OrgClass":"OTHER"
          },
          "BriefTitle":"Investigation of the Effectivenes of Digital Based Exercises in Patients With Neck Pain",
          "OfficialTitle":"Investigation of the Effectivenes of Digital Based Exercises in Patients With Neck Pain"
        },
        "StatusModule":{
          "StatusVerifiedDate":"April 2021",
          "OverallStatus":"Recruiting",
          "ExpandedAccessInfo":{
            "HasExpandedAccess":"No"
          },
          "StartDateStruct":{
            "StartDate":"February 1, 2021",
            "StartDateType":"Actual"
          },
          "PrimaryCompletionDateStruct":{
            "PrimaryCompletionDate":"July 20, 2021",
            "PrimaryCompletionDateType":"Anticipated"
          },
          "CompletionDateStruct":{
            "CompletionDate":"July 30, 2021",
            "CompletionDateType":"Anticipated"
          },
          "StudyFirstSubmitDate":"February 21, 2021",
          "StudyFirstSubmitQCDate":"April 6, 2021",
          "StudyFirstPostDateStruct":{
            "StudyFirstPostDate":"April 8, 2021",
            "StudyFirstPostDateType":"Actual"
          },
          "LastUpdateSubmitDate":"April 6, 2021",
          "LastUpdatePostDateStruct":{
            "LastUpdatePostDate":"April 8, 2021",
            "LastUpdatePostDateType":"Actual"
          }
        },
        "SponsorCollaboratorsModule":{
          "ResponsibleParty":{
            "ResponsiblePartyType":"Principal Investigator",
            "ResponsiblePartyInvestigatorFullName":"Eda Tonga",
            "ResponsiblePartyInvestigatorTitle":"Doctor of Philosopy",
            "ResponsiblePartyInvestigatorAffiliation":"Marmara University"
          },
          "LeadSponsor":{
            "LeadSponsorName":"Marmara University",
            "LeadSponsorClass":"OTHER"
          }
        },
        "OversightModule":{
          "IsFDARegulatedDrug":"No",
          "IsFDARegulatedDevice":"No"
        },
        "DescriptionModule":{
          "BriefSummary":"In study, the researchers examine the effectiveness of digital-based exercises in patients with chronic neck pain.The planned study has 2 main objectives:\n\nIncrease exercise adherence with mhealth apps.\nTo reduce pain and disability of patients with chronic neck pain.",
          "DetailedDescription":"Neck pain is one of the most common musculoskeletal diseases after low back pain in the community. The incidence of neck pain was reported as %37,2. Neck pain can be caused by trauma, poor posture, degenerative diseases, tumors, muscle stress, wiplash injuries, cervical myelopathy, cervical ligamentous instability, fracture, vascular insufficiency or systemic diseases. Neck pain is classified as acute (less than six weeks), subacute (six to twelve weeks) or chronic (lasting more than twelve weeks). While neck pain is treated in physiotherapy clinics, it is also supported by home exercises during and after treatment.\n\nIt is emphasized that home exercise programs for neck pain are effective, but exercise adherence is an important factor. Nowadays, with the rapid development of mobile healthcare applications, digital based exercise applications have started to be used in physiotherapy and rehabilitation. Although it has been shown to be useful in studies examining the effectiveness of mHealth applications for different musculoskeletal problems, these studies are quite limited. Several studies have identified the beneficial effects of digital-based exercises, but no clear evidence of superiority over written or oral home exercise programs. In 2019, a mobile exercise application (Neck Exercise) for neck pain patients was developed as a thesis study at Marmara University Health Sciences Institute. The availability of this mobile application is shown on healthy people. However, its efficacy has not been studied in patients with chronic neck pain. This mobile app includes for the neck spinal stabilization , posture, breathing exercises and exercises for scapula circumference. Each exercise is explained with video. In addition, this application gives reminder signals at user-defined time intervals. Participants with chronic neck pain aged between 18-65 years will be included in the study and randomly divided into two groups. One group will be given home exercises via brochure to the other group via mobile application. Participants will be asked to do home exercises 3 days a week for 6 weeks. Pain, disability and exercise adherence of the participants will be evaluated. The Nordic Musculoskeletal Questionnaire, VAS, neck disability index and exercise adherence scale will be used in the evaluation. Our thesis will be the first study examining the effect of a mobile application developed for neck pain on adherence to home exercises. As a result of study, the researchers aim to save paper by prescribing home exercise programs via mobile application and to promote a platform where users can better understand the exercises."
        },
        "ConditionsModule":{
          "ConditionList":{
            "Condition":[
              "Neck Pain"
            ]
          },
          "KeywordList":{
            "Keyword":[
              "Neck pain",
              "exercise",
              "digital health",
              "mHealth",
              "adherence"
            ]
          }
        },
        "DesignModule":{
          "StudyType":"Interventional",
          "PhaseList":{
            "Phase":[
              "Not Applicable"
            ]
          },
          "DesignInfo":{
            "DesignAllocation":"Randomized",
            "DesignInterventionModel":"Parallel Assignment",
            "DesignPrimaryPurpose":"Treatment",
            "DesignMaskingInfo":{
              "DesignMasking":"Single",
              "DesignWhoMaskedList":{
                "DesignWhoMasked":[
                  "Outcomes Assessor"
                ]
              }
            }
          },
          "EnrollmentInfo":{
            "EnrollmentCount":"60",
            "EnrollmentType":"Anticipated"
          }
        },
        "ArmsInterventionsModule":{
          "ArmGroupList":{
            "ArmGroup":[
              {
                "ArmGroupLabel":"mhealth exercise group",
                "ArmGroupType":"Active Comparator",
                "ArmGroupDescription":"home exercise program is given to patients via mobile application",
                "ArmGroupInterventionList":{
                  "ArmGroupInterventionName":[
                    "Other: mhealth exercise group"
                  ]
                }
              },{
                "ArmGroupLabel":"brochure exercise group",
                "ArmGroupType":"Experimental",
                "ArmGroupDescription":"home exercise program is given to patients via brochure",
                "ArmGroupInterventionList":{
                  "ArmGroupInterventionName":[
                    "Other: brochure exercise group"
                  ]
                }
              }
            ]
          },
          "InterventionList":{
            "Intervention":[
              {
                "InterventionType":"Other",
                "InterventionName":"mhealth exercise group",
                "InterventionDescription":"Participants were asked to perform 18 exercises specially prepared for neck pain in the M.ü Neck Exercises application according to the number of repetitions specified in the application.Participants will be asked to do home exercises 3 days a week for 6 weeks",
                "InterventionArmGroupLabelList":{
                  "InterventionArmGroupLabel":[
                    "mhealth exercise group"
                  ]
                }
              },{
                "InterventionType":"Other",
                "InterventionName":"brochure exercise group",
                "InterventionDescription":"Participants were asked to perform 18 exercises specially prepared for neck pain in the brochure according to the number of repetitions specified in the application.Participants will be asked to do home exercises 3 days a week for 6 weeks",
                "InterventionArmGroupLabelList":{
                  "InterventionArmGroupLabel":[
                    "brochure exercise group"
                  ]
                }
              }
            ]
          }
        },
        "OutcomesModule":{
          "PrimaryOutcomeList":{
            "PrimaryOutcome":[
              {
                "PrimaryOutcomeMeasure":"Change from Visual Analog Scale (VAS) score at 6 Weeks",
                "PrimaryOutcomeDescription":"VAS is the most commonly used method to assess pain intensity. The leftmost value in the 10 cm horizontal line used for VAS is scored between 0 cm (no pain) and the rightmost value is between 10 cm (unbearable pain) (Boonstra, Schiphorst Preuper et al. 2008). Measurements were recorded at the beginning and end of exercise training for both groups.",
                "PrimaryOutcomeTimeFrame":"Baseline and Week 6"
              },{
                "PrimaryOutcomeMeasure":"Change from Exercise Adherence Scale Points at 6 Weeks",
                "PrimaryOutcomeDescription":"It consists of four yes / no questions.'Yes' answer is rated with 1 point, 'No' answer gets 0 point. Lesser scores indicate good exercise adherence.",
                "PrimaryOutcomeTimeFrame":"Baseline and Week 6"
              }
            ]
          },
          "SecondaryOutcomeList":{
            "SecondaryOutcome":[
              {
                "SecondaryOutcomeMeasure":"Change from Neck Pain and Disability Index Points at 6 Weeks",
                "SecondaryOutcomeDescription":"Neck pain and disability balance consist of 20 items. Scoring of each item is done with a 10 cm visual analog scale and scored between 0 and 5 points. The Turkish version study of Biçer et al. Whose reliability and validity has been proven. It was made by (Biçer 2004). The items evaluate the severity of pain and the effect of pain on professional, recreational, social, daily life activities and their relationship with emotional factors. Thus, it measures the effects of neck pain on functionality, quality of life and disability. The total score is the sum of the points in each item and ranges from 0 to 100. The score evaluation was carried out as follows (Buko 2013).\n\n0-4: no problem 5-14: mild severity problem 15-24: moderate severity problem 25-34: severe problem 35 and above: very severe problem",
                "SecondaryOutcomeTimeFrame":"Baseline and Week 6"
              }
            ]
          },
          "OtherOutcomeList":{
            "OtherOutcome":[
              {
                "OtherOutcomeMeasure":"Change from The Nordic Musculoskeletal Questionnaire at 6 Weeks",
                "OtherOutcomeDescription":"It is used to question musculoskeletal disorders. The Nordic Musculoskeletal Questionnaire, reliable information about the onset, prevalence and outcome of musculoskeletal pain in nine body areas (neck, shoulders, back, elbows, wrists / hands, waist, hips / thighs, knees, ankles / feet) Provider is a questionnaire that can be filled in by self or personal interview technique. The Nordic Musculoskeletal Questionnaire is a measure that can be used for musculoskeletal pain and related conditions in studies conducted in general and / or general communities. The Scandinavian musculoskeletal system query questions yes / no .",
                "OtherOutcomeTimeFrame":"Baseline and Week 6"
              }
            ]
          }
        },
        "EligibilityModule":{
          "EligibilityCriteria":"Inclusion Criteria:\n\nNeck pain that has been going on for at least 3 months\nParticipant can use smart phone,\nNo problem affecting reading and answering survey questions\n\nExclusion Criteria:\n\nPresence of visual and auditory problems that may prevent the use of the smartphone application\nTorticollis\nVertigo\nPregnancy\nAdditional diseases such as vertebrobasilar insufficiency, heart failure, chronic heart disease and hypertension\nDementia\nInflammatory rheumatic disease\nPsychosis and neurological disease diagnosis\nReceiving another treatment or having surgery in 3 months\nExposure to any neck trauma in the past 6 months\nA past or ongoing cancer history",
          "HealthyVolunteers":"No",
          "Gender":"All",
          "MinimumAge":"18 Years",
          "MaximumAge":"65 Years",
          "StdAgeList":{
            "StdAge":[
              "Adult",
              "Older Adult"
            ]
          }
        },
        "ContactsLocationsModule":{
          "CentralContactList":{
            "CentralContact":[
              {
                "CentralContactName":"Eda TONGA",
                "CentralContactRole":"Contact",
                "CentralContactPhone":"90 216 330 20 70",
                "CentralContactEMail":"eda.tonga@marmara.edu.tr"
              }
            ]
          },
          "LocationList":{
            "Location":[
              {
                "LocationFacility":"Marmara University",
                "LocationStatus":"Recruiting",
                "LocationCity":"Istanbul",
                "LocationCountry":"Turkey",
                "LocationContactList":{
                  "LocationContact":[
                    {
                      "LocationContactName":"Eda TONGA",
                      "LocationContactRole":"Contact",
                      "LocationContactEMail":"eda.tonga@marmara.edu.tr"
                    }
                  ]
                }
              }
            ]
          }
        }
      },
      "DerivedSection":{
        "MiscInfoModule":{
          "VersionHolder":"April 19, 2021"
        },
        "ConditionBrowseModule":{
          "ConditionMeshList":{
            "ConditionMesh":[
              {
                "ConditionMeshId":"D000019547",
                "ConditionMeshTerm":"Neck Pain"
              }
            ]
          },
          "ConditionAncestorList":{
            "ConditionAncestor":[
              {
                "ConditionAncestorId":"D000010146",
                "ConditionAncestorTerm":"Pain"
              },{
                "ConditionAncestorId":"D000009461",
                "ConditionAncestorTerm":"Neurologic Manifestations"
              }
            ]
          },
          "ConditionBrowseLeafList":{
            "ConditionBrowseLeaf":[
              {
                "ConditionBrowseLeafId":"M20069",
                "ConditionBrowseLeafName":"Neck Pain",
                "ConditionBrowseLeafAsFound":"Neck Pain",
                "ConditionBrowseLeafRelevance":"high"
              },{
                "ConditionBrowseLeafId":"M11649",
                "ConditionBrowseLeafName":"Pain",
                "ConditionBrowseLeafRelevance":"low"
              },{
                "ConditionBrowseLeafId":"M10987",
                "ConditionBrowseLeafName":"Neurologic Manifestations",
                "ConditionBrowseLeafRelevance":"low"
              }
            ]
          },
          "ConditionBrowseBranchList":{
            "ConditionBrowseBranch":[
              {
                "ConditionBrowseBranchAbbrev":"BC23",
                "ConditionBrowseBranchName":"Symptoms and General Pathology"
              },{
                "ConditionBrowseBranchAbbrev":"All",
                "ConditionBrowseBranchName":"All Conditions"
              },{
                "ConditionBrowseBranchAbbrev":"BC10",
                "ConditionBrowseBranchName":"Nervous System Diseases"
              }
            ]
          }
        }
      }
    }
  }
}

