{
  "FullStudy":{
    "Rank":1056,
    "Study":{
      "ProtocolSection":{
        "IdentificationModule":{
          "NCTId":"NCT04836221",
          "OrgStudyIdInfo":{
            "OrgStudyId":"00003543"
          },
          "Organization":{
            "OrgFullName":"Medstar Health Research Institute",
            "OrgClass":"OTHER"
          },
          "BriefTitle":"Comorbidities And Reducing inEquitieS",
          "OfficialTitle":"Multi-level Interventions to Manage Co-morbidities Among Black Breast and Prostate Cancer Patients",
          "Acronym":"CARES"
        },
        "StatusModule":{
          "StatusVerifiedDate":"April 2021",
          "OverallStatus":"Not yet recruiting",
          "ExpandedAccessInfo":{
            "HasExpandedAccess":"No"
          },
          "StartDateStruct":{
            "StartDate":"April 1, 2021",
            "StartDateType":"Anticipated"
          },
          "PrimaryCompletionDateStruct":{
            "PrimaryCompletionDate":"November 30, 2022",
            "PrimaryCompletionDateType":"Anticipated"
          },
          "CompletionDateStruct":{
            "CompletionDate":"November 30, 2022",
            "CompletionDateType":"Anticipated"
          },
          "StudyFirstSubmitDate":"March 24, 2021",
          "StudyFirstSubmitQCDate":"April 5, 2021",
          "StudyFirstPostDateStruct":{
            "StudyFirstPostDate":"April 8, 2021",
            "StudyFirstPostDateType":"Actual"
          },
          "LastUpdateSubmitDate":"April 5, 2021",
          "LastUpdatePostDateStruct":{
            "LastUpdatePostDate":"April 8, 2021",
            "LastUpdatePostDateType":"Actual"
          }
        },
        "SponsorCollaboratorsModule":{
          "ResponsibleParty":{
            "ResponsiblePartyType":"Principal Investigator",
            "ResponsiblePartyInvestigatorFullName":"Hannah Arem",
            "ResponsiblePartyInvestigatorTitle":"Scientific Director, Implementation Science",
            "ResponsiblePartyInvestigatorAffiliation":"Medstar Health Research Institute"
          },
          "LeadSponsor":{
            "LeadSponsorName":"Medstar Health Research Institute",
            "LeadSponsorClass":"OTHER"
          },
          "CollaboratorList":{
            "Collaborator":[
              {
                "CollaboratorName":"Pfizer",
                "CollaboratorClass":"INDUSTRY"
              },{
                "CollaboratorName":"American Cancer Society, Inc.",
                "CollaboratorClass":"OTHER"
              }
            ]
          }
        },
        "OversightModule":{
          "IsFDARegulatedDrug":"No",
          "IsFDARegulatedDevice":"No"
        },
        "DescriptionModule":{
          "BriefSummary":"Black cancer patients tend to have worse outcomes than White cancer patients. Some of this disparity may be due to comorbidities. The purpose of this study is to improve management of co-morbidities among cancer patients in order to improve cancer outcomes and improve health equity.\n\nComorbidities such as diabetes and hypertension can complicate cancer treatment or can make it difficult to reach optimal health after treatment. This study will offer additional support and tools to manage cancer patient's health needs. First, the study will use a mobile health application, managed by a company called Welldoc, to monitor patient progress in real time and to provide ongoing guidance. Second, the study will connect patients with a Community Health Worker who will speak with them weekly to discuss self-care information, including medical scheduling or appointment needs, and assist with daily self-monitoring of blood pressure and/or blood glucose monitoring. Lastly, an oncology nurse will monitor reported health and triage any medical needs and whether additional medical care is needed."
        },
        "ConditionsModule":{
          "ConditionList":{
            "Condition":[
              "Cancer, Breast",
              "Diabetes Mellitus",
              "Hypertension",
              "Cancer Prostate"
            ]
          },
          "KeywordList":{
            "Keyword":[
              "Prostate Cancer",
              "Breast Cancer",
              "Diabetes Mellitus",
              "Hypertension",
              "Community Health Workers",
              "mHealth"
            ]
          }
        },
        "DesignModule":{
          "StudyType":"Interventional",
          "PhaseList":{
            "Phase":[
              "Not Applicable"
            ]
          },
          "DesignInfo":{
            "DesignAllocation":"N/A",
            "DesignInterventionModel":"Single Group Assignment",
            "DesignPrimaryPurpose":"Health Services Research",
            "DesignMaskingInfo":{
              "DesignMasking":"None (Open Label)"
            }
          },
          "EnrollmentInfo":{
            "EnrollmentCount":"100",
            "EnrollmentType":"Anticipated"
          }
        },
        "ArmsInterventionsModule":{
          "ArmGroupList":{
            "ArmGroup":[
              {
                "ArmGroupLabel":"Intervention",
                "ArmGroupType":"Experimental",
                "ArmGroupDescription":"Will receive mHealth support for comorbidity and support from a Community Health Worker by phone",
                "ArmGroupInterventionList":{
                  "ArmGroupInterventionName":[
                    "Behavioral: Support"
                  ]
                }
              }
            ]
          },
          "InterventionList":{
            "Intervention":[
              {
                "InterventionType":"Behavioral",
                "InterventionName":"Support",
                "InterventionDescription":"Community Health Workers will conduct weekly phone calls to monitor blood pressure or blood glucose, to check in on patient need for social, practical or emotional supports, and to encourage healthy lifestyle modification.\n\nParticipants will also have access to a mobile app to support chronic disease management (Either diabetes or hypertension).",
                "InterventionArmGroupLabelList":{
                  "InterventionArmGroupLabel":[
                    "Intervention"
                  ]
                }
              }
            ]
          }
        },
        "OutcomesModule":{
          "PrimaryOutcomeList":{
            "PrimaryOutcome":[
              {
                "PrimaryOutcomeMeasure":"Feasibility of study protocol",
                "PrimaryOutcomeDescription":"Feasibility will be assessed by ability to accrue patients into the study",
                "PrimaryOutcomeTimeFrame":"Study recruitment period will be approximately 12 months"
              },{
                "PrimaryOutcomeMeasure":"Feasibility of an active management strategy for comorbidities",
                "PrimaryOutcomeDescription":"Recording of blood pressure and/or blood glucose 3+ times per week",
                "PrimaryOutcomeTimeFrame":"Study duration will be 6 months for prostate cancer patients and duration of treatment plus one month for breast cancer patients (approximately 7 months)"
              },{
                "PrimaryOutcomeMeasure":"Feasibility of an active management strategy for comorbidities",
                "PrimaryOutcomeDescription":"Completion of weekly phone calls with community health workers",
                "PrimaryOutcomeTimeFrame":"Study duration will be 6 months for prostate cancer patients and duration of treatment plus one month for breast cancer patients (approximately 7 months)"
              },{
                "PrimaryOutcomeMeasure":"Acceptability of active management strategy for comorbidities",
                "PrimaryOutcomeDescription":"Acceptability will be measured by a short quantitative questionnaire [Acceptability of Intervention Measure (AIM)]",
                "PrimaryOutcomeTimeFrame":"Study duration will be six months for prostate; duration of treatment plus one month for breast cancer patients (approximately 7 months)"
              }
            ]
          },
          "SecondaryOutcomeList":{
            "SecondaryOutcome":[
              {
                "SecondaryOutcomeMeasure":"Provider perspectives on feasibility of active management of comorbidities",
                "SecondaryOutcomeDescription":"We will conduct surveys to assess Feasibility of Intervention Measure (FIM) measure.",
                "SecondaryOutcomeTimeFrame":"Beginning and end of study (approximately 18 months)"
              }
            ]
          },
          "OtherOutcomeList":{
            "OtherOutcome":[
              {
                "OtherOutcomeMeasure":"Preliminary changes in self-efficacy",
                "OtherOutcomeDescription":"PROMIS Self-Efficacy for Managing Chronic Conditions",
                "OtherOutcomeTimeFrame":"To be assess at baseline and end of study; approximately 6-7 months per participant"
              },{
                "OtherOutcomeMeasure":"Preliminary changes in social support",
                "OtherOutcomeDescription":"PROMIS Social Support",
                "OtherOutcomeTimeFrame":"To be assess at baseline and end of study; approximately 6-7 months per participant"
              }
            ]
          }
        },
        "EligibilityModule":{
          "EligibilityCriteria":"Inclusion Criteria:\n\nBlack women with a diagnosis of stage 0-IV breast cancer and within a month of treatment initiation or with 6+ months of treatment left OR Black men with a history of prostate cancer who are on long-term androgen deprivation therapy;\nBlood pressure >=120/80 OR diagnosis of diabetes\nIndividuals who develop these conditions during treatment such as those scheduled to initiate steroid-containing chemotherapy or targeted PI3K inhibitor therapies\nAccess to a smartphone and/or internet for the duration of the study.\nCan understand and communicate in English\n\nExclusion Criteria:\n\n- Unwilling to participate in a 6-month study",
          "HealthyVolunteers":"No",
          "Gender":"All",
          "MinimumAge":"18 Years",
          "StdAgeList":{
            "StdAge":[
              "Adult",
              "Older Adult"
            ]
          }
        },
        "ContactsLocationsModule":{
          "CentralContactList":{
            "CentralContact":[
              {
                "CentralContactName":"Hannah Arem, PhD",
                "CentralContactRole":"Contact",
                "CentralContactPhone":"202-893-2430",
                "CentralContactEMail":"Hannah.Arem@medstar.net"
              }
            ]
          },
          "OverallOfficialList":{
            "OverallOfficial":[
              {
                "OverallOfficialName":"Hannah Arem, PhD",
                "OverallOfficialAffiliation":"Medstar Health Research Institute",
                "OverallOfficialRole":"Principal Investigator"
              }
            ]
          }
        }
      },
      "DerivedSection":{
        "MiscInfoModule":{
          "VersionHolder":"April 19, 2021"
        },
        "ConditionBrowseModule":{
          "ConditionMeshList":{
            "ConditionMesh":[
              {
                "ConditionMeshId":"D000001943",
                "ConditionMeshTerm":"Breast Neoplasms"
              },{
                "ConditionMeshId":"D000006973",
                "ConditionMeshTerm":"Hypertension"
              },{
                "ConditionMeshId":"D000003920",
                "ConditionMeshTerm":"Diabetes Mellitus"
              }
            ]
          },
          "ConditionAncestorList":{
            "ConditionAncestor":[
              {
                "ConditionAncestorId":"D000044882",
                "ConditionAncestorTerm":"Glucose Metabolism Disorders"
              },{
                "ConditionAncestorId":"D000008659",
                "ConditionAncestorTerm":"Metabolic Diseases"
              },{
                "ConditionAncestorId":"D000004700",
                "ConditionAncestorTerm":"Endocrine System Diseases"
              },{
                "ConditionAncestorId":"D000014652",
                "ConditionAncestorTerm":"Vascular Diseases"
              },{
                "ConditionAncestorId":"D000002318",
                "ConditionAncestorTerm":"Cardiovascular Diseases"
              },{
                "ConditionAncestorId":"D000009371",
                "ConditionAncestorTerm":"Neoplasms by Site"
              },{
                "ConditionAncestorId":"D000009369",
                "ConditionAncestorTerm":"Neoplasms"
              },{
                "ConditionAncestorId":"D000001941",
                "ConditionAncestorTerm":"Breast Diseases"
              },{
                "ConditionAncestorId":"D000012871",
                "ConditionAncestorTerm":"Skin Diseases"
              }
            ]
          },
          "ConditionBrowseLeafList":{
            "ConditionBrowseLeaf":[
              {
                "ConditionBrowseLeafId":"M3802",
                "ConditionBrowseLeafName":"Breast Neoplasms",
                "ConditionBrowseLeafAsFound":"Cancer, Breast",
                "ConditionBrowseLeafRelevance":"high"
              },{
                "ConditionBrowseLeafId":"M5698",
                "ConditionBrowseLeafName":"Diabetes Mellitus",
                "ConditionBrowseLeafAsFound":"Diabetes Mellitus",
                "ConditionBrowseLeafRelevance":"high"
              },{
                "ConditionBrowseLeafId":"M12918",
                "ConditionBrowseLeafName":"Prostatic Neoplasms",
                "ConditionBrowseLeafRelevance":"low"
              },{
                "ConditionBrowseLeafId":"M8607",
                "ConditionBrowseLeafName":"Hypertension",
                "ConditionBrowseLeafAsFound":"Hypertension",
                "ConditionBrowseLeafRelevance":"high"
              },{
                "ConditionBrowseLeafId":"M10222",
                "ConditionBrowseLeafName":"Metabolic Diseases",
                "ConditionBrowseLeafRelevance":"low"
              },{
                "ConditionBrowseLeafId":"M23990",
                "ConditionBrowseLeafName":"Glucose Metabolism Disorders",
                "ConditionBrowseLeafRelevance":"low"
              },{
                "ConditionBrowseLeafId":"M6445",
                "ConditionBrowseLeafName":"Endocrine System Diseases",
                "ConditionBrowseLeafRelevance":"low"
              },{
                "ConditionBrowseLeafId":"M15983",
                "ConditionBrowseLeafName":"Vascular Diseases",
                "ConditionBrowseLeafRelevance":"low"
              },{
                "ConditionBrowseLeafId":"M3800",
                "ConditionBrowseLeafName":"Breast Diseases",
                "ConditionBrowseLeafRelevance":"low"
              },{
                "ConditionBrowseLeafId":"M14257",
                "ConditionBrowseLeafName":"Skin Diseases",
                "ConditionBrowseLeafRelevance":"low"
              }
            ]
          },
          "ConditionBrowseBranchList":{
            "ConditionBrowseBranch":[
              {
                "ConditionBrowseBranchAbbrev":"BC04",
                "ConditionBrowseBranchName":"Cancers and Other Neoplasms"
              },{
                "ConditionBrowseBranchAbbrev":"BC17",
                "ConditionBrowseBranchName":"Skin and Connective Tissue Diseases"
              },{
                "ConditionBrowseBranchAbbrev":"All",
                "ConditionBrowseBranchName":"All Conditions"
              },{
                "ConditionBrowseBranchAbbrev":"BC18",
                "ConditionBrowseBranchName":"Nutritional and Metabolic Diseases"
              },{
                "ConditionBrowseBranchAbbrev":"BC19",
                "ConditionBrowseBranchName":"Gland and Hormone Related Diseases"
              },{
                "ConditionBrowseBranchAbbrev":"BXS",
                "ConditionBrowseBranchName":"Urinary Tract, Sexual Organs, and Pregnancy Conditions"
              },{
                "ConditionBrowseBranchAbbrev":"BC14",
                "ConditionBrowseBranchName":"Heart and Blood Diseases"
              }
            ]
          }
        }
      }
    }
  }
}

