{
  "FullStudy":{
    "Rank":1108,
    "Study":{
      "ProtocolSection":{
        "IdentificationModule":{
          "NCTId":"NCT04835545",
          "OrgStudyIdInfo":{
            "OrgStudyId":"DP-2021-Nemec"
          },
          "Organization":{
            "OrgFullName":"Czech Technical University in Prague",
            "OrgClass":"OTHER"
          },
          "BriefTitle":"Work of Breathing Under Extreme Hypercapnia Induced by Ventilation Insufficiency",
          "OfficialTitle":"Work of Breathing Under Extreme Hypercapnia Induced by Ventilation Insufficiency"
        },
        "StatusModule":{
          "StatusVerifiedDate":"April 2021",
          "OverallStatus":"Active, not recruiting",
          "ExpandedAccessInfo":{
            "HasExpandedAccess":"No"
          },
          "StartDateStruct":{
            "StartDate":"March 29, 2021",
            "StartDateType":"Actual"
          },
          "PrimaryCompletionDateStruct":{
            "PrimaryCompletionDate":"April 1, 2022",
            "PrimaryCompletionDateType":"Anticipated"
          },
          "CompletionDateStruct":{
            "CompletionDate":"April 1, 2022",
            "CompletionDateType":"Anticipated"
          },
          "StudyFirstSubmitDate":"April 5, 2021",
          "StudyFirstSubmitQCDate":"April 5, 2021",
          "StudyFirstPostDateStruct":{
            "StudyFirstPostDate":"April 8, 2021",
            "StudyFirstPostDateType":"Actual"
          },
          "LastUpdateSubmitDate":"April 5, 2021",
          "LastUpdatePostDateStruct":{
            "LastUpdatePostDate":"April 8, 2021",
            "LastUpdatePostDateType":"Actual"
          }
        },
        "SponsorCollaboratorsModule":{
          "ResponsibleParty":{
            "ResponsiblePartyType":"Sponsor"
          },
          "LeadSponsor":{
            "LeadSponsorName":"Czech Technical University in Prague",
            "LeadSponsorClass":"OTHER"
          }
        },
        "OversightModule":{
          "OversightHasDMC":"No",
          "IsFDARegulatedDrug":"No",
          "IsFDARegulatedDevice":"No"
        },
        "DescriptionModule":{
          "BriefSummary":"The aim of the study is to investigate Work of Breathing of a person in simulated avalanche snow and consequent use of the measured data for judging which one of three simulated scenarios are alike while increasing hypercapnia in the simulated avalanche snow.",
          "DetailedDescription":"The study is a part of a university diploma thesis aimed at studying physiological conditions and development of breathing parameters of a person breathing in the simulated avalanche snow. The Investigator is measuring Work of Breathing in three scenarios: a) 2L air pocket, b) 2L air pocket with resistance compensation and c) no air pocket. The investigator hypothesize that the Work of Breathing during compensation of air pocket will be alike with no air pocket scenario, thus proving significance of the resistance reduction for survival. The aim of the study is to investigate the effect of Work of Breathing on gas exchange in subjects breathing into the simulated avalanche snow scenarios."
        },
        "ConditionsModule":{
          "ConditionList":{
            "Condition":[
              "Accident Caused by Snow Avalanche"
            ]
          },
          "KeywordList":{
            "Keyword":[
              "snow",
              "avalanche",
              "hypercapnia",
              "work of breathing"
            ]
          }
        },
        "DesignModule":{
          "StudyType":"Interventional",
          "PhaseList":{
            "Phase":[
              "Not Applicable"
            ]
          },
          "DesignInfo":{
            "DesignAllocation":"Randomized",
            "DesignInterventionModel":"Crossover Assignment",
            "DesignPrimaryPurpose":"Basic Science",
            "DesignMaskingInfo":{
              "DesignMasking":"Single",
              "DesignWhoMaskedList":{
                "DesignWhoMasked":[
                  "Participant"
                ]
              }
            }
          },
          "EnrollmentInfo":{
            "EnrollmentCount":"13",
            "EnrollmentType":"Actual"
          }
        },
        "ArmsInterventionsModule":{
          "ArmGroupList":{
            "ArmGroup":[
              {
                "ArmGroupLabel":"Wet Perlite, 2L air pocket",
                "ArmGroupType":"Experimental",
                "ArmGroupDescription":"Breathing in the simulated avalanche snow. Breathing into model of wet perlite with 2L air pocket",
                "ArmGroupInterventionList":{
                  "ArmGroupInterventionName":[
                    "Other: extreme hypercapnia induced by ventilation insufficiency"
                  ]
                }
              },{
                "ArmGroupLabel":"Wet Perlite 2L air pocket with resistance compensation",
                "ArmGroupType":"Experimental",
                "ArmGroupDescription":"Breathing in the simulated avalanche snow. Breathing into model of wet perlite 2L air pocket with resistance compensation",
                "ArmGroupInterventionList":{
                  "ArmGroupInterventionName":[
                    "Other: extreme hypercapnia induced by ventilation insufficiency"
                  ]
                }
              },{
                "ArmGroupLabel":"Wet Perlite, no air pocket",
                "ArmGroupType":"Experimental",
                "ArmGroupDescription":"Breathing in the simulated avalanche snow. Breathing into model of wet perlite with no air pocket",
                "ArmGroupInterventionList":{
                  "ArmGroupInterventionName":[
                    "Other: extreme hypercapnia induced by ventilation insufficiency"
                  ]
                }
              }
            ]
          },
          "InterventionList":{
            "Intervention":[
              {
                "InterventionType":"Other",
                "InterventionName":"extreme hypercapnia induced by ventilation insufficiency",
                "InterventionDescription":"extreme hypercapnia",
                "InterventionArmGroupLabelList":{
                  "InterventionArmGroupLabel":[
                    "Wet Perlite 2L air pocket with resistance compensation",
                    "Wet Perlite, 2L air pocket",
                    "Wet Perlite, no air pocket"
                  ]
                }
              }
            ]
          }
        },
        "OutcomesModule":{
          "PrimaryOutcomeList":{
            "PrimaryOutcome":[
              {
                "PrimaryOutcomeMeasure":"The length of breathing",
                "PrimaryOutcomeDescription":"Time to termination of the breathing experiment due to the decision of the tested subject, or determined by high end-tidal carbon dioxide value or by the order by the clinician assessing the health status of the subjects.",
                "PrimaryOutcomeTimeFrame":"Continuously within up to 7 minute interval from the beginning of the breathing experiment"
              }
            ]
          }
        },
        "EligibilityModule":{
          "EligibilityCriteria":"Inclusion Criteria:\n\nhealthy and fit volunteers, classified as The American Society of Anesthesiologists class I\nwithout a smoking history\n\nExclusion Criteria:\n\nTiffeneau Index less than 0.70\nany cardiovascular or respiratory condition",
          "HealthyVolunteers":"Accepts Healthy Volunteers",
          "Gender":"All",
          "MinimumAge":"18 Years",
          "MaximumAge":"30 Years",
          "StdAgeList":{
            "StdAge":[
              "Adult"
            ]
          }
        },
        "ContactsLocationsModule":{
          "OverallOfficialList":{
            "OverallOfficial":[
              {
                "OverallOfficialName":"Karel Roubík, PhD",
                "OverallOfficialAffiliation":"Czech Technical University in Prague, FBMI",
                "OverallOfficialRole":"Study Director"
              }
            ]
          },
          "LocationList":{
            "Location":[
              {
                "LocationFacility":"Czech Technical University, Faculty of Biomedical Engineering",
                "LocationCity":"Kladno",
                "LocationZip":"272 01",
                "LocationCountry":"Czechia"
              }
            ]
          }
        },
        "ReferencesModule":{
          "ReferenceList":{
            "Reference":[
              {
                "ReferencePMID":"26666523",
                "ReferenceType":"background",
                "ReferenceCitation":"Roubík K, Sieger L, Sykora K. Work of Breathing into Snow in the Presence versus Absence of an Artificial Air Pocket Affects Hypoxia and Hypercapnia of a Victim Covered with Avalanche Snow: A Randomized Double Blind Crossover Study. PLoS One. 2015 Dec 14;10(12):e0144332. doi: 10.1371/journal.pone.0144332. eCollection 2015."
              }
            ]
          }
        },
        "IPDSharingStatementModule":{
          "IPDSharing":"No"
        }
      },
      "DerivedSection":{
        "MiscInfoModule":{
          "VersionHolder":"April 19, 2021"
        },
        "ConditionBrowseModule":{
          "ConditionMeshList":{
            "ConditionMesh":[
              {
                "ConditionMeshId":"D000053120",
                "ConditionMeshTerm":"Respiratory Aspiration"
              },{
                "ConditionMeshId":"D000006935",
                "ConditionMeshTerm":"Hypercapnia"
              }
            ]
          },
          "ConditionAncestorList":{
            "ConditionAncestor":[
              {
                "ConditionAncestorId":"D000012120",
                "ConditionAncestorTerm":"Respiration Disorders"
              },{
                "ConditionAncestorId":"D000012140",
                "ConditionAncestorTerm":"Respiratory Tract Diseases"
              },{
                "ConditionAncestorId":"D000010335",
                "ConditionAncestorTerm":"Pathologic Processes"
              },{
                "ConditionAncestorId":"D000012818",
                "ConditionAncestorTerm":"Signs and Symptoms, Respiratory"
              }
            ]
          },
          "ConditionBrowseLeafList":{
            "ConditionBrowseLeaf":[
              {
                "ConditionBrowseLeafId":"M25724",
                "ConditionBrowseLeafName":"Respiratory Aspiration",
                "ConditionBrowseLeafAsFound":"Breathing",
                "ConditionBrowseLeafRelevance":"high"
              },{
                "ConditionBrowseLeafId":"M8569",
                "ConditionBrowseLeafName":"Hypercapnia",
                "ConditionBrowseLeafAsFound":"Hypercapnia",
                "ConditionBrowseLeafRelevance":"high"
              },{
                "ConditionBrowseLeafId":"M13540",
                "ConditionBrowseLeafName":"Respiration Disorders",
                "ConditionBrowseLeafRelevance":"low"
              },{
                "ConditionBrowseLeafId":"M13560",
                "ConditionBrowseLeafName":"Respiratory Tract Diseases",
                "ConditionBrowseLeafRelevance":"low"
              },{
                "ConditionBrowseLeafId":"M14206",
                "ConditionBrowseLeafName":"Signs and Symptoms, Respiratory",
                "ConditionBrowseLeafRelevance":"low"
              }
            ]
          },
          "ConditionBrowseBranchList":{
            "ConditionBrowseBranch":[
              {
                "ConditionBrowseBranchAbbrev":"BC08",
                "ConditionBrowseBranchName":"Respiratory Tract (Lung and Bronchial) Diseases"
              },{
                "ConditionBrowseBranchAbbrev":"BC23",
                "ConditionBrowseBranchName":"Symptoms and General Pathology"
              },{
                "ConditionBrowseBranchAbbrev":"All",
                "ConditionBrowseBranchName":"All Conditions"
              }
            ]
          }
        },
        "InterventionBrowseModule":{
          "InterventionBrowseLeafList":{
            "InterventionBrowseLeaf":[
              {
                "InterventionBrowseLeafId":"M4854",
                "InterventionBrowseLeafName":"Cocaine",
                "InterventionBrowseLeafRelevance":"low"
              }
            ]
          },
          "InterventionBrowseBranchList":{
            "InterventionBrowseBranch":[
              {
                "InterventionBrowseBranchAbbrev":"VaCoAg",
                "InterventionBrowseBranchName":"Vasoconstrictor Agents"
              },{
                "InterventionBrowseBranchAbbrev":"CNSDep",
                "InterventionBrowseBranchName":"Central Nervous System Depressants"
              },{
                "InterventionBrowseBranchAbbrev":"All",
                "InterventionBrowseBranchName":"All Drugs and Chemicals"
              }
            ]
          }
        }
      }
    }
  }
}

