{
  "FullStudy":{
    "Rank":874,
    "Study":{
      "ProtocolSection":{
        "IdentificationModule":{
          "NCTId":"NCT04838587",
          "OrgStudyIdInfo":{
            "OrgStudyId":"1091-2020"
          },
          "Organization":{
            "OrgFullName":"Centre for Infectious Disease Research in Zambia",
            "OrgClass":"OTHER"
          },
          "BriefTitle":"An Epidemiological Surveillance Study to Determine the Incidence of ETEC in Children and Infants in Lusaka",
          "OfficialTitle":"An Epidemiological Surveillance Study to Determine the Incidence of ETEC in Children and Infants in Lusaka.",
          "Acronym":"ETEC-Surv"
        },
        "StatusModule":{
          "StatusVerifiedDate":"April 2021",
          "OverallStatus":"Recruiting",
          "ExpandedAccessInfo":{
            "HasExpandedAccess":"No"
          },
          "StartDateStruct":{
            "StartDate":"October 15, 2020",
            "StartDateType":"Actual"
          },
          "PrimaryCompletionDateStruct":{
            "PrimaryCompletionDate":"November 15, 2021",
            "PrimaryCompletionDateType":"Anticipated"
          },
          "CompletionDateStruct":{
            "CompletionDate":"August 15, 2022",
            "CompletionDateType":"Anticipated"
          },
          "StudyFirstSubmitDate":"February 5, 2021",
          "StudyFirstSubmitQCDate":"April 6, 2021",
          "StudyFirstPostDateStruct":{
            "StudyFirstPostDate":"April 9, 2021",
            "StudyFirstPostDateType":"Actual"
          },
          "LastUpdateSubmitDate":"April 11, 2021",
          "LastUpdatePostDateStruct":{
            "LastUpdatePostDate":"April 14, 2021",
            "LastUpdatePostDateType":"Actual"
          }
        },
        "SponsorCollaboratorsModule":{
          "ResponsibleParty":{
            "ResponsiblePartyType":"Sponsor"
          },
          "LeadSponsor":{
            "LeadSponsorName":"Centre for Infectious Disease Research in Zambia",
            "LeadSponsorClass":"OTHER"
          },
          "CollaboratorList":{
            "Collaborator":[
              {
                "CollaboratorName":"European and Developing Countries Clinical Trials Partnership (EDCTP)",
                "CollaboratorClass":"OTHER_GOV"
              },{
                "CollaboratorName":"Scandinavian Biopharma AB",
                "CollaboratorClass":"INDUSTRY"
              },{
                "CollaboratorName":"Göteborg University",
                "CollaboratorClass":"OTHER"
              }
            ]
          }
        },
        "OversightModule":{
          "OversightHasDMC":"No",
          "IsFDARegulatedDrug":"No",
          "IsFDARegulatedDevice":"No"
        },
        "DescriptionModule":{
          "BriefSummary":"Diarrhoea is the one of the top five leading causes of death among children below the age of five years, globally. It is estimated that one in ten deaths in children under five is attributed to diarrhoea. Enterotoxigenic E.coli (ETEC) is one of the major causative agents of moderate-to-severe (MSD) diarrhoea among children both globally and in Zambia.\n\nThe overall aim of this study is to document the burden of ETEC associated diarrhoea in Zambian children under 3 years of age.",
          "DetailedDescription":"This study seeks to determine diarrhoea aetiology, calculate the incidence of moderate-to-severe ETEC-associated diarrhea, and describe the frequency of ETEC colonization factors and enterotoxin types in children under 3 years old in Zambia.\n\nThese data are required for the design of an anticipated phase 3 trial of the leading ETEC vaccine (ETVAX®) that will be evaluated in Zambia from 2021 onwards.\n\nThe following are the research questions that this study seeks to answer:\n\nWhat is the incidence of MSD with confirmed ETEC aetiology in children under three years old in Zambia?\nWhat are the prevalent colonization toxins and factors (CFs) in diarrhoeagenic isolates of ETEC infections in children in Zambia?\nWhat are the other common pathogens causing diarrhoea in Zambian children?\n\nThis prospective, observational, longitudinal study is proposed at five health facilities in Lusaka. The proposed study sites are Chawama, George, Kanyama, Chainda, and Matero Health Facilities. These facilities are located within typical peri-urban settlements of Lusaka and serves communities with a cumulative total population of over 1 million people. The study will be done in two stages beginning with a household census in the study catchment area of the participating health facilities and then followed by the passive diarrhoea surveillance stage. A surveillance system for passive case detection of diarrhoea will be set up at each facility for the 12-months of the project to detect any seasonal variations of disease burden. Prior to commencement, several community sensitization activities will be conducted within the catchment areas of the health facility.\n\nA stool sample will be collected from each participant who presents to the health facility and is eligible for enrollment. All research samples will be collected at the study site and laboratory assays will be performed as per written SOPs and will be a part of the study documentation. All the samples will be processed in Zambia using the Novodiag® platform. The Novodiag® (Mobidiag Ltd, Finland) is a novel multiplex molecular platform that is based on real-time PCR and microarray technology and can identify various gastroenteritis causing bacteria, parasites and viruses as well as carry out antimicrobial resistance gene testing of organisms."
        },
        "ConditionsModule":{
          "ConditionList":{
            "Condition":[
              "Diarrhea Toddlers",
              "Escherichia Coli Diarrhea"
            ]
          },
          "KeywordList":{
            "Keyword":[
              "Incidence",
              "Epidemiology"
            ]
          }
        },
        "DesignModule":{
          "StudyType":"Observational",
          "PatientRegistry":"No",
          "DesignInfo":{
            "DesignObservationalModelList":{
              "DesignObservationalModel":[
                "Cohort"
              ]
            },
            "DesignTimePerspectiveList":{
              "DesignTimePerspective":[
                "Prospective"
              ]
            }
          },
          "BioSpec":{
            "BioSpecRetention":"Samples With DNA",
            "BioSpecDescription":"faecal specimen"
          },
          "EnrollmentInfo":{
            "EnrollmentCount":"6750",
            "EnrollmentType":"Anticipated"
          }
        },
        "ArmsInterventionsModule":{
          "ArmGroupList":{
            "ArmGroup":[
              {
                "ArmGroupLabel":"6750 Children <3 years ( 5 sites)",
                "ArmGroupDescription":"A total of 6750 children from the will be identified from the respective health facility catchment area during the Census stage of the study. Each of the 5 health facilities will identify 1350 children under 3 years of age in their respective catchment area. During the Surveillance stage, the participants will be enrolled into the study if and when they present with diarrhoea at the Health facility.",
                "ArmGroupInterventionList":{
                  "ArmGroupInterventionName":[
                    "Other: No intervention will be done"
                  ]
                }
              }
            ]
          },
          "InterventionList":{
            "Intervention":[
              {
                "InterventionType":"Other",
                "InterventionName":"No intervention will be done",
                "InterventionDescription":"No intervention,Only passive surveillance of Diarrhoea cases will be done",
                "InterventionArmGroupLabelList":{
                  "InterventionArmGroupLabel":[
                    "6750 Children <3 years ( 5 sites)"
                  ]
                }
              }
            ]
          }
        },
        "OutcomesModule":{
          "PrimaryOutcomeList":{
            "PrimaryOutcome":[
              {
                "PrimaryOutcomeMeasure":"Incidence of MSD ETEC diarrhoea in Zambia.",
                "PrimaryOutcomeDescription":"Number of cases of moderate to severe diarrhoea (MSD) with confirmed ETEC aetiology in children under 3 years old in Zambia and the risk factors for ETEC diarrhoea",
                "PrimaryOutcomeTimeFrame":"12 months"
              }
            ]
          },
          "SecondaryOutcomeList":{
            "SecondaryOutcome":[
              {
                "SecondaryOutcomeMeasure":"Virulence factors of ETEC isolates",
                "SecondaryOutcomeDescription":"The prevalent ETEC virulence factors (LT, STh and STp ) and colonisation factors (CFA/I, CS1, CS2, CS3, CS4, CS5, CS6, CS7, CS8, CS12, CS14, CS17) in diarrhoeagenic isolates of ETEC.",
                "SecondaryOutcomeTimeFrame":"12 months"
              },{
                "SecondaryOutcomeMeasure":"The common pathogens causing MSD in children less than 3 years",
                "SecondaryOutcomeDescription":"Number of diarrhoea cases due to Shigella, campylobacter coli/jejuni, Clostridium difficile, EAEC, EHEC, EPEC, Salmonella, Vibrio cholerae, Vibrio parahaemolyticus and Yersinia enterocolitica.",
                "SecondaryOutcomeTimeFrame":"12 months"
              },{
                "SecondaryOutcomeMeasure":"Seasonality of ETEC diarrhoea",
                "SecondaryOutcomeDescription":"The incidence of ETEC positive diarrhoea cases per month for 1 year.",
                "SecondaryOutcomeTimeFrame":"12 months"
              },{
                "SecondaryOutcomeMeasure":"Antimicrobial resistance pattern of ETEC",
                "SecondaryOutcomeDescription":"The current Antimicrobial resistance pattern of circulating ETEC using the Novodiag® CarbaR+ (Mobidiag Ltd,Finland) cartridge which employs a multiplexed nucleic acid-based in vitro diagnostic test. It will be used simultaneous for carbapenemase and colistin resistance markers by targeting 9 major carbapenemases genes (KPC, NDM, VIM, IMP, OXA-23, OXA-24, OXA-48/181, OXA-51, OXA-58) and MCR-1 producing strains from the pure cultures.",
                "SecondaryOutcomeTimeFrame":"12 months"
              }
            ]
          }
        },
        "EligibilityModule":{
          "EligibilityCriteria":"Inclusion Criteria:\n\nA child < 36 months old at the time of enrolment.\nA child presenting with diarrhoea (i.e. > 3 episodes of looser than normal stools in 24 hours) at a health facility within the study catchment area and in possession of a study ID number.\nParents of eligible children, able to understand the study information and give informed consent by signature or thumbprint. (NB. illiterate participants will be able to give consent in the presence of an impartial witness)\nChildren living within the study catchment area served by each participating health facility and in possession of a study ID number\nThe parent/s who is willing to comply with all stipulated study procedures.\nParents who are willing to allow their child to submit a stool sample for testing.\n\nExclusion Criteria:\n\nChildren presenting to the health facility without a study ID number\nAny child born after the Census has taken place\nAny child currently participating in the OEV124 study",
          "HealthyVolunteers":"Accepts Healthy Volunteers",
          "Gender":"All",
          "MaximumAge":"36 Months",
          "StdAgeList":{
            "StdAge":[
              "Child"
            ]
          },
          "StudyPopulation":"This study is a multi-site longitudinal observation study, to be conducted at Matero First Level Hospital, Chawama First Level Hospital, George Clinic, Kanyama First Level Hospital and Chainda clinic in Lusaka. The facilities are situated in a typical peri-urban settlement area of Lusaka and serves a community with a combined population of about 1 million. We assume that all sites have similar incidence of ETEC diarrhoea, therefore, each of the 5 sites will enroll 1350 children bringing our total sample size for the study to 6,750 participants.",
          "SamplingMethod":"Probability Sample"
        },
        "ContactsLocationsModule":{
          "CentralContactList":{
            "CentralContact":[
              {
                "CentralContactName":"Nsofwa Sukwa, MBChB",
                "CentralContactRole":"Contact",
                "CentralContactPhone":"+260965301339",
                "CentralContactEMail":"nsofwa.sukwa@cidrz.org"
              },{
                "CentralContactName":"Michelo Simuyandi, MSc.",
                "CentralContactRole":"Contact",
                "CentralContactPhone":"+260968424794",
                "CentralContactEMail":"Michelo.Simuyandi@cidrz.org"
              }
            ]
          },
          "OverallOfficialList":{
            "OverallOfficial":[
              {
                "OverallOfficialName":"Roma Chilengi, MBChB",
                "OverallOfficialAffiliation":"Centre for Infectious Disease Research in Zambia",
                "OverallOfficialRole":"Principal Investigator"
              },{
                "OverallOfficialName":"Monde Muyoyeta, MBChB",
                "OverallOfficialAffiliation":"Centre for Infectious Disease Research in Zambia",
                "OverallOfficialRole":"Principal Investigator"
              }
            ]
          },
          "LocationList":{
            "Location":[
              {
                "LocationFacility":"Chawama First level hospital",
                "LocationStatus":"Recruiting",
                "LocationCity":"Lusaka",
                "LocationZip":"10101",
                "LocationCountry":"Zambia",
                "LocationContactList":{
                  "LocationContact":[
                    {
                      "LocationContactName":"Masiliso Munyinda, MBChB",
                      "LocationContactRole":"Contact",
                      "LocationContactPhone":"0979445175",
                      "LocationContactEMail":"Masiliso.Munyinda@cidrz.org"
                    }
                  ]
                }
              },{
                "LocationFacility":"George Clinic",
                "LocationStatus":"Recruiting",
                "LocationCity":"Lusaka",
                "LocationZip":"10101",
                "LocationCountry":"Zambia",
                "LocationContactList":{
                  "LocationContact":[
                    {
                      "LocationContactName":"Seke Muzazu, MBChB",
                      "LocationContactRole":"Contact",
                      "LocationContactPhone":"0968332433",
                      "LocationContactEMail":"Seke.Muzazu@cidrz.org"
                    },{
                      "LocationContactName":"Gift Maliwa, Nursing",
                      "LocationContactRole":"Contact",
                      "LocationContactPhone":"0972870702",
                      "LocationContactEMail":"Gift.Maliwa@cidrz.org"
                    }
                  ]
                }
              },{
                "LocationFacility":"Kanyama First Level Hospital",
                "LocationStatus":"Recruiting",
                "LocationCity":"Lusaka",
                "LocationZip":"10101",
                "LocationCountry":"Zambia",
                "LocationContactList":{
                  "LocationContact":[
                    {
                      "LocationContactName":"Bavin Mulenga, MBChB",
                      "LocationContactRole":"Contact",
                      "LocationContactPhone":"0966481202",
                      "LocationContactEMail":"Bavin.Mulenga@cidrz.org"
                    }
                  ]
                }
              },{
                "LocationFacility":"Matero Clinical Research Site, Chainda South CRS",
                "LocationStatus":"Recruiting",
                "LocationCity":"Lusaka",
                "LocationZip":"10101",
                "LocationCountry":"Zambia",
                "LocationContactList":{
                  "LocationContact":[
                    {
                      "LocationContactName":"Nsofwa Sukwa, MBChB",
                      "LocationContactRole":"Contact",
                      "LocationContactPhone":"+260965301339",
                      "LocationContactEMail":"nsofwa.sukwa@cidrz.org"
                    },{
                      "LocationContactName":"Mitelo Kapanza, Nursing",
                      "LocationContactRole":"Contact",
                      "LocationContactPhone":"0977745646"
                    }
                  ]
                }
              }
            ]
          }
        },
        "IPDSharingStatementModule":{
          "IPDSharing":"Undecided"
        }
      },
      "DerivedSection":{
        "MiscInfoModule":{
          "VersionHolder":"April 19, 2021"
        },
        "ConditionBrowseModule":{
          "ConditionMeshList":{
            "ConditionMesh":[
              {
                "ConditionMeshId":"D000003967",
                "ConditionMeshTerm":"Diarrhea"
              }
            ]
          },
          "ConditionAncestorList":{
            "ConditionAncestor":[
              {
                "ConditionAncestorId":"D000012817",
                "ConditionAncestorTerm":"Signs and Symptoms, Digestive"
              }
            ]
          },
          "ConditionBrowseLeafList":{
            "ConditionBrowseLeaf":[
              {
                "ConditionBrowseLeafId":"M5742",
                "ConditionBrowseLeafName":"Diarrhea",
                "ConditionBrowseLeafAsFound":"Diarrhea",
                "ConditionBrowseLeafRelevance":"high"
              },{
                "ConditionBrowseLeafId":"M14205",
                "ConditionBrowseLeafName":"Signs and Symptoms, Digestive",
                "ConditionBrowseLeafRelevance":"low"
              }
            ]
          },
          "ConditionBrowseBranchList":{
            "ConditionBrowseBranch":[
              {
                "ConditionBrowseBranchAbbrev":"BC23",
                "ConditionBrowseBranchName":"Symptoms and General Pathology"
              },{
                "ConditionBrowseBranchAbbrev":"All",
                "ConditionBrowseBranchName":"All Conditions"
              }
            ]
          }
        }
      }
    }
  }
}

