{
  "FullStudy":{
    "Rank":1237,
    "Study":{
      "ProtocolSection":{
        "IdentificationModule":{
          "NCTId":"NCT04833868",
          "OrgStudyIdInfo":{
            "OrgStudyId":"BMC"
          },
          "Organization":{
            "OrgFullName":"Batterjee Medical College",
            "OrgClass":"OTHER"
          },
          "BriefTitle":"Effect of Hippotherapy and Schroth Exercise on Pulmonary Function and Aerobic Capacity in Idiopathic Scoliosis",
          "OfficialTitle":"Efficacy of Hippotherapy Combined With Schroth Exercises on Pulmonary Function and Aerobic Capacity in Adolescents With Idiopathic Scoliosis: A Randomized Controlled Trial"
        },
        "StatusModule":{
          "StatusVerifiedDate":"April 2021",
          "OverallStatus":"Completed",
          "ExpandedAccessInfo":{
            "HasExpandedAccess":"No"
          },
          "StartDateStruct":{
            "StartDate":"February 20, 2020",
            "StartDateType":"Actual"
          },
          "PrimaryCompletionDateStruct":{
            "PrimaryCompletionDate":"December 18, 2020",
            "PrimaryCompletionDateType":"Actual"
          },
          "CompletionDateStruct":{
            "CompletionDate":"March 7, 2021",
            "CompletionDateType":"Actual"
          },
          "StudyFirstSubmitDate":"March 31, 2021",
          "StudyFirstSubmitQCDate":"April 3, 2021",
          "StudyFirstPostDateStruct":{
            "StudyFirstPostDate":"April 6, 2021",
            "StudyFirstPostDateType":"Actual"
          },
          "LastUpdateSubmitDate":"April 8, 2021",
          "LastUpdatePostDateStruct":{
            "LastUpdatePostDate":"April 13, 2021",
            "LastUpdatePostDateType":"Actual"
          }
        },
        "SponsorCollaboratorsModule":{
          "ResponsibleParty":{
            "ResponsiblePartyType":"Principal Investigator",
            "ResponsiblePartyInvestigatorFullName":"Mohamed A. Abdel Ghafar",
            "ResponsiblePartyInvestigatorTitle":"associate Professor",
            "ResponsiblePartyInvestigatorAffiliation":"Batterjee Medical College"
          },
          "LeadSponsor":{
            "LeadSponsorName":"Batterjee Medical College",
            "LeadSponsorClass":"OTHER"
          },
          "CollaboratorList":{
            "Collaborator":[
              {
                "CollaboratorName":"Taif University",
                "CollaboratorClass":"OTHER"
              }
            ]
          }
        },
        "OversightModule":{
          "IsFDARegulatedDrug":"No",
          "IsFDARegulatedDevice":"No"
        },
        "DescriptionModule":{
          "BriefSummary":"BACKGROUND: Idiopathic scoliosis has been identified as a common spinal malalignment that negatively impacts the respiratory system and physical conditioning in adolescents. Hippotherapy is an equestrian intervention that optimizes physical performance and mobility in a bunch of contexts; however, its influence on pulmonary function remains unclear.\n\nAIM: This research aimed to analyze the impact of ten weeks of hippotherapy combined with Schroth exercises on ventilatory function and aerobic capacity in AIS.\n\nDESIGN: Randomized Controlled Trial SETTING: Outpatients attend a single center that includes a rehabilitation room and recreational riding center.\n\nPOPULATION: Forty-five patients were arbitrarily recruited to the experimental (N= 22) and control group (N=23).\n\nMETHODS: Patients in the experimental group received 30 minutes of walking and sitting trot training, 15 sessions split into 2 phases over ten weeks. The two groups attended a 60-minute session of Schroth's intervention, 3 times/ week for 10 weeks. Two-way ANOVA for between-group comparisons and independent t-test for within-group comparisons were used in the statistical analysis.",
          "DetailedDescription":"A total of 45 patients (13 males and 32 females) participated in the current study. The participants were assigned to one of two groups in a random manner: an experimental group who received hippotherapy combined with Schroth Exercise and the control group who received only schorth exercise. (FVC, FEV1, FEV1/FVC, MVV, and 6MWT) were measured before and after 10 weeks intervention"
        },
        "ConditionsModule":{
          "ConditionList":{
            "Condition":[
              "Scoliosis Idiopathic"
            ]
          },
          "KeywordList":{
            "Keyword":[
              "Hippotherapy",
              "Pulmonary Function",
              "Idiopathic Scoliosis"
            ]
          }
        },
        "DesignModule":{
          "StudyType":"Interventional",
          "PhaseList":{
            "Phase":[
              "Not Applicable"
            ]
          },
          "DesignInfo":{
            "DesignAllocation":"Randomized",
            "DesignInterventionModel":"Parallel Assignment",
            "DesignInterventionModelDescription":"A Randomized Controlled Trial",
            "DesignPrimaryPurpose":"Treatment",
            "DesignMaskingInfo":{
              "DesignMasking":"None (Open Label)"
            }
          },
          "EnrollmentInfo":{
            "EnrollmentCount":"45",
            "EnrollmentType":"Actual"
          }
        },
        "ArmsInterventionsModule":{
          "ArmGroupList":{
            "ArmGroup":[
              {
                "ArmGroupLabel":"hippotherapy combined with Schroth Exercise",
                "ArmGroupType":"Experimental",
                "ArmGroupDescription":"received hippotherapy combined with Schroth Exercise hippotherapy session for 30 minutes of walking and sitting trot training, 15 sessions split into 2 phases over ten weeks in addition to 60-minute session Schroth's intervention, 3 times/ week for 10 weeks",
                "ArmGroupInterventionList":{
                  "ArmGroupInterventionName":[
                    "Other: hippotherapy and schroth exercise"
                  ]
                }
              },{
                "ArmGroupLabel":"Schroth Exercise",
                "ArmGroupType":"Active Comparator",
                "ArmGroupDescription":"received Schroth's intervention for a 60-minute session, 3 times/ week for 10 weeks",
                "ArmGroupInterventionList":{
                  "ArmGroupInterventionName":[
                    "Other: schroth exercise"
                  ]
                }
              }
            ]
          },
          "InterventionList":{
            "Intervention":[
              {
                "InterventionType":"Other",
                "InterventionName":"hippotherapy and schroth exercise",
                "InterventionDescription":"pulmonary function and aerobic capacity were measured in patients with mild idiopathic scoliosis before and after 10-week hippotherapy intervention combined with Schroth exercise",
                "InterventionArmGroupLabelList":{
                  "InterventionArmGroupLabel":[
                    "hippotherapy combined with Schroth Exercise"
                  ]
                }
              },{
                "InterventionType":"Other",
                "InterventionName":"schroth exercise",
                "InterventionDescription":"pulmonary function and aerobic capacity were measured in patients with mild idiopathic scoliosis before and after 10-week of Schroth exercise",
                "InterventionArmGroupLabelList":{
                  "InterventionArmGroupLabel":[
                    "Schroth Exercise"
                  ]
                }
              }
            ]
          }
        },
        "OutcomesModule":{
          "PrimaryOutcomeList":{
            "PrimaryOutcome":[
              {
                "PrimaryOutcomeMeasure":"FVC in liters",
                "PrimaryOutcomeDescription":"change in FVC measured Using Spiromaster PC-10 Spirometer",
                "PrimaryOutcomeTimeFrame":"ten weeks"
              },{
                "PrimaryOutcomeMeasure":"FEV1 in liters",
                "PrimaryOutcomeDescription":"change in FEV1 measured Using Spiromaster PC-10 Spirometer",
                "PrimaryOutcomeTimeFrame":"ten weeks"
              },{
                "PrimaryOutcomeMeasure":"MVV in liters/min",
                "PrimaryOutcomeDescription":"change in MVV measured Using Spiromaster PC-10 Spirometer",
                "PrimaryOutcomeTimeFrame":"ten weeks"
              },{
                "PrimaryOutcomeMeasure":"FEV1/FVC in percentage",
                "PrimaryOutcomeDescription":"change in FEV1/FVC measured Using Spiromaster PC-10 Spirometer",
                "PrimaryOutcomeTimeFrame":"ten weeks"
              },{
                "PrimaryOutcomeMeasure":"aerobic capacity",
                "PrimaryOutcomeDescription":"6MWT",
                "PrimaryOutcomeTimeFrame":"ten weeks"
              }
            ]
          }
        },
        "EligibilityModule":{
          "EligibilityCriteria":"Inclusion Criteria:\n\nall types of curves,\ncurves between 10 and 20 degrees (29),\nRisser grade 0 to 5\nthe availability to be engaged in once a week visit\n\nExclusion Criteria:\n\nAdolescents with:\n\nobstructive pulmonary diseases\nassociated neuromuscular diseases\nrecent infectious episodes in the previous two months\nhistory of cardiovascular or psychological disorders\nany significant history of riding horses",
          "HealthyVolunteers":"No",
          "Gender":"All",
          "MinimumAge":"12 Years",
          "MaximumAge":"18 Years",
          "StdAgeList":{
            "StdAge":[
              "Child",
              "Adult"
            ]
          }
        },
        "ContactsLocationsModule":{
          "OverallOfficialList":{
            "OverallOfficial":[
              {
                "OverallOfficialName":"Mohamed M. Abdel Ghafar, Ph.D",
                "OverallOfficialAffiliation":"Batterjee Medical College",
                "OverallOfficialRole":"Principal Investigator"
              }
            ]
          },
          "LocationList":{
            "Location":[
              {
                "LocationFacility":"Battarjee Medical College",
                "LocationCity":"Jeddah",
                "LocationCountry":"Saudi Arabia"
              }
            ]
          }
        },
        "IPDSharingStatementModule":{
          "IPDSharing":"No"
        }
      },
      "DerivedSection":{
        "MiscInfoModule":{
          "VersionHolder":"April 19, 2021"
        },
        "ConditionBrowseModule":{
          "ConditionMeshList":{
            "ConditionMesh":[
              {
                "ConditionMeshId":"D000012600",
                "ConditionMeshTerm":"Scoliosis"
              }
            ]
          },
          "ConditionAncestorList":{
            "ConditionAncestor":[
              {
                "ConditionAncestorId":"D000013121",
                "ConditionAncestorTerm":"Spinal Curvatures"
              },{
                "ConditionAncestorId":"D000013122",
                "ConditionAncestorTerm":"Spinal Diseases"
              },{
                "ConditionAncestorId":"D000001847",
                "ConditionAncestorTerm":"Bone Diseases"
              },{
                "ConditionAncestorId":"D000009140",
                "ConditionAncestorTerm":"Musculoskeletal Diseases"
              }
            ]
          },
          "ConditionBrowseLeafList":{
            "ConditionBrowseLeaf":[
              {
                "ConditionBrowseLeafId":"M14000",
                "ConditionBrowseLeafName":"Scoliosis",
                "ConditionBrowseLeafAsFound":"Scoliosis",
                "ConditionBrowseLeafRelevance":"high"
              },{
                "ConditionBrowseLeafId":"M14501",
                "ConditionBrowseLeafName":"Spinal Curvatures",
                "ConditionBrowseLeafRelevance":"low"
              },{
                "ConditionBrowseLeafId":"M14502",
                "ConditionBrowseLeafName":"Spinal Diseases",
                "ConditionBrowseLeafRelevance":"low"
              },{
                "ConditionBrowseLeafId":"M3708",
                "ConditionBrowseLeafName":"Bone Diseases",
                "ConditionBrowseLeafRelevance":"low"
              },{
                "ConditionBrowseLeafId":"M10680",
                "ConditionBrowseLeafName":"Musculoskeletal Diseases",
                "ConditionBrowseLeafRelevance":"low"
              }
            ]
          },
          "ConditionBrowseBranchList":{
            "ConditionBrowseBranch":[
              {
                "ConditionBrowseBranchAbbrev":"BC05",
                "ConditionBrowseBranchName":"Muscle, Bone, and Cartilage Diseases"
              },{
                "ConditionBrowseBranchAbbrev":"All",
                "ConditionBrowseBranchName":"All Conditions"
              }
            ]
          }
        }
      }
    }
  }
}

