{
  "FullStudy":{
    "Rank":1178,
    "Study":{
      "ProtocolSection":{
        "IdentificationModule":{
          "NCTId":"NCT04834635",
          "OrgStudyIdInfo":{
            "OrgStudyId":"FundoRingOAGB"
          },
          "Organization":{
            "OrgFullName":"The Society of Bariatric and Metabolic Surgeons of Kazakhstan",
            "OrgClass":"OTHER"
          },
          "BriefTitle":"The FundoRingOAGB Versus Non-wrapping (Non-banded) Standard Method of Laparoscopic One Anastomosis Gastric Bypass",
          "OfficialTitle":"The Total Wrapping of the Fundus of the Gastric Excluded Part (FundoRing) Versus Non- Wrapping (Non-banded) Standard Method of Laparoscopic One Anastomosis Gastric Bypass/Mini - Gastric Bypass: A Randomized Controlled Trial",
          "Acronym":"FundoRingMGB"
        },
        "StatusModule":{
          "StatusVerifiedDate":"April 2021",
          "OverallStatus":"Recruiting",
          "ExpandedAccessInfo":{
            "HasExpandedAccess":"No"
          },
          "StartDateStruct":{
            "StartDate":"March 29, 2021",
            "StartDateType":"Actual"
          },
          "PrimaryCompletionDateStruct":{
            "PrimaryCompletionDate":"April 5, 2024",
            "PrimaryCompletionDateType":"Anticipated"
          },
          "CompletionDateStruct":{
            "CompletionDate":"May 10, 2024",
            "CompletionDateType":"Anticipated"
          },
          "StudyFirstSubmitDate":"April 4, 2021",
          "StudyFirstSubmitQCDate":"April 4, 2021",
          "StudyFirstPostDateStruct":{
            "StudyFirstPostDate":"April 8, 2021",
            "StudyFirstPostDateType":"Actual"
          },
          "LastUpdateSubmitDate":"April 4, 2021",
          "LastUpdatePostDateStruct":{
            "LastUpdatePostDate":"April 8, 2021",
            "LastUpdatePostDateType":"Actual"
          }
        },
        "SponsorCollaboratorsModule":{
          "ResponsibleParty":{
            "ResponsiblePartyType":"Sponsor"
          },
          "LeadSponsor":{
            "LeadSponsorName":"The Society of Bariatric and Metabolic Surgeons of Kazakhstan",
            "LeadSponsorClass":"OTHER"
          }
        },
        "OversightModule":{
          "OversightHasDMC":"No",
          "IsFDARegulatedDrug":"No",
          "IsFDARegulatedDevice":"No"
        },
        "DescriptionModule":{
          "BriefSummary":"Currently, one anastomosis gastric bypass (OAGB) or mini-gastric bypass (MGB) is a common bariatric procedure for treating obesity. Weight gain after surgery is a big problem in bariatric practice. Therefore, adjustable bands and rings are used, for example, \"FobiRing\". But foreign material can cause complications - the erosion of the stomach wall. For this reason, surgeons avoid the use of various mechanical devices on living tissues.\n\nThe greatest criticism is of the OAGB for the likelihood of biliary reflux. In case of reflux of bile into the esophagus after surgery, as a rule, a second operation is required with conversion OAGB to the Roux-en-Y method.\n\nIn addition, along with obesity, gastroesophageal reflux disease (GERD) are steadily increasing world weight and antireflux surgery must be performed simultaneously with bariatric surgery in obese patients. In these cases, most often in bariatric practice, hiatus cruroraphy is performed, and less often fundoplication using the fundus of the excluded part of the stomach.\n\nWe hypothesize that total fundoplication can not only treat GERD but also significant prevent the return of weight like after a banded gastric bypass and prevent postoperative bile reflux in the esophagus.\n\nThe aim study is to compare primary outcome as weight loss after total wrapping of the fundus of the gastric excluded part (FundoRing) and non - wrapping (non - banded) standard method of laparoscopic one anastomosis gastric bypass and measure secondary outcome: bile reflux in the esophagus and GERD symptoms.\n\nMethods: Adult participants (n=100) are randomly allocated to one of two groups:\n\nExperimental surgical bariatric procedure in the first (A) group: patients (n=50) undergo the laparoscopic one anastomosis gastric bypass with the total wrapping of the fundus of gastric excluded part and suture cruroplasty if present hiatal hernia (FundoRingOAGB group); Active comparator surgical bariatric procedure in the second (B) group: patients (n=50) undergo the laparoscopic one anastomosis gastric bypass and with only suture cruroplasty if present hiatal hernia (OAGB group).",
          "DetailedDescription":"One anastomosis Gastric Bypass/Mini Gastric Bypass (OAGB/MGB) is gaining popularity as a primary surgical treatment for morbid obesity.\n\nThe aim study is to compare primary outcome as weight loss after total wrapping of the fundus of the gastric excluded part (FundoRing) and non - wrapping (non - banded) standard method of laparoscopic one anastomosis gastric bypass and measure secondary outcome: bile reflux in the esophagus and GERD symptoms.\n\nMethods: Adult participants (n=100) are randomly allocated to one of two groups:\n\nExperimental surgical bariatric procedure in the first (A) group: patients (n=50) undergo the laparoscopic one anastomosis gastric bypass with the total wrapping of the fundus of gastric excluded part and suture cruroplasty if present hiatal hernia (FundoRingOAGB group); Active comparator surgical bariatric procedure in the second (B) group: patients (n=50) undergo the laparoscopic one anastomosis gastric bypass and with only suture cruroplasty if present hiatal hernia (OAGB group). All patients are then followed up 12, 24, 36 months after surgery where record the changing body mass index and and measure secondary outcome: bile reflux in the esophagus and GERD symptoms."
        },
        "ConditionsModule":{
          "ConditionList":{
            "Condition":[
              "Obesity, Morbid"
            ]
          },
          "KeywordList":{
            "Keyword":[
              "Obesity",
              "Bariatric surgery",
              "One anastomosis gastric bypass",
              "FundoRingOAGB",
              "Fundoplication"
            ]
          }
        },
        "DesignModule":{
          "StudyType":"Interventional",
          "PhaseList":{
            "Phase":[
              "Not Applicable"
            ]
          },
          "DesignInfo":{
            "DesignAllocation":"Randomized",
            "DesignInterventionModel":"Parallel Assignment",
            "DesignPrimaryPurpose":"Treatment",
            "DesignMaskingInfo":{
              "DesignMasking":"None (Open Label)"
            }
          },
          "EnrollmentInfo":{
            "EnrollmentCount":"100",
            "EnrollmentType":"Anticipated"
          }
        },
        "ArmsInterventionsModule":{
          "ArmGroupList":{
            "ArmGroup":[
              {
                "ArmGroupLabel":"FundoRingOAGB group",
                "ArmGroupType":"Experimental",
                "ArmGroupDescription":"laparoscopic one anastomosis gastric bypass with the total wrapping of the fundus of gastric excluded part (and suture cruroplasty if present hiatal hernia).",
                "ArmGroupInterventionList":{
                  "ArmGroupInterventionName":[
                    "Procedure: FundoRingOAGB"
                  ]
                }
              },{
                "ArmGroupLabel":"OAGB group",
                "ArmGroupType":"Active Comparator",
                "ArmGroupDescription":"laparoscopic one anastomosis gastric bypass (and suture cruroplasty if present hiatal hernia).",
                "ArmGroupInterventionList":{
                  "ArmGroupInterventionName":[
                    "Procedure: OAGB"
                  ]
                }
              }
            ]
          },
          "InterventionList":{
            "Intervention":[
              {
                "InterventionType":"Procedure",
                "InterventionName":"FundoRingOAGB",
                "InterventionDescription":"laparoscopic one anastomosis gastric bypass with the total wrapping of the fundus of gastric excluded part and with suture cruroplasty if present hiatal hernia",
                "InterventionArmGroupLabelList":{
                  "InterventionArmGroupLabel":[
                    "FundoRingOAGB group"
                  ]
                }
              },{
                "InterventionType":"Procedure",
                "InterventionName":"OAGB",
                "InterventionDescription":"laparoscopic one anastomosis gastric bypass with suture cruroplasty if present hiatal hernia",
                "InterventionArmGroupLabelList":{
                  "InterventionArmGroupLabel":[
                    "OAGB group"
                  ]
                }
              }
            ]
          }
        },
        "OutcomesModule":{
          "PrimaryOutcomeList":{
            "PrimaryOutcome":[
              {
                "PrimaryOutcomeMeasure":"Change of body mass index",
                "PrimaryOutcomeDescription":"The measure is assessing a change of body mass index. Weight (kg) and height (cm) will be combined with the report of measurement by body mass index (BMI) kg/m2.",
                "PrimaryOutcomeTimeFrame":"Baseline, at 12, 24, 36 months after surgery"
              }
            ]
          },
          "SecondaryOutcomeList":{
            "SecondaryOutcome":[
              {
                "SecondaryOutcomeMeasure":"Postoperative bile reflux in esophagus",
                "SecondaryOutcomeDescription":"The endoscopic finding of postoperative bile reflux in the esophagus",
                "SecondaryOutcomeTimeFrame":"at 12, 24, 36 months after surgery"
              },{
                "SecondaryOutcomeMeasure":"GERD symptoms",
                "SecondaryOutcomeDescription":"Change og GERD symptoms if present GERD or postoperative de Novo GERD symptoms (GERD-HRQL)",
                "SecondaryOutcomeTimeFrame":"Baseline, 12, 24, 36 months after surgery"
              }
            ]
          }
        },
        "EligibilityModule":{
          "EligibilityCriteria":"Inclusion Criteria:\n\nBMI from 30 to 50 kg / m2.\nThe person is generally fit for anesthesia (ASA grading 1-2) and surgery.\nThe person commits to the need for long-term follow-up.\n\nExclusion Criteria:\n\nBMI less than 30 kg / m2 and more than 50 kg / m2.\nProsthetic (mesh) Hiatal herniorrhaphy or large hiatal hernia;\nEsophageal shortening\nLos Angeles Classification of Oesophagitis (LA grade) C or D reflux esophagitis\nHistory of surgery on the stomach or esophagus\nLess than 18 or more than 60 years of age\nNot fit for bariatric surgery\nPsychiatric illness\nPatients unwilling or unable to provide informed consent",
          "HealthyVolunteers":"No",
          "Gender":"All",
          "MinimumAge":"18 Years",
          "MaximumAge":"60 Years",
          "StdAgeList":{
            "StdAge":[
              "Adult"
            ]
          }
        },
        "ContactsLocationsModule":{
          "CentralContactList":{
            "CentralContact":[
              {
                "CentralContactName":"Oral Ospanov, Professor",
                "CentralContactRole":"Contact",
                "CentralContactPhone":"+77015287734",
                "CentralContactEMail":"bariatric.kz@gmail.com"
              },{
                "CentralContactName":"Bakhtiyar Yelembayev",
                "CentralContactRole":"Contact",
                "CentralContactPhone":"+77071302383",
                "CentralContactEMail":"elembaevbaha@gmail.com"
              }
            ]
          },
          "OverallOfficialList":{
            "OverallOfficial":[
              {
                "OverallOfficialName":"Oral Ospanov",
                "OverallOfficialAffiliation":"President of Society of Bariatric and Metabolic Surgeons of Kazakhstan\" (SBMSK)",
                "OverallOfficialRole":"Principal Investigator"
              }
            ]
          },
          "LocationList":{
            "Location":[
              {
                "LocationFacility":"Oral Ospanov",
                "LocationStatus":"Recruiting",
                "LocationCity":"Astana",
                "LocationZip":"010000",
                "LocationCountry":"Kazakhstan",
                "LocationContactList":{
                  "LocationContact":[
                    {
                      "LocationContactName":"Oral Ospanov, Professor",
                      "LocationContactRole":"Contact",
                      "LocationContactPhone":"+77015287734",
                      "LocationContactEMail":"bariatric.kz@gmail.com"
                    },{
                      "LocationContactName":"Bakhtiyar Yelembaev",
                      "LocationContactRole":"Contact",
                      "LocationContactPhone":"+77071302383",
                      "LocationContactEMail":"elembaevbaha@gmail.com"
                    }
                  ]
                }
              }
            ]
          }
        },
        "IPDSharingStatementModule":{
          "IPDSharing":"No"
        }
      },
      "DerivedSection":{
        "MiscInfoModule":{
          "VersionHolder":"April 19, 2021"
        },
        "ConditionBrowseModule":{
          "ConditionMeshList":{
            "ConditionMesh":[
              {
                "ConditionMeshId":"D000009767",
                "ConditionMeshTerm":"Obesity, Morbid"
              }
            ]
          },
          "ConditionAncestorList":{
            "ConditionAncestor":[
              {
                "ConditionAncestorId":"D000009765",
                "ConditionAncestorTerm":"Obesity"
              },{
                "ConditionAncestorId":"D000044343",
                "ConditionAncestorTerm":"Overnutrition"
              },{
                "ConditionAncestorId":"D000009748",
                "ConditionAncestorTerm":"Nutrition Disorders"
              },{
                "ConditionAncestorId":"D000050177",
                "ConditionAncestorTerm":"Overweight"
              },{
                "ConditionAncestorId":"D000001835",
                "ConditionAncestorTerm":"Body Weight"
              }
            ]
          },
          "ConditionBrowseLeafList":{
            "ConditionBrowseLeaf":[
              {
                "ConditionBrowseLeafId":"M11285",
                "ConditionBrowseLeafName":"Obesity, Morbid",
                "ConditionBrowseLeafAsFound":"Obesity, Morbid",
                "ConditionBrowseLeafRelevance":"high"
              },{
                "ConditionBrowseLeafId":"M11284",
                "ConditionBrowseLeafName":"Obesity",
                "ConditionBrowseLeafRelevance":"low"
              },{
                "ConditionBrowseLeafId":"M23894",
                "ConditionBrowseLeafName":"Overnutrition",
                "ConditionBrowseLeafRelevance":"low"
              },{
                "ConditionBrowseLeafId":"M11267",
                "ConditionBrowseLeafName":"Nutrition Disorders",
                "ConditionBrowseLeafRelevance":"low"
              },{
                "ConditionBrowseLeafId":"M24773",
                "ConditionBrowseLeafName":"Overweight",
                "ConditionBrowseLeafRelevance":"low"
              },{
                "ConditionBrowseLeafId":"M3696",
                "ConditionBrowseLeafName":"Body Weight",
                "ConditionBrowseLeafRelevance":"low"
              }
            ]
          },
          "ConditionBrowseBranchList":{
            "ConditionBrowseBranch":[
              {
                "ConditionBrowseBranchAbbrev":"BC18",
                "ConditionBrowseBranchName":"Nutritional and Metabolic Diseases"
              },{
                "ConditionBrowseBranchAbbrev":"BC23",
                "ConditionBrowseBranchName":"Symptoms and General Pathology"
              },{
                "ConditionBrowseBranchAbbrev":"All",
                "ConditionBrowseBranchName":"All Conditions"
              }
            ]
          }
        }
      }
    }
  }
}

