{
  "FullStudy":{
    "Rank":902,
    "Study":{
      "ProtocolSection":{
        "IdentificationModule":{
          "NCTId":"NCT04838223",
          "OrgStudyIdInfo":{
            "OrgStudyId":"00000319"
          },
          "Organization":{
            "OrgFullName":"Tufts Medical Center",
            "OrgClass":"OTHER"
          },
          "BriefTitle":"Neurosensory Abnormalities in SymptomAtic Ocular Surface Patients (NASA)",
          "OfficialTitle":"Neurosensory Abnormalities in SymptomAtic Ocular Surface Patients (NASA)",
          "Acronym":"NASA"
        },
        "StatusModule":{
          "StatusVerifiedDate":"April 2021",
          "OverallStatus":"Not yet recruiting",
          "ExpandedAccessInfo":{
            "HasExpandedAccess":"No"
          },
          "StartDateStruct":{
            "StartDate":"April 2021",
            "StartDateType":"Anticipated"
          },
          "PrimaryCompletionDateStruct":{
            "PrimaryCompletionDate":"April 2022",
            "PrimaryCompletionDateType":"Anticipated"
          },
          "CompletionDateStruct":{
            "CompletionDate":"August 2022",
            "CompletionDateType":"Anticipated"
          },
          "StudyFirstSubmitDate":"August 19, 2020",
          "StudyFirstSubmitQCDate":"April 7, 2021",
          "StudyFirstPostDateStruct":{
            "StudyFirstPostDate":"April 9, 2021",
            "StudyFirstPostDateType":"Actual"
          },
          "LastUpdateSubmitDate":"April 7, 2021",
          "LastUpdatePostDateStruct":{
            "LastUpdatePostDate":"April 9, 2021",
            "LastUpdatePostDateType":"Actual"
          }
        },
        "SponsorCollaboratorsModule":{
          "ResponsibleParty":{
            "ResponsiblePartyType":"Sponsor"
          },
          "LeadSponsor":{
            "LeadSponsorName":"Tufts Medical Center",
            "LeadSponsorClass":"OTHER"
          },
          "CollaboratorList":{
            "Collaborator":[
              {
                "CollaboratorName":"Coopervision, Inc.",
                "CollaboratorClass":"INDUSTRY"
              },{
                "CollaboratorName":"Bausch & Lomb Incorporated",
                "CollaboratorClass":"INDUSTRY"
              }
            ]
          }
        },
        "OversightModule":{
          "OversightHasDMC":"No",
          "IsFDARegulatedDrug":"No",
          "IsFDARegulatedDevice":"No"
        },
        "DescriptionModule":{
          "BriefSummary":"This study is designed to measure how common nerve abnormalities are within a group of patients who feel discomfort within their eyes."
        },
        "ConditionsModule":{
          "ConditionList":{
            "Condition":[
              "Dry Eye",
              "Neuropathic Pain"
            ]
          }
        },
        "DesignModule":{
          "StudyType":"Observational",
          "PatientRegistry":"No",
          "DesignInfo":{
            "DesignObservationalModelList":{
              "DesignObservationalModel":[
                "Other"
              ]
            },
            "DesignTimePerspectiveList":{
              "DesignTimePerspective":[
                "Prospective"
              ]
            }
          },
          "EnrollmentInfo":{
            "EnrollmentCount":"1000",
            "EnrollmentType":"Anticipated"
          }
        },
        "ArmsInterventionsModule":{
          "ArmGroupList":{
            "ArmGroup":[
              {
                "ArmGroupLabel":"Neuropathic Corneal Pain with Ocular Surface Discomfort",
                "ArmGroupDescription":"Participants diagnosed with neuropathic corneal pain with ocular surface discomfort",
                "ArmGroupInterventionList":{
                  "ArmGroupInterventionName":[
                    "Other: Hyperosmolar Response",
                    "Other: Proparacaine Challenge Test",
                    "Other: Contact Lens Dry Eye Questionnaire-8 (CLDEQ-8) Optional; only for Contact Lens Wearers",
                    "Other: Ocular Pain Assessment Survey (OPAS)",
                    "Other: Visual Analogue Questionnaire"
                  ]
                }
              },{
                "ArmGroupLabel":"Neuropathic Corneal Pain with Dry Eye Disease",
                "ArmGroupDescription":"Participants diagnosed with dry eye disease and neuropathic corneal pain",
                "ArmGroupInterventionList":{
                  "ArmGroupInterventionName":[
                    "Other: Hyperosmolar Response",
                    "Other: Proparacaine Challenge Test",
                    "Other: Contact Lens Dry Eye Questionnaire-8 (CLDEQ-8) Optional; only for Contact Lens Wearers",
                    "Other: Ocular Pain Assessment Survey (OPAS)",
                    "Other: Visual Analogue Questionnaire"
                  ]
                }
              },{
                "ArmGroupLabel":"NCP or Dry Eye in patients with ocular surface discomfort",
                "ArmGroupDescription":"Participants diagnosed with neuropathic corneal pain or with a neuropathic component of dry eye in patients with ocular surface discomfort",
                "ArmGroupInterventionList":{
                  "ArmGroupInterventionName":[
                    "Other: Hyperosmolar Response",
                    "Other: Proparacaine Challenge Test",
                    "Other: Contact Lens Dry Eye Questionnaire-8 (CLDEQ-8) Optional; only for Contact Lens Wearers",
                    "Other: Ocular Pain Assessment Survey (OPAS)",
                    "Other: Visual Analogue Questionnaire"
                  ]
                }
              }
            ]
          },
          "InterventionList":{
            "Intervention":[
              {
                "InterventionType":"Other",
                "InterventionName":"Hyperosmolar Response",
                "InterventionDescription":"A single drop of hypertonic sodium chloride solution at room temperature will be instilled in each eye and change in pain/other symptoms after up to 90 seconds of application (to account for any initial irritation symptoms) will be observed.",
                "InterventionArmGroupLabelList":{
                  "InterventionArmGroupLabel":[
                    "NCP or Dry Eye in patients with ocular surface discomfort",
                    "Neuropathic Corneal Pain with Dry Eye Disease",
                    "Neuropathic Corneal Pain with Ocular Surface Discomfort"
                  ]
                }
              },{
                "InterventionType":"Other",
                "InterventionName":"Proparacaine Challenge Test",
                "InterventionDescription":"A single drop of Proparacaine hydrochloride ophthalmic solution, (Alcaine®, 0.5%) will be used on each eye respectively and any change in pain/other symptoms will be noted after 90 seconds (to account for initial discomfort from the preservative in Proparacaine solution).",
                "InterventionArmGroupLabelList":{
                  "InterventionArmGroupLabel":[
                    "NCP or Dry Eye in patients with ocular surface discomfort",
                    "Neuropathic Corneal Pain with Dry Eye Disease",
                    "Neuropathic Corneal Pain with Ocular Surface Discomfort"
                  ]
                }
              },{
                "InterventionType":"Other",
                "InterventionName":"Contact Lens Dry Eye Questionnaire-8 (CLDEQ-8) Optional; only for Contact Lens Wearers",
                "InterventionDescription":"The CLDEQ-8 is a validated eight-item scaled questionnaire developed to reflect the overall opinion of soft contact lenses.",
                "InterventionArmGroupLabelList":{
                  "InterventionArmGroupLabel":[
                    "NCP or Dry Eye in patients with ocular surface discomfort",
                    "Neuropathic Corneal Pain with Dry Eye Disease",
                    "Neuropathic Corneal Pain with Ocular Surface Discomfort"
                  ]
                }
              },{
                "InterventionType":"Other",
                "InterventionName":"Ocular Pain Assessment Survey (OPAS)",
                "InterventionDescription":"Twenty seven-item quantitative questionnaire designed to provide an assessment of the symptoms and quality of life effect of ocular pain [18]. The 27 items of the OPAS questionnaire are graded on a scale of 0 to 10, or 10 to 100, where 0 indicates none and 10 or 100 indicate maximum.",
                "InterventionArmGroupLabelList":{
                  "InterventionArmGroupLabel":[
                    "NCP or Dry Eye in patients with ocular surface discomfort",
                    "Neuropathic Corneal Pain with Dry Eye Disease",
                    "Neuropathic Corneal Pain with Ocular Surface Discomfort"
                  ]
                }
              },{
                "InterventionType":"Other",
                "InterventionName":"Visual Analogue Questionnaire",
                "InterventionDescription":"Symptoms of ocular comfort and dryness will be graded for each eye on a scale of 0-10, where 0=extremely uncomfortable, extremely dry and 10=excellent comfort, no dryness. An average rating will be provided for the morning, afternoon and evening.",
                "InterventionArmGroupLabelList":{
                  "InterventionArmGroupLabel":[
                    "NCP or Dry Eye in patients with ocular surface discomfort",
                    "Neuropathic Corneal Pain with Dry Eye Disease",
                    "Neuropathic Corneal Pain with Ocular Surface Discomfort"
                  ]
                }
              }
            ]
          }
        },
        "OutcomesModule":{
          "PrimaryOutcomeList":{
            "PrimaryOutcome":[
              {
                "PrimaryOutcomeMeasure":"To establish the prevalence of neuropathic corneal pain in patients with ocular surface discomfort.",
                "PrimaryOutcomeDescription":"As measured by the percent of subjects who report increased ocular surface discomfort upon challenge with hyperosmolar saline.",
                "PrimaryOutcomeTimeFrame":"Day 1"
              },{
                "PrimaryOutcomeMeasure":"To assess the overlap of neuropathic corneal pain with dry eye disease in patients in diseases that are currently thought to be mutually exclusive.",
                "PrimaryOutcomeDescription":"As measured by the percent of subjects who report ocular surface discomfort, and either do or do not exhibit signs of dry eye disease as defined by Tear Break Up Time, Schirmer's test, and staining, and have an increase in Visual Analog Scale score of more than 2 steps upon instillation of hypertonic saline.",
                "PrimaryOutcomeTimeFrame":"Day 1"
              },{
                "PrimaryOutcomeMeasure":"To establish the prevalence of subtypes of patients with neuropathic corneal pain or with a neuropathic component of dry eye in patients with ocular surface discomfort.",
                "PrimaryOutcomeDescription":"As measured by the percent of subjects who report ocular surface discomfort, and have a decrease, partial decrease, or no change in Visual Analog Score score upon instillation of proparacaine.",
                "PrimaryOutcomeTimeFrame":"Day 1"
              }
            ]
          },
          "SecondaryOutcomeList":{
            "SecondaryOutcome":[
              {
                "SecondaryOutcomeMeasure":"To assess the overlap of neuropathic corneal pain and contact lens discomfort.",
                "SecondaryOutcomeDescription":"Percent of contact lens wearers who report discomfort when wearing their contact lenses, and either do or do not exhibit signs of dry eye disease as defined by TBUT, Schirmer's test, and staining, and have an increase in VAS score of more than 2 steps upon instillation of hypertonic saline.",
                "SecondaryOutcomeTimeFrame":"1 study visit"
              },{
                "SecondaryOutcomeMeasure":"To establish the prevalence of anxiety/depression in patients with neuropathic corneal pain patients.",
                "SecondaryOutcomeDescription":"Percent of subjects who report increased ocular surface discomfort upon challenge with hyperosmolar saline and a history of anxiety/depression.",
                "SecondaryOutcomeTimeFrame":"Day 1"
              },{
                "SecondaryOutcomeMeasure":"To assess for differences in in vivo confocal microscopy measures between dry eye disease patients and neuropathic corneal pain patients.",
                "SecondaryOutcomeDescription":"As measured by dendritic cell density, nerve fiber density, and microneuroma density",
                "SecondaryOutcomeTimeFrame":"Day 1"
              },{
                "SecondaryOutcomeMeasure":"To assess for subtypes of neuropathic corneal pain differences in in vivo confocal microscopy measures between dry eye disease patients and neuropathic corneal pain patients.",
                "SecondaryOutcomeDescription":"As measured by dendritic cell density, nerve fiber density, and microneuroma density",
                "SecondaryOutcomeTimeFrame":"Day 1"
              }
            ]
          }
        },
        "EligibilityModule":{
          "EligibilityCriteria":"Inclusion Criteria:\n\nPresents with ocular surface discomfort or for dry eye care\nBest corrected visual acuity of 20/40 or better in each eye\nSubject reported duration of symptoms of at least 3 months\n100 subjects will be required to be habitual contact lens wearers as defined by use of contact lenses at least 5 hours per day at least 5 days per week for the last year.\n\nExclusion Criteria:\n\nUse of contact lenses on the day of the visit\nPregnant or nursing\nIrregular corneas (e.g., ectatic disease, transplantation, or corneal dystrophies)\nOcular surgery in the past 3 months\nOcular infection in the past 3 months\nActive ocular allergies",
          "HealthyVolunteers":"No",
          "Gender":"All",
          "MinimumAge":"18 Years",
          "StdAgeList":{
            "StdAge":[
              "Adult",
              "Older Adult"
            ]
          },
          "StudyPopulation":"1,000 subjects will be enrolled for this study based on the above criteria:",
          "SamplingMethod":"Non-Probability Sample"
        },
        "ContactsLocationsModule":{
          "CentralContactList":{
            "CentralContact":[
              {
                "CentralContactName":"Nancy Gee, MPH",
                "CentralContactRole":"Contact",
                "CentralContactPhone":"617-636-5489",
                "CentralContactEMail":"ngee@tuftsmedicalcenter.org"
              }
            ]
          },
          "OverallOfficialList":{
            "OverallOfficial":[
              {
                "OverallOfficialName":"Pedram Hamrah, MD",
                "OverallOfficialAffiliation":"Tufts Medical Center",
                "OverallOfficialRole":"Principal Investigator"
              }
            ]
          },
          "LocationList":{
            "Location":[
              {
                "LocationFacility":"Canyon City Eye Care",
                "LocationCity":"Azusa",
                "LocationState":"California",
                "LocationZip":"91702",
                "LocationCountry":"United States",
                "LocationContactList":{
                  "LocationContact":[
                    {
                      "LocationContactName":"Milton Hom, OD",
                      "LocationContactRole":"Contact"
                    },{
                      "LocationContactName":"Milton Hom, OD",
                      "LocationContactRole":"Principal Investigator"
                    }
                  ]
                }
              },{
                "LocationFacility":"Advanced Eyecare and the Eyewear Gallery Optometry",
                "LocationCity":"Pismo Beach",
                "LocationState":"California",
                "LocationZip":"93449",
                "LocationCountry":"United States",
                "LocationContactList":{
                  "LocationContact":[
                    {
                      "LocationContactName":"Scott Schachter, OD",
                      "LocationContactRole":"Contact"
                    },{
                      "LocationContactName":"Scott Schachter, OD",
                      "LocationContactRole":"Principal Investigator"
                    }
                  ]
                }
              },{
                "LocationFacility":"Western University of Health Sciences",
                "LocationCity":"Pomona",
                "LocationState":"California",
                "LocationZip":"91766",
                "LocationCountry":"United States",
                "LocationContactList":{
                  "LocationContact":[
                    {
                      "LocationContactName":"Jasmine Yumori, OD",
                      "LocationContactRole":"Contact"
                    },{
                      "LocationContactName":"Jasmine Yumori, OD",
                      "LocationContactRole":"Principal Investigator"
                    }
                  ]
                }
              },{
                "LocationFacility":"University of California at San Francisco",
                "LocationCity":"San Francisco",
                "LocationState":"California",
                "LocationZip":"94143",
                "LocationCountry":"United States"
              },{
                "LocationFacility":"University of Colorado Hospital",
                "LocationCity":"Denver",
                "LocationState":"Colorado",
                "LocationZip":"80045",
                "LocationCountry":"United States",
                "LocationContactList":{
                  "LocationContact":[
                    {
                      "LocationContactName":"Scott Hauswirth, OD",
                      "LocationContactRole":"Contact"
                    },{
                      "LocationContactName":"Scott Hauswirth, OD",
                      "LocationContactRole":"Principal Investigator"
                    }
                  ]
                }
              },{
                "LocationFacility":"Nova Southeastern University College of Optometry",
                "LocationCity":"Fort Lauderdale",
                "LocationState":"Florida",
                "LocationZip":"33314",
                "LocationCountry":"United States",
                "LocationContactList":{
                  "LocationContact":[
                    {
                      "LocationContactName":"Chandra Mickles, OD",
                      "LocationContactRole":"Contact"
                    },{
                      "LocationContactName":"Chandra Mickles, OD",
                      "LocationContactRole":"Principal Investigator"
                    }
                  ]
                }
              },{
                "LocationFacility":"Bascom Palmer Eye Institute - University of Miami",
                "LocationCity":"Miami",
                "LocationState":"Florida",
                "LocationZip":"33136",
                "LocationCountry":"United States",
                "LocationContactList":{
                  "LocationContact":[
                    {
                      "LocationContactName":"Anat Galor, MD",
                      "LocationContactRole":"Contact"
                    },{
                      "LocationContactName":"Anat Galor, MD",
                      "LocationContactRole":"Principal Investigator"
                    }
                  ]
                }
              },{
                "LocationFacility":"University of South Florida",
                "LocationCity":"Tampa",
                "LocationState":"Florida",
                "LocationZip":"33612",
                "LocationCountry":"United States",
                "LocationContactList":{
                  "LocationContact":[
                    {
                      "LocationContactName":"Edgar Espana, MD",
                      "LocationContactRole":"Contact"
                    },{
                      "LocationContactName":"Edgar Espana, MD",
                      "LocationContactRole":"Principal Investigator"
                    }
                  ]
                }
              },{
                "LocationFacility":"University of Illinois at Chicago",
                "LocationCity":"Chicago",
                "LocationState":"Illinois",
                "LocationZip":"60612",
                "LocationCountry":"United States",
                "LocationContactList":{
                  "LocationContact":[
                    {
                      "LocationContactName":"Sandeep Jain, MD",
                      "LocationContactRole":"Contact"
                    },{
                      "LocationContactName":"Sandeep Jain, MD",
                      "LocationContactRole":"Principal Investigator"
                    }
                  ]
                }
              },{
                "LocationFacility":"Illinois College of Optometry",
                "LocationCity":"Chicago",
                "LocationState":"Illinois",
                "LocationZip":"60616",
                "LocationCountry":"United States",
                "LocationContactList":{
                  "LocationContact":[
                    {
                      "LocationContactName":"Jennifer Harthan, OD",
                      "LocationContactRole":"Contact"
                    },{
                      "LocationContactName":"Jennifer Harthan, OD",
                      "LocationContactRole":"Principal Investigator"
                    }
                  ]
                }
              },{
                "LocationFacility":"University of Maryland",
                "LocationCity":"Baltimore",
                "LocationState":"Maryland",
                "LocationZip":"21201",
                "LocationCountry":"United States",
                "LocationContactList":{
                  "LocationContact":[
                    {
                      "LocationContactName":"Bennie Jeng, MD",
                      "LocationContactRole":"Contact"
                    },{
                      "LocationContactName":"Bennie Jeng, MD",
                      "LocationContactRole":"Principal Investigator"
                    }
                  ]
                }
              },{
                "LocationFacility":"Tufts Medical Center",
                "LocationCity":"Boston",
                "LocationState":"Massachusetts",
                "LocationZip":"02111",
                "LocationCountry":"United States"
              },{
                "LocationFacility":"Korb & Associates",
                "LocationCity":"Boston",
                "LocationState":"Massachusetts",
                "LocationZip":"02215",
                "LocationCountry":"United States",
                "LocationContactList":{
                  "LocationContact":[
                    {
                      "LocationContactName":"Amy Nau, OD",
                      "LocationContactRole":"Contact"
                    },{
                      "LocationContactName":"Don Korb, OD",
                      "LocationContactRole":"Principal Investigator"
                    },{
                      "LocationContactName":"Amy Nau, OD",
                      "LocationContactRole":"Sub-Investigator"
                    }
                  ]
                }
              },{
                "LocationFacility":"Primary EyeCare Associates",
                "LocationCity":"Sterling Heights",
                "LocationState":"Michigan",
                "LocationZip":"48313",
                "LocationCountry":"United States",
                "LocationContactList":{
                  "LocationContact":[
                    {
                      "LocationContactName":"Scott Schwartz, OD",
                      "LocationContactRole":"Contact"
                    },{
                      "LocationContactName":"Scott Schwartz, OD",
                      "LocationContactRole":"Principal Investigator"
                    }
                  ]
                }
              },{
                "LocationFacility":"Pepose Vision",
                "LocationCity":"Saint Louis",
                "LocationState":"Missouri",
                "LocationZip":"63128",
                "LocationCountry":"United States",
                "LocationContactList":{
                  "LocationContact":[
                    {
                      "LocationContactName":"Jay Pepose, MD",
                      "LocationContactRole":"Contact"
                    },{
                      "LocationContactName":"Jay Pepose, MD",
                      "LocationContactRole":"Principal Investigator"
                    }
                  ]
                }
              },{
                "LocationFacility":"Ophthalmology Associates",
                "LocationCity":"Saint Louis",
                "LocationState":"Missouri",
                "LocationZip":"63131",
                "LocationCountry":"United States",
                "LocationContactList":{
                  "LocationContact":[
                    {
                      "LocationContactName":"Gregg Berdy, MD",
                      "LocationContactRole":"Contact"
                    },{
                      "LocationContactName":"Gregg Berdy, MD",
                      "LocationContactRole":"Principal Investigator"
                    }
                  ]
                }
              },{
                "LocationFacility":"Mercy Clinic Eye Specialists",
                "LocationCity":"Springfield",
                "LocationState":"Missouri",
                "LocationZip":"65804",
                "LocationCountry":"United States"
              },{
                "LocationFacility":"SkyVision Centers",
                "LocationCity":"Westlake",
                "LocationState":"Ohio",
                "LocationZip":"44145",
                "LocationCountry":"United States",
                "LocationContactList":{
                  "LocationContact":[
                    {
                      "LocationContactName":"Darell White, MD",
                      "LocationContactRole":"Contact"
                    },{
                      "LocationContactName":"Darell White, MD",
                      "LocationContactRole":"Principal Investigator"
                    }
                  ]
                }
              },{
                "LocationFacility":"Eye Doctors of Lancaster",
                "LocationCity":"Lancaster",
                "LocationState":"Pennsylvania",
                "LocationZip":"17601",
                "LocationCountry":"United States",
                "LocationContactList":{
                  "LocationContact":[
                    {
                      "LocationContactName":"Jonathan Andrews, OD",
                      "LocationContactRole":"Contact"
                    },{
                      "LocationContactName":"Jonathan Andrews, OD",
                      "LocationContactRole":"Principal Investigator"
                    }
                  ]
                }
              },{
                "LocationFacility":"Hospital of the University of Pennsylvania (Scheie Eye Institute Perelman)",
                "LocationCity":"Philadelphia",
                "LocationState":"Pennsylvania",
                "LocationZip":"19104",
                "LocationCountry":"United States",
                "LocationContactList":{
                  "LocationContact":[
                    {
                      "LocationContactName":"Giacomina Massaro-Giordano, MD",
                      "LocationContactRole":"Contact"
                    },{
                      "LocationContactName":"Giacomina Massaro-Giordano, MD",
                      "LocationContactRole":"Principal Investigator"
                    }
                  ]
                }
              },{
                "LocationFacility":"Wheatlyn EyeCare",
                "LocationCity":"York",
                "LocationState":"Pennsylvania",
                "LocationZip":"17345",
                "LocationCountry":"United States",
                "LocationContactList":{
                  "LocationContact":[
                    {
                      "LocationContactName":"Leslie O'Dell, OD",
                      "LocationContactRole":"Contact"
                    },{
                      "LocationContactName":"Leslie O'Dell, OD",
                      "LocationContactRole":"Principal Investigator"
                    }
                  ]
                }
              },{
                "LocationFacility":"University of Tennessee Health Science Center (Hamilton Eye Institute)",
                "LocationCity":"Memphis",
                "LocationState":"Tennessee",
                "LocationZip":"38103",
                "LocationCountry":"United States",
                "LocationContactList":{
                  "LocationContact":[
                    {
                      "LocationContactName":"Penny Asbell, MD",
                      "LocationContactRole":"Contact"
                    },{
                      "LocationContactName":"Penny Asbell, MD",
                      "LocationContactRole":"Principal Investigator"
                    }
                  ]
                }
              },{
                "LocationFacility":"Baylor College of Medicine",
                "LocationCity":"Houston",
                "LocationState":"Texas",
                "LocationZip":"77030",
                "LocationCountry":"United States",
                "LocationContactList":{
                  "LocationContact":[
                    {
                      "LocationContactName":"Stephen Pflugfelder, MD",
                      "LocationContactRole":"Contact"
                    },{
                      "LocationContactName":"Stephen Pflugfelder, MD",
                      "LocationContactRole":"Principal Investigator"
                    }
                  ]
                }
              }
            ]
          }
        },
        "IPDSharingStatementModule":{
          "IPDSharing":"No"
        }
      },
      "DerivedSection":{
        "MiscInfoModule":{
          "VersionHolder":"April 19, 2021"
        },
        "ConditionBrowseModule":{
          "ConditionMeshList":{
            "ConditionMesh":[
              {
                "ConditionMeshId":"D000009437",
                "ConditionMeshTerm":"Neuralgia"
              }
            ]
          },
          "ConditionAncestorList":{
            "ConditionAncestor":[
              {
                "ConditionAncestorId":"D000010523",
                "ConditionAncestorTerm":"Peripheral Nervous System Diseases"
              },{
                "ConditionAncestorId":"D000009468",
                "ConditionAncestorTerm":"Neuromuscular Diseases"
              },{
                "ConditionAncestorId":"D000009422",
                "ConditionAncestorTerm":"Nervous System Diseases"
              },{
                "ConditionAncestorId":"D000010146",
                "ConditionAncestorTerm":"Pain"
              },{
                "ConditionAncestorId":"D000009461",
                "ConditionAncestorTerm":"Neurologic Manifestations"
              }
            ]
          },
          "ConditionBrowseLeafList":{
            "ConditionBrowseLeaf":[
              {
                "ConditionBrowseLeafId":"M12",
                "ConditionBrowseLeafName":"Congenital Abnormalities",
                "ConditionBrowseLeafRelevance":"low"
              },{
                "ConditionBrowseLeafId":"M10964",
                "ConditionBrowseLeafName":"Neuralgia",
                "ConditionBrowseLeafAsFound":"Neuropathic Pain",
                "ConditionBrowseLeafRelevance":"high"
              },{
                "ConditionBrowseLeafId":"M9247",
                "ConditionBrowseLeafName":"Keratoconjunctivitis Sicca",
                "ConditionBrowseLeafRelevance":"low"
              },{
                "ConditionBrowseLeafId":"M16623",
                "ConditionBrowseLeafName":"Dry Eye Syndromes",
                "ConditionBrowseLeafRelevance":"low"
              },{
                "ConditionBrowseLeafId":"M11649",
                "ConditionBrowseLeafName":"Pain",
                "ConditionBrowseLeafRelevance":"low"
              },{
                "ConditionBrowseLeafId":"M12015",
                "ConditionBrowseLeafName":"Peripheral Nervous System Diseases",
                "ConditionBrowseLeafRelevance":"low"
              },{
                "ConditionBrowseLeafId":"M10994",
                "ConditionBrowseLeafName":"Neuromuscular Diseases",
                "ConditionBrowseLeafRelevance":"low"
              },{
                "ConditionBrowseLeafId":"M10987",
                "ConditionBrowseLeafName":"Neurologic Manifestations",
                "ConditionBrowseLeafRelevance":"low"
              }
            ]
          },
          "ConditionBrowseBranchList":{
            "ConditionBrowseBranch":[
              {
                "ConditionBrowseBranchAbbrev":"BC16",
                "ConditionBrowseBranchName":"Diseases and Abnormalities at or Before Birth"
              },{
                "ConditionBrowseBranchAbbrev":"All",
                "ConditionBrowseBranchName":"All Conditions"
              },{
                "ConditionBrowseBranchAbbrev":"BC10",
                "ConditionBrowseBranchName":"Nervous System Diseases"
              },{
                "ConditionBrowseBranchAbbrev":"BC23",
                "ConditionBrowseBranchName":"Symptoms and General Pathology"
              },{
                "ConditionBrowseBranchAbbrev":"BC11",
                "ConditionBrowseBranchName":"Eye Diseases"
              }
            ]
          }
        },
        "InterventionBrowseModule":{
          "InterventionMeshList":{
            "InterventionMesh":[
              {
                "InterventionMeshId":"C000005717",
                "InterventionMeshTerm":"Proxymetacaine"
              }
            ]
          },
          "InterventionAncestorList":{
            "InterventionAncestor":[
              {
                "InterventionAncestorId":"D000000779",
                "InterventionAncestorTerm":"Anesthetics, Local"
              },{
                "InterventionAncestorId":"D000000777",
                "InterventionAncestorTerm":"Anesthetics"
              },{
                "InterventionAncestorId":"D000002492",
                "InterventionAncestorTerm":"Central Nervous System Depressants"
              },{
                "InterventionAncestorId":"D000045505",
                "InterventionAncestorTerm":"Physiological Effects of Drugs"
              },{
                "InterventionAncestorId":"D000018689",
                "InterventionAncestorTerm":"Sensory System Agents"
              },{
                "InterventionAncestorId":"D000018373",
                "InterventionAncestorTerm":"Peripheral Nervous System Agents"
              }
            ]
          },
          "InterventionBrowseLeafList":{
            "InterventionBrowseLeaf":[
              {
                "InterventionBrowseLeafId":"M11397",
                "InterventionBrowseLeafName":"Ophthalmic Solutions",
                "InterventionBrowseLeafRelevance":"low"
              },{
                "InterventionBrowseLeafId":"M259142",
                "InterventionBrowseLeafName":"Proxymetacaine",
                "InterventionBrowseLeafAsFound":"Study coordinator",
                "InterventionBrowseLeafRelevance":"high"
              },{
                "InterventionBrowseLeafId":"M20444",
                "InterventionBrowseLeafName":"Pharmaceutical Solutions",
                "InterventionBrowseLeafRelevance":"low"
              },{
                "InterventionBrowseLeafId":"M2690",
                "InterventionBrowseLeafName":"Anesthetics, Local",
                "InterventionBrowseLeafRelevance":"low"
              },{
                "InterventionBrowseLeafId":"M2688",
                "InterventionBrowseLeafName":"Anesthetics",
                "InterventionBrowseLeafRelevance":"low"
              }
            ]
          },
          "InterventionBrowseBranchList":{
            "InterventionBrowseBranch":[
              {
                "InterventionBrowseBranchAbbrev":"PhSol",
                "InterventionBrowseBranchName":"Pharmaceutical Solutions"
              },{
                "InterventionBrowseBranchAbbrev":"All",
                "InterventionBrowseBranchName":"All Drugs and Chemicals"
              },{
                "InterventionBrowseBranchAbbrev":"CNSDep",
                "InterventionBrowseBranchName":"Central Nervous System Depressants"
              }
            ]
          }
        }
      }
    }
  }
}

