{
  "FullStudy":{
    "Rank":836,
    "Study":{
      "ProtocolSection":{
        "IdentificationModule":{
          "NCTId":"NCT04839081",
          "OrgStudyIdInfo":{
            "OrgStudyId":"45986TK"
          },
          "Organization":{
            "OrgFullName":"Bozyaka Training and Research Hospital",
            "OrgClass":"OTHER"
          },
          "BriefTitle":"Neuropathic Hand Pain in Rheumatoid Arthritis",
          "OfficialTitle":"Neuropathic Characteristics of Rheumatoid Hand Pain and it's Relation to Sensory Thresholds and Sleep Quality: a Case-control Study"
        },
        "StatusModule":{
          "StatusVerifiedDate":"April 2021",
          "OverallStatus":"Enrolling by invitation",
          "ExpandedAccessInfo":{
            "HasExpandedAccess":"No"
          },
          "StartDateStruct":{
            "StartDate":"April 2021",
            "StartDateType":"Anticipated"
          },
          "PrimaryCompletionDateStruct":{
            "PrimaryCompletionDate":"April 2022",
            "PrimaryCompletionDateType":"Anticipated"
          },
          "CompletionDateStruct":{
            "CompletionDate":"June 2022",
            "CompletionDateType":"Anticipated"
          },
          "StudyFirstSubmitDate":"April 8, 2021",
          "StudyFirstSubmitQCDate":"April 8, 2021",
          "StudyFirstPostDateStruct":{
            "StudyFirstPostDate":"April 9, 2021",
            "StudyFirstPostDateType":"Actual"
          },
          "LastUpdateSubmitDate":"April 10, 2021",
          "LastUpdatePostDateStruct":{
            "LastUpdatePostDate":"April 14, 2021",
            "LastUpdatePostDateType":"Actual"
          }
        },
        "SponsorCollaboratorsModule":{
          "ResponsibleParty":{
            "ResponsiblePartyType":"Principal Investigator",
            "ResponsiblePartyInvestigatorFullName":"Taciser Kaya",
            "ResponsiblePartyInvestigatorTitle":"Associate professor, MD",
            "ResponsiblePartyInvestigatorAffiliation":"Bozyaka Training and Research Hospital"
          },
          "LeadSponsor":{
            "LeadSponsorName":"Bozyaka Training and Research Hospital",
            "LeadSponsorClass":"OTHER"
          }
        },
        "OversightModule":{
          "OversightHasDMC":"No",
          "IsFDARegulatedDrug":"No",
          "IsFDARegulatedDevice":"No"
        },
        "DescriptionModule":{
          "BriefSummary":"Investigators have aimed to estimate prevalence of neuropathic hand pain in RA patients and it's relation with sleep quality and sensory thresholds. For this purpose a case-control study design was planned. Age- and sex-matched control subjects will be chosen among individuals submitted to out-patient clinic with the complaint of nociceptive/mechanical pain other than in hand, lasting more than three months",
          "DetailedDescription":"Rheumatoid arthritis (RA) is a chronic, inflammatory rheumatic disease that predominantly affecting peripheral joints. Patients with RA are suffered from severe hand pain and functional loss because of synovitis in hand joints. The fact that patients with low disease activity may complain from hand pain suggests that pain is mediated by mechanisms other than inflammation. Contribution of central sensitization to pain sensation of RA patients is of interest currently. Several authors reported the neuropathic characteristics of hand pain in RA. Hand pain is primarily nociceptive in RA patients but the possibility of variances in cutaneous sensitivity due to nociceptive input from joints has been suggested. Increased sensitivity with light touch has been demonstrated over hands of RA patients. In RA patients, alterations in central processing of somatosensory function and allodynia over inflamed joints have been reported. Poor sleep quality is another issue for RA patients and it's association with pain was reported. However impact of neuropathic hand pain on sleep quality was not understood exactly probably due to the scarce of the studies investigating this association. Also, to the best of investigators' knowledge, the relation between neuropathic component of pain and sensory threshold alterations in rheumatoid hand was not studied to date.\n\nSo, investigators have aimed to estimate prevalence of neuropathic hand pain in RA patients and it's relation with sleep quality and sensory thresholds. For this purpose a case-control study design was planned. Age- and sex-matched control subjects will be chosen among individuals submitted to out-patient clinic with nociceptive/mechanical pain complaint other than in hand lasting more than three months. Also whether sensory thresholds in rheumatoid hands differ from healthy hands will be assessed. Participants in control group will be subjected to same exclusion criteria too.\n\nThis design will allow the investigators to determine whether hand pain in RA patients displays neuropathic character more frequently than any other chronic nociceptive pain does. Moreover, it will be possible to compare sensory thresholds between healthy and rheumatoid hand. RA patients diagnosed according to the 1987 American College of Rheumatology criteria will be recruited. Demographics and disease related variables will be recorded."
        },
        "ConditionsModule":{
          "ConditionList":{
            "Condition":[
              "Rheumatoid Arthritis"
            ]
          }
        },
        "DesignModule":{
          "StudyType":"Observational",
          "PatientRegistry":"No",
          "DesignInfo":{
            "DesignObservationalModelList":{
              "DesignObservationalModel":[
                "Case-Control"
              ]
            },
            "DesignTimePerspectiveList":{
              "DesignTimePerspective":[
                "Cross-Sectional"
              ]
            }
          },
          "EnrollmentInfo":{
            "EnrollmentCount":"300",
            "EnrollmentType":"Anticipated"
          }
        },
        "ArmsInterventionsModule":{
          "ArmGroupList":{
            "ArmGroup":[
              {
                "ArmGroupLabel":"RA patients",
                "ArmGroupDescription":"RA patients diagnosed according to the 1987 ACR Criteria",
                "ArmGroupInterventionList":{
                  "ArmGroupInterventionName":[
                    "Other: questionnaires and inventories"
                  ]
                }
              },{
                "ArmGroupLabel":"Control",
                "ArmGroupDescription":"Age- and sex-matched control subjects with nociceptive/mechanical pain complaint other than in hand, lasting more than three months",
                "ArmGroupInterventionList":{
                  "ArmGroupInterventionName":[
                    "Other: questionnaires and inventories"
                  ]
                }
              }
            ]
          },
          "InterventionList":{
            "Intervention":[
              {
                "InterventionType":"Other",
                "InterventionName":"questionnaires and inventories",
                "InterventionDescription":"questionnaires and inventories related to primary end secondary outcomes will be applied and physical examination will be performed.",
                "InterventionArmGroupLabelList":{
                  "InterventionArmGroupLabel":[
                    "Control",
                    "RA patients"
                  ]
                },
                "InterventionOtherNameList":{
                  "InterventionOtherName":[
                    "physical examination"
                  ]
                }
              }
            ]
          }
        },
        "OutcomesModule":{
          "PrimaryOutcomeList":{
            "PrimaryOutcome":[
              {
                "PrimaryOutcomeMeasure":"Neuropathic pain",
                "PrimaryOutcomeDescription":"It will be assessed using the painDETECT questionnaire. This questionnaire, contains nine questions all of which are selfreport. Seven items are rated on a six point Likert scale and thus are scored between 0-5. These seven questions query some sensations such as burning, tingling or prickling, allodynia, numbness etc. Apart from these seven items, one item assesses the radiation of pain and the other one item looks for the temporal characteristics of pain. A total score of 12 or less indicates neuropathic component is unlikely, 13-18 means possible neuropathic component and19 or greater means a neuropathic component is likely. Beside these, there are three items in a separate section measuring severity of pain at the time of evaluation, on average and maximum over the past month. This section is not taken into account in scoring",
                "PrimaryOutcomeTimeFrame":"Once, at baseline"
              },{
                "PrimaryOutcomeMeasure":"Sleep quality",
                "PrimaryOutcomeDescription":"It will be assessed using Pittsburgh Sleep Quality Index (PSQI). It was developed by Buysse and coworkers in 1989.\n\nThis index measures sleep quality quantitatively and covers 24 questions. Nineteen questions are self-rated and scoring is based on these self-rated questions, other five questions that rating by partner are not taken into account while calculating total score. Questionnaire measures seven domains; subjective sleep quality (question 6), sleep latency (question 2 and 5a), sleep duration (question 4), habitual sleep efficiency (question 1,3,4), sleep disturbances (question 5b-j), use of sleep medication (question 7), and daytime dysfunction (question 8 and 9) over the last month.\n\nSeven domain scores give a result on a 0 to 3 scale. To yield a total score the domain scores are summed. Total score varies between 0 and 21. Higher scores indicate worse sleep quality.",
                "PrimaryOutcomeTimeFrame":"Once, at baseline"
              }
            ]
          },
          "SecondaryOutcomeList":{
            "SecondaryOutcome":[
              {
                "SecondaryOutcomeMeasure":"Light touch-pressure threshold",
                "SecondaryOutcomeDescription":"It will be assessed using Semmes-Weinstein monofilament test composing of five filaments ranging in thickness from 2.83 to 6.65 mm and applying force ranging from 0.07 g to 300 g. The procedure is started by getting the thinnest filament in contact to relevant skin region. If it is not felt after three trials with same filament, examiner proceeds with the next more larger filament until touch felt by the patient.",
                "SecondaryOutcomeTimeFrame":"Once, at baseline"
              },{
                "SecondaryOutcomeMeasure":"Depression",
                "SecondaryOutcomeDescription":"It will be assessed using Beck Depression Inventory. It is is a 21-question multiple-choice self-report inventory quantifies the symptoms of depression. Each question is rated between 0 and 3 to reflect the intensity of statements. All points are summed arithmetically to obtain a total score which ranges between 0 and 63. Higher scores indicate more intense depressive symptoms.",
                "SecondaryOutcomeTimeFrame":"Once, at baseline"
              }
            ]
          }
        },
        "EligibilityModule":{
          "EligibilityCriteria":"Inclusion Criteria:\n\nBeing diagnosed with RA according to the 1987 ACR Criteria\nVisual Analogue Scale hand pain score ≥ 3\n\nExclusion Criteria:\n\nDiabetes mellitus, renal insufficiency, hypothyroidism\nCarpal tunnel syndrome, postherpetic neuralgia, cervical spinal cord compression\nCervical radiculopathy\nFibromyalgia\nMalignancy\nHand muscle weakness of even one grade on Medical Research Council Manual Muscle Testing scale\nUpper motor neuron sign on physical examination of hands\nPregnancy\nIn the last three months medical treatment leading to neuropathy (colchicine etc.)\nIn the last three months drug use for the treatment of fibromyalgia, depression or anxiety",
          "HealthyVolunteers":"No",
          "Gender":"All",
          "MinimumAge":"18 Years",
          "MaximumAge":"70 Years",
          "StdAgeList":{
            "StdAge":[
              "Adult",
              "Older Adult"
            ]
          },
          "StudyPopulation":"RA patients having hand pain with severity of 3 or more on 100 mm VAS and age- and sex-matched control subjects will be chosen among individuals submitting to our out-patient clinic with nociceptive/mechanical pain complaint lasting more than three months",
          "SamplingMethod":"Non-Probability Sample"
        },
        "ContactsLocationsModule":{
          "OverallOfficialList":{
            "OverallOfficial":[
              {
                "OverallOfficialName":"Taciser Kaya, Assoc. prof",
                "OverallOfficialAffiliation":"Izmir Bozyaka Training and Reseach Hospital",
                "OverallOfficialRole":"Principal Investigator"
              }
            ]
          },
          "LocationList":{
            "Location":[
              {
                "LocationFacility":"Izmir Bozyaka Training and Research Hospital",
                "LocationCity":"Izmir",
                "LocationCountry":"Turkey"
              }
            ]
          }
        },
        "ReferencesModule":{
          "ReferenceList":{
            "Reference":[
              {
                "ReferencePMID":"26335941",
                "ReferenceType":"background",
                "ReferenceCitation":"Koop SM, ten Klooster PM, Vonkeman HE, Steunebrink LM, van de Laar MA. Neuropathic-like pain features and cross-sectional associations in rheumatoid arthritis. Arthritis Res Ther. 2015 Sep 3;17:237. doi: 10.1186/s13075-015-0761-8."
              },{
                "ReferencePMID":"25600850",
                "ReferenceType":"background",
                "ReferenceCitation":"Joharatnam N, McWilliams DF, Wilson D, Wheeler M, Pande I, Walsh DA. A cross-sectional study of pain sensitivity, disease-activity assessment, mental health, and fibromyalgia status in rheumatoid arthritis. Arthritis Res Ther. 2015 Jan 20;17:11. doi: 10.1186/s13075-015-0525-5."
              },{
                "ReferencePMID":"25620673",
                "ReferenceType":"background",
                "ReferenceCitation":"Løppenthin K, Esbensen BA, Jennum P, Østergaard M, Tolver A, Thomsen T, Midtgaard J. Sleep quality and correlates of poor sleep in patients with rheumatoid arthritis. Clin Rheumatol. 2015 Dec;34(12):2029-39. doi: 10.1007/s10067-015-2875-4. Epub 2015 Jan 27."
              },{
                "ReferencePMID":"22243555",
                "ReferenceType":"background",
                "ReferenceCitation":"Ulus Y, Akyol Y, Tander B, Durmus D, Bilgici A, Kuru O. Sleep quality in fibromyalgia and rheumatoid arthritis: associations with pain, fatigue, depression, and disease activity. Clin Exp Rheumatol. 2011 Nov-Dec;29(6 Suppl 69):S92-6. Epub 2012 Jan 3."
              }
            ]
          }
        }
      },
      "DerivedSection":{
        "MiscInfoModule":{
          "VersionHolder":"April 19, 2021"
        },
        "ConditionBrowseModule":{
          "ConditionMeshList":{
            "ConditionMesh":[
              {
                "ConditionMeshId":"D000001168",
                "ConditionMeshTerm":"Arthritis"
              },{
                "ConditionMeshId":"D000001172",
                "ConditionMeshTerm":"Arthritis, Rheumatoid"
              }
            ]
          },
          "ConditionAncestorList":{
            "ConditionAncestor":[
              {
                "ConditionAncestorId":"D000007592",
                "ConditionAncestorTerm":"Joint Diseases"
              },{
                "ConditionAncestorId":"D000009140",
                "ConditionAncestorTerm":"Musculoskeletal Diseases"
              },{
                "ConditionAncestorId":"D000012216",
                "ConditionAncestorTerm":"Rheumatic Diseases"
              },{
                "ConditionAncestorId":"D000003240",
                "ConditionAncestorTerm":"Connective Tissue Diseases"
              },{
                "ConditionAncestorId":"D000001327",
                "ConditionAncestorTerm":"Autoimmune Diseases"
              },{
                "ConditionAncestorId":"D000007154",
                "ConditionAncestorTerm":"Immune System Diseases"
              }
            ]
          },
          "ConditionBrowseLeafList":{
            "ConditionBrowseLeaf":[
              {
                "ConditionBrowseLeafId":"M3057",
                "ConditionBrowseLeafName":"Arthritis",
                "ConditionBrowseLeafAsFound":"Arthritis",
                "ConditionBrowseLeafRelevance":"high"
              },{
                "ConditionBrowseLeafId":"M3061",
                "ConditionBrowseLeafName":"Arthritis, Rheumatoid",
                "ConditionBrowseLeafAsFound":"Rheumatoid Arthritis",
                "ConditionBrowseLeafRelevance":"high"
              },{
                "ConditionBrowseLeafId":"M11649",
                "ConditionBrowseLeafName":"Pain",
                "ConditionBrowseLeafRelevance":"low"
              },{
                "ConditionBrowseLeafId":"M9204",
                "ConditionBrowseLeafName":"Joint Diseases",
                "ConditionBrowseLeafRelevance":"low"
              },{
                "ConditionBrowseLeafId":"M10680",
                "ConditionBrowseLeafName":"Musculoskeletal Diseases",
                "ConditionBrowseLeafRelevance":"low"
              },{
                "ConditionBrowseLeafId":"M13628",
                "ConditionBrowseLeafName":"Rheumatic Diseases",
                "ConditionBrowseLeafRelevance":"low"
              },{
                "ConditionBrowseLeafId":"M4906",
                "ConditionBrowseLeafName":"Collagen Diseases",
                "ConditionBrowseLeafRelevance":"low"
              },{
                "ConditionBrowseLeafId":"M5047",
                "ConditionBrowseLeafName":"Connective Tissue Diseases",
                "ConditionBrowseLeafRelevance":"low"
              },{
                "ConditionBrowseLeafId":"M3210",
                "ConditionBrowseLeafName":"Autoimmune Diseases",
                "ConditionBrowseLeafRelevance":"low"
              },{
                "ConditionBrowseLeafId":"M8783",
                "ConditionBrowseLeafName":"Immune System Diseases",
                "ConditionBrowseLeafRelevance":"low"
              }
            ]
          },
          "ConditionBrowseBranchList":{
            "ConditionBrowseBranch":[
              {
                "ConditionBrowseBranchAbbrev":"BC05",
                "ConditionBrowseBranchName":"Muscle, Bone, and Cartilage Diseases"
              },{
                "ConditionBrowseBranchAbbrev":"All",
                "ConditionBrowseBranchName":"All Conditions"
              },{
                "ConditionBrowseBranchAbbrev":"BC17",
                "ConditionBrowseBranchName":"Skin and Connective Tissue Diseases"
              },{
                "ConditionBrowseBranchAbbrev":"BC20",
                "ConditionBrowseBranchName":"Immune System Diseases"
              },{
                "ConditionBrowseBranchAbbrev":"BC23",
                "ConditionBrowseBranchName":"Symptoms and General Pathology"
              }
            ]
          }
        }
      }
    }
  }
}

