{
  "FullStudy":{
    "Rank":779,
    "Study":{
      "ProtocolSection":{
        "IdentificationModule":{
          "NCTId":"NCT04839822",
          "OrgStudyIdInfo":{
            "OrgStudyId":"2471/2020"
          },
          "Organization":{
            "OrgFullName":"Medical University of Vienna",
            "OrgClass":"OTHER"
          },
          "BriefTitle":"Efficacy of Edupression.Com® in Depressive Patients",
          "OfficialTitle":"Efficacy of the Digital Self-help Programme Edupression.Com® Evaluated Within a Randomized Controlled Trial in Mild to Moderate Unipolar Depressive Patients",
          "Acronym":"eFICASY"
        },
        "StatusModule":{
          "StatusVerifiedDate":"April 2021",
          "OverallStatus":"Not yet recruiting",
          "ExpandedAccessInfo":{
            "HasExpandedAccess":"No"
          },
          "StartDateStruct":{
            "StartDate":"April 12, 2021",
            "StartDateType":"Anticipated"
          },
          "PrimaryCompletionDateStruct":{
            "PrimaryCompletionDate":"April 11, 2022",
            "PrimaryCompletionDateType":"Anticipated"
          },
          "CompletionDateStruct":{
            "CompletionDate":"April 11, 2022",
            "CompletionDateType":"Anticipated"
          },
          "StudyFirstSubmitDate":"April 7, 2021",
          "StudyFirstSubmitQCDate":"April 8, 2021",
          "StudyFirstPostDateStruct":{
            "StudyFirstPostDate":"April 9, 2021",
            "StudyFirstPostDateType":"Actual"
          },
          "LastUpdateSubmitDate":"April 12, 2021",
          "LastUpdatePostDateStruct":{
            "LastUpdatePostDate":"April 15, 2021",
            "LastUpdatePostDateType":"Actual"
          }
        },
        "SponsorCollaboratorsModule":{
          "ResponsibleParty":{
            "ResponsiblePartyType":"Principal Investigator",
            "ResponsiblePartyInvestigatorFullName":"Lukas Pezawas",
            "ResponsiblePartyInvestigatorTitle":"Assoc.Prof. Priv.Doz. Dr.",
            "ResponsiblePartyInvestigatorAffiliation":"Medical University of Vienna"
          },
          "LeadSponsor":{
            "LeadSponsorName":"Medical University of Vienna",
            "LeadSponsorClass":"OTHER"
          }
        },
        "OversightModule":{
          "OversightHasDMC":"Yes",
          "IsFDARegulatedDrug":"No",
          "IsFDARegulatedDevice":"No"
        },
        "DescriptionModule":{
          "BriefSummary":"The aim of the study is to investigate the efficacy and adherence of the digital self-help programme edupression.com®.",
          "DetailedDescription":"The edupression.com® self-help app is an evidence-based low-level psychosocial intervention, which a can be used as as monotherapy as first-line treatment in mild to moderate depressive patients or as complimentary treatment independent of previous therapy response or depression severity. The two foundations of edupression.com® are evidence-based psychoeducation with CBT elements, as well as self-monitoring in the mood chart. Evidence for the efficacy of this approach stems from a large body of literature regarding eHealth applications in depression.\n\nThis study's aim is to investigate edupression.com®'s capability to improve the illness course directly by reducing depressive symptoms (primary objective) and indirectly by fostering illness perception and daily functioning. The reduction of relapse risk and other preventive effects expected from other studies are beyond the time frame of this study. Beyond the evaluation of edupression.com®, this study could elucidate the general role of psychoeducation and mood tracking in online mental health to improve depression symptoms and adherence.\n\nObjectives: The primary objective is to test the clinical efficacy (at least 50% symptom reduction over a 3-month period) of edupression.com® in mild to moderate unipolar depressed patients.\n\nStudy Design: The study design of this clinical trial is consistent with a monocentric, prospective, longitudinal, randomized controlled clinical trial. Patients, currently diagnosed with a mild to moderate major depressive episode (MDE) will be invited to use the digital self-help programme.\n\nFollowing the inclusion procedure, patients will be randomly assigned in a 1:1 ratio to two different treatment arms (A vs. B). Participants of the intervention arm will get full access to the edupression.com® website, while participants of the control arm will get access to a control version of edupression.com® limited to medically useful tips, that have not been shown to be effective in improving depressive symptoms in RCTs."
        },
        "ConditionsModule":{
          "ConditionList":{
            "Condition":[
              "Depressive; Episode, Major",
              "Recurrent Depressive Disorder, Current Episode Moderate",
              "Recurrent Depressive Disorder, Current Episode Mild"
            ]
          },
          "KeywordList":{
            "Keyword":[
              "Depression",
              "Internet-Based Intervention",
              "Mobile Applications"
            ]
          }
        },
        "DesignModule":{
          "StudyType":"Interventional",
          "PhaseList":{
            "Phase":[
              "Not Applicable"
            ]
          },
          "DesignInfo":{
            "DesignAllocation":"Randomized",
            "DesignInterventionModel":"Parallel Assignment",
            "DesignPrimaryPurpose":"Treatment",
            "DesignMaskingInfo":{
              "DesignMasking":"Single",
              "DesignMaskingDescription":"Participants are blinded with respect to the study arm and will unlikely determine if they are part of the intervention or active control.",
              "DesignWhoMaskedList":{
                "DesignWhoMasked":[
                  "Participant"
                ]
              }
            }
          },
          "EnrollmentInfo":{
            "EnrollmentCount":"154",
            "EnrollmentType":"Anticipated"
          }
        },
        "ArmsInterventionsModule":{
          "ArmGroupList":{
            "ArmGroup":[
              {
                "ArmGroupLabel":"Intervention Arm: Psychoeducation with elements of CBT & mood chart.",
                "ArmGroupType":"Experimental",
                "ArmGroupDescription":"Patients will receive full access to edupression.com® immediately after inclusion. This intervention includes all medical mechanisms of action of edupression.com®: Psychoeducation with elements of CBT (learning content and exercises) and a mood chart (depression symptom monitoring).",
                "ArmGroupInterventionList":{
                  "ArmGroupInterventionName":[
                    "Other: edupression.com®"
                  ]
                }
              },{
                "ArmGroupLabel":"Active control arm: (occupational) interventions and progress monitoring.",
                "ArmGroupType":"Active Comparator",
                "ArmGroupDescription":"These patients will also receive an edupression.com® account with different content. This content will be limited to medically useful tips, that have have not been shown to be effective in improving depressive symptoms in RCTs. Patients of both arms will be instructed to use chat functions to contact study personnel and to fill out questionnaires and tests to collect outcome and additional measures.",
                "ArmGroupInterventionList":{
                  "ArmGroupInterventionName":[
                    "Other: Health tips",
                    "Diagnostic Test: Surveys",
                    "Other: Popular psychological interventions"
                  ]
                }
              }
            ]
          },
          "InterventionList":{
            "Intervention":[
              {
                "InterventionType":"Other",
                "InterventionName":"edupression.com®",
                "InterventionDescription":"Edupression.com® is an evidence-based self-help program that was developed for the treatment of mild to moderate unipolar depression. It is based on two core foundations, psychoeducation with elements of cognitive behavior therapy (CBT) and a mood chart. Both foundations are registered as a medical product. As such, detailed risk management documentation includes probability and severity of adverse events. Moreover, detailed strategies such as warnings were implemented in the software and documented accordingly.\n\nIt can be used on a PC as well as on mobile devices (browser, App) at any time.",
                "InterventionArmGroupLabelList":{
                  "InterventionArmGroupLabel":[
                    "Intervention Arm: Psychoeducation with elements of CBT & mood chart."
                  ]
                }
              },{
                "InterventionType":"Other",
                "InterventionName":"Health tips",
                "InterventionDescription":"Interventions that do not directly target depression: general health tips (diet, lifestyle, smoking, etc.), occupational health interventions (back pain prevention, breaks,...), etc.",
                "InterventionArmGroupLabelList":{
                  "InterventionArmGroupLabel":[
                    "Active control arm: (occupational) interventions and progress monitoring."
                  ]
                }
              },{
                "InterventionType":"Diagnostic Test",
                "InterventionName":"Surveys",
                "InterventionDescription":"Quizzes and surveys for course monitoring (including suicidality), but without extensive reports.",
                "InterventionArmGroupLabelList":{
                  "InterventionArmGroupLabel":[
                    "Active control arm: (occupational) interventions and progress monitoring."
                  ]
                }
              },{
                "InterventionType":"Other",
                "InterventionName":"Popular psychological interventions",
                "InterventionDescription":"Popular psychological interventions, which have not been shown to be effective in studies: Affirmation phrases, motivational sayings and quotes (known also from calendars), tests (e.g., Rorschach interpretation), exercises (emotion recognition in IAPS faces), multimedia content (pleasant music, landscape images, interviews of famous people with depression), etc.",
                "InterventionArmGroupLabelList":{
                  "InterventionArmGroupLabel":[
                    "Active control arm: (occupational) interventions and progress monitoring."
                  ]
                }
              }
            ]
          }
        },
        "OutcomesModule":{
          "PrimaryOutcomeList":{
            "PrimaryOutcome":[
              {
                "PrimaryOutcomeMeasure":"Therapy response",
                "PrimaryOutcomeDescription":"Depression severity change from baseline to EOS [Time Frame: 3 months], compared between treatment vs. control arm measured with the Patient Health Questionnaire. Patient Health Questionnaire scores range from 0 to 27, with a higher score being associated with a higher level of depression.",
                "PrimaryOutcomeTimeFrame":"3 months"
              }
            ]
          },
          "SecondaryOutcomeList":{
            "SecondaryOutcome":[
              {
                "SecondaryOutcomeMeasure":"Early change of depression scores",
                "SecondaryOutcomeDescription":"Depression severity change from baseline to all timepoints assessed measured with the Patient Health Questionnaire. Patient Health Questionnaire scores range from 0 to 27, with a higher score being associated with a higher level of depression.",
                "SecondaryOutcomeTimeFrame":"2 weeks, 1, 2, 3 months"
              },{
                "SecondaryOutcomeMeasure":"Adherence",
                "SecondaryOutcomeDescription":"Influence of five determining factors (age, sex, educational level, internet use, two cognitive tests: n-back and stroop and attitudes towards online interventions) on edupression.com® adherence until EOS measured with the total time spend [minutes] in the program.",
                "SecondaryOutcomeTimeFrame":"3 months"
              },{
                "SecondaryOutcomeMeasure":"Number of participants with additional psychotherapy usage",
                "SecondaryOutcomeDescription":"Psychotherapy initiated from baseline to EOS compared between treatment vs. control arm.",
                "SecondaryOutcomeTimeFrame":"3 months"
              },{
                "SecondaryOutcomeMeasure":"Number of participants with additional drug treatment",
                "SecondaryOutcomeDescription":"Antidepressant drug therapy initiated from baseline to EOS compared between treatment vs. control arm.",
                "SecondaryOutcomeTimeFrame":"3 months"
              }
            ]
          }
        },
        "EligibilityModule":{
          "EligibilityCriteria":"Inclusion Criteria:\n\nMale/female\nAge 18-65 years\nICD-10 diagnosis F32.0 & F32.1, depressive episode mild & moderate & F33.0 & F33.1, Recurrent depressive disorder mild & moderate (M.I.N.I.)\nPHQ-9 score ≥5\nability to be managed as outpatients\nadherence to the study protocol incl. willingness and minimal experience to understand instructions for edupression.com®\n\nExclusion Criteria:\n\nprevious or concurrent major medical or neurological illness\nany history of non-response to either psychotherapy/eHealth interventions (min. 3 month) or medication (min. 6 weeks, adequate antidepressive drug dosing) or any kind of therapy resistance\nparticipants in the active phase of other interventional studies\nICD-10 diagnosis of substance dependence within the past year, except for caffeine or nicotine or current substance abuse\nICD-10 diagnosis of schizophrenia, schizoaffective disorder, bipolar affective disorder, persistent mood disorders, or an anxiety disorder\nbeing acutely suicidal either indicated by a score ≥3 on item 9 (suicidal thoughts) on the PHQ-9 or according to the investigator´s opinion\nfailures to comply with the study protocol or to follow the instructions of the investigating team",
          "HealthyVolunteers":"No",
          "Gender":"All",
          "MinimumAge":"18 Years",
          "MaximumAge":"65 Years",
          "StdAgeList":{
            "StdAge":[
              "Adult",
              "Older Adult"
            ]
          }
        },
        "ContactsLocationsModule":{
          "CentralContactList":{
            "CentralContact":[
              {
                "CentralContactName":"Lukas M Pezawas, MD, Prof.",
                "CentralContactRole":"Contact",
                "CentralContactPhone":"004314040035470",
                "CentralContactEMail":"lukas.pezawas@meduniwien.ac.at"
              },{
                "CentralContactName":"Gabriele Fischer, MD, Prof.",
                "CentralContactRole":"Contact",
                "CentralContactPhone":"004314040035470",
                "CentralContactEMail":"gabriele.fischer@meduniwien.ac.at"
              }
            ]
          },
          "OverallOfficialList":{
            "OverallOfficial":[
              {
                "OverallOfficialName":"Markus Dold, MD, Priv.Doz.",
                "OverallOfficialAffiliation":"Medical University of Vienna",
                "OverallOfficialRole":"Study Chair"
              },{
                "OverallOfficialName":"Lukas M Pezawas, MD, Prof.",
                "OverallOfficialAffiliation":"Medical University of Vienna",
                "OverallOfficialRole":"Principal Investigator"
              },{
                "OverallOfficialName":"Gabriele Fischer, MD, Prof.",
                "OverallOfficialAffiliation":"Medical University of Vienna",
                "OverallOfficialRole":"Study Chair"
              }
            ]
          }
        },
        "ReferencesModule":{
          "ReferenceList":{
            "Reference":[
              {
                "ReferencePMID":"32553848",
                "ReferenceType":"background",
                "ReferenceCitation":"Huckvale K, Nicholas J, Torous J, Larsen ME. Smartphone apps for the treatment of mental health conditions: status and considerations. Curr Opin Psychol. 2020 Dec;36:65-70. doi: 10.1016/j.copsyc.2020.04.008. Epub 2020 May 4. Review."
              },{
                "ReferencePMID":"31675391",
                "ReferenceType":"background",
                "ReferenceCitation":"Park C, Zhu J, Ho Chun Man R, Rosenblat JD, Iacobucci M, Gill H, Mansur RB, McIntyre RS. Smartphone applications for the treatment of depressive symptoms: A meta-analysis and qualitative review. Ann Clin Psychiatry. 2020 Feb;32(1):48-68. Review."
              },{
                "ReferencePMID":"29422409",
                "ReferenceType":"background",
                "ReferenceCitation":"Andrews G, Basu A, Cuijpers P, Craske MG, McEvoy P, English CL, Newby JM. Computer therapy for the anxiety and depression disorders is effective, acceptable and practical health care: An updated meta-analysis. J Anxiety Disord. 2018 Apr;55:70-78. doi: 10.1016/j.janxdis.2018.01.001. Epub 2018 Feb 1. Review."
              },{
                "ReferencePMID":"21712998",
                "ReferenceType":"background",
                "ReferenceCitation":"Cuijpers P, Donker T, Johansson R, Mohr DC, van Straten A, Andersson G. Self-guided psychological treatment for depressive symptoms: a meta-analysis. PLoS One. 2011;6(6):e21274. doi: 10.1371/journal.pone.0021274. Epub 2011 Jun 21."
              },{
                "ReferencePMID":"11556941",
                "ReferenceType":"background",
                "ReferenceCitation":"Kroenke K, Spitzer RL, Williams JB. The PHQ-9: validity of a brief depression severity measure. J Gen Intern Med. 2001 Sep;16(9):606-13."
              },{
                "ReferencePMID":"25547711",
                "ReferenceType":"background",
                "ReferenceCitation":"Etkin A, Patenaude B, Song YJ, Usherwood T, Rekshan W, Schatzberg AF, Rush AJ, Williams LM. A cognitive-emotional biomarker for predicting remission with antidepressant medications: a report from the iSPOT-D trial. Neuropsychopharmacology. 2015 May;40(6):1332-42. doi: 10.1038/npp.2014.333. Epub 2014 Dec 30."
              },{
                "ReferencePMID":"27405091",
                "ReferenceType":"background",
                "ReferenceCitation":"Ben-Haim MS, Williams P, Howard Z, Mama Y, Eidels A, Algom D. The Emotional Stroop Task: Assessing Cognitive Performance under Exposure to Emotional Content. J Vis Exp. 2016 Jun 29;(112). doi: 10.3791/53720."
              },{
                "ReferencePMID":"26331687",
                "ReferenceType":"background",
                "ReferenceCitation":"Schröder J, Sautier L, Kriston L, Berger T, Meyer B, Späth C, Köther U, Nestoriuc Y, Klein JP, Moritz S. Development of a questionnaire measuring Attitudes towards Psychological Online Interventions-the APOI. J Affect Disord. 2015 Nov 15;187:136-41. doi: 10.1016/j.jad.2015.08.044. Epub 2015 Aug 28."
              }
            ]
          }
        },
        "IPDSharingStatementModule":{
          "IPDSharing":"No"
        }
      },
      "DerivedSection":{
        "MiscInfoModule":{
          "VersionHolder":"April 19, 2021"
        },
        "ConditionBrowseModule":{
          "ConditionMeshList":{
            "ConditionMesh":[
              {
                "ConditionMeshId":"D000004194",
                "ConditionMeshTerm":"Disease"
              },{
                "ConditionMeshId":"D000003866",
                "ConditionMeshTerm":"Depressive Disorder"
              },{
                "ConditionMeshId":"D000003863",
                "ConditionMeshTerm":"Depression"
              }
            ]
          },
          "ConditionAncestorList":{
            "ConditionAncestor":[
              {
                "ConditionAncestorId":"D000010335",
                "ConditionAncestorTerm":"Pathologic Processes"
              },{
                "ConditionAncestorId":"D000019964",
                "ConditionAncestorTerm":"Mood Disorders"
              },{
                "ConditionAncestorId":"D000001523",
                "ConditionAncestorTerm":"Mental Disorders"
              },{
                "ConditionAncestorId":"D000001526",
                "ConditionAncestorTerm":"Behavioral Symptoms"
              }
            ]
          },
          "ConditionBrowseLeafList":{
            "ConditionBrowseLeaf":[
              {
                "ConditionBrowseLeafId":"M5641",
                "ConditionBrowseLeafName":"Depression",
                "ConditionBrowseLeafAsFound":"Depressive Disorder",
                "ConditionBrowseLeafRelevance":"high"
              },{
                "ConditionBrowseLeafId":"M5644",
                "ConditionBrowseLeafName":"Depressive Disorder",
                "ConditionBrowseLeafAsFound":"Depressive Disorder",
                "ConditionBrowseLeafRelevance":"high"
              },{
                "ConditionBrowseLeafId":"M20419",
                "ConditionBrowseLeafName":"Mood Disorders",
                "ConditionBrowseLeafRelevance":"low"
              },{
                "ConditionBrowseLeafId":"M3396",
                "ConditionBrowseLeafName":"Mental Disorders",
                "ConditionBrowseLeafRelevance":"low"
              },{
                "ConditionBrowseLeafId":"M13056",
                "ConditionBrowseLeafName":"Psychotic Disorders",
                "ConditionBrowseLeafRelevance":"low"
              },{
                "ConditionBrowseLeafId":"M3399",
                "ConditionBrowseLeafName":"Behavioral Symptoms",
                "ConditionBrowseLeafRelevance":"low"
              }
            ]
          },
          "ConditionBrowseBranchList":{
            "ConditionBrowseBranch":[
              {
                "ConditionBrowseBranchAbbrev":"BXM",
                "ConditionBrowseBranchName":"Behaviors and Mental Disorders"
              },{
                "ConditionBrowseBranchAbbrev":"All",
                "ConditionBrowseBranchName":"All Conditions"
              }
            ]
          }
        }
      }
    }
  }
}

