{
  "FullStudy":{
    "Rank":1127,
    "Study":{
      "ProtocolSection":{
        "IdentificationModule":{
          "NCTId":"NCT04835298",
          "OrgStudyIdInfo":{
            "OrgStudyId":"PO20065*"
          },
          "Organization":{
            "OrgFullName":"CHU de Reims",
            "OrgClass":"OTHER"
          },
          "BriefTitle":"Breathlessness Assessment in Adult Patients With Myotonic Dystrophy Type 1",
          "OfficialTitle":"Characters) Dyspnea Assessment in Adult Patients With Myotonic Dystrophy Type 1: a Monocentric Pilot Study"
        },
        "StatusModule":{
          "StatusVerifiedDate":"April 2021",
          "OverallStatus":"Recruiting",
          "ExpandedAccessInfo":{
            "HasExpandedAccess":"No"
          },
          "StartDateStruct":{
            "StartDate":"July 3, 2020",
            "StartDateType":"Actual"
          },
          "PrimaryCompletionDateStruct":{
            "PrimaryCompletionDate":"July 3, 2022",
            "PrimaryCompletionDateType":"Anticipated"
          },
          "CompletionDateStruct":{
            "CompletionDate":"July 3, 2023",
            "CompletionDateType":"Anticipated"
          },
          "StudyFirstSubmitDate":"March 31, 2021",
          "StudyFirstSubmitQCDate":"April 6, 2021",
          "StudyFirstPostDateStruct":{
            "StudyFirstPostDate":"April 8, 2021",
            "StudyFirstPostDateType":"Actual"
          },
          "LastUpdateSubmitDate":"April 6, 2021",
          "LastUpdatePostDateStruct":{
            "LastUpdatePostDate":"April 8, 2021",
            "LastUpdatePostDateType":"Actual"
          }
        },
        "SponsorCollaboratorsModule":{
          "ResponsibleParty":{
            "ResponsiblePartyType":"Sponsor"
          },
          "LeadSponsor":{
            "LeadSponsorName":"CHU de Reims",
            "LeadSponsorClass":"OTHER"
          }
        },
        "OversightModule":{
          "OversightHasDMC":"No",
          "IsFDARegulatedDrug":"No",
          "IsFDARegulatedDevice":"No"
        },
        "DescriptionModule":{
          "BriefSummary":"Myotonic dystrophy type 1 (DM1) is one of the most common neuromuscular diseases in adults. As respiratory dysfunction is the most common cause of death in patients with DM1, a respiratory disease progression must be monitored combining symptom screening and respiratory function testing, in order to identify the appropriate time to initiate non invasive ventilation (NIV).\n\nDyspnea, one of the main respiratory symptoms, has been little studied in patients with DM1.\n\nThe main objective of this study is to provide the first multidimensional description of dyspnea in patients with DM1.\n\nThe secondary objectives are:\n\nTo compare respiratory symptoms according to the presence or not of criteria from respiratory function testing to initiate NIV\nTo assess associations between dyspnea and respiratory function testing\nTo assess associations between dyspnea and number of Cytosine Thymine Guanine (CTG) repeats\nTo assess associations between dyspnea and muscular strength\nTo assess associations between dyspnea and BMI\nTo assess associations between dyspnea and anxiety or depression\nTo assess associations between dyspnea and cognitive impairment\nTo assess associations between dyspnea and quality of life."
        },
        "ConditionsModule":{
          "ConditionList":{
            "Condition":[
              "Myotonic Dystrophy Type 1 (DM1)"
            ]
          }
        },
        "DesignModule":{
          "StudyType":"Observational",
          "PatientRegistry":"No",
          "DesignInfo":{
            "DesignObservationalModelList":{
              "DesignObservationalModel":[
                "Case-Only"
              ]
            },
            "DesignTimePerspectiveList":{
              "DesignTimePerspective":[
                "Prospective"
              ]
            }
          },
          "EnrollmentInfo":{
            "EnrollmentCount":"80",
            "EnrollmentType":"Anticipated"
          }
        },
        "ArmsInterventionsModule":{
          "ArmGroupList":{
            "ArmGroup":[
              {
                "ArmGroupLabel":"Myotonic dystrophy type 1",
                "ArmGroupDescription":"adult patients with myotonic dystrophy type 1",
                "ArmGroupInterventionList":{
                  "ArmGroupInterventionName":[
                    "Other: Dyspnea"
                  ]
                }
              }
            ]
          },
          "InterventionList":{
            "Intervention":[
              {
                "InterventionType":"Other",
                "InterventionName":"Dyspnea",
                "InterventionDescription":"questionnaires",
                "InterventionArmGroupLabelList":{
                  "InterventionArmGroupLabel":[
                    "Myotonic dystrophy type 1"
                  ]
                }
              }
            ]
          }
        },
        "OutcomesModule":{
          "PrimaryOutcomeList":{
            "PrimaryOutcome":[
              {
                "PrimaryOutcomeMeasure":"Dyspnea",
                "PrimaryOutcomeDescription":"Borg scale at rest and after 6 minute walking test",
                "PrimaryOutcomeTimeFrame":"Month 6"
              }
            ]
          }
        },
        "EligibilityModule":{
          "EligibilityCriteria":"Inclusion Criteria:\n\npatient with myotonic dystrophy type 1 confirmed by genetic analysis\nwith an age older than 18 years\n\nExclusion Criteria:\n\nan ongoing or recent (i.e. within the last 4 weeks prior to study recruitment) medical condition, including pulmonary exacerbations\npatient already under non-invasive mechanical ventilation",
          "HealthyVolunteers":"No",
          "Gender":"All",
          "MinimumAge":"18 Years",
          "StdAgeList":{
            "StdAge":[
              "Adult",
              "Older Adult"
            ]
          },
          "StudyPopulation":"adult patients with myotonic dystrophy type 1",
          "SamplingMethod":"Non-Probability Sample"
        },
        "ContactsLocationsModule":{
          "CentralContactList":{
            "CentralContact":[
              {
                "CentralContactName":"Claire Launois",
                "CentralContactRole":"Contact",
                "CentralContactPhone":"3 26 78 83 70",
                "CentralContactPhoneExt":"0033",
                "CentralContactEMail":"claunois@chu-reims.fr"
              }
            ]
          },
          "LocationList":{
            "Location":[
              {
                "LocationFacility":"Chu Reims",
                "LocationStatus":"Recruiting",
                "LocationCity":"Reims",
                "LocationZip":"51092",
                "LocationCountry":"France",
                "LocationContactList":{
                  "LocationContact":[
                    {
                      "LocationContactName":"Damien JOLLY",
                      "LocationContactRole":"Contact",
                      "LocationContactPhone":"326788472",
                      "LocationContactPhoneExt":"33",
                      "LocationContactEMail":"djolly@chu-reims.fr"
                    }
                  ]
                }
              }
            ]
          }
        },
        "IPDSharingStatementModule":{
          "IPDSharing":"Undecided"
        }
      },
      "DerivedSection":{
        "MiscInfoModule":{
          "VersionHolder":"April 19, 2021"
        },
        "ConditionBrowseModule":{
          "ConditionMeshList":{
            "ConditionMesh":[
              {
                "ConditionMeshId":"D000009223",
                "ConditionMeshTerm":"Myotonic Dystrophy"
              }
            ]
          },
          "ConditionAncestorList":{
            "ConditionAncestor":[
              {
                "ConditionAncestorId":"D000009136",
                "ConditionAncestorTerm":"Muscular Dystrophies"
              },{
                "ConditionAncestorId":"D000020966",
                "ConditionAncestorTerm":"Muscular Disorders, Atrophic"
              },{
                "ConditionAncestorId":"D000009135",
                "ConditionAncestorTerm":"Muscular Diseases"
              },{
                "ConditionAncestorId":"D000009140",
                "ConditionAncestorTerm":"Musculoskeletal Diseases"
              },{
                "ConditionAncestorId":"D000020967",
                "ConditionAncestorTerm":"Myotonic Disorders"
              },{
                "ConditionAncestorId":"D000020271",
                "ConditionAncestorTerm":"Heredodegenerative Disorders, Nervous System"
              },{
                "ConditionAncestorId":"D000019636",
                "ConditionAncestorTerm":"Neurodegenerative Diseases"
              },{
                "ConditionAncestorId":"D000009422",
                "ConditionAncestorTerm":"Nervous System Diseases"
              },{
                "ConditionAncestorId":"D000009468",
                "ConditionAncestorTerm":"Neuromuscular Diseases"
              },{
                "ConditionAncestorId":"D000030342",
                "ConditionAncestorTerm":"Genetic Diseases, Inborn"
              }
            ]
          },
          "ConditionBrowseLeafList":{
            "ConditionBrowseLeaf":[
              {
                "ConditionBrowseLeafId":"M6174",
                "ConditionBrowseLeafName":"Dyspnea",
                "ConditionBrowseLeafRelevance":"low"
              },{
                "ConditionBrowseLeafId":"M10758",
                "ConditionBrowseLeafName":"Myotonic Dystrophy",
                "ConditionBrowseLeafAsFound":"Myotonic Dystrophy",
                "ConditionBrowseLeafRelevance":"high"
              },{
                "ConditionBrowseLeafId":"M10676",
                "ConditionBrowseLeafName":"Muscular Dystrophies",
                "ConditionBrowseLeafRelevance":"low"
              },{
                "ConditionBrowseLeafId":"M3170",
                "ConditionBrowseLeafName":"Atrophy",
                "ConditionBrowseLeafRelevance":"low"
              },{
                "ConditionBrowseLeafId":"M10675",
                "ConditionBrowseLeafName":"Muscular Diseases",
                "ConditionBrowseLeafRelevance":"low"
              },{
                "ConditionBrowseLeafId":"M21281",
                "ConditionBrowseLeafName":"Muscular Disorders, Atrophic",
                "ConditionBrowseLeafRelevance":"low"
              },{
                "ConditionBrowseLeafId":"M10680",
                "ConditionBrowseLeafName":"Musculoskeletal Diseases",
                "ConditionBrowseLeafRelevance":"low"
              },{
                "ConditionBrowseLeafId":"M21282",
                "ConditionBrowseLeafName":"Myotonic Disorders",
                "ConditionBrowseLeafRelevance":"low"
              },{
                "ConditionBrowseLeafId":"M20676",
                "ConditionBrowseLeafName":"Heredodegenerative Disorders, Nervous System",
                "ConditionBrowseLeafRelevance":"low"
              },{
                "ConditionBrowseLeafId":"M20142",
                "ConditionBrowseLeafName":"Neurodegenerative Diseases",
                "ConditionBrowseLeafRelevance":"low"
              },{
                "ConditionBrowseLeafId":"M10994",
                "ConditionBrowseLeafName":"Neuromuscular Diseases",
                "ConditionBrowseLeafRelevance":"low"
              },{
                "ConditionBrowseLeafId":"M22270",
                "ConditionBrowseLeafName":"Genetic Diseases, Inborn",
                "ConditionBrowseLeafRelevance":"low"
              },{
                "ConditionBrowseLeafId":"T4024",
                "ConditionBrowseLeafName":"Myotonic Dystrophy",
                "ConditionBrowseLeafAsFound":"Myotonic Dystrophy",
                "ConditionBrowseLeafRelevance":"high"
              },{
                "ConditionBrowseLeafId":"T4025",
                "ConditionBrowseLeafName":"Myotonic Dystrophy Type 1",
                "ConditionBrowseLeafAsFound":"Myotonic Dystrophy Type 1",
                "ConditionBrowseLeafRelevance":"high"
              },{
                "ConditionBrowseLeafId":"T3963",
                "ConditionBrowseLeafName":"Muscular Dystrophy",
                "ConditionBrowseLeafRelevance":"low"
              }
            ]
          },
          "ConditionBrowseBranchList":{
            "ConditionBrowseBranch":[
              {
                "ConditionBrowseBranchAbbrev":"BC08",
                "ConditionBrowseBranchName":"Respiratory Tract (Lung and Bronchial) Diseases"
              },{
                "ConditionBrowseBranchAbbrev":"BC23",
                "ConditionBrowseBranchName":"Symptoms and General Pathology"
              },{
                "ConditionBrowseBranchAbbrev":"All",
                "ConditionBrowseBranchName":"All Conditions"
              },{
                "ConditionBrowseBranchAbbrev":"BC05",
                "ConditionBrowseBranchName":"Muscle, Bone, and Cartilage Diseases"
              },{
                "ConditionBrowseBranchAbbrev":"BC10",
                "ConditionBrowseBranchName":"Nervous System Diseases"
              },{
                "ConditionBrowseBranchAbbrev":"BC16",
                "ConditionBrowseBranchName":"Diseases and Abnormalities at or Before Birth"
              },{
                "ConditionBrowseBranchAbbrev":"Rare",
                "ConditionBrowseBranchName":"Rare Diseases"
              }
            ]
          }
        }
      }
    }
  }
}

