{
  "FullStudy":{
    "Rank":1199,
    "Study":{
      "ProtocolSection":{
        "IdentificationModule":{
          "NCTId":"NCT04834362",
          "OrgStudyIdInfo":{
            "OrgStudyId":"108"
          },
          "Organization":{
            "OrgFullName":"National Institute of Neurosciences and Hospital, Dhaka",
            "OrgClass":"OTHER_GOV"
          },
          "BriefTitle":"Insulin for Hyperglycemia in Stroke Trial",
          "OfficialTitle":"Efficacy and Safety of Human Insulin Versus Analog Insulin in Hospitalized Acute Stroke Patients With Hyperglycemia: a Randomized, Open-label, Single Center Trial"
        },
        "StatusModule":{
          "StatusVerifiedDate":"April 2021",
          "OverallStatus":"Recruiting",
          "ExpandedAccessInfo":{
            "HasExpandedAccess":"No"
          },
          "StartDateStruct":{
            "StartDate":"April 5, 2021",
            "StartDateType":"Actual"
          },
          "PrimaryCompletionDateStruct":{
            "PrimaryCompletionDate":"May 2021",
            "PrimaryCompletionDateType":"Anticipated"
          },
          "CompletionDateStruct":{
            "CompletionDate":"June 2021",
            "CompletionDateType":"Anticipated"
          },
          "StudyFirstSubmitDate":"March 26, 2021",
          "StudyFirstSubmitQCDate":"April 6, 2021",
          "StudyFirstPostDateStruct":{
            "StudyFirstPostDate":"April 8, 2021",
            "StudyFirstPostDateType":"Actual"
          },
          "LastUpdateSubmitDate":"April 6, 2021",
          "LastUpdatePostDateStruct":{
            "LastUpdatePostDate":"April 8, 2021",
            "LastUpdatePostDateType":"Actual"
          }
        },
        "SponsorCollaboratorsModule":{
          "ResponsibleParty":{
            "ResponsiblePartyType":"Principal Investigator",
            "ResponsiblePartyInvestigatorFullName":"Dr. Mashfiqul Hasan",
            "ResponsiblePartyInvestigatorTitle":"Assistant Professor (Endocrinology)",
            "ResponsiblePartyInvestigatorAffiliation":"National Institute of Neurosciences and Hospital, Dhaka"
          },
          "LeadSponsor":{
            "LeadSponsorName":"National Institute of Neurosciences and Hospital, Dhaka",
            "LeadSponsorClass":"OTHER_GOV"
          }
        },
        "OversightModule":{
          "OversightHasDMC":"No",
          "IsFDARegulatedDrug":"No",
          "IsFDARegulatedDevice":"No"
        },
        "DescriptionModule":{
          "BriefSummary":"Introduction: Glycemic control in acutely ill stroke patients with hyperglycemia is vital. Although insulin is the choice of anti-diabetic agent during acute stage, it is not clear which insulin regimen is better in terms of glycemic control and prevention of hypoglycemia in hospitalized acute stroke patients who are usually on small frequent nasogastric tube feeding. The present study aims to evaluate the efficacy and safety of human insulin (regular insulin and neutral protamine hagedorn, NPH insulin) to analog insulin (basal insulin glargine and rapid acting insulin aspart) in hospitalized acute stroke patients with hyperglycemia.\n\nJustification: Analog insulins are developed by minor alteration of the amino acid chain which alters their pharmacokinetics and make them more physiological. However, these insulins are costly and are not widely available. Conventional human insulins are more commonly used in our country. Comparison of these two regimen is necessary in our own setting to optimize optimal glycemic management of hospitalized acute stroke patients.\n\nMethodology: In this single-center, open-label, randomized trial, 100 patients with acute stroke and hyperglycemia (capillary blood glucose ≥10 mmol/L on 2 or more occasions) or history of type 2 DM admitted in the in-patient Department of Neurology, National Institute of Neurosciences (NINS) & Hospital will be randomly assigned to receive human insulin or modern insulin therapy in 1:1 ratio. The study will be carried out from February to June 2021. Blood glucose (BG) will be monitored by standardized glucometer thrice a day and insulin dose will be adjusted daily. The primary outcome of the study will be the differences in glycemic control between groups, as measured by mean daily BG concentration during the hospital stay. Secondary outcomes include differences between treatment groups in any of the following measures: number of hypoglycemic events (BG <3.9 mmol/L), total daily dose of insulin, length of hospital stay, hospital complications and mortality.",
          "DetailedDescription":"METHODOLOGY:\n\nType of study: Single-center, open-label, randomized trial Place of Study: Department of Neurology, National Institute of Neurosciences & Hospital, Dhaka.\n\nStudy Period: February to June, 2021 Study population: Patients admitted in the Department of Neurology with acute stroke and hyperglycemia\n\nSample Size:\n\nSample size was calculated according to following formula for non-inferiority trial (17):\n\nHere, N= sample size per group α= 0.05 β= 0.20 δ0= a clinically acceptable margin (assumed as 3 mmol/L of blood glucose) S2= Pooled standard deviation of both comparison group= 8 So,\n\nAs a result, 50 patients will be randomly assigned to two treatment groups (50 human insulin regimen, 50 analog insulin regimen).\n\nStudy Procedure Patients will be randomly assigned to receive either a human insulin regimen (starting with regular insulin three times a day with NPH insulin twice a day) or analog insulin regimen (basal insulin glargine once daily and insulin aspart three times a day) following a computer-generated randomization table. All oral antidiabetic drugs will be discontinued on admission.\n\nFor a patient who is known to have diabetes but were not getting insulin previously (or previous insulin dosage is not known), insulin therapy will be started at a total daily dose of 0.3-0.4 units/kg/day for an admission BG between 10-15 mmol/L or 0.5-0.6 units/kg/day for a BG >15 mmol/L. In previously insulin treated patients, ongoing total daily dose of insulin will be started. If there is history of poor glycemic control with ongoing insulin dose, then 10-20% increase of daily dose of insulin will be considered.\n\nFor a patient who is not known to have diabetes, insulin therapy will be started if admission BG is >10 mmol/L in two or more occasions. A total daily dose of 0.3-0.4 units/kg/day will be started if admission BG is 10-15 mmol/L and 0.5-0.6 units/kg/day for a BG >15 mmol/L.\n\nPatients treated with human insulin regimen will receive 50% of total daily dose as NPH insulin at around 6 am and 6 pm, while the rest 50% regular human insulin three times a day in 3 equally divided doses at around 6 am, 12 pm and 6 pm.\n\nPatients treated with modern insulin regimen will receive 50% of total daily dose as basal insulin glargine at the same time of day and 50% as insulin aspart given in 3 equally divided doses at 6 am, 12 pm and 6 pm.\n\nIn both groups, insulin dosage will be adjusted daily to a target fasting and premeal BG 7.8-10.0 mmol/L in the absence of hypoglycemia. Insulin dosage will be adjusted daily according to BG values. If the fasting and/or premeal BG is 10-15 mmol/L in the absence of hypoglycemia, the total daily dose will be increased by 10% every day. If the fasting and/or premeal BG is >15 mmol/L, the insulin daily dose will be increased by 20% every day. If a patient develops hypoglycemia (BG <3.9 mmol/L), the insulin daily dose will be decreased by 20%. Supplemental regular insulin will be given in addition to scheduled mealtime insulin for BG >10 mmol/L using a supplemental insulin protocol.\n\nBG will be measured before each bolus insulin injection (at 6 am, 12 pm and 6 pm). Glycated hemoglobin (HbA1c) will be measured after hospital admission if not done within last three months. Except anti-diabetic treatment, other treatments will be continued as per the decisions of the treating physicians. If NG feeding is discontinued and patient is kept NPO, conventional group will receive neutralizing insulin with any dextrose containing fluid along with low dose NPH insulin, if needed. Modern insulin group will receive neutralizing insulin with any dextrose containing fluid with glargine insulin as before.\n\nAfter recruitment, each recruited patient will be visited daily (even in holidays according to a predefined schedule) by one of the investigators and insulin dose will be adjusted according to glucose profile of previous day. Insulin injection and capillary blood glucose monitoring by glucometer will be done by trained nurses as part of their routine patient care. Doctors and nurses on duty will be provided with cell number of the investigators who will receive call on 24/7 basis for any emergency or uncertainty regarding management of hyperglycemia.\n\nHypoglycemia is regarded as the only short-term adverse event of insulin. As both treatment arms will use established and recognized insulin regimen, no compensation will be provided to the patient or his/her attendants in case of any adverse event. As most of the hospitalized patients have severe stroke with case fatality rate around 20%, death will not be regarded as parameter of primary treatment outcome.\n\nDuring discharge, last in-hospital insulin dose will be continued with education to the caregiver regarding insulin injection and glucose monitoring technique. No follow up visit is included in the study.\n\nProtocol deviation and protocol violation:\n\nDeviation to protocol will be recorded and reported to ethical committee as soon as possible. Failure to obtain informed written consent, use of incorrect insulin regimen, not fulfilling inclusion and exclusion criteria will be regarded as protocol violation and will be reported to ethical committee immediately. In case of protocol violation, the data of related participant will be discarded."
        },
        "ConditionsModule":{
          "ConditionList":{
            "Condition":[
              "Hyperglycemia",
              "Stroke, Acute"
            ]
          },
          "KeywordList":{
            "Keyword":[
              "Hyperglycemia",
              "Stroke",
              "Human insulin",
              "Analog insulin"
            ]
          }
        },
        "DesignModule":{
          "StudyType":"Interventional",
          "PhaseList":{
            "Phase":[
              "Phase 4"
            ]
          },
          "DesignInfo":{
            "DesignAllocation":"Randomized",
            "DesignInterventionModel":"Parallel Assignment",
            "DesignPrimaryPurpose":"Treatment",
            "DesignMaskingInfo":{
              "DesignMasking":"None (Open Label)"
            }
          },
          "EnrollmentInfo":{
            "EnrollmentCount":"100",
            "EnrollmentType":"Anticipated"
          }
        },
        "ArmsInterventionsModule":{
          "ArmGroupList":{
            "ArmGroup":[
              {
                "ArmGroupLabel":"Analog insulin arm",
                "ArmGroupType":"Experimental",
                "ArmGroupDescription":"Patients treated with insulin analog regimen will receive 50% of total daily dose as basal insulin glargine at the same time of day and 50% as insulin aspart given in 3 equally divided doses at 6 am, 12 pm and 6 pm.",
                "ArmGroupInterventionList":{
                  "ArmGroupInterventionName":[
                    "Drug: Analog Insulin"
                  ]
                }
              },{
                "ArmGroupLabel":"Human insulin arm",
                "ArmGroupType":"Active Comparator",
                "ArmGroupDescription":"Patients treated with human insulin regimen will receive 50% of total daily dose as NPH insulin at around 6 am and 6 pm, while the rest 50% regular human insulin three times a day in 3 equally divided doses at around 6 am, 12 pm and 6 pm",
                "ArmGroupInterventionList":{
                  "ArmGroupInterventionName":[
                    "Drug: Human insulin"
                  ]
                }
              }
            ]
          },
          "InterventionList":{
            "Intervention":[
              {
                "InterventionType":"Drug",
                "InterventionName":"Analog Insulin",
                "InterventionDescription":"For a patient who is known to have diabetes but were not getting insulin previously (or previous insulin dosage is not known), insulin therapy will be started at a total daily dose of 0.3-0.4 units/kg/day for an admission BG between 10-15 mmol/L or 0.5-0.6 units/kg/day for a BG >15 mmol/L. In previously insulin treated patients, ongoing total daily dose of insulin will be started. If there is history of poor glycemic control with ongoing insulin dose, then 10-20% increase of daily dose of insulin will be considered.\n\nFor a patient who is not known to have diabetes, insulin therapy will be started if admission BG is >10 mmol/L in two or more occasions. A total daily dose of 0.3-0.4 units/kg/day will be started if admission BG is 10-15 mmol/L and 0.5-0.6 units/kg/day for a BG >15 mmol/L.",
                "InterventionArmGroupLabelList":{
                  "InterventionArmGroupLabel":[
                    "Analog insulin arm"
                  ]
                },
                "InterventionOtherNameList":{
                  "InterventionOtherName":[
                    "Insulin Aspart and Insulin Glargine"
                  ]
                }
              },{
                "InterventionType":"Drug",
                "InterventionName":"Human insulin",
                "InterventionDescription":"Patients treated with human insulin regimen will receive 50% of total daily dose as NPH insulin at around 6 am and 6 pm, while the rest 50% regular human insulin three times a day in 3 equally divided doses at around 6 am, 12 pm and 6 pm.",
                "InterventionArmGroupLabelList":{
                  "InterventionArmGroupLabel":[
                    "Human insulin arm"
                  ]
                },
                "InterventionOtherNameList":{
                  "InterventionOtherName":[
                    "Regular insulin and NPH insulin"
                  ]
                }
              }
            ]
          }
        },
        "OutcomesModule":{
          "PrimaryOutcomeList":{
            "PrimaryOutcome":[
              {
                "PrimaryOutcomeMeasure":"glycemic control",
                "PrimaryOutcomeDescription":"differences in glycemic control between groups, as measured by mean daily BG concentration",
                "PrimaryOutcomeTimeFrame":"during the hospital stay assessed up to 14 days"
              },{
                "PrimaryOutcomeMeasure":"hypoglycemic events",
                "PrimaryOutcomeDescription":"frequency of hypoglycemic events (BG <3.9 mmol/L).",
                "PrimaryOutcomeTimeFrame":"during the hospital stay assessed up to 14 days"
              }
            ]
          },
          "SecondaryOutcomeList":{
            "SecondaryOutcome":[
              {
                "SecondaryOutcomeMeasure":"total daily dose of insulin",
                "SecondaryOutcomeDescription":"total daily dose of insulin",
                "SecondaryOutcomeTimeFrame":"during the hospital stay assessed up to 14 days"
              },{
                "SecondaryOutcomeMeasure":"length of hospital stay",
                "SecondaryOutcomeDescription":"length of hospital stay",
                "SecondaryOutcomeTimeFrame":"during the hospital stay assessed up to 14 days"
              },{
                "SecondaryOutcomeMeasure":"hospital complications",
                "SecondaryOutcomeDescription":"hospital complications",
                "SecondaryOutcomeTimeFrame":"during the hospital stay assessed up to 14 days"
              },{
                "SecondaryOutcomeMeasure":"mortality",
                "SecondaryOutcomeDescription":"mortality",
                "SecondaryOutcomeTimeFrame":"during the hospital stay assessed up to 14 days"
              }
            ]
          }
        },
        "EligibilityModule":{
          "EligibilityCriteria":"Inclusion Criteria:\n\n• Patients admitted to adult neurology ward with acute stroke with\n\nPatients having hyperglycemia (capillary blood glucose ≥10 mmol/L in 2 or more occasions or having history of treatment for DM)\nPatients with age of 18-80 years of both sexes\nPatients or their attendants giving consent to take part in the study\n\nExclusion Criteria:\n\nPatients with hyperglycemic emergencies (hyperglycemic hyperosmolar state or diabetic ketoacidosis)\n\nPregnant patients\nThose not giving consent to participate in the study",
          "HealthyVolunteers":"No",
          "Gender":"All",
          "MinimumAge":"18 Years",
          "MaximumAge":"80 Years",
          "StdAgeList":{
            "StdAge":[
              "Adult",
              "Older Adult"
            ]
          }
        },
        "ContactsLocationsModule":{
          "CentralContactList":{
            "CentralContact":[
              {
                "CentralContactName":"Mashfiqul Hasan, MD",
                "CentralContactRole":"Contact",
                "CentralContactPhone":"+8801816268746",
                "CentralContactEMail":"mashfiqul.hasan@nins.gov.bd"
              },{
                "CentralContactName":"Mohammad Atiqur-Rahman, MD",
                "CentralContactRole":"Contact",
                "CentralContactPhone":"+8801711125542",
                "CentralContactEMail":"atiqur_rahman@nins.gov.bd"
              }
            ]
          },
          "OverallOfficialList":{
            "OverallOfficial":[
              {
                "OverallOfficialName":"Mashfiqul Hasan, MD",
                "OverallOfficialAffiliation":"Assistant Professor (Endocrinology)",
                "OverallOfficialRole":"Principal Investigator"
              }
            ]
          },
          "LocationList":{
            "Location":[
              {
                "LocationFacility":"National Institute of Neurosciences and Hospital",
                "LocationStatus":"Recruiting",
                "LocationCity":"Dhaka",
                "LocationZip":"1207",
                "LocationCountry":"Bangladesh",
                "LocationContactList":{
                  "LocationContact":[
                    {
                      "LocationContactName":"Mashfiqul Hasan, MD",
                      "LocationContactRole":"Contact",
                      "LocationContactPhone":"+8801816268746",
                      "LocationContactEMail":"mashfiqul.hasan@nins.gov.bd"
                    },{
                      "LocationContactName":"Mohammad Atiqur-Rahman, MD",
                      "LocationContactRole":"Contact",
                      "LocationContactPhone":"+8801711125542",
                      "LocationContactEMail":"atiqur_rahman@nins.gov.bd"
                    },{
                      "LocationContactName":"Mashfiqul Hasan, MD",
                      "LocationContactRole":"Principal Investigator"
                    },{
                      "LocationContactName":"Mohammad Atiqur-Rahman, MD",
                      "LocationContactRole":"Sub-Investigator"
                    }
                  ]
                }
              }
            ]
          }
        },
        "ReferencesModule":{
          "ReferenceList":{
            "Reference":[
              {
                "ReferencePMID":"27079344",
                "ReferenceType":"background",
                "ReferenceCitation":"Chen R, Ovbiagele B, Feng W. Diabetes and Stroke: Epidemiology, Pathophysiology, Pharmaceuticals and Outcomes. Am J Med Sci. 2016 Apr;351(4):380-6. doi: 10.1016/j.amjms.2016.01.011. Review."
              },{
                "ReferencePMID":"24453023",
                "ReferenceType":"background",
                "ReferenceCitation":"Bellolio MF, Gilmore RM, Ganti L. Insulin for glycaemic control in acute ischaemic stroke. Cochrane Database Syst Rev. 2014 Jan 23;(1):CD005346. doi: 10.1002/14651858.CD005346.pub4. Review."
              },{
                "ReferencePMID":"31334795",
                "ReferenceType":"result",
                "ReferenceCitation":"Johnston KC, Bruno A, Pauls Q, Hall CE, Barrett KM, Barsan W, Fansler A, Van de Bruinhorst K, Janis S, Durkalski-Mauldin VL; Neurological Emergencies Treatment Trials Network and the SHINE Trial Investigators. Intensive vs Standard Treatment of Hyperglycemia and Functional Outcome in Patients With Acute Ischemic Stroke: The SHINE Randomized Clinical Trial. JAMA. 2019 Jul 23;322(4):326-335. doi: 10.1001/jama.2019.9346. Erratum in: JAMA. 2019 Nov 5;322(17):1718."
              }
            ]
          },
          "SeeAlsoLinkList":{
            "SeeAlsoLink":[
              {
                "SeeAlsoLinkLabel":"Website of the study site",
                "SeeAlsoLinkURL":"http://www.nins.gov.bd/nins/"
              }
            ]
          }
        },
        "IPDSharingStatementModule":{
          "IPDSharing":"No"
        }
      },
      "DocumentSection":{
        "LargeDocumentModule":{
          "LargeDocList":{
            "LargeDoc":[
              {
                "LargeDocTypeAbbrev":"Prot_SAP",
                "LargeDocHasProtocol":"Yes",
                "LargeDocHasSAP":"Yes",
                "LargeDocHasICF":"No",
                "LargeDocLabel":"Study Protocol and Statistical Analysis Plan",
                "LargeDocDate":"February 1, 2021",
                "LargeDocUploadDate":"04/02/2021 11:30",
                "LargeDocFilename":"Prot_SAP_000.pdf"
              }
            ]
          }
        }
      },
      "DerivedSection":{
        "MiscInfoModule":{
          "VersionHolder":"April 19, 2021"
        },
        "ConditionBrowseModule":{
          "ConditionMeshList":{
            "ConditionMesh":[
              {
                "ConditionMeshId":"D000020521",
                "ConditionMeshTerm":"Stroke"
              },{
                "ConditionMeshId":"D000006943",
                "ConditionMeshTerm":"Hyperglycemia"
              }
            ]
          },
          "ConditionAncestorList":{
            "ConditionAncestor":[
              {
                "ConditionAncestorId":"D000002561",
                "ConditionAncestorTerm":"Cerebrovascular Disorders"
              },{
                "ConditionAncestorId":"D000001927",
                "ConditionAncestorTerm":"Brain Diseases"
              },{
                "ConditionAncestorId":"D000002493",
                "ConditionAncestorTerm":"Central Nervous System Diseases"
              },{
                "ConditionAncestorId":"D000009422",
                "ConditionAncestorTerm":"Nervous System Diseases"
              },{
                "ConditionAncestorId":"D000014652",
                "ConditionAncestorTerm":"Vascular Diseases"
              },{
                "ConditionAncestorId":"D000002318",
                "ConditionAncestorTerm":"Cardiovascular Diseases"
              },{
                "ConditionAncestorId":"D000044882",
                "ConditionAncestorTerm":"Glucose Metabolism Disorders"
              },{
                "ConditionAncestorId":"D000008659",
                "ConditionAncestorTerm":"Metabolic Diseases"
              }
            ]
          },
          "ConditionBrowseLeafList":{
            "ConditionBrowseLeaf":[
              {
                "ConditionBrowseLeafId":"M20890",
                "ConditionBrowseLeafName":"Stroke",
                "ConditionBrowseLeafAsFound":"Stroke",
                "ConditionBrowseLeafRelevance":"high"
              },{
                "ConditionBrowseLeafId":"M8577",
                "ConditionBrowseLeafName":"Hyperglycemia",
                "ConditionBrowseLeafAsFound":"Hyperglycemia",
                "ConditionBrowseLeafRelevance":"high"
              },{
                "ConditionBrowseLeafId":"M4393",
                "ConditionBrowseLeafName":"Cerebrovascular Disorders",
                "ConditionBrowseLeafRelevance":"low"
              },{
                "ConditionBrowseLeafId":"M3786",
                "ConditionBrowseLeafName":"Brain Diseases",
                "ConditionBrowseLeafRelevance":"low"
              },{
                "ConditionBrowseLeafId":"M4325",
                "ConditionBrowseLeafName":"Central Nervous System Diseases",
                "ConditionBrowseLeafRelevance":"low"
              },{
                "ConditionBrowseLeafId":"M15983",
                "ConditionBrowseLeafName":"Vascular Diseases",
                "ConditionBrowseLeafRelevance":"low"
              },{
                "ConditionBrowseLeafId":"M10222",
                "ConditionBrowseLeafName":"Metabolic Diseases",
                "ConditionBrowseLeafRelevance":"low"
              },{
                "ConditionBrowseLeafId":"M23990",
                "ConditionBrowseLeafName":"Glucose Metabolism Disorders",
                "ConditionBrowseLeafRelevance":"low"
              }
            ]
          },
          "ConditionBrowseBranchList":{
            "ConditionBrowseBranch":[
              {
                "ConditionBrowseBranchAbbrev":"BC10",
                "ConditionBrowseBranchName":"Nervous System Diseases"
              },{
                "ConditionBrowseBranchAbbrev":"BC14",
                "ConditionBrowseBranchName":"Heart and Blood Diseases"
              },{
                "ConditionBrowseBranchAbbrev":"All",
                "ConditionBrowseBranchName":"All Conditions"
              },{
                "ConditionBrowseBranchAbbrev":"BC18",
                "ConditionBrowseBranchName":"Nutritional and Metabolic Diseases"
              }
            ]
          }
        },
        "InterventionBrowseModule":{
          "InterventionMeshList":{
            "InterventionMesh":[
              {
                "InterventionMeshId":"D000007328",
                "InterventionMeshTerm":"Insulin"
              },{
                "InterventionMeshId":"C000557859",
                "InterventionMeshTerm":"Insulin, Globin Zinc"
              },{
                "InterventionMeshId":"D000069036",
                "InterventionMeshTerm":"Insulin Glargine"
              },{
                "InterventionMeshId":"D000061267",
                "InterventionMeshTerm":"Insulin Aspart"
              }
            ]
          },
          "InterventionAncestorList":{
            "InterventionAncestor":[
              {
                "InterventionAncestorId":"D000007004",
                "InterventionAncestorTerm":"Hypoglycemic Agents"
              },{
                "InterventionAncestorId":"D000045505",
                "InterventionAncestorTerm":"Physiological Effects of Drugs"
              }
            ]
          },
          "InterventionBrowseLeafList":{
            "InterventionBrowseLeaf":[
              {
                "InterventionBrowseLeafId":"M8948",
                "InterventionBrowseLeafName":"Insulin",
                "InterventionBrowseLeafAsFound":"Surgery",
                "InterventionBrowseLeafRelevance":"high"
              },{
                "InterventionBrowseLeafId":"M178017",
                "InterventionBrowseLeafName":"Insulin, Globin Zinc",
                "InterventionBrowseLeafAsFound":"Surgery",
                "InterventionBrowseLeafRelevance":"high"
              },{
                "InterventionBrowseLeafId":"M28388",
                "InterventionBrowseLeafName":"Insulin Aspart",
                "InterventionBrowseLeafAsFound":"Atrial",
                "InterventionBrowseLeafRelevance":"high"
              },{
                "InterventionBrowseLeafId":"M347",
                "InterventionBrowseLeafName":"Insulin Glargine",
                "InterventionBrowseLeafAsFound":"Discharge",
                "InterventionBrowseLeafRelevance":"high"
              },{
                "InterventionBrowseLeafId":"M8956",
                "InterventionBrowseLeafName":"Insulin, Isophane",
                "InterventionBrowseLeafRelevance":"low"
              },{
                "InterventionBrowseLeafId":"M327",
                "InterventionBrowseLeafName":"Isophane Insulin, Human",
                "InterventionBrowseLeafRelevance":"low"
              },{
                "InterventionBrowseLeafId":"M178026",
                "InterventionBrowseLeafName":"Isophane insulin, beef",
                "InterventionBrowseLeafRelevance":"low"
              },{
                "InterventionBrowseLeafId":"M16351",
                "InterventionBrowseLeafName":"Zinc",
                "InterventionBrowseLeafRelevance":"low"
              },{
                "InterventionBrowseLeafId":"M8637",
                "InterventionBrowseLeafName":"Hypoglycemic Agents",
                "InterventionBrowseLeafRelevance":"low"
              }
            ]
          },
          "InterventionBrowseBranchList":{
            "InterventionBrowseBranch":[
              {
                "InterventionBrowseBranchAbbrev":"Hypo",
                "InterventionBrowseBranchName":"Hypoglycemic Agents"
              },{
                "InterventionBrowseBranchAbbrev":"All",
                "InterventionBrowseBranchName":"All Drugs and Chemicals"
              },{
                "InterventionBrowseBranchAbbrev":"Micro",
                "InterventionBrowseBranchName":"Micronutrients"
              }
            ]
          }
        }
      }
    }
  }
}

