{
  "FullStudy":{
    "Rank":966,
    "Study":{
      "ProtocolSection":{
        "IdentificationModule":{
          "NCTId":"NCT04837391",
          "OrgStudyIdInfo":{
            "OrgStudyId":"2019/1555"
          },
          "Organization":{
            "OrgFullName":"Istanbul University",
            "OrgClass":"OTHER"
          },
          "BriefTitle":"Postoperative Cognitive Dysfunction in Elderly Urologic Oncology Patients (POCD)",
          "OfficialTitle":"Evaluation of the Relationship Between Postoperative Cognitive Dysfunction and Brain Injury Biomarkers In Geriatric Urologic Oncology Patients",
          "Acronym":"POCD"
        },
        "StatusModule":{
          "StatusVerifiedDate":"April 2021",
          "OverallStatus":"Recruiting",
          "ExpandedAccessInfo":{
            "HasExpandedAccess":"No"
          },
          "StartDateStruct":{
            "StartDate":"April 21, 2020",
            "StartDateType":"Actual"
          },
          "PrimaryCompletionDateStruct":{
            "PrimaryCompletionDate":"May 21, 2021",
            "PrimaryCompletionDateType":"Anticipated"
          },
          "CompletionDateStruct":{
            "CompletionDate":"July 21, 2021",
            "CompletionDateType":"Anticipated"
          },
          "StudyFirstSubmitDate":"April 1, 2021",
          "StudyFirstSubmitQCDate":"April 6, 2021",
          "StudyFirstPostDateStruct":{
            "StudyFirstPostDate":"April 8, 2021",
            "StudyFirstPostDateType":"Actual"
          },
          "LastUpdateSubmitDate":"April 6, 2021",
          "LastUpdatePostDateStruct":{
            "LastUpdatePostDate":"April 8, 2021",
            "LastUpdatePostDateType":"Actual"
          }
        },
        "SponsorCollaboratorsModule":{
          "ResponsibleParty":{
            "ResponsiblePartyType":"Principal Investigator",
            "ResponsiblePartyInvestigatorFullName":"Meltem Savran Karadeniz",
            "ResponsiblePartyInvestigatorTitle":"Associate Professor",
            "ResponsiblePartyInvestigatorAffiliation":"Istanbul University"
          },
          "LeadSponsor":{
            "LeadSponsorName":"Istanbul University",
            "LeadSponsorClass":"OTHER"
          }
        },
        "OversightModule":{
          "OversightHasDMC":"No",
          "IsFDARegulatedDrug":"No",
          "IsFDARegulatedDevice":"No"
        },
        "DescriptionModule":{
          "BriefSummary":"Postoperative cognitive changes are more common in elderly patients, which can result in poor quality of life, loss of workforce, disability, early retirement, physical-social dependence, increased health care cost and premature mortality. Postoperative cognitive complications are also quite common in extensive oncological surgeries. In this study, our aim is to evaluate the relationship between the development of postoperative cognitive dysfunction (POCD) in geriatric urologic oncology patients with brain injury and inflammatory markers [S100 β, neuron specific enolase (NSE), interleukin 6 (IL-6) and high mobility group box-1 (HMGB-1 protein)].",
          "DetailedDescription":"The incidence of POCD changes by age group, type of surgery, testing neuropsychological tests, timing of tests, and the method used for diagnosis. In non-cardiac surgery over the age of 60; the incidence of POCD was 26% in the postoperative 1st week and 10% in the postoperative 3rd month. Although old age is an important risk factor, POCD incidence of up to 36.6% has been reported in a younger period. Major cancer surgery is an important risk factor for development of POCD.\n\nNumerous biomarkers such as; S100β, NSE, Human IL-6, HMGB-1 protein; have been evaluated in studies to determine the diagnosis, prognosis, stage and treatment of POCD.\n\nIn this study, our aim is to evaluate the relationship between the development of postoperative cognitive dysfunction (POCD) in geriatric urologic oncology patients with brain injury and inflammatory markers. (S100β, NSE, Human IL-6 and HMGB-1 protein).The hypothesis of our study is that postoperative brain injury and inflammatory markers (S100β, NSE, Human IL-6 and HMGB-1 protein) will be higher in patients who develop POCD compared to patients who do not develop POCD in geriatric urologic oncology surgery."
        },
        "ConditionsModule":{
          "ConditionList":{
            "Condition":[
              "Postoperative Cognitive Dysfunction",
              "Postoperative Delirium",
              "Frailty"
            ]
          },
          "KeywordList":{
            "Keyword":[
              "postoperative cognitive dysfunction",
              "frailty",
              "S 100β",
              "NSE",
              "IL-6",
              "HMGB-1 protein",
              "NIRS",
              "geriatric anesthesia"
            ]
          }
        },
        "DesignModule":{
          "StudyType":"Observational",
          "PatientRegistry":"No",
          "DesignInfo":{
            "DesignObservationalModelList":{
              "DesignObservationalModel":[
                "Cohort"
              ]
            },
            "DesignTimePerspectiveList":{
              "DesignTimePerspective":[
                "Prospective"
              ]
            }
          },
          "BioSpec":{
            "BioSpecRetention":"Samples With DNA",
            "BioSpecDescription":"Blood samples are collected from study participants after anesthesia induction and after the end of the operation."
          },
          "EnrollmentInfo":{
            "EnrollmentCount":"48",
            "EnrollmentType":"Anticipated"
          }
        },
        "ArmsInterventionsModule":{
          "ArmGroupList":{
            "ArmGroup":[
              {
                "ArmGroupLabel":"Urologic oncology surgery in elderly",
                "ArmGroupDescription":"Elective urologic oncology surgeries such as radical nephrectomy, radical cystectomy, radical prostatectomy in older than 65 years",
                "ArmGroupInterventionList":{
                  "ArmGroupInterventionName":[
                    "Device: Near Infrared Spectroscopy (NIRS)",
                    "Diagnostic Test: Blood sample",
                    "Diagnostic Test: Addenbrooke Cognitive Examination III (ACE-III)",
                    "Diagnostic Test: Confusion Assessment Method"
                  ]
                }
              }
            ]
          },
          "InterventionList":{
            "Intervention":[
              {
                "InterventionType":"Device",
                "InterventionName":"Near Infrared Spectroscopy (NIRS)",
                "InterventionDescription":"Patients are monitored by near infrared spectroscopy before anesthesia induction until end of the operation. Graphical presentation of cerebral oxygenation during surgery evaluated by INVOS Analytics Tool Version 1.2.",
                "InterventionArmGroupLabelList":{
                  "InterventionArmGroupLabel":[
                    "Urologic oncology surgery in elderly"
                  ]
                },
                "InterventionOtherNameList":{
                  "InterventionOtherName":[
                    "INVOS Cerebral Oximeter 5100C (Covidien Dublin, Ireland)"
                  ]
                }
              },{
                "InterventionType":"Diagnostic Test",
                "InterventionName":"Blood sample",
                "InterventionDescription":"Blood samples are obtained before and after surgery. S-100, Neuron specific enolase (NSE), Interleukin-6 (IL-6), High Mobility Group Box Protein (HMGB-1) are going to be studied by ELISA method after data collection process end.",
                "InterventionArmGroupLabelList":{
                  "InterventionArmGroupLabel":[
                    "Urologic oncology surgery in elderly"
                  ]
                }
              },{
                "InterventionType":"Diagnostic Test",
                "InterventionName":"Addenbrooke Cognitive Examination III (ACE-III)",
                "InterventionDescription":"ACE-III is administered to study participants one day before surgery, 1 week after surgery, and three months after surgery to diagnose postoperative cognitive dysfunction.",
                "InterventionArmGroupLabelList":{
                  "InterventionArmGroupLabel":[
                    "Urologic oncology surgery in elderly"
                  ]
                }
              },{
                "InterventionType":"Diagnostic Test",
                "InterventionName":"Confusion Assessment Method",
                "InterventionDescription":"Confusion Assessment Method is administered to study participants in postoperative recovery room to diagnose postoperative delirium.",
                "InterventionArmGroupLabelList":{
                  "InterventionArmGroupLabel":[
                    "Urologic oncology surgery in elderly"
                  ]
                }
              }
            ]
          }
        },
        "OutcomesModule":{
          "PrimaryOutcomeList":{
            "PrimaryOutcome":[
              {
                "PrimaryOutcomeMeasure":"Addenbrooke cognitive examination at the day before surgery.",
                "PrimaryOutcomeDescription":"Test score is between 0-100. 100 is the best point and 0 is the worst point in the test. The test has five cognitive domains including attention, memory, language, visuospatial function, and verbal fluency. Patients who score less than 88 in preoperative tests will be diagnosed with mild cognitive impairment.",
                "PrimaryOutcomeTimeFrame":"The day before surgery."
              },{
                "PrimaryOutcomeMeasure":"Addenbrooke cognitive examination at seventh day after surgery.",
                "PrimaryOutcomeDescription":"POCD is diagnosed by 1 standard deviation decrease from the preoperative test scores.",
                "PrimaryOutcomeTimeFrame":"The seventh day after surgery."
              },{
                "PrimaryOutcomeMeasure":"Addenbrooke cognitive examination at third months after surgery.",
                "PrimaryOutcomeDescription":"POCD is diagnosed by 1 standard deviation decrease from the preoperative test scores.",
                "PrimaryOutcomeTimeFrame":"The third months after surgery."
              },{
                "PrimaryOutcomeMeasure":"S 100β (pg/mL)",
                "PrimaryOutcomeDescription":"Blood S 100β concentration is determined by an enzyme-linked immunosorbent assay kit.",
                "PrimaryOutcomeTimeFrame":"Change from baseline serum concentration of S 100 β at 6 hours"
              },{
                "PrimaryOutcomeMeasure":"High Mobility Group Box1 Protein (HMGB1) (ng/mL)",
                "PrimaryOutcomeDescription":"HMGB1 concentration is determined by an enzyme-linked immunosorbent assay kit.",
                "PrimaryOutcomeTimeFrame":"Change from baseline serum concentration of HMGB1 at 6 hours"
              },{
                "PrimaryOutcomeMeasure":"Human Neuron Specific Enolase (h-NSE) (ng/mL)",
                "PrimaryOutcomeDescription":"h-NSE concentration is determined by an enzyme-linked immunosorbent assay kit.",
                "PrimaryOutcomeTimeFrame":"Change from baseline serum concentration of h-NSE at 6 hours"
              },{
                "PrimaryOutcomeMeasure":"Interleukine-6 (IL-6) (pg/mL)",
                "PrimaryOutcomeDescription":"Blood IL-6 concentration is determined by an enzyme-linked immunosorbent assay kit.",
                "PrimaryOutcomeTimeFrame":"Change from baseline serum concentration of IL-6 at 6 hours"
              }
            ]
          },
          "SecondaryOutcomeList":{
            "SecondaryOutcome":[
              {
                "SecondaryOutcomeMeasure":"Postoperative delirium",
                "SecondaryOutcomeDescription":"Postoperative delirium is diagnosed by confusion assessment method.",
                "SecondaryOutcomeTimeFrame":"Up to postoperative day one"
              },{
                "SecondaryOutcomeMeasure":"Cerebral oxygenation",
                "SecondaryOutcomeDescription":"Cerebral hypoxia is defined as reduction of regional oxygen saturation by 10 % from baseline before surgery.",
                "SecondaryOutcomeTimeFrame":"During surgery"
              },{
                "SecondaryOutcomeMeasure":"Overall postoperative complications",
                "SecondaryOutcomeDescription":"Stroke, transient ischemic attack, arrhythmia, heart failure, myocardial injury, respiratory failure, pneumonia, ileus, acute kidney injury, prolonged length of stay, mortality.",
                "SecondaryOutcomeTimeFrame":"Up to postoperative three months."
              }
            ]
          }
        },
        "EligibilityModule":{
          "EligibilityCriteria":"Inclusion Criteria:\n\nPatients over the age of 65 who are planned to undergo major urooncological surgery.\n\nExclusion Criteria:\n\nPatients who refuse to participate in the study.\nPatients with severe hearing-vision problems.\nPatients with serious neurological-psychiatric disorders.\nPatients with language barrier.\nPatients with missing in any interventions.\nPatients with blood samples that are not suitable for the ELISA.",
          "HealthyVolunteers":"No",
          "Gender":"All",
          "MinimumAge":"65 Years",
          "StdAgeList":{
            "StdAge":[
              "Older Adult"
            ]
          },
          "StudyPopulation":"Patients over the age of 65 who are planned to undergo major urooncological surgery (radical nephrectomy, radical prostatectomy and radical cystectomy) as of April 21, 2020 at the Istanbul University Hospital are included in the study.",
          "SamplingMethod":"Non-Probability Sample"
        },
        "ContactsLocationsModule":{
          "CentralContactList":{
            "CentralContact":[
              {
                "CentralContactName":"Emre Şentürk, MD",
                "CentralContactRole":"Contact",
                "CentralContactPhone":"+905326114062",
                "CentralContactEMail":"dr.emresentrk@gmail.com"
              }
            ]
          },
          "OverallOfficialList":{
            "OverallOfficial":[
              {
                "OverallOfficialName":"Meltem Savran Karadeniz, Assoc. Prof.",
                "OverallOfficialAffiliation":"Istanbul University",
                "OverallOfficialRole":"Study Director"
              }
            ]
          },
          "LocationList":{
            "Location":[
              {
                "LocationFacility":"Istanbul University",
                "LocationStatus":"Recruiting",
                "LocationCity":"Istanbul",
                "LocationZip":"34093",
                "LocationCountry":"Turkey",
                "LocationContactList":{
                  "LocationContact":[
                    {
                      "LocationContactName":"Meltem Savran Karadeniz, Assoc.Prof.",
                      "LocationContactRole":"Contact",
                      "LocationContactPhone":"+905334845563",
                      "LocationContactEMail":"mskaradeniz@gmail.com"
                    }
                  ]
                }
              }
            ]
          }
        },
        "ReferencesModule":{
          "ReferenceList":{
            "Reference":[
              {
                "ReferencePMID":"30072128",
                "ReferenceType":"background",
                "ReferenceCitation":"Yanagisawa R, Tanaka M, Yashima F, Arai T, Kohno T, Shimizu H, Fukuda K, Naganuma T, Mizutani K, Araki M, Tada N, Yamanaka F, Shirai S, Tabata M, Ueno H, Takagi K, Higashimori A, Watanabe Y, Yamamoto M, Hayashida K. Frequency and Consequences of Cognitive Impairmentin Patients Underwent Transcatheter Aortic Valve Implantation. Am J Cardiol. 2018 Sep 1;122(5):844-850. doi: 10.1016/j.amjcard.2018.05.026. Epub 2018 Jun 2."
              },{
                "ReferencePMID":"24622758",
                "ReferenceType":"background",
                "ReferenceCitation":"Rundshagen I. Postoperative cognitive dysfunction. Dtsch Arztebl Int. 2014 Feb 21;111(8):119-25. doi: 10.3238/arztebl.2014.0119. Review."
              },{
                "ReferencePMID":"29100194",
                "ReferenceType":"background",
                "ReferenceCitation":"Plas M, Rotteveel E, Izaks GJ, Spikman JM, van der Wal-Huisman H, van Etten B, Absalom AR, Mourits MJE, de Bock GH, van Leeuwen BL. Cognitive decline after major oncological surgery in the elderly. Eur J Cancer. 2017 Nov;86:394-402. doi: 10.1016/j.ejca.2017.09.024. Epub 2017 Nov 5."
              },{
                "ReferencePMID":"31485127",
                "ReferenceType":"background",
                "ReferenceCitation":"Kapoor I, Prabhakar H, Mahajan C. Postoperative Cognitive Dysfunction. Indian J Crit Care Med. 2019 Jun;23(Suppl 2):S162-S164. doi: 10.5005/jp-journals-10071-23196. Review."
              },{
                "ReferencePMID":"26106326",
                "ReferenceType":"background",
                "ReferenceCitation":"Androsova G, Krause R, Winterer G, Schneider R. Biomarkers of postoperative delirium and cognitive dysfunction. Front Aging Neurosci. 2015 Jun 9;7:112. doi: 10.3389/fnagi.2015.00112. eCollection 2015. Review."
              },{
                "ReferencePMID":"23899512",
                "ReferenceType":"background",
                "ReferenceCitation":"Li RL, Zhang ZZ, Peng M, Wu Y, Zhang JJ, Wang CY, Wang YL. Postoperative impairment of cognitive function in old mice: a possible role for neuroinflammation mediated by HMGB1, S100B, and RAGE. J Surg Res. 2013 Dec;185(2):815-24. doi: 10.1016/j.jss.2013.06.043. Epub 2013 Jul 17."
              }
            ]
          }
        },
        "IPDSharingStatementModule":{
          "IPDSharing":"No"
        }
      },
      "DerivedSection":{
        "MiscInfoModule":{
          "VersionHolder":"April 19, 2021"
        },
        "ConditionBrowseModule":{
          "ConditionMeshList":{
            "ConditionMesh":[
              {
                "ConditionMeshId":"D000003693",
                "ConditionMeshTerm":"Delirium"
              },{
                "ConditionMeshId":"D000073496",
                "ConditionMeshTerm":"Frailty"
              },{
                "ConditionMeshId":"D000060825",
                "ConditionMeshTerm":"Cognitive Dysfunction"
              }
            ]
          },
          "ConditionAncestorList":{
            "ConditionAncestor":[
              {
                "ConditionAncestorId":"D000003221",
                "ConditionAncestorTerm":"Confusion"
              },{
                "ConditionAncestorId":"D000019954",
                "ConditionAncestorTerm":"Neurobehavioral Manifestations"
              },{
                "ConditionAncestorId":"D000009461",
                "ConditionAncestorTerm":"Neurologic Manifestations"
              },{
                "ConditionAncestorId":"D000009422",
                "ConditionAncestorTerm":"Nervous System Diseases"
              },{
                "ConditionAncestorId":"D000019965",
                "ConditionAncestorTerm":"Neurocognitive Disorders"
              },{
                "ConditionAncestorId":"D000001523",
                "ConditionAncestorTerm":"Mental Disorders"
              },{
                "ConditionAncestorId":"D000010335",
                "ConditionAncestorTerm":"Pathologic Processes"
              },{
                "ConditionAncestorId":"D000003072",
                "ConditionAncestorTerm":"Cognition Disorders"
              }
            ]
          },
          "ConditionBrowseLeafList":{
            "ConditionBrowseLeaf":[
              {
                "ConditionBrowseLeafId":"M3789",
                "ConditionBrowseLeafName":"Brain Injuries",
                "ConditionBrowseLeafRelevance":"low"
              },{
                "ConditionBrowseLeafId":"M28292",
                "ConditionBrowseLeafName":"Cognitive Dysfunction",
                "ConditionBrowseLeafAsFound":"Cognitive Dysfunction",
                "ConditionBrowseLeafRelevance":"high"
              },{
                "ConditionBrowseLeafId":"M5477",
                "ConditionBrowseLeafName":"Delirium",
                "ConditionBrowseLeafAsFound":"Delirium",
                "ConditionBrowseLeafRelevance":"high"
              },{
                "ConditionBrowseLeafId":"M1175",
                "ConditionBrowseLeafName":"Frailty",
                "ConditionBrowseLeafAsFound":"Frailty",
                "ConditionBrowseLeafRelevance":"high"
              },{
                "ConditionBrowseLeafId":"M5029",
                "ConditionBrowseLeafName":"Confusion",
                "ConditionBrowseLeafRelevance":"low"
              },{
                "ConditionBrowseLeafId":"M20410",
                "ConditionBrowseLeafName":"Neurobehavioral Manifestations",
                "ConditionBrowseLeafRelevance":"low"
              },{
                "ConditionBrowseLeafId":"M10987",
                "ConditionBrowseLeafName":"Neurologic Manifestations",
                "ConditionBrowseLeafRelevance":"low"
              },{
                "ConditionBrowseLeafId":"M20420",
                "ConditionBrowseLeafName":"Neurocognitive Disorders",
                "ConditionBrowseLeafRelevance":"low"
              },{
                "ConditionBrowseLeafId":"M3396",
                "ConditionBrowseLeafName":"Mental Disorders",
                "ConditionBrowseLeafRelevance":"low"
              },{
                "ConditionBrowseLeafId":"M13056",
                "ConditionBrowseLeafName":"Psychotic Disorders",
                "ConditionBrowseLeafRelevance":"low"
              },{
                "ConditionBrowseLeafId":"M4884",
                "ConditionBrowseLeafName":"Cognition Disorders",
                "ConditionBrowseLeafRelevance":"low"
              }
            ]
          },
          "ConditionBrowseBranchList":{
            "ConditionBrowseBranch":[
              {
                "ConditionBrowseBranchAbbrev":"BC10",
                "ConditionBrowseBranchName":"Nervous System Diseases"
              },{
                "ConditionBrowseBranchAbbrev":"BC26",
                "ConditionBrowseBranchName":"Wounds and Injuries"
              },{
                "ConditionBrowseBranchAbbrev":"All",
                "ConditionBrowseBranchName":"All Conditions"
              },{
                "ConditionBrowseBranchAbbrev":"BXM",
                "ConditionBrowseBranchName":"Behaviors and Mental Disorders"
              },{
                "ConditionBrowseBranchAbbrev":"BC23",
                "ConditionBrowseBranchName":"Symptoms and General Pathology"
              }
            ]
          }
        },
        "InterventionBrowseModule":{
          "InterventionBrowseLeafList":{
            "InterventionBrowseLeaf":[
              {
                "InterventionBrowseLeafId":"M2688",
                "InterventionBrowseLeafName":"Anesthetics",
                "InterventionBrowseLeafRelevance":"low"
              }
            ]
          },
          "InterventionBrowseBranchList":{
            "InterventionBrowseBranch":[
              {
                "InterventionBrowseBranchAbbrev":"CNSDep",
                "InterventionBrowseBranchName":"Central Nervous System Depressants"
              },{
                "InterventionBrowseBranchAbbrev":"All",
                "InterventionBrowseBranchName":"All Drugs and Chemicals"
              }
            ]
          }
        }
      }
    }
  }
}

