{
  "FullStudy":{
    "Rank":1185,
    "Study":{
      "ProtocolSection":{
        "IdentificationModule":{
          "NCTId":"NCT04834544",
          "OrgStudyIdInfo":{
            "OrgStudyId":"IOV12"
          },
          "Organization":{
            "OrgFullName":"Peking University Third Hospital",
            "OrgClass":"OTHER"
          },
          "BriefTitle":"A Study of Maintenance DCVAC/OvCa After First-line Chemotherapy Added Standard of Care",
          "OfficialTitle":"A Randomized, Double-blind, Placebo-controlled, Preliminary Verifying Study About Safety and Efficacy of Maintenance DCVAC/OvCa After First-line Chemotherapy Added to Standard of Care in Patients With Newly Diagnosed FIGO III-IV Ovarian, Fallopian Tube, or Primary Peritoneal Carcinoma."
        },
        "StatusModule":{
          "StatusVerifiedDate":"April 2021",
          "OverallStatus":"Not yet recruiting",
          "ExpandedAccessInfo":{
            "HasExpandedAccess":"No"
          },
          "StartDateStruct":{
            "StartDate":"April 20, 2021",
            "StartDateType":"Anticipated"
          },
          "PrimaryCompletionDateStruct":{
            "PrimaryCompletionDate":"October 20, 2024",
            "PrimaryCompletionDateType":"Anticipated"
          },
          "CompletionDateStruct":{
            "CompletionDate":"April 20, 2027",
            "CompletionDateType":"Anticipated"
          },
          "StudyFirstSubmitDate":"March 29, 2021",
          "StudyFirstSubmitQCDate":"April 6, 2021",
          "StudyFirstPostDateStruct":{
            "StudyFirstPostDate":"April 8, 2021",
            "StudyFirstPostDateType":"Actual"
          },
          "LastUpdateSubmitDate":"April 13, 2021",
          "LastUpdatePostDateStruct":{
            "LastUpdatePostDate":"April 14, 2021",
            "LastUpdatePostDateType":"Actual"
          }
        },
        "SponsorCollaboratorsModule":{
          "ResponsibleParty":{
            "ResponsiblePartyType":"Sponsor"
          },
          "LeadSponsor":{
            "LeadSponsorName":"Peking University Third Hospital",
            "LeadSponsorClass":"OTHER"
          },
          "CollaboratorList":{
            "Collaborator":[
              {
                "CollaboratorName":"Sotio a.s.",
                "CollaboratorClass":"INDUSTRY"
              }
            ]
          }
        },
        "OversightModule":{
          "OversightHasDMC":"No",
          "IsFDARegulatedDrug":"No",
          "IsFDARegulatedDevice":"No"
        },
        "DescriptionModule":{
          "BriefSummary":"This is a randomized, double-blind, placebo-controlled,parallel-group preliminary verifying study about safety and efficacy of maintenance DCVAC/OvCa after first-line chemotherapy added to standard of care in patients with newly diagnosed FIGO III-IV ovarian, fallopian tube, or primary peritoneal carcinoma."
        },
        "ConditionsModule":{
          "ConditionList":{
            "Condition":[
              "Epithelial Ovarian Carcinoma",
              "Fallopian Tube Carcinoma",
              "Primary Peritoneal Carcinoma"
            ]
          }
        },
        "DesignModule":{
          "StudyType":"Interventional",
          "PhaseList":{
            "Phase":[
              "Phase 2"
            ]
          },
          "DesignInfo":{
            "DesignAllocation":"Randomized",
            "DesignInterventionModel":"Parallel Assignment",
            "DesignPrimaryPurpose":"Treatment",
            "DesignMaskingInfo":{
              "DesignMasking":"Quadruple",
              "DesignWhoMaskedList":{
                "DesignWhoMasked":[
                  "Participant",
                  "Care Provider",
                  "Investigator",
                  "Outcomes Assessor"
                ]
              }
            }
          },
          "EnrollmentInfo":{
            "EnrollmentCount":"75",
            "EnrollmentType":"Anticipated"
          }
        },
        "ArmsInterventionsModule":{
          "ArmGroupList":{
            "ArmGroup":[
              {
                "ArmGroupLabel":"DCVAC/OvCa arm",
                "ArmGroupType":"Experimental",
                "ArmGroupInterventionList":{
                  "ArmGroupInterventionName":[
                    "Combination Product: DCVAC/OvCa"
                  ]
                }
              },{
                "ArmGroupLabel":"Placebo arm",
                "ArmGroupType":"Placebo Comparator",
                "ArmGroupInterventionList":{
                  "ArmGroupInterventionName":[
                    "Combination Product: Placebo"
                  ]
                }
              }
            ]
          },
          "InterventionList":{
            "Intervention":[
              {
                "InterventionType":"Combination Product",
                "InterventionName":"DCVAC/OvCa",
                "InterventionDescription":"An active cellular immunotherapy product containing autologous dendritic cells that are generated ex vivo from patient's monocytes and apoptotic tumor cells prepared from tumor cell lines",
                "InterventionArmGroupLabelList":{
                  "InterventionArmGroupLabel":[
                    "DCVAC/OvCa arm"
                  ]
                }
              },{
                "InterventionType":"Combination Product",
                "InterventionName":"Placebo",
                "InterventionDescription":"Placebo",
                "InterventionArmGroupLabelList":{
                  "InterventionArmGroupLabel":[
                    "Placebo arm"
                  ]
                }
              }
            ]
          }
        },
        "OutcomesModule":{
          "PrimaryOutcomeList":{
            "PrimaryOutcome":[
              {
                "PrimaryOutcomeMeasure":"Progress Free Survival",
                "PrimaryOutcomeDescription":"PFS defined as the time from randomization to the earlier date of assessment of objective progression or death by any cause in the absence of progression; progression will be assessed by the investigator per Response Evaluation Criteria In Solid Tumors (RECIST) 1.1",
                "PrimaryOutcomeTimeFrame":"From randomization to the earlier date of assessment of objective progression or death by any cause in the absence of progression, the follow up period is about 2 years."
              }
            ]
          }
        },
        "EligibilityModule":{
          "EligibilityCriteria":"Inclusion Criteria:\n\nEighteen years of age or older at the time written informed consent is obtained\nNewly diagnosed, histologically confirmed FIGO stage III or IV EOC (high-grade serous or high-grade endometrioid)\nAfter primary debulking surgery or after interval debulking surgery; residual disease after surgery with optimal resection as R0 or R1 (R0 is defined as no macroscopic residual disease, R1 is defined as macroscopic residual disease with a maximal diameter of <1 cm)\nKnown BRCA status; if BRCA mutation status not known, results of BRCA testing must be available before randomization\n\nLaboratory criteria:\n\n5.1. White blood cells >4000/mm3 (4.0×109/L) 5.2. Neutrophil count >1500/mm3 (1.5×109/L) 5.3. Hemoglobin ≥8 g/dL (80 g/L) 5.4. Platelet count ≥100,000/mm3 (100×109/L) 5.5. Total bilirubin <2× upper limit of normal (ULN) (benign hereditary hyperbilirubinemias, e.g., Gilbert's syndrome, are permitted) 5.6. Serum alanine aminotransferase, aspartate aminotransferase, and creatinine <2×ULN 5.7. Blood urea nitrogen <2×ULN\n\nAdequate coagulation parameters:\n\n6.1. Activated partial thromboplastin time ≤1.5×ULN 6.2. International normalized ratio ≤1.5\n\nECOG performance status 0-2\n\nPatients of child-bearing potential and their partners who are sexually active must agree to the use of 2 highly effective forms of contraception from the patient's signing of the ICF until 6 months after the last/final dose of first-line Pt-based adjuvant chemotherapy or IMP, whichever occurs later:\n\na. Condom with spermicide and one of the following:\n\nOral contraceptive or hormonal therapy (e.g., hormone implants)\nPlacement of an intra-uterine device (IUD)\n\nAcceptable non-hormonal birth control methods include:\n\nTotal sexual abstinence from the patient's signing of the ICF until 6 months after the last/final dose of first-line Pt-based adjuvant chemotherapy or IMP, whichever occurs later\nVasectomized sexual partner plus male condom with spermicide and participant assurance that partner received post-vasectomy confirmation of azoospermia\nTubal occlusion plus male condom with spermicide\nIUD plus male condom with spermicide. Provided coils are copper-banded.\n\nAcceptable hormonal methods include:\n\nEtonogestrel implants (e.g., Implanon, Norplan) plus male condom with spermicide\nNormal and low dose combined oral pills plus male condom with spermicide\nNorelgestromin/ethinyl estradiol transdermal system plus male condom with spermicide\nIntravaginal device plus male condom with spermicide (e.g., ethinyl estradiol and etonogestrel)\nCerazette (desogestrel) plus male condom with spermicide. Cerazette is currently the only highly efficacious progesterone-based pill.\nSigned informed consent and ability to comprehend its content\n\nExclusion Criteria:\n\nNon-epithelial ovarian carcinoma or mixed epithelial histology\nBorderline tumors (tumors of low malignant potential)\nFirst-line Pt-based adjuvant chemotherapy already started after surgery\nIntention to treat with intraperitoneal chemotherapy\nPrevious or concurrent radiotherapy to the abdomen and pelvis\nMajor surgery (with the exception of debulking surgery) within 3 weeks before informed consent signature or patient has not recovered from any effects of any major surgery\nMalignancy other than EOC, except malignancy that has been in complete remission for a minimum of 3 years and except carcinoma in situ of the cervix or non-melanoma skin carcinomas that have been definitively treated\nUse of any immunotherapy in the past (e.g., anti-PD-1/PD-L1 or other immune checkpoint inhibitors, therapeutic vaccines, adoptive cell therapy, cytokines); in case of uncertainty, discuss with the medical monitor\nSymptomatic uncontrolled brain or leptomeningeal metastases. A scan to confirm the absence of brain metastases is not required. Patients with spinal cord compression may be considered if they have received definitive treatment for this and evidence of clinically stable disease for 28 days.\n\nCo-morbidities:\n\n10.1. HIV positive 10.2. Active hepatitis B (HBV) and/or C (HCV), active syphilis 10.3. Evidence of active bacterial, viral, or fungal infection requiring systemic treatment 10.4. Clinically significant cardiovascular disease including: 10.4.1. Symptomatic congestive heart failure 10.4.2. Unstable angina pectoris 10.4.3. Severe cardiac arrhythmia requiring medication 10.4.4. Uncontrolled hypertension 10.4.5. Myocardial infarction or ventricular arrhythmia or stroke within a 6-month period before inclusion, ejection fraction <40% or serious cardiac conduction system disorders, if a pacemaker is not present 10.5. Pericardial effusion of any CTCAE grade 10.6. Severe chronic obstructive pulmonary disease defined as grade C and D according to Global Initiative for Obstructive Lung Disease 10.7. Patients considered a poor medical risk due to other serious, uncontrolled medical disorders, non-malignant systemic diseases or active, uncontrolled infections 10.8. History or current evidence of any condition, therapy, or laboratory abnormality that might confound the results of the study, interfere with the patient's participation for the full duration of the study treatment, or is not in the best interest of the patient to participate 10.9. Active autoimmune disease requiring treatment 10.10. History of severe forms of primary immune deficiencies 10.11. History of anaphylaxis or other severe reactions following vaccination 10.12. Psychiatric or social conditions which, in the investigator's opinion, would prevent participation in the study\n\nKnown hypersensitivity to any constituent of IMP\nSystemic immunosuppressive therapy for any reason (except inhaled / intranasal steroids and short-term systemic steroids <30 days duration and ≤10 mg prednisone-equivalent per day are allowed)\nParticipation in a clinical trial using experimental therapy within the last 4 weeks before informed consent signature\nPregnant or breast feeding, or expecting to conceive children within the projected duration of the study treatment\nRefusal to sign informed consent",
          "HealthyVolunteers":"No",
          "Gender":"Female",
          "MinimumAge":"18 Years",
          "StdAgeList":{
            "StdAge":[
              "Adult",
              "Older Adult"
            ]
          }
        },
        "ContactsLocationsModule":{
          "CentralContactList":{
            "CentralContact":[
              {
                "CentralContactName":"Yuan LI, Master",
                "CentralContactRole":"Contact",
                "CentralContactPhone":"+86 18610689868",
                "CentralContactEMail":"yuanli@bjmu.edu.cn"
              }
            ]
          },
          "LocationList":{
            "Location":[
              {
                "LocationFacility":"Peking University Third Hospital",
                "LocationCity":"Beijing",
                "LocationState":"Beijing",
                "LocationZip":"100191",
                "LocationCountry":"China",
                "LocationContactList":{
                  "LocationContact":[
                    {
                      "LocationContactName":"Yuan LI",
                      "LocationContactRole":"Contact",
                      "LocationContactPhone":"+86 18610689868",
                      "LocationContactEMail":"yuanli@bjmu.edu.cn"
                    }
                  ]
                }
              }
            ]
          }
        }
      },
      "DerivedSection":{
        "MiscInfoModule":{
          "VersionHolder":"April 19, 2021"
        },
        "ConditionBrowseModule":{
          "ConditionMeshList":{
            "ConditionMesh":[
              {
                "ConditionMeshId":"D000002277",
                "ConditionMeshTerm":"Carcinoma"
              },{
                "ConditionMeshId":"D000077216",
                "ConditionMeshTerm":"Carcinoma, Ovarian Epithelial"
              }
            ]
          },
          "ConditionAncestorList":{
            "ConditionAncestor":[
              {
                "ConditionAncestorId":"D000009375",
                "ConditionAncestorTerm":"Neoplasms, Glandular and Epithelial"
              },{
                "ConditionAncestorId":"D000009370",
                "ConditionAncestorTerm":"Neoplasms by Histologic Type"
              },{
                "ConditionAncestorId":"D000009369",
                "ConditionAncestorTerm":"Neoplasms"
              },{
                "ConditionAncestorId":"D000010051",
                "ConditionAncestorTerm":"Ovarian Neoplasms"
              },{
                "ConditionAncestorId":"D000004701",
                "ConditionAncestorTerm":"Endocrine Gland Neoplasms"
              },{
                "ConditionAncestorId":"D000009371",
                "ConditionAncestorTerm":"Neoplasms by Site"
              },{
                "ConditionAncestorId":"D000010049",
                "ConditionAncestorTerm":"Ovarian Diseases"
              },{
                "ConditionAncestorId":"D000000291",
                "ConditionAncestorTerm":"Adnexal Diseases"
              },{
                "ConditionAncestorId":"D000005833",
                "ConditionAncestorTerm":"Genital Neoplasms, Female"
              },{
                "ConditionAncestorId":"D000014565",
                "ConditionAncestorTerm":"Urogenital Neoplasms"
              },{
                "ConditionAncestorId":"D000004700",
                "ConditionAncestorTerm":"Endocrine System Diseases"
              },{
                "ConditionAncestorId":"D000006058",
                "ConditionAncestorTerm":"Gonadal Disorders"
              }
            ]
          },
          "ConditionBrowseLeafList":{
            "ConditionBrowseLeaf":[
              {
                "ConditionBrowseLeafId":"M4116",
                "ConditionBrowseLeafName":"Carcinoma",
                "ConditionBrowseLeafAsFound":"Carcinoma",
                "ConditionBrowseLeafRelevance":"high"
              },{
                "ConditionBrowseLeafId":"M11557",
                "ConditionBrowseLeafName":"Ovarian Neoplasms",
                "ConditionBrowseLeafRelevance":"low"
              },{
                "ConditionBrowseLeafId":"M1704",
                "ConditionBrowseLeafName":"Carcinoma, Ovarian Epithelial",
                "ConditionBrowseLeafAsFound":"Epithelial Ovarian Carcinoma",
                "ConditionBrowseLeafRelevance":"high"
              },{
                "ConditionBrowseLeafId":"M10903",
                "ConditionBrowseLeafName":"Neoplasms, Glandular and Epithelial",
                "ConditionBrowseLeafRelevance":"low"
              },{
                "ConditionBrowseLeafId":"M10898",
                "ConditionBrowseLeafName":"Neoplasms by Histologic Type",
                "ConditionBrowseLeafRelevance":"low"
              },{
                "ConditionBrowseLeafId":"M6446",
                "ConditionBrowseLeafName":"Endocrine Gland Neoplasms",
                "ConditionBrowseLeafRelevance":"low"
              },{
                "ConditionBrowseLeafId":"M11555",
                "ConditionBrowseLeafName":"Ovarian Diseases",
                "ConditionBrowseLeafRelevance":"low"
              },{
                "ConditionBrowseLeafId":"M2224",
                "ConditionBrowseLeafName":"Adnexal Diseases",
                "ConditionBrowseLeafRelevance":"low"
              },{
                "ConditionBrowseLeafId":"M7528",
                "ConditionBrowseLeafName":"Genital Neoplasms, Female",
                "ConditionBrowseLeafRelevance":"low"
              },{
                "ConditionBrowseLeafId":"M15898",
                "ConditionBrowseLeafName":"Urogenital Neoplasms",
                "ConditionBrowseLeafRelevance":"low"
              },{
                "ConditionBrowseLeafId":"M6445",
                "ConditionBrowseLeafName":"Endocrine System Diseases",
                "ConditionBrowseLeafRelevance":"low"
              },{
                "ConditionBrowseLeafId":"M7746",
                "ConditionBrowseLeafName":"Gonadal Disorders",
                "ConditionBrowseLeafRelevance":"low"
              },{
                "ConditionBrowseLeafId":"T4352",
                "ConditionBrowseLeafName":"Ovarian Cancer",
                "ConditionBrowseLeafAsFound":"Epithelial Ovarian Carcinoma",
                "ConditionBrowseLeafRelevance":"high"
              },{
                "ConditionBrowseLeafId":"T2189",
                "ConditionBrowseLeafName":"Fallopian Tube Cancer",
                "ConditionBrowseLeafAsFound":"Fallopian Tube Carcinoma",
                "ConditionBrowseLeafRelevance":"high"
              },{
                "ConditionBrowseLeafId":"T4354",
                "ConditionBrowseLeafName":"Ovarian Epithelial Cancer",
                "ConditionBrowseLeafAsFound":"Epithelial Ovarian Carcinoma",
                "ConditionBrowseLeafRelevance":"high"
              }
            ]
          },
          "ConditionBrowseBranchList":{
            "ConditionBrowseBranch":[
              {
                "ConditionBrowseBranchAbbrev":"BC04",
                "ConditionBrowseBranchName":"Cancers and Other Neoplasms"
              },{
                "ConditionBrowseBranchAbbrev":"All",
                "ConditionBrowseBranchName":"All Conditions"
              },{
                "ConditionBrowseBranchAbbrev":"BXS",
                "ConditionBrowseBranchName":"Urinary Tract, Sexual Organs, and Pregnancy Conditions"
              },{
                "ConditionBrowseBranchAbbrev":"BC19",
                "ConditionBrowseBranchName":"Gland and Hormone Related Diseases"
              },{
                "ConditionBrowseBranchAbbrev":"Rare",
                "ConditionBrowseBranchName":"Rare Diseases"
              }
            ]
          }
        }
      }
    }
  }
}

