{
  "FullStudy":{
    "Rank":1365,
    "Study":{
      "ProtocolSection":{
        "IdentificationModule":{
          "NCTId":"NCT04832204",
          "OrgStudyIdInfo":{
            "OrgStudyId":"BeijingHY2020-02-07"
          },
          "Organization":{
            "OrgFullName":"Beijing Hospital",
            "OrgClass":"OTHER_GOV"
          },
          "BriefTitle":"Apatinib Combined With SHR-1210 as Second-line Treatment in Solid Tumors With Only Liver Metastases",
          "OfficialTitle":"An Exploratory Study of Apatinib Combined With SHR-1210 as Second-line Treatment in Solid Tumors With Only Liver Metastases"
        },
        "StatusModule":{
          "StatusVerifiedDate":"April 2021",
          "OverallStatus":"Recruiting",
          "ExpandedAccessInfo":{
            "HasExpandedAccess":"No"
          },
          "StartDateStruct":{
            "StartDate":"March 25, 2021",
            "StartDateType":"Anticipated"
          },
          "PrimaryCompletionDateStruct":{
            "PrimaryCompletionDate":"April 1, 2023",
            "PrimaryCompletionDateType":"Anticipated"
          },
          "CompletionDateStruct":{
            "CompletionDate":"April 2024",
            "CompletionDateType":"Anticipated"
          },
          "StudyFirstSubmitDate":"April 2, 2021",
          "StudyFirstSubmitQCDate":"April 2, 2021",
          "StudyFirstPostDateStruct":{
            "StudyFirstPostDate":"April 5, 2021",
            "StudyFirstPostDateType":"Actual"
          },
          "LastUpdateSubmitDate":"April 2, 2021",
          "LastUpdatePostDateStruct":{
            "LastUpdatePostDate":"April 5, 2021",
            "LastUpdatePostDateType":"Actual"
          }
        },
        "SponsorCollaboratorsModule":{
          "ResponsibleParty":{
            "ResponsiblePartyType":"Principal Investigator",
            "ResponsiblePartyInvestigatorFullName":"Yingying Huang",
            "ResponsiblePartyInvestigatorTitle":"Associate Chief Physician",
            "ResponsiblePartyInvestigatorAffiliation":"Beijing Hospital"
          },
          "LeadSponsor":{
            "LeadSponsorName":"Beijing Hospital",
            "LeadSponsorClass":"OTHER_GOV"
          },
          "CollaboratorList":{
            "Collaborator":[
              {
                "CollaboratorName":"Chinese Society of Clinical Oncology",
                "CollaboratorClass":"OTHER"
              }
            ]
          }
        },
        "OversightModule":{
          "OversightHasDMC":"Yes",
          "IsFDARegulatedDrug":"No",
          "IsFDARegulatedDevice":"No"
        },
        "DescriptionModule":{
          "BriefSummary":"Apatinib and SHR-1210 are new drugs produced by jiangsu hengrui pharmaceutical co., LTD. Both are listed in China. The investigators want to design a trial to explore the efficacy and safety of Apatinib and SHR-1210 in patients with solid tumors with only liver metastasis (as second-line treatment). The main purpose is to evaluate the disease progression-free survival (PFS) of Apatinib and SHR-1210 in patients with solid tumors with only liver metastasis (progress after first-line treatment). The secondary purpose is to compare the total survival period (OS); 1-year survival rate, 2-year survival rate; evaluation of drug safety; exploration of related biomarkers in specific subgroups to predict effectiveness or adverse reactions.",
          "DetailedDescription":"Any solid tumor in the presence of liver metastasis indicates poor prognosis, short overall survival, immunotherapy combination with anti-tumor angiogenesis agents have some curative effection according to recent studies. It seems there has been clinical evidence to improve the immune microenvironment of the tumor, while in the case of only liver metastasis, the tumor's characteristics may not be consistent with other tumors. This study was to investigate the efficacy and safety of such patients by combining Apatinib and SHR-1210. This study will include approximately 20 patients with solid tumors with only liver metastases (progression after first-line treatment). The investigators will evaluate the efficacy and safety of Apatinib combined with SHR-1210 in these patients. If possible we would check the patients' ctDNA and some infection factors."
        },
        "ConditionsModule":{
          "ConditionList":{
            "Condition":[
              "Solid Tumor"
            ]
          },
          "KeywordList":{
            "Keyword":[
              "After first-line treatment failed",
              "only liver metastases"
            ]
          }
        },
        "DesignModule":{
          "StudyType":"Interventional",
          "PhaseList":{
            "Phase":[
              "Phase 2"
            ]
          },
          "DesignInfo":{
            "DesignAllocation":"N/A",
            "DesignInterventionModel":"Single Group Assignment",
            "DesignPrimaryPurpose":"Treatment",
            "DesignMaskingInfo":{
              "DesignMasking":"None (Open Label)"
            }
          },
          "EnrollmentInfo":{
            "EnrollmentCount":"20",
            "EnrollmentType":"Anticipated"
          }
        },
        "ArmsInterventionsModule":{
          "ArmGroupList":{
            "ArmGroup":[
              {
                "ArmGroupLabel":"solid tumor with only liver metastases after first line treatment",
                "ArmGroupType":"Experimental",
                "ArmGroupDescription":"Apatinib 250mg, Qd, oral administration,SHR-1210 200mg, q3w one week later, intravenous administration, continuous administration until the disease progresses or an intolerable adverse reaction occurs.",
                "ArmGroupInterventionList":{
                  "ArmGroupInterventionName":[
                    "Drug: Apatinib and Camrelizumab for Injection"
                  ]
                }
              }
            ]
          },
          "InterventionList":{
            "Intervention":[
              {
                "InterventionType":"Drug",
                "InterventionName":"Apatinib and Camrelizumab for Injection",
                "InterventionDescription":"Apatinib 250mg, Qd, oral administration,SHR-1210 200mg, q3w one week later, intravenous administration, continuous administration until the disease progresses or an intolerable adverse reaction occurs.",
                "InterventionArmGroupLabelList":{
                  "InterventionArmGroupLabel":[
                    "solid tumor with only liver metastases after first line treatment"
                  ]
                },
                "InterventionOtherNameList":{
                  "InterventionOtherName":[
                    "Apatinib and SHR-1210"
                  ]
                }
              }
            ]
          }
        },
        "OutcomesModule":{
          "PrimaryOutcomeList":{
            "PrimaryOutcome":[
              {
                "PrimaryOutcomeMeasure":"progression-free survival",
                "PrimaryOutcomeDescription":"From date of registration until the date of disease progresssion or death resulting from any cause.",
                "PrimaryOutcomeTimeFrame":"Patients will be followed for an average period of 1 year"
              }
            ]
          },
          "SecondaryOutcomeList":{
            "SecondaryOutcome":[
              {
                "SecondaryOutcomeMeasure":"overall survival",
                "SecondaryOutcomeDescription":"From date of registration until the date of death from any cause or the last follow-up visit.",
                "SecondaryOutcomeTimeFrame":"Patients will be followed for an average period of 1 year"
              }
            ]
          },
          "OtherOutcomeList":{
            "OtherOutcome":[
              {
                "OtherOutcomeMeasure":"1-year survival rate",
                "OtherOutcomeDescription":"Percentage of patients alive at 1 year.",
                "OtherOutcomeTimeFrame":"12 months"
              },{
                "OtherOutcomeMeasure":"2-year survival rate",
                "OtherOutcomeDescription":"Percentage of patients alive at 2 year.",
                "OtherOutcomeTimeFrame":"24 months"
              },{
                "OtherOutcomeMeasure":"Safety and tolerability as measured by number and grade of toxicity events",
                "OtherOutcomeDescription":"Overall Safety Profile by CTCAE V4.0",
                "OtherOutcomeTimeFrame":"12 months"
              }
            ]
          }
        },
        "EligibilityModule":{
          "EligibilityCriteria":"Inclusion Criteria:\n\nage: ≥18 years old, both male and female;\nafter pathological diagnosis and first-line treatment failure of advanced solid tumor with liver metastasis only after consultation by MDT team, the patient had measurable lesions (helical CT scan ≥10mm, meeting the RECIST 1.1 standard);\nECOG PS: 0 ~ 1;\nsubjects' baseline blood routine and biochemical indicators shall meet the following standards: Hemoglobin ≥80g/L, Absolute neutrophils count (ANC) ≥1.5×109/L, Platelet ≥90×109/L, ALT and AST≤2.5 times normal upper limit, and liver metastasis ≤5 times normal upper limit Serum total bilirubin ≤1.5 times normal upper limit, Serum creatinine ≤1.5 times normal upper limit, Serum albumin ≥30g/L;\n\n6) expected survival period ≥3 months; 7) women of child-bearing age must undergo a pregnancy test (serum or urine) within 7 days prior to enrollment and the result is negative, and be willing to use appropriate methods of contraception during the trial and 8 weeks after the last dose of the test drug.For men, either surgical sterilization or consent to appropriate methods of contraception during the trial and 8 weeks after the last administration of the trial drug; 8) subjects voluntarily joined the study and signed the informed consent, with good compliance and follow-up.\n\nExclusion Criteria:\n\nproven allergic to apatinib and/or its excipients;\npatients with hypertension and unable to reduce to the normal range after antihypertensive drug treatment (systolic blood pressure >140 mmHg, diastolic blood pressure >90 mmHg), coronary heart disease at or above grade I, grade I arrhythmia (including QTc interphase prolonging > 450 ms in males and > 470 ms in females) and grade I cardiac dysfunction;Patients with positive urinary protein;\nthere are multiple factors affecting oral drugs (such as inability to swallow, nausea, vomiting, chronic diarrhea and intestinal obstruction, etc.);\npatients with a clear tendency of gastrointestinal bleeding, including the following: local active ulcer lesions, and fecal occult blood (++) is not included in the group;A history of black stool or hematemesis within 2 months;For patients with fecal occult blood (+) and no surgical resection of the primary gastric tumor, gastroscopy is required.\nabnormal coagulation function (INR>1.5, APTT>1.5 ULN), with bleeding tendency;\npatients with central nervous system metastasis;\npregnant or nursing women;\npatients with other malignant tumors within 5 years;\npatients who have a history of psychotropic substance abuse and cannot be cured or have mental disorders;\npatients who have participated in clinical trials of other drugs within 4 weeks;\naccording to the judgment of the researcher, patients with concomitant diseases that seriously endanger the safety of patients or affect the completion of the study;\nnot suitable for inclusion.",
          "HealthyVolunteers":"No",
          "Gender":"All",
          "MinimumAge":"18 Years",
          "MaximumAge":"80 Years",
          "StdAgeList":{
            "StdAge":[
              "Adult",
              "Older Adult"
            ]
          }
        },
        "ContactsLocationsModule":{
          "CentralContactList":{
            "CentralContact":[
              {
                "CentralContactName":"Yingying Huang",
                "CentralContactRole":"Contact",
                "CentralContactPhone":"86-10-85136715",
                "CentralContactEMail":"xiaoyudianhh@126.com"
              }
            ]
          },
          "OverallOfficialList":{
            "OverallOfficial":[
              {
                "OverallOfficialName":"Yingying Huang",
                "OverallOfficialAffiliation":"Beijing Hospital",
                "OverallOfficialRole":"Principal Investigator"
              }
            ]
          },
          "LocationList":{
            "Location":[
              {
                "LocationFacility":"Beijing Hospital",
                "LocationStatus":"Recruiting",
                "LocationCity":"Beijing",
                "LocationState":"Beijing",
                "LocationZip":"100005",
                "LocationCountry":"China",
                "LocationContactList":{
                  "LocationContact":[
                    {
                      "LocationContactName":"yingying huang",
                      "LocationContactRole":"Contact",
                      "LocationContactPhone":"86 01085136715",
                      "LocationContactEMail":"xiaoyudianhh@126.com"
                    }
                  ]
                }
              },{
                "LocationFacility":"Beijing Hospital",
                "LocationStatus":"Not yet recruiting",
                "LocationCity":"Beijing",
                "LocationState":"Beijing",
                "LocationZip":"100730",
                "LocationCountry":"China",
                "LocationContactList":{
                  "LocationContact":[
                    {
                      "LocationContactName":"Yingying Huang",
                      "LocationContactRole":"Contact",
                      "LocationContactPhone":"86-10-85136715",
                      "LocationContactEMail":"xiaoyudianhh@126.com"
                    }
                  ]
                }
              }
            ]
          }
        },
        "IPDSharingStatementModule":{
          "IPDSharing":"Undecided"
        }
      },
      "DerivedSection":{
        "MiscInfoModule":{
          "VersionHolder":"April 19, 2021"
        },
        "ConditionBrowseModule":{
          "ConditionMeshList":{
            "ConditionMesh":[
              {
                "ConditionMeshId":"D000009362",
                "ConditionMeshTerm":"Neoplasm Metastasis"
              }
            ]
          },
          "ConditionAncestorList":{
            "ConditionAncestor":[
              {
                "ConditionAncestorId":"D000009369",
                "ConditionAncestorTerm":"Neoplasms"
              },{
                "ConditionAncestorId":"D000009385",
                "ConditionAncestorTerm":"Neoplastic Processes"
              },{
                "ConditionAncestorId":"D000010335",
                "ConditionAncestorTerm":"Pathologic Processes"
              }
            ]
          },
          "ConditionBrowseLeafList":{
            "ConditionBrowseLeaf":[
              {
                "ConditionBrowseLeafId":"M10890",
                "ConditionBrowseLeafName":"Neoplasm Metastasis",
                "ConditionBrowseLeafAsFound":"Metastases",
                "ConditionBrowseLeafRelevance":"high"
              },{
                "ConditionBrowseLeafId":"M10913",
                "ConditionBrowseLeafName":"Neoplastic Processes",
                "ConditionBrowseLeafRelevance":"low"
              }
            ]
          },
          "ConditionBrowseBranchList":{
            "ConditionBrowseBranch":[
              {
                "ConditionBrowseBranchAbbrev":"BC04",
                "ConditionBrowseBranchName":"Cancers and Other Neoplasms"
              },{
                "ConditionBrowseBranchAbbrev":"BC23",
                "ConditionBrowseBranchName":"Symptoms and General Pathology"
              },{
                "ConditionBrowseBranchAbbrev":"All",
                "ConditionBrowseBranchName":"All Conditions"
              }
            ]
          }
        },
        "InterventionBrowseModule":{
          "InterventionMeshList":{
            "InterventionMesh":[
              {
                "InterventionMeshId":"C000553458",
                "InterventionMeshTerm":"Apatinib"
              }
            ]
          },
          "InterventionAncestorList":{
            "InterventionAncestor":[
              {
                "InterventionAncestorId":"D000000970",
                "InterventionAncestorTerm":"Antineoplastic Agents"
              },{
                "InterventionAncestorId":"D000047428",
                "InterventionAncestorTerm":"Protein Kinase Inhibitors"
              },{
                "InterventionAncestorId":"D000004791",
                "InterventionAncestorTerm":"Enzyme Inhibitors"
              },{
                "InterventionAncestorId":"D000045504",
                "InterventionAncestorTerm":"Molecular Mechanisms of Pharmacological Action"
              }
            ]
          },
          "InterventionBrowseLeafList":{
            "InterventionBrowseLeaf":[
              {
                "InterventionBrowseLeafId":"M264779",
                "InterventionBrowseLeafName":"Apatinib",
                "InterventionBrowseLeafAsFound":"Squamous cell",
                "InterventionBrowseLeafRelevance":"high"
              },{
                "InterventionBrowseLeafId":"M9693",
                "InterventionBrowseLeafName":"Liver Extracts",
                "InterventionBrowseLeafRelevance":"low"
              },{
                "InterventionBrowseLeafId":"M24407",
                "InterventionBrowseLeafName":"Protein Kinase Inhibitors",
                "InterventionBrowseLeafRelevance":"low"
              }
            ]
          },
          "InterventionBrowseBranchList":{
            "InterventionBrowseBranch":[
              {
                "InterventionBrowseBranchAbbrev":"ANeo",
                "InterventionBrowseBranchName":"Antineoplastic Agents"
              },{
                "InterventionBrowseBranchAbbrev":"All",
                "InterventionBrowseBranchName":"All Drugs and Chemicals"
              },{
                "InterventionBrowseBranchAbbrev":"Hemat",
                "InterventionBrowseBranchName":"Hematinics"
              }
            ]
          }
        }
      }
    }
  }
}

