{
  "FullStudy":{
    "Rank":1246,
    "Study":{
      "ProtocolSection":{
        "IdentificationModule":{
          "NCTId":"NCT04833751",
          "OrgStudyIdInfo":{
            "OrgStudyId":"4-2018-1002"
          },
          "Organization":{
            "OrgFullName":"Yonsei University",
            "OrgClass":"OTHER"
          },
          "BriefTitle":"Registry of Cardio/Neurovascular Anesthesia Including the Database of Biological Signals During Anesthesia, Preoperative Assessment and Prognosis in Patients",
          "OfficialTitle":"Registry of Cardio/Neurovascular Anesthesia Including the Database of Biological Signals During Anesthesia, Preoperative Assessment and Prognosis in Patients"
        },
        "StatusModule":{
          "StatusVerifiedDate":"April 2021",
          "OverallStatus":"Recruiting",
          "ExpandedAccessInfo":{
            "HasExpandedAccess":"No"
          },
          "StartDateStruct":{
            "StartDate":"December 14, 2018",
            "StartDateType":"Actual"
          },
          "PrimaryCompletionDateStruct":{
            "PrimaryCompletionDate":"December 31, 2022",
            "PrimaryCompletionDateType":"Anticipated"
          },
          "CompletionDateStruct":{
            "CompletionDate":"December 31, 2023",
            "CompletionDateType":"Anticipated"
          },
          "StudyFirstSubmitDate":"April 1, 2021",
          "StudyFirstSubmitQCDate":"April 5, 2021",
          "StudyFirstPostDateStruct":{
            "StudyFirstPostDate":"April 6, 2021",
            "StudyFirstPostDateType":"Actual"
          },
          "LastUpdateSubmitDate":"April 5, 2021",
          "LastUpdatePostDateStruct":{
            "LastUpdatePostDate":"April 6, 2021",
            "LastUpdatePostDateType":"Actual"
          }
        },
        "SponsorCollaboratorsModule":{
          "ResponsibleParty":{
            "ResponsiblePartyType":"Sponsor"
          },
          "LeadSponsor":{
            "LeadSponsorName":"Yonsei University",
            "LeadSponsorClass":"OTHER"
          }
        },
        "OversightModule":{
          "OversightHasDMC":"No",
          "IsFDARegulatedDrug":"No",
          "IsFDARegulatedDevice":"No"
        },
        "DescriptionModule":{
          "BriefSummary":"Monitoring data during anesthesia of cardio/neurovascular surgical patient in the operation room or hybrid room would be collected and stored into the registry automatically. Patients' information, preoperative assessment and patients' short-term/long-term prognosis from medical records would be included in the registry. Intraoperative data including I/O balance, events and the use of vasoactive medications would also be included in the registry.\n\nThe purpose of the registry is to establish an automatically collected and accessible database of cardio/neurovascular surgical patients for further retrospective studies."
        },
        "ConditionsModule":{
          "ConditionList":{
            "Condition":[
              "Anesthesia for Cardio or Neurovascular Surgery or Procedure"
            ]
          }
        },
        "DesignModule":{
          "StudyType":"Observational",
          "PatientRegistry":"No",
          "DesignInfo":{
            "DesignObservationalModelList":{
              "DesignObservationalModel":[
                "Cohort"
              ]
            },
            "DesignTimePerspectiveList":{
              "DesignTimePerspective":[
                "Prospective"
              ]
            }
          },
          "EnrollmentInfo":{
            "EnrollmentCount":"10000",
            "EnrollmentType":"Anticipated"
          }
        },
        "ArmsInterventionsModule":{
          "ArmGroupList":{
            "ArmGroup":[
              {
                "ArmGroupLabel":"Anesthesia for cardio/neurovascular surgery or procedure",
                "ArmGroupDescription":"Patients undergoing anesthesia in an operating room or hybrid room for cardio/neurovascular surgery or procedure."
              }
            ]
          }
        },
        "OutcomesModule":{
          "PrimaryOutcomeList":{
            "PrimaryOutcome":[
              {
                "PrimaryOutcomeMeasure":"heart rate in bpm",
                "PrimaryOutcomeTimeFrame":"During the surgery or procedure"
              },{
                "PrimaryOutcomeMeasure":"systemic/pulmonary arterial blood pressure in mmHg",
                "PrimaryOutcomeTimeFrame":"During the surgery or procedure"
              },{
                "PrimaryOutcomeMeasure":"central venous pressure in mmHg",
                "PrimaryOutcomeTimeFrame":"During the surgery or procedure"
              },{
                "PrimaryOutcomeMeasure":"oxygen saturation in %",
                "PrimaryOutcomeTimeFrame":"During the surgery or procedure"
              },{
                "PrimaryOutcomeMeasure":"body temperature in degrees celsius",
                "PrimaryOutcomeTimeFrame":"During the surgery or procedure"
              },{
                "PrimaryOutcomeMeasure":"respiratory parameters -(airway pressure in cmH2O",
                "PrimaryOutcomeTimeFrame":"During the surgery or procedure"
              },{
                "PrimaryOutcomeMeasure":"respiratory parameters -fraction of inspired O2 in %",
                "PrimaryOutcomeTimeFrame":"During the surgery or procedure"
              },{
                "PrimaryOutcomeMeasure":"respiratory parameters -end-tidal concentration of volatile anesthetics in %",
                "PrimaryOutcomeTimeFrame":"During the surgery or procedure"
              },{
                "PrimaryOutcomeMeasure":"respiratory parameters -end-tidal CO2 in mmHg)",
                "PrimaryOutcomeTimeFrame":"During the surgery or procedure"
              },{
                "PrimaryOutcomeMeasure":"EEG-based monitoring of general anesthesia (in Bispectral index or Patient state index)",
                "PrimaryOutcomeTimeFrame":"During the surgery or procedure"
              },{
                "PrimaryOutcomeMeasure":"cerebral oxygen concentration in %",
                "PrimaryOutcomeTimeFrame":"During the surgery or procedure"
              },{
                "PrimaryOutcomeMeasure":"infusion history of target-controlled infusion pump in cc/h or effect site concentration (Ce)",
                "PrimaryOutcomeTimeFrame":"During the surgery or procedure"
              },{
                "PrimaryOutcomeMeasure":"cardiac output in l/min",
                "PrimaryOutcomeTimeFrame":"During the surgery or procedure"
              }
            ]
          }
        },
        "EligibilityModule":{
          "EligibilityCriteria":"Inclusion Criteria:\n\nPatients scheduled to undergo anesthesia for cardio/neurovascular surgery or procedure\nAdults over 19 years of age\n\nExclusion Criteria:\n\n1. Emergency situation in which there is not enough time to decide whether the patients will participate in this study (transfer to operation/hybrid room within 1 hour of visit)",
          "HealthyVolunteers":"No",
          "Gender":"All",
          "MinimumAge":"19 Years",
          "StdAgeList":{
            "StdAge":[
              "Adult",
              "Older Adult"
            ]
          },
          "StudyPopulation":"Patients undergoing cardio/neurovascular surgery or procedure",
          "SamplingMethod":"Non-Probability Sample"
        },
        "ContactsLocationsModule":{
          "CentralContactList":{
            "CentralContact":[
              {
                "CentralContactName":"Sarah Soh, MD, PhD",
                "CentralContactRole":"Contact",
                "CentralContactPhone":"82-2-2228-8512",
                "CentralContactEMail":"yeonchoo@yuhs.ac"
              }
            ]
          },
          "OverallOfficialList":{
            "OverallOfficial":[
              {
                "OverallOfficialName":"Sarah Soh, MD, PhD",
                "OverallOfficialAffiliation":"Department of Anesthesiology and Pain Medicine, Yonsei Cardiovascular Hospital, Yonsei University College of Medicine",
                "OverallOfficialRole":"Principal Investigator"
              }
            ]
          },
          "LocationList":{
            "Location":[
              {
                "LocationFacility":"Yonsei University Health System, Severance Hospital",
                "LocationStatus":"Recruiting",
                "LocationCity":"Seoul",
                "LocationCountry":"Korea, Republic of",
                "LocationContactList":{
                  "LocationContact":[
                    {
                      "LocationContactName":"Sarah Soh, MD. PhD",
                      "LocationContactRole":"Contact"
                    }
                  ]
                }
              }
            ]
          }
        },
        "IPDSharingStatementModule":{
          "IPDSharing":"Undecided",
          "IPDSharingDescription":"Individual participant data that underlie the results reported in this article, after deidentification (text, tables, figures, and appendices) will be shared.\n\nStart and end dates: Beginning 6 months and ending 36 months following article publication."
        }
      },
      "DerivedSection":{
        "MiscInfoModule":{
          "VersionHolder":"April 19, 2021"
        },
        "InterventionBrowseModule":{
          "InterventionBrowseLeafList":{
            "InterventionBrowseLeaf":[
              {
                "InterventionBrowseLeafId":"M2688",
                "InterventionBrowseLeafName":"Anesthetics",
                "InterventionBrowseLeafRelevance":"low"
              }
            ]
          },
          "InterventionBrowseBranchList":{
            "InterventionBrowseBranch":[
              {
                "InterventionBrowseBranchAbbrev":"CNSDep",
                "InterventionBrowseBranchName":"Central Nervous System Depressants"
              },{
                "InterventionBrowseBranchAbbrev":"All",
                "InterventionBrowseBranchName":"All Drugs and Chemicals"
              }
            ]
          }
        }
      }
    }
  }
}

