{
  "FullStudy":{
    "Rank":1107,
    "Study":{
      "ProtocolSection":{
        "IdentificationModule":{
          "NCTId":"NCT04835558",
          "OrgStudyIdInfo":{
            "OrgStudyId":"29713"
          },
          "Organization":{
            "OrgFullName":"Istanbul University",
            "OrgClass":"OTHER"
          },
          "BriefTitle":"Respiratory Muscle Endurance in Obesity Hypoventilation Syndrome",
          "OfficialTitle":"Respiratory Muscle Endurance in Obesity Hypoventilation Syndrome; Evaluation by Incremental Load Test"
        },
        "StatusModule":{
          "StatusVerifiedDate":"April 2021",
          "OverallStatus":"Completed",
          "ExpandedAccessInfo":{
            "HasExpandedAccess":"No"
          },
          "StartDateStruct":{
            "StartDate":"February 5, 2018",
            "StartDateType":"Actual"
          },
          "PrimaryCompletionDateStruct":{
            "PrimaryCompletionDate":"November 5, 2018",
            "PrimaryCompletionDateType":"Actual"
          },
          "CompletionDateStruct":{
            "CompletionDate":"January 24, 2019",
            "CompletionDateType":"Actual"
          },
          "StudyFirstSubmitDate":"March 28, 2021",
          "StudyFirstSubmitQCDate":"April 4, 2021",
          "StudyFirstPostDateStruct":{
            "StudyFirstPostDate":"April 8, 2021",
            "StudyFirstPostDateType":"Actual"
          },
          "LastUpdateSubmitDate":"April 4, 2021",
          "LastUpdatePostDateStruct":{
            "LastUpdatePostDate":"April 8, 2021",
            "LastUpdatePostDateType":"Actual"
          }
        },
        "SponsorCollaboratorsModule":{
          "ResponsibleParty":{
            "ResponsiblePartyType":"Principal Investigator",
            "ResponsiblePartyInvestigatorFullName":"Goksen Kuran Aslan",
            "ResponsiblePartyInvestigatorTitle":"Assoc. Prof.",
            "ResponsiblePartyInvestigatorAffiliation":"Istanbul University-Cerrahpasa"
          },
          "LeadSponsor":{
            "LeadSponsorName":"Istanbul University",
            "LeadSponsorClass":"OTHER"
          }
        },
        "OversightModule":{
          "OversightHasDMC":"No",
          "IsFDARegulatedDrug":"No",
          "IsFDARegulatedDevice":"No"
        },
        "DescriptionModule":{
          "BriefSummary":"Obesity hypoventilation syndrome (OHS) is defined as a combination of obesity [body mass index (BMI) ≥30 kg/m2], chronic daytime hypercapnia (PaCO2 >45 mm Hg), and sleep-apnea in the absence of other known causes of hypercapnia. Respiratory system compliance decreases and resistance increases in OHS. This causes increase in work of breathing and oxygen cost of breathing, which may result in respiratory muscle fatigue. Increase in respiratory workload and increase in resistance to respiration is expected to decrease in respiratory muscle endurance (RME) in subjects with OHS.",
          "DetailedDescription":"In the literature, studies evaluating RME in subjects with OHS are limited. No study has been found to evaluate RME using the incremental load test in subjects with OHS. Accordingly, it was aimed to evaluate and compare respiratory muscle endurance in subjects with OHS and a control group, and to determine factors associated with respiratory muscle endurance."
        },
        "ConditionsModule":{
          "ConditionList":{
            "Condition":[
              "Obesity Hypoventilation Syndrome (OHS)"
            ]
          },
          "KeywordList":{
            "Keyword":[
              "Respiratory Muscle Endurance",
              "Sleep",
              "Fatigue",
              "Quality of Life"
            ]
          }
        },
        "DesignModule":{
          "StudyType":"Observational",
          "PatientRegistry":"No",
          "DesignInfo":{
            "DesignObservationalModelList":{
              "DesignObservationalModel":[
                "Case-Control"
              ]
            },
            "DesignTimePerspectiveList":{
              "DesignTimePerspective":[
                "Prospective"
              ]
            }
          },
          "EnrollmentInfo":{
            "EnrollmentCount":"60",
            "EnrollmentType":"Actual"
          }
        },
        "ArmsInterventionsModule":{
          "ArmGroupList":{
            "ArmGroup":[
              {
                "ArmGroupLabel":"Group I",
                "ArmGroupDescription":"Subjects with obesity hypoventilation sydrome (30 < body mass index < 40 kg/m2)"
              },{
                "ArmGroupLabel":"Group II",
                "ArmGroupDescription":"Subjects with obesity hypoventilation sydrome (body mass index > 40 kg/m2)"
              },{
                "ArmGroupLabel":"Control Group",
                "ArmGroupDescription":"Age and sex-matched obese subjects (30 < body mass index < 40 kg/m2) with low risk of obstructive sleep apnea (STOP-BANG score < 3)"
              }
            ]
          }
        },
        "OutcomesModule":{
          "PrimaryOutcomeList":{
            "PrimaryOutcome":[
              {
                "PrimaryOutcomeMeasure":"Incremental load test",
                "PrimaryOutcomeDescription":"Respiratory muscle endurance was evaluated by incremental load test. The incremental load test was performed using the electronic inspiratory loading device (PowerBreathe®-KHP2).",
                "PrimaryOutcomeTimeFrame":"1 day"
              }
            ]
          },
          "SecondaryOutcomeList":{
            "SecondaryOutcome":[
              {
                "SecondaryOutcomeMeasure":"Mouth pressure measurements",
                "SecondaryOutcomeDescription":"Respiratory muscle strength was measured using mouth pressure measurements (Micro Medical MicroRPM).",
                "SecondaryOutcomeTimeFrame":"1 day"
              },{
                "SecondaryOutcomeMeasure":"6 minute walk test",
                "SecondaryOutcomeDescription":"The 6 minute walk test was used to evaluate the functional exercise capacity of the subjects.",
                "SecondaryOutcomeTimeFrame":"1 day"
              },{
                "SecondaryOutcomeMeasure":"Epworth Sleepiness Scale",
                "SecondaryOutcomeDescription":"Excessive daytime sleepiness was assessed with the Epworth Sleepiness Scale. A score of >10 accepted as daytime sleepiness.",
                "SecondaryOutcomeTimeFrame":"1 day"
              },{
                "SecondaryOutcomeMeasure":"Pittsburg Sleep Quality Index",
                "SecondaryOutcomeDescription":"Sleep quality was assessed with the Pittsburg Sleep Quality Index. The total score were interpreted as follows: 0-5 indicated good sleep quality, > 5 indicated poor sleep quality, and >10 indicated the presence of a sleep disorder.",
                "SecondaryOutcomeTimeFrame":"1 day"
              },{
                "SecondaryOutcomeMeasure":"Fatigue Severity Scale",
                "SecondaryOutcomeDescription":"Fatigue severity was assessed with the Fatigue Severity Scale. This seven-likert scale was used for each item and final score was accepted as mean value of the 9 items. The higher scores indicated higher fatigue severity.",
                "SecondaryOutcomeTimeFrame":"1 day"
              },{
                "SecondaryOutcomeMeasure":"EQ-5D Health-Related Quality of Life Questionnaire",
                "SecondaryOutcomeDescription":"Quality of life was assessed with the EQ-5D Health-Related Quality of Life Questionnaire. The maximum score of 1 indicates the best health state, and higher scores indicate more severe or frequent problems. In addition, there is a visual analogue scale (VAS) to indicate the general health status in which 100 indicates the best health status.",
                "SecondaryOutcomeTimeFrame":"1 day"
              },{
                "SecondaryOutcomeMeasure":"Obesity and Weight Loss Quality of Life Instrument",
                "SecondaryOutcomeDescription":"Quality of life specific to obesity was assessed with the Obesity and Weight Loss Quality of Life Instrument. As the total score from the scale approaches 0, the quality of life decreases, and as it approaches 100, the quality of life increases.",
                "SecondaryOutcomeTimeFrame":"1 day"
              }
            ]
          }
        },
        "EligibilityModule":{
          "EligibilityCriteria":"Inclusion Criteria:\n\nDiagnosed with OHS\nObese subjects (30 < body mass index < 40 kg/m2) with low risk of obstructive sleep apnea (STOP-BANG score < 3)\n\nExclusion Criteria:\n\nSevere respiratory disease\nSubjects with orthopeadic and/or neurologic disorders that could limit exercise tests",
          "HealthyVolunteers":"No",
          "Gender":"All",
          "MinimumAge":"24 Years",
          "MaximumAge":"69 Years",
          "StdAgeList":{
            "StdAge":[
              "Adult",
              "Older Adult"
            ]
          },
          "StudyPopulation":"All subjects who had polysomnography performed in the sleep laboratory and were diagnosed with OHS were screened.\n\nAge and sex-matched obese subjects (30 < body mass index < 40 kg/m2) with low risk of obstructive sleep apnea (STOP-BANG score < 3) included in the study as the control group.",
          "SamplingMethod":"Probability Sample"
        },
        "ContactsLocationsModule":{
          "LocationList":{
            "Location":[
              {
                "LocationFacility":"Istanbul University",
                "LocationCity":"Istanbul",
                "LocationCountry":"Turkey"
              }
            ]
          }
        }
      },
      "DerivedSection":{
        "MiscInfoModule":{
          "VersionHolder":"April 19, 2021"
        },
        "ConditionBrowseModule":{
          "ConditionMeshList":{
            "ConditionMesh":[
              {
                "ConditionMeshId":"D000007040",
                "ConditionMeshTerm":"Hypoventilation"
              },{
                "ConditionMeshId":"D000010845",
                "ConditionMeshTerm":"Obesity Hypoventilation Syndrome"
              },{
                "ConditionMeshId":"D000009765",
                "ConditionMeshTerm":"Obesity"
              },{
                "ConditionMeshId":"D000013577",
                "ConditionMeshTerm":"Syndrome"
              }
            ]
          },
          "ConditionAncestorList":{
            "ConditionAncestor":[
              {
                "ConditionAncestorId":"D000004194",
                "ConditionAncestorTerm":"Disease"
              },{
                "ConditionAncestorId":"D000010335",
                "ConditionAncestorTerm":"Pathologic Processes"
              },{
                "ConditionAncestorId":"D000044343",
                "ConditionAncestorTerm":"Overnutrition"
              },{
                "ConditionAncestorId":"D000009748",
                "ConditionAncestorTerm":"Nutrition Disorders"
              },{
                "ConditionAncestorId":"D000050177",
                "ConditionAncestorTerm":"Overweight"
              },{
                "ConditionAncestorId":"D000001835",
                "ConditionAncestorTerm":"Body Weight"
              },{
                "ConditionAncestorId":"D000012131",
                "ConditionAncestorTerm":"Respiratory Insufficiency"
              },{
                "ConditionAncestorId":"D000012120",
                "ConditionAncestorTerm":"Respiration Disorders"
              },{
                "ConditionAncestorId":"D000012140",
                "ConditionAncestorTerm":"Respiratory Tract Diseases"
              },{
                "ConditionAncestorId":"D000012818",
                "ConditionAncestorTerm":"Signs and Symptoms, Respiratory"
              },{
                "ConditionAncestorId":"D000020181",
                "ConditionAncestorTerm":"Sleep Apnea, Obstructive"
              },{
                "ConditionAncestorId":"D000012891",
                "ConditionAncestorTerm":"Sleep Apnea Syndromes"
              },{
                "ConditionAncestorId":"D000001049",
                "ConditionAncestorTerm":"Apnea"
              },{
                "ConditionAncestorId":"D000020919",
                "ConditionAncestorTerm":"Sleep Disorders, Intrinsic"
              },{
                "ConditionAncestorId":"D000020920",
                "ConditionAncestorTerm":"Dyssomnias"
              },{
                "ConditionAncestorId":"D000012893",
                "ConditionAncestorTerm":"Sleep Wake Disorders"
              },{
                "ConditionAncestorId":"D000009422",
                "ConditionAncestorTerm":"Nervous System Diseases"
              }
            ]
          },
          "ConditionBrowseLeafList":{
            "ConditionBrowseLeaf":[
              {
                "ConditionBrowseLeafId":"M6947",
                "ConditionBrowseLeafName":"Fatigue",
                "ConditionBrowseLeafRelevance":"low"
              },{
                "ConditionBrowseLeafId":"M14938",
                "ConditionBrowseLeafName":"Syndrome",
                "ConditionBrowseLeafAsFound":"Syndrome",
                "ConditionBrowseLeafRelevance":"high"
              },{
                "ConditionBrowseLeafId":"M11284",
                "ConditionBrowseLeafName":"Obesity",
                "ConditionBrowseLeafAsFound":"Obesity",
                "ConditionBrowseLeafRelevance":"high"
              },{
                "ConditionBrowseLeafId":"M8673",
                "ConditionBrowseLeafName":"Hypoventilation",
                "ConditionBrowseLeafAsFound":"Hypoventilation",
                "ConditionBrowseLeafRelevance":"high"
              },{
                "ConditionBrowseLeafId":"M12323",
                "ConditionBrowseLeafName":"Obesity Hypoventilation Syndrome",
                "ConditionBrowseLeafAsFound":"Obesity Hypoventilation Syndrome",
                "ConditionBrowseLeafRelevance":"high"
              },{
                "ConditionBrowseLeafId":"M23894",
                "ConditionBrowseLeafName":"Overnutrition",
                "ConditionBrowseLeafRelevance":"low"
              },{
                "ConditionBrowseLeafId":"M11267",
                "ConditionBrowseLeafName":"Nutrition Disorders",
                "ConditionBrowseLeafRelevance":"low"
              },{
                "ConditionBrowseLeafId":"M24773",
                "ConditionBrowseLeafName":"Overweight",
                "ConditionBrowseLeafRelevance":"low"
              },{
                "ConditionBrowseLeafId":"M3696",
                "ConditionBrowseLeafName":"Body Weight",
                "ConditionBrowseLeafRelevance":"low"
              },{
                "ConditionBrowseLeafId":"M13551",
                "ConditionBrowseLeafName":"Respiratory Insufficiency",
                "ConditionBrowseLeafRelevance":"low"
              },{
                "ConditionBrowseLeafId":"M13102",
                "ConditionBrowseLeafName":"Pulmonary Valve Insufficiency",
                "ConditionBrowseLeafRelevance":"low"
              },{
                "ConditionBrowseLeafId":"M13540",
                "ConditionBrowseLeafName":"Respiration Disorders",
                "ConditionBrowseLeafRelevance":"low"
              },{
                "ConditionBrowseLeafId":"M13560",
                "ConditionBrowseLeafName":"Respiratory Tract Diseases",
                "ConditionBrowseLeafRelevance":"low"
              },{
                "ConditionBrowseLeafId":"M14206",
                "ConditionBrowseLeafName":"Signs and Symptoms, Respiratory",
                "ConditionBrowseLeafRelevance":"low"
              },{
                "ConditionBrowseLeafId":"M2942",
                "ConditionBrowseLeafName":"Apnea",
                "ConditionBrowseLeafRelevance":"low"
              },{
                "ConditionBrowseLeafId":"M14277",
                "ConditionBrowseLeafName":"Sleep Apnea Syndromes",
                "ConditionBrowseLeafRelevance":"low"
              },{
                "ConditionBrowseLeafId":"M20594",
                "ConditionBrowseLeafName":"Sleep Apnea, Obstructive",
                "ConditionBrowseLeafRelevance":"low"
              },{
                "ConditionBrowseLeafId":"M20826",
                "ConditionBrowseLeafName":"Parasomnias",
                "ConditionBrowseLeafRelevance":"low"
              },{
                "ConditionBrowseLeafId":"M21238",
                "ConditionBrowseLeafName":"Sleep Disorders, Intrinsic",
                "ConditionBrowseLeafRelevance":"low"
              },{
                "ConditionBrowseLeafId":"M21239",
                "ConditionBrowseLeafName":"Dyssomnias",
                "ConditionBrowseLeafRelevance":"low"
              },{
                "ConditionBrowseLeafId":"M14279",
                "ConditionBrowseLeafName":"Sleep Wake Disorders",
                "ConditionBrowseLeafRelevance":"low"
              },{
                "ConditionBrowseLeafId":"T6034",
                "ConditionBrowseLeafName":"Quality of Life",
                "ConditionBrowseLeafRelevance":"low"
              }
            ]
          },
          "ConditionBrowseBranchList":{
            "ConditionBrowseBranch":[
              {
                "ConditionBrowseBranchAbbrev":"BC23",
                "ConditionBrowseBranchName":"Symptoms and General Pathology"
              },{
                "ConditionBrowseBranchAbbrev":"All",
                "ConditionBrowseBranchName":"All Conditions"
              },{
                "ConditionBrowseBranchAbbrev":"BC18",
                "ConditionBrowseBranchName":"Nutritional and Metabolic Diseases"
              },{
                "ConditionBrowseBranchAbbrev":"BC08",
                "ConditionBrowseBranchName":"Respiratory Tract (Lung and Bronchial) Diseases"
              },{
                "ConditionBrowseBranchAbbrev":"BC10",
                "ConditionBrowseBranchName":"Nervous System Diseases"
              },{
                "ConditionBrowseBranchAbbrev":"BC14",
                "ConditionBrowseBranchName":"Heart and Blood Diseases"
              },{
                "ConditionBrowseBranchAbbrev":"BXM",
                "ConditionBrowseBranchName":"Behaviors and Mental Disorders"
              }
            ]
          }
        }
      }
    }
  }
}

