{
  "FullStudy":{
    "Rank":917,
    "Study":{
      "ProtocolSection":{
        "IdentificationModule":{
          "NCTId":"NCT04838028",
          "OrgStudyIdInfo":{
            "OrgStudyId":"Bengan IV"
          },
          "Organization":{
            "OrgFullName":"Karolinska Institutet",
            "OrgClass":"OTHER"
          },
          "BriefTitle":"Chronic Postoperative Pain After Laparoscopic Groin Hernia Repair",
          "OfficialTitle":"Mesh and Fixation Combinations in Laparoscopic Groin Hernia Repair: Association With Chronic Postoperative Pain. A Swedish Hernia Registry Study."
        },
        "StatusModule":{
          "StatusVerifiedDate":"April 2021",
          "OverallStatus":"Completed",
          "ExpandedAccessInfo":{
            "HasExpandedAccess":"No"
          },
          "StartDateStruct":{
            "StartDate":"September 1, 2012",
            "StartDateType":"Actual"
          },
          "PrimaryCompletionDateStruct":{
            "PrimaryCompletionDate":"November 6, 2019",
            "PrimaryCompletionDateType":"Actual"
          },
          "CompletionDateStruct":{
            "CompletionDate":"November 6, 2020",
            "CompletionDateType":"Actual"
          },
          "StudyFirstSubmitDate":"April 7, 2021",
          "StudyFirstSubmitQCDate":"April 7, 2021",
          "StudyFirstPostDateStruct":{
            "StudyFirstPostDate":"April 8, 2021",
            "StudyFirstPostDateType":"Actual"
          },
          "LastUpdateSubmitDate":"April 8, 2021",
          "LastUpdatePostDateStruct":{
            "LastUpdatePostDate":"April 13, 2021",
            "LastUpdatePostDateType":"Actual"
          }
        },
        "SponsorCollaboratorsModule":{
          "ResponsibleParty":{
            "ResponsiblePartyType":"Principal Investigator",
            "ResponsiblePartyInvestigatorFullName":"Bengt Novik",
            "ResponsiblePartyInvestigatorTitle":"MD, SSOD",
            "ResponsiblePartyInvestigatorAffiliation":"Karolinska Institutet"
          },
          "LeadSponsor":{
            "LeadSponsorName":"Karolinska Institutet",
            "LeadSponsorClass":"OTHER"
          },
          "CollaboratorList":{
            "Collaborator":[
              {
                "CollaboratorName":"Centre for Clinical Research Sörmland, Uppsala University, Eskilstuna, Sweden",
                "CollaboratorClass":"UNKNOWN"
              },{
                "CollaboratorName":"Swedish Hernia Registry",
                "CollaboratorClass":"UNKNOWN"
              }
            ]
          }
        },
        "OversightModule":{
          "OversightHasDMC":"No",
          "IsFDARegulatedDrug":"No",
          "IsFDARegulatedDevice":"No",
          "IsUSExport":"Yes"
        },
        "DescriptionModule":{
          "BriefSummary":"The study attempts to quantify the relative risks for chronic postoperative inguinal pain (CPIP) depending on different combinations of mesh and mesh fixation. For this purpose the investigators will analyze data from the Swedish Hernia Registry (SHR).",
          "DetailedDescription":"This is an open cohort study design where the investigators will analyze existing data that have been prospectively collected in the Swedish Hernia Registry (SHR), which covers > 95% of all groin hernia repairs in Sweden. The very large cohort of more than 37,000 TEP (totally extraperitoneal) and TAPP (transabdominal preperitoneal) repairs enable assessment of the relative risks for CPIP depending on different combinations of mesh and mesh fixation. Each participant was entered at the date of surgery when demographic and intraoperative data were registered. The possible presence of CPIP after 1 year postoperative was evaluated with a PROM questionnaire."
        },
        "ConditionsModule":{
          "ConditionList":{
            "Condition":[
              "Postoperative Pain",
              "Chronic Pain"
            ]
          }
        },
        "DesignModule":{
          "StudyType":"Observational",
          "PatientRegistry":"No",
          "DesignInfo":{
            "DesignObservationalModelList":{
              "DesignObservationalModel":[
                "Cohort"
              ]
            },
            "DesignTimePerspectiveList":{
              "DesignTimePerspective":[
                "Prospective"
              ]
            }
          },
          "EnrollmentInfo":{
            "EnrollmentCount":"37303",
            "EnrollmentType":"Actual"
          }
        },
        "ArmsInterventionsModule":{
          "ArmGroupList":{
            "ArmGroup":[
              {
                "ArmGroupLabel":"StdPPM",
                "ArmGroupDescription":"Standard pure polypropylene mesh",
                "ArmGroupInterventionList":{
                  "ArmGroupInterventionName":[
                    "Procedure: TEP",
                    "Procedure: TAPP"
                  ]
                }
              },{
                "ArmGroupLabel":"LWM",
                "ArmGroupDescription":"Lightweight mesh",
                "ArmGroupInterventionList":{
                  "ArmGroupInterventionName":[
                    "Procedure: TEP",
                    "Procedure: TAPP"
                  ]
                }
              },{
                "ArmGroupLabel":"Tacks, metal",
                "ArmGroupDescription":"Metal staples or tacks",
                "ArmGroupInterventionList":{
                  "ArmGroupInterventionName":[
                    "Procedure: TEP",
                    "Procedure: TAPP"
                  ]
                }
              },{
                "ArmGroupLabel":"Tacks, absorbable",
                "ArmGroupDescription":"Absorbable synthetic staples or tacks",
                "ArmGroupInterventionList":{
                  "ArmGroupInterventionName":[
                    "Procedure: TEP",
                    "Procedure: TAPP"
                  ]
                }
              },{
                "ArmGroupLabel":"Fibrin glue",
                "ArmGroupDescription":"Biologic glue/sealant produced from human donor blood",
                "ArmGroupInterventionList":{
                  "ArmGroupInterventionName":[
                    "Procedure: TEP",
                    "Procedure: TAPP"
                  ]
                }
              },{
                "ArmGroupLabel":"Non-fixation",
                "ArmGroupDescription":"Mesh is deployed without fixation",
                "ArmGroupInterventionList":{
                  "ArmGroupInterventionName":[
                    "Procedure: TEP",
                    "Procedure: TAPP"
                  ]
                }
              }
            ]
          },
          "InterventionList":{
            "Intervention":[
              {
                "InterventionType":"Procedure",
                "InterventionName":"TEP",
                "InterventionDescription":"Laparoscopic totally extraperitoneal mesh repair of groin hernia",
                "InterventionArmGroupLabelList":{
                  "InterventionArmGroupLabel":[
                    "Fibrin glue",
                    "LWM",
                    "Non-fixation",
                    "StdPPM",
                    "Tacks, absorbable",
                    "Tacks, metal"
                  ]
                }
              },{
                "InterventionType":"Procedure",
                "InterventionName":"TAPP",
                "InterventionDescription":"Laparoscopic transabdominal mesh repair of groin hernia",
                "InterventionArmGroupLabelList":{
                  "InterventionArmGroupLabel":[
                    "Fibrin glue",
                    "LWM",
                    "Non-fixation",
                    "StdPPM",
                    "Tacks, absorbable",
                    "Tacks, metal"
                  ]
                }
              }
            ]
          }
        },
        "OutcomesModule":{
          "PrimaryOutcomeList":{
            "PrimaryOutcome":[
              {
                "PrimaryOutcomeMeasure":"Relative risk for postoperative pain at 1 year",
                "PrimaryOutcomeDescription":"Chronic postoperative inguinal pain, measured by the Short Form Inguinal Pain Questionnaire (sf-IPQ)",
                "PrimaryOutcomeTimeFrame":"1 year"
              }
            ]
          },
          "SecondaryOutcomeList":{
            "SecondaryOutcome":[
              {
                "SecondaryOutcomeMeasure":"Reoperation",
                "SecondaryOutcomeDescription":"Reoperation due to recurrence, during the study period",
                "SecondaryOutcomeTimeFrame":"1-8 years"
              }
            ]
          }
        },
        "EligibilityModule":{
          "EligibilityCriteria":"Inclusion Criteria:\n\nAll laparoscopic TEP and TAPP repairs that have been registered in the SHR from September 1, 2012, until November 6, 2019.\n\nExclusion Criteria:\n\nOpen repairs.\nHernioplasties that were converted from laparoscopic to open surgery.\nAge < 15 years.\nPatients not having a 10-digit state-assigned Patient Identification Number.",
          "HealthyVolunteers":"No",
          "Gender":"All",
          "MinimumAge":"15 Years",
          "StdAgeList":{
            "StdAge":[
              "Child",
              "Adult",
              "Older Adult"
            ]
          },
          "StudyPopulation":"An unselected, consecutive nationwide cohort during 7 years, with a 1-year follow-up",
          "SamplingMethod":"Non-Probability Sample"
        },
        "ContactsLocationsModule":{
          "OverallOfficialList":{
            "OverallOfficial":[
              {
                "OverallOfficialName":"Bengt Novik, MD",
                "OverallOfficialAffiliation":"Dept of Clinical Sciences, Karolinska Institutet, Danderyd Hospital, Stockholm",
                "OverallOfficialRole":"Principal Investigator"
              }
            ]
          }
        },
        "ReferencesModule":{
          "ReferenceList":{
            "Reference":[
              {
                "ReferencePMID":"21242440",
                "ReferenceType":"background",
                "ReferenceCitation":"Novik B, Nordin P, Skullman S, Dalenbäck J, Enochsson L. More recurrences after hernia mesh fixation with short-term absorbable sutures: A registry study of 82 015 Lichtenstein repairs. Arch Surg. 2011 Jan;146(1):12-7. doi: 10.1001/archsurg.2010.302."
              },{
                "ReferencePMID":"16424986",
                "ReferenceType":"background",
                "ReferenceCitation":"Novik B, Hagedorn S, Mörk UB, Dahlin K, Skullman S, Dalenbäck J. Fibrin glue for securing the mesh in laparoscopic totally extraperitoneal inguinal hernia repair: a study with a 40-month prospective follow-up period. Surg Endosc. 2006 Mar;20(3):462-7. Epub 2006 Jan 19."
              },{
                "ReferencePMID":"18161900",
                "ReferenceType":"background",
                "ReferenceCitation":"Fränneby U, Gunnarsson U, Andersson M, Heuman R, Nordin P, Nyrén O, Sandblom G. Validation of an Inguinal Pain Questionnaire for assessment of chronic pain after groin hernia repair. Br J Surg. 2008 Apr;95(4):488-93."
              },{
                "ReferencePMID":"30478683",
                "ReferenceType":"background",
                "ReferenceCitation":"Olsson A, Sandblom G, Fränneby U, Sondén A, Gunnarsson U, Dahlstrand U. The Short-Form Inguinal Pain Questionnaire (sf-IPQ): An Instrument for Rating Groin Pain After Inguinal Hernia Surgery in Daily Clinical Practice. World J Surg. 2019 Mar;43(3):806-811. doi: 10.1007/s00268-018-4863-8."
              }
            ]
          }
        },
        "IPDSharingStatementModule":{
          "IPDSharing":"No"
        }
      },
      "DerivedSection":{
        "MiscInfoModule":{
          "VersionHolder":"April 19, 2021"
        },
        "ConditionBrowseModule":{
          "ConditionMeshList":{
            "ConditionMesh":[
              {
                "ConditionMeshId":"D000010149",
                "ConditionMeshTerm":"Pain, Postoperative"
              },{
                "ConditionMeshId":"D000059350",
                "ConditionMeshTerm":"Chronic Pain"
              },{
                "ConditionMeshId":"D000006547",
                "ConditionMeshTerm":"Hernia"
              },{
                "ConditionMeshId":"D000006552",
                "ConditionMeshTerm":"Hernia, Inguinal"
              }
            ]
          },
          "ConditionAncestorList":{
            "ConditionAncestor":[
              {
                "ConditionAncestorId":"D000011183",
                "ConditionAncestorTerm":"Postoperative Complications"
              },{
                "ConditionAncestorId":"D000010335",
                "ConditionAncestorTerm":"Pathologic Processes"
              },{
                "ConditionAncestorId":"D000010146",
                "ConditionAncestorTerm":"Pain"
              },{
                "ConditionAncestorId":"D000009461",
                "ConditionAncestorTerm":"Neurologic Manifestations"
              },{
                "ConditionAncestorId":"D000020763",
                "ConditionAncestorTerm":"Pathological Conditions, Anatomical"
              },{
                "ConditionAncestorId":"D000046449",
                "ConditionAncestorTerm":"Hernia, Abdominal"
              }
            ]
          },
          "ConditionBrowseLeafList":{
            "ConditionBrowseLeaf":[
              {
                "ConditionBrowseLeafId":"M28029",
                "ConditionBrowseLeafName":"Chronic Pain",
                "ConditionBrowseLeafAsFound":"Chronic Pain",
                "ConditionBrowseLeafRelevance":"high"
              },{
                "ConditionBrowseLeafId":"M11652",
                "ConditionBrowseLeafName":"Pain, Postoperative",
                "ConditionBrowseLeafAsFound":"Postoperative Pain",
                "ConditionBrowseLeafRelevance":"high"
              },{
                "ConditionBrowseLeafId":"M8208",
                "ConditionBrowseLeafName":"Hernia",
                "ConditionBrowseLeafAsFound":"Hernia",
                "ConditionBrowseLeafRelevance":"high"
              },{
                "ConditionBrowseLeafId":"M8213",
                "ConditionBrowseLeafName":"Hernia, Inguinal",
                "ConditionBrowseLeafAsFound":"Groin Hernia",
                "ConditionBrowseLeafRelevance":"high"
              },{
                "ConditionBrowseLeafId":"M11649",
                "ConditionBrowseLeafName":"Pain",
                "ConditionBrowseLeafRelevance":"low"
              },{
                "ConditionBrowseLeafId":"M12648",
                "ConditionBrowseLeafName":"Postoperative Complications",
                "ConditionBrowseLeafRelevance":"low"
              },{
                "ConditionBrowseLeafId":"M10987",
                "ConditionBrowseLeafName":"Neurologic Manifestations",
                "ConditionBrowseLeafRelevance":"low"
              },{
                "ConditionBrowseLeafId":"M21103",
                "ConditionBrowseLeafName":"Pathological Conditions, Anatomical",
                "ConditionBrowseLeafRelevance":"low"
              },{
                "ConditionBrowseLeafId":"M24262",
                "ConditionBrowseLeafName":"Hernia, Abdominal",
                "ConditionBrowseLeafRelevance":"low"
              }
            ]
          },
          "ConditionBrowseBranchList":{
            "ConditionBrowseBranch":[
              {
                "ConditionBrowseBranchAbbrev":"BC23",
                "ConditionBrowseBranchName":"Symptoms and General Pathology"
              },{
                "ConditionBrowseBranchAbbrev":"All",
                "ConditionBrowseBranchName":"All Conditions"
              },{
                "ConditionBrowseBranchAbbrev":"BC10",
                "ConditionBrowseBranchName":"Nervous System Diseases"
              }
            ]
          }
        },
        "InterventionBrowseModule":{
          "InterventionBrowseLeafList":{
            "InterventionBrowseLeaf":[
              {
                "InterventionBrowseLeafId":"M16874",
                "InterventionBrowseLeafName":"Fibrin Tissue Adhesive",
                "InterventionBrowseLeafRelevance":"low"
              }
            ]
          },
          "InterventionBrowseBranchList":{
            "InterventionBrowseBranch":[
              {
                "InterventionBrowseBranchAbbrev":"Coag",
                "InterventionBrowseBranchName":"Coagulants"
              },{
                "InterventionBrowseBranchAbbrev":"All",
                "InterventionBrowseBranchName":"All Drugs and Chemicals"
              }
            ]
          }
        }
      }
    }
  }
}

