{
  "FullStudy":{
    "Rank":828,
    "Study":{
      "ProtocolSection":{
        "IdentificationModule":{
          "NCTId":"NCT04839185",
          "OrgStudyIdInfo":{
            "OrgStudyId":"2019-1432"
          },
          "SecondaryIdInfoList":{
            "SecondaryIdInfo":[
              {
                "SecondaryId":"A532860",
                "SecondaryIdType":"Other Identifier",
                "SecondaryIdDomain":"UW, Madison"
              },{
                "SecondaryId":"SMPH/OBSTET & GYNECOL",
                "SecondaryIdType":"Other Identifier",
                "SecondaryIdDomain":"UW, Madison"
              },{
                "SecondaryId":"1U01HD087216-01",
                "SecondaryIdType":"U.S. NIH Grant/Contract",
                "SecondaryIdLink":"https://projectreporter.nih.gov/reporterapi.cfm?PROJECTNUM=1U01HD087216-01&Fy=all"
              },{
                "SecondaryId":"Protocol ver: 04-06-2020",
                "SecondaryIdType":"Other Identifier",
                "SecondaryIdDomain":"HS-IRB, UW Madison"
              }
            ]
          },
          "Organization":{
            "OrgFullName":"University of Wisconsin, Madison",
            "OrgClass":"OTHER"
          },
          "BriefTitle":"Placental Lesions in Fetal Growth Restrictions",
          "OfficialTitle":"Detection of Placental Lesions in Fetal Growth Restriction"
        },
        "StatusModule":{
          "StatusVerifiedDate":"April 2021",
          "OverallStatus":"Not yet recruiting",
          "ExpandedAccessInfo":{
            "HasExpandedAccess":"No"
          },
          "StartDateStruct":{
            "StartDate":"May 2021",
            "StartDateType":"Anticipated"
          },
          "PrimaryCompletionDateStruct":{
            "PrimaryCompletionDate":"October 2021",
            "PrimaryCompletionDateType":"Anticipated"
          },
          "CompletionDateStruct":{
            "CompletionDate":"October 2022",
            "CompletionDateType":"Anticipated"
          },
          "StudyFirstSubmitDate":"April 7, 2021",
          "StudyFirstSubmitQCDate":"April 7, 2021",
          "StudyFirstPostDateStruct":{
            "StudyFirstPostDate":"April 9, 2021",
            "StudyFirstPostDateType":"Actual"
          },
          "LastUpdateSubmitDate":"April 7, 2021",
          "LastUpdatePostDateStruct":{
            "LastUpdatePostDate":"April 9, 2021",
            "LastUpdatePostDateType":"Actual"
          }
        },
        "SponsorCollaboratorsModule":{
          "ResponsibleParty":{
            "ResponsiblePartyType":"Sponsor"
          },
          "LeadSponsor":{
            "LeadSponsorName":"University of Wisconsin, Madison",
            "LeadSponsorClass":"OTHER"
          },
          "CollaboratorList":{
            "Collaborator":[
              {
                "CollaboratorName":"Eunice Kennedy Shriver National Institute of Child Health and Human Development (NICHD)",
                "CollaboratorClass":"NIH"
              }
            ]
          }
        },
        "OversightModule":{
          "IsFDARegulatedDrug":"Yes",
          "IsFDARegulatedDevice":"No"
        },
        "DescriptionModule":{
          "BriefSummary":"The purpose of this research study is to develop imaging methods to diagnose placental injury in pregnancies diagnosed with fetal growth restriction (FGR). Investigators are doing this research because the use of IV iron, followed by a Magnetic resonance imaging (MRI), may help detect injury in the placenta. The IV iron, ferumoxytol, is an iron preparation used for treatment of iron deficiency anemia. It is given in hospital setting under close medical attention. Ferumoxytol(FE) is FDA approved for some uses, but in pregnant women, its use as a MRI contrast is investigational.",
          "DetailedDescription":"Research Procedure Descriptions\n\nBlood/urine collection for research Blood and urine samples are collected at the consenting visit and at the time of delivery. A total of 10 mL, of blood is collected via venipuncture along with an aliquot of a urine sample. For research visits that coincide with clinical visits, research blood samples are collected in conjunction with clinical samples, saving subjects an additional needle stick. All subjects are asked if they wish to have left over research samples banked for future unspecified research. Blood and urine samples will be analyzed to monitor relevant maternal growth factors, multiplex assays for Cytokine panel and Matrix metalloproteinases (MMPs). Urine will be tested for Shed VE-Cadherin (VE Cad).\n\n60 minute MRI: This MRI scan will take approximately 60 minutes. Prior to entering the MR suite, subjects are screened again for MRI safety and compatibility. The MR imaging exam is expected to take approximately 60 minutes with some additional time to get subjects comfortably placed in the scanner. Subjects are made as comfortable as possible in the bore and are provided with an alarm, which allows them to get the attention of the MR technologist conducting the scan. There is a break between scans to ensure the comfort of the subjects.\n\nFerumoxytol administration:\n\nThe MRI imaging with ferumoxytol as a contrast agent will be conducted at the scheduled visits based on timing of FGR diagnosis. Ferumoxytol will be administered in a hospital triage setting with maternal pulse and blood pressure monitoring and fetal heart rate monitoring. The pharmacy will be notified in advance of the arrival of the participant, so that they can prepare the infusion in a timely fashion and deliver it to triage upon participant's arrival. Participants will arrive at UnityPoint-Health Meriter Hospital obstetric triage unit as prescheduled for ferumoxytol infusion. Later that same day, the participants will present to the University of Wisconsin (UW) Hospital, Wisconsin Institutes for Medical Research (WIMR) or 1 S. Park location for their pre-scheduled MRI. In the triage unit, the nurse will obtain baseline vital signs, including maternal pulse, blood pressure, and fetal heart rate. Following this, the nurse will initiate an infusion dose of ferumoxytol. Ferumoxytol will be administered intravenously, by infusion, over 30 minutes. The participants will be monitored at 5 to 15-minute intervals, for pulse, blood pressure, respiration, and fetal heart rate. The MRI scanning procedure will be conducted at the UW Hospital, WIMR or 1 S. Park location for approximately 60 minutes.\n\nThe recommended dose of Feraheme is an initial 510 mg dose followed by a second 510 mg dose 3 to 8 days later. Investigators plan to dilute half of the recommended initial dose, i.e. 255 mg in 50 mL of 0.9% Sodium Chloride Injection, USP or 5% Dextrose Injection, USP. Feraheme will be given only once, in one infusion of 255 mg to each participant who has consented for this study."
        },
        "ConditionsModule":{
          "ConditionList":{
            "Condition":[
              "Fetal Growth Retardation"
            ]
          }
        },
        "DesignModule":{
          "StudyType":"Interventional",
          "PhaseList":{
            "Phase":[
              "Early Phase 1"
            ]
          },
          "DesignInfo":{
            "DesignAllocation":"N/A",
            "DesignInterventionModel":"Single Group Assignment",
            "DesignPrimaryPurpose":"Diagnostic",
            "DesignMaskingInfo":{
              "DesignMasking":"None (Open Label)"
            }
          },
          "EnrollmentInfo":{
            "EnrollmentCount":"20",
            "EnrollmentType":"Anticipated"
          }
        },
        "ArmsInterventionsModule":{
          "ArmGroupList":{
            "ArmGroup":[
              {
                "ArmGroupLabel":"Diagnostic: Ferumoxytol MRI",
                "ArmGroupType":"Other",
                "ArmGroupDescription":"The subject will receive an infusion of an iron supplement, ferumoxytol, followed by a same day MRI scan and then a second MRI scan 3-5 days later.",
                "ArmGroupInterventionList":{
                  "ArmGroupInterventionName":[
                    "Drug: Ferumoxytol infusion",
                    "Procedure: MRI scan"
                  ]
                }
              }
            ]
          },
          "InterventionList":{
            "Intervention":[
              {
                "InterventionType":"Drug",
                "InterventionName":"Ferumoxytol infusion",
                "InterventionDescription":"Ferumoxytol will be administered intravenously, by infusion, over 30 minutes. It will be used a contrast agent for MRI imaging to detect placental lesions in fetal growth restriction.\n\nDose will be 255 mg in 50 mL of 0.9% Sodium Chloride Injection, USP or 5% Dextrose Injection, USP. Ferumoxytol/Feraheme will be administered only once, in one infusion of 255 mg to each subject.",
                "InterventionArmGroupLabelList":{
                  "InterventionArmGroupLabel":[
                    "Diagnostic: Ferumoxytol MRI"
                  ]
                },
                "InterventionOtherNameList":{
                  "InterventionOtherName":[
                    "Feraheme"
                  ]
                }
              },{
                "InterventionType":"Procedure",
                "InterventionName":"MRI scan",
                "InterventionDescription":"The MRI scanning procedure will last for approximately 60 minutes.",
                "InterventionArmGroupLabelList":{
                  "InterventionArmGroupLabel":[
                    "Diagnostic: Ferumoxytol MRI"
                  ]
                }
              }
            ]
          }
        },
        "OutcomesModule":{
          "PrimaryOutcomeList":{
            "PrimaryOutcome":[
              {
                "PrimaryOutcomeMeasure":"Number of Participants for which Intervillous Placental Blood is Detected",
                "PrimaryOutcomeDescription":"Intervillous Placental Blood will be detected by Magnetic resonance imaging (MRI). The patient will receive the first 60-minute MRI within 1-15 hours after completion of the ferumoxytol infusion.",
                "PrimaryOutcomeTimeFrame":"up to 1 week"
              },{
                "PrimaryOutcomeMeasure":"Number of Participant for which Placental Lesions are Detected",
                "PrimaryOutcomeDescription":"Placental lesion will be detected by Magnetic resonance imaging (MRI). The patient will receive the first 60-minute MRI within 1-15 hours after completion of the ferumoxytol infusion.",
                "PrimaryOutcomeTimeFrame":"up to 1 week"
              },{
                "PrimaryOutcomeMeasure":"Number of Participants for which Macrophage at the Implementation Site are Detected",
                "PrimaryOutcomeDescription":"FE-MRI (ferumoxytol- magnetic resonance imaging) will be used first time as a contrast agent to generate for the 3D high-resolution MRI maps of macrophages at the maternal-fetal interface (MFI) in real time in vivo.",
                "PrimaryOutcomeTimeFrame":"up to 1 week"
              }
            ]
          }
        },
        "EligibilityModule":{
          "EligibilityCriteria":"Inclusion Criteria:\n\nPregravid Body Mass Index (BMI) 18.5-39.9 kg/M2\nWomen with singleton pregnancies\nUltrasound confirmed pregnancy dating prior to 14 weeks gestation\nGestational age of 27 0/7 - 32 6/7 weeks at FGR diagnosis based on standard clinical criteria: Either estimated fetal weight (EFW) less than 10 percentile OR abdominal circumference less than 10th percentile\n\nExclusion Criteria:\n\nDiagnosis of preeclampsia at FGR diagnosis\nGestational Diabetes Mellitus or type I/II Diabetes Mellitus\nKnown fetal chromosome abnormality, structural malformation or syndromes in current pregnancy\nKnown fetal viral infection syndrome\nAlcohol/drug use in current pregnancy\nHistory of sickle cell anemia, sickle cell trait or other inherited anemia with risk of iron overload\nContraindications to MRI (such as claustrophobia, metallic implant, etc.) based on MRI Screening\nParticipation in other interventional clinical trials, including those with other investigational agents not included in this trial, within 30 days of the start of this trial and throughout the duration of this trial\nAny physical or psychological symptom, based on the clinical judgment of the study physician that would make a participant unsuitable for the study.",
          "HealthyVolunteers":"No",
          "Gender":"Female",
          "GenderBased":"Yes",
          "MinimumAge":"18 Years",
          "MaximumAge":"50 Years",
          "StdAgeList":{
            "StdAge":[
              "Adult"
            ]
          }
        },
        "ContactsLocationsModule":{
          "CentralContactList":{
            "CentralContact":[
              {
                "CentralContactName":"Sharon Blohowiak",
                "CentralContactRole":"Contact",
                "CentralContactPhone":"608-417-6957",
                "CentralContactEMail":"sblohowiak@wisc.edu"
              },{
                "CentralContactName":"Rosalina Villalon Landeros, PhD",
                "CentralContactRole":"Contact",
                "CentralContactEMail":"villalonland@wisc.edu"
              }
            ]
          },
          "OverallOfficialList":{
            "OverallOfficial":[
              {
                "OverallOfficialName":"Dinesh Shah, MD",
                "OverallOfficialAffiliation":"University of Wisconsin, Madison",
                "OverallOfficialRole":"Principal Investigator"
              }
            ]
          },
          "LocationList":{
            "Location":[
              {
                "LocationFacility":"University of Wisconsin-Madison",
                "LocationCity":"Madison",
                "LocationState":"Wisconsin",
                "LocationZip":"53715",
                "LocationCountry":"United States"
              }
            ]
          }
        },
        "IPDSharingStatementModule":{
          "IPDSharing":"No"
        }
      },
      "DerivedSection":{
        "MiscInfoModule":{
          "VersionHolder":"April 19, 2021"
        },
        "ConditionBrowseModule":{
          "ConditionMeshList":{
            "ConditionMesh":[
              {
                "ConditionMeshId":"D000005317",
                "ConditionMeshTerm":"Fetal Growth Retardation"
              }
            ]
          },
          "ConditionAncestorList":{
            "ConditionAncestor":[
              {
                "ConditionAncestorId":"D000005315",
                "ConditionAncestorTerm":"Fetal Diseases"
              },{
                "ConditionAncestorId":"D000011248",
                "ConditionAncestorTerm":"Pregnancy Complications"
              },{
                "ConditionAncestorId":"D000006130",
                "ConditionAncestorTerm":"Growth Disorders"
              },{
                "ConditionAncestorId":"D000010335",
                "ConditionAncestorTerm":"Pathologic Processes"
              }
            ]
          },
          "ConditionBrowseLeafList":{
            "ConditionBrowseLeaf":[
              {
                "ConditionBrowseLeafId":"M7030",
                "ConditionBrowseLeafName":"Fetal Growth Retardation",
                "ConditionBrowseLeafAsFound":"Fetal Growth Retardation",
                "ConditionBrowseLeafRelevance":"high"
              },{
                "ConditionBrowseLeafId":"M7028",
                "ConditionBrowseLeafName":"Fetal Diseases",
                "ConditionBrowseLeafRelevance":"low"
              },{
                "ConditionBrowseLeafId":"M12710",
                "ConditionBrowseLeafName":"Pregnancy Complications",
                "ConditionBrowseLeafRelevance":"low"
              },{
                "ConditionBrowseLeafId":"M7813",
                "ConditionBrowseLeafName":"Growth Disorders",
                "ConditionBrowseLeafRelevance":"low"
              }
            ]
          },
          "ConditionBrowseBranchList":{
            "ConditionBrowseBranch":[
              {
                "ConditionBrowseBranchAbbrev":"BXS",
                "ConditionBrowseBranchName":"Urinary Tract, Sexual Organs, and Pregnancy Conditions"
              },{
                "ConditionBrowseBranchAbbrev":"BC16",
                "ConditionBrowseBranchName":"Diseases and Abnormalities at or Before Birth"
              },{
                "ConditionBrowseBranchAbbrev":"BC23",
                "ConditionBrowseBranchName":"Symptoms and General Pathology"
              },{
                "ConditionBrowseBranchAbbrev":"All",
                "ConditionBrowseBranchName":"All Conditions"
              }
            ]
          }
        },
        "InterventionBrowseModule":{
          "InterventionMeshList":{
            "InterventionMesh":[
              {
                "InterventionMeshId":"D000052203",
                "InterventionMeshTerm":"Ferrosoferric Oxide"
              }
            ]
          },
          "InterventionAncestorList":{
            "InterventionAncestor":[
              {
                "InterventionAncestorId":"D000006397",
                "InterventionAncestorTerm":"Hematinics"
              },{
                "InterventionAncestorId":"D000057947",
                "InterventionAncestorTerm":"Parenteral Nutrition Solutions"
              },{
                "InterventionAncestorId":"D000019999",
                "InterventionAncestorTerm":"Pharmaceutical Solutions"
              }
            ]
          },
          "InterventionBrowseLeafList":{
            "InterventionBrowseLeaf":[
              {
                "InterventionBrowseLeafId":"M9116",
                "InterventionBrowseLeafName":"Iron",
                "InterventionBrowseLeafRelevance":"low"
              },{
                "InterventionBrowseLeafId":"M25583",
                "InterventionBrowseLeafName":"Ferrosoferric Oxide",
                "InterventionBrowseLeafAsFound":"TAF",
                "InterventionBrowseLeafRelevance":"high"
              },{
                "InterventionBrowseLeafId":"M8068",
                "InterventionBrowseLeafName":"Hematinics",
                "InterventionBrowseLeafRelevance":"low"
              },{
                "InterventionBrowseLeafId":"M20444",
                "InterventionBrowseLeafName":"Pharmaceutical Solutions",
                "InterventionBrowseLeafRelevance":"low"
              },{
                "InterventionBrowseLeafId":"M27521",
                "InterventionBrowseLeafName":"Parenteral Nutrition Solutions",
                "InterventionBrowseLeafRelevance":"low"
              },{
                "InterventionBrowseLeafId":"T341",
                "InterventionBrowseLeafName":"Iron Supplement",
                "InterventionBrowseLeafRelevance":"low"
              }
            ]
          },
          "InterventionBrowseBranchList":{
            "InterventionBrowseBranch":[
              {
                "InterventionBrowseBranchAbbrev":"Micro",
                "InterventionBrowseBranchName":"Micronutrients"
              },{
                "InterventionBrowseBranchAbbrev":"All",
                "InterventionBrowseBranchName":"All Drugs and Chemicals"
              },{
                "InterventionBrowseBranchAbbrev":"Hemat",
                "InterventionBrowseBranchName":"Hematinics"
              },{
                "InterventionBrowseBranchAbbrev":"PhSol",
                "InterventionBrowseBranchName":"Pharmaceutical Solutions"
              },{
                "InterventionBrowseBranchAbbrev":"Mi",
                "InterventionBrowseBranchName":"Mineral"
              }
            ]
          }
        }
      }
    }
  }
}

