{
  "FullStudy":{
    "Rank":1385,
    "Study":{
      "ProtocolSection":{
        "IdentificationModule":{
          "NCTId":"NCT04831944",
          "OrgStudyIdInfo":{
            "OrgStudyId":"INCB 50465-108"
          },
          "Organization":{
            "OrgFullName":"Incyte Corporation",
            "OrgClass":"INDUSTRY"
          },
          "BriefTitle":"To Evaluate the Safety, and Pharmacokinetics of Parscaclisib in Participants With Normal Hepatic Function and Hepatic Impairment.",
          "OfficialTitle":"A Phase 1, Open-Label Study to Evaluate the Pharmacokinetics and Safety of Parsaclisib in Participants With Normal Hepatic Function and Participants With Hepatic Impairment"
        },
        "StatusModule":{
          "StatusVerifiedDate":"March 2021",
          "OverallStatus":"Recruiting",
          "ExpandedAccessInfo":{
            "HasExpandedAccess":"No"
          },
          "StartDateStruct":{
            "StartDate":"April 7, 2021",
            "StartDateType":"Anticipated"
          },
          "PrimaryCompletionDateStruct":{
            "PrimaryCompletionDate":"December 29, 2021",
            "PrimaryCompletionDateType":"Anticipated"
          },
          "CompletionDateStruct":{
            "CompletionDate":"December 29, 2021",
            "CompletionDateType":"Anticipated"
          },
          "StudyFirstSubmitDate":"April 2, 2021",
          "StudyFirstSubmitQCDate":"April 2, 2021",
          "StudyFirstPostDateStruct":{
            "StudyFirstPostDate":"April 5, 2021",
            "StudyFirstPostDateType":"Actual"
          },
          "LastUpdateSubmitDate":"April 2, 2021",
          "LastUpdatePostDateStruct":{
            "LastUpdatePostDate":"April 5, 2021",
            "LastUpdatePostDateType":"Actual"
          }
        },
        "SponsorCollaboratorsModule":{
          "ResponsibleParty":{
            "ResponsiblePartyType":"Sponsor"
          },
          "LeadSponsor":{
            "LeadSponsorName":"Incyte Corporation",
            "LeadSponsorClass":"INDUSTRY"
          }
        },
        "OversightModule":{
          "OversightHasDMC":"No",
          "IsFDARegulatedDrug":"Yes",
          "IsFDARegulatedDevice":"No"
        },
        "DescriptionModule":{
          "BriefSummary":"The purpose of the study is to evaluate the pharmacokinetics and safety of parsaclisib in participants With normal hepatic function and participants with hepatic impairment."
        },
        "ConditionsModule":{
          "ConditionList":{
            "Condition":[
              "Advanced Malignancies"
            ]
          },
          "KeywordList":{
            "Keyword":[
              "Hepatic Impairment",
              "parsaclisib"
            ]
          }
        },
        "DesignModule":{
          "StudyType":"Interventional",
          "PhaseList":{
            "Phase":[
              "Phase 1"
            ]
          },
          "DesignInfo":{
            "DesignAllocation":"Non-Randomized",
            "DesignInterventionModel":"Parallel Assignment",
            "DesignPrimaryPurpose":"Other",
            "DesignMaskingInfo":{
              "DesignMasking":"None (Open Label)"
            }
          },
          "EnrollmentInfo":{
            "EnrollmentCount":"40",
            "EnrollmentType":"Anticipated"
          }
        },
        "ArmsInterventionsModule":{
          "ArmGroupList":{
            "ArmGroup":[
              {
                "ArmGroupLabel":"Treatment Group 1 : Severe hepatic impairment",
                "ArmGroupType":"Experimental",
                "ArmGroupDescription":"Child Pugh (CP) assessment score of 10-14 points",
                "ArmGroupInterventionList":{
                  "ArmGroupInterventionName":[
                    "Drug: parsaclisib"
                  ]
                }
              },{
                "ArmGroupLabel":"Treatment Group 2 : Moderate hepatic impairment",
                "ArmGroupType":"Experimental",
                "ArmGroupDescription":"Child Pugh (CP) assessment score of 7-9 points",
                "ArmGroupInterventionList":{
                  "ArmGroupInterventionName":[
                    "Drug: parsaclisib"
                  ]
                }
              },{
                "ArmGroupLabel":"Treatment Group 3 : Mild hepatic impairment",
                "ArmGroupType":"Experimental",
                "ArmGroupDescription":"Child Pugh (CP) assessment score of 5-6 points",
                "ArmGroupInterventionList":{
                  "ArmGroupInterventionName":[
                    "Drug: parsaclisib"
                  ]
                }
              },{
                "ArmGroupLabel":"Treatment Group 4 : Normal hepatic impairment",
                "ArmGroupType":"Experimental",
                "ArmGroupDescription":"Normal hepatic function",
                "ArmGroupInterventionList":{
                  "ArmGroupInterventionName":[
                    "Drug: parsaclisib"
                  ]
                }
              }
            ]
          },
          "InterventionList":{
            "Intervention":[
              {
                "InterventionType":"Drug",
                "InterventionName":"parsaclisib",
                "InterventionDescription":"parsaclisib will be administered orally after 8 hours of fasting.",
                "InterventionArmGroupLabelList":{
                  "InterventionArmGroupLabel":[
                    "Treatment Group 1 : Severe hepatic impairment",
                    "Treatment Group 2 : Moderate hepatic impairment",
                    "Treatment Group 3 : Mild hepatic impairment",
                    "Treatment Group 4 : Normal hepatic impairment"
                  ]
                },
                "InterventionOtherNameList":{
                  "InterventionOtherName":[
                    "INCB050465"
                  ]
                }
              }
            ]
          }
        },
        "OutcomesModule":{
          "PrimaryOutcomeList":{
            "PrimaryOutcome":[
              {
                "PrimaryOutcomeMeasure":"Pharmacokinetics Parameter : Cmax of parsaclisib",
                "PrimaryOutcomeDescription":"Maximum Observed Plasma Concentration of parsaclisib",
                "PrimaryOutcomeTimeFrame":"5 Days"
              },{
                "PrimaryOutcomeMeasure":"Pharmacokinetics Parameter : AUC 0-∞ of parsaclisib",
                "PrimaryOutcomeDescription":"Area Under the Concentration-time Curve From 0 to Infinity of parsaclisib",
                "PrimaryOutcomeTimeFrame":"5 Days"
              },{
                "PrimaryOutcomeMeasure":"Pharmacokinetics Parameter : AUC(0-t) of parsaclisib",
                "PrimaryOutcomeDescription":"Area Under the concentration- time curve up to the last measurable concentration of parsaclisib",
                "PrimaryOutcomeTimeFrame":"5 Days"
              }
            ]
          },
          "SecondaryOutcomeList":{
            "SecondaryOutcome":[
              {
                "SecondaryOutcomeMeasure":"Number of Treatment Emergent Adverse Events (TEAE)",
                "SecondaryOutcomeDescription":"Adverse events reported for the first time or worsening of a pre-existing event after first dose of study drug/treatment.",
                "SecondaryOutcomeTimeFrame":"Up to10 Days"
              },{
                "SecondaryOutcomeMeasure":"Pharmacokinetics Parameter : tmax of parsaclisib",
                "SecondaryOutcomeDescription":"Time to reach maximum plasma concentration of parsaclisib",
                "SecondaryOutcomeTimeFrame":"5 Days"
              },{
                "SecondaryOutcomeMeasure":"Pharmacokinetics Parameter : t1/2 of parsaclisib",
                "SecondaryOutcomeDescription":"Apparent terminal phase disposition half-life of parsaclisib",
                "SecondaryOutcomeTimeFrame":"5 Days"
              },{
                "SecondaryOutcomeMeasure":"Pharmacokinetics Parameter : CL/F of parsaclisib",
                "SecondaryOutcomeDescription":"Oral dose clearance of parsaclisib",
                "SecondaryOutcomeTimeFrame":"5 Days"
              },{
                "SecondaryOutcomeMeasure":"Pharmacokinetics Parameter : Vz/F of parsaclisib",
                "SecondaryOutcomeDescription":"Apparent oral dose volume of distribution of parsaclisib",
                "SecondaryOutcomeTimeFrame":"5 Days"
              }
            ]
          }
        },
        "EligibilityModule":{
          "EligibilityCriteria":"Inclusion Criteria:\n\nParticipants with hepatic impairment.\nParticipants eligible for Group 4 should be in good health.\nParticipants eligible for Groups 1 through 3 may have medical findings consistent with their degree of hepatic dysfunction.\nParticipants with abnormal findings considered not clinically significant by the investigator are eligible.\nBody mass index within the range of 18.0 to 40.0 kg/m2 (inclusive) at screening.\nWillingness to avoid pregnancy or fathering children.\n\nExclusion Criteria:\n\nEvidence of rapidly deteriorating hepatic function.\nParticipants with serum calcium and phosphorus levels over the upper limits of the institutional normal ranges.\nHistory or current diagnosis of uncontrolled or significant cardiac disease indicating significant risk of safety for participation in the study, including any of the following:\nParticipants who have a current, functioning organ transplant or have a scheduled organ transplant in the next 6 weeks from check-in.\nHistory of malignancy within 5 years of screening, with the exception of cured basal cell carcinoma, squamous cell carcinoma of the skin, ductal carcinoma in situ, or Gleason 6 prostate cancer.\nHistory of clinically significant gastrointestinal disease or surgery (cholecystectomy and appendectomy are allowed) that could impact the absorption of study drug.\nParticipants with severe ascites or an encephalopathy ≥ Grade 2.\nAny major surgery within 4 weeks of screening.\nDonation of blood to a blood bank within 4 weeks of screening (within 2 weeks for plasma only).\nBlood transfusion within 4 weeks of check-in. Current or recent history (within 30 days before screening) of a clinically significant bacterial, fungal, parasitic, or mycobacterial infection, or currently receiving systemic antibiotics. Current clinically significant viral infection at screening or check-in.\nPositive serology for hepatitis B virus (eg, hepatitis B surface antigen) or human immunodeficiency virus. Participants whose results are compatible with immunity due to infection or prior immunization for hepatitis B may be included at the discretion of the investigator.\nHistory of alcoholism within 3 months of screening.\nPositive breath test for ethanol or positive urine screen for drugs of abuse that is not otherwise explained by permitted concomitant medications.\nCurrent treatment or treatment within 30 days or 5 half-lives (whichever is longer) of study drug administration with another investigational medication or current enrollment in another investigational drug protocol.\nCurrent treatment or treatment within 30 days or 5 half-lives (whichever is longer) of study drug administration with strong or moderate inducer or potent inhibitor of CYP3A4.\nReceipt of live (including attenuated) vaccines or anticipation of need for such a vaccine during the study. (Note: Non-live or inactivated vaccines allowed up to 2 weeks before first dose administration.)\nKnown hypersensitivity or severe reaction to parsaclisib or excipients of parsaclisib.\nHistory of any significant drug allergy (such as anaphylaxis or hepatotoxicity) deemed clinically relevant by the investigator. Inability to be venipunctured or tolerate venous access.\nParticipants eligible for Group 4 who have a history or presence of liver disease or liver injury as indicated by an abnormal clinically significant liver function profile at screening or check-in.\nParticipants eligible for Group 4 who have a positive test for hepatitis C virus.\nParticipants eligible for Group 4 who used tobacco- or nicotine-containing products within 6 months of screening.\nWomen who are pregnant or breastfeeding",
          "HealthyVolunteers":"Accepts Healthy Volunteers",
          "Gender":"All",
          "GenderBased":"Yes",
          "MinimumAge":"18 Years",
          "MaximumAge":"80 Years",
          "StdAgeList":{
            "StdAge":[
              "Adult",
              "Older Adult"
            ]
          }
        },
        "ContactsLocationsModule":{
          "CentralContactList":{
            "CentralContact":[
              {
                "CentralContactName":"Incyte Corporation Call Center (US)",
                "CentralContactRole":"Contact",
                "CentralContactPhone":"1.855.463.3463",
                "CentralContactEMail":"medinfo@incyte.com"
              },{
                "CentralContactName":"Incyte Corporation Call Center (ex-US)",
                "CentralContactRole":"Contact",
                "CentralContactPhone":"+800 00027423",
                "CentralContactEMail":"eumedinfo@incyte.com"
              }
            ]
          },
          "LocationList":{
            "Location":[
              {
                "LocationFacility":"Orange County Research Center",
                "LocationStatus":"Recruiting",
                "LocationCity":"Tustin",
                "LocationState":"California",
                "LocationZip":"92780",
                "LocationCountry":"United States"
              },{
                "LocationFacility":"Orlando Clinical Research Center",
                "LocationStatus":"Recruiting",
                "LocationCity":"Orlando",
                "LocationState":"Florida",
                "LocationZip":"32809",
                "LocationCountry":"United States"
              },{
                "LocationFacility":"Exas Liver Institute Tli the Liver Institute of South Texas List Downtown Office",
                "LocationStatus":"Recruiting",
                "LocationCity":"San Antonio",
                "LocationState":"Texas",
                "LocationZip":"78215",
                "LocationCountry":"United States"
              }
            ]
          }
        },
        "IPDSharingStatementModule":{
          "IPDSharing":"Yes",
          "IPDSharingDescription":"Incyte shares data with qualified external researchers after a research proposal is submitted. These requests are reviewed and approved by a review panel on the basis of scientific merit. All data provided is anonymized to respect the privacy of patients who have participated in the trial in line with applicable laws and regulations.\n\nThe trial data availability is according to the criteria and process described on https://www.incyte.com/our-company/compliance-and-transparency",
          "IPDSharingInfoTypeList":{
            "IPDSharingInfoType":[
              "Study Protocol",
              "Statistical Analysis Plan (SAP)"
            ]
          },
          "IPDSharingTimeFrame":"Data will be shared after the primary publication or 2 years after the study has ended for market authorized products and indications.",
          "IPDSharingAccessCriteria":"Data from eligible studies will be shared with qualified researchers according to the criteria and process described in the Data Sharing section of the www.incyteclinicaltrials.com website. For approved requests, the researchers will be granted access to anonymized data under the terms of a data sharing agreement.",
          "IPDSharingURL":"https://www.incyte.com/our-company/compliance-and-transparency"
        }
      },
      "DerivedSection":{
        "MiscInfoModule":{
          "VersionHolder":"April 19, 2021"
        },
        "ConditionBrowseModule":{
          "ConditionMeshList":{
            "ConditionMesh":[
              {
                "ConditionMeshId":"D000009369",
                "ConditionMeshTerm":"Neoplasms"
              }
            ]
          }
        }
      }
    }
  }
}

