{
  "FullStudy":{
    "Rank":1386,
    "Study":{
      "ProtocolSection":{
        "IdentificationModule":{
          "NCTId":"NCT04831931",
          "OrgStudyIdInfo":{
            "OrgStudyId":"C92F2628X5"
          },
          "Organization":{
            "OrgFullName":"Medipol University",
            "OrgClass":"OTHER"
          },
          "BriefTitle":"The Effectiveness of the Exercise Program Applied by Telerehabilitation Method in Individuals With Chronic Neck Pain",
          "OfficialTitle":"The Effectiveness of the Exercise Program Applied by Telerehabilitation Method in Individuals With Chronic Neck Pain"
        },
        "StatusModule":{
          "StatusVerifiedDate":"April 2021",
          "OverallStatus":"Completed",
          "ExpandedAccessInfo":{
            "HasExpandedAccess":"No"
          },
          "StartDateStruct":{
            "StartDate":"October 30, 2020",
            "StartDateType":"Actual"
          },
          "PrimaryCompletionDateStruct":{
            "PrimaryCompletionDate":"November 30, 2020",
            "PrimaryCompletionDateType":"Actual"
          },
          "CompletionDateStruct":{
            "CompletionDate":"March 19, 2021",
            "CompletionDateType":"Actual"
          },
          "StudyFirstSubmitDate":"March 31, 2021",
          "StudyFirstSubmitQCDate":"April 1, 2021",
          "StudyFirstPostDateStruct":{
            "StudyFirstPostDate":"April 5, 2021",
            "StudyFirstPostDateType":"Actual"
          },
          "LastUpdateSubmitDate":"April 1, 2021",
          "LastUpdatePostDateStruct":{
            "LastUpdatePostDate":"April 5, 2021",
            "LastUpdatePostDateType":"Actual"
          }
        },
        "SponsorCollaboratorsModule":{
          "ResponsibleParty":{
            "ResponsiblePartyType":"Principal Investigator",
            "ResponsiblePartyInvestigatorFullName":"merve özel",
            "ResponsiblePartyInvestigatorTitle":"physiotherapist",
            "ResponsiblePartyInvestigatorAffiliation":"Medipol University"
          },
          "LeadSponsor":{
            "LeadSponsorName":"Medipol University",
            "LeadSponsorClass":"OTHER"
          }
        },
        "OversightModule":{
          "OversightHasDMC":"No",
          "IsFDARegulatedDrug":"No",
          "IsFDARegulatedDevice":"No"
        },
        "DescriptionModule":{
          "BriefSummary":"Neck pain is a common musculoskeletal problem occurring as one of the first conditions causing decreased quality of life and disability.\n\nAn estimated 67.5% of people experience neck pain in their lives (5, 6). When the adult population is considered (15-74 years old), the prevalence ranges from 5.9% to 38.7%.\n\nCauses of neck pain are largely variable, and include working in unsuitable ergonomic positions, sitting for a long time, and keeping the neck in abnormal physiological position for a long time.\n\nVarious factors are effective in the chronic stage of neck pain. Neck pain is associated with decreased strength and endurance of the cervical muscles. It was observed that deep flexor muscles are weak and superficial flexor muscle activity is increased in patients with neck pain; and that exercise is effective in reducing neck pain because strength, endurance, and flexibility can be regained in the structures around the damaged tissue.\n\nThere are several approaches that were found to be effective in the treatment of neck pain. These treatment strategies include physical therapy modalities, manual therapy, therapeutic exercise (stretching, strengthening, and endurance exercises) and home exercise programs.\n\nHome exercise programs are used to expand the clinic-based physical therapy approaches to treat neck pain.\n\nIt was stated that it is now compulsory to develop new rehabilitation models and practices to cope with global increase in elderly population, limited resources allocated to public health, and changes in population needs. Telerehabilitation is recommended as a solution to provide physical therapy services; however, it was reported in previous studies that more studies are required in this field to accept its effectiveness.\n\nThe purpose of the present study is to examine the effects of 4-week exercise protocol established with stretching, strengthening the scapula muscles for the neck and upper body, neck and core stabilization exercises by ensuring the follow-up of the patients with Telerehabilitation Method on patients' neck pain, Daily Life Activities (DLA), and quality of life by comparing its effects with individuals who apply only home program."
        },
        "ConditionsModule":{
          "ConditionList":{
            "Condition":[
              "Neck Pain"
            ]
          },
          "KeywordList":{
            "Keyword":[
              "Neck pain, telerehabilitation"
            ]
          }
        },
        "DesignModule":{
          "StudyType":"Interventional",
          "PhaseList":{
            "Phase":[
              "Not Applicable"
            ]
          },
          "DesignInfo":{
            "DesignAllocation":"Randomized",
            "DesignInterventionModel":"Parallel Assignment",
            "DesignPrimaryPurpose":"Treatment",
            "DesignMaskingInfo":{
              "DesignMasking":"Single",
              "DesignWhoMaskedList":{
                "DesignWhoMasked":[
                  "Participant"
                ]
              }
            }
          },
          "EnrollmentInfo":{
            "EnrollmentCount":"66",
            "EnrollmentType":"Actual"
          }
        },
        "ArmsInterventionsModule":{
          "ArmGroupList":{
            "ArmGroup":[
              {
                "ArmGroupLabel":"Supervised Exercise Group",
                "ArmGroupType":"Experimental",
                "ArmGroupDescription":"Telerehabilitation will be applied in this group, which will last 4 weeks, and include the following processes\n\nExercises that will be performed every Monday will be taught and applied face-to-face under the supervision of the therapist with online videoconferencing method. Then, videos of weekly exercises that will be prepared by the therapist will be transmitted online to patients.\nPatients will be asked to perform these exercises 4 days a week in the same week, on Wednesdays, Fridays and Sundays.\nAlso, a video call will be made on Fridays to evaluate whether the movements are done effectively and correctly, and questions of patients (if any) will be answered.\nPatients will be informed by the physiotherapist that they should send messages on Wednesdays and Sundays to show that they are doing the exercises.\nThe exercise program of new week will be taught every Monday for 4 weeks, the prepared video will be sent, and the program will be advanced and completed.",
                "ArmGroupInterventionList":{
                  "ArmGroupInterventionName":[
                    "Other: Exercise Program Applied by Telerehabilitation"
                  ]
                }
              },{
                "ArmGroupLabel":"Exercise Group",
                "ArmGroupType":"Active Comparator",
                "ArmGroupDescription":"Exercise recommendations will be made to this group. Videos and photographs of weekly exercises prepared by the therapist will be sent online to the patient every Monday for 4 weeks, patients will be advised to repeat these exercises 4 days a week.",
                "ArmGroupInterventionList":{
                  "ArmGroupInterventionName":[
                    "Other: Exercise Program Applied by Telerehabilitation"
                  ]
                }
              },{
                "ArmGroupLabel":"Control Group",
                "ArmGroupType":"No Intervention",
                "ArmGroupDescription":"No exercise application will be done in this group.Evaluation tests will be applied for 4 weeks only online."
              }
            ]
          },
          "InterventionList":{
            "Intervention":[
              {
                "InterventionType":"Other",
                "InterventionName":"Exercise Program Applied by Telerehabilitation",
                "InterventionDescription":"Patients will be evaluated 3 times for 4 weeks throughout the study; before the study commences, at the end of 2th and 4th week\n\nExercises will be planned to last for 15 minutes a day, and will be progressed and changed weekly throughout the study period. To the exercise program; It will be created as a progressive program by including stretching, normal range of motion movements, neck, core and scapular stabilization and strengthening exercises and the same program will be given to both groups.",
                "InterventionArmGroupLabelList":{
                  "InterventionArmGroupLabel":[
                    "Exercise Group",
                    "Supervised Exercise Group"
                  ]
                }
              }
            ]
          }
        },
        "OutcomesModule":{
          "PrimaryOutcomeList":{
            "PrimaryOutcome":[
              {
                "PrimaryOutcomeMeasure":"Numeric Pain Rating Scale",
                "PrimaryOutcomeDescription":"Numeric Pain Rating Scale (NPRS) will be used to evaluate pain subjectively. NPRS is used to evaluate pain. The patient is asked to rate the severity of pain over 10, 0 showing no pain, and 10 showing the worst pain score. Validity and validation of the use of NPRS to evaluate chronic pain in the literature with face-to-face and telepresentation methods.\n\nIts reliability has been reported",
                "PrimaryOutcomeTimeFrame":"4 weeks"
              },{
                "PrimaryOutcomeMeasure":"Deep Neck Flexor Endurance Test",
                "PrimaryOutcomeDescription":"Patients are asked to lie on a flat ground in the form of a \"hook\" during the online video conference. They are then asked to move their jaws closer to their chests in the Chin Tuck Position, raise their heads approximately 2.5 cm, and remain in this position. If patients experience any pain and fatigue or put their heads back on the floor, the test is terminated. The physiotherapist keeps track of the patient during this period. Two measurements are made, and the long-lasting result is recorded. The validity and reliability of the evaluation has been demonstrated by the online video videoconferencing method.",
                "PrimaryOutcomeTimeFrame":"4 weeks"
              }
            ]
          },
          "SecondaryOutcomeList":{
            "SecondaryOutcome":[
              {
                "SecondaryOutcomeMeasure":"Neck Disability Index (NDI)",
                "SecondaryOutcomeDescription":"The level of disability associated with the neck pain will be evaluated with the Neck Disability Index. The NDI consists of 10 sections that include pain sensitivity, personal care, weight lifting, reading, headaches, concentration, work/job, driving, sleep, and social activities. Each question has 6 answer options measuring the severity of pain or limitation. Scoring is done between 0 and 5. The highest score is 50, and the minimum score in 0.\n\nAccording to the total score; 0-4 means no limitation, 5-14 means slight limitation, 15-24 moderate limitation, 25-34 severe limitation, 34 and above completely limitation . The Turkish validity and reliability study of the survey was conducted.",
                "SecondaryOutcomeTimeFrame":"4 weeks"
              },{
                "SecondaryOutcomeMeasure":"World Health Organization Quality of Life Scale-Short Form (WHOQOL-Bref)",
                "SecondaryOutcomeDescription":"There are two versions of this scale as the long (WHOQOLS-100) and short (WHOQOLS-27) form. The scale measures the bodily, spiritual, social, and environmental well-being of the individual, and consists of 26 questions. The Turkish version consists of 27 questions. The 27th question is the national question determining the Environmental Area Score. The scale can be applied to non-elderly adults . The field scores are calculated between 4 and 20 because each field refers to the quality of life in the relevant field independently from each other. As the score increases, the quality of life increases. The Turkish validity and reliability study of the scale was conducted .",
                "SecondaryOutcomeTimeFrame":"4 weeks"
              }
            ]
          }
        },
        "EligibilityModule":{
          "EligibilityCriteria":"Inclusion Criteria:\n\nvoluntary individuals suffering from neck pain for at least 3 months\nover the age of 18\nhave a minimum score of 3/10 according to the Numeric Pain Rating Scale\nwho fill out the pain preliminary information form, and who will agree to participate in the study through this form.\n\nExclusion Criteria:\n\nPregnant women,\nHistory of malignancy\nCongenital deformities or surgery history in the neck or shoulder area\nperception problems for verbal commands\nnot having internet access\nnot having equipment to make video calls",
          "HealthyVolunteers":"Accepts Healthy Volunteers",
          "Gender":"All",
          "MinimumAge":"18 Years",
          "StdAgeList":{
            "StdAge":[
              "Adult",
              "Older Adult"
            ]
          }
        },
        "ContactsLocationsModule":{
          "LocationList":{
            "Location":[
              {
                "LocationFacility":"Istanbul Medipol University",
                "LocationCity":"Istanbul",
                "LocationZip":"34810",
                "LocationCountry":"Turkey"
              }
            ]
          }
        },
        "ReferencesModule":{
          "ReferenceList":{
            "Reference":[
              {
                "ReferencePMID":"1755449",
                "ReferenceType":"background",
                "ReferenceCitation":"Mäkelä M, Heliövaara M, Sievers K, Impivaara O, Knekt P, Aromaa A. Prevalence, determinants, and consequences of chronic neck pain in Finland. Am J Epidemiol. 1991 Dec 1;134(11):1356-67."
              },{
                "ReferencePMID":"15999284",
                "ReferenceType":"background",
                "ReferenceCitation":"Fejer R, Kyvik KO, Hartvigsen J. The prevalence of neck pain in the world population: a systematic critical review of the literature. Eur Spine J. 2006 Jun;15(6):834-48. Epub 2005 Jul 6. Review."
              },{
                "ReferencePMID":"28807894",
                "ReferenceType":"background",
                "ReferenceCitation":"Cohen SP, Hooten WM. Advances in the diagnosis and management of neck pain. BMJ. 2017 Aug 14;358:j3221. doi: 10.1136/bmj.j3221. Review."
              },{
                "ReferencePMID":"19119405",
                "ReferenceType":"background",
                "ReferenceCitation":"May S, Gardiner E, Young S, Klaber-Moffett J. Predictor Variables for a Positive Long-Term Functional Outcome in Patients with Acute and Chronic Neck and Back Pain Treated with a McKenzie Approach: A Secondary Analysis. J Man Manip Ther. 2008;16(3):155-60."
              },{
                "ReferencePMID":"22920497",
                "ReferenceType":"background",
                "ReferenceCitation":"Peterson C, Bolton J, Humphreys BK. Predictors of outcome in neck pain patients undergoing chiropractic care: comparison of acute and chronic patients. Chiropr Man Therap. 2012 Aug 24;20(1):27. doi: 10.1186/2045-709X-20-27."
              },{
                "ReferencePMID":"24704365",
                "ReferenceType":"background",
                "ReferenceCitation":"Christensen JO, Knardahl S. Time-course of occupational psychological and social factors as predictors of new-onset and persistent neck pain: a three-wave prospective study over 4 years. Pain. 2014 Jul;155(7):1262-1271. doi: 10.1016/j.pain.2014.03.021. Epub 2014 Apr 2."
              },{
                "ReferencePMID":"17369784",
                "ReferenceType":"background",
                "ReferenceCitation":"Ylinen J. Physical exercises and functional rehabilitation for the management of chronic neck pain. Eura Medicophys. 2007 Mar;43(1):119-32. Review."
              },{
                "ReferencePMID":"16332949",
                "ReferenceType":"background",
                "ReferenceCitation":"Moffett J, McLean S. The role of physiotherapy in the management of non-specific back pain and neck pain. Rheumatology (Oxford). 2006 Apr;45(4):371-8. Epub 2005 Dec 6. Review."
              },{
                "ReferencePMID":"27559275",
                "ReferenceType":"background",
                "ReferenceCitation":"Zronek M, Sanker H, Newcomb J, Donaldson M. The influence of home exercise programs for patients with non-specific or specific neck pain: a systematic review of the literature. J Man Manip Ther. 2016 May;24(2):62-73. doi: 10.1179/2042618613Y.0000000047. Review."
              },{
                "ReferencePMID":"21844172",
                "ReferenceType":"background",
                "ReferenceCitation":"Hailey D, Roine R, Ohinmaa A, Dennett L. Evidence of benefit from telerehabilitation in routine care: a systematic review. J Telemed Telecare. 2011;17(6):281-7. doi: 10.1258/jtt.2011.101208. Epub 2011 Aug 15. Review."
              },{
                "ReferencePMID":"21160118",
                "ReferenceType":"background",
                "ReferenceCitation":"Rogante M, Grigioni M, Cordella D, Giacomozzi C. Ten years of telerehabilitation: A literature overview of technologies and clinical applications. NeuroRehabilitation. 2010;27(4):287-304. doi: 10.3233/NRE-2010-0612. Review."
              },{
                "ReferencePMID":"30954160",
                "ReferenceType":"background",
                "ReferenceCitation":"Galea MD. Telemedicine in Rehabilitation. Phys Med Rehabil Clin N Am. 2019 May;30(2):473-483. doi: 10.1016/j.pmr.2018.12.002. Epub 2019 Mar 5. Review."
              },{
                "ReferencePMID":"3785962",
                "ReferenceType":"result",
                "ReferenceCitation":"Jensen MP, Karoly P, Braver S. The measurement of clinical pain intensity: a comparison of six methods. Pain. 1986 Oct;27(1):117-126. doi: 10.1016/0304-3959(86)90228-9."
              },{
                "ReferencePMID":"21621130",
                "ReferenceType":"result",
                "ReferenceCitation":"Hjermstad MJ, Fayers PM, Haugen DF, Caraceni A, Hanks GW, Loge JH, Fainsinger R, Aass N, Kaasa S; European Palliative Care Research Collaborative (EPCRC). Studies comparing Numerical Rating Scales, Verbal Rating Scales, and Visual Analogue Scales for assessment of pain intensity in adults: a systematic literature review. J Pain Symptom Manage. 2011 Jun;41(6):1073-93. doi: 10.1016/j.jpainsymman.2010.08.016. Review."
              },{
                "ReferencePMID":"31272309",
                "ReferenceType":"result",
                "ReferenceCitation":"Mani S, Sharma S, Singh DK. Concurrent validity and reliability of telerehabilitation-based physiotherapy assessment of cervical spine in adults with non-specific neck pain. J Telemed Telecare. 2021 Feb;27(2):88-97. doi: 10.1177/1357633X19861802. Epub 2019 Jul 4."
              },{
                "ReferencePMID":"18558277",
                "ReferenceType":"result",
                "ReferenceCitation":"Edmondston SJ, Wallumrød ME, Macléid F, Kvamme LS, Joebges S, Brabham GC. Reliability of isometric muscle endurance tests in subjects with postural neck pain. J Manipulative Physiol Ther. 2008 Jun;31(5):348-54. doi: 10.1016/j.jmpt.2008.04.010."
              },{
                "ReferencePMID":"25892374",
                "ReferenceType":"result",
                "ReferenceCitation":"Sebastian D, Chovvath R, Malladi R. Cervical extensor endurance test: a reliability study. J Bodyw Mov Ther. 2015 Apr;19(2):213-6. doi: 10.1016/j.jbmt.2014.04.014. Epub 2014 Apr 18."
              },{
                "ReferencePMID":"1834753",
                "ReferenceType":"result",
                "ReferenceCitation":"Vernon H, Mior S. The Neck Disability Index: a study of reliability and validity. J Manipulative Physiol Ther. 1991 Sep;14(7):409-15. Erratum in: J Manipulative Physiol Ther 1992 Jan;15(1):followi."
              },{
                "ReferencePMID":"15371043",
                "ReferenceType":"result",
                "ReferenceCitation":"Bicer A, Yazici A, Camdeviren H, Erdogan C. Assessment of pain and disability in patients with chronic neck pain: reliability and construct validity of the Turkish version of the neck pain and disability scale. Disabil Rehabil. 2004 Aug 19;26(16):959-62."
              },{
                "ReferenceType":"result",
                "ReferenceCitation":"Aydemir Ö., Köroğlu E., Psikiyatride Kullanılan Klinik Ölçekler. 3'üncü baskı. Ankara. Hekimler Yayın Birliği , 2007; 346-353"
              },{
                "ReferenceType":"result",
                "ReferenceCitation":"Eser E, Fidaner H, Fidaner C, Eser SY ve ark. Psychometric properties of WHOQOL-100 and WHOQOL-BREF. 3P Dergisi 1999;7(2 Suppl.):23-40"
              },{
                "ReferenceType":"result",
                "ReferenceCitation":"Eser SY, Fidaner H, Fidaner C, Elbi H ve ark. Measure of quality of life WHOQOL-100 and WHOQOL-Bref. 3P Dergisi 1999;7(2 Suppl.):5-13."
              }
            ]
          }
        },
        "IPDSharingStatementModule":{
          "IPDSharing":"No"
        }
      },
      "DerivedSection":{
        "MiscInfoModule":{
          "VersionHolder":"April 19, 2021"
        },
        "ConditionBrowseModule":{
          "ConditionMeshList":{
            "ConditionMesh":[
              {
                "ConditionMeshId":"D000019547",
                "ConditionMeshTerm":"Neck Pain"
              }
            ]
          },
          "ConditionAncestorList":{
            "ConditionAncestor":[
              {
                "ConditionAncestorId":"D000010146",
                "ConditionAncestorTerm":"Pain"
              },{
                "ConditionAncestorId":"D000009461",
                "ConditionAncestorTerm":"Neurologic Manifestations"
              }
            ]
          },
          "ConditionBrowseLeafList":{
            "ConditionBrowseLeaf":[
              {
                "ConditionBrowseLeafId":"M20069",
                "ConditionBrowseLeafName":"Neck Pain",
                "ConditionBrowseLeafAsFound":"Neck Pain",
                "ConditionBrowseLeafRelevance":"high"
              },{
                "ConditionBrowseLeafId":"M11649",
                "ConditionBrowseLeafName":"Pain",
                "ConditionBrowseLeafRelevance":"low"
              },{
                "ConditionBrowseLeafId":"M10987",
                "ConditionBrowseLeafName":"Neurologic Manifestations",
                "ConditionBrowseLeafRelevance":"low"
              }
            ]
          },
          "ConditionBrowseBranchList":{
            "ConditionBrowseBranch":[
              {
                "ConditionBrowseBranchAbbrev":"BC23",
                "ConditionBrowseBranchName":"Symptoms and General Pathology"
              },{
                "ConditionBrowseBranchAbbrev":"All",
                "ConditionBrowseBranchName":"All Conditions"
              },{
                "ConditionBrowseBranchAbbrev":"BC10",
                "ConditionBrowseBranchName":"Nervous System Diseases"
              }
            ]
          }
        }
      }
    }
  }
}

