{
  "FullStudy":{
    "Rank":1162,
    "Study":{
      "ProtocolSection":{
        "IdentificationModule":{
          "NCTId":"NCT04834843",
          "OrgStudyIdInfo":{
            "OrgStudyId":"2020AN0279"
          },
          "Organization":{
            "OrgFullName":"Wonju Severance Christian Hospital",
            "OrgClass":"OTHER"
          },
          "BriefTitle":"Temporal Trends of COronary Artery Disease and PEripheral Artery Disease (COPE) in Korea",
          "OfficialTitle":"Temporal Trends in the Incidence, Treatment Patterns, and Outcomes of COronary Artery Disease and PEripheral Artery Disease (COPE) in Korea",
          "Acronym":"COPE registry"
        },
        "StatusModule":{
          "StatusVerifiedDate":"April 2021",
          "OverallStatus":"Completed",
          "ExpandedAccessInfo":{
            "HasExpandedAccess":"No"
          },
          "StartDateStruct":{
            "StartDate":"January 1, 2009",
            "StartDateType":"Actual"
          },
          "PrimaryCompletionDateStruct":{
            "PrimaryCompletionDate":"December 31, 2018",
            "PrimaryCompletionDateType":"Actual"
          },
          "CompletionDateStruct":{
            "CompletionDate":"December 31, 2020",
            "CompletionDateType":"Actual"
          },
          "StudyFirstSubmitDate":"April 5, 2021",
          "StudyFirstSubmitQCDate":"April 5, 2021",
          "StudyFirstPostDateStruct":{
            "StudyFirstPostDate":"April 8, 2021",
            "StudyFirstPostDateType":"Actual"
          },
          "LastUpdateSubmitDate":"April 5, 2021",
          "LastUpdatePostDateStruct":{
            "LastUpdatePostDate":"April 8, 2021",
            "LastUpdatePostDateType":"Actual"
          }
        },
        "SponsorCollaboratorsModule":{
          "ResponsibleParty":{
            "ResponsiblePartyType":"Principal Investigator",
            "ResponsiblePartyInvestigatorFullName":"Dong-Hyuk Cho",
            "ResponsiblePartyInvestigatorTitle":"Assistant professor",
            "ResponsiblePartyInvestigatorAffiliation":"Wonju Severance Christian Hospital"
          },
          "LeadSponsor":{
            "LeadSponsorName":"Wonju Severance Christian Hospital",
            "LeadSponsorClass":"OTHER"
          }
        },
        "OversightModule":{
          "OversightHasDMC":"No",
          "IsFDARegulatedDrug":"No",
          "IsFDARegulatedDevice":"No"
        },
        "DescriptionModule":{
          "BriefSummary":"Cardiovascular disease (CVD) is caused by atherosclerosis of the artery and is classified into coronary artery disease, cerebrovascular disease, and peripheral arterial disease, depending on the location of the artery and the target organs. However, since CVD share a similar pathophysiology and the probability of incidence of other CVD in CVD patients is very high. It is thought that CVD incidence and mortality can be reduced by predicting the degree of incidence of other CVD in CVD patients. The aim of this study is to investigate the incidence and mortality of other CVD diseases in CVD patients."
        },
        "ConditionsModule":{
          "ConditionList":{
            "Condition":[
              "Coronary Artery Disease",
              "Peripheral Artery Disease",
              "Cardiovascular Diseases"
            ]
          }
        },
        "DesignModule":{
          "StudyType":"Observational",
          "PatientRegistry":"No",
          "DesignInfo":{
            "DesignObservationalModelList":{
              "DesignObservationalModel":[
                "Cohort"
              ]
            },
            "DesignTimePerspectiveList":{
              "DesignTimePerspective":[
                "Retrospective"
              ]
            }
          },
          "EnrollmentInfo":{
            "EnrollmentCount":"700000",
            "EnrollmentType":"Actual"
          }
        },
        "ArmsInterventionsModule":{
          "InterventionList":{
            "Intervention":[
              {
                "InterventionType":"Other",
                "InterventionName":"Observational study, no intervention",
                "InterventionDescription":"Observational study, no intervention"
              }
            ]
          }
        },
        "OutcomesModule":{
          "PrimaryOutcomeList":{
            "PrimaryOutcome":[
              {
                "PrimaryOutcomeMeasure":"Incidence of coronary artery disease, cerebrovascular disease, peripheral arterial disease",
                "PrimaryOutcomeDescription":"Among all Koreans, percentage (%) of patients with a history of being diagnosed with CVD and underwent in-hospital treatment",
                "PrimaryOutcomeTimeFrame":"Up to 10 years"
              }
            ]
          },
          "SecondaryOutcomeList":{
            "SecondaryOutcome":[
              {
                "SecondaryOutcomeMeasure":"1-year mortality",
                "SecondaryOutcomeDescription":"The percentage (%) of any CVD related mortality",
                "SecondaryOutcomeTimeFrame":"Up to 1 year"
              }
            ]
          }
        },
        "EligibilityModule":{
          "EligibilityCriteria":"Inclusion Criteria:\n\nKoreans who diagnosed with coronary artery disease between 2009 and 2018\nKoreans who diagnosed with peripheral artery disease between 2009 and 2018\nKoreans who diagnosed with cerebrovascular disease between 2009 and 2018\nmore than 18 years old\n\nExclusion Criteria:\n\nless than 18 years old",
          "HealthyVolunteers":"No",
          "Gender":"All",
          "MinimumAge":"18 Years",
          "StdAgeList":{
            "StdAge":[
              "Adult",
              "Older Adult"
            ]
          },
          "StudyPopulation":"People aged at least 18 years old with CAD, PAD, or cerebrovascular disease were identified from Korean national health insurance using International Classification of Diseases, tenth revision (ICD-10) codes.",
          "SamplingMethod":"Probability Sample"
        },
        "ReferencesModule":{
          "ReferenceList":{
            "Reference":[
              {
                "ReferencePMID":"31883328",
                "ReferenceType":"result",
                "ReferenceCitation":"Sundaram V, Bloom C, Zakeri R, Halcox J, Cohen A, Bowrin K, Briere JB, Banerjee A, Simon DI, Cleland JGF, Rajagopalan S, Quint JK. Temporal trends in the incidence, treatment patterns, and outcomes of coronary artery disease and peripheral artery disease in the UK, 2006-2015. Eur Heart J. 2020 May 1;41(17):1636-1649. doi: 10.1093/eurheartj/ehz880."
              },{
                "ReferencePMID":"16403930",
                "ReferenceType":"result",
                "ReferenceCitation":"Bhatt DL, Steg PG, Ohman EM, Hirsch AT, Ikeda Y, Mas JL, Goto S, Liau CS, Richard AJ, Röther J, Wilson PW; REACH Registry Investigators. International prevalence, recognition, and treatment of cardiovascular risk factors in outpatients with atherothrombosis. JAMA. 2006 Jan 11;295(2):180-9."
              },{
                "ReferencePMID":"22690093",
                "ReferenceType":"result",
                "ReferenceCitation":"Ahn S, Park YJ, Min SI, Kim SY, Ha J, Kim SJ, Kim HS, Yoon BW, Min SK. High prevalence of peripheral arterial disease in Korean patients with coronary or cerebrovascular disease. J Korean Med Sci. 2012 Jun;27(6):625-9. doi: 10.3346/jkms.2012.27.6.625. Epub 2012 May 26."
              },{
                "ReferencePMID":"33300375",
                "ReferenceType":"result",
                "ReferenceCitation":"Søgaard M, Nielsen PB, Skjøth F, Eldrup N, Larsen TB. Temporal Changes in Secondary Prevention and Cardiovascular Outcomes After Revascularization for Peripheral Arterial Disease in Denmark: A Nationwide Cohort Study. Circulation. 2021 Mar 2;143(9):907-920. doi: 10.1161/CIRCULATIONAHA.120.047994. Epub 2020 Dec 10."
              }
            ]
          }
        },
        "IPDSharingStatementModule":{
          "IPDSharing":"No",
          "IPDSharingDescription":"The IPD from Korean national health insurance is not publicly accessible due to Korean personal information projection act"
        }
      },
      "DerivedSection":{
        "MiscInfoModule":{
          "VersionHolder":"April 19, 2021"
        },
        "ConditionBrowseModule":{
          "ConditionMeshList":{
            "ConditionMesh":[
              {
                "ConditionMeshId":"D000002318",
                "ConditionMeshTerm":"Cardiovascular Diseases"
              },{
                "ConditionMeshId":"D000003324",
                "ConditionMeshTerm":"Coronary Artery Disease"
              },{
                "ConditionMeshId":"D000017202",
                "ConditionMeshTerm":"Myocardial Ischemia"
              },{
                "ConditionMeshId":"D000003327",
                "ConditionMeshTerm":"Coronary Disease"
              },{
                "ConditionMeshId":"D000058729",
                "ConditionMeshTerm":"Peripheral Arterial Disease"
              }
            ]
          },
          "ConditionAncestorList":{
            "ConditionAncestor":[
              {
                "ConditionAncestorId":"D000006331",
                "ConditionAncestorTerm":"Heart Diseases"
              },{
                "ConditionAncestorId":"D000001161",
                "ConditionAncestorTerm":"Arteriosclerosis"
              },{
                "ConditionAncestorId":"D000001157",
                "ConditionAncestorTerm":"Arterial Occlusive Diseases"
              },{
                "ConditionAncestorId":"D000014652",
                "ConditionAncestorTerm":"Vascular Diseases"
              },{
                "ConditionAncestorId":"D000050197",
                "ConditionAncestorTerm":"Atherosclerosis"
              },{
                "ConditionAncestorId":"D000016491",
                "ConditionAncestorTerm":"Peripheral Vascular Diseases"
              }
            ]
          },
          "ConditionBrowseLeafList":{
            "ConditionBrowseLeaf":[
              {
                "ConditionBrowseLeafId":"M5129",
                "ConditionBrowseLeafName":"Coronary Artery Disease",
                "ConditionBrowseLeafAsFound":"Coronary Artery Disease",
                "ConditionBrowseLeafRelevance":"high"
              },{
                "ConditionBrowseLeafId":"M18089",
                "ConditionBrowseLeafName":"Myocardial Ischemia",
                "ConditionBrowseLeafAsFound":"Coronary Artery Disease",
                "ConditionBrowseLeafRelevance":"high"
              },{
                "ConditionBrowseLeafId":"M5132",
                "ConditionBrowseLeafName":"Coronary Disease",
                "ConditionBrowseLeafAsFound":"Coronary Artery Disease",
                "ConditionBrowseLeafRelevance":"high"
              },{
                "ConditionBrowseLeafId":"M27800",
                "ConditionBrowseLeafName":"Peripheral Arterial Disease",
                "ConditionBrowseLeafAsFound":"Peripheral Artery Disease",
                "ConditionBrowseLeafRelevance":"high"
              },{
                "ConditionBrowseLeafId":"M9126",
                "ConditionBrowseLeafName":"Ischemia",
                "ConditionBrowseLeafRelevance":"low"
              },{
                "ConditionBrowseLeafId":"M17477",
                "ConditionBrowseLeafName":"Peripheral Vascular Diseases",
                "ConditionBrowseLeafRelevance":"low"
              },{
                "ConditionBrowseLeafId":"M8002",
                "ConditionBrowseLeafName":"Heart Diseases",
                "ConditionBrowseLeafRelevance":"low"
              },{
                "ConditionBrowseLeafId":"M3050",
                "ConditionBrowseLeafName":"Arteriosclerosis",
                "ConditionBrowseLeafRelevance":"low"
              },{
                "ConditionBrowseLeafId":"M3046",
                "ConditionBrowseLeafName":"Arterial Occlusive Diseases",
                "ConditionBrowseLeafRelevance":"low"
              },{
                "ConditionBrowseLeafId":"M15983",
                "ConditionBrowseLeafName":"Vascular Diseases",
                "ConditionBrowseLeafRelevance":"low"
              },{
                "ConditionBrowseLeafId":"M24775",
                "ConditionBrowseLeafName":"Atherosclerosis",
                "ConditionBrowseLeafRelevance":"low"
              }
            ]
          },
          "ConditionBrowseBranchList":{
            "ConditionBrowseBranch":[
              {
                "ConditionBrowseBranchAbbrev":"BC14",
                "ConditionBrowseBranchName":"Heart and Blood Diseases"
              },{
                "ConditionBrowseBranchAbbrev":"All",
                "ConditionBrowseBranchName":"All Conditions"
              },{
                "ConditionBrowseBranchAbbrev":"BC23",
                "ConditionBrowseBranchName":"Symptoms and General Pathology"
              }
            ]
          }
        }
      }
    }
  }
}

