{
  "FullStudy":{
    "Rank":1041,
    "Study":{
      "ProtocolSection":{
        "IdentificationModule":{
          "NCTId":"NCT04836416",
          "OrgStudyIdInfo":{
            "OrgStudyId":"2020-1651"
          },
          "Organization":{
            "OrgFullName":"Purdue University",
            "OrgClass":"OTHER"
          },
          "BriefTitle":"Appetite Variability",
          "OfficialTitle":"Appetite Ratings and Eating Patterns"
        },
        "StatusModule":{
          "StatusVerifiedDate":"April 2021",
          "OverallStatus":"Recruiting",
          "ExpandedAccessInfo":{
            "HasExpandedAccess":"No"
          },
          "StartDateStruct":{
            "StartDate":"April 2, 2021",
            "StartDateType":"Actual"
          },
          "PrimaryCompletionDateStruct":{
            "PrimaryCompletionDate":"April 2, 2022",
            "PrimaryCompletionDateType":"Anticipated"
          },
          "CompletionDateStruct":{
            "CompletionDate":"October 31, 2022",
            "CompletionDateType":"Anticipated"
          },
          "StudyFirstSubmitDate":"April 5, 2021",
          "StudyFirstSubmitQCDate":"April 5, 2021",
          "StudyFirstPostDateStruct":{
            "StudyFirstPostDate":"April 8, 2021",
            "StudyFirstPostDateType":"Actual"
          },
          "LastUpdateSubmitDate":"April 7, 2021",
          "LastUpdatePostDateStruct":{
            "LastUpdatePostDate":"April 12, 2021",
            "LastUpdatePostDateType":"Actual"
          }
        },
        "SponsorCollaboratorsModule":{
          "ResponsibleParty":{
            "ResponsiblePartyType":"Principal Investigator",
            "ResponsiblePartyInvestigatorFullName":"Richard Mattes",
            "ResponsiblePartyInvestigatorTitle":"Richard Mattes PhD, RD",
            "ResponsiblePartyInvestigatorAffiliation":"Purdue University"
          },
          "LeadSponsor":{
            "LeadSponsorName":"Purdue University",
            "LeadSponsorClass":"OTHER"
          }
        },
        "OversightModule":{
          "OversightHasDMC":"No",
          "IsFDARegulatedDrug":"No",
          "IsFDARegulatedDevice":"No"
        },
        "DescriptionModule":{
          "BriefSummary":"This study will examine appetitive sensation variability and the relationship between appetitive sensations and energy intake. Investigators believe the methods for assessing and interpretation of appetitive sensations are problematic and mask the true influence of these sensations on eating. This limits the development of guidelines for weight management. To gain a better understanding of the relationship, investigators will track hourly appetite sensations and map these to eating events via time-series analyses to gain new insights on the directionality and magnitude of these relationships. Also, investigators will also examine the association of apetitive ratings with age or gender. This will allow the development of more effective weight management recommendations.",
          "DetailedDescription":"Screening - The study will be advertised through various public media sources (social media, posted flyers, Purdue Today) and a verbal conversation. Participants responding to the advertisements will be scheduled for a screening visit. This meeting will begin with a full description of the study, and investigators will secure informed written consent. Participants will complete questionnaires eliciting demographic (age, biological sex, BMI, fat%), dietary (eating traits), and health (acute and chronic disease history) information. Height and weight will be measured. For those choosing to enroll, investigators will obtain baseline measurements to confirm eligibility. Individuals qualified and volunteering to participate in the trial will complete multiple questionnaires about eating habits ( Meal pattern questionnaire, Power of food scale, 0 Study Materials - Appetite Training Material.pdf 0 Study Materials - ASA24 instruction .pdf 0 Eating Trait questionnaires.pdf 0 Study Materials - Appetite Lexicon Quiz.docx 0 Hourly Appetite and Thirst Ratings.pdf 0 Study Timeline.pdf Emotional eating scale, Eating inventory, Food craving inventory, Adult eating behavior scales, Self-regulation of eating behavior questionnaire, Barrot Impulsiveness scale). Participants will also learn how to record their energy intake through the ASA-24 system. Then, participants will get training on the lexicon of appetite sensations with a video tutorial, followed by an online quiz to confirm their understanding of the concepts. At least 90% of correct responses are required to pass the appetite lexicon training. Failure to satisfactorily convey an understanding of the concepts will result in an offer to repeat the training two more times or be rejected from the study. Study Procedure - Enrolled participants will have a virtual meeting with a researcher (E. Cheon) once a week through Zoom to remind participants about the necessity and method for recording of appetite/thirst ratings, dietary recalls, and physical activity to be completed during three days (2 non-consecutive weekdays and\n\n1 weekend day). Participants will be asked to report to the laboratory for instruction on recording appetitive sensations (hunger, fullness, thirst), food intake, physical activity at baseline (week1), week 9, and 17 on 3 days (2 non-consecutive weekdays and 1 weekend day). Ratings of hunger, fullness, and thirst will be recorded on their cell phones/computers via a web-based Qualtrics survey every waking hour for 3 days. All entries are time and date stamped to ensure the ratings are made at the intended times. Participants will be provided hourly alarms to ensure regular recording.\n\nConcurrently, participants will keep a diet record with an ASA-24 system and free-living energy expenditure will be measured using a physical activity tracking application on the same days of appetite ratings."
        },
        "ConditionsModule":{
          "ConditionList":{
            "Condition":[
              "Appetitive Behavior"
            ]
          }
        },
        "DesignModule":{
          "StudyType":"Observational",
          "PatientRegistry":"No",
          "DesignInfo":{
            "DesignObservationalModelList":{
              "DesignObservationalModel":[
                "Case-Control"
              ]
            },
            "DesignTimePerspectiveList":{
              "DesignTimePerspective":[
                "Prospective"
              ]
            }
          },
          "EnrollmentInfo":{
            "EnrollmentCount":"180",
            "EnrollmentType":"Anticipated"
          }
        },
        "ArmsInterventionsModule":{
          "ArmGroupList":{
            "ArmGroup":[
              {
                "ArmGroupLabel":"Young Adult/Normal",
                "ArmGroupDescription":"Age 18-35, BMI 18.5-24.9",
                "ArmGroupInterventionList":{
                  "ArmGroupInterventionName":[
                    "Other: Observational"
                  ]
                }
              },{
                "ArmGroupLabel":"Young Adult/Overweight and Obese",
                "ArmGroupDescription":"Age18-35, BMI greater than 25.0",
                "ArmGroupInterventionList":{
                  "ArmGroupInterventionName":[
                    "Other: Observational"
                  ]
                }
              },{
                "ArmGroupLabel":"Adult/Normal",
                "ArmGroupDescription":"Age 36-50, BMI 18.5-24.9",
                "ArmGroupInterventionList":{
                  "ArmGroupInterventionName":[
                    "Other: Observational"
                  ]
                }
              },{
                "ArmGroupLabel":"Adult/Overweight and Obese",
                "ArmGroupDescription":"Age 36-50, BMI greater than 25.0",
                "ArmGroupInterventionList":{
                  "ArmGroupInterventionName":[
                    "Other: Observational"
                  ]
                }
              },{
                "ArmGroupLabel":"Older Adult/Nornal",
                "ArmGroupDescription":"Age 51-65, BMI 18.5-24.9",
                "ArmGroupInterventionList":{
                  "ArmGroupInterventionName":[
                    "Other: Observational"
                  ]
                }
              },{
                "ArmGroupLabel":"Older Adult/Overweight and Obese",
                "ArmGroupDescription":"Age 51-65, BMI greater than 25.0",
                "ArmGroupInterventionList":{
                  "ArmGroupInterventionName":[
                    "Other: Observational"
                  ]
                }
              }
            ]
          },
          "InterventionList":{
            "Intervention":[
              {
                "InterventionType":"Other",
                "InterventionName":"Observational",
                "InterventionDescription":"Observational",
                "InterventionArmGroupLabelList":{
                  "InterventionArmGroupLabel":[
                    "Adult/Normal",
                    "Adult/Overweight and Obese",
                    "Older Adult/Nornal",
                    "Older Adult/Overweight and Obese",
                    "Young Adult/Normal",
                    "Young Adult/Overweight and Obese"
                  ]
                }
              }
            ]
          }
        },
        "OutcomesModule":{
          "PrimaryOutcomeList":{
            "PrimaryOutcome":[
              {
                "PrimaryOutcomeMeasure":"Hunger",
                "PrimaryOutcomeDescription":"A positive association between hunger and eating frequency.",
                "PrimaryOutcomeTimeFrame":"4 months"
              },{
                "PrimaryOutcomeMeasure":"Thirst",
                "PrimaryOutcomeDescription":"A positive association between thirst and energy intake from beverages.",
                "PrimaryOutcomeTimeFrame":"4 Months"
              },{
                "PrimaryOutcomeMeasure":"Fullness",
                "PrimaryOutcomeDescription":"A positive association between fullness and portion size.",
                "PrimaryOutcomeTimeFrame":"4 Months"
              },{
                "PrimaryOutcomeMeasure":"Energy Intake",
                "PrimaryOutcomeDescription":"A positive association between combined hunger (determinant of eating frequency) and fullness (determinant of portion size) ratings and energy intake.",
                "PrimaryOutcomeTimeFrame":"4 Months"
              },{
                "PrimaryOutcomeMeasure":"Age",
                "PrimaryOutcomeDescription":"A negative association between appetitive sensation intensities and age.",
                "PrimaryOutcomeTimeFrame":"4 Months"
              },{
                "PrimaryOutcomeMeasure":"Gender",
                "PrimaryOutcomeDescription":"No significant association between appetitive sensation intensities and gender.",
                "PrimaryOutcomeTimeFrame":"4 Months"
              }
            ]
          }
        },
        "EligibilityModule":{
          "EligibilityCriteria":"Inclusion Criteria:\n\nAge 18-65 years.\nBody weight fluctuation of <2.5 kg in the past 3 months.\n\nExclusion Criteria:\n\nHaving an acute disease.\nPlanning to initiate or terminate medication known to affect appetite.\nPlanning to initiate or terminate lifestyle behaviors that could affect energy balance\nAge <18 or >65 years.",
          "HealthyVolunteers":"Accepts Healthy Volunteers",
          "Gender":"All",
          "MinimumAge":"18 Years",
          "MaximumAge":"65 Years",
          "StdAgeList":{
            "StdAge":[
              "Adult",
              "Older Adult"
            ]
          },
          "StudyPopulation":"community sample",
          "SamplingMethod":"Probability Sample"
        },
        "ContactsLocationsModule":{
          "CentralContactList":{
            "CentralContact":[
              {
                "CentralContactName":"Eunjin Cheon, BS",
                "CentralContactRole":"Contact",
                "CentralContactPhone":"765494-3607",
                "CentralContactEMail":"cheone@purdue.edu"
              },{
                "CentralContactName":"Judy C George, BS",
                "CentralContactRole":"Contact",
                "CentralContactPhone":"7654946192",
                "CentralContactEMail":"georgej@purdue.edu"
              }
            ]
          },
          "OverallOfficialList":{
            "OverallOfficial":[
              {
                "OverallOfficialName":"Richard D Mattes, PhD",
                "OverallOfficialAffiliation":"Purdue University",
                "OverallOfficialRole":"Principal Investigator"
              }
            ]
          },
          "LocationList":{
            "Location":[
              {
                "LocationFacility":"Purdue Univeristy",
                "LocationStatus":"Recruiting",
                "LocationCity":"West Lafayette",
                "LocationState":"Indiana",
                "LocationZip":"47907",
                "LocationCountry":"United States",
                "LocationContactList":{
                  "LocationContact":[
                    {
                      "LocationContactName":"Richard D Mattes, PhD",
                      "LocationContactRole":"Contact",
                      "LocationContactPhone":"765-494-0662",
                      "LocationContactEMail":"mattes@purdue.edu"
                    },{
                      "LocationContactName":"Richard D Mattes, MPH, PhD",
                      "LocationContactRole":"Principal Investigator"
                    }
                  ]
                }
              }
            ]
          }
        },
        "IPDSharingStatementModule":{
          "IPDSharing":"No"
        }
      },
      "DerivedSection":{
        "MiscInfoModule":{
          "VersionHolder":"April 19, 2021"
        }
      }
    }
  }
}

