{
  "FullStudy":{
    "Rank":1458,
    "Study":{
      "ProtocolSection":{
        "IdentificationModule":{
          "NCTId":"NCT04830995",
          "OrgStudyIdInfo":{
            "OrgStudyId":"Cairo Un100"
          },
          "Organization":{
            "OrgFullName":"Cairo University",
            "OrgClass":"OTHER"
          },
          "BriefTitle":"Insulin Sensitivity Response to High-Intensity Training in Insulin Resistance During Pregnancy",
          "OfficialTitle":"Insulin Sensitivity and Plasma Glucose Response to High-Intensity Interval Training in Insulin Resistance During Pregnancy"
        },
        "StatusModule":{
          "StatusVerifiedDate":"January 2021",
          "OverallStatus":"Completed",
          "ExpandedAccessInfo":{
            "HasExpandedAccess":"No"
          },
          "StartDateStruct":{
            "StartDate":"March 24, 2020",
            "StartDateType":"Actual"
          },
          "PrimaryCompletionDateStruct":{
            "PrimaryCompletionDate":"October 30, 2020",
            "PrimaryCompletionDateType":"Actual"
          },
          "CompletionDateStruct":{
            "CompletionDate":"November 1, 2020",
            "CompletionDateType":"Actual"
          },
          "StudyFirstSubmitDate":"April 1, 2021",
          "StudyFirstSubmitQCDate":"April 1, 2021",
          "StudyFirstPostDateStruct":{
            "StudyFirstPostDate":"April 5, 2021",
            "StudyFirstPostDateType":"Actual"
          },
          "LastUpdateSubmitDate":"April 1, 2021",
          "LastUpdatePostDateStruct":{
            "LastUpdatePostDate":"April 5, 2021",
            "LastUpdatePostDateType":"Actual"
          }
        },
        "SponsorCollaboratorsModule":{
          "ResponsibleParty":{
            "ResponsiblePartyType":"Principal Investigator",
            "ResponsiblePartyInvestigatorFullName":"Ghada Ebrahim El Refaye",
            "ResponsiblePartyInvestigatorTitle":"assistant professor Department of Physical Therapy for Women's Health, Faculty of Physical therapy, Cairo University, Egypt",
            "ResponsiblePartyInvestigatorAffiliation":"Cairo University"
          },
          "LeadSponsor":{
            "LeadSponsorName":"Cairo University",
            "LeadSponsorClass":"OTHER"
          },
          "CollaboratorList":{
            "Collaborator":[
              {
                "CollaboratorName":"Heba mohamed Embaby",
                "CollaboratorClass":"UNKNOWN"
              },{
                "CollaboratorName":"Salwa Elgendy",
                "CollaboratorClass":"UNKNOWN"
              }
            ]
          }
        },
        "OversightModule":{
          "IsFDARegulatedDrug":"No",
          "IsFDARegulatedDevice":"No"
        },
        "DescriptionModule":{
          "BriefSummary":"Insulin Resistance is one of the common complications that occur during pregnancy. Early intervention is essential to prevent the development of the diseaseThere is evidence that physical inactivity increases the risk of a lot of adverse health problems, including coronary heart disease, type 2 diabetes, breast and colon cancers. It also shortens life expectancy. Pregnancy is a period in the life of women that is often associated with decreased daily physical activity and decreased participation in sports and exercise . In the first few weeks of pregnancy, maternal carbohydrate metabolism is affected by a rise in maternal levels of estrogen and progesterone that stimulates pancreatic β-cell hyperplasia and insulin secretion. As pregnancy progress, pancreatic islet cell hypertrophy continues and there is an increased insulin response to glucose or meal stimulation.",
          "DetailedDescription":"This study was carried out upon twenty multigravida pregnant female between 5-6 months gestation with IR calculated by HOMA test (fasting blood glucose× fasting insulin) ÷ 22.5. Fasting blood glucose was assessed by the method approved by (7, 13) .The test materials for this method were supplied as kits by \"Diamond Diagnostics,\" while Insulin concentrations were stated in formerly frozen and defrosted serum samples by enzyme immunoassay using the human Insulin ELISA kits."
        },
        "ConditionsModule":{
          "ConditionList":{
            "Condition":[
              "High Intensity Interval Training",
              "Diet, Healthy"
            ]
          },
          "KeywordList":{
            "Keyword":[
              "Training",
              "Insulin Resistance",
              "Pregnancy"
            ]
          }
        },
        "DesignModule":{
          "StudyType":"Interventional",
          "PhaseList":{
            "Phase":[
              "Not Applicable"
            ]
          },
          "DesignInfo":{
            "DesignAllocation":"Randomized",
            "DesignInterventionModel":"Parallel Assignment",
            "DesignInterventionModelDescription":"group (A) received HIIT and low diet for four weeks, 3 sessions weekly. While the control group received diet only.",
            "DesignPrimaryPurpose":"Treatment",
            "DesignMaskingInfo":{
              "DesignMasking":"Double",
              "DesignMaskingDescription":"Randomization was done by sealed envelope",
              "DesignWhoMaskedList":{
                "DesignWhoMasked":[
                  "Participant",
                  "Investigator"
                ]
              }
            }
          },
          "EnrollmentInfo":{
            "EnrollmentCount":"40",
            "EnrollmentType":"Actual"
          }
        },
        "ArmsInterventionsModule":{
          "ArmGroupList":{
            "ArmGroup":[
              {
                "ArmGroupLabel":"diet program",
                "ArmGroupType":"Experimental",
                "ArmGroupDescription":"moderate restricted diet (1800-2000 kcal/day) for four weeks, 3 sessions weekly",
                "ArmGroupInterventionList":{
                  "ArmGroupInterventionName":[
                    "Dietary Supplement: moderate restricted diet (1800-2000 kcal/day) for four weeks"
                  ]
                }
              },{
                "ArmGroupLabel":"high intensity interval training",
                "ArmGroupType":"Experimental",
                "ArmGroupDescription":"high intensity interval training for four weeks, 3 sessions weekly",
                "ArmGroupInterventionList":{
                  "ArmGroupInterventionName":[
                    "Dietary Supplement: moderate restricted diet (1800-2000 kcal/day) for four weeks"
                  ]
                }
              }
            ]
          },
          "InterventionList":{
            "Intervention":[
              {
                "InterventionType":"Dietary Supplement",
                "InterventionName":"moderate restricted diet (1800-2000 kcal/day) for four weeks",
                "InterventionDescription":"high intensity interval training 3 sessions for four weeks",
                "InterventionArmGroupLabelList":{
                  "InterventionArmGroupLabel":[
                    "diet program",
                    "high intensity interval training"
                  ]
                },
                "InterventionOtherNameList":{
                  "InterventionOtherName":[
                    "high intensity interval training"
                  ]
                }
              }
            ]
          }
        },
        "OutcomesModule":{
          "PrimaryOutcomeList":{
            "PrimaryOutcome":[
              {
                "PrimaryOutcomeMeasure":"Fasting blood glucose level",
                "PrimaryOutcomeDescription":"Fasting blood glucose level were measured by expert specialist before and after intervention period from 24th to 37th weeks of pregnancy.",
                "PrimaryOutcomeTimeFrame":"three months"
              }
            ]
          },
          "SecondaryOutcomeList":{
            "SecondaryOutcome":[
              {
                "SecondaryOutcomeMeasure":"Fasting Insulin Level",
                "SecondaryOutcomeDescription":"Fasting blood insulin level were measured by expert specialist before and after intervention period from 24th to 37th weeks of pregnancy.",
                "SecondaryOutcomeTimeFrame":"three months"
              }
            ]
          }
        },
        "EligibilityModule":{
          "EligibilityCriteria":"Inclusion Criteria:\n\nforty multigravida females.\ntheir age ranged between 25 to 35 years old.\nBody mass index (BMI) <30kg/ m².\n\nExclusion Criteria:\n\nfemales with pelvic pathology as endometriosis.\nfemales have irregular menstrual cycles.",
          "HealthyVolunteers":"No",
          "Gender":"Female",
          "MinimumAge":"25 Years",
          "MaximumAge":"35 Years",
          "StdAgeList":{
            "StdAge":[
              "Adult"
            ]
          }
        },
        "ContactsLocationsModule":{
          "LocationList":{
            "Location":[
              {
                "LocationFacility":"Ghada Elrefaye",
                "LocationCity":"Giza",
                "LocationZip":"12613",
                "LocationCountry":"Egypt"
              }
            ]
          }
        }
      },
      "DerivedSection":{
        "MiscInfoModule":{
          "VersionHolder":"April 19, 2021"
        },
        "ConditionBrowseModule":{
          "ConditionMeshList":{
            "ConditionMesh":[
              {
                "ConditionMeshId":"D000007333",
                "ConditionMeshTerm":"Insulin Resistance"
              }
            ]
          },
          "ConditionAncestorList":{
            "ConditionAncestor":[
              {
                "ConditionAncestorId":"D000006946",
                "ConditionAncestorTerm":"Hyperinsulinism"
              },{
                "ConditionAncestorId":"D000044882",
                "ConditionAncestorTerm":"Glucose Metabolism Disorders"
              },{
                "ConditionAncestorId":"D000008659",
                "ConditionAncestorTerm":"Metabolic Diseases"
              }
            ]
          },
          "ConditionBrowseLeafList":{
            "ConditionBrowseLeaf":[
              {
                "ConditionBrowseLeafId":"M8601",
                "ConditionBrowseLeafName":"Hypersensitivity",
                "ConditionBrowseLeafRelevance":"low"
              },{
                "ConditionBrowseLeafId":"M8953",
                "ConditionBrowseLeafName":"Insulin Resistance",
                "ConditionBrowseLeafAsFound":"Insulin Resistance",
                "ConditionBrowseLeafRelevance":"high"
              },{
                "ConditionBrowseLeafId":"M8580",
                "ConditionBrowseLeafName":"Hyperinsulinism",
                "ConditionBrowseLeafRelevance":"low"
              },{
                "ConditionBrowseLeafId":"M10222",
                "ConditionBrowseLeafName":"Metabolic Diseases",
                "ConditionBrowseLeafRelevance":"low"
              },{
                "ConditionBrowseLeafId":"M23990",
                "ConditionBrowseLeafName":"Glucose Metabolism Disorders",
                "ConditionBrowseLeafRelevance":"low"
              }
            ]
          },
          "ConditionBrowseBranchList":{
            "ConditionBrowseBranch":[
              {
                "ConditionBrowseBranchAbbrev":"BC20",
                "ConditionBrowseBranchName":"Immune System Diseases"
              },{
                "ConditionBrowseBranchAbbrev":"All",
                "ConditionBrowseBranchName":"All Conditions"
              },{
                "ConditionBrowseBranchAbbrev":"BC18",
                "ConditionBrowseBranchName":"Nutritional and Metabolic Diseases"
              }
            ]
          }
        },
        "InterventionBrowseModule":{
          "InterventionBrowseLeafList":{
            "InterventionBrowseLeaf":[
              {
                "InterventionBrowseLeafId":"M8948",
                "InterventionBrowseLeafName":"Insulin",
                "InterventionBrowseLeafRelevance":"low"
              },{
                "InterventionBrowseLeafId":"M178017",
                "InterventionBrowseLeafName":"Insulin, Globin Zinc",
                "InterventionBrowseLeafRelevance":"low"
              }
            ]
          },
          "InterventionBrowseBranchList":{
            "InterventionBrowseBranch":[
              {
                "InterventionBrowseBranchAbbrev":"Hypo",
                "InterventionBrowseBranchName":"Hypoglycemic Agents"
              },{
                "InterventionBrowseBranchAbbrev":"All",
                "InterventionBrowseBranchName":"All Drugs and Chemicals"
              }
            ]
          }
        }
      }
    }
  }
}

