{
  "FullStudy":{
    "Rank":896,
    "Study":{
      "ProtocolSection":{
        "IdentificationModule":{
          "NCTId":"NCT04838301",
          "OrgStudyIdInfo":{
            "OrgStudyId":"Allo-20-001"
          },
          "SecondaryIdInfoList":{
            "SecondaryIdInfo":[
              {
                "SecondaryId":"R01AG063826",
                "SecondaryIdType":"U.S. NIH Grant/Contract",
                "SecondaryIdLink":"https://projectreporter.nih.gov/reporterapi.cfm?PROJECTNUM=R01AG063826&Fy=all"
              }
            ]
          },
          "Organization":{
            "OrgFullName":"University of Arizona",
            "OrgClass":"OTHER"
          },
          "BriefTitle":"Allopregnanolone Regenerative Therapeutic for Mild Alzheimer's Disease",
          "OfficialTitle":"Safety and Efficacy of Allopregnanolone (Allo) as a Regenerative Therapeutic for Alzheimer's Disease: Multicenter, Double-Blind, Randomized, Placebo-Controlled, Phase 2 Clinical Trial",
          "Acronym":"REGEN-BRAIN©"
        },
        "StatusModule":{
          "StatusVerifiedDate":"April 2021",
          "OverallStatus":"Not yet recruiting",
          "ExpandedAccessInfo":{
            "HasExpandedAccess":"No"
          },
          "StartDateStruct":{
            "StartDate":"May 2021",
            "StartDateType":"Anticipated"
          },
          "PrimaryCompletionDateStruct":{
            "PrimaryCompletionDate":"January 2024",
            "PrimaryCompletionDateType":"Anticipated"
          },
          "CompletionDateStruct":{
            "CompletionDate":"June 2024",
            "CompletionDateType":"Anticipated"
          },
          "StudyFirstSubmitDate":"March 25, 2021",
          "StudyFirstSubmitQCDate":"April 6, 2021",
          "StudyFirstPostDateStruct":{
            "StudyFirstPostDate":"April 9, 2021",
            "StudyFirstPostDateType":"Actual"
          },
          "LastUpdateSubmitDate":"April 6, 2021",
          "LastUpdatePostDateStruct":{
            "LastUpdatePostDate":"April 9, 2021",
            "LastUpdatePostDateType":"Actual"
          }
        },
        "SponsorCollaboratorsModule":{
          "ResponsibleParty":{
            "ResponsiblePartyType":"Principal Investigator",
            "ResponsiblePartyInvestigatorFullName":"Roberta Brinton",
            "ResponsiblePartyInvestigatorTitle":"Director, Center for Innovation in Brain Science; Professor, Departments of Pharmacology and Neurology",
            "ResponsiblePartyInvestigatorAffiliation":"University of Arizona"
          },
          "LeadSponsor":{
            "LeadSponsorName":"University of Arizona",
            "LeadSponsorClass":"OTHER"
          },
          "CollaboratorList":{
            "Collaborator":[
              {
                "CollaboratorName":"National Institute on Aging (NIA)",
                "CollaboratorClass":"NIH"
              },{
                "CollaboratorName":"Syneos Health",
                "CollaboratorClass":"OTHER"
              },{
                "CollaboratorName":"ADM Diagnostics, Inc.",
                "CollaboratorClass":"UNKNOWN"
              },{
                "CollaboratorName":"University of Southern California",
                "CollaboratorClass":"OTHER"
              }
            ]
          }
        },
        "OversightModule":{
          "OversightHasDMC":"Yes",
          "IsFDARegulatedDrug":"Yes",
          "IsFDARegulatedDevice":"No"
        },
        "DescriptionModule":{
          "BriefSummary":"A phase 2, double-blind, randomized, placebo-controlled clinical trial to evaluate the safety and efficacy of Allopregnanolone as a regenerative therapeutic for Alzheimer's disease.",
          "DetailedDescription":"This is a proof-of-concept phase 2 clinical trial to investigate the long-term safety and efficacy of Allo to function as a regenerative therapeutic to restore structural integrity and cognitive function of the brain in participants with mild Alzheimer's disease (AD) dementia. Study participants will be male and female, APOE ε4 positive diagnosed with probable AD, Mini-Mental State Exam (MMSE) 20 to 26, ages 55 to 80 years old.\n\nAfter a 2-4-week screening period, participants will be randomized to 4 mg Allo (administered intravenously over 30 minutes, once per week, in clinic) or matching placebo, 1:1 allocation, for a period of 12 months. After 12 months, all participants in the placebo group will be crossed-over to receive Allo for the remainder of the study (6 month open-label phase). Brain imaging to evaluate the primary endpoint will be conducted at baseline, 6 and 12 months."
        },
        "ConditionsModule":{
          "ConditionList":{
            "Condition":[
              "Alzheimer Dementia",
              "Late Onset Alzheimer Disease",
              "Neurodegenerative Diseases"
            ]
          },
          "KeywordList":{
            "Keyword":[
              "Mild Alzheimer Disease",
              "Regenerative Therapeutic",
              "APOE ε4",
              "Neurogenesis",
              "Allopregnanolone"
            ]
          }
        },
        "DesignModule":{
          "StudyType":"Interventional",
          "PhaseList":{
            "Phase":[
              "Phase 2"
            ]
          },
          "DesignInfo":{
            "DesignAllocation":"Randomized",
            "DesignInterventionModel":"Parallel Assignment",
            "DesignInterventionModelDescription":"Participants are assigned to the active intervention or placebo in parallel for 12 months. After 12 months, all participants in the placebo group will be crossed-over to receive Allo for the remainder of the study (6 month open-label phase).",
            "DesignPrimaryPurpose":"Treatment",
            "DesignMaskingInfo":{
              "DesignMasking":"Quadruple",
              "DesignMaskingDescription":"After 12 months participants and study personnel will be aware of the open label phase, but initial randomization will remain blind during the entire length of the study (placebo-controlled and open-label periods); that is, all participants and study personnel are blinded to each participant's randomization to initial treatment group.",
              "DesignWhoMaskedList":{
                "DesignWhoMasked":[
                  "Participant",
                  "Care Provider",
                  "Investigator",
                  "Outcomes Assessor"
                ]
              }
            }
          },
          "EnrollmentInfo":{
            "EnrollmentCount":"200",
            "EnrollmentType":"Anticipated"
          }
        },
        "ArmsInterventionsModule":{
          "ArmGroupList":{
            "ArmGroup":[
              {
                "ArmGroupLabel":"Allo group",
                "ArmGroupType":"Experimental",
                "ArmGroupDescription":"Allopregnanolone 4mg IV 30-minute infusion once per week for 12 months.",
                "ArmGroupInterventionList":{
                  "ArmGroupInterventionName":[
                    "Drug: Allopregnanolone"
                  ]
                }
              },{
                "ArmGroupLabel":"Control group",
                "ArmGroupType":"Placebo Comparator",
                "ArmGroupDescription":"Placebo (normal saline) IV 30-minute infusion once per week for 12 months.",
                "ArmGroupInterventionList":{
                  "ArmGroupInterventionName":[
                    "Other: Placebo"
                  ]
                }
              }
            ]
          },
          "InterventionList":{
            "Intervention":[
              {
                "InterventionType":"Drug",
                "InterventionName":"Allopregnanolone",
                "InterventionDescription":"Allopregnanolone 4mg IV via 30-minute infusion, once per week.",
                "InterventionArmGroupLabelList":{
                  "InterventionArmGroupLabel":[
                    "Allo group"
                  ]
                },
                "InterventionOtherNameList":{
                  "InterventionOtherName":[
                    "Allo"
                  ]
                }
              },{
                "InterventionType":"Other",
                "InterventionName":"Placebo",
                "InterventionDescription":"Normal saline solution IV via 30-minute infusion, once per week",
                "InterventionArmGroupLabelList":{
                  "InterventionArmGroupLabel":[
                    "Control group"
                  ]
                }
              }
            ]
          }
        },
        "OutcomesModule":{
          "PrimaryOutcomeList":{
            "PrimaryOutcome":[
              {
                "PrimaryOutcomeMeasure":"Hippocampal volume",
                "PrimaryOutcomeDescription":"mm3",
                "PrimaryOutcomeTimeFrame":"Baseline to 12 months"
              }
            ]
          },
          "SecondaryOutcomeList":{
            "SecondaryOutcome":[
              {
                "SecondaryOutcomeMeasure":"Cambridge Cognition's Paired Associates Learning Test",
                "SecondaryOutcomeDescription":"Total errors score (adjusted) - number of errors made by the participant (range: 0 to ~120). Higher scores indicate poor performance.",
                "SecondaryOutcomeTimeFrame":"Baseline to 12 months"
              },{
                "SecondaryOutcomeMeasure":"Cambridge Neuropsychological Test Automated Battery (CANTAB)",
                "SecondaryOutcomeDescription":"Composite score (higher score indicate better outcome)",
                "SecondaryOutcomeTimeFrame":"Baseline to 12 months"
              },{
                "SecondaryOutcomeMeasure":"Alzheimer's Disease Assessment Scale-Cognitive Subscale (ADAS-Cog) 11",
                "SecondaryOutcomeDescription":"Total score (range 0 to 70); higher scores indicate poor performance.",
                "SecondaryOutcomeTimeFrame":"Baseline to 12 months"
              },{
                "SecondaryOutcomeMeasure":"Alzheimer's Disease Cooperative Study (ADCS) Instrumental Activities of Daily (iADL) Living (iADL)",
                "SecondaryOutcomeDescription":"iADL subscore (range 0-56): Lower score indicates greater severity",
                "SecondaryOutcomeTimeFrame":"Baseline to 12 months"
              },{
                "SecondaryOutcomeMeasure":"Safety and tolerability",
                "SecondaryOutcomeDescription":"Frequency of adverse events and serious adverse events",
                "SecondaryOutcomeTimeFrame":"Baseline to 12 months"
              }
            ]
          },
          "OtherOutcomeList":{
            "OtherOutcome":[
              {
                "OtherOutcomeMeasure":"Other regional brain volumes",
                "OtherOutcomeDescription":"Change in regional brain volumes (mm3)",
                "OtherOutcomeTimeFrame":"Baseline to 12 and 18 months"
              },{
                "OtherOutcomeMeasure":"Diffusion tensor imaging (DTI)",
                "OtherOutcomeDescription":"Change in white matter tract diffusion (scalar values and/or mm2/sec)",
                "OtherOutcomeTimeFrame":"Baseline to 12 and 18 months"
              },{
                "OtherOutcomeMeasure":"Resting state functional MRI",
                "OtherOutcomeDescription":"Change in functional connectivity (z transformed correlations)",
                "OtherOutcomeTimeFrame":"Baseline to 12 and 18 months"
              },{
                "OtherOutcomeMeasure":"Arterial spin labeling (ASL)",
                "OtherOutcomeDescription":"Change in regional cerebral blood flow (mL/100g)",
                "OtherOutcomeTimeFrame":"Baseline to 12 and 18 months"
              },{
                "OtherOutcomeMeasure":"Exploratory blood based biomarkers",
                "OtherOutcomeDescription":"Change from baseline in biomarkers of AD pathology, neurogenesis and inflammation",
                "OtherOutcomeTimeFrame":"Baseline to 12 and 18 months"
              },{
                "OtherOutcomeMeasure":"Clinical Dementia Rating (CDR)",
                "OtherOutcomeDescription":"Sum of boxes score (CDR-SB): range 0-18",
                "OtherOutcomeTimeFrame":"Baseline to 12 and 18 months"
              },{
                "OtherOutcomeMeasure":"Alzheimer's Disease Assessment Scale-Cognitive Subscale (ADAS-Cog) 14",
                "OtherOutcomeDescription":"Total score (range 0-90)",
                "OtherOutcomeTimeFrame":"Baseline to 12 and 18 months"
              },{
                "OtherOutcomeMeasure":"Mini Mental State Examination (MMSE)",
                "OtherOutcomeDescription":"Total score (range 0-30)",
                "OtherOutcomeTimeFrame":"Baseline to 12 and 18 months"
              },{
                "OtherOutcomeMeasure":"Neuropsychiatric Inventory-Questionnaire (NPI-Q)",
                "OtherOutcomeDescription":"Total score (range 0-36). Higher scores indicate greater symptom severity",
                "OtherOutcomeTimeFrame":"Baseline to 12 and 18 months"
              },{
                "OtherOutcomeMeasure":"EuroQol 5-Dimension / 5-Level health-related quality of life scale scores (EQ-5D-5L)",
                "OtherOutcomeDescription":"Reported as frequency, percentage and index value.",
                "OtherOutcomeTimeFrame":"Baseline to 12 and 18 months"
              },{
                "OtherOutcomeMeasure":"Quality of Life in Alzheimer's Disease scale (QoL-AD)",
                "OtherOutcomeDescription":"Total score (range 13-52). Higher score indicate better QoL",
                "OtherOutcomeTimeFrame":"Baseline to 12 and 18 months"
              },{
                "OtherOutcomeMeasure":"Zarit Burden Interview (ZBI)",
                "OtherOutcomeDescription":"Total score (range 0-48). Higher scores indicate high burden",
                "OtherOutcomeTimeFrame":"Baseline to 12 and 18 months"
              }
            ]
          }
        },
        "EligibilityModule":{
          "EligibilityCriteria":"Inclusion Criteria:\n\nMen and postmenopausal women\nAge 55 to 80 years old\nMeets NIA-AA criteria for probable AD dementia\nMMSE of 20-26\nAPOE ε4 positive\nGeriatric Depression Scale short form (GDS-S) score of ≤ 6\nNo medical contraindications to participation\nCapacity to provide informed consent at screening\n\nExclusion Criteria:\n\nDementia other than probable AD\nUse of benzodiazepines, anticonvulsants, antipsychotics, or other drugs that might interact with the GABA-A receptor complex\nHistory of stroke with a modified Hachinski Ischemic Scale score >4\nHistory of seizure disorder, focal brain lesion, traumatic brain injury\nHistory within the last 5 years of a primary or recurrent malignant disease\nUnstable or clinically significant cardiovascular, kidney or liver disease\nMRI indicative of any other significant abnormality, including but not limited to one or more significant ARIA-E or macro-hemorrhage findings, or multiple microhemorrhages (>8), or Fazekas score of 3; encephalomalacia, aneurysms, vascular malformations, subdural hematoma, or space occupying lesions\nAny conditions that would contraindicate MRI studies.",
          "HealthyVolunteers":"No",
          "Gender":"All",
          "MinimumAge":"55 Years",
          "MaximumAge":"80 Years",
          "StdAgeList":{
            "StdAge":[
              "Adult",
              "Older Adult"
            ]
          }
        },
        "ReferencesModule":{
          "ReferenceList":{
            "Reference":[
              {
                "ReferencePMID":"33344752",
                "ReferenceType":"background",
                "ReferenceCitation":"Hernandez GD, Solinsky CM, Mack WJ, Kono N, Rodgers KE, Wu CY, Mollo AR, Lopez CM, Pawluczyk S, Bauer G, Matthews D, Shi Y, Law M, Rogawski MA, Schneider LS, Brinton RD. Safety, tolerability, and pharmacokinetics of allopregnanolone as a regenerative therapeutic for Alzheimer's disease: A single and multiple ascending dose phase 1b/2a clinical trial. Alzheimers Dement (N Y). 2020 Dec 16;6(1):e12107. doi: 10.1002/trc2.12107. eCollection 2020."
              },{
                "ReferencePMID":"23438839",
                "ReferenceType":"background",
                "ReferenceCitation":"Brinton RD. Neurosteroids as regenerative agents in the brain: therapeutic implications. Nat Rev Endocrinol. 2013 Apr;9(4):241-50. doi: 10.1038/nrendo.2013.31. Epub 2013 Feb 26. Review."
              },{
                "ReferencePMID":"16842093",
                "ReferenceType":"background",
                "ReferenceCitation":"Brinton RD, Wang JM. Therapeutic potential of neurogenesis for prevention and recovery from Alzheimer's disease: allopregnanolone as a proof of concept neurogenic agent. Curr Alzheimer Res. 2006 Jul;3(3):185-90. Review."
              }
            ]
          }
        }
      },
      "DerivedSection":{
        "MiscInfoModule":{
          "VersionHolder":"April 19, 2021"
        },
        "ConditionBrowseModule":{
          "ConditionMeshList":{
            "ConditionMesh":[
              {
                "ConditionMeshId":"D000000544",
                "ConditionMeshTerm":"Alzheimer Disease"
              },{
                "ConditionMeshId":"D000019636",
                "ConditionMeshTerm":"Neurodegenerative Diseases"
              }
            ]
          },
          "ConditionAncestorList":{
            "ConditionAncestor":[
              {
                "ConditionAncestorId":"D000003704",
                "ConditionAncestorTerm":"Dementia"
              },{
                "ConditionAncestorId":"D000001927",
                "ConditionAncestorTerm":"Brain Diseases"
              },{
                "ConditionAncestorId":"D000002493",
                "ConditionAncestorTerm":"Central Nervous System Diseases"
              },{
                "ConditionAncestorId":"D000009422",
                "ConditionAncestorTerm":"Nervous System Diseases"
              },{
                "ConditionAncestorId":"D000024801",
                "ConditionAncestorTerm":"Tauopathies"
              },{
                "ConditionAncestorId":"D000019965",
                "ConditionAncestorTerm":"Neurocognitive Disorders"
              },{
                "ConditionAncestorId":"D000001523",
                "ConditionAncestorTerm":"Mental Disorders"
              }
            ]
          },
          "ConditionBrowseLeafList":{
            "ConditionBrowseLeaf":[
              {
                "ConditionBrowseLeafId":"M5487",
                "ConditionBrowseLeafName":"Dementia",
                "ConditionBrowseLeafRelevance":"low"
              },{
                "ConditionBrowseLeafId":"M2466",
                "ConditionBrowseLeafName":"Alzheimer Disease",
                "ConditionBrowseLeafAsFound":"Alzheimer's Disease",
                "ConditionBrowseLeafRelevance":"high"
              },{
                "ConditionBrowseLeafId":"M20142",
                "ConditionBrowseLeafName":"Neurodegenerative Diseases",
                "ConditionBrowseLeafAsFound":"Neurodegenerative Diseases",
                "ConditionBrowseLeafRelevance":"high"
              },{
                "ConditionBrowseLeafId":"M3786",
                "ConditionBrowseLeafName":"Brain Diseases",
                "ConditionBrowseLeafRelevance":"low"
              },{
                "ConditionBrowseLeafId":"M4325",
                "ConditionBrowseLeafName":"Central Nervous System Diseases",
                "ConditionBrowseLeafRelevance":"low"
              },{
                "ConditionBrowseLeafId":"M21586",
                "ConditionBrowseLeafName":"Tauopathies",
                "ConditionBrowseLeafRelevance":"low"
              },{
                "ConditionBrowseLeafId":"M20420",
                "ConditionBrowseLeafName":"Neurocognitive Disorders",
                "ConditionBrowseLeafRelevance":"low"
              },{
                "ConditionBrowseLeafId":"M3396",
                "ConditionBrowseLeafName":"Mental Disorders",
                "ConditionBrowseLeafRelevance":"low"
              },{
                "ConditionBrowseLeafId":"M13056",
                "ConditionBrowseLeafName":"Psychotic Disorders",
                "ConditionBrowseLeafRelevance":"low"
              },{
                "ConditionBrowseLeafId":"T2192",
                "ConditionBrowseLeafName":"Familial Alzheimer Disease",
                "ConditionBrowseLeafAsFound":"Alzheimer's Disease",
                "ConditionBrowseLeafRelevance":"high"
              },{
                "ConditionBrowseLeafId":"T312",
                "ConditionBrowseLeafName":"Alzheimer Disease Type 2",
                "ConditionBrowseLeafAsFound":"Late Onset Alzheimer Disease",
                "ConditionBrowseLeafRelevance":"high"
              },{
                "ConditionBrowseLeafId":"T3320",
                "ConditionBrowseLeafName":"Late-Onset Familial Alzheimer Disease",
                "ConditionBrowseLeafAsFound":"Late Onset Alzheimer Disease",
                "ConditionBrowseLeafRelevance":"high"
              }
            ]
          },
          "ConditionBrowseBranchList":{
            "ConditionBrowseBranch":[
              {
                "ConditionBrowseBranchAbbrev":"BC10",
                "ConditionBrowseBranchName":"Nervous System Diseases"
              },{
                "ConditionBrowseBranchAbbrev":"BXM",
                "ConditionBrowseBranchName":"Behaviors and Mental Disorders"
              },{
                "ConditionBrowseBranchAbbrev":"All",
                "ConditionBrowseBranchName":"All Conditions"
              },{
                "ConditionBrowseBranchAbbrev":"Rare",
                "ConditionBrowseBranchName":"Rare Diseases"
              }
            ]
          }
        },
        "InterventionBrowseModule":{
          "InterventionMeshList":{
            "InterventionMesh":[
              {
                "InterventionMeshId":"D000011280",
                "InterventionMeshTerm":"Pregnanolone"
              }
            ]
          },
          "InterventionAncestorList":{
            "InterventionAncestor":[
              {
                "InterventionAncestorId":"D000000777",
                "InterventionAncestorTerm":"Anesthetics"
              },{
                "InterventionAncestorId":"D000002492",
                "InterventionAncestorTerm":"Central Nervous System Depressants"
              },{
                "InterventionAncestorId":"D000045505",
                "InterventionAncestorTerm":"Physiological Effects of Drugs"
              }
            ]
          },
          "InterventionBrowseLeafList":{
            "InterventionBrowseLeaf":[
              {
                "InterventionBrowseLeafId":"M12739",
                "InterventionBrowseLeafName":"Pregnanolone",
                "InterventionBrowseLeafAsFound":"Meningitidis",
                "InterventionBrowseLeafRelevance":"high"
              },{
                "InterventionBrowseLeafId":"M20444",
                "InterventionBrowseLeafName":"Pharmaceutical Solutions",
                "InterventionBrowseLeafRelevance":"low"
              },{
                "InterventionBrowseLeafId":"M2688",
                "InterventionBrowseLeafName":"Anesthetics",
                "InterventionBrowseLeafRelevance":"low"
              }
            ]
          },
          "InterventionBrowseBranchList":{
            "InterventionBrowseBranch":[
              {
                "InterventionBrowseBranchAbbrev":"CNSDep",
                "InterventionBrowseBranchName":"Central Nervous System Depressants"
              },{
                "InterventionBrowseBranchAbbrev":"All",
                "InterventionBrowseBranchName":"All Drugs and Chemicals"
              },{
                "InterventionBrowseBranchAbbrev":"PhSol",
                "InterventionBrowseBranchName":"Pharmaceutical Solutions"
              }
            ]
          }
        }
      }
    }
  }
}

