{
  "FullStudy":{
    "Rank":946,
    "Study":{
      "ProtocolSection":{
        "IdentificationModule":{
          "NCTId":"NCT04837651",
          "OrgStudyIdInfo":{
            "OrgStudyId":"VA26843"
          },
          "Organization":{
            "OrgFullName":"Dragonfly Research, LLC",
            "OrgClass":"OTHER"
          },
          "BriefTitle":"Comparing the Antibody Response to COVID-19 Vaccination in Multiple Sclerosis Patients Treated With Ocrelizumab or Natalizumab",
          "OfficialTitle":"A Real World, Prospective, Single-center, Observational Study Comparing the Antibody Response to COVID-19 Vaccination in Multiple Sclerosis Patients Treated With Ocrelizumab or Natalizumab",
          "Acronym":"OCR-VAX"
        },
        "StatusModule":{
          "StatusVerifiedDate":"April 2021",
          "OverallStatus":"Recruiting",
          "ExpandedAccessInfo":{
            "HasExpandedAccess":"No"
          },
          "StartDateStruct":{
            "StartDate":"March 8, 2021",
            "StartDateType":"Actual"
          },
          "PrimaryCompletionDateStruct":{
            "PrimaryCompletionDate":"March 8, 2022",
            "PrimaryCompletionDateType":"Anticipated"
          },
          "CompletionDateStruct":{
            "CompletionDate":"September 8, 2022",
            "CompletionDateType":"Anticipated"
          },
          "StudyFirstSubmitDate":"March 16, 2021",
          "StudyFirstSubmitQCDate":"April 7, 2021",
          "StudyFirstPostDateStruct":{
            "StudyFirstPostDate":"April 8, 2021",
            "StudyFirstPostDateType":"Actual"
          },
          "LastUpdateSubmitDate":"April 7, 2021",
          "LastUpdatePostDateStruct":{
            "LastUpdatePostDate":"April 8, 2021",
            "LastUpdatePostDateType":"Actual"
          }
        },
        "SponsorCollaboratorsModule":{
          "ResponsibleParty":{
            "ResponsiblePartyType":"Sponsor"
          },
          "LeadSponsor":{
            "LeadSponsorName":"Dragonfly Research, LLC",
            "LeadSponsorClass":"OTHER"
          }
        },
        "OversightModule":{
          "IsFDARegulatedDrug":"No",
          "IsFDARegulatedDevice":"Yes"
        },
        "DescriptionModule":{
          "BriefSummary":"The primary goal of this study is to determine if subjects currently receiving treatment with ocrelizumab or natalizumab produce antibodies to the SARS-CoV-2 spike protein receptor binding domain following immunization with the COVID-19 vaccine.",
          "DetailedDescription":"The purpose of this study is to see if patients on ocrelizumab (Ocrevus) make antibodies in response to the coronavirus vaccine. Ocrelizumab depletes B-lymphocytes and has the potential to reduce the effectiveness of vaccines. The impact of ocrelizumab treatment on coronavirus vaccines is unknown.\n\nNatalizumab (Tysabri) likely has a minimal impact the efficacy of vaccines. In this study the investigators will take blood samples in patients being treated with either ocrelizumab or natalizumab before and after vaccination with an FDA-authorized coronavirus (COVID-19) vaccine and compare the antibody response in both groups."
        },
        "ConditionsModule":{
          "ConditionList":{
            "Condition":[
              "Multiple Sclerosis",
              "Demyelinating Autoimmune Diseases, CNS",
              "Autoimmune Diseases of the Nervous System",
              "Nervous System Diseases",
              "Demyelinating Diseases",
              "Autoimmune Diseases",
              "Immune System Diseases",
              "Pathologic Processes"
            ]
          },
          "KeywordList":{
            "Keyword":[
              "COVID-19",
              "Natalizumab",
              "Ocrelizumab",
              "Ocrevus",
              "Tysabri",
              "Antibody",
              "Coronavirus",
              "Vaccine"
            ]
          }
        },
        "DesignModule":{
          "StudyType":"Observational",
          "PatientRegistry":"No",
          "DesignInfo":{
            "DesignObservationalModelList":{
              "DesignObservationalModel":[
                "Cohort"
              ]
            },
            "DesignTimePerspectiveList":{
              "DesignTimePerspective":[
                "Prospective"
              ]
            }
          },
          "EnrollmentInfo":{
            "EnrollmentCount":"100",
            "EnrollmentType":"Anticipated"
          }
        },
        "ArmsInterventionsModule":{
          "ArmGroupList":{
            "ArmGroup":[
              {
                "ArmGroupLabel":"Ocrelizumab Treated Multiple Sclerosis Patients",
                "ArmGroupInterventionList":{
                  "ArmGroupInterventionName":[
                    "Device: Elecsys semi-quantitative Anti-SARS-CoV-2 antibody test"
                  ]
                }
              },{
                "ArmGroupLabel":"Natalizumab Treated Multiple Sclerosis Patients",
                "ArmGroupInterventionList":{
                  "ArmGroupInterventionName":[
                    "Device: Elecsys semi-quantitative Anti-SARS-CoV-2 antibody test"
                  ]
                }
              }
            ]
          },
          "InterventionList":{
            "Intervention":[
              {
                "InterventionType":"Device",
                "InterventionName":"Elecsys semi-quantitative Anti-SARS-CoV-2 antibody test",
                "InterventionDescription":"Subjects will receive an Elecsys semi-quantitative Anti-SARS-CoV-2 antibody test within 4 weeks of receiving their first COVID-19 injection. Within 3-4 weeks of receipt of their final COVID-19 vaccine dose, subjects will receive another Elecsys semi-quantitative Anti-SARS-CoV-2 antibody test.",
                "InterventionArmGroupLabelList":{
                  "InterventionArmGroupLabel":[
                    "Natalizumab Treated Multiple Sclerosis Patients",
                    "Ocrelizumab Treated Multiple Sclerosis Patients"
                  ]
                }
              }
            ]
          }
        },
        "OutcomesModule":{
          "PrimaryOutcomeList":{
            "PrimaryOutcome":[
              {
                "PrimaryOutcomeMeasure":"SARS-CoV-2 Antibody Production",
                "PrimaryOutcomeDescription":"Production of SARS-CoV-2 antibodies in response to the COVID-19 vaccine in patients receiving treatment with ocrelizumab or natalizumab.",
                "PrimaryOutcomeTimeFrame":"Measured within 3-4 weeks of final COVID-19 vaccine dose"
              }
            ]
          },
          "SecondaryOutcomeList":{
            "SecondaryOutcome":[
              {
                "SecondaryOutcomeMeasure":"Degree of SARS-CoV-2 Antibody Response as measured by Elecsys semi-quantitative SARS-CoV-2 antibody test (reported in U/mL)",
                "SecondaryOutcomeDescription":"Difference in the degree of anti-SARS-CoV-2 antibody response (reported in U/mL by the Elecsys semi-quantitative SARS-CoV-2 antibody test) in natalizumab treated patients vs. ocrelizumab treated patients",
                "SecondaryOutcomeTimeFrame":"Measured within 3-4 weeks of final COVID-19 vaccine dose"
              },{
                "SecondaryOutcomeMeasure":"SARS-CoV-2 Vaccine Related Reactions as assessed via questionnaire one week after vaccination",
                "SecondaryOutcomeDescription":"Difference in type and severity of COVID-19 vaccine related reactions in patients currently receiving ocrelizumab or natalizumab.",
                "SecondaryOutcomeTimeFrame":"Measured within 1 week of vaccine dose"
              }
            ]
          }
        },
        "EligibilityModule":{
          "EligibilityCriteria":"Inclusion Criteria:\n\nAge 18-55\nDiagnosis of multiple sclerosis (as per the revised 2017 criteria)\nEDSS score of 0-5.5 inclusive\nHas initiated ocrelizumab or natalizumab at least 6 months prior to study enrollment\nCD19 B cell count of ≤9 cells/µL for patients receiving ocrelizumab\nFor women of childbearing potential: agreement to remain abstinent or to use a highly effective (99% efficacy or greater) contraceptive method\nIndividual must be able to provide consent, read/write/comprehend English language or must be able to provide a consistent translator\n\nExclusion Criteria:\n\nPrevious infection with COVID-19, confirmed by FDA approved testing\nCognitive impairment limiting the ability to consent or complete study procedures\nCurrently pregnant, planning to become pregnant during the study period, or currently breastfeeding\nAny prior use of immunosuppressive or chemotherapy treatment (including, but not limited to, cladribine, alemtuzumab, mycophenolate mofetil, cyclophosphamide, methotrexate, azathioprine)\nPrior treatment with a B-cell depleting therapy other than ocrelizumab within 12 months of first on-study infusion excluding standard ocrelizumab pre-treatment therapy\nUse of systemic corticosteroid therapy within 12 weeks of screening (excluding corticosteroid treatment given concurrently with ocrelizumab)\nHistory of allergic reactions to vaccines",
          "HealthyVolunteers":"Accepts Healthy Volunteers",
          "Gender":"All",
          "MinimumAge":"18 Years",
          "MaximumAge":"55 Years",
          "StdAgeList":{
            "StdAge":[
              "Adult"
            ]
          },
          "StudyPopulation":"Adult Multiple Sclerosis patients receiving treatment with natalizumab or ocrelizumab at the Elliot Lewis MS Center.",
          "SamplingMethod":"Non-Probability Sample"
        },
        "ContactsLocationsModule":{
          "CentralContactList":{
            "CentralContact":[
              {
                "CentralContactName":"Joshua Katz, M.D.",
                "CentralContactRole":"Contact",
                "CentralContactPhone":"7815918304",
                "CentralContactEMail":"JoshuaKatz@ElliotLewisMS.org"
              },{
                "CentralContactName":"Andrew Bouley, M.D.",
                "CentralContactRole":"Contact",
                "CentralContactPhone":"7815918300",
                "CentralContactEMail":"andrewbouley@elliotlewisMS.org"
              }
            ]
          },
          "OverallOfficialList":{
            "OverallOfficial":[
              {
                "OverallOfficialName":"Joshua Katz, M.D.",
                "OverallOfficialAffiliation":"Dragonfly Research, LLC",
                "OverallOfficialRole":"Principal Investigator"
              }
            ]
          },
          "LocationList":{
            "Location":[
              {
                "LocationFacility":"Dragonfly Research, LLC",
                "LocationStatus":"Recruiting",
                "LocationCity":"Wellesley",
                "LocationState":"Massachusetts",
                "LocationZip":"02481",
                "LocationCountry":"United States",
                "LocationContactList":{
                  "LocationContact":[
                    {
                      "LocationContactName":"Joshua Katz, M.D.",
                      "LocationContactRole":"Contact",
                      "LocationContactPhone":"781-591-8304",
                      "LocationContactEMail":"JoshuaKatz@ElliotLewisMS.org"
                    },{
                      "LocationContactName":"Rose-Marie Jungquist, B.S.",
                      "LocationContactRole":"Contact",
                      "LocationContactPhone":"781-591-8313",
                      "LocationContactEMail":"rosiejungquist@elliotlewisMS.org"
                    },{
                      "LocationContactName":"Joshua Katz, M.D.",
                      "LocationContactRole":"Principal Investigator"
                    },{
                      "LocationContactName":"Ellen Lathi, M.D.",
                      "LocationContactRole":"Sub-Investigator"
                    },{
                      "LocationContactName":"Andrew Bouley, M.D.",
                      "LocationContactRole":"Sub-Investigator"
                    }
                  ]
                }
              }
            ]
          }
        }
      },
      "DerivedSection":{
        "MiscInfoModule":{
          "VersionHolder":"April 19, 2021"
        },
        "ConditionBrowseModule":{
          "ConditionMeshList":{
            "ConditionMesh":[
              {
                "ConditionMeshId":"D000009103",
                "ConditionMeshTerm":"Multiple Sclerosis"
              },{
                "ConditionMeshId":"D000009422",
                "ConditionMeshTerm":"Nervous System Diseases"
              },{
                "ConditionMeshId":"D000003711",
                "ConditionMeshTerm":"Demyelinating Diseases"
              },{
                "ConditionMeshId":"D000020274",
                "ConditionMeshTerm":"Autoimmune Diseases of the Nervous System"
              },{
                "ConditionMeshId":"D000020278",
                "ConditionMeshTerm":"Demyelinating Autoimmune Diseases, CNS"
              },{
                "ConditionMeshId":"D000001327",
                "ConditionMeshTerm":"Autoimmune Diseases"
              },{
                "ConditionMeshId":"D000007154",
                "ConditionMeshTerm":"Immune System Diseases"
              },{
                "ConditionMeshId":"D000012598",
                "ConditionMeshTerm":"Sclerosis"
              },{
                "ConditionMeshId":"D000010335",
                "ConditionMeshTerm":"Pathologic Processes"
              }
            ]
          },
          "ConditionAncestorList":{
            "ConditionAncestor":[
              {
                "ConditionAncestorId":"D000056784",
                "ConditionAncestorTerm":"Leukoencephalopathies"
              },{
                "ConditionAncestorId":"D000001927",
                "ConditionAncestorTerm":"Brain Diseases"
              },{
                "ConditionAncestorId":"D000002493",
                "ConditionAncestorTerm":"Central Nervous System Diseases"
              }
            ]
          },
          "ConditionBrowseLeafList":{
            "ConditionBrowseLeaf":[
              {
                "ConditionBrowseLeafId":"M13998",
                "ConditionBrowseLeafName":"Sclerosis",
                "ConditionBrowseLeafAsFound":"Sclerosis",
                "ConditionBrowseLeafRelevance":"high"
              },{
                "ConditionBrowseLeafId":"M19074",
                "ConditionBrowseLeafName":"Coronavirus Infections",
                "ConditionBrowseLeafRelevance":"low"
              },{
                "ConditionBrowseLeafId":"M10643",
                "ConditionBrowseLeafName":"Multiple Sclerosis",
                "ConditionBrowseLeafAsFound":"Multiple Sclerosis",
                "ConditionBrowseLeafRelevance":"high"
              },{
                "ConditionBrowseLeafId":"M3210",
                "ConditionBrowseLeafName":"Autoimmune Diseases",
                "ConditionBrowseLeafAsFound":"Autoimmune Diseases",
                "ConditionBrowseLeafRelevance":"high"
              },{
                "ConditionBrowseLeafId":"M5492",
                "ConditionBrowseLeafName":"Demyelinating Diseases",
                "ConditionBrowseLeafAsFound":"Demyelinating Diseases",
                "ConditionBrowseLeafRelevance":"high"
              },{
                "ConditionBrowseLeafId":"M20678",
                "ConditionBrowseLeafName":"Autoimmune Diseases of the Nervous System",
                "ConditionBrowseLeafAsFound":"Autoimmune Diseases of the Nervous System",
                "ConditionBrowseLeafRelevance":"high"
              },{
                "ConditionBrowseLeafId":"M20682",
                "ConditionBrowseLeafName":"Demyelinating Autoimmune Diseases, CNS",
                "ConditionBrowseLeafAsFound":"Demyelinating Autoimmune Diseases, CNS",
                "ConditionBrowseLeafRelevance":"high"
              },{
                "ConditionBrowseLeafId":"M8783",
                "ConditionBrowseLeafName":"Immune System Diseases",
                "ConditionBrowseLeafAsFound":"Immune System Diseases",
                "ConditionBrowseLeafRelevance":"high"
              },{
                "ConditionBrowseLeafId":"M27178",
                "ConditionBrowseLeafName":"Leukoencephalopathies",
                "ConditionBrowseLeafRelevance":"low"
              },{
                "ConditionBrowseLeafId":"M3786",
                "ConditionBrowseLeafName":"Brain Diseases",
                "ConditionBrowseLeafRelevance":"low"
              },{
                "ConditionBrowseLeafId":"M4325",
                "ConditionBrowseLeafName":"Central Nervous System Diseases",
                "ConditionBrowseLeafRelevance":"low"
              }
            ]
          },
          "ConditionBrowseBranchList":{
            "ConditionBrowseBranch":[
              {
                "ConditionBrowseBranchAbbrev":"BC23",
                "ConditionBrowseBranchName":"Symptoms and General Pathology"
              },{
                "ConditionBrowseBranchAbbrev":"All",
                "ConditionBrowseBranchName":"All Conditions"
              },{
                "ConditionBrowseBranchAbbrev":"BC02",
                "ConditionBrowseBranchName":"Viral Diseases"
              },{
                "ConditionBrowseBranchAbbrev":"BC10",
                "ConditionBrowseBranchName":"Nervous System Diseases"
              },{
                "ConditionBrowseBranchAbbrev":"BC20",
                "ConditionBrowseBranchName":"Immune System Diseases"
              }
            ]
          }
        },
        "InterventionBrowseModule":{
          "InterventionMeshList":{
            "InterventionMesh":[
              {
                "InterventionMeshId":"D000000906",
                "InterventionMeshTerm":"Antibodies"
              }
            ]
          },
          "InterventionAncestorList":{
            "InterventionAncestor":[
              {
                "InterventionAncestorId":"D000007155",
                "InterventionAncestorTerm":"Immunologic Factors"
              },{
                "InterventionAncestorId":"D000045505",
                "InterventionAncestorTerm":"Physiological Effects of Drugs"
              }
            ]
          },
          "InterventionBrowseLeafList":{
            "InterventionBrowseLeaf":[
              {
                "InterventionBrowseLeafId":"M2806",
                "InterventionBrowseLeafName":"Antibodies",
                "InterventionBrowseLeafAsFound":"Sessions",
                "InterventionBrowseLeafRelevance":"high"
              },{
                "InterventionBrowseLeafId":"M15943",
                "InterventionBrowseLeafName":"Vaccines",
                "InterventionBrowseLeafRelevance":"low"
              },{
                "InterventionBrowseLeafId":"M8767",
                "InterventionBrowseLeafName":"Immunoglobulins",
                "InterventionBrowseLeafRelevance":"low"
              },{
                "InterventionBrowseLeafId":"M411",
                "InterventionBrowseLeafName":"Natalizumab",
                "InterventionBrowseLeafRelevance":"low"
              },{
                "InterventionBrowseLeafId":"M270150",
                "InterventionBrowseLeafName":"Ocrelizumab",
                "InterventionBrowseLeafRelevance":"low"
              },{
                "InterventionBrowseLeafId":"M8784",
                "InterventionBrowseLeafName":"Immunologic Factors",
                "InterventionBrowseLeafRelevance":"low"
              }
            ]
          },
          "InterventionBrowseBranchList":{
            "InterventionBrowseBranch":[
              {
                "InterventionBrowseBranchAbbrev":"All",
                "InterventionBrowseBranchName":"All Drugs and Chemicals"
              }
            ]
          }
        }
      }
    }
  }
}

