{
  "FullStudy":{
    "Rank":1533,
    "Study":{
      "ProtocolSection":{
        "IdentificationModule":{
          "NCTId":"NCT04830007",
          "OrgStudyIdInfo":{
            "OrgStudyId":"NOCONTRAIVG"
          },
          "SecondaryIdInfoList":{
            "SecondaryIdInfo":[
              {
                "SecondaryId":"2021-A00298-33",
                "SecondaryIdType":"Other Identifier",
                "SecondaryIdDomain":"ID-RCB"
              }
            ]
          },
          "Organization":{
            "OrgFullName":"Centre Hospitalier Intercommunal Creteil",
            "OrgClass":"OTHER"
          },
          "BriefTitle":"Factors Associated With the Absence of Contraception at Women Seeking a Voluntary Termination of Pregnancy",
          "OfficialTitle":"Factors Associated With the Absence of Contraception at the Time of Unplaned Pregnancy Among Women Seeking a Voluntary Termination of Pregnancy"
        },
        "StatusModule":{
          "StatusVerifiedDate":"March 2021",
          "OverallStatus":"Not yet recruiting",
          "ExpandedAccessInfo":{
            "HasExpandedAccess":"No"
          },
          "StartDateStruct":{
            "StartDate":"April 2021",
            "StartDateType":"Anticipated"
          },
          "PrimaryCompletionDateStruct":{
            "PrimaryCompletionDate":"January 15, 2022",
            "PrimaryCompletionDateType":"Anticipated"
          },
          "CompletionDateStruct":{
            "CompletionDate":"January 15, 2022",
            "CompletionDateType":"Anticipated"
          },
          "StudyFirstSubmitDate":"February 11, 2021",
          "StudyFirstSubmitQCDate":"March 31, 2021",
          "StudyFirstPostDateStruct":{
            "StudyFirstPostDate":"April 2, 2021",
            "StudyFirstPostDateType":"Actual"
          },
          "LastUpdateSubmitDate":"March 31, 2021",
          "LastUpdatePostDateStruct":{
            "LastUpdatePostDate":"April 2, 2021",
            "LastUpdatePostDateType":"Actual"
          }
        },
        "SponsorCollaboratorsModule":{
          "ResponsibleParty":{
            "ResponsiblePartyType":"Sponsor"
          },
          "LeadSponsor":{
            "LeadSponsorName":"Centre Hospitalier Intercommunal Creteil",
            "LeadSponsorClass":"OTHER"
          }
        },
        "OversightModule":{
          "OversightHasDMC":"No",
          "IsFDARegulatedDrug":"No",
          "IsFDARegulatedDevice":"No"
        },
        "DescriptionModule":{
          "BriefSummary":"The study will be offered to all women who are consultant for an abortion plan are seen in consultation at the orthogeny center where the study will be conducted. Of these 700 women, about 10% will not agree to participate in the study and 10% will not meet the inclusion criteria. Thus it's plane to include 560 patients in the study.",
          "DetailedDescription":"In 1967, the Neuwirth law allowed women to control their fertility by establishing the right to contraception as a principle. Since then, they have continued to take ownership of the various contraceptive methods, which are regularly renewed.\n\nContraceptive coverage is important in France as it is estimated that 92% of women of childbearing age use a contraceptive method. The pill remains the most widely used method of contraception (36.5%), ahead of the intrauterine device (25.6%) condoms (15.5%) Several laws have been introduced from 1967 to today to facilitate access to sexual health care: screening for sexually transmitted infections, free provision of emergency contraception to minors, non-prescription delivery of emergency contraception, free consultation at a family planning and education center, voluntary termination of pregnancy 100%, reimbursement of condoms by social security.\n\nDespite all the measures put in place, it is now clear that the number of unplanted pregnancies is decreasing slightly and the number of abortion has remained stable since 2001.\n\nAccording to the latest literature data, several socio-demographic factors appear to play a role in the rate of use of voluntary termination of pregnancy., including age, socio-cultural level, marital and economic status and ethnic origin. All the more striking, it appears that while voluntary termination of pregnancy are mainly related to contraceptive failures, one third of them involve women who do not have contraception. According to the latest Ined survey, and in accordance with other data from the literature, the factors associated with the absence of contraceptive use are multiple: ignorance about fertility, family or cultural context, cost of contraceptive methods or lack of information related to them.\n\nWhile these studies have looked at the reasons given by women for the lack of contraception, with little data on the characteristics of these women, particularly socio-demographics and their reproductive history and in particular in the context of unwanted pregnancy. This finding leads us to question the factors associated with the absence of contraception among women in demand of a voluntary termination of pregnancy."
        },
        "ConditionsModule":{
          "ConditionList":{
            "Condition":[
              "Pregnancy, Unwanted"
            ]
          },
          "KeywordList":{
            "Keyword":[
              "Contraception",
              "Abortion",
              "Unplanned pregnancy",
              "Unintended pregnancy"
            ]
          }
        },
        "DesignModule":{
          "StudyType":"Observational",
          "PatientRegistry":"No",
          "DesignInfo":{
            "DesignObservationalModelList":{
              "DesignObservationalModel":[
                "Cohort"
              ]
            },
            "DesignTimePerspectiveList":{
              "DesignTimePerspective":[
                "Prospective"
              ]
            }
          },
          "EnrollmentInfo":{
            "EnrollmentCount":"560",
            "EnrollmentType":"Anticipated"
          }
        },
        "OutcomesModule":{
          "PrimaryOutcomeList":{
            "PrimaryOutcome":[
              {
                "PrimaryOutcomeMeasure":"Association between absence of contraception and socio-demographic factors, characteristics of pregnancy abortion and medical follow-up",
                "PrimaryOutcomeDescription":"Statistically significant association between the absence of contraception in patients consulting for a voluntary termination of pregnancy and socio-demographic factors, characteristics of voluntary termination of pregnancy abortion and characteristics related to medical follow-up",
                "PrimaryOutcomeTimeFrame":"1 hour"
              }
            ]
          },
          "SecondaryOutcomeList":{
            "SecondaryOutcome":[
              {
                "SecondaryOutcomeMeasure":"Prescription and dispensing of contraception",
                "SecondaryOutcomeDescription":"Prevalence of patients informed about the prescription and dispensing of contraception including emergency contraception",
                "SecondaryOutcomeTimeFrame":"1 hour"
              },{
                "SecondaryOutcomeMeasure":"Existence of family planning centers",
                "SecondaryOutcomeDescription":"Prevalence of patients informed about the existence of family planning centers",
                "SecondaryOutcomeTimeFrame":"1 hour"
              },{
                "SecondaryOutcomeMeasure":"Emergency contraception",
                "SecondaryOutcomeDescription":"Prevalence of women who have used emergency contraception",
                "SecondaryOutcomeTimeFrame":"1 hour"
              },{
                "SecondaryOutcomeMeasure":"Price and reimbursement of condoms",
                "SecondaryOutcomeDescription":"Prevalence of women informed about the price and reimbursement of condoms",
                "SecondaryOutcomeTimeFrame":"1 hour"
              },{
                "SecondaryOutcomeMeasure":"Knowledge of conception",
                "SecondaryOutcomeDescription":"Estimate the percentage of women who thought they could get pregnant at the time of the intercourse that led to this pregnancy",
                "SecondaryOutcomeTimeFrame":"1 hour"
              },{
                "SecondaryOutcomeMeasure":"Fertile window",
                "SecondaryOutcomeDescription":"Prevalence of women who use a method to track their fertile window",
                "SecondaryOutcomeTimeFrame":"1 hour"
              },{
                "SecondaryOutcomeMeasure":"Affection of fertility",
                "SecondaryOutcomeDescription":"Estimate the percentage of women who think that contraception can affect their fertility",
                "SecondaryOutcomeTimeFrame":"1 hour"
              }
            ]
          }
        },
        "EligibilityModule":{
          "EligibilityCriteria":"Inclusion Criteria:\n\nwoman of 18 years of age or older;\nBeing French-speaking;\nrequest for a medical or instrumental voluntary termination of pregnancy\nNo opposition to participation in the protocol\nBe affiliated with a social security plan\n\nExclusion Criteria:\n\ndesired pregnancy",
          "HealthyVolunteers":"No",
          "Gender":"Female",
          "GenderBased":"Yes",
          "GenderDescription":"Only pregant women",
          "MinimumAge":"18 Years",
          "StdAgeList":{
            "StdAge":[
              "Adult",
              "Older Adult"
            ]
          },
          "StudyPopulation":"Protocol proposed to woman who wanted a voluntary termination of pregnancy",
          "SamplingMethod":"Non-Probability Sample"
        },
        "ContactsLocationsModule":{
          "CentralContactList":{
            "CentralContact":[
              {
                "CentralContactName":"Aurore BILLEBEAU, MD",
                "CentralContactRole":"Contact",
                "CentralContactPhone":"01 43 86 20 00",
                "CentralContactPhoneExt":"2514",
                "CentralContactEMail":"aurore.billebeau@chiv.fr"
              },{
                "CentralContactName":"Céline DUFOREST",
                "CentralContactRole":"Contact",
                "CentralContactEMail":"celine.duforest@sfr.fr"
              }
            ]
          }
        }
      },
      "DerivedSection":{
        "MiscInfoModule":{
          "VersionHolder":"April 19, 2021"
        }
      }
    }
  }
}

