{
  "FullStudy":{
    "Rank":1189,
    "Study":{
      "ProtocolSection":{
        "IdentificationModule":{
          "NCTId":"NCT04834492",
          "OrgStudyIdInfo":{
            "OrgStudyId":"Crowe type 4"
          },
          "Organization":{
            "OrgFullName":"Private Ortopedia Hospital, Seyhan Adana",
            "OrgClass":"OTHER"
          },
          "BriefTitle":"The Results of Total Hip Arthroplasty in Crowe Type 4 Hips.",
          "OfficialTitle":"At Least 10-Year Results of Cementless Ceramic-On-Ceramic Total Hip Arthroplasty Performed With Transverse Subtrochanteric Osteotomy in Crowe Type 4 Hips."
        },
        "StatusModule":{
          "StatusVerifiedDate":"April 2021",
          "OverallStatus":"Completed",
          "ExpandedAccessInfo":{
            "HasExpandedAccess":"No"
          },
          "StartDateStruct":{
            "StartDate":"July 15, 2020",
            "StartDateType":"Actual"
          },
          "PrimaryCompletionDateStruct":{
            "PrimaryCompletionDate":"February 10, 2021",
            "PrimaryCompletionDateType":"Actual"
          },
          "CompletionDateStruct":{
            "CompletionDate":"March 30, 2021",
            "CompletionDateType":"Actual"
          },
          "StudyFirstSubmitDate":"April 4, 2021",
          "StudyFirstSubmitQCDate":"April 4, 2021",
          "StudyFirstPostDateStruct":{
            "StudyFirstPostDate":"April 8, 2021",
            "StudyFirstPostDateType":"Actual"
          },
          "LastUpdateSubmitDate":"April 4, 2021",
          "LastUpdatePostDateStruct":{
            "LastUpdatePostDate":"April 8, 2021",
            "LastUpdatePostDateType":"Actual"
          }
        },
        "SponsorCollaboratorsModule":{
          "ResponsibleParty":{
            "ResponsiblePartyType":"Principal Investigator",
            "ResponsiblePartyInvestigatorFullName":"Cagri Ors",
            "ResponsiblePartyInvestigatorTitle":"Medical Doctor",
            "ResponsiblePartyInvestigatorAffiliation":"Private Ortopedia Hospital, Seyhan Adana"
          },
          "LeadSponsor":{
            "LeadSponsorName":"Private Ortopedia Hospital, Seyhan Adana",
            "LeadSponsorClass":"OTHER"
          }
        },
        "OversightModule":{
          "OversightHasDMC":"No",
          "IsFDARegulatedDrug":"No",
          "IsFDARegulatedDevice":"No"
        },
        "DescriptionModule":{
          "BriefSummary":"Total hip arthroplasty (THA) performed for developmental dysplasia of the hip (DDH) is a technically difficult procedure with a high complication rate, especially in the presence of completely dislocated hips. This study aimed to evaluate the results of at least 10 years of follow-up results of cementless, ceramic-on-ceramic (CoC) total hip arthroplasty performed with transverse subtrochanteric osteotomy in Crowe type 4 hips.",
          "DetailedDescription":"We reviewed retrospectively 67 hips of 50 patients which underwent CoC, cementless THA with transverse subtrochanteric osteotomy between 2008 and 2011. Clinical and radiological data of the hips were examined. Clinical results were evaluated using the Harris Hip Score (HHS) and the Western Ontario and McMaster Universities Osteoarthritis Index (WOMAC)."
        },
        "ConditionsModule":{
          "ConditionList":{
            "Condition":[
              "The Results of Total Hip Arthroplasty in Crowe Type 4 Dysplastic Hips"
            ]
          },
          "KeywordList":{
            "Keyword":[
              "Developmental dysplasia of the hip, total hip arthroplasty, transverse subtrochanteric shortening osteotomy, ceramic on ceramic, cementless."
            ]
          }
        },
        "DesignModule":{
          "StudyType":"Observational",
          "PatientRegistry":"No",
          "DesignInfo":{
            "DesignObservationalModelList":{
              "DesignObservationalModel":[
                "Case-Control"
              ]
            },
            "DesignTimePerspectiveList":{
              "DesignTimePerspective":[
                "Retrospective"
              ]
            }
          },
          "EnrollmentInfo":{
            "EnrollmentCount":"67",
            "EnrollmentType":"Actual"
          }
        },
        "ArmsInterventionsModule":{
          "InterventionList":{
            "Intervention":[
              {
                "InterventionType":"Procedure",
                "InterventionName":"Total hip arthroplasty",
                "InterventionDescription":"Total hip arthroplasty in Crowe type 4 developmental dysplasia of the hip."
              }
            ]
          }
        },
        "OutcomesModule":{
          "PrimaryOutcomeList":{
            "PrimaryOutcome":[
              {
                "PrimaryOutcomeMeasure":"Clinical results",
                "PrimaryOutcomeDescription":"Haris Hip Score",
                "PrimaryOutcomeTimeFrame":"minimum 10 year follow-up"
              }
            ]
          }
        },
        "EligibilityModule":{
          "EligibilityCriteria":"Inclusion Criteria:\n\nCrowe type 4 developmental dysplasia of the hip\n\nExclusion Criteria:\n\nPrimary Coxarthrosis",
          "Gender":"All",
          "StdAgeList":{
            "StdAge":[
              "Child",
              "Adult",
              "Older Adult"
            ]
          },
          "StudyPopulation":"Crowe type 4 developmental dysplasia of the hip patient",
          "SamplingMethod":"Probability Sample"
        },
        "ContactsLocationsModule":{
          "LocationList":{
            "Location":[
              {
                "LocationFacility":"Private Ortopedia Hospital",
                "LocationCity":"Adana",
                "LocationState":"Seyhan",
                "LocationZip":"01130",
                "LocationCountry":"Turkey"
              }
            ]
          }
        },
        "IPDSharingStatementModule":{
          "IPDSharing":"No"
        }
      },
      "DerivedSection":{
        "MiscInfoModule":{
          "VersionHolder":"April 19, 2021"
        },
        "ConditionBrowseModule":{
          "ConditionBrowseLeafList":{
            "ConditionBrowseLeaf":[
              {
                "ConditionBrowseLeafId":"M8277",
                "ConditionBrowseLeafName":"Hip Dislocation, Congenital",
                "ConditionBrowseLeafRelevance":"low"
              }
            ]
          },
          "ConditionBrowseBranchList":{
            "ConditionBrowseBranch":[
              {
                "ConditionBrowseBranchAbbrev":"BC05",
                "ConditionBrowseBranchName":"Muscle, Bone, and Cartilage Diseases"
              },{
                "ConditionBrowseBranchAbbrev":"BC16",
                "ConditionBrowseBranchName":"Diseases and Abnormalities at or Before Birth"
              },{
                "ConditionBrowseBranchAbbrev":"All",
                "ConditionBrowseBranchName":"All Conditions"
              }
            ]
          }
        }
      }
    }
  }
}

