{
  "FullStudy":{
    "Rank":948,
    "Study":{
      "ProtocolSection":{
        "IdentificationModule":{
          "NCTId":"NCT04837625",
          "OrgStudyIdInfo":{
            "OrgStudyId":"MC2020883"
          },
          "Organization":{
            "OrgFullName":"Huashan Hospital",
            "OrgClass":"OTHER"
          },
          "BriefTitle":"A Multicenter Prospective Registration Study of Myasthenic Crisis in China",
          "OfficialTitle":"A Multicenter Prospective Registration Study of Myasthenic Crisis in China"
        },
        "StatusModule":{
          "StatusVerifiedDate":"April 2021",
          "OverallStatus":"Recruiting",
          "ExpandedAccessInfo":{
            "HasExpandedAccess":"No"
          },
          "StartDateStruct":{
            "StartDate":"October 1, 2020",
            "StartDateType":"Actual"
          },
          "PrimaryCompletionDateStruct":{
            "PrimaryCompletionDate":"September 30, 2026",
            "PrimaryCompletionDateType":"Anticipated"
          },
          "CompletionDateStruct":{
            "CompletionDate":"September 30, 2026",
            "CompletionDateType":"Anticipated"
          },
          "StudyFirstSubmitDate":"April 6, 2021",
          "StudyFirstSubmitQCDate":"April 6, 2021",
          "StudyFirstPostDateStruct":{
            "StudyFirstPostDate":"April 8, 2021",
            "StudyFirstPostDateType":"Actual"
          },
          "LastUpdateSubmitDate":"April 6, 2021",
          "LastUpdatePostDateStruct":{
            "LastUpdatePostDate":"April 8, 2021",
            "LastUpdatePostDateType":"Actual"
          }
        },
        "SponsorCollaboratorsModule":{
          "ResponsibleParty":{
            "ResponsiblePartyType":"Principal Investigator",
            "ResponsiblePartyInvestigatorFullName":"Chongbo Zhao",
            "ResponsiblePartyInvestigatorTitle":"Professor",
            "ResponsiblePartyInvestigatorAffiliation":"Huashan Hospital"
          },
          "LeadSponsor":{
            "LeadSponsorName":"Huashan Hospital",
            "LeadSponsorClass":"OTHER"
          }
        },
        "OversightModule":{
          "IsFDARegulatedDrug":"No",
          "IsFDARegulatedDevice":"No"
        },
        "DescriptionModule":{
          "BriefSummary":"This study is a multicenter, prospective, observational research. It will register the basic demographic information, medical history characteristics, clinical features, auxiliary examinations, treatment, outcomes of tracheal intubation/ventilator related events, and clinical outcomes of Myasthenic Crisis patients. The objectives including:\n\nObtain epidemiological data of MC in China;\nEstablish a standardized registration system for MC patients in China;\nExplore the epidemiology, clinical characteristics, serological characteristics, clinical characteristics of MC, predisposing and predictive factors, extubation process/time, weaning/extubation outcome and predictors of clinical outcome in Chinese MC patients."
        },
        "ConditionsModule":{
          "ConditionList":{
            "Condition":[
              "Myasthenia Gravis",
              "Myasthenic Crisis"
            ]
          }
        },
        "DesignModule":{
          "StudyType":"Observational",
          "PatientRegistry":"No",
          "DesignInfo":{
            "DesignObservationalModelList":{
              "DesignObservationalModel":[
                "Cohort"
              ]
            },
            "DesignTimePerspectiveList":{
              "DesignTimePerspective":[
                "Prospective"
              ]
            }
          },
          "EnrollmentInfo":{
            "EnrollmentCount":"100",
            "EnrollmentType":"Anticipated"
          }
        },
        "ArmsInterventionsModule":{
          "ArmGroupList":{
            "ArmGroup":[
              {
                "ArmGroupLabel":"Myasthenic Crisis Cohort",
                "ArmGroupInterventionList":{
                  "ArmGroupInterventionName":[
                    "Other: no interventions"
                  ]
                }
              }
            ]
          },
          "InterventionList":{
            "Intervention":[
              {
                "InterventionType":"Other",
                "InterventionName":"no interventions",
                "InterventionDescription":"no interventions",
                "InterventionArmGroupLabelList":{
                  "InterventionArmGroupLabel":[
                    "Myasthenic Crisis Cohort"
                  ]
                }
              }
            ]
          }
        },
        "OutcomesModule":{
          "PrimaryOutcomeList":{
            "PrimaryOutcome":[
              {
                "PrimaryOutcomeMeasure":"MG-ADL of 3 years after off-mechanical ventilation",
                "PrimaryOutcomeTimeFrame":"Sep,2026"
              }
            ]
          }
        },
        "EligibilityModule":{
          "EligibilityCriteria":"Inclusion Criteria:\n\n(1)clinical history and signs of fluctuating weakness and fatigability; (2)seropositivityforAChR/MuSKantibodies; (3)If negative or the tested antibodies, positive repetitive nerve stimulation(RNS) at low frequency(2-5Hz) is required; (4)A serious, life-threatening, rapid worsening of MG and potential airway compromise from ventilatory or bulbar dysfunction.\n\nExclusion Criteria:\n\nthe RNS had over 100% increase after high frequency stimulation or R2 repeats,to differentiate from lambert-Eaton syndrome and congenital MG.",
          "HealthyVolunteers":"No",
          "Gender":"All",
          "MinimumAge":"18 Years",
          "StdAgeList":{
            "StdAge":[
              "Adult",
              "Older Adult"
            ]
          },
          "StudyPopulation":"The study population will be recruited from multiple centers across China.",
          "SamplingMethod":"Non-Probability Sample"
        },
        "ContactsLocationsModule":{
          "CentralContactList":{
            "CentralContact":[
              {
                "CentralContactName":"Xiao Huan, MD",
                "CentralContactRole":"Contact",
                "CentralContactPhone":"+8618351973910",
                "CentralContactEMail":"hx941223@163.com"
              },{
                "CentralContactName":"Susan Luo, MD;PHD",
                "CentralContactRole":"Contact",
                "CentralContactEMail":"SusanRo_36@hotmail.com"
              }
            ]
          },
          "LocationList":{
            "Location":[
              {
                "LocationFacility":"Huashan Hospital Fudan University",
                "LocationStatus":"Recruiting",
                "LocationCity":"Shanghai",
                "LocationState":"Shanghai",
                "LocationZip":"200040",
                "LocationCountry":"China",
                "LocationContactList":{
                  "LocationContact":[
                    {
                      "LocationContactName":"Xiao Huan, MD",
                      "LocationContactRole":"Contact",
                      "LocationContactEMail":"hx941223@163.com"
                    },{
                      "LocationContactName":"Susan Luo, MD；PHD",
                      "LocationContactRole":"Contact",
                      "LocationContactEMail":"SusanRo_36@hotmail.com"
                    }
                  ]
                }
              }
            ]
          }
        }
      },
      "DerivedSection":{
        "MiscInfoModule":{
          "VersionHolder":"April 19, 2021"
        },
        "ConditionBrowseModule":{
          "ConditionMeshList":{
            "ConditionMesh":[
              {
                "ConditionMeshId":"D000009157",
                "ConditionMeshTerm":"Myasthenia Gravis"
              }
            ]
          },
          "ConditionAncestorList":{
            "ConditionAncestor":[
              {
                "ConditionAncestorId":"D000020274",
                "ConditionAncestorTerm":"Autoimmune Diseases of the Nervous System"
              },{
                "ConditionAncestorId":"D000009422",
                "ConditionAncestorTerm":"Nervous System Diseases"
              },{
                "ConditionAncestorId":"D000020511",
                "ConditionAncestorTerm":"Neuromuscular Junction Diseases"
              },{
                "ConditionAncestorId":"D000009468",
                "ConditionAncestorTerm":"Neuromuscular Diseases"
              },{
                "ConditionAncestorId":"D000001327",
                "ConditionAncestorTerm":"Autoimmune Diseases"
              },{
                "ConditionAncestorId":"D000007154",
                "ConditionAncestorTerm":"Immune System Diseases"
              }
            ]
          },
          "ConditionBrowseLeafList":{
            "ConditionBrowseLeaf":[
              {
                "ConditionBrowseLeafId":"M10695",
                "ConditionBrowseLeafName":"Myasthenia Gravis",
                "ConditionBrowseLeafAsFound":"Myasthenia Gravis",
                "ConditionBrowseLeafRelevance":"high"
              },{
                "ConditionBrowseLeafId":"M3210",
                "ConditionBrowseLeafName":"Autoimmune Diseases",
                "ConditionBrowseLeafRelevance":"low"
              },{
                "ConditionBrowseLeafId":"M20678",
                "ConditionBrowseLeafName":"Autoimmune Diseases of the Nervous System",
                "ConditionBrowseLeafRelevance":"low"
              },{
                "ConditionBrowseLeafId":"M20881",
                "ConditionBrowseLeafName":"Neuromuscular Junction Diseases",
                "ConditionBrowseLeafRelevance":"low"
              },{
                "ConditionBrowseLeafId":"M10994",
                "ConditionBrowseLeafName":"Neuromuscular Diseases",
                "ConditionBrowseLeafRelevance":"low"
              },{
                "ConditionBrowseLeafId":"M8783",
                "ConditionBrowseLeafName":"Immune System Diseases",
                "ConditionBrowseLeafRelevance":"low"
              },{
                "ConditionBrowseLeafId":"T3973",
                "ConditionBrowseLeafName":"Myasthenia Gravis",
                "ConditionBrowseLeafAsFound":"Myasthenia Gravis",
                "ConditionBrowseLeafRelevance":"high"
              }
            ]
          },
          "ConditionBrowseBranchList":{
            "ConditionBrowseBranch":[
              {
                "ConditionBrowseBranchAbbrev":"BC10",
                "ConditionBrowseBranchName":"Nervous System Diseases"
              },{
                "ConditionBrowseBranchAbbrev":"BC20",
                "ConditionBrowseBranchName":"Immune System Diseases"
              },{
                "ConditionBrowseBranchAbbrev":"All",
                "ConditionBrowseBranchName":"All Conditions"
              },{
                "ConditionBrowseBranchAbbrev":"Rare",
                "ConditionBrowseBranchName":"Rare Diseases"
              }
            ]
          }
        }
      }
    }
  }
}

