{
  "FullStudy":{
    "Rank":1454,
    "Study":{
      "ProtocolSection":{
        "IdentificationModule":{
          "NCTId":"NCT04831047",
          "OrgStudyIdInfo":{
            "OrgStudyId":"20210199"
          },
          "Organization":{
            "OrgFullName":"University of Miami",
            "OrgClass":"OTHER"
          },
          "BriefTitle":"The Effect of Upneeq (Oxymetazoline Hydrochloride 0.1%) on Eyelid Position, Eye Redness, and Eye Appearance",
          "OfficialTitle":"The Effect of Upneeq (Oxymetazoline Hydrochloride 0.1%) on Palpebral Fissure Height, Eye Redness, and Patient-reported Eye Appearance"
        },
        "StatusModule":{
          "StatusVerifiedDate":"March 2021",
          "OverallStatus":"Not yet recruiting",
          "ExpandedAccessInfo":{
            "HasExpandedAccess":"No"
          },
          "StartDateStruct":{
            "StartDate":"May 1, 2021",
            "StartDateType":"Anticipated"
          },
          "PrimaryCompletionDateStruct":{
            "PrimaryCompletionDate":"April 1, 2023",
            "PrimaryCompletionDateType":"Anticipated"
          },
          "CompletionDateStruct":{
            "CompletionDate":"April 1, 2023",
            "CompletionDateType":"Anticipated"
          },
          "StudyFirstSubmitDate":"March 31, 2021",
          "StudyFirstSubmitQCDate":"March 31, 2021",
          "StudyFirstPostDateStruct":{
            "StudyFirstPostDate":"April 5, 2021",
            "StudyFirstPostDateType":"Actual"
          },
          "LastUpdateSubmitDate":"March 31, 2021",
          "LastUpdatePostDateStruct":{
            "LastUpdatePostDate":"April 5, 2021",
            "LastUpdatePostDateType":"Actual"
          }
        },
        "SponsorCollaboratorsModule":{
          "ResponsibleParty":{
            "ResponsiblePartyType":"Principal Investigator",
            "ResponsiblePartyInvestigatorFullName":"Wendy Lee",
            "ResponsiblePartyInvestigatorTitle":"Associate Professor of Ophthalmology and Dermatology",
            "ResponsiblePartyInvestigatorAffiliation":"University of Miami"
          },
          "LeadSponsor":{
            "LeadSponsorName":"University of Miami",
            "LeadSponsorClass":"OTHER"
          }
        },
        "OversightModule":{
          "OversightHasDMC":"No",
          "IsFDARegulatedDrug":"Yes",
          "IsFDARegulatedDevice":"No",
          "IsUSExport":"Yes"
        },
        "DescriptionModule":{
          "BriefSummary":"The purpose of the research is to see if Upneeq ( oxymetazoline 0.1% ophthalmic solution) has an effect on eyelid position, eye redness, or patient-perceived appearance of the eyes."
        },
        "ConditionsModule":{
          "ConditionList":{
            "Condition":[
              "Ptosis, Eyelid",
              "Conjunctiva Inflamed",
              "Eye Manifestations"
            ]
          }
        },
        "DesignModule":{
          "StudyType":"Interventional",
          "PhaseList":{
            "Phase":[
              "Phase 4"
            ]
          },
          "DesignInfo":{
            "DesignAllocation":"Randomized",
            "DesignInterventionModel":"Parallel Assignment",
            "DesignPrimaryPurpose":"Treatment",
            "DesignMaskingInfo":{
              "DesignMasking":"Triple",
              "DesignWhoMaskedList":{
                "DesignWhoMasked":[
                  "Participant",
                  "Care Provider",
                  "Outcomes Assessor"
                ]
              }
            }
          },
          "EnrollmentInfo":{
            "EnrollmentCount":"110",
            "EnrollmentType":"Anticipated"
          }
        },
        "ArmsInterventionsModule":{
          "ArmGroupList":{
            "ArmGroup":[
              {
                "ArmGroupLabel":"Upneeq Group",
                "ArmGroupType":"Experimental",
                "ArmGroupDescription":"Participants in this group will receive a one-time dosing of oxymetazoline hydrochloride 0.1% (1 drop applied to ocular surface of each eye of patients in the treatment group)",
                "ArmGroupInterventionList":{
                  "ArmGroupInterventionName":[
                    "Drug: Oxymetazoline hydrochloride 0.1% ophthalmic solution"
                  ]
                }
              },{
                "ArmGroupLabel":"Control Group",
                "ArmGroupType":"Sham Comparator",
                "ArmGroupDescription":"Participants in this group will receive a one-time dosing of balanced saline solution (1 drop applied to ocular surface of each eye of patients in the control group)",
                "ArmGroupInterventionList":{
                  "ArmGroupInterventionName":[
                    "Drug: Placebo"
                  ]
                }
              }
            ]
          },
          "InterventionList":{
            "Intervention":[
              {
                "InterventionType":"Drug",
                "InterventionName":"Oxymetazoline hydrochloride 0.1% ophthalmic solution",
                "InterventionDescription":"One drop of Upneeq (Oxymetazoline hydrochloride 0.1% ophthalmic solution) will be applied to the ocular surface of each eye.",
                "InterventionArmGroupLabelList":{
                  "InterventionArmGroupLabel":[
                    "Upneeq Group"
                  ]
                },
                "InterventionOtherNameList":{
                  "InterventionOtherName":[
                    "Upneeq"
                  ]
                }
              },{
                "InterventionType":"Drug",
                "InterventionName":"Placebo",
                "InterventionDescription":"One drop of placebo (balanced saline solution) will be applied to the ocular surface of each eye.",
                "InterventionArmGroupLabelList":{
                  "InterventionArmGroupLabel":[
                    "Control Group"
                  ]
                },
                "InterventionOtherNameList":{
                  "InterventionOtherName":[
                    "Balanced saline solution"
                  ]
                }
              }
            ]
          }
        },
        "OutcomesModule":{
          "PrimaryOutcomeList":{
            "PrimaryOutcome":[
              {
                "PrimaryOutcomeMeasure":"Change in palpebral fissure height",
                "PrimaryOutcomeDescription":"Palpebral fissure height will be calculated from the sum of marginal reflex distance 1 and 2 measured from the photograph by Ipad software and recorded by investigators before and after drop instillation.",
                "PrimaryOutcomeTimeFrame":"Baseline, Day 1"
              }
            ]
          },
          "SecondaryOutcomeList":{
            "SecondaryOutcome":[
              {
                "SecondaryOutcomeMeasure":"Change in eye redness",
                "SecondaryOutcomeDescription":"Scoring of ocular redness from clinical photographs will be performed by investigators on a 0 - 4 unit scale as compared to standardized reference photographs (0 = no redness, 4 = very red) before and after drop instillation.",
                "SecondaryOutcomeTimeFrame":"Baseline, Day 1"
              },{
                "SecondaryOutcomeMeasure":"Patient-reported eye appearance",
                "SecondaryOutcomeDescription":"Patient-reported eye appearance will be assessed by patient completion of the FACE-Q Eye Module Survey. FACE-Q includes 4 scales, each with a sum score of 7 (worst) to 28 (best) which is converted to a scale summed score from 0 (worst) to 100 (best). These scale scores will be assessed individually and averaged to determine the total Eye Module Survey score from 0 (worst) to 100 (best).",
                "SecondaryOutcomeTimeFrame":"Day 1"
              }
            ]
          }
        },
        "EligibilityModule":{
          "EligibilityCriteria":"Inclusion Criteria:\n\nAdults age 18 and above able to provide informed consent to participate\nSubject with stable ocular health, defined as no ocular conditions requiring ongoing topical therapy or recent surgical intervention\n\nExclusion Criteria:\n\nAdults unable to consent\nIndividuals less than 18 years of age\nPrisoners\nPregnant women.\nKnown contradictions or sensitivities to study medication (oxymetazoline)\nOcular surgery within the past 3 months or refractive surgery within the past six months\nGrossly abnormal lid margins, anatomical abnormalities, previous eyelid or orbital surgery\nVariable ptosis or eyelid position (e.g., myasthenia gravis, thyroid eye disease, or blepharospasm)\nAny ocular or systemic condition that, in the opinion of the investigator, would confound study data, interfere with the subject's study participation, or affected the subject's safety or trial parameters\nPresence of an active ocular infection\nPrior (within 5 days of beginning study treatment) use of eye whiteners (eg, vasoconstrictors), decongestants, antihistamines (including over the counter and herbal topical ophthalmic medications), phenylephrine dilating drops, any other topical ophthalmic agents\nInability to sit comfortably for 15 - 30 minutes",
          "HealthyVolunteers":"Accepts Healthy Volunteers",
          "Gender":"All",
          "MinimumAge":"18 Years",
          "StdAgeList":{
            "StdAge":[
              "Adult",
              "Older Adult"
            ]
          }
        },
        "ContactsLocationsModule":{
          "CentralContactList":{
            "CentralContact":[
              {
                "CentralContactName":"Wendy W. Lee, MD",
                "CentralContactRole":"Contact",
                "CentralContactPhone":"305-326-6434",
                "CentralContactEMail":"wlee@med.miami.edu"
              }
            ]
          },
          "OverallOfficialList":{
            "OverallOfficial":[
              {
                "OverallOfficialName":"Wendy W. Lee, MD",
                "OverallOfficialAffiliation":"University of Miami Bascom Palmer Eye Institute",
                "OverallOfficialRole":"Principal Investigator"
              }
            ]
          },
          "LocationList":{
            "Location":[
              {
                "LocationFacility":"University of Miami Bascom Palmer Eye Institute",
                "LocationCity":"Miami",
                "LocationState":"Florida",
                "LocationZip":"33136",
                "LocationCountry":"United States",
                "LocationContactList":{
                  "LocationContact":[
                    {
                      "LocationContactName":"Marissa Shoji, MD",
                      "LocationContactRole":"Contact",
                      "LocationContactPhone":"617-981-1134",
                      "LocationContactEMail":"mshojimd@gmail.com"
                    },{
                      "LocationContactName":"Wendy W Lee, MD",
                      "LocationContactRole":"Principal Investigator"
                    }
                  ]
                }
              }
            ]
          }
        },
        "IPDSharingStatementModule":{
          "IPDSharing":"No"
        }
      },
      "DerivedSection":{
        "MiscInfoModule":{
          "VersionHolder":"April 19, 2021"
        },
        "ConditionBrowseModule":{
          "ConditionMeshList":{
            "ConditionMesh":[
              {
                "ConditionMeshId":"D000001763",
                "ConditionMeshTerm":"Blepharoptosis"
              },{
                "ConditionMeshId":"D000005132",
                "ConditionMeshTerm":"Eye Manifestations"
              },{
                "ConditionMeshId":"D000003231",
                "ConditionMeshTerm":"Conjunctivitis"
              }
            ]
          },
          "ConditionAncestorList":{
            "ConditionAncestor":[
              {
                "ConditionAncestorId":"D000005141",
                "ConditionAncestorTerm":"Eyelid Diseases"
              },{
                "ConditionAncestorId":"D000005128",
                "ConditionAncestorTerm":"Eye Diseases"
              },{
                "ConditionAncestorId":"D000003229",
                "ConditionAncestorTerm":"Conjunctival Diseases"
              }
            ]
          },
          "ConditionBrowseLeafList":{
            "ConditionBrowseLeaf":[
              {
                "ConditionBrowseLeafId":"M5038",
                "ConditionBrowseLeafName":"Conjunctivitis",
                "ConditionBrowseLeafAsFound":"Conjunctiva Inflamed",
                "ConditionBrowseLeafRelevance":"high"
              },{
                "ConditionBrowseLeafId":"M12844",
                "ConditionBrowseLeafName":"Prolapse",
                "ConditionBrowseLeafRelevance":"low"
              },{
                "ConditionBrowseLeafId":"M6858",
                "ConditionBrowseLeafName":"Eye Manifestations",
                "ConditionBrowseLeafAsFound":"Eye Manifestations",
                "ConditionBrowseLeafRelevance":"high"
              },{
                "ConditionBrowseLeafId":"M6627",
                "ConditionBrowseLeafName":"Erythema",
                "ConditionBrowseLeafRelevance":"low"
              },{
                "ConditionBrowseLeafId":"M3626",
                "ConditionBrowseLeafName":"Blepharoptosis",
                "ConditionBrowseLeafAsFound":"Ptosis, Eyelid",
                "ConditionBrowseLeafRelevance":"high"
              },{
                "ConditionBrowseLeafId":"M6867",
                "ConditionBrowseLeafName":"Eyelid Diseases",
                "ConditionBrowseLeafRelevance":"low"
              },{
                "ConditionBrowseLeafId":"M6854",
                "ConditionBrowseLeafName":"Eye Diseases",
                "ConditionBrowseLeafRelevance":"low"
              },{
                "ConditionBrowseLeafId":"M5036",
                "ConditionBrowseLeafName":"Conjunctival Diseases",
                "ConditionBrowseLeafRelevance":"low"
              }
            ]
          },
          "ConditionBrowseBranchList":{
            "ConditionBrowseBranch":[
              {
                "ConditionBrowseBranchAbbrev":"BC11",
                "ConditionBrowseBranchName":"Eye Diseases"
              },{
                "ConditionBrowseBranchAbbrev":"All",
                "ConditionBrowseBranchName":"All Conditions"
              },{
                "ConditionBrowseBranchAbbrev":"BC23",
                "ConditionBrowseBranchName":"Symptoms and General Pathology"
              },{
                "ConditionBrowseBranchAbbrev":"BC17",
                "ConditionBrowseBranchName":"Skin and Connective Tissue Diseases"
              }
            ]
          }
        },
        "InterventionBrowseModule":{
          "InterventionMeshList":{
            "InterventionMesh":[
              {
                "InterventionMeshId":"D000010656",
                "InterventionMeshTerm":"Phenylephrine"
              },{
                "InterventionMeshId":"D000010109",
                "InterventionMeshTerm":"Oxymetazoline"
              },{
                "InterventionMeshId":"D000019999",
                "InterventionMeshTerm":"Pharmaceutical Solutions"
              },{
                "InterventionMeshId":"D000009883",
                "InterventionMeshTerm":"Ophthalmic Solutions"
              }
            ]
          },
          "InterventionAncestorList":{
            "InterventionAncestor":[
              {
                "InterventionAncestorId":"D000000316",
                "InterventionAncestorTerm":"Adrenergic alpha-Agonists"
              },{
                "InterventionAncestorId":"D000000322",
                "InterventionAncestorTerm":"Adrenergic Agonists"
              },{
                "InterventionAncestorId":"D000018663",
                "InterventionAncestorTerm":"Adrenergic Agents"
              },{
                "InterventionAncestorId":"D000018377",
                "InterventionAncestorTerm":"Neurotransmitter Agents"
              },{
                "InterventionAncestorId":"D000045504",
                "InterventionAncestorTerm":"Molecular Mechanisms of Pharmacological Action"
              },{
                "InterventionAncestorId":"D000045505",
                "InterventionAncestorTerm":"Physiological Effects of Drugs"
              },{
                "InterventionAncestorId":"D000013566",
                "InterventionAncestorTerm":"Sympathomimetics"
              },{
                "InterventionAncestorId":"D000001337",
                "InterventionAncestorTerm":"Autonomic Agents"
              },{
                "InterventionAncestorId":"D000018373",
                "InterventionAncestorTerm":"Peripheral Nervous System Agents"
              },{
                "InterventionAncestorId":"D000014663",
                "InterventionAncestorTerm":"Nasal Decongestants"
              },{
                "InterventionAncestorId":"D000014662",
                "InterventionAncestorTerm":"Vasoconstrictor Agents"
              },{
                "InterventionAncestorId":"D000019141",
                "InterventionAncestorTerm":"Respiratory System Agents"
              },{
                "InterventionAncestorId":"D000002316",
                "InterventionAncestorTerm":"Cardiotonic Agents"
              },{
                "InterventionAncestorId":"D000009184",
                "InterventionAncestorTerm":"Mydriatics"
              },{
                "InterventionAncestorId":"D000058646",
                "InterventionAncestorTerm":"Adrenergic alpha-1 Receptor Agonists"
              },{
                "InterventionAncestorId":"D000020011",
                "InterventionAncestorTerm":"Protective Agents"
              }
            ]
          },
          "InterventionBrowseLeafList":{
            "InterventionBrowseLeaf":[
              {
                "InterventionBrowseLeafId":"M11397",
                "InterventionBrowseLeafName":"Ophthalmic Solutions",
                "InterventionBrowseLeafAsFound":"Solid",
                "InterventionBrowseLeafRelevance":"high"
              },{
                "InterventionBrowseLeafId":"M12144",
                "InterventionBrowseLeafName":"Phenylephrine",
                "InterventionBrowseLeafAsFound":"PGT-",
                "InterventionBrowseLeafRelevance":"high"
              },{
                "InterventionBrowseLeafId":"M11614",
                "InterventionBrowseLeafName":"Oxymetazoline",
                "InterventionBrowseLeafAsFound":"PGT-",
                "InterventionBrowseLeafRelevance":"high"
              },{
                "InterventionBrowseLeafId":"M20444",
                "InterventionBrowseLeafName":"Pharmaceutical Solutions",
                "InterventionBrowseLeafAsFound":"During",
                "InterventionBrowseLeafRelevance":"high"
              },{
                "InterventionBrowseLeafId":"M19330",
                "InterventionBrowseLeafName":"Adrenergic Agents",
                "InterventionBrowseLeafRelevance":"low"
              },{
                "InterventionBrowseLeafId":"M2249",
                "InterventionBrowseLeafName":"Adrenergic alpha-Agonists",
                "InterventionBrowseLeafRelevance":"low"
              },{
                "InterventionBrowseLeafId":"M2254",
                "InterventionBrowseLeafName":"Adrenergic Agonists",
                "InterventionBrowseLeafRelevance":"low"
              },{
                "InterventionBrowseLeafId":"M19088",
                "InterventionBrowseLeafName":"Neurotransmitter Agents",
                "InterventionBrowseLeafRelevance":"low"
              },{
                "InterventionBrowseLeafId":"M14928",
                "InterventionBrowseLeafName":"Sympathomimetics",
                "InterventionBrowseLeafRelevance":"low"
              },{
                "InterventionBrowseLeafId":"M15993",
                "InterventionBrowseLeafName":"Nasal Decongestants",
                "InterventionBrowseLeafRelevance":"low"
              },{
                "InterventionBrowseLeafId":"M26173",
                "InterventionBrowseLeafName":"Pseudoephedrine",
                "InterventionBrowseLeafRelevance":"low"
              },{
                "InterventionBrowseLeafId":"M6549",
                "InterventionBrowseLeafName":"Ephedrine",
                "InterventionBrowseLeafRelevance":"low"
              },{
                "InterventionBrowseLeafId":"M15992",
                "InterventionBrowseLeafName":"Vasoconstrictor Agents",
                "InterventionBrowseLeafRelevance":"low"
              },{
                "InterventionBrowseLeafId":"M19721",
                "InterventionBrowseLeafName":"Respiratory System Agents",
                "InterventionBrowseLeafRelevance":"low"
              },{
                "InterventionBrowseLeafId":"M4154",
                "InterventionBrowseLeafName":"Cardiotonic Agents",
                "InterventionBrowseLeafRelevance":"low"
              },{
                "InterventionBrowseLeafId":"M10722",
                "InterventionBrowseLeafName":"Mydriatics",
                "InterventionBrowseLeafRelevance":"low"
              },{
                "InterventionBrowseLeafId":"M20453",
                "InterventionBrowseLeafName":"Protective Agents",
                "InterventionBrowseLeafRelevance":"low"
              }
            ]
          },
          "InterventionBrowseBranchList":{
            "InterventionBrowseBranch":[
              {
                "InterventionBrowseBranchAbbrev":"PhSol",
                "InterventionBrowseBranchName":"Pharmaceutical Solutions"
              },{
                "InterventionBrowseBranchAbbrev":"All",
                "InterventionBrowseBranchName":"All Drugs and Chemicals"
              },{
                "InterventionBrowseBranchAbbrev":"CaAg",
                "InterventionBrowseBranchName":"Cardiotonic Agents"
              },{
                "InterventionBrowseBranchAbbrev":"VaCoAg",
                "InterventionBrowseBranchName":"Vasoconstrictor Agents"
              },{
                "InterventionBrowseBranchAbbrev":"Resp",
                "InterventionBrowseBranchName":"Respiratory System Agents"
              },{
                "InterventionBrowseBranchAbbrev":"CNSSti",
                "InterventionBrowseBranchName":"Central Nervous System Stimulants"
              }
            ]
          }
        }
      }
    }
  }
}

