{
  "FullStudy":{
    "Rank":1258,
    "Study":{
      "ProtocolSection":{
        "IdentificationModule":{
          "NCTId":"NCT04833595",
          "OrgStudyIdInfo":{
            "OrgStudyId":"27779"
          },
          "Organization":{
            "OrgFullName":"Monash University Malaysia",
            "OrgClass":"OTHER"
          },
          "BriefTitle":"Can Mindful Eating Improve Cholesterol and Glucose Level",
          "OfficialTitle":"Can Mindful Eating Improve Cholesterol and Glucose Level: A Tele-Health Pilot-Randomised Controlled Trial"
        },
        "StatusModule":{
          "StatusVerifiedDate":"April 2021",
          "OverallStatus":"Recruiting",
          "ExpandedAccessInfo":{
            "HasExpandedAccess":"No"
          },
          "StartDateStruct":{
            "StartDate":"March 29, 2021",
            "StartDateType":"Actual"
          },
          "PrimaryCompletionDateStruct":{
            "PrimaryCompletionDate":"August 31, 2021",
            "PrimaryCompletionDateType":"Anticipated"
          },
          "CompletionDateStruct":{
            "CompletionDate":"December 31, 2021",
            "CompletionDateType":"Anticipated"
          },
          "StudyFirstSubmitDate":"April 2, 2021",
          "StudyFirstSubmitQCDate":"April 5, 2021",
          "StudyFirstPostDateStruct":{
            "StudyFirstPostDate":"April 6, 2021",
            "StudyFirstPostDateType":"Actual"
          },
          "LastUpdateSubmitDate":"April 6, 2021",
          "LastUpdatePostDateStruct":{
            "LastUpdatePostDate":"April 8, 2021",
            "LastUpdatePostDateType":"Actual"
          }
        },
        "SponsorCollaboratorsModule":{
          "ResponsibleParty":{
            "ResponsiblePartyType":"Principal Investigator",
            "ResponsiblePartyInvestigatorFullName":"Teoh Siew Li",
            "ResponsiblePartyInvestigatorTitle":"Lecturer",
            "ResponsiblePartyInvestigatorAffiliation":"Monash University Malaysia"
          },
          "LeadSponsor":{
            "LeadSponsorName":"Monash University Malaysia",
            "LeadSponsorClass":"OTHER"
          }
        },
        "OversightModule":{
          "IsFDARegulatedDrug":"No",
          "IsFDARegulatedDevice":"No"
        },
        "DescriptionModule":{
          "BriefSummary":"This study aims to explore the effectiveness of mindful eating and its effect on cholesterol and glucose level. The participants will be required to get tested for their fasting total cholesterol and blood glucose level for two times. At the first visit, they will be required to complete the survey given and be tested for their fasting total cholesterol and blood glucose level. A recommendation on healthy food intake will be sent to participants. At the end of each week, participants will be required 1) to submit THREE photos of the meals that they are most satisfied with in terms of healthiness and 2) using the photos to answer a questionnaire about their diet. The photos and completed questionnaire must be submitted to the research investigator each week for a total of 8 weeks. After 8 weeks, participants will be required to get tested for their fasting total cholesterol and blood glucose level in the appointed pharmacy for the second time. It is estimated to require 15-30 minutes of their time weekly.",
          "DetailedDescription":"Consistently high cholesterol or/and glucose level pose harmful threat to the body that may cause lethal health conditions (e.g. stroke, cardiovascular diseases). In addition, 3.6 million Malaysians are suffering from diabetes, the highest rate of incidence in Asia and one of the highest in the world. There is crucial need to find ways to improve the situation. Tele-health interventions and mindful eating behaviours are proposed to be effective in improving the levels of cholesterol and glucose. To investigate and explore the intervention, a small-scale randomised controlled trial will be conducted by comparing the effectiveness of mindful eating and the effect on cholesterol and glucose level. Students will collect and analyse both quantitative and qualitative data.\n\nA small-scale randomised controlled trial will be conducted to compare the effectiveness of mindful eating and the effect on lipid level. Subjects will be randomly assigned to intervention or control group. For intervention group, subjects will be required to snap picture of every meal that they consume. At the end of the day, they are required to actively recall and reflect on how healthy they consider their meals to be. The reflection will be submitted to the research team daily together with the taken pictures of meal. As for the control group, subjects will only snap and submit the picture of their meals but without active recall and reflection.\n\nSubjects are required to return to the community pharmacy after two months to follow-up on their glucose and lipid levels post intervention."
        },
        "ConditionsModule":{
          "ConditionList":{
            "Condition":[
              "Cholesterol; Lipidosis"
            ]
          }
        },
        "DesignModule":{
          "StudyType":"Interventional",
          "PhaseList":{
            "Phase":[
              "Not Applicable"
            ]
          },
          "DesignInfo":{
            "DesignAllocation":"Randomized",
            "DesignInterventionModel":"Parallel Assignment",
            "DesignPrimaryPurpose":"Treatment",
            "DesignMaskingInfo":{
              "DesignMasking":"Single",
              "DesignWhoMaskedList":{
                "DesignWhoMasked":[
                  "Participant"
                ]
              }
            }
          },
          "EnrollmentInfo":{
            "EnrollmentCount":"60",
            "EnrollmentType":"Anticipated"
          }
        },
        "ArmsInterventionsModule":{
          "ArmGroupList":{
            "ArmGroup":[
              {
                "ArmGroupLabel":"Mindfulness Arm",
                "ArmGroupType":"Experimental",
                "ArmGroupDescription":"A recommendation on healthy food intake will be sent to participants. At the end of each week, participants will be required 1) to submit THREE photos of the meals that they are most satisfied with in terms of healthiness and 2) using the photos to answer a questionnaire about their diet. The photos and completed questionnaire must be submitted to the research investigator each week for a total of 8 weeks. After 8 weeks, participants will be required to get tested for your fasting total cholesterol and blood glucose level in the appointed pharmacy for the second time. It is estimated to require 15-30 minutes of their time weekly.\n\nThe questionnaire used for experimental group contains reflective questions as part of the mindfulness intervention.",
                "ArmGroupInterventionList":{
                  "ArmGroupInterventionName":[
                    "Behavioral: Mindfulness practice"
                  ]
                }
              },{
                "ArmGroupLabel":"Non-mindfulness Arm",
                "ArmGroupType":"Active Comparator",
                "ArmGroupDescription":"Everything is similar to the experimental arm. However, the questionnaire used for control group does not contain reflective questions to serve as control group.",
                "ArmGroupInterventionList":{
                  "ArmGroupInterventionName":[
                    "Behavioral: Mindfulness practice"
                  ]
                }
              }
            ]
          },
          "InterventionList":{
            "Intervention":[
              {
                "InterventionType":"Behavioral",
                "InterventionName":"Mindfulness practice",
                "InterventionDescription":"Mindfulness is hypothesised to include reflective practice. Therefore, reflective questions are asked in the questionnaire for intervention group but not for control group.",
                "InterventionArmGroupLabelList":{
                  "InterventionArmGroupLabel":[
                    "Mindfulness Arm",
                    "Non-mindfulness Arm"
                  ]
                }
              }
            ]
          }
        },
        "OutcomesModule":{
          "PrimaryOutcomeList":{
            "PrimaryOutcome":[
              {
                "PrimaryOutcomeMeasure":"Fasting total cholesterol",
                "PrimaryOutcomeDescription":"Total cholesterol taken after at least 8 hours fasting",
                "PrimaryOutcomeTimeFrame":"8 weeks"
              }
            ]
          },
          "SecondaryOutcomeList":{
            "SecondaryOutcome":[
              {
                "SecondaryOutcomeMeasure":"Fasting glucose",
                "SecondaryOutcomeDescription":"Blood glucose taken after at least 8 hours fasting",
                "SecondaryOutcomeTimeFrame":"8 weeks"
              }
            ]
          }
        },
        "EligibilityModule":{
          "EligibilityCriteria":"Inclusion Criteria:\n\nTotal fasting cholesterol of at least 5.2mmol/L\n\nExclusion Criteria:\n\nFamilial hypercholesterolaemia or Pregnant women.",
          "HealthyVolunteers":"Accepts Healthy Volunteers",
          "Gender":"All",
          "MinimumAge":"18 Years",
          "StdAgeList":{
            "StdAge":[
              "Adult",
              "Older Adult"
            ]
          }
        },
        "ContactsLocationsModule":{
          "CentralContactList":{
            "CentralContact":[
              {
                "CentralContactName":"Phaik Eong Poh, PhD",
                "CentralContactRole":"Contact",
                "CentralContactPhone":"+603 5514 6272",
                "CentralContactEMail":"poh.phaik.eong@monash.edu"
              }
            ]
          },
          "OverallOfficialList":{
            "OverallOfficial":[
              {
                "OverallOfficialName":"Phaik Eong Poh, PhD",
                "OverallOfficialAffiliation":"Monash University Malaysia",
                "OverallOfficialRole":"Study Director"
              }
            ]
          },
          "LocationList":{
            "Location":[
              {
                "LocationFacility":"Monash University Malaysia",
                "LocationStatus":"Recruiting",
                "LocationCity":"Subang Jaya",
                "LocationState":"Selangor",
                "LocationZip":"47500",
                "LocationCountry":"Malaysia",
                "LocationContactList":{
                  "LocationContact":[
                    {
                      "LocationContactName":"Siew Li Teoh, MPharm, PhD",
                      "LocationContactRole":"Contact",
                      "LocationContactPhone":"(+603) 5515-9646",
                      "LocationContactEMail":"teoh.siew.li@monash.edu"
                    }
                  ]
                }
              }
            ]
          }
        },
        "IPDSharingStatementModule":{
          "IPDSharing":"No",
          "IPDSharingDescription":"Only aggregated data will be shared upon request to investigator."
        }
      },
      "DerivedSection":{
        "MiscInfoModule":{
          "VersionHolder":"April 19, 2021"
        },
        "ConditionBrowseModule":{
          "ConditionMeshList":{
            "ConditionMesh":[
              {
                "ConditionMeshId":"D000008064",
                "ConditionMeshTerm":"Lipidoses"
              }
            ]
          },
          "ConditionAncestorList":{
            "ConditionAncestor":[
              {
                "ConditionAncestorId":"D000008052",
                "ConditionAncestorTerm":"Lipid Metabolism, Inborn Errors"
              },{
                "ConditionAncestorId":"D000008661",
                "ConditionAncestorTerm":"Metabolism, Inborn Errors"
              },{
                "ConditionAncestorId":"D000030342",
                "ConditionAncestorTerm":"Genetic Diseases, Inborn"
              },{
                "ConditionAncestorId":"D000052439",
                "ConditionAncestorTerm":"Lipid Metabolism Disorders"
              },{
                "ConditionAncestorId":"D000008659",
                "ConditionAncestorTerm":"Metabolic Diseases"
              }
            ]
          },
          "ConditionBrowseLeafList":{
            "ConditionBrowseLeaf":[
              {
                "ConditionBrowseLeafId":"M9647",
                "ConditionBrowseLeafName":"Lipidoses",
                "ConditionBrowseLeafAsFound":"Lipidosis",
                "ConditionBrowseLeafRelevance":"high"
              },{
                "ConditionBrowseLeafId":"M10224",
                "ConditionBrowseLeafName":"Metabolism, Inborn Errors",
                "ConditionBrowseLeafRelevance":"low"
              },{
                "ConditionBrowseLeafId":"M9637",
                "ConditionBrowseLeafName":"Lipid Metabolism, Inborn Errors",
                "ConditionBrowseLeafRelevance":"low"
              },{
                "ConditionBrowseLeafId":"M22270",
                "ConditionBrowseLeafName":"Genetic Diseases, Inborn",
                "ConditionBrowseLeafRelevance":"low"
              },{
                "ConditionBrowseLeafId":"M10222",
                "ConditionBrowseLeafName":"Metabolic Diseases",
                "ConditionBrowseLeafRelevance":"low"
              },{
                "ConditionBrowseLeafId":"M25616",
                "ConditionBrowseLeafName":"Lipid Metabolism Disorders",
                "ConditionBrowseLeafRelevance":"low"
              }
            ]
          },
          "ConditionBrowseBranchList":{
            "ConditionBrowseBranch":[
              {
                "ConditionBrowseBranchAbbrev":"BC16",
                "ConditionBrowseBranchName":"Diseases and Abnormalities at or Before Birth"
              },{
                "ConditionBrowseBranchAbbrev":"BC18",
                "ConditionBrowseBranchName":"Nutritional and Metabolic Diseases"
              },{
                "ConditionBrowseBranchAbbrev":"All",
                "ConditionBrowseBranchName":"All Conditions"
              }
            ]
          }
        }
      }
    }
  }
}

