{
  "FullStudy":{
    "Rank":775,
    "Study":{
      "ProtocolSection":{
        "IdentificationModule":{
          "NCTId":"NCT04839874",
          "OrgStudyIdInfo":{
            "OrgStudyId":"NHS Grampian"
          },
          "Organization":{
            "OrgFullName":"NHS Grampian",
            "OrgClass":"OTHER_GOV"
          },
          "BriefTitle":"Health Seeking Behaviour in Women Diagnosed With Gynaecological Cancer: Can it be Modified to Improve Patient Outcomes?",
          "OfficialTitle":"Health Seeking Behaviour in Women Diagnosed With Gynaecological Cancer: Can it be Modified to Improve Patient Outcomes?"
        },
        "StatusModule":{
          "StatusVerifiedDate":"April 2021",
          "OverallStatus":"Not yet recruiting",
          "ExpandedAccessInfo":{
            "HasExpandedAccess":"No"
          },
          "StartDateStruct":{
            "StartDate":"June 1, 2021",
            "StartDateType":"Anticipated"
          },
          "PrimaryCompletionDateStruct":{
            "PrimaryCompletionDate":"March 31, 2022",
            "PrimaryCompletionDateType":"Anticipated"
          },
          "CompletionDateStruct":{
            "CompletionDate":"March 31, 2023",
            "CompletionDateType":"Anticipated"
          },
          "StudyFirstSubmitDate":"April 7, 2021",
          "StudyFirstSubmitQCDate":"April 7, 2021",
          "StudyFirstPostDateStruct":{
            "StudyFirstPostDate":"April 9, 2021",
            "StudyFirstPostDateType":"Actual"
          },
          "LastUpdateSubmitDate":"April 7, 2021",
          "LastUpdatePostDateStruct":{
            "LastUpdatePostDate":"April 9, 2021",
            "LastUpdatePostDateType":"Actual"
          }
        },
        "SponsorCollaboratorsModule":{
          "ResponsibleParty":{
            "ResponsiblePartyType":"Principal Investigator",
            "ResponsiblePartyInvestigatorFullName":"Pauline Williams",
            "ResponsiblePartyInvestigatorTitle":"GP",
            "ResponsiblePartyInvestigatorAffiliation":"NHS Grampian"
          },
          "LeadSponsor":{
            "LeadSponsorName":"NHS Grampian",
            "LeadSponsorClass":"OTHER_GOV"
          }
        },
        "OversightModule":{
          "OversightHasDMC":"No",
          "IsFDARegulatedDrug":"No",
          "IsFDARegulatedDevice":"No"
        },
        "DescriptionModule":{
          "BriefSummary":"This study will focus on speaking to women who have been diagnosed with one of the five main gynaecological cancers: ovarian, endometrial (womb), cervical, vulval and vaginal. Too many women are dying from gynaecological cancer in the UK. There are many reasons for this, but we think that embarrassment might be one of the reasons. It can be embarrassing to talk about gynaecological cancers or the symptoms that they cause. This might lead some women to delay going to their doctor when they have symptoms. This study will speak with women who have been diagnosed with a gynaecological cancer to ask them what they did before they were diagnosed; when did they realise something was wrong; what made them go to their doctor; did having gynaecological symptoms make them think differently about going to the doctor? This information will be used to find ways of making it as easy as possible for women to go to their doctors as early as possible. This will hopefully see fewer women dying from these cancers.",
          "DetailedDescription":"The study will explore the research questions using qualitative semi-structured interviews with women diagnosed with gynaecological cancer. A study information sheet, reply slip and a reply-paid envelope will be sent to eligible patients by their secondary care clinician, with reminders sent after two weeks. Recruitment and interviewing will take place until data saturation occurs (three interviews with no new shared beliefs) on the main themes. Interviews will take place at a mutually convenient time and place, ideally face to face but could be conducted over the telephone if preferred by the interviewee or if social distancing measures are still in place due to Covid-19. Further verbal and written information regarding the study will be provided prior to interview commencement and participants will be given the opportunity to ask questions. Those agreeing to take part in a face to face interview will sign a consent form in duplicate (one for the participant and one copy for the research team). Those participating in a telephone interview will be read each point of the consent form and asked to agree to each one. This will be recorded, transcribed and used as evidence of consent. Interviews will be conducted flexibly allowing for shorter interviews where necessary and participants will be reminded that the interviews can be terminated at any time. The participant can withdraw from the study at any time: data already collected with consent will be retained and used in the study. No further data will be collected, or any other research procedures carried out on or in relation to the participant. All interviews will be digitally audio recorded and transcribed verbatim by the CI or NHSG approved transcription service. The data will be stored and managed using NVivo software. Interviews will follow a semi-structured topic guide based on the COM-B behaviour change model concepts of capability, opportunity and motivation (Michie, van Stralen and West, 2011). Changes can be made to the topic guide as interviews are conducted. Data familiarisation will be by reading and rereading transcripts and by listening to the recorded interviews. Data will be analysed using iterative deductive and inductive methods combining Framework analysis (Marks and Yardley, 2011) and thematic analysis (Ritchie and Lewis, 2003).\n\nA contact will be provided for patients should they become distressed because of contact by or participation in the study. Although all data collected will stored and analysed with the strictest of confidence in line with the General Data Protection Regulations (2018), if details of any improper conduct or poor practice are disclosed the research team may be obliged to report this. The participant's GP will not be informed. Study participants will have any travel costs reimbursed"
        },
        "ConditionsModule":{
          "ConditionList":{
            "Condition":[
              "Gynaecological Cancer"
            ]
          },
          "KeywordList":{
            "Keyword":[
              "health seeking behaviour, pelvic examination"
            ]
          }
        },
        "DesignModule":{
          "StudyType":"Observational",
          "PatientRegistry":"No",
          "DesignInfo":{
            "DesignObservationalModelList":{
              "DesignObservationalModel":[
                "Cohort"
              ]
            },
            "DesignTimePerspectiveList":{
              "DesignTimePerspective":[
                "Retrospective"
              ]
            }
          },
          "EnrollmentInfo":{
            "EnrollmentCount":"15",
            "EnrollmentType":"Anticipated"
          }
        },
        "ArmsInterventionsModule":{
          "InterventionList":{
            "Intervention":[
              {
                "InterventionType":"Other",
                "InterventionName":"No intervention",
                "InterventionDescription":"Semi-structured qualitative interviews"
              }
            ]
          }
        },
        "OutcomesModule":{
          "PrimaryOutcomeList":{
            "PrimaryOutcome":[
              {
                "PrimaryOutcomeMeasure":"Describe the facilitators and barriers to health seeking behaviour in women diagnosed with gynaecological cancer.",
                "PrimaryOutcomeTimeFrame":"2 years"
              }
            ]
          },
          "SecondaryOutcomeList":{
            "SecondaryOutcome":[
              {
                "SecondaryOutcomeMeasure":"Describe the perceptions of pelvic examination in women diagnosed with gynaecological cancer.",
                "SecondaryOutcomeTimeFrame":"2 years"
              }
            ]
          }
        },
        "EligibilityModule":{
          "EligibilityCriteria":"Inclusion Criteria: Patients who have been diagnosed with a gynaecological cancer will be identified from the Grampian Cancer Care Pathway database and included for possible selection.\n\n-\n\nExclusion Criteria: Patients will be excluded from selection if they are non-English speakers; have cognitive impairment or who are thought to have entered the terminal stages of their illness. Patients diagnosed through screening programmes will also be excluded.\n\n-",
          "Gender":"Female",
          "GenderBased":"Yes",
          "GenderDescription":"Gynaecological cancers which are female sex dependant",
          "MinimumAge":"18 Years",
          "MaximumAge":"100 Years",
          "StdAgeList":{
            "StdAge":[
              "Adult",
              "Older Adult"
            ]
          },
          "StudyPopulation":"Women who have been diagnosed with a gynaecological cancer",
          "SamplingMethod":"Non-Probability Sample"
        },
        "IPDSharingStatementModule":{
          "IPDSharing":"No",
          "IPDSharingDescription":"Identifiable patient data will not be shared. Interview data will be shared in a report to funders and to peer reviewed journals"
        }
      },
      "DerivedSection":{
        "MiscInfoModule":{
          "VersionHolder":"April 19, 2021"
        }
      }
    }
  }
}

