{
  "FullStudy":{
    "Rank":1200,
    "Study":{
      "ProtocolSection":{
        "IdentificationModule":{
          "NCTId":"NCT04834349",
          "OrgStudyIdInfo":{
            "OrgStudyId":"2020-0354"
          },
          "SecondaryIdInfoList":{
            "SecondaryIdInfo":[
              {
                "SecondaryId":"NCI-2021-00123",
                "SecondaryIdType":"Registry Identifier",
                "SecondaryIdDomain":"CTRP (Clinical Trial Reporting Program)"
              },{
                "SecondaryId":"2020-0354",
                "SecondaryIdType":"Other Identifier",
                "SecondaryIdDomain":"M D Anderson Cancer Center"
              }
            ]
          },
          "Organization":{
            "OrgFullName":"M.D. Anderson Cancer Center",
            "OrgClass":"OTHER"
          },
          "BriefTitle":"Re-irradiation With NBTXR3 in Combination With Pembrolizumab for the Treatment of Inoperable Locoregional Recurrent Head and Neck Squamous Cell Cancer",
          "OfficialTitle":"A Phase II Study of Reirradiation With NBTXR3 in Patients With Inoperable Locoregional Recurrent Head and Neck Squamous Cell Carcinoma"
        },
        "StatusModule":{
          "StatusVerifiedDate":"April 2021",
          "OverallStatus":"Recruiting",
          "StartDateStruct":{
            "StartDate":"March 9, 2021",
            "StartDateType":"Actual"
          },
          "PrimaryCompletionDateStruct":{
            "PrimaryCompletionDate":"May 18, 2025",
            "PrimaryCompletionDateType":"Anticipated"
          },
          "CompletionDateStruct":{
            "CompletionDate":"May 18, 2025",
            "CompletionDateType":"Anticipated"
          },
          "StudyFirstSubmitDate":"March 5, 2021",
          "StudyFirstSubmitQCDate":"April 2, 2021",
          "StudyFirstPostDateStruct":{
            "StudyFirstPostDate":"April 8, 2021",
            "StudyFirstPostDateType":"Actual"
          },
          "LastUpdateSubmitDate":"April 2, 2021",
          "LastUpdatePostDateStruct":{
            "LastUpdatePostDate":"April 8, 2021",
            "LastUpdatePostDateType":"Actual"
          }
        },
        "SponsorCollaboratorsModule":{
          "ResponsibleParty":{
            "ResponsiblePartyType":"Sponsor"
          },
          "LeadSponsor":{
            "LeadSponsorName":"M.D. Anderson Cancer Center",
            "LeadSponsorClass":"OTHER"
          }
        },
        "OversightModule":{
          "OversightHasDMC":"No",
          "IsFDARegulatedDrug":"Yes",
          "IsFDARegulatedDevice":"No",
          "IsUSExport":"No"
        },
        "DescriptionModule":{
          "BriefSummary":"This phase II trial studies the effect of re-irradiation with NBTXR3 in combination with pembrolizumab in treating patients with head and neck squamous cell cancer that cannot be removed by surgery (inoperable) and has come back (recurrent). NBTXR3 is a drug that is designed to improve the effectiveness (how well something works) of radiation therapy. The drug is injected into a tumor and activated (turned on) by radiation. Stereotactic body radiation therapy uses special equipment to position a patient and deliver radiation to tumors with high precision. This method may kill tumor cells with fewer doses over a shorter period and cause less damage to normal tissue. Radiation therapy, such as intensity modulated radiation therapy or intensity modulated proton therapy, uses high energy to kill tumor cells and shrink tumors. Immunotherapy with monoclonal antibodies, such as pembrolizumab, may help the body's immune system attack the cancer, and may interfere with the ability of tumor cells to grow and spread. Giving NBTXR3 activated by radiation together with pembrolizumab may help to control head and neck squamous cell cancer.",
          "DetailedDescription":"PRIMARY OBJECTIVES:\n\nI. To estimate progression free survival (PFS) and early clinical benefit in patients treated with hafnium oxide-containing nanoparticles NBTXR3 (NBTXR3) activated by stereotactic body radiation therapy (SBRT) reirradiation, with concurrent pembrolizumab.\n\nII. To assess the safety profile and estimate early clinical benefit of NBXTR3 activated by dose reduction intensity modulated radiation therapy (IMRT) or intensity modulated proton therapy (IMPT) reirradiation with concurrent pembrolizumab, in subjects with locoregional recurrent head and neck squamous cell carcinoma (HNSCC) not eligible for SBRT.\n\nSECONDARY OBJECTIVES:\n\nI. To evaluate tumor response after NBTXR3 activated by SBRT reirradiation with concurrent pembrolizumab.\n\nII. To evaluate tumor response after NBTXR3 activated by dose reduction IMRT/IMPT reirradiation with concurrent pembrolizumab.\n\nIII. To evaluate the safety profile of NBTXR3 activated by SBRT reirradiation with concurrent pembrolizumab.\n\nIV. To evaluate time-to-event outcomes of NBTXR3 activated by SBRT reirradiation with concurrent pembrolizumab.\n\nV. To evaluate time-to-event outcomes of NBTXR3 activated by dose reduction IMRT/IMPT reirradiation with concurrent pembrolizumab.\n\nEXPLORATORY OBJECTIVES:\n\nI. To evaluate lymphedema/fibrosis & dysphagia-related toxicities and functional outcomes of treatment with NBTXR3 activated by SBRT or IMRT or IMPT reirradiation and concurrent pembrolizumab.\n\nII. To assess functional and patient reported outcomes (PRO) of treatment with NBTXR3 activated by SBRT or IMRT or IMPT reirradiation and concurrent pembrolizumab.\n\nIII. To associate radiomic measurements with outcomes of treatment with NBTXR3 activated by SBRT or IMRT or IMPT reirradiation and concurrent pembrolizumab.\n\nIV. To evaluate biomarkers of response in subjects treated with NBTXR3 activated by SBRT or IMRT or IMPT reirradiation and concurrent pembrolizumab.\n\nOUTLINE: Patients are assigned to 1 of 2 cohorts.\n\nCOHORT I: Patients receive NBTXR3 intratumorally (IT) on day 1. Patients then undergo SBRT every other day (QOD) on days 15-29. Beginning the first day of radiation therapy, patients also receive pembrolizumab intravenously (IV) over 30 minutes on day 1. Cycles repeat every 3 weeks for up to 2 years in the absence of disease progression or unacceptable toxicity.\n\nCOHORT II: Patients receive NBTXR3 IT on day 1. Patients then undergo IMRT/IMPT every day (QD) on days 15-50. Beginning the first day of radiation therapy, patients also receive pembrolizumab IV over 30 minutes on day 1. Cycles repeat every 3 weeks for up to 2 years in the absence of disease progression or unacceptable toxicity.\n\nAfter completion of study treatment, patients are followed up every 3 months for 2 years and then every 6 months for up to 5 years."
        },
        "ConditionsModule":{
          "ConditionList":{
            "Condition":[
              "Recurrent Head and Neck Squamous Cell Carcinoma",
              "Unresectable Head and Neck Squamous Cell Carcinoma"
            ]
          }
        },
        "DesignModule":{
          "StudyType":"Interventional",
          "PhaseList":{
            "Phase":[
              "Phase 2"
            ]
          },
          "DesignInfo":{
            "DesignAllocation":"Non-Randomized",
            "DesignInterventionModel":"Parallel Assignment",
            "DesignPrimaryPurpose":"Treatment",
            "DesignMaskingInfo":{
              "DesignMasking":"None (Open Label)"
            }
          },
          "EnrollmentInfo":{
            "EnrollmentCount":"80",
            "EnrollmentType":"Anticipated"
          }
        },
        "ArmsInterventionsModule":{
          "ArmGroupList":{
            "ArmGroup":[
              {
                "ArmGroupLabel":"Cohort I (NBTXR3, SBRT, pembrolizumab)",
                "ArmGroupType":"Experimental",
                "ArmGroupDescription":"Patients receive NBTXR3 IT on day 1. Patients then undergo SBRT QOD on days 15-29. Beginning the first day of radiation therapy, patients also receive pembrolizumab IV over 30 minutes on day 1. Cycles repeat every 3 weeks for up to 2 years in the absence of disease progression or unacceptable toxicity.",
                "ArmGroupInterventionList":{
                  "ArmGroupInterventionName":[
                    "Other: Hafnium Oxide-containing Nanoparticles NBTXR3",
                    "Biological: Pembrolizumab",
                    "Other: Quality-of-Life Assessment",
                    "Other: Questionnaire Administration",
                    "Radiation: Stereotactic Body Radiation Therapy"
                  ]
                }
              },{
                "ArmGroupLabel":"Cohort II (NBTXR3, IMRT/IMPT, pembrolizumab)",
                "ArmGroupType":"Experimental",
                "ArmGroupDescription":"Patients receive NBTXR3 IT on day 1. Patients then undergo IMRT/IMPT QD on days 15-50. Beginning the first day of radiation therapy, patients also receive pembrolizumab IV over 30 minutes on day 1. Cycles repeat every 3 weeks for up to 2 years in the absence of disease progression or unacceptable toxicity.",
                "ArmGroupInterventionList":{
                  "ArmGroupInterventionName":[
                    "Other: Hafnium Oxide-containing Nanoparticles NBTXR3",
                    "Procedure: Intensity-Modulated Proton Therapy",
                    "Radiation: Intensity-Modulated Radiation Therapy",
                    "Biological: Pembrolizumab",
                    "Other: Quality-of-Life Assessment",
                    "Other: Questionnaire Administration"
                  ]
                }
              }
            ]
          },
          "InterventionList":{
            "Intervention":[
              {
                "InterventionType":"Other",
                "InterventionName":"Hafnium Oxide-containing Nanoparticles NBTXR3",
                "InterventionDescription":"Given IT",
                "InterventionArmGroupLabelList":{
                  "InterventionArmGroupLabel":[
                    "Cohort I (NBTXR3, SBRT, pembrolizumab)",
                    "Cohort II (NBTXR3, IMRT/IMPT, pembrolizumab)"
                  ]
                },
                "InterventionOtherNameList":{
                  "InterventionOtherName":[
                    "NBTXR3"
                  ]
                }
              },{
                "InterventionType":"Procedure",
                "InterventionName":"Intensity-Modulated Proton Therapy",
                "InterventionDescription":"Undergo IMPT",
                "InterventionArmGroupLabelList":{
                  "InterventionArmGroupLabel":[
                    "Cohort II (NBTXR3, IMRT/IMPT, pembrolizumab)"
                  ]
                },
                "InterventionOtherNameList":{
                  "InterventionOtherName":[
                    "IMPT"
                  ]
                }
              },{
                "InterventionType":"Radiation",
                "InterventionName":"Intensity-Modulated Radiation Therapy",
                "InterventionDescription":"Undergo IMRT",
                "InterventionArmGroupLabelList":{
                  "InterventionArmGroupLabel":[
                    "Cohort II (NBTXR3, IMRT/IMPT, pembrolizumab)"
                  ]
                },
                "InterventionOtherNameList":{
                  "InterventionOtherName":[
                    "IMRT",
                    "Intensity Modulated RT",
                    "Intensity-Modulated Radiotherapy",
                    "Radiation, Intensity-Modulated Radiotherapy"
                  ]
                }
              },{
                "InterventionType":"Biological",
                "InterventionName":"Pembrolizumab",
                "InterventionDescription":"Given IV",
                "InterventionArmGroupLabelList":{
                  "InterventionArmGroupLabel":[
                    "Cohort I (NBTXR3, SBRT, pembrolizumab)",
                    "Cohort II (NBTXR3, IMRT/IMPT, pembrolizumab)"
                  ]
                },
                "InterventionOtherNameList":{
                  "InterventionOtherName":[
                    "Keytruda",
                    "Lambrolizumab",
                    "MK-3475",
                    "SCH 900475"
                  ]
                }
              },{
                "InterventionType":"Other",
                "InterventionName":"Quality-of-Life Assessment",
                "InterventionDescription":"Ancillary studies",
                "InterventionArmGroupLabelList":{
                  "InterventionArmGroupLabel":[
                    "Cohort I (NBTXR3, SBRT, pembrolizumab)",
                    "Cohort II (NBTXR3, IMRT/IMPT, pembrolizumab)"
                  ]
                },
                "InterventionOtherNameList":{
                  "InterventionOtherName":[
                    "Quality of Life Assessment"
                  ]
                }
              },{
                "InterventionType":"Other",
                "InterventionName":"Questionnaire Administration",
                "InterventionDescription":"Ancillary studies",
                "InterventionArmGroupLabelList":{
                  "InterventionArmGroupLabel":[
                    "Cohort I (NBTXR3, SBRT, pembrolizumab)",
                    "Cohort II (NBTXR3, IMRT/IMPT, pembrolizumab)"
                  ]
                }
              },{
                "InterventionType":"Radiation",
                "InterventionName":"Stereotactic Body Radiation Therapy",
                "InterventionDescription":"Undergo SBRT",
                "InterventionArmGroupLabelList":{
                  "InterventionArmGroupLabel":[
                    "Cohort I (NBTXR3, SBRT, pembrolizumab)"
                  ]
                },
                "InterventionOtherNameList":{
                  "InterventionOtherName":[
                    "SABR",
                    "SBRT",
                    "Stereotactic Ablative Body Radiation Therapy"
                  ]
                }
              }
            ]
          }
        },
        "OutcomesModule":{
          "PrimaryOutcomeList":{
            "PrimaryOutcome":[
              {
                "PrimaryOutcomeMeasure":"Progression free survival (PFS)",
                "PrimaryOutcomeDescription":"Will be estimated using the method of Kaplan-Meier. Median times and 95% confidence intervals will also be estimated.",
                "PrimaryOutcomeTimeFrame":"From NBTXR3 injection to local or regional recurrence, local or regional progression, distant (outside the head and neck region) progression, or death from any cause, whichever occurs first, assessed up to 5 years"
              },{
                "PrimaryOutcomeMeasure":"Early clinical benefit activated by SBRT reirradiation",
                "PrimaryOutcomeDescription":"Defined as radiographic evidence of complete response (CR), partial response (PR) or stable disease (SD)",
                "PrimaryOutcomeTimeFrame":"At 6-months post radiation therapy (RT)"
              },{
                "PrimaryOutcomeMeasure":"Incidence of acute adverse events activated by dose reduction IMRT or IMPT reirradiation",
                "PrimaryOutcomeDescription":"Will assess treatment related acute and late onset toxicities defined as any grade >= 3 adverse event (AE), excluding dermatitis and mucositis as per National Cancer Institute (NCI) Common Terminology Criteria for Adverse Events (CTCAE) version (v) 5.0.",
                "PrimaryOutcomeTimeFrame":"Up to 90 days post RT"
              },{
                "PrimaryOutcomeMeasure":"Incidence of late adverse events activated by dose reduction IMRT or IMPT reirradiation",
                "PrimaryOutcomeDescription":"Will assess treatment related acute and late onset toxicities defined as any grade >= 3 AE, excluding dermatitis and mucositis as per NCI CTCAE v 5.0.",
                "PrimaryOutcomeTimeFrame":"From 90 days post RT to end of study (up to 5 years) From 90 days post RT to end of study (up to 5 years)"
              },{
                "PrimaryOutcomeMeasure":"Incidence of late adverse events activated by SBRT reirradiation",
                "PrimaryOutcomeDescription":"Will assess treatment related acute and late onset toxicities defined as any grade >= 3 AE, excluding dermatitis and mucositis as per NCI CTCAE v 5.0.",
                "PrimaryOutcomeTimeFrame":"From 90 days post RT to end of study (up to 5 years)"
              }
            ]
          },
          "SecondaryOutcomeList":{
            "SecondaryOutcome":[
              {
                "SecondaryOutcomeMeasure":"Objective response rate",
                "SecondaryOutcomeDescription":"Defined as complete or partial response per RECIST v1.1 in the target lesion(s), which are those injected with NBTXR3 and irradiated.\n\nAll other malignant lesions that have not received NBTXR3 injection will be evaluated as per RECIST v1.1, i.e. as measurable or non-measurable lesions (according to their characteristics) and included for the determination of best objective response.",
                "SecondaryOutcomeTimeFrame":"Up to 5 years post treatment"
              },{
                "SecondaryOutcomeMeasure":"Overall response",
                "SecondaryOutcomeDescription":"Evaluated as per RECIST v1.1",
                "SecondaryOutcomeTimeFrame":"Up to 5 years post treatment"
              },{
                "SecondaryOutcomeMeasure":"Incidence of acute adverse events activated by SBRT reirradiation",
                "SecondaryOutcomeDescription":"Will assess treatment related acute and late onset toxicities defined as any grade >= 3 AE, excluding dermatitis and mucositis as per NCI CTCAE v 5.0.",
                "SecondaryOutcomeTimeFrame":"Up to 90 days post RT"
              },{
                "SecondaryOutcomeMeasure":"Local PFS",
                "SecondaryOutcomeDescription":"Will be estimated using the method of Kaplan-Meier. Median times and 95% confidence intervals will also be estimated.",
                "SecondaryOutcomeTimeFrame":"From NBTXR3 injection to the radiographic and/or histological confirmation of local (within 2 cm of the high-dose reirradiation treatment volume [PTV]) disease recurrence, local progression, or death from any cause, assessed up to 5 years"
              },{
                "SecondaryOutcomeMeasure":"Regional PFS",
                "SecondaryOutcomeDescription":"Will be estimated using the method of Kaplan-Meier. Median times and 95% confidence intervals will also be estimated.",
                "SecondaryOutcomeTimeFrame":"From NBTXR3 injection to the radiographic and/or histological confirmation of regional disease recurrence, regional progression, or death from any cause, whichever occurs first, assessed up to 5 years"
              },{
                "SecondaryOutcomeMeasure":"Distant PFS",
                "SecondaryOutcomeDescription":"Will be estimated using the method of Kaplan-Meier. Median times and 95% confidence intervals will also be estimated.",
                "SecondaryOutcomeTimeFrame":"From NBTXR3 injection to the radiographic and/or histological confirmation of a new lesion outside the head and neck region, or death from any cause, whichever occurs first, assessed up to 5 years"
              },{
                "SecondaryOutcomeMeasure":"Overall survival",
                "SecondaryOutcomeDescription":"Will be estimated using the method of Kaplan-Meier. Median times and 95% confidence intervals will also be estimated.",
                "SecondaryOutcomeTimeFrame":"From NBTXR3 injection to death from any cause or EoS, whichever occurs first, assessed up to 5 years"
              }
            ]
          },
          "OtherOutcomeList":{
            "OtherOutcome":[
              {
                "OtherOutcomeMeasure":"Evaluation of the clinical-grading of lymphedema/fibrosis",
                "OtherOutcomeDescription":"Evaluation of the clinical-grading of lymphedema/fibrosis according to the Head and Neck-Lymphedema Fibrosis (HN-LEF)\n\nLymphedema/Fibrosis Grading: Clinician-grading of lymphedema/fibrosis will be conducted according to the published Head and Neck-Lymphedema Fibrosis (HN-LEF) per physical examination of the patient. Clinical grading is a brief assessment that can be completed in < 5 minutes.",
                "OtherOutcomeTimeFrame":"Up to 5 years post treatment"
              },{
                "OtherOutcomeMeasure":"Evaluation of the clinical-grading of lymphedema/fibrosis",
                "OtherOutcomeDescription":"Evaluation of the clinical-grading of lymphedema/fibrosis according Cervical range of motion (CROM) per physical examination of patient.\n\nCervical range of motion (CROM): A goniometer will measure CROM (degrees) to assess active cervical spine ROM. Five core CROM measures will be collected, including cervical extension, sagittal plane at rest, lateral flexion (left/right), coronal plane at rest, and lateral rotation (left/right). The primary CROM measure of interest is cervical extension. Cervical extension measures are highly reliable (ICC=.90). Average extension measures in healthy adults aged 60 to 69 range from 57 degrees in males (SD: 10.5) to 65 degrees in females (SD: 13.3). Cervical extension measures decrease by approximately 5 degrees for each decade of life[41].",
                "OtherOutcomeTimeFrame":"Up to 5 years post treatment"
              },{
                "OtherOutcomeMeasure":"Evaluation of the clinical-grading of lymphedema/fibrosis",
                "OtherOutcomeDescription":"Evaluation of the clinical-grading of lymphedema/fibrosis according to the Lymphedema Symptom Intensity and Distress Survey - Head and Neck (LSIDS-H&N).\n\nLymphedema Symptom Intensity and Distress Survey - Head and Neck (LSIDS-H&N)25 is a 64-item instrument designed to assess lymphedema symptoms in head and neck cancer patients. Survey items were selected to address six domains (head and neck-specific functioning, systemic symptoms, psychosocial issues, altered sensation symptoms, neck-shoulder musculoskeletal/skin symptoms, and miscellaneous symptoms) identified by an expert panel. Preliminary testing of LSIDS-H&N demonstrated both feasibility and readability.",
                "OtherOutcomeTimeFrame":"Up to 5 years post treatment"
              },{
                "OtherOutcomeMeasure":"Patient reports outcomes",
                "OtherOutcomeDescription":"Questionnaires measuring the patients' views of their health status",
                "OtherOutcomeTimeFrame":"Up to 5 years post treatment"
              },{
                "OtherOutcomeMeasure":"Biomarkers of response",
                "OtherOutcomeDescription":"Multiplex IHC (mIHC) analysis of tumor microenvironment (i.e. CD8, PD-L1, PD1, CD3, CD68, FoxP3, etc.) in biopsies\n\nFlow cytometry analysis (cell counts) of the immune cell biomarkers in blood.",
                "OtherOutcomeTimeFrame":"Up to 5 years post treatment"
              }
            ]
          }
        },
        "EligibilityModule":{
          "EligibilityCriteria":"Inclusion Criteria:\n\nPatients with biopsy proven locoregional recurrent squamous cell carcinoma of the head and neck, or second primary HNSCC\n\nPrevious documented receipt of at least 30 Gy and up to 70 Gy of radiation for HNSCC with overlapping fields based on actual dose, prescription percentage\n\n30 Gy for conventional fractionation\n15 Gy for hypofractionation\n10 Gy for single fraction\nTime interval from prior radiotherapy to NBTXR3 injection (day 1) of at least 6 months\nNot eligible (unresectable) or poor candidate or patient refusal of surgery for HNSCC recurrence\nAmenable to undergo the image guided intratumoral/intranodal injection of NBTXR3 by Interventional Radiologist or ear, nose, and throat (ENT) surgeon, as per investigator or treating physician\n\nThe target lesion(s) in the head and neck should be measurable as per Response Evaluation Criteria in Solid Tumors (RECIST) version (v)1.1 on cross sectional imaging and repeated measurements at the same anatomical location should be achievable\n\nUp to 3 target lesions may be injected with NBTXR3 and radiated, including the primary tumor and involved lymph node(s)\n\nSBRT cohort: =< 60 cm^3 per site, total volume =< 120 cm^3\nIMRT/IMPT cohort: =< 120 cm^3 per site, total volume =< 200 cm^3\nNodal target lesions must be >= 15mm (short axis) based on computed tomography (CT) (slice thickness of 5 mm or less) or magnetic resonance imaging (MRI)\nAge >= 18 years\nEastern Cooperative Oncology Group (ECOG) performance status 0-2\nHemoglobin >= 9.0 g/dL\nAbsolute neutrophil count (ANC) >= 1,000/mm^3\nPlatelet count >= 100,000/mm^3\nLeukocytes >= 1500/mm^3\nCreatinine =< 1.5 x upper limit of normal (ULN)\nCalculated (Calc.) creatinine clearance > 30 mL/min\nTotal bilirubin =< 1.5 mg/dL\nAspartate aminotransferase (AST)/alanine aminotransferase (ALT) =< 2.5 x upper limit of normal (ULN)\nSerum albumin > 3.5 g/L\nNegative urine or serum pregnancy test =< 7 days prior to NBTXR3 injection in all women of child-bearing potential (WOCBP). WOCBP must agree to follow instructions for method(s) of contraception for the duration the entire study period and 6 months after the last dose of pembrolizumab treatment. Local laws and regulations may require use of alternative and/or additional contraception methods. WOCBP who are continuously not heterosexually active are exempt from contraceptive requirements but should still undergo pregnancy testing\nSigned informed consent form (ICF) indicating that participant understands the purpose of, and procedures required for, the study and is willing to participate in the study\n\nExclusion Criteria:\n\nLocoregional relapse with skin ulceration\nHead and neck carcinoma with radiographic evidence of metastasis at screening\n\nSurgery to the head and neck\n\nExcluding diagnostic biopsy\nHistory of severe immune-related adverse events observed with previous immunotherapy (anti-PD-1/L1) or known sensitivity (grade >= 3) to any excipients\n\nHas received any approved or investigational anti-neoplastic agent within 4 weeks prior to NBTXR3 injection\n\nExcept anti-PD-1 therapy, which will not require a washout window\nNote: a reduced washout window may be considered for therapies with short half-lives (i.e., kinase inhibitors) after discussion with Nanobiotix and investigator\n\nActive autoimmune disease that has required systemic treatment in the past 2 years (i.e., with use of disease-modifying agents, corticosteroids, or immunosuppressive drugs)\n\nReplacement therapy (i.e., thyroxine, insulin, or physiologic corticosteroid replacement [=< 10 mg prednisone] therapy for adrenal or pituitary insufficiency, etc.) is not considered a form of systemic treatment\n\nHas not recovered from adverse events (AEs) due to previous anti-neoplastic or immune-oncology therapy and/or interventions (including radiation) to =< grade 1\n\nParticipants with alopecia and =< grade 2 neuropathy may be eligible\n\nAny live-virus vaccine therapy used for prevention of infectious diseases administered within 4 weeks prior to NBTXR3 injection\n\nExcept killed-virus Influenza vaccine\nException of other vaccines (e.g. pneumonia) is at the discretion of the treating physician after conducting a personalized risk assessment on a case by case basis\nPrior allogenic stem cell transplantation or organ allograft\nKnown contraindication to iodine-based or gadolinium-based IV contrast\nActive malignancy, in addition to head and neck carcinoma, with the exception of basal cell carcinoma of the skin definitively treated and relapse free within at least 1 year since diagnosis or low risk prostate cancer\nUncontrolled intercurrent illness including, but not limited to, ongoing or active infection, symptomatic congestive heart failure, unstable angina pectoris, renal failure, cardiac arrhythmia, or psychiatric illness that would limit compliance with treatment\nKnown active, uncontrolled (high viral load) human immunodeficiency virus (HIV) or hepatitis B or hepatitis C infection\nFemale patients who are pregnant or breastfeeding\n\nWomen of child-bearing potential and their male partners who are unwilling or unable to use an acceptable method of birth control to avoid pregnancy for the entire study period and up to 6 months, for females, and 220 days for males after the last dose of pembrolizumab\n\nAcceptable methods of contraception are those that, alone or in combination, result in a failure rate of < 1% per year when used consistently and correctly\nAny condition for which, in the opinion of the investigator, participation would not be in the best interest of the participant (e.g., compromise the well-being) or that could prevent, limit, or confound the protocol-specified assessments",
          "HealthyVolunteers":"No",
          "Gender":"All",
          "MinimumAge":"18 Years",
          "StdAgeList":{
            "StdAge":[
              "Adult",
              "Older Adult"
            ]
          }
        },
        "ContactsLocationsModule":{
          "OverallOfficialList":{
            "OverallOfficial":[
              {
                "OverallOfficialName":"Jack Phan",
                "OverallOfficialAffiliation":"M.D. Anderson Cancer Center",
                "OverallOfficialRole":"Principal Investigator"
              }
            ]
          },
          "LocationList":{
            "Location":[
              {
                "LocationFacility":"M D Anderson Cancer Center",
                "LocationStatus":"Recruiting",
                "LocationCity":"Houston",
                "LocationState":"Texas",
                "LocationZip":"77030",
                "LocationCountry":"United States",
                "LocationContactList":{
                  "LocationContact":[
                    {
                      "LocationContactName":"Jack Phan",
                      "LocationContactRole":"Contact",
                      "LocationContactPhone":"713-792-2121",
                      "LocationContactEMail":"JPhan@mdanderson.org"
                    },{
                      "LocationContactName":"Jack Phan",
                      "LocationContactRole":"Principal Investigator"
                    }
                  ]
                }
              }
            ]
          }
        }
      },
      "DerivedSection":{
        "MiscInfoModule":{
          "VersionHolder":"April 19, 2021"
        },
        "ConditionBrowseModule":{
          "ConditionMeshList":{
            "ConditionMesh":[
              {
                "ConditionMeshId":"D000002277",
                "ConditionMeshTerm":"Carcinoma"
              },{
                "ConditionMeshId":"D000002294",
                "ConditionMeshTerm":"Carcinoma, Squamous Cell"
              },{
                "ConditionMeshId":"D000077195",
                "ConditionMeshTerm":"Squamous Cell Carcinoma of Head and Neck"
              }
            ]
          },
          "ConditionAncestorList":{
            "ConditionAncestor":[
              {
                "ConditionAncestorId":"D000009375",
                "ConditionAncestorTerm":"Neoplasms, Glandular and Epithelial"
              },{
                "ConditionAncestorId":"D000009370",
                "ConditionAncestorTerm":"Neoplasms by Histologic Type"
              },{
                "ConditionAncestorId":"D000009369",
                "ConditionAncestorTerm":"Neoplasms"
              },{
                "ConditionAncestorId":"D000018307",
                "ConditionAncestorTerm":"Neoplasms, Squamous Cell"
              },{
                "ConditionAncestorId":"D000006258",
                "ConditionAncestorTerm":"Head and Neck Neoplasms"
              },{
                "ConditionAncestorId":"D000009371",
                "ConditionAncestorTerm":"Neoplasms by Site"
              }
            ]
          },
          "ConditionBrowseLeafList":{
            "ConditionBrowseLeaf":[
              {
                "ConditionBrowseLeafId":"M4116",
                "ConditionBrowseLeafName":"Carcinoma",
                "ConditionBrowseLeafAsFound":"Carcinoma",
                "ConditionBrowseLeafRelevance":"high"
              },{
                "ConditionBrowseLeafId":"M1689",
                "ConditionBrowseLeafName":"Squamous Cell Carcinoma of Head and Neck",
                "ConditionBrowseLeafAsFound":"Head and Neck Squamous Cell Carcinoma",
                "ConditionBrowseLeafRelevance":"high"
              },{
                "ConditionBrowseLeafId":"M4132",
                "ConditionBrowseLeafName":"Carcinoma, Squamous Cell",
                "ConditionBrowseLeafAsFound":"Squamous Cell Carcinoma",
                "ConditionBrowseLeafRelevance":"high"
              },{
                "ConditionBrowseLeafId":"M10903",
                "ConditionBrowseLeafName":"Neoplasms, Glandular and Epithelial",
                "ConditionBrowseLeafRelevance":"low"
              },{
                "ConditionBrowseLeafId":"M10898",
                "ConditionBrowseLeafName":"Neoplasms by Histologic Type",
                "ConditionBrowseLeafRelevance":"low"
              },{
                "ConditionBrowseLeafId":"M19035",
                "ConditionBrowseLeafName":"Neoplasms, Squamous Cell",
                "ConditionBrowseLeafRelevance":"low"
              },{
                "ConditionBrowseLeafId":"M7931",
                "ConditionBrowseLeafName":"Head and Neck Neoplasms",
                "ConditionBrowseLeafRelevance":"low"
              }
            ]
          },
          "ConditionBrowseBranchList":{
            "ConditionBrowseBranch":[
              {
                "ConditionBrowseBranchAbbrev":"BC04",
                "ConditionBrowseBranchName":"Cancers and Other Neoplasms"
              },{
                "ConditionBrowseBranchAbbrev":"All",
                "ConditionBrowseBranchName":"All Conditions"
              }
            ]
          }
        },
        "InterventionBrowseModule":{
          "InterventionMeshList":{
            "InterventionMesh":[
              {
                "InterventionMeshId":"C000582435",
                "InterventionMeshTerm":"Pembrolizumab"
              }
            ]
          },
          "InterventionAncestorList":{
            "InterventionAncestor":[
              {
                "InterventionAncestorId":"D000074322",
                "InterventionAncestorTerm":"Antineoplastic Agents, Immunological"
              },{
                "InterventionAncestorId":"D000000970",
                "InterventionAncestorTerm":"Antineoplastic Agents"
              }
            ]
          },
          "InterventionBrowseLeafList":{
            "InterventionBrowseLeaf":[
              {
                "InterventionBrowseLeafId":"M262566",
                "InterventionBrowseLeafName":"Pembrolizumab",
                "InterventionBrowseLeafAsFound":"Protocol",
                "InterventionBrowseLeafRelevance":"high"
              },{
                "InterventionBrowseLeafId":"M1346",
                "InterventionBrowseLeafName":"Antineoplastic Agents, Immunological",
                "InterventionBrowseLeafRelevance":"low"
              }
            ]
          },
          "InterventionBrowseBranchList":{
            "InterventionBrowseBranch":[
              {
                "InterventionBrowseBranchAbbrev":"ANeo",
                "InterventionBrowseBranchName":"Antineoplastic Agents"
              },{
                "InterventionBrowseBranchAbbrev":"All",
                "InterventionBrowseBranchName":"All Drugs and Chemicals"
              }
            ]
          }
        }
      }
    }
  }
}

