{
  "FullStudy":{
    "Rank":1101,
    "Study":{
      "ProtocolSection":{
        "IdentificationModule":{
          "NCTId":"NCT04835636",
          "OrgStudyIdInfo":{
            "OrgStudyId":"OHTU2021"
          },
          "Organization":{
            "OrgFullName":"Ohio University",
            "OrgClass":"OTHER"
          },
          "BriefTitle":"Modified Diabetes Prevention Program in Ecuador",
          "OfficialTitle":"A Pilot of a Modified Diabetes Prevention Program in Quito, Ecuador"
        },
        "StatusModule":{
          "StatusVerifiedDate":"April 2021",
          "OverallStatus":"Completed",
          "ExpandedAccessInfo":{
            "HasExpandedAccess":"No"
          },
          "StartDateStruct":{
            "StartDate":"January 1, 2016",
            "StartDateType":"Actual"
          },
          "PrimaryCompletionDateStruct":{
            "PrimaryCompletionDate":"September 1, 2016",
            "PrimaryCompletionDateType":"Actual"
          },
          "CompletionDateStruct":{
            "CompletionDate":"September 1, 2016",
            "CompletionDateType":"Actual"
          },
          "StudyFirstSubmitDate":"April 4, 2021",
          "StudyFirstSubmitQCDate":"April 6, 2021",
          "StudyFirstPostDateStruct":{
            "StudyFirstPostDate":"April 8, 2021",
            "StudyFirstPostDateType":"Actual"
          },
          "LastUpdateSubmitDate":"April 6, 2021",
          "LastUpdatePostDateStruct":{
            "LastUpdatePostDate":"April 8, 2021",
            "LastUpdatePostDateType":"Actual"
          }
        },
        "SponsorCollaboratorsModule":{
          "ResponsibleParty":{
            "ResponsiblePartyType":"Sponsor"
          },
          "LeadSponsor":{
            "LeadSponsorName":"Ohio University",
            "LeadSponsorClass":"OTHER"
          },
          "CollaboratorList":{
            "Collaborator":[
              {
                "CollaboratorName":"Touro University, California",
                "CollaboratorClass":"OTHER"
              }
            ]
          }
        },
        "OversightModule":{
          "OversightHasDMC":"No",
          "IsFDARegulatedDrug":"No",
          "IsFDARegulatedDevice":"No"
        },
        "DescriptionModule":{
          "BriefSummary":"This pilot study will evaluate the use of a modified (cultural and language) adaptation of the National Diabetes Prevention Program in a cohort in Quito Ecuador.",
          "DetailedDescription":"This pilot study will evaluate the use of a modified (cultural and language) adaptation of the National Diabetes Prevention Program in a cohort in Quito Ecuador.\n\nAdaptations- the coaches will be physicians from PUCE and they will administer this program for eligible employees who have biochemical prediabetes.\n\nThe program will be modified to be able to fit within the school curriculum. The diabetes prevention program will be offered in Spanish and the content modified to better fit the cultural norms for the Quito Ecuador population.\n\nParticipants will be adults with prediabetes as screened by the CDC Diabetes Risk Test and confirmed by HbA1c.\n\nOutcome measures will include change in mean HbA1c, change in weight, physical activity, and attendance to the program."
        },
        "ConditionsModule":{
          "ConditionList":{
            "Condition":[
              "PreDiabetes"
            ]
          }
        },
        "DesignModule":{
          "StudyType":"Observational",
          "PatientRegistry":"Yes",
          "TargetDuration":"6 Months",
          "DesignInfo":{
            "DesignObservationalModelList":{
              "DesignObservationalModel":[
                "Cohort"
              ]
            },
            "DesignTimePerspectiveList":{
              "DesignTimePerspective":[
                "Prospective"
              ]
            }
          },
          "EnrollmentInfo":{
            "EnrollmentCount":"33",
            "EnrollmentType":"Actual"
          }
        },
        "ArmsInterventionsModule":{
          "InterventionList":{
            "Intervention":[
              {
                "InterventionType":"Behavioral",
                "InterventionName":"Diabetes Prevention Program",
                "InterventionDescription":"This program is a 1 year lifestyle modification program focused on reducing calories and fat calories and increasing physical activity to achieve a 7% weight loss. This study utilized the first 16 sessions (6 months) of the program"
              }
            ]
          }
        },
        "OutcomesModule":{
          "PrimaryOutcomeList":{
            "PrimaryOutcome":[
              {
                "PrimaryOutcomeMeasure":"HbA1c",
                "PrimaryOutcomeDescription":"measure of glucose over 90-120 days",
                "PrimaryOutcomeTimeFrame":"90-120 days"
              }
            ]
          },
          "SecondaryOutcomeList":{
            "SecondaryOutcome":[
              {
                "SecondaryOutcomeMeasure":"Weight change",
                "SecondaryOutcomeDescription":"change in weight over the 6 month program",
                "SecondaryOutcomeTimeFrame":"6 months"
              }
            ]
          }
        },
        "EligibilityModule":{
          "EligibilityCriteria":"Inclusion Criteria: Adults who worked at the university and had biochemical prediabetes.\n\n-\n\nExclusion Criteria: Those with known diabetes, those unwilling to complete a 6 month intervention.\n\n-",
          "Gender":"All",
          "MinimumAge":"18 Years",
          "StdAgeList":{
            "StdAge":[
              "Adult",
              "Older Adult"
            ]
          },
          "StudyPopulation":"The faculty and staff at PUCE University in Quito Ecuador were invited to participate in the study.",
          "SamplingMethod":"Non-Probability Sample"
        },
        "ContactsLocationsModule":{
          "OverallOfficialList":{
            "OverallOfficial":[
              {
                "OverallOfficialName":"Jay H Shubrook, DO",
                "OverallOfficialAffiliation":"Ohio University/Touro University California",
                "OverallOfficialRole":"Study Director"
              }
            ]
          }
        },
        "IPDSharingStatementModule":{
          "IPDSharing":"No",
          "IPDSharingDescription":"We will not share any patient identifier information with anyone outside the study."
        }
      },
      "DerivedSection":{
        "MiscInfoModule":{
          "VersionHolder":"April 19, 2021"
        },
        "ConditionBrowseModule":{
          "ConditionMeshList":{
            "ConditionMesh":[
              {
                "ConditionMeshId":"D000011236",
                "ConditionMeshTerm":"Prediabetic State"
              }
            ]
          },
          "ConditionAncestorList":{
            "ConditionAncestor":[
              {
                "ConditionAncestorId":"D000003920",
                "ConditionAncestorTerm":"Diabetes Mellitus"
              },{
                "ConditionAncestorId":"D000044882",
                "ConditionAncestorTerm":"Glucose Metabolism Disorders"
              },{
                "ConditionAncestorId":"D000008659",
                "ConditionAncestorTerm":"Metabolic Diseases"
              },{
                "ConditionAncestorId":"D000004700",
                "ConditionAncestorTerm":"Endocrine System Diseases"
              }
            ]
          },
          "ConditionBrowseLeafList":{
            "ConditionBrowseLeaf":[
              {
                "ConditionBrowseLeafId":"M5698",
                "ConditionBrowseLeafName":"Diabetes Mellitus",
                "ConditionBrowseLeafRelevance":"low"
              },{
                "ConditionBrowseLeafId":"M12700",
                "ConditionBrowseLeafName":"Prediabetic State",
                "ConditionBrowseLeafAsFound":"Prediabetes",
                "ConditionBrowseLeafRelevance":"high"
              },{
                "ConditionBrowseLeafId":"M18878",
                "ConditionBrowseLeafName":"Glucose Intolerance",
                "ConditionBrowseLeafRelevance":"low"
              },{
                "ConditionBrowseLeafId":"M10222",
                "ConditionBrowseLeafName":"Metabolic Diseases",
                "ConditionBrowseLeafRelevance":"low"
              },{
                "ConditionBrowseLeafId":"M23990",
                "ConditionBrowseLeafName":"Glucose Metabolism Disorders",
                "ConditionBrowseLeafRelevance":"low"
              },{
                "ConditionBrowseLeafId":"M6445",
                "ConditionBrowseLeafName":"Endocrine System Diseases",
                "ConditionBrowseLeafRelevance":"low"
              }
            ]
          },
          "ConditionBrowseBranchList":{
            "ConditionBrowseBranch":[
              {
                "ConditionBrowseBranchAbbrev":"BC18",
                "ConditionBrowseBranchName":"Nutritional and Metabolic Diseases"
              },{
                "ConditionBrowseBranchAbbrev":"BC19",
                "ConditionBrowseBranchName":"Gland and Hormone Related Diseases"
              },{
                "ConditionBrowseBranchAbbrev":"All",
                "ConditionBrowseBranchName":"All Conditions"
              }
            ]
          }
        }
      }
    }
  }
}

