{
  "FullStudy":{
    "Rank":1267,
    "Study":{
      "ProtocolSection":{
        "IdentificationModule":{
          "NCTId":"NCT04833478",
          "OrgStudyIdInfo":{
            "OrgStudyId":"Paeds Anxiety"
          },
          "Organization":{
            "OrgFullName":"Altamash Institute of Dental Medicine",
            "OrgClass":"OTHER"
          },
          "BriefTitle":"Comparison of Efficacy of Little Lovely Dentist, Dental Song and Tell-show-do Techniques in Alleviating Dental Anxiety in Paediatric Patients",
          "OfficialTitle":"Comparison of Efficacy of Little Lovely Dentist, Dental Song and Tell-show-do Techniques in Alleviating Dental Anxiety in Paediatric Patients -A Single Blind Randomized Controlled Trial"
        },
        "StatusModule":{
          "StatusVerifiedDate":"April 2021",
          "OverallStatus":"Completed",
          "ExpandedAccessInfo":{
            "HasExpandedAccess":"No"
          },
          "StartDateStruct":{
            "StartDate":"August 1, 2020",
            "StartDateType":"Actual"
          },
          "PrimaryCompletionDateStruct":{
            "PrimaryCompletionDate":"December 31, 2020",
            "PrimaryCompletionDateType":"Actual"
          },
          "CompletionDateStruct":{
            "CompletionDate":"December 31, 2020",
            "CompletionDateType":"Actual"
          },
          "StudyFirstSubmitDate":"March 16, 2021",
          "StudyFirstSubmitQCDate":"April 2, 2021",
          "StudyFirstPostDateStruct":{
            "StudyFirstPostDate":"April 6, 2021",
            "StudyFirstPostDateType":"Actual"
          },
          "LastUpdateSubmitDate":"April 2, 2021",
          "LastUpdatePostDateStruct":{
            "LastUpdatePostDate":"April 6, 2021",
            "LastUpdatePostDateType":"Actual"
          }
        },
        "SponsorCollaboratorsModule":{
          "ResponsibleParty":{
            "ResponsiblePartyType":"Principal Investigator",
            "ResponsiblePartyInvestigatorFullName":"Hira Abbasi",
            "ResponsiblePartyInvestigatorTitle":"Principal Investigator",
            "ResponsiblePartyInvestigatorAffiliation":"Altamash Institute of Dental Medicine"
          },
          "LeadSponsor":{
            "LeadSponsorName":"Altamash Institute of Dental Medicine",
            "LeadSponsorClass":"OTHER"
          }
        },
        "OversightModule":{
          "OversightHasDMC":"No",
          "IsFDARegulatedDrug":"No",
          "IsFDARegulatedDevice":"No"
        },
        "DescriptionModule":{
          "BriefSummary":"To evaluate the efficacy of different techniques for the reduction of dental anxiety in pediatric patients. Generally, anxiety amongst paediatric patients is higher as compared to adult patients. So different modalities are used by the dentists in order to reduce the anxiety of such patient to help to make treatment procedures easier and optimal.",
          "DetailedDescription":"Children who suffer from dental anxiety avoid any sort of dental treatment provided to them, which leads to poor oral hygiene, and if unaddressed, problems like missing teeth and decayed teeth further in life develop, and ultimately leading to problems making treatment planning intricate. Children normally follow the footsteps of their parents so it is of importance to consider how to avoid creating dental anxiety among them. If dental anxiety is left untreated, it might persist during adulthood, which eventually will deteriorate the oral health of such patients. Due to the substantial effect of dental anxiety in paediatric patients, many methods have been devised to alleviate or eliminate such anxieties of the patients. This study aimed to employ different strategies and measure heart rate and Facial Image Scale scores to determine their efficacy in reducing paediatric patient's dental anxiety by using these techniques before and after the procedure to compare the effectiveness of each of these techniques."
        },
        "ConditionsModule":{
          "ConditionList":{
            "Condition":[
              "Anxiety",
              "Paediatric",
              "Dental Anxiety",
              "Behaviour"
            ]
          },
          "KeywordList":{
            "Keyword":[
              "Anxiety",
              "Dental Application",
              "Dental Song",
              "Tell-Show-Do",
              "Behaviour"
            ]
          }
        },
        "DesignModule":{
          "StudyType":"Interventional",
          "PhaseList":{
            "Phase":[
              "Not Applicable"
            ]
          },
          "DesignInfo":{
            "DesignAllocation":"Randomized",
            "DesignInterventionModel":"Factorial Assignment",
            "DesignPrimaryPurpose":"Supportive Care",
            "DesignMaskingInfo":{
              "DesignMasking":"Double",
              "DesignWhoMaskedList":{
                "DesignWhoMasked":[
                  "Investigator",
                  "Outcomes Assessor"
                ]
              }
            }
          },
          "EnrollmentInfo":{
            "EnrollmentCount":"120",
            "EnrollmentType":"Actual"
          }
        },
        "ArmsInterventionsModule":{
          "ArmGroupList":{
            "ArmGroup":[
              {
                "ArmGroupLabel":"Application",
                "ArmGroupType":"Experimental",
                "ArmGroupDescription":"Measuring anxiety level of the patients using Facial Image Scale and Pulse Oximeter",
                "ArmGroupInterventionList":{
                  "ArmGroupInterventionName":[
                    "Behavioral: Anxiety"
                  ]
                }
              },{
                "ArmGroupLabel":"Dental Song",
                "ArmGroupType":"Experimental",
                "ArmGroupDescription":"Measuring anxiety level of the patients using Facial Image Scale and Pulse Oximeter",
                "ArmGroupInterventionList":{
                  "ArmGroupInterventionName":[
                    "Behavioral: Anxiety"
                  ]
                }
              },{
                "ArmGroupLabel":"Tell Show Do",
                "ArmGroupType":"Experimental",
                "ArmGroupDescription":"Measuring anxiety level of the patients using Facial Image Scale and Pulse Oximeter",
                "ArmGroupInterventionList":{
                  "ArmGroupInterventionName":[
                    "Behavioral: Anxiety"
                  ]
                }
              }
            ]
          },
          "InterventionList":{
            "Intervention":[
              {
                "InterventionType":"Behavioral",
                "InterventionName":"Anxiety",
                "InterventionDescription":"Techniques used to reduce anxiety in paediatric patients.",
                "InterventionArmGroupLabelList":{
                  "InterventionArmGroupLabel":[
                    "Application",
                    "Dental Song",
                    "Tell Show Do"
                  ]
                }
              }
            ]
          }
        },
        "OutcomesModule":{
          "PrimaryOutcomeList":{
            "PrimaryOutcome":[
              {
                "PrimaryOutcomeMeasure":"Group 1: Little Lovely Dentist App measuring anxiety using pulse oximeter",
                "PrimaryOutcomeDescription":"Measuring Anxiety Levels",
                "PrimaryOutcomeTimeFrame":"5 months"
              },{
                "PrimaryOutcomeMeasure":"Group 1: Little Lovely Dentist App measuring anxiety using facial image scale.",
                "PrimaryOutcomeDescription":"Measuring Anxiety Levels, 1 Minimum value and 5 Maximum value",
                "PrimaryOutcomeTimeFrame":"5 months"
              },{
                "PrimaryOutcomeMeasure":"Group 2: Dental Song measuring anxiety using pulse oximeter",
                "PrimaryOutcomeDescription":"Measuring Anxiety Levels",
                "PrimaryOutcomeTimeFrame":"5 months"
              },{
                "PrimaryOutcomeMeasure":"Group 2: Dental Song measuring anxiety using facial image scale.",
                "PrimaryOutcomeDescription":"Measuring Anxiety Levels, 1 Minimum value and 5 Maximum value",
                "PrimaryOutcomeTimeFrame":"5 months"
              },{
                "PrimaryOutcomeMeasure":"Group 3: Tell-Show-Do measuring anxiety using pulse oximeter",
                "PrimaryOutcomeDescription":"Measuring Anxiety Levels",
                "PrimaryOutcomeTimeFrame":"5 months"
              },{
                "PrimaryOutcomeMeasure":"Group 3: Tell-Show-Do measuring anxiety using facial image scale.",
                "PrimaryOutcomeDescription":"Measuring Anxiety Levels 1 Minimum value and 5 Maximum value",
                "PrimaryOutcomeTimeFrame":"5 months"
              }
            ]
          }
        },
        "EligibilityModule":{
          "EligibilityCriteria":"Inclusion Criteria:\n\nOnly the children age ranged from 4 to 11 years with no positive medical history.\n\nExclusion Criteria:\n\nRest were excluded.",
          "HealthyVolunteers":"Accepts Healthy Volunteers",
          "Gender":"All",
          "GenderBased":"Yes",
          "MinimumAge":"4 Years",
          "MaximumAge":"11 Years",
          "StdAgeList":{
            "StdAge":[
              "Child"
            ]
          }
        },
        "ContactsLocationsModule":{
          "OverallOfficialList":{
            "OverallOfficial":[
              {
                "OverallOfficialName":"Hira Abbasi, BDS, Post Graduate Trainee",
                "OverallOfficialAffiliation":"Altamash Institute of Dental Medicine",
                "OverallOfficialRole":"Principal Investigator"
              }
            ]
          },
          "LocationList":{
            "Location":[
              {
                "LocationFacility":"Altamash Institute of Dental Medicine",
                "LocationCity":"Karachi",
                "LocationState":"Sindh",
                "LocationZip":"75500",
                "LocationCountry":"Pakistan"
              }
            ]
          }
        }
      },
      "DerivedSection":{
        "MiscInfoModule":{
          "VersionHolder":"April 19, 2021"
        },
        "ConditionBrowseModule":{
          "ConditionMeshList":{
            "ConditionMesh":[
              {
                "ConditionMeshId":"D000001008",
                "ConditionMeshTerm":"Anxiety Disorders"
              }
            ]
          },
          "ConditionAncestorList":{
            "ConditionAncestor":[
              {
                "ConditionAncestorId":"D000001523",
                "ConditionAncestorTerm":"Mental Disorders"
              }
            ]
          },
          "ConditionBrowseLeafList":{
            "ConditionBrowseLeaf":[
              {
                "ConditionBrowseLeafId":"M2905",
                "ConditionBrowseLeafName":"Anxiety Disorders",
                "ConditionBrowseLeafAsFound":"Anxiety",
                "ConditionBrowseLeafRelevance":"high"
              },{
                "ConditionBrowseLeafId":"M3396",
                "ConditionBrowseLeafName":"Mental Disorders",
                "ConditionBrowseLeafRelevance":"low"
              },{
                "ConditionBrowseLeafId":"M13056",
                "ConditionBrowseLeafName":"Psychotic Disorders",
                "ConditionBrowseLeafRelevance":"low"
              }
            ]
          },
          "ConditionBrowseBranchList":{
            "ConditionBrowseBranch":[
              {
                "ConditionBrowseBranchAbbrev":"BXM",
                "ConditionBrowseBranchName":"Behaviors and Mental Disorders"
              },{
                "ConditionBrowseBranchAbbrev":"All",
                "ConditionBrowseBranchName":"All Conditions"
              }
            ]
          }
        }
      }
    }
  }
}

