{
  "FullStudy":{
    "Rank":1465,
    "Study":{
      "ProtocolSection":{
        "IdentificationModule":{
          "NCTId":"NCT04830904",
          "OrgStudyIdInfo":{
            "OrgStudyId":"760"
          },
          "Organization":{
            "OrgFullName":"IRCCS Eugenio Medea",
            "OrgClass":"OTHER"
          },
          "BriefTitle":"Efficacy of Lycra Garments in Ataxic Subjects",
          "OfficialTitle":"Efficacy of Lycra Garments in Ataxic Subjects"
        },
        "StatusModule":{
          "StatusVerifiedDate":"March 2021",
          "OverallStatus":"Recruiting",
          "ExpandedAccessInfo":{
            "HasExpandedAccess":"No"
          },
          "StartDateStruct":{
            "StartDate":"August 3, 2020",
            "StartDateType":"Actual"
          },
          "PrimaryCompletionDateStruct":{
            "PrimaryCompletionDate":"May 21, 2021",
            "PrimaryCompletionDateType":"Anticipated"
          },
          "CompletionDateStruct":{
            "CompletionDate":"May 21, 2021",
            "CompletionDateType":"Anticipated"
          },
          "StudyFirstSubmitDate":"March 11, 2021",
          "StudyFirstSubmitQCDate":"March 31, 2021",
          "StudyFirstPostDateStruct":{
            "StudyFirstPostDate":"April 5, 2021",
            "StudyFirstPostDateType":"Actual"
          },
          "LastUpdateSubmitDate":"March 31, 2021",
          "LastUpdatePostDateStruct":{
            "LastUpdatePostDate":"April 5, 2021",
            "LastUpdatePostDateType":"Actual"
          }
        },
        "SponsorCollaboratorsModule":{
          "ResponsibleParty":{
            "ResponsiblePartyType":"Sponsor"
          },
          "LeadSponsor":{
            "LeadSponsorName":"IRCCS Eugenio Medea",
            "LeadSponsorClass":"OTHER"
          }
        },
        "OversightModule":{
          "OversightHasDMC":"No",
          "IsFDARegulatedDrug":"No",
          "IsFDARegulatedDevice":"No"
        },
        "DescriptionModule":{
          "BriefSummary":"The aim of this study iss to analyze the effect of Lycra garments in the axial stabilization in subjects affected by ataxia, both in acquired cerebellar injuries and malformative etiology.\n\nImprovement are expected for what concerns:\n\ngreater stability during stance\nsmoother walking pattern\nreduction of risk of fall.\n\nThe two groups (acquired and malformative) will be compared."
        },
        "ConditionsModule":{
          "ConditionList":{
            "Condition":[
              "Ataxia, Cerebellar"
            ]
          }
        },
        "DesignModule":{
          "StudyType":"Interventional",
          "PhaseList":{
            "Phase":[
              "Not Applicable"
            ]
          },
          "DesignInfo":{
            "DesignAllocation":"N/A",
            "DesignInterventionModel":"Sequential Assignment",
            "DesignPrimaryPurpose":"Supportive Care",
            "DesignMaskingInfo":{
              "DesignMasking":"None (Open Label)"
            }
          },
          "EnrollmentInfo":{
            "EnrollmentCount":"30",
            "EnrollmentType":"Anticipated"
          }
        },
        "ArmsInterventionsModule":{
          "ArmGroupList":{
            "ArmGroup":[
              {
                "ArmGroupLabel":"Use of lycra garments",
                "ArmGroupType":"Experimental",
                "ArmGroupDescription":"the subjects are assessed with and without wearing the device",
                "ArmGroupInterventionList":{
                  "ArmGroupInterventionName":[
                    "Device: personalized Lycra garments"
                  ]
                }
              }
            ]
          },
          "InterventionList":{
            "Intervention":[
              {
                "InterventionType":"Device",
                "InterventionName":"personalized Lycra garments",
                "InterventionDescription":"the subjects wear lycra garments during the assessment time and for some days after the assessment",
                "InterventionArmGroupLabelList":{
                  "InterventionArmGroupLabel":[
                    "Use of lycra garments"
                  ]
                }
              }
            ]
          }
        },
        "OutcomesModule":{
          "PrimaryOutcomeList":{
            "PrimaryOutcome":[
              {
                "PrimaryOutcomeMeasure":"Movement of the center of mass over GRAIL/no device",
                "PrimaryOutcomeDescription":"Balance in static conditions and Walking assessment over GRAIL. GRAIL will be used to track the movement of the Center Of Mass of the patient during 4 repetitions lasting 1 minute",
                "PrimaryOutcomeTimeFrame":"immediately before wearing the lycra garment"
              },{
                "PrimaryOutcomeMeasure":"Movement of the center of mass over GRAIL/ with lycra garments",
                "PrimaryOutcomeDescription":"Balance in static conditions and Walking assessment over GRAIL. GRAIL will be used to track the movement of the Center Of Mass of the patient during 4 repetition lasting 1 minute",
                "PrimaryOutcomeTimeFrame":"immediately after wearing the lycra garment"
              },{
                "PrimaryOutcomeMeasure":"Berg Balance Scale/no device",
                "PrimaryOutcomeDescription":"Berg Balance Scale is a scale to assess the risk of fall and balance failure. It ranges from 0 (worse outcome) to 56 (best outcome)",
                "PrimaryOutcomeTimeFrame":"immediately before wearing the lycra garment"
              },{
                "PrimaryOutcomeMeasure":"Berg Balance Scale/ with lycra garments",
                "PrimaryOutcomeDescription":"Berg Balance Scale is a scale to assess the risk of fall and balance failure. It ranges from 0 (worse outcome) to 56 (best outcome)",
                "PrimaryOutcomeTimeFrame":"immediately after wearing the lycra garment"
              },{
                "PrimaryOutcomeMeasure":"6 Minute Walking Test/no device",
                "PrimaryOutcomeDescription":"a test to assess the walking resistance",
                "PrimaryOutcomeTimeFrame":"immediately before wearing the lycra garment"
              },{
                "PrimaryOutcomeMeasure":"6 Minute Walking Test/ with lycra garments",
                "PrimaryOutcomeDescription":"a test to assess the walking resistance",
                "PrimaryOutcomeTimeFrame":"immediately after wearing the lycra garment"
              },{
                "PrimaryOutcomeMeasure":"Goal Attainment Scaling/no device",
                "PrimaryOutcomeDescription":"Goal Attainment Scaling is a subjective scale that can be defined between clinicians and subjects (or their parents) to identify changes in specific activities. It should be articulated up to 3 goals, and each of them should be scored with values ranging from -2 (worse score) to +2 (better)",
                "PrimaryOutcomeTimeFrame":"immediately before wearing the device"
              },{
                "PrimaryOutcomeMeasure":"Goal Attainment Scaling/ with lycra garments",
                "PrimaryOutcomeDescription":"Goal Attainment Scaling is a subjective scale that can be defined between clinicians and subjects (or their parents) to identify changes in specific activities. It should be articulated up to 3 goals, and each of them should be scored with values ranging from -2 (worse score) to +2 (better)",
                "PrimaryOutcomeTimeFrame":"immediately after wearing the lycra garment"
              }
            ]
          },
          "SecondaryOutcomeList":{
            "SecondaryOutcome":[
              {
                "SecondaryOutcomeMeasure":"Likert tolerability questionaire",
                "SecondaryOutcomeDescription":"a likert tool designed to evaluate the tolerability of the lycra garments",
                "SecondaryOutcomeTimeFrame":"14 days after wearing the lycra garment"
              }
            ]
          }
        },
        "EligibilityModule":{
          "EligibilityCriteria":"Inclusion Criteria:\n\nsubjects recruited must show a framework of ataxia consequent to acquired brain injury or malformative etiology.\nsubjects must be able to walk autonomously without any device\n\nExclusion Criteria:\n\npresence of spasticity or muscular contractures\nsubjects who already used lycra garments",
          "HealthyVolunteers":"No",
          "Gender":"All",
          "MinimumAge":"4 Years",
          "MaximumAge":"14 Years",
          "StdAgeList":{
            "StdAge":[
              "Child"
            ]
          }
        },
        "ContactsLocationsModule":{
          "CentralContactList":{
            "CentralContact":[
              {
                "CentralContactName":"Daniele Panzeri",
                "CentralContactRole":"Contact",
                "CentralContactPhone":"031877878",
                "CentralContactEMail":"daniele.panzeri@lanostrafamiglia.it"
              }
            ]
          },
          "LocationList":{
            "Location":[
              {
                "LocationFacility":"IRCCS E. Medea",
                "LocationStatus":"Recruiting",
                "LocationCity":"Bosisio Parini",
                "LocationState":"Lecco",
                "LocationZip":"23842",
                "LocationCountry":"Italy",
                "LocationContactList":{
                  "LocationContact":[
                    {
                      "LocationContactName":"Daniele Panzeri",
                      "LocationContactRole":"Contact",
                      "LocationContactPhone":"031877878",
                      "LocationContactEMail":"daniele.panzeri@lanostrafamiglia.it"
                    }
                  ]
                }
              }
            ]
          }
        },
        "IPDSharingStatementModule":{
          "IPDSharing":"No"
        }
      },
      "DerivedSection":{
        "MiscInfoModule":{
          "VersionHolder":"April 19, 2021"
        },
        "ConditionBrowseModule":{
          "ConditionMeshList":{
            "ConditionMesh":[
              {
                "ConditionMeshId":"D000001259",
                "ConditionMeshTerm":"Ataxia"
              },{
                "ConditionMeshId":"D000002524",
                "ConditionMeshTerm":"Cerebellar Ataxia"
              }
            ]
          },
          "ConditionAncestorList":{
            "ConditionAncestor":[
              {
                "ConditionAncestorId":"D000020820",
                "ConditionAncestorTerm":"Dyskinesias"
              },{
                "ConditionAncestorId":"D000009461",
                "ConditionAncestorTerm":"Neurologic Manifestations"
              },{
                "ConditionAncestorId":"D000009422",
                "ConditionAncestorTerm":"Nervous System Diseases"
              },{
                "ConditionAncestorId":"D000002526",
                "ConditionAncestorTerm":"Cerebellar Diseases"
              },{
                "ConditionAncestorId":"D000001927",
                "ConditionAncestorTerm":"Brain Diseases"
              },{
                "ConditionAncestorId":"D000002493",
                "ConditionAncestorTerm":"Central Nervous System Diseases"
              }
            ]
          },
          "ConditionBrowseLeafList":{
            "ConditionBrowseLeaf":[
              {
                "ConditionBrowseLeafId":"M3146",
                "ConditionBrowseLeafName":"Ataxia",
                "ConditionBrowseLeafAsFound":"Ataxia, Cerebellar",
                "ConditionBrowseLeafRelevance":"high"
              },{
                "ConditionBrowseLeafId":"M4356",
                "ConditionBrowseLeafName":"Cerebellar Ataxia",
                "ConditionBrowseLeafAsFound":"Ataxia, Cerebellar",
                "ConditionBrowseLeafRelevance":"high"
              },{
                "ConditionBrowseLeafId":"M21158",
                "ConditionBrowseLeafName":"Dyskinesias",
                "ConditionBrowseLeafRelevance":"low"
              },{
                "ConditionBrowseLeafId":"M10987",
                "ConditionBrowseLeafName":"Neurologic Manifestations",
                "ConditionBrowseLeafRelevance":"low"
              },{
                "ConditionBrowseLeafId":"M4358",
                "ConditionBrowseLeafName":"Cerebellar Diseases",
                "ConditionBrowseLeafRelevance":"low"
              },{
                "ConditionBrowseLeafId":"M3786",
                "ConditionBrowseLeafName":"Brain Diseases",
                "ConditionBrowseLeafRelevance":"low"
              },{
                "ConditionBrowseLeafId":"M4325",
                "ConditionBrowseLeafName":"Central Nervous System Diseases",
                "ConditionBrowseLeafRelevance":"low"
              }
            ]
          },
          "ConditionBrowseBranchList":{
            "ConditionBrowseBranch":[
              {
                "ConditionBrowseBranchAbbrev":"BC10",
                "ConditionBrowseBranchName":"Nervous System Diseases"
              },{
                "ConditionBrowseBranchAbbrev":"BC23",
                "ConditionBrowseBranchName":"Symptoms and General Pathology"
              },{
                "ConditionBrowseBranchAbbrev":"All",
                "ConditionBrowseBranchName":"All Conditions"
              }
            ]
          }
        }
      }
    }
  }
}

