{
  "FullStudy":{
    "Rank":1395,
    "Study":{
      "ProtocolSection":{
        "IdentificationModule":{
          "NCTId":"NCT04831814",
          "OrgStudyIdInfo":{
            "OrgStudyId":"61355143"
          },
          "Organization":{
            "OrgFullName":"Prince of Songkla University",
            "OrgClass":"OTHER"
          },
          "BriefTitle":"Narrow Band Imaging in Diagnosis of Colorectal Polyps",
          "OfficialTitle":"Near-focus Versus Normal-focus Narrow Band Imaging Colonoscopy in Diagnosis of Colorectal Polyps Based on Combined NICE and WASP Classification: a Randomized Controlled Trial"
        },
        "StatusModule":{
          "StatusVerifiedDate":"March 2021",
          "OverallStatus":"Completed",
          "ExpandedAccessInfo":{
            "HasExpandedAccess":"No"
          },
          "StartDateStruct":{
            "StartDate":"April 4, 2019",
            "StartDateType":"Actual"
          },
          "PrimaryCompletionDateStruct":{
            "PrimaryCompletionDate":"July 2, 2020",
            "PrimaryCompletionDateType":"Actual"
          },
          "CompletionDateStruct":{
            "CompletionDate":"January 14, 2021",
            "CompletionDateType":"Actual"
          },
          "StudyFirstSubmitDate":"April 1, 2021",
          "StudyFirstSubmitQCDate":"April 2, 2021",
          "StudyFirstPostDateStruct":{
            "StudyFirstPostDate":"April 5, 2021",
            "StudyFirstPostDateType":"Actual"
          },
          "LastUpdateSubmitDate":"April 2, 2021",
          "LastUpdatePostDateStruct":{
            "LastUpdatePostDate":"April 5, 2021",
            "LastUpdatePostDateType":"Actual"
          }
        },
        "SponsorCollaboratorsModule":{
          "ResponsibleParty":{
            "ResponsiblePartyType":"Principal Investigator",
            "ResponsiblePartyInvestigatorFullName":"Nisa Netinatsunton",
            "ResponsiblePartyInvestigatorTitle":"Principal Investigation",
            "ResponsiblePartyInvestigatorAffiliation":"Prince of Songkla University"
          },
          "LeadSponsor":{
            "LeadSponsorName":"Prince of Songkla University",
            "LeadSponsorClass":"OTHER"
          }
        },
        "OversightModule":{
          "OversightHasDMC":"Yes",
          "IsFDARegulatedDrug":"No",
          "IsFDARegulatedDevice":"No"
        },
        "DescriptionModule":{
          "BriefSummary":"Optical diagnosis of colorectal polyps is a promising tool to avoid risks of unnecessary polypectomies and to save costs of tissue pathology. NICE (NBI International Colorectal Endoscopic) and WASP (Workgroup on Serrated Polyps and Polyposis) classification were developed for diagnosis of adenomatous and sessile serrated polyps, respectively.",
          "DetailedDescription":"Near-focus (NF) narrow-band imaging (NBI) is an image-magnifying technology which enables optical magnification of up to 65x in near focus (NF) compared with 52x in normal standard focus (SF) with the simple push of a button of the endoscope to be interchangeable between NF and SF. There were few studies comparing diagnostic accuracy between NF and SF in the diagnosis of colorectal polyps. So, our aim of the current study is to compare accuracy of NF NBI compared with SF NBI in the optical diagnosis of neoplastic and non-neoplastic polyp and the accuracy of NF NBI versus SF NBI in distinguishing serrated adenoma from hyperplastic polyp in sessile lesions using histologic evaluation as the gold standard."
        },
        "ConditionsModule":{
          "ConditionList":{
            "Condition":[
              "Colorectal Polyp",
              "Colorectal Neoplasms"
            ]
          }
        },
        "DesignModule":{
          "StudyType":"Interventional",
          "PhaseList":{
            "Phase":[
              "Not Applicable"
            ]
          },
          "DesignInfo":{
            "DesignAllocation":"Randomized",
            "DesignInterventionModel":"Parallel Assignment",
            "DesignPrimaryPurpose":"Diagnostic",
            "DesignMaskingInfo":{
              "DesignMasking":"None (Open Label)"
            }
          },
          "EnrollmentInfo":{
            "EnrollmentCount":"118",
            "EnrollmentType":"Actual"
          }
        },
        "ArmsInterventionsModule":{
          "ArmGroupList":{
            "ArmGroup":[
              {
                "ArmGroupLabel":"Near Focus NBI",
                "ArmGroupType":"Experimental",
                "ArmGroupDescription":"Use of the Near Focus NBI to make optical diagnosis",
                "ArmGroupInterventionList":{
                  "ArmGroupInterventionName":[
                    "Diagnostic Test: Near Focus NBI"
                  ]
                }
              },{
                "ArmGroupLabel":"Standard Focus NBI",
                "ArmGroupType":"Active Comparator",
                "ArmGroupDescription":"Use of the Standard Focus NBI to make optical diagnosis",
                "ArmGroupInterventionList":{
                  "ArmGroupInterventionName":[
                    "Diagnostic Test: Standard Focus NBI"
                  ]
                }
              }
            ]
          },
          "InterventionList":{
            "Intervention":[
              {
                "InterventionType":"Diagnostic Test",
                "InterventionName":"Near Focus NBI",
                "InterventionDescription":"Colonoscopy with near focus narrowing band imaging technology . Optical specifications include a 2 mm near field focal depth. Optical diagnosis of polyps were according to NICE and WASP, respectively.",
                "InterventionArmGroupLabelList":{
                  "InterventionArmGroupLabel":[
                    "Near Focus NBI"
                  ]
                }
              },{
                "InterventionType":"Diagnostic Test",
                "InterventionName":"Standard Focus NBI",
                "InterventionDescription":"Colonoscopy with narrow band imaging technology.Optical diagnosis of polyps were according to NICE and WASP, respectively.",
                "InterventionArmGroupLabelList":{
                  "InterventionArmGroupLabel":[
                    "Standard Focus NBI"
                  ]
                }
              }
            ]
          }
        },
        "OutcomesModule":{
          "PrimaryOutcomeList":{
            "PrimaryOutcome":[
              {
                "PrimaryOutcomeMeasure":"Rate of accurate polyp histology predictions by the Endoscopists in the two groups.",
                "PrimaryOutcomeDescription":"Measure of the percentage of accurate predictions by the endoscopists in the differentiation of neoplastic from non neoplastic colorectal lesions, using the high definition NBI colonoscopy with and without near focus features",
                "PrimaryOutcomeTimeFrame":"At the time of procedure"
              },{
                "PrimaryOutcomeMeasure":"Rate of accurate diagnosis of sessile serrated polyps/adenoma by the Endoscopists in the two groups.",
                "PrimaryOutcomeDescription":"Measure of the percentage od accurate predictions by the endoscopists in the differentiation of sessile serrated polyps/adenoma from hyperplastic polyps, using the high definition NBI colonoscopy with and without near focus features.",
                "PrimaryOutcomeTimeFrame":"At the time of procedure"
              }
            ]
          },
          "SecondaryOutcomeList":{
            "SecondaryOutcome":[
              {
                "SecondaryOutcomeMeasure":"The polyp detection rate",
                "SecondaryOutcomeDescription":"The prevalence of patients with at least one polyp was detected",
                "SecondaryOutcomeTimeFrame":"At the time of procedure"
              },{
                "SecondaryOutcomeMeasure":"The adenoma detection rate",
                "SecondaryOutcomeDescription":"The prevalence of patients with at least one adenoma was detected",
                "SecondaryOutcomeTimeFrame":"At the time of procedure"
              },{
                "SecondaryOutcomeMeasure":"Diagnostic Characteristics",
                "SecondaryOutcomeDescription":"Compare the diagnostic characteristic (sensitivity, specificity, positive predictive value and negative predictive value) using the high definition narrow band imaging colonoscopy with and without near focus features.",
                "SecondaryOutcomeTimeFrame":"At the time of procedure"
              }
            ]
          }
        },
        "EligibilityModule":{
          "EligibilityCriteria":"Inclusion Criteria:\n\nPatients who were scheduled for colonoscopy at NKC institute\n\nExclusion Criteria:\n\nInflammatory bowel disease\nPolyposis syndrome\nColorectal cancer\nActive gastrointestinal bleeding\nPregnant woman\nInadequate bowel preparation\nContraindication for polyps removallll",
          "HealthyVolunteers":"No",
          "Gender":"All",
          "MinimumAge":"18 Years",
          "MaximumAge":"75 Years",
          "StdAgeList":{
            "StdAge":[
              "Adult",
              "Older Adult"
            ]
          }
        },
        "ContactsLocationsModule":{
          "OverallOfficialList":{
            "OverallOfficial":[
              {
                "OverallOfficialName":"NISA NETINATSUNTON, MD.",
                "OverallOfficialAffiliation":"NKC Institute of Gastroenterology and Hepatology, Prince of Songkla University",
                "OverallOfficialRole":"Principal Investigator"
              }
            ]
          },
          "LocationList":{
            "Location":[
              {
                "LocationFacility":"Prince Songkla University",
                "LocationCity":"Hat Yai",
                "LocationState":"Songkhla",
                "LocationZip":"90110",
                "LocationCountry":"Thailand"
              }
            ]
          }
        }
      },
      "DerivedSection":{
        "MiscInfoModule":{
          "VersionHolder":"April 19, 2021"
        },
        "ConditionBrowseModule":{
          "ConditionMeshList":{
            "ConditionMesh":[
              {
                "ConditionMeshId":"D000015179",
                "ConditionMeshTerm":"Colorectal Neoplasms"
              },{
                "ConditionMeshId":"D000011127",
                "ConditionMeshTerm":"Polyps"
              }
            ]
          },
          "ConditionAncestorList":{
            "ConditionAncestor":[
              {
                "ConditionAncestorId":"D000020763",
                "ConditionAncestorTerm":"Pathological Conditions, Anatomical"
              },{
                "ConditionAncestorId":"D000007414",
                "ConditionAncestorTerm":"Intestinal Neoplasms"
              },{
                "ConditionAncestorId":"D000005770",
                "ConditionAncestorTerm":"Gastrointestinal Neoplasms"
              },{
                "ConditionAncestorId":"D000004067",
                "ConditionAncestorTerm":"Digestive System Neoplasms"
              },{
                "ConditionAncestorId":"D000009371",
                "ConditionAncestorTerm":"Neoplasms by Site"
              },{
                "ConditionAncestorId":"D000009369",
                "ConditionAncestorTerm":"Neoplasms"
              },{
                "ConditionAncestorId":"D000004066",
                "ConditionAncestorTerm":"Digestive System Diseases"
              },{
                "ConditionAncestorId":"D000005767",
                "ConditionAncestorTerm":"Gastrointestinal Diseases"
              },{
                "ConditionAncestorId":"D000003108",
                "ConditionAncestorTerm":"Colonic Diseases"
              },{
                "ConditionAncestorId":"D000007410",
                "ConditionAncestorTerm":"Intestinal Diseases"
              },{
                "ConditionAncestorId":"D000012002",
                "ConditionAncestorTerm":"Rectal Diseases"
              }
            ]
          },
          "ConditionBrowseLeafList":{
            "ConditionBrowseLeaf":[
              {
                "ConditionBrowseLeafId":"M16473",
                "ConditionBrowseLeafName":"Colorectal Neoplasms",
                "ConditionBrowseLeafAsFound":"Colorectal Neoplasms",
                "ConditionBrowseLeafRelevance":"high"
              },{
                "ConditionBrowseLeafId":"M12594",
                "ConditionBrowseLeafName":"Polyps",
                "ConditionBrowseLeafAsFound":"Polyps",
                "ConditionBrowseLeafRelevance":"high"
              },{
                "ConditionBrowseLeafId":"M21103",
                "ConditionBrowseLeafName":"Pathological Conditions, Anatomical",
                "ConditionBrowseLeafRelevance":"low"
              },{
                "ConditionBrowseLeafId":"M9031",
                "ConditionBrowseLeafName":"Intestinal Neoplasms",
                "ConditionBrowseLeafRelevance":"low"
              },{
                "ConditionBrowseLeafId":"M7469",
                "ConditionBrowseLeafName":"Gastrointestinal Neoplasms",
                "ConditionBrowseLeafRelevance":"low"
              },{
                "ConditionBrowseLeafId":"M5839",
                "ConditionBrowseLeafName":"Digestive System Neoplasms",
                "ConditionBrowseLeafRelevance":"low"
              },{
                "ConditionBrowseLeafId":"M5838",
                "ConditionBrowseLeafName":"Digestive System Diseases",
                "ConditionBrowseLeafRelevance":"low"
              },{
                "ConditionBrowseLeafId":"M7466",
                "ConditionBrowseLeafName":"Gastrointestinal Diseases",
                "ConditionBrowseLeafRelevance":"low"
              },{
                "ConditionBrowseLeafId":"M4919",
                "ConditionBrowseLeafName":"Colonic Diseases",
                "ConditionBrowseLeafRelevance":"low"
              },{
                "ConditionBrowseLeafId":"M9027",
                "ConditionBrowseLeafName":"Intestinal Diseases",
                "ConditionBrowseLeafRelevance":"low"
              },{
                "ConditionBrowseLeafId":"M13427",
                "ConditionBrowseLeafName":"Rectal Diseases",
                "ConditionBrowseLeafRelevance":"low"
              }
            ]
          },
          "ConditionBrowseBranchList":{
            "ConditionBrowseBranch":[
              {
                "ConditionBrowseBranchAbbrev":"BC04",
                "ConditionBrowseBranchName":"Cancers and Other Neoplasms"
              },{
                "ConditionBrowseBranchAbbrev":"BC06",
                "ConditionBrowseBranchName":"Digestive System Diseases"
              },{
                "ConditionBrowseBranchAbbrev":"All",
                "ConditionBrowseBranchName":"All Conditions"
              },{
                "ConditionBrowseBranchAbbrev":"BC23",
                "ConditionBrowseBranchName":"Symptoms and General Pathology"
              }
            ]
          }
        }
      }
    }
  }
}

