{
  "FullStudy":{
    "Rank":1276,
    "Study":{
      "ProtocolSection":{
        "IdentificationModule":{
          "NCTId":"NCT04833361",
          "OrgStudyIdInfo":{
            "OrgStudyId":"10000366"
          },
          "SecondaryIdInfoList":{
            "SecondaryIdInfo":[
              {
                "SecondaryId":"000366-EI"
              }
            ]
          },
          "Organization":{
            "OrgFullName":"National Institutes of Health Clinical Center (CC)",
            "OrgClass":"NIH"
          },
          "BriefTitle":"Potential Environmental Causes of Uveal Coloboma",
          "OfficialTitle":"Pilot Evaluation of Potential Environmental Causes of Uveal Coloboma"
        },
        "StatusModule":{
          "StatusVerifiedDate":"March 25, 2021",
          "OverallStatus":"Enrolling by invitation",
          "ExpandedAccessInfo":{
            "HasExpandedAccess":"No"
          },
          "StartDateStruct":{
            "StartDate":"April 22, 2021",
            "StartDateType":"Anticipated"
          },
          "PrimaryCompletionDateStruct":{
            "PrimaryCompletionDate":"July 21, 2022",
            "PrimaryCompletionDateType":"Anticipated"
          },
          "CompletionDateStruct":{
            "CompletionDate":"July 21, 2022",
            "CompletionDateType":"Anticipated"
          },
          "StudyFirstSubmitDate":"April 5, 2021",
          "StudyFirstSubmitQCDate":"April 5, 2021",
          "StudyFirstPostDateStruct":{
            "StudyFirstPostDate":"April 6, 2021",
            "StudyFirstPostDateType":"Actual"
          },
          "LastUpdateSubmitDate":"April 16, 2021",
          "LastUpdatePostDateStruct":{
            "LastUpdatePostDate":"April 19, 2021",
            "LastUpdatePostDateType":"Estimate"
          }
        },
        "SponsorCollaboratorsModule":{
          "ResponsibleParty":{
            "ResponsiblePartyType":"Sponsor"
          },
          "LeadSponsor":{
            "LeadSponsorName":"National Eye Institute (NEI)",
            "LeadSponsorClass":"NIH"
          }
        },
        "OversightModule":{
          "IsFDARegulatedDrug":"No",
          "IsFDARegulatedDevice":"No"
        },
        "DescriptionModule":{
          "BriefSummary":"Background:\n\nUveal coloboma is a congenital eye malformation. It is thought to be a genetic condition. But it might have environmental causes as well. Researchers want to study the mothers of children with coloboma. They will use parts of the National Birth Defects Prevention Study (NBDPS) Mother Questionnaire. NBDPS was a large study of birth defects. It collected data from 1997 to 2011. Researchers will use NBDPS and NIH data as well as the new survey to produce data that can serve as a basis for further study.\n\nObjective:\n\nTo explore maternal factors and exposures during the first trimester of pregnancy as potential causes of uveal coloboma and to correlate exposure data to clinical data from affected children.\n\nEligibility:\n\nMothers of probands with coloboma who have taken part in NIH study 06-EI-0230, 04-EI-0039, or 13-EI-0049.\n\nDesign:\n\nThis is a hybrid study. It will use existing data from NBDPS and NIH studies. It will also use NBDPS for a new survey of mothers of children with coloboma.\n\nParticipants will take the survey by phone. Their pregnancy records may be reviewed. They will be asked about:\n\nImportant dates\n\nHealth and medicines\n\nTobacco, alcohol, and substance use\n\nParents occupations\n\nFamily demographics.\n\nThe survey will take 1 hour or less to complete.\n\nSome data were obtained in past NIH studies. These data are largely from children. Some family data may be used as well. For example, eye exam data, gene test results, and family history of coloboma may be used. If a participant did not consent to the future use of their data, then their data will not be used.\n\nData will be stored in a secure NIH database.\n\n...",
          "DetailedDescription":"Uveal coloboma is a rare, potentially-blinding congenital eye malformation due to failure of the optic fissure to close during the 5th week of human gestation. Although coloboma is thought to have a significant genetic component, the yield of systematic screening of known causative genes remains low. Environmental causes for coloboma have been suggested, yet few to none have been proven and most studies have not been undertaken in the United States6-8. Potential environmental causes include maternal nutritional deficiencies, drug exposure (including alcohol), and endocrine abnormalities8. Some reports are conflicting (e.g., maternal diabetes) and some associations have been suggested by animal models, but not explored in humans . Most human studies are level III and IV evidence by the Agency for Healthcare Research and Quality grading scale.\n\nUveal coloboma is often grouped together with anophthalmia ( no eyes ) and microphthalmia ( small eyes ), designated by the acronym MAC . Detailed, population-based studies of the epidemiology of microphthalmia and anophthalmia have been conducted as part of birth defect surveillance programs.\n\nThe proposed pilot evaluation of potential environmental causes of coloboma is being undertaken to explore the experiences in a large cohort of probands and their families. It will utilize portions of the validated National Birth Defects Prevention Study (NBDPS) Mother Questionnaire. The NBDPS was a large population-based multicenter case-control study of many major birth defects that collected data from October 1997 through December 2011. Interview pregnancy information was obtained in 32,187 cases and 11,814 controls. The findings are intended to produce descriptive statistics and serve as a basis for further epidemiologic (and possibly laboratory) study."
        },
        "ConditionsModule":{
          "ConditionList":{
            "Condition":[
              "Coloboma"
            ]
          },
          "KeywordList":{
            "Keyword":[
              "Questionnaire",
              "Microphthalmia",
              "Birth Defects"
            ]
          }
        },
        "DesignModule":{
          "StudyType":"Observational",
          "DesignInfo":{
            "DesignObservationalModelList":{
              "DesignObservationalModel":[
                "Family-Based"
              ]
            },
            "DesignTimePerspectiveList":{
              "DesignTimePerspective":[
                "Other"
              ]
            }
          },
          "EnrollmentInfo":{
            "EnrollmentCount":"180",
            "EnrollmentType":"Anticipated"
          }
        },
        "ArmsInterventionsModule":{
          "ArmGroupList":{
            "ArmGroup":[
              {
                "ArmGroupLabel":"Mothers",
                "ArmGroupDescription":"Mothers of children with coloboma."
              }
            ]
          }
        },
        "OutcomesModule":{
          "PrimaryOutcomeList":{
            "PrimaryOutcome":[
              {
                "PrimaryOutcomeMeasure":"Percent of participants with x exposure compared to historical data",
                "PrimaryOutcomeDescription":"Percent of participants with x exposure compared to historical data from NBDPS study.",
                "PrimaryOutcomeTimeFrame":"9 months"
              }
            ]
          }
        },
        "EligibilityModule":{
          "EligibilityCriteria":"INCLUSION CRITERIA:\nmothers of probands with coloboma that have previously been consented to an NIH protocol studying coloboma.",
          "HealthyVolunteers":"Accepts Healthy Volunteers",
          "Gender":"Female",
          "MinimumAge":"18 Years",
          "StdAgeList":{
            "StdAge":[
              "Adult",
              "Older Adult"
            ]
          },
          "StudyPopulation":"Up to 180 mothers of probands with coloboma that have previously been consented to an NIH protocol studying coloboma.",
          "SamplingMethod":"Non-Probability Sample"
        },
        "ContactsLocationsModule":{
          "OverallOfficialList":{
            "OverallOfficial":[
              {
                "OverallOfficialName":"Brian P Brooks, M.D.",
                "OverallOfficialAffiliation":"National Eye Institute (NEI)",
                "OverallOfficialRole":"Principal Investigator"
              }
            ]
          },
          "LocationList":{
            "Location":[
              {
                "LocationFacility":"National Eye Institute (NEI)",
                "LocationCity":"Bethesda",
                "LocationState":"Maryland",
                "LocationZip":"20892",
                "LocationCountry":"United States"
              }
            ]
          }
        }
      },
      "DerivedSection":{
        "MiscInfoModule":{
          "VersionHolder":"April 19, 2021"
        },
        "ConditionBrowseModule":{
          "ConditionMeshList":{
            "ConditionMesh":[
              {
                "ConditionMeshId":"D000003103",
                "ConditionMeshTerm":"Coloboma"
              }
            ]
          },
          "ConditionAncestorList":{
            "ConditionAncestor":[
              {
                "ConditionAncestorId":"D000005124",
                "ConditionAncestorTerm":"Eye Abnormalities"
              },{
                "ConditionAncestorId":"D000005128",
                "ConditionAncestorTerm":"Eye Diseases"
              },{
                "ConditionAncestorId":"D000015785",
                "ConditionAncestorTerm":"Eye Diseases, Hereditary"
              },{
                "ConditionAncestorId":"D000000013",
                "ConditionAncestorTerm":"Congenital Abnormalities"
              }
            ]
          },
          "ConditionBrowseLeafList":{
            "ConditionBrowseLeaf":[
              {
                "ConditionBrowseLeafId":"M12",
                "ConditionBrowseLeafName":"Congenital Abnormalities",
                "ConditionBrowseLeafRelevance":"low"
              },{
                "ConditionBrowseLeafId":"M4914",
                "ConditionBrowseLeafName":"Coloboma",
                "ConditionBrowseLeafAsFound":"Coloboma",
                "ConditionBrowseLeafRelevance":"high"
              },{
                "ConditionBrowseLeafId":"M10404",
                "ConditionBrowseLeafName":"Microphthalmos",
                "ConditionBrowseLeafRelevance":"low"
              },{
                "ConditionBrowseLeafId":"M6850",
                "ConditionBrowseLeafName":"Eye Abnormalities",
                "ConditionBrowseLeafRelevance":"low"
              },{
                "ConditionBrowseLeafId":"M6854",
                "ConditionBrowseLeafName":"Eye Diseases",
                "ConditionBrowseLeafRelevance":"low"
              },{
                "ConditionBrowseLeafId":"M16922",
                "ConditionBrowseLeafName":"Eye Diseases, Hereditary",
                "ConditionBrowseLeafRelevance":"low"
              },{
                "ConditionBrowseLeafId":"T3796",
                "ConditionBrowseLeafName":"Microphthalmia",
                "ConditionBrowseLeafRelevance":"low"
              }
            ]
          },
          "ConditionBrowseBranchList":{
            "ConditionBrowseBranch":[
              {
                "ConditionBrowseBranchAbbrev":"BC16",
                "ConditionBrowseBranchName":"Diseases and Abnormalities at or Before Birth"
              },{
                "ConditionBrowseBranchAbbrev":"All",
                "ConditionBrowseBranchName":"All Conditions"
              },{
                "ConditionBrowseBranchAbbrev":"BC11",
                "ConditionBrowseBranchName":"Eye Diseases"
              },{
                "ConditionBrowseBranchAbbrev":"Rare",
                "ConditionBrowseBranchName":"Rare Diseases"
              }
            ]
          }
        }
      }
    }
  }
}

