{
  "FullStudy":{
    "Rank":1393,
    "Study":{
      "ProtocolSection":{
        "IdentificationModule":{
          "NCTId":"NCT04831840",
          "OrgStudyIdInfo":{
            "OrgStudyId":"20201198"
          },
          "Organization":{
            "OrgFullName":"University of Miami",
            "OrgClass":"OTHER"
          },
          "BriefTitle":"Recurrent Urinary Tract Infections and the Microbiome",
          "OfficialTitle":"Is PCR Amplification More Sensitive Than Urine Cultures in Diagnosing Urinary Tract Infections in Patients With Recurrent Bladder Infections?"
        },
        "StatusModule":{
          "StatusVerifiedDate":"April 2021",
          "OverallStatus":"Not yet recruiting",
          "ExpandedAccessInfo":{
            "HasExpandedAccess":"No"
          },
          "StartDateStruct":{
            "StartDate":"June 1, 2021",
            "StartDateType":"Anticipated"
          },
          "PrimaryCompletionDateStruct":{
            "PrimaryCompletionDate":"June 1, 2022",
            "PrimaryCompletionDateType":"Anticipated"
          },
          "CompletionDateStruct":{
            "CompletionDate":"June 1, 2022",
            "CompletionDateType":"Anticipated"
          },
          "StudyFirstSubmitDate":"April 2, 2021",
          "StudyFirstSubmitQCDate":"April 2, 2021",
          "StudyFirstPostDateStruct":{
            "StudyFirstPostDate":"April 5, 2021",
            "StudyFirstPostDateType":"Actual"
          },
          "LastUpdateSubmitDate":"April 2, 2021",
          "LastUpdatePostDateStruct":{
            "LastUpdatePostDate":"April 5, 2021",
            "LastUpdatePostDateType":"Actual"
          }
        },
        "SponsorCollaboratorsModule":{
          "ResponsibleParty":{
            "ResponsiblePartyType":"Principal Investigator",
            "ResponsiblePartyInvestigatorFullName":"Laura Martin",
            "ResponsiblePartyInvestigatorTitle":"Assistant Professor",
            "ResponsiblePartyInvestigatorAffiliation":"University of Miami"
          },
          "LeadSponsor":{
            "LeadSponsorName":"University of Miami",
            "LeadSponsorClass":"OTHER"
          }
        },
        "OversightModule":{
          "OversightHasDMC":"No",
          "IsFDARegulatedDrug":"No",
          "IsFDARegulatedDevice":"No"
        },
        "DescriptionModule":{
          "BriefSummary":"The primary objective is to determine if polymerase chain reaction (PCR) (UTIP™) is more sensitive in identifying urinary tract infections (UTI's) than standard urine cultures."
        },
        "ConditionsModule":{
          "ConditionList":{
            "Condition":[
              "Recurrent Urinary Tract Infection"
            ]
          }
        },
        "DesignModule":{
          "StudyType":"Observational",
          "PatientRegistry":"No",
          "DesignInfo":{
            "DesignObservationalModelList":{
              "DesignObservationalModel":[
                "Cohort"
              ]
            },
            "DesignTimePerspectiveList":{
              "DesignTimePerspective":[
                "Prospective"
              ]
            }
          },
          "EnrollmentInfo":{
            "EnrollmentCount":"180",
            "EnrollmentType":"Anticipated"
          }
        },
        "ArmsInterventionsModule":{
          "ArmGroupList":{
            "ArmGroup":[
              {
                "ArmGroupLabel":"Female participants with recurrent urinary tract infections (RUTI).",
                "ArmGroupDescription":"Patients with RUTIs (Group A) will provide two urine samples. One urine sample is a clean catch and the other is a catheterized specimen. Both will be sent for analysis. A perineal swab will also be collect and analyzed for each patient."
              },{
                "ArmGroupLabel":"Female control patients without RUTIs",
                "ArmGroupDescription":"Patients without RUTIs (Group B) will provide two urine samples. One urine sample is a clean catch and the other is a catheterized specimen. Both will be sent for analysis. A perineal swab will also be collect and analyzed for each patient."
              }
            ]
          }
        },
        "OutcomesModule":{
          "PrimaryOutcomeList":{
            "PrimaryOutcome":[
              {
                "PrimaryOutcomeMeasure":"Proportion of uropathogens",
                "PrimaryOutcomeDescription":"The proportion of uropathogens found on PCR versus urine culture from urine samples.",
                "PrimaryOutcomeTimeFrame":"Day 1"
              },{
                "PrimaryOutcomeMeasure":"Proportion of patients negative for repeat testing",
                "PrimaryOutcomeDescription":"The proportion of negative patient on repeat testing of urine samples.",
                "PrimaryOutcomeTimeFrame":"Up to 4 weeks"
              }
            ]
          }
        },
        "EligibilityModule":{
          "EligibilityCriteria":"Inclusion Criteria:\n\n18 y/o-90 y/o\nAble to consent\nFemale\nGroup A only: Recurrent UTI (2 UTIs in 6 months)\nGroup B only: No history of recurrent UTIs\n\nExclusion Criteria:\n\nPregnant\nPelvic radiation\nUrinary retention (>200 ml residual)\nGreater than Stage 2 prolapse\nRenal calculi\nImmunosuppressed\nNeurologic disorder with significant bladder impairment\nNo current UTI via dip stick",
          "HealthyVolunteers":"Accepts Healthy Volunteers",
          "Gender":"Female",
          "MinimumAge":"18 Years",
          "MaximumAge":"90 Years",
          "StdAgeList":{
            "StdAge":[
              "Adult",
              "Older Adult"
            ]
          },
          "StudyPopulation":"Female patients with RUTIs and controls will be enrolled from University of Miami's or Holy Cross Hospital's female pelvic medicine and reconstructive surgery clinics.",
          "SamplingMethod":"Non-Probability Sample"
        },
        "ContactsLocationsModule":{
          "CentralContactList":{
            "CentralContact":[
              {
                "CentralContactName":"Laura Martin, DO",
                "CentralContactRole":"Contact",
                "CentralContactPhone":"3052436590",
                "CentralContactEMail":"lem114@med.miami.edu"
              }
            ]
          },
          "OverallOfficialList":{
            "OverallOfficial":[
              {
                "OverallOfficialName":"Laura Martin, DO",
                "OverallOfficialAffiliation":"University of Miami",
                "OverallOfficialRole":"Principal Investigator"
              }
            ]
          },
          "LocationList":{
            "Location":[
              {
                "LocationFacility":"Holy Cross Hospital",
                "LocationCity":"Fort Lauderdale",
                "LocationState":"Florida",
                "LocationZip":"33301",
                "LocationCountry":"United States",
                "LocationContactList":{
                  "LocationContact":[
                    {
                      "LocationContactName":"GW Davila, MD",
                      "LocationContactRole":"Contact",
                      "LocationContactPhone":"954-229-8660",
                      "LocationContactEMail":"gwilly.davila@holy-cross.com"
                    },{
                      "LocationContactName":"GW Davila, MD",
                      "LocationContactRole":"Principal Investigator"
                    }
                  ]
                }
              },{
                "LocationFacility":"University of Miami",
                "LocationCity":"Miami",
                "LocationState":"Florida",
                "LocationZip":"33136",
                "LocationCountry":"United States",
                "LocationContactList":{
                  "LocationContact":[
                    {
                      "LocationContactName":"Laura Martin, DO",
                      "LocationContactRole":"Contact",
                      "LocationContactPhone":"305-243-6590",
                      "LocationContactEMail":"lem114@med.miami.edu"
                    },{
                      "LocationContactName":"Laura Martin, DO",
                      "LocationContactRole":"Principal Investigator"
                    }
                  ]
                }
              }
            ]
          }
        },
        "IPDSharingStatementModule":{
          "IPDSharing":"No"
        }
      },
      "DerivedSection":{
        "MiscInfoModule":{
          "VersionHolder":"April 19, 2021"
        },
        "ConditionBrowseModule":{
          "ConditionMeshList":{
            "ConditionMesh":[
              {
                "ConditionMeshId":"D000007239",
                "ConditionMeshTerm":"Infection"
              },{
                "ConditionMeshId":"D000003141",
                "ConditionMeshTerm":"Communicable Diseases"
              },{
                "ConditionMeshId":"D000014552",
                "ConditionMeshTerm":"Urinary Tract Infections"
              }
            ]
          },
          "ConditionAncestorList":{
            "ConditionAncestor":[
              {
                "ConditionAncestorId":"D000014570",
                "ConditionAncestorTerm":"Urologic Diseases"
              }
            ]
          },
          "ConditionBrowseLeafList":{
            "ConditionBrowseLeaf":[
              {
                "ConditionBrowseLeafId":"M8866",
                "ConditionBrowseLeafName":"Infection",
                "ConditionBrowseLeafAsFound":"Infection",
                "ConditionBrowseLeafRelevance":"high"
              },{
                "ConditionBrowseLeafId":"M4951",
                "ConditionBrowseLeafName":"Communicable Diseases",
                "ConditionBrowseLeafAsFound":"Infection",
                "ConditionBrowseLeafRelevance":"high"
              },{
                "ConditionBrowseLeafId":"M15885",
                "ConditionBrowseLeafName":"Urinary Tract Infections",
                "ConditionBrowseLeafAsFound":"Urinary Tract Infections",
                "ConditionBrowseLeafRelevance":"high"
              },{
                "ConditionBrowseLeafId":"M5344",
                "ConditionBrowseLeafName":"Cystitis",
                "ConditionBrowseLeafRelevance":"low"
              },{
                "ConditionBrowseLeafId":"M8601",
                "ConditionBrowseLeafName":"Hypersensitivity",
                "ConditionBrowseLeafRelevance":"low"
              },{
                "ConditionBrowseLeafId":"M15902",
                "ConditionBrowseLeafName":"Urologic Diseases",
                "ConditionBrowseLeafRelevance":"low"
              }
            ]
          },
          "ConditionBrowseBranchList":{
            "ConditionBrowseBranch":[
              {
                "ConditionBrowseBranchAbbrev":"BC01",
                "ConditionBrowseBranchName":"Bacterial and Fungal Diseases"
              },{
                "ConditionBrowseBranchAbbrev":"All",
                "ConditionBrowseBranchName":"All Conditions"
              },{
                "ConditionBrowseBranchAbbrev":"BXS",
                "ConditionBrowseBranchName":"Urinary Tract, Sexual Organs, and Pregnancy Conditions"
              },{
                "ConditionBrowseBranchAbbrev":"BC20",
                "ConditionBrowseBranchName":"Immune System Diseases"
              }
            ]
          }
        }
      }
    }
  }
}

