{
  "FullStudy":{
    "Rank":831,
    "Study":{
      "ProtocolSection":{
        "IdentificationModule":{
          "NCTId":"NCT04839146",
          "OrgStudyIdInfo":{
            "OrgStudyId":"NL76192.000.20"
          },
          "Organization":{
            "OrgFullName":"Radboud University",
            "OrgClass":"OTHER"
          },
          "BriefTitle":"Safety and Tolerability of COVID-19 Vaccine (ABNCoV2)",
          "OfficialTitle":"First-in-human Trial of the Coronavirus Virus-like Particle Subunit Vaccine ABNCoV2 in SARS-CoV-2-naïve Adult Volunteers in Good Health",
          "Acronym":"COUGH-1"
        },
        "StatusModule":{
          "StatusVerifiedDate":"March 2021",
          "OverallStatus":"Recruiting",
          "ExpandedAccessInfo":{
            "HasExpandedAccess":"No"
          },
          "StartDateStruct":{
            "StartDate":"March 11, 2021",
            "StartDateType":"Actual"
          },
          "PrimaryCompletionDateStruct":{
            "PrimaryCompletionDate":"December 20, 2021",
            "PrimaryCompletionDateType":"Anticipated"
          },
          "CompletionDateStruct":{
            "CompletionDate":"December 20, 2021",
            "CompletionDateType":"Anticipated"
          },
          "StudyFirstSubmitDate":"March 11, 2021",
          "StudyFirstSubmitQCDate":"April 8, 2021",
          "StudyFirstPostDateStruct":{
            "StudyFirstPostDate":"April 9, 2021",
            "StudyFirstPostDateType":"Actual"
          },
          "LastUpdateSubmitDate":"April 13, 2021",
          "LastUpdatePostDateStruct":{
            "LastUpdatePostDate":"April 19, 2021",
            "LastUpdatePostDateType":"Estimate"
          }
        },
        "SponsorCollaboratorsModule":{
          "ResponsibleParty":{
            "ResponsiblePartyType":"Sponsor"
          },
          "LeadSponsor":{
            "LeadSponsorName":"Radboud University",
            "LeadSponsorClass":"OTHER"
          },
          "CollaboratorList":{
            "Collaborator":[
              {
                "CollaboratorName":"European Union",
                "CollaboratorClass":"OTHER"
              }
            ]
          }
        },
        "OversightModule":{
          "OversightHasDMC":"No",
          "IsFDARegulatedDrug":"No",
          "IsFDARegulatedDevice":"No"
        },
        "DescriptionModule":{
          "BriefSummary":"This phase 1 trial aims to assess the safety and tolerability of two doses of ABNCoV2, formulated with and without the adjuvant MF59, in healthy adult volunteers and to identify the dosage and formulation that optimizes the immunogenicity-tolerability ratio 14 days following first vaccination with ABNCoV2.",
          "DetailedDescription":"This first-in-human phase 1 trial of ABNCoV2 is a single center, sequential dose-escalation, open labelled trial to establish the safety and tolerability of two doses of ABNCoV2, formulated with and without MF59 in healthy, adult, severe acute respiratory syndrome coronavirus 2 (SARS-CoV-2)-naïve volunteers. The immunological objective of this trial is to identify a dosage that optimizes the immunogenicity-tolerability ratio 14 days following first vaccination with ABNCoV2. The trial will be carried out by the Radboud University Medical Center (Radboudumc).\n\nThe trial involves first-in-human administration, dose escalation of ABNCoV2 and adjuvant selection. Volunteers will be screened for eligibility and receive two vaccinations by intramuscular injection. While we cannot predict with certainty the safety in human subjects, we have adopted a safety-orientated staggered trial design with ascending doses of ABNCoV2. Seven groups of volunteers (n=6) will receive a given dose of ABNCoV2, either with or without MF59, followed by a booster with the same dose and formulation four weeks after the first vaccination. All vaccinations will be given as intramuscular injection. The pre-defined escalation schedule will start with 6 μg ABNCoV2, with a maximum dose of 70 μg. Dose-escalation will proceed only in absence of protocol-defined safety signals. MF59-adjuvanted and non-adjuvanted formulations will be tested in parallel at the first three escalation steps (Group 1-3) to detect superiority or futility of the MF59-adjuvanted against the non-adjuvanted formulation. Up to forty-two (n=42) subjects will be enrolled, as well as one reserve subject per group.\n\nSafety follow-up will be done at following timepoints: baseline, day 1, day 2, day 7, day 14, day 25, day 29, day 30, day 35, day 42, day 70, day 119 and day 196 after first ABNCoV2 administration."
        },
        "ConditionsModule":{
          "ConditionList":{
            "Condition":[
              "Covid19",
              "Severe Acute Respiratory Syndrome",
              "SARS-CoV-2 Infection"
            ]
          }
        },
        "DesignModule":{
          "StudyType":"Interventional",
          "PhaseList":{
            "Phase":[
              "Phase 1"
            ]
          },
          "DesignInfo":{
            "DesignAllocation":"Non-Randomized",
            "DesignInterventionModel":"Parallel Assignment",
            "DesignInterventionModelDescription":"ABNCoV2 is a virus-like particle vaccine. It will be administered as two intramuscular injections in groups of up to 9 volunteers. All subjects will receive a second vaccination with the same dose and formulation 4 weeks following the first vaccination. The pre-defined escalation schedule will start with 6 μg ABNCoV2, followed by 12, 25 and 50 μg with a maximum dose of 70 μg. MF59-adjuvanted and non-adjuvanted formulations will be tested in parallel to detect superiority or futility of the MF59-adjuvanted against the non-adjuvanted formulation at the 6, 12 and 25 μg dosage. Approval for further dose escalation and choice of adjuvant use will be provided by a safety monitoring committee (SMC), supported by pre-defined analyses of safety, tolerability and immunogenicity data at day 14 post-first-vaccination. Recruitment for the two best (safe, tolerable and most immunogenic) regimens will continue until 12 volunteers per regimen have been immunized.",
            "DesignPrimaryPurpose":"Prevention",
            "DesignMaskingInfo":{
              "DesignMasking":"None (Open Label)"
            }
          },
          "EnrollmentInfo":{
            "EnrollmentCount":"42",
            "EnrollmentType":"Anticipated"
          }
        },
        "ArmsInterventionsModule":{
          "ArmGroupList":{
            "ArmGroup":[
              {
                "ArmGroupLabel":"Group 1: 6 microgram ABNCoV2 with/without MF59 adjuvant",
                "ArmGroupType":"Experimental",
                "ArmGroupDescription":"In Group 1 (n=6), subjects will receive 6 μg ABNCoV2 intramuscularly, half of whom (n=3) will receive the non-adjuvanted vaccine formulation and the other half (n=3) will receive the MF59-adjuvanted vaccine formulation. All subjects will receive a second vaccination with the same dose and formulation 4 weeks following the first vaccination.",
                "ArmGroupInterventionList":{
                  "ArmGroupInterventionName":[
                    "Biological: ABNCoV2 Vaccine"
                  ]
                }
              },{
                "ArmGroupLabel":"Group 2: 12 microgram ABNCoV2 with/without MF59 adjuvant",
                "ArmGroupType":"Experimental",
                "ArmGroupDescription":"In Group 2 (n=6), subjects will receive 12 μg ABNCoV2 intramuscularly, half of whom (n=3) will receive the non-adjuvanted vaccine formulation and the other half (n=3) will receive the MF59-adjuvanted vaccine formulation. All subjects will receive a second vaccination with the same dose and formulation 4 weeks following the first vaccination.",
                "ArmGroupInterventionList":{
                  "ArmGroupInterventionName":[
                    "Biological: ABNCoV2 Vaccine"
                  ]
                }
              },{
                "ArmGroupLabel":"Group 3: 25 microgram ABNCoV2 with/without MF59 adjuvant",
                "ArmGroupType":"Experimental",
                "ArmGroupDescription":"In Group 3 (n=6), subjects will receive 25 μg ABNCoV2 intramuscularly, half of whom (n=3) will receive the non-adjuvanted vaccine formulation and the other half (n=3) will receive the MF59-adjuvanted vaccine formulation. All subjects will receive a second vaccination with the same dose and formulation 4 weeks following the first vaccination.",
                "ArmGroupInterventionList":{
                  "ArmGroupInterventionName":[
                    "Biological: ABNCoV2 Vaccine"
                  ]
                }
              },{
                "ArmGroupLabel":"Group 4: 50 microgram ABNCoV2 with/without MF59 adjuvant",
                "ArmGroupType":"Experimental",
                "ArmGroupDescription":"In Group 4 (n=6), subjects will receive 50 μg non-adjuvanted or MF59-adjuvanted ABNCoV2 intramuscularly. All subjects will receive a second vaccination with the same dose and formulation 4 weeks following the first vaccination.",
                "ArmGroupInterventionList":{
                  "ArmGroupInterventionName":[
                    "Biological: ABNCoV2 Vaccine"
                  ]
                }
              },{
                "ArmGroupLabel":"Group 5: 70 microgram ABNCoV2 with/without MF59 adjuvant",
                "ArmGroupType":"Experimental",
                "ArmGroupDescription":"In Group 5 (n=6), subjects will receive 70 μg non-adjuvanted or MF59-adjuvanted ABNCoV2 intramuscularly. All subjects will receive a second vaccination with the same dose and formulation 4 weeks following the first vaccination.",
                "ArmGroupInterventionList":{
                  "ArmGroupInterventionName":[
                    "Biological: ABNCoV2 Vaccine"
                  ]
                }
              },{
                "ArmGroupLabel":"Group 6: t.b.d. microgram ABNCoV2 with/without MF59 adjuvant",
                "ArmGroupType":"Experimental",
                "ArmGroupDescription":"The subjects in Group 6 (n=6) will receive the next lower dosage of the highest non-adjuvanted or MF59-adjuvanted ABNCoV2 dose achieved intramuscularly. All subjects will receive a second vaccination with the same dose and formulation 4 weeks following the first vaccination.",
                "ArmGroupInterventionList":{
                  "ArmGroupInterventionName":[
                    "Biological: ABNCoV2 Vaccine"
                  ]
                }
              },{
                "ArmGroupLabel":"Group 7: t.b.d. microgram ABNCoV2 with/without MF59 adjuvant",
                "ArmGroupType":"Experimental",
                "ArmGroupDescription":"The subjects in Group 7 (n=6) will receive the highest non-adjuvanted or MF59-adjuvanted ABNCoV2 dose achieved intramuscularly. All subjects will receive a second vaccination with the same dose and formulation 4 weeks following the first vaccination.",
                "ArmGroupInterventionList":{
                  "ArmGroupInterventionName":[
                    "Biological: ABNCoV2 Vaccine"
                  ]
                }
              }
            ]
          },
          "InterventionList":{
            "Intervention":[
              {
                "InterventionType":"Biological",
                "InterventionName":"ABNCoV2 Vaccine",
                "InterventionDescription":"SARS-CoV-2 vaccine",
                "InterventionArmGroupLabelList":{
                  "InterventionArmGroupLabel":[
                    "Group 1: 6 microgram ABNCoV2 with/without MF59 adjuvant",
                    "Group 2: 12 microgram ABNCoV2 with/without MF59 adjuvant",
                    "Group 3: 25 microgram ABNCoV2 with/without MF59 adjuvant",
                    "Group 4: 50 microgram ABNCoV2 with/without MF59 adjuvant",
                    "Group 5: 70 microgram ABNCoV2 with/without MF59 adjuvant",
                    "Group 6: t.b.d. microgram ABNCoV2 with/without MF59 adjuvant",
                    "Group 7: t.b.d. microgram ABNCoV2 with/without MF59 adjuvant"
                  ]
                },
                "InterventionOtherNameList":{
                  "InterventionOtherName":[
                    "cVLP-RBD",
                    "RBDn-CLP",
                    "ABNCoV2"
                  ]
                }
              }
            ]
          }
        },
        "OutcomesModule":{
          "PrimaryOutcomeList":{
            "PrimaryOutcome":[
              {
                "PrimaryOutcomeMeasure":"Primary safety endpoint: Number of at least possibly related Grade 3 adverse events (AE) and serious adverse events (SAE)",
                "PrimaryOutcomeDescription":"Number of at least possibly related Grade 3 adverse events (AE) and serious adverse events (SAE)",
                "PrimaryOutcomeTimeFrame":"up to 28 weeks"
              },{
                "PrimaryOutcomeMeasure":"Primary immunogenicity endpoint: Concentration of ABNCoV2-specific antibodies",
                "PrimaryOutcomeDescription":"Concentration of ABNCoV2-specific antibodies",
                "PrimaryOutcomeTimeFrame":"14 days following first vaccination."
              }
            ]
          },
          "SecondaryOutcomeList":{
            "SecondaryOutcome":[
              {
                "SecondaryOutcomeMeasure":"Secondary study endpoint: Number and severity of at least possibly related solicited AEs",
                "SecondaryOutcomeDescription":"Number and severity of at least possibly related solicited AEs",
                "SecondaryOutcomeTimeFrame":"within one week following administration of ABNCoV2."
              }
            ]
          },
          "OtherOutcomeList":{
            "OtherOutcome":[
              {
                "OtherOutcomeMeasure":"Concentration of ABNCoV2-specific antibodies at baseline and during immunization and follow up.",
                "OtherOutcomeDescription":"ABNCoV2-specific antibody concentrations will be measured by ELISA during immunisation and follow-up.",
                "OtherOutcomeTimeFrame":"up to 28 weeks"
              },{
                "OtherOutcomeMeasure":"Inhibitory titre in invasion inhibition assay at baseline and during immunization and follow up.",
                "OtherOutcomeDescription":"Inhibitory titres will be measured in an in vitro SARS-CoV-2 invasion inhibition assay.",
                "OtherOutcomeTimeFrame":"up to 28 weeks"
              },{
                "OtherOutcomeMeasure":"Cellular immune responses (T and B cell) at baseline and during immunization and follow up.",
                "OtherOutcomeDescription":"Cellular responses will be analysed by cytometry and enzyme-linked absorbent spot (ELISpot) assay.",
                "OtherOutcomeTimeFrame":"up to 28 weeks"
              },{
                "OtherOutcomeMeasure":"Correlation of response vaccine to habitual sleep using the Pittsburgh Sleep Quality Index (PSQI)",
                "OtherOutcomeDescription":"The PSQI will be used to investigate if sleep quality is associated with immune responses to the vaccine.",
                "OtherOutcomeTimeFrame":"one month prior first ABNCoV2 immunization"
              }
            ]
          }
        },
        "EligibilityModule":{
          "EligibilityCriteria":"Inclusion Criteria:\n\nSubject must sign written informed consent to participate in the trial.\nSubject is able to understand planned study procedures and demonstrate comprehension of the protocol procedures and knowledge of the study by passing a quiz (assessment of understanding). Subjects must score at least 80% correct on a multiple-choice quiz. If they do not score 80% on the initial quiz, the protocol information will be reviewed with them, and they will have the opportunity to retest.\nIn the opinion of the investigator, the subject can and will comply with the requirements of the protocol.\nSubjects are available to attend all study visits and are reachable by phone throughout the entire study period from day -1 until 24 weeks following last vaccination (end of study).\nSubject is a male or non-pregnant and non-lactating female age ≥ 18 and ≤ 55 years and in good health at time of ABNCoV2 administration.\nSubject agrees to their general practitioner (GP) being informed about participation in the study and agrees to sign a form to request the release by their GP, and medical specialist when necessary, of any relevant medical information concerning possible contra-indications for participation in the study to the investigator(s).\nThe subject agrees to refrain from blood donation to Sanquin or for other purposes throughout the study period according to current Sanquin guidelines.\nFemale subjects of non-childbearing potential may be enrolled in the study. Non-childbearing potential is defined as pre-menarche, current bilateral tubal ligation or occlusion, hysterectomy, bilateral ovariectomy or post-menopause. All other female subjects must agree to use continuous adequate contraception2 for the duration of the study. Female subjects must have a negative pregnancy test at the inclusion visit.\n\nExclusion Criteria:\n\nAny clinically significant abnormal finding on clinical examination or laboratory screening tests according to the US Food and Drug Administration (FDA) Toxicity Grading Scale for Healthy Adult and Adolescent Subjects Enrolled in Preventative Vaccine Clinical Trials [30].\n\n2. History of COVID-19 infection. 3. Chronic use of immunosuppressive drugs or other immune modifying drugs within six months prior to study onset (inhaled and topical corticosteroids and oral anti-histamines exempted) or expected use of such during the study period.\n\n4. Positive urine toxicology test for cannabis, cocaine or amphetamines at inclusion.\n\n5. Screening tests positive for SARS-CoV-2, SARS-CoV-2 antibodies, Human Immunodeficiency Virus (HIV), active Hepatitis B Virus (HBV), or Hepatitis C Virus (HCV).\n\n6. Receipt of any investigational or non-registered product (drug or vaccine) other than the study product in the 30 days preceding enrolment or during the study period.\n\n7. Participation in any other clinical study in the 30 days prior to the start of the study or during the study period.\n\n8. Immunization with any vaccines within the past four weeks or planned receipt of a vaccine during the study period with the exception of a licensed SARS-CoV-2 vaccine, given within the framework of the national SARS-CoV-2 vaccination campaign. The time between last vaccination with ABNCoV2 and a SARS-CoV-2 vaccine provided by the campaign shall be at least 4 weeks.\n\n9. Known hypersensitivity to any of the vaccine components (adjuvant or protein).\n\n10. Administration of immunoglobulins and/or any blood products within the three months prior to the first dose of ABNCoV2 or planned administration during the study period.\n\n11. Previous participation in a COVID-19 vaccine study. 12. Body Mass Index (BMI) >35 kg/m2. 13. Pregnancy, lactation or intention to become pregnant during the study period.\n\n14. History of drug or alcohol abuse interfering with normal functioning in the five years preceding enrolment.\n\n15. Being an employee or student of the department of Medical Microbiology of the Radboudumc, or a person otherwise related to the investigator other than a professional relationship for clinical trial purpose only.\n\n16. Any other condition or situation that would, in the opinion of the investigator, place the subject at an unacceptable risk of injury or render the subject unable to meet the requirements of the protocol.",
          "HealthyVolunteers":"Accepts Healthy Volunteers",
          "Gender":"All",
          "MinimumAge":"18 Years",
          "MaximumAge":"55 Years",
          "StdAgeList":{
            "StdAge":[
              "Adult"
            ]
          }
        },
        "ContactsLocationsModule":{
          "CentralContactList":{
            "CentralContact":[
              {
                "CentralContactName":"Merel J. Smit, MD",
                "CentralContactRole":"Contact",
                "CentralContactPhone":"024-3619515",
                "CentralContactPhoneExt":"+31",
                "CentralContactEMail":"merel.smit@radboudumc.nl"
              }
            ]
          },
          "OverallOfficialList":{
            "OverallOfficial":[
              {
                "OverallOfficialName":"Benjamin Mordmüller, Prof",
                "OverallOfficialAffiliation":"Stichting Radboud university medical center",
                "OverallOfficialRole":"Principal Investigator"
              }
            ]
          },
          "LocationList":{
            "Location":[
              {
                "LocationFacility":"Radboud univserity medical center",
                "LocationStatus":"Recruiting",
                "LocationCity":"Nijmegen",
                "LocationState":"Gelderland",
                "LocationZip":"6525GA",
                "LocationCountry":"Netherlands",
                "LocationContactList":{
                  "LocationContact":[
                    {
                      "LocationContactName":"Merel J. Smit, MD",
                      "LocationContactRole":"Contact",
                      "LocationContactPhone":"024-3619515",
                      "LocationContactPhoneExt":"+31",
                      "LocationContactEMail":"merel.smit@radboudumc.nl"
                    }
                  ]
                }
              }
            ]
          }
        }
      },
      "DerivedSection":{
        "MiscInfoModule":{
          "VersionHolder":"April 19, 2021"
        },
        "ConditionBrowseModule":{
          "ConditionMeshList":{
            "ConditionMesh":[
              {
                "ConditionMeshId":"D000045169",
                "ConditionMeshTerm":"Severe Acute Respiratory Syndrome"
              },{
                "ConditionMeshId":"D000018352",
                "ConditionMeshTerm":"Coronavirus Infections"
              }
            ]
          },
          "ConditionAncestorList":{
            "ConditionAncestor":[
              {
                "ConditionAncestorId":"D000003333",
                "ConditionAncestorTerm":"Coronaviridae Infections"
              },{
                "ConditionAncestorId":"D000030341",
                "ConditionAncestorTerm":"Nidovirales Infections"
              },{
                "ConditionAncestorId":"D000012327",
                "ConditionAncestorTerm":"RNA Virus Infections"
              },{
                "ConditionAncestorId":"D000014777",
                "ConditionAncestorTerm":"Virus Diseases"
              },{
                "ConditionAncestorId":"D000012141",
                "ConditionAncestorTerm":"Respiratory Tract Infections"
              },{
                "ConditionAncestorId":"D000012140",
                "ConditionAncestorTerm":"Respiratory Tract Diseases"
              }
            ]
          },
          "ConditionBrowseLeafList":{
            "ConditionBrowseLeaf":[
              {
                "ConditionBrowseLeafId":"M8866",
                "ConditionBrowseLeafName":"Infection",
                "ConditionBrowseLeafRelevance":"low"
              },{
                "ConditionBrowseLeafId":"M4951",
                "ConditionBrowseLeafName":"Communicable Diseases",
                "ConditionBrowseLeafRelevance":"low"
              },{
                "ConditionBrowseLeafId":"M14938",
                "ConditionBrowseLeafName":"Syndrome",
                "ConditionBrowseLeafRelevance":"low"
              },{
                "ConditionBrowseLeafId":"M19074",
                "ConditionBrowseLeafName":"Coronavirus Infections",
                "ConditionBrowseLeafAsFound":"Severe Acute Respiratory Syndrome",
                "ConditionBrowseLeafRelevance":"high"
              },{
                "ConditionBrowseLeafId":"M24032",
                "ConditionBrowseLeafName":"Severe Acute Respiratory Syndrome",
                "ConditionBrowseLeafAsFound":"Severe Acute Respiratory Syndrome",
                "ConditionBrowseLeafRelevance":"high"
              },{
                "ConditionBrowseLeafId":"M16105",
                "ConditionBrowseLeafName":"Virus Diseases",
                "ConditionBrowseLeafRelevance":"low"
              },{
                "ConditionBrowseLeafId":"M5138",
                "ConditionBrowseLeafName":"Coronaviridae Infections",
                "ConditionBrowseLeafRelevance":"low"
              },{
                "ConditionBrowseLeafId":"M22269",
                "ConditionBrowseLeafName":"Nidovirales Infections",
                "ConditionBrowseLeafRelevance":"low"
              },{
                "ConditionBrowseLeafId":"M13732",
                "ConditionBrowseLeafName":"RNA Virus Infections",
                "ConditionBrowseLeafRelevance":"low"
              },{
                "ConditionBrowseLeafId":"M13561",
                "ConditionBrowseLeafName":"Respiratory Tract Infections",
                "ConditionBrowseLeafRelevance":"low"
              },{
                "ConditionBrowseLeafId":"M13560",
                "ConditionBrowseLeafName":"Respiratory Tract Diseases",
                "ConditionBrowseLeafRelevance":"low"
              },{
                "ConditionBrowseLeafId":"T5186",
                "ConditionBrowseLeafName":"Severe Acute Respiratory Syndrome",
                "ConditionBrowseLeafAsFound":"Severe Acute Respiratory Syndrome",
                "ConditionBrowseLeafRelevance":"high"
              }
            ]
          },
          "ConditionBrowseBranchList":{
            "ConditionBrowseBranch":[
              {
                "ConditionBrowseBranchAbbrev":"BC01",
                "ConditionBrowseBranchName":"Bacterial and Fungal Diseases"
              },{
                "ConditionBrowseBranchAbbrev":"All",
                "ConditionBrowseBranchName":"All Conditions"
              },{
                "ConditionBrowseBranchAbbrev":"BC23",
                "ConditionBrowseBranchName":"Symptoms and General Pathology"
              },{
                "ConditionBrowseBranchAbbrev":"BC02",
                "ConditionBrowseBranchName":"Viral Diseases"
              },{
                "ConditionBrowseBranchAbbrev":"BC08",
                "ConditionBrowseBranchName":"Respiratory Tract (Lung and Bronchial) Diseases"
              },{
                "ConditionBrowseBranchAbbrev":"Rare",
                "ConditionBrowseBranchName":"Rare Diseases"
              }
            ]
          }
        },
        "InterventionBrowseModule":{
          "InterventionBrowseLeafList":{
            "InterventionBrowseLeaf":[
              {
                "InterventionBrowseLeafId":"M15943",
                "InterventionBrowseLeafName":"Vaccines",
                "InterventionBrowseLeafRelevance":"low"
              },{
                "InterventionBrowseLeafId":"M34635",
                "InterventionBrowseLeafName":"MF59 oil emulsion",
                "InterventionBrowseLeafRelevance":"low"
              }
            ]
          },
          "InterventionBrowseBranchList":{
            "InterventionBrowseBranch":[
              {
                "InterventionBrowseBranchAbbrev":"All",
                "InterventionBrowseBranchName":"All Drugs and Chemicals"
              }
            ]
          }
        }
      }
    }
  }
}

