{
  "FullStudy":{
    "Rank":1436,
    "Study":{
      "ProtocolSection":{
        "IdentificationModule":{
          "NCTId":"NCT04831281",
          "OrgStudyIdInfo":{
            "OrgStudyId":"ATH-1017-PD-0201"
          },
          "Organization":{
            "OrgFullName":"Athira Pharma",
            "OrgClass":"INDUSTRY"
          },
          "BriefTitle":"ATH-1017 Treatment in Subjects With Parkinson's Disease Dementia",
          "OfficialTitle":"A Randomized, Placebo-Controlled, Double-Blind Study of ATH-1017 Treatment in Subjects With Parkinson's Disease Dementia"
        },
        "StatusModule":{
          "StatusVerifiedDate":"April 2021",
          "OverallStatus":"Not yet recruiting",
          "ExpandedAccessInfo":{
            "HasExpandedAccess":"No"
          },
          "StartDateStruct":{
            "StartDate":"October 2021",
            "StartDateType":"Anticipated"
          },
          "PrimaryCompletionDateStruct":{
            "PrimaryCompletionDate":"February 2023",
            "PrimaryCompletionDateType":"Anticipated"
          },
          "CompletionDateStruct":{
            "CompletionDate":"March 2023",
            "CompletionDateType":"Anticipated"
          },
          "StudyFirstSubmitDate":"April 1, 2021",
          "StudyFirstSubmitQCDate":"April 1, 2021",
          "StudyFirstPostDateStruct":{
            "StudyFirstPostDate":"April 5, 2021",
            "StudyFirstPostDateType":"Actual"
          },
          "LastUpdateSubmitDate":"April 1, 2021",
          "LastUpdatePostDateStruct":{
            "LastUpdatePostDate":"April 5, 2021",
            "LastUpdatePostDateType":"Actual"
          }
        },
        "SponsorCollaboratorsModule":{
          "ResponsibleParty":{
            "ResponsiblePartyType":"Sponsor"
          },
          "LeadSponsor":{
            "LeadSponsorName":"Athira Pharma",
            "LeadSponsorClass":"INDUSTRY"
          }
        },
        "OversightModule":{
          "OversightHasDMC":"Yes",
          "IsFDARegulatedDrug":"Yes",
          "IsFDARegulatedDevice":"No"
        },
        "DescriptionModule":{
          "BriefSummary":"This study is designed to evaluate the safety and effects of ATH-1017 in the treatment of subjects with Parkinson's Disease Dementia, with a randomized treatment duration of 26-weeks.",
          "DetailedDescription":"The study is designed to evaluate the safety and effects of ATH-1017 in subjects with Parkinson's Disease Dementia, with a randomized, double-blind, placebo-controlled, parallel-arm treatment duration of 26 weeks. Treatment effects are assessed by change in a combined global outcome when comparing treatment to placebo."
        },
        "ConditionsModule":{
          "ConditionList":{
            "Condition":[
              "Parkinson Disease Dementia"
            ]
          },
          "KeywordList":{
            "Keyword":[
              "Parkinson's disease",
              "Dementia"
            ]
          }
        },
        "DesignModule":{
          "StudyType":"Interventional",
          "PhaseList":{
            "Phase":[
              "Phase 2"
            ]
          },
          "DesignInfo":{
            "DesignAllocation":"Randomized",
            "DesignInterventionModel":"Parallel Assignment",
            "DesignPrimaryPurpose":"Treatment",
            "DesignMaskingInfo":{
              "DesignMasking":"Quadruple",
              "DesignWhoMaskedList":{
                "DesignWhoMasked":[
                  "Participant",
                  "Care Provider",
                  "Investigator",
                  "Outcomes Assessor"
                ]
              }
            }
          },
          "EnrollmentInfo":{
            "EnrollmentCount":"75",
            "EnrollmentType":"Anticipated"
          }
        },
        "ArmsInterventionsModule":{
          "ArmGroupList":{
            "ArmGroup":[
              {
                "ArmGroupLabel":"Low Dose",
                "ArmGroupType":"Experimental",
                "ArmGroupDescription":"Daily subcutaneous injection of Low Dose ATH-1017",
                "ArmGroupInterventionList":{
                  "ArmGroupInterventionName":[
                    "Drug: ATH-1017"
                  ]
                }
              },{
                "ArmGroupLabel":"High Dose",
                "ArmGroupType":"Experimental",
                "ArmGroupDescription":"Daily subcutaneous injection of High Dose ATH-1017",
                "ArmGroupInterventionList":{
                  "ArmGroupInterventionName":[
                    "Drug: ATH-1017"
                  ]
                }
              },{
                "ArmGroupLabel":"Placebo",
                "ArmGroupType":"Placebo Comparator",
                "ArmGroupDescription":"Daily subcutaneous injection of Placebo",
                "ArmGroupInterventionList":{
                  "ArmGroupInterventionName":[
                    "Drug: Placebo"
                  ]
                }
              }
            ]
          },
          "InterventionList":{
            "Intervention":[
              {
                "InterventionType":"Drug",
                "InterventionName":"ATH-1017",
                "InterventionDescription":"Daily subcutaneous injection of ATH-1017 in a pre-filled syringe",
                "InterventionArmGroupLabelList":{
                  "InterventionArmGroupLabel":[
                    "High Dose",
                    "Low Dose"
                  ]
                }
              },{
                "InterventionType":"Drug",
                "InterventionName":"Placebo",
                "InterventionDescription":"Daily subcutaneous injection of Placebo in a pre-filled syringe",
                "InterventionArmGroupLabelList":{
                  "InterventionArmGroupLabel":[
                    "Placebo"
                  ]
                }
              }
            ]
          }
        },
        "OutcomesModule":{
          "PrimaryOutcomeList":{
            "PrimaryOutcome":[
              {
                "PrimaryOutcomeMeasure":"Overall treatment effect of ATH-1017 as reflected by the Global Statistical Test",
                "PrimaryOutcomeDescription":"The Global Statistical Test (GST) combines the scores from cognition (Alzheimer's Disease Assessment Scale-Cognitive Subscale [ADAS-Cog13]) and change in event-related potential (ERP) P300 latency",
                "PrimaryOutcomeTimeFrame":"Week 26"
              }
            ]
          },
          "SecondaryOutcomeList":{
            "SecondaryOutcome":[
              {
                "SecondaryOutcomeMeasure":"Event-Related Potential",
                "SecondaryOutcomeDescription":"Event-related potential (ERP) P300 latency change from baseline",
                "SecondaryOutcomeTimeFrame":"Week 2, 12, 26, and 30"
              },{
                "SecondaryOutcomeMeasure":"Cognition",
                "SecondaryOutcomeDescription":"Alzheimer's Disease Assessment Scale-Cognitive Subscale [ADAS-Cog13] change from baseline (Range of 0 to 70, where 0 is least impairment and 85 is most severe impairment)",
                "SecondaryOutcomeTimeFrame":"Week 2, 12, 20, and 26"
              },{
                "SecondaryOutcomeMeasure":"Clinical Global Impression of Change",
                "SecondaryOutcomeDescription":"Clinician Global Impression of Change (CGI-C) change from baseline (Range of 1 to 7, where 1 is marked improvement and 7 is marked worsening)",
                "SecondaryOutcomeTimeFrame":"Week 12 and 26"
              },{
                "SecondaryOutcomeMeasure":"Activities of Daily Living",
                "SecondaryOutcomeDescription":"Alzheimer's Disease Cooperative Study - Activities of Daily Living, 23-item version [ADCS-ADL23] change from baseline (Range of 0 to 78, where a higher score indicates greater function)",
                "SecondaryOutcomeTimeFrame":"Week 12 and 26"
              }
            ]
          }
        },
        "EligibilityModule":{
          "EligibilityCriteria":"Inclusion Criteria:\n\nSubjects with confirmed diagnosis of Parkinson's disease\nMoCA score 11 to 23, inclusive, at screening\nProbable Parkinson's Disease Dementia or Lewy Body Dementia\n\nExclusion Criteria:\n\nHoehn-Yahr stage 5\nSubjects on deep brain stimulation\nHistory of brain MRI scan indicative of any other significant abnormality\nDiagnosis of severe major depressive disorder even without psychotic features\nSignificant suicide risk\nHistory of unexplained loss of consciousness, and epileptic fits\nAbnormal serum electrolytes of clinical significance\nActive, acute, or chronic infectious disease of any type\nMyocardial infarction or unstable angina within the last 6 months\nClinically significant cardiac arrhythmia (including atrial fibrillation), cardiomyopathy, or cardiac conduction defect (note: pacemaker is acceptable)\nRenal insufficiency (serum creatinine > 2.0 mg/dL)\nHepatic impairment with alanine aminotransferase or aspartate aminotransferase > 2 times the upper limit of normal, or Child-Pugh class B and C\nHistory of or positive results of serology screening for hepatitis B, hepatitis C, or human immunodeficiency virus\nMalignant tumor within 3 years before Screening\nMemantine at any dose or combination",
          "HealthyVolunteers":"No",
          "Gender":"All",
          "MinimumAge":"40 Years",
          "MaximumAge":"85 Years",
          "StdAgeList":{
            "StdAge":[
              "Adult",
              "Older Adult"
            ]
          }
        },
        "ContactsLocationsModule":{
          "CentralContactList":{
            "CentralContact":[
              {
                "CentralContactName":"Xue Hua, Ph.D.",
                "CentralContactRole":"Contact",
                "CentralContactPhone":"206-221-8112",
                "CentralContactEMail":"clinicaltrials@athira.com"
              }
            ]
          }
        }
      },
      "DerivedSection":{
        "MiscInfoModule":{
          "VersionHolder":"April 19, 2021"
        },
        "ConditionBrowseModule":{
          "ConditionMeshList":{
            "ConditionMesh":[
              {
                "ConditionMeshId":"D000010300",
                "ConditionMeshTerm":"Parkinson Disease"
              },{
                "ConditionMeshId":"D000003704",
                "ConditionMeshTerm":"Dementia"
              }
            ]
          },
          "ConditionAncestorList":{
            "ConditionAncestor":[
              {
                "ConditionAncestorId":"D000020734",
                "ConditionAncestorTerm":"Parkinsonian Disorders"
              },{
                "ConditionAncestorId":"D000001480",
                "ConditionAncestorTerm":"Basal Ganglia Diseases"
              },{
                "ConditionAncestorId":"D000001927",
                "ConditionAncestorTerm":"Brain Diseases"
              },{
                "ConditionAncestorId":"D000002493",
                "ConditionAncestorTerm":"Central Nervous System Diseases"
              },{
                "ConditionAncestorId":"D000009422",
                "ConditionAncestorTerm":"Nervous System Diseases"
              },{
                "ConditionAncestorId":"D000009069",
                "ConditionAncestorTerm":"Movement Disorders"
              },{
                "ConditionAncestorId":"D000019636",
                "ConditionAncestorTerm":"Neurodegenerative Diseases"
              },{
                "ConditionAncestorId":"D000019965",
                "ConditionAncestorTerm":"Neurocognitive Disorders"
              },{
                "ConditionAncestorId":"D000001523",
                "ConditionAncestorTerm":"Mental Disorders"
              }
            ]
          },
          "ConditionBrowseLeafList":{
            "ConditionBrowseLeaf":[
              {
                "ConditionBrowseLeafId":"M11796",
                "ConditionBrowseLeafName":"Parkinson Disease",
                "ConditionBrowseLeafAsFound":"Parkinson's Disease",
                "ConditionBrowseLeafRelevance":"high"
              },{
                "ConditionBrowseLeafId":"M5487",
                "ConditionBrowseLeafName":"Dementia",
                "ConditionBrowseLeafAsFound":"Dementia",
                "ConditionBrowseLeafRelevance":"high"
              },{
                "ConditionBrowseLeafId":"M21078",
                "ConditionBrowseLeafName":"Parkinsonian Disorders",
                "ConditionBrowseLeafRelevance":"low"
              },{
                "ConditionBrowseLeafId":"M24190",
                "ConditionBrowseLeafName":"Ganglion Cysts",
                "ConditionBrowseLeafRelevance":"low"
              },{
                "ConditionBrowseLeafId":"M14941",
                "ConditionBrowseLeafName":"Synovial Cyst",
                "ConditionBrowseLeafRelevance":"low"
              },{
                "ConditionBrowseLeafId":"M3355",
                "ConditionBrowseLeafName":"Basal Ganglia Diseases",
                "ConditionBrowseLeafRelevance":"low"
              },{
                "ConditionBrowseLeafId":"M3786",
                "ConditionBrowseLeafName":"Brain Diseases",
                "ConditionBrowseLeafRelevance":"low"
              },{
                "ConditionBrowseLeafId":"M4325",
                "ConditionBrowseLeafName":"Central Nervous System Diseases",
                "ConditionBrowseLeafRelevance":"low"
              },{
                "ConditionBrowseLeafId":"M10612",
                "ConditionBrowseLeafName":"Movement Disorders",
                "ConditionBrowseLeafRelevance":"low"
              },{
                "ConditionBrowseLeafId":"M20142",
                "ConditionBrowseLeafName":"Neurodegenerative Diseases",
                "ConditionBrowseLeafRelevance":"low"
              },{
                "ConditionBrowseLeafId":"M20420",
                "ConditionBrowseLeafName":"Neurocognitive Disorders",
                "ConditionBrowseLeafRelevance":"low"
              },{
                "ConditionBrowseLeafId":"M3396",
                "ConditionBrowseLeafName":"Mental Disorders",
                "ConditionBrowseLeafRelevance":"low"
              },{
                "ConditionBrowseLeafId":"M13056",
                "ConditionBrowseLeafName":"Psychotic Disorders",
                "ConditionBrowseLeafRelevance":"low"
              }
            ]
          },
          "ConditionBrowseBranchList":{
            "ConditionBrowseBranch":[
              {
                "ConditionBrowseBranchAbbrev":"BC10",
                "ConditionBrowseBranchName":"Nervous System Diseases"
              },{
                "ConditionBrowseBranchAbbrev":"All",
                "ConditionBrowseBranchName":"All Conditions"
              },{
                "ConditionBrowseBranchAbbrev":"BXM",
                "ConditionBrowseBranchName":"Behaviors and Mental Disorders"
              },{
                "ConditionBrowseBranchAbbrev":"BC04",
                "ConditionBrowseBranchName":"Cancers and Other Neoplasms"
              },{
                "ConditionBrowseBranchAbbrev":"BC17",
                "ConditionBrowseBranchName":"Skin and Connective Tissue Diseases"
              }
            ]
          }
        }
      }
    }
  }
}

