{
  "FullStudy":{
    "Rank":988,
    "Study":{
      "ProtocolSection":{
        "IdentificationModule":{
          "NCTId":"NCT04837105",
          "OrgStudyIdInfo":{
            "OrgStudyId":"ARROW CP"
          },
          "Organization":{
            "OrgFullName":"Fondation Ellen Poidatz",
            "OrgClass":"OTHER"
          },
          "BriefTitle":"Serious Game-based Intervention in Gait Rehabilitation for Children With Cerebral Palsy: Randomized Control Trial",
          "OfficialTitle":"Serious Game-based Intervention in Gait Rehabilitation for Children With Cerebral Palsy: Randomized Control Trial"
        },
        "StatusModule":{
          "StatusVerifiedDate":"April 2021",
          "OverallStatus":"Recruiting",
          "ExpandedAccessInfo":{
            "HasExpandedAccess":"No"
          },
          "StartDateStruct":{
            "StartDate":"March 15, 2021",
            "StartDateType":"Actual"
          },
          "PrimaryCompletionDateStruct":{
            "PrimaryCompletionDate":"June 2022",
            "PrimaryCompletionDateType":"Anticipated"
          },
          "CompletionDateStruct":{
            "CompletionDate":"December 31, 2023",
            "CompletionDateType":"Anticipated"
          },
          "StudyFirstSubmitDate":"April 6, 2021",
          "StudyFirstSubmitQCDate":"April 6, 2021",
          "StudyFirstPostDateStruct":{
            "StudyFirstPostDate":"April 8, 2021",
            "StudyFirstPostDateType":"Actual"
          },
          "LastUpdateSubmitDate":"April 6, 2021",
          "LastUpdatePostDateStruct":{
            "LastUpdatePostDate":"April 8, 2021",
            "LastUpdatePostDateType":"Actual"
          }
        },
        "SponsorCollaboratorsModule":{
          "ResponsibleParty":{
            "ResponsiblePartyType":"Sponsor"
          },
          "LeadSponsor":{
            "LeadSponsorName":"Fondation Ellen Poidatz",
            "LeadSponsorClass":"OTHER"
          }
        },
        "OversightModule":{
          "OversightHasDMC":"No",
          "IsFDARegulatedDrug":"No",
          "IsFDARegulatedDevice":"No"
        },
        "DescriptionModule":{
          "BriefSummary":"Cerebral palsy (CP) is defined as a group of movement and posture disorders that cause activity limitation due to brain damage during fetal development or in the first year of life. Motor activities, and in particular walking, can be affected by many factors including sensory deficits, biomechanical and postural limitations, muscle weakness and spasticity. Theories of gait training guide rehabilitation management strategies. Among these, intensification, variability and specific training of walking parameters (speed, step length, cadence) have shown their effectiveness. Delivering sensory feedback during gait rehabilitation exercises is a complementary approach to improve motor learning during rehabilitation. On the other hand, motivation is a key factor in the success of rehabilitation. The addition of walking exercises performed through a serious game in augmented reality (AR) appears relevant for the rehabilitation of children with CP after surgery.\n\nThe serious game ARRoW-CP is based on the latest advances in the literature in terms of gait rehabilitation protocol but also on the results of a clinical study conducted by our team, to identify the best feedback modalities to be delivered during the serious rehabilitation game.",
          "DetailedDescription":"This study is a randomized control trial.\n\nParticipants are children with cerebral palsy having a single event multi level surgery. They are involving in a rehabilitation protocol in the same rehab center.\n\nTwo groups are formed:\n\ncontrol group: classic rehab+children have treadmill gait protocol during 4 weeks\ntest group : classic rehab+children have gait training with the ARROW CP serious game.\n\nARROW CP game is developed for augmented reality headset (Microsoft Hololens). It delivers feedback in real time and with delay on participant gait performance. This game has been developed by researchers (Fondation Ellen Poidatz, France).\n\nThe aims of this study are:\n\n. To determine the impact on spatiotemporal gait parameters of intensive gait rehabilitation involving the use of a serious AR game in children and adolescents with cerebral palsy.\nTo explore the effects of playing a serious game on functional abilities\nTo assess motivation, satisfaction and adherence to treatment"
        },
        "ConditionsModule":{
          "ConditionList":{
            "Condition":[
              "Cerebral Palsy",
              "Gait Disorders, Neurologic"
            ]
          },
          "KeywordList":{
            "Keyword":[
              "physiotherapy",
              "gait rehabilitation",
              "serious game",
              "multi level surgery"
            ]
          }
        },
        "DesignModule":{
          "StudyType":"Interventional",
          "PhaseList":{
            "Phase":[
              "Not Applicable"
            ]
          },
          "DesignInfo":{
            "DesignAllocation":"Randomized",
            "DesignInterventionModel":"Parallel Assignment",
            "DesignInterventionModelDescription":"randomized control trial - 2 groups",
            "DesignPrimaryPurpose":"Treatment",
            "DesignMaskingInfo":{
              "DesignMasking":"Single",
              "DesignMaskingDescription":"Pre-test and post-test evaluation are made by one physiotherapist ignoring the patient's arm.",
              "DesignWhoMaskedList":{
                "DesignWhoMasked":[
                  "Outcomes Assessor"
                ]
              }
            }
          },
          "EnrollmentInfo":{
            "EnrollmentCount":"40",
            "EnrollmentType":"Anticipated"
          }
        },
        "ArmsInterventionsModule":{
          "ArmGroupList":{
            "ArmGroup":[
              {
                "ArmGroupLabel":"Control group",
                "ArmGroupType":"Active Comparator",
                "ArmGroupDescription":"Classic rehab (physio including strength rehab, fitness, motor activity...) + treadmill gait training 3*/week/4weeks:\n\n5 minutes of warm-up with gradual increase in treadmill speed, max 20 minutes of walking at 80% of maximum speed, 5 minutes of active recovery with gradual decrease in treadmill speed.\n\n(protocol from Grecco et al.)",
                "ArmGroupInterventionList":{
                  "ArmGroupInterventionName":[
                    "Other: Treadmill"
                  ]
                }
              },{
                "ArmGroupLabel":"Test group",
                "ArmGroupType":"Experimental",
                "ArmGroupDescription":"Classic rehab - same as control group - (physio including strength rehab, fitness, motor activity...) + overground ARROW CP gait training 3*/week/4weeks:\n\nwalking sprint session at maximal speed with gradual increase in number of repetitions over the weeks.\n\n(protocol from Verschuren et al.)",
                "ArmGroupInterventionList":{
                  "ArmGroupInterventionName":[
                    "Other: Serious game ARROW CP"
                  ]
                }
              }
            ]
          },
          "InterventionList":{
            "Intervention":[
              {
                "InterventionType":"Other",
                "InterventionName":"Serious game ARROW CP",
                "InterventionDescription":"ARROW CP is developed for Microsoft Hololens headset. Feedback on gait performance are delivering to the participant in real time and with delay. Participants have to walk at their maximal speed during \"sprint session\".",
                "InterventionArmGroupLabelList":{
                  "InterventionArmGroupLabel":[
                    "Test group"
                  ]
                }
              },{
                "InterventionType":"Other",
                "InterventionName":"Treadmill",
                "InterventionDescription":"Participant walk on a treadmill at 80% of their maximal speed during maximum 20 minutes",
                "InterventionArmGroupLabelList":{
                  "InterventionArmGroupLabel":[
                    "Control group"
                  ]
                }
              }
            ]
          }
        },
        "OutcomesModule":{
          "PrimaryOutcomeList":{
            "PrimaryOutcome":[
              {
                "PrimaryOutcomeMeasure":"6 minutes walking test",
                "PrimaryOutcomeDescription":"Aim of the measurement: To quantify changes in the parameters of walking quality (speed, cadence, step length).\n\nProcedure: The patient is instructed to walk for 6 minutes in an unobstructed corridor. The distance walked is recorded for the calculation of walking speed. Fatigue is assessed with a Borg scale and heart rate is continuously recorded.",
                "PrimaryOutcomeTimeFrame":"6 minutes"
              }
            ]
          },
          "SecondaryOutcomeList":{
            "SecondaryOutcome":[
              {
                "SecondaryOutcomeMeasure":"Muscle power sprint test",
                "SecondaryOutcomeDescription":"Aim of the measurement: To assess the anaerobic capacity of children with motor disabilities.\n\nProcedure: The patient is asked to perform six 15-metre walking sprints, with 10 seconds of rest between each sprint. The average and maximum power are calculated based on the speeds achieved during the sprints.",
                "SecondaryOutcomeTimeFrame":"10 minutes"
              },{
                "SecondaryOutcomeMeasure":"Shuttle run test I and II (adapted for children with CP)",
                "SecondaryOutcomeDescription":"In this test, the child must walk between 2 poles spaced 10 metres apart following the \"beep rhythm\" imposed by a pre-recorded soundtrack. The soundtrack includes an increase in walking speed of 0.25 km/h every minute.\n\n(Verschuren et al.)",
                "SecondaryOutcomeTimeFrame":"20 minutes"
              }
            ]
          }
        },
        "EligibilityModule":{
          "EligibilityCriteria":"Inclusion Criteria:\n\nA clinical diagnosis of CP mentioned in the medical record\nMinor child for the entire duration of the protocol, i.e. between 10 and 17 years of age (the child must be less than 18 years of age at the time of the last check-up scheduled 1 year after inclusion in the study)\nGlobal Motor Function Classification System (GMFCS) levels I to III\nAbility to cooperate, understand and follow simple instructions to play.\nPatient affiliated to the French social security system\nVoluntary patient whose parents have given their consent for their child to participate in the study\nPatient who has undergone multisite surgery of the lower limbs including bone procedures at least 7 weeks before the start of the procedure\n\nExclusion Criteria:\n\nA diagnosis of photosensitive epilepsy mentioned in the medical file AND/OR a mention in the child's medical file or by the parents or by the child of a history of epileptic seizures occurring during the practice of a video game\nA visual, cognitive or auditory impairment at a level that would interfere with playing the game. The patient must have normal or corrected vision and hearing.",
          "HealthyVolunteers":"No",
          "Gender":"All",
          "MinimumAge":"10 Years",
          "MaximumAge":"18 Years",
          "StdAgeList":{
            "StdAge":[
              "Child",
              "Adult"
            ]
          }
        },
        "ContactsLocationsModule":{
          "LocationList":{
            "Location":[
              {
                "LocationFacility":"Fondation Ellen Poidatz",
                "LocationStatus":"Recruiting",
                "LocationCity":"Saint-Fargeau-Ponthierry",
                "LocationState":"ILE DE France",
                "LocationZip":"77310",
                "LocationCountry":"France",
                "LocationContactList":{
                  "LocationContact":[
                    {
                      "LocationContactName":"Eric Desailly, PhD",
                      "LocationContactRole":"Contact",
                      "LocationContactPhone":"160652765",
                      "LocationContactPhoneExt":"+33",
                      "LocationContactEMail":"eric.desailly@fondationpoidatz.com"
                    }
                  ]
                }
              }
            ]
          }
        },
        "ReferencesModule":{
          "SeeAlsoLinkList":{
            "SeeAlsoLink":[
              {
                "SeeAlsoLinkLabel":"Fondation Ellen Poidatz ARROW CP",
                "SeeAlsoLinkURL":"https://www.fondationpoidatz.com/arrow-cp/"
              }
            ]
          }
        },
        "IPDSharingStatementModule":{
          "IPDSharing":"No"
        }
      },
      "DerivedSection":{
        "MiscInfoModule":{
          "VersionHolder":"April 19, 2021"
        },
        "ConditionBrowseModule":{
          "ConditionMeshList":{
            "ConditionMesh":[
              {
                "ConditionMeshId":"D000002547",
                "ConditionMeshTerm":"Cerebral Palsy"
              },{
                "ConditionMeshId":"D000009422",
                "ConditionMeshTerm":"Nervous System Diseases"
              },{
                "ConditionMeshId":"D000020233",
                "ConditionMeshTerm":"Gait Disorders, Neurologic"
              }
            ]
          },
          "ConditionAncestorList":{
            "ConditionAncestor":[
              {
                "ConditionAncestorId":"D000009461",
                "ConditionAncestorTerm":"Neurologic Manifestations"
              },{
                "ConditionAncestorId":"D000001925",
                "ConditionAncestorTerm":"Brain Damage, Chronic"
              },{
                "ConditionAncestorId":"D000001927",
                "ConditionAncestorTerm":"Brain Diseases"
              },{
                "ConditionAncestorId":"D000002493",
                "ConditionAncestorTerm":"Central Nervous System Diseases"
              }
            ]
          },
          "ConditionBrowseLeafList":{
            "ConditionBrowseLeaf":[
              {
                "ConditionBrowseLeafId":"M4379",
                "ConditionBrowseLeafName":"Cerebral Palsy",
                "ConditionBrowseLeafAsFound":"Cerebral Palsy",
                "ConditionBrowseLeafRelevance":"high"
              },{
                "ConditionBrowseLeafId":"M11740",
                "ConditionBrowseLeafName":"Paralysis",
                "ConditionBrowseLeafRelevance":"low"
              },{
                "ConditionBrowseLeafId":"M20642",
                "ConditionBrowseLeafName":"Gait Disorders, Neurologic",
                "ConditionBrowseLeafAsFound":"Gait Disorders, Neurologic",
                "ConditionBrowseLeafRelevance":"high"
              },{
                "ConditionBrowseLeafId":"M10987",
                "ConditionBrowseLeafName":"Neurologic Manifestations",
                "ConditionBrowseLeafRelevance":"low"
              },{
                "ConditionBrowseLeafId":"M3789",
                "ConditionBrowseLeafName":"Brain Injuries",
                "ConditionBrowseLeafRelevance":"low"
              },{
                "ConditionBrowseLeafId":"M3784",
                "ConditionBrowseLeafName":"Brain Damage, Chronic",
                "ConditionBrowseLeafRelevance":"low"
              },{
                "ConditionBrowseLeafId":"M3786",
                "ConditionBrowseLeafName":"Brain Diseases",
                "ConditionBrowseLeafRelevance":"low"
              },{
                "ConditionBrowseLeafId":"M4325",
                "ConditionBrowseLeafName":"Central Nervous System Diseases",
                "ConditionBrowseLeafRelevance":"low"
              }
            ]
          },
          "ConditionBrowseBranchList":{
            "ConditionBrowseBranch":[
              {
                "ConditionBrowseBranchAbbrev":"BC10",
                "ConditionBrowseBranchName":"Nervous System Diseases"
              },{
                "ConditionBrowseBranchAbbrev":"All",
                "ConditionBrowseBranchName":"All Conditions"
              },{
                "ConditionBrowseBranchAbbrev":"BC23",
                "ConditionBrowseBranchName":"Symptoms and General Pathology"
              },{
                "ConditionBrowseBranchAbbrev":"BC26",
                "ConditionBrowseBranchName":"Wounds and Injuries"
              }
            ]
          }
        }
      }
    }
  }
}

