{
  "FullStudy":{
    "Rank":768,
    "Study":{
      "ProtocolSection":{
        "IdentificationModule":{
          "NCTId":"NCT04839965",
          "OrgStudyIdInfo":{
            "OrgStudyId":"AP-017"
          },
          "Organization":{
            "OrgFullName":"Ampio Pharmaceuticals. Inc.",
            "OrgClass":"INDUSTRY"
          },
          "BriefTitle":"Study of Intravenous Ampion in Adult COVID-19 Patients Requiring Supplemental Oxygen",
          "OfficialTitle":"A Randomized, Double-Blinded, Placebo Controlled Phase II Study to Evaluate the Safety and Efficacy of IV Ampion in Adult COVID-19 Patients Requiring Oxygen Supplementation"
        },
        "StatusModule":{
          "StatusVerifiedDate":"April 2021",
          "OverallStatus":"Recruiting",
          "StartDateStruct":{
            "StartDate":"April 2021",
            "StartDateType":"Anticipated"
          },
          "PrimaryCompletionDateStruct":{
            "PrimaryCompletionDate":"October 2021",
            "PrimaryCompletionDateType":"Anticipated"
          },
          "CompletionDateStruct":{
            "CompletionDate":"November 2021",
            "CompletionDateType":"Anticipated"
          },
          "StudyFirstSubmitDate":"April 8, 2021",
          "StudyFirstSubmitQCDate":"April 8, 2021",
          "StudyFirstPostDateStruct":{
            "StudyFirstPostDate":"April 9, 2021",
            "StudyFirstPostDateType":"Actual"
          },
          "LastUpdateSubmitDate":"April 8, 2021",
          "LastUpdatePostDateStruct":{
            "LastUpdatePostDate":"April 13, 2021",
            "LastUpdatePostDateType":"Actual"
          }
        },
        "SponsorCollaboratorsModule":{
          "ResponsibleParty":{
            "ResponsiblePartyType":"Sponsor"
          },
          "LeadSponsor":{
            "LeadSponsorName":"Ampio Pharmaceuticals. Inc.",
            "LeadSponsorClass":"INDUSTRY"
          }
        },
        "OversightModule":{
          "OversightHasDMC":"Yes",
          "IsFDARegulatedDrug":"Yes",
          "IsFDARegulatedDevice":"No"
        },
        "DescriptionModule":{
          "BriefSummary":"This is a Phase 2 randomized study to evaluate the safety and efficacy of IV Ampion in improving the clinical course and outcomes of adult COVID-19 patients requiring supplemental oxygen.",
          "DetailedDescription":"Ampion is the low molecular weight filtrate of human serum albumin with the in vitro ability to modulate inflammatory cytokine levels. Ampion has the potential to improve clinical outcomes for COVID-19 patients by reducing inflammatory cytokines correlated with the disease.\n\nThis study aims to evaluate Ampion and clinical outcomes in patients with COVID-19 requiring supplemental oxygen."
        },
        "ConditionsModule":{
          "ConditionList":{
            "Condition":[
              "COVID-19"
            ]
          }
        },
        "DesignModule":{
          "StudyType":"Interventional",
          "PhaseList":{
            "Phase":[
              "Phase 2"
            ]
          },
          "DesignInfo":{
            "DesignAllocation":"Randomized",
            "DesignInterventionModel":"Parallel Assignment",
            "DesignPrimaryPurpose":"Treatment",
            "DesignMaskingInfo":{
              "DesignMasking":"Double",
              "DesignWhoMaskedList":{
                "DesignWhoMasked":[
                  "Participant",
                  "Investigator"
                ]
              }
            }
          },
          "EnrollmentInfo":{
            "EnrollmentCount":"200",
            "EnrollmentType":"Anticipated"
          }
        },
        "ArmsInterventionsModule":{
          "ArmGroupList":{
            "ArmGroup":[
              {
                "ArmGroupLabel":"IV Ampion",
                "ArmGroupType":"Experimental",
                "ArmGroupDescription":"Ampion administered via intravenous infusion",
                "ArmGroupInterventionList":{
                  "ArmGroupInterventionName":[
                    "Biological: Ampion"
                  ]
                }
              },{
                "ArmGroupLabel":"IV placebo",
                "ArmGroupType":"Placebo Comparator",
                "ArmGroupDescription":"Placebo administered via intravenous infusion",
                "ArmGroupInterventionList":{
                  "ArmGroupInterventionName":[
                    "Other: Saline"
                  ]
                }
              }
            ]
          },
          "InterventionList":{
            "Intervention":[
              {
                "InterventionType":"Biological",
                "InterventionName":"Ampion",
                "InterventionDescription":"Ampion administered via intravenous infusion",
                "InterventionArmGroupLabelList":{
                  "InterventionArmGroupLabel":[
                    "IV Ampion"
                  ]
                }
              },{
                "InterventionType":"Other",
                "InterventionName":"Saline",
                "InterventionDescription":"Placebo administered via intravenous infusion",
                "InterventionArmGroupLabelList":{
                  "InterventionArmGroupLabel":[
                    "IV placebo"
                  ]
                }
              }
            ]
          }
        },
        "OutcomesModule":{
          "PrimaryOutcomeList":{
            "PrimaryOutcome":[
              {
                "PrimaryOutcomeMeasure":"The efficacy of Ampion compared to placebo on mortality",
                "PrimaryOutcomeDescription":"Mortality measured as the percentage of participants with a successful outcome (life) or unsuccessful outcome (death)",
                "PrimaryOutcomeTimeFrame":"Day 28"
              }
            ]
          },
          "SecondaryOutcomeList":{
            "SecondaryOutcome":[
              {
                "SecondaryOutcomeMeasure":"The safety and tolerability of Ampion compared to placebo on incidence and severity of adverse events",
                "SecondaryOutcomeDescription":"Incidence of adverse events (AEs) and serious adverse events (SAEs)",
                "SecondaryOutcomeTimeFrame":"Baseline to Day 60"
              }
            ]
          }
        },
        "EligibilityModule":{
          "EligibilityCriteria":"Inclusion Criteria:\n\nMale or female, ≥ 18 years old\nDiagnosed with COVID-19, as evaluated by laboratory diagnostic test or diagnosis based on radiological clinical findings\n\nBaseline severity categorization of severe or critical COVID-19 infection per FDA Guidance for developing drugs and biological products for COVID-19 (February 2021)\n\nSevere COVID-19\n\nSymptoms suggestive of severe systemic illness with COVID-19, which include shortness of breath or respiratory distress\nClinical signs indicative of severe systemic illness with COVID-19, such as respiratory rate ≥ 30 per minute, heart rate ≥ 125 per minute, SpO2 ≤ 93% on room air at sea level (SpO2 ≤ 90% at altitude) or PaO2/FiO2 < 300\n\nCritical COVID-19\n\nOxygen delivered by high-flow nasal cannula (heated, humidified, oxygen delivered via reinforced cannula at flow rates >20 l/min with fraction oxygen ≥ 0.5) or\nNon-invasive mechanical or endotracheal mechanical ventilation\nInformed consent obtained from the patient or the patient's legal representative\n\nExclusion Criteria:\n\nAs a result of the medical review and screening investigation, the Principal Investigator considers the patient unfit for the study and/or progression to death is imminent and inevitable irrespective of the provision of treatments.\nClinical diagnosis of respiratory failure (therapy not able to be administered in setting of resource limitation)\nShock defined by systolic blood pressure <90 mm Hg, or diastolic blood pressure <60 mm Hg or requiring vasopressors.\nMulti-organ dysfunction/failure\nPatient has severe chronic obstructive or restrictive pulmonary disease (COPD) (as defined by prior pulmonary function tests), chronic renal failure, or significant liver abnormality (e.g., cirrhosis, transplant, etc.).\nPatient has chronic conditions requiring chemotherapy or immunosuppressive medication.\nA history of allergic reactions to human albumin (reaction to non-human albumin such as egg albumin is not an exclusion criterion) or ingredients in 5% human albumin (N-acetyltryptophan, sodium caprylate).\nProlonged QT interval.\nPatient has known pregnancy or is currently breastfeeding.\nPatient planning to become pregnant, or father a child, during the treatment and follow-up period and/or is not willing to remain abstinent or use contraception.\nParticipation in another clinical trial (not including treatments for COVID-19 as approved by the FDA through expanded access, emergency, or compassionate use), or participation in a trial such that enrollment in this study would fall within the time frame of the half-life of the other investigational product(s).",
          "HealthyVolunteers":"No",
          "Gender":"All",
          "MinimumAge":"18 Years",
          "StdAgeList":{
            "StdAge":[
              "Adult",
              "Older Adult"
            ]
          }
        },
        "ContactsLocationsModule":{
          "CentralContactList":{
            "CentralContact":[
              {
                "CentralContactName":"Ampio Pharmaceuticals",
                "CentralContactRole":"Contact",
                "CentralContactPhone":"720-437-6500",
                "CentralContactEMail":"ClinicalTrials@ampiopharma.com"
              }
            ]
          },
          "LocationList":{
            "Location":[
              {
                "LocationFacility":"Research Site",
                "LocationStatus":"Recruiting",
                "LocationCity":"Colorado Springs",
                "LocationState":"Colorado",
                "LocationZip":"80907",
                "LocationCountry":"United States",
                "LocationContactList":{
                  "LocationContact":[
                    {
                      "LocationContactName":"Ampio Pharmaceuticals",
                      "LocationContactRole":"Contact",
                      "LocationContactPhone":"720-437-6500",
                      "LocationContactEMail":"ClinicalTrials@ampiopharma.com"
                    }
                  ]
                }
              }
            ]
          }
        }
      },
      "DerivedSection":{
        "MiscInfoModule":{
          "VersionHolder":"April 19, 2021"
        }
      }
    }
  }
}

