{
  "FullStudy":{
    "Rank":1026,
    "Study":{
      "ProtocolSection":{
        "IdentificationModule":{
          "NCTId":"NCT04836611",
          "OrgStudyIdInfo":{
            "OrgStudyId":"CANEMESE"
          },
          "Organization":{
            "OrgFullName":"Poitiers University Hospital",
            "OrgClass":"OTHER"
          },
          "BriefTitle":"Cannabinoides Concentrations and Hyperemesis Syndrom Occurrence in Regular Cannabis Consumer (CANEMESE)",
          "OfficialTitle":"Cannabinoides Concentrations and Hyperemesis Syndrom Occurrence in Regular Cannabis Consumer (CANEMESE)"
        },
        "StatusModule":{
          "StatusVerifiedDate":"April 2021",
          "OverallStatus":"Not yet recruiting",
          "ExpandedAccessInfo":{
            "HasExpandedAccess":"No"
          },
          "StartDateStruct":{
            "StartDate":"June 1, 2021",
            "StartDateType":"Anticipated"
          },
          "PrimaryCompletionDateStruct":{
            "PrimaryCompletionDate":"June 1, 2023",
            "PrimaryCompletionDateType":"Anticipated"
          },
          "CompletionDateStruct":{
            "CompletionDate":"June 1, 2023",
            "CompletionDateType":"Anticipated"
          },
          "StudyFirstSubmitDate":"March 29, 2021",
          "StudyFirstSubmitQCDate":"April 7, 2021",
          "StudyFirstPostDateStruct":{
            "StudyFirstPostDate":"April 8, 2021",
            "StudyFirstPostDateType":"Actual"
          },
          "LastUpdateSubmitDate":"April 7, 2021",
          "LastUpdatePostDateStruct":{
            "LastUpdatePostDate":"April 8, 2021",
            "LastUpdatePostDateType":"Actual"
          }
        },
        "SponsorCollaboratorsModule":{
          "ResponsibleParty":{
            "ResponsiblePartyType":"Sponsor"
          },
          "LeadSponsor":{
            "LeadSponsorName":"Poitiers University Hospital",
            "LeadSponsorClass":"OTHER"
          }
        },
        "OversightModule":{
          "OversightHasDMC":"No",
          "IsFDARegulatedDrug":"No",
          "IsFDARegulatedDevice":"No"
        },
        "DescriptionModule":{
          "BriefSummary":"The Cannabinoide Hyperemesis Syndrom (CHS) is defined as a recurrent syndrome of intractable vomiting that occurs in chronic cannabis consumers. The diagnosis is linked to clinical criteria only. The physiopathology of CHS is unknown and we observe an increase of cases with this syndrom since 2016 (Schreck et al., 2018).\n\nThe aim of this study is to investigate the involvement of exogenous cannabinoids concentrations in chronic cannabis users in the occurrence of CHS."
        },
        "ConditionsModule":{
          "ConditionList":{
            "Condition":[
              "Chronic Consumption of Cannabis"
            ]
          }
        },
        "DesignModule":{
          "StudyType":"Interventional",
          "PhaseList":{
            "Phase":[
              "Not Applicable"
            ]
          },
          "DesignInfo":{
            "DesignAllocation":"N/A",
            "DesignInterventionModel":"Single Group Assignment",
            "DesignPrimaryPurpose":"Basic Science",
            "DesignMaskingInfo":{
              "DesignMasking":"None (Open Label)"
            }
          },
          "EnrollmentInfo":{
            "EnrollmentCount":"200",
            "EnrollmentType":"Anticipated"
          }
        },
        "ArmsInterventionsModule":{
          "ArmGroupList":{
            "ArmGroup":[
              {
                "ArmGroupLabel":"regular cannabis consumer patients",
                "ArmGroupType":"Other",
                "ArmGroupInterventionList":{
                  "ArmGroupInterventionName":[
                    "Procedure: 1 blood sample"
                  ]
                }
              }
            ]
          },
          "InterventionList":{
            "Intervention":[
              {
                "InterventionType":"Procedure",
                "InterventionName":"1 blood sample",
                "InterventionDescription":"2 groups of subjects (group 1 : with diagnosis of CHS - group 2 : no diagnosis of CHS) will have 2 blood and 1 urine samples + 1 questionnaire",
                "InterventionArmGroupLabelList":{
                  "InterventionArmGroupLabel":[
                    "regular cannabis consumer patients"
                  ]
                },
                "InterventionOtherNameList":{
                  "InterventionOtherName":[
                    "1 urine sample"
                  ]
                }
              }
            ]
          }
        },
        "OutcomesModule":{
          "PrimaryOutcomeList":{
            "PrimaryOutcome":[
              {
                "PrimaryOutcomeMeasure":"involvement of exogenous cannabinoids concentrations in chronic cannabis users in the occurrence of CHS (see details below for exogenous cannabinoids)",
                "PrimaryOutcomeDescription":"blood and urine concentration, unit of measure ng/mL",
                "PrimaryOutcomeTimeFrame":"on the day of subjects inclusion"
              },{
                "PrimaryOutcomeMeasure":"THC (Tetrahydrocannabinol)",
                "PrimaryOutcomeDescription":"blood and urine concentration, unit of measure ng/mL",
                "PrimaryOutcomeTimeFrame":"on the day of subjects inclusion"
              },{
                "PrimaryOutcomeMeasure":"metabolite of THC : THC-OH (11-hydroxy-Δ⁹-tétrahydrocannabinol)",
                "PrimaryOutcomeDescription":"blood and urine concentration, unit of measure ng/mL",
                "PrimaryOutcomeTimeFrame":"on the day of subjects inclusion"
              },{
                "PrimaryOutcomeMeasure":"metabolite of THC : THC-COOH (11-nor-9-carboxy-Δ⁹-tétrahydrocannabinol)",
                "PrimaryOutcomeDescription":"blood and urine concentration, unit of measure ng/mL",
                "PrimaryOutcomeTimeFrame":"on the day of subjects inclusion"
              },{
                "PrimaryOutcomeMeasure":"CBD (Cannabidiol)",
                "PrimaryOutcomeDescription":"blood and urine concentration, unit of measure ng/mL",
                "PrimaryOutcomeTimeFrame":"on the day of subjects inclusion"
              },{
                "PrimaryOutcomeMeasure":"CBN (Cannabinol)",
                "PrimaryOutcomeDescription":"blood and urine concentration, unit of measure ng/mL",
                "PrimaryOutcomeTimeFrame":"on the day of subjects inclusion"
              },{
                "PrimaryOutcomeMeasure":"CBG (Cannabigerol)",
                "PrimaryOutcomeDescription":"blood and urine concentration, unit of measure ng/mL",
                "PrimaryOutcomeTimeFrame":"on the day of subjects inclusion"
              }
            ]
          }
        },
        "EligibilityModule":{
          "EligibilityCriteria":"Inclusion Criteria:\n\nSubjects without protection by a legal regime (guardianship, trusteeship)\nSubjects affiliated to an appropriate social security system\nSubjects must sign an informed consent form\n\nInclusion Criteria for Group 1:\n\n- Subjects must have the CHS diagnosis confirmed\n\nInclusion Criteria for Group 2:\n\n- Subjects must be chronic cannabis consumers and never had CHS\n\nExclusion Criteria:\n\nSubjects must not have addictive comorbidities or psychoactive substance abuse (except alcohol and tabacco)",
          "HealthyVolunteers":"No",
          "Gender":"All",
          "MinimumAge":"18 Years",
          "StdAgeList":{
            "StdAge":[
              "Adult",
              "Older Adult"
            ]
          }
        },
        "IPDSharingStatementModule":{
          "IPDSharing":"Undecided"
        }
      },
      "DerivedSection":{
        "MiscInfoModule":{
          "VersionHolder":"April 19, 2021"
        },
        "ConditionBrowseModule":{
          "ConditionMeshList":{
            "ConditionMesh":[
              {
                "ConditionMeshId":"D000002189",
                "ConditionMeshTerm":"Marijuana Abuse"
              }
            ]
          },
          "ConditionAncestorList":{
            "ConditionAncestor":[
              {
                "ConditionAncestorId":"D000019966",
                "ConditionAncestorTerm":"Substance-Related Disorders"
              },{
                "ConditionAncestorId":"D000064419",
                "ConditionAncestorTerm":"Chemically-Induced Disorders"
              },{
                "ConditionAncestorId":"D000001523",
                "ConditionAncestorTerm":"Mental Disorders"
              }
            ]
          },
          "ConditionBrowseLeafList":{
            "ConditionBrowseLeaf":[
              {
                "ConditionBrowseLeafId":"M4031",
                "ConditionBrowseLeafName":"Marijuana Abuse",
                "ConditionBrowseLeafAsFound":"Cannabis",
                "ConditionBrowseLeafRelevance":"high"
              },{
                "ConditionBrowseLeafId":"M8573",
                "ConditionBrowseLeafName":"Hyperemesis Gravidarum",
                "ConditionBrowseLeafRelevance":"low"
              },{
                "ConditionBrowseLeafId":"M20421",
                "ConditionBrowseLeafName":"Substance-Related Disorders",
                "ConditionBrowseLeafRelevance":"low"
              },{
                "ConditionBrowseLeafId":"M28889",
                "ConditionBrowseLeafName":"Chemically-Induced Disorders",
                "ConditionBrowseLeafRelevance":"low"
              },{
                "ConditionBrowseLeafId":"M3396",
                "ConditionBrowseLeafName":"Mental Disorders",
                "ConditionBrowseLeafRelevance":"low"
              },{
                "ConditionBrowseLeafId":"M13056",
                "ConditionBrowseLeafName":"Psychotic Disorders",
                "ConditionBrowseLeafRelevance":"low"
              }
            ]
          },
          "ConditionBrowseBranchList":{
            "ConditionBrowseBranch":[
              {
                "ConditionBrowseBranchAbbrev":"BC25",
                "ConditionBrowseBranchName":"Substance Related Disorders"
              },{
                "ConditionBrowseBranchAbbrev":"BXM",
                "ConditionBrowseBranchName":"Behaviors and Mental Disorders"
              },{
                "ConditionBrowseBranchAbbrev":"All",
                "ConditionBrowseBranchName":"All Conditions"
              },{
                "ConditionBrowseBranchAbbrev":"BXS",
                "ConditionBrowseBranchName":"Urinary Tract, Sexual Organs, and Pregnancy Conditions"
              },{
                "ConditionBrowseBranchAbbrev":"BC23",
                "ConditionBrowseBranchName":"Symptoms and General Pathology"
              }
            ]
          }
        }
      }
    }
  }
}

