{
  "FullStudy":{
    "Rank":818,
    "Study":{
      "ProtocolSection":{
        "IdentificationModule":{
          "NCTId":"NCT04839315",
          "OrgStudyIdInfo":{
            "OrgStudyId":"21-000501"
          },
          "Organization":{
            "OrgFullName":"Mayo Clinic",
            "OrgClass":"OTHER"
          },
          "BriefTitle":"COVID-19 Vaccination in Rheumatic Disease Patients",
          "OfficialTitle":"Immunological Consequences of COVID-19 Vaccination in Patients With Rheumatic Diseases"
        },
        "StatusModule":{
          "StatusVerifiedDate":"April 2021",
          "OverallStatus":"Recruiting",
          "ExpandedAccessInfo":{
            "HasExpandedAccess":"No"
          },
          "StartDateStruct":{
            "StartDate":"February 15, 2021",
            "StartDateType":"Actual"
          },
          "PrimaryCompletionDateStruct":{
            "PrimaryCompletionDate":"December 2021",
            "PrimaryCompletionDateType":"Anticipated"
          },
          "CompletionDateStruct":{
            "CompletionDate":"December 2021",
            "CompletionDateType":"Anticipated"
          },
          "StudyFirstSubmitDate":"April 5, 2021",
          "StudyFirstSubmitQCDate":"April 7, 2021",
          "StudyFirstPostDateStruct":{
            "StudyFirstPostDate":"April 9, 2021",
            "StudyFirstPostDateType":"Actual"
          },
          "LastUpdateSubmitDate":"April 7, 2021",
          "LastUpdatePostDateStruct":{
            "LastUpdatePostDate":"April 9, 2021",
            "LastUpdatePostDateType":"Actual"
          }
        },
        "SponsorCollaboratorsModule":{
          "ResponsibleParty":{
            "ResponsiblePartyType":"Principal Investigator",
            "ResponsiblePartyInvestigatorFullName":"Hu Zeng",
            "ResponsiblePartyInvestigatorTitle":"Principal Investigator",
            "ResponsiblePartyInvestigatorAffiliation":"Mayo Clinic"
          },
          "LeadSponsor":{
            "LeadSponsorName":"Mayo Clinic",
            "LeadSponsorClass":"OTHER"
          }
        },
        "OversightModule":{
          "OversightHasDMC":"No",
          "IsFDARegulatedDrug":"Yes",
          "IsFDARegulatedDevice":"No"
        },
        "DescriptionModule":{
          "BriefSummary":"The research is being done to study the immune responses to COVID-19 vaccination in patients with rheumatic diseases.",
          "DetailedDescription":"Because patients treated with immunosuppressive agents have been excluded from initial clinical trials, and most patients with rheumatic diseases are taking immunosuppressants, the immune responses towards the mRNA COVID19 vaccines in these patients remains unknown. The goal is to study the immune response to COVID-19 vaccination in patients with rheumatic diseases. Blood samples collected before and longitudinally after mRNA-based COVID-19 vaccination (i.e., Pfizer and Moderna vaccines) will enable detailed immunological investigation of the interaction between COVID-19 vaccination and rheumatic diseases. These efforts will provide novel insights into the COVID-19 vaccine response in patients with rheumatic diseases, and eventually would inform clinical management to improve patient care."
        },
        "ConditionsModule":{
          "ConditionList":{
            "Condition":[
              "Systemic Lupus Erythematosus",
              "Sjogren's Syndrome",
              "Inflammatory Myositis",
              "Psoriatic Arthritis",
              "Gout",
              "Ankylosing Spondylitis",
              "Arthritis of Multiple Sites Associated With Inflammatory Bowel Disease (Diagnosis)",
              "Osteoarthritis"
            ]
          }
        },
        "DesignModule":{
          "StudyType":"Interventional",
          "PhaseList":{
            "Phase":[
              "Early Phase 1"
            ]
          },
          "DesignInfo":{
            "DesignAllocation":"N/A",
            "DesignInterventionModel":"Single Group Assignment",
            "DesignPrimaryPurpose":"Health Services Research",
            "DesignMaskingInfo":{
              "DesignMasking":"None (Open Label)"
            }
          },
          "EnrollmentInfo":{
            "EnrollmentCount":"100",
            "EnrollmentType":"Anticipated"
          }
        },
        "ArmsInterventionsModule":{
          "ArmGroupList":{
            "ArmGroup":[
              {
                "ArmGroupLabel":"mRNA COVID19 vaccines",
                "ArmGroupType":"Other",
                "ArmGroupDescription":"mRNA-based COVID19 vaccines",
                "ArmGroupInterventionList":{
                  "ArmGroupInterventionName":[
                    "Biological: mRNA COVD19 vaccine"
                  ]
                }
              }
            ]
          },
          "InterventionList":{
            "Intervention":[
              {
                "InterventionType":"Biological",
                "InterventionName":"mRNA COVD19 vaccine",
                "InterventionDescription":"Subjects will receive two doses of mRNA based COVID19 vaccines.",
                "InterventionArmGroupLabelList":{
                  "InterventionArmGroupLabel":[
                    "mRNA COVID19 vaccines"
                  ]
                }
              }
            ]
          }
        },
        "OutcomesModule":{
          "PrimaryOutcomeList":{
            "PrimaryOutcome":[
              {
                "PrimaryOutcomeMeasure":"Humoral responses towards mRNA COVID-19 vaccines",
                "PrimaryOutcomeDescription":"We aim to examine SARS-Cov2 specific antibody, and autoantibody generation",
                "PrimaryOutcomeTimeFrame":"2 weeks to 6 months after second dose of vaccine"
              }
            ]
          },
          "SecondaryOutcomeList":{
            "SecondaryOutcome":[
              {
                "SecondaryOutcomeMeasure":"Cellular immune responses towards mRNA COVID-19 vaccines",
                "SecondaryOutcomeDescription":"measurement of immune cell distributions, type I interferon activity, and SARS-Cov2 specific T cell responses",
                "SecondaryOutcomeTimeFrame":"2 weeks to 6 months after second dose of vaccine"
              }
            ]
          }
        },
        "EligibilityModule":{
          "EligibilityCriteria":"Inclusion Criteria:\n\nRheumatologist confirmed diagnosis of one of the following diagnoses:\nSystemic lupus erythematosus;\nSjogren syndrome;\nInflammatory myositis;\nPsoriatic arthritis;\nOsteoarthritis;\nGout;\nAnkylosing spondylitis;\nIBD-related arthritis.\n\nExclusion Criteria:\n\nActive infection or untreated malignancy (other than skin cancer) at enrollment.\nPregnancy",
          "HealthyVolunteers":"No",
          "Gender":"All",
          "MinimumAge":"18 Years",
          "StdAgeList":{
            "StdAge":[
              "Adult",
              "Older Adult"
            ]
          }
        },
        "ContactsLocationsModule":{
          "OverallOfficialList":{
            "OverallOfficial":[
              {
                "OverallOfficialName":"Hu Zeng, PhD",
                "OverallOfficialAffiliation":"Mayo Clinic",
                "OverallOfficialRole":"Principal Investigator"
              }
            ]
          },
          "LocationList":{
            "Location":[
              {
                "LocationFacility":"Mayo Clinic in Rochester",
                "LocationStatus":"Recruiting",
                "LocationCity":"Rochester",
                "LocationState":"Minnesota",
                "LocationZip":"55905",
                "LocationCountry":"United States",
                "LocationContactList":{
                  "LocationContact":[
                    {
                      "LocationContactName":"Jane M Jaquith",
                      "LocationContactRole":"Contact",
                      "LocationContactPhone":"507-284-4502",
                      "LocationContactEMail":"jaquith.jane@mayo.edu"
                    }
                  ]
                }
              }
            ]
          }
        }
      },
      "DerivedSection":{
        "MiscInfoModule":{
          "VersionHolder":"April 19, 2021"
        },
        "ConditionBrowseModule":{
          "ConditionMeshList":{
            "ConditionMesh":[
              {
                "ConditionMeshId":"D000013166",
                "ConditionMeshTerm":"Spondylitis"
              },{
                "ConditionMeshId":"D000001168",
                "ConditionMeshTerm":"Arthritis"
              },{
                "ConditionMeshId":"D000015535",
                "ConditionMeshTerm":"Arthritis, Psoriatic"
              },{
                "ConditionMeshId":"D000013167",
                "ConditionMeshTerm":"Spondylitis, Ankylosing"
              },{
                "ConditionMeshId":"D000012216",
                "ConditionMeshTerm":"Rheumatic Diseases"
              },{
                "ConditionMeshId":"D000012859",
                "ConditionMeshTerm":"Sjogren's Syndrome"
              },{
                "ConditionMeshId":"D000009220",
                "ConditionMeshTerm":"Myositis"
              },{
                "ConditionMeshId":"D000015212",
                "ConditionMeshTerm":"Inflammatory Bowel Diseases"
              },{
                "ConditionMeshId":"D000008180",
                "ConditionMeshTerm":"Lupus Erythematosus, Systemic"
              },{
                "ConditionMeshId":"D000003095",
                "ConditionMeshTerm":"Collagen Diseases"
              }
            ]
          },
          "ConditionAncestorList":{
            "ConditionAncestor":[
              {
                "ConditionAncestorId":"D000007592",
                "ConditionAncestorTerm":"Joint Diseases"
              },{
                "ConditionAncestorId":"D000009140",
                "ConditionAncestorTerm":"Musculoskeletal Diseases"
              },{
                "ConditionAncestorId":"D000007410",
                "ConditionAncestorTerm":"Intestinal Diseases"
              },{
                "ConditionAncestorId":"D000005767",
                "ConditionAncestorTerm":"Gastrointestinal Diseases"
              },{
                "ConditionAncestorId":"D000004066",
                "ConditionAncestorTerm":"Digestive System Diseases"
              },{
                "ConditionAncestorId":"D000005759",
                "ConditionAncestorTerm":"Gastroenteritis"
              },{
                "ConditionAncestorId":"D000003240",
                "ConditionAncestorTerm":"Connective Tissue Diseases"
              },{
                "ConditionAncestorId":"D000001327",
                "ConditionAncestorTerm":"Autoimmune Diseases"
              },{
                "ConditionAncestorId":"D000007154",
                "ConditionAncestorTerm":"Immune System Diseases"
              },{
                "ConditionAncestorId":"D000001850",
                "ConditionAncestorTerm":"Bone Diseases, Infectious"
              },{
                "ConditionAncestorId":"D000007239",
                "ConditionAncestorTerm":"Infection"
              },{
                "ConditionAncestorId":"D000001847",
                "ConditionAncestorTerm":"Bone Diseases"
              },{
                "ConditionAncestorId":"D000013122",
                "ConditionAncestorTerm":"Spinal Diseases"
              },{
                "ConditionAncestorId":"D000025242",
                "ConditionAncestorTerm":"Spondylarthropathies"
              },{
                "ConditionAncestorId":"D000025241",
                "ConditionAncestorTerm":"Spondylarthritis"
              },{
                "ConditionAncestorId":"D000011565",
                "ConditionAncestorTerm":"Psoriasis"
              },{
                "ConditionAncestorId":"D000017444",
                "ConditionAncestorTerm":"Skin Diseases, Papulosquamous"
              },{
                "ConditionAncestorId":"D000012871",
                "ConditionAncestorTerm":"Skin Diseases"
              },{
                "ConditionAncestorId":"D000000844",
                "ConditionAncestorTerm":"Ankylosis"
              },{
                "ConditionAncestorId":"D000001172",
                "ConditionAncestorTerm":"Arthritis, Rheumatoid"
              },{
                "ConditionAncestorId":"D000014987",
                "ConditionAncestorTerm":"Xerostomia"
              },{
                "ConditionAncestorId":"D000012466",
                "ConditionAncestorTerm":"Salivary Gland Diseases"
              },{
                "ConditionAncestorId":"D000009059",
                "ConditionAncestorTerm":"Mouth Diseases"
              },{
                "ConditionAncestorId":"D000009057",
                "ConditionAncestorTerm":"Stomatognathic Diseases"
              },{
                "ConditionAncestorId":"D000015352",
                "ConditionAncestorTerm":"Dry Eye Syndromes"
              },{
                "ConditionAncestorId":"D000007766",
                "ConditionAncestorTerm":"Lacrimal Apparatus Diseases"
              },{
                "ConditionAncestorId":"D000005128",
                "ConditionAncestorTerm":"Eye Diseases"
              },{
                "ConditionAncestorId":"D000009135",
                "ConditionAncestorTerm":"Muscular Diseases"
              },{
                "ConditionAncestorId":"D000009468",
                "ConditionAncestorTerm":"Neuromuscular Diseases"
              },{
                "ConditionAncestorId":"D000009422",
                "ConditionAncestorTerm":"Nervous System Diseases"
              }
            ]
          },
          "ConditionBrowseLeafList":{
            "ConditionBrowseLeaf":[
              {
                "ConditionBrowseLeafId":"M9027",
                "ConditionBrowseLeafName":"Intestinal Diseases",
                "ConditionBrowseLeafRelevance":"low"
              },{
                "ConditionBrowseLeafId":"M16500",
                "ConditionBrowseLeafName":"Inflammatory Bowel Diseases",
                "ConditionBrowseLeafAsFound":"Inflammatory Bowel Disease",
                "ConditionBrowseLeafRelevance":"high"
              },{
                "ConditionBrowseLeafId":"M14247",
                "ConditionBrowseLeafName":"Sjogren's Syndrome",
                "ConditionBrowseLeafAsFound":"Sjögren's Syndrome",
                "ConditionBrowseLeafRelevance":"high"
              },{
                "ConditionBrowseLeafId":"M14938",
                "ConditionBrowseLeafName":"Syndrome",
                "ConditionBrowseLeafRelevance":"low"
              },{
                "ConditionBrowseLeafId":"M13628",
                "ConditionBrowseLeafName":"Rheumatic Diseases",
                "ConditionBrowseLeafAsFound":"Rheumatic Diseases",
                "ConditionBrowseLeafRelevance":"high"
              },{
                "ConditionBrowseLeafId":"M4906",
                "ConditionBrowseLeafName":"Collagen Diseases",
                "ConditionBrowseLeafAsFound":"Rheumatic Diseases",
                "ConditionBrowseLeafRelevance":"high"
              },{
                "ConditionBrowseLeafId":"M11509",
                "ConditionBrowseLeafName":"Osteoarthritis",
                "ConditionBrowseLeafRelevance":"low"
              },{
                "ConditionBrowseLeafId":"M7760",
                "ConditionBrowseLeafName":"Gout",
                "ConditionBrowseLeafRelevance":"low"
              },{
                "ConditionBrowseLeafId":"M3057",
                "ConditionBrowseLeafName":"Arthritis",
                "ConditionBrowseLeafAsFound":"Arthritis",
                "ConditionBrowseLeafRelevance":"high"
              },{
                "ConditionBrowseLeafId":"M16761",
                "ConditionBrowseLeafName":"Arthritis, Psoriatic",
                "ConditionBrowseLeafAsFound":"Psoriatic Arthritis",
                "ConditionBrowseLeafRelevance":"high"
              },{
                "ConditionBrowseLeafId":"M14544",
                "ConditionBrowseLeafName":"Spondylitis",
                "ConditionBrowseLeafAsFound":"Spondylitis",
                "ConditionBrowseLeafRelevance":"high"
              },{
                "ConditionBrowseLeafId":"M14545",
                "ConditionBrowseLeafName":"Spondylitis, Ankylosing",
                "ConditionBrowseLeafAsFound":"Ankylosing Spondylitis",
                "ConditionBrowseLeafRelevance":"high"
              },{
                "ConditionBrowseLeafId":"M10755",
                "ConditionBrowseLeafName":"Myositis",
                "ConditionBrowseLeafAsFound":"Myositis",
                "ConditionBrowseLeafRelevance":"high"
              },{
                "ConditionBrowseLeafId":"M9760",
                "ConditionBrowseLeafName":"Lupus Erythematosus, Systemic",
                "ConditionBrowseLeafAsFound":"Systemic Lupus Erythematosus",
                "ConditionBrowseLeafRelevance":"high"
              },{
                "ConditionBrowseLeafId":"M9204",
                "ConditionBrowseLeafName":"Joint Diseases",
                "ConditionBrowseLeafRelevance":"low"
              },{
                "ConditionBrowseLeafId":"M10680",
                "ConditionBrowseLeafName":"Musculoskeletal Diseases",
                "ConditionBrowseLeafRelevance":"low"
              },{
                "ConditionBrowseLeafId":"M5838",
                "ConditionBrowseLeafName":"Digestive System Diseases",
                "ConditionBrowseLeafRelevance":"low"
              },{
                "ConditionBrowseLeafId":"M7466",
                "ConditionBrowseLeafName":"Gastrointestinal Diseases",
                "ConditionBrowseLeafRelevance":"low"
              },{
                "ConditionBrowseLeafId":"M7458",
                "ConditionBrowseLeafName":"Gastroenteritis",
                "ConditionBrowseLeafRelevance":"low"
              },{
                "ConditionBrowseLeafId":"M5047",
                "ConditionBrowseLeafName":"Connective Tissue Diseases",
                "ConditionBrowseLeafRelevance":"low"
              },{
                "ConditionBrowseLeafId":"M3210",
                "ConditionBrowseLeafName":"Autoimmune Diseases",
                "ConditionBrowseLeafRelevance":"low"
              },{
                "ConditionBrowseLeafId":"M8783",
                "ConditionBrowseLeafName":"Immune System Diseases",
                "ConditionBrowseLeafRelevance":"low"
              },{
                "ConditionBrowseLeafId":"M8866",
                "ConditionBrowseLeafName":"Infection",
                "ConditionBrowseLeafRelevance":"low"
              },{
                "ConditionBrowseLeafId":"M4951",
                "ConditionBrowseLeafName":"Communicable Diseases",
                "ConditionBrowseLeafRelevance":"low"
              },{
                "ConditionBrowseLeafId":"M3708",
                "ConditionBrowseLeafName":"Bone Diseases",
                "ConditionBrowseLeafRelevance":"low"
              },{
                "ConditionBrowseLeafId":"M3711",
                "ConditionBrowseLeafName":"Bone Diseases, Infectious",
                "ConditionBrowseLeafRelevance":"low"
              },{
                "ConditionBrowseLeafId":"M14502",
                "ConditionBrowseLeafName":"Spinal Diseases",
                "ConditionBrowseLeafRelevance":"low"
              },{
                "ConditionBrowseLeafId":"M21620",
                "ConditionBrowseLeafName":"Spondylarthropathies",
                "ConditionBrowseLeafRelevance":"low"
              },{
                "ConditionBrowseLeafId":"M21619",
                "ConditionBrowseLeafName":"Spondylarthritis",
                "ConditionBrowseLeafRelevance":"low"
              },{
                "ConditionBrowseLeafId":"M13005",
                "ConditionBrowseLeafName":"Psoriasis",
                "ConditionBrowseLeafRelevance":"low"
              },{
                "ConditionBrowseLeafId":"M14257",
                "ConditionBrowseLeafName":"Skin Diseases",
                "ConditionBrowseLeafRelevance":"low"
              },{
                "ConditionBrowseLeafId":"M18296",
                "ConditionBrowseLeafName":"Skin Diseases, Papulosquamous",
                "ConditionBrowseLeafRelevance":"low"
              },{
                "ConditionBrowseLeafId":"M2751",
                "ConditionBrowseLeafName":"Ankylosis",
                "ConditionBrowseLeafRelevance":"low"
              },{
                "ConditionBrowseLeafId":"M3061",
                "ConditionBrowseLeafName":"Arthritis, Rheumatoid",
                "ConditionBrowseLeafRelevance":"low"
              },{
                "ConditionBrowseLeafId":"M16307",
                "ConditionBrowseLeafName":"Xerostomia",
                "ConditionBrowseLeafRelevance":"low"
              },{
                "ConditionBrowseLeafId":"M13868",
                "ConditionBrowseLeafName":"Salivary Gland Diseases",
                "ConditionBrowseLeafRelevance":"low"
              },{
                "ConditionBrowseLeafId":"M10602",
                "ConditionBrowseLeafName":"Mouth Diseases",
                "ConditionBrowseLeafRelevance":"low"
              },{
                "ConditionBrowseLeafId":"M10600",
                "ConditionBrowseLeafName":"Stomatognathic Diseases",
                "ConditionBrowseLeafRelevance":"low"
              },{
                "ConditionBrowseLeafId":"M9247",
                "ConditionBrowseLeafName":"Keratoconjunctivitis Sicca",
                "ConditionBrowseLeafRelevance":"low"
              },{
                "ConditionBrowseLeafId":"M16623",
                "ConditionBrowseLeafName":"Dry Eye Syndromes",
                "ConditionBrowseLeafRelevance":"low"
              },{
                "ConditionBrowseLeafId":"M9369",
                "ConditionBrowseLeafName":"Lacrimal Apparatus Diseases",
                "ConditionBrowseLeafRelevance":"low"
              },{
                "ConditionBrowseLeafId":"M6854",
                "ConditionBrowseLeafName":"Eye Diseases",
                "ConditionBrowseLeafRelevance":"low"
              },{
                "ConditionBrowseLeafId":"M10675",
                "ConditionBrowseLeafName":"Muscular Diseases",
                "ConditionBrowseLeafRelevance":"low"
              },{
                "ConditionBrowseLeafId":"M10994",
                "ConditionBrowseLeafName":"Neuromuscular Diseases",
                "ConditionBrowseLeafRelevance":"low"
              },{
                "ConditionBrowseLeafId":"T3001",
                "ConditionBrowseLeafName":"Idiopathic Inflammatory Myopathy",
                "ConditionBrowseLeafRelevance":"low"
              },{
                "ConditionBrowseLeafId":"T5412",
                "ConditionBrowseLeafName":"Spondylarthropathy",
                "ConditionBrowseLeafRelevance":"low"
              }
            ]
          },
          "ConditionBrowseBranchList":{
            "ConditionBrowseBranch":[
              {
                "ConditionBrowseBranchAbbrev":"BC06",
                "ConditionBrowseBranchName":"Digestive System Diseases"
              },{
                "ConditionBrowseBranchAbbrev":"All",
                "ConditionBrowseBranchName":"All Conditions"
              },{
                "ConditionBrowseBranchAbbrev":"BC05",
                "ConditionBrowseBranchName":"Muscle, Bone, and Cartilage Diseases"
              },{
                "ConditionBrowseBranchAbbrev":"BC07",
                "ConditionBrowseBranchName":"Mouth and Tooth Diseases"
              },{
                "ConditionBrowseBranchAbbrev":"BC11",
                "ConditionBrowseBranchName":"Eye Diseases"
              },{
                "ConditionBrowseBranchAbbrev":"BC17",
                "ConditionBrowseBranchName":"Skin and Connective Tissue Diseases"
              },{
                "ConditionBrowseBranchAbbrev":"BC20",
                "ConditionBrowseBranchName":"Immune System Diseases"
              },{
                "ConditionBrowseBranchAbbrev":"BC23",
                "ConditionBrowseBranchName":"Symptoms and General Pathology"
              },{
                "ConditionBrowseBranchAbbrev":"BC16",
                "ConditionBrowseBranchName":"Diseases and Abnormalities at or Before Birth"
              },{
                "ConditionBrowseBranchAbbrev":"BC18",
                "ConditionBrowseBranchName":"Nutritional and Metabolic Diseases"
              },{
                "ConditionBrowseBranchAbbrev":"BC01",
                "ConditionBrowseBranchName":"Bacterial and Fungal Diseases"
              },{
                "ConditionBrowseBranchAbbrev":"BC10",
                "ConditionBrowseBranchName":"Nervous System Diseases"
              },{
                "ConditionBrowseBranchAbbrev":"Rare",
                "ConditionBrowseBranchName":"Rare Diseases"
              }
            ]
          }
        },
        "InterventionBrowseModule":{
          "InterventionBrowseLeafList":{
            "InterventionBrowseLeaf":[
              {
                "InterventionBrowseLeafId":"M15943",
                "InterventionBrowseLeafName":"Vaccines",
                "InterventionBrowseLeafRelevance":"low"
              }
            ]
          },
          "InterventionBrowseBranchList":{
            "InterventionBrowseBranch":[
              {
                "InterventionBrowseBranchAbbrev":"All",
                "InterventionBrowseBranchName":"All Drugs and Chemicals"
              }
            ]
          }
        }
      }
    }
  }
}

