{
  "FullStudy":{
    "Rank":1187,
    "Study":{
      "ProtocolSection":{
        "IdentificationModule":{
          "NCTId":"NCT04834518",
          "OrgStudyIdInfo":{
            "OrgStudyId":"0186-20-RMC & 184-20COM"
          },
          "Organization":{
            "OrgFullName":"Rabin Medical Center",
            "OrgClass":"OTHER"
          },
          "BriefTitle":"Screening for Islet Autoantibodies in the Israeli Paediatric General Population for Detection of Pre-symptomatic Type-1 Diabetes Mellitus",
          "OfficialTitle":"Screening for Islet Autoantibodies in the Israeli Paediatric General Population for Detection of Pre-symptomatic Type-1 Diabetes Mellitus",
          "Acronym":"ADIR"
        },
        "StatusModule":{
          "StatusVerifiedDate":"March 2021",
          "OverallStatus":"Not yet recruiting",
          "ExpandedAccessInfo":{
            "HasExpandedAccess":"No"
          },
          "StartDateStruct":{
            "StartDate":"April 1, 2021",
            "StartDateType":"Anticipated"
          },
          "PrimaryCompletionDateStruct":{
            "PrimaryCompletionDate":"March 31, 2027",
            "PrimaryCompletionDateType":"Anticipated"
          },
          "CompletionDateStruct":{
            "CompletionDate":"March 31, 2027",
            "CompletionDateType":"Anticipated"
          },
          "StudyFirstSubmitDate":"April 4, 2021",
          "StudyFirstSubmitQCDate":"April 4, 2021",
          "StudyFirstPostDateStruct":{
            "StudyFirstPostDate":"April 8, 2021",
            "StudyFirstPostDateType":"Actual"
          },
          "LastUpdateSubmitDate":"April 4, 2021",
          "LastUpdatePostDateStruct":{
            "LastUpdatePostDate":"April 8, 2021",
            "LastUpdatePostDateType":"Actual"
          }
        },
        "SponsorCollaboratorsModule":{
          "ResponsibleParty":{
            "ResponsiblePartyType":"Sponsor"
          },
          "LeadSponsor":{
            "LeadSponsorName":"Rabin Medical Center",
            "LeadSponsorClass":"OTHER"
          },
          "CollaboratorList":{
            "Collaborator":[
              {
                "CollaboratorName":"JDRF",
                "CollaboratorClass":"UNKNOWN"
              }
            ]
          }
        },
        "OversightModule":{
          "OversightHasDMC":"Yes",
          "IsFDARegulatedDrug":"No",
          "IsFDARegulatedDevice":"No"
        },
        "DescriptionModule":{
          "BriefSummary":"A national screening program for children aged 9-18 months that will be tested for the presence of islet autoantibodies.Up to 50,000 Children will be screened by their primary care physician all over Israel. The initial screening will be done at the age of 1 year (in conjunction with the routinely collection of blood for CBC ) and repeated at ages 2-5 years. Antibodies will be measured in capillary blood samples using the Ultrasensitive Antibody Detection by Agglutination-PCR (ADAP) technology developed by Enable Biosciences, which is 1,000-10,000 times more analytically sensitive than currently used methods. By using this innovative technology in such a large cohort, we anticipate that we will be able to detect antibodies at an unprecedented earlier age.When positive in the screening, multiple antibodies will be confirmed by a second sample analyzed by the ADAP technology. In addition, multiple antibodies will be also measured using a radio-binding assay (RBA) of a venous blood sample for investigational purpose only. Children with confirmed multiple antibodies (stage 1 or 2 T1D) will be followed up routinely for the appearance of clinical signs of diabetes (HbA1c, repeated OGTT, monitoring of urine and blood glucose where indicated) and will be invited along with their families to attend an educational program. This program will include diabetes education emphasizing on DKA prevention as well as stress assessment for the families involved and stress alleviating interventions. The analysis and storage of the samples will be done in a single screening center at Schneider Children's Medical Center of Israel."
        },
        "ConditionsModule":{
          "ConditionList":{
            "Condition":[
              "Type1diabetes"
            ]
          },
          "KeywordList":{
            "Keyword":[
              "autoantibodies screening"
            ]
          }
        },
        "DesignModule":{
          "StudyType":"Observational",
          "PatientRegistry":"No",
          "DesignInfo":{
            "DesignObservationalModelList":{
              "DesignObservationalModel":[
                "Cohort"
              ]
            },
            "DesignTimePerspectiveList":{
              "DesignTimePerspective":[
                "Prospective"
              ]
            }
          },
          "EnrollmentInfo":{
            "EnrollmentCount":"50000",
            "EnrollmentType":"Anticipated"
          }
        },
        "ArmsInterventionsModule":{
          "ArmGroupList":{
            "ArmGroup":[
              {
                "ArmGroupLabel":"Negative result at the first autoantibodies screening test",
                "ArmGroupDescription":"Participants will be invited to repeat the screening test at the age of 2-5 years old"
              },{
                "ArmGroupLabel":"Positive result at the first or second autoantibodies screening test",
                "ArmGroupDescription":"Participants will be monitored annually for risk of type 1 diabetes. (HbA1c, repeated OGTT, monitoring of urine and blood glucose where indicated)\nFamilies will attend diabetes-educational program emphasizing on DKA prevention\nStress assessment for the families involved and stress alleviating interventions when required."
              }
            ]
          }
        },
        "OutcomesModule":{
          "PrimaryOutcomeList":{
            "PrimaryOutcome":[
              {
                "PrimaryOutcomeMeasure":"Diagnosis of presymptomatic type 1 diabetes",
                "PrimaryOutcomeDescription":"Presymptomatic type 1 diabetes, defined as positive for 2 or more islet autoantibodies (GADA, IA-2A, and IAA) or those with high levels of a single antibody in both the screening and confirmation samples or in the screening sample plus a diagnosis of diabetes prior to obtaining the conformation sample.\n\nPresymptomatic type 1 diabetes will be classified as stage 1, 2, or 3:\n\nStage 1 will be defined as 2 or more islet autoantibodies or high levels of a single antibody and normal glucose tolerance based on OGTT results. (not including patients with only a single antibody who have first degree relative with type 1 diabetes)\nStage 2 will be defined as 1 or more islet autoantibodies accompanied by dysglycemia (fasting plasma glucose of 110-125 mg/dL or impaired 2-hour plasma glucose of 140- 199 mg/dL and/or plasma glucose ≥200 mg/dL at intermediate time points [30, 60, 90 minutes]) based on OGTT results.\nStage 3 will be defined according to the American Diabetes Association criteria",
                "PrimaryOutcomeTimeFrame":"End of screening and follow-up period-4 years after obtaining the first screening test"
              },{
                "PrimaryOutcomeMeasure":"Frequency of Diabetic Ketoacidosis on the clinical presentation of Type 1 Diabetes",
                "PrimaryOutcomeTimeFrame":"End of screening and follow-up period-4 years after obtaining the first screening test"
              }
            ]
          },
          "SecondaryOutcomeList":{
            "SecondaryOutcome":[
              {
                "SecondaryOutcomeMeasure":"The average age of islet autoantibody seroconversion",
                "SecondaryOutcomeTimeFrame":"End of screening and follow-up period-4 years after obtaining the first screening test"
              },{
                "SecondaryOutcomeMeasure":"The rate of islet autoantibody seroconversion",
                "SecondaryOutcomeTimeFrame":"End of screening and follow-up period-4 years after obtaining the first screening test"
              },{
                "SecondaryOutcomeMeasure":"The rate of progression from pre-symptomatic T1D to clinical diabetes",
                "SecondaryOutcomeTimeFrame":"End of screening and follow-up period-4 years after obtaining the first screening test"
              }
            ]
          }
        },
        "EligibilityModule":{
          "EligibilityCriteria":"Inclusion Criteria:\n\nInformed consent obtained before any trial-related activities\nChildren aged 9-18 months at first screening.\n\nExclusion Criteria:\n\nKnown diagnosis of diabetes (Type 1 or other)",
          "Gender":"All",
          "MinimumAge":"9 Months",
          "MaximumAge":"18 Months",
          "StdAgeList":{
            "StdAge":[
              "Child"
            ]
          },
          "StudyPopulation":"Children from the general population of all over Israel, aged 9-18 months arriving to the routine blood test for CBC or to any other routine visit to the community pediatrician.",
          "SamplingMethod":"Probability Sample"
        },
        "ContactsLocationsModule":{
          "CentralContactList":{
            "CentralContact":[
              {
                "CentralContactName":"Moshe Phillip, Prof",
                "CentralContactRole":"Contact",
                "CentralContactPhone":"972-544-795-995",
                "CentralContactEMail":"moshe.phillip@phillipmd.com"
              },{
                "CentralContactName":"Alona Hamou, MSc",
                "CentralContactRole":"Contact",
                "CentralContactPhone":"972-545-950-277",
                "CentralContactEMail":"alonah@clalit.org.il"
              }
            ]
          },
          "OverallOfficialList":{
            "OverallOfficial":[
              {
                "OverallOfficialName":"Moshe Phillip, Prof",
                "OverallOfficialAffiliation":"Schneider Children's Medical Center",
                "OverallOfficialRole":"Study Director"
              }
            ]
          },
          "LocationList":{
            "Location":[
              {
                "LocationFacility":"Child Health Center Giyora",
                "LocationCity":"Or Yehuda",
                "LocationCountry":"Israel"
              },{
                "LocationFacility":"Schneider Children Medical Center of Israel",
                "LocationCity":"Petach-Tikva",
                "LocationCountry":"Israel",
                "LocationContactList":{
                  "LocationContact":[
                    {
                      "LocationContactName":"Alona Hamou, MSc",
                      "LocationContactRole":"Contact",
                      "LocationContactPhone":"972-545-950-277",
                      "LocationContactEMail":"alonah@clalit.org.il"
                    },{
                      "LocationContactName":"Moshe Phillip, Prof",
                      "LocationContactRole":"Principal Investigator"
                    },{
                      "LocationContactName":"Tal Oron, Dr.",
                      "LocationContactRole":"Sub-Investigator"
                    }
                  ]
                }
              },{
                "LocationFacility":"Child Health Center Petah-Tikva",
                "LocationCity":"Petah-Tikva",
                "LocationCountry":"Israel",
                "LocationContactList":{
                  "LocationContact":[
                    {
                      "LocationContactName":"Avner Cohen, Prof",
                      "LocationContactRole":"Contact",
                      "LocationContactPhone":"972-523-870-827",
                      "LocationContactEMail":"hermanc@tauex.tau.ac.il"
                    },{
                      "LocationContactName":"Avner Cohen, Prof",
                      "LocationContactRole":"Principal Investigator"
                    }
                  ]
                }
              },{
                "LocationFacility":"Em-Hamoshavot Clinic",
                "LocationCity":"Petah-tikva",
                "LocationCountry":"Israel",
                "LocationContactList":{
                  "LocationContact":[
                    {
                      "LocationContactName":"Vered Zemer Shkalim, Dr",
                      "LocationContactRole":"Contact",
                      "LocationContactPhone":"972-544-332-195",
                      "LocationContactEMail":"Veredsh2@clalit.org.il"
                    },{
                      "LocationContactName":"Vered Zemer Shkalim, Dr",
                      "LocationContactRole":"Sub-Investigator"
                    }
                  ]
                }
              },{
                "LocationFacility":"Naveh-Gan Clinic",
                "LocationCity":"Petah-Tikva",
                "LocationCountry":"Israel",
                "LocationContactList":{
                  "LocationContact":[
                    {
                      "LocationContactName":"Yifat Atias, Dr",
                      "LocationContactRole":"Contact",
                      "LocationContactPhone":"972-52-564-3302",
                      "LocationContactEMail":"ifatat@clalit.org.il"
                    },{
                      "LocationContactName":"Yifat Atias, Dr",
                      "LocationContactRole":"Sub-Investigator"
                    }
                  ]
                }
              }
            ]
          }
        },
        "IPDSharingStatementModule":{
          "IPDSharing":"Undecided"
        }
      },
      "DerivedSection":{
        "MiscInfoModule":{
          "VersionHolder":"April 19, 2021"
        },
        "ConditionBrowseModule":{
          "ConditionMeshList":{
            "ConditionMesh":[
              {
                "ConditionMeshId":"D000003920",
                "ConditionMeshTerm":"Diabetes Mellitus"
              },{
                "ConditionMeshId":"D000003922",
                "ConditionMeshTerm":"Diabetes Mellitus, Type 1"
              }
            ]
          },
          "ConditionAncestorList":{
            "ConditionAncestor":[
              {
                "ConditionAncestorId":"D000044882",
                "ConditionAncestorTerm":"Glucose Metabolism Disorders"
              },{
                "ConditionAncestorId":"D000008659",
                "ConditionAncestorTerm":"Metabolic Diseases"
              },{
                "ConditionAncestorId":"D000004700",
                "ConditionAncestorTerm":"Endocrine System Diseases"
              },{
                "ConditionAncestorId":"D000001327",
                "ConditionAncestorTerm":"Autoimmune Diseases"
              },{
                "ConditionAncestorId":"D000007154",
                "ConditionAncestorTerm":"Immune System Diseases"
              }
            ]
          },
          "ConditionBrowseLeafList":{
            "ConditionBrowseLeaf":[
              {
                "ConditionBrowseLeafId":"M5698",
                "ConditionBrowseLeafName":"Diabetes Mellitus",
                "ConditionBrowseLeafAsFound":"Diabetes Mellitus",
                "ConditionBrowseLeafRelevance":"high"
              },{
                "ConditionBrowseLeafId":"M5700",
                "ConditionBrowseLeafName":"Diabetes Mellitus, Type 1",
                "ConditionBrowseLeafAsFound":"Type 1 Diabetes",
                "ConditionBrowseLeafRelevance":"high"
              },{
                "ConditionBrowseLeafId":"M10222",
                "ConditionBrowseLeafName":"Metabolic Diseases",
                "ConditionBrowseLeafRelevance":"low"
              },{
                "ConditionBrowseLeafId":"M23990",
                "ConditionBrowseLeafName":"Glucose Metabolism Disorders",
                "ConditionBrowseLeafRelevance":"low"
              },{
                "ConditionBrowseLeafId":"M6445",
                "ConditionBrowseLeafName":"Endocrine System Diseases",
                "ConditionBrowseLeafRelevance":"low"
              },{
                "ConditionBrowseLeafId":"M3210",
                "ConditionBrowseLeafName":"Autoimmune Diseases",
                "ConditionBrowseLeafRelevance":"low"
              },{
                "ConditionBrowseLeafId":"M8783",
                "ConditionBrowseLeafName":"Immune System Diseases",
                "ConditionBrowseLeafRelevance":"low"
              }
            ]
          },
          "ConditionBrowseBranchList":{
            "ConditionBrowseBranch":[
              {
                "ConditionBrowseBranchAbbrev":"BC18",
                "ConditionBrowseBranchName":"Nutritional and Metabolic Diseases"
              },{
                "ConditionBrowseBranchAbbrev":"BC19",
                "ConditionBrowseBranchName":"Gland and Hormone Related Diseases"
              },{
                "ConditionBrowseBranchAbbrev":"All",
                "ConditionBrowseBranchName":"All Conditions"
              },{
                "ConditionBrowseBranchAbbrev":"BC20",
                "ConditionBrowseBranchName":"Immune System Diseases"
              }
            ]
          }
        },
        "InterventionBrowseModule":{
          "InterventionBrowseLeafList":{
            "InterventionBrowseLeaf":[
              {
                "InterventionBrowseLeafId":"M3206",
                "InterventionBrowseLeafName":"Autoantibodies",
                "InterventionBrowseLeafRelevance":"low"
              }
            ]
          },
          "InterventionBrowseBranchList":{
            "InterventionBrowseBranch":[
              {
                "InterventionBrowseBranchAbbrev":"All",
                "InterventionBrowseBranchName":"All Drugs and Chemicals"
              }
            ]
          }
        }
      }
    }
  }
}

