{
  "FullStudy":{
    "Rank":1141,
    "Study":{
      "ProtocolSection":{
        "IdentificationModule":{
          "NCTId":"NCT04835116",
          "OrgStudyIdInfo":{
            "OrgStudyId":"AFIU Rawalpindi"
          },
          "Organization":{
            "OrgFullName":"Armed Forces Institute of Urology, Rawalpindi",
            "OrgClass":"OTHER"
          },
          "BriefTitle":"Comparison of Post-Operative Analgesia After Percutaneous Nephrolithotomy.",
          "OfficialTitle":"Comparison of Post-Operative Analgesia With Peri Tract Local Anesthesia Infiltration and Oral Analgesia Versus Post-Operative Intravenous Analgesia After Percutaneous Nephrolithotomy."
        },
        "StatusModule":{
          "StatusVerifiedDate":"April 2021",
          "OverallStatus":"Completed",
          "ExpandedAccessInfo":{
            "HasExpandedAccess":"No"
          },
          "StartDateStruct":{
            "StartDate":"April 11, 2019",
            "StartDateType":"Actual"
          },
          "PrimaryCompletionDateStruct":{
            "PrimaryCompletionDate":"October 11, 2019",
            "PrimaryCompletionDateType":"Actual"
          },
          "CompletionDateStruct":{
            "CompletionDate":"October 11, 2019",
            "CompletionDateType":"Actual"
          },
          "StudyFirstSubmitDate":"March 28, 2021",
          "StudyFirstSubmitQCDate":"April 4, 2021",
          "StudyFirstPostDateStruct":{
            "StudyFirstPostDate":"April 8, 2021",
            "StudyFirstPostDateType":"Actual"
          },
          "LastUpdateSubmitDate":"April 10, 2021",
          "LastUpdatePostDateStruct":{
            "LastUpdatePostDate":"April 14, 2021",
            "LastUpdatePostDateType":"Actual"
          }
        },
        "SponsorCollaboratorsModule":{
          "ResponsibleParty":{
            "ResponsiblePartyType":"Principal Investigator",
            "ResponsiblePartyInvestigatorFullName":"Musab Umair Khalid",
            "ResponsiblePartyInvestigatorTitle":"Doctor",
            "ResponsiblePartyInvestigatorAffiliation":"Armed Forces Institute of Urology, Rawalpindi"
          },
          "LeadSponsor":{
            "LeadSponsorName":"Armed Forces Institute of Urology, Rawalpindi",
            "LeadSponsorClass":"OTHER"
          }
        },
        "OversightModule":{
          "OversightHasDMC":"Yes",
          "IsFDARegulatedDrug":"No",
          "IsFDARegulatedDevice":"No",
          "IsUSExport":"No"
        },
        "DescriptionModule":{
          "BriefSummary":"The rationale of this study was to compare the efficacy of peri-tract bupivacaine infiltration with intravenous post-operative analgesia following PCNL in reference to the context with the previous studies so that we can adopt the better technique to curtail the post-operative pain.",
          "DetailedDescription":"The rationale of this study was to compare the efficacy of peri-tract bupivacaine infiltration with intravenous postoperative analgesia following PCNL in reference to the context with the previous studies so that we can adopt the better technique to curtail the post-operative pain."
        },
        "ConditionsModule":{
          "ConditionList":{
            "Condition":[
              "Pain",
              "Postoperative Pain"
            ]
          },
          "KeywordList":{
            "Keyword":[
              "Local anesthesia, Percutaneous nephrolithotomy."
            ]
          }
        },
        "DesignModule":{
          "StudyType":"Interventional",
          "PhaseList":{
            "Phase":[
              "Phase 4"
            ]
          },
          "DesignInfo":{
            "DesignAllocation":"Randomized",
            "DesignInterventionModel":"Parallel Assignment",
            "DesignPrimaryPurpose":"Treatment",
            "DesignMaskingInfo":{
              "DesignMasking":"Single",
              "DesignWhoMaskedList":{
                "DesignWhoMasked":[
                  "Participant"
                ]
              }
            }
          },
          "EnrollmentInfo":{
            "EnrollmentCount":"68",
            "EnrollmentType":"Actual"
          }
        },
        "ArmsInterventionsModule":{
          "ArmGroupList":{
            "ArmGroup":[
              {
                "ArmGroupLabel":"Local Anesthesia",
                "ArmGroupType":"Other",
                "ArmGroupDescription":"Group A patients received peri tract local anaesthesia infiltration with 0.25% Bupivacaine.",
                "ArmGroupInterventionList":{
                  "ArmGroupInterventionName":[
                    "Drug: Bupivacaine Hydrochloride 0.25% Injection. Paracetamol 650mg. Orphenadrine 50mg.",
                    "Drug: paracetamol 1000mg. Tramadol 50mg. Dimenhydrinate 50mg."
                  ]
                }
              },{
                "ArmGroupLabel":"Intravenous Analgesics",
                "ArmGroupType":"Other",
                "ArmGroupDescription":"Group B patients received postoperative intravenous analgesia.",
                "ArmGroupInterventionList":{
                  "ArmGroupInterventionName":[
                    "Drug: Bupivacaine Hydrochloride 0.25% Injection. Paracetamol 650mg. Orphenadrine 50mg.",
                    "Drug: paracetamol 1000mg. Tramadol 50mg. Dimenhydrinate 50mg."
                  ]
                }
              }
            ]
          },
          "InterventionList":{
            "Intervention":[
              {
                "InterventionType":"Drug",
                "InterventionName":"Bupivacaine Hydrochloride 0.25% Injection. Paracetamol 650mg. Orphenadrine 50mg.",
                "InterventionDescription":"Group A patients were administered per-operative peri tract local anesthesia infiltration with 0.25% bupivacaine augmented by post-operative oral analgesia with a combination of Paracetamol 650 mg and Orphenadrine 50mg 6 hourly.",
                "InterventionArmGroupLabelList":{
                  "InterventionArmGroupLabel":[
                    "Intravenous Analgesics",
                    "Local Anesthesia"
                  ]
                },
                "InterventionOtherNameList":{
                  "InterventionOtherName":[
                    "Local Anesthesia"
                  ]
                }
              },{
                "InterventionType":"Drug",
                "InterventionName":"paracetamol 1000mg. Tramadol 50mg. Dimenhydrinate 50mg.",
                "InterventionDescription":"Group B patients were only given post-operative intra-venous analgesia by Paracetamol 1gm intravenous 8 hourly augmented with a combination of Tramadol 50mg and Dimenhydrinate 50mg as and when required",
                "InterventionArmGroupLabelList":{
                  "InterventionArmGroupLabel":[
                    "Intravenous Analgesics",
                    "Local Anesthesia"
                  ]
                },
                "InterventionOtherNameList":{
                  "InterventionOtherName":[
                    "Intravenous analgesic"
                  ]
                }
              }
            ]
          }
        },
        "OutcomesModule":{
          "PrimaryOutcomeList":{
            "PrimaryOutcome":[
              {
                "PrimaryOutcomeMeasure":"Comparison of Post-Operative Analgesia With Peri Tract Local Anesthesia Infiltration and Oral Analgesia Versus Post-Operative Intravenous Analgesia After Percutaneous Nephrolithotomy.",
                "PrimaryOutcomeDescription":"Efficacy of peri-tract infiltration of bupivacaine over standard oral analgesia in patients undergoing PCNL.\n\nMeasurement: Postoperative pain Measurement tool: Visual analog scale",
                "PrimaryOutcomeTimeFrame":"6 months"
              }
            ]
          }
        },
        "EligibilityModule":{
          "EligibilityCriteria":"Inclusion Criteria:\n\nall patients undergoing PCNL\nage from 12-65 years\nnormal renal functions\nno history of chronic pain\nASA I, II & III\nBoth genders\n\nExclusion Criteria:\n\nhistory of local anaesthesia allergy\nRedo PCNL\nMultiple punctures during PCNL\nExcessive intra-operative bleeding\nDiabetes mellitus\nCoagulopathy\nMental disorder\nASA IV & V\nActive urinary tract infection.",
          "HealthyVolunteers":"Accepts Healthy Volunteers",
          "Gender":"All",
          "MinimumAge":"12 Years",
          "MaximumAge":"65 Years",
          "StdAgeList":{
            "StdAge":[
              "Child",
              "Adult",
              "Older Adult"
            ]
          }
        },
        "ContactsLocationsModule":{
          "OverallOfficialList":{
            "OverallOfficial":[
              {
                "OverallOfficialName":"Musab Umair, MBBS",
                "OverallOfficialAffiliation":"Armed Forces Institute of Urology.",
                "OverallOfficialRole":"Principal Investigator"
              }
            ]
          },
          "LocationList":{
            "Location":[
              {
                "LocationFacility":"Armed Forces Institute of Urology.",
                "LocationCity":"Rawalpindi",
                "LocationState":"Punjab",
                "LocationZip":"47040",
                "LocationCountry":"Pakistan"
              }
            ]
          }
        },
        "IPDSharingStatementModule":{
          "IPDSharing":"No"
        }
      },
      "DerivedSection":{
        "MiscInfoModule":{
          "VersionHolder":"April 19, 2021"
        },
        "ConditionBrowseModule":{
          "ConditionMeshList":{
            "ConditionMesh":[
              {
                "ConditionMeshId":"D000010149",
                "ConditionMeshTerm":"Pain, Postoperative"
              }
            ]
          },
          "ConditionAncestorList":{
            "ConditionAncestor":[
              {
                "ConditionAncestorId":"D000011183",
                "ConditionAncestorTerm":"Postoperative Complications"
              },{
                "ConditionAncestorId":"D000010335",
                "ConditionAncestorTerm":"Pathologic Processes"
              },{
                "ConditionAncestorId":"D000010146",
                "ConditionAncestorTerm":"Pain"
              },{
                "ConditionAncestorId":"D000009461",
                "ConditionAncestorTerm":"Neurologic Manifestations"
              }
            ]
          },
          "ConditionBrowseLeafList":{
            "ConditionBrowseLeaf":[
              {
                "ConditionBrowseLeafId":"M11652",
                "ConditionBrowseLeafName":"Pain, Postoperative",
                "ConditionBrowseLeafAsFound":"Postoperative Pain",
                "ConditionBrowseLeafRelevance":"high"
              },{
                "ConditionBrowseLeafId":"M11649",
                "ConditionBrowseLeafName":"Pain",
                "ConditionBrowseLeafRelevance":"low"
              },{
                "ConditionBrowseLeafId":"M12648",
                "ConditionBrowseLeafName":"Postoperative Complications",
                "ConditionBrowseLeafRelevance":"low"
              },{
                "ConditionBrowseLeafId":"M10987",
                "ConditionBrowseLeafName":"Neurologic Manifestations",
                "ConditionBrowseLeafRelevance":"low"
              }
            ]
          },
          "ConditionBrowseBranchList":{
            "ConditionBrowseBranch":[
              {
                "ConditionBrowseBranchAbbrev":"BC23",
                "ConditionBrowseBranchName":"Symptoms and General Pathology"
              },{
                "ConditionBrowseBranchAbbrev":"All",
                "ConditionBrowseBranchName":"All Conditions"
              },{
                "ConditionBrowseBranchAbbrev":"BC10",
                "ConditionBrowseBranchName":"Nervous System Diseases"
              }
            ]
          }
        },
        "InterventionBrowseModule":{
          "InterventionMeshList":{
            "InterventionMesh":[
              {
                "InterventionMeshId":"D000000082",
                "InterventionMeshTerm":"Acetaminophen"
              },{
                "InterventionMeshId":"D000014147",
                "InterventionMeshTerm":"Tramadol"
              },{
                "InterventionMeshId":"D000000700",
                "InterventionMeshTerm":"Analgesics"
              },{
                "InterventionMeshId":"D000009966",
                "InterventionMeshTerm":"Orphenadrine"
              },{
                "InterventionMeshId":"D000004111",
                "InterventionMeshTerm":"Dimenhydrinate"
              },{
                "InterventionMeshId":"D000002045",
                "InterventionMeshTerm":"Bupivacaine"
              }
            ]
          },
          "InterventionAncestorList":{
            "InterventionAncestor":[
              {
                "InterventionAncestorId":"D000000779",
                "InterventionAncestorTerm":"Anesthetics, Local"
              },{
                "InterventionAncestorId":"D000000777",
                "InterventionAncestorTerm":"Anesthetics"
              },{
                "InterventionAncestorId":"D000002492",
                "InterventionAncestorTerm":"Central Nervous System Depressants"
              },{
                "InterventionAncestorId":"D000045505",
                "InterventionAncestorTerm":"Physiological Effects of Drugs"
              },{
                "InterventionAncestorId":"D000018689",
                "InterventionAncestorTerm":"Sensory System Agents"
              },{
                "InterventionAncestorId":"D000018373",
                "InterventionAncestorTerm":"Peripheral Nervous System Agents"
              },{
                "InterventionAncestorId":"D000018712",
                "InterventionAncestorTerm":"Analgesics, Non-Narcotic"
              },{
                "InterventionAncestorId":"D000058633",
                "InterventionAncestorTerm":"Antipyretics"
              },{
                "InterventionAncestorId":"D000000701",
                "InterventionAncestorTerm":"Analgesics, Opioid"
              },{
                "InterventionAncestorId":"D000009294",
                "InterventionAncestorTerm":"Narcotics"
              },{
                "InterventionAncestorId":"D000000978",
                "InterventionAncestorTerm":"Antiparkinson Agents"
              },{
                "InterventionAncestorId":"D000018726",
                "InterventionAncestorTerm":"Anti-Dyskinesia Agents"
              },{
                "InterventionAncestorId":"D000009125",
                "InterventionAncestorTerm":"Muscle Relaxants, Central"
              },{
                "InterventionAncestorId":"D000009465",
                "InterventionAncestorTerm":"Neuromuscular Agents"
              },{
                "InterventionAncestorId":"D000010276",
                "InterventionAncestorTerm":"Parasympatholytics"
              },{
                "InterventionAncestorId":"D000001337",
                "InterventionAncestorTerm":"Autonomic Agents"
              },{
                "InterventionAncestorId":"D000018727",
                "InterventionAncestorTerm":"Muscarinic Antagonists"
              },{
                "InterventionAncestorId":"D000018680",
                "InterventionAncestorTerm":"Cholinergic Antagonists"
              },{
                "InterventionAncestorId":"D000018678",
                "InterventionAncestorTerm":"Cholinergic Agents"
              },{
                "InterventionAncestorId":"D000018377",
                "InterventionAncestorTerm":"Neurotransmitter Agents"
              },{
                "InterventionAncestorId":"D000045504",
                "InterventionAncestorTerm":"Molecular Mechanisms of Pharmacological Action"
              },{
                "InterventionAncestorId":"D000065686",
                "InterventionAncestorTerm":"Cytochrome P-450 CYP2B6 Inhibitors"
              },{
                "InterventionAncestorId":"D000065607",
                "InterventionAncestorTerm":"Cytochrome P-450 Enzyme Inhibitors"
              },{
                "InterventionAncestorId":"D000004791",
                "InterventionAncestorTerm":"Enzyme Inhibitors"
              },{
                "InterventionAncestorId":"D000000932",
                "InterventionAncestorTerm":"Antiemetics"
              },{
                "InterventionAncestorId":"D000005765",
                "InterventionAncestorTerm":"Gastrointestinal Agents"
              },{
                "InterventionAncestorId":"D000006634",
                "InterventionAncestorTerm":"Histamine H1 Antagonists"
              },{
                "InterventionAncestorId":"D000006633",
                "InterventionAncestorTerm":"Histamine Antagonists"
              },{
                "InterventionAncestorId":"D000018494",
                "InterventionAncestorTerm":"Histamine Agents"
              }
            ]
          },
          "InterventionBrowseLeafList":{
            "InterventionBrowseLeaf":[
              {
                "InterventionBrowseLeafId":"M3897",
                "InterventionBrowseLeafName":"Bupivacaine",
                "InterventionBrowseLeafAsFound":"Epidural analgesia",
                "InterventionBrowseLeafRelevance":"high"
              },{
                "InterventionBrowseLeafId":"M2688",
                "InterventionBrowseLeafName":"Anesthetics",
                "InterventionBrowseLeafRelevance":"low"
              },{
                "InterventionBrowseLeafId":"M15484",
                "InterventionBrowseLeafName":"Tramadol",
                "InterventionBrowseLeafAsFound":"Lipid",
                "InterventionBrowseLeafRelevance":"high"
              },{
                "InterventionBrowseLeafId":"M2613",
                "InterventionBrowseLeafName":"Analgesics",
                "InterventionBrowseLeafAsFound":"In 3",
                "InterventionBrowseLeafRelevance":"high"
              },{
                "InterventionBrowseLeafId":"M11475",
                "InterventionBrowseLeafName":"Orphenadrine",
                "InterventionBrowseLeafAsFound":"Bronchoconstriction",
                "InterventionBrowseLeafRelevance":"high"
              },{
                "InterventionBrowseLeafId":"M5878",
                "InterventionBrowseLeafName":"Dimenhydrinate",
                "InterventionBrowseLeafAsFound":"Caliper",
                "InterventionBrowseLeafRelevance":"high"
              },{
                "InterventionBrowseLeafId":"M2029",
                "InterventionBrowseLeafName":"Acetaminophen",
                "InterventionBrowseLeafAsFound":"Hormone",
                "InterventionBrowseLeafRelevance":"high"
              },{
                "InterventionBrowseLeafId":"M2690",
                "InterventionBrowseLeafName":"Anesthetics, Local",
                "InterventionBrowseLeafRelevance":"low"
              },{
                "InterventionBrowseLeafId":"M19370",
                "InterventionBrowseLeafName":"Analgesics, Non-Narcotic",
                "InterventionBrowseLeafRelevance":"low"
              },{
                "InterventionBrowseLeafId":"M27763",
                "InterventionBrowseLeafName":"Antipyretics",
                "InterventionBrowseLeafRelevance":"low"
              },{
                "InterventionBrowseLeafId":"M2614",
                "InterventionBrowseLeafName":"Analgesics, Opioid",
                "InterventionBrowseLeafRelevance":"low"
              },{
                "InterventionBrowseLeafId":"M10828",
                "InterventionBrowseLeafName":"Narcotics",
                "InterventionBrowseLeafRelevance":"low"
              },{
                "InterventionBrowseLeafId":"M2876",
                "InterventionBrowseLeafName":"Antiparkinson Agents",
                "InterventionBrowseLeafRelevance":"low"
              },{
                "InterventionBrowseLeafId":"M11772",
                "InterventionBrowseLeafName":"Parasympatholytics",
                "InterventionBrowseLeafRelevance":"low"
              },{
                "InterventionBrowseLeafId":"M19385",
                "InterventionBrowseLeafName":"Muscarinic Antagonists",
                "InterventionBrowseLeafRelevance":"low"
              },{
                "InterventionBrowseLeafId":"M19344",
                "InterventionBrowseLeafName":"Cholinergic Antagonists",
                "InterventionBrowseLeafRelevance":"low"
              },{
                "InterventionBrowseLeafId":"M19342",
                "InterventionBrowseLeafName":"Cholinergic Agents",
                "InterventionBrowseLeafRelevance":"low"
              },{
                "InterventionBrowseLeafId":"M19088",
                "InterventionBrowseLeafName":"Neurotransmitter Agents",
                "InterventionBrowseLeafRelevance":"low"
              },{
                "InterventionBrowseLeafId":"M29124",
                "InterventionBrowseLeafName":"Cytochrome P-450 Enzyme Inhibitors",
                "InterventionBrowseLeafRelevance":"low"
              },{
                "InterventionBrowseLeafId":"M2832",
                "InterventionBrowseLeafName":"Antiemetics",
                "InterventionBrowseLeafRelevance":"low"
              },{
                "InterventionBrowseLeafId":"M7464",
                "InterventionBrowseLeafName":"Gastrointestinal Agents",
                "InterventionBrowseLeafRelevance":"low"
              },{
                "InterventionBrowseLeafId":"M8291",
                "InterventionBrowseLeafName":"Histamine",
                "InterventionBrowseLeafRelevance":"low"
              },{
                "InterventionBrowseLeafId":"M8293",
                "InterventionBrowseLeafName":"Histamine H1 Antagonists",
                "InterventionBrowseLeafRelevance":"low"
              },{
                "InterventionBrowseLeafId":"M219111",
                "InterventionBrowseLeafName":"Histamine phosphate",
                "InterventionBrowseLeafRelevance":"low"
              },{
                "InterventionBrowseLeafId":"M8292",
                "InterventionBrowseLeafName":"Histamine Antagonists",
                "InterventionBrowseLeafRelevance":"low"
              }
            ]
          },
          "InterventionBrowseBranchList":{
            "InterventionBrowseBranch":[
              {
                "InterventionBrowseBranchAbbrev":"CNSDep",
                "InterventionBrowseBranchName":"Central Nervous System Depressants"
              },{
                "InterventionBrowseBranchAbbrev":"All",
                "InterventionBrowseBranchName":"All Drugs and Chemicals"
              },{
                "InterventionBrowseBranchAbbrev":"Analg",
                "InterventionBrowseBranchName":"Analgesics"
              },{
                "InterventionBrowseBranchAbbrev":"AnDyAg",
                "InterventionBrowseBranchName":"Anti-Dyskinesia Agents"
              },{
                "InterventionBrowseBranchAbbrev":"MuRelCen",
                "InterventionBrowseBranchName":"Muscle Relaxants, Central"
              },{
                "InterventionBrowseBranchAbbrev":"AnEm",
                "InterventionBrowseBranchName":"Antiemetics"
              },{
                "InterventionBrowseBranchAbbrev":"Gast",
                "InterventionBrowseBranchName":"Gastrointestinal Agents"
              },{
                "InterventionBrowseBranchAbbrev":"Antipy",
                "InterventionBrowseBranchName":"Antipyretics"
              }
            ]
          }
        }
      }
    }
  }
}

