{
  "FullStudy":{
    "Rank":367751,
    "Study":{
      "ProtocolSection":{
        "IdentificationModule":{
          "NCTId":"NCT00026715",
          "OrgStudyIdInfo":{
            "OrgStudyId":"000148"
          },
          "SecondaryIdInfoList":{
            "SecondaryIdInfo":[
              {
                "SecondaryId":"00-DK-0148"
              }
            ]
          },
          "Organization":{
            "OrgFullName":"National Institutes of Health Clinical Center (CC)",
            "OrgClass":"NIH"
          },
          "BriefTitle":"Evaluation of New Test Method to Measure Kidney Function",
          "OfficialTitle":"Validation of Fast Methods to Measure Glomerular Filtration Rate"
        },
        "StatusModule":{
          "StatusVerifiedDate":"June 2002",
          "OverallStatus":"Completed",
          "ExpandedAccessInfo":{
            "HasExpandedAccess":"No"
          },
          "StartDateStruct":{
            "StartDate":"June 2000"
          },
          "CompletionDateStruct":{
            "CompletionDate":"June 2002"
          },
          "StudyFirstSubmitDate":"November 14, 2001",
          "StudyFirstSubmitQCDate":"November 14, 2001",
          "StudyFirstPostDateStruct":{
            "StudyFirstPostDate":"November 15, 2001",
            "StudyFirstPostDateType":"Estimate"
          },
          "LastUpdateSubmitDate":"March 3, 2008",
          "LastUpdatePostDateStruct":{
            "LastUpdatePostDate":"March 4, 2008",
            "LastUpdatePostDateType":"Estimate"
          }
        },
        "SponsorCollaboratorsModule":{
          "LeadSponsor":{
            "LeadSponsorName":"National Institute of Diabetes and Digestive and Kidney Diseases (NIDDK)",
            "LeadSponsorClass":"NIH"
          }
        },
        "OversightModule":{},
        "DescriptionModule":{
          "BriefSummary":"This study will test the accuracy of a new \"Fast GFR\" (glomerular filtration rate) test to evaluate kidney function. Accurate assessment of kidney function is important in many clinical situations, including detecting kidney disease early, determining appropriate drug dosages, deciding when to begin dialysis, and evaluating heart and kidney organ donors and recipients. The current GFR test is used mostly for research purposes, as it is too costly and complicated for general medical use. Another significant drawback to its use in diagnosing acute kidney failure is the time it takes (3 to 24 hours) to complete, since effective therapy for this condition requires its detection as soon as possible. The Fast GFR, by comparison, takes only 45 minutes.\n\nPatients 6 years old and older with kidney disease or with impaired kidney function caused by abnormal heart function or swelling-from congestive heart failure, severe infections, swelling from fluid accumulation, fluid in the abdomen, or burns-may be eligible for this study. Patients will undergo both the standard and the Fast GFR tests, described below, to evaluate the accuracy of the new test.\n\nFast GFR: Two catheters (thin flexible tubes) are placed into two arm veins, one for injecting iothalamate-an agent commonly used in CT scanning and blood vessel imaging-and the other for collecting blood samples. Baseline blood and urine samples are collected and then 0.5 milliliter (ml) iothalamate is injected into a vein. Blood samples are collected at 5, 10, 15, 20, 30, and 45 minutes in adults and at 5, 15, and 45 minutes in children. Urine is collected at 45 minutes. The size of the bladder is measured using ultrasound to determine if the bladder has completely emptied.\n\nStandard GFR: Iothalamate (1 ml) is injected under the skin. Blood samples are collected at 60, 90, 120, 180 and 240 minutes. (A heparin lock is used to avoid multiple needle sticks.) Urine is collected at 60, 90, 120, 180 and 240 minutes. The size of the bladder is measured using ultrasound to determine if the bladder has completely emptied.",
          "DetailedDescription":"Accurate measurement of renal function is required to detect and treat renal dysfunction. The glomerular filtration rate (GFR) is the most widely used test to measure renal function in research studies. However, current GFR tests are lengthy, costly, and too complicated for general use in clinical settings. At the present time, therapies for acute renal failure are generally unsatisfactory. However, it is likely that effective therapy will need to be given early in the course of acute renal failure. We recently developed a simple Fast intravenous GFR test that can be performed in 45 minutes that may assist in identification of patients with the earliest stages of acute renal failure. This test has been validated in ambulatory adults with chronic renal failure. The current protocol will compare the fast intravenous GFR test to a reference standard subcutaneous GFR method in patients with acute renal failure, sepsis, congestive heart failure, edema, or chronic renal failure."
        },
        "ConditionsModule":{
          "ConditionList":{
            "Condition":[
              "Kidney Disease"
            ]
          },
          "KeywordList":{
            "Keyword":[
              "Renal Function",
              "Iothalamate"
            ]
          }
        },
        "DesignModule":{
          "StudyType":"Observational",
          "EnrollmentInfo":{
            "EnrollmentCount":"150"
          }
        },
        "EligibilityModule":{
          "EligibilityCriteria":"INCLUSION CRITERIA:\n\nBoth male and female subjects will be recruited without regard to race or ethnic origin.\n\nSuspected renal dysfunction based upon:\n\nAcute renal failure with elevated serum creatinine (at least 50% increase within 24 hours preceding enrollment) without stabilization or recovery, despite optimization of hemodynamic fluid status and correction of any known pharmacologic, pre-renal, or post-renal etiologic factors, or\n\nCongestive heart failure by clinical criteria (rales, S3, pedal edema on clinical exam), or\n\nEdema or ascites (by clinical exam), or\n\nSepsis or septic physiology (shock or hyperdynamic circulation, suspected sepsis), or\n\nChronic Renal Failure (creatinine greater than 1.3).\n\nPatients older than 18 years old who provide their own informed consent.\n\nPatients younger than 18 but at least 6 years old whose parent or legal guardian can provide informed consent.\n\nEXCLUSION CRITERIA:\n\nInability to cooperate with the study.\n\nKnown allergy to iothalamate or other iodine containing compounds.\n\nUrinary tract obstruction.\n\nPregnant women or lactating mothers.\n\nPatients in whom vascular access cannot be secured.",
          "HealthyVolunteers":"No",
          "Gender":"All",
          "StdAgeList":{
            "StdAge":[
              "Child",
              "Adult",
              "Older Adult"
            ]
          }
        },
        "ContactsLocationsModule":{
          "LocationList":{
            "Location":[
              {
                "LocationFacility":"National Institute of Diabetes and Digestive and Kidney Diseases (NIDDK)",
                "LocationCity":"Bethesda",
                "LocationState":"Maryland",
                "LocationZip":"20892",
                "LocationCountry":"United States"
              }
            ]
          }
        },
        "ReferencesModule":{
          "ReferenceList":{
            "Reference":[
              {
                "ReferencePMID":"2205098",
                "ReferenceType":"background",
                "ReferenceCitation":"Perrone RD, Steinman TI, Beck GJ, Skibinski CI, Royal HD, Lawlor M, Hunsicker LG. Utility of radioisotopic filtration markers in chronic renal insufficiency: simultaneous comparison of 125I-iothalamate, 169Yb-DTPA, 99mTc-DTPA, and inulin. The Modification of Diet in Renal Disease Study. Am J Kidney Dis. 1990 Sep;16(3):224-35."
              },{
                "ReferencePMID":"8305642",
                "ReferenceType":"background",
                "ReferenceCitation":"Levey AS, Greene T, Schluchter MD, Cleary PA, Teschan PE, Lorenz RA, Molitch ME, Mitch WE, Siebert C, Hall PM, et al. Glomerular filtration rate measurements in clinical trials. Modification of Diet in Renal Disease Study Group and the Diabetes Control and Complications Trial Research Group. J Am Soc Nephrol. 1993 Nov;4(5):1159-71."
              },{
                "ReferencePMID":"9669421",
                "ReferenceType":"background",
                "ReferenceCitation":"Coresh J, Toto RD, Kirk KA, Whelton PK, Massry S, Jones C, Agodoa L, Van Lente F. Creatinine clearance as a measure of GFR in screenees for the African-American Study of Kidney Disease and Hypertension pilot study. Am J Kidney Dis. 1998 Jul;32(1):32-42."
              }
            ]
          }
        }
      },
      "DerivedSection":{
        "MiscInfoModule":{
          "VersionHolder":"April 19, 2021"
        },
        "ConditionBrowseModule":{
          "ConditionMeshList":{
            "ConditionMesh":[
              {
                "ConditionMeshId":"D000007674",
                "ConditionMeshTerm":"Kidney Diseases"
              }
            ]
          },
          "ConditionAncestorList":{
            "ConditionAncestor":[
              {
                "ConditionAncestorId":"D000014570",
                "ConditionAncestorTerm":"Urologic Diseases"
              }
            ]
          },
          "ConditionBrowseLeafList":{
            "ConditionBrowseLeaf":[
              {
                "ConditionBrowseLeafId":"M9281",
                "ConditionBrowseLeafName":"Kidney Diseases",
                "ConditionBrowseLeafAsFound":"Kidney Disease",
                "ConditionBrowseLeafRelevance":"high"
              },{
                "ConditionBrowseLeafId":"M15902",
                "ConditionBrowseLeafName":"Urologic Diseases",
                "ConditionBrowseLeafRelevance":"low"
              }
            ]
          },
          "ConditionBrowseBranchList":{
            "ConditionBrowseBranch":[
              {
                "ConditionBrowseBranchAbbrev":"BXS",
                "ConditionBrowseBranchName":"Urinary Tract, Sexual Organs, and Pregnancy Conditions"
              },{
                "ConditionBrowseBranchAbbrev":"All",
                "ConditionBrowseBranchName":"All Conditions"
              }
            ]
          }
        }
      }
    }
  }
}

