{
  "FullStudy":{
    "Rank":368088,
    "Study":{
      "ProtocolSection":{
        "IdentificationModule":{
          "NCTId":"NCT00021892",
          "OrgStudyIdInfo":{
            "OrgStudyId":"973"
          },
          "SecondaryIdInfoList":{
            "SecondaryIdInfo":[
              {
                "SecondaryId":"R01HL067288",
                "SecondaryIdType":"U.S. NIH Grant/Contract",
                "SecondaryIdLink":"https://projectreporter.nih.gov/reporterapi.cfm?PROJECTNUM=R01HL067288&Fy=all"
              }
            ]
          },
          "Organization":{
            "OrgFullName":"Boston University",
            "OrgClass":"OTHER"
          },
          "BriefTitle":"Ventricular Matrix Remodeling: Correlates and Prognosis"
        },
        "StatusModule":{
          "StatusVerifiedDate":"February 2014",
          "OverallStatus":"Completed",
          "ExpandedAccessInfo":{
            "HasExpandedAccess":"No"
          },
          "StartDateStruct":{
            "StartDate":"June 2001"
          },
          "PrimaryCompletionDateStruct":{
            "PrimaryCompletionDate":"May 2006",
            "PrimaryCompletionDateType":"Actual"
          },
          "CompletionDateStruct":{
            "CompletionDate":"May 2006",
            "CompletionDateType":"Actual"
          },
          "StudyFirstSubmitDate":"August 10, 2001",
          "StudyFirstSubmitQCDate":"August 9, 2001",
          "StudyFirstPostDateStruct":{
            "StudyFirstPostDate":"August 10, 2001",
            "StudyFirstPostDateType":"Estimate"
          },
          "LastUpdateSubmitDate":"February 20, 2014",
          "LastUpdatePostDateStruct":{
            "LastUpdatePostDate":"February 21, 2014",
            "LastUpdatePostDateType":"Estimate"
          }
        },
        "SponsorCollaboratorsModule":{
          "LeadSponsor":{
            "LeadSponsorName":"Boston University",
            "LeadSponsorClass":"OTHER"
          },
          "CollaboratorList":{
            "Collaborator":[
              {
                "CollaboratorName":"National Heart, Lung, and Blood Institute (NHLBI)",
                "CollaboratorClass":"NIH"
              }
            ]
          }
        },
        "DescriptionModule":{
          "BriefSummary":"To assess the diagnostic and prognostic usefulness of serum markers of left ventricular remodeling for predicting congestive heart failure.",
          "DetailedDescription":"BACKGROUND:\n\nRecent studies have established that cardiac extracellular matrix (ECM) remodeling is a major determinant of pathologic left ventricular hypertrophy (LVH) and progressive left ventricular dilatation, and as a result, contributes to the development of left ventricular dysfunction and overt congestive heart failure (CHF). The recent development of reliable serologic assays for procollagen peptides, metalloproteinases (MMP) and their tissue inhibitors (TIMP), and cytokines permits the in vivo assessment of LV ECM remodeling, and raises the possibility of expanding the utility of these markers 'from the bench to the bedside.' Prior studies of ECM biomarkers in congestive heart failure have been limited to cross-sectional investigations of small samples of highly selected patients with advanced disease. The fundamental question whether serum markers of ECM remodeling are important correlates of left ventricular dilatation or left ventricular hypertrophy, or are independent predictors of incident congestive heart failure in the community remains unanswered.\n\nDESIGN NARRATIVE:\n\nThe aims of the study are to: determine the relationships between serum markers of ECM remodeling and traditional congestive heart failure risk factors; analyze the cross-sectional relations between markers of ECM remodeling and echocardiographic left ventricular hypertrophy and left ventricular dilatation, Doppler indices of left ventricular filling and serum natriuretic peptides; investigate prospectively the relationships between ECM remodeling markers and progressive left ventricular dilatation and left ventricular hypertrophy and congestive heart failure incidence, adjusting for standard risk factors. Stored samples from the Framingham Offspring and Omni cohorts will be used. Participants at the extremes of the joint distributions of left ventricular wall thickness and left ventricular internal dimension from echocardiograms performed at earlier Framingham exams will be sampled."
        },
        "ConditionsModule":{
          "ConditionList":{
            "Condition":[
              "Heart Diseases",
              "Heart Failure, Congestive",
              "Cardiovascular Diseases",
              "Heart Failure"
            ]
          }
        },
        "DesignModule":{
          "StudyType":"Observational"
        },
        "EligibilityModule":{
          "EligibilityCriteria":"No eligibility criteria",
          "HealthyVolunteers":"No",
          "Gender":"All",
          "StdAgeList":{
            "StdAge":[
              "Child",
              "Adult",
              "Older Adult"
            ]
          }
        },
        "ContactsLocationsModule":{
          "OverallOfficialList":{
            "OverallOfficial":[
              {
                "OverallOfficialName":"Vasan Ramachandran",
                "OverallOfficialAffiliation":"Boston University"
              }
            ]
          }
        },
        "ReferencesModule":{
          "ReferenceList":{
            "Reference":[
              {
                "ReferencePMID":"15173025",
                "ReferenceType":"background",
                "ReferenceCitation":"Sundström J, Evans JC, Benjamin EJ, Levy D, Larson MG, Sawyer DB, Siwik DA, Colucci WS, Sutherland P, Wilson PW, Vasan RS. Relations of plasma matrix metalloproteinase-9 to clinical cardiovascular risk factors and echocardiographic left ventricular measures: the Framingham Heart Study. Circulation. 2004 Jun 15;109(23):2850-6. Epub 2004 Jun 1."
              },{
                "ReferencePMID":"15882548",
                "ReferenceType":"background",
                "ReferenceCitation":"Kathiresan S, Larson MG, Benjamin EJ, Corey D, Murabito JM, Fox CS, Wilson PW, Rifai N, Meigs JB, Ricken G, Lifton RP, Levy D, Vasan RS. Clinical and genetic correlates of serum aldosterone in the community: the Framingham Heart Study. Am J Hypertens. 2005 May;18(5 Pt 1):657-65."
              },{
                "ReferencePMID":"15734611",
                "ReferenceType":"background",
                "ReferenceCitation":"Dhingra R, Ho Nam B, Benjamin EJ, Wang TJ, Larson MG, D'Agostino RB Sr, Levy D, Vasan RS. Cross-sectional relations of electrocardiographic QRS duration to left ventricular dimensions: the Framingham Heart Study. J Am Coll Cardiol. 2005 Mar 1;45(5):685-9."
              }
            ]
          }
        }
      },
      "DerivedSection":{
        "MiscInfoModule":{
          "VersionHolder":"April 19, 2021"
        },
        "ConditionBrowseModule":{
          "ConditionMeshList":{
            "ConditionMesh":[
              {
                "ConditionMeshId":"D000006333",
                "ConditionMeshTerm":"Heart Failure"
              },{
                "ConditionMeshId":"D000002318",
                "ConditionMeshTerm":"Cardiovascular Diseases"
              },{
                "ConditionMeshId":"D000006331",
                "ConditionMeshTerm":"Heart Diseases"
              }
            ]
          },
          "ConditionBrowseLeafList":{
            "ConditionBrowseLeaf":[
              {
                "ConditionBrowseLeafId":"M8002",
                "ConditionBrowseLeafName":"Heart Diseases",
                "ConditionBrowseLeafAsFound":"Heart Disease",
                "ConditionBrowseLeafRelevance":"high"
              },{
                "ConditionBrowseLeafId":"M8004",
                "ConditionBrowseLeafName":"Heart Failure",
                "ConditionBrowseLeafAsFound":"Heart Failure",
                "ConditionBrowseLeafRelevance":"high"
              }
            ]
          },
          "ConditionBrowseBranchList":{
            "ConditionBrowseBranch":[
              {
                "ConditionBrowseBranchAbbrev":"BC14",
                "ConditionBrowseBranchName":"Heart and Blood Diseases"
              },{
                "ConditionBrowseBranchAbbrev":"All",
                "ConditionBrowseBranchName":"All Conditions"
              }
            ]
          }
        }
      }
    }
  }
}

