{
  "FullStudy":{
    "Rank":367562,
    "Study":{
      "ProtocolSection":{
        "IdentificationModule":{
          "NCTId":"NCT00029445",
          "OrgStudyIdInfo":{
            "OrgStudyId":"020086"
          },
          "SecondaryIdInfoList":{
            "SecondaryIdInfo":[
              {
                "SecondaryId":"02-I-0086"
              }
            ]
          },
          "Organization":{
            "OrgFullName":"National Institutes of Health Clinical Center (CC)",
            "OrgClass":"NIH"
          },
          "BriefTitle":"Leukapheresis to Obtain Plasma or Lymphocytes for Studies of HIV-infected Patients, Including Long-term Non-progressors",
          "OfficialTitle":"Evaluation of Viral Factors and Immune Parameters to Study HIV-Specific Immunity"
        },
        "StatusModule":{
          "StatusVerifiedDate":"December 10, 2020",
          "OverallStatus":"Recruiting",
          "ExpandedAccessInfo":{
            "HasExpandedAccess":"No"
          },
          "StartDateStruct":{
            "StartDate":"August 9, 2001",
            "StartDateType":"Actual"
          },
          "StudyFirstSubmitDate":"January 11, 2002",
          "StudyFirstSubmitQCDate":"January 11, 2002",
          "StudyFirstPostDateStruct":{
            "StudyFirstPostDate":"January 14, 2002",
            "StudyFirstPostDateType":"Estimate"
          },
          "LastUpdateSubmitDate":"April 7, 2021",
          "LastUpdatePostDateStruct":{
            "LastUpdatePostDate":"April 8, 2021",
            "LastUpdatePostDateType":"Actual"
          }
        },
        "SponsorCollaboratorsModule":{
          "ResponsibleParty":{
            "ResponsiblePartyType":"Sponsor"
          },
          "LeadSponsor":{
            "LeadSponsorName":"National Institute of Allergy and Infectious Diseases (NIAID)",
            "LeadSponsorClass":"NIH"
          }
        },
        "OversightModule":{},
        "DescriptionModule":{
          "BriefSummary":"This study will collect white blood cells and plasma for research on how the immune system controls HIV infection. The immune system of a very small group of HIV-infected patients, called non-progressors, has been able to control HIV for long periods without antiretroviral therapy. Some immune system-related genes important for this control have been identified in these patients. This study will examine the contribution of HLA genes B*57+, B*27+ and A*01+ to HIV disease in progressors and long-term non-progressors. (HLA type is a genetic marker of the immune system.)\n\nHIV-infected patients 18 years of age and older with HLA types B*57+, B*27+ and/or A*01+ may be eligible for this study.\n\nParticipants will undergo apheresis-a method for collecting larger quantities of certain blood components than can safely be collected through a simple blood draw-by one of the following two methods:\n\nAutomated pheresis - Blood is drawn through a needle placed in an arm vein and spun in a machine, separating the blood components. The white cells are extracted and the red cells, with or without plasma (liquid part of the blood), are re-infused into the donor through the same needle or a needle in the other arm. An anticoagulant (medication to prevent blood from clotting) is usually added to the blood while in the machine to prevent it from clotting during processing.\nManual pheresis - One unit (1 pint) of blood is drawn through a needle placed in an arm vein, similar to donating a pint of whole blood. The red blood cells, with or without plasma, are separated from the rest of the blood and re-infused to the donor through the same needle. Manual pheresis will be done only when a person s estimated total blood volume or red cell count is too low to safely permit removal of blood through a pheresis machine. An adult small in size or markedly anemic, for example, may fall into this category.\n\nSome of the blood collected through apheresis may be stored for future studies of HIV disease and immune function and for HLA testing, a genetic test of markers of the immune system. Some of the blood may be used to screen for different types of viral liver infections, such as hepatitis A, B, C, D, E, F, or G.",
          "DetailedDescription":"In an attempt to elucidate the mechanism(s) of immune-mediated restriction of HIV viral replication, we aim to study four groups of individuals: 1) HIV-infected long-term nonprogressors (LTNP), who appear to control HIV primarily through virus-specific cellular immunity; 2) HIV-infected patients who have broadly cross neutralizing antibody activity against HIV; 3) HIV-infected patients receiving antiretroviral therapy who will undergo a treatment interruption; and 4) the family members of patients exhibiting immunologic control of HIV infection. Although most of our previous efforts have focused on investigating the virus-specific immune responses in a unique group of patients termed LTNP who control HIV by cellular immune-mediated mechanisms, more recently, another group of rare individuals who naturally develop broadly cross neutralizing antibody activity against HIV isolates have also been identified in our laboratory. Passive transfer studies in nonhuman primates have demonstrated that neutralizing antibodies detectable in a subject at the time of challenge can protect from infection. We aim to recruit more of these patients in an effort to further characterize and compare their virus-specific cellular and humoral immune responses with those in individuals experiencing progressive infection. In addition, it is necessary to define whether putative correlates of immune mediated restriction of viral replication are a cause or an effect of HIV viremia. To this end, we are enrolling patients who will be discontinuing their antiretroviral regimen and examine virologic and immunologic parameters during the treatment interruption. Through this arm of the study, we will attempt to further characterize the mechanisms by which HIV evades and/or suppresses an effective anti-viral immune response and to identify features of the virus or the patients immune responses that are associated with virologic control following treatment interruption. As we attain greater insight into differences between these patient groups, we hope to perform genetic studies that would enable us to more precisely identify susceptibility or protective genes, which could be potentially used to construct a familial pedigree. We anticipate that all of these findings will contribute to an enhanced understanding of the nature of effective HIV-specific humoral and cellular immunity, which will help focus future vaccine design efforts. For our studies, it will be necessary to obtain larger quantities of plasma or mononuclear cells than can be safely obtained by simple phlebotomy. These components can be easily and safely obtained using apheresis procedures in the Clinical Center Apheresis Unit. This protocol is designed to conform to the requirements of the Apheresis Unit for donors to have leukapheresis or plasmapheresis procedures."
        },
        "ConditionsModule":{
          "ConditionList":{
            "Condition":[
              "HIV"
            ]
          },
          "KeywordList":{
            "Keyword":[
              "Long-Term Non-Progressors",
              "Apheresis",
              "HLA B*5701"
            ]
          }
        },
        "DesignModule":{
          "StudyType":"Observational",
          "DesignInfo":{
            "DesignObservationalModelList":{
              "DesignObservationalModel":[
                "Case-Only"
              ]
            },
            "DesignTimePerspectiveList":{
              "DesignTimePerspective":[
                "Other"
              ]
            }
          },
          "EnrollmentInfo":{
            "EnrollmentCount":"400",
            "EnrollmentType":"Anticipated"
          }
        },
        "ArmsInterventionsModule":{
          "ArmGroupList":{
            "ArmGroup":[
              {
                "ArmGroupLabel":"Family members",
                "ArmGroupDescription":"Family members of individuals with innate control over HIV"
              },{
                "ArmGroupLabel":"Long term nonprogressors",
                "ArmGroupDescription":"Individuals with innate control over HIV"
              }
            ]
          }
        },
        "OutcomesModule":{
          "PrimaryOutcomeList":{
            "PrimaryOutcome":[
              {
                "PrimaryOutcomeMeasure":"To further investigate differences in the virus- specific T cell-mediated responses between HIV-1- infected LTNP and patients with progressive disease who bear HLA class I alleles.",
                "PrimaryOutcomeDescription":"Deeper understanding of the components and correlates of an effective HLA class-I- restricted HIV-specific CDS+ T cell response",
                "PrimaryOutcomeTimeFrame":"Ongoing"
              },{
                "PrimaryOutcomeMeasure":"Identify patients with broadly neutralizing sera and characterize their HIV-specific B cell responses",
                "PrimaryOutcomeDescription":"characterize HIV-specific neutralizing antibody activity",
                "PrimaryOutcomeTimeFrame":"Ongoing"
              },{
                "PrimaryOutcomeMeasure":"Identification of the cause and effect relationships between viremia and putative immune correlates of control of HIV replication",
                "PrimaryOutcomeDescription":"to understand HIV-specific immunity",
                "PrimaryOutcomeTimeFrame":"Ongoing"
              },{
                "PrimaryOutcomeMeasure":"Perform genetic studies to characterize immune-related susceptibility/protective genes and compare these between patients groups and within families.",
                "PrimaryOutcomeDescription":"Availability of cells from family members of LTNP with or without putative response modifiers could help in defining the role of these genes in shaping the immune response to HIV.",
                "PrimaryOutcomeTimeFrame":"Ongoing"
              }
            ]
          }
        },
        "EligibilityModule":{
          "EligibilityCriteria":"INCLUSION CRITERIA FOR PATIENTS NOT INCLUDED UNDER THE TREATMENT INTERRUPTION ARM:\n\nAdult (18 years old or older).\nEligibility to undergo apheresis procedures; or for patients who are unable to undergo apheresis, willingness to undergo blood draw for research purposes that remain within safety guidelines established by NIH policy.\n\nWillingness to give informed consent for the storage of blood or\n\ntissue samples and HLA testing.\n\nAND at least one of the following:\n\nAn HIV-seropositive patient categorized as an LTNP as defined by clinical and laboratory criteria, regardless of HLA class I type.\nHIV-seropositive HLA B*27+, B*35+, B*44+, B*57+, B*58+ and/or A*02+ progressors.\nHIV-seropositive patients possessing sera with broadly cross-neutralizing antibody activity to HIV.\nPersons who are seronegative for HIV but are family members of seropositive patients exhibiting immunologic control of HIV.\n\nEXCLUSION CRITERIA FOR PATIENTS NOT INCLUDED UNDER THE TREATMENT INTERRUPTION ARM:\n\nPregnant women.\nCardiovascular instability, severe anemia, inadequate venous access, severe coagulation disorder or any other condition that the Principal Investigator or Apheresis Unit staff considers a contraindication to the apheresis procedure or research blood draw.\n\nINCLUSION CRITERIA FOR PATIENTS CONSENTING TO UNDERGO A TREATMENT INTERRUPTION:\n\nSubjects greater than or equal to 18 years of age.\nHIV infection confirmed by ELISA and Western blot.\nAbility to sign informed consent and willingness to comply with study requirements and clinic policies.\nIn the judgment of the PI, patient has satisfactory knowledge of the benefits of continuing ART as well as the risks of discontinuing such treatment. The patient has a private physician and the decision to interrupt antiretroviral therapy, the target point (i.e. viral load or CD4+ T cell count) to reinitiate therapy, and the regimen of antiretrovirals used upon re-initiation of therapy will be made with this private physician.\nHistory of at least 2 months of ongoing ART, defined as a minimum three drug regimen consisting of at least two nucleoside analogs and one or two protease inhibitors or one non-nucleoside reverse transcriptase inhibitor (NNRTI) or classesone integrase inhibitor OR patients that are currently off therapy who are planning on resuming or initiating a ART regimen within the next 3 months.\nNo baseline CD4+ T cell counts less than or equal to 500 cells/micro liters, with confirmation, within the last 3 months.\nAsymptomatic for significant HIV-related illnesses, such as opportunistic infections and malignancies other than mucocutaneous Kaposi s sarcoma.\nFor patients on IL-2 therapy, agreement to resume ART while undergoing treatment cycles.\nEligibility to undergo apheresis procedures.\n\nEXCLUSION CRITERIA FOR PATIENTS CONSENTING TO UNDERGO A TREATMENT INTERRUPTION:\n\nPsychiatric illness that, in the opinion of the PI, might interfere with study compliance.\nActive substance abuse or history of prior substance abuse that may interfere with protocol compliance or compromise patient safety.\nWomen who are pregnant or breastfeeding.\nCreatinine greater than 2 mg/dL.\nPlatelet count less than 100,000/mm(3), hemoglobin less than 9 mg/dL, neutrophils less than 750/mm(3).\nPT or PTT (in the absence of documented anti-cardiolipin antibody) prolonged by greater than 2 seconds.\nKnown underlying bleeding disorder that would preclude leukapheresis.\nSignificant cardiac, pulmonary, kidney, rheumatologic, gastrointestinal, or CNS disease as detectable on routine history, physical examination, or screening laboratory studies.\nDocumented history of virologic relapse in the past year following interruption of ART therapy.\nHistory of significant opportunistic infection or HIV-associated malignancy.\nPatient must not ever have had a total CD4 count of less than or equal to 150 cells/cubic millimeter during the year prior to enrollment. At least 2 measurements, possibly including the measurement during the screening visit and/or H&P visit, must be available.\nDue to a possible increased risk of a hypersensitivity reaction, patients on an abacavir-containing regimen will not be eligible for treatment interruption.\nPatients with chronic hepatitis B infection requiring receiving treatment with 3TC (lamivudine), adefovir or tenofovir for suppression are not eligible for this study.\nCardiovascular instability, severe anemia, inadequate venous access, severe coagulation disorder or any other condition that the Principal Investigator or Apheresis Unit staff considers a contraindication to the apheresis procedure or research blood draw.",
          "HealthyVolunteers":"No",
          "Gender":"All",
          "MinimumAge":"18 Years",
          "StdAgeList":{
            "StdAge":[
              "Adult",
              "Older Adult"
            ]
          },
          "StudyPopulation":"Individuals identified as having innate control over the HIV virus",
          "SamplingMethod":"Non-Probability Sample"
        },
        "ContactsLocationsModule":{
          "CentralContactList":{
            "CentralContact":[
              {
                "CentralContactName":"April Poole, R.N.",
                "CentralContactRole":"Contact",
                "CentralContactPhone":"(301) 761-6644",
                "CentralContactEMail":"pooleal@niaid.nih.gov"
              },{
                "CentralContactName":"Stephen A Migueles, M.D.",
                "CentralContactRole":"Contact",
                "CentralContactPhone":"(301) 496-7090",
                "CentralContactEMail":"smigueles@niaid.nih.gov"
              }
            ]
          },
          "OverallOfficialList":{
            "OverallOfficial":[
              {
                "OverallOfficialName":"Stephen A Migueles, M.D.",
                "OverallOfficialAffiliation":"National Institute of Allergy and Infectious Diseases (NIAID)",
                "OverallOfficialRole":"Principal Investigator"
              }
            ]
          },
          "LocationList":{
            "Location":[
              {
                "LocationFacility":"National Institutes of Health Clinical Center, 9000 Rockville Pike",
                "LocationStatus":"Recruiting",
                "LocationCity":"Bethesda",
                "LocationState":"Maryland",
                "LocationZip":"20892",
                "LocationCountry":"United States",
                "LocationContactList":{
                  "LocationContact":[
                    {
                      "LocationContactName":"For more information at the NIH Clinical Center contact Office of Patient Recruitment (OPR)",
                      "LocationContactRole":"Contact",
                      "LocationContactPhone":"800-411-1222",
                      "LocationContactPhoneExt":"TTY8664111010",
                      "LocationContactEMail":"prpl@cc.nih.gov"
                    }
                  ]
                }
              }
            ]
          }
        },
        "ReferencesModule":{
          "SeeAlsoLinkList":{
            "SeeAlsoLink":[
              {
                "SeeAlsoLinkLabel":"NIH Clinical Center Detailed Web Page",
                "SeeAlsoLinkURL":"https://clinicalstudies.info.nih.gov/cgi/detail.cgi?A_2002-I-0086.html"
              }
            ]
          }
        }
      },
      "DerivedSection":{
        "MiscInfoModule":{
          "VersionHolder":"April 19, 2021"
        },
        "ConditionBrowseModule":{
          "ConditionBrowseLeafList":{
            "ConditionBrowseLeaf":[
              {
                "ConditionBrowseLeafId":"M16833",
                "ConditionBrowseLeafName":"HIV Infections",
                "ConditionBrowseLeafRelevance":"low"
              },{
                "ConditionBrowseLeafId":"M2103",
                "ConditionBrowseLeafName":"Acquired Immunodeficiency Syndrome",
                "ConditionBrowseLeafRelevance":"low"
              }
            ]
          },
          "ConditionBrowseBranchList":{
            "ConditionBrowseBranch":[
              {
                "ConditionBrowseBranchAbbrev":"BC02",
                "ConditionBrowseBranchName":"Viral Diseases"
              },{
                "ConditionBrowseBranchAbbrev":"BC20",
                "ConditionBrowseBranchName":"Immune System Diseases"
              },{
                "ConditionBrowseBranchAbbrev":"All",
                "ConditionBrowseBranchName":"All Conditions"
              }
            ]
          }
        }
      }
    }
  }
}

