{
  "FullStudy":{
    "Rank":367554,
    "Study":{
      "ProtocolSection":{
        "IdentificationModule":{
          "NCTId":"NCT00029588",
          "OrgStudyIdInfo":{
            "OrgStudyId":"020092"
          },
          "SecondaryIdInfoList":{
            "SecondaryIdInfo":[
              {
                "SecondaryId":"02-M-0092"
              }
            ]
          },
          "Organization":{
            "OrgFullName":"National Institutes of Health Clinical Center (CC)",
            "OrgClass":"NIH"
          },
          "BriefTitle":"Reward-Related Processes and Brain Function",
          "OfficialTitle":"Reward-Related Processes and Brain Function"
        },
        "StatusModule":{
          "StatusVerifiedDate":"July 24, 2017",
          "OverallStatus":"Completed",
          "ExpandedAccessInfo":{
            "HasExpandedAccess":"No"
          },
          "StartDateStruct":{
            "StartDate":"January 11, 2002"
          },
          "CompletionDateStruct":{
            "CompletionDate":"July 24, 2017"
          },
          "StudyFirstSubmitDate":"January 15, 2002",
          "StudyFirstSubmitQCDate":"January 15, 2002",
          "StudyFirstPostDateStruct":{
            "StudyFirstPostDate":"January 16, 2002",
            "StudyFirstPostDateType":"Estimate"
          },
          "LastUpdateSubmitDate":"October 5, 2017",
          "LastUpdatePostDateStruct":{
            "LastUpdatePostDate":"October 6, 2017",
            "LastUpdatePostDateType":"Actual"
          }
        },
        "SponsorCollaboratorsModule":{
          "ResponsibleParty":{
            "ResponsiblePartyType":"Sponsor"
          },
          "LeadSponsor":{
            "LeadSponsorName":"National Institute of Mental Health (NIMH)",
            "LeadSponsorClass":"NIH"
          }
        },
        "OversightModule":{},
        "DescriptionModule":{
          "BriefSummary":"This study will examine and compare brain changes during decision-making in healthy adolescents and adolescents who are anxious or depressed. The findings may provide a better understanding of mechanisms that lead to depression or anxiety.\n\nAdolescents between 9 and 17 years of age and adults between 20 and 40 years of age in the following categories will be enrolled in this study:\n\nHealthy adults\nHealthy adolescents\nAdolescents with major depression\nAdolescents with anxiety disorder (generalized anxiety disorder, social phobia, or/and separation anxiety disorder)\n\nThe study involves three visits, as follows:\n\nVisit 1\n\nVisit 1 consists of three parts for both child and adult participants:\n\nPart 1: Staff will meet with participants for a standard psychiatric interview, which will include questions about the participants feelings, experiences and behavior both past and present. For adolescent participants, staff will meet with the child alone, the parent alone, and the child and parent together.\nPart 2: Participants will perform a series of simple tasks involving shapes, letters, and numbers. They will have a medical history, physical examination and blood draw. In addition, adolescents will have a urine drug test.\nPart 3: Adults and those adolescents who will undergo magnetic resonance imaging (MRI) in Visit 3 will receive training to familiarize them with the procedure.\n\nVisit 2\n\nAdolescents will again be asked standardized questions regarding their feelings, experiences and behavior, and will then perform a series of simple decision-making tasks on a computer.\nAdults will undergo MRI scanning, as described below in Visit 3 for adolescents. This concludes the participation of adults in the study.\n\nVisit 3\n\nAdolescents will have one of the following two procedures:\n\n- Decision-making task using a computer. Small electrodes will be placed on the child s wrists, face and fingers to monitor muscle tone and skin humidity during the task.\n\nOr\n\nMRI, a test that uses a strong magnetic field and radio waves to show changes in brain function. During the scan, the participant lies on a table in a space enclosed by a metal cylinder (the MRI scanner). The procedure takes 60-90 minutes; subjects must lie still for 10-15 minutes at a time. During imaging, the subject will be asked to perform a decision-making task on a computer.",
          "DetailedDescription":"Impaired motivated behaviors, including aspects of decision-making and reward-related processes, lie at the root of maladaptive behavior in many psychiatric disorders, including major depression (MD). Little is known of the cognitive and neural mechanisms that underlie MD in adolescents. Adolescence is a key period during which many psychiatric disorders first emerge, and studies during this developmental stage may provide a unique window to address primary deficits associated with the disorders. In particular, major depression shows a marked increase in prevalence at adolescence. Data from family-based and longitudinal studies suggest that anxiety disorders (AD), often preceding MD, may index childhood vulnerabilities for the development of MD. The concomitant examination of MD and AD can help interpret these findings. We propose to examine, in adolescents, the manner in which the various elemental emotional-cognitive processes are differentially affected in MD and AD compared to healthy controls. This investigation will be done in two phases. In Phase I, using fMRI, we will test two tasks in the decision-making model of gambling that have similarly been tested in adults in a group of healthy adolescents and healthy adults. This phase will serve as a test of the feasibility and validity of using these tasks in adolescents, and will provide normative developmental data by comparing healthy adults with healthy adolescents. In addition to showing the feasibility of using these tasks in normal adolescents, we will also test task performance behaviorally in healthy, anxious and depressed adolescents. Measures will include psychophysiological and eye tracking measures, and behavioral variables. Once task performance is well characterized behaviorally, we will conduct in Phase II an fMRI study in independent groups of depressed and anxious adolescents and compare the findings with those obtained in healthy adolescents."
        },
        "ConditionsModule":{
          "ConditionList":{
            "Condition":[
              "Depression"
            ]
          },
          "KeywordList":{
            "Keyword":[
              "fMRI",
              "Adolescents and Adults",
              "Depression",
              "Anxiety",
              "Anxiety Disorder",
              "GAD",
              "Adolescents",
              "Healthy Volunteer",
              "HV",
              "Normal Control"
            ]
          }
        },
        "DesignModule":{
          "StudyType":"Observational",
          "DesignInfo":{
            "DesignObservationalModelList":{
              "DesignObservationalModel":[
                "Cohort"
              ]
            },
            "DesignTimePerspectiveList":{
              "DesignTimePerspective":[
                "Cross-Sectional"
              ]
            }
          },
          "EnrollmentInfo":{
            "EnrollmentCount":"241",
            "EnrollmentType":"Actual"
          }
        },
        "EligibilityModule":{
          "EligibilityCriteria":"INCLUSION CRITERIA:\n\nAge: Subjects will be males and females, 9-17 and 20-40 years of age.\nPsychiatric history: Subjects in Group 3, and 4 will be diagnosed with current MD, and current AD (generalized anxiety disorder, social phobia, or/and separation anxiety disorder) respectively, based on k-SADS interviews of parents and adolescents for minors (<18 years old), and SCID for adults. History of anxiety disorders in individuals with MD is acceptable, if current symptoms are mild or absent (see exclusion criteria). Similarly, history of depression in individuals with AD is acceptable, if current symptoms are mild or absent (see exclusion criteria). AD and MD patients should have a CGAS< 70.\nMedication status: No history of medication treatment or use of an SSRI > one month prior to entering the study and fluoxetine > six months prior to entering the study.\n\nEXCLUSION CRITERIA:\n\nBecause factors such as psychiatric disease, or CNS disease, can influence functional brain activity, and pregnancy precludes participation in fMRI studies, these factors are exclusionary.\n\nPsychiatric disease: Any current history of an axis I diagnosis other than adjustment disorder, simple phobia, Social Phobia, Separation Anxiety, dysthymia, GAD and MD is exclusionary. Subjects will be assessed using DSM-IV criteria via standardized psychiatric interviews conducted by trained examiners (K-SADS in minors and SCID in adults). Any current suicidal ideation, and severe ADHD requiring pharmacotherapy will be exclusionary.\nHistory of Drug Abuse: Axis I diagnoses of substance use disorders will be exclusionary.\nSevere acute and chronic medical illnesses\nCNS disease: History of brain abnormalities (e.g., neoplasms, subarachnoid cysts), cerebrovascular disease, infectious disease (e.g., abscess), or other neurological disease, or history of head trauma (defined as loss of consciousness > 3 min).\nIQ lower than 70.\nMetal or electronic objects: Metal plates, certain types of dental braces, cardiac pacemakers, etc., that are sensitive to electromagnetic fields contraindicate MRI scans.\nClaustrophobia: Subjects will be questioned about potential discomfort in being in an enclosed space, such as an MRI scanner.\nPregnancy status: Because of the potential effects of hormonal changes on brain function as well as the unknown effects of electromagnetic field on the fetus, pregnancy is an exclusion criterion. Sexually mature female participants must have a negative urine pregnancy test performed within 24 hours of the fMRI scan.",
          "HealthyVolunteers":"No",
          "Gender":"All",
          "MinimumAge":"9 Years",
          "MaximumAge":"40 Years",
          "StdAgeList":{
            "StdAge":[
              "Child",
              "Adult"
            ]
          }
        },
        "ContactsLocationsModule":{
          "OverallOfficialList":{
            "OverallOfficial":[
              {
                "OverallOfficialName":"Monique Ernst, M.D.",
                "OverallOfficialAffiliation":"National Institute of Mental Health (NIMH)",
                "OverallOfficialRole":"Principal Investigator"
              }
            ]
          },
          "LocationList":{
            "Location":[
              {
                "LocationFacility":"Childrens National Medical Center",
                "LocationCity":"Washington, D.C.",
                "LocationState":"District of Columbia",
                "LocationCountry":"United States"
              },{
                "LocationFacility":"National Institutes of Health Clinical Center, 9000 Rockville Pike",
                "LocationCity":"Bethesda",
                "LocationState":"Maryland",
                "LocationZip":"20892",
                "LocationCountry":"United States"
              }
            ]
          }
        },
        "ReferencesModule":{
          "ReferenceList":{
            "Reference":[
              {
                "ReferencePMID":"10516320",
                "ReferenceType":"background",
                "ReferenceCitation":"Rogers RD, Owen AM, Middleton HC, Williams EJ, Pickard JD, Sahakian BJ, Robbins TW. Choosing between small, likely rewards and large, unlikely rewards activates inferior and orbital prefrontal cortex. J Neurosci. 1999 Oct 15;19(20):9029-38."
              },{
                "ReferencePMID":"10616937",
                "ReferenceType":"background",
                "ReferenceCitation":"Murphy FC, Sahakian BJ, Rubinsztein JS, Michael A, Rogers RD, Robbins TW, Paykel ES. Emotional bias and inhibitory control processes in mania and depression. Psychol Med. 1999 Nov;29(6):1307-21."
              },{
                "ReferencePMID":"8878330",
                "ReferenceType":"background",
                "ReferenceCitation":"Elliott R, Sahakian BJ, McKay AP, Herrod JJ, Robbins TW, Paykel ES. Neuropsychological impairments in unipolar depression: the influence of perceived failure on subsequent performance. Psychol Med. 1996 Sep;26(5):975-89."
              }
            ]
          }
        }
      },
      "DerivedSection":{
        "MiscInfoModule":{
          "VersionHolder":"April 19, 2021"
        },
        "ConditionBrowseModule":{
          "ConditionMeshList":{
            "ConditionMesh":[
              {
                "ConditionMeshId":"D000003863",
                "ConditionMeshTerm":"Depression"
              }
            ]
          },
          "ConditionAncestorList":{
            "ConditionAncestor":[
              {
                "ConditionAncestorId":"D000001526",
                "ConditionAncestorTerm":"Behavioral Symptoms"
              }
            ]
          },
          "ConditionBrowseLeafList":{
            "ConditionBrowseLeaf":[
              {
                "ConditionBrowseLeafId":"M2905",
                "ConditionBrowseLeafName":"Anxiety Disorders",
                "ConditionBrowseLeafRelevance":"low"
              },{
                "ConditionBrowseLeafId":"M5641",
                "ConditionBrowseLeafName":"Depression",
                "ConditionBrowseLeafAsFound":"Depression",
                "ConditionBrowseLeafRelevance":"high"
              },{
                "ConditionBrowseLeafId":"M5644",
                "ConditionBrowseLeafName":"Depressive Disorder",
                "ConditionBrowseLeafRelevance":"low"
              },{
                "ConditionBrowseLeafId":"M3399",
                "ConditionBrowseLeafName":"Behavioral Symptoms",
                "ConditionBrowseLeafRelevance":"low"
              }
            ]
          },
          "ConditionBrowseBranchList":{
            "ConditionBrowseBranch":[
              {
                "ConditionBrowseBranchAbbrev":"BXM",
                "ConditionBrowseBranchName":"Behaviors and Mental Disorders"
              },{
                "ConditionBrowseBranchAbbrev":"All",
                "ConditionBrowseBranchName":"All Conditions"
              }
            ]
          }
        }
      }
    }
  }
}

