{
  "FullStudy":{
    "Rank":367734,
    "Study":{
      "ProtocolSection":{
        "IdentificationModule":{
          "NCTId":"NCT00026949",
          "OrgStudyIdInfo":{
            "OrgStudyId":"990161"
          },
          "SecondaryIdInfoList":{
            "SecondaryIdInfo":[
              {
                "SecondaryId":"99-C-0161"
              }
            ]
          },
          "Organization":{
            "OrgFullName":"National Institutes of Health Clinical Center (CC)",
            "OrgClass":"NIH"
          },
          "BriefTitle":"Study of Etoposide in Breast Cancer Patients",
          "OfficialTitle":"Pharmacokinetics of Etoposide in Patients With Breast Cancer Receiving High-Dose Etoposide"
        },
        "StatusModule":{
          "StatusVerifiedDate":"August 2004",
          "OverallStatus":"Completed",
          "ExpandedAccessInfo":{
            "HasExpandedAccess":"No"
          },
          "StartDateStruct":{
            "StartDate":"August 1999"
          },
          "CompletionDateStruct":{
            "CompletionDate":"August 2004"
          },
          "StudyFirstSubmitDate":"November 14, 2001",
          "StudyFirstSubmitQCDate":"November 14, 2001",
          "StudyFirstPostDateStruct":{
            "StudyFirstPostDate":"November 15, 2001",
            "StudyFirstPostDateType":"Estimate"
          },
          "LastUpdateSubmitDate":"March 3, 2008",
          "LastUpdatePostDateStruct":{
            "LastUpdatePostDate":"March 4, 2008",
            "LastUpdatePostDateType":"Estimate"
          }
        },
        "SponsorCollaboratorsModule":{
          "LeadSponsor":{
            "LeadSponsorName":"National Cancer Institute (NCI)",
            "LeadSponsorClass":"NIH"
          }
        },
        "OversightModule":{},
        "DescriptionModule":{
          "BriefSummary":"This study will examine how the body handles etoposide, a drug used to treat breast cancer. The knowledge gained may lead to more effective use of the drug with fewer side effects in the future.\n\nBreast cancer patients who are receiving etoposide as part of their treatment may participate in this study. Patients will have 18 blood samples (about a teaspoon or less each) drawn over a 72-hour period during and after their infusion of etoposide. The initial blood samples cannot be taken from the same intravenous line (small tube placed in a vein) used to deliver the etoposide, so a second line may have to be placed temporarily to obtain these samples.",
          "DetailedDescription":"Etoposide is a topoisomerase II inhibitor that has a broad range of anticancer activity at conventional doses (100 mg/m(2) daily x 5 days) and is administered in high doses (greater than 1200 mg/m(2)) as a component of pre-transplant myeloablative chemotherapy regimens. Etoposide pharmacokinetics are linear over a 30-fold dose range, but disposition is highly variable. Etoposide is highly protein bound (95%) to albumin, but protein binding (and therefore free drug concentrations) vary widely in cancer patients. Etoposide is eliminated by metabolism and renal excretion, which may also contribute to the variability. The pharmacokinetics of etoposide will be studied in patients receiving high-dose etoposide as part of their pre-transplant preparative regimen, and pharmacokinetic parameters generated from pharmacokinetic modeling will be correlated with clinical and laboratory characteristics and toxicity in order to develop more rational dosing methods."
        },
        "ConditionsModule":{
          "ConditionList":{
            "Condition":[
              "Breast Cancer"
            ]
          },
          "KeywordList":{
            "Keyword":[
              "Etoposide",
              "Breast Cancer",
              "Pharmacokinetics"
            ]
          }
        },
        "DesignModule":{
          "StudyType":"Observational",
          "EnrollmentInfo":{
            "EnrollmentCount":"33"
          }
        },
        "EligibilityModule":{
          "EligibilityCriteria":"INCLUSION CRITERIA\n\nAge greater than or equal to 18 years.\n\nPatients with breast cancer who are entered on existing Medicine Branch protocols that include high-dose etoposide.\n\nMust be able to provide informed consent.",
          "HealthyVolunteers":"No",
          "Gender":"Female",
          "StdAgeList":{
            "StdAge":[
              "Child",
              "Adult",
              "Older Adult"
            ]
          }
        },
        "ContactsLocationsModule":{
          "LocationList":{
            "Location":[
              {
                "LocationFacility":"National Cancer Institute (NCI)",
                "LocationCity":"Bethesda",
                "LocationState":"Maryland",
                "LocationZip":"20892",
                "LocationCountry":"United States"
              }
            ]
          }
        },
        "ReferencesModule":{
          "ReferenceList":{
            "Reference":[
              {
                "ReferencePMID":"1984830",
                "ReferenceType":"background",
                "ReferenceCitation":"Herzig RH. High-dose etoposide and marrow transplantation. Cancer. 1991 Jan 1;67(1 Suppl):292-8. Review."
              },{
                "ReferencePMID":"7619747",
                "ReferenceType":"background",
                "ReferenceCitation":"Hainsworth JD, Greco FA. Etoposide: twenty years later. Ann Oncol. 1995 Apr;6(4):325-41. Review."
              },{
                "ReferencePMID":"8431968",
                "ReferenceType":"background",
                "ReferenceCitation":"Pflüger KH, Hahn M, Holz JB, Schmidt L, Köhl P, Fritsch HW, Jungclas H, Havemann K. Pharmacokinetics of etoposide: correlation of pharmacokinetic parameters with clinical conditions. Cancer Chemother Pharmacol. 1993;31(5):350-6."
              }
            ]
          }
        }
      },
      "DerivedSection":{
        "MiscInfoModule":{
          "VersionHolder":"April 19, 2021"
        },
        "ConditionBrowseModule":{
          "ConditionMeshList":{
            "ConditionMesh":[
              {
                "ConditionMeshId":"D000001943",
                "ConditionMeshTerm":"Breast Neoplasms"
              }
            ]
          },
          "ConditionAncestorList":{
            "ConditionAncestor":[
              {
                "ConditionAncestorId":"D000009371",
                "ConditionAncestorTerm":"Neoplasms by Site"
              },{
                "ConditionAncestorId":"D000009369",
                "ConditionAncestorTerm":"Neoplasms"
              },{
                "ConditionAncestorId":"D000001941",
                "ConditionAncestorTerm":"Breast Diseases"
              },{
                "ConditionAncestorId":"D000012871",
                "ConditionAncestorTerm":"Skin Diseases"
              }
            ]
          },
          "ConditionBrowseLeafList":{
            "ConditionBrowseLeaf":[
              {
                "ConditionBrowseLeafId":"M3802",
                "ConditionBrowseLeafName":"Breast Neoplasms",
                "ConditionBrowseLeafAsFound":"Breast Cancer",
                "ConditionBrowseLeafRelevance":"high"
              },{
                "ConditionBrowseLeafId":"M3800",
                "ConditionBrowseLeafName":"Breast Diseases",
                "ConditionBrowseLeafRelevance":"low"
              },{
                "ConditionBrowseLeafId":"M14257",
                "ConditionBrowseLeafName":"Skin Diseases",
                "ConditionBrowseLeafRelevance":"low"
              }
            ]
          },
          "ConditionBrowseBranchList":{
            "ConditionBrowseBranch":[
              {
                "ConditionBrowseBranchAbbrev":"BC04",
                "ConditionBrowseBranchName":"Cancers and Other Neoplasms"
              },{
                "ConditionBrowseBranchAbbrev":"BC17",
                "ConditionBrowseBranchName":"Skin and Connective Tissue Diseases"
              },{
                "ConditionBrowseBranchAbbrev":"All",
                "ConditionBrowseBranchName":"All Conditions"
              }
            ]
          }
        },
        "InterventionBrowseModule":{
          "InterventionBrowseLeafList":{
            "InterventionBrowseLeaf":[
              {
                "InterventionBrowseLeafId":"M6774",
                "InterventionBrowseLeafName":"Etoposide",
                "InterventionBrowseLeafRelevance":"low"
              },{
                "InterventionBrowseLeafId":"M260518",
                "InterventionBrowseLeafName":"Etoposide phosphate",
                "InterventionBrowseLeafRelevance":"low"
              }
            ]
          },
          "InterventionBrowseBranchList":{
            "InterventionBrowseBranch":[
              {
                "InterventionBrowseBranchAbbrev":"ANeo",
                "InterventionBrowseBranchName":"Antineoplastic Agents"
              },{
                "InterventionBrowseBranchAbbrev":"All",
                "InterventionBrowseBranchName":"All Drugs and Chemicals"
              }
            ]
          }
        }
      }
    }
  }
}

