{
  "FullStudy":{
    "Rank":367858,
    "Study":{
      "ProtocolSection":{
        "IdentificationModule":{
          "NCTId":"NCT00025220",
          "OrgStudyIdInfo":{
            "OrgStudyId":"NCI-2012-02415"
          },
          "SecondaryIdInfoList":{
            "SecondaryIdInfo":[
              {
                "SecondaryId":"NCI-2012-02415",
                "SecondaryIdType":"Registry Identifier",
                "SecondaryIdDomain":"CTRP (Clinical Trial Reporting Program)"
              },{
                "SecondaryId":"CDR0000068939"
              },{
                "SecondaryId":"GOG-0231-B",
                "SecondaryIdType":"Other Identifier",
                "SecondaryIdDomain":"Gynecologic Oncology Group"
              },{
                "SecondaryId":"GOG-0231B",
                "SecondaryIdType":"Other Identifier",
                "SecondaryIdDomain":"CTEP"
              },{
                "SecondaryId":"U10CA027469",
                "SecondaryIdType":"U.S. NIH Grant/Contract",
                "SecondaryIdLink":"https://projectreporter.nih.gov/reporterapi.cfm?PROJECTNUM=U10CA027469&Fy=all"
              }
            ]
          },
          "Organization":{
            "OrgFullName":"National Cancer Institute (NCI)",
            "OrgClass":"NIH"
          },
          "BriefTitle":"Thalidomide in Treating Patients With Recurrent or Persistent Cancer of the Uterus",
          "OfficialTitle":"A Phase II Evaluation of Thalidomide (NSC #66847) in the Treatment of Recurrent or Persistent Leiomyosarcoma of the Uterus"
        },
        "StatusModule":{
          "StatusVerifiedDate":"July 2019",
          "OverallStatus":"Completed",
          "ExpandedAccessInfo":{
            "HasExpandedAccess":"No"
          },
          "StartDateStruct":{
            "StartDate":"September 2001"
          },
          "PrimaryCompletionDateStruct":{
            "PrimaryCompletionDate":"April 2003",
            "PrimaryCompletionDateType":"Actual"
          },
          "CompletionDateStruct":{
            "CompletionDate":"July 2008",
            "CompletionDateType":"Actual"
          },
          "StudyFirstSubmitDate":"October 11, 2001",
          "StudyFirstSubmitQCDate":"January 26, 2003",
          "StudyFirstPostDateStruct":{
            "StudyFirstPostDate":"January 27, 2003",
            "StudyFirstPostDateType":"Estimate"
          },
          "LastUpdateSubmitDate":"July 22, 2019",
          "LastUpdatePostDateStruct":{
            "LastUpdatePostDate":"July 23, 2019",
            "LastUpdatePostDateType":"Actual"
          }
        },
        "SponsorCollaboratorsModule":{
          "ResponsibleParty":{
            "ResponsiblePartyType":"Sponsor"
          },
          "LeadSponsor":{
            "LeadSponsorName":"National Cancer Institute (NCI)",
            "LeadSponsorClass":"NIH"
          },
          "CollaboratorList":{
            "Collaborator":[
              {
                "CollaboratorName":"Gynecologic Oncology Group",
                "CollaboratorClass":"NETWORK"
              }
            ]
          }
        },
        "OversightModule":{},
        "DescriptionModule":{
          "BriefSummary":"Phase II trial to study the effectiveness of thalidomide in treating patients who have recurrent or persistent cancer of the uterus. Thalidomide may stop the growth of cancer by stopping blood flow to the tumor.",
          "DetailedDescription":"PRIMARY OBJECTIVES:\n\nI. Determine the antitumor cytostatic activity of thalidomide, as measured by the probability of progression-free survival (PFS) for at least 6 months, in patients with recurrent or persistent uterine leiomyosarcoma.\n\nII. Determine the nature and degree of the toxicity of this drug in these patients.\n\nIII. Determine the partial and complete response rates in patients treated with this drug.\n\nIV. Determine the duration of PFS and overall survival of patients treated with this drug.\n\nV. Determine the effect of this drug on initial performance status in these patients.\n\nVI. Determine the effects of this drug at 4 weeks on endogenous angiogenesis factors (vascular endothelial growth factor and basic fibroblast growth factor) in plasma and urine of these patients.\n\nVII. Assess the association of endogenous angiogenesis factors with clinical outcome (PFS) in patients treated with this drug.\n\nOUTLINE: This is a multicenter study.\n\nPatients receive oral thalidomide once daily on days 1-28. Courses repeat every 4 weeks in the absence of disease progression or unacceptable toxicity.\n\nPatients are followed every 3 months for 2 years, every 6 months for 3 years, and then annually thereafter."
        },
        "ConditionsModule":{
          "ConditionList":{
            "Condition":[
              "Recurrent Uterine Corpus Sarcoma",
              "Uterine Corpus Leiomyosarcoma"
            ]
          }
        },
        "DesignModule":{
          "StudyType":"Interventional",
          "PhaseList":{
            "Phase":[
              "Phase 2"
            ]
          },
          "DesignInfo":{
            "DesignAllocation":"N/A",
            "DesignInterventionModel":"Single Group Assignment",
            "DesignPrimaryPurpose":"Treatment",
            "DesignMaskingInfo":{
              "DesignMasking":"None (Open Label)"
            }
          },
          "EnrollmentInfo":{
            "EnrollmentCount":"60",
            "EnrollmentType":"Actual"
          }
        },
        "ArmsInterventionsModule":{
          "ArmGroupList":{
            "ArmGroup":[
              {
                "ArmGroupLabel":"Treatment (thalidomide)",
                "ArmGroupType":"Experimental",
                "ArmGroupDescription":"Patients receive oral thalidomide once daily on days 1-28. Courses repeat every 4 weeks in the absence of disease progression or unacceptable toxicity.",
                "ArmGroupInterventionList":{
                  "ArmGroupInterventionName":[
                    "Drug: Thalidomide",
                    "Other: Laboratory Biomarker Analysis"
                  ]
                }
              }
            ]
          },
          "InterventionList":{
            "Intervention":[
              {
                "InterventionType":"Drug",
                "InterventionName":"Thalidomide",
                "InterventionDescription":"Given PO",
                "InterventionArmGroupLabelList":{
                  "InterventionArmGroupLabel":[
                    "Treatment (thalidomide)"
                  ]
                },
                "InterventionOtherNameList":{
                  "InterventionOtherName":[
                    "THAL"
                  ]
                }
              },{
                "InterventionType":"Other",
                "InterventionName":"Laboratory Biomarker Analysis",
                "InterventionDescription":"Correlative studies",
                "InterventionArmGroupLabelList":{
                  "InterventionArmGroupLabel":[
                    "Treatment (thalidomide)"
                  ]
                }
              }
            ]
          }
        },
        "OutcomesModule":{
          "PrimaryOutcomeList":{
            "PrimaryOutcome":[
              {
                "PrimaryOutcomeMeasure":"Progression-free survival",
                "PrimaryOutcomeTimeFrame":"6 months"
              },{
                "PrimaryOutcomeMeasure":"Frequency and severity of adverse effects as assessed by CTC",
                "PrimaryOutcomeTimeFrame":"Up to 7 years"
              }
            ]
          },
          "SecondaryOutcomeList":{
            "SecondaryOutcome":[
              {
                "SecondaryOutcomeMeasure":"Duration of progression-free survival",
                "SecondaryOutcomeTimeFrame":"Up to 7 years"
              },{
                "SecondaryOutcomeMeasure":"Duration of overall survival",
                "SecondaryOutcomeTimeFrame":"Up to 7 years"
              },{
                "SecondaryOutcomeMeasure":"Frequency of clinical response (partial and complete response)",
                "SecondaryOutcomeTimeFrame":"Up to 7 years"
              }
            ]
          }
        },
        "EligibilityModule":{
          "EligibilityCriteria":"Inclusion Criteria:\n\nHistologically confirmed primary uterine leiomyosarcoma (LMS) that is refractory to curative therapy or established treatments\n\nRecurrent or persistent disease\n\nAt least 1 unidimensionally measurable target lesion\n\nAt least 20 mm by conventional techniques, including palpation, plain x-ray, CT scan, or MRI OR at least 10 mm by spiral CT scan\nTumors within a previously irradiated field are considered non-target lesions\nNo smooth muscle tumor of uncertain malignant potential, including metastatic or recurrent disease from such a tumor\nMust have received 1 prior initial chemotherapy regimen (including high-dose, consolidation, or extended therapy after surgical or nonsurgical assessment) for uterine LMS\nIneligible for a higher priority Gynecological Oncology Group (GOG) protocol (if one exists), including any active phase III protocol for the same patient population\n\nNo documented brain metastases since diagnosis of cancer\n\nPatients with stable CNS deficits are allowed provided there are no brain metastases, as confirmed by CT scan or MRI\nPerformance status - GOG 0-2 if received 1 prior therapy regimen\nPerformance status - GOG 0-1 if received 2 prior therapy regimens\nAbsolute neutrophil count at least 1,500/mm^3\nPlatelet count at least 100,000/mm^3\nBilirubin no greater than 1.5 times upper limit of normal (ULN)\nSGOT no greater than 2.5 times ULN\nAlkaline phosphatase no greater than 2.5 times ULN\nCreatinine no greater than 1.5 times ULN\nCreatinine clearance greater than 60 mL/min\nNo documented seizure disorders since diagnosis of cancer\nPatients with a history of seizure disorders are allowed provided that the seizures have been stable (i.e., no seizure within the past 12 months)while on an appropriately monitored treatment regimen\nNo active infection requiring antibiotics\nNo greater than grade 1 sensory or motor neuropathy\nNo other prior invasive malignancy within the past 5 years except nonmelanoma skin cancer\nNot pregnant\nNegative pregnancy test\nFertile patients must use at least 1 highly active method and 1 additional effective method of contraception for at least 4 weeks before, during, and for at least 4 weeks after study participation\nNo prior thalidomide\nAt least 3 weeks since prior immunologic agents for uterine LMS\nAt least 3 weeks since other prior chemotherapy for uterine LMS and recovered\nNo more than 1 prior cytotoxic chemotherapy regimen for recurrent or persistent uterine LMS\nNo prior non-cytotoxic chemotherapy for recurrent or persistent uterine LMS\nAt least 1 week since prior hormonal therapy for uterine LMS\nConcurrent hormone replacement therapy allowed\nAt least 3 weeks since prior radiotherapy for uterine LMS and recovered\nNo prior radiotherapy to more than 25% of bone marrow\nRecovered from recent prior surgery\nNo prior anticancer therapy that would preclude study therapy\nAt least 3 weeks since other prior therapy for uterine LMS\nNo concurrent bisphosphonates (e.g., zoledronate)",
          "HealthyVolunteers":"No",
          "Gender":"Female",
          "StdAgeList":{
            "StdAge":[
              "Child",
              "Adult",
              "Older Adult"
            ]
          }
        },
        "ContactsLocationsModule":{
          "OverallOfficialList":{
            "OverallOfficial":[
              {
                "OverallOfficialName":"D. McMeekin",
                "OverallOfficialAffiliation":"Gynecologic Oncology Group",
                "OverallOfficialRole":"Principal Investigator"
              }
            ]
          },
          "LocationList":{
            "Location":[
              {
                "LocationFacility":"Gynecologic Oncology Group",
                "LocationCity":"Philadelphia",
                "LocationState":"Pennsylvania",
                "LocationZip":"19103",
                "LocationCountry":"United States"
              }
            ]
          }
        }
      },
      "DerivedSection":{
        "MiscInfoModule":{
          "VersionHolder":"April 19, 2021",
          "RemovedCountryList":{
            "RemovedCountry":[
              "Norway",
              "United Kingdom"
            ]
          }
        },
        "ConditionBrowseModule":{
          "ConditionMeshList":{
            "ConditionMesh":[
              {
                "ConditionMeshId":"D000007890",
                "ConditionMeshTerm":"Leiomyosarcoma"
              }
            ]
          },
          "ConditionAncestorList":{
            "ConditionAncestor":[
              {
                "ConditionAncestorId":"D000012509",
                "ConditionAncestorTerm":"Sarcoma"
              },{
                "ConditionAncestorId":"D000018204",
                "ConditionAncestorTerm":"Neoplasms, Connective and Soft Tissue"
              },{
                "ConditionAncestorId":"D000009370",
                "ConditionAncestorTerm":"Neoplasms by Histologic Type"
              },{
                "ConditionAncestorId":"D000009369",
                "ConditionAncestorTerm":"Neoplasms"
              },{
                "ConditionAncestorId":"D000009379",
                "ConditionAncestorTerm":"Neoplasms, Muscle Tissue"
              }
            ]
          },
          "ConditionBrowseLeafList":{
            "ConditionBrowseLeaf":[
              {
                "ConditionBrowseLeafId":"M15925",
                "ConditionBrowseLeafName":"Uterine Neoplasms",
                "ConditionBrowseLeafRelevance":"low"
              },{
                "ConditionBrowseLeafId":"M13910",
                "ConditionBrowseLeafName":"Sarcoma",
                "ConditionBrowseLeafRelevance":"low"
              },{
                "ConditionBrowseLeafId":"M9485",
                "ConditionBrowseLeafName":"Leiomyosarcoma",
                "ConditionBrowseLeafAsFound":"Leiomyosarcoma",
                "ConditionBrowseLeafRelevance":"high"
              },{
                "ConditionBrowseLeafId":"M18933",
                "ConditionBrowseLeafName":"Neoplasms, Connective and Soft Tissue",
                "ConditionBrowseLeafRelevance":"low"
              },{
                "ConditionBrowseLeafId":"M10898",
                "ConditionBrowseLeafName":"Neoplasms by Histologic Type",
                "ConditionBrowseLeafRelevance":"low"
              },{
                "ConditionBrowseLeafId":"T5284",
                "ConditionBrowseLeafName":"Soft Tissue Sarcoma",
                "ConditionBrowseLeafRelevance":"low"
              },{
                "ConditionBrowseLeafId":"T3367",
                "ConditionBrowseLeafName":"Leiomyosarcoma",
                "ConditionBrowseLeafAsFound":"Leiomyosarcoma",
                "ConditionBrowseLeafRelevance":"high"
              },{
                "ConditionBrowseLeafId":"T5821",
                "ConditionBrowseLeafName":"Uterine Sarcoma",
                "ConditionBrowseLeafAsFound":"Uterine Corpus Sarcoma",
                "ConditionBrowseLeafRelevance":"high"
              }
            ]
          },
          "ConditionBrowseBranchList":{
            "ConditionBrowseBranch":[
              {
                "ConditionBrowseBranchAbbrev":"BC04",
                "ConditionBrowseBranchName":"Cancers and Other Neoplasms"
              },{
                "ConditionBrowseBranchAbbrev":"BXS",
                "ConditionBrowseBranchName":"Urinary Tract, Sexual Organs, and Pregnancy Conditions"
              },{
                "ConditionBrowseBranchAbbrev":"All",
                "ConditionBrowseBranchName":"All Conditions"
              },{
                "ConditionBrowseBranchAbbrev":"Rare",
                "ConditionBrowseBranchName":"Rare Diseases"
              }
            ]
          }
        },
        "InterventionBrowseModule":{
          "InterventionMeshList":{
            "InterventionMesh":[
              {
                "InterventionMeshId":"D000013792",
                "InterventionMeshTerm":"Thalidomide"
              }
            ]
          },
          "InterventionAncestorList":{
            "InterventionAncestor":[
              {
                "InterventionAncestorId":"D000007166",
                "InterventionAncestorTerm":"Immunosuppressive Agents"
              },{
                "InterventionAncestorId":"D000007155",
                "InterventionAncestorTerm":"Immunologic Factors"
              },{
                "InterventionAncestorId":"D000045505",
                "InterventionAncestorTerm":"Physiological Effects of Drugs"
              },{
                "InterventionAncestorId":"D000007917",
                "InterventionAncestorTerm":"Leprostatic Agents"
              },{
                "InterventionAncestorId":"D000000900",
                "InterventionAncestorTerm":"Anti-Bacterial Agents"
              },{
                "InterventionAncestorId":"D000000890",
                "InterventionAncestorTerm":"Anti-Infective Agents"
              },{
                "InterventionAncestorId":"D000020533",
                "InterventionAncestorTerm":"Angiogenesis Inhibitors"
              },{
                "InterventionAncestorId":"D000043924",
                "InterventionAncestorTerm":"Angiogenesis Modulating Agents"
              },{
                "InterventionAncestorId":"D000006133",
                "InterventionAncestorTerm":"Growth Substances"
              },{
                "InterventionAncestorId":"D000006131",
                "InterventionAncestorTerm":"Growth Inhibitors"
              },{
                "InterventionAncestorId":"D000000970",
                "InterventionAncestorTerm":"Antineoplastic Agents"
              }
            ]
          },
          "InterventionBrowseLeafList":{
            "InterventionBrowseLeaf":[
              {
                "InterventionBrowseLeafId":"M15142",
                "InterventionBrowseLeafName":"Thalidomide",
                "InterventionBrowseLeafAsFound":"Kg/day",
                "InterventionBrowseLeafRelevance":"high"
              },{
                "InterventionBrowseLeafId":"M8795",
                "InterventionBrowseLeafName":"Immunosuppressive Agents",
                "InterventionBrowseLeafRelevance":"low"
              },{
                "InterventionBrowseLeafId":"M8784",
                "InterventionBrowseLeafName":"Immunologic Factors",
                "InterventionBrowseLeafRelevance":"low"
              },{
                "InterventionBrowseLeafId":"M2803",
                "InterventionBrowseLeafName":"Anti-Bacterial Agents",
                "InterventionBrowseLeafRelevance":"low"
              },{
                "InterventionBrowseLeafId":"M2795",
                "InterventionBrowseLeafName":"Anti-Infective Agents",
                "InterventionBrowseLeafRelevance":"low"
              },{
                "InterventionBrowseLeafId":"M20902",
                "InterventionBrowseLeafName":"Angiogenesis Inhibitors",
                "InterventionBrowseLeafRelevance":"low"
              }
            ]
          },
          "InterventionBrowseBranchList":{
            "InterventionBrowseBranch":[
              {
                "InterventionBrowseBranchAbbrev":"Infe",
                "InterventionBrowseBranchName":"Anti-Infective Agents"
              },{
                "InterventionBrowseBranchAbbrev":"ANeo",
                "InterventionBrowseBranchName":"Antineoplastic Agents"
              },{
                "InterventionBrowseBranchAbbrev":"All",
                "InterventionBrowseBranchName":"All Drugs and Chemicals"
              }
            ]
          }
        }
      }
    }
  }
}

