{
  "FullStudy":{
    "Rank":367601,
    "Study":{
      "ProtocolSection":{
        "IdentificationModule":{
          "NCTId":"NCT00028834",
          "OrgStudyIdInfo":{
            "OrgStudyId":"NCI-2012-02440"
          },
          "SecondaryIdInfoList":{
            "SecondaryIdInfo":[
              {
                "SecondaryId":"11255B"
              },{
                "SecondaryId":"N01CM17102",
                "SecondaryIdType":"U.S. NIH Grant/Contract",
                "SecondaryIdLink":"https://projectreporter.nih.gov/reporterapi.cfm?PROJECTNUM=N01CM17102&Fy=all"
              },{
                "SecondaryId":"CDR0000069138",
                "SecondaryIdType":"Registry Identifier",
                "SecondaryIdDomain":"PDQ (Physician Data Query)"
              }
            ]
          },
          "Organization":{
            "OrgFullName":"National Cancer Institute (NCI)",
            "OrgClass":"NIH"
          },
          "BriefTitle":"Bevacizumab and Gemcitabine in Treating Patients With Advanced Pancreatic Cancer",
          "OfficialTitle":"A Phase II Trial Of Bevacizumab (NSC#704865) Plus Gemcitabine In Patients With Advanced Pancreatic Cancer"
        },
        "StatusModule":{
          "StatusVerifiedDate":"January 2013",
          "OverallStatus":"Completed",
          "ExpandedAccessInfo":{
            "HasExpandedAccess":"No"
          },
          "StartDateStruct":{
            "StartDate":"February 2002"
          },
          "PrimaryCompletionDateStruct":{
            "PrimaryCompletionDate":"December 2004",
            "PrimaryCompletionDateType":"Actual"
          },
          "StudyFirstSubmitDate":"January 4, 2002",
          "StudyFirstSubmitQCDate":"January 26, 2003",
          "StudyFirstPostDateStruct":{
            "StudyFirstPostDate":"January 27, 2003",
            "StudyFirstPostDateType":"Estimate"
          },
          "LastUpdateSubmitDate":"January 23, 2013",
          "LastUpdatePostDateStruct":{
            "LastUpdatePostDate":"January 24, 2013",
            "LastUpdatePostDateType":"Estimate"
          }
        },
        "SponsorCollaboratorsModule":{
          "ResponsibleParty":{
            "ResponsiblePartyType":"Sponsor"
          },
          "LeadSponsor":{
            "LeadSponsorName":"National Cancer Institute (NCI)",
            "LeadSponsorClass":"NIH"
          }
        },
        "OversightModule":{},
        "DescriptionModule":{
          "BriefSummary":"This phase II trial is to see if combining gemcitabine with bevacizumab works in treating patients who have advanced pancreatic cancer. Drugs used in chemotherapy work in different ways to stop tumor cells from dividing so they stop growing or die. Monoclonal antibodies, such as bevacizumab, can block cancer growth in different ways. Some block the ability of cancer cells to grow and spread. Others find cancer cells and help kill them or deliver cancer-killing substances to them. Combining chemotherapy with a monoclonal antibody may kill more tumor cells",
          "DetailedDescription":"PRIMARY OBJECTIVES:\n\nI. To determine the objective response rate of patients with advanced pancreatic cancer who are treated with gemcitabine plus bevacizumab.\n\nII. To determine the toxicity experienced by patients with advanced pancreatic cancer who are treated with gemcitabine plus bevacizumab.\n\nIII. To determine median and overall survival of patients with advanced pancreatic cancer who are treated with gemcitabine plus bevacizumab.\n\nSECONDARY OBJECTIVES:\n\nI. To measure plasma VEGF and serum VCAM-1 levels before, during, and after therapy as a predictor of outcome.\n\nII. To collect and store serum samples for possible future assessment of other antiangiogenic inhibition markers.\n\nOUTLINE: This is a multicenter study.\n\nPatients receive gemcitabine IV over 30 minutes on days 1, 8, and 15 and bevacizumab IV over 30-90 minutes on days 1 and 15. Treatment repeats every 28 days in the absence of disease progression or unacceptable toxicity."
        },
        "ConditionsModule":{
          "ConditionList":{
            "Condition":[
              "Adenocarcinoma of the Pancreas",
              "Recurrent Pancreatic Cancer",
              "Stage III Pancreatic Cancer",
              "Stage IV Pancreatic Cancer"
            ]
          }
        },
        "DesignModule":{
          "StudyType":"Interventional",
          "PhaseList":{
            "Phase":[
              "Phase 2"
            ]
          },
          "DesignInfo":{
            "DesignAllocation":"N/A",
            "DesignInterventionModel":"Single Group Assignment",
            "DesignPrimaryPurpose":"Treatment",
            "DesignMaskingInfo":{
              "DesignMasking":"None (Open Label)"
            }
          },
          "EnrollmentInfo":{
            "EnrollmentCount":"50",
            "EnrollmentType":"Actual"
          }
        },
        "ArmsInterventionsModule":{
          "ArmGroupList":{
            "ArmGroup":[
              {
                "ArmGroupLabel":"Treatment (gemcitabine hydrochloride, bevacizumab)",
                "ArmGroupType":"Experimental",
                "ArmGroupDescription":"Patients receive gemcitabine IV over 30 minutes on days 1, 8, and 15 and bevacizumab IV over 30-90 minutes on days 1 and 15. Treatment repeats every 28 days in the absence of disease progression or unacceptable toxicity.",
                "ArmGroupInterventionList":{
                  "ArmGroupInterventionName":[
                    "Drug: gemcitabine hydrochloride",
                    "Biological: bevacizumab",
                    "Other: laboratory biomarker analysis"
                  ]
                }
              }
            ]
          },
          "InterventionList":{
            "Intervention":[
              {
                "InterventionType":"Drug",
                "InterventionName":"gemcitabine hydrochloride",
                "InterventionDescription":"Given IV",
                "InterventionArmGroupLabelList":{
                  "InterventionArmGroupLabel":[
                    "Treatment (gemcitabine hydrochloride, bevacizumab)"
                  ]
                },
                "InterventionOtherNameList":{
                  "InterventionOtherName":[
                    "dFdC",
                    "difluorodeoxycytidine hydrochloride",
                    "gemcitabine",
                    "Gemzar"
                  ]
                }
              },{
                "InterventionType":"Biological",
                "InterventionName":"bevacizumab",
                "InterventionDescription":"Given IV",
                "InterventionArmGroupLabelList":{
                  "InterventionArmGroupLabel":[
                    "Treatment (gemcitabine hydrochloride, bevacizumab)"
                  ]
                },
                "InterventionOtherNameList":{
                  "InterventionOtherName":[
                    "anti-VEGF humanized monoclonal antibody",
                    "anti-VEGF monoclonal antibody",
                    "Avastin",
                    "rhuMAb VEGF"
                  ]
                }
              },{
                "InterventionType":"Other",
                "InterventionName":"laboratory biomarker analysis",
                "InterventionDescription":"Correlative studies",
                "InterventionArmGroupLabelList":{
                  "InterventionArmGroupLabel":[
                    "Treatment (gemcitabine hydrochloride, bevacizumab)"
                  ]
                }
              }
            ]
          }
        },
        "OutcomesModule":{
          "PrimaryOutcomeList":{
            "PrimaryOutcome":[
              {
                "PrimaryOutcomeMeasure":"Objective response rate (complete or partial responses)",
                "PrimaryOutcomeTimeFrame":"Up to 2 years"
              }
            ]
          },
          "SecondaryOutcomeList":{
            "SecondaryOutcome":[
              {
                "SecondaryOutcomeMeasure":"Progression-free survival",
                "SecondaryOutcomeDescription":"Calculated using the Kaplan-Meier method, and the median progression-free survival times and the associated 95% confidence intervals derived.",
                "SecondaryOutcomeTimeFrame":"Up to 2 years"
              },{
                "SecondaryOutcomeMeasure":"Overall survival",
                "SecondaryOutcomeDescription":"Calculated using the Kaplan-Meier method, and the median overall survival times and the associated 95% confidence intervals derived.",
                "SecondaryOutcomeTimeFrame":"Up to 2 years"
              }
            ]
          }
        },
        "EligibilityModule":{
          "EligibilityCriteria":"Inclusion Criteria:\n\nHistologically or cytologically confirmed pancreatic adenocarcinoma\n\nNot amenable to curative treatment with surgery or radiotherapy\nLocally advanced disease must extend outside the boundaries of a standard radiation port\n\nAt least 1 unidimensionally measurable lesion\n\nAt least 20 mm by conventional techniques OR at least 10 mm by spiral CT scan\nPleural effusions and ascites not considered measurable lesions\nNo obvious tumor involvement of major vessels on CT scan\nNo known brain metastases\nPerformance status - ECOG 0-2\nMore than 3 months\nWBC at least 3,000/mm^3\nAbsolute neutrophil count at least 1,500/mm^3\nPlatelet count at least 100,000/mm^3\nNo prior bleeding diathesis\nBilirubin normal\nAST/ALT no greater than 2.5 times upper limit of normal\nPT INR no greater than 1.5\nCreatinine no greater than 1.5 mg/dL\nCreatinine clearance at least 60 mL/min\nUrine protein less than 500 mg/24 hours if at least 1+ proteinuria\nNo significant renal impairment\nNo prior cardiovascular accident\nNo prior deep vein thrombosis\nNo myocardial ischemia or infarction within the past 6 months\nNo uncompensated coronary artery disease within the past 6 months\nNo uncontrolled hypertension\nNo symptomatic congestive heart failure\nNo cardiac arrhythmia\nNo clinically significant peripheral artery disease\n\nNo arterial thromboembolic event within the past 6 months, including any of the following:\n\nTransient ischemic attack\nCerebrovascular accident\nUnstable angina\nMyocardial infarction\nNo prior pulmonary embolism\nNo concurrent uncontrolled illness\nNo ongoing or active infection\nNo other concurrent active malignancy within the past 5 years except nonmelanoma skin cancer or carcinoma in situ of the cervix\nNo psychiatric illness or social situation that would preclude study entry\nNo prior allergic reaction attributed to compounds of similar chemical or biologic composition to bevacizumab or other agents (Chinese hamster ovary cell products or other recombinant human antibodies) used in this study\nNot pregnant or nursing\nNegative pregnancy test\nFertile patients must use effective contraception\nNo prior bevacizumab\nNo prior cytotoxic chemotherapy for metastatic disease\nNo prior gemcitabine\nAt least 4 weeks since prior adjuvant chemotherapy and recovered\nAt least 4 weeks since prior radiotherapy and recovered\nNo prior radiotherapy to sole site of measurable disease\nAt least 6 weeks since prior major surgery\nAt least 30 days since prior investigational agents\nAt least 1 month since prior and no concurrent thrombolytic agents or full-dose anticoagulants (except to maintain patency of pre-existing permanent indwelling IV catheters)\nNo concurrent chronic daily aspirin (more than 325 mg/day) or nonsteroidal anti-inflammatory drugs known to inhibit platelet function\nNo other concurrent investigational agents\nNo concurrent combination antiretroviral therapy for HIV-positive patients\nNo other concurrent anticancer therapy",
          "HealthyVolunteers":"No",
          "Gender":"All",
          "MinimumAge":"18 Years",
          "StdAgeList":{
            "StdAge":[
              "Adult",
              "Older Adult"
            ]
          }
        },
        "ContactsLocationsModule":{
          "OverallOfficialList":{
            "OverallOfficial":[
              {
                "OverallOfficialName":"Hedy Kindler",
                "OverallOfficialAffiliation":"University of Chicago Comprehensive Cancer Center",
                "OverallOfficialRole":"Principal Investigator"
              }
            ]
          },
          "LocationList":{
            "Location":[
              {
                "LocationFacility":"University of Chicago Comprehensive Cancer Center",
                "LocationCity":"Chicago",
                "LocationState":"Illinois",
                "LocationZip":"60637-1470",
                "LocationCountry":"United States"
              }
            ]
          }
        }
      },
      "DerivedSection":{
        "MiscInfoModule":{
          "VersionHolder":"April 19, 2021"
        },
        "ConditionBrowseModule":{
          "ConditionMeshList":{
            "ConditionMesh":[
              {
                "ConditionMeshId":"D000010190",
                "ConditionMeshTerm":"Pancreatic Neoplasms"
              }
            ]
          },
          "ConditionAncestorList":{
            "ConditionAncestor":[
              {
                "ConditionAncestorId":"D000009369",
                "ConditionAncestorTerm":"Neoplasms"
              },{
                "ConditionAncestorId":"D000004067",
                "ConditionAncestorTerm":"Digestive System Neoplasms"
              },{
                "ConditionAncestorId":"D000009371",
                "ConditionAncestorTerm":"Neoplasms by Site"
              },{
                "ConditionAncestorId":"D000004701",
                "ConditionAncestorTerm":"Endocrine Gland Neoplasms"
              },{
                "ConditionAncestorId":"D000004066",
                "ConditionAncestorTerm":"Digestive System Diseases"
              },{
                "ConditionAncestorId":"D000010182",
                "ConditionAncestorTerm":"Pancreatic Diseases"
              },{
                "ConditionAncestorId":"D000004700",
                "ConditionAncestorTerm":"Endocrine System Diseases"
              }
            ]
          },
          "ConditionBrowseLeafList":{
            "ConditionBrowseLeaf":[
              {
                "ConditionBrowseLeafId":"M11693",
                "ConditionBrowseLeafName":"Pancreatic Neoplasms",
                "ConditionBrowseLeafAsFound":"Pancreatic Cancer",
                "ConditionBrowseLeafRelevance":"high"
              },{
                "ConditionBrowseLeafId":"M2166",
                "ConditionBrowseLeafName":"Adenocarcinoma",
                "ConditionBrowseLeafRelevance":"low"
              },{
                "ConditionBrowseLeafId":"M7469",
                "ConditionBrowseLeafName":"Gastrointestinal Neoplasms",
                "ConditionBrowseLeafRelevance":"low"
              },{
                "ConditionBrowseLeafId":"M5839",
                "ConditionBrowseLeafName":"Digestive System Neoplasms",
                "ConditionBrowseLeafRelevance":"low"
              },{
                "ConditionBrowseLeafId":"M6446",
                "ConditionBrowseLeafName":"Endocrine Gland Neoplasms",
                "ConditionBrowseLeafRelevance":"low"
              },{
                "ConditionBrowseLeafId":"M5838",
                "ConditionBrowseLeafName":"Digestive System Diseases",
                "ConditionBrowseLeafRelevance":"low"
              },{
                "ConditionBrowseLeafId":"M7466",
                "ConditionBrowseLeafName":"Gastrointestinal Diseases",
                "ConditionBrowseLeafRelevance":"low"
              },{
                "ConditionBrowseLeafId":"M11685",
                "ConditionBrowseLeafName":"Pancreatic Diseases",
                "ConditionBrowseLeafRelevance":"low"
              },{
                "ConditionBrowseLeafId":"M6445",
                "ConditionBrowseLeafName":"Endocrine System Diseases",
                "ConditionBrowseLeafRelevance":"low"
              },{
                "ConditionBrowseLeafId":"T4387",
                "ConditionBrowseLeafName":"Pancreatic Cancer",
                "ConditionBrowseLeafAsFound":"Pancreatic Cancer",
                "ConditionBrowseLeafRelevance":"high"
              }
            ]
          },
          "ConditionBrowseBranchList":{
            "ConditionBrowseBranch":[
              {
                "ConditionBrowseBranchAbbrev":"BC04",
                "ConditionBrowseBranchName":"Cancers and Other Neoplasms"
              },{
                "ConditionBrowseBranchAbbrev":"BC06",
                "ConditionBrowseBranchName":"Digestive System Diseases"
              },{
                "ConditionBrowseBranchAbbrev":"BC19",
                "ConditionBrowseBranchName":"Gland and Hormone Related Diseases"
              },{
                "ConditionBrowseBranchAbbrev":"All",
                "ConditionBrowseBranchName":"All Conditions"
              },{
                "ConditionBrowseBranchAbbrev":"Rare",
                "ConditionBrowseBranchName":"Rare Diseases"
              }
            ]
          }
        },
        "InterventionBrowseModule":{
          "InterventionMeshList":{
            "InterventionMesh":[
              {
                "InterventionMeshId":"C000056507",
                "InterventionMeshTerm":"Gemcitabine"
              },{
                "InterventionMeshId":"D000068258",
                "InterventionMeshTerm":"Bevacizumab"
              },{
                "InterventionMeshId":"D000074322",
                "InterventionMeshTerm":"Antineoplastic Agents, Immunological"
              },{
                "InterventionMeshId":"D000000906",
                "InterventionMeshTerm":"Antibodies"
              },{
                "InterventionMeshId":"D000007136",
                "InterventionMeshTerm":"Immunoglobulins"
              },{
                "InterventionMeshId":"D000000911",
                "InterventionMeshTerm":"Antibodies, Monoclonal"
              }
            ]
          },
          "InterventionAncestorList":{
            "InterventionAncestor":[
              {
                "InterventionAncestorId":"D000000970",
                "InterventionAncestorTerm":"Antineoplastic Agents"
              },{
                "InterventionAncestorId":"D000020533",
                "InterventionAncestorTerm":"Angiogenesis Inhibitors"
              },{
                "InterventionAncestorId":"D000043924",
                "InterventionAncestorTerm":"Angiogenesis Modulating Agents"
              },{
                "InterventionAncestorId":"D000006133",
                "InterventionAncestorTerm":"Growth Substances"
              },{
                "InterventionAncestorId":"D000045505",
                "InterventionAncestorTerm":"Physiological Effects of Drugs"
              },{
                "InterventionAncestorId":"D000006131",
                "InterventionAncestorTerm":"Growth Inhibitors"
              },{
                "InterventionAncestorId":"D000007155",
                "InterventionAncestorTerm":"Immunologic Factors"
              },{
                "InterventionAncestorId":"D000000964",
                "InterventionAncestorTerm":"Antimetabolites, Antineoplastic"
              },{
                "InterventionAncestorId":"D000000963",
                "InterventionAncestorTerm":"Antimetabolites"
              },{
                "InterventionAncestorId":"D000045504",
                "InterventionAncestorTerm":"Molecular Mechanisms of Pharmacological Action"
              },{
                "InterventionAncestorId":"D000000998",
                "InterventionAncestorTerm":"Antiviral Agents"
              },{
                "InterventionAncestorId":"D000000890",
                "InterventionAncestorTerm":"Anti-Infective Agents"
              },{
                "InterventionAncestorId":"D000004791",
                "InterventionAncestorTerm":"Enzyme Inhibitors"
              },{
                "InterventionAncestorId":"D000007166",
                "InterventionAncestorTerm":"Immunosuppressive Agents"
              }
            ]
          },
          "InterventionBrowseLeafList":{
            "InterventionBrowseLeaf":[
              {
                "InterventionBrowseLeafId":"M2806",
                "InterventionBrowseLeafName":"Antibodies",
                "InterventionBrowseLeafAsFound":"Sessions",
                "InterventionBrowseLeafRelevance":"high"
              },{
                "InterventionBrowseLeafId":"M2811",
                "InterventionBrowseLeafName":"Antibodies, Monoclonal",
                "InterventionBrowseLeafAsFound":"Double-",
                "InterventionBrowseLeafRelevance":"high"
              },{
                "InterventionBrowseLeafId":"M8767",
                "InterventionBrowseLeafName":"Immunoglobulins",
                "InterventionBrowseLeafAsFound":"Sessions",
                "InterventionBrowseLeafRelevance":"high"
              },{
                "InterventionBrowseLeafId":"M223958",
                "InterventionBrowseLeafName":"Gemcitabine",
                "InterventionBrowseLeafAsFound":"Program",
                "InterventionBrowseLeafRelevance":"high"
              },{
                "InterventionBrowseLeafId":"M246",
                "InterventionBrowseLeafName":"Bevacizumab",
                "InterventionBrowseLeafAsFound":"Smoking",
                "InterventionBrowseLeafRelevance":"high"
              },{
                "InterventionBrowseLeafId":"M1346",
                "InterventionBrowseLeafName":"Antineoplastic Agents, Immunological",
                "InterventionBrowseLeafAsFound":"Double-",
                "InterventionBrowseLeafRelevance":"high"
              },{
                "InterventionBrowseLeafId":"M17700",
                "InterventionBrowseLeafName":"Immunoglobulins, Intravenous",
                "InterventionBrowseLeafRelevance":"low"
              },{
                "InterventionBrowseLeafId":"M20902",
                "InterventionBrowseLeafName":"Angiogenesis Inhibitors",
                "InterventionBrowseLeafRelevance":"low"
              },{
                "InterventionBrowseLeafId":"M8784",
                "InterventionBrowseLeafName":"Immunologic Factors",
                "InterventionBrowseLeafRelevance":"low"
              },{
                "InterventionBrowseLeafId":"M2862",
                "InterventionBrowseLeafName":"Antimetabolites",
                "InterventionBrowseLeafRelevance":"low"
              },{
                "InterventionBrowseLeafId":"M2895",
                "InterventionBrowseLeafName":"Antiviral Agents",
                "InterventionBrowseLeafRelevance":"low"
              },{
                "InterventionBrowseLeafId":"M2795",
                "InterventionBrowseLeafName":"Anti-Infective Agents",
                "InterventionBrowseLeafRelevance":"low"
              },{
                "InterventionBrowseLeafId":"M8795",
                "InterventionBrowseLeafName":"Immunosuppressive Agents",
                "InterventionBrowseLeafRelevance":"low"
              }
            ]
          },
          "InterventionBrowseBranchList":{
            "InterventionBrowseBranch":[
              {
                "InterventionBrowseBranchAbbrev":"All",
                "InterventionBrowseBranchName":"All Drugs and Chemicals"
              },{
                "InterventionBrowseBranchAbbrev":"Infe",
                "InterventionBrowseBranchName":"Anti-Infective Agents"
              },{
                "InterventionBrowseBranchAbbrev":"ANeo",
                "InterventionBrowseBranchName":"Antineoplastic Agents"
              }
            ]
          }
        }
      }
    }
  }
}

