{
  "FullStudy":{
    "Rank":368076,
    "Study":{
      "ProtocolSection":{
        "IdentificationModule":{
          "NCTId":"NCT00022048",
          "OrgStudyIdInfo":{
            "OrgStudyId":"SUMC-MDA-ID-01152"
          },
          "SecondaryIdInfoList":{
            "SecondaryIdInfo":[
              {
                "SecondaryId":"CDR0000068778",
                "SecondaryIdType":"Registry Identifier",
                "SecondaryIdDomain":"PDQ (Physician Data Query)"
              },{
                "SecondaryId":"MDA-ID-01152"
              },{
                "SecondaryId":"NCI-2771"
              }
            ]
          },
          "Organization":{
            "OrgFullName":"National Cancer Institute (NCI)",
            "OrgClass":"NIH"
          },
          "BriefTitle":"Bevacizumab in Treating Patients With Myelodysplastic Syndrome",
          "OfficialTitle":"Safety and Efficacy Trial of Bevacizumab: Anti-VEGF Humanized Monoclonal Antibody (NSC 704865) Therapy for Myelodysplastic Syndrome (MDS)"
        },
        "StatusModule":{
          "StatusVerifiedDate":"October 2004",
          "OverallStatus":"Completed",
          "ExpandedAccessInfo":{
            "HasExpandedAccess":"No"
          },
          "StartDateStruct":{
            "StartDate":"August 2001"
          },
          "CompletionDateStruct":{
            "CompletionDate":"November 2004",
            "CompletionDateType":"Actual"
          },
          "StudyFirstSubmitDate":"August 10, 2001",
          "StudyFirstSubmitQCDate":"January 26, 2003",
          "StudyFirstPostDateStruct":{
            "StudyFirstPostDate":"January 27, 2003",
            "StudyFirstPostDateType":"Estimate"
          },
          "LastUpdateSubmitDate":"May 14, 2013",
          "LastUpdatePostDateStruct":{
            "LastUpdatePostDate":"May 15, 2013",
            "LastUpdatePostDateType":"Estimate"
          }
        },
        "SponsorCollaboratorsModule":{
          "LeadSponsor":{
            "LeadSponsorName":"Stanford University",
            "LeadSponsorClass":"OTHER"
          },
          "CollaboratorList":{
            "Collaborator":[
              {
                "CollaboratorName":"National Cancer Institute (NCI)",
                "CollaboratorClass":"NIH"
              }
            ]
          }
        },
        "DescriptionModule":{
          "BriefSummary":"RATIONALE: Monoclonal antibodies, such as bevacizumab, can block cancer growth in different ways. Some block the ability of cancer cells to grow and spread. Others find cancer cells and help kill them or deliver cancer-killing substances to them.\n\nPURPOSE: This phase I/II trial is to see if bevacizumab works in treating patients who have myelodysplastic syndrome.",
          "DetailedDescription":"OBJECTIVES:\n\nDetermine the hematologic responses, including changes in hemoglobin levels, neutrophil counts, platelet counts, and percentage of bone marrow blasts, in patients with myelodysplastic syndrome treated with bevacizumab.\nDetermine the toxic effects of this regimen in these patients.\nDetermine the tolerance in patients treated with this regimen.\nDetermine bone marrow cytogenetic responses in patients treated with this regimen.\nDetermine bone marrow microvessel density in patients treated with this regimen.\n\nOUTLINE: This is a multicenter study. Patients are stratified according to International Prognostic Scoring System risk status (low (low or intermediate-1) vs high (intermediate-2 or high)).\n\nPatients receive bevacizumab IV over 30-90 minutes. Treatment repeats every 2 weeks for 4-6 months in the absence of disease progression or unacceptable toxicity.\n\nPatients are followed at weeks 1, 3, 5, 7, and 9.\n\nPROJECTED ACCRUAL: A total of 16-25 patients will be accrued for this study within 2 years."
        },
        "ConditionsModule":{
          "ConditionList":{
            "Condition":[
              "Leukemia",
              "Myelodysplastic Syndromes",
              "Myelodysplastic/Myeloproliferative Neoplasms"
            ]
          },
          "KeywordList":{
            "Keyword":[
              "refractory anemia",
              "refractory anemia with ringed sideroblasts",
              "refractory anemia with excess blasts",
              "refractory anemia with excess blasts in transformation",
              "chronic myelomonocytic leukemia",
              "de novo myelodysplastic syndromes",
              "previously treated myelodysplastic syndromes",
              "myelodysplastic/myeloproliferative neoplasm, unclassifiable",
              "atypical chronic myeloid leukemia, BCR-ABL1 negative"
            ]
          }
        },
        "DesignModule":{
          "StudyType":"Interventional",
          "PhaseList":{
            "Phase":[
              "Phase 1",
              "Phase 2"
            ]
          },
          "DesignInfo":{
            "DesignPrimaryPurpose":"Treatment"
          }
        },
        "ArmsInterventionsModule":{
          "InterventionList":{
            "Intervention":[
              {
                "InterventionType":"Biological",
                "InterventionName":"bevacizumab"
              }
            ]
          }
        },
        "EligibilityModule":{
          "EligibilityCriteria":"DISEASE CHARACTERISTICS:\n\nHistologically confirmed myelodysplastic syndrome (MDS)\n\nRefractory anemia (RA)\nRA with excess blasts (RAEB)\nRAEB in transformation\nRA with ringed sideroblasts\nNon-proliferative chronic myelomonocytic leukemia (WBC less than 12,000/mm^3)\n\nAt least 1 of the following cytopenias:\n\nUntransfused hemoglobin no greater than 10.0 g/dL and/or red cell transfusion dependent\nAbsolute neutrophil count no greater than 1,800/mm^3 (neutropenia)\nPlatelet count no greater than 100,000/mm^3 (thrombocytopenia)\nNo secondary MDS\nNo known brain metastases\n\nPATIENT CHARACTERISTICS:\n\nAge:\n\n18 and over\n\nPerformance status:\n\nECOG 0-2\nKarnofsky 60-100%\n\nLife expectancy:\n\nMore than 4 months\n\nHematopoietic:\n\nSee Disease Characteristics\nPlatelet count at least 20,000/mm^3\nNo hemorrhagic illness within the past 3 weeks\nNo hemolysis\nNo iron deficiency\nNo active blood loss\n\nHepatic:\n\nAST and ALT no greater than 2.5 times upper limit of normal (ULN)\nBilirubin no greater than 2.0 mg/dL\nINR less than 2.0\nPTT less than 1.5 times ULN\n\nRenal:\n\nCreatinine no greater than 2.0 mg/dL\nNo renal dysfunction requiring dialysis within the past 6 months\nNo nephrotic syndrome within the past 6 months\n\nCardiovascular:\n\nNo myocardial infraction within the past 6 months\nNo severe or unstable angina within the past 6 months\nNo severe peripheral vascular disease (ischemic rest pain, non-healing wound or ulcer, or tissue loss) within the past 6 months\nNo uncontrolled hypertension within the past 6 months\nNo transient ischemic attack within the past 6 months\nNo cerebrovascular accident within the past 6 months\nNo deep venous or arterial thrombosis\nNo coronary artery disease\nNo symptomatic congestive heart failure (New York Heart Association class II-IV heart disease)\nNo cardiac arrhythmia\nNo vascular illness within the past 3 weeks\n\nPulmonary:\n\nNo pulmonary embolism\n\nOther:\n\nNot pregnant or nursing\nNegative pregnancy test\nFertile patients must use effective contraception\n\nNo other active malignancy except localized squamous cell or basal cell skin cancer\n\nPrior cured malignancy allowed\nNo trauma within the past 3 weeks\nNo significant inflammatory disease within the past 3 weeks\nNo serious non-healing wound, ulcer, or bone fracture\nNo hypersensitivity to Chinese hamster ovary cell products or other recombinant human or humanized antibodies\nNo other active severe disease\nNo infection\nNo psychiatric illness or social situation that would preclude study compliance\nHIV negative\n\nPRIOR CONCURRENT THERAPY:\n\nBiologic therapy:\n\nNo prior allogeneic bone marrow transplantation\nAt least 30 days since prior biologic response modifiers\nAt least 30 days since prior hematopoietic growth factors\nAt least 30 days since prior thalidomide\nNo concurrent thalidomide\nNo other concurrent biologic response modifiers\nNo concurrent hematopoietic growth factors (including epoetin alfa)\nConcurrent filgrastim (G-CSF) for febrile neutropenia allowed\nConcurrent transfusions allowed\n\nChemotherapy:\n\nAt least 30 days since prior chemotherapy\nNo concurrent chemotherapy\n\nEndocrine therapy:\n\nNo concurrent corticosteroid therapy (more than 10 mg/day of prednisone or equivalent steroid dose) except for pre-medication for transfusions\n\nRadiotherapy:\n\nAt least 30 days since prior radiotherapy\nNo concurrent radiotherapy\n\nSurgery:\n\nAt least 3 weeks since prior surgery (including biopsy of visceral organ)\n\nOther:\n\nAt least 10 days since prior anticoagulants\nNo concurrent cytotoxic agents\nNo other concurrent investigational agents",
          "HealthyVolunteers":"No",
          "Gender":"All",
          "MinimumAge":"18 Years",
          "StdAgeList":{
            "StdAge":[
              "Adult",
              "Older Adult"
            ]
          }
        },
        "ContactsLocationsModule":{
          "OverallOfficialList":{
            "OverallOfficial":[
              {
                "OverallOfficialName":"Peter L. Greenberg, MD",
                "OverallOfficialAffiliation":"Stanford University",
                "OverallOfficialRole":"Study Chair"
              }
            ]
          },
          "LocationList":{
            "Location":[
              {
                "LocationFacility":"Arizona Cancer Center at University of Arizona Health Sciences Center",
                "LocationCity":"Tucson",
                "LocationState":"Arizona",
                "LocationZip":"85724",
                "LocationCountry":"United States"
              },{
                "LocationFacility":"Stanford Cancer Center at Stanford University Medical Center",
                "LocationCity":"Stanford",
                "LocationState":"California",
                "LocationZip":"94305-5750",
                "LocationCountry":"United States"
              },{
                "LocationFacility":"University of Texas - MD Anderson Cancer Center",
                "LocationCity":"Houston",
                "LocationState":"Texas",
                "LocationZip":"77030-4009",
                "LocationCountry":"United States"
              }
            ]
          }
        }
      },
      "DerivedSection":{
        "MiscInfoModule":{
          "VersionHolder":"April 19, 2021"
        },
        "ConditionBrowseModule":{
          "ConditionMeshList":{
            "ConditionMesh":[
              {
                "ConditionMeshId":"D000007938",
                "ConditionMeshTerm":"Leukemia"
              },{
                "ConditionMeshId":"D000011289",
                "ConditionMeshTerm":"Preleukemia"
              },{
                "ConditionMeshId":"D000009190",
                "ConditionMeshTerm":"Myelodysplastic Syndromes"
              },{
                "ConditionMeshId":"D000009196",
                "ConditionMeshTerm":"Myeloproliferative Disorders"
              },{
                "ConditionMeshId":"D000054437",
                "ConditionMeshTerm":"Myelodysplastic-Myeloproliferative Diseases"
              },{
                "ConditionMeshId":"D000013577",
                "ConditionMeshTerm":"Syndrome"
              }
            ]
          },
          "ConditionAncestorList":{
            "ConditionAncestor":[
              {
                "ConditionAncestorId":"D000004194",
                "ConditionAncestorTerm":"Disease"
              },{
                "ConditionAncestorId":"D000010335",
                "ConditionAncestorTerm":"Pathologic Processes"
              },{
                "ConditionAncestorId":"D000009370",
                "ConditionAncestorTerm":"Neoplasms by Histologic Type"
              },{
                "ConditionAncestorId":"D000009369",
                "ConditionAncestorTerm":"Neoplasms"
              },{
                "ConditionAncestorId":"D000001855",
                "ConditionAncestorTerm":"Bone Marrow Diseases"
              },{
                "ConditionAncestorId":"D000006402",
                "ConditionAncestorTerm":"Hematologic Diseases"
              },{
                "ConditionAncestorId":"D000011230",
                "ConditionAncestorTerm":"Precancerous Conditions"
              }
            ]
          },
          "ConditionBrowseLeafList":{
            "ConditionBrowseLeaf":[
              {
                "ConditionBrowseLeafId":"M9528",
                "ConditionBrowseLeafName":"Leukemia",
                "ConditionBrowseLeafAsFound":"Leukemia",
                "ConditionBrowseLeafRelevance":"high"
              },{
                "ConditionBrowseLeafId":"M9538",
                "ConditionBrowseLeafName":"Leukemia, Myeloid",
                "ConditionBrowseLeafRelevance":"low"
              },{
                "ConditionBrowseLeafId":"M14938",
                "ConditionBrowseLeafName":"Syndrome",
                "ConditionBrowseLeafAsFound":"Syndrome",
                "ConditionBrowseLeafRelevance":"high"
              },{
                "ConditionBrowseLeafId":"M2651",
                "ConditionBrowseLeafName":"Anemia",
                "ConditionBrowseLeafRelevance":"low"
              },{
                "ConditionBrowseLeafId":"M10732",
                "ConditionBrowseLeafName":"Myeloproliferative Disorders",
                "ConditionBrowseLeafAsFound":"Myeloproliferative Neoplasms",
                "ConditionBrowseLeafRelevance":"high"
              },{
                "ConditionBrowseLeafId":"M12747",
                "ConditionBrowseLeafName":"Preleukemia",
                "ConditionBrowseLeafAsFound":"Myelodysplastic Syndrome",
                "ConditionBrowseLeafRelevance":"high"
              },{
                "ConditionBrowseLeafId":"M16715",
                "ConditionBrowseLeafName":"Leukemia, Myelomonocytic, Chronic",
                "ConditionBrowseLeafRelevance":"low"
              },{
                "ConditionBrowseLeafId":"M26293",
                "ConditionBrowseLeafName":"Leukemia, Myelomonocytic, Juvenile",
                "ConditionBrowseLeafRelevance":"low"
              },{
                "ConditionBrowseLeafId":"M10728",
                "ConditionBrowseLeafName":"Myelodysplastic Syndromes",
                "ConditionBrowseLeafAsFound":"Myelodysplastic Syndrome",
                "ConditionBrowseLeafRelevance":"high"
              },{
                "ConditionBrowseLeafId":"M16706",
                "ConditionBrowseLeafName":"Leukemia, Myelogenous, Chronic, BCR-ABL Positive",
                "ConditionBrowseLeafRelevance":"low"
              },{
                "ConditionBrowseLeafId":"M2665",
                "ConditionBrowseLeafName":"Anemia, Refractory, with Excess of Blasts",
                "ConditionBrowseLeafRelevance":"low"
              },{
                "ConditionBrowseLeafId":"M2664",
                "ConditionBrowseLeafName":"Anemia, Refractory",
                "ConditionBrowseLeafRelevance":"low"
              },{
                "ConditionBrowseLeafId":"M26294",
                "ConditionBrowseLeafName":"Myelodysplastic-Myeloproliferative Diseases",
                "ConditionBrowseLeafAsFound":"Myelodysplastic/myeloproliferative neoplasm",
                "ConditionBrowseLeafRelevance":"high"
              },{
                "ConditionBrowseLeafId":"M10898",
                "ConditionBrowseLeafName":"Neoplasms by Histologic Type",
                "ConditionBrowseLeafRelevance":"low"
              },{
                "ConditionBrowseLeafId":"M3716",
                "ConditionBrowseLeafName":"Bone Marrow Diseases",
                "ConditionBrowseLeafRelevance":"low"
              },{
                "ConditionBrowseLeafId":"M8073",
                "ConditionBrowseLeafName":"Hematologic Diseases",
                "ConditionBrowseLeafRelevance":"low"
              },{
                "ConditionBrowseLeafId":"M12694",
                "ConditionBrowseLeafName":"Precancerous Conditions",
                "ConditionBrowseLeafRelevance":"low"
              },{
                "ConditionBrowseLeafId":"T3995",
                "ConditionBrowseLeafName":"Myeloid Leukemia",
                "ConditionBrowseLeafRelevance":"low"
              },{
                "ConditionBrowseLeafId":"T1311",
                "ConditionBrowseLeafName":"Chronic Myeloproliferative Disorders",
                "ConditionBrowseLeafAsFound":"Myeloproliferative Neoplasms",
                "ConditionBrowseLeafRelevance":"high"
              },{
                "ConditionBrowseLeafId":"T3993",
                "ConditionBrowseLeafName":"Myelodysplastic Syndromes",
                "ConditionBrowseLeafAsFound":"Myelodysplastic Syndrome",
                "ConditionBrowseLeafRelevance":"high"
              },{
                "ConditionBrowseLeafId":"T1310",
                "ConditionBrowseLeafName":"Chronic Myelomonocytic Leukemia",
                "ConditionBrowseLeafRelevance":"low"
              },{
                "ConditionBrowseLeafId":"T3174",
                "ConditionBrowseLeafName":"Juvenile Myelomonocytic Leukemia",
                "ConditionBrowseLeafRelevance":"low"
              },{
                "ConditionBrowseLeafId":"T1309",
                "ConditionBrowseLeafName":"Chronic Myeloid Leukemia",
                "ConditionBrowseLeafRelevance":"low"
              },{
                "ConditionBrowseLeafId":"T3994",
                "ConditionBrowseLeafName":"Myelodysplastic/myeloproliferative Disease",
                "ConditionBrowseLeafAsFound":"Myelodysplastic/myeloproliferative neoplasm",
                "ConditionBrowseLeafRelevance":"high"
              },{
                "ConditionBrowseLeafId":"T3991",
                "ConditionBrowseLeafName":"Myelodysplastic Syndrome With Excess Blasts",
                "ConditionBrowseLeafRelevance":"low"
              },{
                "ConditionBrowseLeafId":"T5232",
                "ConditionBrowseLeafName":"Sideroblastic Anemia Pyridoxine-refractory Autosomal Recessive",
                "ConditionBrowseLeafRelevance":"low"
              }
            ]
          },
          "ConditionBrowseBranchList":{
            "ConditionBrowseBranch":[
              {
                "ConditionBrowseBranchAbbrev":"BC04",
                "ConditionBrowseBranchName":"Cancers and Other Neoplasms"
              },{
                "ConditionBrowseBranchAbbrev":"All",
                "ConditionBrowseBranchName":"All Conditions"
              },{
                "ConditionBrowseBranchAbbrev":"BC23",
                "ConditionBrowseBranchName":"Symptoms and General Pathology"
              },{
                "ConditionBrowseBranchAbbrev":"BC15",
                "ConditionBrowseBranchName":"Blood and Lymph Conditions"
              },{
                "ConditionBrowseBranchAbbrev":"Rare",
                "ConditionBrowseBranchName":"Rare Diseases"
              }
            ]
          }
        },
        "InterventionBrowseModule":{
          "InterventionMeshList":{
            "InterventionMesh":[
              {
                "InterventionMeshId":"D000068258",
                "InterventionMeshTerm":"Bevacizumab"
              }
            ]
          },
          "InterventionAncestorList":{
            "InterventionAncestor":[
              {
                "InterventionAncestorId":"D000074322",
                "InterventionAncestorTerm":"Antineoplastic Agents, Immunological"
              },{
                "InterventionAncestorId":"D000000970",
                "InterventionAncestorTerm":"Antineoplastic Agents"
              },{
                "InterventionAncestorId":"D000020533",
                "InterventionAncestorTerm":"Angiogenesis Inhibitors"
              },{
                "InterventionAncestorId":"D000043924",
                "InterventionAncestorTerm":"Angiogenesis Modulating Agents"
              },{
                "InterventionAncestorId":"D000006133",
                "InterventionAncestorTerm":"Growth Substances"
              },{
                "InterventionAncestorId":"D000045505",
                "InterventionAncestorTerm":"Physiological Effects of Drugs"
              },{
                "InterventionAncestorId":"D000006131",
                "InterventionAncestorTerm":"Growth Inhibitors"
              }
            ]
          },
          "InterventionBrowseLeafList":{
            "InterventionBrowseLeaf":[
              {
                "InterventionBrowseLeafId":"M2806",
                "InterventionBrowseLeafName":"Antibodies",
                "InterventionBrowseLeafRelevance":"low"
              },{
                "InterventionBrowseLeafId":"M2811",
                "InterventionBrowseLeafName":"Antibodies, Monoclonal",
                "InterventionBrowseLeafRelevance":"low"
              },{
                "InterventionBrowseLeafId":"M8767",
                "InterventionBrowseLeafName":"Immunoglobulins",
                "InterventionBrowseLeafRelevance":"low"
              },{
                "InterventionBrowseLeafId":"M246",
                "InterventionBrowseLeafName":"Bevacizumab",
                "InterventionBrowseLeafAsFound":"Non-",
                "InterventionBrowseLeafRelevance":"high"
              },{
                "InterventionBrowseLeafId":"M1346",
                "InterventionBrowseLeafName":"Antineoplastic Agents, Immunological",
                "InterventionBrowseLeafRelevance":"low"
              },{
                "InterventionBrowseLeafId":"M20902",
                "InterventionBrowseLeafName":"Angiogenesis Inhibitors",
                "InterventionBrowseLeafRelevance":"low"
              }
            ]
          },
          "InterventionBrowseBranchList":{
            "InterventionBrowseBranch":[
              {
                "InterventionBrowseBranchAbbrev":"All",
                "InterventionBrowseBranchName":"All Drugs and Chemicals"
              },{
                "InterventionBrowseBranchAbbrev":"ANeo",
                "InterventionBrowseBranchName":"Antineoplastic Agents"
              }
            ]
          }
        }
      }
    }
  }
}

