{
  "FullStudy":{
    "Rank":367800,
    "Study":{
      "ProtocolSection":{
        "IdentificationModule":{
          "NCTId":"NCT00026000",
          "OrgStudyIdInfo":{
            "OrgStudyId":"020027"
          },
          "SecondaryIdInfoList":{
            "SecondaryIdInfo":[
              {
                "SecondaryId":"02-N-0027"
              }
            ]
          },
          "Organization":{
            "OrgFullName":"National Institutes of Health Clinical Center (CC)",
            "OrgClass":"NIH"
          },
          "BriefTitle":"Brain Activation in Vocal and Motor Tics",
          "OfficialTitle":"Brain Activation in Motor and Vocal Tics in Patients With Tourette's Syndrome or Chronic Motor or Vocal Tic Disorder Using Blood Oxygenation Level Dependent Functional MRI"
        },
        "StatusModule":{
          "StatusVerifiedDate":"January 2005",
          "OverallStatus":"Completed",
          "ExpandedAccessInfo":{
            "HasExpandedAccess":"No"
          },
          "StartDateStruct":{
            "StartDate":"November 2001"
          },
          "CompletionDateStruct":{
            "CompletionDate":"January 2005"
          },
          "StudyFirstSubmitDate":"November 2, 2001",
          "StudyFirstSubmitQCDate":"November 2, 2001",
          "StudyFirstPostDateStruct":{
            "StudyFirstPostDate":"November 5, 2001",
            "StudyFirstPostDateType":"Estimate"
          },
          "LastUpdateSubmitDate":"March 3, 2008",
          "LastUpdatePostDateStruct":{
            "LastUpdatePostDate":"March 4, 2008",
            "LastUpdatePostDateType":"Estimate"
          }
        },
        "SponsorCollaboratorsModule":{
          "LeadSponsor":{
            "LeadSponsorName":"National Institute of Neurological Disorders and Stroke (NINDS)",
            "LeadSponsorClass":"NIH"
          }
        },
        "OversightModule":{},
        "DescriptionModule":{
          "BriefSummary":"This study will investigate the brain areas that are activated by vocal and motor tics in patients with Tourette's syndrome and other tic disorders. Tics are involuntary repetitive movements similar to voluntary movements. They may be simple, involving only a few muscles or simple sounds, or complex, involving several groups of muscles in orchestrated bouts. This study will involve only simple motor tics, such as eye blinking, nose wrinkling, facial grimacing and abdominal tensing, and simple vocal tics, such as throat clearing, sniffing and snorting.\n\nHealthy normal volunteers and patients between 14 and 65 years of age with simple motor or vocal tics may be eligible for this study.\n\nParticipants will have a brief medical history and physical examination and magnetic resonance imaging (MRI) of the brain. MRI uses a magnetic field and radio waves to produce images. For the procedure, the subject lies on a table that is moved into a cylindrical chamber containing a strong magnet. Earplugs are worn to muffle the loud thumping sounds made by electrical switching of the radio frequency circuits and protect against temporary hearing impairment.\n\nDuring the scan, normal volunteers will be asked to make simple movements or sounds designed to imitate tics, such as raising eyebrows, blinking or coughing. Patients with tic disorders will have two parts to the scanning session. First they will relax and allow tics to occur spontaneously, then they will be asked to imitate a specific tic when there is no urge to tic.\n\nPatients and healthy subjects will have electromyography (EMG) to record the timing of the voluntary movements and tics. For this procedure, several pairs of small, saucer-like electrodes are attached to the skin with a gel or paste. Electric signals from the electrodes are amplified and recorded on a computer. A microphone may be placed near patients to record any vocal tics. A video camera may also be used to record the tics.",
          "DetailedDescription":"The purpose of this study is to determine the areas of the brain responsible for motor tics in patients with tic disorders including Tourette's Syndrome and Chronic Motor or Vocal Tic Disorder. Previous studies have been done looking at brain activity during tics using electroencephalography (EEG) and positron emission tomography (PET). 16 adult patients with DSM-IV-TR (American Psychiatric Association 2000) diagnosis of a tic disorder and frequent tics will be studied. We will utilize blood oxygenation level dependent functional magnetic resonance imaging (BOLD fMRI) on patients with tics while they are experiencing spontaneous tics and while they are voluntarily imitating those tics. The differential activation between the tics and the voluntary movements may shed light on the regions of the brain responsible for generation of tics."
        },
        "ConditionsModule":{
          "ConditionList":{
            "Condition":[
              "Tourette's Syndrome",
              "Chronic Motor Tic Disorder",
              "Chronic Motor Vocal Disorder"
            ]
          },
          "KeywordList":{
            "Keyword":[
              "Voluntary Movement",
              "Basal Ganglia",
              "Frontal Lobe",
              "Motor Cortex",
              "Motor Tic Disorder",
              "Tourette's Syndrome",
              "Vocal Tic Disorder",
              "Tic",
              "Healthy Volunteer",
              "HV",
              "Normal Control"
            ]
          }
        },
        "DesignModule":{
          "StudyType":"Observational",
          "EnrollmentInfo":{
            "EnrollmentCount":"30"
          }
        },
        "EligibilityModule":{
          "EligibilityCriteria":"INCLUSION CRITERIA\n\nPatients will have a clinically documented tic disorder as defined by DSM-IV-TR and evaluation of tics severity using Yale Tic Sale. This criterion will be established by the preliminary screening in the NINDS Movement Disorders Outpatient Clinic.\n\nPatients will be in age range 14 to 65.\n\nPatients may be male or female.\n\nPatients will be asked to stop any medications that can influence central nervous system for at least 24 hours prior to exam also they will be asked to abstain from alcohol for 24 hours before the study.\n\n10 normal controls will be included; controls will be screened in the NINDS Movement Disorders Outpatient Clinic, and will have neurological and physical examination.\n\nControls with chronic illnesses, taking any medication that affects the CNS will be excluded.\n\nControls will be asked to abstain from alcohol for 24 hours before the study.\n\nAll subjects participating in MR studies should have a valid Clinical Center Medical Record Number.\n\nEXCLUSION CRITERIA\n\nPatients younger than 14 years old will be excluded from the study.\n\nPatients with MRI findings consistent with brain tumors, strokes, trauma or AVMs will be excluded.\n\nPatients with progressive neurological disorders other than a tic disorder will be excluded.\n\nPatients with a history of significant medical disorders, or requiring chronic treatment with other drugs, which cannot be stopped, will be excluded.\n\nPatients with cancer will be excluded.\n\nPregnant women will be excluded.\n\nPatients not capable of giving informed consent will be excluded.",
          "HealthyVolunteers":"Accepts Healthy Volunteers",
          "Gender":"All",
          "StdAgeList":{
            "StdAge":[
              "Child",
              "Adult",
              "Older Adult"
            ]
          }
        },
        "ContactsLocationsModule":{
          "LocationList":{
            "Location":[
              {
                "LocationFacility":"National Institute of Neurological Disorders and Stroke (NINDS)",
                "LocationCity":"Bethesda",
                "LocationState":"Maryland",
                "LocationZip":"20892",
                "LocationCountry":"United States"
              }
            ]
          }
        },
        "ReferencesModule":{
          "ReferenceList":{
            "Reference":[
              {
                "ReferencePMID":"8676135",
                "ReferenceType":"background",
                "ReferenceCitation":"Karp BI, Porter S, Toro C, Hallett M. Simple motor tics may be preceded by a premotor potential. J Neurol Neurosurg Psychiatry. 1996 Jul;61(1):103-6."
              },{
                "ReferencePMID":"9380745",
                "ReferenceType":"background",
                "ReferenceCitation":"Makeig S, Jung TP, Bell AJ, Ghahremani D, Sejnowski TJ. Blind separation of auditory event-related brain responses into independent components. Proc Natl Acad Sci U S A. 1997 Sep 30;94(20):10979-84."
              },{
                "ReferencePMID":"6946193",
                "ReferenceType":"background",
                "ReferenceCitation":"Obeso JA, Rothwell JC, Marsden CD. Simple tics in Gilles de la Tourette's syndrome are not prefaced by a normal premovement EEG potential. J Neurol Neurosurg Psychiatry. 1981 Aug;44(8):735-8."
              }
            ]
          }
        }
      },
      "DerivedSection":{
        "MiscInfoModule":{
          "VersionHolder":"April 19, 2021"
        },
        "ConditionBrowseModule":{
          "ConditionMeshList":{
            "ConditionMesh":[
              {
                "ConditionMeshId":"D000005879",
                "ConditionMeshTerm":"Tourette Syndrome"
              },{
                "ConditionMeshId":"D000020323",
                "ConditionMeshTerm":"Tics"
              },{
                "ConditionMeshId":"D000013981",
                "ConditionMeshTerm":"Tic Disorders"
              },{
                "ConditionMeshId":"D000004194",
                "ConditionMeshTerm":"Disease"
              },{
                "ConditionMeshId":"D000013577",
                "ConditionMeshTerm":"Syndrome"
              }
            ]
          },
          "ConditionAncestorList":{
            "ConditionAncestor":[
              {
                "ConditionAncestorId":"D000010335",
                "ConditionAncestorTerm":"Pathologic Processes"
              },{
                "ConditionAncestorId":"D000001480",
                "ConditionAncestorTerm":"Basal Ganglia Diseases"
              },{
                "ConditionAncestorId":"D000001927",
                "ConditionAncestorTerm":"Brain Diseases"
              },{
                "ConditionAncestorId":"D000002493",
                "ConditionAncestorTerm":"Central Nervous System Diseases"
              },{
                "ConditionAncestorId":"D000009422",
                "ConditionAncestorTerm":"Nervous System Diseases"
              },{
                "ConditionAncestorId":"D000009069",
                "ConditionAncestorTerm":"Movement Disorders"
              },{
                "ConditionAncestorId":"D000020271",
                "ConditionAncestorTerm":"Heredodegenerative Disorders, Nervous System"
              },{
                "ConditionAncestorId":"D000019636",
                "ConditionAncestorTerm":"Neurodegenerative Diseases"
              },{
                "ConditionAncestorId":"D000030342",
                "ConditionAncestorTerm":"Genetic Diseases, Inborn"
              },{
                "ConditionAncestorId":"D000065886",
                "ConditionAncestorTerm":"Neurodevelopmental Disorders"
              },{
                "ConditionAncestorId":"D000001523",
                "ConditionAncestorTerm":"Mental Disorders"
              },{
                "ConditionAncestorId":"D000020820",
                "ConditionAncestorTerm":"Dyskinesias"
              },{
                "ConditionAncestorId":"D000009461",
                "ConditionAncestorTerm":"Neurologic Manifestations"
              }
            ]
          },
          "ConditionBrowseLeafList":{
            "ConditionBrowseLeaf":[
              {
                "ConditionBrowseLeafId":"M14938",
                "ConditionBrowseLeafName":"Syndrome",
                "ConditionBrowseLeafAsFound":"Syndrome",
                "ConditionBrowseLeafRelevance":"high"
              },{
                "ConditionBrowseLeafId":"M16158",
                "ConditionBrowseLeafName":"Voice Disorders",
                "ConditionBrowseLeafRelevance":"low"
              },{
                "ConditionBrowseLeafId":"M7574",
                "ConditionBrowseLeafName":"Tourette Syndrome",
                "ConditionBrowseLeafAsFound":"Tourette Syndrome",
                "ConditionBrowseLeafRelevance":"high"
              },{
                "ConditionBrowseLeafId":"M24190",
                "ConditionBrowseLeafName":"Ganglion Cysts",
                "ConditionBrowseLeafRelevance":"low"
              },{
                "ConditionBrowseLeafId":"M14941",
                "ConditionBrowseLeafName":"Synovial Cyst",
                "ConditionBrowseLeafRelevance":"low"
              },{
                "ConditionBrowseLeafId":"M15322",
                "ConditionBrowseLeafName":"Tic Disorders",
                "ConditionBrowseLeafAsFound":"Tic Disorder",
                "ConditionBrowseLeafRelevance":"high"
              },{
                "ConditionBrowseLeafId":"M20716",
                "ConditionBrowseLeafName":"Tics",
                "ConditionBrowseLeafAsFound":"Tic Disorder",
                "ConditionBrowseLeafRelevance":"high"
              },{
                "ConditionBrowseLeafId":"M3355",
                "ConditionBrowseLeafName":"Basal Ganglia Diseases",
                "ConditionBrowseLeafRelevance":"low"
              },{
                "ConditionBrowseLeafId":"M3786",
                "ConditionBrowseLeafName":"Brain Diseases",
                "ConditionBrowseLeafRelevance":"low"
              },{
                "ConditionBrowseLeafId":"M4325",
                "ConditionBrowseLeafName":"Central Nervous System Diseases",
                "ConditionBrowseLeafRelevance":"low"
              },{
                "ConditionBrowseLeafId":"M10612",
                "ConditionBrowseLeafName":"Movement Disorders",
                "ConditionBrowseLeafRelevance":"low"
              },{
                "ConditionBrowseLeafId":"M20676",
                "ConditionBrowseLeafName":"Heredodegenerative Disorders, Nervous System",
                "ConditionBrowseLeafRelevance":"low"
              },{
                "ConditionBrowseLeafId":"M20142",
                "ConditionBrowseLeafName":"Neurodegenerative Diseases",
                "ConditionBrowseLeafRelevance":"low"
              },{
                "ConditionBrowseLeafId":"M22270",
                "ConditionBrowseLeafName":"Genetic Diseases, Inborn",
                "ConditionBrowseLeafRelevance":"low"
              },{
                "ConditionBrowseLeafId":"M29231",
                "ConditionBrowseLeafName":"Neurodevelopmental Disorders",
                "ConditionBrowseLeafRelevance":"low"
              },{
                "ConditionBrowseLeafId":"M3396",
                "ConditionBrowseLeafName":"Mental Disorders",
                "ConditionBrowseLeafRelevance":"low"
              },{
                "ConditionBrowseLeafId":"M13056",
                "ConditionBrowseLeafName":"Psychotic Disorders",
                "ConditionBrowseLeafRelevance":"low"
              },{
                "ConditionBrowseLeafId":"M21158",
                "ConditionBrowseLeafName":"Dyskinesias",
                "ConditionBrowseLeafRelevance":"low"
              },{
                "ConditionBrowseLeafId":"M10987",
                "ConditionBrowseLeafName":"Neurologic Manifestations",
                "ConditionBrowseLeafRelevance":"low"
              }
            ]
          },
          "ConditionBrowseBranchList":{
            "ConditionBrowseBranch":[
              {
                "ConditionBrowseBranchAbbrev":"BC23",
                "ConditionBrowseBranchName":"Symptoms and General Pathology"
              },{
                "ConditionBrowseBranchAbbrev":"All",
                "ConditionBrowseBranchName":"All Conditions"
              },{
                "ConditionBrowseBranchAbbrev":"BC08",
                "ConditionBrowseBranchName":"Respiratory Tract (Lung and Bronchial) Diseases"
              },{
                "ConditionBrowseBranchAbbrev":"BC09",
                "ConditionBrowseBranchName":"Ear, Nose, and Throat Diseases"
              },{
                "ConditionBrowseBranchAbbrev":"BC10",
                "ConditionBrowseBranchName":"Nervous System Diseases"
              },{
                "ConditionBrowseBranchAbbrev":"BC16",
                "ConditionBrowseBranchName":"Diseases and Abnormalities at or Before Birth"
              },{
                "ConditionBrowseBranchAbbrev":"BXM",
                "ConditionBrowseBranchName":"Behaviors and Mental Disorders"
              },{
                "ConditionBrowseBranchAbbrev":"BC04",
                "ConditionBrowseBranchName":"Cancers and Other Neoplasms"
              },{
                "ConditionBrowseBranchAbbrev":"BC17",
                "ConditionBrowseBranchName":"Skin and Connective Tissue Diseases"
              }
            ]
          }
        }
      }
    }
  }
}

