{
  "FullStudy":{
    "Rank":368138,
    "Study":{
      "ProtocolSection":{
        "IdentificationModule":{
          "NCTId":"NCT00021125",
          "OrgStudyIdInfo":{
            "OrgStudyId":"MRC-CH03"
          },
          "SecondaryIdInfoList":{
            "SecondaryIdInfo":[
              {
                "SecondaryId":"CDR0000068750",
                "SecondaryIdType":"Registry Identifier",
                "SecondaryIdDomain":"PDQ (Physician Data Query)"
              },{
                "SecondaryId":"EU-20121"
              },{
                "SecondaryId":"ISRCTN62576956"
              }
            ]
          },
          "Organization":{
            "OrgFullName":"National Cancer Institute (NCI)",
            "OrgClass":"NIH"
          },
          "BriefTitle":"Radiation Therapy in Treating Patients With Head and Neck Cancer",
          "OfficialTitle":"A Randomized Controlled Trial Of CHARTWEL (a Continuous Hyperfractionated Accelerated Radiotherapy Schedule) Versus Conventional Radiotherapy In Post-Operative Head And Neck Cancer Patients"
        },
        "StatusModule":{
          "StatusVerifiedDate":"December 2002",
          "OverallStatus":"Completed",
          "ExpandedAccessInfo":{
            "HasExpandedAccess":"No"
          },
          "StartDateStruct":{
            "StartDate":"July 2000"
          },
          "CompletionDateStruct":{
            "CompletionDate":"June 2007",
            "CompletionDateType":"Actual"
          },
          "StudyFirstSubmitDate":"July 11, 2001",
          "StudyFirstSubmitQCDate":"January 26, 2003",
          "StudyFirstPostDateStruct":{
            "StudyFirstPostDate":"January 27, 2003",
            "StudyFirstPostDateType":"Estimate"
          },
          "LastUpdateSubmitDate":"June 25, 2013",
          "LastUpdatePostDateStruct":{
            "LastUpdatePostDate":"June 26, 2013",
            "LastUpdatePostDateType":"Estimate"
          }
        },
        "SponsorCollaboratorsModule":{
          "LeadSponsor":{
            "LeadSponsorName":"Medical Research Council",
            "LeadSponsorClass":"OTHER_GOV"
          }
        },
        "DescriptionModule":{
          "BriefSummary":"RATIONALE: Radiation therapy uses high-energy x-rays to damage tumor cells. It is not yet known which regimen of radiation therapy is more effective for head and neck cancer.\n\nPURPOSE: Randomized phase III trial to compare the effectiveness of different regimens of radiation therapy in treating patients who have head and neck cancer.",
          "DetailedDescription":"OBJECTIVES:\n\nCompare adjuvant continuous hyperfractionated accelerated radiotherapy vs conventional radiotherapy, in terms of preventing disease recurrence, in patients with head and neck cancer.\nCompare the early and late toxic effects of these treatments in this patient population.\nCompare disease-free and overall survival of patients receiving these treatments.\nAssess quality of life in patients receiving these treatments.\n\nOUTLINE: This is a randomized, multicenter study. Patients are randomized to one of two treatment arms.\n\nArm I: Patients undergo radiotherapy 3 times daily, with an interval of at least 6 hours between any 2 treatments, 5 days a week, for just over 2 weeks, for a total of 13-14 treatment days.\nArm II: Patients undergo radiotherapy daily, 5 days a week, for 6-6.5 weeks. Quality of life is assessed at baseline and then annually for 5 years.\n\nPatients are followed every 3 months for 3 years, every 6 months for 2 years, and then annually thereafter.\n\nPROJECTED ACCRUAL: A total of 460 patients (230 per arm) will be accrued for this study within 2-3 years."
        },
        "ConditionsModule":{
          "ConditionList":{
            "Condition":[
              "Head and Neck Cancer",
              "Non-melanomatous Skin Cancer"
            ]
          },
          "KeywordList":{
            "Keyword":[
              "squamous cell carcinoma of the skin",
              "stage I squamous cell carcinoma of the lip and oral cavity",
              "stage II squamous cell carcinoma of the lip and oral cavity",
              "stage III squamous cell carcinoma of the lip and oral cavity",
              "stage IV squamous cell carcinoma of the lip and oral cavity",
              "stage I squamous cell carcinoma of the oropharynx",
              "stage II squamous cell carcinoma of the oropharynx",
              "stage III squamous cell carcinoma of the oropharynx",
              "stage IV squamous cell carcinoma of the oropharynx",
              "stage I squamous cell carcinoma of the hypopharynx",
              "stage II squamous cell carcinoma of the hypopharynx",
              "stage III squamous cell carcinoma of the hypopharynx",
              "stage IV squamous cell carcinoma of the hypopharynx",
              "stage I squamous cell carcinoma of the larynx",
              "stage II squamous cell carcinoma of the larynx",
              "stage III squamous cell carcinoma of the larynx",
              "stage IV squamous cell carcinoma of the larynx",
              "stage I squamous cell carcinoma of the paranasal sinus and nasal cavity",
              "stage II squamous cell carcinoma of the paranasal sinus and nasal cavity",
              "stage III squamous cell carcinoma of the paranasal sinus and nasal cavity",
              "stage IV squamous cell carcinoma of the paranasal sinus and nasal cavity",
              "salivary gland squamous cell carcinoma",
              "stage I salivary gland cancer",
              "stage II salivary gland cancer",
              "stage III salivary gland cancer",
              "stage IV salivary gland cancer"
            ]
          }
        },
        "DesignModule":{
          "StudyType":"Interventional",
          "PhaseList":{
            "Phase":[
              "Phase 3"
            ]
          },
          "DesignInfo":{
            "DesignPrimaryPurpose":"Treatment"
          },
          "EnrollmentInfo":{
            "EnrollmentCount":"460",
            "EnrollmentType":"Anticipated"
          }
        },
        "ArmsInterventionsModule":{
          "InterventionList":{
            "Intervention":[
              {
                "InterventionType":"Procedure",
                "InterventionName":"adjuvant therapy"
              },{
                "InterventionType":"Radiation",
                "InterventionName":"radiation therapy"
              }
            ]
          }
        },
        "OutcomesModule":{
          "PrimaryOutcomeList":{
            "PrimaryOutcome":[
              {
                "PrimaryOutcomeMeasure":"Time to local recurrence"
              }
            ]
          },
          "SecondaryOutcomeList":{
            "SecondaryOutcome":[
              {
                "SecondaryOutcomeMeasure":"Length of survival"
              },{
                "SecondaryOutcomeMeasure":"Morbidity and toxicity"
              },{
                "SecondaryOutcomeMeasure":"Quality of life as assessed by EORTC Quality of life Questionnaire for Head and Neck Cancer"
              }
            ]
          }
        },
        "EligibilityModule":{
          "EligibilityCriteria":"DISEASE CHARACTERISTICS:\n\nHistologically confirmed squamous cell carcinoma of the head and neck including, but not limited to, the following:\n\nOral cavity\nOropharynx\nHypopharynx\nLarynx\nNasal sinuses\nSkin\n\nUndergone curative surgery within the past 70 days\n\nAll macroscopic disease removed\n\nAt high or intermediate risk of recurrence\n\nNo low risk of recurrence\nNo evidence of distant metastases\nConsidered treatable by radiotherapy\n\nPATIENT CHARACTERISTICS:\n\nAge:\n\nNot specified\n\nPerformance status:\n\nNot specified\n\nLife expectancy:\n\nNot specified\n\nHematopoietic:\n\nNot specified\n\nHepatic:\n\nNot specified\n\nRenal:\n\nNot specified\n\nOther:\n\nNo other prior or concurrent malignancy that would preclude study participation\nNo other uncontrolled medical illness that would preclude study participation\n\nPRIOR CONCURRENT THERAPY:\n\nBiologic therapy\n\nNot specified\n\nChemotherapy\n\nNot specified\n\nEndocrine therapy\n\nNot specified\n\nRadiotherapy\n\nSee Disease Characteristics\n\nSurgery\n\nSee Disease Characteristics",
          "HealthyVolunteers":"No",
          "Gender":"All",
          "StdAgeList":{
            "StdAge":[
              "Child",
              "Adult",
              "Older Adult"
            ]
          }
        },
        "ContactsLocationsModule":{
          "OverallOfficialList":{
            "OverallOfficial":[
              {
                "OverallOfficialName":"M. I. Saunders, MD",
                "OverallOfficialAffiliation":"Mount Vernon Cancer Centre at Mount Vernon Hospital",
                "OverallOfficialRole":"Study Chair"
              }
            ]
          },
          "LocationList":{
            "Location":[
              {
                "LocationFacility":"Mount Vernon Cancer Centre at Mount Vernon Hospital",
                "LocationCity":"Northwood",
                "LocationState":"England",
                "LocationZip":"HA6 2RN",
                "LocationCountry":"United Kingdom"
              }
            ]
          }
        }
      },
      "DerivedSection":{
        "MiscInfoModule":{
          "VersionHolder":"April 19, 2021"
        },
        "ConditionBrowseModule":{
          "ConditionMeshList":{
            "ConditionMesh":[
              {
                "ConditionMeshId":"D000006258",
                "ConditionMeshTerm":"Head and Neck Neoplasms"
              },{
                "ConditionMeshId":"D000012878",
                "ConditionMeshTerm":"Skin Neoplasms"
              }
            ]
          },
          "ConditionAncestorList":{
            "ConditionAncestor":[
              {
                "ConditionAncestorId":"D000009371",
                "ConditionAncestorTerm":"Neoplasms by Site"
              },{
                "ConditionAncestorId":"D000009369",
                "ConditionAncestorTerm":"Neoplasms"
              },{
                "ConditionAncestorId":"D000012871",
                "ConditionAncestorTerm":"Skin Diseases"
              }
            ]
          },
          "ConditionBrowseLeafList":{
            "ConditionBrowseLeaf":[
              {
                "ConditionBrowseLeafId":"M4116",
                "ConditionBrowseLeafName":"Carcinoma",
                "ConditionBrowseLeafRelevance":"low"
              },{
                "ConditionBrowseLeafId":"M4132",
                "ConditionBrowseLeafName":"Carcinoma, Squamous Cell",
                "ConditionBrowseLeafRelevance":"low"
              },{
                "ConditionBrowseLeafId":"M7931",
                "ConditionBrowseLeafName":"Head and Neck Neoplasms",
                "ConditionBrowseLeafAsFound":"Head and Neck Cancer",
                "ConditionBrowseLeafRelevance":"high"
              },{
                "ConditionBrowseLeafId":"M14264",
                "ConditionBrowseLeafName":"Skin Neoplasms",
                "ConditionBrowseLeafAsFound":"Skin Cancer",
                "ConditionBrowseLeafRelevance":"high"
              },{
                "ConditionBrowseLeafId":"M9418",
                "ConditionBrowseLeafName":"Laryngeal Diseases",
                "ConditionBrowseLeafRelevance":"low"
              },{
                "ConditionBrowseLeafId":"M14257",
                "ConditionBrowseLeafName":"Skin Diseases",
                "ConditionBrowseLeafRelevance":"low"
              },{
                "ConditionBrowseLeafId":"T3311",
                "ConditionBrowseLeafName":"Laryngeal Cancer",
                "ConditionBrowseLeafRelevance":"low"
              },{
                "ConditionBrowseLeafId":"T2952",
                "ConditionBrowseLeafName":"Hypopharyngeal Cancer",
                "ConditionBrowseLeafRelevance":"low"
              }
            ]
          },
          "ConditionBrowseBranchList":{
            "ConditionBrowseBranch":[
              {
                "ConditionBrowseBranchAbbrev":"BC04",
                "ConditionBrowseBranchName":"Cancers and Other Neoplasms"
              },{
                "ConditionBrowseBranchAbbrev":"All",
                "ConditionBrowseBranchName":"All Conditions"
              },{
                "ConditionBrowseBranchAbbrev":"BC17",
                "ConditionBrowseBranchName":"Skin and Connective Tissue Diseases"
              },{
                "ConditionBrowseBranchAbbrev":"BC08",
                "ConditionBrowseBranchName":"Respiratory Tract (Lung and Bronchial) Diseases"
              },{
                "ConditionBrowseBranchAbbrev":"BC09",
                "ConditionBrowseBranchName":"Ear, Nose, and Throat Diseases"
              },{
                "ConditionBrowseBranchAbbrev":"Rare",
                "ConditionBrowseBranchName":"Rare Diseases"
              }
            ]
          }
        }
      }
    }
  }
}

