{
  "FullStudy":{
    "Rank":367693,
    "Study":{
      "ProtocolSection":{
        "IdentificationModule":{
          "NCTId":"NCT00027495",
          "OrgStudyIdInfo":{
            "OrgStudyId":"CDR0000067916"
          },
          "SecondaryIdInfoList":{
            "SecondaryIdInfo":[
              {
                "SecondaryId":"P30CA046592",
                "SecondaryIdType":"U.S. NIH Grant/Contract",
                "SecondaryIdLink":"https://projectreporter.nih.gov/reporterapi.cfm?PROJECTNUM=P30CA046592&Fy=all"
              },{
                "SecondaryId":"CCUM-9941",
                "SecondaryIdType":"Other Identifier",
                "SecondaryIdDomain":"University of Michigan Cancer Center PRC"
              },{
                "SecondaryId":"NCI-P00-0144"
              }
            ]
          },
          "Organization":{
            "OrgFullName":"University of Michigan Rogel Cancer Center",
            "OrgClass":"OTHER"
          },
          "BriefTitle":"Curcumin for the Prevention of Colon Cancer",
          "OfficialTitle":"Phase I Pharmacokinetic Trial of Curcuminoids Administered in a Capsule Formulation"
        },
        "StatusModule":{
          "StatusVerifiedDate":"December 2012",
          "OverallStatus":"Completed",
          "ExpandedAccessInfo":{
            "HasExpandedAccess":"No"
          },
          "StartDateStruct":{
            "StartDate":"December 2001"
          },
          "PrimaryCompletionDateStruct":{
            "PrimaryCompletionDate":"February 2004",
            "PrimaryCompletionDateType":"Actual"
          },
          "CompletionDateStruct":{
            "CompletionDate":"September 2007",
            "CompletionDateType":"Actual"
          },
          "StudyFirstSubmitDate":"December 7, 2001",
          "StudyFirstSubmitQCDate":"January 26, 2003",
          "StudyFirstPostDateStruct":{
            "StudyFirstPostDate":"January 27, 2003",
            "StudyFirstPostDateType":"Estimate"
          },
          "LastUpdateSubmitDate":"December 19, 2012",
          "LastUpdatePostDateStruct":{
            "LastUpdatePostDate":"December 21, 2012",
            "LastUpdatePostDateType":"Estimate"
          }
        },
        "SponsorCollaboratorsModule":{
          "ResponsibleParty":{
            "ResponsiblePartyType":"Sponsor"
          },
          "LeadSponsor":{
            "LeadSponsorName":"University of Michigan Rogel Cancer Center",
            "LeadSponsorClass":"OTHER"
          },
          "CollaboratorList":{
            "Collaborator":[
              {
                "CollaboratorName":"National Cancer Institute (NCI)",
                "CollaboratorClass":"NIH"
              }
            ]
          }
        },
        "OversightModule":{
          "OversightHasDMC":"Yes"
        },
        "DescriptionModule":{
          "BriefSummary":"RATIONALE: Chemoprevention therapy is the use of certain drugs to try to prevent the development of cancer. Curcumin may be effective in preventing the development of colon cancer.\n\nPURPOSE: Phase I trial to determine the dose amount of curcumin that can be tolerated to help in preventing colon cancer in healthy men and women.",
          "DetailedDescription":"OBJECTIVES:\n\nDetermine the maximum tolerated dose (MTD) of curcumin as a chemopreventive agent of colon cancer in healthy subjects.\nDetermine if tolerable doses of this agent in uniformly milled formulation capsules are bioavailable in these subjects.\nDetermine the pharmacokinetics of this agent and two metabolites at the MTD and next lower escalated dose in these subjects.\n\nOUTLINE: This is a dose escalation study followed by a pharmacokinetic study.\n\nPatients receive a single oral dose of curcumin followed by a standard fatty meal.\n\nCohorts of 3-6 patients receive escalating doses of curcumin until the maximum tolerated dose (MTD) is determined. The MTD is defined as the dose at which 2 of 6 patients experience dose limiting toxicities. Once the MTD is determined, additional patients are accrued to receive curcumin in the pharmacokinetic phase of the study.\n\nPatients are followed at 24, 36, 48, and 72 hours.\n\nPROJECTED ACCRUAL: A total of 3-24 patients will be accrued for the dose escalation phase and then 12 additional patients will be accrued for the pharmacokinetic phase of this study within 3 months."
        },
        "ConditionsModule":{
          "ConditionList":{
            "Condition":[
              "Colorectal Cancer"
            ]
          },
          "KeywordList":{
            "Keyword":[
              "colon cancer"
            ]
          }
        },
        "DesignModule":{
          "StudyType":"Interventional",
          "PhaseList":{
            "Phase":[
              "Phase 1"
            ]
          },
          "DesignInfo":{
            "DesignPrimaryPurpose":"Prevention"
          }
        },
        "ArmsInterventionsModule":{
          "InterventionList":{
            "Intervention":[
              {
                "InterventionType":"Dietary Supplement",
                "InterventionName":"curcumin"
              }
            ]
          }
        },
        "EligibilityModule":{
          "EligibilityCriteria":"DISEASE CHARACTERISTICS:\n\nHealthy men and women age 18 and over\n\nPATIENT CHARACTERISTICS:\n\nAge:\n\n18 and over\n\nPerformance status:\n\nNot specified\n\nLife expectancy:\n\nNot specified\n\nHematopoietic:\n\nWBC greater than 4,000/mm3\nHemoglobin greater than 12 g/dL\nPlatelet count greater than 120,000/mm3\n\nHepatic:\n\nALT/AST less than 1.5 times upper limit of normal (ULN)\nAlkaline phosphatase less than 1.5 times ULN\nBilirubin less than 1.5 mg/dL\n\nRenal:\n\nCreatinine less than 1.7 mg/dL\n\nOther:\n\nNot pregnant or nursing\nNegative pregnancy test\nFertile patients must use effective contraception\nNo prior cancer except surgically resected basal cell or squamous cell skin cancer\nNo history of peptic ulcer disease, gastrointestinal bleeding from gastric or duodenal ulcers, or gastrin secreting tumors\nNo history of unreliability or noncompliance (missing pretreatment appointment more than twice)\n\nPRIOR CONCURRENT THERAPY:\n\nBiologic therapy:\n\nNot specified\n\nChemotherapy:\n\nNot specified\n\nEndocrine therapy:\n\nAt least 14 days since prior steroids\n\nRadiotherapy:\n\nNot specified\n\nSurgery:\n\nNot specified\n\nOther:\n\nAt least 14 days since prior curcumin (turmeric) rich foods\nAt least 14 days since prior nonsteroidal antiinflammatory drugs (NSAIDs)\nNo chronic medications (i.e., daily for more than 28 days) except for oral contraceptives\nNo concurrent coumadin or other anticoagulants",
          "HealthyVolunteers":"No",
          "Gender":"All",
          "MinimumAge":"18 Years",
          "StdAgeList":{
            "StdAge":[
              "Adult",
              "Older Adult"
            ]
          }
        },
        "ContactsLocationsModule":{
          "OverallOfficialList":{
            "OverallOfficial":[
              {
                "OverallOfficialName":"Dean E. Brenner, MD",
                "OverallOfficialAffiliation":"University of Michigan Rogel Cancer Center",
                "OverallOfficialRole":"Study Chair"
              }
            ]
          },
          "LocationList":{
            "Location":[
              {
                "LocationFacility":"University of Michigan Comprehensive Cancer Center",
                "LocationCity":"Ann Arbor",
                "LocationState":"Michigan",
                "LocationZip":"48109-0930",
                "LocationCountry":"United States"
              }
            ]
          }
        }
      },
      "DerivedSection":{
        "MiscInfoModule":{
          "VersionHolder":"April 19, 2021"
        },
        "ConditionBrowseModule":{
          "ConditionMeshList":{
            "ConditionMesh":[
              {
                "ConditionMeshId":"D000015179",
                "ConditionMeshTerm":"Colorectal Neoplasms"
              }
            ]
          },
          "ConditionAncestorList":{
            "ConditionAncestor":[
              {
                "ConditionAncestorId":"D000007414",
                "ConditionAncestorTerm":"Intestinal Neoplasms"
              },{
                "ConditionAncestorId":"D000005770",
                "ConditionAncestorTerm":"Gastrointestinal Neoplasms"
              },{
                "ConditionAncestorId":"D000004067",
                "ConditionAncestorTerm":"Digestive System Neoplasms"
              },{
                "ConditionAncestorId":"D000009371",
                "ConditionAncestorTerm":"Neoplasms by Site"
              },{
                "ConditionAncestorId":"D000009369",
                "ConditionAncestorTerm":"Neoplasms"
              },{
                "ConditionAncestorId":"D000004066",
                "ConditionAncestorTerm":"Digestive System Diseases"
              },{
                "ConditionAncestorId":"D000005767",
                "ConditionAncestorTerm":"Gastrointestinal Diseases"
              },{
                "ConditionAncestorId":"D000003108",
                "ConditionAncestorTerm":"Colonic Diseases"
              },{
                "ConditionAncestorId":"D000007410",
                "ConditionAncestorTerm":"Intestinal Diseases"
              },{
                "ConditionAncestorId":"D000012002",
                "ConditionAncestorTerm":"Rectal Diseases"
              }
            ]
          },
          "ConditionBrowseLeafList":{
            "ConditionBrowseLeaf":[
              {
                "ConditionBrowseLeafId":"M16473",
                "ConditionBrowseLeafName":"Colorectal Neoplasms",
                "ConditionBrowseLeafAsFound":"Colorectal Cancer",
                "ConditionBrowseLeafRelevance":"high"
              },{
                "ConditionBrowseLeafId":"M9031",
                "ConditionBrowseLeafName":"Intestinal Neoplasms",
                "ConditionBrowseLeafRelevance":"low"
              },{
                "ConditionBrowseLeafId":"M7469",
                "ConditionBrowseLeafName":"Gastrointestinal Neoplasms",
                "ConditionBrowseLeafRelevance":"low"
              },{
                "ConditionBrowseLeafId":"M5839",
                "ConditionBrowseLeafName":"Digestive System Neoplasms",
                "ConditionBrowseLeafRelevance":"low"
              },{
                "ConditionBrowseLeafId":"M5838",
                "ConditionBrowseLeafName":"Digestive System Diseases",
                "ConditionBrowseLeafRelevance":"low"
              },{
                "ConditionBrowseLeafId":"M7466",
                "ConditionBrowseLeafName":"Gastrointestinal Diseases",
                "ConditionBrowseLeafRelevance":"low"
              },{
                "ConditionBrowseLeafId":"M4919",
                "ConditionBrowseLeafName":"Colonic Diseases",
                "ConditionBrowseLeafRelevance":"low"
              },{
                "ConditionBrowseLeafId":"M9027",
                "ConditionBrowseLeafName":"Intestinal Diseases",
                "ConditionBrowseLeafRelevance":"low"
              },{
                "ConditionBrowseLeafId":"M13427",
                "ConditionBrowseLeafName":"Rectal Diseases",
                "ConditionBrowseLeafRelevance":"low"
              }
            ]
          },
          "ConditionBrowseBranchList":{
            "ConditionBrowseBranch":[
              {
                "ConditionBrowseBranchAbbrev":"BC04",
                "ConditionBrowseBranchName":"Cancers and Other Neoplasms"
              },{
                "ConditionBrowseBranchAbbrev":"BC06",
                "ConditionBrowseBranchName":"Digestive System Diseases"
              },{
                "ConditionBrowseBranchAbbrev":"All",
                "ConditionBrowseBranchName":"All Conditions"
              }
            ]
          }
        },
        "InterventionBrowseModule":{
          "InterventionMeshList":{
            "InterventionMesh":[
              {
                "InterventionMeshId":"D000003474",
                "InterventionMeshTerm":"Curcumin"
              }
            ]
          },
          "InterventionAncestorList":{
            "InterventionAncestor":[
              {
                "InterventionAncestorId":"D000000894",
                "InterventionAncestorTerm":"Anti-Inflammatory Agents, Non-Steroidal"
              },{
                "InterventionAncestorId":"D000018712",
                "InterventionAncestorTerm":"Analgesics, Non-Narcotic"
              },{
                "InterventionAncestorId":"D000000700",
                "InterventionAncestorTerm":"Analgesics"
              },{
                "InterventionAncestorId":"D000018689",
                "InterventionAncestorTerm":"Sensory System Agents"
              },{
                "InterventionAncestorId":"D000018373",
                "InterventionAncestorTerm":"Peripheral Nervous System Agents"
              },{
                "InterventionAncestorId":"D000045505",
                "InterventionAncestorTerm":"Physiological Effects of Drugs"
              },{
                "InterventionAncestorId":"D000000893",
                "InterventionAncestorTerm":"Anti-Inflammatory Agents"
              },{
                "InterventionAncestorId":"D000018501",
                "InterventionAncestorTerm":"Antirheumatic Agents"
              },{
                "InterventionAncestorId":"D000000970",
                "InterventionAncestorTerm":"Antineoplastic Agents"
              },{
                "InterventionAncestorId":"D000004791",
                "InterventionAncestorTerm":"Enzyme Inhibitors"
              },{
                "InterventionAncestorId":"D000045504",
                "InterventionAncestorTerm":"Molecular Mechanisms of Pharmacological Action"
              }
            ]
          },
          "InterventionBrowseLeafList":{
            "InterventionBrowseLeaf":[
              {
                "InterventionBrowseLeafId":"M5268",
                "InterventionBrowseLeafName":"Curcumin",
                "InterventionBrowseLeafAsFound":"MTD",
                "InterventionBrowseLeafRelevance":"high"
              },{
                "InterventionBrowseLeafId":"M2798",
                "InterventionBrowseLeafName":"Anti-Inflammatory Agents",
                "InterventionBrowseLeafRelevance":"low"
              },{
                "InterventionBrowseLeafId":"M2799",
                "InterventionBrowseLeafName":"Anti-Inflammatory Agents, Non-Steroidal",
                "InterventionBrowseLeafRelevance":"low"
              },{
                "InterventionBrowseLeafId":"M2613",
                "InterventionBrowseLeafName":"Analgesics",
                "InterventionBrowseLeafRelevance":"low"
              },{
                "InterventionBrowseLeafId":"M19370",
                "InterventionBrowseLeafName":"Analgesics, Non-Narcotic",
                "InterventionBrowseLeafRelevance":"low"
              },{
                "InterventionBrowseLeafId":"M19188",
                "InterventionBrowseLeafName":"Antirheumatic Agents",
                "InterventionBrowseLeafRelevance":"low"
              },{
                "InterventionBrowseLeafId":"T120",
                "InterventionBrowseLeafName":"Cola",
                "InterventionBrowseLeafRelevance":"low"
              }
            ]
          },
          "InterventionBrowseBranchList":{
            "InterventionBrowseBranch":[
              {
                "InterventionBrowseBranchAbbrev":"Infl",
                "InterventionBrowseBranchName":"Anti-Inflammatory Agents"
              },{
                "InterventionBrowseBranchAbbrev":"ANeo",
                "InterventionBrowseBranchName":"Antineoplastic Agents"
              },{
                "InterventionBrowseBranchAbbrev":"ARhu",
                "InterventionBrowseBranchName":"Antirheumatic Agents"
              },{
                "InterventionBrowseBranchAbbrev":"Analg",
                "InterventionBrowseBranchName":"Analgesics"
              },{
                "InterventionBrowseBranchAbbrev":"All",
                "InterventionBrowseBranchName":"All Drugs and Chemicals"
              },{
                "InterventionBrowseBranchAbbrev":"HB",
                "InterventionBrowseBranchName":"Herbal and Botanical"
              }
            ]
          }
        }
      }
    }
  }
}

