{
  "FullStudy":{
    "Rank":367876,
    "Study":{
      "ProtocolSection":{
        "IdentificationModule":{
          "NCTId":"NCT00024986",
          "OrgStudyIdInfo":{
            "OrgStudyId":"020006"
          },
          "SecondaryIdInfoList":{
            "SecondaryIdInfo":[
              {
                "SecondaryId":"02-C-0006"
              }
            ]
          },
          "Organization":{
            "OrgFullName":"National Institutes of Health Clinical Center (CC)",
            "OrgClass":"NIH"
          },
          "BriefTitle":"Tenofovir Disoproxil Fumarate to Treat Pediatric HIV",
          "OfficialTitle":"A Phase I Study of Tenofovir Disoproxil Fumarate (PMPA Prodrug), A Novel Nucleotide Analog Reverse Transcriptase Inhibitor in Children With HIV Infection"
        },
        "StatusModule":{
          "StatusVerifiedDate":"September 2005",
          "OverallStatus":"Completed",
          "ExpandedAccessInfo":{
            "HasExpandedAccess":"No"
          },
          "StartDateStruct":{
            "StartDate":"October 2001"
          },
          "CompletionDateStruct":{
            "CompletionDate":"September 2005"
          },
          "StudyFirstSubmitDate":"October 10, 2001",
          "StudyFirstSubmitQCDate":"October 10, 2001",
          "StudyFirstPostDateStruct":{
            "StudyFirstPostDate":"October 11, 2001",
            "StudyFirstPostDateType":"Estimate"
          },
          "LastUpdateSubmitDate":"March 3, 2008",
          "LastUpdatePostDateStruct":{
            "LastUpdatePostDate":"March 4, 2008",
            "LastUpdatePostDateType":"Estimate"
          }
        },
        "SponsorCollaboratorsModule":{
          "LeadSponsor":{
            "LeadSponsorName":"National Cancer Institute (NCI)",
            "LeadSponsorClass":"NIH"
          }
        },
        "OversightModule":{},
        "DescriptionModule":{
          "BriefSummary":"This study will test the safety, side effects and antiviral activity of different doses of tenofovir DF in children and adolescents with human immunodeficiency virus (HIV) infection. Tenofovir DF belongs to a group of drugs called nucleotide analog reverse transcriptase inhibitors. These drugs prevent the virus from replicating (making more copies of itself).\n\nHIV becomes resistant to many drugs used to fight the virus and these drugs become ineffective. In laboratory tests, tenofovir DF has remained effective against HIV longer than other anti-HIV medicines, and when resistance does develop, the virus may still be sensitive to other drugs.\n\nHIV-infected children between the ages of 4 and 18 years who weigh at least 10 kg (22 pounds) may be eligible for this study. They must be able to receive antiretroviral therapy and have completed at least two previous antiretroviral courses of treatment without benefit.\n\nUpon entering the study, participants will have physical, eye and neuropsychiatric examinations, blood tests, including tests to determine what anti-HIV drugs the patient is resistant to, an echocardiogram (echo), electrocardiogram (EKG), chest X-ray, head CT scan, skin tests, and special tests to examine the bones. These physical exams and tests will be repeated throughout the study to determine changes in health.\n\nParticipants will continue their current anti-HIV therapy for 2 weeks and then stop all medicines for a 1-week 'washout' period. After the washout period, patients will begin taking tenofovir DF. For the first 2 days on the drug, a small blood sample (1/2 teaspoon) will be collected 11 times over a 48-hour period through. A heparin lock (a tube kept in place in a vein) may be put in place to avoid multiple needle sticks. Blood samples will be collected for another 4 days to measure how well tenofovir DF alone works against HIV before other drugs are added to the treatment regimen. After these first 6 days, at least two other anti-HIV drugs will be added. They will be selected based on the results of the earlier blood tests for resistance and on the child's medication history.\n\nAfter 3 days of combination therapy, patients will continue therapy on an outpatient basis. They will be seen in the clinic every 4 weeks at the start of the study and then every 12 weeks for physical exams, lab tests and other procedures as needed. The study will last approximately 48 weeks. Patients who benefit from therapy may be able to continue to receive tenofovir DF from the drug company sponsor or as part of another study, or the protocol for this study may be amended to lengthen the treatment period.",
          "DetailedDescription":"This is a pediatric phase I study to determine a biologically active dose and to obtain information concerning the safety, tolerability, and pharmacokinetics of tenofovir disoproxil fumarate (TDF, (9 - [(R)-2[[bis [[isopropoxycarbonyl) oxy] methoxy] phosphinyl] -methoxy]propyl] adenine fumarate (1:1)), formerly known as PMPA prodrug, a potent nucleotide analogue HIV-1 reverse transcriptase (RT) inhibitor, that demonstrates antiviral activity against most NRTI-resistant HIV-1. In addition to obtaining needed biological activity, pediatric safety, tolerability, and pharmacokinetic data, the study will utilize tenofovir DF's potent antiretroviral activity and novel resistance mutation pattern, together with serial measurements of plasma HIV viral load, T-cell flow cytometry, and genotypic and phenotypic viral resistance analysis to conduct pilot studies in pediatric HIV pathogenesis, the response to antiretroviral therapy and to develop strategies to optimize the management of pediatric antiretroviral therapy. We will also use initial viral decay dynamics and other patient characteristics to model prediction for the long-term response to antiretroviral therapy. We will enroll children who have become refractory to or have experienced toxicity on prior antiretroviral therapy. Initial viral genotyping and phenotyping will be performed on the failing regimen, and this data will be used to create the most effective combination regimen with tenofovir DF. After an initial 6 days of tenofovir DF monotherapy, patients will receive tenofovir DF in combination with the optimal antiretroviral therapy as determined by their baseline viral resistance mutation pattern and history. The patients will be followed for at least 96 weeks to assess long-term tolerability and toxicity, and to assess the clinical, virological, and immunological response to tenofovir DF."
        },
        "ConditionsModule":{
          "ConditionList":{
            "Condition":[
              "HIV Infection"
            ]
          },
          "KeywordList":{
            "Keyword":[
              "HAART",
              "Genotypic Resistance",
              "Phenotypic Resistance",
              "Immune Reconstitution",
              "Bone Density",
              "HIV",
              "Children",
              "Pediatric HIV Infection"
            ]
          }
        },
        "DesignModule":{
          "StudyType":"Interventional",
          "PhaseList":{
            "Phase":[
              "Phase 1"
            ]
          },
          "DesignInfo":{
            "DesignPrimaryPurpose":"Treatment"
          },
          "EnrollmentInfo":{
            "EnrollmentCount":"30"
          }
        },
        "ArmsInterventionsModule":{
          "InterventionList":{
            "Intervention":[
              {
                "InterventionType":"Drug",
                "InterventionName":"Tenofovir DF"
              }
            ]
          }
        },
        "EligibilityModule":{
          "EligibilityCriteria":"INCLUSION CRITERIA\n\nHIV-infected children between the ages of 4 years and less than 18 years.\n\nBSA greater than or equal to 0.50 (m(2))\n\nAn indication for treatment with antiretrovirals as defined by the 2001 Guidelines for the Use of Antiretroviral Agents in Pediatric HIV Infection (one of the following):\n\nClinical symptoms associated with HIV infection (i.e., clinical categories A, B, or C);\n\nEvidence of immune suppression indicated by CD4 T-lymphocyte count or percentage (i.e., immune category 2 or 3);\n\nHigh or increasing HIV RNA copy number;\n\nRapidly declining CD4 T-lymphocyte number or percentage to values approaching those indicative of moderate immune suppression (i.e., immune category 2).\n\nChildren failing at least their second antiretroviral regimen as defined by the 2001 Guidelines for the Use of Antiretroviral Agents in Pediatric HIV Infection (http://www.hivatis.org/) (one of the following):\n\nLess than a 10-fold decrease from baseline viral load in patients on a HAART regimen (combination regimen that includes a PI and/or NNRTI) after 8-12 weeks of therapy;\n\nLess than a 5-fold decrease in viral load from baseline in patients on non-HAART regimen (e.g., dual NRTI combinations);\n\nViral load not suppressed to undetectable levels after 4-6 months of antiretroviral therapy;\n\nRepeated detection of HIV RNA in patients who initially responded to antiretroviral therapy with undetectable levels;\n\nAn increase in viral load of greater than 3-fold;\n\nChange in immunologic classification;\n\nFor children in immunologic category 3, a decline of five percentiles or more in CD4 cell percentage;\n\nA greater than 30% decline in absolute CD4 cell count;\n\nProgressive neurodevelopmental deterioration;\n\nDisease progression;\n\nIntolerant to or showing evidence of toxicity from other antiretroviral treatments.\n\nHIV RNA greater than or equal to 10,000 copies/mL within the past 3 months (may be from outside institution);\n\nAbility to swallow tablets.\n\nSexually active patients must be willing to use a medically acceptable form of birth control, which includes abstinence, while they are being treated on this study.\n\nHematologic function: Total WBC greater than 1,500/mm(3), Absolute Neutrophil Count greater than 750/mm(3), hemoglobin greater 8.0 gm/dL and platelet count greater than 75,000/mm(3) at study entry.\n\nHepatic function: Liver transaminases must be less than or equal 3.0 times the upper limit of normal; lipase less than 1.5 times the upper limit of normal; Creatinine phosphokinase (CPK) less than 2.5 times the upper limit of normal.\n\nRenal function: patients must have an age-adjusted normal serum creatinine OR a creatinine clearance greater than or equal to 70 mL/min/1.73.\n\nInformed Consent: All patients or one of their parents or legal guardians (if the patient is less than 18 years old) must sign the study informed consent to document their understanding of the investigational nature and the risks of the study before any protocol-related studies are performed.\n\nEXCLUSION CRITERIA\n\nTherapeutic regimens including:\n\nNephrotoxic agents: aminoglycoside antibiotics, IV amphotericin B, cidofovir, cisplatin, foscarnet, IV pentamidine, oral and IV vancomycin, oral and IV ganciclovir;\nImmunomodulating agents (within 30 days of entry), other than GCSF, erythropoeitin, corticosteroids, IVIG, or anti-D;\nTreatment with chemotherapeutic agents (including hydroxyurea) or radiation therapy within the past 6 weeks; or\nCurrent use, or use within the last 28 days, of any investigational agent.\n\nClinically significant, unrelated systemic illness (serious infections or significant cardiac, pulmonary, hepatic or other organ dysfunction) which in the judgment of the Principal Investigator or Chairperson would compromise the patient's ability to tolerate this therapy or is likely to interfere with the study procedures or results\n\nWeight less than 10 kg\n\nPregnant or breast feeding females will be excluded from this trial. Women of childbearing potential must be willing to agree to avoid becoming pregnant while on study and for 4 months afterwards.",
          "HealthyVolunteers":"No",
          "Gender":"All",
          "StdAgeList":{
            "StdAge":[
              "Child",
              "Adult",
              "Older Adult"
            ]
          }
        },
        "ContactsLocationsModule":{
          "LocationList":{
            "Location":[
              {
                "LocationFacility":"National Cancer Institute (NCI)",
                "LocationCity":"Bethesda",
                "LocationState":"Maryland",
                "LocationZip":"20892",
                "LocationCountry":"United States"
              }
            ]
          }
        },
        "ReferencesModule":{
          "ReferenceList":{
            "Reference":[
              {
                "ReferencePMID":"9508151",
                "ReferenceType":"background",
                "ReferenceCitation":"Palumbo PE, Raskino C, Fiscus S, Pahwa S, Fowler MG, Spector SA, Englund JA, Baker CJ. Predictive value of quantitative plasma HIV RNA and CD4+ lymphocyte count in HIV-infected infants and children. JAMA. 1998 Mar 11;279(10):756-61."
              },{
                "ReferencePMID":"10438382",
                "ReferenceType":"background",
                "ReferenceCitation":"Parkin NT, Lie YS, Hellmann N, Markowitz M, Bonhoeffer S, Ho DD, Petropoulos CJ. Phenotypic changes in drug susceptibility associated with failure of human immunodeficiency virus type 1 (HIV-1) triple combination therapy. J Infect Dis. 1999 Sep;180(3):865-70."
              },{
                "ReferencePMID":"10228057",
                "ReferenceType":"background",
                "ReferenceCitation":"Deeks SG, Hellmann NS, Grant RM, Parkin NT, Petropoulos CJ, Becker M, Symonds W, Chesney M, Volberding PA. Novel four-drug salvage treatment regimens after failure of a human immunodeficiency virus type 1 protease inhibitor-containing regimen: antiviral activity and correlation of baseline phenotypic drug susceptibility with virologic outcome. J Infect Dis. 1999 Jun;179(6):1375-81."
              }
            ]
          }
        }
      },
      "DerivedSection":{
        "MiscInfoModule":{
          "VersionHolder":"April 19, 2021"
        },
        "ConditionBrowseModule":{
          "ConditionMeshList":{
            "ConditionMesh":[
              {
                "ConditionMeshId":"D000007239",
                "ConditionMeshTerm":"Infection"
              },{
                "ConditionMeshId":"D000015658",
                "ConditionMeshTerm":"HIV Infections"
              },{
                "ConditionMeshId":"D000000163",
                "ConditionMeshTerm":"Acquired Immunodeficiency Syndrome"
              }
            ]
          },
          "ConditionAncestorList":{
            "ConditionAncestor":[
              {
                "ConditionAncestorId":"D000016180",
                "ConditionAncestorTerm":"Lentivirus Infections"
              },{
                "ConditionAncestorId":"D000012192",
                "ConditionAncestorTerm":"Retroviridae Infections"
              },{
                "ConditionAncestorId":"D000012327",
                "ConditionAncestorTerm":"RNA Virus Infections"
              },{
                "ConditionAncestorId":"D000014777",
                "ConditionAncestorTerm":"Virus Diseases"
              },{
                "ConditionAncestorId":"D000015229",
                "ConditionAncestorTerm":"Sexually Transmitted Diseases, Viral"
              },{
                "ConditionAncestorId":"D000012749",
                "ConditionAncestorTerm":"Sexually Transmitted Diseases"
              },{
                "ConditionAncestorId":"D000007153",
                "ConditionAncestorTerm":"Immunologic Deficiency Syndromes"
              },{
                "ConditionAncestorId":"D000007154",
                "ConditionAncestorTerm":"Immune System Diseases"
              },{
                "ConditionAncestorId":"D000012897",
                "ConditionAncestorTerm":"Slow Virus Diseases"
              }
            ]
          },
          "ConditionBrowseLeafList":{
            "ConditionBrowseLeaf":[
              {
                "ConditionBrowseLeafId":"M8866",
                "ConditionBrowseLeafName":"Infection",
                "ConditionBrowseLeafAsFound":"Infection",
                "ConditionBrowseLeafRelevance":"high"
              },{
                "ConditionBrowseLeafId":"M4951",
                "ConditionBrowseLeafName":"Communicable Diseases",
                "ConditionBrowseLeafRelevance":"low"
              },{
                "ConditionBrowseLeafId":"M16833",
                "ConditionBrowseLeafName":"HIV Infections",
                "ConditionBrowseLeafAsFound":"HIV Infections",
                "ConditionBrowseLeafRelevance":"high"
              },{
                "ConditionBrowseLeafId":"M2103",
                "ConditionBrowseLeafName":"Acquired Immunodeficiency Syndrome",
                "ConditionBrowseLeafAsFound":"HIV Infections",
                "ConditionBrowseLeafRelevance":"high"
              },{
                "ConditionBrowseLeafId":"M14938",
                "ConditionBrowseLeafName":"Syndrome",
                "ConditionBrowseLeafRelevance":"low"
              },{
                "ConditionBrowseLeafId":"M8782",
                "ConditionBrowseLeafName":"Immunologic Deficiency Syndromes",
                "ConditionBrowseLeafRelevance":"low"
              },{
                "ConditionBrowseLeafId":"M17223",
                "ConditionBrowseLeafName":"Lentivirus Infections",
                "ConditionBrowseLeafRelevance":"low"
              },{
                "ConditionBrowseLeafId":"M13609",
                "ConditionBrowseLeafName":"Retroviridae Infections",
                "ConditionBrowseLeafRelevance":"low"
              },{
                "ConditionBrowseLeafId":"M16105",
                "ConditionBrowseLeafName":"Virus Diseases",
                "ConditionBrowseLeafRelevance":"low"
              },{
                "ConditionBrowseLeafId":"M13732",
                "ConditionBrowseLeafName":"RNA Virus Infections",
                "ConditionBrowseLeafRelevance":"low"
              },{
                "ConditionBrowseLeafId":"M14141",
                "ConditionBrowseLeafName":"Sexually Transmitted Diseases",
                "ConditionBrowseLeafRelevance":"low"
              },{
                "ConditionBrowseLeafId":"M16516",
                "ConditionBrowseLeafName":"Sexually Transmitted Diseases, Viral",
                "ConditionBrowseLeafRelevance":"low"
              },{
                "ConditionBrowseLeafId":"M8783",
                "ConditionBrowseLeafName":"Immune System Diseases",
                "ConditionBrowseLeafRelevance":"low"
              },{
                "ConditionBrowseLeafId":"M14283",
                "ConditionBrowseLeafName":"Slow Virus Diseases",
                "ConditionBrowseLeafRelevance":"low"
              }
            ]
          },
          "ConditionBrowseBranchList":{
            "ConditionBrowseBranch":[
              {
                "ConditionBrowseBranchAbbrev":"BC01",
                "ConditionBrowseBranchName":"Bacterial and Fungal Diseases"
              },{
                "ConditionBrowseBranchAbbrev":"All",
                "ConditionBrowseBranchName":"All Conditions"
              },{
                "ConditionBrowseBranchAbbrev":"BC02",
                "ConditionBrowseBranchName":"Viral Diseases"
              },{
                "ConditionBrowseBranchAbbrev":"BC20",
                "ConditionBrowseBranchName":"Immune System Diseases"
              },{
                "ConditionBrowseBranchAbbrev":"BC23",
                "ConditionBrowseBranchName":"Symptoms and General Pathology"
              },{
                "ConditionBrowseBranchAbbrev":"BXS",
                "ConditionBrowseBranchName":"Urinary Tract, Sexual Organs, and Pregnancy Conditions"
              }
            ]
          }
        },
        "InterventionBrowseModule":{
          "InterventionMeshList":{
            "InterventionMesh":[
              {
                "InterventionMeshId":"D000068698",
                "InterventionMeshTerm":"Tenofovir"
              }
            ]
          },
          "InterventionAncestorList":{
            "InterventionAncestor":[
              {
                "InterventionAncestorId":"D000000998",
                "InterventionAncestorTerm":"Antiviral Agents"
              },{
                "InterventionAncestorId":"D000000890",
                "InterventionAncestorTerm":"Anti-Infective Agents"
              },{
                "InterventionAncestorId":"D000018894",
                "InterventionAncestorTerm":"Reverse Transcriptase Inhibitors"
              },{
                "InterventionAncestorId":"D000019384",
                "InterventionAncestorTerm":"Nucleic Acid Synthesis Inhibitors"
              },{
                "InterventionAncestorId":"D000004791",
                "InterventionAncestorTerm":"Enzyme Inhibitors"
              },{
                "InterventionAncestorId":"D000045504",
                "InterventionAncestorTerm":"Molecular Mechanisms of Pharmacological Action"
              },{
                "InterventionAncestorId":"D000044966",
                "InterventionAncestorTerm":"Anti-Retroviral Agents"
              },{
                "InterventionAncestorId":"D000019380",
                "InterventionAncestorTerm":"Anti-HIV Agents"
              }
            ]
          },
          "InterventionBrowseLeafList":{
            "InterventionBrowseLeaf":[
              {
                "InterventionBrowseLeafId":"M296",
                "InterventionBrowseLeafName":"Tenofovir",
                "InterventionBrowseLeafAsFound":"Including",
                "InterventionBrowseLeafRelevance":"high"
              },{
                "InterventionBrowseLeafId":"M19519",
                "InterventionBrowseLeafName":"Reverse Transcriptase Inhibitors",
                "InterventionBrowseLeafRelevance":"low"
              },{
                "InterventionBrowseLeafId":"M2895",
                "InterventionBrowseLeafName":"Antiviral Agents",
                "InterventionBrowseLeafRelevance":"low"
              },{
                "InterventionBrowseLeafId":"M2795",
                "InterventionBrowseLeafName":"Anti-Infective Agents",
                "InterventionBrowseLeafRelevance":"low"
              },{
                "InterventionBrowseLeafId":"M24015",
                "InterventionBrowseLeafName":"Anti-Retroviral Agents",
                "InterventionBrowseLeafRelevance":"low"
              },{
                "InterventionBrowseLeafId":"M19934",
                "InterventionBrowseLeafName":"Anti-HIV Agents",
                "InterventionBrowseLeafRelevance":"low"
              }
            ]
          },
          "InterventionBrowseBranchList":{
            "InterventionBrowseBranch":[
              {
                "InterventionBrowseBranchAbbrev":"Infe",
                "InterventionBrowseBranchName":"Anti-Infective Agents"
              },{
                "InterventionBrowseBranchAbbrev":"All",
                "InterventionBrowseBranchName":"All Drugs and Chemicals"
              }
            ]
          }
        }
      }
    }
  }
}

