{
  "FullStudy":{
    "Rank":367895,
    "Study":{
      "ProtocolSection":{
        "IdentificationModule":{
          "NCTId":"NCT00024557",
          "OrgStudyIdInfo":{
            "OrgStudyId":"IL13PEI-002"
          },
          "Organization":{
            "OrgFullName":"INSYS Therapeutics Inc",
            "OrgClass":"INDUSTRY"
          },
          "BriefTitle":"Histologic Effect/Safety of Pre/Post-Operative IL13-PE38QQR in Recurrent Resectable Supratentorial Malignant Glioma Patients",
          "OfficialTitle":"Phase I Study to Assess the Histologic Effect and Safety of Pre-Operative and Post-Operative Infusions of IL13-PE38QQR Cytotoxin in Patients With Recurrent Resectable Supratentorial Malignant Glioma"
        },
        "StatusModule":{
          "StatusVerifiedDate":"June 2011",
          "OverallStatus":"Completed",
          "StartDateStruct":{
            "StartDate":"June 2001"
          },
          "PrimaryCompletionDateStruct":{
            "PrimaryCompletionDate":"June 2006",
            "PrimaryCompletionDateType":"Actual"
          },
          "CompletionDateStruct":{
            "CompletionDate":"July 2007",
            "CompletionDateType":"Actual"
          },
          "StudyFirstSubmitDate":"September 20, 2001",
          "StudyFirstSubmitQCDate":"September 20, 2001",
          "StudyFirstPostDateStruct":{
            "StudyFirstPostDate":"September 21, 2001",
            "StudyFirstPostDateType":"Estimate"
          },
          "LastUpdateSubmitDate":"June 2, 2011",
          "LastUpdatePostDateStruct":{
            "LastUpdatePostDate":"June 6, 2011",
            "LastUpdatePostDateType":"Estimate"
          }
        },
        "SponsorCollaboratorsModule":{
          "LeadSponsor":{
            "LeadSponsorName":"INSYS Therapeutics Inc",
            "LeadSponsorClass":"INDUSTRY"
          }
        },
        "OversightModule":{},
        "DescriptionModule":{
          "BriefSummary":"IL13-PE38QQR is an oncology drug product consisting of IL13 (interleukin-13) and PE38QQR (a bacteria toxin). IL3-PE38QQR is a protein that exhibits cell killing activity against a variety of IL13 receptor-positive tumor cell lines indicating that it may show a therapeutic benefit. In reciprocal competition experiments, the interaction between IL13-PE38QQR and the IL13 receptors was shown to be highly specific for human glioma cells.\n\nPatients will receive IL13-PE38QQR via a catheter placed directly into the brain tumor. Tumor recurrence will be confirmed by biopsy. The next day, patients will start a continuous 48-hour infusion of IL13-PE38QQR into the tumor. The dose (concentration) will be increased in the pre-resection infusion until the endpoint is reached (histologic evidence of tumor cytotoxicity or a maximum tolerated dose). Tumor resection will be planned for one week after biopsy, plus or minus 1 day. A histologically-effective concentration (HEC) will be determined using pathologic observations. At the end of resection, three catheters will be placed in brain tissue next to the resection site and assessed within 24 hours using MRI. On the second day after surgery, IL13-PE38QQR infusion will begin and will continue for 4 days. The lowest pre-resection IL13-PE38QQR concentration will be used as the starting dose for post-resection infusions. After an HEC or maximum tolerated dose (MTD) is determined, the pre-resection infusion will no longer be administered. Subsequent patients will have tumor resection and placement of three peri-tumoral catheters at study entry. IL13-PE38QQR will be infused starting on the second day after surgery and continuing for 4 days. Escalation of the post-resection IL13-PE38QQR concentration will be continued until the previously-defined HEC or MTD is reached, after which duration of the post-resection infusion will be increased in one day increments for up to 6 days. If a post-resection MTD is obtained, there will be no increase in duration of infusion. In the final stage of the study, catheters will be placed 2 days after tumor resection, and a 4-day IL13-PE38QQR infusion will begin the day after catheter placement. Patients will be observed clinically and radiographically for toxicity and duration of tumor control.",
          "DetailedDescription":"OBJECTIVES:\n\nI. Determine the concentration of IL13-PE38QQR that produces histologic evidence of toxicity to tumor, and the corresponding drug toxicity, following a 2-day continuous infusion into recurrent malignant glioma prior to surgical resection.\n\nII. Determine the toxicity of IL13-PE38QQR administered as a 4-day continuous infusion via catheters into brain adjacent to tumor resection site, after surgical resection, at concentrations up to the selected concentration.\n\nIII. Determine the toxicity of increasing duration of continuous infusion of IL13- PE38QQR via catheters into brain adjacent to tumor resection site, after surgical resection, at the selected concentration.\n\nIV. Determine the feasibility and safety of IL13-PE38QQR administration following post-operative placement of stereotaxic catheters 2 days after tumor resection, utilizing a post-operative imaging study for planning of catheter placement. A 4-day continuous infusion at the MTD is planned.\n\nV. Describe the time to progression and survival of patients treated with IL13-PE38QQR.\n\nPROTOCOL OUTLINE: This study is designed to determine two dose levels. The first is defined as the histologically effective concentration (HEC) when the agent is administered prior to tumor resection. The second is defined using safety and tolerability of study drug administered after tumor resection at doses up to the HEC. Safety and tolerability of increasing duration of infusion after tumor resection will then be assessed.\n\nPatient cohorts will be treated at escalating pre-resection dose-levels until a stopping criterion for the pre-surgery dose is met, holding the post-resection dose constant at the starting level. Stopping criteria for dose escalation of the pre-surgery infusion are determination of the HEC or the maximum tolerated dose (MTD).\n\nSubsequent cohorts will be treated only post-operatively at escalating dose levels until a stopping criterion for the post-surgery dose is met. Stopping criteria for dose escalation of the post-surgery infusion are reaching the HEC determined for the pre-operative infusion or determination of the MTD. After the HEC is reached, subsequent cohorts will be treated with post-operative infusions of increasing duration at the HEC until the maximum duration defined in the study is reached or an MTD is defined. (If an MTD has already detected, duration will not be escalated.)\n\nAfter the stage of the study evaluating escalation of infusion duration has completed, the study will expand to evaluate post-operative placement of catheters after tumor resection. This stage of the study will assess the feasibility and safety of stereotaxic placement of catheters 2 days after tumor resection using a post-operative imaging study for planning. Patients will receive a 96 hour post-resection infusion at the MTD.\n\nCohorts of at least three patients will be entered at each dose level. Each cohort will be observed for at least thirty days after completion of administration of study drug to allow for observation of toxicity before the next cohort is enrolled.\n\nPROJECTED ACCRUAL: Depends on number of dose-levels, estimated at 25-50 patients."
        },
        "ConditionsModule":{
          "ConditionList":{
            "Condition":[
              "Malignant Glioma",
              "Glioblastoma Multiforme",
              "Anaplastic Astrocytoma",
              "Mixed Oligoastrocytoma",
              "Malignant Astrocytoma"
            ]
          },
          "KeywordList":{
            "Keyword":[
              "neurosurgery, craniotomy",
              "convection-enhanced delivery",
              "CNS interstitial infusion",
              "recombinant toxins",
              "malignant glioma, recurrent",
              "intratumoral therapy",
              "positive pressure microinfusion"
            ]
          }
        },
        "DesignModule":{
          "StudyType":"Interventional",
          "PhaseList":{
            "Phase":[
              "Phase 1"
            ]
          },
          "DesignInfo":{
            "DesignAllocation":"Non-Randomized",
            "DesignInterventionModel":"Single Group Assignment",
            "DesignPrimaryPurpose":"Treatment",
            "DesignMaskingInfo":{
              "DesignMasking":"None (Open Label)"
            }
          },
          "EnrollmentInfo":{
            "EnrollmentCount":"40"
          }
        },
        "ArmsInterventionsModule":{
          "InterventionList":{
            "Intervention":[
              {
                "InterventionType":"Drug",
                "InterventionName":"IL13-PE38QQR"
              },{
                "InterventionType":"Procedure",
                "InterventionName":"targeted fusion protein therapy"
              },{
                "InterventionType":"Procedure",
                "InterventionName":"surgery"
              }
            ]
          }
        },
        "EligibilityModule":{
          "EligibilityCriteria":"-Disease Characteristics-\n\nMust have had prior histologically-confirmed diagnosis of supratentorial malignant glioma, grade 3 or 4, either on prior pathology or on biopsy at study entry, including anaplastic astrocytoma, glioblastoma multiforme, mixed oligoastrocytoma, or malignant astrocytoma NOS.\n\nMust have undergone prior surgical resection.\n\nMust have received cranial radiotherapy (RT), with tumor dose of at least 48 Gy, completed at least 4 weeks prior to study entry.\n\nMust have radiographic evidence of recurrent or progressive supratentorial tumor. If 12 weeks or less has elpased since external beam RT or localized RT (gamma-knife, brachytherapy), progression must be confirmed by metabolic imaging (MRS or PET).\n\nTumor sample at study entry must confirm recurrent tumor.\n\n-Patient Characteristics-\n\nAge 18 or greater.\n\nKarnofsky Performance Score of at least 70.\n\nHematologic status: Absolute neutrophils at least 1,500/mm^3; Hemoglobin at least 9 gm/dL; Platelets at least 100,000/mm^3.\n\nCoagulation Status: PT & PTT less than or equal to the upper limit of normal.\n\nMust be candidate for re-operation.\n\nMust have recovered from toxicity of prior therapy; at least 6 weeks elapsed since receiving nitrosourea-containing chemotherapy, at least 4 weeks since receiving other cytotoxic therapy or an investigational agent, at least 2 weeks since receiving non-cytotoxic agents or vincristine.\n\nMust understand the investigational nature of this study and its potential risks and benefits, and sign informed consent.\n\nMust practice an effective method of birth control.\n\nNo patients with signs of impending herniation, midline shift greater than 1 cm, uncontrolled seizures, or other neurologic conditions which would interfere with evaluation.\n\nNo patients receiving any concurrent anti-tumor therapy (other than steroids).\n\nNo patients with multifocal disease, or subependymal or leptomeningial tumor spread.\n\nNo patients with metallic prosthesis that would prevent MRI and/or MRS scanning of the brain.\n\nFemale patients must not be pregnant or breast-feeding.",
          "HealthyVolunteers":"No",
          "Gender":"All",
          "MinimumAge":"18 Years",
          "StdAgeList":{
            "StdAge":[
              "Adult",
              "Older Adult"
            ]
          }
        },
        "ContactsLocationsModule":{
          "LocationList":{
            "Location":[
              {
                "LocationFacility":"University of California San Francisco",
                "LocationCity":"San Francisco",
                "LocationState":"California",
                "LocationZip":"94143",
                "LocationCountry":"United States"
              },{
                "LocationFacility":"Yale University",
                "LocationCity":"New Haven",
                "LocationState":"Connecticut",
                "LocationZip":"06520",
                "LocationCountry":"United States"
              },{
                "LocationFacility":"Memorial Sloan-Kettering Cancer Center",
                "LocationCity":"New York",
                "LocationState":"New York",
                "LocationZip":"10021",
                "LocationCountry":"United States"
              },{
                "LocationFacility":"MD Anderson Cancer Center",
                "LocationCity":"Houston",
                "LocationState":"Texas",
                "LocationZip":"77030",
                "LocationCountry":"United States"
              }
            ]
          }
        }
      },
      "DerivedSection":{
        "MiscInfoModule":{
          "VersionHolder":"April 19, 2021"
        },
        "ConditionBrowseModule":{
          "ConditionMeshList":{
            "ConditionMesh":[
              {
                "ConditionMeshId":"D000005909",
                "ConditionMeshTerm":"Glioblastoma"
              },{
                "ConditionMeshId":"D000005910",
                "ConditionMeshTerm":"Glioma"
              },{
                "ConditionMeshId":"D000001254",
                "ConditionMeshTerm":"Astrocytoma"
              }
            ]
          },
          "ConditionAncestorList":{
            "ConditionAncestor":[
              {
                "ConditionAncestorId":"D000018302",
                "ConditionAncestorTerm":"Neoplasms, Neuroepithelial"
              },{
                "ConditionAncestorId":"D000017599",
                "ConditionAncestorTerm":"Neuroectodermal Tumors"
              },{
                "ConditionAncestorId":"D000009373",
                "ConditionAncestorTerm":"Neoplasms, Germ Cell and Embryonal"
              },{
                "ConditionAncestorId":"D000009370",
                "ConditionAncestorTerm":"Neoplasms by Histologic Type"
              },{
                "ConditionAncestorId":"D000009369",
                "ConditionAncestorTerm":"Neoplasms"
              },{
                "ConditionAncestorId":"D000009375",
                "ConditionAncestorTerm":"Neoplasms, Glandular and Epithelial"
              },{
                "ConditionAncestorId":"D000009380",
                "ConditionAncestorTerm":"Neoplasms, Nerve Tissue"
              }
            ]
          },
          "ConditionBrowseLeafList":{
            "ConditionBrowseLeaf":[
              {
                "ConditionBrowseLeafId":"M7602",
                "ConditionBrowseLeafName":"Glioblastoma",
                "ConditionBrowseLeafAsFound":"Glioblastoma Multiforme",
                "ConditionBrowseLeafRelevance":"high"
              },{
                "ConditionBrowseLeafId":"M7603",
                "ConditionBrowseLeafName":"Glioma",
                "ConditionBrowseLeafAsFound":"Malignant Glioma",
                "ConditionBrowseLeafRelevance":"high"
              },{
                "ConditionBrowseLeafId":"M3142",
                "ConditionBrowseLeafName":"Astrocytoma",
                "ConditionBrowseLeafAsFound":"Astrocytoma",
                "ConditionBrowseLeafRelevance":"high"
              },{
                "ConditionBrowseLeafId":"M19030",
                "ConditionBrowseLeafName":"Neoplasms, Neuroepithelial",
                "ConditionBrowseLeafRelevance":"low"
              },{
                "ConditionBrowseLeafId":"M18428",
                "ConditionBrowseLeafName":"Neuroectodermal Tumors",
                "ConditionBrowseLeafRelevance":"low"
              },{
                "ConditionBrowseLeafId":"M18971",
                "ConditionBrowseLeafName":"Neuroectodermal Tumors, Primitive",
                "ConditionBrowseLeafRelevance":"low"
              },{
                "ConditionBrowseLeafId":"M10901",
                "ConditionBrowseLeafName":"Neoplasms, Germ Cell and Embryonal",
                "ConditionBrowseLeafRelevance":"low"
              },{
                "ConditionBrowseLeafId":"M10898",
                "ConditionBrowseLeafName":"Neoplasms by Histologic Type",
                "ConditionBrowseLeafRelevance":"low"
              },{
                "ConditionBrowseLeafId":"M10903",
                "ConditionBrowseLeafName":"Neoplasms, Glandular and Epithelial",
                "ConditionBrowseLeafRelevance":"low"
              },{
                "ConditionBrowseLeafId":"M10908",
                "ConditionBrowseLeafName":"Neoplasms, Nerve Tissue",
                "ConditionBrowseLeafRelevance":"low"
              },{
                "ConditionBrowseLeafId":"T2518",
                "ConditionBrowseLeafName":"Glioblastoma",
                "ConditionBrowseLeafAsFound":"Glioblastoma",
                "ConditionBrowseLeafRelevance":"high"
              },{
                "ConditionBrowseLeafId":"T2519",
                "ConditionBrowseLeafName":"Glioma",
                "ConditionBrowseLeafAsFound":"Glioma",
                "ConditionBrowseLeafRelevance":"high"
              },{
                "ConditionBrowseLeafId":"T364",
                "ConditionBrowseLeafName":"Anaplastic Astrocytoma",
                "ConditionBrowseLeafAsFound":"Anaplastic Astrocytoma",
                "ConditionBrowseLeafRelevance":"high"
              },{
                "ConditionBrowseLeafId":"T4230",
                "ConditionBrowseLeafName":"Oligoastrocytoma",
                "ConditionBrowseLeafAsFound":"Oligoastrocytoma",
                "ConditionBrowseLeafRelevance":"high"
              },{
                "ConditionBrowseLeafId":"T4092",
                "ConditionBrowseLeafName":"Neuroepithelioma",
                "ConditionBrowseLeafRelevance":"low"
              }
            ]
          },
          "ConditionBrowseBranchList":{
            "ConditionBrowseBranch":[
              {
                "ConditionBrowseBranchAbbrev":"BC04",
                "ConditionBrowseBranchName":"Cancers and Other Neoplasms"
              },{
                "ConditionBrowseBranchAbbrev":"All",
                "ConditionBrowseBranchName":"All Conditions"
              },{
                "ConditionBrowseBranchAbbrev":"Rare",
                "ConditionBrowseBranchName":"Rare Diseases"
              }
            ]
          }
        }
      }
    }
  }
}

