{
  "FullStudy":{
    "Rank":367744,
    "Study":{
      "ProtocolSection":{
        "IdentificationModule":{
          "NCTId":"NCT00026806",
          "OrgStudyIdInfo":{
            "OrgStudyId":"010203"
          },
          "SecondaryIdInfoList":{
            "SecondaryIdInfo":[
              {
                "SecondaryId":"01-C-0203"
              }
            ]
          },
          "Organization":{
            "OrgFullName":"National Institutes of Health Clinical Center (CC)",
            "OrgClass":"NIH"
          },
          "BriefTitle":"Long-Term Survival With HIV: Psychological and Behavioral Factors Associated With the Transition From Adolescence to Young Adulthood",
          "OfficialTitle":"Long-Term Survival With HIV: A Study of the Psychological and Behavioral Factors Associated With the Transition From Adolescence To Young Adulthood"
        },
        "StatusModule":{
          "StatusVerifiedDate":"June 2005",
          "OverallStatus":"Completed",
          "ExpandedAccessInfo":{
            "HasExpandedAccess":"No"
          },
          "StartDateStruct":{
            "StartDate":"July 2001"
          },
          "CompletionDateStruct":{
            "CompletionDate":"June 2005"
          },
          "StudyFirstSubmitDate":"November 14, 2001",
          "StudyFirstSubmitQCDate":"November 14, 2001",
          "StudyFirstPostDateStruct":{
            "StudyFirstPostDate":"November 15, 2001",
            "StudyFirstPostDateType":"Estimate"
          },
          "LastUpdateSubmitDate":"March 3, 2008",
          "LastUpdatePostDateStruct":{
            "LastUpdatePostDate":"March 4, 2008",
            "LastUpdatePostDateType":"Estimate"
          }
        },
        "SponsorCollaboratorsModule":{
          "LeadSponsor":{
            "LeadSponsorName":"National Cancer Institute (NCI)",
            "LeadSponsorClass":"NIH"
          }
        },
        "OversightModule":{},
        "DescriptionModule":{
          "BriefSummary":"This study will examine the emotional and behavioral aspects of long-term survival of HIV/AIDS among adolescents and young adults with HIV infection.\n\nHIV-infected individuals between 13 and 23 years of age may be eligible for this study. They must be aware of their HIV diagnosis, have been infected for at least 13 years and have been on an active NIH protocol during the past 5 years.\n\nIn addition to the usual stresses of growing up, children with HIV infection may have spent much of their time in hospitals and may have lost parents, friends and other loved ones. This study will explore psychological aspects of growing up with HIV, including self esteem, possible risk behaviors, how disclosure to others changes over time, the commonness of anxiety and depression, and the impact that losses have had on the adolescents' emotional health. To gather this information, participants will be interviewed and asked to fill out a set of forms. Caregivers will also fill out forms.\n\nPatients who are not currently on an active NIH protocol will have the option of having a physical examination and routine blood work. The results will be sent to their home care provider.",
          "DetailedDescription":"Children and adolescents with HIV/AIDS are living well beyond the life expectancy that was projected for them in the past. As the number of survivors of vertically or transfusion associated pediatric HIV disease increases, attention to the psychosocial adjustment of these adolescents and young adults becomes increasingly important. Studies in the late 1990s described child and adolescent survivors as generally well adjusted, though difficulties become more apparent as the child approached the age of 18. Nothing is known about these HIV positive youngsters as they enter late adolescence and young adulthood. This study will examine psychosocial factors associated with long-term survival of HIV/AIDS, including the prevalence of psychiatric diagnoses, risk behaviors, evaluation of self competence, and the impact that multiple losses has on the adolescents' emotional well-being. In addition, data will be collected from the primary caregivers on the prevalence of parenting stress compared to national norms. Subjects will include children who have been infected (either perinatally or through transfusion) for at least eight years and who are aware of their diagnosis."
        },
        "ConditionsModule":{
          "ConditionList":{
            "Condition":[
              "HIV Infection"
            ]
          },
          "KeywordList":{
            "Keyword":[
              "HIV Infection",
              "Mental Health",
              "Risk Behaviors",
              "Post-Traumatic Stress Disorder",
              "Youth",
              "HIV",
              "Long Term Survivor"
            ]
          }
        },
        "DesignModule":{
          "StudyType":"Observational",
          "EnrollmentInfo":{
            "EnrollmentCount":"55"
          }
        },
        "EligibilityModule":{
          "EligibilityCriteria":"INCLUSION CRITERIA\n\nHIV-infected adolescents 13-24 years of age with documented HIV infection for greater than or equal to 13 years.\n\nOn active protocol at NIH during the past 5 years.\n\nWillingness to sign informed consent.\n\nAbility to understand and read English.\n\nEXCLUSION CRITERIA\n\nPresence of psychotic symptoms.\n\nCognitive impairment or full scale IQ less than or equal to 75.\n\nNot aware of HIV diagnosis.",
          "HealthyVolunteers":"No",
          "Gender":"All",
          "StdAgeList":{
            "StdAge":[
              "Child",
              "Adult",
              "Older Adult"
            ]
          }
        },
        "ContactsLocationsModule":{
          "LocationList":{
            "Location":[
              {
                "LocationFacility":"National Cancer Institute (NCI)",
                "LocationCity":"Bethesda",
                "LocationState":"Maryland",
                "LocationZip":"20892",
                "LocationCountry":"United States"
              }
            ]
          }
        },
        "ReferencesModule":{
          "ReferenceList":{
            "Reference":[
              {
                "ReferencePMID":"8063915",
                "ReferenceType":"background",
                "ReferenceCitation":"Bose S, Moss HA, Brouwers P, Pizzo P, Lorion R. Psychologic adjustment of human immunodeficiency virus-infected school-age children. J Dev Behav Pediatr. 1994 Jun;15(3 Suppl):S26-33."
              },{
                "ReferencePMID":"2952939",
                "ReferenceType":"background",
                "ReferenceCitation":"Cadman D, Boyle M, Szatmari P, Offord DR. Chronic illness, disability, and mental and social well-being: findings of the Ontario Child Health Study. Pediatrics. 1987 May;79(5):805-13."
              },{
                "ReferencePMID":"1983856",
                "ReferenceType":"background",
                "ReferenceCitation":"Chang PN. Psychosocial needs of long-term childhood cancer survivors: a review of literature. Pediatrician. 1991;18(1):20-4. Review."
              }
            ]
          }
        }
      },
      "DerivedSection":{
        "MiscInfoModule":{
          "VersionHolder":"April 19, 2021"
        },
        "ConditionBrowseModule":{
          "ConditionMeshList":{
            "ConditionMesh":[
              {
                "ConditionMeshId":"D000015658",
                "ConditionMeshTerm":"HIV Infections"
              }
            ]
          },
          "ConditionAncestorList":{
            "ConditionAncestor":[
              {
                "ConditionAncestorId":"D000016180",
                "ConditionAncestorTerm":"Lentivirus Infections"
              },{
                "ConditionAncestorId":"D000012192",
                "ConditionAncestorTerm":"Retroviridae Infections"
              },{
                "ConditionAncestorId":"D000012327",
                "ConditionAncestorTerm":"RNA Virus Infections"
              },{
                "ConditionAncestorId":"D000014777",
                "ConditionAncestorTerm":"Virus Diseases"
              },{
                "ConditionAncestorId":"D000015229",
                "ConditionAncestorTerm":"Sexually Transmitted Diseases, Viral"
              },{
                "ConditionAncestorId":"D000012749",
                "ConditionAncestorTerm":"Sexually Transmitted Diseases"
              },{
                "ConditionAncestorId":"D000007153",
                "ConditionAncestorTerm":"Immunologic Deficiency Syndromes"
              },{
                "ConditionAncestorId":"D000007154",
                "ConditionAncestorTerm":"Immune System Diseases"
              }
            ]
          },
          "ConditionBrowseLeafList":{
            "ConditionBrowseLeaf":[
              {
                "ConditionBrowseLeafId":"M8866",
                "ConditionBrowseLeafName":"Infection",
                "ConditionBrowseLeafRelevance":"low"
              },{
                "ConditionBrowseLeafId":"M4951",
                "ConditionBrowseLeafName":"Communicable Diseases",
                "ConditionBrowseLeafRelevance":"low"
              },{
                "ConditionBrowseLeafId":"M23503",
                "ConditionBrowseLeafName":"Stress Disorders, Traumatic",
                "ConditionBrowseLeafRelevance":"low"
              },{
                "ConditionBrowseLeafId":"M14686",
                "ConditionBrowseLeafName":"Stress Disorders, Post-Traumatic",
                "ConditionBrowseLeafRelevance":"low"
              },{
                "ConditionBrowseLeafId":"M16833",
                "ConditionBrowseLeafName":"HIV Infections",
                "ConditionBrowseLeafAsFound":"HIV Infections",
                "ConditionBrowseLeafRelevance":"high"
              },{
                "ConditionBrowseLeafId":"M2103",
                "ConditionBrowseLeafName":"Acquired Immunodeficiency Syndrome",
                "ConditionBrowseLeafRelevance":"low"
              },{
                "ConditionBrowseLeafId":"M17223",
                "ConditionBrowseLeafName":"Lentivirus Infections",
                "ConditionBrowseLeafRelevance":"low"
              },{
                "ConditionBrowseLeafId":"M13609",
                "ConditionBrowseLeafName":"Retroviridae Infections",
                "ConditionBrowseLeafRelevance":"low"
              },{
                "ConditionBrowseLeafId":"M16105",
                "ConditionBrowseLeafName":"Virus Diseases",
                "ConditionBrowseLeafRelevance":"low"
              },{
                "ConditionBrowseLeafId":"M13732",
                "ConditionBrowseLeafName":"RNA Virus Infections",
                "ConditionBrowseLeafRelevance":"low"
              },{
                "ConditionBrowseLeafId":"M14141",
                "ConditionBrowseLeafName":"Sexually Transmitted Diseases",
                "ConditionBrowseLeafRelevance":"low"
              },{
                "ConditionBrowseLeafId":"M16516",
                "ConditionBrowseLeafName":"Sexually Transmitted Diseases, Viral",
                "ConditionBrowseLeafRelevance":"low"
              },{
                "ConditionBrowseLeafId":"M14938",
                "ConditionBrowseLeafName":"Syndrome",
                "ConditionBrowseLeafRelevance":"low"
              },{
                "ConditionBrowseLeafId":"M8782",
                "ConditionBrowseLeafName":"Immunologic Deficiency Syndromes",
                "ConditionBrowseLeafRelevance":"low"
              },{
                "ConditionBrowseLeafId":"M8783",
                "ConditionBrowseLeafName":"Immune System Diseases",
                "ConditionBrowseLeafRelevance":"low"
              }
            ]
          },
          "ConditionBrowseBranchList":{
            "ConditionBrowseBranch":[
              {
                "ConditionBrowseBranchAbbrev":"BC01",
                "ConditionBrowseBranchName":"Bacterial and Fungal Diseases"
              },{
                "ConditionBrowseBranchAbbrev":"All",
                "ConditionBrowseBranchName":"All Conditions"
              },{
                "ConditionBrowseBranchAbbrev":"BXM",
                "ConditionBrowseBranchName":"Behaviors and Mental Disorders"
              },{
                "ConditionBrowseBranchAbbrev":"BC02",
                "ConditionBrowseBranchName":"Viral Diseases"
              },{
                "ConditionBrowseBranchAbbrev":"BC20",
                "ConditionBrowseBranchName":"Immune System Diseases"
              },{
                "ConditionBrowseBranchAbbrev":"BXS",
                "ConditionBrowseBranchName":"Urinary Tract, Sexual Organs, and Pregnancy Conditions"
              },{
                "ConditionBrowseBranchAbbrev":"BC23",
                "ConditionBrowseBranchName":"Symptoms and General Pathology"
              }
            ]
          }
        }
      }
    }
  }
}

