{
  "FullStudy":{
    "Rank":367604,
    "Study":{
      "ProtocolSection":{
        "IdentificationModule":{
          "NCTId":"NCT00028782",
          "OrgStudyIdInfo":{
            "OrgStudyId":"NCI-2012-02438"
          },
          "SecondaryIdInfoList":{
            "SecondaryIdInfo":[
              {
                "SecondaryId":"UPCC# 05901"
              },{
                "SecondaryId":"P01CA087971",
                "SecondaryIdType":"U.S. NIH Grant/Contract",
                "SecondaryIdLink":"https://projectreporter.nih.gov/reporterapi.cfm?PROJECTNUM=P01CA087971&Fy=all"
              },{
                "SecondaryId":"CDR0000069134",
                "SecondaryIdType":"Registry Identifier",
                "SecondaryIdDomain":"PDQ (Physician Data Query)"
              }
            ]
          },
          "Organization":{
            "OrgFullName":"National Cancer Institute (NCI)",
            "OrgClass":"NIH"
          },
          "BriefTitle":"EF5 in Detecting Oxygen Level and Blood Vessels in Tumor Cells of Patients Undergoing Photodynamic Therapy for Intraperitoneal or Pleural Cancer",
          "OfficialTitle":"The Detection of Tumor Hypoxia and Vascularity in Patients Undergoing Intraperitoneal Photodynamic Therapy"
        },
        "StatusModule":{
          "StatusVerifiedDate":"January 2013",
          "OverallStatus":"Terminated",
          "WhyStopped":"Administratively complete.",
          "ExpandedAccessInfo":{
            "HasExpandedAccess":"No"
          },
          "StartDateStruct":{
            "StartDate":"October 2001"
          },
          "PrimaryCompletionDateStruct":{
            "PrimaryCompletionDate":"September 2007",
            "PrimaryCompletionDateType":"Actual"
          },
          "StudyFirstSubmitDate":"January 4, 2002",
          "StudyFirstSubmitQCDate":"January 26, 2003",
          "StudyFirstPostDateStruct":{
            "StudyFirstPostDate":"January 27, 2003",
            "StudyFirstPostDateType":"Estimate"
          },
          "LastUpdateSubmitDate":"January 15, 2013",
          "LastUpdatePostDateStruct":{
            "LastUpdatePostDate":"January 16, 2013",
            "LastUpdatePostDateType":"Estimate"
          }
        },
        "SponsorCollaboratorsModule":{
          "ResponsibleParty":{
            "ResponsiblePartyType":"Sponsor"
          },
          "LeadSponsor":{
            "LeadSponsorName":"National Cancer Institute (NCI)",
            "LeadSponsorClass":"NIH"
          }
        },
        "OversightModule":{},
        "DescriptionModule":{
          "BriefSummary":"This phase II trial is studying how well EF5 works in detecting oxygen level and blood vessels in tumor cells of patients who are undergoing photodynamic therapy for intraperitoneal or pleural cancer. Diagnostic procedures using EF5 to detect oxygen level and blood vessels in tumor cells may help to improve the way photodynamic therapy is given",
          "DetailedDescription":"OBJECTIVES:\n\nI. Determine the level of hypoxia through etanidazole derivative EF5 binding in patients with intraperitoneal or pleural malignancies treated with photodynamic therapy.\n\nII. Determine the microvascular density in this patient population. III. Determine the relationships between levels of hypoxia, measures of microvascular density, and photosensitizer levels in this patient population.\n\nIV. Correlate hypoxia and photosensitizer levels with clinical outcome in this patient population.\n\nV. Determine the toxic effects of EF5 in this patient population.\n\nOUTLINE: This is a multicenter study.\n\nPatients receive etanidazole derivative EF5 IV over 1-2 hours. Approximately 48 hours after EF5 administration, patients with intraperitoneal tumors undergo surgical resection. Patients with pleural tumors undergo surgical resection approximately 24 hours after EF5 administration. Tumors are then analyzed for EF5 binding and microvascular density by immunohistochemistry and fluorescent antibody techniques.\n\nPatients are followed at 2 weeks and at 30-45 days post EF5 infusion.\n\nPROJECTED ACCRUAL: A total of 80 patients (50 with intraperitoneal malignancy and 30 with pleural malignancy) will be accrued for this study within 2.5 years. Patients are stratified by disease (intraperitoneal malignancy vs pleural malignancy)."
        },
        "ConditionsModule":{
          "ConditionList":{
            "Condition":[
              "Advanced Malignant Mesothelioma",
              "Localized Malignant Mesothelioma",
              "Malignant Ascites",
              "Primary Peritoneal Cavity Cancer",
              "Recurrent Malignant Mesothelioma"
            ]
          }
        },
        "DesignModule":{
          "StudyType":"Interventional",
          "PhaseList":{
            "Phase":[
              "Not Applicable"
            ]
          },
          "DesignInfo":{
            "DesignAllocation":"N/A",
            "DesignInterventionModel":"Single Group Assignment",
            "DesignPrimaryPurpose":"Diagnostic",
            "DesignMaskingInfo":{
              "DesignMasking":"None (Open Label)"
            }
          },
          "EnrollmentInfo":{
            "EnrollmentCount":"80",
            "EnrollmentType":"Actual"
          }
        },
        "ArmsInterventionsModule":{
          "ArmGroupList":{
            "ArmGroup":[
              {
                "ArmGroupLabel":"Diagnostic (etanidazole)",
                "ArmGroupType":"Experimental",
                "ArmGroupDescription":"Patients receive etanidazole derivative EF5 IV over 1-2 hours. Approximately 48 hours after EF5 administration, patients with intraperitoneal tumors undergo surgical resection. Patients with pleural tumors undergo surgical resection approximately 24 hours after EF5 administration. Tumors are then analyzed for EF5 binding and microvascular density by immunohistochemistry and fluorescent antibody techniques.",
                "ArmGroupInterventionList":{
                  "ArmGroupInterventionName":[
                    "Drug: etanidazole",
                    "Procedure: therapeutic conventional surgery",
                    "Other: laboratory biomarker analysis"
                  ]
                }
              }
            ]
          },
          "InterventionList":{
            "Intervention":[
              {
                "InterventionType":"Drug",
                "InterventionName":"etanidazole",
                "InterventionDescription":"Given IV",
                "InterventionArmGroupLabelList":{
                  "InterventionArmGroupLabel":[
                    "Diagnostic (etanidazole)"
                  ]
                },
                "InterventionOtherNameList":{
                  "InterventionOtherName":[
                    "2-nitro-imidazole derivative",
                    "SR-2508"
                  ]
                }
              },{
                "InterventionType":"Procedure",
                "InterventionName":"therapeutic conventional surgery",
                "InterventionDescription":"Undergo surgery",
                "InterventionArmGroupLabelList":{
                  "InterventionArmGroupLabel":[
                    "Diagnostic (etanidazole)"
                  ]
                }
              },{
                "InterventionType":"Other",
                "InterventionName":"laboratory biomarker analysis",
                "InterventionDescription":"Correlative studies",
                "InterventionArmGroupLabelList":{
                  "InterventionArmGroupLabel":[
                    "Diagnostic (etanidazole)"
                  ]
                }
              }
            ]
          }
        },
        "OutcomesModule":{
          "PrimaryOutcomeList":{
            "PrimaryOutcome":[
              {
                "PrimaryOutcomeMeasure":"Level of hypoxia in tumor nodules",
                "PrimaryOutcomeDescription":"Exploratory techniques will be used to describe patterns of EF5 binding as well as MVD within and among patients.",
                "PrimaryOutcomeTimeFrame":"At the completion of surgery"
              },{
                "PrimaryOutcomeMeasure":"Inter- and intra-patient variability of hypoxia by EF5 binding",
                "PrimaryOutcomeDescription":"Inter- and intra-subject variability can be estimated using summary statistics (standard deviations, or the range of data).",
                "PrimaryOutcomeTimeFrame":"At the completion of surgery"
              },{
                "PrimaryOutcomeMeasure":"Levels of microvascular density by PECAM/CD31 staining",
                "PrimaryOutcomeDescription":"Distributions of the four EF5 binding variables and MVD will be examined graphically we anticipate that certain variables may have a Poisson distribution.",
                "PrimaryOutcomeTimeFrame":"At the completion of surgery"
              },{
                "PrimaryOutcomeMeasure":"Relationships among levels of hypoxia, microvascular density, and photosensitizer levels",
                "PrimaryOutcomeTimeFrame":"At the completion of surgery"
              },{
                "PrimaryOutcomeMeasure":"Associations between hypoxia and photosensitizer levels in tumor nodules with clinical outcome periodically until disease recurrence",
                "PrimaryOutcomeTimeFrame":"Not Provided"
              }
            ]
          },
          "SecondaryOutcomeList":{
            "SecondaryOutcome":[
              {
                "SecondaryOutcomeMeasure":"Toxicity of EF5 administration",
                "SecondaryOutcomeDescription":"All observed toxicities will be graded, tabled for each stratum (IP study) and for the entire study and summarized by frequencies and percentages.",
                "SecondaryOutcomeTimeFrame":"Up to 45 days after EF5 infusion"
              }
            ]
          }
        },
        "EligibilityModule":{
          "EligibilityCriteria":"Inclusion Criteria:\n\nHistologically confirmed intraperitoneal or pleural malignancy\n\nCurrently enrolled on 1 of 3 photodynamic therapy trials (UPCC-2997, UPCC-4997, or UPCC-05503)\n\nPlan to undergo surgery for treatment on one of these protocols\nPatients with suspected recurrent disease undergoing surgery for diagnosis and debulking allowed if frozen section shows malignant disease\nNo active extra-abdominal metastatic disease and/or intrahepatic involvement secondary to metastatic carcinoma\nNo borderline tumors of low malignant potential\nNo abdominal disease that cannot be debulked to less than 5 mm residual disease in maximal dimension\nPerformance status - ECOG 0-2\nWBC at least 2,000/mm^3\nPlatelet count greater than 100,000/mm^3\nBilirubin less than 1.5 mg/dL\nNo severe liver disease\nNo cirrhosis\nNo grade III or IV elevations in liver function studies\nCreatinine no greater than upper limit of normal\nCreatinine clearance at least 60 mL/min\nNot pregnant or nursing\nNegative pregnancy test\nFertile patients must use effective contraception during and for 1 month after completion of study treatment\nWeight no more than 130 kg\nHIV negative\nAble to tolerate anesthesia or major surgery\nNo grade III or IV peripheral neuropathy\nNo regional enteritis or ulcerative colitis\nNo contraindication for anesthesia or major surgery\nPrior combination chemotherapy for malignancy allowed\nNo concurrent chemotherapy except for recurrent or persistent disease\nNo concurrent radiotherapy except for recurrent or persistent disease\nPrior surgery for malignancy allowed",
          "HealthyVolunteers":"No",
          "Gender":"All",
          "MinimumAge":"18 Years",
          "StdAgeList":{
            "StdAge":[
              "Adult",
              "Older Adult"
            ]
          }
        },
        "ContactsLocationsModule":{
          "OverallOfficialList":{
            "OverallOfficial":[
              {
                "OverallOfficialName":"Stephen Michael Hahn",
                "OverallOfficialAffiliation":"Abramson Cancer Center of the University of Pennsylvania",
                "OverallOfficialRole":"Principal Investigator"
              }
            ]
          },
          "LocationList":{
            "Location":[
              {
                "LocationFacility":"Abramson Cancer Center of The University of Pennsylvania",
                "LocationCity":"Philadelphia",
                "LocationState":"Pennsylvania",
                "LocationZip":"19104",
                "LocationCountry":"United States"
              }
            ]
          }
        }
      },
      "DerivedSection":{
        "MiscInfoModule":{
          "VersionHolder":"April 19, 2021"
        },
        "ConditionBrowseModule":{
          "ConditionMeshList":{
            "ConditionMesh":[
              {
                "ConditionMeshId":"D000008654",
                "ConditionMeshTerm":"Mesothelioma"
              },{
                "ConditionMeshId":"D000008175",
                "ConditionMeshTerm":"Lung Neoplasms"
              },{
                "ConditionMeshId":"D000001201",
                "ConditionMeshTerm":"Ascites"
              }
            ]
          },
          "ConditionAncestorList":{
            "ConditionAncestor":[
              {
                "ConditionAncestorId":"D000000236",
                "ConditionAncestorTerm":"Adenoma"
              },{
                "ConditionAncestorId":"D000009375",
                "ConditionAncestorTerm":"Neoplasms, Glandular and Epithelial"
              },{
                "ConditionAncestorId":"D000009370",
                "ConditionAncestorTerm":"Neoplasms by Histologic Type"
              },{
                "ConditionAncestorId":"D000009369",
                "ConditionAncestorTerm":"Neoplasms"
              },{
                "ConditionAncestorId":"D000018301",
                "ConditionAncestorTerm":"Neoplasms, Mesothelial"
              },{
                "ConditionAncestorId":"D000010335",
                "ConditionAncestorTerm":"Pathologic Processes"
              },{
                "ConditionAncestorId":"D000012142",
                "ConditionAncestorTerm":"Respiratory Tract Neoplasms"
              },{
                "ConditionAncestorId":"D000013899",
                "ConditionAncestorTerm":"Thoracic Neoplasms"
              },{
                "ConditionAncestorId":"D000009371",
                "ConditionAncestorTerm":"Neoplasms by Site"
              },{
                "ConditionAncestorId":"D000008171",
                "ConditionAncestorTerm":"Lung Diseases"
              },{
                "ConditionAncestorId":"D000012140",
                "ConditionAncestorTerm":"Respiratory Tract Diseases"
              }
            ]
          },
          "ConditionBrowseLeafList":{
            "ConditionBrowseLeaf":[
              {
                "ConditionBrowseLeafId":"M10217",
                "ConditionBrowseLeafName":"Mesothelioma",
                "ConditionBrowseLeafAsFound":"Mesothelioma",
                "ConditionBrowseLeafRelevance":"high"
              },{
                "ConditionBrowseLeafId":"M2766",
                "ConditionBrowseLeafName":"Hypoxia",
                "ConditionBrowseLeafRelevance":"low"
              },{
                "ConditionBrowseLeafId":"M3090",
                "ConditionBrowseLeafName":"Ascites",
                "ConditionBrowseLeafAsFound":"Ascites",
                "ConditionBrowseLeafRelevance":"high"
              },{
                "ConditionBrowseLeafId":"M9755",
                "ConditionBrowseLeafName":"Lung Neoplasms",
                "ConditionBrowseLeafAsFound":"Malignant Mesothelioma",
                "ConditionBrowseLeafRelevance":"high"
              },{
                "ConditionBrowseLeafId":"M2172",
                "ConditionBrowseLeafName":"Adenoma",
                "ConditionBrowseLeafRelevance":"low"
              },{
                "ConditionBrowseLeafId":"M10903",
                "ConditionBrowseLeafName":"Neoplasms, Glandular and Epithelial",
                "ConditionBrowseLeafRelevance":"low"
              },{
                "ConditionBrowseLeafId":"M10898",
                "ConditionBrowseLeafName":"Neoplasms by Histologic Type",
                "ConditionBrowseLeafRelevance":"low"
              },{
                "ConditionBrowseLeafId":"M19029",
                "ConditionBrowseLeafName":"Neoplasms, Mesothelial",
                "ConditionBrowseLeafRelevance":"low"
              },{
                "ConditionBrowseLeafId":"M13562",
                "ConditionBrowseLeafName":"Respiratory Tract Neoplasms",
                "ConditionBrowseLeafRelevance":"low"
              },{
                "ConditionBrowseLeafId":"M15241",
                "ConditionBrowseLeafName":"Thoracic Neoplasms",
                "ConditionBrowseLeafRelevance":"low"
              },{
                "ConditionBrowseLeafId":"M9751",
                "ConditionBrowseLeafName":"Lung Diseases",
                "ConditionBrowseLeafRelevance":"low"
              },{
                "ConditionBrowseLeafId":"M13560",
                "ConditionBrowseLeafName":"Respiratory Tract Diseases",
                "ConditionBrowseLeafRelevance":"low"
              },{
                "ConditionBrowseLeafId":"T3584",
                "ConditionBrowseLeafName":"Malignant Mesothelioma",
                "ConditionBrowseLeafAsFound":"Malignant Mesothelioma",
                "ConditionBrowseLeafRelevance":"high"
              }
            ]
          },
          "ConditionBrowseBranchList":{
            "ConditionBrowseBranch":[
              {
                "ConditionBrowseBranchAbbrev":"BC04",
                "ConditionBrowseBranchName":"Cancers and Other Neoplasms"
              },{
                "ConditionBrowseBranchAbbrev":"All",
                "ConditionBrowseBranchName":"All Conditions"
              },{
                "ConditionBrowseBranchAbbrev":"BC23",
                "ConditionBrowseBranchName":"Symptoms and General Pathology"
              },{
                "ConditionBrowseBranchAbbrev":"BC08",
                "ConditionBrowseBranchName":"Respiratory Tract (Lung and Bronchial) Diseases"
              },{
                "ConditionBrowseBranchAbbrev":"Rare",
                "ConditionBrowseBranchName":"Rare Diseases"
              }
            ]
          }
        },
        "InterventionBrowseModule":{
          "InterventionMeshList":{
            "InterventionMesh":[
              {
                "InterventionMeshId":"D000017341",
                "InterventionMeshTerm":"Etanidazole"
              },{
                "InterventionMeshId":"C000029899",
                "InterventionMeshTerm":"Imidazole"
              }
            ]
          },
          "InterventionAncestorList":{
            "InterventionAncestor":[
              {
                "InterventionAncestorId":"D000004791",
                "InterventionAncestorTerm":"Enzyme Inhibitors"
              },{
                "InterventionAncestorId":"D000045504",
                "InterventionAncestorTerm":"Molecular Mechanisms of Pharmacological Action"
              },{
                "InterventionAncestorId":"D000000970",
                "InterventionAncestorTerm":"Antineoplastic Agents"
              }
            ]
          },
          "InterventionBrowseLeafList":{
            "InterventionBrowseLeaf":[
              {
                "InterventionBrowseLeafId":"M2806",
                "InterventionBrowseLeafName":"Antibodies",
                "InterventionBrowseLeafRelevance":"low"
              },{
                "InterventionBrowseLeafId":"M8767",
                "InterventionBrowseLeafName":"Immunoglobulins",
                "InterventionBrowseLeafRelevance":"low"
              },{
                "InterventionBrowseLeafId":"M123471",
                "InterventionBrowseLeafName":"Imidazole",
                "InterventionBrowseLeafAsFound":"Catheter ablation",
                "InterventionBrowseLeafRelevance":"high"
              },{
                "InterventionBrowseLeafId":"M18209",
                "InterventionBrowseLeafName":"Etanidazole",
                "InterventionBrowseLeafAsFound":"Choline Fenofibrate",
                "InterventionBrowseLeafRelevance":"high"
              }
            ]
          },
          "InterventionBrowseBranchList":{
            "InterventionBrowseBranch":[
              {
                "InterventionBrowseBranchAbbrev":"All",
                "InterventionBrowseBranchName":"All Drugs and Chemicals"
              },{
                "InterventionBrowseBranchAbbrev":"ANeo",
                "InterventionBrowseBranchName":"Antineoplastic Agents"
              }
            ]
          }
        }
      }
    }
  }
}

