{
  "FullStudy":{
    "Rank":368182,
    "Study":{
      "ProtocolSection":{
        "IdentificationModule":{
          "NCTId":"NCT00020475",
          "NCTIdAliasList":{
            "NCTIdAlias":[
              "NCT00009516"
            ]
          },
          "OrgStudyIdInfo":{
            "OrgStudyId":"CDR0000068514"
          },
          "SecondaryIdInfoList":{
            "SecondaryIdInfo":[
              {
                "SecondaryId":"NCI-01-C-0074"
              },{
                "SecondaryId":"NCI-2910"
              }
            ]
          },
          "Organization":{
            "OrgFullName":"National Cancer Institute (NCI)",
            "OrgClass":"NIH"
          },
          "BriefTitle":"Vaccine Therapy in Treating Patients With Metastatic Melanoma of the Eye",
          "OfficialTitle":"Phase II Study of gp100:209-217 (210M) Antigen and MART-1:26-35 (27L) Antigen Emulsified in Montanide ISA-51 in Patients With Metastatic Ocular Melanoma"
        },
        "StatusModule":{
          "StatusVerifiedDate":"July 2002",
          "OverallStatus":"Completed",
          "ExpandedAccessInfo":{
            "HasExpandedAccess":"No"
          },
          "StartDateStruct":{
            "StartDate":"February 2001"
          },
          "CompletionDateStruct":{
            "CompletionDate":"March 2007",
            "CompletionDateType":"Actual"
          },
          "StudyFirstSubmitDate":"March 2, 2007",
          "StudyFirstSubmitQCDate":"March 2, 2007",
          "StudyFirstPostDateStruct":{
            "StudyFirstPostDate":"March 6, 2007",
            "StudyFirstPostDateType":"Estimate"
          },
          "LastUpdateSubmitDate":"August 14, 2013",
          "LastUpdatePostDateStruct":{
            "LastUpdatePostDate":"August 16, 2013",
            "LastUpdatePostDateType":"Estimate"
          }
        },
        "SponsorCollaboratorsModule":{
          "LeadSponsor":{
            "LeadSponsorName":"National Cancer Institute (NCI)",
            "LeadSponsorClass":"NIH"
          }
        },
        "OversightModule":{},
        "DescriptionModule":{
          "BriefSummary":"RATIONALE: Vaccines may make the body build an immune response to kill tumor cells. Combining vaccine therapy with interleukin-2 may be a more effective treatment for metastatic melanoma of the eye.\n\nPURPOSE: Phase II trial to study the effectiveness of vaccine therapy and interleukin-2 in treating patients who have metastatic melanoma of the eye.",
          "DetailedDescription":"OBJECTIVES: I. Determine the clinical response in patients with metastatic ocular melanoma treated with gp100:209-217 (210M) antigen and MART-1:26-35 (27L) antigen emulsified in Montanide ISA-51.\n\nII. Determine the clinical benefit of interleukin-2 in combination with this vaccine in these patients.\n\nPROTOCOL OUTLINE: Patients receive vaccine subcutaneously once weekly. Treatment repeats every 4 weeks for a total of 6 courses in the absence of disease progression or unacceptable toxicity.\n\nPatients with progressive disease may receive vaccine SC on day 1 followed by interleukin-2 IV over 15 minutes every 8 hours for a maximum of 12 doses. Treatment repeats every 3 weeks for at least 4 courses in the absence of disease progression or unacceptable toxicity.\n\nPROJECTED ACCRUAL:\n\nA total of 15-25 patients will be accrued for this study within 1 year."
        },
        "ConditionsModule":{
          "ConditionList":{
            "Condition":[
              "Extraocular Extension Melanoma",
              "Recurrent Intraocular Melanoma"
            ]
          },
          "KeywordList":{
            "Keyword":[
              "adult solid tumor",
              "body system/site cancer",
              "cancer",
              "extraocular extension melanoma",
              "eye cancer",
              "intraocular melanoma",
              "recurrent intraocular melanoma",
              "solid tumor",
              "stage, intraocular melanoma"
            ]
          }
        },
        "DesignModule":{
          "StudyType":"Interventional",
          "PhaseList":{
            "Phase":[
              "Phase 2"
            ]
          },
          "DesignInfo":{
            "DesignPrimaryPurpose":"Treatment"
          }
        },
        "ArmsInterventionsModule":{
          "InterventionList":{
            "Intervention":[
              {
                "InterventionType":"Drug",
                "InterventionName":"gp100 antigen"
              },{
                "InterventionType":"Drug",
                "InterventionName":"interleukin-2"
              },{
                "InterventionType":"Drug",
                "InterventionName":"MART-1 antigen"
              },{
                "InterventionType":"Drug",
                "InterventionName":"Montanide ISA-51"
              }
            ]
          }
        },
        "EligibilityModule":{
          "EligibilityCriteria":"PROTOCOL ENTRY CRITERIA:\n\n--Disease Characteristics-- Diagnosis of metastatic ocular melanoma Progressive disease Measurable disease HLA-A*201 positive --Prior/Concurrent Therapy-- Biologic therapy: At least 3 weeks since prior biologic therapy Chemotherapy: At least 3 weeks since prior chemotherapy Endocrine therapy: At least 3 weeks since prior endocrine therapy No concurrent steroid therapy Radiotherapy: At least 3 weeks since prior radiotherapy Surgery: Not specified --Patient Characteristics-- Age: 16 and over Performance status: ECOG 0-2 Life expectancy: More than 3 months Hematopoietic: WBC at least 3,000/mm3 Platelet count at least 90,000/mm3 No coagulation disorders Hepatic: Bilirubin no greater than 2.0 mg/dL AST/ALT less than 3 times normal Hepatitis B surface antigen negative Renal: Creatinine no greater than 2.0 mg/dL Cardiovascular: No major cardiovascular illness For interleukin-2 (IL-2) therapy: No cardiac ischemia No myocardial infarction No cardiac arrhythmias Pulmonary: No major respiratory system illness For IL-2 therapy: No obstructive or restrictive pulmonary disease Other: Not pregnant or nursing Negative pregnancy test Fertile patients must use effective contraception No active systemic infection No autoimmune disease No primary or secondary immunodeficiency by abnormal lymphocyte counts or presence of opportunistic infection",
          "MinimumAge":"16 Years",
          "StdAgeList":{
            "StdAge":[
              "Child",
              "Adult",
              "Older Adult"
            ]
          }
        },
        "ContactsLocationsModule":{
          "OverallOfficialList":{
            "OverallOfficial":[
              {
                "OverallOfficialName":"Francesco M. Marincola",
                "OverallOfficialAffiliation":"National Cancer Institute (NCI)",
                "OverallOfficialRole":"Study Chair"
              }
            ]
          },
          "LocationList":{
            "Location":[
              {
                "LocationFacility":"Surgery Branch",
                "LocationCity":"Bethesda",
                "LocationState":"Maryland",
                "LocationZip":"20892",
                "LocationCountry":"United States"
              }
            ]
          }
        }
      },
      "DerivedSection":{
        "MiscInfoModule":{
          "VersionHolder":"April 19, 2021"
        },
        "ConditionBrowseModule":{
          "ConditionMeshList":{
            "ConditionMesh":[
              {
                "ConditionMeshId":"D000008545",
                "ConditionMeshTerm":"Melanoma"
              }
            ]
          },
          "ConditionAncestorList":{
            "ConditionAncestor":[
              {
                "ConditionAncestorId":"D000018358",
                "ConditionAncestorTerm":"Neuroendocrine Tumors"
              },{
                "ConditionAncestorId":"D000017599",
                "ConditionAncestorTerm":"Neuroectodermal Tumors"
              },{
                "ConditionAncestorId":"D000009373",
                "ConditionAncestorTerm":"Neoplasms, Germ Cell and Embryonal"
              },{
                "ConditionAncestorId":"D000009370",
                "ConditionAncestorTerm":"Neoplasms by Histologic Type"
              },{
                "ConditionAncestorId":"D000009369",
                "ConditionAncestorTerm":"Neoplasms"
              },{
                "ConditionAncestorId":"D000009380",
                "ConditionAncestorTerm":"Neoplasms, Nerve Tissue"
              },{
                "ConditionAncestorId":"D000018326",
                "ConditionAncestorTerm":"Nevi and Melanomas"
              }
            ]
          },
          "ConditionBrowseLeafList":{
            "ConditionBrowseLeaf":[
              {
                "ConditionBrowseLeafId":"M10111",
                "ConditionBrowseLeafName":"Melanoma",
                "ConditionBrowseLeafAsFound":"Melanoma",
                "ConditionBrowseLeafRelevance":"high"
              },{
                "ConditionBrowseLeafId":"M6860",
                "ConditionBrowseLeafName":"Eye Neoplasms",
                "ConditionBrowseLeafRelevance":"low"
              },{
                "ConditionBrowseLeafId":"M19079",
                "ConditionBrowseLeafName":"Neuroendocrine Tumors",
                "ConditionBrowseLeafRelevance":"low"
              },{
                "ConditionBrowseLeafId":"M18428",
                "ConditionBrowseLeafName":"Neuroectodermal Tumors",
                "ConditionBrowseLeafRelevance":"low"
              },{
                "ConditionBrowseLeafId":"M18971",
                "ConditionBrowseLeafName":"Neuroectodermal Tumors, Primitive",
                "ConditionBrowseLeafRelevance":"low"
              },{
                "ConditionBrowseLeafId":"M10901",
                "ConditionBrowseLeafName":"Neoplasms, Germ Cell and Embryonal",
                "ConditionBrowseLeafRelevance":"low"
              },{
                "ConditionBrowseLeafId":"M10898",
                "ConditionBrowseLeafName":"Neoplasms by Histologic Type",
                "ConditionBrowseLeafRelevance":"low"
              },{
                "ConditionBrowseLeafId":"M10908",
                "ConditionBrowseLeafName":"Neoplasms, Nerve Tissue",
                "ConditionBrowseLeafRelevance":"low"
              },{
                "ConditionBrowseLeafId":"M11029",
                "ConditionBrowseLeafName":"Nevus",
                "ConditionBrowseLeafRelevance":"low"
              },{
                "ConditionBrowseLeafId":"M11031",
                "ConditionBrowseLeafName":"Nevus, Pigmented",
                "ConditionBrowseLeafRelevance":"low"
              },{
                "ConditionBrowseLeafId":"M19054",
                "ConditionBrowseLeafName":"Nevi and Melanomas",
                "ConditionBrowseLeafRelevance":"low"
              },{
                "ConditionBrowseLeafId":"T3099",
                "ConditionBrowseLeafName":"Intraocular Melanoma",
                "ConditionBrowseLeafAsFound":"Intraocular Melanoma",
                "ConditionBrowseLeafRelevance":"high"
              },{
                "ConditionBrowseLeafId":"T4192",
                "ConditionBrowseLeafName":"Ocular Melanoma",
                "ConditionBrowseLeafRelevance":"low"
              },{
                "ConditionBrowseLeafId":"T4091",
                "ConditionBrowseLeafName":"Neuroendocrine Tumor",
                "ConditionBrowseLeafRelevance":"low"
              },{
                "ConditionBrowseLeafId":"T4092",
                "ConditionBrowseLeafName":"Neuroepithelioma",
                "ConditionBrowseLeafRelevance":"low"
              }
            ]
          },
          "ConditionBrowseBranchList":{
            "ConditionBrowseBranch":[
              {
                "ConditionBrowseBranchAbbrev":"BC04",
                "ConditionBrowseBranchName":"Cancers and Other Neoplasms"
              },{
                "ConditionBrowseBranchAbbrev":"All",
                "ConditionBrowseBranchName":"All Conditions"
              },{
                "ConditionBrowseBranchAbbrev":"BC11",
                "ConditionBrowseBranchName":"Eye Diseases"
              },{
                "ConditionBrowseBranchAbbrev":"Rare",
                "ConditionBrowseBranchName":"Rare Diseases"
              }
            ]
          }
        },
        "InterventionBrowseModule":{
          "InterventionMeshList":{
            "InterventionMesh":[
              {
                "InterventionMeshId":"D000007376",
                "InterventionMeshTerm":"Interleukin-2"
              }
            ]
          },
          "InterventionAncestorList":{
            "InterventionAncestor":[
              {
                "InterventionAncestorId":"D000000970",
                "InterventionAncestorTerm":"Antineoplastic Agents"
              },{
                "InterventionAncestorId":"D000018712",
                "InterventionAncestorTerm":"Analgesics, Non-Narcotic"
              },{
                "InterventionAncestorId":"D000000700",
                "InterventionAncestorTerm":"Analgesics"
              },{
                "InterventionAncestorId":"D000018689",
                "InterventionAncestorTerm":"Sensory System Agents"
              },{
                "InterventionAncestorId":"D000018373",
                "InterventionAncestorTerm":"Peripheral Nervous System Agents"
              },{
                "InterventionAncestorId":"D000045505",
                "InterventionAncestorTerm":"Physiological Effects of Drugs"
              }
            ]
          },
          "InterventionBrowseLeafList":{
            "InterventionBrowseLeaf":[
              {
                "InterventionBrowseLeafId":"M15943",
                "InterventionBrowseLeafName":"Vaccines",
                "InterventionBrowseLeafRelevance":"low"
              },{
                "InterventionBrowseLeafId":"M8994",
                "InterventionBrowseLeafName":"Interleukin-2",
                "InterventionBrowseLeafAsFound":"Cessation",
                "InterventionBrowseLeafRelevance":"high"
              },{
                "InterventionBrowseLeafId":"M2613",
                "InterventionBrowseLeafName":"Analgesics",
                "InterventionBrowseLeafRelevance":"low"
              },{
                "InterventionBrowseLeafId":"M19370",
                "InterventionBrowseLeafName":"Analgesics, Non-Narcotic",
                "InterventionBrowseLeafRelevance":"low"
              }
            ]
          },
          "InterventionBrowseBranchList":{
            "InterventionBrowseBranch":[
              {
                "InterventionBrowseBranchAbbrev":"All",
                "InterventionBrowseBranchName":"All Drugs and Chemicals"
              },{
                "InterventionBrowseBranchAbbrev":"ANeo",
                "InterventionBrowseBranchName":"Antineoplastic Agents"
              },{
                "InterventionBrowseBranchAbbrev":"Analg",
                "InterventionBrowseBranchName":"Analgesics"
              }
            ]
          }
        }
      }
    }
  }
}

