{
  "FullStudy":{
    "Rank":367696,
    "Study":{
      "ProtocolSection":{
        "IdentificationModule":{
          "NCTId":"NCT00027456",
          "OrgStudyIdInfo":{
            "OrgStudyId":"020060"
          },
          "SecondaryIdInfoList":{
            "SecondaryIdInfo":[
              {
                "SecondaryId":"02-DK-0060"
              }
            ]
          },
          "Organization":{
            "OrgFullName":"National Institutes of Health Clinical Center (CC)",
            "OrgClass":"NIH"
          },
          "BriefTitle":"Leptin to Treat Severe Insulin Resistance - Pilot Study",
          "OfficialTitle":"Efficacy of Leptin in Severe Insulin Resistance: A Pilot Study"
        },
        "StatusModule":{
          "StatusVerifiedDate":"December 2002",
          "OverallStatus":"Completed",
          "ExpandedAccessInfo":{
            "HasExpandedAccess":"No"
          },
          "StartDateStruct":{
            "StartDate":"November 2001"
          },
          "CompletionDateStruct":{
            "CompletionDate":"December 2002"
          },
          "StudyFirstSubmitDate":"December 7, 2001",
          "StudyFirstSubmitQCDate":"December 6, 2001",
          "StudyFirstPostDateStruct":{
            "StudyFirstPostDate":"December 7, 2001",
            "StudyFirstPostDateType":"Estimate"
          },
          "LastUpdateSubmitDate":"March 3, 2008",
          "LastUpdatePostDateStruct":{
            "LastUpdatePostDate":"March 4, 2008",
            "LastUpdatePostDateType":"Estimate"
          }
        },
        "SponsorCollaboratorsModule":{
          "LeadSponsor":{
            "LeadSponsorName":"National Institute of Diabetes and Digestive and Kidney Diseases (NIDDK)",
            "LeadSponsorClass":"NIH"
          }
        },
        "OversightModule":{},
        "DescriptionModule":{
          "BriefSummary":"This pilot study will evaluate the safety and effectiveness of leptin therapy in two children with severe insulin resistance syndrome. Patients with this condition often have high blood sugar levels and may have hormone imbalances, a constant feeling of warmth, fertility problems, large appetite, and enlarged liver due to fat accumulation. Leptin is a hormone produced by fat cells. It influences appetite, affects levels of reproductive hormones, and possibly manages how the body reacts to insufficient food. Certain people with severe insulin resistance syndromes have decreased amounts of fat tissue and make little or no leptin.\n\nA 13-year-old male and an 11-year-old female with severe insulin resistance will participate in this study. They will have the following tests and procedures before beginning 4 months of leptin therapy:\n\nInsulin tolerance test - measures blood sugar levels after intravenous (IV) administration of insulin. Blood samples are collected through the IV tube at various intervals during the 1-hour test.\nUltrasound of the liver and, if abnormalities are found, possibly liver biopsies.\nFasting blood tests - to measure blood count, blood lipids, and various hormones and assess liver function.\nResting metabolic rate - to measure the amount of oxygen breathed at rest in order to calculate how many calories are required to maintain resting body functions.\nMagnetic resonance imaging of the liver and other organs, and of muscle and fat.\nPelvic ultrasound in female patient - to detect ovarian cysts.\nEstimation of body fat - measurements of height, weight, waist, hip size, and skin folds over the arms and abdomen to estimate body fat content.\nOral glucose tolerance test - measures blood sugar and insulin levels. The patient drinks a very sweet drink containing glucose (sugar), after which blood samples are collected through an IV tube in an arm vein at various intervals during the 3-hour test.\nIntravenous glucose tolerance test - measures tissue response to insulin and glucose after glucose injection and insulin infusion. Blood is collected over 3 hours to measure insulin and glucose levels.\nAppetite level and food intake - to measure hunger level and caloric intake. Patients are questioned about their hunger level, given a variety of foods they may choose to eat and questioned again at various intervals about hunger level. On another day, patients are given breakfast (usually a milkshake) and when they want to eat again, the appetite level and caloric intake study is repeated.\nHormone function tests - the function of three hormones influenced by leptin (corticotropin-releasing hormone, thyrotropin-releasing hormone and luteinizing hormone-releasing hormone) are assessed. The hormones are injected intravenously and then blood samples are drawn.\nQuestionnaire - patients complete a questionnaire about their activities and how they feel.\n24-hour urine collections - to measure specific hormones, proteins and sugars excreted in the urine.\n\nWhen the above tests are completed, leptin therapy will start. The drug is injected under the skin twice a day for 4 months. Patients will record their symptoms weekly throughout the study. Those with diabetes will measure their blood glucose levels daily before each meal and at bedtime. Follow-up visits at 1, 2 and 4 months after therapy will include a physical examination, blood tests and a meeting with a dietitian. At the 4-month visit, the tests done at the beginning of the study will be repeated.",
          "DetailedDescription":"Over the course of the year, we have observed that recombinant leptin has the potential to act as an insulin-sensitizer in subjects with lipoatrophy and leptin deficiency. The exact mechanisms of this effect are not known. We would like to test whether leptin will work as an insulin-sensitizer in a situation where the mechanism of insulin resistance is known, namely in a situation where there is a known defect on the insulin receptor. This will allow us to learn if leptin can overcome a receptor defect by activating some of the down-stream molecules in insulin signaling cascade.\n\nWe would like to begin exploring this question in two patients with mutations on their insulin receptor, who are in need of improved treatment. In fact, in these two patients, the conventional therapeutic options have not provided adequate control of blood sugar levels. Furthermore, the circulating leptin concentrations in these two patients are lower than the 15th percentile of normal population. Therefore, a strategy to achieve physiological concentrations of leptin hormone using recombinant leptin (A100, recombinant methionyl-human leptin) will be justified.\n\nWe also plan to keep the initial observation period short. Since we have observed insulin-sensitizing effects of leptin in lipoatrophy within 4 months, we will limit the initial treatment period to 4 months. The regime will be similar to the regimen used in lipoatrophic patients. The starting dose will be 50% of replacement dose and this will be incrementally increased to 200% replacement dose within the course of two months. The medication will be administered subcutaneously in two divided doses. Plasma glucose concentrations and HbA1c are designated as primary outcome measures. Data on the effects of leptin hormone on appetite, insulin secretion and sensitivity and other pituitary hormones will also be collected as pilot data. At the end of 4 months, we will make a decision to continue therapy and to broaden the study by opening recruitment to other similar patients."
        },
        "ConditionsModule":{
          "ConditionList":{
            "Condition":[
              "Syndrome"
            ]
          },
          "KeywordList":{
            "Keyword":[
              "Insulin Resistance",
              "Diabetes Mellitus",
              "Adipocytes",
              "Rabson Mendenhall Syndrome",
              "Leprechaunism",
              "Leptin"
            ]
          }
        },
        "DesignModule":{
          "StudyType":"Interventional",
          "PhaseList":{
            "Phase":[
              "Phase 2"
            ]
          },
          "DesignInfo":{
            "DesignPrimaryPurpose":"Treatment"
          },
          "EnrollmentInfo":{
            "EnrollmentCount":"2"
          }
        },
        "ArmsInterventionsModule":{
          "InterventionList":{
            "Intervention":[
              {
                "InterventionType":"Drug",
                "InterventionName":"Leptin A-100"
              }
            ]
          }
        },
        "EligibilityModule":{
          "EligibilityCriteria":"INCLUSION CRITERIA:\n\nThis pilot study will be limited to two minor subjects with the exceptionally rare Rabson-Mendenhall syndrome that were already enrolled in studies of extreme insulin resistance at the NIH.",
          "HealthyVolunteers":"No",
          "Gender":"All",
          "StdAgeList":{
            "StdAge":[
              "Child",
              "Adult",
              "Older Adult"
            ]
          }
        },
        "ContactsLocationsModule":{
          "LocationList":{
            "Location":[
              {
                "LocationFacility":"National Institute of Diabetes and Digestive and Kidney Diseases (NIDDK)",
                "LocationCity":"Bethesda",
                "LocationState":"Maryland",
                "LocationZip":"20892",
                "LocationCountry":"United States"
              }
            ]
          }
        },
        "ReferencesModule":{
          "ReferenceList":{
            "Reference":[
              {
                "ReferencePMID":"8581072",
                "ReferenceType":"background",
                "ReferenceCitation":"Scheen AJ, Paquot N, Letiexhe MR, Paolisso G, Castillo MJ, Lefèbvre PJ. Glucose metabolism in obese subjects: lessons from OGTT, IVGTT and clamp studies. Int J Obes Relat Metab Disord. 1995 Sep;19 Suppl 3:S14-20. Review."
              }
            ]
          }
        }
      },
      "DerivedSection":{
        "MiscInfoModule":{
          "VersionHolder":"April 19, 2021"
        },
        "ConditionBrowseModule":{
          "ConditionMeshList":{
            "ConditionMesh":[
              {
                "ConditionMeshId":"D000007333",
                "ConditionMeshTerm":"Insulin Resistance"
              }
            ]
          },
          "ConditionAncestorList":{
            "ConditionAncestor":[
              {
                "ConditionAncestorId":"D000006946",
                "ConditionAncestorTerm":"Hyperinsulinism"
              },{
                "ConditionAncestorId":"D000044882",
                "ConditionAncestorTerm":"Glucose Metabolism Disorders"
              },{
                "ConditionAncestorId":"D000008659",
                "ConditionAncestorTerm":"Metabolic Diseases"
              }
            ]
          },
          "ConditionBrowseLeafList":{
            "ConditionBrowseLeaf":[
              {
                "ConditionBrowseLeafId":"M5698",
                "ConditionBrowseLeafName":"Diabetes Mellitus",
                "ConditionBrowseLeafRelevance":"low"
              },{
                "ConditionBrowseLeafId":"M14938",
                "ConditionBrowseLeafName":"Syndrome",
                "ConditionBrowseLeafRelevance":"low"
              },{
                "ConditionBrowseLeafId":"M8953",
                "ConditionBrowseLeafName":"Insulin Resistance",
                "ConditionBrowseLeafAsFound":"Insulin Resistance",
                "ConditionBrowseLeafRelevance":"high"
              },{
                "ConditionBrowseLeafId":"M8580",
                "ConditionBrowseLeafName":"Hyperinsulinism",
                "ConditionBrowseLeafRelevance":"low"
              },{
                "ConditionBrowseLeafId":"M10222",
                "ConditionBrowseLeafName":"Metabolic Diseases",
                "ConditionBrowseLeafRelevance":"low"
              },{
                "ConditionBrowseLeafId":"M23990",
                "ConditionBrowseLeafName":"Glucose Metabolism Disorders",
                "ConditionBrowseLeafRelevance":"low"
              }
            ]
          },
          "ConditionBrowseBranchList":{
            "ConditionBrowseBranch":[
              {
                "ConditionBrowseBranchAbbrev":"BC18",
                "ConditionBrowseBranchName":"Nutritional and Metabolic Diseases"
              },{
                "ConditionBrowseBranchAbbrev":"BC19",
                "ConditionBrowseBranchName":"Gland and Hormone Related Diseases"
              },{
                "ConditionBrowseBranchAbbrev":"All",
                "ConditionBrowseBranchName":"All Conditions"
              },{
                "ConditionBrowseBranchAbbrev":"BC23",
                "ConditionBrowseBranchName":"Symptoms and General Pathology"
              }
            ]
          }
        },
        "InterventionBrowseModule":{
          "InterventionBrowseLeafList":{
            "InterventionBrowseLeaf":[
              {
                "InterventionBrowseLeafId":"M8948",
                "InterventionBrowseLeafName":"Insulin",
                "InterventionBrowseLeafRelevance":"low"
              },{
                "InterventionBrowseLeafId":"M178017",
                "InterventionBrowseLeafName":"Insulin, Globin Zinc",
                "InterventionBrowseLeafRelevance":"low"
              }
            ]
          },
          "InterventionBrowseBranchList":{
            "InterventionBrowseBranch":[
              {
                "InterventionBrowseBranchAbbrev":"Hypo",
                "InterventionBrowseBranchName":"Hypoglycemic Agents"
              },{
                "InterventionBrowseBranchAbbrev":"All",
                "InterventionBrowseBranchName":"All Drugs and Chemicals"
              }
            ]
          }
        }
      }
    }
  }
}

