{
  "FullStudy":{
    "Rank":368124,
    "Study":{
      "ProtocolSection":{
        "IdentificationModule":{
          "NCTId":"NCT00021346",
          "OrgStudyIdInfo":{
            "OrgStudyId":"CDR0000068771"
          },
          "SecondaryIdInfoList":{
            "SecondaryIdInfo":[
              {
                "SecondaryId":"P30CA006927",
                "SecondaryIdType":"U.S. NIH Grant/Contract",
                "SecondaryIdLink":"https://projectreporter.nih.gov/reporterapi.cfm?PROJECTNUM=P30CA006927&Fy=all"
              },{
                "SecondaryId":"FCCC-97028"
              },{
                "SecondaryId":"NCI-G01-1984"
              }
            ]
          },
          "Organization":{
            "OrgFullName":"Fox Chase Cancer Center",
            "OrgClass":"OTHER"
          },
          "BriefTitle":"Carboplatin and Gemcitabine in Treating Patients With Advanced Solid Tumors",
          "OfficialTitle":"Phase I Evaluation Of Carboplatin And Gemcitabine"
        },
        "StatusModule":{
          "StatusVerifiedDate":"April 2013",
          "OverallStatus":"Completed",
          "ExpandedAccessInfo":{
            "HasExpandedAccess":"No"
          },
          "StartDateStruct":{
            "StartDate":"November 1997"
          },
          "PrimaryCompletionDateStruct":{
            "PrimaryCompletionDate":"July 2001",
            "PrimaryCompletionDateType":"Actual"
          },
          "CompletionDateStruct":{
            "CompletionDate":"March 2002",
            "CompletionDateType":"Actual"
          },
          "StudyFirstSubmitDate":"July 11, 2001",
          "StudyFirstSubmitQCDate":"April 21, 2004",
          "StudyFirstPostDateStruct":{
            "StudyFirstPostDate":"April 22, 2004",
            "StudyFirstPostDateType":"Estimate"
          },
          "LastUpdateSubmitDate":"April 16, 2013",
          "LastUpdatePostDateStruct":{
            "LastUpdatePostDate":"April 17, 2013",
            "LastUpdatePostDateType":"Estimate"
          }
        },
        "SponsorCollaboratorsModule":{
          "LeadSponsor":{
            "LeadSponsorName":"Fox Chase Cancer Center",
            "LeadSponsorClass":"OTHER"
          },
          "CollaboratorList":{
            "Collaborator":[
              {
                "CollaboratorName":"National Cancer Institute (NCI)",
                "CollaboratorClass":"NIH"
              }
            ]
          }
        },
        "OversightModule":{},
        "DescriptionModule":{
          "BriefSummary":"RATIONALE: Drugs used in chemotherapy use different ways to stop tumor cells from dividing so they stop growing or die. Combining more than one drug may kill more tumor cells.\n\nPURPOSE: Phase I trial to study the effectiveness of combining carboplatin and gemcitabine in treating patients who have advanced solid tumors.",
          "DetailedDescription":"OBJECTIVES: I. Determine the maximum tolerated dose of gemcitabine and carboplatin in patients with advanced solid tumors. II. Determine the dose-limiting toxic effects of this regimen in these patients. III. Evaluate the pharmacokinetics and pharmacodynamics of this regimen in these patients. IV. Determine the observed responses in these patients receiving this regimen.\n\nOUTLINE: This is a dose-escalation study of gemcitabine. Patients are stratified according to prior therapy (no prior chemotherapy and/or prior radiotherapy to less than 20% of bone marrow vs prior chemotherapy and/or prior radiotherapy to at least 20% of bone marrow). Patients receive carboplatin IV over 30 minutes on day 1 and gemcitabine IV over 30 minutes on days 1 and 8. Treatment repeats every 21 days in the absence of disease progression or unacceptable toxicity. Cohorts of 1-3 patients receive escalating doses of gemcitabine until the maximum tolerated dose (MTD) is determined. The MTD is defined as the dose preceding that at which 2 of 3 patients experience dose-limiting toxicity. Patients are followed for survival.\n\nPROJECTED ACCRUAL: A maximum of 18 patients (9 per stratum) will be accrued for this study."
        },
        "ConditionsModule":{
          "ConditionList":{
            "Condition":[
              "Unspecified Adult Solid Tumor, Protocol Specific"
            ]
          },
          "KeywordList":{
            "Keyword":[
              "unspecified adult solid tumor, protocol specific"
            ]
          }
        },
        "DesignModule":{
          "StudyType":"Interventional",
          "PhaseList":{
            "Phase":[
              "Phase 1"
            ]
          },
          "DesignInfo":{
            "DesignPrimaryPurpose":"Treatment"
          },
          "EnrollmentInfo":{
            "EnrollmentCount":"8",
            "EnrollmentType":"Actual"
          }
        },
        "ArmsInterventionsModule":{
          "InterventionList":{
            "Intervention":[
              {
                "InterventionType":"Drug",
                "InterventionName":"carboplatin"
              },{
                "InterventionType":"Drug",
                "InterventionName":"gemcitabine hydrochloride"
              }
            ]
          }
        },
        "EligibilityModule":{
          "EligibilityCriteria":"DISEASE CHARACTERISTICS: Histologically confirmed advanced solid tumor for which no standard therapy exists No untreated brain metastases with evidence of neurologic deterioration or CNS progression\n\nPATIENT CHARACTERISTICS: Age: 18 and over Performance status: ECOG 0-1 Life expectancy: More than 3 months Hematopoietic: Absolute neutrophil count at least 2,000/mm3 Platelet count at least 100,000/mm3 Hepatic: Bilirubin no greater than 1.5 mg/dL SGOT no greater than 5 times upper limit of normal Renal: Creatinine no greater than 1.5 mg/dL Other: No serious concurrent infection No other serious concurrent medical illness that would preclude study Not pregnant or nursing Negative pregnancy test Fertile patients must use effective contraception during and for at least 3 months after study\n\nPRIOR CONCURRENT THERAPY: Biologic therapy: Not specified Chemotherapy: No more than 2 prior systemic chemotherapy regimens for advanced disease Prior adjuvant or induction therapy for initial disease allowed At least 4 weeks since prior chemotherapy (6 weeks for nitrosoureas, mitomycin, or melphalan) No prior combination carboplatin and gemcitabine Endocrine therapy: Not specified Radiotherapy: No prior radiotherapy to more than 30% of bone marrow At least 4 weeks since prior radiotherapy Surgery: Not specified",
          "HealthyVolunteers":"No",
          "Gender":"All",
          "MinimumAge":"18 Years",
          "StdAgeList":{
            "StdAge":[
              "Adult",
              "Older Adult"
            ]
          }
        },
        "ContactsLocationsModule":{
          "OverallOfficialList":{
            "OverallOfficial":[
              {
                "OverallOfficialName":"Corey J. Langer, MD",
                "OverallOfficialAffiliation":"Fox Chase Cancer Center",
                "OverallOfficialRole":"Study Chair"
              }
            ]
          },
          "LocationList":{
            "Location":[
              {
                "LocationFacility":"Fox Chase Cancer Center",
                "LocationCity":"Philadelphia",
                "LocationState":"Pennsylvania",
                "LocationZip":"19111",
                "LocationCountry":"United States"
              }
            ]
          }
        }
      },
      "DerivedSection":{
        "MiscInfoModule":{
          "VersionHolder":"April 19, 2021"
        },
        "InterventionBrowseModule":{
          "InterventionMeshList":{
            "InterventionMesh":[
              {
                "InterventionMeshId":"C000056507",
                "InterventionMeshTerm":"Gemcitabine"
              },{
                "InterventionMeshId":"D000016190",
                "InterventionMeshTerm":"Carboplatin"
              }
            ]
          },
          "InterventionAncestorList":{
            "InterventionAncestor":[
              {
                "InterventionAncestorId":"D000000970",
                "InterventionAncestorTerm":"Antineoplastic Agents"
              },{
                "InterventionAncestorId":"D000000964",
                "InterventionAncestorTerm":"Antimetabolites, Antineoplastic"
              },{
                "InterventionAncestorId":"D000000963",
                "InterventionAncestorTerm":"Antimetabolites"
              },{
                "InterventionAncestorId":"D000045504",
                "InterventionAncestorTerm":"Molecular Mechanisms of Pharmacological Action"
              },{
                "InterventionAncestorId":"D000000998",
                "InterventionAncestorTerm":"Antiviral Agents"
              },{
                "InterventionAncestorId":"D000000890",
                "InterventionAncestorTerm":"Anti-Infective Agents"
              },{
                "InterventionAncestorId":"D000004791",
                "InterventionAncestorTerm":"Enzyme Inhibitors"
              },{
                "InterventionAncestorId":"D000007166",
                "InterventionAncestorTerm":"Immunosuppressive Agents"
              },{
                "InterventionAncestorId":"D000007155",
                "InterventionAncestorTerm":"Immunologic Factors"
              },{
                "InterventionAncestorId":"D000045505",
                "InterventionAncestorTerm":"Physiological Effects of Drugs"
              }
            ]
          },
          "InterventionBrowseLeafList":{
            "InterventionBrowseLeaf":[
              {
                "InterventionBrowseLeafId":"M17233",
                "InterventionBrowseLeafName":"Carboplatin",
                "InterventionBrowseLeafAsFound":"Over",
                "InterventionBrowseLeafRelevance":"high"
              },{
                "InterventionBrowseLeafId":"M223958",
                "InterventionBrowseLeafName":"Gemcitabine",
                "InterventionBrowseLeafAsFound":"Treat",
                "InterventionBrowseLeafRelevance":"high"
              },{
                "InterventionBrowseLeafId":"M2862",
                "InterventionBrowseLeafName":"Antimetabolites",
                "InterventionBrowseLeafRelevance":"low"
              },{
                "InterventionBrowseLeafId":"M2895",
                "InterventionBrowseLeafName":"Antiviral Agents",
                "InterventionBrowseLeafRelevance":"low"
              },{
                "InterventionBrowseLeafId":"M2795",
                "InterventionBrowseLeafName":"Anti-Infective Agents",
                "InterventionBrowseLeafRelevance":"low"
              },{
                "InterventionBrowseLeafId":"M8795",
                "InterventionBrowseLeafName":"Immunosuppressive Agents",
                "InterventionBrowseLeafRelevance":"low"
              },{
                "InterventionBrowseLeafId":"M8784",
                "InterventionBrowseLeafName":"Immunologic Factors",
                "InterventionBrowseLeafRelevance":"low"
              }
            ]
          },
          "InterventionBrowseBranchList":{
            "InterventionBrowseBranch":[
              {
                "InterventionBrowseBranchAbbrev":"ANeo",
                "InterventionBrowseBranchName":"Antineoplastic Agents"
              },{
                "InterventionBrowseBranchAbbrev":"All",
                "InterventionBrowseBranchName":"All Drugs and Chemicals"
              },{
                "InterventionBrowseBranchAbbrev":"Infe",
                "InterventionBrowseBranchName":"Anti-Infective Agents"
              }
            ]
          }
        }
      }
    }
  }
}

