{
  "FullStudy":{
    "Rank":367853,
    "Study":{
      "ProtocolSection":{
        "IdentificationModule":{
          "NCTId":"NCT00025285",
          "OrgStudyIdInfo":{
            "OrgStudyId":"REBACDR0000068946"
          },
          "SecondaryIdInfoList":{
            "SecondaryIdInfo":[
              {
                "SecondaryId":"CCCWFU-62400"
              },{
                "SecondaryId":"NCI-5293"
              }
            ]
          },
          "Organization":{
            "OrgFullName":"Wake Forest University Health Sciences",
            "OrgClass":"OTHER"
          },
          "BriefTitle":"Combination Chemotherapy Plus Thalidomide in Treating Patients With Stage IIIB or Stage IV Non-Small Cell Lung Cancer",
          "OfficialTitle":"Phase II Study of Carboplatin, Irinotecan, and Thalidomide in Patients With Advanced Non-Small Cell Lung Cancer"
        },
        "StatusModule":{
          "StatusVerifiedDate":"August 2009",
          "OverallStatus":"Completed",
          "ExpandedAccessInfo":{
            "HasExpandedAccess":"No"
          },
          "StartDateStruct":{
            "StartDate":"November 2001",
            "StartDateType":"Actual"
          },
          "PrimaryCompletionDateStruct":{
            "PrimaryCompletionDate":"September 29, 2004",
            "PrimaryCompletionDateType":"Actual"
          },
          "CompletionDateStruct":{
            "CompletionDate":"September 29, 2004",
            "CompletionDateType":"Actual"
          },
          "StudyFirstSubmitDate":"October 11, 2001",
          "StudyFirstSubmitQCDate":"January 26, 2003",
          "StudyFirstPostDateStruct":{
            "StudyFirstPostDate":"January 27, 2003",
            "StudyFirstPostDateType":"Estimate"
          },
          "LastUpdateSubmitDate":"April 17, 2017",
          "LastUpdatePostDateStruct":{
            "LastUpdatePostDate":"April 19, 2017",
            "LastUpdatePostDateType":"Actual"
          }
        },
        "SponsorCollaboratorsModule":{
          "ResponsibleParty":{
            "ResponsiblePartyType":"Sponsor"
          },
          "LeadSponsor":{
            "LeadSponsorName":"Wake Forest University Health Sciences",
            "LeadSponsorClass":"OTHER"
          },
          "CollaboratorList":{
            "Collaborator":[
              {
                "CollaboratorName":"National Cancer Institute (NCI)",
                "CollaboratorClass":"NIH"
              }
            ]
          }
        },
        "OversightModule":{},
        "DescriptionModule":{
          "BriefSummary":"RATIONALE: Thalidomide may stop the growth of cancer by stopping blood flow to the tumor. Combining thalidomide with chemotherapy may kill more tumor cells and be an effective treatment for stage IIIB or stage IV non-small cell lung cancer.\n\nPURPOSE: Phase II trial to study the effectiveness of combination chemotherapy plus thalidomide in treating patients who have stage IIIB or stage IV non-small cell lung cancer.",
          "DetailedDescription":"OBJECTIVES:\n\nDetermine the response rate and duration of response in patients with stage IIIB or IV non-small cell lung cancer treated with carboplatin, irinotecan, and thalidomide.\nDetermine the progression-free and overall survival of patients treated with this regimen.\nEvaluate the toxicity profile of this regimen in these patients.\n\nOUTLINE: Patients receive carboplatin IV over 30 minutes on day 1 and irinotecan IV over 90 minutes on days 1 and 8. Courses repeat every 21 days in the absence of disease progression or unacceptable toxicity. Patients with stable or responsive disease receive up to 6 courses of therapy. Patients also receive oral thalidomide once daily beginning on day 1 and continuing until disease progression.\n\nPatients are followed every 3 months until disease progression and then every 6 months thereafter.\n\nPROJECTED ACCRUAL: A total of 39-70 patients will be accrued for this study within 14 months."
        },
        "ConditionsModule":{
          "ConditionList":{
            "Condition":[
              "Lung Cancer"
            ]
          },
          "KeywordList":{
            "Keyword":[
              "squamous cell lung cancer",
              "large cell lung cancer",
              "stage IIIB non-small cell lung cancer",
              "stage IV non-small cell lung cancer",
              "adenocarcinoma of the lung",
              "adenosquamous cell lung cancer",
              "bronchoalveolar cell lung cancer"
            ]
          }
        },
        "DesignModule":{
          "StudyType":"Interventional",
          "PhaseList":{
            "Phase":[
              "Phase 2"
            ]
          },
          "DesignInfo":{
            "DesignPrimaryPurpose":"Treatment"
          },
          "EnrollmentInfo":{
            "EnrollmentCount":"46",
            "EnrollmentType":"Actual"
          }
        },
        "ArmsInterventionsModule":{
          "InterventionList":{
            "Intervention":[
              {
                "InterventionType":"Drug",
                "InterventionName":"carboplatin"
              },{
                "InterventionType":"Drug",
                "InterventionName":"irinotecan hydrochloride"
              },{
                "InterventionType":"Drug",
                "InterventionName":"thalidomide"
              }
            ]
          }
        },
        "EligibilityModule":{
          "EligibilityCriteria":"DISEASE CHARACTERISTICS:\n\nHistologically or cytologically confirmed stage IIIB (malignant pleural effusion) or stage IV non-small cell lung cancer\n\nSquamous cell carcinoma\nBasaloid carcinoma\nAdenocarcinoma\nBronchoalveolar carcinoma\nAdenosquamous carcinoma\nLarge cell carcinoma\nLarge cell neuroendocrine carcinoma\nGiant cell carcinoma\nSarcomatoid carcinoma\nNon-small cell carcinoma not otherwise specified\n\nMeasurable disease\n\nAt least 1 unidimensionally measurable lesion\n\nAt least 20 mm by conventional techniques OR\nAt least 10 mm by spiral CT scan\n\nThe following lesions are considered nonmeasurable:\n\nBone lesions\nLeptomeningeal disease\nAscites\nPleural or pericardial effusions\nAbdominal masses unconfirmed by imaging techniques\nCystic lesions\nPreviously irradiated brain metastases\n\nPATIENT CHARACTERISTICS:\n\nAge:\n\n18 and over\n\nPerformance status:\n\nECOG 0-1\n\nLife expectancy:\n\nNot specified\n\nHematopoietic:\n\nAbsolute neutrophil count at least 1,500/mm3\nPlatelet count at least 100,000/mm3\n\nHepatic:\n\nBilirubin no greater than 1.5 mg/dL\n\nRenal:\n\nCreatinine no greater than 1.5 mg/dL\n\nOther:\n\nNot pregnant or nursing\nNegative pregnancy test\nFertile patients must use 2 methods of effective contraception 4 weeks prior to, during, and for at least 4 weeks after thalidomide\nNo prior seizures\nNo other concurrent or prior malignancy within the past 5 years except inactive nonmelanoma skin cancer or carcinoma in situ of the cervix\nNo other serious medical or psychiatric illness that would preclude study\n\nPRIOR CONCURRENT THERAPY:\n\nBiologic therapy:\n\nNot specified\n\nChemotherapy:\n\nNo prior chemotherapy\nNo other concurrent chemotherapy\n\nEndocrine therapy:\n\nNo concurrent hormonal therapy except steroids for adrenal failure, hormones for non-cancer-related conditions (e.g., insulin for diabetes) or intermittent dexamethasone as an antiemetic\n\nRadiotherapy:\n\nPrior radiotherapy for brain metastasis allowed if neurologically stable and off steroids\nNo concurrent palliative radiotherapy\n\nSurgery:\n\nNot specified",
          "HealthyVolunteers":"No",
          "Gender":"All",
          "MinimumAge":"18 Years",
          "MaximumAge":"120 Years",
          "StdAgeList":{
            "StdAge":[
              "Adult",
              "Older Adult"
            ]
          }
        },
        "ContactsLocationsModule":{
          "OverallOfficialList":{
            "OverallOfficial":[
              {
                "OverallOfficialName":"Antonius A. Miller, MD",
                "OverallOfficialAffiliation":"Wake Forest University Health Sciences",
                "OverallOfficialRole":"Principal Investigator"
              },{
                "OverallOfficialName":"James N. Atkins, MD",
                "OverallOfficialAffiliation":"Southeastern Medical Oncology Center - Goldsboro",
                "OverallOfficialRole":"Principal Investigator"
              }
            ]
          },
          "LocationList":{
            "Location":[
              {
                "LocationFacility":"CCOP - Central Illinois",
                "LocationCity":"Decatur",
                "LocationState":"Illinois",
                "LocationZip":"62526",
                "LocationCountry":"United States"
              },{
                "LocationFacility":"Southeastern Medical Oncology Center",
                "LocationCity":"Goldsboro",
                "LocationState":"North Carolina",
                "LocationZip":"27534-9479",
                "LocationCountry":"United States"
              },{
                "LocationFacility":"Comprehensive Cancer Center at Wake Forest University",
                "LocationCity":"Winston-Salem",
                "LocationState":"North Carolina",
                "LocationZip":"27157-1082",
                "LocationCountry":"United States"
              },{
                "LocationFacility":"CCOP - Greenville",
                "LocationCity":"Greenville",
                "LocationState":"South Carolina",
                "LocationZip":"29615",
                "LocationCountry":"United States"
              },{
                "LocationFacility":"CCOP - Upstate Carolina",
                "LocationCity":"Spartanburg",
                "LocationState":"South Carolina",
                "LocationZip":"29303",
                "LocationCountry":"United States"
              }
            ]
          }
        }
      },
      "DerivedSection":{
        "MiscInfoModule":{
          "VersionHolder":"April 19, 2021"
        },
        "ConditionBrowseModule":{
          "ConditionMeshList":{
            "ConditionMesh":[
              {
                "ConditionMeshId":"D000008175",
                "ConditionMeshTerm":"Lung Neoplasms"
              },{
                "ConditionMeshId":"D000002289",
                "ConditionMeshTerm":"Carcinoma, Non-Small-Cell Lung"
              }
            ]
          },
          "ConditionAncestorList":{
            "ConditionAncestor":[
              {
                "ConditionAncestorId":"D000012142",
                "ConditionAncestorTerm":"Respiratory Tract Neoplasms"
              },{
                "ConditionAncestorId":"D000013899",
                "ConditionAncestorTerm":"Thoracic Neoplasms"
              },{
                "ConditionAncestorId":"D000009371",
                "ConditionAncestorTerm":"Neoplasms by Site"
              },{
                "ConditionAncestorId":"D000009369",
                "ConditionAncestorTerm":"Neoplasms"
              },{
                "ConditionAncestorId":"D000008171",
                "ConditionAncestorTerm":"Lung Diseases"
              },{
                "ConditionAncestorId":"D000012140",
                "ConditionAncestorTerm":"Respiratory Tract Diseases"
              },{
                "ConditionAncestorId":"D000002283",
                "ConditionAncestorTerm":"Carcinoma, Bronchogenic"
              },{
                "ConditionAncestorId":"D000001984",
                "ConditionAncestorTerm":"Bronchial Neoplasms"
              }
            ]
          },
          "ConditionBrowseLeafList":{
            "ConditionBrowseLeaf":[
              {
                "ConditionBrowseLeafId":"M9755",
                "ConditionBrowseLeafName":"Lung Neoplasms",
                "ConditionBrowseLeafAsFound":"Lung Cancer",
                "ConditionBrowseLeafRelevance":"high"
              },{
                "ConditionBrowseLeafId":"M4128",
                "ConditionBrowseLeafName":"Carcinoma, Non-Small-Cell Lung",
                "ConditionBrowseLeafAsFound":"Non-Small Cell Lung Cancer",
                "ConditionBrowseLeafRelevance":"high"
              },{
                "ConditionBrowseLeafId":"M2166",
                "ConditionBrowseLeafName":"Adenocarcinoma",
                "ConditionBrowseLeafRelevance":"low"
              },{
                "ConditionBrowseLeafId":"M1687",
                "ConditionBrowseLeafName":"Adenocarcinoma of Lung",
                "ConditionBrowseLeafRelevance":"low"
              },{
                "ConditionBrowseLeafId":"M4121",
                "ConditionBrowseLeafName":"Adenocarcinoma, Bronchiolo-Alveolar",
                "ConditionBrowseLeafRelevance":"low"
              },{
                "ConditionBrowseLeafId":"M4116",
                "ConditionBrowseLeafName":"Carcinoma",
                "ConditionBrowseLeafRelevance":"low"
              },{
                "ConditionBrowseLeafId":"M13562",
                "ConditionBrowseLeafName":"Respiratory Tract Neoplasms",
                "ConditionBrowseLeafRelevance":"low"
              },{
                "ConditionBrowseLeafId":"M15241",
                "ConditionBrowseLeafName":"Thoracic Neoplasms",
                "ConditionBrowseLeafRelevance":"low"
              },{
                "ConditionBrowseLeafId":"M9751",
                "ConditionBrowseLeafName":"Lung Diseases",
                "ConditionBrowseLeafRelevance":"low"
              },{
                "ConditionBrowseLeafId":"M13560",
                "ConditionBrowseLeafName":"Respiratory Tract Diseases",
                "ConditionBrowseLeafRelevance":"low"
              },{
                "ConditionBrowseLeafId":"M4122",
                "ConditionBrowseLeafName":"Carcinoma, Bronchogenic",
                "ConditionBrowseLeafRelevance":"low"
              },{
                "ConditionBrowseLeafId":"M3842",
                "ConditionBrowseLeafName":"Bronchial Neoplasms",
                "ConditionBrowseLeafRelevance":"low"
              },{
                "ConditionBrowseLeafId":"T3520",
                "ConditionBrowseLeafName":"Lung Adenocarcinoma",
                "ConditionBrowseLeafRelevance":"low"
              }
            ]
          },
          "ConditionBrowseBranchList":{
            "ConditionBrowseBranch":[
              {
                "ConditionBrowseBranchAbbrev":"BC04",
                "ConditionBrowseBranchName":"Cancers and Other Neoplasms"
              },{
                "ConditionBrowseBranchAbbrev":"BC08",
                "ConditionBrowseBranchName":"Respiratory Tract (Lung and Bronchial) Diseases"
              },{
                "ConditionBrowseBranchAbbrev":"All",
                "ConditionBrowseBranchName":"All Conditions"
              },{
                "ConditionBrowseBranchAbbrev":"Rare",
                "ConditionBrowseBranchName":"Rare Diseases"
              }
            ]
          }
        },
        "InterventionBrowseModule":{
          "InterventionMeshList":{
            "InterventionMesh":[
              {
                "InterventionMeshId":"D000013792",
                "InterventionMeshTerm":"Thalidomide"
              },{
                "InterventionMeshId":"D000016190",
                "InterventionMeshTerm":"Carboplatin"
              },{
                "InterventionMeshId":"D000077146",
                "InterventionMeshTerm":"Irinotecan"
              }
            ]
          },
          "InterventionAncestorList":{
            "InterventionAncestor":[
              {
                "InterventionAncestorId":"D000000970",
                "InterventionAncestorTerm":"Antineoplastic Agents"
              },{
                "InterventionAncestorId":"D000059004",
                "InterventionAncestorTerm":"Topoisomerase I Inhibitors"
              },{
                "InterventionAncestorId":"D000059003",
                "InterventionAncestorTerm":"Topoisomerase Inhibitors"
              },{
                "InterventionAncestorId":"D000004791",
                "InterventionAncestorTerm":"Enzyme Inhibitors"
              },{
                "InterventionAncestorId":"D000045504",
                "InterventionAncestorTerm":"Molecular Mechanisms of Pharmacological Action"
              },{
                "InterventionAncestorId":"D000007166",
                "InterventionAncestorTerm":"Immunosuppressive Agents"
              },{
                "InterventionAncestorId":"D000007155",
                "InterventionAncestorTerm":"Immunologic Factors"
              },{
                "InterventionAncestorId":"D000045505",
                "InterventionAncestorTerm":"Physiological Effects of Drugs"
              },{
                "InterventionAncestorId":"D000007917",
                "InterventionAncestorTerm":"Leprostatic Agents"
              },{
                "InterventionAncestorId":"D000000900",
                "InterventionAncestorTerm":"Anti-Bacterial Agents"
              },{
                "InterventionAncestorId":"D000000890",
                "InterventionAncestorTerm":"Anti-Infective Agents"
              },{
                "InterventionAncestorId":"D000020533",
                "InterventionAncestorTerm":"Angiogenesis Inhibitors"
              },{
                "InterventionAncestorId":"D000043924",
                "InterventionAncestorTerm":"Angiogenesis Modulating Agents"
              },{
                "InterventionAncestorId":"D000006133",
                "InterventionAncestorTerm":"Growth Substances"
              },{
                "InterventionAncestorId":"D000006131",
                "InterventionAncestorTerm":"Growth Inhibitors"
              }
            ]
          },
          "InterventionBrowseLeafList":{
            "InterventionBrowseLeaf":[
              {
                "InterventionBrowseLeafId":"M17233",
                "InterventionBrowseLeafName":"Carboplatin",
                "InterventionBrowseLeafAsFound":"Over",
                "InterventionBrowseLeafRelevance":"high"
              },{
                "InterventionBrowseLeafId":"M1671",
                "InterventionBrowseLeafName":"Irinotecan",
                "InterventionBrowseLeafAsFound":"Route",
                "InterventionBrowseLeafRelevance":"high"
              },{
                "InterventionBrowseLeafId":"M15142",
                "InterventionBrowseLeafName":"Thalidomide",
                "InterventionBrowseLeafAsFound":"Kg/day",
                "InterventionBrowseLeafRelevance":"high"
              },{
                "InterventionBrowseLeafId":"M27936",
                "InterventionBrowseLeafName":"Topoisomerase I Inhibitors",
                "InterventionBrowseLeafRelevance":"low"
              },{
                "InterventionBrowseLeafId":"M8795",
                "InterventionBrowseLeafName":"Immunosuppressive Agents",
                "InterventionBrowseLeafRelevance":"low"
              },{
                "InterventionBrowseLeafId":"M8784",
                "InterventionBrowseLeafName":"Immunologic Factors",
                "InterventionBrowseLeafRelevance":"low"
              },{
                "InterventionBrowseLeafId":"M2803",
                "InterventionBrowseLeafName":"Anti-Bacterial Agents",
                "InterventionBrowseLeafRelevance":"low"
              },{
                "InterventionBrowseLeafId":"M2795",
                "InterventionBrowseLeafName":"Anti-Infective Agents",
                "InterventionBrowseLeafRelevance":"low"
              },{
                "InterventionBrowseLeafId":"M20902",
                "InterventionBrowseLeafName":"Angiogenesis Inhibitors",
                "InterventionBrowseLeafRelevance":"low"
              }
            ]
          },
          "InterventionBrowseBranchList":{
            "InterventionBrowseBranch":[
              {
                "InterventionBrowseBranchAbbrev":"ANeo",
                "InterventionBrowseBranchName":"Antineoplastic Agents"
              },{
                "InterventionBrowseBranchAbbrev":"All",
                "InterventionBrowseBranchName":"All Drugs and Chemicals"
              },{
                "InterventionBrowseBranchAbbrev":"Infe",
                "InterventionBrowseBranchName":"Anti-Infective Agents"
              }
            ]
          }
        }
      }
    }
  }
}

