{
  "FullStudy":{
    "Rank":368102,
    "Study":{
      "ProtocolSection":{
        "IdentificationModule":{
          "NCTId":"NCT00021710",
          "OrgStudyIdInfo":{
            "OrgStudyId":"010220"
          },
          "SecondaryIdInfoList":{
            "SecondaryIdInfo":[
              {
                "SecondaryId":"01-N-0220"
              }
            ]
          },
          "Organization":{
            "OrgFullName":"National Institutes of Health Clinical Center (CC)",
            "OrgClass":"NIH"
          },
          "BriefTitle":"Motor Learning in Stroke Patients and Healthy Volunteers",
          "OfficialTitle":"Motor Learning: Behavioral and Physiologic Studies in Normal Volunteers and Stroke Patients"
        },
        "StatusModule":{
          "StatusVerifiedDate":"June 2005",
          "OverallStatus":"Completed",
          "ExpandedAccessInfo":{
            "HasExpandedAccess":"No"
          },
          "StartDateStruct":{
            "StartDate":"July 2001"
          },
          "CompletionDateStruct":{
            "CompletionDate":"June 2005"
          },
          "StudyFirstSubmitDate":"August 2, 2001",
          "StudyFirstSubmitQCDate":"August 2, 2001",
          "StudyFirstPostDateStruct":{
            "StudyFirstPostDate":"August 3, 2001",
            "StudyFirstPostDateType":"Estimate"
          },
          "LastUpdateSubmitDate":"March 3, 2008",
          "LastUpdatePostDateStruct":{
            "LastUpdatePostDate":"March 4, 2008",
            "LastUpdatePostDateType":"Estimate"
          }
        },
        "SponsorCollaboratorsModule":{
          "LeadSponsor":{
            "LeadSponsorName":"National Institute of Neurological Disorders and Stroke (NINDS)",
            "LeadSponsorClass":"NIH"
          }
        },
        "OversightModule":{},
        "DescriptionModule":{
          "BriefSummary":"This study will try to elucidate learning processes associated with motor training in the weak arm of stroke patients compared with healthy controls. Results from previous clinical trials indicate that training may enhance motor function in healthy volunteers, and perhaps also in stroke patients, even more than 1 year after the stroke. Normal, healthy volunteers and stroke patients 18 years of age and older may be eligible for this study.\n\nStudy subjects will have a physical examination and participate in 6 additional clinic visits-training and testing sessions on study days 1, 2, 3, 4 and 5, and a final testing session on day 12. During these sessions, they will perform a series of motor tasks, including writing, picking up objects, turning cards, stacking checkers and moving cans, which will be timed and videotaped. Each session will be divided into blocks of 10 trials for each task, separated by 2-minute rest periods.\n\nBefore and after training on days 1, 2, 5 and 12, subjects will have transcranial magnetic stimulation (TMS) to determine brain changes associated with learning a motor task. For this procedure, the patient is seated in a comfortable chair, and an insulated wire coil is placed on the scalp or skin. A brief electrical current is passed through the coil, creating a magnetic pulse that stimulates the brain. These pulses generate very small electrical currents in the brain cortex, briefly disrupting the function of the brain cells in the stimulated area. The stimulation may cause muscle twitching or tingling in the scalp, face, or limb. During the stimulation, the subject may be asked to slightly tense certain muscles or perform other simple actions.\n\nElectrical nerve stimulation and electromyography will be done to record muscle responses to stimulation. A nerve is stimulated by placing wires on the skin over the nerve and passing a brief electrical current between the wires. Electromyography involves taping metal electrodes to the skin over the muscle.\n\nBefore and after each session, subjects' muscle strength will be tested with a pinch gauge. They will also be asked to make a mark on a line drawn on paper, to rate their test performance and levels of attentiveness and fatigue.",
          "DetailedDescription":"The purpose of this protocol is to characterize dynamics of motor learning over a 5-day period in chronic stroke patients relative to healthy age-matched controls. Motor learning will be assessed by improvements in the Jebsen-Taylor test, a validated tool widely used in rehabilitation that measures upper extremity function. Additionally, we intend to evaluate changes in the excitability of the primary motor cortex associated with learning using transcranial magnetic stimulation."
        },
        "ConditionsModule":{
          "ConditionList":{
            "Condition":[
              "Stroke",
              "Healthy"
            ]
          },
          "KeywordList":{
            "Keyword":[
              "Stroke",
              "Learning",
              "Plasticity",
              "Motor",
              "Rehabilitation",
              "Premotor",
              "Normal Control",
              "Healthy Volunteer",
              "HV",
              "Motor Learning"
            ]
          }
        },
        "DesignModule":{
          "StudyType":"Observational",
          "EnrollmentInfo":{
            "EnrollmentCount":"78"
          }
        },
        "EligibilityModule":{
          "EligibilityCriteria":"INCLUSION CRITERIA FOR HEALTHY VOLUNTEERS\n\nAge: 18 years to 100 years\n\nNormal physical and neurological examinations\n\nEXCLUSION CRITERIA FOR HEALTHY VOLUNTEERS\n\nContraindications for transcranial magnetic stimulation: pacemaker, implanted medical pump, metal plate in skull, metal objects inside the eye or skull, history of seizures\n\nINCLUSION CRITERIA FOR STROKE PATIENTS\n\nAge: 18 years to 100 years\n\nSingle ischemic or hemorrhagic hemispheric stroke at least one year before enrollment in study, confirmed by neuroimaging studies (computerized tomography or magnetic resonance imaging).\n\nAbility to perform the Jebsen-Taylor test.\n\nEXCLUSION CRITERIA FOR STROKE PATIENTS\n\nMore than one stroke.\n\nOther brain lesions (i.e., traumatic brain injury, brain tumor) or neurological problems (i.e., multiple sclerosis, dementia, Parkinson's disease)\n\nDepression or poor motivational capacity\n\nSerious cognitive deficits (defined as equivalent to a mini-mental state exam score of 20 or less).\n\nInability to understand instructions for the Jebsen-Taylor test.\n\nUncontrolled medical problems including cardiovascular disease, severe rheumatoid arthritis, active joint deformity of arthritic origin, active cancer or renal disease, any kind of end-stage pulmonary or cardiovascular disease, uncontrolled epilepsy\n\nContraindications for transcranial magnetic stimulation: pacemaker, implanted medical pump, metal plate in skull, metal objects inside the eye or skull, history of seizures",
          "HealthyVolunteers":"Accepts Healthy Volunteers",
          "Gender":"All",
          "StdAgeList":{
            "StdAge":[
              "Child",
              "Adult",
              "Older Adult"
            ]
          }
        },
        "ContactsLocationsModule":{
          "LocationList":{
            "Location":[
              {
                "LocationFacility":"National Institute of Neurological Disorders and Stroke (NINDS)",
                "LocationCity":"Bethesda",
                "LocationState":"Maryland",
                "LocationZip":"20892",
                "LocationCountry":"United States"
              }
            ]
          }
        },
        "ReferencesModule":{
          "ReferenceList":{
            "Reference":[
              {
                "ReferencePMID":"11154837",
                "ReferenceType":"background",
                "ReferenceCitation":"Boyd LA, Winstein CJ. Implicit motor-sequence learning in humans following unilateral stroke: the impact of practice and explicit knowledge. Neurosci Lett. 2001 Jan 26;298(1):65-9."
              },{
                "ReferencePMID":"2927652",
                "ReferenceType":"background",
                "ReferenceCitation":"Bridgers SL, Delaney RC. Transcranial magnetic stimulation: an assessment of cognitive and other cerebral effects. Neurology. 1989 Mar;39(3):417-9."
              },{
                "ReferencePMID":"7650532",
                "ReferenceType":"background",
                "ReferenceCitation":"Bütefisch C, Hummelsheim H, Denzler P, Mauritz KH. Repetitive training of isolated movements improves the outcome of motor rehabilitation of the centrally paretic hand. J Neurol Sci. 1995 May;130(1):59-68."
              }
            ]
          }
        }
      },
      "DerivedSection":{
        "MiscInfoModule":{
          "VersionHolder":"April 19, 2021"
        },
        "ConditionBrowseModule":{
          "ConditionMeshList":{
            "ConditionMesh":[
              {
                "ConditionMeshId":"D000020521",
                "ConditionMeshTerm":"Stroke"
              }
            ]
          },
          "ConditionAncestorList":{
            "ConditionAncestor":[
              {
                "ConditionAncestorId":"D000002561",
                "ConditionAncestorTerm":"Cerebrovascular Disorders"
              },{
                "ConditionAncestorId":"D000001927",
                "ConditionAncestorTerm":"Brain Diseases"
              },{
                "ConditionAncestorId":"D000002493",
                "ConditionAncestorTerm":"Central Nervous System Diseases"
              },{
                "ConditionAncestorId":"D000009422",
                "ConditionAncestorTerm":"Nervous System Diseases"
              },{
                "ConditionAncestorId":"D000014652",
                "ConditionAncestorTerm":"Vascular Diseases"
              },{
                "ConditionAncestorId":"D000002318",
                "ConditionAncestorTerm":"Cardiovascular Diseases"
              }
            ]
          },
          "ConditionBrowseLeafList":{
            "ConditionBrowseLeaf":[
              {
                "ConditionBrowseLeafId":"M20890",
                "ConditionBrowseLeafName":"Stroke",
                "ConditionBrowseLeafAsFound":"Stroke",
                "ConditionBrowseLeafRelevance":"high"
              },{
                "ConditionBrowseLeafId":"M4393",
                "ConditionBrowseLeafName":"Cerebrovascular Disorders",
                "ConditionBrowseLeafRelevance":"low"
              },{
                "ConditionBrowseLeafId":"M3786",
                "ConditionBrowseLeafName":"Brain Diseases",
                "ConditionBrowseLeafRelevance":"low"
              },{
                "ConditionBrowseLeafId":"M4325",
                "ConditionBrowseLeafName":"Central Nervous System Diseases",
                "ConditionBrowseLeafRelevance":"low"
              },{
                "ConditionBrowseLeafId":"M15983",
                "ConditionBrowseLeafName":"Vascular Diseases",
                "ConditionBrowseLeafRelevance":"low"
              }
            ]
          },
          "ConditionBrowseBranchList":{
            "ConditionBrowseBranch":[
              {
                "ConditionBrowseBranchAbbrev":"BC10",
                "ConditionBrowseBranchName":"Nervous System Diseases"
              },{
                "ConditionBrowseBranchAbbrev":"BC14",
                "ConditionBrowseBranchName":"Heart and Blood Diseases"
              },{
                "ConditionBrowseBranchAbbrev":"All",
                "ConditionBrowseBranchName":"All Conditions"
              }
            ]
          }
        }
      }
    }
  }
}

