{
  "FullStudy":{
    "Rank":368026,
    "Study":{
      "ProtocolSection":{
        "IdentificationModule":{
          "NCTId":"NCT00022750",
          "OrgStudyIdInfo":{
            "OrgStudyId":"DK48117 (completed)"
          },
          "SecondaryIdInfoList":{
            "SecondaryIdInfo":[
              {
                "SecondaryId":"R01DK048117-06",
                "SecondaryIdType":"U.S. NIH Grant/Contract",
                "SecondaryIdLink":"https://projectreporter.nih.gov/reporterapi.cfm?PROJECTNUM=R01DK048117-06&Fy=all"
              },{
                "SecondaryId":"OPD-GCRC R00052"
              }
            ]
          },
          "Organization":{
            "OrgFullName":"National Institute of Diabetes and Digestive and Kidney Diseases (NIDDK)",
            "OrgClass":"NIH"
          },
          "BriefTitle":"Randomized Trial of Health Events Costs in Diabetic Blacks",
          "OfficialTitle":"Project Sugar 2: Health Events Costs in Diabetic Blacks"
        },
        "StatusModule":{
          "StatusVerifiedDate":"January 2010",
          "OverallStatus":"Completed",
          "ExpandedAccessInfo":{
            "HasExpandedAccess":"No"
          },
          "StartDateStruct":{
            "StartDate":"October 2000"
          },
          "CompletionDateStruct":{
            "CompletionDate":"May 2005"
          },
          "StudyFirstSubmitDate":"August 10, 2001",
          "StudyFirstSubmitQCDate":"August 9, 2001",
          "StudyFirstPostDateStruct":{
            "StudyFirstPostDate":"August 10, 2001",
            "StudyFirstPostDateType":"Estimate"
          },
          "LastUpdateSubmitDate":"January 14, 2010",
          "LastUpdatePostDateStruct":{
            "LastUpdatePostDate":"January 15, 2010",
            "LastUpdatePostDateType":"Estimate"
          }
        },
        "SponsorCollaboratorsModule":{
          "LeadSponsor":{
            "LeadSponsorName":"National Institute of Diabetes and Digestive and Kidney Diseases (NIDDK)",
            "LeadSponsorClass":"NIH"
          }
        },
        "OversightModule":{},
        "DescriptionModule":{
          "BriefSummary":"Diabetes mellitus imposes a major burden on the public health of the United States, leading annually to over 300,000 deaths and over $130 billion in costs. This burden falls disproportionately upon ethnic minority groups, particularly African Americans, who are at excess risk for the development of type 2 diabetes and for a variety of its most serious complications. Suboptimal health care - in terms of access, quality, and adherence -appears to be an important contributing factor. Prior work suggests two possible approaches aimed at prevention to enhance risk factor control in outpatients with type 2 diabetes. One approach uses Nurse Case Managers (NCMs) to coordinate care plans with the provider team following protocols/clinical guidelines and algorithms designed to guide treatment including initiating and adjusting drug therapy, enhancing continuity of care, promoting interventions and self-management which include educational and behavioral strategies incorporating feedback and self-regulation. Another approach uses Community Health Workers (CHWs) to enhance culturally sensitive outreach, linkage, and monitoring service; to provide important patient and family education; and to improve access to and continuity of care. Results indicate that this intensive team approach, compared to usual care alone, produces substantial improvements in metabolic control. However, the cost-effectiveness of such interventions is unknown in the ''real-world''.\n\nThis has led to our current study, a randomized controlled trial within a managed care organization to determine the effects of a NCM/CHW team on metabolic control, on the occurrence of diabetes-related health events, health care utilization, and on direct health care costs. The participants will be African American adults with type 2 diabetes who receive primary care within a managed care organization in inner-city Baltimore."
        },
        "ConditionsModule":{
          "ConditionList":{
            "Condition":[
              "Diabetes Mellitus, Type 2"
            ]
          },
          "KeywordList":{
            "Keyword":[
              "Type 2 Diabetes Mellitus",
              "Nurse Case Manager",
              "Community Health Worker",
              "Behavioral Interventions",
              "Cost-effectiveness",
              "Randomized trial"
            ]
          }
        },
        "DesignModule":{
          "StudyType":"Interventional",
          "PhaseList":{
            "Phase":[
              "Not Applicable"
            ]
          },
          "DesignInfo":{
            "DesignAllocation":"Randomized",
            "DesignPrimaryPurpose":"Prevention"
          },
          "EnrollmentInfo":{
            "EnrollmentCount":"800"
          }
        },
        "ArmsInterventionsModule":{
          "InterventionList":{
            "Intervention":[
              {
                "InterventionType":"Behavioral",
                "InterventionName":"Nurse Case Manager and Community Health Worker Team"
              }
            ]
          }
        },
        "EligibilityModule":{
          "EligibilityCriteria":"Inclusion Criteria:\n\nAfrican American male or female aged 30 years or older diagnosed with type 2 diabetes mellitus\nAble to provide 2 contact persons outside his/her household with active, verified telephone numbers\n\nExclusion Criteria:\n\nMentally incompetent to give informed consent\nRefuses to give informed consent\nComorbid health condition likely to lead to death in next 24 months",
          "HealthyVolunteers":"No",
          "Gender":"All",
          "MinimumAge":"30 Years",
          "StdAgeList":{
            "StdAge":[
              "Adult",
              "Older Adult"
            ]
          }
        },
        "ContactsLocationsModule":{
          "OverallOfficialList":{
            "OverallOfficial":[
              {
                "OverallOfficialName":"Frederick L. Brancati, MD, MHS",
                "OverallOfficialAffiliation":"The Johns Hopkins Medical Institutions",
                "OverallOfficialRole":"Principal Investigator"
              }
            ]
          },
          "LocationList":{
            "Location":[
              {
                "LocationFacility":"The Johns Hopkins Medical Institutions",
                "LocationCity":"Baltimore",
                "LocationState":"Maryland",
                "LocationZip":"21205",
                "LocationCountry":"United States"
              }
            ]
          }
        },
        "ReferencesModule":{
          "ReferenceList":{
            "Reference":[
              {
                "ReferencePMID":"1433738",
                "ReferenceType":"background",
                "ReferenceCitation":"Brancati FL, Whittle JC, Whelton PK, Seidler AJ, Klag MJ. The excess incidence of diabetic end-stage renal disease among blacks. A population-based study of potential explanatory factors. JAMA. 1992 Dec 2;268(21):3079-84."
              },{
                "ReferencePMID":"8526698",
                "ReferenceType":"background",
                "ReferenceCitation":"Brancati FL, Appel LJ, Seidler AJ, Whelton PK. Effect of potassium supplementation on blood pressure in African Americans on a low-potassium diet. A randomized, double-blind, placebo-controlled trial. Arch Intern Med. 1996 Jan 8;156(1):61-7."
              },{
                "ReferencePMID":"10448782",
                "ReferenceType":"background",
                "ReferenceCitation":"Krop JS, Coresh J, Chambless LE, Shahar E, Watson RL, Szklo M, Brancati FL. A community-based study of explanatory factors for the excess risk for early renal function decline in blacks vs whites with diabetes: the Atherosclerosis Risk in Communities study. Arch Intern Med. 1999 Aug 9-23;159(15):1777-83."
              },{
                "ReferencePMID":"7503115",
                "ReferenceType":"background",
                "ReferenceCitation":"Hill MN, Becker DM. Roles of nurses and health workers in cardiovascular health promotion. Am J Med Sci. 1995 Dec;310 Suppl 1:S123-6. Review."
              },{
                "ReferencePMID":"10178339",
                "ReferenceType":"background",
                "ReferenceCitation":"Shediac-Rizkallah MC, Bone LR. Planning for the sustainability of community-based health programs: conceptual frameworks and future directions for research, practice and policy. Health Educ Res. 1998 Mar;13(1):87-108. Review."
              },{
                "ReferencePMID":"8028145",
                "ReferenceType":"background",
                "ReferenceCitation":"Levine DM, Becker DM, Bone LR, Hill MN, Tuggle MB 2nd, Zeger SL. Community-academic health center partnerships for underserved minority populations. One solution to a national crisis. JAMA. 1994 Jul 27;272(4):309-11."
              },{
                "ReferencePMID":"9589235",
                "ReferenceType":"background",
                "ReferenceCitation":"Krop JS, Powe NR, Weller WE, Shaffer TJ, Saudek CD, Anderson GF. Patterns of expenditures and use of services among older adults with diabetes. Implications for the transition to capitated managed care. Diabetes Care. 1998 May;21(5):747-52."
              },{
                "ReferencePMID":"8709661",
                "ReferenceType":"background",
                "ReferenceCitation":"Powe NR, Weiner JP, Starfield B, Stuart M, Baker A, Steinwachs DM. Systemwide provider performance in a Medicaid program. Profiling the care of patients with chronic illnesses. Med Care. 1996 Aug;34(8):798-810."
              },{
                "ReferencePMID":"16397820",
                "ReferenceType":"result",
                "ReferenceCitation":"Hill-Briggs F, Gary TL, Yeh HC, Batts-Turner M, Powe NR, Saudek CD, Brancati FL. Association of social problem solving with glycemic control in a sample of urban African Americans with type 2 diabetes. J Behav Med. 2006 Feb;29(1):69-78. Epub 2006 Jan 6."
              },{
                "ReferencePMID":"16390512",
                "ReferenceType":"result",
                "ReferenceCitation":"Jackson CL, Bolen S, Brancati FL, Batts-Turner ML, Gary TL. A systematic review of interactive computer-assisted technology in diabetes care. Interactive information technology in diabetes care. J Gen Intern Med. 2006 Feb;21(2):105-10. Epub 2005 Dec 22. Review."
              },{
                "ReferencePMID":"16351554",
                "ReferenceType":"result",
                "ReferenceCitation":"Gary TL, Maiese EM, Batts-Turner M, Wang NY, Brancati FL. Patient satisfaction, preventive services, and emergency room use among African-Americans with type 2 diabetes. Dis Manag. 2005 Dec;8(6):361-71."
              },{
                "ReferencePMID":"16288095",
                "ReferenceType":"result",
                "ReferenceCitation":"Gary TL, Hill-Briggs F, Batts-Turner M, Brancati FL. Translational research principles of an effectiveness trial for diabetes care in an urban African American population. Diabetes Educ. 2005 Nov-Dec;31(6):880-9."
              },{
                "ReferencePMID":"16221917",
                "ReferenceType":"result",
                "ReferenceCitation":"Jackson CL, Batts-Turner ML, Falb MD, Yeh HC, Brancati FL, Gary TL. Computer and internet use among urban African Americans with type 2 diabetes. J Urban Health. 2005 Dec;82(4):575-83. Epub 2005 Oct 12."
              },{
                "ReferencePMID":"14980748",
                "ReferenceType":"result",
                "ReferenceCitation":"Gary TL, Batts-Turner M, Bone LR, Yeh HC, Wang NY, Hill-Briggs F, Levine DM, Powe NR, Hill MN, Saudek C, McGuire M, Brancati FL. A randomized controlled trial of the effects of nurse case manager and community health worker team interventions in urban African-Americans with type 2 diabetes. Control Clin Trials. 2004 Feb;25(1):53-66."
              },{
                "ReferencePMID":"19858437",
                "ReferenceType":"derived",
                "ReferenceCitation":"Gary TL, Batts-Turner M, Yeh HC, Hill-Briggs F, Bone LR, Wang NY, Levine DM, Powe NR, Saudek CD, Hill MN, McGuire M, Brancati FL. The effects of a nurse case manager and a community health worker team on diabetic control, emergency department visits, and hospitalizations among urban African Americans with type 2 diabetes mellitus: a randomized controlled trial. Arch Intern Med. 2009 Oct 26;169(19):1788-94. doi: 10.1001/archinternmed.2009.338."
              }
            ]
          }
        }
      },
      "DerivedSection":{
        "MiscInfoModule":{
          "VersionHolder":"April 19, 2021"
        },
        "ConditionBrowseModule":{
          "ConditionMeshList":{
            "ConditionMesh":[
              {
                "ConditionMeshId":"D000003920",
                "ConditionMeshTerm":"Diabetes Mellitus"
              },{
                "ConditionMeshId":"D000003924",
                "ConditionMeshTerm":"Diabetes Mellitus, Type 2"
              }
            ]
          },
          "ConditionAncestorList":{
            "ConditionAncestor":[
              {
                "ConditionAncestorId":"D000044882",
                "ConditionAncestorTerm":"Glucose Metabolism Disorders"
              },{
                "ConditionAncestorId":"D000008659",
                "ConditionAncestorTerm":"Metabolic Diseases"
              },{
                "ConditionAncestorId":"D000004700",
                "ConditionAncestorTerm":"Endocrine System Diseases"
              }
            ]
          },
          "ConditionBrowseLeafList":{
            "ConditionBrowseLeaf":[
              {
                "ConditionBrowseLeafId":"M5698",
                "ConditionBrowseLeafName":"Diabetes Mellitus",
                "ConditionBrowseLeafAsFound":"Diabetes Mellitus",
                "ConditionBrowseLeafRelevance":"high"
              },{
                "ConditionBrowseLeafId":"M5702",
                "ConditionBrowseLeafName":"Diabetes Mellitus, Type 2",
                "ConditionBrowseLeafAsFound":"Diabetes Mellitus, Type 2",
                "ConditionBrowseLeafRelevance":"high"
              },{
                "ConditionBrowseLeafId":"M10222",
                "ConditionBrowseLeafName":"Metabolic Diseases",
                "ConditionBrowseLeafRelevance":"low"
              },{
                "ConditionBrowseLeafId":"M23990",
                "ConditionBrowseLeafName":"Glucose Metabolism Disorders",
                "ConditionBrowseLeafRelevance":"low"
              },{
                "ConditionBrowseLeafId":"M6445",
                "ConditionBrowseLeafName":"Endocrine System Diseases",
                "ConditionBrowseLeafRelevance":"low"
              }
            ]
          },
          "ConditionBrowseBranchList":{
            "ConditionBrowseBranch":[
              {
                "ConditionBrowseBranchAbbrev":"BC18",
                "ConditionBrowseBranchName":"Nutritional and Metabolic Diseases"
              },{
                "ConditionBrowseBranchAbbrev":"BC19",
                "ConditionBrowseBranchName":"Gland and Hormone Related Diseases"
              },{
                "ConditionBrowseBranchAbbrev":"All",
                "ConditionBrowseBranchName":"All Conditions"
              }
            ]
          }
        }
      }
    }
  }
}

