{
  "FullStudy":{
    "Rank":368119,
    "Study":{
      "ProtocolSection":{
        "IdentificationModule":{
          "NCTId":"NCT00021424",
          "NCTIdAliasList":{
            "NCTIdAlias":[
              "NCT00006410"
            ]
          },
          "OrgStudyIdInfo":{
            "OrgStudyId":"CDR0000068782"
          },
          "SecondaryIdInfoList":{
            "SecondaryIdInfo":[
              {
                "SecondaryId":"NCI-01-DC-0006"
              },{
                "SecondaryId":"NCI-3210"
              }
            ]
          },
          "Organization":{
            "OrgFullName":"National Cancer Institute (NCI)",
            "OrgClass":"NIH"
          },
          "BriefTitle":"Vaccine Therapy in Treating Patients With Stage IV Head and Neck Cancer",
          "OfficialTitle":"Phase I/Pilot Study of Intralesional Immunotherapy With A Recombinant Avipox Virus Engineered To Express A Triad Of Co-Stimulatory Molecules In Patients With Advanced Squamous Cell Carcinoma Of The Head And Neck"
        },
        "StatusModule":{
          "StatusVerifiedDate":"August 2002",
          "OverallStatus":"Completed",
          "ExpandedAccessInfo":{
            "HasExpandedAccess":"No"
          },
          "StartDateStruct":{
            "StartDate":"June 2001"
          },
          "StudyFirstSubmitDate":"July 11, 2001",
          "StudyFirstSubmitQCDate":"January 26, 2003",
          "StudyFirstPostDateStruct":{
            "StudyFirstPostDate":"January 27, 2003",
            "StudyFirstPostDateType":"Estimate"
          },
          "LastUpdateSubmitDate":"April 29, 2015",
          "LastUpdatePostDateStruct":{
            "LastUpdatePostDate":"April 30, 2015",
            "LastUpdatePostDateType":"Estimate"
          }
        },
        "SponsorCollaboratorsModule":{
          "LeadSponsor":{
            "LeadSponsorName":"National Institute on Deafness and Other Communication Disorders (NIDCD)",
            "LeadSponsorClass":"NIH"
          }
        },
        "DescriptionModule":{
          "BriefSummary":"RATIONALE: Vaccines may make the body build an immune response to kill tumor cells.\n\nPURPOSE: Phase I trial to study the effectiveness of vaccine therapy in treating patients who have stage IV head and neck cancer.",
          "DetailedDescription":"OBJECTIVES:\n\nDetermine the maximum tolerated dose and dose-limiting toxic effects of recombinant fowlpox-TRICOM vaccine in patients with advanced squamous cell carcinoma of the oral cavity or oropharynx or nodal or dermal metastases.\nDetermine the safety profile of this regimen in these patients.\nDetermine the clinical activity of this regimen, in terms of inflammation at injection site(s) and disease regression or stabilization, in these patients.\n\nOUTLINE: This is a dose-escalation study.\n\nPatients receive recombinant fowlpox-TRICOM vaccine (rF-TRI) intralesionally once on weeks 0, 3, and 8. Beginning on week 16, patients may receive additional rF-TRI once every 8 weeks in the absence of disease progression or unacceptable toxicity.\n\nCohorts of 3-6 patients receive escalating doses of rF-TRI until the maximum tolerated dose (MTD) is determined. The MTD is defined as the dose preceding that at which at least 2 of 3 or 2 of 6 patients experience dose-limiting toxicity.\n\nPatients are followed at 1 year.\n\nPROJECTED ACCRUAL: A total of 20 patients will be accrued for this study."
        },
        "ConditionsModule":{
          "ConditionList":{
            "Condition":[
              "Head and Neck Cancer",
              "Metastatic Cancer"
            ]
          },
          "KeywordList":{
            "Keyword":[
              "stage IV squamous cell carcinoma of the lip and oral cavity",
              "recurrent squamous cell carcinoma of the lip and oral cavity",
              "stage IV squamous cell carcinoma of the oropharynx",
              "recurrent squamous cell carcinoma of the oropharynx",
              "skin metastases"
            ]
          }
        },
        "DesignModule":{
          "StudyType":"Interventional",
          "PhaseList":{
            "Phase":[
              "Phase 1"
            ]
          },
          "DesignInfo":{
            "DesignPrimaryPurpose":"Treatment"
          }
        },
        "ArmsInterventionsModule":{
          "InterventionList":{
            "Intervention":[
              {
                "InterventionType":"Biological",
                "InterventionName":"recombinant fowlpox-TRICOM vaccine"
              }
            ]
          }
        },
        "EligibilityModule":{
          "EligibilityCriteria":"DISEASE CHARACTERISTICS:\n\nHistologically confirmed stage IV squamous cell carcinoma of the oral cavity or oropharynx or nodal or dermal metastases for which current available treatment is not likely to offer a survival advantage or result in significant palliation\n\nUnresectable locoregional recurrence after maximum radiotherapy OR\n\nLocal disease with unresectable distant metastases involving:\n\nBase of skull\nPrevertebral fascia\nDeep neck muscles\nCarotid artery (requiring resection)\nNasopharynx and/or pterygoid muscles\nIneligible to receive radiotherapy to head and neck during study\nPrimary intraoral lesions must be measurable and accessible to intralesional injections\nNo metastatic brain lesions, cerebral metastasis, or leptomeningeal disease\n\nPATIENT CHARACTERISTICS:\n\nAge:\n\n18 and over\n\nPerformance status:\n\nZubrod 0-2\n\nLife expectancy:\n\nAt least 2 months\n\nHematopoietic:\n\nAbsolute neutrophil count greater than 1,000/mm^3\nPlatelet count greater than 100,000/mm^3\nHemoglobin greater than 8 g/dL\n\nHepatic:\n\nBilirubin less than 1.5 mg/dL\nAST/ALT less than 4 times upper limit of normal (ULN)\nPT/PTT less than 1.5 times ULN\n\nRenal:\n\nCreatinine less than 2.0 mg/dL OR\nCreatinine clearance greater than 60 mL/min\n\nCardiovascular:\n\nNo evidence of congestive heart failure\nNo serious cardiac dysrhythmia\nNo evidence of recent prior myocardial infarction on EKG\nNo clinical coronary artery disease\n\nNeurologic:\n\nNo history of seizures or concurrent seizure disorder\nNo evidence of encephalitis, multiple sclerosis, or other structural brain lesion(s) by clinical or radiological evaluation\n\nImmunologic:\n\nNo risk of immune system compromise\nHIV negative\nNo hypersensitivity to eggs\nNo significant history of allergies (e.g., anaphylaxis or angioedema)\n\nOther:\n\nNo active or chronic infection\nNo other serious concurrent medical illness\nNo other malignancy unless previously treated with curative intent and no evidence of persistent or recurrent disease\nNot pregnant or nursing\nNegative pregnancy test\nFertile patients must use effective contraception\n\nPRIOR CONCURRENT THERAPY:\n\nBiologic therapy:\n\nAt least 4 weeks since prior immunotherapy and recovered\n\nChemotherapy:\n\nNo more than 2 prior chemotherapy regimens\nAt least 4 weeks since prior chemotherapy and recovered\n\nEndocrine therapy:\n\nAt least 4 weeks since prior systemic corticosteroids\nNo concurrent systemic corticosteroids\n\nRadiotherapy:\n\nSee Disease Characteristics\nAt least 4 weeks since prior radiotherapy and recovered\nNo prior radiotherapy to more than 50% of nodal groups\n\nSurgery:\n\nMore than 4 weeks since prior surgery for primary or metastatic lesions and recovered\nNo prior splenectomy",
          "HealthyVolunteers":"No",
          "Gender":"All",
          "MinimumAge":"18 Years",
          "StdAgeList":{
            "StdAge":[
              "Adult",
              "Older Adult"
            ]
          }
        },
        "ContactsLocationsModule":{
          "OverallOfficialList":{
            "OverallOfficial":[
              {
                "OverallOfficialName":"Susan Rudy, MSN",
                "OverallOfficialAffiliation":"National Institute on Deafness and Other Communication Disorders (NIDCD)",
                "OverallOfficialRole":"Study Chair"
              }
            ]
          },
          "LocationList":{
            "Location":[
              {
                "LocationFacility":"Warren Grant Magnuson Clinical Center",
                "LocationCity":"Bethesda",
                "LocationState":"Maryland",
                "LocationZip":"20892-1182",
                "LocationCountry":"United States"
              }
            ]
          }
        }
      },
      "DerivedSection":{
        "MiscInfoModule":{
          "VersionHolder":"April 19, 2021"
        },
        "ConditionBrowseModule":{
          "ConditionMeshList":{
            "ConditionMesh":[
              {
                "ConditionMeshId":"D000006258",
                "ConditionMeshTerm":"Head and Neck Neoplasms"
              }
            ]
          },
          "ConditionAncestorList":{
            "ConditionAncestor":[
              {
                "ConditionAncestorId":"D000009369",
                "ConditionAncestorTerm":"Neoplasms"
              },{
                "ConditionAncestorId":"D000009371",
                "ConditionAncestorTerm":"Neoplasms by Site"
              }
            ]
          },
          "ConditionBrowseLeafList":{
            "ConditionBrowseLeaf":[
              {
                "ConditionBrowseLeafId":"M4116",
                "ConditionBrowseLeafName":"Carcinoma",
                "ConditionBrowseLeafRelevance":"low"
              },{
                "ConditionBrowseLeafId":"M1689",
                "ConditionBrowseLeafName":"Squamous Cell Carcinoma of Head and Neck",
                "ConditionBrowseLeafRelevance":"low"
              },{
                "ConditionBrowseLeafId":"M10890",
                "ConditionBrowseLeafName":"Neoplasm Metastasis",
                "ConditionBrowseLeafRelevance":"low"
              },{
                "ConditionBrowseLeafId":"M4132",
                "ConditionBrowseLeafName":"Carcinoma, Squamous Cell",
                "ConditionBrowseLeafRelevance":"low"
              },{
                "ConditionBrowseLeafId":"M16105",
                "ConditionBrowseLeafName":"Virus Diseases",
                "ConditionBrowseLeafRelevance":"low"
              },{
                "ConditionBrowseLeafId":"M7931",
                "ConditionBrowseLeafName":"Head and Neck Neoplasms",
                "ConditionBrowseLeafAsFound":"Head and Neck Cancer",
                "ConditionBrowseLeafRelevance":"high"
              }
            ]
          },
          "ConditionBrowseBranchList":{
            "ConditionBrowseBranch":[
              {
                "ConditionBrowseBranchAbbrev":"BC04",
                "ConditionBrowseBranchName":"Cancers and Other Neoplasms"
              },{
                "ConditionBrowseBranchAbbrev":"All",
                "ConditionBrowseBranchName":"All Conditions"
              },{
                "ConditionBrowseBranchAbbrev":"BC23",
                "ConditionBrowseBranchName":"Symptoms and General Pathology"
              },{
                "ConditionBrowseBranchAbbrev":"BC02",
                "ConditionBrowseBranchName":"Viral Diseases"
              }
            ]
          }
        },
        "InterventionBrowseModule":{
          "InterventionBrowseLeafList":{
            "InterventionBrowseLeaf":[
              {
                "InterventionBrowseLeafId":"M15943",
                "InterventionBrowseLeafName":"Vaccines",
                "InterventionBrowseLeafRelevance":"low"
              },{
                "InterventionBrowseLeafId":"M10350",
                "InterventionBrowseLeafName":"Metronidazole",
                "InterventionBrowseLeafRelevance":"low"
              }
            ]
          },
          "InterventionBrowseBranchList":{
            "InterventionBrowseBranch":[
              {
                "InterventionBrowseBranchAbbrev":"All",
                "InterventionBrowseBranchName":"All Drugs and Chemicals"
              },{
                "InterventionBrowseBranchAbbrev":"Infe",
                "InterventionBrowseBranchName":"Anti-Infective Agents"
              }
            ]
          }
        }
      }
    }
  }
}

