{
  "FullStudy":{
    "Rank":367748,
    "Study":{
      "ProtocolSection":{
        "IdentificationModule":{
          "NCTId":"NCT00026754",
          "OrgStudyIdInfo":{
            "OrgStudyId":"010129"
          },
          "SecondaryIdInfoList":{
            "SecondaryIdInfo":[
              {
                "SecondaryId":"01-C-0129"
              }
            ]
          },
          "Organization":{
            "OrgFullName":"National Institutes of Health Clinical Center (CC)",
            "OrgClass":"NIH"
          },
          "BriefTitle":"Eligibility Screening for the NIH Intramural Research Program Clinical Protocols",
          "OfficialTitle":"Eligibility Screening for the NIH Intramural Research Program Clinical Protocols"
        },
        "StatusModule":{
          "StatusVerifiedDate":"March 1, 2021",
          "OverallStatus":"Enrolling by invitation",
          "ExpandedAccessInfo":{
            "HasExpandedAccess":"No"
          },
          "StartDateStruct":{
            "StartDate":"January 14, 2004",
            "StartDateType":"Actual"
          },
          "StudyFirstSubmitDate":"November 14, 2001",
          "StudyFirstSubmitQCDate":"November 14, 2001",
          "StudyFirstPostDateStruct":{
            "StudyFirstPostDate":"November 15, 2001",
            "StudyFirstPostDateType":"Estimate"
          },
          "LastUpdateSubmitDate":"March 2, 2021",
          "LastUpdatePostDateStruct":{
            "LastUpdatePostDate":"March 3, 2021",
            "LastUpdatePostDateType":"Actual"
          }
        },
        "SponsorCollaboratorsModule":{
          "ResponsibleParty":{
            "ResponsiblePartyType":"Sponsor"
          },
          "LeadSponsor":{
            "LeadSponsorName":"National Cancer Institute (NCI)",
            "LeadSponsorClass":"NIH"
          }
        },
        "OversightModule":{
          "IsFDARegulatedDrug":"No",
          "IsFDARegulatedDevice":"No"
        },
        "DescriptionModule":{
          "BriefSummary":"The purpose of this protocol is to provide patients with adequate informed consent to understand that screening tests with minimal health risk will be performed to evaluate their eligibility for a research study. The protocol makes it clear that patients initial visit to the intramural clinical program may include screening studies that are not medically necessary for disease management, but are done purely for research purposes.\n\nPatients with a known or suspected diagnosis of cancer, HIV infection, skin disorder or immunodeficiency who are being considered for enrollment in a National Cancer Institute intramural clinical research protocol will participate in this consent protocol. It informs patients of screening tests and procedures involving minimal risk that are done for research purposes only, including blood tests, electrocardiogram, standard X-rays (e.g., chest X-ray), bone films, computed tomography (CT), magnetic resonance imaging (MRI), and nuclear medicine studies. It explains that other eligibility screens that are more invasive and involve greater risk, such as a biopsy, will require separate consent.",
          "DetailedDescription":"Background:\n\n-Patients and healthy volunteers who are being evaluated for NIH Intramural Research Program (IRP) protocols must be screened to determine whether they meet the eligibility criteria prior to enrollment.\n\nObjectives:\n\nEvaluate patient or healthy volunteer eligibility for participation in NIH IRP research protocols.\nCollect results of screening test for use on subsequent research protocols as baseline (e.g., pretreatment) values.\nCollect specific research samples required for the primary research protocol as part of a screening test or procedure in order to avoid from having to subject the patient to a painful procedure on multiple occasions.\n\nEligibility:\n\nPatients and healthy volunteers who are being evaluated for and treated on protocols within the NIH IRP.\n\nDesign:\n\nThis protocol is not a research study of an investigational drug or device.\nScreening tests and procedures that are required by the primary research protocols are conducted in order to establish eligibility for these protocols.\nIn some cases, specific research samples required for the primary research protocol may be collected during the screening process in order to avoid from having to subject the patient to a painful procedure on multiple occasions.\nTissues and biological fluids that are obtained during the screening process will be stored.\nOnce a patient or healthy volunteer completes the screening process and is either enrolled onto another NIH study or is returned to the care of their local physician they will be taken off study."
        },
        "ConditionsModule":{
          "ConditionList":{
            "Condition":[
              "Breast Cancer",
              "Prostate Cancer",
              "Lung Cancer",
              "Sarcoma",
              "Melanoma"
            ]
          },
          "KeywordList":{
            "Keyword":[
              "Screening",
              "Cancer",
              "HIV Infection",
              "Scans",
              "Laboratory Tests",
              "HIV",
              "Skin Disorders"
            ]
          }
        },
        "DesignModule":{
          "StudyType":"Observational",
          "DesignInfo":{
            "DesignObservationalModelList":{
              "DesignObservationalModel":[
                "Cohort"
              ]
            },
            "DesignTimePerspectiveList":{
              "DesignTimePerspective":[
                "Prospective"
              ]
            }
          },
          "EnrollmentInfo":{
            "EnrollmentCount":"17243",
            "EnrollmentType":"Actual"
          }
        },
        "ArmsInterventionsModule":{
          "ArmGroupList":{
            "ArmGroup":[
              {
                "ArmGroupLabel":"Cohort 1",
                "ArmGroupDescription":"Patients"
              },{
                "ArmGroupLabel":"Cohort 2",
                "ArmGroupDescription":"Healthy Volunteers"
              }
            ]
          }
        },
        "OutcomesModule":{
          "PrimaryOutcomeList":{
            "PrimaryOutcome":[
              {
                "PrimaryOutcomeMeasure":"Evaluate patient eligibility for participation in NCI/CCR research protocols",
                "PrimaryOutcomeDescription":"Eligibility evaluations",
                "PrimaryOutcomeTimeFrame":"10 years"
              },{
                "PrimaryOutcomeMeasure":"Collect results of screening test for use on subsequent research protocols as baseline (e.g., pretreatment) values",
                "PrimaryOutcomeDescription":"Screening testing/results",
                "PrimaryOutcomeTimeFrame":"10 years"
              },{
                "PrimaryOutcomeMeasure":"Collect specific research samples required for the primary research protocol as part of a screening test or procedure in order to avoid from having to subject the patient to a painful procedure on multiple occasions",
                "PrimaryOutcomeDescription":"Research sample collection",
                "PrimaryOutcomeTimeFrame":"10 years"
              },{
                "PrimaryOutcomeMeasure":"Tissue remaining from collections during the screening process, either for research eligibility or as clinically indicated may be stored for future research",
                "PrimaryOutcomeDescription":"Tissue for future research",
                "PrimaryOutcomeTimeFrame":"10 years"
              },{
                "PrimaryOutcomeMeasure":"Gather prospective information on the number of patients screened for a particular study and compare to those enrolled onto an interventional study or natural history study.",
                "PrimaryOutcomeDescription":"Numbers of screened patients and healthy volunteers",
                "PrimaryOutcomeTimeFrame":"10 years"
              }
            ]
          }
        },
        "EligibilityModule":{
          "EligibilityCriteria":"INCLUSION CRITERIA:\nPatients and healthy volunteers who are being evaluated for protocols within the NIH Intramural Research Program (IRP). Note: Participants must be > 1 month of age.\nAll patients or their parent/guardians or Legally Authorized Representative (LAR) must sign a document of informed consent indicating their understanding of the research nature and the risks of the procedures that will be performed to assess eligibility for research protocols. NOTE: It is expected that healthy adult volunteers have the capacity to consent (i.e., a LAR may not be used).\n\nEXCLUSION CRITERIA:\n\nNone",
          "HealthyVolunteers":"Accepts Healthy Volunteers",
          "Gender":"All",
          "MinimumAge":"1 Month",
          "StdAgeList":{
            "StdAge":[
              "Child",
              "Adult",
              "Older Adult"
            ]
          },
          "StudyPopulation":"Patients and healthy volunteers who are being evaluated for NIH Intramural Research Program (IRP) protocols must be screened to determine whether they meet the eligibility criteria prior to enrollment.",
          "SamplingMethod":"Non-Probability Sample"
        },
        "ContactsLocationsModule":{
          "OverallOfficialList":{
            "OverallOfficial":[
              {
                "OverallOfficialName":"James L Gulley, M.D.",
                "OverallOfficialAffiliation":"National Cancer Institute (NCI)",
                "OverallOfficialRole":"Principal Investigator"
              }
            ]
          },
          "LocationList":{
            "Location":[
              {
                "LocationFacility":"National Institutes of Health Clinical Center, 9000 Rockville Pike",
                "LocationCity":"Bethesda",
                "LocationState":"Maryland",
                "LocationZip":"20892",
                "LocationCountry":"United States"
              }
            ]
          }
        },
        "ReferencesModule":{
          "SeeAlsoLinkList":{
            "SeeAlsoLink":[
              {
                "SeeAlsoLinkLabel":"NIH Clinical Center Detailed Web Page",
                "SeeAlsoLinkURL":"https://clinicalstudies.info.nih.gov/cgi/detail.cgi?A_2001-C-0129.html"
              }
            ]
          }
        }
      },
      "DerivedSection":{
        "MiscInfoModule":{
          "VersionHolder":"April 19, 2021"
        },
        "ConditionBrowseModule":{
          "ConditionMeshList":{
            "ConditionMesh":[
              {
                "ConditionMeshId":"D000008545",
                "ConditionMeshTerm":"Melanoma"
              },{
                "ConditionMeshId":"D000012509",
                "ConditionMeshTerm":"Sarcoma"
              }
            ]
          },
          "ConditionAncestorList":{
            "ConditionAncestor":[
              {
                "ConditionAncestorId":"D000009369",
                "ConditionAncestorTerm":"Neoplasms"
              },{
                "ConditionAncestorId":"D000018358",
                "ConditionAncestorTerm":"Neuroendocrine Tumors"
              },{
                "ConditionAncestorId":"D000017599",
                "ConditionAncestorTerm":"Neuroectodermal Tumors"
              },{
                "ConditionAncestorId":"D000009373",
                "ConditionAncestorTerm":"Neoplasms, Germ Cell and Embryonal"
              },{
                "ConditionAncestorId":"D000009370",
                "ConditionAncestorTerm":"Neoplasms by Histologic Type"
              },{
                "ConditionAncestorId":"D000009380",
                "ConditionAncestorTerm":"Neoplasms, Nerve Tissue"
              },{
                "ConditionAncestorId":"D000018326",
                "ConditionAncestorTerm":"Nevi and Melanomas"
              },{
                "ConditionAncestorId":"D000018204",
                "ConditionAncestorTerm":"Neoplasms, Connective and Soft Tissue"
              }
            ]
          },
          "ConditionBrowseLeafList":{
            "ConditionBrowseLeaf":[
              {
                "ConditionBrowseLeafId":"M3802",
                "ConditionBrowseLeafName":"Breast Neoplasms",
                "ConditionBrowseLeafRelevance":"low"
              },{
                "ConditionBrowseLeafId":"M8866",
                "ConditionBrowseLeafName":"Infection",
                "ConditionBrowseLeafRelevance":"low"
              },{
                "ConditionBrowseLeafId":"M9755",
                "ConditionBrowseLeafName":"Lung Neoplasms",
                "ConditionBrowseLeafRelevance":"low"
              },{
                "ConditionBrowseLeafId":"M10111",
                "ConditionBrowseLeafName":"Melanoma",
                "ConditionBrowseLeafAsFound":"Melanoma",
                "ConditionBrowseLeafRelevance":"high"
              },{
                "ConditionBrowseLeafId":"M12918",
                "ConditionBrowseLeafName":"Prostatic Neoplasms",
                "ConditionBrowseLeafRelevance":"low"
              },{
                "ConditionBrowseLeafId":"M4951",
                "ConditionBrowseLeafName":"Communicable Diseases",
                "ConditionBrowseLeafRelevance":"low"
              },{
                "ConditionBrowseLeafId":"M16833",
                "ConditionBrowseLeafName":"HIV Infections",
                "ConditionBrowseLeafRelevance":"low"
              },{
                "ConditionBrowseLeafId":"M13910",
                "ConditionBrowseLeafName":"Sarcoma",
                "ConditionBrowseLeafAsFound":"Sarcoma",
                "ConditionBrowseLeafRelevance":"high"
              },{
                "ConditionBrowseLeafId":"M2103",
                "ConditionBrowseLeafName":"Acquired Immunodeficiency Syndrome",
                "ConditionBrowseLeafRelevance":"low"
              },{
                "ConditionBrowseLeafId":"M14257",
                "ConditionBrowseLeafName":"Skin Diseases",
                "ConditionBrowseLeafRelevance":"low"
              },{
                "ConditionBrowseLeafId":"M19079",
                "ConditionBrowseLeafName":"Neuroendocrine Tumors",
                "ConditionBrowseLeafRelevance":"low"
              },{
                "ConditionBrowseLeafId":"M18428",
                "ConditionBrowseLeafName":"Neuroectodermal Tumors",
                "ConditionBrowseLeafRelevance":"low"
              },{
                "ConditionBrowseLeafId":"M18971",
                "ConditionBrowseLeafName":"Neuroectodermal Tumors, Primitive",
                "ConditionBrowseLeafRelevance":"low"
              },{
                "ConditionBrowseLeafId":"M10901",
                "ConditionBrowseLeafName":"Neoplasms, Germ Cell and Embryonal",
                "ConditionBrowseLeafRelevance":"low"
              },{
                "ConditionBrowseLeafId":"M10898",
                "ConditionBrowseLeafName":"Neoplasms by Histologic Type",
                "ConditionBrowseLeafRelevance":"low"
              },{
                "ConditionBrowseLeafId":"M10908",
                "ConditionBrowseLeafName":"Neoplasms, Nerve Tissue",
                "ConditionBrowseLeafRelevance":"low"
              },{
                "ConditionBrowseLeafId":"M11029",
                "ConditionBrowseLeafName":"Nevus",
                "ConditionBrowseLeafRelevance":"low"
              },{
                "ConditionBrowseLeafId":"M11031",
                "ConditionBrowseLeafName":"Nevus, Pigmented",
                "ConditionBrowseLeafRelevance":"low"
              },{
                "ConditionBrowseLeafId":"M19054",
                "ConditionBrowseLeafName":"Nevi and Melanomas",
                "ConditionBrowseLeafRelevance":"low"
              },{
                "ConditionBrowseLeafId":"M18933",
                "ConditionBrowseLeafName":"Neoplasms, Connective and Soft Tissue",
                "ConditionBrowseLeafRelevance":"low"
              },{
                "ConditionBrowseLeafId":"T5284",
                "ConditionBrowseLeafName":"Soft Tissue Sarcoma",
                "ConditionBrowseLeafRelevance":"low"
              },{
                "ConditionBrowseLeafId":"T4091",
                "ConditionBrowseLeafName":"Neuroendocrine Tumor",
                "ConditionBrowseLeafRelevance":"low"
              },{
                "ConditionBrowseLeafId":"T4092",
                "ConditionBrowseLeafName":"Neuroepithelioma",
                "ConditionBrowseLeafRelevance":"low"
              }
            ]
          },
          "ConditionBrowseBranchList":{
            "ConditionBrowseBranch":[
              {
                "ConditionBrowseBranchAbbrev":"BC04",
                "ConditionBrowseBranchName":"Cancers and Other Neoplasms"
              },{
                "ConditionBrowseBranchAbbrev":"BC17",
                "ConditionBrowseBranchName":"Skin and Connective Tissue Diseases"
              },{
                "ConditionBrowseBranchAbbrev":"All",
                "ConditionBrowseBranchName":"All Conditions"
              },{
                "ConditionBrowseBranchAbbrev":"BC01",
                "ConditionBrowseBranchName":"Bacterial and Fungal Diseases"
              },{
                "ConditionBrowseBranchAbbrev":"BC08",
                "ConditionBrowseBranchName":"Respiratory Tract (Lung and Bronchial) Diseases"
              },{
                "ConditionBrowseBranchAbbrev":"BXS",
                "ConditionBrowseBranchName":"Urinary Tract, Sexual Organs, and Pregnancy Conditions"
              },{
                "ConditionBrowseBranchAbbrev":"BC02",
                "ConditionBrowseBranchName":"Viral Diseases"
              },{
                "ConditionBrowseBranchAbbrev":"BC20",
                "ConditionBrowseBranchName":"Immune System Diseases"
              },{
                "ConditionBrowseBranchAbbrev":"Rare",
                "ConditionBrowseBranchName":"Rare Diseases"
              }
            ]
          }
        }
      }
    }
  }
}

