{
  "FullStudy":{
    "Rank":368058,
    "Study":{
      "ProtocolSection":{
        "IdentificationModule":{
          "NCTId":"NCT00022321",
          "OrgStudyIdInfo":{
            "OrgStudyId":"CDR0000068805"
          },
          "SecondaryIdInfoList":{
            "SecondaryIdInfo":[
              {
                "SecondaryId":"UCLA-0012052"
              },{
                "SecondaryId":"W-AR-0903B1-207-US"
              },{
                "SecondaryId":"NCI-G01-1996"
              }
            ]
          },
          "Organization":{
            "OrgFullName":"National Cancer Institute (NCI)",
            "OrgClass":"NIH"
          },
          "BriefTitle":"Gemtuzumab in Treating Patients With Myelodysplastic Syndrome",
          "OfficialTitle":"A Randomized Study Of The Safety And Efficacy Of Two Dose Schedules Of Gemcituzumab Ozogamicin In Patients With Intermediate-2 Or High-Risk Myelodysplastic Syndromes"
        },
        "StatusModule":{
          "StatusVerifiedDate":"June 2002",
          "OverallStatus":"Unknown status",
          "LastKnownStatus":"Active, not recruiting",
          "ExpandedAccessInfo":{
            "HasExpandedAccess":"No"
          },
          "StartDateStruct":{
            "StartDate":"September 2001"
          },
          "StudyFirstSubmitDate":"August 10, 2001",
          "StudyFirstSubmitQCDate":"January 13, 2004",
          "StudyFirstPostDateStruct":{
            "StudyFirstPostDate":"January 14, 2004",
            "StudyFirstPostDateType":"Estimate"
          },
          "LastUpdateSubmitDate":"December 18, 2013",
          "LastUpdatePostDateStruct":{
            "LastUpdatePostDate":"December 19, 2013",
            "LastUpdatePostDateType":"Estimate"
          }
        },
        "SponsorCollaboratorsModule":{
          "LeadSponsor":{
            "LeadSponsorName":"Jonsson Comprehensive Cancer Center",
            "LeadSponsorClass":"OTHER"
          },
          "CollaboratorList":{
            "Collaborator":[
              {
                "CollaboratorName":"National Cancer Institute (NCI)",
                "CollaboratorClass":"NIH"
              }
            ]
          }
        },
        "OversightModule":{},
        "DescriptionModule":{
          "BriefSummary":"RATIONALE: Monoclonal antibodies such as gemtuzumab can locate tumor cells and either kill them or deliver tumor-killing substances to them without harming normal cells.\n\nPURPOSE: Randomized phase II trial to study the effectiveness of gemtuzumab in treating patients who have myelodysplastic syndrome.",
          "DetailedDescription":"OBJECTIVES: I. Determine the total survival of patients with intermediate-2 or high-risk myelodysplastic syndrome treated with gemtuzumab ozogamicin. II. Assess the quality of life of patients treated with this drug. III. Compare two different dose schedules of this drug in these patients. IV. Determine the safety of this drug in these patients. V. Determine the number of patients treated with this drug that achieve complete remission, partial remission, stable disease, major and minor hematologic improvements, or major and minor cytogenetic responses. VI. Determine the progression-free survival, relapse-free survival, and time to progression to acute myeloid leukemia in patients treated with this drug. VII. Determine the number of transfusions, number of days on IV antibiotics, and the number of days hospitalized in patients treated with this drug. VIII. Determine the possible predictors of response in patients treated with this drug, including age, karyotype, and multi-drug resistance efflux. IX. Determine the pharmacokinetics of this drug in these patients. X. Correlate the results of pharmacogenomic studies to gene activation and response to therapy in patients treated with this drug.\n\nOUTLINE: This is a randomized, open-label, multicenter study. Patients are stratified according to age (60 and under vs over 60) and IPSS score (1.5-2.0 vs 2.5 and greater). Patients are randomized to one of two treatment arms. Arm I: Patients receive gemtuzumab ozogamicin IV over 2 hours on day 1. Arm II: Patients receive gemtuzumab ozogamicin IV over 2 hours on days 1 and 15. After completion of induction therapy, patients in both arms with stable or responding disease may receive post-remission therapy comprising up to 3 additional doses of gemtuzumab ozogamicin approximately 28-42 days apart. Quality of life is assessed at baseline, on day 29 for arm I, on day 43 for arm II, on day 127 for patients that receive additional doses of study drug, and at 8 months for all patients. Patients who do not respond to induction therapy are followed monthly for 8 months and then every 3 months thereafter. Patients who receive post-remission therapy are followed every 3 months.\n\nPROJECTED ACCRUAL: Approximately 128 patients (64 per treatment arm) will be accrued for this study within 12 months."
        },
        "ConditionsModule":{
          "ConditionList":{
            "Condition":[
              "Myelodysplastic Syndromes"
            ]
          },
          "KeywordList":{
            "Keyword":[
              "refractory anemia",
              "refractory anemia with ringed sideroblasts",
              "refractory anemia with excess blasts",
              "refractory anemia with excess blasts in transformation",
              "de novo myelodysplastic syndromes"
            ]
          }
        },
        "DesignModule":{
          "StudyType":"Interventional",
          "PhaseList":{
            "Phase":[
              "Phase 2"
            ]
          },
          "DesignInfo":{
            "DesignPrimaryPurpose":"Treatment"
          }
        },
        "ArmsInterventionsModule":{
          "InterventionList":{
            "Intervention":[
              {
                "InterventionType":"Drug",
                "InterventionName":"gemtuzumab ozogamicin"
              }
            ]
          }
        },
        "EligibilityModule":{
          "EligibilityCriteria":"DISEASE CHARACTERISTICS: Histologically confirmed myelodysplastic syndrome (MDS) Refractory anemia (RA) RA with ringed sideroblasts RA with excessive blasts (RAEB) RAEB in transformation (stable disease for at least 2 months) No chromosomal abnormalities including t(8;21), inv(16), or t(15;17) No chronic myelomonocytic leukemia proliferative type (WBC greater than 12,000/mm3) No known CNS involvement with MDS blast progression International Prognostic Scoring System (IPSS) score at least 1.5\n\nPATIENT CHARACTERISTICS: Age: 18 and over Performance status: ECOG 0-2 Life expectancy: Not specified Hematopoietic: See Disease Characteristics Hepatic: Bilirubin less than 1.5 mg/dL Renal: Creatinine less than 2.0 mg/dL Cardiovascular: No severe cardiac disease Pulmonary: No severe pulmonary disease Other: Not pregnant or nursing Negative pregnancy test Fertile patients must use effective contraception during and for 1 year after study HIV negative No other prior active malignancy except basal cell or squamous cell skin cancer No uncontrolled infections\n\nPRIOR CONCURRENT THERAPY: Biologic therapy: No prior stem cell transplantation No prior anti-CD33 antibodies At least 4 weeks since prior hematopoietic growth factors, epoetin alfa, or cytokine therapy Chemotherapy: No prior chemotherapy for MDS or other malignancy No concurrent cytotoxic chemotherapy Endocrine therapy: At least 4 weeks since prior systemic steroids except topical or inhaled steroids No concurrent systemic steroids except topical or inhaled steroids Radiotherapy: No prior radiotherapy for MDS or other malignancy Surgery: No prior organ transplantation Other: At least 4 weeks since prior immunosuppressive therapy At least 4 weeks since prior investigational agents No concurrent immunosuppressive therapy No other concurrent investigational agents",
          "HealthyVolunteers":"No",
          "Gender":"All",
          "MinimumAge":"18 Years",
          "StdAgeList":{
            "StdAge":[
              "Adult",
              "Older Adult"
            ]
          }
        },
        "ContactsLocationsModule":{
          "OverallOfficialList":{
            "OverallOfficial":[
              {
                "OverallOfficialName":"Gary J. Schiller, MD",
                "OverallOfficialAffiliation":"Jonsson Comprehensive Cancer Center",
                "OverallOfficialRole":"Study Chair"
              }
            ]
          },
          "LocationList":{
            "Location":[
              {
                "LocationFacility":"Jonsson Comprehensive Cancer Center, UCLA",
                "LocationCity":"Los Angeles",
                "LocationState":"California",
                "LocationZip":"90095-1781",
                "LocationCountry":"United States"
              }
            ]
          }
        }
      },
      "DerivedSection":{
        "MiscInfoModule":{
          "VersionHolder":"April 19, 2021"
        },
        "ConditionBrowseModule":{
          "ConditionMeshList":{
            "ConditionMesh":[
              {
                "ConditionMeshId":"D000011289",
                "ConditionMeshTerm":"Preleukemia"
              },{
                "ConditionMeshId":"D000009190",
                "ConditionMeshTerm":"Myelodysplastic Syndromes"
              },{
                "ConditionMeshId":"D000013577",
                "ConditionMeshTerm":"Syndrome"
              }
            ]
          },
          "ConditionAncestorList":{
            "ConditionAncestor":[
              {
                "ConditionAncestorId":"D000004194",
                "ConditionAncestorTerm":"Disease"
              },{
                "ConditionAncestorId":"D000010335",
                "ConditionAncestorTerm":"Pathologic Processes"
              },{
                "ConditionAncestorId":"D000001855",
                "ConditionAncestorTerm":"Bone Marrow Diseases"
              },{
                "ConditionAncestorId":"D000006402",
                "ConditionAncestorTerm":"Hematologic Diseases"
              },{
                "ConditionAncestorId":"D000011230",
                "ConditionAncestorTerm":"Precancerous Conditions"
              },{
                "ConditionAncestorId":"D000009369",
                "ConditionAncestorTerm":"Neoplasms"
              }
            ]
          },
          "ConditionBrowseLeafList":{
            "ConditionBrowseLeaf":[
              {
                "ConditionBrowseLeafId":"M14938",
                "ConditionBrowseLeafName":"Syndrome",
                "ConditionBrowseLeafAsFound":"Syndrome",
                "ConditionBrowseLeafRelevance":"high"
              },{
                "ConditionBrowseLeafId":"M2651",
                "ConditionBrowseLeafName":"Anemia",
                "ConditionBrowseLeafRelevance":"low"
              },{
                "ConditionBrowseLeafId":"M12747",
                "ConditionBrowseLeafName":"Preleukemia",
                "ConditionBrowseLeafAsFound":"Myelodysplastic Syndrome",
                "ConditionBrowseLeafRelevance":"high"
              },{
                "ConditionBrowseLeafId":"M10728",
                "ConditionBrowseLeafName":"Myelodysplastic Syndromes",
                "ConditionBrowseLeafAsFound":"Myelodysplastic Syndrome",
                "ConditionBrowseLeafRelevance":"high"
              },{
                "ConditionBrowseLeafId":"M2665",
                "ConditionBrowseLeafName":"Anemia, Refractory, with Excess of Blasts",
                "ConditionBrowseLeafRelevance":"low"
              },{
                "ConditionBrowseLeafId":"M2664",
                "ConditionBrowseLeafName":"Anemia, Refractory",
                "ConditionBrowseLeafRelevance":"low"
              },{
                "ConditionBrowseLeafId":"M3716",
                "ConditionBrowseLeafName":"Bone Marrow Diseases",
                "ConditionBrowseLeafRelevance":"low"
              },{
                "ConditionBrowseLeafId":"M8073",
                "ConditionBrowseLeafName":"Hematologic Diseases",
                "ConditionBrowseLeafRelevance":"low"
              },{
                "ConditionBrowseLeafId":"M12694",
                "ConditionBrowseLeafName":"Precancerous Conditions",
                "ConditionBrowseLeafRelevance":"low"
              },{
                "ConditionBrowseLeafId":"T3993",
                "ConditionBrowseLeafName":"Myelodysplastic Syndromes",
                "ConditionBrowseLeafAsFound":"Myelodysplastic Syndrome",
                "ConditionBrowseLeafRelevance":"high"
              },{
                "ConditionBrowseLeafId":"T3991",
                "ConditionBrowseLeafName":"Myelodysplastic Syndrome With Excess Blasts",
                "ConditionBrowseLeafRelevance":"low"
              },{
                "ConditionBrowseLeafId":"T5232",
                "ConditionBrowseLeafName":"Sideroblastic Anemia Pyridoxine-refractory Autosomal Recessive",
                "ConditionBrowseLeafRelevance":"low"
              }
            ]
          },
          "ConditionBrowseBranchList":{
            "ConditionBrowseBranch":[
              {
                "ConditionBrowseBranchAbbrev":"BC23",
                "ConditionBrowseBranchName":"Symptoms and General Pathology"
              },{
                "ConditionBrowseBranchAbbrev":"All",
                "ConditionBrowseBranchName":"All Conditions"
              },{
                "ConditionBrowseBranchAbbrev":"BC15",
                "ConditionBrowseBranchName":"Blood and Lymph Conditions"
              },{
                "ConditionBrowseBranchAbbrev":"BC04",
                "ConditionBrowseBranchName":"Cancers and Other Neoplasms"
              },{
                "ConditionBrowseBranchAbbrev":"Rare",
                "ConditionBrowseBranchName":"Rare Diseases"
              }
            ]
          }
        },
        "InterventionBrowseModule":{
          "InterventionMeshList":{
            "InterventionMesh":[
              {
                "InterventionMeshId":"C000406061",
                "InterventionMeshTerm":"Gemtuzumab"
              }
            ]
          },
          "InterventionAncestorList":{
            "InterventionAncestor":[
              {
                "InterventionAncestorId":"D000074322",
                "InterventionAncestorTerm":"Antineoplastic Agents, Immunological"
              },{
                "InterventionAncestorId":"D000000970",
                "InterventionAncestorTerm":"Antineoplastic Agents"
              }
            ]
          },
          "InterventionBrowseLeafList":{
            "InterventionBrowseLeaf":[
              {
                "InterventionBrowseLeafId":"M260477",
                "InterventionBrowseLeafName":"Gemtuzumab",
                "InterventionBrowseLeafAsFound":"NRT",
                "InterventionBrowseLeafRelevance":"high"
              },{
                "InterventionBrowseLeafId":"M1346",
                "InterventionBrowseLeafName":"Antineoplastic Agents, Immunological",
                "InterventionBrowseLeafRelevance":"low"
              }
            ]
          },
          "InterventionBrowseBranchList":{
            "InterventionBrowseBranch":[
              {
                "InterventionBrowseBranchAbbrev":"ANeo",
                "InterventionBrowseBranchName":"Antineoplastic Agents"
              },{
                "InterventionBrowseBranchAbbrev":"All",
                "InterventionBrowseBranchName":"All Drugs and Chemicals"
              }
            ]
          }
        }
      }
    }
  }
}

