{
  "FullStudy":{
    "Rank":367698,
    "Study":{
      "ProtocolSection":{
        "IdentificationModule":{
          "NCTId":"NCT00027430",
          "OrgStudyIdInfo":{
            "OrgStudyId":"FD-R-1981-01"
          },
          "SecondaryIdInfoList":{
            "SecondaryIdInfo":[
              {
                "SecondaryId":"FD-R-001981-01"
              }
            ]
          },
          "Organization":{
            "OrgFullName":"FDA Office of Orphan Products Development",
            "OrgClass":"FED"
          },
          "BriefTitle":"Androgen Replacement Therapy in Women With Hypopituitarism",
          "OfficialTitle":"TheraDerm Administration in Women With Hypopituitarism"
        },
        "StatusModule":{
          "StatusVerifiedDate":"November 2001",
          "OverallStatus":"Completed",
          "StartDateStruct":{
            "StartDate":"September 2001"
          },
          "CompletionDateStruct":{
            "CompletionDate":"December 2004"
          },
          "StudyFirstSubmitDate":"December 5, 2001",
          "StudyFirstSubmitQCDate":"December 6, 2001",
          "StudyFirstPostDateStruct":{
            "StudyFirstPostDate":"December 7, 2001",
            "StudyFirstPostDateType":"Estimate"
          },
          "LastUpdateSubmitDate":"March 24, 2015",
          "LastUpdatePostDateStruct":{
            "LastUpdatePostDate":"March 25, 2015",
            "LastUpdatePostDateType":"Estimate"
          }
        },
        "SponsorCollaboratorsModule":{
          "LeadSponsor":{
            "LeadSponsorName":"Massachusetts General Hospital",
            "LeadSponsorClass":"OTHER"
          }
        },
        "OversightModule":{},
        "DescriptionModule":{
          "BriefSummary":"This is a study to determine whether testosterone replacement with TheraDerm can improve bone density, mood, sex drive, thinking, and distribution of body fat and muscle mass in women with hypopituitarism.",
          "DetailedDescription":"Patients will be randomized into 2 groups to receive testosterone replacement therapy or placebo. Group 1 will receive 2 testosterone patches and estrogen pills for 12 months. Group 2 will receive 2 placebo patches and estrogen pills for 12 months. Changes in bone density, bone metabolism markers, body composition, libido, and quality of life will be compared in the women receiving testosterone replacement therapy with that of the women receiving placebo.\n\nCompletion date provided represents the completion date of the grant per OOPD records"
        },
        "ConditionsModule":{
          "ConditionList":{
            "Condition":[
              "Hypopituitarism"
            ]
          }
        },
        "DesignModule":{
          "StudyType":"Interventional",
          "PhaseList":{
            "Phase":[
              "Not Applicable"
            ]
          },
          "DesignInfo":{
            "DesignAllocation":"Randomized",
            "DesignInterventionModel":"Parallel Assignment",
            "DesignPrimaryPurpose":"Treatment"
          },
          "EnrollmentInfo":{
            "EnrollmentCount":"50",
            "EnrollmentType":"Anticipated"
          }
        },
        "ArmsInterventionsModule":{
          "InterventionList":{
            "Intervention":[
              {
                "InterventionType":"Drug",
                "InterventionName":"TheraDerm"
              }
            ]
          }
        },
        "EligibilityModule":{
          "EligibilityCriteria":"Inclusion criteria:\n\nHypogonadism and/or hypoadrenalism of central origin\nTestosterone or free testosterone level below the median for age-matched normal controls\nPrior estrogen preparation for at least 6 months\n\nExclusion criteria:\n\nAny disease known to affect bone metabolism, including untreated hypothyroidism or hyperthyroidism\nChange in thyroid hormone dose in the last 3 months\nUntreated Cushing's syndrome\nRenal failure\nAlcoholism\nAnorexia nervosa\nPrior use of medication known to affect bone metabolism (e.g., supraphysiologic doses of glucocorticoids, phenytoin, bisphosphonates, or calcitonin) within the past 3 months\nPregnant or nursing\nUncontrolled hypertension\nALT greater than 3 times upper limit of normal\nSerum creatinine greater than 2 times the upper limit of normal\nAny contraindication to estrogen therapy, including history of breast cancer or undiagnosed uterine bleeding\nConcurrent growth hormone replacement therapy, if patient has been receiving it for less than 2 years",
          "HealthyVolunteers":"No",
          "Gender":"Female",
          "MinimumAge":"18 Years",
          "MaximumAge":"50 Years",
          "StdAgeList":{
            "StdAge":[
              "Adult"
            ]
          }
        },
        "ContactsLocationsModule":{
          "OverallOfficialList":{
            "OverallOfficial":[
              {
                "OverallOfficialName":"Anne Klibanski, M.D.",
                "OverallOfficialAffiliation":"Massachusetts General Hospital",
                "OverallOfficialRole":"Principal Investigator"
              }
            ]
          },
          "LocationList":{
            "Location":[
              {
                "LocationFacility":"Massachusetts General Hospital",
                "LocationCity":"Boston",
                "LocationState":"Massachusetts",
                "LocationZip":"02114",
                "LocationCountry":"United States"
              }
            ]
          }
        },
        "ReferencesModule":{
          "ReferenceList":{
            "Reference":[
              {
                "ReferencePMID":"22137497",
                "ReferenceType":"derived",
                "ReferenceCitation":"Lin E, McCabe E, Newton-Cheh C, Bloch K, Buys E, Wang T, Miller KK. Effects of transdermal testosterone on natriuretic peptide levels in women: a randomized placebo-controlled pilot study. Fertil Steril. 2012 Feb;97(2):489-93. doi: 10.1016/j.fertnstert.2011.11.001. Epub 2011 Dec 2."
              }
            ]
          }
        }
      },
      "DerivedSection":{
        "MiscInfoModule":{
          "VersionHolder":"April 19, 2021"
        },
        "ConditionBrowseModule":{
          "ConditionMeshList":{
            "ConditionMesh":[
              {
                "ConditionMeshId":"D000007018",
                "ConditionMeshTerm":"Hypopituitarism"
              }
            ]
          },
          "ConditionAncestorList":{
            "ConditionAncestor":[
              {
                "ConditionAncestorId":"D000010900",
                "ConditionAncestorTerm":"Pituitary Diseases"
              },{
                "ConditionAncestorId":"D000007027",
                "ConditionAncestorTerm":"Hypothalamic Diseases"
              },{
                "ConditionAncestorId":"D000001927",
                "ConditionAncestorTerm":"Brain Diseases"
              },{
                "ConditionAncestorId":"D000002493",
                "ConditionAncestorTerm":"Central Nervous System Diseases"
              },{
                "ConditionAncestorId":"D000009422",
                "ConditionAncestorTerm":"Nervous System Diseases"
              },{
                "ConditionAncestorId":"D000004700",
                "ConditionAncestorTerm":"Endocrine System Diseases"
              }
            ]
          },
          "ConditionBrowseLeafList":{
            "ConditionBrowseLeaf":[
              {
                "ConditionBrowseLeafId":"M8651",
                "ConditionBrowseLeafName":"Hypopituitarism",
                "ConditionBrowseLeafAsFound":"Hypopituitarism",
                "ConditionBrowseLeafRelevance":"high"
              },{
                "ConditionBrowseLeafId":"M12374",
                "ConditionBrowseLeafName":"Pituitary Diseases",
                "ConditionBrowseLeafRelevance":"low"
              },{
                "ConditionBrowseLeafId":"M8660",
                "ConditionBrowseLeafName":"Hypothalamic Diseases",
                "ConditionBrowseLeafRelevance":"low"
              },{
                "ConditionBrowseLeafId":"M3786",
                "ConditionBrowseLeafName":"Brain Diseases",
                "ConditionBrowseLeafRelevance":"low"
              },{
                "ConditionBrowseLeafId":"M4325",
                "ConditionBrowseLeafName":"Central Nervous System Diseases",
                "ConditionBrowseLeafRelevance":"low"
              },{
                "ConditionBrowseLeafId":"M6445",
                "ConditionBrowseLeafName":"Endocrine System Diseases",
                "ConditionBrowseLeafRelevance":"low"
              },{
                "ConditionBrowseLeafId":"T2955",
                "ConditionBrowseLeafName":"Hypopituitarism",
                "ConditionBrowseLeafAsFound":"Hypopituitarism",
                "ConditionBrowseLeafRelevance":"high"
              }
            ]
          },
          "ConditionBrowseBranchList":{
            "ConditionBrowseBranch":[
              {
                "ConditionBrowseBranchAbbrev":"BC10",
                "ConditionBrowseBranchName":"Nervous System Diseases"
              },{
                "ConditionBrowseBranchAbbrev":"BC19",
                "ConditionBrowseBranchName":"Gland and Hormone Related Diseases"
              },{
                "ConditionBrowseBranchAbbrev":"All",
                "ConditionBrowseBranchName":"All Conditions"
              },{
                "ConditionBrowseBranchAbbrev":"Rare",
                "ConditionBrowseBranchName":"Rare Diseases"
              }
            ]
          }
        },
        "InterventionBrowseModule":{
          "InterventionBrowseLeafList":{
            "InterventionBrowseLeaf":[
              {
                "InterventionBrowseLeafId":"M2640",
                "InterventionBrowseLeafName":"Androgens",
                "InterventionBrowseLeafRelevance":"low"
              }
            ]
          },
          "InterventionBrowseBranchList":{
            "InterventionBrowseBranch":[
              {
                "InterventionBrowseBranchAbbrev":"All",
                "InterventionBrowseBranchName":"All Drugs and Chemicals"
              }
            ]
          }
        }
      }
    }
  }
}

