{
  "FullStudy":{
    "Rank":368081,
    "Study":{
      "ProtocolSection":{
        "IdentificationModule":{
          "NCTId":"NCT00021983",
          "NCTIdAliasList":{
            "NCTIdAlias":[
              "NCT00001792"
            ]
          },
          "OrgStudyIdInfo":{
            "OrgStudyId":"CDR0000066835"
          },
          "SecondaryIdInfoList":{
            "SecondaryIdInfo":[
              {
                "SecondaryId":"NCI-99-C-0014"
              },{
                "SecondaryId":"NCI-T98-0063"
              }
            ]
          },
          "Organization":{
            "OrgFullName":"National Cancer Institute (NCI)",
            "OrgClass":"NIH"
          },
          "BriefTitle":"Immunotoxin Therapy in Treating Patients With Hairy Cell Leukemia",
          "OfficialTitle":"Phase I Study of BL22, a Recombinant Immunotoxin for Treatment of CD22+ Leukemias and Lymphomas"
        },
        "StatusModule":{
          "StatusVerifiedDate":"January 2006",
          "OverallStatus":"Completed",
          "ExpandedAccessInfo":{
            "HasExpandedAccess":"No"
          },
          "StartDateStruct":{
            "StartDate":"December 1998"
          },
          "StudyFirstSubmitDate":"August 10, 2001",
          "StudyFirstSubmitQCDate":"December 11, 2003",
          "StudyFirstPostDateStruct":{
            "StudyFirstPostDate":"December 12, 2003",
            "StudyFirstPostDateType":"Estimate"
          },
          "LastUpdateSubmitDate":"April 28, 2015",
          "LastUpdatePostDateStruct":{
            "LastUpdatePostDate":"April 29, 2015",
            "LastUpdatePostDateType":"Estimate"
          }
        },
        "SponsorCollaboratorsModule":{
          "LeadSponsor":{
            "LeadSponsorName":"National Cancer Institute (NCI)",
            "LeadSponsorClass":"NIH"
          }
        },
        "DescriptionModule":{
          "BriefSummary":"RATIONALE: An immunotoxin can locate cancer cells and kill them without harming normal cells. This may be an effective treatment for hairy cell leukemia.\n\nPURPOSE: Phase I trial to study the effectiveness of BL22 immunotoxin in treating patients who have refractory or recurrent hairy cell leukemia.",
          "DetailedDescription":"OBJECTIVES:\n\nAssess the toxicity and therapeutic efficacy of recombinant BL22 immunotoxin in patients with refractory or recurrent CD22+ hairy cell leukemia.\nDefine the pharmacokinetics of this drug, including the terminal elimination serum half-life area under the curve and volume of distribution, in these patients.\nEvaluate the immunogenicity of this drug in these patients.\nDetermine the effect of this drug on various components of the circulating cellular immune system in these patients.\n\nOUTLINE: This is a dose-escalation study.\n\nPatients receive recombinant BL22 immunotoxin IV over 30 minutes on days 1, 3, and 5. Treatment repeats at least every 42 days for up to 4 courses in the absence of disease progression and sufficient neutralizing antibodies.\n\nCohorts of 3-6 patients receive escalating doses of recombinant BL22 immunotoxin until the maximum tolerated dose (MTD) is determined. The MTD is defined as the dose at which no more than 1 of 6 patients experiences dose-limiting toxicity.\n\nPROJECTED ACCRUAL: A maximum of 46 patients will be accrued for this study within 3 years."
        },
        "ConditionsModule":{
          "ConditionList":{
            "Condition":[
              "Leukemia"
            ]
          },
          "KeywordList":{
            "Keyword":[
              "refractory hairy cell leukemia"
            ]
          }
        },
        "DesignModule":{
          "StudyType":"Interventional",
          "PhaseList":{
            "Phase":[
              "Phase 1"
            ]
          },
          "DesignInfo":{
            "DesignPrimaryPurpose":"Treatment"
          }
        },
        "ArmsInterventionsModule":{
          "InterventionList":{
            "Intervention":[
              {
                "InterventionType":"Biological",
                "InterventionName":"BL22 immunotoxin"
              }
            ]
          }
        },
        "EligibilityModule":{
          "EligibilityCriteria":"DISEASE CHARACTERISTICS:\n\nHistologically confirmed refractory or recurrent hairy cell leukemia\n\nRelapsed after less than 2 years of complete remission after purine analog therapy\n\nMust have at least one of the following indications for therapy:\n\nProgressive or massive splenomegaly\n\nCytopenia defined by the following:\n\nAbsolute neutrophil count less than 1,000/mm^3 OR\nPlatelet count less than 100,000/mm^3 OR\nHemoglobin less than 12 g/dL\nMore than 20,000 hairy cells/mm^3\nSymptomatic adenopathy\nConstitutional symptoms including tumor-related fever or bone pain\n\nEvidence of CD22 positivity by 1 of the following:\n\nMore than 15% of malignant cells from a site must react with anti-CD22 by immunohistochemistry\nMore than 30% of malignant cells from a site CD22+ by fluorescent-activated cell sorter\nMore than 400 CD22 sites/cell (average) on malignant cells as assessed by radiolabeled anti-CD22 binding\nNo CNS disease requiring treatment\n\nNo patients whose serum neutralizes BL22 immunotoxin in tissue culture, due to either antitoxin or antimouse-IgG antibodies\n\nNo patients whose serum neutralizes more than 75% of the activity of 1 microgram/mL of BL22 immunotoxin\n\nPATIENT CHARACTERISTICS:\n\nAge:\n\n18 and over\n\nPerformance status:\n\nKarnofsky 60-100%\n\nLife expectancy:\n\nMore than 6 months\n\nHematopoietic:\n\nSee Disease Characteristics\nPancytopenia due to disease allowed\n\nHepatic:\n\nALT and AST less than 2.5 times upper limit of normal (ULN)\nBilirubin less than 1.5 times ULN\n\nRenal:\n\nCreatinine no greater than 2.0 mg/dL\n\nPulmonary:\n\nFEV1 at least 60% of predicted\nDLCO at least 55% of predicted\n\nOther:\n\nHIV negative\nNot pregnant or nursing\nNegative pregnancy test\nFertile patients must use effective contraception\n\nPRIOR CONCURRENT THERAPY:\n\nBiologic therapy:\n\nPrior bone marrow transplantation allowed\nAt least 3 weeks since prior interferon for the malignancy\nMore than 3 months since prior monoclonal antibody therapy (e.g., rituximab)\n\nChemotherapy:\n\nSee Disease Characteristics\nAt least 3 weeks since prior cytotoxic chemotherapy for the malignancy\n\nEndocrine therapy:\n\nNot specified\n\nRadiotherapy:\n\nAt least 3 weeks since prior whole body electron beam radiotherapy for the malignancy\nRadiotherapy within the past 3 weeks allowed provided less than 10% of total bone marrow was treated and patient has measurable disease outside the radiation port\n\nSurgery:\n\nNot specified\n\nOther:\n\nAt least 3 weeks since prior retinoids for the malignancy\nAt least 3 weeks since any other prior systemic therapy for the malignancy\nNo concurrent therapeutic warfarin",
          "HealthyVolunteers":"No",
          "Gender":"All",
          "MinimumAge":"18 Years",
          "StdAgeList":{
            "StdAge":[
              "Adult",
              "Older Adult"
            ]
          }
        },
        "ContactsLocationsModule":{
          "OverallOfficialList":{
            "OverallOfficial":[
              {
                "OverallOfficialName":"Robert Kreitman, MD",
                "OverallOfficialAffiliation":"National Cancer Institute (NCI)",
                "OverallOfficialRole":"Study Chair"
              }
            ]
          },
          "LocationList":{
            "Location":[
              {
                "LocationFacility":"Warren Grant Magnuson Clinical Center - NCI Clinical Studies Support",
                "LocationCity":"Bethesda",
                "LocationState":"Maryland",
                "LocationZip":"20892-1182",
                "LocationCountry":"United States"
              }
            ]
          }
        },
        "ReferencesModule":{
          "ReferenceList":{
            "Reference":[
              {
                "ReferencePMID":"18596230",
                "ReferenceType":"background",
                "ReferenceCitation":"Matsushita K, Margulies I, Onda M, Nagata S, Stetler-Stevenson M, Kreitman RJ. Soluble CD22 as a tumor marker for hairy cell leukemia. Blood. 2008 Sep 15;112(6):2272-7. doi: 10.1182/blood-2008-01-131987. Epub 2008 Jul 2."
              },{
                "ReferencePMID":"16061911",
                "ReferenceType":"background",
                "ReferenceCitation":"Kreitman RJ, Squires DR, Stetler-Stevenson M, Noel P, FitzGerald DJ, Wilson WH, Pastan I. Phase I trial of recombinant immunotoxin RFB4(dsFv)-PE38 (BL22) in patients with B-cell malignancies. J Clin Oncol. 2005 Sep 20;23(27):6719-29. Epub 2005 Aug 1."
              },{
                "ReferencePMID":"11474661",
                "ReferenceType":"result",
                "ReferenceCitation":"Kreitman RJ, Wilson WH, Bergeron K, Raggio M, Stetler-Stevenson M, FitzGerald DJ, Pastan I. Efficacy of the anti-CD22 recombinant immunotoxin BL22 in chemotherapy-resistant hairy-cell leukemia. N Engl J Med. 2001 Jul 26;345(4):241-7."
              }
            ]
          }
        }
      },
      "DerivedSection":{
        "MiscInfoModule":{
          "VersionHolder":"April 19, 2021"
        },
        "ConditionBrowseModule":{
          "ConditionMeshList":{
            "ConditionMesh":[
              {
                "ConditionMeshId":"D000007938",
                "ConditionMeshTerm":"Leukemia"
              }
            ]
          },
          "ConditionAncestorList":{
            "ConditionAncestor":[
              {
                "ConditionAncestorId":"D000009370",
                "ConditionAncestorTerm":"Neoplasms by Histologic Type"
              },{
                "ConditionAncestorId":"D000009369",
                "ConditionAncestorTerm":"Neoplasms"
              }
            ]
          },
          "ConditionBrowseLeafList":{
            "ConditionBrowseLeaf":[
              {
                "ConditionBrowseLeafId":"M9528",
                "ConditionBrowseLeafName":"Leukemia",
                "ConditionBrowseLeafAsFound":"Leukemia",
                "ConditionBrowseLeafRelevance":"high"
              },{
                "ConditionBrowseLeafId":"M9803",
                "ConditionBrowseLeafName":"Lymphoma",
                "ConditionBrowseLeafRelevance":"low"
              },{
                "ConditionBrowseLeafId":"M9533",
                "ConditionBrowseLeafName":"Leukemia, Hairy Cell",
                "ConditionBrowseLeafRelevance":"low"
              },{
                "ConditionBrowseLeafId":"M10898",
                "ConditionBrowseLeafName":"Neoplasms by Histologic Type",
                "ConditionBrowseLeafRelevance":"low"
              },{
                "ConditionBrowseLeafId":"T3543",
                "ConditionBrowseLeafName":"Lymphosarcoma",
                "ConditionBrowseLeafRelevance":"low"
              },{
                "ConditionBrowseLeafId":"T2650",
                "ConditionBrowseLeafName":"Hairy Cell Leukemia",
                "ConditionBrowseLeafAsFound":"Hairy cell leukemia",
                "ConditionBrowseLeafRelevance":"high"
              }
            ]
          },
          "ConditionBrowseBranchList":{
            "ConditionBrowseBranch":[
              {
                "ConditionBrowseBranchAbbrev":"BC04",
                "ConditionBrowseBranchName":"Cancers and Other Neoplasms"
              },{
                "ConditionBrowseBranchAbbrev":"All",
                "ConditionBrowseBranchName":"All Conditions"
              },{
                "ConditionBrowseBranchAbbrev":"BC15",
                "ConditionBrowseBranchName":"Blood and Lymph Conditions"
              },{
                "ConditionBrowseBranchAbbrev":"BC20",
                "ConditionBrowseBranchName":"Immune System Diseases"
              },{
                "ConditionBrowseBranchAbbrev":"Rare",
                "ConditionBrowseBranchName":"Rare Diseases"
              }
            ]
          }
        },
        "InterventionBrowseModule":{
          "InterventionMeshList":{
            "InterventionMesh":[
              {
                "InterventionMeshId":"D000000922",
                "InterventionMeshTerm":"Immunotoxins"
              }
            ]
          },
          "InterventionAncestorList":{
            "InterventionAncestor":[
              {
                "InterventionAncestorId":"D000007155",
                "InterventionAncestorTerm":"Immunologic Factors"
              },{
                "InterventionAncestorId":"D000045505",
                "InterventionAncestorTerm":"Physiological Effects of Drugs"
              }
            ]
          },
          "InterventionBrowseLeafList":{
            "InterventionBrowseLeaf":[
              {
                "InterventionBrowseLeafId":"M2822",
                "InterventionBrowseLeafName":"Immunotoxins",
                "InterventionBrowseLeafAsFound":"LMWH",
                "InterventionBrowseLeafRelevance":"high"
              },{
                "InterventionBrowseLeafId":"M8784",
                "InterventionBrowseLeafName":"Immunologic Factors",
                "InterventionBrowseLeafRelevance":"low"
              }
            ]
          },
          "InterventionBrowseBranchList":{
            "InterventionBrowseBranch":[
              {
                "InterventionBrowseBranchAbbrev":"All",
                "InterventionBrowseBranchName":"All Drugs and Chemicals"
              }
            ]
          }
        }
      }
    }
  }
}

