{
  "FullStudy":{
    "Rank":367974,
    "Study":{
      "ProtocolSection":{
        "IdentificationModule":{
          "NCTId":"NCT00023465",
          "OrgStudyIdInfo":{
            "OrgStudyId":"NCRR-MO1RR00036-0798"
          },
          "Organization":{
            "OrgFullName":"National Center for Research Resources (NCRR)",
            "OrgClass":"NIH"
          },
          "BriefTitle":"Quantification of Pulmonary Neutrophil Activity in Cystic Fibrosis Using Radiolabeled Fluorodeoxyglucose and PET Imaging",
          "OfficialTitle":"Quantification of Pulmonary Neutrophil Activity in Cystic Fibrosis Using Radiolabeled Fluorodeoxyglucose and PET Imaging"
        },
        "StatusModule":{
          "StatusVerifiedDate":"December 2003",
          "OverallStatus":"Unknown status",
          "LastKnownStatus":"Recruiting",
          "ExpandedAccessInfo":{
            "HasExpandedAccess":"No"
          },
          "StudyFirstSubmitDate":"September 6, 2001",
          "StudyFirstSubmitQCDate":"September 8, 2001",
          "StudyFirstPostDateStruct":{
            "StudyFirstPostDate":"September 10, 2001",
            "StudyFirstPostDateType":"Estimate"
          },
          "LastUpdateSubmitDate":"June 23, 2005",
          "LastUpdatePostDateStruct":{
            "LastUpdatePostDate":"June 24, 2005",
            "LastUpdatePostDateType":"Estimate"
          }
        },
        "SponsorCollaboratorsModule":{
          "LeadSponsor":{
            "LeadSponsorName":"National Center for Research Resources (NCRR)",
            "LeadSponsorClass":"NIH"
          }
        },
        "DescriptionModule":{
          "BriefSummary":"It has been shown that neutrophils (a specific type of cell) are involved in inflammation in the lungs of CF patients. Neutrophil levels in CF patients have been measured by bronchoalveolar lavage (BAL), which samples cells in the fluid lining of the lungs. Other studies have measured neutrophil levels and inflammation in other parts of the body using PET scanning. This study aims to show that PET scanning can be used as a non-invasive marker of inflammation in the lungs of patients with CF, which would be a useful tool in treatment.\n\nThe primary goal of this study is to draw a connection between the level of inflammation shown in the PET scan and the number of neutrophils obtained from the BAL. This study will also look at how the PET images relate to inflammatory molecules in the lungs and to the FEV-1 obtained through spirometry.",
          "DetailedDescription":"All patients involved in the study will have a PET scan performed. This involves injecting a small amount of radiolabelled glucose (sugar) into the blood. A scan will then be performed to obtain an image of where in the body that glucose is being used. Patients will also have spirometry done. Spirometry is a simple procedure measuring the functioning of the lungs (FEV-1) by measuring the amount of air a patient can blow out and inhale (the patient breathes into a machine). Bronchoalveolar lavage (BAL) will be performed. This involves putting a small amount of fluid into a section of the lung, then suctioning it out to retrieve the cells and molecules contained in the substance lining the lung.\n\nSubjects will be patients with cystic fibrosis. Ten subjects will be stable with either mild or moderate disease. These subjects will receive a PET scan, spirometry, and BAL.\n\nThis portion of the study is made up of 10 stable CF patients, 5 of whom will have mild disease, and 5 of whom will have moderate disease. These patients will receive a PET scan, spirometry and a BAL over 2 consecutive days. On day 1, patients will have a PET scan and spirometry. On day 2, patients will have a BAL.\n\nPatients will arrive on the first day after fasting for at least 6 hours and will be taken to the PET facility. PET scanning consists of a 2-minute scan followed by a 15-minute scan, injection of radiolabelled sugar into the vein, and 66 minutes of scanning. The patient will then be instructed to empty his or her bladder to reduce total radiation exposure. The patient will then be given a meal. Next, the patient will be taken for spirometry, the last test of day 1, which simple involves breathing into a machine that measures the amount of air inhaled and exhaled. Upon reporting to the GCRC on day 2, the patient will be taken for a BAL (the patient will have fasted for at least 6 hours prior to admission). BAL involves a small tube placed into the mouth, down the throat, and into the lung (lidocaine is used to numb the entire area). Less than 3 tablespoons of saline (salt water) is poured down the tube, then immediately sucked back up and collected by the doctor. This is repeated twice, for a total of 8 tablespoons of liquid."
        },
        "ConditionsModule":{
          "ConditionList":{
            "Condition":[
              "Cystic Fibrosis"
            ]
          }
        },
        "DesignModule":{
          "StudyType":"Observational",
          "DesignInfo":{
            "DesignObservationalModelList":{
              "DesignObservationalModel":[
                "Defined Population"
              ]
            },
            "DesignTimePerspectiveList":{
              "DesignTimePerspective":[
                "Prospective"
              ]
            }
          },
          "EnrollmentInfo":{
            "EnrollmentCount":"10"
          }
        },
        "ArmsInterventionsModule":{
          "InterventionList":{
            "Intervention":[
              {
                "InterventionType":"Procedure",
                "InterventionName":"FDG-PET"
              },{
                "InterventionType":"Procedure",
                "InterventionName":"spirometry"
              },{
                "InterventionType":"Procedure",
                "InterventionName":"bronchoscopy with BAL"
              }
            ]
          }
        },
        "EligibilityModule":{
          "EligibilityCriteria":"Inclusion criteria:\n\nSubject has Cystic Fibrosis\nSubject must be capable of lying still and supine within the PET scanner for approximately 90 minutes.\nSubject must be capable of fasting for 6 hours\nSubjects must fall into one of the following three categories: Study 1 Group A: Stable Patient with mild CF. Must have an FEV1 of greater than 65% predicted. Study 1 Group B: Stable Patient with moderate/moderately severe CF. Must have an FEV1 of between 40% and 65% predicted. Study 2: Acutely Ill Patient: CF patient admitted to the hospital with acute exacerbation of obstructive lung disease associated with CF, requiring hospitalization.\nSubjects in study 2 must be willing to return within 4 weeks for re-evaluation upon convalescence.\nThe treating physician has granted verbal permission for patient to participate in this study.\nSubjects in study 2 will have had spirometry upon admission.\n\nExclusion Criteria:\n\nFailure to obtain informed consent.\nPregnancy (confirmed by a qualitative urine hCG pregnancy test)\nLactation\nSubject is enrolled in another study involving the use of radioisotopes or another research study of an investigational drug\nFor subjects in groups 1A and 1B, inability to tolerate BAL (ie, medically unstable)\nDiagnosis of diabetes or fasting blood sugar >150 mg/dl\nStudy 1: FEV1 <40% predicted\nStudy 2: baseline (prehospitalization) FEV1 <40% predicted\nPatient requires mechanical ventilation\nPatient has received G-CSF (granulocyte colony stimulating factor) within the last 5 days",
          "HealthyVolunteers":"No",
          "Gender":"Female",
          "MinimumAge":"18 Years",
          "StdAgeList":{
            "StdAge":[
              "Adult",
              "Older Adult"
            ]
          }
        },
        "ContactsLocationsModule":{
          "LocationList":{
            "Location":[
              {
                "LocationFacility":"Washington University School of Medicine",
                "LocationStatus":"Recruiting",
                "LocationCity":"Saint Louis",
                "LocationState":"Missouri",
                "LocationZip":"63110",
                "LocationCountry":"United States",
                "LocationContactList":{
                  "LocationContact":[
                    {
                      "LocationContactName":"Daniel P. Schuster, MD",
                      "LocationContactRole":"Contact",
                      "LocationContactPhone":"314-362-3776",
                      "LocationContactEMail":"schusted@msnotes.wustl.edu"
                    },{
                      "LocationContactName":"Daniel P. Schuster, MD",
                      "LocationContactRole":"Principal Investigator"
                    }
                  ]
                }
              }
            ]
          }
        }
      },
      "DerivedSection":{
        "MiscInfoModule":{
          "VersionHolder":"April 19, 2021"
        },
        "ConditionBrowseModule":{
          "ConditionMeshList":{
            "ConditionMesh":[
              {
                "ConditionMeshId":"D000003550",
                "ConditionMeshTerm":"Cystic Fibrosis"
              },{
                "ConditionMeshId":"D000005355",
                "ConditionMeshTerm":"Fibrosis"
              }
            ]
          },
          "ConditionAncestorList":{
            "ConditionAncestor":[
              {
                "ConditionAncestorId":"D000010335",
                "ConditionAncestorTerm":"Pathologic Processes"
              },{
                "ConditionAncestorId":"D000010182",
                "ConditionAncestorTerm":"Pancreatic Diseases"
              },{
                "ConditionAncestorId":"D000004066",
                "ConditionAncestorTerm":"Digestive System Diseases"
              },{
                "ConditionAncestorId":"D000008171",
                "ConditionAncestorTerm":"Lung Diseases"
              },{
                "ConditionAncestorId":"D000012140",
                "ConditionAncestorTerm":"Respiratory Tract Diseases"
              },{
                "ConditionAncestorId":"D000030342",
                "ConditionAncestorTerm":"Genetic Diseases, Inborn"
              },{
                "ConditionAncestorId":"D000007232",
                "ConditionAncestorTerm":"Infant, Newborn, Diseases"
              }
            ]
          },
          "ConditionBrowseLeafList":{
            "ConditionBrowseLeaf":[
              {
                "ConditionBrowseLeafId":"M7068",
                "ConditionBrowseLeafName":"Fibrosis",
                "ConditionBrowseLeafAsFound":"Fibrosis",
                "ConditionBrowseLeafRelevance":"high"
              },{
                "ConditionBrowseLeafId":"M5338",
                "ConditionBrowseLeafName":"Cystic Fibrosis",
                "ConditionBrowseLeafAsFound":"Cystic Fibrosis",
                "ConditionBrowseLeafRelevance":"high"
              },{
                "ConditionBrowseLeafId":"M11685",
                "ConditionBrowseLeafName":"Pancreatic Diseases",
                "ConditionBrowseLeafRelevance":"low"
              },{
                "ConditionBrowseLeafId":"M5838",
                "ConditionBrowseLeafName":"Digestive System Diseases",
                "ConditionBrowseLeafRelevance":"low"
              },{
                "ConditionBrowseLeafId":"M7466",
                "ConditionBrowseLeafName":"Gastrointestinal Diseases",
                "ConditionBrowseLeafRelevance":"low"
              },{
                "ConditionBrowseLeafId":"M9751",
                "ConditionBrowseLeafName":"Lung Diseases",
                "ConditionBrowseLeafRelevance":"low"
              },{
                "ConditionBrowseLeafId":"M13560",
                "ConditionBrowseLeafName":"Respiratory Tract Diseases",
                "ConditionBrowseLeafRelevance":"low"
              },{
                "ConditionBrowseLeafId":"M22270",
                "ConditionBrowseLeafName":"Genetic Diseases, Inborn",
                "ConditionBrowseLeafRelevance":"low"
              },{
                "ConditionBrowseLeafId":"M8859",
                "ConditionBrowseLeafName":"Infant, Newborn, Diseases",
                "ConditionBrowseLeafRelevance":"low"
              },{
                "ConditionBrowseLeafId":"T1710",
                "ConditionBrowseLeafName":"Cystic Fibrosis",
                "ConditionBrowseLeafAsFound":"Cystic Fibrosis",
                "ConditionBrowseLeafRelevance":"high"
              }
            ]
          },
          "ConditionBrowseBranchList":{
            "ConditionBrowseBranch":[
              {
                "ConditionBrowseBranchAbbrev":"BC23",
                "ConditionBrowseBranchName":"Symptoms and General Pathology"
              },{
                "ConditionBrowseBranchAbbrev":"All",
                "ConditionBrowseBranchName":"All Conditions"
              },{
                "ConditionBrowseBranchAbbrev":"BC06",
                "ConditionBrowseBranchName":"Digestive System Diseases"
              },{
                "ConditionBrowseBranchAbbrev":"BC08",
                "ConditionBrowseBranchName":"Respiratory Tract (Lung and Bronchial) Diseases"
              },{
                "ConditionBrowseBranchAbbrev":"BC16",
                "ConditionBrowseBranchName":"Diseases and Abnormalities at or Before Birth"
              },{
                "ConditionBrowseBranchAbbrev":"Rare",
                "ConditionBrowseBranchName":"Rare Diseases"
              }
            ]
          }
        },
        "InterventionBrowseModule":{
          "InterventionBrowseLeafList":{
            "InterventionBrowseLeaf":[
              {
                "InterventionBrowseLeafId":"M20270",
                "InterventionBrowseLeafName":"Fluorodeoxyglucose F18",
                "InterventionBrowseLeafRelevance":"low"
              }
            ]
          },
          "InterventionBrowseBranchList":{
            "InterventionBrowseBranch":[
              {
                "InterventionBrowseBranchAbbrev":"All",
                "InterventionBrowseBranchName":"All Drugs and Chemicals"
              }
            ]
          }
        }
      }
    }
  }
}

