{
  "FullStudy":{
    "Rank":367705,
    "Study":{
      "ProtocolSection":{
        "IdentificationModule":{
          "NCTId":"NCT00027339",
          "OrgStudyIdInfo":{
            "OrgStudyId":"A5126"
          },
          "SecondaryIdInfoList":{
            "SecondaryIdInfo":[
              {
                "SecondaryId":"10079",
                "SecondaryIdType":"Registry Identifier",
                "SecondaryIdDomain":"DAIDS ES"
              },{
                "SecondaryId":"ACTG A5126"
              },{
                "SecondaryId":"AACTG A5126"
              }
            ]
          },
          "Organization":{
            "OrgFullName":"National Institute of Allergy and Infectious Diseases (NIAID)",
            "OrgClass":"NIH"
          },
          "BriefTitle":"Using Drug Levels and Drug Resistance Testing to Select Effective Anti-HIV Drug Combinations in Patients With Drug-resistant HIV",
          "OfficialTitle":"A Phase II Study of the Predictive Value of Pharmacokinetic-Adjusted Phenotypic Susceptibility (C12h/IC50) on Antiretroviral Response to Ritonavir-Enhanced Protease Inhibitors in Subjects With Failure of Previous Protease Inhibitor-Based Regimens"
        },
        "StatusModule":{
          "StatusVerifiedDate":"May 2012",
          "OverallStatus":"Completed",
          "CompletionDateStruct":{
            "CompletionDate":"June 2005",
            "CompletionDateType":"Actual"
          },
          "StudyFirstSubmitDate":"December 4, 2001",
          "StudyFirstSubmitQCDate":"December 4, 2001",
          "StudyFirstPostDateStruct":{
            "StudyFirstPostDate":"December 5, 2001",
            "StudyFirstPostDateType":"Estimate"
          },
          "LastUpdateSubmitDate":"May 17, 2012",
          "LastUpdatePostDateStruct":{
            "LastUpdatePostDate":"May 21, 2012",
            "LastUpdatePostDateType":"Estimate"
          }
        },
        "SponsorCollaboratorsModule":{
          "ResponsibleParty":{
            "ResponsiblePartyType":"Sponsor"
          },
          "LeadSponsor":{
            "LeadSponsorName":"National Institute of Allergy and Infectious Diseases (NIAID)",
            "LeadSponsorClass":"NIH"
          }
        },
        "OversightModule":{},
        "DescriptionModule":{
          "BriefSummary":"Because people infected with HIV strains that are resistant to anti-HIV drugs have fewer effective treatment options, selecting an effective anti-HIV drug combination is difficult. A combination of protease inhibitors (PIs), when added to a patient's current anti-HIV therapy, may decrease viral load and increase drug activity. Tests that measure drug levels in the blood and tests to evaluate the drug resistance of HIV may also be helpful in choosing the best anti-HIV drug combination for a patient. This study will determine whether using these tests to choose a drug combination and adding PIs to that combination will improve the patient's response to anti-HIV therapy.",
          "DetailedDescription":"Treatment options are limited for HIV infected individuals who have extensive treatment experience and harbor resistance to antiretrovirals (ARVs) from multiple drug classes. Increasing the concentration of PIs in a regimen may be one way to provide more substantial ARV activity. It is uncertain how combining specific PIs with RTV affects viral susceptibility and ARV effect. The relationship of PI concentration (e.g., Cmin) to virus susceptibility (IC50) may be a better predictor of treatment outcome than susceptibility alone. This study will evaluate the predictive value of pharmacokinetic-adjusted phenotypic susceptibility (C12h/IC50) on ARV response to ritonavir (RTV)-boosted regimens in patients failing their current PI-containing regimens.\n\nParticipants will have blood drawn during a screening visit for phenotypic assay and to determine viral load. At study entry, participants will discontinue their PIs while continuing to take their other ARVs. Each participant and his or her doctor will choose to add one of three RTV-boosted regimens: 1) indinavir (IDV) and RTV; 2) fosamprenavir (FPV) and RTV; or 3) lopinavir (LPV)/RTV plus additional RTV. Participants will take this regimen for 14 days. On Day 14, patients will have a 12-hour pharmacokinetic evaluation. On Day 15, patients will add tenofovir disoproxil fumarate (TDF) to their regimens and may choose to modify their other ARVs while continuing their RTV-boosted therapy. Participants will have additional study visits at Weeks 4, 8, 16, and 24. Study visits will include a physical exam and blood and urine tests. Participants will complete adherence questionnaires four times during the course of the study."
        },
        "ConditionsModule":{
          "ConditionList":{
            "Condition":[
              "HIV Infections"
            ]
          },
          "KeywordList":{
            "Keyword":[
              "HIV-1",
              "HIV Protease Inhibitors",
              "RNA, Viral",
              "Phenotype",
              "Viral Load",
              "Pharmacokinetics",
              "Treatment Experienced"
            ]
          }
        },
        "DesignModule":{
          "StudyType":"Interventional",
          "PhaseList":{
            "Phase":[
              "Phase 2"
            ]
          },
          "DesignInfo":{
            "DesignAllocation":"Non-Randomized",
            "DesignInterventionModel":"Parallel Assignment",
            "DesignPrimaryPurpose":"Treatment",
            "DesignMaskingInfo":{
              "DesignMasking":"None (Open Label)"
            }
          },
          "EnrollmentInfo":{
            "EnrollmentCount":"53",
            "EnrollmentType":"Actual"
          }
        },
        "ArmsInterventionsModule":{
          "InterventionList":{
            "Intervention":[
              {
                "InterventionType":"Drug",
                "InterventionName":"lopinavir/ritonavir"
              },{
                "InterventionType":"Drug",
                "InterventionName":"indinavir sulfate"
              },{
                "InterventionType":"Drug",
                "InterventionName":"tenofovir disoproxil fumarate"
              },{
                "InterventionType":"Drug",
                "InterventionName":"ritonavir"
              },{
                "InterventionType":"Drug",
                "InterventionName":"fosamprenavir"
              }
            ]
          }
        },
        "EligibilityModule":{
          "EligibilityCriteria":"Inclusion Criteria:\n\nHIV infected\nViral load greater than 2500 copies/ml within 60 days of study entry\nOn regimen with at least one PI for a total of at least 48 weeks\nOn the same PI regimen for at least 90 days prior to study entry\nDecreased susceptibility to two of these three PIs: LPV, APV, and IDV (documented by phenotype within 90 days prior to study entry)\nHave taken a nonnucleoside reverse transcriptase inhibitor (NNRTI) for at least 12 weeks anytime in previous treatment history, or have decreased susceptibility to at least two NNRTIs\nHave taken two or more nucleoside reverse transcriptase inhibitors (NRTIs) for at least 12 weeks anytime in previous treatment history\nAgrees to use acceptable methods of contraception\nWeighs 88 lbs or more\n\nExclusion Criteria:\n\nCannot tolerate RTV, APV, FPV, LPV/RTV, or IDV\nUse of HIV vaccines, investigational agents, hydroxyurea, or therapy to affect the immune system within 60 days of study entry\nSerious kidney problems\nPregnancy or breastfeeding\nAlcohol or drug use that would interfere with the study\nSerious illness that requires treatment or hospitalization (patients stable on therapy or who have finished therapy at least 14 days before study entry may be eligible)",
          "HealthyVolunteers":"No",
          "Gender":"All",
          "MinimumAge":"13 Years",
          "StdAgeList":{
            "StdAge":[
              "Child",
              "Adult",
              "Older Adult"
            ]
          }
        },
        "ContactsLocationsModule":{
          "OverallOfficialList":{
            "OverallOfficial":[
              {
                "OverallOfficialName":"Douglas Richman, MD",
                "OverallOfficialAffiliation":"University of California, San Diego",
                "OverallOfficialRole":"Study Chair"
              },{
                "OverallOfficialName":"Joseph J. Eron, MD",
                "OverallOfficialAffiliation":"University of North Carolina, Chapel Hill",
                "OverallOfficialRole":"Study Chair"
              }
            ]
          },
          "LocationList":{
            "Location":[
              {
                "LocationFacility":"USC CRS",
                "LocationCity":"Los Angeles",
                "LocationState":"California",
                "LocationCountry":"United States"
              },{
                "LocationFacility":"Stanford CRS",
                "LocationCity":"Palo Alto",
                "LocationState":"California",
                "LocationZip":"94305-5107",
                "LocationCountry":"United States"
              },{
                "LocationFacility":"UC Davis Medical Center",
                "LocationCity":"Sacramento",
                "LocationState":"California",
                "LocationZip":"95814",
                "LocationCountry":"United States"
              },{
                "LocationFacility":"Ucsd, Avrc Crs",
                "LocationCity":"San Diego",
                "LocationState":"California",
                "LocationZip":"92103",
                "LocationCountry":"United States"
              },{
                "LocationFacility":"University of Colorado Hospital CRS",
                "LocationCity":"Aurora",
                "LocationState":"Colorado",
                "LocationZip":"80262",
                "LocationCountry":"United States"
              },{
                "LocationFacility":"Univ. of Miami AIDS CRS",
                "LocationCity":"Miami",
                "LocationState":"Florida",
                "LocationCountry":"United States"
              },{
                "LocationFacility":"Indiana Univ. School of Medicine, Wishard Memorial",
                "LocationCity":"Indianapolis",
                "LocationState":"Indiana",
                "LocationZip":"46202",
                "LocationCountry":"United States"
              },{
                "LocationFacility":"Methodist Hosp. of Indiana",
                "LocationCity":"Indianapolis",
                "LocationState":"Indiana",
                "LocationZip":"46202",
                "LocationCountry":"United States"
              },{
                "LocationFacility":"Beth Israel Med. Ctr., ACTU",
                "LocationCity":"New York",
                "LocationState":"New York",
                "LocationZip":"10003",
                "LocationCountry":"United States"
              },{
                "LocationFacility":"NY Univ. HIV/AIDS CRS",
                "LocationCity":"New York",
                "LocationState":"New York",
                "LocationZip":"10016",
                "LocationCountry":"United States"
              },{
                "LocationFacility":"Unc Aids Crs",
                "LocationCity":"Chapel Hill",
                "LocationState":"North Carolina",
                "LocationZip":"275997215",
                "LocationCountry":"United States"
              },{
                "LocationFacility":"Duke Univ. Med. Ctr. Adult CRS",
                "LocationCity":"Durham",
                "LocationState":"North Carolina",
                "LocationZip":"27710",
                "LocationCountry":"United States"
              },{
                "LocationFacility":"Vanderbilt Therapeutics CRS",
                "LocationCity":"Nashville",
                "LocationState":"Tennessee",
                "LocationZip":"37203",
                "LocationCountry":"United States"
              },{
                "LocationFacility":"Puerto Rico-AIDS CRS",
                "LocationCity":"San Juan",
                "LocationZip":"00936-5067",
                "LocationCountry":"Puerto Rico"
              }
            ]
          }
        },
        "ReferencesModule":{
          "SeeAlsoLinkList":{
            "SeeAlsoLink":[
              {
                "SeeAlsoLinkLabel":"Haga clic aquí para ver información sobre este ensayo clínico en español.",
                "SeeAlsoLinkURL":"http://aidsinfo.nih.gov/clinicaltrials/htmltrials_sp.asp?an=1423"
              }
            ]
          }
        }
      },
      "DerivedSection":{
        "MiscInfoModule":{
          "VersionHolder":"April 19, 2021"
        },
        "ConditionBrowseModule":{
          "ConditionMeshList":{
            "ConditionMesh":[
              {
                "ConditionMeshId":"D000015658",
                "ConditionMeshTerm":"HIV Infections"
              }
            ]
          },
          "ConditionAncestorList":{
            "ConditionAncestor":[
              {
                "ConditionAncestorId":"D000016180",
                "ConditionAncestorTerm":"Lentivirus Infections"
              },{
                "ConditionAncestorId":"D000012192",
                "ConditionAncestorTerm":"Retroviridae Infections"
              },{
                "ConditionAncestorId":"D000012327",
                "ConditionAncestorTerm":"RNA Virus Infections"
              },{
                "ConditionAncestorId":"D000014777",
                "ConditionAncestorTerm":"Virus Diseases"
              },{
                "ConditionAncestorId":"D000015229",
                "ConditionAncestorTerm":"Sexually Transmitted Diseases, Viral"
              },{
                "ConditionAncestorId":"D000012749",
                "ConditionAncestorTerm":"Sexually Transmitted Diseases"
              },{
                "ConditionAncestorId":"D000007153",
                "ConditionAncestorTerm":"Immunologic Deficiency Syndromes"
              },{
                "ConditionAncestorId":"D000007154",
                "ConditionAncestorTerm":"Immune System Diseases"
              }
            ]
          },
          "ConditionBrowseLeafList":{
            "ConditionBrowseLeaf":[
              {
                "ConditionBrowseLeafId":"M8866",
                "ConditionBrowseLeafName":"Infection",
                "ConditionBrowseLeafRelevance":"low"
              },{
                "ConditionBrowseLeafId":"M4951",
                "ConditionBrowseLeafName":"Communicable Diseases",
                "ConditionBrowseLeafRelevance":"low"
              },{
                "ConditionBrowseLeafId":"M5963",
                "ConditionBrowseLeafName":"Disease Susceptibility",
                "ConditionBrowseLeafRelevance":"low"
              },{
                "ConditionBrowseLeafId":"M16833",
                "ConditionBrowseLeafName":"HIV Infections",
                "ConditionBrowseLeafAsFound":"HIV Infections",
                "ConditionBrowseLeafRelevance":"high"
              },{
                "ConditionBrowseLeafId":"M2103",
                "ConditionBrowseLeafName":"Acquired Immunodeficiency Syndrome",
                "ConditionBrowseLeafRelevance":"low"
              },{
                "ConditionBrowseLeafId":"M17223",
                "ConditionBrowseLeafName":"Lentivirus Infections",
                "ConditionBrowseLeafRelevance":"low"
              },{
                "ConditionBrowseLeafId":"M13609",
                "ConditionBrowseLeafName":"Retroviridae Infections",
                "ConditionBrowseLeafRelevance":"low"
              },{
                "ConditionBrowseLeafId":"M16105",
                "ConditionBrowseLeafName":"Virus Diseases",
                "ConditionBrowseLeafRelevance":"low"
              },{
                "ConditionBrowseLeafId":"M13732",
                "ConditionBrowseLeafName":"RNA Virus Infections",
                "ConditionBrowseLeafRelevance":"low"
              },{
                "ConditionBrowseLeafId":"M14141",
                "ConditionBrowseLeafName":"Sexually Transmitted Diseases",
                "ConditionBrowseLeafRelevance":"low"
              },{
                "ConditionBrowseLeafId":"M16516",
                "ConditionBrowseLeafName":"Sexually Transmitted Diseases, Viral",
                "ConditionBrowseLeafRelevance":"low"
              },{
                "ConditionBrowseLeafId":"M14938",
                "ConditionBrowseLeafName":"Syndrome",
                "ConditionBrowseLeafRelevance":"low"
              },{
                "ConditionBrowseLeafId":"M8782",
                "ConditionBrowseLeafName":"Immunologic Deficiency Syndromes",
                "ConditionBrowseLeafRelevance":"low"
              },{
                "ConditionBrowseLeafId":"M8783",
                "ConditionBrowseLeafName":"Immune System Diseases",
                "ConditionBrowseLeafRelevance":"low"
              }
            ]
          },
          "ConditionBrowseBranchList":{
            "ConditionBrowseBranch":[
              {
                "ConditionBrowseBranchAbbrev":"BC01",
                "ConditionBrowseBranchName":"Bacterial and Fungal Diseases"
              },{
                "ConditionBrowseBranchAbbrev":"All",
                "ConditionBrowseBranchName":"All Conditions"
              },{
                "ConditionBrowseBranchAbbrev":"BC23",
                "ConditionBrowseBranchName":"Symptoms and General Pathology"
              },{
                "ConditionBrowseBranchAbbrev":"BC02",
                "ConditionBrowseBranchName":"Viral Diseases"
              },{
                "ConditionBrowseBranchAbbrev":"BC20",
                "ConditionBrowseBranchName":"Immune System Diseases"
              },{
                "ConditionBrowseBranchAbbrev":"BXS",
                "ConditionBrowseBranchName":"Urinary Tract, Sexual Organs, and Pregnancy Conditions"
              }
            ]
          }
        },
        "InterventionBrowseModule":{
          "InterventionMeshList":{
            "InterventionMesh":[
              {
                "InterventionMeshId":"D000019438",
                "InterventionMeshTerm":"Ritonavir"
              },{
                "InterventionMeshId":"D000061466",
                "InterventionMeshTerm":"Lopinavir"
              },{
                "InterventionMeshId":"D000019469",
                "InterventionMeshTerm":"Indinavir"
              },{
                "InterventionMeshId":"C000426859",
                "InterventionMeshTerm":"Fosamprenavir"
              },{
                "InterventionMeshId":"D000068698",
                "InterventionMeshTerm":"Tenofovir"
              }
            ]
          },
          "InterventionAncestorList":{
            "InterventionAncestor":[
              {
                "InterventionAncestorId":"D000017320",
                "InterventionAncestorTerm":"HIV Protease Inhibitors"
              },{
                "InterventionAncestorId":"D000011480",
                "InterventionAncestorTerm":"Protease Inhibitors"
              },{
                "InterventionAncestorId":"D000004791",
                "InterventionAncestorTerm":"Enzyme Inhibitors"
              },{
                "InterventionAncestorId":"D000045504",
                "InterventionAncestorTerm":"Molecular Mechanisms of Pharmacological Action"
              },{
                "InterventionAncestorId":"D000019380",
                "InterventionAncestorTerm":"Anti-HIV Agents"
              },{
                "InterventionAncestorId":"D000044966",
                "InterventionAncestorTerm":"Anti-Retroviral Agents"
              },{
                "InterventionAncestorId":"D000000998",
                "InterventionAncestorTerm":"Antiviral Agents"
              },{
                "InterventionAncestorId":"D000000890",
                "InterventionAncestorTerm":"Anti-Infective Agents"
              },{
                "InterventionAncestorId":"D000065692",
                "InterventionAncestorTerm":"Cytochrome P-450 CYP3A Inhibitors"
              },{
                "InterventionAncestorId":"D000065607",
                "InterventionAncestorTerm":"Cytochrome P-450 Enzyme Inhibitors"
              },{
                "InterventionAncestorId":"D000018894",
                "InterventionAncestorTerm":"Reverse Transcriptase Inhibitors"
              },{
                "InterventionAncestorId":"D000019384",
                "InterventionAncestorTerm":"Nucleic Acid Synthesis Inhibitors"
              }
            ]
          },
          "InterventionBrowseLeafList":{
            "InterventionBrowseLeaf":[
              {
                "InterventionBrowseLeafId":"M296",
                "InterventionBrowseLeafName":"Tenofovir",
                "InterventionBrowseLeafAsFound":"Triple",
                "InterventionBrowseLeafRelevance":"high"
              },{
                "InterventionBrowseLeafId":"M19978",
                "InterventionBrowseLeafName":"Ritonavir",
                "InterventionBrowseLeafAsFound":"30 minutes",
                "InterventionBrowseLeafRelevance":"high"
              },{
                "InterventionBrowseLeafId":"M28424",
                "InterventionBrowseLeafName":"Lopinavir",
                "InterventionBrowseLeafAsFound":"Ophthalmic",
                "InterventionBrowseLeafRelevance":"high"
              },{
                "InterventionBrowseLeafId":"M12926",
                "InterventionBrowseLeafName":"Protease Inhibitors",
                "InterventionBrowseLeafRelevance":"low"
              },{
                "InterventionBrowseLeafId":"M24015",
                "InterventionBrowseLeafName":"Anti-Retroviral Agents",
                "InterventionBrowseLeafRelevance":"low"
              },{
                "InterventionBrowseLeafId":"M217072",
                "InterventionBrowseLeafName":"Fosamprenavir",
                "InterventionBrowseLeafAsFound":"Forehead",
                "InterventionBrowseLeafRelevance":"high"
              },{
                "InterventionBrowseLeafId":"M18192",
                "InterventionBrowseLeafName":"HIV Protease Inhibitors",
                "InterventionBrowseLeafRelevance":"low"
              },{
                "InterventionBrowseLeafId":"M19934",
                "InterventionBrowseLeafName":"Anti-HIV Agents",
                "InterventionBrowseLeafRelevance":"low"
              },{
                "InterventionBrowseLeafId":"M20008",
                "InterventionBrowseLeafName":"Indinavir",
                "InterventionBrowseLeafAsFound":"MBq",
                "InterventionBrowseLeafRelevance":"high"
              },{
                "InterventionBrowseLeafId":"M2895",
                "InterventionBrowseLeafName":"Antiviral Agents",
                "InterventionBrowseLeafRelevance":"low"
              },{
                "InterventionBrowseLeafId":"M2795",
                "InterventionBrowseLeafName":"Anti-Infective Agents",
                "InterventionBrowseLeafRelevance":"low"
              },{
                "InterventionBrowseLeafId":"M29151",
                "InterventionBrowseLeafName":"Cytochrome P-450 CYP3A Inhibitors",
                "InterventionBrowseLeafRelevance":"low"
              },{
                "InterventionBrowseLeafId":"M29124",
                "InterventionBrowseLeafName":"Cytochrome P-450 Enzyme Inhibitors",
                "InterventionBrowseLeafRelevance":"low"
              },{
                "InterventionBrowseLeafId":"M19519",
                "InterventionBrowseLeafName":"Reverse Transcriptase Inhibitors",
                "InterventionBrowseLeafRelevance":"low"
              }
            ]
          },
          "InterventionBrowseBranchList":{
            "InterventionBrowseBranch":[
              {
                "InterventionBrowseBranchAbbrev":"Infe",
                "InterventionBrowseBranchName":"Anti-Infective Agents"
              },{
                "InterventionBrowseBranchAbbrev":"All",
                "InterventionBrowseBranchName":"All Drugs and Chemicals"
              }
            ]
          }
        }
      }
    }
  }
}

