{
  "FullStudy":{
    "Rank":367662,
    "Study":{
      "ProtocolSection":{
        "IdentificationModule":{
          "NCTId":"NCT00027924",
          "OrgStudyIdInfo":{
            "OrgStudyId":"1519.00"
          },
          "SecondaryIdInfoList":{
            "SecondaryIdInfo":[
              {
                "SecondaryId":"FHCRC-1519.00"
              },{
                "SecondaryId":"NCI-H01-0082"
              },{
                "SecondaryId":"CDR0000069094",
                "SecondaryIdType":"Registry Identifier",
                "SecondaryIdDomain":"PDQ"
              }
            ]
          },
          "Organization":{
            "OrgFullName":"Fred Hutchinson Cancer Research Center",
            "OrgClass":"OTHER"
          },
          "BriefTitle":"Combination Chemotherapy Followed by Peripheral Stem Cell Transplantation in Treating Patients With Chronic Myelogenous Leukemia or Myelodysplastic Syndrome",
          "OfficialTitle":"Fludarabine And Busulfan As Conditioning For Patients With Chronic Myeloid Leukemia Or Myelodysplastic Syndrome Transplanted With Hematopoietic Stem Cells From HLA-Compatible Related Or Unrelated Donors"
        },
        "StatusModule":{
          "StatusVerifiedDate":"March 2010",
          "OverallStatus":"Completed",
          "ExpandedAccessInfo":{
            "HasExpandedAccess":"No"
          },
          "StartDateStruct":{
            "StartDate":"October 2001"
          },
          "PrimaryCompletionDateStruct":{
            "PrimaryCompletionDate":"May 2003",
            "PrimaryCompletionDateType":"Actual"
          },
          "CompletionDateStruct":{
            "CompletionDate":"May 2003",
            "CompletionDateType":"Actual"
          },
          "StudyFirstSubmitDate":"December 7, 2001",
          "StudyFirstSubmitQCDate":"February 13, 2004",
          "StudyFirstPostDateStruct":{
            "StudyFirstPostDate":"February 16, 2004",
            "StudyFirstPostDateType":"Estimate"
          },
          "LastUpdateSubmitDate":"March 31, 2010",
          "LastUpdatePostDateStruct":{
            "LastUpdatePostDate":"April 2, 2010",
            "LastUpdatePostDateType":"Estimate"
          }
        },
        "SponsorCollaboratorsModule":{
          "LeadSponsor":{
            "LeadSponsorName":"Fred Hutchinson Cancer Research Center",
            "LeadSponsorClass":"OTHER"
          },
          "CollaboratorList":{
            "Collaborator":[
              {
                "CollaboratorName":"National Cancer Institute (NCI)",
                "CollaboratorClass":"NIH"
              }
            ]
          }
        },
        "OversightModule":{},
        "DescriptionModule":{
          "BriefSummary":"RATIONALE: Drugs used in chemotherapy use different ways to stop tumor cells from dividing so they stop growing or die. Peripheral stem cell transplantation may be able to replace immune cells that were destroyed by chemotherapy used to kill tumor cells. Sometimes the transplanted cells are rejected by the body's normal tissues. Drugs such as cyclosporine may prevent this from happening.\n\nPURPOSE: Phase II trial to study the effectiveness of combination chemotherapy followed by peripheral stem cell transplantation in treating patients who have chronic myelogenous leukemia or myelodysplastic syndrome.",
          "DetailedDescription":"OBJECTIVES: I. Determine the incidence of nonrelapse mortality at 100 days after allogeneic peripheral blood stem cell transplantation in patients with chronic myelogenous leukemia (CML) or myelodysplastic syndrome (MDS) treated with fludarabine and busulfan. II. Determine the incidence of donor stem cell engraftment in patients treated with this regimen. III. Determine the incidence and severity of acute graft-vs-host disease in patients treated with this regimen. IV. Determine the incidence of persistent or recurrent CML or MDS in patients treated with this regimen. V. Determine the safety of this regimen in these patients.\n\nOUTLINE: Patients receive a conditioning regimen comprising fludarabine IV on days -9 to -6 and oral busulfan every 6 hours on days -5 to -2. Patients undergo allogeneic peripheral blood stem cell transplantation on day 0. Patients receive graft-vs-host disease prophylaxis comprising methotrexate IV on days 1, 3, 6, and 11 and cyclosporine orally or IV twice daily on days -1 to 100 followed by a taper until day 180. Patients are followed every 6 months for 2 years and then annually thereafter.\n\nPROJECTED ACCRUAL: A total of 30 patients will be accrued for this study within 1.5 years."
        },
        "ConditionsModule":{
          "ConditionList":{
            "Condition":[
              "Leukemia",
              "Myelodysplastic Syndromes"
            ]
          },
          "KeywordList":{
            "Keyword":[
              "relapsing chronic myelogenous leukemia",
              "chronic phase chronic myelogenous leukemia",
              "accelerated phase chronic myelogenous leukemia",
              "blastic phase chronic myelogenous leukemia",
              "meningeal chronic myelogenous leukemia",
              "Philadelphia chromosome positive chronic myelogenous leukemia",
              "refractory anemia",
              "refractory anemia with ringed sideroblasts",
              "refractory anemia with excess blasts",
              "refractory anemia with excess blasts in transformation",
              "chronic myelomonocytic leukemia",
              "secondary acute myeloid leukemia",
              "de novo myelodysplastic syndromes",
              "previously treated myelodysplastic syndromes",
              "secondary myelodysplastic syndromes",
              "childhood myelodysplastic syndromes"
            ]
          }
        },
        "DesignModule":{
          "StudyType":"Interventional",
          "PhaseList":{
            "Phase":[
              "Phase 2"
            ]
          },
          "DesignInfo":{
            "DesignPrimaryPurpose":"Treatment"
          }
        },
        "ArmsInterventionsModule":{
          "InterventionList":{
            "Intervention":[
              {
                "InterventionType":"Drug",
                "InterventionName":"busulfan"
              },{
                "InterventionType":"Drug",
                "InterventionName":"cyclosporine"
              },{
                "InterventionType":"Drug",
                "InterventionName":"fludarabine phosphate"
              },{
                "InterventionType":"Drug",
                "InterventionName":"methotrexate"
              },{
                "InterventionType":"Procedure",
                "InterventionName":"peripheral blood stem cell transplantation"
              }
            ]
          }
        },
        "EligibilityModule":{
          "EligibilityCriteria":"DISEASE CHARACTERISTICS: Diagnosis of chronic myelogenous leukemia (CML) (BCR/abl or Philadelphia (Ph) chromosome positive) Accelerated phase More than 10% and less than 30% myeloblasts and promyelocytes in marrow or peripheral blood Perturbations of white count, platelet count, or hematocrit uncontrolled by chemotherapy with busulfan or hydroxyurea Progressive splenomegaly refractory to chemotherapy Extramedullary tumor Presence of a nonconstitutional cytogenetic abnormality in addition to a single Ph chromosome, except for -Y Persistent unexplained fever or bone pain Blast phase More than 30% myeloblasts and promyelocytes in marrow or peripheral blood Remission after blast phase Less than 10% blasts in marrow and peripheral blood with a history of blast phase Any phase of CML if there is a contraindication to conditioning therapy with cyclophosphamide OR Diagnosis of myelodysplastic syndrome (MDS) with any of the following subtypes: Refractory anemia (RA) or RA with ringed sideroblasts (RARS) High-risk cytogenetics (i.e., monosomy 7 or complex abnormalities) RA with excess blasts (RAEB) Presence of 5-20% blasts in marrow and less than 5% blasts in peripheral blood RAEB in transformation 21-30% blasts in marrow OR more than 5% blasts in peripheral blood Chronic myelomonocytic leukemia Presence of no more than 20% blasts in marrow, less than 5% blasts in peripheral blood, and more than 1,000 monocytes/uL of peripheral blood Secondary acute myeloid leukemia arising from pre-existing MDS More than 30% blasts in marrow Any stage of MDS if there is a contraindication to conditioning therapy with cyclophosphamide Related or unrelated donor compatible for HLA-A, B, C, DRB1, and DQB1 antigens Mismatch for a single HLA-A, B, C, DRB1, and DQB1 allele within the same broad serotype (e.g., A*0101 vs 0102) or crossover group (e.g., A*0101 vs 0301) allowed\n\nPATIENT CHARACTERISTICS: Age: 65 and under Performance status: Not specified Life expectancy: Not severely limited by diseases other than malignancy Hematopoietic: See Disease Characteristics Hepatic: No hepatic disease AST no greater than 2 times normal Renal: Creatinine no greater than 2 times normal OR Creatinine clearance at least 50% for age, weight, and height Cardiovascular: No cardiac insufficiency requiring treatment No symptomatic coronary artery disease Pulmonary: No severe hypoxemia (pO2 less than 70 mm Hg and DLCO less than 70% predicted) No mild hypoxemia (pO2 less than 80 mm Hg and DLCO less than 60% predicted) Other: HIV negative Not pregnant or nursing\n\nPRIOR CONCURRENT THERAPY: See Disease Characteristics No concurrent growth factors during methotrexate administration",
          "HealthyVolunteers":"No",
          "Gender":"All",
          "MaximumAge":"65 Years",
          "StdAgeList":{
            "StdAge":[
              "Child",
              "Adult",
              "Older Adult"
            ]
          }
        },
        "ContactsLocationsModule":{
          "OverallOfficialList":{
            "OverallOfficial":[
              {
                "OverallOfficialName":"Claudio Anasetti, MD",
                "OverallOfficialAffiliation":"Fred Hutchinson Cancer Research Center",
                "OverallOfficialRole":"Study Chair"
              }
            ]
          },
          "LocationList":{
            "Location":[
              {
                "LocationFacility":"Fred Hutchinson Cancer Research Center",
                "LocationCity":"Seattle",
                "LocationState":"Washington",
                "LocationZip":"98109-1024",
                "LocationCountry":"United States"
              }
            ]
          }
        }
      },
      "DerivedSection":{
        "MiscInfoModule":{
          "VersionHolder":"April 19, 2021"
        },
        "ConditionBrowseModule":{
          "ConditionMeshList":{
            "ConditionMesh":[
              {
                "ConditionMeshId":"D000007938",
                "ConditionMeshTerm":"Leukemia"
              },{
                "ConditionMeshId":"D000011289",
                "ConditionMeshTerm":"Preleukemia"
              },{
                "ConditionMeshId":"D000007951",
                "ConditionMeshTerm":"Leukemia, Myeloid"
              },{
                "ConditionMeshId":"D000015464",
                "ConditionMeshTerm":"Leukemia, Myelogenous, Chronic, BCR-ABL Positive"
              },{
                "ConditionMeshId":"D000009190",
                "ConditionMeshTerm":"Myelodysplastic Syndromes"
              },{
                "ConditionMeshId":"D000013577",
                "ConditionMeshTerm":"Syndrome"
              }
            ]
          },
          "ConditionAncestorList":{
            "ConditionAncestor":[
              {
                "ConditionAncestorId":"D000004194",
                "ConditionAncestorTerm":"Disease"
              },{
                "ConditionAncestorId":"D000010335",
                "ConditionAncestorTerm":"Pathologic Processes"
              },{
                "ConditionAncestorId":"D000009370",
                "ConditionAncestorTerm":"Neoplasms by Histologic Type"
              },{
                "ConditionAncestorId":"D000009369",
                "ConditionAncestorTerm":"Neoplasms"
              },{
                "ConditionAncestorId":"D000001855",
                "ConditionAncestorTerm":"Bone Marrow Diseases"
              },{
                "ConditionAncestorId":"D000006402",
                "ConditionAncestorTerm":"Hematologic Diseases"
              },{
                "ConditionAncestorId":"D000011230",
                "ConditionAncestorTerm":"Precancerous Conditions"
              },{
                "ConditionAncestorId":"D000009196",
                "ConditionAncestorTerm":"Myeloproliferative Disorders"
              }
            ]
          },
          "ConditionBrowseLeafList":{
            "ConditionBrowseLeaf":[
              {
                "ConditionBrowseLeafId":"M9528",
                "ConditionBrowseLeafName":"Leukemia",
                "ConditionBrowseLeafAsFound":"Leukemia",
                "ConditionBrowseLeafRelevance":"high"
              },{
                "ConditionBrowseLeafId":"M9538",
                "ConditionBrowseLeafName":"Leukemia, Myeloid",
                "ConditionBrowseLeafAsFound":"Myelogenous Leukemia",
                "ConditionBrowseLeafRelevance":"high"
              },{
                "ConditionBrowseLeafId":"M16710",
                "ConditionBrowseLeafName":"Leukemia, Myeloid, Acute",
                "ConditionBrowseLeafRelevance":"low"
              },{
                "ConditionBrowseLeafId":"M10890",
                "ConditionBrowseLeafName":"Neoplasm Metastasis",
                "ConditionBrowseLeafRelevance":"low"
              },{
                "ConditionBrowseLeafId":"M14938",
                "ConditionBrowseLeafName":"Syndrome",
                "ConditionBrowseLeafAsFound":"Syndrome",
                "ConditionBrowseLeafRelevance":"high"
              },{
                "ConditionBrowseLeafId":"M12165",
                "ConditionBrowseLeafName":"Philadelphia Chromosome",
                "ConditionBrowseLeafRelevance":"low"
              },{
                "ConditionBrowseLeafId":"M2651",
                "ConditionBrowseLeafName":"Anemia",
                "ConditionBrowseLeafRelevance":"low"
              },{
                "ConditionBrowseLeafId":"M12747",
                "ConditionBrowseLeafName":"Preleukemia",
                "ConditionBrowseLeafAsFound":"Myelodysplastic Syndrome",
                "ConditionBrowseLeafRelevance":"high"
              },{
                "ConditionBrowseLeafId":"M16715",
                "ConditionBrowseLeafName":"Leukemia, Myelomonocytic, Chronic",
                "ConditionBrowseLeafRelevance":"low"
              },{
                "ConditionBrowseLeafId":"M26293",
                "ConditionBrowseLeafName":"Leukemia, Myelomonocytic, Juvenile",
                "ConditionBrowseLeafRelevance":"low"
              },{
                "ConditionBrowseLeafId":"M10728",
                "ConditionBrowseLeafName":"Myelodysplastic Syndromes",
                "ConditionBrowseLeafAsFound":"Myelodysplastic Syndrome",
                "ConditionBrowseLeafRelevance":"high"
              },{
                "ConditionBrowseLeafId":"M16706",
                "ConditionBrowseLeafName":"Leukemia, Myelogenous, Chronic, BCR-ABL Positive",
                "ConditionBrowseLeafAsFound":"Chronic myelogenous leukemia",
                "ConditionBrowseLeafRelevance":"high"
              },{
                "ConditionBrowseLeafId":"M16708",
                "ConditionBrowseLeafName":"Leukemia, Myeloid, Chronic-Phase",
                "ConditionBrowseLeafRelevance":"low"
              },{
                "ConditionBrowseLeafId":"M2665",
                "ConditionBrowseLeafName":"Anemia, Refractory, with Excess of Blasts",
                "ConditionBrowseLeafRelevance":"low"
              },{
                "ConditionBrowseLeafId":"M3615",
                "ConditionBrowseLeafName":"Blast Crisis",
                "ConditionBrowseLeafRelevance":"low"
              },{
                "ConditionBrowseLeafId":"M16707",
                "ConditionBrowseLeafName":"Leukemia, Myeloid, Accelerated Phase",
                "ConditionBrowseLeafRelevance":"low"
              },{
                "ConditionBrowseLeafId":"M2664",
                "ConditionBrowseLeafName":"Anemia, Refractory",
                "ConditionBrowseLeafRelevance":"low"
              },{
                "ConditionBrowseLeafId":"M10898",
                "ConditionBrowseLeafName":"Neoplasms by Histologic Type",
                "ConditionBrowseLeafRelevance":"low"
              },{
                "ConditionBrowseLeafId":"M3716",
                "ConditionBrowseLeafName":"Bone Marrow Diseases",
                "ConditionBrowseLeafRelevance":"low"
              },{
                "ConditionBrowseLeafId":"M8073",
                "ConditionBrowseLeafName":"Hematologic Diseases",
                "ConditionBrowseLeafRelevance":"low"
              },{
                "ConditionBrowseLeafId":"M12694",
                "ConditionBrowseLeafName":"Precancerous Conditions",
                "ConditionBrowseLeafRelevance":"low"
              },{
                "ConditionBrowseLeafId":"M10732",
                "ConditionBrowseLeafName":"Myeloproliferative Disorders",
                "ConditionBrowseLeafRelevance":"low"
              },{
                "ConditionBrowseLeafId":"T3995",
                "ConditionBrowseLeafName":"Myeloid Leukemia",
                "ConditionBrowseLeafRelevance":"low"
              },{
                "ConditionBrowseLeafId":"T182",
                "ConditionBrowseLeafName":"Acute Myeloid Leukemia",
                "ConditionBrowseLeafRelevance":"low"
              },{
                "ConditionBrowseLeafId":"T188",
                "ConditionBrowseLeafName":"Acute Non Lymphoblastic Leukemia",
                "ConditionBrowseLeafRelevance":"low"
              },{
                "ConditionBrowseLeafId":"T3993",
                "ConditionBrowseLeafName":"Myelodysplastic Syndromes",
                "ConditionBrowseLeafAsFound":"Myelodysplastic Syndrome",
                "ConditionBrowseLeafRelevance":"high"
              },{
                "ConditionBrowseLeafId":"T1310",
                "ConditionBrowseLeafName":"Chronic Myelomonocytic Leukemia",
                "ConditionBrowseLeafRelevance":"low"
              },{
                "ConditionBrowseLeafId":"T3174",
                "ConditionBrowseLeafName":"Juvenile Myelomonocytic Leukemia",
                "ConditionBrowseLeafRelevance":"low"
              },{
                "ConditionBrowseLeafId":"T1309",
                "ConditionBrowseLeafName":"Chronic Myeloid Leukemia",
                "ConditionBrowseLeafAsFound":"Chronic myelogenous leukemia",
                "ConditionBrowseLeafRelevance":"high"
              },{
                "ConditionBrowseLeafId":"T3991",
                "ConditionBrowseLeafName":"Myelodysplastic Syndrome With Excess Blasts",
                "ConditionBrowseLeafRelevance":"low"
              },{
                "ConditionBrowseLeafId":"T5232",
                "ConditionBrowseLeafName":"Sideroblastic Anemia Pyridoxine-refractory Autosomal Recessive",
                "ConditionBrowseLeafRelevance":"low"
              },{
                "ConditionBrowseLeafId":"T1311",
                "ConditionBrowseLeafName":"Chronic Myeloproliferative Disorders",
                "ConditionBrowseLeafRelevance":"low"
              }
            ]
          },
          "ConditionBrowseBranchList":{
            "ConditionBrowseBranch":[
              {
                "ConditionBrowseBranchAbbrev":"BC04",
                "ConditionBrowseBranchName":"Cancers and Other Neoplasms"
              },{
                "ConditionBrowseBranchAbbrev":"All",
                "ConditionBrowseBranchName":"All Conditions"
              },{
                "ConditionBrowseBranchAbbrev":"BC23",
                "ConditionBrowseBranchName":"Symptoms and General Pathology"
              },{
                "ConditionBrowseBranchAbbrev":"BC15",
                "ConditionBrowseBranchName":"Blood and Lymph Conditions"
              },{
                "ConditionBrowseBranchAbbrev":"Rare",
                "ConditionBrowseBranchName":"Rare Diseases"
              }
            ]
          }
        },
        "InterventionBrowseModule":{
          "InterventionMeshList":{
            "InterventionMesh":[
              {
                "InterventionMeshId":"D000016572",
                "InterventionMeshTerm":"Cyclosporine"
              },{
                "InterventionMeshId":"D000008727",
                "InterventionMeshTerm":"Methotrexate"
              },{
                "InterventionMeshId":"C000042382",
                "InterventionMeshTerm":"Fludarabine phosphate"
              },{
                "InterventionMeshId":"C000024352",
                "InterventionMeshTerm":"Fludarabine"
              },{
                "InterventionMeshId":"D000002066",
                "InterventionMeshTerm":"Busulfan"
              },{
                "InterventionMeshId":"D000003524",
                "InterventionMeshTerm":"Cyclosporins"
              }
            ]
          },
          "InterventionAncestorList":{
            "InterventionAncestor":[
              {
                "InterventionAncestorId":"D000000020",
                "InterventionAncestorTerm":"Abortifacient Agents, Nonsteroidal"
              },{
                "InterventionAncestorId":"D000000019",
                "InterventionAncestorTerm":"Abortifacient Agents"
              },{
                "InterventionAncestorId":"D000012102",
                "InterventionAncestorTerm":"Reproductive Control Agents"
              },{
                "InterventionAncestorId":"D000045505",
                "InterventionAncestorTerm":"Physiological Effects of Drugs"
              },{
                "InterventionAncestorId":"D000000964",
                "InterventionAncestorTerm":"Antimetabolites, Antineoplastic"
              },{
                "InterventionAncestorId":"D000000963",
                "InterventionAncestorTerm":"Antimetabolites"
              },{
                "InterventionAncestorId":"D000045504",
                "InterventionAncestorTerm":"Molecular Mechanisms of Pharmacological Action"
              },{
                "InterventionAncestorId":"D000000970",
                "InterventionAncestorTerm":"Antineoplastic Agents"
              },{
                "InterventionAncestorId":"D000003879",
                "InterventionAncestorTerm":"Dermatologic Agents"
              },{
                "InterventionAncestorId":"D000004791",
                "InterventionAncestorTerm":"Enzyme Inhibitors"
              },{
                "InterventionAncestorId":"D000005493",
                "InterventionAncestorTerm":"Folic Acid Antagonists"
              },{
                "InterventionAncestorId":"D000007166",
                "InterventionAncestorTerm":"Immunosuppressive Agents"
              },{
                "InterventionAncestorId":"D000007155",
                "InterventionAncestorTerm":"Immunologic Factors"
              },{
                "InterventionAncestorId":"D000018501",
                "InterventionAncestorTerm":"Antirheumatic Agents"
              },{
                "InterventionAncestorId":"D000019384",
                "InterventionAncestorTerm":"Nucleic Acid Synthesis Inhibitors"
              },{
                "InterventionAncestorId":"D000000935",
                "InterventionAncestorTerm":"Antifungal Agents"
              },{
                "InterventionAncestorId":"D000000890",
                "InterventionAncestorTerm":"Anti-Infective Agents"
              },{
                "InterventionAncestorId":"D000065095",
                "InterventionAncestorTerm":"Calcineurin Inhibitors"
              },{
                "InterventionAncestorId":"D000000477",
                "InterventionAncestorTerm":"Alkylating Agents"
              },{
                "InterventionAncestorId":"D000018906",
                "InterventionAncestorTerm":"Antineoplastic Agents, Alkylating"
              },{
                "InterventionAncestorId":"D000019653",
                "InterventionAncestorTerm":"Myeloablative Agonists"
              }
            ]
          },
          "InterventionBrowseLeafList":{
            "InterventionBrowseLeaf":[
              {
                "InterventionBrowseLeafId":"M17544",
                "InterventionBrowseLeafName":"Cyclosporine",
                "InterventionBrowseLeafAsFound":"Standard of care",
                "InterventionBrowseLeafRelevance":"high"
              },{
                "InterventionBrowseLeafId":"M5313",
                "InterventionBrowseLeafName":"Cyclosporins",
                "InterventionBrowseLeafAsFound":"Standard of care",
                "InterventionBrowseLeafRelevance":"high"
              },{
                "InterventionBrowseLeafId":"M220971",
                "InterventionBrowseLeafName":"Fludarabine",
                "InterventionBrowseLeafAsFound":"4 weeks",
                "InterventionBrowseLeafRelevance":"high"
              },{
                "InterventionBrowseLeafId":"M10286",
                "InterventionBrowseLeafName":"Methotrexate",
                "InterventionBrowseLeafAsFound":"Syndrome",
                "InterventionBrowseLeafRelevance":"high"
              },{
                "InterventionBrowseLeafId":"M3918",
                "InterventionBrowseLeafName":"Busulfan",
                "InterventionBrowseLeafAsFound":"Measured",
                "InterventionBrowseLeafRelevance":"high"
              },{
                "InterventionBrowseLeafId":"M233147",
                "InterventionBrowseLeafName":"Fludarabine phosphate",
                "InterventionBrowseLeafAsFound":"Preoperative",
                "InterventionBrowseLeafRelevance":"high"
              },{
                "InterventionBrowseLeafId":"M2862",
                "InterventionBrowseLeafName":"Antimetabolites",
                "InterventionBrowseLeafRelevance":"low"
              },{
                "InterventionBrowseLeafId":"M5657",
                "InterventionBrowseLeafName":"Dermatologic Agents",
                "InterventionBrowseLeafRelevance":"low"
              },{
                "InterventionBrowseLeafId":"M7201",
                "InterventionBrowseLeafName":"Folic Acid",
                "InterventionBrowseLeafRelevance":"low"
              },{
                "InterventionBrowseLeafId":"M16129",
                "InterventionBrowseLeafName":"Vitamin B Complex",
                "InterventionBrowseLeafRelevance":"low"
              },{
                "InterventionBrowseLeafId":"M7202",
                "InterventionBrowseLeafName":"Folic Acid Antagonists",
                "InterventionBrowseLeafRelevance":"low"
              },{
                "InterventionBrowseLeafId":"M8795",
                "InterventionBrowseLeafName":"Immunosuppressive Agents",
                "InterventionBrowseLeafRelevance":"low"
              },{
                "InterventionBrowseLeafId":"M8784",
                "InterventionBrowseLeafName":"Immunologic Factors",
                "InterventionBrowseLeafRelevance":"low"
              },{
                "InterventionBrowseLeafId":"M19188",
                "InterventionBrowseLeafName":"Antirheumatic Agents",
                "InterventionBrowseLeafRelevance":"low"
              },{
                "InterventionBrowseLeafId":"M4835",
                "InterventionBrowseLeafName":"Clotrimazole",
                "InterventionBrowseLeafRelevance":"low"
              },{
                "InterventionBrowseLeafId":"M10379",
                "InterventionBrowseLeafName":"Miconazole",
                "InterventionBrowseLeafRelevance":"low"
              },{
                "InterventionBrowseLeafId":"M2835",
                "InterventionBrowseLeafName":"Antifungal Agents",
                "InterventionBrowseLeafRelevance":"low"
              },{
                "InterventionBrowseLeafId":"M2795",
                "InterventionBrowseLeafName":"Anti-Infective Agents",
                "InterventionBrowseLeafRelevance":"low"
              },{
                "InterventionBrowseLeafId":"M29039",
                "InterventionBrowseLeafName":"Calcineurin Inhibitors",
                "InterventionBrowseLeafRelevance":"low"
              },{
                "InterventionBrowseLeafId":"M2401",
                "InterventionBrowseLeafName":"Alkylating Agents",
                "InterventionBrowseLeafRelevance":"low"
              },{
                "InterventionBrowseLeafId":"T446",
                "InterventionBrowseLeafName":"Folic Acid",
                "InterventionBrowseLeafRelevance":"low"
              },{
                "InterventionBrowseLeafId":"T448",
                "InterventionBrowseLeafName":"Folate",
                "InterventionBrowseLeafRelevance":"low"
              },{
                "InterventionBrowseLeafId":"T475",
                "InterventionBrowseLeafName":"Vitamin B9",
                "InterventionBrowseLeafRelevance":"low"
              },{
                "InterventionBrowseLeafId":"T447",
                "InterventionBrowseLeafName":"Folinic Acid",
                "InterventionBrowseLeafRelevance":"low"
              }
            ]
          },
          "InterventionBrowseBranchList":{
            "InterventionBrowseBranch":[
              {
                "InterventionBrowseBranchAbbrev":"Infe",
                "InterventionBrowseBranchName":"Anti-Infective Agents"
              },{
                "InterventionBrowseBranchAbbrev":"ARhu",
                "InterventionBrowseBranchName":"Antirheumatic Agents"
              },{
                "InterventionBrowseBranchAbbrev":"Derm",
                "InterventionBrowseBranchName":"Dermatologic Agents"
              },{
                "InterventionBrowseBranchAbbrev":"All",
                "InterventionBrowseBranchName":"All Drugs and Chemicals"
              },{
                "InterventionBrowseBranchAbbrev":"ANeo",
                "InterventionBrowseBranchName":"Antineoplastic Agents"
              },{
                "InterventionBrowseBranchAbbrev":"Repr",
                "InterventionBrowseBranchName":"Reproductive Control Agents"
              },{
                "InterventionBrowseBranchAbbrev":"Micro",
                "InterventionBrowseBranchName":"Micronutrients"
              },{
                "InterventionBrowseBranchAbbrev":"Hemat",
                "InterventionBrowseBranchName":"Hematinics"
              },{
                "InterventionBrowseBranchAbbrev":"Vi",
                "InterventionBrowseBranchName":"Vitamins"
              }
            ]
          }
        }
      }
    }
  }
}

