{
  "FullStudy":{
    "Rank":368198,
    "Study":{
      "ProtocolSection":{
        "IdentificationModule":{
          "NCTId":"NCT00020111",
          "NCTIdAliasList":{
            "NCTIdAlias":[
              "NCT00004548"
            ]
          },
          "OrgStudyIdInfo":{
            "OrgStudyId":"CDR0000067717"
          },
          "SecondaryIdInfoList":{
            "SecondaryIdInfo":[
              {
                "SecondaryId":"NCI-00-C-0070J"
              },{
                "SecondaryId":"NCI-T99-0080"
              }
            ]
          },
          "Organization":{
            "OrgFullName":"National Cancer Institute (NCI)",
            "OrgClass":"NIH"
          },
          "BriefTitle":"Arsenic Trioxide in Treating Young Patients With Refractory Leukemia or Lymphoma",
          "OfficialTitle":"Phase I Trial and Pharmacokinetic Study of Arsenic Trioxide in Pediatric Patients With Refractory Leukemia or Lymphoma"
        },
        "StatusModule":{
          "StatusVerifiedDate":"February 2005",
          "OverallStatus":"Completed",
          "ExpandedAccessInfo":{
            "HasExpandedAccess":"No"
          },
          "StartDateStruct":{
            "StartDate":"March 2000"
          },
          "StudyFirstSubmitDate":"July 11, 2001",
          "StudyFirstSubmitQCDate":"January 26, 2003",
          "StudyFirstPostDateStruct":{
            "StudyFirstPostDate":"January 27, 2003",
            "StudyFirstPostDateType":"Estimate"
          },
          "LastUpdateSubmitDate":"April 28, 2015",
          "LastUpdatePostDateStruct":{
            "LastUpdatePostDate":"April 29, 2015",
            "LastUpdatePostDateType":"Estimate"
          }
        },
        "SponsorCollaboratorsModule":{
          "LeadSponsor":{
            "LeadSponsorName":"National Cancer Institute (NCI)",
            "LeadSponsorClass":"NIH"
          }
        },
        "DescriptionModule":{
          "BriefSummary":"RATIONALE: Drugs used in chemotherapy work in different ways to stop cancer cells from dividing so they stop growing or die.\n\nPURPOSE: This phase I trial is studying the side effects and best dose of arsenic trioxide in treating young patients with leukemia or lymphoma.",
          "DetailedDescription":"OBJECTIVES:\n\nDetermine the toxic effects of arsenic trioxide in pediatric patients with refractory leukemia or lymphoma.\nDetermine the maximum tolerated dose of this drug in this patient population.\nDetermine the plasma pharmacokinetics of this drug in these patients.\n\nOUTLINE: This is a dose-escalation, multicenter study. Patients are stratified according to disease (acute promyelocytic leukemia [APL] vs non-APL).\n\nStratum I (APL patients): Patients receive standard-dose arsenic trioxide IV over 2 hours daily 5 days a week for 4 weeks. Treatment continues every 6 weeks for up to 3 courses in the absence of disease progression or unacceptable toxicity.\nStratum II (Non-APL patients): Cohorts of 3-6 patients receive escalating doses of arsenic trioxide (according to the stratum 1 schedule above) until the maximum tolerated dose (MTD) is determined. The MTD is defined as the dose preceding that at which at least 2 of 3 or 2 of 6 patients experience dose-limiting toxicity. Once the MTD is determined, additional patients are accrued to receive treatment with arsenic trioxide at the recommended phase II dose.\n\nLeukemia patients in both strata without progressive disease who have not achieved complete remission after the first 20 doses may continue to receive arsenic trioxide for 2 additional weeks.\n\nPatients are followed every 3 months for 1 year.\n\nPROJECTED ACCRUAL: A maximum of 18 patients will be accrued for stratum I of this study within 2-3 years. A total of 3-30 patients will be accrued for stratum II of this study within 1-2 years."
        },
        "ConditionsModule":{
          "ConditionList":{
            "Condition":[
              "Leukemia",
              "Lymphoma"
            ]
          },
          "KeywordList":{
            "Keyword":[
              "recurrent childhood acute myeloid leukemia",
              "childhood acute promyelocytic leukemia (M3)",
              "recurrent childhood acute lymphoblastic leukemia",
              "recurrent childhood large cell lymphoma",
              "recurrent childhood lymphoblastic lymphoma",
              "recurrent childhood small noncleaved cell lymphoma",
              "recurrent/refractory childhood Hodgkin lymphoma",
              "childhood chronic myelogenous leukemia",
              "atypical chronic myeloid leukemia, BCR-ABL1 negative"
            ]
          }
        },
        "DesignModule":{
          "StudyType":"Interventional",
          "PhaseList":{
            "Phase":[
              "Phase 1"
            ]
          },
          "DesignInfo":{
            "DesignPrimaryPurpose":"Treatment"
          }
        },
        "ArmsInterventionsModule":{
          "InterventionList":{
            "Intervention":[
              {
                "InterventionType":"Drug",
                "InterventionName":"arsenic trioxide"
              }
            ]
          }
        },
        "EligibilityModule":{
          "EligibilityCriteria":"DISEASE CHARACTERISTICS:\n\nHistologically confirmed leukemia or lymphoma refractory to standard curative treatment regimens\nMeasurable or evaluable disease\nNo meningeal leukemia or lymphoma\nNo HIV-related lymphoma\nNo lymphoproliferative diseases\n\nPATIENT CHARACTERISTICS:\n\nAge:\n\n2 to 21\n\nAcute promyelocytic leukemia (APL) patients (stratum I) must be age 2 to 12\n\nPerformance status:\n\nECOG 0-2\n\nLife expectancy:\n\nNot specified\n\nHematopoietic:\n\nNot specified\n\nHepatic:\n\nBilirubin normal\nSGPT less than 2 times upper limit of normal\nNo significant hepatic dysfunction that would preclude study therapy\n\nRenal:\n\nCreatinine normal (age adjusted) OR\nCreatinine clearance at least 60 mL/min\nPotassium, magnesium, and calcium at least lower limit of normal (oral or IV supplementation allowed)\nNo significant renal dysfunction that would preclude study therapy\n\nCardiovascular:\n\nRate corrected QTc interval no greater than 0.48 on EKG\nNo significant cardiac dysfunction that would preclude study therapy\nNo cardiac disease, including dysrhythmias\n\nPulmonary:\n\nNo significant pulmonary dysfunction that would preclude study therapy\n\nOther:\n\nNot pregnant or nursing\nNegative pregnancy test\nFertile patients must use effective contraception\nNo persistent grade 3 or greater sensory or motor neuropathy\nNo prior grand mal seizures (grade 3 or greater) within the past 2 years other than febrile seizures (except for patients with APL at discretion of investigator)\nNo clinically significant unrelated systemic illness that would preclude study therapy (e.g., serious infection)\nHIV negative\n\nPRIOR CONCURRENT THERAPY:\n\nBiologic therapy:\n\nAt least 1 week since prior colony-stimulating factors (e.g., filgrastim [G-CSF], sargramostim [GM-CSF], and epoetin alfa)\nNo concurrent immunotherapy\n\nChemotherapy:\n\nNo prior arsenic trioxide\nAt least 2 weeks since prior chemotherapy (4 weeks for nitrosoureas) and recovered\nNo concurrent intrathecal chemotherapy except for acute promyelocytic leukemia (APL) patients experiencing progressive meningeal leukemia and demonstrating benefit from arsenic trioxide for systemic disease\nNo other concurrent anticancer chemotherapy\n\nEndocrine therapy:\n\nNo concurrent steroids (except corticosteroids for retinoic acid syndrome)\n\nRadiotherapy:\n\nAt least 4 weeks since prior radiotherapy and recovered\nNo concurrent radiotherapy\n\nSurgery:\n\nNot specified\n\nOther:\n\nAt least 6 months since prior anticonvulsants\nAt least 1 week since prior retinoid therapy\nNo concurrent retinoids\nNo other concurrent investigational agents",
          "HealthyVolunteers":"No",
          "Gender":"All",
          "MinimumAge":"2 Years",
          "MaximumAge":"21 Years",
          "StdAgeList":{
            "StdAge":[
              "Child",
              "Adult"
            ]
          }
        },
        "ContactsLocationsModule":{
          "OverallOfficialList":{
            "OverallOfficial":[
              {
                "OverallOfficialName":"Frank M. Balis, MD",
                "OverallOfficialAffiliation":"National Cancer Institute (NCI)",
                "OverallOfficialRole":"Study Chair"
              }
            ]
          },
          "LocationList":{
            "Location":[
              {
                "LocationFacility":"Arkansas Cancer Research Center at University of Arkansas for Medical Sciences",
                "LocationCity":"Little Rock",
                "LocationState":"Arkansas",
                "LocationZip":"72205",
                "LocationCountry":"United States"
              },{
                "LocationFacility":"City of Hope Comprehensive Cancer Center",
                "LocationCity":"Duarte",
                "LocationState":"California",
                "LocationZip":"91010-3000",
                "LocationCountry":"United States"
              },{
                "LocationFacility":"Rebecca and John Moores UCSD Cancer Center",
                "LocationCity":"La Jolla",
                "LocationState":"California",
                "LocationZip":"92103-8447",
                "LocationCountry":"United States"
              },{
                "LocationFacility":"Children's Hospital Los Angeles",
                "LocationCity":"Los Angeles",
                "LocationState":"California",
                "LocationZip":"90027-0700",
                "LocationCountry":"United States"
              },{
                "LocationFacility":"Jonsson Comprehensive Cancer Center, UCLA",
                "LocationCity":"Los Angeles",
                "LocationState":"California",
                "LocationZip":"90095-1781",
                "LocationCountry":"United States"
              },{
                "LocationFacility":"Children's Hospital of Orange County",
                "LocationCity":"Orange",
                "LocationState":"California",
                "LocationZip":"92868",
                "LocationCountry":"United States"
              },{
                "LocationFacility":"Lucile Packard Children's Hospital at Stanford University Medical Center",
                "LocationCity":"Palo Alto",
                "LocationState":"California",
                "LocationZip":"94304",
                "LocationCountry":"United States"
              },{
                "LocationFacility":"UCSF Comprehensive Cancer Center",
                "LocationCity":"San Francisco",
                "LocationState":"California",
                "LocationZip":"94143",
                "LocationCountry":"United States"
              },{
                "LocationFacility":"County of Los Angeles Harbor-UCLA Medical Center",
                "LocationCity":"Torrance",
                "LocationState":"California",
                "LocationZip":"90509",
                "LocationCountry":"United States"
              },{
                "LocationFacility":"Children's National Medical Center",
                "LocationCity":"Washington",
                "LocationState":"District of Columbia",
                "LocationZip":"20010-2970",
                "LocationCountry":"United States"
              },{
                "LocationFacility":"AFLAC Cancer Center and Blood Disorders Service of Children's Healthcare of Atlanta - Scottish Rite Campus",
                "LocationCity":"Atlanta",
                "LocationState":"Georgia",
                "LocationZip":"30342",
                "LocationCountry":"United States"
              },{
                "LocationFacility":"Children's Memorial Hospital - Chicago",
                "LocationCity":"Chicago",
                "LocationState":"Illinois",
                "LocationZip":"60614",
                "LocationCountry":"United States"
              },{
                "LocationFacility":"Riley Children Cancer Center at Riley Hospital for Children",
                "LocationCity":"Indianapolis",
                "LocationState":"Indiana",
                "LocationZip":"46202-5225",
                "LocationCountry":"United States"
              },{
                "LocationFacility":"Kansas Masonic Cancer Research Institute at the University of Kansas Medical Center",
                "LocationCity":"Kansas City",
                "LocationState":"Kansas",
                "LocationZip":"66160-7357",
                "LocationCountry":"United States"
              },{
                "LocationFacility":"Sidney Kimmel Comprehensive Cancer Center at Johns Hopkins",
                "LocationCity":"Baltimore",
                "LocationState":"Maryland",
                "LocationZip":"21231-2410",
                "LocationCountry":"United States"
              },{
                "LocationFacility":"Warren Grant Magnuson Clinical Center - NCI Clinical Studies Support",
                "LocationCity":"Bethesda",
                "LocationState":"Maryland",
                "LocationZip":"20892-1182",
                "LocationCountry":"United States"
              },{
                "LocationFacility":"Floating Hospital for Children",
                "LocationCity":"Boston",
                "LocationState":"Massachusetts",
                "LocationZip":"02111",
                "LocationCountry":"United States"
              },{
                "LocationFacility":"Dana-Farber/Harvard Cancer Center at Dana Farber Cancer Institute",
                "LocationCity":"Boston",
                "LocationState":"Massachusetts",
                "LocationZip":"02115",
                "LocationCountry":"United States"
              },{
                "LocationFacility":"University of Michigan Comprehensive Cancer Center",
                "LocationCity":"Ann Arbor",
                "LocationState":"Michigan",
                "LocationZip":"48109-0914",
                "LocationCountry":"United States"
              },{
                "LocationFacility":"Children's Hospital of Michigan",
                "LocationCity":"Detroit",
                "LocationState":"Michigan",
                "LocationZip":"48201",
                "LocationCountry":"United States"
              },{
                "LocationFacility":"Mayo Clinic Cancer Center",
                "LocationCity":"Rochester",
                "LocationState":"Minnesota",
                "LocationZip":"55905",
                "LocationCountry":"United States"
              },{
                "LocationFacility":"University of Mississippi Medical Center",
                "LocationCity":"Jackson",
                "LocationState":"Mississippi",
                "LocationZip":"39216-4505",
                "LocationCountry":"United States"
              },{
                "LocationFacility":"Children's Mercy Hospital",
                "LocationCity":"Kansas City",
                "LocationState":"Missouri",
                "LocationZip":"64108",
                "LocationCountry":"United States"
              },{
                "LocationFacility":"Cardinal Glennon Children's Hospital",
                "LocationCity":"Saint Louis",
                "LocationState":"Missouri",
                "LocationZip":"63104",
                "LocationCountry":"United States"
              },{
                "LocationFacility":"St. Louis Children's Hospital",
                "LocationCity":"Saint Louis",
                "LocationState":"Missouri",
                "LocationZip":"63110",
                "LocationCountry":"United States"
              },{
                "LocationFacility":"Cancer Center at Hackensack University Medical Center",
                "LocationCity":"Hackensack",
                "LocationState":"New Jersey",
                "LocationZip":"07601",
                "LocationCountry":"United States"
              },{
                "LocationFacility":"NYU School of Medicine's Kaplan Comprehensive Cancer Center",
                "LocationCity":"New York",
                "LocationState":"New York",
                "LocationZip":"10016",
                "LocationCountry":"United States"
              },{
                "LocationFacility":"Memorial Sloan-Kettering Cancer Center",
                "LocationCity":"New York",
                "LocationState":"New York",
                "LocationZip":"10021",
                "LocationCountry":"United States"
              },{
                "LocationFacility":"Herbert Irving Comprehensive Cancer Center at Columbia University",
                "LocationCity":"New York",
                "LocationState":"New York",
                "LocationZip":"10032",
                "LocationCountry":"United States"
              },{
                "LocationFacility":"SUNY Upstate Medical University Hospital",
                "LocationCity":"Syracuse",
                "LocationState":"New York",
                "LocationZip":"13210",
                "LocationCountry":"United States"
              },{
                "LocationFacility":"Duke Comprehensive Cancer Center",
                "LocationCity":"Durham",
                "LocationState":"North Carolina",
                "LocationZip":"27710",
                "LocationCountry":"United States"
              },{
                "LocationFacility":"Cincinnati Children's Hospital Medical Center",
                "LocationCity":"Cincinnati",
                "LocationState":"Ohio",
                "LocationZip":"45229-2899",
                "LocationCountry":"United States"
              },{
                "LocationFacility":"Ireland Cancer Center at University Hospitals of Cleveland and Case Western Reserve University",
                "LocationCity":"Cleveland",
                "LocationState":"Ohio",
                "LocationZip":"44106-5065",
                "LocationCountry":"United States"
              },{
                "LocationFacility":"Oklahoma University Medical Center",
                "LocationCity":"Oklahoma City",
                "LocationState":"Oklahoma",
                "LocationZip":"73126",
                "LocationCountry":"United States"
              },{
                "LocationFacility":"Children's Hospital of Philadelphia",
                "LocationCity":"Philadelphia",
                "LocationState":"Pennsylvania",
                "LocationZip":"19104",
                "LocationCountry":"United States"
              },{
                "LocationFacility":"Children's Hospital of Pittsburgh",
                "LocationCity":"Pittsburgh",
                "LocationState":"Pennsylvania",
                "LocationZip":"15213",
                "LocationCountry":"United States"
              },{
                "LocationFacility":"St. Jude Children's Research Hospital",
                "LocationCity":"Memphis",
                "LocationState":"Tennessee",
                "LocationZip":"38105-2794",
                "LocationCountry":"United States"
              },{
                "LocationFacility":"Vanderbilt Children's Hospital",
                "LocationCity":"Nashville",
                "LocationState":"Tennessee",
                "LocationZip":"37232-6310",
                "LocationCountry":"United States"
              },{
                "LocationFacility":"Simmons Cancer Center at University of Texas Southwestern Medical Center - Dallas",
                "LocationCity":"Dallas",
                "LocationState":"Texas",
                "LocationZip":"75390-9063",
                "LocationCountry":"United States"
              },{
                "LocationFacility":"Cook Children's Medical Center - Fort Worth",
                "LocationCity":"Fort Worth",
                "LocationState":"Texas",
                "LocationZip":"76104",
                "LocationCountry":"United States"
              },{
                "LocationFacility":"Texas Children's Cancer Center",
                "LocationCity":"Houston",
                "LocationState":"Texas",
                "LocationZip":"77030-2399",
                "LocationCountry":"United States"
              },{
                "LocationFacility":"MD Anderson Cancer Center at University of Texas",
                "LocationCity":"Houston",
                "LocationState":"Texas",
                "LocationZip":"77030-4009",
                "LocationCountry":"United States"
              },{
                "LocationFacility":"University of Texas Health Science Center at San Antonio",
                "LocationCity":"San Antonio",
                "LocationState":"Texas",
                "LocationZip":"78284-7811",
                "LocationCountry":"United States"
              },{
                "LocationFacility":"Huntsman Cancer Institute at University of Utah",
                "LocationCity":"Salt Lake City",
                "LocationState":"Utah",
                "LocationZip":"84112",
                "LocationCountry":"United States"
              },{
                "LocationFacility":"Children's Hospital and Regional Medical Center - Seattle",
                "LocationCity":"Seattle",
                "LocationState":"Washington",
                "LocationZip":"98105",
                "LocationCountry":"United States"
              },{
                "LocationFacility":"University of Wisconsin Comprehensive Cancer Center",
                "LocationCity":"Madison",
                "LocationState":"Wisconsin",
                "LocationZip":"53792-6164",
                "LocationCountry":"United States"
              },{
                "LocationFacility":"Midwest Children's Cancer Center",
                "LocationCity":"Milwaukee",
                "LocationState":"Wisconsin",
                "LocationZip":"53226",
                "LocationCountry":"United States"
              },{
                "LocationFacility":"Royal Children's Hospital",
                "LocationCity":"Parkville",
                "LocationState":"Victoria",
                "LocationZip":"3052",
                "LocationCountry":"Australia"
              },{
                "LocationFacility":"Princess Margaret Hospital for Children",
                "LocationCity":"Perth",
                "LocationState":"Western Australia",
                "LocationZip":"6001",
                "LocationCountry":"Australia"
              },{
                "LocationFacility":"Hospital for Sick Children",
                "LocationCity":"Toronto",
                "LocationState":"Ontario",
                "LocationZip":"M5G 1X8",
                "LocationCountry":"Canada"
              },{
                "LocationFacility":"Montreal Children's Hospital at McGill University Health Center",
                "LocationCity":"Montreal",
                "LocationState":"Quebec",
                "LocationZip":"H3H 1P3",
                "LocationCountry":"Canada"
              },{
                "LocationFacility":"Hopital Sainte Justine",
                "LocationCity":"Montreal",
                "LocationState":"Quebec",
                "LocationZip":"H3T 1C5",
                "LocationCountry":"Canada"
              }
            ]
          }
        },
        "ReferencesModule":{
          "ReferenceList":{
            "Reference":[
              {
                "ReferencePMID":"17959855",
                "ReferenceType":"result",
                "ReferenceCitation":"Fox E, Razzouk BI, Widemann BC, Xiao S, O'Brien M, Goodspeed W, Reaman GH, Blaney SM, Murgo AJ, Balis FM, Adamson PC. Phase 1 trial and pharmacokinetic study of arsenic trioxide in children and adolescents with refractory or relapsed acute leukemia, including acute promyelocytic leukemia or lymphoma. Blood. 2008 Jan 15;111(2):566-73. Epub 2007 Oct 24."
              },{
                "ReferenceType":"result",
                "ReferenceCitation":"Fox E, Adamson PC, Murgo A, et al.: Phase 1 trial and pharmacokinetic study of arsenic trioxide in children with refractory leukemia. [Abstract] Proceedings of the American Society of Clinical Oncology 21: A-1582, 2002."
              }
            ]
          }
        }
      },
      "DerivedSection":{
        "MiscInfoModule":{
          "VersionHolder":"April 19, 2021"
        },
        "ConditionBrowseModule":{
          "ConditionMeshList":{
            "ConditionMesh":[
              {
                "ConditionMeshId":"D000008223",
                "ConditionMeshTerm":"Lymphoma"
              },{
                "ConditionMeshId":"D000007938",
                "ConditionMeshTerm":"Leukemia"
              }
            ]
          },
          "ConditionAncestorList":{
            "ConditionAncestor":[
              {
                "ConditionAncestorId":"D000009370",
                "ConditionAncestorTerm":"Neoplasms by Histologic Type"
              },{
                "ConditionAncestorId":"D000009369",
                "ConditionAncestorTerm":"Neoplasms"
              },{
                "ConditionAncestorId":"D000008232",
                "ConditionAncestorTerm":"Lymphoproliferative Disorders"
              },{
                "ConditionAncestorId":"D000008206",
                "ConditionAncestorTerm":"Lymphatic Diseases"
              },{
                "ConditionAncestorId":"D000007160",
                "ConditionAncestorTerm":"Immunoproliferative Disorders"
              },{
                "ConditionAncestorId":"D000007154",
                "ConditionAncestorTerm":"Immune System Diseases"
              }
            ]
          },
          "ConditionBrowseLeafList":{
            "ConditionBrowseLeaf":[
              {
                "ConditionBrowseLeafId":"M9528",
                "ConditionBrowseLeafName":"Leukemia",
                "ConditionBrowseLeafAsFound":"Leukemia",
                "ConditionBrowseLeafRelevance":"high"
              },{
                "ConditionBrowseLeafId":"M9538",
                "ConditionBrowseLeafName":"Leukemia, Myeloid",
                "ConditionBrowseLeafRelevance":"low"
              },{
                "ConditionBrowseLeafId":"M16710",
                "ConditionBrowseLeafName":"Leukemia, Myeloid, Acute",
                "ConditionBrowseLeafRelevance":"low"
              },{
                "ConditionBrowseLeafId":"M9803",
                "ConditionBrowseLeafName":"Lymphoma",
                "ConditionBrowseLeafAsFound":"Lymphoma",
                "ConditionBrowseLeafRelevance":"high"
              },{
                "ConditionBrowseLeafId":"M9534",
                "ConditionBrowseLeafName":"Leukemia, Lymphoid",
                "ConditionBrowseLeafRelevance":"low"
              },{
                "ConditionBrowseLeafId":"M26172",
                "ConditionBrowseLeafName":"Precursor Cell Lymphoblastic Leukemia-Lymphoma",
                "ConditionBrowseLeafRelevance":"low"
              },{
                "ConditionBrowseLeafId":"M8334",
                "ConditionBrowseLeafName":"Hodgkin Disease",
                "ConditionBrowseLeafRelevance":"low"
              },{
                "ConditionBrowseLeafId":"M16706",
                "ConditionBrowseLeafName":"Leukemia, Myelogenous, Chronic, BCR-ABL Positive",
                "ConditionBrowseLeafRelevance":"low"
              },{
                "ConditionBrowseLeafId":"M16713",
                "ConditionBrowseLeafName":"Leukemia, Promyelocytic, Acute",
                "ConditionBrowseLeafRelevance":"low"
              },{
                "ConditionBrowseLeafId":"M10898",
                "ConditionBrowseLeafName":"Neoplasms by Histologic Type",
                "ConditionBrowseLeafRelevance":"low"
              },{
                "ConditionBrowseLeafId":"M9808",
                "ConditionBrowseLeafName":"Lymphoproliferative Disorders",
                "ConditionBrowseLeafRelevance":"low"
              },{
                "ConditionBrowseLeafId":"M9786",
                "ConditionBrowseLeafName":"Lymphatic Diseases",
                "ConditionBrowseLeafRelevance":"low"
              },{
                "ConditionBrowseLeafId":"M8789",
                "ConditionBrowseLeafName":"Immunoproliferative Disorders",
                "ConditionBrowseLeafRelevance":"low"
              },{
                "ConditionBrowseLeafId":"M8783",
                "ConditionBrowseLeafName":"Immune System Diseases",
                "ConditionBrowseLeafRelevance":"low"
              },{
                "ConditionBrowseLeafId":"T3995",
                "ConditionBrowseLeafName":"Myeloid Leukemia",
                "ConditionBrowseLeafRelevance":"low"
              },{
                "ConditionBrowseLeafId":"T182",
                "ConditionBrowseLeafName":"Acute Myeloid Leukemia",
                "ConditionBrowseLeafRelevance":"low"
              },{
                "ConditionBrowseLeafId":"T188",
                "ConditionBrowseLeafName":"Acute Non Lymphoblastic Leukemia",
                "ConditionBrowseLeafRelevance":"low"
              },{
                "ConditionBrowseLeafId":"T3543",
                "ConditionBrowseLeafName":"Lymphosarcoma",
                "ConditionBrowseLeafAsFound":"Lymphoma",
                "ConditionBrowseLeafRelevance":"high"
              },{
                "ConditionBrowseLeafId":"T1134",
                "ConditionBrowseLeafName":"Childhood Acute Lymphoblastic Leukemia",
                "ConditionBrowseLeafRelevance":"low"
              },{
                "ConditionBrowseLeafId":"T175",
                "ConditionBrowseLeafName":"Acute Lymphoblastic Leukemia",
                "ConditionBrowseLeafRelevance":"low"
              },{
                "ConditionBrowseLeafId":"T3533",
                "ConditionBrowseLeafName":"Lymphoblastic Lymphoma",
                "ConditionBrowseLeafRelevance":"low"
              },{
                "ConditionBrowseLeafId":"T2817",
                "ConditionBrowseLeafName":"Hodgkin Lymphoma",
                "ConditionBrowseLeafRelevance":"low"
              },{
                "ConditionBrowseLeafId":"T1309",
                "ConditionBrowseLeafName":"Chronic Myeloid Leukemia",
                "ConditionBrowseLeafRelevance":"low"
              },{
                "ConditionBrowseLeafId":"T191",
                "ConditionBrowseLeafName":"Acute Promyelocytic Leukemia",
                "ConditionBrowseLeafRelevance":"low"
              }
            ]
          },
          "ConditionBrowseBranchList":{
            "ConditionBrowseBranch":[
              {
                "ConditionBrowseBranchAbbrev":"BC04",
                "ConditionBrowseBranchName":"Cancers and Other Neoplasms"
              },{
                "ConditionBrowseBranchAbbrev":"All",
                "ConditionBrowseBranchName":"All Conditions"
              },{
                "ConditionBrowseBranchAbbrev":"BC15",
                "ConditionBrowseBranchName":"Blood and Lymph Conditions"
              },{
                "ConditionBrowseBranchAbbrev":"BC20",
                "ConditionBrowseBranchName":"Immune System Diseases"
              },{
                "ConditionBrowseBranchAbbrev":"Rare",
                "ConditionBrowseBranchName":"Rare Diseases"
              }
            ]
          }
        },
        "InterventionBrowseModule":{
          "InterventionMeshList":{
            "InterventionMesh":[
              {
                "InterventionMeshId":"D000077237",
                "InterventionMeshTerm":"Arsenic Trioxide"
              }
            ]
          },
          "InterventionAncestorList":{
            "InterventionAncestor":[
              {
                "InterventionAncestorId":"D000000970",
                "InterventionAncestorTerm":"Antineoplastic Agents"
              }
            ]
          },
          "InterventionBrowseLeafList":{
            "InterventionBrowseLeaf":[
              {
                "InterventionBrowseLeafId":"M1712",
                "InterventionBrowseLeafName":"Arsenic Trioxide",
                "InterventionBrowseLeafAsFound":"Stress Disorder",
                "InterventionBrowseLeafRelevance":"high"
              }
            ]
          },
          "InterventionBrowseBranchList":{
            "InterventionBrowseBranch":[
              {
                "InterventionBrowseBranchAbbrev":"ANeo",
                "InterventionBrowseBranchName":"Antineoplastic Agents"
              },{
                "InterventionBrowseBranchAbbrev":"All",
                "InterventionBrowseBranchName":"All Drugs and Chemicals"
              }
            ]
          }
        }
      }
    }
  }
}

