{
  "FullStudy":{
    "Rank":367603,
    "Study":{
      "ProtocolSection":{
        "IdentificationModule":{
          "NCTId":"NCT00028795",
          "OrgStudyIdInfo":{
            "OrgStudyId":"ACNS0126"
          },
          "SecondaryIdInfoList":{
            "SecondaryIdInfo":[
              {
                "SecondaryId":"COG-ACNS0126",
                "SecondaryIdType":"Other Identifier",
                "SecondaryIdDomain":"Children's Oncology Group"
              },{
                "SecondaryId":"CDR0000069135",
                "SecondaryIdType":"Other Identifier",
                "SecondaryIdDomain":"Clinical Trials.gov"
              }
            ]
          },
          "Organization":{
            "OrgFullName":"Children's Oncology Group",
            "OrgClass":"NETWORK"
          },
          "BriefTitle":"Chemotherapy and Radiation Therapy After Surgery in Treating Children With Newly Diagnosed Astrocytoma, Glioblastoma Multiforme, Gliosarcoma, or Diffuse Intrinsic Pontine Glioma",
          "OfficialTitle":"A Phase II Study of Temozolomide in the Treatment of Children With High Grade Glioma"
        },
        "StatusModule":{
          "StatusVerifiedDate":"February 2014",
          "OverallStatus":"Completed",
          "ExpandedAccessInfo":{
            "HasExpandedAccess":"No"
          },
          "StartDateStruct":{
            "StartDate":"December 2002"
          },
          "PrimaryCompletionDateStruct":{
            "PrimaryCompletionDate":"September 2007",
            "PrimaryCompletionDateType":"Actual"
          },
          "CompletionDateStruct":{
            "CompletionDate":"March 2012",
            "CompletionDateType":"Actual"
          },
          "StudyFirstSubmitDate":"January 4, 2002",
          "StudyFirstSubmitQCDate":"January 26, 2003",
          "StudyFirstPostDateStruct":{
            "StudyFirstPostDate":"January 27, 2003",
            "StudyFirstPostDateType":"Estimate"
          },
          "LastUpdateSubmitDate":"February 19, 2014",
          "LastUpdatePostDateStruct":{
            "LastUpdatePostDate":"February 21, 2014",
            "LastUpdatePostDateType":"Estimate"
          }
        },
        "SponsorCollaboratorsModule":{
          "ResponsibleParty":{
            "ResponsiblePartyType":"Sponsor"
          },
          "LeadSponsor":{
            "LeadSponsorName":"Children's Oncology Group",
            "LeadSponsorClass":"NETWORK"
          },
          "CollaboratorList":{
            "Collaborator":[
              {
                "CollaboratorName":"National Cancer Institute (NCI)",
                "CollaboratorClass":"NIH"
              }
            ]
          }
        },
        "OversightModule":{
          "OversightHasDMC":"Yes"
        },
        "DescriptionModule":{
          "BriefSummary":"RATIONALE: Drugs used in chemotherapy use different ways to stop tumor cells from dividing so they stop growing or die. Radiation therapy uses high-energy x-rays to damage tumor cells. Giving chemotherapy together with radiation therapy may kill more tumor cells.\n\nPURPOSE: This phase II trial is studying how well giving chemotherapy together with radiation therapy after surgery followed by chemotherapy alone works in children with newly diagnosed astrocytoma, glioblastoma multiforme, gliosarcoma, or diffuse intrinsic pontine glioma.",
          "DetailedDescription":"OBJECTIVES:\n\nCompare the event-free survival of patients with newly diagnosed anaplastic astrocytoma, glioblastoma multiforme, gliosarcoma, or diffuse intrinsic pontine glioma (DIPG) treated with adjuvant temozolomide administered concurrently with postoperative radiotherapy and then alone as maintenance therapy vs historical control cohorts treated in prior Pediatric Oncology Group and Children's Cancer Group studies.\nDetermine the toxicity of this regimen in these patients.\nDetermine the efficacy of this regimen in patients with DIPG.\nDetermine the toxicity of this regimen in patients with DIPG.\n\nOUTLINE: This is a multicenter study.\n\nAdjuvant chemoradiotherapy: Beginning within 6 weeks after surgical resection or diagnosis*, patients without gross residual disease undergo cranial irradiation 5 days a week for 6 weeks. Beginning within 6 weeks after surgical resection, patients with gross residual disease undergo radiotherapy as above followed by boost radiotherapy for 1 week. All patients receive oral temozolomide once daily beginning within 5 days after initiation of radiotherapy and continuing for a total of 6 weeks in the absence of disease progression or unacceptable toxicity.\nAdjuvant maintenance therapy: Beginning 4 weeks after completion of adjuvant chemoradiotherapy, patients receive oral temozolomide on days 1-5. Treatment repeats every 28 days for a total of 10 courses in the absence of disease progression or unacceptable toxicity.\n\nNOTE: *For patients with diffuse intrinsic pontine glioma only\n\nPatients are followed every 3-6 months for 4 years and then annually thereafter.\n\nPROJECTED ACCRUAL: A total of 50-60 patients will be accrued for this study within 12-14 months."
        },
        "ConditionsModule":{
          "ConditionList":{
            "Condition":[
              "Brain and Central Nervous System Tumors"
            ]
          },
          "KeywordList":{
            "Keyword":[
              "childhood brain stem glioma",
              "childhood high-grade cerebral astrocytoma",
              "childhood spinal cord neoplasm",
              "untreated childhood brain stem glioma"
            ]
          }
        },
        "DesignModule":{
          "StudyType":"Interventional",
          "PhaseList":{
            "Phase":[
              "Phase 2"
            ]
          },
          "DesignInfo":{
            "DesignAllocation":"N/A",
            "DesignInterventionModel":"Single Group Assignment",
            "DesignPrimaryPurpose":"Treatment",
            "DesignMaskingInfo":{
              "DesignMasking":"None (Open Label)"
            }
          },
          "EnrollmentInfo":{
            "EnrollmentCount":"170",
            "EnrollmentType":"Actual"
          }
        },
        "ArmsInterventionsModule":{
          "ArmGroupList":{
            "ArmGroup":[
              {
                "ArmGroupLabel":"Chemoradiotherapy",
                "ArmGroupType":"Experimental",
                "ArmGroupInterventionList":{
                  "ArmGroupInterventionName":[
                    "Drug: temozolomide",
                    "Procedure: adjuvant therapy",
                    "Radiation: radiation therapy"
                  ]
                }
              }
            ]
          },
          "InterventionList":{
            "Intervention":[
              {
                "InterventionType":"Drug",
                "InterventionName":"temozolomide",
                "InterventionArmGroupLabelList":{
                  "InterventionArmGroupLabel":[
                    "Chemoradiotherapy"
                  ]
                }
              },{
                "InterventionType":"Procedure",
                "InterventionName":"adjuvant therapy",
                "InterventionArmGroupLabelList":{
                  "InterventionArmGroupLabel":[
                    "Chemoradiotherapy"
                  ]
                }
              },{
                "InterventionType":"Radiation",
                "InterventionName":"radiation therapy",
                "InterventionArmGroupLabelList":{
                  "InterventionArmGroupLabel":[
                    "Chemoradiotherapy"
                  ]
                }
              }
            ]
          }
        },
        "OutcomesModule":{
          "PrimaryOutcomeList":{
            "PrimaryOutcome":[
              {
                "PrimaryOutcomeMeasure":"Improved outcome"
              },{
                "PrimaryOutcomeMeasure":"Toxicity as assessed by NCI CTCAE v. 2.0"
              }
            ]
          }
        },
        "EligibilityModule":{
          "EligibilityCriteria":"DISEASE CHARACTERISTICS:\n\nHistologically confirmed newly diagnosed CNS tumor of the following types:\n\nHigh grade glioma (HGG) of one of the following histologies:\n\nAnaplastic astrocytoma (grade III)\nGlioblastoma multiforme (grade IV)\nGliosarcoma\nPrimary spinal cord malignant glioma\n\nDiffuse intrinsic pontine glioma (DIPG)\n\nDiagnosed by gadolinium-enhanced MRI\nAt least 2/3 of tumor situated in the pons AND tumor clearly originated in the pons\nNo diffuse leptomeningeal disease\n\nNo tumors with features not typical of diffuse intrinsic brainstem glioma, including any of the following:\n\nDorsally exophytic brainstem glioma\nCervico-medullary junction tumor\nFocal low-grade glioma of the midbrain or brainstem\nNo diffuse brainstem enlargement due to neurofibromatosis\nNo primary brain stem malignant glioma\nNo M+ disease (CSF positive for tumor or metastatic disease)\nMust begin study radiotherapy within 6 weeks after surgical resection (for HGG patients) or diagnosis (for DIPG patients)\n\nPATIENT CHARACTERISTICS:\n\nAge:\n\n3 to 21\n\nPerformance status:\n\nKarnofsky 50-100% OR\nLansky 50-100%\n\nLife expectancy:\n\nAt least 2 months\n\nHematopoietic:\n\nAbsolute neutrophil count at least 1,000/mm^3\nPlatelet count at least 100,000/mm^3*\nHemoglobin at least 10.0 g/dL* NOTE: *Transfusion independent\n\nHepatic:\n\nBilirubin no greater than 1.5 times upper limit of normal (ULN)\nSGOT or SGPT less than 2.5 times ULN\n\nRenal:\n\nCreatinine no greater than 1.5 times ULN\n\nOther:\n\nNo other concurrent malignancy\nConcurrent seizure disorder allowed if well controlled on anticonvulsants\nNot pregnant or nursing\nNegative pregnancy test\nFertile patients must use effective contraception during and for 2 months after completion of study treatment\n\nPRIOR CONCURRENT THERAPY:\n\nBiologic:\n\nNo concurrent routine cytokine support\n\nChemotherapy:\n\nNot specified\n\nEndocrine therapy:\n\nNo concurrent corticosteroids except for increased intracranial pressure in patients with CNS tumors\n\nRadiotherapy:\n\nSee Disease Characteristics\n\nSurgery:\n\nSee Disease Characteristics\n\nOther:\n\nNo prior therapy for HGG or DIPG",
          "HealthyVolunteers":"No",
          "Gender":"All",
          "MinimumAge":"3 Years",
          "MaximumAge":"21 Years",
          "StdAgeList":{
            "StdAge":[
              "Child",
              "Adult"
            ]
          }
        },
        "ContactsLocationsModule":{
          "OverallOfficialList":{
            "OverallOfficial":[
              {
                "OverallOfficialName":"Kenneth J. Cohen, MD, MBA",
                "OverallOfficialAffiliation":"Sidney Kimmel Comprehensive Cancer Center at Johns Hopkins",
                "OverallOfficialRole":"Study Chair"
              }
            ]
          },
          "LocationList":{
            "Location":[
              {
                "LocationFacility":"Comprehensive Cancer Center at University of Alabama at Birmingham",
                "LocationCity":"Birmingham",
                "LocationState":"Alabama",
                "LocationZip":"35233",
                "LocationCountry":"United States"
              },{
                "LocationFacility":"University of South Alabama Cancer Research Institute",
                "LocationCity":"Mobile",
                "LocationState":"Alabama",
                "LocationZip":"36604",
                "LocationCountry":"United States"
              },{
                "LocationFacility":"Phoenix Children's Hospital",
                "LocationCity":"Phoenix",
                "LocationState":"Arizona",
                "LocationZip":"85016",
                "LocationCountry":"United States"
              },{
                "LocationFacility":"Arizona Cancer Center at University of Arizona Health Sciences Center",
                "LocationCity":"Tucson",
                "LocationState":"Arizona",
                "LocationZip":"85724",
                "LocationCountry":"United States"
              },{
                "LocationFacility":"Arkansas Cancer Research Center at University of Arkansas for Medical Sciences",
                "LocationCity":"Little Rock",
                "LocationState":"Arkansas",
                "LocationZip":"72205",
                "LocationCountry":"United States"
              },{
                "LocationFacility":"Southern California Permanente Medical Group",
                "LocationCity":"Downey",
                "LocationState":"California",
                "LocationZip":"90242",
                "LocationCountry":"United States"
              },{
                "LocationFacility":"City of Hope Comprehensive Cancer Center",
                "LocationCity":"Duarte",
                "LocationState":"California",
                "LocationZip":"91010-3000",
                "LocationCountry":"United States"
              },{
                "LocationFacility":"Rebecca and John Moores UCSD Cancer Center",
                "LocationCity":"La Jolla",
                "LocationState":"California",
                "LocationZip":"92093-0658",
                "LocationCountry":"United States"
              },{
                "LocationFacility":"Loma Linda University Cancer Institute at Loma Linda University Medical Center",
                "LocationCity":"Loma Linda",
                "LocationState":"California",
                "LocationZip":"92354",
                "LocationCountry":"United States"
              },{
                "LocationFacility":"Jonathan Jaques Children's Cancer Center at Miller Children's Hospital",
                "LocationCity":"Long Beach",
                "LocationState":"California",
                "LocationZip":"90801-1428",
                "LocationCountry":"United States"
              },{
                "LocationFacility":"Children's Hospital Los Angeles",
                "LocationCity":"Los Angeles",
                "LocationState":"California",
                "LocationZip":"90027-0700",
                "LocationCountry":"United States"
              },{
                "LocationFacility":"Samuel Oschin Comprehensive Cancer Institute at Cedars-Sinai Medical Center",
                "LocationCity":"Los Angeles",
                "LocationState":"California",
                "LocationZip":"90048",
                "LocationCountry":"United States"
              },{
                "LocationFacility":"Jonsson Comprehensive Cancer Center at UCLA",
                "LocationCity":"Los Angeles",
                "LocationState":"California",
                "LocationZip":"90095-1781",
                "LocationCountry":"United States"
              },{
                "LocationFacility":"Children's Hospital Central California",
                "LocationCity":"Madera",
                "LocationState":"California",
                "LocationZip":"93638-8762",
                "LocationCountry":"United States"
              },{
                "LocationFacility":"Children's Hospital and Research Center at Oakland",
                "LocationCity":"Oakland",
                "LocationState":"California",
                "LocationZip":"94609-1809",
                "LocationCountry":"United States"
              },{
                "LocationFacility":"Chao Family Comprehensive Cancer Center at University of California Irvine Medical Center",
                "LocationCity":"Orange",
                "LocationState":"California",
                "LocationZip":"92868",
                "LocationCountry":"United States"
              },{
                "LocationFacility":"Children's Hospital of Orange County",
                "LocationCity":"Orange",
                "LocationState":"California",
                "LocationZip":"92868",
                "LocationCountry":"United States"
              },{
                "LocationFacility":"Lucile Packard Children's Hospital at Stanford University Medical Center",
                "LocationCity":"Palo Alto",
                "LocationState":"California",
                "LocationZip":"94304",
                "LocationCountry":"United States"
              },{
                "LocationFacility":"Sutter Cancer Center",
                "LocationCity":"Sacramento",
                "LocationState":"California",
                "LocationZip":"95816",
                "LocationCountry":"United States"
              },{
                "LocationFacility":"University of California Davis Cancer Center",
                "LocationCity":"Sacramento",
                "LocationState":"California",
                "LocationZip":"95817",
                "LocationCountry":"United States"
              },{
                "LocationFacility":"Kaiser Permanente Medical Center - Sacramento",
                "LocationCity":"Sacramento",
                "LocationState":"California",
                "LocationZip":"95825",
                "LocationCountry":"United States"
              },{
                "LocationFacility":"Kaiser Permanente Medical Center/Kaiser Foundation Hospital - San Diego",
                "LocationCity":"San Diego",
                "LocationState":"California",
                "LocationZip":"92120",
                "LocationCountry":"United States"
              },{
                "LocationFacility":"Children's Hospital and Health Center - San Diego",
                "LocationCity":"San Diego",
                "LocationState":"California",
                "LocationZip":"92123-4282",
                "LocationCountry":"United States"
              },{
                "LocationFacility":"UCSF Comprehensive Cancer Center",
                "LocationCity":"San Francisco",
                "LocationState":"California",
                "LocationZip":"94143",
                "LocationCountry":"United States"
              },{
                "LocationFacility":"Santa Barbara Cottage Hospital",
                "LocationCity":"Santa Barbara",
                "LocationState":"California",
                "LocationZip":"93102",
                "LocationCountry":"United States"
              },{
                "LocationFacility":"Kaiser Permanente Medical Center - Santa Clara Kiely Campus",
                "LocationCity":"Santa Clara",
                "LocationState":"California",
                "LocationZip":"95051-5386",
                "LocationCountry":"United States"
              },{
                "LocationFacility":"General Robert Huyser Cancer Center at David Grant Medical Center",
                "LocationCity":"Travis Air Force Base",
                "LocationState":"California",
                "LocationZip":"94535",
                "LocationCountry":"United States"
              },{
                "LocationFacility":"Children's Hospital Cancer Center",
                "LocationCity":"Denver",
                "LocationState":"Colorado",
                "LocationZip":"80218",
                "LocationCountry":"United States"
              },{
                "LocationFacility":"Presbyterian - St. Luke's Medical Center",
                "LocationCity":"Denver",
                "LocationState":"Colorado",
                "LocationZip":"80218",
                "LocationCountry":"United States"
              },{
                "LocationFacility":"Carole and Ray Neag Comprehensive Cancer Center at the University of Connecticut Health Center",
                "LocationCity":"Farmington",
                "LocationState":"Connecticut",
                "LocationZip":"06360-7106",
                "LocationCountry":"United States"
              },{
                "LocationFacility":"Yale Comprehensive Cancer Center",
                "LocationCity":"New Haven",
                "LocationState":"Connecticut",
                "LocationZip":"06520-8064",
                "LocationCountry":"United States"
              },{
                "LocationFacility":"Alfred I. duPont Hospital for Children",
                "LocationCity":"Wilmington",
                "LocationState":"Delaware",
                "LocationZip":"19899",
                "LocationCountry":"United States"
              },{
                "LocationFacility":"Lombardi Cancer Center at Georgetown University Medical Center",
                "LocationCity":"Washington",
                "LocationState":"District of Columbia",
                "LocationZip":"20007",
                "LocationCountry":"United States"
              },{
                "LocationFacility":"Children's National Medical Center",
                "LocationCity":"Washington",
                "LocationState":"District of Columbia",
                "LocationZip":"20010-2970",
                "LocationCountry":"United States"
              },{
                "LocationFacility":"Broward General Medical Center",
                "LocationCity":"Fort Lauderdale",
                "LocationState":"Florida",
                "LocationZip":"33316",
                "LocationCountry":"United States"
              },{
                "LocationFacility":"Children's Hospital of Southwest Florida",
                "LocationCity":"Fort Myers",
                "LocationState":"Florida",
                "LocationZip":"33908",
                "LocationCountry":"United States"
              },{
                "LocationFacility":"University of Florida Shands Cancer Center",
                "LocationCity":"Gainesville",
                "LocationState":"Florida",
                "LocationZip":"32610-0296",
                "LocationCountry":"United States"
              },{
                "LocationFacility":"Joe DiMaggio Children's Hospital at Memorial",
                "LocationCity":"Hollywood",
                "LocationState":"Florida",
                "LocationZip":"33021",
                "LocationCountry":"United States"
              },{
                "LocationFacility":"Nemours Children's Clinic",
                "LocationCity":"Jacksonville",
                "LocationState":"Florida",
                "LocationZip":"32207",
                "LocationCountry":"United States"
              },{
                "LocationFacility":"Jackson Memorial Hospital",
                "LocationCity":"Miami",
                "LocationState":"Florida",
                "LocationZip":"33136",
                "LocationCountry":"United States"
              },{
                "LocationFacility":"Miami Children's Hospital",
                "LocationCity":"Miami",
                "LocationState":"Florida",
                "LocationZip":"33155",
                "LocationCountry":"United States"
              },{
                "LocationFacility":"Baptist-South Miami Regional Cancer Program",
                "LocationCity":"Miami",
                "LocationState":"Florida",
                "LocationZip":"33176-2197",
                "LocationCountry":"United States"
              },{
                "LocationFacility":"Florida Hospital Cancer Institute",
                "LocationCity":"Orlando",
                "LocationState":"Florida",
                "LocationZip":"32804",
                "LocationCountry":"United States"
              },{
                "LocationFacility":"Nemours Children's Clinic-Orlando",
                "LocationCity":"Orlando",
                "LocationState":"Florida",
                "LocationZip":"32806",
                "LocationCountry":"United States"
              },{
                "LocationFacility":"Sacred Heart Children's Hospital",
                "LocationCity":"Pensacola",
                "LocationState":"Florida",
                "LocationZip":"32504",
                "LocationCountry":"United States"
              },{
                "LocationFacility":"All Children's Hospital",
                "LocationCity":"St. Petersburg",
                "LocationState":"Florida",
                "LocationZip":"33701",
                "LocationCountry":"United States"
              },{
                "LocationFacility":"St. Joseph's Children's Hospital of Tampa",
                "LocationCity":"Tampa",
                "LocationState":"Florida",
                "LocationZip":"33677-4227",
                "LocationCountry":"United States"
              },{
                "LocationFacility":"Kaplan Cancer Center at St. Mary's Medical Center",
                "LocationCity":"West Palm Beach",
                "LocationState":"Florida",
                "LocationZip":"33407",
                "LocationCountry":"United States"
              },{
                "LocationFacility":"AFLAC Cancer Center and Blood Disorders Service of Children's Healthcare of Atlanta - Scottish Rite Campus",
                "LocationCity":"Atlanta",
                "LocationState":"Georgia",
                "LocationZip":"30342",
                "LocationCountry":"United States"
              },{
                "LocationFacility":"MBCCOP-Medical College of Georgia Cancer Center",
                "LocationCity":"Augusta",
                "LocationState":"Georgia",
                "LocationZip":"30912-4000",
                "LocationCountry":"United States"
              },{
                "LocationFacility":"Medical Center of Central Georgia",
                "LocationCity":"Macon",
                "LocationState":"Georgia",
                "LocationZip":"31201",
                "LocationCountry":"United States"
              },{
                "LocationFacility":"Curtis & Elizabeth Anderson Cancer Institute at Memorial Health University Medical Center",
                "LocationCity":"Savannah",
                "LocationState":"Georgia",
                "LocationZip":"31405",
                "LocationCountry":"United States"
              },{
                "LocationFacility":"Cancer Research Center of Hawaii",
                "LocationCity":"Honolulu",
                "LocationState":"Hawaii",
                "LocationZip":"96813",
                "LocationCountry":"United States"
              },{
                "LocationFacility":"Tripler Army Medical Center",
                "LocationCity":"Honolulu",
                "LocationState":"Hawaii",
                "LocationZip":"96859-5000",
                "LocationCountry":"United States"
              },{
                "LocationFacility":"St. Luke's Mountain States Tumor Institute - Boise",
                "LocationCity":"Boise",
                "LocationState":"Idaho",
                "LocationZip":"83712",
                "LocationCountry":"United States"
              },{
                "LocationFacility":"University of Chicago Cancer Research Center",
                "LocationCity":"Chicago",
                "LocationState":"Illinois",
                "LocationZip":"60601",
                "LocationCountry":"United States"
              },{
                "LocationFacility":"Rush University Medical Center",
                "LocationCity":"Chicago",
                "LocationState":"Illinois",
                "LocationZip":"60612",
                "LocationCountry":"United States"
              },{
                "LocationFacility":"University of Illinois Medical Center",
                "LocationCity":"Chicago",
                "LocationState":"Illinois",
                "LocationZip":"60612",
                "LocationCountry":"United States"
              },{
                "LocationFacility":"Children's Memorial Hospital - Chicago",
                "LocationCity":"Chicago",
                "LocationState":"Illinois",
                "LocationZip":"60614",
                "LocationCountry":"United States"
              },{
                "LocationFacility":"Advocate Hope Children's Hospital",
                "LocationCity":"Oak Lawn",
                "LocationState":"Illinois",
                "LocationZip":"60453",
                "LocationCountry":"United States"
              },{
                "LocationFacility":"Lutheran General Cancer Care Center",
                "LocationCity":"Park Ridge",
                "LocationState":"Illinois",
                "LocationZip":"60068-1174",
                "LocationCountry":"United States"
              },{
                "LocationFacility":"Saint Jude Midwest Affiliate",
                "LocationCity":"Peoria",
                "LocationState":"Illinois",
                "LocationZip":"61637",
                "LocationCountry":"United States"
              },{
                "LocationFacility":"Southern Illinois University School of Medicine",
                "LocationCity":"Springfield",
                "LocationState":"Illinois",
                "LocationZip":"62794-9658",
                "LocationCountry":"United States"
              },{
                "LocationFacility":"Riley Children Cancer Center at Riley Hospital for Children",
                "LocationCity":"Indianapolis",
                "LocationState":"Indiana",
                "LocationZip":"46202-5225",
                "LocationCountry":"United States"
              },{
                "LocationFacility":"St. Vincent Hospitals and Health Care Centers",
                "LocationCity":"Indianapolis",
                "LocationState":"Indiana",
                "LocationZip":"46260",
                "LocationCountry":"United States"
              },{
                "LocationFacility":"Blank Children's Hospital",
                "LocationCity":"Des Moines",
                "LocationState":"Iowa",
                "LocationZip":"50309",
                "LocationCountry":"United States"
              },{
                "LocationFacility":"Holden Comprehensive Cancer Center at University of Iowa",
                "LocationCity":"Iowa City",
                "LocationState":"Iowa",
                "LocationZip":"52242-1009",
                "LocationCountry":"United States"
              },{
                "LocationFacility":"Wesley Medical Center",
                "LocationCity":"Wichita",
                "LocationState":"Kansas",
                "LocationZip":"67214",
                "LocationCountry":"United States"
              },{
                "LocationFacility":"Markey Cancer Center at University of Kentucky Chandler Medical Center",
                "LocationCity":"Lexington",
                "LocationState":"Kentucky",
                "LocationZip":"40536-0284",
                "LocationCountry":"United States"
              },{
                "LocationFacility":"Kosair Children's Hospital",
                "LocationCity":"Louisville",
                "LocationState":"Kentucky",
                "LocationZip":"40202-3830",
                "LocationCountry":"United States"
              },{
                "LocationFacility":"MBCCOP - LSU Health Sciences Center",
                "LocationCity":"New Orleans",
                "LocationState":"Louisiana",
                "LocationZip":"70112",
                "LocationCountry":"United States"
              },{
                "LocationFacility":"Tulane Cancer Center at Tulane University Hospital and Clinic",
                "LocationCity":"New Orleans",
                "LocationState":"Louisiana",
                "LocationZip":"70112",
                "LocationCountry":"United States"
              },{
                "LocationFacility":"Children's Hospital of New Orleans",
                "LocationCity":"New Orleans",
                "LocationState":"Louisiana",
                "LocationZip":"70118",
                "LocationCountry":"United States"
              },{
                "LocationFacility":"Ochsner Cancer Institute at Ochsner Clinic Foundation",
                "LocationCity":"New Orleans",
                "LocationState":"Louisiana",
                "LocationZip":"70121",
                "LocationCountry":"United States"
              },{
                "LocationFacility":"Pediatric Specialty Clinic at Eastern Maine Medical Center",
                "LocationCity":"Bangor",
                "LocationState":"Maine",
                "LocationZip":"04401",
                "LocationCountry":"United States"
              },{
                "LocationFacility":"Maine Children's Cancer Program",
                "LocationCity":"Scarborough",
                "LocationState":"Maine",
                "LocationZip":"04074-9308",
                "LocationCountry":"United States"
              },{
                "LocationFacility":"Greenebaum Cancer Center at University of Maryland Medical Center",
                "LocationCity":"Baltimore",
                "LocationState":"Maryland",
                "LocationZip":"21201-1595",
                "LocationCountry":"United States"
              },{
                "LocationFacility":"Alvin and Lois Lapidus Cancer Institute at Sinai Hospital",
                "LocationCity":"Baltimore",
                "LocationState":"Maryland",
                "LocationZip":"21215",
                "LocationCountry":"United States"
              },{
                "LocationFacility":"Sidney Kimmel Comprehensive Cancer Center at Johns Hopkins",
                "LocationCity":"Baltimore",
                "LocationState":"Maryland",
                "LocationZip":"21231-7223",
                "LocationCountry":"United States"
              },{
                "LocationFacility":"Walter Reed Army Medical Center",
                "LocationCity":"Silver Spring",
                "LocationState":"Maryland",
                "LocationZip":"20910",
                "LocationCountry":"United States"
              },{
                "LocationFacility":"Floating Hospital for Children",
                "LocationCity":"Boston",
                "LocationState":"Massachusetts",
                "LocationZip":"02111",
                "LocationCountry":"United States"
              },{
                "LocationFacility":"Dana-Farber/Harvard Cancer Center at Dana Farber Cancer Institute",
                "LocationCity":"Boston",
                "LocationState":"Massachusetts",
                "LocationZip":"02115",
                "LocationCountry":"United States"
              },{
                "LocationFacility":"Baystate Regional Cancer Program at D'Amour Center for Cancer Care",
                "LocationCity":"Springfield",
                "LocationState":"Massachusetts",
                "LocationZip":"01107",
                "LocationCountry":"United States"
              },{
                "LocationFacility":"UMASS Memorial Cancer Center - University Campus",
                "LocationCity":"Worcester",
                "LocationState":"Massachusetts",
                "LocationZip":"01655",
                "LocationCountry":"United States"
              },{
                "LocationFacility":"University of Michigan Comprehensive Cancer Center",
                "LocationCity":"Ann Arbor",
                "LocationState":"Michigan",
                "LocationZip":"48109-0914",
                "LocationCountry":"United States"
              },{
                "LocationFacility":"Children's Hospital of Michigan",
                "LocationCity":"Detroit",
                "LocationState":"Michigan",
                "LocationZip":"48201",
                "LocationCountry":"United States"
              },{
                "LocationFacility":"Van Elslander Cancer Center at St. John Hospital and Medical Center",
                "LocationCity":"Detroit",
                "LocationState":"Michigan",
                "LocationZip":"48236",
                "LocationCountry":"United States"
              },{
                "LocationFacility":"Hurley Medical Center",
                "LocationCity":"Flint",
                "LocationState":"Michigan",
                "LocationZip":"48503",
                "LocationCountry":"United States"
              },{
                "LocationFacility":"DeVos Children's Hospital",
                "LocationCity":"Grand Rapids",
                "LocationState":"Michigan",
                "LocationZip":"49503",
                "LocationCountry":"United States"
              },{
                "LocationFacility":"Bronson Methodist Hospital",
                "LocationCity":"Kalamazoo",
                "LocationState":"Michigan",
                "LocationZip":"49007-5364",
                "LocationCountry":"United States"
              },{
                "LocationFacility":"Breslin Cancer Center at Ingham Regional Medical Center",
                "LocationCity":"Lansing",
                "LocationState":"Michigan",
                "LocationZip":"48910",
                "LocationCountry":"United States"
              },{
                "LocationFacility":"William Beaumont Hospital - Royal Oak Campus",
                "LocationCity":"Royal Oak",
                "LocationState":"Michigan",
                "LocationZip":"48073-6769",
                "LocationCountry":"United States"
              },{
                "LocationFacility":"St. Mary's - Duluth Clinic Cancer Center",
                "LocationCity":"Duluth",
                "LocationState":"Minnesota",
                "LocationZip":"55805",
                "LocationCountry":"United States"
              },{
                "LocationFacility":"Children's Hospitals and Clinics - Minneapolis/St. Paul",
                "LocationCity":"Minneapolis",
                "LocationState":"Minnesota",
                "LocationZip":"55404",
                "LocationCountry":"United States"
              },{
                "LocationFacility":"Mayo Clinic Cancer Center",
                "LocationCity":"Rochester",
                "LocationState":"Minnesota",
                "LocationZip":"55905",
                "LocationCountry":"United States"
              },{
                "LocationFacility":"University of Mississippi Medical Center",
                "LocationCity":"Jackson",
                "LocationState":"Mississippi",
                "LocationZip":"39216-4505",
                "LocationCountry":"United States"
              },{
                "LocationFacility":"University of Missouri - Columbia",
                "LocationCity":"Columbia",
                "LocationState":"Missouri",
                "LocationZip":"65203",
                "LocationCountry":"United States"
              },{
                "LocationFacility":"Children's Mercy Hospital",
                "LocationCity":"Kansas City",
                "LocationState":"Missouri",
                "LocationZip":"64108",
                "LocationCountry":"United States"
              },{
                "LocationFacility":"Cardinal Glennon Children's Hospital",
                "LocationCity":"Saint Louis",
                "LocationState":"Missouri",
                "LocationZip":"63104",
                "LocationCountry":"United States"
              },{
                "LocationFacility":"St. Louis Children's Hospital",
                "LocationCity":"Saint Louis",
                "LocationState":"Missouri",
                "LocationZip":"63110",
                "LocationCountry":"United States"
              },{
                "LocationFacility":"Children's Hospital of Omaha",
                "LocationCity":"Omaha",
                "LocationState":"Nebraska",
                "LocationZip":"68114",
                "LocationCountry":"United States"
              },{
                "LocationFacility":"UNMC Eppley Cancer Center at the University of Nebraska Medical Center",
                "LocationCity":"Omaha",
                "LocationState":"Nebraska",
                "LocationZip":"68198-2168",
                "LocationCountry":"United States"
              },{
                "LocationFacility":"Nevada Cancer Research Foundation",
                "LocationCity":"Las Vegas",
                "LocationState":"Nevada",
                "LocationZip":"89109",
                "LocationCountry":"United States"
              },{
                "LocationFacility":"Norris Cotton Cancer Center at Dartmouth-Hitchcock Medical Center",
                "LocationCity":"Lebanon",
                "LocationState":"New Hampshire",
                "LocationZip":"03756",
                "LocationCountry":"United States"
              },{
                "LocationFacility":"Hackensack University Medical Center",
                "LocationCity":"Hackensack",
                "LocationState":"New Jersey",
                "LocationZip":"07601",
                "LocationCountry":"United States"
              },{
                "LocationFacility":"Cancer Institute of New Jersey at UMDNJ - Robert Wood Johnson Medical School",
                "LocationCity":"New Brunswick",
                "LocationState":"New Jersey",
                "LocationZip":"08903",
                "LocationCountry":"United States"
              },{
                "LocationFacility":"Newark Beth Israel Medical Center",
                "LocationCity":"Newark",
                "LocationState":"New Jersey",
                "LocationZip":"07112-2094",
                "LocationCountry":"United States"
              },{
                "LocationFacility":"St. Joseph's Hospital and Medical Center",
                "LocationCity":"Paterson",
                "LocationState":"New Jersey",
                "LocationZip":"07503",
                "LocationCountry":"United States"
              },{
                "LocationFacility":"Valerie Fund Children's Center at Atlantic Health",
                "LocationCity":"Summit",
                "LocationState":"New Jersey",
                "LocationZip":"07901",
                "LocationCountry":"United States"
              },{
                "LocationFacility":"University of New Mexico Cancer Research and Treatment Center",
                "LocationCity":"Albuquerque",
                "LocationState":"New Mexico",
                "LocationZip":"87131",
                "LocationCountry":"United States"
              },{
                "LocationFacility":"Children's Hospital at Albany Medical Center",
                "LocationCity":"Albany",
                "LocationState":"New York",
                "LocationZip":"12208",
                "LocationCountry":"United States"
              },{
                "LocationFacility":"Albert Einstein Cancer Center at Albert Einstein College of Medicine",
                "LocationCity":"Bronx",
                "LocationState":"New York",
                "LocationZip":"10461",
                "LocationCountry":"United States"
              },{
                "LocationFacility":"Brooklyn Hospital Center",
                "LocationCity":"Brooklyn",
                "LocationState":"New York",
                "LocationZip":"11201-5493",
                "LocationCountry":"United States"
              },{
                "LocationFacility":"SUNY Downstate Medical Center",
                "LocationCity":"Brooklyn",
                "LocationState":"New York",
                "LocationZip":"11203",
                "LocationCountry":"United States"
              },{
                "LocationFacility":"Brookdale University Hospital and Medical Center",
                "LocationCity":"Brooklyn",
                "LocationState":"New York",
                "LocationZip":"11212",
                "LocationCountry":"United States"
              },{
                "LocationFacility":"Comprehensive Cancer Center at Maimonides Medical Center",
                "LocationCity":"Brooklyn",
                "LocationState":"New York",
                "LocationZip":"11219",
                "LocationCountry":"United States"
              },{
                "LocationFacility":"Schneider Children's Hospital",
                "LocationCity":"New Hyde Park",
                "LocationState":"New York",
                "LocationZip":"11040",
                "LocationCountry":"United States"
              },{
                "LocationFacility":"Memorial Sloan-Kettering Cancer Center",
                "LocationCity":"New York",
                "LocationState":"New York",
                "LocationZip":"10021",
                "LocationCountry":"United States"
              },{
                "LocationFacility":"New York Weill Cornell Cancer Center at Cornell University",
                "LocationCity":"New York",
                "LocationState":"New York",
                "LocationZip":"10021",
                "LocationCountry":"United States"
              },{
                "LocationFacility":"Mount Sinai Medical Center",
                "LocationCity":"New York",
                "LocationState":"New York",
                "LocationZip":"10029",
                "LocationCountry":"United States"
              },{
                "LocationFacility":"Herbert Irving Comprehensive Cancer Center at Columbia University",
                "LocationCity":"New York",
                "LocationState":"New York",
                "LocationZip":"10032",
                "LocationCountry":"United States"
              },{
                "LocationFacility":"James P. Wilmot Cancer Center at University of Rochester Medical Center",
                "LocationCity":"Rochester",
                "LocationState":"New York",
                "LocationZip":"14642",
                "LocationCountry":"United States"
              },{
                "LocationFacility":"Long Island Cancer Center at Stony Brook University Hospital",
                "LocationCity":"Stony Brook",
                "LocationState":"New York",
                "LocationZip":"11794-8174",
                "LocationCountry":"United States"
              },{
                "LocationFacility":"SUNY Upstate Medical University Hospital",
                "LocationCity":"Syracuse",
                "LocationState":"New York",
                "LocationZip":"13210",
                "LocationCountry":"United States"
              },{
                "LocationFacility":"New York Medical College",
                "LocationCity":"Valhalla",
                "LocationState":"New York",
                "LocationZip":"10595",
                "LocationCountry":"United States"
              },{
                "LocationFacility":"Mission Hospitals - Memorial Campus",
                "LocationCity":"Asheville",
                "LocationState":"North Carolina",
                "LocationZip":"28801",
                "LocationCountry":"United States"
              },{
                "LocationFacility":"Lineberger Comprehensive Cancer Center at University of North Carolina - Chapel Hill",
                "LocationCity":"Chapel Hill",
                "LocationState":"North Carolina",
                "LocationZip":"27599",
                "LocationCountry":"United States"
              },{
                "LocationFacility":"Blumenthal Cancer Center at Carolinas Medical Center",
                "LocationCity":"Charlotte",
                "LocationState":"North Carolina",
                "LocationZip":"28232-2861",
                "LocationCountry":"United States"
              },{
                "LocationFacility":"Presbyterian Cancer Center at Presbyterian Hospital",
                "LocationCity":"Charlotte",
                "LocationState":"North Carolina",
                "LocationZip":"28233",
                "LocationCountry":"United States"
              },{
                "LocationFacility":"Duke Comprehensive Cancer Center",
                "LocationCity":"Durham",
                "LocationState":"North Carolina",
                "LocationZip":"27710",
                "LocationCountry":"United States"
              },{
                "LocationFacility":"Leo W. Jenkins Cancer Center at Pitt County Memorial Hospital",
                "LocationCity":"Greenville",
                "LocationState":"North Carolina",
                "LocationZip":"27858-4354",
                "LocationCountry":"United States"
              },{
                "LocationFacility":"Comprehensive Cancer Center at Wake Forest University",
                "LocationCity":"Winston-Salem",
                "LocationState":"North Carolina",
                "LocationZip":"27157-1081",
                "LocationCountry":"United States"
              },{
                "LocationFacility":"Dakota Cancer Institute at Innovis Health - Dakota Clinic",
                "LocationCity":"Fargo",
                "LocationState":"North Dakota",
                "LocationZip":"58103-4940",
                "LocationCountry":"United States"
              },{
                "LocationFacility":"Children's Hospital Medical Center of Akron",
                "LocationCity":"Akron",
                "LocationState":"Ohio",
                "LocationZip":"44308-1062",
                "LocationCountry":"United States"
              },{
                "LocationFacility":"Cincinnati Children's Hospital Medical Center",
                "LocationCity":"Cincinnati",
                "LocationState":"Ohio",
                "LocationZip":"45229-3039",
                "LocationCountry":"United States"
              },{
                "LocationFacility":"Ireland Cancer Center at University Hospitals of Cleveland and Case Western Reserve University",
                "LocationCity":"Cleveland",
                "LocationState":"Ohio",
                "LocationZip":"44106-5065",
                "LocationCountry":"United States"
              },{
                "LocationFacility":"Cleveland Clinic Taussig Cancer Center",
                "LocationCity":"Cleveland",
                "LocationState":"Ohio",
                "LocationZip":"44195",
                "LocationCountry":"United States"
              },{
                "LocationFacility":"Columbus Children's Hospital",
                "LocationCity":"Columbus",
                "LocationState":"Ohio",
                "LocationZip":"43205-2696",
                "LocationCountry":"United States"
              },{
                "LocationFacility":"Children's Medical Center - Dayton",
                "LocationCity":"Dayton",
                "LocationState":"Ohio",
                "LocationZip":"45404",
                "LocationCountry":"United States"
              },{
                "LocationFacility":"Toledo Children's Hospital",
                "LocationCity":"Toledo",
                "LocationState":"Ohio",
                "LocationZip":"43601",
                "LocationCountry":"United States"
              },{
                "LocationFacility":"St. Vincent Mercy Medical Center",
                "LocationCity":"Toledo",
                "LocationState":"Ohio",
                "LocationZip":"43608",
                "LocationCountry":"United States"
              },{
                "LocationFacility":"Tod Children's Hospital - Forum Health",
                "LocationCity":"Youngstown",
                "LocationState":"Ohio",
                "LocationZip":"44501",
                "LocationCountry":"United States"
              },{
                "LocationFacility":"Children's Hospital at Oklahoma University Medical Center",
                "LocationCity":"Oklahoma City",
                "LocationState":"Oklahoma",
                "LocationZip":"73104",
                "LocationCountry":"United States"
              },{
                "LocationFacility":"Natalie Warren Bryant Cancer Center at St. Francis Hospital",
                "LocationCity":"Tulsa",
                "LocationState":"Oklahoma",
                "LocationZip":"74136",
                "LocationCountry":"United States"
              },{
                "LocationFacility":"CCOP - Columbia River Oncology Program",
                "LocationCity":"Portland",
                "LocationState":"Oregon",
                "LocationZip":"97225",
                "LocationCountry":"United States"
              },{
                "LocationFacility":"Legacy Emanuel Hospital and Health Center & Children's Hospital",
                "LocationCity":"Portland",
                "LocationState":"Oregon",
                "LocationZip":"97227",
                "LocationCountry":"United States"
              },{
                "LocationFacility":"Doernbecher Children's Hospital at Oregon Health & Science University",
                "LocationCity":"Portland",
                "LocationState":"Oregon",
                "LocationZip":"97239-3098",
                "LocationCountry":"United States"
              },{
                "LocationFacility":"Geisinger Medical Center",
                "LocationCity":"Danville",
                "LocationState":"Pennsylvania",
                "LocationZip":"17822-1320",
                "LocationCountry":"United States"
              },{
                "LocationFacility":"Penn State Children's Hospital",
                "LocationCity":"Hershey",
                "LocationState":"Pennsylvania",
                "LocationZip":"17033",
                "LocationCountry":"United States"
              },{
                "LocationFacility":"Children's Hospital of Philadelphia",
                "LocationCity":"Philadelphia",
                "LocationState":"Pennsylvania",
                "LocationZip":"19104",
                "LocationCountry":"United States"
              },{
                "LocationFacility":"St. Christopher's Hospital for Children",
                "LocationCity":"Philadelphia",
                "LocationState":"Pennsylvania",
                "LocationZip":"19134-1095",
                "LocationCountry":"United States"
              },{
                "LocationFacility":"Children's Hospital of Pittsburgh",
                "LocationCity":"Pittsburgh",
                "LocationState":"Pennsylvania",
                "LocationZip":"15213",
                "LocationCountry":"United States"
              },{
                "LocationFacility":"Rhode Island Hospital",
                "LocationCity":"Providence",
                "LocationState":"Rhode Island",
                "LocationZip":"02903",
                "LocationCountry":"United States"
              },{
                "LocationFacility":"Hollings Cancer Center at Medical University of South Carolina",
                "LocationCity":"Charleston",
                "LocationState":"South Carolina",
                "LocationZip":"29425-0721",
                "LocationCountry":"United States"
              },{
                "LocationFacility":"Palmetto Health South Carolina Cancer Center",
                "LocationCity":"Columbia",
                "LocationState":"South Carolina",
                "LocationZip":"29203",
                "LocationCountry":"United States"
              },{
                "LocationFacility":"Children's Hospital of Greenville Hospital System",
                "LocationCity":"Greenville",
                "LocationState":"South Carolina",
                "LocationZip":"29605",
                "LocationCountry":"United States"
              },{
                "LocationFacility":"Avera Cancer Institute",
                "LocationCity":"Sioux Falls",
                "LocationState":"South Dakota",
                "LocationZip":"57105-1080",
                "LocationCountry":"United States"
              },{
                "LocationFacility":"Sioux Valley Hospital and University of South Dakota Medical Center",
                "LocationCity":"Sioux Falls",
                "LocationState":"South Dakota",
                "LocationZip":"57117-5039",
                "LocationCountry":"United States"
              },{
                "LocationFacility":"East Tennessee State University Cancer Center at Johnson City Medical Center",
                "LocationCity":"Johnson City",
                "LocationState":"Tennessee",
                "LocationZip":"37614-0622",
                "LocationCountry":"United States"
              },{
                "LocationFacility":"East Tennessee Children's Hospital",
                "LocationCity":"Knoxville",
                "LocationState":"Tennessee",
                "LocationZip":"37901",
                "LocationCountry":"United States"
              },{
                "LocationFacility":"St. Jude Children's Research Hospital",
                "LocationCity":"Memphis",
                "LocationState":"Tennessee",
                "LocationZip":"38105",
                "LocationCountry":"United States"
              },{
                "LocationFacility":"Vanderbilt Children's Hospital",
                "LocationCity":"Nashville",
                "LocationState":"Tennessee",
                "LocationZip":"37232-6310",
                "LocationCountry":"United States"
              },{
                "LocationFacility":"Texas Tech University Health Sciences Center School of Medicine",
                "LocationCity":"Amarillo",
                "LocationState":"Texas",
                "LocationZip":"79106",
                "LocationCountry":"United States"
              },{
                "LocationFacility":"Children's Hospital of Austin",
                "LocationCity":"Austin",
                "LocationState":"Texas",
                "LocationZip":"78701",
                "LocationCountry":"United States"
              },{
                "LocationFacility":"Medical City Dallas Hospital",
                "LocationCity":"Dallas",
                "LocationState":"Texas",
                "LocationZip":"75230",
                "LocationCountry":"United States"
              },{
                "LocationFacility":"Simmons Cancer Center at University of Texas Southwestern Medical Center at Dallas",
                "LocationCity":"Dallas",
                "LocationState":"Texas",
                "LocationZip":"75390-9063",
                "LocationCountry":"United States"
              },{
                "LocationFacility":"Cook Children's Medical Center - Fort Worth",
                "LocationCity":"Fort Worth",
                "LocationState":"Texas",
                "LocationZip":"76104",
                "LocationCountry":"United States"
              },{
                "LocationFacility":"University of Texas Medical Branch",
                "LocationCity":"Galveston",
                "LocationState":"Texas",
                "LocationZip":"77555-0209",
                "LocationCountry":"United States"
              },{
                "LocationFacility":"M.D. Anderson Cancer Center at University of Texas",
                "LocationCity":"Houston",
                "LocationState":"Texas",
                "LocationZip":"77030-4009",
                "LocationCountry":"United States"
              },{
                "LocationFacility":"Baylor College of Medicine",
                "LocationCity":"Houston",
                "LocationState":"Texas",
                "LocationZip":"77030",
                "LocationCountry":"United States"
              },{
                "LocationFacility":"San Antonio Military Pediatric Cancer and Blood Disorders Center",
                "LocationCity":"Lackland Air Force Base",
                "LocationState":"Texas",
                "LocationZip":"78236",
                "LocationCountry":"United States"
              },{
                "LocationFacility":"Covenant Children's Hospital",
                "LocationCity":"Lubbock",
                "LocationState":"Texas",
                "LocationZip":"79410",
                "LocationCountry":"United States"
              },{
                "LocationFacility":"University of Texas Health Science Center at San Antonio",
                "LocationCity":"San Antonio",
                "LocationState":"Texas",
                "LocationZip":"78207",
                "LocationCountry":"United States"
              },{
                "LocationFacility":"MBCCOP - South Texas Pediatrics",
                "LocationCity":"San Antonio",
                "LocationState":"Texas",
                "LocationZip":"78229-3900",
                "LocationCountry":"United States"
              },{
                "LocationFacility":"Methodist Cancer Center at Methodist Specialty and Transplant Hospital",
                "LocationCity":"San Antonio",
                "LocationState":"Texas",
                "LocationZip":"78229-3902",
                "LocationCountry":"United States"
              },{
                "LocationFacility":"CCOP - Scott and White Hospital",
                "LocationCity":"Temple",
                "LocationState":"Texas",
                "LocationZip":"76508",
                "LocationCountry":"United States"
              },{
                "LocationFacility":"Center for Cancer Prevention and Care at Scott and White Clinic",
                "LocationCity":"Temple",
                "LocationState":"Texas",
                "LocationZip":"76508",
                "LocationCountry":"United States"
              },{
                "LocationFacility":"Huntsman Cancer Institute at University of Utah",
                "LocationCity":"Salt Lake City",
                "LocationState":"Utah",
                "LocationZip":"84112",
                "LocationCountry":"United States"
              },{
                "LocationFacility":"Vermont Cancer Center at University of Vermont",
                "LocationCity":"Burlington",
                "LocationState":"Vermont",
                "LocationZip":"05401-3498",
                "LocationCountry":"United States"
              },{
                "LocationFacility":"University of Virginia Cancer Center",
                "LocationCity":"Charlottesville",
                "LocationState":"Virginia",
                "LocationZip":"22908",
                "LocationCountry":"United States"
              },{
                "LocationFacility":"INOVA Fairfax Hospital",
                "LocationCity":"Falls Church",
                "LocationState":"Virginia",
                "LocationZip":"22042-3300",
                "LocationCountry":"United States"
              },{
                "LocationFacility":"Children's Hospital of the King's Daughters",
                "LocationCity":"Norfolk",
                "LocationState":"Virginia",
                "LocationZip":"23507",
                "LocationCountry":"United States"
              },{
                "LocationFacility":"Naval Medical Center - Portsmouth",
                "LocationCity":"Portsmouth",
                "LocationState":"Virginia",
                "LocationZip":"23708-5100",
                "LocationCountry":"United States"
              },{
                "LocationFacility":"Massey Cancer Center at Virginia Commonwealth University",
                "LocationCity":"Richmond",
                "LocationState":"Virginia",
                "LocationZip":"23298-0121",
                "LocationCountry":"United States"
              },{
                "LocationFacility":"Carilion Medical Center for Children at Roanoke Community Hospital",
                "LocationCity":"Roanoke",
                "LocationState":"Virginia",
                "LocationZip":"24029",
                "LocationCountry":"United States"
              },{
                "LocationFacility":"Children's Hospital and Regional Medical Center - Seattle",
                "LocationCity":"Seattle",
                "LocationState":"Washington",
                "LocationZip":"98105",
                "LocationCountry":"United States"
              },{
                "LocationFacility":"Fred Hutchinson Cancer Research Center",
                "LocationCity":"Seattle",
                "LocationState":"Washington",
                "LocationZip":"98109-1024",
                "LocationCountry":"United States"
              },{
                "LocationFacility":"Group Health Central Hospital",
                "LocationCity":"Seattle",
                "LocationState":"Washington",
                "LocationZip":"98112",
                "LocationCountry":"United States"
              },{
                "LocationFacility":"Deaconess Medical Center",
                "LocationCity":"Spokane",
                "LocationState":"Washington",
                "LocationZip":"99210-0248",
                "LocationCountry":"United States"
              },{
                "LocationFacility":"Mary Bridge Children's Hospital and Health Center - Tacoma",
                "LocationCity":"Tacoma",
                "LocationState":"Washington",
                "LocationZip":"98415-0299",
                "LocationCountry":"United States"
              },{
                "LocationFacility":"Madigan Army Medical Center",
                "LocationCity":"Tacoma",
                "LocationState":"Washington",
                "LocationZip":"98431-0001",
                "LocationCountry":"United States"
              },{
                "LocationFacility":"West Virginia University - Robert C. Byrd Health Sciences Center - Charleston Division",
                "LocationCity":"Charleston",
                "LocationState":"West Virginia",
                "LocationZip":"25302",
                "LocationCountry":"United States"
              },{
                "LocationFacility":"Cabell Huntington Hospital",
                "LocationCity":"Huntington",
                "LocationState":"West Virginia",
                "LocationZip":"25701",
                "LocationCountry":"United States"
              },{
                "LocationFacility":"Mary Babb Randolph Cancer Center at West Virginia University Hospitals",
                "LocationCity":"Morgantown",
                "LocationState":"West Virginia",
                "LocationZip":"26506-9300",
                "LocationCountry":"United States"
              },{
                "LocationFacility":"Bellin Memorial Hospital",
                "LocationCity":"Green Bay",
                "LocationState":"Wisconsin",
                "LocationZip":"54301",
                "LocationCountry":"United States"
              },{
                "LocationFacility":"CCOP - St. Vincent Hospital Cancer Center, Green Bay",
                "LocationCity":"Green Bay",
                "LocationState":"Wisconsin",
                "LocationZip":"54301",
                "LocationCountry":"United States"
              },{
                "LocationFacility":"St. Vincent Hospital",
                "LocationCity":"Green Bay",
                "LocationState":"Wisconsin",
                "LocationZip":"54307-9070",
                "LocationCountry":"United States"
              },{
                "LocationFacility":"Gundersen Lutheran Cancer Center at Gundersen Lutheran Medical Center",
                "LocationCity":"La Crosse",
                "LocationState":"Wisconsin",
                "LocationZip":"54601",
                "LocationCountry":"United States"
              },{
                "LocationFacility":"University of Wisconsin Comprehensive Cancer Center",
                "LocationCity":"Madison",
                "LocationState":"Wisconsin",
                "LocationZip":"53792-6164",
                "LocationCountry":"United States"
              },{
                "LocationFacility":"Marshfield Clinic - Marshfield Center",
                "LocationCity":"Marshfield",
                "LocationState":"Wisconsin",
                "LocationZip":"54449-5772",
                "LocationCountry":"United States"
              },{
                "LocationFacility":"CCOP - Marshfield Clinic Research Foundation",
                "LocationCity":"Marshfield",
                "LocationState":"Wisconsin",
                "LocationZip":"54449",
                "LocationCountry":"United States"
              },{
                "LocationFacility":"Midwest Children's Cancer Center",
                "LocationCity":"Milwaukee",
                "LocationState":"Wisconsin",
                "LocationZip":"53226",
                "LocationCountry":"United States"
              },{
                "LocationFacility":"Sydney Children's Hospital",
                "LocationCity":"Randwick",
                "LocationState":"New South Wales",
                "LocationZip":"2031",
                "LocationCountry":"Australia"
              },{
                "LocationFacility":"Children's Hospital at Westmead",
                "LocationCity":"Westmead",
                "LocationState":"New South Wales",
                "LocationZip":"2145",
                "LocationCountry":"Australia"
              },{
                "LocationFacility":"Royal Children's Hospital",
                "LocationCity":"Brisbane",
                "LocationState":"Queensland",
                "LocationZip":"4029",
                "LocationCountry":"Australia"
              },{
                "LocationFacility":"Women's and Children's Hospital",
                "LocationCity":"North Adelaide",
                "LocationState":"South Australia",
                "LocationZip":"5006",
                "LocationCountry":"Australia"
              },{
                "LocationFacility":"Royal Children's Hospital",
                "LocationCity":"Parkville",
                "LocationState":"Victoria",
                "LocationZip":"3052",
                "LocationCountry":"Australia"
              },{
                "LocationFacility":"Princess Margaret Hospital for Children",
                "LocationCity":"Perth",
                "LocationState":"Western Australia",
                "LocationZip":"6001",
                "LocationCountry":"Australia"
              },{
                "LocationFacility":"Alberta Children's Hospital",
                "LocationCity":"Calgary",
                "LocationState":"Alberta",
                "LocationZip":"T2T 5C7",
                "LocationCountry":"Canada"
              },{
                "LocationFacility":"Cross Cancer Institute at University of Alberta",
                "LocationCity":"Edmonton",
                "LocationState":"Alberta",
                "LocationZip":"T6G 1Z2",
                "LocationCountry":"Canada"
              },{
                "LocationFacility":"British Columbia Children's Hospital",
                "LocationCity":"Vancouver",
                "LocationState":"British Columbia",
                "LocationZip":"V6H 3V4",
                "LocationCountry":"Canada"
              },{
                "LocationFacility":"CancerCare Manitoba",
                "LocationCity":"Winnipeg",
                "LocationState":"Manitoba",
                "LocationZip":"R3E 0V9",
                "LocationCountry":"Canada"
              },{
                "LocationFacility":"Janeway Children's Health and Rehabilitation Centre",
                "LocationCity":"St. John's",
                "LocationState":"Newfoundland and Labrador",
                "LocationZip":"A1B 3V6",
                "LocationCountry":"Canada"
              },{
                "LocationFacility":"IWK Health Centre",
                "LocationCity":"Halifax",
                "LocationState":"Nova Scotia",
                "LocationZip":"B3J 3G9",
                "LocationCountry":"Canada"
              },{
                "LocationFacility":"McMaster Children's Hospital at Hamilton Health Sciences",
                "LocationCity":"Hamilton",
                "LocationState":"Ontario",
                "LocationZip":"L8S 4J9",
                "LocationCountry":"Canada"
              },{
                "LocationFacility":"Children's Hospital of Western Ontario",
                "LocationCity":"London",
                "LocationState":"Ontario",
                "LocationZip":"N6C 2V5",
                "LocationCountry":"Canada"
              },{
                "LocationFacility":"Children's Hospital of Eastern Ontario",
                "LocationCity":"Ottawa",
                "LocationState":"Ontario",
                "LocationZip":"K1H 8L1",
                "LocationCountry":"Canada"
              },{
                "LocationFacility":"Hospital for Sick Children",
                "LocationCity":"Toronto",
                "LocationState":"Ontario",
                "LocationZip":"M5G 1X8",
                "LocationCountry":"Canada"
              },{
                "LocationFacility":"Montreal Children's Hospital at McGill University Health Center",
                "LocationCity":"Montreal",
                "LocationState":"Quebec",
                "LocationZip":"H3G 1A4",
                "LocationCountry":"Canada"
              },{
                "LocationFacility":"Hopital Sainte Justine",
                "LocationCity":"Montreal",
                "LocationState":"Quebec",
                "LocationZip":"H3T 1C5",
                "LocationCountry":"Canada"
              },{
                "LocationFacility":"Centre de Recherche du Centre Hospitalier de l'Universite Laval",
                "LocationCity":"Sainte Foy",
                "LocationState":"Quebec",
                "LocationZip":"GIV 4G2",
                "LocationCountry":"Canada"
              },{
                "LocationFacility":"Allan Blair Cancer Centre at Pasqua Hospital",
                "LocationCity":"Regina",
                "LocationState":"Saskatchewan",
                "LocationZip":"S4T 7T1",
                "LocationCountry":"Canada"
              },{
                "LocationFacility":"Saskatoon Cancer Centre",
                "LocationCity":"Saskatoon",
                "LocationState":"Saskatchewan",
                "LocationZip":"S7N 4H4",
                "LocationCountry":"Canada"
              },{
                "LocationFacility":"University Medical Center Groningen",
                "LocationCity":"Groningen",
                "LocationZip":"9700 RB",
                "LocationCountry":"Netherlands"
              },{
                "LocationFacility":"Starship Children's Health",
                "LocationCity":"Auckland",
                "LocationCountry":"New Zealand"
              },{
                "LocationFacility":"Puerto Rico Cancer Center at University of Puerto Rico - Medical Sciences Campus",
                "LocationCity":"San Juan",
                "LocationZip":"00936-5067",
                "LocationCountry":"Puerto Rico"
              },{
                "LocationFacility":"San Jorge Children's Hospital",
                "LocationCity":"Santurce",
                "LocationZip":"00912",
                "LocationCountry":"Puerto Rico"
              },{
                "LocationFacility":"Swiss Pediatric Oncology Group Bern",
                "LocationCity":"Bern",
                "LocationZip":"CH 3010",
                "LocationCountry":"Switzerland"
              },{
                "LocationFacility":"Swiss Pediatric Oncology Group Geneva",
                "LocationCity":"Geneva",
                "LocationZip":"CH 1211",
                "LocationCountry":"Switzerland"
              },{
                "LocationFacility":"Swiss Pediatric Oncology Group Lausanne",
                "LocationCity":"Lausanne",
                "LocationZip":"CH 1011",
                "LocationCountry":"Switzerland"
              }
            ]
          }
        },
        "ReferencesModule":{
          "ReferenceList":{
            "Reference":[
              {
                "ReferencePMID":"20607350",
                "ReferenceType":"background",
                "ReferenceCitation":"Pollack IF, Hamilton RL, Burger PC, Brat DJ, Rosenblum MK, Murdoch GH, Nikiforova MN, Holmes EJ, Zhou T, Cohen KJ, Jakacki RI; Children's Oncology Group. Akt activation is a common event in pediatric malignant gliomas and a potential adverse prognostic marker: a report from the Children's Oncology Group. J Neurooncol. 2010 Sep;99(2):155-63. doi: 10.1007/s11060-010-0297-3. Epub 2010 Jul 4."
              },{
                "ReferencePMID":"20589656",
                "ReferenceType":"background",
                "ReferenceCitation":"Pollack IF, Hamilton RL, Sobol RW, Nikiforova MN, Nikiforov YE, Lyons-Weiler MA, LaFramboise WA, Burger PC, Brat DJ, Rosenblum MK, Gilles FH, Yates AJ, Zhou T, Cohen KJ, Finlay JL, Jakacki RI; Children's Oncology Group. Mismatch repair deficiency is an uncommon mechanism of alkylator resistance in pediatric malignant gliomas: a report from the Children's Oncology Group. Pediatr Blood Cancer. 2010 Dec 1;55(6):1066-71. doi: 10.1002/pbc.22634."
              },{
                "ReferencePMID":"21345842",
                "ReferenceType":"result",
                "ReferenceCitation":"Cohen KJ, Heideman RL, Zhou T, Holmes EJ, Lavey RS, Bouffet E, Pollack IF. Temozolomide in the treatment of children with newly diagnosed diffuse intrinsic pontine gliomas: a report from the Children's Oncology Group. Neuro Oncol. 2011 Apr;13(4):410-6. doi: 10.1093/neuonc/noq205. Epub 2011 Feb 22."
              },{
                "ReferencePMID":"21339192",
                "ReferenceType":"result",
                "ReferenceCitation":"Cohen KJ, Pollack IF, Zhou T, Buxton A, Holmes EJ, Burger PC, Brat DJ, Rosenblum MK, Hamilton RL, Lavey RS, Heideman RL. Temozolomide in the treatment of high-grade gliomas in children: a report from the Children's Oncology Group. Neuro Oncol. 2011 Mar;13(3):317-23. doi: 10.1093/neuonc/noq191."
              },{
                "ReferencePMID":"17705175",
                "ReferenceType":"result",
                "ReferenceCitation":"Nicholson HS, Kretschmar CS, Krailo M, Bernstein M, Kadota R, Fort D, Friedman H, Harris MB, Tedeschi-Blok N, Mazewski C, Sato J, Reaman GH. Phase 2 study of temozolomide in children and adolescents with recurrent central nervous system tumors: a report from the Children's Oncology Group. Cancer. 2007 Oct 1;110(7):1542-50."
              }
            ]
          }
        }
      },
      "DerivedSection":{
        "MiscInfoModule":{
          "VersionHolder":"April 19, 2021"
        },
        "ConditionBrowseModule":{
          "ConditionMeshList":{
            "ConditionMesh":[
              {
                "ConditionMeshId":"D000005910",
                "ConditionMeshTerm":"Glioma"
              },{
                "ConditionMeshId":"D000001254",
                "ConditionMeshTerm":"Astrocytoma"
              },{
                "ConditionMeshId":"D000009423",
                "ConditionMeshTerm":"Nervous System Neoplasms"
              },{
                "ConditionMeshId":"D000016543",
                "ConditionMeshTerm":"Central Nervous System Neoplasms"
              }
            ]
          },
          "ConditionAncestorList":{
            "ConditionAncestor":[
              {
                "ConditionAncestorId":"D000018302",
                "ConditionAncestorTerm":"Neoplasms, Neuroepithelial"
              },{
                "ConditionAncestorId":"D000017599",
                "ConditionAncestorTerm":"Neuroectodermal Tumors"
              },{
                "ConditionAncestorId":"D000009373",
                "ConditionAncestorTerm":"Neoplasms, Germ Cell and Embryonal"
              },{
                "ConditionAncestorId":"D000009370",
                "ConditionAncestorTerm":"Neoplasms by Histologic Type"
              },{
                "ConditionAncestorId":"D000009369",
                "ConditionAncestorTerm":"Neoplasms"
              },{
                "ConditionAncestorId":"D000009375",
                "ConditionAncestorTerm":"Neoplasms, Glandular and Epithelial"
              },{
                "ConditionAncestorId":"D000009380",
                "ConditionAncestorTerm":"Neoplasms, Nerve Tissue"
              },{
                "ConditionAncestorId":"D000009371",
                "ConditionAncestorTerm":"Neoplasms by Site"
              },{
                "ConditionAncestorId":"D000009422",
                "ConditionAncestorTerm":"Nervous System Diseases"
              }
            ]
          },
          "ConditionBrowseLeafList":{
            "ConditionBrowseLeaf":[
              {
                "ConditionBrowseLeafId":"M7602",
                "ConditionBrowseLeafName":"Glioblastoma",
                "ConditionBrowseLeafRelevance":"low"
              },{
                "ConditionBrowseLeafId":"M7603",
                "ConditionBrowseLeafName":"Glioma",
                "ConditionBrowseLeafAsFound":"Glioma",
                "ConditionBrowseLeafRelevance":"high"
              },{
                "ConditionBrowseLeafId":"M19044",
                "ConditionBrowseLeafName":"Gliosarcoma",
                "ConditionBrowseLeafRelevance":"low"
              },{
                "ConditionBrowseLeafId":"M3142",
                "ConditionBrowseLeafName":"Astrocytoma",
                "ConditionBrowseLeafAsFound":"Astrocytoma",
                "ConditionBrowseLeafRelevance":"high"
              },{
                "ConditionBrowseLeafId":"M17520",
                "ConditionBrowseLeafName":"Central Nervous System Neoplasms",
                "ConditionBrowseLeafAsFound":"Central Nervous System Tumors",
                "ConditionBrowseLeafRelevance":"high"
              },{
                "ConditionBrowseLeafId":"M10950",
                "ConditionBrowseLeafName":"Nervous System Neoplasms",
                "ConditionBrowseLeafAsFound":"Nervous System Tumors",
                "ConditionBrowseLeafRelevance":"high"
              },{
                "ConditionBrowseLeafId":"M14500",
                "ConditionBrowseLeafName":"Spinal Cord Neoplasms",
                "ConditionBrowseLeafRelevance":"low"
              },{
                "ConditionBrowseLeafId":"M19030",
                "ConditionBrowseLeafName":"Neoplasms, Neuroepithelial",
                "ConditionBrowseLeafRelevance":"low"
              },{
                "ConditionBrowseLeafId":"M18428",
                "ConditionBrowseLeafName":"Neuroectodermal Tumors",
                "ConditionBrowseLeafRelevance":"low"
              },{
                "ConditionBrowseLeafId":"M18971",
                "ConditionBrowseLeafName":"Neuroectodermal Tumors, Primitive",
                "ConditionBrowseLeafRelevance":"low"
              },{
                "ConditionBrowseLeafId":"M10901",
                "ConditionBrowseLeafName":"Neoplasms, Germ Cell and Embryonal",
                "ConditionBrowseLeafRelevance":"low"
              },{
                "ConditionBrowseLeafId":"M10898",
                "ConditionBrowseLeafName":"Neoplasms by Histologic Type",
                "ConditionBrowseLeafRelevance":"low"
              },{
                "ConditionBrowseLeafId":"M10903",
                "ConditionBrowseLeafName":"Neoplasms, Glandular and Epithelial",
                "ConditionBrowseLeafRelevance":"low"
              },{
                "ConditionBrowseLeafId":"M10908",
                "ConditionBrowseLeafName":"Neoplasms, Nerve Tissue",
                "ConditionBrowseLeafRelevance":"low"
              },{
                "ConditionBrowseLeafId":"T2518",
                "ConditionBrowseLeafName":"Glioblastoma",
                "ConditionBrowseLeafRelevance":"low"
              },{
                "ConditionBrowseLeafId":"T2519",
                "ConditionBrowseLeafName":"Glioma",
                "ConditionBrowseLeafAsFound":"Glioma",
                "ConditionBrowseLeafRelevance":"high"
              },{
                "ConditionBrowseLeafId":"T1865",
                "ConditionBrowseLeafName":"Diffuse Intrinsic Pontine Glioma",
                "ConditionBrowseLeafRelevance":"low"
              },{
                "ConditionBrowseLeafId":"T2522",
                "ConditionBrowseLeafName":"Gliosarcoma",
                "ConditionBrowseLeafRelevance":"low"
              },{
                "ConditionBrowseLeafId":"T1136",
                "ConditionBrowseLeafName":"Childhood Brain Stem Glioma",
                "ConditionBrowseLeafRelevance":"low"
              },{
                "ConditionBrowseLeafId":"T4092",
                "ConditionBrowseLeafName":"Neuroepithelioma",
                "ConditionBrowseLeafRelevance":"low"
              }
            ]
          },
          "ConditionBrowseBranchList":{
            "ConditionBrowseBranch":[
              {
                "ConditionBrowseBranchAbbrev":"BC04",
                "ConditionBrowseBranchName":"Cancers and Other Neoplasms"
              },{
                "ConditionBrowseBranchAbbrev":"All",
                "ConditionBrowseBranchName":"All Conditions"
              },{
                "ConditionBrowseBranchAbbrev":"BC10",
                "ConditionBrowseBranchName":"Nervous System Diseases"
              },{
                "ConditionBrowseBranchAbbrev":"Rare",
                "ConditionBrowseBranchName":"Rare Diseases"
              }
            ]
          }
        },
        "InterventionBrowseModule":{
          "InterventionMeshList":{
            "InterventionMesh":[
              {
                "InterventionMeshId":"D000077204",
                "InterventionMeshTerm":"Temozolomide"
              }
            ]
          },
          "InterventionAncestorList":{
            "InterventionAncestor":[
              {
                "InterventionAncestorId":"D000018906",
                "InterventionAncestorTerm":"Antineoplastic Agents, Alkylating"
              },{
                "InterventionAncestorId":"D000000477",
                "InterventionAncestorTerm":"Alkylating Agents"
              },{
                "InterventionAncestorId":"D000045504",
                "InterventionAncestorTerm":"Molecular Mechanisms of Pharmacological Action"
              },{
                "InterventionAncestorId":"D000000970",
                "InterventionAncestorTerm":"Antineoplastic Agents"
              }
            ]
          },
          "InterventionBrowseLeafList":{
            "InterventionBrowseLeaf":[
              {
                "InterventionBrowseLeafId":"M1692",
                "InterventionBrowseLeafName":"Temozolomide",
                "InterventionBrowseLeafAsFound":"Associated",
                "InterventionBrowseLeafRelevance":"high"
              },{
                "InterventionBrowseLeafId":"M2401",
                "InterventionBrowseLeafName":"Alkylating Agents",
                "InterventionBrowseLeafRelevance":"low"
              }
            ]
          },
          "InterventionBrowseBranchList":{
            "InterventionBrowseBranch":[
              {
                "InterventionBrowseBranchAbbrev":"ANeo",
                "InterventionBrowseBranchName":"Antineoplastic Agents"
              },{
                "InterventionBrowseBranchAbbrev":"All",
                "InterventionBrowseBranchName":"All Drugs and Chemicals"
              }
            ]
          }
        }
      }
    }
  }
}

