{
  "FullStudy":{
    "Rank":368046,
    "Study":{
      "ProtocolSection":{
        "IdentificationModule":{
          "NCTId":"NCT00022477",
          "OrgStudyIdInfo":{
            "OrgStudyId":"11003B"
          },
          "SecondaryIdInfoList":{
            "SecondaryIdInfo":[
              {
                "SecondaryId":"UCCRC-11003B"
              },{
                "SecondaryId":"NCI-3670"
              }
            ]
          },
          "Organization":{
            "OrgFullName":"University of Chicago",
            "OrgClass":"OTHER"
          },
          "BriefTitle":"BMS-247550 in Treating Patients With Recurrent or Metastatic Colorectal Cancer",
          "OfficialTitle":"A Phase II Study Of Epothilone B Analog BMS-247550 (NSC 710428D) In Patients With Advanced Colorectal Carcinoma"
        },
        "StatusModule":{
          "StatusVerifiedDate":"September 2013",
          "OverallStatus":"Completed",
          "ExpandedAccessInfo":{
            "HasExpandedAccess":"No"
          },
          "StartDateStruct":{
            "StartDate":"September 2001"
          },
          "PrimaryCompletionDateStruct":{
            "PrimaryCompletionDate":"October 2002",
            "PrimaryCompletionDateType":"Actual"
          },
          "CompletionDateStruct":{
            "CompletionDate":"December 2004",
            "CompletionDateType":"Actual"
          },
          "StudyFirstSubmitDate":"August 10, 2001",
          "StudyFirstSubmitQCDate":"August 4, 2003",
          "StudyFirstPostDateStruct":{
            "StudyFirstPostDate":"August 5, 2003",
            "StudyFirstPostDateType":"Estimate"
          },
          "LastUpdateSubmitDate":"September 4, 2013",
          "LastUpdatePostDateStruct":{
            "LastUpdatePostDate":"September 5, 2013",
            "LastUpdatePostDateType":"Estimate"
          }
        },
        "SponsorCollaboratorsModule":{
          "ResponsibleParty":{
            "ResponsiblePartyType":"Sponsor"
          },
          "LeadSponsor":{
            "LeadSponsorName":"University of Chicago",
            "LeadSponsorClass":"OTHER"
          },
          "CollaboratorList":{
            "Collaborator":[
              {
                "CollaboratorName":"National Cancer Institute (NCI)",
                "CollaboratorClass":"NIH"
              }
            ]
          }
        },
        "OversightModule":{
          "OversightHasDMC":"No"
        },
        "DescriptionModule":{
          "BriefSummary":"RATIONALE: Drugs used in chemotherapy use different ways to stop tumor cells from dividing so they stop growing or die.\n\nPURPOSE: Phase II trial to study the effectiveness of BMS-247550 in treating patients who have recurrent or metastatic colorectal cancer.",
          "DetailedDescription":"OBJECTIVES:\n\nDetermine the objective response rate in patients with locally recurrent or metastatic colorectal cancer treated with BMS-247550.\nDetermine the toxicity of this drug in these patients.\nDetermine the duration of response, median and overall survival, and time to progression in patients treated with this drug.\n\nOUTLINE: This is a multicenter study.\n\nPatients receive BMS-247550 IV over 3 hours on day 1. Treatment repeats every 21 days in the absence of disease progression or unacceptable toxicity.\n\nPatients are followed every 6 weeks.\n\nPROJECTED ACCRUAL: A total of 21-50 patients will be accrued for this study within 8-10 months."
        },
        "ConditionsModule":{
          "ConditionList":{
            "Condition":[
              "Colorectal Cancer"
            ]
          },
          "KeywordList":{
            "Keyword":[
              "stage IV colon cancer",
              "stage IV rectal cancer",
              "recurrent colon cancer",
              "recurrent rectal cancer",
              "adenocarcinoma of the colon",
              "adenocarcinoma of the rectum"
            ]
          }
        },
        "DesignModule":{
          "StudyType":"Interventional",
          "PhaseList":{
            "Phase":[
              "Phase 2"
            ]
          },
          "DesignInfo":{
            "DesignAllocation":"N/A",
            "DesignInterventionModel":"Single Group Assignment",
            "DesignPrimaryPurpose":"Treatment",
            "DesignMaskingInfo":{
              "DesignMasking":"None (Open Label)"
            }
          },
          "EnrollmentInfo":{
            "EnrollmentCount":"24",
            "EnrollmentType":"Actual"
          }
        },
        "ArmsInterventionsModule":{
          "ArmGroupList":{
            "ArmGroup":[
              {
                "ArmGroupLabel":"BMS-247550",
                "ArmGroupType":"Experimental",
                "ArmGroupDescription":"IV administration of BMS-247550 once every 21 days",
                "ArmGroupInterventionList":{
                  "ArmGroupInterventionName":[
                    "Drug: BMS-247550"
                  ]
                }
              }
            ]
          },
          "InterventionList":{
            "Intervention":[
              {
                "InterventionType":"Drug",
                "InterventionName":"BMS-247550",
                "InterventionArmGroupLabelList":{
                  "InterventionArmGroupLabel":[
                    "BMS-247550"
                  ]
                },
                "InterventionOtherNameList":{
                  "InterventionOtherName":[
                    "ixabepilone, Ixempra®"
                  ]
                }
              }
            ]
          }
        },
        "OutcomesModule":{
          "PrimaryOutcomeList":{
            "PrimaryOutcome":[
              {
                "PrimaryOutcomeMeasure":"Response rate of BMS-247550 in colon cancer",
                "PrimaryOutcomeTimeFrame":"6 weeks"
              }
            ]
          }
        },
        "EligibilityModule":{
          "EligibilityCriteria":"DISEASE CHARACTERISTICS:\n\nHistologically or cytologically confirmed metastatic or locally recurrent adenocarcinoma of the colon or rectum that is not amenable to potentially curative surgical resection\n\nAt least 1 unidimensionally measurable lesion\n\nAt least 20 mm by conventional techniques OR at least 10 mm by spiral CT scan\n\nThe following are not considered measurable lesions:\n\nLesions seen on colonoscopic examination or barium study\nBone metastases\nCNS lesions\nAscites\nFailed prior combination therapy comprising fluorouracil, leucovorin calcium, and irinotecan for metastatic disease\nNo brain metastases\n\nPATIENT CHARACTERISTICS:\n\nAge:\n\n18 and over\n\nPerformance status:\n\nECOG 0-1\n\nLife expectancy:\n\nAt least 3 months\n\nHematopoietic:\n\nWBC at least 3,000/mm^3\nAbsolute neutrophil count at least 1,500/mm^3\nPlatelet count at least 100,000/mm^3\n\nHepatic:\n\nBilirubin no greater than 1.5 mg/dL\nALT/AST no greater than 2.5 times upper limit of normal\n\nRenal:\n\nCreatinine no greater than 1.5 mg/dL OR\nCreatinine clearance at least 60 mL/min\n\nCardiovascular:\n\nNo symptomatic congestive heart failure\nNo unstable angina pectoris\nNo cardiac arrhythmia\n\nOther:\n\nNot pregnant or nursing\nNegative pregnancy test\nFertile patients must use effective contraception\nNo grade 2 or greater peripheral neuropathy\nNo history of allergic hypersensitivity reaction to compounds containing polyoxyethylated castor oil (Cremophor EL) (e.g., paclitaxel or compounds of similar chemical or biological composition to BMS-247550)\nNo other currently active malignancy (less than 30% risk of relapse and completed prior therapy) except non-melanoma skin cancer or carcinoma in situ of the cervix\nNo uncontrolled illness\nNo ongoing or active infection\nNo psychiatric illness or social situation that would preclude study compliance\n\nPRIOR CONCURRENT THERAPY:\n\nBiologic therapy:\n\nNo concurrent immunotherapy\nNo concurrent colony-stimulating factors during first course of therapy\n\nChemotherapy:\n\nSee Disease Characteristics\nPrior adjuvant chemotherapy allowed\nAt least 4 weeks since prior cytotoxic chemotherapy and recovered\nNo more than 1 prior chemotherapy regimen for metastatic disease\nNo other concurrent chemotherapy\n\nEndocrine therapy:\n\nNo concurrent anticancer hormonal therapy\n\nRadiotherapy:\n\nAt least 4 weeks since prior radiotherapy and recovered\nNo concurrent therapeutic radiotherapy\n\nSurgery:\n\nSee Disease Characteristics\nAt least 4 weeks since prior surgery\n\nOther:\n\nAt least 30 days since prior investigational agents\nAt least 7 days since prior cimetidine\nNo other concurrent anticancer investigational agents, commercial agents, or therapies\nNo concurrent unconventional therapy, food, or vitamin supplement containing Hypericum perforatum (St. John's Wort)\nNo concurrent cimetidine\nNo concurrent combination antiretroviral therapy for HIV-positive patients",
          "HealthyVolunteers":"No",
          "Gender":"All",
          "MinimumAge":"18 Years",
          "StdAgeList":{
            "StdAge":[
              "Adult",
              "Older Adult"
            ]
          }
        },
        "ContactsLocationsModule":{
          "OverallOfficialList":{
            "OverallOfficial":[
              {
                "OverallOfficialName":"Hedy L. Kindler, MD",
                "OverallOfficialAffiliation":"University of Chicago",
                "OverallOfficialRole":"Study Chair"
              }
            ]
          },
          "LocationList":{
            "Location":[
              {
                "LocationFacility":"University of Illinois at Chicago",
                "LocationCity":"Chicago",
                "LocationState":"Illinois",
                "LocationZip":"60612",
                "LocationCountry":"United States"
              },{
                "LocationFacility":"University of Chicago Cancer Research Center",
                "LocationCity":"Chicago",
                "LocationState":"Illinois",
                "LocationZip":"60637-1470",
                "LocationCountry":"United States"
              },{
                "LocationFacility":"Louis A. Weiss Memorial Hospital",
                "LocationCity":"Chicago",
                "LocationState":"Illinois",
                "LocationZip":"60640",
                "LocationCountry":"United States"
              },{
                "LocationFacility":"Decatur Memorial Hospital Cancer Care Institute",
                "LocationCity":"Decatur",
                "LocationState":"Illinois",
                "LocationZip":"62526",
                "LocationCountry":"United States"
              },{
                "LocationFacility":"Evanston Northwestern Health Care",
                "LocationCity":"Evanston",
                "LocationState":"Illinois",
                "LocationZip":"60201",
                "LocationCountry":"United States"
              },{
                "LocationFacility":"Ingalls Memorial Hospital",
                "LocationCity":"Harvey",
                "LocationState":"Illinois",
                "LocationZip":"60426",
                "LocationCountry":"United States"
              },{
                "LocationFacility":"LaGrange Memorial Hospital",
                "LocationCity":"LaGrange",
                "LocationState":"Illinois",
                "LocationZip":"60525",
                "LocationCountry":"United States"
              },{
                "LocationFacility":"Loyola University Medical Center",
                "LocationCity":"Maywood",
                "LocationState":"Illinois",
                "LocationZip":"60153",
                "LocationCountry":"United States"
              },{
                "LocationFacility":"Lutheran General Cancer Care Center",
                "LocationCity":"Park Ridge",
                "LocationState":"Illinois",
                "LocationZip":"60068",
                "LocationCountry":"United States"
              },{
                "LocationFacility":"Oncology/Hematology Associates of Central Illinois, P.C.",
                "LocationCity":"Peoria",
                "LocationState":"Illinois",
                "LocationZip":"61602",
                "LocationCountry":"United States"
              },{
                "LocationFacility":"Central Illinois Hematology Oncology Center",
                "LocationCity":"Springfield",
                "LocationState":"Illinois",
                "LocationZip":"62701",
                "LocationCountry":"United States"
              },{
                "LocationFacility":"Fort Wayne Medical Oncology and Hematology, Inc.",
                "LocationCity":"Fort Wayne",
                "LocationState":"Indiana",
                "LocationZip":"46885-5099",
                "LocationCountry":"United States"
              },{
                "LocationFacility":"Michiana Hematology/Oncology P.C.",
                "LocationCity":"South Bend",
                "LocationState":"Indiana",
                "LocationZip":"46601",
                "LocationCountry":"United States"
              },{
                "LocationFacility":"Lakeland Medical Center - St. Joseph",
                "LocationCity":"Saint Joseph",
                "LocationState":"Michigan",
                "LocationZip":"49085",
                "LocationCountry":"United States"
              },{
                "LocationFacility":"Albert Einstein Comprehensive Cancer Center",
                "LocationCity":"Bronx",
                "LocationState":"New York",
                "LocationZip":"10461",
                "LocationCountry":"United States"
              }
            ]
          }
        }
      },
      "DerivedSection":{
        "MiscInfoModule":{
          "VersionHolder":"April 19, 2021"
        },
        "ConditionBrowseModule":{
          "ConditionMeshList":{
            "ConditionMesh":[
              {
                "ConditionMeshId":"D000015179",
                "ConditionMeshTerm":"Colorectal Neoplasms"
              }
            ]
          },
          "ConditionAncestorList":{
            "ConditionAncestor":[
              {
                "ConditionAncestorId":"D000007414",
                "ConditionAncestorTerm":"Intestinal Neoplasms"
              },{
                "ConditionAncestorId":"D000005770",
                "ConditionAncestorTerm":"Gastrointestinal Neoplasms"
              },{
                "ConditionAncestorId":"D000004067",
                "ConditionAncestorTerm":"Digestive System Neoplasms"
              },{
                "ConditionAncestorId":"D000009371",
                "ConditionAncestorTerm":"Neoplasms by Site"
              },{
                "ConditionAncestorId":"D000009369",
                "ConditionAncestorTerm":"Neoplasms"
              },{
                "ConditionAncestorId":"D000004066",
                "ConditionAncestorTerm":"Digestive System Diseases"
              },{
                "ConditionAncestorId":"D000005767",
                "ConditionAncestorTerm":"Gastrointestinal Diseases"
              },{
                "ConditionAncestorId":"D000003108",
                "ConditionAncestorTerm":"Colonic Diseases"
              },{
                "ConditionAncestorId":"D000007410",
                "ConditionAncestorTerm":"Intestinal Diseases"
              },{
                "ConditionAncestorId":"D000012002",
                "ConditionAncestorTerm":"Rectal Diseases"
              }
            ]
          },
          "ConditionBrowseLeafList":{
            "ConditionBrowseLeaf":[
              {
                "ConditionBrowseLeafId":"M4116",
                "ConditionBrowseLeafName":"Carcinoma",
                "ConditionBrowseLeafRelevance":"low"
              },{
                "ConditionBrowseLeafId":"M16473",
                "ConditionBrowseLeafName":"Colorectal Neoplasms",
                "ConditionBrowseLeafAsFound":"Colorectal Cancer",
                "ConditionBrowseLeafRelevance":"high"
              },{
                "ConditionBrowseLeafId":"M2166",
                "ConditionBrowseLeafName":"Adenocarcinoma",
                "ConditionBrowseLeafRelevance":"low"
              },{
                "ConditionBrowseLeafId":"M9031",
                "ConditionBrowseLeafName":"Intestinal Neoplasms",
                "ConditionBrowseLeafRelevance":"low"
              },{
                "ConditionBrowseLeafId":"M7469",
                "ConditionBrowseLeafName":"Gastrointestinal Neoplasms",
                "ConditionBrowseLeafRelevance":"low"
              },{
                "ConditionBrowseLeafId":"M5839",
                "ConditionBrowseLeafName":"Digestive System Neoplasms",
                "ConditionBrowseLeafRelevance":"low"
              },{
                "ConditionBrowseLeafId":"M5838",
                "ConditionBrowseLeafName":"Digestive System Diseases",
                "ConditionBrowseLeafRelevance":"low"
              },{
                "ConditionBrowseLeafId":"M7466",
                "ConditionBrowseLeafName":"Gastrointestinal Diseases",
                "ConditionBrowseLeafRelevance":"low"
              },{
                "ConditionBrowseLeafId":"M4919",
                "ConditionBrowseLeafName":"Colonic Diseases",
                "ConditionBrowseLeafRelevance":"low"
              },{
                "ConditionBrowseLeafId":"M9027",
                "ConditionBrowseLeafName":"Intestinal Diseases",
                "ConditionBrowseLeafRelevance":"low"
              },{
                "ConditionBrowseLeafId":"M13427",
                "ConditionBrowseLeafName":"Rectal Diseases",
                "ConditionBrowseLeafRelevance":"low"
              }
            ]
          },
          "ConditionBrowseBranchList":{
            "ConditionBrowseBranch":[
              {
                "ConditionBrowseBranchAbbrev":"BC04",
                "ConditionBrowseBranchName":"Cancers and Other Neoplasms"
              },{
                "ConditionBrowseBranchAbbrev":"All",
                "ConditionBrowseBranchName":"All Conditions"
              },{
                "ConditionBrowseBranchAbbrev":"BC06",
                "ConditionBrowseBranchName":"Digestive System Diseases"
              }
            ]
          }
        },
        "InterventionBrowseModule":{
          "InterventionBrowseLeafList":{
            "InterventionBrowseLeaf":[
              {
                "InterventionBrowseLeafId":"M22992",
                "InterventionBrowseLeafName":"Epothilones",
                "InterventionBrowseLeafRelevance":"low"
              },{
                "InterventionBrowseLeafId":"M216666",
                "InterventionBrowseLeafName":"Epothilone B",
                "InterventionBrowseLeafRelevance":"low"
              },{
                "InterventionBrowseLeafId":"T120",
                "InterventionBrowseLeafName":"Cola",
                "InterventionBrowseLeafRelevance":"low"
              }
            ]
          },
          "InterventionBrowseBranchList":{
            "InterventionBrowseBranch":[
              {
                "InterventionBrowseBranchAbbrev":"ANeo",
                "InterventionBrowseBranchName":"Antineoplastic Agents"
              },{
                "InterventionBrowseBranchAbbrev":"All",
                "InterventionBrowseBranchName":"All Drugs and Chemicals"
              },{
                "InterventionBrowseBranchAbbrev":"HB",
                "InterventionBrowseBranchName":"Herbal and Botanical"
              }
            ]
          }
        }
      }
    }
  }
}

