{
  "FullStudy":{
    "Rank":367707,
    "Study":{
      "ProtocolSection":{
        "IdentificationModule":{
          "NCTId":"NCT00027300",
          "OrgStudyIdInfo":{
            "OrgStudyId":"C-1801"
          },
          "Organization":{
            "OrgFullName":"Biogen",
            "OrgClass":"INDUSTRY"
          },
          "BriefTitle":"Safety and Efficacy of Natalizumab in the Treatment of Multiple Sclerosis",
          "OfficialTitle":"A Randomized, Double-Blind, Placebo-Controlled, Parallel-Group, Multicenter Study to Determine the Safety and Efficacy of Natalizumab in Subjects With Relapsing-Remitting Multiple Sclerosis"
        },
        "StatusModule":{
          "StatusVerifiedDate":"January 2017",
          "OverallStatus":"Completed",
          "ExpandedAccessInfo":{
            "HasExpandedAccess":"No"
          },
          "StartDateStruct":{
            "StartDate":"November 2001"
          },
          "PrimaryCompletionDateStruct":{
            "PrimaryCompletionDate":"November 2004",
            "PrimaryCompletionDateType":"Actual"
          },
          "CompletionDateStruct":{
            "CompletionDate":"January 2005",
            "CompletionDateType":"Actual"
          },
          "StudyFirstSubmitDate":"November 30, 2001",
          "StudyFirstSubmitQCDate":"November 30, 2001",
          "StudyFirstPostDateStruct":{
            "StudyFirstPostDate":"December 3, 2001",
            "StudyFirstPostDateType":"Estimate"
          },
          "LastUpdateSubmitDate":"January 5, 2017",
          "LastUpdatePostDateStruct":{
            "LastUpdatePostDate":"January 9, 2017",
            "LastUpdatePostDateType":"Estimate"
          }
        },
        "SponsorCollaboratorsModule":{
          "ResponsibleParty":{
            "ResponsiblePartyOldNameTitle":"Biogen Idec Medical Director",
            "ResponsiblePartyOldOrganization":"Biogen Idec"
          },
          "LeadSponsor":{
            "LeadSponsorName":"Biogen",
            "LeadSponsorClass":"INDUSTRY"
          },
          "CollaboratorList":{
            "Collaborator":[
              {
                "CollaboratorName":"Elan Pharmaceuticals",
                "CollaboratorClass":"INDUSTRY"
              }
            ]
          }
        },
        "OversightModule":{
          "OversightHasDMC":"Yes"
        },
        "DescriptionModule":{
          "BriefSummary":"The purpose of this study is to determine the safety and efficacy of natalizumab in the treatment of individuals who have been diagnosed with relapsing remitting multiple sclerosis (MS). It is hoped that natalizumab will prevent certain types of white blood cells from moving out of the bloodstream into organs, including the brain, that are being damaged by autoimmune disease (a disease in which the body's own immune system attacks certain organs). These white blood cells are thought to cause inflammation that can result in lesions (small areas of damage) in the brain. These lesions are thought to be the cause of relapses and disability in MS."
        },
        "ConditionsModule":{
          "ConditionList":{
            "Condition":[
              "Multiple Sclerosis, Relapsing-Remitting"
            ]
          },
          "KeywordList":{
            "Keyword":[
              "Relapsing Remitting Multiple Sclerosis"
            ]
          }
        },
        "DesignModule":{
          "StudyType":"Interventional",
          "PhaseList":{
            "Phase":[
              "Phase 3"
            ]
          },
          "DesignInfo":{
            "DesignAllocation":"Randomized",
            "DesignInterventionModel":"Parallel Assignment",
            "DesignPrimaryPurpose":"Treatment",
            "DesignMaskingInfo":{
              "DesignMasking":"Triple",
              "DesignWhoMaskedList":{
                "DesignWhoMasked":[
                  "Participant",
                  "Investigator",
                  "Outcomes Assessor"
                ]
              }
            }
          },
          "EnrollmentInfo":{
            "EnrollmentCount":"900",
            "EnrollmentType":"Actual"
          }
        },
        "ArmsInterventionsModule":{
          "ArmGroupList":{
            "ArmGroup":[
              {
                "ArmGroupLabel":"Group 1",
                "ArmGroupType":"Experimental",
                "ArmGroupDescription":"Natalizumab 300 mg, IV",
                "ArmGroupInterventionList":{
                  "ArmGroupInterventionName":[
                    "Drug: Natalizumab"
                  ]
                }
              },{
                "ArmGroupLabel":"Group 2",
                "ArmGroupType":"Placebo Comparator",
                "ArmGroupDescription":"Placebo IV infusion",
                "ArmGroupInterventionList":{
                  "ArmGroupInterventionName":[
                    "Drug: Placebo"
                  ]
                }
              }
            ]
          },
          "InterventionList":{
            "Intervention":[
              {
                "InterventionType":"Drug",
                "InterventionName":"Natalizumab",
                "InterventionDescription":"Natalizumab 300 mg IV infusion, every 4 weeks, for up to 116 weeks.",
                "InterventionArmGroupLabelList":{
                  "InterventionArmGroupLabel":[
                    "Group 1"
                  ]
                },
                "InterventionOtherNameList":{
                  "InterventionOtherName":[
                    "Tysabri"
                  ]
                }
              },{
                "InterventionType":"Drug",
                "InterventionName":"Placebo",
                "InterventionDescription":"Placebo, IV infusion, every 4 weeks, for up to 116 weeks.",
                "InterventionArmGroupLabelList":{
                  "InterventionArmGroupLabel":[
                    "Group 2"
                  ]
                }
              }
            ]
          }
        },
        "OutcomesModule":{
          "PrimaryOutcomeList":{
            "PrimaryOutcome":[
              {
                "PrimaryOutcomeMeasure":"The primary objectives of this study are to determine whether natalizumab, when compared with placebo, is effective in reducing the rate of clinical relapses at 1 year and, in slowing the progression of disability at 2 years.",
                "PrimaryOutcomeTimeFrame":"1 year and 2 years"
              }
            ]
          },
          "SecondaryOutcomeList":{
            "SecondaryOutcome":[
              {
                "SecondaryOutcomeMeasure":"Reduction in MRI changes and clinical relapses",
                "SecondaryOutcomeTimeFrame":"1 year"
              }
            ]
          }
        },
        "EligibilityModule":{
          "EligibilityCriteria":"Inclusion Criteria:\n\nDiagnosis of MS, as defined by McDonald et al., criteria # 1-4 (McDonald et al., 2001)\nBetween the ages of 18 and 50, inclusive.\nBaseline EDSS score between 0.0 and 5.0, inclusive.\nHave experienced at least one relapse within the 12 months prior to randomization.\nCranial MRI scan demonstrating lesion(s) consistent with MS.\nHave given written informed consent to participate in the study.\n\nExclusion Criteria:\n\nPrimary progressive, secondary progressive, or progressive relapsing MS.\nMS relapse has occurred,in the opinion of the investigator, within 50 days prior to randomization and/or the subject has not stabilized from a previous relapse.\nA clinically significant infectious illness within 30 days prior to randomization.\nHistory of, or abnormal laboratory results indicative of any significant cardiac, endocrinologic, hematologic, hepatic, immunologic, metabolic, urologic, pulmonary, gastrointestinal, dermatologic, psychiatric, renal and/or other major disease, that in the opinion of the investigator, would preclude the administration of a recombinant humanized antibody immunomodulating agent for 116 weeks.\nHistory of severe allergic or anaphylactic reactions or known drug hypersensitivity.\nUnable to perform the Timed 25-foot Walk, 9HPT, and PASAT 3.\nAbnormal blood tests performed at the Screening Visit.",
          "HealthyVolunteers":"No",
          "Gender":"All",
          "MinimumAge":"18 Years",
          "MaximumAge":"50 Years",
          "StdAgeList":{
            "StdAge":[
              "Adult"
            ]
          }
        },
        "ContactsLocationsModule":{
          "OverallOfficialList":{
            "OverallOfficial":[
              {
                "OverallOfficialName":"Michael Panzara, MD, MPH",
                "OverallOfficialAffiliation":"Biogen",
                "OverallOfficialRole":"Study Director"
              },{
                "OverallOfficialName":"Chris Polman, MD",
                "OverallOfficialAffiliation":"VU Medical Centre",
                "OverallOfficialRole":"Principal Investigator"
              }
            ]
          },
          "LocationList":{
            "Location":[
              {
                "LocationFacility":"Mayo Clinic Scottsdale",
                "LocationCity":"Scottsdale",
                "LocationState":"Arizona",
                "LocationZip":"85259",
                "LocationCountry":"United States"
              },{
                "LocationFacility":"East Bay Region Associates in Neurology",
                "LocationCity":"Berkeley",
                "LocationState":"California",
                "LocationZip":"94705",
                "LocationCountry":"United States"
              },{
                "LocationFacility":"UC Davis School of Medicine, Department of Neurology",
                "LocationCity":"Davis",
                "LocationState":"California",
                "LocationZip":"95817-2307",
                "LocationCountry":"United States"
              },{
                "LocationFacility":"Yale University School of Medicine, Department of Neurology",
                "LocationCity":"New Haven",
                "LocationState":"Connecticut",
                "LocationZip":"06510",
                "LocationCountry":"United States"
              },{
                "LocationFacility":"University of Miami School of Medicine, Department of Neurology",
                "LocationCity":"Miami",
                "LocationState":"Florida",
                "LocationZip":"33136",
                "LocationCountry":"United States"
              },{
                "LocationFacility":"University of Kansas Medical Center, Department of Neurology",
                "LocationCity":"Kansas City",
                "LocationState":"Kansas",
                "LocationZip":"66160",
                "LocationCountry":"United States"
              },{
                "LocationFacility":"Michigan Institute for Neurological Disorders",
                "LocationCity":"Farmington Hills",
                "LocationState":"Michigan",
                "LocationZip":"48335",
                "LocationCountry":"United States"
              },{
                "LocationFacility":"University of Nebraska Medical Center",
                "LocationCity":"Omaha",
                "LocationState":"Nebraska",
                "LocationZip":"68198",
                "LocationCountry":"United States"
              },{
                "LocationFacility":"Gimbel MS Center",
                "LocationCity":"Teaneck",
                "LocationState":"New Jersey",
                "LocationZip":"07666",
                "LocationCountry":"United States"
              },{
                "LocationFacility":"CMRRC",
                "LocationCity":"Albuquerque",
                "LocationState":"New Mexico",
                "LocationZip":"87131",
                "LocationCountry":"United States"
              },{
                "LocationFacility":"Oregon Health Sciences University, Department of Neurology",
                "LocationCity":"Portland",
                "LocationState":"Oregon",
                "LocationZip":"97201-3098",
                "LocationCountry":"United States"
              },{
                "LocationFacility":"Lehigh Valley Hospital, Neurosciences Research",
                "LocationCity":"Allentown",
                "LocationState":"Pennsylvania",
                "LocationZip":"18103",
                "LocationCountry":"United States"
              },{
                "LocationFacility":"Texas Neurology",
                "LocationCity":"Dallas",
                "LocationState":"Texas",
                "LocationZip":"75214",
                "LocationCountry":"United States"
              },{
                "LocationFacility":"University of Washington MS Research Center",
                "LocationCity":"Seattle",
                "LocationState":"Washington",
                "LocationZip":"98195",
                "LocationCountry":"United States"
              },{
                "LocationFacility":"Algemeen Ziekenhuis St. Jan",
                "LocationCity":"Brugge",
                "LocationZip":"8000",
                "LocationCountry":"Belgium"
              },{
                "LocationFacility":"LUC- University Centre",
                "LocationCity":"Diepenbeek",
                "LocationZip":"3590",
                "LocationCountry":"Belgium"
              },{
                "LocationFacility":"National MS Centrum",
                "LocationCity":"Melsbroek",
                "LocationZip":"1820",
                "LocationCountry":"Belgium"
              },{
                "LocationFacility":"Vancouver Hospital and Health Sciences Center UBC Pavilion, MS Clinical Research Group",
                "LocationCity":"Vancouver",
                "LocationState":"British Columbia",
                "LocationZip":"V6T 2B5",
                "LocationCountry":"Canada"
              },{
                "LocationFacility":"Health Services Centre",
                "LocationCity":"Winnipeg",
                "LocationState":"Manitoba",
                "LocationZip":"R3A 1R9",
                "LocationCountry":"Canada"
              },{
                "LocationFacility":"Kingston General Hospital, Neurology",
                "LocationCity":"Kingston",
                "LocationState":"Ontario",
                "LocationZip":"K7L 2V7",
                "LocationCountry":"Canada"
              },{
                "LocationFacility":"University Hospital",
                "LocationCity":"London",
                "LocationState":"Ontario",
                "LocationZip":"N6A 5A5",
                "LocationCountry":"Canada"
              },{
                "LocationFacility":"Sunnybrook and Women's College and Health Science Centre",
                "LocationCity":"Toronto",
                "LocationState":"Ontario",
                "LocationZip":"M4N 3M5",
                "LocationCountry":"Canada"
              },{
                "LocationFacility":"University of Toronto, MS Clinic, St. Michael's Hospital",
                "LocationCity":"Toronto",
                "LocationState":"Ontario",
                "LocationZip":"M5B 1W8",
                "LocationCountry":"Canada"
              },{
                "LocationFacility":"CHVO Hull Hospital",
                "LocationCity":"Quebec City",
                "LocationState":"Quebec",
                "LocationZip":"J8Y 1W7",
                "LocationCountry":"Canada"
              },{
                "LocationFacility":"MS Research Unit, Center for Clinical Research",
                "LocationCity":"Halifax",
                "LocationZip":"B3H 1V7",
                "LocationCountry":"Canada"
              },{
                "LocationFacility":"Family Medical Centre",
                "LocationCity":"Ottawa",
                "LocationZip":"K1N 5C7",
                "LocationCountry":"Canada"
              },{
                "LocationFacility":"Faculty Hospital Brno Bohunice",
                "LocationCity":"Brno",
                "LocationZip":"60200",
                "LocationCountry":"Czech Republic"
              },{
                "LocationFacility":"Faculty Hospital St. Anne",
                "LocationCity":"Brno",
                "LocationZip":"656 91",
                "LocationCountry":"Czech Republic"
              },{
                "LocationFacility":"Faculty Hospital of Hradec Kralove",
                "LocationCity":"Hradec Kralove",
                "LocationZip":"500 05",
                "LocationCountry":"Czech Republic"
              },{
                "LocationFacility":"Faculty Hospital Olomouc",
                "LocationCity":"Olomouc",
                "LocationZip":"775 20",
                "LocationCountry":"Czech Republic"
              },{
                "LocationFacility":"Faculty Hospital Of Ostrava Poruba",
                "LocationCity":"Ostrava",
                "LocationZip":"70852",
                "LocationCountry":"Czech Republic"
              },{
                "LocationFacility":"Hospital Pardubice - Department of Neurology",
                "LocationCity":"Pardubice",
                "LocationZip":"532 03",
                "LocationCountry":"Czech Republic"
              },{
                "LocationFacility":"Faculty Hospital Plzen - Clinic of Neurology",
                "LocationCity":"Plzen",
                "LocationZip":"304 60",
                "LocationCountry":"Czech Republic"
              },{
                "LocationFacility":"General Teaching Hospital - Neurological Department",
                "LocationCity":"Prague",
                "LocationZip":"2 12802",
                "LocationCountry":"Czech Republic"
              },{
                "LocationFacility":"Faculty Hospital Motol - Neurological Clinic",
                "LocationCity":"Prague",
                "LocationZip":"5 105 06",
                "LocationCountry":"Czech Republic"
              },{
                "LocationFacility":"Hopital de la Timone, Service de Neurologie",
                "LocationCity":"Marseille",
                "LocationZip":"13385",
                "LocationCountry":"France"
              },{
                "LocationFacility":"CHRU - Hopital de Pontchaillou, Service de Neurologie",
                "LocationCity":"Rennes",
                "LocationZip":"35033",
                "LocationCountry":"France"
              },{
                "LocationFacility":"St. Josef-Hospital, Neurologische Klinik der Ruhruniversitat Bochum",
                "LocationCity":"Bochurn",
                "LocationZip":"44791",
                "LocationCountry":"Germany"
              },{
                "LocationFacility":"Klinika Neurologii",
                "LocationCity":"Bydgoszcz",
                "LocationZip":"85-681",
                "LocationCountry":"Germany"
              },{
                "LocationFacility":"Academisch Ziekenhuis VU",
                "LocationCity":"Amsterdam",
                "LocationZip":"1081 HV",
                "LocationCountry":"Netherlands"
              },{
                "LocationFacility":"Institute of Neurology",
                "LocationCity":"Queen Square",
                "LocationState":"London",
                "LocationZip":"WC1N 3BG",
                "LocationCountry":"United Kingdom"
              },{
                "LocationFacility":"The Royal London Hospital",
                "LocationCity":"Whitechapel",
                "LocationState":"London",
                "LocationZip":"E1 1BB",
                "LocationCountry":"United Kingdom"
              },{
                "LocationFacility":"Atkin's Morely Hospital",
                "LocationCity":"Wimbledon",
                "LocationState":"London",
                "LocationZip":"SW20 0NE",
                "LocationCountry":"United Kingdom"
              },{
                "LocationFacility":"Oldchurch Hospital",
                "LocationCity":"Essex",
                "LocationZip":"NE1 4LP",
                "LocationCountry":"United Kingdom"
              },{
                "LocationFacility":"Ipswich Hospital NHS Trust - Department of Clinical Neurology",
                "LocationCity":"Ipswich",
                "LocationZip":"IP4 5PD",
                "LocationCountry":"United Kingdom"
              },{
                "LocationFacility":"St. James University Hospital, Department of Neurology",
                "LocationCity":"Leeds",
                "LocationZip":"LS9 7TF",
                "LocationCountry":"United Kingdom"
              },{
                "LocationFacility":"Guy's Hospital",
                "LocationCity":"London",
                "LocationZip":"SE1 9RT",
                "LocationCountry":"United Kingdom"
              },{
                "LocationFacility":"King's College Hospital",
                "LocationCity":"London",
                "LocationZip":"SE5 9RS",
                "LocationCountry":"United Kingdom"
              },{
                "LocationFacility":"Kings College Hospital, Kings Neuroscience Center",
                "LocationCity":"London",
                "LocationZip":"SE5 9RS",
                "LocationCountry":"United Kingdom"
              },{
                "LocationFacility":"Royal Victoria Infirmary",
                "LocationCity":"Newcastle upon Tyne",
                "LocationZip":"NE1 4LP",
                "LocationCountry":"United Kingdom"
              },{
                "LocationFacility":"The Radcliffe Infirmary, University Department of Clinical Neurology",
                "LocationCity":"Oxford",
                "LocationZip":"OX2 0HE",
                "LocationCountry":"United Kingdom"
              },{
                "LocationFacility":"Royal Hallamshire Hospital",
                "LocationCity":"Sheffield",
                "LocationZip":"S10 2JF",
                "LocationCountry":"United Kingdom"
              },{
                "LocationFacility":"North Staffordshire Royal Infirmary - Neurology Department",
                "LocationCity":"Stoke on Trent",
                "LocationZip":"ST4 7LN",
                "LocationCountry":"United Kingdom"
              }
            ]
          }
        },
        "ReferencesModule":{
          "ReferenceList":{
            "Reference":[
              {
                "ReferencePMID":"25511792",
                "ReferenceType":"background",
                "ReferenceCitation":"Voloshyna N, Havrdová E, Hutchinson M, Nehrych T, You X, Belachew S, Hotermans C, Paes D. Natalizumab improves ambulation in relapsing-remitting multiple sclerosis: results from the prospective TIMER study and a retrospective analysis of AFFIRM. Eur J Neurol. 2015 Mar;22(3):570-7. doi: 10.1111/ene.12618. Epub 2014 Dec 15."
              },{
                "ReferencePMID":"16510744",
                "ReferenceType":"result",
                "ReferenceCitation":"Polman CH, O'Connor PW, Havrdova E, Hutchinson M, Kappos L, Miller DH, Phillips JT, Lublin FD, Giovannoni G, Wajgt A, Toal M, Lynn F, Panzara MA, Sandrock AW; AFFIRM Investigators. A randomized, placebo-controlled trial of natalizumab for relapsing multiple sclerosis. N Engl J Med. 2006 Mar 2;354(9):899-910."
              },{
                "ReferencePMID":"22521274",
                "ReferenceType":"derived",
                "ReferenceCitation":"Balcer LJ, Galetta SL, Polman CH, Eggenberger E, Calabresi PA, Zhang A, Scanlon JV, Hyde R. Low-contrast acuity measures visual improvement in phase 3 trial of natalizumab in relapsing MS. J Neurol Sci. 2012 Jul 15;318(1-2):119-24. doi: 10.1016/j.jns.2012.03.009. Epub 2012 Apr 21."
              }
            ]
          },
          "SeeAlsoLinkList":{
            "SeeAlsoLink":[
              {
                "SeeAlsoLinkLabel":"MSActiveSource.com is a resource for news, information and disease management for all individuals touched by multiple sclerosis. This site is sponsored by Biogen.",
                "SeeAlsoLinkURL":"http://www.msactivesource.com"
              }
            ]
          }
        }
      },
      "DerivedSection":{
        "MiscInfoModule":{
          "VersionHolder":"April 19, 2021"
        },
        "ConditionBrowseModule":{
          "ConditionMeshList":{
            "ConditionMesh":[
              {
                "ConditionMeshId":"D000009103",
                "ConditionMeshTerm":"Multiple Sclerosis"
              },{
                "ConditionMeshId":"D000020529",
                "ConditionMeshTerm":"Multiple Sclerosis, Relapsing-Remitting"
              },{
                "ConditionMeshId":"D000012598",
                "ConditionMeshTerm":"Sclerosis"
              }
            ]
          },
          "ConditionAncestorList":{
            "ConditionAncestor":[
              {
                "ConditionAncestorId":"D000010335",
                "ConditionAncestorTerm":"Pathologic Processes"
              },{
                "ConditionAncestorId":"D000020278",
                "ConditionAncestorTerm":"Demyelinating Autoimmune Diseases, CNS"
              },{
                "ConditionAncestorId":"D000020274",
                "ConditionAncestorTerm":"Autoimmune Diseases of the Nervous System"
              },{
                "ConditionAncestorId":"D000009422",
                "ConditionAncestorTerm":"Nervous System Diseases"
              },{
                "ConditionAncestorId":"D000003711",
                "ConditionAncestorTerm":"Demyelinating Diseases"
              },{
                "ConditionAncestorId":"D000001327",
                "ConditionAncestorTerm":"Autoimmune Diseases"
              },{
                "ConditionAncestorId":"D000007154",
                "ConditionAncestorTerm":"Immune System Diseases"
              }
            ]
          },
          "ConditionBrowseLeafList":{
            "ConditionBrowseLeaf":[
              {
                "ConditionBrowseLeafId":"M13998",
                "ConditionBrowseLeafName":"Sclerosis",
                "ConditionBrowseLeafAsFound":"Sclerosis",
                "ConditionBrowseLeafRelevance":"high"
              },{
                "ConditionBrowseLeafId":"M10643",
                "ConditionBrowseLeafName":"Multiple Sclerosis",
                "ConditionBrowseLeafAsFound":"Multiple Sclerosis",
                "ConditionBrowseLeafRelevance":"high"
              },{
                "ConditionBrowseLeafId":"M20898",
                "ConditionBrowseLeafName":"Multiple Sclerosis, Relapsing-Remitting",
                "ConditionBrowseLeafAsFound":"Multiple Sclerosis, Relapsing-Remitting",
                "ConditionBrowseLeafRelevance":"high"
              },{
                "ConditionBrowseLeafId":"M3210",
                "ConditionBrowseLeafName":"Autoimmune Diseases",
                "ConditionBrowseLeafRelevance":"low"
              },{
                "ConditionBrowseLeafId":"M20682",
                "ConditionBrowseLeafName":"Demyelinating Autoimmune Diseases, CNS",
                "ConditionBrowseLeafRelevance":"low"
              },{
                "ConditionBrowseLeafId":"M20678",
                "ConditionBrowseLeafName":"Autoimmune Diseases of the Nervous System",
                "ConditionBrowseLeafRelevance":"low"
              },{
                "ConditionBrowseLeafId":"M5492",
                "ConditionBrowseLeafName":"Demyelinating Diseases",
                "ConditionBrowseLeafRelevance":"low"
              },{
                "ConditionBrowseLeafId":"M8783",
                "ConditionBrowseLeafName":"Immune System Diseases",
                "ConditionBrowseLeafRelevance":"low"
              }
            ]
          },
          "ConditionBrowseBranchList":{
            "ConditionBrowseBranch":[
              {
                "ConditionBrowseBranchAbbrev":"BC23",
                "ConditionBrowseBranchName":"Symptoms and General Pathology"
              },{
                "ConditionBrowseBranchAbbrev":"All",
                "ConditionBrowseBranchName":"All Conditions"
              },{
                "ConditionBrowseBranchAbbrev":"BC10",
                "ConditionBrowseBranchName":"Nervous System Diseases"
              },{
                "ConditionBrowseBranchAbbrev":"BC20",
                "ConditionBrowseBranchName":"Immune System Diseases"
              }
            ]
          }
        },
        "InterventionBrowseModule":{
          "InterventionMeshList":{
            "InterventionMesh":[
              {
                "InterventionMeshId":"D000069442",
                "InterventionMeshTerm":"Natalizumab"
              }
            ]
          },
          "InterventionAncestorList":{
            "InterventionAncestor":[
              {
                "InterventionAncestorId":"D000007155",
                "InterventionAncestorTerm":"Immunologic Factors"
              },{
                "InterventionAncestorId":"D000045505",
                "InterventionAncestorTerm":"Physiological Effects of Drugs"
              }
            ]
          },
          "InterventionBrowseLeafList":{
            "InterventionBrowseLeaf":[
              {
                "InterventionBrowseLeafId":"M411",
                "InterventionBrowseLeafName":"Natalizumab",
                "InterventionBrowseLeafAsFound":"Blade",
                "InterventionBrowseLeafRelevance":"high"
              },{
                "InterventionBrowseLeafId":"M8784",
                "InterventionBrowseLeafName":"Immunologic Factors",
                "InterventionBrowseLeafRelevance":"low"
              }
            ]
          },
          "InterventionBrowseBranchList":{
            "InterventionBrowseBranch":[
              {
                "InterventionBrowseBranchAbbrev":"All",
                "InterventionBrowseBranchName":"All Drugs and Chemicals"
              }
            ]
          }
        }
      }
    }
  }
}

