{
  "FullStudy":{
    "Rank":367689,
    "Study":{
      "ProtocolSection":{
        "IdentificationModule":{
          "NCTId":"NCT00027547",
          "OrgStudyIdInfo":{
            "OrgStudyId":"1586.00"
          },
          "SecondaryIdInfoList":{
            "SecondaryIdInfo":[
              {
                "SecondaryId":"FHCRC-1586.00"
              },{
                "SecondaryId":"NCI-H01-0080"
              },{
                "SecondaryId":"CDR0000069042",
                "SecondaryIdType":"Registry Identifier",
                "SecondaryIdDomain":"PDQ"
              }
            ]
          },
          "Organization":{
            "OrgFullName":"Fred Hutchinson Cancer Research Center",
            "OrgClass":"OTHER"
          },
          "BriefTitle":"Combination Chemotherapy and Total-Body Irradiation Followed by Peripheral Stem Cell or Bone Marrow Transplantation in Treating Patients With Acute Lymphoblastic Leukemia",
          "OfficialTitle":"Nonmyeloablative Allogeneic Hematopoietic Cell Transplantation From HLA Matched Sibling Donors For Treatment Of Patients With High Risk Acute Lymphocytic Leukemia In Complete Remission"
        },
        "StatusModule":{
          "StatusVerifiedDate":"November 2011",
          "OverallStatus":"Completed",
          "ExpandedAccessInfo":{
            "HasExpandedAccess":"No"
          },
          "StartDateStruct":{
            "StartDate":"July 2001"
          },
          "CompletionDateStruct":{
            "CompletionDate":"July 2004",
            "CompletionDateType":"Actual"
          },
          "StudyFirstSubmitDate":"December 7, 2001",
          "StudyFirstSubmitQCDate":"January 26, 2003",
          "StudyFirstPostDateStruct":{
            "StudyFirstPostDate":"January 27, 2003",
            "StudyFirstPostDateType":"Estimate"
          },
          "LastUpdateSubmitDate":"November 28, 2011",
          "LastUpdatePostDateStruct":{
            "LastUpdatePostDate":"November 30, 2011",
            "LastUpdatePostDateType":"Estimate"
          }
        },
        "SponsorCollaboratorsModule":{
          "LeadSponsor":{
            "LeadSponsorName":"Fred Hutchinson Cancer Research Center",
            "LeadSponsorClass":"OTHER"
          },
          "CollaboratorList":{
            "Collaborator":[
              {
                "CollaboratorName":"National Cancer Institute (NCI)",
                "CollaboratorClass":"NIH"
              }
            ]
          }
        },
        "OversightModule":{},
        "DescriptionModule":{
          "BriefSummary":"RATIONALE: Drugs used in chemotherapy use different ways to stop cancer cells from dividing so they stop growing or die. Peripheral stem cell transplantation may be able to replace immune cells that were destroyed by chemotherapy and radiation therapy. Sometimes the transplanted cells are rejected by the body's normal tissues. Mycophenolate mofetil and donor white blood cells may prevent this from happening.\n\nPURPOSE: Phase I/II trial to determine the effectiveness of combination chemotherapy and total-body irradiation followed by peripheral stem cell transplantation in treating patients who have acute lymphoblastic leukemia.",
          "DetailedDescription":"OBJECTIVES:\n\nDetermine if a one-year disease free survival of 40% and a day 200 transplant-related mortality of less than 25% can be achieved in patients with high-risk acute lymphoblastic leukemia in complete remission treated with a nonmyeloablative conditioning regimen comprising fludarabine and total body irradiation followed by allogeneic peripheral blood stem cell or bone marrow transplantation.\nEvaluate the efficacy and toxicity of donor lymphocyte infusion in the treatment of minimal residual disease after nonmyeloablative allografting in these patients.\n\nOUTLINE: This is a multicenter study.\n\nPatients receive a nonmyeloablative conditioning regimen comprising fludarabine IV on days -4 to -2 and total body irradiation (TBI) on day 0. Children undergo allogeneic peripheral blood stem cell transplantation (PBSCT) or bone marrow transplantation after TBI on day 0. Adults undergo filgrastim (G-CSF)-mobilized allogeneic PBSCT after TBI on day 0.\n\nPatients also receive graft-versus-host disease (GVHD) prophylaxis therapy comprising oral cyclosporine twice daily on days -3 to 56 and then tapered and oral mycophenolate mofetil once at 5-10 hours after transplantation on day 0 and then twice daily on days 1-27.\n\nPatients who have no evidence of grade 2 or greater acute GVHD or clinically extensive chronic GVHD, have been off GVHD prophylaxis therapy for 1-2 weeks, and have stable or increasing minimal residual disease after discontinuation of GVHD prophylaxis therapy receive donor lymphocyte infusion (DLI) IV over 30 minutes. DLI repeats every 4 weeks for a total of 3 doses (if necessary).\n\nPatients without a history of CNS leukemia and patients with a history of CNS leukemia previously treated with prophylactic craniospinal irradiation receive methotrexate (MTX) or cytarabine (ARA-C) intrathecally (IT) for a total of 2 doses before transplantation and for a total of 6 doses beginning on day 32 after transplantation. Patients with a history of CNS leukemia not previously treated with craniospinal irradiation undergo craniospinal irradiation for 11 days before conditioning regimen and then MTX or ARA-C IT for a total of 6 doses beginning on day 32 after transplantation. Male patients also undergo testicular radiotherapy for 7 days.\n\nPatients are followed at 1, 2, 3, 6, 12, 18, and 24 months.\n\nPROJECTED ACCRUAL: A total of 30 patients (20 adults and 10 children) will be accrued for this study within 2 years."
        },
        "ConditionsModule":{
          "ConditionList":{
            "Condition":[
              "Leukemia"
            ]
          },
          "KeywordList":{
            "Keyword":[
              "adult acute lymphoblastic leukemia in remission",
              "childhood acute lymphoblastic leukemia in remission"
            ]
          }
        },
        "DesignModule":{
          "StudyType":"Interventional",
          "PhaseList":{
            "Phase":[
              "Phase 1",
              "Phase 2"
            ]
          },
          "DesignInfo":{
            "DesignPrimaryPurpose":"Treatment",
            "DesignMaskingInfo":{
              "DesignMasking":"None (Open Label)"
            }
          }
        },
        "ArmsInterventionsModule":{
          "InterventionList":{
            "Intervention":[
              {
                "InterventionType":"Biological",
                "InterventionName":"therapeutic allogeneic lymphocytes"
              },{
                "InterventionType":"Drug",
                "InterventionName":"cyclosporine"
              },{
                "InterventionType":"Drug",
                "InterventionName":"cytarabine"
              },{
                "InterventionType":"Drug",
                "InterventionName":"fludarabine phosphate"
              },{
                "InterventionType":"Drug",
                "InterventionName":"methotrexate"
              },{
                "InterventionType":"Drug",
                "InterventionName":"mycophenolate mofetil"
              },{
                "InterventionType":"Procedure",
                "InterventionName":"allogeneic bone marrow transplantation"
              },{
                "InterventionType":"Procedure",
                "InterventionName":"peripheral blood stem cell transplantation"
              },{
                "InterventionType":"Radiation",
                "InterventionName":"radiation therapy"
              }
            ]
          }
        },
        "EligibilityModule":{
          "EligibilityCriteria":"DISEASE CHARACTERISTICS:\n\nDiagnosis of acute lymphoblastic leukemia (ALL)\n\nAdult patients must meet 1 of the following criteria:\n\nAge 50 to 75 with high-risk ALL in complete remission (CR) (less than 5% blasts by morphology on bone marrow aspirate and absence of peripheral blasts) or ALL in second CR (CR2) or greater\n\nAge 18 to 50 with high-risk ALL in first CR (CR1) and either ineligible for conventional allogeneic transplantation (based on general medical condition) or refused conventional transplantation\n\nHigh-risk adult ALL in CR1 includes patients meeting 1 or more of the following criteria:\n\nAge 30 and over\nNon-T-cell phenotype\nCytogenetic abnormalities including t(9;22), t(4;11), trisomy 8, or monosomy 7\nFailure to achieve CR after 4 weeks of induction chemotherapy\nAge 18 to 50 with ALL in CR2 or greater and ineligible for conventional allogeneic transplantation based on general medical condition\nAge 18 to 50 with high-risk ALL in CR2 or greater and refused conventional allogeneic transplantation\n\nPediatric patients must meet 1 of the following criteria:\n\nUnder age 18 with high-risk ALL in CR1 and ineligible for conventional allogeneic transplantation based on general medical condition\n\nHigh-risk pediatric ALL in CR1 includes patients meeting 1 or more of the following criteria:\n\nCytogenetic abnormalities\n\nt(9;22) with WBC at least 25,000/mm3 at diagnosis\nt(4;11) in patients under age 1 or age 10 and over\nHypodiploidy (no more than 45 chromosomes)\nFailure to achieve CR after 4 weeks of induction chemotherapy\nPersistent peripheral blasts after 1 week of induction chemotherapy\nUnder age 18 with CR2 or greater and ineligible for conventional allogeneic transplantation based on general medical condition\nAge 12 and under allowed if approved by the principle investigator\nNo active CNS disease\n\nAvailability of a sibling donor (excluding an identical twin)\n\nHLA genotypically identical for at least 1 haplotype\nHLA-A, -B, -C, -DRB1, and -DQB1 genotypically or phenotypically identical\n\nPATIENT CHARACTERISTICS:\n\nAge:\n\nSee Disease Characteristics\n75 and under\n\nPerformance status:\n\nKarnofsky 50-100% (adults)\nLansky 40-100% (children)\n\nLife expectancy:\n\nNot specified\n\nHematopoietic:\n\nSee Disease Characteristics\n\nHepatic:\n\nNo fulminant liver failure\nNo alcoholic hepatitis\nNo history of bleeding esophageal varices\nNo grade II or greater hepatic encephalopathy\nNo hepatic synthetic dysfunction evidenced by prolongation of PT with INR greater than 2.5\nNo intractable ascites related to portal hypertension\nNo bacterial or fungal liver abscess\nNo chronic viral hepatitis with bilirubin greater than 5 mg/dL\nNo biliary obstruction with bilirubin greater than 5 mg/dL\nNo concurrent symptomatic biliary disease\n\nRenal:\n\nNot specified\n\nCardiovascular:\n\nCardiac ejection fraction at least 30%\n\nPulmonary:\n\nNo requirement for supplementary continuous oxygen\n\nOther:\n\nHIV negative\nNot pregnant or nursing\nFertile patients must use effective contraception during and for 1 year after study participation\n\nPRIOR CONCURRENT THERAPY:\n\nBiologic therapy\n\nNo concurrent posttransplantation growth factors during mycophenolate mofetil administration\n\nChemotherapy\n\nSee Disease Characteristics\n\nEndocrine therapy\n\nNot specified\n\nRadiotherapy\n\nNot specified\n\nSurgery\n\nNot specified",
          "HealthyVolunteers":"No",
          "Gender":"All",
          "MaximumAge":"75 Years",
          "StdAgeList":{
            "StdAge":[
              "Child",
              "Adult",
              "Older Adult"
            ]
          }
        },
        "ContactsLocationsModule":{
          "OverallOfficialList":{
            "OverallOfficial":[
              {
                "OverallOfficialName":"George Georges, MD",
                "OverallOfficialAffiliation":"Fred Hutchinson Cancer Research Center",
                "OverallOfficialRole":"Study Chair"
              }
            ]
          },
          "LocationList":{
            "Location":[
              {
                "LocationFacility":"Cancer Institute at Oregon Health and Science University",
                "LocationCity":"Portland",
                "LocationState":"Oregon",
                "LocationZip":"97239",
                "LocationCountry":"United States"
              },{
                "LocationFacility":"Fred Hutchinson Cancer Research Center",
                "LocationCity":"Seattle",
                "LocationState":"Washington",
                "LocationZip":"98109-1024",
                "LocationCountry":"United States"
              },{
                "LocationFacility":"Universitaet Leipzig",
                "LocationCity":"Leipzig",
                "LocationZip":"D-04103",
                "LocationCountry":"Germany"
              }
            ]
          }
        }
      },
      "DerivedSection":{
        "MiscInfoModule":{
          "VersionHolder":"April 19, 2021"
        },
        "ConditionBrowseModule":{
          "ConditionMeshList":{
            "ConditionMesh":[
              {
                "ConditionMeshId":"D000007938",
                "ConditionMeshTerm":"Leukemia"
              },{
                "ConditionMeshId":"D000054198",
                "ConditionMeshTerm":"Precursor Cell Lymphoblastic Leukemia-Lymphoma"
              }
            ]
          },
          "ConditionAncestorList":{
            "ConditionAncestor":[
              {
                "ConditionAncestorId":"D000009370",
                "ConditionAncestorTerm":"Neoplasms by Histologic Type"
              },{
                "ConditionAncestorId":"D000009369",
                "ConditionAncestorTerm":"Neoplasms"
              },{
                "ConditionAncestorId":"D000007945",
                "ConditionAncestorTerm":"Leukemia, Lymphoid"
              },{
                "ConditionAncestorId":"D000008232",
                "ConditionAncestorTerm":"Lymphoproliferative Disorders"
              },{
                "ConditionAncestorId":"D000008206",
                "ConditionAncestorTerm":"Lymphatic Diseases"
              },{
                "ConditionAncestorId":"D000007160",
                "ConditionAncestorTerm":"Immunoproliferative Disorders"
              },{
                "ConditionAncestorId":"D000007154",
                "ConditionAncestorTerm":"Immune System Diseases"
              }
            ]
          },
          "ConditionBrowseLeafList":{
            "ConditionBrowseLeaf":[
              {
                "ConditionBrowseLeafId":"M9528",
                "ConditionBrowseLeafName":"Leukemia",
                "ConditionBrowseLeafAsFound":"Leukemia",
                "ConditionBrowseLeafRelevance":"high"
              },{
                "ConditionBrowseLeafId":"M9534",
                "ConditionBrowseLeafName":"Leukemia, Lymphoid",
                "ConditionBrowseLeafRelevance":"low"
              },{
                "ConditionBrowseLeafId":"M26172",
                "ConditionBrowseLeafName":"Precursor Cell Lymphoblastic Leukemia-Lymphoma",
                "ConditionBrowseLeafAsFound":"Acute Lymphoblastic Leukemia",
                "ConditionBrowseLeafRelevance":"high"
              },{
                "ConditionBrowseLeafId":"M9803",
                "ConditionBrowseLeafName":"Lymphoma",
                "ConditionBrowseLeafRelevance":"low"
              },{
                "ConditionBrowseLeafId":"M10898",
                "ConditionBrowseLeafName":"Neoplasms by Histologic Type",
                "ConditionBrowseLeafRelevance":"low"
              },{
                "ConditionBrowseLeafId":"M9808",
                "ConditionBrowseLeafName":"Lymphoproliferative Disorders",
                "ConditionBrowseLeafRelevance":"low"
              },{
                "ConditionBrowseLeafId":"M9786",
                "ConditionBrowseLeafName":"Lymphatic Diseases",
                "ConditionBrowseLeafRelevance":"low"
              },{
                "ConditionBrowseLeafId":"M8789",
                "ConditionBrowseLeafName":"Immunoproliferative Disorders",
                "ConditionBrowseLeafRelevance":"low"
              },{
                "ConditionBrowseLeafId":"M8783",
                "ConditionBrowseLeafName":"Immune System Diseases",
                "ConditionBrowseLeafRelevance":"low"
              },{
                "ConditionBrowseLeafId":"T1134",
                "ConditionBrowseLeafName":"Childhood Acute Lymphoblastic Leukemia",
                "ConditionBrowseLeafRelevance":"low"
              },{
                "ConditionBrowseLeafId":"T175",
                "ConditionBrowseLeafName":"Acute Lymphoblastic Leukemia",
                "ConditionBrowseLeafAsFound":"Acute Lymphoblastic Leukemia",
                "ConditionBrowseLeafRelevance":"high"
              },{
                "ConditionBrowseLeafId":"T3533",
                "ConditionBrowseLeafName":"Lymphoblastic Lymphoma",
                "ConditionBrowseLeafRelevance":"low"
              },{
                "ConditionBrowseLeafId":"T3543",
                "ConditionBrowseLeafName":"Lymphosarcoma",
                "ConditionBrowseLeafRelevance":"low"
              }
            ]
          },
          "ConditionBrowseBranchList":{
            "ConditionBrowseBranch":[
              {
                "ConditionBrowseBranchAbbrev":"BC04",
                "ConditionBrowseBranchName":"Cancers and Other Neoplasms"
              },{
                "ConditionBrowseBranchAbbrev":"All",
                "ConditionBrowseBranchName":"All Conditions"
              },{
                "ConditionBrowseBranchAbbrev":"BC15",
                "ConditionBrowseBranchName":"Blood and Lymph Conditions"
              },{
                "ConditionBrowseBranchAbbrev":"BC20",
                "ConditionBrowseBranchName":"Immune System Diseases"
              },{
                "ConditionBrowseBranchAbbrev":"Rare",
                "ConditionBrowseBranchName":"Rare Diseases"
              }
            ]
          }
        },
        "InterventionBrowseModule":{
          "InterventionMeshList":{
            "InterventionMesh":[
              {
                "InterventionMeshId":"D000003561",
                "InterventionMeshTerm":"Cytarabine"
              },{
                "InterventionMeshId":"D000016572",
                "InterventionMeshTerm":"Cyclosporine"
              },{
                "InterventionMeshId":"D000009173",
                "InterventionMeshTerm":"Mycophenolic Acid"
              },{
                "InterventionMeshId":"D000008727",
                "InterventionMeshTerm":"Methotrexate"
              },{
                "InterventionMeshId":"C000042382",
                "InterventionMeshTerm":"Fludarabine phosphate"
              },{
                "InterventionMeshId":"C000024352",
                "InterventionMeshTerm":"Fludarabine"
              },{
                "InterventionMeshId":"D000003524",
                "InterventionMeshTerm":"Cyclosporins"
              }
            ]
          },
          "InterventionAncestorList":{
            "InterventionAncestor":[
              {
                "InterventionAncestorId":"D000000020",
                "InterventionAncestorTerm":"Abortifacient Agents, Nonsteroidal"
              },{
                "InterventionAncestorId":"D000000019",
                "InterventionAncestorTerm":"Abortifacient Agents"
              },{
                "InterventionAncestorId":"D000012102",
                "InterventionAncestorTerm":"Reproductive Control Agents"
              },{
                "InterventionAncestorId":"D000045505",
                "InterventionAncestorTerm":"Physiological Effects of Drugs"
              },{
                "InterventionAncestorId":"D000000964",
                "InterventionAncestorTerm":"Antimetabolites, Antineoplastic"
              },{
                "InterventionAncestorId":"D000000963",
                "InterventionAncestorTerm":"Antimetabolites"
              },{
                "InterventionAncestorId":"D000045504",
                "InterventionAncestorTerm":"Molecular Mechanisms of Pharmacological Action"
              },{
                "InterventionAncestorId":"D000000970",
                "InterventionAncestorTerm":"Antineoplastic Agents"
              },{
                "InterventionAncestorId":"D000003879",
                "InterventionAncestorTerm":"Dermatologic Agents"
              },{
                "InterventionAncestorId":"D000004791",
                "InterventionAncestorTerm":"Enzyme Inhibitors"
              },{
                "InterventionAncestorId":"D000005493",
                "InterventionAncestorTerm":"Folic Acid Antagonists"
              },{
                "InterventionAncestorId":"D000007166",
                "InterventionAncestorTerm":"Immunosuppressive Agents"
              },{
                "InterventionAncestorId":"D000007155",
                "InterventionAncestorTerm":"Immunologic Factors"
              },{
                "InterventionAncestorId":"D000018501",
                "InterventionAncestorTerm":"Antirheumatic Agents"
              },{
                "InterventionAncestorId":"D000019384",
                "InterventionAncestorTerm":"Nucleic Acid Synthesis Inhibitors"
              },{
                "InterventionAncestorId":"D000000998",
                "InterventionAncestorTerm":"Antiviral Agents"
              },{
                "InterventionAncestorId":"D000000890",
                "InterventionAncestorTerm":"Anti-Infective Agents"
              },{
                "InterventionAncestorId":"D000000935",
                "InterventionAncestorTerm":"Antifungal Agents"
              },{
                "InterventionAncestorId":"D000065095",
                "InterventionAncestorTerm":"Calcineurin Inhibitors"
              },{
                "InterventionAncestorId":"D000000903",
                "InterventionAncestorTerm":"Antibiotics, Antineoplastic"
              },{
                "InterventionAncestorId":"D000000904",
                "InterventionAncestorTerm":"Antibiotics, Antitubercular"
              },{
                "InterventionAncestorId":"D000000995",
                "InterventionAncestorTerm":"Antitubercular Agents"
              },{
                "InterventionAncestorId":"D000000900",
                "InterventionAncestorTerm":"Anti-Bacterial Agents"
              }
            ]
          },
          "InterventionBrowseLeafList":{
            "InterventionBrowseLeaf":[
              {
                "InterventionBrowseLeafId":"M10711",
                "InterventionBrowseLeafName":"Mycophenolic Acid",
                "InterventionBrowseLeafAsFound":"Parallel",
                "InterventionBrowseLeafRelevance":"high"
              },{
                "InterventionBrowseLeafId":"M17544",
                "InterventionBrowseLeafName":"Cyclosporine",
                "InterventionBrowseLeafAsFound":"Standard of care",
                "InterventionBrowseLeafRelevance":"high"
              },{
                "InterventionBrowseLeafId":"M5313",
                "InterventionBrowseLeafName":"Cyclosporins",
                "InterventionBrowseLeafAsFound":"Standard of care",
                "InterventionBrowseLeafRelevance":"high"
              },{
                "InterventionBrowseLeafId":"M5349",
                "InterventionBrowseLeafName":"Cytarabine",
                "InterventionBrowseLeafAsFound":"Diagnostic",
                "InterventionBrowseLeafRelevance":"high"
              },{
                "InterventionBrowseLeafId":"M220971",
                "InterventionBrowseLeafName":"Fludarabine",
                "InterventionBrowseLeafAsFound":"4 weeks",
                "InterventionBrowseLeafRelevance":"high"
              },{
                "InterventionBrowseLeafId":"M10286",
                "InterventionBrowseLeafName":"Methotrexate",
                "InterventionBrowseLeafAsFound":"Syndrome",
                "InterventionBrowseLeafRelevance":"high"
              },{
                "InterventionBrowseLeafId":"M233147",
                "InterventionBrowseLeafName":"Fludarabine phosphate",
                "InterventionBrowseLeafAsFound":"Preoperative",
                "InterventionBrowseLeafRelevance":"high"
              },{
                "InterventionBrowseLeafId":"M2862",
                "InterventionBrowseLeafName":"Antimetabolites",
                "InterventionBrowseLeafRelevance":"low"
              },{
                "InterventionBrowseLeafId":"M5657",
                "InterventionBrowseLeafName":"Dermatologic Agents",
                "InterventionBrowseLeafRelevance":"low"
              },{
                "InterventionBrowseLeafId":"M7201",
                "InterventionBrowseLeafName":"Folic Acid",
                "InterventionBrowseLeafRelevance":"low"
              },{
                "InterventionBrowseLeafId":"M16129",
                "InterventionBrowseLeafName":"Vitamin B Complex",
                "InterventionBrowseLeafRelevance":"low"
              },{
                "InterventionBrowseLeafId":"M7202",
                "InterventionBrowseLeafName":"Folic Acid Antagonists",
                "InterventionBrowseLeafRelevance":"low"
              },{
                "InterventionBrowseLeafId":"M8795",
                "InterventionBrowseLeafName":"Immunosuppressive Agents",
                "InterventionBrowseLeafRelevance":"low"
              },{
                "InterventionBrowseLeafId":"M8784",
                "InterventionBrowseLeafName":"Immunologic Factors",
                "InterventionBrowseLeafRelevance":"low"
              },{
                "InterventionBrowseLeafId":"M19188",
                "InterventionBrowseLeafName":"Antirheumatic Agents",
                "InterventionBrowseLeafRelevance":"low"
              },{
                "InterventionBrowseLeafId":"M2895",
                "InterventionBrowseLeafName":"Antiviral Agents",
                "InterventionBrowseLeafRelevance":"low"
              },{
                "InterventionBrowseLeafId":"M2795",
                "InterventionBrowseLeafName":"Anti-Infective Agents",
                "InterventionBrowseLeafRelevance":"low"
              },{
                "InterventionBrowseLeafId":"M4835",
                "InterventionBrowseLeafName":"Clotrimazole",
                "InterventionBrowseLeafRelevance":"low"
              },{
                "InterventionBrowseLeafId":"M10379",
                "InterventionBrowseLeafName":"Miconazole",
                "InterventionBrowseLeafRelevance":"low"
              },{
                "InterventionBrowseLeafId":"M2835",
                "InterventionBrowseLeafName":"Antifungal Agents",
                "InterventionBrowseLeafRelevance":"low"
              },{
                "InterventionBrowseLeafId":"M29039",
                "InterventionBrowseLeafName":"Calcineurin Inhibitors",
                "InterventionBrowseLeafRelevance":"low"
              },{
                "InterventionBrowseLeafId":"M2803",
                "InterventionBrowseLeafName":"Anti-Bacterial Agents",
                "InterventionBrowseLeafRelevance":"low"
              },{
                "InterventionBrowseLeafId":"M2805",
                "InterventionBrowseLeafName":"Antibiotics, Antitubercular",
                "InterventionBrowseLeafRelevance":"low"
              },{
                "InterventionBrowseLeafId":"M2892",
                "InterventionBrowseLeafName":"Antitubercular Agents",
                "InterventionBrowseLeafRelevance":"low"
              },{
                "InterventionBrowseLeafId":"T446",
                "InterventionBrowseLeafName":"Folic Acid",
                "InterventionBrowseLeafRelevance":"low"
              },{
                "InterventionBrowseLeafId":"T448",
                "InterventionBrowseLeafName":"Folate",
                "InterventionBrowseLeafRelevance":"low"
              },{
                "InterventionBrowseLeafId":"T475",
                "InterventionBrowseLeafName":"Vitamin B9",
                "InterventionBrowseLeafRelevance":"low"
              },{
                "InterventionBrowseLeafId":"T447",
                "InterventionBrowseLeafName":"Folinic Acid",
                "InterventionBrowseLeafRelevance":"low"
              }
            ]
          },
          "InterventionBrowseBranchList":{
            "InterventionBrowseBranch":[
              {
                "InterventionBrowseBranchAbbrev":"Infe",
                "InterventionBrowseBranchName":"Anti-Infective Agents"
              },{
                "InterventionBrowseBranchAbbrev":"ANeo",
                "InterventionBrowseBranchName":"Antineoplastic Agents"
              },{
                "InterventionBrowseBranchAbbrev":"All",
                "InterventionBrowseBranchName":"All Drugs and Chemicals"
              },{
                "InterventionBrowseBranchAbbrev":"ARhu",
                "InterventionBrowseBranchName":"Antirheumatic Agents"
              },{
                "InterventionBrowseBranchAbbrev":"Derm",
                "InterventionBrowseBranchName":"Dermatologic Agents"
              },{
                "InterventionBrowseBranchAbbrev":"Repr",
                "InterventionBrowseBranchName":"Reproductive Control Agents"
              },{
                "InterventionBrowseBranchAbbrev":"Micro",
                "InterventionBrowseBranchName":"Micronutrients"
              },{
                "InterventionBrowseBranchAbbrev":"Hemat",
                "InterventionBrowseBranchName":"Hematinics"
              },{
                "InterventionBrowseBranchAbbrev":"Vi",
                "InterventionBrowseBranchName":"Vitamins"
              }
            ]
          }
        }
      }
    }
  }
}

