{
  "FullStudy":{
    "Rank":367718,
    "Study":{
      "ProtocolSection":{
        "IdentificationModule":{
          "NCTId":"NCT00027157",
          "OrgStudyIdInfo":{
            "OrgStudyId":"000118"
          },
          "SecondaryIdInfoList":{
            "SecondaryIdInfo":[
              {
                "SecondaryId":"00-H-0118"
              }
            ]
          },
          "Organization":{
            "OrgFullName":"National Institutes of Health Clinical Center (CC)",
            "OrgClass":"NIH"
          },
          "BriefTitle":"Determination of Variances in Exhaled Nitric Oxide Output in Normal Healthy Male Volunteers Consuming High and Low Nitrate/Nitrite Diets",
          "OfficialTitle":"The Determination of Variances in Exhaled Nitric Oxide Output in Normal Healthy Male Volunteers Consuming High and Low Nitrate/Nitrite Diets"
        },
        "StatusModule":{
          "StatusVerifiedDate":"April 2003",
          "OverallStatus":"Completed",
          "ExpandedAccessInfo":{
            "HasExpandedAccess":"No"
          },
          "StartDateStruct":{
            "StartDate":"April 2000"
          },
          "CompletionDateStruct":{
            "CompletionDate":"April 2003"
          },
          "StudyFirstSubmitDate":"November 27, 2001",
          "StudyFirstSubmitQCDate":"November 27, 2001",
          "StudyFirstPostDateStruct":{
            "StudyFirstPostDate":"November 28, 2001",
            "StudyFirstPostDateType":"Estimate"
          },
          "LastUpdateSubmitDate":"March 3, 2008",
          "LastUpdatePostDateStruct":{
            "LastUpdatePostDate":"March 4, 2008",
            "LastUpdatePostDateType":"Estimate"
          }
        },
        "SponsorCollaboratorsModule":{
          "LeadSponsor":{
            "LeadSponsorName":"National Heart, Lung, and Blood Institute (NHLBI)",
            "LeadSponsorClass":"NIH"
          }
        },
        "OversightModule":{},
        "DescriptionModule":{
          "BriefSummary":"This study will determine whether and how nitrites and nitrates in the diet affect the level of nitric oxide gas that is breathed out in air. Nitric oxide is involved in many bodily processes, such as immune function, nerve signal transmission, inflammation, and dilation of blood vessels and bronchial tubes (tubes that branch out from the trachea into the lungs).\n\nHealthy male volunteers age 18 years or older who have not smoked for at least 5 years may be eligible for this study. Candidates will undergo blood and urine tests, breathing tests, and an electrocardiogram.\n\nParticipants will follow two special diets for 3 days each. One is a low-nitrate and nitrite diet, and the other is a high-nitrate and nitrite diet. Both diets must be completed within a month's time. Participants will be admitted to the NIH Clinical Center for two 3-night hospital stays during the two diet periods, but may go out on passes at any time. While on the diets, they may consume only food prepared by the NIH Nutrition Department; eating other foods will seriously affect the study results. Meals may be eaten at the NIH Clinical Center, or packaged meals prepared by the Nutrition Department can be taken out. Participants may not engage in any heavy exercise during the diet periods, as exercise affects nitric oxide levels.\n\nBlood samples of about 4 milliliters, or 1 teaspoon, each will be collected before starting each diet and at the end of each diet to measure blood levels of nitrate and nitrite. Additional blood samples, totaling about 2 tablespoons, will be collected for research. Each day, participants will have a test to measure exhaled nitric oxide levels. This involves blowing air into a mouthpiece attached to a machine that measures levels of the gas in each breath.",
          "DetailedDescription":"Nitric oxide (NO) has been recognized for its multifaceted roles in many physiological processes (e.g., vasodilatation, host defense, neurotransmission, bronchodilatation, and inflammation.) NO is produced by a family of nitric oxide synthase (NOS) isoforms in a reaction that converts L-arginine to L-citrulline. NO metabolites in vivo include nitrite (NO2) and nitrate (NO3). Plasma NO2/NO3 concentrations have been used extensively as a marker for NOS activity and NO radical production. Studies have shown that dietary intake of nitrate, estrogen, atmospheric pollution, and heavy exercise can influence NO2/NO3 levels in blood. NO can also be detected in exhaled air. NO levels vary with disease, and in some cases (e.g., asthma) respond to treatment (e.g., steroid).\n\nThis pilot study is designed to determine whether or not dietary intake influences exhaled NO levels. To use plasma metabolite measurements to monitor NOS activity, subjects must adhere to a strict low NO2/NO3 diet before and during the study where measurements of exhaled NO can be performed quickly and easily in an inpatient setting. Subjects will be studied as inpatients consuming standardized high and low nitrite/nitrate (NO2/NO3) diets each for a period of three days. Since L-arginine is a NOS substrate and can affect the generation of NO, diets will also be monitored by protein intake. Blood samples will be collected four times during the study, pre- and post-diet for each diet, for the quantification of NO2/NO3 concentration. Exhaled NO will be measured daily. In addition, blood pressure, pulmonary function testing, and blood plasma levels of L-arginine, cyclic guanosine monophosphate (cGMP), and S-thiolation may be monitored. Results of this study should allow us to determine the most effective method of monitoring NOS activity, and potentially identify activities responsible for maintaining nitric oxide levels."
        },
        "ConditionsModule":{
          "ConditionList":{
            "Condition":[
              "Healthy"
            ]
          },
          "KeywordList":{
            "Keyword":[
              "Coronary Spasm",
              "Endothelial-Derived-Relaxation Factor",
              "Nitric Oxide Synthase",
              "Susceptibility Genes",
              "Tetrahydrobiopterin"
            ]
          }
        },
        "DesignModule":{
          "StudyType":"Observational",
          "EnrollmentInfo":{
            "EnrollmentCount":"18"
          }
        },
        "EligibilityModule":{
          "EligibilityCriteria":"INCLUSION CRITERIA:\n\nInclusion criteria for research volunteers include (1) male; (2) good overall health history without any recent (3 months) acute disease; (3) physical examination within normal limits; (4) laboratory evaluation; including complete blood count (CBC), acute care panel, clotting times, chest x-ray (only if medically indicated), pulmonary function testing and an electrocardiogram (EKG)-within normal limits; (5) non-smokers defined as having never smoked or not smoked within the past 5 or more years; (6) willingness to commit to the three day strict low NO(2)/NO(3) diet and three day high NO(2)/NO(3) diet prepared by the Nutrition Department and supplied as either hot meals or pre-packaged meals; and (7) willingness to avoid intensive exercise, e.g., running, jogging, aerobics, etc., during the entire study.\n\nEXCLUSION CRITERIA:\n\nExclusion criteria include (1) age less than 18; (2) females; (3) positive serum test for hepatitis virus; and (4) inability to complete reliable pulmonary function tests.",
          "HealthyVolunteers":"Accepts Healthy Volunteers",
          "Gender":"Male",
          "StdAgeList":{
            "StdAge":[
              "Child",
              "Adult",
              "Older Adult"
            ]
          }
        },
        "ContactsLocationsModule":{
          "LocationList":{
            "Location":[
              {
                "LocationFacility":"National Heart, Lung and Blood Institute (NHLBI)",
                "LocationCity":"Bethesda",
                "LocationState":"Maryland",
                "LocationZip":"20892",
                "LocationCountry":"United States"
              }
            ]
          }
        },
        "ReferencesModule":{
          "ReferenceList":{
            "Reference":[
              {
                "ReferencePMID":"7990650",
                "ReferenceType":"background",
                "ReferenceCitation":"Bauer JA, Wald JA, Doran S, Soda D. Endogenous nitric oxide in expired air: effects of acute exercise in humans. Life Sci. 1994;55(24):1903-9."
              },{
                "ReferencePMID":"7903007",
                "ReferenceType":"background",
                "ReferenceCitation":"Barnes PJ, Belvisi MG. Nitric oxide and lung disease. Thorax. 1993 Oct;48(10):1034-43. Review."
              },{
                "ReferencePMID":"10213182",
                "ReferenceType":"background",
                "ReferenceCitation":"Akar N, Akar E, Cin S, Deda G, Avcu F, Yalçin A. Endothelial nitric oxide synthase intron 4, 27 bp repeat polymorphism in Turkish patients with deep vein thrombosis and cerebrovascular accidents. Thromb Res. 1999 Apr 1;94(1):63-4."
              }
            ]
          }
        }
      },
      "DerivedSection":{
        "MiscInfoModule":{
          "VersionHolder":"April 19, 2021"
        },
        "ConditionBrowseModule":{
          "ConditionBrowseLeafList":{
            "ConditionBrowseLeaf":[
              {
                "ConditionBrowseLeafId":"M5963",
                "ConditionBrowseLeafName":"Disease Susceptibility",
                "ConditionBrowseLeafRelevance":"low"
              },{
                "ConditionBrowseLeafId":"M10660",
                "ConditionBrowseLeafName":"Muscle Cramp",
                "ConditionBrowseLeafRelevance":"low"
              },{
                "ConditionBrowseLeafId":"M14420",
                "ConditionBrowseLeafName":"Spasm",
                "ConditionBrowseLeafRelevance":"low"
              },{
                "ConditionBrowseLeafId":"M5134",
                "ConditionBrowseLeafName":"Coronary Vasospasm",
                "ConditionBrowseLeafRelevance":"low"
              }
            ]
          },
          "ConditionBrowseBranchList":{
            "ConditionBrowseBranch":[
              {
                "ConditionBrowseBranchAbbrev":"BC23",
                "ConditionBrowseBranchName":"Symptoms and General Pathology"
              },{
                "ConditionBrowseBranchAbbrev":"All",
                "ConditionBrowseBranchName":"All Conditions"
              },{
                "ConditionBrowseBranchAbbrev":"BC05",
                "ConditionBrowseBranchName":"Muscle, Bone, and Cartilage Diseases"
              },{
                "ConditionBrowseBranchAbbrev":"BC10",
                "ConditionBrowseBranchName":"Nervous System Diseases"
              },{
                "ConditionBrowseBranchAbbrev":"BC14",
                "ConditionBrowseBranchName":"Heart and Blood Diseases"
              }
            ]
          }
        },
        "InterventionBrowseModule":{
          "InterventionBrowseLeafList":{
            "InterventionBrowseLeaf":[
              {
                "InterventionBrowseLeafId":"M11090",
                "InterventionBrowseLeafName":"Nitric Oxide",
                "InterventionBrowseLeafRelevance":"low"
              }
            ]
          },
          "InterventionBrowseBranchList":{
            "InterventionBrowseBranch":[
              {
                "InterventionBrowseBranchAbbrev":"VaDiAg",
                "InterventionBrowseBranchName":"Vasodilator Agents"
              },{
                "InterventionBrowseBranchAbbrev":"Resp",
                "InterventionBrowseBranchName":"Respiratory System Agents"
              },{
                "InterventionBrowseBranchAbbrev":"All",
                "InterventionBrowseBranchName":"All Drugs and Chemicals"
              }
            ]
          }
        }
      }
    }
  }
}

