{
  "FullStudy":{
    "Rank":367780,
    "Study":{
      "ProtocolSection":{
        "IdentificationModule":{
          "NCTId":"NCT00026260",
          "OrgStudyIdInfo":{
            "OrgStudyId":"CDR0000069013"
          },
          "SecondaryIdInfoList":{
            "SecondaryIdInfo":[
              {
                "SecondaryId":"GOG-0227B"
              }
            ]
          },
          "Organization":{
            "OrgFullName":"National Cancer Institute (NCI)",
            "OrgClass":"NIH"
          },
          "BriefTitle":"SU5416 in Treating Patients With Persistent or Recurrent Cervical Cancer",
          "OfficialTitle":"A Phase II Evaluation of SU5416 (NSC 696819) in Persistent or Recurrent Squamous Cell Carcinoma of the Cervix"
        },
        "StatusModule":{
          "StatusVerifiedDate":"June 2007",
          "OverallStatus":"Completed",
          "ExpandedAccessInfo":{
            "HasExpandedAccess":"No"
          },
          "CompletionDateStruct":{
            "CompletionDate":"October 2003",
            "CompletionDateType":"Actual"
          },
          "StudyFirstSubmitDate":"November 9, 2001",
          "StudyFirstSubmitQCDate":"October 20, 2003",
          "StudyFirstPostDateStruct":{
            "StudyFirstPostDate":"October 21, 2003",
            "StudyFirstPostDateType":"Estimate"
          },
          "LastUpdateSubmitDate":"June 20, 2013",
          "LastUpdatePostDateStruct":{
            "LastUpdatePostDate":"June 24, 2013",
            "LastUpdatePostDateType":"Estimate"
          }
        },
        "SponsorCollaboratorsModule":{
          "LeadSponsor":{
            "LeadSponsorName":"Gynecologic Oncology Group",
            "LeadSponsorClass":"NETWORK"
          },
          "CollaboratorList":{
            "Collaborator":[
              {
                "CollaboratorName":"National Cancer Institute (NCI)",
                "CollaboratorClass":"NIH"
              }
            ]
          }
        },
        "OversightModule":{},
        "DescriptionModule":{
          "BriefSummary":"RATIONALE: Biological therapy with drugs such as SU5416 may stop the growth of cervical cancer by stopping blood flow to the tumor.\n\nPURPOSE: Phase II trial to study the effectiveness of SU5416 in treating patients who have persistent or recurrent cervical cancer.",
          "DetailedDescription":"OBJECTIVES:\n\nDetermine the antitumor cytostatic activity of SU5416, in terms of 6-month progression-free survival and time to progression, in patients with persistent or recurrent cervical squamous cell carcinoma.\nDetermine the nature and degree of toxicity of this drug in these patients.\nCorrelate surrogate endpoint molecular and imaging markers with clinical outcome in patients treated with this drug.\n\nOUTLINE: This is a multicenter study.\n\nPatients receive SU5416 IV over 1 hour on days 1 and 4. Treatment repeats weekly in the absence of disease progression or unacceptable toxicity.\n\nPatients are followed every 3 months for 2 years, every 6 months for 3 years, and then annually thereafter.\n\nPROJECTED ACCRUAL: Approximately 19-51 patients will be accrued for this study within 8-23 months."
        },
        "ConditionsModule":{
          "ConditionList":{
            "Condition":[
              "Cervical Cancer"
            ]
          },
          "KeywordList":{
            "Keyword":[
              "recurrent cervical cancer",
              "cervical squamous cell carcinoma"
            ]
          }
        },
        "DesignModule":{
          "StudyType":"Interventional",
          "PhaseList":{
            "Phase":[
              "Phase 2"
            ]
          },
          "DesignInfo":{
            "DesignPrimaryPurpose":"Treatment"
          }
        },
        "ArmsInterventionsModule":{
          "InterventionList":{
            "Intervention":[
              {
                "InterventionType":"Drug",
                "InterventionName":"semaxanib"
              }
            ]
          }
        },
        "EligibilityModule":{
          "EligibilityCriteria":"DISEASE CHARACTERISTICS:\n\nHistologically confirmed cervical squamous cell carcinoma\n\nPersistent or recurrent disease with documented progression\nNo nonsquamous cell cervical malignancies, including adenosquamous carcinoma\n\nAt least 1 measurable lesion\n\nAt least 20 mm by conventional techniques, including palpation, plain x-ray, CT scan, or MRI OR\nAt least 10 mm by spiral CT scan\nFailed prior local therapeutic measures\nIneligible for higher priority GOG protocol (e.g., any active GOG phase III protocol for the same patient population)\nTumor must be accessible for biopsy using direct- or guided-needle technique\n\nPATIENT CHARACTERISTICS:\n\nAge:\n\nNot specified\n\nPerformance status:\n\nGOG 0-2\n\nLife expectancy:\n\nNot specified\n\nHematopoietic:\n\nPlatelet count at least lower limit of normal\nAbsolute neutrophil count at least 1,500/mm^3\n\nHepatic:\n\nBilirubin no greater than 1.5 times upper limit of normal (ULN)\nSGOT no greater than 2.5 times ULN\nAlkaline phosphatase no greater than 2.5 times ULN\n\nRenal:\n\nCreatinine no greater than 1.5 times ULN OR\nCreatinine clearance greater than 60 mL/min\n\nCardiovascular:\n\nNo uncompensated coronary artery disease on electrocardiogram or physical examination\nNo myocardial infarction within the past 6 months\nNo severe/unstable angina within the past 6 months\nNo severe peripheral vascular disease\nNo deep vein or arterial thrombosis within the past 3 months\n\nPulmonary:\n\nNo pulmonary embolism within the past 3 months\n\nOther:\n\nNot pregnant or nursing\nFertile patients must use effective contraception\nMust have central venous access\nNo uncontrolled diabetes mellitus\nNo prior allergic reaction to paclitaxel\nNo active infection requiring antibiotics\nNo peripheral neuropathy greater than grade 1\nNo contraindications to low-dose (1 mg/day) warfarin or low-molecular weight heparin prophylaxis\nNo claustrophobia that would preclude MRI studies\nNo ferromagnetic implants or pacers\nNo other invasive malignancy within the past 5 years except non-melanoma skin cancer\nNo other concurrent circumstances that would preclude study completion\n\nPRIOR CONCURRENT THERAPY:\n\nSee Disease Characteristics\n\nBiologic therapy:\n\nNo prior antiangiogenesis agents, including SU5416\nAt least 3 weeks since prior biologic or immunologic agents directed at malignancy\n\nChemotherapy:\n\nNo more than 1 prior chemotherapy regimen, including single or combination cytotoxic drug therapy (radiosensitizers do not count as prior regimen)\nAt least 3 weeks since prior chemotherapy directed at malignancy and recovered\n\nEndocrine therapy:\n\nAt least 1 week since prior hormonal therapy directed at malignancy\nConcurrent hormone replacement therapy allowed\n\nRadiotherapy:\n\nAt least 3 weeks since prior radiotherapy directed at malignancy and recovered\n\nSurgery:\n\nSee Disease Characteristics\nAt least 3 weeks since prior surgery for malignancy and recovered\n\nOther:\n\nNo prior cancer therapy that would preclude study",
          "HealthyVolunteers":"No",
          "Gender":"Female",
          "StdAgeList":{
            "StdAge":[
              "Child",
              "Adult",
              "Older Adult"
            ]
          }
        },
        "ContactsLocationsModule":{
          "OverallOfficialList":{
            "OverallOfficial":[
              {
                "OverallOfficialName":"Robert A. Burger, MD",
                "OverallOfficialAffiliation":"Chao Family Comprehensive Cancer Center",
                "OverallOfficialRole":"Study Chair"
              }
            ]
          }
        }
      },
      "DerivedSection":{
        "MiscInfoModule":{
          "VersionHolder":"April 19, 2021"
        },
        "ConditionBrowseModule":{
          "ConditionMeshList":{
            "ConditionMesh":[
              {
                "ConditionMeshId":"D000002583",
                "ConditionMeshTerm":"Uterine Cervical Neoplasms"
              }
            ]
          },
          "ConditionAncestorList":{
            "ConditionAncestor":[
              {
                "ConditionAncestorId":"D000014594",
                "ConditionAncestorTerm":"Uterine Neoplasms"
              },{
                "ConditionAncestorId":"D000005833",
                "ConditionAncestorTerm":"Genital Neoplasms, Female"
              },{
                "ConditionAncestorId":"D000014565",
                "ConditionAncestorTerm":"Urogenital Neoplasms"
              },{
                "ConditionAncestorId":"D000009371",
                "ConditionAncestorTerm":"Neoplasms by Site"
              },{
                "ConditionAncestorId":"D000009369",
                "ConditionAncestorTerm":"Neoplasms"
              },{
                "ConditionAncestorId":"D000002577",
                "ConditionAncestorTerm":"Uterine Cervical Diseases"
              },{
                "ConditionAncestorId":"D000014591",
                "ConditionAncestorTerm":"Uterine Diseases"
              }
            ]
          },
          "ConditionBrowseLeafList":{
            "ConditionBrowseLeaf":[
              {
                "ConditionBrowseLeafId":"M4116",
                "ConditionBrowseLeafName":"Carcinoma",
                "ConditionBrowseLeafRelevance":"low"
              },{
                "ConditionBrowseLeafId":"M4132",
                "ConditionBrowseLeafName":"Carcinoma, Squamous Cell",
                "ConditionBrowseLeafRelevance":"low"
              },{
                "ConditionBrowseLeafId":"M4413",
                "ConditionBrowseLeafName":"Uterine Cervical Neoplasms",
                "ConditionBrowseLeafAsFound":"Cervical Cancer",
                "ConditionBrowseLeafRelevance":"high"
              },{
                "ConditionBrowseLeafId":"M15925",
                "ConditionBrowseLeafName":"Uterine Neoplasms",
                "ConditionBrowseLeafRelevance":"low"
              },{
                "ConditionBrowseLeafId":"M7528",
                "ConditionBrowseLeafName":"Genital Neoplasms, Female",
                "ConditionBrowseLeafRelevance":"low"
              },{
                "ConditionBrowseLeafId":"M15898",
                "ConditionBrowseLeafName":"Urogenital Neoplasms",
                "ConditionBrowseLeafRelevance":"low"
              },{
                "ConditionBrowseLeafId":"M4408",
                "ConditionBrowseLeafName":"Uterine Cervical Diseases",
                "ConditionBrowseLeafRelevance":"low"
              },{
                "ConditionBrowseLeafId":"M15922",
                "ConditionBrowseLeafName":"Uterine Diseases",
                "ConditionBrowseLeafRelevance":"low"
              }
            ]
          },
          "ConditionBrowseBranchList":{
            "ConditionBrowseBranch":[
              {
                "ConditionBrowseBranchAbbrev":"BC04",
                "ConditionBrowseBranchName":"Cancers and Other Neoplasms"
              },{
                "ConditionBrowseBranchAbbrev":"All",
                "ConditionBrowseBranchName":"All Conditions"
              },{
                "ConditionBrowseBranchAbbrev":"BXS",
                "ConditionBrowseBranchName":"Urinary Tract, Sexual Organs, and Pregnancy Conditions"
              }
            ]
          }
        },
        "InterventionBrowseModule":{
          "InterventionMeshList":{
            "InterventionMesh":[
              {
                "InterventionMeshId":"C000116890",
                "InterventionMeshTerm":"Semaxinib"
              }
            ]
          },
          "InterventionAncestorList":{
            "InterventionAncestor":[
              {
                "InterventionAncestorId":"D000020533",
                "InterventionAncestorTerm":"Angiogenesis Inhibitors"
              },{
                "InterventionAncestorId":"D000043924",
                "InterventionAncestorTerm":"Angiogenesis Modulating Agents"
              },{
                "InterventionAncestorId":"D000006133",
                "InterventionAncestorTerm":"Growth Substances"
              },{
                "InterventionAncestorId":"D000045505",
                "InterventionAncestorTerm":"Physiological Effects of Drugs"
              },{
                "InterventionAncestorId":"D000006131",
                "InterventionAncestorTerm":"Growth Inhibitors"
              },{
                "InterventionAncestorId":"D000000970",
                "InterventionAncestorTerm":"Antineoplastic Agents"
              },{
                "InterventionAncestorId":"D000047428",
                "InterventionAncestorTerm":"Protein Kinase Inhibitors"
              },{
                "InterventionAncestorId":"D000004791",
                "InterventionAncestorTerm":"Enzyme Inhibitors"
              },{
                "InterventionAncestorId":"D000045504",
                "InterventionAncestorTerm":"Molecular Mechanisms of Pharmacological Action"
              }
            ]
          },
          "InterventionBrowseLeafList":{
            "InterventionBrowseLeaf":[
              {
                "InterventionBrowseLeafId":"M246767",
                "InterventionBrowseLeafName":"Semaxinib",
                "InterventionBrowseLeafAsFound":"72h",
                "InterventionBrowseLeafRelevance":"high"
              },{
                "InterventionBrowseLeafId":"M20902",
                "InterventionBrowseLeafName":"Angiogenesis Inhibitors",
                "InterventionBrowseLeafRelevance":"low"
              },{
                "InterventionBrowseLeafId":"M24407",
                "InterventionBrowseLeafName":"Protein Kinase Inhibitors",
                "InterventionBrowseLeafRelevance":"low"
              }
            ]
          },
          "InterventionBrowseBranchList":{
            "InterventionBrowseBranch":[
              {
                "InterventionBrowseBranchAbbrev":"ANeo",
                "InterventionBrowseBranchName":"Antineoplastic Agents"
              },{
                "InterventionBrowseBranchAbbrev":"All",
                "InterventionBrowseBranchName":"All Drugs and Chemicals"
              }
            ]
          }
        }
      }
    }
  }
}

