{
  "FullStudy":{
    "Rank":367642,
    "Study":{
      "ProtocolSection":{
        "IdentificationModule":{
          "NCTId":"NCT00028236",
          "OrgStudyIdInfo":{
            "OrgStudyId":"020057"
          },
          "SecondaryIdInfoList":{
            "SecondaryIdInfo":[
              {
                "SecondaryId":"02-I-0057"
              }
            ]
          },
          "Organization":{
            "OrgFullName":"National Institutes of Health Clinical Center (CC)",
            "OrgClass":"NIH"
          },
          "BriefTitle":"Stem Cell Gene Therapy to Treat X-Linked Severe Combined Immunodeficiency (XSCID)",
          "OfficialTitle":"Ex Vivo Retroviral Gene Transfer For Treatment of X-Linked Severe Combined Immunodeficiency (XSCID)"
        },
        "StatusModule":{
          "StatusVerifiedDate":"July 25, 2011",
          "OverallStatus":"Completed",
          "ExpandedAccessInfo":{
            "HasExpandedAccess":"No"
          },
          "StartDateStruct":{
            "StartDate":"December 10, 2001"
          },
          "PrimaryCompletionDateStruct":{
            "PrimaryCompletionDate":"July 25, 2011",
            "PrimaryCompletionDateType":"Actual"
          },
          "CompletionDateStruct":{
            "CompletionDate":"July 25, 2011",
            "CompletionDateType":"Actual"
          },
          "StudyFirstSubmitDate":"December 17, 2001",
          "StudyFirstSubmitQCDate":"December 17, 2001",
          "StudyFirstPostDateStruct":{
            "StudyFirstPostDate":"December 18, 2001",
            "StudyFirstPostDateType":"Estimate"
          },
          "LastUpdateSubmitDate":"June 30, 2017",
          "LastUpdatePostDateStruct":{
            "LastUpdatePostDate":"July 2, 2017",
            "LastUpdatePostDateType":"Actual"
          }
        },
        "SponsorCollaboratorsModule":{
          "ResponsibleParty":{
            "ResponsiblePartyOldNameTitle":"Harry L. Malech, M.D./National Institute of Allergy and Infectious Diseases",
            "ResponsiblePartyOldOrganization":"National Institutes of Health"
          },
          "LeadSponsor":{
            "LeadSponsorName":"National Institute of Allergy and Infectious Diseases (NIAID)",
            "LeadSponsorClass":"NIH"
          }
        },
        "OversightModule":{},
        "DescriptionModule":{
          "BriefSummary":"This is a clinical trial of gene therapy for X-linked severe combined immunodeficiency (XSCID), a genetic disease caused by defects in a protein called the common gamma chain, which is normally on the surface of immune cells called lymphocytes. XSCID patients cannot make T lymphocytes, and their B lymphocytes fail to make essential antibodies for fighting infections. Without T and B lymphocytes patients develop fatal infections in infancy unless they are rescued by a bone marrow transplant from a healthy donor. However, even transplanted patients may achieve only partial immune recovery and still suffer from many infections, auto-immunity and/or and poor growth. A recent, successful trial in France used gene therapy instead of bone marrow transplantation for infants with XSCID. This experience indicates that gene therapy can provide clinical benefit to XSCID patients. We will enroll eight older XSCID patients (1.5-20 years-old), who have previously received at least one bone marrow transplant, but still have poor T and B lymphocyte function that compromises their quality of life. Before enrollment, these subjects will have had some of their own blood-forming stem cells harvested and frozen in a blood bank. These cells have a defective gene, but a correct copy of the gene will be inserted while the cells are grown in sterile conditions outside the patient's body. To do this, the cells will be unfrozen and exposed for four days in a row to growth factors and particles of a retrovirus we have constructed and tested called \"GALV MFGS-gc.\" Retrovirus particles will attach to the patient cells and introduce a correct copy of the common gamma chain gene into cells capable of growing into all types of blood cells, including T and B lymphocytes. XSCID patients who are enrolled in the study will receive a single dose of their own cells that have been modified by the GALV MFGS-gc treatment and also will be given another drug called palifermin to help prevent side effects from the chemotherapy and possibly try to improve the development of the T cells. After this, the patients will be monitored to find out if the treatment is safe and to see if their immune function improves. Study endpoints are (1) efficient and safe clinical-scale transduction of HSC from post-BMT XSCID subjects; (2) administration of a nonmyeloablative conditioning regimen in older patients to improve engraftment; (3) administration of a transduced HSC to eight subjects; (4) administration of KGF to improve thymic function post transplant to improve T cell development; and (5) appropriate follow-up of the treated subjects to monitor vector sequence distribution, gc expression in hematopoietic lineages, and lymphoctye numbers and function as well as general health and immune status.",
          "DetailedDescription":"This is a Phase I/II clinical trial of ex vivo hematopoietic stem cell (HSC) gene therapy for X-linked severe combined immunodeficiency (XSCID). XSCID results from defects in the IL2RG gene encoding the common gamma chain (gc) shared by receptors for Interleukin 2 (IL-2), IL-4, IL-7, IL-9, IL-15 and IL-21. XSCID patients generally lack T-lymphocytes and NK cells, and their B-lymphocytes fail to make essential antibodies. XSCID is fatal in infancy without immune reconstitution, such as by allogeneic bone marrow transplantation (BMT). However, many transplanted patients achieve only partial immune reconstitution, and consequently have recurrent infections, autoimmunity and/or poor growth. Recent successful retroviral gene therapy instead of BMT for infants with XSCID indicates that ex vivo gene therapy can provide clinical benefit to XSCID patients.\n\nWe will enroll eight older XSCID patients (1.5-20 years-old; greater than or equal to 12 kg body weight), who have had attempted BMT, but who have persistent T-lymphocyte and B-lymphocyte impairments that compromise their quality of life. Prior to enrollment, these subjects will have had autologous CD34+ HSC mobilized by treatment with granulocyte colony stimulating factor (G-CSF), collected from peripheral blood by apheresis, immune selected and cryopreserved in sufficient numbers to achieve entry criteria (greater than or equal to 1.0 x 10(6) CD34+ HSC/kg body weight). HSC procurement will be conducted under a separate, approved and active NIH protocol, 94-I-0073, 'Recruitment of peripheral blood hematopoietic progenitors by granulocyte colony stimulating factor [G-CSF]'.\n\nAutologous CD34+ HSC will be transduced ex vivo with the gibbon ape leukemia virus (GALV) envelope-pseudotyped, replication-defective, murine onco-retrovirus vector, MFGS-gc that encodes the common gamma chain. Transductions will occur in flexible gas-permeable plastic containers using serum-free medium supplemented with 1% human serum albumin and five recombinant growth factors (50 ng/mL Flt3-L, 50 ng/mL SCF, 50 ng/mL TPO, 25 ng/mL IL-6, and 5 ng/mL IL-3). Subjects who are older than the age of 3 will be given a conditioning regimen consisting of Fludarabine and Busulfan then they will receive a single infusion of transduced HSC. Prior to the chemotherapy, and following the infusion of the cells, the same patients will also be given Keratinocyte growth factor (KGF), also known as palifermin. Subjects will be monitored for safety and efficacy; the latter evidenced by new development of autologous transduced lymphocytes with functional gc. Study endpoints are (1) efficient and safe clinical-scale transduction of HSC from post-BMT XSCID subjects; (2) administration of a nonmyeloablative conditioning regimen to improve engraftment; (3) administration of transduced HSC to eight subjects; (4) administration of KGF to improve thymic function post transplant to improve T cell development; and (5) appropriate follow up of treated subjects to monitor vector sequence distribution, gc expression in hematopoietic lineages, and lymphocyte numbers and function; as well as general health and immune status."
        },
        "ConditionsModule":{
          "ConditionList":{
            "Condition":[
              "Severe Combined Immunodeficiency"
            ]
          },
          "KeywordList":{
            "Keyword":[
              "Peripheral Blood Stem Cells",
              "Common Gamma Chain (GC)",
              "Immune Reconstitution",
              "T Lymphocytes",
              "B Lymphocytes",
              "X-Linked Severe Combined Immune Deficiency (XSCID)",
              "Gene Therapy",
              "NK Cell",
              "Bone Marrow Transplantation",
              "Engraftment",
              "XSCID",
              "Immune Deficiency",
              "Immune System"
            ]
          }
        },
        "DesignModule":{
          "StudyType":"Interventional",
          "PhaseList":{
            "Phase":[
              "Phase 1"
            ]
          },
          "DesignInfo":{
            "DesignPrimaryPurpose":"Treatment"
          },
          "EnrollmentInfo":{
            "EnrollmentCount":"3",
            "EnrollmentType":"Actual"
          }
        },
        "ArmsInterventionsModule":{
          "InterventionList":{
            "Intervention":[
              {
                "InterventionType":"Drug",
                "InterventionName":"Gene-Transduced Autologous CD34+ Stem Cells"
              }
            ]
          }
        },
        "EligibilityModule":{
          "EligibilityCriteria":"INCLUSION CRITERIA:\n\nPatients must have XSCID as defined by either a deleterious mutation in IL2RG, the absence of or less than 5% of normal detectable gc protein, or evidence of functionally defective gc protein.\n\nPatients must be between 1.5 and 20 years of age.\n\nPatients must weigh at least 12 kg.\n\nPatients will have evidence of combined B-cell and T-cell immune deficiency over at least a 6 month period despite previous allogeneic BMT at least 12 months prior to study entry. T-cell immune deficiency is defined as one or more of the following: Total T-cell count less than 500/ul; less than 50% of normal value for in vitro mitogen stimulation; or absent proliferation in vitro to antigens. B-cell immune deficiency is defined as one or more of the following: IgM, IgA or IgE values which are 2 or more standard deviations below the established value for normal, IgG values falling to less than 30% of normal during unintended interruptions or delay in the periodic administration of IVIG; or documented failure to respond to a specific antigen challenge.\n\nPatients must have less than or equal to 3% of their mobilized CD34+ cells deriving from their allogeneic bone marrow donor.\n\nWillingness to remain hospitalized for several days to several weeks.\n\nHave a primary care physician at home.\n\nConsent to permit blood and/or tissue samples for storage.\n\nEXCLUSION CRITERIA:\n\nAny current or preexisting hematologic malignancy.\n\nCurrent treatment with any chemotherapeutic agent.\n\nCurrent treatment with any immunosuppressive agent, excluding corticosteroids.\n\nDocumented HIV-1 infection.\n\nDocumented Hepatitis B infection.\n\nChildhood malignancy (occurring before 18 years of age) in the patient or a first degree relative, or known genotype of the subject conferring a predisposition to cancer.",
          "HealthyVolunteers":"No",
          "Gender":"All",
          "MinimumAge":"18 Months",
          "MaximumAge":"20 Years",
          "StdAgeList":{
            "StdAge":[
              "Child",
              "Adult"
            ]
          }
        },
        "ContactsLocationsModule":{
          "LocationList":{
            "Location":[
              {
                "LocationFacility":"National Institutes of Health Clinical Center, 9000 Rockville Pike",
                "LocationCity":"Bethesda",
                "LocationState":"Maryland",
                "LocationZip":"20892",
                "LocationCountry":"United States"
              }
            ]
          }
        },
        "ReferencesModule":{
          "ReferenceList":{
            "Reference":[
              {
                "ReferencePMID":"10784449",
                "ReferenceType":"background",
                "ReferenceCitation":"Cavazzana-Calvo M, Hacein-Bey S, de Saint Basile G, Gross F, Yvon E, Nusbaum P, Selz F, Hue C, Certain S, Casanova JL, Bousso P, Deist FL, Fischer A. Gene therapy of human severe combined immunodeficiency (SCID)-X1 disease. Science. 2000 Apr 28;288(5466):669-72."
              },{
                "ReferencePMID":"8462096",
                "ReferenceType":"background",
                "ReferenceCitation":"Noguchi M, Yi H, Rosenblatt HM, Filipovich AH, Adelstein S, Modi WS, McBride OW, Leonard WJ. Interleukin-2 receptor gamma chain mutation results in X-linked severe combined immunodeficiency in humans. Cell. 1993 Apr 9;73(1):147-57."
              },{
                "ReferencePMID":"8401490",
                "ReferenceType":"background",
                "ReferenceCitation":"Puck JM, Deschênes SM, Porter JC, Dutra AS, Brown CJ, Willard HF, Henthorn PS. The interleukin-2 receptor gamma chain maps to Xq13.1 and is mutated in X-linked severe combined immunodeficiency, SCIDX1. Hum Mol Genet. 1993 Aug;2(8):1099-104."
              }
            ]
          }
        }
      },
      "DerivedSection":{
        "MiscInfoModule":{
          "VersionHolder":"April 19, 2021"
        },
        "ConditionBrowseModule":{
          "ConditionMeshList":{
            "ConditionMesh":[
              {
                "ConditionMeshId":"D000016511",
                "ConditionMeshTerm":"Severe Combined Immunodeficiency"
              },{
                "ConditionMeshId":"D000053632",
                "ConditionMeshTerm":"X-Linked Combined Immunodeficiency Diseases"
              },{
                "ConditionMeshId":"D000007153",
                "ConditionMeshTerm":"Immunologic Deficiency Syndromes"
              }
            ]
          },
          "ConditionAncestorList":{
            "ConditionAncestor":[
              {
                "ConditionAncestorId":"D000007154",
                "ConditionAncestorTerm":"Immune System Diseases"
              },{
                "ConditionAncestorId":"D000007232",
                "ConditionAncestorTerm":"Infant, Newborn, Diseases"
              },{
                "ConditionAncestorId":"D000049914",
                "ConditionAncestorTerm":"DNA Repair-Deficiency Disorders"
              },{
                "ConditionAncestorId":"D000008659",
                "ConditionAncestorTerm":"Metabolic Diseases"
              },{
                "ConditionAncestorId":"D000040181",
                "ConditionAncestorTerm":"Genetic Diseases, X-Linked"
              },{
                "ConditionAncestorId":"D000030342",
                "ConditionAncestorTerm":"Genetic Diseases, Inborn"
              }
            ]
          },
          "ConditionBrowseLeafList":{
            "ConditionBrowseLeaf":[
              {
                "ConditionBrowseLeafId":"M8782",
                "ConditionBrowseLeafName":"Immunologic Deficiency Syndromes",
                "ConditionBrowseLeafAsFound":"Immunodeficiency",
                "ConditionBrowseLeafRelevance":"high"
              },{
                "ConditionBrowseLeafId":"M17491",
                "ConditionBrowseLeafName":"Severe Combined Immunodeficiency",
                "ConditionBrowseLeafAsFound":"Severe Combined Immunodeficiency",
                "ConditionBrowseLeafRelevance":"high"
              },{
                "ConditionBrowseLeafId":"M25971",
                "ConditionBrowseLeafName":"X-Linked Combined Immunodeficiency Diseases",
                "ConditionBrowseLeafAsFound":"X-Linked Severe Combined Immunodeficiency",
                "ConditionBrowseLeafRelevance":"high"
              },{
                "ConditionBrowseLeafId":"M14938",
                "ConditionBrowseLeafName":"Syndrome",
                "ConditionBrowseLeafRelevance":"low"
              },{
                "ConditionBrowseLeafId":"M8783",
                "ConditionBrowseLeafName":"Immune System Diseases",
                "ConditionBrowseLeafRelevance":"low"
              },{
                "ConditionBrowseLeafId":"M8859",
                "ConditionBrowseLeafName":"Infant, Newborn, Diseases",
                "ConditionBrowseLeafRelevance":"low"
              },{
                "ConditionBrowseLeafId":"M24718",
                "ConditionBrowseLeafName":"DNA Repair-Deficiency Disorders",
                "ConditionBrowseLeafRelevance":"low"
              },{
                "ConditionBrowseLeafId":"M10222",
                "ConditionBrowseLeafName":"Metabolic Diseases",
                "ConditionBrowseLeafRelevance":"low"
              },{
                "ConditionBrowseLeafId":"M23464",
                "ConditionBrowseLeafName":"Genetic Diseases, X-Linked",
                "ConditionBrowseLeafRelevance":"low"
              },{
                "ConditionBrowseLeafId":"M22270",
                "ConditionBrowseLeafName":"Genetic Diseases, Inborn",
                "ConditionBrowseLeafRelevance":"low"
              },{
                "ConditionBrowseLeafId":"T5187",
                "ConditionBrowseLeafName":"Severe Combined Immunodeficiency",
                "ConditionBrowseLeafAsFound":"Severe Combined Immunodeficiency",
                "ConditionBrowseLeafRelevance":"high"
              },{
                "ConditionBrowseLeafId":"T5996",
                "ConditionBrowseLeafName":"X-linked Severe Combined Immunodeficiency",
                "ConditionBrowseLeafAsFound":"X-Linked Severe Combined Immunodeficiency",
                "ConditionBrowseLeafRelevance":"high"
              }
            ]
          },
          "ConditionBrowseBranchList":{
            "ConditionBrowseBranch":[
              {
                "ConditionBrowseBranchAbbrev":"BC20",
                "ConditionBrowseBranchName":"Immune System Diseases"
              },{
                "ConditionBrowseBranchAbbrev":"All",
                "ConditionBrowseBranchName":"All Conditions"
              },{
                "ConditionBrowseBranchAbbrev":"BC16",
                "ConditionBrowseBranchName":"Diseases and Abnormalities at or Before Birth"
              },{
                "ConditionBrowseBranchAbbrev":"BC18",
                "ConditionBrowseBranchName":"Nutritional and Metabolic Diseases"
              },{
                "ConditionBrowseBranchAbbrev":"BC23",
                "ConditionBrowseBranchName":"Symptoms and General Pathology"
              },{
                "ConditionBrowseBranchAbbrev":"Rare",
                "ConditionBrowseBranchName":"Rare Diseases"
              }
            ]
          }
        }
      }
    }
  }
}

