{
  "FullStudy":{
    "Rank":368038,
    "Study":{
      "ProtocolSection":{
        "IdentificationModule":{
          "NCTId":"NCT00022594",
          "OrgStudyIdInfo":{
            "OrgStudyId":"EORTC-16008"
          },
          "SecondaryIdInfoList":{
            "SecondaryIdInfo":[
              {
                "SecondaryId":"EORTC-16008"
              },{
                "SecondaryId":"GILEAD-110-10"
              },{
                "SecondaryId":"OSI-EORTC-16008"
              }
            ]
          },
          "Organization":{
            "OrgFullName":"European Organisation for Research and Treatment of Cancer - EORTC",
            "OrgClass":"NETWORK"
          },
          "BriefTitle":"Liposomal Lurtotecan in Treating Patients With Metastatic or Locally Recurrent Head and Neck Cancer",
          "OfficialTitle":"Phase II Study Of NX 211 (Liposomal Lurtotecan) Given As An IV Bolus Injection On Days 1 and 8 Every 3 Weeks In Patients With Metastatic Or Loco-Regional Recurrent Squamous Cell Carcinoma Of The Head and Neck With Target Lesions Within Previously Irradiated Fields Or Outside Previously Irradiated Fields"
        },
        "StatusModule":{
          "StatusVerifiedDate":"July 2012",
          "OverallStatus":"Completed",
          "ExpandedAccessInfo":{
            "HasExpandedAccess":"No"
          },
          "StartDateStruct":{
            "StartDate":"May 2001"
          },
          "PrimaryCompletionDateStruct":{
            "PrimaryCompletionDate":"August 2002",
            "PrimaryCompletionDateType":"Actual"
          },
          "StudyFirstSubmitDate":"August 10, 2001",
          "StudyFirstSubmitQCDate":"June 16, 2003",
          "StudyFirstPostDateStruct":{
            "StudyFirstPostDate":"June 17, 2003",
            "StudyFirstPostDateType":"Estimate"
          },
          "LastUpdateSubmitDate":"July 23, 2012",
          "LastUpdatePostDateStruct":{
            "LastUpdatePostDate":"July 24, 2012",
            "LastUpdatePostDateType":"Estimate"
          }
        },
        "SponsorCollaboratorsModule":{
          "ResponsibleParty":{
            "ResponsiblePartyType":"Sponsor"
          },
          "LeadSponsor":{
            "LeadSponsorName":"European Organisation for Research and Treatment of Cancer - EORTC",
            "LeadSponsorClass":"NETWORK"
          }
        },
        "OversightModule":{},
        "DescriptionModule":{
          "BriefSummary":"RATIONALE: Drugs used in chemotherapy use different ways to stop tumor cells from dividing so they stop growing or die.\n\nPURPOSE: Phase II trial to study the effectiveness of liposomal lurtotecan in treating patients who have metastatic or locally recurrent head and neck cancer.",
          "DetailedDescription":"OBJECTIVES:\n\nDetermine the therapeutic activity of lurtotecan liposome in patients with metastatic or loco-regionally recurrent squamous cell carcinoma of the head and neck.\nDetermine the objective response, duration of response, and time to progression in patients treated with this drug.\nDetermine the toxicity profile of this drug in these patients.\nDetermine the possible pharmacokinetic/pharmacodynamic relationship of this drug in these patients.\n\nOUTLINE: This is a multicenter study. Patients are stratified according to presence of a target lesion in a previously irradiated field (within vs outside).\n\nPatients receive lurtotecan liposome IV over 30 minutes on days 1 and 8. Treatment repeats every 21 days in the absence of disease progression or unacceptable toxicity.\n\nPatients are followed every 6 weeks.\n\nPROJECTED ACCRUAL: A total of 38-72 patients (19-36 per stratum) will be accrued for this study."
        },
        "ConditionsModule":{
          "ConditionList":{
            "Condition":[
              "Head and Neck Cancer"
            ]
          },
          "KeywordList":{
            "Keyword":[
              "recurrent metastatic squamous neck cancer with occult primary",
              "metastatic squamous neck cancer with occult primary squamous cell carcinoma",
              "stage III squamous cell carcinoma of the lip and oral cavity",
              "stage IV squamous cell carcinoma of the lip and oral cavity",
              "recurrent squamous cell carcinoma of the lip and oral cavity",
              "stage III squamous cell carcinoma of the oropharynx",
              "stage IV squamous cell carcinoma of the oropharynx",
              "recurrent squamous cell carcinoma of the oropharynx",
              "stage III squamous cell carcinoma of the hypopharynx",
              "stage IV squamous cell carcinoma of the hypopharynx",
              "recurrent squamous cell carcinoma of the hypopharynx",
              "stage III squamous cell carcinoma of the larynx",
              "stage IV squamous cell carcinoma of the larynx",
              "recurrent squamous cell carcinoma of the larynx"
            ]
          }
        },
        "DesignModule":{
          "StudyType":"Interventional",
          "PhaseList":{
            "Phase":[
              "Phase 2"
            ]
          },
          "DesignInfo":{
            "DesignPrimaryPurpose":"Treatment"
          },
          "EnrollmentInfo":{
            "EnrollmentCount":"50",
            "EnrollmentType":"Actual"
          }
        },
        "ArmsInterventionsModule":{
          "InterventionList":{
            "Intervention":[
              {
                "InterventionType":"Drug",
                "InterventionName":"liposomal lurtotecan"
              }
            ]
          }
        },
        "EligibilityModule":{
          "EligibilityCriteria":"DISEASE CHARACTERISTICS:\n\nHistologically confirmed squamous cell carcinoma of the head and neck\n\nMetastatic or loco-regionally recurrent disease\nNo undifferentiated or non-keratinizing carcinomas including lymphoepitheliomas\nNo tumors of the nasal or paranasal cavities or of the nasopharynx\nMeasurable disease\nNo clinical symptomatic evidence of brain or leptomeningeal metastases\nIneligible for loco-regional treatment after chemotherapy\n\nPATIENT CHARACTERISTICS:\n\nAge:\n\n18 and over\n\nPerformance status:\n\nECOG 0-2\n\nLife expectancy:\n\nNot specified\n\nHematopoietic:\n\nNeutrophil count at least 1,500/mm^3\nPlatelet count at least 100,000/mm^3\n\nHepatic:\n\nBilirubin less than 1.5 times upper limit of normal (ULN)\nTransaminases no greater than 2.5 times ULN (5 times ULN if liver metastases present)\n\nRenal:\n\nCreatinine no greater than 1.5 times ULN\nNo uncontrolled hypercalcemia\n\nOther:\n\nNot pregnant or nursing\nNegative pregnancy test\nFertile patients must use effective contraception during and for 30 days after study\nNo known hypersensitivity to systemic liposomal formulations or compounds chemically related to study drug\nNo uncontrolled systemic disease or infection\nNo psychological, familial, sociological, or geographical condition that would preclude study\nNo other prior or concurrent malignancy except adequately treated cone-biopsied carcinoma in situ of the cervix or basal cell or squamous cell skin cancer\n\nPRIOR CONCURRENT THERAPY:\n\nBiologic therapy:\n\nNo concurrent anticancer biological therapy or immune response modifiers\nNo concurrent prophylactic hematopoietic growth factors\n\nChemotherapy:\n\nSee Disease Characteristics\nNo prior chemotherapy for recurrent disease\nNo prior therapy with camptothecin analogues\nAt least 8 weeks since prior neoadjuvant or adjuvant chemotherapy\nNo other concurrent anticancer cytotoxic therapy\n\nEndocrine therapy:\n\nNot specified\n\nRadiotherapy:\n\nAt least 8 weeks since prior radiotherapy and recovered\n\nSurgery:\n\nNot specified\n\nOther:\n\nAt least 30 days since prior experimental drug",
          "HealthyVolunteers":"No",
          "Gender":"All",
          "MinimumAge":"18 Years",
          "StdAgeList":{
            "StdAge":[
              "Adult",
              "Older Adult"
            ]
          }
        },
        "ContactsLocationsModule":{
          "OverallOfficialList":{
            "OverallOfficial":[
              {
                "OverallOfficialName":"Florence Duffaud, MD",
                "OverallOfficialAffiliation":"CHU de la Timone",
                "OverallOfficialRole":"Study Chair"
              }
            ]
          },
          "LocationList":{
            "Location":[
              {
                "LocationFacility":"Kaiser Franz Josef Hospital",
                "LocationCity":"Vienna (Wien)",
                "LocationZip":"A-1100",
                "LocationCountry":"Austria"
              },{
                "LocationFacility":"Universitair Ziekenhuis Antwerpen",
                "LocationCity":"Edegem",
                "LocationZip":"B-2650",
                "LocationCountry":"Belgium"
              },{
                "LocationFacility":"Centre Jean Perrin",
                "LocationCity":"Clermont-Ferrand",
                "LocationZip":"63011",
                "LocationCountry":"France"
              },{
                "LocationFacility":"Centre de Lutte Contre le Cancer, Georges-Francois Leclerc",
                "LocationCity":"Dijon",
                "LocationZip":"21079",
                "LocationCountry":"France"
              },{
                "LocationFacility":"Centre Oscar Lambret",
                "LocationCity":"Lille",
                "LocationZip":"59020",
                "LocationCountry":"France"
              },{
                "LocationFacility":"CHU de la Timone",
                "LocationCity":"Marseille",
                "LocationZip":"13385",
                "LocationCountry":"France"
              },{
                "LocationFacility":"CRLCC Nantes - Atlantique",
                "LocationCity":"Nantes-Saint Herblain",
                "LocationZip":"44805",
                "LocationCountry":"France"
              },{
                "LocationFacility":"CHU Pitie-Salpetriere",
                "LocationCity":"Paris",
                "LocationZip":"75651",
                "LocationCountry":"France"
              },{
                "LocationFacility":"Centre Henri Becquerel",
                "LocationCity":"Rouen",
                "LocationZip":"76038",
                "LocationCountry":"France"
              },{
                "LocationFacility":"Universitats-Krankenhaus Eppendorf",
                "LocationCity":"Hamburg",
                "LocationZip":"D-20246",
                "LocationCountry":"Germany"
              },{
                "LocationFacility":"Medizinische Hochschule Hannover",
                "LocationCity":"Hannover",
                "LocationZip":"D-30625",
                "LocationCountry":"Germany"
              },{
                "LocationFacility":"Istituto Nazionale per lo Studio e la Cura dei Tumori",
                "LocationCity":"Naples",
                "LocationZip":"80131",
                "LocationCountry":"Italy"
              },{
                "LocationFacility":"Istituti Fisioterapici Ospitalieri - Roma",
                "LocationCity":"Rome",
                "LocationZip":"00161",
                "LocationCountry":"Italy"
              },{
                "LocationFacility":"Antoni van Leeuwenhoekhuis",
                "LocationCity":"Amsterdam",
                "LocationZip":"1066 CX",
                "LocationCountry":"Netherlands"
              },{
                "LocationFacility":"University Medical Center Nijmegen",
                "LocationCity":"Nijmegen",
                "LocationZip":"NL-6500 HB",
                "LocationCountry":"Netherlands"
              },{
                "LocationFacility":"Instituto Portugues de Oncologia de Francisco Gentil-Centro de Lisboa",
                "LocationCity":"Lisbon",
                "LocationZip":"1099-023 Codex",
                "LocationCountry":"Portugal"
              },{
                "LocationFacility":"Hospital Universitario 12 de Octubre",
                "LocationCity":"Madrid",
                "LocationZip":"28041",
                "LocationCountry":"Spain"
              },{
                "LocationFacility":"Inselspital, Bern",
                "LocationCity":"Bern",
                "LocationZip":"CH-3010",
                "LocationCountry":"Switzerland"
              },{
                "LocationFacility":"Centre Hospitalier Universitaire Vaudois",
                "LocationCity":"Lausanne",
                "LocationZip":"CH-1011",
                "LocationCountry":"Switzerland"
              },{
                "LocationFacility":"Royal Marsden NHS Trust",
                "LocationCity":"London",
                "LocationState":"England",
                "LocationZip":"SW3 6JJ",
                "LocationCountry":"United Kingdom"
              }
            ]
          }
        },
        "ReferencesModule":{
          "ReferenceList":{
            "Reference":[
              {
                "ReferencePMID":"15571957",
                "ReferenceType":"result",
                "ReferenceCitation":"Duffaud F, Borner M, Chollet P, Vermorken JB, Bloch J, Degardin M, Rolland F, Dittrich C, Baron B, Lacombe D, Fumoleau P; EORTC-New Drug Development Group/New Drug Development Program. Phase II study of OSI-211 (liposomal lurtotecan) in patients with metastatic or loco-regional recurrent squamous cell carcinoma of the head and neck. An EORTC New Drug Development Group study. Eur J Cancer. 2004 Dec;40(18):2748-52."
              }
            ]
          }
        }
      },
      "DerivedSection":{
        "MiscInfoModule":{
          "VersionHolder":"April 19, 2021"
        },
        "ConditionBrowseModule":{
          "ConditionMeshList":{
            "ConditionMesh":[
              {
                "ConditionMeshId":"D000006258",
                "ConditionMeshTerm":"Head and Neck Neoplasms"
              }
            ]
          },
          "ConditionAncestorList":{
            "ConditionAncestor":[
              {
                "ConditionAncestorId":"D000009369",
                "ConditionAncestorTerm":"Neoplasms"
              },{
                "ConditionAncestorId":"D000009371",
                "ConditionAncestorTerm":"Neoplasms by Site"
              }
            ]
          },
          "ConditionBrowseLeafList":{
            "ConditionBrowseLeaf":[
              {
                "ConditionBrowseLeafId":"M4116",
                "ConditionBrowseLeafName":"Carcinoma",
                "ConditionBrowseLeafRelevance":"low"
              },{
                "ConditionBrowseLeafId":"M1689",
                "ConditionBrowseLeafName":"Squamous Cell Carcinoma of Head and Neck",
                "ConditionBrowseLeafRelevance":"low"
              },{
                "ConditionBrowseLeafId":"M4132",
                "ConditionBrowseLeafName":"Carcinoma, Squamous Cell",
                "ConditionBrowseLeafRelevance":"low"
              },{
                "ConditionBrowseLeafId":"M7931",
                "ConditionBrowseLeafName":"Head and Neck Neoplasms",
                "ConditionBrowseLeafAsFound":"Neck Cancer",
                "ConditionBrowseLeafRelevance":"high"
              },{
                "ConditionBrowseLeafId":"M9418",
                "ConditionBrowseLeafName":"Laryngeal Diseases",
                "ConditionBrowseLeafRelevance":"low"
              },{
                "ConditionBrowseLeafId":"M6629",
                "ConditionBrowseLeafName":"Erythema Multiforme",
                "ConditionBrowseLeafRelevance":"low"
              },{
                "ConditionBrowseLeafId":"T3311",
                "ConditionBrowseLeafName":"Laryngeal Cancer",
                "ConditionBrowseLeafRelevance":"low"
              },{
                "ConditionBrowseLeafId":"T2952",
                "ConditionBrowseLeafName":"Hypopharyngeal Cancer",
                "ConditionBrowseLeafRelevance":"low"
              },{
                "ConditionBrowseLeafId":"T2132",
                "ConditionBrowseLeafName":"Erythema Multiforme",
                "ConditionBrowseLeafRelevance":"low"
              },{
                "ConditionBrowseLeafId":"T3742",
                "ConditionBrowseLeafName":"Metastatic Squamous Neck Cancer With Occult Primary",
                "ConditionBrowseLeafRelevance":"low"
              }
            ]
          },
          "ConditionBrowseBranchList":{
            "ConditionBrowseBranch":[
              {
                "ConditionBrowseBranchAbbrev":"BC04",
                "ConditionBrowseBranchName":"Cancers and Other Neoplasms"
              },{
                "ConditionBrowseBranchAbbrev":"All",
                "ConditionBrowseBranchName":"All Conditions"
              },{
                "ConditionBrowseBranchAbbrev":"BC08",
                "ConditionBrowseBranchName":"Respiratory Tract (Lung and Bronchial) Diseases"
              },{
                "ConditionBrowseBranchAbbrev":"BC09",
                "ConditionBrowseBranchName":"Ear, Nose, and Throat Diseases"
              },{
                "ConditionBrowseBranchAbbrev":"BC17",
                "ConditionBrowseBranchName":"Skin and Connective Tissue Diseases"
              },{
                "ConditionBrowseBranchAbbrev":"Rare",
                "ConditionBrowseBranchName":"Rare Diseases"
              }
            ]
          }
        },
        "InterventionBrowseModule":{
          "InterventionMeshList":{
            "InterventionMesh":[
              {
                "InterventionMeshId":"C000091719",
                "InterventionMeshTerm":"Lurtotecan"
              }
            ]
          },
          "InterventionAncestorList":{
            "InterventionAncestor":[
              {
                "InterventionAncestorId":"D000000970",
                "InterventionAncestorTerm":"Antineoplastic Agents"
              }
            ]
          },
          "InterventionBrowseLeafList":{
            "InterventionBrowseLeaf":[
              {
                "InterventionBrowseLeafId":"M215331",
                "InterventionBrowseLeafName":"Lurtotecan",
                "InterventionBrowseLeafAsFound":"Microinjection",
                "InterventionBrowseLeafRelevance":"high"
              }
            ]
          },
          "InterventionBrowseBranchList":{
            "InterventionBrowseBranch":[
              {
                "InterventionBrowseBranchAbbrev":"ANeo",
                "InterventionBrowseBranchName":"Antineoplastic Agents"
              },{
                "InterventionBrowseBranchAbbrev":"All",
                "InterventionBrowseBranchName":"All Drugs and Chemicals"
              }
            ]
          }
        }
      }
    }
  }
}

