{
  "FullStudy":{
    "Rank":367848,
    "Study":{
      "ProtocolSection":{
        "IdentificationModule":{
          "NCTId":"NCT00025350",
          "OrgStudyIdInfo":{
            "OrgStudyId":"CDR0000068952"
          },
          "SecondaryIdInfoList":{
            "SecondaryIdInfo":[
              {
                "SecondaryId":"E-6200"
              }
            ]
          },
          "Organization":{
            "OrgFullName":"National Cancer Institute (NCI)",
            "OrgClass":"NIH"
          },
          "BriefTitle":"Gefitinib in Treating Patients With Recurrent Metastatic Colorectal Cancer",
          "OfficialTitle":"A Randomized Phase II Trial of Two Dose Levels of ZD1839 (Iressa) (NSC 715055, IND 61187) in Patients With Recurrent Colorectal Adenocarcinoma"
        },
        "StatusModule":{
          "StatusVerifiedDate":"January 2006",
          "OverallStatus":"Completed",
          "ExpandedAccessInfo":{
            "HasExpandedAccess":"No"
          },
          "StartDateStruct":{
            "StartDate":"October 2001"
          },
          "CompletionDateStruct":{
            "CompletionDate":"June 2006",
            "CompletionDateType":"Actual"
          },
          "StudyFirstSubmitDate":"October 11, 2001",
          "StudyFirstSubmitQCDate":"October 21, 2003",
          "StudyFirstPostDateStruct":{
            "StudyFirstPostDate":"October 22, 2003",
            "StudyFirstPostDateType":"Estimate"
          },
          "LastUpdateSubmitDate":"June 20, 2013",
          "LastUpdatePostDateStruct":{
            "LastUpdatePostDate":"June 24, 2013",
            "LastUpdatePostDateType":"Estimate"
          }
        },
        "SponsorCollaboratorsModule":{
          "LeadSponsor":{
            "LeadSponsorName":"Eastern Cooperative Oncology Group",
            "LeadSponsorClass":"NETWORK"
          },
          "CollaboratorList":{
            "Collaborator":[
              {
                "CollaboratorName":"National Cancer Institute (NCI)",
                "CollaboratorClass":"NIH"
              }
            ]
          }
        },
        "OversightModule":{},
        "DescriptionModule":{
          "BriefSummary":"RATIONALE: Biological therapies such as gefitinib may interfere with the growth of the tumor cells and slow the growth of recurrent metastatic colorectal cancer.\n\nPURPOSE: Randomized phase II trial to compare the effectiveness of two different doses of gefitinib in treating patients who have recurrent metastatic colorectal cancer.",
          "DetailedDescription":"OBJECTIVES:\n\nDetermine the 4-month progression-free survival rate in patients with recurrent metastatic colorectal adenocarcinoma treated with gefitinib.\nDetermine the objective tumor response rate, progression, and overall survival of patients treated with this drug.\nDetermine the toxicity of this drug in these patients.\n\nOUTLINE: This is a randomized, double-blind study. Patients are stratified according to ECOG performance status (0-1 vs 2), baseline serum CEA (less than 5 mg/L vs at least 5 mg/L), and number of metastatic sites (1 vs 2 or more). Patients are randomized to 1 of 2 treatment arms.\n\nArm I: Patients receive oral gefitinib once daily (twice daily on day 1 of course 1). Courses repeat every 28 days in the absence of disease progression or unacceptable toxicity.\nArm II: Patients receive a higher dose of oral gefitinib as in arm I. Patients are followed every 3 months for 2 years, every 6 months for 3 years, and then annually thereafter.\n\nPROJECTED ACCRUAL: A total of 100 patients (50 per treatment arm) will be accrued for this study."
        },
        "ConditionsModule":{
          "ConditionList":{
            "Condition":[
              "Colorectal Cancer"
            ]
          },
          "KeywordList":{
            "Keyword":[
              "stage IV colon cancer",
              "stage IV rectal cancer",
              "recurrent colon cancer",
              "recurrent rectal cancer",
              "adenocarcinoma of the colon",
              "adenocarcinoma of the rectum"
            ]
          }
        },
        "DesignModule":{
          "StudyType":"Interventional",
          "PhaseList":{
            "Phase":[
              "Phase 2"
            ]
          },
          "DesignInfo":{
            "DesignAllocation":"Randomized",
            "DesignPrimaryPurpose":"Treatment",
            "DesignMaskingInfo":{
              "DesignMasking":"Double"
            }
          }
        },
        "ArmsInterventionsModule":{
          "InterventionList":{
            "Intervention":[
              {
                "InterventionType":"Drug",
                "InterventionName":"gefitinib"
              }
            ]
          }
        },
        "EligibilityModule":{
          "EligibilityCriteria":"DISEASE CHARACTERISTICS:\n\nHistologically or cytologically proven adenocarcinoma of the colon or rectum\nMeasurable disease\nEvidence of new or progressive metastatic disease within 6 months of last treatment\nMust have received prior systemic treatment with fluorouracil (and/or its analogs, with or without leucovorin calcium or levamisole) and irinotecan in the adjuvant or metastatic setting\nMetastatic tumor site accessible for biopsy\nNo known brain metastases\n\nPATIENT CHARACTERISTICS:\n\nAge:\n\n18 and over\n\nPerformance status:\n\nECOG 0-2\n\nLife expectancy:\n\nMore than 12 weeks\n\nHematopoietic:\n\nAbsolute neutrophil count at least 1,500/mm^3\nPlatelet count at least 100,000/mm^3\n\nHepatic:\n\nBilirubin no greater than 1.5 times upper limit of normal (ULN)\nAST or ALT no greater than 2.5 times ULN (5 times ULN if tumor involvement of the liver)\n\nRenal:\n\nCreatinine no greater than 1.5 times ULN OR\nCreatinine clearance at least 60 mL/min\n\nCardiovascular:\n\nNo New York Heart Association class III or IV heart disease\nNo symptomatic congestive heart failure\nNo unstable angina pectoris\nNo cardiac arrhythmia\n\nOther:\n\nNot pregnant or nursing\nNegative pregnancy test\nFertile patients must use effective contraception\nNo ongoing active or uncontrolled infections\nOther prior malignancies allowed provided prior therapy is discontinued and no evidence of disease\nNo other uncontrolled illness or psychiatric illness/social situations that would preclude study\nMust be able to take and retain oral medications\n\nPRIOR CONCURRENT THERAPY:\n\nBiologic therapy:\n\nNo prior signal transduction inhibitors (e.g., vascular endothelial growth factor-, vascular endothelial growth factor receptor-, and epidermal growth factor receptor-targeted agents) for colorectal cancer\n\nChemotherapy:\n\nSee Disease Characteristics\nAt least 4 weeks since prior chemotherapy and recovered\nNo other prior cytotoxic chemotherapy (e.g., oxaliplatin) for colorectal cancer\n\nEndocrine therapy:\n\nNot specified\n\nRadiotherapy:\n\nAt least 4 weeks since prior radiotherapy and recovered\n\nSurgery:\n\nNot specified\n\nOther:\n\nNo other prior systemic therapy for colorectal cancer\nNo other prior investigational or approved agents for colorectal cancer\nNo other concurrent investigational agents\nNo concurrent antiretroviral therapy for HIV-positive patients",
          "HealthyVolunteers":"No",
          "Gender":"All",
          "MinimumAge":"18 Years",
          "StdAgeList":{
            "StdAge":[
              "Adult",
              "Older Adult"
            ]
          }
        },
        "ContactsLocationsModule":{
          "OverallOfficialList":{
            "OverallOfficial":[
              {
                "OverallOfficialName":"Mace L. Rothenberg, MD, FACP",
                "OverallOfficialAffiliation":"Vanderbilt-Ingram Cancer Center",
                "OverallOfficialRole":"Study Chair"
              }
            ]
          },
          "LocationList":{
            "Location":[
              {
                "LocationFacility":"Robert H. Lurie Comprehensive Cancer Center, Northwestern University",
                "LocationCity":"Chicago",
                "LocationState":"Illinois",
                "LocationZip":"60611-3013",
                "LocationCountry":"United States"
              },{
                "LocationFacility":"Veterans Affairs Medical Center - Lakeside Chicago",
                "LocationCity":"Chicago",
                "LocationState":"Illinois",
                "LocationZip":"60611",
                "LocationCountry":"United States"
              },{
                "LocationFacility":"CCOP - Central Illinois",
                "LocationCity":"Decatur",
                "LocationState":"Illinois",
                "LocationZip":"62526",
                "LocationCountry":"United States"
              },{
                "LocationFacility":"CCOP - Evanston",
                "LocationCity":"Evanston",
                "LocationState":"Illinois",
                "LocationZip":"60201",
                "LocationCountry":"United States"
              },{
                "LocationFacility":"CCOP - Kalamazoo",
                "LocationCity":"Kalamazoo",
                "LocationState":"Michigan",
                "LocationZip":"49007-3731",
                "LocationCountry":"United States"
              },{
                "LocationFacility":"Cancer Institute of New Jersey",
                "LocationCity":"New Brunswick",
                "LocationState":"New Jersey",
                "LocationZip":"08903",
                "LocationCountry":"United States"
              },{
                "LocationFacility":"Veterans Affairs Medical Center - New York",
                "LocationCity":"New York",
                "LocationState":"New York",
                "LocationZip":"10010",
                "LocationCountry":"United States"
              },{
                "LocationFacility":"NYU School of Medicine's Kaplan Comprehensive Cancer Center",
                "LocationCity":"New York",
                "LocationState":"New York",
                "LocationZip":"10016",
                "LocationCountry":"United States"
              },{
                "LocationFacility":"CCOP - Merit Care Hospital",
                "LocationCity":"Fargo",
                "LocationState":"North Dakota",
                "LocationZip":"58122",
                "LocationCountry":"United States"
              },{
                "LocationFacility":"Ireland Cancer Center",
                "LocationCity":"Cleveland",
                "LocationState":"Ohio",
                "LocationZip":"44106-5065",
                "LocationCountry":"United States"
              },{
                "LocationFacility":"University of Pennsylvania Cancer Center",
                "LocationCity":"Philadelphia",
                "LocationState":"Pennsylvania",
                "LocationZip":"19104-4283",
                "LocationCountry":"United States"
              },{
                "LocationFacility":"University of Pittsburgh Cancer Institute",
                "LocationCity":"Pittsburgh",
                "LocationState":"Pennsylvania",
                "LocationZip":"15213-3489",
                "LocationCountry":"United States"
              },{
                "LocationFacility":"Veterans Affairs Medical Center - Tennessee Valley Healthcare System - Nashville Campus",
                "LocationCity":"Nashville",
                "LocationState":"Tennessee",
                "LocationZip":"37212",
                "LocationCountry":"United States"
              },{
                "LocationFacility":"Vanderbilt-Ingram Cancer Center",
                "LocationCity":"Nashville",
                "LocationState":"Tennessee",
                "LocationZip":"37232-6838",
                "LocationCountry":"United States"
              },{
                "LocationFacility":"Veterans Affairs Medical Center - Madison",
                "LocationCity":"Madison",
                "LocationState":"Wisconsin",
                "LocationZip":"53705",
                "LocationCountry":"United States"
              },{
                "LocationFacility":"University of Wisconsin Comprehensive Cancer Center",
                "LocationCity":"Madison",
                "LocationState":"Wisconsin",
                "LocationZip":"53792-6164",
                "LocationCountry":"United States"
              }
            ]
          }
        },
        "ReferencesModule":{
          "ReferenceList":{
            "Reference":[
              {
                "ReferencePMID":"16361624",
                "ReferenceType":"result",
                "ReferenceCitation":"Rothenberg ML, LaFleur B, Levy DE, Washington MK, Morgan-Meadows SL, Ramanathan RK, Berlin JD, Benson AB 3rd, Coffey RJ. Randomized phase II trial of the clinical and biological effects of two dose levels of gefitinib in patients with recurrent colorectal adenocarcinoma. J Clin Oncol. 2005 Dec 20;23(36):9265-74."
              },{
                "ReferenceType":"result",
                "ReferenceCitation":"Rothenberg ML, Lafleur B, Washington MK, et al.: Changes in epidermal growth factor receptor signaling in serum and tumor biopsies obtained from patients with progressive metastatic colorectal cancer (MCRC) treated with gefitinib (ZD1839): an Eastern Cooperative Oncology Group study. [Abstract] J Clin Oncol 22 (Suppl 14): A-3000, 195s, 2004."
              }
            ]
          }
        }
      },
      "DerivedSection":{
        "MiscInfoModule":{
          "VersionHolder":"April 19, 2021"
        },
        "ConditionBrowseModule":{
          "ConditionMeshList":{
            "ConditionMesh":[
              {
                "ConditionMeshId":"D000015179",
                "ConditionMeshTerm":"Colorectal Neoplasms"
              }
            ]
          },
          "ConditionAncestorList":{
            "ConditionAncestor":[
              {
                "ConditionAncestorId":"D000007414",
                "ConditionAncestorTerm":"Intestinal Neoplasms"
              },{
                "ConditionAncestorId":"D000005770",
                "ConditionAncestorTerm":"Gastrointestinal Neoplasms"
              },{
                "ConditionAncestorId":"D000004067",
                "ConditionAncestorTerm":"Digestive System Neoplasms"
              },{
                "ConditionAncestorId":"D000009371",
                "ConditionAncestorTerm":"Neoplasms by Site"
              },{
                "ConditionAncestorId":"D000009369",
                "ConditionAncestorTerm":"Neoplasms"
              },{
                "ConditionAncestorId":"D000004066",
                "ConditionAncestorTerm":"Digestive System Diseases"
              },{
                "ConditionAncestorId":"D000005767",
                "ConditionAncestorTerm":"Gastrointestinal Diseases"
              },{
                "ConditionAncestorId":"D000003108",
                "ConditionAncestorTerm":"Colonic Diseases"
              },{
                "ConditionAncestorId":"D000007410",
                "ConditionAncestorTerm":"Intestinal Diseases"
              },{
                "ConditionAncestorId":"D000012002",
                "ConditionAncestorTerm":"Rectal Diseases"
              }
            ]
          },
          "ConditionBrowseLeafList":{
            "ConditionBrowseLeaf":[
              {
                "ConditionBrowseLeafId":"M16473",
                "ConditionBrowseLeafName":"Colorectal Neoplasms",
                "ConditionBrowseLeafAsFound":"Colorectal Cancer",
                "ConditionBrowseLeafRelevance":"high"
              },{
                "ConditionBrowseLeafId":"M2166",
                "ConditionBrowseLeafName":"Adenocarcinoma",
                "ConditionBrowseLeafRelevance":"low"
              },{
                "ConditionBrowseLeafId":"M9031",
                "ConditionBrowseLeafName":"Intestinal Neoplasms",
                "ConditionBrowseLeafRelevance":"low"
              },{
                "ConditionBrowseLeafId":"M7469",
                "ConditionBrowseLeafName":"Gastrointestinal Neoplasms",
                "ConditionBrowseLeafRelevance":"low"
              },{
                "ConditionBrowseLeafId":"M5839",
                "ConditionBrowseLeafName":"Digestive System Neoplasms",
                "ConditionBrowseLeafRelevance":"low"
              },{
                "ConditionBrowseLeafId":"M5838",
                "ConditionBrowseLeafName":"Digestive System Diseases",
                "ConditionBrowseLeafRelevance":"low"
              },{
                "ConditionBrowseLeafId":"M7466",
                "ConditionBrowseLeafName":"Gastrointestinal Diseases",
                "ConditionBrowseLeafRelevance":"low"
              },{
                "ConditionBrowseLeafId":"M4919",
                "ConditionBrowseLeafName":"Colonic Diseases",
                "ConditionBrowseLeafRelevance":"low"
              },{
                "ConditionBrowseLeafId":"M9027",
                "ConditionBrowseLeafName":"Intestinal Diseases",
                "ConditionBrowseLeafRelevance":"low"
              },{
                "ConditionBrowseLeafId":"M13427",
                "ConditionBrowseLeafName":"Rectal Diseases",
                "ConditionBrowseLeafRelevance":"low"
              }
            ]
          },
          "ConditionBrowseBranchList":{
            "ConditionBrowseBranch":[
              {
                "ConditionBrowseBranchAbbrev":"BC04",
                "ConditionBrowseBranchName":"Cancers and Other Neoplasms"
              },{
                "ConditionBrowseBranchAbbrev":"BC06",
                "ConditionBrowseBranchName":"Digestive System Diseases"
              },{
                "ConditionBrowseBranchAbbrev":"All",
                "ConditionBrowseBranchName":"All Conditions"
              }
            ]
          }
        },
        "InterventionBrowseModule":{
          "InterventionMeshList":{
            "InterventionMesh":[
              {
                "InterventionMeshId":"D000077156",
                "InterventionMeshTerm":"Gefitinib"
              }
            ]
          },
          "InterventionAncestorList":{
            "InterventionAncestor":[
              {
                "InterventionAncestorId":"D000000970",
                "InterventionAncestorTerm":"Antineoplastic Agents"
              },{
                "InterventionAncestorId":"D000047428",
                "InterventionAncestorTerm":"Protein Kinase Inhibitors"
              },{
                "InterventionAncestorId":"D000004791",
                "InterventionAncestorTerm":"Enzyme Inhibitors"
              },{
                "InterventionAncestorId":"D000045504",
                "InterventionAncestorTerm":"Molecular Mechanisms of Pharmacological Action"
              }
            ]
          },
          "InterventionBrowseLeafList":{
            "InterventionBrowseLeaf":[
              {
                "InterventionBrowseLeafId":"M1679",
                "InterventionBrowseLeafName":"Gefitinib",
                "InterventionBrowseLeafAsFound":"101",
                "InterventionBrowseLeafRelevance":"high"
              },{
                "InterventionBrowseLeafId":"M24407",
                "InterventionBrowseLeafName":"Protein Kinase Inhibitors",
                "InterventionBrowseLeafRelevance":"low"
              },{
                "InterventionBrowseLeafId":"T120",
                "InterventionBrowseLeafName":"Cola",
                "InterventionBrowseLeafRelevance":"low"
              }
            ]
          },
          "InterventionBrowseBranchList":{
            "InterventionBrowseBranch":[
              {
                "InterventionBrowseBranchAbbrev":"ANeo",
                "InterventionBrowseBranchName":"Antineoplastic Agents"
              },{
                "InterventionBrowseBranchAbbrev":"All",
                "InterventionBrowseBranchName":"All Drugs and Chemicals"
              },{
                "InterventionBrowseBranchAbbrev":"HB",
                "InterventionBrowseBranchName":"Herbal and Botanical"
              }
            ]
          }
        }
      }
    }
  }
}

