{
  "FullStudy":{
    "Rank":368075,
    "Study":{
      "ProtocolSection":{
        "IdentificationModule":{
          "NCTId":"NCT00022074",
          "OrgStudyIdInfo":{
            "OrgStudyId":"CDR0000068780"
          },
          "SecondaryIdInfoList":{
            "SecondaryIdInfo":[
              {
                "SecondaryId":"URCC-U2101"
              },{
                "SecondaryId":"NCI-P01-0183"
              }
            ]
          },
          "Organization":{
            "OrgFullName":"University of Rochester",
            "OrgClass":"OTHER"
          },
          "BriefTitle":"Gabapentin For the Control of Hot Flashes in Women With Breast Cancer",
          "OfficialTitle":"Control of Vasomotor Symptoms in Women Treated for Breast Cancer"
        },
        "StatusModule":{
          "StatusVerifiedDate":"October 2015",
          "OverallStatus":"Completed",
          "ExpandedAccessInfo":{
            "HasExpandedAccess":"No"
          },
          "StartDateStruct":{
            "StartDate":"July 2001"
          },
          "PrimaryCompletionDateStruct":{
            "PrimaryCompletionDate":"June 2005",
            "PrimaryCompletionDateType":"Actual"
          },
          "CompletionDateStruct":{
            "CompletionDate":"June 2005",
            "CompletionDateType":"Actual"
          },
          "StudyFirstSubmitDate":"August 10, 2001",
          "StudyFirstSubmitQCDate":"January 26, 2003",
          "StudyFirstPostDateStruct":{
            "StudyFirstPostDate":"January 27, 2003",
            "StudyFirstPostDateType":"Estimate"
          },
          "LastUpdateSubmitDate":"October 13, 2015",
          "LastUpdatePostDateStruct":{
            "LastUpdatePostDate":"October 15, 2015",
            "LastUpdatePostDateType":"Estimate"
          }
        },
        "SponsorCollaboratorsModule":{
          "ResponsibleParty":{
            "ResponsiblePartyType":"Sponsor-Investigator",
            "ResponsiblePartyInvestigatorFullName":"Gary Morrow",
            "ResponsiblePartyInvestigatorTitle":"Director, University of Rochester NCORP Research Base",
            "ResponsiblePartyInvestigatorAffiliation":"University of Rochester NCORP Research Base"
          },
          "LeadSponsor":{
            "LeadSponsorName":"Gary Morrow",
            "LeadSponsorClass":"OTHER"
          },
          "CollaboratorList":{
            "Collaborator":[
              {
                "CollaboratorName":"National Cancer Institute (NCI)",
                "CollaboratorClass":"NIH"
              }
            ]
          }
        },
        "DescriptionModule":{
          "BriefSummary":"RATIONALE: Gabapentin may be effective for the control of hot flashes. It is not yet known if gabapentin is effective in treating hot flashes.\n\nPURPOSE: Randomized clinical trial to study the effectiveness of gabapentin in controlling hot flashes in women who have breast cancer.",
          "DetailedDescription":"OBJECTIVES:\n\nCompare the effectiveness and side effects of 2 different doses of gabapentin vs placebo for the control of hot flashes and other vasomotor symptoms in women with breast cancer.\nCompare quality of life, anxiety, and depression in patients treated with these regimens.\n\nOUTLINE: This is a randomized, double-blind, placebo-controlled, multicenter study. Patients are stratified according to participating center and duration of hot flash symptoms (less than 9 months vs 9 or more months). Patients are randomized to 1 of 3 arms.\n\nArm I: Patients receive oral placebo 3 times a day.\nArm II: Patients receive oral gabapentin at a low dose 3 times a day.\nArm III: Patients receive oral gabapentin as in arm II for 3 days and then at a high dose 3 times a day.\n\nTreatment on all arms continues for 8 weeks in the absence of unacceptable toxicity. After week 8, patients may receive open-label gabapentin at the discretion of their physicians.\n\nHot flashes are assessed at baseline and then during weeks 3 and 7 of the study.\n\nQuality of life, anxiety, and depression are assessed at baseline and then at weeks 4 and 8.\n\nPatients are followed at week 12.\n\nPROJECTED ACCRUAL: A total of 408 patients (136 per arm) will be accrued for this study within 18 months."
        },
        "ConditionsModule":{
          "ConditionList":{
            "Condition":[
              "Anxiety Disorder",
              "Breast Cancer",
              "Depression",
              "Hot Flashes"
            ]
          },
          "KeywordList":{
            "Keyword":[
              "stage I breast cancer",
              "stage II breast cancer",
              "stage IV breast cancer",
              "stage IIIA breast cancer",
              "recurrent breast cancer",
              "stage IIIB breast cancer",
              "stage IIIC breast cancer",
              "anxiety disorder",
              "depression",
              "hot flashes"
            ]
          }
        },
        "DesignModule":{
          "StudyType":"Interventional",
          "PhaseList":{
            "Phase":[
              "Not Applicable"
            ]
          },
          "DesignInfo":{
            "DesignAllocation":"Randomized",
            "DesignPrimaryPurpose":"Supportive Care",
            "DesignMaskingInfo":{
              "DesignMasking":"None (Open Label)"
            }
          }
        },
        "ArmsInterventionsModule":{
          "InterventionList":{
            "Intervention":[
              {
                "InterventionType":"Drug",
                "InterventionName":"gabapentin"
              },{
                "InterventionType":"Procedure",
                "InterventionName":"quality-of-life assessment"
              }
            ]
          }
        },
        "EligibilityModule":{
          "EligibilityCriteria":"DISEASE CHARACTERISTICS:\n\nDiagnosis of breast cancer\nExperiencing 2 or more hot flashes per day for at least 1 week\n\nHormone receptor status:\n\nNot specified\n\nPATIENT CHARACTERISTICS:\n\nAge:\n\nNot specified\n\nSex:\n\nFemale\n\nMenopausal status:\n\nNot specified\n\nPerformance status:\n\nNot specified\n\nLife expectancy:\n\nNot specified\n\nHematopoietic:\n\nNot specified\n\nHepatic:\n\nBilirubin normal\nSGOT no greater than 2 times upper limit of normal (ULN)\n\nRenal:\n\nCreatinine no greater than 1.25 times ULN\n\nCardiovascular:\n\nNo coronary insufficiency\nNo myocardial infarction within the past 3 months\nNo symptomatic cardiac disease\nNo peripheral vascular disease\nNo cerebrovascular disease or stroke\nNo syncope or symptomatic hypotension\n\nOther:\n\nNo history of allergic or other adverse reaction to gabapentin\nNot pregnant or nursing\nFertile patients must use effective contraception during and for 1 week after study\n\nPRIOR CONCURRENT THERAPY:\n\nBiologic therapy\n\nNot specified\n\nChemotherapy\n\nNot specified\n\nEndocrine therapy\n\nNot specified\n\nRadiotherapy\n\nNot specified\n\nSurgery\n\nNot specified\n\nOther\n\nNo other concurrent anticonvulsant medication\nNo concurrent clonidine or venlafaxine",
          "HealthyVolunteers":"No",
          "Gender":"Female",
          "MaximumAge":"120 Years",
          "StdAgeList":{
            "StdAge":[
              "Child",
              "Adult",
              "Older Adult"
            ]
          }
        },
        "ContactsLocationsModule":{
          "OverallOfficialList":{
            "OverallOfficial":[
              {
                "OverallOfficialName":"Kishan J. Pandya, MD",
                "OverallOfficialAffiliation":"James P. Wilmot Cancer Center",
                "OverallOfficialRole":"Study Chair"
              }
            ]
          },
          "LocationList":{
            "Location":[
              {
                "LocationFacility":"MBCCOP - Gulf Coast",
                "LocationCity":"Mobile",
                "LocationState":"Alabama",
                "LocationZip":"36688",
                "LocationCountry":"United States"
              },{
                "LocationFacility":"CCOP - Greater Phoenix",
                "LocationCity":"Phoenix",
                "LocationState":"Arizona",
                "LocationZip":"85006-2726",
                "LocationCountry":"United States"
              },{
                "LocationFacility":"CCOP - Scottsdale Oncology Program",
                "LocationCity":"Scottsdale",
                "LocationState":"Arizona",
                "LocationZip":"85259-5404",
                "LocationCountry":"United States"
              },{
                "LocationFacility":"CCOP - Colorado Cancer Research Program, Incorporated",
                "LocationCity":"Denver",
                "LocationState":"Colorado",
                "LocationZip":"80224",
                "LocationCountry":"United States"
              },{
                "LocationFacility":"MBCCOP - Hawaii",
                "LocationCity":"Honolulu",
                "LocationState":"Hawaii",
                "LocationZip":"96813",
                "LocationCountry":"United States"
              },{
                "LocationFacility":"CCOP - Central Illinois",
                "LocationCity":"Decatur",
                "LocationState":"Illinois",
                "LocationZip":"62526",
                "LocationCountry":"United States"
              },{
                "LocationFacility":"CCOP - Wichita",
                "LocationCity":"Wichita",
                "LocationState":"Kansas",
                "LocationZip":"67214-3882",
                "LocationCountry":"United States"
              },{
                "LocationFacility":"CCOP - Kalamazoo",
                "LocationCity":"Kalamazoo",
                "LocationState":"Michigan",
                "LocationZip":"49007-3731",
                "LocationCountry":"United States"
              },{
                "LocationFacility":"CCOP - Metro-Minnesota",
                "LocationCity":"Saint Louis Park",
                "LocationState":"Minnesota",
                "LocationZip":"55416",
                "LocationCountry":"United States"
              },{
                "LocationFacility":"CCOP - Northern New Jersey",
                "LocationCity":"Hackensack",
                "LocationState":"New Jersey",
                "LocationZip":"07601",
                "LocationCountry":"United States"
              },{
                "LocationFacility":"CCOP - North Shore University Hospital",
                "LocationCity":"Manhasset",
                "LocationState":"New York",
                "LocationZip":"11030",
                "LocationCountry":"United States"
              },{
                "LocationFacility":"CCOP - Syracuse Hematology-Oncology Associates of Central New York, P.C.",
                "LocationCity":"Syracuse",
                "LocationState":"New York",
                "LocationZip":"13217",
                "LocationCountry":"United States"
              },{
                "LocationFacility":"CCOP - Southeast Cancer Control Consortium",
                "LocationCity":"Winston-Salem",
                "LocationState":"North Carolina",
                "LocationZip":"27104-4241",
                "LocationCountry":"United States"
              },{
                "LocationFacility":"CCOP - Columbus",
                "LocationCity":"Columbus",
                "LocationState":"Ohio",
                "LocationZip":"43206",
                "LocationCountry":"United States"
              },{
                "LocationFacility":"CCOP - Dayton",
                "LocationCity":"Dayton",
                "LocationState":"Ohio",
                "LocationZip":"45429",
                "LocationCountry":"United States"
              },{
                "LocationFacility":"CCOP - Virginia Mason Research Center",
                "LocationCity":"Seattle",
                "LocationState":"Washington",
                "LocationZip":"98101",
                "LocationCountry":"United States"
              },{
                "LocationFacility":"CCOP - Northwest",
                "LocationCity":"Tacoma",
                "LocationState":"Washington",
                "LocationZip":"98405-0986",
                "LocationCountry":"United States"
              },{
                "LocationFacility":"CCOP - Marshfield Medical Research and Education Foundation",
                "LocationCity":"Marshfield",
                "LocationState":"Wisconsin",
                "LocationZip":"54449",
                "LocationCountry":"United States"
              }
            ]
          }
        },
        "ReferencesModule":{
          "ReferenceList":{
            "Reference":[
              {
                "ReferencePMID":"16139656",
                "ReferenceType":"result",
                "ReferenceCitation":"Pandya KJ, Morrow GR, Roscoe JA, Zhao H, Hickok JT, Pajon E, Sweeney TJ, Banerjee TK, Flynn PJ. Gabapentin for hot flashes in 420 women with breast cancer: a randomised double-blind placebo-controlled trial. Lancet. 2005 Sep 3-9;366(9488):818-24."
              }
            ]
          }
        }
      },
      "DerivedSection":{
        "MiscInfoModule":{
          "VersionHolder":"April 19, 2021"
        },
        "ConditionBrowseModule":{
          "ConditionMeshList":{
            "ConditionMesh":[
              {
                "ConditionMeshId":"D000001943",
                "ConditionMeshTerm":"Breast Neoplasms"
              },{
                "ConditionMeshId":"D000019584",
                "ConditionMeshTerm":"Hot Flashes"
              },{
                "ConditionMeshId":"D000003863",
                "ConditionMeshTerm":"Depression"
              },{
                "ConditionMeshId":"D000001008",
                "ConditionMeshTerm":"Anxiety Disorders"
              }
            ]
          },
          "ConditionAncestorList":{
            "ConditionAncestor":[
              {
                "ConditionAncestorId":"D000009371",
                "ConditionAncestorTerm":"Neoplasms by Site"
              },{
                "ConditionAncestorId":"D000009369",
                "ConditionAncestorTerm":"Neoplasms"
              },{
                "ConditionAncestorId":"D000001941",
                "ConditionAncestorTerm":"Breast Diseases"
              },{
                "ConditionAncestorId":"D000012871",
                "ConditionAncestorTerm":"Skin Diseases"
              },{
                "ConditionAncestorId":"D000001526",
                "ConditionAncestorTerm":"Behavioral Symptoms"
              },{
                "ConditionAncestorId":"D000001523",
                "ConditionAncestorTerm":"Mental Disorders"
              }
            ]
          },
          "ConditionBrowseLeafList":{
            "ConditionBrowseLeaf":[
              {
                "ConditionBrowseLeafId":"M3802",
                "ConditionBrowseLeafName":"Breast Neoplasms",
                "ConditionBrowseLeafAsFound":"Breast Cancer",
                "ConditionBrowseLeafRelevance":"high"
              },{
                "ConditionBrowseLeafId":"M2905",
                "ConditionBrowseLeafName":"Anxiety Disorders",
                "ConditionBrowseLeafAsFound":"Anxiety Disorder",
                "ConditionBrowseLeafRelevance":"high"
              },{
                "ConditionBrowseLeafId":"M5641",
                "ConditionBrowseLeafName":"Depression",
                "ConditionBrowseLeafAsFound":"Depression",
                "ConditionBrowseLeafRelevance":"high"
              },{
                "ConditionBrowseLeafId":"M5644",
                "ConditionBrowseLeafName":"Depressive Disorder",
                "ConditionBrowseLeafRelevance":"low"
              },{
                "ConditionBrowseLeafId":"M20103",
                "ConditionBrowseLeafName":"Hot Flashes",
                "ConditionBrowseLeafAsFound":"Hot Flashes",
                "ConditionBrowseLeafRelevance":"high"
              },{
                "ConditionBrowseLeafId":"M3800",
                "ConditionBrowseLeafName":"Breast Diseases",
                "ConditionBrowseLeafRelevance":"low"
              },{
                "ConditionBrowseLeafId":"M14257",
                "ConditionBrowseLeafName":"Skin Diseases",
                "ConditionBrowseLeafRelevance":"low"
              },{
                "ConditionBrowseLeafId":"M3399",
                "ConditionBrowseLeafName":"Behavioral Symptoms",
                "ConditionBrowseLeafRelevance":"low"
              },{
                "ConditionBrowseLeafId":"M3396",
                "ConditionBrowseLeafName":"Mental Disorders",
                "ConditionBrowseLeafRelevance":"low"
              },{
                "ConditionBrowseLeafId":"M13056",
                "ConditionBrowseLeafName":"Psychotic Disorders",
                "ConditionBrowseLeafRelevance":"low"
              }
            ]
          },
          "ConditionBrowseBranchList":{
            "ConditionBrowseBranch":[
              {
                "ConditionBrowseBranchAbbrev":"BC04",
                "ConditionBrowseBranchName":"Cancers and Other Neoplasms"
              },{
                "ConditionBrowseBranchAbbrev":"BC17",
                "ConditionBrowseBranchName":"Skin and Connective Tissue Diseases"
              },{
                "ConditionBrowseBranchAbbrev":"All",
                "ConditionBrowseBranchName":"All Conditions"
              },{
                "ConditionBrowseBranchAbbrev":"BXM",
                "ConditionBrowseBranchName":"Behaviors and Mental Disorders"
              },{
                "ConditionBrowseBranchAbbrev":"BC23",
                "ConditionBrowseBranchName":"Symptoms and General Pathology"
              }
            ]
          }
        },
        "InterventionBrowseModule":{
          "InterventionMeshList":{
            "InterventionMesh":[
              {
                "InterventionMeshId":"D000077206",
                "InterventionMeshTerm":"Gabapentin"
              }
            ]
          },
          "InterventionAncestorList":{
            "InterventionAncestor":[
              {
                "InterventionAncestorId":"D000000700",
                "InterventionAncestorTerm":"Analgesics"
              },{
                "InterventionAncestorId":"D000018689",
                "InterventionAncestorTerm":"Sensory System Agents"
              },{
                "InterventionAncestorId":"D000018373",
                "InterventionAncestorTerm":"Peripheral Nervous System Agents"
              },{
                "InterventionAncestorId":"D000045505",
                "InterventionAncestorTerm":"Physiological Effects of Drugs"
              },{
                "InterventionAncestorId":"D000000927",
                "InterventionAncestorTerm":"Anticonvulsants"
              },{
                "InterventionAncestorId":"D000014151",
                "InterventionAncestorTerm":"Anti-Anxiety Agents"
              },{
                "InterventionAncestorId":"D000014149",
                "InterventionAncestorTerm":"Tranquilizing Agents"
              },{
                "InterventionAncestorId":"D000002492",
                "InterventionAncestorTerm":"Central Nervous System Depressants"
              },{
                "InterventionAncestorId":"D000011619",
                "InterventionAncestorTerm":"Psychotropic Drugs"
              },{
                "InterventionAncestorId":"D000018691",
                "InterventionAncestorTerm":"Excitatory Amino Acid Antagonists"
              },{
                "InterventionAncestorId":"D000018683",
                "InterventionAncestorTerm":"Excitatory Amino Acid Agents"
              },{
                "InterventionAncestorId":"D000018377",
                "InterventionAncestorTerm":"Neurotransmitter Agents"
              },{
                "InterventionAncestorId":"D000045504",
                "InterventionAncestorTerm":"Molecular Mechanisms of Pharmacological Action"
              },{
                "InterventionAncestorId":"D000018692",
                "InterventionAncestorTerm":"Antimanic Agents"
              }
            ]
          },
          "InterventionBrowseLeafList":{
            "InterventionBrowseLeaf":[
              {
                "InterventionBrowseLeafId":"M1694",
                "InterventionBrowseLeafName":"Gabapentin",
                "InterventionBrowseLeafAsFound":"3 times",
                "InterventionBrowseLeafRelevance":"high"
              },{
                "InterventionBrowseLeafId":"M2613",
                "InterventionBrowseLeafName":"Analgesics",
                "InterventionBrowseLeafRelevance":"low"
              },{
                "InterventionBrowseLeafId":"M2827",
                "InterventionBrowseLeafName":"Anticonvulsants",
                "InterventionBrowseLeafRelevance":"low"
              },{
                "InterventionBrowseLeafId":"M15488",
                "InterventionBrowseLeafName":"Anti-Anxiety Agents",
                "InterventionBrowseLeafRelevance":"low"
              },{
                "InterventionBrowseLeafId":"M13057",
                "InterventionBrowseLeafName":"Psychotropic Drugs",
                "InterventionBrowseLeafRelevance":"low"
              },{
                "InterventionBrowseLeafId":"M19355",
                "InterventionBrowseLeafName":"Excitatory Amino Acid Antagonists",
                "InterventionBrowseLeafRelevance":"low"
              },{
                "InterventionBrowseLeafId":"M19088",
                "InterventionBrowseLeafName":"Neurotransmitter Agents",
                "InterventionBrowseLeafRelevance":"low"
              }
            ]
          },
          "InterventionBrowseBranchList":{
            "InterventionBrowseBranch":[
              {
                "InterventionBrowseBranchAbbrev":"Analg",
                "InterventionBrowseBranchName":"Analgesics"
              },{
                "InterventionBrowseBranchAbbrev":"AntiConv",
                "InterventionBrowseBranchName":"Anticonvulsants"
              },{
                "InterventionBrowseBranchAbbrev":"CNSDep",
                "InterventionBrowseBranchName":"Central Nervous System Depressants"
              },{
                "InterventionBrowseBranchAbbrev":"PsychDr",
                "InterventionBrowseBranchName":"Psychotropic Drugs"
              },{
                "InterventionBrowseBranchAbbrev":"All",
                "InterventionBrowseBranchName":"All Drugs and Chemicals"
              }
            ]
          }
        }
      }
    }
  }
}

