{
  "FullStudy":{
    "Rank":367953,
    "Study":{
      "ProtocolSection":{
        "IdentificationModule":{
          "NCTId":"NCT00023777",
          "OrgStudyIdInfo":{
            "OrgStudyId":"S0112"
          },
          "SecondaryIdInfoList":{
            "SecondaryIdInfo":[
              {
                "SecondaryId":"S0112",
                "SecondaryIdType":"Other Identifier",
                "SecondaryIdDomain":"SWOG"
              },{
                "SecondaryId":"U10CA032102",
                "SecondaryIdType":"U.S. NIH Grant/Contract",
                "SecondaryIdLink":"https://projectreporter.nih.gov/reporterapi.cfm?PROJECTNUM=U10CA032102&Fy=all"
              }
            ]
          },
          "Organization":{
            "OrgFullName":"Southwest Oncology Group",
            "OrgClass":"NETWORK"
          },
          "BriefTitle":"S0112 Cytarabine and Daunorubicin in Treating Older Patients With Acute Myeloid Leukemia",
          "OfficialTitle":"A Phase II Study Of Daunomycin And ARA-C, Both Given By Continous IV Infusion For Previously Untreated Non-M3 Acute Myeloid Leukemia (AML) In Patients Of Age 56 Or Older"
        },
        "StatusModule":{
          "StatusVerifiedDate":"March 2015",
          "OverallStatus":"Completed",
          "ExpandedAccessInfo":{
            "HasExpandedAccess":"No"
          },
          "StartDateStruct":{
            "StartDate":"August 2001"
          },
          "PrimaryCompletionDateStruct":{
            "PrimaryCompletionDate":"June 2003",
            "PrimaryCompletionDateType":"Actual"
          },
          "CompletionDateStruct":{
            "CompletionDate":"April 2008",
            "CompletionDateType":"Actual"
          },
          "StudyFirstSubmitDate":"September 13, 2001",
          "StudyFirstSubmitQCDate":"January 26, 2003",
          "StudyFirstPostDateStruct":{
            "StudyFirstPostDate":"January 27, 2003",
            "StudyFirstPostDateType":"Estimate"
          },
          "LastUpdateSubmitDate":"March 5, 2015",
          "LastUpdatePostDateStruct":{
            "LastUpdatePostDate":"March 6, 2015",
            "LastUpdatePostDateType":"Estimate"
          }
        },
        "SponsorCollaboratorsModule":{
          "ResponsibleParty":{
            "ResponsiblePartyType":"Sponsor"
          },
          "LeadSponsor":{
            "LeadSponsorName":"Southwest Oncology Group",
            "LeadSponsorClass":"NETWORK"
          },
          "CollaboratorList":{
            "Collaborator":[
              {
                "CollaboratorName":"National Cancer Institute (NCI)",
                "CollaboratorClass":"NIH"
              }
            ]
          }
        },
        "OversightModule":{},
        "DescriptionModule":{
          "BriefSummary":"RATIONALE: Drugs used in chemotherapy use different ways to stop cancer cells from dividing so they stop growing or die. Combining more than one drug may kill more cancer cells.\n\nPURPOSE: Phase II trial to study the effectiveness of combining cytarabine and daunorubicin in treating older patients who have acute myeloid leukemia that has not been previously treated.",
          "DetailedDescription":"OBJECTIVES:\n\nDetermine the efficacy of cytarabine and daunorubicin as induction chemotherapy in older patients with previously untreated non-M3 acute myeloid leukemia.\nDetermine the frequency and severity of toxic effects of this regimen in these patients.\n\nOUTLINE: This is a multicenter study.\n\nPatients receive induction chemotherapy comprising daunorubicin IV continuously over days 1-3 and cytarabine IV continuously over days 1-7. Patients may be treated with a second course of induction chemotherapy beginning on day 19 if remission is not achieved at that time. Patients also receive filgrastim (G-CSF) or sargramostim (GM-CSF) IV or subcutaneously daily beginning on day 15 and continuing until blood counts recover.\n\nPatients who achieve remission after the first or second course of induction chemotherapy receive consolidation chemotherapy comprising daunorubicin IV continuously over days 1 and 2 and cytarabine IV continuously over days 1-5. Beginning no earlier than day 19, patients receive a second course of consolidation chemotherapy.\n\nPatients are followed every 3 months for 1 year, every 6 months for 1 year, and then annually for 3 years.\n\nPROJECTED ACCRUAL: Approximately 30-55 patients will be accrued for this study within 8-9 months."
        },
        "ConditionsModule":{
          "ConditionList":{
            "Condition":[
              "Leukemia"
            ]
          },
          "KeywordList":{
            "Keyword":[
              "untreated adult acute myeloid leukemia",
              "adult acute erythroid leukemia (M6)",
              "adult acute myeloblastic leukemia without maturation (M1)",
              "adult acute myeloblastic leukemia with maturation (M2)",
              "adult acute myelomonocytic leukemia (M4)",
              "adult acute monoblastic leukemia (M5a)",
              "adult acute eosinophilic leukemia",
              "adult acute basophilic leukemia",
              "adult acute megakaryoblastic leukemia (M7)",
              "adult acute monocytic leukemia (M5b)",
              "adult acute minimally differentiated myeloid leukemia (M0)"
            ]
          }
        },
        "DesignModule":{
          "StudyType":"Interventional",
          "PhaseList":{
            "Phase":[
              "Phase 2"
            ]
          },
          "DesignInfo":{
            "DesignAllocation":"Non-Randomized",
            "DesignInterventionModel":"Single Group Assignment",
            "DesignPrimaryPurpose":"Treatment",
            "DesignMaskingInfo":{
              "DesignMasking":"None (Open Label)"
            }
          },
          "EnrollmentInfo":{
            "EnrollmentCount":"71",
            "EnrollmentType":"Actual"
          }
        },
        "ArmsInterventionsModule":{
          "InterventionList":{
            "Intervention":[
              {
                "InterventionType":"Biological",
                "InterventionName":"filgrastim",
                "InterventionDescription":"induction: 5 mcg/kg/d IV or SC starting apx day 15"
              },{
                "InterventionType":"Biological",
                "InterventionName":"sargramostim",
                "InterventionDescription":"induction: 250 mcg/m2/d IV or SC starting apx day 1"
              },{
                "InterventionType":"Drug",
                "InterventionName":"cytarabine",
                "InterventionDescription":"ind: 200 mg/m2/d continuous IV days 1-7 consol: 200 mg/m2/d continuous IV days 1-5"
              },{
                "InterventionType":"Drug",
                "InterventionName":"daunorubicin hydrochloride",
                "InterventionDescription":"ind and consol: 45 mg/m2/d continuous IV days 1-3"
              }
            ]
          }
        },
        "OutcomesModule":{
          "PrimaryOutcomeList":{
            "PrimaryOutcome":[
              {
                "PrimaryOutcomeMeasure":"CR",
                "PrimaryOutcomeTimeFrame":"After induction therapy is completed"
              }
            ]
          }
        },
        "EligibilityModule":{
          "EligibilityCriteria":"DISEASE CHARACTERISTICS:\n\nHistologically confirmed acute myeloid leukemia (AML)\n\nNo M3 AML or blastic transformation of chronic myelogenous leukemia\nMust be enrolled on SWOG-9007 and S9910 protocols\n\nPATIENT CHARACTERISTICS:\n\nAge:\n\n56 and over\n\nPerformance status:\n\nZubrod 0-3\n\nLife expectancy:\n\nNot specified\n\nHematopoietic:\n\nNot specified\n\nHepatic:\n\nBilirubin no greater than 2 times upper limit of normal (ULN)\nSGOT or SGPT no greater than 4 times ULN\n\nRenal:\n\nCreatinine no greater than 1.5 times ULN OR\nCreatinine clearance greater than 40 mL/min\n\nCardiovascular:\n\nLVEF at least 50% by MUGA scan or 2-dimensional echocardiogram\nNo unstable cardiac arrhythmias\nNo unstable angina\n\nOther:\n\nNot pregnant or nursing\nFertile patients must use effective contraception\nNo other prior malignancy within the past 5 years except adequately treated basal cell or squamous cell skin cancer, carcinoma in situ of the cervix, or other adequately treated stage I or II cancer in complete remission\n\nPRIOR CONCURRENT THERAPY:\n\nBiologic therapy:\n\nNot specified\n\nChemotherapy:\n\nNo prior systemic chemotherapy for acute leukemia\nPrior hydroxyurea to control high cell counts allowed\nPrior low-dose cytarabine (less than 100 mg/m^2/day) for treatment of myelodysplastic syndrome allowed\nAt least 30 days since prior chemotherapy and recovered\nConcurrent single-dose intrathecal chemotherapy allowed\n\nEndocrine therapy:\n\nNot specified\n\nRadiotherapy:\n\nNot specified\n\nSurgery:\n\nNot specified",
          "HealthyVolunteers":"No",
          "Gender":"All",
          "MinimumAge":"56 Years",
          "StdAgeList":{
            "StdAge":[
              "Adult",
              "Older Adult"
            ]
          }
        },
        "ContactsLocationsModule":{
          "OverallOfficialList":{
            "OverallOfficial":[
              {
                "OverallOfficialName":"Thomas R. Chauncey, MD, PhD",
                "OverallOfficialAffiliation":"University of Washington",
                "OverallOfficialRole":"Study Chair"
              }
            ]
          },
          "LocationList":{
            "Location":[
              {
                "LocationFacility":"MBCCOP - Gulf Coast",
                "LocationCity":"Mobile",
                "LocationState":"Alabama",
                "LocationZip":"36688",
                "LocationCountry":"United States"
              },{
                "LocationFacility":"CCOP - Greater Phoenix",
                "LocationCity":"Phoenix",
                "LocationState":"Arizona",
                "LocationZip":"85006-2726",
                "LocationCountry":"United States"
              },{
                "LocationFacility":"Veterans Affairs Medical Center - Phoenix (Carl T. Hayden)",
                "LocationCity":"Phoenix",
                "LocationState":"Arizona",
                "LocationZip":"85012",
                "LocationCountry":"United States"
              },{
                "LocationFacility":"Veterans Affairs Medical Center - Tucson",
                "LocationCity":"Tucson",
                "LocationState":"Arizona",
                "LocationZip":"85723",
                "LocationCountry":"United States"
              },{
                "LocationFacility":"Arizona Cancer Center",
                "LocationCity":"Tucson",
                "LocationState":"Arizona",
                "LocationZip":"85724",
                "LocationCountry":"United States"
              },{
                "LocationFacility":"University of Arkansas for Medical Sciences",
                "LocationCity":"Little Rock",
                "LocationState":"Arkansas",
                "LocationZip":"72205",
                "LocationCountry":"United States"
              },{
                "LocationFacility":"Veterans Affairs Medical Center - Little Rock (McClellan)",
                "LocationCity":"Little Rock",
                "LocationState":"Arkansas",
                "LocationZip":"72205",
                "LocationCountry":"United States"
              },{
                "LocationFacility":"City of Hope Comprehensive Cancer Center",
                "LocationCity":"Duarte",
                "LocationState":"California",
                "LocationZip":"91010",
                "LocationCountry":"United States"
              },{
                "LocationFacility":"USC/Norris Comprehensive Cancer Center and Hospital",
                "LocationCity":"Los Angeles",
                "LocationState":"California",
                "LocationZip":"90033-0804",
                "LocationCountry":"United States"
              },{
                "LocationFacility":"Veterans Affairs Medical Center - West Los Angeles",
                "LocationCity":"Los Angeles",
                "LocationState":"California",
                "LocationZip":"90073",
                "LocationCountry":"United States"
              },{
                "LocationFacility":"Jonsson Comprehensive Cancer Center, UCLA",
                "LocationCity":"Los Angeles",
                "LocationState":"California",
                "LocationZip":"90095-1781",
                "LocationCountry":"United States"
              },{
                "LocationFacility":"Veterans Affairs Outpatient Clinic - Martinez",
                "LocationCity":"Martinez",
                "LocationState":"California",
                "LocationZip":"94553",
                "LocationCountry":"United States"
              },{
                "LocationFacility":"CCOP - Bay Area Tumor Institute",
                "LocationCity":"Oakland",
                "LocationState":"California",
                "LocationZip":"94609-3305",
                "LocationCountry":"United States"
              },{
                "LocationFacility":"Chao Family Comprehensive Cancer Center",
                "LocationCity":"Orange",
                "LocationState":"California",
                "LocationZip":"92868",
                "LocationCountry":"United States"
              },{
                "LocationFacility":"University of California Davis Medical Center",
                "LocationCity":"Sacramento",
                "LocationState":"California",
                "LocationZip":"95817",
                "LocationCountry":"United States"
              },{
                "LocationFacility":"CCOP - Santa Rosa Memorial Hospital",
                "LocationCity":"Santa Rosa",
                "LocationState":"California",
                "LocationZip":"95403",
                "LocationCountry":"United States"
              },{
                "LocationFacility":"David Grant Medical Center",
                "LocationCity":"Travis Air Force Base",
                "LocationState":"California",
                "LocationZip":"94535",
                "LocationCountry":"United States"
              },{
                "LocationFacility":"University of Colorado Cancer Center",
                "LocationCity":"Denver",
                "LocationState":"Colorado",
                "LocationZip":"80010",
                "LocationCountry":"United States"
              },{
                "LocationFacility":"Veterans Affairs Medical Center - Denver",
                "LocationCity":"Denver",
                "LocationState":"Colorado",
                "LocationZip":"80220",
                "LocationCountry":"United States"
              },{
                "LocationFacility":"MBCCOP - Howard University Cancer Center",
                "LocationCity":"Washington",
                "LocationState":"District of Columbia",
                "LocationZip":"20060",
                "LocationCountry":"United States"
              },{
                "LocationFacility":"CCOP - Atlanta Regional",
                "LocationCity":"Atlanta",
                "LocationState":"Georgia",
                "LocationZip":"30342-1701",
                "LocationCountry":"United States"
              },{
                "LocationFacility":"Dwight David Eisenhower Army Medical Center",
                "LocationCity":"Fort Gordon",
                "LocationState":"Georgia",
                "LocationZip":"30905-5650",
                "LocationCountry":"United States"
              },{
                "LocationFacility":"Cancer Research Center of Hawaii",
                "LocationCity":"Honolulu",
                "LocationState":"Hawaii",
                "LocationZip":"96813-2424",
                "LocationCountry":"United States"
              },{
                "LocationFacility":"Tripler Army Medical Center",
                "LocationCity":"Honolulu",
                "LocationState":"Hawaii",
                "LocationZip":"96859-5000",
                "LocationCountry":"United States"
              },{
                "LocationFacility":"MBCCOP - University of Illinois at Chicago",
                "LocationCity":"Chicago",
                "LocationState":"Illinois",
                "LocationZip":"60612-7323",
                "LocationCountry":"United States"
              },{
                "LocationFacility":"Veterans Affairs Medical Center - Chicago (Westside Hospital)",
                "LocationCity":"Chicago",
                "LocationState":"Illinois",
                "LocationZip":"60612",
                "LocationCountry":"United States"
              },{
                "LocationFacility":"CCOP - Central Illinois",
                "LocationCity":"Decatur",
                "LocationState":"Illinois",
                "LocationZip":"62526",
                "LocationCountry":"United States"
              },{
                "LocationFacility":"Veterans Affairs Medical Center - Hines (Hines Junior VA Hospital)",
                "LocationCity":"Hines",
                "LocationState":"Illinois",
                "LocationZip":"60141",
                "LocationCountry":"United States"
              },{
                "LocationFacility":"Loyola University Medical Center",
                "LocationCity":"Maywood",
                "LocationState":"Illinois",
                "LocationZip":"60153-5500",
                "LocationCountry":"United States"
              },{
                "LocationFacility":"University of Kansas Medical Center",
                "LocationCity":"Kansas City",
                "LocationState":"Kansas",
                "LocationZip":"66160-7353",
                "LocationCountry":"United States"
              },{
                "LocationFacility":"CCOP - Wichita",
                "LocationCity":"Wichita",
                "LocationState":"Kansas",
                "LocationZip":"67214-3882",
                "LocationCountry":"United States"
              },{
                "LocationFacility":"Veterans Affairs Medical Center - Wichita",
                "LocationCity":"Wichita",
                "LocationState":"Kansas",
                "LocationZip":"67218",
                "LocationCountry":"United States"
              },{
                "LocationFacility":"Veterans Affairs Medical Center - Lexington",
                "LocationCity":"Lexington",
                "LocationState":"Kentucky",
                "LocationZip":"40502-2236",
                "LocationCountry":"United States"
              },{
                "LocationFacility":"Albert B. Chandler Medical Center, University of Kentucky",
                "LocationCity":"Lexington",
                "LocationState":"Kentucky",
                "LocationZip":"40536-0084",
                "LocationCountry":"United States"
              },{
                "LocationFacility":"MBCCOP - LSU Medical Center",
                "LocationCity":"New Orleans",
                "LocationState":"Louisiana",
                "LocationZip":"70112",
                "LocationCountry":"United States"
              },{
                "LocationFacility":"Tulane University School of Medicine",
                "LocationCity":"New Orleans",
                "LocationState":"Louisiana",
                "LocationZip":"70112",
                "LocationCountry":"United States"
              },{
                "LocationFacility":"Veterans Affairs Medical Center - New Orleans",
                "LocationCity":"New Orleans",
                "LocationState":"Louisiana",
                "LocationZip":"70112",
                "LocationCountry":"United States"
              },{
                "LocationFacility":"Louisiana State University Health Sciences Center - Shreveport",
                "LocationCity":"Shreveport",
                "LocationState":"Louisiana",
                "LocationZip":"71130-3932",
                "LocationCountry":"United States"
              },{
                "LocationFacility":"Veterans Affairs Medical Center - Shreveport",
                "LocationCity":"Shreveport",
                "LocationState":"Louisiana",
                "LocationZip":"71130",
                "LocationCountry":"United States"
              },{
                "LocationFacility":"Boston Medical Center",
                "LocationCity":"Boston",
                "LocationState":"Massachusetts",
                "LocationZip":"02118",
                "LocationCountry":"United States"
              },{
                "LocationFacility":"Veterans Affairs Medical Center - Boston (Jamaica Plain)",
                "LocationCity":"Jamaica Plain",
                "LocationState":"Massachusetts",
                "LocationZip":"02130",
                "LocationCountry":"United States"
              },{
                "LocationFacility":"Veterans Affairs Medical Center - Ann Arbor",
                "LocationCity":"Ann Arbor",
                "LocationState":"Michigan",
                "LocationZip":"48105",
                "LocationCountry":"United States"
              },{
                "LocationFacility":"CCOP - Ann Arbor Regional",
                "LocationCity":"Ann Arbor",
                "LocationState":"Michigan",
                "LocationZip":"48106",
                "LocationCountry":"United States"
              },{
                "LocationFacility":"University of Michigan Comprehensive Cancer Center",
                "LocationCity":"Ann Arbor",
                "LocationState":"Michigan",
                "LocationZip":"48109-0912",
                "LocationCountry":"United States"
              },{
                "LocationFacility":"Barbara Ann Karmanos Cancer Institute",
                "LocationCity":"Detroit",
                "LocationState":"Michigan",
                "LocationZip":"48201-1379",
                "LocationCountry":"United States"
              },{
                "LocationFacility":"Veterans Affairs Medical Center - Detroit",
                "LocationCity":"Detroit",
                "LocationState":"Michigan",
                "LocationZip":"48201-1932",
                "LocationCountry":"United States"
              },{
                "LocationFacility":"Henry Ford Hospital",
                "LocationCity":"Detroit",
                "LocationState":"Michigan",
                "LocationZip":"48202",
                "LocationCountry":"United States"
              },{
                "LocationFacility":"CCOP - Grand Rapids",
                "LocationCity":"Grand Rapids",
                "LocationState":"Michigan",
                "LocationZip":"49503",
                "LocationCountry":"United States"
              },{
                "LocationFacility":"CCOP - Beaumont",
                "LocationCity":"Royal Oak",
                "LocationState":"Michigan",
                "LocationZip":"48073-6769",
                "LocationCountry":"United States"
              },{
                "LocationFacility":"Providence Hospital - Southfield",
                "LocationCity":"Southfield",
                "LocationState":"Michigan",
                "LocationZip":"48075-9975",
                "LocationCountry":"United States"
              },{
                "LocationFacility":"CCOP - Duluth",
                "LocationCity":"Duluth",
                "LocationState":"Minnesota",
                "LocationZip":"55805",
                "LocationCountry":"United States"
              },{
                "LocationFacility":"Veterans Affairs Medical Center - Biloxi",
                "LocationCity":"Biloxi",
                "LocationState":"Mississippi",
                "LocationZip":"39531-2410",
                "LocationCountry":"United States"
              },{
                "LocationFacility":"University of Mississippi Medical Center",
                "LocationCity":"Jackson",
                "LocationState":"Mississippi",
                "LocationZip":"39216-4505",
                "LocationCountry":"United States"
              },{
                "LocationFacility":"Veterans Affairs Medical Center - Jackson",
                "LocationCity":"Jackson",
                "LocationState":"Mississippi",
                "LocationZip":"39216",
                "LocationCountry":"United States"
              },{
                "LocationFacility":"Keesler Medical Center - Keesler AFB",
                "LocationCity":"Keesler AFB",
                "LocationState":"Mississippi",
                "LocationZip":"39534-2576",
                "LocationCountry":"United States"
              },{
                "LocationFacility":"Veterans Affairs Medical Center - Kansas City",
                "LocationCity":"Kansas City",
                "LocationState":"Missouri",
                "LocationZip":"64128",
                "LocationCountry":"United States"
              },{
                "LocationFacility":"CCOP - Kansas City",
                "LocationCity":"Kansas City",
                "LocationState":"Missouri",
                "LocationZip":"64131",
                "LocationCountry":"United States"
              },{
                "LocationFacility":"St. Louis University Health Sciences Center",
                "LocationCity":"Saint Louis",
                "LocationState":"Missouri",
                "LocationZip":"63110",
                "LocationCountry":"United States"
              },{
                "LocationFacility":"CCOP - St. Louis-Cape Girardeau",
                "LocationCity":"Saint Louis",
                "LocationState":"Missouri",
                "LocationZip":"63141",
                "LocationCountry":"United States"
              },{
                "LocationFacility":"CCOP - Cancer Research for the Ozarks",
                "LocationCity":"Springfield",
                "LocationState":"Missouri",
                "LocationZip":"65807",
                "LocationCountry":"United States"
              },{
                "LocationFacility":"CCOP - Montana Cancer Consortium",
                "LocationCity":"Billings",
                "LocationState":"Montana",
                "LocationZip":"59101",
                "LocationCountry":"United States"
              },{
                "LocationFacility":"Veterans Affairs Medical Center - Albuquerque",
                "LocationCity":"Albuquerque",
                "LocationState":"New Mexico",
                "LocationZip":"87108-5138",
                "LocationCountry":"United States"
              },{
                "LocationFacility":"MBCCOP - University of New Mexico HSC",
                "LocationCity":"Albuquerque",
                "LocationState":"New Mexico",
                "LocationZip":"87131",
                "LocationCountry":"United States"
              },{
                "LocationFacility":"Veterans Affairs Medical Center - Albany",
                "LocationCity":"Albany",
                "LocationState":"New York",
                "LocationZip":"12208",
                "LocationCountry":"United States"
              },{
                "LocationFacility":"Herbert Irving Comprehensive Cancer Center",
                "LocationCity":"New York",
                "LocationState":"New York",
                "LocationZip":"10032",
                "LocationCountry":"United States"
              },{
                "LocationFacility":"University of Rochester Medical Center",
                "LocationCity":"Rochester",
                "LocationState":"New York",
                "LocationZip":"14642",
                "LocationCountry":"United States"
              },{
                "LocationFacility":"CCOP - Southeast Cancer Control Consortium",
                "LocationCity":"Winston-Salem",
                "LocationState":"North Carolina",
                "LocationZip":"27104-4241",
                "LocationCountry":"United States"
              },{
                "LocationFacility":"Veterans Affairs Medical Center - Cincinnati",
                "LocationCity":"Cincinnati",
                "LocationState":"Ohio",
                "LocationZip":"45220-2288",
                "LocationCountry":"United States"
              },{
                "LocationFacility":"Barrett Cancer Center",
                "LocationCity":"Cincinnati",
                "LocationState":"Ohio",
                "LocationZip":"45267-0501",
                "LocationCountry":"United States"
              },{
                "LocationFacility":"Cleveland Clinic Taussig Cancer Center",
                "LocationCity":"Cleveland",
                "LocationState":"Ohio",
                "LocationZip":"44195-9001",
                "LocationCountry":"United States"
              },{
                "LocationFacility":"CCOP - Columbus",
                "LocationCity":"Columbus",
                "LocationState":"Ohio",
                "LocationZip":"43206",
                "LocationCountry":"United States"
              },{
                "LocationFacility":"Arthur G. James Cancer Hospital - Ohio State University",
                "LocationCity":"Columbus",
                "LocationState":"Ohio",
                "LocationZip":"43210-1240",
                "LocationCountry":"United States"
              },{
                "LocationFacility":"Veterans Affairs Medical Center - Dayton",
                "LocationCity":"Dayton",
                "LocationState":"Ohio",
                "LocationZip":"45428",
                "LocationCountry":"United States"
              },{
                "LocationFacility":"CCOP - Dayton",
                "LocationCity":"Kettering",
                "LocationState":"Ohio",
                "LocationZip":"45429",
                "LocationCountry":"United States"
              },{
                "LocationFacility":"Oklahoma Medical Research Foundation",
                "LocationCity":"Oklahoma City",
                "LocationState":"Oklahoma",
                "LocationZip":"73104",
                "LocationCountry":"United States"
              },{
                "LocationFacility":"Veterans Affairs Medical Center - Oklahoma City",
                "LocationCity":"Oklahoma City",
                "LocationState":"Oklahoma",
                "LocationZip":"73104",
                "LocationCountry":"United States"
              },{
                "LocationFacility":"Veterans Affairs Medical Center - Portland",
                "LocationCity":"Portland",
                "LocationState":"Oregon",
                "LocationZip":"97207",
                "LocationCountry":"United States"
              },{
                "LocationFacility":"CCOP - Columbia River Program",
                "LocationCity":"Portland",
                "LocationState":"Oregon",
                "LocationZip":"97225",
                "LocationCountry":"United States"
              },{
                "LocationFacility":"Oregon Cancer Institute",
                "LocationCity":"Portland",
                "LocationState":"Oregon",
                "LocationZip":"97239",
                "LocationCountry":"United States"
              },{
                "LocationFacility":"Veterans Affairs Medical Center - Charleston",
                "LocationCity":"Charleston",
                "LocationState":"South Carolina",
                "LocationZip":"29401-5799",
                "LocationCountry":"United States"
              },{
                "LocationFacility":"Medical University of South Carolina",
                "LocationCity":"Charleston",
                "LocationState":"South Carolina",
                "LocationZip":"29425-0721",
                "LocationCountry":"United States"
              },{
                "LocationFacility":"CCOP - Greenville",
                "LocationCity":"Greenville",
                "LocationState":"South Carolina",
                "LocationZip":"29615",
                "LocationCountry":"United States"
              },{
                "LocationFacility":"CCOP - Upstate Carolina",
                "LocationCity":"Spartanburg",
                "LocationState":"South Carolina",
                "LocationZip":"29303",
                "LocationCountry":"United States"
              },{
                "LocationFacility":"Brooke Army Medical Center",
                "LocationCity":"Fort Sam Houston",
                "LocationState":"Texas",
                "LocationZip":"78234-6200",
                "LocationCountry":"United States"
              },{
                "LocationFacility":"University of Texas Medical Branch",
                "LocationCity":"Galveston",
                "LocationState":"Texas",
                "LocationZip":"77555-0565",
                "LocationCountry":"United States"
              },{
                "LocationFacility":"Veterans Affairs Medical Center - Houston",
                "LocationCity":"Houston",
                "LocationState":"Texas",
                "LocationZip":"77030",
                "LocationCountry":"United States"
              },{
                "LocationFacility":"University of Texas Health Science Center at San Antonio",
                "LocationCity":"San Antonio",
                "LocationState":"Texas",
                "LocationZip":"78284-7845",
                "LocationCountry":"United States"
              },{
                "LocationFacility":"Veterans Affairs Medical Center - San Antonio (Murphy)",
                "LocationCity":"San Antonio",
                "LocationState":"Texas",
                "LocationZip":"78284",
                "LocationCountry":"United States"
              },{
                "LocationFacility":"Veterans Affairs Medical Center - Temple",
                "LocationCity":"Temple",
                "LocationState":"Texas",
                "LocationZip":"76504",
                "LocationCountry":"United States"
              },{
                "LocationFacility":"CCOP - Scott and White Hospital",
                "LocationCity":"Temple",
                "LocationState":"Texas",
                "LocationZip":"76508",
                "LocationCountry":"United States"
              },{
                "LocationFacility":"Huntsman Cancer Institute",
                "LocationCity":"Salt Lake City",
                "LocationState":"Utah",
                "LocationZip":"84112-5550",
                "LocationCountry":"United States"
              },{
                "LocationFacility":"Veterans Affairs Medical Center - Salt Lake City",
                "LocationCity":"Salt Lake City",
                "LocationState":"Utah",
                "LocationZip":"84148",
                "LocationCountry":"United States"
              },{
                "LocationFacility":"CCOP - Virginia Mason Research Center",
                "LocationCity":"Seattle",
                "LocationState":"Washington",
                "LocationZip":"98101",
                "LocationCountry":"United States"
              },{
                "LocationFacility":"Swedish Cancer Institute",
                "LocationCity":"Seattle",
                "LocationState":"Washington",
                "LocationZip":"98104",
                "LocationCountry":"United States"
              },{
                "LocationFacility":"Veterans Affairs Medical Center - Seattle",
                "LocationCity":"Seattle",
                "LocationState":"Washington",
                "LocationZip":"98108",
                "LocationCountry":"United States"
              },{
                "LocationFacility":"University of Washington School of Medicine",
                "LocationCity":"Seattle",
                "LocationState":"Washington",
                "LocationZip":"98195",
                "LocationCountry":"United States"
              },{
                "LocationFacility":"CCOP - Northwest",
                "LocationCity":"Tacoma",
                "LocationState":"Washington",
                "LocationZip":"98405-0986",
                "LocationCountry":"United States"
              },{
                "LocationFacility":"Madigan Army Medical Center",
                "LocationCity":"Tacoma",
                "LocationState":"Washington",
                "LocationZip":"98431-5000",
                "LocationCountry":"United States"
              }
            ]
          }
        },
        "ReferencesModule":{
          "ReferenceList":{
            "Reference":[
              {
                "ReferencePMID":"16455952",
                "ReferenceType":"background",
                "ReferenceCitation":"Appelbaum FR, Gundacker H, Head DR, Slovak ML, Willman CL, Godwin JE, Anderson JE, Petersdorf SH. Age and acute myeloid leukemia. Blood. 2006 May 1;107(9):3481-5. Epub 2006 Feb 2."
              },{
                "ReferencePMID":"25527568",
                "ReferenceType":"derived",
                "ReferenceCitation":"Medeiros BC, Othus M, Fang M, Appelbaum FR, Erba HP. Cytogenetic heterogeneity negatively impacts outcomes in patients with acute myeloid leukemia. Haematologica. 2015 Mar;100(3):331-5. doi: 10.3324/haematol.2014.117267. Epub 2014 Dec 19."
              },{
                "ReferencePMID":"24383844",
                "ReferenceType":"derived",
                "ReferenceCitation":"Medeiros BC, Othus M, Estey EH, Fang M, Appelbaum FR. Unsuccessful diagnostic cytogenetic analysis is a poor prognostic feature in acute myeloid leukaemia. Br J Haematol. 2014 Jan;164(2):245-50. doi: 10.1111/bjh.12625. Epub 2013 Oct 28."
              }
            ]
          }
        }
      },
      "DerivedSection":{
        "MiscInfoModule":{
          "VersionHolder":"April 19, 2021"
        },
        "ConditionBrowseModule":{
          "ConditionMeshList":{
            "ConditionMesh":[
              {
                "ConditionMeshId":"D000007938",
                "ConditionMeshTerm":"Leukemia"
              },{
                "ConditionMeshId":"D000007951",
                "ConditionMeshTerm":"Leukemia, Myeloid"
              },{
                "ConditionMeshId":"D000015470",
                "ConditionMeshTerm":"Leukemia, Myeloid, Acute"
              }
            ]
          },
          "ConditionAncestorList":{
            "ConditionAncestor":[
              {
                "ConditionAncestorId":"D000009370",
                "ConditionAncestorTerm":"Neoplasms by Histologic Type"
              },{
                "ConditionAncestorId":"D000009369",
                "ConditionAncestorTerm":"Neoplasms"
              }
            ]
          },
          "ConditionBrowseLeafList":{
            "ConditionBrowseLeaf":[
              {
                "ConditionBrowseLeafId":"M9528",
                "ConditionBrowseLeafName":"Leukemia",
                "ConditionBrowseLeafAsFound":"Leukemia",
                "ConditionBrowseLeafRelevance":"high"
              },{
                "ConditionBrowseLeafId":"M9538",
                "ConditionBrowseLeafName":"Leukemia, Myeloid",
                "ConditionBrowseLeafAsFound":"Myeloid Leukemia",
                "ConditionBrowseLeafRelevance":"high"
              },{
                "ConditionBrowseLeafId":"M16710",
                "ConditionBrowseLeafName":"Leukemia, Myeloid, Acute",
                "ConditionBrowseLeafAsFound":"Acute Myeloid Leukemia",
                "ConditionBrowseLeafRelevance":"high"
              },{
                "ConditionBrowseLeafId":"M16717",
                "ConditionBrowseLeafName":"Leukemia, Myelomonocytic, Acute",
                "ConditionBrowseLeafRelevance":"low"
              },{
                "ConditionBrowseLeafId":"M6649",
                "ConditionBrowseLeafName":"Leukemia, Erythroblastic, Acute",
                "ConditionBrowseLeafRelevance":"low"
              },{
                "ConditionBrowseLeafId":"M9536",
                "ConditionBrowseLeafName":"Leukemia, Megakaryoblastic, Acute",
                "ConditionBrowseLeafRelevance":"low"
              },{
                "ConditionBrowseLeafId":"M9537",
                "ConditionBrowseLeafName":"Leukemia, Monocytic, Acute",
                "ConditionBrowseLeafRelevance":"low"
              },{
                "ConditionBrowseLeafId":"M16711",
                "ConditionBrowseLeafName":"Leukemia, Basophilic, Acute",
                "ConditionBrowseLeafRelevance":"low"
              },{
                "ConditionBrowseLeafId":"M16712",
                "ConditionBrowseLeafName":"Leukemia, Eosinophilic, Acute",
                "ConditionBrowseLeafRelevance":"low"
              },{
                "ConditionBrowseLeafId":"M10898",
                "ConditionBrowseLeafName":"Neoplasms by Histologic Type",
                "ConditionBrowseLeafRelevance":"low"
              },{
                "ConditionBrowseLeafId":"T3995",
                "ConditionBrowseLeafName":"Myeloid Leukemia",
                "ConditionBrowseLeafAsFound":"Myeloid Leukemia",
                "ConditionBrowseLeafRelevance":"high"
              },{
                "ConditionBrowseLeafId":"T182",
                "ConditionBrowseLeafName":"Acute Myeloid Leukemia",
                "ConditionBrowseLeafAsFound":"Acute Myeloid Leukemia",
                "ConditionBrowseLeafRelevance":"high"
              },{
                "ConditionBrowseLeafId":"T188",
                "ConditionBrowseLeafName":"Acute Non Lymphoblastic Leukemia",
                "ConditionBrowseLeafAsFound":"Acute Myeloid Leukemia",
                "ConditionBrowseLeafRelevance":"high"
              },{
                "ConditionBrowseLeafId":"T185",
                "ConditionBrowseLeafName":"Acute Myelomonocytic Leukemia",
                "ConditionBrowseLeafRelevance":"low"
              },{
                "ConditionBrowseLeafId":"T166",
                "ConditionBrowseLeafName":"Acute Erythroid Leukemia",
                "ConditionBrowseLeafRelevance":"low"
              },{
                "ConditionBrowseLeafId":"T1834",
                "ConditionBrowseLeafName":"Di Guglielmo's Syndrome",
                "ConditionBrowseLeafRelevance":"low"
              },{
                "ConditionBrowseLeafId":"T177",
                "ConditionBrowseLeafName":"Acute Megakaryoblastic Leukemia",
                "ConditionBrowseLeafRelevance":"low"
              },{
                "ConditionBrowseLeafId":"T180",
                "ConditionBrowseLeafName":"Acute Myeloblastic Leukemia With Maturation",
                "ConditionBrowseLeafRelevance":"low"
              },{
                "ConditionBrowseLeafId":"T181",
                "ConditionBrowseLeafName":"Acute Myeloblastic Leukemia Without Maturation",
                "ConditionBrowseLeafRelevance":"low"
              },{
                "ConditionBrowseLeafId":"T178",
                "ConditionBrowseLeafName":"Acute Monoblastic Leukemia",
                "ConditionBrowseLeafRelevance":"low"
              }
            ]
          },
          "ConditionBrowseBranchList":{
            "ConditionBrowseBranch":[
              {
                "ConditionBrowseBranchAbbrev":"BC04",
                "ConditionBrowseBranchName":"Cancers and Other Neoplasms"
              },{
                "ConditionBrowseBranchAbbrev":"All",
                "ConditionBrowseBranchName":"All Conditions"
              },{
                "ConditionBrowseBranchAbbrev":"BC15",
                "ConditionBrowseBranchName":"Blood and Lymph Conditions"
              },{
                "ConditionBrowseBranchAbbrev":"Rare",
                "ConditionBrowseBranchName":"Rare Diseases"
              }
            ]
          }
        },
        "InterventionBrowseModule":{
          "InterventionMeshList":{
            "InterventionMesh":[
              {
                "InterventionMeshId":"D000003561",
                "InterventionMeshTerm":"Cytarabine"
              },{
                "InterventionMeshId":"D000003630",
                "InterventionMeshTerm":"Daunorubicin"
              },{
                "InterventionMeshId":"C000081222",
                "InterventionMeshTerm":"Sargramostim"
              }
            ]
          },
          "InterventionAncestorList":{
            "InterventionAncestor":[
              {
                "InterventionAncestorId":"D000007155",
                "InterventionAncestorTerm":"Immunologic Factors"
              },{
                "InterventionAncestorId":"D000045505",
                "InterventionAncestorTerm":"Physiological Effects of Drugs"
              },{
                "InterventionAncestorId":"D000000964",
                "InterventionAncestorTerm":"Antimetabolites, Antineoplastic"
              },{
                "InterventionAncestorId":"D000000963",
                "InterventionAncestorTerm":"Antimetabolites"
              },{
                "InterventionAncestorId":"D000045504",
                "InterventionAncestorTerm":"Molecular Mechanisms of Pharmacological Action"
              },{
                "InterventionAncestorId":"D000000970",
                "InterventionAncestorTerm":"Antineoplastic Agents"
              },{
                "InterventionAncestorId":"D000000998",
                "InterventionAncestorTerm":"Antiviral Agents"
              },{
                "InterventionAncestorId":"D000000890",
                "InterventionAncestorTerm":"Anti-Infective Agents"
              },{
                "InterventionAncestorId":"D000007166",
                "InterventionAncestorTerm":"Immunosuppressive Agents"
              },{
                "InterventionAncestorId":"D000000903",
                "InterventionAncestorTerm":"Antibiotics, Antineoplastic"
              },{
                "InterventionAncestorId":"D000059005",
                "InterventionAncestorTerm":"Topoisomerase II Inhibitors"
              },{
                "InterventionAncestorId":"D000059003",
                "InterventionAncestorTerm":"Topoisomerase Inhibitors"
              },{
                "InterventionAncestorId":"D000004791",
                "InterventionAncestorTerm":"Enzyme Inhibitors"
              }
            ]
          },
          "InterventionBrowseLeafList":{
            "InterventionBrowseLeaf":[
              {
                "InterventionBrowseLeafId":"M5349",
                "InterventionBrowseLeafName":"Cytarabine",
                "InterventionBrowseLeafAsFound":"Diagnostic",
                "InterventionBrowseLeafRelevance":"high"
              },{
                "InterventionBrowseLeafId":"M266484",
                "InterventionBrowseLeafName":"Molgramostim",
                "InterventionBrowseLeafRelevance":"low"
              },{
                "InterventionBrowseLeafId":"M5415",
                "InterventionBrowseLeafName":"Daunorubicin",
                "InterventionBrowseLeafAsFound":"Diffusion",
                "InterventionBrowseLeafRelevance":"high"
              },{
                "InterventionBrowseLeafId":"M267719",
                "InterventionBrowseLeafName":"Sargramostim",
                "InterventionBrowseLeafAsFound":"Irinotecan",
                "InterventionBrowseLeafRelevance":"high"
              },{
                "InterventionBrowseLeafId":"M1945",
                "InterventionBrowseLeafName":"Lenograstim",
                "InterventionBrowseLeafRelevance":"low"
              },{
                "InterventionBrowseLeafId":"M8784",
                "InterventionBrowseLeafName":"Immunologic Factors",
                "InterventionBrowseLeafRelevance":"low"
              },{
                "InterventionBrowseLeafId":"M2862",
                "InterventionBrowseLeafName":"Antimetabolites",
                "InterventionBrowseLeafRelevance":"low"
              },{
                "InterventionBrowseLeafId":"M2895",
                "InterventionBrowseLeafName":"Antiviral Agents",
                "InterventionBrowseLeafRelevance":"low"
              },{
                "InterventionBrowseLeafId":"M2795",
                "InterventionBrowseLeafName":"Anti-Infective Agents",
                "InterventionBrowseLeafRelevance":"low"
              },{
                "InterventionBrowseLeafId":"M8795",
                "InterventionBrowseLeafName":"Immunosuppressive Agents",
                "InterventionBrowseLeafRelevance":"low"
              },{
                "InterventionBrowseLeafId":"M2803",
                "InterventionBrowseLeafName":"Anti-Bacterial Agents",
                "InterventionBrowseLeafRelevance":"low"
              },{
                "InterventionBrowseLeafId":"M2805",
                "InterventionBrowseLeafName":"Antibiotics, Antitubercular",
                "InterventionBrowseLeafRelevance":"low"
              }
            ]
          },
          "InterventionBrowseBranchList":{
            "InterventionBrowseBranch":[
              {
                "InterventionBrowseBranchAbbrev":"Infe",
                "InterventionBrowseBranchName":"Anti-Infective Agents"
              },{
                "InterventionBrowseBranchAbbrev":"ANeo",
                "InterventionBrowseBranchName":"Antineoplastic Agents"
              },{
                "InterventionBrowseBranchAbbrev":"All",
                "InterventionBrowseBranchName":"All Drugs and Chemicals"
              }
            ]
          }
        }
      }
    }
  }
}

