{
  "FullStudy":{
    "Rank":367972,
    "Study":{
      "ProtocolSection":{
        "IdentificationModule":{
          "NCTId":"NCT00023504",
          "OrgStudyIdInfo":{
            "OrgStudyId":"010226"
          },
          "SecondaryIdInfoList":{
            "SecondaryIdInfo":[
              {
                "SecondaryId":"01-I-0226"
              }
            ]
          },
          "Organization":{
            "OrgFullName":"National Institutes of Health Clinical Center (CC)",
            "OrgClass":"NIH"
          },
          "BriefTitle":"Antibody Production in Immune Disorders",
          "OfficialTitle":"Evaluation of Immune Response to Vaccines in Primary Immune Disorders"
        },
        "StatusModule":{
          "StatusVerifiedDate":"October 23, 2020",
          "OverallStatus":"Recruiting",
          "ExpandedAccessInfo":{
            "HasExpandedAccess":"No"
          },
          "StartDateStruct":{
            "StartDate":"June 13, 2002",
            "StartDateType":"Actual"
          },
          "PrimaryCompletionDateStruct":{
            "PrimaryCompletionDate":"September 19, 2026",
            "PrimaryCompletionDateType":"Anticipated"
          },
          "CompletionDateStruct":{
            "CompletionDate":"September 19, 2026",
            "CompletionDateType":"Anticipated"
          },
          "StudyFirstSubmitDate":"September 7, 2001",
          "StudyFirstSubmitQCDate":"September 7, 2001",
          "StudyFirstPostDateStruct":{
            "StudyFirstPostDate":"September 10, 2001",
            "StudyFirstPostDateType":"Estimate"
          },
          "LastUpdateSubmitDate":"November 26, 2020",
          "LastUpdatePostDateStruct":{
            "LastUpdatePostDate":"November 30, 2020",
            "LastUpdatePostDateType":"Actual"
          }
        },
        "SponsorCollaboratorsModule":{
          "ResponsibleParty":{
            "ResponsiblePartyType":"Sponsor"
          },
          "LeadSponsor":{
            "LeadSponsorName":"National Institute of Allergy and Infectious Diseases (NIAID)",
            "LeadSponsorClass":"NIH"
          }
        },
        "OversightModule":{
          "IsFDARegulatedDrug":"Yes",
          "IsFDARegulatedDevice":"No"
        },
        "DescriptionModule":{
          "BriefSummary":"This study will evaluate immune function in people with a known or suspected immune disorder. It will determine participants immune response to vaccines by measuring blood antibody levels after vaccination.\n\nPatients enrolled in a NIH protocol involving immune reconstitution (bone marrow transplantation or gene therapy) for a known or suspected primary immune disorder may be eligible for this study.\n\nParticipants may be asked to have more than one vaccine, based on their age, use of IVIG, past immunization history and underlying immune problem. The possible vaccinations include:\n\nRabies vaccine\n\nDiphtheria and tetanus booster\n\n23 valent pneumococcal polysaccharide vaccine\n\nPneumococcal 7-valent conjugate vaccine\n\nThe diphtheria, tetanus, pneumococcus and rabies vaccines are approved by the Food and Drug Administration (FDA) and used routinely to protect against disease.\n\nStudy participants will have a blood sample drawn before vaccination. The number of additional samples collected will vary according to the vaccines administered; 1 for rabies; 1 for tetanus; and 1 to 2 for the pneumococcal vaccines. Each sample will be up to 5 teaspoonfuls. Participation in the study may last up to a year, depending on the blood sampling scheduling",
          "DetailedDescription":"The purpose of this study is to evaluate immune responses to vaccines in subjects (both children and adults) with known or suspected primary immune disorders. We intend to characterize immune responsiveness to standard, well characterized antigens (vaccines) in subjects with primary immune disorders, and/or in subjects who have received treatments to correct their primary immune disorders. This will be an open label, prospective study investigating the functional status of the adaptive immune system. Up to 50 subjects may be enrolled. It is anticipated that subjects will be referred by any investigators at NIH studying inherited disorders of the immune system under their own protocols.\n\nAfter giving standard vaccines, we will test specific antibody. The vaccines include licensed and universally mandated diphtheria and tetanus toxoid, two licensed pneumococcal vaccine formulations recommended for protection of children from pneumonia, and rabies vaccine licensed in 1997 (not the formerly available reaction-prone formulation). We will obtain peripheral blood samples from subjects before vaccination and at a specific time intervals after vaccination. Measurement of specific antibody titers will be conducted by the immunology laboratory at the Department of Laboratory Medicin at the NIH. Subjects may be offered one or more of the vaccines based on available information about their exposure history and their immune status, and the vaccines may be offered sequentially or in combination to shorten study time.\n\nWhile the vaccines used here are often medically indicated and given outside of research protocols both to provide protection and to assess immune responses, the investigators have elected to use a protocol for the following reasons:\n\nEnhancement of subject understanding of the use of vaccines for in vivo assessment of immune responses.\nEmphasis on the importance of obtaining pre- and post-immunization blood samples to monitor how well the body's immune system is working.\nAdministration of rabies vaccine to subjects who would not ordinarily need it.\nRecognition that vaccine side effects have been widely publicized and may be of concern to potential enrollees."
        },
        "ConditionsModule":{
          "ConditionList":{
            "Condition":[
              "Primary Immune Deficiency"
            ]
          },
          "KeywordList":{
            "Keyword":[
              "Antibody",
              "Vaccination"
            ]
          }
        },
        "DesignModule":{
          "StudyType":"Interventional",
          "PhaseList":{
            "Phase":[
              "Phase 4"
            ]
          },
          "DesignInfo":{
            "DesignAllocation":"Non-Randomized",
            "DesignInterventionModel":"Sequential Assignment",
            "DesignPrimaryPurpose":"Treatment",
            "DesignMaskingInfo":{
              "DesignMasking":"None (Open Label)"
            }
          },
          "EnrollmentInfo":{
            "EnrollmentCount":"50",
            "EnrollmentType":"Anticipated"
          }
        },
        "ArmsInterventionsModule":{
          "ArmGroupList":{
            "ArmGroup":[
              {
                "ArmGroupLabel":"Pneumococcal Vaccine",
                "ArmGroupType":"Active Comparator",
                "ArmGroupDescription":"To determine the function of T and B cells in vivo using Pneumococcal vaccine immunization in patients with known or suspected immune disorders.",
                "ArmGroupInterventionList":{
                  "ArmGroupInterventionName":[
                    "Biological: Pneumovax",
                    "Biological: Prevnar",
                    "Biological: Tetanus diphtheria toxoid"
                  ]
                }
              },{
                "ArmGroupLabel":"Rabies Vaccine",
                "ArmGroupType":"Active Comparator",
                "ArmGroupDescription":"To determine the function of T and B cells in vivo using Rabies vaccine immunization in patients with known or suspected immune disorders.",
                "ArmGroupInterventionList":{
                  "ArmGroupInterventionName":[
                    "Biological: Rabavert"
                  ]
                }
              }
            ]
          },
          "InterventionList":{
            "Intervention":[
              {
                "InterventionType":"Biological",
                "InterventionName":"Pneumovax",
                "InterventionDescription":"To determine the function of T and B cells in vivo using immunizations in patients with known or suspected immune disorders.",
                "InterventionArmGroupLabelList":{
                  "InterventionArmGroupLabel":[
                    "Pneumococcal Vaccine"
                  ]
                }
              },{
                "InterventionType":"Biological",
                "InterventionName":"Rabavert",
                "InterventionDescription":"To determine the function of T and B cells in vivo using immunizations in patients with known or suspected immune disorders.",
                "InterventionArmGroupLabelList":{
                  "InterventionArmGroupLabel":[
                    "Rabies Vaccine"
                  ]
                }
              },{
                "InterventionType":"Biological",
                "InterventionName":"Prevnar",
                "InterventionDescription":"To determine the function of T and B cells in vivo using immunizations in patients with known or suspected immune disorders.",
                "InterventionArmGroupLabelList":{
                  "InterventionArmGroupLabel":[
                    "Pneumococcal Vaccine"
                  ]
                }
              },{
                "InterventionType":"Biological",
                "InterventionName":"Tetanus diphtheria toxoid",
                "InterventionDescription":"To determine the function of T and B cells in vivo using immunizations in patients with known or suspected immune disorders.",
                "InterventionArmGroupLabelList":{
                  "InterventionArmGroupLabel":[
                    "Pneumococcal Vaccine"
                  ]
                }
              }
            ]
          }
        },
        "OutcomesModule":{
          "PrimaryOutcomeList":{
            "PrimaryOutcome":[
              {
                "PrimaryOutcomeMeasure":"Post vaccine antibody level",
                "PrimaryOutcomeDescription":"To determine the function of T and B cells in vivo using immunizations in patients with known or suspected immune disorders.",
                "PrimaryOutcomeTimeFrame":"28 days"
              }
            ]
          }
        },
        "EligibilityModule":{
          "EligibilityCriteria":"INCLUSION CRITERIA:\n\nIndividuals being evaluated by NIH investigators for known or suspected primary immune disorders.\n\nWomen of childbearing potential and men must agree to use adequate contraception (hormonal or barrier method of birth control; abstinence) for at least 21 days prior to receipt of each vaccine and for the duration of study participation.\n\nEXCLUSION CRITERIA:\n\nDocumented HIV infection.\n\nActive malignancy.\n\nImmunosuppressive therapy, other than steroids.\n\nSymptomatic cardiac disease or ongoing treatment for it.\n\nPregnant or lactating women (due to restrictions on use of vaccines).\n\nSurgery during the two weeks prior to entry.\n\nSerious, ongoing, or uncontrolled infections.\n\nPlatelet count less than 40,000/microL or other coagulation disorder.\n\nAny other major illness that, in the investigator's judgment, may substantially increase the risk associated with the patient's participation in this study.\n\nHistory of previous systemic reaction to the particular vaccine product being considered for administration.\n\nFor RabAvert, persons known to be sensitive to:\n\nProcessed bovine gelatin\nChicken protein\nNeomycin\nChlortetrycyline\nAmphotericin B\n\nFor Prevnar, persons with know or possible latex sensitivity.\n\nThe effects of the vaccines on the developing human fetus are unknown. For this reason, women of childbearing potential and men must agree to use adequate contraception (hormonal or barrier method of birth control; abstinence) for at least 21 days prior to each vaccine and for the duration of study participation. Females of child bearing age will have a pregnancy test prior to each vaccination. Should a woman become pregnant or suspect she is pregnant while participating in this study, she should inform study staff and her primary care physician immediately.",
          "HealthyVolunteers":"No",
          "Gender":"All",
          "MinimumAge":"2 Years",
          "StdAgeList":{
            "StdAge":[
              "Child",
              "Adult",
              "Older Adult"
            ]
          }
        },
        "ContactsLocationsModule":{
          "CentralContactList":{
            "CentralContact":[
              {
                "CentralContactName":"Lisa A Barnhart, R.N.",
                "CentralContactRole":"Contact",
                "CentralContactPhone":"(301) 496-5270",
                "CentralContactEMail":"lbarnhart@niaid.nih.gov"
              },{
                "CentralContactName":"Gulbu Uzel, M.D.",
                "CentralContactRole":"Contact",
                "CentralContactPhone":"(301) 451-9035",
                "CentralContactEMail":"guzel@niaid.nih.gov"
              }
            ]
          },
          "OverallOfficialList":{
            "OverallOfficial":[
              {
                "OverallOfficialName":"Gulbu Uzel, M.D.",
                "OverallOfficialAffiliation":"National Institute of Allergy and Infectious Diseases (NIAID)",
                "OverallOfficialRole":"Principal Investigator"
              }
            ]
          },
          "LocationList":{
            "Location":[
              {
                "LocationFacility":"National Institutes of Health Clinical Center, 9000 Rockville Pike",
                "LocationStatus":"Recruiting",
                "LocationCity":"Bethesda",
                "LocationState":"Maryland",
                "LocationZip":"20892",
                "LocationCountry":"United States",
                "LocationContactList":{
                  "LocationContact":[
                    {
                      "LocationContactName":"For more information at the NIH Clinical Center contact Office of Patient Recruitment (OPR)",
                      "LocationContactRole":"Contact",
                      "LocationContactPhone":"800-411-1222",
                      "LocationContactPhoneExt":"TTY8664111010",
                      "LocationContactEMail":"prpl@cc.nih.gov"
                    }
                  ]
                }
              }
            ]
          }
        },
        "ReferencesModule":{
          "SeeAlsoLinkList":{
            "SeeAlsoLink":[
              {
                "SeeAlsoLinkLabel":"NIH Clinical Center Detailed Web Page",
                "SeeAlsoLinkURL":"https://clinicalstudies.info.nih.gov/cgi/detail.cgi?A_2001-I-0226.html"
              }
            ]
          }
        }
      },
      "DerivedSection":{
        "MiscInfoModule":{
          "VersionHolder":"April 19, 2021"
        },
        "ConditionBrowseModule":{
          "ConditionMeshList":{
            "ConditionMesh":[
              {
                "ConditionMeshId":"D000007153",
                "ConditionMeshTerm":"Immunologic Deficiency Syndromes"
              },{
                "ConditionMeshId":"D000007154",
                "ConditionMeshTerm":"Immune System Diseases"
              }
            ]
          },
          "ConditionBrowseLeafList":{
            "ConditionBrowseLeaf":[
              {
                "ConditionBrowseLeafId":"M8782",
                "ConditionBrowseLeafName":"Immunologic Deficiency Syndromes",
                "ConditionBrowseLeafAsFound":"Immune Deficiency",
                "ConditionBrowseLeafRelevance":"high"
              },{
                "ConditionBrowseLeafId":"M8783",
                "ConditionBrowseLeafName":"Immune System Diseases",
                "ConditionBrowseLeafAsFound":"Immune Disorders",
                "ConditionBrowseLeafRelevance":"high"
              },{
                "ConditionBrowseLeafId":"M14938",
                "ConditionBrowseLeafName":"Syndrome",
                "ConditionBrowseLeafRelevance":"low"
              }
            ]
          },
          "ConditionBrowseBranchList":{
            "ConditionBrowseBranch":[
              {
                "ConditionBrowseBranchAbbrev":"BC20",
                "ConditionBrowseBranchName":"Immune System Diseases"
              },{
                "ConditionBrowseBranchAbbrev":"All",
                "ConditionBrowseBranchName":"All Conditions"
              },{
                "ConditionBrowseBranchAbbrev":"BC23",
                "ConditionBrowseBranchName":"Symptoms and General Pathology"
              }
            ]
          }
        },
        "InterventionBrowseModule":{
          "InterventionMeshList":{
            "InterventionMesh":[
              {
                "InterventionMeshId":"D000069443",
                "InterventionMeshTerm":"Heptavalent Pneumococcal Conjugate Vaccine"
              }
            ]
          },
          "InterventionAncestorList":{
            "InterventionAncestor":[
              {
                "InterventionAncestorId":"D000007155",
                "InterventionAncestorTerm":"Immunologic Factors"
              },{
                "InterventionAncestorId":"D000045505",
                "InterventionAncestorTerm":"Physiological Effects of Drugs"
              }
            ]
          },
          "InterventionBrowseLeafList":{
            "InterventionBrowseLeaf":[
              {
                "InterventionBrowseLeafId":"M2806",
                "InterventionBrowseLeafName":"Antibodies",
                "InterventionBrowseLeafRelevance":"low"
              },{
                "InterventionBrowseLeafId":"M15943",
                "InterventionBrowseLeafName":"Vaccines",
                "InterventionBrowseLeafRelevance":"low"
              },{
                "InterventionBrowseLeafId":"M8767",
                "InterventionBrowseLeafName":"Immunoglobulins",
                "InterventionBrowseLeafRelevance":"low"
              },{
                "InterventionBrowseLeafId":"M412",
                "InterventionBrowseLeafName":"Heptavalent Pneumococcal Conjugate Vaccine",
                "InterventionBrowseLeafAsFound":"Cognitive Behavior Therapy",
                "InterventionBrowseLeafRelevance":"high"
              },{
                "InterventionBrowseLeafId":"M8784",
                "InterventionBrowseLeafName":"Immunologic Factors",
                "InterventionBrowseLeafRelevance":"low"
              }
            ]
          },
          "InterventionBrowseBranchList":{
            "InterventionBrowseBranch":[
              {
                "InterventionBrowseBranchAbbrev":"All",
                "InterventionBrowseBranchName":"All Drugs and Chemicals"
              }
            ]
          }
        }
      }
    }
  }
}

