{
  "FullStudy":{
    "Rank":368193,
    "Study":{
      "ProtocolSection":{
        "IdentificationModule":{
          "NCTId":"NCT00020202",
          "NCTIdAliasList":{
            "NCTIdAlias":[
              "NCT00005656"
            ]
          },
          "OrgStudyIdInfo":{
            "OrgStudyId":"CDR0000068031"
          },
          "SecondaryIdInfoList":{
            "SecondaryIdInfo":[
              {
                "SecondaryId":"NCI-00-C-0123"
              },{
                "SecondaryId":"NCI-1053"
              }
            ]
          },
          "Organization":{
            "OrgFullName":"National Cancer Institute (NCI)",
            "OrgClass":"NIH"
          },
          "BriefTitle":"FR901228 in Treating Patients With Refractory or Progressive Small Cell Lung Cancer or Non-small Cell Lung Cancer",
          "OfficialTitle":"Phase II Study of FR901228 in Patients With Refractory or Progressive Small Cell or Non-Small Cell Lung Cancer"
        },
        "StatusModule":{
          "StatusVerifiedDate":"June 2006",
          "OverallStatus":"Completed",
          "ExpandedAccessInfo":{
            "HasExpandedAccess":"No"
          },
          "StartDateStruct":{
            "StartDate":"June 2000"
          },
          "CompletionDateStruct":{
            "CompletionDate":"March 2007",
            "CompletionDateType":"Actual"
          },
          "StudyFirstSubmitDate":"March 2, 2007",
          "StudyFirstSubmitQCDate":"March 2, 2007",
          "StudyFirstPostDateStruct":{
            "StudyFirstPostDate":"March 5, 2007",
            "StudyFirstPostDateType":"Estimate"
          },
          "LastUpdateSubmitDate":"August 14, 2013",
          "LastUpdatePostDateStruct":{
            "LastUpdatePostDate":"August 16, 2013",
            "LastUpdatePostDateType":"Estimate"
          }
        },
        "SponsorCollaboratorsModule":{
          "LeadSponsor":{
            "LeadSponsorName":"National Cancer Institute (NCI)",
            "LeadSponsorClass":"NIH"
          }
        },
        "OversightModule":{},
        "DescriptionModule":{
          "BriefSummary":"RATIONALE: Drugs used in chemotherapy use different ways to stop tumor cells from dividing so they stop growing or die.\n\nPURPOSE: Phase II trial to study the effectiveness of FR901228 in treating patients who have refractory or progressive small cell lung cancer or non-small cell lung cancer.",
          "DetailedDescription":"OBJECTIVES: I. Determine the response of patients with refractory or progressive small cell or non-small cell lung cancer to FR901228.\n\nII. Determine the ability of FR901228 to mediate apoptosis and target gene induction relative to tumor histology in these patients.\n\nIII. Determine the toxicity of this treatment in these patients.\n\nPROTOCOL OUTLINE: Patients are stratified according to disease histology (small cell lung cancer vs non-small cell lung cancer).\n\nPatients receive FR901228 IV over 4 hours on days 1 and 7. Treatment repeats every 21 days in the absence of disease progression or unacceptable toxicity.\n\nPROJECTED ACCRUAL:\n\nA total of 18-43 patients (9-21 per arm) will be accrued for this study within 18 months."
        },
        "ConditionsModule":{
          "ConditionList":{
            "Condition":[
              "Extensive Stage Small Cell Lung Cancer",
              "Stage IIIA Non-small Cell Lung Cancer",
              "Stage IV Non-small Cell Lung Cancer",
              "Recurrent Small Cell Lung Cancer",
              "Stage IIIB Non-small Cell Lung Cancer",
              "Recurrent Non-small Cell Lung Cancer"
            ]
          },
          "KeywordList":{
            "Keyword":[
              "adult solid tumor",
              "body system/site cancer",
              "cancer",
              "extensive stage small cell lung cancer",
              "genetic condition",
              "lung cancer",
              "non-small cell lung cancer",
              "recurrent non-small cell lung cancer",
              "recurrent small cell lung cancer",
              "small cell lung cancer",
              "solid tumor",
              "stage III non-small cell lung cancer",
              "stage IIIA non-small cell lung cancer",
              "stage IIIB non-small cell lung cancer",
              "stage IV non-small cell lung cancer",
              "stage, non-small cell lung cancer",
              "stage, small cell lung cancer",
              "thorax/respiratory cancer"
            ]
          }
        },
        "DesignModule":{
          "StudyType":"Interventional",
          "PhaseList":{
            "Phase":[
              "Phase 2"
            ]
          },
          "DesignInfo":{
            "DesignPrimaryPurpose":"Treatment"
          }
        },
        "ArmsInterventionsModule":{
          "InterventionList":{
            "Intervention":[
              {
                "InterventionType":"Drug",
                "InterventionName":"FR901228"
              }
            ]
          }
        },
        "EligibilityModule":{
          "EligibilityCriteria":"PROTOCOL ENTRY CRITERIA:\n\n--Disease Characteristics-- Histologically or cytologically confirmed primary extensive stage small cell or unresectable non-small cell lung cancer Must have received or refused prior platinum-based chemotherapy and exhibited refractory or progressive disease Tumor must be accessible to biopsy by bronchoscopic or percutaneous fine needle aspiration technique Measurable disease outside of irradiated field or documented progression since irradiation Extrathoracic metastases allowed No active intracranial or leptomeningeal metastases Prior surgical resection or radiotherapy for intracranial metastatic disease allowed if: No evidence of active disease on 2 MRI scans AND No requirement for anticonvulsant medications or steroids to control residual symptoms --Prior/Concurrent Therapy-- Biologic therapy: At least 30 days since prior biologic therapy and recovered Chemotherapy: See Disease Characteristics At least 4 weeks since prior chemotherapy, including nitrosoureas or mitomycin, and recovered No prior FR901228 No prior doxorubicin of total dose greater than 450 mg/m2 Endocrine therapy: Not specified Radiotherapy: See Disease Characteristics At least 30 days since prior radiotherapy and recovered At least 4 weeks since prior radiotherapy to the lung or mediastinum Surgery: See Disease Characteristics --Patient Characteristics-- Age: 18 and over Performance status: ECOG 0-2 Life expectancy: At least 3 months Hematopoietic: Platelet count at least 100,000/mm3 Absolute neutrophil count at least 1,500/mm3 Hepatic: PT/PTT normal Bilirubin no greater than 1.5 mg/dL Renal: Creatinine less than 1.5 mg/dL OR Creatinine clearance at least 60 mL/min Cardiovascular: Ejection fraction greater than 40% No unstable angina, congestive heart failure, or uncontrolled cardiac dysrhythmia No deep vein thrombosis requiring anticoagulation Pulmonary: No pulmonary embolism within past 6 months FEV1 and DLCO greater than 30% predicted pCO2 less than 50 mm Hg on room air pO2 greater than 60 mm Hg on room air Other: HIV negative No active infections Not pregnant or nursing Negative pregnancy test Fertile patients must use effective contraception during and for 6 months after study",
          "MinimumAge":"18 Years",
          "StdAgeList":{
            "StdAge":[
              "Adult",
              "Older Adult"
            ]
          }
        },
        "ContactsLocationsModule":{
          "OverallOfficialList":{
            "OverallOfficial":[
              {
                "OverallOfficialName":"David S. Schrump",
                "OverallOfficialAffiliation":"National Cancer Institute (NCI)",
                "OverallOfficialRole":"Study Chair"
              }
            ]
          },
          "LocationList":{
            "Location":[
              {
                "LocationFacility":"Surgery Branch",
                "LocationCity":"Bethesda",
                "LocationState":"Maryland",
                "LocationZip":"20892",
                "LocationCountry":"United States"
              }
            ]
          }
        }
      },
      "DerivedSection":{
        "MiscInfoModule":{
          "VersionHolder":"April 19, 2021"
        },
        "ConditionBrowseModule":{
          "ConditionMeshList":{
            "ConditionMesh":[
              {
                "ConditionMeshId":"D000008175",
                "ConditionMeshTerm":"Lung Neoplasms"
              },{
                "ConditionMeshId":"D000002289",
                "ConditionMeshTerm":"Carcinoma, Non-Small-Cell Lung"
              },{
                "ConditionMeshId":"D000055752",
                "ConditionMeshTerm":"Small Cell Lung Carcinoma"
              }
            ]
          },
          "ConditionAncestorList":{
            "ConditionAncestor":[
              {
                "ConditionAncestorId":"D000012142",
                "ConditionAncestorTerm":"Respiratory Tract Neoplasms"
              },{
                "ConditionAncestorId":"D000013899",
                "ConditionAncestorTerm":"Thoracic Neoplasms"
              },{
                "ConditionAncestorId":"D000009371",
                "ConditionAncestorTerm":"Neoplasms by Site"
              },{
                "ConditionAncestorId":"D000009369",
                "ConditionAncestorTerm":"Neoplasms"
              },{
                "ConditionAncestorId":"D000008171",
                "ConditionAncestorTerm":"Lung Diseases"
              },{
                "ConditionAncestorId":"D000012140",
                "ConditionAncestorTerm":"Respiratory Tract Diseases"
              },{
                "ConditionAncestorId":"D000002283",
                "ConditionAncestorTerm":"Carcinoma, Bronchogenic"
              },{
                "ConditionAncestorId":"D000001984",
                "ConditionAncestorTerm":"Bronchial Neoplasms"
              }
            ]
          },
          "ConditionBrowseLeafList":{
            "ConditionBrowseLeaf":[
              {
                "ConditionBrowseLeafId":"M9755",
                "ConditionBrowseLeafName":"Lung Neoplasms",
                "ConditionBrowseLeafAsFound":"Lung Cancer",
                "ConditionBrowseLeafRelevance":"high"
              },{
                "ConditionBrowseLeafId":"M4128",
                "ConditionBrowseLeafName":"Carcinoma, Non-Small-Cell Lung",
                "ConditionBrowseLeafAsFound":"Non-Small Cell Lung Cancer",
                "ConditionBrowseLeafRelevance":"high"
              },{
                "ConditionBrowseLeafId":"M26910",
                "ConditionBrowseLeafName":"Small Cell Lung Carcinoma",
                "ConditionBrowseLeafAsFound":"Small Cell Lung Cancer",
                "ConditionBrowseLeafRelevance":"high"
              },{
                "ConditionBrowseLeafId":"M4116",
                "ConditionBrowseLeafName":"Carcinoma",
                "ConditionBrowseLeafRelevance":"low"
              },{
                "ConditionBrowseLeafId":"M13562",
                "ConditionBrowseLeafName":"Respiratory Tract Neoplasms",
                "ConditionBrowseLeafRelevance":"low"
              },{
                "ConditionBrowseLeafId":"M15241",
                "ConditionBrowseLeafName":"Thoracic Neoplasms",
                "ConditionBrowseLeafRelevance":"low"
              },{
                "ConditionBrowseLeafId":"M9751",
                "ConditionBrowseLeafName":"Lung Diseases",
                "ConditionBrowseLeafRelevance":"low"
              },{
                "ConditionBrowseLeafId":"M13560",
                "ConditionBrowseLeafName":"Respiratory Tract Diseases",
                "ConditionBrowseLeafRelevance":"low"
              },{
                "ConditionBrowseLeafId":"M4122",
                "ConditionBrowseLeafName":"Carcinoma, Bronchogenic",
                "ConditionBrowseLeafRelevance":"low"
              },{
                "ConditionBrowseLeafId":"M3842",
                "ConditionBrowseLeafName":"Bronchial Neoplasms",
                "ConditionBrowseLeafRelevance":"low"
              },{
                "ConditionBrowseLeafId":"T5271",
                "ConditionBrowseLeafName":"Small Cell Lung Cancer",
                "ConditionBrowseLeafAsFound":"Small Cell Lung Cancer",
                "ConditionBrowseLeafRelevance":"high"
              }
            ]
          },
          "ConditionBrowseBranchList":{
            "ConditionBrowseBranch":[
              {
                "ConditionBrowseBranchAbbrev":"BC04",
                "ConditionBrowseBranchName":"Cancers and Other Neoplasms"
              },{
                "ConditionBrowseBranchAbbrev":"BC08",
                "ConditionBrowseBranchName":"Respiratory Tract (Lung and Bronchial) Diseases"
              },{
                "ConditionBrowseBranchAbbrev":"All",
                "ConditionBrowseBranchName":"All Conditions"
              },{
                "ConditionBrowseBranchAbbrev":"Rare",
                "ConditionBrowseBranchName":"Rare Diseases"
              }
            ]
          }
        },
        "InterventionBrowseModule":{
          "InterventionMeshList":{
            "InterventionMesh":[
              {
                "InterventionMeshId":"C000087123",
                "InterventionMeshTerm":"Romidepsin"
              }
            ]
          },
          "InterventionAncestorList":{
            "InterventionAncestor":[
              {
                "InterventionAncestorId":"D000000903",
                "InterventionAncestorTerm":"Antibiotics, Antineoplastic"
              },{
                "InterventionAncestorId":"D000000970",
                "InterventionAncestorTerm":"Antineoplastic Agents"
              }
            ]
          },
          "InterventionBrowseLeafList":{
            "InterventionBrowseLeaf":[
              {
                "InterventionBrowseLeafId":"M260494",
                "InterventionBrowseLeafName":"Romidepsin",
                "InterventionBrowseLeafAsFound":"Moms",
                "InterventionBrowseLeafRelevance":"high"
              },{
                "InterventionBrowseLeafId":"M2803",
                "InterventionBrowseLeafName":"Anti-Bacterial Agents",
                "InterventionBrowseLeafRelevance":"low"
              },{
                "InterventionBrowseLeafId":"M2805",
                "InterventionBrowseLeafName":"Antibiotics, Antitubercular",
                "InterventionBrowseLeafRelevance":"low"
              }
            ]
          },
          "InterventionBrowseBranchList":{
            "InterventionBrowseBranch":[
              {
                "InterventionBrowseBranchAbbrev":"ANeo",
                "InterventionBrowseBranchName":"Antineoplastic Agents"
              },{
                "InterventionBrowseBranchAbbrev":"All",
                "InterventionBrowseBranchName":"All Drugs and Chemicals"
              },{
                "InterventionBrowseBranchAbbrev":"Infe",
                "InterventionBrowseBranchName":"Anti-Infective Agents"
              }
            ]
          }
        }
      }
    }
  }
}

