{
  "FullStudy":{
    "Rank":367579,
    "Study":{
      "ProtocolSection":{
        "IdentificationModule":{
          "NCTId":"NCT00029172",
          "OrgStudyIdInfo":{
            "OrgStudyId":"9903-06"
          },
          "Organization":{
            "OrgFullName":"Indiana University",
            "OrgClass":"OTHER"
          },
          "BriefTitle":"Treatment for Post-Stroke Depression",
          "OfficialTitle":"Treatment for Post-Stroke Depression"
        },
        "StatusModule":{
          "StatusVerifiedDate":"December 2009",
          "OverallStatus":"Completed",
          "ExpandedAccessInfo":{
            "HasExpandedAccess":"No"
          },
          "StartDateStruct":{
            "StartDate":"May 1999"
          },
          "CompletionDateStruct":{
            "CompletionDate":"December 2005",
            "CompletionDateType":"Actual"
          },
          "StudyFirstSubmitDate":"January 8, 2002",
          "StudyFirstSubmitQCDate":"January 8, 2002",
          "StudyFirstPostDateStruct":{
            "StudyFirstPostDate":"January 9, 2002",
            "StudyFirstPostDateType":"Estimate"
          },
          "ResultsFirstSubmitDate":"August 3, 2009",
          "ResultsFirstSubmitQCDate":"December 31, 2009",
          "ResultsFirstPostDateStruct":{
            "ResultsFirstPostDate":"January 28, 2010",
            "ResultsFirstPostDateType":"Estimate"
          },
          "LastUpdateSubmitDate":"December 31, 2009",
          "LastUpdatePostDateStruct":{
            "LastUpdatePostDate":"January 28, 2010",
            "LastUpdatePostDateType":"Estimate"
          }
        },
        "SponsorCollaboratorsModule":{
          "ResponsibleParty":{
            "ResponsiblePartyOldNameTitle":"Linda Williams, M.D.",
            "ResponsiblePartyOldOrganization":"Roudebush VA Medical Center"
          },
          "LeadSponsor":{
            "LeadSponsorName":"Indiana University",
            "LeadSponsorClass":"OTHER"
          }
        },
        "OversightModule":{
          "OversightHasDMC":"Yes"
        },
        "DescriptionModule":{
          "BriefSummary":"The purpose of this study is to evaluate a program of education, medicine, and monitoring for the treatment of depression after a stroke.",
          "DetailedDescription":"This trial will compare outcomes in depressed patients receiving the Activate-Initiate-Monitor (AIM) intervention vs. those receiving usual care, and will also compare outcomes in depressed and non-depressed stroke survivors. Patients are screened for depression 1 to 2 months post-stroke. Patients with depression are then randomized to the AIM intervention or control group. Patients without depression are also enrolled at the same time and are matched by hospital site to the depressed patients.\n\nThe AIM intervention is a 3-part program consisting of activating or educating the patient and his/her family about post-stroke depression, instituting treatment for depression, and monitoring antidepressant treatments for side effects, efficacy, and compliance. Control patients are evaluated and treated with usual care by their physicians. Patients without depression do not receive the intervention but complete the same assessments on the same schedule as the patients with depression."
        },
        "ConditionsModule":{
          "ConditionList":{
            "Condition":[
              "Stroke",
              "Depression"
            ]
          },
          "KeywordList":{
            "Keyword":[
              "stroke",
              "depression"
            ]
          }
        },
        "DesignModule":{
          "StudyType":"Interventional",
          "PhaseList":{
            "Phase":[
              "Phase 4"
            ]
          },
          "DesignInfo":{
            "DesignAllocation":"Randomized",
            "DesignPrimaryPurpose":"Treatment",
            "DesignMaskingInfo":{
              "DesignMasking":"Single",
              "DesignWhoMaskedList":{
                "DesignWhoMasked":[
                  "Outcomes Assessor"
                ]
              }
            }
          },
          "EnrollmentInfo":{
            "EnrollmentCount":"188",
            "EnrollmentType":"Actual"
          }
        },
        "ArmsInterventionsModule":{
          "ArmGroupList":{
            "ArmGroup":[
              {
                "ArmGroupLabel":"Nurse Case management",
                "ArmGroupType":"Experimental",
                "ArmGroupInterventionList":{
                  "ArmGroupInterventionName":[
                    "Other: case management"
                  ]
                }
              }
            ]
          },
          "InterventionList":{
            "Intervention":[
              {
                "InterventionType":"Other",
                "InterventionName":"case management",
                "InterventionArmGroupLabelList":{
                  "InterventionArmGroupLabel":[
                    "Nurse Case management"
                  ]
                }
              }
            ]
          }
        },
        "OutcomesModule":{
          "PrimaryOutcomeList":{
            "PrimaryOutcome":[
              {
                "PrimaryOutcomeMeasure":"Twelve Week Depression Outcomes",
                "PrimaryOutcomeDescription":"Depression remission was defined as HAM-D less than 8 or HAM-D decreased by 50%.\n\nThe Hamilton Rating Scale for Depression is measured on a scale from no depression - major depression, 0-52 units on a scale.",
                "PrimaryOutcomeTimeFrame":"Twelve week"
              }
            ]
          }
        },
        "EligibilityModule":{
          "EligibilityCriteria":"No severe language or cognitive deficits,\nlife expectancy of at least 9 months, and\nwillingness to participate.",
          "HealthyVolunteers":"No",
          "Gender":"All",
          "StdAgeList":{
            "StdAge":[
              "Child",
              "Adult",
              "Older Adult"
            ]
          }
        },
        "ContactsLocationsModule":{
          "OverallOfficialList":{
            "OverallOfficial":[
              {
                "OverallOfficialName":"Linda Williams, M.D.",
                "OverallOfficialAffiliation":"Roudebush VA Medical Center Health Services Research and Development 11H",
                "OverallOfficialRole":"Principal Investigator"
              }
            ]
          },
          "LocationList":{
            "Location":[
              {
                "LocationFacility":"Indiana University Hospital, 550 N. University Blvd.",
                "LocationCity":"Indianapolis",
                "LocationState":"Indiana",
                "LocationZip":"46202",
                "LocationCountry":"United States"
              },{
                "LocationFacility":"Methodist Hospital of Indiana, 1601 N. Capitol",
                "LocationCity":"Indianapolis",
                "LocationState":"Indiana",
                "LocationZip":"46202",
                "LocationCountry":"United States"
              },{
                "LocationFacility":"Roudebush VA Medical Center, Health Services Research and Development 11H, 1481 W. 10th Street",
                "LocationCity":"Indianapolis",
                "LocationState":"Indiana",
                "LocationZip":"46202",
                "LocationCountry":"United States"
              },{
                "LocationFacility":"Wishard Memorial Hospital, 1001 W. 10th Street",
                "LocationCity":"Indianapolis",
                "LocationState":"Indiana",
                "LocationZip":"46202",
                "LocationCountry":"United States"
              }
            ]
          }
        },
        "ReferencesModule":{
          "ReferenceList":{
            "Reference":[
              {
                "ReferencePMID":"15677576",
                "ReferenceType":"background",
                "ReferenceCitation":"Williams LS, Brizendine EJ, Plue L, Bakas T, Tu W, Hendrie H, Kroenke K. Performance of the PHQ-9 as a screening tool for depression after stroke. Stroke. 2005 Mar;36(3):635-8. Epub 2005 Jan 27."
              },{
                "ReferencePMID":"16809575",
                "ReferenceType":"background",
                "ReferenceCitation":"Williams LS, Bakas T, Brizendine E, Plue L, Tu W, Hendrie H, Kroenke K. How valid are family proxy assessments of stroke patients' health-related quality of life? Stroke. 2006 Aug;37(8):2081-5. Epub 2006 Jun 29."
              },{
                "ReferencePMID":"17303771",
                "ReferenceType":"result",
                "ReferenceCitation":"Williams LS, Kroenke K, Bakas T, Plue LD, Brizendine E, Tu W, Hendrie H. Care management of poststroke depression: a randomized, controlled trial. Stroke. 2007 Mar;38(3):998-1003. Epub 2007 Feb 15."
              }
            ]
          }
        }
      },
      "ResultsSection":{
        "ParticipantFlowModule":{
          "FlowRecruitmentDetails":"Subjects were recruited from 4 Indianapolis based hospitals. Depression enrollment and screening occurred between 1 and 2 months post stroke.",
          "FlowGroupList":{
            "FlowGroup":[
              {
                "FlowGroupId":"FG000",
                "FlowGroupTitle":"Case Management"
              }
            ]
          },
          "FlowPeriodList":{
            "FlowPeriod":[
              {
                "FlowPeriodTitle":"Overall Study",
                "FlowMilestoneList":{
                  "FlowMilestone":[
                    {
                      "FlowMilestoneType":"STARTED",
                      "FlowAchievementList":{
                        "FlowAchievement":[
                          {
                            "FlowAchievementGroupId":"FG000",
                            "FlowAchievementNumSubjects":"188"
                          }
                        ]
                      }
                    },{
                      "FlowMilestoneType":"COMPLETED",
                      "FlowAchievementList":{
                        "FlowAchievement":[
                          {
                            "FlowAchievementGroupId":"FG000",
                            "FlowAchievementNumSubjects":"182"
                          }
                        ]
                      }
                    },{
                      "FlowMilestoneType":"NOT COMPLETED",
                      "FlowAchievementList":{
                        "FlowAchievement":[
                          {
                            "FlowAchievementGroupId":"FG000",
                            "FlowAchievementNumSubjects":"6"
                          }
                        ]
                      }
                    }
                  ]
                }
              }
            ]
          }
        },
        "BaselineCharacteristicsModule":{
          "BaselineGroupList":{
            "BaselineGroup":[
              {
                "BaselineGroupId":"BG000",
                "BaselineGroupTitle":"Case Management"
              }
            ]
          },
          "BaselineDenomList":{
            "BaselineDenom":[
              {
                "BaselineDenomUnits":"Participants",
                "BaselineDenomCountList":{
                  "BaselineDenomCount":[
                    {
                      "BaselineDenomCountGroupId":"BG000",
                      "BaselineDenomCountValue":"182"
                    }
                  ]
                }
              }
            ]
          },
          "BaselineMeasureList":{
            "BaselineMeasure":[
              {
                "BaselineMeasureTitle":"Age Continuous",
                "BaselineMeasureParamType":"Mean",
                "BaselineMeasureDispersionType":"Standard Deviation",
                "BaselineMeasureUnitOfMeasure":"years",
                "BaselineClassList":{
                  "BaselineClass":[
                    {
                      "BaselineCategoryList":{
                        "BaselineCategory":[
                          {
                            "BaselineMeasurementList":{
                              "BaselineMeasurement":[
                                {
                                  "BaselineMeasurementGroupId":"BG000",
                                  "BaselineMeasurementValue":"61",
                                  "BaselineMeasurementSpread":"3"
                                }
                              ]
                            }
                          }
                        ]
                      }
                    }
                  ]
                }
              },{
                "BaselineMeasureTitle":"Sex: Female, Male",
                "BaselineMeasureParamType":"Count of Participants",
                "BaselineMeasureUnitOfMeasure":"Participants",
                "BaselineClassList":{
                  "BaselineClass":[
                    {
                      "BaselineCategoryList":{
                        "BaselineCategory":[
                          {
                            "BaselineCategoryTitle":"Female",
                            "BaselineMeasurementList":{
                              "BaselineMeasurement":[
                                {
                                  "BaselineMeasurementGroupId":"BG000",
                                  "BaselineMeasurementValue":"99"
                                }
                              ]
                            }
                          },{
                            "BaselineCategoryTitle":"Male",
                            "BaselineMeasurementList":{
                              "BaselineMeasurement":[
                                {
                                  "BaselineMeasurementGroupId":"BG000",
                                  "BaselineMeasurementValue":"83"
                                }
                              ]
                            }
                          }
                        ]
                      }
                    }
                  ]
                }
              },{
                "BaselineMeasureTitle":"Region of Enrollment",
                "BaselineMeasureParamType":"Number",
                "BaselineMeasureUnitOfMeasure":"participants",
                "BaselineClassList":{
                  "BaselineClass":[
                    {
                      "BaselineClassTitle":"United States",
                      "BaselineCategoryList":{
                        "BaselineCategory":[
                          {
                            "BaselineMeasurementList":{
                              "BaselineMeasurement":[
                                {
                                  "BaselineMeasurementGroupId":"BG000",
                                  "BaselineMeasurementValue":"182"
                                }
                              ]
                            }
                          }
                        ]
                      }
                    }
                  ]
                }
              }
            ]
          }
        },
        "OutcomeMeasuresModule":{
          "OutcomeMeasureList":{
            "OutcomeMeasure":[
              {
                "OutcomeMeasureType":"Primary",
                "OutcomeMeasureTitle":"Twelve Week Depression Outcomes",
                "OutcomeMeasureDescription":"Depression remission was defined as HAM-D less than 8 or HAM-D decreased by 50%.\n\nThe Hamilton Rating Scale for Depression is measured on a scale from no depression - major depression, 0-52 units on a scale.",
                "OutcomeMeasureReportingStatus":"Posted",
                "OutcomeMeasureParamType":"Mean",
                "OutcomeMeasureDispersionType":"Standard Deviation",
                "OutcomeMeasureUnitOfMeasure":"HAM-D depression score",
                "OutcomeMeasureTimeFrame":"Twelve week",
                "OutcomeGroupList":{
                  "OutcomeGroup":[
                    {
                      "OutcomeGroupId":"OG000",
                      "OutcomeGroupTitle":"Case Management"
                    }
                  ]
                },
                "OutcomeDenomList":{
                  "OutcomeDenom":[
                    {
                      "OutcomeDenomUnits":"Participants",
                      "OutcomeDenomCountList":{
                        "OutcomeDenomCount":[
                          {
                            "OutcomeDenomCountGroupId":"OG000",
                            "OutcomeDenomCountValue":"182"
                          }
                        ]
                      }
                    }
                  ]
                },
                "OutcomeClassList":{
                  "OutcomeClass":[
                    {
                      "OutcomeCategoryList":{
                        "OutcomeCategory":[
                          {
                            "OutcomeMeasurementList":{
                              "OutcomeMeasurement":[
                                {
                                  "OutcomeMeasurementGroupId":"OG000",
                                  "OutcomeMeasurementValue":"10.6",
                                  "OutcomeMeasurementSpread":"6.9"
                                }
                              ]
                            }
                          }
                        ]
                      }
                    }
                  ]
                }
              }
            ]
          }
        },
        "AdverseEventsModule":{
          "EventsFrequencyThreshold":"1",
          "EventGroupList":{
            "EventGroup":[
              {
                "EventGroupId":"EG000",
                "EventGroupTitle":"Case Management",
                "EventGroupSeriousNumAffected":"0",
                "EventGroupSeriousNumAtRisk":"182",
                "EventGroupOtherNumAffected":"0",
                "EventGroupOtherNumAtRisk":"182"
              }
            ]
          }
        },
        "MoreInfoModule":{
          "CertainAgreement":{
            "AgreementPISponsorEmployee":"No",
            "AgreementRestrictiveAgreement":"No"
          },
          "PointOfContact":{
            "PointOfContactTitle":"Dr. Linda Williams",
            "PointOfContactOrganization":"Roudebush VAMC Center of Excellence",
            "PointOfContactEMail":"linda.williams6@va.gov",
            "PointOfContactPhone":"317-988-3337"
          }
        }
      },
      "DerivedSection":{
        "MiscInfoModule":{
          "VersionHolder":"April 19, 2021"
        },
        "ConditionBrowseModule":{
          "ConditionMeshList":{
            "ConditionMesh":[
              {
                "ConditionMeshId":"D000020521",
                "ConditionMeshTerm":"Stroke"
              },{
                "ConditionMeshId":"D000003863",
                "ConditionMeshTerm":"Depression"
              },{
                "ConditionMeshId":"D000003866",
                "ConditionMeshTerm":"Depressive Disorder"
              }
            ]
          },
          "ConditionAncestorList":{
            "ConditionAncestor":[
              {
                "ConditionAncestorId":"D000002561",
                "ConditionAncestorTerm":"Cerebrovascular Disorders"
              },{
                "ConditionAncestorId":"D000001927",
                "ConditionAncestorTerm":"Brain Diseases"
              },{
                "ConditionAncestorId":"D000002493",
                "ConditionAncestorTerm":"Central Nervous System Diseases"
              },{
                "ConditionAncestorId":"D000009422",
                "ConditionAncestorTerm":"Nervous System Diseases"
              },{
                "ConditionAncestorId":"D000014652",
                "ConditionAncestorTerm":"Vascular Diseases"
              },{
                "ConditionAncestorId":"D000002318",
                "ConditionAncestorTerm":"Cardiovascular Diseases"
              },{
                "ConditionAncestorId":"D000001526",
                "ConditionAncestorTerm":"Behavioral Symptoms"
              },{
                "ConditionAncestorId":"D000019964",
                "ConditionAncestorTerm":"Mood Disorders"
              },{
                "ConditionAncestorId":"D000001523",
                "ConditionAncestorTerm":"Mental Disorders"
              }
            ]
          },
          "ConditionBrowseLeafList":{
            "ConditionBrowseLeaf":[
              {
                "ConditionBrowseLeafId":"M20890",
                "ConditionBrowseLeafName":"Stroke",
                "ConditionBrowseLeafAsFound":"Stroke",
                "ConditionBrowseLeafRelevance":"high"
              },{
                "ConditionBrowseLeafId":"M5641",
                "ConditionBrowseLeafName":"Depression",
                "ConditionBrowseLeafAsFound":"Depression",
                "ConditionBrowseLeafRelevance":"high"
              },{
                "ConditionBrowseLeafId":"M5644",
                "ConditionBrowseLeafName":"Depressive Disorder",
                "ConditionBrowseLeafAsFound":"Depression",
                "ConditionBrowseLeafRelevance":"high"
              },{
                "ConditionBrowseLeafId":"M4393",
                "ConditionBrowseLeafName":"Cerebrovascular Disorders",
                "ConditionBrowseLeafRelevance":"low"
              },{
                "ConditionBrowseLeafId":"M3786",
                "ConditionBrowseLeafName":"Brain Diseases",
                "ConditionBrowseLeafRelevance":"low"
              },{
                "ConditionBrowseLeafId":"M4325",
                "ConditionBrowseLeafName":"Central Nervous System Diseases",
                "ConditionBrowseLeafRelevance":"low"
              },{
                "ConditionBrowseLeafId":"M15983",
                "ConditionBrowseLeafName":"Vascular Diseases",
                "ConditionBrowseLeafRelevance":"low"
              },{
                "ConditionBrowseLeafId":"M3399",
                "ConditionBrowseLeafName":"Behavioral Symptoms",
                "ConditionBrowseLeafRelevance":"low"
              },{
                "ConditionBrowseLeafId":"M20419",
                "ConditionBrowseLeafName":"Mood Disorders",
                "ConditionBrowseLeafRelevance":"low"
              },{
                "ConditionBrowseLeafId":"M3396",
                "ConditionBrowseLeafName":"Mental Disorders",
                "ConditionBrowseLeafRelevance":"low"
              },{
                "ConditionBrowseLeafId":"M13056",
                "ConditionBrowseLeafName":"Psychotic Disorders",
                "ConditionBrowseLeafRelevance":"low"
              }
            ]
          },
          "ConditionBrowseBranchList":{
            "ConditionBrowseBranch":[
              {
                "ConditionBrowseBranchAbbrev":"BC10",
                "ConditionBrowseBranchName":"Nervous System Diseases"
              },{
                "ConditionBrowseBranchAbbrev":"BC14",
                "ConditionBrowseBranchName":"Heart and Blood Diseases"
              },{
                "ConditionBrowseBranchAbbrev":"All",
                "ConditionBrowseBranchName":"All Conditions"
              },{
                "ConditionBrowseBranchAbbrev":"BXM",
                "ConditionBrowseBranchName":"Behaviors and Mental Disorders"
              }
            ]
          }
        }
      }
    }
  }
}

