{
  "FullStudy":{
    "Rank":368192,
    "Study":{
      "ProtocolSection":{
        "IdentificationModule":{
          "NCTId":"NCT00020254",
          "NCTIdAliasList":{
            "NCTIdAlias":[
              "NCT00005759"
            ]
          },
          "OrgStudyIdInfo":{
            "OrgStudyId":"CDR0000068106"
          },
          "SecondaryIdInfoList":{
            "SecondaryIdInfo":[
              {
                "SecondaryId":"NCI-00-C-0137"
              },{
                "SecondaryId":"MB-NAVY-99-04"
              },{
                "SecondaryId":"NCI-T99-0097"
              }
            ]
          },
          "Organization":{
            "OrgFullName":"National Cancer Institute (NCI)",
            "OrgClass":"NIH"
          },
          "BriefTitle":"Vaccine Therapy Plus Sargramostim and Interleukin-2 Compared With Nilutamide Alone in Treating Patients With Prostate Cancer",
          "OfficialTitle":"A Randomized Phase II Study of Either Immunotherapy With a Regimen of Recombinant Pox Viruses That Express PSA/B7.1 Plus Adjuvant GM-CSF and IL2 or Hormone Therapy With Nilutamide in Patients With Hormone Refractory Prostate Cancer and No Radiographic Evidence of Disease"
        },
        "StatusModule":{
          "StatusVerifiedDate":"April 2003",
          "OverallStatus":"Completed",
          "ExpandedAccessInfo":{
            "HasExpandedAccess":"No"
          },
          "StartDateStruct":{
            "StartDate":"June 2000"
          },
          "PrimaryCompletionDateStruct":{
            "PrimaryCompletionDate":"October 2004",
            "PrimaryCompletionDateType":"Actual"
          },
          "StudyFirstSubmitDate":"July 11, 2001",
          "StudyFirstSubmitQCDate":"January 26, 2003",
          "StudyFirstPostDateStruct":{
            "StudyFirstPostDate":"January 27, 2003",
            "StudyFirstPostDateType":"Estimate"
          },
          "LastUpdateSubmitDate":"April 28, 2015",
          "LastUpdatePostDateStruct":{
            "LastUpdatePostDate":"April 29, 2015",
            "LastUpdatePostDateType":"Estimate"
          }
        },
        "SponsorCollaboratorsModule":{
          "LeadSponsor":{
            "LeadSponsorName":"National Cancer Institute (NCI)",
            "LeadSponsorClass":"NIH"
          }
        },
        "DescriptionModule":{
          "BriefSummary":"RATIONALE: Vaccines made from prostate cancer cells may make the body build an immune response to kill tumor cells. Colony-stimulating factors such as sargramostim may increase the number of immune cells found in bone marrow or peripheral blood. Interleukin-2 may stimulate a person's white blood cells to kill prostate cancer cells. Androgens can stimulate the growth of prostate cancer cells. Hormone therapy using nilutamide may fight prostate cancer by reducing the production of androgens. It is not yet known which treatment regimen is more effective for treating prostate cancer.\n\nPURPOSE: Randomized phase II trial to compare the effectiveness of vaccine therapy plus sargramostim and interleukin-2 with that of nilutamide alone in treating patients who have prostate cancer that has not responded to hormone therapy.",
          "DetailedDescription":"OBJECTIVES:\n\nCompare the difference in time to radiographic evidence of disease progression at 6 months in patients with hormone-refractory prostate cancer when treated with vaccine containing recombinant vaccinia-prostate-specific antigen (PSA) admixed with rV-B7.1 plus recombinant fowlpox-PSA vaccine, sargramostim (GM-CSF), and interleukin-2 vs nilutamide alone.\nEvaluate the vaccination therapy in relation to the change in T-cell precursor frequency and to the rise of serum PSA in this patient population.\n\nOUTLINE: This is a randomized study. Patients are stratified according to HLA-A2 typing (positive vs negative). Patients are randomized to one of two treatment arms.\n\nArm I: Patients receive vaccine containing recombinant vaccinia-prostate-specific antigen (PSA) and rV-B7.1 subcutaneously (SC) on day 2 only. Beginning on day 30, patients receive recombinant fowlpox-PSA vaccine SC every 4 weeks for 12 vaccinations and then every 12 weeks thereafter. Patients also receive sargramostim (GM-CSF) SC daily on days 1-4 and interleukin-2 SC daily on days 8-12 with each vaccination.\n\nPatients without disease progression after 12 courses receive the vaccine regimen every 12 weeks.\n\nArm II: Patients receive oral nilutamide daily. Treatment continues in both arms for at least 6 months in the absence of disease progression or unacceptable toxicity.\n\nAfter 6 months of therapy, patients with a rising PSA and no radiographic evidence of disease progression may receive therapy in the other arm in addition to the therapy to which they were randomized.\n\nPatients are followed monthly for 6 months and then every 2 months thereafter.\n\nPROJECTED ACCRUAL: A total of 56-78 patients (28-39 per treatment arm) will be accrued for this study within 1.5-2 years."
        },
        "ConditionsModule":{
          "ConditionList":{
            "Condition":[
              "Prostate Cancer"
            ]
          },
          "KeywordList":{
            "Keyword":[
              "adenocarcinoma of the prostate",
              "recurrent prostate cancer"
            ]
          }
        },
        "DesignModule":{
          "StudyType":"Interventional",
          "PhaseList":{
            "Phase":[
              "Phase 2"
            ]
          },
          "DesignInfo":{
            "DesignAllocation":"Randomized",
            "DesignPrimaryPurpose":"Treatment"
          }
        },
        "ArmsInterventionsModule":{
          "InterventionList":{
            "Intervention":[
              {
                "InterventionType":"Biological",
                "InterventionName":"aldesleukin"
              },{
                "InterventionType":"Biological",
                "InterventionName":"recombinant fowlpox-prostate specific antigen vaccine"
              },{
                "InterventionType":"Biological",
                "InterventionName":"recombinant vaccinia prostate-specific antigen vaccine"
              },{
                "InterventionType":"Biological",
                "InterventionName":"recombinant vaccinia-B7.1 vaccine"
              },{
                "InterventionType":"Biological",
                "InterventionName":"sargramostim"
              },{
                "InterventionType":"Drug",
                "InterventionName":"nilutamide"
              }
            ]
          }
        },
        "EligibilityModule":{
          "EligibilityCriteria":"DISEASE CHARACTERISTICS:\n\nHistologically confirmed hormone-refractory adenocarcinoma of the prostate\n\nRising PSA after orchiectomy and/or while receiving at least 1 regimen of luteinizing hormone-releasing hormone (LHRH)\nPSA must have risen at least 0.5 ng/mL from baseline on 2 successive measurements during and/or after hormonal therapy\nPSA greater than 1.0 ng/mL\nIf on antiandrogen therapy, must undergo antiandrogen withdrawal for at least 6 weeks and still have evidence of rising PSA\nAfter prior bicalutamide, must undergo withdrawal for at least 6 weeks and still have evidence of rising PSA\nTestosterone no greater than 50 ng/mL if no prior orchiectomy\nNo metastatic disease by bone scan and CT scan or MRI of the abdomen and pelvis and by CT scan or x-ray of the chest\nNo active or prior CNS metastases\n\nPATIENT CHARACTERISTICS:\n\nAge:\n\n18 and over\n\nPerformance status:\n\nZubrod 0-2 OR\nECOG 0-2\n\nLife expectancy:\n\nNot specified\n\nHematopoietic:\n\nAbsolute lymphocyte count at least 600/mm^3\nPlatelet count at least 100,000/mm^3\nHemoglobin at least 8.0 g/dL\n\nHepatic:\n\nBilirubin no greater than 1.6 mg/dL\nAST and ALT no greater than 4 times normal\n\nRenal:\n\nCreatinine no greater than 1.5 mg/dL OR\nCreatinine clearance greater than 60 mL/min\nUrinalysis normal OR\nProteinuria no greater than 1 g/24-hour urine collection\nNo hematuria or abnormal sediment unless underlying cause is nonrenal\n\nImmunologic:\n\nHIV negative\nNo altered immune function\n\nNo autoimmune disease, including the following:\n\nAutoimmune neutropenia, thrombocytopenia, or hemolytic anemia\nSystemic lupus erythematosus, Sjogren's syndrome, or scleroderma\nMyasthenia gravis\nGoodpasture syndrome\nAddison's disease, Hashimoto's thyroiditis, or active Graves' disease\nNo known allergy or untoward reaction to prior vaccination with vaccinia virus\nNo known allergy to eggs\nNo active or prior eczema or other eczematoid skin disorders\nNo other acute, chronic, or exfoliative skin conditions (e.g., atopic dermatitis, impetigo, varicella zoster, burns, severe acne, or other open rashes or wounds)\n\nOther:\n\nNo other serious concurrent illness\nNo active infections within the past 3 days\nNo history of seizures, encephalitis, or multiple sclerosis\n\nNo close or household contact for at least 2 weeks after each vaccinia virus inoculation with the following high-risk individuals:\n\nChildren under 5 years of age\nPregnant or nursing women\nIndividuals with active or prior eczema or other eczematoid skin disorders, atopic dermatitis, impetigo, varicella zoster, burns, severe acne, or other open rashes or wounds\nImmunosuppressed or immunodeficient (by disease or therapy) individuals, including those with HIV infection\nNo other malignancy within the past 3 years except squamous cell or basal cell skin cancer or other curatively treated malignancy\n\nPRIOR CONCURRENT THERAPY:\n\nBiologic therapy:\n\nMust have prior vaccinia for smallpox immunization\nNo other concurrent biologic therapy\n\nChemotherapy:\n\nNo prior chemotherapy for prostate cancer\nNo concurrent chemotherapy\n\nEndocrine therapy:\n\nSee Disease Characteristics\nAt least 4 weeks since prior hormonal therapy (6 weeks for bicalutamide) and recovered\nIf disease progression on LHRH antagonist, must continue to receive that LHRH agent or undergo surgical castration\nNo concurrent steroids unless topical or inhaled\nNo other concurrent hormonal therapy\n\nRadiotherapy:\n\nAt least 4 weeks since prior radiotherapy and recovered\nNo prior radiotherapy to more than 50% of nodal groups\nNo concurrent radiotherapy\n\nSurgery:\n\nSee Disease Characteristics\nSee Endocrine therapy\nAt least 4 weeks since prior surgery and recovered\nNo prior splenectomy\n\nOther:\n\nNo concurrent homeopathic therapy with PC-SPES or genistein",
          "HealthyVolunteers":"No",
          "Gender":"Male",
          "MinimumAge":"18 Years",
          "StdAgeList":{
            "StdAge":[
              "Adult",
              "Older Adult"
            ]
          }
        },
        "ContactsLocationsModule":{
          "OverallOfficialList":{
            "OverallOfficial":[
              {
                "OverallOfficialName":"Philip M. Arlen, MD",
                "OverallOfficialAffiliation":"National Cancer Institute (NCI)",
                "OverallOfficialRole":"Study Chair"
              }
            ]
          },
          "LocationList":{
            "Location":[
              {
                "LocationFacility":"Warren Grant Magnuson Clinical Center - NCI Clinical Studies Support",
                "LocationCity":"Bethesda",
                "LocationState":"Maryland",
                "LocationZip":"20892-1182",
                "LocationCountry":"United States"
              }
            ]
          }
        },
        "ReferencesModule":{
          "ReferenceList":{
            "Reference":[
              {
                "ReferencePMID":"11606396",
                "ReferenceType":"background",
                "ReferenceCitation":"Tsang KY, Zhu M, Even J, Gulley J, Arlen P, Schlom J. The infection of human dendritic cells with recombinant avipox vectors expressing a costimulatory molecule transgene (CD80) to enhance the activation of antigen-specific cytolytic T cells. Cancer Res. 2001 Oct 15;61(20):7568-76."
              },{
                "ReferencePMID":"18628467",
                "ReferenceType":"result",
                "ReferenceCitation":"Madan RA, Gulley JL, Schlom J, Steinberg SM, Liewehr DJ, Dahut WL, Arlen PM. Analysis of overall survival in patients with nonmetastatic castration-resistant prostate cancer treated with vaccine, nilutamide, and combination therapy. Clin Cancer Res. 2008 Jul 15;14(14):4526-31. doi: 10.1158/1078-0432.CCR-07-5048."
              },{
                "ReferencePMID":"16006888",
                "ReferenceType":"result",
                "ReferenceCitation":"Arlen PM, Gulley JL, Todd N, Lieberman R, Steinberg SM, Morin S, Bastian A, Marte J, Tsang KY, Beetham P, Grosenbach DW, Schlom J, Dahut W. Antiandrogen, vaccine and combination therapy in patients with nonmetastatic hormone refractory prostate cancer. J Urol. 2005 Aug;174(2):539-46."
              },{
                "ReferenceType":"result",
                "ReferenceCitation":"Arlen PM, Gulley JL, Novik L, et al.: A randomized phase II trial of either vaccine therapy (recombinant pox viruses expressing PSA and the B7.1 costimulatory molecule) versus hormone therapy (nilutamide) in patients with hormone refractory prostate cancer and no radiographic evidence of disease. [Abstract] J Urol 169 (4 Suppl): A-941, 243, 2003."
              },{
                "ReferenceType":"result",
                "ReferenceCitation":"Arlen PM, Gulley J, Novik L, et al.: A randomized phase II trial of either vaccine therapy (recombinant pox viruses expressing PSA and the B7.1 costimulatory molecule) versus hormone therapy (nilutamide) in patients (pts) with hormone refractory prostate cancer and no radiographic evidence of disease. [Abstract] Proceedings of the American Society of Clinical Oncology 21: A-728, 2002."
              }
            ]
          }
        }
      },
      "DerivedSection":{
        "MiscInfoModule":{
          "VersionHolder":"April 19, 2021"
        },
        "ConditionBrowseModule":{
          "ConditionMeshList":{
            "ConditionMesh":[
              {
                "ConditionMeshId":"D000011471",
                "ConditionMeshTerm":"Prostatic Neoplasms"
              }
            ]
          },
          "ConditionAncestorList":{
            "ConditionAncestor":[
              {
                "ConditionAncestorId":"D000005834",
                "ConditionAncestorTerm":"Genital Neoplasms, Male"
              },{
                "ConditionAncestorId":"D000014565",
                "ConditionAncestorTerm":"Urogenital Neoplasms"
              },{
                "ConditionAncestorId":"D000009371",
                "ConditionAncestorTerm":"Neoplasms by Site"
              },{
                "ConditionAncestorId":"D000009369",
                "ConditionAncestorTerm":"Neoplasms"
              },{
                "ConditionAncestorId":"D000011469",
                "ConditionAncestorTerm":"Prostatic Diseases"
              }
            ]
          },
          "ConditionBrowseLeafList":{
            "ConditionBrowseLeaf":[
              {
                "ConditionBrowseLeafId":"M12918",
                "ConditionBrowseLeafName":"Prostatic Neoplasms",
                "ConditionBrowseLeafAsFound":"Prostate Cancer",
                "ConditionBrowseLeafRelevance":"high"
              },{
                "ConditionBrowseLeafId":"M16105",
                "ConditionBrowseLeafName":"Virus Diseases",
                "ConditionBrowseLeafRelevance":"low"
              },{
                "ConditionBrowseLeafId":"M2166",
                "ConditionBrowseLeafName":"Adenocarcinoma",
                "ConditionBrowseLeafRelevance":"low"
              },{
                "ConditionBrowseLeafId":"M7529",
                "ConditionBrowseLeafName":"Genital Neoplasms, Male",
                "ConditionBrowseLeafRelevance":"low"
              },{
                "ConditionBrowseLeafId":"M15898",
                "ConditionBrowseLeafName":"Urogenital Neoplasms",
                "ConditionBrowseLeafRelevance":"low"
              },{
                "ConditionBrowseLeafId":"M12916",
                "ConditionBrowseLeafName":"Prostatic Diseases",
                "ConditionBrowseLeafRelevance":"low"
              }
            ]
          },
          "ConditionBrowseBranchList":{
            "ConditionBrowseBranch":[
              {
                "ConditionBrowseBranchAbbrev":"BC04",
                "ConditionBrowseBranchName":"Cancers and Other Neoplasms"
              },{
                "ConditionBrowseBranchAbbrev":"BXS",
                "ConditionBrowseBranchName":"Urinary Tract, Sexual Organs, and Pregnancy Conditions"
              },{
                "ConditionBrowseBranchAbbrev":"All",
                "ConditionBrowseBranchName":"All Conditions"
              },{
                "ConditionBrowseBranchAbbrev":"BC02",
                "ConditionBrowseBranchName":"Viral Diseases"
              }
            ]
          }
        },
        "InterventionBrowseModule":{
          "InterventionMeshList":{
            "InterventionMesh":[
              {
                "InterventionMeshId":"C000082598",
                "InterventionMeshTerm":"Aldesleukin"
              },{
                "InterventionMeshId":"C000021277",
                "InterventionMeshTerm":"Nilutamide"
              },{
                "InterventionMeshId":"D000014612",
                "InterventionMeshTerm":"Vaccines"
              },{
                "InterventionMeshId":"C000081222",
                "InterventionMeshTerm":"Sargramostim"
              }
            ]
          },
          "InterventionAncestorList":{
            "InterventionAncestor":[
              {
                "InterventionAncestorId":"D000007155",
                "InterventionAncestorTerm":"Immunologic Factors"
              },{
                "InterventionAncestorId":"D000045505",
                "InterventionAncestorTerm":"Physiological Effects of Drugs"
              },{
                "InterventionAncestorId":"D000000970",
                "InterventionAncestorTerm":"Antineoplastic Agents"
              },{
                "InterventionAncestorId":"D000019380",
                "InterventionAncestorTerm":"Anti-HIV Agents"
              },{
                "InterventionAncestorId":"D000044966",
                "InterventionAncestorTerm":"Anti-Retroviral Agents"
              },{
                "InterventionAncestorId":"D000000998",
                "InterventionAncestorTerm":"Antiviral Agents"
              },{
                "InterventionAncestorId":"D000000890",
                "InterventionAncestorTerm":"Anti-Infective Agents"
              },{
                "InterventionAncestorId":"D000000726",
                "InterventionAncestorTerm":"Androgen Antagonists"
              },{
                "InterventionAncestorId":"D000006727",
                "InterventionAncestorTerm":"Hormone Antagonists"
              },{
                "InterventionAncestorId":"D000006730",
                "InterventionAncestorTerm":"Hormones, Hormone Substitutes, and Hormone Antagonists"
              }
            ]
          },
          "InterventionBrowseLeafList":{
            "InterventionBrowseLeaf":[
              {
                "InterventionBrowseLeafId":"M15943",
                "InterventionBrowseLeafName":"Vaccines",
                "InterventionBrowseLeafAsFound":"Active",
                "InterventionBrowseLeafRelevance":"high"
              },{
                "InterventionBrowseLeafId":"M266484",
                "InterventionBrowseLeafName":"Molgramostim",
                "InterventionBrowseLeafRelevance":"low"
              },{
                "InterventionBrowseLeafId":"M8372",
                "InterventionBrowseLeafName":"Hormones",
                "InterventionBrowseLeafRelevance":"low"
              },{
                "InterventionBrowseLeafId":"M8994",
                "InterventionBrowseLeafName":"Interleukin-2",
                "InterventionBrowseLeafRelevance":"low"
              },{
                "InterventionBrowseLeafId":"M267719",
                "InterventionBrowseLeafName":"Sargramostim",
                "InterventionBrowseLeafAsFound":"Irinotecan",
                "InterventionBrowseLeafRelevance":"high"
              },{
                "InterventionBrowseLeafId":"M233230",
                "InterventionBrowseLeafName":"Nilutamide",
                "InterventionBrowseLeafAsFound":"Tenderness",
                "InterventionBrowseLeafRelevance":"high"
              },{
                "InterventionBrowseLeafId":"M233128",
                "InterventionBrowseLeafName":"Aldesleukin",
                "InterventionBrowseLeafAsFound":"Intubation",
                "InterventionBrowseLeafRelevance":"high"
              },{
                "InterventionBrowseLeafId":"M8784",
                "InterventionBrowseLeafName":"Immunologic Factors",
                "InterventionBrowseLeafRelevance":"low"
              },{
                "InterventionBrowseLeafId":"M19934",
                "InterventionBrowseLeafName":"Anti-HIV Agents",
                "InterventionBrowseLeafRelevance":"low"
              },{
                "InterventionBrowseLeafId":"M24015",
                "InterventionBrowseLeafName":"Anti-Retroviral Agents",
                "InterventionBrowseLeafRelevance":"low"
              },{
                "InterventionBrowseLeafId":"M2895",
                "InterventionBrowseLeafName":"Antiviral Agents",
                "InterventionBrowseLeafRelevance":"low"
              },{
                "InterventionBrowseLeafId":"M2795",
                "InterventionBrowseLeafName":"Anti-Infective Agents",
                "InterventionBrowseLeafRelevance":"low"
              },{
                "InterventionBrowseLeafId":"M2640",
                "InterventionBrowseLeafName":"Androgens",
                "InterventionBrowseLeafRelevance":"low"
              },{
                "InterventionBrowseLeafId":"M2638",
                "InterventionBrowseLeafName":"Androgen Antagonists",
                "InterventionBrowseLeafRelevance":"low"
              },{
                "InterventionBrowseLeafId":"M8371",
                "InterventionBrowseLeafName":"Hormone Antagonists",
                "InterventionBrowseLeafRelevance":"low"
              }
            ]
          },
          "InterventionBrowseBranchList":{
            "InterventionBrowseBranch":[
              {
                "InterventionBrowseBranchAbbrev":"All",
                "InterventionBrowseBranchName":"All Drugs and Chemicals"
              },{
                "InterventionBrowseBranchAbbrev":"ANeo",
                "InterventionBrowseBranchName":"Antineoplastic Agents"
              },{
                "InterventionBrowseBranchAbbrev":"Analg",
                "InterventionBrowseBranchName":"Analgesics"
              },{
                "InterventionBrowseBranchAbbrev":"Infe",
                "InterventionBrowseBranchName":"Anti-Infective Agents"
              }
            ]
          }
        }
      }
    }
  }
}

