{
  "FullStudy":{
    "Rank":367750,
    "Study":{
      "ProtocolSection":{
        "IdentificationModule":{
          "NCTId":"NCT00026728",
          "OrgStudyIdInfo":{
            "OrgStudyId":"010073"
          },
          "SecondaryIdInfoList":{
            "SecondaryIdInfo":[
              {
                "SecondaryId":"01-C-0073"
              }
            ]
          },
          "Organization":{
            "OrgFullName":"National Institutes of Health Clinical Center (CC)",
            "OrgClass":"NIH"
          },
          "BriefTitle":"Seroprevalence of Kaposi's Sarcoma Herpes Virus in the United States",
          "OfficialTitle":"The Seroprevalence of Kaposi's Sarcoma Herpesvirus in the United States"
        },
        "StatusModule":{
          "StatusVerifiedDate":"December 2005",
          "OverallStatus":"Completed",
          "ExpandedAccessInfo":{
            "HasExpandedAccess":"No"
          },
          "StartDateStruct":{
            "StartDate":"February 2001"
          },
          "CompletionDateStruct":{
            "CompletionDate":"December 2005"
          },
          "StudyFirstSubmitDate":"November 14, 2001",
          "StudyFirstSubmitQCDate":"November 14, 2001",
          "StudyFirstPostDateStruct":{
            "StudyFirstPostDate":"November 15, 2001",
            "StudyFirstPostDateType":"Estimate"
          },
          "LastUpdateSubmitDate":"March 3, 2008",
          "LastUpdatePostDateStruct":{
            "LastUpdatePostDate":"March 4, 2008",
            "LastUpdatePostDateType":"Estimate"
          }
        },
        "SponsorCollaboratorsModule":{
          "LeadSponsor":{
            "LeadSponsorName":"National Cancer Institute (NCI)",
            "LeadSponsorClass":"NIH"
          }
        },
        "OversightModule":{},
        "DescriptionModule":{
          "BriefSummary":"This study will investigate patterns of Kaposi's sarcoma herpes virus (KSHV) in the United States and its potential impact on the U.S. population. KSHV is a newly discovered virus that is strongly associated with Kaposi's sarcoma and primary effusion lymphoma. The high prevalence of KS and KSHV among HIV-infected homosexual men suggests sexual contact as a primary mode of transmission. Reports of non-sexual transmission in parts of Africa and the Mediterranean where Kaposi's sarcoma is endemic, and the identification of viral DNA in saliva and other bodily fluids, however, indicate the virus is also transmitted non-sexually. This study will:\n\nCompare the prevalence of KSHV among different demographic groups in the United States\nExamine the association between KSHV and high risk behaviors such as drug use (marijuana and cocaine), sexual behavior (age at first sexual intercourse and number of sexual partners), and medical risk factors (herpes simplex virus II, hepatitis B and hepatitis C)\nEstimate the prevalence of KSHV in the United States.\n\nData and blood samples for the study will be taken from the NHANES III survey. NHANES is a program of periodic surveys conducted by the Centers for Disease Control and Prevention's National Center for Health Statistics. The survey is designed to provide national estimates of health status for the United States non-institutionalized civilian population by means of household interviews, standardized physical examinations, and blood sample collection and testing. NHANES III-the seventh in a series of national examination studies-was conducted from 1988 to 1994.\n\nThis study will use the HANES data to identify risks associated with a KSHV-positive blood test in the survey population. The study plans to include all 19,754 participants (67% of the 29,314 participants originally examined) for whom blood samples were collected and remain available.",
          "DetailedDescription":"Kaposi sarcoma herpesvirus (KSHV) is the viral cause of Kaposi sarcoma. Although infection with this virus appears to be uncommon in the United States, the prevalence in the general population in uncertain, and routes for transmission are poorly characterized. This study makes use of questionnaire data and serum specimens obtained in the third National Health and Nutrition Survey (NHAnes III). Sera from 18,168 individuals in this study were tested for antibodies to the KSHV proteins K8.1 and LANA. We will use these measurements to estimate KSHV seroprevalence for the overall U.S. general population and for demographic subgroups. To characterize potential transmission routes, we will also examine whether KSHV seroprevalence is related to sexual activity and exposures to blood, as indicated by responses to questionnaire items and previous NHANES III measurements of markers of relevant viral infections."
        },
        "ConditionsModule":{
          "ConditionList":{
            "Condition":[
              "Kaposi's Sarcoma",
              "Herpesviridae Infection"
            ]
          },
          "KeywordList":{
            "Keyword":[
              "Human Herpesvirus B",
              "NHANES",
              "Epidemiology",
              "Population-Based Study",
              "Kaposi's Sarcoma Herpes Virus"
            ]
          }
        },
        "DesignModule":{
          "StudyType":"Observational",
          "EnrollmentInfo":{
            "EnrollmentCount":"20169"
          }
        },
        "EligibilityModule":{
          "EligibilityCriteria":"No specific eligibility criteria was provided for this protocol.",
          "HealthyVolunteers":"No",
          "Gender":"All",
          "StdAgeList":{
            "StdAge":[
              "Child",
              "Adult",
              "Older Adult"
            ]
          }
        },
        "ContactsLocationsModule":{
          "LocationList":{
            "Location":[
              {
                "LocationFacility":"National Cancer Institute (NCI)",
                "LocationCity":"Bethesda",
                "LocationState":"Maryland",
                "LocationZip":"20892",
                "LocationCountry":"United States"
              }
            ]
          }
        },
        "ReferencesModule":{
          "ReferenceList":{
            "Reference":[
              {
                "ReferencePMID":"7891487",
                "ReferenceType":"background",
                "ReferenceCitation":"Huang YQ, Li JJ, Kaplan MH, Poiesz B, Katabira E, Zhang WC, Feiner D, Friedman-Kien AE. Human herpesvirus-like nucleic acid in various forms of Kaposi's sarcoma. Lancet. 1995 Mar 25;345(8952):759-61."
              }
            ]
          },
          "SeeAlsoLinkList":{
            "SeeAlsoLink":[
              {
                "SeeAlsoLinkLabel":"NIH Clinical Center Detailed Web Page",
                "SeeAlsoLinkURL":"http://clinicalstudies.info.nih.gov/detail/B_2001-C-0073.html"
              }
            ]
          }
        }
      },
      "DerivedSection":{
        "MiscInfoModule":{
          "VersionHolder":"April 19, 2021"
        },
        "ConditionBrowseModule":{
          "ConditionMeshList":{
            "ConditionMesh":[
              {
                "ConditionMeshId":"D000012514",
                "ConditionMeshTerm":"Sarcoma, Kaposi"
              },{
                "ConditionMeshId":"D000006566",
                "ConditionMeshTerm":"Herpesviridae Infections"
              },{
                "ConditionMeshId":"D000012509",
                "ConditionMeshTerm":"Sarcoma"
              }
            ]
          },
          "ConditionAncestorList":{
            "ConditionAncestor":[
              {
                "ConditionAncestorId":"D000018204",
                "ConditionAncestorTerm":"Neoplasms, Connective and Soft Tissue"
              },{
                "ConditionAncestorId":"D000009370",
                "ConditionAncestorTerm":"Neoplasms by Histologic Type"
              },{
                "ConditionAncestorId":"D000009369",
                "ConditionAncestorTerm":"Neoplasms"
              },{
                "ConditionAncestorId":"D000004266",
                "ConditionAncestorTerm":"DNA Virus Infections"
              },{
                "ConditionAncestorId":"D000014777",
                "ConditionAncestorTerm":"Virus Diseases"
              },{
                "ConditionAncestorId":"D000009383",
                "ConditionAncestorTerm":"Neoplasms, Vascular Tissue"
              }
            ]
          },
          "ConditionBrowseLeafList":{
            "ConditionBrowseLeaf":[
              {
                "ConditionBrowseLeafId":"M8866",
                "ConditionBrowseLeafName":"Infection",
                "ConditionBrowseLeafRelevance":"low"
              },{
                "ConditionBrowseLeafId":"M4951",
                "ConditionBrowseLeafName":"Communicable Diseases",
                "ConditionBrowseLeafRelevance":"low"
              },{
                "ConditionBrowseLeafId":"M16105",
                "ConditionBrowseLeafName":"Virus Diseases",
                "ConditionBrowseLeafRelevance":"low"
              },{
                "ConditionBrowseLeafId":"M8226",
                "ConditionBrowseLeafName":"Herpesviridae Infections",
                "ConditionBrowseLeafAsFound":"Herpesviridae Infections",
                "ConditionBrowseLeafRelevance":"high"
              },{
                "ConditionBrowseLeafId":"M13910",
                "ConditionBrowseLeafName":"Sarcoma",
                "ConditionBrowseLeafAsFound":"Sarcoma",
                "ConditionBrowseLeafRelevance":"high"
              },{
                "ConditionBrowseLeafId":"M13915",
                "ConditionBrowseLeafName":"Sarcoma, Kaposi",
                "ConditionBrowseLeafAsFound":"Kaposi's Sarcoma",
                "ConditionBrowseLeafRelevance":"high"
              },{
                "ConditionBrowseLeafId":"M18933",
                "ConditionBrowseLeafName":"Neoplasms, Connective and Soft Tissue",
                "ConditionBrowseLeafRelevance":"low"
              },{
                "ConditionBrowseLeafId":"M10898",
                "ConditionBrowseLeafName":"Neoplasms by Histologic Type",
                "ConditionBrowseLeafRelevance":"low"
              },{
                "ConditionBrowseLeafId":"M6025",
                "ConditionBrowseLeafName":"DNA Virus Infections",
                "ConditionBrowseLeafRelevance":"low"
              },{
                "ConditionBrowseLeafId":"M10911",
                "ConditionBrowseLeafName":"Neoplasms, Vascular Tissue",
                "ConditionBrowseLeafRelevance":"low"
              },{
                "ConditionBrowseLeafId":"T5284",
                "ConditionBrowseLeafName":"Soft Tissue Sarcoma",
                "ConditionBrowseLeafAsFound":"Sarcoma",
                "ConditionBrowseLeafRelevance":"high"
              },{
                "ConditionBrowseLeafId":"T3199",
                "ConditionBrowseLeafName":"Kaposi Sarcoma",
                "ConditionBrowseLeafAsFound":"Kaposi's Sarcoma",
                "ConditionBrowseLeafRelevance":"high"
              }
            ]
          },
          "ConditionBrowseBranchList":{
            "ConditionBrowseBranch":[
              {
                "ConditionBrowseBranchAbbrev":"BC01",
                "ConditionBrowseBranchName":"Bacterial and Fungal Diseases"
              },{
                "ConditionBrowseBranchAbbrev":"All",
                "ConditionBrowseBranchName":"All Conditions"
              },{
                "ConditionBrowseBranchAbbrev":"BC02",
                "ConditionBrowseBranchName":"Viral Diseases"
              },{
                "ConditionBrowseBranchAbbrev":"BC04",
                "ConditionBrowseBranchName":"Cancers and Other Neoplasms"
              },{
                "ConditionBrowseBranchAbbrev":"Rare",
                "ConditionBrowseBranchName":"Rare Diseases"
              }
            ]
          }
        }
      }
    }
  }
}

