{
  "FullStudy":{
    "Rank":368158,
    "Study":{
      "ProtocolSection":{
        "IdentificationModule":{
          "NCTId":"NCT00020826",
          "OrgStudyIdInfo":{
            "OrgStudyId":"EORTC-15001-40003"
          },
          "SecondaryIdInfoList":{
            "SecondaryIdInfo":[
              {
                "SecondaryId":"EORTC-15001",
                "SecondaryIdType":"Other Identifier",
                "SecondaryIdDomain":"EORTC"
              },{
                "SecondaryId":"EORTC-40003",
                "SecondaryIdType":"Other Identifier",
                "SecondaryIdDomain":"EORTC"
              }
            ]
          },
          "Organization":{
            "OrgFullName":"European Organisation for Research and Treatment of Cancer - EORTC",
            "OrgClass":"NETWORK"
          },
          "BriefTitle":"Assessing Quality of Life of Patients With Stomach Cancer",
          "OfficialTitle":"An International Field Study Of The Reliability And Validity Of The EORTC QLQ-C30 And A Disease-Specific Questionnaire Module (The QLQ-STO22) In Assessing The Quality Of Life Of Patients With Gastric Cancer"
        },
        "StatusModule":{
          "StatusVerifiedDate":"August 2012",
          "OverallStatus":"Completed",
          "ExpandedAccessInfo":{
            "HasExpandedAccess":"No"
          },
          "StartDateStruct":{
            "StartDate":"April 2001"
          },
          "PrimaryCompletionDateStruct":{
            "PrimaryCompletionDate":"May 2003",
            "PrimaryCompletionDateType":"Actual"
          },
          "CompletionDateStruct":{
            "CompletionDate":"January 2004",
            "CompletionDateType":"Actual"
          },
          "StudyFirstSubmitDate":"July 11, 2001",
          "StudyFirstSubmitQCDate":"January 26, 2003",
          "StudyFirstPostDateStruct":{
            "StudyFirstPostDate":"January 27, 2003",
            "StudyFirstPostDateType":"Estimate"
          },
          "LastUpdateSubmitDate":"August 24, 2012",
          "LastUpdatePostDateStruct":{
            "LastUpdatePostDate":"August 27, 2012",
            "LastUpdatePostDateType":"Estimate"
          }
        },
        "SponsorCollaboratorsModule":{
          "ResponsibleParty":{
            "ResponsiblePartyType":"Sponsor"
          },
          "LeadSponsor":{
            "LeadSponsorName":"European Organisation for Research and Treatment of Cancer - EORTC",
            "LeadSponsorClass":"NETWORK"
          }
        },
        "OversightModule":{
          "OversightHasDMC":"No"
        },
        "DescriptionModule":{
          "BriefSummary":"RATIONALE: Assessing quality of life in patients who are undergoing cancer treatment may help determine the effect of treatment on these patients.\n\nPURPOSE: Clinical trial to study the effectiveness of a quality of life assessment in patients who are receiving treatment for stomach cancer.",
          "DetailedDescription":"OBJECTIVES:\n\nDetermine the scale structure, reliability, and validity of the tumor-specific questionnaire, QLQ-STO22, in assessing the quality of life of patients with gastric cancer.\nDetermine the questionnaire's sensitivity to change in clinical health status in these patients.\n\nOUTLINE: Patients are stratified according to type of treatment (potentially curative vs potentially palliative), disease stage (local and locoregional vs metastatic), Karnofsky performance status (less than 80% vs more than 80%), and initial weight gain (none vs less than 10% of total body weight vs 10% or more of total body weight).\n\nCuratively Treated Group: Quality of life is assessed at 4 weeks prior to surgery and 3 months after surgery in patients receiving total or partial gastrectomy with curative intent; at 4 weeks prior to chemotherapy and/or radiotherapy, 4 weeks prior to surgery, and 3 months after surgery in patients receiving neoadjuvant chemotherapy and/or radiotherapy followed by total or partial gastrectomy with curative intent; at 4 weeks prior to chemotherapy and/or radiotherapy and 6 weeks after completion of therapy in patients receiving adjuvant chemotherapy and/or radiotherapy following total or partial gastrectomy; and at 4 weeks prior to therapy and 3 months after completion of therapy in patients receiving endoscopic mucosal resection or laparoscopic wedge resection.\nPalliatively Treated Group: Quality of life is assessed at 3 weeks prior to palliative therapy and 4 weeks after beginning palliative therapy.\n\nPROJECTED ACCRUAL: Approximately 220 patients (110 per group) will be accrued for this study within 2 years."
        },
        "ConditionsModule":{
          "ConditionList":{
            "Condition":[
              "Gastric Cancer"
            ]
          },
          "KeywordList":{
            "Keyword":[
              "adenocarcinoma of the stomach"
            ]
          }
        },
        "DesignModule":{
          "StudyType":"Observational",
          "DesignInfo":{
            "DesignObservationalModelList":{
              "DesignObservationalModel":[
                "Case-Only"
              ]
            },
            "DesignTimePerspectiveList":{
              "DesignTimePerspective":[
                "Prospective"
              ]
            }
          },
          "EnrollmentInfo":{
            "EnrollmentCount":"267",
            "EnrollmentType":"Actual"
          }
        },
        "ArmsInterventionsModule":{
          "ArmGroupList":{
            "ArmGroup":[
              {
                "ArmGroupLabel":"gastric adenocarcinoma",
                "ArmGroupDescription":"No protocol specific interventions. Both palliative or curative treatment allowed.",
                "ArmGroupInterventionList":{
                  "ArmGroupInterventionName":[
                    "Other: quality-of-life assessment"
                  ]
                }
              }
            ]
          },
          "InterventionList":{
            "Intervention":[
              {
                "InterventionType":"Other",
                "InterventionName":"quality-of-life assessment",
                "InterventionDescription":"QLQ-C30 questionnaire administered. STO22 questionnaire administered.",
                "InterventionArmGroupLabelList":{
                  "InterventionArmGroupLabel":[
                    "gastric adenocarcinoma"
                  ]
                },
                "InterventionOtherNameList":{
                  "InterventionOtherName":[
                    "QLQ-C30 questionnaire administered.",
                    "STO22 questionnaire administered."
                  ]
                }
              }
            ]
          }
        },
        "OutcomesModule":{
          "PrimaryOutcomeList":{
            "PrimaryOutcome":[
              {
                "PrimaryOutcomeMeasure":"psychometric validity of the STO22 module",
                "PrimaryOutcomeDescription":"Quality of life scores will be evaluated for psychometric validity by:\n\nScale structure using multi-trait scaling analysis\nReliability using tests of internal consistency\nTest-retest reliability in patients recruited in the UK\nValidity using inter-scale correlations and known group comparisons\nSensitivity to change using two measurements of Quality of Life and ANOVA to look for the significance of changes in quality of life scores as a function of observed changes in clinical status over time.",
                "PrimaryOutcomeTimeFrame":"The EORTC QLQ-C30 and the gastric cancer module (QLQ-STO22) will be prospectively administered once before and once after primary treatment."
              }
            ]
          },
          "SecondaryOutcomeList":{
            "SecondaryOutcome":[
              {
                "SecondaryOutcomeMeasure":"debriefing questionnaire information",
                "SecondaryOutcomeDescription":"Patients will be asked to complete a short debriefing questionnaire covering questions about the time taken to complete the EORTC QLQ-C30 and QLQ-STO22; the need for help in completing the questionnaires and querying whether any of the questionnaire items were confusing; difficult to answer or upsetting.",
                "SecondaryOutcomeTimeFrame":"at baseline"
              }
            ]
          },
          "OtherOutcomeList":{
            "OtherOutcome":[
              {
                "OtherOutcomeMeasure":"compliance",
                "OtherOutcomeDescription":"Proportion of completed versus expected QoL questionnaires",
                "OtherOutcomeTimeFrame":"at the same timepoints when the QoL questionnaires are completed"
              },{
                "OtherOutcomeMeasure":"correlation between QLQ-C30 and STO22 scores",
                "OtherOutcomeDescription":"correlations between the different established scales of the QLQ-C30 and the hypothesized STO22 scales will be calculated.",
                "OtherOutcomeTimeFrame":"before and after treatment"
              }
            ]
          }
        },
        "EligibilityModule":{
          "EligibilityCriteria":"DISEASE CHARACTERISTICS:\n\nHistologically confirmed gastric adenocarcinoma\n\nPatients treated with curative intent according to one of the following criteria:\n\nPlan to undergo total or partial gastrectomy with curative intent\nPlan to receive neoadjuvant chemotherapy and/or radiotherapy followed by total or partial gastrectomy with curative intent\nPrior total or partial gastrectomy with curative intent and currently receiving adjuvant chemotherapy and/or radiotherapy\nPrior endoscopic mucosal resection or laparoscopic wedge resection of early gastric cancer OR\n\nPatients with initial diagnosis of gastric cancer or recurrent disease with plans to receive one of the following therapies with palliative intent:\n\nTotal or partial gastrectomy or bypass procedure\nEndoscopic procedure (e.g., stent insertion)\nChemotherapy and/or radiotherapy\nSupportive measures only\nNo concurrent enrollment on other quality of life study that would interfere with this study\nNot previously enrolled on this study\n\nPATIENT CHARACTERISTICS:\n\nAge:\n\nAny age\n\nPerformance status:\n\nAny performance status\n\nLife expectancy:\n\nAt least 2 months for patients treated with curative intent\nAt least 4 weeks for patients treated with palliative intent\n\nHematopoietic:\n\nNot specified\n\nHepatic:\n\nNot specified\n\nRenal:\n\nNot specified\n\nOther:\n\nNo other concurrent malignancies except basal cell carcinoma of the skin\nNo mental impairment that would preclude completion of questionnaire\nNo psychological, familial, sociological, or geographical condition that would preclude study compliance\n\nPRIOR CONCURRENT THERAPY:\n\nBiologic therapy:\n\nNot specified\n\nChemotherapy:\n\nSee Disease Characteristics\n\nEndocrine therapy:\n\nNot specified\n\nRadiotherapy:\n\nSee Disease Characteristics\n\nSurgery:\n\nSee Disease Characteristics",
          "HealthyVolunteers":"No",
          "Gender":"All",
          "MinimumAge":"18 Years",
          "StdAgeList":{
            "StdAge":[
              "Adult",
              "Older Adult"
            ]
          },
          "StudyPopulation":"The study sample will be composed of a consecutive series of patients with gastric cancer meeting the eligibility criteria in each participating centre. The definition of gastric cancer is adenocarcinoma of the stomach, and includes all tumours of the fundus, body and antrum, linitis plastica and tumours of the cardia that infiltrate the gastro-oesophageal junction and distal oesophagus from below; classified as type III according to Siewert (1998. The study sample will be stratified by treatment - potentially curative and purely palliative.",
          "SamplingMethod":"Non-Probability Sample"
        },
        "ContactsLocationsModule":{
          "OverallOfficialList":{
            "OverallOfficial":[
              {
                "OverallOfficialName":"Jane Blazeby, MB, CHB, FRCS, BSc, MD",
                "OverallOfficialAffiliation":"University Hospitals Bristol and Weston NHS Foundation Trust",
                "OverallOfficialRole":"Study Chair"
              },{
                "OverallOfficialName":"Thierry Conroy, MD",
                "OverallOfficialAffiliation":"Centre Alexis Vautrin",
                "OverallOfficialRole":"Study Chair"
              }
            ]
          },
          "LocationList":{
            "Location":[
              {
                "LocationFacility":"Centre Alexis Vautrin",
                "LocationCity":"Vandoeuvre-les-Nancy",
                "LocationZip":"54511",
                "LocationCountry":"France"
              },{
                "LocationFacility":"Universitaetsklinikum Charite",
                "LocationCity":"Berlin",
                "LocationZip":"D-10117",
                "LocationCountry":"Germany"
              },{
                "LocationFacility":"University of Marburg",
                "LocationCity":"Marburg",
                "LocationZip":"D-35033",
                "LocationCountry":"Germany"
              },{
                "LocationFacility":"Hospital De Navarra",
                "LocationCity":"Pamplona",
                "LocationZip":"31080",
                "LocationCountry":"Spain"
              },{
                "LocationFacility":"Sahlgrenska University Hospital",
                "LocationCity":"Gothenburg (Goteborg)",
                "LocationZip":"S-413 45",
                "LocationCountry":"Sweden"
              },{
                "LocationFacility":"Bristol Haematology and Oncology Centre",
                "LocationCity":"Bristol",
                "LocationState":"England",
                "LocationZip":"BS2 8ED",
                "LocationCountry":"United Kingdom"
              },{
                "LocationFacility":"Royal Infirmary",
                "LocationCity":"Glasgow",
                "LocationState":"Scotland",
                "LocationZip":"G4 0SF",
                "LocationCountry":"United Kingdom"
              }
            ]
          }
        },
        "ReferencesModule":{
          "ReferenceList":{
            "Reference":[
              {
                "ReferencePMID":"18979141",
                "ReferenceType":"result",
                "ReferenceCitation":"Oñate-Ocaña LF, Alcántara-Pilar A, Vilar-Compte D, García-Hubard G, Rojas-Castillo E, Alvarado-Aguilar S, Carrillo JF, Blazeby JM, Aiello-Crocifoglio V. Validation of the Mexican Spanish version of the EORTC C30 and STO22 questionnaires for the evaluation of health-related quality of life in patients with gastric cancer. Ann Surg Oncol. 2009 Jan;16(1):88-95. doi: 10.1245/s10434-008-0175-9. Epub 2008 Nov 1."
              },{
                "ReferencePMID":"19715606",
                "ReferenceType":"result",
                "ReferenceCitation":"Sadighi S, Montazeri A, Sedighi Z, Mohagheghi MA, Froutan H. Quality of life in patients with gastric cancer: translation and psychometric evaluation of the Iranian version of EORTC QLQ-STO22. BMC Cancer. 2009 Aug 28;9:305. doi: 10.1186/1471-2407-9-305."
              }
            ]
          }
        }
      },
      "DerivedSection":{
        "MiscInfoModule":{
          "VersionHolder":"April 19, 2021"
        },
        "ConditionBrowseModule":{
          "ConditionMeshList":{
            "ConditionMesh":[
              {
                "ConditionMeshId":"D000013274",
                "ConditionMeshTerm":"Stomach Neoplasms"
              }
            ]
          },
          "ConditionAncestorList":{
            "ConditionAncestor":[
              {
                "ConditionAncestorId":"D000005770",
                "ConditionAncestorTerm":"Gastrointestinal Neoplasms"
              },{
                "ConditionAncestorId":"D000004067",
                "ConditionAncestorTerm":"Digestive System Neoplasms"
              },{
                "ConditionAncestorId":"D000009371",
                "ConditionAncestorTerm":"Neoplasms by Site"
              },{
                "ConditionAncestorId":"D000009369",
                "ConditionAncestorTerm":"Neoplasms"
              },{
                "ConditionAncestorId":"D000004066",
                "ConditionAncestorTerm":"Digestive System Diseases"
              },{
                "ConditionAncestorId":"D000005767",
                "ConditionAncestorTerm":"Gastrointestinal Diseases"
              },{
                "ConditionAncestorId":"D000013272",
                "ConditionAncestorTerm":"Stomach Diseases"
              }
            ]
          },
          "ConditionBrowseLeafList":{
            "ConditionBrowseLeaf":[
              {
                "ConditionBrowseLeafId":"M14647",
                "ConditionBrowseLeafName":"Stomach Neoplasms",
                "ConditionBrowseLeafAsFound":"Gastric Cancer",
                "ConditionBrowseLeafRelevance":"high"
              },{
                "ConditionBrowseLeafId":"M2166",
                "ConditionBrowseLeafName":"Adenocarcinoma",
                "ConditionBrowseLeafRelevance":"low"
              },{
                "ConditionBrowseLeafId":"M7469",
                "ConditionBrowseLeafName":"Gastrointestinal Neoplasms",
                "ConditionBrowseLeafRelevance":"low"
              },{
                "ConditionBrowseLeafId":"M5839",
                "ConditionBrowseLeafName":"Digestive System Neoplasms",
                "ConditionBrowseLeafRelevance":"low"
              },{
                "ConditionBrowseLeafId":"M5838",
                "ConditionBrowseLeafName":"Digestive System Diseases",
                "ConditionBrowseLeafRelevance":"low"
              },{
                "ConditionBrowseLeafId":"M7466",
                "ConditionBrowseLeafName":"Gastrointestinal Diseases",
                "ConditionBrowseLeafRelevance":"low"
              },{
                "ConditionBrowseLeafId":"M14645",
                "ConditionBrowseLeafName":"Stomach Diseases",
                "ConditionBrowseLeafRelevance":"low"
              },{
                "ConditionBrowseLeafId":"T6034",
                "ConditionBrowseLeafName":"Quality of Life",
                "ConditionBrowseLeafAsFound":"Quality of Life",
                "ConditionBrowseLeafRelevance":"high"
              },{
                "ConditionBrowseLeafId":"T5486",
                "ConditionBrowseLeafName":"Stomach Cancer",
                "ConditionBrowseLeafAsFound":"Gastric Cancer",
                "ConditionBrowseLeafRelevance":"high"
              }
            ]
          },
          "ConditionBrowseBranchList":{
            "ConditionBrowseBranch":[
              {
                "ConditionBrowseBranchAbbrev":"BC04",
                "ConditionBrowseBranchName":"Cancers and Other Neoplasms"
              },{
                "ConditionBrowseBranchAbbrev":"BC06",
                "ConditionBrowseBranchName":"Digestive System Diseases"
              },{
                "ConditionBrowseBranchAbbrev":"All",
                "ConditionBrowseBranchName":"All Conditions"
              },{
                "ConditionBrowseBranchAbbrev":"BXM",
                "ConditionBrowseBranchName":"Behaviors and Mental Disorders"
              },{
                "ConditionBrowseBranchAbbrev":"Rare",
                "ConditionBrowseBranchName":"Rare Diseases"
              }
            ]
          }
        }
      }
    }
  }
}

