{
  "FullStudy":{
    "Rank":367914,
    "Study":{
      "ProtocolSection":{
        "IdentificationModule":{
          "NCTId":"NCT00024310",
          "OrgStudyIdInfo":{
            "OrgStudyId":"CDR0000068917"
          },
          "SecondaryIdInfoList":{
            "SecondaryIdInfo":[
              {
                "SecondaryId":"UCLA-0005068"
              },{
                "SecondaryId":"TULA-T3004"
              },{
                "SecondaryId":"NCI-G01-2017"
              }
            ]
          },
          "Organization":{
            "OrgFullName":"National Cancer Institute (NCI)",
            "OrgClass":"NIH"
          },
          "BriefTitle":"Paclitaxel, Folic Acid, and Lometrexol in Treating Patients With Locally Advanced or Metastatic Solid Tumors",
          "OfficialTitle":"A Phase I Trial of Lometrexol Sodium and Paclitaxel Adminsitered Intravenously Every 21 Days in Conjunction With Oral Folic Acid in Patients With Solid Tumors"
        },
        "StatusModule":{
          "StatusVerifiedDate":"November 2002",
          "OverallStatus":"Unknown status",
          "LastKnownStatus":"Active, not recruiting",
          "ExpandedAccessInfo":{
            "HasExpandedAccess":"No"
          },
          "StartDateStruct":{
            "StartDate":"September 2001"
          },
          "StudyFirstSubmitDate":"September 13, 2001",
          "StudyFirstSubmitQCDate":"June 19, 2003",
          "StudyFirstPostDateStruct":{
            "StudyFirstPostDate":"June 20, 2003",
            "StudyFirstPostDateType":"Estimate"
          },
          "LastUpdateSubmitDate":"September 16, 2013",
          "LastUpdatePostDateStruct":{
            "LastUpdatePostDate":"September 17, 2013",
            "LastUpdatePostDateType":"Estimate"
          }
        },
        "SponsorCollaboratorsModule":{
          "LeadSponsor":{
            "LeadSponsorName":"Jonsson Comprehensive Cancer Center",
            "LeadSponsorClass":"OTHER"
          },
          "CollaboratorList":{
            "Collaborator":[
              {
                "CollaboratorName":"National Cancer Institute (NCI)",
                "CollaboratorClass":"NIH"
              }
            ]
          }
        },
        "OversightModule":{},
        "DescriptionModule":{
          "BriefSummary":"RATIONALE: Drugs used in chemotherapy use different ways to stop tumor cells from dividing so they stop growing or die. Folic acid may protect normal cells from the side effects of chemotherapy and may increase the effectiveness of chemotherapy by making tumor cells more sensitive to the drug. Lometrexol may stop the growth of tumors by blocking one of the enzymes necessary for cancer cell growth. Combining chemotherapy with folic acid and lometrexol may kill more tumor cells.\n\nPURPOSE: Phase I trial to study the effectiveness of combining paclitaxel, folic acid, and lometrexol in treating patients who have locally advanced or metastatic solid tumors.",
          "DetailedDescription":"OBJECTIVES:\n\nDetermine the maximum tolerated dose and recommended phase II study dose of lometrexol and paclitaxel when combined with folic acid in patients with locally advanced or metastatic solid tumors.\nDetermine the quantitative and qualitative toxic effects of this regimen in these patients.\nDetermine the plasma concentrations of lometrexol and paclitaxel and relate their pharmacokinetics to toxicity outcome in these patients.\nDetermine the antitumor activity of this regimen in these patients.\n\nOUTLINE: This is a multicenter, dose-escalation study of lometrexol and paclitaxel.\n\nPatients receive lometrexol IV over 30-60 seconds immediately followed by paclitaxel IV over 3 hours on day 1. Patients also receive oral folic acid beginning 7 days before lometrexol/paclitaxel and continuing for 14 days. Treatment repeats every 21 days in the absence of disease progression or unacceptable toxicity.\n\nDoses of lometrexol and paclitaxel are escalated sequentially. Cohorts of 3-6 patients receive escalating doses of lometrexol and paclitaxel until the maximum tolerated dose (MTD) is determined. The MTD is defined as the dose at which at least 2 of 6 patients experience dose-limiting toxicity. Six to twelve additional patients are treated at the recommended phase II study dose (dose immediately preceding the MTD).\n\nPatients are followed every 3 months.\n\nPROJECTED ACCRUAL: Approximately 12-42 patients will be accrued for this study."
        },
        "ConditionsModule":{
          "ConditionList":{
            "Condition":[
              "Drug/Agent Toxicity by Tissue/Organ",
              "Unspecified Adult Solid Tumor, Protocol Specific"
            ]
          },
          "KeywordList":{
            "Keyword":[
              "unspecified adult solid tumor, protocol specific",
              "drug/agent toxicity by tissue/organ"
            ]
          }
        },
        "DesignModule":{
          "StudyType":"Interventional",
          "PhaseList":{
            "Phase":[
              "Phase 1"
            ]
          },
          "DesignInfo":{
            "DesignPrimaryPurpose":"Treatment"
          }
        },
        "ArmsInterventionsModule":{
          "InterventionList":{
            "Intervention":[
              {
                "InterventionType":"Dietary Supplement",
                "InterventionName":"folic acid"
              },{
                "InterventionType":"Drug",
                "InterventionName":"lometrexol"
              },{
                "InterventionType":"Drug",
                "InterventionName":"paclitaxel"
              }
            ]
          }
        },
        "EligibilityModule":{
          "EligibilityCriteria":"DISEASE CHARACTERISTICS:\n\nHistologically or cytologically proven locally advanced or metastatic solid tumor that is refractory to standard therapies or for which there are no therapies of potential major benefit\nMeasurable disease\nNo hematologic malignancies, including leukemia, lymphoma, or multiple myeloma\nNo symptomatic effusions or ascites unless drained before study entry\nNo clinically apparent CNS metastases or carcinomatous meningitis\n\nPATIENT CHARACTERISTICS:\n\nAge:\n\n18 and over\n\nPerformance status:\n\nWHO 0-1\n\nLife expectancy:\n\nAt least 12 weeks\n\nHematopoietic:\n\nAbsolute neutrophil count at least 1,500/mm^3*\nPlatelet count at least 100,000/mm^3*\nHemoglobin at least 9.0 g/dL* NOTE: * Without growth factor support\n\nHepatic:\n\nBilirubin no greater than 2.0 mg/dL\nSGOT and SGPT no greater than 2.5 times upper limit of normal (ULN) (5 times ULN if tumor involvement of liver)\nAlbumin greater than 2.5 g/dL\n\nRenal:\n\nGlomerular filtration rate at least 65 mL/min\n\nGastrointestinal:\n\nNo inflammatory bowel disease\nNo radiation enteritis\nNo malabsorption syndrome\n\nOther:\n\nNot pregnant or nursing\nNegative pregnancy test\nFertile patients must use effective contraception\nNo known hypersensitivity to study drugs or related compounds (e.g., LY309887, multi-targeted antifolate, AG-2034, methotrexate, docetaxel, or polyoxyethylated castor oil)\nNo active uncontrolled infection unless approved by the investigator\nNo other severe concurrent disease that would preclude study therapy\nNo body surface area greater than 3.0 m^2\nNo known vitamin B12 deficiency\n\nPRIOR CONCURRENT THERAPY:\n\nBiologic therapy:\n\nNo concurrent routine or prophylactic filgrastim (G-CSF), sargramostim (GM-CSF), or epoetin alfa\nNo concurrent biologic-response modifiers\n\nChemotherapy:\n\nAt least 4 weeks since prior chemotherapy (6 weeks for mitomycin, carboplatin, or nitrosourea) and recovered\nNo other concurrent cytotoxic chemotherapy\n\nEndocrine therapy:\n\nNo concurrent hormonal therapy\n\nRadiotherapy:\n\nRecovered from prior radiotherapy\nNo prior radiotherapy to 25% or more of bone marrow (e.g., whole-pelvic irradiation)\nNo concurrent radiotherapy (including palliative radiotherapy)\n\nSurgery:\n\nAt least 4 weeks since prior major surgery and recovered\n\nOther:\n\nAt least 4 weeks since prior investigational agent\nNo more than 2 prior therapies for locally advanced or metastatic solid tumor\nNo other concurrent investigational agent\nNo concurrent trimethoprim, co-trimoxazole, proguanil, or pyrimethamine",
          "HealthyVolunteers":"No",
          "Gender":"All",
          "MinimumAge":"18 Years",
          "StdAgeList":{
            "StdAge":[
              "Adult",
              "Older Adult"
            ]
          }
        },
        "ContactsLocationsModule":{
          "OverallOfficialList":{
            "OverallOfficial":[
              {
                "OverallOfficialName":"Lee S. Rosen, MD",
                "OverallOfficialAffiliation":"Jonsson Comprehensive Cancer Center",
                "OverallOfficialRole":"Study Chair"
              }
            ]
          },
          "LocationList":{
            "Location":[
              {
                "LocationFacility":"Jonsson Comprehensive Cancer Center, UCLA",
                "LocationCity":"Los Angeles",
                "LocationState":"California",
                "LocationZip":"90095-1781",
                "LocationCountry":"United States"
              }
            ]
          }
        }
      },
      "DerivedSection":{
        "MiscInfoModule":{
          "VersionHolder":"April 19, 2021"
        },
        "ConditionBrowseModule":{
          "ConditionMeshList":{
            "ConditionMesh":[
              {
                "ConditionMeshId":"D000064420",
                "ConditionMeshTerm":"Drug-Related Side Effects and Adverse Reactions"
              }
            ]
          },
          "ConditionAncestorList":{
            "ConditionAncestor":[
              {
                "ConditionAncestorId":"D000064419",
                "ConditionAncestorTerm":"Chemically-Induced Disorders"
              }
            ]
          },
          "ConditionBrowseLeafList":{
            "ConditionBrowseLeaf":[
              {
                "ConditionBrowseLeafId":"M28890",
                "ConditionBrowseLeafName":"Drug-Related Side Effects and Adverse Reactions",
                "ConditionBrowseLeafAsFound":"Drug/agent toxicity by tissue/organ",
                "ConditionBrowseLeafRelevance":"high"
              },{
                "ConditionBrowseLeafId":"M28889",
                "ConditionBrowseLeafName":"Chemically-Induced Disorders",
                "ConditionBrowseLeafRelevance":"low"
              }
            ]
          },
          "ConditionBrowseBranchList":{
            "ConditionBrowseBranch":[
              {
                "ConditionBrowseBranchAbbrev":"BC25",
                "ConditionBrowseBranchName":"Substance Related Disorders"
              },{
                "ConditionBrowseBranchAbbrev":"All",
                "ConditionBrowseBranchName":"All Conditions"
              }
            ]
          }
        },
        "InterventionBrowseModule":{
          "InterventionMeshList":{
            "InterventionMesh":[
              {
                "InterventionMeshId":"D000005492",
                "InterventionMeshTerm":"Folic Acid"
              },{
                "InterventionMeshId":"D000017239",
                "InterventionMeshTerm":"Paclitaxel"
              },{
                "InterventionMeshId":"C000045894",
                "InterventionMeshTerm":"Lometrexol"
              }
            ]
          },
          "InterventionAncestorList":{
            "InterventionAncestor":[
              {
                "InterventionAncestorId":"D000000972",
                "InterventionAncestorTerm":"Antineoplastic Agents, Phytogenic"
              },{
                "InterventionAncestorId":"D000000970",
                "InterventionAncestorTerm":"Antineoplastic Agents"
              },{
                "InterventionAncestorId":"D000050257",
                "InterventionAncestorTerm":"Tubulin Modulators"
              },{
                "InterventionAncestorId":"D000050256",
                "InterventionAncestorTerm":"Antimitotic Agents"
              },{
                "InterventionAncestorId":"D000050258",
                "InterventionAncestorTerm":"Mitosis Modulators"
              },{
                "InterventionAncestorId":"D000045504",
                "InterventionAncestorTerm":"Molecular Mechanisms of Pharmacological Action"
              },{
                "InterventionAncestorId":"D000006397",
                "InterventionAncestorTerm":"Hematinics"
              },{
                "InterventionAncestorId":"D000014803",
                "InterventionAncestorTerm":"Vitamin B Complex"
              },{
                "InterventionAncestorId":"D000014815",
                "InterventionAncestorTerm":"Vitamins"
              },{
                "InterventionAncestorId":"D000018977",
                "InterventionAncestorTerm":"Micronutrients"
              },{
                "InterventionAncestorId":"D000078622",
                "InterventionAncestorTerm":"Nutrients"
              },{
                "InterventionAncestorId":"D000006133",
                "InterventionAncestorTerm":"Growth Substances"
              },{
                "InterventionAncestorId":"D000045505",
                "InterventionAncestorTerm":"Physiological Effects of Drugs"
              },{
                "InterventionAncestorId":"D000000964",
                "InterventionAncestorTerm":"Antimetabolites, Antineoplastic"
              },{
                "InterventionAncestorId":"D000000963",
                "InterventionAncestorTerm":"Antimetabolites"
              },{
                "InterventionAncestorId":"D000005493",
                "InterventionAncestorTerm":"Folic Acid Antagonists"
              },{
                "InterventionAncestorId":"D000004791",
                "InterventionAncestorTerm":"Enzyme Inhibitors"
              }
            ]
          },
          "InterventionBrowseLeafList":{
            "InterventionBrowseLeaf":[
              {
                "InterventionBrowseLeafId":"M18120",
                "InterventionBrowseLeafName":"Paclitaxel",
                "InterventionBrowseLeafAsFound":"Effect",
                "InterventionBrowseLeafRelevance":"high"
              },{
                "InterventionBrowseLeafId":"M231",
                "InterventionBrowseLeafName":"Albumin-Bound Paclitaxel",
                "InterventionBrowseLeafRelevance":"low"
              },{
                "InterventionBrowseLeafId":"M7201",
                "InterventionBrowseLeafName":"Folic Acid",
                "InterventionBrowseLeafAsFound":"Breakfast",
                "InterventionBrowseLeafRelevance":"high"
              },{
                "InterventionBrowseLeafId":"M16129",
                "InterventionBrowseLeafName":"Vitamin B Complex",
                "InterventionBrowseLeafRelevance":"low"
              },{
                "InterventionBrowseLeafId":"M199895",
                "InterventionBrowseLeafName":"Lometrexol",
                "InterventionBrowseLeafAsFound":"MK-5108",
                "InterventionBrowseLeafRelevance":"high"
              },{
                "InterventionBrowseLeafId":"M24784",
                "InterventionBrowseLeafName":"Tubulin Modulators",
                "InterventionBrowseLeafRelevance":"low"
              },{
                "InterventionBrowseLeafId":"M24783",
                "InterventionBrowseLeafName":"Antimitotic Agents",
                "InterventionBrowseLeafRelevance":"low"
              },{
                "InterventionBrowseLeafId":"M8068",
                "InterventionBrowseLeafName":"Hematinics",
                "InterventionBrowseLeafRelevance":"low"
              },{
                "InterventionBrowseLeafId":"M16141",
                "InterventionBrowseLeafName":"Vitamins",
                "InterventionBrowseLeafRelevance":"low"
              },{
                "InterventionBrowseLeafId":"M19593",
                "InterventionBrowseLeafName":"Micronutrients",
                "InterventionBrowseLeafRelevance":"low"
              },{
                "InterventionBrowseLeafId":"M15468",
                "InterventionBrowseLeafName":"Trace Elements",
                "InterventionBrowseLeafRelevance":"low"
              },{
                "InterventionBrowseLeafId":"M1986",
                "InterventionBrowseLeafName":"Nutrients",
                "InterventionBrowseLeafRelevance":"low"
              },{
                "InterventionBrowseLeafId":"M2862",
                "InterventionBrowseLeafName":"Antimetabolites",
                "InterventionBrowseLeafRelevance":"low"
              },{
                "InterventionBrowseLeafId":"M7202",
                "InterventionBrowseLeafName":"Folic Acid Antagonists",
                "InterventionBrowseLeafRelevance":"low"
              },{
                "InterventionBrowseLeafId":"T446",
                "InterventionBrowseLeafName":"Folic Acid",
                "InterventionBrowseLeafAsFound":"Breakfast",
                "InterventionBrowseLeafRelevance":"high"
              },{
                "InterventionBrowseLeafId":"T448",
                "InterventionBrowseLeafName":"Folate",
                "InterventionBrowseLeafRelevance":"low"
              },{
                "InterventionBrowseLeafId":"T475",
                "InterventionBrowseLeafName":"Vitamin B9",
                "InterventionBrowseLeafRelevance":"low"
              },{
                "InterventionBrowseLeafId":"T447",
                "InterventionBrowseLeafName":"Folinic Acid",
                "InterventionBrowseLeafRelevance":"low"
              }
            ]
          },
          "InterventionBrowseBranchList":{
            "InterventionBrowseBranch":[
              {
                "InterventionBrowseBranchAbbrev":"ANeo",
                "InterventionBrowseBranchName":"Antineoplastic Agents"
              },{
                "InterventionBrowseBranchAbbrev":"All",
                "InterventionBrowseBranchName":"All Drugs and Chemicals"
              },{
                "InterventionBrowseBranchAbbrev":"Micro",
                "InterventionBrowseBranchName":"Micronutrients"
              },{
                "InterventionBrowseBranchAbbrev":"Hemat",
                "InterventionBrowseBranchName":"Hematinics"
              },{
                "InterventionBrowseBranchAbbrev":"Vi",
                "InterventionBrowseBranchName":"Vitamins"
              }
            ]
          }
        }
      }
    }
  }
}

