{
  "FullStudy":{
    "Rank":367833,
    "Study":{
      "ProtocolSection":{
        "IdentificationModule":{
          "NCTId":"NCT00025545",
          "OrgStudyIdInfo":{
            "OrgStudyId":"1099.00"
          },
          "SecondaryIdInfoList":{
            "SecondaryIdInfo":[
              {
                "SecondaryId":"FHCRC-1099.00"
              },{
                "SecondaryId":"NCI-H01-0078"
              },{
                "SecondaryId":"CDR0000068972",
                "SecondaryIdType":"Registry Identifier",
                "SecondaryIdDomain":"PDQ"
              }
            ]
          },
          "Organization":{
            "OrgFullName":"Fred Hutchinson Cancer Research Center",
            "OrgClass":"OTHER"
          },
          "BriefTitle":"Filgrastim-Treated Donor Peripheral Stem Cell Transplantation in Treating Patients With Acute Leukemia</p>",
          "OfficialTitle":"A Phase II Trial to Evaluate the Use of G-CSF-Mobilized Peripheral Blood Progenitor Cells as Hematopoietic Rescue in Patients With Acute Leukemia Undergoing Allografting From an Unrelated Donor"
        },
        "StatusModule":{
          "StatusVerifiedDate":"May 2010",
          "OverallStatus":"Completed",
          "ExpandedAccessInfo":{
            "HasExpandedAccess":"No"
          },
          "StartDateStruct":{
            "StartDate":"March 1996"
          },
          "PrimaryCompletionDateStruct":{
            "PrimaryCompletionDate":"October 2002",
            "PrimaryCompletionDateType":"Actual"
          },
          "CompletionDateStruct":{
            "CompletionDate":"October 2002",
            "CompletionDateType":"Actual"
          },
          "StudyFirstSubmitDate":"October 11, 2001",
          "StudyFirstSubmitQCDate":"June 19, 2003",
          "StudyFirstPostDateStruct":{
            "StudyFirstPostDate":"June 20, 2003",
            "StudyFirstPostDateType":"Estimate"
          },
          "LastUpdateSubmitDate":"May 12, 2010",
          "LastUpdatePostDateStruct":{
            "LastUpdatePostDate":"May 13, 2010",
            "LastUpdatePostDateType":"Estimate"
          }
        },
        "SponsorCollaboratorsModule":{
          "LeadSponsor":{
            "LeadSponsorName":"Fred Hutchinson Cancer Research Center",
            "LeadSponsorClass":"OTHER"
          },
          "CollaboratorList":{
            "Collaborator":[
              {
                "CollaboratorName":"National Cancer Institute (NCI)",
                "CollaboratorClass":"NIH"
              }
            ]
          }
        },
        "OversightModule":{},
        "DescriptionModule":{
          "BriefSummary":"RATIONALE: Transplanted peripheral stem cells can sometimes be rejected by the body's tissues. Treating donor peripheral stem cells with filgrastim may increase the number of donor white blood cells. This may help to decrease the rejection of the transplanted cells in patients receiving them as treatment for acute leukemia.\n\nPURPOSE: Phase II trial to study the effectiveness of filgrastim-treated donor peripheral stem cells in treating patients with acute leukemia who are undergoing peripheral stem cell transplantation.",
          "DetailedDescription":"OBJECTIVES:\n\nDetermine whether filgrastim (G-CSF)-mobilized allogeneic peripheral blood stem cell transplantation reduces the incidence of non-leukemic mortality in patients with acute leukemia.\nDetermine the kinetics and durability of engraftment after treatment with this regimen in these patients.\nDetermine the incidence and severity of acute and chronic graft-versus-host disease in patients treated with this regimen.\nDetermine the leukemia-free survival of patients treated with this regimen.\n\nOUTLINE: Donors receive filgrastim (G-CSF) subcutaneously (SC) on days -5 to -1. Donors then undergo leukapheresis on days -1 and 0.\n\nPatients undergo total body irradiation twice daily on days -7 to -4. Patients receive 2 doses of intrathecal methotrexate per local guidelines between days -10 and -3. Patients also receive cyclophosphamide IV on days -3 and -2. Patients receive infusion of allogeneic peripheral blood stem cells on day 0.\n\nPROJECTED ACCRUAL: A total of 5-60 patients will be accrued for this study within 3 years."
        },
        "ConditionsModule":{
          "ConditionList":{
            "Condition":[
              "Leukemia"
            ]
          },
          "KeywordList":{
            "Keyword":[
              "recurrent childhood acute lymphoblastic leukemia",
              "recurrent childhood acute myeloid leukemia",
              "recurrent adult acute myeloid leukemia",
              "recurrent adult acute lymphoblastic leukemia",
              "adult acute lymphoblastic leukemia in remission",
              "childhood acute lymphoblastic leukemia in remission",
              "acute undifferentiated leukemia",
              "secondary acute myeloid leukemia"
            ]
          }
        },
        "DesignModule":{
          "StudyType":"Interventional",
          "PhaseList":{
            "Phase":[
              "Phase 2"
            ]
          },
          "DesignInfo":{
            "DesignPrimaryPurpose":"Treatment",
            "DesignMaskingInfo":{
              "DesignMasking":"None (Open Label)"
            }
          }
        },
        "ArmsInterventionsModule":{
          "InterventionList":{
            "Intervention":[
              {
                "InterventionType":"Drug",
                "InterventionName":"cyclophosphamide"
              },{
                "InterventionType":"Drug",
                "InterventionName":"methotrexate"
              },{
                "InterventionType":"Procedure",
                "InterventionName":"peripheral blood stem cell transplantation"
              },{
                "InterventionType":"Radiation",
                "InterventionName":"radiation therapy"
              }
            ]
          }
        },
        "EligibilityModule":{
          "EligibilityCriteria":"DISEASE CHARACTERISTICS:\n\nOne of the following diagnoses:\n\nPrimary acute leukemia beyond first remission\nHigh-risk acute myelogenous leukemia\nAcute lymphoblastic leukemia in first remission\n\nMust have HLA-matched donor identical for HLA-A, -B, and DRB1 alleles\n\nNo HLA-matched identical sibling or haploidentical relative incompatible for 0 or 1 HLA-A, -B, or -DRB1 loci on the non-shared haplotype\nNo leukoencephalopathy\n\nPATIENT CHARACTERISTICS:\n\nAge:\n\n55 and under\n\nPerformance status:\n\nNot specified\n\nLife expectancy:\n\nNot specified\n\nHematopoietic:\n\nNot specified\n\nHepatic:\n\nSGOT no greater than 2 times normal\nHepatitis B surface antigen negative\nNo prior hepatitis C\n\nRenal:\n\nNo impaired renal function\nCreatinine less than 2 times normal\n\nCardiovascular:\n\nNo symptomatic cardiac disease\n\nPulmonary:\n\nNo active pulmonary disease\nDLCO at least 60% predicted\n\nOther:\n\nHIV negative\nNo disease or other malignancy that severely limits life expectancy\nNo severe or life-threatening infection within the past 2 weeks\nNo history of septate fungal infection or disseminated candidiasis\n\nPRIOR CONCURRENT THERAPY:\n\nBiologic therapy:\n\nNo prior bone marrow or peripheral blood stem cell transplantation\n\nChemotherapy:\n\nNot specified\n\nEndocrine therapy:\n\nNot specified\n\nRadiotherapy:\n\nNo prior radiotherapy greater than 3,000 cGy to whole brain\nNo prior radiotherapy of 1,500 cGy to chest or abdomen\nAt least 6 months since prior involved-field radiotherapy to chest or abdomen\n\nSurgery:\n\nNot specified",
          "HealthyVolunteers":"No",
          "Gender":"All",
          "MaximumAge":"55 Years",
          "StdAgeList":{
            "StdAge":[
              "Child",
              "Adult"
            ]
          }
        },
        "ContactsLocationsModule":{
          "OverallOfficialList":{
            "OverallOfficial":[
              {
                "OverallOfficialName":"Claudio Anasetti, MD",
                "OverallOfficialAffiliation":"Fred Hutchinson Cancer Research Center",
                "OverallOfficialRole":"Study Chair"
              }
            ]
          },
          "LocationList":{
            "Location":[
              {
                "LocationFacility":"Fred Hutchinson Cancer Research Center",
                "LocationCity":"Seattle",
                "LocationState":"Washington",
                "LocationZip":"98109-1024",
                "LocationCountry":"United States"
              }
            ]
          }
        }
      },
      "DerivedSection":{
        "MiscInfoModule":{
          "VersionHolder":"April 19, 2021"
        },
        "ConditionBrowseModule":{
          "ConditionMeshList":{
            "ConditionMesh":[
              {
                "ConditionMeshId":"D000007938",
                "ConditionMeshTerm":"Leukemia"
              }
            ]
          },
          "ConditionAncestorList":{
            "ConditionAncestor":[
              {
                "ConditionAncestorId":"D000009370",
                "ConditionAncestorTerm":"Neoplasms by Histologic Type"
              },{
                "ConditionAncestorId":"D000009369",
                "ConditionAncestorTerm":"Neoplasms"
              }
            ]
          },
          "ConditionBrowseLeafList":{
            "ConditionBrowseLeaf":[
              {
                "ConditionBrowseLeafId":"M9528",
                "ConditionBrowseLeafName":"Leukemia",
                "ConditionBrowseLeafAsFound":"Leukemia",
                "ConditionBrowseLeafRelevance":"high"
              },{
                "ConditionBrowseLeafId":"M9538",
                "ConditionBrowseLeafName":"Leukemia, Myeloid",
                "ConditionBrowseLeafRelevance":"low"
              },{
                "ConditionBrowseLeafId":"M16710",
                "ConditionBrowseLeafName":"Leukemia, Myeloid, Acute",
                "ConditionBrowseLeafRelevance":"low"
              },{
                "ConditionBrowseLeafId":"M9534",
                "ConditionBrowseLeafName":"Leukemia, Lymphoid",
                "ConditionBrowseLeafRelevance":"low"
              },{
                "ConditionBrowseLeafId":"M10890",
                "ConditionBrowseLeafName":"Neoplasm Metastasis",
                "ConditionBrowseLeafRelevance":"low"
              },{
                "ConditionBrowseLeafId":"M26172",
                "ConditionBrowseLeafName":"Precursor Cell Lymphoblastic Leukemia-Lymphoma",
                "ConditionBrowseLeafRelevance":"low"
              },{
                "ConditionBrowseLeafId":"M10898",
                "ConditionBrowseLeafName":"Neoplasms by Histologic Type",
                "ConditionBrowseLeafRelevance":"low"
              },{
                "ConditionBrowseLeafId":"T3995",
                "ConditionBrowseLeafName":"Myeloid Leukemia",
                "ConditionBrowseLeafRelevance":"low"
              },{
                "ConditionBrowseLeafId":"T182",
                "ConditionBrowseLeafName":"Acute Myeloid Leukemia",
                "ConditionBrowseLeafRelevance":"low"
              },{
                "ConditionBrowseLeafId":"T188",
                "ConditionBrowseLeafName":"Acute Non Lymphoblastic Leukemia",
                "ConditionBrowseLeafRelevance":"low"
              },{
                "ConditionBrowseLeafId":"T1134",
                "ConditionBrowseLeafName":"Childhood Acute Lymphoblastic Leukemia",
                "ConditionBrowseLeafRelevance":"low"
              },{
                "ConditionBrowseLeafId":"T175",
                "ConditionBrowseLeafName":"Acute Lymphoblastic Leukemia",
                "ConditionBrowseLeafRelevance":"low"
              },{
                "ConditionBrowseLeafId":"T3533",
                "ConditionBrowseLeafName":"Lymphoblastic Lymphoma",
                "ConditionBrowseLeafRelevance":"low"
              }
            ]
          },
          "ConditionBrowseBranchList":{
            "ConditionBrowseBranch":[
              {
                "ConditionBrowseBranchAbbrev":"BC04",
                "ConditionBrowseBranchName":"Cancers and Other Neoplasms"
              },{
                "ConditionBrowseBranchAbbrev":"All",
                "ConditionBrowseBranchName":"All Conditions"
              },{
                "ConditionBrowseBranchAbbrev":"BC15",
                "ConditionBrowseBranchName":"Blood and Lymph Conditions"
              },{
                "ConditionBrowseBranchAbbrev":"BC20",
                "ConditionBrowseBranchName":"Immune System Diseases"
              },{
                "ConditionBrowseBranchAbbrev":"BC23",
                "ConditionBrowseBranchName":"Symptoms and General Pathology"
              },{
                "ConditionBrowseBranchAbbrev":"Rare",
                "ConditionBrowseBranchName":"Rare Diseases"
              }
            ]
          }
        },
        "InterventionBrowseModule":{
          "InterventionMeshList":{
            "InterventionMesh":[
              {
                "InterventionMeshId":"D000003520",
                "InterventionMeshTerm":"Cyclophosphamide"
              },{
                "InterventionMeshId":"D000008727",
                "InterventionMeshTerm":"Methotrexate"
              }
            ]
          },
          "InterventionAncestorList":{
            "InterventionAncestor":[
              {
                "InterventionAncestorId":"D000007166",
                "InterventionAncestorTerm":"Immunosuppressive Agents"
              },{
                "InterventionAncestorId":"D000007155",
                "InterventionAncestorTerm":"Immunologic Factors"
              },{
                "InterventionAncestorId":"D000045505",
                "InterventionAncestorTerm":"Physiological Effects of Drugs"
              },{
                "InterventionAncestorId":"D000018501",
                "InterventionAncestorTerm":"Antirheumatic Agents"
              },{
                "InterventionAncestorId":"D000018906",
                "InterventionAncestorTerm":"Antineoplastic Agents, Alkylating"
              },{
                "InterventionAncestorId":"D000000477",
                "InterventionAncestorTerm":"Alkylating Agents"
              },{
                "InterventionAncestorId":"D000045504",
                "InterventionAncestorTerm":"Molecular Mechanisms of Pharmacological Action"
              },{
                "InterventionAncestorId":"D000000970",
                "InterventionAncestorTerm":"Antineoplastic Agents"
              },{
                "InterventionAncestorId":"D000019653",
                "InterventionAncestorTerm":"Myeloablative Agonists"
              },{
                "InterventionAncestorId":"D000000020",
                "InterventionAncestorTerm":"Abortifacient Agents, Nonsteroidal"
              },{
                "InterventionAncestorId":"D000000019",
                "InterventionAncestorTerm":"Abortifacient Agents"
              },{
                "InterventionAncestorId":"D000012102",
                "InterventionAncestorTerm":"Reproductive Control Agents"
              },{
                "InterventionAncestorId":"D000000964",
                "InterventionAncestorTerm":"Antimetabolites, Antineoplastic"
              },{
                "InterventionAncestorId":"D000000963",
                "InterventionAncestorTerm":"Antimetabolites"
              },{
                "InterventionAncestorId":"D000003879",
                "InterventionAncestorTerm":"Dermatologic Agents"
              },{
                "InterventionAncestorId":"D000004791",
                "InterventionAncestorTerm":"Enzyme Inhibitors"
              },{
                "InterventionAncestorId":"D000005493",
                "InterventionAncestorTerm":"Folic Acid Antagonists"
              },{
                "InterventionAncestorId":"D000019384",
                "InterventionAncestorTerm":"Nucleic Acid Synthesis Inhibitors"
              }
            ]
          },
          "InterventionBrowseLeafList":{
            "InterventionBrowseLeaf":[
              {
                "InterventionBrowseLeafId":"M5310",
                "InterventionBrowseLeafName":"Cyclophosphamide",
                "InterventionBrowseLeafAsFound":"Procedure",
                "InterventionBrowseLeafRelevance":"high"
              },{
                "InterventionBrowseLeafId":"M10286",
                "InterventionBrowseLeafName":"Methotrexate",
                "InterventionBrowseLeafAsFound":"Syndrome",
                "InterventionBrowseLeafRelevance":"high"
              },{
                "InterventionBrowseLeafId":"M1945",
                "InterventionBrowseLeafName":"Lenograstim",
                "InterventionBrowseLeafRelevance":"low"
              },{
                "InterventionBrowseLeafId":"M8795",
                "InterventionBrowseLeafName":"Immunosuppressive Agents",
                "InterventionBrowseLeafRelevance":"low"
              },{
                "InterventionBrowseLeafId":"M8784",
                "InterventionBrowseLeafName":"Immunologic Factors",
                "InterventionBrowseLeafRelevance":"low"
              },{
                "InterventionBrowseLeafId":"M19188",
                "InterventionBrowseLeafName":"Antirheumatic Agents",
                "InterventionBrowseLeafRelevance":"low"
              },{
                "InterventionBrowseLeafId":"M2401",
                "InterventionBrowseLeafName":"Alkylating Agents",
                "InterventionBrowseLeafRelevance":"low"
              },{
                "InterventionBrowseLeafId":"M2862",
                "InterventionBrowseLeafName":"Antimetabolites",
                "InterventionBrowseLeafRelevance":"low"
              },{
                "InterventionBrowseLeafId":"M5657",
                "InterventionBrowseLeafName":"Dermatologic Agents",
                "InterventionBrowseLeafRelevance":"low"
              },{
                "InterventionBrowseLeafId":"M7201",
                "InterventionBrowseLeafName":"Folic Acid",
                "InterventionBrowseLeafRelevance":"low"
              },{
                "InterventionBrowseLeafId":"M16129",
                "InterventionBrowseLeafName":"Vitamin B Complex",
                "InterventionBrowseLeafRelevance":"low"
              },{
                "InterventionBrowseLeafId":"M7202",
                "InterventionBrowseLeafName":"Folic Acid Antagonists",
                "InterventionBrowseLeafRelevance":"low"
              },{
                "InterventionBrowseLeafId":"T446",
                "InterventionBrowseLeafName":"Folic Acid",
                "InterventionBrowseLeafRelevance":"low"
              },{
                "InterventionBrowseLeafId":"T448",
                "InterventionBrowseLeafName":"Folate",
                "InterventionBrowseLeafRelevance":"low"
              },{
                "InterventionBrowseLeafId":"T475",
                "InterventionBrowseLeafName":"Vitamin B9",
                "InterventionBrowseLeafRelevance":"low"
              },{
                "InterventionBrowseLeafId":"T447",
                "InterventionBrowseLeafName":"Folinic Acid",
                "InterventionBrowseLeafRelevance":"low"
              }
            ]
          },
          "InterventionBrowseBranchList":{
            "InterventionBrowseBranch":[
              {
                "InterventionBrowseBranchAbbrev":"ANeo",
                "InterventionBrowseBranchName":"Antineoplastic Agents"
              },{
                "InterventionBrowseBranchAbbrev":"ARhu",
                "InterventionBrowseBranchName":"Antirheumatic Agents"
              },{
                "InterventionBrowseBranchAbbrev":"All",
                "InterventionBrowseBranchName":"All Drugs and Chemicals"
              },{
                "InterventionBrowseBranchAbbrev":"Derm",
                "InterventionBrowseBranchName":"Dermatologic Agents"
              },{
                "InterventionBrowseBranchAbbrev":"Repr",
                "InterventionBrowseBranchName":"Reproductive Control Agents"
              },{
                "InterventionBrowseBranchAbbrev":"Micro",
                "InterventionBrowseBranchName":"Micronutrients"
              },{
                "InterventionBrowseBranchAbbrev":"Hemat",
                "InterventionBrowseBranchName":"Hematinics"
              },{
                "InterventionBrowseBranchAbbrev":"Vi",
                "InterventionBrowseBranchName":"Vitamins"
              }
            ]
          }
        }
      }
    }
  }
}

