{
  "FullStudy":{
    "Rank":368057,
    "Study":{
      "ProtocolSection":{
        "IdentificationModule":{
          "NCTId":"NCT00022334",
          "OrgStudyIdInfo":{
            "OrgStudyId":"CDR0000068806"
          },
          "SecondaryIdInfoList":{
            "SecondaryIdInfo":[
              {
                "SecondaryId":"UCLA-0001026"
              },{
                "SecondaryId":"NCI-G01-1997"
              }
            ]
          },
          "Organization":{
            "OrgFullName":"Jonsson Comprehensive Cancer Center",
            "OrgClass":"OTHER"
          },
          "BriefTitle":"Vaccine Therapy in Treating Patients With Liver Cancer",
          "OfficialTitle":"A Phase I/II Trial Testing Immunization With Dendritic Cells Pulsed With Four AFP Peptides in Patients With Hepatocellular Carcinoma"
        },
        "StatusModule":{
          "StatusVerifiedDate":"July 2012",
          "OverallStatus":"Completed",
          "ExpandedAccessInfo":{
            "HasExpandedAccess":"No"
          },
          "StartDateStruct":{
            "StartDate":"January 2001"
          },
          "PrimaryCompletionDateStruct":{
            "PrimaryCompletionDate":"December 2004",
            "PrimaryCompletionDateType":"Actual"
          },
          "CompletionDateStruct":{
            "CompletionDate":"October 2008",
            "CompletionDateType":"Actual"
          },
          "StudyFirstSubmitDate":"August 10, 2001",
          "StudyFirstSubmitQCDate":"January 26, 2003",
          "StudyFirstPostDateStruct":{
            "StudyFirstPostDate":"January 27, 2003",
            "StudyFirstPostDateType":"Estimate"
          },
          "LastUpdateSubmitDate":"July 30, 2020",
          "LastUpdatePostDateStruct":{
            "LastUpdatePostDate":"August 3, 2020",
            "LastUpdatePostDateType":"Actual"
          }
        },
        "SponsorCollaboratorsModule":{
          "ResponsibleParty":{
            "ResponsiblePartyType":"Sponsor"
          },
          "LeadSponsor":{
            "LeadSponsorName":"Jonsson Comprehensive Cancer Center",
            "LeadSponsorClass":"OTHER"
          },
          "CollaboratorList":{
            "Collaborator":[
              {
                "CollaboratorName":"National Institutes of Health (NIH)",
                "CollaboratorClass":"NIH"
              }
            ]
          }
        },
        "OversightModule":{
          "OversightHasDMC":"Yes"
        },
        "DescriptionModule":{
          "BriefSummary":"RATIONALE: Vaccines made from a person's white blood cells mixed with tumor proteins may make the body build an immune response to kill tumor cells.\n\nPURPOSE: Phase I/II trial to study the effectiveness of vaccine therapy in treating patients who have liver cancer.",
          "DetailedDescription":"OBJECTIVES:\n\nDetermine the maximum tolerated dose of alpha-fetoprotein peptide-pulsed autologous dendritic cells in HLA-A*0201-positive patients with hepatocellular carcinoma.\nDetermine the safety and toxicity of this regimen in these patients.\nDetermine the immunological effects of this regimen in these patients.\nDetermine the progression-free survival and clinical responses in patients treated with this regimen.\n\nOUTLINE: This is a dose-escalation study.\n\nPatients receive alpha-fetoprotein peptide-pulsed autologous dendritic cells intradermally on day 1. Treatment repeats every 2 weeks for a total of 3 doses in the absence of unacceptable toxicity.\n\nCohorts of 3-12 patients receive escalating doses of vaccine until the maximum tolerated dose (MTD) is determined. The MTD is defined as the dose preceding that at which 2 of 6 or 2 of 12 patients experience dose-limiting toxicity.\n\nPatients are followed at weeks 1, 4, and 12 and then every 6 months thereafter.\n\nPROJECTED ACCRUAL: A total of 12-18 patients will be accrued for this study."
        },
        "ConditionsModule":{
          "ConditionList":{
            "Condition":[
              "Liver Cancer"
            ]
          },
          "KeywordList":{
            "Keyword":[
              "localized resectable adult primary liver cancer",
              "localized unresectable adult primary liver cancer",
              "advanced adult primary liver cancer",
              "recurrent adult primary liver cancer",
              "adult primary hepatocellular carcinoma"
            ]
          }
        },
        "DesignModule":{
          "StudyType":"Interventional",
          "PhaseList":{
            "Phase":[
              "Phase 1",
              "Phase 2"
            ]
          },
          "DesignInfo":{
            "DesignAllocation":"N/A",
            "DesignInterventionModel":"Single Group Assignment",
            "DesignPrimaryPurpose":"Treatment",
            "DesignMaskingInfo":{
              "DesignMasking":"None (Open Label)"
            }
          },
          "EnrollmentInfo":{
            "EnrollmentCount":"33",
            "EnrollmentType":"Actual"
          }
        },
        "ArmsInterventionsModule":{
          "ArmGroupList":{
            "ArmGroup":[
              {
                "ArmGroupLabel":"Treatment",
                "ArmGroupType":"Experimental",
                "ArmGroupDescription":"See intervention description.",
                "ArmGroupInterventionList":{
                  "ArmGroupInterventionName":[
                    "Biological: AFP"
                  ]
                }
              }
            ]
          },
          "InterventionList":{
            "Intervention":[
              {
                "InterventionType":"Biological",
                "InterventionName":"AFP",
                "InterventionDescription":"Increasing doses of AFP will be given to groups of 3 intradermally. Subjects will receive 3 biweekly vaccinations. At least 2 patients at a given dose must have received their complete 3 vaccination schedule with a 30 day observation period after the last vaccination before a higher dose is initiated.",
                "InterventionArmGroupLabelList":{
                  "InterventionArmGroupLabel":[
                    "Treatment"
                  ]
                },
                "InterventionOtherNameList":{
                  "InterventionOtherName":[
                    "AFP peptide-pulsed autologous DC"
                  ]
                }
              }
            ]
          }
        },
        "OutcomesModule":{
          "PrimaryOutcomeList":{
            "PrimaryOutcome":[
              {
                "PrimaryOutcomeMeasure":"Dose limiting toxicity and maximum tolerable dose.",
                "PrimaryOutcomeTimeFrame":"1 year"
              }
            ]
          },
          "SecondaryOutcomeList":{
            "SecondaryOutcome":[
              {
                "SecondaryOutcomeMeasure":"Generation of AFP specific immunity.",
                "SecondaryOutcomeTimeFrame":"3 years"
              },{
                "SecondaryOutcomeMeasure":"Progression-free survival.",
                "SecondaryOutcomeTimeFrame":"3 years"
              },{
                "SecondaryOutcomeMeasure":"clinical response in patients with measurable disease.",
                "SecondaryOutcomeTimeFrame":"3 years"
              }
            ]
          }
        },
        "EligibilityModule":{
          "EligibilityCriteria":"Inclusion Criteria:\n\nHLA-A*0201 positive adults over the age of 18.\nHave HCC with a serum AFP determination >30ng/ml.\nBoth male and female patients may be enrolled.\nKarnofsky Performance Status greater than or equal to 70 percent.\nNo previous evidence of class 3 or greater New York Heart Association cardiac insufficiency or coronary artery disease.\nNo previous evidence of opportunistic infection.\n\nAdequate baseline hematological function as assessed by the following laboratory values with 30 days prior to study entry:\n\nHemoglobin >9.0g/dl\nPlatelets >50000/mm3\nAbsolute Neutrophil Count >1,000/mm3\nChild-Pugh Class A or B for chronic liver disease.\nAbility to give informed consent.\n\nExclusion Criteria:\n\nAny congenital or acquired condition leading to inability to generate an immune response, including concomitant immune suppressive therapy.\nConcomitant steroid therapy or chemotherapy, or any of these other treatments < 30 days before the first vaccination.\nFemales of child-bearing potential must have negative serum beta-HCG pregnancy test (within Day -14 to Day 0).\nAcute infection: any acute viral, bacterial, or fungal infection, which requires specific therapy. Acute therapy must have been completed within 14 days prior to study treatment.\nHIV-infected patients.\nPatients with any underlying conditions which would contraindicate therapy with study treatment.\nPatients with organ allografts.\nO2 sat <91% on room air; dyspnea at rest.",
          "HealthyVolunteers":"No",
          "Gender":"All",
          "MinimumAge":"18 Years",
          "StdAgeList":{
            "StdAge":[
              "Adult",
              "Older Adult"
            ]
          }
        },
        "ContactsLocationsModule":{
          "OverallOfficialList":{
            "OverallOfficial":[
              {
                "OverallOfficialName":"James S. Economou, MD",
                "OverallOfficialAffiliation":"Jonsson Comprehensive Cancer Center",
                "OverallOfficialRole":"Principal Investigator"
              }
            ]
          },
          "LocationList":{
            "Location":[
              {
                "LocationFacility":"Jonsson Comprehensive Cancer Center, UCLA",
                "LocationCity":"Los Angeles",
                "LocationState":"California",
                "LocationZip":"90095-1781",
                "LocationCountry":"United States"
              }
            ]
          }
        }
      },
      "DerivedSection":{
        "MiscInfoModule":{
          "VersionHolder":"April 19, 2021"
        },
        "ConditionBrowseModule":{
          "ConditionMeshList":{
            "ConditionMesh":[
              {
                "ConditionMeshId":"D000008113",
                "ConditionMeshTerm":"Liver Neoplasms"
              }
            ]
          },
          "ConditionAncestorList":{
            "ConditionAncestor":[
              {
                "ConditionAncestorId":"D000004067",
                "ConditionAncestorTerm":"Digestive System Neoplasms"
              },{
                "ConditionAncestorId":"D000009371",
                "ConditionAncestorTerm":"Neoplasms by Site"
              },{
                "ConditionAncestorId":"D000009369",
                "ConditionAncestorTerm":"Neoplasms"
              },{
                "ConditionAncestorId":"D000004066",
                "ConditionAncestorTerm":"Digestive System Diseases"
              },{
                "ConditionAncestorId":"D000008107",
                "ConditionAncestorTerm":"Liver Diseases"
              }
            ]
          },
          "ConditionBrowseLeafList":{
            "ConditionBrowseLeaf":[
              {
                "ConditionBrowseLeafId":"M4116",
                "ConditionBrowseLeafName":"Carcinoma",
                "ConditionBrowseLeafRelevance":"low"
              },{
                "ConditionBrowseLeafId":"M8196",
                "ConditionBrowseLeafName":"Carcinoma, Hepatocellular",
                "ConditionBrowseLeafRelevance":"low"
              },{
                "ConditionBrowseLeafId":"M9696",
                "ConditionBrowseLeafName":"Liver Neoplasms",
                "ConditionBrowseLeafAsFound":"Liver Cancer",
                "ConditionBrowseLeafRelevance":"high"
              },{
                "ConditionBrowseLeafId":"M7469",
                "ConditionBrowseLeafName":"Gastrointestinal Neoplasms",
                "ConditionBrowseLeafRelevance":"low"
              },{
                "ConditionBrowseLeafId":"M5839",
                "ConditionBrowseLeafName":"Digestive System Neoplasms",
                "ConditionBrowseLeafRelevance":"low"
              },{
                "ConditionBrowseLeafId":"M5838",
                "ConditionBrowseLeafName":"Digestive System Diseases",
                "ConditionBrowseLeafRelevance":"low"
              },{
                "ConditionBrowseLeafId":"M7466",
                "ConditionBrowseLeafName":"Gastrointestinal Diseases",
                "ConditionBrowseLeafRelevance":"low"
              },{
                "ConditionBrowseLeafId":"M9690",
                "ConditionBrowseLeafName":"Liver Diseases",
                "ConditionBrowseLeafRelevance":"low"
              },{
                "ConditionBrowseLeafId":"T761",
                "ConditionBrowseLeafName":"Biliary Tract Cancer",
                "ConditionBrowseLeafAsFound":"Liver Cancer",
                "ConditionBrowseLeafRelevance":"high"
              },{
                "ConditionBrowseLeafId":"T4700",
                "ConditionBrowseLeafName":"Primary Liver Cancer",
                "ConditionBrowseLeafRelevance":"low"
              }
            ]
          },
          "ConditionBrowseBranchList":{
            "ConditionBrowseBranch":[
              {
                "ConditionBrowseBranchAbbrev":"BC04",
                "ConditionBrowseBranchName":"Cancers and Other Neoplasms"
              },{
                "ConditionBrowseBranchAbbrev":"All",
                "ConditionBrowseBranchName":"All Conditions"
              },{
                "ConditionBrowseBranchAbbrev":"BC06",
                "ConditionBrowseBranchName":"Digestive System Diseases"
              },{
                "ConditionBrowseBranchAbbrev":"Rare",
                "ConditionBrowseBranchName":"Rare Diseases"
              }
            ]
          }
        },
        "InterventionBrowseModule":{
          "InterventionBrowseLeafList":{
            "InterventionBrowseLeaf":[
              {
                "InterventionBrowseLeafId":"M15943",
                "InterventionBrowseLeafName":"Vaccines",
                "InterventionBrowseLeafRelevance":"low"
              },{
                "InterventionBrowseLeafId":"M9693",
                "InterventionBrowseLeafName":"Liver Extracts",
                "InterventionBrowseLeafRelevance":"low"
              }
            ]
          },
          "InterventionBrowseBranchList":{
            "InterventionBrowseBranch":[
              {
                "InterventionBrowseBranchAbbrev":"All",
                "InterventionBrowseBranchName":"All Drugs and Chemicals"
              },{
                "InterventionBrowseBranchAbbrev":"Hemat",
                "InterventionBrowseBranchName":"Hematinics"
              }
            ]
          }
        }
      }
    }
  }
}

