{
  "FullStudy":{
    "Rank":367976,
    "Study":{
      "ProtocolSection":{
        "IdentificationModule":{
          "NCTId":"NCT00023439",
          "OrgStudyIdInfo":{
            "OrgStudyId":"CDC-NCHSTP-2530"
          },
          "SecondaryIdInfoList":{
            "SecondaryIdInfo":[
              {
                "SecondaryId":"NAA TBTC"
              }
            ]
          },
          "Organization":{
            "OrgFullName":"Centers for Disease Control and Prevention",
            "OrgClass":"FED"
          },
          "BriefTitle":"TBTC NAA Study: Pilot Study of Surrogate Markers for Outcome of TB Treatment",
          "OfficialTitle":"Study of the Performance of Several Nucleic Acid Amplification Methodologies in the Diagnosis and Management of Active TB"
        },
        "StatusModule":{
          "StatusVerifiedDate":"June 2011",
          "OverallStatus":"Completed",
          "ExpandedAccessInfo":{
            "HasExpandedAccess":"No"
          },
          "StartDateStruct":{
            "StartDate":"May 2000"
          },
          "StudyFirstSubmitDate":"September 6, 2001",
          "StudyFirstSubmitQCDate":"September 8, 2001",
          "StudyFirstPostDateStruct":{
            "StudyFirstPostDate":"September 10, 2001",
            "StudyFirstPostDateType":"Estimate"
          },
          "LastUpdateSubmitDate":"August 2, 2011",
          "LastUpdatePostDateStruct":{
            "LastUpdatePostDate":"August 3, 2011",
            "LastUpdatePostDateType":"Estimate"
          }
        },
        "SponsorCollaboratorsModule":{
          "ResponsibleParty":{
            "ResponsiblePartyOldNameTitle":"Stefan Goldberg",
            "ResponsiblePartyOldOrganization":"CDC"
          },
          "LeadSponsor":{
            "LeadSponsorName":"Centers for Disease Control and Prevention",
            "LeadSponsorClass":"FED"
          },
          "CollaboratorList":{
            "Collaborator":[
              {
                "CollaboratorName":"US Department of Veterans Affairs",
                "CollaboratorClass":"FED"
              }
            ]
          }
        },
        "OversightModule":{},
        "DescriptionModule":{
          "BriefSummary":"This is a pilot study to evaluate the performance of several nucleic acid amplification methodologies in the diagnosis and management of active tuberculosis",
          "DetailedDescription":"This study evaluates potential surrogate markers of treatment failure and relapse as a substudy of ongoing Tuberculosis Trials Consortium (TBTC) disease treatment studies. After enrollment is complete, specimens from cases of treatment failure and relapse will be evaluated in comparison to control samples to measure the prognostic value of the following tests: 1) quantitative rRNA in 2-month sputum to predict relapse, 2) MTB 85B mRNA to detect reactivation, 3) 1- to 4-month NAA and broth culture tests to predict relapse, 4) mRNA, rRNA and DNA at and after end of therapy to predict relapse, 5)sputum rRNA and blood DNA to detect recurrence during prodrome, 6) sputum rRNA compared to cultures to diagnose \"paradoxical reactions,\" 7) compare blood DNA to cultures at end of induction and end of treatment, 8) compare accuracies of different NAA assays and standard cultures, 9) determine MTD rRNA assay positive to negative conversion time, 10) characterize quality and quantity of sputum over time in relation to culture and clinical outcome, 11) assess ability of clinical, radiographic, and microbiologic risk factors to predict treatment failure and relapse."
        },
        "ConditionsModule":{
          "ConditionList":{
            "Condition":[
              "Tuberculosis"
            ]
          },
          "KeywordList":{
            "Keyword":[
              "tuberculosis",
              "TB"
            ]
          }
        },
        "DesignModule":{
          "StudyType":"Observational",
          "DesignInfo":{
            "DesignTimePerspectiveList":{
              "DesignTimePerspective":[
                "Prospective"
              ]
            }
          },
          "EnrollmentInfo":{
            "EnrollmentCount":"300",
            "EnrollmentType":"Anticipated"
          }
        },
        "ArmsInterventionsModule":{
          "InterventionList":{
            "Intervention":[
              {
                "InterventionType":"Other",
                "InterventionName":"Nucleic Acid Amplification Methods for diagnosis",
                "InterventionDescription":"no intervention"
              }
            ]
          }
        },
        "EligibilityModule":{
          "EligibilityCriteria":"Inclusion Criteria:\n\n(1) Enrollment in another TBTC treatment study, or (2) Suspected or culture-confirmed pulmonary TB (designated \"NAA2\"). Acceptable as indicators of suspected tuberculosis -- culture -- will be a positive AFB smear or a positive M. tuberculosis NAA test for MTB.\n(For NAA2 cases only): Collection of a sputum specimen for NAA processing, obtained in the interval from 14 days before, to 17 days after the start of anti-tuberculosis treatment.\n\nPhysician recommendation and patient willingness to receive tuberculosis therapy as described in another TBTC treatment trial or in accordance with CDC/ATS recommendations as outlined below:\n\nInduction phase therapy will be initiated with 4-drugs (isoniazid, PZA, rifamycin and either ethambutol or streptomycin) by directly observed therapy (DOT).\n\nThe induction regimen:\n\nInduction regimens must have at least 40 DOT doses (if daily) or at least 56 DOT daily dose equivalents (if twice weekly). No more than 2 of every 7 total doses may be self-administered. Total induction doses (both DOT and self-administered) should not exceed 70. Induction should be completed within 12 weeks\nThe ethambutol or streptomycin may be discontinued if the patient continues on adequate induction therapy with INH, rifampin and PZA, and if the M. tuberculosis isolate is susceptible to INH and rifampin.\nIf this induction regimen is not tolerated by the patient, a rifampin-containing regimen compatible with CDC/ATS recommendations is an acceptable alternative.\nAge 18 years or older\nWillingness to practice effective contraception (if female and of child-bearing potential)\nProvision of written informed consent. Signed by both the patient and investigator, in accordance with Institutional Review Board requirements\n\nExclusion Criteria:\n\nTreatment with a drug(s) with high anti-mycobacterial activity for more than 15 days in the two months PRIOR to the start of anti-tuberculosis treatment, unless co-enrolled in TBTC Study 23, TBTC Study 24 or another TBTC treatment study.\nPatients with only extrapulmonary tuberculosis, unless co-enrolled in TBTC Studies 23, TBTC Study 24, or another TBTC treatment study.\nSkeletal tuberculosis\nSilicotuberculosis\nPatient intolerance of rifamycins, or MTB resistance to rifamycins\nPregnancy or breast feeding",
          "HealthyVolunteers":"No",
          "Gender":"All",
          "MinimumAge":"18 Years",
          "StdAgeList":{
            "StdAge":[
              "Adult",
              "Older Adult"
            ]
          },
          "StudyPopulation":"pulmonary TB suspects",
          "SamplingMethod":"Non-Probability Sample"
        },
        "ContactsLocationsModule":{
          "OverallOfficialList":{
            "OverallOfficial":[
              {
                "OverallOfficialName":"Marc Weiner, MD",
                "OverallOfficialAffiliation":"Audie L. Murphy VA Hospital",
                "OverallOfficialRole":"Principal Investigator"
              }
            ]
          },
          "LocationList":{
            "Location":[
              {
                "LocationFacility":"Central Arkansas Veterans Health System",
                "LocationCity":"Little Rock",
                "LocationState":"Arkansas",
                "LocationZip":"72205",
                "LocationCountry":"United States"
              },{
                "LocationFacility":"LA County/USC Medical Center",
                "LocationCity":"Los Angeles",
                "LocationState":"California",
                "LocationZip":"90033",
                "LocationCountry":"United States"
              },{
                "LocationFacility":"University of California, San Francisco",
                "LocationCity":"San Francisco",
                "LocationState":"California",
                "LocationZip":"94110",
                "LocationCountry":"United States"
              },{
                "LocationFacility":"Denver Department of Public Health and Hospitals",
                "LocationCity":"Denver",
                "LocationState":"Colorado",
                "LocationZip":"80204",
                "LocationCountry":"United States"
              },{
                "LocationFacility":"Emory University School of Medicine",
                "LocationCity":"Atlanta",
                "LocationState":"Georgia",
                "LocationZip":"30303",
                "LocationCountry":"United States"
              },{
                "LocationFacility":"Chicago-Lakeside VAMC",
                "LocationCity":"Chicago",
                "LocationState":"Illinois",
                "LocationZip":"60611",
                "LocationCountry":"United States"
              },{
                "LocationFacility":"Harlem Hospital Center",
                "LocationCity":"New York",
                "LocationState":"New York",
                "LocationZip":"10037",
                "LocationCountry":"United States"
              },{
                "LocationFacility":"University of North Texas Health Science Center",
                "LocationCity":"Fort Worth",
                "LocationState":"Texas",
                "LocationZip":"76107-2699",
                "LocationCountry":"United States"
              },{
                "LocationFacility":"Audi L. Murphy VA Hospital",
                "LocationCity":"San Antonio",
                "LocationState":"Texas",
                "LocationZip":"78284",
                "LocationCountry":"United States"
              },{
                "LocationFacility":"Seattle King County Health Department",
                "LocationCity":"Seattle",
                "LocationState":"Washington",
                "LocationZip":"98104",
                "LocationCountry":"United States"
              },{
                "LocationFacility":"University of British Columbia",
                "LocationCity":"Vancouver",
                "LocationState":"British Columbia",
                "LocationZip":"Canada V5Z 4R4",
                "LocationCountry":"Canada"
              },{
                "LocationFacility":"University of Manitoba",
                "LocationCity":"Winnipeg",
                "LocationState":"Manitoba",
                "LocationZip":"CANADA R3A 1R8",
                "LocationCountry":"Canada"
              },{
                "LocationFacility":"Nelson R. Mandela School of Medicine",
                "LocationCity":"Durban",
                "LocationState":"KwaZulu Natal",
                "LocationCountry":"South Africa"
              },{
                "LocationFacility":"Makerere University Medical School",
                "LocationCity":"Kampala",
                "LocationCountry":"Uganda"
              }
            ]
          }
        },
        "ReferencesModule":{
          "SeeAlsoLinkList":{
            "SeeAlsoLink":[
              {
                "SeeAlsoLinkLabel":"(Click here for more information about the Tuberculosis Trials Consortium(TBTC)",
                "SeeAlsoLinkURL":"http://www.cdc.gov/nchstp/tb/tbtc/"
              }
            ]
          }
        }
      },
      "DerivedSection":{
        "MiscInfoModule":{
          "VersionHolder":"April 19, 2021"
        },
        "ConditionBrowseModule":{
          "ConditionMeshList":{
            "ConditionMesh":[
              {
                "ConditionMeshId":"D000014376",
                "ConditionMeshTerm":"Tuberculosis"
              }
            ]
          },
          "ConditionAncestorList":{
            "ConditionAncestor":[
              {
                "ConditionAncestorId":"D000009164",
                "ConditionAncestorTerm":"Mycobacterium Infections"
              },{
                "ConditionAncestorId":"D000000193",
                "ConditionAncestorTerm":"Actinomycetales Infections"
              },{
                "ConditionAncestorId":"D000016908",
                "ConditionAncestorTerm":"Gram-Positive Bacterial Infections"
              },{
                "ConditionAncestorId":"D000001424",
                "ConditionAncestorTerm":"Bacterial Infections"
              }
            ]
          },
          "ConditionBrowseLeafList":{
            "ConditionBrowseLeaf":[
              {
                "ConditionBrowseLeafId":"M15710",
                "ConditionBrowseLeafName":"Tuberculosis",
                "ConditionBrowseLeafAsFound":"Tuberculosis",
                "ConditionBrowseLeafRelevance":"high"
              },{
                "ConditionBrowseLeafId":"M8866",
                "ConditionBrowseLeafName":"Infection",
                "ConditionBrowseLeafRelevance":"low"
              },{
                "ConditionBrowseLeafId":"M4951",
                "ConditionBrowseLeafName":"Communicable Diseases",
                "ConditionBrowseLeafRelevance":"low"
              },{
                "ConditionBrowseLeafId":"M10702",
                "ConditionBrowseLeafName":"Mycobacterium Infections",
                "ConditionBrowseLeafRelevance":"low"
              },{
                "ConditionBrowseLeafId":"M3303",
                "ConditionBrowseLeafName":"Bacterial Infections",
                "ConditionBrowseLeafRelevance":"low"
              },{
                "ConditionBrowseLeafId":"M17835",
                "ConditionBrowseLeafName":"Gram-Positive Bacterial Infections",
                "ConditionBrowseLeafRelevance":"low"
              }
            ]
          },
          "ConditionBrowseBranchList":{
            "ConditionBrowseBranch":[
              {
                "ConditionBrowseBranchAbbrev":"BC01",
                "ConditionBrowseBranchName":"Bacterial and Fungal Diseases"
              },{
                "ConditionBrowseBranchAbbrev":"All",
                "ConditionBrowseBranchName":"All Conditions"
              }
            ]
          }
        }
      }
    }
  }
}

