{
  "FullStudy":{
    "Rank":367538,
    "Study":{
      "ProtocolSection":{
        "IdentificationModule":{
          "NCTId":"NCT00029809",
          "OrgStudyIdInfo":{
            "OrgStudyId":"R01AT000612-01",
            "OrgStudyIdType":"U.S. NIH Grant/Contract",
            "OrgStudyIdLink":"https://projectreporter.nih.gov/reporterapi.cfm?PROJECTNUM=R01AT000612-01&Fy=all"
          },
          "Organization":{
            "OrgFullName":"National Center for Complementary and Integrative Health (NCCIH)",
            "OrgClass":"NIH"
          },
          "BriefTitle":"Chinese Exercise Modalities in Parkinson's Disease",
          "OfficialTitle":"Chinese Exercise Modalities in Parkinson's Disease"
        },
        "StatusModule":{
          "StatusVerifiedDate":"July 2006",
          "OverallStatus":"Completed",
          "ExpandedAccessInfo":{
            "HasExpandedAccess":"No"
          },
          "StudyFirstSubmitDate":"January 23, 2002",
          "StudyFirstSubmitQCDate":"January 23, 2002",
          "StudyFirstPostDateStruct":{
            "StudyFirstPostDate":"January 24, 2002",
            "StudyFirstPostDateType":"Estimate"
          },
          "LastUpdateSubmitDate":"August 17, 2006",
          "LastUpdatePostDateStruct":{
            "LastUpdatePostDate":"August 18, 2006",
            "LastUpdatePostDateType":"Estimate"
          }
        },
        "SponsorCollaboratorsModule":{
          "LeadSponsor":{
            "LeadSponsorName":"National Center for Complementary and Integrative Health (NCCIH)",
            "LeadSponsorClass":"NIH"
          }
        },
        "OversightModule":{},
        "DescriptionModule":{
          "BriefSummary":"This study will compare the effects of two Chinese and one Western exercise modalities on the signs and symptoms of Parkinson's disease.",
          "DetailedDescription":"The long-term goal of this project is to study the effects of different exercise modalities on Parkinson's disease (PD). PD is a disorder whose primary disability stems from motor dysfunction including balance. Recent studies have shown that the risk of falling in the elderly can be reduced through the practice of the Chinese complementary and alternative medicine (CAM) such as T'ai Chi Chuan (TCC). This finding may be highly significant to PD. Although a recent report from Emory suggests PD patients can do well with aerobic (walk-run) exercise training (AET), it is still unclear whether the potential anti-Parkinsonian effect of such modalities is secondary to improved physical fitness (CRF), motor control or both. CAM interventions such as TCC may offer a unique opportunity to examine these fundamental questions.\n\nIn PD we hypothesize that exercise training will reduce primary and secondary disability and that some of these changes represent adaptive reprogramming of central motor pathways. We will conduct a controlled double-blind, 16-week dose-response study of exercise based on caloric expenditure and thus on the cardiorespiratory fitness effects of exercise (CRF). The treatments will be Qi Gong (minimal caloric expenditure), TCC (low expenditure), and walk-cycle AET (moderate expenditure).\n\nWe will examine exercise-induced change in motor control using quantitative measures of motor disability, including dynamic gait stability measures. We will also examine exercise effects on central and peripheral indices of Parkinsonian motor disability.\n\nA caloric \"dose-response\" effect of exercise would suggest CRF is a major determinant of the anti-Parkinsonian effects of exercise. If the Chinese modalities are as effective or superior to AET however, this would suggest that other mechanisms such as change in central motor programming may be playing a role (e.g. relaxation effects, reinforcement of central motor programs?). A better understanding of exercise-induced neural plasticity and motor control would offer a significant, and heretofore unexploited rehabilitative potential in PD."
        },
        "ConditionsModule":{
          "ConditionList":{
            "Condition":[
              "Parkinson Disease"
            ]
          },
          "KeywordList":{
            "Keyword":[
              "Parkinsons Disease",
              "Chinese exercise"
            ]
          }
        },
        "DesignModule":{
          "StudyType":"Interventional",
          "PhaseList":{
            "Phase":[
              "Phase 1",
              "Phase 2"
            ]
          },
          "DesignInfo":{
            "DesignAllocation":"Randomized",
            "DesignPrimaryPurpose":"Treatment"
          },
          "EnrollmentInfo":{
            "EnrollmentCount":"40"
          }
        },
        "ArmsInterventionsModule":{
          "InterventionList":{
            "Intervention":[
              {
                "InterventionType":"Behavioral",
                "InterventionName":"Chinese exercise modalities"
              }
            ]
          }
        },
        "EligibilityModule":{
          "EligibilityCriteria":"Inclusion Criteria:\n\nAmbulatory patients with Parkinson's Disease, defined as a clinical state in which at least two of these four cardinal features are present- 1) slowness of movement, 2) tremor at rest, 3) muscular rigidity, 4) gait disturbance or posture imbalance.\nAmbulatory patients with Parkinson's Disease not exercising regularly more than 2x per week. Willing to be randomly assigned to 1 of the 3 exercise modalities: Tai Chi, Qi Gong and Aerobic exercise.\n\nNOTE THAT PARTICIPATION IN THE STUDY REQUIRES BI-WEEKLY PARTICIPATION IN A 16-WEEK SUPERVISED EXERCISE PROGRAM PLUS RELATED EVALUATIONS AT EMORY. ACCORDINGLY, RECRUITMENT IS LIMITED TO LOCAL PATIENTS.",
          "HealthyVolunteers":"No",
          "Gender":"All",
          "MinimumAge":"40 Years",
          "MaximumAge":"85 Years",
          "StdAgeList":{
            "StdAge":[
              "Adult",
              "Older Adult"
            ]
          }
        },
        "ContactsLocationsModule":{
          "OverallOfficialList":{
            "OverallOfficial":[
              {
                "OverallOfficialName":"Jorge L. Juncos, MD",
                "OverallOfficialAffiliation":"Emory University",
                "OverallOfficialRole":"Principal Investigator"
              }
            ]
          },
          "LocationList":{
            "Location":[
              {
                "LocationFacility":"Emory University School of Medicine",
                "LocationCity":"Atlanta",
                "LocationState":"Georgia",
                "LocationZip":"30329",
                "LocationCountry":"United States"
              }
            ]
          }
        }
      },
      "DerivedSection":{
        "MiscInfoModule":{
          "VersionHolder":"April 19, 2021"
        },
        "ConditionBrowseModule":{
          "ConditionMeshList":{
            "ConditionMesh":[
              {
                "ConditionMeshId":"D000010300",
                "ConditionMeshTerm":"Parkinson Disease"
              }
            ]
          },
          "ConditionAncestorList":{
            "ConditionAncestor":[
              {
                "ConditionAncestorId":"D000020734",
                "ConditionAncestorTerm":"Parkinsonian Disorders"
              },{
                "ConditionAncestorId":"D000001480",
                "ConditionAncestorTerm":"Basal Ganglia Diseases"
              },{
                "ConditionAncestorId":"D000001927",
                "ConditionAncestorTerm":"Brain Diseases"
              },{
                "ConditionAncestorId":"D000002493",
                "ConditionAncestorTerm":"Central Nervous System Diseases"
              },{
                "ConditionAncestorId":"D000009422",
                "ConditionAncestorTerm":"Nervous System Diseases"
              },{
                "ConditionAncestorId":"D000009069",
                "ConditionAncestorTerm":"Movement Disorders"
              },{
                "ConditionAncestorId":"D000019636",
                "ConditionAncestorTerm":"Neurodegenerative Diseases"
              }
            ]
          },
          "ConditionBrowseLeafList":{
            "ConditionBrowseLeaf":[
              {
                "ConditionBrowseLeafId":"M11796",
                "ConditionBrowseLeafName":"Parkinson Disease",
                "ConditionBrowseLeafAsFound":"Parkinson's Disease",
                "ConditionBrowseLeafRelevance":"high"
              },{
                "ConditionBrowseLeafId":"M21078",
                "ConditionBrowseLeafName":"Parkinsonian Disorders",
                "ConditionBrowseLeafRelevance":"low"
              },{
                "ConditionBrowseLeafId":"M24190",
                "ConditionBrowseLeafName":"Ganglion Cysts",
                "ConditionBrowseLeafRelevance":"low"
              },{
                "ConditionBrowseLeafId":"M14941",
                "ConditionBrowseLeafName":"Synovial Cyst",
                "ConditionBrowseLeafRelevance":"low"
              },{
                "ConditionBrowseLeafId":"M3355",
                "ConditionBrowseLeafName":"Basal Ganglia Diseases",
                "ConditionBrowseLeafRelevance":"low"
              },{
                "ConditionBrowseLeafId":"M3786",
                "ConditionBrowseLeafName":"Brain Diseases",
                "ConditionBrowseLeafRelevance":"low"
              },{
                "ConditionBrowseLeafId":"M4325",
                "ConditionBrowseLeafName":"Central Nervous System Diseases",
                "ConditionBrowseLeafRelevance":"low"
              },{
                "ConditionBrowseLeafId":"M10612",
                "ConditionBrowseLeafName":"Movement Disorders",
                "ConditionBrowseLeafRelevance":"low"
              },{
                "ConditionBrowseLeafId":"M20142",
                "ConditionBrowseLeafName":"Neurodegenerative Diseases",
                "ConditionBrowseLeafRelevance":"low"
              }
            ]
          },
          "ConditionBrowseBranchList":{
            "ConditionBrowseBranch":[
              {
                "ConditionBrowseBranchAbbrev":"BC10",
                "ConditionBrowseBranchName":"Nervous System Diseases"
              },{
                "ConditionBrowseBranchAbbrev":"All",
                "ConditionBrowseBranchName":"All Conditions"
              },{
                "ConditionBrowseBranchAbbrev":"BC04",
                "ConditionBrowseBranchName":"Cancers and Other Neoplasms"
              },{
                "ConditionBrowseBranchAbbrev":"BC17",
                "ConditionBrowseBranchName":"Skin and Connective Tissue Diseases"
              }
            ]
          }
        }
      }
    }
  }
}

