{
  "FullStudy":{
    "Rank":367969,
    "Study":{
      "ProtocolSection":{
        "IdentificationModule":{
          "NCTId":"NCT00023556",
          "OrgStudyIdInfo":{
            "OrgStudyId":"982"
          },
          "SecondaryIdInfoList":{
            "SecondaryIdInfo":[
              {
                "SecondaryId":"R01HL066480-05",
                "SecondaryIdType":"U.S. NIH Grant/Contract",
                "SecondaryIdLink":"https://projectreporter.nih.gov/reporterapi.cfm?PROJECTNUM=R01HL066480-05&Fy=all"
              }
            ]
          },
          "Organization":{
            "OrgFullName":"National Heart, Lung, and Blood Institute (NHLBI)",
            "OrgClass":"NIH"
          },
          "BriefTitle":"Genetic Architecture of Heart Disease in Rural Brazil"
        },
        "StatusModule":{
          "StatusVerifiedDate":"August 2008",
          "OverallStatus":"Completed",
          "ExpandedAccessInfo":{
            "HasExpandedAccess":"No"
          },
          "StartDateStruct":{
            "StartDate":"September 2001"
          },
          "PrimaryCompletionDateStruct":{
            "PrimaryCompletionDate":"August 2008",
            "PrimaryCompletionDateType":"Actual"
          },
          "CompletionDateStruct":{
            "CompletionDate":"August 2008",
            "CompletionDateType":"Actual"
          },
          "StudyFirstSubmitDate":"September 7, 2001",
          "StudyFirstSubmitQCDate":"September 6, 2001",
          "StudyFirstPostDateStruct":{
            "StudyFirstPostDate":"September 7, 2001",
            "StudyFirstPostDateType":"Estimate"
          },
          "LastUpdateSubmitDate":"July 11, 2016",
          "LastUpdatePostDateStruct":{
            "LastUpdatePostDate":"July 12, 2016",
            "LastUpdatePostDateType":"Estimate"
          }
        },
        "SponsorCollaboratorsModule":{
          "LeadSponsor":{
            "LeadSponsorName":"National Heart, Lung, and Blood Institute (NHLBI)",
            "LeadSponsorClass":"NIH"
          }
        },
        "DescriptionModule":{
          "BriefSummary":"To examine the genetics of human susceptibility to Chagas' disease, a leading cause of heart disease throughout Latin America.",
          "DetailedDescription":"BACKGROUND:\n\nChagas' disease is a leading cause of heart disease throughout Latin America, affecting between 16 and 18 million individuals. The disease, named after the Brazilian physician Carlos Chagas who first described it in 1909, exists only on the American Continents. It is caused by a flagellate protozoan parasite, Trypanosoma cruzi, transmitted to humans by blood-sucking triatomine insects known popularly in the different countries as \"vinchuca\", \"barbeiro\", \"chipo\" etc. The geographical distribution of the human T.cruzi infection extends from Mexico to the south of Argentina. In Brazil alone, approximately 10 percent of the population is seropositive for T. cruzi. Given the large pool of primary hosts for this zoonotic disease, complete eradication of Chagas' disease through control of the arthropod vector is unlikely. Research with humans and animal models indicates that there is variation in susceptibility to infection, and disease outcome, and that this variation may be due to genetic factors. Thus, this form of heart disease represents a complex phenotype with potential genetic determinants to both susceptibility to infection and differential disease pathogenesis.\n\nDESIGN NARRATIVE:\n\nThe genetic epidemiology project studies an estimated 1,125 Black individuals age 18 years or older from a small community in Posse, Brazil in which the study population may be drawn from as few as four to five large pedigrees with varying blood relationships. Preliminary pilot data appear very promising regarding the primary hypothesis that specific genetic factors influence the susceptibility to this complex zoonotic disease. The investigation will be divided into three parts involving phenotypic characterization, statistical genetic analyses to determine the relative proportion of the phenotypic variance due to additive genetic effects, and localization of genes influencing the development of Chagas' disease.\n\nThe phenotypic characterization will involve clinical history, infection status, immunologic studies, and cardiac status. The chronic phase of T. cruzi infection results in Chagas' disease manifest as a cardiomyopathy with heart block, conduction disturbance, ventricular tachyarrhythmia, heart failure, and sudden arrhythmic death. The cardiac phenotyping will involve electrocardiographic time intervals (PR interval, QRS duration, QT interval duration) as well as abnormal patterns (left anterior fascicular block, left ventricular hypertrophy, right bundle branch block), and possibly some measure of heart failure in terms of New York Heart Association functional classification. Right bundle branch block is probably the most frequent early manifestation of chronic cardiac involvement.\n\nThe genetic linkage studies will attempt to localize genes influencing susceptibility to T. cruzi infection, ECG parameters (e.g., right bundle branch block), and immunologic factors using markers placed approximately every 10 centimorgans (cM) throughout the genome.\n\nAbout 375 individuals will be sampled per year. Each subject will donate two 10 ml samples of blood which will be used for immunoassays for seropositivity for T. cruzi, and for genotyping with 382 polymorphic short tandem repeats. During the initial visits, the population subjects will also be interviewed to gather information on demographic, pedigree, and socioeconomic makeup. Additionally, questions on pregnancy status, household ecology (years in the house, rooms shared, pets, rodents, food storage, triatomid bug history, etc) and residence history will be determined during the survey. In the fourth year, the investigators will return to the collection site and administer ECGs on 375 individuals per year.\n\nThe blood collected in Brazil will be sent to San Antonio for high-throughput genotyping using 382 polymorphic short tandem repeats (STRs) spread throughout the genome. A population specific 10cM map is expected to be useful for linkage analysis."
        },
        "ConditionsModule":{
          "ConditionList":{
            "Condition":[
              "Chagas Disease",
              "Heart Diseases",
              "Arrhythmia",
              "Heart Failure, Congestive"
            ]
          }
        },
        "DesignModule":{
          "StudyType":"Observational"
        },
        "EligibilityModule":{
          "EligibilityCriteria":"No eligibility criteria",
          "HealthyVolunteers":"No",
          "Gender":"All",
          "MinimumAge":"18 Years",
          "MaximumAge":"100 Years",
          "StdAgeList":{
            "StdAge":[
              "Adult",
              "Older Adult"
            ]
          }
        },
        "ContactsLocationsModule":{
          "OverallOfficialList":{
            "OverallOfficial":[
              {
                "OverallOfficialName":"Sarah Williams-Blangero",
                "OverallOfficialAffiliation":"Southwest Foundation for Biomedical Research"
              }
            ]
          }
        },
        "ReferencesModule":{
          "ReferenceList":{
            "Reference":[
              {
                "ReferencePMID":"12700060",
                "ReferenceType":"background",
                "ReferenceCitation":"Williams-Blangero S, VandeBerg JL, Blangero J, Corrêa-Oliveira R. Genetic epidemiology of Trypanosoma cruzi infection and Chagas' disease. Front Biosci. 2003 May 1;8:e337-45. Review."
              }
            ]
          }
        }
      },
      "DerivedSection":{
        "MiscInfoModule":{
          "VersionHolder":"April 19, 2021"
        },
        "ConditionBrowseModule":{
          "ConditionMeshList":{
            "ConditionMesh":[
              {
                "ConditionMeshId":"D000014355",
                "ConditionMeshTerm":"Chagas Disease"
              },{
                "ConditionMeshId":"D000006333",
                "ConditionMeshTerm":"Heart Failure"
              },{
                "ConditionMeshId":"D000006331",
                "ConditionMeshTerm":"Heart Diseases"
              }
            ]
          },
          "ConditionAncestorList":{
            "ConditionAncestor":[
              {
                "ConditionAncestorId":"D000002318",
                "ConditionAncestorTerm":"Cardiovascular Diseases"
              },{
                "ConditionAncestorId":"D000014352",
                "ConditionAncestorTerm":"Trypanosomiasis"
              },{
                "ConditionAncestorId":"D000056986",
                "ConditionAncestorTerm":"Euglenozoa Infections"
              },{
                "ConditionAncestorId":"D000011528",
                "ConditionAncestorTerm":"Protozoan Infections"
              },{
                "ConditionAncestorId":"D000010272",
                "ConditionAncestorTerm":"Parasitic Diseases"
              }
            ]
          },
          "ConditionBrowseLeafList":{
            "ConditionBrowseLeaf":[
              {
                "ConditionBrowseLeafId":"M8002",
                "ConditionBrowseLeafName":"Heart Diseases",
                "ConditionBrowseLeafAsFound":"Heart Disease",
                "ConditionBrowseLeafRelevance":"high"
              },{
                "ConditionBrowseLeafId":"M8004",
                "ConditionBrowseLeafName":"Heart Failure",
                "ConditionBrowseLeafAsFound":"Heart Failure, Congestive",
                "ConditionBrowseLeafRelevance":"high"
              },{
                "ConditionBrowseLeafId":"M3034",
                "ConditionBrowseLeafName":"Arrhythmias, Cardiac",
                "ConditionBrowseLeafRelevance":"low"
              },{
                "ConditionBrowseLeafId":"M15690",
                "ConditionBrowseLeafName":"Chagas Disease",
                "ConditionBrowseLeafAsFound":"Chagas Disease",
                "ConditionBrowseLeafRelevance":"high"
              },{
                "ConditionBrowseLeafId":"M15687",
                "ConditionBrowseLeafName":"Trypanosomiasis",
                "ConditionBrowseLeafRelevance":"low"
              },{
                "ConditionBrowseLeafId":"M8866",
                "ConditionBrowseLeafName":"Infection",
                "ConditionBrowseLeafRelevance":"low"
              },{
                "ConditionBrowseLeafId":"M4951",
                "ConditionBrowseLeafName":"Communicable Diseases",
                "ConditionBrowseLeafRelevance":"low"
              },{
                "ConditionBrowseLeafId":"M27260",
                "ConditionBrowseLeafName":"Euglenozoa Infections",
                "ConditionBrowseLeafRelevance":"low"
              },{
                "ConditionBrowseLeafId":"M12971",
                "ConditionBrowseLeafName":"Protozoan Infections",
                "ConditionBrowseLeafRelevance":"low"
              },{
                "ConditionBrowseLeafId":"M11768",
                "ConditionBrowseLeafName":"Parasitic Diseases",
                "ConditionBrowseLeafRelevance":"low"
              }
            ]
          },
          "ConditionBrowseBranchList":{
            "ConditionBrowseBranch":[
              {
                "ConditionBrowseBranchAbbrev":"BC14",
                "ConditionBrowseBranchName":"Heart and Blood Diseases"
              },{
                "ConditionBrowseBranchAbbrev":"All",
                "ConditionBrowseBranchName":"All Conditions"
              },{
                "ConditionBrowseBranchAbbrev":"BC23",
                "ConditionBrowseBranchName":"Symptoms and General Pathology"
              },{
                "ConditionBrowseBranchAbbrev":"BC03",
                "ConditionBrowseBranchName":"Parasitic Diseases"
              },{
                "ConditionBrowseBranchAbbrev":"BC01",
                "ConditionBrowseBranchName":"Bacterial and Fungal Diseases"
              }
            ]
          }
        }
      }
    }
  }
}

