{
  "FullStudy":{
    "Rank":368036,
    "Study":{
      "ProtocolSection":{
        "IdentificationModule":{
          "NCTId":"NCT00022620",
          "OrgStudyIdInfo":{
            "OrgStudyId":"EORTC-55961"
          },
          "SecondaryIdInfoList":{
            "SecondaryIdInfo":[
              {
                "SecondaryId":"EORTC-55961"
              }
            ]
          },
          "Organization":{
            "OrgFullName":"European Organisation for Research and Treatment of Cancer - EORTC",
            "OrgClass":"NETWORK"
          },
          "BriefTitle":"Paclitaxel in Treating Patients With Refractory or Recurrent Endometrial Cancer",
          "OfficialTitle":"Phase II Study On Paclitaxel In Recurrent Uterine Papillary Serous Carcinoma (UPSC)"
        },
        "StatusModule":{
          "StatusVerifiedDate":"September 2012",
          "OverallStatus":"Completed",
          "ExpandedAccessInfo":{
            "HasExpandedAccess":"No"
          },
          "StartDateStruct":{
            "StartDate":"June 2001"
          },
          "PrimaryCompletionDateStruct":{
            "PrimaryCompletionDate":"October 2002",
            "PrimaryCompletionDateType":"Actual"
          },
          "StudyFirstSubmitDate":"August 10, 2001",
          "StudyFirstSubmitQCDate":"January 26, 2003",
          "StudyFirstPostDateStruct":{
            "StudyFirstPostDate":"January 27, 2003",
            "StudyFirstPostDateType":"Estimate"
          },
          "LastUpdateSubmitDate":"September 20, 2012",
          "LastUpdatePostDateStruct":{
            "LastUpdatePostDate":"September 24, 2012",
            "LastUpdatePostDateType":"Estimate"
          }
        },
        "SponsorCollaboratorsModule":{
          "ResponsibleParty":{
            "ResponsiblePartyType":"Sponsor"
          },
          "LeadSponsor":{
            "LeadSponsorName":"European Organisation for Research and Treatment of Cancer - EORTC",
            "LeadSponsorClass":"NETWORK"
          }
        },
        "OversightModule":{},
        "DescriptionModule":{
          "BriefSummary":"RATIONALE: Drugs used in chemotherapy use different ways to stop tumor cells from dividing so they stop growing or die.\n\nPURPOSE: Phase II trial to study the effectiveness of paclitaxel in treating patients who have refractory or recurrent endometrial cancer.",
          "DetailedDescription":"OBJECTIVES:\n\nDetermine the therapeutic activity of paclitaxel in patients with refractory or recurrent endometrial papillary carcinoma.\nDetermine the objective response and duration of response in patients treated with this regimen.\nDetermine the acute side effects of this regimen in these patients.\n\nOUTLINE: This is a multicenter study.\n\nPatients receive paclitaxel IV over 3 hours on day 1. Treatment repeats every 3 weeks in the absence of disease progression or unacceptable toxicity.\n\nPatients are followed every 12 weeks.\n\nPROJECTED ACCRUAL: Approximately 16-29 patients will be accrued for this study."
        },
        "ConditionsModule":{
          "ConditionList":{
            "Condition":[
              "Endometrial Cancer"
            ]
          },
          "KeywordList":{
            "Keyword":[
              "recurrent endometrial carcinoma",
              "endometrial papillary serous carcinoma"
            ]
          }
        },
        "DesignModule":{
          "StudyType":"Interventional",
          "PhaseList":{
            "Phase":[
              "Phase 2"
            ]
          },
          "DesignInfo":{
            "DesignPrimaryPurpose":"Treatment",
            "DesignMaskingInfo":{
              "DesignMasking":"None (Open Label)"
            }
          }
        },
        "ArmsInterventionsModule":{
          "InterventionList":{
            "Intervention":[
              {
                "InterventionType":"Drug",
                "InterventionName":"paclitaxel"
              }
            ]
          }
        },
        "EligibilityModule":{
          "EligibilityCriteria":"DISEASE CHARACTERISTICS:\n\nHistologically confirmed endometrial papillary carcinoma (uterine papillary serous carcinoma)\n\nProgressive or recurrent\nBidimensionally measurable disease\n\nPlatinum refractory disease, defined by one of the following:\n\nProgression during platinum-based chemotherapy\nStable disease for at least 4 courses of platinum-based chemotherapy\nRecurrence within 4 months of platinum-based chemotherapy\nNo brain involvement or leptomeningeal disease\n\nPATIENT CHARACTERISTICS:\n\nAge:\n\n75 and under\n\nPerformance status:\n\nWHO 0-2\n\nLife expectancy:\n\nNot specified\n\nHematopoietic:\n\nNeutrophil count at least 1,500/mm3\nPlatelet count at least 100,000/mm3\n\nHepatic:\n\nBilirubin no greater than 50 umol/L\n\nRenal:\n\nBUN no greater than 8.0 mmol/L\nCreatinine no greater than 120 umol/L\nCreatinine clearance at least 60 mL/min\n\nOther:\n\nNot pregnant\nFertile patients must use effective contraception\nHIV negative\nNo other prior or concurrent malignancy except basal cell carcinoma of the skin\nNo active bacterial infection (e.g., urinary tract infection)\nNo uncontrolled or potentially active site of infection (e.g., fistula or abscess)\nNo psychological, familial, sociological, or geographical condition that would preclude study\n\nPRIOR CONCURRENT THERAPY:\n\nBiologic therapy:\n\nNot specified\n\nChemotherapy:\n\nSee Disease Characteristics\nAt least 4 weeks since prior chemotherapy\nAt least 1 prior platinum containing regimen\nAt least 50 mg/m2 per course for a maximum of 28 days for cisplatin\nAt least 5 times AUC for a maximum of 4 weeks per course for carboplatin\nPrior non-taxane-containing chemotherapy allowed\n\nEndocrine therapy:\n\nAt least 4 weeks since prior hormonal therapy\n\nRadiotherapy:\n\nAt least 4 weeks since prior radiotherapy\nAt least 3 months since prior radiotherapy to target lesion\nConcurrent radiotherapy allowed for bone pain provided evaluable lesions are outside of irradiation field)\n\nSurgery:\n\nPrior surgical management of lymph nodes allowed",
          "HealthyVolunteers":"No",
          "Gender":"Female",
          "MaximumAge":"75 Years",
          "StdAgeList":{
            "StdAge":[
              "Child",
              "Adult",
              "Older Adult"
            ]
          }
        },
        "ContactsLocationsModule":{
          "OverallOfficialList":{
            "OverallOfficial":[
              {
                "OverallOfficialName":"Gerald Gitsch, MD",
                "OverallOfficialAffiliation":"Allgemeines Krankenhaus - Universitatskliniken",
                "OverallOfficialRole":"Study Chair"
              }
            ]
          },
          "LocationList":{
            "Location":[
              {
                "LocationFacility":"Allgemeines Krankenhaus der Stadt Wien",
                "LocationCity":"Vienna",
                "LocationZip":"A-1090",
                "LocationCountry":"Austria"
              },{
                "LocationFacility":"Universitair Ziekenhuis Antwerpen",
                "LocationCity":"Edegem",
                "LocationZip":"B-2650",
                "LocationCountry":"Belgium"
              },{
                "LocationFacility":"U.Z. Gasthuisberg",
                "LocationCity":"Leuven",
                "LocationZip":"B-3000",
                "LocationCountry":"Belgium"
              },{
                "LocationFacility":"Ospedale Mauriziano Umberto I",
                "LocationCity":"Torino",
                "LocationZip":"10128",
                "LocationCountry":"Italy"
              },{
                "LocationFacility":"Ospedale Civile",
                "LocationCity":"Voghera (PV)",
                "LocationZip":"27058",
                "LocationCountry":"Italy"
              },{
                "LocationFacility":"Hospitais da Universidade de Coimbra (HUC)",
                "LocationCity":"Coimbra",
                "LocationZip":"3049",
                "LocationCountry":"Portugal"
              },{
                "LocationFacility":"Hospital Universitasrio San Carlos",
                "LocationCity":"Madrid",
                "LocationZip":"28040",
                "LocationCountry":"Spain"
              },{
                "LocationFacility":"Queen Elizabeth Hospital",
                "LocationCity":"Gateshead",
                "LocationState":"England",
                "LocationZip":"NE9 6SX",
                "LocationCountry":"United Kingdom"
              }
            ]
          }
        }
      },
      "DerivedSection":{
        "MiscInfoModule":{
          "VersionHolder":"April 19, 2021"
        },
        "ConditionBrowseModule":{
          "ConditionMeshList":{
            "ConditionMesh":[
              {
                "ConditionMeshId":"D000016889",
                "ConditionMeshTerm":"Endometrial Neoplasms"
              }
            ]
          },
          "ConditionAncestorList":{
            "ConditionAncestor":[
              {
                "ConditionAncestorId":"D000014594",
                "ConditionAncestorTerm":"Uterine Neoplasms"
              },{
                "ConditionAncestorId":"D000005833",
                "ConditionAncestorTerm":"Genital Neoplasms, Female"
              },{
                "ConditionAncestorId":"D000014565",
                "ConditionAncestorTerm":"Urogenital Neoplasms"
              },{
                "ConditionAncestorId":"D000009371",
                "ConditionAncestorTerm":"Neoplasms by Site"
              },{
                "ConditionAncestorId":"D000009369",
                "ConditionAncestorTerm":"Neoplasms"
              },{
                "ConditionAncestorId":"D000014591",
                "ConditionAncestorTerm":"Uterine Diseases"
              }
            ]
          },
          "ConditionBrowseLeafList":{
            "ConditionBrowseLeaf":[
              {
                "ConditionBrowseLeafId":"M4116",
                "ConditionBrowseLeafName":"Carcinoma",
                "ConditionBrowseLeafRelevance":"low"
              },{
                "ConditionBrowseLeafId":"M19012",
                "ConditionBrowseLeafName":"Cystadenocarcinoma, Serous",
                "ConditionBrowseLeafRelevance":"low"
              },{
                "ConditionBrowseLeafId":"M17818",
                "ConditionBrowseLeafName":"Endometrial Neoplasms",
                "ConditionBrowseLeafAsFound":"Endometrial Cancer",
                "ConditionBrowseLeafRelevance":"high"
              },{
                "ConditionBrowseLeafId":"M15925",
                "ConditionBrowseLeafName":"Uterine Neoplasms",
                "ConditionBrowseLeafRelevance":"low"
              },{
                "ConditionBrowseLeafId":"M7528",
                "ConditionBrowseLeafName":"Genital Neoplasms, Female",
                "ConditionBrowseLeafRelevance":"low"
              },{
                "ConditionBrowseLeafId":"M15898",
                "ConditionBrowseLeafName":"Urogenital Neoplasms",
                "ConditionBrowseLeafRelevance":"low"
              },{
                "ConditionBrowseLeafId":"M15922",
                "ConditionBrowseLeafName":"Uterine Diseases",
                "ConditionBrowseLeafRelevance":"low"
              }
            ]
          },
          "ConditionBrowseBranchList":{
            "ConditionBrowseBranch":[
              {
                "ConditionBrowseBranchAbbrev":"BC04",
                "ConditionBrowseBranchName":"Cancers and Other Neoplasms"
              },{
                "ConditionBrowseBranchAbbrev":"All",
                "ConditionBrowseBranchName":"All Conditions"
              },{
                "ConditionBrowseBranchAbbrev":"BXS",
                "ConditionBrowseBranchName":"Urinary Tract, Sexual Organs, and Pregnancy Conditions"
              }
            ]
          }
        },
        "InterventionBrowseModule":{
          "InterventionMeshList":{
            "InterventionMesh":[
              {
                "InterventionMeshId":"D000017239",
                "InterventionMeshTerm":"Paclitaxel"
              }
            ]
          },
          "InterventionAncestorList":{
            "InterventionAncestor":[
              {
                "InterventionAncestorId":"D000000972",
                "InterventionAncestorTerm":"Antineoplastic Agents, Phytogenic"
              },{
                "InterventionAncestorId":"D000000970",
                "InterventionAncestorTerm":"Antineoplastic Agents"
              },{
                "InterventionAncestorId":"D000050257",
                "InterventionAncestorTerm":"Tubulin Modulators"
              },{
                "InterventionAncestorId":"D000050256",
                "InterventionAncestorTerm":"Antimitotic Agents"
              },{
                "InterventionAncestorId":"D000050258",
                "InterventionAncestorTerm":"Mitosis Modulators"
              },{
                "InterventionAncestorId":"D000045504",
                "InterventionAncestorTerm":"Molecular Mechanisms of Pharmacological Action"
              }
            ]
          },
          "InterventionBrowseLeafList":{
            "InterventionBrowseLeaf":[
              {
                "InterventionBrowseLeafId":"M18120",
                "InterventionBrowseLeafName":"Paclitaxel",
                "InterventionBrowseLeafAsFound":"Effect",
                "InterventionBrowseLeafRelevance":"high"
              },{
                "InterventionBrowseLeafId":"M231",
                "InterventionBrowseLeafName":"Albumin-Bound Paclitaxel",
                "InterventionBrowseLeafRelevance":"low"
              },{
                "InterventionBrowseLeafId":"M24784",
                "InterventionBrowseLeafName":"Tubulin Modulators",
                "InterventionBrowseLeafRelevance":"low"
              },{
                "InterventionBrowseLeafId":"M24783",
                "InterventionBrowseLeafName":"Antimitotic Agents",
                "InterventionBrowseLeafRelevance":"low"
              }
            ]
          },
          "InterventionBrowseBranchList":{
            "InterventionBrowseBranch":[
              {
                "InterventionBrowseBranchAbbrev":"ANeo",
                "InterventionBrowseBranchName":"Antineoplastic Agents"
              },{
                "InterventionBrowseBranchAbbrev":"All",
                "InterventionBrowseBranchName":"All Drugs and Chemicals"
              }
            ]
          }
        }
      }
    }
  }
}

