{
  "FullStudy":{
    "Rank":367600,
    "Study":{
      "ProtocolSection":{
        "IdentificationModule":{
          "NCTId":"NCT00028847",
          "OrgStudyIdInfo":{
            "OrgStudyId":"CDR0000069141"
          },
          "SecondaryIdInfoList":{
            "SecondaryIdInfo":[
              {
                "SecondaryId":"CKTO-2001-03"
              },{
                "SecondaryId":"HOVON-51CML"
              },{
                "SecondaryId":"EU-20132"
              },{
                "SecondaryId":"HOVON-CKTO-2001-03"
              },{
                "SecondaryId":"NOVARTIS-CST1571ANL01"
              }
            ]
          },
          "Organization":{
            "OrgFullName":"National Cancer Institute (NCI)",
            "OrgClass":"NIH"
          },
          "BriefTitle":"Imatinib Mesylate and Cytarabine in Treating Patients With Newly Diagnosed Chronic Myeloid Leukemia",
          "OfficialTitle":"A Dose-ranging Phase I/II Study of STI571 in Combination With Cytarabin in Patients With First Chronic Phase Chronic Myeloid Leukemia"
        },
        "StatusModule":{
          "StatusVerifiedDate":"August 2011",
          "OverallStatus":"Unknown status",
          "LastKnownStatus":"Active, not recruiting",
          "ExpandedAccessInfo":{
            "HasExpandedAccess":"No"
          },
          "StartDateStruct":{
            "StartDate":"April 2001"
          },
          "StudyFirstSubmitDate":"January 4, 2002",
          "StudyFirstSubmitQCDate":"January 26, 2003",
          "StudyFirstPostDateStruct":{
            "StudyFirstPostDate":"January 27, 2003",
            "StudyFirstPostDateType":"Estimate"
          },
          "LastUpdateSubmitDate":"September 16, 2013",
          "LastUpdatePostDateStruct":{
            "LastUpdatePostDate":"September 17, 2013",
            "LastUpdatePostDateType":"Estimate"
          }
        },
        "SponsorCollaboratorsModule":{
          "LeadSponsor":{
            "LeadSponsorName":"Commissie Voor Klinisch Toegepast Onderzoek",
            "LeadSponsorClass":"OTHER"
          }
        },
        "DescriptionModule":{
          "BriefSummary":"RATIONALE: Imatinib mesylate may stop the growth of cancer cells by blocking the enzymes necessary for cancer cell growth. Drugs used in chemotherapy use different ways to stop cancer cells from dividing so they stop growing or die. Combining imatinib mesylate and chemotherapy may kill more cancer cells.\n\nPURPOSE: Phase I/II trial to study the effectiveness of imatinib mesylate plus cytarabine in treating patients who have newly diagnosed chronic myeloid leukemia.",
          "DetailedDescription":"OBJECTIVES:\n\nDetermine the maximum tolerated dose of imatinib mesylate and cytarabine in patients with newly diagnosed chronic phase chronic myeloid leukemia.\nDetermine the feasibility of this regimen as defined by dose-limiting toxicity of this regimen and treatment-related mortality in no more than 5% of these patients.\nDetermine the rate and duration of molecular response, complete hematological response, and complete cytogenetic response in patients treated with this regimen.\nDetermine the time to treatment failure of patients treated with this regimen.\nDetermine the overall survival of patients treated with this regimen.\n\nOUTLINE: This is a multicenter, dose-escalation study of imatinib mesylate and cytarabine.\n\nPatients receive oral imatinib mesylate alone once daily on days 1-21. Patients then receive oral imatinib mesylate once daily and cytarabine IV over 1-3 hours on days 1-7. Combination therapy repeats every 28-42 days for 2 courses. Patients then receive maintenance oral imatinib mesylate once daily. Treatment continues in the absence of disease progression or unacceptable toxicity.\n\nCohorts of 5-20 patients receive escalating doses of imatinib mesylate and cytarabine until the maximum tolerated dose (MTD) is determined. The MTD is defined as the dose preceding that at which at least 5/5, 5/10, or 5/20 patients experience dose-limiting toxicity.\n\nPatients are followed every 6 months.\n\nPROJECTED ACCRUAL: A total of 30-60 patients will be accrued for this study within 2 years."
        },
        "ConditionsModule":{
          "ConditionList":{
            "Condition":[
              "Leukemia"
            ]
          },
          "KeywordList":{
            "Keyword":[
              "chronic phase chronic myelogenous leukemia",
              "chronic myelogenous leukemia, BCR-ABL1 positive"
            ]
          }
        },
        "DesignModule":{
          "StudyType":"Interventional",
          "PhaseList":{
            "Phase":[
              "Phase 1",
              "Phase 2"
            ]
          },
          "DesignInfo":{
            "DesignPrimaryPurpose":"Treatment"
          },
          "EnrollmentInfo":{
            "EnrollmentCount":"60",
            "EnrollmentType":"Anticipated"
          }
        },
        "ArmsInterventionsModule":{
          "InterventionList":{
            "Intervention":[
              {
                "InterventionType":"Drug",
                "InterventionName":"cytarabine"
              },{
                "InterventionType":"Drug",
                "InterventionName":"imatinib mesylate"
              }
            ]
          }
        },
        "OutcomesModule":{
          "PrimaryOutcomeList":{
            "PrimaryOutcome":[
              {
                "PrimaryOutcomeMeasure":"Incidence of dose-limiting toxicity and treatment-related toxicity per dose level"
              }
            ]
          },
          "SecondaryOutcomeList":{
            "SecondaryOutcome":[
              {
                "SecondaryOutcomeMeasure":"Rate and duration of molecular response"
              },{
                "SecondaryOutcomeMeasure":"Rate and duration of complete hematological response"
              },{
                "SecondaryOutcomeMeasure":"Rate and duration of complete cytogenetic response"
              },{
                "SecondaryOutcomeMeasure":"Time to treatment failure"
              },{
                "SecondaryOutcomeMeasure":"Overall survival"
              }
            ]
          }
        },
        "EligibilityModule":{
          "EligibilityCriteria":"DISEASE CHARACTERISTICS:\n\nNewly diagnosed chronic myeloid leukemia in first chronic phase (within the past 6 months)\n\nPhiladelphia-chromosome positive OR\nbcr-abl rearrangement\nNo prior treatment within the past 6 months other than hydroxyurea\n\nPATIENT CHARACTERISTICS:\n\nAge:\n\n18 to 65\n\nPerformance status:\n\nWHO 0-2\n\nLife expectancy:\n\nNot specified\n\nHematopoietic:\n\nNot specified\n\nHepatic:\n\nNo hepatic dysfunction\nBilirubin less than 2 times normal\nALT less than 4 times normal\n\nRenal:\n\nNo renal dysfunction\nCreatinine less than 2.3 mg/dL\n\nCardiovascular:\n\nNo severe cardiac dysfunction\nNo New York Heart Association class II-IV heart disease\n\nPulmonary:\n\nNo severe pulmonary disease\n\nOther:\n\nHIV negative\nNo severe neurologic disease\nNo active uncontrolled infection\nNo other active malignancy within the past 5 years except basal cell skin cancer or stage 0 cervical cancer\nNot pregnant or nursing\n\nPRIOR CONCURRENT THERAPY:\n\nBiologic therapy:\n\nSee Disease Characteristics\nNo concurrent allogeneic transplantation with an HLA-A, B, DR-matched sibling donor or matched-unrelated donor\n\nChemotherapy:\n\nSee Disease Characteristics\n\nEndocrine therapy:\n\nSee Disease Characteristics\n\nRadiotherapy:\n\nSee Disease Characteristics\n\nSurgery:\n\nSee Disease Characteristics\n\nOther:\n\nNo concurrent grapefruit or grapefruit juice",
          "HealthyVolunteers":"No",
          "Gender":"All",
          "MinimumAge":"18 Years",
          "MaximumAge":"65 Years",
          "StdAgeList":{
            "StdAge":[
              "Adult",
              "Older Adult"
            ]
          }
        },
        "ContactsLocationsModule":{
          "OverallOfficialList":{
            "OverallOfficial":[
              {
                "OverallOfficialName":"J.J. Cornelissen, MD",
                "OverallOfficialAffiliation":"Daniel Den Hoed Cancer Center at Erasmus Medical Center",
                "OverallOfficialRole":"Study Chair"
              }
            ]
          },
          "LocationList":{
            "Location":[
              {
                "LocationFacility":"AZ Sint-Jan",
                "LocationCity":"Brugge",
                "LocationZip":"8000",
                "LocationCountry":"Belgium"
              },{
                "LocationFacility":"Institut Jules Bordet",
                "LocationCity":"Brussels",
                "LocationZip":"1000",
                "LocationCountry":"Belgium"
              },{
                "LocationFacility":"Cliniques Universitaires Saint-Luc",
                "LocationCity":"Brussels",
                "LocationZip":"1200",
                "LocationCountry":"Belgium"
              },{
                "LocationFacility":"U.Z. Gasthuisberg",
                "LocationCity":"Leuven",
                "LocationZip":"B-3000",
                "LocationCountry":"Belgium"
              },{
                "LocationFacility":"Clinique Universitaire De Mont-Godinne",
                "LocationCity":"Mont-Godinne Yvoir",
                "LocationZip":"5530",
                "LocationCountry":"Belgium"
              },{
                "LocationFacility":"HagaZiekenhuis - Locatie Leyenburg",
                "LocationCity":"'s-Gravenhage",
                "LocationZip":"2545 CH",
                "LocationCountry":"Netherlands"
              },{
                "LocationFacility":"Meander Medisch Centrum",
                "LocationCity":"Amersfoort",
                "LocationZip":"3816 CP",
                "LocationCountry":"Netherlands"
              },{
                "LocationFacility":"Vrije Universiteit Medisch Centrum",
                "LocationCity":"Amsterdam",
                "LocationZip":"10P 1HV",
                "LocationCountry":"Netherlands"
              },{
                "LocationFacility":"Academisch Medisch Centrum at University of Amsterdam",
                "LocationCity":"Amsterdam",
                "LocationZip":"1105 AZ",
                "LocationCountry":"Netherlands"
              },{
                "LocationFacility":"Medisch Spectrum Twente",
                "LocationCity":"Enschede",
                "LocationZip":"7500 KA",
                "LocationCountry":"Netherlands"
              },{
                "LocationFacility":"University Medical Center Groningen",
                "LocationCity":"Groningen",
                "LocationZip":"9713 EZ",
                "LocationCountry":"Netherlands"
              },{
                "LocationFacility":"Leiden University Medical Center",
                "LocationCity":"Leiden",
                "LocationZip":"2300 RC",
                "LocationCountry":"Netherlands"
              },{
                "LocationFacility":"Universitair Medisch Centrum St. Radboud - Nijmegen",
                "LocationCity":"Nijmegen",
                "LocationZip":"6500 HB",
                "LocationCountry":"Netherlands"
              },{
                "LocationFacility":"Daniel Den Hoed Cancer Center at Erasmus Medical Center",
                "LocationCity":"Rotterdam",
                "LocationZip":"3008 AE",
                "LocationCountry":"Netherlands"
              },{
                "LocationFacility":"University Medical Center Utrecht",
                "LocationCity":"Utrecht",
                "LocationZip":"3584 CX",
                "LocationCountry":"Netherlands"
              },{
                "LocationFacility":"Isala Klinieken - locatie Sophia",
                "LocationCity":"Zwolle",
                "LocationZip":"8000 GK",
                "LocationCountry":"Netherlands"
              }
            ]
          }
        },
        "ReferencesModule":{
          "ReferenceList":{
            "Reference":[
              {
                "ReferencePMID":"20015886",
                "ReferenceType":"result",
                "ReferenceCitation":"Deenik W, Janssen JJ, van der Holt B, Verhoef GE, Smit WM, Kersten MJ, Daenen SM, Verdonck LF, Ferrant A, Schattenberg AV, Sonneveld P, van Marwijk Kooy M, Wittebol S, Willemze R, Wijermans PW, Beverloo HB, Löwenberg B, Valk PJ, Ossenkoppele GJ, Cornelissen JJ. Efficacy of escalated imatinib combined with cytarabine in newly diagnosed patients with chronic myeloid leukemia. Haematologica. 2010 Jun;95(6):914-21. doi: 10.3324/haematol.2009.016766. Epub 2009 Dec 16."
              },{
                "ReferencePMID":"18172005",
                "ReferenceType":"result",
                "ReferenceCitation":"Deenik W, van der Holt B, Verhoef GE, Smit WM, Kersten MJ, Kluin-Nelemans HC, Verdonck LF, Ferrant A, Schattenberg AV, Janssen JJ, Sonneveld P, van Marwijk Kooy M, Wittebol S, Willemze R, Wijermans PW, Westveer PH, Beverloo HB, Valk P, Löwenberg B, Ossenkoppele GJ, Cornelissen JJ. Dose-finding study of imatinib in combination with intravenous cytarabine: feasibility in newly diagnosed patients with chronic myeloid leukemia. Blood. 2008 Mar 1;111(5):2581-8. doi: 10.1182/blood-2007-08-107482. Epub 2008 Jan 2."
              },{
                "ReferencePMID":"23876833",
                "ReferenceType":"derived",
                "ReferenceCitation":"Thielen N, van der Holt B, Cornelissen JJ, Verhoef GE, Gussinklo T, Biemond BJ, Daenen SM, Deenik W, van Marwijk Kooy R, Petersen E, Smit WM, Valk PJ, Ossenkoppele GJ, Janssen JJ. Imatinib discontinuation in chronic phase myeloid leukaemia patients in sustained complete molecular response: a randomised trial of the Dutch-Belgian Cooperative Trial for Haemato-Oncology (HOVON). Eur J Cancer. 2013 Oct;49(15):3242-6. doi: 10.1016/j.ejca.2013.06.018. Epub 2013 Jul 19."
              }
            ]
          }
        }
      },
      "DerivedSection":{
        "MiscInfoModule":{
          "VersionHolder":"April 19, 2021"
        },
        "ConditionBrowseModule":{
          "ConditionMeshList":{
            "ConditionMesh":[
              {
                "ConditionMeshId":"D000007938",
                "ConditionMeshTerm":"Leukemia"
              },{
                "ConditionMeshId":"D000015464",
                "ConditionMeshTerm":"Leukemia, Myelogenous, Chronic, BCR-ABL Positive"
              }
            ]
          },
          "ConditionAncestorList":{
            "ConditionAncestor":[
              {
                "ConditionAncestorId":"D000009370",
                "ConditionAncestorTerm":"Neoplasms by Histologic Type"
              },{
                "ConditionAncestorId":"D000009369",
                "ConditionAncestorTerm":"Neoplasms"
              },{
                "ConditionAncestorId":"D000007951",
                "ConditionAncestorTerm":"Leukemia, Myeloid"
              },{
                "ConditionAncestorId":"D000009196",
                "ConditionAncestorTerm":"Myeloproliferative Disorders"
              },{
                "ConditionAncestorId":"D000001855",
                "ConditionAncestorTerm":"Bone Marrow Diseases"
              },{
                "ConditionAncestorId":"D000006402",
                "ConditionAncestorTerm":"Hematologic Diseases"
              }
            ]
          },
          "ConditionBrowseLeafList":{
            "ConditionBrowseLeaf":[
              {
                "ConditionBrowseLeafId":"M9528",
                "ConditionBrowseLeafName":"Leukemia",
                "ConditionBrowseLeafAsFound":"Leukemia",
                "ConditionBrowseLeafRelevance":"high"
              },{
                "ConditionBrowseLeafId":"M9538",
                "ConditionBrowseLeafName":"Leukemia, Myeloid",
                "ConditionBrowseLeafRelevance":"low"
              },{
                "ConditionBrowseLeafId":"M16706",
                "ConditionBrowseLeafName":"Leukemia, Myelogenous, Chronic, BCR-ABL Positive",
                "ConditionBrowseLeafAsFound":"Chronic Myeloid Leukemia",
                "ConditionBrowseLeafRelevance":"high"
              },{
                "ConditionBrowseLeafId":"M16708",
                "ConditionBrowseLeafName":"Leukemia, Myeloid, Chronic-Phase",
                "ConditionBrowseLeafRelevance":"low"
              },{
                "ConditionBrowseLeafId":"M10898",
                "ConditionBrowseLeafName":"Neoplasms by Histologic Type",
                "ConditionBrowseLeafRelevance":"low"
              },{
                "ConditionBrowseLeafId":"M10732",
                "ConditionBrowseLeafName":"Myeloproliferative Disorders",
                "ConditionBrowseLeafRelevance":"low"
              },{
                "ConditionBrowseLeafId":"M3716",
                "ConditionBrowseLeafName":"Bone Marrow Diseases",
                "ConditionBrowseLeafRelevance":"low"
              },{
                "ConditionBrowseLeafId":"M8073",
                "ConditionBrowseLeafName":"Hematologic Diseases",
                "ConditionBrowseLeafRelevance":"low"
              },{
                "ConditionBrowseLeafId":"T3995",
                "ConditionBrowseLeafName":"Myeloid Leukemia",
                "ConditionBrowseLeafAsFound":"Myeloid Leukemia",
                "ConditionBrowseLeafRelevance":"high"
              },{
                "ConditionBrowseLeafId":"T1309",
                "ConditionBrowseLeafName":"Chronic Myeloid Leukemia",
                "ConditionBrowseLeafAsFound":"Chronic Myeloid Leukemia",
                "ConditionBrowseLeafRelevance":"high"
              },{
                "ConditionBrowseLeafId":"T1311",
                "ConditionBrowseLeafName":"Chronic Myeloproliferative Disorders",
                "ConditionBrowseLeafRelevance":"low"
              }
            ]
          },
          "ConditionBrowseBranchList":{
            "ConditionBrowseBranch":[
              {
                "ConditionBrowseBranchAbbrev":"BC04",
                "ConditionBrowseBranchName":"Cancers and Other Neoplasms"
              },{
                "ConditionBrowseBranchAbbrev":"All",
                "ConditionBrowseBranchName":"All Conditions"
              },{
                "ConditionBrowseBranchAbbrev":"BC15",
                "ConditionBrowseBranchName":"Blood and Lymph Conditions"
              },{
                "ConditionBrowseBranchAbbrev":"Rare",
                "ConditionBrowseBranchName":"Rare Diseases"
              }
            ]
          }
        },
        "InterventionBrowseModule":{
          "InterventionMeshList":{
            "InterventionMesh":[
              {
                "InterventionMeshId":"D000003561",
                "InterventionMeshTerm":"Cytarabine"
              },{
                "InterventionMeshId":"D000068877",
                "InterventionMeshTerm":"Imatinib Mesylate"
              }
            ]
          },
          "InterventionAncestorList":{
            "InterventionAncestor":[
              {
                "InterventionAncestorId":"D000000964",
                "InterventionAncestorTerm":"Antimetabolites, Antineoplastic"
              },{
                "InterventionAncestorId":"D000000963",
                "InterventionAncestorTerm":"Antimetabolites"
              },{
                "InterventionAncestorId":"D000045504",
                "InterventionAncestorTerm":"Molecular Mechanisms of Pharmacological Action"
              },{
                "InterventionAncestorId":"D000000970",
                "InterventionAncestorTerm":"Antineoplastic Agents"
              },{
                "InterventionAncestorId":"D000000998",
                "InterventionAncestorTerm":"Antiviral Agents"
              },{
                "InterventionAncestorId":"D000000890",
                "InterventionAncestorTerm":"Anti-Infective Agents"
              },{
                "InterventionAncestorId":"D000007166",
                "InterventionAncestorTerm":"Immunosuppressive Agents"
              },{
                "InterventionAncestorId":"D000007155",
                "InterventionAncestorTerm":"Immunologic Factors"
              },{
                "InterventionAncestorId":"D000045505",
                "InterventionAncestorTerm":"Physiological Effects of Drugs"
              },{
                "InterventionAncestorId":"D000047428",
                "InterventionAncestorTerm":"Protein Kinase Inhibitors"
              },{
                "InterventionAncestorId":"D000004791",
                "InterventionAncestorTerm":"Enzyme Inhibitors"
              }
            ]
          },
          "InterventionBrowseLeafList":{
            "InterventionBrowseLeaf":[
              {
                "InterventionBrowseLeafId":"M5349",
                "InterventionBrowseLeafName":"Cytarabine",
                "InterventionBrowseLeafAsFound":"Diagnostic",
                "InterventionBrowseLeafRelevance":"high"
              },{
                "InterventionBrowseLeafId":"M324",
                "InterventionBrowseLeafName":"Imatinib Mesylate",
                "InterventionBrowseLeafAsFound":"Workers",
                "InterventionBrowseLeafRelevance":"high"
              },{
                "InterventionBrowseLeafId":"M2862",
                "InterventionBrowseLeafName":"Antimetabolites",
                "InterventionBrowseLeafRelevance":"low"
              },{
                "InterventionBrowseLeafId":"M2895",
                "InterventionBrowseLeafName":"Antiviral Agents",
                "InterventionBrowseLeafRelevance":"low"
              },{
                "InterventionBrowseLeafId":"M2795",
                "InterventionBrowseLeafName":"Anti-Infective Agents",
                "InterventionBrowseLeafRelevance":"low"
              },{
                "InterventionBrowseLeafId":"M8795",
                "InterventionBrowseLeafName":"Immunosuppressive Agents",
                "InterventionBrowseLeafRelevance":"low"
              },{
                "InterventionBrowseLeafId":"M8784",
                "InterventionBrowseLeafName":"Immunologic Factors",
                "InterventionBrowseLeafRelevance":"low"
              },{
                "InterventionBrowseLeafId":"M24407",
                "InterventionBrowseLeafName":"Protein Kinase Inhibitors",
                "InterventionBrowseLeafRelevance":"low"
              }
            ]
          },
          "InterventionBrowseBranchList":{
            "InterventionBrowseBranch":[
              {
                "InterventionBrowseBranchAbbrev":"Infe",
                "InterventionBrowseBranchName":"Anti-Infective Agents"
              },{
                "InterventionBrowseBranchAbbrev":"ANeo",
                "InterventionBrowseBranchName":"Antineoplastic Agents"
              },{
                "InterventionBrowseBranchAbbrev":"All",
                "InterventionBrowseBranchName":"All Drugs and Chemicals"
              }
            ]
          }
        }
      }
    }
  }
}

