{
  "FullStudy":{
    "Rank":368113,
    "Study":{
      "ProtocolSection":{
        "IdentificationModule":{
          "NCTId":"NCT00021502",
          "OrgStudyIdInfo":{
            "OrgStudyId":"APX-PHP 99-004"
          },
          "Organization":{
            "OrgFullName":"Apex Bioscience",
            "OrgClass":"INDUSTRY"
          },
          "BriefTitle":"Safety and Efficacy of PHP in the Treatment of Shock Associated With Systemic Inflammatory Response Syndrome (SIRS)",
          "OfficialTitle":"A Phase 3, Multi-Center, Randomized, Placebo Controlled Study of PHP When Administered by Continuous Infusion in Patients With Shock Associated With Systemic Inflammatory Response Syndrome (SIRS)"
        },
        "StatusModule":{
          "StatusVerifiedDate":"August 2009",
          "OverallStatus":"Completed",
          "StartDateStruct":{
            "StartDate":"March 2001"
          },
          "PrimaryCompletionDateStruct":{
            "PrimaryCompletionDate":"August 2003",
            "PrimaryCompletionDateType":"Actual"
          },
          "CompletionDateStruct":{
            "CompletionDate":"May 2004",
            "CompletionDateType":"Actual"
          },
          "StudyFirstSubmitDate":"July 18, 2001",
          "StudyFirstSubmitQCDate":"July 19, 2001",
          "StudyFirstPostDateStruct":{
            "StudyFirstPostDate":"July 20, 2001",
            "StudyFirstPostDateType":"Estimate"
          },
          "LastUpdateSubmitDate":"August 13, 2009",
          "LastUpdatePostDateStruct":{
            "LastUpdatePostDate":"August 14, 2009",
            "LastUpdatePostDateType":"Estimate"
          }
        },
        "SponsorCollaboratorsModule":{
          "LeadSponsor":{
            "LeadSponsorName":"Apex Bioscience",
            "LeadSponsorClass":"INDUSTRY"
          }
        },
        "OversightModule":{},
        "DescriptionModule":{
          "BriefSummary":"To determine the safety and effectiveness of pyridoxylated hemoglobin polyoxyethylene conjugate (PHP) administered by continuous intravenous (IV) infusion in systemic inflammatory response syndrome (SIRS) patients with shock. PHP is a human-derived chemically modified hemoglobin preparation. PHP selectively scavenges excess nitric oxide (NO) and does so in a catalytic, concentration-dependent reaction that results in the formation of the non-toxic NO metabolite, nitrate. PHP is postulated to reduce excess, toxic levels of NO while allowing critical beneficial levels of the molecule to persist.",
          "DetailedDescription":"This Phase 3, randomized, placebo controlled, multi-center study is designed to evaluate the safety and efficacy of continuous IV infusion of PHP plus conventional vasopressor treatment, as compared to continuous IV infusion of Plasma-Lyte A plus conventional vasopressor, as a treatment for restoring hemodynamic stability in SIRS patients with shock. Conventional vasopressors include dopamine > 5 mcg/kg/min; or norepinephrine, phenylephrine or epinephrine at any dose.\n\nThe study consists of a Screening period, a Pre-Treatment period, and a 28-day Treatment period. Efficacy will be determined by evaluating objective clinical measures of mortality and organ function over the 28-day treatment period.\n\nThe safety and tolerability of PHP will be evaluated over the continuous 28 days using a number of measures including an evaluation of:\n\nall cause mortality,\nmedian patient survival time and\nadverse event rates and duration."
        },
        "ConditionsModule":{
          "ConditionList":{
            "Condition":[
              "Shock",
              "Systemic Inflammatory Response Syndrome"
            ]
          },
          "KeywordList":{
            "Keyword":[
              "Pyridoxalated hemoglobin polyoxyethylene conjugate (PHP)",
              "Systemic Inflammatory Response Syndrome (SIRS)",
              "Nitric oxide (NO)",
              "Shock"
            ]
          }
        },
        "DesignModule":{
          "StudyType":"Interventional",
          "PhaseList":{
            "Phase":[
              "Phase 3"
            ]
          },
          "DesignInfo":{
            "DesignAllocation":"Randomized",
            "DesignInterventionModel":"Single Group Assignment",
            "DesignPrimaryPurpose":"Treatment",
            "DesignMaskingInfo":{
              "DesignMasking":"None (Open Label)"
            }
          },
          "EnrollmentInfo":{
            "EnrollmentCount":"1000"
          }
        },
        "ArmsInterventionsModule":{
          "InterventionList":{
            "Intervention":[
              {
                "InterventionType":"Drug",
                "InterventionName":"pyridoxalated hemoglobin polyoxyethylene conjugate (PHP)"
              }
            ]
          }
        },
        "EligibilityModule":{
          "EligibilityCriteria":"Determination of study eligibility will be made by the Investigator on the basis of the inclusion criteria listed below:\n\nSIRS Inclusion Criteria\n\nPatients with SIRS as characterized by two or more of the following conditions (worst values in a 24 hour period):\n\nEither respiratory rate >/= 20 breaths/minute, partial pressure of arterial carbon dioxide (PaCO2) </= 32 torr, or mechanical ventilation,\nHeart rate >/= 90 beats/minute,\nEither hyperthermia >/= 38 degrees C, or hypothermia </= 36 degrees C or\nEither white blood cell (WBC) >/= 12,000 cells/mm3, </= 4,000 cells/mm3, or >/= 10% immature (band) forms\n\nShock Inclusion Criteria Patients with adequate fluid resuscitation (PCWP >/= 12mmHg) and with one or more conventional vasopressors (continuing up to the time of randomization) being used to treat hypotension (MBP < 60 mmHg or SBP < 90 mmHg). Patients cannot be entered if they have been in shock for more than 24 hours.",
          "HealthyVolunteers":"No",
          "Gender":"All",
          "MinimumAge":"18 Years",
          "StdAgeList":{
            "StdAge":[
              "Adult",
              "Older Adult"
            ]
          }
        },
        "ReferencesModule":{
          "ReferenceList":{
            "Reference":[
              {
                "ReferencePMID":"18552688",
                "ReferenceType":"result",
                "ReferenceCitation":"Kinasewitz GT, Privalle CT, Imm A, Steingrub JS, Malcynski JT, Balk RA, DeAngelo J. Multicenter, randomized, placebo-controlled study of the nitric oxide scavenger pyridoxalated hemoglobin polyoxyethylene in distributive shock. Crit Care Med. 2008 Jul;36(7):1999-2007. doi: 10.1097/CCM.0b013e31817bfe84."
              }
            ]
          }
        }
      },
      "DerivedSection":{
        "MiscInfoModule":{
          "VersionHolder":"April 19, 2021"
        },
        "ConditionBrowseModule":{
          "ConditionMeshList":{
            "ConditionMesh":[
              {
                "ConditionMeshId":"D000013577",
                "ConditionMeshTerm":"Syndrome"
              },{
                "ConditionMeshId":"D000012769",
                "ConditionMeshTerm":"Shock"
              },{
                "ConditionMeshId":"D000018746",
                "ConditionMeshTerm":"Systemic Inflammatory Response Syndrome"
              }
            ]
          },
          "ConditionAncestorList":{
            "ConditionAncestor":[
              {
                "ConditionAncestorId":"D000004194",
                "ConditionAncestorTerm":"Disease"
              },{
                "ConditionAncestorId":"D000010335",
                "ConditionAncestorTerm":"Pathologic Processes"
              },{
                "ConditionAncestorId":"D000007249",
                "ConditionAncestorTerm":"Inflammation"
              }
            ]
          },
          "ConditionBrowseLeafList":{
            "ConditionBrowseLeaf":[
              {
                "ConditionBrowseLeafId":"M14938",
                "ConditionBrowseLeafName":"Syndrome",
                "ConditionBrowseLeafAsFound":"Syndrome",
                "ConditionBrowseLeafRelevance":"high"
              },{
                "ConditionBrowseLeafId":"M14160",
                "ConditionBrowseLeafName":"Shock",
                "ConditionBrowseLeafAsFound":"Shock",
                "ConditionBrowseLeafRelevance":"high"
              },{
                "ConditionBrowseLeafId":"M19402",
                "ConditionBrowseLeafName":"Systemic Inflammatory Response Syndrome",
                "ConditionBrowseLeafAsFound":"Systemic Inflammatory Response Syndrome",
                "ConditionBrowseLeafRelevance":"high"
              },{
                "ConditionBrowseLeafId":"M8876",
                "ConditionBrowseLeafName":"Inflammation",
                "ConditionBrowseLeafRelevance":"low"
              }
            ]
          },
          "ConditionBrowseBranchList":{
            "ConditionBrowseBranch":[
              {
                "ConditionBrowseBranchAbbrev":"BC23",
                "ConditionBrowseBranchName":"Symptoms and General Pathology"
              },{
                "ConditionBrowseBranchAbbrev":"All",
                "ConditionBrowseBranchName":"All Conditions"
              }
            ]
          }
        },
        "InterventionBrowseModule":{
          "InterventionBrowseLeafList":{
            "InterventionBrowseLeaf":[
              {
                "InterventionBrowseLeafId":"M11090",
                "InterventionBrowseLeafName":"Nitric Oxide",
                "InterventionBrowseLeafRelevance":"low"
              }
            ]
          },
          "InterventionBrowseBranchList":{
            "InterventionBrowseBranch":[
              {
                "InterventionBrowseBranchAbbrev":"VaDiAg",
                "InterventionBrowseBranchName":"Vasodilator Agents"
              },{
                "InterventionBrowseBranchAbbrev":"Resp",
                "InterventionBrowseBranchName":"Respiratory System Agents"
              },{
                "InterventionBrowseBranchAbbrev":"All",
                "InterventionBrowseBranchName":"All Drugs and Chemicals"
              }
            ]
          }
        }
      }
    }
  }
}

