{
  "FullStudy":{
    "Rank":368097,
    "Study":{
      "ProtocolSection":{
        "IdentificationModule":{
          "NCTId":"NCT00021775",
          "OrgStudyIdInfo":{
            "OrgStudyId":"HPTN 033"
          },
          "SecondaryIdInfoList":{
            "SecondaryIdInfo":[
              {
                "SecondaryId":"10611",
                "SecondaryIdType":"Registry Identifier",
                "SecondaryIdDomain":"DAIDS ES Registry Number"
              }
            ]
          },
          "Organization":{
            "OrgFullName":"National Institute of Allergy and Infectious Diseases (NIAID)",
            "OrgClass":"NIH"
          },
          "BriefTitle":"HIV Prevention Preparedness Study in Russia, China, and India",
          "OfficialTitle":"HIV Prevention Preparedness Study"
        },
        "StatusModule":{
          "StatusVerifiedDate":"December 2013",
          "OverallStatus":"Completed",
          "ExpandedAccessInfo":{
            "HasExpandedAccess":"No"
          },
          "StartDateStruct":{
            "StartDate":"April 2002"
          },
          "CompletionDateStruct":{
            "CompletionDate":"February 2004",
            "CompletionDateType":"Actual"
          },
          "StudyFirstSubmitDate":"August 4, 2001",
          "StudyFirstSubmitQCDate":"August 30, 2001",
          "StudyFirstPostDateStruct":{
            "StudyFirstPostDate":"August 31, 2001",
            "StudyFirstPostDateType":"Estimate"
          },
          "LastUpdateSubmitDate":"December 31, 2013",
          "LastUpdatePostDateStruct":{
            "LastUpdatePostDate":"January 3, 2014",
            "LastUpdatePostDateType":"Estimate"
          }
        },
        "SponsorCollaboratorsModule":{
          "ResponsibleParty":{
            "ResponsiblePartyType":"Sponsor"
          },
          "LeadSponsor":{
            "LeadSponsorName":"National Institute of Allergy and Infectious Diseases (NIAID)",
            "LeadSponsorClass":"NIH"
          },
          "CollaboratorList":{
            "Collaborator":[
              {
                "CollaboratorName":"Eunice Kennedy Shriver National Institute of Child Health and Human Development (NICHD)",
                "CollaboratorClass":"NIH"
              },{
                "CollaboratorName":"National Institute on Drug Abuse (NIDA)",
                "CollaboratorClass":"NIH"
              },{
                "CollaboratorName":"National Institute of Mental Health (NIMH)",
                "CollaboratorClass":"NIH"
              }
            ]
          }
        },
        "OversightModule":{},
        "DescriptionModule":{
          "BriefSummary":"The purpose of this study is to set up a system for doing research on HIV prevention in various parts of the world.\n\nIn order to plan large, long-term studies on the prevention of HIV in different areas of the world, it is necessary to get certain information first. It is important to know about the rate of HIV infection and how to get people to enroll for any future studies. This study will be done at 4 study locations.",
          "DetailedDescription":"In order to realistically plan for future Phase III studies on HIV prevention, information must be obtained to characterize study population parameters at HTPN sites. Very different study designs may be required depending on these parameters, such as the ability of HPTN research centers to recruit study participants and the rate of HIV incidence observed in study populations. This study will be conducted at 4 HPTN sites to establish the necessary research knowledge and infrastructure.\n\nThis study enrolls participants from St. Petersburg, Russia; Xinjiang and Guangxi, China; and Chennai, India who are at high risk for HIV infection due to sexual and/or drug use behaviors. Participants who meet the screening criteria then complete an HIV risk assessment interview, receive HIV pre-test and risk reduction counseling, and undergo phlebotomy for HIV antibody testing. Participants who test positive are referred to available services and studies. Those who test HIV-negative and meet eligibility criteria are enrolled and maintained in follow-up over the next 12 months. Participants complete \"locator contacts\" at Months 3 and 9 and have follow-up visits at Months 6 and 12 for similar tests as performed at entry. In a substudy of this trial in China, participants will be interviewed about their drug use, social networks, needs, and perceptions about HIV/AIDS. These results will be used by HPTN to design more culturally sensitive and appropriate trials in the future."
        },
        "ConditionsModule":{
          "ConditionList":{
            "Condition":[
              "HIV Infections"
            ]
          },
          "KeywordList":{
            "Keyword":[
              "Risk Factors",
              "Incidence",
              "Patient Selection",
              "HIV Seronegativity"
            ]
          }
        },
        "DesignModule":{
          "StudyType":"Observational",
          "EnrollmentInfo":{
            "EnrollmentCount":"2000"
          }
        },
        "EligibilityModule":{
          "EligibilityCriteria":"Inclusion Criteria\n\nParticipants may be eligible for this study if they:\n\nAre 16 (Saint Petersburg) or 18 (Xinjiang, Guangxi, and Chennai) years of age or older.\nAre HIV sero-negative.\nAre available for 12 months of study participation.\nHave written consent of parent or legal guardian if under age.\nAre able and willing to provide information on where they can be located or contacted.\nMeet specific risk-group requirements, for women at heterosexual risk, for men at heterosexual risk, and for injection drug users.\n\nExclusion Criteria\n\nParticipants will not be eligible for this study if they:\n\nHave any mental disorders that would cause a problem with the informed consent or study participation.\nHave any condition that, in the opinion of the doctor, would interfere with the study.",
          "HealthyVolunteers":"Accepts Healthy Volunteers",
          "Gender":"All",
          "MinimumAge":"14 Years",
          "StdAgeList":{
            "StdAge":[
              "Child",
              "Adult",
              "Older Adult"
            ]
          }
        },
        "ContactsLocationsModule":{
          "OverallOfficialList":{
            "OverallOfficial":[
              {
                "OverallOfficialName":"Robert Ryder",
                "OverallOfficialRole":"Study Chair"
              }
            ]
          },
          "LocationList":{
            "Location":[
              {
                "LocationFacility":"Guangxi Ctrs. for Disease Control & Prevention and for HIV/AIDS Prevention & Control CRS",
                "LocationCity":"Nanning",
                "LocationState":"Guangxi",
                "LocationZip":"530028",
                "LocationCountry":"China"
              },{
                "LocationFacility":"Xinjiang Uygar Autonomous Region Ctr. for Disease Control & Prevention, HPTN Project Office",
                "LocationCity":"Urumqi",
                "LocationState":"Xinjiang",
                "LocationZip":"830011",
                "LocationCountry":"China"
              },{
                "LocationFacility":"St. Petersburg Univ. Biomedical Ctr.",
                "LocationCity":"St. Petersburg",
                "LocationZip":"197110",
                "LocationCountry":"Russian Federation"
              }
            ]
          }
        },
        "ReferencesModule":{
          "SeeAlsoLinkList":{
            "SeeAlsoLink":[
              {
                "SeeAlsoLinkLabel":"Haga clic aquí para ver información sobre este ensayo clínico en español.",
                "SeeAlsoLinkURL":"http://aidsinfo.nih.gov/clinicaltrials/htmltrials_sp.asp?an=1408"
              }
            ]
          }
        }
      },
      "DerivedSection":{
        "MiscInfoModule":{
          "VersionHolder":"April 19, 2021",
          "RemovedCountryList":{
            "RemovedCountry":[
              "India",
              "United States"
            ]
          }
        },
        "ConditionBrowseModule":{
          "ConditionMeshList":{
            "ConditionMesh":[
              {
                "ConditionMeshId":"D000015658",
                "ConditionMeshTerm":"HIV Infections"
              }
            ]
          },
          "ConditionAncestorList":{
            "ConditionAncestor":[
              {
                "ConditionAncestorId":"D000016180",
                "ConditionAncestorTerm":"Lentivirus Infections"
              },{
                "ConditionAncestorId":"D000012192",
                "ConditionAncestorTerm":"Retroviridae Infections"
              },{
                "ConditionAncestorId":"D000012327",
                "ConditionAncestorTerm":"RNA Virus Infections"
              },{
                "ConditionAncestorId":"D000014777",
                "ConditionAncestorTerm":"Virus Diseases"
              },{
                "ConditionAncestorId":"D000015229",
                "ConditionAncestorTerm":"Sexually Transmitted Diseases, Viral"
              },{
                "ConditionAncestorId":"D000012749",
                "ConditionAncestorTerm":"Sexually Transmitted Diseases"
              },{
                "ConditionAncestorId":"D000007153",
                "ConditionAncestorTerm":"Immunologic Deficiency Syndromes"
              },{
                "ConditionAncestorId":"D000007154",
                "ConditionAncestorTerm":"Immune System Diseases"
              }
            ]
          },
          "ConditionBrowseLeafList":{
            "ConditionBrowseLeaf":[
              {
                "ConditionBrowseLeafId":"M8866",
                "ConditionBrowseLeafName":"Infection",
                "ConditionBrowseLeafRelevance":"low"
              },{
                "ConditionBrowseLeafId":"M4951",
                "ConditionBrowseLeafName":"Communicable Diseases",
                "ConditionBrowseLeafRelevance":"low"
              },{
                "ConditionBrowseLeafId":"M16833",
                "ConditionBrowseLeafName":"HIV Infections",
                "ConditionBrowseLeafAsFound":"HIV Infections",
                "ConditionBrowseLeafRelevance":"high"
              },{
                "ConditionBrowseLeafId":"M2103",
                "ConditionBrowseLeafName":"Acquired Immunodeficiency Syndrome",
                "ConditionBrowseLeafRelevance":"low"
              },{
                "ConditionBrowseLeafId":"M17223",
                "ConditionBrowseLeafName":"Lentivirus Infections",
                "ConditionBrowseLeafRelevance":"low"
              },{
                "ConditionBrowseLeafId":"M13609",
                "ConditionBrowseLeafName":"Retroviridae Infections",
                "ConditionBrowseLeafRelevance":"low"
              },{
                "ConditionBrowseLeafId":"M16105",
                "ConditionBrowseLeafName":"Virus Diseases",
                "ConditionBrowseLeafRelevance":"low"
              },{
                "ConditionBrowseLeafId":"M13732",
                "ConditionBrowseLeafName":"RNA Virus Infections",
                "ConditionBrowseLeafRelevance":"low"
              },{
                "ConditionBrowseLeafId":"M14141",
                "ConditionBrowseLeafName":"Sexually Transmitted Diseases",
                "ConditionBrowseLeafRelevance":"low"
              },{
                "ConditionBrowseLeafId":"M16516",
                "ConditionBrowseLeafName":"Sexually Transmitted Diseases, Viral",
                "ConditionBrowseLeafRelevance":"low"
              },{
                "ConditionBrowseLeafId":"M14938",
                "ConditionBrowseLeafName":"Syndrome",
                "ConditionBrowseLeafRelevance":"low"
              },{
                "ConditionBrowseLeafId":"M8782",
                "ConditionBrowseLeafName":"Immunologic Deficiency Syndromes",
                "ConditionBrowseLeafRelevance":"low"
              },{
                "ConditionBrowseLeafId":"M8783",
                "ConditionBrowseLeafName":"Immune System Diseases",
                "ConditionBrowseLeafRelevance":"low"
              }
            ]
          },
          "ConditionBrowseBranchList":{
            "ConditionBrowseBranch":[
              {
                "ConditionBrowseBranchAbbrev":"BC01",
                "ConditionBrowseBranchName":"Bacterial and Fungal Diseases"
              },{
                "ConditionBrowseBranchAbbrev":"All",
                "ConditionBrowseBranchName":"All Conditions"
              },{
                "ConditionBrowseBranchAbbrev":"BC02",
                "ConditionBrowseBranchName":"Viral Diseases"
              },{
                "ConditionBrowseBranchAbbrev":"BC20",
                "ConditionBrowseBranchName":"Immune System Diseases"
              },{
                "ConditionBrowseBranchAbbrev":"BXS",
                "ConditionBrowseBranchName":"Urinary Tract, Sexual Organs, and Pregnancy Conditions"
              },{
                "ConditionBrowseBranchAbbrev":"BC23",
                "ConditionBrowseBranchName":"Symptoms and General Pathology"
              }
            ]
          }
        }
      }
    }
  }
}

