{
  "FullStudy":{
    "Rank":368000,
    "Study":{
      "ProtocolSection":{
        "IdentificationModule":{
          "NCTId":"NCT00023088",
          "OrgStudyIdInfo":{
            "OrgStudyId":"940130"
          },
          "SecondaryIdInfoList":{
            "SecondaryIdInfo":[
              {
                "SecondaryId":"94-CC-0130"
              }
            ]
          },
          "Organization":{
            "OrgFullName":"National Institutes of Health Clinical Center (CC)",
            "OrgClass":"NIH"
          },
          "BriefTitle":"Screening Study for the Department of Rehabilitation Medicine",
          "OfficialTitle":"Rehabilitation Medicine Screening Protocol"
        },
        "StatusModule":{
          "StatusVerifiedDate":"July 9, 2008",
          "OverallStatus":"Completed",
          "ExpandedAccessInfo":{
            "HasExpandedAccess":"No"
          },
          "StartDateStruct":{
            "StartDate":"April 13, 1994"
          },
          "CompletionDateStruct":{
            "CompletionDate":"July 9, 2008"
          },
          "StudyFirstSubmitDate":"August 22, 2001",
          "StudyFirstSubmitQCDate":"August 22, 2001",
          "StudyFirstPostDateStruct":{
            "StudyFirstPostDate":"August 23, 2001",
            "StudyFirstPostDateType":"Estimate"
          },
          "LastUpdateSubmitDate":"June 30, 2017",
          "LastUpdatePostDateStruct":{
            "LastUpdatePostDate":"July 2, 2017",
            "LastUpdatePostDateType":"Actual"
          }
        },
        "SponsorCollaboratorsModule":{
          "LeadSponsor":{
            "LeadSponsorName":"National Institutes of Health Clinical Center (CC)",
            "LeadSponsorClass":"NIH"
          }
        },
        "OversightModule":{},
        "DescriptionModule":{
          "BriefSummary":"The primary function of the Department of Rehabilitation Medicine (RMD) is to diagnose and treat patients at the NIH who have problems in locomotion, activities of daily living, occupational roles, communication, swallowing, or problems with chronic pain. The major goal of this department s to help patients achieve maximal function so that they can resume their daily living activities as normal as possible.\n\nIn order for the department to accomplish it's goal it requires the involvement of medical staff and the use of a variety of tests and instruments. Before a new test, evaluation technique, or piece of physical equipment can be considered for use in the treatment of patients it must be carefully studied.\n\nResearchers must make sure the test, technique, or instrument is safe, sensitive, accurate, specific, and reproducible. Therefore all of these tests, techniques, and instruments must first undergo a trial period. Normal volunteers and patients from the RMD and outside of the RMD may be selected to participate in the trial period.\n\nThis study provides a framework for researchers in the Department of Rehabilitation Medicine (RMD) to develop new tests, techniques, technology, and equipment.",
          "DetailedDescription":"This protocol provides a framework for clinicians in the Department of Rehabilitation Medicine (RMD) to develop and pilot new tests, techniques, technology, or equipment to remain state-of-the-art."
        },
        "ConditionsModule":{
          "ConditionList":{
            "Condition":[
              "Convalescence",
              "Healthy"
            ]
          },
          "KeywordList":{
            "Keyword":[
              "Rehabilitation",
              "Functional Level",
              "Activity of Daily Living",
              "Mobility",
              "Normal Volunteer"
            ]
          }
        },
        "DesignModule":{
          "StudyType":"Observational",
          "EnrollmentInfo":{
            "EnrollmentCount":"600"
          }
        },
        "EligibilityModule":{
          "EligibilityCriteria":"INCLUSION CRITERIA:\n\nIn- and outpatients referred to the Rehabilitation Medicine Department.\n\nNormal volunteers of either sex.",
          "HealthyVolunteers":"Accepts Healthy Volunteers",
          "Gender":"All",
          "StdAgeList":{
            "StdAge":[
              "Child",
              "Adult",
              "Older Adult"
            ]
          }
        },
        "ContactsLocationsModule":{
          "LocationList":{
            "Location":[
              {
                "LocationFacility":"National Institutes of Health Clinical Center, 9000 Rockville Pike",
                "LocationCity":"Bethesda",
                "LocationState":"Maryland",
                "LocationZip":"20892",
                "LocationCountry":"United States"
              }
            ]
          }
        }
      },
      "DerivedSection":{
        "MiscInfoModule":{
          "VersionHolder":"April 19, 2021"
        },
        "ConditionBrowseModule":{
          "ConditionMeshList":{
            "ConditionMesh":[
              {
                "ConditionMeshId":"D000003289",
                "ConditionMeshTerm":"Convalescence"
              }
            ]
          },
          "ConditionAncestorList":{
            "ConditionAncestor":[
              {
                "ConditionAncestorId":"D000020969",
                "ConditionAncestorTerm":"Disease Attributes"
              },{
                "ConditionAncestorId":"D000010335",
                "ConditionAncestorTerm":"Pathologic Processes"
              }
            ]
          },
          "ConditionBrowseLeafList":{
            "ConditionBrowseLeaf":[
              {
                "ConditionBrowseLeafId":"M5096",
                "ConditionBrowseLeafName":"Convalescence",
                "ConditionBrowseLeafAsFound":"Convalescence",
                "ConditionBrowseLeafRelevance":"high"
              },{
                "ConditionBrowseLeafId":"M21284",
                "ConditionBrowseLeafName":"Disease Attributes",
                "ConditionBrowseLeafRelevance":"low"
              }
            ]
          },
          "ConditionBrowseBranchList":{
            "ConditionBrowseBranch":[
              {
                "ConditionBrowseBranchAbbrev":"BC23",
                "ConditionBrowseBranchName":"Symptoms and General Pathology"
              },{
                "ConditionBrowseBranchAbbrev":"All",
                "ConditionBrowseBranchName":"All Conditions"
              }
            ]
          }
        }
      }
    }
  }
}

