{
  "FullStudy":{
    "Rank":367764,
    "Study":{
      "ProtocolSection":{
        "IdentificationModule":{
          "NCTId":"NCT00026533",
          "OrgStudyIdInfo":{
            "OrgStudyId":"CDR0000069053"
          },
          "SecondaryIdInfoList":{
            "SecondaryIdInfo":[
              {
                "SecondaryId":"UKMC-IRB-010069"
              }
            ]
          },
          "Organization":{
            "OrgFullName":"University of Kentucky",
            "OrgClass":"OTHER"
          },
          "BriefTitle":"Thalidomide in Treating Patients With Thyroid Cancer",
          "OfficialTitle":"Phase II Trial of Thalidomide for Therapy of Radioiodine-Unresponsive Papillary and Follicular Thyroid Carcinomas and Medullary Thyroid Carcinomas"
        },
        "StatusModule":{
          "StatusVerifiedDate":"June 2017",
          "OverallStatus":"Completed",
          "ExpandedAccessInfo":{
            "HasExpandedAccess":"No"
          },
          "StartDateStruct":{
            "StartDate":"June 2001"
          },
          "PrimaryCompletionDateStruct":{
            "PrimaryCompletionDate":"November 2003",
            "PrimaryCompletionDateType":"Actual"
          },
          "CompletionDateStruct":{
            "CompletionDate":"December 2005",
            "CompletionDateType":"Actual"
          },
          "StudyFirstSubmitDate":"November 9, 2001",
          "StudyFirstSubmitQCDate":"January 26, 2003",
          "StudyFirstPostDateStruct":{
            "StudyFirstPostDate":"January 27, 2003",
            "StudyFirstPostDateType":"Estimate"
          },
          "LastUpdateSubmitDate":"June 4, 2017",
          "LastUpdatePostDateStruct":{
            "LastUpdatePostDate":"June 6, 2017",
            "LastUpdatePostDateType":"Actual"
          }
        },
        "SponsorCollaboratorsModule":{
          "ResponsibleParty":{
            "ResponsiblePartyType":"Sponsor-Investigator",
            "ResponsiblePartyInvestigatorFullName":"Kenneth Ain",
            "ResponsiblePartyInvestigatorTitle":"Sponsor/PI",
            "ResponsiblePartyInvestigatorAffiliation":"University of Kentucky"
          },
          "LeadSponsor":{
            "LeadSponsorName":"Kenneth Ain",
            "LeadSponsorClass":"OTHER"
          },
          "CollaboratorList":{
            "Collaborator":[
              {
                "CollaboratorName":"National Cancer Institute (NCI)",
                "CollaboratorClass":"NIH"
              }
            ]
          }
        },
        "OversightModule":{
          "OversightHasDMC":"No"
        },
        "DescriptionModule":{
          "BriefSummary":"RATIONALE: Thalidomide may stop the growth of thyroid cancer by stopping blood flow to the tumor.\n\nPURPOSE: Phase II trial to study the effectiveness thalidomide in treating patients who have thyroid cancer.",
          "DetailedDescription":"OBJECTIVES:\n\nDetermine the antitumor activity of thalidomide, in terms of tumor response and duration of response, in patients with metastatic follicular, papillary, or medullary thyroid carcinoma that is unresponsive to systemic radioiodine.\nCompare the differences in antitumor activity of this drug in patients with medullary carcinomas vs those with papillary or follicular carcinomas.\nDetermine the toxic effects and duration of toxic effects of this drug in these patients.\n\nOUTLINE: Patients receive oral thalidomide once daily for 2 weeks and then twice daily. Treatment continues for 1 year in the absence of disease progression or unacceptable toxicity.\n\nPROJECTED ACCRUAL: A maximum of 50 patients will be accrued for this study."
        },
        "ConditionsModule":{
          "ConditionList":{
            "Condition":[
              "Head and Neck Cancer"
            ]
          },
          "KeywordList":{
            "Keyword":[
              "stage IV papillary thyroid cancer",
              "stage IV follicular thyroid cancer",
              "thyroid gland medullary carcinoma",
              "recurrent thyroid cancer",
              "insular thyroid cancer"
            ]
          }
        },
        "DesignModule":{
          "StudyType":"Interventional",
          "PhaseList":{
            "Phase":[
              "Phase 2"
            ]
          },
          "DesignInfo":{
            "DesignPrimaryPurpose":"Treatment"
          }
        },
        "ArmsInterventionsModule":{
          "InterventionList":{
            "Intervention":[
              {
                "InterventionType":"Drug",
                "InterventionName":"thalidomide"
              }
            ]
          }
        },
        "EligibilityModule":{
          "EligibilityCriteria":"DISEASE CHARACTERISTICS:\n\nHistologically confirmed follicular, papillary, insular, or medullary thyroid carcinoma\n\nMust meet criteria for 1 of the following:\n\nUnresectable, distantly metastatic tumor that does not concentrate radioactive iodine\nFollicular or papillary thyroid carcinoma with a large distant tumor burden that has not sufficiently responded to cumulative iodine I 131 doses exceeding 800 mCi\n\nRadiographic evidence of tumor progression, meeting 1 of the following criteria:\n\nEvidence gathered over a period of at least 1 year with at least 3 separate x-ray studies, defining tumor volume\nSimilar radiographic evidence over a shorter period of time, delineating more than 30% increase in tumor volume\n\nPATIENT CHARACTERISTICS:\n\nAge:\n\n18 and over\n\nPerformance status:\n\nKarnofsky 70-100%\n\nLife expectancy:\n\nNot specified\n\nHematopoietic:\n\nAbsolute neutrophil count at least 750/mm^3\nHemoglobin at least 10.5 g/dL\n\nHepatic:\n\nBilirubin no greater than 1.5 times upper limit of normal (ULN)\n\nRenal:\n\nCreatinine no greater than 1.5 times ULN\nBUN no greater than 1.5 times ULN\n\nOther:\n\nNo active infection not controlled with medications\nNot pregnant or nursing\nNegative pregnancy test\nFertile patients must use effective double contraception (1 hormonal method plus 1 barrier method OR 2 simultaneous barrier methods) for female patients or barrier contraception for male patients for more than 4 weeks prior to, during, and for at least 4 weeks after study participation\n\nPRIOR CONCURRENT THERAPY:\n\nBiologic therapy:\n\nNo prior thalidomide\nNo other concurrent biologic therapy\n\nChemotherapy:\n\nAt least 4 weeks since prior systemic chemotherapy\nNo concurrent systemic chemotherapy\n\nEndocrine therapy:\n\nNot specified\n\nRadiotherapy:\n\nSee Disease Characteristics\nPrior radiotherapy allowed\nConcurrent limited external-beam radiotherapy to isolated sites of bony metastases allowed, provided that these sites are not the sole sites of metastatic disease and do not constitute the sites of evaluable disease for this study\nNo concurrent radioiodine therapy\n\nSurgery:\n\nSee Disease Characteristics\nPrior surgery allowed\nConcurrent surgery allowed to sites that do not constitute evaluable disease for this study\n\nOther:\n\nNo concurrent medications that are known to increase the risk of peripheral neuropathy",
          "HealthyVolunteers":"No",
          "Gender":"All",
          "MinimumAge":"18 Years",
          "MaximumAge":"120 Years",
          "StdAgeList":{
            "StdAge":[
              "Adult",
              "Older Adult"
            ]
          }
        },
        "ContactsLocationsModule":{
          "OverallOfficialList":{
            "OverallOfficial":[
              {
                "OverallOfficialName":"Kenneth Ain, MD",
                "OverallOfficialAffiliation":"Lucille P. Markey Cancer Center at University of Kentucky",
                "OverallOfficialRole":"Study Chair"
              }
            ]
          },
          "LocationList":{
            "Location":[
              {
                "LocationFacility":"Albert B. Chandler Medical Center, University of Kentucky",
                "LocationCity":"Lexington",
                "LocationState":"Kentucky",
                "LocationZip":"40536-0298",
                "LocationCountry":"United States"
              }
            ]
          }
        }
      },
      "DerivedSection":{
        "MiscInfoModule":{
          "VersionHolder":"April 19, 2021"
        },
        "ConditionBrowseModule":{
          "ConditionMeshList":{
            "ConditionMesh":[
              {
                "ConditionMeshId":"D000013959",
                "ConditionMeshTerm":"Thyroid Diseases"
              }
            ]
          },
          "ConditionAncestorList":{
            "ConditionAncestor":[
              {
                "ConditionAncestorId":"D000004700",
                "ConditionAncestorTerm":"Endocrine System Diseases"
              }
            ]
          },
          "ConditionBrowseLeafList":{
            "ConditionBrowseLeaf":[
              {
                "ConditionBrowseLeafId":"M4116",
                "ConditionBrowseLeafName":"Carcinoma",
                "ConditionBrowseLeafRelevance":"low"
              },{
                "ConditionBrowseLeafId":"M7931",
                "ConditionBrowseLeafName":"Head and Neck Neoplasms",
                "ConditionBrowseLeafRelevance":"low"
              },{
                "ConditionBrowseLeafId":"M15301",
                "ConditionBrowseLeafName":"Thyroid Diseases",
                "ConditionBrowseLeafAsFound":"Thyroid",
                "ConditionBrowseLeafRelevance":"high"
              },{
                "ConditionBrowseLeafId":"M15306",
                "ConditionBrowseLeafName":"Thyroid Neoplasms",
                "ConditionBrowseLeafRelevance":"low"
              },{
                "ConditionBrowseLeafId":"M19004",
                "ConditionBrowseLeafName":"Carcinoma, Medullary",
                "ConditionBrowseLeafRelevance":"low"
              },{
                "ConditionBrowseLeafId":"M1729",
                "ConditionBrowseLeafName":"Thyroid Cancer, Papillary",
                "ConditionBrowseLeafRelevance":"low"
              },{
                "ConditionBrowseLeafId":"M18992",
                "ConditionBrowseLeafName":"Adenocarcinoma, Follicular",
                "ConditionBrowseLeafRelevance":"low"
              },{
                "ConditionBrowseLeafId":"M6445",
                "ConditionBrowseLeafName":"Endocrine System Diseases",
                "ConditionBrowseLeafRelevance":"low"
              },{
                "ConditionBrowseLeafId":"T5651",
                "ConditionBrowseLeafName":"Thyroid Cancer, Medullary",
                "ConditionBrowseLeafRelevance":"low"
              },{
                "ConditionBrowseLeafId":"T4401",
                "ConditionBrowseLeafName":"Papillary Thyroid Carcinoma",
                "ConditionBrowseLeafRelevance":"low"
              },{
                "ConditionBrowseLeafId":"T5650",
                "ConditionBrowseLeafName":"Thyroid Cancer, Follicular",
                "ConditionBrowseLeafRelevance":"low"
              }
            ]
          },
          "ConditionBrowseBranchList":{
            "ConditionBrowseBranch":[
              {
                "ConditionBrowseBranchAbbrev":"BC04",
                "ConditionBrowseBranchName":"Cancers and Other Neoplasms"
              },{
                "ConditionBrowseBranchAbbrev":"All",
                "ConditionBrowseBranchName":"All Conditions"
              },{
                "ConditionBrowseBranchAbbrev":"BC19",
                "ConditionBrowseBranchName":"Gland and Hormone Related Diseases"
              },{
                "ConditionBrowseBranchAbbrev":"Rare",
                "ConditionBrowseBranchName":"Rare Diseases"
              }
            ]
          }
        },
        "InterventionBrowseModule":{
          "InterventionMeshList":{
            "InterventionMesh":[
              {
                "InterventionMeshId":"D000013792",
                "InterventionMeshTerm":"Thalidomide"
              }
            ]
          },
          "InterventionAncestorList":{
            "InterventionAncestor":[
              {
                "InterventionAncestorId":"D000007166",
                "InterventionAncestorTerm":"Immunosuppressive Agents"
              },{
                "InterventionAncestorId":"D000007155",
                "InterventionAncestorTerm":"Immunologic Factors"
              },{
                "InterventionAncestorId":"D000045505",
                "InterventionAncestorTerm":"Physiological Effects of Drugs"
              },{
                "InterventionAncestorId":"D000007917",
                "InterventionAncestorTerm":"Leprostatic Agents"
              },{
                "InterventionAncestorId":"D000000900",
                "InterventionAncestorTerm":"Anti-Bacterial Agents"
              },{
                "InterventionAncestorId":"D000000890",
                "InterventionAncestorTerm":"Anti-Infective Agents"
              },{
                "InterventionAncestorId":"D000020533",
                "InterventionAncestorTerm":"Angiogenesis Inhibitors"
              },{
                "InterventionAncestorId":"D000043924",
                "InterventionAncestorTerm":"Angiogenesis Modulating Agents"
              },{
                "InterventionAncestorId":"D000006133",
                "InterventionAncestorTerm":"Growth Substances"
              },{
                "InterventionAncestorId":"D000006131",
                "InterventionAncestorTerm":"Growth Inhibitors"
              },{
                "InterventionAncestorId":"D000000970",
                "InterventionAncestorTerm":"Antineoplastic Agents"
              }
            ]
          },
          "InterventionBrowseLeafList":{
            "InterventionBrowseLeaf":[
              {
                "InterventionBrowseLeafId":"M15142",
                "InterventionBrowseLeafName":"Thalidomide",
                "InterventionBrowseLeafAsFound":"Kg/day",
                "InterventionBrowseLeafRelevance":"high"
              },{
                "InterventionBrowseLeafId":"M8795",
                "InterventionBrowseLeafName":"Immunosuppressive Agents",
                "InterventionBrowseLeafRelevance":"low"
              },{
                "InterventionBrowseLeafId":"M8784",
                "InterventionBrowseLeafName":"Immunologic Factors",
                "InterventionBrowseLeafRelevance":"low"
              },{
                "InterventionBrowseLeafId":"M2803",
                "InterventionBrowseLeafName":"Anti-Bacterial Agents",
                "InterventionBrowseLeafRelevance":"low"
              },{
                "InterventionBrowseLeafId":"M2795",
                "InterventionBrowseLeafName":"Anti-Infective Agents",
                "InterventionBrowseLeafRelevance":"low"
              },{
                "InterventionBrowseLeafId":"M20902",
                "InterventionBrowseLeafName":"Angiogenesis Inhibitors",
                "InterventionBrowseLeafRelevance":"low"
              }
            ]
          },
          "InterventionBrowseBranchList":{
            "InterventionBrowseBranch":[
              {
                "InterventionBrowseBranchAbbrev":"Infe",
                "InterventionBrowseBranchName":"Anti-Infective Agents"
              },{
                "InterventionBrowseBranchAbbrev":"ANeo",
                "InterventionBrowseBranchName":"Antineoplastic Agents"
              },{
                "InterventionBrowseBranchAbbrev":"All",
                "InterventionBrowseBranchName":"All Drugs and Chemicals"
              }
            ]
          }
        }
      }
    }
  }
}

