{
  "FullStudy":{
    "Rank":368027,
    "Study":{
      "ProtocolSection":{
        "IdentificationModule":{
          "NCTId":"NCT00022737",
          "OrgStudyIdInfo":{
            "OrgStudyId":"NCI-2012-01862"
          },
          "SecondaryIdInfoList":{
            "SecondaryIdInfo":[
              {
                "SecondaryId":"NCI-2012-01862",
                "SecondaryIdType":"Registry Identifier",
                "SecondaryIdDomain":"CTRP (Clinical Trial Reporting Program)"
              },{
                "SecondaryId":"CDR0000068859"
              },{
                "SecondaryId":"COG-AALL0031"
              },{
                "SecondaryId":"AALL0031",
                "SecondaryIdType":"Other Identifier",
                "SecondaryIdDomain":"Children's Oncology Group"
              },{
                "SecondaryId":"AALL0031",
                "SecondaryIdType":"Other Identifier",
                "SecondaryIdDomain":"CTEP"
              },{
                "SecondaryId":"U10CA098543",
                "SecondaryIdType":"U.S. NIH Grant/Contract",
                "SecondaryIdLink":"https://projectreporter.nih.gov/reporterapi.cfm?PROJECTNUM=U10CA098543&Fy=all"
              }
            ]
          },
          "Organization":{
            "OrgFullName":"National Cancer Institute (NCI)",
            "OrgClass":"NIH"
          },
          "BriefTitle":"Combination Chemotherapy With or Without Peripheral Stem Cell Transplant in Treating Children With Acute Lymphoblastic Leukemia",
          "OfficialTitle":"A Children's Oncology Group Pilot Study for the Treatment of Very High Risk Acute Lymphoblastic Leukemia in Children and Adolescents (Imatinib (STI571, GLEEVEC) NSC#716051)"
        },
        "StatusModule":{
          "StatusVerifiedDate":"November 2012",
          "OverallStatus":"Completed",
          "ExpandedAccessInfo":{
            "HasExpandedAccess":"No"
          },
          "StartDateStruct":{
            "StartDate":"October 2002"
          },
          "PrimaryCompletionDateStruct":{
            "PrimaryCompletionDate":"October 2006",
            "PrimaryCompletionDateType":"Actual"
          },
          "StudyFirstSubmitDate":"August 10, 2001",
          "StudyFirstSubmitQCDate":"January 26, 2003",
          "StudyFirstPostDateStruct":{
            "StudyFirstPostDate":"January 27, 2003",
            "StudyFirstPostDateType":"Estimate"
          },
          "LastUpdateSubmitDate":"February 26, 2014",
          "LastUpdatePostDateStruct":{
            "LastUpdatePostDate":"February 27, 2014",
            "LastUpdatePostDateType":"Estimate"
          }
        },
        "SponsorCollaboratorsModule":{
          "ResponsibleParty":{
            "ResponsiblePartyType":"Sponsor"
          },
          "LeadSponsor":{
            "LeadSponsorName":"National Cancer Institute (NCI)",
            "LeadSponsorClass":"NIH"
          }
        },
        "OversightModule":{},
        "DescriptionModule":{
          "BriefSummary":"This phase II trial is studying how well combination chemotherapy with or without donor peripheral stem cell transplant works in treating children with acute lymphoblastic leukemia. Giving combination chemotherapy before a donor peripheral stem cell transplant helps stop the growth of cancer cells. It also helps stop the patient's immune system from rejecting the donor's stem cells. When the healthy stem cells from a donor are infused into the patient they may help the patient's bone marrow make stem cells, red blood cells, white blood cells, and platelets.",
          "DetailedDescription":"PRIMARY OBJECTIVES:\n\nI. Determine the feasibility of treatment with intensified chemotherapy, in terms of toxicity and patient accrual, in children with very high-risk acute lymphoblastic leukemia.\n\nII. Determine the feasibility and efficacy of following intensified chemotherapy with allogeneic hematopoietic stem cell transplantation in patients with HLA-matched related donors.\n\nIII. Determine the toxicity of imatinib mesylate in combination with intensified chemotherapy in Philadelphia chromosome-positive patients.\n\nIV. Determine the event-free survival of patients treated with this regimen. V. Determine whether minimal residual disease (MDR) after induction therapy and prior to intensification therapy can predict relapse in these patients.\n\nVI. Determine whether MDR after intensification is prognostically significant. VII. Determine whether gene expression patterns predict disease recurrence or response to imatinib mesylate.\n\nOUTLINE: This is a multicenter study. This is also a dose-escalation study of imatinib mesylate in Philadelphia chromosome-positive (Ph+) patients. Patients are stratified according to Philadelphia chromosome (Ph) status (Ph-positive vs Ph-negative or indeterminate), hypodiploidy (yes vs no), MLL translocation (11q23) AND slow early response to prior induction therapy (yes vs no), and failed prior induction therapy (yes vs no).\n\nCohorts of 8-12 Ph+ patients receive escalating doses of imatinib mesylate, according to the guidelines for each treatment block of this study, until the maximum tolerated dose (MTD) for each treatment combination is determined. The MTD is defined as the dose preceding that at which 2 of 6 patients experience dose-limiting toxicity. An additional 35 patients are treated at the MTD.\n\nCONSOLIDATION BLOCK 1: Patients receive etoposide IV over 1 hour followed by ifosfamide IV over 1.5 hours on days 1-5. Patients also receive methotrexate intrathecally on day 1 and filgrastim (G-CSF) subcutaneously (SC) on days 6-15 or until blood counts recover. Patients with CNS 2/3 at diagnosis also receive intrathecal triple therapy comprising methotrexate, hydrocortisone, and cytarabine (ITT) on days 8 and 15. Ph+ patients in cohorts 3, 4, and 5 receive oral imatinib mesylate on days 1-21. Within 4 days of starting consolidation therapy, patients with biopsy-proven testicular leukemia undergo radiotherapy daily for 12 days.\n\nCONSOLIDATION BLOCK 2: Patients receive high-dose methotrexate IV over 24 hours and ITT on day 1 followed by high-dose cytarabine IV over 3 hours, every 12 hours on days 2 and 3. Patients also receive leucovorin calcium IV or orally every 6 hours for 3 doses beginning on day 2, and G-CSF SC on days 4-13 or until blood counts recover. Ph+ patients in cohorts 2, 3, 4, and 5 receive oral imatinib mesylate as in consolidation block 1. Patients undergoing allogeneic hematopoietic stem cell transplantation (HSCT) proceed to preparative chemotherapy. All other patients proceed to reinduction block 1.\n\nREINDUCTION BLOCK 1: Patients receive vincristine IV on days 1, 8, and 15; daunorubicin IV on days 1 and 2; cyclophosphamide IV over 30 minutes, every 12 hours on days 3 and 4; pegaspargase intramuscularly (IM) on day 4; and ITT on days 1 and 15. Patients also receive oral dexamethasone twice daily on days 1-7 and 15-21 and G-CSF SC on days 5-14 or until blood counts recover. Ph+ patients in cohorts 2, 4, and 5 receive imatinib mesylate as in consolidation block 1.\n\nINTENSIFICATION BLOCK 1: Patients receive high-dose methotrexate IV over 24 hours on days 1 and 15 and ITT on days 1 and 22. Patients also receive leucovorin calcium IV or orally every 6 hours for 3 doses beginning on days 2 and 16. Patients receive etoposide IV over 2 hours followed by cyclophosphamide IV over 30 minutes on days 22-24; G-CSF SC on days 27-36 or until blood counts recover; high-dose cytarabine IV over 3 hours, every 12 hours on days 43 and 44; and asparaginase IM on day 44. Ph+ patients in cohorts 1 and 4 receive oral imatinib mesylate on days 43-63, and patients in cohort 5 receive oral imatinib mesylate on days 1-56.\n\nREINDUCTION BLOCK 2: Patients receive vincristine, daunorubicin, cyclophosphamide, pegaspargase, dexamethasone, and G-CSF as in reinduction block 1. Patients also receive ITT on days 1 and 15. Ph+ patients receive imatinib mesylate as in reinduction block 1.\n\nINTENSIFICATION BLOCK 2: Patients receive methotrexate, leucovorin calcium, etoposide, cyclophosphamide, filgrastim, cytarabine, and asparaginase as in intensification block 1. Ph+ patients receive imatinib mesylate as in intensification block 1.\n\nMAINTENANCE 1: Patients receive high-dose methotrexate IV and leucovorin calcium as in consolidation block 2. Patients also receive ITT and vincristine IV on days 1 and 29; oral dexamethasone twice daily on days 1-5 and 29-33; oral methotrexate on days 8, 15, and 22; oral mercaptopurine on days 8-28; etoposide IV over 2 hours followed by cyclophosphamide IV over 30 minutes on days 29-33; and G-CSF SC on days 34-43. Ph+ patients in cohorts 1-4 receive oral imatinib mesylate on days 29-49 and patients in cohort 5 receive oral imatinib mesylate on days 1-56. Treatment repeats every 8 weeks for 4 courses in the absence of disease progression or unacceptable toxicity.\n\nMAINTENANCE 2: Patients receive vincristine and dexamethasone as in maintenance 1. Beginning on day 1, patients undergo cranial radiotherapy once daily, 5 days a week, for approximately 2 weeks. Patients also receive oral methotrexate on days 8, 15, 22, 29, 36, 43, and 50 and oral mercaptopurine on days 11-56. Ph+ patients in cohorts 1-4 receive oral imatinib mesylate on days 1-21 and 29-49, and patients in cohort 5 receive oral imatinib mesylate on days 1-56.\n\nMAINTENANCE 3: Patients receive vincristine and dexamethasone as in maintenance 2. Patients also receive oral methotrexate on days 1, 8, 15, 22, 29, 36, 43, and 50; and oral mercaptopurine on days 1-56. Ph+ patients receive imatinib mesylate as in maintenance 2. Treatment repeats every 8 weeks for 7 courses (12 courses total in maintenance 1, 2, and 3) in the absence of disease progression or unacceptable toxicity.\n\nPatients may undergo allogeneic HSCT after consolidation block 2 if there is an available HLA-DR matched or HLA-A or -B matched or 1 antigen mismatched relative donor.\n\nPatients with CNS leukemia undergo cranial radiotherapy 3 times daily on days -10 to -8. All patients undergo radiotherapy twice daily on days -7 to -5 and receive etoposide IV on day -4 and cyclophosphamide IV on days -3 and -2. Patients undergo allogeneic bone marrow, peripheral blood stem cell, or umbilical cord blood transplantation on day 0. Patients receive cyclosporine IV beginning on day -1 and continuing every 12 hours, switching to oral administration when possible, until day 60 and tapering thereafter. Patients also receive methotrexate on days 1, 3, and 6. Beginning 16-24 weeks after transplantation, Ph+ patients receive oral imatinib mesylate once daily for 24 weeks.\n\nPatients are followed every 4-8 weeks for 1 year, every 3 months for 1 year, every 6 months for 1 year, and then annually thereafter. Patients undergoing HSCT are followed weekly for the first year."
        },
        "ConditionsModule":{
          "ConditionList":{
            "Condition":[
              "Childhood Acute Lymphoblastic Leukemia in Remission",
              "Recurrent Childhood Acute Lymphoblastic Leukemia"
            ]
          }
        },
        "DesignModule":{
          "StudyType":"Interventional",
          "PhaseList":{
            "Phase":[
              "Phase 3"
            ]
          },
          "DesignInfo":{
            "DesignAllocation":"N/A",
            "DesignInterventionModel":"Single Group Assignment",
            "DesignPrimaryPurpose":"Treatment",
            "DesignMaskingInfo":{
              "DesignMasking":"None (Open Label)"
            }
          },
          "EnrollmentInfo":{
            "EnrollmentCount":"220",
            "EnrollmentType":"Actual"
          }
        },
        "ArmsInterventionsModule":{
          "ArmGroupList":{
            "ArmGroup":[
              {
                "ArmGroupLabel":"Arm I",
                "ArmGroupType":"Experimental",
                "ArmGroupDescription":"See Design Details.",
                "ArmGroupInterventionList":{
                  "ArmGroupInterventionName":[
                    "Biological: filgrastim",
                    "Drug: asparaginase",
                    "Drug: cyclophosphamide",
                    "Drug: cyclosporine",
                    "Drug: cytarabine",
                    "Drug: daunorubicin hydrochloride",
                    "Drug: dexamethasone",
                    "Drug: etoposide",
                    "Drug: ifosfamide",
                    "Drug: imatinib mesylate",
                    "Drug: leucovorin calcium",
                    "Drug: mercaptopurine tablet",
                    "Drug: methotrexate",
                    "Drug: pegaspargase",
                    "Drug: vincristine sulfate",
                    "Procedure: allogeneic bone marrow transplantation",
                    "Procedure: peripheral blood stem cell transplantation",
                    "Procedure: umbilical cord blood transplantation",
                    "Radiation: radiation therapy"
                  ]
                }
              }
            ]
          },
          "InterventionList":{
            "Intervention":[
              {
                "InterventionType":"Biological",
                "InterventionName":"filgrastim",
                "InterventionDescription":"Given SC",
                "InterventionArmGroupLabelList":{
                  "InterventionArmGroupLabel":[
                    "Arm I"
                  ]
                },
                "InterventionOtherNameList":{
                  "InterventionOtherName":[
                    "G-CSF",
                    "Neupogen"
                  ]
                }
              },{
                "InterventionType":"Drug",
                "InterventionName":"asparaginase",
                "InterventionDescription":"Given IM",
                "InterventionArmGroupLabelList":{
                  "InterventionArmGroupLabel":[
                    "Arm I"
                  ]
                },
                "InterventionOtherNameList":{
                  "InterventionOtherName":[
                    "ASNase",
                    "Colaspase",
                    "Crasnitin",
                    "Elspar",
                    "L-ASP"
                  ]
                }
              },{
                "InterventionType":"Drug",
                "InterventionName":"cyclophosphamide",
                "InterventionDescription":"Given IV",
                "InterventionArmGroupLabelList":{
                  "InterventionArmGroupLabel":[
                    "Arm I"
                  ]
                },
                "InterventionOtherNameList":{
                  "InterventionOtherName":[
                    "CPM",
                    "CTX",
                    "Cytoxan",
                    "Endoxan",
                    "Endoxana"
                  ]
                }
              },{
                "InterventionType":"Drug",
                "InterventionName":"cyclosporine",
                "InterventionDescription":"Given IV",
                "InterventionArmGroupLabelList":{
                  "InterventionArmGroupLabel":[
                    "Arm I"
                  ]
                },
                "InterventionOtherNameList":{
                  "InterventionOtherName":[
                    "ciclosporin",
                    "cyclosporin",
                    "cyclosporin A",
                    "CYSP",
                    "Sandimmune"
                  ]
                }
              },{
                "InterventionType":"Drug",
                "InterventionName":"cytarabine",
                "InterventionDescription":"Given IT and IV",
                "InterventionArmGroupLabelList":{
                  "InterventionArmGroupLabel":[
                    "Arm I"
                  ]
                },
                "InterventionOtherNameList":{
                  "InterventionOtherName":[
                    "ARA-C",
                    "arabinofuranosylcytosine",
                    "arabinosylcytosine",
                    "Cytosar-U",
                    "cytosine arabinoside"
                  ]
                }
              },{
                "InterventionType":"Drug",
                "InterventionName":"daunorubicin hydrochloride",
                "InterventionDescription":"Given IV",
                "InterventionArmGroupLabelList":{
                  "InterventionArmGroupLabel":[
                    "Arm I"
                  ]
                },
                "InterventionOtherNameList":{
                  "InterventionOtherName":[
                    "Cerubidin",
                    "Cerubidine",
                    "daunomycin hydrochloride",
                    "daunorubicin",
                    "RP-13057"
                  ]
                }
              },{
                "InterventionType":"Drug",
                "InterventionName":"dexamethasone",
                "InterventionDescription":"Given orally",
                "InterventionArmGroupLabelList":{
                  "InterventionArmGroupLabel":[
                    "Arm I"
                  ]
                },
                "InterventionOtherNameList":{
                  "InterventionOtherName":[
                    "Aeroseb-Dex",
                    "Decaderm",
                    "Decadron",
                    "DM",
                    "DXM"
                  ]
                }
              },{
                "InterventionType":"Drug",
                "InterventionName":"etoposide",
                "InterventionDescription":"Given IV",
                "InterventionArmGroupLabelList":{
                  "InterventionArmGroupLabel":[
                    "Arm I"
                  ]
                },
                "InterventionOtherNameList":{
                  "InterventionOtherName":[
                    "EPEG",
                    "VP-16",
                    "VP-16-213"
                  ]
                }
              },{
                "InterventionType":"Drug",
                "InterventionName":"ifosfamide",
                "InterventionDescription":"Given IV",
                "InterventionArmGroupLabelList":{
                  "InterventionArmGroupLabel":[
                    "Arm I"
                  ]
                },
                "InterventionOtherNameList":{
                  "InterventionOtherName":[
                    "Cyfos",
                    "Holoxan",
                    "IFF",
                    "IFX",
                    "IPP"
                  ]
                }
              },{
                "InterventionType":"Drug",
                "InterventionName":"imatinib mesylate",
                "InterventionDescription":"Given orally",
                "InterventionArmGroupLabelList":{
                  "InterventionArmGroupLabel":[
                    "Arm I"
                  ]
                },
                "InterventionOtherNameList":{
                  "InterventionOtherName":[
                    "CGP 57148",
                    "Gleevec",
                    "Glivec"
                  ]
                }
              },{
                "InterventionType":"Drug",
                "InterventionName":"leucovorin calcium",
                "InterventionDescription":"Given IV or orally",
                "InterventionArmGroupLabelList":{
                  "InterventionArmGroupLabel":[
                    "Arm I"
                  ]
                },
                "InterventionOtherNameList":{
                  "InterventionOtherName":[
                    "CF",
                    "CFR",
                    "LV"
                  ]
                }
              },{
                "InterventionType":"Drug",
                "InterventionName":"mercaptopurine tablet",
                "InterventionDescription":"Given orally",
                "InterventionArmGroupLabelList":{
                  "InterventionArmGroupLabel":[
                    "Arm I"
                  ]
                },
                "InterventionOtherNameList":{
                  "InterventionOtherName":[
                    "6-mercaptopurine",
                    "6-MP",
                    "Leukerin",
                    "MP"
                  ]
                }
              },{
                "InterventionType":"Drug",
                "InterventionName":"methotrexate",
                "InterventionDescription":"Given IT, IV, and orally",
                "InterventionArmGroupLabelList":{
                  "InterventionArmGroupLabel":[
                    "Arm I"
                  ]
                },
                "InterventionOtherNameList":{
                  "InterventionOtherName":[
                    "amethopterin",
                    "Folex",
                    "methylaminopterin",
                    "Mexate",
                    "MTX"
                  ]
                }
              },{
                "InterventionType":"Drug",
                "InterventionName":"pegaspargase",
                "InterventionDescription":"Given IM",
                "InterventionArmGroupLabelList":{
                  "InterventionArmGroupLabel":[
                    "Arm I"
                  ]
                },
                "InterventionOtherNameList":{
                  "InterventionOtherName":[
                    "L-asparaginase with polyethylene glycol",
                    "Oncaspar",
                    "PEG-ASP",
                    "PEG-L-asparaginase"
                  ]
                }
              },{
                "InterventionType":"Drug",
                "InterventionName":"vincristine sulfate",
                "InterventionDescription":"Given IV",
                "InterventionArmGroupLabelList":{
                  "InterventionArmGroupLabel":[
                    "Arm I"
                  ]
                },
                "InterventionOtherNameList":{
                  "InterventionOtherName":[
                    "leurocristine sulfate",
                    "VCR",
                    "Vincasar PFS"
                  ]
                }
              },{
                "InterventionType":"Procedure",
                "InterventionName":"allogeneic bone marrow transplantation",
                "InterventionDescription":"Undergo allogeneic bone marrow, peripheral blood stem cell, or umbilical cord blood transplantation",
                "InterventionArmGroupLabelList":{
                  "InterventionArmGroupLabel":[
                    "Arm I"
                  ]
                },
                "InterventionOtherNameList":{
                  "InterventionOtherName":[
                    "bone marrow therapy, allogeneic",
                    "bone marrow therapy, allogenic",
                    "transplantation, allogeneic bone marrow",
                    "transplantation, allogenic bone marrow"
                  ]
                }
              },{
                "InterventionType":"Procedure",
                "InterventionName":"peripheral blood stem cell transplantation",
                "InterventionDescription":"Undergo allogeneic bone marrow, peripheral blood stem cell, or umbilical cord blood transplantation",
                "InterventionArmGroupLabelList":{
                  "InterventionArmGroupLabel":[
                    "Arm I"
                  ]
                },
                "InterventionOtherNameList":{
                  "InterventionOtherName":[
                    "PBPC transplantation",
                    "PBSC transplantation",
                    "peripheral blood progenitor cell transplantation",
                    "transplantation, peripheral blood stem cell"
                  ]
                }
              },{
                "InterventionType":"Procedure",
                "InterventionName":"umbilical cord blood transplantation",
                "InterventionDescription":"Undergo allogeneic bone marrow, peripheral blood stem cell, or umbilical cord blood transplantation",
                "InterventionArmGroupLabelList":{
                  "InterventionArmGroupLabel":[
                    "Arm I"
                  ]
                },
                "InterventionOtherNameList":{
                  "InterventionOtherName":[
                    "cord blood transplantation",
                    "transplantation, umbilical cord blood",
                    "UCB transplantation"
                  ]
                }
              },{
                "InterventionType":"Radiation",
                "InterventionName":"radiation therapy",
                "InterventionDescription":"Undergo radiation therapy",
                "InterventionArmGroupLabelList":{
                  "InterventionArmGroupLabel":[
                    "Arm I"
                  ]
                },
                "InterventionOtherNameList":{
                  "InterventionOtherName":[
                    "irradiation",
                    "radiotherapy",
                    "therapy, radiation"
                  ]
                }
              }
            ]
          }
        },
        "OutcomesModule":{
          "PrimaryOutcomeList":{
            "PrimaryOutcome":[
              {
                "PrimaryOutcomeMeasure":"Feasibility, in terms of patient accrual",
                "PrimaryOutcomeDescription":"As a target goal, we wish to enroll at least 80% of the potential available patients. The accrual duration for this pilot study will be based on accruing adequate numbers to complete the dose escalation study in the Ph+ subset. The planned study accrual duration should be approximately 1.75 years.",
                "PrimaryOutcomeTimeFrame":"Up to 1.75 years"
              },{
                "PrimaryOutcomeMeasure":"Feasibility, in terms of incidence of adverse events graded according to NCI CTC v 2.0",
                "PrimaryOutcomeDescription":"The use of imatinib as given in combination with other agents in a particular cohort will be considered feasible initially if 5 or more of the first 6 evaluable patients complete the phase(s) without evidence of grade 3 or 4 targeted toxicities.",
                "PrimaryOutcomeTimeFrame":"Up to 7 years"
              }
            ]
          },
          "SecondaryOutcomeList":{
            "SecondaryOutcome":[
              {
                "SecondaryOutcomeMeasure":"Event-free survival",
                "SecondaryOutcomeDescription":"Estimated with 90% confidence interval.",
                "SecondaryOutcomeTimeFrame":"Up to 7 years"
              }
            ]
          }
        },
        "EligibilityModule":{
          "EligibilityCriteria":"Inclusion Criteria:\n\nDiagnosis of acute lymphoblastic leukemia\nReceived prior front-line therapy on a Pediatric Oncology Group (POG),Children's Cancer Group (CCG), or Central Oncology Group (COG) study\nReceived induction therapy comprising vincristine, asparaginase, prednisone/dexamethasone, and daunorubicin as in CCG, POG, or COG protocols\n\nM1 or M2 bone marrow status after front-line induction therapy and presenting with at least 1of the following:\n\nPhiladelphia chromosome positive (Ph+) with t(9;22)(q34;q11) by cytogenetics or fluorescence in situ hybridization\nbcr-abl fusion transcript by reverse transcription polymerase chain reaction\nHypodiploid with less than 44 chromosomes and/or DNA index less than0.81\nMLL translocation (11q23) by cytogenetics and a slow early response (SER) to induction therapy, defined as at least 5% blasts at day 15 of induction and/or at least .1% minimal residual disease (MRD) after induction therapy\n\nFailed to achieve remission after front-line induction therapy\n\nM3 bone marrow status (greater than 25% blasts) after induction therapy\nM2 bone marrow status (5-25% blasts) or at least 1% MRD after induction therapy and M2 or M3or at least 1% MRD after consolidation therapy (CCG studies) or extended induction therapy (POG or COG studies)\nSee Disease Characteristics\nNot pregnant or nursing\nNegative pregnancy test\nFertile patients must use effective contraception\nSee Disease Characteristics\nSee Disease Characteristics\nNo concurrent prophylactic cranial radiotherapy",
          "HealthyVolunteers":"No",
          "Gender":"All",
          "MinimumAge":"1 Year",
          "MaximumAge":"21 Years",
          "StdAgeList":{
            "StdAge":[
              "Child",
              "Adult"
            ]
          }
        },
        "ContactsLocationsModule":{
          "OverallOfficialList":{
            "OverallOfficial":[
              {
                "OverallOfficialName":"Kirk Schultz",
                "OverallOfficialAffiliation":"Children's Oncology Group",
                "OverallOfficialRole":"Principal Investigator"
              }
            ]
          },
          "LocationList":{
            "Location":[
              {
                "LocationFacility":"Children's Oncology Group",
                "LocationCity":"Arcadia",
                "LocationState":"California",
                "LocationZip":"91006-3776",
                "LocationCountry":"United States"
              }
            ]
          }
        },
        "ReferencesModule":{
          "ReferenceList":{
            "Reference":[
              {
                "ReferencePMID":"33242441",
                "ReferenceType":"derived",
                "ReferenceCitation":"Tasian SK, Peters C. Targeted therapy or transplantation for paediatric ABL-class Ph-like acute lymphocytic leukaemia? Lancet Haematol. 2020 Dec;7(12):e858-e859. doi: 10.1016/S2352-3026(20)30369-0."
              }
            ]
          }
        }
      },
      "DerivedSection":{
        "MiscInfoModule":{
          "VersionHolder":"April 19, 2021",
          "RemovedCountryList":{
            "RemovedCountry":[
              "Australia",
              "Canada",
              "Netherlands",
              "New Zealand",
              "Puerto Rico",
              "Switzerland"
            ]
          }
        },
        "ConditionBrowseModule":{
          "ConditionMeshList":{
            "ConditionMesh":[
              {
                "ConditionMeshId":"D000007938",
                "ConditionMeshTerm":"Leukemia"
              },{
                "ConditionMeshId":"D000054198",
                "ConditionMeshTerm":"Precursor Cell Lymphoblastic Leukemia-Lymphoma"
              },{
                "ConditionMeshId":"D000007945",
                "ConditionMeshTerm":"Leukemia, Lymphoid"
              }
            ]
          },
          "ConditionAncestorList":{
            "ConditionAncestor":[
              {
                "ConditionAncestorId":"D000009370",
                "ConditionAncestorTerm":"Neoplasms by Histologic Type"
              },{
                "ConditionAncestorId":"D000009369",
                "ConditionAncestorTerm":"Neoplasms"
              },{
                "ConditionAncestorId":"D000008232",
                "ConditionAncestorTerm":"Lymphoproliferative Disorders"
              },{
                "ConditionAncestorId":"D000008206",
                "ConditionAncestorTerm":"Lymphatic Diseases"
              },{
                "ConditionAncestorId":"D000007160",
                "ConditionAncestorTerm":"Immunoproliferative Disorders"
              },{
                "ConditionAncestorId":"D000007154",
                "ConditionAncestorTerm":"Immune System Diseases"
              }
            ]
          },
          "ConditionBrowseLeafList":{
            "ConditionBrowseLeaf":[
              {
                "ConditionBrowseLeafId":"M9528",
                "ConditionBrowseLeafName":"Leukemia",
                "ConditionBrowseLeafAsFound":"Leukemia",
                "ConditionBrowseLeafRelevance":"high"
              },{
                "ConditionBrowseLeafId":"M9534",
                "ConditionBrowseLeafName":"Leukemia, Lymphoid",
                "ConditionBrowseLeafAsFound":"Lymphoblastic Leukemia",
                "ConditionBrowseLeafRelevance":"high"
              },{
                "ConditionBrowseLeafId":"M26172",
                "ConditionBrowseLeafName":"Precursor Cell Lymphoblastic Leukemia-Lymphoma",
                "ConditionBrowseLeafAsFound":"Acute Lymphoblastic Leukemia",
                "ConditionBrowseLeafRelevance":"high"
              },{
                "ConditionBrowseLeafId":"M9803",
                "ConditionBrowseLeafName":"Lymphoma",
                "ConditionBrowseLeafRelevance":"low"
              },{
                "ConditionBrowseLeafId":"M10898",
                "ConditionBrowseLeafName":"Neoplasms by Histologic Type",
                "ConditionBrowseLeafRelevance":"low"
              },{
                "ConditionBrowseLeafId":"M9808",
                "ConditionBrowseLeafName":"Lymphoproliferative Disorders",
                "ConditionBrowseLeafRelevance":"low"
              },{
                "ConditionBrowseLeafId":"M9786",
                "ConditionBrowseLeafName":"Lymphatic Diseases",
                "ConditionBrowseLeafRelevance":"low"
              },{
                "ConditionBrowseLeafId":"M8789",
                "ConditionBrowseLeafName":"Immunoproliferative Disorders",
                "ConditionBrowseLeafRelevance":"low"
              },{
                "ConditionBrowseLeafId":"M8783",
                "ConditionBrowseLeafName":"Immune System Diseases",
                "ConditionBrowseLeafRelevance":"low"
              },{
                "ConditionBrowseLeafId":"T1134",
                "ConditionBrowseLeafName":"Childhood Acute Lymphoblastic Leukemia",
                "ConditionBrowseLeafAsFound":"Childhood acute lymphoblastic leukemia",
                "ConditionBrowseLeafRelevance":"high"
              },{
                "ConditionBrowseLeafId":"T175",
                "ConditionBrowseLeafName":"Acute Lymphoblastic Leukemia",
                "ConditionBrowseLeafAsFound":"Acute Lymphoblastic Leukemia",
                "ConditionBrowseLeafRelevance":"high"
              },{
                "ConditionBrowseLeafId":"T3533",
                "ConditionBrowseLeafName":"Lymphoblastic Lymphoma",
                "ConditionBrowseLeafAsFound":"Acute Lymphoblastic Leukemia",
                "ConditionBrowseLeafRelevance":"high"
              },{
                "ConditionBrowseLeafId":"T3543",
                "ConditionBrowseLeafName":"Lymphosarcoma",
                "ConditionBrowseLeafRelevance":"low"
              }
            ]
          },
          "ConditionBrowseBranchList":{
            "ConditionBrowseBranch":[
              {
                "ConditionBrowseBranchAbbrev":"BC04",
                "ConditionBrowseBranchName":"Cancers and Other Neoplasms"
              },{
                "ConditionBrowseBranchAbbrev":"All",
                "ConditionBrowseBranchName":"All Conditions"
              },{
                "ConditionBrowseBranchAbbrev":"BC15",
                "ConditionBrowseBranchName":"Blood and Lymph Conditions"
              },{
                "ConditionBrowseBranchAbbrev":"BC20",
                "ConditionBrowseBranchName":"Immune System Diseases"
              },{
                "ConditionBrowseBranchAbbrev":"Rare",
                "ConditionBrowseBranchName":"Rare Diseases"
              }
            ]
          }
        },
        "InterventionBrowseModule":{
          "InterventionMeshList":{
            "InterventionMesh":[
              {
                "InterventionMeshId":"D000002955",
                "InterventionMeshTerm":"Leucovorin"
              },{
                "InterventionMeshId":"D000003561",
                "InterventionMeshTerm":"Cytarabine"
              },{
                "InterventionMeshId":"D000016572",
                "InterventionMeshTerm":"Cyclosporine"
              },{
                "InterventionMeshId":"D000003907",
                "InterventionMeshTerm":"Dexamethasone"
              },{
                "InterventionMeshId":"D000003520",
                "InterventionMeshTerm":"Cyclophosphamide"
              },{
                "InterventionMeshId":"D000007069",
                "InterventionMeshTerm":"Ifosfamide"
              },{
                "InterventionMeshId":"D000008727",
                "InterventionMeshTerm":"Methotrexate"
              },{
                "InterventionMeshId":"D000005047",
                "InterventionMeshTerm":"Etoposide"
              },{
                "InterventionMeshId":"D000014750",
                "InterventionMeshTerm":"Vincristine"
              },{
                "InterventionMeshId":"C000061400",
                "InterventionMeshTerm":"Etoposide phosphate"
              },{
                "InterventionMeshId":"D000068877",
                "InterventionMeshTerm":"Imatinib Mesylate"
              },{
                "InterventionMeshId":"D000003630",
                "InterventionMeshTerm":"Daunorubicin"
              },{
                "InterventionMeshId":"D000001215",
                "InterventionMeshTerm":"Asparaginase"
              },{
                "InterventionMeshId":"D000015122",
                "InterventionMeshTerm":"Mercaptopurine"
              },{
                "InterventionMeshId":"C000042705",
                "InterventionMeshTerm":"Pegaspargase"
              },{
                "InterventionMeshId":"D000003524",
                "InterventionMeshTerm":"Cyclosporins"
              },{
                "InterventionMeshId":"D000058766",
                "InterventionMeshTerm":"Levoleucovorin"
              }
            ]
          },
          "InterventionAncestorList":{
            "InterventionAncestor":[
              {
                "InterventionAncestorId":"D000007166",
                "InterventionAncestorTerm":"Immunosuppressive Agents"
              },{
                "InterventionAncestorId":"D000007155",
                "InterventionAncestorTerm":"Immunologic Factors"
              },{
                "InterventionAncestorId":"D000045505",
                "InterventionAncestorTerm":"Physiological Effects of Drugs"
              },{
                "InterventionAncestorId":"D000018501",
                "InterventionAncestorTerm":"Antirheumatic Agents"
              },{
                "InterventionAncestorId":"D000018906",
                "InterventionAncestorTerm":"Antineoplastic Agents, Alkylating"
              },{
                "InterventionAncestorId":"D000000477",
                "InterventionAncestorTerm":"Alkylating Agents"
              },{
                "InterventionAncestorId":"D000045504",
                "InterventionAncestorTerm":"Molecular Mechanisms of Pharmacological Action"
              },{
                "InterventionAncestorId":"D000000970",
                "InterventionAncestorTerm":"Antineoplastic Agents"
              },{
                "InterventionAncestorId":"D000019653",
                "InterventionAncestorTerm":"Myeloablative Agonists"
              },{
                "InterventionAncestorId":"D000000893",
                "InterventionAncestorTerm":"Anti-Inflammatory Agents"
              },{
                "InterventionAncestorId":"D000000932",
                "InterventionAncestorTerm":"Antiemetics"
              },{
                "InterventionAncestorId":"D000001337",
                "InterventionAncestorTerm":"Autonomic Agents"
              },{
                "InterventionAncestorId":"D000018373",
                "InterventionAncestorTerm":"Peripheral Nervous System Agents"
              },{
                "InterventionAncestorId":"D000005765",
                "InterventionAncestorTerm":"Gastrointestinal Agents"
              },{
                "InterventionAncestorId":"D000005938",
                "InterventionAncestorTerm":"Glucocorticoids"
              },{
                "InterventionAncestorId":"D000006728",
                "InterventionAncestorTerm":"Hormones"
              },{
                "InterventionAncestorId":"D000006730",
                "InterventionAncestorTerm":"Hormones, Hormone Substitutes, and Hormone Antagonists"
              },{
                "InterventionAncestorId":"D000018931",
                "InterventionAncestorTerm":"Antineoplastic Agents, Hormonal"
              },{
                "InterventionAncestorId":"D000000020",
                "InterventionAncestorTerm":"Abortifacient Agents, Nonsteroidal"
              },{
                "InterventionAncestorId":"D000000019",
                "InterventionAncestorTerm":"Abortifacient Agents"
              },{
                "InterventionAncestorId":"D000012102",
                "InterventionAncestorTerm":"Reproductive Control Agents"
              },{
                "InterventionAncestorId":"D000000964",
                "InterventionAncestorTerm":"Antimetabolites, Antineoplastic"
              },{
                "InterventionAncestorId":"D000000963",
                "InterventionAncestorTerm":"Antimetabolites"
              },{
                "InterventionAncestorId":"D000003879",
                "InterventionAncestorTerm":"Dermatologic Agents"
              },{
                "InterventionAncestorId":"D000004791",
                "InterventionAncestorTerm":"Enzyme Inhibitors"
              },{
                "InterventionAncestorId":"D000005493",
                "InterventionAncestorTerm":"Folic Acid Antagonists"
              },{
                "InterventionAncestorId":"D000019384",
                "InterventionAncestorTerm":"Nucleic Acid Synthesis Inhibitors"
              },{
                "InterventionAncestorId":"D000000972",
                "InterventionAncestorTerm":"Antineoplastic Agents, Phytogenic"
              },{
                "InterventionAncestorId":"D000059005",
                "InterventionAncestorTerm":"Topoisomerase II Inhibitors"
              },{
                "InterventionAncestorId":"D000059003",
                "InterventionAncestorTerm":"Topoisomerase Inhibitors"
              },{
                "InterventionAncestorId":"D000000998",
                "InterventionAncestorTerm":"Antiviral Agents"
              },{
                "InterventionAncestorId":"D000000890",
                "InterventionAncestorTerm":"Anti-Infective Agents"
              },{
                "InterventionAncestorId":"D000000931",
                "InterventionAncestorTerm":"Antidotes"
              },{
                "InterventionAncestorId":"D000020011",
                "InterventionAncestorTerm":"Protective Agents"
              },{
                "InterventionAncestorId":"D000014803",
                "InterventionAncestorTerm":"Vitamin B Complex"
              },{
                "InterventionAncestorId":"D000014815",
                "InterventionAncestorTerm":"Vitamins"
              },{
                "InterventionAncestorId":"D000018977",
                "InterventionAncestorTerm":"Micronutrients"
              },{
                "InterventionAncestorId":"D000078622",
                "InterventionAncestorTerm":"Nutrients"
              },{
                "InterventionAncestorId":"D000006133",
                "InterventionAncestorTerm":"Growth Substances"
              },{
                "InterventionAncestorId":"D000050257",
                "InterventionAncestorTerm":"Tubulin Modulators"
              },{
                "InterventionAncestorId":"D000050256",
                "InterventionAncestorTerm":"Antimitotic Agents"
              },{
                "InterventionAncestorId":"D000050258",
                "InterventionAncestorTerm":"Mitosis Modulators"
              },{
                "InterventionAncestorId":"D000000935",
                "InterventionAncestorTerm":"Antifungal Agents"
              },{
                "InterventionAncestorId":"D000065095",
                "InterventionAncestorTerm":"Calcineurin Inhibitors"
              },{
                "InterventionAncestorId":"D000047428",
                "InterventionAncestorTerm":"Protein Kinase Inhibitors"
              },{
                "InterventionAncestorId":"D000000903",
                "InterventionAncestorTerm":"Antibiotics, Antineoplastic"
              }
            ]
          },
          "InterventionBrowseLeafList":{
            "InterventionBrowseLeaf":[
              {
                "InterventionBrowseLeafId":"M17544",
                "InterventionBrowseLeafName":"Cyclosporine",
                "InterventionBrowseLeafAsFound":"Standard of care",
                "InterventionBrowseLeafRelevance":"high"
              },{
                "InterventionBrowseLeafId":"M5313",
                "InterventionBrowseLeafName":"Cyclosporins",
                "InterventionBrowseLeafAsFound":"Standard of care",
                "InterventionBrowseLeafRelevance":"high"
              },{
                "InterventionBrowseLeafId":"M5349",
                "InterventionBrowseLeafName":"Cytarabine",
                "InterventionBrowseLeafAsFound":"Diagnostic",
                "InterventionBrowseLeafRelevance":"high"
              },{
                "InterventionBrowseLeafId":"M5685",
                "InterventionBrowseLeafName":"Dexamethasone",
                "InterventionBrowseLeafAsFound":"Period",
                "InterventionBrowseLeafRelevance":"high"
              },{
                "InterventionBrowseLeafId":"M5310",
                "InterventionBrowseLeafName":"Cyclophosphamide",
                "InterventionBrowseLeafAsFound":"Procedure",
                "InterventionBrowseLeafRelevance":"high"
              },{
                "InterventionBrowseLeafId":"M243574",
                "InterventionBrowseLeafName":"Dexamethasone acetate",
                "InterventionBrowseLeafRelevance":"low"
              },{
                "InterventionBrowseLeafId":"M205479",
                "InterventionBrowseLeafName":"BB 1101",
                "InterventionBrowseLeafRelevance":"low"
              },{
                "InterventionBrowseLeafId":"M3963",
                "InterventionBrowseLeafName":"Calcium",
                "InterventionBrowseLeafRelevance":"low"
              },{
                "InterventionBrowseLeafId":"M10286",
                "InterventionBrowseLeafName":"Methotrexate",
                "InterventionBrowseLeafAsFound":"Syndrome",
                "InterventionBrowseLeafRelevance":"high"
              },{
                "InterventionBrowseLeafId":"M16078",
                "InterventionBrowseLeafName":"Vincristine",
                "InterventionBrowseLeafAsFound":"60 minutes",
                "InterventionBrowseLeafRelevance":"high"
              },{
                "InterventionBrowseLeafId":"M324",
                "InterventionBrowseLeafName":"Imatinib Mesylate",
                "InterventionBrowseLeafAsFound":"Workers",
                "InterventionBrowseLeafRelevance":"high"
              },{
                "InterventionBrowseLeafId":"M3980",
                "InterventionBrowseLeafName":"Calcium, Dietary",
                "InterventionBrowseLeafRelevance":"low"
              },{
                "InterventionBrowseLeafId":"M6774",
                "InterventionBrowseLeafName":"Etoposide",
                "InterventionBrowseLeafAsFound":"Dosage",
                "InterventionBrowseLeafRelevance":"high"
              },{
                "InterventionBrowseLeafId":"M8700",
                "InterventionBrowseLeafName":"Ifosfamide",
                "InterventionBrowseLeafAsFound":"Prednisone",
                "InterventionBrowseLeafRelevance":"high"
              },{
                "InterventionBrowseLeafId":"M4774",
                "InterventionBrowseLeafName":"Leucovorin",
                "InterventionBrowseLeafAsFound":"Symptoms",
                "InterventionBrowseLeafRelevance":"high"
              },{
                "InterventionBrowseLeafId":"M27820",
                "InterventionBrowseLeafName":"Levoleucovorin",
                "InterventionBrowseLeafAsFound":"Monthly",
                "InterventionBrowseLeafRelevance":"high"
              },{
                "InterventionBrowseLeafId":"M5415",
                "InterventionBrowseLeafName":"Daunorubicin",
                "InterventionBrowseLeafAsFound":"Needs",
                "InterventionBrowseLeafRelevance":"high"
              },{
                "InterventionBrowseLeafId":"M1945",
                "InterventionBrowseLeafName":"Lenograstim",
                "InterventionBrowseLeafRelevance":"low"
              },{
                "InterventionBrowseLeafId":"M16436",
                "InterventionBrowseLeafName":"Mercaptopurine",
                "InterventionBrowseLeafAsFound":"Trauma",
                "InterventionBrowseLeafRelevance":"high"
              },{
                "InterventionBrowseLeafId":"M260518",
                "InterventionBrowseLeafName":"Etoposide phosphate",
                "InterventionBrowseLeafAsFound":"Dosage",
                "InterventionBrowseLeafRelevance":"high"
              },{
                "InterventionBrowseLeafId":"M238645",
                "InterventionBrowseLeafName":"Isophosphamide mustard",
                "InterventionBrowseLeafRelevance":"low"
              },{
                "InterventionBrowseLeafId":"M259541",
                "InterventionBrowseLeafName":"Pegaspargase",
                "InterventionBrowseLeafAsFound":"Hair",
                "InterventionBrowseLeafRelevance":"high"
              },{
                "InterventionBrowseLeafId":"M3103",
                "InterventionBrowseLeafName":"Asparaginase",
                "InterventionBrowseLeafAsFound":"Inhaled",
                "InterventionBrowseLeafRelevance":"high"
              },{
                "InterventionBrowseLeafId":"M17242",
                "InterventionBrowseLeafName":"N-Methylaspartate",
                "InterventionBrowseLeafRelevance":"low"
              },{
                "InterventionBrowseLeafId":"M8795",
                "InterventionBrowseLeafName":"Immunosuppressive Agents",
                "InterventionBrowseLeafRelevance":"low"
              },{
                "InterventionBrowseLeafId":"M8784",
                "InterventionBrowseLeafName":"Immunologic Factors",
                "InterventionBrowseLeafRelevance":"low"
              },{
                "InterventionBrowseLeafId":"M19188",
                "InterventionBrowseLeafName":"Antirheumatic Agents",
                "InterventionBrowseLeafRelevance":"low"
              },{
                "InterventionBrowseLeafId":"M2401",
                "InterventionBrowseLeafName":"Alkylating Agents",
                "InterventionBrowseLeafRelevance":"low"
              },{
                "InterventionBrowseLeafId":"M2798",
                "InterventionBrowseLeafName":"Anti-Inflammatory Agents",
                "InterventionBrowseLeafRelevance":"low"
              },{
                "InterventionBrowseLeafId":"M2832",
                "InterventionBrowseLeafName":"Antiemetics",
                "InterventionBrowseLeafRelevance":"low"
              },{
                "InterventionBrowseLeafId":"M7464",
                "InterventionBrowseLeafName":"Gastrointestinal Agents",
                "InterventionBrowseLeafRelevance":"low"
              },{
                "InterventionBrowseLeafId":"M7630",
                "InterventionBrowseLeafName":"Glucocorticoids",
                "InterventionBrowseLeafRelevance":"low"
              },{
                "InterventionBrowseLeafId":"M8372",
                "InterventionBrowseLeafName":"Hormones",
                "InterventionBrowseLeafRelevance":"low"
              },{
                "InterventionBrowseLeafId":"M8371",
                "InterventionBrowseLeafName":"Hormone Antagonists",
                "InterventionBrowseLeafRelevance":"low"
              },{
                "InterventionBrowseLeafId":"M19550",
                "InterventionBrowseLeafName":"Antineoplastic Agents, Hormonal",
                "InterventionBrowseLeafRelevance":"low"
              },{
                "InterventionBrowseLeafId":"M2862",
                "InterventionBrowseLeafName":"Antimetabolites",
                "InterventionBrowseLeafRelevance":"low"
              },{
                "InterventionBrowseLeafId":"M5657",
                "InterventionBrowseLeafName":"Dermatologic Agents",
                "InterventionBrowseLeafRelevance":"low"
              },{
                "InterventionBrowseLeafId":"M7201",
                "InterventionBrowseLeafName":"Folic Acid",
                "InterventionBrowseLeafRelevance":"low"
              },{
                "InterventionBrowseLeafId":"M16129",
                "InterventionBrowseLeafName":"Vitamin B Complex",
                "InterventionBrowseLeafRelevance":"low"
              },{
                "InterventionBrowseLeafId":"M7202",
                "InterventionBrowseLeafName":"Folic Acid Antagonists",
                "InterventionBrowseLeafRelevance":"low"
              },{
                "InterventionBrowseLeafId":"M2895",
                "InterventionBrowseLeafName":"Antiviral Agents",
                "InterventionBrowseLeafRelevance":"low"
              },{
                "InterventionBrowseLeafId":"M2795",
                "InterventionBrowseLeafName":"Anti-Infective Agents",
                "InterventionBrowseLeafRelevance":"low"
              },{
                "InterventionBrowseLeafId":"M2831",
                "InterventionBrowseLeafName":"Antidotes",
                "InterventionBrowseLeafRelevance":"low"
              },{
                "InterventionBrowseLeafId":"M20453",
                "InterventionBrowseLeafName":"Protective Agents",
                "InterventionBrowseLeafRelevance":"low"
              },{
                "InterventionBrowseLeafId":"M16141",
                "InterventionBrowseLeafName":"Vitamins",
                "InterventionBrowseLeafRelevance":"low"
              },{
                "InterventionBrowseLeafId":"M19593",
                "InterventionBrowseLeafName":"Micronutrients",
                "InterventionBrowseLeafRelevance":"low"
              },{
                "InterventionBrowseLeafId":"M15468",
                "InterventionBrowseLeafName":"Trace Elements",
                "InterventionBrowseLeafRelevance":"low"
              },{
                "InterventionBrowseLeafId":"M1986",
                "InterventionBrowseLeafName":"Nutrients",
                "InterventionBrowseLeafRelevance":"low"
              },{
                "InterventionBrowseLeafId":"M24784",
                "InterventionBrowseLeafName":"Tubulin Modulators",
                "InterventionBrowseLeafRelevance":"low"
              },{
                "InterventionBrowseLeafId":"M24783",
                "InterventionBrowseLeafName":"Antimitotic Agents",
                "InterventionBrowseLeafRelevance":"low"
              },{
                "InterventionBrowseLeafId":"M4835",
                "InterventionBrowseLeafName":"Clotrimazole",
                "InterventionBrowseLeafRelevance":"low"
              },{
                "InterventionBrowseLeafId":"M10379",
                "InterventionBrowseLeafName":"Miconazole",
                "InterventionBrowseLeafRelevance":"low"
              },{
                "InterventionBrowseLeafId":"M2835",
                "InterventionBrowseLeafName":"Antifungal Agents",
                "InterventionBrowseLeafRelevance":"low"
              },{
                "InterventionBrowseLeafId":"M29039",
                "InterventionBrowseLeafName":"Calcineurin Inhibitors",
                "InterventionBrowseLeafRelevance":"low"
              },{
                "InterventionBrowseLeafId":"M24407",
                "InterventionBrowseLeafName":"Protein Kinase Inhibitors",
                "InterventionBrowseLeafRelevance":"low"
              },{
                "InterventionBrowseLeafId":"M2803",
                "InterventionBrowseLeafName":"Anti-Bacterial Agents",
                "InterventionBrowseLeafRelevance":"low"
              },{
                "InterventionBrowseLeafId":"M2805",
                "InterventionBrowseLeafName":"Antibiotics, Antitubercular",
                "InterventionBrowseLeafRelevance":"low"
              },{
                "InterventionBrowseLeafId":"T447",
                "InterventionBrowseLeafName":"Folinic Acid",
                "InterventionBrowseLeafAsFound":"Monthly",
                "InterventionBrowseLeafRelevance":"high"
              },{
                "InterventionBrowseLeafId":"T3",
                "InterventionBrowseLeafName":"Aspartic Acid",
                "InterventionBrowseLeafRelevance":"low"
              },{
                "InterventionBrowseLeafId":"T446",
                "InterventionBrowseLeafName":"Folic Acid",
                "InterventionBrowseLeafRelevance":"low"
              },{
                "InterventionBrowseLeafId":"T448",
                "InterventionBrowseLeafName":"Folate",
                "InterventionBrowseLeafRelevance":"low"
              },{
                "InterventionBrowseLeafId":"T475",
                "InterventionBrowseLeafName":"Vitamin B9",
                "InterventionBrowseLeafRelevance":"low"
              }
            ]
          },
          "InterventionBrowseBranchList":{
            "InterventionBrowseBranch":[
              {
                "InterventionBrowseBranchAbbrev":"Infe",
                "InterventionBrowseBranchName":"Anti-Infective Agents"
              },{
                "InterventionBrowseBranchAbbrev":"ARhu",
                "InterventionBrowseBranchName":"Antirheumatic Agents"
              },{
                "InterventionBrowseBranchAbbrev":"Derm",
                "InterventionBrowseBranchName":"Dermatologic Agents"
              },{
                "InterventionBrowseBranchAbbrev":"All",
                "InterventionBrowseBranchName":"All Drugs and Chemicals"
              },{
                "InterventionBrowseBranchAbbrev":"ANeo",
                "InterventionBrowseBranchName":"Antineoplastic Agents"
              },{
                "InterventionBrowseBranchAbbrev":"Infl",
                "InterventionBrowseBranchName":"Anti-Inflammatory Agents"
              },{
                "InterventionBrowseBranchAbbrev":"AnEm",
                "InterventionBrowseBranchName":"Antiemetics"
              },{
                "InterventionBrowseBranchAbbrev":"Gast",
                "InterventionBrowseBranchName":"Gastrointestinal Agents"
              },{
                "InterventionBrowseBranchAbbrev":"Repr",
                "InterventionBrowseBranchName":"Reproductive Control Agents"
              },{
                "InterventionBrowseBranchAbbrev":"BDCA",
                "InterventionBrowseBranchName":"Bone Density Conservation Agents"
              },{
                "InterventionBrowseBranchAbbrev":"Micro",
                "InterventionBrowseBranchName":"Micronutrients"
              },{
                "InterventionBrowseBranchAbbrev":"Hemat",
                "InterventionBrowseBranchName":"Hematinics"
              },{
                "InterventionBrowseBranchAbbrev":"Vi",
                "InterventionBrowseBranchName":"Vitamins"
              },{
                "InterventionBrowseBranchAbbrev":"AA",
                "InterventionBrowseBranchName":"Amino Acids"
              }
            ]
          }
        }
      }
    }
  }
}

