{
  "FullStudy":{
    "Rank":367802,
    "Study":{
      "ProtocolSection":{
        "IdentificationModule":{
          "NCTId":"NCT00025974",
          "OrgStudyIdInfo":{
            "OrgStudyId":"020002"
          },
          "SecondaryIdInfoList":{
            "SecondaryIdInfo":[
              {
                "SecondaryId":"02-M-0002"
              }
            ]
          },
          "Organization":{
            "OrgFullName":"National Institutes of Health Clinical Center (CC)",
            "OrgClass":"NIH"
          },
          "BriefTitle":"Brain Chemical Receptor Effects in Patients With Panic Disorder and Post-Traumatic Stress Disorder",
          "OfficialTitle":"Serotonin 1A Receptor Imaging and Benzodiazepine Receptor Imaging in Panic Disorder and Posttraumatic Stress Disorder"
        },
        "StatusModule":{
          "StatusVerifiedDate":"July 21, 2008",
          "OverallStatus":"Completed",
          "ExpandedAccessInfo":{
            "HasExpandedAccess":"No"
          },
          "StartDateStruct":{
            "StartDate":"October 31, 2001"
          },
          "CompletionDateStruct":{
            "CompletionDate":"July 21, 2008"
          },
          "StudyFirstSubmitDate":"November 2, 2001",
          "StudyFirstSubmitQCDate":"November 2, 2001",
          "StudyFirstPostDateStruct":{
            "StudyFirstPostDate":"November 5, 2001",
            "StudyFirstPostDateType":"Estimate"
          },
          "LastUpdateSubmitDate":"June 30, 2017",
          "LastUpdatePostDateStruct":{
            "LastUpdatePostDate":"July 2, 2017",
            "LastUpdatePostDateType":"Actual"
          }
        },
        "SponsorCollaboratorsModule":{
          "LeadSponsor":{
            "LeadSponsorName":"National Institute of Mental Health (NIMH)",
            "LeadSponsorClass":"NIH"
          }
        },
        "OversightModule":{},
        "DescriptionModule":{
          "BriefSummary":"The purpose of this study is to examine how certain brain chemicals work in patients with Panic Disorder (PD) and Post-Traumatic Stress Disorder (PTSD) with and without major depressive disorder (MDD).\n\nBrain chemicals that regulate emotion, anxiety, sleep, stress hormones, and other body functions bind to serotonin (5-HT1A) and benzodiazepine (BZD) receptors. Evidence suggests that 5-HT1A and BZD receptor function is abnormal in patients with PD, PTSD, and depression. This study will use positron emission tomography (PET) scans to examine BZD and 5-HT1A receptor binding potential in patients with PD and patients with PTSD with and without co-morbid MDD, as well as in healthy volunteers. This study will also determine the effects of the stress hormone cortisol on 5-HT1A and BZD receptors.\n\nThe current emotional state and psychiatric, medical, and family history of potential participants will be evaluated during an initial telephone interview. After entering the study, participants will be asked questions about general mood, degree of nervousness, and behavior. A physical examination, an electrocardiogram (EKG), and tests of intelligence and cognition will be given. Urine, blood, and saliva samples will be taken. Women will be given pregnancy tests and tests to determine menstrual phase and time of ovulation. All volunteers will undergo magnetic resonance imaging (MRI) and PET scans of the brain.\n\n...",
          "DetailedDescription":"Evidence suggests that serotonin1A (5-HT1A) receptor, serotonin transporter (5-HTT) and benzodiazepine (BZD) receptor function is abnormal in panic disorder (PD), postraumatic stress disorder (PTSD) and depression (MDD). The hypotheses for the role of 5-HT1A receptors have been obtained by assessing behavioral, neuroendocrine and temperature responses to the selective partial 5-HT1A agonist ipsapirone in anxiety disorders subjects and healthy controls, and examining effects on 5-HT1A receptor function in rats following antidepressant drug (AD) administration. 5-HT1A receptors knockout mice show behaviors that have been used as a model for anxiety disorders in humans. Moreover, 5-HT1A receptor agonists have been shown to be effective in the treatment of patients with anxiety disorders. The serotonin transporter is implicated in these disorders by virtue of the efficacy of selective serotonin reuptake inhibitors in relieving symptoms in these subjects. Evidence arguing for a role of BZD/GABA receptor dysfunction in anxiety disorders comes from studies showing anxiolytic and anxiogenic properties of BZD agonists and antagonists, respectively. BZD receptor sensitivity has been shown to be reduced in patients with anxiety disorders. Brain imaging studies using positron emission tomography (PET) and single photon emission computed tomography (SPECT) suggest decreased BZD receptor binding in PD and PTSD.\n\nAnimal studies link together serotonin and GABA suggesting a pathological pathway originating from 5-HT1A receptor deficit leading towards dysfunctions within GABAergic systems, resulting in increased levels of anxiety. Yet, association between disturbed interactions between 5-HT1A receptor binding and alterations in BZD receptor binding has not been explored in humans. The proposed study will advance knowledge regarding the neurobiology of PD and PTSD by employing PET and [11C]flumazenil, [18F]FC-WAY100635([18F]FCWAY) and [11C]DASB to compare BZD receptor, 5-HT1A receptors and the serotonin transporter binding potential, respectively, between PD, PTSD and MDD patients and healthy controls. Because central 5-HT1A receptor density is down-regulated in rodents by corticosterone administration and by stress-mediated corticosterone secretion, assessments of HPA-axis activity will be assessed to determine whether down-regulation of 5-HT1A receptors correlates with cortisol hypersecretion in PD, PTSD and MDD.\n\nThe following hypotheses will be tested: 1) PD/PTSD/MDD patients have reduced GABA(A)-BZD receptor binding relative to healthy controls. 2) PD/PTSD/MDD patients have reduced 5-HT1A receptor binding potential relative to healthy controls. 3) 5-HT1A receptor binding will be more prominently reduced in PD and PTSD patients with comorbid MDD relative to anxiety disorders patients without comorbid MDD and healthy controls. 4) There will be a positive correlation between the reduction in 5-HT1A receptor binding and BZD binding in PD/PTSD/MDD patients. 5) There will be an inverse correlation between reduction in 5-HT1A receptor binding and BZD binding in PD/PTSD/MDD patients and cortisol secretion. 6) Serotonin transporter binding, measured using [11C]DASB, will be reduced in PD subjects relative to healthy controls."
        },
        "ConditionsModule":{
          "ConditionList":{
            "Condition":[
              "Panic Disorder",
              "Posttraumatic Stress Disorder",
              "Major Depressive Disorder"
            ]
          },
          "KeywordList":{
            "Keyword":[
              "PET",
              "5-HT1A Receptors",
              "Benzodiazepine Receptors",
              "Panic Disorder",
              "PTSD",
              "Serotonin Type 1A Receptors",
              "Post-Traumatic Stress Disorder",
              "Major Depression",
              "Anxiety",
              "Depression",
              "Healthy Volunteer",
              "HV",
              "Normal Control"
            ]
          }
        },
        "DesignModule":{
          "StudyType":"Observational",
          "EnrollmentInfo":{
            "EnrollmentCount":"230"
          }
        },
        "EligibilityModule":{
          "EligibilityCriteria":"INCLUSION CRITERIA:\n\nANXIETY DISORDERS SAMPLES:\n\nEighty four subjects (ages 18-50) with anxiety disorders (PD and PTSD) will be selected who additionally meet criteria for one of 4 subgroups:\n\nA) PD, Currently Depressed (n=27):\n\nAs defined by DSM-IV criteria for PD, and still symptomatic as defined by at least 1 panic attack/week or a CGI score of at least 4, and current HDRS score in the mild-moderately-to-severely depressed range (greater than 15).\n\nPatients are requested to meet the DSM-IV criteria for a single or recurrent episode of major depressive disorder.\n\nIn case of comorbid depression it will be ensured that PD had an earlier onset than the depressive disorder.\n\nB) PD, Currently Not Depressed (n=27):\n\nDefined as having symptomatic PD with at least 1 panic attack/week or a CGI score of at least 4 and never having had experienced a depressive episode meeting DSM-IV criteria for major depressive disorder or dysthymia, OR a period of at least six months with no more than one clinically significant symptom, and during which time subjects were not taking an AD agent, with Hamilton Depression Rating Scale (HDRS; 25 item) scores in the non-depressed range (less than or equal to 7) will be selected.\n\nC) PTSD, Currently Depressed (n=15):\n\nAs defined by DSM-IV with a duration of illness at least three months.\n\nPatients must score greater than or equal to 50 on Clinician-Administered PTSD Scale (CAPS-2) as a measure of PTSD symptom severity.\n\nPatients are requested to meet the DSM-IV criteria for a single or recurrent episode of major depressive disorder.\n\nCurrent HDRS score is in the mild-moderately-to-severely depressed range (greater than or equal to 15).\n\nIn case of comorbid depression it will be ensured that PTSD had an earlier onset than the depressive disorder.\n\nD) PTSD, Currently Not Depressed (n=15):\n\nDefined as having PTSD and never having had experienced a depressive episode meeting DSM-IV criteria for major depressive disorder or dysthymia OR a period of at least six months with no more than one clinically significant symptom, and during which time subjects were not taking an AD agent, with Hamilton Depression Rating Scale (HDRS; 25 item) scores in the non-depressed range (less than or equal to 7) will be selected.\n\nHEALTHY CONTROL SAMPLE:\n\nOne hundred sixteen subjects (ages 18-50) who have not met criteria for any major psychiatric disorder.\n\nThe control subjects will have no known first-degree relatives with PD or PTSD.\n\nPSYCHIATRIC CONTROL SAMPLE (n=30):\n\nSubjects with Major Depressive Disorder (MDD), currently remitted, as defined by a period of at least three months during which the subject has not taken an antidepressant agent, with Hamilton Depression Rating Scales (HDRS; 21-item) scores in the non-depressed range (less than 8), and with no more than one clinically significant depressive symptom.\n\nThese subjects must not have a history of PTSD and/or serious trauma.\n\nEXCLUSION CRITERIA:\n\nSubjects will be recruited who are drug-naive or who are not currently receiving psychotropic drugs for at least 3 weeks (8 weeks for fluoxetine). In case a patient is on psychotropic medications and this treatment is not successful (as defined by meeting the inclusion criteria as noted above), the medication will be tapered off to ensure that the subject is drug-free for at least 3 weeks prior to PET scanning.\n\nSubjects will be also be excluded if they have: a) serious suicidal ideation or behavior, b) psychosis to the extent that the ability to provide informed consent is in doubt, c) medical or neurological illnesses likely to affect physiology or anatomy, d) a history of drug (including BZDs) or alcohol abuse within 1 year or a lifetime history of alcohol or drug dependence (DSM IV criteria), e) current pregnancy (as documented by pregnancy testing prior to scanning), f) current breast feeding, g) general MRI exclusion criteria, h) patients who are currently taking fluoxetine.\n\nPatients and controls must exhibit no or only moderate alcohol use.\n\nSubjects with current or previous regular (greater than 4 weeks) of BZDs and excessive use of alcohol (greater than 8 ounce/day for men and greater than six ounces /day for women) in the past or present are ineligible to participate, as they may produce a down-regulation of the BZD receptor that may confound the results.\n\nPostmenopausal female subjects.\n\nSubjects beyond age 50 are excluded to reduce the biological heterogeneity encompassed by the MDD and anxiety disorders criteria.\n\nSubjects whose first anxiety disorder episode arose temporally after other major medical or psychiatric conditions will also be excluded.\n\nIn addition to the above criteria, subjects undergoing the serotonin transporter scan will also be excluded if they have taken the recreational drug ecstasy within 3 weeks prior to scan or for regular use in the past.",
          "HealthyVolunteers":"Accepts Healthy Volunteers",
          "Gender":"All",
          "MinimumAge":"18 Years",
          "MaximumAge":"50 Years",
          "StdAgeList":{
            "StdAge":[
              "Adult"
            ]
          }
        },
        "ContactsLocationsModule":{
          "LocationList":{
            "Location":[
              {
                "LocationFacility":"National Institutes of Health Clinical Center, 9000 Rockville Pike",
                "LocationCity":"Bethesda",
                "LocationState":"Maryland",
                "LocationZip":"20892",
                "LocationCountry":"United States"
              }
            ]
          }
        },
        "ReferencesModule":{
          "ReferenceList":{
            "Reference":[
              {
                "ReferencePMID":"1752858",
                "ReferenceType":"background",
                "ReferenceCitation":"Azmitia EC, Whitaker-Azmitia PM. Awakening the sleeping giant: anatomy and plasticity of the brain serotonergic system. J Clin Psychiatry. 1991 Dec;52 Suppl:4-16. Review."
              },{
                "ReferencePMID":"2901680",
                "ReferenceType":"background",
                "ReferenceCitation":"Sprouse JS, Aghajanian GK. Responses of hippocampal pyramidal cells to putative serotonin 5-HT1A and 5-HT1B agonists: a comparative study with dorsal raphe neurons. Neuropharmacology. 1988 Jul;27(7):707-15."
              },{
                "ReferencePMID":"2839669",
                "ReferenceType":"background",
                "ReferenceCitation":"Chaput Y, de Montigny C. Effects of the 5-hydroxytryptamine receptor antagonist, BMY 7378, on 5-hydroxytryptamine neurotransmission: electrophysiological studies in the rat central nervous system. J Pharmacol Exp Ther. 1988 Jul;246(1):359-70."
              }
            ]
          }
        }
      },
      "DerivedSection":{
        "MiscInfoModule":{
          "VersionHolder":"April 19, 2021"
        },
        "ConditionBrowseModule":{
          "ConditionMeshList":{
            "ConditionMesh":[
              {
                "ConditionMeshId":"D000004194",
                "ConditionMeshTerm":"Disease"
              },{
                "ConditionMeshId":"D000003866",
                "ConditionMeshTerm":"Depressive Disorder"
              },{
                "ConditionMeshId":"D000003865",
                "ConditionMeshTerm":"Depressive Disorder, Major"
              },{
                "ConditionMeshId":"D000040921",
                "ConditionMeshTerm":"Stress Disorders, Traumatic"
              },{
                "ConditionMeshId":"D000013313",
                "ConditionMeshTerm":"Stress Disorders, Post-Traumatic"
              },{
                "ConditionMeshId":"D000016584",
                "ConditionMeshTerm":"Panic Disorder"
              }
            ]
          },
          "ConditionAncestorList":{
            "ConditionAncestor":[
              {
                "ConditionAncestorId":"D000010335",
                "ConditionAncestorTerm":"Pathologic Processes"
              },{
                "ConditionAncestorId":"D000019964",
                "ConditionAncestorTerm":"Mood Disorders"
              },{
                "ConditionAncestorId":"D000001523",
                "ConditionAncestorTerm":"Mental Disorders"
              },{
                "ConditionAncestorId":"D000068099",
                "ConditionAncestorTerm":"Trauma and Stressor Related Disorders"
              },{
                "ConditionAncestorId":"D000001008",
                "ConditionAncestorTerm":"Anxiety Disorders"
              }
            ]
          },
          "ConditionBrowseLeafList":{
            "ConditionBrowseLeaf":[
              {
                "ConditionBrowseLeafId":"M2905",
                "ConditionBrowseLeafName":"Anxiety Disorders",
                "ConditionBrowseLeafRelevance":"low"
              },{
                "ConditionBrowseLeafId":"M5641",
                "ConditionBrowseLeafName":"Depression",
                "ConditionBrowseLeafRelevance":"low"
              },{
                "ConditionBrowseLeafId":"M5644",
                "ConditionBrowseLeafName":"Depressive Disorder",
                "ConditionBrowseLeafAsFound":"Depressive Disorder",
                "ConditionBrowseLeafRelevance":"high"
              },{
                "ConditionBrowseLeafId":"M5643",
                "ConditionBrowseLeafName":"Depressive Disorder, Major",
                "ConditionBrowseLeafAsFound":"Major Depressive Disorder",
                "ConditionBrowseLeafRelevance":"high"
              },{
                "ConditionBrowseLeafId":"M23503",
                "ConditionBrowseLeafName":"Stress Disorders, Traumatic",
                "ConditionBrowseLeafAsFound":"Stress Disorder",
                "ConditionBrowseLeafRelevance":"high"
              },{
                "ConditionBrowseLeafId":"M14686",
                "ConditionBrowseLeafName":"Stress Disorders, Post-Traumatic",
                "ConditionBrowseLeafAsFound":"Posttraumatic Stress Disorder",
                "ConditionBrowseLeafRelevance":"high"
              },{
                "ConditionBrowseLeafId":"M17553",
                "ConditionBrowseLeafName":"Panic Disorder",
                "ConditionBrowseLeafAsFound":"Panic Disorder",
                "ConditionBrowseLeafRelevance":"high"
              },{
                "ConditionBrowseLeafId":"M20419",
                "ConditionBrowseLeafName":"Mood Disorders",
                "ConditionBrowseLeafRelevance":"low"
              },{
                "ConditionBrowseLeafId":"M3396",
                "ConditionBrowseLeafName":"Mental Disorders",
                "ConditionBrowseLeafRelevance":"low"
              },{
                "ConditionBrowseLeafId":"M13056",
                "ConditionBrowseLeafName":"Psychotic Disorders",
                "ConditionBrowseLeafRelevance":"low"
              },{
                "ConditionBrowseLeafId":"M16268",
                "ConditionBrowseLeafName":"Wounds and Injuries",
                "ConditionBrowseLeafRelevance":"low"
              },{
                "ConditionBrowseLeafId":"M222",
                "ConditionBrowseLeafName":"Trauma and Stressor Related Disorders",
                "ConditionBrowseLeafRelevance":"low"
              }
            ]
          },
          "ConditionBrowseBranchList":{
            "ConditionBrowseBranch":[
              {
                "ConditionBrowseBranchAbbrev":"BXM",
                "ConditionBrowseBranchName":"Behaviors and Mental Disorders"
              },{
                "ConditionBrowseBranchAbbrev":"All",
                "ConditionBrowseBranchName":"All Conditions"
              },{
                "ConditionBrowseBranchAbbrev":"BC26",
                "ConditionBrowseBranchName":"Wounds and Injuries"
              }
            ]
          }
        },
        "InterventionBrowseModule":{
          "InterventionBrowseLeafList":{
            "InterventionBrowseLeaf":[
              {
                "InterventionBrowseLeafId":"M14095",
                "InterventionBrowseLeafName":"Serotonin",
                "InterventionBrowseLeafRelevance":"low"
              }
            ]
          },
          "InterventionBrowseBranchList":{
            "InterventionBrowseBranch":[
              {
                "InterventionBrowseBranchAbbrev":"All",
                "InterventionBrowseBranchName":"All Drugs and Chemicals"
              }
            ]
          }
        }
      }
    }
  }
}

