{
  "FullStudy":{
    "Rank":367732,
    "Study":{
      "ProtocolSection":{
        "IdentificationModule":{
          "NCTId":"NCT00026975",
          "NCTIdAliasList":{
            "NCTIdAlias":[
              "NCT00052702"
            ]
          },
          "OrgStudyIdInfo":{
            "OrgStudyId":"P50AT000428-01P1",
            "OrgStudyIdType":"U.S. NIH Grant/Contract",
            "OrgStudyIdLink":"https://projectreporter.nih.gov/reporterapi.cfm?PROJECTNUM=P50AT000428-01P1&Fy=all"
          },
          "Organization":{
            "OrgFullName":"National Center for Complementary and Integrative Health (NCCIH)",
            "OrgClass":"NIH"
          },
          "BriefTitle":"Efficacy of Hyperbaric Oxygen Therapy in Laryngectomy Patients",
          "OfficialTitle":"Clinical Outcomes Modeling for Laryngectomy Surgery Patients and Efficacy of Hyperbaric Oxygen Therapy"
        },
        "StatusModule":{
          "StatusVerifiedDate":"August 2006",
          "OverallStatus":"Completed",
          "ExpandedAccessInfo":{
            "HasExpandedAccess":"No"
          },
          "StartDateStruct":{
            "StartDate":"September 2000"
          },
          "CompletionDateStruct":{
            "CompletionDate":"August 2005"
          },
          "StudyFirstSubmitDate":"November 15, 2001",
          "StudyFirstSubmitQCDate":"November 15, 2001",
          "StudyFirstPostDateStruct":{
            "StudyFirstPostDate":"November 16, 2001",
            "StudyFirstPostDateType":"Estimate"
          },
          "LastUpdateSubmitDate":"August 17, 2006",
          "LastUpdatePostDateStruct":{
            "LastUpdatePostDate":"August 18, 2006",
            "LastUpdatePostDateType":"Estimate"
          }
        },
        "SponsorCollaboratorsModule":{
          "LeadSponsor":{
            "LeadSponsorName":"National Center for Complementary and Integrative Health (NCCIH)",
            "LeadSponsorClass":"NIH"
          }
        },
        "OversightModule":{},
        "DescriptionModule":{
          "BriefSummary":"This study is designed to develop a predictive model for the development of wound complications in patients undergoing laryngectomy surgery for laryngeal/adjoining structure cancers, and to evaluate the clinical efficacy of hyperbaric oxygen for the prevention/management of wound complications in this previously irradiated population. The eligibility profile welcomes the involvement of patients in need of laryngectomies for newly diagnosed cancers and for failed chemoradiation. Patients are afforded the opportunity to be cared for by some of the most distinguished head & neck surgeons and hyperbaric medicine physicians at the University of Pennsylvania in Philadelphia, the oldest teaching medical facility in the country, as well as the Philadelphia Veterans Affairs Medical Center. In addition, participants will be contributing to a body of research uncovering new methods for the assessment of tissue/tumor oxygenation, modeling to promote early wound complication identification, and confirming the role of hyperbaric oxygen therapy in the care and prevention of these problem wounds.",
          "DetailedDescription":"Clinical Outcomes Modeling for Laryngectomy Surgery Patients and Efficacy of Hyperbaric Oxygen Therapy, with Ara Chalian, MD as Project Leader, will develop a predictive model for surgical risk among patients requiring laryngectomy due to cancer, validate the model and assess the efficacy of HB02 therapy for improving outcome. The focus will be to determine the patho-physiological basis for heightened surgical risk among post-radiation head and neck patients and the efficacy of hyperbaric oxygen (HB02) therapy for improving outcome.\n\nThis multidisciplinary center will investigate the mechanisms of action, safety, and clinical efficacy of Hyperbaric Oxygen (HB02) Therapy. The group will evaluate if HB02 therapy will benefit patients who must undergo laryngectomy and reconstructive surgery after radiation therapy because, at pharmacological doses, oxygen augments angiogenesis and impedes specific types of intercellular adherence.\n\nThe project tests two hypotheses: (1) Predictive models can be developed for sub-groups of head and neck cancer patients who have undergone surgery based on tumor specific site, previous treatment, and co-morbidity and predict which patients will have complications (wound infection and fistula), and (2) HB02 given by a standard protocol can modify tissue hypoxia and vascularity that is present in patients with previous radiation therapy to the neck who have recurrent or secondary cancers requiring laryngectomy. The specific aims are to: (1) develop a detailed database model to predict the risk of developing post-operative complications in complex head and neck aerodigestive tract cancer resections, (2) conduct prospective validation of the predictive model using data on patients treated at the University of Pennsylvania Head and Neck Cancer Center, (3) determine whether hyperbaric oxygen therapy alters post-surgical complication rates and acute and long-term quality of life. The studies include evaluation of clinical parameters, surgical outcome and quality of life measurements, and objective, laboratory-based assessments of the magnitude of hypoxia/vascularization in surgical zones and tumors to provide objective data on surgical risk and clinical responses to HB02 therapy.\n\nThe prospective trial allows for planned follow-up and data collection for modeling and tumor oxygenation assessments for patients undergoing laryngectomy. The randomized trial is a treatment trial, comparing standard care before and after laryngectomy to the intervention of pre- & post-operative HBO2 in conjunction with laryngectomy. All patients receive nutritional counseling, speech therapy, and comprehensive peri-surgical care."
        },
        "ConditionsModule":{
          "ConditionList":{
            "Condition":[
              "Laryngeal Cancer"
            ]
          },
          "KeywordList":{
            "Keyword":[
              "Laryngeal Cancer",
              "Laryngectomy",
              "Tissue Oxygenation",
              "Irradiated Tissue",
              "Hyperbaric Oxygen",
              "Angiogenesis",
              "EF5"
            ]
          }
        },
        "DesignModule":{
          "StudyType":"Interventional",
          "PhaseList":{
            "Phase":[
              "Phase 2"
            ]
          },
          "DesignInfo":{
            "DesignAllocation":"Randomized",
            "DesignInterventionModel":"Parallel Assignment",
            "DesignPrimaryPurpose":"Treatment",
            "DesignMaskingInfo":{
              "DesignMasking":"None (Open Label)"
            }
          },
          "EnrollmentInfo":{
            "EnrollmentCount":"150"
          }
        },
        "ArmsInterventionsModule":{
          "InterventionList":{
            "Intervention":[
              {
                "InterventionType":"Procedure",
                "InterventionName":"Hyperbaric Oxygen"
              }
            ]
          }
        },
        "EligibilityModule":{
          "EligibilityCriteria":"Inclusion Criteria for Prospective Trial:\n\na lesion either suspicious for or diagnosed by biopsy as laryngeal/adjacent pharyngeal cancer requiring a total or partial laryngectomy, or if previously irradiated and ineligible for the randomized trial.\nno history of radiation to the head/neck\nadequate liver and kidney function\nno plans to become pregnant or conceive for the duration of the study\n\nInclusion Criteria for Randomized Trial:\n\nhave been previously irradiated for a head/neck cancer requiring a total laryngectomy\ndemonstrate a lesion either suspicious for or diagnosed by biopsy as laryngeal/adjacent pharyngeal cancer\nhave adequate liver and kidney function\nmeet physical requirements for hyperbaric oxygen therapy\nagree to randomization of care to receive a laryngectomy and standard follow-up care vs. hyperbaric oxygen therapy preoperatively and postoperatively",
          "HealthyVolunteers":"No",
          "Gender":"All",
          "MinimumAge":"18 Years",
          "StdAgeList":{
            "StdAge":[
              "Adult",
              "Older Adult"
            ]
          }
        },
        "ContactsLocationsModule":{
          "OverallOfficialList":{
            "OverallOfficial":[
              {
                "OverallOfficialName":"Ara A. Chalian, MD",
                "OverallOfficialAffiliation":"Clinical Faculty, Dept. ORLHNS, University of Pennsylvania",
                "OverallOfficialRole":"Principal Investigator"
              },{
                "OverallOfficialName":"Stephen R. Thom, MD PhD",
                "OverallOfficialAffiliation":"Chief of Section, Dept. of Hyperbaric Medicine, University of Pennsylvania",
                "OverallOfficialRole":"Study Director"
              }
            ]
          },
          "LocationList":{
            "Location":[
              {
                "LocationFacility":"University of Pennsylvania Medical Center, Dept.of Otorhinolaryngology, 3400 Spruce Street, 5 Ravdin",
                "LocationCity":"Philadelphia",
                "LocationState":"Pennsylvania",
                "LocationZip":"19104",
                "LocationCountry":"United States"
              }
            ]
          }
        }
      },
      "DerivedSection":{
        "MiscInfoModule":{
          "VersionHolder":"April 19, 2021"
        },
        "ConditionBrowseModule":{
          "ConditionMeshList":{
            "ConditionMesh":[
              {
                "ConditionMeshId":"D000007822",
                "ConditionMeshTerm":"Laryngeal Neoplasms"
              }
            ]
          },
          "ConditionAncestorList":{
            "ConditionAncestor":[
              {
                "ConditionAncestorId":"D000010039",
                "ConditionAncestorTerm":"Otorhinolaryngologic Neoplasms"
              },{
                "ConditionAncestorId":"D000006258",
                "ConditionAncestorTerm":"Head and Neck Neoplasms"
              },{
                "ConditionAncestorId":"D000009371",
                "ConditionAncestorTerm":"Neoplasms by Site"
              },{
                "ConditionAncestorId":"D000009369",
                "ConditionAncestorTerm":"Neoplasms"
              },{
                "ConditionAncestorId":"D000007818",
                "ConditionAncestorTerm":"Laryngeal Diseases"
              },{
                "ConditionAncestorId":"D000012140",
                "ConditionAncestorTerm":"Respiratory Tract Diseases"
              },{
                "ConditionAncestorId":"D000012142",
                "ConditionAncestorTerm":"Respiratory Tract Neoplasms"
              },{
                "ConditionAncestorId":"D000010038",
                "ConditionAncestorTerm":"Otorhinolaryngologic Diseases"
              }
            ]
          },
          "ConditionBrowseLeafList":{
            "ConditionBrowseLeaf":[
              {
                "ConditionBrowseLeafId":"M9422",
                "ConditionBrowseLeafName":"Laryngeal Neoplasms",
                "ConditionBrowseLeafAsFound":"Laryngeal Cancer",
                "ConditionBrowseLeafRelevance":"high"
              },{
                "ConditionBrowseLeafId":"M11545",
                "ConditionBrowseLeafName":"Otorhinolaryngologic Neoplasms",
                "ConditionBrowseLeafRelevance":"low"
              },{
                "ConditionBrowseLeafId":"M7931",
                "ConditionBrowseLeafName":"Head and Neck Neoplasms",
                "ConditionBrowseLeafRelevance":"low"
              },{
                "ConditionBrowseLeafId":"M9418",
                "ConditionBrowseLeafName":"Laryngeal Diseases",
                "ConditionBrowseLeafRelevance":"low"
              },{
                "ConditionBrowseLeafId":"M13560",
                "ConditionBrowseLeafName":"Respiratory Tract Diseases",
                "ConditionBrowseLeafRelevance":"low"
              },{
                "ConditionBrowseLeafId":"M13562",
                "ConditionBrowseLeafName":"Respiratory Tract Neoplasms",
                "ConditionBrowseLeafRelevance":"low"
              },{
                "ConditionBrowseLeafId":"M11544",
                "ConditionBrowseLeafName":"Otorhinolaryngologic Diseases",
                "ConditionBrowseLeafRelevance":"low"
              },{
                "ConditionBrowseLeafId":"T3311",
                "ConditionBrowseLeafName":"Laryngeal Cancer",
                "ConditionBrowseLeafAsFound":"Laryngeal Cancer",
                "ConditionBrowseLeafRelevance":"high"
              }
            ]
          },
          "ConditionBrowseBranchList":{
            "ConditionBrowseBranch":[
              {
                "ConditionBrowseBranchAbbrev":"BC04",
                "ConditionBrowseBranchName":"Cancers and Other Neoplasms"
              },{
                "ConditionBrowseBranchAbbrev":"BC08",
                "ConditionBrowseBranchName":"Respiratory Tract (Lung and Bronchial) Diseases"
              },{
                "ConditionBrowseBranchAbbrev":"BC09",
                "ConditionBrowseBranchName":"Ear, Nose, and Throat Diseases"
              },{
                "ConditionBrowseBranchAbbrev":"All",
                "ConditionBrowseBranchName":"All Conditions"
              },{
                "ConditionBrowseBranchAbbrev":"Rare",
                "ConditionBrowseBranchName":"Rare Diseases"
              }
            ]
          }
        },
        "InterventionBrowseModule":{
          "InterventionBrowseLeafList":{
            "InterventionBrowseLeaf":[
              {
                "InterventionBrowseLeafId":"M18209",
                "InterventionBrowseLeafName":"Etanidazole",
                "InterventionBrowseLeafRelevance":"low"
              }
            ]
          },
          "InterventionBrowseBranchList":{
            "InterventionBrowseBranch":[
              {
                "InterventionBrowseBranchAbbrev":"ANeo",
                "InterventionBrowseBranchName":"Antineoplastic Agents"
              },{
                "InterventionBrowseBranchAbbrev":"All",
                "InterventionBrowseBranchName":"All Drugs and Chemicals"
              }
            ]
          }
        }
      }
    }
  }
}

