{
  "FullStudy":{
    "Rank":367991,
    "Study":{
      "ProtocolSection":{
        "IdentificationModule":{
          "NCTId":"NCT00023218",
          "OrgStudyIdInfo":{
            "OrgStudyId":"ACTG A5133"
          },
          "SecondaryIdInfoList":{
            "SecondaryIdInfo":[
              {
                "SecondaryId":"AACTG A5133"
              }
            ]
          },
          "Organization":{
            "OrgFullName":"National Institute of Allergy and Infectious Diseases (NIAID)",
            "OrgClass":"NIH"
          },
          "BriefTitle":"Effect of a Change in HIV Therapy on Liver Steatosis, Inflammation, and Fibrosis",
          "OfficialTitle":"Effect of Change to a Nucleoside Reverse Transcriptase Inhibitor (NRTI)-Sparing Regimen of Efavirenz (EFV) and Lopinavir/Ritonavir (LPV/r) on Liver Histology in HIV-1-Infected Individuals With Lactic Acidemia and Persistent Alanine Aminotransferase (ALT) Elevations on NRTI-Containing Antiretroviral Therapy"
        },
        "StatusModule":{
          "StatusVerifiedDate":"June 2003",
          "OverallStatus":"Withdrawn",
          "ExpandedAccessInfo":{
            "HasExpandedAccess":"No"
          },
          "StudyFirstSubmitDate":"August 29, 2001",
          "StudyFirstSubmitQCDate":"August 30, 2001",
          "StudyFirstPostDateStruct":{
            "StudyFirstPostDate":"August 31, 2001",
            "StudyFirstPostDateType":"Estimate"
          },
          "LastUpdateSubmitDate":"March 5, 2015",
          "LastUpdatePostDateStruct":{
            "LastUpdatePostDate":"March 9, 2015",
            "LastUpdatePostDateType":"Estimate"
          }
        },
        "SponsorCollaboratorsModule":{
          "LeadSponsor":{
            "LeadSponsorName":"National Institute of Allergy and Infectious Diseases (NIAID)",
            "LeadSponsorClass":"NIH"
          }
        },
        "DescriptionModule":{
          "BriefSummary":"The purpose of this study is to look at how 2 different anti-HIV drug treatments affect the liver.\n\nThe use of anti-HIV drugs like the nucleoside reverse transcriptase inhibitors (NRTIs) may be linked to liver problems like fatty changes, scarring, abnormal liver function tests (LFTs), and lactic acidemia (an increase in lactic acid in the blood). Increased liver enzymes may mean liver damage. The way that the liver changes in people with abnormal LFTs and lactic acidemia is not completely understood.",
          "DetailedDescription":"This study provides a unique opportunity to prospectively assess the relationship of lactic acidemia with liver dysfunction and to determine whether lactic acidemia and liver dysfunction are likely to be secondary to NRTI-induced mitochondrial toxicity. If lactic acidemia and hepatic fatty infiltration (steatosis) in this study population are secondary to NRTI-induced mitochondrial toxicity, withdrawal of NRTI medications can be expected to result in partial improvement or resolution of these findings. Furthermore, this study will examine the possible additive ill effects of NRTI-induced mitochondrial toxicity on liver function in individuals coinfected with hepatitis C.\n\nThis study is designed both as a stand-alone ACTG protocol providing an NRTI-sparing regimen and as a study coenrollable simultaneously with A5116.\n\nPatients enrolling in A5133 as a stand-alone study: Patients on NRTI-containing regimens with elevated lactates and ALTs are enrolled into a single open-label NRTI-sparing treatment regimen of efavirenz (EFV) plus lopinavir/ritonavir (LPV/r), which are provided by the study. These patients follow virologic failure/toxicity management guidelines as detailed in the protocol.\n\nPatients coenrolling in A5116: Patients are studied on their assigned A5116 antiretroviral regimens with medication as provided by A5116. Those randomized in A5116 to the NRTI-sparing regimen of EFV and LPV/r identical to that offered by A5133 will be assessed together with patients who entered A5133 as a stand-alone study. Individuals assigned in A5116 to the continued NRTI arm of 2NRTIs plus EFV are enrolled into a separate observational arm of A5133. The impact of continued NRTI therapy on liver histology is assessed in this observational arm. Virologic failure/toxicity management is in accordance with the A5116 protocol. The definition of virologic failure in A5116 is identical to the definition used in A5133.\n\nArm 1 consists of patients assigned to an NRTI-sparing regimen without evidence of HCV coinfection.\n\nArm 2 consists of patients assigned to an NRTI-sparing regimen with evidence of HCV coinfection.\n\nArm 3 consists of patients coenrolled in the NRTI-containing arm of A5116 with or without evidence of HCV coinfection.\n\nAll patients are evaluated for safety and for virologic and immunologic responses. In addition, individuals undergo liver biopsy and upper abdominal CT scans within 30 days prior to entry and within 30 days prior to week 24. The biopsied tissue is reviewed for evidence of fatty infiltration, inflammation, and fibrosis. The CT scans are assessed for degree of fatty infiltration. If sufficient liver tissue is available, the biopsied tissue will be assessed for other parameters. Plasma, PBMCs, and sera are collected to explore the role of oxidative stress and other parameters in the development of hepatic fatty infiltration (steatosis) and hyperlactatemia. The effect of changes in liver fatty infiltration and plasma lactate on lipoproteins will be explored. Finally, PBMC mtDNA content will be correlated with liver mtDNA content."
        },
        "ConditionsModule":{
          "ConditionList":{
            "Condition":[
              "HIV Infections",
              "Hepatitis C"
            ]
          },
          "KeywordList":{
            "Keyword":[
              "Liver",
              "HIV-1",
              "HIV Protease Inhibitors",
              "Ritonavir",
              "Biopsy",
              "Reverse Transcriptase Inhibitors",
              "Anti-HIV Agents",
              "ABT 378",
              "Acidosis, Lactic",
              "efavirenz",
              "Alanine Transaminase"
            ]
          }
        },
        "DesignModule":{
          "StudyType":"Interventional",
          "PhaseList":{
            "Phase":[
              "Not Applicable"
            ]
          },
          "DesignInfo":{
            "DesignPrimaryPurpose":"Treatment"
          },
          "EnrollmentInfo":{
            "EnrollmentCount":"0",
            "EnrollmentType":"Actual"
          }
        },
        "ArmsInterventionsModule":{
          "InterventionList":{
            "Intervention":[
              {
                "InterventionType":"Drug",
                "InterventionName":"Lopinavir/Ritonavir"
              },{
                "InterventionType":"Drug",
                "InterventionName":"Efavirenz"
              }
            ]
          }
        },
        "EligibilityModule":{
          "EligibilityCriteria":"Inclusion Criteria\n\nPatients may be eligible for this study if they:\n\nHave a higher than normal level of lactic acid and liver enzymes in blood within 45 days prior to study entry.\nAre HIV infected.\nHave been receiving an anti-HIV drug combination containing an NRTI for more than 12 months continuously before entering the study.\nHave an HIV viral load (amount of HIV in the blood) of less than 200 copies/ml within 70 days prior to study entry.\nHave a negative pregnancy test within 45 days prior to study entry.\nAgree to use 2 approved methods of birth control while participating in sexual activity that could lead to pregnancy, while receiving study medications and for 6 weeks after stopping the medications, both men and women and their partners, if able to have children.\nAre at least 13 years of age.\n\nExclusion Criteria\n\nPatients will not be eligible for this study if they:\n\nHave hepatitis B according to certain lab tests.\nHave known causes for liver disease other than HCV or anti-HIV therapy.\nRegularly and excessively use alcohol.\nAre unwilling to restrict alcohol use to the amount allowed during the study.\nHave untreated endocrine disease such as diabetes and Cushing's disease. Diabetes that is under good control, stable hypothyroidism on replacement therapy, and stable hypogonadism on replacement therapy will be allowed.\nReceive prednisone within 1 month of study entry or high levels of prednisone (greater than 10 mg/day) within 90 days of study entry.\nHave had poorly controlled congestive heart failure within the last 12 months.\nHave signs and symptoms of abnormal liver function.\nAre unwilling to have a liver biopsy.\nHave a swollen abdomen due to accumulated fluid.\nAre suspected of having liver cancer.\nAre pregnant and breast-feeding.\nAbuse drugs.\nHave a serious illness within 14 days prior to entry.\nHave an AIDS-related (opportunistic) infection or illness at the time of study entry.\nHave HIV resistance to certain anti-HIV drugs.\nHave a history of failing treatment with PI-containing drugs (not due to side effects of the drug).\nHave previously received NNRTI medications (except for current drug combination that is successful).\nHave used certain drugs within 30 days prior to study entry.\nAre allergic to any of the study drugs.\nAre receiving or may need to receive treatment for hepatitis C during the study.\nHave previously enrolled in A5116.",
          "HealthyVolunteers":"No",
          "Gender":"All",
          "MinimumAge":"13 Years",
          "StdAgeList":{
            "StdAge":[
              "Child",
              "Adult",
              "Older Adult"
            ]
          }
        },
        "ContactsLocationsModule":{
          "OverallOfficialList":{
            "OverallOfficial":[
              {
                "OverallOfficialName":"Cecilia Shikuma",
                "OverallOfficialRole":"Study Chair"
              }
            ]
          },
          "LocationList":{
            "Location":[
              {
                "LocationFacility":"Univ of Hawaii",
                "LocationCity":"Honolulu",
                "LocationState":"Hawaii",
                "LocationZip":"96816",
                "LocationCountry":"United States"
              },{
                "LocationFacility":"Tripler Army Med Ctr",
                "LocationCity":"Tripler AMC",
                "LocationState":"Hawaii",
                "LocationZip":"96859",
                "LocationCountry":"United States"
              },{
                "LocationFacility":"Beth Israel Med Ctr",
                "LocationCity":"New York",
                "LocationState":"New York",
                "LocationZip":"10003",
                "LocationCountry":"United States"
              }
            ]
          }
        },
        "ReferencesModule":{
          "SeeAlsoLinkList":{
            "SeeAlsoLink":[
              {
                "SeeAlsoLinkLabel":"Haga clic aquí para ver información sobre este ensayo clínico en español.",
                "SeeAlsoLinkURL":"http://aidsinfo.nih.gov/clinicaltrials/htmltrials_sp.asp?an=1410"
              }
            ]
          }
        }
      },
      "DerivedSection":{
        "MiscInfoModule":{
          "VersionHolder":"April 19, 2021"
        },
        "ConditionBrowseModule":{
          "ConditionMeshList":{
            "ConditionMesh":[
              {
                "ConditionMeshId":"D000006526",
                "ConditionMeshTerm":"Hepatitis C"
              }
            ]
          },
          "ConditionAncestorList":{
            "ConditionAncestor":[
              {
                "ConditionAncestorId":"D000006505",
                "ConditionAncestorTerm":"Hepatitis"
              },{
                "ConditionAncestorId":"D000008107",
                "ConditionAncestorTerm":"Liver Diseases"
              },{
                "ConditionAncestorId":"D000004066",
                "ConditionAncestorTerm":"Digestive System Diseases"
              },{
                "ConditionAncestorId":"D000006525",
                "ConditionAncestorTerm":"Hepatitis, Viral, Human"
              },{
                "ConditionAncestorId":"D000014777",
                "ConditionAncestorTerm":"Virus Diseases"
              },{
                "ConditionAncestorId":"D000018178",
                "ConditionAncestorTerm":"Flaviviridae Infections"
              },{
                "ConditionAncestorId":"D000012327",
                "ConditionAncestorTerm":"RNA Virus Infections"
              }
            ]
          },
          "ConditionBrowseLeafList":{
            "ConditionBrowseLeaf":[
              {
                "ConditionBrowseLeafId":"M6958",
                "ConditionBrowseLeafName":"Fatty Liver",
                "ConditionBrowseLeafRelevance":"low"
              },{
                "ConditionBrowseLeafId":"M7068",
                "ConditionBrowseLeafName":"Fibrosis",
                "ConditionBrowseLeafRelevance":"low"
              },{
                "ConditionBrowseLeafId":"M8866",
                "ConditionBrowseLeafName":"Infection",
                "ConditionBrowseLeafRelevance":"low"
              },{
                "ConditionBrowseLeafId":"M4951",
                "ConditionBrowseLeafName":"Communicable Diseases",
                "ConditionBrowseLeafRelevance":"low"
              },{
                "ConditionBrowseLeafId":"M8876",
                "ConditionBrowseLeafName":"Inflammation",
                "ConditionBrowseLeafRelevance":"low"
              },{
                "ConditionBrowseLeafId":"M8175",
                "ConditionBrowseLeafName":"Hepatitis A",
                "ConditionBrowseLeafRelevance":"low"
              },{
                "ConditionBrowseLeafId":"M8174",
                "ConditionBrowseLeafName":"Hepatitis",
                "ConditionBrowseLeafRelevance":"low"
              },{
                "ConditionBrowseLeafId":"M16833",
                "ConditionBrowseLeafName":"HIV Infections",
                "ConditionBrowseLeafRelevance":"low"
              },{
                "ConditionBrowseLeafId":"M2103",
                "ConditionBrowseLeafName":"Acquired Immunodeficiency Syndrome",
                "ConditionBrowseLeafRelevance":"low"
              },{
                "ConditionBrowseLeafId":"M8194",
                "ConditionBrowseLeafName":"Hepatitis C",
                "ConditionBrowseLeafAsFound":"Hepatitis C",
                "ConditionBrowseLeafRelevance":"high"
              },{
                "ConditionBrowseLeafId":"M2080",
                "ConditionBrowseLeafName":"Acidosis",
                "ConditionBrowseLeafRelevance":"low"
              },{
                "ConditionBrowseLeafId":"M2081",
                "ConditionBrowseLeafName":"Acidosis, Lactic",
                "ConditionBrowseLeafRelevance":"low"
              },{
                "ConditionBrowseLeafId":"M9690",
                "ConditionBrowseLeafName":"Liver Diseases",
                "ConditionBrowseLeafRelevance":"low"
              },{
                "ConditionBrowseLeafId":"M5838",
                "ConditionBrowseLeafName":"Digestive System Diseases",
                "ConditionBrowseLeafRelevance":"low"
              },{
                "ConditionBrowseLeafId":"M7466",
                "ConditionBrowseLeafName":"Gastrointestinal Diseases",
                "ConditionBrowseLeafRelevance":"low"
              },{
                "ConditionBrowseLeafId":"M8193",
                "ConditionBrowseLeafName":"Hepatitis, Viral, Human",
                "ConditionBrowseLeafRelevance":"low"
              },{
                "ConditionBrowseLeafId":"M16105",
                "ConditionBrowseLeafName":"Virus Diseases",
                "ConditionBrowseLeafRelevance":"low"
              },{
                "ConditionBrowseLeafId":"M18907",
                "ConditionBrowseLeafName":"Flaviviridae Infections",
                "ConditionBrowseLeafRelevance":"low"
              },{
                "ConditionBrowseLeafId":"M13732",
                "ConditionBrowseLeafName":"RNA Virus Infections",
                "ConditionBrowseLeafRelevance":"low"
              },{
                "ConditionBrowseLeafId":"T5868",
                "ConditionBrowseLeafName":"Visceral Steatosis",
                "ConditionBrowseLeafRelevance":"low"
              }
            ]
          },
          "ConditionBrowseBranchList":{
            "ConditionBrowseBranch":[
              {
                "ConditionBrowseBranchAbbrev":"BC06",
                "ConditionBrowseBranchName":"Digestive System Diseases"
              },{
                "ConditionBrowseBranchAbbrev":"All",
                "ConditionBrowseBranchName":"All Conditions"
              },{
                "ConditionBrowseBranchAbbrev":"BC23",
                "ConditionBrowseBranchName":"Symptoms and General Pathology"
              },{
                "ConditionBrowseBranchAbbrev":"BC01",
                "ConditionBrowseBranchName":"Bacterial and Fungal Diseases"
              },{
                "ConditionBrowseBranchAbbrev":"BC02",
                "ConditionBrowseBranchName":"Viral Diseases"
              },{
                "ConditionBrowseBranchAbbrev":"BC20",
                "ConditionBrowseBranchName":"Immune System Diseases"
              },{
                "ConditionBrowseBranchAbbrev":"BC18",
                "ConditionBrowseBranchName":"Nutritional and Metabolic Diseases"
              },{
                "ConditionBrowseBranchAbbrev":"Rare",
                "ConditionBrowseBranchName":"Rare Diseases"
              }
            ]
          }
        },
        "InterventionBrowseModule":{
          "InterventionMeshList":{
            "InterventionMesh":[
              {
                "InterventionMeshId":"D000019438",
                "InterventionMeshTerm":"Ritonavir"
              },{
                "InterventionMeshId":"D000061466",
                "InterventionMeshTerm":"Lopinavir"
              },{
                "InterventionMeshId":"C000098320",
                "InterventionMeshTerm":"Efavirenz"
              }
            ]
          },
          "InterventionAncestorList":{
            "InterventionAncestor":[
              {
                "InterventionAncestorId":"D000017320",
                "InterventionAncestorTerm":"HIV Protease Inhibitors"
              },{
                "InterventionAncestorId":"D000011480",
                "InterventionAncestorTerm":"Protease Inhibitors"
              },{
                "InterventionAncestorId":"D000004791",
                "InterventionAncestorTerm":"Enzyme Inhibitors"
              },{
                "InterventionAncestorId":"D000045504",
                "InterventionAncestorTerm":"Molecular Mechanisms of Pharmacological Action"
              },{
                "InterventionAncestorId":"D000019380",
                "InterventionAncestorTerm":"Anti-HIV Agents"
              },{
                "InterventionAncestorId":"D000044966",
                "InterventionAncestorTerm":"Anti-Retroviral Agents"
              },{
                "InterventionAncestorId":"D000000998",
                "InterventionAncestorTerm":"Antiviral Agents"
              },{
                "InterventionAncestorId":"D000000890",
                "InterventionAncestorTerm":"Anti-Infective Agents"
              },{
                "InterventionAncestorId":"D000065692",
                "InterventionAncestorTerm":"Cytochrome P-450 CYP3A Inhibitors"
              },{
                "InterventionAncestorId":"D000065607",
                "InterventionAncestorTerm":"Cytochrome P-450 Enzyme Inhibitors"
              },{
                "InterventionAncestorId":"D000018894",
                "InterventionAncestorTerm":"Reverse Transcriptase Inhibitors"
              },{
                "InterventionAncestorId":"D000019384",
                "InterventionAncestorTerm":"Nucleic Acid Synthesis Inhibitors"
              },{
                "InterventionAncestorId":"D000065688",
                "InterventionAncestorTerm":"Cytochrome P-450 CYP2C9 Inhibitors"
              },{
                "InterventionAncestorId":"D000065689",
                "InterventionAncestorTerm":"Cytochrome P-450 CYP2C19 Inhibitors"
              },{
                "InterventionAncestorId":"D000065695",
                "InterventionAncestorTerm":"Cytochrome P-450 CYP2B6 Inducers"
              },{
                "InterventionAncestorId":"D000065693",
                "InterventionAncestorTerm":"Cytochrome P-450 Enzyme Inducers"
              },{
                "InterventionAncestorId":"D000065701",
                "InterventionAncestorTerm":"Cytochrome P-450 CYP3A Inducers"
              }
            ]
          },
          "InterventionBrowseLeafList":{
            "InterventionBrowseLeaf":[
              {
                "InterventionBrowseLeafId":"M246264",
                "InterventionBrowseLeafName":"Efavirenz",
                "InterventionBrowseLeafAsFound":"Feeding",
                "InterventionBrowseLeafRelevance":"high"
              },{
                "InterventionBrowseLeafId":"M19978",
                "InterventionBrowseLeafName":"Ritonavir",
                "InterventionBrowseLeafAsFound":"30 minutes",
                "InterventionBrowseLeafRelevance":"high"
              },{
                "InterventionBrowseLeafId":"M28424",
                "InterventionBrowseLeafName":"Lopinavir",
                "InterventionBrowseLeafAsFound":"Ophthalmic",
                "InterventionBrowseLeafRelevance":"high"
              },{
                "InterventionBrowseLeafId":"M9693",
                "InterventionBrowseLeafName":"Liver Extracts",
                "InterventionBrowseLeafRelevance":"low"
              },{
                "InterventionBrowseLeafId":"M12926",
                "InterventionBrowseLeafName":"Protease Inhibitors",
                "InterventionBrowseLeafRelevance":"low"
              },{
                "InterventionBrowseLeafId":"M24015",
                "InterventionBrowseLeafName":"Anti-Retroviral Agents",
                "InterventionBrowseLeafRelevance":"low"
              },{
                "InterventionBrowseLeafId":"M19519",
                "InterventionBrowseLeafName":"Reverse Transcriptase Inhibitors",
                "InterventionBrowseLeafRelevance":"low"
              },{
                "InterventionBrowseLeafId":"M18192",
                "InterventionBrowseLeafName":"HIV Protease Inhibitors",
                "InterventionBrowseLeafRelevance":"low"
              },{
                "InterventionBrowseLeafId":"M19934",
                "InterventionBrowseLeafName":"Anti-HIV Agents",
                "InterventionBrowseLeafRelevance":"low"
              },{
                "InterventionBrowseLeafId":"M2895",
                "InterventionBrowseLeafName":"Antiviral Agents",
                "InterventionBrowseLeafRelevance":"low"
              },{
                "InterventionBrowseLeafId":"M2795",
                "InterventionBrowseLeafName":"Anti-Infective Agents",
                "InterventionBrowseLeafRelevance":"low"
              },{
                "InterventionBrowseLeafId":"M29151",
                "InterventionBrowseLeafName":"Cytochrome P-450 CYP3A Inhibitors",
                "InterventionBrowseLeafRelevance":"low"
              },{
                "InterventionBrowseLeafId":"M29124",
                "InterventionBrowseLeafName":"Cytochrome P-450 Enzyme Inhibitors",
                "InterventionBrowseLeafRelevance":"low"
              },{
                "InterventionBrowseLeafId":"T0",
                "InterventionBrowseLeafName":"Alanine",
                "InterventionBrowseLeafRelevance":"low"
              }
            ]
          },
          "InterventionBrowseBranchList":{
            "InterventionBrowseBranch":[
              {
                "InterventionBrowseBranchAbbrev":"Infe",
                "InterventionBrowseBranchName":"Anti-Infective Agents"
              },{
                "InterventionBrowseBranchAbbrev":"All",
                "InterventionBrowseBranchName":"All Drugs and Chemicals"
              },{
                "InterventionBrowseBranchAbbrev":"Hemat",
                "InterventionBrowseBranchName":"Hematinics"
              },{
                "InterventionBrowseBranchAbbrev":"AA",
                "InterventionBrowseBranchName":"Amino Acids"
              }
            ]
          }
        }
      }
    }
  }
}

