{
  "FullStudy":{
    "Rank":367942,
    "Study":{
      "ProtocolSection":{
        "IdentificationModule":{
          "NCTId":"NCT00023933",
          "OrgStudyIdInfo":{
            "OrgStudyId":"NCI-2012-02406"
          },
          "SecondaryIdInfoList":{
            "SecondaryIdInfo":[
              {
                "SecondaryId":"UAB 9846"
              },{
                "SecondaryId":"CDR0000068877",
                "SecondaryIdType":"Registry Identifier",
                "SecondaryIdDomain":"PDQ (Physician Data Query)"
              }
            ]
          },
          "Organization":{
            "OrgFullName":"National Cancer Institute (NCI)",
            "OrgClass":"NIH"
          },
          "BriefTitle":"Radiolabeled Monoclonal Antibody Therapy in Treating Patients With Recurrent or Persistent Metastatic Colorectal Cancer",
          "OfficialTitle":"Phase I Trial of 131I-HuCC49^CH2 for Colon Cancer"
        },
        "StatusModule":{
          "StatusVerifiedDate":"January 2013",
          "OverallStatus":"Completed",
          "ExpandedAccessInfo":{
            "HasExpandedAccess":"No"
          },
          "StartDateStruct":{
            "StartDate":"October 2001"
          },
          "PrimaryCompletionDateStruct":{
            "PrimaryCompletionDate":"July 2005",
            "PrimaryCompletionDateType":"Actual"
          },
          "StudyFirstSubmitDate":"September 13, 2001",
          "StudyFirstSubmitQCDate":"June 19, 2003",
          "StudyFirstPostDateStruct":{
            "StudyFirstPostDate":"June 20, 2003",
            "StudyFirstPostDateType":"Estimate"
          },
          "LastUpdateSubmitDate":"January 24, 2013",
          "LastUpdatePostDateStruct":{
            "LastUpdatePostDate":"January 25, 2013",
            "LastUpdatePostDateType":"Estimate"
          }
        },
        "SponsorCollaboratorsModule":{
          "ResponsibleParty":{
            "ResponsiblePartyType":"Sponsor"
          },
          "LeadSponsor":{
            "LeadSponsorName":"National Cancer Institute (NCI)",
            "LeadSponsorClass":"NIH"
          }
        },
        "OversightModule":{},
        "DescriptionModule":{
          "BriefSummary":"Phase I trial to study the effectiveness of radiolabeled monoclonal antibody therapy in treating patients who have recurrent or persistent metastatic colorectal cancer. Radiolabeled monoclonal antibodies can locate tumor cells and deliver tumor-killing substances to them without harming normal cells. Radiolabeled monoclonal antibody therapy may be effective treatment for colorectal cancer",
          "DetailedDescription":"PRIMARY OBJECTIVES:\n\nI. Determine the maximum tolerated dose of iodine I 131 monoclonal antibody CC49-deltaCH2 (deleted CH2 region) in patients with colorectal cancer.\n\nII. Determine the toxic effects, plasma pharmacokinetics, whole body biodistribution, and conjugate stability of this drug in these patients.\n\nIII. Determine the ability of this drug to localize to tumor sites in these patients.\n\nIV. Determine the immune response in patients treated with this drug.\n\nOUTLINE: This is a dose-escalation study.\n\nPatients receive a tracer dose of iodine I 131 monoclonal antibody CC49-deltaCH2 IV on day 1 and a therapy dose over 30 minutes on day 8.\n\nCohorts of 3-5 patients receive escalating doses of iodine I 131 monoclonal antibody CC49-deltaCH2 until the maximum tolerated dose (MTD) is determined. The MTD is defined as the dose at which 3 of 5 patients experience grade 3 or greater toxicity while 0-2 of 5 patients experience reversible grade 4 hematologic toxicity.\n\nPatients are followed weekly for a minimum of 7 weeks and then every 6 weeks until disease progression."
        },
        "ConditionsModule":{
          "ConditionList":{
            "Condition":[
              "Adenocarcinoma of the Colon",
              "Adenocarcinoma of the Rectum",
              "Recurrent Colon Cancer",
              "Recurrent Rectal Cancer",
              "Stage IV Colon Cancer",
              "Stage IV Rectal Cancer"
            ]
          }
        },
        "DesignModule":{
          "StudyType":"Interventional",
          "PhaseList":{
            "Phase":[
              "Phase 1"
            ]
          },
          "DesignInfo":{
            "DesignAllocation":"N/A",
            "DesignInterventionModel":"Single Group Assignment",
            "DesignPrimaryPurpose":"Treatment",
            "DesignMaskingInfo":{
              "DesignMasking":"None (Open Label)"
            }
          },
          "EnrollmentInfo":{
            "EnrollmentCount":"15",
            "EnrollmentType":"Actual"
          }
        },
        "ArmsInterventionsModule":{
          "ArmGroupList":{
            "ArmGroup":[
              {
                "ArmGroupLabel":"Treatment (monoclonal antibody)",
                "ArmGroupType":"Experimental",
                "ArmGroupDescription":"Patients receive a tracer dose of iodine I 131 monoclonal antibody CC49-deltaCH2 IV on day 1 and a therapy dose over 30 minutes on day 8.\n\nCohorts of 3-5 patients receive escalating doses of iodine I 131 monoclonal antibody CC49-deltaCH2 until the MTD is determined. The MTD is defined as the dose at which 3 of 5 patients experience grade 3 or greater toxicity while 0-2 of 5 patients experience reversible grade 4 hematologic toxicity.",
                "ArmGroupInterventionList":{
                  "ArmGroupInterventionName":[
                    "Drug: iodine I 131 monoclonal antibody CC49-deltaCH2"
                  ]
                }
              }
            ]
          },
          "InterventionList":{
            "Intervention":[
              {
                "InterventionType":"Drug",
                "InterventionName":"iodine I 131 monoclonal antibody CC49-deltaCH2",
                "InterventionDescription":"Given IV",
                "InterventionArmGroupLabelList":{
                  "InterventionArmGroupLabel":[
                    "Treatment (monoclonal antibody)"
                  ]
                },
                "InterventionOtherNameList":{
                  "InterventionOtherName":[
                    "131I-HuCC49-deltaCH2",
                    "131I-MOAB CC49-deltaCH2"
                  ]
                }
              }
            ]
          }
        },
        "OutcomesModule":{
          "PrimaryOutcomeList":{
            "PrimaryOutcome":[
              {
                "PrimaryOutcomeMeasure":"Maximum tolerated dose of 131I-HuCC49^CH2 based on dose-limiting toxicities",
                "PrimaryOutcomeTimeFrame":"6 weeks"
              }
            ]
          },
          "SecondaryOutcomeList":{
            "SecondaryOutcome":[
              {
                "SecondaryOutcomeMeasure":"Immune response",
                "SecondaryOutcomeTimeFrame":"Up to 54 weeks"
              }
            ]
          }
        },
        "EligibilityModule":{
          "EligibilityCriteria":"Inclusion Criteria:\n\nHistologically confirmed metastatic adenocarcinoma of the colon or rectum\n\nNot amenable to surgical resection\nRecurrent or persistent disease after standard surgery, radiotherapy, and chemotherapy, including fluorouracil and irinotecan\nTAG-72 positive\nPerformance status - ECOG 0-2\nWBC greater than 3,500/mm^3\nPlatelet count greater than 125,000/mm^3\nHemoglobin greater than 10 g/dL\nNo nucleated RBC or significant teardrop RBC morphology\nBilirubin less than 1.5 mg/dL\nSGOT/SGPT less than 4 times normal\nHepatitis B surface antigen negative\nCreatinine less than 2.0 mg/dL\nHIV negative\nNo other malignancy within the past 5 years except basal cell skin cancer\nNo allergy to iodine\nNo detectable antibody to monoclonal antibody CC49\nNot pregnant or nursing\nFertile patients must use effective contraception\nAt least 3 weeks since prior immunotherapy and recovered\nNo prior bone marrow or stem cell transplantation\nNo other concurrent immunotherapy\nSee Disease Characteristics\nAt least 3 weeks since prior chemotherapy and recovered\nNo concurrent chemotherapy\nSee Disease Characteristics\nAt least 3 weeks since prior radiotherapy and recovered\nNo prior radiotherapy to more than 25% of red marrow\nNo concurrent radiotherapy\nSee Disease Characteristics\nAt least 3 weeks since prior surgery and recovered",
          "HealthyVolunteers":"No",
          "Gender":"All",
          "MinimumAge":"19 Years",
          "StdAgeList":{
            "StdAge":[
              "Adult",
              "Older Adult"
            ]
          }
        },
        "ContactsLocationsModule":{
          "OverallOfficialList":{
            "OverallOfficial":[
              {
                "OverallOfficialName":"Ruby Meredith",
                "OverallOfficialAffiliation":"University of Alabama at Birmingham",
                "OverallOfficialRole":"Principal Investigator"
              }
            ]
          },
          "LocationList":{
            "Location":[
              {
                "LocationFacility":"University of Alabama at Birmingham",
                "LocationCity":"Birmingham",
                "LocationState":"Alabama",
                "LocationZip":"35294",
                "LocationCountry":"United States"
              }
            ]
          }
        }
      },
      "DerivedSection":{
        "MiscInfoModule":{
          "VersionHolder":"April 19, 2021"
        },
        "ConditionBrowseModule":{
          "ConditionMeshList":{
            "ConditionMesh":[
              {
                "ConditionMeshId":"D000000230",
                "ConditionMeshTerm":"Adenocarcinoma"
              },{
                "ConditionMeshId":"D000012004",
                "ConditionMeshTerm":"Rectal Neoplasms"
              },{
                "ConditionMeshId":"D000003110",
                "ConditionMeshTerm":"Colonic Neoplasms"
              }
            ]
          },
          "ConditionAncestorList":{
            "ConditionAncestor":[
              {
                "ConditionAncestorId":"D000002277",
                "ConditionAncestorTerm":"Carcinoma"
              },{
                "ConditionAncestorId":"D000009375",
                "ConditionAncestorTerm":"Neoplasms, Glandular and Epithelial"
              },{
                "ConditionAncestorId":"D000009370",
                "ConditionAncestorTerm":"Neoplasms by Histologic Type"
              },{
                "ConditionAncestorId":"D000009369",
                "ConditionAncestorTerm":"Neoplasms"
              },{
                "ConditionAncestorId":"D000015179",
                "ConditionAncestorTerm":"Colorectal Neoplasms"
              },{
                "ConditionAncestorId":"D000007414",
                "ConditionAncestorTerm":"Intestinal Neoplasms"
              },{
                "ConditionAncestorId":"D000005770",
                "ConditionAncestorTerm":"Gastrointestinal Neoplasms"
              },{
                "ConditionAncestorId":"D000004067",
                "ConditionAncestorTerm":"Digestive System Neoplasms"
              },{
                "ConditionAncestorId":"D000009371",
                "ConditionAncestorTerm":"Neoplasms by Site"
              },{
                "ConditionAncestorId":"D000004066",
                "ConditionAncestorTerm":"Digestive System Diseases"
              },{
                "ConditionAncestorId":"D000005767",
                "ConditionAncestorTerm":"Gastrointestinal Diseases"
              },{
                "ConditionAncestorId":"D000007410",
                "ConditionAncestorTerm":"Intestinal Diseases"
              },{
                "ConditionAncestorId":"D000012002",
                "ConditionAncestorTerm":"Rectal Diseases"
              },{
                "ConditionAncestorId":"D000003108",
                "ConditionAncestorTerm":"Colonic Diseases"
              }
            ]
          },
          "ConditionBrowseLeafList":{
            "ConditionBrowseLeaf":[
              {
                "ConditionBrowseLeafId":"M16473",
                "ConditionBrowseLeafName":"Colorectal Neoplasms",
                "ConditionBrowseLeafRelevance":"low"
              },{
                "ConditionBrowseLeafId":"M2166",
                "ConditionBrowseLeafName":"Adenocarcinoma",
                "ConditionBrowseLeafAsFound":"Adenocarcinoma",
                "ConditionBrowseLeafRelevance":"high"
              },{
                "ConditionBrowseLeafId":"M13429",
                "ConditionBrowseLeafName":"Rectal Neoplasms",
                "ConditionBrowseLeafAsFound":"Rectal Cancer",
                "ConditionBrowseLeafRelevance":"high"
              },{
                "ConditionBrowseLeafId":"M4921",
                "ConditionBrowseLeafName":"Colonic Neoplasms",
                "ConditionBrowseLeafAsFound":"Colon Cancer",
                "ConditionBrowseLeafRelevance":"high"
              },{
                "ConditionBrowseLeafId":"M4116",
                "ConditionBrowseLeafName":"Carcinoma",
                "ConditionBrowseLeafRelevance":"low"
              },{
                "ConditionBrowseLeafId":"M10903",
                "ConditionBrowseLeafName":"Neoplasms, Glandular and Epithelial",
                "ConditionBrowseLeafRelevance":"low"
              },{
                "ConditionBrowseLeafId":"M10898",
                "ConditionBrowseLeafName":"Neoplasms by Histologic Type",
                "ConditionBrowseLeafRelevance":"low"
              },{
                "ConditionBrowseLeafId":"M9031",
                "ConditionBrowseLeafName":"Intestinal Neoplasms",
                "ConditionBrowseLeafRelevance":"low"
              },{
                "ConditionBrowseLeafId":"M7469",
                "ConditionBrowseLeafName":"Gastrointestinal Neoplasms",
                "ConditionBrowseLeafRelevance":"low"
              },{
                "ConditionBrowseLeafId":"M5839",
                "ConditionBrowseLeafName":"Digestive System Neoplasms",
                "ConditionBrowseLeafRelevance":"low"
              },{
                "ConditionBrowseLeafId":"M5838",
                "ConditionBrowseLeafName":"Digestive System Diseases",
                "ConditionBrowseLeafRelevance":"low"
              },{
                "ConditionBrowseLeafId":"M7466",
                "ConditionBrowseLeafName":"Gastrointestinal Diseases",
                "ConditionBrowseLeafRelevance":"low"
              },{
                "ConditionBrowseLeafId":"M9027",
                "ConditionBrowseLeafName":"Intestinal Diseases",
                "ConditionBrowseLeafRelevance":"low"
              },{
                "ConditionBrowseLeafId":"M13427",
                "ConditionBrowseLeafName":"Rectal Diseases",
                "ConditionBrowseLeafRelevance":"low"
              },{
                "ConditionBrowseLeafId":"M4919",
                "ConditionBrowseLeafName":"Colonic Diseases",
                "ConditionBrowseLeafRelevance":"low"
              }
            ]
          },
          "ConditionBrowseBranchList":{
            "ConditionBrowseBranch":[
              {
                "ConditionBrowseBranchAbbrev":"BC04",
                "ConditionBrowseBranchName":"Cancers and Other Neoplasms"
              },{
                "ConditionBrowseBranchAbbrev":"BC06",
                "ConditionBrowseBranchName":"Digestive System Diseases"
              },{
                "ConditionBrowseBranchAbbrev":"All",
                "ConditionBrowseBranchName":"All Conditions"
              }
            ]
          }
        },
        "InterventionBrowseModule":{
          "InterventionMeshList":{
            "InterventionMesh":[
              {
                "InterventionMeshId":"D000000906",
                "InterventionMeshTerm":"Antibodies"
              },{
                "InterventionMeshId":"D000000911",
                "InterventionMeshTerm":"Antibodies, Monoclonal"
              }
            ]
          },
          "InterventionAncestorList":{
            "InterventionAncestor":[
              {
                "InterventionAncestorId":"D000007155",
                "InterventionAncestorTerm":"Immunologic Factors"
              },{
                "InterventionAncestorId":"D000045505",
                "InterventionAncestorTerm":"Physiological Effects of Drugs"
              }
            ]
          },
          "InterventionBrowseLeafList":{
            "InterventionBrowseLeaf":[
              {
                "InterventionBrowseLeafId":"M2806",
                "InterventionBrowseLeafName":"Antibodies",
                "InterventionBrowseLeafAsFound":"Sessions",
                "InterventionBrowseLeafRelevance":"high"
              },{
                "InterventionBrowseLeafId":"M2811",
                "InterventionBrowseLeafName":"Antibodies, Monoclonal",
                "InterventionBrowseLeafAsFound":"Double-",
                "InterventionBrowseLeafRelevance":"high"
              },{
                "InterventionBrowseLeafId":"M8767",
                "InterventionBrowseLeafName":"Immunoglobulins",
                "InterventionBrowseLeafRelevance":"low"
              },{
                "InterventionBrowseLeafId":"M9071",
                "InterventionBrowseLeafName":"Iodine",
                "InterventionBrowseLeafRelevance":"low"
              },{
                "InterventionBrowseLeafId":"M237459",
                "InterventionBrowseLeafName":"Cadexomer iodine",
                "InterventionBrowseLeafRelevance":"low"
              },{
                "InterventionBrowseLeafId":"M8784",
                "InterventionBrowseLeafName":"Immunologic Factors",
                "InterventionBrowseLeafRelevance":"low"
              },{
                "InterventionBrowseLeafId":"T120",
                "InterventionBrowseLeafName":"Cola",
                "InterventionBrowseLeafRelevance":"low"
              }
            ]
          },
          "InterventionBrowseBranchList":{
            "InterventionBrowseBranch":[
              {
                "InterventionBrowseBranchAbbrev":"All",
                "InterventionBrowseBranchName":"All Drugs and Chemicals"
              },{
                "InterventionBrowseBranchAbbrev":"Micro",
                "InterventionBrowseBranchName":"Micronutrients"
              },{
                "InterventionBrowseBranchAbbrev":"Infe",
                "InterventionBrowseBranchName":"Anti-Infective Agents"
              },{
                "InterventionBrowseBranchAbbrev":"HB",
                "InterventionBrowseBranchName":"Herbal and Botanical"
              }
            ]
          }
        }
      }
    }
  }
}

