{
  "FullStudy":{
    "Rank":367617,
    "Study":{
      "ProtocolSection":{
        "IdentificationModule":{
          "NCTId":"NCT00028613",
          "OrgStudyIdInfo":{
            "OrgStudyId":"BRLX1400"
          },
          "SecondaryIdInfoList":{
            "SecondaryIdInfo":[
              {
                "SecondaryId":"CWRU-BRLX-1400"
              },{
                "SecondaryId":"BRLX-303680"
              },{
                "SecondaryId":"CWRU-090036"
              },{
                "SecondaryId":"NCI-G01-2038"
              }
            ]
          },
          "Organization":{
            "OrgFullName":"Case Comprehensive Cancer Center",
            "OrgClass":"OTHER"
          },
          "BriefTitle":"Radiolabeled Monoclonal Antibody in Treating Patients With Previously Treated Large Cell Lymphoma",
          "OfficialTitle":"Phase I Safety Study Of 131I-Lym-1 For The Treatment Of Previously Treated Diffuse Large B-Cell Lymphoma"
        },
        "StatusModule":{
          "StatusVerifiedDate":"January 2014",
          "OverallStatus":"Completed",
          "ExpandedAccessInfo":{
            "HasExpandedAccess":"No"
          },
          "StartDateStruct":{
            "StartDate":"March 2001"
          },
          "PrimaryCompletionDateStruct":{
            "PrimaryCompletionDate":"October 2001",
            "PrimaryCompletionDateType":"Actual"
          },
          "CompletionDateStruct":{
            "CompletionDate":"October 2001",
            "CompletionDateType":"Actual"
          },
          "StudyFirstSubmitDate":"January 4, 2002",
          "StudyFirstSubmitQCDate":"June 27, 2003",
          "StudyFirstPostDateStruct":{
            "StudyFirstPostDate":"June 30, 2003",
            "StudyFirstPostDateType":"Estimate"
          },
          "LastUpdateSubmitDate":"January 8, 2014",
          "LastUpdatePostDateStruct":{
            "LastUpdatePostDate":"January 9, 2014",
            "LastUpdatePostDateType":"Estimate"
          }
        },
        "SponsorCollaboratorsModule":{
          "ResponsibleParty":{
            "ResponsiblePartyType":"Sponsor"
          },
          "LeadSponsor":{
            "LeadSponsorName":"Case Comprehensive Cancer Center",
            "LeadSponsorClass":"OTHER"
          },
          "CollaboratorList":{
            "Collaborator":[
              {
                "CollaboratorName":"National Cancer Institute (NCI)",
                "CollaboratorClass":"NIH"
              }
            ]
          }
        },
        "OversightModule":{
          "OversightHasDMC":"Yes"
        },
        "DescriptionModule":{
          "BriefSummary":"RATIONALE: Radiolabeled monoclonal antibodies can locate tumor cells and deliver tumor-killing substances such as radioactive iodine to them without harming normal cells.\n\nPURPOSE: Phase I trial to study the effectiveness of radiolabeled monoclonal antibodies in treating patients who have large cell lymphoma that has been previously treated.",
          "DetailedDescription":"OBJECTIVES:\n\nDetermine the maximum tolerated dose of iodine I 131 monoclonal antibody Lym-1 in patients with previously treated diffuse large cell lymphoma.\nDetermine the safety of this drug in these patients.\nDetermine the response of patients to this drug.\n\nOUTLINE: This is a dose-escalation, multicenter study.\n\nPatients receive unlabeled monoclonal antibody Lym-1 IV over 40 minutes followed 15-30 minutes later by iodine I 131 monoclonal antibody Lym-1 IV over 2 minutes.\n\nCohorts of 3-6 patients receive escalating doses of iodine I 131 monoclonal antibody Lym-1 until the maximum tolerated dose (MTD) is determined. The MTD is defined as the dose preceding that at which at least 2 of 3 or 2 of 6 patients experience dose-limiting toxicity.\n\nPatients are followed weekly for 8 weeks and then every 3 months for 1 year.\n\nPROJECTED ACCRUAL: A total of 8-36 patients will be accrued for this study."
        },
        "ConditionsModule":{
          "ConditionList":{
            "Condition":[
              "Lymphoma"
            ]
          },
          "KeywordList":{
            "Keyword":[
              "recurrent adult diffuse large cell lymphoma"
            ]
          }
        },
        "DesignModule":{
          "StudyType":"Interventional",
          "PhaseList":{
            "Phase":[
              "Phase 1"
            ]
          },
          "DesignInfo":{
            "DesignAllocation":"N/A",
            "DesignInterventionModel":"Single Group Assignment",
            "DesignPrimaryPurpose":"Treatment",
            "DesignMaskingInfo":{
              "DesignMasking":"None (Open Label)"
            }
          },
          "EnrollmentInfo":{
            "EnrollmentCount":"2",
            "EnrollmentType":"Actual"
          }
        },
        "ArmsInterventionsModule":{
          "InterventionList":{
            "Intervention":[
              {
                "InterventionType":"Radiation",
                "InterventionName":"iodine I 131 monoclonal antibody Lym-1"
              }
            ]
          }
        },
        "EligibilityModule":{
          "EligibilityCriteria":"Inclusion Criteria\n\nHistologic diagnosis of B-cell diffuse large cell lymphoma (REAL classification system) confirmed by an independent central pathology reviewer.\nThe tumor's B-cell phenotype will be confirmed by positive L-26 (CD20).\nPrevious treatment with 2 common combination chemotherapy regimens. Patients previously treated with unlabeled monoclonal antibody therapy are eligible.\nMen or women at least 18 years of age.\nKarnofsky Performance Score (KPS) estimated to be > 60 at the time of the scheduled therapeutic dose of 131I-Lym-1.\nLife expectancy estimated to be at least 3 months from the time of the therapeutic dose of 131I Lym-1.\nMeasurable disease demonstrable by physical examination or computerized tomography (CT).\nCT scan evidence of at least one indicator lesion with at least one diameter that measures > 2 cm. (The CT scan should be done within 2 weeks of the imaging study.)\n\nExclusion Criteria\n\nInability or unwillingness to comply with the following:\nBone marrow biopsy\nReturn for follow-up visits\nRemaining motionless for extended periods of time for imaging procedures\nSerial blood/urine sampling (for dosimetry patients only)\nPregnancy (Women of childbearing potential must be practicing an effective method of contraception.)\nPresence of a second malignancy except for basal cell skin carcinoma or carcinoma in-situ of the cervix\nPresence of active lymphomatous meningitis or other CNS involvement with lymphoma.\nHIV positive patients.\nPrior total body irradiation, or a course of prior radiation > 3,000 cGy delivered to > 20% of the central marrow or the lumbar vertebrae within 6 months of screening.\nSerum creatinine or total bilirubin > 2 x the upper limit of normal.\nAspartate aminotransferase (AST), alanine aminotransferase (ALT) or alkaline phosphatase > 3 x the upper limit of normal.\nSignificant marrow lymphoma (defined as lymphoma cells constituting greater than 20% of the hematopoietic marrow elements from an iliac crest biopsy). A prior bone marrow biopsy is acceptable if it meets the following criteria:\nIf there is prior bone marrow involvement, the biopsy must be performed within 45 days of screening.\nIf there is no prior bone marrow involvement, the biopsy must be performed within 90 days of screening\nWBC count < 3,500/mm3, granulocyte count < 1,500/mm3, or platelet count < 125,000/mm3.\nPositive human anti-mouse antibodies (HAMA) serum values, defined as > 74 ng/mL at screening.\nPatients who have not recovered from toxicities of most recent anti-lymphoma therapy.\nTreatment with:\nColony stimulating factor G-CSF or GM-CSF within 120 hours of screening laboratory assessment.\nErythropoietin (EPO) within a month of screening laboratory assessment\nWhole blood or platelet transfusion within 120 hours of screening laboratory assessment\nHistory or electrocardiographic (ECG) evidence of Q-wave myocardial infarction within 6 months of screening or congestive heart failure (CHF; NYHA Stage III or IV).\nKnown hypersensitivity to iodine or iodine-containing organic substances.\nPatients who require therapy with anticoagulants or antiplatelet drugs which cannot be discontinued during the study.\nPatients who are known to have antiplatelet antibodies.",
          "HealthyVolunteers":"No",
          "Gender":"All",
          "MinimumAge":"18 Years",
          "StdAgeList":{
            "StdAge":[
              "Adult",
              "Older Adult"
            ]
          }
        },
        "ContactsLocationsModule":{
          "OverallOfficialList":{
            "OverallOfficial":[
              {
                "OverallOfficialName":"Omer N. Koc, MD",
                "OverallOfficialAffiliation":"Case Comprehensive Cancer Center",
                "OverallOfficialRole":"Study Chair"
              }
            ]
          },
          "LocationList":{
            "Location":[
              {
                "LocationFacility":"Ireland Cancer Center",
                "LocationCity":"Cleveland",
                "LocationState":"Ohio",
                "LocationZip":"44106-5065",
                "LocationCountry":"United States"
              }
            ]
          }
        }
      },
      "DerivedSection":{
        "MiscInfoModule":{
          "VersionHolder":"April 19, 2021"
        },
        "ConditionBrowseModule":{
          "ConditionMeshList":{
            "ConditionMesh":[
              {
                "ConditionMeshId":"D000008223",
                "ConditionMeshTerm":"Lymphoma"
              }
            ]
          },
          "ConditionAncestorList":{
            "ConditionAncestor":[
              {
                "ConditionAncestorId":"D000009370",
                "ConditionAncestorTerm":"Neoplasms by Histologic Type"
              },{
                "ConditionAncestorId":"D000009369",
                "ConditionAncestorTerm":"Neoplasms"
              },{
                "ConditionAncestorId":"D000008232",
                "ConditionAncestorTerm":"Lymphoproliferative Disorders"
              },{
                "ConditionAncestorId":"D000008206",
                "ConditionAncestorTerm":"Lymphatic Diseases"
              },{
                "ConditionAncestorId":"D000007160",
                "ConditionAncestorTerm":"Immunoproliferative Disorders"
              },{
                "ConditionAncestorId":"D000007154",
                "ConditionAncestorTerm":"Immune System Diseases"
              }
            ]
          },
          "ConditionBrowseLeafList":{
            "ConditionBrowseLeaf":[
              {
                "ConditionBrowseLeafId":"M9803",
                "ConditionBrowseLeafName":"Lymphoma",
                "ConditionBrowseLeafAsFound":"Lymphoma",
                "ConditionBrowseLeafRelevance":"high"
              },{
                "ConditionBrowseLeafId":"M17411",
                "ConditionBrowseLeafName":"Lymphoma, B-Cell",
                "ConditionBrowseLeafRelevance":"low"
              },{
                "ConditionBrowseLeafId":"M17414",
                "ConditionBrowseLeafName":"Lymphoma, Large B-Cell, Diffuse",
                "ConditionBrowseLeafRelevance":"low"
              },{
                "ConditionBrowseLeafId":"M10898",
                "ConditionBrowseLeafName":"Neoplasms by Histologic Type",
                "ConditionBrowseLeafRelevance":"low"
              },{
                "ConditionBrowseLeafId":"M9808",
                "ConditionBrowseLeafName":"Lymphoproliferative Disorders",
                "ConditionBrowseLeafRelevance":"low"
              },{
                "ConditionBrowseLeafId":"M9786",
                "ConditionBrowseLeafName":"Lymphatic Diseases",
                "ConditionBrowseLeafRelevance":"low"
              },{
                "ConditionBrowseLeafId":"M8789",
                "ConditionBrowseLeafName":"Immunoproliferative Disorders",
                "ConditionBrowseLeafRelevance":"low"
              },{
                "ConditionBrowseLeafId":"M8783",
                "ConditionBrowseLeafName":"Immune System Diseases",
                "ConditionBrowseLeafRelevance":"low"
              },{
                "ConditionBrowseLeafId":"T3543",
                "ConditionBrowseLeafName":"Lymphosarcoma",
                "ConditionBrowseLeafAsFound":"Lymphoma",
                "ConditionBrowseLeafRelevance":"high"
              },{
                "ConditionBrowseLeafId":"T640",
                "ConditionBrowseLeafName":"B-cell Lymphoma",
                "ConditionBrowseLeafRelevance":"low"
              },{
                "ConditionBrowseLeafId":"T1866",
                "ConditionBrowseLeafName":"Diffuse Large B-Cell Lymphoma",
                "ConditionBrowseLeafRelevance":"low"
              }
            ]
          },
          "ConditionBrowseBranchList":{
            "ConditionBrowseBranch":[
              {
                "ConditionBrowseBranchAbbrev":"BC04",
                "ConditionBrowseBranchName":"Cancers and Other Neoplasms"
              },{
                "ConditionBrowseBranchAbbrev":"BC15",
                "ConditionBrowseBranchName":"Blood and Lymph Conditions"
              },{
                "ConditionBrowseBranchAbbrev":"BC20",
                "ConditionBrowseBranchName":"Immune System Diseases"
              },{
                "ConditionBrowseBranchAbbrev":"All",
                "ConditionBrowseBranchName":"All Conditions"
              },{
                "ConditionBrowseBranchAbbrev":"Rare",
                "ConditionBrowseBranchName":"Rare Diseases"
              }
            ]
          }
        },
        "InterventionBrowseModule":{
          "InterventionMeshList":{
            "InterventionMesh":[
              {
                "InterventionMeshId":"D000000906",
                "InterventionMeshTerm":"Antibodies"
              },{
                "InterventionMeshId":"D000000911",
                "InterventionMeshTerm":"Antibodies, Monoclonal"
              }
            ]
          },
          "InterventionAncestorList":{
            "InterventionAncestor":[
              {
                "InterventionAncestorId":"D000007155",
                "InterventionAncestorTerm":"Immunologic Factors"
              },{
                "InterventionAncestorId":"D000045505",
                "InterventionAncestorTerm":"Physiological Effects of Drugs"
              }
            ]
          },
          "InterventionBrowseLeafList":{
            "InterventionBrowseLeaf":[
              {
                "InterventionBrowseLeafId":"M2806",
                "InterventionBrowseLeafName":"Antibodies",
                "InterventionBrowseLeafAsFound":"Sessions",
                "InterventionBrowseLeafRelevance":"high"
              },{
                "InterventionBrowseLeafId":"M2811",
                "InterventionBrowseLeafName":"Antibodies, Monoclonal",
                "InterventionBrowseLeafAsFound":"Double-",
                "InterventionBrowseLeafRelevance":"high"
              },{
                "InterventionBrowseLeafId":"M8767",
                "InterventionBrowseLeafName":"Immunoglobulins",
                "InterventionBrowseLeafRelevance":"low"
              },{
                "InterventionBrowseLeafId":"M9071",
                "InterventionBrowseLeafName":"Iodine",
                "InterventionBrowseLeafRelevance":"low"
              },{
                "InterventionBrowseLeafId":"M237459",
                "InterventionBrowseLeafName":"Cadexomer iodine",
                "InterventionBrowseLeafRelevance":"low"
              },{
                "InterventionBrowseLeafId":"M8784",
                "InterventionBrowseLeafName":"Immunologic Factors",
                "InterventionBrowseLeafRelevance":"low"
              }
            ]
          },
          "InterventionBrowseBranchList":{
            "InterventionBrowseBranch":[
              {
                "InterventionBrowseBranchAbbrev":"All",
                "InterventionBrowseBranchName":"All Drugs and Chemicals"
              },{
                "InterventionBrowseBranchAbbrev":"Micro",
                "InterventionBrowseBranchName":"Micronutrients"
              },{
                "InterventionBrowseBranchAbbrev":"Infe",
                "InterventionBrowseBranchName":"Anti-Infective Agents"
              }
            ]
          }
        }
      }
    }
  }
}

