{
  "FullStudy":{
    "Rank":367730,
    "Study":{
      "ProtocolSection":{
        "IdentificationModule":{
          "NCTId":"NCT00027001",
          "OrgStudyIdInfo":{
            "OrgStudyId":"R21AT000291-01",
            "OrgStudyIdType":"U.S. NIH Grant/Contract",
            "OrgStudyIdLink":"https://projectreporter.nih.gov/reporterapi.cfm?PROJECTNUM=R21AT000291-01&Fy=all"
          },
          "Organization":{
            "OrgFullName":"National Center for Complementary and Integrative Health (NCCIH)",
            "OrgClass":"NIH"
          },
          "BriefTitle":"Qigong Therapy For Heart Device Patients",
          "OfficialTitle":"Qigong Therapy for Heart Device Patients"
        },
        "StatusModule":{
          "StatusVerifiedDate":"July 2006",
          "OverallStatus":"Completed",
          "ExpandedAccessInfo":{
            "HasExpandedAccess":"No"
          },
          "StartDateStruct":{
            "StartDate":"September 2000"
          },
          "CompletionDateStruct":{
            "CompletionDate":"June 2003"
          },
          "StudyFirstSubmitDate":"November 15, 2001",
          "StudyFirstSubmitQCDate":"November 15, 2001",
          "StudyFirstPostDateStruct":{
            "StudyFirstPostDate":"November 16, 2001",
            "StudyFirstPostDateType":"Estimate"
          },
          "LastUpdateSubmitDate":"August 17, 2006",
          "LastUpdatePostDateStruct":{
            "LastUpdatePostDate":"August 18, 2006",
            "LastUpdatePostDateType":"Estimate"
          }
        },
        "SponsorCollaboratorsModule":{
          "LeadSponsor":{
            "LeadSponsorName":"National Center for Complementary and Integrative Health (NCCIH)",
            "LeadSponsorClass":"NIH"
          }
        },
        "OversightModule":{},
        "DescriptionModule":{
          "BriefSummary":"The goal of this study is to improve the overall physical health and quality of life of patients attached to mechanical heart devices while awaiting heart transplantation. Qigong, an ancient Chinese exercise that involves active participation of the individual in the form of meditation, breathing exercises and simple physical movements, is used in combination with a structured exercise program. We are testing the hypotheses that Qigong, in combination with a structured exercise program that combines aerobic and resistance training will improve the cardiovascular health and improve the quality of life of patients on mechanical heart devices. To test these hypotheses, we are measuring cardiovascular function and quality of life parameters in patients attached to mechanical heart devices who have participated in the exercise program and have practiced Qigong, and comparing these measures to patients who participated in the exercise program, but did not practice Qigong. Information gained from this research will serve as a basis from which the application of exercise training and Qigong can be applied to the treatment of other chronic diseases in which the physical conditioning and/or quality of life of individuals is compromised.",
          "DetailedDescription":"The goal of this study is to improve the overall physical health and quality of life of patients attached to mechanical hearts or assist devices while awaiting heart transplantation. Qigong, an ancient Chinese exercise that involves active participation of the individual in the form of meditation, breathing exercises and simple physical movements, will be used as an adjunct to the therapies, including a structured exercise program, currently provided to these patients at the University of Arizona Health Sciences Center. Based on the results of studies that have demonstrated physiological and psychosocial benefits of structured exercise programs and the practice of qigong, the following hypotheses are proposed: 1) a structured exercise program that combines aerobic and resistance training will improve the cardiovascular health of patients on mechanical hearts and assist devices; these conditioning effects will be amplified by the practice of Qigong; 2) a structured exercise program that combines aerobic and resistance training will improve the quality of life of patients on mechanical hearts and assist devices; these conditioning effects will be amplified by the practice of Qigong; 3) improved quality of life and physical conditioning effected by the structured exercise program and Qigong will enhance quality of life and physical conditioning after cardiac transplantation. To test these hypotheses, the following specific aims will be accomplished: 1) obtain pilot data to evaluate alterations in specific measures of cardiovascular function and health in patients attached to mechanical heart or assist devices who have participated in a structured aerobic/resistance exercise program, with and without Qigong; 2) obtain pilot data to evaluate alterations in specific quality of life measures in patients attached to mechanical heart or assist devices who have participated in a structured aerobic/resistance exercise program, with and without Qigong; 3) as part of the clinical follow-up of these patients following heart transplantation, obtain pilot data to evaluate specific parameters of cardiovascular health and quality of life of individuals who were attached to mechanical heart or assist devices prior to receiving the transplant. Information gained from this research will serve as a basis from which the application of exercise training and Qigong can be applied to the treatment of other chronic disease states in which the physical conditioning and/or quality of life of individuals is compromised."
        },
        "ConditionsModule":{
          "ConditionList":{
            "Condition":[
              "Depressive Disorder",
              "Cardiac Diseases"
            ]
          },
          "KeywordList":{
            "Keyword":[
              "Qigong, exercise, circulatory assist devices"
            ]
          }
        },
        "DesignModule":{
          "StudyType":"Interventional",
          "PhaseList":{
            "Phase":[
              "Not Applicable"
            ]
          },
          "DesignInfo":{
            "DesignAllocation":"Randomized",
            "DesignInterventionModel":"Parallel Assignment",
            "DesignPrimaryPurpose":"Treatment",
            "DesignMaskingInfo":{
              "DesignMasking":"None (Open Label)"
            }
          },
          "EnrollmentInfo":{
            "EnrollmentCount":"30"
          }
        },
        "ArmsInterventionsModule":{
          "InterventionList":{
            "Intervention":[
              {
                "InterventionType":"Behavioral",
                "InterventionName":"Aerobic and Resistance Exercises"
              },{
                "InterventionType":"Behavioral",
                "InterventionName":"Qigong"
              }
            ]
          }
        },
        "EligibilityModule":{
          "EligibilityCriteria":"The subjects of this study are patients who have been implanted with either a total artificial heart or ventricular assist device.",
          "HealthyVolunteers":"No",
          "Gender":"All",
          "MinimumAge":"18 Years",
          "MaximumAge":"75 Years",
          "StdAgeList":{
            "StdAge":[
              "Adult",
              "Older Adult"
            ]
          }
        },
        "ContactsLocationsModule":{
          "LocationList":{
            "Location":[
              {
                "LocationFacility":"University of Arizona Health Sciences Center",
                "LocationCity":"Tucson",
                "LocationState":"Arizona",
                "LocationZip":"85721",
                "LocationCountry":"United States"
              }
            ]
          }
        }
      },
      "DerivedSection":{
        "MiscInfoModule":{
          "VersionHolder":"April 19, 2021"
        },
        "ConditionBrowseModule":{
          "ConditionMeshList":{
            "ConditionMesh":[
              {
                "ConditionMeshId":"D000006331",
                "ConditionMeshTerm":"Heart Diseases"
              },{
                "ConditionMeshId":"D000003866",
                "ConditionMeshTerm":"Depressive Disorder"
              }
            ]
          },
          "ConditionAncestorList":{
            "ConditionAncestor":[
              {
                "ConditionAncestorId":"D000019964",
                "ConditionAncestorTerm":"Mood Disorders"
              },{
                "ConditionAncestorId":"D000001523",
                "ConditionAncestorTerm":"Mental Disorders"
              },{
                "ConditionAncestorId":"D000002318",
                "ConditionAncestorTerm":"Cardiovascular Diseases"
              }
            ]
          },
          "ConditionBrowseLeafList":{
            "ConditionBrowseLeaf":[
              {
                "ConditionBrowseLeafId":"M8002",
                "ConditionBrowseLeafName":"Heart Diseases",
                "ConditionBrowseLeafAsFound":"Cardiac Disease",
                "ConditionBrowseLeafRelevance":"high"
              },{
                "ConditionBrowseLeafId":"M5641",
                "ConditionBrowseLeafName":"Depression",
                "ConditionBrowseLeafRelevance":"low"
              },{
                "ConditionBrowseLeafId":"M5644",
                "ConditionBrowseLeafName":"Depressive Disorder",
                "ConditionBrowseLeafAsFound":"Depressive Disorder",
                "ConditionBrowseLeafRelevance":"high"
              },{
                "ConditionBrowseLeafId":"M20419",
                "ConditionBrowseLeafName":"Mood Disorders",
                "ConditionBrowseLeafRelevance":"low"
              },{
                "ConditionBrowseLeafId":"M3396",
                "ConditionBrowseLeafName":"Mental Disorders",
                "ConditionBrowseLeafRelevance":"low"
              },{
                "ConditionBrowseLeafId":"M13056",
                "ConditionBrowseLeafName":"Psychotic Disorders",
                "ConditionBrowseLeafRelevance":"low"
              }
            ]
          },
          "ConditionBrowseBranchList":{
            "ConditionBrowseBranch":[
              {
                "ConditionBrowseBranchAbbrev":"BC14",
                "ConditionBrowseBranchName":"Heart and Blood Diseases"
              },{
                "ConditionBrowseBranchAbbrev":"All",
                "ConditionBrowseBranchName":"All Conditions"
              },{
                "ConditionBrowseBranchAbbrev":"BXM",
                "ConditionBrowseBranchName":"Behaviors and Mental Disorders"
              }
            ]
          }
        }
      }
    }
  }
}

