{
  "FullStudy":{
    "Rank":367645,
    "Study":{
      "ProtocolSection":{
        "IdentificationModule":{
          "NCTId":"NCT00028184",
          "OrgStudyIdInfo":{
            "OrgStudyId":"020078"
          },
          "SecondaryIdInfoList":{
            "SecondaryIdInfo":[
              {
                "SecondaryId":"02-N-0078"
              }
            ]
          },
          "Organization":{
            "OrgFullName":"National Institutes of Health Clinical Center (CC)",
            "OrgClass":"NIH"
          },
          "BriefTitle":"Role of the Intact Hemisphere in Recovery of Motor Function After Stroke",
          "OfficialTitle":"Role of the Intact Hemisphere in Recovery of Motor Function After Stroke"
        },
        "StatusModule":{
          "StatusVerifiedDate":"December 2004",
          "OverallStatus":"Completed",
          "ExpandedAccessInfo":{
            "HasExpandedAccess":"No"
          },
          "StartDateStruct":{
            "StartDate":"December 2001"
          },
          "CompletionDateStruct":{
            "CompletionDate":"December 2004"
          },
          "StudyFirstSubmitDate":"December 17, 2001",
          "StudyFirstSubmitQCDate":"December 17, 2001",
          "StudyFirstPostDateStruct":{
            "StudyFirstPostDate":"December 18, 2001",
            "StudyFirstPostDateType":"Estimate"
          },
          "LastUpdateSubmitDate":"March 3, 2008",
          "LastUpdatePostDateStruct":{
            "LastUpdatePostDate":"March 4, 2008",
            "LastUpdatePostDateType":"Estimate"
          }
        },
        "SponsorCollaboratorsModule":{
          "LeadSponsor":{
            "LeadSponsorName":"National Institute of Neurological Disorders and Stroke (NINDS)",
            "LeadSponsorClass":"NIH"
          }
        },
        "OversightModule":{},
        "DescriptionModule":{
          "BriefSummary":"The purpose of this study is to better understand the role of the motor part of the brain in the recovery of motor function after stroke. The motor deficits that follow a stroke are compensated for over several months. It has been proposed that the ipsilateral motor cortex mediates these recovery processes. The results of this study will provide fundamental information on the role of ipsilateral M1 in recovery of motor function after chronic stroke.\n\nA general patient evaluation will determine the location of the lesion site and assess the degree of impairment in motor and global cognitive functioning. An assessment of motor function will also be performed. Patients will be divided into two groups: well and poorly recovered. An MRI (magnetic resonance imaging) scan may also be done if one has not been performed in the past 6 months.\n\nTwo main procedures will be performed: transcranial magnetic stimulation (TMS) and test of motor performance. In the first procedure, a metal coil surrounded by a plastic mold will be placed on the head and electrical current will be pulsed through it. The electrical muscle activity will be recorded through these electrodes with a computer. The second procedure involves a reaction time test. The task will consist of reacting to a visual stimulus by performing a voluntary movement. TMS pulses will be given before each movement. This is done to determine whether this type of stimulation interferes with reaction time, which would indicated that it interferes with the brain centers executing the reaction to the visual Go-signal.\n\nPatients with single ischemic hemispheric lesions at least 12 months after the stroke who initially had a severe paralysis of the arm will be recruited for the study. Healthy normal volunteers will also be included in the study. A special effort will be made to increase the participation of women and diverse racial groups.",
          "DetailedDescription":"It has been proposed that recovery of motor function of the paretic arm following stroke is mediated by the ipsilateral (intact) motor cortex (M1). This proposal has not been conclusively tested experimentally and represents an important question in stroke rehabilitation. In this protocol, we will study the behavioral consequences of transient inactivation of ipsilateral M1 on motor performance of the affected arm in chronic stroke patients with complete and incomplete motor recovery. The results from this study will provide fundamental information on the role of ipsilateral M1 in recovery of motor function after chronic stroke."
        },
        "ConditionsModule":{
          "ConditionList":{
            "Condition":[
              "Cerebrovascular Accident"
            ]
          },
          "KeywordList":{
            "Keyword":[
              "Chronic Stroke",
              "Ipsilateral Motor Cortex",
              "Motor Control",
              "Motor Recovery",
              "Stroke",
              "Healthy Volunteer",
              "HV",
              "Healthy Control"
            ]
          }
        },
        "DesignModule":{
          "StudyType":"Observational",
          "EnrollmentInfo":{
            "EnrollmentCount":"80"
          }
        },
        "EligibilityModule":{
          "EligibilityCriteria":"INCLUSION CRITERIA:\n\nPatients with single ischemic hemispheric lesions at least 12 months after the stroke who had a severe paresis (below MRC grade 2) of the affected arm initially. An anatomical MRI scan will be acquired at the NIH if a recent one (within 6 months) is not available.\n\nNormal volunteers who are willing and able to perform the tasks will be included in the study. Healthy normal volunteers recruited for the study will receive neurological and physical exams to ensure their healthy conditions.\n\nEXCLUSION CRITERIA:\n\nPatients with more than one stroke.\n\nPatients with bilateral motor impairment.\n\nPatients with cerebellar or brainstem lesions.\n\nPatients or subjects unable to perform the task (wrist or elbow flexion at least MRC grade 2).\n\nPatients or subjects with history of severe alcohol or drug abuse, psychiatric illness like severe depression, poor motivational capacity, or severe language disturbances, particularly of receptive nature or with serious cognitive deficits (defined as equivalent to a mini-mental state exam score of 20 or less).\n\nPatients or subjects with severe uncontrolled medical problems (e.g. cardiovascular disease, severe rheumatoid arthritis, active joint deformity of arthritic origin, active cancer or renal disease, any kind of end-stage pulmonary or cardiovascular disease, or a deteriorated condition due to age, uncontrolled epilepsy or others).\n\nPatients or subjects with metal in the cranium except mouth.\n\nPatients or subjects with dental braces, metal fragments from occupational exposure or surgical clips in or near the brain.\n\nPatients or subjects with eye, blood vessel, cochlear or eye implants.\n\nPatients or subjects with increased intracranial pressure as evaluated by clinical means.\n\nPatients with cardiac or neural pacemakers, intracardiac lines and/or implanted medication pumps.\n\nPatients or subjects with history of loss of consciousness or epilepsy.\n\nPatients or subjects with unstable cardiac dysrhythmia.\n\nPatients or subjects with h/o hyperthyroidism or individuals receiving drugs acting primarily on the central nervous system.",
          "HealthyVolunteers":"Accepts Healthy Volunteers",
          "Gender":"All",
          "StdAgeList":{
            "StdAge":[
              "Child",
              "Adult",
              "Older Adult"
            ]
          }
        },
        "ContactsLocationsModule":{
          "LocationList":{
            "Location":[
              {
                "LocationFacility":"National Institute of Neurological Disorders and Stroke (NINDS)",
                "LocationCity":"Bethesda",
                "LocationState":"Maryland",
                "LocationZip":"20892",
                "LocationCountry":"United States"
              }
            ]
          }
        },
        "ReferencesModule":{
          "ReferenceList":{
            "Reference":[
              {
                "ReferencePMID":"11387491",
                "ReferenceType":"background",
                "ReferenceCitation":"Alagona G, Delvaux V, Gérard P, De Pasqua V, Pennisi G, Delwaide PJ, Nicoletti F, Maertens de Noordhout A. Ipsilateral motor responses to focal transcranial magnetic stimulation in healthy subjects and acute-stroke patients. Stroke. 2001 Jun;32(6):1304-9."
              },{
                "ReferencePMID":"1663448",
                "ReferenceType":"background",
                "ReferenceCitation":"Bridgers SL. The safety of transcranial magnetic stimulation reconsidered: evidence regarding cognitive and other cerebral effects. Electroencephalogr Clin Neurophysiol Suppl. 1991;43:170-9. Review."
              },{
                "ReferencePMID":"9445338",
                "ReferenceType":"background",
                "ReferenceCitation":"Cao Y, D'Olhaberriague L, Vikingstad EM, Levine SR, Welch KM. Pilot study of functional MRI to assess cerebral activation of motor function after poststroke hemiparesis. Stroke. 1998 Jan;29(1):112-22."
              }
            ]
          }
        }
      },
      "DerivedSection":{
        "MiscInfoModule":{
          "VersionHolder":"April 19, 2021"
        },
        "ConditionBrowseModule":{
          "ConditionMeshList":{
            "ConditionMesh":[
              {
                "ConditionMeshId":"D000020521",
                "ConditionMeshTerm":"Stroke"
              }
            ]
          },
          "ConditionAncestorList":{
            "ConditionAncestor":[
              {
                "ConditionAncestorId":"D000002561",
                "ConditionAncestorTerm":"Cerebrovascular Disorders"
              },{
                "ConditionAncestorId":"D000001927",
                "ConditionAncestorTerm":"Brain Diseases"
              },{
                "ConditionAncestorId":"D000002493",
                "ConditionAncestorTerm":"Central Nervous System Diseases"
              },{
                "ConditionAncestorId":"D000009422",
                "ConditionAncestorTerm":"Nervous System Diseases"
              },{
                "ConditionAncestorId":"D000014652",
                "ConditionAncestorTerm":"Vascular Diseases"
              },{
                "ConditionAncestorId":"D000002318",
                "ConditionAncestorTerm":"Cardiovascular Diseases"
              }
            ]
          },
          "ConditionBrowseLeafList":{
            "ConditionBrowseLeaf":[
              {
                "ConditionBrowseLeafId":"M20890",
                "ConditionBrowseLeafName":"Stroke",
                "ConditionBrowseLeafAsFound":"Cerebrovascular Accident",
                "ConditionBrowseLeafRelevance":"high"
              },{
                "ConditionBrowseLeafId":"M4393",
                "ConditionBrowseLeafName":"Cerebrovascular Disorders",
                "ConditionBrowseLeafRelevance":"low"
              },{
                "ConditionBrowseLeafId":"M3786",
                "ConditionBrowseLeafName":"Brain Diseases",
                "ConditionBrowseLeafRelevance":"low"
              },{
                "ConditionBrowseLeafId":"M4325",
                "ConditionBrowseLeafName":"Central Nervous System Diseases",
                "ConditionBrowseLeafRelevance":"low"
              },{
                "ConditionBrowseLeafId":"M15983",
                "ConditionBrowseLeafName":"Vascular Diseases",
                "ConditionBrowseLeafRelevance":"low"
              }
            ]
          },
          "ConditionBrowseBranchList":{
            "ConditionBrowseBranch":[
              {
                "ConditionBrowseBranchAbbrev":"BC10",
                "ConditionBrowseBranchName":"Nervous System Diseases"
              },{
                "ConditionBrowseBranchAbbrev":"BC14",
                "ConditionBrowseBranchName":"Heart and Blood Diseases"
              },{
                "ConditionBrowseBranchAbbrev":"All",
                "ConditionBrowseBranchName":"All Conditions"
              }
            ]
          }
        }
      }
    }
  }
}

