{
  "FullStudy":{
    "Rank":367549,
    "Study":{
      "ProtocolSection":{
        "IdentificationModule":{
          "NCTId":"NCT00029653",
          "OrgStudyIdInfo":{
            "OrgStudyId":"020101"
          },
          "SecondaryIdInfoList":{
            "SecondaryIdInfo":[
              {
                "SecondaryId":"02-N-0101"
              }
            ]
          },
          "Organization":{
            "OrgFullName":"National Institutes of Health Clinical Center (CC)",
            "OrgClass":"NIH"
          },
          "BriefTitle":"Effect of Transcranial Magnetic Stimulation on Free Will",
          "OfficialTitle":"The Effect of Transcranial Magnetic Stimulation on Free Will"
        },
        "StatusModule":{
          "StatusVerifiedDate":"June 2002",
          "OverallStatus":"Completed",
          "ExpandedAccessInfo":{
            "HasExpandedAccess":"No"
          },
          "StartDateStruct":{
            "StartDate":"January 2002"
          },
          "CompletionDateStruct":{
            "CompletionDate":"June 2002"
          },
          "StudyFirstSubmitDate":"January 16, 2002",
          "StudyFirstSubmitQCDate":"January 16, 2002",
          "StudyFirstPostDateStruct":{
            "StudyFirstPostDate":"January 17, 2002",
            "StudyFirstPostDateType":"Estimate"
          },
          "LastUpdateSubmitDate":"March 3, 2008",
          "LastUpdatePostDateStruct":{
            "LastUpdatePostDate":"March 4, 2008",
            "LastUpdatePostDateType":"Estimate"
          }
        },
        "SponsorCollaboratorsModule":{
          "LeadSponsor":{
            "LeadSponsorName":"National Institute of Neurological Disorders and Stroke (NINDS)",
            "LeadSponsorClass":"NIH"
          }
        },
        "OversightModule":{},
        "DescriptionModule":{
          "BriefSummary":"This study will use transcranial magnetic stimulation (TMS) to investigate how the brain controls movement by sending messages to the spinal cord and muscles.\n\nHealthy normal volunteers 21 years of age or older may participate in this study.\n\nThey must have no medical, neurological or psychiatric illnesses nor have been taking medications that affect nervous system function.\n\nParticipants will undergo transcranial magnetic stimulation. For this procedure, an insulated wire coil is placed on the scalp or skin. A brief electrical current is passed through the coil, creating a magnetic pulse that stimulates the brain. If the coil is placed over a nerve or area of the brain that controls muscles, it may cause a muscle twitch, possibly strong enough to move the limb. In other cases, the subject may have a feeling of movement or feel a tingling sensation in a limb. Stimulation over the muscles on the side of the head may cause some discomfort in that area or twitching of the jaw.\n\nDuring the stimulation, the subject may be asked to tense certain muscles slightly or perform other simple actions. The electrical activity of the muscles activated by the stimulation will be recorded using metal electrodes taped to the skin over the muscle. In most cases, the study takes less than 3 hours.",
          "DetailedDescription":"The purpose of this study is to investigate the influence of transcranial magnetic stimulation (TMS) on free will to select movement. There have been debates that most of human voluntary movements are reflexive rather than volitional in nature, although most people feel that their movements are freely chosen. This issue is illuminated by previous TMS studies showing external bias of freely chosen movements by TMS. Recently, we tried to confirm these observations using a more reliable method with subthreshold TMS, but failed. Thus, in this study, we are planning to use suprathreshold TMS to test whether this type of stimulation on different motor areas influences free selection of movements or not."
        },
        "ConditionsModule":{
          "ConditionList":{
            "Condition":[
              "Healthy"
            ]
          },
          "KeywordList":{
            "Keyword":[
              "Frontal Lobe",
              "Reaction Time",
              "Movement Preparation",
              "Motor Threshold",
              "Transcranial Magnetic Stimulation",
              "Motor Cortex",
              "Healthy Volunteer",
              "Normal Control",
              "HV"
            ]
          }
        },
        "DesignModule":{
          "StudyType":"Observational",
          "EnrollmentInfo":{
            "EnrollmentCount":"10"
          }
        },
        "EligibilityModule":{
          "EligibilityCriteria":"Normal adult volunteers who are 21 years or older will be eligible.\n\nVolunteers who have either any medico-surgical, neurological and psychiatric illnesses, who have been taking any medication with potential influence on nervous system function, who have a pacemaker, an implanted medical pump, a metal plate or a metal object in the skull or eye (for example, after brain surgery), or who have a history of seizure disorder, will be excluded.",
          "HealthyVolunteers":"Accepts Healthy Volunteers",
          "Gender":"All",
          "StdAgeList":{
            "StdAge":[
              "Child",
              "Adult",
              "Older Adult"
            ]
          }
        },
        "ContactsLocationsModule":{
          "LocationList":{
            "Location":[
              {
                "LocationFacility":"National Institute of Neurological Disorders and Stroke (NINDS)",
                "LocationCity":"Bethesda",
                "LocationState":"Maryland",
                "LocationZip":"20892",
                "LocationCountry":"United States"
              }
            ]
          }
        },
        "ReferencesModule":{
          "ReferenceList":{
            "Reference":[
              {
                "ReferencePMID":"10717785",
                "ReferenceType":"background",
                "ReferenceCitation":"Prochazka A, Clarac F, Loeb GE, Rothwell JC, Wolpaw JR. What do reflex and voluntary mean? Modern views on an ancient debate. Exp Brain Res. 2000 Feb;130(4):417-32. Review."
              },{
                "ReferencePMID":"2213050",
                "ReferenceType":"background",
                "ReferenceCitation":"Ammon K, Gandevia SC. Transcranial magnetic stimulation can influence the selection of motor programmes. J Neurol Neurosurg Psychiatry. 1990 Aug;53(8):705-7. Erratum in: J Neurol Neurosurg Psychiatry 1991 Jun;54(6):510."
              },{
                "ReferencePMID":"1431962",
                "ReferenceType":"background",
                "ReferenceCitation":"Brasil-Neto JP, Pascual-Leone A, Valls-Solé J, Cohen LG, Hallett M. Focal transcranial magnetic stimulation and response bias in a forced-choice task. J Neurol Neurosurg Psychiatry. 1992 Oct;55(10):964-6."
              }
            ]
          }
        }
      },
      "DerivedSection":{
        "MiscInfoModule":{
          "VersionHolder":"April 19, 2021"
        }
      }
    }
  }
}

