{
  "FullStudy":{
    "Rank":367725,
    "Study":{
      "ProtocolSection":{
        "IdentificationModule":{
          "NCTId":"NCT00027066",
          "OrgStudyIdInfo":{
            "OrgStudyId":"R01NS028371",
            "OrgStudyIdType":"U.S. NIH Grant/Contract",
            "OrgStudyIdLink":"https://projectreporter.nih.gov/reporterapi.cfm?PROJECTNUM=R01NS028371&Fy=all"
          },
          "SecondaryIdInfoList":{
            "SecondaryIdInfo":[
              {
                "SecondaryId":"R01NS028371",
                "SecondaryIdType":"U.S. NIH Grant/Contract",
                "SecondaryIdLink":"https://projectreporter.nih.gov/reporterapi.cfm?PROJECTNUM=R01NS028371&Fy=all"
              }
            ]
          },
          "Organization":{
            "OrgFullName":"Columbia University",
            "OrgClass":"OTHER"
          },
          "BriefTitle":"Warfarin Versus Aspirin Recurrent Stroke Study",
          "OfficialTitle":"A Comparison of Warfarin and Aspirin for the Prevention of Recurrent Ischemic Stroke"
        },
        "StatusModule":{
          "StatusVerifiedDate":"June 2011",
          "OverallStatus":"Completed",
          "ExpandedAccessInfo":{
            "HasExpandedAccess":"No"
          },
          "StartDateStruct":{
            "StartDate":"June 1993"
          },
          "PrimaryCompletionDateStruct":{
            "PrimaryCompletionDate":"June 2000",
            "PrimaryCompletionDateType":"Actual"
          },
          "CompletionDateStruct":{
            "CompletionDate":"November 2001",
            "CompletionDateType":"Actual"
          },
          "StudyFirstSubmitDate":"November 20, 2001",
          "StudyFirstSubmitQCDate":"November 20, 2001",
          "StudyFirstPostDateStruct":{
            "StudyFirstPostDate":"November 21, 2001",
            "StudyFirstPostDateType":"Estimate"
          },
          "LastUpdateSubmitDate":"June 16, 2011",
          "LastUpdatePostDateStruct":{
            "LastUpdatePostDate":"June 17, 2011",
            "LastUpdatePostDateType":"Estimate"
          }
        },
        "SponsorCollaboratorsModule":{
          "ResponsibleParty":{
            "ResponsiblePartyOldNameTitle":"Jay Preston Mohr, MD",
            "ResponsiblePartyOldOrganization":"Columbia University"
          },
          "LeadSponsor":{
            "LeadSponsorName":"Columbia University",
            "LeadSponsorClass":"OTHER"
          },
          "CollaboratorList":{
            "Collaborator":[
              {
                "CollaboratorName":"National Institute of Neurological Disorders and Stroke (NINDS)",
                "CollaboratorClass":"NIH"
              }
            ]
          }
        },
        "OversightModule":{
          "OversightHasDMC":"No"
        },
        "DescriptionModule":{
          "BriefSummary":"The goal of this study is to compare aspirin to warfarin for the prevention of recurrent stroke.",
          "DetailedDescription":"This study compared aspirin to warfarin to determine optimal therapy for the prevention of recurrent stroke. Both drugs slow clotting of the blood. Blood clots are involved in the final stages of the most common type of stroke due to blockage of the vessels that supply oxygen-rich blood to the brain. Aspirin affects the blood platelets, while warfarin inhibits circulating clotting proteins in the blood. Numerous previous studies have proven that use of aspirin reduces recurrent stroke by about 25 percent. Part of the controversy about aspirin versus warfarin for stroke prevention has been the thinking among clinicians that warfarin may be a better blood thinner than aspirin to prevent almost all forms of stroke, but that it has greater side effects, increased risk of hemorrhage, and higher costs due to the need for blood tests to monitor the treatment effect for patients.\n\nTo make the aspirin and warfarin arms of the study as unbiased as possible, the investigators matched both groups of patients for primary stroke severity, age, gender, education, and race/ethnicity. The two groups were also matched for stroke risk factors, including hypertension, diabetes, cardiac disease, smoking, alcohol consumption, and physical activity. The investigators used an aspirin dose of 325 mg/day and a warfarin dose specifically tailored to each individual patient.\n\nThis study found that aspirin works as well as warfarin in helping to prevent recurrent strokes in most patients."
        },
        "ConditionsModule":{
          "ConditionList":{
            "Condition":[
              "Stroke"
            ]
          },
          "KeywordList":{
            "Keyword":[
              "stroke",
              "aspirin",
              "warfarin"
            ]
          }
        },
        "DesignModule":{
          "StudyType":"Interventional",
          "PhaseList":{
            "Phase":[
              "Phase 3"
            ]
          },
          "DesignInfo":{
            "DesignAllocation":"Randomized",
            "DesignInterventionModel":"Parallel Assignment",
            "DesignPrimaryPurpose":"Prevention",
            "DesignMaskingInfo":{
              "DesignMasking":"Double",
              "DesignWhoMaskedList":{
                "DesignWhoMasked":[
                  "Participant",
                  "Investigator"
                ]
              }
            }
          },
          "EnrollmentInfo":{
            "EnrollmentCount":"2206"
          }
        },
        "ArmsInterventionsModule":{
          "ArmGroupList":{
            "ArmGroup":[
              {
                "ArmGroupLabel":"Active Warfarin and Aspirin Placebo",
                "ArmGroupType":"Active Comparator",
                "ArmGroupDescription":"One 2 mg scored tablet daily of Warfarin and one 325 mg tablet daily of aspirin placebo.",
                "ArmGroupInterventionList":{
                  "ArmGroupInterventionName":[
                    "Drug: Active Warfarin",
                    "Drug: Aspirin placebo"
                  ]
                }
              },{
                "ArmGroupLabel":"Active Aspirin and Warfarin Placebo",
                "ArmGroupType":"Active Comparator",
                "ArmGroupDescription":"One 325 mg tablet daily of aspirin and one 2 mg scored tablet daily of Warfarin placebo.",
                "ArmGroupInterventionList":{
                  "ArmGroupInterventionName":[
                    "Drug: Active Aspirin",
                    "Drug: Warfarin placebo"
                  ]
                }
              }
            ]
          },
          "InterventionList":{
            "Intervention":[
              {
                "InterventionType":"Drug",
                "InterventionName":"Active Aspirin",
                "InterventionDescription":"325mg tablet daily",
                "InterventionArmGroupLabelList":{
                  "InterventionArmGroupLabel":[
                    "Active Aspirin and Warfarin Placebo"
                  ]
                }
              },{
                "InterventionType":"Drug",
                "InterventionName":"Active Warfarin",
                "InterventionDescription":"2mg scored tablet daily",
                "InterventionArmGroupLabelList":{
                  "InterventionArmGroupLabel":[
                    "Active Warfarin and Aspirin Placebo"
                  ]
                }
              },{
                "InterventionType":"Drug",
                "InterventionName":"Aspirin placebo",
                "InterventionDescription":"325mg aspirin placebo pill",
                "InterventionArmGroupLabelList":{
                  "InterventionArmGroupLabel":[
                    "Active Warfarin and Aspirin Placebo"
                  ]
                }
              },{
                "InterventionType":"Drug",
                "InterventionName":"Warfarin placebo",
                "InterventionDescription":"2mg scored placebo tablet",
                "InterventionArmGroupLabelList":{
                  "InterventionArmGroupLabel":[
                    "Active Aspirin and Warfarin Placebo"
                  ]
                }
              }
            ]
          }
        },
        "EligibilityModule":{
          "EligibilityCriteria":"Inclusion:\n\nAcceptable candidates for warfarin therapy\nHad an ischemic stroke within the previous 30 days\nHad scores of 3 or more on the Glasgow Outcome Scale\n\nExclusion:\n\nBase-line INR above the normal range (more than 1.4)\nHistory of stroke due to a procedure or that was attributed to high-grade carotid stenosis for which surgery was planned\nHistory of stroke associated with an inferred cardioembolic source",
          "HealthyVolunteers":"No",
          "Gender":"All",
          "MinimumAge":"30 Years",
          "MaximumAge":"85 Years",
          "StdAgeList":{
            "StdAge":[
              "Adult",
              "Older Adult"
            ]
          }
        },
        "ContactsLocationsModule":{
          "OverallOfficialList":{
            "OverallOfficial":[
              {
                "OverallOfficialName":"J. P. Mohr, M.D.",
                "OverallOfficialAffiliation":"Columbia University Health Sciences",
                "OverallOfficialRole":"Principal Investigator"
              }
            ]
          },
          "LocationList":{
            "Location":[
              {
                "LocationFacility":"Columbia University Health Sciences",
                "LocationCity":"New York",
                "LocationState":"New York",
                "LocationZip":"10032",
                "LocationCountry":"United States"
              }
            ]
          }
        },
        "ReferencesModule":{
          "SeeAlsoLinkList":{
            "SeeAlsoLink":[
              {
                "SeeAlsoLinkLabel":"NEJM Article",
                "SeeAlsoLinkURL":"http://www.nejm.org/doi/pdf/10.1056/NEJMoa011258"
              }
            ]
          }
        }
      },
      "DerivedSection":{
        "MiscInfoModule":{
          "VersionHolder":"April 19, 2021"
        },
        "ConditionBrowseModule":{
          "ConditionMeshList":{
            "ConditionMesh":[
              {
                "ConditionMeshId":"D000020521",
                "ConditionMeshTerm":"Stroke"
              }
            ]
          },
          "ConditionAncestorList":{
            "ConditionAncestor":[
              {
                "ConditionAncestorId":"D000002561",
                "ConditionAncestorTerm":"Cerebrovascular Disorders"
              },{
                "ConditionAncestorId":"D000001927",
                "ConditionAncestorTerm":"Brain Diseases"
              },{
                "ConditionAncestorId":"D000002493",
                "ConditionAncestorTerm":"Central Nervous System Diseases"
              },{
                "ConditionAncestorId":"D000009422",
                "ConditionAncestorTerm":"Nervous System Diseases"
              },{
                "ConditionAncestorId":"D000014652",
                "ConditionAncestorTerm":"Vascular Diseases"
              },{
                "ConditionAncestorId":"D000002318",
                "ConditionAncestorTerm":"Cardiovascular Diseases"
              }
            ]
          },
          "ConditionBrowseLeafList":{
            "ConditionBrowseLeaf":[
              {
                "ConditionBrowseLeafId":"M9126",
                "ConditionBrowseLeafName":"Ischemia",
                "ConditionBrowseLeafRelevance":"low"
              },{
                "ConditionBrowseLeafId":"M20890",
                "ConditionBrowseLeafName":"Stroke",
                "ConditionBrowseLeafAsFound":"Stroke",
                "ConditionBrowseLeafRelevance":"high"
              },{
                "ConditionBrowseLeafId":"M4393",
                "ConditionBrowseLeafName":"Cerebrovascular Disorders",
                "ConditionBrowseLeafRelevance":"low"
              },{
                "ConditionBrowseLeafId":"M3786",
                "ConditionBrowseLeafName":"Brain Diseases",
                "ConditionBrowseLeafRelevance":"low"
              },{
                "ConditionBrowseLeafId":"M4325",
                "ConditionBrowseLeafName":"Central Nervous System Diseases",
                "ConditionBrowseLeafRelevance":"low"
              },{
                "ConditionBrowseLeafId":"M15983",
                "ConditionBrowseLeafName":"Vascular Diseases",
                "ConditionBrowseLeafRelevance":"low"
              }
            ]
          },
          "ConditionBrowseBranchList":{
            "ConditionBrowseBranch":[
              {
                "ConditionBrowseBranchAbbrev":"BC23",
                "ConditionBrowseBranchName":"Symptoms and General Pathology"
              },{
                "ConditionBrowseBranchAbbrev":"All",
                "ConditionBrowseBranchName":"All Conditions"
              },{
                "ConditionBrowseBranchAbbrev":"BC10",
                "ConditionBrowseBranchName":"Nervous System Diseases"
              },{
                "ConditionBrowseBranchAbbrev":"BC14",
                "ConditionBrowseBranchName":"Heart and Blood Diseases"
              }
            ]
          }
        },
        "InterventionBrowseModule":{
          "InterventionMeshList":{
            "InterventionMesh":[
              {
                "InterventionMeshId":"D000001241",
                "InterventionMeshTerm":"Aspirin"
              },{
                "InterventionMeshId":"D000014859",
                "InterventionMeshTerm":"Warfarin"
              }
            ]
          },
          "InterventionAncestorList":{
            "InterventionAncestor":[
              {
                "InterventionAncestorId":"D000000894",
                "InterventionAncestorTerm":"Anti-Inflammatory Agents, Non-Steroidal"
              },{
                "InterventionAncestorId":"D000018712",
                "InterventionAncestorTerm":"Analgesics, Non-Narcotic"
              },{
                "InterventionAncestorId":"D000000700",
                "InterventionAncestorTerm":"Analgesics"
              },{
                "InterventionAncestorId":"D000018689",
                "InterventionAncestorTerm":"Sensory System Agents"
              },{
                "InterventionAncestorId":"D000018373",
                "InterventionAncestorTerm":"Peripheral Nervous System Agents"
              },{
                "InterventionAncestorId":"D000045505",
                "InterventionAncestorTerm":"Physiological Effects of Drugs"
              },{
                "InterventionAncestorId":"D000000893",
                "InterventionAncestorTerm":"Anti-Inflammatory Agents"
              },{
                "InterventionAncestorId":"D000018501",
                "InterventionAncestorTerm":"Antirheumatic Agents"
              },{
                "InterventionAncestorId":"D000005343",
                "InterventionAncestorTerm":"Fibrinolytic Agents"
              },{
                "InterventionAncestorId":"D000050299",
                "InterventionAncestorTerm":"Fibrin Modulating Agents"
              },{
                "InterventionAncestorId":"D000045504",
                "InterventionAncestorTerm":"Molecular Mechanisms of Pharmacological Action"
              },{
                "InterventionAncestorId":"D000010975",
                "InterventionAncestorTerm":"Platelet Aggregation Inhibitors"
              },{
                "InterventionAncestorId":"D000016861",
                "InterventionAncestorTerm":"Cyclooxygenase Inhibitors"
              },{
                "InterventionAncestorId":"D000004791",
                "InterventionAncestorTerm":"Enzyme Inhibitors"
              },{
                "InterventionAncestorId":"D000058633",
                "InterventionAncestorTerm":"Antipyretics"
              },{
                "InterventionAncestorId":"D000000925",
                "InterventionAncestorTerm":"Anticoagulants"
              }
            ]
          },
          "InterventionBrowseLeafList":{
            "InterventionBrowseLeaf":[
              {
                "InterventionBrowseLeafId":"M3129",
                "InterventionBrowseLeafName":"Aspirin",
                "InterventionBrowseLeafAsFound":"Pre-",
                "InterventionBrowseLeafRelevance":"high"
              },{
                "InterventionBrowseLeafId":"M16185",
                "InterventionBrowseLeafName":"Warfarin",
                "InterventionBrowseLeafAsFound":"Group 2",
                "InterventionBrowseLeafRelevance":"high"
              },{
                "InterventionBrowseLeafId":"M2798",
                "InterventionBrowseLeafName":"Anti-Inflammatory Agents",
                "InterventionBrowseLeafRelevance":"low"
              },{
                "InterventionBrowseLeafId":"M2799",
                "InterventionBrowseLeafName":"Anti-Inflammatory Agents, Non-Steroidal",
                "InterventionBrowseLeafRelevance":"low"
              },{
                "InterventionBrowseLeafId":"M2613",
                "InterventionBrowseLeafName":"Analgesics",
                "InterventionBrowseLeafRelevance":"low"
              },{
                "InterventionBrowseLeafId":"M19370",
                "InterventionBrowseLeafName":"Analgesics, Non-Narcotic",
                "InterventionBrowseLeafRelevance":"low"
              },{
                "InterventionBrowseLeafId":"M19188",
                "InterventionBrowseLeafName":"Antirheumatic Agents",
                "InterventionBrowseLeafRelevance":"low"
              },{
                "InterventionBrowseLeafId":"M7056",
                "InterventionBrowseLeafName":"Fibrinolytic Agents",
                "InterventionBrowseLeafRelevance":"low"
              },{
                "InterventionBrowseLeafId":"M12448",
                "InterventionBrowseLeafName":"Platelet Aggregation Inhibitors",
                "InterventionBrowseLeafRelevance":"low"
              },{
                "InterventionBrowseLeafId":"M17792",
                "InterventionBrowseLeafName":"Cyclooxygenase Inhibitors",
                "InterventionBrowseLeafRelevance":"low"
              },{
                "InterventionBrowseLeafId":"M27763",
                "InterventionBrowseLeafName":"Antipyretics",
                "InterventionBrowseLeafRelevance":"low"
              },{
                "InterventionBrowseLeafId":"M2825",
                "InterventionBrowseLeafName":"Anticoagulants",
                "InterventionBrowseLeafRelevance":"low"
              }
            ]
          },
          "InterventionBrowseBranchList":{
            "InterventionBrowseBranch":[
              {
                "InterventionBrowseBranchAbbrev":"Antipy",
                "InterventionBrowseBranchName":"Antipyretics"
              },{
                "InterventionBrowseBranchAbbrev":"Infl",
                "InterventionBrowseBranchName":"Anti-Inflammatory Agents"
              },{
                "InterventionBrowseBranchAbbrev":"ARhu",
                "InterventionBrowseBranchName":"Antirheumatic Agents"
              },{
                "InterventionBrowseBranchAbbrev":"FiAg",
                "InterventionBrowseBranchName":"Fibrinolytic Agents"
              },{
                "InterventionBrowseBranchAbbrev":"Analg",
                "InterventionBrowseBranchName":"Analgesics"
              },{
                "InterventionBrowseBranchAbbrev":"PlAggInh",
                "InterventionBrowseBranchName":"Platelet Aggregation Inhibitors"
              },{
                "InterventionBrowseBranchAbbrev":"All",
                "InterventionBrowseBranchName":"All Drugs and Chemicals"
              },{
                "InterventionBrowseBranchAbbrev":"AnCoag",
                "InterventionBrowseBranchName":"Anticoagulants"
              }
            ]
          }
        }
      }
    }
  }
}

