{
  "FullStudy":{
    "Rank":368051,
    "Study":{
      "ProtocolSection":{
        "IdentificationModule":{
          "NCTId":"NCT00022412",
          "OrgStudyIdInfo":{
            "OrgStudyId":"CO99802"
          },
          "SecondaryIdInfoList":{
            "SecondaryIdInfo":[
              {
                "SecondaryId":"P30CA014520",
                "SecondaryIdType":"U.S. NIH Grant/Contract",
                "SecondaryIdLink":"https://projectreporter.nih.gov/reporterapi.cfm?PROJECTNUM=P30CA014520&Fy=all"
              },{
                "SecondaryId":"WCCC-CO-99802"
              },{
                "SecondaryId":"NCI-N01-CN-95130"
              },{
                "SecondaryId":"WCCC-CO-2000169"
              },{
                "SecondaryId":"NCI-P01-0188"
              },{
                "SecondaryId":"CDR0000068813",
                "SecondaryIdType":"Other Identifier"
              },{
                "SecondaryId":"2000-595",
                "SecondaryIdType":"Other Identifier",
                "SecondaryIdDomain":"Institutional Review Board"
              }
            ]
          },
          "Organization":{
            "OrgFullName":"University of Wisconsin, Madison",
            "OrgClass":"OTHER"
          },
          "BriefTitle":"Doxercalciferol Before Surgery in Treating Localized Prostate Cancer",
          "OfficialTitle":"Phase II Open Label, Multi-Center Clinical Trial Of Modulation Of Intermediate Endpoint Biomarkers By 1x-Hydroxyvitamin D2 In Patients With Clinically Localized Prostate Cancer And High Grade PIN"
        },
        "StatusModule":{
          "StatusVerifiedDate":"October 2016",
          "OverallStatus":"Completed",
          "ExpandedAccessInfo":{
            "HasExpandedAccess":"No"
          },
          "StartDateStruct":{
            "StartDate":"August 2001"
          },
          "PrimaryCompletionDateStruct":{
            "PrimaryCompletionDate":"February 2006",
            "PrimaryCompletionDateType":"Actual"
          },
          "CompletionDateStruct":{
            "CompletionDate":"August 2008",
            "CompletionDateType":"Actual"
          },
          "StudyFirstSubmitDate":"August 10, 2001",
          "StudyFirstSubmitQCDate":"January 26, 2003",
          "StudyFirstPostDateStruct":{
            "StudyFirstPostDate":"January 27, 2003",
            "StudyFirstPostDateType":"Estimate"
          },
          "LastUpdateSubmitDate":"December 11, 2019",
          "LastUpdatePostDateStruct":{
            "LastUpdatePostDate":"December 13, 2019",
            "LastUpdatePostDateType":"Actual"
          }
        },
        "SponsorCollaboratorsModule":{
          "ResponsibleParty":{
            "ResponsiblePartyType":"Sponsor"
          },
          "LeadSponsor":{
            "LeadSponsorName":"University of Wisconsin, Madison",
            "LeadSponsorClass":"OTHER"
          },
          "CollaboratorList":{
            "Collaborator":[
              {
                "CollaboratorName":"National Cancer Institute (NCI)",
                "CollaboratorClass":"NIH"
              }
            ]
          }
        },
        "OversightModule":{
          "OversightHasDMC":"No"
        },
        "DescriptionModule":{
          "BriefSummary":"RATIONALE: Doxercalciferol may be an effective way to treat localized prostate cancer before surgery.\n\nPURPOSE: Randomized phase II trial to study the effectiveness of giving doxercalciferol before surgery in treating patients who have localized prostate cancer.",
          "DetailedDescription":"OBJECTIVES:\n\nDetermine whether doxercalciferol modulates intermediate endpoint biomarkers in the development of prostate cancer in patients with localized prostate cancer.\nAssess the toxicity of this drug in these patients.\n\nOUTLINE: This is a randomized, open-label, multicenter study. Patients are randomized to one of 2 arms.\n\nArm I: Patients receive doxercalciferol once daily for 28 days. Patients then undergo prostatectomy.\nArm II: Patients undergo observation for 28 days. Patients then undergo prostatectomy.\n\nPROJECTED ACCRUAL: A total of 60 patients (30 per arm) will be accrued for this study within 18 months."
        },
        "ConditionsModule":{
          "ConditionList":{
            "Condition":[
              "Prostate Cancer"
            ]
          },
          "KeywordList":{
            "Keyword":[
              "adenocarcinoma of the prostate",
              "stage I prostate cancer",
              "stage II prostate cancer"
            ]
          }
        },
        "DesignModule":{
          "StudyType":"Interventional",
          "PhaseList":{
            "Phase":[
              "Phase 2"
            ]
          },
          "DesignInfo":{
            "DesignAllocation":"Randomized",
            "DesignInterventionModel":"Parallel Assignment",
            "DesignPrimaryPurpose":"Treatment",
            "DesignMaskingInfo":{
              "DesignMasking":"None (Open Label)"
            }
          },
          "EnrollmentInfo":{
            "EnrollmentCount":"60",
            "EnrollmentType":"Anticipated"
          }
        },
        "ArmsInterventionsModule":{
          "ArmGroupList":{
            "ArmGroup":[
              {
                "ArmGroupLabel":"Observation, then prostatectomy",
                "ArmGroupType":"Placebo Comparator",
                "ArmGroupDescription":"Arm 2: Patients undergo observation for 28 days. Patients then undergo prostatectomy.",
                "ArmGroupInterventionList":{
                  "ArmGroupInterventionName":[
                    "Procedure: conventional surgery"
                  ]
                }
              },{
                "ArmGroupLabel":"Doxercalciferol once daily for 28 days",
                "ArmGroupType":"Active Comparator",
                "ArmGroupDescription":"Dietary supplement once daily to treat prostate cancer for 28 days",
                "ArmGroupInterventionList":{
                  "ArmGroupInterventionName":[
                    "Dietary Supplement: doxercalciferol"
                  ]
                }
              }
            ]
          },
          "InterventionList":{
            "Intervention":[
              {
                "InterventionType":"Dietary Supplement",
                "InterventionName":"doxercalciferol",
                "InterventionDescription":"Arm 1: Patients receive doxercalciferol once daily for 28 days. Patients then undergo prostatectomy.",
                "InterventionArmGroupLabelList":{
                  "InterventionArmGroupLabel":[
                    "Doxercalciferol once daily for 28 days"
                  ]
                },
                "InterventionOtherNameList":{
                  "InterventionOtherName":[
                    "Localized adenocarcinoma of the prostate"
                  ]
                }
              },{
                "InterventionType":"Procedure",
                "InterventionName":"conventional surgery",
                "InterventionDescription":"Procedure: Prostatectomy for prostate cancer",
                "InterventionArmGroupLabelList":{
                  "InterventionArmGroupLabel":[
                    "Observation, then prostatectomy"
                  ]
                },
                "InterventionOtherNameList":{
                  "InterventionOtherName":[
                    "Prostatectomy - no dietary supplement"
                  ]
                }
              }
            ]
          }
        },
        "OutcomesModule":{
          "PrimaryOutcomeList":{
            "PrimaryOutcome":[
              {
                "PrimaryOutcomeMeasure":"Intermediate endpoint biomarker modulation",
                "PrimaryOutcomeTimeFrame":"18 months"
              },{
                "PrimaryOutcomeMeasure":"Toxicity",
                "PrimaryOutcomeTimeFrame":"30 months"
              }
            ]
          }
        },
        "EligibilityModule":{
          "EligibilityCriteria":"DISEASE CHARACTERISTICS:\n\nHistologically or cytologically confirmed localized adenocarcinoma of the prostate\nCandidate for prostatectomy\n\nPATIENT CHARACTERISTICS:\n\nAge:\n\n21 and over\n\nPerformance status:\n\nNot specified\n\nLife expectancy:\n\nNot specified\n\nHematopoietic:\n\nWBC at least 4,000/mm^3\nPlatelet count at least 100,000/mm^3\n\nHepatic:\n\nBilirubin no greater than 1.4 mg/dL\nAST no greater than 3 times normal\n\nRenal:\n\nCreatinine no greater than 2.0 mg/dL\nCalcium no greater than 10.2 mg/dL\nNo idiopathic urinary calcium stone disease\n\nPRIOR CONCURRENT THERAPY:\n\nBiologic therapy:\n\nNot specified\n\nChemotherapy:\n\nNot specified\n\nEndocrine therapy:\n\nNo prior hormonal therapy for prostate cancer\nNo concurrent hormonal therapy, including luteinizing hormone-releasing hormone agonists, antiandrogens, glucocorticoids, ketoconazole, finasteride, diethylstilbestrol, or progestins\n\nRadiotherapy:\n\nNo prior brachytherapy or external beam radiotherapy for prostate cancer\n\nSurgery:\n\nSee Disease Characteristics\n\nOther:\n\nAt least 7 days since prior vitamin D therapy or calcium supplements\nNo other concurrent vitamin D analogues or calcium supplements\nNo concurrent magnesium-containing antacids\nNo concurrent thiazide-containing diuretics\nNo concurrent phenytoin, phenobarbital, glutethimide, digoxin, or digitalis",
          "HealthyVolunteers":"No",
          "Gender":"Male",
          "MinimumAge":"21 Years",
          "MaximumAge":"120 Years",
          "StdAgeList":{
            "StdAge":[
              "Adult",
              "Older Adult"
            ]
          }
        },
        "ContactsLocationsModule":{
          "OverallOfficialList":{
            "OverallOfficial":[
              {
                "OverallOfficialName":"George Wilding, MD",
                "OverallOfficialAffiliation":"University of Wisconsin, Madison",
                "OverallOfficialRole":"Study Chair"
              }
            ]
          },
          "LocationList":{
            "Location":[
              {
                "LocationFacility":"Holden Comprehensive Cancer Center at University of Iowa",
                "LocationCity":"Iowa City",
                "LocationState":"Iowa",
                "LocationZip":"52242-1002",
                "LocationCountry":"United States"
              },{
                "LocationFacility":"James P. Wilmot Cancer Center at University of Rochester Medical Center",
                "LocationCity":"Rochester",
                "LocationState":"New York",
                "LocationZip":"14642",
                "LocationCountry":"United States"
              },{
                "LocationFacility":"Veterans Affairs Medical Center - Madison",
                "LocationCity":"Madison",
                "LocationState":"Wisconsin",
                "LocationZip":"53705",
                "LocationCountry":"United States"
              },{
                "LocationFacility":"Meriter Hospital",
                "LocationCity":"Madison",
                "LocationState":"Wisconsin",
                "LocationZip":"53715",
                "LocationCountry":"United States"
              },{
                "LocationFacility":"University of Wisconsin Comprehensive Cancer Center",
                "LocationCity":"Madison",
                "LocationState":"Wisconsin",
                "LocationZip":"53792-6164",
                "LocationCountry":"United States"
              },{
                "LocationFacility":"Medical College of Wisconsin Cancer Center",
                "LocationCity":"Milwaukee",
                "LocationState":"Wisconsin",
                "LocationZip":"53226-3596",
                "LocationCountry":"United States"
              }
            ]
          }
        },
        "ReferencesModule":{
          "SeeAlsoLinkList":{
            "SeeAlsoLink":[
              {
                "SeeAlsoLinkLabel":"University of Wisconsin Carbone Cancer Center",
                "SeeAlsoLinkURL":"https://cancer.wisc.edu/"
              }
            ]
          }
        }
      },
      "DerivedSection":{
        "MiscInfoModule":{
          "VersionHolder":"April 19, 2021"
        },
        "ConditionBrowseModule":{
          "ConditionMeshList":{
            "ConditionMesh":[
              {
                "ConditionMeshId":"D000011471",
                "ConditionMeshTerm":"Prostatic Neoplasms"
              }
            ]
          },
          "ConditionAncestorList":{
            "ConditionAncestor":[
              {
                "ConditionAncestorId":"D000005834",
                "ConditionAncestorTerm":"Genital Neoplasms, Male"
              },{
                "ConditionAncestorId":"D000014565",
                "ConditionAncestorTerm":"Urogenital Neoplasms"
              },{
                "ConditionAncestorId":"D000009371",
                "ConditionAncestorTerm":"Neoplasms by Site"
              },{
                "ConditionAncestorId":"D000009369",
                "ConditionAncestorTerm":"Neoplasms"
              },{
                "ConditionAncestorId":"D000011469",
                "ConditionAncestorTerm":"Prostatic Diseases"
              }
            ]
          },
          "ConditionBrowseLeafList":{
            "ConditionBrowseLeaf":[
              {
                "ConditionBrowseLeafId":"M12918",
                "ConditionBrowseLeafName":"Prostatic Neoplasms",
                "ConditionBrowseLeafAsFound":"Prostate Cancer",
                "ConditionBrowseLeafRelevance":"high"
              },{
                "ConditionBrowseLeafId":"M2166",
                "ConditionBrowseLeafName":"Adenocarcinoma",
                "ConditionBrowseLeafRelevance":"low"
              },{
                "ConditionBrowseLeafId":"M7529",
                "ConditionBrowseLeafName":"Genital Neoplasms, Male",
                "ConditionBrowseLeafRelevance":"low"
              },{
                "ConditionBrowseLeafId":"M15898",
                "ConditionBrowseLeafName":"Urogenital Neoplasms",
                "ConditionBrowseLeafRelevance":"low"
              },{
                "ConditionBrowseLeafId":"M12916",
                "ConditionBrowseLeafName":"Prostatic Diseases",
                "ConditionBrowseLeafRelevance":"low"
              }
            ]
          },
          "ConditionBrowseBranchList":{
            "ConditionBrowseBranch":[
              {
                "ConditionBrowseBranchAbbrev":"BC04",
                "ConditionBrowseBranchName":"Cancers and Other Neoplasms"
              },{
                "ConditionBrowseBranchAbbrev":"BXS",
                "ConditionBrowseBranchName":"Urinary Tract, Sexual Organs, and Pregnancy Conditions"
              },{
                "ConditionBrowseBranchAbbrev":"All",
                "ConditionBrowseBranchName":"All Conditions"
              }
            ]
          }
        },
        "InterventionBrowseModule":{
          "InterventionMeshList":{
            "InterventionMesh":[
              {
                "InterventionMeshId":"C000042533",
                "InterventionMeshTerm":"1 alpha-hydroxyergocalciferol"
              }
            ]
          },
          "InterventionAncestorList":{
            "InterventionAncestor":[
              {
                "InterventionAncestorId":"D000014815",
                "InterventionAncestorTerm":"Vitamins"
              },{
                "InterventionAncestorId":"D000018977",
                "InterventionAncestorTerm":"Micronutrients"
              },{
                "InterventionAncestorId":"D000078622",
                "InterventionAncestorTerm":"Nutrients"
              },{
                "InterventionAncestorId":"D000006133",
                "InterventionAncestorTerm":"Growth Substances"
              },{
                "InterventionAncestorId":"D000045505",
                "InterventionAncestorTerm":"Physiological Effects of Drugs"
              },{
                "InterventionAncestorId":"D000050071",
                "InterventionAncestorTerm":"Bone Density Conservation Agents"
              }
            ]
          },
          "InterventionBrowseLeafList":{
            "InterventionBrowseLeaf":[
              {
                "InterventionBrowseLeafId":"M8524",
                "InterventionBrowseLeafName":"Hydroxycholecalciferols",
                "InterventionBrowseLeafRelevance":"low"
              },{
                "InterventionBrowseLeafId":"M236962",
                "InterventionBrowseLeafName":"1 alpha-hydroxyergocalciferol",
                "InterventionBrowseLeafAsFound":"Peri-implantitis",
                "InterventionBrowseLeafRelevance":"high"
              },{
                "InterventionBrowseLeafId":"M16141",
                "InterventionBrowseLeafName":"Vitamins",
                "InterventionBrowseLeafRelevance":"low"
              },{
                "InterventionBrowseLeafId":"M19593",
                "InterventionBrowseLeafName":"Micronutrients",
                "InterventionBrowseLeafRelevance":"low"
              },{
                "InterventionBrowseLeafId":"M15468",
                "InterventionBrowseLeafName":"Trace Elements",
                "InterventionBrowseLeafRelevance":"low"
              },{
                "InterventionBrowseLeafId":"M1986",
                "InterventionBrowseLeafName":"Nutrients",
                "InterventionBrowseLeafRelevance":"low"
              }
            ]
          },
          "InterventionBrowseBranchList":{
            "InterventionBrowseBranch":[
              {
                "InterventionBrowseBranchAbbrev":"BDCA",
                "InterventionBrowseBranchName":"Bone Density Conservation Agents"
              },{
                "InterventionBrowseBranchAbbrev":"Micro",
                "InterventionBrowseBranchName":"Micronutrients"
              },{
                "InterventionBrowseBranchAbbrev":"All",
                "InterventionBrowseBranchName":"All Drugs and Chemicals"
              }
            ]
          }
        }
      }
    }
  }
}

