{
  "FullStudy":{
    "Rank":368120,
    "Study":{
      "ProtocolSection":{
        "IdentificationModule":{
          "NCTId":"NCT00021398",
          "OrgStudyIdInfo":{
            "OrgStudyId":"CDR0000068776"
          },
          "SecondaryIdInfoList":{
            "SecondaryIdInfo":[
              {
                "SecondaryId":"P30CA006927",
                "SecondaryIdType":"U.S. NIH Grant/Contract",
                "SecondaryIdLink":"https://projectreporter.nih.gov/reporterapi.cfm?PROJECTNUM=P30CA006927&Fy=all"
              },{
                "SecondaryId":"FCCC-96071"
              },{
                "SecondaryId":"NCI-G01-1988"
              }
            ]
          },
          "Organization":{
            "OrgFullName":"Fox Chase Cancer Center",
            "OrgClass":"OTHER"
          },
          "BriefTitle":"Radiation Therapy and Chemotherapy Followed by Surgery and Combination Chemotherapy in Treating Patients With Rectal Cancer",
          "OfficialTitle":"Phase II Study: Hyperfractionated Pre-Op Chemo-Radiation for Locally Advanced Rectal Cancer"
        },
        "StatusModule":{
          "StatusVerifiedDate":"June 2020",
          "OverallStatus":"Completed",
          "ExpandedAccessInfo":{
            "HasExpandedAccess":"No"
          },
          "StartDateStruct":{
            "StartDate":"July 1996"
          },
          "PrimaryCompletionDateStruct":{
            "PrimaryCompletionDate":"July 2001",
            "PrimaryCompletionDateType":"Actual"
          },
          "CompletionDateStruct":{
            "CompletionDate":"September 2018",
            "CompletionDateType":"Actual"
          },
          "StudyFirstSubmitDate":"July 11, 2001",
          "StudyFirstSubmitQCDate":"April 12, 2004",
          "StudyFirstPostDateStruct":{
            "StudyFirstPostDate":"April 13, 2004",
            "StudyFirstPostDateType":"Estimate"
          },
          "LastUpdateSubmitDate":"June 3, 2020",
          "LastUpdatePostDateStruct":{
            "LastUpdatePostDate":"June 5, 2020",
            "LastUpdatePostDateType":"Actual"
          }
        },
        "SponsorCollaboratorsModule":{
          "ResponsibleParty":{
            "ResponsiblePartyType":"Sponsor"
          },
          "LeadSponsor":{
            "LeadSponsorName":"Fox Chase Cancer Center",
            "LeadSponsorClass":"OTHER"
          },
          "CollaboratorList":{
            "Collaborator":[
              {
                "CollaboratorName":"National Cancer Institute (NCI)",
                "CollaboratorClass":"NIH"
              }
            ]
          }
        },
        "OversightModule":{
          "OversightHasDMC":"No"
        },
        "DescriptionModule":{
          "BriefSummary":"RATIONALE: Radiation therapy uses high-energy x-rays to damage tumor cells. Drugs used in chemotherapy use different ways to stop tumor cells from dividing so they stop growing or die. Combining radiation therapy and chemotherapy may shrink the tumor so that it can be removed during surgery.\n\nPURPOSE: Phase II trial to study the effectiveness of radiation therapy and chemotherapy followed by surgery and combination chemotherapy in treating patients who have stage II or stage III rectal cancer.",
          "DetailedDescription":"OBJECTIVES: I. Determine the local recurrence rate, disease-free survival, and overall survival of patients with stage II or III rectal cancer treated with neoadjuvant radiotherapy and fluorouracil followed by surgical resection and adjuvant fluorouracil and leucovorin calcium. II. Determine the toxicity rate in patients treated with this regimen. III. Correlate failure-free survival with ultrasound-determined preoperative staging in patients treated with this regimen. IV. Determine the quality of life of patients treated with this regimen. V. Determine if toxicity due to treatment, daily stool frequency, sexual dysfunction, and disease-free survival correlates with quality of life parameters in patients treated with this regimen. VI. Correlate clinical selection criteria with ability to perform sphincter-sparing surgery in patients treated with this regimen. VII. Determine post-chemoradiotherapy pathological response, margin status, and lymph node status and correlate these factors with initial clinico-pathologic findings in patients treated with this regimen.\n\nOUTLINE: Patients undergo pelvic radiotherapy once daily five days a week for 5 weeks followed by boost radiotherapy twice daily for 7 days. Patients also receive neoadjuvant fluorouracil IV continuously over days 1-4 and 36-40. Patients undergo surgical resection 4-6 weeks after completion of radiotherapy. At 4 weeks after surgery, patients receive adjuvant leucovorin calcium IV and fluorouracil IV once daily five days a week. Treatment continues every 4 weeks for 4 courses in the absence of disease progression or unacceptable toxicity. Quality of life is assessed at baseline, at the completion of pelvic and boost radiotherapy, at 4 weeks after completion of chemoradiotherapy (prior to surgery), and then at 3, 6, and 12 months after completion of study therapy. Patients are followed every 3 months for 2 years, every 4 months for 3 years, and then annually thereafter.\n\nPROJECTED ACCRUAL: A total of 23-41 patients will be accrued for this study."
        },
        "ConditionsModule":{
          "ConditionList":{
            "Condition":[
              "Colorectal Cancer"
            ]
          },
          "KeywordList":{
            "Keyword":[
              "stage II rectal cancer",
              "stage III rectal cancer",
              "adenocarcinoma of the rectum"
            ]
          }
        },
        "DesignModule":{
          "StudyType":"Interventional",
          "PhaseList":{
            "Phase":[
              "Phase 2"
            ]
          },
          "DesignInfo":{
            "DesignAllocation":"N/A",
            "DesignInterventionModel":"Single Group Assignment",
            "DesignPrimaryPurpose":"Treatment",
            "DesignMaskingInfo":{
              "DesignMasking":"None (Open Label)"
            }
          },
          "EnrollmentInfo":{
            "EnrollmentCount":"23",
            "EnrollmentType":"Actual"
          }
        },
        "ArmsInterventionsModule":{
          "ArmGroupList":{
            "ArmGroup":[
              {
                "ArmGroupLabel":"Radiation Therapy, Chemotherapy and Surgery",
                "ArmGroupType":"Experimental",
                "ArmGroupInterventionList":{
                  "ArmGroupInterventionName":[
                    "Drug: fluorouracil",
                    "Drug: leucovorin calcium",
                    "Procedure: conventional surgery",
                    "Radiation: radiation therapy"
                  ]
                }
              }
            ]
          },
          "InterventionList":{
            "Intervention":[
              {
                "InterventionType":"Drug",
                "InterventionName":"fluorouracil",
                "InterventionArmGroupLabelList":{
                  "InterventionArmGroupLabel":[
                    "Radiation Therapy, Chemotherapy and Surgery"
                  ]
                }
              },{
                "InterventionType":"Drug",
                "InterventionName":"leucovorin calcium",
                "InterventionArmGroupLabelList":{
                  "InterventionArmGroupLabel":[
                    "Radiation Therapy, Chemotherapy and Surgery"
                  ]
                }
              },{
                "InterventionType":"Procedure",
                "InterventionName":"conventional surgery",
                "InterventionArmGroupLabelList":{
                  "InterventionArmGroupLabel":[
                    "Radiation Therapy, Chemotherapy and Surgery"
                  ]
                }
              },{
                "InterventionType":"Radiation",
                "InterventionName":"radiation therapy",
                "InterventionArmGroupLabelList":{
                  "InterventionArmGroupLabel":[
                    "Radiation Therapy, Chemotherapy and Surgery"
                  ]
                }
              }
            ]
          }
        },
        "OutcomesModule":{
          "PrimaryOutcomeList":{
            "PrimaryOutcome":[
              {
                "PrimaryOutcomeMeasure":"Frequency of toxicity",
                "PrimaryOutcomeTimeFrame":"weekly during treatment"
              },{
                "PrimaryOutcomeMeasure":"tolerated dose of preoperative hyperfractionated radiation and concurrent chemotherapy",
                "PrimaryOutcomeTimeFrame":"during radiation therapy and chemotherapy"
              }
            ]
          }
        },
        "EligibilityModule":{
          "EligibilityCriteria":"DISEASE CHARACTERISTICS:\n\nHistologically confirmed adenocarcinoma of the rectum\nTumor extending through bowel wall (T3) OR\nFixation to surrounding structures (T4) OR\nNodal involvement by endorectal ultrasound (N1-2)\n\nTumor extending through bowel wall, but not fixed (T3) must be:\n\nAt least 4 cm or at least 40% of bowel circumference OR\nAccompanied by nodal involvement\n\nEvidence of transmural penetration confirmed by 2 of the following:\n\nCT scan\nPelvic MRI\nTransrectal ultrasound\nPhysical exam\nProximal extent of tumor must not extend higher than 12 cm above dentate line and must be below pelvic peritoneal reflexion or sacral promontory\nRegional lymph node involvement allowed\nNo distant metastases by CT scan of abdomen and pelvis or chest x-ray\n\nPATIENT CHARACTERISTICS:\n\nAge: Over 18\nPerformance status: ECOG 0-1\nLife expectancy: At least 2 years\n\nHematopoietic:\n\nLeukocyte count greater than 4,000/mm3\nPlatelet count at least 100,000/mm3\nHemoglobin greater than 10 g/dL\n\nHepatic:\n\nSGOT and SGPT less than 1.5 times normal\nBilirubin less than 1.5 mg/dL\nRenal: Creatinine less than 1.8 mg/dL\n\nOther:\n\nNot pregnant or nursing\nNegative pregnancy test\nNo other prior or concurrent malignancy within the past 5 years except inactive non-melanoma skin cancer or carcinoma in situ of the cervix\nNo psychiatric condition that would preclude informed consent\nNo other serious medical illness that would limit survival\n\nPRIOR CONCURRENT THERAPY:\n\nBiologic therapy: Not specified\nChemotherapy: No prior chemotherapy for rectal cancer\nEndocrine therapy: Not specified\nRadiotherapy: No prior radiotherapy for rectal cancer\nSurgery: No prior surgery for rectal cancer, except diagnostic biopsy",
          "HealthyVolunteers":"No",
          "Gender":"All",
          "MinimumAge":"18 Years",
          "StdAgeList":{
            "StdAge":[
              "Adult",
              "Older Adult"
            ]
          }
        },
        "ContactsLocationsModule":{
          "OverallOfficialList":{
            "OverallOfficial":[
              {
                "OverallOfficialName":"Joshua Meyer, MD",
                "OverallOfficialAffiliation":"Fox Chase Cancer Center",
                "OverallOfficialRole":"Principal Investigator"
              }
            ]
          },
          "LocationList":{
            "Location":[
              {
                "LocationFacility":"Hunterdon Regional Cancer Center",
                "LocationCity":"Flemington",
                "LocationState":"New Jersey",
                "LocationZip":"08822",
                "LocationCountry":"United States"
              },{
                "LocationFacility":"Kimball Medical Center",
                "LocationCity":"Lakewood",
                "LocationState":"New Jersey",
                "LocationZip":"08701",
                "LocationCountry":"United States"
              },{
                "LocationFacility":"Fox Chase Cancer Center at Virtua Memorial Hospital Burlington County",
                "LocationCity":"Mount Holly",
                "LocationState":"New Jersey",
                "LocationZip":"08060",
                "LocationCountry":"United States"
              },{
                "LocationFacility":"Riverview Medical Center",
                "LocationCity":"Red Bank",
                "LocationState":"New Jersey",
                "LocationZip":"07701",
                "LocationCountry":"United States"
              },{
                "LocationFacility":"Community Medical Center",
                "LocationCity":"Toms River",
                "LocationState":"New Jersey",
                "LocationZip":"08755",
                "LocationCountry":"United States"
              },{
                "LocationFacility":"St. Francis Medical Center",
                "LocationCity":"Trenton",
                "LocationState":"New Jersey",
                "LocationZip":"08629",
                "LocationCountry":"United States"
              },{
                "LocationFacility":"Bon Secours-Holy Family Health System",
                "LocationCity":"Altoona",
                "LocationState":"Pennsylvania",
                "LocationZip":"16602",
                "LocationCountry":"United States"
              },{
                "LocationFacility":"Delaware County Memorial Hospital",
                "LocationCity":"Drexel Hill",
                "LocationState":"Pennsylvania",
                "LocationZip":"19026",
                "LocationCountry":"United States"
              },{
                "LocationFacility":"Pinnacle Health Hospitals",
                "LocationCity":"Harrisburg",
                "LocationState":"Pennsylvania",
                "LocationZip":"17105-8700",
                "LocationCountry":"United States"
              },{
                "LocationFacility":"Conemaugh Memorial Hospital",
                "LocationCity":"Johnstown",
                "LocationState":"Pennsylvania",
                "LocationZip":"15905",
                "LocationCountry":"United States"
              },{
                "LocationFacility":"Saint Mary Regional Center",
                "LocationCity":"Langhorne",
                "LocationState":"Pennsylvania",
                "LocationZip":"19047",
                "LocationCountry":"United States"
              },{
                "LocationFacility":"North Penn Hospital",
                "LocationCity":"Lansdale",
                "LocationState":"Pennsylvania",
                "LocationZip":"19446",
                "LocationCountry":"United States"
              },{
                "LocationFacility":"Paoli Memorial Hospital",
                "LocationCity":"Paoli",
                "LocationState":"Pennsylvania",
                "LocationZip":"19301-1792",
                "LocationCountry":"United States"
              },{
                "LocationFacility":"Fox Chase Cancer Center",
                "LocationCity":"Philadelphia",
                "LocationState":"Pennsylvania",
                "LocationZip":"19111",
                "LocationCountry":"United States"
              },{
                "LocationFacility":"Pottstown Memorial Regional Cancer Center",
                "LocationCity":"Pottstown",
                "LocationState":"Pennsylvania",
                "LocationZip":"19464",
                "LocationCountry":"United States"
              },{
                "LocationFacility":"Reading Hospital and Medical Center",
                "LocationCity":"Reading",
                "LocationState":"Pennsylvania",
                "LocationZip":"19612-6052",
                "LocationCountry":"United States"
              },{
                "LocationFacility":"Southern Chester County Medical Center",
                "LocationCity":"West Grove",
                "LocationState":"Pennsylvania",
                "LocationZip":"19390",
                "LocationCountry":"United States"
              }
            ]
          }
        }
      },
      "DerivedSection":{
        "MiscInfoModule":{
          "VersionHolder":"April 19, 2021"
        },
        "ConditionBrowseModule":{
          "ConditionMeshList":{
            "ConditionMesh":[
              {
                "ConditionMeshId":"D000012004",
                "ConditionMeshTerm":"Rectal Neoplasms"
              }
            ]
          },
          "ConditionAncestorList":{
            "ConditionAncestor":[
              {
                "ConditionAncestorId":"D000015179",
                "ConditionAncestorTerm":"Colorectal Neoplasms"
              },{
                "ConditionAncestorId":"D000007414",
                "ConditionAncestorTerm":"Intestinal Neoplasms"
              },{
                "ConditionAncestorId":"D000005770",
                "ConditionAncestorTerm":"Gastrointestinal Neoplasms"
              },{
                "ConditionAncestorId":"D000004067",
                "ConditionAncestorTerm":"Digestive System Neoplasms"
              },{
                "ConditionAncestorId":"D000009371",
                "ConditionAncestorTerm":"Neoplasms by Site"
              },{
                "ConditionAncestorId":"D000009369",
                "ConditionAncestorTerm":"Neoplasms"
              },{
                "ConditionAncestorId":"D000004066",
                "ConditionAncestorTerm":"Digestive System Diseases"
              },{
                "ConditionAncestorId":"D000005767",
                "ConditionAncestorTerm":"Gastrointestinal Diseases"
              },{
                "ConditionAncestorId":"D000007410",
                "ConditionAncestorTerm":"Intestinal Diseases"
              },{
                "ConditionAncestorId":"D000012002",
                "ConditionAncestorTerm":"Rectal Diseases"
              }
            ]
          },
          "ConditionBrowseLeafList":{
            "ConditionBrowseLeaf":[
              {
                "ConditionBrowseLeafId":"M16473",
                "ConditionBrowseLeafName":"Colorectal Neoplasms",
                "ConditionBrowseLeafRelevance":"low"
              },{
                "ConditionBrowseLeafId":"M2166",
                "ConditionBrowseLeafName":"Adenocarcinoma",
                "ConditionBrowseLeafRelevance":"low"
              },{
                "ConditionBrowseLeafId":"M13429",
                "ConditionBrowseLeafName":"Rectal Neoplasms",
                "ConditionBrowseLeafAsFound":"Rectal Cancer",
                "ConditionBrowseLeafRelevance":"high"
              },{
                "ConditionBrowseLeafId":"M9031",
                "ConditionBrowseLeafName":"Intestinal Neoplasms",
                "ConditionBrowseLeafRelevance":"low"
              },{
                "ConditionBrowseLeafId":"M7469",
                "ConditionBrowseLeafName":"Gastrointestinal Neoplasms",
                "ConditionBrowseLeafRelevance":"low"
              },{
                "ConditionBrowseLeafId":"M5839",
                "ConditionBrowseLeafName":"Digestive System Neoplasms",
                "ConditionBrowseLeafRelevance":"low"
              },{
                "ConditionBrowseLeafId":"M5838",
                "ConditionBrowseLeafName":"Digestive System Diseases",
                "ConditionBrowseLeafRelevance":"low"
              },{
                "ConditionBrowseLeafId":"M7466",
                "ConditionBrowseLeafName":"Gastrointestinal Diseases",
                "ConditionBrowseLeafRelevance":"low"
              },{
                "ConditionBrowseLeafId":"M9027",
                "ConditionBrowseLeafName":"Intestinal Diseases",
                "ConditionBrowseLeafRelevance":"low"
              },{
                "ConditionBrowseLeafId":"M13427",
                "ConditionBrowseLeafName":"Rectal Diseases",
                "ConditionBrowseLeafRelevance":"low"
              }
            ]
          },
          "ConditionBrowseBranchList":{
            "ConditionBrowseBranch":[
              {
                "ConditionBrowseBranchAbbrev":"BC04",
                "ConditionBrowseBranchName":"Cancers and Other Neoplasms"
              },{
                "ConditionBrowseBranchAbbrev":"BC06",
                "ConditionBrowseBranchName":"Digestive System Diseases"
              },{
                "ConditionBrowseBranchAbbrev":"All",
                "ConditionBrowseBranchName":"All Conditions"
              }
            ]
          }
        },
        "InterventionBrowseModule":{
          "InterventionMeshList":{
            "InterventionMesh":[
              {
                "InterventionMeshId":"D000002955",
                "InterventionMeshTerm":"Leucovorin"
              },{
                "InterventionMeshId":"D000005472",
                "InterventionMeshTerm":"Fluorouracil"
              },{
                "InterventionMeshId":"D000002118",
                "InterventionMeshTerm":"Calcium"
              },{
                "InterventionMeshId":"D000058766",
                "InterventionMeshTerm":"Levoleucovorin"
              }
            ]
          },
          "InterventionAncestorList":{
            "InterventionAncestor":[
              {
                "InterventionAncestorId":"D000077264",
                "InterventionAncestorTerm":"Calcium-Regulating Hormones and Agents"
              },{
                "InterventionAncestorId":"D000045505",
                "InterventionAncestorTerm":"Physiological Effects of Drugs"
              },{
                "InterventionAncestorId":"D000000963",
                "InterventionAncestorTerm":"Antimetabolites"
              },{
                "InterventionAncestorId":"D000045504",
                "InterventionAncestorTerm":"Molecular Mechanisms of Pharmacological Action"
              },{
                "InterventionAncestorId":"D000000964",
                "InterventionAncestorTerm":"Antimetabolites, Antineoplastic"
              },{
                "InterventionAncestorId":"D000000970",
                "InterventionAncestorTerm":"Antineoplastic Agents"
              },{
                "InterventionAncestorId":"D000007166",
                "InterventionAncestorTerm":"Immunosuppressive Agents"
              },{
                "InterventionAncestorId":"D000007155",
                "InterventionAncestorTerm":"Immunologic Factors"
              },{
                "InterventionAncestorId":"D000000931",
                "InterventionAncestorTerm":"Antidotes"
              },{
                "InterventionAncestorId":"D000020011",
                "InterventionAncestorTerm":"Protective Agents"
              },{
                "InterventionAncestorId":"D000014803",
                "InterventionAncestorTerm":"Vitamin B Complex"
              },{
                "InterventionAncestorId":"D000014815",
                "InterventionAncestorTerm":"Vitamins"
              },{
                "InterventionAncestorId":"D000018977",
                "InterventionAncestorTerm":"Micronutrients"
              },{
                "InterventionAncestorId":"D000078622",
                "InterventionAncestorTerm":"Nutrients"
              },{
                "InterventionAncestorId":"D000006133",
                "InterventionAncestorTerm":"Growth Substances"
              }
            ]
          },
          "InterventionBrowseLeafList":{
            "InterventionBrowseLeaf":[
              {
                "InterventionBrowseLeafId":"M7183",
                "InterventionBrowseLeafName":"Fluorouracil",
                "InterventionBrowseLeafAsFound":"Weight",
                "InterventionBrowseLeafRelevance":"high"
              },{
                "InterventionBrowseLeafId":"M3963",
                "InterventionBrowseLeafName":"Calcium",
                "InterventionBrowseLeafAsFound":"Between",
                "InterventionBrowseLeafRelevance":"high"
              },{
                "InterventionBrowseLeafId":"M3980",
                "InterventionBrowseLeafName":"Calcium, Dietary",
                "InterventionBrowseLeafRelevance":"low"
              },{
                "InterventionBrowseLeafId":"M4774",
                "InterventionBrowseLeafName":"Leucovorin",
                "InterventionBrowseLeafAsFound":"Symptoms",
                "InterventionBrowseLeafRelevance":"high"
              },{
                "InterventionBrowseLeafId":"M27820",
                "InterventionBrowseLeafName":"Levoleucovorin",
                "InterventionBrowseLeafAsFound":"Monthly",
                "InterventionBrowseLeafRelevance":"high"
              },{
                "InterventionBrowseLeafId":"M8372",
                "InterventionBrowseLeafName":"Hormones",
                "InterventionBrowseLeafRelevance":"low"
              },{
                "InterventionBrowseLeafId":"M2862",
                "InterventionBrowseLeafName":"Antimetabolites",
                "InterventionBrowseLeafRelevance":"low"
              },{
                "InterventionBrowseLeafId":"M8795",
                "InterventionBrowseLeafName":"Immunosuppressive Agents",
                "InterventionBrowseLeafRelevance":"low"
              },{
                "InterventionBrowseLeafId":"M8784",
                "InterventionBrowseLeafName":"Immunologic Factors",
                "InterventionBrowseLeafRelevance":"low"
              },{
                "InterventionBrowseLeafId":"M2831",
                "InterventionBrowseLeafName":"Antidotes",
                "InterventionBrowseLeafRelevance":"low"
              },{
                "InterventionBrowseLeafId":"M20453",
                "InterventionBrowseLeafName":"Protective Agents",
                "InterventionBrowseLeafRelevance":"low"
              },{
                "InterventionBrowseLeafId":"M16141",
                "InterventionBrowseLeafName":"Vitamins",
                "InterventionBrowseLeafRelevance":"low"
              },{
                "InterventionBrowseLeafId":"M7201",
                "InterventionBrowseLeafName":"Folic Acid",
                "InterventionBrowseLeafRelevance":"low"
              },{
                "InterventionBrowseLeafId":"M16129",
                "InterventionBrowseLeafName":"Vitamin B Complex",
                "InterventionBrowseLeafRelevance":"low"
              },{
                "InterventionBrowseLeafId":"M19593",
                "InterventionBrowseLeafName":"Micronutrients",
                "InterventionBrowseLeafRelevance":"low"
              },{
                "InterventionBrowseLeafId":"M15468",
                "InterventionBrowseLeafName":"Trace Elements",
                "InterventionBrowseLeafRelevance":"low"
              },{
                "InterventionBrowseLeafId":"M1986",
                "InterventionBrowseLeafName":"Nutrients",
                "InterventionBrowseLeafRelevance":"low"
              },{
                "InterventionBrowseLeafId":"T447",
                "InterventionBrowseLeafName":"Folinic Acid",
                "InterventionBrowseLeafAsFound":"Monthly",
                "InterventionBrowseLeafRelevance":"high"
              },{
                "InterventionBrowseLeafId":"T446",
                "InterventionBrowseLeafName":"Folic Acid",
                "InterventionBrowseLeafRelevance":"low"
              },{
                "InterventionBrowseLeafId":"T448",
                "InterventionBrowseLeafName":"Folate",
                "InterventionBrowseLeafRelevance":"low"
              },{
                "InterventionBrowseLeafId":"T475",
                "InterventionBrowseLeafName":"Vitamin B9",
                "InterventionBrowseLeafRelevance":"low"
              }
            ]
          },
          "InterventionBrowseBranchList":{
            "InterventionBrowseBranch":[
              {
                "InterventionBrowseBranchAbbrev":"ANeo",
                "InterventionBrowseBranchName":"Antineoplastic Agents"
              },{
                "InterventionBrowseBranchAbbrev":"All",
                "InterventionBrowseBranchName":"All Drugs and Chemicals"
              },{
                "InterventionBrowseBranchAbbrev":"BDCA",
                "InterventionBrowseBranchName":"Bone Density Conservation Agents"
              },{
                "InterventionBrowseBranchAbbrev":"Micro",
                "InterventionBrowseBranchName":"Micronutrients"
              },{
                "InterventionBrowseBranchAbbrev":"Hemat",
                "InterventionBrowseBranchName":"Hematinics"
              },{
                "InterventionBrowseBranchAbbrev":"Vi",
                "InterventionBrowseBranchName":"Vitamins"
              }
            ]
          }
        }
      }
    }
  }
}

