{
  "FullStudy":{
    "Rank":368064,
    "Study":{
      "ProtocolSection":{
        "IdentificationModule":{
          "NCTId":"NCT00022230",
          "OrgStudyIdInfo":{
            "OrgStudyId":"CDR0000068797"
          },
          "SecondaryIdInfoList":{
            "SecondaryIdInfo":[
              {
                "SecondaryId":"RWMC-0633846"
              }
            ]
          },
          "Organization":{
            "OrgFullName":"Roger Williams Medical Center",
            "OrgClass":"OTHER"
          },
          "BriefTitle":"Combination Chemotherapy Plus Biological Therapy in Treating Patients With Stage II or Stage III Breast Cancer",
          "OfficialTitle":"Combination of Chemotherapy With Taxol, Adriamycin, and Cytoxan (TAC), Multiple Infusions of Activated T Cells (ATC), Interleukin-2 (IL-2) and GM-CSF for High Risk Breast Cancer With and Without Her2/Neu Overexpression. (Phase I/II)"
        },
        "StatusModule":{
          "StatusVerifiedDate":"May 2015",
          "OverallStatus":"Withdrawn",
          "WhyStopped":"PI left Institution",
          "ExpandedAccessInfo":{
            "HasExpandedAccess":"No"
          },
          "StartDateStruct":{
            "StartDate":"January 2000"
          },
          "PrimaryCompletionDateStruct":{
            "PrimaryCompletionDate":"January 2007",
            "PrimaryCompletionDateType":"Actual"
          },
          "CompletionDateStruct":{
            "CompletionDate":"January 2007",
            "CompletionDateType":"Actual"
          },
          "StudyFirstSubmitDate":"August 10, 2001",
          "StudyFirstSubmitQCDate":"January 26, 2003",
          "StudyFirstPostDateStruct":{
            "StudyFirstPostDate":"January 27, 2003",
            "StudyFirstPostDateType":"Estimate"
          },
          "LastUpdateSubmitDate":"May 4, 2015",
          "LastUpdatePostDateStruct":{
            "LastUpdatePostDate":"May 5, 2015",
            "LastUpdatePostDateType":"Estimate"
          }
        },
        "SponsorCollaboratorsModule":{
          "ResponsibleParty":{
            "ResponsiblePartyOldNameTitle":"Lawrence Lum",
            "ResponsiblePartyOldOrganization":"Roger Williams Medical Center"
          },
          "LeadSponsor":{
            "LeadSponsorName":"Roger Williams Medical Center",
            "LeadSponsorClass":"OTHER"
          }
        },
        "OversightModule":{
          "OversightHasDMC":"Yes"
        },
        "DescriptionModule":{
          "BriefSummary":"RATIONALE: Drugs used in chemotherapy use different ways to stop tumor cells from dividing so they stop growing or die. Biological therapies use different ways to stimulate the immune system and stop tumor cells from growing. Combining chemotherapy with biological therapy may kill more tumor cells.\n\nPURPOSE: This phase I/II trial is studying the side effects of giving chemotherapy together with biological therapy and to see how well they work in treating patients with stage II or stage III breast cancer.",
          "DetailedDescription":"OBJECTIVES:\n\nDetermine the toxic effects of sequential paclitaxel (or other taxane), doxorubicin, and cyclophosphamide followed by immunotherapy with activated T cells, interleukin-2, and sargramostim (GM-CSF) in patients with high-risk stage II or III breast cancer.\nDetermine the disease-free survival and overall survival of patients treated with this regimen.\nDetermine the immune function of patients treated with this regimen.\n\nOUTLINE: Patients are stratified according to number of positive lymph nodes (less than 4 nodes vs 4-9 nodes vs 10 or more nodes), type of taxane chemotherapy during study (paclitaxel vs other taxane), and prior treatment with 2 of 3 study chemotherapy agents (yes vs no).\n\nPatients receive doxorubicin IV on day 1 and filgrastim (G-CSF) on days 3-10 of 3 consecutive 14-day courses. Patients then receive paclitaxel or another taxane IV on day 1 and G-CSF on days 3-10 of 3 consecutive 14-day courses. Patients then receive cyclophosphamide IV on day 1 and G-CSF on days 3-10 of 3 consecutive 14-day courses. Patients who enroll after previously receiving 2 of these 3 chemotherapy drugs may receive the third. Treatment continues in the absence of disease progression or unacceptable toxicity.\n\nAfter recovery from chemotherapy, patients undergo peripheral blood mononuclear cell (PBMC) collection. The PBMC are treated ex vivo with monoclonal antibody OKT3 to form activated T cells (ATC). The ATC are expanded for up to 14 days in interleukin-2 (IL-2).\n\nAt 3-4 weeks after PBMC collection, patients receive ATC IV over 15-30 minutes weekly for 8 weeks. Patients also receive IL-2 subcutaneously (SC) daily and sargramostim (GM-CSF) SC twice weekly beginning 3 days before the first ATC infusion and continuing until 7 days after completion of ATC therapy.\n\nPatients are followed every 3 months for 1 year and then annually thereafter.\n\nPROJECTED ACCRUAL: A total of 40-60 patients will be accrued for this study within 4-5 years."
        },
        "ConditionsModule":{
          "ConditionList":{
            "Condition":[
              "Breast Cancer"
            ]
          },
          "KeywordList":{
            "Keyword":[
              "stage II breast cancer",
              "stage IIIA breast cancer",
              "stage IIIB breast cancer",
              "stage IIIC breast cancer"
            ]
          }
        },
        "DesignModule":{
          "StudyType":"Interventional",
          "PhaseList":{
            "Phase":[
              "Phase 1",
              "Phase 2"
            ]
          },
          "DesignInfo":{
            "DesignAllocation":"N/A",
            "DesignInterventionModel":"Single Group Assignment",
            "DesignPrimaryPurpose":"Treatment",
            "DesignMaskingInfo":{
              "DesignMasking":"None (Open Label)"
            }
          },
          "EnrollmentInfo":{
            "EnrollmentCount":"0",
            "EnrollmentType":"Actual"
          }
        },
        "ArmsInterventionsModule":{
          "InterventionList":{
            "Intervention":[
              {
                "InterventionType":"Biological",
                "InterventionName":"aldesleukin"
              },{
                "InterventionType":"Biological",
                "InterventionName":"filgrastim"
              },{
                "InterventionType":"Biological",
                "InterventionName":"sargramostim"
              },{
                "InterventionType":"Biological",
                "InterventionName":"therapeutic autologous lymphocytes"
              },{
                "InterventionType":"Drug",
                "InterventionName":"cyclophosphamide"
              },{
                "InterventionType":"Drug",
                "InterventionName":"doxorubicin hydrochloride"
              },{
                "InterventionType":"Drug",
                "InterventionName":"paclitaxel"
              }
            ]
          }
        },
        "OutcomesModule":{
          "PrimaryOutcomeList":{
            "PrimaryOutcome":[
              {
                "PrimaryOutcomeMeasure":"Toxicity"
              },{
                "PrimaryOutcomeMeasure":"Disease-free survival"
              },{
                "PrimaryOutcomeMeasure":"Overall survival"
              },{
                "PrimaryOutcomeMeasure":"Immune functions"
              }
            ]
          }
        },
        "EligibilityModule":{
          "EligibilityCriteria":"DISEASE CHARACTERISTICS:\n\nHistologically confirmed stage II or III adenocarcinoma of the breast\n\nHigh-risk disease\n\nAt least 4 positive lymph nodes\n\nFewer than 4 positive lymph nodes considered high-risk if one of the following is present:\n\nHER2/neu-positive disease\nEnlarged axillary nodes\nExtra capsular extension of tumor from lymph node\nDermal lymphatic invasion\nVascular invasion\nBilateral disease\nFamilial breast cancer\nT4 locally advanced disease\n\nClinically chemosensitive to prior paclitaxel (or other taxane), doxorubicin, and cyclophosphamide\n\nNo relapse after chemotherapy\nNo clinical evidence of brain metastases\n\nHormone receptor status:\n\nEstrogen and progesterone receptor status known\n\nPATIENT CHARACTERISTICS:\n\nAge:\n\n18 and over\n\nSex:\n\nFemale\n\nMenopausal status:\n\nNot specified\n\nPerformance status:\n\nKarnofsky 70-100% OR\nECOG 0-2\n\nLife expectancy:\n\nAt least 3 months\n\nHematopoietic:\n\nGranulocyte count at least 1,500/mm^3\nPlatelet count at least 50,000/mm^3\nHemoglobin greater than 8 g/dL\n\nHepatic:\n\nBilirubin less than 1.5 times normal\nSGOT less than 1.5 times normal\n\nRenal\n\nCreatinine less than 1.8 mg/dL\nCreatinine clearance at least 60 mL/min\nBUN less than 1.5 times normal\n\nCardiovascular:\n\nEjection fraction at least 45% by MUGA\nNo uncontrolled or significant cardiovascular disease\nNo myocardial infarction within the past year\nNo significant congestive heart failure\n\nPulmonary:\n\nFEV_1 at least 60% predicted\nDLCO at least 60% predicted\nFVC at least 60% predicted\n\nOther:\n\nNo other malignancy except curatively treated squamous cell carcinoma in situ of the cervix or basal cell skin cancer\nNo other serious medical or psychiatric illness that would preclude study participation\nHIV negative\nNot pregnant or nursing\nNegative pregnancy test\nFertile patients must use effective contraception\n\nPRIOR CONCURRENT THERAPY:\n\nBiologic therapy:\n\nNot specified\n\nChemotherapy:\n\nSee Disease Characteristics\nPrior standard chemotherapy with anthracyclines or combination chemotherapy involving a combination of taxanes, doxorubicin, and/or cyclophosphamide allowed\n\nEndocrine therapy:\n\nNo concurrent hormonal therapy for breast cancer\nConcurrent hormonal therapy for nondisease-related conditions (e.g., insulin for diabetes) allowed\nConcurrent steroids for adrenal failure, septic shock, or pulmonary toxicity allowed\n\nRadiotherapy:\n\nNot specified\n\nSurgery:\n\nPrior complete resection of tumor allowed\n\nOther:\n\nPrior successful neoadjuvant therapy allowed",
          "HealthyVolunteers":"No",
          "Gender":"Female",
          "MinimumAge":"18 Years",
          "StdAgeList":{
            "StdAge":[
              "Adult",
              "Older Adult"
            ]
          }
        },
        "ContactsLocationsModule":{
          "OverallOfficialList":{
            "OverallOfficial":[
              {
                "OverallOfficialName":"Lawrence G. Lum, MD, DSc",
                "OverallOfficialAffiliation":"Roger Williams Medical Center",
                "OverallOfficialRole":"Study Chair"
              }
            ]
          },
          "LocationList":{
            "Location":[
              {
                "LocationFacility":"Roger Williams Medical Center",
                "LocationCity":"Providence",
                "LocationState":"Rhode Island",
                "LocationZip":"02908-4735",
                "LocationCountry":"United States"
              }
            ]
          }
        }
      },
      "DerivedSection":{
        "MiscInfoModule":{
          "VersionHolder":"April 19, 2021"
        },
        "ConditionBrowseModule":{
          "ConditionMeshList":{
            "ConditionMesh":[
              {
                "ConditionMeshId":"D000001943",
                "ConditionMeshTerm":"Breast Neoplasms"
              }
            ]
          },
          "ConditionAncestorList":{
            "ConditionAncestor":[
              {
                "ConditionAncestorId":"D000009371",
                "ConditionAncestorTerm":"Neoplasms by Site"
              },{
                "ConditionAncestorId":"D000009369",
                "ConditionAncestorTerm":"Neoplasms"
              },{
                "ConditionAncestorId":"D000001941",
                "ConditionAncestorTerm":"Breast Diseases"
              },{
                "ConditionAncestorId":"D000012871",
                "ConditionAncestorTerm":"Skin Diseases"
              }
            ]
          },
          "ConditionBrowseLeafList":{
            "ConditionBrowseLeaf":[
              {
                "ConditionBrowseLeafId":"M3802",
                "ConditionBrowseLeafName":"Breast Neoplasms",
                "ConditionBrowseLeafAsFound":"Breast Cancer",
                "ConditionBrowseLeafRelevance":"high"
              },{
                "ConditionBrowseLeafId":"M3800",
                "ConditionBrowseLeafName":"Breast Diseases",
                "ConditionBrowseLeafRelevance":"low"
              },{
                "ConditionBrowseLeafId":"M14257",
                "ConditionBrowseLeafName":"Skin Diseases",
                "ConditionBrowseLeafRelevance":"low"
              }
            ]
          },
          "ConditionBrowseBranchList":{
            "ConditionBrowseBranch":[
              {
                "ConditionBrowseBranchAbbrev":"BC04",
                "ConditionBrowseBranchName":"Cancers and Other Neoplasms"
              },{
                "ConditionBrowseBranchAbbrev":"BC17",
                "ConditionBrowseBranchName":"Skin and Connective Tissue Diseases"
              },{
                "ConditionBrowseBranchAbbrev":"All",
                "ConditionBrowseBranchName":"All Conditions"
              }
            ]
          }
        },
        "InterventionBrowseModule":{
          "InterventionMeshList":{
            "InterventionMesh":[
              {
                "InterventionMeshId":"C000082598",
                "InterventionMeshTerm":"Aldesleukin"
              },{
                "InterventionMeshId":"D000017239",
                "InterventionMeshTerm":"Paclitaxel"
              },{
                "InterventionMeshId":"D000003520",
                "InterventionMeshTerm":"Cyclophosphamide"
              },{
                "InterventionMeshId":"D000004317",
                "InterventionMeshTerm":"Doxorubicin"
              },{
                "InterventionMeshId":"C000506643",
                "InterventionMeshTerm":"Liposomal doxorubicin"
              },{
                "InterventionMeshId":"C000081222",
                "InterventionMeshTerm":"Sargramostim"
              }
            ]
          },
          "InterventionAncestorList":{
            "InterventionAncestor":[
              {
                "InterventionAncestorId":"D000000972",
                "InterventionAncestorTerm":"Antineoplastic Agents, Phytogenic"
              },{
                "InterventionAncestorId":"D000000970",
                "InterventionAncestorTerm":"Antineoplastic Agents"
              },{
                "InterventionAncestorId":"D000050257",
                "InterventionAncestorTerm":"Tubulin Modulators"
              },{
                "InterventionAncestorId":"D000050256",
                "InterventionAncestorTerm":"Antimitotic Agents"
              },{
                "InterventionAncestorId":"D000050258",
                "InterventionAncestorTerm":"Mitosis Modulators"
              },{
                "InterventionAncestorId":"D000045504",
                "InterventionAncestorTerm":"Molecular Mechanisms of Pharmacological Action"
              },{
                "InterventionAncestorId":"D000007166",
                "InterventionAncestorTerm":"Immunosuppressive Agents"
              },{
                "InterventionAncestorId":"D000007155",
                "InterventionAncestorTerm":"Immunologic Factors"
              },{
                "InterventionAncestorId":"D000045505",
                "InterventionAncestorTerm":"Physiological Effects of Drugs"
              },{
                "InterventionAncestorId":"D000018501",
                "InterventionAncestorTerm":"Antirheumatic Agents"
              },{
                "InterventionAncestorId":"D000018906",
                "InterventionAncestorTerm":"Antineoplastic Agents, Alkylating"
              },{
                "InterventionAncestorId":"D000000477",
                "InterventionAncestorTerm":"Alkylating Agents"
              },{
                "InterventionAncestorId":"D000019653",
                "InterventionAncestorTerm":"Myeloablative Agonists"
              },{
                "InterventionAncestorId":"D000000903",
                "InterventionAncestorTerm":"Antibiotics, Antineoplastic"
              },{
                "InterventionAncestorId":"D000059005",
                "InterventionAncestorTerm":"Topoisomerase II Inhibitors"
              },{
                "InterventionAncestorId":"D000059003",
                "InterventionAncestorTerm":"Topoisomerase Inhibitors"
              },{
                "InterventionAncestorId":"D000004791",
                "InterventionAncestorTerm":"Enzyme Inhibitors"
              },{
                "InterventionAncestorId":"D000019380",
                "InterventionAncestorTerm":"Anti-HIV Agents"
              },{
                "InterventionAncestorId":"D000044966",
                "InterventionAncestorTerm":"Anti-Retroviral Agents"
              },{
                "InterventionAncestorId":"D000000998",
                "InterventionAncestorTerm":"Antiviral Agents"
              },{
                "InterventionAncestorId":"D000000890",
                "InterventionAncestorTerm":"Anti-Infective Agents"
              }
            ]
          },
          "InterventionBrowseLeafList":{
            "InterventionBrowseLeaf":[
              {
                "InterventionBrowseLeafId":"M18120",
                "InterventionBrowseLeafName":"Paclitaxel",
                "InterventionBrowseLeafAsFound":"Effect",
                "InterventionBrowseLeafRelevance":"high"
              },{
                "InterventionBrowseLeafId":"M231",
                "InterventionBrowseLeafName":"Albumin-Bound Paclitaxel",
                "InterventionBrowseLeafRelevance":"low"
              },{
                "InterventionBrowseLeafId":"M5310",
                "InterventionBrowseLeafName":"Cyclophosphamide",
                "InterventionBrowseLeafAsFound":"Procedure",
                "InterventionBrowseLeafRelevance":"high"
              },{
                "InterventionBrowseLeafId":"M6075",
                "InterventionBrowseLeafName":"Doxorubicin",
                "InterventionBrowseLeafAsFound":"Prostate Cancer",
                "InterventionBrowseLeafRelevance":"high"
              },{
                "InterventionBrowseLeafId":"M235025",
                "InterventionBrowseLeafName":"Liposomal doxorubicin",
                "InterventionBrowseLeafAsFound":"Prostate Cancer",
                "InterventionBrowseLeafRelevance":"high"
              },{
                "InterventionBrowseLeafId":"M15557",
                "InterventionBrowseLeafName":"Triamcinolone",
                "InterventionBrowseLeafRelevance":"low"
              },{
                "InterventionBrowseLeafId":"M15558",
                "InterventionBrowseLeafName":"Triamcinolone Acetonide",
                "InterventionBrowseLeafRelevance":"low"
              },{
                "InterventionBrowseLeafId":"M246055",
                "InterventionBrowseLeafName":"Triamcinolone hexacetonide",
                "InterventionBrowseLeafRelevance":"low"
              },{
                "InterventionBrowseLeafId":"M216433",
                "InterventionBrowseLeafName":"Triamcinolone diacetate",
                "InterventionBrowseLeafRelevance":"low"
              },{
                "InterventionBrowseLeafId":"M266484",
                "InterventionBrowseLeafName":"Molgramostim",
                "InterventionBrowseLeafRelevance":"low"
              },{
                "InterventionBrowseLeafId":"M8994",
                "InterventionBrowseLeafName":"Interleukin-2",
                "InterventionBrowseLeafRelevance":"low"
              },{
                "InterventionBrowseLeafId":"M267719",
                "InterventionBrowseLeafName":"Sargramostim",
                "InterventionBrowseLeafAsFound":"Irinotecan",
                "InterventionBrowseLeafRelevance":"high"
              },{
                "InterventionBrowseLeafId":"M1945",
                "InterventionBrowseLeafName":"Lenograstim",
                "InterventionBrowseLeafRelevance":"low"
              },{
                "InterventionBrowseLeafId":"M233128",
                "InterventionBrowseLeafName":"Aldesleukin",
                "InterventionBrowseLeafAsFound":"Intubation",
                "InterventionBrowseLeafRelevance":"high"
              },{
                "InterventionBrowseLeafId":"M24784",
                "InterventionBrowseLeafName":"Tubulin Modulators",
                "InterventionBrowseLeafRelevance":"low"
              },{
                "InterventionBrowseLeafId":"M24783",
                "InterventionBrowseLeafName":"Antimitotic Agents",
                "InterventionBrowseLeafRelevance":"low"
              },{
                "InterventionBrowseLeafId":"M8795",
                "InterventionBrowseLeafName":"Immunosuppressive Agents",
                "InterventionBrowseLeafRelevance":"low"
              },{
                "InterventionBrowseLeafId":"M8784",
                "InterventionBrowseLeafName":"Immunologic Factors",
                "InterventionBrowseLeafRelevance":"low"
              },{
                "InterventionBrowseLeafId":"M19188",
                "InterventionBrowseLeafName":"Antirheumatic Agents",
                "InterventionBrowseLeafRelevance":"low"
              },{
                "InterventionBrowseLeafId":"M2401",
                "InterventionBrowseLeafName":"Alkylating Agents",
                "InterventionBrowseLeafRelevance":"low"
              },{
                "InterventionBrowseLeafId":"M2803",
                "InterventionBrowseLeafName":"Anti-Bacterial Agents",
                "InterventionBrowseLeafRelevance":"low"
              },{
                "InterventionBrowseLeafId":"M2805",
                "InterventionBrowseLeafName":"Antibiotics, Antitubercular",
                "InterventionBrowseLeafRelevance":"low"
              },{
                "InterventionBrowseLeafId":"M19934",
                "InterventionBrowseLeafName":"Anti-HIV Agents",
                "InterventionBrowseLeafRelevance":"low"
              },{
                "InterventionBrowseLeafId":"M24015",
                "InterventionBrowseLeafName":"Anti-Retroviral Agents",
                "InterventionBrowseLeafRelevance":"low"
              },{
                "InterventionBrowseLeafId":"M2895",
                "InterventionBrowseLeafName":"Antiviral Agents",
                "InterventionBrowseLeafRelevance":"low"
              },{
                "InterventionBrowseLeafId":"M2795",
                "InterventionBrowseLeafName":"Anti-Infective Agents",
                "InterventionBrowseLeafRelevance":"low"
              }
            ]
          },
          "InterventionBrowseBranchList":{
            "InterventionBrowseBranch":[
              {
                "InterventionBrowseBranchAbbrev":"ANeo",
                "InterventionBrowseBranchName":"Antineoplastic Agents"
              },{
                "InterventionBrowseBranchAbbrev":"All",
                "InterventionBrowseBranchName":"All Drugs and Chemicals"
              },{
                "InterventionBrowseBranchAbbrev":"ARhu",
                "InterventionBrowseBranchName":"Antirheumatic Agents"
              },{
                "InterventionBrowseBranchAbbrev":"Infl",
                "InterventionBrowseBranchName":"Anti-Inflammatory Agents"
              },{
                "InterventionBrowseBranchAbbrev":"Analg",
                "InterventionBrowseBranchName":"Analgesics"
              },{
                "InterventionBrowseBranchAbbrev":"Infe",
                "InterventionBrowseBranchName":"Anti-Infective Agents"
              }
            ]
          }
        }
      }
    }
  }
}

