{
  "FullStudy":{
    "Rank":367655,
    "Study":{
      "ProtocolSection":{
        "IdentificationModule":{
          "NCTId":"NCT00028028",
          "OrgStudyIdInfo":{
            "OrgStudyId":"NCI-2012-03146"
          },
          "SecondaryIdInfoList":{
            "SecondaryIdInfo":[
              {
                "SecondaryId":"E1500"
              },{
                "SecondaryId":"U10CA021115",
                "SecondaryIdType":"U.S. NIH Grant/Contract",
                "SecondaryIdLink":"https://projectreporter.nih.gov/reporterapi.cfm?PROJECTNUM=U10CA021115&Fy=all"
              },{
                "SecondaryId":"CDR0000069118",
                "SecondaryIdType":"Registry Identifier",
                "SecondaryIdDomain":"PDQ (Physician Data Query)"
              }
            ]
          },
          "Organization":{
            "OrgFullName":"National Cancer Institute (NCI)",
            "OrgClass":"NIH"
          },
          "BriefTitle":"CCI-779 in Treating Patients With Extensive-Stage Small Cell Lung Cancer",
          "OfficialTitle":"A Randomized, Phase II ECOG Trial of Two Dose Levels of CCI-779 in Patients With Extensive-Stage Small Cell Lung Cancer Who Have Responding or Stable Disease After Induction Chemotherapy"
        },
        "StatusModule":{
          "StatusVerifiedDate":"February 2013",
          "OverallStatus":"Completed",
          "ExpandedAccessInfo":{
            "HasExpandedAccess":"No"
          },
          "StartDateStruct":{
            "StartDate":"February 2002"
          },
          "PrimaryCompletionDateStruct":{
            "PrimaryCompletionDate":"January 2007",
            "PrimaryCompletionDateType":"Actual"
          },
          "StudyFirstSubmitDate":"December 7, 2001",
          "StudyFirstSubmitQCDate":"January 26, 2003",
          "StudyFirstPostDateStruct":{
            "StudyFirstPostDate":"January 27, 2003",
            "StudyFirstPostDateType":"Estimate"
          },
          "LastUpdateSubmitDate":"February 27, 2013",
          "LastUpdatePostDateStruct":{
            "LastUpdatePostDate":"February 28, 2013",
            "LastUpdatePostDateType":"Estimate"
          }
        },
        "SponsorCollaboratorsModule":{
          "ResponsibleParty":{
            "ResponsiblePartyType":"Sponsor"
          },
          "LeadSponsor":{
            "LeadSponsorName":"National Cancer Institute (NCI)",
            "LeadSponsorClass":"NIH"
          }
        },
        "OversightModule":{},
        "DescriptionModule":{
          "BriefSummary":"Randomized phase II trial to compare the effectiveness of different doses of CCI-779 in treating patients who have extensive-stage small cell lung cancer. Drugs used in chemotherapy use different ways to stop tumor cells from dividing so they stop growing or die",
          "DetailedDescription":"PRIMARY OBJECTIVES:\n\nI. To study the progression-free survival in patients who receive a lower or a higher dose of CCI-779, a cytostatic agent following cytoreductive chemotherapy in extensive SCLC.\n\nII. To determine the toxicity of two treatment regimens involving a lower or a higher dose of CCI-779.\n\nSECONDARY OBJECTIVES:\n\nI. To quantify the effects of CCI-779 treatment on p70S6 phosphorylation in peripheral blood mononuclear cells of patients with small cell lung cancer who are treated with CCI-779.\n\nII. To measure the effects on mTOR activation and signaling of plasma from patients treated with CCI-779.\n\nIII. To determine the relationship between CCI-779 dose and its pharmacodynamic parameters.\n\nIV. To correlate the inhibition of p70S6 with indices of patient outcome.\n\nOUTLINE: This is a randomized, multicenter study. Patients are stratified according to brain metastases (yes vs no), prior induction chemotherapy regimen (platinum and etoposide vs platinum and irinotecan), and response to prior induction chemotherapy (complete or partial response vs stable disease). Patients are randomized to 1 of 2 treatment arms.\n\nARM I: Patients receive low-dose CCI-779 IV over 30 minutes once weekly. Treatment continues in the absence of disease progression or unacceptable toxicity.\n\nARM II: Patients receive high-dose CCI-779 as in arm I.\n\nPatients are followed every 3 months for 2 years, every 6 months for 3 years, and then annually thereafter."
        },
        "ConditionsModule":{
          "ConditionList":{
            "Condition":[
              "Extensive Stage Small Cell Lung Cancer"
            ]
          }
        },
        "DesignModule":{
          "StudyType":"Interventional",
          "PhaseList":{
            "Phase":[
              "Phase 2"
            ]
          },
          "DesignInfo":{
            "DesignAllocation":"Randomized",
            "DesignInterventionModel":"Parallel Assignment",
            "DesignPrimaryPurpose":"Treatment",
            "DesignMaskingInfo":{
              "DesignMasking":"None (Open Label)"
            }
          },
          "EnrollmentInfo":{
            "EnrollmentCount":"80",
            "EnrollmentType":"Actual"
          }
        },
        "ArmsInterventionsModule":{
          "ArmGroupList":{
            "ArmGroup":[
              {
                "ArmGroupLabel":"Arm I",
                "ArmGroupType":"Experimental",
                "ArmGroupDescription":"Patients receive low-dose CCI-779 IV over 30 minutes once weekly. Treatment continues in the absence of disease progression or unacceptable toxicity.",
                "ArmGroupInterventionList":{
                  "ArmGroupInterventionName":[
                    "Drug: temsirolimus",
                    "Other: pharmacological study",
                    "Other: laboratory biomarker analysis"
                  ]
                }
              },{
                "ArmGroupLabel":"Arm II",
                "ArmGroupType":"Experimental",
                "ArmGroupDescription":"Patients receive high-dose CCI-779 as in arm I.",
                "ArmGroupInterventionList":{
                  "ArmGroupInterventionName":[
                    "Drug: temsirolimus",
                    "Other: pharmacological study",
                    "Other: laboratory biomarker analysis"
                  ]
                }
              }
            ]
          },
          "InterventionList":{
            "Intervention":[
              {
                "InterventionType":"Drug",
                "InterventionName":"temsirolimus",
                "InterventionDescription":"Given IV",
                "InterventionArmGroupLabelList":{
                  "InterventionArmGroupLabel":[
                    "Arm I",
                    "Arm II"
                  ]
                },
                "InterventionOtherNameList":{
                  "InterventionOtherName":[
                    "CCI-779",
                    "cell cycle inhibitor 779",
                    "Torisel"
                  ]
                }
              },{
                "InterventionType":"Other",
                "InterventionName":"pharmacological study",
                "InterventionDescription":"Correlative studies",
                "InterventionArmGroupLabelList":{
                  "InterventionArmGroupLabel":[
                    "Arm I",
                    "Arm II"
                  ]
                },
                "InterventionOtherNameList":{
                  "InterventionOtherName":[
                    "pharmacological studies"
                  ]
                }
              },{
                "InterventionType":"Other",
                "InterventionName":"laboratory biomarker analysis",
                "InterventionDescription":"Correlative studies",
                "InterventionArmGroupLabelList":{
                  "InterventionArmGroupLabel":[
                    "Arm I",
                    "Arm II"
                  ]
                }
              }
            ]
          }
        },
        "OutcomesModule":{
          "PrimaryOutcomeList":{
            "PrimaryOutcome":[
              {
                "PrimaryOutcomeMeasure":"Progression-free survival (PFS)",
                "PrimaryOutcomeDescription":"A log-rank test will compare the PFS curves of both arms.",
                "PrimaryOutcomeTimeFrame":"Time to death or relapse, assessed up to 6 years"
              }
            ]
          },
          "SecondaryOutcomeList":{
            "SecondaryOutcome":[
              {
                "SecondaryOutcomeMeasure":"Toxicity rate graded according to NCI CTC version 2.0",
                "SecondaryOutcomeDescription":"The difference in the true toxicity rates of the two arms will be detected using Fisher's exact test.",
                "SecondaryOutcomeTimeFrame":"Up to 6 years"
              }
            ]
          }
        },
        "EligibilityModule":{
          "EligibilityCriteria":"Inclusion Criteria:\n\nPatients must have histologically-confirmed small cell carcinoma of the lung or unequivocally positive cytological evidence (sputum [at least 2] or aspirate biopsy), with extensive disease (disease beyond the hemithorax and adjacent nodes, supraclavicular node involvement or pleural effusion with positive cytology), who have required induction chemotherapy, who have responding or stable disease, and who meet the following criteria:\n\nInduction chemotherapy including platinum (cisplatin or carboplatin) plus either etoposide (VP-16) or irinotecan (CPT-11)\nA minimum of 3 and a maximum of 6 cycles of induction chemotherapy have been administered\nRecovered from all toxicity related to prior chemotherapy (except alopecia and/or neuropathy)\nNo less than 4 and no more than 8 weeks have elapsed between the last treatment of induction chemotherapy and randomization\nNo more than 32 weeks have elapsed between the first dose of induction chemotherapy and date of randomization\nThe patient has responding or stable disease using RECIST criteria since the initiation of systemic chemotherapy (i.e., patients who have exhibited disease progression are NOT ELIGIBLE)\nPatients must be disease-free for >= 5 years if they have had a prior second malignancy other than treated basal cell or squamous cell skin cancer, or carcinoma in situ of the cervix\nBaseline measurements/evaluations of disease must be obtained =< 4 weeks prior to randomization\nWBC >= 4000/mm³ or\nANC >= 1500/mm³\nPlatelet count >= 100,000/mm³\nTotal bilirubin =< 1.5 mg/dl\nCreatinine =< 1.5 mg/dl\nPatient's cholesterol level must be < 350mg/dl; (note; if non-fasting levels are high repeat in a fasting state)\nPatient's triglycerides must be < 400mg/dl; (note; if non-fasting levels are high repeat in a fasting state)\nECOG performance status 0, 1, or 2\nPrior radiation to any symptomatic site is permitted so long as the site(s) of measurable disease are NOT irradiated, and radiation is completed at least 4 weeks before randomization\nPatients must not have had prior treatment with biological response modifiers\nPatients with brain metastases are eligible provided they have received treatment, are asymptomatic and are no longer taking corticosteroids; patients who develop brain metastases after completion of induction chemotherapy are ineligible\nPatients must not be on anticonvulsant therapy\nPatients must not have limited disease\nPatients must not become pregnant and must practice adequate contraception; women of child-bearing potential and men must agree to use adequate contraception (hormonal or barrier method of birth control) prior to study entry, for the duration of study participation and continue approximately 12 weeks after the study is completed; should a woman become pregnant or suspect she is pregnant while participating in this study, she should inform her treating physician immediately; female patients who are breastfeeding are also excluded from this study\nPatients must not have history of allergic reactions attributed to compounds of similar chemical or biologic composition to CCI-779, or to any of the components of the CCI-779 formulation; patients must also not be allergic to or for medical reasons are unable to receive antihistamines\nPatients must not be immunocompromised, have an active infection or serious intercurrent infection, or have received known immunosuppressive therapies within 3 weeks randomization",
          "HealthyVolunteers":"No",
          "Gender":"All",
          "MinimumAge":"18 Years",
          "StdAgeList":{
            "StdAge":[
              "Adult",
              "Older Adult"
            ]
          }
        },
        "ContactsLocationsModule":{
          "OverallOfficialList":{
            "OverallOfficial":[
              {
                "OverallOfficialName":"Kishan Pandya",
                "OverallOfficialAffiliation":"Eastern Cooperative Oncology Group",
                "OverallOfficialRole":"Principal Investigator"
              }
            ]
          },
          "LocationList":{
            "Location":[
              {
                "LocationFacility":"Eastern Cooperative Oncology Group",
                "LocationCity":"Boston",
                "LocationState":"Massachusetts",
                "LocationZip":"02215",
                "LocationCountry":"United States"
              }
            ]
          }
        }
      },
      "DerivedSection":{
        "MiscInfoModule":{
          "VersionHolder":"April 19, 2021"
        },
        "ConditionBrowseModule":{
          "ConditionMeshList":{
            "ConditionMesh":[
              {
                "ConditionMeshId":"D000008175",
                "ConditionMeshTerm":"Lung Neoplasms"
              },{
                "ConditionMeshId":"D000055752",
                "ConditionMeshTerm":"Small Cell Lung Carcinoma"
              }
            ]
          },
          "ConditionAncestorList":{
            "ConditionAncestor":[
              {
                "ConditionAncestorId":"D000012142",
                "ConditionAncestorTerm":"Respiratory Tract Neoplasms"
              },{
                "ConditionAncestorId":"D000013899",
                "ConditionAncestorTerm":"Thoracic Neoplasms"
              },{
                "ConditionAncestorId":"D000009371",
                "ConditionAncestorTerm":"Neoplasms by Site"
              },{
                "ConditionAncestorId":"D000009369",
                "ConditionAncestorTerm":"Neoplasms"
              },{
                "ConditionAncestorId":"D000008171",
                "ConditionAncestorTerm":"Lung Diseases"
              },{
                "ConditionAncestorId":"D000012140",
                "ConditionAncestorTerm":"Respiratory Tract Diseases"
              },{
                "ConditionAncestorId":"D000002283",
                "ConditionAncestorTerm":"Carcinoma, Bronchogenic"
              },{
                "ConditionAncestorId":"D000001984",
                "ConditionAncestorTerm":"Bronchial Neoplasms"
              }
            ]
          },
          "ConditionBrowseLeafList":{
            "ConditionBrowseLeaf":[
              {
                "ConditionBrowseLeafId":"M9755",
                "ConditionBrowseLeafName":"Lung Neoplasms",
                "ConditionBrowseLeafAsFound":"Lung Cancer",
                "ConditionBrowseLeafRelevance":"high"
              },{
                "ConditionBrowseLeafId":"M26910",
                "ConditionBrowseLeafName":"Small Cell Lung Carcinoma",
                "ConditionBrowseLeafAsFound":"Small Cell Lung Cancer",
                "ConditionBrowseLeafRelevance":"high"
              },{
                "ConditionBrowseLeafId":"M4116",
                "ConditionBrowseLeafName":"Carcinoma",
                "ConditionBrowseLeafRelevance":"low"
              },{
                "ConditionBrowseLeafId":"M13562",
                "ConditionBrowseLeafName":"Respiratory Tract Neoplasms",
                "ConditionBrowseLeafRelevance":"low"
              },{
                "ConditionBrowseLeafId":"M15241",
                "ConditionBrowseLeafName":"Thoracic Neoplasms",
                "ConditionBrowseLeafRelevance":"low"
              },{
                "ConditionBrowseLeafId":"M9751",
                "ConditionBrowseLeafName":"Lung Diseases",
                "ConditionBrowseLeafRelevance":"low"
              },{
                "ConditionBrowseLeafId":"M13560",
                "ConditionBrowseLeafName":"Respiratory Tract Diseases",
                "ConditionBrowseLeafRelevance":"low"
              },{
                "ConditionBrowseLeafId":"M4122",
                "ConditionBrowseLeafName":"Carcinoma, Bronchogenic",
                "ConditionBrowseLeafRelevance":"low"
              },{
                "ConditionBrowseLeafId":"M3842",
                "ConditionBrowseLeafName":"Bronchial Neoplasms",
                "ConditionBrowseLeafRelevance":"low"
              },{
                "ConditionBrowseLeafId":"T5271",
                "ConditionBrowseLeafName":"Small Cell Lung Cancer",
                "ConditionBrowseLeafAsFound":"Small Cell Lung Cancer",
                "ConditionBrowseLeafRelevance":"high"
              }
            ]
          },
          "ConditionBrowseBranchList":{
            "ConditionBrowseBranch":[
              {
                "ConditionBrowseBranchAbbrev":"BC04",
                "ConditionBrowseBranchName":"Cancers and Other Neoplasms"
              },{
                "ConditionBrowseBranchAbbrev":"BC08",
                "ConditionBrowseBranchName":"Respiratory Tract (Lung and Bronchial) Diseases"
              },{
                "ConditionBrowseBranchAbbrev":"All",
                "ConditionBrowseBranchName":"All Conditions"
              },{
                "ConditionBrowseBranchAbbrev":"Rare",
                "ConditionBrowseBranchName":"Rare Diseases"
              }
            ]
          }
        },
        "InterventionBrowseModule":{
          "InterventionMeshList":{
            "InterventionMesh":[
              {
                "InterventionMeshId":"D000020123",
                "InterventionMeshTerm":"Sirolimus"
              }
            ]
          },
          "InterventionAncestorList":{
            "InterventionAncestor":[
              {
                "InterventionAncestorId":"D000000900",
                "InterventionAncestorTerm":"Anti-Bacterial Agents"
              },{
                "InterventionAncestorId":"D000000890",
                "InterventionAncestorTerm":"Anti-Infective Agents"
              },{
                "InterventionAncestorId":"D000000903",
                "InterventionAncestorTerm":"Antibiotics, Antineoplastic"
              },{
                "InterventionAncestorId":"D000000970",
                "InterventionAncestorTerm":"Antineoplastic Agents"
              },{
                "InterventionAncestorId":"D000000935",
                "InterventionAncestorTerm":"Antifungal Agents"
              },{
                "InterventionAncestorId":"D000007166",
                "InterventionAncestorTerm":"Immunosuppressive Agents"
              },{
                "InterventionAncestorId":"D000007155",
                "InterventionAncestorTerm":"Immunologic Factors"
              },{
                "InterventionAncestorId":"D000045505",
                "InterventionAncestorTerm":"Physiological Effects of Drugs"
              }
            ]
          },
          "InterventionBrowseLeafList":{
            "InterventionBrowseLeaf":[
              {
                "InterventionBrowseLeafId":"M20544",
                "InterventionBrowseLeafName":"Sirolimus",
                "InterventionBrowseLeafAsFound":"Cholangiocarcinoma",
                "InterventionBrowseLeafRelevance":"high"
              },{
                "InterventionBrowseLeafId":"M2803",
                "InterventionBrowseLeafName":"Anti-Bacterial Agents",
                "InterventionBrowseLeafRelevance":"low"
              },{
                "InterventionBrowseLeafId":"M2795",
                "InterventionBrowseLeafName":"Anti-Infective Agents",
                "InterventionBrowseLeafRelevance":"low"
              },{
                "InterventionBrowseLeafId":"M2805",
                "InterventionBrowseLeafName":"Antibiotics, Antitubercular",
                "InterventionBrowseLeafRelevance":"low"
              },{
                "InterventionBrowseLeafId":"M4835",
                "InterventionBrowseLeafName":"Clotrimazole",
                "InterventionBrowseLeafRelevance":"low"
              },{
                "InterventionBrowseLeafId":"M10379",
                "InterventionBrowseLeafName":"Miconazole",
                "InterventionBrowseLeafRelevance":"low"
              },{
                "InterventionBrowseLeafId":"M2835",
                "InterventionBrowseLeafName":"Antifungal Agents",
                "InterventionBrowseLeafRelevance":"low"
              },{
                "InterventionBrowseLeafId":"M8795",
                "InterventionBrowseLeafName":"Immunosuppressive Agents",
                "InterventionBrowseLeafRelevance":"low"
              },{
                "InterventionBrowseLeafId":"M8784",
                "InterventionBrowseLeafName":"Immunologic Factors",
                "InterventionBrowseLeafRelevance":"low"
              }
            ]
          },
          "InterventionBrowseBranchList":{
            "InterventionBrowseBranch":[
              {
                "InterventionBrowseBranchAbbrev":"Infe",
                "InterventionBrowseBranchName":"Anti-Infective Agents"
              },{
                "InterventionBrowseBranchAbbrev":"ANeo",
                "InterventionBrowseBranchName":"Antineoplastic Agents"
              },{
                "InterventionBrowseBranchAbbrev":"All",
                "InterventionBrowseBranchName":"All Drugs and Chemicals"
              }
            ]
          }
        }
      }
    }
  }
}

