{
  "FullStudy":{
    "Rank":367798,
    "Study":{
      "ProtocolSection":{
        "IdentificationModule":{
          "NCTId":"NCT00026026",
          "OrgStudyIdInfo":{
            "OrgStudyId":"NCRR-M01RR02558-0173"
          },
          "Organization":{
            "OrgFullName":"National Center for Research Resources (NCRR)",
            "OrgClass":"NIH"
          },
          "BriefTitle":"Linkage and Identification of (a) Candidate Gene(s) for Tooth Disorders",
          "OfficialTitle":"Linkage and Identification of (a) Candidate Gene(s) for Tooth Disorders"
        },
        "StatusModule":{
          "StatusVerifiedDate":"December 2003",
          "OverallStatus":"Unknown status",
          "LastKnownStatus":"Recruiting",
          "ExpandedAccessInfo":{
            "HasExpandedAccess":"No"
          },
          "StudyFirstSubmitDate":"November 6, 2001",
          "StudyFirstSubmitQCDate":"November 6, 2001",
          "StudyFirstPostDateStruct":{
            "StudyFirstPostDate":"November 7, 2001",
            "StudyFirstPostDateType":"Estimate"
          },
          "LastUpdateSubmitDate":"June 23, 2005",
          "LastUpdatePostDateStruct":{
            "LastUpdatePostDate":"June 24, 2005",
            "LastUpdatePostDateType":"Estimate"
          }
        },
        "SponsorCollaboratorsModule":{
          "LeadSponsor":{
            "LeadSponsorName":"National Center for Research Resources (NCRR)",
            "LeadSponsorClass":"NIH"
          }
        },
        "DescriptionModule":{
          "BriefSummary":"The congenital absence of teeth, commonly referred to as hypodontia or tooth agenesis, is a common developmental anomaly of human dentition that affects approximately 20% of the population. Although new genetic and molecular approaches in humans and mice have increased our understanding of the molecules that control tooth patterning (number, position, shape and size), the precise nature of the genes involved in hypodontia in humans is poorly understood. Hence, understanding the molecular basis for missing teeth is an issue of paramount importance that is both timely and significant to the practice of dentistry. So far, only two genes have been associated with non-syndromic familial tooth agenesis: MSX1 and PAX9. Substitution mutations in the homeodomain region of MSX1 were linked to premolar agenesis while an insertion mutation in the paired box domain of PAX9 was shown to be responsible for molar oligodontia.\n\nThe long-term goals of this research are to elucidate the molecular pathology of human tooth agenesis, in particular, to evaluate whether genes other than MSX1 and PAX9 (locus heterogeneity) are involved. Alternatively, as in the case of MSX1, it will be interesting to know whether allelic variations, different mutations in these genes, are associated with tooth agenesis. We propose to study a potentially large kindred that report the developmental absence of several posterior teeth. The fundamental hypothesis to be tested states that the gene responsible for the congenital absence of molar teeth in this kindred is a critical element in the genesis of molars. The specific goals are to perform linkage analysis followed by direct sequencing of PCR products to identify the gene and to characterize the nature of the underlying defect. Identifying the underlying gene defect in this family affected by tooth agenesis will add new knowledge to our understanding of the pathogenesis of this defect and will provide the basis for future studies."
        },
        "ConditionsModule":{
          "ConditionList":{
            "Condition":[
              "Anodontia"
            ]
          },
          "KeywordList":{
            "Keyword":[
              "Human tooth agenesis"
            ]
          }
        },
        "DesignModule":{
          "StudyType":"Observational",
          "DesignInfo":{
            "DesignTimePerspectiveList":{
              "DesignTimePerspective":[
                "Cross-Sectional"
              ]
            }
          }
        },
        "EligibilityModule":{
          "EligibilityCriteria":"Patients affected with non-syndromic tooth agenesis and non-affected family members",
          "HealthyVolunteers":"Accepts Healthy Volunteers",
          "Gender":"All",
          "MinimumAge":"5 Years",
          "MaximumAge":"80 Years",
          "StdAgeList":{
            "StdAge":[
              "Child",
              "Adult",
              "Older Adult"
            ]
          }
        },
        "ContactsLocationsModule":{
          "LocationList":{
            "Location":[
              {
                "LocationFacility":"University of North Carolina at Chapel Hill",
                "LocationStatus":"Recruiting",
                "LocationCity":"Chapel Hill",
                "LocationState":"North Carolina",
                "LocationZip":"27599",
                "LocationCountry":"United States",
                "LocationContactList":{
                  "LocationContact":[
                    {
                      "LocationContactName":"Sylvia A Frazier-Bowers, DDS, PhD",
                      "LocationContactRole":"Contact",
                      "LocationContactPhone":"919-966-9255",
                      "LocationContactEMail":"sylvia_frazier@dentistry.unc.edu"
                    }
                  ]
                }
              }
            ]
          }
        }
      },
      "DerivedSection":{
        "MiscInfoModule":{
          "VersionHolder":"April 19, 2021"
        },
        "ConditionBrowseModule":{
          "ConditionMeshList":{
            "ConditionMesh":[
              {
                "ConditionMeshId":"D000000848",
                "ConditionMeshTerm":"Anodontia"
              }
            ]
          },
          "ConditionAncestorList":{
            "ConditionAncestor":[
              {
                "ConditionAncestorId":"D000014076",
                "ConditionAncestorTerm":"Tooth Diseases"
              },{
                "ConditionAncestorId":"D000009057",
                "ConditionAncestorTerm":"Stomatognathic Diseases"
              },{
                "ConditionAncestorId":"D000014071",
                "ConditionAncestorTerm":"Tooth Abnormalities"
              },{
                "ConditionAncestorId":"D000018640",
                "ConditionAncestorTerm":"Stomatognathic System Abnormalities"
              },{
                "ConditionAncestorId":"D000000013",
                "ConditionAncestorTerm":"Congenital Abnormalities"
              }
            ]
          },
          "ConditionBrowseLeafList":{
            "ConditionBrowseLeaf":[
              {
                "ConditionBrowseLeafId":"M15414",
                "ConditionBrowseLeafName":"Tooth Diseases",
                "ConditionBrowseLeafRelevance":"low"
              },{
                "ConditionBrowseLeafId":"M2755",
                "ConditionBrowseLeafName":"Anodontia",
                "ConditionBrowseLeafAsFound":"Anodontia",
                "ConditionBrowseLeafRelevance":"high"
              },{
                "ConditionBrowseLeafId":"M10600",
                "ConditionBrowseLeafName":"Stomatognathic Diseases",
                "ConditionBrowseLeafRelevance":"low"
              },{
                "ConditionBrowseLeafId":"M12",
                "ConditionBrowseLeafName":"Congenital Abnormalities",
                "ConditionBrowseLeafRelevance":"low"
              },{
                "ConditionBrowseLeafId":"M15409",
                "ConditionBrowseLeafName":"Tooth Abnormalities",
                "ConditionBrowseLeafRelevance":"low"
              },{
                "ConditionBrowseLeafId":"M19311",
                "ConditionBrowseLeafName":"Stomatognathic System Abnormalities",
                "ConditionBrowseLeafRelevance":"low"
              },{
                "ConditionBrowseLeafId":"T415",
                "ConditionBrowseLeafName":"Anodontia",
                "ConditionBrowseLeafAsFound":"Anodontia",
                "ConditionBrowseLeafRelevance":"high"
              }
            ]
          },
          "ConditionBrowseBranchList":{
            "ConditionBrowseBranch":[
              {
                "ConditionBrowseBranchAbbrev":"BC07",
                "ConditionBrowseBranchName":"Mouth and Tooth Diseases"
              },{
                "ConditionBrowseBranchAbbrev":"All",
                "ConditionBrowseBranchName":"All Conditions"
              },{
                "ConditionBrowseBranchAbbrev":"BC16",
                "ConditionBrowseBranchName":"Diseases and Abnormalities at or Before Birth"
              },{
                "ConditionBrowseBranchAbbrev":"Rare",
                "ConditionBrowseBranchName":"Rare Diseases"
              }
            ]
          }
        }
      }
    }
  }
}

