{
  "FullStudy":{
    "Rank":367841,
    "Study":{
      "ProtocolSection":{
        "IdentificationModule":{
          "NCTId":"NCT00025441",
          "OrgStudyIdInfo":{
            "OrgStudyId":"CDR0000068961"
          },
          "SecondaryIdInfoList":{
            "SecondaryIdInfo":[
              {
                "SecondaryId":"SIOP-MMT-98"
              },{
                "SecondaryId":"SFOP-SIOP-MMT-98"
              },{
                "SecondaryId":"CCLG-SIOP-MMT-98"
              },{
                "SecondaryId":"EU-20126"
              },{
                "SecondaryId":"STS-1998"
              }
            ]
          },
          "Organization":{
            "OrgFullName":"National Cancer Institute (NCI)",
            "OrgClass":"NIH"
          },
          "BriefTitle":"Combination Chemotherapy in Treating Children With Metastatic Rhabdomyosarcoma or Other Malignant Mesenchymal Tumors",
          "OfficialTitle":"MMT 98 Study For Metastatic Disease Rhabdomyosarcoma And Other Malignant Soft Tissue Sarcoma Of Childhood"
        },
        "StatusModule":{
          "StatusVerifiedDate":"November 2001",
          "OverallStatus":"Completed",
          "ExpandedAccessInfo":{
            "HasExpandedAccess":"No"
          },
          "StartDateStruct":{
            "StartDate":"November 1998"
          },
          "CompletionDateStruct":{
            "CompletionDate":"March 2010",
            "CompletionDateType":"Actual"
          },
          "StudyFirstSubmitDate":"October 11, 2001",
          "StudyFirstSubmitQCDate":"January 26, 2003",
          "StudyFirstPostDateStruct":{
            "StudyFirstPostDate":"January 27, 2003",
            "StudyFirstPostDateType":"Estimate"
          },
          "LastUpdateSubmitDate":"December 3, 2013",
          "LastUpdatePostDateStruct":{
            "LastUpdatePostDate":"December 4, 2013",
            "LastUpdatePostDateType":"Estimate"
          }
        },
        "SponsorCollaboratorsModule":{
          "LeadSponsor":{
            "LeadSponsorName":"Societe Internationale d'Oncologie Pediatrique",
            "LeadSponsorClass":"OTHER"
          },
          "CollaboratorList":{
            "Collaborator":[
              {
                "CollaboratorName":"Children's Cancer and Leukaemia Group",
                "CollaboratorClass":"OTHER"
              },{
                "CollaboratorName":"Societe Francaise Oncologie Pediatrique",
                "CollaboratorClass":"OTHER"
              }
            ]
          }
        },
        "DescriptionModule":{
          "BriefSummary":"RATIONALE: Drugs used in chemotherapy use different ways to stop cancer cells from dividing so they stop growing or die. Combining more than one drug may kill more tumor cells.\n\nPURPOSE: Phase II trial to study the effectiveness of combination chemotherapy in treating children with metastatic rhabdomyosarcoma or other malignant mesenchymal tumors.",
          "DetailedDescription":"OBJECTIVES:\n\nDetermine the overall survival of children with metastatic rhabdomyosarcoma or other malignant mesenchymal tumors treated with one of two different chemotherapy regimens based upon risk group.\nDetermine the role of low-intensity maintenance chemotherapy after intensive conventional chemotherapy in standard-risk children.\nDetermine the value of a therapeutic window in high-risk children.\nDetermine the role of sequential high-dose chemotherapy with peripheral blood stem cell transplantation in achieving complete response in high-risk children.\nDetermine the complete response, overall survival, and event-free survival in high-risk children.\n\nOUTLINE: This is a multicenter study. Patients are stratified according to risk group (standard vs high).\n\nStandard-risk patients:\n\nInitial chemotherapy: Patients receive vincristine IV on day 1 for weeks 1-7. Patients also receive dactinomycin IV on day 1 and ifosfamide IV over 1 hour on days 1-3 of week 1. Patients then receive carboplatin IV over 1 hour and epirubicin IV over 6 hours on day 1 of week 4. Patients then receive ifosfamide IV over 1 hour and etoposide IV over 4 hours on days 1-3 of week 7. Treatment repeats every 8 weeks for 3 courses in the absence of disease progression or unacceptable toxicity. After the second course, patients with less than 50% partial response (PR) are removed from study.\n\nPatients with parameningeal disease undergo radiotherapy 5 days a week for about 8 weeks beginning at week 9.\n\nMaintenance chemotherapy: Patients receive cyclophosphamide IV over 1 hour, vincristine IV, and dactinomycin IV on day 1. Treatment repeats every 3 weeks for 9 courses in the absence of disease progression or unacceptable toxicity.\n\nPatients who remain in PR at week 17 undergo radiotherapy for about 9 weeks beginning at week 18.\n\nHigh-risk patients:\n\nInitial chemotherapy: Patients receive window study drug carboplatin IV over 1 hour or doxorubicin on day 1. Treatment repeats every 3 weeks for 2 courses.\n\nPatients receive high-dose cyclophosphamide IV over 1 hour on days 1-3 of week 7. Beginning on day 8, patients receive filgrastim (G-CSF) IV or subcutaneously (SC) daily until day 13. Patients may undergo peripheral blood stem cell (PBSC) collection.\n\nPatients receive high-dose etoposide IV over 24 hours on days 15-17. Beginning on day 22, patients receive G-CSF IV or SC daily until day 27.\n\nPatients receive high-dose cyclophosphamide IV over 1 hour on days 29-31. Beginning on day 36, patients receive G-CSF IV or SC daily until day 42. Patients may undergo PBSC collection if not previously performed. Patients who achieve complete response (CR) are removed from study.\n\nPatients receive high-dose carboplatin IV over 1 hour on days 44-48. Patients undergo PBSC reinfusion on day 52. Beginning on day 55, patients receive G-CSF IV or SC daily until blood counts recover.\n\nMaintenance chemotherapy: Patients receive maintenance chemotherapy comprising cyclophosphamide, vincristine, and dactinomycin in the same manner as the standard-risk patients.\n\nPatients with parameningeal disease and those not achieving CR undergo radiotherapy beginning at week 17. Patients achieving CR, unless metastatic disease is resected, undergo radiotherapy beginning on week 15.\n\nPatients are followed every 2 months for 2 years, every 3 months for 1 year, every 6 months for 2 years, and then annually thereafter.\n\nPROJECTED ACCRUAL: A total of 8-30 standard-risk patients will be accrued for this study within 4 years. A total of 15-75 high-risk patients will be accrued for this study within 4-5 years."
        },
        "ConditionsModule":{
          "ConditionList":{
            "Condition":[
              "Ovarian Cancer",
              "Sarcoma",
              "Small Intestine Cancer"
            ]
          },
          "KeywordList":{
            "Keyword":[
              "chondrosarcoma",
              "small intestine leiomyosarcoma",
              "fibrosarcomatous osteosarcoma",
              "embryonal childhood rhabdomyosarcoma",
              "alveolar childhood rhabdomyosarcoma",
              "pleomorphic childhood rhabdomyosarcoma",
              "mixed childhood rhabdomyosarcoma",
              "embryonal-botryoid childhood rhabdomyosarcoma",
              "metastatic childhood soft tissue sarcoma",
              "extraosseous Ewing sarcoma/peripheral primitive neuroectodermal tumor",
              "childhood fibrosarcoma",
              "childhood synovial sarcoma",
              "childhood malignant hemangiopericytoma",
              "childhood liposarcoma",
              "childhood alveolar soft-part sarcoma",
              "childhood leiomyosarcoma",
              "childhood angiosarcoma",
              "childhood epithelioid sarcoma",
              "childhood malignant mesenchymoma",
              "stage IV uterine sarcoma",
              "uterine leiomyosarcoma",
              "ovarian sarcoma",
              "previously untreated childhood rhabdomyosarcoma",
              "childhood desmoplastic small round cell tumor"
            ]
          }
        },
        "DesignModule":{
          "StudyType":"Interventional",
          "PhaseList":{
            "Phase":[
              "Phase 2"
            ]
          },
          "DesignInfo":{
            "DesignPrimaryPurpose":"Treatment"
          }
        },
        "ArmsInterventionsModule":{
          "InterventionList":{
            "Intervention":[
              {
                "InterventionType":"Biological",
                "InterventionName":"dactinomycin"
              },{
                "InterventionType":"Biological",
                "InterventionName":"filgrastim"
              },{
                "InterventionType":"Drug",
                "InterventionName":"carboplatin"
              },{
                "InterventionType":"Drug",
                "InterventionName":"cyclophosphamide"
              },{
                "InterventionType":"Drug",
                "InterventionName":"doxorubicin hydrochloride"
              },{
                "InterventionType":"Drug",
                "InterventionName":"epirubicin hydrochloride"
              },{
                "InterventionType":"Drug",
                "InterventionName":"etoposide"
              },{
                "InterventionType":"Drug",
                "InterventionName":"ifosfamide"
              },{
                "InterventionType":"Drug",
                "InterventionName":"vincristine sulfate"
              },{
                "InterventionType":"Procedure",
                "InterventionName":"peripheral blood stem cell transplantation"
              },{
                "InterventionType":"Radiation",
                "InterventionName":"radiation therapy"
              }
            ]
          }
        },
        "EligibilityModule":{
          "EligibilityCriteria":"DISEASE CHARACTERISTICS:\n\nHistologically confirmed metastatic rhabdomyosarcoma or other malignant mesenchymal tumors\n\nStandard risk defined as:\n\nLess than 10 years of age\nNo bone or bone marrow involvement\n\nHigh risk defined as:\n\nAt least 10 years of age OR\nBone or bone marrow involvement\nDiagnosed less than 8 weeks ago\nPreviously untreated disease except for initial surgery within the past 8 weeks\n\nPATIENT CHARACTERISTICS:\n\nAge:\n\n6 months to under 18 years\n\nPerformance status:\n\nNot specified\n\nLife expectancy:\n\nNot specified\n\nHematopoietic:\n\nNot specified\n\nHepatic:\n\nNot specified\n\nRenal:\n\nNot specified\n\nPRIOR CONCURRENT THERAPY:\n\nBiologic therapy:\n\nNo prior biologic therapy\n\nChemotherapy:\n\nNo prior chemotherapy\n\nEndocrine therapy:\n\nNo prior endocrine therapy\n\nRadiotherapy:\n\nConcurrent radiotherapy allowed\n\nSurgery:\n\nSee Disease Characteristics",
          "HealthyVolunteers":"No",
          "Gender":"All",
          "MinimumAge":"6 Years",
          "MaximumAge":"17 Years",
          "StdAgeList":{
            "StdAge":[
              "Child"
            ]
          }
        },
        "ContactsLocationsModule":{
          "OverallOfficialList":{
            "OverallOfficial":[
              {
                "OverallOfficialName":"Heather P. McDowell, MD",
                "OverallOfficialAffiliation":"Royal Liverpool Children's Hospital, Alder Hey",
                "OverallOfficialRole":"Study Chair"
              },{
                "OverallOfficialName":"Annabel B.M. Foot",
                "OverallOfficialAffiliation":"Bristol Royal Hospital for Children",
                "OverallOfficialRole":"Study Chair"
              },{
                "OverallOfficialName":"Christophe Bergeron",
                "OverallOfficialAffiliation":"Centre Leon Berard",
                "OverallOfficialRole":"Study Chair"
              }
            ]
          },
          "LocationList":{
            "Location":[
              {
                "LocationFacility":"Centre Leon Berard",
                "LocationCity":"Lyon",
                "LocationZip":"69373",
                "LocationCountry":"France"
              },{
                "LocationFacility":"Our Lady's Hospital for Sick Children",
                "LocationCity":"Crumlin",
                "LocationZip":"12",
                "LocationCountry":"Ireland"
              },{
                "LocationFacility":"Birmingham Children's Hospital",
                "LocationCity":"Birmingham",
                "LocationState":"England",
                "LocationZip":"B4 6NH",
                "LocationCountry":"United Kingdom"
              },{
                "LocationFacility":"Bristol Royal Hospital for Children",
                "LocationCity":"Bristol",
                "LocationState":"England",
                "LocationZip":"BS2 8BJ",
                "LocationCountry":"United Kingdom"
              },{
                "LocationFacility":"Addenbrooke's Hospital at Cambridge University Hospitals NHS Foundation Trust",
                "LocationCity":"Cambridge",
                "LocationState":"England",
                "LocationZip":"CB2 2QQ",
                "LocationCountry":"United Kingdom"
              },{
                "LocationFacility":"Leicester Royal Infirmary",
                "LocationCity":"Leicester",
                "LocationState":"England",
                "LocationZip":"LE1 5WW",
                "LocationCountry":"United Kingdom"
              },{
                "LocationFacility":"Royal Liverpool Children's Hospital, Alder Hey",
                "LocationCity":"Liverpool",
                "LocationState":"England",
                "LocationZip":"L12 2AP",
                "LocationCountry":"United Kingdom"
              },{
                "LocationFacility":"Saint Bartholomew's Hospital",
                "LocationCity":"London",
                "LocationState":"England",
                "LocationZip":"EC1A 7BE",
                "LocationCountry":"United Kingdom"
              },{
                "LocationFacility":"Leeds Cancer Centre at St. James's University Hospital",
                "LocationCity":"London",
                "LocationState":"England",
                "LocationZip":"W6 8RF",
                "LocationCountry":"United Kingdom"
              },{
                "LocationFacility":"Great Ormond Street Hospital for Children NHS Trust",
                "LocationCity":"London",
                "LocationState":"England",
                "LocationZip":"WC1N 3JH",
                "LocationCountry":"United Kingdom"
              },{
                "LocationFacility":"Meyerstein Institute of Oncology at University College of London Hospitals",
                "LocationCity":"London",
                "LocationState":"England",
                "LocationZip":"WIT 3AA",
                "LocationCountry":"United Kingdom"
              },{
                "LocationFacility":"Central Manchester and Manchester Children's University Hospitals NHS Trust",
                "LocationCity":"Manchester",
                "LocationState":"England",
                "LocationZip":"M27 4HA",
                "LocationCountry":"United Kingdom"
              },{
                "LocationFacility":"Newcastle Upon Tyne Hospitals NHS Trust",
                "LocationCity":"Newcastle-Upon-Tyne",
                "LocationState":"England",
                "LocationZip":"NE7 7DN",
                "LocationCountry":"United Kingdom"
              },{
                "LocationFacility":"Queen's Medical Centre",
                "LocationCity":"Nottingham",
                "LocationState":"England",
                "LocationZip":"NG7 2UH",
                "LocationCountry":"United Kingdom"
              },{
                "LocationFacility":"Oxford Radcliffe Hospital",
                "LocationCity":"Oxford",
                "LocationState":"England",
                "LocationZip":"0X3 9DU",
                "LocationCountry":"United Kingdom"
              },{
                "LocationFacility":"Children's Hospital - Sheffield",
                "LocationCity":"Sheffield",
                "LocationState":"England",
                "LocationZip":"S10 2TH",
                "LocationCountry":"United Kingdom"
              },{
                "LocationFacility":"Southampton General Hospital",
                "LocationCity":"Southampton",
                "LocationState":"England",
                "LocationZip":"SO16 6YD",
                "LocationCountry":"United Kingdom"
              },{
                "LocationFacility":"Royal Marsden NHS Foundation Trust - Surrey",
                "LocationCity":"Sutton",
                "LocationState":"England",
                "LocationZip":"SM2 5PT",
                "LocationCountry":"United Kingdom"
              },{
                "LocationFacility":"Royal Belfast Hospital for Sick Children",
                "LocationCity":"Belfast",
                "LocationState":"Northern Ireland",
                "LocationZip":"BT12 6BE",
                "LocationCountry":"United Kingdom"
              },{
                "LocationFacility":"Aberdeen Royal Infirmary",
                "LocationCity":"Aberdeen",
                "LocationState":"Scotland",
                "LocationZip":"AB25 2ZN",
                "LocationCountry":"United Kingdom"
              },{
                "LocationFacility":"Royal Hospital for Sick Children",
                "LocationCity":"Edinburgh",
                "LocationState":"Scotland",
                "LocationCountry":"United Kingdom"
              },{
                "LocationFacility":"Royal Hospital for Sick Children",
                "LocationCity":"Glasgow",
                "LocationState":"Scotland",
                "LocationZip":"G3 8SJ",
                "LocationCountry":"United Kingdom"
              }
            ]
          }
        },
        "ReferencesModule":{
          "ReferenceList":{
            "Reference":[
              {
                "ReferencePMID":"20338746",
                "ReferenceType":"result",
                "ReferenceCitation":"McDowell HP, Foot AB, Ellershaw C, Machin D, Giraud C, Bergeron C. Outcomes in paediatric metastatic rhabdomyosarcoma: results of The International Society of Paediatric Oncology (SIOP) study MMT-98. Eur J Cancer. 2010 Jun;46(9):1588-95. doi: 10.1016/j.ejca.2010.02.051. Epub 2010 Mar 24."
              }
            ]
          }
        }
      },
      "DerivedSection":{
        "MiscInfoModule":{
          "VersionHolder":"April 19, 2021"
        },
        "ConditionBrowseModule":{
          "ConditionMeshList":{
            "ConditionMesh":[
              {
                "ConditionMeshId":"D000012509",
                "ConditionMeshTerm":"Sarcoma"
              },{
                "ConditionMeshId":"D000012208",
                "ConditionMeshTerm":"Rhabdomyosarcoma"
              },{
                "ConditionMeshId":"D000007414",
                "ConditionMeshTerm":"Intestinal Neoplasms"
              }
            ]
          },
          "ConditionAncestorList":{
            "ConditionAncestor":[
              {
                "ConditionAncestorId":"D000018204",
                "ConditionAncestorTerm":"Neoplasms, Connective and Soft Tissue"
              },{
                "ConditionAncestorId":"D000009370",
                "ConditionAncestorTerm":"Neoplasms by Histologic Type"
              },{
                "ConditionAncestorId":"D000009369",
                "ConditionAncestorTerm":"Neoplasms"
              },{
                "ConditionAncestorId":"D000009371",
                "ConditionAncestorTerm":"Neoplasms by Site"
              },{
                "ConditionAncestorId":"D000009217",
                "ConditionAncestorTerm":"Myosarcoma"
              },{
                "ConditionAncestorId":"D000009379",
                "ConditionAncestorTerm":"Neoplasms, Muscle Tissue"
              },{
                "ConditionAncestorId":"D000005770",
                "ConditionAncestorTerm":"Gastrointestinal Neoplasms"
              },{
                "ConditionAncestorId":"D000004067",
                "ConditionAncestorTerm":"Digestive System Neoplasms"
              },{
                "ConditionAncestorId":"D000004066",
                "ConditionAncestorTerm":"Digestive System Diseases"
              },{
                "ConditionAncestorId":"D000005767",
                "ConditionAncestorTerm":"Gastrointestinal Diseases"
              },{
                "ConditionAncestorId":"D000007410",
                "ConditionAncestorTerm":"Intestinal Diseases"
              }
            ]
          },
          "ConditionBrowseLeafList":{
            "ConditionBrowseLeaf":[
              {
                "ConditionBrowseLeafId":"M11557",
                "ConditionBrowseLeafName":"Ovarian Neoplasms",
                "ConditionBrowseLeafRelevance":"low"
              },{
                "ConditionBrowseLeafId":"M10890",
                "ConditionBrowseLeafName":"Neoplasm Metastasis",
                "ConditionBrowseLeafRelevance":"low"
              },{
                "ConditionBrowseLeafId":"M1704",
                "ConditionBrowseLeafName":"Carcinoma, Ovarian Epithelial",
                "ConditionBrowseLeafRelevance":"low"
              },{
                "ConditionBrowseLeafId":"M13910",
                "ConditionBrowseLeafName":"Sarcoma",
                "ConditionBrowseLeafAsFound":"Sarcoma",
                "ConditionBrowseLeafRelevance":"high"
              },{
                "ConditionBrowseLeafId":"M13913",
                "ConditionBrowseLeafName":"Sarcoma, Ewing",
                "ConditionBrowseLeafRelevance":"low"
              },{
                "ConditionBrowseLeafId":"M13917",
                "ConditionBrowseLeafName":"Osteosarcoma",
                "ConditionBrowseLeafRelevance":"low"
              },{
                "ConditionBrowseLeafId":"M4636",
                "ConditionBrowseLeafName":"Chondrosarcoma",
                "ConditionBrowseLeafRelevance":"low"
              },{
                "ConditionBrowseLeafId":"M9485",
                "ConditionBrowseLeafName":"Leiomyosarcoma",
                "ConditionBrowseLeafRelevance":"low"
              },{
                "ConditionBrowseLeafId":"M9663",
                "ConditionBrowseLeafName":"Liposarcoma",
                "ConditionBrowseLeafRelevance":"low"
              },{
                "ConditionBrowseLeafId":"M13620",
                "ConditionBrowseLeafName":"Rhabdomyosarcoma",
                "ConditionBrowseLeafAsFound":"Rhabdomyosarcoma",
                "ConditionBrowseLeafRelevance":"high"
              },{
                "ConditionBrowseLeafId":"M10200",
                "ConditionBrowseLeafName":"Mesenchymoma",
                "ConditionBrowseLeafRelevance":"low"
              },{
                "ConditionBrowseLeafId":"M27633",
                "ConditionBrowseLeafName":"Desmoplastic Small Round Cell Tumor",
                "ConditionBrowseLeafRelevance":"low"
              },{
                "ConditionBrowseLeafId":"M8065",
                "ConditionBrowseLeafName":"Hemangiosarcoma",
                "ConditionBrowseLeafRelevance":"low"
              },{
                "ConditionBrowseLeafId":"M8064",
                "ConditionBrowseLeafName":"Hemangiopericytoma",
                "ConditionBrowseLeafRelevance":"low"
              },{
                "ConditionBrowseLeafId":"M18428",
                "ConditionBrowseLeafName":"Neuroectodermal Tumors",
                "ConditionBrowseLeafRelevance":"low"
              },{
                "ConditionBrowseLeafId":"M18971",
                "ConditionBrowseLeafName":"Neuroectodermal Tumors, Primitive",
                "ConditionBrowseLeafRelevance":"low"
              },{
                "ConditionBrowseLeafId":"M14944",
                "ConditionBrowseLeafName":"Sarcoma, Synovial",
                "ConditionBrowseLeafRelevance":"low"
              },{
                "ConditionBrowseLeafId":"M18970",
                "ConditionBrowseLeafName":"Neuroectodermal Tumors, Primitive, Peripheral",
                "ConditionBrowseLeafRelevance":"low"
              },{
                "ConditionBrowseLeafId":"M7067",
                "ConditionBrowseLeafName":"Fibrosarcoma",
                "ConditionBrowseLeafRelevance":"low"
              },{
                "ConditionBrowseLeafId":"M18963",
                "ConditionBrowseLeafName":"Sarcoma, Alveolar Soft Part",
                "ConditionBrowseLeafRelevance":"low"
              },{
                "ConditionBrowseLeafId":"M9031",
                "ConditionBrowseLeafName":"Intestinal Neoplasms",
                "ConditionBrowseLeafAsFound":"Intestine Cancer",
                "ConditionBrowseLeafRelevance":"high"
              },{
                "ConditionBrowseLeafId":"M18933",
                "ConditionBrowseLeafName":"Neoplasms, Connective and Soft Tissue",
                "ConditionBrowseLeafRelevance":"low"
              },{
                "ConditionBrowseLeafId":"M10898",
                "ConditionBrowseLeafName":"Neoplasms by Histologic Type",
                "ConditionBrowseLeafRelevance":"low"
              },{
                "ConditionBrowseLeafId":"M10752",
                "ConditionBrowseLeafName":"Myosarcoma",
                "ConditionBrowseLeafRelevance":"low"
              },{
                "ConditionBrowseLeafId":"M7469",
                "ConditionBrowseLeafName":"Gastrointestinal Neoplasms",
                "ConditionBrowseLeafRelevance":"low"
              },{
                "ConditionBrowseLeafId":"M5839",
                "ConditionBrowseLeafName":"Digestive System Neoplasms",
                "ConditionBrowseLeafRelevance":"low"
              },{
                "ConditionBrowseLeafId":"M5838",
                "ConditionBrowseLeafName":"Digestive System Diseases",
                "ConditionBrowseLeafRelevance":"low"
              },{
                "ConditionBrowseLeafId":"M7466",
                "ConditionBrowseLeafName":"Gastrointestinal Diseases",
                "ConditionBrowseLeafRelevance":"low"
              },{
                "ConditionBrowseLeafId":"M9027",
                "ConditionBrowseLeafName":"Intestinal Diseases",
                "ConditionBrowseLeafRelevance":"low"
              },{
                "ConditionBrowseLeafId":"T4352",
                "ConditionBrowseLeafName":"Ovarian Cancer",
                "ConditionBrowseLeafAsFound":"Ovarian Cancer",
                "ConditionBrowseLeafRelevance":"high"
              },{
                "ConditionBrowseLeafId":"T4354",
                "ConditionBrowseLeafName":"Ovarian Epithelial Cancer",
                "ConditionBrowseLeafRelevance":"low"
              },{
                "ConditionBrowseLeafId":"T5284",
                "ConditionBrowseLeafName":"Soft Tissue Sarcoma",
                "ConditionBrowseLeafAsFound":"Sarcoma",
                "ConditionBrowseLeafRelevance":"high"
              },{
                "ConditionBrowseLeafId":"T2148",
                "ConditionBrowseLeafName":"Ewing Sarcoma",
                "ConditionBrowseLeafRelevance":"low"
              },{
                "ConditionBrowseLeafId":"T4340",
                "ConditionBrowseLeafName":"Osteosarcoma",
                "ConditionBrowseLeafRelevance":"low"
              },{
                "ConditionBrowseLeafId":"T1172",
                "ConditionBrowseLeafName":"Chondrosarcoma",
                "ConditionBrowseLeafRelevance":"low"
              },{
                "ConditionBrowseLeafId":"T3367",
                "ConditionBrowseLeafName":"Leiomyosarcoma",
                "ConditionBrowseLeafRelevance":"low"
              },{
                "ConditionBrowseLeafId":"T3479",
                "ConditionBrowseLeafName":"Liposarcoma",
                "ConditionBrowseLeafRelevance":"low"
              },{
                "ConditionBrowseLeafId":"T3583",
                "ConditionBrowseLeafName":"Malignant Mesenchymoma",
                "ConditionBrowseLeafRelevance":"low"
              },{
                "ConditionBrowseLeafId":"T1825",
                "ConditionBrowseLeafName":"Desmoplastic Small Round Cell Tumor",
                "ConditionBrowseLeafRelevance":"low"
              },{
                "ConditionBrowseLeafId":"T2689",
                "ConditionBrowseLeafName":"Hemangiopericytoma",
                "ConditionBrowseLeafRelevance":"low"
              },{
                "ConditionBrowseLeafId":"T5821",
                "ConditionBrowseLeafName":"Uterine Sarcoma",
                "ConditionBrowseLeafRelevance":"low"
              },{
                "ConditionBrowseLeafId":"T5273",
                "ConditionBrowseLeafName":"Small Intestine Cancer",
                "ConditionBrowseLeafAsFound":"Small Intestine Cancer",
                "ConditionBrowseLeafRelevance":"high"
              },{
                "ConditionBrowseLeafId":"T4092",
                "ConditionBrowseLeafName":"Neuroepithelioma",
                "ConditionBrowseLeafRelevance":"low"
              },{
                "ConditionBrowseLeafId":"T5553",
                "ConditionBrowseLeafName":"Synovial Sarcoma",
                "ConditionBrowseLeafRelevance":"low"
              },{
                "ConditionBrowseLeafId":"T2126",
                "ConditionBrowseLeafName":"Epithelioid Sarcoma",
                "ConditionBrowseLeafRelevance":"low"
              },{
                "ConditionBrowseLeafId":"T2326",
                "ConditionBrowseLeafName":"Fibrosarcoma",
                "ConditionBrowseLeafRelevance":"low"
              },{
                "ConditionBrowseLeafId":"T310",
                "ConditionBrowseLeafName":"Alveolar Soft Part Sarcoma",
                "ConditionBrowseLeafRelevance":"low"
              }
            ]
          },
          "ConditionBrowseBranchList":{
            "ConditionBrowseBranch":[
              {
                "ConditionBrowseBranchAbbrev":"BC04",
                "ConditionBrowseBranchName":"Cancers and Other Neoplasms"
              },{
                "ConditionBrowseBranchAbbrev":"BXS",
                "ConditionBrowseBranchName":"Urinary Tract, Sexual Organs, and Pregnancy Conditions"
              },{
                "ConditionBrowseBranchAbbrev":"BC19",
                "ConditionBrowseBranchName":"Gland and Hormone Related Diseases"
              },{
                "ConditionBrowseBranchAbbrev":"All",
                "ConditionBrowseBranchName":"All Conditions"
              },{
                "ConditionBrowseBranchAbbrev":"BC23",
                "ConditionBrowseBranchName":"Symptoms and General Pathology"
              },{
                "ConditionBrowseBranchAbbrev":"BC06",
                "ConditionBrowseBranchName":"Digestive System Diseases"
              },{
                "ConditionBrowseBranchAbbrev":"Rare",
                "ConditionBrowseBranchName":"Rare Diseases"
              }
            ]
          }
        },
        "InterventionBrowseModule":{
          "InterventionMeshList":{
            "InterventionMesh":[
              {
                "InterventionMeshId":"D000003609",
                "InterventionMeshTerm":"Dactinomycin"
              },{
                "InterventionMeshId":"D000003520",
                "InterventionMeshTerm":"Cyclophosphamide"
              },{
                "InterventionMeshId":"D000007069",
                "InterventionMeshTerm":"Ifosfamide"
              },{
                "InterventionMeshId":"D000016190",
                "InterventionMeshTerm":"Carboplatin"
              },{
                "InterventionMeshId":"D000004317",
                "InterventionMeshTerm":"Doxorubicin"
              },{
                "InterventionMeshId":"C000506643",
                "InterventionMeshTerm":"Liposomal doxorubicin"
              },{
                "InterventionMeshId":"D000005047",
                "InterventionMeshTerm":"Etoposide"
              },{
                "InterventionMeshId":"D000014750",
                "InterventionMeshTerm":"Vincristine"
              },{
                "InterventionMeshId":"D000015251",
                "InterventionMeshTerm":"Epirubicin"
              }
            ]
          },
          "InterventionAncestorList":{
            "InterventionAncestor":[
              {
                "InterventionAncestorId":"D000007166",
                "InterventionAncestorTerm":"Immunosuppressive Agents"
              },{
                "InterventionAncestorId":"D000007155",
                "InterventionAncestorTerm":"Immunologic Factors"
              },{
                "InterventionAncestorId":"D000045505",
                "InterventionAncestorTerm":"Physiological Effects of Drugs"
              },{
                "InterventionAncestorId":"D000018501",
                "InterventionAncestorTerm":"Antirheumatic Agents"
              },{
                "InterventionAncestorId":"D000018906",
                "InterventionAncestorTerm":"Antineoplastic Agents, Alkylating"
              },{
                "InterventionAncestorId":"D000000477",
                "InterventionAncestorTerm":"Alkylating Agents"
              },{
                "InterventionAncestorId":"D000045504",
                "InterventionAncestorTerm":"Molecular Mechanisms of Pharmacological Action"
              },{
                "InterventionAncestorId":"D000000970",
                "InterventionAncestorTerm":"Antineoplastic Agents"
              },{
                "InterventionAncestorId":"D000019653",
                "InterventionAncestorTerm":"Myeloablative Agonists"
              },{
                "InterventionAncestorId":"D000000903",
                "InterventionAncestorTerm":"Antibiotics, Antineoplastic"
              },{
                "InterventionAncestorId":"D000059005",
                "InterventionAncestorTerm":"Topoisomerase II Inhibitors"
              },{
                "InterventionAncestorId":"D000059003",
                "InterventionAncestorTerm":"Topoisomerase Inhibitors"
              },{
                "InterventionAncestorId":"D000004791",
                "InterventionAncestorTerm":"Enzyme Inhibitors"
              },{
                "InterventionAncestorId":"D000000972",
                "InterventionAncestorTerm":"Antineoplastic Agents, Phytogenic"
              },{
                "InterventionAncestorId":"D000050257",
                "InterventionAncestorTerm":"Tubulin Modulators"
              },{
                "InterventionAncestorId":"D000050256",
                "InterventionAncestorTerm":"Antimitotic Agents"
              },{
                "InterventionAncestorId":"D000050258",
                "InterventionAncestorTerm":"Mitosis Modulators"
              },{
                "InterventionAncestorId":"D000000900",
                "InterventionAncestorTerm":"Anti-Bacterial Agents"
              },{
                "InterventionAncestorId":"D000000890",
                "InterventionAncestorTerm":"Anti-Infective Agents"
              },{
                "InterventionAncestorId":"D000011500",
                "InterventionAncestorTerm":"Protein Synthesis Inhibitors"
              },{
                "InterventionAncestorId":"D000019384",
                "InterventionAncestorTerm":"Nucleic Acid Synthesis Inhibitors"
              }
            ]
          },
          "InterventionBrowseLeafList":{
            "InterventionBrowseLeaf":[
              {
                "InterventionBrowseLeafId":"M17233",
                "InterventionBrowseLeafName":"Carboplatin",
                "InterventionBrowseLeafAsFound":"Over",
                "InterventionBrowseLeafRelevance":"high"
              },{
                "InterventionBrowseLeafId":"M5310",
                "InterventionBrowseLeafName":"Cyclophosphamide",
                "InterventionBrowseLeafAsFound":"Procedure",
                "InterventionBrowseLeafRelevance":"high"
              },{
                "InterventionBrowseLeafId":"M6075",
                "InterventionBrowseLeafName":"Doxorubicin",
                "InterventionBrowseLeafAsFound":"Prostate Cancer",
                "InterventionBrowseLeafRelevance":"high"
              },{
                "InterventionBrowseLeafId":"M16078",
                "InterventionBrowseLeafName":"Vincristine",
                "InterventionBrowseLeafAsFound":"60 minutes",
                "InterventionBrowseLeafRelevance":"high"
              },{
                "InterventionBrowseLeafId":"M235025",
                "InterventionBrowseLeafName":"Liposomal doxorubicin",
                "InterventionBrowseLeafAsFound":"Prostate Cancer",
                "InterventionBrowseLeafRelevance":"high"
              },{
                "InterventionBrowseLeafId":"M16537",
                "InterventionBrowseLeafName":"Epirubicin",
                "InterventionBrowseLeafAsFound":"Turned",
                "InterventionBrowseLeafRelevance":"high"
              },{
                "InterventionBrowseLeafId":"M6774",
                "InterventionBrowseLeafName":"Etoposide",
                "InterventionBrowseLeafAsFound":"Anesthesia",
                "InterventionBrowseLeafRelevance":"high"
              },{
                "InterventionBrowseLeafId":"M8700",
                "InterventionBrowseLeafName":"Ifosfamide",
                "InterventionBrowseLeafAsFound":"Prednisone",
                "InterventionBrowseLeafRelevance":"high"
              },{
                "InterventionBrowseLeafId":"M1945",
                "InterventionBrowseLeafName":"Lenograstim",
                "InterventionBrowseLeafRelevance":"low"
              },{
                "InterventionBrowseLeafId":"M260518",
                "InterventionBrowseLeafName":"Etoposide phosphate",
                "InterventionBrowseLeafRelevance":"low"
              },{
                "InterventionBrowseLeafId":"M238645",
                "InterventionBrowseLeafName":"Isophosphamide mustard",
                "InterventionBrowseLeafRelevance":"low"
              },{
                "InterventionBrowseLeafId":"M5395",
                "InterventionBrowseLeafName":"Dactinomycin",
                "InterventionBrowseLeafAsFound":"Cross-linking",
                "InterventionBrowseLeafRelevance":"high"
              },{
                "InterventionBrowseLeafId":"M8795",
                "InterventionBrowseLeafName":"Immunosuppressive Agents",
                "InterventionBrowseLeafRelevance":"low"
              },{
                "InterventionBrowseLeafId":"M8784",
                "InterventionBrowseLeafName":"Immunologic Factors",
                "InterventionBrowseLeafRelevance":"low"
              },{
                "InterventionBrowseLeafId":"M19188",
                "InterventionBrowseLeafName":"Antirheumatic Agents",
                "InterventionBrowseLeafRelevance":"low"
              },{
                "InterventionBrowseLeafId":"M2401",
                "InterventionBrowseLeafName":"Alkylating Agents",
                "InterventionBrowseLeafRelevance":"low"
              },{
                "InterventionBrowseLeafId":"M2803",
                "InterventionBrowseLeafName":"Anti-Bacterial Agents",
                "InterventionBrowseLeafRelevance":"low"
              },{
                "InterventionBrowseLeafId":"M2805",
                "InterventionBrowseLeafName":"Antibiotics, Antitubercular",
                "InterventionBrowseLeafRelevance":"low"
              },{
                "InterventionBrowseLeafId":"M24784",
                "InterventionBrowseLeafName":"Tubulin Modulators",
                "InterventionBrowseLeafRelevance":"low"
              },{
                "InterventionBrowseLeafId":"M24783",
                "InterventionBrowseLeafName":"Antimitotic Agents",
                "InterventionBrowseLeafRelevance":"low"
              },{
                "InterventionBrowseLeafId":"M2795",
                "InterventionBrowseLeafName":"Anti-Infective Agents",
                "InterventionBrowseLeafRelevance":"low"
              }
            ]
          },
          "InterventionBrowseBranchList":{
            "InterventionBrowseBranch":[
              {
                "InterventionBrowseBranchAbbrev":"ANeo",
                "InterventionBrowseBranchName":"Antineoplastic Agents"
              },{
                "InterventionBrowseBranchAbbrev":"All",
                "InterventionBrowseBranchName":"All Drugs and Chemicals"
              },{
                "InterventionBrowseBranchAbbrev":"ARhu",
                "InterventionBrowseBranchName":"Antirheumatic Agents"
              },{
                "InterventionBrowseBranchAbbrev":"Infe",
                "InterventionBrowseBranchName":"Anti-Infective Agents"
              }
            ]
          }
        }
      }
    }
  }
}

