{
  "FullStudy":{
    "Rank":368136,
    "Study":{
      "ProtocolSection":{
        "IdentificationModule":{
          "NCTId":"NCT00021151",
          "OrgStudyIdInfo":{
            "OrgStudyId":"ILEX1999"
          },
          "SecondaryIdInfoList":{
            "SecondaryIdInfo":[
              {
                "SecondaryId":"CWRU-ILEX-1999"
              },{
                "SecondaryId":"ILEX-CAM511-A1"
              },{
                "SecondaryId":"NCI-G01-1977"
              }
            ]
          },
          "Organization":{
            "OrgFullName":"Case Comprehensive Cancer Center",
            "OrgClass":"OTHER"
          },
          "BriefTitle":"Compassionate Use of Campath-1H in Treating Patients With Refractory Prolymphocytic Leukemia or Chronic Lymphocytic Leukemia",
          "OfficialTitle":"CAMPATH-1H Compassionate Treatment In Patients With PLL Who Have Failed At Least One Prior Regimen And CLL Patients Who Have Failed Fludarabine Therapy"
        },
        "StatusModule":{
          "StatusVerifiedDate":"January 2014",
          "OverallStatus":"Completed",
          "ExpandedAccessInfo":{
            "HasExpandedAccess":"No"
          },
          "StartDateStruct":{
            "StartDate":"January 2000"
          },
          "PrimaryCompletionDateStruct":{
            "PrimaryCompletionDate":"April 2001",
            "PrimaryCompletionDateType":"Actual"
          },
          "CompletionDateStruct":{
            "CompletionDate":"May 2002",
            "CompletionDateType":"Actual"
          },
          "StudyFirstSubmitDate":"July 11, 2001",
          "StudyFirstSubmitQCDate":"April 12, 2004",
          "StudyFirstPostDateStruct":{
            "StudyFirstPostDate":"April 13, 2004",
            "StudyFirstPostDateType":"Estimate"
          },
          "LastUpdateSubmitDate":"January 7, 2014",
          "LastUpdatePostDateStruct":{
            "LastUpdatePostDate":"January 9, 2014",
            "LastUpdatePostDateType":"Estimate"
          }
        },
        "SponsorCollaboratorsModule":{
          "ResponsibleParty":{
            "ResponsiblePartyType":"Sponsor"
          },
          "LeadSponsor":{
            "LeadSponsorName":"Case Comprehensive Cancer Center",
            "LeadSponsorClass":"OTHER"
          },
          "CollaboratorList":{
            "Collaborator":[
              {
                "CollaboratorName":"National Cancer Institute (NCI)",
                "CollaboratorClass":"NIH"
              },{
                "CollaboratorName":"Genzyme, a Sanofi Company",
                "CollaboratorClass":"INDUSTRY"
              }
            ]
          }
        },
        "OversightModule":{
          "OversightHasDMC":"Yes"
        },
        "DescriptionModule":{
          "BriefSummary":"RATIONALE: Monoclonal antibodies can locate cancer cells and either kill them or deliver cancer-killing substances to them without harming normal cells. Compassionate use refers to providing a drug to a patient on humanitarian grounds before the drug has received official approval.\n\nPURPOSE: Compassionate use of Campath-1H in treating patients who have refractory prolymphocytic leukemia or chronic lymphocytic leukemia.",
          "DetailedDescription":"OBJECTIVES: I. Expand access to Campath-1H for patients with refractory prolymphocytic leukemia or chronic lymphocytic leukemia.\n\nOUTLINE: Patients receive Campath-1H IV over 2 hours on days 1, 3, and 5. Treatment repeats weekly for 4-12 weeks in the absence of disease progression or unacceptable toxicity.\n\nPROJECTED ACCRUAL: Not specified"
        },
        "ConditionsModule":{
          "ConditionList":{
            "Condition":[
              "Leukemia"
            ]
          },
          "KeywordList":{
            "Keyword":[
              "refractory chronic lymphocytic leukemia",
              "prolymphocytic leukemia"
            ]
          }
        },
        "DesignModule":{
          "StudyType":"Interventional",
          "PhaseList":{
            "Phase":[
              "Not Applicable"
            ]
          },
          "DesignInfo":{
            "DesignAllocation":"N/A",
            "DesignInterventionModel":"Single Group Assignment",
            "DesignPrimaryPurpose":"Treatment",
            "DesignMaskingInfo":{
              "DesignMasking":"None (Open Label)"
            }
          },
          "EnrollmentInfo":{
            "EnrollmentCount":"2",
            "EnrollmentType":"Actual"
          }
        },
        "ArmsInterventionsModule":{
          "ArmGroupList":{
            "ArmGroup":[
              {
                "ArmGroupLabel":"Alemtuzumab",
                "ArmGroupType":"Experimental",
                "ArmGroupInterventionList":{
                  "ArmGroupInterventionName":[
                    "Biological: alemtuzumab"
                  ]
                }
              }
            ]
          },
          "InterventionList":{
            "Intervention":[
              {
                "InterventionType":"Biological",
                "InterventionName":"alemtuzumab",
                "InterventionArmGroupLabelList":{
                  "InterventionArmGroupLabel":[
                    "Alemtuzumab"
                  ]
                }
              }
            ]
          }
        },
        "EligibilityModule":{
          "EligibilityCriteria":"DISEASE CHARACTERISTICS: Confirmed prolymphocytic leukemia (PLL) or chronic lymphocytic leukemia (CLL) PLL that has failed at least 1 prior regimen CLL that has failed prior fludarabine, defined as: No response Disease progression while receiving therapy OR Relapse within 6 months of completion of last dose\n\nPATIENT CHARACTERISTICS: Age: 18 and over Performance status: WHO 0-2 Life expectancy: Not specified Hematopoietic: Not specified Hepatic: Bilirubin no greater than 2 times upper limit of normal (ULN) (unless secondary to direct liver infiltration with CLL) Renal: Creatinine no greater than 2 times ULN Other: HIV negative No active infection No other severe concurrent disease No mental disorders No prior allergic reaction to rat or mouse-derived CDR-grafted humanized monoclonal antibodies Not pregnant or nursing Negative pregnancy test Fertile patients must use effective contraception\n\nPRIOR CONCURRENT THERAPY: Biologic therapy: Not specified Chemotherapy: See Disease Characteristics At least 3 weeks since prior chemotherapy No concurrent cytotoxic therapy Endocrine therapy: Not specified Radiotherapy: At least 3 weeks since prior radiotherapy Surgery: Not specified",
          "HealthyVolunteers":"No",
          "Gender":"All",
          "MinimumAge":"18 Years",
          "StdAgeList":{
            "StdAge":[
              "Adult",
              "Older Adult"
            ]
          }
        },
        "ContactsLocationsModule":{
          "OverallOfficialList":{
            "OverallOfficial":[
              {
                "OverallOfficialName":"Bernard J. Silver, MD",
                "OverallOfficialAffiliation":"University Hospitals Seidman Cancer Center",
                "OverallOfficialRole":"Study Chair"
              }
            ]
          },
          "LocationList":{
            "Location":[
              {
                "LocationFacility":"Ireland Cancer Center",
                "LocationCity":"Cleveland",
                "LocationState":"Ohio",
                "LocationZip":"44106-5065",
                "LocationCountry":"United States"
              }
            ]
          }
        },
        "ReferencesModule":{
          "ReferenceList":{
            "Reference":[
              {
                "ReferencePMID":"11986207",
                "ReferenceType":"result",
                "ReferenceCitation":"Keating MJ, Flinn I, Jain V, Binet JL, Hillmen P, Byrd J, Albitar M, Brettman L, Santabarbara P, Wacker B, Rai KR. Therapeutic role of alemtuzumab (Campath-1H) in patients who have failed fludarabine: results of a large international study. Blood. 2002 May 15;99(10):3554-61."
              }
            ]
          }
        }
      },
      "DerivedSection":{
        "MiscInfoModule":{
          "VersionHolder":"April 19, 2021"
        },
        "ConditionBrowseModule":{
          "ConditionMeshList":{
            "ConditionMesh":[
              {
                "ConditionMeshId":"D000007938",
                "ConditionMeshTerm":"Leukemia"
              }
            ]
          },
          "ConditionAncestorList":{
            "ConditionAncestor":[
              {
                "ConditionAncestorId":"D000009370",
                "ConditionAncestorTerm":"Neoplasms by Histologic Type"
              },{
                "ConditionAncestorId":"D000009369",
                "ConditionAncestorTerm":"Neoplasms"
              }
            ]
          },
          "ConditionBrowseLeafList":{
            "ConditionBrowseLeaf":[
              {
                "ConditionBrowseLeafId":"M9528",
                "ConditionBrowseLeafName":"Leukemia",
                "ConditionBrowseLeafAsFound":"Leukemia",
                "ConditionBrowseLeafRelevance":"high"
              },{
                "ConditionBrowseLeafId":"M9534",
                "ConditionBrowseLeafName":"Leukemia, Lymphoid",
                "ConditionBrowseLeafRelevance":"low"
              },{
                "ConditionBrowseLeafId":"M16699",
                "ConditionBrowseLeafName":"Leukemia, Lymphocytic, Chronic, B-Cell",
                "ConditionBrowseLeafRelevance":"low"
              },{
                "ConditionBrowseLeafId":"M16705",
                "ConditionBrowseLeafName":"Leukemia, Prolymphocytic",
                "ConditionBrowseLeafRelevance":"low"
              },{
                "ConditionBrowseLeafId":"M10898",
                "ConditionBrowseLeafName":"Neoplasms by Histologic Type",
                "ConditionBrowseLeafRelevance":"low"
              },{
                "ConditionBrowseLeafId":"T1308",
                "ConditionBrowseLeafName":"Chronic Lymphocytic Leukemia",
                "ConditionBrowseLeafAsFound":"Chronic Lymphocytic Leukemia",
                "ConditionBrowseLeafRelevance":"high"
              }
            ]
          },
          "ConditionBrowseBranchList":{
            "ConditionBrowseBranch":[
              {
                "ConditionBrowseBranchAbbrev":"BC04",
                "ConditionBrowseBranchName":"Cancers and Other Neoplasms"
              },{
                "ConditionBrowseBranchAbbrev":"All",
                "ConditionBrowseBranchName":"All Conditions"
              },{
                "ConditionBrowseBranchAbbrev":"BC15",
                "ConditionBrowseBranchName":"Blood and Lymph Conditions"
              },{
                "ConditionBrowseBranchAbbrev":"BC20",
                "ConditionBrowseBranchName":"Immune System Diseases"
              },{
                "ConditionBrowseBranchAbbrev":"Rare",
                "ConditionBrowseBranchName":"Rare Diseases"
              }
            ]
          }
        },
        "InterventionBrowseModule":{
          "InterventionMeshList":{
            "InterventionMesh":[
              {
                "InterventionMeshId":"D000074323",
                "InterventionMeshTerm":"Alemtuzumab"
              }
            ]
          },
          "InterventionAncestorList":{
            "InterventionAncestor":[
              {
                "InterventionAncestorId":"D000074322",
                "InterventionAncestorTerm":"Antineoplastic Agents, Immunological"
              },{
                "InterventionAncestorId":"D000000970",
                "InterventionAncestorTerm":"Antineoplastic Agents"
              }
            ]
          },
          "InterventionBrowseLeafList":{
            "InterventionBrowseLeaf":[
              {
                "InterventionBrowseLeafId":"M220971",
                "InterventionBrowseLeafName":"Fludarabine",
                "InterventionBrowseLeafRelevance":"low"
              },{
                "InterventionBrowseLeafId":"M233147",
                "InterventionBrowseLeafName":"Fludarabine phosphate",
                "InterventionBrowseLeafRelevance":"low"
              },{
                "InterventionBrowseLeafId":"M1347",
                "InterventionBrowseLeafName":"Alemtuzumab",
                "InterventionBrowseLeafAsFound":"Genotype",
                "InterventionBrowseLeafRelevance":"high"
              },{
                "InterventionBrowseLeafId":"M1346",
                "InterventionBrowseLeafName":"Antineoplastic Agents, Immunological",
                "InterventionBrowseLeafRelevance":"low"
              }
            ]
          },
          "InterventionBrowseBranchList":{
            "InterventionBrowseBranch":[
              {
                "InterventionBrowseBranchAbbrev":"ANeo",
                "InterventionBrowseBranchName":"Antineoplastic Agents"
              },{
                "InterventionBrowseBranchAbbrev":"All",
                "InterventionBrowseBranchName":"All Drugs and Chemicals"
              }
            ]
          }
        }
      }
    }
  }
}

