{
  "FullStudy":{
    "Rank":368116,
    "Study":{
      "ProtocolSection":{
        "IdentificationModule":{
          "NCTId":"NCT00021463",
          "OrgStudyIdInfo":{
            "OrgStudyId":"ACTG A5103"
          },
          "SecondaryIdInfoList":{
            "SecondaryIdInfo":[
              {
                "SecondaryId":"AACTG A5103"
              }
            ]
          },
          "Organization":{
            "OrgFullName":"National Institute of Allergy and Infectious Diseases (NIAID)",
            "OrgClass":"NIH"
          },
          "BriefTitle":"Changing to Nonprotease Inhibitor Treatment to Improve Side Effects",
          "OfficialTitle":"Phase II, Randomized, Open-Label Study of Switching to Protease Inhibitor-Sparing Regimens for Improvement of Metabolic Abnormalities"
        },
        "StatusModule":{
          "StatusVerifiedDate":"January 2003",
          "OverallStatus":"Completed",
          "ExpandedAccessInfo":{
            "HasExpandedAccess":"No"
          },
          "PrimaryCompletionDateStruct":{
            "PrimaryCompletionDate":"February 2002",
            "PrimaryCompletionDateType":"Actual"
          },
          "StudyFirstSubmitDate":"July 14, 2001",
          "StudyFirstSubmitQCDate":"August 30, 2001",
          "StudyFirstPostDateStruct":{
            "StudyFirstPostDate":"August 31, 2001",
            "StudyFirstPostDateType":"Estimate"
          },
          "LastUpdateSubmitDate":"February 24, 2011",
          "LastUpdatePostDateStruct":{
            "LastUpdatePostDate":"February 28, 2011",
            "LastUpdatePostDateType":"Estimate"
          }
        },
        "SponsorCollaboratorsModule":{
          "LeadSponsor":{
            "LeadSponsorName":"National Institute of Allergy and Infectious Diseases (NIAID)",
            "LeadSponsorClass":"NIH"
          }
        },
        "DescriptionModule":{
          "BriefSummary":"The purpose of this study is to learn whether changing from a type of anti-HIV drug called a protease inhibitor (PI) to another type of anti-HIV drug will help to lower the amount of fats or sugars in the blood.\n\nPIs have been effective at keeping HIV viral load (amount of HIV in the blood) down. However, some people who take PIs have higher than normal levels of fats and/or sugars in the blood. Doctors believe that switching to anti-HIV drugs that do not contain PIs will improve the abnormal side effects. This study will test 3 different combinations of non-PI drugs to see which may improve side effects while keeping viral loads low.",
          "DetailedDescription":"Protease inhibitor (PI)-containing antiretroviral regimens are potent suppressors of HIV replication. Increasingly, metabolic abnormalities such as hypercholesterolemia and triglyceridemia are associated with PI use, reasons cited for switching to PI-sparing regimens. Yet optimal switch regimens that take into account both improvements in side effects and continued virologic suppression have not been defined. This study will compare the effect on chemical metabolic abnormalities of switching to an all nucleoside regimen versus dual nucleoside plus nonnucleoside reverse transcriptase inhibitor (NNRTI) therapy. Determining the effects of each regimen on chemical metabolic abnormalities and maintenance of virologic suppression will define which of the switch strategies being studied improves metabolic abnormalities without compromising viral suppression.\n\nPatients are stratified on the basis of fasting non-HDL cholesterol and triglyceride levels and on ritonavir- or nonritonavir-containing pre-entry PI regimens. Patients are assigned randomly to add to their pre-entry regimen 1 of the following 3 treatments: Arm A - ABC; Arm B - NVP; or Arm C - EFV.\n\nPatients discontinue pre-entry PIs after Day 14. Patients are followed to determine the effect of the maintenance regimens on fasting non-high-density lipoprotein (HDL), cholesterol, and triglycerides at Week 24. Fasting total cholesterol, HDL cholesterol, direct low-density lipoprotein, and triglycerides are measured at Weeks 12, 24, and 48. Fasting glucose, insulin, C-peptide, apolipoproteins A-1 and B, lipoprotein a, and homocysteine are measured at Weeks 24 and 48. Anthropometrics, body mass index, and body image are measured at Weeks 12, 24, and 48. HIV viral load is measured at Weeks 2, 4, 8, 12, 16, 20, 24, 32, 40, and 48. If HIV RNA stays below 200 copies/ml, therapy continues unchanged. If confirmed HIV RNA of 200 copies/ml or higher is found, an HIV genotype is obtained providing the viral load is sufficient to yield results, the best medical therapy is instituted (not supplied by the study), and off treatment/on study follow-up is continued. If patients are intolerant to a study drug, an alternate study drug (ABC, EFV, or NVP supplied by the study) is permitted and switched treatment/on study follow-up continued, or the best medical therapy is instituted (not supplied by the study), and off treatment/on study follow-up is continued. Patients are followed until the last patient enrolled has completed 48 weeks on study."
        },
        "ConditionsModule":{
          "ConditionList":{
            "Condition":[
              "HIV Infections",
              "Lipodystrophy"
            ]
          },
          "KeywordList":{
            "Keyword":[
              "Nevirapine",
              "Reverse Transcriptase Inhibitors",
              "Anti-HIV Agents",
              "Triglycerides",
              "abacavir",
              "efavirenz",
              "Lipoproteins, LDL Cholesterol"
            ]
          }
        },
        "DesignModule":{
          "StudyType":"Interventional",
          "PhaseList":{
            "Phase":[
              "Phase 2"
            ]
          },
          "DesignInfo":{
            "DesignPrimaryPurpose":"Treatment"
          },
          "EnrollmentInfo":{
            "EnrollmentCount":"342"
          }
        },
        "ArmsInterventionsModule":{
          "InterventionList":{
            "Intervention":[
              {
                "InterventionType":"Drug",
                "InterventionName":"Abacavir sulfate, Lamivudine and Zidovudine"
              },{
                "InterventionType":"Drug",
                "InterventionName":"Abacavir sulfate"
              },{
                "InterventionType":"Drug",
                "InterventionName":"Efavirenz"
              },{
                "InterventionType":"Drug",
                "InterventionName":"Nevirapine"
              }
            ]
          }
        },
        "EligibilityModule":{
          "EligibilityCriteria":"Inclusion Criteria\n\nPatients may be eligible for this study if they:\n\nAre HIV infected.\nAre on their first combination of stable anti-HIV drugs (have not changed drugs for at least 6 months, except for reasons other than failing treatment or short interruptions of less than 7 days).\nHave 2 measurements of viral load (amount of HIV in the blood) during the 6 months before entering the study that are below 400 copies/ml by RT-PCR test or below 500 copies/ml by branched DNA test, measured at least 8 weeks apart.\nHave a viral load below 50 copies/ml within 30 days prior to entry.\nHave a CD4 cell count of 200 copies/ml or higher within 60 days of study entry.\nAre receiving medications and/or medications at certain doses that might interfere with the study.\nAre at least 13 years old and have signed consent of parent or guardian if under 18 years of age.\nHave a negative pregnancy test within 14 days of study entry, if a woman able to have children.\nAgree to use a barrier method of birth control, men and women, while receiving study drugs and for 3 months afterwards.\n\nExclusion Criteria\n\nPatients will not be eligible for this study if they:\n\nAre receiving high doses of testosterone. Low doses are allowed if received for 60 or more days before entering the study with no plans to change the dose during the first 24 weeks of the study.\nHave had treatment with any nonnucleoside reverse transcriptase inhibitor (NNRTI).\nHave had treatment with ABC.\nAre allergic to study drugs or any ingredient in them.\nAre pregnant or breast-feeding.\nHave used any HIV vaccine or drugs affecting the immune system within 30 days prior to entering the study.\nHave had systemic treatment for cancer within 30 days of entering the study.\nHave had systemic treatment with certain other drugs that may interfere with the study within 14 days of entering the study.\nHave a serious illness that required systemic treatment or a hospital stay unless treatment was completed at least 14 days prior to entering the study, or are on stable treatment, in the doctor's opinion, for at least 14 days prior to entering the study.\nAbuse drugs or alcohol.\nHave or suspect they have acute hepatitis within 30 days of entering the study.",
          "HealthyVolunteers":"No",
          "Gender":"All",
          "MinimumAge":"13 Years",
          "StdAgeList":{
            "StdAge":[
              "Child",
              "Adult",
              "Older Adult"
            ]
          }
        },
        "ContactsLocationsModule":{
          "OverallOfficialList":{
            "OverallOfficial":[
              {
                "OverallOfficialName":"David Wohl",
                "OverallOfficialRole":"Study Chair"
              }
            ]
          },
          "LocationList":{
            "Location":[
              {
                "LocationFacility":"Univ of Alabama at Birmingham",
                "LocationCity":"Birmingham",
                "LocationState":"Alabama",
                "LocationZip":"35294",
                "LocationCountry":"United States"
              },{
                "LocationFacility":"Georgetown Univ Med Ctr",
                "LocationCity":"Washington",
                "LocationState":"District of Columbia",
                "LocationZip":"20007",
                "LocationCountry":"United States"
              },{
                "LocationFacility":"Emory Univ",
                "LocationCity":"Atlanta",
                "LocationState":"Georgia",
                "LocationZip":"30308",
                "LocationCountry":"United States"
              },{
                "LocationFacility":"Northwestern Univ Med School",
                "LocationCity":"Chicago",
                "LocationState":"Illinois",
                "LocationZip":"60611",
                "LocationCountry":"United States"
              },{
                "LocationFacility":"The CORE Ctr",
                "LocationCity":"Chicago",
                "LocationState":"Illinois",
                "LocationZip":"60612",
                "LocationCountry":"United States"
              },{
                "LocationFacility":"Boston Med Ctr",
                "LocationCity":"Boston",
                "LocationState":"Massachusetts",
                "LocationZip":"02118",
                "LocationCountry":"United States"
              },{
                "LocationFacility":"Brigham and Women's Hosp",
                "LocationCity":"Boston",
                "LocationState":"Massachusetts",
                "LocationZip":"02215",
                "LocationCountry":"United States"
              },{
                "LocationFacility":"Beth Israel Med Ctr",
                "LocationCity":"New York",
                "LocationState":"New York",
                "LocationZip":"10003",
                "LocationCountry":"United States"
              },{
                "LocationFacility":"Bellevue Hosp / New York Univ Med Ctr",
                "LocationCity":"New York",
                "LocationState":"New York",
                "LocationZip":"10016",
                "LocationCountry":"United States"
              },{
                "LocationFacility":"Univ of Pennsylvania",
                "LocationCity":"Philadelphia",
                "LocationState":"Pennsylvania",
                "LocationZip":"19104",
                "LocationCountry":"United States"
              },{
                "LocationFacility":"Univ of Pittsburgh",
                "LocationCity":"Pittsburgh",
                "LocationState":"Pennsylvania",
                "LocationZip":"15213",
                "LocationCountry":"United States"
              }
            ]
          }
        }
      },
      "DerivedSection":{
        "MiscInfoModule":{
          "VersionHolder":"April 19, 2021"
        },
        "ConditionBrowseModule":{
          "ConditionMeshList":{
            "ConditionMesh":[
              {
                "ConditionMeshId":"D000008060",
                "ConditionMeshTerm":"Lipodystrophy"
              }
            ]
          },
          "ConditionAncestorList":{
            "ConditionAncestor":[
              {
                "ConditionAncestorId":"D000012875",
                "ConditionAncestorTerm":"Skin Diseases, Metabolic"
              },{
                "ConditionAncestorId":"D000012871",
                "ConditionAncestorTerm":"Skin Diseases"
              },{
                "ConditionAncestorId":"D000052439",
                "ConditionAncestorTerm":"Lipid Metabolism Disorders"
              },{
                "ConditionAncestorId":"D000008659",
                "ConditionAncestorTerm":"Metabolic Diseases"
              }
            ]
          },
          "ConditionBrowseLeafList":{
            "ConditionBrowseLeaf":[
              {
                "ConditionBrowseLeafId":"M8866",
                "ConditionBrowseLeafName":"Infection",
                "ConditionBrowseLeafRelevance":"low"
              },{
                "ConditionBrowseLeafId":"M4951",
                "ConditionBrowseLeafName":"Communicable Diseases",
                "ConditionBrowseLeafRelevance":"low"
              },{
                "ConditionBrowseLeafId":"M16833",
                "ConditionBrowseLeafName":"HIV Infections",
                "ConditionBrowseLeafRelevance":"low"
              },{
                "ConditionBrowseLeafId":"M12",
                "ConditionBrowseLeafName":"Congenital Abnormalities",
                "ConditionBrowseLeafRelevance":"low"
              },{
                "ConditionBrowseLeafId":"M9643",
                "ConditionBrowseLeafName":"Lipodystrophy",
                "ConditionBrowseLeafAsFound":"Lipodystrophy",
                "ConditionBrowseLeafRelevance":"high"
              },{
                "ConditionBrowseLeafId":"M2103",
                "ConditionBrowseLeafName":"Acquired Immunodeficiency Syndrome",
                "ConditionBrowseLeafRelevance":"low"
              },{
                "ConditionBrowseLeafId":"M14257",
                "ConditionBrowseLeafName":"Skin Diseases",
                "ConditionBrowseLeafRelevance":"low"
              },{
                "ConditionBrowseLeafId":"M14261",
                "ConditionBrowseLeafName":"Skin Diseases, Metabolic",
                "ConditionBrowseLeafRelevance":"low"
              },{
                "ConditionBrowseLeafId":"M10222",
                "ConditionBrowseLeafName":"Metabolic Diseases",
                "ConditionBrowseLeafRelevance":"low"
              },{
                "ConditionBrowseLeafId":"M25616",
                "ConditionBrowseLeafName":"Lipid Metabolism Disorders",
                "ConditionBrowseLeafRelevance":"low"
              }
            ]
          },
          "ConditionBrowseBranchList":{
            "ConditionBrowseBranch":[
              {
                "ConditionBrowseBranchAbbrev":"BC01",
                "ConditionBrowseBranchName":"Bacterial and Fungal Diseases"
              },{
                "ConditionBrowseBranchAbbrev":"All",
                "ConditionBrowseBranchName":"All Conditions"
              },{
                "ConditionBrowseBranchAbbrev":"BC02",
                "ConditionBrowseBranchName":"Viral Diseases"
              },{
                "ConditionBrowseBranchAbbrev":"BC20",
                "ConditionBrowseBranchName":"Immune System Diseases"
              },{
                "ConditionBrowseBranchAbbrev":"BC16",
                "ConditionBrowseBranchName":"Diseases and Abnormalities at or Before Birth"
              },{
                "ConditionBrowseBranchAbbrev":"BC17",
                "ConditionBrowseBranchName":"Skin and Connective Tissue Diseases"
              },{
                "ConditionBrowseBranchAbbrev":"BC18",
                "ConditionBrowseBranchName":"Nutritional and Metabolic Diseases"
              }
            ]
          }
        },
        "InterventionBrowseModule":{
          "InterventionMeshList":{
            "InterventionMesh":[
              {
                "InterventionMeshId":"D000019259",
                "InterventionMeshTerm":"Lamivudine"
              },{
                "InterventionMeshId":"D000015215",
                "InterventionMeshTerm":"Zidovudine"
              },{
                "InterventionMeshId":"C000098320",
                "InterventionMeshTerm":"Efavirenz"
              },{
                "InterventionMeshId":"D000019829",
                "InterventionMeshTerm":"Nevirapine"
              },{
                "InterventionMeshId":"C000106538",
                "InterventionMeshTerm":"Abacavir"
              },{
                "InterventionMeshId":"D000015224",
                "InterventionMeshTerm":"Dideoxynucleosides"
              }
            ]
          },
          "InterventionAncestorList":{
            "InterventionAncestor":[
              {
                "InterventionAncestorId":"D000018894",
                "InterventionAncestorTerm":"Reverse Transcriptase Inhibitors"
              },{
                "InterventionAncestorId":"D000019384",
                "InterventionAncestorTerm":"Nucleic Acid Synthesis Inhibitors"
              },{
                "InterventionAncestorId":"D000004791",
                "InterventionAncestorTerm":"Enzyme Inhibitors"
              },{
                "InterventionAncestorId":"D000045504",
                "InterventionAncestorTerm":"Molecular Mechanisms of Pharmacological Action"
              },{
                "InterventionAncestorId":"D000044966",
                "InterventionAncestorTerm":"Anti-Retroviral Agents"
              },{
                "InterventionAncestorId":"D000000998",
                "InterventionAncestorTerm":"Antiviral Agents"
              },{
                "InterventionAncestorId":"D000000890",
                "InterventionAncestorTerm":"Anti-Infective Agents"
              },{
                "InterventionAncestorId":"D000019380",
                "InterventionAncestorTerm":"Anti-HIV Agents"
              },{
                "InterventionAncestorId":"D000000963",
                "InterventionAncestorTerm":"Antimetabolites"
              },{
                "InterventionAncestorId":"D000065688",
                "InterventionAncestorTerm":"Cytochrome P-450 CYP2C9 Inhibitors"
              },{
                "InterventionAncestorId":"D000065607",
                "InterventionAncestorTerm":"Cytochrome P-450 Enzyme Inhibitors"
              },{
                "InterventionAncestorId":"D000065689",
                "InterventionAncestorTerm":"Cytochrome P-450 CYP2C19 Inhibitors"
              },{
                "InterventionAncestorId":"D000065695",
                "InterventionAncestorTerm":"Cytochrome P-450 CYP2B6 Inducers"
              },{
                "InterventionAncestorId":"D000065693",
                "InterventionAncestorTerm":"Cytochrome P-450 Enzyme Inducers"
              },{
                "InterventionAncestorId":"D000065701",
                "InterventionAncestorTerm":"Cytochrome P-450 CYP3A Inducers"
              }
            ]
          },
          "InterventionBrowseLeafList":{
            "InterventionBrowseLeaf":[
              {
                "InterventionBrowseLeafId":"M246264",
                "InterventionBrowseLeafName":"Efavirenz",
                "InterventionBrowseLeafAsFound":"Feeding",
                "InterventionBrowseLeafRelevance":"high"
              },{
                "InterventionBrowseLeafId":"M19827",
                "InterventionBrowseLeafName":"Lamivudine",
                "InterventionBrowseLeafAsFound":"Lifestyle",
                "InterventionBrowseLeafRelevance":"high"
              },{
                "InterventionBrowseLeafId":"M16503",
                "InterventionBrowseLeafName":"Zidovudine",
                "InterventionBrowseLeafAsFound":"Content",
                "InterventionBrowseLeafRelevance":"high"
              },{
                "InterventionBrowseLeafId":"M232124",
                "InterventionBrowseLeafName":"Abacavir",
                "InterventionBrowseLeafAsFound":"Held",
                "InterventionBrowseLeafRelevance":"high"
              },{
                "InterventionBrowseLeafId":"M12926",
                "InterventionBrowseLeafName":"Protease Inhibitors",
                "InterventionBrowseLeafRelevance":"low"
              },{
                "InterventionBrowseLeafId":"M19519",
                "InterventionBrowseLeafName":"Reverse Transcriptase Inhibitors",
                "InterventionBrowseLeafRelevance":"low"
              },{
                "InterventionBrowseLeafId":"M20301",
                "InterventionBrowseLeafName":"Nevirapine",
                "InterventionBrowseLeafAsFound":"Discussion",
                "InterventionBrowseLeafRelevance":"high"
              },{
                "InterventionBrowseLeafId":"M18192",
                "InterventionBrowseLeafName":"HIV Protease Inhibitors",
                "InterventionBrowseLeafRelevance":"low"
              },{
                "InterventionBrowseLeafId":"M19934",
                "InterventionBrowseLeafName":"Anti-HIV Agents",
                "InterventionBrowseLeafRelevance":"low"
              },{
                "InterventionBrowseLeafId":"M16511",
                "InterventionBrowseLeafName":"Dideoxynucleosides",
                "InterventionBrowseLeafAsFound":"Connect",
                "InterventionBrowseLeafRelevance":"high"
              },{
                "InterventionBrowseLeafId":"M24015",
                "InterventionBrowseLeafName":"Anti-Retroviral Agents",
                "InterventionBrowseLeafRelevance":"low"
              },{
                "InterventionBrowseLeafId":"M2895",
                "InterventionBrowseLeafName":"Antiviral Agents",
                "InterventionBrowseLeafRelevance":"low"
              },{
                "InterventionBrowseLeafId":"M2795",
                "InterventionBrowseLeafName":"Anti-Infective Agents",
                "InterventionBrowseLeafRelevance":"low"
              },{
                "InterventionBrowseLeafId":"M2862",
                "InterventionBrowseLeafName":"Antimetabolites",
                "InterventionBrowseLeafRelevance":"low"
              },{
                "InterventionBrowseLeafId":"M29124",
                "InterventionBrowseLeafName":"Cytochrome P-450 Enzyme Inhibitors",
                "InterventionBrowseLeafRelevance":"low"
              }
            ]
          },
          "InterventionBrowseBranchList":{
            "InterventionBrowseBranch":[
              {
                "InterventionBrowseBranchAbbrev":"Infe",
                "InterventionBrowseBranchName":"Anti-Infective Agents"
              },{
                "InterventionBrowseBranchAbbrev":"All",
                "InterventionBrowseBranchName":"All Drugs and Chemicals"
              }
            ]
          }
        }
      }
    }
  }
}

