{
  "FullStudy":{
    "Rank":368117,
    "Study":{
      "ProtocolSection":{
        "IdentificationModule":{
          "NCTId":"NCT00021450",
          "OrgStudyIdInfo":{
            "OrgStudyId":"EORTC-22991"
          },
          "SecondaryIdInfoList":{
            "SecondaryIdInfo":[
              {
                "SecondaryId":"EORTC-22991"
              }
            ]
          },
          "Organization":{
            "OrgFullName":"European Organisation for Research and Treatment of Cancer - EORTC",
            "OrgClass":"NETWORK"
          },
          "BriefTitle":"Radiation Therapy With or Without Bicalutamide and Goserelin in Treating Patients With Prostate Cancer",
          "OfficialTitle":"Three Dimensional Conformal Radiotherapy / Intensity Modulated Radiotherapy Alone Vs Three Dimensional Conformal Therapy / Intensity Modulated Radiotherapy Plus Adjuvant Hormonal Therapy In Localized T1b-c, T2a, N0, M0 Prostatic Carcinoma. A Phase III Randomized Study"
        },
        "StatusModule":{
          "StatusVerifiedDate":"September 2016",
          "OverallStatus":"Completed",
          "ExpandedAccessInfo":{
            "HasExpandedAccess":"No"
          },
          "StartDateStruct":{
            "StartDate":"April 2001"
          },
          "PrimaryCompletionDateStruct":{
            "PrimaryCompletionDate":"April 2008",
            "PrimaryCompletionDateType":"Actual"
          },
          "CompletionDateStruct":{
            "CompletionDate":"January 2016",
            "CompletionDateType":"Actual"
          },
          "StudyFirstSubmitDate":"July 13, 2001",
          "StudyFirstSubmitQCDate":"January 26, 2003",
          "StudyFirstPostDateStruct":{
            "StudyFirstPostDate":"January 27, 2003",
            "StudyFirstPostDateType":"Estimate"
          },
          "LastUpdateSubmitDate":"September 1, 2016",
          "LastUpdatePostDateStruct":{
            "LastUpdatePostDate":"September 2, 2016",
            "LastUpdatePostDateType":"Estimate"
          }
        },
        "SponsorCollaboratorsModule":{
          "ResponsibleParty":{
            "ResponsiblePartyType":"Sponsor"
          },
          "LeadSponsor":{
            "LeadSponsorName":"European Organisation for Research and Treatment of Cancer - EORTC",
            "LeadSponsorClass":"NETWORK"
          }
        },
        "OversightModule":{},
        "DescriptionModule":{
          "BriefSummary":"RATIONALE: Radiation therapy uses high-energy x-rays to damage tumor cells. Bicalutamide and goserelin may fight prostate cancer by reducing the production of testosterone. It is not yet known if radiation therapy is more effective with or without bicalutamide and goserelin in treating prostate cancer.\n\nPURPOSE: Randomized phase III trial to compare the effectiveness of radiation therapy with or without bicalutamide and goserelin in treating patients who have localized prostate cancer.",
          "DetailedDescription":"OBJECTIVES:\n\nCompare the potential beneficial impact of radiotherapy with or without adjuvant bicalutamide and goserelin on the long-term outcome of patients with localized prostate cancer.\nCompare the acute and late radiation-induced side effects of these regimens in these patients.\nCompare the biochemical/clinical disease-free survival, overall survival, and time to local progression in patients treated with these regimens.\nCompare the time to clinical biological failure or death in patients treated with these regimens.\nCompare the quality of life of patients treated with these regimens.\n\nOUTLINE: This is a randomized, multicenter study. Patients are stratified according to tumor class (T1b-c vs T2a), initial prostate-specific antigen level (10 ng/mL vs 10-20 ng/mL vs greater than 20 ng/mL), Gleason score (2-6 vs 7-10) and participating center. Patients are randomized to 1 of 2 treatment arms.\n\nArm I: Patients undergo 3-dimensional conformal radiotherapy or intensity-modulated radiotherapy once daily 5 days a week for 7-7.5 weeks.\nArm II: Patients receive adjuvant oral bicalutamide once daily on days 1-30 and goserelin subcutaneously on days 8 and 98. Beginning on day 8, patients undergo radiotherapy as in arm I.\n\nQuality of life is assessed at baseline and then at months 6, 12, 24, and 36.\n\nPatients are followed every 6 months for 5 years and then annually thereafter.\n\nPROJECTED ACCRUAL: A total of 800 patients (400 per treatment arm) will be accrued for this study within 5 years."
        },
        "ConditionsModule":{
          "ConditionList":{
            "Condition":[
              "Prostate Cancer"
            ]
          },
          "KeywordList":{
            "Keyword":[
              "stage IIB prostate cancer",
              "stage IIA prostate cancer"
            ]
          }
        },
        "DesignModule":{
          "StudyType":"Interventional",
          "PhaseList":{
            "Phase":[
              "Phase 3"
            ]
          },
          "DesignInfo":{
            "DesignAllocation":"Randomized",
            "DesignPrimaryPurpose":"Treatment"
          },
          "EnrollmentInfo":{
            "EnrollmentCount":"819",
            "EnrollmentType":"Actual"
          }
        },
        "ArmsInterventionsModule":{
          "InterventionList":{
            "Intervention":[
              {
                "InterventionType":"Drug",
                "InterventionName":"bicalutamide"
              },{
                "InterventionType":"Drug",
                "InterventionName":"goserelin acetate"
              },{
                "InterventionType":"Procedure",
                "InterventionName":"adjuvant therapy"
              },{
                "InterventionType":"Radiation",
                "InterventionName":"radiation therapy"
              }
            ]
          }
        },
        "OutcomesModule":{
          "PrimaryOutcomeList":{
            "PrimaryOutcome":[
              {
                "PrimaryOutcomeMeasure":"Biochemical and clinical disease-free survival as measured by Logrank prostate-specific antigen progression every 6 months until year 5, and annually thereafter"
              }
            ]
          },
          "SecondaryOutcomeList":{
            "SecondaryOutcome":[
              {
                "SecondaryOutcomeMeasure":"Clinical disease-free survival as measured by Logrank every 6 months until year 5, and annually thereafter"
              },{
                "SecondaryOutcomeMeasure":"Overall survival as measured by Logrank every 6 months until year 5, and annually thereafter"
              },{
                "SecondaryOutcomeMeasure":"Local control as measured by Gray scale every 6 months until year 5, and annually thereafter"
              },{
                "SecondaryOutcomeMeasure":"Acute toxicity as measured by NCI-CTC v2.0 up to 1 month post radiotherapy"
              },{
                "SecondaryOutcomeMeasure":"Late toxicity as measured by EORTC and RTOG every 6 months until year 5, and annually thereafter"
              },{
                "SecondaryOutcomeMeasure":"Quality of life as measured by EORTC QLQ-C30 and EORTC PR-25 every 6 months until year 5, and annually thereafter"
              }
            ]
          }
        },
        "EligibilityModule":{
          "EligibilityCriteria":"DISEASE CHARACTERISTICS:\n\nHistologically confirmed stage II prostate cancer\n\nT1b-c, N0, M0 with prostate-specific antigen (PSA) at least 10 ng/mL and/or Gleason score at least 7 (UICC 1997 classification) OR\nT2a, N0, M0 (UICC 1997 classification)\nSerum PSA no greater than 50 ng/mL\nNo involvement of pelvic lymph nodes\n\nPATIENT CHARACTERISTICS:\n\nAge:\n\n80 and under\n\nPerformance status:\n\nWHO 0-2\n\nLife expectancy:\n\nNot specified\n\nHematopoietic:\n\nNot specified\n\nHepatic:\n\nNot specified\n\nRenal:\n\nNot specified\n\nOther:\n\nNo other malignancy within the past 5 years except adequately treated basal cell skin cancer\nNo psychological, familial, sociological, or geographical condition that would preclude study participation\n\nPRIOR CONCURRENT THERAPY:\n\nBiologic therapy:\n\nNot specified\n\nChemotherapy:\n\nNot specified\n\nEndocrine therapy:\n\nNo prior hormonal therapy\n\nRadiotherapy:\n\nNo prior pelvic radiotherapy\n\nSurgery:\n\nNo prior radical prostatectomy",
          "HealthyVolunteers":"No",
          "Gender":"Male",
          "MaximumAge":"80 Years",
          "StdAgeList":{
            "StdAge":[
              "Child",
              "Adult",
              "Older Adult"
            ]
          }
        },
        "ContactsLocationsModule":{
          "OverallOfficialList":{
            "OverallOfficial":[
              {
                "OverallOfficialName":"Michel Bolla, MD",
                "OverallOfficialAffiliation":"CHU de Grenoble - Hopital de la Tronche",
                "OverallOfficialRole":"Study Chair"
              }
            ]
          },
          "LocationList":{
            "Location":[
              {
                "LocationFacility":"Academisch Ziekenhuis der Vrije Universiteit Brussel",
                "LocationCity":"Brussels",
                "LocationZip":"1090",
                "LocationCountry":"Belgium"
              },{
                "LocationFacility":"Cliniques Universitaires Saint-Luc",
                "LocationCity":"Brussels",
                "LocationZip":"1200",
                "LocationCountry":"Belgium"
              },{
                "LocationFacility":"U.Z. Gasthuisberg",
                "LocationCity":"Leuven",
                "LocationZip":"B-3000",
                "LocationCountry":"Belgium"
              },{
                "LocationFacility":"Bank Of Cyprus Oncology Centre",
                "LocationCity":"Nicosia",
                "LocationZip":"2006 Strovolos",
                "LocationCountry":"Cyprus"
              },{
                "LocationFacility":"Charles University Hospital",
                "LocationCity":"Hradec Kralove",
                "LocationZip":"500 05",
                "LocationCountry":"Czech Republic"
              },{
                "LocationFacility":"Centre Hospitalier Regional de Besancon - Hopital Jean Minjoz",
                "LocationCity":"Besancon",
                "LocationZip":"25030",
                "LocationCountry":"France"
              },{
                "LocationFacility":"Centre de Lutte Contre le Cancer Georges-Francois Leclerc",
                "LocationCity":"Dijon",
                "LocationZip":"21079",
                "LocationCountry":"France"
              },{
                "LocationFacility":"CHU de Grenoble - Hopital de la Tronche",
                "LocationCity":"Grenoble",
                "LocationZip":"38043",
                "LocationCountry":"France"
              },{
                "LocationFacility":"Centre Paul Strauss",
                "LocationCity":"Strasbourg",
                "LocationZip":"67085",
                "LocationCountry":"France"
              },{
                "LocationFacility":"Centre d'Oncologie Saint-Yves",
                "LocationCity":"Vannes",
                "LocationZip":"56001",
                "LocationCountry":"France"
              },{
                "LocationFacility":"Saint Luke's Hospital",
                "LocationCity":"Dublin",
                "LocationZip":"6",
                "LocationCountry":"Ireland"
              },{
                "LocationFacility":"Spedali Civili di Brescia",
                "LocationCity":"Brescia",
                "LocationZip":"25124",
                "LocationCountry":"Italy"
              },{
                "LocationFacility":"Istituto Nazionale per la Ricerca sul Cancro",
                "LocationCity":"Genoa",
                "LocationZip":"16132",
                "LocationCountry":"Italy"
              },{
                "LocationFacility":"Hopital de la Ville D'Esch-sur-Alzette",
                "LocationCity":"Esch-sur-Alzette",
                "LocationZip":"L-4240",
                "LocationCountry":"Luxembourg"
              },{
                "LocationFacility":"Arnhems Radiotherapeutisch Instituut",
                "LocationCity":"Arnhem",
                "LocationZip":"6815 AD",
                "LocationCountry":"Netherlands"
              },{
                "LocationFacility":"University Medical Center Groningen",
                "LocationCity":"Groningen",
                "LocationZip":"9700 RB",
                "LocationCountry":"Netherlands"
              },{
                "LocationFacility":"Dr. Bernard Verbeeten Instituut",
                "LocationCity":"Tilburg",
                "LocationZip":"5042 SB",
                "LocationCountry":"Netherlands"
              },{
                "LocationFacility":"Medical University of Gdansk",
                "LocationCity":"Gdansk",
                "LocationZip":"80-211",
                "LocationCountry":"Poland"
              },{
                "LocationFacility":"Institut Catala d'Oncologia - Hospital Duran i Reynals",
                "LocationCity":"Barcelona",
                "LocationZip":"08907",
                "LocationCountry":"Spain"
              },{
                "LocationFacility":"Belfast City Hospital Trust Incorporating Belvoir Park Hospital",
                "LocationCity":"Belfast",
                "LocationState":"Northern Ireland",
                "LocationZip":"BT8 8JR",
                "LocationCountry":"United Kingdom"
              }
            ]
          }
        },
        "ReferencesModule":{
          "ReferenceList":{
            "Reference":[
              {
                "ReferencePMID":"19038468",
                "ReferenceType":"background",
                "ReferenceCitation":"Matzinger O, Poortmans P, Giraud JY, Maingon P, Budiharto T, van den Bergh AC, Davis JB, Musat E, Ataman F, Huyskens DP, Gulyban A, Bolla M; EORTC Radiation Oncology Group. Quality assurance in the 22991 EORTC ROG trial in localized prostate cancer: dummy run and individual case review. Radiother Oncol. 2009 Mar;90(3):285-90. doi: 10.1016/j.radonc.2008.10.022. Epub 2008 Nov 27."
              },{
                "ReferencePMID":"19682889",
                "ReferenceType":"result",
                "ReferenceCitation":"Matzinger O, Duclos F, van den Bergh A, Carrie C, Villà S, Kitsios P, Poortmans P, Sundar S, van der Steen-Banasik EM, Gulyban A, Collette L, Bolla M; EORTC Radiation Oncology Group. Acute toxicity of curative radiotherapy for intermediate- and high-risk localised prostate cancer in the EORTC trial 22991. Eur J Cancer. 2009 Nov;45(16):2825-34. doi: 10.1016/j.ejca.2009.07.009. Epub 2009 Aug 12."
              },{
                "ReferencePMID":"26976418",
                "ReferenceType":"derived",
                "ReferenceCitation":"Bolla M, Maingon P, Carrie C, Villa S, Kitsios P, Poortmans PM, Sundar S, van der Steen-Banasik EM, Armstrong J, Bosset JF, Herrera FG, Pieters B, Slot A, Bahl A, Ben-Yosef R, Boehmer D, Scrase C, Renard L, Shash E, Coens C, van den Bergh AC, Collette L. Short Androgen Suppression and Radiation Dose Escalation for Intermediate- and High-Risk Localized Prostate Cancer: Results of EORTC Trial 22991. J Clin Oncol. 2016 May 20;34(15):1748-56. doi: 10.1200/JCO.2015.64.8055. Epub 2016 Mar 14."
              }
            ]
          }
        }
      },
      "DerivedSection":{
        "MiscInfoModule":{
          "VersionHolder":"April 19, 2021"
        },
        "ConditionBrowseModule":{
          "ConditionMeshList":{
            "ConditionMesh":[
              {
                "ConditionMeshId":"D000011471",
                "ConditionMeshTerm":"Prostatic Neoplasms"
              }
            ]
          },
          "ConditionAncestorList":{
            "ConditionAncestor":[
              {
                "ConditionAncestorId":"D000005834",
                "ConditionAncestorTerm":"Genital Neoplasms, Male"
              },{
                "ConditionAncestorId":"D000014565",
                "ConditionAncestorTerm":"Urogenital Neoplasms"
              },{
                "ConditionAncestorId":"D000009371",
                "ConditionAncestorTerm":"Neoplasms by Site"
              },{
                "ConditionAncestorId":"D000009369",
                "ConditionAncestorTerm":"Neoplasms"
              },{
                "ConditionAncestorId":"D000011469",
                "ConditionAncestorTerm":"Prostatic Diseases"
              }
            ]
          },
          "ConditionBrowseLeafList":{
            "ConditionBrowseLeaf":[
              {
                "ConditionBrowseLeafId":"M4116",
                "ConditionBrowseLeafName":"Carcinoma",
                "ConditionBrowseLeafRelevance":"low"
              },{
                "ConditionBrowseLeafId":"M12918",
                "ConditionBrowseLeafName":"Prostatic Neoplasms",
                "ConditionBrowseLeafAsFound":"Prostate Cancer",
                "ConditionBrowseLeafRelevance":"high"
              },{
                "ConditionBrowseLeafId":"M7529",
                "ConditionBrowseLeafName":"Genital Neoplasms, Male",
                "ConditionBrowseLeafRelevance":"low"
              },{
                "ConditionBrowseLeafId":"M15898",
                "ConditionBrowseLeafName":"Urogenital Neoplasms",
                "ConditionBrowseLeafRelevance":"low"
              },{
                "ConditionBrowseLeafId":"M12916",
                "ConditionBrowseLeafName":"Prostatic Diseases",
                "ConditionBrowseLeafRelevance":"low"
              }
            ]
          },
          "ConditionBrowseBranchList":{
            "ConditionBrowseBranch":[
              {
                "ConditionBrowseBranchAbbrev":"BC04",
                "ConditionBrowseBranchName":"Cancers and Other Neoplasms"
              },{
                "ConditionBrowseBranchAbbrev":"All",
                "ConditionBrowseBranchName":"All Conditions"
              },{
                "ConditionBrowseBranchAbbrev":"BXS",
                "ConditionBrowseBranchName":"Urinary Tract, Sexual Organs, and Pregnancy Conditions"
              }
            ]
          }
        },
        "InterventionBrowseModule":{
          "InterventionMeshList":{
            "InterventionMesh":[
              {
                "InterventionMeshId":"D000017273",
                "InterventionMeshTerm":"Goserelin"
              },{
                "InterventionMeshId":"C000053541",
                "InterventionMeshTerm":"Bicalutamide"
              }
            ]
          },
          "InterventionAncestorList":{
            "InterventionAncestor":[
              {
                "InterventionAncestorId":"D000018931",
                "InterventionAncestorTerm":"Antineoplastic Agents, Hormonal"
              },{
                "InterventionAncestorId":"D000000970",
                "InterventionAncestorTerm":"Antineoplastic Agents"
              },{
                "InterventionAncestorId":"D000000726",
                "InterventionAncestorTerm":"Androgen Antagonists"
              },{
                "InterventionAncestorId":"D000006727",
                "InterventionAncestorTerm":"Hormone Antagonists"
              },{
                "InterventionAncestorId":"D000006730",
                "InterventionAncestorTerm":"Hormones, Hormone Substitutes, and Hormone Antagonists"
              },{
                "InterventionAncestorId":"D000045505",
                "InterventionAncestorTerm":"Physiological Effects of Drugs"
              }
            ]
          },
          "InterventionBrowseLeafList":{
            "InterventionBrowseLeaf":[
              {
                "InterventionBrowseLeafId":"M18151",
                "InterventionBrowseLeafName":"Goserelin",
                "InterventionBrowseLeafAsFound":"Nausea and Vomiting",
                "InterventionBrowseLeafRelevance":"high"
              },{
                "InterventionBrowseLeafId":"M239383",
                "InterventionBrowseLeafName":"Bicalutamide",
                "InterventionBrowseLeafAsFound":"BIA",
                "InterventionBrowseLeafRelevance":"high"
              },{
                "InterventionBrowseLeafId":"M19550",
                "InterventionBrowseLeafName":"Antineoplastic Agents, Hormonal",
                "InterventionBrowseLeafRelevance":"low"
              },{
                "InterventionBrowseLeafId":"M2640",
                "InterventionBrowseLeafName":"Androgens",
                "InterventionBrowseLeafRelevance":"low"
              },{
                "InterventionBrowseLeafId":"M2638",
                "InterventionBrowseLeafName":"Androgen Antagonists",
                "InterventionBrowseLeafRelevance":"low"
              },{
                "InterventionBrowseLeafId":"M8372",
                "InterventionBrowseLeafName":"Hormones",
                "InterventionBrowseLeafRelevance":"low"
              },{
                "InterventionBrowseLeafId":"M8371",
                "InterventionBrowseLeafName":"Hormone Antagonists",
                "InterventionBrowseLeafRelevance":"low"
              }
            ]
          },
          "InterventionBrowseBranchList":{
            "InterventionBrowseBranch":[
              {
                "InterventionBrowseBranchAbbrev":"ANeo",
                "InterventionBrowseBranchName":"Antineoplastic Agents"
              },{
                "InterventionBrowseBranchAbbrev":"All",
                "InterventionBrowseBranchName":"All Drugs and Chemicals"
              }
            ]
          }
        }
      }
    }
  }
}

