{
  "FullStudy":{
    "Rank":367837,
    "Study":{
      "ProtocolSection":{
        "IdentificationModule":{
          "NCTId":"NCT00025493",
          "OrgStudyIdInfo":{
            "OrgStudyId":"CDR0000068966"
          },
          "SecondaryIdInfoList":{
            "SecondaryIdInfo":[
              {
                "SecondaryId":"U10CA032102",
                "SecondaryIdType":"U.S. NIH Grant/Contract",
                "SecondaryIdLink":"https://projectreporter.nih.gov/reporterapi.cfm?PROJECTNUM=U10CA032102&Fy=all"
              },{
                "SecondaryId":"S0029",
                "SecondaryIdType":"Other Identifier",
                "SecondaryIdDomain":"SWOG"
              }
            ]
          },
          "Organization":{
            "OrgFullName":"Southwest Oncology Group",
            "OrgClass":"NETWORK"
          },
          "BriefTitle":"S0029 Docetaxel in Treating Older Women With Metastatic Breast Cancer",
          "OfficialTitle":"Single Agent Docetaxel for Metastatic Breast Cancer in Patients Aged 70 Years and Older (and in a Cohort of Patients Younger Than 60 Years)"
        },
        "StatusModule":{
          "StatusVerifiedDate":"January 2013",
          "OverallStatus":"Terminated",
          "WhyStopped":"poor accrual",
          "ExpandedAccessInfo":{
            "HasExpandedAccess":"No"
          },
          "StartDateStruct":{
            "StartDate":"October 2001"
          },
          "PrimaryCompletionDateStruct":{
            "PrimaryCompletionDate":"June 2007",
            "PrimaryCompletionDateType":"Actual"
          },
          "CompletionDateStruct":{
            "CompletionDate":"June 2008",
            "CompletionDateType":"Actual"
          },
          "StudyFirstSubmitDate":"October 11, 2001",
          "StudyFirstSubmitQCDate":"January 26, 2003",
          "StudyFirstPostDateStruct":{
            "StudyFirstPostDate":"January 27, 2003",
            "StudyFirstPostDateType":"Estimate"
          },
          "LastUpdateSubmitDate":"January 22, 2013",
          "LastUpdatePostDateStruct":{
            "LastUpdatePostDate":"January 24, 2013",
            "LastUpdatePostDateType":"Estimate"
          }
        },
        "SponsorCollaboratorsModule":{
          "ResponsibleParty":{
            "ResponsiblePartyType":"Sponsor"
          },
          "LeadSponsor":{
            "LeadSponsorName":"Southwest Oncology Group",
            "LeadSponsorClass":"NETWORK"
          },
          "CollaboratorList":{
            "Collaborator":[
              {
                "CollaboratorName":"National Cancer Institute (NCI)",
                "CollaboratorClass":"NIH"
              }
            ]
          }
        },
        "OversightModule":{
          "OversightHasDMC":"Yes"
        },
        "DescriptionModule":{
          "BriefSummary":"RATIONALE: Drugs used in chemotherapy use different ways to stop tumor cells from dividing so they stop growing or die.\n\nPURPOSE: Phase II trial to study the effectiveness of docetaxel in treating older women who have metastatic breast cancer.",
          "DetailedDescription":"OBJECTIVES:\n\nDetermine the feasibility of treating elderly women with metastatic breast cancer with docetaxel.\nDetermine the overall survival, 2-year survival, and response (confirmed and unconfirmed complete and partial) in patients treated with this drug.\nDetermine the toxicity and tolerability of this drug in these patients.\nDetermine the feasibility of using standardized self-report measures of comorbidity, depression, and functional status in elderly cancer patients.\nDetermine the parameters of clinical pharmacology of this drug in elderly patients and in patients under 60 years of age.\nDetermine, preliminarily, the genetic polymorphisms and gene expression levels of enzymes involved in drug metabolism and resistance in patients treated with this drug.\n\nOUTLINE: Patients are stratified according to age (70 and over vs under 60).\n\nPatients receive docetaxel IV over 1 hour on day 1. Treatment repeats every 21 days in the absence of disease progression or unacceptable toxicity.\n\nPatients are followed every 3 months for 3 years.\n\nPROJECTED ACCRUAL: Approximately 80 patients (60 patients age 70 and over and 20 patients under age 60) will be accrued for this study."
        },
        "ConditionsModule":{
          "ConditionList":{
            "Condition":[
              "Breast Cancer"
            ]
          },
          "KeywordList":{
            "Keyword":[
              "stage IV breast cancer",
              "recurrent breast cancer"
            ]
          }
        },
        "DesignModule":{
          "StudyType":"Interventional",
          "PhaseList":{
            "Phase":[
              "Phase 2"
            ]
          },
          "DesignInfo":{
            "DesignAllocation":"N/A",
            "DesignInterventionModel":"Single Group Assignment",
            "DesignPrimaryPurpose":"Treatment",
            "DesignMaskingInfo":{
              "DesignMasking":"None (Open Label)"
            }
          },
          "EnrollmentInfo":{
            "EnrollmentCount":"27",
            "EnrollmentType":"Actual"
          }
        },
        "ArmsInterventionsModule":{
          "ArmGroupList":{
            "ArmGroup":[
              {
                "ArmGroupLabel":"docetaxel",
                "ArmGroupType":"Experimental",
                "ArmGroupDescription":"docetaxel",
                "ArmGroupInterventionList":{
                  "ArmGroupInterventionName":[
                    "Drug: docetaxel"
                  ]
                }
              }
            ]
          },
          "InterventionList":{
            "Intervention":[
              {
                "InterventionType":"Drug",
                "InterventionName":"docetaxel",
                "InterventionArmGroupLabelList":{
                  "InterventionArmGroupLabel":[
                    "docetaxel"
                  ]
                }
              }
            ]
          }
        },
        "OutcomesModule":{
          "PrimaryOutcomeList":{
            "PrimaryOutcome":[
              {
                "PrimaryOutcomeMeasure":"Study treatment feasibility",
                "PrimaryOutcomeTimeFrame":"monthly for duration of accrual"
              }
            ]
          },
          "SecondaryOutcomeList":{
            "SecondaryOutcome":[
              {
                "SecondaryOutcomeMeasure":"Overall survival",
                "SecondaryOutcomeTimeFrame":"at weeks 10 and 19, then every 3 months for 3 years"
              },{
                "SecondaryOutcomeMeasure":"Survival at 2 years",
                "SecondaryOutcomeTimeFrame":"at weeks 10 and 19, then every 3 months for 2 years"
              },{
                "SecondaryOutcomeMeasure":"Response rate (confirmed and unconfirmed complete and partial response)",
                "SecondaryOutcomeTimeFrame":"at weeks 10 and 19, then every 3 months for 3 years"
              },{
                "SecondaryOutcomeMeasure":"Toxicity and tolerability",
                "SecondaryOutcomeTimeFrame":"at week 1, then every 3 weeks"
              },{
                "SecondaryOutcomeMeasure":"Feasibility of standardized self-report measures of comorbidity, depression, and functional status",
                "SecondaryOutcomeTimeFrame":"upon completion of patient accrual"
              },{
                "SecondaryOutcomeMeasure":"Comparison of clinical pharmacologic parameters between elderly patients and patients under 60 years of age",
                "SecondaryOutcomeTimeFrame":"upon completion of patient accrual"
              }
            ]
          }
        },
        "EligibilityModule":{
          "EligibilityCriteria":"DISEASE CHARACTERISTICS:\n\nHistologically confirmed breast cancer\n\nDistant metastatic disease confirmed by histology, cytology, or strong clinical evidence\nMeasurable disease\nNo known brain or CNS metastases\n\nHormone receptor status:\n\nNot specified\n\nPATIENT CHARACTERISTICS:\n\nAge:\n\n70 and over OR\nUnder 60\n\nSex:\n\nFemale\n\nMenopausal status:\n\nNot specified\n\nPerformance status:\n\nZubrod 0-2\n\nLife expectancy:\n\nNot specified\n\nHematopoietic:\n\nAbsolute granulocyte count at least 1,500/mm^3\nHemoglobin at least 9 g/dL\nPlatelet count at least 100,000/mm^3\n\nHepatic:\n\nBilirubin no greater than upper limit of normal (ULN)\nSGOT or SGPT no greater than 1.5 times ULN (2.0 times ULN if liver metastases are present)\nAlkaline phosphatase no greater than 1.5 times ULN (2.0 times ULN if liver metastases are present)\n\nRenal:\n\nCreatinine no greater than ULN\n\nOther:\n\nNot pregnant or nursing\nFertile patients must use effective contraception\nHIV negative\nNo other prior malignancy within the past 5 years except adequately treated basal cell or squamous cell skin cancer, carcinoma in situ of the cervix, or adequately treated stage I or II cancer in complete remission\n\nPRIOR CONCURRENT THERAPY:\n\nBiologic therapy:\n\nNo concurrent immunotherapy for breast cancer\n\nChemotherapy:\n\nPrior adjuvant or neoadjuvant chemotherapy allowed\nPrior adjuvant taxanes allowed\nNo other concurrent chemotherapy for breast cancer\n\nEndocrine therapy:\n\nPrior hormonal therapy in the adjuvant setting or for metastatic disease allowed\nNo concurrent hormonal therapy for breast cancer\n\nRadiotherapy:\n\nNo concurrent radiotherapy for breast cancer\n\nSurgery:\n\nNot specified\n\nOther\n\nNo more than 1 prior regimen for advanced, recurrent, or metastatic disease",
          "HealthyVolunteers":"No",
          "Gender":"Female",
          "MinimumAge":"18 Years",
          "StdAgeList":{
            "StdAge":[
              "Adult",
              "Older Adult"
            ]
          }
        },
        "ContactsLocationsModule":{
          "OverallOfficialList":{
            "OverallOfficial":[
              {
                "OverallOfficialName":"Silvana Martino, DO",
                "OverallOfficialAffiliation":"John Wayne Cancer Institute",
                "OverallOfficialRole":"Study Chair"
              }
            ]
          }
        }
      },
      "DerivedSection":{
        "MiscInfoModule":{
          "VersionHolder":"April 19, 2021"
        },
        "ConditionBrowseModule":{
          "ConditionMeshList":{
            "ConditionMesh":[
              {
                "ConditionMeshId":"D000001943",
                "ConditionMeshTerm":"Breast Neoplasms"
              }
            ]
          },
          "ConditionAncestorList":{
            "ConditionAncestor":[
              {
                "ConditionAncestorId":"D000009371",
                "ConditionAncestorTerm":"Neoplasms by Site"
              },{
                "ConditionAncestorId":"D000009369",
                "ConditionAncestorTerm":"Neoplasms"
              },{
                "ConditionAncestorId":"D000001941",
                "ConditionAncestorTerm":"Breast Diseases"
              },{
                "ConditionAncestorId":"D000012871",
                "ConditionAncestorTerm":"Skin Diseases"
              }
            ]
          },
          "ConditionBrowseLeafList":{
            "ConditionBrowseLeaf":[
              {
                "ConditionBrowseLeafId":"M3802",
                "ConditionBrowseLeafName":"Breast Neoplasms",
                "ConditionBrowseLeafAsFound":"Breast Cancer",
                "ConditionBrowseLeafRelevance":"high"
              },{
                "ConditionBrowseLeafId":"M3800",
                "ConditionBrowseLeafName":"Breast Diseases",
                "ConditionBrowseLeafRelevance":"low"
              },{
                "ConditionBrowseLeafId":"M14257",
                "ConditionBrowseLeafName":"Skin Diseases",
                "ConditionBrowseLeafRelevance":"low"
              }
            ]
          },
          "ConditionBrowseBranchList":{
            "ConditionBrowseBranch":[
              {
                "ConditionBrowseBranchAbbrev":"BC04",
                "ConditionBrowseBranchName":"Cancers and Other Neoplasms"
              },{
                "ConditionBrowseBranchAbbrev":"BC17",
                "ConditionBrowseBranchName":"Skin and Connective Tissue Diseases"
              },{
                "ConditionBrowseBranchAbbrev":"All",
                "ConditionBrowseBranchName":"All Conditions"
              }
            ]
          }
        },
        "InterventionBrowseModule":{
          "InterventionMeshList":{
            "InterventionMesh":[
              {
                "InterventionMeshId":"D000077143",
                "InterventionMeshTerm":"Docetaxel"
              }
            ]
          },
          "InterventionAncestorList":{
            "InterventionAncestor":[
              {
                "InterventionAncestorId":"D000000970",
                "InterventionAncestorTerm":"Antineoplastic Agents"
              },{
                "InterventionAncestorId":"D000050257",
                "InterventionAncestorTerm":"Tubulin Modulators"
              },{
                "InterventionAncestorId":"D000050256",
                "InterventionAncestorTerm":"Antimitotic Agents"
              },{
                "InterventionAncestorId":"D000050258",
                "InterventionAncestorTerm":"Mitosis Modulators"
              },{
                "InterventionAncestorId":"D000045504",
                "InterventionAncestorTerm":"Molecular Mechanisms of Pharmacological Action"
              }
            ]
          },
          "InterventionBrowseLeafList":{
            "InterventionBrowseLeaf":[
              {
                "InterventionBrowseLeafId":"M1668",
                "InterventionBrowseLeafName":"Docetaxel",
                "InterventionBrowseLeafAsFound":"Administration",
                "InterventionBrowseLeafRelevance":"high"
              },{
                "InterventionBrowseLeafId":"M24784",
                "InterventionBrowseLeafName":"Tubulin Modulators",
                "InterventionBrowseLeafRelevance":"low"
              },{
                "InterventionBrowseLeafId":"M24783",
                "InterventionBrowseLeafName":"Antimitotic Agents",
                "InterventionBrowseLeafRelevance":"low"
              }
            ]
          },
          "InterventionBrowseBranchList":{
            "InterventionBrowseBranch":[
              {
                "InterventionBrowseBranchAbbrev":"ANeo",
                "InterventionBrowseBranchName":"Antineoplastic Agents"
              },{
                "InterventionBrowseBranchAbbrev":"All",
                "InterventionBrowseBranchName":"All Drugs and Chemicals"
              }
            ]
          }
        }
      }
    }
  }
}

