{
  "FullStudy":{
    "Rank":368360,
    "Study":{
      "ProtocolSection":{
        "IdentificationModule":{
          "NCTId":"NCT00017628",
          "OrgStudyIdInfo":{
            "OrgStudyId":"199/14975"
          },
          "SecondaryIdInfoList":{
            "SecondaryIdInfo":[
              {
                "SecondaryId":"NU-95MS1"
              }
            ]
          },
          "Organization":{
            "OrgFullName":"Office of Rare Diseases (ORD)",
            "OrgClass":"NIH"
          },
          "BriefTitle":"Phase I Study of High-Dose Cyclophosphamide and Total Body Irradiation With T Lymphocyte-Depleted Autologous Peripheral Blood Stem Cell or Bone Marrow Rescue in Patients With Multiple Sclerosis"
        },
        "StatusModule":{
          "StatusVerifiedDate":"July 2004",
          "OverallStatus":"Completed",
          "ExpandedAccessInfo":{
            "HasExpandedAccess":"No"
          },
          "StartDateStruct":{
            "StartDate":"April 2001"
          },
          "StudyFirstSubmitDate":"June 6, 2001",
          "StudyFirstSubmitQCDate":"June 5, 2001",
          "StudyFirstPostDateStruct":{
            "StudyFirstPostDate":"June 6, 2001",
            "StudyFirstPostDateType":"Estimate"
          },
          "LastUpdateSubmitDate":"June 23, 2005",
          "LastUpdatePostDateStruct":{
            "LastUpdatePostDate":"June 24, 2005",
            "LastUpdatePostDateType":"Estimate"
          }
        },
        "SponsorCollaboratorsModule":{
          "LeadSponsor":{
            "LeadSponsorName":"Northwestern Memorial Hospital",
            "LeadSponsorClass":"OTHER"
          }
        },
        "DescriptionModule":{
          "BriefSummary":"OBJECTIVES:\n\nI. Determine the efficacy, in terms of disease progression, of high-dose cyclophosphamide and total body irradiation with T lymphocyte-depleted autologous peripheral blood stem cell or bone marrow rescue in patients with multiple sclerosis.",
          "DetailedDescription":"PROTOCOL OUTLINE: Following an induction course of cyclophosphamide IV, patients receive filgrastim (G-CSF) subcutaneously (SC) daily until the completion of peripheral blood stem cell (PBSC) harvesting. PBSCs are collected over several days. Patients who do not mobilize sufficient cells undergo bone marrow harvest. Harvested PBSCs or bone marrow then undergo T-lymphocyte depletion.\n\nPatients receive cyclophosphamide IV over 1 hour on days -6 and -5 and methylprednisolone IV daily on days -4 to -1. Patients also undergo total body irradiation twice a day on days -4 to -1. Lymphocyte-depleted PBSCs or bone marrow is reinfused on day 0. Patients receive G-CSF SC daily beginning on day 0 and continuing until blood counts have recovered for 3 days.\n\nPatients are followed at 1, 2, 3, 6, and 12 months and then annually for 5 years."
        },
        "ConditionsModule":{
          "ConditionList":{
            "Condition":[
              "Multiple Sclerosis"
            ]
          },
          "KeywordList":{
            "Keyword":[
              "multiple sclerosis",
              "neurologic and psychiatric disorders",
              "rare disease"
            ]
          }
        },
        "DesignModule":{
          "StudyType":"Interventional",
          "PhaseList":{
            "Phase":[
              "Phase 1"
            ]
          },
          "DesignInfo":{
            "DesignPrimaryPurpose":"Treatment"
          },
          "EnrollmentInfo":{
            "EnrollmentCount":"20"
          }
        },
        "ArmsInterventionsModule":{
          "InterventionList":{
            "Intervention":[
              {
                "InterventionType":"Drug",
                "InterventionName":"cyclophosphamide"
              },{
                "InterventionType":"Drug",
                "InterventionName":"filgrastim"
              },{
                "InterventionType":"Drug",
                "InterventionName":"methylprednisolone"
              },{
                "InterventionType":"Procedure",
                "InterventionName":"Autologous Stem Cell Transplantation"
              }
            ]
          }
        },
        "EligibilityModule":{
          "EligibilityCriteria":"PROTOCOL ENTRY CRITERIA:\n\n--Disease Characteristics--\n\nDiagnosis of multiple sclerosis Kurtzke score of 4.0-7.5 Increase of 1.0 point over the past 12 months More than 3 relapses in 24 months despite conventional disease modifying therapy Failure to stabilize active clinical progression with a 3-day regimen of methylprednisolone IV\n\n--Prior/Concurrent Therapy--\n\nChemotherapy: No prior cladribine\n\nRadiotherapy: No prior radiotherapy to greater than 10 cm2 of lung tissue No prior craniospinal irradiation No prior total lymphoid irradiation\n\n--Patient Characteristics--\n\nHematopoietic: Absolute neutrophil count at least 1,000/mm3 Platelet count at least 100,000/mm3 Hemoglobin at least 9.0 g/dL\n\nHepatic: Hepatitis B antigen negative Bilirubin no greater than 2.0 mg/dL Transaminases no greater than 2 times upper limit of normal\n\nRenal: Creatinine no greater than 2.0 mg/dL Cardiovascular: No history of coronary artery disease Resting LVEF at least 45%\n\nPulmonary: FEV1/FVC at least 75% predicted DLCO at least 50% predicted\n\nOther:\n\nNot pregnant\nNegative pregnancy test\nFertile patients must use effective contraception\nHIV negative\nNo uncontrolled diabetes mellitus\nNo other concurrent medical illness that would preclude study\nNo concurrent psychiatric illness or mental deficiency that would preclude study\nNo prior malignancy except localized basal cell or squamous cell skin cancer (malignancies judged to be cured by local surgical therapy such as head and neck cancer or stage I breast cancer, are considered on an individual basis)\nNo presence of body shrapnel, metal fragments, or unremovable devices such as a pacemaker or aneurysm clip",
          "HealthyVolunteers":"No",
          "Gender":"All",
          "MaximumAge":"59 Years",
          "StdAgeList":{
            "StdAge":[
              "Child",
              "Adult"
            ]
          }
        },
        "ContactsLocationsModule":{
          "OverallOfficialList":{
            "OverallOfficial":[
              {
                "OverallOfficialName":"Richard K. Burt",
                "OverallOfficialAffiliation":"Northwestern Memorial Hospital",
                "OverallOfficialRole":"Study Chair"
              }
            ]
          },
          "LocationList":{
            "Location":[
              {
                "LocationFacility":"Northwestern Memorial Hospital",
                "LocationCity":"Chicago",
                "LocationState":"Illinois",
                "LocationZip":"60611",
                "LocationCountry":"United States"
              },{
                "LocationFacility":"Rush-Presbyterian-St. Luke's Medical Center",
                "LocationCity":"Chicago",
                "LocationState":"Illinois",
                "LocationZip":"60612",
                "LocationCountry":"United States"
              }
            ]
          }
        }
      },
      "DerivedSection":{
        "MiscInfoModule":{
          "VersionHolder":"April 19, 2021"
        },
        "ConditionBrowseModule":{
          "ConditionMeshList":{
            "ConditionMesh":[
              {
                "ConditionMeshId":"D000009103",
                "ConditionMeshTerm":"Multiple Sclerosis"
              },{
                "ConditionMeshId":"D000012598",
                "ConditionMeshTerm":"Sclerosis"
              }
            ]
          },
          "ConditionAncestorList":{
            "ConditionAncestor":[
              {
                "ConditionAncestorId":"D000010335",
                "ConditionAncestorTerm":"Pathologic Processes"
              },{
                "ConditionAncestorId":"D000020278",
                "ConditionAncestorTerm":"Demyelinating Autoimmune Diseases, CNS"
              },{
                "ConditionAncestorId":"D000020274",
                "ConditionAncestorTerm":"Autoimmune Diseases of the Nervous System"
              },{
                "ConditionAncestorId":"D000009422",
                "ConditionAncestorTerm":"Nervous System Diseases"
              },{
                "ConditionAncestorId":"D000003711",
                "ConditionAncestorTerm":"Demyelinating Diseases"
              },{
                "ConditionAncestorId":"D000001327",
                "ConditionAncestorTerm":"Autoimmune Diseases"
              },{
                "ConditionAncestorId":"D000007154",
                "ConditionAncestorTerm":"Immune System Diseases"
              }
            ]
          },
          "ConditionBrowseLeafList":{
            "ConditionBrowseLeaf":[
              {
                "ConditionBrowseLeafId":"M13998",
                "ConditionBrowseLeafName":"Sclerosis",
                "ConditionBrowseLeafAsFound":"Sclerosis",
                "ConditionBrowseLeafRelevance":"high"
              },{
                "ConditionBrowseLeafId":"M10643",
                "ConditionBrowseLeafName":"Multiple Sclerosis",
                "ConditionBrowseLeafAsFound":"Multiple Sclerosis",
                "ConditionBrowseLeafRelevance":"high"
              },{
                "ConditionBrowseLeafId":"M85",
                "ConditionBrowseLeafName":"Problem Behavior",
                "ConditionBrowseLeafRelevance":"low"
              },{
                "ConditionBrowseLeafId":"M3396",
                "ConditionBrowseLeafName":"Mental Disorders",
                "ConditionBrowseLeafRelevance":"low"
              },{
                "ConditionBrowseLeafId":"M23105",
                "ConditionBrowseLeafName":"Rare Diseases",
                "ConditionBrowseLeafRelevance":"low"
              },{
                "ConditionBrowseLeafId":"M3210",
                "ConditionBrowseLeafName":"Autoimmune Diseases",
                "ConditionBrowseLeafRelevance":"low"
              },{
                "ConditionBrowseLeafId":"M20682",
                "ConditionBrowseLeafName":"Demyelinating Autoimmune Diseases, CNS",
                "ConditionBrowseLeafRelevance":"low"
              },{
                "ConditionBrowseLeafId":"M20678",
                "ConditionBrowseLeafName":"Autoimmune Diseases of the Nervous System",
                "ConditionBrowseLeafRelevance":"low"
              },{
                "ConditionBrowseLeafId":"M5492",
                "ConditionBrowseLeafName":"Demyelinating Diseases",
                "ConditionBrowseLeafRelevance":"low"
              },{
                "ConditionBrowseLeafId":"M8783",
                "ConditionBrowseLeafName":"Immune System Diseases",
                "ConditionBrowseLeafRelevance":"low"
              }
            ]
          },
          "ConditionBrowseBranchList":{
            "ConditionBrowseBranch":[
              {
                "ConditionBrowseBranchAbbrev":"BC23",
                "ConditionBrowseBranchName":"Symptoms and General Pathology"
              },{
                "ConditionBrowseBranchAbbrev":"All",
                "ConditionBrowseBranchName":"All Conditions"
              },{
                "ConditionBrowseBranchAbbrev":"BC10",
                "ConditionBrowseBranchName":"Nervous System Diseases"
              },{
                "ConditionBrowseBranchAbbrev":"BC20",
                "ConditionBrowseBranchName":"Immune System Diseases"
              },{
                "ConditionBrowseBranchAbbrev":"BXM",
                "ConditionBrowseBranchName":"Behaviors and Mental Disorders"
              }
            ]
          }
        },
        "InterventionBrowseModule":{
          "InterventionMeshList":{
            "InterventionMesh":[
              {
                "InterventionMeshId":"D000008775",
                "InterventionMeshTerm":"Methylprednisolone"
              },{
                "InterventionMeshId":"D000077555",
                "InterventionMeshTerm":"Methylprednisolone Acetate"
              },{
                "InterventionMeshId":"D000008776",
                "InterventionMeshTerm":"Methylprednisolone Hemisuccinate"
              },{
                "InterventionMeshId":"D000011239",
                "InterventionMeshTerm":"Prednisolone"
              },{
                "InterventionMeshId":"C000009935",
                "InterventionMeshTerm":"Prednisolone acetate"
              },{
                "InterventionMeshId":"D000003520",
                "InterventionMeshTerm":"Cyclophosphamide"
              },{
                "InterventionMeshId":"C000021322",
                "InterventionMeshTerm":"Prednisolone hemisuccinate"
              },{
                "InterventionMeshId":"C000009022",
                "InterventionMeshTerm":"Prednisolone phosphate"
              }
            ]
          },
          "InterventionAncestorList":{
            "InterventionAncestor":[
              {
                "InterventionAncestorId":"D000007166",
                "InterventionAncestorTerm":"Immunosuppressive Agents"
              },{
                "InterventionAncestorId":"D000007155",
                "InterventionAncestorTerm":"Immunologic Factors"
              },{
                "InterventionAncestorId":"D000045505",
                "InterventionAncestorTerm":"Physiological Effects of Drugs"
              },{
                "InterventionAncestorId":"D000018501",
                "InterventionAncestorTerm":"Antirheumatic Agents"
              },{
                "InterventionAncestorId":"D000018906",
                "InterventionAncestorTerm":"Antineoplastic Agents, Alkylating"
              },{
                "InterventionAncestorId":"D000000477",
                "InterventionAncestorTerm":"Alkylating Agents"
              },{
                "InterventionAncestorId":"D000045504",
                "InterventionAncestorTerm":"Molecular Mechanisms of Pharmacological Action"
              },{
                "InterventionAncestorId":"D000000970",
                "InterventionAncestorTerm":"Antineoplastic Agents"
              },{
                "InterventionAncestorId":"D000019653",
                "InterventionAncestorTerm":"Myeloablative Agonists"
              },{
                "InterventionAncestorId":"D000000893",
                "InterventionAncestorTerm":"Anti-Inflammatory Agents"
              },{
                "InterventionAncestorId":"D000000932",
                "InterventionAncestorTerm":"Antiemetics"
              },{
                "InterventionAncestorId":"D000001337",
                "InterventionAncestorTerm":"Autonomic Agents"
              },{
                "InterventionAncestorId":"D000018373",
                "InterventionAncestorTerm":"Peripheral Nervous System Agents"
              },{
                "InterventionAncestorId":"D000005765",
                "InterventionAncestorTerm":"Gastrointestinal Agents"
              },{
                "InterventionAncestorId":"D000005938",
                "InterventionAncestorTerm":"Glucocorticoids"
              },{
                "InterventionAncestorId":"D000006728",
                "InterventionAncestorTerm":"Hormones"
              },{
                "InterventionAncestorId":"D000006730",
                "InterventionAncestorTerm":"Hormones, Hormone Substitutes, and Hormone Antagonists"
              },{
                "InterventionAncestorId":"D000018696",
                "InterventionAncestorTerm":"Neuroprotective Agents"
              },{
                "InterventionAncestorId":"D000020011",
                "InterventionAncestorTerm":"Protective Agents"
              },{
                "InterventionAncestorId":"D000018931",
                "InterventionAncestorTerm":"Antineoplastic Agents, Hormonal"
              }
            ]
          },
          "InterventionBrowseLeafList":{
            "InterventionBrowseLeaf":[
              {
                "InterventionBrowseLeafId":"M5310",
                "InterventionBrowseLeafName":"Cyclophosphamide",
                "InterventionBrowseLeafAsFound":"Procedure",
                "InterventionBrowseLeafRelevance":"high"
              },{
                "InterventionBrowseLeafId":"M10332",
                "InterventionBrowseLeafName":"Methylprednisolone",
                "InterventionBrowseLeafAsFound":"Contact",
                "InterventionBrowseLeafRelevance":"high"
              },{
                "InterventionBrowseLeafId":"M1833",
                "InterventionBrowseLeafName":"Methylprednisolone Acetate",
                "InterventionBrowseLeafAsFound":"Contact",
                "InterventionBrowseLeafRelevance":"high"
              },{
                "InterventionBrowseLeafId":"M10333",
                "InterventionBrowseLeafName":"Methylprednisolone Hemisuccinate",
                "InterventionBrowseLeafAsFound":"Contact",
                "InterventionBrowseLeafRelevance":"high"
              },{
                "InterventionBrowseLeafId":"M12703",
                "InterventionBrowseLeafName":"Prednisolone",
                "InterventionBrowseLeafAsFound":"Contact",
                "InterventionBrowseLeafRelevance":"high"
              },{
                "InterventionBrowseLeafId":"M237203",
                "InterventionBrowseLeafName":"Prednisolone acetate",
                "InterventionBrowseLeafAsFound":"Contact",
                "InterventionBrowseLeafRelevance":"high"
              },{
                "InterventionBrowseLeafId":"M218859",
                "InterventionBrowseLeafName":"Prednisolone hemisuccinate",
                "InterventionBrowseLeafAsFound":"Contact",
                "InterventionBrowseLeafRelevance":"high"
              },{
                "InterventionBrowseLeafId":"M243004",
                "InterventionBrowseLeafName":"Prednisolone phosphate",
                "InterventionBrowseLeafAsFound":"Contact",
                "InterventionBrowseLeafRelevance":"high"
              },{
                "InterventionBrowseLeafId":"M1945",
                "InterventionBrowseLeafName":"Lenograstim",
                "InterventionBrowseLeafRelevance":"low"
              },{
                "InterventionBrowseLeafId":"M8795",
                "InterventionBrowseLeafName":"Immunosuppressive Agents",
                "InterventionBrowseLeafRelevance":"low"
              },{
                "InterventionBrowseLeafId":"M8784",
                "InterventionBrowseLeafName":"Immunologic Factors",
                "InterventionBrowseLeafRelevance":"low"
              },{
                "InterventionBrowseLeafId":"M19188",
                "InterventionBrowseLeafName":"Antirheumatic Agents",
                "InterventionBrowseLeafRelevance":"low"
              },{
                "InterventionBrowseLeafId":"M2401",
                "InterventionBrowseLeafName":"Alkylating Agents",
                "InterventionBrowseLeafRelevance":"low"
              },{
                "InterventionBrowseLeafId":"M2798",
                "InterventionBrowseLeafName":"Anti-Inflammatory Agents",
                "InterventionBrowseLeafRelevance":"low"
              },{
                "InterventionBrowseLeafId":"M2832",
                "InterventionBrowseLeafName":"Antiemetics",
                "InterventionBrowseLeafRelevance":"low"
              },{
                "InterventionBrowseLeafId":"M7464",
                "InterventionBrowseLeafName":"Gastrointestinal Agents",
                "InterventionBrowseLeafRelevance":"low"
              },{
                "InterventionBrowseLeafId":"M7630",
                "InterventionBrowseLeafName":"Glucocorticoids",
                "InterventionBrowseLeafRelevance":"low"
              },{
                "InterventionBrowseLeafId":"M8372",
                "InterventionBrowseLeafName":"Hormones",
                "InterventionBrowseLeafRelevance":"low"
              },{
                "InterventionBrowseLeafId":"M8371",
                "InterventionBrowseLeafName":"Hormone Antagonists",
                "InterventionBrowseLeafRelevance":"low"
              },{
                "InterventionBrowseLeafId":"M19357",
                "InterventionBrowseLeafName":"Neuroprotective Agents",
                "InterventionBrowseLeafRelevance":"low"
              },{
                "InterventionBrowseLeafId":"M20453",
                "InterventionBrowseLeafName":"Protective Agents",
                "InterventionBrowseLeafRelevance":"low"
              },{
                "InterventionBrowseLeafId":"M19550",
                "InterventionBrowseLeafName":"Antineoplastic Agents, Hormonal",
                "InterventionBrowseLeafRelevance":"low"
              }
            ]
          },
          "InterventionBrowseBranchList":{
            "InterventionBrowseBranch":[
              {
                "InterventionBrowseBranchAbbrev":"ANeo",
                "InterventionBrowseBranchName":"Antineoplastic Agents"
              },{
                "InterventionBrowseBranchAbbrev":"ARhu",
                "InterventionBrowseBranchName":"Antirheumatic Agents"
              },{
                "InterventionBrowseBranchAbbrev":"All",
                "InterventionBrowseBranchName":"All Drugs and Chemicals"
              },{
                "InterventionBrowseBranchAbbrev":"Infl",
                "InterventionBrowseBranchName":"Anti-Inflammatory Agents"
              },{
                "InterventionBrowseBranchAbbrev":"AnEm",
                "InterventionBrowseBranchName":"Antiemetics"
              },{
                "InterventionBrowseBranchAbbrev":"NeuroAg",
                "InterventionBrowseBranchName":"Neuroprotective Agents"
              },{
                "InterventionBrowseBranchAbbrev":"Gast",
                "InterventionBrowseBranchName":"Gastrointestinal Agents"
              }
            ]
          }
        }
      }
    }
  }
}

