{
  "FullStudy":{
    "Rank":368374,
    "Study":{
      "ProtocolSection":{
        "IdentificationModule":{
          "NCTId":"NCT00017433",
          "OrgStudyIdInfo":{
            "OrgStudyId":"CTI-1057"
          },
          "SecondaryIdInfoList":{
            "SecondaryIdInfo":[
              {
                "SecondaryId":"CDR0000068688",
                "SecondaryIdType":"Registry Identifier",
                "SecondaryIdDomain":"PDQ (Physician Data Query)"
              }
            ]
          },
          "Organization":{
            "OrgFullName":"CTI BioPharma",
            "OrgClass":"INDUSTRY"
          },
          "BriefTitle":"Arsenic Trioxide in Treating Patients With Multiple Myeloma",
          "OfficialTitle":"Phase II Study of Arsenic Trioxide in Patients With Multiple Myeloma"
        },
        "StatusModule":{
          "StatusVerifiedDate":"October 2020",
          "OverallStatus":"Terminated",
          "ExpandedAccessInfo":{
            "HasExpandedAccess":"No"
          },
          "StartDateStruct":{
            "StartDate":"January 2001",
            "StartDateType":"Actual"
          },
          "PrimaryCompletionDateStruct":{
            "PrimaryCompletionDate":"January 2005",
            "PrimaryCompletionDateType":"Actual"
          },
          "CompletionDateStruct":{
            "CompletionDate":"January 2005",
            "CompletionDateType":"Actual"
          },
          "StudyFirstSubmitDate":"June 6, 2001",
          "StudyFirstSubmitQCDate":"January 7, 2004",
          "StudyFirstPostDateStruct":{
            "StudyFirstPostDate":"January 8, 2004",
            "StudyFirstPostDateType":"Estimate"
          },
          "LastUpdateSubmitDate":"October 2, 2020",
          "LastUpdatePostDateStruct":{
            "LastUpdatePostDate":"October 6, 2020",
            "LastUpdatePostDateType":"Actual"
          }
        },
        "SponsorCollaboratorsModule":{
          "LeadSponsor":{
            "LeadSponsorName":"CTI BioPharma",
            "LeadSponsorClass":"INDUSTRY"
          }
        },
        "OversightModule":{},
        "DescriptionModule":{
          "BriefSummary":"RATIONALE: Drugs used in chemotherapy use different ways to stop cancer cells from dividing so they stop growing or die.\n\nPURPOSE: Phase II trial to study the effectiveness of arsenic trioxide in treating patients who have relapsed or refractory stage II or stage III multiple myeloma.",
          "DetailedDescription":"OBJECTIVES: I. Determine the response rate of patients with relapsed or refractory stage II or III multiple myeloma treated with arsenic trioxide. II. Determine the overall and relapse-free survival rates of patients treated with this drug. III. Determine the safety profile of this drug in these patients.\n\nOUTLINE: Patients receive arsenic trioxide IV on days 1-5 and 8-12. Treatment repeats every 4 weeks for up to 6 courses. Patients are followed at 4 weeks after the last treatment dose.\n\nPROJECTED ACCRUAL: A total of 55 patients will be accrued for this study."
        },
        "ConditionsModule":{
          "ConditionList":{
            "Condition":[
              "Multiple Myeloma and Plasma Cell Neoplasm"
            ]
          },
          "KeywordList":{
            "Keyword":[
              "refractory multiple myeloma",
              "stage II multiple myeloma",
              "stage III multiple myeloma"
            ]
          }
        },
        "DesignModule":{
          "StudyType":"Interventional",
          "PhaseList":{
            "Phase":[
              "Phase 2"
            ]
          },
          "DesignInfo":{
            "DesignPrimaryPurpose":"Treatment"
          }
        },
        "ArmsInterventionsModule":{
          "InterventionList":{
            "Intervention":[
              {
                "InterventionType":"Drug",
                "InterventionName":"arsenic trioxide"
              }
            ]
          }
        },
        "EligibilityModule":{
          "EligibilityCriteria":"DISEASE CHARACTERISTICS: Diagnosis of multiple myeloma Stage II or III (Durie-Salmon) Relapsed or refractory to conventional therapy No monoclonal gammopathy or indolent or smoldering myeloma Measurable disease by serum and urine M protein and/or plasmacytoma\n\nPATIENT CHARACTERISTICS: Age: Over 18 Performance status: Karnofsky 70-100% Life expectancy: 3 months Hematopoietic: Granulocyte count greater than 1,200/mm3 Platelet count greater than 100,000/mm3 Hemoglobin greater than 10 g/dL Hepatic: Bilirubin less than 2 times upper limit of normal (ULN) SGOT/SGPT less than 2 times ULN Renal: Creatinine no greater than 2.5 mg/dL Cardiovascular: Absolute QT interval less than 460 msec in the presence of normal potassium and magnesium levels\n\nPRIOR CONCURRENT THERAPY: Biologic therapy: At least 28 days since prior biologic therapy Chemotherapy: No more than 3 prior chemotherapy regimens, including no more than 2 cytotoxic regimens AND 1 high-dose cytotoxic regimen as part of stem cell transplantation Endocrine therapy: At least 28 days since prior endocrine therapy Radiotherapy: At least 28 days since prior radiotherapy (except for focal radiotherapy for symptom control) Surgery: Not specified",
          "HealthyVolunteers":"No",
          "Gender":"All",
          "MinimumAge":"18 Years",
          "MaximumAge":"120 Years",
          "StdAgeList":{
            "StdAge":[
              "Adult",
              "Older Adult"
            ]
          }
        },
        "ContactsLocationsModule":{
          "OverallOfficialList":{
            "OverallOfficial":[
              {
                "OverallOfficialName":"Carolyn Paradise, MD",
                "OverallOfficialAffiliation":"CTI BioPharma",
                "OverallOfficialRole":"Study Chair"
              }
            ]
          },
          "LocationList":{
            "Location":[
              {
                "LocationFacility":"Scripps Clinic",
                "LocationCity":"La Jolla",
                "LocationState":"California",
                "LocationZip":"92037",
                "LocationCountry":"United States"
              },{
                "LocationFacility":"Rocky Mountain Cancer Center",
                "LocationCity":"Denver",
                "LocationState":"Colorado",
                "LocationZip":"80218",
                "LocationCountry":"United States"
              },{
                "LocationFacility":"Georgia Cancer Specialist",
                "LocationCity":"Marietta",
                "LocationState":"Georgia",
                "LocationZip":"30060",
                "LocationCountry":"United States"
              },{
                "LocationFacility":"University of Illinois at Chicago",
                "LocationCity":"Chicago",
                "LocationState":"Illinois",
                "LocationZip":"60612",
                "LocationCountry":"United States"
              },{
                "LocationFacility":"Cleveland Clinic Taussig Cancer Center",
                "LocationCity":"Cleveland",
                "LocationState":"Ohio",
                "LocationZip":"44195",
                "LocationCountry":"United States"
              },{
                "LocationFacility":"Swedish Cancer Institute",
                "LocationCity":"Seattle",
                "LocationState":"Washington",
                "LocationZip":"98104",
                "LocationCountry":"United States"
              }
            ]
          }
        }
      },
      "DerivedSection":{
        "MiscInfoModule":{
          "VersionHolder":"April 19, 2021"
        },
        "ConditionBrowseModule":{
          "ConditionMeshList":{
            "ConditionMesh":[
              {
                "ConditionMeshId":"D000009101",
                "ConditionMeshTerm":"Multiple Myeloma"
              },{
                "ConditionMeshId":"D000054219",
                "ConditionMeshTerm":"Neoplasms, Plasma Cell"
              },{
                "ConditionMeshId":"D000010954",
                "ConditionMeshTerm":"Plasmacytoma"
              }
            ]
          },
          "ConditionAncestorList":{
            "ConditionAncestor":[
              {
                "ConditionAncestorId":"D000009370",
                "ConditionAncestorTerm":"Neoplasms by Histologic Type"
              },{
                "ConditionAncestorId":"D000009369",
                "ConditionAncestorTerm":"Neoplasms"
              },{
                "ConditionAncestorId":"D000020141",
                "ConditionAncestorTerm":"Hemostatic Disorders"
              },{
                "ConditionAncestorId":"D000014652",
                "ConditionAncestorTerm":"Vascular Diseases"
              },{
                "ConditionAncestorId":"D000002318",
                "ConditionAncestorTerm":"Cardiovascular Diseases"
              },{
                "ConditionAncestorId":"D000010265",
                "ConditionAncestorTerm":"Paraproteinemias"
              },{
                "ConditionAncestorId":"D000001796",
                "ConditionAncestorTerm":"Blood Protein Disorders"
              },{
                "ConditionAncestorId":"D000006402",
                "ConditionAncestorTerm":"Hematologic Diseases"
              },{
                "ConditionAncestorId":"D000006474",
                "ConditionAncestorTerm":"Hemorrhagic Disorders"
              },{
                "ConditionAncestorId":"D000008232",
                "ConditionAncestorTerm":"Lymphoproliferative Disorders"
              },{
                "ConditionAncestorId":"D000007160",
                "ConditionAncestorTerm":"Immunoproliferative Disorders"
              },{
                "ConditionAncestorId":"D000007154",
                "ConditionAncestorTerm":"Immune System Diseases"
              }
            ]
          },
          "ConditionBrowseLeafList":{
            "ConditionBrowseLeaf":[
              {
                "ConditionBrowseLeafId":"M10641",
                "ConditionBrowseLeafName":"Multiple Myeloma",
                "ConditionBrowseLeafAsFound":"Multiple Myeloma",
                "ConditionBrowseLeafRelevance":"high"
              },{
                "ConditionBrowseLeafId":"M26175",
                "ConditionBrowseLeafName":"Neoplasms, Plasma Cell",
                "ConditionBrowseLeafAsFound":"Multiple Myeloma",
                "ConditionBrowseLeafRelevance":"high"
              },{
                "ConditionBrowseLeafId":"M12427",
                "ConditionBrowseLeafName":"Plasmacytoma",
                "ConditionBrowseLeafAsFound":"Plasma Cell Neoplasm",
                "ConditionBrowseLeafRelevance":"high"
              },{
                "ConditionBrowseLeafId":"M10898",
                "ConditionBrowseLeafName":"Neoplasms by Histologic Type",
                "ConditionBrowseLeafRelevance":"low"
              },{
                "ConditionBrowseLeafId":"M20561",
                "ConditionBrowseLeafName":"Hemostatic Disorders",
                "ConditionBrowseLeafRelevance":"low"
              },{
                "ConditionBrowseLeafId":"M3641",
                "ConditionBrowseLeafName":"Blood Coagulation Disorders",
                "ConditionBrowseLeafRelevance":"low"
              },{
                "ConditionBrowseLeafId":"M15983",
                "ConditionBrowseLeafName":"Vascular Diseases",
                "ConditionBrowseLeafRelevance":"low"
              },{
                "ConditionBrowseLeafId":"M11761",
                "ConditionBrowseLeafName":"Paraproteinemias",
                "ConditionBrowseLeafRelevance":"low"
              },{
                "ConditionBrowseLeafId":"M3659",
                "ConditionBrowseLeafName":"Blood Protein Disorders",
                "ConditionBrowseLeafRelevance":"low"
              },{
                "ConditionBrowseLeafId":"M8073",
                "ConditionBrowseLeafName":"Hematologic Diseases",
                "ConditionBrowseLeafRelevance":"low"
              },{
                "ConditionBrowseLeafId":"M8143",
                "ConditionBrowseLeafName":"Hemorrhagic Disorders",
                "ConditionBrowseLeafRelevance":"low"
              },{
                "ConditionBrowseLeafId":"M9808",
                "ConditionBrowseLeafName":"Lymphoproliferative Disorders",
                "ConditionBrowseLeafRelevance":"low"
              },{
                "ConditionBrowseLeafId":"M8789",
                "ConditionBrowseLeafName":"Immunoproliferative Disorders",
                "ConditionBrowseLeafRelevance":"low"
              },{
                "ConditionBrowseLeafId":"M8783",
                "ConditionBrowseLeafName":"Immune System Diseases",
                "ConditionBrowseLeafRelevance":"low"
              },{
                "ConditionBrowseLeafId":"T3947",
                "ConditionBrowseLeafName":"Multiple Myeloma",
                "ConditionBrowseLeafAsFound":"Multiple Myeloma",
                "ConditionBrowseLeafRelevance":"high"
              },{
                "ConditionBrowseLeafId":"T4587",
                "ConditionBrowseLeafName":"Plasmacytoma",
                "ConditionBrowseLeafAsFound":"Plasma Cell Neoplasm",
                "ConditionBrowseLeafRelevance":"high"
              }
            ]
          },
          "ConditionBrowseBranchList":{
            "ConditionBrowseBranch":[
              {
                "ConditionBrowseBranchAbbrev":"BC04",
                "ConditionBrowseBranchName":"Cancers and Other Neoplasms"
              },{
                "ConditionBrowseBranchAbbrev":"BC14",
                "ConditionBrowseBranchName":"Heart and Blood Diseases"
              },{
                "ConditionBrowseBranchAbbrev":"BC15",
                "ConditionBrowseBranchName":"Blood and Lymph Conditions"
              },{
                "ConditionBrowseBranchAbbrev":"BC20",
                "ConditionBrowseBranchName":"Immune System Diseases"
              },{
                "ConditionBrowseBranchAbbrev":"All",
                "ConditionBrowseBranchName":"All Conditions"
              },{
                "ConditionBrowseBranchAbbrev":"Rare",
                "ConditionBrowseBranchName":"Rare Diseases"
              }
            ]
          }
        },
        "InterventionBrowseModule":{
          "InterventionMeshList":{
            "InterventionMesh":[
              {
                "InterventionMeshId":"D000077237",
                "InterventionMeshTerm":"Arsenic Trioxide"
              }
            ]
          },
          "InterventionAncestorList":{
            "InterventionAncestor":[
              {
                "InterventionAncestorId":"D000000970",
                "InterventionAncestorTerm":"Antineoplastic Agents"
              }
            ]
          },
          "InterventionBrowseLeafList":{
            "InterventionBrowseLeaf":[
              {
                "InterventionBrowseLeafId":"M1712",
                "InterventionBrowseLeafName":"Arsenic Trioxide",
                "InterventionBrowseLeafAsFound":"Stress Disorder",
                "InterventionBrowseLeafRelevance":"high"
              }
            ]
          },
          "InterventionBrowseBranchList":{
            "InterventionBrowseBranch":[
              {
                "InterventionBrowseBranchAbbrev":"ANeo",
                "InterventionBrowseBranchName":"Antineoplastic Agents"
              },{
                "InterventionBrowseBranchAbbrev":"All",
                "InterventionBrowseBranchName":"All Drugs and Chemicals"
              }
            ]
          }
        }
      }
    }
  }
}

