{
  "FullStudy":{
    "Rank":368582,
    "Study":{
      "ProtocolSection":{
        "IdentificationModule":{
          "NCTId":"NCT00014235",
          "OrgStudyIdInfo":{
            "OrgStudyId":"1596.00"
          },
          "SecondaryIdInfoList":{
            "SecondaryIdInfo":[
              {
                "SecondaryId":"NCI-2012-00671",
                "SecondaryIdType":"Registry Identifier",
                "SecondaryIdDomain":"CTRP (Clinical Trial Reporting Program)"
              },{
                "SecondaryId":"1596.00",
                "SecondaryIdType":"Other Identifier",
                "SecondaryIdDomain":"Fred Hutchinson Cancer Research Center/University of Washington Cancer Consortium"
              },{
                "SecondaryId":"P30CA015704",
                "SecondaryIdType":"U.S. NIH Grant/Contract",
                "SecondaryIdLink":"https://projectreporter.nih.gov/reporterapi.cfm?PROJECTNUM=P30CA015704&Fy=all"
              }
            ]
          },
          "Organization":{
            "OrgFullName":"Fred Hutchinson Cancer Research Center",
            "OrgClass":"OTHER"
          },
          "BriefTitle":"Fludarabine Phosphate and Total-Body Radiation Followed by Donor Peripheral Blood Stem Cell Transplant and Immunosuppression in Treating Patients With Hematologic Malignancies",
          "OfficialTitle":"Nonmyeloablative PBSC Allografting From HLA Matched Related Donors Using Fludarabine and/or Low Dose TBI With Disease-Risk Based Immunosuppression"
        },
        "StatusModule":{
          "StatusVerifiedDate":"January 2020",
          "OverallStatus":"Completed",
          "ExpandedAccessInfo":{
            "HasExpandedAccess":"No"
          },
          "StartDateStruct":{
            "StartDate":"December 2000"
          },
          "PrimaryCompletionDateStruct":{
            "PrimaryCompletionDate":"February 2005",
            "PrimaryCompletionDateType":"Actual"
          },
          "StudyFirstSubmitDate":"April 10, 2001",
          "StudyFirstSubmitQCDate":"January 26, 2003",
          "StudyFirstPostDateStruct":{
            "StudyFirstPostDate":"January 27, 2003",
            "StudyFirstPostDateType":"Estimate"
          },
          "LastUpdateSubmitDate":"January 17, 2020",
          "LastUpdatePostDateStruct":{
            "LastUpdatePostDate":"January 21, 2020",
            "LastUpdatePostDateType":"Actual"
          }
        },
        "SponsorCollaboratorsModule":{
          "ResponsibleParty":{
            "ResponsiblePartyType":"Sponsor"
          },
          "LeadSponsor":{
            "LeadSponsorName":"Fred Hutchinson Cancer Research Center",
            "LeadSponsorClass":"OTHER"
          },
          "CollaboratorList":{
            "Collaborator":[
              {
                "CollaboratorName":"National Heart, Lung, and Blood Institute (NHLBI)",
                "CollaboratorClass":"NIH"
              },{
                "CollaboratorName":"National Cancer Institute (NCI)",
                "CollaboratorClass":"NIH"
              }
            ]
          }
        },
        "OversightModule":{},
        "DescriptionModule":{
          "BriefSummary":"This clinical trial studies fludarabine phosphate and total-body radiation followed by donor peripheral blood stem cell transplant and immunosuppression in treating patients with hematologic malignancies. Giving chemotherapy and total-body irradiation before a donor peripheral blood stem cell transplant helps stop the growth of cancer cells. It may also stop the patient's immune system from rejecting the donor's stem cells. When the healthy stem cells from a donor are infused into the patient they may help the patient's bone marrow make stem cells, red blood cells, white blood cells, and platelets. Sometimes the transplanted cells from a donor can make an immune response against the body's normal cells. Giving total-body irradiation together with fludarabine phosphate, cyclosporine, and mycophenolate mofetil before transplant may stop this from happening.",
          "DetailedDescription":"PRIMARY OBJECTIVES:\n\nI. To estimate the rate of grade III/IV graft-versus-host disease (GVHD) in patients treated with low-dose total body irradiation (TBI), fludarabine (fludarabine phosphate), PBSC infusion and immunosuppression with mycophenolate mofetil and a disease risk-based cyclosporine taper.\n\nII. To estimate the risk of graft rejection, GVHD, disease response, non-relapse mortality and the incidence and severity of infectious complications using this treatment strategy.\n\nOUTLINE: Patients are assigned to 1 of 2 treatment groups.\n\nARM I (indolent disease):\n\nCONDITIONING REGIMEN: Patients receive fludarabine phosphate intravenously (IV) on days -4 to -2 and undergo TBI on day 0.\n\nTRANSPLANTATION: Patients undergo donor peripheral blood stem cell transplantation (PBSCT) on day 0.\n\nIMMUNOSUPPRESSION: Patients receive cyclosporine orally (PO) twice daily (BID) or IV every 8-12 hours on days -3 to 56 with a taper to day 180 and mycophenolate mofetil PO BID or IV every 8-12 hours on days 0 to 27.\n\nARM II (aggressive disease):\n\nCONDITIONING REGIMEN: Patients receive fludarabine phosphate and undergo TBI as in Arm I.\n\nTRANSPLANTATION: Patients undergo donor PBSCT on day 0.\n\nIMMUNOSUPPRESSION: Patients receive cyclosporine PO BID or IV every 8-12 hours on days -3 to 56 with a taper to day 70 and mycophenolate mofetil as in Arm I.\n\nAfter completion of study treatment, patients are followed up for 5 years."
        },
        "ConditionsModule":{
          "ConditionList":{
            "Condition":[
              "Acute Myeloid Leukemia/Transient Myeloproliferative Disorder",
              "Acute Undifferentiated Leukemia",
              "Adult Acute Lymphoblastic Leukemia in Remission",
              "Adult Acute Myeloid Leukemia in Remission",
              "Adult Acute Myeloid Leukemia With 11q23 (MLL) Abnormalities",
              "Adult Acute Myeloid Leukemia With Del(5q)",
              "Adult Acute Myeloid Leukemia With Inv(16)(p13;q22)",
              "Adult Acute Myeloid Leukemia With t(15;17)(q22;q12)",
              "Adult Acute Myeloid Leukemia With t(16;16)(p13;q22)",
              "Adult Acute Myeloid Leukemia With t(8;21)(q22;q22)",
              "Adult Nasal Type Extranodal NK/T-cell Lymphoma",
              "Anaplastic Large Cell Lymphoma",
              "Angioimmunoblastic T-cell Lymphoma",
              "Blastic Plasmacytoid Dendritic Cell Neoplasm",
              "Childhood Acute Lymphoblastic Leukemia in Remission",
              "Childhood Acute Myeloid Leukemia in Remission",
              "Childhood Burkitt Lymphoma",
              "Childhood Diffuse Large Cell Lymphoma",
              "Childhood Immunoblastic Large Cell Lymphoma",
              "Childhood Myelodysplastic Syndromes",
              "Childhood Nasal Type Extranodal NK/T-cell Lymphoma",
              "Chronic Myelomonocytic Leukemia",
              "Cutaneous B-cell Non-Hodgkin Lymphoma",
              "de Novo Myelodysplastic Syndromes",
              "Extranodal Marginal Zone B-cell Lymphoma of Mucosa-associated Lymphoid Tissue",
              "Hepatosplenic T-cell Lymphoma",
              "Intraocular Lymphoma",
              "Juvenile Myelomonocytic Leukemia",
              "Mast Cell Leukemia",
              "Myelodysplastic/Myeloproliferative Neoplasm, Unclassifiable",
              "Nodal Marginal Zone B-cell Lymphoma",
              "Noncutaneous Extranodal Lymphoma",
              "Peripheral T-cell Lymphoma",
              "Post-transplant Lymphoproliferative Disorder",
              "Previously Treated Myelodysplastic Syndromes",
              "Primary Systemic Amyloidosis",
              "Recurrent Adult Acute Lymphoblastic Leukemia",
              "Recurrent Adult Acute Myeloid Leukemia",
              "Recurrent Adult Burkitt Lymphoma",
              "Recurrent Adult Diffuse Large Cell Lymphoma",
              "Recurrent Adult Diffuse Mixed Cell Lymphoma",
              "Recurrent Adult Diffuse Small Cleaved Cell Lymphoma",
              "Recurrent Adult Grade III Lymphomatoid Granulomatosis",
              "Recurrent Adult Hodgkin Lymphoma",
              "Recurrent Adult Immunoblastic Large Cell Lymphoma",
              "Recurrent Adult Lymphoblastic Lymphoma",
              "Recurrent Adult T-cell Leukemia/Lymphoma",
              "Recurrent Childhood Acute Lymphoblastic Leukemia",
              "Recurrent Childhood Acute Myeloid Leukemia",
              "Recurrent Childhood Anaplastic Large Cell Lymphoma",
              "Recurrent Childhood Grade III Lymphomatoid Granulomatosis",
              "Recurrent Childhood Large Cell Lymphoma",
              "Recurrent Childhood Lymphoblastic Lymphoma",
              "Recurrent Childhood Small Noncleaved Cell Lymphoma",
              "Recurrent Cutaneous T-cell Non-Hodgkin Lymphoma",
              "Recurrent Grade 1 Follicular Lymphoma",
              "Recurrent Grade 2 Follicular Lymphoma",
              "Recurrent Grade 3 Follicular Lymphoma",
              "Recurrent Mantle Cell Lymphoma",
              "Recurrent Marginal Zone Lymphoma",
              "Recurrent Mycosis Fungoides/Sezary Syndrome",
              "Recurrent Small Lymphocytic Lymphoma",
              "Recurrent/Refractory Childhood Hodgkin Lymphoma",
              "Refractory Chronic Lymphocytic Leukemia",
              "Refractory Hairy Cell Leukemia",
              "Refractory Multiple Myeloma",
              "Small Intestine Lymphoma",
              "Splenic Marginal Zone Lymphoma",
              "Stage II Multiple Myeloma",
              "Stage III Multiple Myeloma",
              "T-cell Large Granular Lymphocyte Leukemia",
              "Testicular Lymphoma",
              "Untreated Adult Acute Lymphoblastic Leukemia",
              "Untreated Adult Acute Myeloid Leukemia",
              "Untreated Childhood Acute Lymphoblastic Leukemia",
              "Untreated Childhood Acute Myeloid Leukemia and Other Myeloid Malignancies",
              "Waldenström Macroglobulinemia"
            ]
          }
        },
        "DesignModule":{
          "StudyType":"Interventional",
          "PhaseList":{
            "Phase":[
              "Not Applicable"
            ]
          },
          "DesignInfo":{
            "DesignAllocation":"Non-Randomized",
            "DesignInterventionModel":"Parallel Assignment",
            "DesignPrimaryPurpose":"Treatment",
            "DesignMaskingInfo":{
              "DesignMasking":"None (Open Label)"
            }
          },
          "EnrollmentInfo":{
            "EnrollmentCount":"160",
            "EnrollmentType":"Anticipated"
          }
        },
        "ArmsInterventionsModule":{
          "ArmGroupList":{
            "ArmGroup":[
              {
                "ArmGroupLabel":"Arm I (indolent disease)",
                "ArmGroupType":"Experimental",
                "ArmGroupDescription":"CONDITIONING REGIMEN: Patients receive fludarabine phosphate IV on days -4 to -2 and undergo TBI on day 0.\n\nTRANSPLANTATION: Patients undergo donor PBSCT on day 0.\n\nIMMUNOSUPPRESSION: Patients receive cyclosporine PO BID or IV every 8-12 hours on days -3 to 56 with a taper to day 180 and mycophenolate mofetil PO BID or IV every 8-12 hours on days 0 to 27.",
                "ArmGroupInterventionList":{
                  "ArmGroupInterventionName":[
                    "Drug: fludarabine phosphate",
                    "Radiation: total-body irradiation",
                    "Procedure: peripheral blood stem cell transplantation",
                    "Procedure: allogeneic hematopoietic stem cell transplantation",
                    "Drug: cyclosporine",
                    "Drug: mycophenolate mofetil",
                    "Other: laboratory biomarker analysis"
                  ]
                }
              },{
                "ArmGroupLabel":"Arm II (aggressive disease)",
                "ArmGroupType":"Experimental",
                "ArmGroupDescription":"CONDITIONING REGIMEN: Patients receive fludarabine phosphate and undergo TBI as in Arm I.\n\nTRANSPLANTATION: Patients undergo donor PBSCT on day 0.\n\nIMMUNOSUPPRESSION: Patients receive cyclosporine PO BID or IV every 8-12 hours on days -3 to 56 with a taper to day 70 and mycophenolate mofetil as in Arm I.",
                "ArmGroupInterventionList":{
                  "ArmGroupInterventionName":[
                    "Drug: fludarabine phosphate",
                    "Radiation: total-body irradiation",
                    "Procedure: peripheral blood stem cell transplantation",
                    "Procedure: allogeneic hematopoietic stem cell transplantation",
                    "Drug: cyclosporine",
                    "Drug: mycophenolate mofetil",
                    "Other: laboratory biomarker analysis"
                  ]
                }
              }
            ]
          },
          "InterventionList":{
            "Intervention":[
              {
                "InterventionType":"Drug",
                "InterventionName":"fludarabine phosphate",
                "InterventionDescription":"Given IV",
                "InterventionArmGroupLabelList":{
                  "InterventionArmGroupLabel":[
                    "Arm I (indolent disease)",
                    "Arm II (aggressive disease)"
                  ]
                },
                "InterventionOtherNameList":{
                  "InterventionOtherName":[
                    "2-F-ara-AMP",
                    "Beneflur",
                    "Fludara"
                  ]
                }
              },{
                "InterventionType":"Radiation",
                "InterventionName":"total-body irradiation",
                "InterventionDescription":"Undergo TBI",
                "InterventionArmGroupLabelList":{
                  "InterventionArmGroupLabel":[
                    "Arm I (indolent disease)",
                    "Arm II (aggressive disease)"
                  ]
                },
                "InterventionOtherNameList":{
                  "InterventionOtherName":[
                    "TBI"
                  ]
                }
              },{
                "InterventionType":"Procedure",
                "InterventionName":"peripheral blood stem cell transplantation",
                "InterventionDescription":"Undergo PBSCT",
                "InterventionArmGroupLabelList":{
                  "InterventionArmGroupLabel":[
                    "Arm I (indolent disease)",
                    "Arm II (aggressive disease)"
                  ]
                },
                "InterventionOtherNameList":{
                  "InterventionOtherName":[
                    "PBPC transplantation",
                    "PBSC transplantation",
                    "peripheral blood progenitor cell transplantation",
                    "transplantation, peripheral blood stem cell"
                  ]
                }
              },{
                "InterventionType":"Procedure",
                "InterventionName":"allogeneic hematopoietic stem cell transplantation",
                "InterventionDescription":"Undergo PBSCT",
                "InterventionArmGroupLabelList":{
                  "InterventionArmGroupLabel":[
                    "Arm I (indolent disease)",
                    "Arm II (aggressive disease)"
                  ]
                }
              },{
                "InterventionType":"Drug",
                "InterventionName":"cyclosporine",
                "InterventionDescription":"Given PO or IV",
                "InterventionArmGroupLabelList":{
                  "InterventionArmGroupLabel":[
                    "Arm I (indolent disease)",
                    "Arm II (aggressive disease)"
                  ]
                },
                "InterventionOtherNameList":{
                  "InterventionOtherName":[
                    "ciclosporin",
                    "cyclosporin",
                    "cyclosporin A",
                    "CYSP",
                    "Sandimmune"
                  ]
                }
              },{
                "InterventionType":"Drug",
                "InterventionName":"mycophenolate mofetil",
                "InterventionDescription":"Given IV or PO",
                "InterventionArmGroupLabelList":{
                  "InterventionArmGroupLabel":[
                    "Arm I (indolent disease)",
                    "Arm II (aggressive disease)"
                  ]
                },
                "InterventionOtherNameList":{
                  "InterventionOtherName":[
                    "Cellcept",
                    "MMF"
                  ]
                }
              },{
                "InterventionType":"Other",
                "InterventionName":"laboratory biomarker analysis",
                "InterventionDescription":"Correlative studies",
                "InterventionArmGroupLabelList":{
                  "InterventionArmGroupLabel":[
                    "Arm I (indolent disease)",
                    "Arm II (aggressive disease)"
                  ]
                }
              }
            ]
          }
        },
        "OutcomesModule":{
          "PrimaryOutcomeList":{
            "PrimaryOutcome":[
              {
                "PrimaryOutcomeMeasure":"Probability of severe (grade III/IV) GVHD in each arm",
                "PrimaryOutcomeDescription":"95% confidence interval will be calculated.",
                "PrimaryOutcomeTimeFrame":"Up to day 84"
              },{
                "PrimaryOutcomeMeasure":"Probability of severe (grade III/IV) GVHD in each arm",
                "PrimaryOutcomeDescription":"95% confidence intervals will be calculated.",
                "PrimaryOutcomeTimeFrame":"Up to 5 years"
              }
            ]
          },
          "SecondaryOutcomeList":{
            "SecondaryOutcome":[
              {
                "SecondaryOutcomeMeasure":"Incidence of graft rejection",
                "SecondaryOutcomeDescription":"Chimerism analysis by fluorescent in situ hybridization (FISH) or variable number tandem repeat (VNTR). Examined and reported in a descriptive manner. Confidence intervals will be presented.",
                "SecondaryOutcomeTimeFrame":"Day 28"
              },{
                "SecondaryOutcomeMeasure":"Incidence of graft rejection",
                "SecondaryOutcomeDescription":"Chimerism analysis by FISH or VNTR. Examined and reported in a descriptive manner. Confidence intervals will be presented.",
                "SecondaryOutcomeTimeFrame":"Day 56"
              },{
                "SecondaryOutcomeMeasure":"Incidence of graft rejection",
                "SecondaryOutcomeDescription":"Chimerism analysis by FISH or VNTR. Examined and reported in a descriptive manner. Confidence intervals will be presented.",
                "SecondaryOutcomeTimeFrame":"Day 84"
              },{
                "SecondaryOutcomeMeasure":"Incidence of graft rejection",
                "SecondaryOutcomeDescription":"Chimerism analysis by FISH or VNTR. Examined and reported in a descriptive manner. Confidence intervals will be presented.",
                "SecondaryOutcomeTimeFrame":"Day 180"
              },{
                "SecondaryOutcomeMeasure":"Incidence of graft rejection",
                "SecondaryOutcomeDescription":"Chimerism analysis by FISH or VNTR. Examined and reported in a descriptive manner. Confidence intervals will be presented.",
                "SecondaryOutcomeTimeFrame":"Day 365"
              },{
                "SecondaryOutcomeMeasure":"Incidence of non-relapse mortality",
                "SecondaryOutcomeDescription":"Examined and reported in a descriptive manner. Confidence intervals will be presented.",
                "SecondaryOutcomeTimeFrame":"Up to 5 years"
              },{
                "SecondaryOutcomeMeasure":"Incidence of infectious complications",
                "SecondaryOutcomeDescription":"Examined and reported in a descriptive manner. Confidence intervals will be presented.",
                "SecondaryOutcomeTimeFrame":"Up to 5 years"
              },{
                "SecondaryOutcomeMeasure":"Severity of infectious complications",
                "SecondaryOutcomeDescription":"Examined and reported in a descriptive manner. Confidence intervals will be presented.",
                "SecondaryOutcomeTimeFrame":"Up to 5 years"
              }
            ]
          }
        },
        "EligibilityModule":{
          "EligibilityCriteria":"Inclusion Criteria:\n\nPatients with non-Hodgkin lymphoma (NHL), chronic lymphocytic leukemia (CLL) or multiple myeloma who are not eligible for a curative autologous transplantation or who have received a prior autologous transplantation; patients with NHL or CLL must have failed prior therapy with an alkylating agent and/or fludarabine, or be at high risk of relapse; patients with multiple myeloma must have stage II or III disease and received prior chemotherapy\nPatients < 50 years of age with NHL, Hodgkin's disease (HD), CLL or multiple myeloma at high risk of regimen related toxicity through prior autologous transplant or through pre-existing medical conditions\n\nPatients < 75 years of age with other malignant diseases treatable by allogeneic bone marrow transplant (BMT) whom through pre-existing chronic disease affecting kidneys, liver, lungs, and heart are considered to be at high risk for regimen related toxicity using standard high dose regimens; the following diseases are the likely candidates\n\nMyelodysplastic syndromes\nMyeloproliferative syndromes\nAcute Leukemia with < 10% blasts\nAmyloidosis\nHodgkin's disease\nThe Fred Hutchinson Cancer Research Center (FHCRC) Patient Care Conference (PCC) may approve patients with other malignancies or patients declining standard allografts for transplant following presentation and approval; centers outside the FHCRC that have a PCC or equivalent should obtain their Institutional approval; if there is not a comparable group at the Institution, please contact the FHCRC Principal Investigator for FHCRC approval through PCC\nDONOR: Human leukocyte antigen (HLA) genotypically or phenotypically identical related donor\nDONOR: Donor must consent to filgrastim (G-CSF) administration and leukapheresis\nDONOR: Donor must have adequate veins for leukapheresis or agree to placement of central venous catheter (femoral, subclavian)\n\nExclusion Criteria:\n\nEligible for a high-priority curative autologous transplant\nPatients with rapidly progressive aggressive NHL unless in minimal disease state\nAny current central nervous system (CNS) involvement with disease\nFertile men or women unwilling to use contraceptive techniques during and for 12 months following treatment\nFemales who are pregnant\nPatients who are human immunodeficiency virus (HIV) positive\nCardiac ejection fraction < 40%; ejection fraction is required if the patient has a history of anthracyclines or history of cardiac disease\nReceiving supplementary continuous oxygen\nDiffusing capacity of the lung for carbon monoxide (DLCO) < 30%\nTotal lung capacity (TLC) < 30%\nForced expiratory volume in one second (FEV1) < 30%\nTotal bilirubin > 2x the upper limit of normal\nSerum glutamate pyruvate transaminase (SGPT) and serum glutamic oxaloacetic transaminase (SGOT) 4x the upper limit of normal\nKarnofsky score < 50\nPatients with poorly controlled hypertension who are unable to have blood pressure kept below 150/90 on standard medication\nPatients with renal failure are eligible, however patients with renal compromise (serum creatinine greater than 2.0) will likely have further compromise in renal function and may require hemodialysis (which may be permanent) due to the need to maintain adequate serum cyclosporine levels\nThe addition of cytotoxic agents for \"cytoreduction\" with the exception of hydroxyurea and imatinib mesylate will not be allowed within two weeks of the initiation of conditioning\nDONOR: Identical twin\nDONOR: Age less than 12 years\nDONOR: Pregnancy\nDONOR: Infection with HIV\nDONOR: Inability to achieve adequate venous access\nDONOR: Known allergy to G-CSF\nDONOR: Current serious systemic illness",
          "HealthyVolunteers":"No",
          "Gender":"All",
          "MaximumAge":"74 Years",
          "StdAgeList":{
            "StdAge":[
              "Child",
              "Adult",
              "Older Adult"
            ]
          }
        },
        "ContactsLocationsModule":{
          "OverallOfficialList":{
            "OverallOfficial":[
              {
                "OverallOfficialName":"David Maloney",
                "OverallOfficialAffiliation":"Fred Hutchinson Cancer Research Center/University of Washington Cancer Consortium",
                "OverallOfficialRole":"Principal Investigator"
              }
            ]
          },
          "LocationList":{
            "Location":[
              {
                "LocationFacility":"University of Arizona Health Sciences Center",
                "LocationCity":"Tucson",
                "LocationState":"Arizona",
                "LocationZip":"85724",
                "LocationCountry":"United States"
              },{
                "LocationFacility":"City of Hope Medical Center",
                "LocationCity":"Duarte",
                "LocationState":"California",
                "LocationZip":"91010",
                "LocationCountry":"United States"
              },{
                "LocationFacility":"Stanford University Hospitals and Clinics",
                "LocationCity":"Stanford",
                "LocationState":"California",
                "LocationZip":"94305",
                "LocationCountry":"United States"
              },{
                "LocationFacility":"OHSU Knight Cancer Institute",
                "LocationCity":"Portland",
                "LocationState":"Oregon",
                "LocationZip":"97239",
                "LocationCountry":"United States"
              },{
                "LocationFacility":"Baylor University Medical Center",
                "LocationCity":"Dallas",
                "LocationState":"Texas",
                "LocationZip":"75246",
                "LocationCountry":"United States"
              },{
                "LocationFacility":"Huntsman Cancer Institute/University of Utah",
                "LocationCity":"Salt Lake City",
                "LocationState":"Utah",
                "LocationZip":"84112",
                "LocationCountry":"United States"
              },{
                "LocationFacility":"LDS Hospital",
                "LocationCity":"Salt Lake City",
                "LocationState":"Utah",
                "LocationZip":"84143",
                "LocationCountry":"United States"
              },{
                "LocationFacility":"Fred Hutchinson Cancer Research Center/University of Washington Cancer Consortium",
                "LocationCity":"Seattle",
                "LocationState":"Washington",
                "LocationZip":"98109",
                "LocationCountry":"United States"
              },{
                "LocationFacility":"Froedtert Hospital",
                "LocationCity":"Milwaukee",
                "LocationState":"Wisconsin",
                "LocationZip":"53226-3596",
                "LocationCountry":"United States"
              },{
                "LocationFacility":"Universitaet Leipzig",
                "LocationCity":"Leipzig",
                "LocationZip":"D-04103",
                "LocationCountry":"Germany"
              },{
                "LocationFacility":"University of Torino",
                "LocationCity":"Torino",
                "LocationZip":"10126",
                "LocationCountry":"Italy"
              }
            ]
          }
        }
      },
      "DerivedSection":{
        "MiscInfoModule":{
          "VersionHolder":"April 19, 2021"
        },
        "ConditionBrowseModule":{
          "ConditionMeshList":{
            "ConditionMesh":[
              {
                "ConditionMeshId":"D000009181",
                "ConditionMeshTerm":"Mycoses"
              },{
                "ConditionMeshId":"D000002051",
                "ConditionMeshTerm":"Burkitt Lymphoma"
              },{
                "ConditionMeshId":"D000008223",
                "ConditionMeshTerm":"Lymphoma"
              },{
                "ConditionMeshId":"D000007938",
                "ConditionMeshTerm":"Leukemia"
              },{
                "ConditionMeshId":"D000009369",
                "ConditionMeshTerm":"Neoplasms"
              },{
                "ConditionMeshId":"D000007951",
                "ConditionMeshTerm":"Leukemia, Myeloid"
              },{
                "ConditionMeshId":"D000009101",
                "ConditionMeshTerm":"Multiple Myeloma"
              },{
                "ConditionMeshId":"D000054219",
                "ConditionMeshTerm":"Neoplasms, Plasma Cell"
              },{
                "ConditionMeshId":"D000015470",
                "ConditionMeshTerm":"Leukemia, Myeloid, Acute"
              },{
                "ConditionMeshId":"D000008224",
                "ConditionMeshTerm":"Lymphoma, Follicular"
              },{
                "ConditionMeshId":"D000011289",
                "ConditionMeshTerm":"Preleukemia"
              },{
                "ConditionMeshId":"D000008228",
                "ConditionMeshTerm":"Lymphoma, Non-Hodgkin"
              },{
                "ConditionMeshId":"D000007945",
                "ConditionMeshTerm":"Leukemia, Lymphoid"
              },{
                "ConditionMeshId":"D000054198",
                "ConditionMeshTerm":"Precursor Cell Lymphoblastic Leukemia-Lymphoma"
              },{
                "ConditionMeshId":"D000015451",
                "ConditionMeshTerm":"Leukemia, Lymphocytic, Chronic, B-Cell"
              },{
                "ConditionMeshId":"D000016393",
                "ConditionMeshTerm":"Lymphoma, B-Cell"
              },{
                "ConditionMeshId":"D000006689",
                "ConditionMeshTerm":"Hodgkin Disease"
              },{
                "ConditionMeshId":"D000020522",
                "ConditionMeshTerm":"Lymphoma, Mantle-Cell"
              },{
                "ConditionMeshId":"D000018442",
                "ConditionMeshTerm":"Lymphoma, B-Cell, Marginal Zone"
              },{
                "ConditionMeshId":"D000016399",
                "ConditionMeshTerm":"Lymphoma, T-Cell"
              },{
                "ConditionMeshId":"D000016403",
                "ConditionMeshTerm":"Lymphoma, Large B-Cell, Diffuse"
              },{
                "ConditionMeshId":"D000016400",
                "ConditionMeshTerm":"Lymphoma, Large-Cell, Immunoblastic"
              },{
                "ConditionMeshId":"D000069293",
                "ConditionMeshTerm":"Plasmablastic Lymphoma"
              },{
                "ConditionMeshId":"D000009182",
                "ConditionMeshTerm":"Mycosis Fungoides"
              },{
                "ConditionMeshId":"D000015479",
                "ConditionMeshTerm":"Leukemia, Myelomonocytic, Acute"
              },{
                "ConditionMeshId":"D000015477",
                "ConditionMeshTerm":"Leukemia, Myelomonocytic, Chronic"
              },{
                "ConditionMeshId":"D000012751",
                "ConditionMeshTerm":"Sezary Syndrome"
              },{
                "ConditionMeshId":"D000015458",
                "ConditionMeshTerm":"Leukemia, T-Cell"
              },{
                "ConditionMeshId":"D000016410",
                "ConditionMeshTerm":"Lymphoma, T-Cell, Cutaneous"
              },{
                "ConditionMeshId":"D000015459",
                "ConditionMeshTerm":"Leukemia-Lymphoma, Adult T-Cell"
              },{
                "ConditionMeshId":"D000008258",
                "ConditionMeshTerm":"Waldenstrom Macroglobulinemia"
              },{
                "ConditionMeshId":"D000054429",
                "ConditionMeshTerm":"Leukemia, Myelomonocytic, Juvenile"
              },{
                "ConditionMeshId":"D000017728",
                "ConditionMeshTerm":"Lymphoma, Large-Cell, Anaplastic"
              },{
                "ConditionMeshId":"D000016411",
                "ConditionMeshTerm":"Lymphoma, T-Cell, Peripheral"
              },{
                "ConditionMeshId":"D000007943",
                "ConditionMeshTerm":"Leukemia, Hairy Cell"
              },{
                "ConditionMeshId":"D000008230",
                "ConditionMeshTerm":"Lymphomatoid Granulomatosis"
              },{
                "ConditionMeshId":"D000054391",
                "ConditionMeshTerm":"Lymphoma, Extranodal NK-T-Cell"
              },{
                "ConditionMeshId":"D000064090",
                "ConditionMeshTerm":"Intraocular Lymphoma"
              },{
                "ConditionMeshId":"D000054066",
                "ConditionMeshTerm":"Leukemia, Large Granular Lymphocytic"
              },{
                "ConditionMeshId":"D000075363",
                "ConditionMeshTerm":"Immunoglobulin Light-chain Amyloidosis"
              },{
                "ConditionMeshId":"D000007946",
                "ConditionMeshTerm":"Leukemia, Mast-Cell"
              },{
                "ConditionMeshId":"D000009190",
                "ConditionMeshTerm":"Myelodysplastic Syndromes"
              },{
                "ConditionMeshId":"D000009196",
                "ConditionMeshTerm":"Myeloproliferative Disorders"
              },{
                "ConditionMeshId":"D000008232",
                "ConditionMeshTerm":"Lymphoproliferative Disorders"
              },{
                "ConditionMeshId":"D000007119",
                "ConditionMeshTerm":"Immunoblastic Lymphadenopathy"
              },{
                "ConditionMeshId":"D000054437",
                "ConditionMeshTerm":"Myelodysplastic-Myeloproliferative Diseases"
              },{
                "ConditionMeshId":"D000000686",
                "ConditionMeshTerm":"Amyloidosis"
              },{
                "ConditionMeshId":"D000004194",
                "ConditionMeshTerm":"Disease"
              },{
                "ConditionMeshId":"D000013577",
                "ConditionMeshTerm":"Syndrome"
              }
            ]
          },
          "ConditionAncestorList":{
            "ConditionAncestor":[
              {
                "ConditionAncestorId":"D000009370",
                "ConditionAncestorTerm":"Neoplasms by Histologic Type"
              },{
                "ConditionAncestorId":"D000008206",
                "ConditionAncestorTerm":"Lymphatic Diseases"
              },{
                "ConditionAncestorId":"D000007160",
                "ConditionAncestorTerm":"Immunoproliferative Disorders"
              },{
                "ConditionAncestorId":"D000007154",
                "ConditionAncestorTerm":"Immune System Diseases"
              },{
                "ConditionAncestorId":"D000010335",
                "ConditionAncestorTerm":"Pathologic Processes"
              },{
                "ConditionAncestorId":"D000020141",
                "ConditionAncestorTerm":"Hemostatic Disorders"
              },{
                "ConditionAncestorId":"D000014652",
                "ConditionAncestorTerm":"Vascular Diseases"
              },{
                "ConditionAncestorId":"D000002318",
                "ConditionAncestorTerm":"Cardiovascular Diseases"
              },{
                "ConditionAncestorId":"D000010265",
                "ConditionAncestorTerm":"Paraproteinemias"
              },{
                "ConditionAncestorId":"D000001796",
                "ConditionAncestorTerm":"Blood Protein Disorders"
              },{
                "ConditionAncestorId":"D000006402",
                "ConditionAncestorTerm":"Hematologic Diseases"
              },{
                "ConditionAncestorId":"D000006474",
                "ConditionAncestorTerm":"Hemorrhagic Disorders"
              },{
                "ConditionAncestorId":"D000001855",
                "ConditionAncestorTerm":"Bone Marrow Diseases"
              },{
                "ConditionAncestorId":"D000011230",
                "ConditionAncestorTerm":"Precancerous Conditions"
              },{
                "ConditionAncestorId":"D000015448",
                "ConditionAncestorTerm":"Leukemia, B-Cell"
              },{
                "ConditionAncestorId":"D000020031",
                "ConditionAncestorTerm":"Epstein-Barr Virus Infections"
              },{
                "ConditionAncestorId":"D000006566",
                "ConditionAncestorTerm":"Herpesviridae Infections"
              },{
                "ConditionAncestorId":"D000004266",
                "ConditionAncestorTerm":"DNA Virus Infections"
              },{
                "ConditionAncestorId":"D000014777",
                "ConditionAncestorTerm":"Virus Diseases"
              },{
                "ConditionAncestorId":"D000014412",
                "ConditionAncestorTerm":"Tumor Virus Infections"
              },{
                "ConditionAncestorId":"D000057165",
                "ConditionAncestorTerm":"Proteostasis Deficiencies"
              },{
                "ConditionAncestorId":"D000008659",
                "ConditionAncestorTerm":"Metabolic Diseases"
              },{
                "ConditionAncestorId":"D000072281",
                "ConditionAncestorTerm":"Lymphadenopathy"
              },{
                "ConditionAncestorId":"D000005134",
                "ConditionAncestorTerm":"Eye Neoplasms"
              },{
                "ConditionAncestorId":"D000009371",
                "ConditionAncestorTerm":"Neoplasms by Site"
              },{
                "ConditionAncestorId":"D000034721",
                "ConditionAncestorTerm":"Mastocytosis, Systemic"
              },{
                "ConditionAncestorId":"D000008415",
                "ConditionAncestorTerm":"Mastocytosis"
              },{
                "ConditionAncestorId":"D000009372",
                "ConditionAncestorTerm":"Neoplasms, Connective Tissue"
              },{
                "ConditionAncestorId":"D000018204",
                "ConditionAncestorTerm":"Neoplasms, Connective and Soft Tissue"
              }
            ]
          },
          "ConditionBrowseLeafList":{
            "ConditionBrowseLeaf":[
              {
                "ConditionBrowseLeafId":"M9528",
                "ConditionBrowseLeafName":"Leukemia",
                "ConditionBrowseLeafAsFound":"Leukemia",
                "ConditionBrowseLeafRelevance":"high"
              },{
                "ConditionBrowseLeafId":"M9538",
                "ConditionBrowseLeafName":"Leukemia, Myeloid",
                "ConditionBrowseLeafAsFound":"Myeloid Leukemia",
                "ConditionBrowseLeafRelevance":"high"
              },{
                "ConditionBrowseLeafId":"M16710",
                "ConditionBrowseLeafName":"Leukemia, Myeloid, Acute",
                "ConditionBrowseLeafAsFound":"Acute Myeloid Leukemia",
                "ConditionBrowseLeafRelevance":"high"
              },{
                "ConditionBrowseLeafId":"M2602",
                "ConditionBrowseLeafName":"Amyloidosis",
                "ConditionBrowseLeafAsFound":"Amyloidosis",
                "ConditionBrowseLeafRelevance":"high"
              },{
                "ConditionBrowseLeafId":"M9803",
                "ConditionBrowseLeafName":"Lymphoma",
                "ConditionBrowseLeafAsFound":"Lymphoma",
                "ConditionBrowseLeafRelevance":"high"
              },{
                "ConditionBrowseLeafId":"M20891",
                "ConditionBrowseLeafName":"Lymphoma, Mantle-Cell",
                "ConditionBrowseLeafAsFound":"Mantle cell lymphoma",
                "ConditionBrowseLeafRelevance":"high"
              },{
                "ConditionBrowseLeafId":"M9805",
                "ConditionBrowseLeafName":"Lymphoma, Non-Hodgkin",
                "ConditionBrowseLeafAsFound":"Non-Hodgkin's Lymphoma",
                "ConditionBrowseLeafRelevance":"high"
              },{
                "ConditionBrowseLeafId":"M17411",
                "ConditionBrowseLeafName":"Lymphoma, B-Cell",
                "ConditionBrowseLeafAsFound":"B-cell Lymphoma",
                "ConditionBrowseLeafRelevance":"high"
              },{
                "ConditionBrowseLeafId":"M9534",
                "ConditionBrowseLeafName":"Leukemia, Lymphoid",
                "ConditionBrowseLeafAsFound":"Lymphoblastic Leukemia",
                "ConditionBrowseLeafRelevance":"high"
              },{
                "ConditionBrowseLeafId":"M17414",
                "ConditionBrowseLeafName":"Lymphoma, Large B-Cell, Diffuse",
                "ConditionBrowseLeafAsFound":"Diffuse large cell lymphoma",
                "ConditionBrowseLeafRelevance":"high"
              },{
                "ConditionBrowseLeafId":"M16699",
                "ConditionBrowseLeafName":"Leukemia, Lymphocytic, Chronic, B-Cell",
                "ConditionBrowseLeafAsFound":"Small lymphocytic lymphoma",
                "ConditionBrowseLeafRelevance":"high"
              },{
                "ConditionBrowseLeafId":"M19138",
                "ConditionBrowseLeafName":"Lymphoma, B-Cell, Marginal Zone",
                "ConditionBrowseLeafAsFound":"Marginal zone B-cell lymphoma",
                "ConditionBrowseLeafRelevance":"high"
              },{
                "ConditionBrowseLeafId":"M9804",
                "ConditionBrowseLeafName":"Lymphoma, Follicular",
                "ConditionBrowseLeafAsFound":"Follicular lymphoma",
                "ConditionBrowseLeafRelevance":"high"
              },{
                "ConditionBrowseLeafId":"M14938",
                "ConditionBrowseLeafName":"Syndrome",
                "ConditionBrowseLeafAsFound":"Syndrome",
                "ConditionBrowseLeafRelevance":"high"
              },{
                "ConditionBrowseLeafId":"M17412",
                "ConditionBrowseLeafName":"Lymphoma, T-Cell",
                "ConditionBrowseLeafAsFound":"T-cell Lymphoma",
                "ConditionBrowseLeafRelevance":"high"
              },{
                "ConditionBrowseLeafId":"M16702",
                "ConditionBrowseLeafName":"Leukemia, T-Cell",
                "ConditionBrowseLeafAsFound":"T-cell leukemia",
                "ConditionBrowseLeafRelevance":"high"
              },{
                "ConditionBrowseLeafId":"M17415",
                "ConditionBrowseLeafName":"Lymphoma, T-Cell, Cutaneous",
                "ConditionBrowseLeafAsFound":"Cutaneous T-cell non-Hodgkin lymphoma",
                "ConditionBrowseLeafRelevance":"high"
              },{
                "ConditionBrowseLeafId":"M16703",
                "ConditionBrowseLeafName":"Leukemia-Lymphoma, Adult T-Cell",
                "ConditionBrowseLeafAsFound":"Adult T-cell leukemia/lymphoma",
                "ConditionBrowseLeafRelevance":"high"
              },{
                "ConditionBrowseLeafId":"M1483",
                "ConditionBrowseLeafName":"Immunoglobulin Light-chain Amyloidosis",
                "ConditionBrowseLeafAsFound":"Primary systemic amyloidosis",
                "ConditionBrowseLeafRelevance":"high"
              },{
                "ConditionBrowseLeafId":"M10641",
                "ConditionBrowseLeafName":"Multiple Myeloma",
                "ConditionBrowseLeafAsFound":"Multiple Myeloma",
                "ConditionBrowseLeafRelevance":"high"
              },{
                "ConditionBrowseLeafId":"M19898",
                "ConditionBrowseLeafName":"Hematologic Neoplasms",
                "ConditionBrowseLeafRelevance":"low"
              },{
                "ConditionBrowseLeafId":"M12",
                "ConditionBrowseLeafName":"Congenital Abnormalities",
                "ConditionBrowseLeafRelevance":"low"
              },{
                "ConditionBrowseLeafId":"M26172",
                "ConditionBrowseLeafName":"Precursor Cell Lymphoblastic Leukemia-Lymphoma",
                "ConditionBrowseLeafAsFound":"Acute Lymphoblastic Leukemia",
                "ConditionBrowseLeafRelevance":"high"
              },{
                "ConditionBrowseLeafId":"M26175",
                "ConditionBrowseLeafName":"Neoplasms, Plasma Cell",
                "ConditionBrowseLeafAsFound":"Multiple Myeloma",
                "ConditionBrowseLeafRelevance":"high"
              },{
                "ConditionBrowseLeafId":"M10732",
                "ConditionBrowseLeafName":"Myeloproliferative Disorders",
                "ConditionBrowseLeafAsFound":"Myeloproliferative Disorders",
                "ConditionBrowseLeafRelevance":"high"
              },{
                "ConditionBrowseLeafId":"M8334",
                "ConditionBrowseLeafName":"Hodgkin Disease",
                "ConditionBrowseLeafAsFound":"Hodgkin Lymphoma",
                "ConditionBrowseLeafRelevance":"high"
              },{
                "ConditionBrowseLeafId":"M12747",
                "ConditionBrowseLeafName":"Preleukemia",
                "ConditionBrowseLeafAsFound":"Myelodysplastic Syndrome",
                "ConditionBrowseLeafRelevance":"high"
              },{
                "ConditionBrowseLeafId":"M16715",
                "ConditionBrowseLeafName":"Leukemia, Myelomonocytic, Chronic",
                "ConditionBrowseLeafAsFound":"Chronic Myelomonocytic Leukemia",
                "ConditionBrowseLeafRelevance":"high"
              },{
                "ConditionBrowseLeafId":"M26293",
                "ConditionBrowseLeafName":"Leukemia, Myelomonocytic, Juvenile",
                "ConditionBrowseLeafAsFound":"Juvenile Myelomonocytic Leukemia",
                "ConditionBrowseLeafRelevance":"high"
              },{
                "ConditionBrowseLeafId":"M10728",
                "ConditionBrowseLeafName":"Myelodysplastic Syndromes",
                "ConditionBrowseLeafAsFound":"Myelodysplastic Syndrome",
                "ConditionBrowseLeafRelevance":"high"
              },{
                "ConditionBrowseLeafId":"M9834",
                "ConditionBrowseLeafName":"Waldenstrom Macroglobulinemia",
                "ConditionBrowseLeafAsFound":"Waldenstrom Macroglobulinemia",
                "ConditionBrowseLeafRelevance":"high"
              },{
                "ConditionBrowseLeafId":"M8750",
                "ConditionBrowseLeafName":"Immunoblastic Lymphadenopathy",
                "ConditionBrowseLeafAsFound":"Angioimmunoblastic T-cell lymphoma",
                "ConditionBrowseLeafRelevance":"high"
              },{
                "ConditionBrowseLeafId":"M17416",
                "ConditionBrowseLeafName":"Lymphoma, T-Cell, Peripheral",
                "ConditionBrowseLeafAsFound":"Peripheral T-cell Lymphoma",
                "ConditionBrowseLeafRelevance":"high"
              },{
                "ConditionBrowseLeafId":"M10719",
                "ConditionBrowseLeafName":"Mycoses",
                "ConditionBrowseLeafAsFound":"Mycosis",
                "ConditionBrowseLeafRelevance":"high"
              },{
                "ConditionBrowseLeafId":"M9533",
                "ConditionBrowseLeafName":"Leukemia, Hairy Cell",
                "ConditionBrowseLeafAsFound":"Hairy cell leukemia",
                "ConditionBrowseLeafRelevance":"high"
              },{
                "ConditionBrowseLeafId":"M18524",
                "ConditionBrowseLeafName":"Lymphoma, Large-Cell, Anaplastic",
                "ConditionBrowseLeafAsFound":"Anaplastic Large Cell Lymphoma",
                "ConditionBrowseLeafRelevance":"high"
              },{
                "ConditionBrowseLeafId":"M10720",
                "ConditionBrowseLeafName":"Mycosis Fungoides",
                "ConditionBrowseLeafAsFound":"Mycosis fungoides",
                "ConditionBrowseLeafRelevance":"high"
              },{
                "ConditionBrowseLeafId":"M3903",
                "ConditionBrowseLeafName":"Burkitt Lymphoma",
                "ConditionBrowseLeafAsFound":"Burkitt lymphoma",
                "ConditionBrowseLeafRelevance":"high"
              },{
                "ConditionBrowseLeafId":"M9808",
                "ConditionBrowseLeafName":"Lymphoproliferative Disorders",
                "ConditionBrowseLeafAsFound":"Lymphoproliferative Disorders",
                "ConditionBrowseLeafRelevance":"high"
              },{
                "ConditionBrowseLeafId":"M9535",
                "ConditionBrowseLeafName":"Leukemia, Mast-Cell",
                "ConditionBrowseLeafAsFound":"Mast cell leukemia",
                "ConditionBrowseLeafRelevance":"high"
              },{
                "ConditionBrowseLeafId":"M381",
                "ConditionBrowseLeafName":"Plasmablastic Lymphoma",
                "ConditionBrowseLeafAsFound":"Immunoblastic large cell lymphoma",
                "ConditionBrowseLeafRelevance":"high"
              },{
                "ConditionBrowseLeafId":"M17413",
                "ConditionBrowseLeafName":"Lymphoma, Large-Cell, Immunoblastic",
                "ConditionBrowseLeafAsFound":"Immunoblastic large cell lymphoma",
                "ConditionBrowseLeafRelevance":"high"
              },{
                "ConditionBrowseLeafId":"M14143",
                "ConditionBrowseLeafName":"Sezary Syndrome",
                "ConditionBrowseLeafAsFound":"Sezary syndrome",
                "ConditionBrowseLeafRelevance":"high"
              },{
                "ConditionBrowseLeafId":"M26139",
                "ConditionBrowseLeafName":"Leukemia, Large Granular Lymphocytic",
                "ConditionBrowseLeafAsFound":"T-cell large granular lymphocyte leukemia",
                "ConditionBrowseLeafRelevance":"high"
              },{
                "ConditionBrowseLeafId":"M28786",
                "ConditionBrowseLeafName":"Intraocular Lymphoma",
                "ConditionBrowseLeafAsFound":"Intraocular lymphoma",
                "ConditionBrowseLeafRelevance":"high"
              },{
                "ConditionBrowseLeafId":"M9806",
                "ConditionBrowseLeafName":"Lymphomatoid Granulomatosis",
                "ConditionBrowseLeafAsFound":"Lymphomatoid granulomatosis",
                "ConditionBrowseLeafRelevance":"high"
              },{
                "ConditionBrowseLeafId":"M16717",
                "ConditionBrowseLeafName":"Leukemia, Myelomonocytic, Acute",
                "ConditionBrowseLeafAsFound":"Myelomonocytic Leukemia",
                "ConditionBrowseLeafRelevance":"high"
              },{
                "ConditionBrowseLeafId":"M26263",
                "ConditionBrowseLeafName":"Lymphoma, Extranodal NK-T-Cell",
                "ConditionBrowseLeafAsFound":"Extranodal NK/T-cell Lymphoma",
                "ConditionBrowseLeafRelevance":"high"
              },{
                "ConditionBrowseLeafId":"M994",
                "ConditionBrowseLeafName":"Lymphadenopathy",
                "ConditionBrowseLeafRelevance":"low"
              },{
                "ConditionBrowseLeafId":"M26294",
                "ConditionBrowseLeafName":"Myelodysplastic-Myeloproliferative Diseases",
                "ConditionBrowseLeafAsFound":"Myelodysplastic/myeloproliferative neoplasm",
                "ConditionBrowseLeafRelevance":"high"
              },{
                "ConditionBrowseLeafId":"M10898",
                "ConditionBrowseLeafName":"Neoplasms by Histologic Type",
                "ConditionBrowseLeafRelevance":"low"
              },{
                "ConditionBrowseLeafId":"M9786",
                "ConditionBrowseLeafName":"Lymphatic Diseases",
                "ConditionBrowseLeafRelevance":"low"
              },{
                "ConditionBrowseLeafId":"M8789",
                "ConditionBrowseLeafName":"Immunoproliferative Disorders",
                "ConditionBrowseLeafRelevance":"low"
              },{
                "ConditionBrowseLeafId":"M8783",
                "ConditionBrowseLeafName":"Immune System Diseases",
                "ConditionBrowseLeafRelevance":"low"
              },{
                "ConditionBrowseLeafId":"M20561",
                "ConditionBrowseLeafName":"Hemostatic Disorders",
                "ConditionBrowseLeafRelevance":"low"
              },{
                "ConditionBrowseLeafId":"M3641",
                "ConditionBrowseLeafName":"Blood Coagulation Disorders",
                "ConditionBrowseLeafRelevance":"low"
              },{
                "ConditionBrowseLeafId":"M15983",
                "ConditionBrowseLeafName":"Vascular Diseases",
                "ConditionBrowseLeafRelevance":"low"
              },{
                "ConditionBrowseLeafId":"M11761",
                "ConditionBrowseLeafName":"Paraproteinemias",
                "ConditionBrowseLeafRelevance":"low"
              },{
                "ConditionBrowseLeafId":"M3659",
                "ConditionBrowseLeafName":"Blood Protein Disorders",
                "ConditionBrowseLeafRelevance":"low"
              },{
                "ConditionBrowseLeafId":"M8073",
                "ConditionBrowseLeafName":"Hematologic Diseases",
                "ConditionBrowseLeafRelevance":"low"
              },{
                "ConditionBrowseLeafId":"M8143",
                "ConditionBrowseLeafName":"Hemorrhagic Disorders",
                "ConditionBrowseLeafRelevance":"low"
              },{
                "ConditionBrowseLeafId":"M3716",
                "ConditionBrowseLeafName":"Bone Marrow Diseases",
                "ConditionBrowseLeafRelevance":"low"
              },{
                "ConditionBrowseLeafId":"M12694",
                "ConditionBrowseLeafName":"Precancerous Conditions",
                "ConditionBrowseLeafRelevance":"low"
              },{
                "ConditionBrowseLeafId":"M16698",
                "ConditionBrowseLeafName":"Leukemia, B-Cell",
                "ConditionBrowseLeafRelevance":"low"
              },{
                "ConditionBrowseLeafId":"M8866",
                "ConditionBrowseLeafName":"Infection",
                "ConditionBrowseLeafRelevance":"low"
              },{
                "ConditionBrowseLeafId":"M4951",
                "ConditionBrowseLeafName":"Communicable Diseases",
                "ConditionBrowseLeafRelevance":"low"
              },{
                "ConditionBrowseLeafId":"M16105",
                "ConditionBrowseLeafName":"Virus Diseases",
                "ConditionBrowseLeafRelevance":"low"
              },{
                "ConditionBrowseLeafId":"M20465",
                "ConditionBrowseLeafName":"Epstein-Barr Virus Infections",
                "ConditionBrowseLeafRelevance":"low"
              },{
                "ConditionBrowseLeafId":"M8226",
                "ConditionBrowseLeafName":"Herpesviridae Infections",
                "ConditionBrowseLeafRelevance":"low"
              },{
                "ConditionBrowseLeafId":"M6025",
                "ConditionBrowseLeafName":"DNA Virus Infections",
                "ConditionBrowseLeafRelevance":"low"
              },{
                "ConditionBrowseLeafId":"M15745",
                "ConditionBrowseLeafName":"Tumor Virus Infections",
                "ConditionBrowseLeafRelevance":"low"
              },{
                "ConditionBrowseLeafId":"M27334",
                "ConditionBrowseLeafName":"Proteostasis Deficiencies",
                "ConditionBrowseLeafRelevance":"low"
              },{
                "ConditionBrowseLeafId":"M10222",
                "ConditionBrowseLeafName":"Metabolic Diseases",
                "ConditionBrowseLeafRelevance":"low"
              },{
                "ConditionBrowseLeafId":"M6860",
                "ConditionBrowseLeafName":"Eye Neoplasms",
                "ConditionBrowseLeafRelevance":"low"
              },{
                "ConditionBrowseLeafId":"M9982",
                "ConditionBrowseLeafName":"Mastocytosis",
                "ConditionBrowseLeafRelevance":"low"
              },{
                "ConditionBrowseLeafId":"M23036",
                "ConditionBrowseLeafName":"Mastocytosis, Systemic",
                "ConditionBrowseLeafRelevance":"low"
              },{
                "ConditionBrowseLeafId":"M10900",
                "ConditionBrowseLeafName":"Neoplasms, Connective Tissue",
                "ConditionBrowseLeafRelevance":"low"
              },{
                "ConditionBrowseLeafId":"M18933",
                "ConditionBrowseLeafName":"Neoplasms, Connective and Soft Tissue",
                "ConditionBrowseLeafRelevance":"low"
              },{
                "ConditionBrowseLeafId":"T3995",
                "ConditionBrowseLeafName":"Myeloid Leukemia",
                "ConditionBrowseLeafAsFound":"Myeloid Leukemia",
                "ConditionBrowseLeafRelevance":"high"
              },{
                "ConditionBrowseLeafId":"T182",
                "ConditionBrowseLeafName":"Acute Myeloid Leukemia",
                "ConditionBrowseLeafAsFound":"Acute Myeloid Leukemia",
                "ConditionBrowseLeafRelevance":"high"
              },{
                "ConditionBrowseLeafId":"T188",
                "ConditionBrowseLeafName":"Acute Non Lymphoblastic Leukemia",
                "ConditionBrowseLeafAsFound":"Acute Myeloid Leukemia",
                "ConditionBrowseLeafRelevance":"high"
              },{
                "ConditionBrowseLeafId":"T3543",
                "ConditionBrowseLeafName":"Lymphosarcoma",
                "ConditionBrowseLeafAsFound":"Lymphoma",
                "ConditionBrowseLeafRelevance":"high"
              },{
                "ConditionBrowseLeafId":"T3601",
                "ConditionBrowseLeafName":"Mantle Cell Lymphoma",
                "ConditionBrowseLeafAsFound":"Mantle cell lymphoma",
                "ConditionBrowseLeafRelevance":"high"
              },{
                "ConditionBrowseLeafId":"T640",
                "ConditionBrowseLeafName":"B-cell Lymphoma",
                "ConditionBrowseLeafAsFound":"B-cell Lymphoma",
                "ConditionBrowseLeafRelevance":"high"
              },{
                "ConditionBrowseLeafId":"T1866",
                "ConditionBrowseLeafName":"Diffuse Large B-Cell Lymphoma",
                "ConditionBrowseLeafAsFound":"Diffuse large cell lymphoma",
                "ConditionBrowseLeafRelevance":"high"
              },{
                "ConditionBrowseLeafId":"T1308",
                "ConditionBrowseLeafName":"Chronic Lymphocytic Leukemia",
                "ConditionBrowseLeafAsFound":"Chronic Lymphocytic Leukemia",
                "ConditionBrowseLeafRelevance":"high"
              },{
                "ConditionBrowseLeafId":"T3612",
                "ConditionBrowseLeafName":"Marginal Zone Lymphoma",
                "ConditionBrowseLeafAsFound":"Marginal zone lymphoma",
                "ConditionBrowseLeafRelevance":"high"
              },{
                "ConditionBrowseLeafId":"T2361",
                "ConditionBrowseLeafName":"Follicular Lymphoma",
                "ConditionBrowseLeafAsFound":"Follicular lymphoma",
                "ConditionBrowseLeafRelevance":"high"
              },{
                "ConditionBrowseLeafId":"T3393",
                "ConditionBrowseLeafName":"Leukemia, T-cell, Chronic",
                "ConditionBrowseLeafRelevance":"low"
              },{
                "ConditionBrowseLeafId":"T1689",
                "ConditionBrowseLeafName":"Cutaneous T-cell Lymphoma",
                "ConditionBrowseLeafAsFound":"Cutaneous T-cell non-Hodgkin lymphoma",
                "ConditionBrowseLeafRelevance":"high"
              },{
                "ConditionBrowseLeafId":"T224",
                "ConditionBrowseLeafName":"Adult T-cell Leukemia/lymphoma",
                "ConditionBrowseLeafAsFound":"Adult T-cell leukemia/lymphoma",
                "ConditionBrowseLeafRelevance":"high"
              },{
                "ConditionBrowseLeafId":"T254",
                "ConditionBrowseLeafName":"AL Amyloidosis",
                "ConditionBrowseLeafAsFound":"Primary systemic amyloidosis",
                "ConditionBrowseLeafRelevance":"high"
              },{
                "ConditionBrowseLeafId":"T3947",
                "ConditionBrowseLeafName":"Multiple Myeloma",
                "ConditionBrowseLeafAsFound":"Multiple Myeloma",
                "ConditionBrowseLeafRelevance":"high"
              },{
                "ConditionBrowseLeafId":"T1134",
                "ConditionBrowseLeafName":"Childhood Acute Lymphoblastic Leukemia",
                "ConditionBrowseLeafAsFound":"Childhood acute lymphoblastic leukemia",
                "ConditionBrowseLeafRelevance":"high"
              },{
                "ConditionBrowseLeafId":"T175",
                "ConditionBrowseLeafName":"Acute Lymphoblastic Leukemia",
                "ConditionBrowseLeafAsFound":"Acute Lymphoblastic Leukemia",
                "ConditionBrowseLeafRelevance":"high"
              },{
                "ConditionBrowseLeafId":"T3533",
                "ConditionBrowseLeafName":"Lymphoblastic Lymphoma",
                "ConditionBrowseLeafAsFound":"Lymphoblastic lymphoma",
                "ConditionBrowseLeafRelevance":"high"
              },{
                "ConditionBrowseLeafId":"T1311",
                "ConditionBrowseLeafName":"Chronic Myeloproliferative Disorders",
                "ConditionBrowseLeafAsFound":"Myeloproliferative Disorders",
                "ConditionBrowseLeafRelevance":"high"
              },{
                "ConditionBrowseLeafId":"T2817",
                "ConditionBrowseLeafName":"Hodgkin Lymphoma",
                "ConditionBrowseLeafAsFound":"Hodgkin Lymphoma",
                "ConditionBrowseLeafRelevance":"high"
              },{
                "ConditionBrowseLeafId":"T3993",
                "ConditionBrowseLeafName":"Myelodysplastic Syndromes",
                "ConditionBrowseLeafAsFound":"Myelodysplastic Syndrome",
                "ConditionBrowseLeafRelevance":"high"
              },{
                "ConditionBrowseLeafId":"T1310",
                "ConditionBrowseLeafName":"Chronic Myelomonocytic Leukemia",
                "ConditionBrowseLeafAsFound":"Chronic Myelomonocytic Leukemia",
                "ConditionBrowseLeafRelevance":"high"
              },{
                "ConditionBrowseLeafId":"T3174",
                "ConditionBrowseLeafName":"Juvenile Myelomonocytic Leukemia",
                "ConditionBrowseLeafAsFound":"Juvenile Myelomonocytic Leukemia",
                "ConditionBrowseLeafRelevance":"high"
              },{
                "ConditionBrowseLeafId":"T5887",
                "ConditionBrowseLeafName":"Waldenstrom Macroglobulinemia",
                "ConditionBrowseLeafAsFound":"Waldenstrom Macroglobulinemia",
                "ConditionBrowseLeafRelevance":"high"
              },{
                "ConditionBrowseLeafId":"T391",
                "ConditionBrowseLeafName":"Angioimmunoblastic T-cell Lymphoma",
                "ConditionBrowseLeafAsFound":"Angioimmunoblastic T-cell lymphoma",
                "ConditionBrowseLeafRelevance":"high"
              },{
                "ConditionBrowseLeafId":"T390",
                "ConditionBrowseLeafName":"Angioimmunoblastic Lymphadenopathy With Dysproteinemia",
                "ConditionBrowseLeafAsFound":"Angioimmunoblastic T-cell lymphoma",
                "ConditionBrowseLeafRelevance":"high"
              },{
                "ConditionBrowseLeafId":"T4496",
                "ConditionBrowseLeafName":"Peripheral T-cell Lymphoma",
                "ConditionBrowseLeafAsFound":"Peripheral T-cell Lymphoma",
                "ConditionBrowseLeafRelevance":"high"
              },{
                "ConditionBrowseLeafId":"T2650",
                "ConditionBrowseLeafName":"Hairy Cell Leukemia",
                "ConditionBrowseLeafAsFound":"Hairy cell leukemia",
                "ConditionBrowseLeafRelevance":"high"
              },{
                "ConditionBrowseLeafId":"T367",
                "ConditionBrowseLeafName":"Anaplastic Large Cell Lymphoma",
                "ConditionBrowseLeafAsFound":"Anaplastic Large Cell Lymphoma",
                "ConditionBrowseLeafRelevance":"high"
              },{
                "ConditionBrowseLeafId":"T3986",
                "ConditionBrowseLeafName":"Mycosis Fungoides",
                "ConditionBrowseLeafAsFound":"Mycosis fungoides",
                "ConditionBrowseLeafRelevance":"high"
              },{
                "ConditionBrowseLeafId":"T3994",
                "ConditionBrowseLeafName":"Myelodysplastic/myeloproliferative Disease",
                "ConditionBrowseLeafAsFound":"Myelodysplastic/myeloproliferative neoplasm",
                "ConditionBrowseLeafRelevance":"high"
              },{
                "ConditionBrowseLeafId":"T892",
                "ConditionBrowseLeafName":"Burkitt Lymphoma",
                "ConditionBrowseLeafAsFound":"Burkitt lymphoma",
                "ConditionBrowseLeafRelevance":"high"
              },{
                "ConditionBrowseLeafId":"T1792",
                "ConditionBrowseLeafName":"Dendritic Cell Tumor",
                "ConditionBrowseLeafAsFound":"Dendritic Cell Neoplasm",
                "ConditionBrowseLeafRelevance":"high"
              },{
                "ConditionBrowseLeafId":"T773",
                "ConditionBrowseLeafName":"Blastic Plasmacytoid Dendritic Cell",
                "ConditionBrowseLeafAsFound":"Blastic Plasmacytoid Dendritic Cell",
                "ConditionBrowseLeafRelevance":"high"
              },{
                "ConditionBrowseLeafId":"T2165",
                "ConditionBrowseLeafName":"Extranodal Nasal NK/T Cell Lymphoma",
                "ConditionBrowseLeafAsFound":"NK/T-cell Lymphoma",
                "ConditionBrowseLeafRelevance":"high"
              },{
                "ConditionBrowseLeafId":"T4586",
                "ConditionBrowseLeafName":"Plasmablastic Lymphoma",
                "ConditionBrowseLeafAsFound":"Immunoblastic large cell lymphoma",
                "ConditionBrowseLeafRelevance":"high"
              },{
                "ConditionBrowseLeafId":"T3539",
                "ConditionBrowseLeafName":"Lymphoma, Large-cell, Immunoblastic",
                "ConditionBrowseLeafAsFound":"Immunoblastic large cell lymphoma",
                "ConditionBrowseLeafRelevance":"high"
              },{
                "ConditionBrowseLeafId":"T5200",
                "ConditionBrowseLeafName":"Sezary Syndrome",
                "ConditionBrowseLeafAsFound":"Sezary syndrome",
                "ConditionBrowseLeafRelevance":"high"
              },{
                "ConditionBrowseLeafId":"T4650",
                "ConditionBrowseLeafName":"Post-transplant Lymphoproliferative Disease",
                "ConditionBrowseLeafAsFound":"Post-transplant Lymphoproliferative Disorder",
                "ConditionBrowseLeafRelevance":"high"
              },{
                "ConditionBrowseLeafId":"T238",
                "ConditionBrowseLeafName":"Aggressive NK Cell Leukemia",
                "ConditionBrowseLeafAsFound":"Large granular lymphocyte leukemia",
                "ConditionBrowseLeafRelevance":"high"
              },{
                "ConditionBrowseLeafId":"T3540",
                "ConditionBrowseLeafName":"Lymphomatoid Granulomatosis",
                "ConditionBrowseLeafAsFound":"Lymphomatoid granulomatosis",
                "ConditionBrowseLeafRelevance":"high"
              },{
                "ConditionBrowseLeafId":"T5568",
                "ConditionBrowseLeafName":"T-cell Large Granular Lymphocyte Leukemia",
                "ConditionBrowseLeafAsFound":"T-cell large granular lymphocyte leukemia",
                "ConditionBrowseLeafRelevance":"high"
              },{
                "ConditionBrowseLeafId":"T5690",
                "ConditionBrowseLeafName":"Transient Myeloproliferative Syndrome",
                "ConditionBrowseLeafAsFound":"Transient Myeloproliferative Disorder",
                "ConditionBrowseLeafRelevance":"high"
              },{
                "ConditionBrowseLeafId":"T3626",
                "ConditionBrowseLeafName":"Mastocytosis",
                "ConditionBrowseLeafRelevance":"low"
              }
            ]
          },
          "ConditionBrowseBranchList":{
            "ConditionBrowseBranch":[
              {
                "ConditionBrowseBranchAbbrev":"BC04",
                "ConditionBrowseBranchName":"Cancers and Other Neoplasms"
              },{
                "ConditionBrowseBranchAbbrev":"All",
                "ConditionBrowseBranchName":"All Conditions"
              },{
                "ConditionBrowseBranchAbbrev":"BC18",
                "ConditionBrowseBranchName":"Nutritional and Metabolic Diseases"
              },{
                "ConditionBrowseBranchAbbrev":"BC15",
                "ConditionBrowseBranchName":"Blood and Lymph Conditions"
              },{
                "ConditionBrowseBranchAbbrev":"BC20",
                "ConditionBrowseBranchName":"Immune System Diseases"
              },{
                "ConditionBrowseBranchAbbrev":"BC23",
                "ConditionBrowseBranchName":"Symptoms and General Pathology"
              },{
                "ConditionBrowseBranchAbbrev":"BC14",
                "ConditionBrowseBranchName":"Heart and Blood Diseases"
              },{
                "ConditionBrowseBranchAbbrev":"BC16",
                "ConditionBrowseBranchName":"Diseases and Abnormalities at or Before Birth"
              },{
                "ConditionBrowseBranchAbbrev":"BC01",
                "ConditionBrowseBranchName":"Bacterial and Fungal Diseases"
              },{
                "ConditionBrowseBranchAbbrev":"BC02",
                "ConditionBrowseBranchName":"Viral Diseases"
              },{
                "ConditionBrowseBranchAbbrev":"BC11",
                "ConditionBrowseBranchName":"Eye Diseases"
              },{
                "ConditionBrowseBranchAbbrev":"BC17",
                "ConditionBrowseBranchName":"Skin and Connective Tissue Diseases"
              },{
                "ConditionBrowseBranchAbbrev":"Rare",
                "ConditionBrowseBranchName":"Rare Diseases"
              }
            ]
          }
        },
        "InterventionBrowseModule":{
          "InterventionMeshList":{
            "InterventionMesh":[
              {
                "InterventionMeshId":"D000016572",
                "InterventionMeshTerm":"Cyclosporine"
              },{
                "InterventionMeshId":"D000009173",
                "InterventionMeshTerm":"Mycophenolic Acid"
              },{
                "InterventionMeshId":"C000024352",
                "InterventionMeshTerm":"Fludarabine"
              },{
                "InterventionMeshId":"C000042382",
                "InterventionMeshTerm":"Fludarabine phosphate"
              },{
                "InterventionMeshId":"D000003524",
                "InterventionMeshTerm":"Cyclosporins"
              }
            ]
          },
          "InterventionAncestorList":{
            "InterventionAncestor":[
              {
                "InterventionAncestorId":"D000000970",
                "InterventionAncestorTerm":"Antineoplastic Agents"
              },{
                "InterventionAncestorId":"D000000964",
                "InterventionAncestorTerm":"Antimetabolites, Antineoplastic"
              },{
                "InterventionAncestorId":"D000000963",
                "InterventionAncestorTerm":"Antimetabolites"
              },{
                "InterventionAncestorId":"D000045504",
                "InterventionAncestorTerm":"Molecular Mechanisms of Pharmacological Action"
              },{
                "InterventionAncestorId":"D000007166",
                "InterventionAncestorTerm":"Immunosuppressive Agents"
              },{
                "InterventionAncestorId":"D000007155",
                "InterventionAncestorTerm":"Immunologic Factors"
              },{
                "InterventionAncestorId":"D000045505",
                "InterventionAncestorTerm":"Physiological Effects of Drugs"
              },{
                "InterventionAncestorId":"D000004791",
                "InterventionAncestorTerm":"Enzyme Inhibitors"
              },{
                "InterventionAncestorId":"D000000935",
                "InterventionAncestorTerm":"Antifungal Agents"
              },{
                "InterventionAncestorId":"D000000890",
                "InterventionAncestorTerm":"Anti-Infective Agents"
              },{
                "InterventionAncestorId":"D000003879",
                "InterventionAncestorTerm":"Dermatologic Agents"
              },{
                "InterventionAncestorId":"D000018501",
                "InterventionAncestorTerm":"Antirheumatic Agents"
              },{
                "InterventionAncestorId":"D000065095",
                "InterventionAncestorTerm":"Calcineurin Inhibitors"
              },{
                "InterventionAncestorId":"D000000903",
                "InterventionAncestorTerm":"Antibiotics, Antineoplastic"
              },{
                "InterventionAncestorId":"D000000904",
                "InterventionAncestorTerm":"Antibiotics, Antitubercular"
              },{
                "InterventionAncestorId":"D000000995",
                "InterventionAncestorTerm":"Antitubercular Agents"
              },{
                "InterventionAncestorId":"D000000900",
                "InterventionAncestorTerm":"Anti-Bacterial Agents"
              }
            ]
          },
          "InterventionBrowseLeafList":{
            "InterventionBrowseLeaf":[
              {
                "InterventionBrowseLeafId":"M10711",
                "InterventionBrowseLeafName":"Mycophenolic Acid",
                "InterventionBrowseLeafAsFound":"Parallel",
                "InterventionBrowseLeafRelevance":"high"
              },{
                "InterventionBrowseLeafId":"M17544",
                "InterventionBrowseLeafName":"Cyclosporine",
                "InterventionBrowseLeafAsFound":"Standard of care",
                "InterventionBrowseLeafRelevance":"high"
              },{
                "InterventionBrowseLeafId":"M5313",
                "InterventionBrowseLeafName":"Cyclosporins",
                "InterventionBrowseLeafAsFound":"Standard of care",
                "InterventionBrowseLeafRelevance":"high"
              },{
                "InterventionBrowseLeafId":"M220971",
                "InterventionBrowseLeafName":"Fludarabine",
                "InterventionBrowseLeafAsFound":"4 weeks",
                "InterventionBrowseLeafRelevance":"high"
              },{
                "InterventionBrowseLeafId":"M233147",
                "InterventionBrowseLeafName":"Fludarabine phosphate",
                "InterventionBrowseLeafAsFound":"Preoperative",
                "InterventionBrowseLeafRelevance":"high"
              },{
                "InterventionBrowseLeafId":"M2862",
                "InterventionBrowseLeafName":"Antimetabolites",
                "InterventionBrowseLeafRelevance":"low"
              },{
                "InterventionBrowseLeafId":"M8795",
                "InterventionBrowseLeafName":"Immunosuppressive Agents",
                "InterventionBrowseLeafRelevance":"low"
              },{
                "InterventionBrowseLeafId":"M8784",
                "InterventionBrowseLeafName":"Immunologic Factors",
                "InterventionBrowseLeafRelevance":"low"
              },{
                "InterventionBrowseLeafId":"M4835",
                "InterventionBrowseLeafName":"Clotrimazole",
                "InterventionBrowseLeafRelevance":"low"
              },{
                "InterventionBrowseLeafId":"M10379",
                "InterventionBrowseLeafName":"Miconazole",
                "InterventionBrowseLeafRelevance":"low"
              },{
                "InterventionBrowseLeafId":"M2835",
                "InterventionBrowseLeafName":"Antifungal Agents",
                "InterventionBrowseLeafRelevance":"low"
              },{
                "InterventionBrowseLeafId":"M2795",
                "InterventionBrowseLeafName":"Anti-Infective Agents",
                "InterventionBrowseLeafRelevance":"low"
              },{
                "InterventionBrowseLeafId":"M5657",
                "InterventionBrowseLeafName":"Dermatologic Agents",
                "InterventionBrowseLeafRelevance":"low"
              },{
                "InterventionBrowseLeafId":"M19188",
                "InterventionBrowseLeafName":"Antirheumatic Agents",
                "InterventionBrowseLeafRelevance":"low"
              },{
                "InterventionBrowseLeafId":"M29039",
                "InterventionBrowseLeafName":"Calcineurin Inhibitors",
                "InterventionBrowseLeafRelevance":"low"
              },{
                "InterventionBrowseLeafId":"M2803",
                "InterventionBrowseLeafName":"Anti-Bacterial Agents",
                "InterventionBrowseLeafRelevance":"low"
              },{
                "InterventionBrowseLeafId":"M2805",
                "InterventionBrowseLeafName":"Antibiotics, Antitubercular",
                "InterventionBrowseLeafRelevance":"low"
              },{
                "InterventionBrowseLeafId":"M2892",
                "InterventionBrowseLeafName":"Antitubercular Agents",
                "InterventionBrowseLeafRelevance":"low"
              }
            ]
          },
          "InterventionBrowseBranchList":{
            "InterventionBrowseBranch":[
              {
                "InterventionBrowseBranchAbbrev":"Infe",
                "InterventionBrowseBranchName":"Anti-Infective Agents"
              },{
                "InterventionBrowseBranchAbbrev":"ANeo",
                "InterventionBrowseBranchName":"Antineoplastic Agents"
              },{
                "InterventionBrowseBranchAbbrev":"All",
                "InterventionBrowseBranchName":"All Drugs and Chemicals"
              },{
                "InterventionBrowseBranchAbbrev":"ARhu",
                "InterventionBrowseBranchName":"Antirheumatic Agents"
              },{
                "InterventionBrowseBranchAbbrev":"Derm",
                "InterventionBrowseBranchName":"Dermatologic Agents"
              }
            ]
          }
        }
      }
    }
  }
}

