{
  "FullStudy":{
    "Rank":368866,
    "Study":{
      "ProtocolSection":{
        "IdentificationModule":{
          "NCTId":"NCT00010153",
          "OrgStudyIdInfo":{
            "OrgStudyId":"EORTC-10963"
          },
          "SecondaryIdInfoList":{
            "SecondaryIdInfo":[
              {
                "SecondaryId":"EORTC-10963"
              },{
                "SecondaryId":"BIG-EORTC-10963"
              }
            ]
          },
          "Organization":{
            "OrgFullName":"European Organisation for Research and Treatment of Cancer - EORTC",
            "OrgClass":"NETWORK"
          },
          "BriefTitle":"ICI 182780 in Treating Women With Stage I or Stage II Primary Breast Cancer",
          "OfficialTitle":"A Double-Blind Phase III Clinical Trial to Compare the Effects of a Pre-Operatively Administered Single Dose of \"Faslodex\" (Long-Acting ICI 182.780) With Placebo on Tumor Recurrence in Pre- and Postmenopausal Women Treated for Operable First Primary Breast Cancer"
        },
        "StatusModule":{
          "StatusVerifiedDate":"July 2012",
          "OverallStatus":"Terminated",
          "WhyStopped":"low accrual",
          "ExpandedAccessInfo":{
            "HasExpandedAccess":"No"
          },
          "StartDateStruct":{
            "StartDate":"November 2000"
          },
          "PrimaryCompletionDateStruct":{
            "PrimaryCompletionDate":"October 2001",
            "PrimaryCompletionDateType":"Actual"
          },
          "StudyFirstSubmitDate":"February 2, 2001",
          "StudyFirstSubmitQCDate":"January 26, 2003",
          "StudyFirstPostDateStruct":{
            "StudyFirstPostDate":"January 27, 2003",
            "StudyFirstPostDateType":"Estimate"
          },
          "LastUpdateSubmitDate":"July 18, 2012",
          "LastUpdatePostDateStruct":{
            "LastUpdatePostDate":"July 19, 2012",
            "LastUpdatePostDateType":"Estimate"
          }
        },
        "SponsorCollaboratorsModule":{
          "ResponsibleParty":{
            "ResponsiblePartyType":"Sponsor"
          },
          "LeadSponsor":{
            "LeadSponsorName":"European Organisation for Research and Treatment of Cancer - EORTC",
            "LeadSponsorClass":"NETWORK"
          },
          "CollaboratorList":{
            "Collaborator":[
              {
                "CollaboratorName":"Breast International Group",
                "CollaboratorClass":"OTHER"
              }
            ]
          }
        },
        "OversightModule":{},
        "DescriptionModule":{
          "BriefSummary":"RATIONALE: Estrogen can stimulate the growth of breast cancer cells. Hormone therapy using ICI 182780 before surgery may block the uptake of estrogen by the tumor cells and prevent metastases. It is not yet known if ICI 182780 is effective in preventing breast cancer metastases.\n\nPURPOSE: Randomized phase III trial to study the effectiveness of ICI 182780 given before surgery in treating women who have stage I or stage II primary breast cancer.",
          "DetailedDescription":"OBJECTIVES:\n\nDetermine the inhibitory effect of ICI 182780 on the development of metastasis, as measured by disease-free survival and overall survival, in women with operable stage I or II primary breast cancer.\nDetermine toxicity of this regimen in these patients.\n\nOUTLINE: This is a randomized, double-blind, placebo-controlled, multicenter study. Patients are stratified according to participating center and menopausal status (premenopausal vs postmenopausal).\n\nPatients are randomized to receive either ICI 182780 IM or placebo IM over 2 minutes on day 1. Patients undergo surgery between days 8 and 29.\n\nPatients are followed every 3 months for 2 years, every 6 months for 3 years, and then annually thereafter.\n\nPROJECTED ACCRUAL: A total of 3,656 patients (1,828 per arm) will be accrued for this study within 2 years."
        },
        "ConditionsModule":{
          "ConditionList":{
            "Condition":[
              "Breast Cancer"
            ]
          },
          "KeywordList":{
            "Keyword":[
              "stage I breast cancer",
              "stage II breast cancer"
            ]
          }
        },
        "DesignModule":{
          "StudyType":"Interventional",
          "PhaseList":{
            "Phase":[
              "Phase 3"
            ]
          },
          "DesignInfo":{
            "DesignPrimaryPurpose":"Treatment"
          }
        },
        "ArmsInterventionsModule":{
          "InterventionList":{
            "Intervention":[
              {
                "InterventionType":"Drug",
                "InterventionName":"fulvestrant"
              },{
                "InterventionType":"Procedure",
                "InterventionName":"conventional surgery"
              }
            ]
          }
        },
        "EligibilityModule":{
          "EligibilityCriteria":"DISEASE CHARACTERISTICS:\n\nHistologically or cytologically confirmed stage I or II primary operable breast cancer\n\nSurgery planned within next 1-4 weeks\n\nHormone receptor status:\n\nEstrogen receptor positive or unknown\nNo known estrogen receptor negative tumor\nUnknown progesterone receptor status eligible\n\nPATIENT CHARACTERISTICS:\n\nAge:\n\nAny age\n\nSex:\n\nFemale\n\nMenopausal status:\n\nPremenopausal or postmenopausal\n\nPerformance status:\n\nNot specified\n\nLife expectancy:\n\nNot specified\n\nHematopoietic:\n\nNo bleeding diathesis not compatible with an IM depot injection\n\nHepatic:\n\nNot specified\n\nRenal:\n\nNot specified\n\nOther:\n\nNot pregnant\nNegative pregnancy test\nFertile patients must use effective non-hormonal contraception during and for 2-3 months after study\nNo other prior or concurrent malignancy except adequately treated basal cell carcinoma of the skin or cancer of the uterine cervix\nNo psychological, familial, sociological, or geographical condition that would preclude study\n\nPRIOR CONCURRENT THERAPY:\n\nBiologic therapy:\n\nNot specified\n\nChemotherapy:\n\nNot specified\n\nEndocrine therapy:\n\nAt least 2 months since prior ICI 182780\n\nRadiotherapy:\n\nNo prior radiotherapy to primary tumor\n\nSurgery:\n\nSee Disease Characteristics\n\nOther:\n\nNo other concurrent preoperative therapy for breast cancer",
          "HealthyVolunteers":"No",
          "Gender":"Female",
          "StdAgeList":{
            "StdAge":[
              "Child",
              "Adult",
              "Older Adult"
            ]
          }
        },
        "ContactsLocationsModule":{
          "OverallOfficialList":{
            "OverallOfficial":[
              {
                "OverallOfficialName":"Cornelis J.H. van de Velde, MD, PhD, FRCS, FRCPS",
                "OverallOfficialAffiliation":"Leiden University Medical Center",
                "OverallOfficialRole":"Study Chair"
              },{
                "OverallOfficialName":"Anthony Howell, MD",
                "OverallOfficialAffiliation":"The Christie NHS Foundation Trust",
                "OverallOfficialRole":"Study Chair"
              }
            ]
          },
          "LocationList":{
            "Location":[
              {
                "LocationFacility":"Christie Hospital N.H.S. Trust",
                "LocationCity":"Manchester",
                "LocationState":"England",
                "LocationZip":"M20 4BX",
                "LocationCountry":"United Kingdom"
              }
            ]
          }
        }
      },
      "DerivedSection":{
        "MiscInfoModule":{
          "VersionHolder":"April 19, 2021"
        },
        "ConditionBrowseModule":{
          "ConditionMeshList":{
            "ConditionMesh":[
              {
                "ConditionMeshId":"D000001943",
                "ConditionMeshTerm":"Breast Neoplasms"
              }
            ]
          },
          "ConditionAncestorList":{
            "ConditionAncestor":[
              {
                "ConditionAncestorId":"D000009371",
                "ConditionAncestorTerm":"Neoplasms by Site"
              },{
                "ConditionAncestorId":"D000009369",
                "ConditionAncestorTerm":"Neoplasms"
              },{
                "ConditionAncestorId":"D000001941",
                "ConditionAncestorTerm":"Breast Diseases"
              },{
                "ConditionAncestorId":"D000012871",
                "ConditionAncestorTerm":"Skin Diseases"
              }
            ]
          },
          "ConditionBrowseLeafList":{
            "ConditionBrowseLeaf":[
              {
                "ConditionBrowseLeafId":"M3802",
                "ConditionBrowseLeafName":"Breast Neoplasms",
                "ConditionBrowseLeafAsFound":"Breast Cancer",
                "ConditionBrowseLeafRelevance":"high"
              },{
                "ConditionBrowseLeafId":"M13433",
                "ConditionBrowseLeafName":"Recurrence",
                "ConditionBrowseLeafRelevance":"low"
              },{
                "ConditionBrowseLeafId":"M3800",
                "ConditionBrowseLeafName":"Breast Diseases",
                "ConditionBrowseLeafRelevance":"low"
              },{
                "ConditionBrowseLeafId":"M14257",
                "ConditionBrowseLeafName":"Skin Diseases",
                "ConditionBrowseLeafRelevance":"low"
              }
            ]
          },
          "ConditionBrowseBranchList":{
            "ConditionBrowseBranch":[
              {
                "ConditionBrowseBranchAbbrev":"BC04",
                "ConditionBrowseBranchName":"Cancers and Other Neoplasms"
              },{
                "ConditionBrowseBranchAbbrev":"BC17",
                "ConditionBrowseBranchName":"Skin and Connective Tissue Diseases"
              },{
                "ConditionBrowseBranchAbbrev":"All",
                "ConditionBrowseBranchName":"All Conditions"
              },{
                "ConditionBrowseBranchAbbrev":"BC23",
                "ConditionBrowseBranchName":"Symptoms and General Pathology"
              }
            ]
          }
        },
        "InterventionBrowseModule":{
          "InterventionMeshList":{
            "InterventionMesh":[
              {
                "InterventionMeshId":"D000077267",
                "InterventionMeshTerm":"Fulvestrant"
              }
            ]
          },
          "InterventionAncestorList":{
            "InterventionAncestor":[
              {
                "InterventionAncestorId":"D000018931",
                "InterventionAncestorTerm":"Antineoplastic Agents, Hormonal"
              },{
                "InterventionAncestorId":"D000000970",
                "InterventionAncestorTerm":"Antineoplastic Agents"
              },{
                "InterventionAncestorId":"D000065171",
                "InterventionAncestorTerm":"Estrogen Receptor Antagonists"
              },{
                "InterventionAncestorId":"D000004965",
                "InterventionAncestorTerm":"Estrogen Antagonists"
              },{
                "InterventionAncestorId":"D000006727",
                "InterventionAncestorTerm":"Hormone Antagonists"
              },{
                "InterventionAncestorId":"D000006730",
                "InterventionAncestorTerm":"Hormones, Hormone Substitutes, and Hormone Antagonists"
              },{
                "InterventionAncestorId":"D000045505",
                "InterventionAncestorTerm":"Physiological Effects of Drugs"
              }
            ]
          },
          "InterventionBrowseLeafList":{
            "InterventionBrowseLeaf":[
              {
                "InterventionBrowseLeafId":"M1723",
                "InterventionBrowseLeafName":"Fulvestrant",
                "InterventionBrowseLeafAsFound":"BAY",
                "InterventionBrowseLeafRelevance":"high"
              },{
                "InterventionBrowseLeafId":"M19550",
                "InterventionBrowseLeafName":"Antineoplastic Agents, Hormonal",
                "InterventionBrowseLeafRelevance":"low"
              },{
                "InterventionBrowseLeafId":"M6699",
                "InterventionBrowseLeafName":"Estrogens",
                "InterventionBrowseLeafRelevance":"low"
              },{
                "InterventionBrowseLeafId":"M6697",
                "InterventionBrowseLeafName":"Estrogen Antagonists",
                "InterventionBrowseLeafRelevance":"low"
              },{
                "InterventionBrowseLeafId":"M29070",
                "InterventionBrowseLeafName":"Estrogen Receptor Antagonists",
                "InterventionBrowseLeafRelevance":"low"
              },{
                "InterventionBrowseLeafId":"M8372",
                "InterventionBrowseLeafName":"Hormones",
                "InterventionBrowseLeafRelevance":"low"
              },{
                "InterventionBrowseLeafId":"M8371",
                "InterventionBrowseLeafName":"Hormone Antagonists",
                "InterventionBrowseLeafRelevance":"low"
              }
            ]
          },
          "InterventionBrowseBranchList":{
            "InterventionBrowseBranch":[
              {
                "InterventionBrowseBranchAbbrev":"ANeo",
                "InterventionBrowseBranchName":"Antineoplastic Agents"
              },{
                "InterventionBrowseBranchAbbrev":"All",
                "InterventionBrowseBranchName":"All Drugs and Chemicals"
              }
            ]
          }
        }
      }
    }
  }
}

