{
  "FullStudy":{
    "Rank":368511,
    "Study":{
      "ProtocolSection":{
        "IdentificationModule":{
          "NCTId":"NCT00015340",
          "OrgStudyIdInfo":{
            "OrgStudyId":"NIDA-5-0013-14"
          },
          "SecondaryIdInfoList":{
            "SecondaryIdInfo":[
              {
                "SecondaryId":"Y01-5-0013-14"
              }
            ]
          },
          "Organization":{
            "OrgFullName":"National Institute on Drug Abuse (NIDA)",
            "OrgClass":"NIH"
          },
          "BriefTitle":"Buprenorphine/Naloxone in the Treatment of Heroin Dependence - 14",
          "OfficialTitle":"Buprenorphine/Nx Treatment of Heroin Dependence-A Compassionate Use Study"
        },
        "StatusModule":{
          "StatusVerifiedDate":"August 2016",
          "OverallStatus":"Completed",
          "ExpandedAccessInfo":{
            "HasExpandedAccess":"No"
          },
          "StartDateStruct":{
            "StartDate":"August 1999"
          },
          "PrimaryCompletionDateStruct":{
            "PrimaryCompletionDate":"August 2001",
            "PrimaryCompletionDateType":"Actual"
          },
          "CompletionDateStruct":{
            "CompletionDate":"September 2001",
            "CompletionDateType":"Actual"
          },
          "StudyFirstSubmitDate":"April 18, 2001",
          "StudyFirstSubmitQCDate":"April 17, 2001",
          "StudyFirstPostDateStruct":{
            "StudyFirstPostDate":"April 18, 2001",
            "StudyFirstPostDateType":"Estimate"
          },
          "LastUpdateSubmitDate":"January 11, 2017",
          "LastUpdatePostDateStruct":{
            "LastUpdatePostDate":"January 12, 2017",
            "LastUpdatePostDateType":"Estimate"
          }
        },
        "SponsorCollaboratorsModule":{
          "LeadSponsor":{
            "LeadSponsorName":"National Institute on Drug Abuse (NIDA)",
            "LeadSponsorClass":"NIH"
          },
          "CollaboratorList":{
            "Collaborator":[
              {
                "CollaboratorName":"New York MDRU",
                "CollaboratorClass":"OTHER"
              }
            ]
          }
        },
        "DescriptionModule":{
          "BriefSummary":"The purpose of this study is the safety and efficacy of Buprenorphine/Naloxone in the treatment of opioid dependence. A compassionate use study.",
          "DetailedDescription":"The objective of this study is to provide follow-up compassionate use treatment and evaluate long term safety and efficacy of a buprenorphine/naloxone combination tablet for opiate dependence treatment for subjects who have completed Cooperative Study 1008 A and B."
        },
        "ConditionsModule":{
          "ConditionList":{
            "Condition":[
              "Opioid Dependence",
              "Substance-Related Disorders"
            ]
          },
          "KeywordList":{
            "Keyword":[
              "Opioid Dependence"
            ]
          }
        },
        "DesignModule":{
          "StudyType":"Interventional",
          "PhaseList":{
            "Phase":[
              "Phase 4"
            ]
          },
          "DesignInfo":{
            "DesignAllocation":"N/A",
            "DesignInterventionModel":"Single Group Assignment",
            "DesignPrimaryPurpose":"Treatment",
            "DesignMaskingInfo":{
              "DesignMasking":"None (Open Label)"
            }
          },
          "EnrollmentInfo":{
            "EnrollmentCount":"582",
            "EnrollmentType":"Actual"
          }
        },
        "ArmsInterventionsModule":{
          "ArmGroupList":{
            "ArmGroup":[
              {
                "ArmGroupLabel":"Buprenorphine/Naloxone",
                "ArmGroupType":"Experimental",
                "ArmGroupInterventionList":{
                  "ArmGroupInterventionName":[
                    "Drug: Buprenorphine/naloxone"
                  ]
                }
              }
            ]
          },
          "InterventionList":{
            "Intervention":[
              {
                "InterventionType":"Drug",
                "InterventionName":"Buprenorphine/naloxone",
                "InterventionArmGroupLabelList":{
                  "InterventionArmGroupLabel":[
                    "Buprenorphine/Naloxone"
                  ]
                }
              }
            ]
          }
        },
        "OutcomesModule":{
          "PrimaryOutcomeList":{
            "PrimaryOutcome":[
              {
                "PrimaryOutcomeMeasure":"Craving"
              },{
                "PrimaryOutcomeMeasure":"Retention"
              },{
                "PrimaryOutcomeMeasure":"Opioid withdrawal"
              },{
                "PrimaryOutcomeMeasure":"Subjective rating"
              }
            ]
          }
        },
        "EligibilityModule":{
          "EligibilityCriteria":"Inclusion Criteria:\n\n- Completion of Cooperative Study 1008 A/B\n\nExclusion Criteria:\n\n- Significant medical or psychiatric illness. Non-compliance with study procedures in the Cooperative Study 1008 A/B",
          "HealthyVolunteers":"Accepts Healthy Volunteers",
          "Gender":"All",
          "MinimumAge":"18 Years",
          "MaximumAge":"59 Years",
          "StdAgeList":{
            "StdAge":[
              "Adult"
            ]
          }
        },
        "ContactsLocationsModule":{
          "OverallOfficialList":{
            "OverallOfficial":[
              {
                "OverallOfficialName":"Paul Casadonte, M.D.",
                "OverallOfficialAffiliation":"New York VAMC",
                "OverallOfficialRole":"Study Chair"
              }
            ]
          },
          "LocationList":{
            "Location":[
              {
                "LocationFacility":"University of California",
                "LocationCity":"Los Angeles",
                "LocationState":"California",
                "LocationZip":"90095",
                "LocationCountry":"United States"
              },{
                "LocationFacility":"VA Medical Center",
                "LocationCity":"Tampa",
                "LocationState":"Florida",
                "LocationZip":"33612",
                "LocationCountry":"United States"
              },{
                "LocationFacility":"VA Medical Center",
                "LocationCity":"Hines",
                "LocationState":"Illinois",
                "LocationZip":"60141",
                "LocationCountry":"United States"
              },{
                "LocationFacility":"New York VAMC",
                "LocationCity":"New York",
                "LocationState":"New York",
                "LocationZip":"10010",
                "LocationCountry":"United States"
              },{
                "LocationFacility":"VA PUget Sound Helath Care System",
                "LocationCity":"Seattle",
                "LocationState":"Washington",
                "LocationZip":"98108",
                "LocationCountry":"United States"
              }
            ]
          }
        }
      },
      "DerivedSection":{
        "MiscInfoModule":{
          "VersionHolder":"April 19, 2021"
        },
        "ConditionBrowseModule":{
          "ConditionMeshList":{
            "ConditionMesh":[
              {
                "ConditionMeshId":"D000009293",
                "ConditionMeshTerm":"Opioid-Related Disorders"
              },{
                "ConditionMeshId":"D000019966",
                "ConditionMeshTerm":"Substance-Related Disorders"
              },{
                "ConditionMeshId":"D000006556",
                "ConditionMeshTerm":"Heroin Dependence"
              }
            ]
          },
          "ConditionAncestorList":{
            "ConditionAncestor":[
              {
                "ConditionAncestorId":"D000064419",
                "ConditionAncestorTerm":"Chemically-Induced Disorders"
              },{
                "ConditionAncestorId":"D000001523",
                "ConditionAncestorTerm":"Mental Disorders"
              }
            ]
          },
          "ConditionBrowseLeafList":{
            "ConditionBrowseLeaf":[
              {
                "ConditionBrowseLeafId":"M20421",
                "ConditionBrowseLeafName":"Substance-Related Disorders",
                "ConditionBrowseLeafAsFound":"Substance-Related Disorders",
                "ConditionBrowseLeafRelevance":"high"
              },{
                "ConditionBrowseLeafId":"M8217",
                "ConditionBrowseLeafName":"Heroin Dependence",
                "ConditionBrowseLeafAsFound":"Heroin Dependence",
                "ConditionBrowseLeafRelevance":"high"
              },{
                "ConditionBrowseLeafId":"M10827",
                "ConditionBrowseLeafName":"Opioid-Related Disorders",
                "ConditionBrowseLeafAsFound":"Opioid Dependence",
                "ConditionBrowseLeafRelevance":"high"
              },{
                "ConditionBrowseLeafId":"M28889",
                "ConditionBrowseLeafName":"Chemically-Induced Disorders",
                "ConditionBrowseLeafRelevance":"low"
              },{
                "ConditionBrowseLeafId":"M3396",
                "ConditionBrowseLeafName":"Mental Disorders",
                "ConditionBrowseLeafRelevance":"low"
              },{
                "ConditionBrowseLeafId":"M13056",
                "ConditionBrowseLeafName":"Psychotic Disorders",
                "ConditionBrowseLeafRelevance":"low"
              }
            ]
          },
          "ConditionBrowseBranchList":{
            "ConditionBrowseBranch":[
              {
                "ConditionBrowseBranchAbbrev":"BC25",
                "ConditionBrowseBranchName":"Substance Related Disorders"
              },{
                "ConditionBrowseBranchAbbrev":"BXM",
                "ConditionBrowseBranchName":"Behaviors and Mental Disorders"
              },{
                "ConditionBrowseBranchAbbrev":"All",
                "ConditionBrowseBranchName":"All Conditions"
              }
            ]
          }
        },
        "InterventionBrowseModule":{
          "InterventionMeshList":{
            "InterventionMesh":[
              {
                "InterventionMeshId":"D000002047",
                "InterventionMeshTerm":"Buprenorphine"
              },{
                "InterventionMeshId":"D000069479",
                "InterventionMeshTerm":"Buprenorphine, Naloxone Drug Combination"
              },{
                "InterventionMeshId":"D000009270",
                "InterventionMeshTerm":"Naloxone"
              }
            ]
          },
          "InterventionAncestorList":{
            "InterventionAncestor":[
              {
                "InterventionAncestorId":"D000000701",
                "InterventionAncestorTerm":"Analgesics, Opioid"
              },{
                "InterventionAncestorId":"D000009294",
                "InterventionAncestorTerm":"Narcotics"
              },{
                "InterventionAncestorId":"D000002492",
                "InterventionAncestorTerm":"Central Nervous System Depressants"
              },{
                "InterventionAncestorId":"D000045505",
                "InterventionAncestorTerm":"Physiological Effects of Drugs"
              },{
                "InterventionAncestorId":"D000000700",
                "InterventionAncestorTerm":"Analgesics"
              },{
                "InterventionAncestorId":"D000018689",
                "InterventionAncestorTerm":"Sensory System Agents"
              },{
                "InterventionAncestorId":"D000018373",
                "InterventionAncestorTerm":"Peripheral Nervous System Agents"
              },{
                "InterventionAncestorId":"D000009292",
                "InterventionAncestorTerm":"Narcotic Antagonists"
              }
            ]
          },
          "InterventionBrowseLeafList":{
            "InterventionBrowseLeaf":[
              {
                "InterventionBrowseLeafId":"M10804",
                "InterventionBrowseLeafName":"Naloxone",
                "InterventionBrowseLeafAsFound":"Inclusion",
                "InterventionBrowseLeafRelevance":"high"
              },{
                "InterventionBrowseLeafId":"M2614",
                "InterventionBrowseLeafName":"Analgesics, Opioid",
                "InterventionBrowseLeafRelevance":"low"
              },{
                "InterventionBrowseLeafId":"M3899",
                "InterventionBrowseLeafName":"Buprenorphine",
                "InterventionBrowseLeafAsFound":"Mobile",
                "InterventionBrowseLeafRelevance":"high"
              },{
                "InterventionBrowseLeafId":"M5710",
                "InterventionBrowseLeafName":"Heroin",
                "InterventionBrowseLeafRelevance":"low"
              },{
                "InterventionBrowseLeafId":"M447",
                "InterventionBrowseLeafName":"Buprenorphine, Naloxone Drug Combination",
                "InterventionBrowseLeafAsFound":"Low Grade",
                "InterventionBrowseLeafRelevance":"high"
              },{
                "InterventionBrowseLeafId":"M2613",
                "InterventionBrowseLeafName":"Analgesics",
                "InterventionBrowseLeafRelevance":"low"
              },{
                "InterventionBrowseLeafId":"M10828",
                "InterventionBrowseLeafName":"Narcotics",
                "InterventionBrowseLeafRelevance":"low"
              },{
                "InterventionBrowseLeafId":"M10826",
                "InterventionBrowseLeafName":"Narcotic Antagonists",
                "InterventionBrowseLeafRelevance":"low"
              }
            ]
          },
          "InterventionBrowseBranchList":{
            "InterventionBrowseBranch":[
              {
                "InterventionBrowseBranchAbbrev":"NarcAntag",
                "InterventionBrowseBranchName":"Narcotic Antagonists"
              },{
                "InterventionBrowseBranchAbbrev":"All",
                "InterventionBrowseBranchName":"All Drugs and Chemicals"
              },{
                "InterventionBrowseBranchAbbrev":"Analg",
                "InterventionBrowseBranchName":"Analgesics"
              },{
                "InterventionBrowseBranchAbbrev":"CNSDep",
                "InterventionBrowseBranchName":"Central Nervous System Depressants"
              }
            ]
          }
        }
      }
    }
  }
}

