{
  "FullStudy":{
    "Rank":368811,
    "Study":{
      "ProtocolSection":{
        "IdentificationModule":{
          "NCTId":"NCT00011011",
          "OrgStudyIdInfo":{
            "OrgStudyId":"A5068"
          },
          "SecondaryIdInfoList":{
            "SecondaryIdInfo":[
              {
                "SecondaryId":"10072",
                "SecondaryIdType":"Registry Identifier",
                "SecondaryIdDomain":"DAIDS ES Registry Number"
              },{
                "SecondaryId":"Substudy AACTG A5101s"
              },{
                "SecondaryId":"Substudy AACTG A5111s"
              },{
                "SecondaryId":"Substudy AACTG A5137s"
              },{
                "SecondaryId":"ACTG A5068"
              },{
                "SecondaryId":"AACTG A5068"
              }
            ]
          },
          "Organization":{
            "OrgFullName":"National Institute of Allergy and Infectious Diseases (NIAID)",
            "OrgClass":"NIH"
          },
          "BriefTitle":"Vaccine (ALVAC-HIV vCP1452) Use and Intermittent Withdrawal of Anti-HIV Drugs in Patients With HIV",
          "OfficialTitle":"A Randomized Phase I/II Pilot Study of Intermittent Withdrawal of Antiretroviral Therapy as an Immunization Strategy and Double-Blinded Immunization With ALVAC-HIV vCP1452 in Subjects With Persistent CD4+ Cell Counts Greater Than 400 Cells/mm3 and Plasma HIV-1 RNA Levels Less Than 50 Copies/ml"
        },
        "StatusModule":{
          "StatusVerifiedDate":"July 2013",
          "OverallStatus":"Completed",
          "StartDateStruct":{
            "StartDate":"February 2001"
          },
          "CompletionDateStruct":{
            "CompletionDate":"October 2006",
            "CompletionDateType":"Actual"
          },
          "StudyFirstSubmitDate":"February 8, 2001",
          "StudyFirstSubmitQCDate":"August 30, 2001",
          "StudyFirstPostDateStruct":{
            "StudyFirstPostDate":"August 31, 2001",
            "StudyFirstPostDateType":"Estimate"
          },
          "LastUpdateSubmitDate":"July 30, 2013",
          "LastUpdatePostDateStruct":{
            "LastUpdatePostDate":"July 31, 2013",
            "LastUpdatePostDateType":"Estimate"
          }
        },
        "SponsorCollaboratorsModule":{
          "ResponsibleParty":{
            "ResponsiblePartyType":"Sponsor"
          },
          "LeadSponsor":{
            "LeadSponsorName":"National Institute of Allergy and Infectious Diseases (NIAID)",
            "LeadSponsorClass":"NIH"
          }
        },
        "OversightModule":{},
        "DescriptionModule":{
          "BriefSummary":"Long-term control of HIV depends on improvement in an individual's immune system. The purpose of this study is to see if either stopping anti-HIV drugs for short periods of time and/or adding a vaccine to the anti-HIV drugs being taken will help to better control HIV infection. The study will test whether these treatment approaches are safe. The HIV vaccine in this study has been tested in people who did not have HIV infection and improved the way their immune system worked. This study will evaluate whether these same immune system changes happen in people with HIV, and, if such changes do occur, assess whether these changes help to improve control of HIV in these patients.",
          "DetailedDescription":"The best hope for long-term control of HIV infection in an individual likely rests with the resumption of effective HIV-specific immune responses. Intermittent antiretroviral therapy (ART) withdrawal, as an attempt to \"immunize\" the subject with his/her own active viral quasi-species population, represents an alternative approach to traditional immunization strategies. This study hopes to determine whether intermittent ART withdrawal serves to stimulate HIV-specific immune responses and control of viral replication. This approach will be compared with vaccination with ALVAC-HIV vCP1452. In addition, it is conceivable that intermittent ART withdrawal could boost and broaden the prime response to exogenous vaccine; that will also be studied.\n\nPatients will continue receiving their potent ART (not provided by the study) and will be randomly assigned to one of four treatment strategies as follows:\n\nArm A: ALVAC placebo and potent ART for 92 weeks with a single 12- to 20-week therapy withdrawal period; Arm B: ALVAC placebo and potent ART for 84 weeks with a 4- to 6-week therapy withdrawal period, a 4-week therapy withdrawal period, and a 12- to 20-week therapy withdrawal period; Arm C: ALVAC vCP1452 vaccine and potent ART for 92 weeks with a single 12- to 20-week therapy withdrawal period; and Arm D: ALVAC vCP1452 vaccine and potent ART for 84 weeks with a 4- to 6-week therapy withdrawal period, a 4-week therapy withdrawal period, and a 12- to 20-week therapy withdrawal period.\n\nImmunizations of placebo or vaccine wil be administered in 3 separate sets of 3 injections per set (9 total) and immunization schedules are the same for all patients, those undergoing intermittent therapy withdrawal (Arms B and D) and those who are not (Arms A and C).\n\nThis is a multiple-step study. Patients in Arms B and D will receive a 4-week period of potent ART therapy along with the first set of immunizations (Step 1) followed by therapy withdrawal for 4 to 6 weeks (Step 2). Alternating periods of therapy resumption (Step 3, consisting of 16 weeks on potent ART with the second set of vaccine administrations), a second therapy withdrawal (Step 4 for 4 weeks), and another therapy resumption (Step 5, consisting of 16 weeks on potent ART with the third set of vaccine administrations) will follow. Patients in Arms A and C will remain on Step 1 for the first 44 weeks on study.\n\nAfter 44 to 46 weeks on study, patients in all arms will have therapy withdrawn for 12 to 20 weeks (Step 6). Following completion of Step 6, patients whose viral load are below 10,000 copies/ml will be encouraged to remain off potent ART (Step 7) until completion of the study, as long as CD4 T-cell levels remain 50 percent or more of their baseline levels. Participants who successfully complete Step 7 will be invited to enter Step 9, a 48-week optional protocol extension. Otherwise, patients will restart their potent ART regimens (Step 8) and receive virologic and CD4 T-cell monitoring until completion of the study.\n\nAll patients will be monitored at regular clinic visits. Viral load and CD4 T-cell counts will be measured at each visit. Patients in all arms may participate in substudy A5101s (Male Genital Secretions) or substudy A5137s (Female Genital Secretions), and patients in Arms B and D may participate in substudy A5111s (Latent Infected T-Cell Clearance)."
        },
        "ConditionsModule":{
          "ConditionList":{
            "Condition":[
              "HIV Infections"
            ]
          },
          "KeywordList":{
            "Keyword":[
              "HIV-1",
              "Drug Administration Schedule",
              "AIDS Vaccines",
              "CD4 Lymphocyte Count",
              "RNA, Viral",
              "Anti-HIV Agents",
              "Viral Load",
              "HIV Therapeutic Vaccine",
              "Treatment Interruption"
            ]
          }
        },
        "DesignModule":{
          "StudyType":"Interventional",
          "PhaseList":{
            "Phase":[
              "Phase 1",
              "Phase 2"
            ]
          },
          "DesignInfo":{
            "DesignAllocation":"Randomized",
            "DesignInterventionModel":"Factorial Assignment",
            "DesignPrimaryPurpose":"Treatment",
            "DesignMaskingInfo":{
              "DesignMasking":"Double"
            }
          },
          "EnrollmentInfo":{
            "EnrollmentCount":"94",
            "EnrollmentType":"Actual"
          }
        },
        "ArmsInterventionsModule":{
          "InterventionList":{
            "Intervention":[
              {
                "InterventionType":"Biological",
                "InterventionName":"ALVAC(2)120(B,MN)GNP (vCP1452)"
              }
            ]
          }
        },
        "EligibilityModule":{
          "EligibilityCriteria":"Inclusion Criteria for Step 1\n\nHIV infection\nCD4 count greater than 400 cells/mm3 within 6 months before study entry\nCurrent, persistent viral load below 400 copies/ml for 6 months before study entry and under 50 copies/ml at study screening\nCurrently receiving their first combination ART regimen (3 or more antiretrovirals) for at least 4 weeks before screening, or if the current potent ART regimen is not their first potent ART regimen, must have been receiving the current regimen for at least 4 weeks prior to screening\nNegative pregnancy test within 45 days before study entry\nAcceptable methods of contraception\nProvide informed consent\n\nExclusion Criteria\n\nImmunomodulators within 45 days of study entry such as systemic corticosteroids, interferons, interleukins, thalidomide, sargramostim (granulocyte-macrophage colony-stimulating factor [GM-CSF]), dinitrochlorobenzene (DNCB), thymosin alpha, thymopentin, inosiplex, polyribonucleoside, and ditiocarb sodium\nAbacavir within 8 weeks of study entry\nInfection or medical illness within 14 days of study entry\nCancer that may require systemic therapy\nHistory of lymph node radiation therapy\nPrior HIV vaccine\nReceived hydroxyurea within 45 days of study entry\nClose contact with canaries through work (e.g., breeding farms, bird shops); patients with a pet canary are not excluded\nAbuse or dependence on drugs or alcohol\nAllergic to albumin\nPregnant or breastfeeding\nInfected with HIV within 1 year of study entry\nInterruption of potent ART for more than 7 consecutive days within 1 year of study entry\nHistory of allergy to egg proteins or neomycin\nHistory of other serious acute allergic reactions (e.g., anaphylaxis, allergy-induced asthma, Stevens-Johnson syndrome, toxic epidermal necrolysis)",
          "HealthyVolunteers":"No",
          "Gender":"All",
          "MinimumAge":"13 Years",
          "StdAgeList":{
            "StdAge":[
              "Child",
              "Adult",
              "Older Adult"
            ]
          }
        },
        "ContactsLocationsModule":{
          "OverallOfficialList":{
            "OverallOfficial":[
              {
                "OverallOfficialName":"Jeffrey M. Jacobson, MD",
                "OverallOfficialAffiliation":"Beth Israel Medical Center",
                "OverallOfficialRole":"Study Chair"
              },{
                "OverallOfficialName":"Ian Frank, MD",
                "OverallOfficialAffiliation":"Division of Infectious Diseases, University of Pennsylvania",
                "OverallOfficialRole":"Study Chair"
              }
            ]
          },
          "LocationList":{
            "Location":[
              {
                "LocationFacility":"Alabama Therapeutics CRS",
                "LocationCity":"Birmingham",
                "LocationState":"Alabama",
                "LocationZip":"35294",
                "LocationCountry":"United States"
              },{
                "LocationFacility":"UCLA CARE Center CRS",
                "LocationCity":"Los Angeles",
                "LocationState":"California",
                "LocationZip":"90095",
                "LocationCountry":"United States"
              },{
                "LocationFacility":"Ucsf Aids Crs",
                "LocationCity":"San Francisco",
                "LocationState":"California",
                "LocationZip":"94110",
                "LocationCountry":"United States"
              },{
                "LocationFacility":"Indiana Univ. School of Medicine, Infectious Disease Research Clinic",
                "LocationCity":"Indianapolis",
                "LocationState":"Indiana",
                "LocationZip":"46202",
                "LocationCountry":"United States"
              },{
                "LocationFacility":"Washington U CRS",
                "LocationCity":"St. Louis",
                "LocationState":"Missouri",
                "LocationZip":"63110",
                "LocationCountry":"United States"
              },{
                "LocationFacility":"Beth Israel Med. Ctr., ACTU",
                "LocationCity":"New York",
                "LocationState":"New York",
                "LocationZip":"10003",
                "LocationCountry":"United States"
              },{
                "LocationFacility":"NY Univ. HIV/AIDS CRS",
                "LocationCity":"New York",
                "LocationState":"New York",
                "LocationZip":"10016",
                "LocationCountry":"United States"
              },{
                "LocationFacility":"AIDS Care CRS",
                "LocationCity":"Rochester",
                "LocationState":"New York",
                "LocationZip":"14607",
                "LocationCountry":"United States"
              },{
                "LocationFacility":"Univ. of Rochester ACTG CRS",
                "LocationCity":"Rochester",
                "LocationState":"New York",
                "LocationZip":"14642",
                "LocationCountry":"United States"
              },{
                "LocationFacility":"Unc Aids Crs",
                "LocationCity":"Chapel Hill",
                "LocationState":"North Carolina",
                "LocationZip":"27599",
                "LocationCountry":"United States"
              },{
                "LocationFacility":"Case CRS",
                "LocationCity":"Cleveland",
                "LocationState":"Ohio",
                "LocationZip":"44106",
                "LocationCountry":"United States"
              },{
                "LocationFacility":"The Ohio State University Medical Center",
                "LocationCity":"Columbus",
                "LocationState":"Ohio",
                "LocationZip":"43210",
                "LocationCountry":"United States"
              },{
                "LocationFacility":"Hosp. of the Univ. of Pennsylvania CRS",
                "LocationCity":"Philadelphia",
                "LocationState":"Pennsylvania",
                "LocationZip":"19104",
                "LocationCountry":"United States"
              },{
                "LocationFacility":"Univ. of Pennsylvania Health System, Presbyterian Med. Ctr.",
                "LocationCity":"Philadelphia",
                "LocationState":"Pennsylvania",
                "LocationZip":"19104",
                "LocationCountry":"United States"
              },{
                "LocationFacility":"The Miriam Hosp. ACTG CRS",
                "LocationCity":"Providence",
                "LocationState":"Rhode Island",
                "LocationZip":"02906",
                "LocationCountry":"United States"
              },{
                "LocationFacility":"University of Washington AIDS CRS",
                "LocationCity":"Seattle",
                "LocationState":"Washington",
                "LocationZip":"98104",
                "LocationCountry":"United States"
              }
            ]
          }
        },
        "ReferencesModule":{
          "ReferenceList":{
            "Reference":[
              {
                "ReferencePMID":"9310492",
                "ReferenceType":"background",
                "ReferenceCitation":"Ferrari G, Berend C, Ottinger J, Dodge R, Bartlett J, Toso J, Moody D, Tartaglia J, Cox WI, Paoletti E, Weinhold KJ. Replication-defective canarypox (ALVAC) vectors effectively activate anti-human immunodeficiency virus-1 cytotoxic T lymphocytes present in infected patients: implications for antigen-specific immunotherapy. Blood. 1997 Sep 15;90(6):2406-16."
              },{
                "ReferencePMID":"9367954",
                "ReferenceType":"background",
                "ReferenceCitation":"Rosenberg ES, Billingsley JM, Caliendo AM, Boswell SL, Sax PE, Kalams SA, Walker BD. Vigorous HIV-1-specific CD4+ T cell responses associated with control of viremia. Science. 1997 Nov 21;278(5342):1447-50."
              },{
                "ReferencePMID":"9875578",
                "ReferenceType":"background",
                "ReferenceCitation":"Belshe RB, Gorse GJ, Mulligan MJ, Evans TG, Keefer MC, Excler JL, Duliege AM, Tartaglia J, Cox WI, McNamara J, Hwang KL, Bradney A, Montefiori D, Weinhold KJ. Induction of immune responses to HIV-1 by canarypox virus (ALVAC) HIV-1 and gp120 SF-2 recombinant vaccines in uninfected volunteers. NIAID AIDS Vaccine Evaluation Group. AIDS. 1998 Dec 24;12(18):2407-15."
              },{
                "ReferencePMID":"16897661",
                "ReferenceType":"result",
                "ReferenceCitation":"Jacobson JM, Pat Bucy R, Spritzler J, Saag MS, Eron JJ Jr, Coombs RW, Wang R, Fox L, Johnson VA, Cu-Uvin S, Cohn SE, Mildvan D, O'Neill D, Janik J, Purdue L, O'Connor DK, Vita CD, Frank I; National Institute of Allergy and Infectious Diseases-AIDS Clinical Trials Group 5068 Protocol Team. Evidence that intermittent structured treatment interruption, but not immunization with ALVAC-HIV vCP1452, promotes host control of HIV replication: the results of AIDS Clinical Trials Group 5068. J Infect Dis. 2006 Sep 1;194(5):623-32. Epub 2006 Aug 1."
              }
            ]
          },
          "SeeAlsoLinkList":{
            "SeeAlsoLink":[
              {
                "SeeAlsoLinkLabel":"Haga clic aquí para ver información sobre este ensayo clínico en español.",
                "SeeAlsoLinkURL":"http://aidsinfo.nih.gov/clinicaltrials/htmltrials_sp.asp?an=1353"
              }
            ]
          }
        }
      },
      "DerivedSection":{
        "MiscInfoModule":{
          "VersionHolder":"April 19, 2021"
        },
        "ConditionBrowseModule":{
          "ConditionMeshList":{
            "ConditionMesh":[
              {
                "ConditionMeshId":"D000015658",
                "ConditionMeshTerm":"HIV Infections"
              }
            ]
          },
          "ConditionAncestorList":{
            "ConditionAncestor":[
              {
                "ConditionAncestorId":"D000016180",
                "ConditionAncestorTerm":"Lentivirus Infections"
              },{
                "ConditionAncestorId":"D000012192",
                "ConditionAncestorTerm":"Retroviridae Infections"
              },{
                "ConditionAncestorId":"D000012327",
                "ConditionAncestorTerm":"RNA Virus Infections"
              },{
                "ConditionAncestorId":"D000014777",
                "ConditionAncestorTerm":"Virus Diseases"
              },{
                "ConditionAncestorId":"D000015229",
                "ConditionAncestorTerm":"Sexually Transmitted Diseases, Viral"
              },{
                "ConditionAncestorId":"D000012749",
                "ConditionAncestorTerm":"Sexually Transmitted Diseases"
              },{
                "ConditionAncestorId":"D000007153",
                "ConditionAncestorTerm":"Immunologic Deficiency Syndromes"
              },{
                "ConditionAncestorId":"D000007154",
                "ConditionAncestorTerm":"Immune System Diseases"
              }
            ]
          },
          "ConditionBrowseLeafList":{
            "ConditionBrowseLeaf":[
              {
                "ConditionBrowseLeafId":"M8866",
                "ConditionBrowseLeafName":"Infection",
                "ConditionBrowseLeafRelevance":"low"
              },{
                "ConditionBrowseLeafId":"M4951",
                "ConditionBrowseLeafName":"Communicable Diseases",
                "ConditionBrowseLeafRelevance":"low"
              },{
                "ConditionBrowseLeafId":"M16833",
                "ConditionBrowseLeafName":"HIV Infections",
                "ConditionBrowseLeafAsFound":"HIV Infections",
                "ConditionBrowseLeafRelevance":"high"
              },{
                "ConditionBrowseLeafId":"M2103",
                "ConditionBrowseLeafName":"Acquired Immunodeficiency Syndrome",
                "ConditionBrowseLeafRelevance":"low"
              },{
                "ConditionBrowseLeafId":"M17223",
                "ConditionBrowseLeafName":"Lentivirus Infections",
                "ConditionBrowseLeafRelevance":"low"
              },{
                "ConditionBrowseLeafId":"M13609",
                "ConditionBrowseLeafName":"Retroviridae Infections",
                "ConditionBrowseLeafRelevance":"low"
              },{
                "ConditionBrowseLeafId":"M16105",
                "ConditionBrowseLeafName":"Virus Diseases",
                "ConditionBrowseLeafRelevance":"low"
              },{
                "ConditionBrowseLeafId":"M13732",
                "ConditionBrowseLeafName":"RNA Virus Infections",
                "ConditionBrowseLeafRelevance":"low"
              },{
                "ConditionBrowseLeafId":"M14141",
                "ConditionBrowseLeafName":"Sexually Transmitted Diseases",
                "ConditionBrowseLeafRelevance":"low"
              },{
                "ConditionBrowseLeafId":"M16516",
                "ConditionBrowseLeafName":"Sexually Transmitted Diseases, Viral",
                "ConditionBrowseLeafRelevance":"low"
              },{
                "ConditionBrowseLeafId":"M14938",
                "ConditionBrowseLeafName":"Syndrome",
                "ConditionBrowseLeafRelevance":"low"
              },{
                "ConditionBrowseLeafId":"M8782",
                "ConditionBrowseLeafName":"Immunologic Deficiency Syndromes",
                "ConditionBrowseLeafRelevance":"low"
              },{
                "ConditionBrowseLeafId":"M8783",
                "ConditionBrowseLeafName":"Immune System Diseases",
                "ConditionBrowseLeafRelevance":"low"
              }
            ]
          },
          "ConditionBrowseBranchList":{
            "ConditionBrowseBranch":[
              {
                "ConditionBrowseBranchAbbrev":"BC01",
                "ConditionBrowseBranchName":"Bacterial and Fungal Diseases"
              },{
                "ConditionBrowseBranchAbbrev":"All",
                "ConditionBrowseBranchName":"All Conditions"
              },{
                "ConditionBrowseBranchAbbrev":"BC02",
                "ConditionBrowseBranchName":"Viral Diseases"
              },{
                "ConditionBrowseBranchAbbrev":"BC20",
                "ConditionBrowseBranchName":"Immune System Diseases"
              },{
                "ConditionBrowseBranchAbbrev":"BXS",
                "ConditionBrowseBranchName":"Urinary Tract, Sexual Organs, and Pregnancy Conditions"
              },{
                "ConditionBrowseBranchAbbrev":"BC23",
                "ConditionBrowseBranchName":"Symptoms and General Pathology"
              }
            ]
          }
        },
        "InterventionBrowseModule":{
          "InterventionBrowseLeafList":{
            "InterventionBrowseLeaf":[
              {
                "InterventionBrowseLeafId":"M15943",
                "InterventionBrowseLeafName":"Vaccines",
                "InterventionBrowseLeafRelevance":"low"
              },{
                "InterventionBrowseLeafId":"M24015",
                "InterventionBrowseLeafName":"Anti-Retroviral Agents",
                "InterventionBrowseLeafRelevance":"low"
              },{
                "InterventionBrowseLeafId":"M19934",
                "InterventionBrowseLeafName":"Anti-HIV Agents",
                "InterventionBrowseLeafRelevance":"low"
              }
            ]
          },
          "InterventionBrowseBranchList":{
            "InterventionBrowseBranch":[
              {
                "InterventionBrowseBranchAbbrev":"All",
                "InterventionBrowseBranchName":"All Drugs and Chemicals"
              },{
                "InterventionBrowseBranchAbbrev":"Infe",
                "InterventionBrowseBranchName":"Anti-Infective Agents"
              }
            ]
          }
        }
      }
    }
  }
}

