{
  "FullStudy":{
    "Rank":368414,
    "Study":{
      "ProtocolSection":{
        "IdentificationModule":{
          "NCTId":"NCT00016900",
          "OrgStudyIdInfo":{
            "OrgStudyId":"00-124"
          },
          "SecondaryIdInfoList":{
            "SecondaryIdInfo":[
              {
                "SecondaryId":"CDR0000068614",
                "SecondaryIdType":"Registry Identifier",
                "SecondaryIdDomain":"PDQ (Physician Data Query)"
              },{
                "SecondaryId":"P-UPJOHN-914-ONC-0355-009"
              },{
                "SecondaryId":"NCI-G01-1946"
              }
            ]
          },
          "Organization":{
            "OrgFullName":"Memorial Sloan Kettering Cancer Center",
            "OrgClass":"OTHER"
          },
          "BriefTitle":"PNU-93914 in Treating Patients With Locally Advanced or Metastatic Cancer of the Esophagus",
          "OfficialTitle":"A Phase II Multicenter Study of the Efficacy and Safety Study of PNU-93914 (Liposome Encapsulated Paclitaxel) in Patients With Advanced Esophageal Cancer Previously Exposed to Chemotherapy"
        },
        "StatusModule":{
          "StatusVerifiedDate":"June 2013",
          "OverallStatus":"Completed",
          "ExpandedAccessInfo":{
            "HasExpandedAccess":"No"
          },
          "StartDateStruct":{
            "StartDate":"December 2000"
          },
          "PrimaryCompletionDateStruct":{
            "PrimaryCompletionDate":"June 2001",
            "PrimaryCompletionDateType":"Actual"
          },
          "CompletionDateStruct":{
            "CompletionDate":"June 2001",
            "CompletionDateType":"Actual"
          },
          "StudyFirstSubmitDate":"June 6, 2001",
          "StudyFirstSubmitQCDate":"April 20, 2004",
          "StudyFirstPostDateStruct":{
            "StudyFirstPostDate":"April 21, 2004",
            "StudyFirstPostDateType":"Estimate"
          },
          "LastUpdateSubmitDate":"June 17, 2013",
          "LastUpdatePostDateStruct":{
            "LastUpdatePostDate":"June 18, 2013",
            "LastUpdatePostDateType":"Estimate"
          }
        },
        "SponsorCollaboratorsModule":{
          "LeadSponsor":{
            "LeadSponsorName":"Memorial Sloan Kettering Cancer Center",
            "LeadSponsorClass":"OTHER"
          },
          "CollaboratorList":{
            "Collaborator":[
              {
                "CollaboratorName":"National Cancer Institute (NCI)",
                "CollaboratorClass":"NIH"
              }
            ]
          }
        },
        "OversightModule":{},
        "DescriptionModule":{
          "BriefSummary":"RATIONALE: Drugs used in chemotherapy use different ways to stop tumor cells from dividing so they stop growing or die.\n\nPURPOSE: Phase II trial to study the effectiveness of PNU-93914 in treating patients who have locally advanced or metastatic cancer of the esophagus.",
          "DetailedDescription":"OBJECTIVES: I. Determine the antitumor activity and duration of activity of PNU-93914 in patients with locally advanced or metastatic esophageal carcinoma. II. Determine the objective tumor response rate and tumor response duration in patients treated with this drug. III. Determine the survival of patients treated with this drug. IV. Determine the safety profile of this drug in these patients. V. Determine the effect of this drug on the quality of life of these patients. VI. Determine the time to tumor response, time to tumor progression, and time to treatment failure in patients treated with this drug. VII. Evaluate the change in dysphagia score in patients treated with this drug.\n\nOUTLINE: This is a multicenter study. Patients receive PNU-93914 IV over 60 minutes on day 1. Treatment repeats every 21 days for at least 2 courses in the absence of disease progression or unacceptable toxicity. Quality of life is assessed at baseline, day 1 of each course, and then at the final study visit. Patients are followed every 3 months for up to 2 years.\n\nPROJECTED ACCRUAL: A total of 21-41 patients will be accrued for this study."
        },
        "ConditionsModule":{
          "ConditionList":{
            "Condition":[
              "Esophageal Cancer"
            ]
          },
          "KeywordList":{
            "Keyword":[
              "stage III esophageal cancer",
              "stage IV esophageal cancer",
              "recurrent esophageal cancer",
              "squamous cell carcinoma of the esophagus",
              "adenocarcinoma of the esophagus"
            ]
          }
        },
        "DesignModule":{
          "StudyType":"Interventional",
          "PhaseList":{
            "Phase":[
              "Phase 2"
            ]
          },
          "DesignInfo":{
            "DesignPrimaryPurpose":"Treatment"
          }
        },
        "ArmsInterventionsModule":{
          "InterventionList":{
            "Intervention":[
              {
                "InterventionType":"Drug",
                "InterventionName":"liposomal paclitaxel"
              }
            ]
          }
        },
        "EligibilityModule":{
          "EligibilityCriteria":"DISEASE CHARACTERISTICS: Histologically or cytologically confirmed squamous cell carcinoma or adenocarcinoma of the esophagus Tumors of the gastroesophageal junction allowed if at least 50% of the tumor involved the esophagus at time of initial diagnosis Locally advanced or metastatic disease that is not amenable to surgery or radiotherapy with curative intent Progressive disease after 1 chemotherapy regimen for locally advanced or metastatic disease Relapse within 6 months of completing prior neoadjuvant chemotherapy allowed Chemotherapy administered solely as a radiosensitizer not considered a prior chemotherapy regimen At least 1 non-irradiated measurable target lesion At least 20 mm in at least 1 dimension by conventional techniques OR At least 10 mm in at least 1 dimension by spiral CT scan No known brain metastases, spinal cord compression, or carcinomatous meningitis\n\nPATIENT CHARACTERISTICS: Age: 18 and over Performance status: Karnofsky 60-100% Life expectancy: Not specified Hematopoietic: Absolute neutrophil count at least 1,500/mm3 Platelet count at least 100,000/mm3 Hemoglobin at least 10 g/dL Hepatic: Bilirubin no greater than 1.5 times upper limit of normal (ULN) SGOT no greater than 2.5 times ULN (5 times ULN if hepatic metastases present) Renal: Creatinine no greater than 1.5 times ULN OR Creatinine clearance greater than 60 mL/min Cardiovascular: No myocardial infarction within the past 6 months No unstable angina No New York Heart Association class III or IV heart disease No severe uncontrolled cardiac arrhythmia Other: HIV negative No active infection No other malignancy within the past 5 years except curatively treated carcinoma in situ of the cervix, ductal carcinoma in situ of the breast, basal cell skin cancer, or squamous cell carcinoma of the head and neck within the past 3 years No concurrent malignancies at other sites No psychiatric or other disorder that would preclude study Not pregnant or nursing Negative pregnancy test Fertile patients must use effective contraception\n\nPRIOR CONCURRENT THERAPY: Biologic therapy: No concurrent anticancer biologic response modifiers or immunotherapy No concurrent sargramostim (GM-CSF) No concurrent prophylactic filgrastim (G-CSF) during first course of study Chemotherapy: See Disease Characteristics Recovered from prior chemotherapy No prior taxane therapy No other concurrent anticancer chemotherapy Endocrine therapy: No concurrent anticancer hormonal therapy Radiotherapy: See Disease Characteristics Recovered from prior radiotherapy Surgery: See Disease Characteristics Recovered from prior surgery Other: At least 4 weeks since prior investigational agent No other concurrent investigational therapy No concurrent participation in other clinical study No other concurrent antitumor therapy",
          "HealthyVolunteers":"No",
          "Gender":"All",
          "MinimumAge":"18 Years",
          "StdAgeList":{
            "StdAge":[
              "Adult",
              "Older Adult"
            ]
          }
        },
        "ContactsLocationsModule":{
          "OverallOfficialList":{
            "OverallOfficial":[
              {
                "OverallOfficialName":"David H. Ilson, MD, PhD",
                "OverallOfficialAffiliation":"Memorial Sloan Kettering Cancer Center",
                "OverallOfficialRole":"Study Chair"
              }
            ]
          },
          "LocationList":{
            "Location":[
              {
                "LocationFacility":"Memorial Sloan-Kettering Cancer Center",
                "LocationCity":"New York",
                "LocationState":"New York",
                "LocationZip":"10021",
                "LocationCountry":"United States"
              }
            ]
          }
        }
      },
      "DerivedSection":{
        "MiscInfoModule":{
          "VersionHolder":"April 19, 2021"
        },
        "ConditionBrowseModule":{
          "ConditionMeshList":{
            "ConditionMesh":[
              {
                "ConditionMeshId":"D000004938",
                "ConditionMeshTerm":"Esophageal Neoplasms"
              }
            ]
          },
          "ConditionAncestorList":{
            "ConditionAncestor":[
              {
                "ConditionAncestorId":"D000005770",
                "ConditionAncestorTerm":"Gastrointestinal Neoplasms"
              },{
                "ConditionAncestorId":"D000004067",
                "ConditionAncestorTerm":"Digestive System Neoplasms"
              },{
                "ConditionAncestorId":"D000009371",
                "ConditionAncestorTerm":"Neoplasms by Site"
              },{
                "ConditionAncestorId":"D000009369",
                "ConditionAncestorTerm":"Neoplasms"
              },{
                "ConditionAncestorId":"D000006258",
                "ConditionAncestorTerm":"Head and Neck Neoplasms"
              },{
                "ConditionAncestorId":"D000004066",
                "ConditionAncestorTerm":"Digestive System Diseases"
              },{
                "ConditionAncestorId":"D000004935",
                "ConditionAncestorTerm":"Esophageal Diseases"
              },{
                "ConditionAncestorId":"D000005767",
                "ConditionAncestorTerm":"Gastrointestinal Diseases"
              }
            ]
          },
          "ConditionBrowseLeafList":{
            "ConditionBrowseLeaf":[
              {
                "ConditionBrowseLeafId":"M4116",
                "ConditionBrowseLeafName":"Carcinoma",
                "ConditionBrowseLeafRelevance":"low"
              },{
                "ConditionBrowseLeafId":"M10890",
                "ConditionBrowseLeafName":"Neoplasm Metastasis",
                "ConditionBrowseLeafRelevance":"low"
              },{
                "ConditionBrowseLeafId":"M4132",
                "ConditionBrowseLeafName":"Carcinoma, Squamous Cell",
                "ConditionBrowseLeafRelevance":"low"
              },{
                "ConditionBrowseLeafId":"M1733",
                "ConditionBrowseLeafName":"Esophageal Squamous Cell Carcinoma",
                "ConditionBrowseLeafRelevance":"low"
              },{
                "ConditionBrowseLeafId":"M6671",
                "ConditionBrowseLeafName":"Esophageal Neoplasms",
                "ConditionBrowseLeafAsFound":"Esophageal Cancer",
                "ConditionBrowseLeafRelevance":"high"
              },{
                "ConditionBrowseLeafId":"M2166",
                "ConditionBrowseLeafName":"Adenocarcinoma",
                "ConditionBrowseLeafRelevance":"low"
              },{
                "ConditionBrowseLeafId":"M7469",
                "ConditionBrowseLeafName":"Gastrointestinal Neoplasms",
                "ConditionBrowseLeafRelevance":"low"
              },{
                "ConditionBrowseLeafId":"M5839",
                "ConditionBrowseLeafName":"Digestive System Neoplasms",
                "ConditionBrowseLeafRelevance":"low"
              },{
                "ConditionBrowseLeafId":"M7931",
                "ConditionBrowseLeafName":"Head and Neck Neoplasms",
                "ConditionBrowseLeafRelevance":"low"
              },{
                "ConditionBrowseLeafId":"M5838",
                "ConditionBrowseLeafName":"Digestive System Diseases",
                "ConditionBrowseLeafRelevance":"low"
              },{
                "ConditionBrowseLeafId":"M7466",
                "ConditionBrowseLeafName":"Gastrointestinal Diseases",
                "ConditionBrowseLeafRelevance":"low"
              },{
                "ConditionBrowseLeafId":"M6668",
                "ConditionBrowseLeafName":"Esophageal Diseases",
                "ConditionBrowseLeafRelevance":"low"
              },{
                "ConditionBrowseLeafId":"T2141",
                "ConditionBrowseLeafName":"Esophageal Cancer",
                "ConditionBrowseLeafAsFound":"Esophageal Cancer",
                "ConditionBrowseLeafRelevance":"high"
              }
            ]
          },
          "ConditionBrowseBranchList":{
            "ConditionBrowseBranch":[
              {
                "ConditionBrowseBranchAbbrev":"BC04",
                "ConditionBrowseBranchName":"Cancers and Other Neoplasms"
              },{
                "ConditionBrowseBranchAbbrev":"All",
                "ConditionBrowseBranchName":"All Conditions"
              },{
                "ConditionBrowseBranchAbbrev":"BC23",
                "ConditionBrowseBranchName":"Symptoms and General Pathology"
              },{
                "ConditionBrowseBranchAbbrev":"BC06",
                "ConditionBrowseBranchName":"Digestive System Diseases"
              },{
                "ConditionBrowseBranchAbbrev":"Rare",
                "ConditionBrowseBranchName":"Rare Diseases"
              }
            ]
          }
        },
        "InterventionBrowseModule":{
          "InterventionMeshList":{
            "InterventionMesh":[
              {
                "InterventionMeshId":"D000017239",
                "InterventionMeshTerm":"Paclitaxel"
              }
            ]
          },
          "InterventionAncestorList":{
            "InterventionAncestor":[
              {
                "InterventionAncestorId":"D000000972",
                "InterventionAncestorTerm":"Antineoplastic Agents, Phytogenic"
              },{
                "InterventionAncestorId":"D000000970",
                "InterventionAncestorTerm":"Antineoplastic Agents"
              },{
                "InterventionAncestorId":"D000050257",
                "InterventionAncestorTerm":"Tubulin Modulators"
              },{
                "InterventionAncestorId":"D000050256",
                "InterventionAncestorTerm":"Antimitotic Agents"
              },{
                "InterventionAncestorId":"D000050258",
                "InterventionAncestorTerm":"Mitosis Modulators"
              },{
                "InterventionAncestorId":"D000045504",
                "InterventionAncestorTerm":"Molecular Mechanisms of Pharmacological Action"
              }
            ]
          },
          "InterventionBrowseLeafList":{
            "InterventionBrowseLeaf":[
              {
                "InterventionBrowseLeafId":"M18120",
                "InterventionBrowseLeafName":"Paclitaxel",
                "InterventionBrowseLeafAsFound":"Effect",
                "InterventionBrowseLeafRelevance":"high"
              },{
                "InterventionBrowseLeafId":"M231",
                "InterventionBrowseLeafName":"Albumin-Bound Paclitaxel",
                "InterventionBrowseLeafRelevance":"low"
              },{
                "InterventionBrowseLeafId":"M24784",
                "InterventionBrowseLeafName":"Tubulin Modulators",
                "InterventionBrowseLeafRelevance":"low"
              },{
                "InterventionBrowseLeafId":"M24783",
                "InterventionBrowseLeafName":"Antimitotic Agents",
                "InterventionBrowseLeafRelevance":"low"
              }
            ]
          },
          "InterventionBrowseBranchList":{
            "InterventionBrowseBranch":[
              {
                "InterventionBrowseBranchAbbrev":"ANeo",
                "InterventionBrowseBranchName":"Antineoplastic Agents"
              },{
                "InterventionBrowseBranchAbbrev":"All",
                "InterventionBrowseBranchName":"All Drugs and Chemicals"
              }
            ]
          }
        }
      }
    }
  }
}

