{
  "FullStudy":{
    "Rank":368489,
    "Study":{
      "ProtocolSection":{
        "IdentificationModule":{
          "NCTId":"NCT00015782",
          "OrgStudyIdInfo":{
            "OrgStudyId":"010166"
          },
          "SecondaryIdInfoList":{
            "SecondaryIdInfo":[
              {
                "SecondaryId":"01-N-0166"
              }
            ]
          },
          "Organization":{
            "OrgFullName":"National Institutes of Health Clinical Center (CC)",
            "OrgClass":"NIH"
          },
          "BriefTitle":"The Natural History and Pathogenesis of Mucolipidosis Type IV",
          "OfficialTitle":"The Natural History and Pathogenesis of Mucolipidosis Type IV"
        },
        "StatusModule":{
          "StatusVerifiedDate":"March 3, 2008",
          "OverallStatus":"Completed",
          "ExpandedAccessInfo":{
            "HasExpandedAccess":"No"
          },
          "StartDateStruct":{
            "StartDate":"April 27, 2001"
          },
          "CompletionDateStruct":{
            "CompletionDate":"March 3, 2008"
          },
          "StudyFirstSubmitDate":"May 4, 2001",
          "StudyFirstSubmitQCDate":"May 4, 2001",
          "StudyFirstPostDateStruct":{
            "StudyFirstPostDate":"May 7, 2001",
            "StudyFirstPostDateType":"Estimate"
          },
          "LastUpdateSubmitDate":"June 30, 2017",
          "LastUpdatePostDateStruct":{
            "LastUpdatePostDate":"July 2, 2017",
            "LastUpdatePostDateType":"Actual"
          }
        },
        "SponsorCollaboratorsModule":{
          "LeadSponsor":{
            "LeadSponsorName":"National Institute of Neurological Disorders and Stroke (NINDS)",
            "LeadSponsorClass":"NIH"
          }
        },
        "OversightModule":{},
        "DescriptionModule":{
          "BriefSummary":"Mucolipidosis Type IV (ML-IV) is a metabolic disorder that causes mental and motor retardation as well as visual impairment. There is storage of material in practically all the cells of the body, causing problems in the brain and the eyes. The disease is caused by a defect in a gene that makes a protein called mucolipin. Patients with ML-IV do not make enough normal mucolipin.\n\nMore than 80 patients have been diagnosed, most of whom are Ashkenazi Jews. The disease often appears in the first year of life as either delayed motor development or corneal clouding. There are conflicting reports concerning the progressive nature of the disease. Some patients have clear deterioration, while others seem to stay at the same level of the disease for a long time. This study may lead to a better understanding of the disease, the medical difficulties of patients, and better ways of diagnosing ML-IV.\n\nPatients with a definite diagnosis of this disease, as well as those patients who need confirmation of the disease, are candidates for this study. Patients will be admitted annually to the Clinical Center for a maximum of five days. A history will be taken and a physical exam done. Blood and urine tests will be done along with brain wave recording, complete eye examination, psychological tests, and speech and language and rehabilitation evaluations. A maximum of 3 mL/kg of blood will be drawn from children and a total of 60 mL from adults. Various eye tests will also be done, some under sedation. DNA will be extracted for possible use in other studies. A skin biopsy will be taken on the first visit.\n\nThere is a possibility of improved medical management and rehabilitative treatment as a result of participating in this study.",
          "DetailedDescription":"The purpose of this protocol is to study patients with various neurometabolic disorders. Mucolipidosis type IV (ML-IV), is a developmental and degenerative disease caused by mutations in the MCOLN1 gene leading to an absent or dysfunctional protein called mucolipin. The goal of this protocol is to assess the neurological and medical status of these patients and characterize the clinical and laboratory abnormalities in order to determine the natural history of the disease. Patients will be followed at least yearly with comprehensive clinical, neurological and ophthalmological examinations combined with neuropsychological, blood, urine and radiological tests."
        },
        "ConditionsModule":{
          "ConditionList":{
            "Condition":[
              "Mucolipidosis Type IV"
            ]
          },
          "KeywordList":{
            "Keyword":[
              "Metabolic",
              "Genetic",
              "Storage",
              "Retinal Disease",
              "Degenerative",
              "Mucolipidosis Type IV",
              "ML-IV"
            ]
          }
        },
        "DesignModule":{
          "StudyType":"Observational",
          "EnrollmentInfo":{
            "EnrollmentCount":"30"
          }
        },
        "EligibilityModule":{
          "EligibilityCriteria":"INCLUSION CRITERIA: Mucolipidosis type IV\n\nAll patients with a definitive diagnosis of mucolipidosis type-IV will be considered as potential candidates for this study. Patients with compatible clinical history who need clinical or laboratory confirmation of ML-IV will be considered as well.\n\nThe general health and well being of each candidate must be sufficient to allow travel to the National Institutes of Health (NIH), modest amount of blood drawing, collection of appropriate urine samples, performance of necessary roentgenographic and magnetic resonance (MR) imaging studies and ophthalmological examinations under monitored sedation.\n\nThe patient must be able to return to the NIH at least once a year on a regular basis.",
          "HealthyVolunteers":"No",
          "Gender":"All",
          "StdAgeList":{
            "StdAge":[
              "Child",
              "Adult",
              "Older Adult"
            ]
          }
        },
        "ContactsLocationsModule":{
          "LocationList":{
            "Location":[
              {
                "LocationFacility":"National Institutes of Health Clinical Center, 9000 Rockville Pike",
                "LocationCity":"Bethesda",
                "LocationState":"Maryland",
                "LocationZip":"20892",
                "LocationCountry":"United States"
              }
            ]
          }
        },
        "ReferencesModule":{
          "ReferenceList":{
            "Reference":[
              {
                "ReferencePMID":"1789285",
                "ReferenceType":"background",
                "ReferenceCitation":"Chitayat D, Meunier CM, Hodgkinson KA, Silver K, Flanders M, Anderson IJ, Little JM, Whiteman DA, Carpenter S. Mucolipidosis type IV: clinical manifestations and natural history. Am J Med Genet. 1991 Dec 1;41(3):313-8."
              }
            ]
          }
        }
      },
      "DerivedSection":{
        "MiscInfoModule":{
          "VersionHolder":"April 19, 2021"
        },
        "ConditionBrowseModule":{
          "ConditionMeshList":{
            "ConditionMesh":[
              {
                "ConditionMeshId":"D000009081",
                "ConditionMeshTerm":"Mucolipidoses"
              }
            ]
          },
          "ConditionAncestorList":{
            "ConditionAncestor":[
              {
                "ConditionAncestorId":"D000001851",
                "ConditionAncestorTerm":"Bone Diseases, Metabolic"
              },{
                "ConditionAncestorId":"D000001847",
                "ConditionAncestorTerm":"Bone Diseases"
              },{
                "ConditionAncestorId":"D000009140",
                "ConditionAncestorTerm":"Musculoskeletal Diseases"
              },{
                "ConditionAncestorId":"D000020140",
                "ConditionAncestorTerm":"Lysosomal Storage Diseases, Nervous System"
              },{
                "ConditionAncestorId":"D000020739",
                "ConditionAncestorTerm":"Brain Diseases, Metabolic, Inborn"
              },{
                "ConditionAncestorId":"D000001928",
                "ConditionAncestorTerm":"Brain Diseases, Metabolic"
              },{
                "ConditionAncestorId":"D000001927",
                "ConditionAncestorTerm":"Brain Diseases"
              },{
                "ConditionAncestorId":"D000002493",
                "ConditionAncestorTerm":"Central Nervous System Diseases"
              },{
                "ConditionAncestorId":"D000009422",
                "ConditionAncestorTerm":"Nervous System Diseases"
              },{
                "ConditionAncestorId":"D000008661",
                "ConditionAncestorTerm":"Metabolism, Inborn Errors"
              },{
                "ConditionAncestorId":"D000030342",
                "ConditionAncestorTerm":"Genetic Diseases, Inborn"
              },{
                "ConditionAncestorId":"D000002239",
                "ConditionAncestorTerm":"Carbohydrate Metabolism, Inborn Errors"
              },{
                "ConditionAncestorId":"D000016464",
                "ConditionAncestorTerm":"Lysosomal Storage Diseases"
              },{
                "ConditionAncestorId":"D000008659",
                "ConditionAncestorTerm":"Metabolic Diseases"
              }
            ]
          },
          "ConditionBrowseLeafList":{
            "ConditionBrowseLeaf":[
              {
                "ConditionBrowseLeafId":"M13582",
                "ConditionBrowseLeafName":"Retinal Diseases",
                "ConditionBrowseLeafRelevance":"low"
              },{
                "ConditionBrowseLeafId":"M10623",
                "ConditionBrowseLeafName":"Mucolipidoses",
                "ConditionBrowseLeafAsFound":"Mucolipidosis",
                "ConditionBrowseLeafRelevance":"high"
              },{
                "ConditionBrowseLeafId":"M3708",
                "ConditionBrowseLeafName":"Bone Diseases",
                "ConditionBrowseLeafRelevance":"low"
              },{
                "ConditionBrowseLeafId":"M3712",
                "ConditionBrowseLeafName":"Bone Diseases, Metabolic",
                "ConditionBrowseLeafRelevance":"low"
              },{
                "ConditionBrowseLeafId":"M10680",
                "ConditionBrowseLeafName":"Musculoskeletal Diseases",
                "ConditionBrowseLeafRelevance":"low"
              },{
                "ConditionBrowseLeafId":"M17454",
                "ConditionBrowseLeafName":"Lysosomal Storage Diseases",
                "ConditionBrowseLeafRelevance":"low"
              },{
                "ConditionBrowseLeafId":"M3786",
                "ConditionBrowseLeafName":"Brain Diseases",
                "ConditionBrowseLeafRelevance":"low"
              },{
                "ConditionBrowseLeafId":"M3787",
                "ConditionBrowseLeafName":"Brain Diseases, Metabolic",
                "ConditionBrowseLeafRelevance":"low"
              },{
                "ConditionBrowseLeafId":"M21082",
                "ConditionBrowseLeafName":"Brain Diseases, Metabolic, Inborn",
                "ConditionBrowseLeafRelevance":"low"
              },{
                "ConditionBrowseLeafId":"M4325",
                "ConditionBrowseLeafName":"Central Nervous System Diseases",
                "ConditionBrowseLeafRelevance":"low"
              },{
                "ConditionBrowseLeafId":"M10224",
                "ConditionBrowseLeafName":"Metabolism, Inborn Errors",
                "ConditionBrowseLeafRelevance":"low"
              },{
                "ConditionBrowseLeafId":"M22270",
                "ConditionBrowseLeafName":"Genetic Diseases, Inborn",
                "ConditionBrowseLeafRelevance":"low"
              },{
                "ConditionBrowseLeafId":"M4080",
                "ConditionBrowseLeafName":"Carbohydrate Metabolism, Inborn Errors",
                "ConditionBrowseLeafRelevance":"low"
              },{
                "ConditionBrowseLeafId":"M10222",
                "ConditionBrowseLeafName":"Metabolic Diseases",
                "ConditionBrowseLeafRelevance":"low"
              },{
                "ConditionBrowseLeafId":"T3900",
                "ConditionBrowseLeafName":"Mucolipidosis Type 4",
                "ConditionBrowseLeafAsFound":"Mucolipidosis Type IV",
                "ConditionBrowseLeafRelevance":"high"
              }
            ]
          },
          "ConditionBrowseBranchList":{
            "ConditionBrowseBranch":[
              {
                "ConditionBrowseBranchAbbrev":"BC11",
                "ConditionBrowseBranchName":"Eye Diseases"
              },{
                "ConditionBrowseBranchAbbrev":"All",
                "ConditionBrowseBranchName":"All Conditions"
              },{
                "ConditionBrowseBranchAbbrev":"BC05",
                "ConditionBrowseBranchName":"Muscle, Bone, and Cartilage Diseases"
              },{
                "ConditionBrowseBranchAbbrev":"BC10",
                "ConditionBrowseBranchName":"Nervous System Diseases"
              },{
                "ConditionBrowseBranchAbbrev":"BC16",
                "ConditionBrowseBranchName":"Diseases and Abnormalities at or Before Birth"
              },{
                "ConditionBrowseBranchAbbrev":"BC18",
                "ConditionBrowseBranchName":"Nutritional and Metabolic Diseases"
              },{
                "ConditionBrowseBranchAbbrev":"Rare",
                "ConditionBrowseBranchName":"Rare Diseases"
              }
            ]
          }
        }
      }
    }
  }
}

