{
  "FullStudy":{
    "Rank":368831,
    "Study":{
      "ProtocolSection":{
        "IdentificationModule":{
          "NCTId":"NCT00010725",
          "OrgStudyIdInfo":{
            "OrgStudyId":"P50AT000082-01P3",
            "OrgStudyIdType":"U.S. NIH Grant/Contract",
            "OrgStudyIdLink":"https://projectreporter.nih.gov/reporterapi.cfm?PROJECTNUM=P50AT000082-01P3&Fy=all"
          },
          "SecondaryIdInfoList":{
            "SecondaryIdInfo":[
              {
                "SecondaryId":"P50AT000082-01",
                "SecondaryIdType":"U.S. NIH Grant/Contract",
                "SecondaryIdLink":"https://projectreporter.nih.gov/reporterapi.cfm?PROJECTNUM=P50AT000082-01&Fy=all"
              },{
                "SecondaryId":"P50AT000082-02",
                "SecondaryIdType":"U.S. NIH Grant/Contract",
                "SecondaryIdLink":"https://projectreporter.nih.gov/reporterapi.cfm?PROJECTNUM=P50AT000082-02&Fy=all"
              }
            ]
          },
          "Organization":{
            "OrgFullName":"National Center for Complementary and Integrative Health (NCCIH)",
            "OrgClass":"NIH"
          },
          "BriefTitle":"Effects of Herbal Antioxidants on Cardiovascular Disease in Older Blacks",
          "OfficialTitle":"Effects of Herbal Antioxidants on Cardiovascular Disease in Older Blacks"
        },
        "StatusModule":{
          "StatusVerifiedDate":"January 2010",
          "OverallStatus":"Completed",
          "ExpandedAccessInfo":{
            "HasExpandedAccess":"No"
          },
          "StartDateStruct":{
            "StartDate":"September 1999"
          },
          "CompletionDateStruct":{
            "CompletionDate":"August 2004",
            "CompletionDateType":"Actual"
          },
          "StudyFirstSubmitDate":"February 2, 2001",
          "StudyFirstSubmitQCDate":"February 2, 2001",
          "StudyFirstPostDateStruct":{
            "StudyFirstPostDate":"February 5, 2001",
            "StudyFirstPostDateType":"Estimate"
          },
          "LastUpdateSubmitDate":"January 11, 2010",
          "LastUpdatePostDateStruct":{
            "LastUpdatePostDate":"January 12, 2010",
            "LastUpdatePostDateType":"Estimate"
          }
        },
        "SponsorCollaboratorsModule":{
          "LeadSponsor":{
            "LeadSponsorName":"National Center for Complementary and Integrative Health (NCCIH)",
            "LeadSponsorClass":"NIH"
          }
        },
        "OversightModule":{
          "OversightHasDMC":"Yes"
        },
        "DescriptionModule":{
          "BriefSummary":"The purpose of this study is to compare an herbal supplement, nonfood-derived vitamins, and placebo for the care of cardiovascular disease in high risk older African Americans.",
          "DetailedDescription":"Older African Americans suffer from disproportionately high rates of cardiovascular disease (CVD) morbidity and mortality. In response to the health disparity between older African Americans and whites, national mandates have called for new research on innovative approaches to CVD prevention in this high risk population. Oxidative stress has recently been implicated in the pathogenesis of atherosclerotic CVD. Available evidence from epidemiological studies, clinical trials, and laboratory mechanistic studies indicate that antioxidant interventions may be useful in the prevention and treatment of atherosclerotic CVD in high risk older populations. Furthermore, it has been hypothesized that dietary or food sources of antioxidant nutrients may be more clinically effective than conventional nonfood-derived vitamin supplementation. Surveys indicate relatively high rates of complementary and alternative medicine (CAM) use, including herbal medicines, in older African Americans. Yet, with the exception of the previous clinical trials of the present Center team, there have been few controlled studies on CAM therapies in older African Americans and no previous controlled studies on efficacy and mechanisms of herbal antioxidants for the prevention of CVD in this high risk population. Preliminary studies have found that a CAM herbal preparation (MAK) derived from traditional Vedic medicine demonstrates potent antioxidant and anti-atherogenic effects in laboratory and pilot human studies. This study will evaluate the effects of this traditional CAM herbal preparation in older African Americans.\n\nThis will be a controlled clinical trial at field site, Howard University Medical Center in Washington, DC, involving 138 older African American men and women (55 years of age and older) with documented atherosclerotic CVD who will be randomized to supplementation with either the traditional CAM herbal preparation (MAK 4+5), conventional vitamin cocktail (E+C) or placebo for 12 months. Clinical and mechanistic outcomes include carotid artery atherosclerosis (IMT), endothelial dysfunction (brachial artery reactivity), oxidized LDL, traditional CVD risk factors (BP, lipids, diet, exercise, smoking, weight) and quality of life. Participants will continue usual care. The results of this clinical study will provide much needed understanding of the basic and clinical effects of a traditional herbal antioxidant preparation on pathophysiological mechanisms of atherosclerotic CVD in this high risk group. This will facilitate translation of research findings on CAM into clinical practice for prevention of disease in this underserved and understudied population of high risk older African Americans."
        },
        "ConditionsModule":{
          "ConditionList":{
            "Condition":[
              "Cardiovascular Diseases"
            ]
          },
          "KeywordList":{
            "Keyword":[
              "CVD"
            ]
          }
        },
        "DesignModule":{
          "StudyType":"Interventional",
          "PhaseList":{
            "Phase":[
              "Phase 2"
            ]
          },
          "DesignInfo":{
            "DesignAllocation":"Randomized",
            "DesignPrimaryPurpose":"Treatment"
          },
          "EnrollmentInfo":{
            "EnrollmentCount":"138"
          }
        },
        "ArmsInterventionsModule":{
          "InterventionList":{
            "Intervention":[
              {
                "InterventionType":"Drug",
                "InterventionName":"MAK"
              },{
                "InterventionType":"Drug",
                "InterventionName":"Vitamin Supplements"
              }
            ]
          }
        },
        "EligibilityModule":{
          "EligibilityCriteria":"Inclusion Criteria:\n\nAfrican American (self-identified)\nAtherosclerotic coronary heart disease (CHD)defined by documented clinical history of myocardial infarction, coronary revascularization procedure (CABG, PTCA), or coronary angiography demonstrating at least one coronary artery with >50% stenosis\nHigh risk for CVD, defined as >=2 on Framingham/ATP III risk factor scale\nInformed consent\nWritten permission of participant's referring physician",
          "HealthyVolunteers":"No",
          "Gender":"All",
          "MinimumAge":"60 Years",
          "StdAgeList":{
            "StdAge":[
              "Adult",
              "Older Adult"
            ]
          }
        },
        "ContactsLocationsModule":{
          "OverallOfficialList":{
            "OverallOfficial":[
              {
                "OverallOfficialName":"Robert H. Schneider",
                "OverallOfficialAffiliation":"Center for Health and Aging Studies",
                "OverallOfficialRole":"Principal Investigator"
              }
            ]
          },
          "LocationList":{
            "Location":[
              {
                "LocationFacility":"Howard University Medical Center",
                "LocationCity":"Washington, Dc",
                "LocationState":"District of Columbia",
                "LocationCountry":"United States"
              },{
                "LocationFacility":"Maharishi University of Management",
                "LocationCity":"Fairfield",
                "LocationState":"Iowa",
                "LocationZip":"52557",
                "LocationCountry":"United States"
              }
            ]
          }
        }
      },
      "DerivedSection":{
        "MiscInfoModule":{
          "VersionHolder":"April 19, 2021"
        },
        "ConditionBrowseModule":{
          "ConditionMeshList":{
            "ConditionMesh":[
              {
                "ConditionMeshId":"D000002318",
                "ConditionMeshTerm":"Cardiovascular Diseases"
              }
            ]
          }
        },
        "InterventionBrowseModule":{
          "InterventionMeshList":{
            "InterventionMesh":[
              {
                "InterventionMeshId":"D000014815",
                "InterventionMeshTerm":"Vitamins"
              }
            ]
          },
          "InterventionAncestorList":{
            "InterventionAncestor":[
              {
                "InterventionAncestorId":"D000018977",
                "InterventionAncestorTerm":"Micronutrients"
              },{
                "InterventionAncestorId":"D000078622",
                "InterventionAncestorTerm":"Nutrients"
              },{
                "InterventionAncestorId":"D000006133",
                "InterventionAncestorTerm":"Growth Substances"
              },{
                "InterventionAncestorId":"D000045505",
                "InterventionAncestorTerm":"Physiological Effects of Drugs"
              }
            ]
          },
          "InterventionBrowseLeafList":{
            "InterventionBrowseLeaf":[
              {
                "InterventionBrowseLeafId":"M16141",
                "InterventionBrowseLeafName":"Vitamins",
                "InterventionBrowseLeafAsFound":"Time",
                "InterventionBrowseLeafRelevance":"high"
              },{
                "InterventionBrowseLeafId":"M2873",
                "InterventionBrowseLeafName":"Antioxidants",
                "InterventionBrowseLeafRelevance":"low"
              },{
                "InterventionBrowseLeafId":"M19593",
                "InterventionBrowseLeafName":"Micronutrients",
                "InterventionBrowseLeafRelevance":"low"
              },{
                "InterventionBrowseLeafId":"M15468",
                "InterventionBrowseLeafName":"Trace Elements",
                "InterventionBrowseLeafRelevance":"low"
              },{
                "InterventionBrowseLeafId":"M1986",
                "InterventionBrowseLeafName":"Nutrients",
                "InterventionBrowseLeafRelevance":"low"
              }
            ]
          },
          "InterventionBrowseBranchList":{
            "InterventionBrowseBranch":[
              {
                "InterventionBrowseBranchAbbrev":"Micro",
                "InterventionBrowseBranchName":"Micronutrients"
              },{
                "InterventionBrowseBranchAbbrev":"All",
                "InterventionBrowseBranchName":"All Drugs and Chemicals"
              }
            ]
          }
        }
      }
    }
  }
}

