{
  "FullStudy":{
    "Rank":368444,
    "Study":{
      "ProtocolSection":{
        "IdentificationModule":{
          "NCTId":"NCT00016393",
          "OrgStudyIdInfo":{
            "OrgStudyId":"CDR0000068629"
          },
          "SecondaryIdInfoList":{
            "SecondaryIdInfo":[
              {
                "SecondaryId":"SWOG-S0111"
              }
            ]
          },
          "Organization":{
            "OrgFullName":"National Cancer Institute (NCI)",
            "OrgClass":"NIH"
          },
          "BriefTitle":"BMS-247550 in Treating Patients With Prostate Cancer That Has Not Responded to Hormone Therapy",
          "OfficialTitle":"A Phase II Trial of Epothilone B Analogue BMS-247550 (NSC #710428) (IND 59699) Administered Every 21 Days in Patients With Hormone Refractory Prostate Cancer"
        },
        "StatusModule":{
          "StatusVerifiedDate":"February 2004",
          "OverallStatus":"Completed",
          "ExpandedAccessInfo":{
            "HasExpandedAccess":"No"
          },
          "StartDateStruct":{
            "StartDate":"June 2001"
          },
          "CompletionDateStruct":{
            "CompletionDate":"April 2006",
            "CompletionDateType":"Actual"
          },
          "StudyFirstSubmitDate":"May 6, 2001",
          "StudyFirstSubmitQCDate":"January 26, 2003",
          "StudyFirstPostDateStruct":{
            "StudyFirstPostDate":"January 27, 2003",
            "StudyFirstPostDateType":"Estimate"
          },
          "LastUpdateSubmitDate":"June 20, 2013",
          "LastUpdatePostDateStruct":{
            "LastUpdatePostDate":"June 24, 2013",
            "LastUpdatePostDateType":"Estimate"
          }
        },
        "SponsorCollaboratorsModule":{
          "LeadSponsor":{
            "LeadSponsorName":"Southwest Oncology Group",
            "LeadSponsorClass":"NETWORK"
          },
          "CollaboratorList":{
            "Collaborator":[
              {
                "CollaboratorName":"National Cancer Institute (NCI)",
                "CollaboratorClass":"NIH"
              }
            ]
          }
        },
        "DescriptionModule":{
          "BriefSummary":"RATIONALE: Drugs used in chemotherapy use different ways to stop tumor cells from dividing so they stop growing or die.\n\nPURPOSE: Phase II trial to study the effectiveness of BMS-247550 in treating patients who have prostate cancer that has not responded to hormone therapy.",
          "DetailedDescription":"OBJECTIVES:\n\nDetermine the prostate-specific antigen response to BMS-247550 in patients with hormone-refractory prostate cancer.\nDetermine the overall survival and progression-free survival rate in patients treated with this drug.\nDetermine the objective response rate (confirmed and unconfirmed complete and partial responses) in those patients with measurable disease treated with this drug.\nEvaluate the qualitative and quantitative toxic effects of this regimen in these patients.\n\nOUTLINE: This is a multicenter study.\n\nPatients receive BMS-247550 IV over 3 hours on day 1. Treatment repeats every 21 days in the absence of disease progression or unacceptable toxicity. Patients achieving a complete response (CR) receive 2 additional courses beyond CR.\n\nPatients are followed every 3 months for 1 year and then every 6 months for 2 years.\n\nPROJECTED ACCRUAL: A total of 25-45 patients will be accrued for this study within 5-9 months."
        },
        "ConditionsModule":{
          "ConditionList":{
            "Condition":[
              "Prostate Cancer"
            ]
          },
          "KeywordList":{
            "Keyword":[
              "adenocarcinoma of the prostate",
              "stage IV prostate cancer",
              "recurrent prostate cancer"
            ]
          }
        },
        "DesignModule":{
          "StudyType":"Interventional",
          "PhaseList":{
            "Phase":[
              "Phase 2"
            ]
          },
          "DesignInfo":{
            "DesignPrimaryPurpose":"Treatment",
            "DesignMaskingInfo":{
              "DesignMasking":"None (Open Label)"
            }
          }
        },
        "ArmsInterventionsModule":{
          "InterventionList":{
            "Intervention":[
              {
                "InterventionType":"Drug",
                "InterventionName":"ixabepilone"
              }
            ]
          }
        },
        "EligibilityModule":{
          "EligibilityCriteria":"DISEASE CHARACTERISTICS:\n\nHistologically confirmed adenocarcinoma of the prostate\n\nStage D1 or D2 disease (T4, N0, M0; any T, N1-3, M0; or any T, any N, M1)\n\nUnresponsive or refractory to prior hormonal therapy by at least 1 of the following:\n\nProgression of unidimensionally measurable lesion outside of a prior radiation port\nProgression of non-measurable disease (e.g., bone scan)\nRising prostate-specific antigen (PSA) on at least 2 consecutive measurements taken at least 7 days apart\nPSA at least 5 ng/mL\nNo brain metastases\n\nPATIENT CHARACTERISTICS:\n\nAge:\n\nNot specified\n\nPerformance status:\n\nZubrod 0-2\n\nLife expectancy:\n\nNot specified\n\nHematopoietic:\n\nAbsolute granulocyte count at least 1,500/mm^3\nPlatelet count at least 100,000/mm^3\n\nHepatic:\n\nBilirubin no greater than upper limit of normal (ULN)\nSGOT or SGPT no greater than 2.5 times ULN\n\nRenal:\n\nCreatinine no greater than 2.0 mg/dL OR\nCreatinine clearance at least 40 mL/min\n\nOther:\n\nNo other malignancy within the past 5 years except adequately treated squamous cell or basal cell skin cancer, any carcinoma in situ, or stage I or II cancer in complete remission\nNo other concurrent significant active illness that would preclude study participation\nRecovered from major infections\nFertile patients must use effective contraception\n\nPRIOR CONCURRENT THERAPY:\n\nBiologic therapy:\n\nAt least 28 days since prior biologic therapy and recovered\nNo more than 1 prior biologic (non-cytotoxic) therapy\nNo concurrent biological response modifiers\n\nChemotherapy:\n\nNo prior chemotherapy for this disease\nNo other concurrent chemotherapy\n\nEndocrine therapy:\n\nSee Disease Characteristics\nAt least 28 days since prior flutamide or ketoconazole\nAt least 42 days since prior bicalutamide or nilutamide\nNo concurrent hormonal therapy, except luteinizing hormone-releasing hormone therapy\nNo concurrent corticosteroids\n\nRadiotherapy:\n\nSee Disease Characteristics\nPrior radiotherapy to less than 30% of bone marrow allowed\nNo prior strontium chloride Sr 89 or samarium Sm 153 lexidronam pentasodium\nAt least 28 days since prior radiotherapy and recovered\nNo concurrent radiotherapy\n\nSurgery:\n\nRecovered from prior surgery\nPrior orchiectomy allowed\n\nOther:\n\nNo concurrent unconventional therapy (e.g., St. John's Wort, PC-SPES, or other herbal remedy for prostate cancer)\nNot planning to begin bisphosphonate therapy (patients already receiving bisphosphonates are eligible provided they have progressive disease)",
          "HealthyVolunteers":"No",
          "Gender":"Male",
          "StdAgeList":{
            "StdAge":[
              "Child",
              "Adult",
              "Older Adult"
            ]
          }
        },
        "ContactsLocationsModule":{
          "OverallOfficialList":{
            "OverallOfficial":[
              {
                "OverallOfficialName":"Maha Hadi A. Hussain, MD",
                "OverallOfficialAffiliation":"University of Michigan Rogel Cancer Center",
                "OverallOfficialRole":"Study Chair"
              },{
                "OverallOfficialName":"Primo N. Lara, MD",
                "OverallOfficialAffiliation":"University of California, Davis"
              }
            ]
          },
          "LocationList":{
            "Location":[
              {
                "LocationFacility":"USC/Norris Comprehensive Cancer Center and Hospital",
                "LocationCity":"Los Angeles",
                "LocationState":"California",
                "LocationZip":"90033-0804",
                "LocationCountry":"United States"
              },{
                "LocationFacility":"University of California Davis Cancer Center",
                "LocationCity":"Sacramento",
                "LocationState":"California",
                "LocationZip":"95817",
                "LocationCountry":"United States"
              },{
                "LocationFacility":"CCOP - Atlanta Regional",
                "LocationCity":"Atlanta",
                "LocationState":"Georgia",
                "LocationZip":"30342-1701",
                "LocationCountry":"United States"
              },{
                "LocationFacility":"Veterans Affairs Medical Center - Hines (Hines Junior VA Hospital)",
                "LocationCity":"Hines",
                "LocationState":"Illinois",
                "LocationZip":"60141",
                "LocationCountry":"United States"
              },{
                "LocationFacility":"University of Kansas Medical Center",
                "LocationCity":"Kansas City",
                "LocationState":"Kansas",
                "LocationZip":"66160-7390",
                "LocationCountry":"United States"
              },{
                "LocationFacility":"CCOP - Wichita",
                "LocationCity":"Wichita",
                "LocationState":"Kansas",
                "LocationZip":"67214-3882",
                "LocationCountry":"United States"
              },{
                "LocationFacility":"Veterans Affairs Medical Center - Wichita",
                "LocationCity":"Wichita",
                "LocationState":"Kansas",
                "LocationZip":"67218",
                "LocationCountry":"United States"
              },{
                "LocationFacility":"MBCCOP - LSU Health Sciences Center",
                "LocationCity":"New Orleans",
                "LocationState":"Louisiana",
                "LocationZip":"70112",
                "LocationCountry":"United States"
              },{
                "LocationFacility":"Louisiana State University Health Sciences Center - Shreveport",
                "LocationCity":"Shreveport",
                "LocationState":"Louisiana",
                "LocationZip":"71130-3932",
                "LocationCountry":"United States"
              },{
                "LocationFacility":"University of Michigan Comprehensive Cancer Center",
                "LocationCity":"Ann Arbor",
                "LocationState":"Michigan",
                "LocationZip":"48109-0330",
                "LocationCountry":"United States"
              },{
                "LocationFacility":"Barbara Ann Karmanos Cancer Institute",
                "LocationCity":"Detroit",
                "LocationState":"Michigan",
                "LocationZip":"48201-1379",
                "LocationCountry":"United States"
              },{
                "LocationFacility":"Veterans Affairs Medical Center - Detroit",
                "LocationCity":"Detroit",
                "LocationState":"Michigan",
                "LocationZip":"48201-1932",
                "LocationCountry":"United States"
              },{
                "LocationFacility":"CCOP - Grand Rapids",
                "LocationCity":"Grand Rapids",
                "LocationState":"Michigan",
                "LocationZip":"49503",
                "LocationCountry":"United States"
              },{
                "LocationFacility":"Herbert Irving Comprehensive Cancer Center at Columbia University",
                "LocationCity":"New York",
                "LocationState":"New York",
                "LocationZip":"10032",
                "LocationCountry":"United States"
              },{
                "LocationFacility":"James P. Wilmot Cancer Center at University of Rochester Medical Center",
                "LocationCity":"Rochester",
                "LocationState":"New York",
                "LocationZip":"14642",
                "LocationCountry":"United States"
              },{
                "LocationFacility":"Oregon Cancer Institute",
                "LocationCity":"Portland",
                "LocationState":"Oregon",
                "LocationZip":"97201-3098",
                "LocationCountry":"United States"
              },{
                "LocationFacility":"Veterans Affairs Medical Center - Portland",
                "LocationCity":"Portland",
                "LocationState":"Oregon",
                "LocationZip":"97207",
                "LocationCountry":"United States"
              },{
                "LocationFacility":"Hollings Cancer Center at Medical University of South Carolina",
                "LocationCity":"Charleston",
                "LocationState":"South Carolina",
                "LocationZip":"29425",
                "LocationCountry":"United States"
              },{
                "LocationFacility":"CCOP - Upstate Carolina",
                "LocationCity":"Spartanburg",
                "LocationState":"South Carolina",
                "LocationZip":"29303",
                "LocationCountry":"United States"
              },{
                "LocationFacility":"Danville Radiation Therapy Center",
                "LocationCity":"Memphis",
                "LocationState":"Tennessee",
                "LocationZip":"38104",
                "LocationCountry":"United States"
              },{
                "LocationFacility":"Harrington Cancer Center",
                "LocationCity":"Amarillo",
                "LocationState":"Texas",
                "LocationZip":"79106",
                "LocationCountry":"United States"
              },{
                "LocationFacility":"Veterans Affairs Medical Center - Amarillo",
                "LocationCity":"Amarillo",
                "LocationState":"Texas",
                "LocationZip":"79106",
                "LocationCountry":"United States"
              },{
                "LocationFacility":"Brooke Army Medical Center",
                "LocationCity":"Fort Sam Houston",
                "LocationState":"Texas",
                "LocationZip":"78234-6200",
                "LocationCountry":"United States"
              },{
                "LocationFacility":"University of Texas Health Science Center at San Antonio",
                "LocationCity":"San Antonio",
                "LocationState":"Texas",
                "LocationZip":"78229-3900",
                "LocationCountry":"United States"
              },{
                "LocationFacility":"Veterans Affairs Medical Center - San Antonio (Murphy)",
                "LocationCity":"San Antonio",
                "LocationState":"Texas",
                "LocationZip":"78229",
                "LocationCountry":"United States"
              },{
                "LocationFacility":"CCOP - Scott and White Hospital",
                "LocationCity":"Temple",
                "LocationState":"Texas",
                "LocationZip":"76508",
                "LocationCountry":"United States"
              },{
                "LocationFacility":"Swedish Cancer Institute at Swedish Medical Center - First Hill Campus",
                "LocationCity":"Seattle",
                "LocationState":"Washington",
                "LocationZip":"98104",
                "LocationCountry":"United States"
              },{
                "LocationFacility":"Veterans Affairs Medical Center - Seattle",
                "LocationCity":"Seattle",
                "LocationState":"Washington",
                "LocationZip":"98108",
                "LocationCountry":"United States"
              }
            ]
          }
        },
        "ReferencesModule":{
          "ReferenceList":{
            "Reference":[
              {
                "ReferencePMID":"16314632",
                "ReferenceType":"result",
                "ReferenceCitation":"Hussain M, Tangen CM, Lara PN Jr, Vaishampayan UN, Petrylak DP, Colevas AD, Sakr WA, Crawford ED; Southwest Oncology Group. Ixabepilone (epothilone B analogue BMS-247550) is active in chemotherapy-naive patients with hormone-refractory prostate cancer: a Southwest Oncology Group trial S0111. J Clin Oncol. 2005 Dec 1;23(34):8724-9."
              }
            ]
          }
        }
      },
      "DerivedSection":{
        "MiscInfoModule":{
          "VersionHolder":"April 19, 2021"
        },
        "ConditionBrowseModule":{
          "ConditionMeshList":{
            "ConditionMesh":[
              {
                "ConditionMeshId":"D000011471",
                "ConditionMeshTerm":"Prostatic Neoplasms"
              }
            ]
          },
          "ConditionAncestorList":{
            "ConditionAncestor":[
              {
                "ConditionAncestorId":"D000005834",
                "ConditionAncestorTerm":"Genital Neoplasms, Male"
              },{
                "ConditionAncestorId":"D000014565",
                "ConditionAncestorTerm":"Urogenital Neoplasms"
              },{
                "ConditionAncestorId":"D000009371",
                "ConditionAncestorTerm":"Neoplasms by Site"
              },{
                "ConditionAncestorId":"D000009369",
                "ConditionAncestorTerm":"Neoplasms"
              },{
                "ConditionAncestorId":"D000011469",
                "ConditionAncestorTerm":"Prostatic Diseases"
              }
            ]
          },
          "ConditionBrowseLeafList":{
            "ConditionBrowseLeaf":[
              {
                "ConditionBrowseLeafId":"M12918",
                "ConditionBrowseLeafName":"Prostatic Neoplasms",
                "ConditionBrowseLeafAsFound":"Prostate Cancer",
                "ConditionBrowseLeafRelevance":"high"
              },{
                "ConditionBrowseLeafId":"M2166",
                "ConditionBrowseLeafName":"Adenocarcinoma",
                "ConditionBrowseLeafRelevance":"low"
              },{
                "ConditionBrowseLeafId":"M7529",
                "ConditionBrowseLeafName":"Genital Neoplasms, Male",
                "ConditionBrowseLeafRelevance":"low"
              },{
                "ConditionBrowseLeafId":"M15898",
                "ConditionBrowseLeafName":"Urogenital Neoplasms",
                "ConditionBrowseLeafRelevance":"low"
              },{
                "ConditionBrowseLeafId":"M12916",
                "ConditionBrowseLeafName":"Prostatic Diseases",
                "ConditionBrowseLeafRelevance":"low"
              }
            ]
          },
          "ConditionBrowseBranchList":{
            "ConditionBrowseBranch":[
              {
                "ConditionBrowseBranchAbbrev":"BC04",
                "ConditionBrowseBranchName":"Cancers and Other Neoplasms"
              },{
                "ConditionBrowseBranchAbbrev":"BXS",
                "ConditionBrowseBranchName":"Urinary Tract, Sexual Organs, and Pregnancy Conditions"
              },{
                "ConditionBrowseBranchAbbrev":"All",
                "ConditionBrowseBranchName":"All Conditions"
              }
            ]
          }
        },
        "InterventionBrowseModule":{
          "InterventionBrowseLeafList":{
            "InterventionBrowseLeaf":[
              {
                "InterventionBrowseLeafId":"M8372",
                "InterventionBrowseLeafName":"Hormones",
                "InterventionBrowseLeafRelevance":"low"
              },{
                "InterventionBrowseLeafId":"M22992",
                "InterventionBrowseLeafName":"Epothilones",
                "InterventionBrowseLeafRelevance":"low"
              },{
                "InterventionBrowseLeafId":"M216666",
                "InterventionBrowseLeafName":"Epothilone B",
                "InterventionBrowseLeafRelevance":"low"
              }
            ]
          },
          "InterventionBrowseBranchList":{
            "InterventionBrowseBranch":[
              {
                "InterventionBrowseBranchAbbrev":"All",
                "InterventionBrowseBranchName":"All Drugs and Chemicals"
              },{
                "InterventionBrowseBranchAbbrev":"ANeo",
                "InterventionBrowseBranchName":"Antineoplastic Agents"
              }
            ]
          }
        }
      }
    }
  }
}

