{
  "FullStudy":{
    "Rank":368672,
    "Study":{
      "ProtocolSection":{
        "IdentificationModule":{
          "NCTId":"NCT00013026",
          "OrgStudyIdInfo":{
            "OrgStudyId":"CPI 99-124"
          },
          "Organization":{
            "OrgFullName":"VA Office of Research and Development",
            "OrgClass":"FED"
          },
          "BriefTitle":"Trial of a Tailored Message Program to Implement CHF Guidelines",
          "OfficialTitle":"Trial of a Tailored Message Program to Implement CHF Guidelines"
        },
        "StatusModule":{
          "StatusVerifiedDate":"February 2007",
          "OverallStatus":"Completed",
          "ExpandedAccessInfo":{
            "HasExpandedAccess":"No"
          },
          "CompletionDateStruct":{
            "CompletionDate":"March 2004",
            "CompletionDateType":"Actual"
          },
          "StudyFirstSubmitDate":"March 14, 2001",
          "StudyFirstSubmitQCDate":"March 15, 2001",
          "StudyFirstPostDateStruct":{
            "StudyFirstPostDate":"March 16, 2001",
            "StudyFirstPostDateType":"Estimate"
          },
          "LastUpdateSubmitDate":"April 6, 2015",
          "LastUpdatePostDateStruct":{
            "LastUpdatePostDate":"April 7, 2015",
            "LastUpdatePostDateType":"Estimate"
          }
        },
        "SponsorCollaboratorsModule":{
          "ResponsibleParty":{
            "ResponsiblePartyType":"Sponsor"
          },
          "LeadSponsor":{
            "LeadSponsorName":"US Department of Veterans Affairs",
            "LeadSponsorClass":"FED"
          },
          "CollaboratorList":{
            "Collaborator":[
              {
                "CollaboratorName":"Indiana University School of Medicine",
                "CollaboratorClass":"OTHER"
              }
            ]
          }
        },
        "OversightModule":{
          "OversightHasDMC":"No"
        },
        "DescriptionModule":{
          "BriefSummary":"Congestive heart failure is a serious health problem in the United States and is associated with excessive morbidity and mortality. Several classes of medications have been shown to improve mortality in patients with CHF. Despite this these medications are widely under prescribed. Guidelines have been shown to improve patient outcomes and several guidelines on the management of CHF have been published. Implementation of guidelines is challenging and most strategies have focused on changing physician behavior. Patient-based interventions have been shown to be effective in implementing guidelines on CHF but they have been very labor intensive. A computer based intervention to implement CHF guidelines, if effective, would be beneficial.",
          "DetailedDescription":"Background:\n\nCongestive heart failure is a serious health problem in the United States and is associated with excessive morbidity and mortality. Several classes of medications have been shown to improve mortality in patients with CHF. Despite this these medications are widely under prescribed. Guidelines have been shown to improve patient outcomes and several guidelines on the management of CHF have been published. Implementation of guidelines is challenging and most strategies have focused on changing physician behavior. Patient-based interventions have been shown to be effective in implementing guidelines on CHF but they have been very labor intensive. A computer based intervention to implement CHF guidelines, if effective, would be beneficial.\n\nObjectives:\n\nPatients with CHF consume a significant proportion of healthcare resources, with exacerbations of CHF being the second most common reason for medical admission to VA medical centers. Therefore, the main objective is to understand the impact of a tailored education message program designed for direct use by patients on medical resource use. Other objectives include understanding the tools impact on patient compliance and quality of life.\n\nMethods:\n\nPatients have been randomized to one of two groups: 1) intervention group or the 2) control group. The intervention group receives the tailored education messages program. This program assesses patients� beliefs about compliance with medications, diet, and self-monitoring. Based on identified barriers to compliance, intervention patients receive a tailored educational message to dispel these beliefs and improve compliance. The control group interacts with a generic healthcare website. Patients in both groups are monitored for hospitalization; emergent care visits, compliance with prescribed treatment and quality of life\n\nStatus:\n\nProject work is ongoing."
        },
        "ConditionsModule":{
          "ConditionList":{
            "Condition":[
              "Heart Failure"
            ]
          },
          "KeywordList":{
            "Keyword":[
              "Congestive Heart Failure"
            ]
          }
        },
        "DesignModule":{
          "StudyType":"Interventional",
          "PhaseList":{
            "Phase":[
              "Not Applicable"
            ]
          },
          "DesignInfo":{
            "DesignAllocation":"Randomized",
            "DesignInterventionModel":"Parallel Assignment",
            "DesignMaskingInfo":{
              "DesignMasking":"Single"
            }
          },
          "EnrollmentInfo":{
            "EnrollmentCount":"700",
            "EnrollmentType":"Anticipated"
          }
        },
        "ArmsInterventionsModule":{
          "ArmGroupList":{
            "ArmGroup":[
              {
                "ArmGroupLabel":"Arm 1",
                "ArmGroupType":"Other",
                "ArmGroupInterventionList":{
                  "ArmGroupInterventionName":[
                    "Behavioral: CHF Self-management Education (Web-based Education)"
                  ]
                }
              }
            ]
          },
          "InterventionList":{
            "Intervention":[
              {
                "InterventionType":"Behavioral",
                "InterventionName":"CHF Self-management Education (Web-based Education)",
                "InterventionArmGroupLabelList":{
                  "InterventionArmGroupLabel":[
                    "Arm 1"
                  ]
                }
              }
            ]
          }
        },
        "EligibilityModule":{
          "EligibilityCriteria":"Inclusion Criteria:\n\nEF <40%, getting majority care at the VA, not enrolled in another CHF study, ability to read English.\n\nExclusion Criteria:",
          "HealthyVolunteers":"Accepts Healthy Volunteers",
          "Gender":"All",
          "StdAgeList":{
            "StdAge":[
              "Child",
              "Adult",
              "Older Adult"
            ]
          }
        },
        "ContactsLocationsModule":{
          "OverallOfficialList":{
            "OverallOfficial":[
              {
                "OverallOfficialName":"Terrence M. Shaneyfelt, MPH MD",
                "OverallOfficialAffiliation":"Birmingham VA Medical Center, Birmingham, AL",
                "OverallOfficialRole":"Principal Investigator"
              },{
                "OverallOfficialName":"Catarina I. Kiefe, PhD MD",
                "OverallOfficialAffiliation":"Birmingham VA Medical Center, Birmingham, AL",
                "OverallOfficialRole":"Principal Investigator"
              }
            ]
          },
          "LocationList":{
            "Location":[
              {
                "LocationFacility":"Birmingham VA Medical Center, Birmingham, AL",
                "LocationCity":"Birmingham",
                "LocationState":"Alabama",
                "LocationZip":"35233",
                "LocationCountry":"United States"
              }
            ]
          }
        }
      },
      "DerivedSection":{
        "MiscInfoModule":{
          "VersionHolder":"April 19, 2021"
        },
        "ConditionBrowseModule":{
          "ConditionMeshList":{
            "ConditionMesh":[
              {
                "ConditionMeshId":"D000006333",
                "ConditionMeshTerm":"Heart Failure"
              }
            ]
          },
          "ConditionAncestorList":{
            "ConditionAncestor":[
              {
                "ConditionAncestorId":"D000006331",
                "ConditionAncestorTerm":"Heart Diseases"
              },{
                "ConditionAncestorId":"D000002318",
                "ConditionAncestorTerm":"Cardiovascular Diseases"
              }
            ]
          },
          "ConditionBrowseLeafList":{
            "ConditionBrowseLeaf":[
              {
                "ConditionBrowseLeafId":"M8004",
                "ConditionBrowseLeafName":"Heart Failure",
                "ConditionBrowseLeafAsFound":"Heart Failure",
                "ConditionBrowseLeafRelevance":"high"
              },{
                "ConditionBrowseLeafId":"M8002",
                "ConditionBrowseLeafName":"Heart Diseases",
                "ConditionBrowseLeafRelevance":"low"
              }
            ]
          },
          "ConditionBrowseBranchList":{
            "ConditionBrowseBranch":[
              {
                "ConditionBrowseBranchAbbrev":"BC14",
                "ConditionBrowseBranchName":"Heart and Blood Diseases"
              },{
                "ConditionBrowseBranchAbbrev":"All",
                "ConditionBrowseBranchName":"All Conditions"
              }
            ]
          }
        }
      }
    }
  }
}

