{
  "FullStudy":{
    "Rank":368733,
    "Study":{
      "ProtocolSection":{
        "IdentificationModule":{
          "NCTId":"NCT00012142",
          "OrgStudyIdInfo":{
            "OrgStudyId":"CDR0000068487"
          },
          "SecondaryIdInfoList":{
            "SecondaryIdInfo":[
              {
                "SecondaryId":"UCLA-000606401"
              },{
                "SecondaryId":"GENE-C9940-32"
              },{
                "SecondaryId":"UCLA-CCI-779"
              },{
                "SecondaryId":"W-AR-3066K1-201-US"
              },{
                "SecondaryId":"NCI-G01-1917"
              }
            ]
          },
          "Organization":{
            "OrgFullName":"National Cancer Institute (NCI)",
            "OrgClass":"NIH"
          },
          "BriefTitle":"CCI-779 in Treating Patients With Prostate Cancer",
          "OfficialTitle":"Randomized, Double-Blind, Placebo-Controlled, Phase II Study Of Intravenous CCI-779 Administered Weekly To Patients With Androgen-Independent Prostate Cancer"
        },
        "StatusModule":{
          "StatusVerifiedDate":"May 2002",
          "OverallStatus":"Completed",
          "ExpandedAccessInfo":{
            "HasExpandedAccess":"No"
          },
          "StartDateStruct":{
            "StartDate":"September 2000"
          },
          "CompletionDateStruct":{
            "CompletionDate":"March 2004",
            "CompletionDateType":"Actual"
          },
          "StudyFirstSubmitDate":"March 3, 2001",
          "StudyFirstSubmitQCDate":"March 25, 2004",
          "StudyFirstPostDateStruct":{
            "StudyFirstPostDate":"March 26, 2004",
            "StudyFirstPostDateType":"Estimate"
          },
          "LastUpdateSubmitDate":"June 20, 2013",
          "LastUpdatePostDateStruct":{
            "LastUpdatePostDate":"June 24, 2013",
            "LastUpdatePostDateType":"Estimate"
          }
        },
        "SponsorCollaboratorsModule":{
          "LeadSponsor":{
            "LeadSponsorName":"Jonsson Comprehensive Cancer Center",
            "LeadSponsorClass":"OTHER"
          },
          "CollaboratorList":{
            "Collaborator":[
              {
                "CollaboratorName":"National Cancer Institute (NCI)",
                "CollaboratorClass":"NIH"
              }
            ]
          }
        },
        "OversightModule":{},
        "DescriptionModule":{
          "BriefSummary":"RATIONALE: Drugs used in chemotherapy use different ways to stop tumor cells from dividing so they stop growing or die.\n\nPURPOSE: Randomized phase II trial to determine the effectiveness of CCI-779 in treating patients who have progressive prostate cancer.",
          "DetailedDescription":"OBJECTIVES: I. Determine the safety of CCI-779 in patients with androgen-independent prostate cancer. II. Determine the effects of CCI-779 on prostate-specific antigen levels in these patients. III. Assess the pharmacokinetic parameters of CCI-779 in these patients. IV. Assess the possible pharmacodynamic relationship of CCI-779 with clinical response in these patients. V. Determine the impact of CCI-779 on the quality of life in these patients.\n\nOUTLINE: This is a randomized, double-blind, placebo-controlled, multicenter study. Patients are randomized to 1 of 4 arms. Arm I: Patients receive low-dose CCI-779 IV over 30 minutes weekly. Arm II: Patients receive high-dose CCI-779 IV over 30 minutes weekly. Arm III: Patients receive low-dose placebo IV over 30 minutes weekly. Arm IV: Patients receive high-dose placebo IV over 30 minutes weekly. Treatment continues in the absence of disease progression or unacceptable toxicity. Patients who develop progressive disease while receiving placebo may cross over to the equivalent dose of CCI-779. Quality of life is assessed at baseline; at weeks 4, 8, 12, 24, and 36; and at final/cross-over visit. Patients are followed every 3 months.\n\nPROJECTED ACCRUAL: Approximately 150 patients will be accrued for this study."
        },
        "ConditionsModule":{
          "ConditionList":{
            "Condition":[
              "Prostate Cancer"
            ]
          },
          "KeywordList":{
            "Keyword":[
              "stage IV prostate cancer"
            ]
          }
        },
        "DesignModule":{
          "StudyType":"Interventional",
          "PhaseList":{
            "Phase":[
              "Phase 2"
            ]
          },
          "DesignInfo":{
            "DesignPrimaryPurpose":"Treatment"
          }
        },
        "ArmsInterventionsModule":{
          "InterventionList":{
            "Intervention":[
              {
                "InterventionType":"Drug",
                "InterventionName":"temsirolimus"
              }
            ]
          }
        },
        "EligibilityModule":{
          "EligibilityCriteria":"DISEASE CHARACTERISTICS: Histologically confirmed asymptomatic, progressive, metastatic adenocarcinoma of the prostate Progressive disease defined as increasing prostate-specific antigen (PSA) levels from 2 measurements at least 2 weeks apart PSA greater than 5 ng/mL Continued medical means of gonadal ablation (e.g., luteinizing hormone releasing hormone (LHRH)) required No known CNS metastases unless previously treated by surgery or radiotherapy and stable, asymptomatic, and not requiring steroids and anticonvulsants\n\nPATIENT CHARACTERISTICS: Age: 18 and over Performance status: ECOG 0-2 Life expectancy: At least 6 months Hematopoietic: Absolute neutrophil count at least 1,500/mm3 Platelet count at least 100,000/mm3 Hemoglobin at least 8.5 g/Dl Hepatic: Bilirubin no greater than 1.5 times upper limit of normal (ULN) AST no greater than 3 times ULN (no greater than 5 times ULN if liver metastases present) Serum cholesterol no greater than 350 mg/Dl Triglycerides no greater than 300 mg/Dl Renal: Creatinine no greater than 1.5 times ULN Cardiovascular: No unstable angina or life-threatening ventricular arrhythmia requiring maintenance therapy No myocardial infarction within the past 6 months Other: No other malignancy in past 5 years other than basal cell or squamous cell skin cancer HIV negative No active infection Not immunocompromised No other major illness that would preclude study Fertile patients must use effective contraception during and for 3 months after the study\n\nPRIOR CONCURRENT THERAPY: Biologic therapy: Concurrent epoetin alfa allowed Chemotherapy: No prior cytotoxic chemotherapy for prostate cancer No other concurrent chemotherapy Endocrine therapy: See Disease Characteristics At least 6 weeks since prior antiandrogen therapy At least 4 weeks since prior hormonal therapy (6 weeks for antiandrogens) for prostate cancer other than continued LHRH agonist No concurrent systemic corticosteroids No concurrent anticancer hormonal therapy Radiotherapy: At least 3 weeks since prior radiotherapy No prior palliative radiotherapy to more than one site No prior strontium chloride Sr 89 or samarium Sm 153 lexidronam pentasodium No concurrent radiotherapy Surgery: At least 3 weeks since prior surgery Other: At least 4 weeks since prior investigational agent No concurrent immunosuppressive agents No other concurrent investigational agent No concurrent enzyme-inducing anticonvulsants (carbamazepine, phenobarbital, phenytoin), ketoconazole, diltiazem, rifampin, terfenadine, cisapride, astemizole, or pimozide No concurrent megestrol acetate for appetite Concurrent bisphosphonates allowed",
          "HealthyVolunteers":"No",
          "Gender":"Male",
          "MinimumAge":"18 Years",
          "StdAgeList":{
            "StdAge":[
              "Adult",
              "Older Adult"
            ]
          }
        },
        "ContactsLocationsModule":{
          "OverallOfficialList":{
            "OverallOfficial":[
              {
                "OverallOfficialName":"Diane Prager, MD",
                "OverallOfficialAffiliation":"Jonsson Comprehensive Cancer Center",
                "OverallOfficialRole":"Study Chair"
              }
            ]
          },
          "LocationList":{
            "Location":[
              {
                "LocationFacility":"Jonsson Comprehensive Cancer Center, UCLA",
                "LocationCity":"Los Angeles",
                "LocationState":"California",
                "LocationZip":"90095-1781",
                "LocationCountry":"United States"
              }
            ]
          }
        }
      },
      "DerivedSection":{
        "MiscInfoModule":{
          "VersionHolder":"April 19, 2021"
        },
        "ConditionBrowseModule":{
          "ConditionMeshList":{
            "ConditionMesh":[
              {
                "ConditionMeshId":"D000011471",
                "ConditionMeshTerm":"Prostatic Neoplasms"
              }
            ]
          },
          "ConditionAncestorList":{
            "ConditionAncestor":[
              {
                "ConditionAncestorId":"D000005834",
                "ConditionAncestorTerm":"Genital Neoplasms, Male"
              },{
                "ConditionAncestorId":"D000014565",
                "ConditionAncestorTerm":"Urogenital Neoplasms"
              },{
                "ConditionAncestorId":"D000009371",
                "ConditionAncestorTerm":"Neoplasms by Site"
              },{
                "ConditionAncestorId":"D000009369",
                "ConditionAncestorTerm":"Neoplasms"
              },{
                "ConditionAncestorId":"D000011469",
                "ConditionAncestorTerm":"Prostatic Diseases"
              }
            ]
          },
          "ConditionBrowseLeafList":{
            "ConditionBrowseLeaf":[
              {
                "ConditionBrowseLeafId":"M12918",
                "ConditionBrowseLeafName":"Prostatic Neoplasms",
                "ConditionBrowseLeafAsFound":"Prostate Cancer",
                "ConditionBrowseLeafRelevance":"high"
              },{
                "ConditionBrowseLeafId":"M7529",
                "ConditionBrowseLeafName":"Genital Neoplasms, Male",
                "ConditionBrowseLeafRelevance":"low"
              },{
                "ConditionBrowseLeafId":"M15898",
                "ConditionBrowseLeafName":"Urogenital Neoplasms",
                "ConditionBrowseLeafRelevance":"low"
              },{
                "ConditionBrowseLeafId":"M12916",
                "ConditionBrowseLeafName":"Prostatic Diseases",
                "ConditionBrowseLeafRelevance":"low"
              }
            ]
          },
          "ConditionBrowseBranchList":{
            "ConditionBrowseBranch":[
              {
                "ConditionBrowseBranchAbbrev":"BC04",
                "ConditionBrowseBranchName":"Cancers and Other Neoplasms"
              },{
                "ConditionBrowseBranchAbbrev":"BXS",
                "ConditionBrowseBranchName":"Urinary Tract, Sexual Organs, and Pregnancy Conditions"
              },{
                "ConditionBrowseBranchAbbrev":"All",
                "ConditionBrowseBranchName":"All Conditions"
              }
            ]
          }
        },
        "InterventionBrowseModule":{
          "InterventionMeshList":{
            "InterventionMesh":[
              {
                "InterventionMeshId":"D000020123",
                "InterventionMeshTerm":"Sirolimus"
              }
            ]
          },
          "InterventionAncestorList":{
            "InterventionAncestor":[
              {
                "InterventionAncestorId":"D000000900",
                "InterventionAncestorTerm":"Anti-Bacterial Agents"
              },{
                "InterventionAncestorId":"D000000890",
                "InterventionAncestorTerm":"Anti-Infective Agents"
              },{
                "InterventionAncestorId":"D000000903",
                "InterventionAncestorTerm":"Antibiotics, Antineoplastic"
              },{
                "InterventionAncestorId":"D000000970",
                "InterventionAncestorTerm":"Antineoplastic Agents"
              },{
                "InterventionAncestorId":"D000000935",
                "InterventionAncestorTerm":"Antifungal Agents"
              },{
                "InterventionAncestorId":"D000007166",
                "InterventionAncestorTerm":"Immunosuppressive Agents"
              },{
                "InterventionAncestorId":"D000007155",
                "InterventionAncestorTerm":"Immunologic Factors"
              },{
                "InterventionAncestorId":"D000045505",
                "InterventionAncestorTerm":"Physiological Effects of Drugs"
              }
            ]
          },
          "InterventionBrowseLeafList":{
            "InterventionBrowseLeaf":[
              {
                "InterventionBrowseLeafId":"M20544",
                "InterventionBrowseLeafName":"Sirolimus",
                "InterventionBrowseLeafAsFound":"Lymphocytic Leukemia",
                "InterventionBrowseLeafRelevance":"high"
              },{
                "InterventionBrowseLeafId":"M2640",
                "InterventionBrowseLeafName":"Androgens",
                "InterventionBrowseLeafRelevance":"low"
              },{
                "InterventionBrowseLeafId":"M2803",
                "InterventionBrowseLeafName":"Anti-Bacterial Agents",
                "InterventionBrowseLeafRelevance":"low"
              },{
                "InterventionBrowseLeafId":"M2795",
                "InterventionBrowseLeafName":"Anti-Infective Agents",
                "InterventionBrowseLeafRelevance":"low"
              },{
                "InterventionBrowseLeafId":"M2805",
                "InterventionBrowseLeafName":"Antibiotics, Antitubercular",
                "InterventionBrowseLeafRelevance":"low"
              },{
                "InterventionBrowseLeafId":"M4835",
                "InterventionBrowseLeafName":"Clotrimazole",
                "InterventionBrowseLeafRelevance":"low"
              },{
                "InterventionBrowseLeafId":"M10379",
                "InterventionBrowseLeafName":"Miconazole",
                "InterventionBrowseLeafRelevance":"low"
              },{
                "InterventionBrowseLeafId":"M2835",
                "InterventionBrowseLeafName":"Antifungal Agents",
                "InterventionBrowseLeafRelevance":"low"
              },{
                "InterventionBrowseLeafId":"M8795",
                "InterventionBrowseLeafName":"Immunosuppressive Agents",
                "InterventionBrowseLeafRelevance":"low"
              },{
                "InterventionBrowseLeafId":"M8784",
                "InterventionBrowseLeafName":"Immunologic Factors",
                "InterventionBrowseLeafRelevance":"low"
              }
            ]
          },
          "InterventionBrowseBranchList":{
            "InterventionBrowseBranch":[
              {
                "InterventionBrowseBranchAbbrev":"Infe",
                "InterventionBrowseBranchName":"Anti-Infective Agents"
              },{
                "InterventionBrowseBranchAbbrev":"ANeo",
                "InterventionBrowseBranchName":"Antineoplastic Agents"
              },{
                "InterventionBrowseBranchAbbrev":"All",
                "InterventionBrowseBranchName":"All Drugs and Chemicals"
              }
            ]
          }
        }
      }
    }
  }
}

