{
  "FullStudy":{
    "Rank":368305,
    "Study":{
      "ProtocolSection":{
        "IdentificationModule":{
          "NCTId":"NCT00018395",
          "OrgStudyIdInfo":{
            "OrgStudyId":"CADE-AI"
          },
          "Organization":{
            "OrgFullName":"VA Office of Research and Development",
            "OrgClass":"FED"
          },
          "BriefTitle":"Cardiovascular Mortality Associated With Abnormal Calcium Metabolism",
          "OfficialTitle":"Cardiovascular Mortality Associated With Abnormal Calcium Metabolism"
        },
        "StatusModule":{
          "StatusVerifiedDate":"December 2004",
          "OverallStatus":"Completed",
          "ExpandedAccessInfo":{
            "HasExpandedAccess":"No"
          },
          "StartDateStruct":{
            "StartDate":"August 1997"
          },
          "CompletionDateStruct":{
            "CompletionDate":"June 2002"
          },
          "StudyFirstSubmitDate":"July 3, 2001",
          "StudyFirstSubmitQCDate":"July 4, 2001",
          "StudyFirstPostDateStruct":{
            "StudyFirstPostDate":"July 5, 2001",
            "StudyFirstPostDateType":"Estimate"
          },
          "LastUpdateSubmitDate":"January 20, 2009",
          "LastUpdatePostDateStruct":{
            "LastUpdatePostDate":"January 21, 2009",
            "LastUpdatePostDateType":"Estimate"
          }
        },
        "SponsorCollaboratorsModule":{
          "LeadSponsor":{
            "LeadSponsorName":"US Department of Veterans Affairs",
            "LeadSponsorClass":"FED"
          }
        },
        "OversightModule":{},
        "DescriptionModule":{
          "BriefSummary":"The purpose of this cohort study is to estimate the risk of cardiovascular mortality associated with abnormal calcium metabolism"
        },
        "ConditionsModule":{
          "ConditionList":{
            "Condition":[
              "Cardiovascular Disease",
              "Kidney Disease"
            ]
          },
          "KeywordList":{
            "Keyword":[
              "Calcium Metabolism"
            ]
          }
        },
        "DesignModule":{
          "StudyType":"Observational"
        },
        "EligibilityModule":{
          "EligibilityCriteria":"All ESRD patients who indicated dialysis in 1990-1993",
          "HealthyVolunteers":"No",
          "Gender":"All",
          "MinimumAge":"18 Years",
          "StdAgeList":{
            "StdAge":[
              "Adult",
              "Older Adult"
            ]
          }
        },
        "ContactsLocationsModule":{
          "LocationList":{
            "Location":[
              {
                "LocationFacility":"VA Puget Sound Health Care System",
                "LocationCity":"Seattle",
                "LocationState":"Washington",
                "LocationZip":"98108",
                "LocationCountry":"United States"
              }
            ]
          }
        }
      },
      "DerivedSection":{
        "MiscInfoModule":{
          "VersionHolder":"April 19, 2021"
        },
        "ConditionBrowseModule":{
          "ConditionMeshList":{
            "ConditionMesh":[
              {
                "ConditionMeshId":"D000007674",
                "ConditionMeshTerm":"Kidney Diseases"
              },{
                "ConditionMeshId":"D000002318",
                "ConditionMeshTerm":"Cardiovascular Diseases"
              }
            ]
          },
          "ConditionAncestorList":{
            "ConditionAncestor":[
              {
                "ConditionAncestorId":"D000014570",
                "ConditionAncestorTerm":"Urologic Diseases"
              }
            ]
          },
          "ConditionBrowseLeafList":{
            "ConditionBrowseLeaf":[
              {
                "ConditionBrowseLeafId":"M9281",
                "ConditionBrowseLeafName":"Kidney Diseases",
                "ConditionBrowseLeafAsFound":"Kidney Disease",
                "ConditionBrowseLeafRelevance":"high"
              },{
                "ConditionBrowseLeafId":"M15902",
                "ConditionBrowseLeafName":"Urologic Diseases",
                "ConditionBrowseLeafRelevance":"low"
              }
            ]
          },
          "ConditionBrowseBranchList":{
            "ConditionBrowseBranch":[
              {
                "ConditionBrowseBranchAbbrev":"BXS",
                "ConditionBrowseBranchName":"Urinary Tract, Sexual Organs, and Pregnancy Conditions"
              },{
                "ConditionBrowseBranchAbbrev":"All",
                "ConditionBrowseBranchName":"All Conditions"
              }
            ]
          }
        },
        "InterventionBrowseModule":{
          "InterventionBrowseLeafList":{
            "InterventionBrowseLeaf":[
              {
                "InterventionBrowseLeafId":"M3963",
                "InterventionBrowseLeafName":"Calcium",
                "InterventionBrowseLeafRelevance":"low"
              },{
                "InterventionBrowseLeafId":"M3980",
                "InterventionBrowseLeafName":"Calcium, Dietary",
                "InterventionBrowseLeafRelevance":"low"
              }
            ]
          },
          "InterventionBrowseBranchList":{
            "InterventionBrowseBranch":[
              {
                "InterventionBrowseBranchAbbrev":"All",
                "InterventionBrowseBranchName":"All Drugs and Chemicals"
              },{
                "InterventionBrowseBranchAbbrev":"BDCA",
                "InterventionBrowseBranchName":"Bone Density Conservation Agents"
              }
            ]
          }
        }
      }
    }
  }
}

