{
  "FullStudy":{
    "Rank":368436,
    "Study":{
      "ProtocolSection":{
        "IdentificationModule":{
          "NCTId":"NCT00016510",
          "OrgStudyIdInfo":{
            "OrgStudyId":"010165"
          },
          "SecondaryIdInfoList":{
            "SecondaryIdInfo":[
              {
                "SecondaryId":"01-N-0165"
              }
            ]
          },
          "Organization":{
            "OrgFullName":"National Institutes of Health Clinical Center (CC)",
            "OrgClass":"NIH"
          },
          "BriefTitle":"Differences in Brain Processing of First and Second Languages (Korean and English)",
          "OfficialTitle":"Differences of Verbal Working Memory and Translation Systems Between First and Second Languages: a Functional MRI Study"
        },
        "StatusModule":{
          "StatusVerifiedDate":"May 2002",
          "OverallStatus":"Completed",
          "ExpandedAccessInfo":{
            "HasExpandedAccess":"No"
          },
          "StartDateStruct":{
            "StartDate":"May 2001"
          },
          "CompletionDateStruct":{
            "CompletionDate":"May 2002"
          },
          "StudyFirstSubmitDate":"May 12, 2001",
          "StudyFirstSubmitQCDate":"May 12, 2001",
          "StudyFirstPostDateStruct":{
            "StudyFirstPostDate":"May 14, 2001",
            "StudyFirstPostDateType":"Estimate"
          },
          "LastUpdateSubmitDate":"March 3, 2008",
          "LastUpdatePostDateStruct":{
            "LastUpdatePostDate":"March 4, 2008",
            "LastUpdatePostDateType":"Estimate"
          }
        },
        "SponsorCollaboratorsModule":{
          "LeadSponsor":{
            "LeadSponsorName":"National Institute of Neurological Disorders and Stroke (NINDS)",
            "LeadSponsorClass":"NIH"
          }
        },
        "OversightModule":{},
        "DescriptionModule":{
          "BriefSummary":"This study will examine differences in how the brain processes English and Korean in native Korean speakers who are fluent and non-fluent in English as a second language. It is thought that people who are non-fluent in a second language process the second language differently from their native language-using different areas of the brain and requiring additional working memory. The study will increase understanding of language acquisition, brain plasticity and bilingualism.\n\nNative Korean speakers between 18 and 50 years of age with English as a second language may be eligible for this study. Three groups of individuals will be enrolled: 1) less fluent bilinguals - those who have lived in the United States for at least 1, but less than 2 years and studied English after age 12 and who have a TOEFL (Test of English as a Foreign Language) score above 550; 2) fluent bilinguals with early acquisition - those who were exposed to English before age 7 and lived in the United States after that; and 3) fluent bilinguals with late acquisition - those who were exposed to English after age 12 and lived in the United States after age 10. People with a history of head injury or neurological or thought disorder, left-handed people, and people who cannot read the material used in the study will be excluded from the study.\n\nParticipants will undergo magnetic resonance imaging (MRI) scanning while reading words in English or Korean; while translating from one language to the other; and while answering questions about the meaning of words in each language. MRI uses a strong magnetic field to image brain tissue. The patient lies on a table that slides into a narrow metal cylinder, which is the scanner. The head is restrained gently with foam padding to limit movement. The patient can see out of the scanner through a mirror and is in contact with the technician via an intercom at all times during the procedure. The scans measures blood flow to different parts of the brain, providing information about what brain regions are being used during the tasks performed. Another scan will be done to obtain a detailed picture of the brain's structure.\n\nThis study will evaluate the usefulness of MRI in identifying brain areas involved in processing different languages and increase knowledge about how illness affects brain function. It may help plan treatment for bilingual patients who must undergo brain surgery for uncontrolled epilepsy or who have a neurological disorder affecting different languages with varying degrees.",
          "DetailedDescription":"This protocol will use functional magnetic resonance imaging (fMRI) to examine the localization of verbal working memory and translation systems in normal volunteers who speak English as a second language. Several important issues in areas such as language acquisition, cortical plasticity, and bilingualism will be advanced by an increased understanding of how multiple languages are represented in the brain. There are also an increasing number of bilingual patients who need to undergo surgical intervention, particularly for uncontrolled epilepsy, or suffer from a variety of neurological disorders affecting different languages to varying degrees. It is very important to accurately assess and localize language functions in these patients. This study will identify cortical areas activated by the immediate translation of words and sentences between native and second languages, as well as differences in verbal working memory systems between two languages. It will also evaluate differences in verbal working memory and translation systems among subjects with different proficiency and different age at acquisition of their second language. This study will advance our understanding of the cortical representation that underlies multiple language functions."
        },
        "ConditionsModule":{
          "ConditionList":{
            "Condition":[
              "Brain Disorder",
              "Healthy"
            ]
          },
          "KeywordList":{
            "Keyword":[
              "Bilingualism",
              "Fluency",
              "Age at Acquisition",
              "Words and Sentences",
              "Cortical Area",
              "Healthy Volunteer",
              "HV",
              "Bilingual",
              "Second Language"
            ]
          }
        },
        "DesignModule":{
          "StudyType":"Observational",
          "EnrollmentInfo":{
            "EnrollmentCount":"63"
          }
        },
        "EligibilityModule":{
          "EligibilityCriteria":"LESS-FLUENT BILINGUALS:\n\nNative Korean speakers who have lived in the United States for at least one, but less than two years and have studied English after the age of 12.\n\nTOEFL (Test of English as a Foreign Language) score above 550.\n\nFLUENT BILINGUALS WITH EARLY ACQUISITION:\n\nNative Korean speakers who have been exposed to English before the age of 7 and have lived in the US after that.\n\nFLUENT BILINGUALS WITH LATE ACQUISITION:\n\nNative Korean speakers who have been exposed to English after the age of 12 and have lived in the US after that.\n\nALL SUBJECTS:\n\nAges 18-50 years old.\n\nNo history of head injury.\n\nNo history of neurological and thought disorder.\n\nMust not take any medication with cognitive side effects.\n\nMust not have any contraindication for fMRI (e.g. pacemaker, metallic surgical implantation, etc.).\n\nNo left-handed persons.\n\nNo persons who are unable to read the visually presented material.",
          "HealthyVolunteers":"Accepts Healthy Volunteers",
          "Gender":"All",
          "StdAgeList":{
            "StdAge":[
              "Child",
              "Adult",
              "Older Adult"
            ]
          }
        },
        "ContactsLocationsModule":{
          "LocationList":{
            "Location":[
              {
                "LocationFacility":"National Institute of Neurological Disorders and Stroke (NINDS)",
                "LocationCity":"Bethesda",
                "LocationState":"Maryland",
                "LocationZip":"20892",
                "LocationCountry":"United States"
              }
            ]
          }
        },
        "ReferencesModule":{
          "ReferenceList":{
            "Reference":[
              {
                "ReferencePMID":"10191322",
                "ReferenceType":"background",
                "ReferenceCitation":"Chee MW, Tan EW, Thiel T. Mandarin and English single word processing studied with functional magnetic resonance imaging. J Neurosci. 1999 Apr 15;19(8):3050-6."
              },{
                "ReferencePMID":"10402199",
                "ReferenceType":"background",
                "ReferenceCitation":"Chee MW, Caplan D, Soon CS, Sriram N, Tan EW, Thiel T, Weekes B. Processing of visually presented sentences in Mandarin and English studied with fMRI. Neuron. 1999 May;23(1):127-37."
              },{
                "ReferencePMID":"9427375",
                "ReferenceType":"background",
                "ReferenceCitation":"Dehaene S, Dupoux E, Mehler J, Cohen L, Paulesu E, Perani D, van de Moortele PF, Lehéricy S, Le Bihan D. Anatomical variability in the cortical representation of first and second language. Neuroreport. 1997 Dec 1;8(17):3809-15."
              }
            ]
          }
        }
      },
      "DerivedSection":{
        "MiscInfoModule":{
          "VersionHolder":"April 19, 2021"
        },
        "ConditionBrowseModule":{
          "ConditionMeshList":{
            "ConditionMesh":[
              {
                "ConditionMeshId":"D000001927",
                "ConditionMeshTerm":"Brain Diseases"
              }
            ]
          },
          "ConditionAncestorList":{
            "ConditionAncestor":[
              {
                "ConditionAncestorId":"D000002493",
                "ConditionAncestorTerm":"Central Nervous System Diseases"
              },{
                "ConditionAncestorId":"D000009422",
                "ConditionAncestorTerm":"Nervous System Diseases"
              }
            ]
          },
          "ConditionBrowseLeafList":{
            "ConditionBrowseLeaf":[
              {
                "ConditionBrowseLeafId":"M3786",
                "ConditionBrowseLeafName":"Brain Diseases",
                "ConditionBrowseLeafAsFound":"Brain Disorders",
                "ConditionBrowseLeafRelevance":"high"
              },{
                "ConditionBrowseLeafId":"M4325",
                "ConditionBrowseLeafName":"Central Nervous System Diseases",
                "ConditionBrowseLeafRelevance":"low"
              }
            ]
          },
          "ConditionBrowseBranchList":{
            "ConditionBrowseBranch":[
              {
                "ConditionBrowseBranchAbbrev":"BC10",
                "ConditionBrowseBranchName":"Nervous System Diseases"
              },{
                "ConditionBrowseBranchAbbrev":"All",
                "ConditionBrowseBranchName":"All Conditions"
              }
            ]
          }
        }
      }
    }
  }
}

