{
  "FullStudy":{
    "Rank":368689,
    "Study":{
      "ProtocolSection":{
        "IdentificationModule":{
          "NCTId":"NCT00012805",
          "OrgStudyIdInfo":{
            "OrgStudyId":"IIR 97-022"
          },
          "Organization":{
            "OrgFullName":"VA Office of Research and Development",
            "OrgClass":"FED"
          },
          "BriefTitle":"Effectiveness and Cost Impact of a Telecommunications System in COPD",
          "OfficialTitle":"Effectiveness and Cost Impact of a Telecommunications System in COPD"
        },
        "StatusModule":{
          "StatusVerifiedDate":"February 2007",
          "OverallStatus":"Completed",
          "ExpandedAccessInfo":{
            "HasExpandedAccess":"No"
          },
          "CompletionDateStruct":{
            "CompletionDate":"March 2001",
            "CompletionDateType":"Actual"
          },
          "StudyFirstSubmitDate":"March 14, 2001",
          "StudyFirstSubmitQCDate":"March 15, 2001",
          "StudyFirstPostDateStruct":{
            "StudyFirstPostDate":"March 16, 2001",
            "StudyFirstPostDateType":"Estimate"
          },
          "LastUpdateSubmitDate":"April 6, 2015",
          "LastUpdatePostDateStruct":{
            "LastUpdatePostDate":"April 7, 2015",
            "LastUpdatePostDateType":"Estimate"
          }
        },
        "SponsorCollaboratorsModule":{
          "ResponsibleParty":{
            "ResponsiblePartyType":"Sponsor"
          },
          "LeadSponsor":{
            "LeadSponsorName":"US Department of Veterans Affairs",
            "LeadSponsorClass":"FED"
          }
        },
        "OversightModule":{
          "OversightHasDMC":"No"
        },
        "DescriptionModule":{
          "BriefSummary":"Chronic obstructive pulmonary disease (COPD) is one of the most common chronic illnesses among veterans in the adult population, and accounts for substantial morbidity and mortality in this population. Interventions that enhance symptom self-monitoring and increase understanding of COPD therapy may lead to earlier detection of clinical deterioration permitting more timely intervention by health care providers. However, such interventions are labor-intensive and expensive, and typically require patients to go to a medical facility on a regular basis. A novel means of providing such interventions is a Telephone-Linked Computer (TLC) system, a computer-based telecommunications system that can monitor, educate, and counsel patients through regular automated conversations in patients� homes. In previous studies, we have demonstrated the applicability of TLC technology in the clinical monitoring of adults with chronic disease conditions such as hypertension and hypercholesterolemia.",
          "DetailedDescription":"Background:\n\nChronic obstructive pulmonary disease (COPD) is one of the most common chronic illnesses among veterans in the adult population, and accounts for substantial morbidity and mortality in this population. Interventions that enhance symptom self-monitoring and increase understanding of COPD therapy may lead to earlier detection of clinical deterioration permitting more timely intervention by health care providers. However, such interventions are labor-intensive and expensive, and typically require patients to go to a medical facility on a regular basis. A novel means of providing such interventions is a Telephone-Linked Computer (TLC) system, a computer-based telecommunications system that can monitor, educate, and counsel patients through regular automated conversations in patients� homes. In previous studies, we have demonstrated the applicability of TLC technology in the clinical monitoring of adults with chronic disease conditions such as hypertension and hypercholesterolemia.\n\nObjectives:\n\nThe objectives of the study were to determine whether a telecommunications system for COPD care (TLC-COPD) leads to improvements in functional status and quality of life (QOL) as well as to reductions in health care utilization and costs exceeding the TLC intervention.\n\nMethods:\n\nThe study was designed in the form of a randomized controlled trial involving subjects with COPD who receive care at two Boston-area VA hospitals. Subjects were assigned to either TLC-COPD or a usual care control group.\n\nStatus:\n\nComplete."
        },
        "ConditionsModule":{
          "ConditionList":{
            "Condition":[
              "Lung Diseases, Obstructive"
            ]
          }
        },
        "DesignModule":{
          "StudyType":"Interventional",
          "PhaseList":{
            "Phase":[
              "Phase 4"
            ]
          },
          "DesignInfo":{
            "DesignAllocation":"Randomized",
            "DesignInterventionModel":"Single Group Assignment",
            "DesignMaskingInfo":{
              "DesignMasking":"None (Open Label)"
            }
          },
          "EnrollmentInfo":{
            "EnrollmentCount":"300",
            "EnrollmentType":"Anticipated"
          }
        },
        "ArmsInterventionsModule":{
          "ArmGroupList":{
            "ArmGroup":[
              {
                "ArmGroupLabel":"Arm 1",
                "ArmGroupType":"Other",
                "ArmGroupInterventionList":{
                  "ArmGroupInterventionName":[
                    "Procedure: Telephone Monitoring"
                  ]
                }
              }
            ]
          },
          "InterventionList":{
            "Intervention":[
              {
                "InterventionType":"Procedure",
                "InterventionName":"Telephone Monitoring",
                "InterventionArmGroupLabelList":{
                  "InterventionArmGroupLabel":[
                    "Arm 1"
                  ]
                }
              }
            ]
          }
        },
        "EligibilityModule":{
          "EligibilityCriteria":"Inclusion Criteria:\n\nCOPD diagnosis; FEV, < _65% pred; FEV, /FVC<_85% pred\n\nExclusion Criteria:",
          "HealthyVolunteers":"No",
          "Gender":"Male",
          "StdAgeList":{
            "StdAge":[
              "Child",
              "Adult",
              "Older Adult"
            ]
          }
        },
        "ContactsLocationsModule":{
          "OverallOfficialList":{
            "OverallOfficial":[
              {
                "OverallOfficialName":"David William Sparrow, DSc",
                "OverallOfficialAffiliation":"VA Boston Healthcare System Jamaica Plain Campus, Jamaica Plain, MA",
                "OverallOfficialRole":"Principal Investigator"
              }
            ]
          },
          "LocationList":{
            "Location":[
              {
                "LocationFacility":"VA Boston Healthcare System Jamaica Plain Campus, Jamaica Plain, MA",
                "LocationCity":"Boston",
                "LocationState":"Massachusetts",
                "LocationZip":"02130",
                "LocationCountry":"United States"
              }
            ]
          }
        }
      },
      "DerivedSection":{
        "MiscInfoModule":{
          "VersionHolder":"April 19, 2021"
        },
        "ConditionBrowseModule":{
          "ConditionMeshList":{
            "ConditionMesh":[
              {
                "ConditionMeshId":"D000008171",
                "ConditionMeshTerm":"Lung Diseases"
              },{
                "ConditionMeshId":"D000008173",
                "ConditionMeshTerm":"Lung Diseases, Obstructive"
              }
            ]
          },
          "ConditionAncestorList":{
            "ConditionAncestor":[
              {
                "ConditionAncestorId":"D000012140",
                "ConditionAncestorTerm":"Respiratory Tract Diseases"
              }
            ]
          },
          "ConditionBrowseLeafList":{
            "ConditionBrowseLeaf":[
              {
                "ConditionBrowseLeafId":"M9753",
                "ConditionBrowseLeafName":"Lung Diseases, Obstructive",
                "ConditionBrowseLeafAsFound":"Lung Diseases, Obstructive",
                "ConditionBrowseLeafRelevance":"high"
              },{
                "ConditionBrowseLeafId":"M9751",
                "ConditionBrowseLeafName":"Lung Diseases",
                "ConditionBrowseLeafAsFound":"Lung Disease",
                "ConditionBrowseLeafRelevance":"high"
              },{
                "ConditionBrowseLeafId":"M13560",
                "ConditionBrowseLeafName":"Respiratory Tract Diseases",
                "ConditionBrowseLeafRelevance":"low"
              }
            ]
          },
          "ConditionBrowseBranchList":{
            "ConditionBrowseBranch":[
              {
                "ConditionBrowseBranchAbbrev":"BC08",
                "ConditionBrowseBranchName":"Respiratory Tract (Lung and Bronchial) Diseases"
              },{
                "ConditionBrowseBranchAbbrev":"All",
                "ConditionBrowseBranchName":"All Conditions"
              }
            ]
          }
        }
      }
    }
  }
}

