{
  "FullStudy":{
    "Rank":368508,
    "Study":{
      "ProtocolSection":{
        "IdentificationModule":{
          "NCTId":"NCT00015457",
          "OrgStudyIdInfo":{
            "OrgStudyId":"010147"
          },
          "SecondaryIdInfoList":{
            "SecondaryIdInfo":[
              {
                "SecondaryId":"01-N-0147",
                "SecondaryIdType":"Other Identifier",
                "SecondaryIdDomain":"NIH"
              }
            ]
          },
          "Organization":{
            "OrgFullName":"National Institutes of Health Clinical Center (CC)",
            "OrgClass":"NIH"
          },
          "BriefTitle":"Amlodipine Plus Botulinum Toxin for Focal Dystonia",
          "OfficialTitle":"Trial of Amlodipine Combined With Botulinum Toxin Injections for Focal Dystonia"
        },
        "StatusModule":{
          "StatusVerifiedDate":"March 2013",
          "OverallStatus":"Completed",
          "ExpandedAccessInfo":{
            "HasExpandedAccess":"No"
          },
          "StartDateStruct":{
            "StartDate":"April 2001"
          },
          "PrimaryCompletionDateStruct":{
            "PrimaryCompletionDate":"April 2009",
            "PrimaryCompletionDateType":"Actual"
          },
          "StudyFirstSubmitDate":"April 18, 2001",
          "StudyFirstSubmitQCDate":"April 18, 2001",
          "StudyFirstPostDateStruct":{
            "StudyFirstPostDate":"April 19, 2001",
            "StudyFirstPostDateType":"Estimate"
          },
          "ResultsFirstSubmitDate":"March 14, 2013",
          "ResultsFirstSubmitQCDate":"March 14, 2013",
          "ResultsFirstPostDateStruct":{
            "ResultsFirstPostDate":"April 1, 2013",
            "ResultsFirstPostDateType":"Estimate"
          },
          "LastUpdateSubmitDate":"March 14, 2013",
          "LastUpdatePostDateStruct":{
            "LastUpdatePostDate":"April 1, 2013",
            "LastUpdatePostDateType":"Estimate"
          }
        },
        "SponsorCollaboratorsModule":{
          "ResponsibleParty":{
            "ResponsiblePartyType":"Principal Investigator",
            "ResponsiblePartyInvestigatorFullName":"Barbara Karp, M.D.",
            "ResponsiblePartyInvestigatorTitle":"MD",
            "ResponsiblePartyInvestigatorAffiliation":"National Institutes of Health Clinical Center (CC)"
          },
          "LeadSponsor":{
            "LeadSponsorName":"National Institute of Neurological Disorders and Stroke (NINDS)",
            "LeadSponsorClass":"NIH"
          }
        },
        "OversightModule":{},
        "DescriptionModule":{
          "BriefSummary":"Objective: To determine if the calcium channel blockers, amlodipine can augment the effect of botulinum toxin injections in the treatment of focal dystonia.\n\nStudy Population: 20 patients with cervical dystonia\n\nDesign: Double-bind, placebo-controlled clinical trail.\n\nOutcome measures: For patients: dystonia rating scales (Twistrs, Fahn-Marsden dystonia scale, NINDS subjective patient rating scale), and hand grip strength. For healthy volunteers: Amplitude of EDB MEP.",
          "DetailedDescription":"Objective: To determine if the calcium channel blocker, amlodipine can augment the effect of botulinum toxin injections in the treatment of focal dystonia.\n\nStudy Population: 20 patients with cervical dystonia\n\nDesign: Double-bind, placebo-controlled clinical trail.\n\nOutcome measures: dystonia rating scales (TWISTRS)"
        },
        "ConditionsModule":{
          "ConditionList":{
            "Condition":[
              "Focal Dystonia"
            ]
          },
          "KeywordList":{
            "Keyword":[
              "Writer's Cramp",
              "Calcium Channel Antagonists",
              "Torticollis",
              "Chemodenervation"
            ]
          }
        },
        "DesignModule":{
          "StudyType":"Interventional",
          "PhaseList":{
            "Phase":[
              "Phase 2"
            ]
          },
          "DesignInfo":{
            "DesignAllocation":"Randomized",
            "DesignInterventionModel":"Crossover Assignment",
            "DesignPrimaryPurpose":"Treatment",
            "DesignMaskingInfo":{
              "DesignMasking":"Triple",
              "DesignWhoMaskedList":{
                "DesignWhoMasked":[
                  "Participant",
                  "Investigator",
                  "Outcomes Assessor"
                ]
              }
            }
          },
          "EnrollmentInfo":{
            "EnrollmentCount":"16",
            "EnrollmentType":"Actual"
          }
        },
        "ArmsInterventionsModule":{
          "ArmGroupList":{
            "ArmGroup":[
              {
                "ArmGroupLabel":"cervical dystonia",
                "ArmGroupType":"Experimental",
                "ArmGroupDescription":"cervical dsytonia patinets",
                "ArmGroupInterventionList":{
                  "ArmGroupInterventionName":[
                    "Drug: Amlodipine plus Botulinum toxin"
                  ]
                }
              }
            ]
          },
          "InterventionList":{
            "Intervention":[
              {
                "InterventionType":"Drug",
                "InterventionName":"Amlodipine plus Botulinum toxin",
                "InterventionArmGroupLabelList":{
                  "InterventionArmGroupLabel":[
                    "cervical dystonia"
                  ]
                }
              }
            ]
          }
        },
        "OutcomesModule":{
          "PrimaryOutcomeList":{
            "PrimaryOutcome":[
              {
                "PrimaryOutcomeMeasure":"Toronto Western Spasmodic Torticollis Rating Scale (TWSTR) Sum Score",
                "PrimaryOutcomeDescription":"Rating scale assessing sum of severity of dystonia, disability score and pain scale. Ordinal scale ranging from 0 (least severe) to 30 (maximally severe). Score is maximal response TWSTR rating minus baseline rating.",
                "PrimaryOutcomeTimeFrame":"1-2 month maximal rating"
              }
            ]
          },
          "SecondaryOutcomeList":{
            "SecondaryOutcome":[
              {
                "SecondaryOutcomeMeasure":"Duration of Response to Botulinum Toxin Injection With Amlodipine and With Placebo",
                "SecondaryOutcomeDescription":"Self reported duration of effect in weeks.",
                "SecondaryOutcomeTimeFrame":"3 months"
              }
            ]
          }
        },
        "EligibilityModule":{
          "EligibilityCriteria":"INCLUSION CRITERIA:\n\nPatients enrolled in Protocol 85-N-0195, Efficacy and Pathophysiology of Botulinum Toxin for Treatment of Involuntary Movement Disorders are eligible for enrollment if they meet the following inclusion and exclusion criteria.\n\nGood general health\n\nFocal hand dystonia or cervical dystonia\n\nStable response to botulinum toxin demonstrated through a series of at least 3 injections over a period of at least a year\n\nBenefit from the 3 immediately prior btx injections rated as 75% or less or a duration of benefit lasting less than or equal to 2 months\n\nNo other medications for dystonia\n\nEXCLUSION CRITERIA:\n\nCervical dystonia accompanied by dysphagia or dyspnea, either before or with botulinum toxin injection\n\nPresent or past cardiac disease, hypertension, arrhythmia or congestive heart failure\n\nAnterocollis or other neck dystonia requiring bilateral anterior neck muscle injections\n\nUse of concomitant medications affecting calcium channels or those metabolized by the cytochrome p450 3A4 system including grapefruit juice, St. John's wort, HIV protease inhibitors, cimetidine, antibiotics (macrolides, fluoroquinones, antifungal, rifampin), antidepressants (fluvoxamine, norfluoxetine), barbiturates, anticonvulsants (carbamazepine, phenytoin), oral diabetes agents (pioglitazone, troglitazone), and glucocorticoids\n\nAllergy to amlodipine or related compounds\n\nPregnany/ nursing\n\nAge less than 18 years of age\n\nAbnormal EKG\n\nAbnormal coagulation profile or liver function tests\n\nUse of anticoagulants",
          "HealthyVolunteers":"No",
          "Gender":"All",
          "MinimumAge":"18 Years",
          "StdAgeList":{
            "StdAge":[
              "Adult",
              "Older Adult"
            ]
          }
        },
        "ContactsLocationsModule":{
          "LocationList":{
            "Location":[
              {
                "LocationFacility":"National Institutes of Health Clinical Center, 9000 Rockville Pike",
                "LocationCity":"Bethesda",
                "LocationState":"Maryland",
                "LocationZip":"20892",
                "LocationCountry":"United States"
              }
            ]
          }
        },
        "ReferencesModule":{
          "ReferenceList":{
            "Reference":[
              {
                "ReferencePMID":"9783280",
                "ReferenceType":"background",
                "ReferenceCitation":"Anderson RL, Patel BC, Holds JB, Jordan DR. Blepharospasm: past, present, and future. Ophthalmic Plast Reconstr Surg. 1998 Sep;14(5):305-17."
              },{
                "ReferencePMID":"2300249",
                "ReferenceType":"background",
                "ReferenceCitation":"Jankovic J, Schwartz K. Botulinum toxin injections for cervical dystonia. Neurology. 1990 Feb;40(2):277-80."
              },{
                "ReferencePMID":"2213039",
                "ReferenceType":"background",
                "ReferenceCitation":"Jankovic J, Schwartz K, Donovan DT. Botulinum toxin treatment of cranial-cervical dystonia, spasmodic dysphonia, other focal dystonias and hemifacial spasm. J Neurol Neurosurg Psychiatry. 1990 Aug;53(8):633-9."
              }
            ]
          }
        }
      },
      "ResultsSection":{
        "ParticipantFlowModule":{
          "FlowPreAssignmentDetails":"Patients were excluded if response to previous btx injections were not stable, serious medical conditions, pregnancy, abnormal medical screening",
          "FlowRecruitmentDetails":"Patients recruited from a medical clinic providing botulinum toxin treatment for cervical dystonia. Patients recruited between 6/21/01 and 10/19/06",
          "FlowGroupList":{
            "FlowGroup":[
              {
                "FlowGroupId":"FG000",
                "FlowGroupTitle":"Amlodipine Then Placebo",
                "FlowGroupDescription":"Patients with cervical dystonia receiving botulinum toxin injections plus Amlodipine during the first period and botulinum toxin injections plus Placebo during the second period."
              },{
                "FlowGroupId":"FG001",
                "FlowGroupTitle":"Placebo Then Amlodipine",
                "FlowGroupDescription":"Patients with cervical dystonia receiving botulinum toxin injections plus Placebo during the first period and botulinum toxin injections plus Amlodipine during the second period."
              }
            ]
          },
          "FlowPeriodList":{
            "FlowPeriod":[
              {
                "FlowPeriodTitle":"First Intervention",
                "FlowMilestoneList":{
                  "FlowMilestone":[
                    {
                      "FlowMilestoneType":"STARTED",
                      "FlowAchievementList":{
                        "FlowAchievement":[
                          {
                            "FlowAchievementGroupId":"FG000",
                            "FlowAchievementNumSubjects":"8"
                          },{
                            "FlowAchievementGroupId":"FG001",
                            "FlowAchievementNumSubjects":"8"
                          }
                        ]
                      }
                    },{
                      "FlowMilestoneType":"COMPLETED",
                      "FlowAchievementList":{
                        "FlowAchievement":[
                          {
                            "FlowAchievementGroupId":"FG000",
                            "FlowAchievementNumSubjects":"8"
                          },{
                            "FlowAchievementGroupId":"FG001",
                            "FlowAchievementNumSubjects":"5"
                          }
                        ]
                      }
                    },{
                      "FlowMilestoneType":"NOT COMPLETED",
                      "FlowAchievementList":{
                        "FlowAchievement":[
                          {
                            "FlowAchievementGroupId":"FG000",
                            "FlowAchievementNumSubjects":"0"
                          },{
                            "FlowAchievementGroupId":"FG001",
                            "FlowAchievementNumSubjects":"3"
                          }
                        ]
                      }
                    }
                  ]
                },
                "FlowDropWithdrawList":{
                  "FlowDropWithdraw":[
                    {
                      "FlowDropWithdrawType":"Adverse Event",
                      "FlowReasonList":{
                        "FlowReason":[
                          {
                            "FlowReasonGroupId":"FG000",
                            "FlowReasonNumSubjects":"0"
                          },{
                            "FlowReasonGroupId":"FG001",
                            "FlowReasonNumSubjects":"2"
                          }
                        ]
                      }
                    },{
                      "FlowDropWithdrawType":"Lack of Efficacy",
                      "FlowReasonList":{
                        "FlowReason":[
                          {
                            "FlowReasonGroupId":"FG000",
                            "FlowReasonNumSubjects":"0"
                          },{
                            "FlowReasonGroupId":"FG001",
                            "FlowReasonNumSubjects":"1"
                          }
                        ]
                      }
                    }
                  ]
                }
              },{
                "FlowPeriodTitle":"Second Intervention",
                "FlowMilestoneList":{
                  "FlowMilestone":[
                    {
                      "FlowMilestoneType":"STARTED",
                      "FlowAchievementList":{
                        "FlowAchievement":[
                          {
                            "FlowAchievementGroupId":"FG000",
                            "FlowAchievementNumSubjects":"8"
                          },{
                            "FlowAchievementGroupId":"FG001",
                            "FlowAchievementNumSubjects":"5"
                          }
                        ]
                      }
                    },{
                      "FlowMilestoneType":"COMPLETED",
                      "FlowAchievementList":{
                        "FlowAchievement":[
                          {
                            "FlowAchievementGroupId":"FG000",
                            "FlowAchievementNumSubjects":"7"
                          },{
                            "FlowAchievementGroupId":"FG001",
                            "FlowAchievementNumSubjects":"5"
                          }
                        ]
                      }
                    },{
                      "FlowMilestoneType":"NOT COMPLETED",
                      "FlowAchievementList":{
                        "FlowAchievement":[
                          {
                            "FlowAchievementGroupId":"FG000",
                            "FlowAchievementNumSubjects":"1"
                          },{
                            "FlowAchievementGroupId":"FG001",
                            "FlowAchievementNumSubjects":"0"
                          }
                        ]
                      }
                    }
                  ]
                },
                "FlowDropWithdrawList":{
                  "FlowDropWithdraw":[
                    {
                      "FlowDropWithdrawType":"Withdrawal by Subject",
                      "FlowReasonList":{
                        "FlowReason":[
                          {
                            "FlowReasonGroupId":"FG000",
                            "FlowReasonNumSubjects":"1"
                          },{
                            "FlowReasonGroupId":"FG001",
                            "FlowReasonNumSubjects":"0"
                          }
                        ]
                      }
                    }
                  ]
                }
              }
            ]
          }
        },
        "BaselineCharacteristicsModule":{
          "BaselineGroupList":{
            "BaselineGroup":[
              {
                "BaselineGroupId":"BG000",
                "BaselineGroupTitle":"Cervical Dystonia",
                "BaselineGroupDescription":"All participants enrolled in study"
              }
            ]
          },
          "BaselineDenomList":{
            "BaselineDenom":[
              {
                "BaselineDenomUnits":"Participants",
                "BaselineDenomCountList":{
                  "BaselineDenomCount":[
                    {
                      "BaselineDenomCountGroupId":"BG000",
                      "BaselineDenomCountValue":"16"
                    }
                  ]
                }
              }
            ]
          },
          "BaselineMeasureList":{
            "BaselineMeasure":[
              {
                "BaselineMeasureTitle":"Age, Categorical",
                "BaselineMeasureDescription":"age >18",
                "BaselineMeasureParamType":"Count of Participants",
                "BaselineMeasureUnitOfMeasure":"Participants",
                "BaselineClassList":{
                  "BaselineClass":[
                    {
                      "BaselineCategoryList":{
                        "BaselineCategory":[
                          {
                            "BaselineCategoryTitle":"<=18 years",
                            "BaselineMeasurementList":{
                              "BaselineMeasurement":[
                                {
                                  "BaselineMeasurementGroupId":"BG000",
                                  "BaselineMeasurementValue":"0"
                                }
                              ]
                            }
                          },{
                            "BaselineCategoryTitle":"Between 18 and 65 years",
                            "BaselineMeasurementList":{
                              "BaselineMeasurement":[
                                {
                                  "BaselineMeasurementGroupId":"BG000",
                                  "BaselineMeasurementValue":"15"
                                }
                              ]
                            }
                          },{
                            "BaselineCategoryTitle":">=65 years",
                            "BaselineMeasurementList":{
                              "BaselineMeasurement":[
                                {
                                  "BaselineMeasurementGroupId":"BG000",
                                  "BaselineMeasurementValue":"1"
                                }
                              ]
                            }
                          }
                        ]
                      }
                    }
                  ]
                }
              },{
                "BaselineMeasureTitle":"Sex: Female, Male",
                "BaselineMeasureParamType":"Count of Participants",
                "BaselineMeasureUnitOfMeasure":"Participants",
                "BaselineClassList":{
                  "BaselineClass":[
                    {
                      "BaselineCategoryList":{
                        "BaselineCategory":[
                          {
                            "BaselineCategoryTitle":"Female",
                            "BaselineMeasurementList":{
                              "BaselineMeasurement":[
                                {
                                  "BaselineMeasurementGroupId":"BG000",
                                  "BaselineMeasurementValue":"13"
                                }
                              ]
                            }
                          },{
                            "BaselineCategoryTitle":"Male",
                            "BaselineMeasurementList":{
                              "BaselineMeasurement":[
                                {
                                  "BaselineMeasurementGroupId":"BG000",
                                  "BaselineMeasurementValue":"3"
                                }
                              ]
                            }
                          }
                        ]
                      }
                    }
                  ]
                }
              }
            ]
          }
        },
        "OutcomeMeasuresModule":{
          "OutcomeMeasureList":{
            "OutcomeMeasure":[
              {
                "OutcomeMeasureType":"Primary",
                "OutcomeMeasureTitle":"Toronto Western Spasmodic Torticollis Rating Scale (TWSTR) Sum Score",
                "OutcomeMeasureDescription":"Rating scale assessing sum of severity of dystonia, disability score and pain scale. Ordinal scale ranging from 0 (least severe) to 30 (maximally severe). Score is maximal response TWSTR rating minus baseline rating.",
                "OutcomeMeasurePopulationDescription":"Total enrolled less withdrawals from study. One participant completed the study but did not yield analyzeable data",
                "OutcomeMeasureReportingStatus":"Posted",
                "OutcomeMeasureParamType":"Mean",
                "OutcomeMeasureDispersionType":"Standard Deviation",
                "OutcomeMeasureUnitOfMeasure":"units on a scale",
                "OutcomeMeasureTimeFrame":"1-2 month maximal rating",
                "OutcomeGroupList":{
                  "OutcomeGroup":[
                    {
                      "OutcomeGroupId":"OG000",
                      "OutcomeGroupTitle":"Amlodipine",
                      "OutcomeGroupDescription":"Patients receiving Amlodipine plus botulinum toxin injections during either period."
                    },{
                      "OutcomeGroupId":"OG001",
                      "OutcomeGroupTitle":"Placebo",
                      "OutcomeGroupDescription":"Patients receiving Placebo plus botulinum toxin injections during either period."
                    }
                  ]
                },
                "OutcomeDenomList":{
                  "OutcomeDenom":[
                    {
                      "OutcomeDenomUnits":"Participants",
                      "OutcomeDenomCountList":{
                        "OutcomeDenomCount":[
                          {
                            "OutcomeDenomCountGroupId":"OG000",
                            "OutcomeDenomCountValue":"11"
                          },{
                            "OutcomeDenomCountGroupId":"OG001",
                            "OutcomeDenomCountValue":"11"
                          }
                        ]
                      }
                    }
                  ]
                },
                "OutcomeClassList":{
                  "OutcomeClass":[
                    {
                      "OutcomeCategoryList":{
                        "OutcomeCategory":[
                          {
                            "OutcomeMeasurementList":{
                              "OutcomeMeasurement":[
                                {
                                  "OutcomeMeasurementGroupId":"OG000",
                                  "OutcomeMeasurementValue":"-6.00",
                                  "OutcomeMeasurementSpread":"10.23"
                                },{
                                  "OutcomeMeasurementGroupId":"OG001",
                                  "OutcomeMeasurementValue":"-3.23",
                                  "OutcomeMeasurementSpread":"6.06"
                                }
                              ]
                            }
                          }
                        ]
                      }
                    }
                  ]
                }
              },{
                "OutcomeMeasureType":"Secondary",
                "OutcomeMeasureTitle":"Duration of Response to Botulinum Toxin Injection With Amlodipine and With Placebo",
                "OutcomeMeasureDescription":"Self reported duration of effect in weeks.",
                "OutcomeMeasurePopulationDescription":"Total enrolled less withdrawals. Less one participant who completed the study but who did not yield analyzeable data.",
                "OutcomeMeasureReportingStatus":"Posted",
                "OutcomeMeasureParamType":"Median",
                "OutcomeMeasureDispersionType":"Full Range",
                "OutcomeMeasureUnitOfMeasure":"weeks",
                "OutcomeMeasureTimeFrame":"3 months",
                "OutcomeGroupList":{
                  "OutcomeGroup":[
                    {
                      "OutcomeGroupId":"OG000",
                      "OutcomeGroupTitle":"Amlodipine",
                      "OutcomeGroupDescription":"Patients receiving Amlodipine plus botulinum toxin injections during either period."
                    },{
                      "OutcomeGroupId":"OG001",
                      "OutcomeGroupTitle":"Placebo",
                      "OutcomeGroupDescription":"Patients receiving Placebo plus botulinum toxin injections during either period."
                    }
                  ]
                },
                "OutcomeDenomList":{
                  "OutcomeDenom":[
                    {
                      "OutcomeDenomUnits":"Participants",
                      "OutcomeDenomCountList":{
                        "OutcomeDenomCount":[
                          {
                            "OutcomeDenomCountGroupId":"OG000",
                            "OutcomeDenomCountValue":"11"
                          },{
                            "OutcomeDenomCountGroupId":"OG001",
                            "OutcomeDenomCountValue":"11"
                          }
                        ]
                      }
                    }
                  ]
                },
                "OutcomeClassList":{
                  "OutcomeClass":[
                    {
                      "OutcomeCategoryList":{
                        "OutcomeCategory":[
                          {
                            "OutcomeMeasurementList":{
                              "OutcomeMeasurement":[
                                {
                                  "OutcomeMeasurementGroupId":"OG000",
                                  "OutcomeMeasurementValue":"6",
                                  "OutcomeMeasurementLowerLimit":"1",
                                  "OutcomeMeasurementUpperLimit":"12"
                                },{
                                  "OutcomeMeasurementGroupId":"OG001",
                                  "OutcomeMeasurementValue":"5.5",
                                  "OutcomeMeasurementLowerLimit":"2",
                                  "OutcomeMeasurementUpperLimit":"12"
                                }
                              ]
                            }
                          }
                        ]
                      }
                    }
                  ]
                }
              }
            ]
          }
        },
        "AdverseEventsModule":{
          "EventsFrequencyThreshold":"0",
          "EventGroupList":{
            "EventGroup":[
              {
                "EventGroupId":"EG000",
                "EventGroupTitle":"Amlodipine",
                "EventGroupDescription":"Patients receiving Amlodipine plus botulinum toxin injections during either period.",
                "EventGroupSeriousNumAffected":"0",
                "EventGroupSeriousNumAtRisk":"16",
                "EventGroupOtherNumAffected":"2",
                "EventGroupOtherNumAtRisk":"16"
              },{
                "EventGroupId":"EG001",
                "EventGroupTitle":"Placebo",
                "EventGroupDescription":"Patients receiving Placebo plus botulinum toxin injections during either period.",
                "EventGroupSeriousNumAffected":"0",
                "EventGroupSeriousNumAtRisk":"16",
                "EventGroupOtherNumAffected":"2",
                "EventGroupOtherNumAtRisk":"16"
              }
            ]
          },
          "OtherEventList":{
            "OtherEvent":[
              {
                "OtherEventTerm":"hypereosinophila",
                "OtherEventOrganSystem":"Blood and lymphatic system disorders",
                "OtherEventStatsList":{
                  "OtherEventStats":[
                    {
                      "OtherEventStatsGroupId":"EG000",
                      "OtherEventStatsNumEvents":"1",
                      "OtherEventStatsNumAffected":"1",
                      "OtherEventStatsNumAtRisk":"16"
                    },{
                      "OtherEventStatsGroupId":"EG001",
                      "OtherEventStatsNumEvents":"0",
                      "OtherEventStatsNumAffected":"0",
                      "OtherEventStatsNumAtRisk":"16"
                    }
                  ]
                }
              },{
                "OtherEventTerm":"dysphagia",
                "OtherEventOrganSystem":"General disorders",
                "OtherEventStatsList":{
                  "OtherEventStats":[
                    {
                      "OtherEventStatsGroupId":"EG000",
                      "OtherEventStatsNumEvents":"0",
                      "OtherEventStatsNumAffected":"0",
                      "OtherEventStatsNumAtRisk":"16"
                    },{
                      "OtherEventStatsGroupId":"EG001",
                      "OtherEventStatsNumEvents":"1",
                      "OtherEventStatsNumAffected":"1",
                      "OtherEventStatsNumAtRisk":"16"
                    }
                  ]
                }
              },{
                "OtherEventTerm":"swelling",
                "OtherEventOrganSystem":"Skin and subcutaneous tissue disorders",
                "OtherEventNotes":"ankle edema",
                "OtherEventStatsList":{
                  "OtherEventStats":[
                    {
                      "OtherEventStatsGroupId":"EG000",
                      "OtherEventStatsNumEvents":"1",
                      "OtherEventStatsNumAffected":"1",
                      "OtherEventStatsNumAtRisk":"16"
                    },{
                      "OtherEventStatsGroupId":"EG001",
                      "OtherEventStatsNumEvents":"1",
                      "OtherEventStatsNumAffected":"1",
                      "OtherEventStatsNumAtRisk":"16"
                    }
                  ]
                }
              }
            ]
          }
        },
        "MoreInfoModule":{
          "CertainAgreement":{
            "AgreementPISponsorEmployee":"Yes"
          },
          "PointOfContact":{
            "PointOfContactTitle":"Barbara I Karp, MD",
            "PointOfContactOrganization":"National Institutes of Health",
            "PointOfContactEMail":"karpb@ninds.nih.gov",
            "PointOfContactPhone":"301-496-0150"
          }
        }
      },
      "DerivedSection":{
        "MiscInfoModule":{
          "VersionHolder":"April 19, 2021"
        },
        "ConditionBrowseModule":{
          "ConditionMeshList":{
            "ConditionMesh":[
              {
                "ConditionMeshId":"D000004421",
                "ConditionMeshTerm":"Dystonia"
              },{
                "ConditionMeshId":"D000020821",
                "ConditionMeshTerm":"Dystonic Disorders"
              }
            ]
          },
          "ConditionAncestorList":{
            "ConditionAncestor":[
              {
                "ConditionAncestorId":"D000020820",
                "ConditionAncestorTerm":"Dyskinesias"
              },{
                "ConditionAncestorId":"D000009461",
                "ConditionAncestorTerm":"Neurologic Manifestations"
              },{
                "ConditionAncestorId":"D000009422",
                "ConditionAncestorTerm":"Nervous System Diseases"
              },{
                "ConditionAncestorId":"D000009069",
                "ConditionAncestorTerm":"Movement Disorders"
              },{
                "ConditionAncestorId":"D000002493",
                "ConditionAncestorTerm":"Central Nervous System Diseases"
              }
            ]
          },
          "ConditionBrowseLeafList":{
            "ConditionBrowseLeaf":[
              {
                "ConditionBrowseLeafId":"M6178",
                "ConditionBrowseLeafName":"Dystonia",
                "ConditionBrowseLeafAsFound":"Dystonia",
                "ConditionBrowseLeafRelevance":"high"
              },{
                "ConditionBrowseLeafId":"M10660",
                "ConditionBrowseLeafName":"Muscle Cramp",
                "ConditionBrowseLeafRelevance":"low"
              },{
                "ConditionBrowseLeafId":"M14420",
                "ConditionBrowseLeafName":"Spasm",
                "ConditionBrowseLeafRelevance":"low"
              },{
                "ConditionBrowseLeafId":"M21159",
                "ConditionBrowseLeafName":"Dystonic Disorders",
                "ConditionBrowseLeafAsFound":"Focal Dystonia",
                "ConditionBrowseLeafRelevance":"high"
              },{
                "ConditionBrowseLeafId":"M15441",
                "ConditionBrowseLeafName":"Torticollis",
                "ConditionBrowseLeafRelevance":"low"
              },{
                "ConditionBrowseLeafId":"M21158",
                "ConditionBrowseLeafName":"Dyskinesias",
                "ConditionBrowseLeafRelevance":"low"
              },{
                "ConditionBrowseLeafId":"M10987",
                "ConditionBrowseLeafName":"Neurologic Manifestations",
                "ConditionBrowseLeafRelevance":"low"
              },{
                "ConditionBrowseLeafId":"M10612",
                "ConditionBrowseLeafName":"Movement Disorders",
                "ConditionBrowseLeafRelevance":"low"
              },{
                "ConditionBrowseLeafId":"M4325",
                "ConditionBrowseLeafName":"Central Nervous System Diseases",
                "ConditionBrowseLeafRelevance":"low"
              },{
                "ConditionBrowseLeafId":"T2358",
                "ConditionBrowseLeafName":"Focal Task-specific Dystonia",
                "ConditionBrowseLeafAsFound":"Focal Dystonia",
                "ConditionBrowseLeafRelevance":"high"
              }
            ]
          },
          "ConditionBrowseBranchList":{
            "ConditionBrowseBranch":[
              {
                "ConditionBrowseBranchAbbrev":"BC10",
                "ConditionBrowseBranchName":"Nervous System Diseases"
              },{
                "ConditionBrowseBranchAbbrev":"BC23",
                "ConditionBrowseBranchName":"Symptoms and General Pathology"
              },{
                "ConditionBrowseBranchAbbrev":"All",
                "ConditionBrowseBranchName":"All Conditions"
              },{
                "ConditionBrowseBranchAbbrev":"BC05",
                "ConditionBrowseBranchName":"Muscle, Bone, and Cartilage Diseases"
              },{
                "ConditionBrowseBranchAbbrev":"Rare",
                "ConditionBrowseBranchName":"Rare Diseases"
              }
            ]
          }
        },
        "InterventionBrowseModule":{
          "InterventionMeshList":{
            "InterventionMesh":[
              {
                "InterventionMeshId":"D000017311",
                "InterventionMeshTerm":"Amlodipine"
              },{
                "InterventionMeshId":"D000001905",
                "InterventionMeshTerm":"Botulinum Toxins"
              }
            ]
          },
          "InterventionAncestorList":{
            "InterventionAncestor":[
              {
                "InterventionAncestorId":"D000000959",
                "InterventionAncestorTerm":"Antihypertensive Agents"
              },{
                "InterventionAncestorId":"D000002121",
                "InterventionAncestorTerm":"Calcium Channel Blockers"
              },{
                "InterventionAncestorId":"D000049990",
                "InterventionAncestorTerm":"Membrane Transport Modulators"
              },{
                "InterventionAncestorId":"D000045504",
                "InterventionAncestorTerm":"Molecular Mechanisms of Pharmacological Action"
              },{
                "InterventionAncestorId":"D000077264",
                "InterventionAncestorTerm":"Calcium-Regulating Hormones and Agents"
              },{
                "InterventionAncestorId":"D000045505",
                "InterventionAncestorTerm":"Physiological Effects of Drugs"
              },{
                "InterventionAncestorId":"D000014665",
                "InterventionAncestorTerm":"Vasodilator Agents"
              },{
                "InterventionAncestorId":"D000065087",
                "InterventionAncestorTerm":"Acetylcholine Release Inhibitors"
              },{
                "InterventionAncestorId":"D000018678",
                "InterventionAncestorTerm":"Cholinergic Agents"
              },{
                "InterventionAncestorId":"D000018377",
                "InterventionAncestorTerm":"Neurotransmitter Agents"
              }
            ]
          },
          "InterventionBrowseLeafList":{
            "InterventionBrowseLeaf":[
              {
                "InterventionBrowseLeafId":"M3966",
                "InterventionBrowseLeafName":"Calcium Channel Blockers",
                "InterventionBrowseLeafRelevance":"low"
              },{
                "InterventionBrowseLeafId":"M3963",
                "InterventionBrowseLeafName":"Calcium",
                "InterventionBrowseLeafRelevance":"low"
              },{
                "InterventionBrowseLeafId":"M18183",
                "InterventionBrowseLeafName":"Amlodipine",
                "InterventionBrowseLeafAsFound":"Free",
                "InterventionBrowseLeafRelevance":"high"
              },{
                "InterventionBrowseLeafId":"M3980",
                "InterventionBrowseLeafName":"Calcium, Dietary",
                "InterventionBrowseLeafRelevance":"low"
              },{
                "InterventionBrowseLeafId":"M3765",
                "InterventionBrowseLeafName":"Botulinum Toxins",
                "InterventionBrowseLeafAsFound":"Cyclophosphamide",
                "InterventionBrowseLeafRelevance":"high"
              },{
                "InterventionBrowseLeafId":"M2858",
                "InterventionBrowseLeafName":"Antihypertensive Agents",
                "InterventionBrowseLeafRelevance":"low"
              },{
                "InterventionBrowseLeafId":"M8372",
                "InterventionBrowseLeafName":"Hormones",
                "InterventionBrowseLeafRelevance":"low"
              },{
                "InterventionBrowseLeafId":"M15995",
                "InterventionBrowseLeafName":"Vasodilator Agents",
                "InterventionBrowseLeafRelevance":"low"
              },{
                "InterventionBrowseLeafId":"M2054",
                "InterventionBrowseLeafName":"Acetylcholine",
                "InterventionBrowseLeafRelevance":"low"
              },{
                "InterventionBrowseLeafId":"M19342",
                "InterventionBrowseLeafName":"Cholinergic Agents",
                "InterventionBrowseLeafRelevance":"low"
              },{
                "InterventionBrowseLeafId":"M19088",
                "InterventionBrowseLeafName":"Neurotransmitter Agents",
                "InterventionBrowseLeafRelevance":"low"
              }
            ]
          },
          "InterventionBrowseBranchList":{
            "InterventionBrowseBranch":[
              {
                "InterventionBrowseBranchAbbrev":"ChanBlk",
                "InterventionBrowseBranchName":"Channel Blockers"
              },{
                "InterventionBrowseBranchAbbrev":"All",
                "InterventionBrowseBranchName":"All Drugs and Chemicals"
              },{
                "InterventionBrowseBranchAbbrev":"AnAg",
                "InterventionBrowseBranchName":"Antihypertensive Agents"
              },{
                "InterventionBrowseBranchAbbrev":"VaDiAg",
                "InterventionBrowseBranchName":"Vasodilator Agents"
              },{
                "InterventionBrowseBranchAbbrev":"BDCA",
                "InterventionBrowseBranchName":"Bone Density Conservation Agents"
              }
            ]
          }
        }
      }
    }
  }
}

