{
  "FullStudy":{
    "Rank":368393,
    "Study":{
      "ProtocolSection":{
        "IdentificationModule":{
          "NCTId":"NCT00017173",
          "OrgStudyIdInfo":{
            "OrgStudyId":"CDR0000068658"
          },
          "SecondaryIdInfoList":{
            "SecondaryIdInfo":[
              {
                "SecondaryId":"U10CA032102",
                "SecondaryIdType":"U.S. NIH Grant/Contract",
                "SecondaryIdLink":"https://projectreporter.nih.gov/reporterapi.cfm?PROJECTNUM=U10CA032102&Fy=all"
              },{
                "SecondaryId":"S0011",
                "SecondaryIdType":"Other Identifier",
                "SecondaryIdDomain":"SWOG"
              }
            ]
          },
          "Organization":{
            "OrgFullName":"Southwest Oncology Group",
            "OrgClass":"NETWORK"
          },
          "BriefTitle":"S0011, Gene Therapy & Surgery Followed by Chemo & RT in Newly Diagnosed Cancer of the Mouth or Throat",
          "OfficialTitle":"Phase II Trial Of Surgery With Perioperative RPR/INGN 201 (Ad5CMV-p53) Gene Therapy Followed By Chemoradiotherapy For Advanced, Resectable Squamous Cell Carcinoma Of The Oral Cavity, Oropharynx, Larynx, and Pharynx"
        },
        "StatusModule":{
          "StatusVerifiedDate":"June 2012",
          "OverallStatus":"Terminated",
          "WhyStopped":"Terminated for poor accrual.",
          "ExpandedAccessInfo":{
            "HasExpandedAccess":"No"
          },
          "StartDateStruct":{
            "StartDate":"February 2003"
          },
          "PrimaryCompletionDateStruct":{
            "PrimaryCompletionDate":"May 2007",
            "PrimaryCompletionDateType":"Actual"
          },
          "CompletionDateStruct":{
            "CompletionDate":"July 2011",
            "CompletionDateType":"Actual"
          },
          "StudyFirstSubmitDate":"June 6, 2001",
          "StudyFirstSubmitQCDate":"January 26, 2003",
          "StudyFirstPostDateStruct":{
            "StudyFirstPostDate":"January 27, 2003",
            "StudyFirstPostDateType":"Estimate"
          },
          "LastUpdateSubmitDate":"June 12, 2012",
          "LastUpdatePostDateStruct":{
            "LastUpdatePostDate":"June 14, 2012",
            "LastUpdatePostDateType":"Estimate"
          }
        },
        "SponsorCollaboratorsModule":{
          "ResponsibleParty":{
            "ResponsiblePartyType":"Sponsor"
          },
          "LeadSponsor":{
            "LeadSponsorName":"Southwest Oncology Group",
            "LeadSponsorClass":"NETWORK"
          },
          "CollaboratorList":{
            "Collaborator":[
              {
                "CollaboratorName":"National Cancer Institute (NCI)",
                "CollaboratorClass":"NIH"
              }
            ]
          }
        },
        "OversightModule":{
          "OversightHasDMC":"No"
        },
        "DescriptionModule":{
          "BriefSummary":"RATIONALE: Inserting the p53 gene into a person's cancer cells may improve the body's ability to fight cancer. Drugs used in chemotherapy use different ways to stop tumor cells from dividing so they stop growing or die. Radiation therapy uses high-energy x-rays to damage tumor cells. Combining chemotherapy and radiation therapy with the p53 gene may kill more tumor cells.\n\nPURPOSE: Phase II trial to study the effectiveness of gene therapy plus surgery followed by cisplatin and radiation therapy in treating patients who have newly diagnosed resectable stage III or stage IV cancer of the mouth or throat.",
          "DetailedDescription":"OBJECTIVES:\n\nDetermine the feasibility of treating patients with newly diagnosed resectable stage III or IV squamous cell carcinoma of the oral cavity, oropharynx, hypopharynx, or larynx with surgery and Ad5CMV-p53 gene followed by cisplatin and radiotherapy.\nDetermine the progression-free survival, local control, and overall survival of patients treated with this regimen.\nDetermine the toxicity of this regimen in this patient population.\n\nOUTLINE: This is a multicenter study.\n\nPatients undergo surgical resection and receive an intraoperative Ad5CMV-p53 gene injection into the resection bed and into the deep soft tissue bed of the cervical level with nodal metastasis. Patients also receive a third intraoperative Ad5CMV-p53 gene injection into the neck dissection bed, where it is allowed to sit in place for 10 minutes.\n\nWithin 48-72 hours after surgery, patients receive a postoperative Ad5CMV-p53 gene injection into each of two drainage catheters next to the mucosal suture line and neck dissection bed, where it is allowed to sit in place for 2 hours.\n\nWithin 56 days after surgery, patients receive cisplatin IV over 30-90 minutes on days 1, 22, and 43 and radiotherapy on days 1-5, 8-12, 15-19, 22-26, 29-33, and 36-40. Patients may receive 3 additional days of radiotherapy to high-risk areas on days 43-45.\n\nPatients are followed every 2-6 months for 2 years and then annually for 3 years.\n\nPROJECTED ACCRUAL: A total of 60 patients will be accrued for this study within 1 year."
        },
        "ConditionsModule":{
          "ConditionList":{
            "Condition":[
              "Head and Neck Cancer"
            ]
          },
          "KeywordList":{
            "Keyword":[
              "stage III squamous cell carcinoma of the lip and oral cavity",
              "stage IV squamous cell carcinoma of the lip and oral cavity",
              "stage III squamous cell carcinoma of the oropharynx",
              "stage IV squamous cell carcinoma of the oropharynx",
              "stage III squamous cell carcinoma of the hypopharynx",
              "stage III squamous cell carcinoma of the larynx",
              "stage IV squamous cell carcinoma of the hypopharynx",
              "stage IV verrucous carcinoma of the larynx"
            ]
          }
        },
        "DesignModule":{
          "StudyType":"Interventional",
          "PhaseList":{
            "Phase":[
              "Phase 2"
            ]
          },
          "DesignInfo":{
            "DesignAllocation":"N/A",
            "DesignInterventionModel":"Single Group Assignment",
            "DesignPrimaryPurpose":"Treatment",
            "DesignMaskingInfo":{
              "DesignMasking":"None (Open Label)"
            }
          },
          "EnrollmentInfo":{
            "EnrollmentCount":"13",
            "EnrollmentType":"Actual"
          }
        },
        "ArmsInterventionsModule":{
          "ArmGroupList":{
            "ArmGroup":[
              {
                "ArmGroupLabel":"surgery with INGN 201 followed by chemo/RT",
                "ArmGroupType":"Experimental",
                "ArmGroupDescription":"intraoperative and postoperative injections of INGN 201 into the tumor bed, followed by cisplatin and radiation therapy",
                "ArmGroupInterventionList":{
                  "ArmGroupInterventionName":[
                    "Biological: Ad5CMV-p53 gene",
                    "Drug: cisplatin",
                    "Procedure: conventional surgery",
                    "Radiation: radiation therapy"
                  ]
                }
              }
            ]
          },
          "InterventionList":{
            "Intervention":[
              {
                "InterventionType":"Biological",
                "InterventionName":"Ad5CMV-p53 gene",
                "InterventionDescription":"2 intraoperative and one post-operative injection of Ad5CMV-p53.",
                "InterventionArmGroupLabelList":{
                  "InterventionArmGroupLabel":[
                    "surgery with INGN 201 followed by chemo/RT"
                  ]
                },
                "InterventionOtherNameList":{
                  "InterventionOtherName":[
                    "INGN 201"
                  ]
                }
              },{
                "InterventionType":"Drug",
                "InterventionName":"cisplatin",
                "InterventionDescription":"100 mg/m2 IV Day 1 every 21 days for 3 cycles",
                "InterventionArmGroupLabelList":{
                  "InterventionArmGroupLabel":[
                    "surgery with INGN 201 followed by chemo/RT"
                  ]
                },
                "InterventionOtherNameList":{
                  "InterventionOtherName":[
                    "platinol"
                  ]
                }
              },{
                "InterventionType":"Procedure",
                "InterventionName":"conventional surgery",
                "InterventionDescription":"conventional surgery",
                "InterventionArmGroupLabelList":{
                  "InterventionArmGroupLabel":[
                    "surgery with INGN 201 followed by chemo/RT"
                  ]
                },
                "InterventionOtherNameList":{
                  "InterventionOtherName":[
                    "surgery"
                  ]
                }
              },{
                "InterventionType":"Radiation",
                "InterventionName":"radiation therapy",
                "InterventionDescription":"200 cGy per day Days 105 every week for 6 weeks",
                "InterventionArmGroupLabelList":{
                  "InterventionArmGroupLabel":[
                    "surgery with INGN 201 followed by chemo/RT"
                  ]
                },
                "InterventionOtherNameList":{
                  "InterventionOtherName":[
                    "RT"
                  ]
                }
              }
            ]
          }
        },
        "OutcomesModule":{
          "PrimaryOutcomeList":{
            "PrimaryOutcome":[
              {
                "PrimaryOutcomeMeasure":"Feasibility",
                "PrimaryOutcomeDescription":"accrual rate and percentage of patients successfully receiving the required doses of INGN 201",
                "PrimaryOutcomeTimeFrame":"1 year"
              }
            ]
          },
          "SecondaryOutcomeList":{
            "SecondaryOutcome":[
              {
                "SecondaryOutcomeMeasure":"Progression-free survival from time of registration until disease progression",
                "SecondaryOutcomeDescription":"percentage of patient who have not experience progression of disease at two years",
                "SecondaryOutcomeTimeFrame":"two years"
              }
            ]
          }
        },
        "EligibilityModule":{
          "EligibilityCriteria":"DISEASE CHARACTERISTICS:\n\nHistologically confirmed high-risk/limited stage III or IV squamous cell carcinoma of the oral cavity, oropharynx, hypopharynx, and larynx\n\nNewly diagnosed\nPreviously untreated\nConsidered surgically resectable\nEvidence of regional lymph node metastases (N1-N3)\nNo distant metastases\n\nPATIENT CHARACTERISTICS:\n\nAge:\n\n18 and over\n\nPerformance status:\n\nNot specified\n\nLife expectancy:\n\nNot specified\n\nHematopoietic:\n\nWBC at least 3,000/mm^3\nGranulocyte count at least 1,500/mm^3\nPlatelet count at least 100,000/mm^3\n\nHepatic:\n\nBilirubin no greater than 2 times upper limit of normal (ULN)\nSGOT or SGPT no greater than 3 times ULN\nHepatitis B surface antigen negative\nHepatitis C antibody negative\n\nRenal:\n\nCreatinine no greater than 2 times ULN\nCreatinine clearance at least 60 mL/min\n\nOther:\n\nMagnesium normal (magnesium supplement allowed)\nNo other malignancy within the past 5 years except adequately treated basal cell or squamous cell skin cancer, carcinoma in situ of the cervix, or adequately treated stage I or II cancer in complete remission\nHIV negative\nNot pregnant or nursing\nPatients must use effective barrier contraception and prevent bodily fluid transmission during and for 28 days after Ad5CMV-p53 gene administration\n\nPRIOR CONCURRENT THERAPY:\n\nBiologic therapy:\n\nNot specified\n\nChemotherapy:\n\nNot specified\n\nEndocrine therapy:\n\nNot specified\n\nRadiotherapy:\n\nNo concurrent intensity-modulated radiotherapy\n\nSurgery:\n\nNot specified",
          "HealthyVolunteers":"No",
          "Gender":"All",
          "MinimumAge":"18 Years",
          "StdAgeList":{
            "StdAge":[
              "Adult",
              "Older Adult"
            ]
          }
        },
        "ContactsLocationsModule":{
          "OverallOfficialList":{
            "OverallOfficial":[
              {
                "OverallOfficialName":"George H. Yoo, MD",
                "OverallOfficialAffiliation":"Barbara Ann Karmanos Cancer Institute",
                "OverallOfficialRole":"Study Chair"
              }
            ]
          },
          "LocationList":{
            "Location":[
              {
                "LocationFacility":"Kansas Masonic Cancer Research Institute at the University of Kansas Medical Center",
                "LocationCity":"Kansas City",
                "LocationState":"Kansas",
                "LocationZip":"66160-7357",
                "LocationCountry":"United States"
              },{
                "LocationFacility":"Markey Cancer Center at University of Kentucky Chandler Medical Center",
                "LocationCity":"Lexington",
                "LocationState":"Kentucky",
                "LocationZip":"40536-0293",
                "LocationCountry":"United States"
              },{
                "LocationFacility":"Barbara Ann Karmanos Cancer Institute",
                "LocationCity":"Detroit",
                "LocationState":"Michigan",
                "LocationZip":"48201-1379",
                "LocationCountry":"United States"
              }
            ]
          }
        },
        "ReferencesModule":{
          "ReferenceList":{
            "Reference":[
              {
                "ReferencePMID":"19770418",
                "ReferenceType":"derived",
                "ReferenceCitation":"Yoo GH, Moon J, Leblanc M, Lonardo F, Urba S, Kim H, Hanna E, Tsue T, Valentino J, Ensley J, Wolf G. A phase 2 trial of surgery with perioperative INGN 201 (Ad5CMV-p53) gene therapy followed by chemoradiotherapy for advanced, resectable squamous cell carcinoma of the oral cavity, oropharynx, hypopharynx, and larynx: report of the Southwest Oncology Group. Arch Otolaryngol Head Neck Surg. 2009 Sep;135(9):869-74. doi: 10.1001/archoto.2009.122."
              }
            ]
          }
        }
      },
      "DerivedSection":{
        "MiscInfoModule":{
          "VersionHolder":"April 19, 2021"
        },
        "ConditionBrowseModule":{
          "ConditionMeshList":{
            "ConditionMesh":[
              {
                "ConditionMeshId":"D000006258",
                "ConditionMeshTerm":"Head and Neck Neoplasms"
              }
            ]
          },
          "ConditionAncestorList":{
            "ConditionAncestor":[
              {
                "ConditionAncestorId":"D000009369",
                "ConditionAncestorTerm":"Neoplasms"
              },{
                "ConditionAncestorId":"D000009371",
                "ConditionAncestorTerm":"Neoplasms by Site"
              }
            ]
          },
          "ConditionBrowseLeafList":{
            "ConditionBrowseLeaf":[
              {
                "ConditionBrowseLeafId":"M4116",
                "ConditionBrowseLeafName":"Carcinoma",
                "ConditionBrowseLeafRelevance":"low"
              },{
                "ConditionBrowseLeafId":"M4132",
                "ConditionBrowseLeafName":"Carcinoma, Squamous Cell",
                "ConditionBrowseLeafRelevance":"low"
              },{
                "ConditionBrowseLeafId":"M7931",
                "ConditionBrowseLeafName":"Head and Neck Neoplasms",
                "ConditionBrowseLeafAsFound":"Head and Neck Cancer",
                "ConditionBrowseLeafRelevance":"high"
              },{
                "ConditionBrowseLeafId":"M10605",
                "ConditionBrowseLeafName":"Mouth Neoplasms",
                "ConditionBrowseLeafRelevance":"low"
              },{
                "ConditionBrowseLeafId":"M9418",
                "ConditionBrowseLeafName":"Laryngeal Diseases",
                "ConditionBrowseLeafRelevance":"low"
              },{
                "ConditionBrowseLeafId":"M19017",
                "ConditionBrowseLeafName":"Carcinoma, Verrucous",
                "ConditionBrowseLeafRelevance":"low"
              },{
                "ConditionBrowseLeafId":"T3311",
                "ConditionBrowseLeafName":"Laryngeal Cancer",
                "ConditionBrowseLeafRelevance":"low"
              },{
                "ConditionBrowseLeafId":"T2952",
                "ConditionBrowseLeafName":"Hypopharyngeal Cancer",
                "ConditionBrowseLeafRelevance":"low"
              },{
                "ConditionBrowseLeafId":"T4265",
                "ConditionBrowseLeafName":"Oral Cancer",
                "ConditionBrowseLeafRelevance":"low"
              }
            ]
          },
          "ConditionBrowseBranchList":{
            "ConditionBrowseBranch":[
              {
                "ConditionBrowseBranchAbbrev":"BC04",
                "ConditionBrowseBranchName":"Cancers and Other Neoplasms"
              },{
                "ConditionBrowseBranchAbbrev":"All",
                "ConditionBrowseBranchName":"All Conditions"
              },{
                "ConditionBrowseBranchAbbrev":"BC07",
                "ConditionBrowseBranchName":"Mouth and Tooth Diseases"
              },{
                "ConditionBrowseBranchAbbrev":"BC08",
                "ConditionBrowseBranchName":"Respiratory Tract (Lung and Bronchial) Diseases"
              },{
                "ConditionBrowseBranchAbbrev":"BC09",
                "ConditionBrowseBranchName":"Ear, Nose, and Throat Diseases"
              },{
                "ConditionBrowseBranchAbbrev":"Rare",
                "ConditionBrowseBranchName":"Rare Diseases"
              }
            ]
          }
        },
        "InterventionBrowseModule":{
          "InterventionMeshList":{
            "InterventionMesh":[
              {
                "InterventionMeshId":"D000002945",
                "InterventionMeshTerm":"Cisplatin"
              }
            ]
          },
          "InterventionAncestorList":{
            "InterventionAncestor":[
              {
                "InterventionAncestorId":"D000000970",
                "InterventionAncestorTerm":"Antineoplastic Agents"
              }
            ]
          },
          "InterventionBrowseLeafList":{
            "InterventionBrowseLeaf":[
              {
                "InterventionBrowseLeafId":"M4765",
                "InterventionBrowseLeafName":"Cisplatin",
                "InterventionBrowseLeafAsFound":"Per",
                "InterventionBrowseLeafRelevance":"high"
              }
            ]
          },
          "InterventionBrowseBranchList":{
            "InterventionBrowseBranch":[
              {
                "InterventionBrowseBranchAbbrev":"ANeo",
                "InterventionBrowseBranchName":"Antineoplastic Agents"
              },{
                "InterventionBrowseBranchAbbrev":"All",
                "InterventionBrowseBranchName":"All Drugs and Chemicals"
              }
            ]
          }
        }
      }
    }
  }
}

