{
  "FullStudy":{
    "Rank":368487,
    "Study":{
      "ProtocolSection":{
        "IdentificationModule":{
          "NCTId":"NCT00015808",
          "OrgStudyIdInfo":{
            "OrgStudyId":"010167"
          },
          "SecondaryIdInfoList":{
            "SecondaryIdInfo":[
              {
                "SecondaryId":"01-N-0167"
              }
            ]
          },
          "Organization":{
            "OrgFullName":"National Institutes of Health Clinical Center (CC)",
            "OrgClass":"NIH"
          },
          "BriefTitle":"Safety Study of Idebenone to Treat Friedreich's Ataxia",
          "OfficialTitle":"Phase I Clinical Trial to Establish the Maximum Tolerated Dose of Idebenone in Children, Adolescents, and Adults With Friedreich's Ataxia"
        },
        "StatusModule":{
          "StatusVerifiedDate":"April 2006",
          "OverallStatus":"Completed",
          "ExpandedAccessInfo":{
            "HasExpandedAccess":"No"
          },
          "StartDateStruct":{
            "StartDate":"May 2001"
          },
          "CompletionDateStruct":{
            "CompletionDate":"April 2006"
          },
          "StudyFirstSubmitDate":"May 6, 2001",
          "StudyFirstSubmitQCDate":"May 5, 2001",
          "StudyFirstPostDateStruct":{
            "StudyFirstPostDate":"May 7, 2001",
            "StudyFirstPostDateType":"Estimate"
          },
          "LastUpdateSubmitDate":"July 11, 2006",
          "LastUpdatePostDateStruct":{
            "LastUpdatePostDate":"July 12, 2006",
            "LastUpdatePostDateType":"Estimate"
          }
        },
        "SponsorCollaboratorsModule":{
          "LeadSponsor":{
            "LeadSponsorName":"National Institute of Neurological Disorders and Stroke (NINDS)",
            "LeadSponsorClass":"NIH"
          }
        },
        "OversightModule":{},
        "DescriptionModule":{
          "BriefSummary":"This study will determine the highest dose of idebonone that can safely be given to patients with Friedrich's ataxia, an inherited degenerative disease that causes loss of muscle coordination, speech problems, weakness and sensory loss. Enlargement of the left ventricle (the large pumping chamber of the heart) is also common in this disease. In studies in France and Canada, patients with Friedrich's ataxia who were given idebonone, an antioxidant similar to the dietary supplement coenzyme Q, had a decrease in the size of their left ventricle.\n\nPatients 5 years and older with Friedrich's ataxia may be eligible for this study. Pregnant and lactating women may not participate. Candidates will be screened with a medical history and physical examination and a review of genetic studies. Patients who have not had genetic studies will be offered genetic counseling and testing to confirm or rule out Friedrich's ataxia.\n\nParticipants will be admitted to the NIH Clinical Center for 3 days. They will have blood and urine tests and a heart evaluation, including an echocardiogram-a procedure that uses sound waves to produce images of the heart, and an electrocardiogram-a study of the electrical activity of the heart. When these tests have been completed, patients will take an idebonone capsule. They will be monitored for side effects for 72 hours. Blood samples will be collected through an intravenous catheter (flexible plastic tube placed in a vein) 0.5, 1, 2, 3, 4, 6, 12, 24, 48 and 72 hours after the drug is taken to determine how long it takes for the drug to be eliminated from the body.\n\nPatients will return for a follow-up visit within 1 to 8 weeks. Those who experienced no serious side effects may receive another, higher dose of the drug, with at least 6 days between doses.",
          "DetailedDescription":"Friedreich's ataxia (FRDA) is a progressive, autosomal recessive, multisystem degenerative disease for which there is currently no effective treatment. Recent studies suggest that lipid-soluble antioxidants may prevent the progression of neurodegeneration and lead to some reversal of cardiomyopathy.\n\nThis will be a phase Ia, unblinded, dose-escalation trial examining the toxicity and tolerability of the antioxidant idebenone in patients with FRDA. Our primary objective is to determine the maximum tolerated single dose of idebenone in patients with FRDA. Our secondary objective is to document the pharmacokinetics of single-dose idebenone in this population. We aim to enroll 48 patients divided evenly among three age cohorts: children (ages 5-11), adolescents (ages 12-17), and adults (age greater than or equal to 18). Each age cohort will be studied independently. Three patients from each cohort will receive one day of oral idebenone followed by inpatient monitoring for 72 hours. If dose-limiting toxicity (DLT) is not observed during the 72-hour study period, three new patients will receive the next highest dose. If one of three patients experiences DLT, three new patients will receive the same dose. Within each cohort, the dose will be escalated until the maximum tolerated dose (MTD) is established. The MTD will be defined as one dose below that which resulted in DLT in any two patients within a cohort.\n\nSubsequent to the completion of this phase Ia trial, we plan to further refine the MTD for each age group in a phase Ib trial in which we will examine multiple-dose regimens over a longer study period. We hope to follow these phase I studies with a double-blinded, placebo-controlled phase II trial to further evaluate safety and to estimate the efficacy of idebenone using cardiac parameters as our primary endpoints. In addition, we are currently in the process of validating a clinical evaluation scale for FRDA that we hope to employ in measuring neurological parameters as a secondary endpoint in the phase II trial."
        },
        "ConditionsModule":{
          "ConditionList":{
            "Condition":[
              "Friedreich Ataxia"
            ]
          },
          "KeywordList":{
            "Keyword":[
              "Neurodegeneration",
              "Anti-Oxidant",
              "Neuropathy",
              "Hereditary",
              "Spinocerebellar",
              "Friedreich's Ataxia",
              "Friedreich Ataxia",
              "FRDA"
            ]
          }
        },
        "DesignModule":{
          "StudyType":"Interventional",
          "PhaseList":{
            "Phase":[
              "Phase 1"
            ]
          },
          "DesignInfo":{
            "DesignPrimaryPurpose":"Treatment"
          },
          "EnrollmentInfo":{
            "EnrollmentCount":"100"
          }
        },
        "ArmsInterventionsModule":{
          "InterventionList":{
            "Intervention":[
              {
                "InterventionType":"Drug",
                "InterventionName":"Idebenone"
              }
            ]
          }
        },
        "EligibilityModule":{
          "EligibilityCriteria":"INCLUSION CRITERIA:\n\nDiagnosis of FRDA with confirmed FRDA mutations.\n\nAge greater than or equal to five years old.\n\nNo exposure to idebenone or coenzyme Q10 for a period of at least one week prior to onset of the medication phase of the study.\n\nWritten, informed consent (and assent, if applicable).\n\nEXCLUSION CRITERIA:\n\nHistory of a hypersensitivity reaction to idebenone or coenzyme\n\nQ10.\n\nPregnant or lactating women. All women of child-bearing potential must have negative serum pregnancy prior to the medication phase of the study.\n\nAge less than five years old.\n\nPlatelet count, lymphocyte count or hemoglobin below the lower limit of normal.\n\nAlkaline phosphatase, SGOT, SGPT greater than 1.5 times the upper limit of normal. Bilirubin greater than 1.2 g/dl.\n\nCreatinine greater than 1.5 times the upper limit of normal.\n\nClinically significant medical disease that, in the judgment of the investigators, would expose the patient to undue risk of harm or prevent the patient from completing the study.",
          "HealthyVolunteers":"No",
          "Gender":"All",
          "StdAgeList":{
            "StdAge":[
              "Child",
              "Adult",
              "Older Adult"
            ]
          }
        },
        "ContactsLocationsModule":{
          "LocationList":{
            "Location":[
              {
                "LocationFacility":"National Institute of Neurological Disorders and Stroke (NINDS)",
                "LocationCity":"Bethesda",
                "LocationState":"Maryland",
                "LocationZip":"20892",
                "LocationCountry":"United States"
              }
            ]
          }
        },
        "ReferencesModule":{
          "ReferenceList":{
            "Reference":[
              {
                "ReferencePMID":"9180083",
                "ReferenceType":"background",
                "ReferenceCitation":"Babcock M, de Silva D, Oaks R, Davis-Kaplan S, Jiralerspong S, Montermini L, Pandolfo M, Kaplan J. Regulation of mitochondrial iron accumulation by Yfh1p, a putative homolog of frataxin. Science. 1997 Jun 13;276(5319):1709-12."
              },{
                "ReferencePMID":"10856939",
                "ReferenceType":"background",
                "ReferenceCitation":"Beal MF. Energetics in the pathogenesis of neurodegenerative diseases. Trends Neurosci. 2000 Jul;23(7):298-304. Review."
              },{
                "ReferencePMID":"8596916",
                "ReferenceType":"background",
                "ReferenceCitation":"Campuzano V, Montermini L, Moltò MD, Pianese L, Cossée M, Cavalcanti F, Monros E, Rodius F, Duclos F, Monticelli A, Zara F, Cañizares J, Koutnikova H, Bidichandani SI, Gellera C, Brice A, Trouillas P, De Michele G, Filla A, De Frutos R, Palau F, Patel PI, Di Donato S, Mandel JL, Cocozza S, Koenig M, Pandolfo M. Friedreich's ataxia: autosomal recessive disease caused by an intronic GAA triplet repeat expansion. Science. 1996 Mar 8;271(5254):1423-7."
              },{
                "ReferencePMID":"17562928",
                "ReferenceType":"derived",
                "ReferenceCitation":"Di Prospero NA, Sumner CJ, Penzak SR, Ravina B, Fischbeck KH, Taylor JP. Safety, tolerability, and pharmacokinetics of high-dose idebenone in patients with Friedreich ataxia. Arch Neurol. 2007 Jun;64(6):803-8."
              }
            ]
          }
        }
      },
      "DerivedSection":{
        "MiscInfoModule":{
          "VersionHolder":"April 19, 2021"
        },
        "ConditionBrowseModule":{
          "ConditionMeshList":{
            "ConditionMesh":[
              {
                "ConditionMeshId":"D000001259",
                "ConditionMeshTerm":"Ataxia"
              },{
                "ConditionMeshId":"D000002524",
                "ConditionMeshTerm":"Cerebellar Ataxia"
              },{
                "ConditionMeshId":"D000005621",
                "ConditionMeshTerm":"Friedreich Ataxia"
              }
            ]
          },
          "ConditionAncestorList":{
            "ConditionAncestor":[
              {
                "ConditionAncestorId":"D000020820",
                "ConditionAncestorTerm":"Dyskinesias"
              },{
                "ConditionAncestorId":"D000009461",
                "ConditionAncestorTerm":"Neurologic Manifestations"
              },{
                "ConditionAncestorId":"D000009422",
                "ConditionAncestorTerm":"Nervous System Diseases"
              },{
                "ConditionAncestorId":"D000002526",
                "ConditionAncestorTerm":"Cerebellar Diseases"
              },{
                "ConditionAncestorId":"D000001927",
                "ConditionAncestorTerm":"Brain Diseases"
              },{
                "ConditionAncestorId":"D000002493",
                "ConditionAncestorTerm":"Central Nervous System Diseases"
              },{
                "ConditionAncestorId":"D000013132",
                "ConditionAncestorTerm":"Spinocerebellar Degenerations"
              },{
                "ConditionAncestorId":"D000013118",
                "ConditionAncestorTerm":"Spinal Cord Diseases"
              },{
                "ConditionAncestorId":"D000020271",
                "ConditionAncestorTerm":"Heredodegenerative Disorders, Nervous System"
              },{
                "ConditionAncestorId":"D000019636",
                "ConditionAncestorTerm":"Neurodegenerative Diseases"
              },{
                "ConditionAncestorId":"D000030342",
                "ConditionAncestorTerm":"Genetic Diseases, Inborn"
              },{
                "ConditionAncestorId":"D000028361",
                "ConditionAncestorTerm":"Mitochondrial Diseases"
              },{
                "ConditionAncestorId":"D000008659",
                "ConditionAncestorTerm":"Metabolic Diseases"
              }
            ]
          },
          "ConditionBrowseLeafList":{
            "ConditionBrowseLeaf":[
              {
                "ConditionBrowseLeafId":"M3146",
                "ConditionBrowseLeafName":"Ataxia",
                "ConditionBrowseLeafAsFound":"Ataxia",
                "ConditionBrowseLeafRelevance":"high"
              },{
                "ConditionBrowseLeafId":"M4356",
                "ConditionBrowseLeafName":"Cerebellar Ataxia",
                "ConditionBrowseLeafAsFound":"Ataxia",
                "ConditionBrowseLeafRelevance":"high"
              },{
                "ConditionBrowseLeafId":"M10937",
                "ConditionBrowseLeafName":"Nerve Degeneration",
                "ConditionBrowseLeafRelevance":"low"
              },{
                "ConditionBrowseLeafId":"M7324",
                "ConditionBrowseLeafName":"Friedreich Ataxia",
                "ConditionBrowseLeafAsFound":"Friedreich's Ataxia",
                "ConditionBrowseLeafRelevance":"high"
              },{
                "ConditionBrowseLeafId":"M21158",
                "ConditionBrowseLeafName":"Dyskinesias",
                "ConditionBrowseLeafRelevance":"low"
              },{
                "ConditionBrowseLeafId":"M10987",
                "ConditionBrowseLeafName":"Neurologic Manifestations",
                "ConditionBrowseLeafRelevance":"low"
              },{
                "ConditionBrowseLeafId":"M4358",
                "ConditionBrowseLeafName":"Cerebellar Diseases",
                "ConditionBrowseLeafRelevance":"low"
              },{
                "ConditionBrowseLeafId":"M3786",
                "ConditionBrowseLeafName":"Brain Diseases",
                "ConditionBrowseLeafRelevance":"low"
              },{
                "ConditionBrowseLeafId":"M4325",
                "ConditionBrowseLeafName":"Central Nervous System Diseases",
                "ConditionBrowseLeafRelevance":"low"
              },{
                "ConditionBrowseLeafId":"M21094",
                "ConditionBrowseLeafName":"Spinocerebellar Ataxias",
                "ConditionBrowseLeafRelevance":"low"
              },{
                "ConditionBrowseLeafId":"M14512",
                "ConditionBrowseLeafName":"Spinocerebellar Degenerations",
                "ConditionBrowseLeafRelevance":"low"
              },{
                "ConditionBrowseLeafId":"M14498",
                "ConditionBrowseLeafName":"Spinal Cord Diseases",
                "ConditionBrowseLeafRelevance":"low"
              },{
                "ConditionBrowseLeafId":"M20676",
                "ConditionBrowseLeafName":"Heredodegenerative Disorders, Nervous System",
                "ConditionBrowseLeafRelevance":"low"
              },{
                "ConditionBrowseLeafId":"M20142",
                "ConditionBrowseLeafName":"Neurodegenerative Diseases",
                "ConditionBrowseLeafRelevance":"low"
              },{
                "ConditionBrowseLeafId":"M22270",
                "ConditionBrowseLeafName":"Genetic Diseases, Inborn",
                "ConditionBrowseLeafRelevance":"low"
              },{
                "ConditionBrowseLeafId":"M21925",
                "ConditionBrowseLeafName":"Mitochondrial Diseases",
                "ConditionBrowseLeafRelevance":"low"
              },{
                "ConditionBrowseLeafId":"M10222",
                "ConditionBrowseLeafName":"Metabolic Diseases",
                "ConditionBrowseLeafRelevance":"low"
              },{
                "ConditionBrowseLeafId":"T2386",
                "ConditionBrowseLeafName":"Friedreich Ataxia",
                "ConditionBrowseLeafAsFound":"Friedreich's Ataxia",
                "ConditionBrowseLeafRelevance":"high"
              },{
                "ConditionBrowseLeafId":"T5352",
                "ConditionBrowseLeafName":"Spinocerebellar Ataxia",
                "ConditionBrowseLeafRelevance":"low"
              }
            ]
          },
          "ConditionBrowseBranchList":{
            "ConditionBrowseBranch":[
              {
                "ConditionBrowseBranchAbbrev":"BC10",
                "ConditionBrowseBranchName":"Nervous System Diseases"
              },{
                "ConditionBrowseBranchAbbrev":"BC23",
                "ConditionBrowseBranchName":"Symptoms and General Pathology"
              },{
                "ConditionBrowseBranchAbbrev":"All",
                "ConditionBrowseBranchName":"All Conditions"
              },{
                "ConditionBrowseBranchAbbrev":"BC16",
                "ConditionBrowseBranchName":"Diseases and Abnormalities at or Before Birth"
              },{
                "ConditionBrowseBranchAbbrev":"BC18",
                "ConditionBrowseBranchName":"Nutritional and Metabolic Diseases"
              },{
                "ConditionBrowseBranchAbbrev":"Rare",
                "ConditionBrowseBranchName":"Rare Diseases"
              }
            ]
          }
        },
        "InterventionBrowseModule":{
          "InterventionMeshList":{
            "InterventionMesh":[
              {
                "InterventionMeshId":"C000036619",
                "InterventionMeshTerm":"Idebenone"
              }
            ]
          },
          "InterventionAncestorList":{
            "InterventionAncestor":[
              {
                "InterventionAncestorId":"D000000975",
                "InterventionAncestorTerm":"Antioxidants"
              },{
                "InterventionAncestorId":"D000045504",
                "InterventionAncestorTerm":"Molecular Mechanisms of Pharmacological Action"
              },{
                "InterventionAncestorId":"D000020011",
                "InterventionAncestorTerm":"Protective Agents"
              },{
                "InterventionAncestorId":"D000045505",
                "InterventionAncestorTerm":"Physiological Effects of Drugs"
              }
            ]
          },
          "InterventionBrowseLeafList":{
            "InterventionBrowseLeaf":[
              {
                "InterventionBrowseLeafId":"M2873",
                "InterventionBrowseLeafName":"Antioxidants",
                "InterventionBrowseLeafRelevance":"low"
              },{
                "InterventionBrowseLeafId":"M221005",
                "InterventionBrowseLeafName":"Idebenone",
                "InterventionBrowseLeafAsFound":"Accelerated phase",
                "InterventionBrowseLeafRelevance":"high"
              },{
                "InterventionBrowseLeafId":"M20453",
                "InterventionBrowseLeafName":"Protective Agents",
                "InterventionBrowseLeafRelevance":"low"
              }
            ]
          },
          "InterventionBrowseBranchList":{
            "InterventionBrowseBranch":[
              {
                "InterventionBrowseBranchAbbrev":"All",
                "InterventionBrowseBranchName":"All Drugs and Chemicals"
              }
            ]
          }
        }
      }
    }
  }
}

