{
  "FullStudy":{
    "Rank":368483,
    "Study":{
      "ProtocolSection":{
        "IdentificationModule":{
          "NCTId":"NCT00015860",
          "OrgStudyIdInfo":{
            "OrgStudyId":"CDR0000068444"
          },
          "SecondaryIdInfoList":{
            "SecondaryIdInfo":[
              {
                "SecondaryId":"UCLA-0011010"
              },{
                "SecondaryId":"UCLA-NCI-4292"
              },{
                "SecondaryId":"NCI-4292"
              }
            ]
          },
          "Organization":{
            "OrgFullName":"National Cancer Institute (NCI)",
            "OrgClass":"NIH"
          },
          "BriefTitle":"STI571 Plus Combination Chemotherapy in Treating Patients With Chronic Myelogenous Leukemia or Acute Lymphocytic Leukemia",
          "OfficialTitle":"A Phase I/II Trial of STI-571 and Chemotherapy in Lymphoid Blast Crisis of Chronic Myeloid Leukemia and Philadelphia Chromosome-Positive Acute Lymphoid Leukemia"
        },
        "StatusModule":{
          "StatusVerifiedDate":"September 2003",
          "OverallStatus":"Completed",
          "ExpandedAccessInfo":{
            "HasExpandedAccess":"No"
          },
          "StartDateStruct":{
            "StartDate":"May 2001"
          },
          "CompletionDateStruct":{
            "CompletionDate":"October 2003",
            "CompletionDateType":"Actual"
          },
          "StudyFirstSubmitDate":"May 6, 2001",
          "StudyFirstSubmitQCDate":"January 26, 2003",
          "StudyFirstPostDateStruct":{
            "StudyFirstPostDate":"January 27, 2003",
            "StudyFirstPostDateType":"Estimate"
          },
          "LastUpdateSubmitDate":"June 20, 2013",
          "LastUpdatePostDateStruct":{
            "LastUpdatePostDate":"June 24, 2013",
            "LastUpdatePostDateType":"Estimate"
          }
        },
        "SponsorCollaboratorsModule":{
          "LeadSponsor":{
            "LeadSponsorName":"Jonsson Comprehensive Cancer Center",
            "LeadSponsorClass":"OTHER"
          },
          "CollaboratorList":{
            "Collaborator":[
              {
                "CollaboratorName":"National Cancer Institute (NCI)",
                "CollaboratorClass":"NIH"
              }
            ]
          }
        },
        "DescriptionModule":{
          "BriefSummary":"RATIONALE: Drugs used in chemotherapy use different ways to stop cancer cells from dividing so they stop growing or die. STI571 may stop the growth of leukemia cells. Combining chemotherapy and STI571 may kill more cancer cells.\n\nPURPOSE: Phase I/II trial to study the effectiveness of combination chemotherapy plus STI571 in treating patients who have chronic myelogenous leukemia or acute lymphocytic leukemia.",
          "DetailedDescription":"OBJECTIVES:\n\nDetermine the maximum tolerated dose of daunorubicin when combined with imatinib mesylate, vincristine, and prednisone in patients with lymphoid blastic phase chronic myelogenous leukemia or Philadelphia chromosome-positive acute lymphoblastic leukemia.\nDetermine the safety of this regimen in these patients.\nDetermine the pharmacokinetics of this regimen in these patients.\nDetermine the frequency of hematologic and cytogenetic responses in patients treated with this regimen.\nDetermine the duration of response of this patient population treated with this regimen.\nDetermine the survival of patients treated with this regimen.\n\nOUTLINE: This is a multicenter, dose-escalation study of daunorubicin.\n\nPatients who have not previously received imatinib mesylate receive oral imatinib mesylate on days 1-35. Patients who have previously received imatinib mesylate for at least 28 days receive oral imatinib mesylate on days 22-35. All patients receive daunorubicin IV over 2-3 minutes on days 1-3, vincristine IV over 1 minute on days 1, 8, 15, and 22, and oral prednisone on days 1-28. Patients with more than 5% residual blasts in bone marrow on day 28 receive a second course in the absence of disease progression or unacceptable toxicity.\n\nCohorts of 3-6 patients receive escalating doses of daunorubicin until the maximum tolerated dose (MTD) is determined. The MTD is defined as the dose preceding that at which 2 of 6 patients experience dose-limiting toxicity. Once the MTD is determined, additional patients are treated at the recommended phase II dose.\n\nPROJECTED ACCRUAL: A maximum of 46 patients will be accrued for this study."
        },
        "ConditionsModule":{
          "ConditionList":{
            "Condition":[
              "Leukemia"
            ]
          },
          "KeywordList":{
            "Keyword":[
              "recurrent adult acute lymphoblastic leukemia",
              "relapsing chronic myelogenous leukemia",
              "blastic phase chronic myelogenous leukemia"
            ]
          }
        },
        "DesignModule":{
          "StudyType":"Interventional",
          "PhaseList":{
            "Phase":[
              "Phase 1",
              "Phase 2"
            ]
          },
          "DesignInfo":{
            "DesignPrimaryPurpose":"Treatment"
          }
        },
        "ArmsInterventionsModule":{
          "InterventionList":{
            "Intervention":[
              {
                "InterventionType":"Drug",
                "InterventionName":"daunorubicin hydrochloride"
              },{
                "InterventionType":"Drug",
                "InterventionName":"imatinib mesylate"
              },{
                "InterventionType":"Drug",
                "InterventionName":"prednisone"
              },{
                "InterventionType":"Drug",
                "InterventionName":"vincristine sulfate"
              }
            ]
          }
        },
        "EligibilityModule":{
          "EligibilityCriteria":"DISEASE CHARACTERISTICS:\n\nOne of the following diagnoses:\n\nChronic myelogenous leukemia in lymphoid blast crisis\n\nAcute lymphoblastic leukemia (ALL) that is in first relapse or failed induction\n\nNo more than 1 prior course of induction chemotherapy\nPhiladelphia chromosome-positive (Ph+) by cytogenetic analysis OR bcr/abl translocation by fluorescent in situ hybridization\nAt least 30% blasts in bone marrow\nIneligible for or refused allogeneic stem cell transplantation\nNot previously treated with imatinib mesylate OR currently receiving imatinib mesylate with stable disease on 2 bone marrow biopsies at least 2 weeks apart\n\nPATIENT CHARACTERISTICS:\n\nAge:\n\n18 and over\n\nPerformance status:\n\nECOG 0-2\n\nLife expectancy:\n\nNot specified\n\nHematopoietic:\n\nSee Disease Characteristics\n\nHepatic:\n\nBilirubin less than 3 times upper limit of normal (ULN)\nALT and AST less than 3 times ULN\n\nRenal:\n\nCreatinine less than 2 times ULN\n\nCardiovascular:\n\nNo New York Heart Association class III or IV cardiac disease\n\nOther:\n\nNot pregnant or nursing\nNegative pregnancy test\nFertile patients must use effective barrier contraception during and for at least 2 weeks after study for female patients and at least 3 months after study for male patients\n\nPRIOR CONCURRENT THERAPY:\n\nBiologic therapy:\n\nSee Disease Characteristics\nNo prior allogeneic bone marrow or peripheral blood stem cell transplantation\nAt least 48 hours since prior interferon alfa\n\nChemotherapy:\n\nSee Disease Characteristics\nAt least 24 hours since prior hydroxyurea\nAt least 6 weeks since prior busulfan\nConcurrent hydroxyurea or anagrelide for severe leukocytosis or thrombocytosis allowed\n\nEndocrine therapy:\n\nNot specified\n\nRadiotherapy:\n\nNot specified\n\nSurgery:\n\nNot specified\n\nOther:\n\nNo prior therapy for blast crisis except hydroxyurea\nNo prior salvage or reinduction therapy for Ph+ ALL\nAt least 4 weeks since other prior investigational agents",
          "HealthyVolunteers":"No",
          "Gender":"All",
          "MinimumAge":"18 Years",
          "StdAgeList":{
            "StdAge":[
              "Adult",
              "Older Adult"
            ]
          }
        },
        "ContactsLocationsModule":{
          "OverallOfficialList":{
            "OverallOfficial":[
              {
                "OverallOfficialName":"Ronald Paquette, MD",
                "OverallOfficialAffiliation":"Jonsson Comprehensive Cancer Center",
                "OverallOfficialRole":"Principal Investigator"
              }
            ]
          },
          "LocationList":{
            "Location":[
              {
                "LocationFacility":"City of Hope Comprehensive Cancer Center",
                "LocationCity":"Duarte",
                "LocationState":"California",
                "LocationZip":"91010",
                "LocationCountry":"United States"
              },{
                "LocationFacility":"Jonsson Comprehensive Cancer Center, UCLA",
                "LocationCity":"Los Angeles",
                "LocationState":"California",
                "LocationZip":"90095",
                "LocationCountry":"United States"
              },{
                "LocationFacility":"Stanford University Medical Center",
                "LocationCity":"Stanford",
                "LocationState":"California",
                "LocationZip":"94305-5408",
                "LocationCountry":"United States"
              },{
                "LocationFacility":"Oregon Cancer Institute",
                "LocationCity":"Portland",
                "LocationState":"Oregon",
                "LocationZip":"97239",
                "LocationCountry":"United States"
              },{
                "LocationFacility":"University of Texas - MD Anderson Cancer Center",
                "LocationCity":"Houston",
                "LocationState":"Texas",
                "LocationZip":"77030-4009",
                "LocationCountry":"United States"
              }
            ]
          }
        }
      },
      "DerivedSection":{
        "MiscInfoModule":{
          "VersionHolder":"April 19, 2021"
        },
        "ConditionBrowseModule":{
          "ConditionMeshList":{
            "ConditionMesh":[
              {
                "ConditionMeshId":"D000007938",
                "ConditionMeshTerm":"Leukemia"
              },{
                "ConditionMeshId":"D000015464",
                "ConditionMeshTerm":"Leukemia, Myelogenous, Chronic, BCR-ABL Positive"
              }
            ]
          },
          "ConditionAncestorList":{
            "ConditionAncestor":[
              {
                "ConditionAncestorId":"D000009370",
                "ConditionAncestorTerm":"Neoplasms by Histologic Type"
              },{
                "ConditionAncestorId":"D000009369",
                "ConditionAncestorTerm":"Neoplasms"
              },{
                "ConditionAncestorId":"D000007951",
                "ConditionAncestorTerm":"Leukemia, Myeloid"
              },{
                "ConditionAncestorId":"D000009196",
                "ConditionAncestorTerm":"Myeloproliferative Disorders"
              },{
                "ConditionAncestorId":"D000001855",
                "ConditionAncestorTerm":"Bone Marrow Diseases"
              },{
                "ConditionAncestorId":"D000006402",
                "ConditionAncestorTerm":"Hematologic Diseases"
              }
            ]
          },
          "ConditionBrowseLeafList":{
            "ConditionBrowseLeaf":[
              {
                "ConditionBrowseLeafId":"M9528",
                "ConditionBrowseLeafName":"Leukemia",
                "ConditionBrowseLeafAsFound":"Leukemia",
                "ConditionBrowseLeafRelevance":"high"
              },{
                "ConditionBrowseLeafId":"M9538",
                "ConditionBrowseLeafName":"Leukemia, Myeloid",
                "ConditionBrowseLeafRelevance":"low"
              },{
                "ConditionBrowseLeafId":"M9534",
                "ConditionBrowseLeafName":"Leukemia, Lymphoid",
                "ConditionBrowseLeafRelevance":"low"
              },{
                "ConditionBrowseLeafId":"M26172",
                "ConditionBrowseLeafName":"Precursor Cell Lymphoblastic Leukemia-Lymphoma",
                "ConditionBrowseLeafRelevance":"low"
              },{
                "ConditionBrowseLeafId":"M12165",
                "ConditionBrowseLeafName":"Philadelphia Chromosome",
                "ConditionBrowseLeafRelevance":"low"
              },{
                "ConditionBrowseLeafId":"M16706",
                "ConditionBrowseLeafName":"Leukemia, Myelogenous, Chronic, BCR-ABL Positive",
                "ConditionBrowseLeafAsFound":"Chronic myelogenous leukemia",
                "ConditionBrowseLeafRelevance":"high"
              },{
                "ConditionBrowseLeafId":"M3615",
                "ConditionBrowseLeafName":"Blast Crisis",
                "ConditionBrowseLeafRelevance":"low"
              },{
                "ConditionBrowseLeafId":"M10898",
                "ConditionBrowseLeafName":"Neoplasms by Histologic Type",
                "ConditionBrowseLeafRelevance":"low"
              },{
                "ConditionBrowseLeafId":"M10732",
                "ConditionBrowseLeafName":"Myeloproliferative Disorders",
                "ConditionBrowseLeafRelevance":"low"
              },{
                "ConditionBrowseLeafId":"M3716",
                "ConditionBrowseLeafName":"Bone Marrow Diseases",
                "ConditionBrowseLeafRelevance":"low"
              },{
                "ConditionBrowseLeafId":"M8073",
                "ConditionBrowseLeafName":"Hematologic Diseases",
                "ConditionBrowseLeafRelevance":"low"
              },{
                "ConditionBrowseLeafId":"T3995",
                "ConditionBrowseLeafName":"Myeloid Leukemia",
                "ConditionBrowseLeafRelevance":"low"
              },{
                "ConditionBrowseLeafId":"T175",
                "ConditionBrowseLeafName":"Acute Lymphoblastic Leukemia",
                "ConditionBrowseLeafRelevance":"low"
              },{
                "ConditionBrowseLeafId":"T3533",
                "ConditionBrowseLeafName":"Lymphoblastic Lymphoma",
                "ConditionBrowseLeafRelevance":"low"
              },{
                "ConditionBrowseLeafId":"T1309",
                "ConditionBrowseLeafName":"Chronic Myeloid Leukemia",
                "ConditionBrowseLeafAsFound":"Chronic myelogenous leukemia",
                "ConditionBrowseLeafRelevance":"high"
              },{
                "ConditionBrowseLeafId":"T1311",
                "ConditionBrowseLeafName":"Chronic Myeloproliferative Disorders",
                "ConditionBrowseLeafRelevance":"low"
              }
            ]
          },
          "ConditionBrowseBranchList":{
            "ConditionBrowseBranch":[
              {
                "ConditionBrowseBranchAbbrev":"BC04",
                "ConditionBrowseBranchName":"Cancers and Other Neoplasms"
              },{
                "ConditionBrowseBranchAbbrev":"All",
                "ConditionBrowseBranchName":"All Conditions"
              },{
                "ConditionBrowseBranchAbbrev":"BC15",
                "ConditionBrowseBranchName":"Blood and Lymph Conditions"
              },{
                "ConditionBrowseBranchAbbrev":"BC20",
                "ConditionBrowseBranchName":"Immune System Diseases"
              },{
                "ConditionBrowseBranchAbbrev":"BC23",
                "ConditionBrowseBranchName":"Symptoms and General Pathology"
              },{
                "ConditionBrowseBranchAbbrev":"Rare",
                "ConditionBrowseBranchName":"Rare Diseases"
              }
            ]
          }
        },
        "InterventionBrowseModule":{
          "InterventionMeshList":{
            "InterventionMesh":[
              {
                "InterventionMeshId":"D000011241",
                "InterventionMeshTerm":"Prednisone"
              },{
                "InterventionMeshId":"D000014750",
                "InterventionMeshTerm":"Vincristine"
              },{
                "InterventionMeshId":"D000068877",
                "InterventionMeshTerm":"Imatinib Mesylate"
              },{
                "InterventionMeshId":"D000003630",
                "InterventionMeshTerm":"Daunorubicin"
              }
            ]
          },
          "InterventionAncestorList":{
            "InterventionAncestor":[
              {
                "InterventionAncestorId":"D000000893",
                "InterventionAncestorTerm":"Anti-Inflammatory Agents"
              },{
                "InterventionAncestorId":"D000005938",
                "InterventionAncestorTerm":"Glucocorticoids"
              },{
                "InterventionAncestorId":"D000006728",
                "InterventionAncestorTerm":"Hormones"
              },{
                "InterventionAncestorId":"D000006730",
                "InterventionAncestorTerm":"Hormones, Hormone Substitutes, and Hormone Antagonists"
              },{
                "InterventionAncestorId":"D000045505",
                "InterventionAncestorTerm":"Physiological Effects of Drugs"
              },{
                "InterventionAncestorId":"D000018931",
                "InterventionAncestorTerm":"Antineoplastic Agents, Hormonal"
              },{
                "InterventionAncestorId":"D000000970",
                "InterventionAncestorTerm":"Antineoplastic Agents"
              },{
                "InterventionAncestorId":"D000000972",
                "InterventionAncestorTerm":"Antineoplastic Agents, Phytogenic"
              },{
                "InterventionAncestorId":"D000050257",
                "InterventionAncestorTerm":"Tubulin Modulators"
              },{
                "InterventionAncestorId":"D000050256",
                "InterventionAncestorTerm":"Antimitotic Agents"
              },{
                "InterventionAncestorId":"D000050258",
                "InterventionAncestorTerm":"Mitosis Modulators"
              },{
                "InterventionAncestorId":"D000045504",
                "InterventionAncestorTerm":"Molecular Mechanisms of Pharmacological Action"
              },{
                "InterventionAncestorId":"D000047428",
                "InterventionAncestorTerm":"Protein Kinase Inhibitors"
              },{
                "InterventionAncestorId":"D000004791",
                "InterventionAncestorTerm":"Enzyme Inhibitors"
              },{
                "InterventionAncestorId":"D000000903",
                "InterventionAncestorTerm":"Antibiotics, Antineoplastic"
              },{
                "InterventionAncestorId":"D000059005",
                "InterventionAncestorTerm":"Topoisomerase II Inhibitors"
              },{
                "InterventionAncestorId":"D000059003",
                "InterventionAncestorTerm":"Topoisomerase Inhibitors"
              }
            ]
          },
          "InterventionBrowseLeafList":{
            "InterventionBrowseLeaf":[
              {
                "InterventionBrowseLeafId":"M12704",
                "InterventionBrowseLeafName":"Prednisone",
                "InterventionBrowseLeafAsFound":"Cognitive",
                "InterventionBrowseLeafRelevance":"high"
              },{
                "InterventionBrowseLeafId":"M16078",
                "InterventionBrowseLeafName":"Vincristine",
                "InterventionBrowseLeafAsFound":"60 minutes",
                "InterventionBrowseLeafRelevance":"high"
              },{
                "InterventionBrowseLeafId":"M324",
                "InterventionBrowseLeafName":"Imatinib Mesylate",
                "InterventionBrowseLeafAsFound":"Workers",
                "InterventionBrowseLeafRelevance":"high"
              },{
                "InterventionBrowseLeafId":"M5415",
                "InterventionBrowseLeafName":"Daunorubicin",
                "InterventionBrowseLeafAsFound":"Diffusion",
                "InterventionBrowseLeafRelevance":"high"
              },{
                "InterventionBrowseLeafId":"M2798",
                "InterventionBrowseLeafName":"Anti-Inflammatory Agents",
                "InterventionBrowseLeafRelevance":"low"
              },{
                "InterventionBrowseLeafId":"M7630",
                "InterventionBrowseLeafName":"Glucocorticoids",
                "InterventionBrowseLeafRelevance":"low"
              },{
                "InterventionBrowseLeafId":"M8372",
                "InterventionBrowseLeafName":"Hormones",
                "InterventionBrowseLeafRelevance":"low"
              },{
                "InterventionBrowseLeafId":"M8371",
                "InterventionBrowseLeafName":"Hormone Antagonists",
                "InterventionBrowseLeafRelevance":"low"
              },{
                "InterventionBrowseLeafId":"M19550",
                "InterventionBrowseLeafName":"Antineoplastic Agents, Hormonal",
                "InterventionBrowseLeafRelevance":"low"
              },{
                "InterventionBrowseLeafId":"M24784",
                "InterventionBrowseLeafName":"Tubulin Modulators",
                "InterventionBrowseLeafRelevance":"low"
              },{
                "InterventionBrowseLeafId":"M24783",
                "InterventionBrowseLeafName":"Antimitotic Agents",
                "InterventionBrowseLeafRelevance":"low"
              },{
                "InterventionBrowseLeafId":"M24407",
                "InterventionBrowseLeafName":"Protein Kinase Inhibitors",
                "InterventionBrowseLeafRelevance":"low"
              },{
                "InterventionBrowseLeafId":"M2803",
                "InterventionBrowseLeafName":"Anti-Bacterial Agents",
                "InterventionBrowseLeafRelevance":"low"
              },{
                "InterventionBrowseLeafId":"M2805",
                "InterventionBrowseLeafName":"Antibiotics, Antitubercular",
                "InterventionBrowseLeafRelevance":"low"
              }
            ]
          },
          "InterventionBrowseBranchList":{
            "InterventionBrowseBranch":[
              {
                "InterventionBrowseBranchAbbrev":"Infl",
                "InterventionBrowseBranchName":"Anti-Inflammatory Agents"
              },{
                "InterventionBrowseBranchAbbrev":"ANeo",
                "InterventionBrowseBranchName":"Antineoplastic Agents"
              },{
                "InterventionBrowseBranchAbbrev":"All",
                "InterventionBrowseBranchName":"All Drugs and Chemicals"
              },{
                "InterventionBrowseBranchAbbrev":"Infe",
                "InterventionBrowseBranchName":"Anti-Infective Agents"
              }
            ]
          }
        }
      }
    }
  }
}

