{
  "FullStudy":{
    "Rank":368749,
    "Study":{
      "ProtocolSection":{
        "IdentificationModule":{
          "NCTId":"NCT00011908",
          "OrgStudyIdInfo":{
            "OrgStudyId":"010108"
          },
          "SecondaryIdInfoList":{
            "SecondaryIdInfo":[
              {
                "SecondaryId":"01-AR-0108"
              }
            ]
          },
          "Organization":{
            "OrgFullName":"National Institutes of Health Clinical Center (CC)",
            "OrgClass":"NIH"
          },
          "BriefTitle":"Humanized LL2IGG to Treat Systemic Lupus Erythematosus",
          "OfficialTitle":"A Phase I Clinical Trial of Immunotherapy With Humanized LL2 IgG (Epratuzumab) in Patients With Systemic Lupus Erythematosus"
        },
        "StatusModule":{
          "StatusVerifiedDate":"January 2003",
          "OverallStatus":"Completed",
          "ExpandedAccessInfo":{
            "HasExpandedAccess":"No"
          },
          "StartDateStruct":{
            "StartDate":"February 2001"
          },
          "CompletionDateStruct":{
            "CompletionDate":"January 2003"
          },
          "StudyFirstSubmitDate":"March 3, 2001",
          "StudyFirstSubmitQCDate":"March 3, 2001",
          "StudyFirstPostDateStruct":{
            "StudyFirstPostDate":"March 5, 2001",
            "StudyFirstPostDateType":"Estimate"
          },
          "LastUpdateSubmitDate":"March 3, 2008",
          "LastUpdatePostDateStruct":{
            "LastUpdatePostDate":"March 4, 2008",
            "LastUpdatePostDateType":"Estimate"
          }
        },
        "SponsorCollaboratorsModule":{
          "LeadSponsor":{
            "LeadSponsorName":"National Institute of Arthritis and Musculoskeletal and Skin Diseases (NIAMS)",
            "LeadSponsorClass":"NIH"
          }
        },
        "OversightModule":{},
        "DescriptionModule":{
          "BriefSummary":"This study will examine the safety of a new genetically engineered antibody called hLL2 (epratuzumab) in patients with systemic lupus erythematosus (SLE). It will also evaluate whether hLL2 can lessen overall disease activity in SLE or kidney damage in patients with lupus nephritis.\n\nPatients 18 years of age and older with mild to moderately active SLE may be eligible for this study. Candidates will be screened with blood and urine tests, a chest X-ray, electrocardiogram (EKG), tuberculin skin test, and screening tests for certain cancers.\n\nAll participants will receive weekly infusions of hLL2 for 4 weeks. The drug is given through a catheter (small plastic tube) placed through a needle in an arm vein. Each infusion takes about 2 hours, after which the patient is observed in the clinic for 1 to 2 hours before being discharged from the clinic.\n\nThe first 3 patients in the study will receive the lowest of three different doses used in the study. If this dose is well tolerated, the next 5 patients will receive a higher dose. If the second dose is tolerated, the last 5 patients will be given the highest dose. If any serious problems are encountered at a dose, patients in the next group will receive either the same or lower dose before being advanced to the next level. Patients in the first group will continue taking prednisone at their regular dose. All other patients will have their prednisone tapered gradually, if their condition permits. Patients who have a disease flare may have their prednisone increased for up to 2 weeks, followed by a gradual taper. If the flare is severe or does not respond to the increased prednisone, the patient will be taken off the study and treated to control the disease.\n\nPatients will be evaluated at various intervals for up to 8 weeks after the last dose. Several of the screening tests will be repeated throughout the study. No more than 500 ml of blood-the equivalent of a single blood donation-will be collected during a 2-month period. Participants may also be asked to undergo the following optional procedures before starting treatment, 1 week after the last dose and 8 weeks after the last treatment dose:\n\nBone marrow aspiration - to collect cells from the bone marrow. The hip area is anesthetized and a special needle is used to draw bone marrow from the hipbone.\nTonsil biopsy - The area to be biopsied is numbed with a local anesthetic and small pieces of tissue will be removed with a special type of forceps. (The procedure may be done under general anesthetic.)\nMagnetic resonance imaging (MRI) of the abdomen - The patient lies on a table within a metal cylinder (the MRI scanner) for about 30 to 40 minutes while images are obtained with the use of a strong magnetic field and radio waves.",
          "DetailedDescription":"This is a pilot study to evaluate the safety and tolerance of hLL2 (epratuzumab), a humanized anti-CD22 monoclonal antibody, in patients with systemic lupus erythematosus (SLE).\n\nB-lymphocytes play a major role in initiating and maintaining the underlying immunopathological mechanisms of SLE. In addition to producing autoantibodies, they also serve as antigen presenting cells and are able to disrupt peripheral T lymphocyte tolerance. Furthermore, B lymphocyte depletion ameliorates disease activity in animal models of SLE. Therefore, targeted depletion of B-lymphocytes may be of therapeutic benefit in human SLE.\n\nhLL2 (epratuzumab) is a humanized monoclonal antibody that binds to CD22, a surface antigen expressed exclusively on B-lymphocytes. Clinical studies in patients with B cell lymphomas have shown that epratuzumab is safe and well tolerated across a wide range of doses. Although the exact mechanism is unknown, indirect evidence suggests that the antibody is depleting target B lymphocytes. Epratuzumab is made available by Immunomedics, Inc., and will be used under an investigator (NIH)-initiated IND.\n\nIn this open-label, Phase I study, up to 20 patients with moderately active SLE may be enrolled. Patients will be treated with weekly infusions of hLL2 in one of three different dosing groups [(240 mg/m(2), 360 mg/m(2), 480 mg/m(2)] for 4 weeks, and followed for 8 weeks after the last dose.\n\nThe primary objective is to determine the safety and tolerability of hLL2 in patients with SLE. In addition to safety data, clinical and laboratory data will also be collected for preliminary evaluation of the effectiveness of hLL2 in SLE and to assess the effect of hLL2 on B and T lymphocytes in the lymphoid organs and the peripheral blood. If the treatment is safe and there is preliminary evidence of efficacy, this regimen could be used in controlled trials in the future."
        },
        "ConditionsModule":{
          "ConditionList":{
            "Condition":[
              "Systemic Lupus Erythematosus"
            ]
          },
          "KeywordList":{
            "Keyword":[
              "Safety",
              "B-Lymphocyte Depletion",
              "Anti-CD22",
              "Response",
              "Efficacy",
              "Lupus",
              "Immunotherapy"
            ]
          }
        },
        "DesignModule":{
          "StudyType":"Interventional",
          "PhaseList":{
            "Phase":[
              "Phase 1"
            ]
          },
          "DesignInfo":{
            "DesignPrimaryPurpose":"Treatment"
          },
          "EnrollmentInfo":{
            "EnrollmentCount":"20"
          }
        },
        "ArmsInterventionsModule":{
          "InterventionList":{
            "Intervention":[
              {
                "InterventionType":"Drug",
                "InterventionName":"hLL2 (Epratuzumab)"
              }
            ]
          }
        },
        "EligibilityModule":{
          "EligibilityCriteria":"INCLUSION/EXCLUSION CRITERIA\n\nPatients must be at least 18 years of age at entry.\n\nPatients must give written informed consent prior to entry in the protocol.\n\nPatients must fulfill at least 4 criteria for SLE as defined by the American College of Rheumatology.\n\nPatients with active lupus not requiring immediate immunosuppressive therapy other than oral prednisone less than or equal to 0.3 mg/kg/day (or its equivalent) are eligible. Active lupus is defined by any of these three (a-c) sets of criteria:\n\na. Chronic proliferative glomerulonephritis with partial or no response to at least 6 months of adequate immunosuppressive therapy (with pulse methylprednisolone, cyclophosphamide, azathioprine, cyclosporine, mycophenolate mofetil or high dose daily corticosteriods), and\n\ni. less than 50% increase in creatinine compared from lowest level during treatment\n\nii. proteinuria less than or equal to 1.5 times the baseline before treatment\n\niii less than or equal to 2+ cellular casts in the urinary sediment (on a scale of 0-4),\n\nb. Newly diagnosed proliferative glomerulonephritis with\n\ni. a biopsy showing crescents and/or necrosis in less than 25% of the glomeruli and minimal or no interstitial fibrosis\n\nii. proteinuria less than or equal to 3.5 gm/day and albumin greater than or equal to 3.0 gm/dL\n\niii. creatinine less than or equal to 1.5 mg/dL,\n\nc. Patients with moderately active extra-renal lupus defined as a SLEDAI score between 3-10.\n\nPatients who have renal and extrarenal disease will be included in the study if they fulfill any of the above inclusion criteria. Their SLEDAI score will be determined based on the extrarenal features of their disease (non-renal SLEDAI).\n\nPatients must have serum dsDNA level greater than 2 times the upper limit of normal or IgG anticardiolipin antibody levels greater than or equal to 20 GPL.\n\nPatients must have stable doses of prednisone less than or equal to 0.3 mg/kg/day (or its equivalent) for at least 2 weeks before the first treatment.\n\nPregnant or lactating women are not eligible.\n\nWomen of childbearing potential and fertile men who are not practicing or who are unwilling to practice birth control during and for a period of three months after the completion of the study are excluded from the study.\n\nPatients who have had any therapy with human or murine antibodies or any experimental therapy within 3 months are not eligible.\n\nPatients who have had therapy with cyclophosphamide, pulse methylprednisolone or IVIg within 4 weeks or azathioprine, mycophenolate mofetil, cyclosporine or methotrexate within 2 weeks of first study treatment are not eligible.\n\nPatients who have an initiation or a change in the dose of an ACE-inhibitor within 2 weeks of first study treatment are not eligible.\n\nPatients must not have an allergy to murine or human antibodies.\n\nPatients with serum creatinine greater than 2.5 mg/dL are excluded.\n\nPatients with 24 hour proteinuria greater than 5.5 gm/day are excluded.\n\nPatients who have active severe CNS lupus (encephalopathy, cerebrovascular accident, transverse myelitis, severe depression, psychosis) are not eligible.\n\nPatient who have a history of thrombosis or recurrent 2nd trimester abortions (3 or more) and elevated levels of anti-cardiolipin antibodies or lupus anticoagulant unless the patient is on anticoagulation are not eligible.\n\nPatients who have a history of malignancy with the exception of basal cell carcinoma of the skin are not eligible.\n\nPatients who have a serious active infection are not eligible.\n\nPatients who have active hepatitis B, hepatitis C or HIV infection are not eligible.\n\nPatients who have a CD4+ lymphocyte count less than 200 are not eligible.\n\nPatients with WBC less than 2000 or ANC less than 1500 or Hgb less than 8.0 or platelets less than 50,000/microliters or transaminases greater than 2 times the upper limit of normal or alkaline phosphatase greater than 2 times the upper limit of normal are not eligible.\n\nPatients must not have a significant concurrent medical condition that, in the opinion of the principal investigator, could affect the patient's ability to tolerate or complete the study.",
          "HealthyVolunteers":"No",
          "Gender":"All",
          "StdAgeList":{
            "StdAge":[
              "Child",
              "Adult",
              "Older Adult"
            ]
          }
        },
        "ContactsLocationsModule":{
          "LocationList":{
            "Location":[
              {
                "LocationFacility":"National Institute of Arthritis and Musculoskeletal and Skin Diseases (NIAMS)",
                "LocationCity":"Bethesda",
                "LocationState":"Maryland",
                "LocationZip":"20892",
                "LocationCountry":"United States"
              }
            ]
          }
        },
        "ReferencesModule":{
          "ReferenceList":{
            "Reference":[
              {
                "ReferencePMID":"3334893",
                "ReferenceType":"background",
                "ReferenceCitation":"Velasquez WS, Cabanillas F, Salvador P, McLaughlin P, Fridrik M, Tucker S, Jagannath S, Hagemeister FB, Redman JR, Swan F, et al. Effective salvage therapy for lymphoma with cisplatin in combination with high-dose Ara-C and dexamethasone (DHAP). Blood. 1988 Jan;71(1):117-22."
              },{
                "ReferencePMID":"2438779",
                "ReferenceType":"background",
                "ReferenceCitation":"Klimo P, Connors JM. Updated clinical experience with MACOP-B. Semin Hematol. 1987 Apr;24(2 Suppl 1):26-34."
              },{
                "ReferencePMID":"1694233",
                "ReferenceType":"background",
                "ReferenceCitation":"Dana BW, Dahlberg S, Miller TP, Hartsock RJ, Balcerzak S, Coltman CA, Carden JO, Hartley K, Fisher RI. m-BACOD treatment for intermediate- and high-grade malignant lymphomas: a Southwest Oncology Group phase II trial. J Clin Oncol. 1990 Jul;8(7):1155-62."
              }
            ]
          }
        }
      },
      "DerivedSection":{
        "MiscInfoModule":{
          "VersionHolder":"April 19, 2021"
        },
        "ConditionBrowseModule":{
          "ConditionMeshList":{
            "ConditionMesh":[
              {
                "ConditionMeshId":"D000008180",
                "ConditionMeshTerm":"Lupus Erythematosus, Systemic"
              }
            ]
          },
          "ConditionAncestorList":{
            "ConditionAncestor":[
              {
                "ConditionAncestorId":"D000003240",
                "ConditionAncestorTerm":"Connective Tissue Diseases"
              },{
                "ConditionAncestorId":"D000001327",
                "ConditionAncestorTerm":"Autoimmune Diseases"
              },{
                "ConditionAncestorId":"D000007154",
                "ConditionAncestorTerm":"Immune System Diseases"
              }
            ]
          },
          "ConditionBrowseLeafList":{
            "ConditionBrowseLeaf":[
              {
                "ConditionBrowseLeafId":"M9760",
                "ConditionBrowseLeafName":"Lupus Erythematosus, Systemic",
                "ConditionBrowseLeafAsFound":"Systemic Lupus Erythematosus",
                "ConditionBrowseLeafRelevance":"high"
              },{
                "ConditionBrowseLeafId":"M5047",
                "ConditionBrowseLeafName":"Connective Tissue Diseases",
                "ConditionBrowseLeafRelevance":"low"
              },{
                "ConditionBrowseLeafId":"M3210",
                "ConditionBrowseLeafName":"Autoimmune Diseases",
                "ConditionBrowseLeafRelevance":"low"
              },{
                "ConditionBrowseLeafId":"M8783",
                "ConditionBrowseLeafName":"Immune System Diseases",
                "ConditionBrowseLeafRelevance":"low"
              }
            ]
          },
          "ConditionBrowseBranchList":{
            "ConditionBrowseBranch":[
              {
                "ConditionBrowseBranchAbbrev":"BC17",
                "ConditionBrowseBranchName":"Skin and Connective Tissue Diseases"
              },{
                "ConditionBrowseBranchAbbrev":"BC20",
                "ConditionBrowseBranchName":"Immune System Diseases"
              },{
                "ConditionBrowseBranchAbbrev":"All",
                "ConditionBrowseBranchName":"All Conditions"
              }
            ]
          }
        },
        "InterventionBrowseModule":{
          "InterventionMeshList":{
            "InterventionMesh":[
              {
                "InterventionMeshId":"C000448700",
                "InterventionMeshTerm":"Epratuzumab"
              }
            ]
          },
          "InterventionAncestorList":{
            "InterventionAncestor":[
              {
                "InterventionAncestorId":"D000074322",
                "InterventionAncestorTerm":"Antineoplastic Agents, Immunological"
              },{
                "InterventionAncestorId":"D000000970",
                "InterventionAncestorTerm":"Antineoplastic Agents"
              }
            ]
          },
          "InterventionBrowseLeafList":{
            "InterventionBrowseLeaf":[
              {
                "InterventionBrowseLeafId":"M263278",
                "InterventionBrowseLeafName":"Epratuzumab",
                "InterventionBrowseLeafAsFound":"Benign Prostatic Hyperplasia",
                "InterventionBrowseLeafRelevance":"high"
              },{
                "InterventionBrowseLeafId":"M1346",
                "InterventionBrowseLeafName":"Antineoplastic Agents, Immunological",
                "InterventionBrowseLeafRelevance":"low"
              }
            ]
          },
          "InterventionBrowseBranchList":{
            "InterventionBrowseBranch":[
              {
                "InterventionBrowseBranchAbbrev":"ANeo",
                "InterventionBrowseBranchName":"Antineoplastic Agents"
              },{
                "InterventionBrowseBranchAbbrev":"All",
                "InterventionBrowseBranchName":"All Drugs and Chemicals"
              }
            ]
          }
        }
      }
    }
  }
}

