{
  "FullStudy":{
    "Rank":368504,
    "Study":{
      "ProtocolSection":{
        "IdentificationModule":{
          "NCTId":"NCT00015561",
          "OrgStudyIdInfo":{
            "OrgStudyId":"8161-CP-001"
          },
          "Organization":{
            "OrgFullName":"National Institute of Environmental Health Sciences (NIEHS)",
            "OrgClass":"NIH"
          },
          "BriefTitle":"Pesticides--Health Fertility and Reproductive Risk"
        },
        "StatusModule":{
          "StatusVerifiedDate":"September 2006",
          "OverallStatus":"Completed",
          "ExpandedAccessInfo":{
            "HasExpandedAccess":"No"
          },
          "StartDateStruct":{
            "StartDate":"September 1996"
          },
          "CompletionDateStruct":{
            "CompletionDate":"August 2001"
          },
          "StudyFirstSubmitDate":"April 20, 2001",
          "StudyFirstSubmitQCDate":"April 21, 2001",
          "StudyFirstPostDateStruct":{
            "StudyFirstPostDate":"April 23, 2001",
            "StudyFirstPostDateType":"Estimate"
          },
          "LastUpdateSubmitDate":"September 1, 2006",
          "LastUpdatePostDateStruct":{
            "LastUpdatePostDate":"September 4, 2006",
            "LastUpdatePostDateType":"Estimate"
          }
        },
        "SponsorCollaboratorsModule":{
          "LeadSponsor":{
            "LeadSponsorName":"National Institute of Environmental Health Sciences (NIEHS)",
            "LeadSponsorClass":"NIH"
          }
        },
        "OversightModule":{},
        "DescriptionModule":{
          "BriefSummary":"This project is designed to establish whether pesticides or other environmental agents have a role in the excess birth defects identified in the Red River Valley of Minnesota. In this human study, laboratory based health parameters will be used to key in health survey data. In vitro data will be developed to mechanistic information. Concordant results among these study features will provide a weight of evidence approach."
        },
        "ConditionsModule":{
          "ConditionList":{
            "Condition":[
              "Birth Defects",
              "Miscarriages",
              "Cancer"
            ]
          },
          "KeywordList":{
            "Keyword":[
              "population studies",
              "laboratory evaluation",
              "hormone analysis",
              "semen analysis",
              "chromosome studies"
            ]
          }
        },
        "DesignModule":{
          "StudyType":"Observational",
          "DesignInfo":{
            "DesignObservationalModelList":{
              "DesignObservationalModel":[
                "Defined Population"
              ]
            },
            "DesignTimePerspectiveList":{
              "DesignTimePerspective":[
                "Other"
              ]
            }
          },
          "EnrollmentInfo":{
            "EnrollmentCount":"1803"
          }
        },
        "EligibilityModule":{
          "EligibilityCriteria":"Pesticide applicators and their spouses",
          "HealthyVolunteers":"Accepts Healthy Volunteers",
          "Gender":"All",
          "MinimumAge":"18 Years",
          "MaximumAge":"70 Years",
          "StdAgeList":{
            "StdAge":[
              "Adult",
              "Older Adult"
            ]
          }
        },
        "ContactsLocationsModule":{
          "OverallOfficialList":{
            "OverallOfficial":[
              {
                "OverallOfficialName":"Vincent F Garry, MD",
                "OverallOfficialAffiliation":"University of Minnesota",
                "OverallOfficialRole":"Principal Investigator"
              }
            ]
          },
          "LocationList":{
            "Location":[
              {
                "LocationFacility":"University of Minnesota Medical School",
                "LocationCity":"Minneapolis",
                "LocationState":"Minnesota",
                "LocationZip":"55414",
                "LocationCountry":"United States"
              }
            ]
          }
        },
        "ReferencesModule":{
          "ReferenceList":{
            "Reference":[
              {
                "ReferencePMID":"10945240",
                "ReferenceType":"background",
                "ReferenceCitation":"Lyubimov AV, Garry VF, Carlson RE, Barr DB, Baker SE. Simplified urinary immunoassay for 2,4-D: validation and exposure assessment. J Lab Clin Med. 2000 Aug;136(2):116-24."
              },{
                "ReferencePMID":"10933758",
                "ReferenceType":"background",
                "ReferenceCitation":"Lin N, Garry VF. In vitro studies of cellular and molecular developmental toxicity of adjuvants, herbicides, and fungicides commonly used in Red River Valley, Minnesota. J Toxicol Environ Health A. 2000 Jul 28;60(6):423-39."
              },{
                "ReferencePMID":"10931789",
                "ReferenceType":"background",
                "ReferenceCitation":"Kirkhorn SR, Garry VF. Agricultural lung diseases. Environ Health Perspect. 2000 Aug;108 Suppl 4:705-12. Review."
              },{
                "ReferencePMID":"10188198",
                "ReferenceType":"background",
                "ReferenceCitation":"Garry VF, Burroughs B, Tarone R, Kesner JS. Herbicides and adjuvants: an evolving view. Toxicol Ind Health. 1999 Jan-Mar;15(1-2):159-67."
              },{
                "ReferencePMID":"10064550",
                "ReferenceType":"background",
                "ReferenceCitation":"Schreinemachers DM, Creason JP, Garry VF. Cancer mortality in agricultural regions of Minnesota. Environ Health Perspect. 1999 Mar;107(3):205-11."
              }
            ]
          }
        }
      },
      "DerivedSection":{
        "MiscInfoModule":{
          "VersionHolder":"April 19, 2021"
        },
        "ConditionBrowseModule":{
          "ConditionMeshList":{
            "ConditionMesh":[
              {
                "ConditionMeshId":"D000000022",
                "ConditionMeshTerm":"Abortion, Spontaneous"
              },{
                "ConditionMeshId":"D000000013",
                "ConditionMeshTerm":"Congenital Abnormalities"
              }
            ]
          },
          "ConditionAncestorList":{
            "ConditionAncestor":[
              {
                "ConditionAncestorId":"D000011248",
                "ConditionAncestorTerm":"Pregnancy Complications"
              }
            ]
          },
          "ConditionBrowseLeafList":{
            "ConditionBrowseLeaf":[
              {
                "ConditionBrowseLeafId":"M12",
                "ConditionBrowseLeafName":"Congenital Abnormalities",
                "ConditionBrowseLeafAsFound":"Birth Defects",
                "ConditionBrowseLeafRelevance":"high"
              },{
                "ConditionBrowseLeafId":"M21",
                "ConditionBrowseLeafName":"Abortion, Spontaneous",
                "ConditionBrowseLeafAsFound":"Miscarriage",
                "ConditionBrowseLeafRelevance":"high"
              },{
                "ConditionBrowseLeafId":"M12710",
                "ConditionBrowseLeafName":"Pregnancy Complications",
                "ConditionBrowseLeafRelevance":"low"
              }
            ]
          },
          "ConditionBrowseBranchList":{
            "ConditionBrowseBranch":[
              {
                "ConditionBrowseBranchAbbrev":"BC16",
                "ConditionBrowseBranchName":"Diseases and Abnormalities at or Before Birth"
              },{
                "ConditionBrowseBranchAbbrev":"All",
                "ConditionBrowseBranchName":"All Conditions"
              },{
                "ConditionBrowseBranchAbbrev":"BXS",
                "ConditionBrowseBranchName":"Urinary Tract, Sexual Organs, and Pregnancy Conditions"
              }
            ]
          }
        },
        "InterventionBrowseModule":{
          "InterventionBrowseLeafList":{
            "InterventionBrowseLeaf":[
              {
                "InterventionBrowseLeafId":"M8372",
                "InterventionBrowseLeafName":"Hormones",
                "InterventionBrowseLeafRelevance":"low"
              }
            ]
          },
          "InterventionBrowseBranchList":{
            "InterventionBrowseBranch":[
              {
                "InterventionBrowseBranchAbbrev":"All",
                "InterventionBrowseBranchName":"All Drugs and Chemicals"
              }
            ]
          }
        }
      }
    }
  }
}

