{
  "FullStudy":{
    "Rank":368308,
    "Study":{
      "ProtocolSection":{
        "IdentificationModule":{
          "NCTId":"NCT00018356",
          "OrgStudyIdInfo":{
            "OrgStudyId":"AGCG-007-98S"
          },
          "Organization":{
            "OrgFullName":"VA Office of Research and Development",
            "OrgClass":"FED"
          },
          "BriefTitle":"Physiologic Effects of PRMS & Testosterone in the Debilitated Elderly",
          "OfficialTitle":"Physiologic Effects of PRMS & Testosterone in the Debilitated Elderly"
        },
        "StatusModule":{
          "StatusVerifiedDate":"June 2011",
          "OverallStatus":"Completed",
          "ExpandedAccessInfo":{
            "HasExpandedAccess":"No"
          },
          "StartDateStruct":{
            "StartDate":"January 1999"
          },
          "PrimaryCompletionDateStruct":{
            "PrimaryCompletionDate":"July 2006",
            "PrimaryCompletionDateType":"Actual"
          },
          "CompletionDateStruct":{
            "CompletionDate":"August 2006",
            "CompletionDateType":"Actual"
          },
          "StudyFirstSubmitDate":"July 3, 2001",
          "StudyFirstSubmitQCDate":"July 4, 2001",
          "StudyFirstPostDateStruct":{
            "StudyFirstPostDate":"July 5, 2001",
            "StudyFirstPostDateType":"Estimate"
          },
          "LastUpdateSubmitDate":"June 22, 2011",
          "LastUpdatePostDateStruct":{
            "LastUpdatePostDate":"June 23, 2011",
            "LastUpdatePostDateType":"Estimate"
          }
        },
        "SponsorCollaboratorsModule":{
          "ResponsibleParty":{
            "ResponsiblePartyOldNameTitle":"Sullivan, Dennis - Principal Investigator",
            "ResponsiblePartyOldOrganization":"Department of Veterans Affairs"
          },
          "LeadSponsor":{
            "LeadSponsorName":"US Department of Veterans Affairs",
            "LeadSponsorClass":"FED"
          }
        },
        "OversightModule":{},
        "DescriptionModule":{
          "BriefSummary":"This study's primary objective is to determine the independent and combined effects of progressive resistance muscle strength training and testosterone on the development of sustainable improvements in physical function."
        },
        "ConditionsModule":{
          "ConditionList":{
            "Condition":[
              "Muscle Weakness",
              "Muscular Atrophy"
            ]
          },
          "KeywordList":{
            "Keyword":[
              "Aging",
              "nutrition",
              "rehabilitation"
            ]
          }
        },
        "DesignModule":{
          "StudyType":"Interventional",
          "PhaseList":{
            "Phase":[
              "Phase 4"
            ]
          },
          "EnrollmentInfo":{
            "EnrollmentCount":"88",
            "EnrollmentType":"Anticipated"
          }
        },
        "ArmsInterventionsModule":{
          "ArmGroupList":{
            "ArmGroup":[
              {
                "ArmGroupLabel":"1",
                "ArmGroupType":"Other",
                "ArmGroupInterventionList":{
                  "ArmGroupInterventionName":[
                    "Procedure: exercise",
                    "Drug: testosterone"
                  ]
                }
              }
            ]
          },
          "InterventionList":{
            "Intervention":[
              {
                "InterventionType":"Procedure",
                "InterventionName":"exercise",
                "InterventionArmGroupLabelList":{
                  "InterventionArmGroupLabel":[
                    "1"
                  ]
                }
              },{
                "InterventionType":"Drug",
                "InterventionName":"testosterone",
                "InterventionArmGroupLabelList":{
                  "InterventionArmGroupLabel":[
                    "1"
                  ]
                }
              }
            ]
          }
        },
        "EligibilityModule":{
          "EligibilityCriteria":"Inclusion Criteria:\n\nThe study will be limited to those patients who are metabolically stable and free of metastatic cancer and limiting end organ disease. Their total serum testosterone must be less than 480 and PSA less than 10.\n\nExclusion Criteria:",
          "HealthyVolunteers":"No",
          "Gender":"Male",
          "MinimumAge":"65 Years",
          "StdAgeList":{
            "StdAge":[
              "Older Adult"
            ]
          }
        },
        "ContactsLocationsModule":{
          "OverallOfficialList":{
            "OverallOfficial":[
              {
                "OverallOfficialName":"Dennis Sullivan, MD",
                "OverallOfficialAffiliation":"Central Arkansas VHS Eugene J. Towbin Healthcare Ctr, Little Rock",
                "OverallOfficialRole":"Principal Investigator"
              }
            ]
          },
          "LocationList":{
            "Location":[
              {
                "LocationFacility":"Central Arkansas VHS Eugene J. Towbin Healthcare Ctr, Little Rock",
                "LocationCity":"No. Little Rock",
                "LocationState":"Arkansas",
                "LocationZip":"72114-1706",
                "LocationCountry":"United States"
              }
            ]
          }
        },
        "ReferencesModule":{
          "ReferenceList":{
            "Reference":[
              {
                "ReferencePMID":"16260965",
                "ReferenceType":"result",
                "ReferenceCitation":"Sullivan DH, Roberson PK, Johnson LE, Bishara O, Evans WJ, Smith ES, Price JA. Effects of muscle strength training and testosterone in frail elderly males. Med Sci Sports Exerc. 2005 Oct;37(10):1664-72."
              }
            ]
          }
        }
      },
      "DerivedSection":{
        "MiscInfoModule":{
          "VersionHolder":"April 19, 2021"
        },
        "ConditionBrowseModule":{
          "ConditionMeshList":{
            "ConditionMesh":[
              {
                "ConditionMeshId":"D000018908",
                "ConditionMeshTerm":"Muscle Weakness"
              },{
                "ConditionMeshId":"D000009133",
                "ConditionMeshTerm":"Muscular Atrophy"
              },{
                "ConditionMeshId":"D000001284",
                "ConditionMeshTerm":"Atrophy"
              }
            ]
          },
          "ConditionAncestorList":{
            "ConditionAncestor":[
              {
                "ConditionAncestorId":"D000020763",
                "ConditionAncestorTerm":"Pathological Conditions, Anatomical"
              },{
                "ConditionAncestorId":"D000020879",
                "ConditionAncestorTerm":"Neuromuscular Manifestations"
              },{
                "ConditionAncestorId":"D000009461",
                "ConditionAncestorTerm":"Neurologic Manifestations"
              },{
                "ConditionAncestorId":"D000009422",
                "ConditionAncestorTerm":"Nervous System Diseases"
              },{
                "ConditionAncestorId":"D000009135",
                "ConditionAncestorTerm":"Muscular Diseases"
              },{
                "ConditionAncestorId":"D000009140",
                "ConditionAncestorTerm":"Musculoskeletal Diseases"
              },{
                "ConditionAncestorId":"D000010335",
                "ConditionAncestorTerm":"Pathologic Processes"
              }
            ]
          },
          "ConditionBrowseLeafList":{
            "ConditionBrowseLeaf":[
              {
                "ConditionBrowseLeafId":"M10673",
                "ConditionBrowseLeafName":"Muscular Atrophy",
                "ConditionBrowseLeafAsFound":"Muscular Atrophy",
                "ConditionBrowseLeafRelevance":"high"
              },{
                "ConditionBrowseLeafId":"M3170",
                "ConditionBrowseLeafName":"Atrophy",
                "ConditionBrowseLeafAsFound":"Atrophy",
                "ConditionBrowseLeafRelevance":"high"
              },{
                "ConditionBrowseLeafId":"M11787",
                "ConditionBrowseLeafName":"Paresis",
                "ConditionBrowseLeafRelevance":"low"
              },{
                "ConditionBrowseLeafId":"M19528",
                "ConditionBrowseLeafName":"Muscle Weakness",
                "ConditionBrowseLeafAsFound":"Muscle Weakness",
                "ConditionBrowseLeafRelevance":"high"
              },{
                "ConditionBrowseLeafId":"M21103",
                "ConditionBrowseLeafName":"Pathological Conditions, Anatomical",
                "ConditionBrowseLeafRelevance":"low"
              },{
                "ConditionBrowseLeafId":"M21203",
                "ConditionBrowseLeafName":"Neuromuscular Manifestations",
                "ConditionBrowseLeafRelevance":"low"
              },{
                "ConditionBrowseLeafId":"M10987",
                "ConditionBrowseLeafName":"Neurologic Manifestations",
                "ConditionBrowseLeafRelevance":"low"
              },{
                "ConditionBrowseLeafId":"M10675",
                "ConditionBrowseLeafName":"Muscular Diseases",
                "ConditionBrowseLeafRelevance":"low"
              },{
                "ConditionBrowseLeafId":"M10680",
                "ConditionBrowseLeafName":"Musculoskeletal Diseases",
                "ConditionBrowseLeafRelevance":"low"
              }
            ]
          },
          "ConditionBrowseBranchList":{
            "ConditionBrowseBranch":[
              {
                "ConditionBrowseBranchAbbrev":"BC10",
                "ConditionBrowseBranchName":"Nervous System Diseases"
              },{
                "ConditionBrowseBranchAbbrev":"BC23",
                "ConditionBrowseBranchName":"Symptoms and General Pathology"
              },{
                "ConditionBrowseBranchAbbrev":"All",
                "ConditionBrowseBranchName":"All Conditions"
              },{
                "ConditionBrowseBranchAbbrev":"BC05",
                "ConditionBrowseBranchName":"Muscle, Bone, and Cartilage Diseases"
              }
            ]
          }
        },
        "InterventionBrowseModule":{
          "InterventionMeshList":{
            "InterventionMesh":[
              {
                "InterventionMeshId":"D000013739",
                "InterventionMeshTerm":"Testosterone"
              }
            ]
          },
          "InterventionAncestorList":{
            "InterventionAncestor":[
              {
                "InterventionAncestorId":"D000000728",
                "InterventionAncestorTerm":"Androgens"
              },{
                "InterventionAncestorId":"D000006728",
                "InterventionAncestorTerm":"Hormones"
              },{
                "InterventionAncestorId":"D000006730",
                "InterventionAncestorTerm":"Hormones, Hormone Substitutes, and Hormone Antagonists"
              },{
                "InterventionAncestorId":"D000045505",
                "InterventionAncestorTerm":"Physiological Effects of Drugs"
              }
            ]
          },
          "InterventionBrowseLeafList":{
            "InterventionBrowseLeaf":[
              {
                "InterventionBrowseLeafId":"M15092",
                "InterventionBrowseLeafName":"Testosterone",
                "InterventionBrowseLeafAsFound":"Cream",
                "InterventionBrowseLeafRelevance":"high"
              },{
                "InterventionBrowseLeafId":"M2640",
                "InterventionBrowseLeafName":"Androgens",
                "InterventionBrowseLeafRelevance":"low"
              },{
                "InterventionBrowseLeafId":"M8372",
                "InterventionBrowseLeafName":"Hormones",
                "InterventionBrowseLeafRelevance":"low"
              },{
                "InterventionBrowseLeafId":"M8371",
                "InterventionBrowseLeafName":"Hormone Antagonists",
                "InterventionBrowseLeafRelevance":"low"
              }
            ]
          },
          "InterventionBrowseBranchList":{
            "InterventionBrowseBranch":[
              {
                "InterventionBrowseBranchAbbrev":"All",
                "InterventionBrowseBranchName":"All Drugs and Chemicals"
              }
            ]
          }
        }
      }
    }
  }
}

