{
  "FullStudy":{
    "Rank":368493,
    "Study":{
      "ProtocolSection":{
        "IdentificationModule":{
          "NCTId":"NCT00015704",
          "OrgStudyIdInfo":{
            "OrgStudyId":"A5102"
          },
          "SecondaryIdInfoList":{
            "SecondaryIdInfo":[
              {
                "SecondaryId":"10179",
                "SecondaryIdType":"Registry Identifier",
                "SecondaryIdDomain":"DAIDS ES Registry Number"
              }
            ]
          },
          "Organization":{
            "OrgFullName":"National Institute of Allergy and Infectious Diseases (NIAID)",
            "OrgClass":"NIH"
          },
          "BriefTitle":"Effect of Interleukin-2 on HIV Treatment Interruption",
          "OfficialTitle":"An Open-Label, Pilot Study Utilizing CD4 T-Cell Counts Lower Than 350 Cells/mm3 as the Threshold for Restarting Therapy With Potent Antiretroviral Therapy With or Without Interleukin-2 to Determine the Effect of Pulse Therapy on the Characteristics of Treatment Interruptions"
        },
        "StatusModule":{
          "StatusVerifiedDate":"May 2012",
          "OverallStatus":"Completed",
          "CompletionDateStruct":{
            "CompletionDate":"November 2004",
            "CompletionDateType":"Actual"
          },
          "StudyFirstSubmitDate":"May 1, 2001",
          "StudyFirstSubmitQCDate":"August 30, 2001",
          "StudyFirstPostDateStruct":{
            "StudyFirstPostDate":"August 31, 2001",
            "StudyFirstPostDateType":"Estimate"
          },
          "LastUpdateSubmitDate":"May 21, 2012",
          "LastUpdatePostDateStruct":{
            "LastUpdatePostDate":"May 22, 2012",
            "LastUpdatePostDateType":"Estimate"
          }
        },
        "SponsorCollaboratorsModule":{
          "ResponsibleParty":{
            "ResponsiblePartyType":"Sponsor"
          },
          "LeadSponsor":{
            "LeadSponsorName":"National Institute of Allergy and Infectious Diseases (NIAID)",
            "LeadSponsorClass":"NIH"
          }
        },
        "OversightModule":{},
        "DescriptionModule":{
          "BriefSummary":"Interleukin-2 (IL-2) helps the body make infection-fighting white blood cells, including CD4 and CD8 T cells. One HIV treatment strategy is planned treatment interruption (stopping anti-HIV drugs when CD4 count and level of virus in the blood are at certain levels). The purpose of this study is to see if IL-2 used with potent anti-HIV drugs allows for longer HIV treatment interruptions.",
          "DetailedDescription":"One approach in reconstituting an HIV-diminished immune system is the use of potent antiretroviral therapy (ART) in conjunction with IL-2. IL-2 is a cytokine secreted by activated T cells that regulates the proliferation and differentiation of CD4 and CD8 T cells. Although treatment with IL-2 can cause temporary increases in HIV viral load, clinical studies with IL-2 have revealed no long-term adverse effects on viral load. IL-2 therapy may also help purge the host's latent viral reservoir through activation of resting lymphocytes harboring provirus. Another approach to managing HIV infection is strategic treatment interruption. Results from small pilot trials suggest that HIV replication can be highly suppressed over consecutive courses of ART following short treatment interruptions, and CD4 T cell counts can be maintained on these interruptions with some positive effect on HIV-specific immunity. This study will evaluate potent ART, started and interrupted based on CD4 cell counts, with or without IL-2.\n\nPatients will be stratified based on lifetime CD4 T-cell nadir (lowest measurement) into one of three groups. Group 1 will have a nadir of 200 CD4 cells/mm3; Group 2 will have a nadir greater than 200 CD4 cells/mm3; and patients with no documented nadir count available will join Group 3. Within each group, patients will be randomly assigned to one of two study arms. Arm A patients will receive pulses of potent ART with IL-2, while Arm B patients will receive pulses of potent ART alone. Patients in Arm A will receive potent ART with IL-2 given by subcutaneous injection twice daily for 5 days every 8 weeks for at least 17 weeks. Arm B patients will receive potent ART alone for at least 17 weeks. Both groups then go on treatment interruption for approximately 64 weeks, followed by potent ART alone for an additional 24 weeks. Patients will repeat this cycle of potent ART with or without IL-2, treatment interruption, and potent ART alone throughout the study. This study will last approximately 4 years.\n\nClinical and laboratory assessments will be performed periodically throughout the study. CD4 T cell counts and viral load will determine if a patient can enter the next treatment step. Potent ART is not provided by this study.\n\nA5109s is a limited-center substudy designed to determine whether viral replication impairs lymphocyte proliferation in vivo. Patients at substudy-participating sites will register to the substudy immediately after beginning their first treatment interruption in the main study."
        },
        "ConditionsModule":{
          "ConditionList":{
            "Condition":[
              "HIV Infections"
            ]
          },
          "KeywordList":{
            "Keyword":[
              "Treatment Experienced",
              "Treatment Interruption",
              "Drug Administration Schedule",
              "CD4 Lymphocyte Count",
              "Anti-HIV Agents",
              "Tetanus Toxoid",
              "Aldesleukin",
              "Diphtheria Toxoid"
            ]
          }
        },
        "DesignModule":{
          "StudyType":"Interventional",
          "PhaseList":{
            "Phase":[
              "Not Applicable"
            ]
          },
          "DesignInfo":{
            "DesignAllocation":"Randomized",
            "DesignInterventionModel":"Parallel Assignment",
            "DesignPrimaryPurpose":"Treatment",
            "DesignMaskingInfo":{
              "DesignMasking":"None (Open Label)"
            }
          },
          "EnrollmentInfo":{
            "EnrollmentCount":"80"
          }
        },
        "ArmsInterventionsModule":{
          "InterventionList":{
            "Intervention":[
              {
                "InterventionType":"Drug",
                "InterventionName":"Aldesleukin"
              }
            ]
          }
        },
        "EligibilityModule":{
          "EligibilityCriteria":"Inclusion Criteria:\n\nHIV infected\nOn stable, potent ART regimen for at least 3 months prior to study entry\nViral load of less than 400 copies/ml for at least 6 months prior to study entry\nViral load of less than 200 copies/ml at screening\nCD4 count of 500 cells/mm3 or greater at screening\nAgree to use acceptable methods of contraception\nAgree to be followed on this study for at least 4 years\nPrimary care provider willing to have the patient in the study and to comply with study guidelines\n\nExclusion Criteria:\n\nActive or past significant AIDS-related illness. Patients with a history of minimal (less than 10 lesions) cutaneous Kaposi's sarcoma, pulmonary tuberculosis, or bacterial pneumonia are not excluded.\nImmunomodulators within 1 month of study entry\nHydroxyurea within 3 months of study entry\nPrior IL-2 treatment\nDrugs to treat heart disease within 30 days of study entry\nSerious heart problems\nCancer requiring anti-cancer drugs\nThyroid problems. If the condition has been controlled by drugs for at least 3 months prior to study entry, the patient is not excluded.\nUncontrolled diabetes\nBreathing or stomach problems that, in the opinion of the investigator, may affect the safety of the patient\nHistory of autoimmune disease, including inflammatory bowel disease, psoriasis, and optic neuritis\nOrgan transplant\nHistory of neurological disorder or mental illness that, in the opinion of the investigator, may interfere with study requirements\nAlcohol or drug abuse that, in the opinion of the investigator, may interfere with study requirements\nAstemizole, midazolam, or triazolam within 2 weeks of study entry\nSystemic corticosteroids for 4 weeks or more within 3 months of study entry\nPregnancy or breastfeeding",
          "HealthyVolunteers":"No",
          "Gender":"All",
          "MinimumAge":"18 Years",
          "StdAgeList":{
            "StdAge":[
              "Adult",
              "Older Adult"
            ]
          }
        },
        "ContactsLocationsModule":{
          "OverallOfficialList":{
            "OverallOfficial":[
              {
                "OverallOfficialName":"W. Keith Henry, MD",
                "OverallOfficialAffiliation":"HIV Program, Hennepin County Medical Center, University of Minnesota",
                "OverallOfficialRole":"Study Chair"
              }
            ]
          },
          "LocationList":{
            "Location":[
              {
                "LocationFacility":"UCLA CARE Center CRS",
                "LocationCity":"Los Angeles",
                "LocationState":"California",
                "LocationCountry":"United States"
              },{
                "LocationFacility":"Stanford CRS",
                "LocationCity":"Palo Alto",
                "LocationState":"California",
                "LocationZip":"943055107",
                "LocationCountry":"United States"
              },{
                "LocationFacility":"Santa Clara Valley Med. Ctr.",
                "LocationCity":"San Jose",
                "LocationState":"California",
                "LocationCountry":"United States"
              },{
                "LocationFacility":"San Mateo County AIDS Program",
                "LocationCity":"San Mateo",
                "LocationState":"California",
                "LocationZip":"943055107",
                "LocationCountry":"United States"
              },{
                "LocationFacility":"Rush Univ. Med. Ctr. ACTG CRS",
                "LocationCity":"Chicago",
                "LocationState":"Illinois",
                "LocationZip":"60612",
                "LocationCountry":"United States"
              },{
                "LocationFacility":"University of Minnesota, ACTU",
                "LocationCity":"Minneapolis",
                "LocationState":"Minnesota",
                "LocationZip":"55455",
                "LocationCountry":"United States"
              },{
                "LocationFacility":"Washington U CRS",
                "LocationCity":"Saint Louis",
                "LocationState":"Missouri",
                "LocationZip":"63108",
                "LocationCountry":"United States"
              },{
                "LocationFacility":"St. Louis ConnectCare, Infectious Diseases Clinic",
                "LocationCity":"St. Louis",
                "LocationState":"Missouri",
                "LocationCountry":"United States"
              },{
                "LocationFacility":"Univ. of Nebraska Med. Ctr., Durham Outpatient Ctr.",
                "LocationCity":"Omaha",
                "LocationState":"Nebraska",
                "LocationZip":"681985130",
                "LocationCountry":"United States"
              },{
                "LocationFacility":"Beth Israel Med. Ctr., ACTU",
                "LocationCity":"New York",
                "LocationState":"New York",
                "LocationZip":"10003",
                "LocationCountry":"United States"
              },{
                "LocationFacility":"Cornell CRS",
                "LocationCity":"New York",
                "LocationState":"New York",
                "LocationZip":"10021",
                "LocationCountry":"United States"
              },{
                "LocationFacility":"Weill Med. College of Cornell Univ., The Cornell CTU",
                "LocationCity":"New York",
                "LocationState":"New York",
                "LocationCountry":"United States"
              },{
                "LocationFacility":"Unc Aids Crs",
                "LocationCity":"Chapel Hill",
                "LocationState":"North Carolina",
                "LocationCountry":"United States"
              },{
                "LocationFacility":"Duke Univ. Med. Ctr. Adult CRS",
                "LocationCity":"Durham",
                "LocationState":"North Carolina",
                "LocationZip":"27710",
                "LocationCountry":"United States"
              },{
                "LocationFacility":"Case CRS",
                "LocationCity":"Cleveland",
                "LocationState":"Ohio",
                "LocationZip":"44106",
                "LocationCountry":"United States"
              },{
                "LocationFacility":"MetroHealth CRS",
                "LocationCity":"Cleveland",
                "LocationState":"Ohio",
                "LocationZip":"441091998",
                "LocationCountry":"United States"
              },{
                "LocationFacility":"Pitt CRS",
                "LocationCity":"Pittsburgh",
                "LocationState":"Pennsylvania",
                "LocationZip":"15213",
                "LocationCountry":"United States"
              }
            ]
          }
        },
        "ReferencesModule":{
          "ReferenceList":{
            "Reference":[
              {
                "ReferencePMID":"14682072",
                "ReferenceType":"background",
                "ReferenceCitation":"Conrad A. Interleukin-2--where are we going? J Assoc Nurses AIDS Care. 2003 Nov-Dec;14(6):83-8. Review."
              },{
                "ReferencePMID":"10889591",
                "ReferenceType":"background",
                "ReferenceCitation":"Davey RT Jr, Murphy RL, Graziano FM, Boswell SL, Pavia AT, Cancio M, Nadler JP, Chaitt DG, Dewar RL, Sahner DK, Duliege AM, Capra WB, Leong WP, Giedlin MA, Lane HC, Kahn JO. Immunologic and virologic effects of subcutaneous interleukin 2 in combination with antiretroviral therapy: A randomized controlled trial. JAMA. 2000 Jul 12;284(2):183-9."
              },{
                "ReferencePMID":"12598786",
                "ReferenceType":"background",
                "ReferenceCitation":"Sullivan AK, Hardy GA, Nelson MR, Gotch F, Gazzard BG, Imami N. Interleukin-2-associated viral breakthroughs induce HIV-1-specific CD4 T cell responses in patients on fully suppressive highly active antiretroviral therapy. AIDS. 2003 Mar 7;17(4):628-9."
              },{
                "ReferencePMID":"14682071",
                "ReferenceType":"background",
                "ReferenceCitation":"Verheggen R. Immune restoration in patients with HIV infection: HAART and beyond. J Assoc Nurses AIDS Care. 2003 Nov-Dec;14(6):76-82. Review."
              },{
                "ReferencePMID":"11860676",
                "ReferenceType":"background",
                "ReferenceCitation":"Xu J, Whitman L, Lori F, Lisziewicz J. Methods of using interleukin 2 to enhance HIV-specific immune responses. AIDS Res Hum Retroviruses. 2002 Mar 1;18(4):289-93."
              },{
                "ReferencePMID":"16760795",
                "ReferenceType":"result",
                "ReferenceCitation":"Henry K, Katzenstein D, Cherng DW, Valdez H, Powderly W, Vargas MB, Jahed NC, Jacobson JM, Myers LS, Schmitz JL, Winters M, Tebas P; A5102 Study Team of the AIDS Clinical Trials Group. A pilot study evaluating time to CD4 T-cell count <350 cells/mm(3) after treatment interruption following antiretroviral therapy +/- interleukin 2: results of ACTG A5102. J Acquir Immune Defic Syndr. 2006 Jun;42(2):140-8."
              },{
                "ReferencePMID":"18431498",
                "ReferenceType":"derived",
                "ReferenceCitation":"Tebas P, Henry WK, Matining R, Weng-Cherng D, Schmitz J, Valdez H, Jahed N, Myers L, Powderly WG, Katzenstein D. Metabolic and immune activation effects of treatment interruption in chronic HIV-1 infection: implications for cardiovascular risk. PLoS One. 2008 Apr 23;3(4):e2021. doi: 10.1371/journal.pone.0002021."
              }
            ]
          },
          "SeeAlsoLinkList":{
            "SeeAlsoLink":[
              {
                "SeeAlsoLinkLabel":"Haga clic aquí para ver información sobre este ensayo clínico en español.",
                "SeeAlsoLinkURL":"http://aidsinfo.nih.gov/clinicaltrials/htmltrials_sp.asp?an=1380"
              }
            ]
          }
        }
      },
      "DerivedSection":{
        "MiscInfoModule":{
          "VersionHolder":"April 19, 2021"
        },
        "ConditionBrowseModule":{
          "ConditionMeshList":{
            "ConditionMesh":[
              {
                "ConditionMeshId":"D000015658",
                "ConditionMeshTerm":"HIV Infections"
              }
            ]
          },
          "ConditionAncestorList":{
            "ConditionAncestor":[
              {
                "ConditionAncestorId":"D000016180",
                "ConditionAncestorTerm":"Lentivirus Infections"
              },{
                "ConditionAncestorId":"D000012192",
                "ConditionAncestorTerm":"Retroviridae Infections"
              },{
                "ConditionAncestorId":"D000012327",
                "ConditionAncestorTerm":"RNA Virus Infections"
              },{
                "ConditionAncestorId":"D000014777",
                "ConditionAncestorTerm":"Virus Diseases"
              },{
                "ConditionAncestorId":"D000015229",
                "ConditionAncestorTerm":"Sexually Transmitted Diseases, Viral"
              },{
                "ConditionAncestorId":"D000012749",
                "ConditionAncestorTerm":"Sexually Transmitted Diseases"
              },{
                "ConditionAncestorId":"D000007153",
                "ConditionAncestorTerm":"Immunologic Deficiency Syndromes"
              },{
                "ConditionAncestorId":"D000007154",
                "ConditionAncestorTerm":"Immune System Diseases"
              }
            ]
          },
          "ConditionBrowseLeafList":{
            "ConditionBrowseLeaf":[
              {
                "ConditionBrowseLeafId":"M8866",
                "ConditionBrowseLeafName":"Infection",
                "ConditionBrowseLeafRelevance":"low"
              },{
                "ConditionBrowseLeafId":"M4951",
                "ConditionBrowseLeafName":"Communicable Diseases",
                "ConditionBrowseLeafRelevance":"low"
              },{
                "ConditionBrowseLeafId":"M16833",
                "ConditionBrowseLeafName":"HIV Infections",
                "ConditionBrowseLeafAsFound":"HIV Infections",
                "ConditionBrowseLeafRelevance":"high"
              },{
                "ConditionBrowseLeafId":"M2103",
                "ConditionBrowseLeafName":"Acquired Immunodeficiency Syndrome",
                "ConditionBrowseLeafRelevance":"low"
              },{
                "ConditionBrowseLeafId":"M15094",
                "ConditionBrowseLeafName":"Tetanus",
                "ConditionBrowseLeafRelevance":"low"
              },{
                "ConditionBrowseLeafId":"M5930",
                "ConditionBrowseLeafName":"Diphtheria",
                "ConditionBrowseLeafRelevance":"low"
              },{
                "ConditionBrowseLeafId":"M15098",
                "ConditionBrowseLeafName":"Tetany",
                "ConditionBrowseLeafRelevance":"low"
              },{
                "ConditionBrowseLeafId":"M17223",
                "ConditionBrowseLeafName":"Lentivirus Infections",
                "ConditionBrowseLeafRelevance":"low"
              },{
                "ConditionBrowseLeafId":"M13609",
                "ConditionBrowseLeafName":"Retroviridae Infections",
                "ConditionBrowseLeafRelevance":"low"
              },{
                "ConditionBrowseLeafId":"M16105",
                "ConditionBrowseLeafName":"Virus Diseases",
                "ConditionBrowseLeafRelevance":"low"
              },{
                "ConditionBrowseLeafId":"M13732",
                "ConditionBrowseLeafName":"RNA Virus Infections",
                "ConditionBrowseLeafRelevance":"low"
              },{
                "ConditionBrowseLeafId":"M14141",
                "ConditionBrowseLeafName":"Sexually Transmitted Diseases",
                "ConditionBrowseLeafRelevance":"low"
              },{
                "ConditionBrowseLeafId":"M16516",
                "ConditionBrowseLeafName":"Sexually Transmitted Diseases, Viral",
                "ConditionBrowseLeafRelevance":"low"
              },{
                "ConditionBrowseLeafId":"M14938",
                "ConditionBrowseLeafName":"Syndrome",
                "ConditionBrowseLeafRelevance":"low"
              },{
                "ConditionBrowseLeafId":"M8782",
                "ConditionBrowseLeafName":"Immunologic Deficiency Syndromes",
                "ConditionBrowseLeafRelevance":"low"
              },{
                "ConditionBrowseLeafId":"M8783",
                "ConditionBrowseLeafName":"Immune System Diseases",
                "ConditionBrowseLeafRelevance":"low"
              },{
                "ConditionBrowseLeafId":"T5607",
                "ConditionBrowseLeafName":"Tetanus",
                "ConditionBrowseLeafRelevance":"low"
              },{
                "ConditionBrowseLeafId":"T1885",
                "ConditionBrowseLeafName":"Diphtheria",
                "ConditionBrowseLeafRelevance":"low"
              }
            ]
          },
          "ConditionBrowseBranchList":{
            "ConditionBrowseBranch":[
              {
                "ConditionBrowseBranchAbbrev":"BC01",
                "ConditionBrowseBranchName":"Bacterial and Fungal Diseases"
              },{
                "ConditionBrowseBranchAbbrev":"All",
                "ConditionBrowseBranchName":"All Conditions"
              },{
                "ConditionBrowseBranchAbbrev":"BC02",
                "ConditionBrowseBranchName":"Viral Diseases"
              },{
                "ConditionBrowseBranchAbbrev":"BC20",
                "ConditionBrowseBranchName":"Immune System Diseases"
              },{
                "ConditionBrowseBranchAbbrev":"BC10",
                "ConditionBrowseBranchName":"Nervous System Diseases"
              },{
                "ConditionBrowseBranchAbbrev":"BC18",
                "ConditionBrowseBranchName":"Nutritional and Metabolic Diseases"
              },{
                "ConditionBrowseBranchAbbrev":"BC23",
                "ConditionBrowseBranchName":"Symptoms and General Pathology"
              },{
                "ConditionBrowseBranchAbbrev":"BXS",
                "ConditionBrowseBranchName":"Urinary Tract, Sexual Organs, and Pregnancy Conditions"
              },{
                "ConditionBrowseBranchAbbrev":"Rare",
                "ConditionBrowseBranchName":"Rare Diseases"
              }
            ]
          }
        },
        "InterventionBrowseModule":{
          "InterventionMeshList":{
            "InterventionMesh":[
              {
                "InterventionMeshId":"C000082598",
                "InterventionMeshTerm":"Aldesleukin"
              }
            ]
          },
          "InterventionAncestorList":{
            "InterventionAncestor":[
              {
                "InterventionAncestorId":"D000000970",
                "InterventionAncestorTerm":"Antineoplastic Agents"
              },{
                "InterventionAncestorId":"D000019380",
                "InterventionAncestorTerm":"Anti-HIV Agents"
              },{
                "InterventionAncestorId":"D000044966",
                "InterventionAncestorTerm":"Anti-Retroviral Agents"
              },{
                "InterventionAncestorId":"D000000998",
                "InterventionAncestorTerm":"Antiviral Agents"
              },{
                "InterventionAncestorId":"D000000890",
                "InterventionAncestorTerm":"Anti-Infective Agents"
              }
            ]
          },
          "InterventionBrowseLeafList":{
            "InterventionBrowseLeaf":[
              {
                "InterventionBrowseLeafId":"M8994",
                "InterventionBrowseLeafName":"Interleukin-2",
                "InterventionBrowseLeafRelevance":"low"
              },{
                "InterventionBrowseLeafId":"M233128",
                "InterventionBrowseLeafName":"Aldesleukin",
                "InterventionBrowseLeafAsFound":"Intubation",
                "InterventionBrowseLeafRelevance":"high"
              },{
                "InterventionBrowseLeafId":"M24015",
                "InterventionBrowseLeafName":"Anti-Retroviral Agents",
                "InterventionBrowseLeafRelevance":"low"
              },{
                "InterventionBrowseLeafId":"M19934",
                "InterventionBrowseLeafName":"Anti-HIV Agents",
                "InterventionBrowseLeafRelevance":"low"
              },{
                "InterventionBrowseLeafId":"M2895",
                "InterventionBrowseLeafName":"Antiviral Agents",
                "InterventionBrowseLeafRelevance":"low"
              },{
                "InterventionBrowseLeafId":"M2795",
                "InterventionBrowseLeafName":"Anti-Infective Agents",
                "InterventionBrowseLeafRelevance":"low"
              }
            ]
          },
          "InterventionBrowseBranchList":{
            "InterventionBrowseBranch":[
              {
                "InterventionBrowseBranchAbbrev":"ANeo",
                "InterventionBrowseBranchName":"Antineoplastic Agents"
              },{
                "InterventionBrowseBranchAbbrev":"Analg",
                "InterventionBrowseBranchName":"Analgesics"
              },{
                "InterventionBrowseBranchAbbrev":"All",
                "InterventionBrowseBranchName":"All Drugs and Chemicals"
              },{
                "InterventionBrowseBranchAbbrev":"Infe",
                "InterventionBrowseBranchName":"Anti-Infective Agents"
              }
            ]
          }
        }
      }
    }
  }
}

