{
  "FullStudy":{
    "Rank":368448,
    "Study":{
      "ProtocolSection":{
        "IdentificationModule":{
          "NCTId":"NCT00016341",
          "OrgStudyIdInfo":{
            "OrgStudyId":"CDR0000068624"
          },
          "SecondaryIdInfoList":{
            "SecondaryIdInfo":[
              {
                "SecondaryId":"GOG-0189"
              }
            ]
          },
          "Organization":{
            "OrgFullName":"GOG Foundation",
            "OrgClass":"NETWORK"
          },
          "BriefTitle":"Combination Chemotherapy Compared With Hormone Therapy in Treating Patients With Recurrent, Stage III, or Stage IV Endometrial Cancer",
          "OfficialTitle":"Randomized Phase III Crossover Trial of Chemotherapy (Doxorubicin/Cisplatin/Paclitaxel and G-CSF) Versus Hormonal Therapy (Tamoxifen/Megestrol Acetate) in Patients With Stage III & IV or Recurrent Endometrial Cancer"
        },
        "StatusModule":{
          "StatusVerifiedDate":"June 2007",
          "OverallStatus":"Terminated",
          "ExpandedAccessInfo":{
            "HasExpandedAccess":"No"
          },
          "StartDateStruct":{
            "StartDate":"May 2001"
          },
          "PrimaryCompletionDateStruct":{
            "PrimaryCompletionDate":"October 2003",
            "PrimaryCompletionDateType":"Actual"
          },
          "StudyFirstSubmitDate":"May 6, 2001",
          "StudyFirstSubmitQCDate":"September 8, 2003",
          "StudyFirstPostDateStruct":{
            "StudyFirstPostDate":"September 9, 2003",
            "StudyFirstPostDateType":"Estimate"
          },
          "LastUpdateSubmitDate":"April 10, 2013",
          "LastUpdatePostDateStruct":{
            "LastUpdatePostDate":"April 11, 2013",
            "LastUpdatePostDateType":"Estimate"
          }
        },
        "SponsorCollaboratorsModule":{
          "LeadSponsor":{
            "LeadSponsorName":"Gynecologic Oncology Group",
            "LeadSponsorClass":"NETWORK"
          },
          "CollaboratorList":{
            "Collaborator":[
              {
                "CollaboratorName":"National Cancer Institute (NCI)",
                "CollaboratorClass":"NIH"
              }
            ]
          }
        },
        "OversightModule":{},
        "DescriptionModule":{
          "BriefSummary":"RATIONALE: Drugs used in chemotherapy use different ways to stop tumor cells from dividing so they stop growing or die. Estrogen can stimulate the growth of tumor cells. Hormone therapy using tamoxifen and megestrol may fight endometrial cancer by blocking the absorption of estrogen. It is not yet known whether chemotherapy is more effective than hormone therapy in treating endometrial cancer.\n\nPURPOSE: Randomized phase III trial to compare the effectiveness of combination chemotherapy with that of hormone therapy in treating patients who have recurrent, stage III, or stage IV endometrial cancer.",
          "DetailedDescription":"OBJECTIVES:\n\nCompare the progression-free survival and response of patients with stage III or IV or recurrent endometrial cancer treated with doxorubicin, cisplatin, paclitaxel, and filgrastim (G-CSF) vs tamoxifen and megestrol.\nCompare the survival of patients treated with these regimens.\nDetermine if progesterone receptor status provides information on whether patients are more likely to benefit from chemotherapy.\nCompare the toxicity profiles of these treatment regimens in these patients.\nCompare the quality of life of patients treated with these regimens.\n\nOUTLINE: This is a randomized, cross-over, multicenter study. Patients are stratified according to progesterone receptor status (negative vs positive). Patients are randomized to 1 of 2 treatment arms.\n\nArm I:Patients receive chemotherapy comprising doxorubicin IV over 15-30 minutes followed by cisplatin IV over 1 hour on day 1; paclitaxel IV over 3 hours on day 2; and filgrastim (G-CSF) subcutaneously beginning on day 3 and continuing for 10 days. Chemotherapy repeats every 21 days for up to 7 courses in the absence of disease progression or unacceptable toxicity.\nAt time of disease progression, patients cross-over to hormonal therapy as in arm II.\nArm II: Patients receive hormonal therapy comprising oral megestrol twice daily on weeks 1-3 followed by oral tamoxifen twice daily on weeks 4-6. Hormonal therapy repeats every 6 weeks in the absence of disease progression or unacceptable toxicity.\n\nAt time of disease progression, if patients have not previously been enrolled on arm I, patients cross-over to receive chemotherapy as in arm I.\n\nQuality of life is assessed at baseline, 6 weeks, time of progression, and then after 6 weeks on cross-over therapy.\n\nPatients are followed every 3 months for 2 years, every 6 months for 3 years, and then annually thereafter.\n\nPROJECTED ACCRUAL: Approximately 630 patients will be accrued for this study within 42 months."
        },
        "ConditionsModule":{
          "ConditionList":{
            "Condition":[
              "Endometrial Cancer"
            ]
          },
          "KeywordList":{
            "Keyword":[
              "stage III endometrial carcinoma",
              "stage IV endometrial carcinoma",
              "recurrent endometrial carcinoma"
            ]
          }
        },
        "DesignModule":{
          "StudyType":"Interventional",
          "PhaseList":{
            "Phase":[
              "Phase 3"
            ]
          },
          "DesignInfo":{
            "DesignAllocation":"Randomized",
            "DesignPrimaryPurpose":"Treatment"
          }
        },
        "ArmsInterventionsModule":{
          "InterventionList":{
            "Intervention":[
              {
                "InterventionType":"Biological",
                "InterventionName":"filgrastim"
              },{
                "InterventionType":"Drug",
                "InterventionName":"cisplatin"
              },{
                "InterventionType":"Drug",
                "InterventionName":"doxorubicin hydrochloride"
              },{
                "InterventionType":"Drug",
                "InterventionName":"megestrol acetate"
              },{
                "InterventionType":"Drug",
                "InterventionName":"paclitaxel"
              },{
                "InterventionType":"Drug",
                "InterventionName":"tamoxifen citrate"
              }
            ]
          }
        },
        "EligibilityModule":{
          "EligibilityCriteria":"DISEASE CHARACTERISTICS:\n\nHistologically confirmed primary stage III or IV or recurrent endometrial cancer\nPoor curative potential with radiotherapy or surgery (alone or in combination)\n\nMeasurable disease\n\nAt least one lesion accurately measured in at least one dimension\n\nAt least 20 mm by conventional techniques, including palpation, x-ray, CT scan, or MRI OR\nAt least 10 mm by spiral CT scan\nDisease in a previously irradiated field as sole site of measurable disease allowed only if clear progression after completion of radiotherapy\n\nEstrogen receptor(ER)/progesterone receptor (PR) status of primary tumor required\n\nER/PR status of measurable tumor optional\n\nPATIENT CHARACTERISTICS:\n\nAge:\n\nNot specified\n\nPerformance status:\n\nGOG 0-2\n\nLife expectancy:\n\nNot specified\n\nHematopoietic:\n\nPlatelet count at least 100,000/mm^3\nGranulocyte count at least 1,500/mm^3\n\nHepatic:\n\nBilirubin normal\nSGPT no greater than 3 times upper limit of normal\n\nRenal:\n\nCreatinine no greater than 1.6 mg/dL\n\nCardiovascular:\n\nLVEF at least 50%\nNo third-degree or complete heart block, unless pacemaker is in place\nOther conduction abnormalities or cardiac dysfunction allowed at the investigator's discretion\nNo history of deep venous thrombosis\nNo uncontrolled angina\n\nPulmonary:\n\nNo history of pulmonary embolus\n\nOther:\n\nNo other malignancy within the past 5 years except nonmelanoma skin cancer\nNo concurrent medical illness that would preclude study\nNo serious uncontrolled infection\nNo serious peripheral neuropathy\nNo circumstances that would preclude study compliance\nNo sensitivity to E. coli-derived drug preparations\n\nPRIOR CONCURRENT THERAPY:\n\nBiologic therapy:\n\nPrior biologic therapy allowed\n\nChemotherapy:\n\nNo prior cytotoxic chemotherapy, including chemotherapy for radiosensitization\n\nEndocrine therapy:\n\nNo prior hormonal therapy for endometrial cancer\n\nRadiotherapy:\n\nSee Disease Characteristics\nAt least 4 weeks since prior radiotherapy involving the whole pelvis or more than 50% of the spine\n\nSurgery:\n\nSee Disease Characteristics\n\nOther:\n\nConcurrent cardiac conduction-altering medications such as digitalis, beta blockers, or calcium channel blockers allowed at the investigator's discretion",
          "HealthyVolunteers":"No",
          "Gender":"Female",
          "StdAgeList":{
            "StdAge":[
              "Child",
              "Adult",
              "Older Adult"
            ]
          }
        },
        "ContactsLocationsModule":{
          "OverallOfficialList":{
            "OverallOfficial":[
              {
                "OverallOfficialName":"Jeffrey D. Bloss, MD",
                "OverallOfficialAffiliation":"Washington University Siteman Cancer Center",
                "OverallOfficialRole":"Study Chair"
              }
            ]
          },
          "LocationList":{
            "Location":[
              {
                "LocationFacility":"University of Alabama at Birmingham Comprehensive Cancer Center",
                "LocationCity":"Birmingham",
                "LocationState":"Alabama",
                "LocationZip":"35294-3300",
                "LocationCountry":"United States"
              },{
                "LocationFacility":"Jonsson Comprehensive Cancer Center, UCLA",
                "LocationCity":"Los Angeles",
                "LocationState":"California",
                "LocationZip":"90095-1781",
                "LocationCountry":"United States"
              },{
                "LocationFacility":"Community Hospital of Los Gatos",
                "LocationCity":"Los Gatos",
                "LocationState":"California",
                "LocationZip":"95032",
                "LocationCountry":"United States"
              },{
                "LocationFacility":"Chao Family Comprehensive Cancer Center",
                "LocationCity":"Orange",
                "LocationState":"California",
                "LocationZip":"92868",
                "LocationCountry":"United States"
              },{
                "LocationFacility":"University of Colorado Cancer Center",
                "LocationCity":"Denver",
                "LocationState":"Colorado",
                "LocationZip":"80010",
                "LocationCountry":"United States"
              },{
                "LocationFacility":"Walter Reed Army Medical Center",
                "LocationCity":"Washington",
                "LocationState":"District of Columbia",
                "LocationZip":"20307-5000",
                "LocationCountry":"United States"
              },{
                "LocationFacility":"H. Lee Moffitt Cancer Center and Research Institute",
                "LocationCity":"Tampa",
                "LocationState":"Florida",
                "LocationZip":"33612-9497",
                "LocationCountry":"United States"
              },{
                "LocationFacility":"Rush-Presbyterian-St. Luke's Medical Center",
                "LocationCity":"Chicago",
                "LocationState":"Illinois",
                "LocationZip":"60612",
                "LocationCountry":"United States"
              },{
                "LocationFacility":"University of Chicago Cancer Research Center",
                "LocationCity":"Chicago",
                "LocationState":"Illinois",
                "LocationZip":"60637-1470",
                "LocationCountry":"United States"
              },{
                "LocationFacility":"Indiana University Cancer Center",
                "LocationCity":"Indianapolis",
                "LocationState":"Indiana",
                "LocationZip":"46202-5289",
                "LocationCountry":"United States"
              },{
                "LocationFacility":"Holden Comprehensive Cancer Center at The University of Iowa",
                "LocationCity":"Iowa City",
                "LocationState":"Iowa",
                "LocationZip":"52242-1009",
                "LocationCountry":"United States"
              },{
                "LocationFacility":"Albert B. Chandler Medical Center, University of Kentucky",
                "LocationCity":"Lexington",
                "LocationState":"Kentucky",
                "LocationZip":"40536-0084",
                "LocationCountry":"United States"
              },{
                "LocationFacility":"Tufts University School of Medicine",
                "LocationCity":"Boston",
                "LocationState":"Massachusetts",
                "LocationZip":"02111",
                "LocationCountry":"United States"
              },{
                "LocationFacility":"University of Massachusetts Memorial Medical Center",
                "LocationCity":"Worcester",
                "LocationState":"Massachusetts",
                "LocationZip":"01655",
                "LocationCountry":"United States"
              },{
                "LocationFacility":"Barbara Ann Karmanos Cancer Institute",
                "LocationCity":"Detroit",
                "LocationState":"Michigan",
                "LocationZip":"48201-1379",
                "LocationCountry":"United States"
              },{
                "LocationFacility":"University of Minnesota Cancer Center",
                "LocationCity":"Minneapolis",
                "LocationState":"Minnesota",
                "LocationZip":"55455",
                "LocationCountry":"United States"
              },{
                "LocationFacility":"Mayo Clinic Cancer Center",
                "LocationCity":"Rochester",
                "LocationState":"Minnesota",
                "LocationZip":"55905",
                "LocationCountry":"United States"
              },{
                "LocationFacility":"University of Mississippi Medical Center",
                "LocationCity":"Jackson",
                "LocationState":"Mississippi",
                "LocationZip":"39216-4505",
                "LocationCountry":"United States"
              },{
                "LocationFacility":"Ellis Fischel Cancer Center - Columbia",
                "LocationCity":"Columbia",
                "LocationState":"Missouri",
                "LocationZip":"65203",
                "LocationCountry":"United States"
              },{
                "LocationFacility":"Washington University School of Medicine",
                "LocationCity":"Saint Louis",
                "LocationState":"Missouri",
                "LocationZip":"63110",
                "LocationCountry":"United States"
              },{
                "LocationFacility":"Cooper Hospital/University Medical Center",
                "LocationCity":"Camden",
                "LocationState":"New Jersey",
                "LocationZip":"08103",
                "LocationCountry":"United States"
              },{
                "LocationFacility":"Cancer Center of Albany Medical Center",
                "LocationCity":"Albany",
                "LocationState":"New York",
                "LocationZip":"12208",
                "LocationCountry":"United States"
              },{
                "LocationFacility":"State University of New York Health Science Center at Brooklyn",
                "LocationCity":"Brooklyn",
                "LocationState":"New York",
                "LocationZip":"11203",
                "LocationCountry":"United States"
              },{
                "LocationFacility":"Roswell Park Cancer Institute",
                "LocationCity":"Buffalo",
                "LocationState":"New York",
                "LocationZip":"14263-0001",
                "LocationCountry":"United States"
              },{
                "LocationFacility":"Schneider Children's Hospital at North Shore",
                "LocationCity":"Manhasset",
                "LocationState":"New York",
                "LocationZip":"11030",
                "LocationCountry":"United States"
              },{
                "LocationFacility":"Memorial Sloan-Kettering Cancer Center",
                "LocationCity":"New York",
                "LocationState":"New York",
                "LocationZip":"10021",
                "LocationCountry":"United States"
              },{
                "LocationFacility":"State University of New York Health Sciences Center - Stony Brook",
                "LocationCity":"Stony Brook",
                "LocationState":"New York",
                "LocationZip":"11790-7775",
                "LocationCountry":"United States"
              },{
                "LocationFacility":"Lineberger Comprehensive Cancer Center, UNC",
                "LocationCity":"Chapel Hill",
                "LocationState":"North Carolina",
                "LocationZip":"27599-7295",
                "LocationCountry":"United States"
              },{
                "LocationFacility":"Duke Comprehensive Cancer Center",
                "LocationCity":"Durham",
                "LocationState":"North Carolina",
                "LocationZip":"27710",
                "LocationCountry":"United States"
              },{
                "LocationFacility":"Comprehensive Cancer Center at Wake Forest University",
                "LocationCity":"Winston-Salem",
                "LocationState":"North Carolina",
                "LocationZip":"27157-1082",
                "LocationCountry":"United States"
              },{
                "LocationFacility":"Barrett Cancer Center, The University Hospital",
                "LocationCity":"Cincinnati",
                "LocationState":"Ohio",
                "LocationZip":"45267-0502",
                "LocationCountry":"United States"
              },{
                "LocationFacility":"Ireland Cancer Center",
                "LocationCity":"Cleveland",
                "LocationState":"Ohio",
                "LocationZip":"44106-5065",
                "LocationCountry":"United States"
              },{
                "LocationFacility":"Cleveland Clinic Taussig Cancer Center",
                "LocationCity":"Cleveland",
                "LocationState":"Ohio",
                "LocationZip":"44195",
                "LocationCountry":"United States"
              },{
                "LocationFacility":"Arthur G. James Cancer Hospital - Ohio State University",
                "LocationCity":"Columbus",
                "LocationState":"Ohio",
                "LocationZip":"43210-1240",
                "LocationCountry":"United States"
              },{
                "LocationFacility":"University of Oklahoma College of Medicine",
                "LocationCity":"Oklahoma City",
                "LocationState":"Oklahoma",
                "LocationZip":"73190",
                "LocationCountry":"United States"
              },{
                "LocationFacility":"Abington Memorial Hospital",
                "LocationCity":"Abington",
                "LocationState":"Pennsylvania",
                "LocationZip":"19001",
                "LocationCountry":"United States"
              },{
                "LocationFacility":"Milton S. Hershey Medical Center",
                "LocationCity":"Hershey",
                "LocationState":"Pennsylvania",
                "LocationZip":"17033-0850",
                "LocationCountry":"United States"
              },{
                "LocationFacility":"University of Pennsylvania Cancer Center",
                "LocationCity":"Philadelphia",
                "LocationState":"Pennsylvania",
                "LocationZip":"19104-4283",
                "LocationCountry":"United States"
              },{
                "LocationFacility":"Kimmel Cancer Center of Thomas Jefferson University - Philadelphia",
                "LocationCity":"Philadelphia",
                "LocationState":"Pennsylvania",
                "LocationZip":"19107-5541",
                "LocationCountry":"United States"
              },{
                "LocationFacility":"Fox Chase Cancer Center",
                "LocationCity":"Philadelphia",
                "LocationState":"Pennsylvania",
                "LocationZip":"19111",
                "LocationCountry":"United States"
              },{
                "LocationFacility":"Medical University of South Carolina",
                "LocationCity":"Charleston",
                "LocationState":"South Carolina",
                "LocationZip":"29425-0721",
                "LocationCountry":"United States"
              },{
                "LocationFacility":"Brookview Research, Inc.",
                "LocationCity":"Nashville",
                "LocationState":"Tennessee",
                "LocationZip":"37203",
                "LocationCountry":"United States"
              },{
                "LocationFacility":"Simmons Cancer Center - Dallas",
                "LocationCity":"Dallas",
                "LocationState":"Texas",
                "LocationZip":"75235-9154",
                "LocationCountry":"United States"
              },{
                "LocationFacility":"M.D. Anderson CCOP Research Base",
                "LocationCity":"Houston",
                "LocationState":"Texas",
                "LocationZip":"77030-4009",
                "LocationCountry":"United States"
              },{
                "LocationFacility":"University of Texas - MD Anderson Cancer Center",
                "LocationCity":"Houston",
                "LocationState":"Texas",
                "LocationZip":"77030-4009",
                "LocationCountry":"United States"
              },{
                "LocationFacility":"Fletcher Allen Health Care - Medical Center Campus",
                "LocationCity":"Burlington",
                "LocationState":"Vermont",
                "LocationZip":"05401",
                "LocationCountry":"United States"
              },{
                "LocationFacility":"Cancer Center at the University of Virginia",
                "LocationCity":"Charlottesville",
                "LocationState":"Virginia",
                "LocationZip":"22908",
                "LocationCountry":"United States"
              },{
                "LocationFacility":"Fred Hutchinson Cancer Research Center",
                "LocationCity":"Seattle",
                "LocationState":"Washington",
                "LocationZip":"98109-1024",
                "LocationCountry":"United States"
              },{
                "LocationFacility":"Tacoma General Hospital",
                "LocationCity":"Tacoma",
                "LocationState":"Washington",
                "LocationZip":"98405",
                "LocationCountry":"United States"
              },{
                "LocationFacility":"Tom Baker Cancer Center - Calgary",
                "LocationCity":"Calgary",
                "LocationState":"Alberta",
                "LocationZip":"T2N 4N2",
                "LocationCountry":"Canada"
              }
            ]
          }
        }
      },
      "DerivedSection":{
        "MiscInfoModule":{
          "VersionHolder":"April 19, 2021"
        },
        "ConditionBrowseModule":{
          "ConditionMeshList":{
            "ConditionMesh":[
              {
                "ConditionMeshId":"D000016889",
                "ConditionMeshTerm":"Endometrial Neoplasms"
              }
            ]
          },
          "ConditionAncestorList":{
            "ConditionAncestor":[
              {
                "ConditionAncestorId":"D000014594",
                "ConditionAncestorTerm":"Uterine Neoplasms"
              },{
                "ConditionAncestorId":"D000005833",
                "ConditionAncestorTerm":"Genital Neoplasms, Female"
              },{
                "ConditionAncestorId":"D000014565",
                "ConditionAncestorTerm":"Urogenital Neoplasms"
              },{
                "ConditionAncestorId":"D000009371",
                "ConditionAncestorTerm":"Neoplasms by Site"
              },{
                "ConditionAncestorId":"D000009369",
                "ConditionAncestorTerm":"Neoplasms"
              },{
                "ConditionAncestorId":"D000014591",
                "ConditionAncestorTerm":"Uterine Diseases"
              }
            ]
          },
          "ConditionBrowseLeafList":{
            "ConditionBrowseLeaf":[
              {
                "ConditionBrowseLeafId":"M4116",
                "ConditionBrowseLeafName":"Carcinoma",
                "ConditionBrowseLeafRelevance":"low"
              },{
                "ConditionBrowseLeafId":"M17818",
                "ConditionBrowseLeafName":"Endometrial Neoplasms",
                "ConditionBrowseLeafAsFound":"Endometrial Cancer",
                "ConditionBrowseLeafRelevance":"high"
              },{
                "ConditionBrowseLeafId":"M15925",
                "ConditionBrowseLeafName":"Uterine Neoplasms",
                "ConditionBrowseLeafRelevance":"low"
              },{
                "ConditionBrowseLeafId":"M7528",
                "ConditionBrowseLeafName":"Genital Neoplasms, Female",
                "ConditionBrowseLeafRelevance":"low"
              },{
                "ConditionBrowseLeafId":"M15898",
                "ConditionBrowseLeafName":"Urogenital Neoplasms",
                "ConditionBrowseLeafRelevance":"low"
              },{
                "ConditionBrowseLeafId":"M15922",
                "ConditionBrowseLeafName":"Uterine Diseases",
                "ConditionBrowseLeafRelevance":"low"
              }
            ]
          },
          "ConditionBrowseBranchList":{
            "ConditionBrowseBranch":[
              {
                "ConditionBrowseBranchAbbrev":"BC04",
                "ConditionBrowseBranchName":"Cancers and Other Neoplasms"
              },{
                "ConditionBrowseBranchAbbrev":"All",
                "ConditionBrowseBranchName":"All Conditions"
              },{
                "ConditionBrowseBranchAbbrev":"BXS",
                "ConditionBrowseBranchName":"Urinary Tract, Sexual Organs, and Pregnancy Conditions"
              }
            ]
          }
        },
        "InterventionBrowseModule":{
          "InterventionMeshList":{
            "InterventionMesh":[
              {
                "InterventionMeshId":"D000013629",
                "InterventionMeshTerm":"Tamoxifen"
              },{
                "InterventionMeshId":"D000017239",
                "InterventionMeshTerm":"Paclitaxel"
              },{
                "InterventionMeshId":"D000004317",
                "InterventionMeshTerm":"Doxorubicin"
              },{
                "InterventionMeshId":"C000506643",
                "InterventionMeshTerm":"Liposomal doxorubicin"
              },{
                "InterventionMeshId":"D000008535",
                "InterventionMeshTerm":"Megestrol"
              },{
                "InterventionMeshId":"D000019290",
                "InterventionMeshTerm":"Megestrol Acetate"
              }
            ]
          },
          "InterventionAncestorList":{
            "InterventionAncestor":[
              {
                "InterventionAncestorId":"D000000972",
                "InterventionAncestorTerm":"Antineoplastic Agents, Phytogenic"
              },{
                "InterventionAncestorId":"D000000970",
                "InterventionAncestorTerm":"Antineoplastic Agents"
              },{
                "InterventionAncestorId":"D000050257",
                "InterventionAncestorTerm":"Tubulin Modulators"
              },{
                "InterventionAncestorId":"D000050256",
                "InterventionAncestorTerm":"Antimitotic Agents"
              },{
                "InterventionAncestorId":"D000050258",
                "InterventionAncestorTerm":"Mitosis Modulators"
              },{
                "InterventionAncestorId":"D000045504",
                "InterventionAncestorTerm":"Molecular Mechanisms of Pharmacological Action"
              },{
                "InterventionAncestorId":"D000000903",
                "InterventionAncestorTerm":"Antibiotics, Antineoplastic"
              },{
                "InterventionAncestorId":"D000059005",
                "InterventionAncestorTerm":"Topoisomerase II Inhibitors"
              },{
                "InterventionAncestorId":"D000059003",
                "InterventionAncestorTerm":"Topoisomerase Inhibitors"
              },{
                "InterventionAncestorId":"D000004791",
                "InterventionAncestorTerm":"Enzyme Inhibitors"
              },{
                "InterventionAncestorId":"D000045505",
                "InterventionAncestorTerm":"Physiological Effects of Drugs"
              },{
                "InterventionAncestorId":"D000004965",
                "InterventionAncestorTerm":"Estrogen Antagonists"
              },{
                "InterventionAncestorId":"D000006727",
                "InterventionAncestorTerm":"Hormone Antagonists"
              },{
                "InterventionAncestorId":"D000006730",
                "InterventionAncestorTerm":"Hormones, Hormone Substitutes, and Hormone Antagonists"
              },{
                "InterventionAncestorId":"D000018931",
                "InterventionAncestorTerm":"Antineoplastic Agents, Hormonal"
              },{
                "InterventionAncestorId":"D000020845",
                "InterventionAncestorTerm":"Selective Estrogen Receptor Modulators"
              },{
                "InterventionAncestorId":"D000020847",
                "InterventionAncestorTerm":"Estrogen Receptor Modulators"
              },{
                "InterventionAncestorId":"D000050071",
                "InterventionAncestorTerm":"Bone Density Conservation Agents"
              },{
                "InterventionAncestorId":"D000003280",
                "InterventionAncestorTerm":"Contraceptives, Oral, Synthetic"
              },{
                "InterventionAncestorId":"D000003276",
                "InterventionAncestorTerm":"Contraceptives, Oral"
              },{
                "InterventionAncestorId":"D000003271",
                "InterventionAncestorTerm":"Contraceptive Agents, Female"
              },{
                "InterventionAncestorId":"D000003270",
                "InterventionAncestorTerm":"Contraceptive Agents"
              },{
                "InterventionAncestorId":"D000012102",
                "InterventionAncestorTerm":"Reproductive Control Agents"
              },{
                "InterventionAncestorId":"D000019167",
                "InterventionAncestorTerm":"Appetite Stimulants"
              },{
                "InterventionAncestorId":"D000000697",
                "InterventionAncestorTerm":"Central Nervous System Stimulants"
              }
            ]
          },
          "InterventionBrowseLeafList":{
            "InterventionBrowseLeaf":[
              {
                "InterventionBrowseLeafId":"M4765",
                "InterventionBrowseLeafName":"Cisplatin",
                "InterventionBrowseLeafRelevance":"low"
              },{
                "InterventionBrowseLeafId":"M18120",
                "InterventionBrowseLeafName":"Paclitaxel",
                "InterventionBrowseLeafAsFound":"Effect",
                "InterventionBrowseLeafRelevance":"high"
              },{
                "InterventionBrowseLeafId":"M231",
                "InterventionBrowseLeafName":"Albumin-Bound Paclitaxel",
                "InterventionBrowseLeafRelevance":"low"
              },{
                "InterventionBrowseLeafId":"M6075",
                "InterventionBrowseLeafName":"Doxorubicin",
                "InterventionBrowseLeafAsFound":"Prostate Cancer",
                "InterventionBrowseLeafRelevance":"high"
              },{
                "InterventionBrowseLeafId":"M235025",
                "InterventionBrowseLeafName":"Liposomal doxorubicin",
                "InterventionBrowseLeafAsFound":"Prostate Cancer",
                "InterventionBrowseLeafRelevance":"high"
              },{
                "InterventionBrowseLeafId":"M8372",
                "InterventionBrowseLeafName":"Hormones",
                "InterventionBrowseLeafRelevance":"low"
              },{
                "InterventionBrowseLeafId":"M19904",
                "InterventionBrowseLeafName":"Citric Acid",
                "InterventionBrowseLeafRelevance":"low"
              },{
                "InterventionBrowseLeafId":"M1837",
                "InterventionBrowseLeafName":"Sodium Citrate",
                "InterventionBrowseLeafRelevance":"low"
              },{
                "InterventionBrowseLeafId":"M1945",
                "InterventionBrowseLeafName":"Lenograstim",
                "InterventionBrowseLeafRelevance":"low"
              },{
                "InterventionBrowseLeafId":"M14986",
                "InterventionBrowseLeafName":"Tamoxifen",
                "InterventionBrowseLeafAsFound":"Every other day",
                "InterventionBrowseLeafRelevance":"high"
              },{
                "InterventionBrowseLeafId":"M10101",
                "InterventionBrowseLeafName":"Megestrol",
                "InterventionBrowseLeafAsFound":"Teach",
                "InterventionBrowseLeafRelevance":"high"
              },{
                "InterventionBrowseLeafId":"M19856",
                "InterventionBrowseLeafName":"Megestrol Acetate",
                "InterventionBrowseLeafAsFound":"Mm Hg",
                "InterventionBrowseLeafRelevance":"high"
              },{
                "InterventionBrowseLeafId":"M24784",
                "InterventionBrowseLeafName":"Tubulin Modulators",
                "InterventionBrowseLeafRelevance":"low"
              },{
                "InterventionBrowseLeafId":"M24783",
                "InterventionBrowseLeafName":"Antimitotic Agents",
                "InterventionBrowseLeafRelevance":"low"
              },{
                "InterventionBrowseLeafId":"M2803",
                "InterventionBrowseLeafName":"Anti-Bacterial Agents",
                "InterventionBrowseLeafRelevance":"low"
              },{
                "InterventionBrowseLeafId":"M2805",
                "InterventionBrowseLeafName":"Antibiotics, Antitubercular",
                "InterventionBrowseLeafRelevance":"low"
              },{
                "InterventionBrowseLeafId":"M6699",
                "InterventionBrowseLeafName":"Estrogens",
                "InterventionBrowseLeafRelevance":"low"
              },{
                "InterventionBrowseLeafId":"M6697",
                "InterventionBrowseLeafName":"Estrogen Antagonists",
                "InterventionBrowseLeafRelevance":"low"
              },{
                "InterventionBrowseLeafId":"M29070",
                "InterventionBrowseLeafName":"Estrogen Receptor Antagonists",
                "InterventionBrowseLeafRelevance":"low"
              },{
                "InterventionBrowseLeafId":"M8371",
                "InterventionBrowseLeafName":"Hormone Antagonists",
                "InterventionBrowseLeafRelevance":"low"
              },{
                "InterventionBrowseLeafId":"M19550",
                "InterventionBrowseLeafName":"Antineoplastic Agents, Hormonal",
                "InterventionBrowseLeafRelevance":"low"
              },{
                "InterventionBrowseLeafId":"M21183",
                "InterventionBrowseLeafName":"Estrogen Receptor Modulators",
                "InterventionBrowseLeafRelevance":"low"
              },{
                "InterventionBrowseLeafId":"M5077",
                "InterventionBrowseLeafName":"Contraceptive Agents",
                "InterventionBrowseLeafRelevance":"low"
              },{
                "InterventionBrowseLeafId":"M5083",
                "InterventionBrowseLeafName":"Contraceptives, Oral",
                "InterventionBrowseLeafRelevance":"low"
              },{
                "InterventionBrowseLeafId":"M2610",
                "InterventionBrowseLeafName":"Central Nervous System Stimulants",
                "InterventionBrowseLeafRelevance":"low"
              },{
                "InterventionBrowseLeafId":"T382",
                "InterventionBrowseLeafName":"Citrate",
                "InterventionBrowseLeafAsFound":"Quality of Life",
                "InterventionBrowseLeafRelevance":"high"
              }
            ]
          },
          "InterventionBrowseBranchList":{
            "InterventionBrowseBranch":[
              {
                "InterventionBrowseBranchAbbrev":"ANeo",
                "InterventionBrowseBranchName":"Antineoplastic Agents"
              },{
                "InterventionBrowseBranchAbbrev":"All",
                "InterventionBrowseBranchName":"All Drugs and Chemicals"
              },{
                "InterventionBrowseBranchAbbrev":"AnCoag",
                "InterventionBrowseBranchName":"Anticoagulants"
              },{
                "InterventionBrowseBranchAbbrev":"BDCA",
                "InterventionBrowseBranchName":"Bone Density Conservation Agents"
              },{
                "InterventionBrowseBranchAbbrev":"Repr",
                "InterventionBrowseBranchName":"Reproductive Control Agents"
              },{
                "InterventionBrowseBranchAbbrev":"CNSSti",
                "InterventionBrowseBranchName":"Central Nervous System Stimulants"
              },{
                "InterventionBrowseBranchAbbrev":"Infe",
                "InterventionBrowseBranchName":"Anti-Infective Agents"
              },{
                "InterventionBrowseBranchAbbrev":"Ot",
                "InterventionBrowseBranchName":"Other Dietary Supplements"
              }
            ]
          }
        }
      }
    }
  }
}

