{
  "FullStudy":{
    "Rank":368420,
    "Study":{
      "ProtocolSection":{
        "IdentificationModule":{
          "NCTId":"NCT00016796",
          "OrgStudyIdInfo":{
            "OrgStudyId":"010181"
          },
          "SecondaryIdInfoList":{
            "SecondaryIdInfo":[
              {
                "SecondaryId":"01-N-0181"
              }
            ]
          },
          "Organization":{
            "OrgFullName":"National Institutes of Health Clinical Center (CC)",
            "OrgClass":"NIH"
          },
          "BriefTitle":"Language Stimuli Screening in Children",
          "OfficialTitle":"Language Stimuli Screening in Children"
        },
        "StatusModule":{
          "StatusVerifiedDate":"March 2005",
          "OverallStatus":"Completed",
          "ExpandedAccessInfo":{
            "HasExpandedAccess":"No"
          },
          "StartDateStruct":{
            "StartDate":"May 2001"
          },
          "CompletionDateStruct":{
            "CompletionDate":"March 2005"
          },
          "StudyFirstSubmitDate":"June 2, 2001",
          "StudyFirstSubmitQCDate":"June 2, 2001",
          "StudyFirstPostDateStruct":{
            "StudyFirstPostDate":"June 4, 2001",
            "StudyFirstPostDateType":"Estimate"
          },
          "LastUpdateSubmitDate":"March 3, 2008",
          "LastUpdatePostDateStruct":{
            "LastUpdatePostDate":"March 4, 2008",
            "LastUpdatePostDateType":"Estimate"
          }
        },
        "SponsorCollaboratorsModule":{
          "LeadSponsor":{
            "LeadSponsorName":"National Institute of Neurological Disorders and Stroke (NINDS)",
            "LeadSponsorClass":"NIH"
          }
        },
        "OversightModule":{},
        "DescriptionModule":{
          "BriefSummary":"This study will determine baseline language skills in children 4 to 8 years old. The data will be used to design studies using functional magnetic resonance imaging (fMRI) to identify what areas of the brain in children are involved in understanding language. This information is important for children who require brain surgery to control seizures.\n\nHealthy normal volunteers between the ages of 4 and 8 years who have an IQ of 70 or more; who have no history of neurologic, psychiatric or language disorder; who are performing at or above grade level, and who are native English speakers may be eligible for this study.\n\nParticipants will be asked to do the following:\n\nname pictures or read words that appear on a computer screen\nlisten to stories and answer questions about them\nmatch pictures to a spoken word\n\nThe children's responses will be recorded.",
          "DetailedDescription":"We propose to study normal children to establish baseline data to use to develop novel sets of stimuli for functional imaging paradigms. Tasks using these stimuli will include object naming, sentence comprehension, and single word reading."
        },
        "ConditionsModule":{
          "ConditionList":{
            "Condition":[
              "Language Disorder",
              "Healthy"
            ]
          },
          "KeywordList":{
            "Keyword":[
              "Reading",
              "Naming"
            ]
          }
        },
        "DesignModule":{
          "StudyType":"Observational",
          "EnrollmentInfo":{
            "EnrollmentCount":"150"
          }
        },
        "EligibilityModule":{
          "EligibilityCriteria":"INCLUSION CRITERIA:\n\nChildren will be between the ages 4 and 8 are eligible.\n\nEXCLUSION CRITERIA:\n\nChildren who meet one of the following criteria are not eligible:\n\nIQ below 70;\n\nHistory of neurologic or psychiatric disorders;\n\nHistory of an language disorder;\n\nPerforming below grade-level;\n\nNon-native English speaker.",
          "HealthyVolunteers":"Accepts Healthy Volunteers",
          "Gender":"All",
          "StdAgeList":{
            "StdAge":[
              "Child",
              "Adult",
              "Older Adult"
            ]
          }
        },
        "ContactsLocationsModule":{
          "LocationList":{
            "Location":[
              {
                "LocationFacility":"National Institute of Neurological Disorders and Stroke (NINDS)",
                "LocationCity":"Bethesda",
                "LocationState":"Maryland",
                "LocationZip":"20892",
                "LocationCountry":"United States"
              }
            ]
          }
        },
        "ReferencesModule":{
          "ReferenceList":{
            "Reference":[
              {
                "ReferencePMID":"9109891",
                "ReferenceType":"background",
                "ReferenceCitation":"Hertz-Pannier L, Gaillard WD, Mott SH, Cuenod CA, Bookheimer SY, Weinstein S, Conry J, Papero PH, Schiff SJ, Le Bihan D, Theodore WH. Noninvasive assessment of language dominance in children and adolescents with functional MRI: a preliminary study. Neurology. 1997 Apr;48(4):1003-12."
              },{
                "ReferencePMID":"8239568",
                "ReferenceType":"background",
                "ReferenceCitation":"Devinsky O, Perrine K, Llinas R, Luciano DJ, Dogali M. Anterior temporal language areas in patients with early onset of temporal lobe epilepsy. Ann Neurol. 1993 Nov;34(5):727-32."
              },{
                "ReferencePMID":"9169209",
                "ReferenceType":"background",
                "ReferenceCitation":"Cycowicz YM, Friedman D, Rothstein M, Snodgrass JG. Picture naming by young children: norms for name agreement, familiarity, and visual complexity. J Exp Child Psychol. 1997 May;65(2):171-237."
              }
            ]
          }
        }
      },
      "DerivedSection":{
        "MiscInfoModule":{
          "VersionHolder":"April 19, 2021"
        },
        "ConditionBrowseModule":{
          "ConditionMeshList":{
            "ConditionMesh":[
              {
                "ConditionMeshId":"D000007806",
                "ConditionMeshTerm":"Language Disorders"
              }
            ]
          },
          "ConditionAncestorList":{
            "ConditionAncestor":[
              {
                "ConditionAncestorId":"D000003147",
                "ConditionAncestorTerm":"Communication Disorders"
              },{
                "ConditionAncestorId":"D000019954",
                "ConditionAncestorTerm":"Neurobehavioral Manifestations"
              },{
                "ConditionAncestorId":"D000009461",
                "ConditionAncestorTerm":"Neurologic Manifestations"
              },{
                "ConditionAncestorId":"D000009422",
                "ConditionAncestorTerm":"Nervous System Diseases"
              }
            ]
          },
          "ConditionBrowseLeafList":{
            "ConditionBrowseLeaf":[
              {
                "ConditionBrowseLeafId":"M9406",
                "ConditionBrowseLeafName":"Language Disorders",
                "ConditionBrowseLeafAsFound":"Language Disorders",
                "ConditionBrowseLeafRelevance":"high"
              },{
                "ConditionBrowseLeafId":"M4957",
                "ConditionBrowseLeafName":"Communication Disorders",
                "ConditionBrowseLeafRelevance":"low"
              },{
                "ConditionBrowseLeafId":"M20410",
                "ConditionBrowseLeafName":"Neurobehavioral Manifestations",
                "ConditionBrowseLeafRelevance":"low"
              },{
                "ConditionBrowseLeafId":"M10987",
                "ConditionBrowseLeafName":"Neurologic Manifestations",
                "ConditionBrowseLeafRelevance":"low"
              }
            ]
          },
          "ConditionBrowseBranchList":{
            "ConditionBrowseBranch":[
              {
                "ConditionBrowseBranchAbbrev":"BC10",
                "ConditionBrowseBranchName":"Nervous System Diseases"
              },{
                "ConditionBrowseBranchAbbrev":"BC23",
                "ConditionBrowseBranchName":"Symptoms and General Pathology"
              },{
                "ConditionBrowseBranchAbbrev":"All",
                "ConditionBrowseBranchName":"All Conditions"
              },{
                "ConditionBrowseBranchAbbrev":"BXM",
                "ConditionBrowseBranchName":"Behaviors and Mental Disorders"
              }
            ]
          }
        }
      }
    }
  }
}

