{
  "FullStudy":{
    "Rank":368752,
    "Study":{
      "ProtocolSection":{
        "IdentificationModule":{
          "NCTId":"NCT00011843",
          "OrgStudyIdInfo":{
            "OrgStudyId":"010094"
          },
          "SecondaryIdInfoList":{
            "SecondaryIdInfo":[
              {
                "SecondaryId":"01-HG-0094"
              }
            ]
          },
          "Organization":{
            "OrgFullName":"National Institutes of Health Clinical Center (CC)",
            "OrgClass":"NIH"
          },
          "BriefTitle":"Molecular Analysis of Microphthalmia/Anophthalmia",
          "OfficialTitle":"Molecular Analysis of Microphthalmia/Anophthalmia and Related Disorders"
        },
        "StatusModule":{
          "StatusVerifiedDate":"February 4, 2009",
          "OverallStatus":"Completed",
          "ExpandedAccessInfo":{
            "HasExpandedAccess":"No"
          },
          "StartDateStruct":{
            "StartDate":"February 22, 2001"
          },
          "CompletionDateStruct":{
            "CompletionDate":"February 4, 2009"
          },
          "StudyFirstSubmitDate":"February 28, 2001",
          "StudyFirstSubmitQCDate":"February 28, 2001",
          "StudyFirstPostDateStruct":{
            "StudyFirstPostDate":"March 1, 2001",
            "StudyFirstPostDateType":"Estimate"
          },
          "LastUpdateSubmitDate":"June 30, 2017",
          "LastUpdatePostDateStruct":{
            "LastUpdatePostDate":"July 2, 2017",
            "LastUpdatePostDateType":"Actual"
          }
        },
        "SponsorCollaboratorsModule":{
          "LeadSponsor":{
            "LeadSponsorName":"National Human Genome Research Institute (NHGRI)",
            "LeadSponsorClass":"NIH"
          }
        },
        "OversightModule":{},
        "DescriptionModule":{
          "BriefSummary":"This study will try to learn more about the genetic cause and symptoms of microphthalmia (small eyes) or anophthalmia (absence of one or both eyes).\n\nPatients with microphthalmia or anophthalmia with mental retardation may be eligible for this study. Patients' parents and siblings will also be included for genetic studies. Patients may participate in both the clinical and laboratory parts of the study or just the laboratory part, as described below:\n\nLaboratory\n\nThe laboratory study consists of DNA analysis to determine the genetic cause of microphthalmia/anophthalmia. The DNA sample is obtained using one of the following methods:\n\nBlood draw - for young children, a numbing cream is applied to the skin before the needlestick to decrease the pain\nSkin biopsy - a small piece of skin (about 1/8-inch in diameter) is removed surgically after the area has been numbed with an anesthetic\nCotton swab - a specimen is collected from inside the cheek using a cotton swab. This is done only for patients who cannot provide a blood or skin sample.\nPrenatal sample - If, in the case of newborns, specimens are left from prenatal testing, these can be used instead of a blood sample.\n\nSome patients may have a permanent cell line grown from the blood or skin sample for use in future research tests.\n\nClinical\n\nFor the clinical study, participants undergo some or all of the following procedures at the NIH Clinical Center:\n\nPhysical examination\nClinical photographs, X-rays, blood tests\nMagnetic resonance imaging (MRI) scan of the brain - a diagnostic procedure that uses a magnetic field and radio waves instead of X-rays to produce images of the brain",
          "DetailedDescription":"We propose to identify and analyze the underlying mechanistic pathway of X-linked microphthalmia/anophthalmia. This is a heterogeneous group that includes syndromic microphthalmia 1 (MCOPS1) OMIM #309800, and syndromic microphthalmia 2 (MCOPS2) OMIM #300166 and other, as yet to be defined, malformations of the globe. We have identified a causative gene for MCOPS1 (Ng, et al 2004). To further delineate these conditions, we will study families with these features through a combined clinical and molecular approach. Specimens will be collected and evaluated in the laboratory by linkage analysis, physical mapping, candidate gene characterization, mutation screening, genotype-phenotype correlation, and cell biologic studies of normal and mutant proteins."
        },
        "ConditionsModule":{
          "ConditionList":{
            "Condition":[
              "Anophthalmos"
            ]
          },
          "KeywordList":{
            "Keyword":[
              "X-Linked",
              "Heterogeneous",
              "Embryologic Development",
              "Mental Retardation",
              "Brain Development",
              "Microphthalmia",
              "Anophthalmia",
              "Malformations",
              "Lenz Dysplasia",
              "Microphthalmia/Anophthalmia",
              "Mutation Screening",
              "Gene Characterization"
            ]
          }
        },
        "DesignModule":{
          "StudyType":"Observational",
          "EnrollmentInfo":{
            "EnrollmentCount":"450"
          }
        },
        "EligibilityModule":{
          "EligibilityCriteria":"INCLUSION CRITERIA:\n\nInclusion criteria will consist of affected individuals with unilateral or bilateral microphthalmia/anophthalmia from families with an X-linked mode of transmission. In addition, we may analyze patients with mental retardation with or without eye defects to allow genotype phenotype correlation studies. Parents and siblings will be included for linkage analysis. Unaffected non-transmitting parents may be included to clarify haplotype status. In addition, families with X-linked microphthalmia/anophthalmia with associated anomalies such as Lenz dysplasia and other X-linked microphthalmia/anophthalmia syndromes will be analyzed to determine if these conditions are allelic. Sporadic cases of microphthalmia with or without mental retardation may be considered for study, along with parents and unaffected siblings. Unaffected subjects may also be enrolled if needed for controls.\n\nSpecimens from patients collected at outside institutions may be accepted into the study if they were collected under an IRB-approved protocol at a multiple project assurance (FWA) institution or if the IRB waives review of the study and allows usage of the NIH consent. Some of these patient samples may represent overlapping phenotypes (e.g., laterality defects) and not microphthalmia. Inheritance patterns may not be known for these.\n\nEXCLUSION CRITERIA:\n\nIf the patient has microphthalmia/anophthalmia with autosomal recessive, autosomal dominant pattern of inheritance, the family will be excluded. While this criterion should enrich for X-linked syndromic microphthalmia, the rarity of the disorder necessitates that we will accept small families and even sporadic cases if they have substantial clinical overlap with Lenz or OFCD.",
          "HealthyVolunteers":"No",
          "Gender":"All",
          "StdAgeList":{
            "StdAge":[
              "Child",
              "Adult",
              "Older Adult"
            ]
          }
        },
        "ContactsLocationsModule":{
          "LocationList":{
            "Location":[
              {
                "LocationFacility":"National Institutes of Health Clinical Center, 9000 Rockville Pike",
                "LocationCity":"Bethesda",
                "LocationState":"Maryland",
                "LocationZip":"20892",
                "LocationCountry":"United States"
              }
            ]
          }
        },
        "ReferencesModule":{
          "ReferenceList":{
            "Reference":[
              {
                "ReferencePMID":"3621661",
                "ReferenceType":"background",
                "ReferenceCitation":"Sensi A, Incorvaia C, Sebastiani A, Calzolari E. Clinical anophthalmos in a family. Clin Genet. 1987 Sep;32(3):156-9."
              },{
                "ReferencePMID":"8958326",
                "ReferenceType":"background",
                "ReferenceCitation":"Seemanová E, Lesný I. X-linked microcephaly, microphthalmia, microcornea, congenital cataract, hypogenitalism, mental deficiency, growth retardation, spasticity: possible new syndrome. Am J Med Genet. 1996 Dec 11;66(2):179-83."
              },{
                "ReferencePMID":"6538407",
                "ReferenceType":"background",
                "ReferenceCitation":"Brunquell PJ, Papale JH, Horton JC, Williams RS, Zgrabik MJ, Albert DM, Hedley-Whyte ET. Sex-linked hereditary bilateral anophthalmos. Pathologic and radiologic correlation. Arch Ophthalmol. 1984 Jan;102(1):108-13."
              }
            ]
          }
        }
      },
      "DerivedSection":{
        "MiscInfoModule":{
          "VersionHolder":"April 19, 2021",
          "RemovedCountryList":{
            "RemovedCountry":[
              "Canada"
            ]
          }
        },
        "ConditionBrowseModule":{
          "ConditionMeshList":{
            "ConditionMesh":[
              {
                "ConditionMeshId":"D000008850",
                "ConditionMeshTerm":"Microphthalmos"
              },{
                "ConditionMeshId":"D000000853",
                "ConditionMeshTerm":"Anophthalmos"
              }
            ]
          },
          "ConditionAncestorList":{
            "ConditionAncestor":[
              {
                "ConditionAncestorId":"D000005124",
                "ConditionAncestorTerm":"Eye Abnormalities"
              },{
                "ConditionAncestorId":"D000005128",
                "ConditionAncestorTerm":"Eye Diseases"
              },{
                "ConditionAncestorId":"D000000013",
                "ConditionAncestorTerm":"Congenital Abnormalities"
              }
            ]
          },
          "ConditionBrowseLeafList":{
            "ConditionBrowseLeaf":[
              {
                "ConditionBrowseLeafId":"M12",
                "ConditionBrowseLeafName":"Congenital Abnormalities",
                "ConditionBrowseLeafRelevance":"low"
              },{
                "ConditionBrowseLeafId":"M10172",
                "ConditionBrowseLeafName":"Intellectual Disability",
                "ConditionBrowseLeafRelevance":"low"
              },{
                "ConditionBrowseLeafId":"M10404",
                "ConditionBrowseLeafName":"Microphthalmos",
                "ConditionBrowseLeafAsFound":"Microphthalmia",
                "ConditionBrowseLeafRelevance":"high"
              },{
                "ConditionBrowseLeafId":"M2760",
                "ConditionBrowseLeafName":"Anophthalmos",
                "ConditionBrowseLeafAsFound":"Anophthalmia",
                "ConditionBrowseLeafRelevance":"high"
              },{
                "ConditionBrowseLeafId":"M6850",
                "ConditionBrowseLeafName":"Eye Abnormalities",
                "ConditionBrowseLeafRelevance":"low"
              },{
                "ConditionBrowseLeafId":"M6854",
                "ConditionBrowseLeafName":"Eye Diseases",
                "ConditionBrowseLeafRelevance":"low"
              },{
                "ConditionBrowseLeafId":"T3796",
                "ConditionBrowseLeafName":"Microphthalmia",
                "ConditionBrowseLeafAsFound":"Microphthalmia",
                "ConditionBrowseLeafRelevance":"high"
              }
            ]
          },
          "ConditionBrowseBranchList":{
            "ConditionBrowseBranch":[
              {
                "ConditionBrowseBranchAbbrev":"BC16",
                "ConditionBrowseBranchName":"Diseases and Abnormalities at or Before Birth"
              },{
                "ConditionBrowseBranchAbbrev":"All",
                "ConditionBrowseBranchName":"All Conditions"
              },{
                "ConditionBrowseBranchAbbrev":"BC10",
                "ConditionBrowseBranchName":"Nervous System Diseases"
              },{
                "ConditionBrowseBranchAbbrev":"BC23",
                "ConditionBrowseBranchName":"Symptoms and General Pathology"
              },{
                "ConditionBrowseBranchAbbrev":"BXM",
                "ConditionBrowseBranchName":"Behaviors and Mental Disorders"
              },{
                "ConditionBrowseBranchAbbrev":"BC11",
                "ConditionBrowseBranchName":"Eye Diseases"
              },{
                "ConditionBrowseBranchAbbrev":"Rare",
                "ConditionBrowseBranchName":"Rare Diseases"
              }
            ]
          }
        }
      }
    }
  }
}

