{
  "FullStudy":{
    "Rank":368315,
    "Study":{
      "ProtocolSection":{
        "IdentificationModule":{
          "NCTId":"NCT00018265",
          "OrgStudyIdInfo":{
            "OrgStudyId":"AGCG-003-99S"
          },
          "Organization":{
            "OrgFullName":"VA Office of Research and Development",
            "OrgClass":"FED"
          },
          "BriefTitle":"Fitness and Daily Function in Adults",
          "OfficialTitle":"Oxygen Kinetics, Mobility Task Performance, and Task Training in Older Adults"
        },
        "StatusModule":{
          "StatusVerifiedDate":"December 2004",
          "OverallStatus":"Completed",
          "ExpandedAccessInfo":{
            "HasExpandedAccess":"No"
          },
          "StartDateStruct":{
            "StartDate":"October 1999"
          },
          "CompletionDateStruct":{
            "CompletionDate":"September 2003"
          },
          "StudyFirstSubmitDate":"July 3, 2001",
          "StudyFirstSubmitQCDate":"July 4, 2001",
          "StudyFirstPostDateStruct":{
            "StudyFirstPostDate":"July 5, 2001",
            "StudyFirstPostDateType":"Estimate"
          },
          "LastUpdateSubmitDate":"January 20, 2009",
          "LastUpdatePostDateStruct":{
            "LastUpdatePostDate":"January 21, 2009",
            "LastUpdatePostDateType":"Estimate"
          }
        },
        "SponsorCollaboratorsModule":{
          "LeadSponsor":{
            "LeadSponsorName":"US Department of Veterans Affairs",
            "LeadSponsorClass":"FED"
          }
        },
        "OversightModule":{},
        "DescriptionModule":{
          "BriefSummary":"The purpose of this study is to examine the impact of aerobic fitness on the ability of able and disabled older adults to perform daily functional activities. Subjects are tested in their oxygen use patterns as they perform a series of functional tasks (such as walking on stairs) and following a 24-week training program focused on improving the ability to perform daily tasks likely requiring aerobic fitness (such as walking on stairs)."
        },
        "ConditionsModule":{
          "ConditionList":{
            "Condition":[
              "Cardiovascular Disease"
            ]
          },
          "KeywordList":{
            "Keyword":[
              "Rehabilitation",
              "exercise test",
              "aging"
            ]
          }
        },
        "DesignModule":{
          "StudyType":"Interventional",
          "PhaseList":{
            "Phase":[
              "Phase 3"
            ]
          },
          "DesignInfo":{
            "DesignAllocation":"Randomized",
            "DesignInterventionModel":"Single Group Assignment",
            "DesignPrimaryPurpose":"Treatment",
            "DesignMaskingInfo":{
              "DesignMasking":"Single"
            }
          },
          "EnrollmentInfo":{
            "EnrollmentCount":"140"
          }
        },
        "ArmsInterventionsModule":{
          "InterventionList":{
            "Intervention":[
              {
                "InterventionType":"Behavioral",
                "InterventionName":"Task specific endurance training"
              },{
                "InterventionType":"Behavioral",
                "InterventionName":"Tai Chi"
              }
            ]
          }
        },
        "EligibilityModule":{
          "EligibilityCriteria":"Both healthy and self-reported mobility-impaired older adults",
          "HealthyVolunteers":"Accepts Healthy Volunteers",
          "Gender":"All",
          "MinimumAge":"65 Years",
          "StdAgeList":{
            "StdAge":[
              "Older Adult"
            ]
          }
        },
        "ContactsLocationsModule":{
          "OverallOfficialList":{
            "OverallOfficial":[
              {
                "OverallOfficialName":"Donald Dengel"
              }
            ]
          },
          "LocationList":{
            "Location":[
              {
                "LocationFacility":"Ann Arbor Healthcare System",
                "LocationCity":"Ann Arbor",
                "LocationState":"Michigan",
                "LocationZip":"48105",
                "LocationCountry":"United States"
              }
            ]
          }
        }
      },
      "DerivedSection":{
        "MiscInfoModule":{
          "VersionHolder":"April 19, 2021"
        },
        "ConditionBrowseModule":{
          "ConditionMeshList":{
            "ConditionMesh":[
              {
                "ConditionMeshId":"D000002318",
                "ConditionMeshTerm":"Cardiovascular Diseases"
              }
            ]
          }
        }
      }
    }
  }
}

