{
  "FullStudy":{
    "Rank":368875,
    "Study":{
      "ProtocolSection":{
        "IdentificationModule":{
          "NCTId":"NCT00010036",
          "OrgStudyIdInfo":{
            "OrgStudyId":"CDR0000068435"
          },
          "SecondaryIdInfoList":{
            "SecondaryIdInfo":[
              {
                "SecondaryId":"P30CA016087",
                "SecondaryIdType":"U.S. NIH Grant/Contract",
                "SecondaryIdLink":"https://projectreporter.nih.gov/reporterapi.cfm?PROJECTNUM=P30CA016087&Fy=all"
              },{
                "SecondaryId":"NYU-9902"
              },{
                "SecondaryId":"P-UPJOHN-986475197"
              },{
                "SecondaryId":"NCI-G00-1909"
              }
            ]
          },
          "Organization":{
            "OrgFullName":"NYU Langone Health",
            "OrgClass":"OTHER"
          },
          "BriefTitle":"Carboplatin Plus Irinotecan in Treating Patients With Glioblastoma Multiforme",
          "OfficialTitle":"A Phase I/II Trial of CPT-11 With Carboplatin in Patients With Glioblastoma Multiforme Prior to Radiation Therapy"
        },
        "StatusModule":{
          "StatusVerifiedDate":"March 2011",
          "OverallStatus":"Completed",
          "ExpandedAccessInfo":{
            "HasExpandedAccess":"No"
          },
          "StartDateStruct":{
            "StartDate":"May 1999"
          },
          "PrimaryCompletionDateStruct":{
            "PrimaryCompletionDate":"October 2001",
            "PrimaryCompletionDateType":"Actual"
          },
          "StudyFirstSubmitDate":"February 2, 2001",
          "StudyFirstSubmitQCDate":"September 3, 2003",
          "StudyFirstPostDateStruct":{
            "StudyFirstPostDate":"September 4, 2003",
            "StudyFirstPostDateType":"Estimate"
          },
          "LastUpdateSubmitDate":"March 25, 2011",
          "LastUpdatePostDateStruct":{
            "LastUpdatePostDate":"March 28, 2011",
            "LastUpdatePostDateType":"Estimate"
          }
        },
        "SponsorCollaboratorsModule":{
          "LeadSponsor":{
            "LeadSponsorName":"NYU Langone Health",
            "LeadSponsorClass":"OTHER"
          },
          "CollaboratorList":{
            "Collaborator":[
              {
                "CollaboratorName":"National Cancer Institute (NCI)",
                "CollaboratorClass":"NIH"
              }
            ]
          }
        },
        "OversightModule":{},
        "DescriptionModule":{
          "BriefSummary":"RATIONALE: Drugs used in chemotherapy use different ways to stop tumor cells from dividing so they stop growing or die. Combining more than one drug may kill more tumor cells.\n\nPURPOSE: Phase II trial to study the effectiveness of combining carboplatin with irinotecan in treating patients who have glioblastoma multiforme.",
          "DetailedDescription":"OBJECTIVES:\n\nDetermine the maximum tolerated dose (MTD) of carboplatin and irinotecan in patients with glioblastoma multiforme. (Phase I closed to accrual as of 6/24/02)\nDetermine the toxic effects of this regimen in these patients.\nDetermine the objective response in patients treated with the established MTD of this regimen.\nDetermine time to tumor progression and survival of patients treated with this regimen.\n\nOUTLINE: This is a dose-escalation study. Patients in the phase II portion of the study are stratified according to age (under 60 vs 60 and over), ECOG performance status (0-1 vs 2), and extent of resection (total vs subtotal). (Phase I closed to accrual as of 6/24/02)\n\nWithin 4 weeks of surgery, patients receive carboplatin IV over 30 minutes followed by irinotecan IV over 90 minutes on day 1. Treatment repeats every 4 weeks for a maximum of 6 courses in the absence of disease progression or unacceptable toxicity.\n\nCohorts of 3-6 patients receive escalating doses of carboplatin and irinotecan until the maximum tolerated dose (MTD) is determined. The MTD is defined as the dose preceding that at which 2 of 3 or 2 of 6 patients experience dose-limiting toxicity. Once the MTD is determined, additional patients are accrued to receive carboplatin and irinotecan at the recommended phase II dose. (Phase I closed to accrual as of 6/24/02)\n\nAfter chemotherapy, all patients undergo radiotherapy.\n\nPatients are followed for 30 days.\n\nPROJECTED ACCRUAL: A total of 24-107 patients (3-54 for phase I and 21-53 for phase II) will be accrued for this study. (Phase I closed to accrual as of 6/24/02)"
        },
        "ConditionsModule":{
          "ConditionList":{
            "Condition":[
              "Brain and Central Nervous System Tumors"
            ]
          },
          "KeywordList":{
            "Keyword":[
              "adult glioblastoma",
              "adult giant cell glioblastoma",
              "adult gliosarcoma"
            ]
          }
        },
        "DesignModule":{
          "StudyType":"Interventional",
          "PhaseList":{
            "Phase":[
              "Phase 2"
            ]
          },
          "DesignInfo":{
            "DesignPrimaryPurpose":"Treatment"
          }
        },
        "ArmsInterventionsModule":{
          "InterventionList":{
            "Intervention":[
              {
                "InterventionType":"Drug",
                "InterventionName":"carboplatin"
              },{
                "InterventionType":"Drug",
                "InterventionName":"irinotecan hydrochloride"
              },{
                "InterventionType":"Radiation",
                "InterventionName":"radiation therapy"
              }
            ]
          }
        },
        "EligibilityModule":{
          "EligibilityCriteria":"DISEASE CHARACTERISTICS:\n\nHistologically confirmed glioblastoma multiforme\nMeasurable disease\nNo CNS metastases or carcinomatous meningitis\n\nPATIENT CHARACTERISTICS:\n\nAge:\n\n18 and over\n\nPerformance status:\n\nECOG 0-2 OR\nKarnofsky 70-100%\n\nLife expectancy:\n\nAt least 12 weeks\n\nHematopoietic:\n\nGranulocyte count greater than 1,500/mm^3\nPlatelet count greater than 100,000/mm^3\nHemoglobin at least 9.0 g/dL\n\nHepatic:\n\nBilirubin no greater than 1.5 mg/dL\nSGOT no greater than 3 times upper limit of normal (ULN) (5 times ULN if liver involvement)\nNo known Gilbert's syndrome\n\nRenal:\n\nCreatinine no greater than 1.5 mg/dL\n\nCardiovascular:\n\nNo myocardial infarction within the past 6 months\nNo congestive heart failure requiring therapy\n\nOther:\n\nHIV negative\nNo active or uncontrolled infection\nNo psychiatric disorder that would preclude study\nNo other malignancy within the past 5 years except adequately treated basal cell or squamous cell skin cancer or carcinoma in situ of the cervix\nNo uncontrolled diabetes mellitus (i.e., random blood sugar of 200 mg or more)\nNo other severe disease that would preclude study\nNot pregnant or nursing\nNegative pregnancy test\nFertile patients must use effective contraception\n\nPRIOR CONCURRENT THERAPY:\n\nBiologic therapy:\n\nNo prior immunotherapy or biologic therapy\nNo concurrent sargramostim (GM-CSF)\nNo concurrent filgrastim (G-CSF) with course 1\nNo concurrent immunotherapy\n\nChemotherapy:\n\nNo prior chemotherapy\nNo other concurrent chemotherapy\n\nEndocrine therapy:\n\nMust have maintained a stable or decreasing dose of corticosteroids for 2 weeks prior to study\nConcurrent corticosteroids for cerebral edema allowed\nNo concurrent anticancer hormonal therapy\n\nRadiotherapy:\n\nNo prior radiotherapy\nNo concurrent radiotherapy\n\nSurgery:\n\nAt least 2 weeks since prior surgery\n\nOther:\n\nNo other concurrent investigational agent or participation on any other clinical study\nNo concurrent immunosuppressive drugs\nNo concurrent phenobarbital or valproic acid\nNo concurrent anticonvulsants except carbamazepine or gabapentin\nNo concurrent prochlorperazine on day of irinotecan treatment",
          "HealthyVolunteers":"No",
          "Gender":"All",
          "MinimumAge":"18 Years",
          "StdAgeList":{
            "StdAge":[
              "Adult",
              "Older Adult"
            ]
          }
        },
        "ContactsLocationsModule":{
          "OverallOfficialList":{
            "OverallOfficial":[
              {
                "OverallOfficialName":"Michael L. Gruber, MD",
                "OverallOfficialAffiliation":"NYU Langone Health",
                "OverallOfficialRole":"Study Chair"
              }
            ]
          },
          "LocationList":{
            "Location":[
              {
                "LocationFacility":"NYU School of Medicine's Kaplan Comprehensive Cancer Center",
                "LocationCity":"New York",
                "LocationState":"New York",
                "LocationZip":"10016",
                "LocationCountry":"United States"
              }
            ]
          }
        }
      },
      "DerivedSection":{
        "MiscInfoModule":{
          "VersionHolder":"April 19, 2021"
        },
        "ConditionBrowseModule":{
          "ConditionMeshList":{
            "ConditionMesh":[
              {
                "ConditionMeshId":"D000005909",
                "ConditionMeshTerm":"Glioblastoma"
              },{
                "ConditionMeshId":"D000009423",
                "ConditionMeshTerm":"Nervous System Neoplasms"
              },{
                "ConditionMeshId":"D000016543",
                "ConditionMeshTerm":"Central Nervous System Neoplasms"
              }
            ]
          },
          "ConditionAncestorList":{
            "ConditionAncestor":[
              {
                "ConditionAncestorId":"D000001254",
                "ConditionAncestorTerm":"Astrocytoma"
              },{
                "ConditionAncestorId":"D000005910",
                "ConditionAncestorTerm":"Glioma"
              },{
                "ConditionAncestorId":"D000018302",
                "ConditionAncestorTerm":"Neoplasms, Neuroepithelial"
              },{
                "ConditionAncestorId":"D000017599",
                "ConditionAncestorTerm":"Neuroectodermal Tumors"
              },{
                "ConditionAncestorId":"D000009373",
                "ConditionAncestorTerm":"Neoplasms, Germ Cell and Embryonal"
              },{
                "ConditionAncestorId":"D000009370",
                "ConditionAncestorTerm":"Neoplasms by Histologic Type"
              },{
                "ConditionAncestorId":"D000009369",
                "ConditionAncestorTerm":"Neoplasms"
              },{
                "ConditionAncestorId":"D000009375",
                "ConditionAncestorTerm":"Neoplasms, Glandular and Epithelial"
              },{
                "ConditionAncestorId":"D000009380",
                "ConditionAncestorTerm":"Neoplasms, Nerve Tissue"
              },{
                "ConditionAncestorId":"D000009371",
                "ConditionAncestorTerm":"Neoplasms by Site"
              },{
                "ConditionAncestorId":"D000009422",
                "ConditionAncestorTerm":"Nervous System Diseases"
              }
            ]
          },
          "ConditionBrowseLeafList":{
            "ConditionBrowseLeaf":[
              {
                "ConditionBrowseLeafId":"M7602",
                "ConditionBrowseLeafName":"Glioblastoma",
                "ConditionBrowseLeafAsFound":"Glioblastoma",
                "ConditionBrowseLeafRelevance":"high"
              },{
                "ConditionBrowseLeafId":"M19044",
                "ConditionBrowseLeafName":"Gliosarcoma",
                "ConditionBrowseLeafRelevance":"low"
              },{
                "ConditionBrowseLeafId":"M17520",
                "ConditionBrowseLeafName":"Central Nervous System Neoplasms",
                "ConditionBrowseLeafAsFound":"Central Nervous System Tumors",
                "ConditionBrowseLeafRelevance":"high"
              },{
                "ConditionBrowseLeafId":"M10950",
                "ConditionBrowseLeafName":"Nervous System Neoplasms",
                "ConditionBrowseLeafAsFound":"Nervous System Tumors",
                "ConditionBrowseLeafRelevance":"high"
              },{
                "ConditionBrowseLeafId":"M3142",
                "ConditionBrowseLeafName":"Astrocytoma",
                "ConditionBrowseLeafRelevance":"low"
              },{
                "ConditionBrowseLeafId":"M7603",
                "ConditionBrowseLeafName":"Glioma",
                "ConditionBrowseLeafRelevance":"low"
              },{
                "ConditionBrowseLeafId":"M19030",
                "ConditionBrowseLeafName":"Neoplasms, Neuroepithelial",
                "ConditionBrowseLeafRelevance":"low"
              },{
                "ConditionBrowseLeafId":"M18428",
                "ConditionBrowseLeafName":"Neuroectodermal Tumors",
                "ConditionBrowseLeafRelevance":"low"
              },{
                "ConditionBrowseLeafId":"M18971",
                "ConditionBrowseLeafName":"Neuroectodermal Tumors, Primitive",
                "ConditionBrowseLeafRelevance":"low"
              },{
                "ConditionBrowseLeafId":"M10901",
                "ConditionBrowseLeafName":"Neoplasms, Germ Cell and Embryonal",
                "ConditionBrowseLeafRelevance":"low"
              },{
                "ConditionBrowseLeafId":"M10898",
                "ConditionBrowseLeafName":"Neoplasms by Histologic Type",
                "ConditionBrowseLeafRelevance":"low"
              },{
                "ConditionBrowseLeafId":"M10903",
                "ConditionBrowseLeafName":"Neoplasms, Glandular and Epithelial",
                "ConditionBrowseLeafRelevance":"low"
              },{
                "ConditionBrowseLeafId":"M10908",
                "ConditionBrowseLeafName":"Neoplasms, Nerve Tissue",
                "ConditionBrowseLeafRelevance":"low"
              },{
                "ConditionBrowseLeafId":"T2518",
                "ConditionBrowseLeafName":"Glioblastoma",
                "ConditionBrowseLeafAsFound":"Glioblastoma",
                "ConditionBrowseLeafRelevance":"high"
              },{
                "ConditionBrowseLeafId":"T2522",
                "ConditionBrowseLeafName":"Gliosarcoma",
                "ConditionBrowseLeafRelevance":"low"
              },{
                "ConditionBrowseLeafId":"T2519",
                "ConditionBrowseLeafName":"Glioma",
                "ConditionBrowseLeafRelevance":"low"
              },{
                "ConditionBrowseLeafId":"T4092",
                "ConditionBrowseLeafName":"Neuroepithelioma",
                "ConditionBrowseLeafRelevance":"low"
              }
            ]
          },
          "ConditionBrowseBranchList":{
            "ConditionBrowseBranch":[
              {
                "ConditionBrowseBranchAbbrev":"BC04",
                "ConditionBrowseBranchName":"Cancers and Other Neoplasms"
              },{
                "ConditionBrowseBranchAbbrev":"All",
                "ConditionBrowseBranchName":"All Conditions"
              },{
                "ConditionBrowseBranchAbbrev":"BC10",
                "ConditionBrowseBranchName":"Nervous System Diseases"
              },{
                "ConditionBrowseBranchAbbrev":"Rare",
                "ConditionBrowseBranchName":"Rare Diseases"
              }
            ]
          }
        },
        "InterventionBrowseModule":{
          "InterventionMeshList":{
            "InterventionMesh":[
              {
                "InterventionMeshId":"D000016190",
                "InterventionMeshTerm":"Carboplatin"
              },{
                "InterventionMeshId":"D000077146",
                "InterventionMeshTerm":"Irinotecan"
              }
            ]
          },
          "InterventionAncestorList":{
            "InterventionAncestor":[
              {
                "InterventionAncestorId":"D000000970",
                "InterventionAncestorTerm":"Antineoplastic Agents"
              },{
                "InterventionAncestorId":"D000059004",
                "InterventionAncestorTerm":"Topoisomerase I Inhibitors"
              },{
                "InterventionAncestorId":"D000059003",
                "InterventionAncestorTerm":"Topoisomerase Inhibitors"
              },{
                "InterventionAncestorId":"D000004791",
                "InterventionAncestorTerm":"Enzyme Inhibitors"
              },{
                "InterventionAncestorId":"D000045504",
                "InterventionAncestorTerm":"Molecular Mechanisms of Pharmacological Action"
              }
            ]
          },
          "InterventionBrowseLeafList":{
            "InterventionBrowseLeaf":[
              {
                "InterventionBrowseLeafId":"M17233",
                "InterventionBrowseLeafName":"Carboplatin",
                "InterventionBrowseLeafAsFound":"Over",
                "InterventionBrowseLeafRelevance":"high"
              },{
                "InterventionBrowseLeafId":"M1671",
                "InterventionBrowseLeafName":"Irinotecan",
                "InterventionBrowseLeafAsFound":"Route",
                "InterventionBrowseLeafRelevance":"high"
              },{
                "InterventionBrowseLeafId":"M27936",
                "InterventionBrowseLeafName":"Topoisomerase I Inhibitors",
                "InterventionBrowseLeafRelevance":"low"
              }
            ]
          },
          "InterventionBrowseBranchList":{
            "InterventionBrowseBranch":[
              {
                "InterventionBrowseBranchAbbrev":"ANeo",
                "InterventionBrowseBranchName":"Antineoplastic Agents"
              },{
                "InterventionBrowseBranchAbbrev":"All",
                "InterventionBrowseBranchName":"All Drugs and Chemicals"
              }
            ]
          }
        }
      }
    }
  }
}

