{
  "FullStudy":{
    "Rank":368416,
    "Study":{
      "ProtocolSection":{
        "IdentificationModule":{
          "NCTId":"NCT00016874",
          "OrgStudyIdInfo":{
            "OrgStudyId":"VION-CLI-015"
          },
          "SecondaryIdInfoList":{
            "SecondaryIdInfo":[
              {
                "SecondaryId":"CDR0000068591",
                "SecondaryIdType":"Registry Identifier",
                "SecondaryIdDomain":"PDQ (Physician Data Query)"
              },{
                "SecondaryId":"AECM-1200012380"
              },{
                "SecondaryId":"NCI-V01-1658"
              }
            ]
          },
          "Organization":{
            "OrgFullName":"National Cancer Institute (NCI)",
            "OrgClass":"NIH"
          },
          "BriefTitle":"3-AP Plus Cisplatin and Paclitaxel in Treating Patients With Advanced or Metastatic Cancer",
          "OfficialTitle":"A Phase I Study Of 3-Aminopyridine-2-Carboxaldehyde Thiosemicarbazone (3-AP, Triapine) In Combination With Cisplatin And Paclitaxel In Patients With Advanced And Metastatic Cancer"
        },
        "StatusModule":{
          "StatusVerifiedDate":"December 2007",
          "OverallStatus":"Completed",
          "ExpandedAccessInfo":{
            "HasExpandedAccess":"No"
          },
          "StartDateStruct":{
            "StartDate":"December 2000"
          },
          "CompletionDateStruct":{
            "CompletionDate":"January 2008",
            "CompletionDateType":"Actual"
          },
          "StudyFirstSubmitDate":"June 6, 2001",
          "StudyFirstSubmitQCDate":"September 8, 2003",
          "StudyFirstPostDateStruct":{
            "StudyFirstPostDate":"September 9, 2003",
            "StudyFirstPostDateType":"Estimate"
          },
          "LastUpdateSubmitDate":"July 17, 2013",
          "LastUpdatePostDateStruct":{
            "LastUpdatePostDate":"July 18, 2013",
            "LastUpdatePostDateType":"Estimate"
          }
        },
        "SponsorCollaboratorsModule":{
          "LeadSponsor":{
            "LeadSponsorName":"Vion Pharmaceuticals",
            "LeadSponsorClass":"INDUSTRY"
          }
        },
        "OversightModule":{},
        "DescriptionModule":{
          "BriefSummary":"RATIONALE: Drugs used in chemotherapy use different ways to stop tumor cells from dividing so they stop growing or die. Combining more than one drug may kill more tumor cells.\n\nPURPOSE: Phase I trial to study the effectiveness of combining 3-AP, cisplatin, and paclitaxel in treating patients who have advanced or metastatic cancer.",
          "DetailedDescription":"OBJECTIVES:\n\nDetermine the safety and tolerability of 3-AP, cisplatin, and paclitaxel in patients with advanced or metastatic cancer.\nDetermine the toxic effects of this regimen in these patients.\nDetermine the maximum tolerated dose and recommended phase II dose of this regimen in these patients.\nDetermine the pharmacokinetic parameters of this regimen in these patients.\nDetermine the tumor response in patients treated with this regimen.\n\nOUTLINE: This is a dose-escalation study.\n\nPatients receive 3-AP IV continuously over 96 hours on days 1-4 and paclitaxel IV over 3 hours followed by cisplatin IV over 1 hour on day 3. Courses repeat every 21 days in the absence of disease progression or unacceptable toxicity. Patients achieving complete response (CR) receive 1 additional course of therapy after documented CR. Patients with partial response or stable disease may receive therapy for up to 6 months.\n\nCohorts of 1-6 patients receive escalating doses of 3-AP, paclitaxel, and cisplatin until the maximum tolerated dose (MTD) is determined. The MTD is defined as the dose preceding that at which 2 of 6 patients experience dose-limiting toxicity.\n\nPROJECTED ACCRUAL: Approximately 25-30 patients will be accrued for this study."
        },
        "ConditionsModule":{
          "ConditionList":{
            "Condition":[
              "Unspecified Adult Solid Tumor, Protocol Specific"
            ]
          },
          "KeywordList":{
            "Keyword":[
              "unspecified adult solid tumor, protocol specific"
            ]
          }
        },
        "DesignModule":{
          "StudyType":"Interventional",
          "PhaseList":{
            "Phase":[
              "Phase 1"
            ]
          },
          "DesignInfo":{
            "DesignPrimaryPurpose":"Treatment"
          }
        },
        "ArmsInterventionsModule":{
          "InterventionList":{
            "Intervention":[
              {
                "InterventionType":"Drug",
                "InterventionName":"cisplatin"
              },{
                "InterventionType":"Drug",
                "InterventionName":"paclitaxel"
              },{
                "InterventionType":"Drug",
                "InterventionName":"triapine"
              }
            ]
          }
        },
        "EligibilityModule":{
          "EligibilityCriteria":"DISEASE CHARACTERISTICS:\n\nHistologically confirmed progressive advanced or metastatic cancer\n\nFailed 1 or more prior standard therapies for disease OR\nUnlikely to respond to any currently available therapies\nMeasurable or evaluable disease\n\nNo active CNS metastases\n\nPreviously treated CNS metastases allowed if no evidence of new CNS metastases and stable for at least 2 months\n\nPATIENT CHARACTERISTICS:\n\nAge:\n\n18 and over\n\nPerformance status:\n\nECOG 0-1\n\nLife expectancy:\n\nMore than 3 months\n\nHematopoietic:\n\nAbsolute neutrophil count at least 1,500/mm^3\nPlatelet count at least 100,000/mm^3\nHemoglobin at least 10 g/dL (transfusion allowed)\nNo active bleeding or coagulation disorder (occult blood for gastrointestinal cancer allowed)\n\nHepatic:\n\nBilirubin no greater than 1.5 mg/dL\nALT/AST no greater than 3 times upper limit of normal (ULN) (5 times ULN if liver metastases present)\nAlkaline phosphatase no greater than 3 times ULN (5 times ULN if liver metastases present)\nAlbumin at least 3.0 g/dL\nPT/PTT no greater than 1.5 times ULN\n\nRenal:\n\nCreatinine no greater than 1.5 mg/dL\n\nCardiovascular:\n\nNo active heart disease\nNo myocardial infarction within the past 3 months\nNo symptomatic coronary artery disease, heart block, or uncontrolled congestive heart failure\n\nPulmonary:\n\nNo moderate to severe compromise in pulmonary function\n\nOther:\n\nNo mental deficits and/or psychiatric history that would preclude study\nNo active infection\nNo pre-existing severe hearing impairment\nNo pre-existing grade 2 or greater neuropathy\nNo prior severe allergic reaction to study drugs\nNo other life-threatening illness\nNo chronic toxic effects from prior chemotherapy greater than grade I\nNot pregnant or nursing\nNegative pregnancy test\nFertile patients must use effective contraception during and for 18 months after study participation\n\nPRIOR CONCURRENT THERAPY:\n\nBiologic therapy:\n\nConcurrent hematopoietic growth factors allowed except if used prophylactically during first course of study therapy\n\nChemotherapy:\n\nMore than 3 weeks since prior chemotherapy (6 weeks for nitrosourea or mitomycin) and recovered\nMore than 6 months since prior combination cisplatin and paclitaxel\nPrior cisplatin or paclitaxel as single agents allowed\nPrior 3-AP allowed\n\nEndocrine therapy:\n\nNot specified\n\nRadiotherapy:\n\nMore than 3 weeks since prior radiotherapy and recovered\nConcurrent radiotherapy to a single site of progressive disease allowed if site requires treatment within the first course of study therapy\n\nSurgery:\n\nNot specified\n\nOther:\n\nMore than 3 weeks since any therapy for malignancy and recovered\nNo other concurrent investigational drugs without consent of sponsor",
          "HealthyVolunteers":"No",
          "Gender":"All",
          "MinimumAge":"18 Years",
          "StdAgeList":{
            "StdAge":[
              "Adult",
              "Older Adult"
            ]
          }
        },
        "ContactsLocationsModule":{
          "OverallOfficialList":{
            "OverallOfficial":[
              {
                "OverallOfficialName":"Mario Sznol, MD",
                "OverallOfficialAffiliation":"Vion Pharmaceuticals",
                "OverallOfficialRole":"Study Chair"
              }
            ]
          },
          "LocationList":{
            "Location":[
              {
                "LocationFacility":"Albert Einstein Comprehensive Cancer Center",
                "LocationCity":"Bronx",
                "LocationState":"New York",
                "LocationZip":"10461",
                "LocationCountry":"United States"
              },{
                "LocationFacility":"New York Presbyterian Hospital - Cornell Campus",
                "LocationCity":"New York",
                "LocationState":"New York",
                "LocationZip":"10021",
                "LocationCountry":"United States"
              }
            ]
          }
        }
      },
      "DerivedSection":{
        "MiscInfoModule":{
          "VersionHolder":"April 19, 2021"
        },
        "ConditionBrowseModule":{
          "ConditionMeshList":{
            "ConditionMesh":[
              {
                "ConditionMeshId":"D000009362",
                "ConditionMeshTerm":"Neoplasm Metastasis"
              }
            ]
          },
          "ConditionAncestorList":{
            "ConditionAncestor":[
              {
                "ConditionAncestorId":"D000009385",
                "ConditionAncestorTerm":"Neoplastic Processes"
              },{
                "ConditionAncestorId":"D000009369",
                "ConditionAncestorTerm":"Neoplasms"
              },{
                "ConditionAncestorId":"D000010335",
                "ConditionAncestorTerm":"Pathologic Processes"
              }
            ]
          },
          "ConditionBrowseLeafList":{
            "ConditionBrowseLeaf":[
              {
                "ConditionBrowseLeafId":"M10890",
                "ConditionBrowseLeafName":"Neoplasm Metastasis",
                "ConditionBrowseLeafAsFound":"Metastatic Cancer",
                "ConditionBrowseLeafRelevance":"high"
              },{
                "ConditionBrowseLeafId":"M10913",
                "ConditionBrowseLeafName":"Neoplastic Processes",
                "ConditionBrowseLeafRelevance":"low"
              }
            ]
          },
          "ConditionBrowseBranchList":{
            "ConditionBrowseBranch":[
              {
                "ConditionBrowseBranchAbbrev":"BC04",
                "ConditionBrowseBranchName":"Cancers and Other Neoplasms"
              },{
                "ConditionBrowseBranchAbbrev":"BC23",
                "ConditionBrowseBranchName":"Symptoms and General Pathology"
              },{
                "ConditionBrowseBranchAbbrev":"All",
                "ConditionBrowseBranchName":"All Conditions"
              }
            ]
          }
        },
        "InterventionBrowseModule":{
          "InterventionMeshList":{
            "InterventionMesh":[
              {
                "InterventionMeshId":"D000017239",
                "InterventionMeshTerm":"Paclitaxel"
              },{
                "InterventionMeshId":"D000002945",
                "InterventionMeshTerm":"Cisplatin"
              }
            ]
          },
          "InterventionAncestorList":{
            "InterventionAncestor":[
              {
                "InterventionAncestorId":"D000000972",
                "InterventionAncestorTerm":"Antineoplastic Agents, Phytogenic"
              },{
                "InterventionAncestorId":"D000000970",
                "InterventionAncestorTerm":"Antineoplastic Agents"
              },{
                "InterventionAncestorId":"D000050257",
                "InterventionAncestorTerm":"Tubulin Modulators"
              },{
                "InterventionAncestorId":"D000050256",
                "InterventionAncestorTerm":"Antimitotic Agents"
              },{
                "InterventionAncestorId":"D000050258",
                "InterventionAncestorTerm":"Mitosis Modulators"
              },{
                "InterventionAncestorId":"D000045504",
                "InterventionAncestorTerm":"Molecular Mechanisms of Pharmacological Action"
              }
            ]
          },
          "InterventionBrowseLeafList":{
            "InterventionBrowseLeaf":[
              {
                "InterventionBrowseLeafId":"M4765",
                "InterventionBrowseLeafName":"Cisplatin",
                "InterventionBrowseLeafAsFound":"Per",
                "InterventionBrowseLeafRelevance":"high"
              },{
                "InterventionBrowseLeafId":"M18120",
                "InterventionBrowseLeafName":"Paclitaxel",
                "InterventionBrowseLeafAsFound":"Effect",
                "InterventionBrowseLeafRelevance":"high"
              },{
                "InterventionBrowseLeafId":"M231",
                "InterventionBrowseLeafName":"Albumin-Bound Paclitaxel",
                "InterventionBrowseLeafRelevance":"low"
              },{
                "InterventionBrowseLeafId":"M24784",
                "InterventionBrowseLeafName":"Tubulin Modulators",
                "InterventionBrowseLeafRelevance":"low"
              },{
                "InterventionBrowseLeafId":"M24783",
                "InterventionBrowseLeafName":"Antimitotic Agents",
                "InterventionBrowseLeafRelevance":"low"
              }
            ]
          },
          "InterventionBrowseBranchList":{
            "InterventionBrowseBranch":[
              {
                "InterventionBrowseBranchAbbrev":"ANeo",
                "InterventionBrowseBranchName":"Antineoplastic Agents"
              },{
                "InterventionBrowseBranchAbbrev":"All",
                "InterventionBrowseBranchName":"All Drugs and Chemicals"
              }
            ]
          }
        }
      }
    }
  }
}

