{
  "FullStudy":{
    "Rank":368649,
    "Study":{
      "ProtocolSection":{
        "IdentificationModule":{
          "NCTId":"NCT00013325",
          "OrgStudyIdInfo":{
            "OrgStudyId":"B2140R"
          },
          "Organization":{
            "OrgFullName":"VA Office of Research and Development",
            "OrgClass":"FED"
          },
          "BriefTitle":"Cardiac Disease and the Electrocardiogram in SCI Patients",
          "OfficialTitle":"Cardiac Disease and the Electrocardiogram in SCI Patients"
        },
        "StatusModule":{
          "StatusVerifiedDate":"January 2001",
          "OverallStatus":"Completed",
          "ExpandedAccessInfo":{
            "HasExpandedAccess":"No"
          },
          "StartDateStruct":{
            "StartDate":"October 1999"
          },
          "CompletionDateStruct":{
            "CompletionDate":"September 2002",
            "CompletionDateType":"Actual"
          },
          "StudyFirstSubmitDate":"March 14, 2001",
          "StudyFirstSubmitQCDate":"March 15, 2001",
          "StudyFirstPostDateStruct":{
            "StudyFirstPostDate":"March 16, 2001",
            "StudyFirstPostDateType":"Estimate"
          },
          "LastUpdateSubmitDate":"January 20, 2009",
          "LastUpdatePostDateStruct":{
            "LastUpdatePostDate":"January 21, 2009",
            "LastUpdatePostDateType":"Estimate"
          }
        },
        "SponsorCollaboratorsModule":{
          "LeadSponsor":{
            "LeadSponsorName":"US Department of Veterans Affairs",
            "LeadSponsorClass":"FED"
          }
        },
        "OversightModule":{},
        "DescriptionModule":{
          "BriefSummary":"The purpose of this three-year study is to determine the prevalence and incidence of the different types of cardiac disease and ECG abnormalities in SCI patients. Study goals are: (i) delineation of the specific types of heart disease that occur in the SCI population as manifested both pre-clinically and clinically and (ii) demonstration of their association with ECG findings. This will enable validation of scores and algorithms using the inexpensive and widely available ECG for the prevention of heart disease as well as it's early treatment and rehabilitation in SCI patients.\n\nThe findings will be helpful in demonstrating what cardiological tests are appropriate for the mandated annual evaluation of SCI patients.",
          "DetailedDescription":"The purpose of this three-year study is to determine the prevalence and incidence of the different types of cardiac disease and ECG abnormalities in SCI patients seen at the PAVA SCIC and their association. Study goals include: i) delineation of the specific types of heart disease that occur in the SCI population as manifested both pre-clinically and clinically and ii) demonstration of their association with ECG findings. This will enable validation of scores and algorithms using the inexpensive and widely available ECG for the prevention of heart disease as well as it's early treatment and rehabilitation in SCI patients. Our findings will be helpful in demonstrating what cardiological tests are appropriate for the mandated annual evaluation of SCI patients.\n\nThere are two components to this study:\n\nAn outcomes component to complete information previously gathered in clinical and computerized databases of 800 SCI patients and a convenience sample of age-matched able-bodied veterans and perform a follow up for cardiac events.\n\nA screening component to identify pre-clinical disease will include Holter ECG recordings and echocardiograms on patients without symptoms or evidence for heart disease seen in the SCI center during the course of the study and age-matched able-bodied veterans.\n\nHypothesis (a): The prevalence and incidence of cardiac diseases including coronary artery disease and cardiomyopathy will be higher in the SCI population than age-matched samples of the able-bodied population while valvular disease and arrhythmia will be similar. (b): The prevalence and incidence of cardiac disease in SCI individuals will be associated with level and completeness of injury (ie, higher occurrence in those with higher lesion levels and more complete injuries.) (c) The ECG will be helpful in SCI patients in early identification and secondary prevention of both ischemic and cardiomyopathic heart disease. (d) Continuous Holter ECG recordings or echocardiograms will only be indicated for screening specific SCI patients identified by clinical and electrocardiographic features."
        },
        "ConditionsModule":{
          "ConditionList":{
            "Condition":[
              "Spinal Cord Injury"
            ]
          },
          "KeywordList":{
            "Keyword":[
              "Spinal cord injury, heart disease, electrocardiography"
            ]
          }
        },
        "DesignModule":{
          "StudyType":"Observational",
          "DesignInfo":{
            "DesignTimePerspectiveList":{
              "DesignTimePerspective":[
                "Prospective"
              ]
            }
          },
          "EnrollmentInfo":{
            "EnrollmentCount":"800"
          }
        },
        "ArmsInterventionsModule":{
          "InterventionList":{
            "Intervention":[
              {
                "InterventionType":"Procedure",
                "InterventionName":"Cardiac Disease"
              }
            ]
          }
        },
        "EligibilityModule":{
          "EligibilityCriteria":"SCI patients",
          "HealthyVolunteers":"No",
          "Gender":"All",
          "MinimumAge":"18 Years",
          "StdAgeList":{
            "StdAge":[
              "Adult",
              "Older Adult"
            ]
          }
        },
        "ContactsLocationsModule":{
          "OverallOfficialList":{
            "OverallOfficial":[
              {
                "OverallOfficialName":"John Fryer, Ph.D. Asst. Director",
                "OverallOfficialAffiliation":"Deprtment of Veterans Affairs, Program Analysis and Review Section (PARS), Rehabilitation Research & Development Service"
              },{
                "OverallOfficialName":"Nancy Rocheleau, Program Analyst",
                "OverallOfficialAffiliation":"Department of Veterans Affairs, Program Analysis and Review Section (PARS), Rehabilitation Research & Development Service"
              }
            ]
          },
          "LocationList":{
            "Location":[
              {
                "LocationFacility":"VAMC, Palo Alto",
                "LocationCity":"Palo Alto",
                "LocationState":"California",
                "LocationCountry":"United States"
              }
            ]
          }
        }
      },
      "DerivedSection":{
        "MiscInfoModule":{
          "VersionHolder":"April 19, 2021"
        },
        "ConditionBrowseModule":{
          "ConditionMeshList":{
            "ConditionMesh":[
              {
                "ConditionMeshId":"D000013119",
                "ConditionMeshTerm":"Spinal Cord Injuries"
              },{
                "ConditionMeshId":"D000006331",
                "ConditionMeshTerm":"Heart Diseases"
              }
            ]
          },
          "ConditionAncestorList":{
            "ConditionAncestor":[
              {
                "ConditionAncestorId":"D000013118",
                "ConditionAncestorTerm":"Spinal Cord Diseases"
              },{
                "ConditionAncestorId":"D000002493",
                "ConditionAncestorTerm":"Central Nervous System Diseases"
              },{
                "ConditionAncestorId":"D000009422",
                "ConditionAncestorTerm":"Nervous System Diseases"
              },{
                "ConditionAncestorId":"D000020196",
                "ConditionAncestorTerm":"Trauma, Nervous System"
              },{
                "ConditionAncestorId":"D000014947",
                "ConditionAncestorTerm":"Wounds and Injuries"
              },{
                "ConditionAncestorId":"D000002318",
                "ConditionAncestorTerm":"Cardiovascular Diseases"
              }
            ]
          },
          "ConditionBrowseLeafList":{
            "ConditionBrowseLeaf":[
              {
                "ConditionBrowseLeafId":"M14499",
                "ConditionBrowseLeafName":"Spinal Cord Injuries",
                "ConditionBrowseLeafAsFound":"Spinal Cord Injury",
                "ConditionBrowseLeafRelevance":"high"
              },{
                "ConditionBrowseLeafId":"M8002",
                "ConditionBrowseLeafName":"Heart Diseases",
                "ConditionBrowseLeafAsFound":"Cardiac Disease",
                "ConditionBrowseLeafRelevance":"high"
              },{
                "ConditionBrowseLeafId":"M14498",
                "ConditionBrowseLeafName":"Spinal Cord Diseases",
                "ConditionBrowseLeafRelevance":"low"
              },{
                "ConditionBrowseLeafId":"M4325",
                "ConditionBrowseLeafName":"Central Nervous System Diseases",
                "ConditionBrowseLeafRelevance":"low"
              },{
                "ConditionBrowseLeafId":"M16268",
                "ConditionBrowseLeafName":"Wounds and Injuries",
                "ConditionBrowseLeafRelevance":"low"
              },{
                "ConditionBrowseLeafId":"M20607",
                "ConditionBrowseLeafName":"Trauma, Nervous System",
                "ConditionBrowseLeafRelevance":"low"
              }
            ]
          },
          "ConditionBrowseBranchList":{
            "ConditionBrowseBranch":[
              {
                "ConditionBrowseBranchAbbrev":"BC10",
                "ConditionBrowseBranchName":"Nervous System Diseases"
              },{
                "ConditionBrowseBranchAbbrev":"BC26",
                "ConditionBrowseBranchName":"Wounds and Injuries"
              },{
                "ConditionBrowseBranchAbbrev":"All",
                "ConditionBrowseBranchName":"All Conditions"
              },{
                "ConditionBrowseBranchAbbrev":"BC14",
                "ConditionBrowseBranchName":"Heart and Blood Diseases"
              }
            ]
          }
        }
      }
    }
  }
}

