{
  "FullStudy":{
    "Rank":368467,
    "Study":{
      "ProtocolSection":{
        "IdentificationModule":{
          "NCTId":"NCT00016081",
          "OrgStudyIdInfo":{
            "OrgStudyId":"1290.00"
          },
          "SecondaryIdInfoList":{
            "SecondaryIdInfo":[
              {
                "SecondaryId":"FHCRC-1290.00"
              },{
                "SecondaryId":"NCI-G01-1939"
              },{
                "SecondaryId":"CDR0000068593",
                "SecondaryIdType":"Registry Identifier",
                "SecondaryIdDomain":"PDQ"
              }
            ]
          },
          "Organization":{
            "OrgFullName":"Fred Hutchinson Cancer Research Center",
            "OrgClass":"OTHER"
          },
          "BriefTitle":"Ribavirin Compared With Standard Care in Treating Patients With Respiratory Syncytial Virus Following Stem Cell Transplantation",
          "OfficialTitle":"A Randomized Phase III Study To Evaluate The Safety And Efficacy Or Ribavirin Inhaled Solution In Preventing Progression Of Upper Respiratory Tract Respiratory Syncytial Virus (RSV) Infection To RSV Pneumonia In Blood And Bone Marrow Transplant (BMT) Recipients"
        },
        "StatusModule":{
          "StatusVerifiedDate":"March 2010",
          "OverallStatus":"Completed",
          "ExpandedAccessInfo":{
            "HasExpandedAccess":"No"
          },
          "StartDateStruct":{
            "StartDate":"March 1998"
          },
          "PrimaryCompletionDateStruct":{
            "PrimaryCompletionDate":"March 2003",
            "PrimaryCompletionDateType":"Actual"
          },
          "CompletionDateStruct":{
            "CompletionDate":"March 2003",
            "CompletionDateType":"Actual"
          },
          "StudyFirstSubmitDate":"May 6, 2001",
          "StudyFirstSubmitQCDate":"January 26, 2003",
          "StudyFirstPostDateStruct":{
            "StudyFirstPostDate":"January 27, 2003",
            "StudyFirstPostDateType":"Estimate"
          },
          "LastUpdateSubmitDate":"March 26, 2010",
          "LastUpdatePostDateStruct":{
            "LastUpdatePostDate":"March 30, 2010",
            "LastUpdatePostDateType":"Estimate"
          }
        },
        "SponsorCollaboratorsModule":{
          "LeadSponsor":{
            "LeadSponsorName":"Fred Hutchinson Cancer Research Center",
            "LeadSponsorClass":"OTHER"
          },
          "CollaboratorList":{
            "Collaborator":[
              {
                "CollaboratorName":"National Cancer Institute (NCI)",
                "CollaboratorClass":"NIH"
              }
            ]
          }
        },
        "OversightModule":{},
        "DescriptionModule":{
          "BriefSummary":"RATIONALE: Antivirals such as ribavirin are used to treat infections caused by viruses. It is not yet known if ribavirin is more effective than standard therapy in preventing pneumonia in patients who have respiratory syncytial virus (RSV) infection following stem cell transplantation.\n\nPURPOSE: Randomized phase III trial to compare the effectiveness of ribavirin with that of standard therapy in preventing pneumonia in patients who have RSV infection following stem cell transplantation.",
          "DetailedDescription":"OBJECTIVES:\n\nCompare the efficacy of aerosolized ribavirin vs standard supportive therapy, in terms of preventing progression of upper respiratory tract respiratory syncytial virus (RSV) infection to pneumonia, in patients with RSV following stem cell transplantation.\nDetermine the safety of aerosolized ribavirin in this patient population.\n\nOUTLINE: This is a randomized, investigator-blind, controlled, multicenter study. Patients are stratified according to engraftment status (pre vs post) and transplant type (HLA matched-related allogeneic, syngeneic, or autologous vs HLA mismatched-related or unrelated allogeneic). Patients are randomized to one of two treatment arms.\n\nArm I: Patients receive standard supportive care for immunocompromised patients with upper respiratory tract infections. Patient also receive aerosolized ribavirin by face mask, mist, or oxygen tent over 2 hours 3 times daily on days 1-10.\nArm II: Patients receive standard supportive care as in arm I. Treatment continues in the absence of progression to pneumonia or unacceptable toxicity.\n\nPatients are followed at days 14 and 28.\n\nPROJECTED ACCRUAL: A total of 90 patients (45 per arm) will be accrued for this study."
        },
        "ConditionsModule":{
          "ConditionList":{
            "Condition":[
              "Infection"
            ]
          },
          "KeywordList":{
            "Keyword":[
              "infection"
            ]
          }
        },
        "DesignModule":{
          "StudyType":"Interventional",
          "PhaseList":{
            "Phase":[
              "Phase 3"
            ]
          },
          "DesignInfo":{
            "DesignAllocation":"Randomized",
            "DesignPrimaryPurpose":"Supportive Care"
          }
        },
        "ArmsInterventionsModule":{
          "InterventionList":{
            "Intervention":[
              {
                "InterventionType":"Drug",
                "InterventionName":"ribavirin"
              }
            ]
          }
        },
        "EligibilityModule":{
          "EligibilityCriteria":"DISEASE CHARACTERISTICS:\n\nConfirmed upper respiratory tract respiratory syncytial virus (RSV) infection documented in nasopharyngeal-throat specimen by rapid antigen test (ELISA), IFA, or shell vial)\n\nSigns or symptoms of upper respiratory tract infection (e.g., rhinorrhea and/or low-grade fever (under 101 degrees F with or without evidence of a sore throat)\n\nReceived prior stem cell transplantation (SCT) and meet one of the following criteria:\n\nBetween start of conditioning (preparative) regimen and day 90 after allogeneic, autologous, or syngeneic SCT\nBetween days 91 and 180 after unrelated or HLA mismatch-related allogeneic SCT\nBetween days 91 and 180 after SCT with graft-versus-host disease requiring systemic steroids expected to continue throughout study\nNo radiographic evidence of pneumonia\n\nPATIENT CHARACTERISTICS:\n\nAge:\n\n2 and over\n\nPerformance status:\n\nNot specified\n\nLife expectancy:\n\nNot specified\n\nHematopoietic:\n\nNot specified\n\nHepatic:\n\nNot specified\n\nRenal:\n\nNot specified\n\nPulmonary:\n\nOxygen saturation 92-100% by pulse oximeter\nNormal respiratory rate for age\n\nOther:\n\nNo prior adverse reactions to ribavirin\nNo clinical status that would preclude study\nHIV negative\nNot pregnant or nursing\nNegative pregnancy test\nFertile patients must use effective contraception during and for 3 months after study\n\nPRIOR CONCURRENT THERAPY:\n\nBiologic therapy:\n\nSee Disease Characteristics\nNo prior immunotherapy for RSV\nNo prior or concurrent RSV hyperimmune globulin or monoclonal antibodies\n\nChemotherapy:\n\nNot specified\n\nEndocrine therapy:\n\nSee Disease Characteristics\n\nRadiotherapy:\n\nNot specified\n\nSurgery:\n\nNot specified\n\nOther:\n\nNo prior antiviral drugs with anti-RSV activity\nBronchodilator treatment allowed for patients with asthma or a history of reactive airway disease and/or who develop bronchospasm\nConcurrent ganciclovir, foscarnet, or IV immunoglobulin allowed\nNo mechanical ventilation\nNo other concurrent anti-viral drugs with anti-RSV activity",
          "HealthyVolunteers":"No",
          "Gender":"All",
          "MinimumAge":"2 Years",
          "StdAgeList":{
            "StdAge":[
              "Child",
              "Adult",
              "Older Adult"
            ]
          }
        },
        "ContactsLocationsModule":{
          "OverallOfficialList":{
            "OverallOfficial":[
              {
                "OverallOfficialName":"Michael Boeckh, MD",
                "OverallOfficialAffiliation":"Fred Hutchinson Cancer Research Center",
                "OverallOfficialRole":"Study Chair"
              }
            ]
          },
          "LocationList":{
            "Location":[
              {
                "LocationFacility":"University of Alabama at Birmingham Comprehensive Cancer Center",
                "LocationCity":"Birmingham",
                "LocationState":"Alabama",
                "LocationZip":"35233",
                "LocationCountry":"United States"
              },{
                "LocationFacility":"University of Chicago Cancer Research Center",
                "LocationCity":"Chicago",
                "LocationState":"Illinois",
                "LocationZip":"60637-1470",
                "LocationCountry":"United States"
              },{
                "LocationFacility":"Siteman Cancer Center",
                "LocationCity":"Saint Louis",
                "LocationState":"Missouri",
                "LocationZip":"63110",
                "LocationCountry":"United States"
              },{
                "LocationFacility":"Fred Hutchinson Cancer Research Center",
                "LocationCity":"Seattle",
                "LocationState":"Washington",
                "LocationZip":"98109-1024",
                "LocationCountry":"United States"
              }
            ]
          }
        }
      },
      "DerivedSection":{
        "MiscInfoModule":{
          "VersionHolder":"April 19, 2021"
        },
        "ConditionBrowseModule":{
          "ConditionMeshList":{
            "ConditionMesh":[
              {
                "ConditionMeshId":"D000007239",
                "ConditionMeshTerm":"Infection"
              }
            ]
          },
          "ConditionBrowseLeafList":{
            "ConditionBrowseLeaf":[
              {
                "ConditionBrowseLeafId":"M8866",
                "ConditionBrowseLeafName":"Infection",
                "ConditionBrowseLeafAsFound":"Infection",
                "ConditionBrowseLeafRelevance":"high"
              },{
                "ConditionBrowseLeafId":"M4951",
                "ConditionBrowseLeafName":"Communicable Diseases",
                "ConditionBrowseLeafRelevance":"low"
              },{
                "ConditionBrowseLeafId":"M19143",
                "ConditionBrowseLeafName":"Disease Progression",
                "ConditionBrowseLeafRelevance":"low"
              },{
                "ConditionBrowseLeafId":"M25724",
                "ConditionBrowseLeafName":"Respiratory Aspiration",
                "ConditionBrowseLeafRelevance":"low"
              },{
                "ConditionBrowseLeafId":"M12487",
                "ConditionBrowseLeafName":"Pneumonia",
                "ConditionBrowseLeafRelevance":"low"
              },{
                "ConditionBrowseLeafId":"M16105",
                "ConditionBrowseLeafName":"Virus Diseases",
                "ConditionBrowseLeafRelevance":"low"
              }
            ]
          },
          "ConditionBrowseBranchList":{
            "ConditionBrowseBranch":[
              {
                "ConditionBrowseBranchAbbrev":"BC01",
                "ConditionBrowseBranchName":"Bacterial and Fungal Diseases"
              },{
                "ConditionBrowseBranchAbbrev":"All",
                "ConditionBrowseBranchName":"All Conditions"
              },{
                "ConditionBrowseBranchAbbrev":"BC23",
                "ConditionBrowseBranchName":"Symptoms and General Pathology"
              },{
                "ConditionBrowseBranchAbbrev":"BC08",
                "ConditionBrowseBranchName":"Respiratory Tract (Lung and Bronchial) Diseases"
              },{
                "ConditionBrowseBranchAbbrev":"BC02",
                "ConditionBrowseBranchName":"Viral Diseases"
              }
            ]
          }
        },
        "InterventionBrowseModule":{
          "InterventionMeshList":{
            "InterventionMesh":[
              {
                "InterventionMeshId":"D000012254",
                "InterventionMeshTerm":"Ribavirin"
              }
            ]
          },
          "InterventionAncestorList":{
            "InterventionAncestor":[
              {
                "InterventionAncestorId":"D000000963",
                "InterventionAncestorTerm":"Antimetabolites"
              },{
                "InterventionAncestorId":"D000045504",
                "InterventionAncestorTerm":"Molecular Mechanisms of Pharmacological Action"
              },{
                "InterventionAncestorId":"D000000998",
                "InterventionAncestorTerm":"Antiviral Agents"
              },{
                "InterventionAncestorId":"D000000890",
                "InterventionAncestorTerm":"Anti-Infective Agents"
              }
            ]
          },
          "InterventionBrowseLeafList":{
            "InterventionBrowseLeaf":[
              {
                "InterventionBrowseLeafId":"M13666",
                "InterventionBrowseLeafName":"Ribavirin",
                "InterventionBrowseLeafAsFound":"Take",
                "InterventionBrowseLeafRelevance":"high"
              },{
                "InterventionBrowseLeafId":"M20444",
                "InterventionBrowseLeafName":"Pharmaceutical Solutions",
                "InterventionBrowseLeafRelevance":"low"
              },{
                "InterventionBrowseLeafId":"M2862",
                "InterventionBrowseLeafName":"Antimetabolites",
                "InterventionBrowseLeafRelevance":"low"
              },{
                "InterventionBrowseLeafId":"M2895",
                "InterventionBrowseLeafName":"Antiviral Agents",
                "InterventionBrowseLeafRelevance":"low"
              },{
                "InterventionBrowseLeafId":"M2795",
                "InterventionBrowseLeafName":"Anti-Infective Agents",
                "InterventionBrowseLeafRelevance":"low"
              }
            ]
          },
          "InterventionBrowseBranchList":{
            "InterventionBrowseBranch":[
              {
                "InterventionBrowseBranchAbbrev":"Infe",
                "InterventionBrowseBranchName":"Anti-Infective Agents"
              },{
                "InterventionBrowseBranchAbbrev":"All",
                "InterventionBrowseBranchName":"All Drugs and Chemicals"
              },{
                "InterventionBrowseBranchAbbrev":"PhSol",
                "InterventionBrowseBranchName":"Pharmaceutical Solutions"
              }
            ]
          }
        }
      }
    }
  }
}

