{
  "FullStudy":{
    "Rank":368590,
    "Study":{
      "ProtocolSection":{
        "IdentificationModule":{
          "NCTId":"NCT00014118",
          "OrgStudyIdInfo":{
            "OrgStudyId":"CDR0000068468"
          },
          "SecondaryIdInfoList":{
            "SecondaryIdInfo":[
              {
                "SecondaryId":"U10CA021115",
                "SecondaryIdType":"U.S. NIH Grant/Contract",
                "SecondaryIdLink":"https://projectreporter.nih.gov/reporterapi.cfm?PROJECTNUM=U10CA021115&Fy=all"
              },{
                "SecondaryId":"ECOG-2399"
              }
            ]
          },
          "Organization":{
            "OrgFullName":"Eastern Cooperative Oncology Group",
            "OrgClass":"NETWORK"
          },
          "BriefTitle":"Chemotherapy and Radiation Therapy in Treating Patients With Stage III or Stage IV Larynx or Oropharynx Cancer",
          "OfficialTitle":"A Phase II Trial OF Chemoradiation For Organ Preservation In Resectable Stage III or IV Squamous Cell Carcinomas Of The Larynx Or Oropharynx"
        },
        "StatusModule":{
          "StatusVerifiedDate":"October 2015",
          "OverallStatus":"Completed",
          "ExpandedAccessInfo":{
            "HasExpandedAccess":"No"
          },
          "StartDateStruct":{
            "StartDate":"March 2001"
          },
          "PrimaryCompletionDateStruct":{
            "PrimaryCompletionDate":"March 2007",
            "PrimaryCompletionDateType":"Actual"
          },
          "CompletionDateStruct":{
            "CompletionDate":"May 2009",
            "CompletionDateType":"Actual"
          },
          "StudyFirstSubmitDate":"April 10, 2001",
          "StudyFirstSubmitQCDate":"January 26, 2003",
          "StudyFirstPostDateStruct":{
            "StudyFirstPostDate":"January 27, 2003",
            "StudyFirstPostDateType":"Estimate"
          },
          "LastUpdateSubmitDate":"October 6, 2015",
          "LastUpdatePostDateStruct":{
            "LastUpdatePostDate":"October 7, 2015",
            "LastUpdatePostDateType":"Estimate"
          }
        },
        "SponsorCollaboratorsModule":{
          "ResponsibleParty":{
            "ResponsiblePartyType":"Sponsor"
          },
          "LeadSponsor":{
            "LeadSponsorName":"Eastern Cooperative Oncology Group",
            "LeadSponsorClass":"NETWORK"
          },
          "CollaboratorList":{
            "Collaborator":[
              {
                "CollaboratorName":"National Cancer Institute (NCI)",
                "CollaboratorClass":"NIH"
              }
            ]
          }
        },
        "OversightModule":{},
        "DescriptionModule":{
          "BriefSummary":"RATIONALE: Drugs used in chemotherapy use different ways to stop tumor cells from dividing so they stop growing or die. Radiation therapy uses high-energy x-rays to damage tumor cells. Combining chemotherapy with radiation therapy may kill more tumor cells.\n\nPURPOSE: Phase II trial to study the effectiveness of combination chemotherapy followed by radiation therapy and chemotherapy in treating patients who have stage III or stage IV cancer of the larynx or stage III or stage IV cancer of the oropharynx.",
          "DetailedDescription":"OBJECTIVES:\n\nDetermine the organ preservation rate in patients with stage III or IV squamous cell carcinoma of the larynx or oropharynx treated with paclitaxel and carboplatin followed by paclitaxel with concurrent radiotherapy.\nDetermine the feasibility and toxicity of this regimen in these patients.\nDetermine the utility of pre- and post-treatment organ function instruments on swallowing ability and voice quality in patients treated with this regimen.\nDetermine the disease-free survival and patterns of failure of patients treated with this regimen.\nDetermine the objective tumor response rate (complete and partial response) in these patients following treatment with 2 courses of induction therapy with paclitaxel and carboplatin.\nDetermine changes in quality of life of patients treated with this regimen.\nDetermine whether the presence of human papilloma virus infection and p-glycoprotein correlates with outcome in patients treated with this regimen.\n\nOUTLINE: This is a multicenter study. Patients are stratified according to disease site (larynx vs oropharynx).\n\nPatients receive induction therapy comprising paclitaxel IV over 3 hours followed by carboplatin IV over 30-60 minutes on days 1 and 22. Within 28 days after completion of induction therapy, patients with responding or stable disease receive paclitaxel IV over 60 minutes on days 1, 8, 15, 22, 29, 36, and 43 and radiotherapy once daily, 5 times weekly, for 7 weeks beginning on day 1.\n\nWithin 6-8 weeks after completion of therapy, patients who initially had bulky neck disease (N3) or who have residual palpable lymphadenopathy undergo surgical neck dissection. Patients with N1-N2 disease with complete response may also undergo neck dissection. Patients with initial complete response who recur at the primary site undergo surgical salvage.\n\nQuality of life is assessed at baseline, after induction therapy, and at 3, 12, and 24 months after completion of all therapy.\n\nPatients are followed at 6 weeks, 3 months, every 6-8 weeks for 1 year, every 3 months for 1 year, every 4 months for 1 year, and then every 6 months for 5 years thereafter.\n\nPROJECTED ACCRUAL: A total of 110 patients (55 per stratum) will be accrued for this study."
        },
        "ConditionsModule":{
          "ConditionList":{
            "Condition":[
              "Head and Neck Cancer"
            ]
          },
          "KeywordList":{
            "Keyword":[
              "stage III squamous cell carcinoma of the oropharynx",
              "stage IV squamous cell carcinoma of the oropharynx",
              "stage III squamous cell carcinoma of the larynx",
              "stage IV squamous cell carcinoma of the larynx"
            ]
          }
        },
        "DesignModule":{
          "StudyType":"Interventional",
          "PhaseList":{
            "Phase":[
              "Phase 2"
            ]
          },
          "DesignInfo":{
            "DesignPrimaryPurpose":"Treatment",
            "DesignMaskingInfo":{
              "DesignMasking":"None (Open Label)"
            }
          }
        },
        "ArmsInterventionsModule":{
          "InterventionList":{
            "Intervention":[
              {
                "InterventionType":"Drug",
                "InterventionName":"carboplatin"
              },{
                "InterventionType":"Drug",
                "InterventionName":"paclitaxel"
              },{
                "InterventionType":"Procedure",
                "InterventionName":"conventional surgery"
              },{
                "InterventionType":"Radiation",
                "InterventionName":"radiation therapy"
              }
            ]
          }
        },
        "OutcomesModule":{
          "PrimaryOutcomeList":{
            "PrimaryOutcome":[
              {
                "PrimaryOutcomeMeasure":"Organ preservation rate"
              },{
                "PrimaryOutcomeMeasure":"Feasibility and toxicity"
              },{
                "PrimaryOutcomeMeasure":"Utility of pre- and post-treatment organ function instruments"
              },{
                "PrimaryOutcomeMeasure":"Disease-free survival and patterns of failure"
              },{
                "PrimaryOutcomeMeasure":"Objective tumor response rate (complete and partial response)"
              },{
                "PrimaryOutcomeMeasure":"Changes in quality of life"
              },{
                "PrimaryOutcomeMeasure":"Correlation of the presence of human papilloma virus infection and p-glycoprotein with outcome"
              }
            ]
          }
        },
        "EligibilityModule":{
          "EligibilityCriteria":"DISEASE CHARACTERISTICS:\n\nHistologically confirmed stage III or IV (T2-T4) squamous cell carcinoma of the larynx or oropharynx\n\nNo recurrent disease\nNo evidence of distant metastasis\n\nResectable disease, defined as follows:\n\nHigh probability of attaining clear surgical margins (for disease of the base of tongue, tonsil, soft palate, or pharyngeal wall)\nNo extension to root of tongue (for disease of the base of tongue)\nNo extension into pterygoid by radiograph (for disease of the tonsil, soft palate, or pharyngeal wall)\nNo primary tumor or nodal metastases fixed to the carotid artery or cervical spine (for disease of the base of tongue, tonsil, soft palate, or pharyngeal wall)\nNo trismus (for disease of the tonsil, soft palate, or pharyngeal wall)\nNo involvement of the trachea greater than 1 cm or any involvement of the esophagus (for disease of the subglottis)\n\nFor disease of the supraglottis, glottis, or subglottis:\n\nNo base of the tongue invasion greater than 2 cm\nNo tumor extension through cartilage to involve strap muscles of the neck\nNo tumor fixation to prevertebral fascia\nNo involvement of the carotid artery\nNo fixed nodal disease with involvement of the deep neck\nExtension into pyriform sinus or lateral pharyngeal wall allowed if no extension into posterior pharynx\n\nMeasurable disease\n\n- Lesions accurately measured in at least one dimension as > 20 mm (2.0 cm) with conventional techniques or as > 10 mm (1.0 cm) with spiral CT scan\nCytologic or histologic evidence of neoplasm is needed for measurable disease restricted to a solitary lesion\nNo other concurrent head and neck neoplasms\n\nPATIENT CHARACTERISTICS:\n\nAge\n\n18 and over\n\nPerformance status\n\nECOG 0-2\n\nLife expectancy\n\nNot specified\n\nHematopoietic\n\nAbsolute neutrophil count at least 1,500/mm^3\nPlatelet count at least 100,000/mm^3\n\nHepatic\n\nNot specified\n\nRenal\n\nCreatinine less than 3.0 mg/dL\nCalcium normal\n\nCardiovascular\n\nNo significant cardiac disease\nNo uncontrolled hypertension\nNo unstable angina\nNo congestive heart failure\nNo myocardial infarction within the past year\nNo serious cardiac arrhythmias requiring medication\n\nOther\n\nNot pregnant or nursing\nNegative pregnancy test\nFertile patients must use effective contraception during and for at least 3 months after study completion\nNo significant detectable infection\nNo history of allergy to drugs containing Cremophor EL\nNo history of allergy to mammalian cell-derived products (epoetin alfa) or human albumin\nNo other malignancy within the past 3 years except basal or squamous cell skin cancer or carcinoma in situ of the cervix\n\nPRIOR CONCURRENT THERAPY:\n\nBiologic therapy\n\nNot specified\n\nChemotherapy\n\nNo prior chemotherapy\nNo concurrent amifostine\n\nEndocrine therapy\n\nNot specified\n\nRadiotherapy\n\nNo prior radiotherapy above the clavicles\n\nSurgery\n\nNo prior surgery to the primary tumor except biopsy or debulking\n\nOther\n\nNo concurrent experimental mucosal protectants",
          "HealthyVolunteers":"No",
          "Gender":"All",
          "MinimumAge":"18 Years",
          "MaximumAge":"120 Years",
          "StdAgeList":{
            "StdAge":[
              "Adult",
              "Older Adult"
            ]
          }
        },
        "ContactsLocationsModule":{
          "OverallOfficialList":{
            "OverallOfficial":[
              {
                "OverallOfficialName":"Anthony J. Cmelak, MD",
                "OverallOfficialAffiliation":"Vanderbilt-Ingram Cancer Center",
                "OverallOfficialRole":"Study Chair"
              }
            ]
          },
          "LocationList":{
            "Location":[
              {
                "LocationFacility":"Baptist Cancer Institute - Jacksonville",
                "LocationCity":"Jacksonville",
                "LocationState":"Florida",
                "LocationZip":"32207",
                "LocationCountry":"United States"
              },{
                "LocationFacility":"Watson Clinic, LLC",
                "LocationCity":"Lakeland",
                "LocationState":"Florida",
                "LocationZip":"33804-5000",
                "LocationCountry":"United States"
              },{
                "LocationFacility":"Robert H. Lurie Comprehensive Cancer Center at Northwestern University",
                "LocationCity":"Chicago",
                "LocationState":"Illinois",
                "LocationZip":"60611-3013",
                "LocationCountry":"United States"
              },{
                "LocationFacility":"Hematology and Oncology Associates",
                "LocationCity":"Chicago",
                "LocationState":"Illinois",
                "LocationZip":"60611",
                "LocationCountry":"United States"
              },{
                "LocationFacility":"Mercy Hospital and Medical Center",
                "LocationCity":"Chicago",
                "LocationState":"Illinois",
                "LocationZip":"60616",
                "LocationCountry":"United States"
              },{
                "LocationFacility":"Ingalls Cancer Care Center at Ingalls Memorial Hospital",
                "LocationCity":"Harvey",
                "LocationState":"Illinois",
                "LocationZip":"60426",
                "LocationCountry":"United States"
              },{
                "LocationFacility":"Midwest Center for Hematology/Oncology",
                "LocationCity":"Joliet",
                "LocationState":"Illinois",
                "LocationZip":"60432",
                "LocationCountry":"United States"
              },{
                "LocationFacility":"Cancer Care and Hematology Specialists of Chicagoland - Niles",
                "LocationCity":"Niles",
                "LocationState":"Illinois",
                "LocationZip":"60714",
                "LocationCountry":"United States"
              },{
                "LocationFacility":"Hematology Oncology Associates - Skokie",
                "LocationCity":"Skokie",
                "LocationState":"Illinois",
                "LocationZip":"60076",
                "LocationCountry":"United States"
              },{
                "LocationFacility":"Hematology/Oncology of the North Shore at Gross Point Medical Center",
                "LocationCity":"Skokie",
                "LocationState":"Illinois",
                "LocationZip":"60076",
                "LocationCountry":"United States"
              },{
                "LocationFacility":"Siouxland Hematology-Oncology Associates, LLP",
                "LocationCity":"Sioux City",
                "LocationState":"Iowa",
                "LocationZip":"51101",
                "LocationCountry":"United States"
              },{
                "LocationFacility":"Mercy Medical Center - Sioux City",
                "LocationCity":"Sioux City",
                "LocationState":"Iowa",
                "LocationZip":"51104",
                "LocationCountry":"United States"
              },{
                "LocationFacility":"St. Luke's Regional Medical Center",
                "LocationCity":"Sioux City",
                "LocationState":"Iowa",
                "LocationZip":"51104",
                "LocationCountry":"United States"
              },{
                "LocationFacility":"Cancer Center of Kansas, PA - Chanute",
                "LocationCity":"Chanute",
                "LocationState":"Kansas",
                "LocationZip":"66720",
                "LocationCountry":"United States"
              },{
                "LocationFacility":"Cancer Center of Kansas, PA - Dodge City",
                "LocationCity":"Dodge City",
                "LocationState":"Kansas",
                "LocationZip":"67801",
                "LocationCountry":"United States"
              },{
                "LocationFacility":"Cancer Center of Kansas, PA - El Dorado",
                "LocationCity":"El Dorado",
                "LocationState":"Kansas",
                "LocationZip":"67042",
                "LocationCountry":"United States"
              },{
                "LocationFacility":"Cancer Center of Kansas, PA - Kingman",
                "LocationCity":"Kingman",
                "LocationState":"Kansas",
                "LocationZip":"67068",
                "LocationCountry":"United States"
              },{
                "LocationFacility":"Southwest Medical Center",
                "LocationCity":"Liberal",
                "LocationState":"Kansas",
                "LocationZip":"67901",
                "LocationCountry":"United States"
              },{
                "LocationFacility":"Cancer Center of Kansas, PA - Newton",
                "LocationCity":"Newton",
                "LocationState":"Kansas",
                "LocationZip":"67114",
                "LocationCountry":"United States"
              },{
                "LocationFacility":"Cancer Center of Kansas, PA - Parsons",
                "LocationCity":"Parsons",
                "LocationState":"Kansas",
                "LocationZip":"67357",
                "LocationCountry":"United States"
              },{
                "LocationFacility":"Cancer Center of Kansas, PA - Pratt",
                "LocationCity":"Pratt",
                "LocationState":"Kansas",
                "LocationZip":"67124",
                "LocationCountry":"United States"
              },{
                "LocationFacility":"Cancer Center of Kansas, PA - Salina",
                "LocationCity":"Salina",
                "LocationState":"Kansas",
                "LocationZip":"67042",
                "LocationCountry":"United States"
              },{
                "LocationFacility":"Cancer Center of Kansas, PA - Wellington",
                "LocationCity":"Wellington",
                "LocationState":"Kansas",
                "LocationZip":"67152",
                "LocationCountry":"United States"
              },{
                "LocationFacility":"Associates in Womens Health, PA - North Review",
                "LocationCity":"Wichita",
                "LocationState":"Kansas",
                "LocationZip":"67203",
                "LocationCountry":"United States"
              },{
                "LocationFacility":"Cancer Center of Kansas, PA - Medical Arts Tower",
                "LocationCity":"Wichita",
                "LocationState":"Kansas",
                "LocationZip":"67208",
                "LocationCountry":"United States"
              },{
                "LocationFacility":"Cancer Center of Kansas, PA - Wichita",
                "LocationCity":"Wichita",
                "LocationState":"Kansas",
                "LocationZip":"67214",
                "LocationCountry":"United States"
              },{
                "LocationFacility":"CCOP - Wichita",
                "LocationCity":"Wichita",
                "LocationState":"Kansas",
                "LocationZip":"67214",
                "LocationCountry":"United States"
              },{
                "LocationFacility":"Via Christi Cancer Center at Via Christi Regional Medical Center",
                "LocationCity":"Wichita",
                "LocationState":"Kansas",
                "LocationZip":"67214",
                "LocationCountry":"United States"
              },{
                "LocationFacility":"Wesley Medical Center",
                "LocationCity":"Wichita",
                "LocationState":"Kansas",
                "LocationZip":"67214",
                "LocationCountry":"United States"
              },{
                "LocationFacility":"Cancer Center of Kansas, PA - Winfield",
                "LocationCity":"Winfield",
                "LocationState":"Kansas",
                "LocationZip":"67156",
                "LocationCountry":"United States"
              },{
                "LocationFacility":"Borgess Medical Center",
                "LocationCity":"Kalamazoo",
                "LocationState":"Michigan",
                "LocationZip":"49001",
                "LocationCountry":"United States"
              },{
                "LocationFacility":"West Michigan Cancer Center",
                "LocationCity":"Kalamazoo",
                "LocationState":"Michigan",
                "LocationZip":"49007-3731",
                "LocationCountry":"United States"
              },{
                "LocationFacility":"Bronson Methodist Hospital",
                "LocationCity":"Kalamazoo",
                "LocationState":"Michigan",
                "LocationZip":"49007",
                "LocationCountry":"United States"
              },{
                "LocationFacility":"Aultman Cancer Center at Aultman Hospital",
                "LocationCity":"Canton",
                "LocationState":"Ohio",
                "LocationZip":"44710-1799",
                "LocationCountry":"United States"
              },{
                "LocationFacility":"MetroHealth Cancer Care Center at MetroHealth Medical Center",
                "LocationCity":"Cleveland",
                "LocationState":"Ohio",
                "LocationZip":"44109",
                "LocationCountry":"United States"
              },{
                "LocationFacility":"Abramson Cancer Center of the University of Pennsylvania",
                "LocationCity":"Philadelphia",
                "LocationState":"Pennsylvania",
                "LocationZip":"19104-4283",
                "LocationCountry":"United States"
              },{
                "LocationFacility":"Fox Chase Cancer Center - Philadelphia",
                "LocationCity":"Philadelphia",
                "LocationState":"Pennsylvania",
                "LocationZip":"19111-2497",
                "LocationCountry":"United States"
              },{
                "LocationFacility":"Guthrie Cancer Center at Guthrie Clinic Sayre",
                "LocationCity":"Sayre",
                "LocationState":"Pennsylvania",
                "LocationZip":"18840",
                "LocationCountry":"United States"
              },{
                "LocationFacility":"Vanderbilt-Ingram Cancer Center",
                "LocationCity":"Nashville",
                "LocationState":"Tennessee",
                "LocationZip":"37232-6838",
                "LocationCountry":"United States"
              },{
                "LocationFacility":"Mary Babb Randolph Cancer Center at West Virginia University Hospitals",
                "LocationCity":"Morgantown",
                "LocationState":"West Virginia",
                "LocationZip":"26506",
                "LocationCountry":"United States"
              },{
                "LocationFacility":"Green Bay Oncology, Limited at St. Vincent Hospital Regional Cancer Center",
                "LocationCity":"Green Bay",
                "LocationState":"Wisconsin",
                "LocationZip":"54301-3526",
                "LocationCountry":"United States"
              },{
                "LocationFacility":"Green Bay Oncology, Limited at St. Mary's Hospital",
                "LocationCity":"Green Bay",
                "LocationState":"Wisconsin",
                "LocationZip":"54303",
                "LocationCountry":"United States"
              },{
                "LocationFacility":"St. Mary's Hospital Medical Center - Green Bay",
                "LocationCity":"Green Bay",
                "LocationState":"Wisconsin",
                "LocationZip":"54303",
                "LocationCountry":"United States"
              },{
                "LocationFacility":"St. Vincent Hospital Regional Cancer Center",
                "LocationCity":"Green Bay",
                "LocationState":"Wisconsin",
                "LocationZip":"54307-3508",
                "LocationCountry":"United States"
              },{
                "LocationFacility":"Bay Area Cancer Care Center at Bay Area Medical Center",
                "LocationCity":"Marinette",
                "LocationState":"Wisconsin",
                "LocationZip":"54143",
                "LocationCountry":"United States"
              },{
                "LocationFacility":"Marshfield Clinic - Marshfield Center",
                "LocationCity":"Marshfield",
                "LocationState":"Wisconsin",
                "LocationZip":"54449",
                "LocationCountry":"United States"
              },{
                "LocationFacility":"Marshfield Clinic - Indianhead Center",
                "LocationCity":"Rice Lake",
                "LocationState":"Wisconsin",
                "LocationZip":"54868",
                "LocationCountry":"United States"
              }
            ]
          }
        },
        "ReferencesModule":{
          "ReferenceList":{
            "Reference":[
              {
                "ReferencePMID":"18270337",
                "ReferenceType":"result",
                "ReferenceCitation":"Fakhry C, Westra WH, Li S, Cmelak A, Ridge JA, Pinto H, Forastiere A, Gillison ML. Improved survival of patients with human papillomavirus-positive head and neck squamous cell carcinoma in a prospective clinical trial. J Natl Cancer Inst. 2008 Feb 20;100(4):261-9. doi: 10.1093/jnci/djn011. Epub 2008 Feb 12."
              },{
                "ReferencePMID":"17761982",
                "ReferenceType":"result",
                "ReferenceCitation":"Cmelak AJ, Li S, Goldwasser MA, Murphy B, Cannon M, Pinto H, Rosenthal DI, Gillison M, Forastiere AA. Phase II trial of chemoradiation for organ preservation in resectable stage III or IV squamous cell carcinomas of the larynx or oropharynx: results of Eastern Cooperative Oncology Group Study E2399. J Clin Oncol. 2007 Sep 1;25(25):3971-7."
              },{
                "ReferenceType":"result",
                "ReferenceCitation":"Fakhry C, Westra W, Li S, et al.: Prognostic significance of human papillomavirus (HPV) tumor status for patients with head and neck squamous cell carcinoma (HNSCC) in a prospective, multi-center phase II clinical trial. [Abstract] J Clin Oncol 25 (Suppl 18): A-6000, 299s, 2007."
              },{
                "ReferenceType":"result",
                "ReferenceCitation":"Cmelak AJ, Li S, Murphy B, et al.: Locally advanced resectable larynx (L) or oropharynx (OP) cancer: updated results of organ preservation trial ECOG 2399. [Abstract] J Clin Oncol 24 (Suppl 18): A-5527, 286s, 2006."
              },{
                "ReferenceType":"result",
                "ReferenceCitation":"Murphy BA, Smith K, Cmelak A, et al.: Swallowing function for patients treated on E2399: a phase II trial of function preservation with induction paclitaxel/carboplatin followed by radiation plus weekly paclitaxel. [Abstract] J Clin Oncol 24 (Suppl 18): A-5524, 2006."
              },{
                "ReferenceType":"result",
                "ReferenceCitation":"Murphy BA, Smith K, Dowling E, et al.: Baseline swallowing function for patients treated on E2399: a phase II trial of function preservation with induction paclitaxel/carboplatin followed by radiation plus weekly paclitaxel. [Abstract] Proceedings of the American Society of Clinical Oncology 22: A-2005, 2003."
              }
            ]
          }
        }
      },
      "DerivedSection":{
        "MiscInfoModule":{
          "VersionHolder":"April 19, 2021"
        },
        "ConditionBrowseModule":{
          "ConditionMeshList":{
            "ConditionMesh":[
              {
                "ConditionMeshId":"D000006258",
                "ConditionMeshTerm":"Head and Neck Neoplasms"
              }
            ]
          },
          "ConditionAncestorList":{
            "ConditionAncestor":[
              {
                "ConditionAncestorId":"D000009369",
                "ConditionAncestorTerm":"Neoplasms"
              },{
                "ConditionAncestorId":"D000009371",
                "ConditionAncestorTerm":"Neoplasms by Site"
              }
            ]
          },
          "ConditionBrowseLeafList":{
            "ConditionBrowseLeaf":[
              {
                "ConditionBrowseLeafId":"M4116",
                "ConditionBrowseLeafName":"Carcinoma",
                "ConditionBrowseLeafRelevance":"low"
              },{
                "ConditionBrowseLeafId":"M4132",
                "ConditionBrowseLeafName":"Carcinoma, Squamous Cell",
                "ConditionBrowseLeafRelevance":"low"
              },{
                "ConditionBrowseLeafId":"M7931",
                "ConditionBrowseLeafName":"Head and Neck Neoplasms",
                "ConditionBrowseLeafAsFound":"Head and Neck Cancer",
                "ConditionBrowseLeafRelevance":"high"
              },{
                "ConditionBrowseLeafId":"M9418",
                "ConditionBrowseLeafName":"Laryngeal Diseases",
                "ConditionBrowseLeafRelevance":"low"
              },{
                "ConditionBrowseLeafId":"T3311",
                "ConditionBrowseLeafName":"Laryngeal Cancer",
                "ConditionBrowseLeafRelevance":"low"
              }
            ]
          },
          "ConditionBrowseBranchList":{
            "ConditionBrowseBranch":[
              {
                "ConditionBrowseBranchAbbrev":"BC04",
                "ConditionBrowseBranchName":"Cancers and Other Neoplasms"
              },{
                "ConditionBrowseBranchAbbrev":"All",
                "ConditionBrowseBranchName":"All Conditions"
              },{
                "ConditionBrowseBranchAbbrev":"BC08",
                "ConditionBrowseBranchName":"Respiratory Tract (Lung and Bronchial) Diseases"
              },{
                "ConditionBrowseBranchAbbrev":"BC09",
                "ConditionBrowseBranchName":"Ear, Nose, and Throat Diseases"
              },{
                "ConditionBrowseBranchAbbrev":"Rare",
                "ConditionBrowseBranchName":"Rare Diseases"
              }
            ]
          }
        },
        "InterventionBrowseModule":{
          "InterventionMeshList":{
            "InterventionMesh":[
              {
                "InterventionMeshId":"D000017239",
                "InterventionMeshTerm":"Paclitaxel"
              },{
                "InterventionMeshId":"D000016190",
                "InterventionMeshTerm":"Carboplatin"
              }
            ]
          },
          "InterventionAncestorList":{
            "InterventionAncestor":[
              {
                "InterventionAncestorId":"D000000972",
                "InterventionAncestorTerm":"Antineoplastic Agents, Phytogenic"
              },{
                "InterventionAncestorId":"D000000970",
                "InterventionAncestorTerm":"Antineoplastic Agents"
              },{
                "InterventionAncestorId":"D000050257",
                "InterventionAncestorTerm":"Tubulin Modulators"
              },{
                "InterventionAncestorId":"D000050256",
                "InterventionAncestorTerm":"Antimitotic Agents"
              },{
                "InterventionAncestorId":"D000050258",
                "InterventionAncestorTerm":"Mitosis Modulators"
              },{
                "InterventionAncestorId":"D000045504",
                "InterventionAncestorTerm":"Molecular Mechanisms of Pharmacological Action"
              }
            ]
          },
          "InterventionBrowseLeafList":{
            "InterventionBrowseLeaf":[
              {
                "InterventionBrowseLeafId":"M17233",
                "InterventionBrowseLeafName":"Carboplatin",
                "InterventionBrowseLeafAsFound":"Over",
                "InterventionBrowseLeafRelevance":"high"
              },{
                "InterventionBrowseLeafId":"M18120",
                "InterventionBrowseLeafName":"Paclitaxel",
                "InterventionBrowseLeafAsFound":"Effect",
                "InterventionBrowseLeafRelevance":"high"
              },{
                "InterventionBrowseLeafId":"M231",
                "InterventionBrowseLeafName":"Albumin-Bound Paclitaxel",
                "InterventionBrowseLeafRelevance":"low"
              },{
                "InterventionBrowseLeafId":"M24784",
                "InterventionBrowseLeafName":"Tubulin Modulators",
                "InterventionBrowseLeafRelevance":"low"
              },{
                "InterventionBrowseLeafId":"M24783",
                "InterventionBrowseLeafName":"Antimitotic Agents",
                "InterventionBrowseLeafRelevance":"low"
              }
            ]
          },
          "InterventionBrowseBranchList":{
            "InterventionBrowseBranch":[
              {
                "InterventionBrowseBranchAbbrev":"ANeo",
                "InterventionBrowseBranchName":"Antineoplastic Agents"
              },{
                "InterventionBrowseBranchAbbrev":"All",
                "InterventionBrowseBranchName":"All Drugs and Chemicals"
              }
            ]
          }
        }
      }
    }
  }
}

