{
  "FullStudy":{
    "Rank":368526,
    "Study":{
      "ProtocolSection":{
        "IdentificationModule":{
          "NCTId":"NCT00015028",
          "OrgStudyIdInfo":{
            "OrgStudyId":"NIDA-5-0012-1"
          },
          "SecondaryIdInfoList":{
            "SecondaryIdInfo":[
              {
                "SecondaryId":"Y01-5-0012-1"
              }
            ]
          },
          "Organization":{
            "OrgFullName":"National Institute on Drug Abuse (NIDA)",
            "OrgClass":"NIH"
          },
          "BriefTitle":"Buprenorphine/Naloxone for Opiate-Dependence Treatment - 1",
          "OfficialTitle":"CS1008A Efficacy/Safety Trial of Buprenorphine/Naloxone"
        },
        "StatusModule":{
          "StatusVerifiedDate":"November 1996",
          "OverallStatus":"Completed",
          "ExpandedAccessInfo":{
            "HasExpandedAccess":"No"
          },
          "StartDateStruct":{
            "StartDate":"November 1996"
          },
          "PrimaryCompletionDateStruct":{
            "PrimaryCompletionDate":"December 1996",
            "PrimaryCompletionDateType":"Actual"
          },
          "CompletionDateStruct":{
            "CompletionDate":"January 1997",
            "CompletionDateType":"Actual"
          },
          "StudyFirstSubmitDate":"April 18, 2001",
          "StudyFirstSubmitQCDate":"April 17, 2001",
          "StudyFirstPostDateStruct":{
            "StudyFirstPostDate":"April 18, 2001",
            "StudyFirstPostDateType":"Estimate"
          },
          "LastUpdateSubmitDate":"January 13, 2017",
          "LastUpdatePostDateStruct":{
            "LastUpdatePostDate":"January 16, 2017",
            "LastUpdatePostDateType":"Estimate"
          }
        },
        "SponsorCollaboratorsModule":{
          "LeadSponsor":{
            "LeadSponsorName":"National Institute on Drug Abuse (NIDA)",
            "LeadSponsorClass":"NIH"
          },
          "CollaboratorList":{
            "Collaborator":[
              {
                "CollaboratorName":"Cincinnati MDRU",
                "CollaboratorClass":"OTHER"
              }
            ]
          }
        },
        "DescriptionModule":{
          "BriefSummary":"The purpose of this study is to determine the efficacy and safety of a buprenorphine/naloxone sublingual tablet formulation as an office-based therapy for opiate-dependence treatment. The developmental objective for this combination product is an expansion of therapeutic options for the treatment of opiate dependence.",
          "DetailedDescription":"This multicenter pivotal clinical trial was comprised of two phases. The first phase, which was four weeks in length, was double-blind placebo controlled and was primarily used to evaluate the efficacy of buprenorphine/naloxone. The second phase, lasting 48 weeks, was primarily conducted to determine the safety of buprenorphine/naloxone."
        },
        "ConditionsModule":{
          "ConditionList":{
            "Condition":[
              "Opioid-Related Disorders",
              "Substance-Related Disorders"
            ]
          },
          "KeywordList":{
            "Keyword":[
              "opioid dependence"
            ]
          }
        },
        "DesignModule":{
          "StudyType":"Interventional",
          "PhaseList":{
            "Phase":[
              "Phase 2"
            ]
          },
          "DesignInfo":{
            "DesignPrimaryPurpose":"Treatment"
          },
          "EnrollmentInfo":{
            "EnrollmentCount":"0"
          }
        },
        "ArmsInterventionsModule":{
          "InterventionList":{
            "Intervention":[
              {
                "InterventionType":"Drug",
                "InterventionName":"Buprenorphine/naloxone"
              }
            ]
          }
        },
        "OutcomesModule":{
          "PrimaryOutcomeList":{
            "PrimaryOutcome":[
              {
                "PrimaryOutcomeMeasure":"Craving"
              },{
                "PrimaryOutcomeMeasure":"Drug use"
              },{
                "PrimaryOutcomeMeasure":"HIV risk behaviors"
              },{
                "PrimaryOutcomeMeasure":"Adverse events"
              },{
                "PrimaryOutcomeMeasure":"Medical evaluation"
              }
            ]
          }
        },
        "EligibilityModule":{
          "EligibilityCriteria":"Inclusion Criteria:\n\nDSM-IV (Diagnostic and Statistical Manual of the American Psychiatric Association) diagnosis of current opiate dependence.\nIndividuals seeking opiate-substitution pharmacotherapy for opiate dependence.\nMales and non-pregnant, non-nursing females, 18 to 59 years of age (inclusive).\nIndividuals able to give informed consent and willing to comply with all study procedures (e.g., providing of urine samples under observation, completing questionnaires).\n\nExclusion Criteria:\n\nAny acute or chronic medical condition that would make participation in the study medically hazardous (e.g., acute hepatitis, unstable cardiovascular, hepatic, or renal disease, unstable diabetes, symptomatic AIDS; not HIV-seropositivity alone).\nAspartate or alanine aminotransferase (AST, ALT) levels greater than three times the upper limit of normal.\nIndividuals currently taking systemic anti-retroviral or anti-fungal therapy.\nCurrent dependence (by DSM-IV criteria) on any psychoactive substance other than opiates, caffeine, or nicotine.\nCurrent, primary, Axis I psychiatric diagnosis other than opiate, caffeine, or nicotine dependence.\n\nFemales of childbearing potential who do not agree to use a medically acceptable method of birth control. Acceptable methods include\n\noral contraceptive,\nbarrier (diaphragm or condom) - a spermicide is not required due to the possibility of local irritation and allergic type reactions, but are recommended for use,\nlevonorgestrel implant,\nintrauterine progesterone contraceptive system,\nmedroxyprogesterone acetate contraceptive injection, or\ncomplete abstinence.\nEnrollment in an opiate-substitution (i.e., methadone, levo-alpha-acetylmethadol) treatment program within 45 days of enrolling in the present study.\nIndividuals having taken (licitly or illicitly) LAAM, methadone, or naltrexone within days of enrolling in the present study.\nIndividuals having taken buprenorphine, other than as an analgesic, within 365 days of enrolling in the present study.\nParticipation in an investigational drug or device study within 45 days of enrolling in the present study.\nAnyone, who in the opinion of site principal investigator, would not be expected to complete the first phase of the study protocol (e.g., due to pending incarceration or probable relocation from the clinic area).",
          "HealthyVolunteers":"No",
          "Gender":"All",
          "MinimumAge":"23 Years",
          "MaximumAge":"59 Years",
          "StdAgeList":{
            "StdAge":[
              "Adult"
            ]
          }
        },
        "ContactsLocationsModule":{
          "OverallOfficialList":{
            "OverallOfficial":[
              {
                "OverallOfficialName":"Eugene Somoza, M.D., Ph.D.",
                "OverallOfficialAffiliation":"Cincinnati MDRU",
                "OverallOfficialRole":"Principal Investigator"
              }
            ]
          },
          "LocationList":{
            "Location":[
              {
                "LocationFacility":"Cincinnati MDRU",
                "LocationCity":"Cincinnati",
                "LocationState":"Ohio",
                "LocationZip":"45220",
                "LocationCountry":"United States"
              }
            ]
          }
        }
      },
      "DerivedSection":{
        "MiscInfoModule":{
          "VersionHolder":"April 19, 2021"
        },
        "ConditionBrowseModule":{
          "ConditionMeshList":{
            "ConditionMesh":[
              {
                "ConditionMeshId":"D000004194",
                "ConditionMeshTerm":"Disease"
              },{
                "ConditionMeshId":"D000019966",
                "ConditionMeshTerm":"Substance-Related Disorders"
              },{
                "ConditionMeshId":"D000009293",
                "ConditionMeshTerm":"Opioid-Related Disorders"
              }
            ]
          },
          "ConditionAncestorList":{
            "ConditionAncestor":[
              {
                "ConditionAncestorId":"D000010335",
                "ConditionAncestorTerm":"Pathologic Processes"
              },{
                "ConditionAncestorId":"D000064419",
                "ConditionAncestorTerm":"Chemically-Induced Disorders"
              },{
                "ConditionAncestorId":"D000001523",
                "ConditionAncestorTerm":"Mental Disorders"
              }
            ]
          },
          "ConditionBrowseLeafList":{
            "ConditionBrowseLeaf":[
              {
                "ConditionBrowseLeafId":"M20421",
                "ConditionBrowseLeafName":"Substance-Related Disorders",
                "ConditionBrowseLeafAsFound":"Substance-Related Disorders",
                "ConditionBrowseLeafRelevance":"high"
              },{
                "ConditionBrowseLeafId":"M10827",
                "ConditionBrowseLeafName":"Opioid-Related Disorders",
                "ConditionBrowseLeafAsFound":"Opioid-Related Disorders",
                "ConditionBrowseLeafRelevance":"high"
              },{
                "ConditionBrowseLeafId":"M28889",
                "ConditionBrowseLeafName":"Chemically-Induced Disorders",
                "ConditionBrowseLeafRelevance":"low"
              },{
                "ConditionBrowseLeafId":"M3396",
                "ConditionBrowseLeafName":"Mental Disorders",
                "ConditionBrowseLeafRelevance":"low"
              },{
                "ConditionBrowseLeafId":"M13056",
                "ConditionBrowseLeafName":"Psychotic Disorders",
                "ConditionBrowseLeafRelevance":"low"
              }
            ]
          },
          "ConditionBrowseBranchList":{
            "ConditionBrowseBranch":[
              {
                "ConditionBrowseBranchAbbrev":"BC25",
                "ConditionBrowseBranchName":"Substance Related Disorders"
              },{
                "ConditionBrowseBranchAbbrev":"BXM",
                "ConditionBrowseBranchName":"Behaviors and Mental Disorders"
              },{
                "ConditionBrowseBranchAbbrev":"All",
                "ConditionBrowseBranchName":"All Conditions"
              }
            ]
          }
        },
        "InterventionBrowseModule":{
          "InterventionMeshList":{
            "InterventionMesh":[
              {
                "InterventionMeshId":"D000002047",
                "InterventionMeshTerm":"Buprenorphine"
              },{
                "InterventionMeshId":"D000069479",
                "InterventionMeshTerm":"Buprenorphine, Naloxone Drug Combination"
              },{
                "InterventionMeshId":"D000009270",
                "InterventionMeshTerm":"Naloxone"
              }
            ]
          },
          "InterventionAncestorList":{
            "InterventionAncestor":[
              {
                "InterventionAncestorId":"D000000701",
                "InterventionAncestorTerm":"Analgesics, Opioid"
              },{
                "InterventionAncestorId":"D000009294",
                "InterventionAncestorTerm":"Narcotics"
              },{
                "InterventionAncestorId":"D000002492",
                "InterventionAncestorTerm":"Central Nervous System Depressants"
              },{
                "InterventionAncestorId":"D000045505",
                "InterventionAncestorTerm":"Physiological Effects of Drugs"
              },{
                "InterventionAncestorId":"D000000700",
                "InterventionAncestorTerm":"Analgesics"
              },{
                "InterventionAncestorId":"D000018689",
                "InterventionAncestorTerm":"Sensory System Agents"
              },{
                "InterventionAncestorId":"D000018373",
                "InterventionAncestorTerm":"Peripheral Nervous System Agents"
              },{
                "InterventionAncestorId":"D000009292",
                "InterventionAncestorTerm":"Narcotic Antagonists"
              }
            ]
          },
          "InterventionBrowseLeafList":{
            "InterventionBrowseLeaf":[
              {
                "InterventionBrowseLeafId":"M10804",
                "InterventionBrowseLeafName":"Naloxone",
                "InterventionBrowseLeafAsFound":"Inclusion",
                "InterventionBrowseLeafRelevance":"high"
              },{
                "InterventionBrowseLeafId":"M2614",
                "InterventionBrowseLeafName":"Analgesics, Opioid",
                "InterventionBrowseLeafRelevance":"low"
              },{
                "InterventionBrowseLeafId":"M3899",
                "InterventionBrowseLeafName":"Buprenorphine",
                "InterventionBrowseLeafAsFound":"Mobile",
                "InterventionBrowseLeafRelevance":"high"
              },{
                "InterventionBrowseLeafId":"M25958",
                "InterventionBrowseLeafName":"Opiate Alkaloids",
                "InterventionBrowseLeafRelevance":"low"
              },{
                "InterventionBrowseLeafId":"M447",
                "InterventionBrowseLeafName":"Buprenorphine, Naloxone Drug Combination",
                "InterventionBrowseLeafAsFound":"Low Grade",
                "InterventionBrowseLeafRelevance":"high"
              },{
                "InterventionBrowseLeafId":"M2613",
                "InterventionBrowseLeafName":"Analgesics",
                "InterventionBrowseLeafRelevance":"low"
              },{
                "InterventionBrowseLeafId":"M10828",
                "InterventionBrowseLeafName":"Narcotics",
                "InterventionBrowseLeafRelevance":"low"
              },{
                "InterventionBrowseLeafId":"M10826",
                "InterventionBrowseLeafName":"Narcotic Antagonists",
                "InterventionBrowseLeafRelevance":"low"
              }
            ]
          },
          "InterventionBrowseBranchList":{
            "InterventionBrowseBranch":[
              {
                "InterventionBrowseBranchAbbrev":"NarcAntag",
                "InterventionBrowseBranchName":"Narcotic Antagonists"
              },{
                "InterventionBrowseBranchAbbrev":"All",
                "InterventionBrowseBranchName":"All Drugs and Chemicals"
              },{
                "InterventionBrowseBranchAbbrev":"Analg",
                "InterventionBrowseBranchName":"Analgesics"
              },{
                "InterventionBrowseBranchAbbrev":"CNSDep",
                "InterventionBrowseBranchName":"Central Nervous System Depressants"
              }
            ]
          }
        }
      }
    }
  }
}

