{
  "FullStudy":{
    "Rank":368723,
    "Study":{
      "ProtocolSection":{
        "IdentificationModule":{
          "NCTId":"NCT00012311",
          "OrgStudyIdInfo":{
            "OrgStudyId":"CDR0000068504"
          },
          "SecondaryIdInfoList":{
            "SecondaryIdInfo":[
              {
                "SecondaryId":"CPMC-IRB-9244"
              },{
                "SecondaryId":"NCI-G01-1922"
              }
            ]
          },
          "Organization":{
            "OrgFullName":"National Cancer Institute (NCI)",
            "OrgClass":"NIH"
          },
          "BriefTitle":"Chemotherapy Plus Peripheral Stem Cell Transplantation Compared With Chemotherapy Alone in Treating Women With Stage IV Breast Cancer",
          "OfficialTitle":"Multi-Cycle High-Dose Chemotherapy Versus Optimized Conventionally-Dosed Chemotherapy in Patients With Metastatic Breast Cancer: A Phase II Prospective Randomized Trial"
        },
        "StatusModule":{
          "StatusVerifiedDate":"September 2001",
          "OverallStatus":"Unknown status",
          "LastKnownStatus":"Active, not recruiting",
          "ExpandedAccessInfo":{
            "HasExpandedAccess":"No"
          },
          "StartDateStruct":{
            "StartDate":"January 2000"
          },
          "StudyFirstSubmitDate":"March 3, 2001",
          "StudyFirstSubmitQCDate":"April 12, 2004",
          "StudyFirstPostDateStruct":{
            "StudyFirstPostDate":"April 13, 2004",
            "StudyFirstPostDateType":"Estimate"
          },
          "LastUpdateSubmitDate":"January 3, 2014",
          "LastUpdatePostDateStruct":{
            "LastUpdatePostDate":"January 6, 2014",
            "LastUpdatePostDateType":"Estimate"
          }
        },
        "SponsorCollaboratorsModule":{
          "LeadSponsor":{
            "LeadSponsorName":"Herbert Irving Comprehensive Cancer Center",
            "LeadSponsorClass":"OTHER"
          },
          "CollaboratorList":{
            "Collaborator":[
              {
                "CollaboratorName":"National Cancer Institute (NCI)",
                "CollaboratorClass":"NIH"
              }
            ]
          }
        },
        "OversightModule":{},
        "DescriptionModule":{
          "BriefSummary":"RATIONALE: Drugs used in chemotherapy use different ways to stop tumor cells from dividing so they stop growing or die. Peripheral stem cell transplantation may allow the doctor to give higher doses of chemotherapy drugs and kill more tumor cells. It is not yet known if chemotherapy followed by peripheral stem cell transplantation is more effective than chemotherapy alone in treating metastatic breast cancer.\n\nPURPOSE: Randomized phase II trial to compare the effectiveness of combination chemotherapy plus peripheral stem cell transplantation with that of chemotherapy alone in treating women who have stage IV breast cancer.",
          "DetailedDescription":"OBJECTIVES: I. Compare the efficacy of multi-course high-dose chemotherapy with autologous peripheral blood stem cell transplantation versus standard-dose chemotherapy in women with metastatic breast cancer. II. Compare the five year event-free survival, in terms of time to progression or time to death due to toxic effects, in patients treated with these regimens. III. Compare the response rate and overall survival of patients treated with these regimens. IV. Compare the toxicity of these regimens in this patient population.\n\nOUTLINE: This is a randomized, multicenter study. Patients are randomized to one of two treatment arms. Arm I: Patients receive docetaxel and doxorubicin once followed by filgrastim (G-CSF) daily for approximately 1 week. Treatment repeats approximately every 3 weeks for 4 courses. Patients then receive cyclophosphamide, methotrexate, and fluorouracil on days 7 and 8 every 4 weeks for 4 courses. Arm II: Patients receive docetaxel, doxorubicin, and G-CSF as in arm I for 3 courses. Patients undergo leukapheresis daily for 3 or 4 days. Patients then receive 1 course of ifosfamide, etoposide, and carboplatin daily for 4 days when blood counts recover, followed by 1 course of cyclophosphamide and thiotepa daily for 4 days. Patients undergo peripheral blood stem cell reinfusion following each course.\n\nPROJECTED ACCRUAL: A total of 264 patients (132 per arm) will be accrued for this study."
        },
        "ConditionsModule":{
          "ConditionList":{
            "Condition":[
              "Breast Cancer"
            ]
          },
          "KeywordList":{
            "Keyword":[
              "stage IV breast cancer",
              "recurrent breast cancer"
            ]
          }
        },
        "DesignModule":{
          "StudyType":"Interventional",
          "PhaseList":{
            "Phase":[
              "Phase 2"
            ]
          },
          "DesignInfo":{
            "DesignPrimaryPurpose":"Treatment"
          }
        },
        "ArmsInterventionsModule":{
          "InterventionList":{
            "Intervention":[
              {
                "InterventionType":"Biological",
                "InterventionName":"filgrastim"
              },{
                "InterventionType":"Drug",
                "InterventionName":"CMF regimen"
              },{
                "InterventionType":"Drug",
                "InterventionName":"carboplatin"
              },{
                "InterventionType":"Drug",
                "InterventionName":"cyclophosphamide"
              },{
                "InterventionType":"Drug",
                "InterventionName":"docetaxel"
              },{
                "InterventionType":"Drug",
                "InterventionName":"doxorubicin hydrochloride"
              },{
                "InterventionType":"Drug",
                "InterventionName":"etoposide"
              },{
                "InterventionType":"Drug",
                "InterventionName":"fluorouracil"
              },{
                "InterventionType":"Drug",
                "InterventionName":"ifosfamide"
              },{
                "InterventionType":"Drug",
                "InterventionName":"methotrexate"
              },{
                "InterventionType":"Drug",
                "InterventionName":"thiotepa"
              },{
                "InterventionType":"Procedure",
                "InterventionName":"peripheral blood stem cell transplantation"
              }
            ]
          }
        },
        "EligibilityModule":{
          "EligibilityCriteria":"DISEASE CHARACTERISTICS: Histologically confirmed stage IV breast carcinoma Bone metastasis as only form of metastatic disease allowed No evidence of bone marrow involvement by aspirate or biopsy No brain metastases Hormone receptor status: Not specified\n\nPATIENT CHARACTERISTICS: Age: 18 to 59 Sex: Female Menopausal status: Not specified Performance status: Karnofsky 80-100% Life expectancy: More than 3 months Hematopoietic: Absolute neutrophil count greater than 1,500/mm3 Platelet count greater than 100,000/mm3 Hemoglobin greater than 9 g/dL PT normal Activated PTT normal Hepatic: Bilirubin normal (unless benign congenital hyperbilirubinemia is present) No AST/ALT greater than 1.5 times upper limit of normal (ULN) together with alkaline phosphatase greater than 2.5 times ULN No active hepatitis B or C Renal: Creatinine normal Cardiovascular: Ejection fraction normal by MUGA or echocardiogram No active heart disease No prior myocardial infarction or other manifestation of coronary artery disease Other: More than 1,000 calories/day oral intake HIV negative No active serious medical or psychiatric disease No other prior or concurrent malignancy except basal cell skin cancer or carcinoma in situ of the cervix No allergy to polysorbate 80 or E. coli-derived products No peripheral neuropathy greater than grade 2 Not pregnant Negative pregnancy test\n\nPRIOR CONCURRENT THERAPY: Biologic therapy: Not specified Chemotherapy: No prior chemotherapy for metastatic disease No prior mitomycin, nitrosoureas, or platinum coordination complexes Prior adjuvant chemotherapy allowed if completed more than 6 months prior to relapse with metastases No more than 300 mg/m2 prior doxorubicin or 450 mg/m2 prior epirubicin Endocrine therapy: Not specified Radiotherapy: No prior radiotherapy to the brain or marrow-bearing pelvis Prior radiotherapy to lower pelvis allowed if the upper border of the radiotherapy field is below the upper border of the acetabulum No other prior radiotherapy to the pelvis Surgery: At least 2 weeks since prior major surgery Other: No other concurrent anti-cancer therapy",
          "HealthyVolunteers":"No",
          "Gender":"Female",
          "MinimumAge":"18 Years",
          "MaximumAge":"59 Years",
          "StdAgeList":{
            "StdAge":[
              "Adult"
            ]
          }
        },
        "ContactsLocationsModule":{
          "OverallOfficialList":{
            "OverallOfficial":[
              {
                "OverallOfficialName":"Linda T. Vahdat, MD",
                "OverallOfficialAffiliation":"Herbert Irving Comprehensive Cancer Center",
                "OverallOfficialRole":"Study Chair"
              }
            ]
          },
          "LocationList":{
            "Location":[
              {
                "LocationFacility":"Herbert Irving Comprehensive Cancer Center",
                "LocationCity":"New York",
                "LocationState":"New York",
                "LocationZip":"10032",
                "LocationCountry":"United States"
              }
            ]
          }
        }
      },
      "DerivedSection":{
        "MiscInfoModule":{
          "VersionHolder":"April 19, 2021"
        },
        "ConditionBrowseModule":{
          "ConditionMeshList":{
            "ConditionMesh":[
              {
                "ConditionMeshId":"D000001943",
                "ConditionMeshTerm":"Breast Neoplasms"
              }
            ]
          },
          "ConditionAncestorList":{
            "ConditionAncestor":[
              {
                "ConditionAncestorId":"D000009371",
                "ConditionAncestorTerm":"Neoplasms by Site"
              },{
                "ConditionAncestorId":"D000009369",
                "ConditionAncestorTerm":"Neoplasms"
              },{
                "ConditionAncestorId":"D000001941",
                "ConditionAncestorTerm":"Breast Diseases"
              },{
                "ConditionAncestorId":"D000012871",
                "ConditionAncestorTerm":"Skin Diseases"
              }
            ]
          },
          "ConditionBrowseLeafList":{
            "ConditionBrowseLeaf":[
              {
                "ConditionBrowseLeafId":"M3802",
                "ConditionBrowseLeafName":"Breast Neoplasms",
                "ConditionBrowseLeafAsFound":"Breast Cancer",
                "ConditionBrowseLeafRelevance":"high"
              },{
                "ConditionBrowseLeafId":"M3800",
                "ConditionBrowseLeafName":"Breast Diseases",
                "ConditionBrowseLeafRelevance":"low"
              },{
                "ConditionBrowseLeafId":"M14257",
                "ConditionBrowseLeafName":"Skin Diseases",
                "ConditionBrowseLeafRelevance":"low"
              }
            ]
          },
          "ConditionBrowseBranchList":{
            "ConditionBrowseBranch":[
              {
                "ConditionBrowseBranchAbbrev":"BC04",
                "ConditionBrowseBranchName":"Cancers and Other Neoplasms"
              },{
                "ConditionBrowseBranchAbbrev":"BC17",
                "ConditionBrowseBranchName":"Skin and Connective Tissue Diseases"
              },{
                "ConditionBrowseBranchAbbrev":"All",
                "ConditionBrowseBranchName":"All Conditions"
              }
            ]
          }
        },
        "InterventionBrowseModule":{
          "InterventionMeshList":{
            "InterventionMesh":[
              {
                "InterventionMeshId":"D000003520",
                "InterventionMeshTerm":"Cyclophosphamide"
              },{
                "InterventionMeshId":"D000007069",
                "InterventionMeshTerm":"Ifosfamide"
              },{
                "InterventionMeshId":"D000013852",
                "InterventionMeshTerm":"Thiotepa"
              },{
                "InterventionMeshId":"D000016190",
                "InterventionMeshTerm":"Carboplatin"
              },{
                "InterventionMeshId":"D000077143",
                "InterventionMeshTerm":"Docetaxel"
              },{
                "InterventionMeshId":"D000004317",
                "InterventionMeshTerm":"Doxorubicin"
              },{
                "InterventionMeshId":"C000506643",
                "InterventionMeshTerm":"Liposomal doxorubicin"
              },{
                "InterventionMeshId":"D000005472",
                "InterventionMeshTerm":"Fluorouracil"
              },{
                "InterventionMeshId":"D000008727",
                "InterventionMeshTerm":"Methotrexate"
              },{
                "InterventionMeshId":"D000005047",
                "InterventionMeshTerm":"Etoposide"
              }
            ]
          },
          "InterventionAncestorList":{
            "InterventionAncestor":[
              {
                "InterventionAncestorId":"D000007166",
                "InterventionAncestorTerm":"Immunosuppressive Agents"
              },{
                "InterventionAncestorId":"D000007155",
                "InterventionAncestorTerm":"Immunologic Factors"
              },{
                "InterventionAncestorId":"D000045505",
                "InterventionAncestorTerm":"Physiological Effects of Drugs"
              },{
                "InterventionAncestorId":"D000018501",
                "InterventionAncestorTerm":"Antirheumatic Agents"
              },{
                "InterventionAncestorId":"D000018906",
                "InterventionAncestorTerm":"Antineoplastic Agents, Alkylating"
              },{
                "InterventionAncestorId":"D000000477",
                "InterventionAncestorTerm":"Alkylating Agents"
              },{
                "InterventionAncestorId":"D000045504",
                "InterventionAncestorTerm":"Molecular Mechanisms of Pharmacological Action"
              },{
                "InterventionAncestorId":"D000000970",
                "InterventionAncestorTerm":"Antineoplastic Agents"
              },{
                "InterventionAncestorId":"D000019653",
                "InterventionAncestorTerm":"Myeloablative Agonists"
              },{
                "InterventionAncestorId":"D000050257",
                "InterventionAncestorTerm":"Tubulin Modulators"
              },{
                "InterventionAncestorId":"D000050256",
                "InterventionAncestorTerm":"Antimitotic Agents"
              },{
                "InterventionAncestorId":"D000050258",
                "InterventionAncestorTerm":"Mitosis Modulators"
              },{
                "InterventionAncestorId":"D000000903",
                "InterventionAncestorTerm":"Antibiotics, Antineoplastic"
              },{
                "InterventionAncestorId":"D000059005",
                "InterventionAncestorTerm":"Topoisomerase II Inhibitors"
              },{
                "InterventionAncestorId":"D000059003",
                "InterventionAncestorTerm":"Topoisomerase Inhibitors"
              },{
                "InterventionAncestorId":"D000004791",
                "InterventionAncestorTerm":"Enzyme Inhibitors"
              },{
                "InterventionAncestorId":"D000000963",
                "InterventionAncestorTerm":"Antimetabolites"
              },{
                "InterventionAncestorId":"D000000964",
                "InterventionAncestorTerm":"Antimetabolites, Antineoplastic"
              },{
                "InterventionAncestorId":"D000000020",
                "InterventionAncestorTerm":"Abortifacient Agents, Nonsteroidal"
              },{
                "InterventionAncestorId":"D000000019",
                "InterventionAncestorTerm":"Abortifacient Agents"
              },{
                "InterventionAncestorId":"D000012102",
                "InterventionAncestorTerm":"Reproductive Control Agents"
              },{
                "InterventionAncestorId":"D000003879",
                "InterventionAncestorTerm":"Dermatologic Agents"
              },{
                "InterventionAncestorId":"D000005493",
                "InterventionAncestorTerm":"Folic Acid Antagonists"
              },{
                "InterventionAncestorId":"D000019384",
                "InterventionAncestorTerm":"Nucleic Acid Synthesis Inhibitors"
              },{
                "InterventionAncestorId":"D000000972",
                "InterventionAncestorTerm":"Antineoplastic Agents, Phytogenic"
              }
            ]
          },
          "InterventionBrowseLeafList":{
            "InterventionBrowseLeaf":[
              {
                "InterventionBrowseLeafId":"M17233",
                "InterventionBrowseLeafName":"Carboplatin",
                "InterventionBrowseLeafAsFound":"Over",
                "InterventionBrowseLeafRelevance":"high"
              },{
                "InterventionBrowseLeafId":"M5310",
                "InterventionBrowseLeafName":"Cyclophosphamide",
                "InterventionBrowseLeafAsFound":"Procedure",
                "InterventionBrowseLeafRelevance":"high"
              },{
                "InterventionBrowseLeafId":"M6075",
                "InterventionBrowseLeafName":"Doxorubicin",
                "InterventionBrowseLeafAsFound":"Prostate Cancer",
                "InterventionBrowseLeafRelevance":"high"
              },{
                "InterventionBrowseLeafId":"M7183",
                "InterventionBrowseLeafName":"Fluorouracil",
                "InterventionBrowseLeafAsFound":"Weight",
                "InterventionBrowseLeafRelevance":"high"
              },{
                "InterventionBrowseLeafId":"M1668",
                "InterventionBrowseLeafName":"Docetaxel",
                "InterventionBrowseLeafAsFound":"Administration",
                "InterventionBrowseLeafRelevance":"high"
              },{
                "InterventionBrowseLeafId":"M10286",
                "InterventionBrowseLeafName":"Methotrexate",
                "InterventionBrowseLeafAsFound":"Syndrome",
                "InterventionBrowseLeafRelevance":"high"
              },{
                "InterventionBrowseLeafId":"M235025",
                "InterventionBrowseLeafName":"Liposomal doxorubicin",
                "InterventionBrowseLeafAsFound":"Prostate Cancer",
                "InterventionBrowseLeafRelevance":"high"
              },{
                "InterventionBrowseLeafId":"M6774",
                "InterventionBrowseLeafName":"Etoposide",
                "InterventionBrowseLeafAsFound":"Anesthesia",
                "InterventionBrowseLeafRelevance":"high"
              },{
                "InterventionBrowseLeafId":"M8700",
                "InterventionBrowseLeafName":"Ifosfamide",
                "InterventionBrowseLeafAsFound":"Prednisone",
                "InterventionBrowseLeafRelevance":"high"
              },{
                "InterventionBrowseLeafId":"M1945",
                "InterventionBrowseLeafName":"Lenograstim",
                "InterventionBrowseLeafRelevance":"low"
              },{
                "InterventionBrowseLeafId":"M260518",
                "InterventionBrowseLeafName":"Etoposide phosphate",
                "InterventionBrowseLeafRelevance":"low"
              },{
                "InterventionBrowseLeafId":"M15198",
                "InterventionBrowseLeafName":"Thiotepa",
                "InterventionBrowseLeafAsFound":"VEGF",
                "InterventionBrowseLeafRelevance":"high"
              },{
                "InterventionBrowseLeafId":"M238645",
                "InterventionBrowseLeafName":"Isophosphamide mustard",
                "InterventionBrowseLeafRelevance":"low"
              },{
                "InterventionBrowseLeafId":"M8795",
                "InterventionBrowseLeafName":"Immunosuppressive Agents",
                "InterventionBrowseLeafRelevance":"low"
              },{
                "InterventionBrowseLeafId":"M8784",
                "InterventionBrowseLeafName":"Immunologic Factors",
                "InterventionBrowseLeafRelevance":"low"
              },{
                "InterventionBrowseLeafId":"M19188",
                "InterventionBrowseLeafName":"Antirheumatic Agents",
                "InterventionBrowseLeafRelevance":"low"
              },{
                "InterventionBrowseLeafId":"M2401",
                "InterventionBrowseLeafName":"Alkylating Agents",
                "InterventionBrowseLeafRelevance":"low"
              },{
                "InterventionBrowseLeafId":"M24784",
                "InterventionBrowseLeafName":"Tubulin Modulators",
                "InterventionBrowseLeafRelevance":"low"
              },{
                "InterventionBrowseLeafId":"M24783",
                "InterventionBrowseLeafName":"Antimitotic Agents",
                "InterventionBrowseLeafRelevance":"low"
              },{
                "InterventionBrowseLeafId":"M2803",
                "InterventionBrowseLeafName":"Anti-Bacterial Agents",
                "InterventionBrowseLeafRelevance":"low"
              },{
                "InterventionBrowseLeafId":"M2805",
                "InterventionBrowseLeafName":"Antibiotics, Antitubercular",
                "InterventionBrowseLeafRelevance":"low"
              },{
                "InterventionBrowseLeafId":"M2862",
                "InterventionBrowseLeafName":"Antimetabolites",
                "InterventionBrowseLeafRelevance":"low"
              },{
                "InterventionBrowseLeafId":"M5657",
                "InterventionBrowseLeafName":"Dermatologic Agents",
                "InterventionBrowseLeafRelevance":"low"
              },{
                "InterventionBrowseLeafId":"M7201",
                "InterventionBrowseLeafName":"Folic Acid",
                "InterventionBrowseLeafRelevance":"low"
              },{
                "InterventionBrowseLeafId":"M16129",
                "InterventionBrowseLeafName":"Vitamin B Complex",
                "InterventionBrowseLeafRelevance":"low"
              },{
                "InterventionBrowseLeafId":"M7202",
                "InterventionBrowseLeafName":"Folic Acid Antagonists",
                "InterventionBrowseLeafRelevance":"low"
              },{
                "InterventionBrowseLeafId":"T446",
                "InterventionBrowseLeafName":"Folic Acid",
                "InterventionBrowseLeafRelevance":"low"
              },{
                "InterventionBrowseLeafId":"T448",
                "InterventionBrowseLeafName":"Folate",
                "InterventionBrowseLeafRelevance":"low"
              },{
                "InterventionBrowseLeafId":"T475",
                "InterventionBrowseLeafName":"Vitamin B9",
                "InterventionBrowseLeafRelevance":"low"
              },{
                "InterventionBrowseLeafId":"T447",
                "InterventionBrowseLeafName":"Folinic Acid",
                "InterventionBrowseLeafRelevance":"low"
              }
            ]
          },
          "InterventionBrowseBranchList":{
            "InterventionBrowseBranch":[
              {
                "InterventionBrowseBranchAbbrev":"ANeo",
                "InterventionBrowseBranchName":"Antineoplastic Agents"
              },{
                "InterventionBrowseBranchAbbrev":"All",
                "InterventionBrowseBranchName":"All Drugs and Chemicals"
              },{
                "InterventionBrowseBranchAbbrev":"ARhu",
                "InterventionBrowseBranchName":"Antirheumatic Agents"
              },{
                "InterventionBrowseBranchAbbrev":"Derm",
                "InterventionBrowseBranchName":"Dermatologic Agents"
              },{
                "InterventionBrowseBranchAbbrev":"Repr",
                "InterventionBrowseBranchName":"Reproductive Control Agents"
              },{
                "InterventionBrowseBranchAbbrev":"Infe",
                "InterventionBrowseBranchName":"Anti-Infective Agents"
              },{
                "InterventionBrowseBranchAbbrev":"Micro",
                "InterventionBrowseBranchName":"Micronutrients"
              },{
                "InterventionBrowseBranchAbbrev":"Hemat",
                "InterventionBrowseBranchName":"Hematinics"
              },{
                "InterventionBrowseBranchAbbrev":"Vi",
                "InterventionBrowseBranchName":"Vitamins"
              }
            ]
          }
        }
      }
    }
  }
}

