{
  "FullStudy":{
    "Rank":368833,
    "Study":{
      "ProtocolSection":{
        "IdentificationModule":{
          "NCTId":"NCT00010699",
          "NCTIdAliasList":{
            "NCTIdAlias":[
              "NCT00009373"
            ]
          },
          "OrgStudyIdInfo":{
            "OrgStudyId":"R01AT000005-02",
            "OrgStudyIdType":"U.S. NIH Grant/Contract",
            "OrgStudyIdLink":"https://projectreporter.nih.gov/reporterapi.cfm?PROJECTNUM=R01AT000005-02&Fy=all"
          },
          "Organization":{
            "OrgFullName":"National Center for Complementary and Integrative Health (NCCIH)",
            "OrgClass":"NIH"
          },
          "BriefTitle":"Effect of High Dose Vitamin E on Carotid Atherosclerosis",
          "OfficialTitle":"Effect of High Dose Vitamin E on Carotid Atherosclerosis"
        },
        "StatusModule":{
          "StatusVerifiedDate":"March 2013",
          "OverallStatus":"Completed",
          "ExpandedAccessInfo":{
            "HasExpandedAccess":"No"
          },
          "PrimaryCompletionDateStruct":{
            "PrimaryCompletionDate":"April 2003",
            "PrimaryCompletionDateType":"Actual"
          },
          "CompletionDateStruct":{
            "CompletionDate":"April 2003",
            "CompletionDateType":"Actual"
          },
          "StudyFirstSubmitDate":"February 2, 2001",
          "StudyFirstSubmitQCDate":"February 2, 2001",
          "StudyFirstPostDateStruct":{
            "StudyFirstPostDate":"February 5, 2001",
            "StudyFirstPostDateType":"Estimate"
          },
          "LastUpdateSubmitDate":"March 21, 2013",
          "LastUpdatePostDateStruct":{
            "LastUpdatePostDate":"March 22, 2013",
            "LastUpdatePostDateType":"Estimate"
          }
        },
        "SponsorCollaboratorsModule":{
          "LeadSponsor":{
            "LeadSponsorName":"National Center for Complementary and Integrative Health (NCCIH)",
            "LeadSponsorClass":"NIH"
          },
          "CollaboratorList":{
            "Collaborator":[
              {
                "CollaboratorName":"Office of Dietary Supplements (ODS)",
                "CollaboratorClass":"NIH"
              }
            ]
          }
        },
        "OversightModule":{},
        "DescriptionModule":{
          "BriefSummary":"The primary aim of the present study is to test the effect of alpha-tocopherol supplementation on the progression of carotid atherosclerosis in patients with coronary artery disease",
          "DetailedDescription":"Cardiovascular disease is the leading cause of morbidity and mortality in Westernized populations. Oxidation of low-density lipoprotein (LDL) appears to be a crucial step in atherogenesis. Thus, the role of dietary micronutrients in decreasing LDL oxidation assumes considerable significance. The most consistent data with respect to micronutrient antioxidants and atherosclerosis appear to relate to a-tocopherol (AT), the predominant lipid-soluble antioxidant in LDL. In addition to decreasing LDL oxidation, data support an effect of AT on critical cells in atherogenesis (monocytes, smooth muscle cells, and endothelium) that are potentially anti-atherogenic.\n\nThe primary aim of the present study is to test the effect of AT supplementation (1200 IU/day of RRR-AT) in a placebo-controlled, randomized double blind trial over 2 years on the progression of carotid atherosclerosis in patients with coronary artery disease (stable angina pectoris or previous myocardial infarction).\n\nSubjects recruited would have to be on the American Heart Association Phase II diet and a HMG CoA reductase inhibitor for at least one year and have an LDL cholesterol <125 mg/dL on 2 visits at least 4 weeks apart during the 10 month lead in phase. Intimal-medial thickness (IMT) of both carotids, including the common carotid, the bulb and the proximal internal carotid will be determined by high-resolution B-mode sonography. At six month intervals blood samples will be obtained for liver enzymes, creatinine, complete blood count, lipid profile, antioxidant and fatty acid levels, LDL oxidation, plasma soluble CAMS (cell adhesion molecules) and monocyte activity. Also, an early morning urine sample will be obtained for F2 -isoprostanes, a direct measure of lipid peroxidation. IMT will be determined at baseline, 1, 1.5 and 2 years. The mean change in IMT and rate of progression will be compared between the AT and placebo groups. Following isolation, the LDL will be subjected to copper catalyzed oxidation over a 5-hour period. From this will be obtained the lag phase and oxidation rate. Isolated monocytes will be activated with lipopolysaccharide and the following activities assayed: superoxide anion release, interleukin-1 j3 release and adhesion to human endothelium. F2 isoprostanes and VCAM, ICAM, and E- 8 P-Selectin will be quantitated by ELISA. AT levels and the parameters of LDL oxidation and monocyte activity will be correlated with changes in IMT.\n\nIf this study shows that high-dose AT supplementation is beneficial in retarding atherosclerosis this could emerge as an important adjunctive therapy in the management of cardiovascular disease."
        },
        "ConditionsModule":{
          "ConditionList":{
            "Condition":[
              "Cardiovascular Diseases"
            ]
          },
          "KeywordList":{
            "Keyword":[
              "cvd"
            ]
          }
        },
        "DesignModule":{
          "StudyType":"Interventional",
          "PhaseList":{
            "Phase":[
              "Phase 2"
            ]
          },
          "DesignInfo":{
            "DesignAllocation":"Randomized",
            "DesignPrimaryPurpose":"Treatment",
            "DesignMaskingInfo":{
              "DesignMasking":"Double"
            }
          },
          "EnrollmentInfo":{
            "EnrollmentCount":"120"
          }
        },
        "ArmsInterventionsModule":{
          "InterventionList":{
            "Intervention":[
              {
                "InterventionType":"Drug",
                "InterventionName":"Vitamin E"
              }
            ]
          }
        },
        "EligibilityModule":{
          "EligibilityCriteria":"Inclusion Criteria:\n\nMust be on the American Heart Association Phase II diet and a HMG CoA reductase inhibitor for at least one year\nHave an LDL cholesterol <125 mg/dL on 2 visits at least 4 weeks apart during the 10 month lead in phase.",
          "HealthyVolunteers":"No",
          "Gender":"All",
          "StdAgeList":{
            "StdAge":[
              "Child",
              "Adult",
              "Older Adult"
            ]
          }
        },
        "ContactsLocationsModule":{
          "OverallOfficialList":{
            "OverallOfficial":[
              {
                "OverallOfficialName":"Ishwarlal Jialal, MD, Ph.D.",
                "OverallOfficialAffiliation":"Department of Pathology",
                "OverallOfficialRole":"Principal Investigator"
              }
            ]
          },
          "LocationList":{
            "Location":[
              {
                "LocationFacility":"UC Davis Medical Center",
                "LocationCity":"Sacramento",
                "LocationState":"California",
                "LocationZip":"95817",
                "LocationCountry":"United States"
              },{
                "LocationFacility":"University of California Davis Medical Center",
                "LocationCity":"Sacramento",
                "LocationState":"California",
                "LocationCountry":"United States"
              }
            ]
          }
        }
      },
      "DerivedSection":{
        "MiscInfoModule":{
          "VersionHolder":"April 19, 2021"
        },
        "ConditionBrowseModule":{
          "ConditionMeshList":{
            "ConditionMesh":[
              {
                "ConditionMeshId":"D000002340",
                "ConditionMeshTerm":"Carotid Artery Diseases"
              },{
                "ConditionMeshId":"D000002318",
                "ConditionMeshTerm":"Cardiovascular Diseases"
              },{
                "ConditionMeshId":"D000050197",
                "ConditionMeshTerm":"Atherosclerosis"
              }
            ]
          },
          "ConditionAncestorList":{
            "ConditionAncestor":[
              {
                "ConditionAncestorId":"D000001161",
                "ConditionAncestorTerm":"Arteriosclerosis"
              },{
                "ConditionAncestorId":"D000001157",
                "ConditionAncestorTerm":"Arterial Occlusive Diseases"
              },{
                "ConditionAncestorId":"D000014652",
                "ConditionAncestorTerm":"Vascular Diseases"
              },{
                "ConditionAncestorId":"D000002561",
                "ConditionAncestorTerm":"Cerebrovascular Disorders"
              },{
                "ConditionAncestorId":"D000001927",
                "ConditionAncestorTerm":"Brain Diseases"
              },{
                "ConditionAncestorId":"D000002493",
                "ConditionAncestorTerm":"Central Nervous System Diseases"
              },{
                "ConditionAncestorId":"D000009422",
                "ConditionAncestorTerm":"Nervous System Diseases"
              }
            ]
          },
          "ConditionBrowseLeafList":{
            "ConditionBrowseLeaf":[
              {
                "ConditionBrowseLeafId":"M24775",
                "ConditionBrowseLeafName":"Atherosclerosis",
                "ConditionBrowseLeafAsFound":"Atherosclerosis",
                "ConditionBrowseLeafRelevance":"high"
              },{
                "ConditionBrowseLeafId":"M4176",
                "ConditionBrowseLeafName":"Carotid Artery Diseases",
                "ConditionBrowseLeafAsFound":"Carotid Atherosclerosis",
                "ConditionBrowseLeafRelevance":"high"
              },{
                "ConditionBrowseLeafId":"M3050",
                "ConditionBrowseLeafName":"Arteriosclerosis",
                "ConditionBrowseLeafRelevance":"low"
              },{
                "ConditionBrowseLeafId":"M3046",
                "ConditionBrowseLeafName":"Arterial Occlusive Diseases",
                "ConditionBrowseLeafRelevance":"low"
              },{
                "ConditionBrowseLeafId":"M15983",
                "ConditionBrowseLeafName":"Vascular Diseases",
                "ConditionBrowseLeafRelevance":"low"
              },{
                "ConditionBrowseLeafId":"M4393",
                "ConditionBrowseLeafName":"Cerebrovascular Disorders",
                "ConditionBrowseLeafRelevance":"low"
              },{
                "ConditionBrowseLeafId":"M3786",
                "ConditionBrowseLeafName":"Brain Diseases",
                "ConditionBrowseLeafRelevance":"low"
              },{
                "ConditionBrowseLeafId":"M4325",
                "ConditionBrowseLeafName":"Central Nervous System Diseases",
                "ConditionBrowseLeafRelevance":"low"
              }
            ]
          },
          "ConditionBrowseBranchList":{
            "ConditionBrowseBranch":[
              {
                "ConditionBrowseBranchAbbrev":"BC14",
                "ConditionBrowseBranchName":"Heart and Blood Diseases"
              },{
                "ConditionBrowseBranchAbbrev":"All",
                "ConditionBrowseBranchName":"All Conditions"
              },{
                "ConditionBrowseBranchAbbrev":"BC10",
                "ConditionBrowseBranchName":"Nervous System Diseases"
              }
            ]
          }
        },
        "InterventionBrowseModule":{
          "InterventionMeshList":{
            "InterventionMesh":[
              {
                "InterventionMeshId":"D000014810",
                "InterventionMeshTerm":"Vitamin E"
              }
            ]
          },
          "InterventionAncestorList":{
            "InterventionAncestor":[
              {
                "InterventionAncestorId":"D000014815",
                "InterventionAncestorTerm":"Vitamins"
              },{
                "InterventionAncestorId":"D000018977",
                "InterventionAncestorTerm":"Micronutrients"
              },{
                "InterventionAncestorId":"D000078622",
                "InterventionAncestorTerm":"Nutrients"
              },{
                "InterventionAncestorId":"D000006133",
                "InterventionAncestorTerm":"Growth Substances"
              },{
                "InterventionAncestorId":"D000045505",
                "InterventionAncestorTerm":"Physiological Effects of Drugs"
              },{
                "InterventionAncestorId":"D000000975",
                "InterventionAncestorTerm":"Antioxidants"
              },{
                "InterventionAncestorId":"D000045504",
                "InterventionAncestorTerm":"Molecular Mechanisms of Pharmacological Action"
              },{
                "InterventionAncestorId":"D000020011",
                "InterventionAncestorTerm":"Protective Agents"
              }
            ]
          },
          "InterventionBrowseLeafList":{
            "InterventionBrowseLeaf":[
              {
                "InterventionBrowseLeafId":"M16141",
                "InterventionBrowseLeafName":"Vitamins",
                "InterventionBrowseLeafRelevance":"low"
              },{
                "InterventionBrowseLeafId":"M16136",
                "InterventionBrowseLeafName":"Vitamin E",
                "InterventionBrowseLeafAsFound":"Treadmill",
                "InterventionBrowseLeafRelevance":"high"
              },{
                "InterventionBrowseLeafId":"M21556",
                "InterventionBrowseLeafName":"Tocopherols",
                "InterventionBrowseLeafRelevance":"low"
              },{
                "InterventionBrowseLeafId":"M21559",
                "InterventionBrowseLeafName":"Tocotrienols",
                "InterventionBrowseLeafRelevance":"low"
              },{
                "InterventionBrowseLeafId":"M21553",
                "InterventionBrowseLeafName":"alpha-Tocopherol",
                "InterventionBrowseLeafRelevance":"low"
              },{
                "InterventionBrowseLeafId":"M19593",
                "InterventionBrowseLeafName":"Micronutrients",
                "InterventionBrowseLeafRelevance":"low"
              },{
                "InterventionBrowseLeafId":"M15468",
                "InterventionBrowseLeafName":"Trace Elements",
                "InterventionBrowseLeafRelevance":"low"
              },{
                "InterventionBrowseLeafId":"M1986",
                "InterventionBrowseLeafName":"Nutrients",
                "InterventionBrowseLeafRelevance":"low"
              },{
                "InterventionBrowseLeafId":"M2873",
                "InterventionBrowseLeafName":"Antioxidants",
                "InterventionBrowseLeafRelevance":"low"
              },{
                "InterventionBrowseLeafId":"M20453",
                "InterventionBrowseLeafName":"Protective Agents",
                "InterventionBrowseLeafRelevance":"low"
              },{
                "InterventionBrowseLeafId":"T480",
                "InterventionBrowseLeafName":"Vitamin E",
                "InterventionBrowseLeafAsFound":"Treadmill",
                "InterventionBrowseLeafRelevance":"high"
              },{
                "InterventionBrowseLeafId":"T466",
                "InterventionBrowseLeafName":"Tocopherol",
                "InterventionBrowseLeafRelevance":"low"
              },{
                "InterventionBrowseLeafId":"T467",
                "InterventionBrowseLeafName":"Tocotrienol",
                "InterventionBrowseLeafRelevance":"low"
              }
            ]
          },
          "InterventionBrowseBranchList":{
            "InterventionBrowseBranch":[
              {
                "InterventionBrowseBranchAbbrev":"Micro",
                "InterventionBrowseBranchName":"Micronutrients"
              },{
                "InterventionBrowseBranchAbbrev":"All",
                "InterventionBrowseBranchName":"All Drugs and Chemicals"
              },{
                "InterventionBrowseBranchAbbrev":"Vi",
                "InterventionBrowseBranchName":"Vitamins"
              }
            ]
          }
        }
      }
    }
  }
}

