{
  "FullStudy":{
    "Rank":368402,
    "Study":{
      "ProtocolSection":{
        "IdentificationModule":{
          "NCTId":"NCT00017056",
          "OrgStudyIdInfo":{
            "OrgStudyId":"01-015"
          },
          "SecondaryIdInfoList":{
            "SecondaryIdInfo":[
              {
                "SecondaryId":"CDR0000068645",
                "SecondaryIdType":"Registry Identifier",
                "SecondaryIdDomain":"PDQ (Physician Data Query)"
              },{
                "SecondaryId":"NCI-G01-1950"
              }
            ]
          },
          "Organization":{
            "OrgFullName":"Memorial Sloan Kettering Cancer Center",
            "OrgClass":"OTHER"
          },
          "BriefTitle":"BMS-247550 in Treating Patients With Recurrent Metastatic Stomach Cancer That Has Been Previously Treated With Chemotherapy",
          "OfficialTitle":"A Phase II Study Of Epothilone Analog BMS-247550 In Patients With Metastatic Gastric Adenocarcinoma Previously Treated With A Fluoropyrimidine And/Or Platinum"
        },
        "StatusModule":{
          "StatusVerifiedDate":"June 2013",
          "OverallStatus":"Completed",
          "ExpandedAccessInfo":{
            "HasExpandedAccess":"No"
          },
          "StartDateStruct":{
            "StartDate":"February 2001"
          },
          "PrimaryCompletionDateStruct":{
            "PrimaryCompletionDate":"January 2002",
            "PrimaryCompletionDateType":"Actual"
          },
          "CompletionDateStruct":{
            "CompletionDate":"January 2002",
            "CompletionDateType":"Actual"
          },
          "StudyFirstSubmitDate":"June 6, 2001",
          "StudyFirstSubmitQCDate":"February 13, 2004",
          "StudyFirstPostDateStruct":{
            "StudyFirstPostDate":"February 16, 2004",
            "StudyFirstPostDateType":"Estimate"
          },
          "LastUpdateSubmitDate":"June 17, 2013",
          "LastUpdatePostDateStruct":{
            "LastUpdatePostDate":"June 18, 2013",
            "LastUpdatePostDateType":"Estimate"
          }
        },
        "SponsorCollaboratorsModule":{
          "LeadSponsor":{
            "LeadSponsorName":"Memorial Sloan Kettering Cancer Center",
            "LeadSponsorClass":"OTHER"
          },
          "CollaboratorList":{
            "Collaborator":[
              {
                "CollaboratorName":"National Cancer Institute (NCI)",
                "CollaboratorClass":"NIH"
              }
            ]
          }
        },
        "OversightModule":{},
        "DescriptionModule":{
          "BriefSummary":"RATIONALE: Drugs used in chemotherapy use different ways to stop tumor cells from dividing so they stop growing or die.\n\nPURPOSE: Phase II trial to study the effectiveness of BMS-247550 in treating patients who have recurrent metastatic stomach cancer that has been previously treated with chemotherapy.",
          "DetailedDescription":"OBJECTIVES: I. Determine the clinical activity of BMS-247550 in terms of response rate in patients with recurrent metastatic gastric cancer previously treated with a fluoropyrimidine or platinum regimen. II. Determine the safety of this drug in this patient population. III. Determine the duration of response, time to progression, and survival of patients treated with this drug.\n\nOUTLINE: This is a multicenter study. Patients receive BMS-247550 IV over 1 hour on day 1. Treatment repeats every 21 days for up to 18 courses in the absence of disease progression or unacceptable toxicity. Patients achieving a complete response (CR) receive up to 4 additional courses after CR. Patients are followed every 3 months.\n\nPROJECTED ACCRUAL: A total of 21-58 patients will be accrued for this study within 12 months."
        },
        "ConditionsModule":{
          "ConditionList":{
            "Condition":[
              "Esophageal Cancer",
              "Gastric Cancer"
            ]
          },
          "KeywordList":{
            "Keyword":[
              "stage IV gastric cancer",
              "recurrent gastric cancer",
              "stage IV esophageal cancer",
              "recurrent esophageal cancer",
              "adenocarcinoma of the stomach",
              "adenocarcinoma of the esophagus"
            ]
          }
        },
        "DesignModule":{
          "StudyType":"Interventional",
          "PhaseList":{
            "Phase":[
              "Phase 2"
            ]
          },
          "DesignInfo":{
            "DesignPrimaryPurpose":"Treatment"
          }
        },
        "ArmsInterventionsModule":{
          "InterventionList":{
            "Intervention":[
              {
                "InterventionType":"Drug",
                "InterventionName":"ixabepilone"
              }
            ]
          }
        },
        "EligibilityModule":{
          "EligibilityCriteria":"DISEASE CHARACTERISTICS: Histologically confirmed recurrent metastatic adenocarcinoma of the stomach or gastroesophageal junction No squamous cell or sarcomatous elements in tumor Previously treated with 1 prior fluoropyrimidine and/or platinum based chemotherapy regimen for metastatic disease OR Recurrent disease within 6 months of completing adjuvant fluoropyrimidine-containing therapy Bidimensionally measurable disease No known brain metastases\n\nPATIENT CHARACTERISTICS: Age: 18 and over Performance status: ECOG 0-2 Life expectancy: At least 12 weeks Hematopoietic: Absolute neutrophil count at least 2,000/mm3 Platelet count greater than 125,000/mm3 Hepatic: Bilirubin no greater than 1.5 times upper limit of normal (ULN) ALT no greater than 2.5 times ULN (5 times ULN if liver metastases present) Renal: Creatinine no greater than 2 times ULN Cardiovascular: No unstable angina, myocardial infarction, or congestive heart failure within the past 6 months Other: No grade 2 or greater neuropathy (motor or sensory) No other malignancy within the past 2 years except nonmelanoma skin cancer or carcinoma in situ of the cervix No serious concurrent infection No other medical illness that would preclude study No psychiatric disorder or other condition that would preclude study No known hypersensitivity to Cremophor EL Not pregnant or nursing Negative pregnancy test Fertile patients must use effective contraception during and for 2 months after study\n\nPRIOR CONCURRENT THERAPY: Biologic therapy: No concurrent immunotherapy Chemotherapy: See Disease Characteristics At least 3 weeks since prior chemotherapy Prior adjuvant or neoadjuvant chemotherapy allowed No more than 1 prior chemotherapy regimen for metastatic disease No prior taxane therapy No other concurrent chemotherapy Endocrine therapy: No concurrent hormonal therapy except hormone replacement therapy Radiotherapy: At least 3 weeks since prior radiotherapy and recovered No prior radiotherapy to major bone marrow-containing areas (pelvis, lumbar spine) or to only site of measurable disease No concurrent therapeutic radiotherapy Surgery: At least 1 week since prior minor surgery and recovered At least 3 weeks since prior major surgery and recovered Other: No other concurrent experimental anticancer medications",
          "HealthyVolunteers":"No",
          "Gender":"All",
          "MinimumAge":"18 Years",
          "StdAgeList":{
            "StdAge":[
              "Adult",
              "Older Adult"
            ]
          }
        },
        "ContactsLocationsModule":{
          "OverallOfficialList":{
            "OverallOfficial":[
              {
                "OverallOfficialName":"Manish A. Shah, MD",
                "OverallOfficialAffiliation":"Memorial Sloan Kettering Cancer Center",
                "OverallOfficialRole":"Study Chair"
              }
            ]
          },
          "LocationList":{
            "Location":[
              {
                "LocationFacility":"Memorial Sloan-Kettering Cancer Center",
                "LocationCity":"New York",
                "LocationState":"New York",
                "LocationZip":"10021",
                "LocationCountry":"United States"
              }
            ]
          }
        }
      },
      "DerivedSection":{
        "MiscInfoModule":{
          "VersionHolder":"April 19, 2021"
        },
        "ConditionBrowseModule":{
          "ConditionMeshList":{
            "ConditionMesh":[
              {
                "ConditionMeshId":"D000013274",
                "ConditionMeshTerm":"Stomach Neoplasms"
              },{
                "ConditionMeshId":"D000004938",
                "ConditionMeshTerm":"Esophageal Neoplasms"
              }
            ]
          },
          "ConditionAncestorList":{
            "ConditionAncestor":[
              {
                "ConditionAncestorId":"D000009369",
                "ConditionAncestorTerm":"Neoplasms"
              },{
                "ConditionAncestorId":"D000005770",
                "ConditionAncestorTerm":"Gastrointestinal Neoplasms"
              },{
                "ConditionAncestorId":"D000004067",
                "ConditionAncestorTerm":"Digestive System Neoplasms"
              },{
                "ConditionAncestorId":"D000009371",
                "ConditionAncestorTerm":"Neoplasms by Site"
              },{
                "ConditionAncestorId":"D000004066",
                "ConditionAncestorTerm":"Digestive System Diseases"
              },{
                "ConditionAncestorId":"D000005767",
                "ConditionAncestorTerm":"Gastrointestinal Diseases"
              },{
                "ConditionAncestorId":"D000013272",
                "ConditionAncestorTerm":"Stomach Diseases"
              },{
                "ConditionAncestorId":"D000006258",
                "ConditionAncestorTerm":"Head and Neck Neoplasms"
              },{
                "ConditionAncestorId":"D000004935",
                "ConditionAncestorTerm":"Esophageal Diseases"
              }
            ]
          },
          "ConditionBrowseLeafList":{
            "ConditionBrowseLeaf":[
              {
                "ConditionBrowseLeafId":"M6671",
                "ConditionBrowseLeafName":"Esophageal Neoplasms",
                "ConditionBrowseLeafAsFound":"Esophageal Cancer",
                "ConditionBrowseLeafRelevance":"high"
              },{
                "ConditionBrowseLeafId":"M14647",
                "ConditionBrowseLeafName":"Stomach Neoplasms",
                "ConditionBrowseLeafAsFound":"Gastric Cancer",
                "ConditionBrowseLeafRelevance":"high"
              },{
                "ConditionBrowseLeafId":"M2166",
                "ConditionBrowseLeafName":"Adenocarcinoma",
                "ConditionBrowseLeafRelevance":"low"
              },{
                "ConditionBrowseLeafId":"M7469",
                "ConditionBrowseLeafName":"Gastrointestinal Neoplasms",
                "ConditionBrowseLeafRelevance":"low"
              },{
                "ConditionBrowseLeafId":"M5839",
                "ConditionBrowseLeafName":"Digestive System Neoplasms",
                "ConditionBrowseLeafRelevance":"low"
              },{
                "ConditionBrowseLeafId":"M5838",
                "ConditionBrowseLeafName":"Digestive System Diseases",
                "ConditionBrowseLeafRelevance":"low"
              },{
                "ConditionBrowseLeafId":"M7466",
                "ConditionBrowseLeafName":"Gastrointestinal Diseases",
                "ConditionBrowseLeafRelevance":"low"
              },{
                "ConditionBrowseLeafId":"M14645",
                "ConditionBrowseLeafName":"Stomach Diseases",
                "ConditionBrowseLeafRelevance":"low"
              },{
                "ConditionBrowseLeafId":"M7931",
                "ConditionBrowseLeafName":"Head and Neck Neoplasms",
                "ConditionBrowseLeafRelevance":"low"
              },{
                "ConditionBrowseLeafId":"M6668",
                "ConditionBrowseLeafName":"Esophageal Diseases",
                "ConditionBrowseLeafRelevance":"low"
              },{
                "ConditionBrowseLeafId":"T2141",
                "ConditionBrowseLeafName":"Esophageal Cancer",
                "ConditionBrowseLeafAsFound":"Esophageal Cancer",
                "ConditionBrowseLeafRelevance":"high"
              },{
                "ConditionBrowseLeafId":"T5486",
                "ConditionBrowseLeafName":"Stomach Cancer",
                "ConditionBrowseLeafAsFound":"Gastric Cancer",
                "ConditionBrowseLeafRelevance":"high"
              }
            ]
          },
          "ConditionBrowseBranchList":{
            "ConditionBrowseBranch":[
              {
                "ConditionBrowseBranchAbbrev":"BC04",
                "ConditionBrowseBranchName":"Cancers and Other Neoplasms"
              },{
                "ConditionBrowseBranchAbbrev":"BC06",
                "ConditionBrowseBranchName":"Digestive System Diseases"
              },{
                "ConditionBrowseBranchAbbrev":"All",
                "ConditionBrowseBranchName":"All Conditions"
              },{
                "ConditionBrowseBranchAbbrev":"Rare",
                "ConditionBrowseBranchName":"Rare Diseases"
              }
            ]
          }
        },
        "InterventionBrowseModule":{
          "InterventionBrowseLeafList":{
            "InterventionBrowseLeaf":[
              {
                "InterventionBrowseLeafId":"M22992",
                "InterventionBrowseLeafName":"Epothilones",
                "InterventionBrowseLeafRelevance":"low"
              }
            ]
          },
          "InterventionBrowseBranchList":{
            "InterventionBrowseBranch":[
              {
                "InterventionBrowseBranchAbbrev":"ANeo",
                "InterventionBrowseBranchName":"Antineoplastic Agents"
              },{
                "InterventionBrowseBranchAbbrev":"All",
                "InterventionBrowseBranchName":"All Drugs and Chemicals"
              }
            ]
          }
        }
      }
    }
  }
}

