{
  "FullStudy":{
    "Rank":368257,
    "Study":{
      "ProtocolSection":{
        "IdentificationModule":{
          "NCTId":"NCT00019084",
          "NCTIdAliasList":{
            "NCTIdAlias":[
              "NCT00001434"
            ]
          },
          "OrgStudyIdInfo":{
            "OrgStudyId":"CDR0000064192"
          },
          "SecondaryIdInfoList":{
            "SecondaryIdInfo":[
              {
                "SecondaryId":"NCI-95-C-0105A"
              },{
                "SecondaryId":"NCI-T94-0096N"
              }
            ]
          },
          "Organization":{
            "OrgFullName":"National Cancer Institute (NCI)",
            "OrgClass":"NIH"
          },
          "BriefTitle":"Vaccine Therapy and Biological Therapy in Treating Patients With Advanced Cancer",
          "OfficialTitle":"VACCINE THERAPY WITH TUMOR SPECIFIC MUTATED P53 OR RAS PEPTIDES ALONE OR IN COMBINATION WITH CELLULAR IMMUNOTHERAPY WITH PEPTIDE ACTIVATED LYMPHOCYTES (PAL CELLS) ALONG WITH SUBCUTANEOUS IL-2"
        },
        "StatusModule":{
          "StatusVerifiedDate":"April 2007",
          "OverallStatus":"Completed",
          "ExpandedAccessInfo":{
            "HasExpandedAccess":"No"
          },
          "StartDateStruct":{
            "StartDate":"February 1996"
          },
          "CompletionDateStruct":{
            "CompletionDate":"May 2003",
            "CompletionDateType":"Actual"
          },
          "StudyFirstSubmitDate":"July 11, 2001",
          "StudyFirstSubmitQCDate":"May 22, 2003",
          "StudyFirstPostDateStruct":{
            "StudyFirstPostDate":"May 23, 2003",
            "StudyFirstPostDateType":"Estimate"
          },
          "LastUpdateSubmitDate":"June 19, 2013",
          "LastUpdatePostDateStruct":{
            "LastUpdatePostDate":"June 20, 2013",
            "LastUpdatePostDateType":"Estimate"
          }
        },
        "SponsorCollaboratorsModule":{
          "LeadSponsor":{
            "LeadSponsorName":"National Cancer Institute (NCI)",
            "LeadSponsorClass":"NIH"
          }
        },
        "OversightModule":{},
        "DescriptionModule":{
          "BriefSummary":"RATIONALE: Vaccines made from a person's white blood cells mixed with tumor proteins may make the body build an immune response to kill tumor cells. Interleukin-2 may stimulate a person's white blood cells to kill tumor cells. Combining vaccine therapy with interleukin-2 may be an effective treatment for advanced cancer.\n\nPURPOSE: Phase II trial to study the effectiveness of a vaccine made with the patients' white blood cells mixed with tumor proteins in treating patients who have advanced cancer.",
          "DetailedDescription":"OBJECTIVES: I. Determine whether endogenous cellular immunity to a particular tumor-specific mutated p53 or ras protein is present in patients with tumors expressing mutant p53 or ras. II. Determine whether vaccination with antigen-presenting cells pulsed in vitro with synthetic peptide corresponding to the tumor's p53 or ras mutation in the presence of sargramostim (GM-CSF) can induce or boost patient cellular immunity to the mutated peptide in this patient population. III. Assess the type and characteristics of the cellular immunity generated. IV. Determine whether in vivo-primed T-cells generated against the p53 or ras mutation, expanded in vitro with corresponding peptide, and infused with subcutaneous interleukin-2 can enhance the activity of specific cytotoxic T-lymphocyte immune response and/or tumor response in these patients.\n\nOUTLINE: Patients are assigned to 1 of 2 treatment regimens. The first 5 patients accrued are assigned to Regimen A. Three weeks after all 5 patients are enrolled, additional patients are accrued and assigned to Regimen B. All patients undergo peptide hypersensitivity testing with the peptide they will be treated with prior to each vaccination. Regimen A: Two days prior to each vaccination, peripheral blood mononuclear cells (PBMC) are harvested. PBMC are incubated for 48 hours with either patient-specific mutant p53 or ras peptide fragments and sargramostim (GM-CSF). The antigen-presenting cells (APC) are irradiated prior to use. APC are reinfused on day 0. Treatment repeats after 3 weeks and then every 6 weeks for a total of 4 vaccinations. Regimen B: Patients are vaccinated with APC as in Regimen A. PBMC are harvested prior to the first APC vaccination and 1 week after the second, third, and fourth APC vaccinations. PBMC are incubated for 7 days with either peptide the patient was vaccinated with (mutant p53 or ras peptide fragments) and interleukin-2 (IL-2). The peptide-activated lymphocytes (PAL) are reinfused over 1 hour 2 weeks after each APC vaccination. Patients receive IL-2 subcutaneously 5 days a week for 2 weeks beginning 4 hours after each PAL infusion. Patients in both regimens with stable or responding disease continue treatment every 6 weeks. Patients achieving complete response continue treatment for up to 1 additional year. Patients are followed at 1 and 2 months.\n\nPROJECTED ACCRUAL: A maximum of 70 patients (5 per Regimen A, 28-65 per Regimen B) will be accrued for this study."
        },
        "ConditionsModule":{
          "ConditionList":{
            "Condition":[
              "Breast Cancer",
              "Cervical Cancer",
              "Colorectal Cancer",
              "Lung Cancer",
              "Ovarian Cancer",
              "Pancreatic Cancer"
            ]
          },
          "KeywordList":{
            "Keyword":[
              "stage IV colon cancer",
              "stage IV breast cancer",
              "recurrent breast cancer",
              "recurrent non-small cell lung cancer",
              "stage II pancreatic cancer",
              "stage III pancreatic cancer",
              "recurrent pancreatic cancer",
              "recurrent colon cancer",
              "recurrent cervical cancer",
              "stage IVB cervical cancer",
              "stage IV ovarian epithelial cancer",
              "recurrent ovarian epithelial cancer",
              "extensive stage small cell lung cancer",
              "recurrent small cell lung cancer",
              "stage IV non-small cell lung cancer",
              "stage IV pancreatic cancer"
            ]
          }
        },
        "DesignModule":{
          "StudyType":"Interventional",
          "PhaseList":{
            "Phase":[
              "Phase 2"
            ]
          },
          "DesignInfo":{
            "DesignPrimaryPurpose":"Treatment"
          }
        },
        "ArmsInterventionsModule":{
          "InterventionList":{
            "Intervention":[
              {
                "InterventionType":"Biological",
                "InterventionName":"aldesleukin"
              },{
                "InterventionType":"Biological",
                "InterventionName":"mutant p53 peptide pulsed dendritic cell vaccine"
              },{
                "InterventionType":"Biological",
                "InterventionName":"ras peptide cancer vaccine"
              },{
                "InterventionType":"Biological",
                "InterventionName":"sargramostim"
              },{
                "InterventionType":"Biological",
                "InterventionName":"therapeutic autologous lymphocytes"
              },{
                "InterventionType":"Biological",
                "InterventionName":"therapeutic tumor infiltrating lymphocytes"
              }
            ]
          }
        },
        "EligibilityModule":{
          "EligibilityCriteria":"DISEASE CHARACTERISTICS: Histologically diagnosed advanced cancer considered incurable by standard therapies and expressing mutant p53 or ras, e.g.: Lung Pancreatic Breast Colon Cervical Ovarian p53 or ras mutation by point mutation, insertion, or deletion in protein-coding sequence Tumor tissue required for p53 or ras mutation determination (paraffin block or fresh tissue) Availability of tumor tissue for cell line preparation and of tumor or lymph node tissues for tumor-infiltrating lymphocyte expansion desired No history of CNS metastases\n\nPATIENT CHARACTERISTICS: Age: 18 and over Performance status: ECOG 0-1 Life expectancy: More than 3 months Hematopoietic: WBC at least 2,000/mm3 Lymphocyte count at least 800/mm3 Platelet count at least 100,000/mm3 Hepatic: Bilirubin no greater than 2.0 mg/dL ALT no greater than 4 times normal No hepatitis B or C Renal: Creatinine no greater than 2.0 mg/dL Cardiovascular: No myocardial infarction within 6 months No New York Heart Association class III or IV heart disease Immunologic: HIV negative No autoimmune disease, e.g.: Systemic lupus erythematosus Multiple sclerosis Ankylosing spondylitis Responsive to skin antigens Other: No weight loss of greater than 20% in the last 6 months No active infection requiring antibiotics No active second malignancy except basal cell skin cancer or carcinoma in situ of the cervix Not pregnant or nursing Negative pregnancy test Fertile patients must use effective contraception\n\nPRIOR CONCURRENT THERAPY: Biologic therapy: At least 4 weeks since prior immunotherapy and recovered Chemotherapy: At least 4 weeks since prior chemotherapy and recovered Endocrine therapy: At least 4 weeks since prior steroids and recovered Radiotherapy: At least 4 weeks since prior radiotherapy and recovered Surgery: Not specified",
          "HealthyVolunteers":"No",
          "Gender":"All",
          "MinimumAge":"18 Years",
          "StdAgeList":{
            "StdAge":[
              "Adult",
              "Older Adult"
            ]
          }
        },
        "ContactsLocationsModule":{
          "OverallOfficialList":{
            "OverallOfficial":[
              {
                "OverallOfficialName":"Samir N. Khleif, MD",
                "OverallOfficialAffiliation":"National Cancer Institute (NCI)",
                "OverallOfficialRole":"Study Chair"
              }
            ]
          },
          "LocationList":{
            "Location":[
              {
                "LocationFacility":"Medicine Branch",
                "LocationCity":"Bethesda",
                "LocationState":"Maryland",
                "LocationZip":"20892",
                "LocationCountry":"United States"
              }
            ]
          }
        }
      },
      "DerivedSection":{
        "MiscInfoModule":{
          "VersionHolder":"April 19, 2021"
        },
        "ConditionBrowseModule":{
          "ConditionMeshList":{
            "ConditionMesh":[
              {
                "ConditionMeshId":"D000001943",
                "ConditionMeshTerm":"Breast Neoplasms"
              },{
                "ConditionMeshId":"D000008175",
                "ConditionMeshTerm":"Lung Neoplasms"
              },{
                "ConditionMeshId":"D000010190",
                "ConditionMeshTerm":"Pancreatic Neoplasms"
              },{
                "ConditionMeshId":"D000002583",
                "ConditionMeshTerm":"Uterine Cervical Neoplasms"
              }
            ]
          },
          "ConditionAncestorList":{
            "ConditionAncestor":[
              {
                "ConditionAncestorId":"D000009371",
                "ConditionAncestorTerm":"Neoplasms by Site"
              },{
                "ConditionAncestorId":"D000009369",
                "ConditionAncestorTerm":"Neoplasms"
              },{
                "ConditionAncestorId":"D000001941",
                "ConditionAncestorTerm":"Breast Diseases"
              },{
                "ConditionAncestorId":"D000012871",
                "ConditionAncestorTerm":"Skin Diseases"
              },{
                "ConditionAncestorId":"D000012142",
                "ConditionAncestorTerm":"Respiratory Tract Neoplasms"
              },{
                "ConditionAncestorId":"D000013899",
                "ConditionAncestorTerm":"Thoracic Neoplasms"
              },{
                "ConditionAncestorId":"D000008171",
                "ConditionAncestorTerm":"Lung Diseases"
              },{
                "ConditionAncestorId":"D000012140",
                "ConditionAncestorTerm":"Respiratory Tract Diseases"
              },{
                "ConditionAncestorId":"D000004067",
                "ConditionAncestorTerm":"Digestive System Neoplasms"
              },{
                "ConditionAncestorId":"D000004066",
                "ConditionAncestorTerm":"Digestive System Diseases"
              },{
                "ConditionAncestorId":"D000004701",
                "ConditionAncestorTerm":"Endocrine Gland Neoplasms"
              },{
                "ConditionAncestorId":"D000010182",
                "ConditionAncestorTerm":"Pancreatic Diseases"
              },{
                "ConditionAncestorId":"D000004700",
                "ConditionAncestorTerm":"Endocrine System Diseases"
              },{
                "ConditionAncestorId":"D000005833",
                "ConditionAncestorTerm":"Genital Neoplasms, Female"
              },{
                "ConditionAncestorId":"D000014565",
                "ConditionAncestorTerm":"Urogenital Neoplasms"
              },{
                "ConditionAncestorId":"D000014594",
                "ConditionAncestorTerm":"Uterine Neoplasms"
              },{
                "ConditionAncestorId":"D000002577",
                "ConditionAncestorTerm":"Uterine Cervical Diseases"
              },{
                "ConditionAncestorId":"D000014591",
                "ConditionAncestorTerm":"Uterine Diseases"
              }
            ]
          },
          "ConditionBrowseLeafList":{
            "ConditionBrowseLeaf":[
              {
                "ConditionBrowseLeafId":"M3802",
                "ConditionBrowseLeafName":"Breast Neoplasms",
                "ConditionBrowseLeafAsFound":"Breast Cancer",
                "ConditionBrowseLeafRelevance":"high"
              },{
                "ConditionBrowseLeafId":"M11557",
                "ConditionBrowseLeafName":"Ovarian Neoplasms",
                "ConditionBrowseLeafRelevance":"low"
              },{
                "ConditionBrowseLeafId":"M9755",
                "ConditionBrowseLeafName":"Lung Neoplasms",
                "ConditionBrowseLeafAsFound":"Lung Cancer",
                "ConditionBrowseLeafRelevance":"high"
              },{
                "ConditionBrowseLeafId":"M4128",
                "ConditionBrowseLeafName":"Carcinoma, Non-Small-Cell Lung",
                "ConditionBrowseLeafRelevance":"low"
              },{
                "ConditionBrowseLeafId":"M16473",
                "ConditionBrowseLeafName":"Colorectal Neoplasms",
                "ConditionBrowseLeafRelevance":"low"
              },{
                "ConditionBrowseLeafId":"M11693",
                "ConditionBrowseLeafName":"Pancreatic Neoplasms",
                "ConditionBrowseLeafAsFound":"Pancreatic Cancer",
                "ConditionBrowseLeafRelevance":"high"
              },{
                "ConditionBrowseLeafId":"M1704",
                "ConditionBrowseLeafName":"Carcinoma, Ovarian Epithelial",
                "ConditionBrowseLeafRelevance":"low"
              },{
                "ConditionBrowseLeafId":"M4413",
                "ConditionBrowseLeafName":"Uterine Cervical Neoplasms",
                "ConditionBrowseLeafAsFound":"Cervical Cancer",
                "ConditionBrowseLeafRelevance":"high"
              },{
                "ConditionBrowseLeafId":"M26910",
                "ConditionBrowseLeafName":"Small Cell Lung Carcinoma",
                "ConditionBrowseLeafRelevance":"low"
              },{
                "ConditionBrowseLeafId":"M3800",
                "ConditionBrowseLeafName":"Breast Diseases",
                "ConditionBrowseLeafRelevance":"low"
              },{
                "ConditionBrowseLeafId":"M14257",
                "ConditionBrowseLeafName":"Skin Diseases",
                "ConditionBrowseLeafRelevance":"low"
              },{
                "ConditionBrowseLeafId":"M13562",
                "ConditionBrowseLeafName":"Respiratory Tract Neoplasms",
                "ConditionBrowseLeafRelevance":"low"
              },{
                "ConditionBrowseLeafId":"M15241",
                "ConditionBrowseLeafName":"Thoracic Neoplasms",
                "ConditionBrowseLeafRelevance":"low"
              },{
                "ConditionBrowseLeafId":"M9751",
                "ConditionBrowseLeafName":"Lung Diseases",
                "ConditionBrowseLeafRelevance":"low"
              },{
                "ConditionBrowseLeafId":"M13560",
                "ConditionBrowseLeafName":"Respiratory Tract Diseases",
                "ConditionBrowseLeafRelevance":"low"
              },{
                "ConditionBrowseLeafId":"M7469",
                "ConditionBrowseLeafName":"Gastrointestinal Neoplasms",
                "ConditionBrowseLeafRelevance":"low"
              },{
                "ConditionBrowseLeafId":"M5839",
                "ConditionBrowseLeafName":"Digestive System Neoplasms",
                "ConditionBrowseLeafRelevance":"low"
              },{
                "ConditionBrowseLeafId":"M5838",
                "ConditionBrowseLeafName":"Digestive System Diseases",
                "ConditionBrowseLeafRelevance":"low"
              },{
                "ConditionBrowseLeafId":"M7466",
                "ConditionBrowseLeafName":"Gastrointestinal Diseases",
                "ConditionBrowseLeafRelevance":"low"
              },{
                "ConditionBrowseLeafId":"M6446",
                "ConditionBrowseLeafName":"Endocrine Gland Neoplasms",
                "ConditionBrowseLeafRelevance":"low"
              },{
                "ConditionBrowseLeafId":"M11685",
                "ConditionBrowseLeafName":"Pancreatic Diseases",
                "ConditionBrowseLeafRelevance":"low"
              },{
                "ConditionBrowseLeafId":"M6445",
                "ConditionBrowseLeafName":"Endocrine System Diseases",
                "ConditionBrowseLeafRelevance":"low"
              },{
                "ConditionBrowseLeafId":"M7528",
                "ConditionBrowseLeafName":"Genital Neoplasms, Female",
                "ConditionBrowseLeafRelevance":"low"
              },{
                "ConditionBrowseLeafId":"M15898",
                "ConditionBrowseLeafName":"Urogenital Neoplasms",
                "ConditionBrowseLeafRelevance":"low"
              },{
                "ConditionBrowseLeafId":"M15925",
                "ConditionBrowseLeafName":"Uterine Neoplasms",
                "ConditionBrowseLeafRelevance":"low"
              },{
                "ConditionBrowseLeafId":"M4408",
                "ConditionBrowseLeafName":"Uterine Cervical Diseases",
                "ConditionBrowseLeafRelevance":"low"
              },{
                "ConditionBrowseLeafId":"M15922",
                "ConditionBrowseLeafName":"Uterine Diseases",
                "ConditionBrowseLeafRelevance":"low"
              },{
                "ConditionBrowseLeafId":"T4352",
                "ConditionBrowseLeafName":"Ovarian Cancer",
                "ConditionBrowseLeafAsFound":"Ovarian Cancer",
                "ConditionBrowseLeafRelevance":"high"
              },{
                "ConditionBrowseLeafId":"T4387",
                "ConditionBrowseLeafName":"Pancreatic Cancer",
                "ConditionBrowseLeafAsFound":"Pancreatic Cancer",
                "ConditionBrowseLeafRelevance":"high"
              },{
                "ConditionBrowseLeafId":"T4354",
                "ConditionBrowseLeafName":"Ovarian Epithelial Cancer",
                "ConditionBrowseLeafRelevance":"low"
              },{
                "ConditionBrowseLeafId":"T5271",
                "ConditionBrowseLeafName":"Small Cell Lung Cancer",
                "ConditionBrowseLeafRelevance":"low"
              }
            ]
          },
          "ConditionBrowseBranchList":{
            "ConditionBrowseBranch":[
              {
                "ConditionBrowseBranchAbbrev":"BC04",
                "ConditionBrowseBranchName":"Cancers and Other Neoplasms"
              },{
                "ConditionBrowseBranchAbbrev":"BC17",
                "ConditionBrowseBranchName":"Skin and Connective Tissue Diseases"
              },{
                "ConditionBrowseBranchAbbrev":"All",
                "ConditionBrowseBranchName":"All Conditions"
              },{
                "ConditionBrowseBranchAbbrev":"BXS",
                "ConditionBrowseBranchName":"Urinary Tract, Sexual Organs, and Pregnancy Conditions"
              },{
                "ConditionBrowseBranchAbbrev":"BC19",
                "ConditionBrowseBranchName":"Gland and Hormone Related Diseases"
              },{
                "ConditionBrowseBranchAbbrev":"BC08",
                "ConditionBrowseBranchName":"Respiratory Tract (Lung and Bronchial) Diseases"
              },{
                "ConditionBrowseBranchAbbrev":"BC06",
                "ConditionBrowseBranchName":"Digestive System Diseases"
              },{
                "ConditionBrowseBranchAbbrev":"Rare",
                "ConditionBrowseBranchName":"Rare Diseases"
              }
            ]
          }
        },
        "InterventionBrowseModule":{
          "InterventionMeshList":{
            "InterventionMesh":[
              {
                "InterventionMeshId":"C000082598",
                "InterventionMeshTerm":"Aldesleukin"
              },{
                "InterventionMeshId":"D000014612",
                "InterventionMeshTerm":"Vaccines"
              },{
                "InterventionMeshId":"C000081222",
                "InterventionMeshTerm":"Sargramostim"
              }
            ]
          },
          "InterventionAncestorList":{
            "InterventionAncestor":[
              {
                "InterventionAncestorId":"D000007155",
                "InterventionAncestorTerm":"Immunologic Factors"
              },{
                "InterventionAncestorId":"D000045505",
                "InterventionAncestorTerm":"Physiological Effects of Drugs"
              },{
                "InterventionAncestorId":"D000000970",
                "InterventionAncestorTerm":"Antineoplastic Agents"
              },{
                "InterventionAncestorId":"D000019380",
                "InterventionAncestorTerm":"Anti-HIV Agents"
              },{
                "InterventionAncestorId":"D000044966",
                "InterventionAncestorTerm":"Anti-Retroviral Agents"
              },{
                "InterventionAncestorId":"D000000998",
                "InterventionAncestorTerm":"Antiviral Agents"
              },{
                "InterventionAncestorId":"D000000890",
                "InterventionAncestorTerm":"Anti-Infective Agents"
              }
            ]
          },
          "InterventionBrowseLeafList":{
            "InterventionBrowseLeaf":[
              {
                "InterventionBrowseLeafId":"M15943",
                "InterventionBrowseLeafName":"Vaccines",
                "InterventionBrowseLeafAsFound":"Active",
                "InterventionBrowseLeafRelevance":"high"
              },{
                "InterventionBrowseLeafId":"M266484",
                "InterventionBrowseLeafName":"Molgramostim",
                "InterventionBrowseLeafRelevance":"low"
              },{
                "InterventionBrowseLeafId":"M267719",
                "InterventionBrowseLeafName":"Sargramostim",
                "InterventionBrowseLeafAsFound":"Irinotecan",
                "InterventionBrowseLeafRelevance":"high"
              },{
                "InterventionBrowseLeafId":"M233128",
                "InterventionBrowseLeafName":"Aldesleukin",
                "InterventionBrowseLeafAsFound":"Intubation",
                "InterventionBrowseLeafRelevance":"high"
              },{
                "InterventionBrowseLeafId":"M8784",
                "InterventionBrowseLeafName":"Immunologic Factors",
                "InterventionBrowseLeafRelevance":"low"
              },{
                "InterventionBrowseLeafId":"M19934",
                "InterventionBrowseLeafName":"Anti-HIV Agents",
                "InterventionBrowseLeafRelevance":"low"
              },{
                "InterventionBrowseLeafId":"M24015",
                "InterventionBrowseLeafName":"Anti-Retroviral Agents",
                "InterventionBrowseLeafRelevance":"low"
              },{
                "InterventionBrowseLeafId":"M2895",
                "InterventionBrowseLeafName":"Antiviral Agents",
                "InterventionBrowseLeafRelevance":"low"
              },{
                "InterventionBrowseLeafId":"M2795",
                "InterventionBrowseLeafName":"Anti-Infective Agents",
                "InterventionBrowseLeafRelevance":"low"
              },{
                "InterventionBrowseLeafId":"T120",
                "InterventionBrowseLeafName":"Cola",
                "InterventionBrowseLeafRelevance":"low"
              }
            ]
          },
          "InterventionBrowseBranchList":{
            "InterventionBrowseBranch":[
              {
                "InterventionBrowseBranchAbbrev":"All",
                "InterventionBrowseBranchName":"All Drugs and Chemicals"
              },{
                "InterventionBrowseBranchAbbrev":"ANeo",
                "InterventionBrowseBranchName":"Antineoplastic Agents"
              },{
                "InterventionBrowseBranchAbbrev":"Infe",
                "InterventionBrowseBranchName":"Anti-Infective Agents"
              },{
                "InterventionBrowseBranchAbbrev":"HB",
                "InterventionBrowseBranchName":"Herbal and Botanical"
              }
            ]
          }
        }
      }
    }
  }
}

