{
  "FullStudy":{
    "Rank":368247,
    "Study":{
      "ProtocolSection":{
        "IdentificationModule":{
          "NCTId":"NCT00019240",
          "NCTIdAliasList":{
            "NCTIdAlias":[
              "NCT00001559"
            ]
          },
          "OrgStudyIdInfo":{
            "OrgStudyId":"CDR0000065260"
          },
          "SecondaryIdInfoList":{
            "SecondaryIdInfo":[
              {
                "SecondaryId":"NCI-97-C-0024C"
              }
            ]
          },
          "Organization":{
            "OrgFullName":"National Cancer Institute (NCI)",
            "OrgClass":"NIH"
          },
          "BriefTitle":"Antiviral Therapy in Treating Patients With Kaposi's Sarcoma With or Without HIV Infection",
          "OfficialTitle":"PHASE II PROTOCOL WITH LABORATORY CORRELATES OF 1-[(S)-3-HYDROXY-2-(PHOSPHOMETHOXY)PROPYL]CYTOSINE DIHYDRATE(CIDOFOVIR) IN PATIENTS WITH KAPOSI'S SARCOMA (KS)"
        },
        "StatusModule":{
          "StatusVerifiedDate":"November 2007",
          "OverallStatus":"Completed",
          "ExpandedAccessInfo":{
            "HasExpandedAccess":"No"
          },
          "StartDateStruct":{
            "StartDate":"November 1996"
          },
          "CompletionDateStruct":{
            "CompletionDate":"April 2004",
            "CompletionDateType":"Actual"
          },
          "StudyFirstSubmitDate":"July 11, 2001",
          "StudyFirstSubmitQCDate":"April 20, 2004",
          "StudyFirstPostDateStruct":{
            "StudyFirstPostDate":"April 21, 2004",
            "StudyFirstPostDateType":"Estimate"
          },
          "LastUpdateSubmitDate":"June 19, 2013",
          "LastUpdatePostDateStruct":{
            "LastUpdatePostDate":"June 20, 2013",
            "LastUpdatePostDateType":"Estimate"
          }
        },
        "SponsorCollaboratorsModule":{
          "LeadSponsor":{
            "LeadSponsorName":"National Cancer Institute (NCI)",
            "LeadSponsorClass":"NIH"
          }
        },
        "OversightModule":{},
        "DescriptionModule":{
          "BriefSummary":"RATIONALE: Herpesvirus is found in Kaposi's sarcoma lesions in most patients; it is therefore possible that the herpesvirus has a role in causing Kaposi's sarcoma. Cidofovir is an antiviral drug that acts against many types of herpesvirus, and may be an effective treatment for Kaposi's sarcoma.\n\nPURPOSE: Phase II trial to study the effectiveness of cidofovir in treating patients with Kaposi's sarcoma with or without HIV infection.",
          "DetailedDescription":"OBJECTIVES: I. Assess the antitumor activity of intravenous cidofovir in patients with Kaposi's sarcoma (KS) with and without human immunodeficiency virus (HIV) infection. II. Assess the effect of intravenous cidofovir on the load of KS-associated herpesvirus/human herpesvirus-8 in KS lesions and peripheral blood mononuclear cells by quantitative polymerase chain reaction. III. Assess the toxicity of cidofovir in KS patients with and without HIV infection. IV. Assess the effect of cidofovir on angiogenic cytokines related to the pathogenesis of KS.\n\nOUTLINE: All patients receive intravenous cidofovir weekly for 2 weeks, then every other week for 6 months. Patients with a complete or partial response may continue treatment until disease progression intervenes.\n\nPROJECTED ACCRUAL: Up to 25 evaluable patients will be entered over approximately 6 months if there are at least 2 responses in the first 15 patients."
        },
        "ConditionsModule":{
          "ConditionList":{
            "Condition":[
              "Sarcoma"
            ]
          },
          "KeywordList":{
            "Keyword":[
              "classic Kaposi sarcoma",
              "AIDS-related Kaposi sarcoma",
              "recurrent Kaposi sarcoma"
            ]
          }
        },
        "DesignModule":{
          "StudyType":"Interventional",
          "PhaseList":{
            "Phase":[
              "Phase 2"
            ]
          },
          "DesignInfo":{
            "DesignPrimaryPurpose":"Treatment"
          }
        },
        "ArmsInterventionsModule":{
          "InterventionList":{
            "Intervention":[
              {
                "InterventionType":"Drug",
                "InterventionName":"cidofovir"
              }
            ]
          }
        },
        "EligibilityModule":{
          "EligibilityCriteria":"DISEASE CHARACTERISTICS: Biopsy-proven Kaposi's sarcoma (KS) HIV infection (measured by ELISA and Western blot) allowed NCI pathology review required At least 5 measurable lesions required No prior local therapy to indicator lesions Lesions evaluable by noninvasive methods No actively bleeding or critically located KS of immediate risk to patient or at the discretion of the Principal Investigator and/or Study Chairperson No pulmonary or other potentially acutely life-threatening KS lesions\n\nPATIENT CHARACTERISTICS: Age: 18 and over Performance status: Karnofsky 70-100% Life expectancy: More than 3 months Hematopoietic: Absolute neutrophil count at least 750/mm3 Platelet count at least 75,000/mm3 Hemoglobin at least 11 g/dL (10 g/dL in women) CD4 count greater than 50 cells per cubic millimeter Hepatic: Bilirubin no greater than 1.5 times normal (unless due to Gilbert's disease) Patients on protease inhibitors may have bilirubin no greater than 3.5 mg/dL (direct bilirubin no greater than 0.2 mg/dL) AST/ALT no greater than 75 IU/mL Alkaline phosphatase no greater than 2.5 times normal Renal: Creatinine less than 1.5 mg/dL Creatinine clearance (calculated) greater than 55 mL/min Proteinuria less than 2+ Cardiovascular: No significant EKG abnormality Other: No actively life-threatening infection At least 14 days since treatment for serious infection No known clinically significant allergy to probenecid or sulfa No grade 3 or worse clinical or laboratory toxicity other than lymphopenia No medical condition that precludes protocol treatment or informed consent No second malignancy within 1 year except basal cell skin cancer No pregnant or nursing women Negative pregnancy test required of fertile women within 1 week prior to entry, every 4 weeks while on study, and 4 weeks after last treatment Effective contraception required of fertile women\n\nPRIOR CONCURRENT THERAPY: At least 1 week since treatment with any of the following: Diuretics Vidarabine Amphotericin B Aminoglycoside antibiotics Intravenous pentamidine Other known or potentially nephrotoxic agents Other investigational agents with anti-herpesvirus activity At least 4 weeks since systemic or local anti-herpesvirus therapy other than mucocutaneous acyclovir cream At least 4 weeks since systemic therapy for KS or other systemic or cutaneous malignancy At least 1 month since discontinuation of antiretroviral therapy Concurrent antiretroviral therapy allowed provided doses of the following, either alone or in combination, stable for at least 1 month prior to entry: AZT ddC 3TC ddI d4T protease inhibitor",
          "HealthyVolunteers":"No",
          "Gender":"All",
          "MinimumAge":"18 Years",
          "StdAgeList":{
            "StdAge":[
              "Adult",
              "Older Adult"
            ]
          }
        },
        "ContactsLocationsModule":{
          "OverallOfficialList":{
            "OverallOfficial":[
              {
                "OverallOfficialName":"Robert Yarchoan, MD",
                "OverallOfficialAffiliation":"National Cancer Institute (NCI)",
                "OverallOfficialRole":"Study Chair"
              }
            ]
          },
          "LocationList":{
            "Location":[
              {
                "LocationFacility":"Medicine Branch",
                "LocationCity":"Bethesda",
                "LocationState":"Maryland",
                "LocationZip":"20892",
                "LocationCountry":"United States"
              }
            ]
          }
        },
        "ReferencesModule":{
          "ReferenceList":{
            "Reference":[
              {
                "ReferencePMID":"9151779",
                "ReferenceType":"background",
                "ReferenceCitation":"Kedes DH, Ganem D. Sensitivity of Kaposi's sarcoma-associated herpesvirus replication to antiviral drugs. Implications for potential therapy. J Clin Invest. 1997 May 1;99(9):2082-6."
              }
            ]
          }
        }
      },
      "DerivedSection":{
        "MiscInfoModule":{
          "VersionHolder":"April 19, 2021"
        },
        "ConditionBrowseModule":{
          "ConditionMeshList":{
            "ConditionMesh":[
              {
                "ConditionMeshId":"D000012514",
                "ConditionMeshTerm":"Sarcoma, Kaposi"
              },{
                "ConditionMeshId":"D000012509",
                "ConditionMeshTerm":"Sarcoma"
              }
            ]
          },
          "ConditionAncestorList":{
            "ConditionAncestor":[
              {
                "ConditionAncestorId":"D000018204",
                "ConditionAncestorTerm":"Neoplasms, Connective and Soft Tissue"
              },{
                "ConditionAncestorId":"D000009370",
                "ConditionAncestorTerm":"Neoplasms by Histologic Type"
              },{
                "ConditionAncestorId":"D000009369",
                "ConditionAncestorTerm":"Neoplasms"
              },{
                "ConditionAncestorId":"D000006566",
                "ConditionAncestorTerm":"Herpesviridae Infections"
              },{
                "ConditionAncestorId":"D000004266",
                "ConditionAncestorTerm":"DNA Virus Infections"
              },{
                "ConditionAncestorId":"D000014777",
                "ConditionAncestorTerm":"Virus Diseases"
              },{
                "ConditionAncestorId":"D000009383",
                "ConditionAncestorTerm":"Neoplasms, Vascular Tissue"
              }
            ]
          },
          "ConditionBrowseLeafList":{
            "ConditionBrowseLeaf":[
              {
                "ConditionBrowseLeafId":"M8866",
                "ConditionBrowseLeafName":"Infection",
                "ConditionBrowseLeafRelevance":"low"
              },{
                "ConditionBrowseLeafId":"M4951",
                "ConditionBrowseLeafName":"Communicable Diseases",
                "ConditionBrowseLeafRelevance":"low"
              },{
                "ConditionBrowseLeafId":"M16833",
                "ConditionBrowseLeafName":"HIV Infections",
                "ConditionBrowseLeafRelevance":"low"
              },{
                "ConditionBrowseLeafId":"M13910",
                "ConditionBrowseLeafName":"Sarcoma",
                "ConditionBrowseLeafAsFound":"Sarcoma",
                "ConditionBrowseLeafRelevance":"high"
              },{
                "ConditionBrowseLeafId":"M2103",
                "ConditionBrowseLeafName":"Acquired Immunodeficiency Syndrome",
                "ConditionBrowseLeafRelevance":"low"
              },{
                "ConditionBrowseLeafId":"M13915",
                "ConditionBrowseLeafName":"Sarcoma, Kaposi",
                "ConditionBrowseLeafAsFound":"Kaposi's Sarcoma",
                "ConditionBrowseLeafRelevance":"high"
              },{
                "ConditionBrowseLeafId":"M18933",
                "ConditionBrowseLeafName":"Neoplasms, Connective and Soft Tissue",
                "ConditionBrowseLeafRelevance":"low"
              },{
                "ConditionBrowseLeafId":"M10898",
                "ConditionBrowseLeafName":"Neoplasms by Histologic Type",
                "ConditionBrowseLeafRelevance":"low"
              },{
                "ConditionBrowseLeafId":"M8226",
                "ConditionBrowseLeafName":"Herpesviridae Infections",
                "ConditionBrowseLeafRelevance":"low"
              },{
                "ConditionBrowseLeafId":"M16105",
                "ConditionBrowseLeafName":"Virus Diseases",
                "ConditionBrowseLeafRelevance":"low"
              },{
                "ConditionBrowseLeafId":"M6025",
                "ConditionBrowseLeafName":"DNA Virus Infections",
                "ConditionBrowseLeafRelevance":"low"
              },{
                "ConditionBrowseLeafId":"M10911",
                "ConditionBrowseLeafName":"Neoplasms, Vascular Tissue",
                "ConditionBrowseLeafRelevance":"low"
              },{
                "ConditionBrowseLeafId":"T5284",
                "ConditionBrowseLeafName":"Soft Tissue Sarcoma",
                "ConditionBrowseLeafAsFound":"Sarcoma",
                "ConditionBrowseLeafRelevance":"high"
              },{
                "ConditionBrowseLeafId":"T3199",
                "ConditionBrowseLeafName":"Kaposi Sarcoma",
                "ConditionBrowseLeafAsFound":"Kaposi's Sarcoma",
                "ConditionBrowseLeafRelevance":"high"
              }
            ]
          },
          "ConditionBrowseBranchList":{
            "ConditionBrowseBranch":[
              {
                "ConditionBrowseBranchAbbrev":"BC01",
                "ConditionBrowseBranchName":"Bacterial and Fungal Diseases"
              },{
                "ConditionBrowseBranchAbbrev":"All",
                "ConditionBrowseBranchName":"All Conditions"
              },{
                "ConditionBrowseBranchAbbrev":"BC02",
                "ConditionBrowseBranchName":"Viral Diseases"
              },{
                "ConditionBrowseBranchAbbrev":"BC20",
                "ConditionBrowseBranchName":"Immune System Diseases"
              },{
                "ConditionBrowseBranchAbbrev":"BC04",
                "ConditionBrowseBranchName":"Cancers and Other Neoplasms"
              },{
                "ConditionBrowseBranchAbbrev":"Rare",
                "ConditionBrowseBranchName":"Rare Diseases"
              }
            ]
          }
        },
        "InterventionBrowseModule":{
          "InterventionMeshList":{
            "InterventionMesh":[
              {
                "InterventionMeshId":"D000077404",
                "InterventionMeshTerm":"Cidofovir"
              }
            ]
          },
          "InterventionAncestorList":{
            "InterventionAncestor":[
              {
                "InterventionAncestorId":"D000000998",
                "InterventionAncestorTerm":"Antiviral Agents"
              },{
                "InterventionAncestorId":"D000000890",
                "InterventionAncestorTerm":"Anti-Infective Agents"
              },{
                "InterventionAncestorId":"D000004791",
                "InterventionAncestorTerm":"Enzyme Inhibitors"
              },{
                "InterventionAncestorId":"D000045504",
                "InterventionAncestorTerm":"Molecular Mechanisms of Pharmacological Action"
              }
            ]
          },
          "InterventionBrowseLeafList":{
            "InterventionBrowseLeaf":[
              {
                "InterventionBrowseLeafId":"M2895",
                "InterventionBrowseLeafName":"Antiviral Agents",
                "InterventionBrowseLeafRelevance":"low"
              },{
                "InterventionBrowseLeafId":"M1785",
                "InterventionBrowseLeafName":"Cidofovir",
                "InterventionBrowseLeafAsFound":"Nearest",
                "InterventionBrowseLeafRelevance":"high"
              },{
                "InterventionBrowseLeafId":"M2795",
                "InterventionBrowseLeafName":"Anti-Infective Agents",
                "InterventionBrowseLeafRelevance":"low"
              }
            ]
          },
          "InterventionBrowseBranchList":{
            "InterventionBrowseBranch":[
              {
                "InterventionBrowseBranchAbbrev":"Infe",
                "InterventionBrowseBranchName":"Anti-Infective Agents"
              },{
                "InterventionBrowseBranchAbbrev":"All",
                "InterventionBrowseBranchName":"All Drugs and Chemicals"
              }
            ]
          }
        }
      }
    }
  }
}

