{
  "FullStudy":{
    "Rank":368505,
    "Study":{
      "ProtocolSection":{
        "IdentificationModule":{
          "NCTId":"NCT00015548",
          "OrgStudyIdInfo":{
            "OrgStudyId":"N01 MH090001-05"
          },
          "SecondaryIdInfoList":{
            "SecondaryIdInfo":[
              {
                "SecondaryId":"N01 MH90001-AD"
              },{
                "SecondaryId":"DSIR AT"
              }
            ]
          },
          "Organization":{
            "OrgFullName":"National Institute of Mental Health (NIMH)",
            "OrgClass":"NIH"
          },
          "BriefTitle":"CATIE-Alzheimer's Disease Trial",
          "OfficialTitle":"Comparative Effectiveness of Antipsychotic Medications in Patients With Alzheimer's Disease (CATIE Alzheimer's Disease Trial)"
        },
        "StatusModule":{
          "StatusVerifiedDate":"February 2009",
          "OverallStatus":"Completed",
          "ExpandedAccessInfo":{
            "HasExpandedAccess":"No"
          },
          "StartDateStruct":{
            "StartDate":"March 2001"
          },
          "CompletionDateStruct":{
            "CompletionDate":"October 2004"
          },
          "StudyFirstSubmitDate":"April 20, 2001",
          "StudyFirstSubmitQCDate":"April 21, 2001",
          "StudyFirstPostDateStruct":{
            "StudyFirstPostDate":"April 23, 2001",
            "StudyFirstPostDateType":"Estimate"
          },
          "LastUpdateSubmitDate":"June 16, 2015",
          "LastUpdatePostDateStruct":{
            "LastUpdatePostDate":"June 17, 2015",
            "LastUpdatePostDateType":"Estimate"
          }
        },
        "SponsorCollaboratorsModule":{
          "LeadSponsor":{
            "LeadSponsorName":"National Institute of Mental Health (NIMH)",
            "LeadSponsorClass":"NIH"
          }
        },
        "OversightModule":{},
        "DescriptionModule":{
          "BriefSummary":"The CATIE Alzheimer's Disease Trial is part of the Clinical Antipsychotic Trials of Intervention Effectiveness (CATIE) Project. The study is for people with Alzheimer's disease who are having trouble with their thinking or behavior. In particular, this study is trying to find out the best treatment for people who have hallucinations (seeing or hearing things that aren't there), delusions (false beliefs), or agitation. The design of the trial helps to increase the chance that participants in the study receive a medication that helps them. The study uses three medications known as atypical antipsychotics (olanzapine, quetiapine, risperidone), which are the newest medications that are currently available for treating these problems. Participants may also receive an antidepressant (citalopram). The trial lasts for 36 weeks. Participants are given a thorough evaluation at no cost to ensure that this study is appropriate. In addition, the caregiver, family member, or friend who comes with the participant will be offered an educational program about Alzheimer's disease.",
          "DetailedDescription":"There are four phases.\n\nPhase I: In the initial treatment phase (Phase 1), patients will be randomized to one of the three atypical antipsychotics or placebo in the ratio 100:100:100:150 respectively. After two weeks, the investigator can move the patient to the next phase because of lack of efficacy or tolerability. At week 12, the investigator can decide whether the current medication is sufficiently optimal or it would be more beneficial to try another randomized medication.\n\nPhase 2: Phase 2 starts when the patient is randomized to a second medication, i.e., olanzapine, quetiapine, risperidone, or citalopram. Patients will be randomized from an antipsychotic treatment to another antipsychotic treatment or citalopram in the ratio 3:3:2, or from placebo to an antipsychotic treatment or citalopram in the ratio 1:1:1:3 respectively. Therefore, 50% of patients who took placebo in Phase 1 will be randomized to an antipsychotic in Phase 2, and 50% will be randomized to citalopram in Phase 2. After the initial two weeks in Phase 2, the investigator can move the patient to the next phase, due to lack of efficacy or tolerability. After the patient has been on the Phase 2 study drug for approximately 12 weeks, the investigator can decide whether the current medication is sufficiently optimal or whether it would be more beneficial to try another randomized medication.\n\nPhase 3: Phase 3 is randomized open-label treatment of one of the medications not previously received, i.e., olanzapine, quetiapine, risperidone, or citalopram. Treatment failures to the second treatment can be switched to a third open-label treatment. During Phase 3 patients will be maintained on their treatments openly and managed clinically until week 36.\n\nIf the investigator determines that the patient's response is not sufficiently optimal to the randomized open-label medication, then after the first two weeks of Phase 3, the investigator can prescribe another medication (of the investigator's choice) to the patient. If this occurs then patients are classed as being in the Open-Choice Phase.\n\nOpen-Choice Phase: The Open-Choice Phase can be entered at anytime during the 36-week study and directly from any of the three phases. There are four reasons a patient can enter the open choice phase:\n\nWithdrawal from Phase 1 or Phase 2 with the patient or surrogate decision-maker refusing to proceed to the next randomized phase;\nWithdrawal from Phase 3;\nWithdrawal from current study drug from any of the three previous phases due to antipsychotic medication no longer being required in the opinion of the investigator; or\nWithdrawal due to concomitant treatment with an exclusionary medication.\n\nThe Open-Choice Phase is designed to keep patients monitored in the trial for the 36-week duration."
        },
        "ConditionsModule":{
          "ConditionList":{
            "Condition":[
              "Alzheimer's Disease"
            ]
          },
          "KeywordList":{
            "Keyword":[
              "antipsychotic treatment",
              "Alzheimer's disease",
              "agitation",
              "dementia",
              "psychosis",
              "behavioral symptoms",
              "hallucinations",
              "delusions"
            ]
          }
        },
        "DesignModule":{
          "StudyType":"Interventional",
          "PhaseList":{
            "Phase":[
              "Not Applicable"
            ]
          },
          "DesignInfo":{
            "DesignAllocation":"Randomized",
            "DesignInterventionModel":"Parallel Assignment",
            "DesignPrimaryPurpose":"Treatment",
            "DesignMaskingInfo":{
              "DesignMasking":"Double"
            }
          },
          "EnrollmentInfo":{
            "EnrollmentCount":"450"
          }
        },
        "ArmsInterventionsModule":{
          "InterventionList":{
            "Intervention":[
              {
                "InterventionType":"Drug",
                "InterventionName":"Olanzapine"
              },{
                "InterventionType":"Drug",
                "InterventionName":"Quetiapine"
              },{
                "InterventionType":"Drug",
                "InterventionName":"Risperidone"
              },{
                "InterventionType":"Drug",
                "InterventionName":"Citalopram"
              }
            ]
          }
        },
        "EligibilityModule":{
          "EligibilityCriteria":"Inclusion Criteria:\n\nDiagnosis of Dementia of the Alzheimer's Type\nAmbulatory, Outpatients who have an informant living/visiting at least 8 hours/week over 3-4 days.\nPresence of delusions, hallucinations, agitation impacting functioning and requiring medication treatment\nAgitation or psychotic symptoms began after signs or symptoms of dementia\n\nExclusion (prospective participants must not:)\n\nBe benefiting from psychotropic medication, antidepressants or anticonvulsants\nBe diagnosed with schizophrenia, schizoaffective disorder, delusional disorder or mood disorder with psychotic features.\nHave severe or unstable medical illness requiring active treatment\nHave hypersensitivity or intolerance of any of the study medications",
          "HealthyVolunteers":"No",
          "Gender":"All",
          "StdAgeList":{
            "StdAge":[
              "Child",
              "Adult",
              "Older Adult"
            ]
          }
        },
        "ContactsLocationsModule":{
          "OverallOfficialList":{
            "OverallOfficial":[
              {
                "OverallOfficialName":"Lon Schneider, MD",
                "OverallOfficialAffiliation":"University of Southern California",
                "OverallOfficialRole":"Principal Investigator"
              },{
                "OverallOfficialName":"Pierre Tariot, MD",
                "OverallOfficialAffiliation":"University of Rochester",
                "OverallOfficialRole":"Principal Investigator"
              }
            ]
          },
          "LocationList":{
            "Location":[
              {
                "LocationFacility":"Tuscaloosa VA Medical Center",
                "LocationCity":"Tuscaloosa",
                "LocationState":"Alabama",
                "LocationZip":"35404",
                "LocationCountry":"United States"
              },{
                "LocationFacility":"University of California, Irvine Medical Center",
                "LocationCity":"Irvine",
                "LocationState":"California",
                "LocationZip":"92697",
                "LocationCountry":"United States"
              },{
                "LocationFacility":"University of Southern California Dept of Psychiatry& Behavioral Sciences",
                "LocationCity":"Los Angeles",
                "LocationState":"California",
                "LocationZip":"90033",
                "LocationCountry":"United States"
              },{
                "LocationFacility":"University of California, Los Angeles, VA Medical Center",
                "LocationCity":"Los Angeles",
                "LocationState":"California",
                "LocationZip":"90073",
                "LocationCountry":"United States"
              },{
                "LocationFacility":"University of California-San Diego, VA Medical Center",
                "LocationCity":"San Diego",
                "LocationState":"California",
                "LocationZip":"92161",
                "LocationCountry":"United States"
              },{
                "LocationFacility":"Stanford University School of Medicine",
                "LocationCity":"Stanford",
                "LocationState":"California",
                "LocationZip":"94305",
                "LocationCountry":"United States"
              },{
                "LocationFacility":"Yale University School of Medicine",
                "LocationCity":"New Haven",
                "LocationState":"Connecticut",
                "LocationZip":"06510",
                "LocationCountry":"United States"
              },{
                "LocationFacility":"Mental Health Advocates, Inc.",
                "LocationCity":"Boca Raton",
                "LocationState":"Florida",
                "LocationZip":"33432",
                "LocationCountry":"United States"
              },{
                "LocationFacility":"Berma Research Group",
                "LocationCity":"Hialeah",
                "LocationState":"Florida",
                "LocationZip":"33016",
                "LocationCountry":"United States"
              },{
                "LocationFacility":"University of South Florida Suncoast Gerontology Center",
                "LocationCity":"Tampa",
                "LocationState":"Florida",
                "LocationZip":"33617",
                "LocationCountry":"United States"
              },{
                "LocationFacility":"Palm Beach Neurology/Premiere Research Institute",
                "LocationCity":"West Palm Beach",
                "LocationState":"Florida",
                "LocationZip":"33407",
                "LocationCountry":"United States"
              },{
                "LocationFacility":"Emory University - Wesley Woods Health Center",
                "LocationCity":"Atlanta",
                "LocationState":"Georgia",
                "LocationZip":"30329",
                "LocationCountry":"United States"
              },{
                "LocationFacility":"University of Hawaii",
                "LocationCity":"Honolulu",
                "LocationState":"Hawaii",
                "LocationZip":"96813",
                "LocationCountry":"United States"
              },{
                "LocationFacility":"Northwestern University Medical School",
                "LocationCity":"Chicago",
                "LocationState":"Illinois",
                "LocationZip":"60611",
                "LocationCountry":"United States"
              },{
                "LocationFacility":"Southern Illinois School of Medicine",
                "LocationCity":"Springfield",
                "LocationState":"Illinois",
                "LocationZip":"62702",
                "LocationCountry":"United States"
              },{
                "LocationFacility":"University of Iowa College of Medicine",
                "LocationCity":"Iowa City",
                "LocationState":"Iowa",
                "LocationZip":"52242",
                "LocationCountry":"United States"
              },{
                "LocationFacility":"Louisiana State University Health Sciences Center",
                "LocationCity":"Shreveport",
                "LocationState":"Louisiana",
                "LocationZip":"71103",
                "LocationCountry":"United States"
              },{
                "LocationFacility":"Johns Hopkins University",
                "LocationCity":"Baltimore",
                "LocationState":"Maryland",
                "LocationZip":"21287",
                "LocationCountry":"United States"
              },{
                "LocationFacility":"Millennium Psychiatric Associates",
                "LocationCity":"St. Louis",
                "LocationState":"Missouri",
                "LocationZip":"63044",
                "LocationCountry":"United States"
              },{
                "LocationFacility":"University of Medicine and Dentistry of New Jersey",
                "LocationCity":"Piscataway",
                "LocationState":"New Jersey",
                "LocationZip":"08855-1382",
                "LocationCountry":"United States"
              },{
                "LocationFacility":"University of Medicine and Dentistry of New Jersey-Stratford",
                "LocationCity":"Stratford",
                "LocationState":"New Jersey",
                "LocationZip":"08084",
                "LocationCountry":"United States"
              },{
                "LocationFacility":"Mount Sinai School of Medicine",
                "LocationCity":"New York",
                "LocationState":"New York",
                "LocationZip":"10029",
                "LocationCountry":"United States"
              },{
                "LocationFacility":"Columbia University",
                "LocationCity":"New York",
                "LocationState":"New York",
                "LocationZip":"10032",
                "LocationCountry":"United States"
              },{
                "LocationFacility":"Global Research and Consulting",
                "LocationCity":"Olean",
                "LocationState":"New York",
                "LocationZip":"14760",
                "LocationCountry":"United States"
              },{
                "LocationFacility":"Monroe Community Hospital",
                "LocationCity":"Rochester",
                "LocationState":"New York",
                "LocationZip":"14620",
                "LocationCountry":"United States"
              },{
                "LocationFacility":"Staten Island University Hospital",
                "LocationCity":"Staten Island",
                "LocationState":"New York",
                "LocationZip":"10305",
                "LocationCountry":"United States"
              },{
                "LocationFacility":"Duke University Medical Center",
                "LocationCity":"Durham",
                "LocationState":"North Carolina",
                "LocationZip":"27710",
                "LocationCountry":"United States"
              },{
                "LocationFacility":"Wake Forest University School of Medicine",
                "LocationCity":"Winston Salem",
                "LocationState":"North Carolina",
                "LocationZip":"27157",
                "LocationCountry":"United States"
              },{
                "LocationFacility":"University Hospital Health Systems-Laurelwood Hospital",
                "LocationCity":"Willoughby",
                "LocationState":"Ohio",
                "LocationZip":"44904",
                "LocationCountry":"United States"
              },{
                "LocationFacility":"VA Medical Center",
                "LocationCity":"Coatesville",
                "LocationState":"Pennsylvania",
                "LocationZip":"19320",
                "LocationCountry":"United States"
              },{
                "LocationFacility":"Mental Illness Research Education and Clinical Center",
                "LocationCity":"Philadelphia",
                "LocationState":"Pennsylvania",
                "LocationZip":"19104",
                "LocationCountry":"United States"
              },{
                "LocationFacility":"Medical University of South Carolina",
                "LocationCity":"North Charleston",
                "LocationState":"South Carolina",
                "LocationZip":"29406",
                "LocationCountry":"United States"
              },{
                "LocationFacility":"University of Texas Southwestern Medical Center",
                "LocationCity":"Dallas",
                "LocationState":"Texas",
                "LocationZip":"75235-9070",
                "LocationCountry":"United States"
              },{
                "LocationFacility":"Southwestern Vermont Medical Center- The Memory Clinic",
                "LocationCity":"Bennington",
                "LocationState":"Vermont",
                "LocationZip":"05201",
                "LocationCountry":"United States"
              }
            ]
          }
        },
        "ReferencesModule":{
          "ReferenceList":{
            "Reference":[
              {
                "ReferencePMID":"11739062",
                "ReferenceType":"background",
                "ReferenceCitation":"Schneider LS, Tariot PN, Lyketsos CG, Dagerman KS, Davis KL, Davis S, Hsiao JK, Jeste DV, Katz IR, Olin JT, Pollock BG, Rabins PV, Rosenheck RA, Small GW, Lebowitz B, Lieberman JA. National Institute of Mental Health Clinical Antipsychotic Trials of Intervention Effectiveness (CATIE): Alzheimer disease trial methodology. Am J Geriatr Psychiatry. 2001 Fall;9(4):346-60."
              },{
                "ReferencePMID":"12908661",
                "ReferenceType":"background",
                "ReferenceCitation":"Schneider LS, Ismail MS, Dagerman K, Davis S, Olin J, McManus D, Pfeiffer E, Ryan JM, Sultzer DL, Tariot PN. Clinical Antipsychotic Trials of Intervention Effectiveness (CATIE): Alzheimer's disease trial. Schizophr Bull. 2003;29(1):57-72."
              },{
                "ReferencePMID":"17035647",
                "ReferenceType":"result",
                "ReferenceCitation":"Schneider LS, Tariot PN, Dagerman KS, Davis SM, Hsiao JK, Ismail MS, Lebowitz BD, Lyketsos CG, Ryan JM, Stroup TS, Sultzer DL, Weintraub D, Lieberman JA; CATIE-AD Study Group. Effectiveness of atypical antipsychotic drugs in patients with Alzheimer's disease. N Engl J Med. 2006 Oct 12;355(15):1525-38."
              },{
                "ReferencePMID":"33176899",
                "ReferenceType":"derived",
                "ReferenceCitation":"Reeves S, Bertrand J, Uchida H, Yoshida K, Otani Y, Ozer M, Liu KY, Bramon E, Bies R, Pollock BG, Howard R. Towards safer risperidone prescribing in Alzheimer's disease. Br J Psychiatry. 2020 Nov 12:1-8. doi: 10.1192/bjp.2020.225. [Epub ahead of print]"
              },{
                "ReferencePMID":"32074412",
                "ReferenceType":"derived",
                "ReferenceCitation":"Nagata T, Shinagawa S, Yoshida K, Noda Y, Shigeta M, Mimura M, Nakajima S. Early Improvements of Individual Symptoms With Antipsychotics Predict Subsequent Treatment Response of Neuropsychiatric Symptoms in Alzheimer's Disease: A Re-Analysis of the CATIE-AD Study. J Clin Psychiatry. 2020 Feb 11;81(2). pii: 19m12961. doi: 10.4088/JCP.19m12961."
              },{
                "ReferencePMID":"29045769",
                "ReferenceType":"derived",
                "ReferenceCitation":"Ozawa C, Roberts R, Yoshida K, Suzuki T, Lebowitz B, Reeves S, Howard R, Abe T, Mimura M, Uchida H. Placebo Effects in the Treatment of Noncognitive Symptoms of Alzheimer's Disease: Analysis of the CATIE-AD Data. J Clin Psychiatry. 2017 Nov/Dec;78(9):e1204-e1210. doi: 10.4088/JCP.17m11461."
              },{
                "ReferencePMID":"28215900",
                "ReferenceType":"derived",
                "ReferenceCitation":"Yoshida K, Roberts R, Suzuki T, Lebowitz B, Reeves S, Howard R, Abe T, Mimura M, Uchida H. Lack of Early Improvement with Antipsychotics is a Marker for Subsequent Nonresponse in Behavioral and Psychological Symptoms of Dementia: Analysis of CATIE-AD Data. Am J Geriatr Psychiatry. 2017 Jul;25(7):708-716. doi: 10.1016/j.jagp.2017.01.016. Epub 2017 Jan 30."
              },{
                "ReferencePMID":"20214847",
                "ReferenceType":"derived",
                "ReferenceCitation":"Miller EA, Schneider LS, Rosenheck RA. Predictors of nursing home admission among Alzheimer's disease patients with psychosis and/or agitation. Int Psychogeriatr. 2011 Feb;23(1):44-53. doi: 10.1017/S1041610210000244. Epub 2010 Mar 10."
              },{
                "ReferencePMID":"19369318",
                "ReferenceType":"derived",
                "ReferenceCitation":"Zheng L, Mack WJ, Dagerman KS, Hsiao JK, Lebowitz BD, Lyketsos CG, Stroup TS, Sultzer DL, Tariot PN, Vigen C, Schneider LS. Metabolic changes associated with second-generation antipsychotic use in Alzheimer's disease patients: the CATIE-AD study. Am J Psychiatry. 2009 May;166(5):583-90. doi: 10.1176/appi.ajp.2008.08081218. Epub 2009 Apr 15."
              },{
                "ReferencePMID":"18519523",
                "ReferenceType":"derived",
                "ReferenceCitation":"Sultzer DL, Davis SM, Tariot PN, Dagerman KS, Lebowitz BD, Lyketsos CG, Rosenheck RA, Hsiao JK, Lieberman JA, Schneider LS; CATIE-AD Study Group. Clinical symptom responses to atypical antipsychotic medications in Alzheimer's disease: phase 1 outcomes from the CATIE-AD effectiveness trial. Am J Psychiatry. 2008 Jul;165(7):844-54. doi: 10.1176/appi.ajp.2008.07111779. Epub 2008 Jun 2."
              },{
                "ReferencePMID":"17984395",
                "ReferenceType":"derived",
                "ReferenceCitation":"Rosenheck RA, Leslie DL, Sindelar JL, Miller EA, Tariot PN, Dagerman KS, Davis SM, Lebowitz BD, Rabins P, Hsiao JK, Lieberman JA, Schneider LS; Clinical Antipsychotic Trial of Intervention Effectiveness-Alzheimer's Disease (CATIE-AD) investigators. Cost-benefit analysis of second-generation antipsychotics and placebo in a randomized trial of the treatment of psychosis and aggression in Alzheimer disease. Arch Gen Psychiatry. 2007 Nov;64(11):1259-68."
              }
            ]
          }
        }
      },
      "DerivedSection":{
        "MiscInfoModule":{
          "VersionHolder":"April 19, 2021"
        },
        "ConditionBrowseModule":{
          "ConditionMeshList":{
            "ConditionMesh":[
              {
                "ConditionMeshId":"D000000544",
                "ConditionMeshTerm":"Alzheimer Disease"
              }
            ]
          },
          "ConditionAncestorList":{
            "ConditionAncestor":[
              {
                "ConditionAncestorId":"D000003704",
                "ConditionAncestorTerm":"Dementia"
              },{
                "ConditionAncestorId":"D000001927",
                "ConditionAncestorTerm":"Brain Diseases"
              },{
                "ConditionAncestorId":"D000002493",
                "ConditionAncestorTerm":"Central Nervous System Diseases"
              },{
                "ConditionAncestorId":"D000009422",
                "ConditionAncestorTerm":"Nervous System Diseases"
              },{
                "ConditionAncestorId":"D000024801",
                "ConditionAncestorTerm":"Tauopathies"
              },{
                "ConditionAncestorId":"D000019636",
                "ConditionAncestorTerm":"Neurodegenerative Diseases"
              },{
                "ConditionAncestorId":"D000019965",
                "ConditionAncestorTerm":"Neurocognitive Disorders"
              },{
                "ConditionAncestorId":"D000001523",
                "ConditionAncestorTerm":"Mental Disorders"
              }
            ]
          },
          "ConditionBrowseLeafList":{
            "ConditionBrowseLeaf":[
              {
                "ConditionBrowseLeafId":"M5487",
                "ConditionBrowseLeafName":"Dementia",
                "ConditionBrowseLeafRelevance":"low"
              },{
                "ConditionBrowseLeafId":"M2466",
                "ConditionBrowseLeafName":"Alzheimer Disease",
                "ConditionBrowseLeafAsFound":"Alzheimer's Disease",
                "ConditionBrowseLeafRelevance":"high"
              },{
                "ConditionBrowseLeafId":"M13035",
                "ConditionBrowseLeafName":"Psychomotor Agitation",
                "ConditionBrowseLeafRelevance":"low"
              },{
                "ConditionBrowseLeafId":"M3396",
                "ConditionBrowseLeafName":"Mental Disorders",
                "ConditionBrowseLeafRelevance":"low"
              },{
                "ConditionBrowseLeafId":"M13056",
                "ConditionBrowseLeafName":"Psychotic Disorders",
                "ConditionBrowseLeafRelevance":"low"
              },{
                "ConditionBrowseLeafId":"M5485",
                "ConditionBrowseLeafName":"Delusions",
                "ConditionBrowseLeafRelevance":"low"
              },{
                "ConditionBrowseLeafId":"M3399",
                "ConditionBrowseLeafName":"Behavioral Symptoms",
                "ConditionBrowseLeafRelevance":"low"
              },{
                "ConditionBrowseLeafId":"M7887",
                "ConditionBrowseLeafName":"Hallucinations",
                "ConditionBrowseLeafRelevance":"low"
              },{
                "ConditionBrowseLeafId":"M3786",
                "ConditionBrowseLeafName":"Brain Diseases",
                "ConditionBrowseLeafRelevance":"low"
              },{
                "ConditionBrowseLeafId":"M4325",
                "ConditionBrowseLeafName":"Central Nervous System Diseases",
                "ConditionBrowseLeafRelevance":"low"
              },{
                "ConditionBrowseLeafId":"M21586",
                "ConditionBrowseLeafName":"Tauopathies",
                "ConditionBrowseLeafRelevance":"low"
              },{
                "ConditionBrowseLeafId":"M20142",
                "ConditionBrowseLeafName":"Neurodegenerative Diseases",
                "ConditionBrowseLeafRelevance":"low"
              },{
                "ConditionBrowseLeafId":"M20420",
                "ConditionBrowseLeafName":"Neurocognitive Disorders",
                "ConditionBrowseLeafRelevance":"low"
              },{
                "ConditionBrowseLeafId":"T2192",
                "ConditionBrowseLeafName":"Familial Alzheimer Disease",
                "ConditionBrowseLeafAsFound":"Alzheimer's Disease",
                "ConditionBrowseLeafRelevance":"high"
              }
            ]
          },
          "ConditionBrowseBranchList":{
            "ConditionBrowseBranch":[
              {
                "ConditionBrowseBranchAbbrev":"BC10",
                "ConditionBrowseBranchName":"Nervous System Diseases"
              },{
                "ConditionBrowseBranchAbbrev":"BXM",
                "ConditionBrowseBranchName":"Behaviors and Mental Disorders"
              },{
                "ConditionBrowseBranchAbbrev":"All",
                "ConditionBrowseBranchName":"All Conditions"
              },{
                "ConditionBrowseBranchAbbrev":"BC23",
                "ConditionBrowseBranchName":"Symptoms and General Pathology"
              },{
                "ConditionBrowseBranchAbbrev":"Rare",
                "ConditionBrowseBranchName":"Rare Diseases"
              }
            ]
          }
        },
        "InterventionBrowseModule":{
          "InterventionMeshList":{
            "InterventionMesh":[
              {
                "InterventionMeshId":"D000077152",
                "InterventionMeshTerm":"Olanzapine"
              },{
                "InterventionMeshId":"D000018967",
                "InterventionMeshTerm":"Risperidone"
              },{
                "InterventionMeshId":"D000069348",
                "InterventionMeshTerm":"Quetiapine Fumarate"
              },{
                "InterventionMeshId":"D000015283",
                "InterventionMeshTerm":"Citalopram"
              }
            ]
          },
          "InterventionAncestorList":{
            "InterventionAncestor":[
              {
                "InterventionAncestorId":"D000012702",
                "InterventionAncestorTerm":"Serotonin Antagonists"
              },{
                "InterventionAncestorId":"D000018490",
                "InterventionAncestorTerm":"Serotonin Agents"
              },{
                "InterventionAncestorId":"D000018377",
                "InterventionAncestorTerm":"Neurotransmitter Agents"
              },{
                "InterventionAncestorId":"D000045504",
                "InterventionAncestorTerm":"Molecular Mechanisms of Pharmacological Action"
              },{
                "InterventionAncestorId":"D000045505",
                "InterventionAncestorTerm":"Physiological Effects of Drugs"
              },{
                "InterventionAncestorId":"D000014150",
                "InterventionAncestorTerm":"Antipsychotic Agents"
              },{
                "InterventionAncestorId":"D000014149",
                "InterventionAncestorTerm":"Tranquilizing Agents"
              },{
                "InterventionAncestorId":"D000002492",
                "InterventionAncestorTerm":"Central Nervous System Depressants"
              },{
                "InterventionAncestorId":"D000011619",
                "InterventionAncestorTerm":"Psychotropic Drugs"
              },{
                "InterventionAncestorId":"D000018492",
                "InterventionAncestorTerm":"Dopamine Antagonists"
              },{
                "InterventionAncestorId":"D000015259",
                "InterventionAncestorTerm":"Dopamine Agents"
              },{
                "InterventionAncestorId":"D000000932",
                "InterventionAncestorTerm":"Antiemetics"
              },{
                "InterventionAncestorId":"D000001337",
                "InterventionAncestorTerm":"Autonomic Agents"
              },{
                "InterventionAncestorId":"D000018373",
                "InterventionAncestorTerm":"Peripheral Nervous System Agents"
              },{
                "InterventionAncestorId":"D000005765",
                "InterventionAncestorTerm":"Gastrointestinal Agents"
              },{
                "InterventionAncestorId":"D000017367",
                "InterventionAncestorTerm":"Serotonin Uptake Inhibitors"
              },{
                "InterventionAncestorId":"D000014179",
                "InterventionAncestorTerm":"Neurotransmitter Uptake Inhibitors"
              },{
                "InterventionAncestorId":"D000049990",
                "InterventionAncestorTerm":"Membrane Transport Modulators"
              },{
                "InterventionAncestorId":"D000000928",
                "InterventionAncestorTerm":"Antidepressive Agents"
              },{
                "InterventionAncestorId":"D000018687",
                "InterventionAncestorTerm":"Antidepressive Agents, Second-Generation"
              }
            ]
          },
          "InterventionBrowseLeafList":{
            "InterventionBrowseLeaf":[
              {
                "InterventionBrowseLeafId":"M16566",
                "InterventionBrowseLeafName":"Citalopram",
                "InterventionBrowseLeafAsFound":"AMG",
                "InterventionBrowseLeafRelevance":"high"
              },{
                "InterventionBrowseLeafId":"M1675",
                "InterventionBrowseLeafName":"Olanzapine",
                "InterventionBrowseLeafAsFound":"Multiple Myeloma",
                "InterventionBrowseLeafRelevance":"high"
              },{
                "InterventionBrowseLeafId":"M19583",
                "InterventionBrowseLeafName":"Risperidone",
                "InterventionBrowseLeafAsFound":"Capecitabine",
                "InterventionBrowseLeafRelevance":"high"
              },{
                "InterventionBrowseLeafId":"M15487",
                "InterventionBrowseLeafName":"Antipsychotic Agents",
                "InterventionBrowseLeafRelevance":"low"
              },{
                "InterventionBrowseLeafId":"M5687",
                "InterventionBrowseLeafName":"Dexetimide",
                "InterventionBrowseLeafRelevance":"low"
              },{
                "InterventionBrowseLeafId":"M399",
                "InterventionBrowseLeafName":"Quetiapine Fumarate",
                "InterventionBrowseLeafAsFound":"18F-",
                "InterventionBrowseLeafRelevance":"high"
              },{
                "InterventionBrowseLeafId":"M14095",
                "InterventionBrowseLeafName":"Serotonin",
                "InterventionBrowseLeafRelevance":"low"
              },{
                "InterventionBrowseLeafId":"M19088",
                "InterventionBrowseLeafName":"Neurotransmitter Agents",
                "InterventionBrowseLeafRelevance":"low"
              },{
                "InterventionBrowseLeafId":"M13057",
                "InterventionBrowseLeafName":"Psychotropic Drugs",
                "InterventionBrowseLeafRelevance":"low"
              },{
                "InterventionBrowseLeafId":"M6056",
                "InterventionBrowseLeafName":"Dopamine",
                "InterventionBrowseLeafRelevance":"low"
              },{
                "InterventionBrowseLeafId":"M19180",
                "InterventionBrowseLeafName":"Dopamine Antagonists",
                "InterventionBrowseLeafRelevance":"low"
              },{
                "InterventionBrowseLeafId":"M16545",
                "InterventionBrowseLeafName":"Dopamine Agents",
                "InterventionBrowseLeafRelevance":"low"
              },{
                "InterventionBrowseLeafId":"M2832",
                "InterventionBrowseLeafName":"Antiemetics",
                "InterventionBrowseLeafRelevance":"low"
              },{
                "InterventionBrowseLeafId":"M7464",
                "InterventionBrowseLeafName":"Gastrointestinal Agents",
                "InterventionBrowseLeafRelevance":"low"
              },{
                "InterventionBrowseLeafId":"M18232",
                "InterventionBrowseLeafName":"Serotonin Uptake Inhibitors",
                "InterventionBrowseLeafRelevance":"low"
              },{
                "InterventionBrowseLeafId":"M2828",
                "InterventionBrowseLeafName":"Antidepressive Agents",
                "InterventionBrowseLeafRelevance":"low"
              }
            ]
          },
          "InterventionBrowseBranchList":{
            "InterventionBrowseBranch":[
              {
                "InterventionBrowseBranchAbbrev":"PsychDr",
                "InterventionBrowseBranchName":"Psychotropic Drugs"
              },{
                "InterventionBrowseBranchAbbrev":"All",
                "InterventionBrowseBranchName":"All Drugs and Chemicals"
              },{
                "InterventionBrowseBranchAbbrev":"AnEm",
                "InterventionBrowseBranchName":"Antiemetics"
              },{
                "InterventionBrowseBranchAbbrev":"CNSDep",
                "InterventionBrowseBranchName":"Central Nervous System Depressants"
              },{
                "InterventionBrowseBranchAbbrev":"Gast",
                "InterventionBrowseBranchName":"Gastrointestinal Agents"
              },{
                "InterventionBrowseBranchAbbrev":"AnDyAg",
                "InterventionBrowseBranchName":"Anti-Dyskinesia Agents"
              },{
                "InterventionBrowseBranchAbbrev":"CaAg",
                "InterventionBrowseBranchName":"Cardiotonic Agents"
              }
            ]
          }
        }
      }
    }
  }
}

