{
  "FullStudy":{
    "Rank":368674,
    "Study":{
      "ProtocolSection":{
        "IdentificationModule":{
          "NCTId":"NCT00013000",
          "OrgStudyIdInfo":{
            "OrgStudyId":"CPG 97-027"
          },
          "Organization":{
            "OrgFullName":"VA Office of Research and Development",
            "OrgClass":"FED"
          },
          "BriefTitle":"A Multi-Site Study of Strategies for Implementing Schizophrenia Guidelines",
          "OfficialTitle":"A Multi-Site Study of Strategies for Implementing Schizophrenia Guidelines"
        },
        "StatusModule":{
          "StatusVerifiedDate":"February 2007",
          "OverallStatus":"Completed",
          "ExpandedAccessInfo":{
            "HasExpandedAccess":"No"
          },
          "CompletionDateStruct":{
            "CompletionDate":"September 2000",
            "CompletionDateType":"Actual"
          },
          "StudyFirstSubmitDate":"March 14, 2001",
          "StudyFirstSubmitQCDate":"March 15, 2001",
          "StudyFirstPostDateStruct":{
            "StudyFirstPostDate":"March 16, 2001",
            "StudyFirstPostDateType":"Estimate"
          },
          "LastUpdateSubmitDate":"April 6, 2015",
          "LastUpdatePostDateStruct":{
            "LastUpdatePostDate":"April 7, 2015",
            "LastUpdatePostDateType":"Estimate"
          }
        },
        "SponsorCollaboratorsModule":{
          "ResponsibleParty":{
            "ResponsiblePartyType":"Sponsor"
          },
          "LeadSponsor":{
            "LeadSponsorName":"US Department of Veterans Affairs",
            "LeadSponsorClass":"FED"
          }
        },
        "OversightModule":{
          "OversightHasDMC":"No"
        },
        "DescriptionModule":{
          "BriefSummary":"Schizophrenia, a chronic psychiatric disorder, is the second most frequent VA discharge diagnosis. Medication management practices for schizophrenia often are not guideline-concordant and place patients at risk for adverse outcomes. This project tests a new strategy to standard implementation for VHA Schizophrenia Guidelines.",
          "DetailedDescription":"Background:\n\nSchizophrenia, a chronic psychiatric disorder, is the second most frequent VA discharge diagnosis. Medication management practices for schizophrenia often are not guideline-concordant and place patients at risk for adverse outcomes. This project tests a new strategy to standard implementation for VHA Schizophrenia Guidelines.\n\nObjectives:\n\nResearch objectives are: (1) to compare the effectiveness of a conceptually-based, enhanced intervention to that of a basic educational strategy with regard to improving guideline adherence and patient compliance; (2) to compare the effectiveness of the two strategies with regard to improving symptom and side effect outcomes; (3) to determine the effect of the enhanced intervention on service utilization for acute exacerbations of schizophrenia; (4) to determine the extent to which guideline-concordant medication management improves patient outcomes; and (5) to examine providers' knowledge of and attitudes toward guidelines.\n\nMethods:\n\nThirteen VA sites were considered for the study, and VistA data were extracted to assess baseline guideline performance. Seven sites were selected and received basic education about schizophrenia guidelines. Three of these sites were randomly selected to receive the enhanced intervention, employing a nurse coordinator to promote providers' guideline adherence and patients' treatment adherence. Subjects with an acute exacerbation of schizophrenia were enrolled and were interviewed at baseline and six months using the Positive and Negative Syndrome Scale, the Schizophrenia Outcomes Module, and the Barnes Akathisia Scale. Data on guideline adherence were collected from medical records and VistA files. When data collection is completed, analyses will be conducted to determine the effectiveness of the enhanced intervention with regard to improving guideline adherence and patient outcomes.\n\nStatus:\n\nThe project is ongoing. To date, 401 subjects have been enrolled in the intervention study. The rate of completed follow-up assessments to date is 86 percent."
        },
        "ConditionsModule":{
          "ConditionList":{
            "Condition":[
              "Schizophrenia"
            ]
          }
        },
        "DesignModule":{
          "StudyType":"Interventional",
          "PhaseList":{
            "Phase":[
              "Not Applicable"
            ]
          },
          "DesignInfo":{
            "DesignAllocation":"Randomized",
            "DesignInterventionModel":"Parallel Assignment",
            "DesignPrimaryPurpose":"Treatment",
            "DesignMaskingInfo":{
              "DesignMasking":"Single"
            }
          },
          "EnrollmentInfo":{
            "EnrollmentCount":"400",
            "EnrollmentType":"Anticipated"
          }
        },
        "ArmsInterventionsModule":{
          "ArmGroupList":{
            "ArmGroup":[
              {
                "ArmGroupLabel":"Arm 1",
                "ArmGroupType":"Other",
                "ArmGroupInterventionList":{
                  "ArmGroupInterventionName":[
                    "Behavioral: Test strategy for implementation guideline"
                  ]
                }
              }
            ]
          },
          "InterventionList":{
            "Intervention":[
              {
                "InterventionType":"Behavioral",
                "InterventionName":"Test strategy for implementation guideline",
                "InterventionArmGroupLabelList":{
                  "InterventionArmGroupLabel":[
                    "Arm 1"
                  ]
                }
              }
            ]
          }
        },
        "EligibilityModule":{
          "EligibilityCriteria":"Inclusion Criteria:\n\n1. Subjects must have a diagnosis of schizophrenia. 2. Subjects must have been admitted to an inpatient psychiatry unit or seen in an ambulatory care clinic or the Emergency Room at a study site for symptoms of acute exacerbation. 3. Must be able to provide informed consent themselves or informed consent by a guardian.\n\nExclusion Criteria:",
          "HealthyVolunteers":"No",
          "Gender":"All",
          "MinimumAge":"18 Years",
          "MaximumAge":"65 Years",
          "StdAgeList":{
            "StdAge":[
              "Adult",
              "Older Adult"
            ]
          }
        },
        "ContactsLocationsModule":{
          "OverallOfficialList":{
            "OverallOfficial":[
              {
                "OverallOfficialName":"Richard R. Owen, MD",
                "OverallOfficialAffiliation":"Central Arkansas Veterans Healthcare System Eugene J. Towbin Healthcare Center, Little Rock, AR",
                "OverallOfficialRole":"Principal Investigator"
              }
            ]
          },
          "LocationList":{
            "Location":[
              {
                "LocationFacility":"Washington DC VA Medical Center, Washington, DC",
                "LocationCity":"Washington",
                "LocationState":"District of Columbia",
                "LocationZip":"20422",
                "LocationCountry":"United States"
              },{
                "LocationFacility":"Southeast Louisiana Veterans Health Care System, New Orleans, LA",
                "LocationCity":"New Orleans",
                "LocationState":"Louisiana",
                "LocationZip":"70112",
                "LocationCountry":"United States"
              },{
                "LocationFacility":"Tuscaloosa VA Medical Center, Tuscaloosa, AL",
                "LocationCity":"Tuscaloosa",
                "LocationState":"Maryland",
                "LocationZip":"35404",
                "LocationCountry":"United States"
              },{
                "LocationFacility":"VA North Texas Health Care System Dallas VA Medical Center, Dallas, TX",
                "LocationCity":"Dallas",
                "LocationState":"Texas",
                "LocationZip":"75216",
                "LocationCountry":"United States"
              },{
                "LocationFacility":"Michael E. DeBakey VA Medical Center, Houston, TX",
                "LocationCity":"Houston",
                "LocationState":"Texas",
                "LocationZip":"77030",
                "LocationCountry":"United States"
              },{
                "LocationFacility":"South Texas Health Care System, San Antonio, TX",
                "LocationCity":"San Antonio",
                "LocationState":"Texas",
                "LocationZip":"78229",
                "LocationCountry":"United States"
              }
            ]
          }
        },
        "ReferencesModule":{
          "ReferenceList":{
            "Reference":[
              {
                "ReferencePMID":"10982759",
                "ReferenceType":"result",
                "ReferenceCitation":"Hamilton J, Guthrie E, Creed F, Thompson D, Tomenson B, Bennett R, Moriarty K, Stephens W, Liston R. A randomized controlled trial of psychotherapy in patients with chronic functional dyspepsia. Gastroenterology. 2000 Sep;119(3):661-9."
              },{
                "ReferencePMID":"18580387",
                "ReferenceType":"result",
                "ReferenceCitation":"Owen RR, Hudson T, Thrush C, Thapa P, Armitage T, Landes RD. The effectiveness of guideline implementation strategies on improving antipsychotic medication management for schizophrenia. Med Care. 2008 Jul;46(7):686-91. doi: 10.1097/MLR.0b013e3181653d43."
              }
            ]
          }
        }
      },
      "DerivedSection":{
        "MiscInfoModule":{
          "VersionHolder":"April 19, 2021"
        },
        "ConditionBrowseModule":{
          "ConditionMeshList":{
            "ConditionMesh":[
              {
                "ConditionMeshId":"D000012559",
                "ConditionMeshTerm":"Schizophrenia"
              }
            ]
          },
          "ConditionAncestorList":{
            "ConditionAncestor":[
              {
                "ConditionAncestorId":"D000019967",
                "ConditionAncestorTerm":"Schizophrenia Spectrum and Other Psychotic Disorders"
              },{
                "ConditionAncestorId":"D000001523",
                "ConditionAncestorTerm":"Mental Disorders"
              }
            ]
          },
          "ConditionBrowseLeafList":{
            "ConditionBrowseLeaf":[
              {
                "ConditionBrowseLeafId":"M13959",
                "ConditionBrowseLeafName":"Schizophrenia",
                "ConditionBrowseLeafAsFound":"Schizophrenia",
                "ConditionBrowseLeafRelevance":"high"
              },{
                "ConditionBrowseLeafId":"M3396",
                "ConditionBrowseLeafName":"Mental Disorders",
                "ConditionBrowseLeafRelevance":"low"
              },{
                "ConditionBrowseLeafId":"M13056",
                "ConditionBrowseLeafName":"Psychotic Disorders",
                "ConditionBrowseLeafRelevance":"low"
              },{
                "ConditionBrowseLeafId":"M20422",
                "ConditionBrowseLeafName":"Schizophrenia Spectrum and Other Psychotic Disorders",
                "ConditionBrowseLeafRelevance":"low"
              }
            ]
          },
          "ConditionBrowseBranchList":{
            "ConditionBrowseBranch":[
              {
                "ConditionBrowseBranchAbbrev":"BXM",
                "ConditionBrowseBranchName":"Behaviors and Mental Disorders"
              },{
                "ConditionBrowseBranchAbbrev":"All",
                "ConditionBrowseBranchName":"All Conditions"
              }
            ]
          }
        }
      }
    }
  }
}

