{
  "FullStudy":{
    "Rank":368363,
    "Study":{
      "ProtocolSection":{
        "IdentificationModule":{
          "NCTId":"NCT00017576",
          "OrgStudyIdInfo":{
            "OrgStudyId":"CDR0000068720"
          },
          "SecondaryIdInfoList":{
            "SecondaryIdInfo":[
              {
                "SecondaryId":"OHSU-6218"
              },{
                "SecondaryId":"OHSU-HOR-00059-L"
              },{
                "SecondaryId":"NCI-G01-1963"
              }
            ]
          },
          "Organization":{
            "OrgFullName":"OHSU Knight Cancer Institute",
            "OrgClass":"OTHER"
          },
          "BriefTitle":"Calcitriol and Carboplatin in Treating Patients With Stage IV Prostate Cancer That Has Not Responded to Hormone Therapy",
          "OfficialTitle":"Phase II Study of Calcitrol Enhanced Carboplatin in Hormone Refractory Prostate Cancer"
        },
        "StatusModule":{
          "StatusVerifiedDate":"April 2017",
          "OverallStatus":"Completed",
          "ExpandedAccessInfo":{
            "HasExpandedAccess":"No"
          },
          "StartDateStruct":{
            "StartDate":"December 2000"
          },
          "PrimaryCompletionDateStruct":{
            "PrimaryCompletionDate":"July 2006",
            "PrimaryCompletionDateType":"Actual"
          },
          "CompletionDateStruct":{
            "CompletionDate":"July 2006",
            "CompletionDateType":"Actual"
          },
          "StudyFirstSubmitDate":"June 6, 2001",
          "StudyFirstSubmitQCDate":"January 7, 2004",
          "StudyFirstPostDateStruct":{
            "StudyFirstPostDate":"January 8, 2004",
            "StudyFirstPostDateType":"Estimate"
          },
          "LastUpdateSubmitDate":"April 26, 2017",
          "LastUpdatePostDateStruct":{
            "LastUpdatePostDate":"April 28, 2017",
            "LastUpdatePostDateType":"Actual"
          }
        },
        "SponsorCollaboratorsModule":{
          "ResponsibleParty":{
            "ResponsiblePartyType":"Principal Investigator",
            "ResponsiblePartyInvestigatorFullName":"Tom Beer",
            "ResponsiblePartyInvestigatorTitle":"Principal Investigator",
            "ResponsiblePartyInvestigatorAffiliation":"OHSU Knight Cancer Institute"
          },
          "LeadSponsor":{
            "LeadSponsorName":"OHSU Knight Cancer Institute",
            "LeadSponsorClass":"OTHER"
          },
          "CollaboratorList":{
            "Collaborator":[
              {
                "CollaboratorName":"National Cancer Institute (NCI)",
                "CollaboratorClass":"NIH"
              }
            ]
          }
        },
        "OversightModule":{
          "OversightHasDMC":"Yes"
        },
        "DescriptionModule":{
          "BriefSummary":"RATIONALE: Drugs used in chemotherapy use different ways to stop tumor cells from dividing so they stop growing or die. Calcitriol may help carboplatin kill more cancer cells by making tumor cells more sensitive to the drug.\n\nPURPOSE: Phase II trial to study the effectiveness of carboplatin plus calcitriol in treating patients who have prostate cancer that has not responded to hormone therapy.",
          "DetailedDescription":"OBJECTIVES: I. Determine the response in patients with androgen-independent prostate cancer treated with calcitriol and carboplatin. II. Determine the palliative response in patients with cancer-related pain treated with this regimen. III. Determine the response in patients with bidimensionally measurable disease treated with this regimen. IV. Determine the duration of prostate-specific antigen, palliative, and measurable disease responses in patients treated with this regimen. V. Determine the survival of patients treated with this regimen. VI. Assess the quality of life of patients treated with this regimen. VII. Determine the qualitative and quantitative toxic effects of this regimen in these patients.\n\nOUTLINE: Patients receive oral calcitriol on day 1 and carboplatin IV over 60 minutes on day 2. Treatment repeats every 28 days in the absence of unacceptable toxicity or disease progression. Quality of life is assessed at baseline and then every 4 weeks until disease progression. Patients are followed every 4 weeks until disease progression and then every 3 months thereafter.\n\nPROJECTED ACCRUAL: A total of 18-36 patients will be accrued for this study."
        },
        "ConditionsModule":{
          "ConditionList":{
            "Condition":[
              "Prostate Cancer"
            ]
          },
          "KeywordList":{
            "Keyword":[
              "adenocarcinoma of the prostate",
              "stage IV prostate cancer",
              "recurrent prostate cancer"
            ]
          }
        },
        "DesignModule":{
          "StudyType":"Interventional",
          "PhaseList":{
            "Phase":[
              "Phase 2"
            ]
          },
          "DesignInfo":{
            "DesignAllocation":"N/A",
            "DesignInterventionModel":"Single Group Assignment",
            "DesignPrimaryPurpose":"Treatment",
            "DesignMaskingInfo":{
              "DesignMasking":"None (Open Label)"
            }
          },
          "EnrollmentInfo":{
            "EnrollmentCount":"19",
            "EnrollmentType":"Actual"
          }
        },
        "ArmsInterventionsModule":{
          "InterventionList":{
            "Intervention":[
              {
                "InterventionType":"Dietary Supplement",
                "InterventionName":"calcitriol"
              },{
                "InterventionType":"Drug",
                "InterventionName":"carboplatin"
              }
            ]
          }
        },
        "OutcomesModule":{
          "PrimaryOutcomeList":{
            "PrimaryOutcome":[
              {
                "PrimaryOutcomeMeasure":"PSA response rate defined as 50% decrease from baseline, confirmed on a second measurement 4 weeks later"
              }
            ]
          }
        },
        "EligibilityModule":{
          "EligibilityCriteria":"DISEASE CHARACTERISTICS: Histologically or cytologically confirmed adenocarcinoma of the prostate Stage IV Evidence of progression despite standard hormonal management including antiandrogen withdrawal, defined as 1 of the following: Development of new metastatic lesions Increase in cancer-related pain A 50% rise in prostate-specific antigen (PSA) levels confirmed by 2 measurements at least 2 weeks apart PSA at least 5 ng/mL Testosterone less than 50 ng/mL\n\nPATIENT CHARACTERISTICS: Age: 18 and over Performance status: ECOG 0-1 Life expectancy: At least 3 months Hematopoietic: WBC at least 3,000/mm3 Neutrophil count at least 1,500/mm3 Platelet count at least 100,000/mm3 Hepatic: Bilirubin no greater than 2.0 mg/dL Renal: Creatinine no greater than 1.3 mg/dL Calcium no greater than 10.5 mg/dL Phosphorus no greater than 4.2 mg/dL No kidney stones within the past 5 years No history of cancer-related hypercalcemia Cardiovascular: No uncontrolled heart failure Other: No other malignancy within the past 5 years except nonmelanoma skin cancer No significant active medical illness that would preclude study Fertile patients must use effective contraception\n\nPRIOR CONCURRENT THERAPY: Biologic therapy: Not specified Chemotherapy: No more than 1 type of prior chemotherapy for prostate cancer No prior carboplatin or cisplatin for prostate cancer Endocrine therapy: See Disease Characteristics At least 4 weeks since prior flutamide or nilutamide (6 weeks for bicalutamide) Concurrent primary hormonal therapy allowed (e.g., gonadotropin-releasing hormone agonist or antagonist) Radiotherapy: At least 1 month since prior radiotherapy At least 2 months since prior strontium chloride Sr 89 or samarium Sm 153 lexidronam pentasodium Surgery: Concurrent orchiectomy allowed Other: At least 7 days since prior thiazide diuretic At least 30 days since prior investigational therapy No prior calcitriol for prostate cancer No concurrent magnesium-containing antacids, bile-resin binders, or calcium supplements",
          "HealthyVolunteers":"No",
          "Gender":"Male",
          "MinimumAge":"18 Years",
          "MaximumAge":"120 Years",
          "StdAgeList":{
            "StdAge":[
              "Adult",
              "Older Adult"
            ]
          }
        },
        "ContactsLocationsModule":{
          "OverallOfficialList":{
            "OverallOfficial":[
              {
                "OverallOfficialName":"Tomasz M. Beer, MD",
                "OverallOfficialAffiliation":"OHSU Knight Cancer Institute",
                "OverallOfficialRole":"Study Chair"
              }
            ]
          },
          "LocationList":{
            "Location":[
              {
                "LocationFacility":"OHSU Knight Cancer Institute",
                "LocationCity":"Portland",
                "LocationState":"Oregon",
                "LocationZip":"97201-3098",
                "LocationCountry":"United States"
              }
            ]
          }
        }
      },
      "DerivedSection":{
        "MiscInfoModule":{
          "VersionHolder":"April 19, 2021"
        },
        "ConditionBrowseModule":{
          "ConditionMeshList":{
            "ConditionMesh":[
              {
                "ConditionMeshId":"D000011471",
                "ConditionMeshTerm":"Prostatic Neoplasms"
              }
            ]
          },
          "ConditionAncestorList":{
            "ConditionAncestor":[
              {
                "ConditionAncestorId":"D000005834",
                "ConditionAncestorTerm":"Genital Neoplasms, Male"
              },{
                "ConditionAncestorId":"D000014565",
                "ConditionAncestorTerm":"Urogenital Neoplasms"
              },{
                "ConditionAncestorId":"D000009371",
                "ConditionAncestorTerm":"Neoplasms by Site"
              },{
                "ConditionAncestorId":"D000009369",
                "ConditionAncestorTerm":"Neoplasms"
              },{
                "ConditionAncestorId":"D000011469",
                "ConditionAncestorTerm":"Prostatic Diseases"
              }
            ]
          },
          "ConditionBrowseLeafList":{
            "ConditionBrowseLeaf":[
              {
                "ConditionBrowseLeafId":"M12918",
                "ConditionBrowseLeafName":"Prostatic Neoplasms",
                "ConditionBrowseLeafAsFound":"Prostate Cancer",
                "ConditionBrowseLeafRelevance":"high"
              },{
                "ConditionBrowseLeafId":"M2166",
                "ConditionBrowseLeafName":"Adenocarcinoma",
                "ConditionBrowseLeafRelevance":"low"
              },{
                "ConditionBrowseLeafId":"M7529",
                "ConditionBrowseLeafName":"Genital Neoplasms, Male",
                "ConditionBrowseLeafRelevance":"low"
              },{
                "ConditionBrowseLeafId":"M15898",
                "ConditionBrowseLeafName":"Urogenital Neoplasms",
                "ConditionBrowseLeafRelevance":"low"
              },{
                "ConditionBrowseLeafId":"M12916",
                "ConditionBrowseLeafName":"Prostatic Diseases",
                "ConditionBrowseLeafRelevance":"low"
              }
            ]
          },
          "ConditionBrowseBranchList":{
            "ConditionBrowseBranch":[
              {
                "ConditionBrowseBranchAbbrev":"BC04",
                "ConditionBrowseBranchName":"Cancers and Other Neoplasms"
              },{
                "ConditionBrowseBranchAbbrev":"BXS",
                "ConditionBrowseBranchName":"Urinary Tract, Sexual Organs, and Pregnancy Conditions"
              },{
                "ConditionBrowseBranchAbbrev":"All",
                "ConditionBrowseBranchName":"All Conditions"
              }
            ]
          }
        },
        "InterventionBrowseModule":{
          "InterventionMeshList":{
            "InterventionMesh":[
              {
                "InterventionMeshId":"D000002117",
                "InterventionMeshTerm":"Calcitriol"
              },{
                "InterventionMeshId":"D000016190",
                "InterventionMeshTerm":"Carboplatin"
              }
            ]
          },
          "InterventionAncestorList":{
            "InterventionAncestor":[
              {
                "InterventionAncestorId":"D000000970",
                "InterventionAncestorTerm":"Antineoplastic Agents"
              },{
                "InterventionAncestorId":"D000077264",
                "InterventionAncestorTerm":"Calcium-Regulating Hormones and Agents"
              },{
                "InterventionAncestorId":"D000045505",
                "InterventionAncestorTerm":"Physiological Effects of Drugs"
              },{
                "InterventionAncestorId":"D000002120",
                "InterventionAncestorTerm":"Calcium Channel Agonists"
              },{
                "InterventionAncestorId":"D000049990",
                "InterventionAncestorTerm":"Membrane Transport Modulators"
              },{
                "InterventionAncestorId":"D000045504",
                "InterventionAncestorTerm":"Molecular Mechanisms of Pharmacological Action"
              },{
                "InterventionAncestorId":"D000014662",
                "InterventionAncestorTerm":"Vasoconstrictor Agents"
              },{
                "InterventionAncestorId":"D000014815",
                "InterventionAncestorTerm":"Vitamins"
              },{
                "InterventionAncestorId":"D000018977",
                "InterventionAncestorTerm":"Micronutrients"
              },{
                "InterventionAncestorId":"D000078622",
                "InterventionAncestorTerm":"Nutrients"
              },{
                "InterventionAncestorId":"D000006133",
                "InterventionAncestorTerm":"Growth Substances"
              },{
                "InterventionAncestorId":"D000050071",
                "InterventionAncestorTerm":"Bone Density Conservation Agents"
              }
            ]
          },
          "InterventionBrowseLeafList":{
            "InterventionBrowseLeaf":[
              {
                "InterventionBrowseLeafId":"M17233",
                "InterventionBrowseLeafName":"Carboplatin",
                "InterventionBrowseLeafAsFound":"Over",
                "InterventionBrowseLeafRelevance":"high"
              },{
                "InterventionBrowseLeafId":"M3962",
                "InterventionBrowseLeafName":"Calcitriol",
                "InterventionBrowseLeafAsFound":"Menstrual",
                "InterventionBrowseLeafRelevance":"high"
              },{
                "InterventionBrowseLeafId":"M8372",
                "InterventionBrowseLeafName":"Hormones",
                "InterventionBrowseLeafRelevance":"low"
              },{
                "InterventionBrowseLeafId":"M3963",
                "InterventionBrowseLeafName":"Calcium",
                "InterventionBrowseLeafRelevance":"low"
              },{
                "InterventionBrowseLeafId":"M3980",
                "InterventionBrowseLeafName":"Calcium, Dietary",
                "InterventionBrowseLeafRelevance":"low"
              },{
                "InterventionBrowseLeafId":"M15992",
                "InterventionBrowseLeafName":"Vasoconstrictor Agents",
                "InterventionBrowseLeafRelevance":"low"
              },{
                "InterventionBrowseLeafId":"M16141",
                "InterventionBrowseLeafName":"Vitamins",
                "InterventionBrowseLeafRelevance":"low"
              },{
                "InterventionBrowseLeafId":"M19593",
                "InterventionBrowseLeafName":"Micronutrients",
                "InterventionBrowseLeafRelevance":"low"
              },{
                "InterventionBrowseLeafId":"M15468",
                "InterventionBrowseLeafName":"Trace Elements",
                "InterventionBrowseLeafRelevance":"low"
              },{
                "InterventionBrowseLeafId":"M1986",
                "InterventionBrowseLeafName":"Nutrients",
                "InterventionBrowseLeafRelevance":"low"
              }
            ]
          },
          "InterventionBrowseBranchList":{
            "InterventionBrowseBranch":[
              {
                "InterventionBrowseBranchAbbrev":"ANeo",
                "InterventionBrowseBranchName":"Antineoplastic Agents"
              },{
                "InterventionBrowseBranchAbbrev":"All",
                "InterventionBrowseBranchName":"All Drugs and Chemicals"
              },{
                "InterventionBrowseBranchAbbrev":"BDCA",
                "InterventionBrowseBranchName":"Bone Density Conservation Agents"
              },{
                "InterventionBrowseBranchAbbrev":"Micro",
                "InterventionBrowseBranchName":"Micronutrients"
              },{
                "InterventionBrowseBranchAbbrev":"VaCoAg",
                "InterventionBrowseBranchName":"Vasoconstrictor Agents"
              }
            ]
          }
        }
      }
    }
  }
}

