{
  "FullStudy":{
    "Rank":368607,
    "Study":{
      "ProtocolSection":{
        "IdentificationModule":{
          "NCTId":"NCT00013884",
          "OrgStudyIdInfo":{
            "OrgStudyId":"010133"
          },
          "SecondaryIdInfoList":{
            "SecondaryIdInfo":[
              {
                "SecondaryId":"01-I-0133"
              }
            ]
          },
          "Organization":{
            "OrgFullName":"National Institutes of Health Clinical Center (CC)",
            "OrgClass":"NIH"
          },
          "BriefTitle":"HIV Maintenance Therapy With T-20 During HAART Interruption",
          "OfficialTitle":"A Pilot Study to Evaluate the Ability of Maintenance Therapy With the HIV Fusion Inhibitor T20 to Prevent Rebound of Plasma HIV RNA Following an Interruption of HAART"
        },
        "StatusModule":{
          "StatusVerifiedDate":"April 2003",
          "OverallStatus":"Completed",
          "ExpandedAccessInfo":{
            "HasExpandedAccess":"No"
          },
          "StartDateStruct":{
            "StartDate":"March 2001"
          },
          "CompletionDateStruct":{
            "CompletionDate":"April 2003"
          },
          "StudyFirstSubmitDate":"March 31, 2001",
          "StudyFirstSubmitQCDate":"March 31, 2001",
          "StudyFirstPostDateStruct":{
            "StudyFirstPostDate":"April 2, 2001",
            "StudyFirstPostDateType":"Estimate"
          },
          "LastUpdateSubmitDate":"March 3, 2008",
          "LastUpdatePostDateStruct":{
            "LastUpdatePostDate":"March 4, 2008",
            "LastUpdatePostDateType":"Estimate"
          }
        },
        "SponsorCollaboratorsModule":{
          "LeadSponsor":{
            "LeadSponsorName":"National Institute of Allergy and Infectious Diseases (NIAID)",
            "LeadSponsorClass":"NIH"
          }
        },
        "OversightModule":{},
        "DescriptionModule":{
          "BriefSummary":"This study will evaluate whether a drug called T-20 can slow or prevent a rapid return of HIV in the blood when HAART (highly active antiretroviral therapy) is stopped temporarily. HAART is a multi-dose regimen that is very effective in suppressing HIV and perhaps slowing or halting progression of the viral infection towards AIDS. However, this treatment is not problem-oriented. It cannot completely rid the body of virus, and long-term therapy carries a risk of toxicity (harmful side effects). Moreover, the treatment is difficult to adhere to because of the many pills and capsules that must be taken daily. When patients stop taking HAART, their viral levels climb again. This study will see if T-20 can prolong the time it takes for HIV blood levels to rise in patients who stop HAART temporarily. The results may provide insight into possible new HAART-sparing treatments.\n\nHIV-infected patients 18 years of age and older who have received HAART for at least 1 month may be eligible for this study. Candidates will be screened with a medical history, physical examination, blood and urine tests and possibly a chest X-ray and electrocardiogram (EKG).\n\nParticipants will receive either 100 Mg. of T-20 twice a day or 200 Mg. once a day, injected under the skin, and their normal HAART regimen for 3 days. (Patients or a caregiver will be taught how to give the T-20 injections.) On the fourth day, HAART will be stopped and all patients will receive 100 Mg. of T-20 twice a day for 6 weeks. Blood will be drawn weekly from the second to the sixth week after stopping HAART to check viral levels and CD4+ T cell counts. At the end of the 6 weeks, T-20 will be stopped and HAART will be restarted. Patients will then be evaluated once a month until their viral level is less than 50. The final clinic visit will be one month after this time.\n\nIn addition to blood draws, patients will undergo leukapheresis before beginning T-20 and possibly again when they restart HAART and at the end of the study. For this procedure, whole blood is collected through a needle placed in an arm vein, similar to donating blood. The blood circulates through a machine that separates it into its components. The white cells are then removed, and the red cells, platelets and plasma are returned to the body, either through the same needle used to draw the blood or through a second needle placed in the other arm. The white cells are used to study T cell function and levels and to detect hidden virus.",
          "DetailedDescription":"Although highly active antiretroviral therapy (HAART) effectively suppresses HIV replication, it is now clear that it cannot completely eradicate HIV from infected individuals. We have also recently begun to appreciate more fully the scope of toxicities and inconveniences associated with HAART medications leading to difficulties with adherence. Thus, long-term use of HAART may be problematic in many HIV-infected individuals. These realizations have led to a search for strategies to shift the focus from eradication to suppression of HIV replication while reducing toxicity and enhancing compliance. One approach to achieve these goals is to attempt to find strategies that allow for prolonged periods off HAART medications. Recently, Trimeris corporation has developed T-20, an inhibitor of HIV fusion to T-cells, a step required to spread virus from cell to cell. This new class of therapy, which has little recognized toxicity, could be used to allow patients to discontinue HAART medications for prolonged periods of time. In this intent to treat pilot study, we propose to evaluate the ability of T-20 to slow or prevent rebound of plasma HIV RNA when HAART medications are interrupted for a single 6 week period. The information obtained through this investigation could provide important insights into novel therapeutic strategies for HIV infection."
        },
        "ConditionsModule":{
          "ConditionList":{
            "Condition":[
              "HIV Infection"
            ]
          },
          "KeywordList":{
            "Keyword":[
              "HIV",
              "T20",
              "HAART",
              "Interruption",
              "Therapy",
              "Fusion Inhibitor T20",
              "Treatment Interuption"
            ]
          }
        },
        "DesignModule":{
          "StudyType":"Interventional",
          "PhaseList":{
            "Phase":[
              "Phase 2"
            ]
          },
          "DesignInfo":{
            "DesignPrimaryPurpose":"Treatment"
          },
          "EnrollmentInfo":{
            "EnrollmentCount":"10"
          }
        },
        "ArmsInterventionsModule":{
          "InterventionList":{
            "Intervention":[
              {
                "InterventionType":"Drug",
                "InterventionName":"T-20"
              }
            ]
          }
        },
        "EligibilityModule":{
          "EligibilityCriteria":"INCLUSION CRITERIA:\n\nDocumentation of HIV-1 infection by licensed ELISA test kit and confirmed by a second method (e.g. Western Blot).\nAbsolute CD4+ T-cell count of greater than or equal to 300/mm(3) within 30 days before randomization (For patients who are status post-splenectomy, also CD4+ T-cell greater than 20 percent)\nReceiving HAART (at least an NNRTI or a PI and at least 3 drugs) with at least 1 viral load test below the limit of detection (at least less than 500 copies/ml) greater than or equal to 3 months before screening.\nStable HAART regimen greater than or equal to 1 month.\nTwo confirmatory viral loads of less than 50 copies/ml prior to enrollment.\nAge at least 18 years.\nFor women of childbearing potential, a negative pregnancy test (serum or urine) is required within 14 days prior to treatment assignment.\nAbility to inject, or willingness to have injected by another person, T20 as required by protocol.\n\nLaboratory values (within 30 days prior to randomization):\n\nAST no more than 5 x the upper limit of normal (ULN).\nTotal or direct bilirubin no more than 2 times ULN unless there is a pattern consistent with Gilbert's syndrome or the patient is receiving indinavir.\nCreatinine no more than 2.0 mg/dL.\nPlatelet count at least 50,000/microliters.\nWillingness to provide blood samples for storage that may be used in future studies of HIV infection and/or immunopathogenesis.\n\nEXCLUSION CRITERIA:\n\nConcurrent malignancy, or any other disease state, requiring cytotoxic chemotherapy.\nSymptomatic for significant HIV-related illnesses, such as opportunistic infections and malignancies other than mucocutaneous Kaposi's sarcoma.\nA history of receiving both an NNRTI and a PI.\nUse of experimental, unlicensed antiretrovirals less than or equal to 6 months prior to enrollment. An exception may be made for hydroxyurea according to the judgement of the Principal Investigator.\nCurrent use of IL-2 or abacavir or prior participation in a HAART interruption study.\nPregnancy or breastfeeding during study period.\nSignificant cardiac, pulmonary, kidney, rheumatologic, gastrointestinal, or CNS disease as detectable on routine history, physical examination , or screening laboratory studies.\nPsychiatric illness that, in the opinion of the PI, might interfere with study compliance.\nActive substance abuse or history of prior substance abuse that may interfere with protocol compliance or compromise patient safety.\nRefusal to practice safe sex or use precautions against pregnancy (effective birth control or abstinence).\nKnown history or laboratory evidence of chronic hepatitis B infection requiring 3TC for control including surface antigen positivity.\nReceiving salvage HAART, i.e. evidence of clinical resistance to licensed antiretrovirals.\n\nIndividuals accepted into the protocol who subsequently violate exclusion criteria 7-9 will be offered further counseling and psychiatric evaluation if indicated. If the situation is not resolved within a reasonable period of time, the PI, in consultation with the care team, may terminate subject participation.",
          "HealthyVolunteers":"No",
          "Gender":"All",
          "StdAgeList":{
            "StdAge":[
              "Child",
              "Adult",
              "Older Adult"
            ]
          }
        },
        "ContactsLocationsModule":{
          "LocationList":{
            "Location":[
              {
                "LocationFacility":"National Institute of Allergy and Infectious Diseases (NIAID)",
                "LocationCity":"Bethesda",
                "LocationState":"Maryland",
                "LocationZip":"20892",
                "LocationCountry":"United States"
              }
            ]
          }
        },
        "ReferencesModule":{
          "ReferenceList":{
            "Reference":[
              {
                "ReferencePMID":"10341272",
                "ReferenceType":"background",
                "ReferenceCitation":"Zhang L, Ramratnam B, Tenner-Racz K, He Y, Vesanen M, Lewin S, Talal A, Racz P, Perelson AS, Korber BT, Markowitz M, Ho DD. Quantifying residual HIV-1 replication in patients receiving combination antiretroviral therapy. N Engl J Med. 1999 May 27;340(21):1605-13."
              },{
                "ReferencePMID":"10341273",
                "ReferenceType":"background",
                "ReferenceCitation":"Furtado MR, Callaway DS, Phair JP, Kunstman KJ, Stanton JL, Macken CA, Perelson AS, Wolinsky SM. Persistence of HIV-1 transcription in peripheral-blood mononuclear cells in patients receiving potent antiretroviral therapy. N Engl J Med. 1999 May 27;340(21):1614-22."
              },{
                "ReferencePMID":"10023903",
                "ReferenceType":"background",
                "ReferenceCitation":"Natarajan V, Bosche M, Metcalf JA, Ward DJ, Lane HC, Kovacs JA. HIV-1 replication in patients with undetectable plasma virus receiving HAART. Highly active antiretroviral therapy. Lancet. 1999 Jan 9;353(9147):119-20."
              }
            ]
          }
        }
      },
      "DerivedSection":{
        "MiscInfoModule":{
          "VersionHolder":"April 19, 2021"
        },
        "ConditionBrowseModule":{
          "ConditionMeshList":{
            "ConditionMesh":[
              {
                "ConditionMeshId":"D000015658",
                "ConditionMeshTerm":"HIV Infections"
              }
            ]
          },
          "ConditionAncestorList":{
            "ConditionAncestor":[
              {
                "ConditionAncestorId":"D000016180",
                "ConditionAncestorTerm":"Lentivirus Infections"
              },{
                "ConditionAncestorId":"D000012192",
                "ConditionAncestorTerm":"Retroviridae Infections"
              },{
                "ConditionAncestorId":"D000012327",
                "ConditionAncestorTerm":"RNA Virus Infections"
              },{
                "ConditionAncestorId":"D000014777",
                "ConditionAncestorTerm":"Virus Diseases"
              },{
                "ConditionAncestorId":"D000015229",
                "ConditionAncestorTerm":"Sexually Transmitted Diseases, Viral"
              },{
                "ConditionAncestorId":"D000012749",
                "ConditionAncestorTerm":"Sexually Transmitted Diseases"
              },{
                "ConditionAncestorId":"D000007153",
                "ConditionAncestorTerm":"Immunologic Deficiency Syndromes"
              },{
                "ConditionAncestorId":"D000007154",
                "ConditionAncestorTerm":"Immune System Diseases"
              }
            ]
          },
          "ConditionBrowseLeafList":{
            "ConditionBrowseLeaf":[
              {
                "ConditionBrowseLeafId":"M8866",
                "ConditionBrowseLeafName":"Infection",
                "ConditionBrowseLeafRelevance":"low"
              },{
                "ConditionBrowseLeafId":"M4951",
                "ConditionBrowseLeafName":"Communicable Diseases",
                "ConditionBrowseLeafRelevance":"low"
              },{
                "ConditionBrowseLeafId":"M16833",
                "ConditionBrowseLeafName":"HIV Infections",
                "ConditionBrowseLeafAsFound":"HIV Infections",
                "ConditionBrowseLeafRelevance":"high"
              },{
                "ConditionBrowseLeafId":"M2103",
                "ConditionBrowseLeafName":"Acquired Immunodeficiency Syndrome",
                "ConditionBrowseLeafRelevance":"low"
              },{
                "ConditionBrowseLeafId":"M17223",
                "ConditionBrowseLeafName":"Lentivirus Infections",
                "ConditionBrowseLeafRelevance":"low"
              },{
                "ConditionBrowseLeafId":"M13609",
                "ConditionBrowseLeafName":"Retroviridae Infections",
                "ConditionBrowseLeafRelevance":"low"
              },{
                "ConditionBrowseLeafId":"M16105",
                "ConditionBrowseLeafName":"Virus Diseases",
                "ConditionBrowseLeafRelevance":"low"
              },{
                "ConditionBrowseLeafId":"M13732",
                "ConditionBrowseLeafName":"RNA Virus Infections",
                "ConditionBrowseLeafRelevance":"low"
              },{
                "ConditionBrowseLeafId":"M14141",
                "ConditionBrowseLeafName":"Sexually Transmitted Diseases",
                "ConditionBrowseLeafRelevance":"low"
              },{
                "ConditionBrowseLeafId":"M16516",
                "ConditionBrowseLeafName":"Sexually Transmitted Diseases, Viral",
                "ConditionBrowseLeafRelevance":"low"
              },{
                "ConditionBrowseLeafId":"M14938",
                "ConditionBrowseLeafName":"Syndrome",
                "ConditionBrowseLeafRelevance":"low"
              },{
                "ConditionBrowseLeafId":"M8782",
                "ConditionBrowseLeafName":"Immunologic Deficiency Syndromes",
                "ConditionBrowseLeafRelevance":"low"
              },{
                "ConditionBrowseLeafId":"M8783",
                "ConditionBrowseLeafName":"Immune System Diseases",
                "ConditionBrowseLeafRelevance":"low"
              }
            ]
          },
          "ConditionBrowseBranchList":{
            "ConditionBrowseBranch":[
              {
                "ConditionBrowseBranchAbbrev":"BC01",
                "ConditionBrowseBranchName":"Bacterial and Fungal Diseases"
              },{
                "ConditionBrowseBranchAbbrev":"All",
                "ConditionBrowseBranchName":"All Conditions"
              },{
                "ConditionBrowseBranchAbbrev":"BC02",
                "ConditionBrowseBranchName":"Viral Diseases"
              },{
                "ConditionBrowseBranchAbbrev":"BC20",
                "ConditionBrowseBranchName":"Immune System Diseases"
              },{
                "ConditionBrowseBranchAbbrev":"BXS",
                "ConditionBrowseBranchName":"Urinary Tract, Sexual Organs, and Pregnancy Conditions"
              },{
                "ConditionBrowseBranchAbbrev":"BC23",
                "ConditionBrowseBranchName":"Symptoms and General Pathology"
              }
            ]
          }
        }
      }
    }
  }
}

