{
  "FullStudy":{
    "Rank":368350,
    "Study":{
      "ProtocolSection":{
        "IdentificationModule":{
          "NCTId":"NCT00017771",
          "OrgStudyIdInfo":{
            "OrgStudyId":"A5117"
          },
          "SecondaryIdInfoList":{
            "SecondaryIdInfo":[
              {
                "SecondaryId":"AACTG A5117"
              },{
                "SecondaryId":"ACTG A5117"
              },{
                "SecondaryId":"10935",
                "SecondaryIdType":"Registry Identifier",
                "SecondaryIdDomain":"DAIDS-ES"
              }
            ]
          },
          "Organization":{
            "OrgFullName":"National Institute of Allergy and Infectious Diseases (NIAID)",
            "OrgClass":"NIH"
          },
          "BriefTitle":"Nerve Damage in Patients With HIV Infection Who Have Been Treated With Anti-HIV Drugs",
          "OfficialTitle":"A Pathophysiologic Study of Development of Distal Symmetrical Polyneuropathy in Individuals With Advanced HIV-1 Infection and Prior Antiretroviral Exposure"
        },
        "StatusModule":{
          "StatusVerifiedDate":"July 2013",
          "OverallStatus":"Completed",
          "ExpandedAccessInfo":{
            "HasExpandedAccess":"No"
          },
          "StartDateStruct":{
            "StartDate":"June 2001"
          },
          "CompletionDateStruct":{
            "CompletionDate":"July 2004",
            "CompletionDateType":"Actual"
          },
          "StudyFirstSubmitDate":"June 11, 2001",
          "StudyFirstSubmitQCDate":"August 30, 2001",
          "StudyFirstPostDateStruct":{
            "StudyFirstPostDate":"August 31, 2001",
            "StudyFirstPostDateType":"Estimate"
          },
          "LastUpdateSubmitDate":"July 26, 2013",
          "LastUpdatePostDateStruct":{
            "LastUpdatePostDate":"July 29, 2013",
            "LastUpdatePostDateType":"Estimate"
          }
        },
        "SponsorCollaboratorsModule":{
          "ResponsibleParty":{
            "ResponsiblePartyType":"Sponsor"
          },
          "LeadSponsor":{
            "LeadSponsorName":"National Institute of Allergy and Infectious Diseases (NIAID)",
            "LeadSponsorClass":"NIH"
          }
        },
        "OversightModule":{},
        "DescriptionModule":{
          "BriefSummary":"The purpose of this study is to find out what might increase nerve damage in people with HIV who have taken drugs for treatment of HIV disease. Another purpose is to see if nerve exams are done correctly before clinical research sites enroll HIV-infected patients.\n\nNerve damage is common in patients with HIV infection and can cause serious problems. The factors that place patients at risk are not well understood. This study will examine these factors in patients with advanced HIV infection and who have been taking anti-HIV drugs.",
          "DetailedDescription":"Neurological complications in HIV infection are common and are significant sources of mortality and morbidity. The associated risk factors have not been clearly defined. Several studies have patients who are suited for analysis of peripheral neuropathy and can address the important clinical question of when a subject with asymptomatic neuropathy is most at risk for progressing to painful neuropathy. Some patients in this population with advanced HIV disease will likely have asymptomatic peripheral neuropathy at baseline, and will present an excellent opportunity for prospective study. Detailed quantitative assessments will be carried out to determine the incidence and course of peripheral neuropathy in this population. Risk factors for the development of new peripheral neuropathy, worsening of existing neuropathy, and progression to symptomatic peripheral neuropathy, such as CD4+ cell counts, HIV-1 viral load, and prior nucleoside analogue use, will be evaluated. The potential additive neurotoxic effects of hydroxyurea exposure in this population can also be analyzed.\n\nHIV-infected patients are characterized for the presence or absence of neuropathy at [AS PER AMENDMENT 03/05/02: screening], baseline, Week 24, and Week 48. Entry variables are analyzed to determine predictors of progression from asymptomatic to symptomatic neuropathy or for worsening of symptomatic neuropathy. HIV-uninfected control volunteers have 1 visit [AS PER AMENDMENT 03/05/02: or 2 visits] for nerve conduction and Quantitative Sensory Testing (QST) evaluations to demonstrate proficiency with the testing methods prior to the enrollment of HIV-infected patients. HIV-infected patients are evaluated with the components of the Total Neuropathy Score (TNS) which includes signs (motor function, sensory function, and reflexes), symptoms (motor symptoms and sensory symptoms), QST (CASE IV - vibratory, cooling, and heat pain thresholds), and nerve conduction studies (sural nerve and peroneal nerve). Other evaluations include the Gracely Pain Scale and Visual Analog Scale pain diaries, paired skin biopsies from the right thigh and distal leg (total of 2), and peripheral blood lymphocyte analysis for quantitation of mitochondrial DNA content at entry and final study visit."
        },
        "ConditionsModule":{
          "ConditionList":{
            "Condition":[
              "HIV Infections",
              "Peripheral Nervous System Disease"
            ]
          },
          "KeywordList":{
            "Keyword":[
              "HIV-1",
              "CD4 Lymphocyte Count",
              "Risk Factors",
              "Hydroxyurea",
              "Disease Progression",
              "Alcohol Drinking",
              "Reverse Transcriptase Inhibitors",
              "Anti-HIV Agents",
              "Viral Load",
              "Polyneuropathies",
              "Treatment Experienced"
            ]
          }
        },
        "DesignModule":{
          "StudyType":"Observational",
          "DesignInfo":{
            "DesignObservationalModelList":{
              "DesignObservationalModel":[
                "Case-Control"
              ]
            },
            "DesignTimePerspectiveList":{
              "DesignTimePerspective":[
                "Prospective"
              ]
            }
          },
          "BioSpec":{
            "BioSpecRetention":"Samples With DNA",
            "BioSpecDescription":"Blood collection"
          },
          "EnrollmentInfo":{
            "EnrollmentCount":"100",
            "EnrollmentType":"Actual"
          }
        },
        "EligibilityModule":{
          "EligibilityCriteria":"Inclusion Criteria\n\nControl volunteers will be eligible for this study if they:\n\nAre HIV negative.\nAre at least 18 years old.\n\nPatients will be eligible for this study if they:\n\nAre HIV positive.\nAre at least 13 years old and can provide written consent from parent or guardian if under 18 years of age.\nHave taken anti-HIV drugs for at least 15 straight weeks any time in the past.\nHave a CD4 count of less than 300 cells/mm3.\n\nExclusion Criteria\n\nControl volunteers will not be eligible for this study if they:\n\nHave any nerve-related problems.\nHave diabetes and nerve damage related to diabetes.\nHave long-term illness the doctor feels would interfere with the study.\n\nPatients will not be eligible for this study if they:\n\nHave had spinal surgery.\nHave taken insulin or oral hypoglycemic products for diabetes mellitus within 30 days prior to study entry. Dietary control for diabetes is allowed.\nHave nerve damage related to diabetes.\nHave a nerve condition unrelated to HIV infection or antiretroviral therapy.\nHave alcohol-related medical complications within 6 months of study entry.\nHave vitamin B12 levels of less than 200 pg/ml or a history of vitamin B12 deficiency.\n\nThis study has been changed to modify the exclusion criteria. Earlier versions did not include some of these exclusion criteria.",
          "HealthyVolunteers":"Accepts Healthy Volunteers",
          "Gender":"All",
          "MinimumAge":"13 Years",
          "StdAgeList":{
            "StdAge":[
              "Child",
              "Adult",
              "Older Adult"
            ]
          },
          "StudyPopulation":"HIV-infected individuals who have previously undergone HIV treatment. HIV-uninfected to be used as controls.",
          "SamplingMethod":"Non-Probability Sample"
        },
        "ContactsLocationsModule":{
          "OverallOfficialList":{
            "OverallOfficial":[
              {
                "OverallOfficialName":"David Simpson",
                "OverallOfficialRole":"Study Chair"
              }
            ]
          },
          "LocationList":{
            "Location":[
              {
                "LocationFacility":"Univ of Alabama at Birmingham",
                "LocationCity":"Birmingham",
                "LocationState":"Alabama",
                "LocationZip":"35294",
                "LocationCountry":"United States"
              },{
                "LocationFacility":"UCLA CARE Ctr",
                "LocationCity":"Los Angeles",
                "LocationState":"California",
                "LocationZip":"90095",
                "LocationCountry":"United States"
              },{
                "LocationFacility":"Univ of Colorado Health Sciences Ctr",
                "LocationCity":"Denver",
                "LocationState":"Colorado",
                "LocationZip":"80262",
                "LocationCountry":"United States"
              },{
                "LocationFacility":"Univ of Hawaii",
                "LocationCity":"Honolulu",
                "LocationState":"Hawaii",
                "LocationZip":"96816",
                "LocationCountry":"United States"
              },{
                "LocationFacility":"The CORE Ctr",
                "LocationCity":"Chicago",
                "LocationState":"Illinois",
                "LocationZip":"60612",
                "LocationCountry":"United States"
              },{
                "LocationFacility":"Indiana Univ Hosp",
                "LocationCity":"Indianapolis",
                "LocationState":"Indiana",
                "LocationZip":"462025250",
                "LocationCountry":"United States"
              },{
                "LocationFacility":"Methodist Hosp of Indiana / Life Care Clinic",
                "LocationCity":"Indianapolis",
                "LocationState":"Indiana",
                "LocationZip":"46202",
                "LocationCountry":"United States"
              },{
                "LocationFacility":"Wishard Hosp",
                "LocationCity":"Indianapolis",
                "LocationState":"Indiana",
                "LocationZip":"46202",
                "LocationCountry":"United States"
              },{
                "LocationFacility":"Johns Hopkins Hosp",
                "LocationCity":"Baltimore",
                "LocationState":"Maryland",
                "LocationZip":"21287",
                "LocationCountry":"United States"
              },{
                "LocationFacility":"Washington Univ / St Louis Connect Care",
                "LocationCity":"Saint Louis",
                "LocationState":"Missouri",
                "LocationZip":"63108",
                "LocationCountry":"United States"
              },{
                "LocationFacility":"Washington Univ School of Medicine",
                "LocationCity":"St Louis",
                "LocationState":"Missouri",
                "LocationZip":"63108",
                "LocationCountry":"United States"
              },{
                "LocationFacility":"Beth Israel Med Ctr",
                "LocationCity":"New York",
                "LocationState":"New York",
                "LocationZip":"10003",
                "LocationCountry":"United States"
              },{
                "LocationFacility":"Cornell Univ Med Ctr",
                "LocationCity":"New York",
                "LocationState":"New York",
                "LocationZip":"10021",
                "LocationCountry":"United States"
              },{
                "LocationFacility":"Univ of Rochester Medical Center",
                "LocationCity":"Rochester",
                "LocationState":"New York",
                "LocationZip":"14642",
                "LocationCountry":"United States"
              },{
                "LocationFacility":"Univ of Pennsylvania",
                "LocationCity":"Philadelphia",
                "LocationState":"Pennsylvania",
                "LocationZip":"19104",
                "LocationCountry":"United States"
              },{
                "LocationFacility":"Mount Sinai Med Ctr",
                "LocationCity":"Pittsburgh",
                "LocationState":"Pennsylvania",
                "LocationZip":"15213",
                "LocationCountry":"United States"
              },{
                "LocationFacility":"Univ of Texas, Southwestern Med Ctr of Dallas",
                "LocationCity":"Dallas",
                "LocationState":"Texas",
                "LocationZip":"75390",
                "LocationCountry":"United States"
              },{
                "LocationFacility":"Univ of Washington",
                "LocationCity":"Seattle",
                "LocationState":"Washington",
                "LocationZip":"98104",
                "LocationCountry":"United States"
              }
            ]
          }
        },
        "ReferencesModule":{
          "ReferenceList":{
            "Reference":[
              {
                "ReferencePMID":"16769940",
                "ReferenceType":"result",
                "ReferenceCitation":"Simpson DM, Kitch D, Evans SR, McArthur JC, Asmuth DM, Cohen B, Goodkin K, Gerschenson M, So Y, Marra CM, Diaz-Arrastia R, Shriver S, Millar L, Clifford DB; ACTG A5117 Study Group. HIV neuropathy natural history cohort study: assessment measures and risk factors. Neurology. 2006 Jun 13;66(11):1679-87."
              }
            ]
          }
        }
      },
      "DerivedSection":{
        "MiscInfoModule":{
          "VersionHolder":"April 19, 2021"
        },
        "ConditionBrowseModule":{
          "ConditionMeshList":{
            "ConditionMesh":[
              {
                "ConditionMeshId":"D000007239",
                "ConditionMeshTerm":"Infection"
              },{
                "ConditionMeshId":"D000003141",
                "ConditionMeshTerm":"Communicable Diseases"
              },{
                "ConditionMeshId":"D000015658",
                "ConditionMeshTerm":"HIV Infections"
              },{
                "ConditionMeshId":"D000000163",
                "ConditionMeshTerm":"Acquired Immunodeficiency Syndrome"
              },{
                "ConditionMeshId":"D000009422",
                "ConditionMeshTerm":"Nervous System Diseases"
              },{
                "ConditionMeshId":"D000010523",
                "ConditionMeshTerm":"Peripheral Nervous System Diseases"
              }
            ]
          },
          "ConditionAncestorList":{
            "ConditionAncestor":[
              {
                "ConditionAncestorId":"D000016180",
                "ConditionAncestorTerm":"Lentivirus Infections"
              },{
                "ConditionAncestorId":"D000012192",
                "ConditionAncestorTerm":"Retroviridae Infections"
              },{
                "ConditionAncestorId":"D000012327",
                "ConditionAncestorTerm":"RNA Virus Infections"
              },{
                "ConditionAncestorId":"D000014777",
                "ConditionAncestorTerm":"Virus Diseases"
              },{
                "ConditionAncestorId":"D000015229",
                "ConditionAncestorTerm":"Sexually Transmitted Diseases, Viral"
              },{
                "ConditionAncestorId":"D000012749",
                "ConditionAncestorTerm":"Sexually Transmitted Diseases"
              },{
                "ConditionAncestorId":"D000007153",
                "ConditionAncestorTerm":"Immunologic Deficiency Syndromes"
              },{
                "ConditionAncestorId":"D000007154",
                "ConditionAncestorTerm":"Immune System Diseases"
              },{
                "ConditionAncestorId":"D000012897",
                "ConditionAncestorTerm":"Slow Virus Diseases"
              },{
                "ConditionAncestorId":"D000009468",
                "ConditionAncestorTerm":"Neuromuscular Diseases"
              }
            ]
          },
          "ConditionBrowseLeafList":{
            "ConditionBrowseLeaf":[
              {
                "ConditionBrowseLeafId":"M8866",
                "ConditionBrowseLeafName":"Infection",
                "ConditionBrowseLeafAsFound":"Infection",
                "ConditionBrowseLeafRelevance":"high"
              },{
                "ConditionBrowseLeafId":"M4951",
                "ConditionBrowseLeafName":"Communicable Diseases",
                "ConditionBrowseLeafAsFound":"Infection",
                "ConditionBrowseLeafRelevance":"high"
              },{
                "ConditionBrowseLeafId":"M19143",
                "ConditionBrowseLeafName":"Disease Progression",
                "ConditionBrowseLeafRelevance":"low"
              },{
                "ConditionBrowseLeafId":"M12015",
                "ConditionBrowseLeafName":"Peripheral Nervous System Diseases",
                "ConditionBrowseLeafAsFound":"Peripheral Nervous System Diseases",
                "ConditionBrowseLeafRelevance":"high"
              },{
                "ConditionBrowseLeafId":"M16833",
                "ConditionBrowseLeafName":"HIV Infections",
                "ConditionBrowseLeafAsFound":"HIV Infections",
                "ConditionBrowseLeafRelevance":"high"
              },{
                "ConditionBrowseLeafId":"M2103",
                "ConditionBrowseLeafName":"Acquired Immunodeficiency Syndrome",
                "ConditionBrowseLeafAsFound":"HIV Infections",
                "ConditionBrowseLeafRelevance":"high"
              },{
                "ConditionBrowseLeafId":"M2355",
                "ConditionBrowseLeafName":"Alcohol Drinking",
                "ConditionBrowseLeafRelevance":"low"
              },{
                "ConditionBrowseLeafId":"M12582",
                "ConditionBrowseLeafName":"Polyneuropathies",
                "ConditionBrowseLeafRelevance":"low"
              },{
                "ConditionBrowseLeafId":"M14938",
                "ConditionBrowseLeafName":"Syndrome",
                "ConditionBrowseLeafRelevance":"low"
              },{
                "ConditionBrowseLeafId":"M8782",
                "ConditionBrowseLeafName":"Immunologic Deficiency Syndromes",
                "ConditionBrowseLeafRelevance":"low"
              },{
                "ConditionBrowseLeafId":"M17223",
                "ConditionBrowseLeafName":"Lentivirus Infections",
                "ConditionBrowseLeafRelevance":"low"
              },{
                "ConditionBrowseLeafId":"M13609",
                "ConditionBrowseLeafName":"Retroviridae Infections",
                "ConditionBrowseLeafRelevance":"low"
              },{
                "ConditionBrowseLeafId":"M16105",
                "ConditionBrowseLeafName":"Virus Diseases",
                "ConditionBrowseLeafRelevance":"low"
              },{
                "ConditionBrowseLeafId":"M13732",
                "ConditionBrowseLeafName":"RNA Virus Infections",
                "ConditionBrowseLeafRelevance":"low"
              },{
                "ConditionBrowseLeafId":"M14141",
                "ConditionBrowseLeafName":"Sexually Transmitted Diseases",
                "ConditionBrowseLeafRelevance":"low"
              },{
                "ConditionBrowseLeafId":"M16516",
                "ConditionBrowseLeafName":"Sexually Transmitted Diseases, Viral",
                "ConditionBrowseLeafRelevance":"low"
              },{
                "ConditionBrowseLeafId":"M8783",
                "ConditionBrowseLeafName":"Immune System Diseases",
                "ConditionBrowseLeafRelevance":"low"
              },{
                "ConditionBrowseLeafId":"M14283",
                "ConditionBrowseLeafName":"Slow Virus Diseases",
                "ConditionBrowseLeafRelevance":"low"
              },{
                "ConditionBrowseLeafId":"M10994",
                "ConditionBrowseLeafName":"Neuromuscular Diseases",
                "ConditionBrowseLeafRelevance":"low"
              }
            ]
          },
          "ConditionBrowseBranchList":{
            "ConditionBrowseBranch":[
              {
                "ConditionBrowseBranchAbbrev":"BC01",
                "ConditionBrowseBranchName":"Bacterial and Fungal Diseases"
              },{
                "ConditionBrowseBranchAbbrev":"All",
                "ConditionBrowseBranchName":"All Conditions"
              },{
                "ConditionBrowseBranchAbbrev":"BC23",
                "ConditionBrowseBranchName":"Symptoms and General Pathology"
              },{
                "ConditionBrowseBranchAbbrev":"BC10",
                "ConditionBrowseBranchName":"Nervous System Diseases"
              },{
                "ConditionBrowseBranchAbbrev":"BC02",
                "ConditionBrowseBranchName":"Viral Diseases"
              },{
                "ConditionBrowseBranchAbbrev":"BC20",
                "ConditionBrowseBranchName":"Immune System Diseases"
              },{
                "ConditionBrowseBranchAbbrev":"BXM",
                "ConditionBrowseBranchName":"Behaviors and Mental Disorders"
              },{
                "ConditionBrowseBranchAbbrev":"BXS",
                "ConditionBrowseBranchName":"Urinary Tract, Sexual Organs, and Pregnancy Conditions"
              }
            ]
          }
        },
        "InterventionBrowseModule":{
          "InterventionBrowseLeafList":{
            "InterventionBrowseLeaf":[
              {
                "InterventionBrowseLeafId":"M2358",
                "InterventionBrowseLeafName":"Ethanol",
                "InterventionBrowseLeafRelevance":"low"
              },{
                "InterventionBrowseLeafId":"M8552",
                "InterventionBrowseLeafName":"Hydroxyurea",
                "InterventionBrowseLeafRelevance":"low"
              },{
                "InterventionBrowseLeafId":"M24015",
                "InterventionBrowseLeafName":"Anti-Retroviral Agents",
                "InterventionBrowseLeafRelevance":"low"
              },{
                "InterventionBrowseLeafId":"M19519",
                "InterventionBrowseLeafName":"Reverse Transcriptase Inhibitors",
                "InterventionBrowseLeafRelevance":"low"
              },{
                "InterventionBrowseLeafId":"M19934",
                "InterventionBrowseLeafName":"Anti-HIV Agents",
                "InterventionBrowseLeafRelevance":"low"
              }
            ]
          },
          "InterventionBrowseBranchList":{
            "InterventionBrowseBranch":[
              {
                "InterventionBrowseBranchAbbrev":"Infe",
                "InterventionBrowseBranchName":"Anti-Infective Agents"
              },{
                "InterventionBrowseBranchAbbrev":"CNSDep",
                "InterventionBrowseBranchName":"Central Nervous System Depressants"
              },{
                "InterventionBrowseBranchAbbrev":"All",
                "InterventionBrowseBranchName":"All Drugs and Chemicals"
              },{
                "InterventionBrowseBranchAbbrev":"ANeo",
                "InterventionBrowseBranchName":"Antineoplastic Agents"
              },{
                "InterventionBrowseBranchAbbrev":"AnSickAg",
                "InterventionBrowseBranchName":"Antisickling Agents"
              }
            ]
          }
        }
      }
    }
  }
}

