{
  "FullStudy":{
    "Rank":368227,
    "Study":{
      "ProtocolSection":{
        "IdentificationModule":{
          "NCTId":"NCT00019591",
          "NCTIdAliasList":{
            "NCTIdAlias":[
              "NCT00001794"
            ]
          },
          "OrgStudyIdInfo":{
            "OrgStudyId":"CDR0000066874"
          },
          "SecondaryIdInfoList":{
            "SecondaryIdInfo":[
              {
                "SecondaryId":"NCI-99-C-0023L"
              },{
                "SecondaryId":"NCI-T98-0034"
              }
            ]
          },
          "Organization":{
            "OrgFullName":"National Cancer Institute (NCI)",
            "OrgClass":"NIH"
          },
          "BriefTitle":"Vaccine Therapy With or Without Interleukin-2 in Treating Patients With Locally Advanced or Metastatic Colorectal Cancer",
          "OfficialTitle":"A Phase I/II Trial of Vaccination With Mutant Ras Peptide-Pulsed Dendritic Cells in the Treatment of HLA A2.1 Positive Patients With Colorectal Cancer"
        },
        "StatusModule":{
          "StatusVerifiedDate":"November 2005",
          "OverallStatus":"Completed",
          "StartDateStruct":{
            "StartDate":"March 1999"
          },
          "CompletionDateStruct":{
            "CompletionDate":"November 2005",
            "CompletionDateType":"Actual"
          },
          "StudyFirstSubmitDate":"July 11, 2001",
          "StudyFirstSubmitQCDate":"January 26, 2003",
          "StudyFirstPostDateStruct":{
            "StudyFirstPostDate":"January 27, 2003",
            "StudyFirstPostDateType":"Estimate"
          },
          "LastUpdateSubmitDate":"June 19, 2013",
          "LastUpdatePostDateStruct":{
            "LastUpdatePostDate":"June 20, 2013",
            "LastUpdatePostDateType":"Estimate"
          }
        },
        "SponsorCollaboratorsModule":{
          "LeadSponsor":{
            "LeadSponsorName":"National Cancer Institute (NCI)",
            "LeadSponsorClass":"NIH"
          }
        },
        "OversightModule":{},
        "DescriptionModule":{
          "BriefSummary":"RATIONALE: Vaccines may make the body build an immune response that will kill cancer cells. Combining vaccine therapy with interleukin-2 may kill more cancer cells.\n\nPURPOSE: Phase I/II trial to study the effectiveness of vaccine therapy with or without interleukin-2 in treating patients who have locally advanced or metastatic colorectal cancer.",
          "DetailedDescription":"OBJECTIVES:\n\nDetermine the frequency of immunologic response in patients with locally advanced or metastatic colorectal cancer treated with ras peptide-pulsed dendritic cell vaccine with or without interleukin-2.\nDetermine the tumor response and survival time in patients with metastatic colorectal cancer treated with vaccine plus interleukin-2.\nDetermine the time to progression in patients with locally advanced colorectal cancer treated with adjuvant vaccine.\n\nOUTLINE: Patients are assigned to 1 of 2 treatment groups according to extent of disease. Patients with prior locally advanced disease are assigned to treatment group A, while those with metastatic disease are assigned to treatment group B.\n\nGroup A: Patients are vaccinated against influenza on day -6. Patients undergo collection of peripheral blood mononuclear cells (PBMC) on day -4. The PBMC are cultured with sargramostim (GM-CSF) and interleukin-4 for 5 days and CD40 ligand for 24 hours and then pulsed for 2 hours with the appropriate peptide to form a vaccine. Patients receive ras peptide-pulsed dendritic cell vaccine IV over 5 minutes on days 1, 15, 29, 43, and 57.\nGroup B: Patients undergo collection of PBMC and receive vaccination as in group A. Patients also receive interleukin-2 subcutaneously on days 2-6 and 9-13.\n\nTreatment in both groups repeats every 2 weeks for up to 5 vaccinations in the absence of disease progression or unacceptable toxicity.\n\nPatients are followed on days 75, 90, 120, and 365.\n\nPROJECTED ACCRUAL: A total of 500 patients will be accrued for this study within 3 years."
        },
        "ConditionsModule":{
          "ConditionList":{
            "Condition":[
              "Colorectal Cancer"
            ]
          },
          "KeywordList":{
            "Keyword":[
              "stage III colon cancer",
              "stage IV colon cancer",
              "stage III rectal cancer",
              "stage IV rectal cancer",
              "recurrent colon cancer",
              "recurrent rectal cancer"
            ]
          }
        },
        "DesignModule":{
          "StudyType":"Interventional",
          "PhaseList":{
            "Phase":[
              "Phase 1",
              "Phase 2"
            ]
          },
          "DesignInfo":{
            "DesignPrimaryPurpose":"Treatment"
          }
        },
        "ArmsInterventionsModule":{
          "InterventionList":{
            "Intervention":[
              {
                "InterventionType":"Biological",
                "InterventionName":"aldesleukin"
              },{
                "InterventionType":"Biological",
                "InterventionName":"ras peptide cancer vaccine"
              },{
                "InterventionType":"Procedure",
                "InterventionName":"adjuvant therapy"
              }
            ]
          }
        },
        "OutcomesModule":{
          "PrimaryOutcomeList":{
            "PrimaryOutcome":[
              {
                "PrimaryOutcomeMeasure":"Response rate every 3 months for up to a year after completion of study treatment"
              }
            ]
          }
        },
        "EligibilityModule":{
          "EligibilityCriteria":"DISEASE CHARACTERISTICS:\n\nHistologically confirmed locally advanced or metastatic colorectal cancer\nMetastatic disease must be radiologically proven\nHLA-A2-1 positive\nLocally advanced disease must have had prior resection or incomplete resection with poor prognosis\n\nLocally advanced disease includes:\n\nStage III or IV colon cancer (T4 or any T, N2-3, M0)\nStage III or IV rectal cancer (T4 or T3, N1-3)\nResectable or unresectable T4 disease after radiotherapy, chemotherapy, and/or surgery\nAbsence of measurable disease but more than a 50% chance of recurrence\nCompletely resected or locally advanced disease may have had conventional therapy completed within 1-12 months (surgery alone, with or without adjuvant chemotherapy and/or radiotherapy) prior to study entry\n\nMetastatic disease patients must have bidimensionally measurable disease\n\nBone lesions with well-demarcated borders allowed\nLesions seen only on bone scan, pleural effusions, ascites, and changes in carcinoembryonic antigen are not considered measurable disease\n\nPATIENT CHARACTERISTICS:\n\nAge:\n\nOver 18\n\nPerformance status:\n\nECOG 0-1\n\nLife expectancy:\n\nNot specified\n\nHematopoietic:\n\nLymphocyte count at least 470/mm^3\nGranulocyte count at least 1,000/mm^3\nPlatelet count at least 100,000/mm^3\n\nHepatic:\n\nBilirubin no greater than 2.0 mg/dL*\nSGOT no greater than 4 times upper limit of normal (ULN) (2.5 times ULN for adjuvant patients)*\nAlbumin at least 3 g/dL\nNo active viral hepatitis\nNo evidence of chronic infection due to hepatitis C\nHepatitis B surface antigen negative NOTE: *Unless due to metastatic disease\n\nRenal:\n\nCreatinine no greater than 2.0 mg/dL\n\nCardiovascular:\n\nNo history of cardiac failure, significant arrhythmias, or coronary artery disease (metastatic disease patients only)\n\nOther:\n\nNot pregnant or nursing\nFertile patients must use effective contraception\nHIV negative\nNo prior malignancy with a 50% chance of recurrence within 5 years except nonmelanomatous skin cancer or carcinoma in situ of the cervix\nNo medical or psychiatric condition that would preclude compliance\nNo serious medical condition that would preclude apheresis\nNo serious infection\nNo uncontrolled thyroid disease (metastatic disease patients only)\nPatients with an allergy to eggs are allowed but are not vaccinated against influenza during study\n\nPRIOR CONCURRENT THERAPY:\n\nBiologic therapy:\n\nNo prior immunologic therapy directed at the cellular immune system\n\nChemotherapy:\n\nSee Disease Characteristics\nPrior chemotherapy for metastatic disease allowed\nAt least 4 weeks since prior chemotherapy\nNo concurrent chemotherapy or anticipated need for chemotherapy for 2 months after vaccinations\n\nEndocrine therapy:\n\nAt least 4 weeks since prior supraphysiologic steroid therapy\n\nRadiotherapy:\n\nSee Disease Characteristics\nPrior radiotherapy for metastatic disease allowed\nNo concurrent radiotherapy\n\nSurgery:\n\nSee Disease Characteristics\nPrior surgery for metastatic disease allowed",
          "HealthyVolunteers":"No",
          "Gender":"All",
          "MinimumAge":"18 Years",
          "StdAgeList":{
            "StdAge":[
              "Adult",
              "Older Adult"
            ]
          }
        },
        "ContactsLocationsModule":{
          "OverallOfficialList":{
            "OverallOfficial":[
              {
                "OverallOfficialName":"John E. Janik, MD",
                "OverallOfficialAffiliation":"NCI - Metabolism Branch;MET",
                "OverallOfficialRole":"Study Chair"
              }
            ]
          },
          "LocationList":{
            "Location":[
              {
                "LocationFacility":"Warren Grant Magnuson Clinical Center - NCI Clinical Studies Support",
                "LocationCity":"Bethesda",
                "LocationState":"Maryland",
                "LocationZip":"20892-1182",
                "LocationCountry":"United States"
              },{
                "LocationFacility":"Vanderbilt-Ingram Cancer Center",
                "LocationCity":"Nashville",
                "LocationState":"Tennessee",
                "LocationZip":"37232-6838",
                "LocationCountry":"United States"
              }
            ]
          }
        }
      },
      "DerivedSection":{
        "MiscInfoModule":{
          "VersionHolder":"April 19, 2021"
        },
        "ConditionBrowseModule":{
          "ConditionMeshList":{
            "ConditionMesh":[
              {
                "ConditionMeshId":"D000015179",
                "ConditionMeshTerm":"Colorectal Neoplasms"
              }
            ]
          },
          "ConditionAncestorList":{
            "ConditionAncestor":[
              {
                "ConditionAncestorId":"D000007414",
                "ConditionAncestorTerm":"Intestinal Neoplasms"
              },{
                "ConditionAncestorId":"D000005770",
                "ConditionAncestorTerm":"Gastrointestinal Neoplasms"
              },{
                "ConditionAncestorId":"D000004067",
                "ConditionAncestorTerm":"Digestive System Neoplasms"
              },{
                "ConditionAncestorId":"D000009371",
                "ConditionAncestorTerm":"Neoplasms by Site"
              },{
                "ConditionAncestorId":"D000009369",
                "ConditionAncestorTerm":"Neoplasms"
              },{
                "ConditionAncestorId":"D000004066",
                "ConditionAncestorTerm":"Digestive System Diseases"
              },{
                "ConditionAncestorId":"D000005767",
                "ConditionAncestorTerm":"Gastrointestinal Diseases"
              },{
                "ConditionAncestorId":"D000003108",
                "ConditionAncestorTerm":"Colonic Diseases"
              },{
                "ConditionAncestorId":"D000007410",
                "ConditionAncestorTerm":"Intestinal Diseases"
              },{
                "ConditionAncestorId":"D000012002",
                "ConditionAncestorTerm":"Rectal Diseases"
              }
            ]
          },
          "ConditionBrowseLeafList":{
            "ConditionBrowseLeaf":[
              {
                "ConditionBrowseLeafId":"M16473",
                "ConditionBrowseLeafName":"Colorectal Neoplasms",
                "ConditionBrowseLeafAsFound":"Colorectal Cancer",
                "ConditionBrowseLeafRelevance":"high"
              },{
                "ConditionBrowseLeafId":"M9031",
                "ConditionBrowseLeafName":"Intestinal Neoplasms",
                "ConditionBrowseLeafRelevance":"low"
              },{
                "ConditionBrowseLeafId":"M7469",
                "ConditionBrowseLeafName":"Gastrointestinal Neoplasms",
                "ConditionBrowseLeafRelevance":"low"
              },{
                "ConditionBrowseLeafId":"M5839",
                "ConditionBrowseLeafName":"Digestive System Neoplasms",
                "ConditionBrowseLeafRelevance":"low"
              },{
                "ConditionBrowseLeafId":"M5838",
                "ConditionBrowseLeafName":"Digestive System Diseases",
                "ConditionBrowseLeafRelevance":"low"
              },{
                "ConditionBrowseLeafId":"M7466",
                "ConditionBrowseLeafName":"Gastrointestinal Diseases",
                "ConditionBrowseLeafRelevance":"low"
              },{
                "ConditionBrowseLeafId":"M4919",
                "ConditionBrowseLeafName":"Colonic Diseases",
                "ConditionBrowseLeafRelevance":"low"
              },{
                "ConditionBrowseLeafId":"M9027",
                "ConditionBrowseLeafName":"Intestinal Diseases",
                "ConditionBrowseLeafRelevance":"low"
              },{
                "ConditionBrowseLeafId":"M13427",
                "ConditionBrowseLeafName":"Rectal Diseases",
                "ConditionBrowseLeafRelevance":"low"
              }
            ]
          },
          "ConditionBrowseBranchList":{
            "ConditionBrowseBranch":[
              {
                "ConditionBrowseBranchAbbrev":"BC04",
                "ConditionBrowseBranchName":"Cancers and Other Neoplasms"
              },{
                "ConditionBrowseBranchAbbrev":"BC06",
                "ConditionBrowseBranchName":"Digestive System Diseases"
              },{
                "ConditionBrowseBranchAbbrev":"All",
                "ConditionBrowseBranchName":"All Conditions"
              }
            ]
          }
        },
        "InterventionBrowseModule":{
          "InterventionMeshList":{
            "InterventionMesh":[
              {
                "InterventionMeshId":"C000082598",
                "InterventionMeshTerm":"Aldesleukin"
              }
            ]
          },
          "InterventionAncestorList":{
            "InterventionAncestor":[
              {
                "InterventionAncestorId":"D000000970",
                "InterventionAncestorTerm":"Antineoplastic Agents"
              },{
                "InterventionAncestorId":"D000019380",
                "InterventionAncestorTerm":"Anti-HIV Agents"
              },{
                "InterventionAncestorId":"D000044966",
                "InterventionAncestorTerm":"Anti-Retroviral Agents"
              },{
                "InterventionAncestorId":"D000000998",
                "InterventionAncestorTerm":"Antiviral Agents"
              },{
                "InterventionAncestorId":"D000000890",
                "InterventionAncestorTerm":"Anti-Infective Agents"
              }
            ]
          },
          "InterventionBrowseLeafList":{
            "InterventionBrowseLeaf":[
              {
                "InterventionBrowseLeafId":"M15943",
                "InterventionBrowseLeafName":"Vaccines",
                "InterventionBrowseLeafRelevance":"low"
              },{
                "InterventionBrowseLeafId":"M8994",
                "InterventionBrowseLeafName":"Interleukin-2",
                "InterventionBrowseLeafRelevance":"low"
              },{
                "InterventionBrowseLeafId":"M233128",
                "InterventionBrowseLeafName":"Aldesleukin",
                "InterventionBrowseLeafAsFound":"Intubation",
                "InterventionBrowseLeafRelevance":"high"
              },{
                "InterventionBrowseLeafId":"M19934",
                "InterventionBrowseLeafName":"Anti-HIV Agents",
                "InterventionBrowseLeafRelevance":"low"
              },{
                "InterventionBrowseLeafId":"M24015",
                "InterventionBrowseLeafName":"Anti-Retroviral Agents",
                "InterventionBrowseLeafRelevance":"low"
              },{
                "InterventionBrowseLeafId":"M2895",
                "InterventionBrowseLeafName":"Antiviral Agents",
                "InterventionBrowseLeafRelevance":"low"
              },{
                "InterventionBrowseLeafId":"M2795",
                "InterventionBrowseLeafName":"Anti-Infective Agents",
                "InterventionBrowseLeafRelevance":"low"
              },{
                "InterventionBrowseLeafId":"T120",
                "InterventionBrowseLeafName":"Cola",
                "InterventionBrowseLeafRelevance":"low"
              }
            ]
          },
          "InterventionBrowseBranchList":{
            "InterventionBrowseBranch":[
              {
                "InterventionBrowseBranchAbbrev":"All",
                "InterventionBrowseBranchName":"All Drugs and Chemicals"
              },{
                "InterventionBrowseBranchAbbrev":"ANeo",
                "InterventionBrowseBranchName":"Antineoplastic Agents"
              },{
                "InterventionBrowseBranchAbbrev":"Analg",
                "InterventionBrowseBranchName":"Analgesics"
              },{
                "InterventionBrowseBranchAbbrev":"Infe",
                "InterventionBrowseBranchName":"Anti-Infective Agents"
              },{
                "InterventionBrowseBranchAbbrev":"HB",
                "InterventionBrowseBranchName":"Herbal and Botanical"
              }
            ]
          }
        }
      }
    }
  }
}

