{
  "FullStudy":{
    "Rank":368472,
    "Study":{
      "ProtocolSection":{
        "IdentificationModule":{
          "NCTId":"NCT00016016",
          "OrgStudyIdInfo":{
            "OrgStudyId":"NCI-2012-03153"
          },
          "SecondaryIdInfoList":{
            "SecondaryIdInfo":[
              {
                "SecondaryId":"NCI-2012-03153",
                "SecondaryIdType":"Registry Identifier",
                "SecondaryIdDomain":"CTRP (Clinical Trial Reporting Program)"
              },{
                "SecondaryId":"MSGCC-0052"
              },{
                "SecondaryId":"NCI-3170"
              },{
                "SecondaryId":"JHOC-J0254"
              },{
                "SecondaryId":"J0254",
                "SecondaryIdType":"Other Identifier",
                "SecondaryIdDomain":"Johns Hopkins University"
              },{
                "SecondaryId":"3170",
                "SecondaryIdType":"Other Identifier",
                "SecondaryIdDomain":"CTEP"
              },{
                "SecondaryId":"U01CA070095",
                "SecondaryIdType":"U.S. NIH Grant/Contract",
                "SecondaryIdLink":"https://projectreporter.nih.gov/reporterapi.cfm?PROJECTNUM=U01CA070095&Fy=all"
              },{
                "SecondaryId":"U01CA069854",
                "SecondaryIdType":"U.S. NIH Grant/Contract",
                "SecondaryIdLink":"https://projectreporter.nih.gov/reporterapi.cfm?PROJECTNUM=U01CA069854&Fy=all"
              }
            ]
          },
          "Organization":{
            "OrgFullName":"National Cancer Institute (NCI)",
            "OrgClass":"NIH"
          },
          "BriefTitle":"Flavopiridol, Cytarabine, and Mitoxantrone in Treating Patients With Acute Leukemia",
          "OfficialTitle":"A Phase I/II Study of Flavopiridol (NSC 649890, IND 46,211) in Timed Sequential Combination With Cytosine Arabinoside (Ara-C) and Mitoxantrone for Adults With Poor-Risk Acute Leukemias"
        },
        "StatusModule":{
          "StatusVerifiedDate":"October 2013",
          "OverallStatus":"Completed",
          "ExpandedAccessInfo":{
            "HasExpandedAccess":"No"
          },
          "StartDateStruct":{
            "StartDate":"February 2001"
          },
          "PrimaryCompletionDateStruct":{
            "PrimaryCompletionDate":"November 2006",
            "PrimaryCompletionDateType":"Actual"
          },
          "StudyFirstSubmitDate":"May 6, 2001",
          "StudyFirstSubmitQCDate":"January 26, 2003",
          "StudyFirstPostDateStruct":{
            "StudyFirstPostDate":"January 27, 2003",
            "StudyFirstPostDateType":"Estimate"
          },
          "LastUpdateSubmitDate":"October 7, 2013",
          "LastUpdatePostDateStruct":{
            "LastUpdatePostDate":"October 8, 2013",
            "LastUpdatePostDateType":"Estimate"
          }
        },
        "SponsorCollaboratorsModule":{
          "ResponsibleParty":{
            "ResponsiblePartyType":"Sponsor"
          },
          "LeadSponsor":{
            "LeadSponsorName":"National Cancer Institute (NCI)",
            "LeadSponsorClass":"NIH"
          }
        },
        "OversightModule":{},
        "DescriptionModule":{
          "BriefSummary":"Phase II trial to study the effectiveness of combining flavopiridol and cytarabine with mitoxantrone in treating patients who have acute leukemia. Drugs used in chemotherapy work in different ways to stop cancer cells from dividing so they stop growing or die. Combining more than one drug may kill more cancer cells.",
          "DetailedDescription":"PRIMARY OBJECTIVES:\n\nI. To determine the toxicities of escalating doses of flavopiridol administered in a timed sequence with ara-C and mitoxantrone in adults with refractory or relapsed acute leukemias or high-risk myelodysplasias (MDS).\n\nII. To determine if flavopiridol administered in a timed sequence with ara-C and Mitoxantrone will induce clinical responses in adults with refractory or relapsed acute leukemias or MDS.\n\nIII. To determine if flavopiridol is directly cytotoxic to leukemic blasts in vivo.\n\nIV. To determine if flavopiridol can recruit and synchronize residual leukemic blasts to proliferate in vivo.\n\nOUTLINE: This is a dose-escalation study of flavopiridol. (Phase I closed to accrual effective10/24/2003).\n\nPatients receive flavopiridol IV over 1 hour on days 1-3 and cytarabine IV continuously on days 6-9 followed by mitoxantrone IV over 30-150 minutes on day 9. Patients achieving a partial or complete response after the first course of therapy may receive an additional course of therapy beginning 35 ± 7 days after blood count recovery.\n\nCohorts of 3-6 patients receive escalating doses of flavopiridol until the maximum tolerated dose (MTD) is determined. The MTD is defined as the dose preceding that at which at least 2 of 3 or 2 of 6 patients experience dose-limiting toxicity. (Phase I closed to accrual effective 10/24/2003). Once the MTD is reached, additional patients are accrued to receive flavopiridol at the recommended phase II dose."
        },
        "ConditionsModule":{
          "ConditionList":{
            "Condition":[
              "Recurrent Adult Acute Lymphoblastic Leukemia",
              "Recurrent Adult Acute Myeloid Leukemia",
              "Secondary Acute Myeloid Leukemia",
              "Untreated Adult Acute Lymphoblastic Leukemia",
              "Untreated Adult Acute Myeloid Leukemia"
            ]
          }
        },
        "DesignModule":{
          "StudyType":"Interventional",
          "PhaseList":{
            "Phase":[
              "Phase 1",
              "Phase 2"
            ]
          },
          "DesignInfo":{
            "DesignAllocation":"N/A",
            "DesignInterventionModel":"Single Group Assignment",
            "DesignPrimaryPurpose":"Treatment",
            "DesignMaskingInfo":{
              "DesignMasking":"None (Open Label)"
            }
          },
          "EnrollmentInfo":{
            "EnrollmentCount":"53",
            "EnrollmentType":"Anticipated"
          }
        },
        "ArmsInterventionsModule":{
          "ArmGroupList":{
            "ArmGroup":[
              {
                "ArmGroupLabel":"Treatment (flavopiridol, cytarabine, mitoxantrone)",
                "ArmGroupType":"Experimental",
                "ArmGroupDescription":"Patients receive flavopiridol IV over 1 hour on days 1-3 and cytarabine IV continuously on days 6-9 followed by mitoxantrone IV over 30-150 minutes on day 9. Patients achieving a partial or complete response after the first course of therapy may receive an additional course of therapy beginning 35 ± 7 days after blood count recovery.",
                "ArmGroupInterventionList":{
                  "ArmGroupInterventionName":[
                    "Drug: cytarabine",
                    "Drug: mitoxantrone hydrochloride",
                    "Drug: alvocidib",
                    "Other: pharmacological study",
                    "Other: laboratory procedure"
                  ]
                }
              }
            ]
          },
          "InterventionList":{
            "Intervention":[
              {
                "InterventionType":"Drug",
                "InterventionName":"cytarabine",
                "InterventionDescription":"Given IV",
                "InterventionArmGroupLabelList":{
                  "InterventionArmGroupLabel":[
                    "Treatment (flavopiridol, cytarabine, mitoxantrone)"
                  ]
                }
              },{
                "InterventionType":"Drug",
                "InterventionName":"mitoxantrone hydrochloride",
                "InterventionDescription":"Given IV",
                "InterventionArmGroupLabelList":{
                  "InterventionArmGroupLabel":[
                    "Treatment (flavopiridol, cytarabine, mitoxantrone)"
                  ]
                }
              },{
                "InterventionType":"Drug",
                "InterventionName":"alvocidib",
                "InterventionDescription":"Given IV",
                "InterventionArmGroupLabelList":{
                  "InterventionArmGroupLabel":[
                    "Treatment (flavopiridol, cytarabine, mitoxantrone)"
                  ]
                }
              },{
                "InterventionType":"Other",
                "InterventionName":"pharmacological study",
                "InterventionDescription":"Correlative studies",
                "InterventionArmGroupLabelList":{
                  "InterventionArmGroupLabel":[
                    "Treatment (flavopiridol, cytarabine, mitoxantrone)"
                  ]
                }
              },{
                "InterventionType":"Other",
                "InterventionName":"laboratory procedure",
                "InterventionDescription":"Correlative studies",
                "InterventionArmGroupLabelList":{
                  "InterventionArmGroupLabel":[
                    "Treatment (flavopiridol, cytarabine, mitoxantrone)"
                  ]
                }
              }
            ]
          }
        },
        "OutcomesModule":{
          "PrimaryOutcomeList":{
            "PrimaryOutcome":[
              {
                "PrimaryOutcomeMeasure":"Dose-limiting toxicity (DLT) as assessed by NCI CTC version 2.0",
                "PrimaryOutcomeTimeFrame":"Up to 35 days"
              },{
                "PrimaryOutcomeMeasure":"Complete remission (CR)",
                "PrimaryOutcomeTimeFrame":"Up to 6 years"
              }
            ]
          }
        },
        "EligibilityModule":{
          "EligibilityCriteria":"Inclusion Criteria:\n\nEstablished diagnoses of poor-risk hematologic malignancies will be considered eligible for this Phase I/II study\nPathological confirmation of the diagnosis of AML or ALL\nECOG performance status 0,1,2\nPatients must be able to give informed consent\nFemale patients of childbearing age must have negative pregnancy test\nAST and ALT =< 2.5 x normal\nAlkaline phosphatase =< 2.5 x normal\nBilirubin =< 1.5 x normal\nSerum creatinine =< 2.0 mg/dl\nLeft ventricular ejection fraction must >= 45% by MUGA or Echocardiogram\n\nAcute Myelogenous Leukemia (AML)\n\nAML arising from MDS\nSecondary AML\nRelapsed or refractory AML, including primary induction failure\n\nAcute Lymphoblastic Leukemia (ALL)\n\nRelapsed or refractory ALL, including primary induction failure\nPatients who fail primary induction therapy or who relapse after achieving complete remission (CR) are eligible if they have undergone no more than 3 prior courses of induction/reinduction\nThere should be an interval of at least 4 weeks from any previous intensive chemotherapy before beginning flavopiridol, with the exceptions non-aplasia producing treatments (i.e. hydroxyurea, interferon, imatinib, 6MP, thalidomide); patients should have recovered completely from any treatment-related toxicities; patients may have received hematopoietic growth factors previously, but must be off all growth factors (including EPO, G-CSF, GM-CSF, IL-3, IL-11) for at least 4 days prior to beginning flavopiridol\nPatients who have undergone stem cell transplantation (SCT), autologous or allogeneic, are eligible provided that they are >= 4 weeks from stem cell infusion, have no active GVHD, and meet other eligibility criteria\n\nExclusion Criteria:\n\nHyperleukocytosis with >= 50,000 leukemic blasts/mm^3\nActive, uncontrolled infection\nDisseminated intravascular coagulation\nActive CNS leukemia\nConcomitant chemotherapy, radiation therapy or immunotherapy\nIntrinsic impaired cardiac function (MI within the preceding 3 months or history of severe coronary artery disease, cardiomyopathy, CHF > Class II)\nHistory of congestive heart disease, or arrhythmia without regard to time, severity or resolution\nWomen who are pregnant or lactating will not be eligible for this trial, as the investigational agent may be harmful to the developing fetus or nursing infant",
          "HealthyVolunteers":"No",
          "Gender":"All",
          "MinimumAge":"18 Years",
          "StdAgeList":{
            "StdAge":[
              "Adult",
              "Older Adult"
            ]
          }
        },
        "ContactsLocationsModule":{
          "OverallOfficialList":{
            "OverallOfficial":[
              {
                "OverallOfficialName":"Judith Karp",
                "OverallOfficialAffiliation":"Johns Hopkins University",
                "OverallOfficialRole":"Principal Investigator"
              }
            ]
          },
          "LocationList":{
            "Location":[
              {
                "LocationFacility":"Johns Hopkins University",
                "LocationCity":"Baltimore",
                "LocationState":"Maryland",
                "LocationZip":"21287-8936",
                "LocationCountry":"United States"
              }
            ]
          }
        }
      },
      "DerivedSection":{
        "MiscInfoModule":{
          "VersionHolder":"April 19, 2021"
        },
        "ConditionBrowseModule":{
          "ConditionMeshList":{
            "ConditionMesh":[
              {
                "ConditionMeshId":"D000007938",
                "ConditionMeshTerm":"Leukemia"
              },{
                "ConditionMeshId":"D000007951",
                "ConditionMeshTerm":"Leukemia, Myeloid"
              },{
                "ConditionMeshId":"D000015470",
                "ConditionMeshTerm":"Leukemia, Myeloid, Acute"
              },{
                "ConditionMeshId":"D000054198",
                "ConditionMeshTerm":"Precursor Cell Lymphoblastic Leukemia-Lymphoma"
              },{
                "ConditionMeshId":"D000007945",
                "ConditionMeshTerm":"Leukemia, Lymphoid"
              }
            ]
          },
          "ConditionAncestorList":{
            "ConditionAncestor":[
              {
                "ConditionAncestorId":"D000009370",
                "ConditionAncestorTerm":"Neoplasms by Histologic Type"
              },{
                "ConditionAncestorId":"D000009369",
                "ConditionAncestorTerm":"Neoplasms"
              },{
                "ConditionAncestorId":"D000008232",
                "ConditionAncestorTerm":"Lymphoproliferative Disorders"
              },{
                "ConditionAncestorId":"D000008206",
                "ConditionAncestorTerm":"Lymphatic Diseases"
              },{
                "ConditionAncestorId":"D000007160",
                "ConditionAncestorTerm":"Immunoproliferative Disorders"
              },{
                "ConditionAncestorId":"D000007154",
                "ConditionAncestorTerm":"Immune System Diseases"
              }
            ]
          },
          "ConditionBrowseLeafList":{
            "ConditionBrowseLeaf":[
              {
                "ConditionBrowseLeafId":"M9528",
                "ConditionBrowseLeafName":"Leukemia",
                "ConditionBrowseLeafAsFound":"Leukemia",
                "ConditionBrowseLeafRelevance":"high"
              },{
                "ConditionBrowseLeafId":"M9538",
                "ConditionBrowseLeafName":"Leukemia, Myeloid",
                "ConditionBrowseLeafAsFound":"Myeloid Leukemia",
                "ConditionBrowseLeafRelevance":"high"
              },{
                "ConditionBrowseLeafId":"M16710",
                "ConditionBrowseLeafName":"Leukemia, Myeloid, Acute",
                "ConditionBrowseLeafAsFound":"Acute Myeloid Leukemia",
                "ConditionBrowseLeafRelevance":"high"
              },{
                "ConditionBrowseLeafId":"M9534",
                "ConditionBrowseLeafName":"Leukemia, Lymphoid",
                "ConditionBrowseLeafAsFound":"Lymphoblastic Leukemia",
                "ConditionBrowseLeafRelevance":"high"
              },{
                "ConditionBrowseLeafId":"M10890",
                "ConditionBrowseLeafName":"Neoplasm Metastasis",
                "ConditionBrowseLeafRelevance":"low"
              },{
                "ConditionBrowseLeafId":"M26172",
                "ConditionBrowseLeafName":"Precursor Cell Lymphoblastic Leukemia-Lymphoma",
                "ConditionBrowseLeafAsFound":"Acute Lymphoblastic Leukemia",
                "ConditionBrowseLeafRelevance":"high"
              },{
                "ConditionBrowseLeafId":"M9803",
                "ConditionBrowseLeafName":"Lymphoma",
                "ConditionBrowseLeafRelevance":"low"
              },{
                "ConditionBrowseLeafId":"M10898",
                "ConditionBrowseLeafName":"Neoplasms by Histologic Type",
                "ConditionBrowseLeafRelevance":"low"
              },{
                "ConditionBrowseLeafId":"M9808",
                "ConditionBrowseLeafName":"Lymphoproliferative Disorders",
                "ConditionBrowseLeafRelevance":"low"
              },{
                "ConditionBrowseLeafId":"M9786",
                "ConditionBrowseLeafName":"Lymphatic Diseases",
                "ConditionBrowseLeafRelevance":"low"
              },{
                "ConditionBrowseLeafId":"M8789",
                "ConditionBrowseLeafName":"Immunoproliferative Disorders",
                "ConditionBrowseLeafRelevance":"low"
              },{
                "ConditionBrowseLeafId":"M8783",
                "ConditionBrowseLeafName":"Immune System Diseases",
                "ConditionBrowseLeafRelevance":"low"
              },{
                "ConditionBrowseLeafId":"T3995",
                "ConditionBrowseLeafName":"Myeloid Leukemia",
                "ConditionBrowseLeafAsFound":"Myeloid Leukemia",
                "ConditionBrowseLeafRelevance":"high"
              },{
                "ConditionBrowseLeafId":"T182",
                "ConditionBrowseLeafName":"Acute Myeloid Leukemia",
                "ConditionBrowseLeafAsFound":"Acute Myeloid Leukemia",
                "ConditionBrowseLeafRelevance":"high"
              },{
                "ConditionBrowseLeafId":"T188",
                "ConditionBrowseLeafName":"Acute Non Lymphoblastic Leukemia",
                "ConditionBrowseLeafAsFound":"Acute Myeloid Leukemia",
                "ConditionBrowseLeafRelevance":"high"
              },{
                "ConditionBrowseLeafId":"T175",
                "ConditionBrowseLeafName":"Acute Lymphoblastic Leukemia",
                "ConditionBrowseLeafAsFound":"Acute Lymphoblastic Leukemia",
                "ConditionBrowseLeafRelevance":"high"
              },{
                "ConditionBrowseLeafId":"T3533",
                "ConditionBrowseLeafName":"Lymphoblastic Lymphoma",
                "ConditionBrowseLeafAsFound":"Acute Lymphoblastic Leukemia",
                "ConditionBrowseLeafRelevance":"high"
              },{
                "ConditionBrowseLeafId":"T3543",
                "ConditionBrowseLeafName":"Lymphosarcoma",
                "ConditionBrowseLeafRelevance":"low"
              }
            ]
          },
          "ConditionBrowseBranchList":{
            "ConditionBrowseBranch":[
              {
                "ConditionBrowseBranchAbbrev":"BC04",
                "ConditionBrowseBranchName":"Cancers and Other Neoplasms"
              },{
                "ConditionBrowseBranchAbbrev":"All",
                "ConditionBrowseBranchName":"All Conditions"
              },{
                "ConditionBrowseBranchAbbrev":"BC15",
                "ConditionBrowseBranchName":"Blood and Lymph Conditions"
              },{
                "ConditionBrowseBranchAbbrev":"BC20",
                "ConditionBrowseBranchName":"Immune System Diseases"
              },{
                "ConditionBrowseBranchAbbrev":"BC23",
                "ConditionBrowseBranchName":"Symptoms and General Pathology"
              },{
                "ConditionBrowseBranchAbbrev":"Rare",
                "ConditionBrowseBranchName":"Rare Diseases"
              }
            ]
          }
        },
        "InterventionBrowseModule":{
          "InterventionMeshList":{
            "InterventionMesh":[
              {
                "InterventionMeshId":"D000003561",
                "InterventionMeshTerm":"Cytarabine"
              },{
                "InterventionMeshId":"D000008942",
                "InterventionMeshTerm":"Mitoxantrone"
              },{
                "InterventionMeshId":"C000077990",
                "InterventionMeshTerm":"Alvocidib"
              }
            ]
          },
          "InterventionAncestorList":{
            "InterventionAncestor":[
              {
                "InterventionAncestorId":"D000000964",
                "InterventionAncestorTerm":"Antimetabolites, Antineoplastic"
              },{
                "InterventionAncestorId":"D000000963",
                "InterventionAncestorTerm":"Antimetabolites"
              },{
                "InterventionAncestorId":"D000045504",
                "InterventionAncestorTerm":"Molecular Mechanisms of Pharmacological Action"
              },{
                "InterventionAncestorId":"D000000970",
                "InterventionAncestorTerm":"Antineoplastic Agents"
              },{
                "InterventionAncestorId":"D000000998",
                "InterventionAncestorTerm":"Antiviral Agents"
              },{
                "InterventionAncestorId":"D000000890",
                "InterventionAncestorTerm":"Anti-Infective Agents"
              },{
                "InterventionAncestorId":"D000007166",
                "InterventionAncestorTerm":"Immunosuppressive Agents"
              },{
                "InterventionAncestorId":"D000007155",
                "InterventionAncestorTerm":"Immunologic Factors"
              },{
                "InterventionAncestorId":"D000045505",
                "InterventionAncestorTerm":"Physiological Effects of Drugs"
              },{
                "InterventionAncestorId":"D000000700",
                "InterventionAncestorTerm":"Analgesics"
              },{
                "InterventionAncestorId":"D000018689",
                "InterventionAncestorTerm":"Sensory System Agents"
              },{
                "InterventionAncestorId":"D000018373",
                "InterventionAncestorTerm":"Peripheral Nervous System Agents"
              },{
                "InterventionAncestorId":"D000059005",
                "InterventionAncestorTerm":"Topoisomerase II Inhibitors"
              },{
                "InterventionAncestorId":"D000059003",
                "InterventionAncestorTerm":"Topoisomerase Inhibitors"
              },{
                "InterventionAncestorId":"D000004791",
                "InterventionAncestorTerm":"Enzyme Inhibitors"
              },{
                "InterventionAncestorId":"D000006131",
                "InterventionAncestorTerm":"Growth Inhibitors"
              },{
                "InterventionAncestorId":"D000006133",
                "InterventionAncestorTerm":"Growth Substances"
              },{
                "InterventionAncestorId":"D000047428",
                "InterventionAncestorTerm":"Protein Kinase Inhibitors"
              }
            ]
          },
          "InterventionBrowseLeafList":{
            "InterventionBrowseLeaf":[
              {
                "InterventionBrowseLeafId":"M5349",
                "InterventionBrowseLeafName":"Cytarabine",
                "InterventionBrowseLeafAsFound":"Diagnostic",
                "InterventionBrowseLeafRelevance":"high"
              },{
                "InterventionBrowseLeafId":"M10491",
                "InterventionBrowseLeafName":"Mitoxantrone",
                "InterventionBrowseLeafAsFound":"Intra-articular",
                "InterventionBrowseLeafRelevance":"high"
              },{
                "InterventionBrowseLeafId":"M201750",
                "InterventionBrowseLeafName":"Alvocidib",
                "InterventionBrowseLeafAsFound":"Washing",
                "InterventionBrowseLeafRelevance":"high"
              },{
                "InterventionBrowseLeafId":"M2862",
                "InterventionBrowseLeafName":"Antimetabolites",
                "InterventionBrowseLeafRelevance":"low"
              },{
                "InterventionBrowseLeafId":"M2895",
                "InterventionBrowseLeafName":"Antiviral Agents",
                "InterventionBrowseLeafRelevance":"low"
              },{
                "InterventionBrowseLeafId":"M2795",
                "InterventionBrowseLeafName":"Anti-Infective Agents",
                "InterventionBrowseLeafRelevance":"low"
              },{
                "InterventionBrowseLeafId":"M8795",
                "InterventionBrowseLeafName":"Immunosuppressive Agents",
                "InterventionBrowseLeafRelevance":"low"
              },{
                "InterventionBrowseLeafId":"M8784",
                "InterventionBrowseLeafName":"Immunologic Factors",
                "InterventionBrowseLeafRelevance":"low"
              },{
                "InterventionBrowseLeafId":"M2613",
                "InterventionBrowseLeafName":"Analgesics",
                "InterventionBrowseLeafRelevance":"low"
              },{
                "InterventionBrowseLeafId":"M24407",
                "InterventionBrowseLeafName":"Protein Kinase Inhibitors",
                "InterventionBrowseLeafRelevance":"low"
              }
            ]
          },
          "InterventionBrowseBranchList":{
            "InterventionBrowseBranch":[
              {
                "InterventionBrowseBranchAbbrev":"Infe",
                "InterventionBrowseBranchName":"Anti-Infective Agents"
              },{
                "InterventionBrowseBranchAbbrev":"ANeo",
                "InterventionBrowseBranchName":"Antineoplastic Agents"
              },{
                "InterventionBrowseBranchAbbrev":"All",
                "InterventionBrowseBranchName":"All Drugs and Chemicals"
              },{
                "InterventionBrowseBranchAbbrev":"Analg",
                "InterventionBrowseBranchName":"Analgesics"
              }
            ]
          }
        }
      }
    }
  }
}

