{
  "FullStudy":{
    "Rank":368371,
    "Study":{
      "ProtocolSection":{
        "IdentificationModule":{
          "NCTId":"NCT00017472",
          "OrgStudyIdInfo":{
            "OrgStudyId":"NCI-2012-01405"
          },
          "SecondaryIdInfoList":{
            "SecondaryIdInfo":[
              {
                "SecondaryId":"OSU 0101"
              },{
                "SecondaryId":"OSU-0101"
              },{
                "SecondaryId":"NCI-1254"
              },{
                "SecondaryId":"OSU-00H0230"
              },{
                "SecondaryId":"CDR0000068695"
              },{
                "SecondaryId":"U01CA076576",
                "SecondaryIdType":"U.S. NIH Grant/Contract",
                "SecondaryIdLink":"https://projectreporter.nih.gov/reporterapi.cfm?PROJECTNUM=U01CA076576&Fy=all"
              }
            ]
          },
          "Organization":{
            "OrgFullName":"National Cancer Institute (NCI)",
            "OrgClass":"NIH"
          },
          "BriefTitle":"Monoclonal Antibody Therapy in Treating Patients With Chronic Lymphocytic Leukemia, Lymphocytic Lymphoma, Acute Lymphoblastic Leukemia, or Acute Myeloid Leukemia",
          "OfficialTitle":"Phase I Study of Thrice Weekly Hu1D10*in Patients With Chronic Lymphocytic Leukemia/Small Lymphocytic Lymphoma and Acute Leukemia"
        },
        "StatusModule":{
          "StatusVerifiedDate":"June 2013",
          "OverallStatus":"Completed",
          "ExpandedAccessInfo":{
            "HasExpandedAccess":"No"
          },
          "StartDateStruct":{
            "StartDate":"April 2001"
          },
          "PrimaryCompletionDateStruct":{
            "PrimaryCompletionDate":"April 2006",
            "PrimaryCompletionDateType":"Actual"
          },
          "StudyFirstSubmitDate":"June 6, 2001",
          "StudyFirstSubmitQCDate":"January 26, 2003",
          "StudyFirstPostDateStruct":{
            "StudyFirstPostDate":"January 27, 2003",
            "StudyFirstPostDateType":"Estimate"
          },
          "LastUpdateSubmitDate":"June 3, 2013",
          "LastUpdatePostDateStruct":{
            "LastUpdatePostDate":"June 4, 2013",
            "LastUpdatePostDateType":"Estimate"
          }
        },
        "SponsorCollaboratorsModule":{
          "ResponsibleParty":{
            "ResponsiblePartyType":"Sponsor"
          },
          "LeadSponsor":{
            "LeadSponsorName":"National Cancer Institute (NCI)",
            "LeadSponsorClass":"NIH"
          }
        },
        "OversightModule":{},
        "DescriptionModule":{
          "BriefSummary":"Monoclonal antibodies can locate cancer cells and either kill them or deliver cancer-killing substances to them without harming normal cells. Phase I trial to study the effectiveness of monoclonal antibody therapy in treating patients who have chronic lymphocytic leukemia, lymphocytic lymphoma, acute lymphoblastic leukemia, or acute myeloid leukemia.",
          "DetailedDescription":"PRIMARY OBJECTIVES:\n\nI. Determine the maximum tolerated dose (MTD) or biological effective dose of monoclonal antibody Hu1D10 (apolizumab) in patients with previously treated chronic lymphocytic leukemia or small lymphocytic lymphoma.\n\nII. Determine the safety of this drug, in terms of frequency and severity of treatment-related adverse events, in this patient population.\n\nSECONDARY OBJECTIVES:\n\nI. Determine whether this drug has anti-leukemia/lymphoma activity in patients expressing the Hu1D10 antigen.\n\nII. Determine the pharmacokinetics of this drug in this patient population. III. Determine whether the infusion-related toxicity of this drug is secondary to cytokine release in these patients.\n\nIV. Determine whether the intensity of 1D10 target antigen on tumor cells is related to clinical response and treatment toxicity in these patients.\n\nV. Determine the pharmacodynamics of this drug in this patient population.\n\nOUTLINE: This is a dose-escalation, multicenter study. Patients are stratified according to diagnosis (chronic lymphocytic leukemia or small lymphocytic lymphoma vs acute lymphoblastic leukemia [ALL] or acute myeloid leukemia [AML]). Patients with ALL or AML are enrolled after the maximum tolerated dose (MTD) is determined.\n\nPatients receive apolizumab IV over at least 2 hours on days 1, 2, 3, 5, 8, 10, 12, 15, 17, 19, 22, 24, and 26. Treatment continues in the absence of disease progression or unacceptable toxicity. Patients with a complete or partial response who relapse after 2 months may receive an additional course of therapy provided they still express the 1D10 antigen.\n\nCohorts of 3-6 patients receive escalating doses of MOAB Hu1D10 until the MTD is determined. The MTD is defined as the dose preceding that at which 2 of 6 patients experience dose-limiting toxicity (DLT). If no DLT is observed, the biological effective dose (BED) is determined in the above cohorts. The BED is defined as the dose at which at least 4 of 6 patients experience an acceptable minimum trough level and clinical response. An additional 24 patients (12 per stratum) are treated at the MTD.\n\nPatients are followed at 1 week, 1 and 2 months, and then every 3 months for 1 year.\n\nPROJECTED ACCRUAL: A total of 35 patients (12 per stratum) will be accrued for this study."
        },
        "ConditionsModule":{
          "ConditionList":{
            "Condition":[
              "Extranodal Marginal Zone B-cell Lymphoma of Mucosa-associated Lymphoid Tissue",
              "Nodal Marginal Zone B-cell Lymphoma",
              "Noncontiguous Stage II Marginal Zone Lymphoma",
              "Noncontiguous Stage II Small Lymphocytic Lymphoma",
              "Recurrent Adult Acute Lymphoblastic Leukemia",
              "Recurrent Adult Acute Myeloid Leukemia",
              "Recurrent Marginal Zone Lymphoma",
              "Recurrent Small Lymphocytic Lymphoma",
              "Refractory Chronic Lymphocytic Leukemia",
              "Splenic Marginal Zone Lymphoma",
              "Stage III Marginal Zone Lymphoma",
              "Stage III Small Lymphocytic Lymphoma",
              "Stage IV Marginal Zone Lymphoma",
              "Stage IV Small Lymphocytic Lymphoma"
            ]
          }
        },
        "DesignModule":{
          "StudyType":"Interventional",
          "PhaseList":{
            "Phase":[
              "Phase 1"
            ]
          },
          "DesignInfo":{
            "DesignAllocation":"N/A",
            "DesignInterventionModel":"Single Group Assignment",
            "DesignPrimaryPurpose":"Treatment",
            "DesignMaskingInfo":{
              "DesignMasking":"None (Open Label)"
            }
          },
          "EnrollmentInfo":{
            "EnrollmentCount":"35",
            "EnrollmentType":"Anticipated"
          }
        },
        "ArmsInterventionsModule":{
          "ArmGroupList":{
            "ArmGroup":[
              {
                "ArmGroupLabel":"Arm I",
                "ArmGroupType":"Experimental",
                "ArmGroupDescription":"Patients receive apolizumab IV over at least 2 hours on days 1, 2, 3, 5, 8, 10, 12, 15, 17, 19, 22, 24, and 26. Treatment continues in the absence of disease progression or unacceptable toxicity. Patients with a complete or partial response who relapse after 2 months may receive an additional course of therapy provided they still express the 1D10 antigen.",
                "ArmGroupInterventionList":{
                  "ArmGroupInterventionName":[
                    "Biological: apolizumab",
                    "Other: laboratory biomarker analysis",
                    "Other: pharmacological study"
                  ]
                }
              }
            ]
          },
          "InterventionList":{
            "Intervention":[
              {
                "InterventionType":"Biological",
                "InterventionName":"apolizumab",
                "InterventionDescription":"Given IV",
                "InterventionArmGroupLabelList":{
                  "InterventionArmGroupLabel":[
                    "Arm I"
                  ]
                },
                "InterventionOtherNameList":{
                  "InterventionOtherName":[
                    "1D1O Anti-lymphoma Antibody",
                    "MOAB 1D10",
                    "MoAb Hu1D10",
                    "Monoclonal antibody 1D10",
                    "Monoclonal Antibody Hu1D10"
                  ]
                }
              },{
                "InterventionType":"Other",
                "InterventionName":"laboratory biomarker analysis",
                "InterventionDescription":"Correlative studies",
                "InterventionArmGroupLabelList":{
                  "InterventionArmGroupLabel":[
                    "Arm I"
                  ]
                }
              },{
                "InterventionType":"Other",
                "InterventionName":"pharmacological study",
                "InterventionDescription":"Correlative studies",
                "InterventionArmGroupLabelList":{
                  "InterventionArmGroupLabel":[
                    "Arm I"
                  ]
                },
                "InterventionOtherNameList":{
                  "InterventionOtherName":[
                    "pharmacological studies"
                  ]
                }
              }
            ]
          }
        },
        "OutcomesModule":{
          "PrimaryOutcomeList":{
            "PrimaryOutcome":[
              {
                "PrimaryOutcomeMeasure":"MTD defined as the dose level below which two or more of six patients experience a DLT assessed using NCI CTC version 2.0",
                "PrimaryOutcomeTimeFrame":"Up to 30 days"
              }
            ]
          },
          "SecondaryOutcomeList":{
            "SecondaryOutcome":[
              {
                "SecondaryOutcomeMeasure":"Evaluation of the degree of apoptosis induced by ex vivo incubation of human CLL cells with Hu1D10",
                "SecondaryOutcomeDescription":"Descriptive data will be computed and compared using analysis of variance and non-parametric rank equivalents for continuous data and chi-square or Fisher's exact test for discrete data. Nevertheless, low statistical power will greatly limit these analyses.",
                "SecondaryOutcomeTimeFrame":"Up to 1 year"
              },{
                "SecondaryOutcomeMeasure":"Cytokine release",
                "SecondaryOutcomeDescription":"Descriptive data will be computed and compared using analysis of variance and non-parametric rank equivalents for continuous data and chi-square or Fisher's exact test for discrete data. Nevertheless, low statistical power will greatly limit these analyses.",
                "SecondaryOutcomeTimeFrame":"Up to 1 year"
              },{
                "SecondaryOutcomeMeasure":"Caspase activation",
                "SecondaryOutcomeDescription":"Descriptive data will be computed and compared using analysis of variance and non-parametric rank equivalents for continuous data and chi-square or Fisher's exact test for discrete data. Nevertheless, low statistical power will greatly limit these analyses.",
                "SecondaryOutcomeTimeFrame":"Up to 1 year"
              },{
                "SecondaryOutcomeMeasure":"Signaling and expression of apoptosis protein",
                "SecondaryOutcomeDescription":"Descriptive data will be computed and compared using analysis of variance and non-parametric rank equivalents for continuous data and chi-square or Fisher's exact test for discrete data. Nevertheless, low statistical power will greatly limit these analyses.",
                "SecondaryOutcomeTimeFrame":"Up to 1 year"
              }
            ]
          }
        },
        "EligibilityModule":{
          "EligibilityCriteria":"Inclusion Criteria:\n\nOne of the following diagnoses:\n\nHistologically confirmed chronic lymphocytic leukemia (CLL) or non-contiguous stage II or stage III-IV small lymphocytic lymphoma (SLL)\n\nPreviously treated with at least 1 form of chemotherapy or immunotherapy\n\nHistologically confirmed acute lymphoblastic leukemia (enrolled after the maximum tolerated dose (MTD) is determined)\n\nMust have failed 1 prior therapy\nIneligible for allogeneic stem cell transplantation\n\nHistologically confirmed acute myeloid leukemia (enrolled after the MTD is determined)\n\nPrimary refractory or relapsed (within the past year) disease\nIneligible for potential curative therapy\n\nExpress Hu1D10 antigen\n\nGreater than 2 times the mean fluorescence intensity of the control by flow cytometry (blood or bone marrow cells) OR\nPositive by immunohistochemical staining (lymph node)\n\nPresenting with one of the following indications for treatment unless early bone marrow transplantation is planned (CLL or SLL patients only):\n\nDisease-related progressive symptoms\nProgressively worsening anemia or thrombocytopenia\nProgressively worsening lymphadenopathy\nMassive splenomegaly or hypersplenism\nHyperlymphocytosis (WBC greater than 200,000/mm3) or lymphocyte doubling time less than 12 months\nMarrow failure secondary to marrow infiltration by leukemia or lymphoma\nPerformance status - ECOG 0-2\nAt least 2 years\nSee Disease Characteristics\nPlatelet count at least 50,000/mm^3 (without transfusion)\nBilirubin no greater than 3 mg/dL (unless elevated secondary to tumor)\nCreatinine no greater than 2.0 mg/dL\nNo prior decompensated congestive heart failure, unstable angina, or myocardial infarction within the past 6 months not corrected by percutaneous transluminal coronary angioplasty or surgery\nNo active infection requiring oral or IV antibiotics\nNo other malignancy that would limit life expectancy\nHIV negative\nNot pregnant or nursing\nNegative pregnancy test\nFertile patients must use effective contraception during and for 3 months after study\nSee Disease Characteristics\nAt least 1 month since prior rituximab or alemtuzumab (unless CD20 or CD52 antigen is expressed on tumor cells)\nNo prior monoclonal antibody Hu1D10\nSee Disease Characteristics",
          "HealthyVolunteers":"No",
          "Gender":"All",
          "MinimumAge":"18 Years",
          "StdAgeList":{
            "StdAge":[
              "Adult",
              "Older Adult"
            ]
          }
        },
        "ContactsLocationsModule":{
          "OverallOfficialList":{
            "OverallOfficial":[
              {
                "OverallOfficialName":"John Byrd",
                "OverallOfficialAffiliation":"Ohio State University",
                "OverallOfficialRole":"Principal Investigator"
              }
            ]
          },
          "LocationList":{
            "Location":[
              {
                "LocationFacility":"Ohio State University Medical Center",
                "LocationCity":"Columbus",
                "LocationState":"Ohio",
                "LocationZip":"43210",
                "LocationCountry":"United States"
              }
            ]
          }
        }
      },
      "DerivedSection":{
        "MiscInfoModule":{
          "VersionHolder":"April 19, 2021"
        },
        "ConditionBrowseModule":{
          "ConditionMeshList":{
            "ConditionMesh":[
              {
                "ConditionMeshId":"D000008223",
                "ConditionMeshTerm":"Lymphoma"
              },{
                "ConditionMeshId":"D000007938",
                "ConditionMeshTerm":"Leukemia"
              },{
                "ConditionMeshId":"D000007951",
                "ConditionMeshTerm":"Leukemia, Myeloid"
              },{
                "ConditionMeshId":"D000015470",
                "ConditionMeshTerm":"Leukemia, Myeloid, Acute"
              },{
                "ConditionMeshId":"D000007945",
                "ConditionMeshTerm":"Leukemia, Lymphoid"
              },{
                "ConditionMeshId":"D000054198",
                "ConditionMeshTerm":"Precursor Cell Lymphoblastic Leukemia-Lymphoma"
              },{
                "ConditionMeshId":"D000015451",
                "ConditionMeshTerm":"Leukemia, Lymphocytic, Chronic, B-Cell"
              },{
                "ConditionMeshId":"D000016393",
                "ConditionMeshTerm":"Lymphoma, B-Cell"
              },{
                "ConditionMeshId":"D000018442",
                "ConditionMeshTerm":"Lymphoma, B-Cell, Marginal Zone"
              }
            ]
          },
          "ConditionAncestorList":{
            "ConditionAncestor":[
              {
                "ConditionAncestorId":"D000009370",
                "ConditionAncestorTerm":"Neoplasms by Histologic Type"
              },{
                "ConditionAncestorId":"D000009369",
                "ConditionAncestorTerm":"Neoplasms"
              },{
                "ConditionAncestorId":"D000008232",
                "ConditionAncestorTerm":"Lymphoproliferative Disorders"
              },{
                "ConditionAncestorId":"D000008206",
                "ConditionAncestorTerm":"Lymphatic Diseases"
              },{
                "ConditionAncestorId":"D000007160",
                "ConditionAncestorTerm":"Immunoproliferative Disorders"
              },{
                "ConditionAncestorId":"D000007154",
                "ConditionAncestorTerm":"Immune System Diseases"
              },{
                "ConditionAncestorId":"D000015448",
                "ConditionAncestorTerm":"Leukemia, B-Cell"
              },{
                "ConditionAncestorId":"D000008228",
                "ConditionAncestorTerm":"Lymphoma, Non-Hodgkin"
              }
            ]
          },
          "ConditionBrowseLeafList":{
            "ConditionBrowseLeaf":[
              {
                "ConditionBrowseLeafId":"M9528",
                "ConditionBrowseLeafName":"Leukemia",
                "ConditionBrowseLeafAsFound":"Leukemia",
                "ConditionBrowseLeafRelevance":"high"
              },{
                "ConditionBrowseLeafId":"M9538",
                "ConditionBrowseLeafName":"Leukemia, Myeloid",
                "ConditionBrowseLeafAsFound":"Myeloid Leukemia",
                "ConditionBrowseLeafRelevance":"high"
              },{
                "ConditionBrowseLeafId":"M16710",
                "ConditionBrowseLeafName":"Leukemia, Myeloid, Acute",
                "ConditionBrowseLeafAsFound":"Acute Myeloid Leukemia",
                "ConditionBrowseLeafRelevance":"high"
              },{
                "ConditionBrowseLeafId":"M9803",
                "ConditionBrowseLeafName":"Lymphoma",
                "ConditionBrowseLeafAsFound":"Lymphoma",
                "ConditionBrowseLeafRelevance":"high"
              },{
                "ConditionBrowseLeafId":"M17411",
                "ConditionBrowseLeafName":"Lymphoma, B-Cell",
                "ConditionBrowseLeafAsFound":"B-cell Lymphoma",
                "ConditionBrowseLeafRelevance":"high"
              },{
                "ConditionBrowseLeafId":"M9534",
                "ConditionBrowseLeafName":"Leukemia, Lymphoid",
                "ConditionBrowseLeafAsFound":"Lymphocytic Leukemia",
                "ConditionBrowseLeafRelevance":"high"
              },{
                "ConditionBrowseLeafId":"M16699",
                "ConditionBrowseLeafName":"Leukemia, Lymphocytic, Chronic, B-Cell",
                "ConditionBrowseLeafAsFound":"Lymphocytic lymphoma",
                "ConditionBrowseLeafRelevance":"high"
              },{
                "ConditionBrowseLeafId":"M19138",
                "ConditionBrowseLeafName":"Lymphoma, B-Cell, Marginal Zone",
                "ConditionBrowseLeafAsFound":"Marginal zone B-cell lymphoma",
                "ConditionBrowseLeafRelevance":"high"
              },{
                "ConditionBrowseLeafId":"M26172",
                "ConditionBrowseLeafName":"Precursor Cell Lymphoblastic Leukemia-Lymphoma",
                "ConditionBrowseLeafAsFound":"Acute Lymphoblastic Leukemia",
                "ConditionBrowseLeafRelevance":"high"
              },{
                "ConditionBrowseLeafId":"M10898",
                "ConditionBrowseLeafName":"Neoplasms by Histologic Type",
                "ConditionBrowseLeafRelevance":"low"
              },{
                "ConditionBrowseLeafId":"M9808",
                "ConditionBrowseLeafName":"Lymphoproliferative Disorders",
                "ConditionBrowseLeafRelevance":"low"
              },{
                "ConditionBrowseLeafId":"M9786",
                "ConditionBrowseLeafName":"Lymphatic Diseases",
                "ConditionBrowseLeafRelevance":"low"
              },{
                "ConditionBrowseLeafId":"M8789",
                "ConditionBrowseLeafName":"Immunoproliferative Disorders",
                "ConditionBrowseLeafRelevance":"low"
              },{
                "ConditionBrowseLeafId":"M8783",
                "ConditionBrowseLeafName":"Immune System Diseases",
                "ConditionBrowseLeafRelevance":"low"
              },{
                "ConditionBrowseLeafId":"M16698",
                "ConditionBrowseLeafName":"Leukemia, B-Cell",
                "ConditionBrowseLeafRelevance":"low"
              },{
                "ConditionBrowseLeafId":"M9805",
                "ConditionBrowseLeafName":"Lymphoma, Non-Hodgkin",
                "ConditionBrowseLeafRelevance":"low"
              },{
                "ConditionBrowseLeafId":"T3995",
                "ConditionBrowseLeafName":"Myeloid Leukemia",
                "ConditionBrowseLeafAsFound":"Myeloid Leukemia",
                "ConditionBrowseLeafRelevance":"high"
              },{
                "ConditionBrowseLeafId":"T182",
                "ConditionBrowseLeafName":"Acute Myeloid Leukemia",
                "ConditionBrowseLeafAsFound":"Acute Myeloid Leukemia",
                "ConditionBrowseLeafRelevance":"high"
              },{
                "ConditionBrowseLeafId":"T188",
                "ConditionBrowseLeafName":"Acute Non Lymphoblastic Leukemia",
                "ConditionBrowseLeafAsFound":"Acute Myeloid Leukemia",
                "ConditionBrowseLeafRelevance":"high"
              },{
                "ConditionBrowseLeafId":"T3543",
                "ConditionBrowseLeafName":"Lymphosarcoma",
                "ConditionBrowseLeafAsFound":"Lymphoma",
                "ConditionBrowseLeafRelevance":"high"
              },{
                "ConditionBrowseLeafId":"T640",
                "ConditionBrowseLeafName":"B-cell Lymphoma",
                "ConditionBrowseLeafAsFound":"B-cell Lymphoma",
                "ConditionBrowseLeafRelevance":"high"
              },{
                "ConditionBrowseLeafId":"T1308",
                "ConditionBrowseLeafName":"Chronic Lymphocytic Leukemia",
                "ConditionBrowseLeafAsFound":"Chronic Lymphocytic Leukemia",
                "ConditionBrowseLeafRelevance":"high"
              },{
                "ConditionBrowseLeafId":"T3612",
                "ConditionBrowseLeafName":"Marginal Zone Lymphoma",
                "ConditionBrowseLeafAsFound":"Marginal zone lymphoma",
                "ConditionBrowseLeafRelevance":"high"
              },{
                "ConditionBrowseLeafId":"T175",
                "ConditionBrowseLeafName":"Acute Lymphoblastic Leukemia",
                "ConditionBrowseLeafAsFound":"Acute Lymphoblastic Leukemia",
                "ConditionBrowseLeafRelevance":"high"
              },{
                "ConditionBrowseLeafId":"T3533",
                "ConditionBrowseLeafName":"Lymphoblastic Lymphoma",
                "ConditionBrowseLeafAsFound":"Acute Lymphoblastic Leukemia",
                "ConditionBrowseLeafRelevance":"high"
              }
            ]
          },
          "ConditionBrowseBranchList":{
            "ConditionBrowseBranch":[
              {
                "ConditionBrowseBranchAbbrev":"BC04",
                "ConditionBrowseBranchName":"Cancers and Other Neoplasms"
              },{
                "ConditionBrowseBranchAbbrev":"All",
                "ConditionBrowseBranchName":"All Conditions"
              },{
                "ConditionBrowseBranchAbbrev":"BC15",
                "ConditionBrowseBranchName":"Blood and Lymph Conditions"
              },{
                "ConditionBrowseBranchAbbrev":"BC20",
                "ConditionBrowseBranchName":"Immune System Diseases"
              },{
                "ConditionBrowseBranchAbbrev":"Rare",
                "ConditionBrowseBranchName":"Rare Diseases"
              }
            ]
          }
        },
        "InterventionBrowseModule":{
          "InterventionMeshList":{
            "InterventionMesh":[
              {
                "InterventionMeshId":"D000074322",
                "InterventionMeshTerm":"Antineoplastic Agents, Immunological"
              },{
                "InterventionMeshId":"D000000906",
                "InterventionMeshTerm":"Antibodies"
              },{
                "InterventionMeshId":"D000007136",
                "InterventionMeshTerm":"Immunoglobulins"
              },{
                "InterventionMeshId":"D000000911",
                "InterventionMeshTerm":"Antibodies, Monoclonal"
              }
            ]
          },
          "InterventionAncestorList":{
            "InterventionAncestor":[
              {
                "InterventionAncestorId":"D000007155",
                "InterventionAncestorTerm":"Immunologic Factors"
              },{
                "InterventionAncestorId":"D000045505",
                "InterventionAncestorTerm":"Physiological Effects of Drugs"
              },{
                "InterventionAncestorId":"D000000970",
                "InterventionAncestorTerm":"Antineoplastic Agents"
              }
            ]
          },
          "InterventionBrowseLeafList":{
            "InterventionBrowseLeaf":[
              {
                "InterventionBrowseLeafId":"M2806",
                "InterventionBrowseLeafName":"Antibodies",
                "InterventionBrowseLeafAsFound":"Sessions",
                "InterventionBrowseLeafRelevance":"high"
              },{
                "InterventionBrowseLeafId":"M2811",
                "InterventionBrowseLeafName":"Antibodies, Monoclonal",
                "InterventionBrowseLeafAsFound":"Double-",
                "InterventionBrowseLeafRelevance":"high"
              },{
                "InterventionBrowseLeafId":"M8767",
                "InterventionBrowseLeafName":"Immunoglobulins",
                "InterventionBrowseLeafAsFound":"Sessions",
                "InterventionBrowseLeafRelevance":"high"
              },{
                "InterventionBrowseLeafId":"M1346",
                "InterventionBrowseLeafName":"Antineoplastic Agents, Immunological",
                "InterventionBrowseLeafAsFound":"Double-",
                "InterventionBrowseLeafRelevance":"high"
              },{
                "InterventionBrowseLeafId":"M17700",
                "InterventionBrowseLeafName":"Immunoglobulins, Intravenous",
                "InterventionBrowseLeafRelevance":"low"
              },{
                "InterventionBrowseLeafId":"M8784",
                "InterventionBrowseLeafName":"Immunologic Factors",
                "InterventionBrowseLeafRelevance":"low"
              }
            ]
          },
          "InterventionBrowseBranchList":{
            "InterventionBrowseBranch":[
              {
                "InterventionBrowseBranchAbbrev":"All",
                "InterventionBrowseBranchName":"All Drugs and Chemicals"
              },{
                "InterventionBrowseBranchAbbrev":"ANeo",
                "InterventionBrowseBranchName":"Antineoplastic Agents"
              }
            ]
          }
        }
      }
    }
  }
}

