{
  "FullStudy":{
    "Rank":368320,
    "Study":{
      "ProtocolSection":{
        "IdentificationModule":{
          "NCTId":"NCT00018200",
          "OrgStudyIdInfo":{
            "OrgStudyId":"ADRD-018-98F"
          },
          "Organization":{
            "OrgFullName":"VA Office of Research and Development",
            "OrgClass":"FED"
          },
          "BriefTitle":"Effect of Antidepressants on Back Pain",
          "OfficialTitle":"Efficacy of Antidepressants in Chronic Back Pain"
        },
        "StatusModule":{
          "StatusVerifiedDate":"June 2012",
          "OverallStatus":"Completed",
          "ExpandedAccessInfo":{
            "HasExpandedAccess":"No"
          },
          "StartDateStruct":{
            "StartDate":"April 1999"
          },
          "PrimaryCompletionDateStruct":{
            "PrimaryCompletionDate":"December 2003",
            "PrimaryCompletionDateType":"Actual"
          },
          "CompletionDateStruct":{
            "CompletionDate":"March 2004",
            "CompletionDateType":"Actual"
          },
          "StudyFirstSubmitDate":"July 3, 2001",
          "StudyFirstSubmitQCDate":"July 4, 2001",
          "StudyFirstPostDateStruct":{
            "StudyFirstPostDate":"July 5, 2001",
            "StudyFirstPostDateType":"Estimate"
          },
          "LastUpdateSubmitDate":"June 4, 2012",
          "LastUpdatePostDateStruct":{
            "LastUpdatePostDate":"June 5, 2012",
            "LastUpdatePostDateType":"Estimate"
          }
        },
        "SponsorCollaboratorsModule":{
          "ResponsibleParty":{
            "ResponsiblePartyType":"Sponsor"
          },
          "LeadSponsor":{
            "LeadSponsorName":"US Department of Veterans Affairs",
            "LeadSponsorClass":"FED"
          }
        },
        "OversightModule":{
          "OversightHasDMC":"Yes"
        },
        "DescriptionModule":{
          "BriefSummary":"The purpose of this study is to determine whether different types of antidepressant medicines relieve back pain that has lasted at least six months on a daily basis. Study participants will be assigned to treatment with either a antidepressant acting on the serotonin system in the brain (fluoxetine), one acting on the noradrenaline system (desipramine, or to a control medication not expected to relieve pain (benztropine). Each participant will be seen at least nine times during their 12 weeks on medication. This is a phase 2/3, outpatient study."
        },
        "ConditionsModule":{
          "ConditionList":{
            "Condition":[
              "Back Pain",
              "Sciatica"
            ]
          },
          "KeywordList":{
            "Keyword":[
              "analgesia",
              "Back pain",
              "sciatica"
            ]
          }
        },
        "DesignModule":{
          "StudyType":"Interventional",
          "PhaseList":{
            "Phase":[
              "Phase 2"
            ]
          },
          "DesignInfo":{
            "DesignAllocation":"Randomized",
            "DesignInterventionModel":"Parallel Assignment",
            "DesignPrimaryPurpose":"Treatment",
            "DesignMaskingInfo":{
              "DesignMasking":"Quadruple",
              "DesignWhoMaskedList":{
                "DesignWhoMasked":[
                  "Participant",
                  "Care Provider",
                  "Investigator",
                  "Outcomes Assessor"
                ]
              }
            }
          },
          "EnrollmentInfo":{
            "EnrollmentCount":"130",
            "EnrollmentType":"Actual"
          }
        },
        "ArmsInterventionsModule":{
          "ArmGroupList":{
            "ArmGroup":[
              {
                "ArmGroupLabel":"Arm 1",
                "ArmGroupType":"Experimental",
                "ArmGroupDescription":"Desipramine, low, middle or high exposure",
                "ArmGroupInterventionList":{
                  "ArmGroupInterventionName":[
                    "Drug: Desipramine"
                  ]
                }
              },{
                "ArmGroupLabel":"Arm 2",
                "ArmGroupType":"Experimental",
                "ArmGroupDescription":"Fluoxetine, low, middle, or high exposure",
                "ArmGroupInterventionList":{
                  "ArmGroupInterventionName":[
                    "Drug: Fluoxetine"
                  ]
                }
              },{
                "ArmGroupLabel":"Arm 3",
                "ArmGroupType":"Placebo Comparator",
                "ArmGroupDescription":"Benztropine .125-.5mg daily",
                "ArmGroupInterventionList":{
                  "ArmGroupInterventionName":[
                    "Drug: Benztropine"
                  ]
                }
              }
            ]
          },
          "InterventionList":{
            "Intervention":[
              {
                "InterventionType":"Drug",
                "InterventionName":"Desipramine",
                "InterventionDescription":"Low exposure (40-70 ng/mL), Middle exposure (70-130 ng/mL), High exposure (130-200 ng/mL)",
                "InterventionArmGroupLabelList":{
                  "InterventionArmGroupLabel":[
                    "Arm 1"
                  ]
                },
                "InterventionOtherNameList":{
                  "InterventionOtherName":[
                    "Anafranil"
                  ]
                }
              },{
                "InterventionType":"Drug",
                "InterventionName":"Fluoxetine",
                "InterventionDescription":"Low exposure (200-399 ng/mL), Middle exposure (400-499 ng/mL), High exposure (500-700ng/mL)",
                "InterventionArmGroupLabelList":{
                  "InterventionArmGroupLabel":[
                    "Arm 2"
                  ]
                },
                "InterventionOtherNameList":{
                  "InterventionOtherName":[
                    "Prozac"
                  ]
                }
              },{
                "InterventionType":"Drug",
                "InterventionName":"Benztropine",
                "InterventionDescription":"Daily dose 0.125 to 0.5mg",
                "InterventionArmGroupLabelList":{
                  "InterventionArmGroupLabel":[
                    "Arm 3"
                  ]
                },
                "InterventionOtherNameList":{
                  "InterventionOtherName":[
                    "Cogentin"
                  ]
                }
              }
            ]
          }
        },
        "OutcomesModule":{
          "PrimaryOutcomeList":{
            "PrimaryOutcome":[
              {
                "PrimaryOutcomeMeasure":"Descriptor Differential Scale Pain Intensity",
                "PrimaryOutcomeTimeFrame":"12 weeks post baseline"
              }
            ]
          }
        },
        "EligibilityModule":{
          "EligibilityCriteria":"Inclusion Criteria:\n\nChronic back pain (pain on a daily basis for six months or longer)\nAge 18-65\nNo major medical illness\n\nExclusion Criteria:\n\nmedical contraindication to tricyclic antidepressants\nrecent alcohol or substance use disorder\nbipolar disorder",
          "HealthyVolunteers":"No",
          "Gender":"All",
          "MinimumAge":"21 Years",
          "MaximumAge":"65 Years",
          "StdAgeList":{
            "StdAge":[
              "Adult",
              "Older Adult"
            ]
          }
        },
        "ContactsLocationsModule":{
          "OverallOfficialList":{
            "OverallOfficial":[
              {
                "OverallOfficialName":"Joseph H. Atkinson, MD",
                "OverallOfficialAffiliation":"VA San Diego Healthcare System, San Diego",
                "OverallOfficialRole":"Principal Investigator"
              }
            ]
          },
          "LocationList":{
            "Location":[
              {
                "LocationFacility":"VA San Diego Healthcare System, San Diego",
                "LocationCity":"San Diego",
                "LocationState":"California",
                "LocationZip":"92161",
                "LocationCountry":"United States"
              }
            ]
          }
        },
        "ReferencesModule":{
          "ReferenceList":{
            "Reference":[
              {
                "ReferencePMID":"17414235",
                "ReferenceType":"result",
                "ReferenceCitation":"Atkinson JH, Slater MA, Capparelli EV, Wallace MS, Zisook S, Abramson I, Matthews SC, Garfin SR. Efficacy of noradrenergic and serotonergic antidepressants in chronic back pain: a preliminary concentration-controlled trial. J Clin Psychopharmacol. 2007 Apr;27(2):135-42."
              }
            ]
          }
        }
      },
      "DerivedSection":{
        "MiscInfoModule":{
          "VersionHolder":"April 19, 2021"
        },
        "ConditionBrowseModule":{
          "ConditionMeshList":{
            "ConditionMesh":[
              {
                "ConditionMeshId":"D000012585",
                "ConditionMeshTerm":"Sciatica"
              },{
                "ConditionMeshId":"D000001416",
                "ConditionMeshTerm":"Back Pain"
              }
            ]
          },
          "ConditionAncestorList":{
            "ConditionAncestor":[
              {
                "ConditionAncestorId":"D000010146",
                "ConditionAncestorTerm":"Pain"
              },{
                "ConditionAncestorId":"D000009461",
                "ConditionAncestorTerm":"Neurologic Manifestations"
              },{
                "ConditionAncestorId":"D000020426",
                "ConditionAncestorTerm":"Sciatic Neuropathy"
              },{
                "ConditionAncestorId":"D000020422",
                "ConditionAncestorTerm":"Mononeuropathies"
              },{
                "ConditionAncestorId":"D000010523",
                "ConditionAncestorTerm":"Peripheral Nervous System Diseases"
              },{
                "ConditionAncestorId":"D000009468",
                "ConditionAncestorTerm":"Neuromuscular Diseases"
              },{
                "ConditionAncestorId":"D000009422",
                "ConditionAncestorTerm":"Nervous System Diseases"
              },{
                "ConditionAncestorId":"D000009437",
                "ConditionAncestorTerm":"Neuralgia"
              }
            ]
          },
          "ConditionBrowseLeafList":{
            "ConditionBrowseLeaf":[
              {
                "ConditionBrowseLeafId":"M3295",
                "ConditionBrowseLeafName":"Back Pain",
                "ConditionBrowseLeafAsFound":"Back Pain",
                "ConditionBrowseLeafRelevance":"high"
              },{
                "ConditionBrowseLeafId":"M11649",
                "ConditionBrowseLeafName":"Pain",
                "ConditionBrowseLeafRelevance":"low"
              },{
                "ConditionBrowseLeafId":"M13985",
                "ConditionBrowseLeafName":"Sciatica",
                "ConditionBrowseLeafAsFound":"Sciatica",
                "ConditionBrowseLeafRelevance":"high"
              },{
                "ConditionBrowseLeafId":"M10987",
                "ConditionBrowseLeafName":"Neurologic Manifestations",
                "ConditionBrowseLeafRelevance":"low"
              },{
                "ConditionBrowseLeafId":"M20806",
                "ConditionBrowseLeafName":"Sciatic Neuropathy",
                "ConditionBrowseLeafRelevance":"low"
              },{
                "ConditionBrowseLeafId":"M20802",
                "ConditionBrowseLeafName":"Mononeuropathies",
                "ConditionBrowseLeafRelevance":"low"
              },{
                "ConditionBrowseLeafId":"M12015",
                "ConditionBrowseLeafName":"Peripheral Nervous System Diseases",
                "ConditionBrowseLeafRelevance":"low"
              },{
                "ConditionBrowseLeafId":"M10994",
                "ConditionBrowseLeafName":"Neuromuscular Diseases",
                "ConditionBrowseLeafRelevance":"low"
              },{
                "ConditionBrowseLeafId":"M10964",
                "ConditionBrowseLeafName":"Neuralgia",
                "ConditionBrowseLeafRelevance":"low"
              }
            ]
          },
          "ConditionBrowseBranchList":{
            "ConditionBrowseBranch":[
              {
                "ConditionBrowseBranchAbbrev":"BC23",
                "ConditionBrowseBranchName":"Symptoms and General Pathology"
              },{
                "ConditionBrowseBranchAbbrev":"All",
                "ConditionBrowseBranchName":"All Conditions"
              },{
                "ConditionBrowseBranchAbbrev":"BC10",
                "ConditionBrowseBranchName":"Nervous System Diseases"
              }
            ]
          }
        },
        "InterventionBrowseModule":{
          "InterventionMeshList":{
            "InterventionMesh":[
              {
                "InterventionMeshId":"D000001590",
                "InterventionMeshTerm":"Benztropine"
              },{
                "InterventionMeshId":"D000005473",
                "InterventionMeshTerm":"Fluoxetine"
              },{
                "InterventionMeshId":"D000003891",
                "InterventionMeshTerm":"Desipramine"
              },{
                "InterventionMeshId":"D000002997",
                "InterventionMeshTerm":"Clomipramine"
              }
            ]
          },
          "InterventionAncestorList":{
            "InterventionAncestor":[
              {
                "InterventionAncestorId":"D000017367",
                "InterventionAncestorTerm":"Serotonin Uptake Inhibitors"
              },{
                "InterventionAncestorId":"D000014179",
                "InterventionAncestorTerm":"Neurotransmitter Uptake Inhibitors"
              },{
                "InterventionAncestorId":"D000049990",
                "InterventionAncestorTerm":"Membrane Transport Modulators"
              },{
                "InterventionAncestorId":"D000045504",
                "InterventionAncestorTerm":"Molecular Mechanisms of Pharmacological Action"
              },{
                "InterventionAncestorId":"D000018377",
                "InterventionAncestorTerm":"Neurotransmitter Agents"
              },{
                "InterventionAncestorId":"D000018490",
                "InterventionAncestorTerm":"Serotonin Agents"
              },{
                "InterventionAncestorId":"D000045505",
                "InterventionAncestorTerm":"Physiological Effects of Drugs"
              },{
                "InterventionAncestorId":"D000018687",
                "InterventionAncestorTerm":"Antidepressive Agents, Second-Generation"
              },{
                "InterventionAncestorId":"D000000928",
                "InterventionAncestorTerm":"Antidepressive Agents"
              },{
                "InterventionAncestorId":"D000011619",
                "InterventionAncestorTerm":"Psychotropic Drugs"
              },{
                "InterventionAncestorId":"D000065690",
                "InterventionAncestorTerm":"Cytochrome P-450 CYP2D6 Inhibitors"
              },{
                "InterventionAncestorId":"D000065607",
                "InterventionAncestorTerm":"Cytochrome P-450 Enzyme Inhibitors"
              },{
                "InterventionAncestorId":"D000004791",
                "InterventionAncestorTerm":"Enzyme Inhibitors"
              },{
                "InterventionAncestorId":"D000000929",
                "InterventionAncestorTerm":"Antidepressive Agents, Tricyclic"
              },{
                "InterventionAncestorId":"D000018759",
                "InterventionAncestorTerm":"Adrenergic Uptake Inhibitors"
              },{
                "InterventionAncestorId":"D000018663",
                "InterventionAncestorTerm":"Adrenergic Agents"
              },{
                "InterventionAncestorId":"D000000978",
                "InterventionAncestorTerm":"Antiparkinson Agents"
              },{
                "InterventionAncestorId":"D000018726",
                "InterventionAncestorTerm":"Anti-Dyskinesia Agents"
              },{
                "InterventionAncestorId":"D000010276",
                "InterventionAncestorTerm":"Parasympatholytics"
              },{
                "InterventionAncestorId":"D000001337",
                "InterventionAncestorTerm":"Autonomic Agents"
              },{
                "InterventionAncestorId":"D000018373",
                "InterventionAncestorTerm":"Peripheral Nervous System Agents"
              },{
                "InterventionAncestorId":"D000018727",
                "InterventionAncestorTerm":"Muscarinic Antagonists"
              },{
                "InterventionAncestorId":"D000018680",
                "InterventionAncestorTerm":"Cholinergic Antagonists"
              },{
                "InterventionAncestorId":"D000018678",
                "InterventionAncestorTerm":"Cholinergic Agents"
              },{
                "InterventionAncestorId":"D000018765",
                "InterventionAncestorTerm":"Dopamine Uptake Inhibitors"
              },{
                "InterventionAncestorId":"D000015259",
                "InterventionAncestorTerm":"Dopamine Agents"
              }
            ]
          },
          "InterventionBrowseLeafList":{
            "InterventionBrowseLeaf":[
              {
                "InterventionBrowseLeafId":"M2828",
                "InterventionBrowseLeafName":"Antidepressive Agents",
                "InterventionBrowseLeafRelevance":"low"
              },{
                "InterventionBrowseLeafId":"M7184",
                "InterventionBrowseLeafName":"Fluoxetine",
                "InterventionBrowseLeafAsFound":"Type 2 Diabetes Mellitus",
                "InterventionBrowseLeafRelevance":"high"
              },{
                "InterventionBrowseLeafId":"M3458",
                "InterventionBrowseLeafName":"Benztropine",
                "InterventionBrowseLeafAsFound":"Bleomycin sulfate",
                "InterventionBrowseLeafRelevance":"high"
              },{
                "InterventionBrowseLeafId":"M5669",
                "InterventionBrowseLeafName":"Desipramine",
                "InterventionBrowseLeafAsFound":"High Intensity Focused Ultrasound",
                "InterventionBrowseLeafRelevance":"high"
              },{
                "InterventionBrowseLeafId":"M4812",
                "InterventionBrowseLeafName":"Clomipramine",
                "InterventionBrowseLeafAsFound":"LDH",
                "InterventionBrowseLeafRelevance":"high"
              },{
                "InterventionBrowseLeafId":"M14095",
                "InterventionBrowseLeafName":"Serotonin",
                "InterventionBrowseLeafRelevance":"low"
              },{
                "InterventionBrowseLeafId":"M18232",
                "InterventionBrowseLeafName":"Serotonin Uptake Inhibitors",
                "InterventionBrowseLeafRelevance":"low"
              },{
                "InterventionBrowseLeafId":"M19088",
                "InterventionBrowseLeafName":"Neurotransmitter Agents",
                "InterventionBrowseLeafRelevance":"low"
              },{
                "InterventionBrowseLeafId":"M13057",
                "InterventionBrowseLeafName":"Psychotropic Drugs",
                "InterventionBrowseLeafRelevance":"low"
              },{
                "InterventionBrowseLeafId":"M29124",
                "InterventionBrowseLeafName":"Cytochrome P-450 Enzyme Inhibitors",
                "InterventionBrowseLeafRelevance":"low"
              },{
                "InterventionBrowseLeafId":"M2829",
                "InterventionBrowseLeafName":"Antidepressive Agents, Tricyclic",
                "InterventionBrowseLeafRelevance":"low"
              },{
                "InterventionBrowseLeafId":"M19330",
                "InterventionBrowseLeafName":"Adrenergic Agents",
                "InterventionBrowseLeafRelevance":"low"
              },{
                "InterventionBrowseLeafId":"M2876",
                "InterventionBrowseLeafName":"Antiparkinson Agents",
                "InterventionBrowseLeafRelevance":"low"
              },{
                "InterventionBrowseLeafId":"M11772",
                "InterventionBrowseLeafName":"Parasympatholytics",
                "InterventionBrowseLeafRelevance":"low"
              },{
                "InterventionBrowseLeafId":"M19385",
                "InterventionBrowseLeafName":"Muscarinic Antagonists",
                "InterventionBrowseLeafRelevance":"low"
              },{
                "InterventionBrowseLeafId":"M19344",
                "InterventionBrowseLeafName":"Cholinergic Antagonists",
                "InterventionBrowseLeafRelevance":"low"
              },{
                "InterventionBrowseLeafId":"M19342",
                "InterventionBrowseLeafName":"Cholinergic Agents",
                "InterventionBrowseLeafRelevance":"low"
              },{
                "InterventionBrowseLeafId":"M6056",
                "InterventionBrowseLeafName":"Dopamine",
                "InterventionBrowseLeafRelevance":"low"
              },{
                "InterventionBrowseLeafId":"M19416",
                "InterventionBrowseLeafName":"Dopamine Uptake Inhibitors",
                "InterventionBrowseLeafRelevance":"low"
              },{
                "InterventionBrowseLeafId":"M16545",
                "InterventionBrowseLeafName":"Dopamine Agents",
                "InterventionBrowseLeafRelevance":"low"
              }
            ]
          },
          "InterventionBrowseBranchList":{
            "InterventionBrowseBranch":[
              {
                "InterventionBrowseBranchAbbrev":"PsychDr",
                "InterventionBrowseBranchName":"Psychotropic Drugs"
              },{
                "InterventionBrowseBranchAbbrev":"All",
                "InterventionBrowseBranchName":"All Drugs and Chemicals"
              },{
                "InterventionBrowseBranchAbbrev":"AnDyAg",
                "InterventionBrowseBranchName":"Anti-Dyskinesia Agents"
              },{
                "InterventionBrowseBranchAbbrev":"CaAg",
                "InterventionBrowseBranchName":"Cardiotonic Agents"
              }
            ]
          }
        }
      }
    }
  }
}

