{
  "FullStudy":{
    "Rank":368624,
    "Study":{
      "ProtocolSection":{
        "IdentificationModule":{
          "NCTId":"NCT00013650",
          "OrgStudyIdInfo":{
            "OrgStudyId":"010128"
          },
          "SecondaryIdInfoList":{
            "SecondaryIdInfo":[
              {
                "SecondaryId":"01-M-0128"
              }
            ]
          },
          "Organization":{
            "OrgFullName":"National Institutes of Health Clinical Center (CC)",
            "OrgClass":"NIH"
          },
          "BriefTitle":"Effects of an Anti-Inflammatory Drug in Alzheimer's Disease",
          "OfficialTitle":"Pilot Study of Immunomodulatory Versus Antiinflammatory Therapy in Alzheimer's Disease"
        },
        "StatusModule":{
          "StatusVerifiedDate":"April 21, 2008",
          "OverallStatus":"Completed",
          "ExpandedAccessInfo":{
            "HasExpandedAccess":"No"
          },
          "StartDateStruct":{
            "StartDate":"March 22, 2001"
          },
          "CompletionDateStruct":{
            "CompletionDate":"April 21, 2008"
          },
          "StudyFirstSubmitDate":"March 27, 2001",
          "StudyFirstSubmitQCDate":"March 27, 2001",
          "StudyFirstPostDateStruct":{
            "StudyFirstPostDate":"March 28, 2001",
            "StudyFirstPostDateType":"Estimate"
          },
          "LastUpdateSubmitDate":"June 30, 2017",
          "LastUpdatePostDateStruct":{
            "LastUpdatePostDate":"July 2, 2017",
            "LastUpdatePostDateType":"Actual"
          }
        },
        "SponsorCollaboratorsModule":{
          "LeadSponsor":{
            "LeadSponsorName":"National Institute of Mental Health (NIMH)",
            "LeadSponsorClass":"NIH"
          }
        },
        "OversightModule":{},
        "DescriptionModule":{
          "BriefSummary":"The purpose of this study is to evaluate the effects of the drug cyclophosphamide (CY) on inflammation and immune responses in individuals with Alzheimer's Disease (AD).\n\nInflammation and immunologic response appear to contribute to neurodegeneration in people with AD. In a process called gliosis, the brain immune cells microglia and astroglia undergo activation and possible proliferation, which promotes neuronal injury and death. Activated microglia and astroglia produce compounds that are cytotoxic to neurons, and they express molecules that greatly amplify immune and inflammatory processes in the brain. Excessive glial activation and proliferation are thought to be pivotal events that hasten the demise of synapses and neurons in AD. Fortunately, increased understanding of immune and inflammatory pathology in AD has provided new opportunities for designing disease-altering treatments for AD. Studies suggest that medications such as nonsteroidal anti-inflammatory drugs (NSAIDs) and immunomodulatory agents may have an important role in altering the course of AD. CY is a potent anti-inflammatory and immunomodulatory drug that inhibits proliferation of immune cells. This study will evaluate the effects of CY on individuals with mild to moderate AD.\n\nParticipants in this study will be randomly assigned to receive either two different doses of CY or placebo (an inactive pill) for 6 months. Participants who receive placebo during the 6 months will have the option of receiving CY for an additional 6 months. Participants will undergo magnetic resonance imaging (MRI) scans of the brain. Measures of cerebral spinal fluid biomarkers or neurodegeneration, neuroinflammation, and neuroimmune activation will be taken. In addition, peripheral lymphocyte subsets and peripheral markers of inflammation will be assessed.",
          "DetailedDescription":"Objectives. The protocol is focused on the immune and inflammatory reactions in Alzheimer's disease (AD) and the possibility that blocking the inflammatory response may alter the course of the illness. The specific plan is to evaluate the biologic and clinical effects of two doses of cyclophosphamide (CY) immunotherapy in AD patients compared to the clinically available cyclooxygenase-2 inhibitor (COX-2), rofecoxib. The study will test the hypotheses that CY: 1) Is safe and tolerable in AD patients in meaningful clinical doses, 2) Can modify central nervous system inflammation and immune responses in AD, 3) Inhibits neurodegeneration in AD brains as indicated by peripheral biomarkers of AD pathology, and 4) Is different quantitatively or qualitatively in its effect on immune markers than placebo or other clinically-available anti-inflammatory drugs such as the COX-2 inhibitor, rofecoxib.\n\nRationale. Inflammation and immunologic responses appear to contribute significantly to neurodegeneration in (AD). In a pathological process termed gliosis, the brain's resident immune cells (microglia and astroglia) undergo chronic activation and possible proliferation, promoting neuronal injury and death by several means. Activated microglia and astroglia produce compounds that are directly cytotoxic to neurons, and they express molecules that greatly amplify immune and inflammatory processes in the brain. Excessive glial activation and proliferation are thought to be pivotal events hastening the demise of synapses and neurons in AD. Conversely, the growing understanding of immune and inflammatory pathology in AD has provided new opportunities for designing disease-altering treatments for AD. Preliminary clinical trials of anti-inflammatory drugs in AD patients, epidemiologic studies of anti-inflammatory drug use, and experimental models linking neurodegeneration with neuroimmune/neuroinflammatory processes suggest strongly that medications such as nonsteroidal-anti-inflammatory drugs (NSAIDs) and immunomodulatory agents may have an important role in altering the course of AD. CY is a potent anti-inflammatory and immunomodulatory drug that acts primarily by inhibiting proliferation of immune cells. Moreover, as immune cell proliferation appears to be an important aspect of AD pathophysiology and disease progression, an exploratory, dose-finding trial of a cytotoxic/cytostatic drug such as CY is appropriate, especially since CY is already widely used for the treatment of other immune-mediated illnesses. Furthermore, a preliminary European trial of CY in AD patients has already demonstrated an improvement in cognitive function that correlated highly with the degree of immunomodulation achieved.\n\nDesign. Study subjects will include 60 male and female patients with mild-moderate AD. In a randomized, placebo-controlled trial, two doses of CY or rofecoxib will be compared over a 6-month period. While the primary outcome measures will be safety and immunologic data, cognitive and other behavioral measures will also be collected. The biological outcome measures will include measures of brain volume (assessed by magnetic resonance imaging) and cerebrospinal fluid biomarkers of neurodegeneration, neuroinflammation, and neuroimmune activation. In addition, peripheral lymphocyte subsets and peripheral markers of inflammation will be assessed. This design is meant to provide dose-finding data to help design a more definitive efficacy trial with CY if the safety/tolerability parameters are acceptable in this pilot study."
        },
        "ConditionsModule":{
          "ConditionList":{
            "Condition":[
              "Alzheimer's Disease"
            ]
          },
          "KeywordList":{
            "Keyword":[
              "Alzheimer's Disease",
              "Immunomodulatory",
              "Antiinflammatory",
              "Cyclophosphamide",
              "Non-steroidal",
              "Complement",
              "Immune Function",
              "Immunotherapy"
            ]
          }
        },
        "DesignModule":{
          "StudyType":"Interventional",
          "PhaseList":{
            "Phase":[
              "Phase 1"
            ]
          },
          "DesignInfo":{
            "DesignPrimaryPurpose":"Treatment"
          },
          "EnrollmentInfo":{
            "EnrollmentCount":"60"
          }
        },
        "ArmsInterventionsModule":{
          "InterventionList":{
            "Intervention":[
              {
                "InterventionType":"Drug",
                "InterventionName":"Cyclophosphamate"
              }
            ]
          }
        },
        "EligibilityModule":{
          "EligibilityCriteria":"INCLUSION CRITERIA:\n\nSubjects must have a diagnosis of probable Alzheimer's disease according to DSM-IV and NINDS criteria.\n\nSubjects must have mild-moderate severity of dementia according to the Clinical Dementia Rating Scale at the time of study.\n\nThey must also have the ability to assign a DPA or have already assigned a DPA and give informed consent for this medication trial and be willing to undergo repeat lumbar punctures for the assessment of cerebrospinal fluid.\n\nEXCLUSION CRITERIA:\n\nSevere dementia (CDR score greater than 2).\n\nDiagnosis of probable vascular dementia.\n\nInability to give assent for participation or designate a durable power of attorney.\n\nMedication history of cytotoxic drug therapy for more than 2 weeks during the 10 weeks prior to study entry, for more than 10 weeks at any time, or for anytime during the 30 day period prior to study entry.\n\nRecent use of continuous (more than 3 doses per week) nonsteroidal medication (at least one month before entry). Low dose aspirin will not be considered as continuous nonsteroidal anti-inflammatory medication.\n\nKnown hypersensitivity to CY, aspirin or any nonsteroidal medication.\n\nCurrent use of allopurinol, rifampin, methotrexate or warfarin.\n\nInflammatory conditions (such as SLE, autoimmune disease, etc.) which could respond to medications given in the medication protocol.\n\nMedical conditions including: active or chronic infection requiring antimicrobial therapy, serious viral infection (hepatitis, herpes zoster), a single functioning kidney, renal insufficiency (less than one third of normal GFR), significant hepatic dysfunction, pre-existent malignancy, insulin-treated diabetes mellitus, severe benign prostatic hypertrophy, immunosuppression, myelosuppression, lymphopenia, severe pulmonary dysfunction, history of gastrointestinal ulceration active within the last 5 years, history of gastrointestinal bleeding or perforation, or severe cardiac dysfunction.",
          "HealthyVolunteers":"No",
          "Gender":"All",
          "MinimumAge":"50 Years",
          "MaximumAge":"95 Years",
          "StdAgeList":{
            "StdAge":[
              "Adult",
              "Older Adult"
            ]
          }
        },
        "ContactsLocationsModule":{
          "LocationList":{
            "Location":[
              {
                "LocationFacility":"National Institutes of Health Clinical Center, 9000 Rockville Pike",
                "LocationCity":"Bethesda",
                "LocationState":"Maryland",
                "LocationZip":"20892",
                "LocationCountry":"United States"
              }
            ]
          }
        },
        "ReferencesModule":{
          "ReferenceList":{
            "Reference":[
              {
                "ReferencePMID":"10680787",
                "ReferenceType":"background",
                "ReferenceCitation":"Aisen PS, Davis KL, Berg JD, Schafer K, Campbell K, Thomas RG, Weiner MF, Farlow MR, Sano M, Grundman M, Thal LJ. A randomized controlled trial of prednisone in Alzheimer's disease. Alzheimer's Disease Cooperative Study. Neurology. 2000 Feb 8;54(3):588-93."
              }
            ]
          }
        }
      },
      "DerivedSection":{
        "MiscInfoModule":{
          "VersionHolder":"April 19, 2021"
        },
        "ConditionBrowseModule":{
          "ConditionMeshList":{
            "ConditionMesh":[
              {
                "ConditionMeshId":"D000000544",
                "ConditionMeshTerm":"Alzheimer Disease"
              }
            ]
          },
          "ConditionAncestorList":{
            "ConditionAncestor":[
              {
                "ConditionAncestorId":"D000003704",
                "ConditionAncestorTerm":"Dementia"
              },{
                "ConditionAncestorId":"D000001927",
                "ConditionAncestorTerm":"Brain Diseases"
              },{
                "ConditionAncestorId":"D000002493",
                "ConditionAncestorTerm":"Central Nervous System Diseases"
              },{
                "ConditionAncestorId":"D000009422",
                "ConditionAncestorTerm":"Nervous System Diseases"
              },{
                "ConditionAncestorId":"D000024801",
                "ConditionAncestorTerm":"Tauopathies"
              },{
                "ConditionAncestorId":"D000019636",
                "ConditionAncestorTerm":"Neurodegenerative Diseases"
              },{
                "ConditionAncestorId":"D000019965",
                "ConditionAncestorTerm":"Neurocognitive Disorders"
              },{
                "ConditionAncestorId":"D000001523",
                "ConditionAncestorTerm":"Mental Disorders"
              }
            ]
          },
          "ConditionBrowseLeafList":{
            "ConditionBrowseLeaf":[
              {
                "ConditionBrowseLeafId":"M2466",
                "ConditionBrowseLeafName":"Alzheimer Disease",
                "ConditionBrowseLeafAsFound":"Alzheimer's Disease",
                "ConditionBrowseLeafRelevance":"high"
              },{
                "ConditionBrowseLeafId":"M5487",
                "ConditionBrowseLeafName":"Dementia",
                "ConditionBrowseLeafRelevance":"low"
              },{
                "ConditionBrowseLeafId":"M3786",
                "ConditionBrowseLeafName":"Brain Diseases",
                "ConditionBrowseLeafRelevance":"low"
              },{
                "ConditionBrowseLeafId":"M4325",
                "ConditionBrowseLeafName":"Central Nervous System Diseases",
                "ConditionBrowseLeafRelevance":"low"
              },{
                "ConditionBrowseLeafId":"M21586",
                "ConditionBrowseLeafName":"Tauopathies",
                "ConditionBrowseLeafRelevance":"low"
              },{
                "ConditionBrowseLeafId":"M20142",
                "ConditionBrowseLeafName":"Neurodegenerative Diseases",
                "ConditionBrowseLeafRelevance":"low"
              },{
                "ConditionBrowseLeafId":"M20420",
                "ConditionBrowseLeafName":"Neurocognitive Disorders",
                "ConditionBrowseLeafRelevance":"low"
              },{
                "ConditionBrowseLeafId":"M3396",
                "ConditionBrowseLeafName":"Mental Disorders",
                "ConditionBrowseLeafRelevance":"low"
              },{
                "ConditionBrowseLeafId":"M13056",
                "ConditionBrowseLeafName":"Psychotic Disorders",
                "ConditionBrowseLeafRelevance":"low"
              },{
                "ConditionBrowseLeafId":"T2192",
                "ConditionBrowseLeafName":"Familial Alzheimer Disease",
                "ConditionBrowseLeafAsFound":"Alzheimer's Disease",
                "ConditionBrowseLeafRelevance":"high"
              }
            ]
          },
          "ConditionBrowseBranchList":{
            "ConditionBrowseBranch":[
              {
                "ConditionBrowseBranchAbbrev":"BC10",
                "ConditionBrowseBranchName":"Nervous System Diseases"
              },{
                "ConditionBrowseBranchAbbrev":"BXM",
                "ConditionBrowseBranchName":"Behaviors and Mental Disorders"
              },{
                "ConditionBrowseBranchAbbrev":"All",
                "ConditionBrowseBranchName":"All Conditions"
              },{
                "ConditionBrowseBranchAbbrev":"Rare",
                "ConditionBrowseBranchName":"Rare Diseases"
              }
            ]
          }
        },
        "InterventionBrowseModule":{
          "InterventionBrowseLeafList":{
            "InterventionBrowseLeaf":[
              {
                "InterventionBrowseLeafId":"M5310",
                "InterventionBrowseLeafName":"Cyclophosphamide",
                "InterventionBrowseLeafRelevance":"low"
              },{
                "InterventionBrowseLeafId":"M4975",
                "InterventionBrowseLeafName":"Complement System Proteins",
                "InterventionBrowseLeafRelevance":"low"
              },{
                "InterventionBrowseLeafId":"M2798",
                "InterventionBrowseLeafName":"Anti-Inflammatory Agents",
                "InterventionBrowseLeafRelevance":"low"
              }
            ]
          },
          "InterventionBrowseBranchList":{
            "InterventionBrowseBranch":[
              {
                "InterventionBrowseBranchAbbrev":"ANeo",
                "InterventionBrowseBranchName":"Antineoplastic Agents"
              },{
                "InterventionBrowseBranchAbbrev":"ARhu",
                "InterventionBrowseBranchName":"Antirheumatic Agents"
              },{
                "InterventionBrowseBranchAbbrev":"All",
                "InterventionBrowseBranchName":"All Drugs and Chemicals"
              },{
                "InterventionBrowseBranchAbbrev":"Infl",
                "InterventionBrowseBranchName":"Anti-Inflammatory Agents"
              }
            ]
          }
        }
      }
    }
  }
}

