{
  "FullStudy":{
    "Rank":368828,
    "Study":{
      "ProtocolSection":{
        "IdentificationModule":{
          "NCTId":"NCT00010764",
          "NCTIdAliasList":{
            "NCTIdAlias":[
              "NCT00009139"
            ]
          },
          "OrgStudyIdInfo":{
            "OrgStudyId":"R01AT000003-01",
            "OrgStudyIdType":"U.S. NIH Grant/Contract",
            "OrgStudyIdLink":"https://projectreporter.nih.gov/reporterapi.cfm?PROJECTNUM=R01AT000003-01&Fy=all"
          },
          "Organization":{
            "OrgFullName":"National Center for Complementary and Integrative Health (NCCIH)",
            "OrgClass":"NIH"
          },
          "BriefTitle":"Efficacy of Acupuncture in the Treatment of Fibromyalgia",
          "OfficialTitle":"Efficacy of Acupuncture in the Treatment of Fibromyalgia"
        },
        "StatusModule":{
          "StatusVerifiedDate":"March 2008",
          "OverallStatus":"Completed",
          "ExpandedAccessInfo":{
            "HasExpandedAccess":"No"
          },
          "StartDateStruct":{
            "StartDate":"September 2000"
          },
          "CompletionDateStruct":{
            "CompletionDate":"July 2002"
          },
          "StudyFirstSubmitDate":"February 2, 2001",
          "StudyFirstSubmitQCDate":"February 2, 2001",
          "StudyFirstPostDateStruct":{
            "StudyFirstPostDate":"February 5, 2001",
            "StudyFirstPostDateType":"Estimate"
          },
          "LastUpdateSubmitDate":"March 5, 2008",
          "LastUpdatePostDateStruct":{
            "LastUpdatePostDate":"March 7, 2008",
            "LastUpdatePostDateType":"Estimate"
          }
        },
        "SponsorCollaboratorsModule":{
          "LeadSponsor":{
            "LeadSponsorName":"National Center for Complementary and Integrative Health (NCCIH)",
            "LeadSponsorClass":"NIH"
          }
        },
        "OversightModule":{},
        "DescriptionModule":{
          "BriefSummary":"Fibromyalgia (FM), one of the most common rheumatic conditions, is a condition of unknown etiology characterized by widespread muscle pain and stiffness. Treatment is generally unsatisfactory and most randomized, controlled treatment trials have been unable to demonstrate a sustained effective intervention. A single, brief trial of electroacupuncture demonstrated remarkable improvement among patients with FM, although lasting effects were not evaluated. Nonetheless, the recently published National Institutes of Health Consensus Development Statement on Acupuncture says \"musculoskeletal conditions such as fibromyalgia, myofascial pain ....are conditions for which acupuncture may be beneficial\". Thus, 96 patients will be recruited from a referral clinic for fatigue for a 12 week (24 treatments) trial. These patients will be randomized into 3 control groups and 1 \"true\" acupuncture group. The control groups will consist of a group receiving acupuncture treatment for an unrelated condition (morning sickness), a group receiving needle insertion at non-channel, non-point locations, and a \"true\" placebo group. This latter group will have acupuncture needle guides tapped on the skin, then needles tapped. Thus, the specific aims of this study are to 1) evaluate the short and long term efficacy and side effects of a 12 week randomized, controlled trial of bi-weekly acupuncture in the treatment of FM; 2) establish the most useful and scientifically sound control group for studies of acupuncture using FM as a model for conditions characterized by chronic pain; 3) use both subjective and objective measures of overall health and pain to determine the optimal time length of treatment; and 4) examine the concordance of allopathic and acupuncture-based measures of outcome. For the purposes of this study, subjects will be asked to complete a unique set of study measures at enrollment, at 4, 8, and 12 weeks, and then again at 1 and 6 months post-treatment. Our primary outcomes will be patient global assessment, subjective pain, and mean number of tender points. Secondary outcomes will be pain threshold, analgesic use, physician global assessment, functional status, sleep, psychological distress, and fatigue. Thus, this trial will have both immediate and longer term implications for the scientific study of acupuncture as well as the clinical care of the estimated 5 million patients with FM in the US. From a methodological point of view, the proposed trial will establish the most appropriate methods for choosing a control group should larger trials be conducted, suggest the optimum duration of treatment, and evaluate the utility of diverse allopathic and alternative outcome measures. Of equal importance, however, this research will test and potentially establish the effectiveness of acupuncture.",
          "DetailedDescription":"See brief summary"
        },
        "ConditionsModule":{
          "ConditionList":{
            "Condition":[
              "Fibromyalgia"
            ]
          }
        },
        "DesignModule":{
          "StudyType":"Interventional",
          "PhaseList":{
            "Phase":[
              "Phase 1"
            ]
          },
          "DesignInfo":{
            "DesignAllocation":"Randomized",
            "DesignPrimaryPurpose":"Treatment"
          }
        },
        "ArmsInterventionsModule":{
          "InterventionList":{
            "Intervention":[
              {
                "InterventionType":"Procedure",
                "InterventionName":"Acupuncture"
              }
            ]
          }
        },
        "EligibilityModule":{
          "EligibilityCriteria":"Inclusion Criteria:\n\nNon-pregnant, non-nursing\nHave FM as diagnosed according to the 1990 ACR guidelines at some time but not necessarily currently\nHave a global pain score of >4 on a visual analog scale (VAS, 1=no pain, 10=worst pain)\nNot have another concurrent medical condition associated with significant diffuse neuropathic, musculoskeletal, or joint pain such as diabetic neuropathy, systemic lupus erythematosus, rheumatoid arthritis or severe multi-joint degenerative joint disease\nNot have a history of, or any clinical indication of, a bleeding diathesis\nNot be using narcotics on daily, regular basis\nNot have previously received acupuncture (i.e., be acupuncture naive)\nNot be concurrently participating in any other clinical trials\nTry to stay on a stable medical regiment during the entire course of treatment\nWilling to undergo randomization\nLive within one hour of a treatment site and able to come on a regular basis for treatments\nNot have a pacemaker\nBe able to give consent",
          "HealthyVolunteers":"No",
          "Gender":"All",
          "MinimumAge":"18 Years",
          "StdAgeList":{
            "StdAge":[
              "Adult",
              "Older Adult"
            ]
          }
        },
        "ContactsLocationsModule":{
          "OverallOfficialList":{
            "OverallOfficial":[
              {
                "OverallOfficialName":"Debra S. Buchwald, MD",
                "OverallOfficialAffiliation":"Harborview Injury Prevention and Research Center",
                "OverallOfficialRole":"Principal Investigator"
              }
            ]
          },
          "LocationList":{
            "Location":[
              {
                "LocationFacility":"Harborview Medical Center",
                "LocationCity":"Seattle",
                "LocationState":"Washington",
                "LocationZip":"98104",
                "LocationCountry":"United States"
              }
            ]
          }
        }
      },
      "DerivedSection":{
        "MiscInfoModule":{
          "VersionHolder":"April 19, 2021"
        },
        "ConditionBrowseModule":{
          "ConditionMeshList":{
            "ConditionMesh":[
              {
                "ConditionMeshId":"D000005356",
                "ConditionMeshTerm":"Fibromyalgia"
              },{
                "ConditionMeshId":"D000009209",
                "ConditionMeshTerm":"Myofascial Pain Syndromes"
              }
            ]
          },
          "ConditionAncestorList":{
            "ConditionAncestor":[
              {
                "ConditionAncestorId":"D000009135",
                "ConditionAncestorTerm":"Muscular Diseases"
              },{
                "ConditionAncestorId":"D000009140",
                "ConditionAncestorTerm":"Musculoskeletal Diseases"
              },{
                "ConditionAncestorId":"D000012216",
                "ConditionAncestorTerm":"Rheumatic Diseases"
              },{
                "ConditionAncestorId":"D000009468",
                "ConditionAncestorTerm":"Neuromuscular Diseases"
              },{
                "ConditionAncestorId":"D000009422",
                "ConditionAncestorTerm":"Nervous System Diseases"
              }
            ]
          },
          "ConditionBrowseLeafList":{
            "ConditionBrowseLeaf":[
              {
                "ConditionBrowseLeafId":"M7069",
                "ConditionBrowseLeafName":"Fibromyalgia",
                "ConditionBrowseLeafAsFound":"Fibromyalgia",
                "ConditionBrowseLeafRelevance":"high"
              },{
                "ConditionBrowseLeafId":"M10744",
                "ConditionBrowseLeafName":"Myofascial Pain Syndromes",
                "ConditionBrowseLeafAsFound":"Fibromyalgia",
                "ConditionBrowseLeafRelevance":"high"
              },{
                "ConditionBrowseLeafId":"M14938",
                "ConditionBrowseLeafName":"Syndrome",
                "ConditionBrowseLeafRelevance":"low"
              },{
                "ConditionBrowseLeafId":"M11649",
                "ConditionBrowseLeafName":"Pain",
                "ConditionBrowseLeafRelevance":"low"
              },{
                "ConditionBrowseLeafId":"M10675",
                "ConditionBrowseLeafName":"Muscular Diseases",
                "ConditionBrowseLeafRelevance":"low"
              },{
                "ConditionBrowseLeafId":"M10680",
                "ConditionBrowseLeafName":"Musculoskeletal Diseases",
                "ConditionBrowseLeafRelevance":"low"
              },{
                "ConditionBrowseLeafId":"M13628",
                "ConditionBrowseLeafName":"Rheumatic Diseases",
                "ConditionBrowseLeafRelevance":"low"
              },{
                "ConditionBrowseLeafId":"M4906",
                "ConditionBrowseLeafName":"Collagen Diseases",
                "ConditionBrowseLeafRelevance":"low"
              },{
                "ConditionBrowseLeafId":"M10994",
                "ConditionBrowseLeafName":"Neuromuscular Diseases",
                "ConditionBrowseLeafRelevance":"low"
              }
            ]
          },
          "ConditionBrowseBranchList":{
            "ConditionBrowseBranch":[
              {
                "ConditionBrowseBranchAbbrev":"BC05",
                "ConditionBrowseBranchName":"Muscle, Bone, and Cartilage Diseases"
              },{
                "ConditionBrowseBranchAbbrev":"BC10",
                "ConditionBrowseBranchName":"Nervous System Diseases"
              },{
                "ConditionBrowseBranchAbbrev":"All",
                "ConditionBrowseBranchName":"All Conditions"
              },{
                "ConditionBrowseBranchAbbrev":"BC23",
                "ConditionBrowseBranchName":"Symptoms and General Pathology"
              },{
                "ConditionBrowseBranchAbbrev":"BC17",
                "ConditionBrowseBranchName":"Skin and Connective Tissue Diseases"
              }
            ]
          }
        }
      }
    }
  }
}

