{
  "FullStudy":{
    "Rank":368558,
    "Study":{
      "ProtocolSection":{
        "IdentificationModule":{
          "NCTId":"NCT00014560",
          "OrgStudyIdInfo":{
            "OrgStudyId":"CDR0000068556"
          },
          "SecondaryIdInfoList":{
            "SecondaryIdInfo":[
              {
                "SecondaryId":"P30CA023108",
                "SecondaryIdType":"U.S. NIH Grant/Contract",
                "SecondaryIdLink":"https://projectreporter.nih.gov/reporterapi.cfm?PROJECTNUM=P30CA023108&Fy=all"
              },{
                "SecondaryId":"DMS-9806"
              },{
                "SecondaryId":"NCI-G01-1936"
              }
            ]
          },
          "Organization":{
            "OrgFullName":"Dartmouth-Hitchcock Medical Center",
            "OrgClass":"OTHER"
          },
          "BriefTitle":"Antibody Therapy in Treating Patients With Refractory or Relapsed Non-Hodgkin's Lymphoma or Chronic Lymphocytic Leukemia",
          "OfficialTitle":"Phase I Trial Of Intravenous Bispecific Antibody (4G7XH22) In Patients With Refractory Or Relapsed Non-Hodgkin's Lymphoma Or Chronic Lymphocytic Leukemia (CLL)"
        },
        "StatusModule":{
          "StatusVerifiedDate":"April 2018",
          "OverallStatus":"Terminated",
          "WhyStopped":"Medarex (supplier of BsAb) stopped study due to toxicities experienced at other sites on unrelated trials halting manufacturing of BsAb",
          "ExpandedAccessInfo":{
            "HasExpandedAccess":"No"
          },
          "StartDateStruct":{
            "StartDate":"September 28, 2000",
            "StartDateType":"Actual"
          },
          "PrimaryCompletionDateStruct":{
            "PrimaryCompletionDate":"February 14, 2003",
            "PrimaryCompletionDateType":"Actual"
          },
          "CompletionDateStruct":{
            "CompletionDate":"February 14, 2003",
            "CompletionDateType":"Actual"
          },
          "StudyFirstSubmitDate":"April 10, 2001",
          "StudyFirstSubmitQCDate":"July 29, 2003",
          "StudyFirstPostDateStruct":{
            "StudyFirstPostDate":"July 30, 2003",
            "StudyFirstPostDateType":"Estimate"
          },
          "ResultsFirstSubmitDate":"April 2, 2013",
          "ResultsFirstSubmitQCDate":"August 1, 2013",
          "ResultsFirstPostDateStruct":{
            "ResultsFirstPostDate":"August 5, 2013",
            "ResultsFirstPostDateType":"Estimate"
          },
          "LastUpdateSubmitDate":"April 2, 2018",
          "LastUpdatePostDateStruct":{
            "LastUpdatePostDate":"May 3, 2018",
            "LastUpdatePostDateType":"Actual"
          }
        },
        "SponsorCollaboratorsModule":{
          "ResponsibleParty":{
            "ResponsiblePartyType":"Sponsor"
          },
          "LeadSponsor":{
            "LeadSponsorName":"Dartmouth-Hitchcock Medical Center",
            "LeadSponsorClass":"OTHER"
          },
          "CollaboratorList":{
            "Collaborator":[
              {
                "CollaboratorName":"National Cancer Institute (NCI)",
                "CollaboratorClass":"NIH"
              }
            ]
          }
        },
        "OversightModule":{},
        "DescriptionModule":{
          "BriefSummary":"RATIONALE: Antibodies can locate tumor cells and either kill them or deliver tumor-killing substances to them without harming normal cells.\n\nPURPOSE: Phase I trial to study the effectiveness of antibody therapy in treating patients who have refractory or relapsed non-Hodgkin's lymphoma or chronic lymphocytic leukemia.",
          "DetailedDescription":"OBJECTIVES:\n\nDetermine the maximum tolerated dose and dose-limiting toxicity of bispecific antibody 4G7xH22 in patients with relapsed or refractory non-Hodgkin's lymphoma or chronic lymphocytic leukemia.\nAssess the clinical toxicity of this antibody in these patients.\n\nOUTLINE: This is a dose escalation study of bispecific antibody (BsAb) 4G7xH22.\n\nPatients receive sargramostim (GM-CSF) subcutaneously on day 1 and BsAb 4G7xH22 IV over 2 hours on day 2. Treatment repeats weekly for a total of 3 courses in the absence of unacceptable toxicity.\n\nCohorts of 3-6 patients receive escalating doses of BsAb 4G7xH22 until the maximum tolerated dose (MTD) is determined. The MTD is defined as the dose preceding that at which 2 of 3 or 6 patients experience dose-limiting toxicity.\n\nPatients are followed weekly for 4 weeks, monthly for 3 months, and then periodically for 1 year.\n\nPROJECTED ACCRUAL: Approximately 18 patients will be accrued for this study."
        },
        "ConditionsModule":{
          "ConditionList":{
            "Condition":[
              "Leukemia",
              "Lymphoma"
            ]
          },
          "KeywordList":{
            "Keyword":[
              "refractory chronic lymphocytic leukemia",
              "recurrent grade 1 follicular lymphoma",
              "recurrent grade 2 follicular lymphoma",
              "recurrent grade 3 follicular lymphoma",
              "recurrent adult diffuse small cleaved cell lymphoma",
              "recurrent adult diffuse mixed cell lymphoma",
              "recurrent adult diffuse large cell lymphoma",
              "recurrent adult immunoblastic large cell lymphoma",
              "recurrent adult lymphoblastic lymphoma",
              "recurrent adult Burkitt lymphoma",
              "recurrent mantle cell lymphoma",
              "recurrent small lymphocytic lymphoma"
            ]
          }
        },
        "DesignModule":{
          "StudyType":"Interventional",
          "PhaseList":{
            "Phase":[
              "Phase 1"
            ]
          },
          "DesignInfo":{
            "DesignPrimaryPurpose":"Treatment",
            "DesignMaskingInfo":{
              "DesignMasking":"None (Open Label)"
            }
          },
          "EnrollmentInfo":{
            "EnrollmentCount":"3",
            "EnrollmentType":"Actual"
          }
        },
        "ArmsInterventionsModule":{
          "ArmGroupList":{
            "ArmGroup":[
              {
                "ArmGroupLabel":"Single arm",
                "ArmGroupType":"Experimental",
                "ArmGroupDescription":"Antibody",
                "ArmGroupInterventionList":{
                  "ArmGroupInterventionName":[
                    "Biological: bispecific antibody 4G7xH22",
                    "Biological: sargramostim"
                  ]
                }
              }
            ]
          },
          "InterventionList":{
            "Intervention":[
              {
                "InterventionType":"Biological",
                "InterventionName":"bispecific antibody 4G7xH22",
                "InterventionArmGroupLabelList":{
                  "InterventionArmGroupLabel":[
                    "Single arm"
                  ]
                }
              },{
                "InterventionType":"Biological",
                "InterventionName":"sargramostim",
                "InterventionArmGroupLabelList":{
                  "InterventionArmGroupLabel":[
                    "Single arm"
                  ]
                }
              }
            ]
          }
        },
        "OutcomesModule":{
          "PrimaryOutcomeList":{
            "PrimaryOutcome":[
              {
                "PrimaryOutcomeMeasure":"Clinical Toxicity",
                "PrimaryOutcomeDescription":"This study was prematurely ended by the sponsor Medarex (supplier of BsAb) due to toxicities experienced at other sites on unrelated trials leading to the decision that Medarex would not be manufacturing the investigational product (BsAb).",
                "PrimaryOutcomeTimeFrame":"day 1-29"
              },{
                "PrimaryOutcomeMeasure":"Determine the Maximum Tolerated Dose (MTD) and Dose Limiting Toxicity (DLT) of BsAb 4G7 x 22",
                "PrimaryOutcomeDescription":"This study was prematurely ended by the sponsor Medarex (supplier of BsAb) due to toxicities experienced at other sites on unrelated trials leading to the decision that Medarex would not be manufacturing the investigational product (BsAb).",
                "PrimaryOutcomeTimeFrame":"Day 1-29"
              }
            ]
          },
          "SecondaryOutcomeList":{
            "SecondaryOutcome":[
              {
                "SecondaryOutcomeMeasure":"Serum Markers of Macrophage Activation",
                "SecondaryOutcomeDescription":"This study was prematurely ended by the sponsor Medarex (supplier of BsAb) due to toxicities experienced at other sites on unrelated trials leading to the decision that Medarex would not be manufacturing the investigational product (BsAb).",
                "SecondaryOutcomeTimeFrame":"Day 1 Hours 0,2,4,6,24, day 15 Hours 0,2,4,6,24"
              }
            ]
          }
        },
        "EligibilityModule":{
          "EligibilityCriteria":"DISEASE CHARACTERISTICS:\n\nDiagnosis of CD19+ non-Hodgkin's lymphoma or chronic lymphocytic leukemia\n\nPrimary refractory or multiply relapsed (after at least 2 prior chemotherapy regimens) disease\nIneligible for bone marrow or peripheral blood stem cell transplantation\n\nPATIENT CHARACTERISTICS:\n\nAge:\n\nOver 18\n\nPerformance status:\n\nECOG 0-2\n\nLife expectancy:\n\nMore than 3 months\n\nHematopoietic:\n\nWBC greater than 3,000/mm^3\nPlatelet count greater than 100,000/mm^3\nAbsolute neutrophil count greater than 1,500/mm^3\n\nHepatic:\n\nBilirubin less than 1.5 mg/dL\nAlkaline phosphatase less than 2 times normal\nSGPT less than 2 times normal\n\nRenal:\n\nCreatinine clearance greater than 50 mL/min\n\nOther:\n\nNo human-anti-murine-antibody response to prior murine monoclonal antibodies\nNo immunological or inflammatory disease (e.g., lupus erythematosus)\nNo active serious infection\nNo other serious medical condition that would limit survival to less than 2 years\nNo other active malignancy except non-melanoma skin cancer or carcinoma in situ of the cervix\nNo psychiatric or addictive disorder that would preclude study\nNot pregnant or nursing\nFertile patients must use effective contraception\n\nPRIOR CONCURRENT THERAPY:\n\nBiologic therapy:\n\nPrior immunotherapy allowed\n\nChemotherapy:\n\nSee Disease Characteristics\nNo concurrent chemotherapy\n\nEndocrine therapy:\n\nConcurrent steroids for adrenal failure or adverse reactions to study drug allowed\nConcurrent hormonal therapy for non-disease related conditions (e.g., insulin for diabetes) allowed\n\nRadiotherapy:\n\nNot specified\n\nSurgery:\n\nNot specified",
          "HealthyVolunteers":"No",
          "Gender":"All",
          "MinimumAge":"18 Years",
          "MaximumAge":"120 Years",
          "StdAgeList":{
            "StdAge":[
              "Adult",
              "Older Adult"
            ]
          }
        },
        "ContactsLocationsModule":{
          "OverallOfficialList":{
            "OverallOfficial":[
              {
                "OverallOfficialName":"Pamela Ely, MD",
                "OverallOfficialAffiliation":"Norris Cotton Cancer Center",
                "OverallOfficialRole":"Study Chair"
              }
            ]
          },
          "LocationList":{
            "Location":[
              {
                "LocationFacility":"Norris Cotton Cancer Center",
                "LocationCity":"Lebanon",
                "LocationState":"New Hampshire",
                "LocationZip":"03756-0002",
                "LocationCountry":"United States"
              }
            ]
          }
        }
      },
      "ResultsSection":{
        "ParticipantFlowModule":{
          "FlowGroupList":{
            "FlowGroup":[
              {
                "FlowGroupId":"FG000",
                "FlowGroupTitle":"Single Arm",
                "FlowGroupDescription":"This is a Phase 1a/1b trial. three patients will be treated at dose level 1.If no Grade 3 or 4 toxicities, the next dose level will be given to a new cohort of three. If 1 of 3 patients suffer Grade 3 or 4 toxicity, an additional 3 patients will be treated at same dose level.if 1/6 have a Grade 3 or 4 toxicity, proceed to next dose level with a cohort of 3 patients. If > 1/6 experience garde 3 or 4 toxicity, the DLT has been reached and the MTD is the dose level prior. Six patients will be treated at the MTD."
              }
            ]
          },
          "FlowPeriodList":{
            "FlowPeriod":[
              {
                "FlowPeriodTitle":"Overall Study",
                "FlowMilestoneList":{
                  "FlowMilestone":[
                    {
                      "FlowMilestoneType":"STARTED",
                      "FlowAchievementList":{
                        "FlowAchievement":[
                          {
                            "FlowAchievementGroupId":"FG000",
                            "FlowAchievementNumSubjects":"3"
                          }
                        ]
                      }
                    },{
                      "FlowMilestoneType":"COMPLETED",
                      "FlowAchievementList":{
                        "FlowAchievement":[
                          {
                            "FlowAchievementGroupId":"FG000",
                            "FlowAchievementNumSubjects":"0"
                          }
                        ]
                      }
                    },{
                      "FlowMilestoneType":"NOT COMPLETED",
                      "FlowAchievementList":{
                        "FlowAchievement":[
                          {
                            "FlowAchievementGroupId":"FG000",
                            "FlowAchievementNumSubjects":"3"
                          }
                        ]
                      }
                    }
                  ]
                }
              }
            ]
          }
        },
        "BaselineCharacteristicsModule":{
          "BaselineGroupList":{
            "BaselineGroup":[
              {
                "BaselineGroupId":"BG000",
                "BaselineGroupTitle":"Single Arm",
                "BaselineGroupDescription":"This is a Phase 1a/1b trial. three patients will be treated at dose level 1.If no Grade 3 or 4 toxicities, the next dose level will be given to a new cohort of three. If 1 of 3 patients suffer Grade 3 or 4 toxicity, an additional 3 patients will be treated at same dose level.if 1/6 have a Grade 3 or 4 toxicity, proceed to next dose level with a cohort of 3 patients. If > 1/6 experience garde 3 or 4 toxicity, the DLT has been reached and the MTD is the dose level prior. Six patients will be treated at the MTD."
              }
            ]
          },
          "BaselineDenomList":{
            "BaselineDenom":[
              {
                "BaselineDenomUnits":"Participants",
                "BaselineDenomCountList":{
                  "BaselineDenomCount":[
                    {
                      "BaselineDenomCountGroupId":"BG000",
                      "BaselineDenomCountValue":"3"
                    }
                  ]
                }
              }
            ]
          },
          "BaselineMeasureList":{
            "BaselineMeasure":[
              {
                "BaselineMeasureTitle":"Age, Categorical",
                "BaselineMeasureParamType":"Count of Participants",
                "BaselineMeasureUnitOfMeasure":"Participants",
                "BaselineClassList":{
                  "BaselineClass":[
                    {
                      "BaselineCategoryList":{
                        "BaselineCategory":[
                          {
                            "BaselineCategoryTitle":"<=18 years",
                            "BaselineMeasurementList":{
                              "BaselineMeasurement":[
                                {
                                  "BaselineMeasurementGroupId":"BG000",
                                  "BaselineMeasurementValue":"0"
                                }
                              ]
                            }
                          },{
                            "BaselineCategoryTitle":"Between 18 and 65 years",
                            "BaselineMeasurementList":{
                              "BaselineMeasurement":[
                                {
                                  "BaselineMeasurementGroupId":"BG000",
                                  "BaselineMeasurementValue":"3"
                                }
                              ]
                            }
                          },{
                            "BaselineCategoryTitle":">=65 years",
                            "BaselineMeasurementList":{
                              "BaselineMeasurement":[
                                {
                                  "BaselineMeasurementGroupId":"BG000",
                                  "BaselineMeasurementValue":"0"
                                }
                              ]
                            }
                          }
                        ]
                      }
                    }
                  ]
                }
              },{
                "BaselineMeasureTitle":"Sex: Female, Male",
                "BaselineMeasureParamType":"Count of Participants",
                "BaselineMeasureUnitOfMeasure":"Participants",
                "BaselineClassList":{
                  "BaselineClass":[
                    {
                      "BaselineCategoryList":{
                        "BaselineCategory":[
                          {
                            "BaselineCategoryTitle":"Female",
                            "BaselineMeasurementList":{
                              "BaselineMeasurement":[
                                {
                                  "BaselineMeasurementGroupId":"BG000",
                                  "BaselineMeasurementValue":"1"
                                }
                              ]
                            }
                          },{
                            "BaselineCategoryTitle":"Male",
                            "BaselineMeasurementList":{
                              "BaselineMeasurement":[
                                {
                                  "BaselineMeasurementGroupId":"BG000",
                                  "BaselineMeasurementValue":"2"
                                }
                              ]
                            }
                          }
                        ]
                      }
                    }
                  ]
                }
              },{
                "BaselineMeasureTitle":"Region of Enrollment",
                "BaselineMeasureParamType":"Number",
                "BaselineMeasureUnitOfMeasure":"participants",
                "BaselineClassList":{
                  "BaselineClass":[
                    {
                      "BaselineClassTitle":"United States",
                      "BaselineCategoryList":{
                        "BaselineCategory":[
                          {
                            "BaselineMeasurementList":{
                              "BaselineMeasurement":[
                                {
                                  "BaselineMeasurementGroupId":"BG000",
                                  "BaselineMeasurementValue":"3"
                                }
                              ]
                            }
                          }
                        ]
                      }
                    }
                  ]
                }
              }
            ]
          }
        },
        "OutcomeMeasuresModule":{
          "OutcomeMeasureList":{
            "OutcomeMeasure":[
              {
                "OutcomeMeasureType":"Primary",
                "OutcomeMeasureTitle":"Clinical Toxicity",
                "OutcomeMeasureDescription":"This study was prematurely ended by the sponsor Medarex (supplier of BsAb) due to toxicities experienced at other sites on unrelated trials leading to the decision that Medarex would not be manufacturing the investigational product (BsAb).",
                "OutcomeMeasurePopulationDescription":"This study was prematurely ended by the sponsor Medarex (supplier of BsAb) due to toxicities experienced at other sites on unrelated trials leading to the decision that Medarex would not be manufacturing the investigational product (BsAb).",
                "OutcomeMeasureReportingStatus":"Posted",
                "OutcomeMeasureTimeFrame":"day 1-29",
                "OutcomeGroupList":{
                  "OutcomeGroup":[
                    {
                      "OutcomeGroupId":"OG000",
                      "OutcomeGroupTitle":"Single Arm",
                      "OutcomeGroupDescription":"This is a Phase 1a/1b trial. three patients will be treated at dose level 1.If no Grade 3 or 4 toxicities, the next dose level will be given to a new cohort of three. If 1 of 3 patients suffer Grade 3 or 4 toxicity, an additional 3 patients will be treated at same dose level.if 1/6 have a Grade 3 or 4 toxicity, proceed to next dose level with a cohort of 3 patients. If > 1/6 experience garde 3 or 4 toxicity, the DLT has been reached and the MTD is the dose level prior. Six patients will be treated at the MTD."
                    }
                  ]
                },
                "OutcomeDenomList":{
                  "OutcomeDenom":[
                    {
                      "OutcomeDenomUnits":"Participants",
                      "OutcomeDenomCountList":{
                        "OutcomeDenomCount":[
                          {
                            "OutcomeDenomCountGroupId":"OG000",
                            "OutcomeDenomCountValue":"0"
                          }
                        ]
                      }
                    }
                  ]
                }
              },{
                "OutcomeMeasureType":"Primary",
                "OutcomeMeasureTitle":"Determine the Maximum Tolerated Dose (MTD) and Dose Limiting Toxicity (DLT) of BsAb 4G7 x 22",
                "OutcomeMeasureDescription":"This study was prematurely ended by the sponsor Medarex (supplier of BsAb) due to toxicities experienced at other sites on unrelated trials leading to the decision that Medarex would not be manufacturing the investigational product (BsAb).",
                "OutcomeMeasureReportingStatus":"Not Posted",
                "OutcomeMeasureTimeFrame":"Day 1-29",
                "OutcomeMeasureDenomUnitsSelected":"Participants"
              },{
                "OutcomeMeasureType":"Secondary",
                "OutcomeMeasureTitle":"Serum Markers of Macrophage Activation",
                "OutcomeMeasureDescription":"This study was prematurely ended by the sponsor Medarex (supplier of BsAb) due to toxicities experienced at other sites on unrelated trials leading to the decision that Medarex would not be manufacturing the investigational product (BsAb).",
                "OutcomeMeasureReportingStatus":"Not Posted",
                "OutcomeMeasureTimeFrame":"Day 1 Hours 0,2,4,6,24, day 15 Hours 0,2,4,6,24",
                "OutcomeMeasureDenomUnitsSelected":"Participants"
              }
            ]
          }
        },
        "AdverseEventsModule":{
          "EventsFrequencyThreshold":"5",
          "EventGroupList":{
            "EventGroup":[
              {
                "EventGroupId":"EG000",
                "EventGroupTitle":"Single Arm",
                "EventGroupDescription":"This is a Phase 1a/1b trial. three patients will be treated at dose level 1.If no Grade 3 or 4 toxicities, the next dose level will be given to a new cohort of three. If 1 of 3 patients suffer Grade 3 or 4 toxicity, an additional 3 patients will be treated at same dose level.if 1/6 have a Grade 3 or 4 toxicity, proceed to next dose level with a cohort of 3 patients. If > 1/6 experience garde 3 or 4 toxicity, the DLT has been reached and the MTD is the dose level prior. Six patients will be treated at the MTD.",
                "EventGroupSeriousNumAffected":"0",
                "EventGroupSeriousNumAtRisk":"3",
                "EventGroupOtherNumAffected":"0",
                "EventGroupOtherNumAtRisk":"3"
              }
            ]
          }
        },
        "MoreInfoModule":{
          "CertainAgreement":{
            "AgreementPISponsorEmployee":"Yes"
          },
          "PointOfContact":{
            "PointOfContactTitle":"Dr. Pamela Ely",
            "PointOfContactOrganization":"Dartmouth Hitchcock",
            "PointOfContactPhone":"603-653-9071"
          }
        }
      },
      "DerivedSection":{
        "MiscInfoModule":{
          "VersionHolder":"April 19, 2021"
        },
        "ConditionBrowseModule":{
          "ConditionMeshList":{
            "ConditionMesh":[
              {
                "ConditionMeshId":"D000008223",
                "ConditionMeshTerm":"Lymphoma"
              },{
                "ConditionMeshId":"D000007938",
                "ConditionMeshTerm":"Leukemia"
              },{
                "ConditionMeshId":"D000008228",
                "ConditionMeshTerm":"Lymphoma, Non-Hodgkin"
              },{
                "ConditionMeshId":"D000007945",
                "ConditionMeshTerm":"Leukemia, Lymphoid"
              },{
                "ConditionMeshId":"D000015451",
                "ConditionMeshTerm":"Leukemia, Lymphocytic, Chronic, B-Cell"
              }
            ]
          },
          "ConditionAncestorList":{
            "ConditionAncestor":[
              {
                "ConditionAncestorId":"D000009370",
                "ConditionAncestorTerm":"Neoplasms by Histologic Type"
              },{
                "ConditionAncestorId":"D000009369",
                "ConditionAncestorTerm":"Neoplasms"
              },{
                "ConditionAncestorId":"D000008232",
                "ConditionAncestorTerm":"Lymphoproliferative Disorders"
              },{
                "ConditionAncestorId":"D000008206",
                "ConditionAncestorTerm":"Lymphatic Diseases"
              },{
                "ConditionAncestorId":"D000007160",
                "ConditionAncestorTerm":"Immunoproliferative Disorders"
              },{
                "ConditionAncestorId":"D000007154",
                "ConditionAncestorTerm":"Immune System Diseases"
              },{
                "ConditionAncestorId":"D000015448",
                "ConditionAncestorTerm":"Leukemia, B-Cell"
              }
            ]
          },
          "ConditionBrowseLeafList":{
            "ConditionBrowseLeaf":[
              {
                "ConditionBrowseLeafId":"M9528",
                "ConditionBrowseLeafName":"Leukemia",
                "ConditionBrowseLeafAsFound":"Leukemia",
                "ConditionBrowseLeafRelevance":"high"
              },{
                "ConditionBrowseLeafId":"M9803",
                "ConditionBrowseLeafName":"Lymphoma",
                "ConditionBrowseLeafAsFound":"Lymphoma",
                "ConditionBrowseLeafRelevance":"high"
              },{
                "ConditionBrowseLeafId":"M20891",
                "ConditionBrowseLeafName":"Lymphoma, Mantle-Cell",
                "ConditionBrowseLeafRelevance":"low"
              },{
                "ConditionBrowseLeafId":"M9805",
                "ConditionBrowseLeafName":"Lymphoma, Non-Hodgkin",
                "ConditionBrowseLeafAsFound":"Non-Hodgkin's Lymphoma",
                "ConditionBrowseLeafRelevance":"high"
              },{
                "ConditionBrowseLeafId":"M9534",
                "ConditionBrowseLeafName":"Leukemia, Lymphoid",
                "ConditionBrowseLeafAsFound":"Lymphocytic Leukemia",
                "ConditionBrowseLeafRelevance":"high"
              },{
                "ConditionBrowseLeafId":"M17414",
                "ConditionBrowseLeafName":"Lymphoma, Large B-Cell, Diffuse",
                "ConditionBrowseLeafRelevance":"low"
              },{
                "ConditionBrowseLeafId":"M16699",
                "ConditionBrowseLeafName":"Leukemia, Lymphocytic, Chronic, B-Cell",
                "ConditionBrowseLeafAsFound":"Chronic Lymphocytic Leukemia",
                "ConditionBrowseLeafRelevance":"high"
              },{
                "ConditionBrowseLeafId":"M9804",
                "ConditionBrowseLeafName":"Lymphoma, Follicular",
                "ConditionBrowseLeafRelevance":"low"
              },{
                "ConditionBrowseLeafId":"M26172",
                "ConditionBrowseLeafName":"Precursor Cell Lymphoblastic Leukemia-Lymphoma",
                "ConditionBrowseLeafRelevance":"low"
              },{
                "ConditionBrowseLeafId":"M3903",
                "ConditionBrowseLeafName":"Burkitt Lymphoma",
                "ConditionBrowseLeafRelevance":"low"
              },{
                "ConditionBrowseLeafId":"M381",
                "ConditionBrowseLeafName":"Plasmablastic Lymphoma",
                "ConditionBrowseLeafRelevance":"low"
              },{
                "ConditionBrowseLeafId":"M17413",
                "ConditionBrowseLeafName":"Lymphoma, Large-Cell, Immunoblastic",
                "ConditionBrowseLeafRelevance":"low"
              },{
                "ConditionBrowseLeafId":"M10898",
                "ConditionBrowseLeafName":"Neoplasms by Histologic Type",
                "ConditionBrowseLeafRelevance":"low"
              },{
                "ConditionBrowseLeafId":"M9808",
                "ConditionBrowseLeafName":"Lymphoproliferative Disorders",
                "ConditionBrowseLeafRelevance":"low"
              },{
                "ConditionBrowseLeafId":"M9786",
                "ConditionBrowseLeafName":"Lymphatic Diseases",
                "ConditionBrowseLeafRelevance":"low"
              },{
                "ConditionBrowseLeafId":"M8789",
                "ConditionBrowseLeafName":"Immunoproliferative Disorders",
                "ConditionBrowseLeafRelevance":"low"
              },{
                "ConditionBrowseLeafId":"M8783",
                "ConditionBrowseLeafName":"Immune System Diseases",
                "ConditionBrowseLeafRelevance":"low"
              },{
                "ConditionBrowseLeafId":"M16698",
                "ConditionBrowseLeafName":"Leukemia, B-Cell",
                "ConditionBrowseLeafRelevance":"low"
              },{
                "ConditionBrowseLeafId":"T3543",
                "ConditionBrowseLeafName":"Lymphosarcoma",
                "ConditionBrowseLeafAsFound":"Lymphoma",
                "ConditionBrowseLeafRelevance":"high"
              },{
                "ConditionBrowseLeafId":"T3601",
                "ConditionBrowseLeafName":"Mantle Cell Lymphoma",
                "ConditionBrowseLeafRelevance":"low"
              },{
                "ConditionBrowseLeafId":"T1866",
                "ConditionBrowseLeafName":"Diffuse Large B-Cell Lymphoma",
                "ConditionBrowseLeafRelevance":"low"
              },{
                "ConditionBrowseLeafId":"T1308",
                "ConditionBrowseLeafName":"Chronic Lymphocytic Leukemia",
                "ConditionBrowseLeafAsFound":"Chronic Lymphocytic Leukemia",
                "ConditionBrowseLeafRelevance":"high"
              },{
                "ConditionBrowseLeafId":"T2361",
                "ConditionBrowseLeafName":"Follicular Lymphoma",
                "ConditionBrowseLeafRelevance":"low"
              },{
                "ConditionBrowseLeafId":"T175",
                "ConditionBrowseLeafName":"Acute Lymphoblastic Leukemia",
                "ConditionBrowseLeafRelevance":"low"
              },{
                "ConditionBrowseLeafId":"T3533",
                "ConditionBrowseLeafName":"Lymphoblastic Lymphoma",
                "ConditionBrowseLeafRelevance":"low"
              },{
                "ConditionBrowseLeafId":"T892",
                "ConditionBrowseLeafName":"Burkitt Lymphoma",
                "ConditionBrowseLeafRelevance":"low"
              },{
                "ConditionBrowseLeafId":"T4586",
                "ConditionBrowseLeafName":"Plasmablastic Lymphoma",
                "ConditionBrowseLeafRelevance":"low"
              },{
                "ConditionBrowseLeafId":"T3539",
                "ConditionBrowseLeafName":"Lymphoma, Large-cell, Immunoblastic",
                "ConditionBrowseLeafRelevance":"low"
              }
            ]
          },
          "ConditionBrowseBranchList":{
            "ConditionBrowseBranch":[
              {
                "ConditionBrowseBranchAbbrev":"BC04",
                "ConditionBrowseBranchName":"Cancers and Other Neoplasms"
              },{
                "ConditionBrowseBranchAbbrev":"All",
                "ConditionBrowseBranchName":"All Conditions"
              },{
                "ConditionBrowseBranchAbbrev":"BC15",
                "ConditionBrowseBranchName":"Blood and Lymph Conditions"
              },{
                "ConditionBrowseBranchAbbrev":"BC20",
                "ConditionBrowseBranchName":"Immune System Diseases"
              },{
                "ConditionBrowseBranchAbbrev":"BC02",
                "ConditionBrowseBranchName":"Viral Diseases"
              },{
                "ConditionBrowseBranchAbbrev":"Rare",
                "ConditionBrowseBranchName":"Rare Diseases"
              }
            ]
          }
        },
        "InterventionBrowseModule":{
          "InterventionMeshList":{
            "InterventionMesh":[
              {
                "InterventionMeshId":"D000000906",
                "InterventionMeshTerm":"Antibodies"
              },{
                "InterventionMeshId":"C000081222",
                "InterventionMeshTerm":"Sargramostim"
              },{
                "InterventionMeshId":"D000018033",
                "InterventionMeshTerm":"Antibodies, Bispecific"
              }
            ]
          },
          "InterventionAncestorList":{
            "InterventionAncestor":[
              {
                "InterventionAncestorId":"D000007155",
                "InterventionAncestorTerm":"Immunologic Factors"
              },{
                "InterventionAncestorId":"D000045505",
                "InterventionAncestorTerm":"Physiological Effects of Drugs"
              }
            ]
          },
          "InterventionBrowseLeafList":{
            "InterventionBrowseLeaf":[
              {
                "InterventionBrowseLeafId":"M2806",
                "InterventionBrowseLeafName":"Antibodies",
                "InterventionBrowseLeafAsFound":"Sessions",
                "InterventionBrowseLeafRelevance":"high"
              },{
                "InterventionBrowseLeafId":"M8767",
                "InterventionBrowseLeafName":"Immunoglobulins",
                "InterventionBrowseLeafRelevance":"low"
              },{
                "InterventionBrowseLeafId":"M266484",
                "InterventionBrowseLeafName":"Molgramostim",
                "InterventionBrowseLeafRelevance":"low"
              },{
                "InterventionBrowseLeafId":"M267719",
                "InterventionBrowseLeafName":"Sargramostim",
                "InterventionBrowseLeafAsFound":"Irinotecan",
                "InterventionBrowseLeafRelevance":"high"
              },{
                "InterventionBrowseLeafId":"M18777",
                "InterventionBrowseLeafName":"Antibodies, Bispecific",
                "InterventionBrowseLeafAsFound":"Lung Cancer Screening",
                "InterventionBrowseLeafRelevance":"high"
              },{
                "InterventionBrowseLeafId":"M8784",
                "InterventionBrowseLeafName":"Immunologic Factors",
                "InterventionBrowseLeafRelevance":"low"
              }
            ]
          },
          "InterventionBrowseBranchList":{
            "InterventionBrowseBranch":[
              {
                "InterventionBrowseBranchAbbrev":"All",
                "InterventionBrowseBranchName":"All Drugs and Chemicals"
              },{
                "InterventionBrowseBranchAbbrev":"ANeo",
                "InterventionBrowseBranchName":"Antineoplastic Agents"
              }
            ]
          }
        }
      }
    }
  }
}

