{
  "FullStudy":{
    "Rank":368341,
    "Study":{
      "ProtocolSection":{
        "IdentificationModule":{
          "NCTId":"NCT00017927",
          "OrgStudyIdInfo":{
            "OrgStudyId":"010197"
          },
          "SecondaryIdInfoList":{
            "SecondaryIdInfo":[
              {
                "SecondaryId":"01-D-0197"
              }
            ]
          },
          "Organization":{
            "OrgFullName":"National Institutes of Health Clinical Center (CC)",
            "OrgClass":"NIH"
          },
          "BriefTitle":"A Study of the Effects of Pegvisomant on Growth Hormone Excess in McCune-Albright Syndrome",
          "OfficialTitle":"A Study of the Effects of Pegvisomant on Growth Hormone Excess in McCune-Albright Syndrome"
        },
        "StatusModule":{
          "StatusVerifiedDate":"June 2005",
          "OverallStatus":"Completed",
          "ExpandedAccessInfo":{
            "HasExpandedAccess":"No"
          },
          "StartDateStruct":{
            "StartDate":"June 2001"
          },
          "CompletionDateStruct":{
            "CompletionDate":"June 2005"
          },
          "StudyFirstSubmitDate":"June 20, 2001",
          "StudyFirstSubmitQCDate":"June 20, 2001",
          "StudyFirstPostDateStruct":{
            "StudyFirstPostDate":"June 21, 2001",
            "StudyFirstPostDateType":"Estimate"
          },
          "LastUpdateSubmitDate":"March 3, 2008",
          "LastUpdatePostDateStruct":{
            "LastUpdatePostDate":"March 4, 2008",
            "LastUpdatePostDateType":"Estimate"
          }
        },
        "SponsorCollaboratorsModule":{
          "LeadSponsor":{
            "LeadSponsorName":"National Institute of Dental and Craniofacial Research (NIDCR)",
            "LeadSponsorClass":"NIH"
          }
        },
        "OversightModule":{},
        "DescriptionModule":{
          "BriefSummary":"This study will examine the effect of pegvisomant on growth hormone excess in patients with McCune-Albright syndrome (MAS). Patients with this disease have polyostotic fibrous dysplasia-a condition in which areas of normal bone are replaced with fibrous growth similar to scar tissue, abnormal skin pigmentation (birth marks) and precocious (early) puberty. About 10 percent of patients have excess growth hormone (GH). GH stimulates the production of another hormone called insulin-like growth factor 1 (IGF-1). Together, GH and IGF-1 affect bone growth. The excess of these hormones in MAS can cause overgrowth of the bones of the face, hands and feet, excess sweating, or increased height.\n\nPegvisomant is a synthetic drug that binds to cell receptors where GH would normally bind, thus preventing the naturally occurring hormone from stimulating IGF-1 and bone growth as it normally would. This study will see if pegvisomant will reduce blood levels of IGF-1 and mitigate the effects of growth hormone excess, including bone pain, bone turnover, hand and foot swelling and sweating, and abnormal levels of related hormones.\n\nPatients who were screened for polyostotic fibrous dysplasia and MAS under NIH protocol 98-D-0145 and were found to have MAS with excess growth hormone are eligible for this 36-week study. The screening protocol includes a history and physical examination, blood and urine tests, hearing, eye and dental examinations, pain and physical function evaluations, endocrine and bone screening tests, various bone imaging studies, including magnetic resonance imaging (MRI) and computed tomography (CT) scans and bone biopsy in patients over 6 years old.\n\nParticipants in the current study will receive daily injections of either pegvisomant or placebo (an inactive substance) for 12 weeks, followed by a 6-week \"washout\" period with no drug. Then, patients who received placebo will be switched, or \"crossed over,\" to receive pegvisomant for another 12 weeks, and those who received pegvisomant will receive placebo. This will be followed by another 6-week washout period. The drug and placebo will be injected under the skin, similar to insulin injections. Blood and urine tests will be done at the beginning of the study and repeated every 6 weeks until the study ends.",
          "DetailedDescription":"McCune-Albright Syndrome (MAS) was originally described as the triad of polyostotic fibrous dysplasia of bone, cafe-au-lait skin pigmentation and precocious puberty. Other endocrine abnormalities have been identified in this disease. Growth hormone (GH) excess is associated with MAS and occurs in approximately 10% of the patients. Current therapies of MAS involve separate treatment for the bone and endocrine diseases. We propose to test the effectiveness of a novel GH receptor antagonist, pegvisomant at reducing the growth hormone excess in these patients. Secondarily we shall also assess the impact of pegvisomant therapy on the fibrous dysplastic bone lesions associated with the disease.\n\nThe subjects will be patients with MAS and non-suppressible growth hormone as determined by standard oral glucose tolerant testing (OGTT) and an elevated insulin-like growth factor-1 (IGF-I). It will be a randomized, blinded crossover design. The primary and secondary measures of efficacy will be: the normalization of serum (IGF-I), a reduction in signs and symptoms of growth hormone excess, and a net change in Insulin-like Growth Factor Binding Protein 3 (IGFBP-3). The effect of pegvisomant on the fibrous dysplastic bone activity in these patients will be determined by a net change in the levels of bone turnover markers."
        },
        "ConditionsModule":{
          "ConditionList":{
            "Condition":[
              "McCune Albright Syndrome",
              "Polyostotic Fibrous Dysplasia"
            ]
          },
          "KeywordList":{
            "Keyword":[
              "Acromegaly",
              "McCune-Albright Syndrome",
              "IGF-1",
              "Adenoma",
              "Hyperplasia",
              "MAS",
              "Polyostotic Fibrous Dysplasia",
              "PFD"
            ]
          }
        },
        "DesignModule":{
          "StudyType":"Interventional",
          "PhaseList":{
            "Phase":[
              "Phase 3"
            ]
          },
          "DesignInfo":{
            "DesignPrimaryPurpose":"Treatment"
          },
          "EnrollmentInfo":{
            "EnrollmentCount":"10"
          }
        },
        "ArmsInterventionsModule":{
          "InterventionList":{
            "Intervention":[
              {
                "InterventionType":"Drug",
                "InterventionName":"Pegvisomant"
              }
            ]
          }
        },
        "EligibilityModule":{
          "EligibilityCriteria":"INCLUSION CRITERIA:\n\nDiagnosis of PFD/MAS as required in Protocol 98-D-0145\n\nGrowth hormone excess will be determined as a non-suppressible serum growth hormone by oral glucose tolerance test (OGTT). The OGTT parameter will be serum GH greater than 2.0 ng/ml at 60 minutes after an oral load of 75g glucose.\n\nTwo consecutive and duplicate measurements of serum IGF-I level should be at least 1.3 times greater than the upper limit of normal (age and sex adjusted according to laboratory normal range).",
          "HealthyVolunteers":"No",
          "Gender":"All",
          "StdAgeList":{
            "StdAge":[
              "Child",
              "Adult",
              "Older Adult"
            ]
          }
        },
        "ContactsLocationsModule":{
          "LocationList":{
            "Location":[
              {
                "LocationFacility":"National Institute of Dental And Craniofacial Research (NIDCR)",
                "LocationCity":"Bethesda",
                "LocationState":"Maryland",
                "LocationZip":"20892",
                "LocationCountry":"United States"
              }
            ]
          }
        },
        "ReferencesModule":{
          "ReferenceList":{
            "Reference":[
              {
                "ReferencePMID":"7921205",
                "ReferenceType":"background",
                "ReferenceCitation":"Chanson P, Dib A, Visot A, Derome PJ. McCune-Albright syndrome and acromegaly: clinical studies and responses to treatment in five cases. Eur J Endocrinol. 1994 Sep;131(3):229-34."
              },{
                "ReferencePMID":"8410501",
                "ReferenceType":"background",
                "ReferenceCitation":"Shenker A, Weinstein LS, Moran A, Pescovitz OH, Charest NJ, Boney CM, Van Wyk JJ, Merino MJ, Feuillan PP, Spiegel AM. Severe endocrine and nonendocrine manifestations of the McCune-Albright syndrome associated with activating mutations of stimulatory G protein GS. J Pediatr. 1993 Oct;123(4):509-18."
              },{
                "ReferencePMID":"9226216",
                "ReferenceType":"background",
                "ReferenceCitation":"Mastorakos G, Mitsiades NS, Doufas AG, Koutras DA. Hyperthyroidism in McCune-Albright syndrome with a review of thyroid abnormalities sixty years after the first report. Thyroid. 1997 Jun;7(3):433-9."
              }
            ]
          }
        }
      },
      "DerivedSection":{
        "MiscInfoModule":{
          "VersionHolder":"April 19, 2021"
        },
        "ConditionBrowseModule":{
          "ConditionMeshList":{
            "ConditionMesh":[
              {
                "ConditionMeshId":"D000005357",
                "ConditionMeshTerm":"Fibrous Dysplasia of Bone"
              },{
                "ConditionMeshId":"D000005359",
                "ConditionMeshTerm":"Fibrous Dysplasia, Polyostotic"
              },{
                "ConditionMeshId":"D000000172",
                "ConditionMeshTerm":"Acromegaly"
              },{
                "ConditionMeshId":"D000013577",
                "ConditionMeshTerm":"Syndrome"
              }
            ]
          },
          "ConditionAncestorList":{
            "ConditionAncestor":[
              {
                "ConditionAncestorId":"D000004194",
                "ConditionAncestorTerm":"Disease"
              },{
                "ConditionAncestorId":"D000010335",
                "ConditionAncestorTerm":"Pathologic Processes"
              },{
                "ConditionAncestorId":"D000010009",
                "ConditionAncestorTerm":"Osteochondrodysplasias"
              },{
                "ConditionAncestorId":"D000001848",
                "ConditionAncestorTerm":"Bone Diseases, Developmental"
              },{
                "ConditionAncestorId":"D000001847",
                "ConditionAncestorTerm":"Bone Diseases"
              },{
                "ConditionAncestorId":"D000009140",
                "ConditionAncestorTerm":"Musculoskeletal Diseases"
              },{
                "ConditionAncestorId":"D000001849",
                "ConditionAncestorTerm":"Bone Diseases, Endocrine"
              },{
                "ConditionAncestorId":"D000006964",
                "ConditionAncestorTerm":"Hyperpituitarism"
              },{
                "ConditionAncestorId":"D000010900",
                "ConditionAncestorTerm":"Pituitary Diseases"
              },{
                "ConditionAncestorId":"D000007027",
                "ConditionAncestorTerm":"Hypothalamic Diseases"
              },{
                "ConditionAncestorId":"D000001927",
                "ConditionAncestorTerm":"Brain Diseases"
              },{
                "ConditionAncestorId":"D000002493",
                "ConditionAncestorTerm":"Central Nervous System Diseases"
              },{
                "ConditionAncestorId":"D000009422",
                "ConditionAncestorTerm":"Nervous System Diseases"
              },{
                "ConditionAncestorId":"D000004700",
                "ConditionAncestorTerm":"Endocrine System Diseases"
              }
            ]
          },
          "ConditionBrowseLeafList":{
            "ConditionBrowseLeaf":[
              {
                "ConditionBrowseLeafId":"M14938",
                "ConditionBrowseLeafName":"Syndrome",
                "ConditionBrowseLeafAsFound":"Syndrome",
                "ConditionBrowseLeafRelevance":"high"
              },{
                "ConditionBrowseLeafId":"M8599",
                "ConditionBrowseLeafName":"Hyperplasia",
                "ConditionBrowseLeafRelevance":"low"
              },{
                "ConditionBrowseLeafId":"M2112",
                "ConditionBrowseLeafName":"Acromegaly",
                "ConditionBrowseLeafAsFound":"Growth Hormone Excess",
                "ConditionBrowseLeafRelevance":"high"
              },{
                "ConditionBrowseLeafId":"M2172",
                "ConditionBrowseLeafName":"Adenoma",
                "ConditionBrowseLeafRelevance":"low"
              },{
                "ConditionBrowseLeafId":"M7070",
                "ConditionBrowseLeafName":"Fibrous Dysplasia of Bone",
                "ConditionBrowseLeafAsFound":"Fibrous Dysplasia",
                "ConditionBrowseLeafRelevance":"high"
              },{
                "ConditionBrowseLeafId":"M7072",
                "ConditionBrowseLeafName":"Fibrous Dysplasia, Polyostotic",
                "ConditionBrowseLeafAsFound":"McCune-Albright Syndrome",
                "ConditionBrowseLeafRelevance":"high"
              },{
                "ConditionBrowseLeafId":"M10626",
                "ConditionBrowseLeafName":"Mucopolysaccharidosis IV",
                "ConditionBrowseLeafRelevance":"low"
              },{
                "ConditionBrowseLeafId":"M11515",
                "ConditionBrowseLeafName":"Osteochondrodysplasias",
                "ConditionBrowseLeafRelevance":"low"
              },{
                "ConditionBrowseLeafId":"M3708",
                "ConditionBrowseLeafName":"Bone Diseases",
                "ConditionBrowseLeafRelevance":"low"
              },{
                "ConditionBrowseLeafId":"M3709",
                "ConditionBrowseLeafName":"Bone Diseases, Developmental",
                "ConditionBrowseLeafRelevance":"low"
              },{
                "ConditionBrowseLeafId":"M10680",
                "ConditionBrowseLeafName":"Musculoskeletal Diseases",
                "ConditionBrowseLeafRelevance":"low"
              },{
                "ConditionBrowseLeafId":"M3710",
                "ConditionBrowseLeafName":"Bone Diseases, Endocrine",
                "ConditionBrowseLeafRelevance":"low"
              },{
                "ConditionBrowseLeafId":"M12374",
                "ConditionBrowseLeafName":"Pituitary Diseases",
                "ConditionBrowseLeafRelevance":"low"
              },{
                "ConditionBrowseLeafId":"M8660",
                "ConditionBrowseLeafName":"Hypothalamic Diseases",
                "ConditionBrowseLeafRelevance":"low"
              },{
                "ConditionBrowseLeafId":"M3786",
                "ConditionBrowseLeafName":"Brain Diseases",
                "ConditionBrowseLeafRelevance":"low"
              },{
                "ConditionBrowseLeafId":"M4325",
                "ConditionBrowseLeafName":"Central Nervous System Diseases",
                "ConditionBrowseLeafRelevance":"low"
              },{
                "ConditionBrowseLeafId":"M6445",
                "ConditionBrowseLeafName":"Endocrine System Diseases",
                "ConditionBrowseLeafRelevance":"low"
              },{
                "ConditionBrowseLeafId":"T139",
                "ConditionBrowseLeafName":"Acromegaly",
                "ConditionBrowseLeafAsFound":"Growth Hormone Excess",
                "ConditionBrowseLeafRelevance":"high"
              },{
                "ConditionBrowseLeafId":"T2328",
                "ConditionBrowseLeafName":"Fibrous Dysplasia",
                "ConditionBrowseLeafAsFound":"Fibrous Dysplasia",
                "ConditionBrowseLeafRelevance":"high"
              },{
                "ConditionBrowseLeafId":"T3644",
                "ConditionBrowseLeafName":"McCune-Albright Syndrome",
                "ConditionBrowseLeafAsFound":"McCune-Albright Syndrome",
                "ConditionBrowseLeafRelevance":"high"
              },{
                "ConditionBrowseLeafId":"T3909",
                "ConditionBrowseLeafName":"Mucopolysaccharidosis Type IV",
                "ConditionBrowseLeafRelevance":"low"
              }
            ]
          },
          "ConditionBrowseBranchList":{
            "ConditionBrowseBranch":[
              {
                "ConditionBrowseBranchAbbrev":"BC23",
                "ConditionBrowseBranchName":"Symptoms and General Pathology"
              },{
                "ConditionBrowseBranchAbbrev":"All",
                "ConditionBrowseBranchName":"All Conditions"
              },{
                "ConditionBrowseBranchAbbrev":"BC05",
                "ConditionBrowseBranchName":"Muscle, Bone, and Cartilage Diseases"
              },{
                "ConditionBrowseBranchAbbrev":"BC10",
                "ConditionBrowseBranchName":"Nervous System Diseases"
              },{
                "ConditionBrowseBranchAbbrev":"BC19",
                "ConditionBrowseBranchName":"Gland and Hormone Related Diseases"
              },{
                "ConditionBrowseBranchAbbrev":"BC04",
                "ConditionBrowseBranchName":"Cancers and Other Neoplasms"
              },{
                "ConditionBrowseBranchAbbrev":"BC16",
                "ConditionBrowseBranchName":"Diseases and Abnormalities at or Before Birth"
              },{
                "ConditionBrowseBranchAbbrev":"BC17",
                "ConditionBrowseBranchName":"Skin and Connective Tissue Diseases"
              },{
                "ConditionBrowseBranchAbbrev":"BC18",
                "ConditionBrowseBranchName":"Nutritional and Metabolic Diseases"
              },{
                "ConditionBrowseBranchAbbrev":"Rare",
                "ConditionBrowseBranchName":"Rare Diseases"
              }
            ]
          }
        },
        "InterventionBrowseModule":{
          "InterventionBrowseLeafList":{
            "InterventionBrowseLeaf":[
              {
                "InterventionBrowseLeafId":"M8372",
                "InterventionBrowseLeafName":"Hormones",
                "InterventionBrowseLeafRelevance":"low"
              }
            ]
          },
          "InterventionBrowseBranchList":{
            "InterventionBrowseBranch":[
              {
                "InterventionBrowseBranchAbbrev":"All",
                "InterventionBrowseBranchName":"All Drugs and Chemicals"
              }
            ]
          }
        }
      }
    }
  }
}

