{
  "FullStudy":{
    "Rank":368411,
    "Study":{
      "ProtocolSection":{
        "IdentificationModule":{
          "NCTId":"NCT00016939",
          "OrgStudyIdInfo":{
            "OrgStudyId":"CDR0000068634"
          },
          "SecondaryIdInfoList":{
            "SecondaryIdInfo":[
              {
                "SecondaryId":"SWOG-S0109"
              }
            ]
          },
          "Organization":{
            "OrgFullName":"National Cancer Institute (NCI)",
            "OrgClass":"NIH"
          },
          "BriefTitle":"Flavopiridol in Treating Patients With Unresectable or Metastatic Kidney Cancer",
          "OfficialTitle":"A Phase II Study of Flavopiridol 1 Hour Bolus Days 1-3 Q 21 Days in Patients With Advanced Renal Cell Cancer"
        },
        "StatusModule":{
          "StatusVerifiedDate":"January 2008",
          "OverallStatus":"Completed",
          "ExpandedAccessInfo":{
            "HasExpandedAccess":"No"
          },
          "StartDateStruct":{
            "StartDate":"May 2001"
          },
          "CompletionDateStruct":{
            "CompletionDate":"April 2006",
            "CompletionDateType":"Actual"
          },
          "StudyFirstSubmitDate":"June 6, 2001",
          "StudyFirstSubmitQCDate":"September 8, 2003",
          "StudyFirstPostDateStruct":{
            "StudyFirstPostDate":"September 9, 2003",
            "StudyFirstPostDateType":"Estimate"
          },
          "LastUpdateSubmitDate":"June 20, 2013",
          "LastUpdatePostDateStruct":{
            "LastUpdatePostDate":"June 24, 2013",
            "LastUpdatePostDateType":"Estimate"
          }
        },
        "SponsorCollaboratorsModule":{
          "LeadSponsor":{
            "LeadSponsorName":"Southwest Oncology Group",
            "LeadSponsorClass":"NETWORK"
          },
          "CollaboratorList":{
            "Collaborator":[
              {
                "CollaboratorName":"National Cancer Institute (NCI)",
                "CollaboratorClass":"NIH"
              }
            ]
          }
        },
        "OversightModule":{},
        "DescriptionModule":{
          "BriefSummary":"RATIONALE: Drugs used in chemotherapy use different ways to stop tumor cells from dividing so they stop growing or die.\n\nPURPOSE: Phase II trial to study the effectiveness of flavopiridol in treating patients who have unresectable or metastatic kidney cancer.",
          "DetailedDescription":"OBJECTIVES:\n\nDetermine the confirmed and unconfirmed complete and partial responses in patients with unresectable or metastatic renal cell cancer treated with flavopiridol.\nDetermine the 6-month time to treatment failure rate and overall survival rate of patients treated with this drug.\nDetermine the qualitative and quantitative toxic effects of this drug in this patient population.\nDetermine, in a preliminary manner, the association of tumor response with pretreatment tumor proliferative and apoptotic rates in patients treated with this drug.\n\nOUTLINE: This is a multicenter study.\n\nPatients receive flavopiridol IV over 1 hour on days 1-3. Treatment repeats every 21 days in the absence of disease progression or unacceptable toxicity.\n\nPatients are followed every 3 months for 1 year and then every 6 months for 2 years.\n\nPROJECTED ACCRUAL: A total of 20-35 patients will be accrued for this study."
        },
        "ConditionsModule":{
          "ConditionList":{
            "Condition":[
              "Kidney Cancer"
            ]
          },
          "KeywordList":{
            "Keyword":[
              "stage III renal cell cancer",
              "stage IV renal cell cancer",
              "recurrent renal cell cancer"
            ]
          }
        },
        "DesignModule":{
          "StudyType":"Interventional",
          "PhaseList":{
            "Phase":[
              "Phase 2"
            ]
          },
          "DesignInfo":{
            "DesignPrimaryPurpose":"Treatment"
          }
        },
        "ArmsInterventionsModule":{
          "InterventionList":{
            "Intervention":[
              {
                "InterventionType":"Drug",
                "InterventionName":"alvocidib"
              }
            ]
          }
        },
        "EligibilityModule":{
          "EligibilityCriteria":"DISEASE CHARACTERISTICS:\n\nHistologically or cytologically confirmed unresectable primary (M0) or metastatic renal cell cancer\n\nAt least 1 unidimensionally measurable lesion\n\nAt least 20 mm by conventional techniques OR\nAt least 10 mm by spiral CT scan\nSoft tissue disease that has been previously irradiated within the past 2 months is not considered measurable\nSoft tissue disease within a previously irradiated field is considered measurable provided disease has progressed and other measurable disease exists outside of the radiation field\nNo prior or concurrent brain metastases\n\nPATIENT CHARACTERISTICS:\n\nAge:\n\nNot specified\n\nPerformance status:\n\nZubrod 0-2\n\nLife expectancy:\n\nNot specified\n\nHematopoietic:\n\nNo hypercoagulable state other than renal cell cancer\n\nHepatic:\n\nNot specified\n\nRenal:\n\nNot specified\n\nCardiovascular:\n\nNo symptomatic congestive heart failure\nNo unstable angina pectoris\nNo cardiac arrhythmia\nNo prior isolated occurrence of deep venous thrombosis within the past 6 months\n\nPulmonary:\n\nNo prior isolated occurrence of pulmonary embolism within the past 6 months\n\nOther:\n\nNo other malignancy within the past 5 years except adequately treated basal cell or squamous cell skin cancer, carcinoma in situ of the cervix, or stage I or II cancer in complete remission\nNo history of allergic reactions to compounds of similar chemical or biologic composition to flavopiridol (e.g., staurosporine, deschloroflavopiridol, or butyrolactone I)\nNo other uncontrolled illness (e.g., diabetes mellitus)\nNo ongoing or active infection\nNo psychiatric illness or social situation that would preclude study compliance\nNot pregnant or nursing\nNegative pregnancy test\nFertile patients must use effective contraception\n\nPRIOR CONCURRENT THERAPY:\n\nBiologic therapy:\n\n1 prior immunotherapy regimen comprising interferon and/or interleukin-2 allowed\nAt least 28 days since prior immunotherapy and recovered\nNo concurrent prophylactic filgrastim (G-CSF)\n\nChemotherapy:\n\nNo prior chemotherapy for renal cell cancer\n\nEndocrine therapy:\n\nNot specified\n\nRadiotherapy:\n\nSee Disease Characteristics\nAt least 21 days since prior radiotherapy and recovered\n\nSurgery:\n\nSee Disease Characteristics\nPrior resection of primary tumor allowed\nAt least 28 days since prior surgery and recovered",
          "HealthyVolunteers":"No",
          "Gender":"All",
          "StdAgeList":{
            "StdAge":[
              "Child",
              "Adult",
              "Older Adult"
            ]
          }
        },
        "ContactsLocationsModule":{
          "OverallOfficialList":{
            "OverallOfficial":[
              {
                "OverallOfficialName":"Peter J. VanVeldhuizen, MD",
                "OverallOfficialAffiliation":"Kansas City Veteran Affairs Medical Center",
                "OverallOfficialRole":"Study Chair"
              }
            ]
          },
          "LocationList":{
            "Location":[
              {
                "LocationFacility":"University of Alabama at Birmingham Comprehensive Cancer Center",
                "LocationCity":"Birmingham",
                "LocationState":"Alabama",
                "LocationZip":"35294-3300",
                "LocationCountry":"United States"
              },{
                "LocationFacility":"MBCCOP - Gulf Coast",
                "LocationCity":"Mobile",
                "LocationState":"Alabama",
                "LocationZip":"36688",
                "LocationCountry":"United States"
              },{
                "LocationFacility":"CCOP - Greater Phoenix",
                "LocationCity":"Phoenix",
                "LocationState":"Arizona",
                "LocationZip":"85006-2726",
                "LocationCountry":"United States"
              },{
                "LocationFacility":"Veterans Affairs Medical Center - Phoenix (Hayden)",
                "LocationCity":"Phoenix",
                "LocationState":"Arizona",
                "LocationZip":"85012",
                "LocationCountry":"United States"
              },{
                "LocationFacility":"Veterans Affairs Medical Center - Tucson",
                "LocationCity":"Tucson",
                "LocationState":"Arizona",
                "LocationZip":"85723",
                "LocationCountry":"United States"
              },{
                "LocationFacility":"Arizona Cancer Center",
                "LocationCity":"Tucson",
                "LocationState":"Arizona",
                "LocationZip":"85724",
                "LocationCountry":"United States"
              },{
                "LocationFacility":"University of Arkansas for Medical Sciences",
                "LocationCity":"Little Rock",
                "LocationState":"Arkansas",
                "LocationZip":"72205",
                "LocationCountry":"United States"
              },{
                "LocationFacility":"Veterans Affairs Medical Center - Little Rock (McClellan)",
                "LocationCity":"Little Rock",
                "LocationState":"Arkansas",
                "LocationZip":"72205",
                "LocationCountry":"United States"
              },{
                "LocationFacility":"Cancer Center and Beckman Research Institute, City of Hope",
                "LocationCity":"Duarte",
                "LocationState":"California",
                "LocationZip":"91010-3000",
                "LocationCountry":"United States"
              },{
                "LocationFacility":"USC/Norris Comprehensive Cancer Center and Hospital",
                "LocationCity":"Los Angeles",
                "LocationState":"California",
                "LocationZip":"90033-0804",
                "LocationCountry":"United States"
              },{
                "LocationFacility":"Veterans Affairs Medical Center - West Los Angeles",
                "LocationCity":"Los Angeles",
                "LocationState":"California",
                "LocationZip":"90073",
                "LocationCountry":"United States"
              },{
                "LocationFacility":"Jonsson Comprehensive Cancer Center, UCLA",
                "LocationCity":"Los Angeles",
                "LocationState":"California",
                "LocationZip":"90095-1781",
                "LocationCountry":"United States"
              },{
                "LocationFacility":"Veterans Affairs Outpatient Clinic - Martinez",
                "LocationCity":"Martinez",
                "LocationState":"California",
                "LocationZip":"94553",
                "LocationCountry":"United States"
              },{
                "LocationFacility":"CCOP - Bay Area Tumor Institute",
                "LocationCity":"Oakland",
                "LocationState":"California",
                "LocationZip":"94609-3305",
                "LocationCountry":"United States"
              },{
                "LocationFacility":"Chao Family Comprehensive Cancer Center",
                "LocationCity":"Orange",
                "LocationState":"California",
                "LocationZip":"92868",
                "LocationCountry":"United States"
              },{
                "LocationFacility":"University of California Davis Cancer Center",
                "LocationCity":"Sacramento",
                "LocationState":"California",
                "LocationZip":"95817",
                "LocationCountry":"United States"
              },{
                "LocationFacility":"University of California Davis Medical Center",
                "LocationCity":"Sacramento",
                "LocationState":"California",
                "LocationZip":"95817",
                "LocationCountry":"United States"
              },{
                "LocationFacility":"Veterans Affairs Medical Center - San Francisco",
                "LocationCity":"San Francisco",
                "LocationState":"California",
                "LocationZip":"94121",
                "LocationCountry":"United States"
              },{
                "LocationFacility":"UCSF Cancer Center and Cancer Research Institute",
                "LocationCity":"San Francisco",
                "LocationState":"California",
                "LocationZip":"94143-0128",
                "LocationCountry":"United States"
              },{
                "LocationFacility":"CCOP - Santa Rosa Memorial Hospital",
                "LocationCity":"Santa Rosa",
                "LocationState":"California",
                "LocationZip":"95403",
                "LocationCountry":"United States"
              },{
                "LocationFacility":"David Grant Medical Center",
                "LocationCity":"Travis Air Force Base",
                "LocationState":"California",
                "LocationZip":"94535",
                "LocationCountry":"United States"
              },{
                "LocationFacility":"University of Colorado Cancer Center",
                "LocationCity":"Denver",
                "LocationState":"Colorado",
                "LocationZip":"80010",
                "LocationCountry":"United States"
              },{
                "LocationFacility":"Veterans Affairs Medical Center - Denver",
                "LocationCity":"Denver",
                "LocationState":"Colorado",
                "LocationZip":"80220",
                "LocationCountry":"United States"
              },{
                "LocationFacility":"CCOP - Atlanta Regional",
                "LocationCity":"Atlanta",
                "LocationState":"Georgia",
                "LocationZip":"30342-1701",
                "LocationCountry":"United States"
              },{
                "LocationFacility":"Dwight David Eisenhower Army Medical Center",
                "LocationCity":"Fort Gordon",
                "LocationState":"Georgia",
                "LocationZip":"30905-5650",
                "LocationCountry":"United States"
              },{
                "LocationFacility":"Cancer Research Center of Hawaii",
                "LocationCity":"Honolulu",
                "LocationState":"Hawaii",
                "LocationZip":"96813",
                "LocationCountry":"United States"
              },{
                "LocationFacility":"MBCCOP - University of Illinois at Chicago",
                "LocationCity":"Chicago",
                "LocationState":"Illinois",
                "LocationZip":"60612-7323",
                "LocationCountry":"United States"
              },{
                "LocationFacility":"Veterans Affairs Medical Center - Chicago (Westside Hospital)",
                "LocationCity":"Chicago",
                "LocationState":"Illinois",
                "LocationZip":"60612",
                "LocationCountry":"United States"
              },{
                "LocationFacility":"CCOP - Central Illinois",
                "LocationCity":"Decatur",
                "LocationState":"Illinois",
                "LocationZip":"62526",
                "LocationCountry":"United States"
              },{
                "LocationFacility":"Veterans Affairs Medical Center - Hines (Hines Junior VA Hospital)",
                "LocationCity":"Hines",
                "LocationState":"Illinois",
                "LocationZip":"60141",
                "LocationCountry":"United States"
              },{
                "LocationFacility":"Loyola University Medical Center",
                "LocationCity":"Maywood",
                "LocationState":"Illinois",
                "LocationZip":"60153",
                "LocationCountry":"United States"
              },{
                "LocationFacility":"University of Kansas Medical Center",
                "LocationCity":"Kansas City",
                "LocationState":"Kansas",
                "LocationZip":"66160-7357",
                "LocationCountry":"United States"
              },{
                "LocationFacility":"CCOP - Wichita",
                "LocationCity":"Wichita",
                "LocationState":"Kansas",
                "LocationZip":"67214-3882",
                "LocationCountry":"United States"
              },{
                "LocationFacility":"Veterans Affairs Medical Center - Wichita",
                "LocationCity":"Wichita",
                "LocationState":"Kansas",
                "LocationZip":"67218",
                "LocationCountry":"United States"
              },{
                "LocationFacility":"Veterans Affairs Medical Center - Lexington",
                "LocationCity":"Lexington",
                "LocationState":"Kentucky",
                "LocationZip":"40511-1093",
                "LocationCountry":"United States"
              },{
                "LocationFacility":"Albert B. Chandler Medical Center, University of Kentucky",
                "LocationCity":"Lexington",
                "LocationState":"Kentucky",
                "LocationZip":"40536-0084",
                "LocationCountry":"United States"
              },{
                "LocationFacility":"MBCCOP - LSU Health Sciences Center",
                "LocationCity":"New Orleans",
                "LocationState":"Louisiana",
                "LocationZip":"70112",
                "LocationCountry":"United States"
              },{
                "LocationFacility":"Tulane University School of Medicine",
                "LocationCity":"New Orleans",
                "LocationState":"Louisiana",
                "LocationZip":"70112",
                "LocationCountry":"United States"
              },{
                "LocationFacility":"Veterans Affairs Medical Center - New Orleans",
                "LocationCity":"New Orleans",
                "LocationState":"Louisiana",
                "LocationZip":"70112",
                "LocationCountry":"United States"
              },{
                "LocationFacility":"Louisiana State University Health Sciences Center - Shreveport",
                "LocationCity":"Shreveport",
                "LocationState":"Louisiana",
                "LocationZip":"71130-3932",
                "LocationCountry":"United States"
              },{
                "LocationFacility":"Veterans Affairs Medical Center - Shreveport",
                "LocationCity":"Shreveport",
                "LocationState":"Louisiana",
                "LocationZip":"71130",
                "LocationCountry":"United States"
              },{
                "LocationFacility":"Boston Medical Center",
                "LocationCity":"Boston",
                "LocationState":"Massachusetts",
                "LocationZip":"02118",
                "LocationCountry":"United States"
              },{
                "LocationFacility":"Veterans Affairs Medical Center - Boston (Jamaica Plain)",
                "LocationCity":"Jamaica Plain",
                "LocationState":"Massachusetts",
                "LocationZip":"02130",
                "LocationCountry":"United States"
              },{
                "LocationFacility":"Veterans Affairs Medical Center - Ann Arbor",
                "LocationCity":"Ann Arbor",
                "LocationState":"Michigan",
                "LocationZip":"48105",
                "LocationCountry":"United States"
              },{
                "LocationFacility":"CCOP - Ann Arbor Regional",
                "LocationCity":"Ann Arbor",
                "LocationState":"Michigan",
                "LocationZip":"48106",
                "LocationCountry":"United States"
              },{
                "LocationFacility":"University of Michigan Comprehensive Cancer Center",
                "LocationCity":"Ann Arbor",
                "LocationState":"Michigan",
                "LocationZip":"48109-0752",
                "LocationCountry":"United States"
              },{
                "LocationFacility":"Barbara Ann Karmanos Cancer Institute",
                "LocationCity":"Detroit",
                "LocationState":"Michigan",
                "LocationZip":"48201-1379",
                "LocationCountry":"United States"
              },{
                "LocationFacility":"Veterans Affairs Medical Center - Detroit",
                "LocationCity":"Detroit",
                "LocationState":"Michigan",
                "LocationZip":"48201-1932",
                "LocationCountry":"United States"
              },{
                "LocationFacility":"Henry Ford Hospital",
                "LocationCity":"Detroit",
                "LocationState":"Michigan",
                "LocationZip":"48202",
                "LocationCountry":"United States"
              },{
                "LocationFacility":"CCOP - Grand Rapids Clinical Oncology Program",
                "LocationCity":"Grand Rapids",
                "LocationState":"Michigan",
                "LocationZip":"49503",
                "LocationCountry":"United States"
              },{
                "LocationFacility":"Providence Hospital - Southfield",
                "LocationCity":"Southfield",
                "LocationState":"Michigan",
                "LocationZip":"48075-9975",
                "LocationCountry":"United States"
              },{
                "LocationFacility":"CCOP - Duluth",
                "LocationCity":"Duluth",
                "LocationState":"Minnesota",
                "LocationZip":"55805",
                "LocationCountry":"United States"
              },{
                "LocationFacility":"Veterans Affairs Medical Center - Biloxi",
                "LocationCity":"Biloxi",
                "LocationState":"Mississippi",
                "LocationZip":"39531-2410",
                "LocationCountry":"United States"
              },{
                "LocationFacility":"University of Mississippi Medical Center",
                "LocationCity":"Jackson",
                "LocationState":"Mississippi",
                "LocationZip":"39216-4505",
                "LocationCountry":"United States"
              },{
                "LocationFacility":"Veterans Affairs Medical Center - Jackson",
                "LocationCity":"Jackson",
                "LocationState":"Mississippi",
                "LocationZip":"39216",
                "LocationCountry":"United States"
              },{
                "LocationFacility":"Keesler Medical Center - Keesler AFB",
                "LocationCity":"Keesler AFB",
                "LocationState":"Mississippi",
                "LocationZip":"39534-2576",
                "LocationCountry":"United States"
              },{
                "LocationFacility":"Veterans Affairs Medical Center - Kansas City",
                "LocationCity":"Kansas City",
                "LocationState":"Missouri",
                "LocationZip":"64128",
                "LocationCountry":"United States"
              },{
                "LocationFacility":"CCOP - Kansas City",
                "LocationCity":"Kansas City",
                "LocationState":"Missouri",
                "LocationZip":"64131",
                "LocationCountry":"United States"
              },{
                "LocationFacility":"St. Louis University Health Sciences Center",
                "LocationCity":"Saint Louis",
                "LocationState":"Missouri",
                "LocationZip":"63110-0250",
                "LocationCountry":"United States"
              },{
                "LocationFacility":"CCOP - St. Louis-Cape Girardeau",
                "LocationCity":"Saint Louis",
                "LocationState":"Missouri",
                "LocationZip":"63141",
                "LocationCountry":"United States"
              },{
                "LocationFacility":"CCOP - Cancer Research for the Ozarks",
                "LocationCity":"Springfield",
                "LocationState":"Missouri",
                "LocationZip":"65807",
                "LocationCountry":"United States"
              },{
                "LocationFacility":"CCOP - Montana Cancer Consortium",
                "LocationCity":"Billings",
                "LocationState":"Montana",
                "LocationZip":"59101",
                "LocationCountry":"United States"
              },{
                "LocationFacility":"Veterans Affairs Medical Center - Albuquerque",
                "LocationCity":"Albuquerque",
                "LocationState":"New Mexico",
                "LocationZip":"87108-5138",
                "LocationCountry":"United States"
              },{
                "LocationFacility":"MBCCOP - University of New Mexico HSC",
                "LocationCity":"Albuquerque",
                "LocationState":"New Mexico",
                "LocationZip":"87131",
                "LocationCountry":"United States"
              },{
                "LocationFacility":"Veterans Affairs Medical Center - Albany",
                "LocationCity":"Albany",
                "LocationState":"New York",
                "LocationZip":"12208",
                "LocationCountry":"United States"
              },{
                "LocationFacility":"Herbert Irving Comprehensive Cancer Center",
                "LocationCity":"New York",
                "LocationState":"New York",
                "LocationZip":"10032",
                "LocationCountry":"United States"
              },{
                "LocationFacility":"University of Rochester Medical Center",
                "LocationCity":"Rochester",
                "LocationState":"New York",
                "LocationZip":"14642",
                "LocationCountry":"United States"
              },{
                "LocationFacility":"CCOP - Southeast Cancer Control Consortium",
                "LocationCity":"Winston-Salem",
                "LocationState":"North Carolina",
                "LocationZip":"27104-4241",
                "LocationCountry":"United States"
              },{
                "LocationFacility":"Veterans Affairs Medical Center - Cincinnati",
                "LocationCity":"Cincinnati",
                "LocationState":"Ohio",
                "LocationZip":"45220-2288",
                "LocationCountry":"United States"
              },{
                "LocationFacility":"Barrett Cancer Center, The University Hospital",
                "LocationCity":"Cincinnati",
                "LocationState":"Ohio",
                "LocationZip":"45267-0502",
                "LocationCountry":"United States"
              },{
                "LocationFacility":"Cleveland Clinic Taussig Cancer Center",
                "LocationCity":"Cleveland",
                "LocationState":"Ohio",
                "LocationZip":"44195",
                "LocationCountry":"United States"
              },{
                "LocationFacility":"CCOP - Columbus",
                "LocationCity":"Columbus",
                "LocationState":"Ohio",
                "LocationZip":"43206",
                "LocationCountry":"United States"
              },{
                "LocationFacility":"Veterans Affairs Medical Center - Dayton",
                "LocationCity":"Dayton",
                "LocationState":"Ohio",
                "LocationZip":"45428",
                "LocationCountry":"United States"
              },{
                "LocationFacility":"CCOP - Dayton",
                "LocationCity":"Kettering",
                "LocationState":"Ohio",
                "LocationZip":"45429",
                "LocationCountry":"United States"
              },{
                "LocationFacility":"CCOP - Toledo Community Hospital Oncology Program",
                "LocationCity":"Toledo",
                "LocationState":"Ohio",
                "LocationZip":"43623-3456",
                "LocationCountry":"United States"
              },{
                "LocationFacility":"Oklahoma Medical Research Foundation",
                "LocationCity":"Oklahoma City",
                "LocationState":"Oklahoma",
                "LocationZip":"73104",
                "LocationCountry":"United States"
              },{
                "LocationFacility":"Veterans Affairs Medical Center - Oklahoma City",
                "LocationCity":"Oklahoma City",
                "LocationState":"Oklahoma",
                "LocationZip":"73104",
                "LocationCountry":"United States"
              },{
                "LocationFacility":"Oregon Cancer Center",
                "LocationCity":"Portland",
                "LocationState":"Oregon",
                "LocationZip":"97201-3098",
                "LocationCountry":"United States"
              },{
                "LocationFacility":"Veterans Affairs Medical Center - Portland",
                "LocationCity":"Portland",
                "LocationState":"Oregon",
                "LocationZip":"97207",
                "LocationCountry":"United States"
              },{
                "LocationFacility":"CCOP - Columbia River Program",
                "LocationCity":"Portland",
                "LocationState":"Oregon",
                "LocationZip":"97213",
                "LocationCountry":"United States"
              },{
                "LocationFacility":"Veterans Affairs Medical Center - Charleston",
                "LocationCity":"Charleston",
                "LocationState":"South Carolina",
                "LocationZip":"29401-5799",
                "LocationCountry":"United States"
              },{
                "LocationFacility":"Medical University of South Carolina",
                "LocationCity":"Charleston",
                "LocationState":"South Carolina",
                "LocationZip":"29425-0721",
                "LocationCountry":"United States"
              },{
                "LocationFacility":"CCOP - Greenville",
                "LocationCity":"Greenville",
                "LocationState":"South Carolina",
                "LocationZip":"29615",
                "LocationCountry":"United States"
              },{
                "LocationFacility":"CCOP - Upstate Carolina",
                "LocationCity":"Spartanburg",
                "LocationState":"South Carolina",
                "LocationZip":"29303",
                "LocationCountry":"United States"
              },{
                "LocationFacility":"Brooke Army Medical Center",
                "LocationCity":"Fort Sam Houston",
                "LocationState":"Texas",
                "LocationZip":"78234",
                "LocationCountry":"United States"
              },{
                "LocationFacility":"University of Texas Medical Branch",
                "LocationCity":"Galveston",
                "LocationState":"Texas",
                "LocationZip":"77555-0209",
                "LocationCountry":"United States"
              },{
                "LocationFacility":"Baylor College of Medicine",
                "LocationCity":"Houston",
                "LocationState":"Texas",
                "LocationZip":"77030",
                "LocationCountry":"United States"
              },{
                "LocationFacility":"Veterans Affairs Medical Center - Houston",
                "LocationCity":"Houston",
                "LocationState":"Texas",
                "LocationZip":"77030",
                "LocationCountry":"United States"
              },{
                "LocationFacility":"Texas Tech University Health Science Center",
                "LocationCity":"Lubbock",
                "LocationState":"Texas",
                "LocationZip":"79415",
                "LocationCountry":"United States"
              },{
                "LocationFacility":"University of Texas Health Science Center at San Antonio",
                "LocationCity":"San Antonio",
                "LocationState":"Texas",
                "LocationZip":"78284-7811",
                "LocationCountry":"United States"
              },{
                "LocationFacility":"Veterans Affairs Medical Center - San Antonio (Murphy)",
                "LocationCity":"San Antonio",
                "LocationState":"Texas",
                "LocationZip":"78284",
                "LocationCountry":"United States"
              },{
                "LocationFacility":"Veterans Affairs Medical Center - Temple",
                "LocationCity":"Temple",
                "LocationState":"Texas",
                "LocationZip":"76504",
                "LocationCountry":"United States"
              },{
                "LocationFacility":"CCOP - Scott and White Hospital",
                "LocationCity":"Temple",
                "LocationState":"Texas",
                "LocationZip":"76508",
                "LocationCountry":"United States"
              },{
                "LocationFacility":"Huntsman Cancer Institute",
                "LocationCity":"Salt Lake City",
                "LocationState":"Utah",
                "LocationZip":"84112",
                "LocationCountry":"United States"
              },{
                "LocationFacility":"Veterans Affairs Medical Center - Salt Lake City",
                "LocationCity":"Salt Lake City",
                "LocationState":"Utah",
                "LocationZip":"84148",
                "LocationCountry":"United States"
              },{
                "LocationFacility":"Eastern Virginia Medical School",
                "LocationCity":"Norfolk",
                "LocationState":"Virginia",
                "LocationZip":"23507",
                "LocationCountry":"United States"
              },{
                "LocationFacility":"CCOP - Virginia Mason Research Center",
                "LocationCity":"Seattle",
                "LocationState":"Washington",
                "LocationZip":"98101",
                "LocationCountry":"United States"
              },{
                "LocationFacility":"Swedish Cancer Institute",
                "LocationCity":"Seattle",
                "LocationState":"Washington",
                "LocationZip":"98104",
                "LocationCountry":"United States"
              },{
                "LocationFacility":"Veterans Affairs Medical Center - Seattle",
                "LocationCity":"Seattle",
                "LocationState":"Washington",
                "LocationZip":"98108",
                "LocationCountry":"United States"
              },{
                "LocationFacility":"CCOP - Northwest",
                "LocationCity":"Tacoma",
                "LocationState":"Washington",
                "LocationZip":"98405-0986",
                "LocationCountry":"United States"
              },{
                "LocationFacility":"Madigan Army Medical Center",
                "LocationCity":"Tacoma",
                "LocationState":"Washington",
                "LocationZip":"98431-5000",
                "LocationCountry":"United States"
              }
            ]
          }
        },
        "ReferencesModule":{
          "ReferenceList":{
            "Reference":[
              {
                "ReferencePMID":"15791454",
                "ReferenceType":"result",
                "ReferenceCitation":"Van Veldhuizen PJ, Faulkner JR, Lara PN Jr, Gumerlock PH, Goodwin JW, Dakhil SR, Gross HM, Flanigan RC, Crawford ED; Southwest Oncology Group. A phase II study of flavopiridol in patients with advanced renal cell carcinoma: results of Southwest Oncology Group Trial 0109. Cancer Chemother Pharmacol. 2005 Jul;56(1):39-45. Epub 2005 Mar 25."
              }
            ]
          }
        }
      },
      "DerivedSection":{
        "MiscInfoModule":{
          "VersionHolder":"April 19, 2021"
        },
        "ConditionBrowseModule":{
          "ConditionMeshList":{
            "ConditionMesh":[
              {
                "ConditionMeshId":"D000002292",
                "ConditionMeshTerm":"Carcinoma, Renal Cell"
              },{
                "ConditionMeshId":"D000007680",
                "ConditionMeshTerm":"Kidney Neoplasms"
              }
            ]
          },
          "ConditionAncestorList":{
            "ConditionAncestor":[
              {
                "ConditionAncestorId":"D000000230",
                "ConditionAncestorTerm":"Adenocarcinoma"
              },{
                "ConditionAncestorId":"D000002277",
                "ConditionAncestorTerm":"Carcinoma"
              },{
                "ConditionAncestorId":"D000009375",
                "ConditionAncestorTerm":"Neoplasms, Glandular and Epithelial"
              },{
                "ConditionAncestorId":"D000009370",
                "ConditionAncestorTerm":"Neoplasms by Histologic Type"
              },{
                "ConditionAncestorId":"D000009369",
                "ConditionAncestorTerm":"Neoplasms"
              },{
                "ConditionAncestorId":"D000014571",
                "ConditionAncestorTerm":"Urologic Neoplasms"
              },{
                "ConditionAncestorId":"D000014565",
                "ConditionAncestorTerm":"Urogenital Neoplasms"
              },{
                "ConditionAncestorId":"D000009371",
                "ConditionAncestorTerm":"Neoplasms by Site"
              },{
                "ConditionAncestorId":"D000007674",
                "ConditionAncestorTerm":"Kidney Diseases"
              },{
                "ConditionAncestorId":"D000014570",
                "ConditionAncestorTerm":"Urologic Diseases"
              }
            ]
          },
          "ConditionBrowseLeafList":{
            "ConditionBrowseLeaf":[
              {
                "ConditionBrowseLeafId":"M4130",
                "ConditionBrowseLeafName":"Carcinoma, Renal Cell",
                "ConditionBrowseLeafAsFound":"Kidney Cancer",
                "ConditionBrowseLeafRelevance":"high"
              },{
                "ConditionBrowseLeafId":"M9286",
                "ConditionBrowseLeafName":"Kidney Neoplasms",
                "ConditionBrowseLeafAsFound":"Kidney Cancer",
                "ConditionBrowseLeafRelevance":"high"
              },{
                "ConditionBrowseLeafId":"M4116",
                "ConditionBrowseLeafName":"Carcinoma",
                "ConditionBrowseLeafRelevance":"low"
              },{
                "ConditionBrowseLeafId":"M2166",
                "ConditionBrowseLeafName":"Adenocarcinoma",
                "ConditionBrowseLeafRelevance":"low"
              },{
                "ConditionBrowseLeafId":"M10903",
                "ConditionBrowseLeafName":"Neoplasms, Glandular and Epithelial",
                "ConditionBrowseLeafRelevance":"low"
              },{
                "ConditionBrowseLeafId":"M10898",
                "ConditionBrowseLeafName":"Neoplasms by Histologic Type",
                "ConditionBrowseLeafRelevance":"low"
              },{
                "ConditionBrowseLeafId":"M15903",
                "ConditionBrowseLeafName":"Urologic Neoplasms",
                "ConditionBrowseLeafRelevance":"low"
              },{
                "ConditionBrowseLeafId":"M15898",
                "ConditionBrowseLeafName":"Urogenital Neoplasms",
                "ConditionBrowseLeafRelevance":"low"
              },{
                "ConditionBrowseLeafId":"M9281",
                "ConditionBrowseLeafName":"Kidney Diseases",
                "ConditionBrowseLeafRelevance":"low"
              },{
                "ConditionBrowseLeafId":"M15902",
                "ConditionBrowseLeafName":"Urologic Diseases",
                "ConditionBrowseLeafRelevance":"low"
              },{
                "ConditionBrowseLeafId":"T4906",
                "ConditionBrowseLeafName":"Renal Cell Carcinoma",
                "ConditionBrowseLeafAsFound":"Kidney Cancer",
                "ConditionBrowseLeafRelevance":"high"
              }
            ]
          },
          "ConditionBrowseBranchList":{
            "ConditionBrowseBranch":[
              {
                "ConditionBrowseBranchAbbrev":"BC04",
                "ConditionBrowseBranchName":"Cancers and Other Neoplasms"
              },{
                "ConditionBrowseBranchAbbrev":"BXS",
                "ConditionBrowseBranchName":"Urinary Tract, Sexual Organs, and Pregnancy Conditions"
              },{
                "ConditionBrowseBranchAbbrev":"All",
                "ConditionBrowseBranchName":"All Conditions"
              },{
                "ConditionBrowseBranchAbbrev":"Rare",
                "ConditionBrowseBranchName":"Rare Diseases"
              }
            ]
          }
        },
        "InterventionBrowseModule":{
          "InterventionMeshList":{
            "InterventionMesh":[
              {
                "InterventionMeshId":"C000077990",
                "InterventionMeshTerm":"Alvocidib"
              }
            ]
          },
          "InterventionAncestorList":{
            "InterventionAncestor":[
              {
                "InterventionAncestorId":"D000000970",
                "InterventionAncestorTerm":"Antineoplastic Agents"
              },{
                "InterventionAncestorId":"D000006131",
                "InterventionAncestorTerm":"Growth Inhibitors"
              },{
                "InterventionAncestorId":"D000006133",
                "InterventionAncestorTerm":"Growth Substances"
              },{
                "InterventionAncestorId":"D000045505",
                "InterventionAncestorTerm":"Physiological Effects of Drugs"
              },{
                "InterventionAncestorId":"D000047428",
                "InterventionAncestorTerm":"Protein Kinase Inhibitors"
              },{
                "InterventionAncestorId":"D000004791",
                "InterventionAncestorTerm":"Enzyme Inhibitors"
              },{
                "InterventionAncestorId":"D000045504",
                "InterventionAncestorTerm":"Molecular Mechanisms of Pharmacological Action"
              }
            ]
          },
          "InterventionBrowseLeafList":{
            "InterventionBrowseLeaf":[
              {
                "InterventionBrowseLeafId":"M201750",
                "InterventionBrowseLeafName":"Alvocidib",
                "InterventionBrowseLeafAsFound":"Washing",
                "InterventionBrowseLeafRelevance":"high"
              },{
                "InterventionBrowseLeafId":"M24407",
                "InterventionBrowseLeafName":"Protein Kinase Inhibitors",
                "InterventionBrowseLeafRelevance":"low"
              }
            ]
          },
          "InterventionBrowseBranchList":{
            "InterventionBrowseBranch":[
              {
                "InterventionBrowseBranchAbbrev":"ANeo",
                "InterventionBrowseBranchName":"Antineoplastic Agents"
              },{
                "InterventionBrowseBranchAbbrev":"All",
                "InterventionBrowseBranchName":"All Drugs and Chemicals"
              }
            ]
          }
        }
      }
    }
  }
}

