{
  "FullStudy":{
    "Rank":368761,
    "Study":{
      "ProtocolSection":{
        "IdentificationModule":{
          "NCTId":"NCT00011726",
          "OrgStudyIdInfo":{
            "OrgStudyId":"7437-CP-001"
          },
          "Organization":{
            "OrgFullName":"National Institute of Environmental Health Sciences (NIEHS)",
            "OrgClass":"NIH"
          },
          "BriefTitle":"Lead Mobilization & Bone Turnover in Pregnancy/Lactation"
        },
        "StatusModule":{
          "StatusVerifiedDate":"March 2006",
          "OverallStatus":"Completed",
          "ExpandedAccessInfo":{
            "HasExpandedAccess":"No"
          },
          "StartDateStruct":{
            "StartDate":"August 1996"
          },
          "CompletionDateStruct":{
            "CompletionDate":"December 2002"
          },
          "StudyFirstSubmitDate":"February 27, 2001",
          "StudyFirstSubmitQCDate":"February 28, 2001",
          "StudyFirstPostDateStruct":{
            "StudyFirstPostDate":"March 1, 2001",
            "StudyFirstPostDateType":"Estimate"
          },
          "LastUpdateSubmitDate":"March 22, 2006",
          "LastUpdatePostDateStruct":{
            "LastUpdatePostDate":"March 23, 2006",
            "LastUpdatePostDateType":"Estimate"
          }
        },
        "SponsorCollaboratorsModule":{
          "LeadSponsor":{
            "LeadSponsorName":"National Institute of Environmental Health Sciences (NIEHS)",
            "LeadSponsorClass":"NIH"
          }
        },
        "OversightModule":{},
        "DescriptionModule":{
          "BriefSummary":"We are examining the role of maternal bone lead turnover during pregnancy and lactation as a potential source of lead exposure for the fetus and the infant (via breast milk). A cohort, ascertained at entry to care, consists of >1000 women to be followed through pregnancy. In the postpartum subjects are recruited for a nested case control study to assess the influence of lactation on maternal bone density, maternal blood lead and breast milk lead."
        },
        "ConditionsModule":{
          "ConditionList":{
            "Condition":[
              "Lead Poisoning"
            ]
          },
          "KeywordList":{
            "Keyword":[
              "Pregnancy",
              "Lead Exposure",
              "Lactation",
              "Bone Mineralization",
              "Maternal-Fetal Exchange"
            ]
          }
        },
        "DesignModule":{
          "StudyType":"Observational",
          "DesignInfo":{
            "DesignObservationalModelList":{
              "DesignObservationalModel":[
                "Natural History"
              ]
            },
            "DesignTimePerspectiveList":{
              "DesignTimePerspective":[
                "Prospective"
              ]
            }
          },
          "EnrollmentInfo":{
            "EnrollmentCount":"1000"
          }
        },
        "EligibilityModule":{
          "EligibilityCriteria":"Positive pregnancy test, age 12-35 and informed consent;\nGestation <28 weeks at entry to prenatal care;\nNo history of serious chronic or metabolic diseases, which could affect maternal growth or bone density;\nNot corticosteroid user or diagnosed use of illicit drugs;\nEligible for lactation study: Ascertainment during or participation in the pregnancy study and a negative pregnancy test.",
          "HealthyVolunteers":"Accepts Healthy Volunteers",
          "Gender":"Female",
          "MinimumAge":"12 Years",
          "MaximumAge":"35 Years",
          "StdAgeList":{
            "StdAge":[
              "Child",
              "Adult"
            ]
          }
        },
        "ReferencesModule":{
          "ReferenceList":{
            "Reference":[
              {
                "ReferencePMID":"9797487",
                "ReferenceType":"background",
                "ReferenceCitation":"Sowers M, Jannausch M, Scholl T, Schall J. The reproducibility of ultrasound bone measures in a triethnic population of pregnant adolescents and adult women. J Bone Miner Res. 1998 Nov;13(11):1768-74."
              },{
                "ReferencePMID":"10908761",
                "ReferenceType":"background",
                "ReferenceCitation":"Sowers MF, Scholl T, Harris L, Jannausch M. Bone loss in adolescent and adult pregnant women. Obstet Gynecol. 2000 Aug;96(2):189-93."
              },{
                "ReferencePMID":"9699743",
                "ReferenceType":"background",
                "ReferenceCitation":"Scholl TO. High third-trimester ferritin concentration: associations with very preterm delivery, infection, and maternal nutritional status. Obstet Gynecol. 1998 Aug;92(2):161-6."
              },{
                "ReferenceType":"background",
                "ReferenceCitation":"Scholl TO. High third-trimester ferritin concentrations. A reply to Robert C. Goodlin. Obstet Gynecol 93:156,1999"
              },{
                "ReferenceType":"background",
                "ReferenceCitation":"Scholl TO. Teenage pregnancy. In \"Cambridge Encyclopedia of Growth and Development\", SJ Ulijaszek, FE Johnson, MA Preece (eds), Cambridge Univ Press, 312-13,1998"
              },{
                "ReferenceType":"background",
                "ReferenceCitation":"Scholl TO, Reilly T. Essential trace elements and mineral nutrition in human pregnancy. In \"Clinical nutrition of the essential trace elements and mineral - The Guide for Health Professionals\", John R. Bogden, Leslie Klevay (eds), Humana Press, 1999. ( In press)"
              }
            ]
          }
        }
      },
      "DerivedSection":{
        "MiscInfoModule":{
          "VersionHolder":"April 19, 2021"
        },
        "ConditionBrowseModule":{
          "ConditionMeshList":{
            "ConditionMesh":[
              {
                "ConditionMeshId":"D000011041",
                "ConditionMeshTerm":"Poisoning"
              },{
                "ConditionMeshId":"D000007855",
                "ConditionMeshTerm":"Lead Poisoning"
              }
            ]
          },
          "ConditionAncestorList":{
            "ConditionAncestor":[
              {
                "ConditionAncestorId":"D000064419",
                "ConditionAncestorTerm":"Chemically-Induced Disorders"
              },{
                "ConditionAncestorId":"D000075322",
                "ConditionAncestorTerm":"Heavy Metal Poisoning"
              }
            ]
          },
          "ConditionBrowseLeafList":{
            "ConditionBrowseLeaf":[
              {
                "ConditionBrowseLeafId":"M12514",
                "ConditionBrowseLeafName":"Poisoning",
                "ConditionBrowseLeafAsFound":"Poisoning",
                "ConditionBrowseLeafRelevance":"high"
              },{
                "ConditionBrowseLeafId":"M9451",
                "ConditionBrowseLeafName":"Lead Poisoning",
                "ConditionBrowseLeafAsFound":"Lead Poisoning",
                "ConditionBrowseLeafRelevance":"high"
              },{
                "ConditionBrowseLeafId":"M28889",
                "ConditionBrowseLeafName":"Chemically-Induced Disorders",
                "ConditionBrowseLeafRelevance":"low"
              },{
                "ConditionBrowseLeafId":"M1480",
                "ConditionBrowseLeafName":"Heavy Metal Poisoning",
                "ConditionBrowseLeafRelevance":"low"
              },{
                "ConditionBrowseLeafId":"T2680",
                "ConditionBrowseLeafName":"Heavy Metal Poisoning",
                "ConditionBrowseLeafRelevance":"low"
              }
            ]
          },
          "ConditionBrowseBranchList":{
            "ConditionBrowseBranch":[
              {
                "ConditionBrowseBranchAbbrev":"BC25",
                "ConditionBrowseBranchName":"Substance Related Disorders"
              },{
                "ConditionBrowseBranchAbbrev":"All",
                "ConditionBrowseBranchName":"All Conditions"
              },{
                "ConditionBrowseBranchAbbrev":"Rare",
                "ConditionBrowseBranchName":"Rare Diseases"
              }
            ]
          }
        }
      }
    }
  }
}

