{
  "FullStudy":{
    "Rank":368270,
    "Study":{
      "ProtocolSection":{
        "IdentificationModule":{
          "NCTId":"NCT00018850",
          "OrgStudyIdInfo":{
            "OrgStudyId":"MHBS-013-99F"
          },
          "Organization":{
            "OrgFullName":"VA Office of Research and Development",
            "OrgClass":"FED"
          },
          "BriefTitle":"5HT3 Antagonism and Auditory Gating in Schizophrenia",
          "OfficialTitle":"5HT3 Antagonism and Auditory Gating in Schizophrenia"
        },
        "StatusModule":{
          "StatusVerifiedDate":"December 2004",
          "OverallStatus":"Completed",
          "ExpandedAccessInfo":{
            "HasExpandedAccess":"No"
          },
          "StartDateStruct":{
            "StartDate":"June 1998"
          },
          "CompletionDateStruct":{
            "CompletionDate":"June 2003"
          },
          "StudyFirstSubmitDate":"July 3, 2001",
          "StudyFirstSubmitQCDate":"July 4, 2001",
          "StudyFirstPostDateStruct":{
            "StudyFirstPostDate":"July 5, 2001",
            "StudyFirstPostDateType":"Estimate"
          },
          "LastUpdateSubmitDate":"January 20, 2009",
          "LastUpdatePostDateStruct":{
            "LastUpdatePostDate":"January 21, 2009",
            "LastUpdatePostDateType":"Estimate"
          }
        },
        "SponsorCollaboratorsModule":{
          "LeadSponsor":{
            "LeadSponsorName":"US Department of Veterans Affairs",
            "LeadSponsorClass":"FED"
          }
        },
        "OversightModule":{},
        "DescriptionModule":{
          "BriefSummary":"The target groups in this study are brain waves and neurotransmitters (chemical messengers) in the brain. Subjects with diagnosed with schizophrenia will be studied. The study will help understand more about normal brain functioning and how that functioning differs in people with schizophrenia. Another purpose of this study is to determine how the altered brain functioning in schizophrenia contributes the symptoms found in the illness."
        },
        "ConditionsModule":{
          "ConditionList":{
            "Condition":[
              "Schizophrenia"
            ]
          },
          "KeywordList":{
            "Keyword":[
              "schizophrenia",
              "ondansetron",
              "nicotine",
              "haloperidol"
            ]
          }
        },
        "DesignModule":{
          "StudyType":"Interventional",
          "PhaseList":{
            "Phase":[
              "Not Applicable"
            ]
          },
          "DesignInfo":{
            "DesignAllocation":"Randomized",
            "DesignInterventionModel":"Crossover Assignment",
            "DesignPrimaryPurpose":"Treatment",
            "DesignMaskingInfo":{
              "DesignMasking":"Double"
            }
          }
        },
        "ArmsInterventionsModule":{
          "InterventionList":{
            "Intervention":[
              {
                "InterventionType":"Drug",
                "InterventionName":"ondansetron"
              },{
                "InterventionType":"Behavioral",
                "InterventionName":"neuropsychological testing"
              },{
                "InterventionType":"Drug",
                "InterventionName":"nicotine"
              },{
                "InterventionType":"Drug",
                "InterventionName":"haloperidol"
              }
            ]
          }
        },
        "EligibilityModule":{
          "EligibilityCriteria":"Subjects with diagnosed with schizophrenia will be studied.",
          "HealthyVolunteers":"No",
          "Gender":"All",
          "MinimumAge":"18 Years",
          "MaximumAge":"55 Years",
          "StdAgeList":{
            "StdAge":[
              "Adult"
            ]
          }
        },
        "ContactsLocationsModule":{
          "LocationList":{
            "Location":[
              {
                "LocationFacility":"VAMC",
                "LocationCity":"Denver",
                "LocationState":"Colorado",
                "LocationZip":"80013",
                "LocationCountry":"United States"
              }
            ]
          }
        }
      },
      "DerivedSection":{
        "MiscInfoModule":{
          "VersionHolder":"April 19, 2021"
        },
        "ConditionBrowseModule":{
          "ConditionMeshList":{
            "ConditionMesh":[
              {
                "ConditionMeshId":"D000012559",
                "ConditionMeshTerm":"Schizophrenia"
              }
            ]
          },
          "ConditionAncestorList":{
            "ConditionAncestor":[
              {
                "ConditionAncestorId":"D000019967",
                "ConditionAncestorTerm":"Schizophrenia Spectrum and Other Psychotic Disorders"
              },{
                "ConditionAncestorId":"D000001523",
                "ConditionAncestorTerm":"Mental Disorders"
              }
            ]
          },
          "ConditionBrowseLeafList":{
            "ConditionBrowseLeaf":[
              {
                "ConditionBrowseLeafId":"M13959",
                "ConditionBrowseLeafName":"Schizophrenia",
                "ConditionBrowseLeafAsFound":"Schizophrenia",
                "ConditionBrowseLeafRelevance":"high"
              },{
                "ConditionBrowseLeafId":"M3396",
                "ConditionBrowseLeafName":"Mental Disorders",
                "ConditionBrowseLeafRelevance":"low"
              },{
                "ConditionBrowseLeafId":"M13056",
                "ConditionBrowseLeafName":"Psychotic Disorders",
                "ConditionBrowseLeafRelevance":"low"
              },{
                "ConditionBrowseLeafId":"M20422",
                "ConditionBrowseLeafName":"Schizophrenia Spectrum and Other Psychotic Disorders",
                "ConditionBrowseLeafRelevance":"low"
              }
            ]
          },
          "ConditionBrowseBranchList":{
            "ConditionBrowseBranch":[
              {
                "ConditionBrowseBranchAbbrev":"BXM",
                "ConditionBrowseBranchName":"Behaviors and Mental Disorders"
              },{
                "ConditionBrowseBranchAbbrev":"All",
                "ConditionBrowseBranchName":"All Conditions"
              }
            ]
          }
        },
        "InterventionBrowseModule":{
          "InterventionMeshList":{
            "InterventionMesh":[
              {
                "InterventionMeshId":"D000006220",
                "InterventionMeshTerm":"Haloperidol"
              },{
                "InterventionMeshId":"D000017294",
                "InterventionMeshTerm":"Ondansetron"
              },{
                "InterventionMeshId":"C000033563",
                "InterventionMeshTerm":"Haloperidol decanoate"
              },{
                "InterventionMeshId":"D000009538",
                "InterventionMeshTerm":"Nicotine"
              }
            ]
          },
          "InterventionAncestorList":{
            "InterventionAncestor":[
              {
                "InterventionAncestorId":"D000005731",
                "InterventionAncestorTerm":"Ganglionic Stimulants"
              },{
                "InterventionAncestorId":"D000001337",
                "InterventionAncestorTerm":"Autonomic Agents"
              },{
                "InterventionAncestorId":"D000018373",
                "InterventionAncestorTerm":"Peripheral Nervous System Agents"
              },{
                "InterventionAncestorId":"D000045505",
                "InterventionAncestorTerm":"Physiological Effects of Drugs"
              },{
                "InterventionAncestorId":"D000018722",
                "InterventionAncestorTerm":"Nicotinic Agonists"
              },{
                "InterventionAncestorId":"D000018679",
                "InterventionAncestorTerm":"Cholinergic Agonists"
              },{
                "InterventionAncestorId":"D000018678",
                "InterventionAncestorTerm":"Cholinergic Agents"
              },{
                "InterventionAncestorId":"D000018377",
                "InterventionAncestorTerm":"Neurotransmitter Agents"
              },{
                "InterventionAncestorId":"D000045504",
                "InterventionAncestorTerm":"Molecular Mechanisms of Pharmacological Action"
              },{
                "InterventionAncestorId":"D000000932",
                "InterventionAncestorTerm":"Antiemetics"
              },{
                "InterventionAncestorId":"D000005765",
                "InterventionAncestorTerm":"Gastrointestinal Agents"
              },{
                "InterventionAncestorId":"D000000982",
                "InterventionAncestorTerm":"Antipruritics"
              },{
                "InterventionAncestorId":"D000003879",
                "InterventionAncestorTerm":"Dermatologic Agents"
              },{
                "InterventionAncestorId":"D000012702",
                "InterventionAncestorTerm":"Serotonin Antagonists"
              },{
                "InterventionAncestorId":"D000018490",
                "InterventionAncestorTerm":"Serotonin Agents"
              },{
                "InterventionAncestorId":"D000014150",
                "InterventionAncestorTerm":"Antipsychotic Agents"
              },{
                "InterventionAncestorId":"D000014149",
                "InterventionAncestorTerm":"Tranquilizing Agents"
              },{
                "InterventionAncestorId":"D000002492",
                "InterventionAncestorTerm":"Central Nervous System Depressants"
              },{
                "InterventionAncestorId":"D000011619",
                "InterventionAncestorTerm":"Psychotropic Drugs"
              },{
                "InterventionAncestorId":"D000014151",
                "InterventionAncestorTerm":"Anti-Anxiety Agents"
              },{
                "InterventionAncestorId":"D000018492",
                "InterventionAncestorTerm":"Dopamine Antagonists"
              },{
                "InterventionAncestorId":"D000015259",
                "InterventionAncestorTerm":"Dopamine Agents"
              },{
                "InterventionAncestorId":"D000018726",
                "InterventionAncestorTerm":"Anti-Dyskinesia Agents"
              }
            ]
          },
          "InterventionBrowseLeafList":{
            "InterventionBrowseLeaf":[
              {
                "InterventionBrowseLeafId":"M11061",
                "InterventionBrowseLeafName":"Nicotine",
                "InterventionBrowseLeafAsFound":"III",
                "InterventionBrowseLeafRelevance":"high"
              },{
                "InterventionBrowseLeafId":"M18171",
                "InterventionBrowseLeafName":"Ondansetron",
                "InterventionBrowseLeafAsFound":"Reference",
                "InterventionBrowseLeafRelevance":"high"
              },{
                "InterventionBrowseLeafId":"M7895",
                "InterventionBrowseLeafName":"Haloperidol",
                "InterventionBrowseLeafAsFound":"Foam",
                "InterventionBrowseLeafRelevance":"high"
              },{
                "InterventionBrowseLeafId":"M222582",
                "InterventionBrowseLeafName":"Haloperidol decanoate",
                "InterventionBrowseLeafAsFound":"Foam",
                "InterventionBrowseLeafRelevance":"high"
              },{
                "InterventionBrowseLeafId":"M14095",
                "InterventionBrowseLeafName":"Serotonin",
                "InterventionBrowseLeafRelevance":"low"
              },{
                "InterventionBrowseLeafId":"M2610",
                "InterventionBrowseLeafName":"Central Nervous System Stimulants",
                "InterventionBrowseLeafRelevance":"low"
              },{
                "InterventionBrowseLeafId":"M19380",
                "InterventionBrowseLeafName":"Nicotinic Agonists",
                "InterventionBrowseLeafRelevance":"low"
              },{
                "InterventionBrowseLeafId":"M19342",
                "InterventionBrowseLeafName":"Cholinergic Agents",
                "InterventionBrowseLeafRelevance":"low"
              },{
                "InterventionBrowseLeafId":"M19088",
                "InterventionBrowseLeafName":"Neurotransmitter Agents",
                "InterventionBrowseLeafRelevance":"low"
              },{
                "InterventionBrowseLeafId":"M2832",
                "InterventionBrowseLeafName":"Antiemetics",
                "InterventionBrowseLeafRelevance":"low"
              },{
                "InterventionBrowseLeafId":"M7464",
                "InterventionBrowseLeafName":"Gastrointestinal Agents",
                "InterventionBrowseLeafRelevance":"low"
              },{
                "InterventionBrowseLeafId":"M5657",
                "InterventionBrowseLeafName":"Dermatologic Agents",
                "InterventionBrowseLeafRelevance":"low"
              },{
                "InterventionBrowseLeafId":"M15487",
                "InterventionBrowseLeafName":"Antipsychotic Agents",
                "InterventionBrowseLeafRelevance":"low"
              },{
                "InterventionBrowseLeafId":"M13057",
                "InterventionBrowseLeafName":"Psychotropic Drugs",
                "InterventionBrowseLeafRelevance":"low"
              },{
                "InterventionBrowseLeafId":"M15488",
                "InterventionBrowseLeafName":"Anti-Anxiety Agents",
                "InterventionBrowseLeafRelevance":"low"
              },{
                "InterventionBrowseLeafId":"M6056",
                "InterventionBrowseLeafName":"Dopamine",
                "InterventionBrowseLeafRelevance":"low"
              },{
                "InterventionBrowseLeafId":"M19180",
                "InterventionBrowseLeafName":"Dopamine Antagonists",
                "InterventionBrowseLeafRelevance":"low"
              },{
                "InterventionBrowseLeafId":"M16545",
                "InterventionBrowseLeafName":"Dopamine Agents",
                "InterventionBrowseLeafRelevance":"low"
              }
            ]
          },
          "InterventionBrowseBranchList":{
            "InterventionBrowseBranch":[
              {
                "InterventionBrowseBranchAbbrev":"All",
                "InterventionBrowseBranchName":"All Drugs and Chemicals"
              },{
                "InterventionBrowseBranchAbbrev":"AnEm",
                "InterventionBrowseBranchName":"Antiemetics"
              },{
                "InterventionBrowseBranchAbbrev":"CNSDep",
                "InterventionBrowseBranchName":"Central Nervous System Depressants"
              },{
                "InterventionBrowseBranchAbbrev":"PsychDr",
                "InterventionBrowseBranchName":"Psychotropic Drugs"
              },{
                "InterventionBrowseBranchAbbrev":"Derm",
                "InterventionBrowseBranchName":"Dermatologic Agents"
              },{
                "InterventionBrowseBranchAbbrev":"Gast",
                "InterventionBrowseBranchName":"Gastrointestinal Agents"
              },{
                "InterventionBrowseBranchAbbrev":"AnDyAg",
                "InterventionBrowseBranchName":"Anti-Dyskinesia Agents"
              },{
                "InterventionBrowseBranchAbbrev":"CNSSti",
                "InterventionBrowseBranchName":"Central Nervous System Stimulants"
              },{
                "InterventionBrowseBranchAbbrev":"CaAg",
                "InterventionBrowseBranchName":"Cardiotonic Agents"
              }
            ]
          }
        }
      }
    }
  }
}

