{
  "FullStudy":{
    "Rank":368460,
    "Study":{
      "ProtocolSection":{
        "IdentificationModule":{
          "NCTId":"NCT00016185",
          "OrgStudyIdInfo":{
            "OrgStudyId":"CDR0000068605"
          },
          "SecondaryIdInfoList":{
            "SecondaryIdInfo":[
              {
                "SecondaryId":"P30CA022453",
                "SecondaryIdType":"U.S. NIH Grant/Contract",
                "SecondaryIdLink":"https://projectreporter.nih.gov/reporterapi.cfm?PROJECTNUM=P30CA022453&Fy=all"
              },{
                "SecondaryId":"WSU-C-2197"
              },{
                "SecondaryId":"NCI-1610"
              }
            ]
          },
          "Organization":{
            "OrgFullName":"Barbara Ann Karmanos Cancer Institute",
            "OrgClass":"OTHER"
          },
          "BriefTitle":"Flavopiridol and Docetaxel in Treating Patients With Advanced Solid Tumors",
          "OfficialTitle":"Phase I Study Of Flavopiridol And Docetaxel (Taxotere) In Patients With Advanced Cancers"
        },
        "StatusModule":{
          "StatusVerifiedDate":"April 2013",
          "OverallStatus":"Completed",
          "ExpandedAccessInfo":{
            "HasExpandedAccess":"No"
          },
          "StartDateStruct":{
            "StartDate":"March 2001"
          },
          "PrimaryCompletionDateStruct":{
            "PrimaryCompletionDate":"February 2003",
            "PrimaryCompletionDateType":"Actual"
          },
          "CompletionDateStruct":{
            "CompletionDate":"December 2005",
            "CompletionDateType":"Actual"
          },
          "StudyFirstSubmitDate":"May 6, 2001",
          "StudyFirstSubmitQCDate":"January 26, 2003",
          "StudyFirstPostDateStruct":{
            "StudyFirstPostDate":"January 27, 2003",
            "StudyFirstPostDateType":"Estimate"
          },
          "LastUpdateSubmitDate":"April 3, 2013",
          "LastUpdatePostDateStruct":{
            "LastUpdatePostDate":"April 5, 2013",
            "LastUpdatePostDateType":"Estimate"
          }
        },
        "SponsorCollaboratorsModule":{
          "LeadSponsor":{
            "LeadSponsorName":"Barbara Ann Karmanos Cancer Institute",
            "LeadSponsorClass":"OTHER"
          },
          "CollaboratorList":{
            "Collaborator":[
              {
                "CollaboratorName":"National Cancer Institute (NCI)",
                "CollaboratorClass":"NIH"
              }
            ]
          }
        },
        "OversightModule":{
          "OversightHasDMC":"Yes"
        },
        "DescriptionModule":{
          "BriefSummary":"RATIONALE: Drugs used in chemotherapy use different ways to stop tumor cells from dividing so they stop growing or die. Combining more than one drug may kill more tumor cells.\n\nPURPOSE: Phase I trial to study the effectiveness of combining flavopiridol and docetaxel in treating patients who have advanced solid tumors.",
          "DetailedDescription":"OBJECTIVES:\n\nDetermine the dose-limiting toxic effects and maximum tolerated dose of flavopiridol and docetaxel in patients with advanced solid tumors.\nDetermine the objective response rate and duration of response in patients treated with this regimen.\nDetermine the pharmacokinetics of these drugs in this patient population.\n\nOUTLINE: This is a dose-escalation study.\n\nPatients receive docetaxel IV over 60 minutes on day 1 and flavopiridol IV continuously over 24 hours on day 2. Treatment repeats every 3 weeks in the absence of disease progression or unacceptable toxicity.\n\nCohorts of 3-6 patients receive escalating doses of docetaxel and flavopiridol until the maximum tolerated dose (MTD) is determined. The MTD is defined as the dose preceding that at which 2 of 3 or 6 patients experience dose-limiting toxicity.\n\nPROJECTED ACCRUAL: A total of 18-24 patients will be accrued for this study within 9-11 months."
        },
        "ConditionsModule":{
          "ConditionList":{
            "Condition":[
              "Unspecified Adult Solid Tumor, Protocol Specific"
            ]
          },
          "KeywordList":{
            "Keyword":[
              "unspecified adult solid tumor, protocol specific"
            ]
          }
        },
        "DesignModule":{
          "StudyType":"Interventional",
          "PhaseList":{
            "Phase":[
              "Phase 1"
            ]
          },
          "DesignInfo":{
            "DesignPrimaryPurpose":"Treatment"
          }
        },
        "ArmsInterventionsModule":{
          "InterventionList":{
            "Intervention":[
              {
                "InterventionType":"Drug",
                "InterventionName":"alvocidib"
              },{
                "InterventionType":"Drug",
                "InterventionName":"docetaxel"
              }
            ]
          }
        },
        "EligibilityModule":{
          "EligibilityCriteria":"DISEASE CHARACTERISTICS:\n\nHistologically or cytologically confirmed metastatic or unresectable solid tumor\n\nNo standard relatively effective curative or palliative measures exist\n\nMeasurable disease in at least 1 dimension\n\nAt least 20 mm by conventional techniques OR at least 10 mm by spiral CT scan\nNo known clinically active and uncontrolled brain metastases\n\nPATIENT CHARACTERISTICS:\n\nAge:\n\n18 and over\n\nPerformance status:\n\nECOG 0-2\nKarnofsky 60-100%\n\nLife expectancy:\n\nMore than 12 weeks\n\nHematopoietic:\n\nWBC at least 3,000/mm^3\nAbsolute neutrophil count at least 1,500/mm^3\nPlatelet count at least 100,000/mm^3\n\nHepatic:\n\nBilirubin normal\nALT/AST no greater than 1.5 times upper limit of normal (ULN)\nAlkaline phosphatase no greater than 2.5 times ULN\n\nRenal:\n\nCreatinine normal\n\nCardiovascular:\n\nNo symptomatic congestive heart failure\nNo unstable angina pectoris\nNo cardiac arrhythmia\n\nOther:\n\nNo prior allergic reactions to compounds of similar chemical or biologic composition to flavopiridol or docetaxel\nNo other uncontrolled concurrent illness that would preclude study participation\nNo ongoing or active infection\nNo psychiatric illness or social situations that would preclude study compliance\nNot pregnant or nursing\nNegative pregnancy test\nFertile patients must use effective contraception\n\nPRIOR CONCURRENT THERAPY:\n\nBiologic therapy:\n\nNo concurrent immunotherapy\n\nChemotherapy:\n\nAt least 6 months since prior taxane therapy\nAt least 4 weeks since other prior chemotherapy (6 weeks for nitrosoureas or mitomycin) and recovered\nNo other concurrent chemotherapy\n\nEndocrine therapy:\n\nNo concurrent hormonal therapy except contraceptives, appetite stimulants, or replacement steroids\n\nRadiotherapy:\n\nAt least 4 weeks since prior radiotherapy and recovered\nNo concurrent radiotherapy\n\nSurgery:\n\nSee Disease Characteristics\n\nOther:\n\nNo other concurrent investigational agents\nNo concurrent combination antiretroviral therapy for HIV-positive patients",
          "HealthyVolunteers":"No",
          "Gender":"All",
          "MinimumAge":"18 Years",
          "StdAgeList":{
            "StdAge":[
              "Adult",
              "Older Adult"
            ]
          }
        },
        "ContactsLocationsModule":{
          "OverallOfficialList":{
            "OverallOfficial":[
              {
                "OverallOfficialName":"Philip A. Philip, MD, PhD, FRCP",
                "OverallOfficialAffiliation":"Barbara Ann Karmanos Cancer Institute",
                "OverallOfficialRole":"Study Chair"
              }
            ]
          },
          "LocationList":{
            "Location":[
              {
                "LocationFacility":"Barbara Ann Karmanos Cancer Institute",
                "LocationCity":"Detroit",
                "LocationState":"Michigan",
                "LocationZip":"48201-1379",
                "LocationCountry":"United States"
              }
            ]
          }
        },
        "ReferencesModule":{
          "ReferenceList":{
            "Reference":[
              {
                "ReferencePMID":"16683073",
                "ReferenceType":"result",
                "ReferenceCitation":"El-Rayes BF, Gadgeel S, Parchment R, Lorusso P, Philip PA. A phase I study of flavopiridol and docetaxel. Invest New Drugs. 2006 Jul;24(4):305-10."
              },{
                "ReferenceType":"result",
                "ReferenceCitation":"Patel B, El-Rayes BF, Gadgeel SM, et al.: A phase I study of flavopiridol and docetaxel. [Abstract] Proceedings of the American Society of Clinical Oncology 22: A-932, 2003."
              }
            ]
          }
        }
      },
      "DerivedSection":{
        "MiscInfoModule":{
          "VersionHolder":"April 19, 2021"
        },
        "InterventionBrowseModule":{
          "InterventionMeshList":{
            "InterventionMesh":[
              {
                "InterventionMeshId":"D000077143",
                "InterventionMeshTerm":"Docetaxel"
              },{
                "InterventionMeshId":"C000077990",
                "InterventionMeshTerm":"Alvocidib"
              }
            ]
          },
          "InterventionAncestorList":{
            "InterventionAncestor":[
              {
                "InterventionAncestorId":"D000000970",
                "InterventionAncestorTerm":"Antineoplastic Agents"
              },{
                "InterventionAncestorId":"D000050257",
                "InterventionAncestorTerm":"Tubulin Modulators"
              },{
                "InterventionAncestorId":"D000050256",
                "InterventionAncestorTerm":"Antimitotic Agents"
              },{
                "InterventionAncestorId":"D000050258",
                "InterventionAncestorTerm":"Mitosis Modulators"
              },{
                "InterventionAncestorId":"D000045504",
                "InterventionAncestorTerm":"Molecular Mechanisms of Pharmacological Action"
              },{
                "InterventionAncestorId":"D000006131",
                "InterventionAncestorTerm":"Growth Inhibitors"
              },{
                "InterventionAncestorId":"D000006133",
                "InterventionAncestorTerm":"Growth Substances"
              },{
                "InterventionAncestorId":"D000045505",
                "InterventionAncestorTerm":"Physiological Effects of Drugs"
              },{
                "InterventionAncestorId":"D000047428",
                "InterventionAncestorTerm":"Protein Kinase Inhibitors"
              },{
                "InterventionAncestorId":"D000004791",
                "InterventionAncestorTerm":"Enzyme Inhibitors"
              }
            ]
          },
          "InterventionBrowseLeafList":{
            "InterventionBrowseLeaf":[
              {
                "InterventionBrowseLeafId":"M1668",
                "InterventionBrowseLeafName":"Docetaxel",
                "InterventionBrowseLeafAsFound":"Administration",
                "InterventionBrowseLeafRelevance":"high"
              },{
                "InterventionBrowseLeafId":"M201750",
                "InterventionBrowseLeafName":"Alvocidib",
                "InterventionBrowseLeafAsFound":"Washing",
                "InterventionBrowseLeafRelevance":"high"
              },{
                "InterventionBrowseLeafId":"M24784",
                "InterventionBrowseLeafName":"Tubulin Modulators",
                "InterventionBrowseLeafRelevance":"low"
              },{
                "InterventionBrowseLeafId":"M24783",
                "InterventionBrowseLeafName":"Antimitotic Agents",
                "InterventionBrowseLeafRelevance":"low"
              },{
                "InterventionBrowseLeafId":"M24407",
                "InterventionBrowseLeafName":"Protein Kinase Inhibitors",
                "InterventionBrowseLeafRelevance":"low"
              }
            ]
          },
          "InterventionBrowseBranchList":{
            "InterventionBrowseBranch":[
              {
                "InterventionBrowseBranchAbbrev":"ANeo",
                "InterventionBrowseBranchName":"Antineoplastic Agents"
              },{
                "InterventionBrowseBranchAbbrev":"All",
                "InterventionBrowseBranchName":"All Drugs and Chemicals"
              }
            ]
          }
        }
      }
    }
  }
}

