{
  "FullStudy":{
    "Rank":368474,
    "Study":{
      "ProtocolSection":{
        "IdentificationModule":{
          "NCTId":"NCT00015977",
          "OrgStudyIdInfo":{
            "OrgStudyId":"9845"
          },
          "SecondaryIdInfoList":{
            "SecondaryIdInfo":[
              {
                "SecondaryId":"UCCRC-9845"
              },{
                "SecondaryId":"NCI-1192"
              }
            ]
          },
          "Organization":{
            "OrgFullName":"University of Chicago",
            "OrgClass":"OTHER"
          },
          "BriefTitle":"Vaccine Therapy Plus Interleukin-12 in Treating Patients With Metastatic Prostate Cancer That Has Not Responded to Hormone Therapy",
          "OfficialTitle":"Phase II Study of Immunization With PSMA Peptide-Pulsed Autologous PBMC Plus rhIL-12 in Patients With Metastatic Prostate Cancer"
        },
        "StatusModule":{
          "StatusVerifiedDate":"March 2014",
          "OverallStatus":"Completed",
          "ExpandedAccessInfo":{
            "HasExpandedAccess":"No"
          },
          "StartDateStruct":{
            "StartDate":"November 2001"
          },
          "PrimaryCompletionDateStruct":{
            "PrimaryCompletionDate":"March 2003",
            "PrimaryCompletionDateType":"Actual"
          },
          "CompletionDateStruct":{
            "CompletionDate":"January 2005",
            "CompletionDateType":"Actual"
          },
          "StudyFirstSubmitDate":"May 6, 2001",
          "StudyFirstSubmitQCDate":"January 26, 2003",
          "StudyFirstPostDateStruct":{
            "StudyFirstPostDate":"January 27, 2003",
            "StudyFirstPostDateType":"Estimate"
          },
          "LastUpdateSubmitDate":"March 6, 2014",
          "LastUpdatePostDateStruct":{
            "LastUpdatePostDate":"March 7, 2014",
            "LastUpdatePostDateType":"Estimate"
          }
        },
        "SponsorCollaboratorsModule":{
          "ResponsibleParty":{
            "ResponsiblePartyType":"Sponsor"
          },
          "LeadSponsor":{
            "LeadSponsorName":"University of Chicago",
            "LeadSponsorClass":"OTHER"
          },
          "CollaboratorList":{
            "Collaborator":[
              {
                "CollaboratorName":"National Cancer Institute (NCI)",
                "CollaboratorClass":"NIH"
              }
            ]
          }
        },
        "OversightModule":{
          "OversightHasDMC":"No"
        },
        "DescriptionModule":{
          "BriefSummary":"RATIONALE: Vaccines made from a patient's white blood cells may make the body build an immune response to kill cancer cells. Interleukin-12 may kill cancer cells by stopping blood flow to the tumor and by stimulating a person's white blood cells to kill cancer cells. Combining vaccine therapy with interleukin-12 may kill more tumor cells.\n\nPURPOSE: Phase II trial to study the effectiveness of vaccine therapy combined with interleukin-12 in treating patients who have metastatic prostate cancer that has not responded to hormone therapy.",
          "DetailedDescription":"OBJECTIVES:\n\nDetermine whether immunization with prostate-specific membrane antigen-pulsed autologous peripheral blood mononuclear cells and interleukin-12 can promote specific T-cell priming in patients with metastatic hormone-refractory prostate cancer.\nDetermine the clinical response in patients treated with this regimen.\n\nOUTLINE: Patients receive prostate-specific membrane antigen-pulsed autologous peripheral blood mononuclear cells subcutaneously (SC) on day 1 and interleukin-12 SC on days 1, 3, and 5. Treatment repeats every 21 days for 3-9 courses in the absence of disease progression or unacceptable toxicity.\n\nPatients are followed every 3 months.\n\nPROJECTED ACCRUAL: A total of 12-37 patients will be accrued for this study within 37 weeks."
        },
        "ConditionsModule":{
          "ConditionList":{
            "Condition":[
              "Prostate Cancer"
            ]
          },
          "KeywordList":{
            "Keyword":[
              "adenocarcinoma of the prostate",
              "stage IV prostate cancer",
              "recurrent prostate cancer"
            ]
          }
        },
        "DesignModule":{
          "StudyType":"Interventional",
          "PhaseList":{
            "Phase":[
              "Phase 2"
            ]
          },
          "DesignInfo":{
            "DesignAllocation":"N/A",
            "DesignInterventionModel":"Single Group Assignment",
            "DesignPrimaryPurpose":"Treatment",
            "DesignMaskingInfo":{
              "DesignMasking":"None (Open Label)"
            }
          },
          "EnrollmentInfo":{
            "EnrollmentCount":"13",
            "EnrollmentType":"Actual"
          }
        },
        "ArmsInterventionsModule":{
          "ArmGroupList":{
            "ArmGroup":[
              {
                "ArmGroupLabel":"PSMA peptide vaccine",
                "ArmGroupType":"Experimental",
                "ArmGroupDescription":"Immunization with PSMA peptide vaccine followed by injection of Interleukin-12 (IL-12) on Day 1 of a 21-day cycle. Additional injections of IL-12 given on Days 3 and 5 of each cycle.",
                "ArmGroupInterventionList":{
                  "ArmGroupInterventionName":[
                    "Biological: PSA prostate cancer vaccine",
                    "Biological: recombinant interleukin-12"
                  ]
                }
              }
            ]
          },
          "InterventionList":{
            "Intervention":[
              {
                "InterventionType":"Biological",
                "InterventionName":"PSA prostate cancer vaccine",
                "InterventionArmGroupLabelList":{
                  "InterventionArmGroupLabel":[
                    "PSMA peptide vaccine"
                  ]
                }
              },{
                "InterventionType":"Biological",
                "InterventionName":"recombinant interleukin-12",
                "InterventionArmGroupLabelList":{
                  "InterventionArmGroupLabel":[
                    "PSMA peptide vaccine"
                  ]
                },
                "InterventionOtherNameList":{
                  "InterventionOtherName":[
                    "IL-12, rhIL-12"
                  ]
                }
              }
            ]
          }
        },
        "OutcomesModule":{
          "PrimaryOutcomeList":{
            "PrimaryOutcome":[
              {
                "PrimaryOutcomeMeasure":"Disease response",
                "PrimaryOutcomeTimeFrame":"63 days"
              }
            ]
          }
        },
        "EligibilityModule":{
          "EligibilityCriteria":"DISEASE CHARACTERISTICS:\n\nHistologically confirmed metastatic adenocarcinoma of the prostate\nHLA-A2 positive\n\nProgressive measurable systemic disease\n\nPSA at least 5 ng/mL with 2 consecutive rising PSA levels at least 1 week apart and no measurable disease OR\nObjective evidence of disease progression by a 20% increase in the sum of longest diameter of all target lesions or evidence of new lesions by CT or bone scan regardless of PSA status\nLesions must be at least 1 cm to be considered measurable\nProgressive systemic disease after discontinuation of anti-androgen therapy\n\nPreviously treated with orchiectomy (testosterone less than 50 ng/mL) OR luteinizing hormone-releasing hormone (LHRH) analogue therapy with or without anti-androgens\n\nIf on LHRH analogue therapy, must continue therapy during study\nBrain metastases allowed if previously treated, clinically stable, and weaned from prior corticosteroids\n\nPATIENT CHARACTERISTICS:\n\nAge:\n\nOver 18\n\nPerformance status:\n\nKarnofsky 70-100%\n\nLife expectancy:\n\nAt least 12 weeks\n\nHematopoietic:\n\nAbsolute neutrophil count greater than 1,500/mm^3\nHemoglobin greater than 9 g/dL\nPlatelet count greater than 100,000/mm^3\nNo active gastrointestinal bleeding\n\nHepatic:\n\nBilirubin less than 1.5 times upper limit of normal (ULN)\nSGPT normal\nHepatitis B surface antigen negative\n\nRenal:\n\nCreatinine less than 1.5 times ULN\nCalcium less than 11 mg/dL\n\nCardiovascular:\n\nNo significant cardiovascular disease\nNo cardiac arrhythmia requiring therapy\n\nOther:\n\nFertile patients must use effective barrier contraception\nNo intrinsic immunosuppression\nHIV negative\nNo serious concurrent infection\nNo psychiatric illness that would preclude study compliance\nNo clinically significant autoimmune disease\nNo uncontrolled peptic ulcer disease\nNo history of inflammatory bowel disease\n\nPRIOR CONCURRENT THERAPY:\n\nBiologic therapy:\n\nAt least 4 weeks since prior biologic therapy\n\nChemotherapy:\n\nNot specified\n\nEndocrine therapy:\n\nSee Disease Characteristics\nAt least 4 weeks since prior flutamide\nAt least 6 weeks since prior bicalutamide or nilutamide\nNo concurrent systemic corticosteroids except physiologic replacement doses\n\nRadiotherapy:\n\nNot specified\n\nSurgery:\n\nSee Disease Characteristics\n\nOther:\n\nNo concurrent immunosuppressive drugs (e.g., cyclosporine)",
          "HealthyVolunteers":"No",
          "Gender":"Male",
          "MinimumAge":"18 Years",
          "StdAgeList":{
            "StdAge":[
              "Adult",
              "Older Adult"
            ]
          }
        },
        "ContactsLocationsModule":{
          "OverallOfficialList":{
            "OverallOfficial":[
              {
                "OverallOfficialName":"Thomas F. Gajewski, MD, PhD",
                "OverallOfficialAffiliation":"University of Chicago",
                "OverallOfficialRole":"Study Chair"
              }
            ]
          },
          "LocationList":{
            "Location":[
              {
                "LocationFacility":"University of Chicago Cancer Research Center",
                "LocationCity":"Chicago",
                "LocationState":"Illinois",
                "LocationZip":"60637-1470",
                "LocationCountry":"United States"
              }
            ]
          }
        }
      },
      "DerivedSection":{
        "MiscInfoModule":{
          "VersionHolder":"April 19, 2021"
        },
        "ConditionBrowseModule":{
          "ConditionMeshList":{
            "ConditionMesh":[
              {
                "ConditionMeshId":"D000011471",
                "ConditionMeshTerm":"Prostatic Neoplasms"
              }
            ]
          },
          "ConditionAncestorList":{
            "ConditionAncestor":[
              {
                "ConditionAncestorId":"D000005834",
                "ConditionAncestorTerm":"Genital Neoplasms, Male"
              },{
                "ConditionAncestorId":"D000014565",
                "ConditionAncestorTerm":"Urogenital Neoplasms"
              },{
                "ConditionAncestorId":"D000009371",
                "ConditionAncestorTerm":"Neoplasms by Site"
              },{
                "ConditionAncestorId":"D000009369",
                "ConditionAncestorTerm":"Neoplasms"
              },{
                "ConditionAncestorId":"D000011469",
                "ConditionAncestorTerm":"Prostatic Diseases"
              }
            ]
          },
          "ConditionBrowseLeafList":{
            "ConditionBrowseLeaf":[
              {
                "ConditionBrowseLeafId":"M12918",
                "ConditionBrowseLeafName":"Prostatic Neoplasms",
                "ConditionBrowseLeafAsFound":"Prostate Cancer",
                "ConditionBrowseLeafRelevance":"high"
              },{
                "ConditionBrowseLeafId":"M2166",
                "ConditionBrowseLeafName":"Adenocarcinoma",
                "ConditionBrowseLeafRelevance":"low"
              },{
                "ConditionBrowseLeafId":"M7529",
                "ConditionBrowseLeafName":"Genital Neoplasms, Male",
                "ConditionBrowseLeafRelevance":"low"
              },{
                "ConditionBrowseLeafId":"M15898",
                "ConditionBrowseLeafName":"Urogenital Neoplasms",
                "ConditionBrowseLeafRelevance":"low"
              },{
                "ConditionBrowseLeafId":"M12916",
                "ConditionBrowseLeafName":"Prostatic Diseases",
                "ConditionBrowseLeafRelevance":"low"
              }
            ]
          },
          "ConditionBrowseBranchList":{
            "ConditionBrowseBranch":[
              {
                "ConditionBrowseBranchAbbrev":"BC04",
                "ConditionBrowseBranchName":"Cancers and Other Neoplasms"
              },{
                "ConditionBrowseBranchAbbrev":"BXS",
                "ConditionBrowseBranchName":"Urinary Tract, Sexual Organs, and Pregnancy Conditions"
              },{
                "ConditionBrowseBranchAbbrev":"All",
                "ConditionBrowseBranchName":"All Conditions"
              }
            ]
          }
        },
        "InterventionBrowseModule":{
          "InterventionMeshList":{
            "InterventionMesh":[
              {
                "InterventionMeshId":"D000018664",
                "InterventionMeshTerm":"Interleukin-12"
              }
            ]
          },
          "InterventionAncestorList":{
            "InterventionAncestor":[
              {
                "InterventionAncestorId":"D000000276",
                "InterventionAncestorTerm":"Adjuvants, Immunologic"
              },{
                "InterventionAncestorId":"D000007155",
                "InterventionAncestorTerm":"Immunologic Factors"
              },{
                "InterventionAncestorId":"D000045505",
                "InterventionAncestorTerm":"Physiological Effects of Drugs"
              },{
                "InterventionAncestorId":"D000020533",
                "InterventionAncestorTerm":"Angiogenesis Inhibitors"
              },{
                "InterventionAncestorId":"D000043924",
                "InterventionAncestorTerm":"Angiogenesis Modulating Agents"
              },{
                "InterventionAncestorId":"D000006133",
                "InterventionAncestorTerm":"Growth Substances"
              },{
                "InterventionAncestorId":"D000006131",
                "InterventionAncestorTerm":"Growth Inhibitors"
              },{
                "InterventionAncestorId":"D000000970",
                "InterventionAncestorTerm":"Antineoplastic Agents"
              }
            ]
          },
          "InterventionBrowseLeafList":{
            "InterventionBrowseLeaf":[
              {
                "InterventionBrowseLeafId":"M15943",
                "InterventionBrowseLeafName":"Vaccines",
                "InterventionBrowseLeafRelevance":"low"
              },{
                "InterventionBrowseLeafId":"M8372",
                "InterventionBrowseLeafName":"Hormones",
                "InterventionBrowseLeafRelevance":"low"
              },{
                "InterventionBrowseLeafId":"M19331",
                "InterventionBrowseLeafName":"Interleukin-12",
                "InterventionBrowseLeafAsFound":"UVB",
                "InterventionBrowseLeafRelevance":"high"
              },{
                "InterventionBrowseLeafId":"M2209",
                "InterventionBrowseLeafName":"Adjuvants, Immunologic",
                "InterventionBrowseLeafRelevance":"low"
              },{
                "InterventionBrowseLeafId":"M8784",
                "InterventionBrowseLeafName":"Immunologic Factors",
                "InterventionBrowseLeafRelevance":"low"
              },{
                "InterventionBrowseLeafId":"M20902",
                "InterventionBrowseLeafName":"Angiogenesis Inhibitors",
                "InterventionBrowseLeafRelevance":"low"
              }
            ]
          },
          "InterventionBrowseBranchList":{
            "InterventionBrowseBranch":[
              {
                "InterventionBrowseBranchAbbrev":"All",
                "InterventionBrowseBranchName":"All Drugs and Chemicals"
              },{
                "InterventionBrowseBranchAbbrev":"ANeo",
                "InterventionBrowseBranchName":"Antineoplastic Agents"
              }
            ]
          }
        }
      }
    }
  }
}

