{
  "FullStudy":{
    "Rank":368719,
    "Study":{
      "ProtocolSection":{
        "IdentificationModule":{
          "NCTId":"NCT00012363",
          "OrgStudyIdInfo":{
            "OrgStudyId":"CDR0000068515"
          },
          "SecondaryIdInfoList":{
            "SecondaryIdInfo":[
              {
                "SecondaryId":"S0101",
                "SecondaryIdType":"Other Identifier",
                "SecondaryIdDomain":"SWOG"
              },{
                "SecondaryId":"U10CA032102",
                "SecondaryIdType":"U.S. NIH Grant/Contract",
                "SecondaryIdLink":"https://projectreporter.nih.gov/reporterapi.cfm?PROJECTNUM=U10CA032102&Fy=all"
              }
            ]
          },
          "Organization":{
            "OrgFullName":"Southwest Oncology Group",
            "OrgClass":"NETWORK"
          },
          "BriefTitle":"S0101 Gemcitabine and Irinotecan in Treating Patients With Metastatic or Recurrent Cancer of the Esophagus",
          "OfficialTitle":"Gemcitabine Plus Irinotecan in Patients With Esophageal Cancer, Phase II"
        },
        "StatusModule":{
          "StatusVerifiedDate":"June 2012",
          "OverallStatus":"Completed",
          "ExpandedAccessInfo":{
            "HasExpandedAccess":"No"
          },
          "StartDateStruct":{
            "StartDate":"April 2001"
          },
          "PrimaryCompletionDateStruct":{
            "PrimaryCompletionDate":"April 2006",
            "PrimaryCompletionDateType":"Actual"
          },
          "CompletionDateStruct":{
            "CompletionDate":"April 2006",
            "CompletionDateType":"Actual"
          },
          "StudyFirstSubmitDate":"March 3, 2001",
          "StudyFirstSubmitQCDate":"January 26, 2003",
          "StudyFirstPostDateStruct":{
            "StudyFirstPostDate":"January 27, 2003",
            "StudyFirstPostDateType":"Estimate"
          },
          "LastUpdateSubmitDate":"June 12, 2012",
          "LastUpdatePostDateStruct":{
            "LastUpdatePostDate":"June 14, 2012",
            "LastUpdatePostDateType":"Estimate"
          }
        },
        "SponsorCollaboratorsModule":{
          "ResponsibleParty":{
            "ResponsiblePartyType":"Sponsor"
          },
          "LeadSponsor":{
            "LeadSponsorName":"Southwest Oncology Group",
            "LeadSponsorClass":"NETWORK"
          },
          "CollaboratorList":{
            "Collaborator":[
              {
                "CollaboratorName":"National Cancer Institute (NCI)",
                "CollaboratorClass":"NIH"
              }
            ]
          }
        },
        "OversightModule":{
          "OversightHasDMC":"Yes"
        },
        "DescriptionModule":{
          "BriefSummary":"RATIONALE: Drugs used in chemotherapy use different ways to stop tumor cells from dividing so they stop growing or die. Combining more than one drug may kill more tumor cells.\n\nPURPOSE: Phase II trial to study the effectiveness of combination chemotherapy in treating patients who have metastatic or recurrent cancer of the esophagus.",
          "DetailedDescription":"OBJECTIVES:\n\nDetermine the 6-month survival rate of patients with metastatic or recurrent carcinoma of the esophagus or gastroesophageal junction treated with gemcitabine and irinotecan.\nDetermine the qualitative and quantitative toxic effects of this regimen in these patients.\n\nOUTLINE: Patients receive gemcitabine IV over 30 minutes and irinotecan IV over 90 minutes on days 1 and 8. Treatment repeats every 21 days for at least 6 courses in the absence of disease progression or unacceptable toxicity.\n\nPatients are followed every 3 months for 1 year and then every 6 months for 2 years.\n\nPROJECTED ACCRUAL: A total of 30-55 patients will be accrued for this study."
        },
        "ConditionsModule":{
          "ConditionList":{
            "Condition":[
              "Esophageal Cancer",
              "Gastric Cancer"
            ]
          },
          "KeywordList":{
            "Keyword":[
              "stage IV gastric cancer",
              "recurrent gastric cancer",
              "stage IV esophageal cancer",
              "recurrent esophageal cancer",
              "adenocarcinoma of the stomach",
              "squamous cell carcinoma of the esophagus",
              "adenocarcinoma of the esophagus"
            ]
          }
        },
        "DesignModule":{
          "StudyType":"Interventional",
          "PhaseList":{
            "Phase":[
              "Phase 2"
            ]
          },
          "DesignInfo":{
            "DesignAllocation":"N/A",
            "DesignInterventionModel":"Single Group Assignment",
            "DesignPrimaryPurpose":"Treatment",
            "DesignMaskingInfo":{
              "DesignMasking":"None (Open Label)"
            }
          },
          "EnrollmentInfo":{
            "EnrollmentCount":"61",
            "EnrollmentType":"Actual"
          }
        },
        "ArmsInterventionsModule":{
          "ArmGroupList":{
            "ArmGroup":[
              {
                "ArmGroupLabel":"Gemcitabine + Irinotecan",
                "ArmGroupType":"Experimental",
                "ArmGroupDescription":"Gemcitabine 1000mg/m2 IV over 30 min on Days 1,8 q21days; Irinotecan 100mg/m2 IV over 90 min on Days 1,8 q21days",
                "ArmGroupInterventionList":{
                  "ArmGroupInterventionName":[
                    "Drug: gemcitabine hydrochloride",
                    "Drug: irinotecan hydrochloride"
                  ]
                }
              }
            ]
          },
          "InterventionList":{
            "Intervention":[
              {
                "InterventionType":"Drug",
                "InterventionName":"gemcitabine hydrochloride",
                "InterventionDescription":"1,000mg/m2, IV over 30 min, days 1 & 8, q 21 days",
                "InterventionArmGroupLabelList":{
                  "InterventionArmGroupLabel":[
                    "Gemcitabine + Irinotecan"
                  ]
                },
                "InterventionOtherNameList":{
                  "InterventionOtherName":[
                    "Gemzar (NSC-613327)"
                  ]
                }
              },{
                "InterventionType":"Drug",
                "InterventionName":"irinotecan hydrochloride",
                "InterventionDescription":"100 mg/m2, IV over 90 min, days 1 & 8, q 21days",
                "InterventionArmGroupLabelList":{
                  "InterventionArmGroupLabel":[
                    "Gemcitabine + Irinotecan"
                  ]
                },
                "InterventionOtherNameList":{
                  "InterventionOtherName":[
                    "CPT-11 (NSC-616348)"
                  ]
                }
              }
            ]
          }
        },
        "OutcomesModule":{
          "PrimaryOutcomeList":{
            "PrimaryOutcome":[
              {
                "PrimaryOutcomeMeasure":"6-month survival rate",
                "PrimaryOutcomeDescription":"To assess the six-month survival rate in patients with esophageal cancer treated with a gemcitabine-irinotecan combination chemotherapy regimen.",
                "PrimaryOutcomeTimeFrame":"6 months after registration"
              }
            ]
          },
          "SecondaryOutcomeList":{
            "SecondaryOutcome":[
              {
                "SecondaryOutcomeMeasure":"Toxicities",
                "SecondaryOutcomeDescription":"To assess the qualitative and quantitative toxicities associated with this regimen in a Phase II study.",
                "SecondaryOutcomeTimeFrame":"Week 1 and Week 2 of each cycle"
              }
            ]
          }
        },
        "EligibilityModule":{
          "EligibilityCriteria":"DISEASE CHARACTERISTICS:\n\nHistologically confirmed metastatic or recurrent carcinoma of the esophagus or gastroesophageal junction\n\nSquamous cell carcinoma OR\nAdenocarcinoma\nNo known brain metastases\n\nPATIENT CHARACTERISTICS:\n\nAge:\n\n18 to 100\n\nPerformance status:\n\nZubrod 0-2\n\nLife expectancy:\n\nNot specified\n\nHematopoietic:\n\nGranulocyte count at least 1,500/mm^3\nPlatelet count at least 100,000/mm^3\n\nHepatic:\n\nNot specified\n\nRenal:\n\nCreatinine no greater than 1.5 times upper limit of normal\n\nCardiovascular:\n\nNo uncontrolled hypertension\nNo unstable angina\nNo symptomatic congestive heart failure\nNo myocardial infarction within the past 6 months\nNo serious uncontrolled cardiac arrhythmia\n\nGastrointestinal:\n\nNo active inflammatory bowel disease\nNo significant bowel obstruction\nNo chronic diarrhea\n\nOther:\n\nNot pregnant or nursing\nFertile patients must use effective contraception\nNo active infection requiring systemic therapy\nNo other prior malignancy within the past 5 years except adequately treated basal cell or squamous cell skin cancer, carcinoma in situ of the cervix, or adequately treated stage I or II cancer in complete remission\n\nPRIOR CONCURRENT THERAPY:\n\nBiologic therapy:\n\nAt least 28 days since prior biologic therapy\nNo prior biologic therapy for metastatic or recurrent disease\nNo concurrent sargramostim (GM-CSF)\nNo concurrent immunotherapy for tumor\n\nChemotherapy:\n\nAt least 28 days since prior chemotherapy\nNo prior chemotherapy for metastatic or recurrent disease\nNo prior gemcitabine or irinotecan\nPrior adjuvant or neoadjuvant chemotherapy at time of initial diagnosis of localized disease allowed\nNo other concurrent chemotherapy for tumor\n\nEndocrine therapy:\n\nSee Disease Characteristics\nAt least 28 days since prior endocrine therapy\nNo prior endocrine therapy for metastatic or recurrent disease\nNo concurrent hormonal therapy for tumor\n\nRadiotherapy:\n\nAt least 28 days since prior radiotherapy\nNo prior radiotherapy for metastatic or recurrent disease\nPrior adjuvant or neoadjuvant radiotherapy at time of initial diagnosis of localized disease allowed\nNo concurrent radiotherapy for tumor\n\nSurgery:\n\nPrior thoraco-abdominal surgery allowed\nAt least 3 weeks since prior surgery and recovered\n\nOther:\n\nNo other concurrent anti-cancer therapy for tumor",
          "HealthyVolunteers":"No",
          "Gender":"All",
          "MinimumAge":"18 Years",
          "StdAgeList":{
            "StdAge":[
              "Adult",
              "Older Adult"
            ]
          }
        },
        "ContactsLocationsModule":{
          "OverallOfficialList":{
            "OverallOfficial":[
              {
                "OverallOfficialName":"Stephen K. Williamson, MD",
                "OverallOfficialAffiliation":"University of Kansas",
                "OverallOfficialRole":"Study Chair"
              }
            ]
          },
          "LocationList":{
            "Location":[
              {
                "LocationFacility":"MBCCOP - Gulf Coast",
                "LocationCity":"Mobile",
                "LocationState":"Alabama",
                "LocationZip":"36688",
                "LocationCountry":"United States"
              },{
                "LocationFacility":"CCOP - Greater Phoenix",
                "LocationCity":"Phoenix",
                "LocationState":"Arizona",
                "LocationZip":"85006-2726",
                "LocationCountry":"United States"
              },{
                "LocationFacility":"Veterans Affairs Medical Center - Phoenix (Carl T. Hayden)",
                "LocationCity":"Phoenix",
                "LocationState":"Arizona",
                "LocationZip":"85012",
                "LocationCountry":"United States"
              },{
                "LocationFacility":"Veterans Affairs Medical Center - Tucson",
                "LocationCity":"Tucson",
                "LocationState":"Arizona",
                "LocationZip":"85723",
                "LocationCountry":"United States"
              },{
                "LocationFacility":"Arizona Cancer Center",
                "LocationCity":"Tucson",
                "LocationState":"Arizona",
                "LocationZip":"85724",
                "LocationCountry":"United States"
              },{
                "LocationFacility":"University of Arkansas for Medical Sciences",
                "LocationCity":"Little Rock",
                "LocationState":"Arkansas",
                "LocationZip":"72205",
                "LocationCountry":"United States"
              },{
                "LocationFacility":"Veterans Affairs Medical Center - Little Rock (McClellan)",
                "LocationCity":"Little Rock",
                "LocationState":"Arkansas",
                "LocationZip":"72205",
                "LocationCountry":"United States"
              },{
                "LocationFacility":"City of Hope Comprehensive Cancer Center",
                "LocationCity":"Duarte",
                "LocationState":"California",
                "LocationZip":"91010",
                "LocationCountry":"United States"
              },{
                "LocationFacility":"USC/Norris Comprehensive Cancer Center and Hospital",
                "LocationCity":"Los Angeles",
                "LocationState":"California",
                "LocationZip":"90033-0804",
                "LocationCountry":"United States"
              },{
                "LocationFacility":"Veterans Affairs Medical Center - West Los Angeles",
                "LocationCity":"Los Angeles",
                "LocationState":"California",
                "LocationZip":"90073",
                "LocationCountry":"United States"
              },{
                "LocationFacility":"Jonsson Comprehensive Cancer Center, UCLA",
                "LocationCity":"Los Angeles",
                "LocationState":"California",
                "LocationZip":"90095-1781",
                "LocationCountry":"United States"
              },{
                "LocationFacility":"Veterans Affairs Outpatient Clinic - Martinez",
                "LocationCity":"Martinez",
                "LocationState":"California",
                "LocationZip":"94553",
                "LocationCountry":"United States"
              },{
                "LocationFacility":"CCOP - Bay Area Tumor Institute",
                "LocationCity":"Oakland",
                "LocationState":"California",
                "LocationZip":"94609-3305",
                "LocationCountry":"United States"
              },{
                "LocationFacility":"Chao Family Comprehensive Cancer Center",
                "LocationCity":"Orange",
                "LocationState":"California",
                "LocationZip":"92868",
                "LocationCountry":"United States"
              },{
                "LocationFacility":"University of California Davis Medical Center",
                "LocationCity":"Sacramento",
                "LocationState":"California",
                "LocationZip":"95817",
                "LocationCountry":"United States"
              },{
                "LocationFacility":"CCOP - Santa Rosa Memorial Hospital",
                "LocationCity":"Santa Rosa",
                "LocationState":"California",
                "LocationZip":"95403",
                "LocationCountry":"United States"
              },{
                "LocationFacility":"David Grant Medical Center",
                "LocationCity":"Travis Air Force Base",
                "LocationState":"California",
                "LocationZip":"94535",
                "LocationCountry":"United States"
              },{
                "LocationFacility":"University of Colorado Cancer Center",
                "LocationCity":"Denver",
                "LocationState":"Colorado",
                "LocationZip":"80010",
                "LocationCountry":"United States"
              },{
                "LocationFacility":"Veterans Affairs Medical Center - Denver",
                "LocationCity":"Denver",
                "LocationState":"Colorado",
                "LocationZip":"80220",
                "LocationCountry":"United States"
              },{
                "LocationFacility":"MBCCOP-Howard University Cancer Center",
                "LocationCity":"Washington",
                "LocationState":"District of Columbia",
                "LocationZip":"20060",
                "LocationCountry":"United States"
              },{
                "LocationFacility":"CCOP - Atlanta Regional",
                "LocationCity":"Atlanta",
                "LocationState":"Georgia",
                "LocationZip":"30342-1701",
                "LocationCountry":"United States"
              },{
                "LocationFacility":"Dwight David Eisenhower Army Medical Center",
                "LocationCity":"Fort Gordon",
                "LocationState":"Georgia",
                "LocationZip":"30905-5650",
                "LocationCountry":"United States"
              },{
                "LocationFacility":"Cancer Research Center of Hawaii",
                "LocationCity":"Honolulu",
                "LocationState":"Hawaii",
                "LocationZip":"96813-2424",
                "LocationCountry":"United States"
              },{
                "LocationFacility":"Tripler Army Medical Center",
                "LocationCity":"Honolulu",
                "LocationState":"Hawaii",
                "LocationZip":"96859-5000",
                "LocationCountry":"United States"
              },{
                "LocationFacility":"MBCCOP - University of Illinois at Chicago",
                "LocationCity":"Chicago",
                "LocationState":"Illinois",
                "LocationZip":"60612-7323",
                "LocationCountry":"United States"
              },{
                "LocationFacility":"Veterans Affairs Medical Center - Chicago (Westside Hospital)",
                "LocationCity":"Chicago",
                "LocationState":"Illinois",
                "LocationZip":"60612",
                "LocationCountry":"United States"
              },{
                "LocationFacility":"CCOP - Central Illinois",
                "LocationCity":"Decatur",
                "LocationState":"Illinois",
                "LocationZip":"62526",
                "LocationCountry":"United States"
              },{
                "LocationFacility":"Veterans Affairs Medical Center - Hines (Hines Junior VA Hospital)",
                "LocationCity":"Hines",
                "LocationState":"Illinois",
                "LocationZip":"60141",
                "LocationCountry":"United States"
              },{
                "LocationFacility":"Loyola University Medical Center",
                "LocationCity":"Maywood",
                "LocationState":"Illinois",
                "LocationZip":"60153",
                "LocationCountry":"United States"
              },{
                "LocationFacility":"University of Kansas Medical Center",
                "LocationCity":"Kansas City",
                "LocationState":"Kansas",
                "LocationZip":"66160-7353",
                "LocationCountry":"United States"
              },{
                "LocationFacility":"CCOP - Wichita",
                "LocationCity":"Wichita",
                "LocationState":"Kansas",
                "LocationZip":"67214-3882",
                "LocationCountry":"United States"
              },{
                "LocationFacility":"Veterans Affairs Medical Center - Wichita",
                "LocationCity":"Wichita",
                "LocationState":"Kansas",
                "LocationZip":"67218",
                "LocationCountry":"United States"
              },{
                "LocationFacility":"Veterans Affairs Medical Center - Lexington",
                "LocationCity":"Lexington",
                "LocationState":"Kentucky",
                "LocationZip":"40502-2236",
                "LocationCountry":"United States"
              },{
                "LocationFacility":"Albert B. Chandler Medical Center, University of Kentucky",
                "LocationCity":"Lexington",
                "LocationState":"Kentucky",
                "LocationZip":"40536-0084",
                "LocationCountry":"United States"
              },{
                "LocationFacility":"MBCCOP - LSU Health Sciences Center",
                "LocationCity":"New Orleans",
                "LocationState":"Louisiana",
                "LocationZip":"70112",
                "LocationCountry":"United States"
              },{
                "LocationFacility":"Tulane University School of Medicine",
                "LocationCity":"New Orleans",
                "LocationState":"Louisiana",
                "LocationZip":"70112",
                "LocationCountry":"United States"
              },{
                "LocationFacility":"Louisiana State University Health Sciences Center - Shreveport",
                "LocationCity":"Shreveport",
                "LocationState":"Louisiana",
                "LocationZip":"71130-3932",
                "LocationCountry":"United States"
              },{
                "LocationFacility":"Veterans Affairs Medical Center - Shreveport",
                "LocationCity":"Shreveport",
                "LocationState":"Louisiana",
                "LocationZip":"71130",
                "LocationCountry":"United States"
              },{
                "LocationFacility":"Boston Medical Center",
                "LocationCity":"Boston",
                "LocationState":"Massachusetts",
                "LocationZip":"02118",
                "LocationCountry":"United States"
              },{
                "LocationFacility":"Veterans Affairs Medical Center - Boston (Jamaica Plain)",
                "LocationCity":"Jamaica Plain",
                "LocationState":"Massachusetts",
                "LocationZip":"02130",
                "LocationCountry":"United States"
              },{
                "LocationFacility":"Veterans Affairs Medical Center - Ann Arbor",
                "LocationCity":"Ann Arbor",
                "LocationState":"Michigan",
                "LocationZip":"48105",
                "LocationCountry":"United States"
              },{
                "LocationFacility":"CCOP - Ann Arbor Regional",
                "LocationCity":"Ann Arbor",
                "LocationState":"Michigan",
                "LocationZip":"48106",
                "LocationCountry":"United States"
              },{
                "LocationFacility":"University of Michigan Comprehensive Cancer Center",
                "LocationCity":"Ann Arbor",
                "LocationState":"Michigan",
                "LocationZip":"48109-0912",
                "LocationCountry":"United States"
              },{
                "LocationFacility":"Barbara Ann Karmanos Cancer Institute",
                "LocationCity":"Detroit",
                "LocationState":"Michigan",
                "LocationZip":"48201-1379",
                "LocationCountry":"United States"
              },{
                "LocationFacility":"Veterans Affairs Medical Center - Detroit",
                "LocationCity":"Detroit",
                "LocationState":"Michigan",
                "LocationZip":"48201-1932",
                "LocationCountry":"United States"
              },{
                "LocationFacility":"Henry Ford Hospital",
                "LocationCity":"Detroit",
                "LocationState":"Michigan",
                "LocationZip":"48202",
                "LocationCountry":"United States"
              },{
                "LocationFacility":"CCOP - Grand Rapids Clinical Oncology Program",
                "LocationCity":"Grand Rapids",
                "LocationState":"Michigan",
                "LocationZip":"49503",
                "LocationCountry":"United States"
              },{
                "LocationFacility":"CCOP - Beaumont",
                "LocationCity":"Royal Oak",
                "LocationState":"Michigan",
                "LocationZip":"48073-6769",
                "LocationCountry":"United States"
              },{
                "LocationFacility":"Providence Hospital - Southfield",
                "LocationCity":"Southfield",
                "LocationState":"Michigan",
                "LocationZip":"48075-9975",
                "LocationCountry":"United States"
              },{
                "LocationFacility":"CCOP - Duluth",
                "LocationCity":"Duluth",
                "LocationState":"Minnesota",
                "LocationZip":"55805",
                "LocationCountry":"United States"
              },{
                "LocationFacility":"Veterans Affairs Medical Center - Biloxi",
                "LocationCity":"Biloxi",
                "LocationState":"Mississippi",
                "LocationZip":"39531-2410",
                "LocationCountry":"United States"
              },{
                "LocationFacility":"University of Mississippi Medical Center",
                "LocationCity":"Jackson",
                "LocationState":"Mississippi",
                "LocationZip":"39216-4505",
                "LocationCountry":"United States"
              },{
                "LocationFacility":"Veterans Affairs Medical Center - Jackson",
                "LocationCity":"Jackson",
                "LocationState":"Mississippi",
                "LocationZip":"39216",
                "LocationCountry":"United States"
              },{
                "LocationFacility":"Keesler Medical Center - Keesler AFB",
                "LocationCity":"Keesler AFB",
                "LocationState":"Mississippi",
                "LocationZip":"39534-2576",
                "LocationCountry":"United States"
              },{
                "LocationFacility":"Veterans Affairs Medical Center - Kansas City",
                "LocationCity":"Kansas City",
                "LocationState":"Missouri",
                "LocationZip":"64128",
                "LocationCountry":"United States"
              },{
                "LocationFacility":"CCOP - Kansas City",
                "LocationCity":"Kansas City",
                "LocationState":"Missouri",
                "LocationZip":"64131",
                "LocationCountry":"United States"
              },{
                "LocationFacility":"St. Louis University Health Sciences Center",
                "LocationCity":"Saint Louis",
                "LocationState":"Missouri",
                "LocationZip":"63110",
                "LocationCountry":"United States"
              },{
                "LocationFacility":"CCOP - St. Louis-Cape Girardeau",
                "LocationCity":"Saint Louis",
                "LocationState":"Missouri",
                "LocationZip":"63141",
                "LocationCountry":"United States"
              },{
                "LocationFacility":"CCOP - Cancer Research for the Ozarks",
                "LocationCity":"Springfield",
                "LocationState":"Missouri",
                "LocationZip":"65807",
                "LocationCountry":"United States"
              },{
                "LocationFacility":"CCOP - Montana Cancer Consortium",
                "LocationCity":"Billings",
                "LocationState":"Montana",
                "LocationZip":"59101",
                "LocationCountry":"United States"
              },{
                "LocationFacility":"Veterans Affairs Medical Center - Albuquerque",
                "LocationCity":"Albuquerque",
                "LocationState":"New Mexico",
                "LocationZip":"87108-5138",
                "LocationCountry":"United States"
              },{
                "LocationFacility":"MBCCOP - University of New Mexico HSC",
                "LocationCity":"Albuquerque",
                "LocationState":"New Mexico",
                "LocationZip":"87131",
                "LocationCountry":"United States"
              },{
                "LocationFacility":"Veterans Affairs Medical Center - Albany",
                "LocationCity":"Albany",
                "LocationState":"New York",
                "LocationZip":"12208",
                "LocationCountry":"United States"
              },{
                "LocationFacility":"Herbert Irving Comprehensive Cancer Center",
                "LocationCity":"New York",
                "LocationState":"New York",
                "LocationZip":"10032",
                "LocationCountry":"United States"
              },{
                "LocationFacility":"University of Rochester Medical Center",
                "LocationCity":"Rochester",
                "LocationState":"New York",
                "LocationZip":"14642",
                "LocationCountry":"United States"
              },{
                "LocationFacility":"CCOP - Southeast Cancer Control Consortium",
                "LocationCity":"Winston-Salem",
                "LocationState":"North Carolina",
                "LocationZip":"27104-4241",
                "LocationCountry":"United States"
              },{
                "LocationFacility":"Veterans Affairs Medical Center - Cincinnati",
                "LocationCity":"Cincinnati",
                "LocationState":"Ohio",
                "LocationZip":"45220-2288",
                "LocationCountry":"United States"
              },{
                "LocationFacility":"Barrett Cancer Center, The University Hospital",
                "LocationCity":"Cincinnati",
                "LocationState":"Ohio",
                "LocationZip":"45267-0501",
                "LocationCountry":"United States"
              },{
                "LocationFacility":"Cleveland Clinic Taussig Cancer Center",
                "LocationCity":"Cleveland",
                "LocationState":"Ohio",
                "LocationZip":"44195-9001",
                "LocationCountry":"United States"
              },{
                "LocationFacility":"CCOP - Columbus",
                "LocationCity":"Columbus",
                "LocationState":"Ohio",
                "LocationZip":"43206",
                "LocationCountry":"United States"
              },{
                "LocationFacility":"Veterans Affairs Medical Center - Dayton",
                "LocationCity":"Dayton",
                "LocationState":"Ohio",
                "LocationZip":"45428",
                "LocationCountry":"United States"
              },{
                "LocationFacility":"CCOP - Dayton",
                "LocationCity":"Kettering",
                "LocationState":"Ohio",
                "LocationZip":"45429",
                "LocationCountry":"United States"
              },{
                "LocationFacility":"Oklahoma Medical Research Foundation",
                "LocationCity":"Oklahoma City",
                "LocationState":"Oklahoma",
                "LocationZip":"73104",
                "LocationCountry":"United States"
              },{
                "LocationFacility":"Veterans Affairs Medical Center - Oklahoma City",
                "LocationCity":"Oklahoma City",
                "LocationState":"Oklahoma",
                "LocationZip":"73104",
                "LocationCountry":"United States"
              },{
                "LocationFacility":"Veterans Affairs Medical Center - Portland",
                "LocationCity":"Portland",
                "LocationState":"Oregon",
                "LocationZip":"97207",
                "LocationCountry":"United States"
              },{
                "LocationFacility":"CCOP - Columbia River Program",
                "LocationCity":"Portland",
                "LocationState":"Oregon",
                "LocationZip":"97225",
                "LocationCountry":"United States"
              },{
                "LocationFacility":"OHSU Cancer Institute",
                "LocationCity":"Portland",
                "LocationState":"Oregon",
                "LocationZip":"97239",
                "LocationCountry":"United States"
              },{
                "LocationFacility":"Veterans Affairs Medical Center - Charleston",
                "LocationCity":"Charleston",
                "LocationState":"South Carolina",
                "LocationZip":"29401-5799",
                "LocationCountry":"United States"
              },{
                "LocationFacility":"Medical University of South Carolina",
                "LocationCity":"Charleston",
                "LocationState":"South Carolina",
                "LocationZip":"29425-0721",
                "LocationCountry":"United States"
              },{
                "LocationFacility":"CCOP - Greenville",
                "LocationCity":"Greenville",
                "LocationState":"South Carolina",
                "LocationZip":"29615",
                "LocationCountry":"United States"
              },{
                "LocationFacility":"CCOP - Upstate Carolina",
                "LocationCity":"Spartanburg",
                "LocationState":"South Carolina",
                "LocationZip":"29303",
                "LocationCountry":"United States"
              },{
                "LocationFacility":"Brooke Army Medical Center",
                "LocationCity":"Fort Sam Houston",
                "LocationState":"Texas",
                "LocationZip":"78234-6200",
                "LocationCountry":"United States"
              },{
                "LocationFacility":"University of Texas Medical Branch",
                "LocationCity":"Galveston",
                "LocationState":"Texas",
                "LocationZip":"77555-0565",
                "LocationCountry":"United States"
              },{
                "LocationFacility":"University of Texas - MD Anderson Cancer Center",
                "LocationCity":"Houston",
                "LocationState":"Texas",
                "LocationZip":"77030-4095",
                "LocationCountry":"United States"
              },{
                "LocationFacility":"Veterans Affairs Medical Center - Houston",
                "LocationCity":"Houston",
                "LocationState":"Texas",
                "LocationZip":"77030",
                "LocationCountry":"United States"
              },{
                "LocationFacility":"University of Texas Health Science Center at San Antonio",
                "LocationCity":"San Antonio",
                "LocationState":"Texas",
                "LocationZip":"78284-7845",
                "LocationCountry":"United States"
              },{
                "LocationFacility":"Veterans Affairs Medical Center - San Antonio (Murphy)",
                "LocationCity":"San Antonio",
                "LocationState":"Texas",
                "LocationZip":"78284",
                "LocationCountry":"United States"
              },{
                "LocationFacility":"Veterans Affairs Medical Center - Temple",
                "LocationCity":"Temple",
                "LocationState":"Texas",
                "LocationZip":"76504",
                "LocationCountry":"United States"
              },{
                "LocationFacility":"CCOP - Scott and White Hospital",
                "LocationCity":"Temple",
                "LocationState":"Texas",
                "LocationZip":"76508",
                "LocationCountry":"United States"
              },{
                "LocationFacility":"Huntsman Cancer Institute",
                "LocationCity":"Salt Lake City",
                "LocationState":"Utah",
                "LocationZip":"84112-5550",
                "LocationCountry":"United States"
              },{
                "LocationFacility":"Veterans Affairs Medical Center - Salt Lake City",
                "LocationCity":"Salt Lake City",
                "LocationState":"Utah",
                "LocationZip":"84148",
                "LocationCountry":"United States"
              },{
                "LocationFacility":"CCOP - Virginia Mason Research Center",
                "LocationCity":"Seattle",
                "LocationState":"Washington",
                "LocationZip":"98101",
                "LocationCountry":"United States"
              },{
                "LocationFacility":"Swedish Cancer Institute",
                "LocationCity":"Seattle",
                "LocationState":"Washington",
                "LocationZip":"98104",
                "LocationCountry":"United States"
              },{
                "LocationFacility":"Veterans Affairs Medical Center - Seattle",
                "LocationCity":"Seattle",
                "LocationState":"Washington",
                "LocationZip":"98108",
                "LocationCountry":"United States"
              },{
                "LocationFacility":"CCOP - Northwest",
                "LocationCity":"Tacoma",
                "LocationState":"Washington",
                "LocationZip":"98405-0986",
                "LocationCountry":"United States"
              },{
                "LocationFacility":"Madigan Army Medical Center",
                "LocationCity":"Tacoma",
                "LocationState":"Washington",
                "LocationZip":"98431-5000",
                "LocationCountry":"United States"
              }
            ]
          }
        },
        "ReferencesModule":{
          "ReferenceList":{
            "Reference":[
              {
                "ReferencePMID":"16601427",
                "ReferenceType":"result",
                "ReferenceCitation":"Williamson SK, McCoy SA, Gandara DR, Dakhil SR, Yost KJ, Paradelo JC, Atkins JN, Blanke CD, Abbruzzese JL; Southwest Oncology Group (SWOG). Phase II trial of gemcitabine plus irinotecan in patients with esophageal cancer: a Southwest Oncology Group (SWOG) trial. Am J Clin Oncol. 2006 Apr;29(2):116-22."
              }
            ]
          }
        }
      },
      "DerivedSection":{
        "MiscInfoModule":{
          "VersionHolder":"April 19, 2021"
        },
        "ConditionBrowseModule":{
          "ConditionMeshList":{
            "ConditionMesh":[
              {
                "ConditionMeshId":"D000013274",
                "ConditionMeshTerm":"Stomach Neoplasms"
              },{
                "ConditionMeshId":"D000004938",
                "ConditionMeshTerm":"Esophageal Neoplasms"
              }
            ]
          },
          "ConditionAncestorList":{
            "ConditionAncestor":[
              {
                "ConditionAncestorId":"D000005770",
                "ConditionAncestorTerm":"Gastrointestinal Neoplasms"
              },{
                "ConditionAncestorId":"D000004067",
                "ConditionAncestorTerm":"Digestive System Neoplasms"
              },{
                "ConditionAncestorId":"D000009371",
                "ConditionAncestorTerm":"Neoplasms by Site"
              },{
                "ConditionAncestorId":"D000009369",
                "ConditionAncestorTerm":"Neoplasms"
              },{
                "ConditionAncestorId":"D000004066",
                "ConditionAncestorTerm":"Digestive System Diseases"
              },{
                "ConditionAncestorId":"D000005767",
                "ConditionAncestorTerm":"Gastrointestinal Diseases"
              },{
                "ConditionAncestorId":"D000013272",
                "ConditionAncestorTerm":"Stomach Diseases"
              },{
                "ConditionAncestorId":"D000006258",
                "ConditionAncestorTerm":"Head and Neck Neoplasms"
              },{
                "ConditionAncestorId":"D000004935",
                "ConditionAncestorTerm":"Esophageal Diseases"
              }
            ]
          },
          "ConditionBrowseLeafList":{
            "ConditionBrowseLeaf":[
              {
                "ConditionBrowseLeafId":"M4116",
                "ConditionBrowseLeafName":"Carcinoma",
                "ConditionBrowseLeafRelevance":"low"
              },{
                "ConditionBrowseLeafId":"M13433",
                "ConditionBrowseLeafName":"Recurrence",
                "ConditionBrowseLeafRelevance":"low"
              },{
                "ConditionBrowseLeafId":"M4132",
                "ConditionBrowseLeafName":"Carcinoma, Squamous Cell",
                "ConditionBrowseLeafRelevance":"low"
              },{
                "ConditionBrowseLeafId":"M1733",
                "ConditionBrowseLeafName":"Esophageal Squamous Cell Carcinoma",
                "ConditionBrowseLeafRelevance":"low"
              },{
                "ConditionBrowseLeafId":"M6671",
                "ConditionBrowseLeafName":"Esophageal Neoplasms",
                "ConditionBrowseLeafAsFound":"Esophageal Cancer",
                "ConditionBrowseLeafRelevance":"high"
              },{
                "ConditionBrowseLeafId":"M14647",
                "ConditionBrowseLeafName":"Stomach Neoplasms",
                "ConditionBrowseLeafAsFound":"Gastric Cancer",
                "ConditionBrowseLeafRelevance":"high"
              },{
                "ConditionBrowseLeafId":"M2166",
                "ConditionBrowseLeafName":"Adenocarcinoma",
                "ConditionBrowseLeafRelevance":"low"
              },{
                "ConditionBrowseLeafId":"M7469",
                "ConditionBrowseLeafName":"Gastrointestinal Neoplasms",
                "ConditionBrowseLeafRelevance":"low"
              },{
                "ConditionBrowseLeafId":"M5839",
                "ConditionBrowseLeafName":"Digestive System Neoplasms",
                "ConditionBrowseLeafRelevance":"low"
              },{
                "ConditionBrowseLeafId":"M5838",
                "ConditionBrowseLeafName":"Digestive System Diseases",
                "ConditionBrowseLeafRelevance":"low"
              },{
                "ConditionBrowseLeafId":"M7466",
                "ConditionBrowseLeafName":"Gastrointestinal Diseases",
                "ConditionBrowseLeafRelevance":"low"
              },{
                "ConditionBrowseLeafId":"M14645",
                "ConditionBrowseLeafName":"Stomach Diseases",
                "ConditionBrowseLeafRelevance":"low"
              },{
                "ConditionBrowseLeafId":"M7931",
                "ConditionBrowseLeafName":"Head and Neck Neoplasms",
                "ConditionBrowseLeafRelevance":"low"
              },{
                "ConditionBrowseLeafId":"M6668",
                "ConditionBrowseLeafName":"Esophageal Diseases",
                "ConditionBrowseLeafRelevance":"low"
              },{
                "ConditionBrowseLeafId":"T2141",
                "ConditionBrowseLeafName":"Esophageal Cancer",
                "ConditionBrowseLeafAsFound":"Esophageal Cancer",
                "ConditionBrowseLeafRelevance":"high"
              },{
                "ConditionBrowseLeafId":"T5486",
                "ConditionBrowseLeafName":"Stomach Cancer",
                "ConditionBrowseLeafAsFound":"Gastric Cancer",
                "ConditionBrowseLeafRelevance":"high"
              }
            ]
          },
          "ConditionBrowseBranchList":{
            "ConditionBrowseBranch":[
              {
                "ConditionBrowseBranchAbbrev":"BC04",
                "ConditionBrowseBranchName":"Cancers and Other Neoplasms"
              },{
                "ConditionBrowseBranchAbbrev":"All",
                "ConditionBrowseBranchName":"All Conditions"
              },{
                "ConditionBrowseBranchAbbrev":"BC23",
                "ConditionBrowseBranchName":"Symptoms and General Pathology"
              },{
                "ConditionBrowseBranchAbbrev":"BC06",
                "ConditionBrowseBranchName":"Digestive System Diseases"
              },{
                "ConditionBrowseBranchAbbrev":"Rare",
                "ConditionBrowseBranchName":"Rare Diseases"
              }
            ]
          }
        },
        "InterventionBrowseModule":{
          "InterventionMeshList":{
            "InterventionMesh":[
              {
                "InterventionMeshId":"C000056507",
                "InterventionMeshTerm":"Gemcitabine"
              },{
                "InterventionMeshId":"D000077146",
                "InterventionMeshTerm":"Irinotecan"
              }
            ]
          },
          "InterventionAncestorList":{
            "InterventionAncestor":[
              {
                "InterventionAncestorId":"D000000964",
                "InterventionAncestorTerm":"Antimetabolites, Antineoplastic"
              },{
                "InterventionAncestorId":"D000000963",
                "InterventionAncestorTerm":"Antimetabolites"
              },{
                "InterventionAncestorId":"D000045504",
                "InterventionAncestorTerm":"Molecular Mechanisms of Pharmacological Action"
              },{
                "InterventionAncestorId":"D000000970",
                "InterventionAncestorTerm":"Antineoplastic Agents"
              },{
                "InterventionAncestorId":"D000000998",
                "InterventionAncestorTerm":"Antiviral Agents"
              },{
                "InterventionAncestorId":"D000000890",
                "InterventionAncestorTerm":"Anti-Infective Agents"
              },{
                "InterventionAncestorId":"D000004791",
                "InterventionAncestorTerm":"Enzyme Inhibitors"
              },{
                "InterventionAncestorId":"D000007166",
                "InterventionAncestorTerm":"Immunosuppressive Agents"
              },{
                "InterventionAncestorId":"D000007155",
                "InterventionAncestorTerm":"Immunologic Factors"
              },{
                "InterventionAncestorId":"D000045505",
                "InterventionAncestorTerm":"Physiological Effects of Drugs"
              },{
                "InterventionAncestorId":"D000059004",
                "InterventionAncestorTerm":"Topoisomerase I Inhibitors"
              },{
                "InterventionAncestorId":"D000059003",
                "InterventionAncestorTerm":"Topoisomerase Inhibitors"
              }
            ]
          },
          "InterventionBrowseLeafList":{
            "InterventionBrowseLeaf":[
              {
                "InterventionBrowseLeafId":"M223958",
                "InterventionBrowseLeafName":"Gemcitabine",
                "InterventionBrowseLeafAsFound":"Treat",
                "InterventionBrowseLeafRelevance":"high"
              },{
                "InterventionBrowseLeafId":"M1671",
                "InterventionBrowseLeafName":"Irinotecan",
                "InterventionBrowseLeafAsFound":"Route",
                "InterventionBrowseLeafRelevance":"high"
              },{
                "InterventionBrowseLeafId":"M2862",
                "InterventionBrowseLeafName":"Antimetabolites",
                "InterventionBrowseLeafRelevance":"low"
              },{
                "InterventionBrowseLeafId":"M2895",
                "InterventionBrowseLeafName":"Antiviral Agents",
                "InterventionBrowseLeafRelevance":"low"
              },{
                "InterventionBrowseLeafId":"M2795",
                "InterventionBrowseLeafName":"Anti-Infective Agents",
                "InterventionBrowseLeafRelevance":"low"
              },{
                "InterventionBrowseLeafId":"M8795",
                "InterventionBrowseLeafName":"Immunosuppressive Agents",
                "InterventionBrowseLeafRelevance":"low"
              },{
                "InterventionBrowseLeafId":"M8784",
                "InterventionBrowseLeafName":"Immunologic Factors",
                "InterventionBrowseLeafRelevance":"low"
              },{
                "InterventionBrowseLeafId":"M27936",
                "InterventionBrowseLeafName":"Topoisomerase I Inhibitors",
                "InterventionBrowseLeafRelevance":"low"
              }
            ]
          },
          "InterventionBrowseBranchList":{
            "InterventionBrowseBranch":[
              {
                "InterventionBrowseBranchAbbrev":"Infe",
                "InterventionBrowseBranchName":"Anti-Infective Agents"
              },{
                "InterventionBrowseBranchAbbrev":"ANeo",
                "InterventionBrowseBranchName":"Antineoplastic Agents"
              },{
                "InterventionBrowseBranchAbbrev":"All",
                "InterventionBrowseBranchName":"All Drugs and Chemicals"
              }
            ]
          }
        }
      }
    }
  }
}

