{
  "FullStudy":{
    "Rank":368235,
    "Study":{
      "ProtocolSection":{
        "IdentificationModule":{
          "NCTId":"NCT00019474",
          "OrgStudyIdInfo":{
            "OrgStudyId":"CDR0000066253"
          },
          "SecondaryIdInfoList":{
            "SecondaryIdInfo":[
              {
                "SecondaryId":"P30CA013330",
                "SecondaryIdType":"U.S. NIH Grant/Contract",
                "SecondaryIdLink":"https://projectreporter.nih.gov/reporterapi.cfm?PROJECTNUM=P30CA013330&Fy=all"
              },{
                "SecondaryId":"AECM-9707254"
              },{
                "SecondaryId":"MMC-9007262-PHII"
              },{
                "SecondaryId":"MMC-FDR001009-PHII"
              }
            ]
          },
          "Organization":{
            "OrgFullName":"Montefiore Medical Center",
            "OrgClass":"OTHER"
          },
          "BriefTitle":"Combination Chemotherapy Plus Interferon Alfa Followed by Filgrastim in Treating Patients With Gastrointestinal Tract Cancer",
          "OfficialTitle":"Phase II Trial of 2-Fluorouracil Recombinant Alpha-2a-Interferon and Intravenous Hydroxyurea With Filgrastim in Patients With Refractory GI Malignancies Grant Application Title: Parenteral Hydroxyurea: A Modulator in Pancreatic Cancer"
        },
        "StatusModule":{
          "StatusVerifiedDate":"September 2018",
          "OverallStatus":"Completed",
          "ExpandedAccessInfo":{
            "HasExpandedAccess":"No"
          },
          "StartDateStruct":{
            "StartDate":"March 1998"
          },
          "PrimaryCompletionDateStruct":{
            "PrimaryCompletionDate":"August 2000",
            "PrimaryCompletionDateType":"Actual"
          },
          "CompletionDateStruct":{
            "CompletionDate":"August 2000",
            "CompletionDateType":"Actual"
          },
          "StudyFirstSubmitDate":"July 11, 2001",
          "StudyFirstSubmitQCDate":"April 12, 2004",
          "StudyFirstPostDateStruct":{
            "StudyFirstPostDate":"April 13, 2004",
            "StudyFirstPostDateType":"Estimate"
          },
          "LastUpdateSubmitDate":"September 12, 2018",
          "LastUpdatePostDateStruct":{
            "LastUpdatePostDate":"September 14, 2018",
            "LastUpdatePostDateType":"Actual"
          }
        },
        "SponsorCollaboratorsModule":{
          "ResponsibleParty":{
            "ResponsiblePartyType":"Sponsor"
          },
          "LeadSponsor":{
            "LeadSponsorName":"Montefiore Medical Center",
            "LeadSponsorClass":"OTHER"
          },
          "CollaboratorList":{
            "Collaborator":[
              {
                "CollaboratorName":"National Cancer Institute (NCI)",
                "CollaboratorClass":"NIH"
              }
            ]
          }
        },
        "OversightModule":{},
        "DescriptionModule":{
          "BriefSummary":"RATIONALE: Drugs used in chemotherapy use different ways to stop tumor cells from dividing so they stop growing or die. Interferon alfa may interfere with the growth of cancer cells. Colony-stimulating factors such as filgrastim may increase the number of immune cells found in bone marrow or peripheral blood and may help a person recover from the side effects of chemotherapy. Combining chemotherapy with interferon alfa may kill more tumor cells.\n\nPURPOSE: Phase II trial to study the effectiveness of combining chemotherapy and interferon alfa followed by filgrastim in treating patients who have gastrointestinal tract cancer.",
          "DetailedDescription":"OBJECTIVES: I. Determine the objective response rates in patients with unresectable locally advanced or advanced gastrointestinal malignancy treated with intravenous hydroxyurea, fluorouracil, interferon alfa, and filgrastim (G-CSF). II. Determine the toxic effects of this regimen in these patients. III. Determine the reversal of toxic effects of this regimen in these patients.\n\nOUTLINE: Patients are stratified according to site of primary disease (hepatobiliary vs gastric vs pancreatic). Patients receive fluorouracil IV over 48 hours and hydroxyurea IV over 48 hours on days 1, 8, 22, and 29. Patients also receive interferon alfa subcutaneously (SC) on days 1, 3, and 5 and filgrastim (G-CSF) SC on days 3-6 of weeks 1, 2, 4, and 5. Treatment repeats every 6 weeks in the absence of disease progression or unacceptable toxicity.\n\nPROJECTED ACCRUAL: A total of 31-60 patients (18-33 with hepatobiliary or gastric cancer and 13-27 with pancreatic cancer) will be accrued for this study."
        },
        "ConditionsModule":{
          "ConditionList":{
            "Condition":[
              "Extrahepatic Bile Duct Cancer",
              "Gastric Cancer",
              "Gastrointestinal Carcinoid Tumor",
              "Liver Cancer",
              "Pancreatic Cancer",
              "Small Intestine Cancer"
            ]
          },
          "KeywordList":{
            "Keyword":[
              "stage III gastric cancer",
              "stage IV gastric cancer",
              "recurrent gastric cancer",
              "stage II pancreatic cancer",
              "stage III pancreatic cancer",
              "recurrent pancreatic cancer",
              "regional gastrointestinal carcinoid tumor",
              "metastatic gastrointestinal carcinoid tumor",
              "recurrent gastrointestinal carcinoid tumor",
              "localized unresectable adult primary liver cancer",
              "advanced adult primary liver cancer",
              "recurrent adult primary liver cancer",
              "small intestine adenocarcinoma",
              "unresectable extrahepatic bile duct cancer",
              "recurrent extrahepatic bile duct cancer",
              "recurrent small intestine cancer",
              "adult primary hepatocellular carcinoma",
              "stage IV pancreatic cancer"
            ]
          }
        },
        "DesignModule":{
          "StudyType":"Interventional",
          "PhaseList":{
            "Phase":[
              "Phase 2"
            ]
          },
          "DesignInfo":{
            "DesignPrimaryPurpose":"Treatment"
          },
          "EnrollmentInfo":{
            "EnrollmentCount":"60",
            "EnrollmentType":"Actual"
          }
        },
        "ArmsInterventionsModule":{
          "InterventionList":{
            "Intervention":[
              {
                "InterventionType":"Biological",
                "InterventionName":"filgrastim"
              },{
                "InterventionType":"Biological",
                "InterventionName":"recombinant interferon alfa"
              },{
                "InterventionType":"Drug",
                "InterventionName":"fluorouracil"
              },{
                "InterventionType":"Drug",
                "InterventionName":"hydroxyurea"
              }
            ]
          }
        },
        "EligibilityModule":{
          "EligibilityCriteria":"DISEASE CHARACTERISTICS: Histologically confirmed pancreatic, gastric, biliary system, or hepatocellular carcinoma beyond the scope of surgical resection Gastrointestinal tract carcinoid tumor or carcinoma of the small bowel allowed Bidimensionally measurable disease Ineligible for ECOG 6296 (gastric cancer) No brain metastases, unless completely resected and CT scan of the brain is normal\n\nPATIENT CHARACTERISTICS: Age: 18 and over Performance status: ECOG 0-1 Life expectancy: Not specified Hematopoietic: WBC at least 4,000/mm3 Platelet count at least 100,000/mm3 Hepatic: Bilirubin less than 3 times normal SGOT less than 3 times normal Renal: Creatinine no greater than 2.0 mg/dL Cardiovascular: No New York Heart Association class III or IV heart disease No chronic or uncontrolled angina No significant coronary artery disease (even if asymptomatic) on cardiac catheterization or thallium stress test, in patients with a history of atherosclerotic heart disease No congestive heart failure No arrhythmia Pulmonary: No chronic obstructive pulmonary disease No chronic pulmonary disease, including asthma, chronic bronchitis, emphysema, sarcoid, or bronchiectasis Neurologic: No cerebellar disease No seizure disorder Other: HIV negative No active or serious underlying infection No AIDS No psychiatric illness No organic mental syndrome No major psychoaffective disorder No poorly controlled diabetes mellitus No serious underlying illness that would preclude study No recent history of alcohol or drug abuse Not pregnant or nursing Negative pregnancy test Fertile patients must use effective contraception\n\nPRIOR CONCURRENT THERAPY: Biologic therapy: No concurrent immunotherapy Chemotherapy: No prior systemic chemotherapy for advanced disease Prior fluorouracil or gemcitabine as radiosensitizer allowed No other prior chemotherapy Endocrine therapy: No concurrent systemic steroids No concurrent hormonal therapy (excluding birth control pills) No concurrent steroids as antiemetics or for chronic treatment Radiotherapy: At least 1 month since prior radiotherapy Surgery: See Disease Characteristics Recovered from prior surgery Other: At least 1 week since prior beta blockers No concurrent chronic treatment with aspirin, non-steroidal anti-inflammatory drugs, antihistamines, antianginal medication, extraordinary antihypertensive regimens, or antiarrhythmics (except cardiac glycosides)",
          "HealthyVolunteers":"No",
          "Gender":"All",
          "MinimumAge":"18 Years",
          "MaximumAge":"120 Years",
          "StdAgeList":{
            "StdAge":[
              "Adult",
              "Older Adult"
            ]
          }
        },
        "ContactsLocationsModule":{
          "OverallOfficialList":{
            "OverallOfficial":[
              {
                "OverallOfficialName":"Scott Wadler, MD",
                "OverallOfficialAffiliation":"Albert Einstein College of Medicine",
                "OverallOfficialRole":"Study Chair"
              }
            ]
          },
          "LocationList":{
            "Location":[
              {
                "LocationFacility":"Albert Einstein Comprehensive Cancer Center",
                "LocationCity":"Bronx",
                "LocationState":"New York",
                "LocationZip":"10461",
                "LocationCountry":"United States"
              }
            ]
          }
        }
      },
      "DerivedSection":{
        "MiscInfoModule":{
          "VersionHolder":"April 19, 2021"
        },
        "ConditionBrowseModule":{
          "ConditionMeshList":{
            "ConditionMesh":[
              {
                "ConditionMeshId":"D000010190",
                "ConditionMeshTerm":"Pancreatic Neoplasms"
              },{
                "ConditionMeshId":"D000013274",
                "ConditionMeshTerm":"Stomach Neoplasms"
              },{
                "ConditionMeshId":"D000008113",
                "ConditionMeshTerm":"Liver Neoplasms"
              },{
                "ConditionMeshId":"D000002276",
                "ConditionMeshTerm":"Carcinoid Tumor"
              },{
                "ConditionMeshId":"D000001650",
                "ConditionMeshTerm":"Bile Duct Neoplasms"
              },{
                "ConditionMeshId":"D000018281",
                "ConditionMeshTerm":"Cholangiocarcinoma"
              },{
                "ConditionMeshId":"D000008303",
                "ConditionMeshTerm":"Malignant Carcinoid Syndrome"
              },{
                "ConditionMeshId":"D000005770",
                "ConditionMeshTerm":"Gastrointestinal Neoplasms"
              },{
                "ConditionMeshId":"D000007414",
                "ConditionMeshTerm":"Intestinal Neoplasms"
              }
            ]
          },
          "ConditionAncestorList":{
            "ConditionAncestor":[
              {
                "ConditionAncestorId":"D000004067",
                "ConditionAncestorTerm":"Digestive System Neoplasms"
              },{
                "ConditionAncestorId":"D000009371",
                "ConditionAncestorTerm":"Neoplasms by Site"
              },{
                "ConditionAncestorId":"D000009369",
                "ConditionAncestorTerm":"Neoplasms"
              },{
                "ConditionAncestorId":"D000004701",
                "ConditionAncestorTerm":"Endocrine Gland Neoplasms"
              },{
                "ConditionAncestorId":"D000004066",
                "ConditionAncestorTerm":"Digestive System Diseases"
              },{
                "ConditionAncestorId":"D000010182",
                "ConditionAncestorTerm":"Pancreatic Diseases"
              },{
                "ConditionAncestorId":"D000004700",
                "ConditionAncestorTerm":"Endocrine System Diseases"
              },{
                "ConditionAncestorId":"D000005767",
                "ConditionAncestorTerm":"Gastrointestinal Diseases"
              },{
                "ConditionAncestorId":"D000013272",
                "ConditionAncestorTerm":"Stomach Diseases"
              },{
                "ConditionAncestorId":"D000008107",
                "ConditionAncestorTerm":"Liver Diseases"
              },{
                "ConditionAncestorId":"D000018358",
                "ConditionAncestorTerm":"Neuroendocrine Tumors"
              },{
                "ConditionAncestorId":"D000017599",
                "ConditionAncestorTerm":"Neuroectodermal Tumors"
              },{
                "ConditionAncestorId":"D000009373",
                "ConditionAncestorTerm":"Neoplasms, Germ Cell and Embryonal"
              },{
                "ConditionAncestorId":"D000009370",
                "ConditionAncestorTerm":"Neoplasms by Histologic Type"
              },{
                "ConditionAncestorId":"D000000230",
                "ConditionAncestorTerm":"Adenocarcinoma"
              },{
                "ConditionAncestorId":"D000002277",
                "ConditionAncestorTerm":"Carcinoma"
              },{
                "ConditionAncestorId":"D000009375",
                "ConditionAncestorTerm":"Neoplasms, Glandular and Epithelial"
              },{
                "ConditionAncestorId":"D000009380",
                "ConditionAncestorTerm":"Neoplasms, Nerve Tissue"
              },{
                "ConditionAncestorId":"D000001661",
                "ConditionAncestorTerm":"Biliary Tract Neoplasms"
              },{
                "ConditionAncestorId":"D000001649",
                "ConditionAncestorTerm":"Bile Duct Diseases"
              },{
                "ConditionAncestorId":"D000001660",
                "ConditionAncestorTerm":"Biliary Tract Diseases"
              },{
                "ConditionAncestorId":"D000007410",
                "ConditionAncestorTerm":"Intestinal Diseases"
              }
            ]
          },
          "ConditionBrowseLeafList":{
            "ConditionBrowseLeaf":[
              {
                "ConditionBrowseLeafId":"M4116",
                "ConditionBrowseLeafName":"Carcinoma",
                "ConditionBrowseLeafRelevance":"low"
              },{
                "ConditionBrowseLeafId":"M19009",
                "ConditionBrowseLeafName":"Cholangiocarcinoma",
                "ConditionBrowseLeafAsFound":"Bile Duct Cancer",
                "ConditionBrowseLeafRelevance":"high"
              },{
                "ConditionBrowseLeafId":"M8196",
                "ConditionBrowseLeafName":"Carcinoma, Hepatocellular",
                "ConditionBrowseLeafRelevance":"low"
              },{
                "ConditionBrowseLeafId":"M11693",
                "ConditionBrowseLeafName":"Pancreatic Neoplasms",
                "ConditionBrowseLeafAsFound":"Pancreatic Cancer",
                "ConditionBrowseLeafRelevance":"high"
              },{
                "ConditionBrowseLeafId":"M14647",
                "ConditionBrowseLeafName":"Stomach Neoplasms",
                "ConditionBrowseLeafAsFound":"Gastric Cancer",
                "ConditionBrowseLeafRelevance":"high"
              },{
                "ConditionBrowseLeafId":"M2166",
                "ConditionBrowseLeafName":"Adenocarcinoma",
                "ConditionBrowseLeafRelevance":"low"
              },{
                "ConditionBrowseLeafId":"M9696",
                "ConditionBrowseLeafName":"Liver Neoplasms",
                "ConditionBrowseLeafAsFound":"Liver Cancer",
                "ConditionBrowseLeafRelevance":"high"
              },{
                "ConditionBrowseLeafId":"M4115",
                "ConditionBrowseLeafName":"Carcinoid Tumor",
                "ConditionBrowseLeafAsFound":"Carcinoid Tumor",
                "ConditionBrowseLeafRelevance":"high"
              },{
                "ConditionBrowseLeafId":"M3517",
                "ConditionBrowseLeafName":"Bile Duct Neoplasms",
                "ConditionBrowseLeafAsFound":"Bile Duct Cancer",
                "ConditionBrowseLeafRelevance":"high"
              },{
                "ConditionBrowseLeafId":"M14938",
                "ConditionBrowseLeafName":"Syndrome",
                "ConditionBrowseLeafRelevance":"low"
              },{
                "ConditionBrowseLeafId":"M9878",
                "ConditionBrowseLeafName":"Malignant Carcinoid Syndrome",
                "ConditionBrowseLeafAsFound":"Gastrointestinal carcinoid tumor",
                "ConditionBrowseLeafRelevance":"high"
              },{
                "ConditionBrowseLeafId":"M20639",
                "ConditionBrowseLeafName":"Serotonin Syndrome",
                "ConditionBrowseLeafRelevance":"low"
              },{
                "ConditionBrowseLeafId":"M7469",
                "ConditionBrowseLeafName":"Gastrointestinal Neoplasms",
                "ConditionBrowseLeafAsFound":"Gastrointestinal carcinoid tumor",
                "ConditionBrowseLeafRelevance":"high"
              },{
                "ConditionBrowseLeafId":"M5839",
                "ConditionBrowseLeafName":"Digestive System Neoplasms",
                "ConditionBrowseLeafRelevance":"low"
              },{
                "ConditionBrowseLeafId":"M9031",
                "ConditionBrowseLeafName":"Intestinal Neoplasms",
                "ConditionBrowseLeafAsFound":"Intestine Cancer",
                "ConditionBrowseLeafRelevance":"high"
              },{
                "ConditionBrowseLeafId":"M6446",
                "ConditionBrowseLeafName":"Endocrine Gland Neoplasms",
                "ConditionBrowseLeafRelevance":"low"
              },{
                "ConditionBrowseLeafId":"M5838",
                "ConditionBrowseLeafName":"Digestive System Diseases",
                "ConditionBrowseLeafRelevance":"low"
              },{
                "ConditionBrowseLeafId":"M7466",
                "ConditionBrowseLeafName":"Gastrointestinal Diseases",
                "ConditionBrowseLeafRelevance":"low"
              },{
                "ConditionBrowseLeafId":"M11685",
                "ConditionBrowseLeafName":"Pancreatic Diseases",
                "ConditionBrowseLeafRelevance":"low"
              },{
                "ConditionBrowseLeafId":"M6445",
                "ConditionBrowseLeafName":"Endocrine System Diseases",
                "ConditionBrowseLeafRelevance":"low"
              },{
                "ConditionBrowseLeafId":"M14645",
                "ConditionBrowseLeafName":"Stomach Diseases",
                "ConditionBrowseLeafRelevance":"low"
              },{
                "ConditionBrowseLeafId":"M9690",
                "ConditionBrowseLeafName":"Liver Diseases",
                "ConditionBrowseLeafRelevance":"low"
              },{
                "ConditionBrowseLeafId":"M19079",
                "ConditionBrowseLeafName":"Neuroendocrine Tumors",
                "ConditionBrowseLeafRelevance":"low"
              },{
                "ConditionBrowseLeafId":"M18428",
                "ConditionBrowseLeafName":"Neuroectodermal Tumors",
                "ConditionBrowseLeafRelevance":"low"
              },{
                "ConditionBrowseLeafId":"M18971",
                "ConditionBrowseLeafName":"Neuroectodermal Tumors, Primitive",
                "ConditionBrowseLeafRelevance":"low"
              },{
                "ConditionBrowseLeafId":"M10901",
                "ConditionBrowseLeafName":"Neoplasms, Germ Cell and Embryonal",
                "ConditionBrowseLeafRelevance":"low"
              },{
                "ConditionBrowseLeafId":"M10898",
                "ConditionBrowseLeafName":"Neoplasms by Histologic Type",
                "ConditionBrowseLeafRelevance":"low"
              },{
                "ConditionBrowseLeafId":"M10903",
                "ConditionBrowseLeafName":"Neoplasms, Glandular and Epithelial",
                "ConditionBrowseLeafRelevance":"low"
              },{
                "ConditionBrowseLeafId":"M10908",
                "ConditionBrowseLeafName":"Neoplasms, Nerve Tissue",
                "ConditionBrowseLeafRelevance":"low"
              },{
                "ConditionBrowseLeafId":"M3528",
                "ConditionBrowseLeafName":"Biliary Tract Neoplasms",
                "ConditionBrowseLeafRelevance":"low"
              },{
                "ConditionBrowseLeafId":"M3516",
                "ConditionBrowseLeafName":"Bile Duct Diseases",
                "ConditionBrowseLeafRelevance":"low"
              },{
                "ConditionBrowseLeafId":"M3527",
                "ConditionBrowseLeafName":"Biliary Tract Diseases",
                "ConditionBrowseLeafRelevance":"low"
              },{
                "ConditionBrowseLeafId":"M9027",
                "ConditionBrowseLeafName":"Intestinal Diseases",
                "ConditionBrowseLeafRelevance":"low"
              },{
                "ConditionBrowseLeafId":"T755",
                "ConditionBrowseLeafName":"Bile Duct Cancer",
                "ConditionBrowseLeafAsFound":"Bile Duct Cancer",
                "ConditionBrowseLeafRelevance":"high"
              },{
                "ConditionBrowseLeafId":"T4387",
                "ConditionBrowseLeafName":"Pancreatic Cancer",
                "ConditionBrowseLeafAsFound":"Pancreatic Cancer",
                "ConditionBrowseLeafRelevance":"high"
              },{
                "ConditionBrowseLeafId":"T5486",
                "ConditionBrowseLeafName":"Stomach Cancer",
                "ConditionBrowseLeafAsFound":"Gastric Cancer",
                "ConditionBrowseLeafRelevance":"high"
              },{
                "ConditionBrowseLeafId":"T761",
                "ConditionBrowseLeafName":"Biliary Tract Cancer",
                "ConditionBrowseLeafAsFound":"Liver Cancer",
                "ConditionBrowseLeafRelevance":"high"
              },{
                "ConditionBrowseLeafId":"T4700",
                "ConditionBrowseLeafName":"Primary Liver Cancer",
                "ConditionBrowseLeafRelevance":"low"
              },{
                "ConditionBrowseLeafId":"T948",
                "ConditionBrowseLeafName":"Carcinoid Tumor",
                "ConditionBrowseLeafAsFound":"Carcinoid Tumor",
                "ConditionBrowseLeafRelevance":"high"
              },{
                "ConditionBrowseLeafId":"T5272",
                "ConditionBrowseLeafName":"Small Intestinal Adenocarcinoma",
                "ConditionBrowseLeafRelevance":"low"
              },{
                "ConditionBrowseLeafId":"T5273",
                "ConditionBrowseLeafName":"Small Intestine Cancer",
                "ConditionBrowseLeafAsFound":"Small Intestine Cancer",
                "ConditionBrowseLeafRelevance":"high"
              },{
                "ConditionBrowseLeafId":"T947",
                "ConditionBrowseLeafName":"Carcinoid Syndrome",
                "ConditionBrowseLeafRelevance":"low"
              },{
                "ConditionBrowseLeafId":"T4091",
                "ConditionBrowseLeafName":"Neuroendocrine Tumor",
                "ConditionBrowseLeafRelevance":"low"
              },{
                "ConditionBrowseLeafId":"T4092",
                "ConditionBrowseLeafName":"Neuroepithelioma",
                "ConditionBrowseLeafRelevance":"low"
              }
            ]
          },
          "ConditionBrowseBranchList":{
            "ConditionBrowseBranch":[
              {
                "ConditionBrowseBranchAbbrev":"BC04",
                "ConditionBrowseBranchName":"Cancers and Other Neoplasms"
              },{
                "ConditionBrowseBranchAbbrev":"All",
                "ConditionBrowseBranchName":"All Conditions"
              },{
                "ConditionBrowseBranchAbbrev":"BC06",
                "ConditionBrowseBranchName":"Digestive System Diseases"
              },{
                "ConditionBrowseBranchAbbrev":"BC19",
                "ConditionBrowseBranchName":"Gland and Hormone Related Diseases"
              },{
                "ConditionBrowseBranchAbbrev":"BC23",
                "ConditionBrowseBranchName":"Symptoms and General Pathology"
              },{
                "ConditionBrowseBranchAbbrev":"BC25",
                "ConditionBrowseBranchName":"Substance Related Disorders"
              },{
                "ConditionBrowseBranchAbbrev":"Rare",
                "ConditionBrowseBranchName":"Rare Diseases"
              }
            ]
          }
        },
        "InterventionBrowseModule":{
          "InterventionMeshList":{
            "InterventionMesh":[
              {
                "InterventionMeshId":"D000007372",
                "InterventionMeshTerm":"Interferons"
              },{
                "InterventionMeshId":"D000016898",
                "InterventionMeshTerm":"Interferon-alpha"
              },{
                "InterventionMeshId":"D000005472",
                "InterventionMeshTerm":"Fluorouracil"
              },{
                "InterventionMeshId":"D000006918",
                "InterventionMeshTerm":"Hydroxyurea"
              }
            ]
          },
          "InterventionAncestorList":{
            "InterventionAncestor":[
              {
                "InterventionAncestorId":"D000000963",
                "InterventionAncestorTerm":"Antimetabolites"
              },{
                "InterventionAncestorId":"D000045504",
                "InterventionAncestorTerm":"Molecular Mechanisms of Pharmacological Action"
              },{
                "InterventionAncestorId":"D000000964",
                "InterventionAncestorTerm":"Antimetabolites, Antineoplastic"
              },{
                "InterventionAncestorId":"D000000970",
                "InterventionAncestorTerm":"Antineoplastic Agents"
              },{
                "InterventionAncestorId":"D000007166",
                "InterventionAncestorTerm":"Immunosuppressive Agents"
              },{
                "InterventionAncestorId":"D000007155",
                "InterventionAncestorTerm":"Immunologic Factors"
              },{
                "InterventionAncestorId":"D000045505",
                "InterventionAncestorTerm":"Physiological Effects of Drugs"
              },{
                "InterventionAncestorId":"D000000998",
                "InterventionAncestorTerm":"Antiviral Agents"
              },{
                "InterventionAncestorId":"D000000890",
                "InterventionAncestorTerm":"Anti-Infective Agents"
              },{
                "InterventionAncestorId":"D000000986",
                "InterventionAncestorTerm":"Antisickling Agents"
              },{
                "InterventionAncestorId":"D000004791",
                "InterventionAncestorTerm":"Enzyme Inhibitors"
              },{
                "InterventionAncestorId":"D000019384",
                "InterventionAncestorTerm":"Nucleic Acid Synthesis Inhibitors"
              }
            ]
          },
          "InterventionBrowseLeafList":{
            "InterventionBrowseLeaf":[
              {
                "InterventionBrowseLeafId":"M7183",
                "InterventionBrowseLeafName":"Fluorouracil",
                "InterventionBrowseLeafAsFound":"Weight",
                "InterventionBrowseLeafRelevance":"high"
              },{
                "InterventionBrowseLeafId":"M17826",
                "InterventionBrowseLeafName":"Interferon-alpha",
                "InterventionBrowseLeafAsFound":"Vitamin D",
                "InterventionBrowseLeafRelevance":"high"
              },{
                "InterventionBrowseLeafId":"M8552",
                "InterventionBrowseLeafName":"Hydroxyurea",
                "InterventionBrowseLeafAsFound":"Resuscitation",
                "InterventionBrowseLeafRelevance":"high"
              },{
                "InterventionBrowseLeafId":"M1945",
                "InterventionBrowseLeafName":"Lenograstim",
                "InterventionBrowseLeafRelevance":"low"
              },{
                "InterventionBrowseLeafId":"M8990",
                "InterventionBrowseLeafName":"Interferons",
                "InterventionBrowseLeafAsFound":"Insulin",
                "InterventionBrowseLeafRelevance":"high"
              },{
                "InterventionBrowseLeafId":"M9693",
                "InterventionBrowseLeafName":"Liver Extracts",
                "InterventionBrowseLeafRelevance":"low"
              },{
                "InterventionBrowseLeafId":"M1685",
                "InterventionBrowseLeafName":"Interferon alpha-2",
                "InterventionBrowseLeafRelevance":"low"
              },{
                "InterventionBrowseLeafId":"M2862",
                "InterventionBrowseLeafName":"Antimetabolites",
                "InterventionBrowseLeafRelevance":"low"
              },{
                "InterventionBrowseLeafId":"M8795",
                "InterventionBrowseLeafName":"Immunosuppressive Agents",
                "InterventionBrowseLeafRelevance":"low"
              },{
                "InterventionBrowseLeafId":"M8784",
                "InterventionBrowseLeafName":"Immunologic Factors",
                "InterventionBrowseLeafRelevance":"low"
              },{
                "InterventionBrowseLeafId":"M2895",
                "InterventionBrowseLeafName":"Antiviral Agents",
                "InterventionBrowseLeafRelevance":"low"
              },{
                "InterventionBrowseLeafId":"M2795",
                "InterventionBrowseLeafName":"Anti-Infective Agents",
                "InterventionBrowseLeafRelevance":"low"
              }
            ]
          },
          "InterventionBrowseBranchList":{
            "InterventionBrowseBranch":[
              {
                "InterventionBrowseBranchAbbrev":"ANeo",
                "InterventionBrowseBranchName":"Antineoplastic Agents"
              },{
                "InterventionBrowseBranchAbbrev":"All",
                "InterventionBrowseBranchName":"All Drugs and Chemicals"
              },{
                "InterventionBrowseBranchAbbrev":"Infe",
                "InterventionBrowseBranchName":"Anti-Infective Agents"
              },{
                "InterventionBrowseBranchAbbrev":"AnSickAg",
                "InterventionBrowseBranchName":"Antisickling Agents"
              },{
                "InterventionBrowseBranchAbbrev":"Hemat",
                "InterventionBrowseBranchName":"Hematinics"
              }
            ]
          }
        }
      }
    }
  }
}

