{
  "FullStudy":{
    "Rank":368542,
    "Study":{
      "ProtocolSection":{
        "IdentificationModule":{
          "NCTId":"NCT00014794",
          "OrgStudyIdInfo":{
            "OrgStudyId":"010151"
          },
          "SecondaryIdInfoList":{
            "SecondaryIdInfo":[
              {
                "SecondaryId":"01-AR-0151"
              }
            ]
          },
          "Organization":{
            "OrgFullName":"National Institutes of Health Clinical Center (CC)",
            "OrgClass":"NIH"
          },
          "BriefTitle":"Positron Emission Tomography and Magnetic Resonance Imaging to Evaluate Synovial Blood Flow in Rheumatoid Arthritis Patients",
          "OfficialTitle":"H215O Positron Emission Tomography (PET) in the Assessment of Synovial Blood Flow in Rheumatoid Arthritis Patients"
        },
        "StatusModule":{
          "StatusVerifiedDate":"March 2003",
          "OverallStatus":"Completed",
          "ExpandedAccessInfo":{
            "HasExpandedAccess":"No"
          },
          "StartDateStruct":{
            "StartDate":"April 2001"
          },
          "CompletionDateStruct":{
            "CompletionDate":"March 2003"
          },
          "StudyFirstSubmitDate":"April 11, 2001",
          "StudyFirstSubmitQCDate":"April 11, 2001",
          "StudyFirstPostDateStruct":{
            "StudyFirstPostDate":"April 12, 2001",
            "StudyFirstPostDateType":"Estimate"
          },
          "LastUpdateSubmitDate":"March 3, 2008",
          "LastUpdatePostDateStruct":{
            "LastUpdatePostDate":"March 4, 2008",
            "LastUpdatePostDateType":"Estimate"
          }
        },
        "SponsorCollaboratorsModule":{
          "LeadSponsor":{
            "LeadSponsorName":"National Institute of Arthritis and Musculoskeletal and Skin Diseases (NIAMS)",
            "LeadSponsorClass":"NIH"
          }
        },
        "OversightModule":{},
        "DescriptionModule":{
          "BriefSummary":"This study will test whether positron emission tomography (PET) imaging can be used to measure blood flow to joints in patients with rheumatoid arthritis (RA). It will also compare blood flow measurements using PET with measurements obtained with magnetic resonance imaging (MRI) to determine how useful MRI is in measuring blood flow to joints.\n\nMuch of the joint damage in RA is caused by the synovium-the lining of the joint. In RA, the synovium increases in size and destroys bone and cartilage. The synovium maintains its growth by forming many new small blood vessels to nourish it. New drug treatments are being developed to stop the growth of these new blood vessels. The effect of these treatments on the synovium is usually measured by performing a biopsy-removing a small piece of synovium for examination under a microscope. The biopsy requires inserting a needle into the joint to withdraw the synovial tissue. This study will see if changes in blood flow can be assessed accurately using noninvasive imaging procedures, such as PET scanning, instead of a biopsy.\n\nPatients 18 years of age and older with rheumatoid arthritis who have at least one tender and swollen knee due to synovitis may be eligible for this study. Candidates will be screened with a medical history and physical examination.\n\nParticipants will have a mold made of the knee to be studied and will have routine blood tests. Women who are able to become pregnant will have a pregnancy test. All participants will then undergo PET and MRI scanning as described below:\n\nPET - A needle is used to insert a catheter (small plastic tube) into an arm vein for injection of the radioactive substance H215O. The patient lies in a doughnut-shaped machine (the PET scanner) and a quick scan is done to measure body thickness. Then, a separate scan is taken following each of six or fewer injections of H215O. Each scan lasts about 13 minutes.\n\nMRI - The patient lies on a stretcher that is moved into a cylinder containing a magnetic field (the MRI scanner). A special coil is placed over the knee to improve the quality of the images. Earplugs are worn to muffle the loud thumping sound produced by electrical switching of the magnetic fields during the imaging. A contrast agent called gadolinium is injected through a catheter into a vein to improve the quality of the images. An intercom system permits the patient to communicate with the technician at all times during the procedure.",
          "DetailedDescription":"Because of the proliferative nature of rheumatoid synovial tissue, many new pharmaceuticals are targeting angiogenesis inhibition as a means of halting synovial growth. Although clinical markers of rheumatoid arthritis (RA) activity may function as surrogate endpoints in trials of these new agents, a non-invasive technique of assessing synovial blood flow would be the ideal outcome measure.\n\nPET imaging has been used to quantify blood flow to a variety of tissues, with significant experience at this institution in the area of tumor blood flow analysis.\n\nThe objective of this study is to evaluate the feasibility of H2 (15)O PET for the measurement of synovial blood flow in patients with RA. In 10 RA patients with active knee synovitis, clinical and radiological (H2 (15)O PET and dynamic MRI) evaluation will be performed. The feasibility of H2 (15)O PET will be evaluated by its reproducibility. We will also evaluate the correlation of dynamic MRI with synovial blood flow measurement by H2 (15)O PET."
        },
        "ConditionsModule":{
          "ConditionList":{
            "Condition":[
              "Rheumatoid Arthritis"
            ]
          },
          "KeywordList":{
            "Keyword":[
              "Arthritis",
              "Vascularity",
              "Angiogenesis",
              "Imaging",
              "MRI",
              "Rheumatoid Arthritis",
              "PET Scan",
              "Synovitis"
            ]
          }
        },
        "DesignModule":{
          "StudyType":"Interventional",
          "PhaseList":{
            "Phase":[
              "Phase 1"
            ]
          },
          "DesignInfo":{
            "DesignPrimaryPurpose":"Treatment"
          },
          "EnrollmentInfo":{
            "EnrollmentCount":"10"
          }
        },
        "ArmsInterventionsModule":{
          "InterventionList":{
            "Intervention":[
              {
                "InterventionType":"Drug",
                "InterventionName":"15-O labeled water"
              }
            ]
          }
        },
        "EligibilityModule":{
          "EligibilityCriteria":"INCLUSION CRITERIA:\n\n18 years of age or greater.\n\nMust meet the American College of Rheumatology's diagnostic criteria for RA(21).\n\nMust have or have had synovitis in at least one knee characterized by tenderness, swelling, or effusion within 30 days prior to screening.\n\nWomen must test negative on a pregnancy test unless they are post-menopausal or surgically sterile.\n\nEXCLUSION CRITERIA:\n\nPatients with concurrent known bacterial, septic, or crystal-induced arthritis, or with other rheumatic diseases that may confound the analysis including but not limited to Lyme disease, psoriatic arthritis, spondylarthropathy, systemic lupus erythematosus, or reactive arthritis.\n\nPatients who would be beyond the guidelines for radiation exposure from research studies within the past year.\n\nPatients who exceed the size or weight limitations of the PET or MRI scanner.\n\nPatients who suffer from claustrophobia or who have any of the following: cardiac pacemakers, auto defibrillators, neural stimulators, aneurysm clips, metallic prostheses, cochlear (ear) implants, any implanted devices (pumps, infusion devices, etc), metal fragments in the eye, or shrapnel injuries.\n\nAny musculoskeletal, neurological, or vascular condition that may alter the normal function and structure of knee joint of interest or will interfere the patient's ability to undergo study-related intervention and imaging.\n\nAny clinically significant medical condition that, in the opinion of the investigator, would pose added risk for study participants.\n\nHistory of allergic or non-allergic serious reaction to gadolinium, or H2 15O PET.\n\nPregnant women or nursing mothers.",
          "HealthyVolunteers":"No",
          "Gender":"All",
          "StdAgeList":{
            "StdAge":[
              "Child",
              "Adult",
              "Older Adult"
            ]
          }
        },
        "ContactsLocationsModule":{
          "LocationList":{
            "Location":[
              {
                "LocationFacility":"National Institute of Arthritis and Musculoskeletal and Skin Diseases (NIAMS)",
                "LocationCity":"Bethesda",
                "LocationState":"Maryland",
                "LocationZip":"20892",
                "LocationCountry":"United States"
              }
            ]
          }
        },
        "ReferencesModule":{
          "ReferenceList":{
            "Reference":[
              {
                "ReferencePMID":"10097830",
                "ReferenceType":"background",
                "ReferenceCitation":"Choudhury L, Elliott P, Rimoldi O, Ryan M, Lammertsma AA, Boyd H, McKenna WJ, Camici PG. Transmural myocardial blood flow distribution in hypertrophic cardiomyopathy and effect of treatment. Basic Res Cardiol. 1999 Feb;94(1):49-59."
              },{
                "ReferencePMID":"10225964",
                "ReferenceType":"background",
                "ReferenceCitation":"Eliceiri BP, Cheresh DA. The role of alphav integrins during angiogenesis: insights into potential mechanisms of action and clinical development. J Clin Invest. 1999 May;103(9):1227-30. Review."
              },{
                "ReferencePMID":"10342621",
                "ReferenceType":"background",
                "ReferenceCitation":"Walsh DA. Angiogenesis and arthritis. Rheumatology (Oxford). 1999 Feb;38(2):103-12. Review."
              }
            ]
          }
        }
      },
      "DerivedSection":{
        "MiscInfoModule":{
          "VersionHolder":"April 19, 2021"
        },
        "ConditionBrowseModule":{
          "ConditionMeshList":{
            "ConditionMesh":[
              {
                "ConditionMeshId":"D000001168",
                "ConditionMeshTerm":"Arthritis"
              },{
                "ConditionMeshId":"D000001172",
                "ConditionMeshTerm":"Arthritis, Rheumatoid"
              }
            ]
          },
          "ConditionAncestorList":{
            "ConditionAncestor":[
              {
                "ConditionAncestorId":"D000007592",
                "ConditionAncestorTerm":"Joint Diseases"
              },{
                "ConditionAncestorId":"D000009140",
                "ConditionAncestorTerm":"Musculoskeletal Diseases"
              },{
                "ConditionAncestorId":"D000012216",
                "ConditionAncestorTerm":"Rheumatic Diseases"
              },{
                "ConditionAncestorId":"D000003240",
                "ConditionAncestorTerm":"Connective Tissue Diseases"
              },{
                "ConditionAncestorId":"D000001327",
                "ConditionAncestorTerm":"Autoimmune Diseases"
              },{
                "ConditionAncestorId":"D000007154",
                "ConditionAncestorTerm":"Immune System Diseases"
              }
            ]
          },
          "ConditionBrowseLeafList":{
            "ConditionBrowseLeaf":[
              {
                "ConditionBrowseLeafId":"M3057",
                "ConditionBrowseLeafName":"Arthritis",
                "ConditionBrowseLeafAsFound":"Arthritis",
                "ConditionBrowseLeafRelevance":"high"
              },{
                "ConditionBrowseLeafId":"M3061",
                "ConditionBrowseLeafName":"Arthritis, Rheumatoid",
                "ConditionBrowseLeafAsFound":"Rheumatoid Arthritis",
                "ConditionBrowseLeafRelevance":"high"
              },{
                "ConditionBrowseLeafId":"M14945",
                "ConditionBrowseLeafName":"Synovitis",
                "ConditionBrowseLeafRelevance":"low"
              },{
                "ConditionBrowseLeafId":"M9204",
                "ConditionBrowseLeafName":"Joint Diseases",
                "ConditionBrowseLeafRelevance":"low"
              },{
                "ConditionBrowseLeafId":"M10680",
                "ConditionBrowseLeafName":"Musculoskeletal Diseases",
                "ConditionBrowseLeafRelevance":"low"
              },{
                "ConditionBrowseLeafId":"M13628",
                "ConditionBrowseLeafName":"Rheumatic Diseases",
                "ConditionBrowseLeafRelevance":"low"
              },{
                "ConditionBrowseLeafId":"M4906",
                "ConditionBrowseLeafName":"Collagen Diseases",
                "ConditionBrowseLeafRelevance":"low"
              },{
                "ConditionBrowseLeafId":"M5047",
                "ConditionBrowseLeafName":"Connective Tissue Diseases",
                "ConditionBrowseLeafRelevance":"low"
              },{
                "ConditionBrowseLeafId":"M3210",
                "ConditionBrowseLeafName":"Autoimmune Diseases",
                "ConditionBrowseLeafRelevance":"low"
              },{
                "ConditionBrowseLeafId":"M8783",
                "ConditionBrowseLeafName":"Immune System Diseases",
                "ConditionBrowseLeafRelevance":"low"
              },{
                "ConditionBrowseLeafId":"T5554",
                "ConditionBrowseLeafName":"Synovitis",
                "ConditionBrowseLeafRelevance":"low"
              }
            ]
          },
          "ConditionBrowseBranchList":{
            "ConditionBrowseBranch":[
              {
                "ConditionBrowseBranchAbbrev":"BC05",
                "ConditionBrowseBranchName":"Muscle, Bone, and Cartilage Diseases"
              },{
                "ConditionBrowseBranchAbbrev":"All",
                "ConditionBrowseBranchName":"All Conditions"
              },{
                "ConditionBrowseBranchAbbrev":"BC17",
                "ConditionBrowseBranchName":"Skin and Connective Tissue Diseases"
              },{
                "ConditionBrowseBranchAbbrev":"BC20",
                "ConditionBrowseBranchName":"Immune System Diseases"
              },{
                "ConditionBrowseBranchAbbrev":"Rare",
                "ConditionBrowseBranchName":"Rare Diseases"
              }
            ]
          }
        }
      }
    }
  }
}

