{
  "FullStudy":{
    "Rank":368815,
    "Study":{
      "ProtocolSection":{
        "IdentificationModule":{
          "NCTId":"NCT00010959",
          "NCTIdAliasList":{
            "NCTIdAlias":[
              "NCT00008970"
            ]
          },
          "OrgStudyIdInfo":{
            "OrgStudyId":"P50AT000155-01P4",
            "OrgStudyIdType":"U.S. NIH Grant/Contract",
            "OrgStudyIdLink":"https://projectreporter.nih.gov/reporterapi.cfm?PROJECTNUM=P50AT000155-01P4&Fy=all"
          },
          "SecondaryIdInfoList":{
            "SecondaryIdInfo":[
              {
                "SecondaryId":"P50AT000155-01",
                "SecondaryIdType":"U.S. NIH Grant/Contract",
                "SecondaryIdLink":"https://projectreporter.nih.gov/reporterapi.cfm?PROJECTNUM=P50AT000155-01&Fy=all"
              }
            ]
          },
          "Organization":{
            "OrgFullName":"National Center for Complementary and Integrative Health (NCCIH)",
            "OrgClass":"NIH"
          },
          "BriefTitle":"Single-Dose Study of Black Cohosh and Red Clover",
          "OfficialTitle":"A Phase I Single-Dose Pharmacokinetic Study of Black Cohosh and Red Clover in Healthy Menopausal Women 45-59 Years of Age"
        },
        "StatusModule":{
          "StatusVerifiedDate":"March 2007",
          "OverallStatus":"Completed",
          "ExpandedAccessInfo":{
            "HasExpandedAccess":"No"
          },
          "StartDateStruct":{
            "StartDate":"February 2001"
          },
          "CompletionDateStruct":{
            "CompletionDate":"February 2002"
          },
          "StudyFirstSubmitDate":"February 2, 2001",
          "StudyFirstSubmitQCDate":"February 2, 2001",
          "StudyFirstPostDateStruct":{
            "StudyFirstPostDate":"February 5, 2001",
            "StudyFirstPostDateType":"Estimate"
          },
          "LastUpdateSubmitDate":"March 1, 2007",
          "LastUpdatePostDateStruct":{
            "LastUpdatePostDate":"March 2, 2007",
            "LastUpdatePostDateType":"Estimate"
          }
        },
        "SponsorCollaboratorsModule":{
          "LeadSponsor":{
            "LeadSponsorName":"National Center for Complementary and Integrative Health (NCCIH)",
            "LeadSponsorClass":"NIH"
          },
          "CollaboratorList":{
            "Collaborator":[
              {
                "CollaboratorName":"National Institute of General Medical Sciences (NIGMS)",
                "CollaboratorClass":"NIH"
              },{
                "CollaboratorName":"Office of Dietary Supplements (ODS)",
                "CollaboratorClass":"NIH"
              }
            ]
          }
        },
        "OversightModule":{
          "OversightHasDMC":"No"
        },
        "DescriptionModule":{
          "BriefSummary":"This Phase I study will assess the pharmacokinetics of two botanicals, Trifolium pratense (red clover) and Cimicifuga racemosa (black cohosh). Participants will receive a single dose of one botanical preparation. The observation period will be one week. Drug toxicity, absorption, distribution, metabolism and elimination data will be collected, and dosages to be utilized in a Phase II clinical trial will be determined.",
          "DetailedDescription":"This Phase I study will assess the pharmacokinetics of two botanicals, Trifolium pratense (red clover) and Cimicifuga racemosa (black cohosh). Participants will receive a single dose of one botanical preparation. The observation period will be one week. Drug toxicity, absorption, distribution, metabolism and elimination data will be collected, and dosages to be utilized in a Phase II clinical trial will be determined. The Phase II trial will examine the efficacies of red clover and black cohosh for the reduction of menopausal symptoms in healthy menopausal women. The study will be randomized, double-blinded, and placebo-controlled. Study duration will be one year."
        },
        "ConditionsModule":{
          "ConditionList":{
            "Condition":[
              "Menopause"
            ]
          },
          "KeywordList":{
            "Keyword":[
              "menopause",
              "hot flashes",
              "botanicals"
            ]
          }
        },
        "DesignModule":{
          "StudyType":"Interventional",
          "PhaseList":{
            "Phase":[
              "Phase 1"
            ]
          },
          "DesignInfo":{
            "DesignAllocation":"Non-Randomized",
            "DesignInterventionModel":"Single Group Assignment",
            "DesignPrimaryPurpose":"Treatment",
            "DesignMaskingInfo":{
              "DesignMasking":"None (Open Label)"
            }
          },
          "EnrollmentInfo":{
            "EnrollmentCount":"30"
          }
        },
        "ArmsInterventionsModule":{
          "InterventionList":{
            "Intervention":[
              {
                "InterventionType":"Drug",
                "InterventionName":"Cimicifuga racemosa"
              },{
                "InterventionType":"Drug",
                "InterventionName":"Trifolium pratense"
              }
            ]
          }
        },
        "OutcomesModule":{
          "PrimaryOutcomeList":{
            "PrimaryOutcome":[
              {
                "PrimaryOutcomeMeasure":"safety"
              }
            ]
          }
        },
        "EligibilityModule":{
          "EligibilityCriteria":"Inclusion Criteria:\n\nHealthy menopausal women\nAverage body weight\nAble to give informed consent\n\nExclusion Criteria:\n\nSmoker\nUse of any prescription medicine within the last 2 months\nObesity > 30% above ideal body weight\nPrevious history of breast or reproductive cancer\nAlcohol abuse or consumption above 5 glasses of wine per week or equivalent\nChronic disease such as diabetes or hypertension\nConcurrent non-dietary phytoestrogens or hormone use; Vegans (vegetarians who tend to consume greater than average dose of phytoestrogens)\nConcurrent participation in other clinical trial(s)\nUnavailable for followup",
          "HealthyVolunteers":"Accepts Healthy Volunteers",
          "Gender":"Female",
          "MinimumAge":"45 Years",
          "MaximumAge":"59 Years",
          "StdAgeList":{
            "StdAge":[
              "Adult"
            ]
          }
        },
        "ContactsLocationsModule":{
          "OverallOfficialList":{
            "OverallOfficial":[
              {
                "OverallOfficialName":"Suzanne Banuvar, MHSA, CCRC",
                "OverallOfficialAffiliation":"University of Illinois at Chicago",
                "OverallOfficialRole":"Study Director"
              }
            ]
          }
        },
        "ReferencesModule":{
          "SeeAlsoLinkList":{
            "SeeAlsoLink":[
              {
                "SeeAlsoLinkLabel":"Click here for information on the UIC/NIH Center for Botanical Dietary Supplements Research",
                "SeeAlsoLinkURL":"http://www.uic.edu/pharmacy/research/diet/"
              }
            ]
          }
        }
      },
      "DerivedSection":{
        "MiscInfoModule":{
          "VersionHolder":"April 19, 2021",
          "RemovedCountryList":{
            "RemovedCountry":[
              "United States"
            ]
          }
        },
        "ConditionBrowseModule":{
          "ConditionBrowseLeafList":{
            "ConditionBrowseLeaf":[
              {
                "ConditionBrowseLeafId":"M20103",
                "ConditionBrowseLeafName":"Hot Flashes",
                "ConditionBrowseLeafRelevance":"low"
              },{
                "ConditionBrowseLeafId":"T6036",
                "ConditionBrowseLeafName":"Menopause",
                "ConditionBrowseLeafAsFound":"Menopause",
                "ConditionBrowseLeafRelevance":"high"
              }
            ]
          },
          "ConditionBrowseBranchList":{
            "ConditionBrowseBranch":[
              {
                "ConditionBrowseBranchAbbrev":"BC23",
                "ConditionBrowseBranchName":"Symptoms and General Pathology"
              },{
                "ConditionBrowseBranchAbbrev":"All",
                "ConditionBrowseBranchName":"All Conditions"
              }
            ]
          }
        },
        "InterventionBrowseModule":{
          "InterventionBrowseLeafList":{
            "InterventionBrowseLeaf":[
              {
                "InterventionBrowseLeafId":"T271",
                "InterventionBrowseLeafName":"Red Clover",
                "InterventionBrowseLeafAsFound":"TD139",
                "InterventionBrowseLeafRelevance":"high"
              },{
                "InterventionBrowseLeafId":"T72",
                "InterventionBrowseLeafName":"Black Cohosh",
                "InterventionBrowseLeafAsFound":"hsCRP",
                "InterventionBrowseLeafRelevance":"high"
              }
            ]
          },
          "InterventionBrowseBranchList":{
            "InterventionBrowseBranch":[
              {
                "InterventionBrowseBranchAbbrev":"HB",
                "InterventionBrowseBranchName":"Herbal and Botanical"
              },{
                "InterventionBrowseBranchAbbrev":"All",
                "InterventionBrowseBranchName":"All Drugs and Chemicals"
              }
            ]
          }
        }
      }
    }
  }
}

