{
  "FullStudy":{
    "Rank":368311,
    "Study":{
      "ProtocolSection":{
        "IdentificationModule":{
          "NCTId":"NCT00018317",
          "OrgStudyIdInfo":{
            "OrgStudyId":"AGCG-005-99F"
          },
          "Organization":{
            "OrgFullName":"VA Office of Research and Development",
            "OrgClass":"FED"
          },
          "BriefTitle":"Resistance Training and Diet in Patients With Chronic Renal Failure",
          "OfficialTitle":"Resistance Training and Diet in Patients With Chronic Renal Failure"
        },
        "StatusModule":{
          "StatusVerifiedDate":"December 2004",
          "OverallStatus":"Completed",
          "ExpandedAccessInfo":{
            "HasExpandedAccess":"No"
          },
          "StartDateStruct":{
            "StartDate":"October 2000"
          },
          "CompletionDateStruct":{
            "CompletionDate":"December 2005"
          },
          "StudyFirstSubmitDate":"July 3, 2001",
          "StudyFirstSubmitQCDate":"July 4, 2001",
          "StudyFirstPostDateStruct":{
            "StudyFirstPostDate":"July 5, 2001",
            "StudyFirstPostDateType":"Estimate"
          },
          "LastUpdateSubmitDate":"January 20, 2009",
          "LastUpdatePostDateStruct":{
            "LastUpdatePostDate":"January 21, 2009",
            "LastUpdatePostDateType":"Estimate"
          }
        },
        "SponsorCollaboratorsModule":{
          "LeadSponsor":{
            "LeadSponsorName":"US Department of Veterans Affairs",
            "LeadSponsorClass":"FED"
          }
        },
        "OversightModule":{},
        "DescriptionModule":{
          "BriefSummary":"This study will examine the effects of long-term adherence to a low protein diet (LPD) of 0.6 g/kg-1/d-1 with and without progressive resistance exercise training in patients with impaired renal function on body composition, renal function (glomerular filtration rate), nitrogen balance, muscle strength and size, and functional capacity. The hypothesis is that adherence to a LPD will result in a reduction in skeletal muscle mass and reduced strength and functional capacity while those patients who adhere to the LPD and exercise will demonstrate a similar preservation of renal function but will have greater fat free mass, muscle mass and strength. The intervention trial will last 18 months in which patients with moderate renal failure will be randomly assigned to one of 4 interventions: standard care, standard care + exercise, LPD, and LPD with exercise. In this way the independent and combined effects of diet and exercise on the progression of renal disease and body composition will be monitored. This study will have important implications for the treatment of patients with chronic renal failure. New strategies of combining exercise with recommendations of a low protein diet may slow the progression of renal disease and improve strength and functional capacity in these at-risk patients.",
          "DetailedDescription":"Management of dietary protein intake of the CRF patient represents a critical balance between providing adequate protein to meet nutritional requirements, and limiting protein intake in the hope of slowing or abating the progression of CRF. A number of studies have demonstrated that reduced dietary protein intake can slow the progression of chronic renal failure. Finding effective ways to increase nitrogen retention and decrease urinary nitrogen excretion may help CRF patients maintain a more positive nitrogen balance and lessen the nitrogen load on the kidneys for a given dietary protein intake. Our laboratory has demonstrated that in older men and women, the consequence of adherence to a low protein diet is an accommodation that results in decreased muscle mass, strength,and compromised immune function. We have also demonstrated that when healthy, free living older men and women consume a weight maintenance diet providing the RDA for protein of 0.8 g/kg-1/day-1 for 15 weeks they lose skeletal muscle mass. These data clearly indicate that elderly people have an increased need for dietary protein (compared to young people). Data has also demonstrated that progressive resistance exercise improves nitrogen balance in older healthy individuals as well as in patients with mild to moderate chronic renal failure."
        },
        "ConditionsModule":{
          "ConditionList":{
            "Condition":[
              "Kidney Failure, Chronic"
            ]
          },
          "KeywordList":{
            "Keyword":[
              "Diet",
              "exercise"
            ]
          }
        },
        "DesignModule":{
          "StudyType":"Interventional",
          "PhaseList":{
            "Phase":[
              "Not Applicable"
            ]
          },
          "DesignInfo":{
            "DesignAllocation":"Randomized",
            "DesignPrimaryPurpose":"Treatment",
            "DesignMaskingInfo":{
              "DesignMasking":"None (Open Label)"
            }
          }
        },
        "ArmsInterventionsModule":{
          "InterventionList":{
            "Intervention":[
              {
                "InterventionType":"Behavioral",
                "InterventionName":"low protein diet"
              },{
                "InterventionType":"Behavioral",
                "InterventionName":"resistance training"
              },{
                "InterventionType":"Behavioral",
                "InterventionName":"combination of diet control and exercise"
              }
            ]
          }
        },
        "EligibilityModule":{
          "EligibilityCriteria":"Men and women 50-89 years with chronic renal failure (defined as creatinine clearance of 25-65).\nVolunteers must be able to fulfill the requirements associated with this protocol.\nVolunteers may be hypertensive and/or diabetic.",
          "HealthyVolunteers":"No",
          "Gender":"All",
          "MinimumAge":"50 Years",
          "MaximumAge":"89 Years",
          "StdAgeList":{
            "StdAge":[
              "Adult",
              "Older Adult"
            ]
          }
        },
        "ContactsLocationsModule":{
          "OverallOfficialList":{
            "OverallOfficial":[
              {
                "OverallOfficialName":"Dinesh Chatoth, M.D."
              }
            ]
          },
          "LocationList":{
            "Location":[
              {
                "LocationFacility":"Central Arkansas Veterans Healthcare System",
                "LocationCity":"Little Rock",
                "LocationState":"Arkansas",
                "LocationZip":"72205",
                "LocationCountry":"United States"
              }
            ]
          }
        }
      },
      "DerivedSection":{
        "MiscInfoModule":{
          "VersionHolder":"April 19, 2021"
        },
        "ConditionBrowseModule":{
          "ConditionMeshList":{
            "ConditionMesh":[
              {
                "ConditionMeshId":"D000051437",
                "ConditionMeshTerm":"Renal Insufficiency"
              },{
                "ConditionMeshId":"D000007676",
                "ConditionMeshTerm":"Kidney Failure, Chronic"
              }
            ]
          },
          "ConditionAncestorList":{
            "ConditionAncestor":[
              {
                "ConditionAncestorId":"D000007674",
                "ConditionAncestorTerm":"Kidney Diseases"
              },{
                "ConditionAncestorId":"D000014570",
                "ConditionAncestorTerm":"Urologic Diseases"
              },{
                "ConditionAncestorId":"D000051436",
                "ConditionAncestorTerm":"Renal Insufficiency, Chronic"
              }
            ]
          },
          "ConditionBrowseLeafList":{
            "ConditionBrowseLeaf":[
              {
                "ConditionBrowseLeafId":"M9282",
                "ConditionBrowseLeafName":"Kidney Failure, Chronic",
                "ConditionBrowseLeafAsFound":"Kidney Failure, Chronic",
                "ConditionBrowseLeafRelevance":"high"
              },{
                "ConditionBrowseLeafId":"M25305",
                "ConditionBrowseLeafName":"Renal Insufficiency",
                "ConditionBrowseLeafAsFound":"Kidney Failure",
                "ConditionBrowseLeafRelevance":"high"
              },{
                "ConditionBrowseLeafId":"M9281",
                "ConditionBrowseLeafName":"Kidney Diseases",
                "ConditionBrowseLeafRelevance":"low"
              },{
                "ConditionBrowseLeafId":"M15902",
                "ConditionBrowseLeafName":"Urologic Diseases",
                "ConditionBrowseLeafRelevance":"low"
              },{
                "ConditionBrowseLeafId":"M25304",
                "ConditionBrowseLeafName":"Renal Insufficiency, Chronic",
                "ConditionBrowseLeafRelevance":"low"
              }
            ]
          },
          "ConditionBrowseBranchList":{
            "ConditionBrowseBranch":[
              {
                "ConditionBrowseBranchAbbrev":"BXS",
                "ConditionBrowseBranchName":"Urinary Tract, Sexual Organs, and Pregnancy Conditions"
              },{
                "ConditionBrowseBranchAbbrev":"All",
                "ConditionBrowseBranchName":"All Conditions"
              }
            ]
          }
        }
      }
    }
  }
}

