{
  "FullStudy":{
    "Rank":368289,
    "Study":{
      "ProtocolSection":{
        "IdentificationModule":{
          "NCTId":"NCT00018603",
          "OrgStudyIdInfo":{
            "OrgStudyId":"MHBS-047-99F"
          },
          "Organization":{
            "OrgFullName":"VA Office of Research and Development",
            "OrgClass":"FED"
          },
          "BriefTitle":"Guanfacine for the Treatment of Post Traumatic Stress Disorder (PTSD)",
          "OfficialTitle":"Guanfacine for the Treatment of PTSD"
        },
        "StatusModule":{
          "StatusVerifiedDate":"December 2004",
          "OverallStatus":"Completed",
          "ExpandedAccessInfo":{
            "HasExpandedAccess":"No"
          },
          "StartDateStruct":{
            "StartDate":"November 1999"
          },
          "CompletionDateStruct":{
            "CompletionDate":"October 2002"
          },
          "StudyFirstSubmitDate":"July 3, 2001",
          "StudyFirstSubmitQCDate":"July 4, 2001",
          "StudyFirstPostDateStruct":{
            "StudyFirstPostDate":"July 5, 2001",
            "StudyFirstPostDateType":"Estimate"
          },
          "LastUpdateSubmitDate":"January 20, 2009",
          "LastUpdatePostDateStruct":{
            "LastUpdatePostDate":"January 21, 2009",
            "LastUpdatePostDateType":"Estimate"
          }
        },
        "SponsorCollaboratorsModule":{
          "LeadSponsor":{
            "LeadSponsorName":"US Department of Veterans Affairs",
            "LeadSponsorClass":"FED"
          }
        },
        "OversightModule":{},
        "DescriptionModule":{
          "BriefSummary":"This is a double-blind, placebo-controlled, randomized study lasting 8 weeks. Purpose of the study is two-fold: first, to use a pharmacological agent to treat symptoms of PTSD, and second, to explore neurobiological mechanisms of action of guanfacine.",
          "DetailedDescription":"Subject population is comprised of 100 persons with PTSD. 50 patients will receive guanfacine and 50 patients will receive a placebo. Guanfacine is prescribed at 1 mg/day and may be increased to 2 mg/day. Samples of plasma MHPG will be collected weekly. Clinical ratings of PTSD anxiety and depression, as well as vital signs, will be assessed weekly. Repeated measures analysis of variance will assess significance of main effect of drug, time, and drug by time."
        },
        "ConditionsModule":{
          "ConditionList":{
            "Condition":[
              "Post-Traumatic Stress Disorder"
            ]
          },
          "KeywordList":{
            "Keyword":[
              "PTSD"
            ]
          }
        },
        "DesignModule":{
          "StudyType":"Interventional",
          "PhaseList":{
            "Phase":[
              "Phase 1"
            ]
          },
          "DesignInfo":{
            "DesignAllocation":"Randomized",
            "DesignInterventionModel":"Parallel Assignment",
            "DesignPrimaryPurpose":"Treatment",
            "DesignMaskingInfo":{
              "DesignMasking":"Double"
            }
          }
        },
        "ArmsInterventionsModule":{
          "InterventionList":{
            "Intervention":[
              {
                "InterventionType":"Drug",
                "InterventionName":"guanfacine"
              }
            ]
          }
        },
        "EligibilityModule":{
          "EligibilityCriteria":"Males and females, age 18-65\nDiagnosis of PTSD from combat or civilian trauma\nNo major medical problems such as diabetes, cardiovascular disease\nTaking no psychiatric medication, or taking only one SSRI antidepressant",
          "HealthyVolunteers":"No",
          "Gender":"All",
          "MinimumAge":"18 Years",
          "MaximumAge":"65 Years",
          "StdAgeList":{
            "StdAge":[
              "Adult",
              "Older Adult"
            ]
          }
        },
        "ContactsLocationsModule":{
          "LocationList":{
            "Location":[
              {
                "LocationFacility":"VA Connecticut Healthcare System",
                "LocationCity":"West Haven",
                "LocationState":"Connecticut",
                "LocationZip":"06516",
                "LocationCountry":"United States"
              }
            ]
          }
        }
      },
      "DerivedSection":{
        "MiscInfoModule":{
          "VersionHolder":"April 19, 2021"
        },
        "ConditionBrowseModule":{
          "ConditionMeshList":{
            "ConditionMesh":[
              {
                "ConditionMeshId":"D000040921",
                "ConditionMeshTerm":"Stress Disorders, Traumatic"
              },{
                "ConditionMeshId":"D000013313",
                "ConditionMeshTerm":"Stress Disorders, Post-Traumatic"
              }
            ]
          },
          "ConditionAncestorList":{
            "ConditionAncestor":[
              {
                "ConditionAncestorId":"D000068099",
                "ConditionAncestorTerm":"Trauma and Stressor Related Disorders"
              },{
                "ConditionAncestorId":"D000001523",
                "ConditionAncestorTerm":"Mental Disorders"
              }
            ]
          },
          "ConditionBrowseLeafList":{
            "ConditionBrowseLeaf":[
              {
                "ConditionBrowseLeafId":"M23503",
                "ConditionBrowseLeafName":"Stress Disorders, Traumatic",
                "ConditionBrowseLeafAsFound":"Traumatic Stress Disorder",
                "ConditionBrowseLeafRelevance":"high"
              },{
                "ConditionBrowseLeafId":"M14686",
                "ConditionBrowseLeafName":"Stress Disorders, Post-Traumatic",
                "ConditionBrowseLeafAsFound":"Post Traumatic Stress Disorder",
                "ConditionBrowseLeafRelevance":"high"
              },{
                "ConditionBrowseLeafId":"M16268",
                "ConditionBrowseLeafName":"Wounds and Injuries",
                "ConditionBrowseLeafRelevance":"low"
              },{
                "ConditionBrowseLeafId":"M222",
                "ConditionBrowseLeafName":"Trauma and Stressor Related Disorders",
                "ConditionBrowseLeafRelevance":"low"
              },{
                "ConditionBrowseLeafId":"M3396",
                "ConditionBrowseLeafName":"Mental Disorders",
                "ConditionBrowseLeafRelevance":"low"
              },{
                "ConditionBrowseLeafId":"M13056",
                "ConditionBrowseLeafName":"Psychotic Disorders",
                "ConditionBrowseLeafRelevance":"low"
              }
            ]
          },
          "ConditionBrowseBranchList":{
            "ConditionBrowseBranch":[
              {
                "ConditionBrowseBranchAbbrev":"BXM",
                "ConditionBrowseBranchName":"Behaviors and Mental Disorders"
              },{
                "ConditionBrowseBranchAbbrev":"All",
                "ConditionBrowseBranchName":"All Conditions"
              },{
                "ConditionBrowseBranchAbbrev":"BC26",
                "ConditionBrowseBranchName":"Wounds and Injuries"
              }
            ]
          }
        },
        "InterventionBrowseModule":{
          "InterventionMeshList":{
            "InterventionMesh":[
              {
                "InterventionMeshId":"D000016316",
                "InterventionMeshTerm":"Guanfacine"
              }
            ]
          },
          "InterventionAncestorList":{
            "InterventionAncestor":[
              {
                "InterventionAncestorId":"D000000959",
                "InterventionAncestorTerm":"Antihypertensive Agents"
              },{
                "InterventionAncestorId":"D000058647",
                "InterventionAncestorTerm":"Adrenergic alpha-2 Receptor Agonists"
              },{
                "InterventionAncestorId":"D000000316",
                "InterventionAncestorTerm":"Adrenergic alpha-Agonists"
              },{
                "InterventionAncestorId":"D000000322",
                "InterventionAncestorTerm":"Adrenergic Agonists"
              },{
                "InterventionAncestorId":"D000018663",
                "InterventionAncestorTerm":"Adrenergic Agents"
              },{
                "InterventionAncestorId":"D000018377",
                "InterventionAncestorTerm":"Neurotransmitter Agents"
              },{
                "InterventionAncestorId":"D000045504",
                "InterventionAncestorTerm":"Molecular Mechanisms of Pharmacological Action"
              },{
                "InterventionAncestorId":"D000045505",
                "InterventionAncestorTerm":"Physiological Effects of Drugs"
              }
            ]
          },
          "InterventionBrowseLeafList":{
            "InterventionBrowseLeaf":[
              {
                "InterventionBrowseLeafId":"M17342",
                "InterventionBrowseLeafName":"Guanfacine",
                "InterventionBrowseLeafAsFound":"Vagus",
                "InterventionBrowseLeafRelevance":"high"
              },{
                "InterventionBrowseLeafId":"M2858",
                "InterventionBrowseLeafName":"Antihypertensive Agents",
                "InterventionBrowseLeafRelevance":"low"
              },{
                "InterventionBrowseLeafId":"M19330",
                "InterventionBrowseLeafName":"Adrenergic Agents",
                "InterventionBrowseLeafRelevance":"low"
              },{
                "InterventionBrowseLeafId":"M2249",
                "InterventionBrowseLeafName":"Adrenergic alpha-Agonists",
                "InterventionBrowseLeafRelevance":"low"
              },{
                "InterventionBrowseLeafId":"M2254",
                "InterventionBrowseLeafName":"Adrenergic Agonists",
                "InterventionBrowseLeafRelevance":"low"
              },{
                "InterventionBrowseLeafId":"M19088",
                "InterventionBrowseLeafName":"Neurotransmitter Agents",
                "InterventionBrowseLeafRelevance":"low"
              }
            ]
          },
          "InterventionBrowseBranchList":{
            "InterventionBrowseBranch":[
              {
                "InterventionBrowseBranchAbbrev":"AnAg",
                "InterventionBrowseBranchName":"Antihypertensive Agents"
              },{
                "InterventionBrowseBranchAbbrev":"All",
                "InterventionBrowseBranchName":"All Drugs and Chemicals"
              }
            ]
          }
        }
      }
    }
  }
}

