{
  "FullStudy":{
    "Rank":368647,
    "Study":{
      "ProtocolSection":{
        "IdentificationModule":{
          "NCTId":"NCT00013351",
          "OrgStudyIdInfo":{
            "OrgStudyId":"C1830R"
          },
          "Organization":{
            "OrgFullName":"VA Office of Research and Development",
            "OrgClass":"FED"
          },
          "BriefTitle":"Restricted Useful Field View as a Risk Factor in Older Adults",
          "OfficialTitle":"Restricted Useful Field View as a Risk Factor in Older Adults"
        },
        "StatusModule":{
          "StatusVerifiedDate":"January 2001",
          "OverallStatus":"Completed",
          "ExpandedAccessInfo":{
            "HasExpandedAccess":"No"
          },
          "StartDateStruct":{
            "StartDate":"April 1998"
          },
          "CompletionDateStruct":{
            "CompletionDate":"March 2001",
            "CompletionDateType":"Actual"
          },
          "StudyFirstSubmitDate":"March 14, 2001",
          "StudyFirstSubmitQCDate":"March 15, 2001",
          "StudyFirstPostDateStruct":{
            "StudyFirstPostDate":"March 16, 2001",
            "StudyFirstPostDateType":"Estimate"
          },
          "LastUpdateSubmitDate":"January 20, 2009",
          "LastUpdatePostDateStruct":{
            "LastUpdatePostDate":"January 21, 2009",
            "LastUpdatePostDateType":"Estimate"
          }
        },
        "SponsorCollaboratorsModule":{
          "LeadSponsor":{
            "LeadSponsorName":"US Department of Veterans Affairs",
            "LeadSponsorClass":"FED"
          }
        },
        "OversightModule":{},
        "DescriptionModule":{
          "BriefSummary":"The relationship between Useful Field of Vision (UFOV) and falls taken by the elderly will be investigated. UFOV is a test which measures visual attention. The test has been used in correlating the visual attention in the elderly with their driving safety record. The test is administered using a computer and consists of three parts: a) subject views figures which appear in the center of the computer screen and identified them as quickly as possible; b)the subject has to identify figures in the center of the screen while at the same time point to another symbol which will appear in one of eight places on the outer portion of the screen; c) the third section is similar to the second except while the subject is identifying and pointing there is a background noise."
        },
        "ConditionsModule":{
          "ConditionList":{
            "Condition":[
              "Vision Impairment"
            ]
          },
          "KeywordList":{
            "Keyword":[
              "Aging adult, attention, falls, vision"
            ]
          }
        },
        "DesignModule":{
          "StudyType":"Observational",
          "DesignInfo":{
            "DesignTimePerspectiveList":{
              "DesignTimePerspective":[
                "Prospective"
              ]
            }
          },
          "EnrollmentInfo":{
            "EnrollmentCount":"150"
          }
        },
        "ArmsInterventionsModule":{
          "InterventionList":{
            "Intervention":[
              {
                "InterventionType":"Procedure",
                "InterventionName":"Prevention of Falls"
              }
            ]
          }
        },
        "EligibilityModule":{
          "EligibilityCriteria":"Vision impaired adults at risk for falls",
          "HealthyVolunteers":"No",
          "Gender":"All",
          "MinimumAge":"18 Years",
          "StdAgeList":{
            "StdAge":[
              "Adult",
              "Older Adult"
            ]
          }
        },
        "ContactsLocationsModule":{
          "OverallOfficialList":{
            "OverallOfficial":[
              {
                "OverallOfficialName":"John Fryer, Ph.D. Asst. Director",
                "OverallOfficialAffiliation":"Program Analysis and Review Section (PARS), Rehabilitation Research & Development Service"
              },{
                "OverallOfficialName":"Nancy Rocheleau, Program Analyst",
                "OverallOfficialAffiliation":"Program Analysis and Review Section (PARS), Rehabilitation Research & Development Service"
              }
            ]
          },
          "LocationList":{
            "Location":[
              {
                "LocationFacility":"VAMC, Decatur",
                "LocationCity":"Decatur",
                "LocationState":"Georgia",
                "LocationCountry":"United States"
              }
            ]
          }
        }
      },
      "DerivedSection":{
        "MiscInfoModule":{
          "VersionHolder":"April 19, 2021"
        }
      }
    }
  }
}

