{
  "FullStudy":{
    "Rank":368595,
    "Study":{
      "ProtocolSection":{
        "IdentificationModule":{
          "NCTId":"NCT00014053",
          "OrgStudyIdInfo":{
            "OrgStudyId":"ACTG A5113"
          },
          "SecondaryIdInfoList":{
            "SecondaryIdInfo":[
              {
                "SecondaryId":"AACTG A5113"
              }
            ]
          },
          "Organization":{
            "OrgFullName":"National Institute of Allergy and Infectious Diseases (NIAID)",
            "OrgClass":"NIH"
          },
          "BriefTitle":"A Study of Immune System Activity in Healthy Adults",
          "OfficialTitle":"A Study of Immune Function in Healthy Adults Aged 18-30 and 45 and Older"
        },
        "StatusModule":{
          "StatusVerifiedDate":"June 2003",
          "OverallStatus":"Completed",
          "ExpandedAccessInfo":{
            "HasExpandedAccess":"No"
          },
          "StudyFirstSubmitDate":"April 10, 2001",
          "StudyFirstSubmitQCDate":"August 30, 2001",
          "StudyFirstPostDateStruct":{
            "StudyFirstPostDate":"August 31, 2001",
            "StudyFirstPostDateType":"Estimate"
          },
          "LastUpdateSubmitDate":"July 29, 2008",
          "LastUpdatePostDateStruct":{
            "LastUpdatePostDate":"July 30, 2008",
            "LastUpdatePostDateType":"Estimate"
          }
        },
        "SponsorCollaboratorsModule":{
          "LeadSponsor":{
            "LeadSponsorName":"National Institute of Allergy and Infectious Diseases (NIAID)",
            "LeadSponsorClass":"NIH"
          }
        },
        "DescriptionModule":{
          "BriefSummary":"The purpose of this study is to compare immune system activity in young people and older people who do not have HIV. This information will be compared to that of HIV patients in another study.\n\nAging affects immune system activity. This study will look at some of the factors involved. HIV also affects immune system activity. The results from this study, using healthy volunteers, will be compared to those in another study of HIV-infected patients. This may provide information on immune system activity in aging and HIV.",
          "DetailedDescription":"Aging is associated with declines in both cellular and humoral immunity. A consistent observation of the aging immune system is a change in T cells. Another possible mechanism of diminished cellular immunity associated with age includes accelerated lymphocyte apoptosis. Enhanced lymphocyte apoptosis may play an important role in the pathogenesis of HIV disease. This study will use healthy volunteers to confirm and expand upon such observations. Samples from these volunteers will serve as controls to those from the HIV-infected participants of A5015 (a comparison study of 2 age-differentiated cohorts to determine potential mechanisms that might contribute to accelerated HIV-disease progression that is associated with aging).\n\nThis is a non-treatment study; however, volunteers receive hepatitis A and tetanus vaccinations. Numbers of phenotypically naive CD4+ cells (CD45RA+/CD62L+) are compared between healthy, HIV-seronegative volunteers and HIV-seropositive patients of A5015. An array of assays to assess baseline differences in immune function between these study populations are performed. Expression of markers of activation are compared by measuring the coexpression of HLA-DR+/CD38+ and CD28+ on CD4+ and CD8+ lymphocytes between these populations. To investigate possible age-associated differences in apoptosis, Fas (CD95+) expression is measured on CD4+ and CD8+ T cells by flow cytometry, and spontaneous apoptosis is assessed using the propidium iodide method. DTH hypersensitivity to skin test antigens, lymphocyte proliferation to mitogens, soluble antigens, recall antigens, and neoantigens are compared between the 2 populations. Antibody responses to vaccination with tetanus and hepatitis A are assessed. Finally, thymic size as measured by CT scan and the frequency of T cells that contain TRECs is compared between these 2 populations."
        },
        "ConditionsModule":{
          "ConditionList":{
            "Condition":[
              "HIV Infections",
              "HIV Seronegativity"
            ]
          },
          "KeywordList":{
            "Keyword":[
              "Reference Values",
              "HIV Seropositivity",
              "Immune System",
              "CD4-Positive T-Lymphocytes",
              "HIV Seronegativity",
              "Antigens, CD"
            ]
          }
        },
        "DesignModule":{
          "StudyType":"Observational",
          "EnrollmentInfo":{
            "EnrollmentCount":"48"
          }
        },
        "EligibilityModule":{
          "EligibilityCriteria":"Inclusion Criteria\n\nVolunteers may be eligible for this study if they:\n\nAre willing to undergo HIV testing.\nHave a negative urine or serum pregnancy test within 30 days prior to study entry (for women volunteers).\nAre between the ages of 18 and 30 or are 45 or older.\n\nExclusion Criteria\n\nVolunteers will not be eligible for this study if they:\n\nHave HIV infection.\nHave a serious infection or other serious medical illness that requires treatment and/or hospitalization within 90 days before study entry.\nHave had cancer.\nHave received any of the following within 6 months of study entry: systemic corticosteroids; chemotherapy or radiation; erythropoietin, granulocyte colony-stimulating factor (G-CSF), granulocyte-macrophage colony-stimulating factor (GM-CSF), or growth hormone; drugs that affect the immune system including thalidomide, interleukins, interferons, or other cytokines; anabolic steroids at high levels; or any experimental agent, unless allowed otherwise by the researchers.\nAre immune to hepatitis A.\nHave received tetanus toxoid within 5 years prior to study entry or have a history of severe reaction to tetanus vaccine at any time in the past.\nAre pregnant or breast-feeding.",
          "HealthyVolunteers":"Accepts Healthy Volunteers",
          "Gender":"All",
          "MinimumAge":"18 Years",
          "StdAgeList":{
            "StdAge":[
              "Adult",
              "Older Adult"
            ]
          }
        },
        "ContactsLocationsModule":{
          "OverallOfficialList":{
            "OverallOfficial":[
              {
                "OverallOfficialName":"Robert Kalayjian",
                "OverallOfficialRole":"Study Chair"
              }
            ]
          },
          "LocationList":{
            "Location":[
              {
                "LocationFacility":"Univ of California San Francisco",
                "LocationCity":"San Francisco",
                "LocationState":"California",
                "LocationZip":"94110",
                "LocationCountry":"United States"
              },{
                "LocationFacility":"Univ of Colorado Health Sciences Ctr",
                "LocationCity":"Denver",
                "LocationState":"Colorado",
                "LocationZip":"80262",
                "LocationCountry":"United States"
              },{
                "LocationFacility":"Univ of Hawaii",
                "LocationCity":"Honolulu",
                "LocationState":"Hawaii",
                "LocationZip":"96816",
                "LocationCountry":"United States"
              },{
                "LocationFacility":"Northwestern Univ Med School",
                "LocationCity":"Chicago",
                "LocationState":"Illinois",
                "LocationZip":"60611",
                "LocationCountry":"United States"
              },{
                "LocationFacility":"Rush Presbyterian - Saint Luke's Med Ctr",
                "LocationCity":"Chicago",
                "LocationState":"Illinois",
                "LocationZip":"60612",
                "LocationCountry":"United States"
              },{
                "LocationFacility":"Washington Univ School of Medicine",
                "LocationCity":"St Louis",
                "LocationState":"Missouri",
                "LocationZip":"63108",
                "LocationCountry":"United States"
              },{
                "LocationFacility":"Case Western Reserve Univ",
                "LocationCity":"Cleveland",
                "LocationState":"Ohio",
                "LocationZip":"44106",
                "LocationCountry":"United States"
              },{
                "LocationFacility":"Univ of Texas Galveston",
                "LocationCity":"Galveston",
                "LocationState":"Texas",
                "LocationZip":"775550435",
                "LocationCountry":"United States"
              },{
                "LocationFacility":"Univ of Washington",
                "LocationCity":"Seattle",
                "LocationState":"Washington",
                "LocationZip":"98104",
                "LocationCountry":"United States"
              }
            ]
          }
        },
        "ReferencesModule":{
          "ReferenceList":{
            "Reference":[
              {
                "ReferencePMID":"19008157",
                "ReferenceType":"derived",
                "ReferenceCitation":"Tenorio AR, Spritzler J, Martinson J, Gichinga CN, Pollard RB, Lederman MM, Kalayjian RC, Landay AL. The effect of aging on T-regulatory cell frequency in HIV infection. Clin Immunol. 2009 Mar;130(3):298-303. doi: 10.1016/j.clim.2008.10.001. Epub 2008 Nov 12."
              }
            ]
          },
          "SeeAlsoLinkList":{
            "SeeAlsoLink":[
              {
                "SeeAlsoLinkLabel":"Haga clic aquí para ver información sobre este ensayo clínico en español.",
                "SeeAlsoLinkURL":"http://aidsinfo.nih.gov/clinicaltrials/htmltrials_sp.asp?an=1374"
              }
            ]
          }
        }
      },
      "DerivedSection":{
        "MiscInfoModule":{
          "VersionHolder":"April 19, 2021"
        },
        "ConditionBrowseModule":{
          "ConditionMeshList":{
            "ConditionMesh":[
              {
                "ConditionMeshId":"D000015658",
                "ConditionMeshTerm":"HIV Infections"
              }
            ]
          },
          "ConditionAncestorList":{
            "ConditionAncestor":[
              {
                "ConditionAncestorId":"D000016180",
                "ConditionAncestorTerm":"Lentivirus Infections"
              },{
                "ConditionAncestorId":"D000012192",
                "ConditionAncestorTerm":"Retroviridae Infections"
              },{
                "ConditionAncestorId":"D000012327",
                "ConditionAncestorTerm":"RNA Virus Infections"
              },{
                "ConditionAncestorId":"D000014777",
                "ConditionAncestorTerm":"Virus Diseases"
              },{
                "ConditionAncestorId":"D000015229",
                "ConditionAncestorTerm":"Sexually Transmitted Diseases, Viral"
              },{
                "ConditionAncestorId":"D000012749",
                "ConditionAncestorTerm":"Sexually Transmitted Diseases"
              },{
                "ConditionAncestorId":"D000007153",
                "ConditionAncestorTerm":"Immunologic Deficiency Syndromes"
              },{
                "ConditionAncestorId":"D000007154",
                "ConditionAncestorTerm":"Immune System Diseases"
              }
            ]
          },
          "ConditionBrowseLeafList":{
            "ConditionBrowseLeaf":[
              {
                "ConditionBrowseLeafId":"M8325",
                "ConditionBrowseLeafName":"HIV Seropositivity",
                "ConditionBrowseLeafRelevance":"low"
              },{
                "ConditionBrowseLeafId":"M8866",
                "ConditionBrowseLeafName":"Infection",
                "ConditionBrowseLeafRelevance":"low"
              },{
                "ConditionBrowseLeafId":"M4951",
                "ConditionBrowseLeafName":"Communicable Diseases",
                "ConditionBrowseLeafRelevance":"low"
              },{
                "ConditionBrowseLeafId":"M16833",
                "ConditionBrowseLeafName":"HIV Infections",
                "ConditionBrowseLeafAsFound":"HIV Infections",
                "ConditionBrowseLeafRelevance":"high"
              },{
                "ConditionBrowseLeafId":"M2103",
                "ConditionBrowseLeafName":"Acquired Immunodeficiency Syndrome",
                "ConditionBrowseLeafRelevance":"low"
              },{
                "ConditionBrowseLeafId":"M17223",
                "ConditionBrowseLeafName":"Lentivirus Infections",
                "ConditionBrowseLeafRelevance":"low"
              },{
                "ConditionBrowseLeafId":"M13609",
                "ConditionBrowseLeafName":"Retroviridae Infections",
                "ConditionBrowseLeafRelevance":"low"
              },{
                "ConditionBrowseLeafId":"M16105",
                "ConditionBrowseLeafName":"Virus Diseases",
                "ConditionBrowseLeafRelevance":"low"
              },{
                "ConditionBrowseLeafId":"M13732",
                "ConditionBrowseLeafName":"RNA Virus Infections",
                "ConditionBrowseLeafRelevance":"low"
              },{
                "ConditionBrowseLeafId":"M14141",
                "ConditionBrowseLeafName":"Sexually Transmitted Diseases",
                "ConditionBrowseLeafRelevance":"low"
              },{
                "ConditionBrowseLeafId":"M16516",
                "ConditionBrowseLeafName":"Sexually Transmitted Diseases, Viral",
                "ConditionBrowseLeafRelevance":"low"
              },{
                "ConditionBrowseLeafId":"M14938",
                "ConditionBrowseLeafName":"Syndrome",
                "ConditionBrowseLeafRelevance":"low"
              },{
                "ConditionBrowseLeafId":"M8782",
                "ConditionBrowseLeafName":"Immunologic Deficiency Syndromes",
                "ConditionBrowseLeafRelevance":"low"
              },{
                "ConditionBrowseLeafId":"M8783",
                "ConditionBrowseLeafName":"Immune System Diseases",
                "ConditionBrowseLeafRelevance":"low"
              }
            ]
          },
          "ConditionBrowseBranchList":{
            "ConditionBrowseBranch":[
              {
                "ConditionBrowseBranchAbbrev":"BC02",
                "ConditionBrowseBranchName":"Viral Diseases"
              },{
                "ConditionBrowseBranchAbbrev":"BC20",
                "ConditionBrowseBranchName":"Immune System Diseases"
              },{
                "ConditionBrowseBranchAbbrev":"All",
                "ConditionBrowseBranchName":"All Conditions"
              },{
                "ConditionBrowseBranchAbbrev":"BC01",
                "ConditionBrowseBranchName":"Bacterial and Fungal Diseases"
              },{
                "ConditionBrowseBranchAbbrev":"BXS",
                "ConditionBrowseBranchName":"Urinary Tract, Sexual Organs, and Pregnancy Conditions"
              },{
                "ConditionBrowseBranchAbbrev":"BC23",
                "ConditionBrowseBranchName":"Symptoms and General Pathology"
              }
            ]
          }
        }
      }
    }
  }
}

