{
  "FullStudy":{
    "Rank":368365,
    "Study":{
      "ProtocolSection":{
        "IdentificationModule":{
          "NCTId":"NCT00017550",
          "OrgStudyIdInfo":{
            "OrgStudyId":"CDR0000068709"
          },
          "SecondaryIdInfoList":{
            "SecondaryIdInfo":[
              {
                "SecondaryId":"SMC-101-1020"
              },{
                "SecondaryId":"RUSH-MDS-2000-04"
              }
            ]
          },
          "Organization":{
            "OrgFullName":"Sanofi",
            "OrgClass":"INDUSTRY"
          },
          "BriefTitle":"Antithymocyte Globulin Compared With Supportive Care in Treating Patients With Myelodysplastic Syndrome",
          "OfficialTitle":"An Open Label, Prospective, Stratified, Randomized, Controlled, Multi-Center, Phase IIB Study of the Impact of Thymoglobulin Therapy on Transfusion Needs of Patients With Early Myelodysplastic Syndrome (MDS)"
        },
        "StatusModule":{
          "StatusVerifiedDate":"March 2003",
          "OverallStatus":"Completed",
          "ExpandedAccessInfo":{
            "HasExpandedAccess":"No"
          },
          "StartDateStruct":{
            "StartDate":"September 2000",
            "StartDateType":"Actual"
          },
          "PrimaryCompletionDateStruct":{
            "PrimaryCompletionDate":"November 2003",
            "PrimaryCompletionDateType":"Actual"
          },
          "CompletionDateStruct":{
            "CompletionDate":"November 2003",
            "CompletionDateType":"Actual"
          },
          "StudyFirstSubmitDate":"June 6, 2001",
          "StudyFirstSubmitQCDate":"January 26, 2003",
          "StudyFirstPostDateStruct":{
            "StudyFirstPostDate":"January 27, 2003",
            "StudyFirstPostDateType":"Estimate"
          },
          "LastUpdateSubmitDate":"January 24, 2021",
          "LastUpdatePostDateStruct":{
            "LastUpdatePostDate":"January 27, 2021",
            "LastUpdatePostDateType":"Actual"
          }
        },
        "SponsorCollaboratorsModule":{
          "LeadSponsor":{
            "LeadSponsorName":"Genzyme, a Sanofi Company",
            "LeadSponsorClass":"INDUSTRY"
          }
        },
        "DescriptionModule":{
          "BriefSummary":"RATIONALE: Immunosuppressive therapy may improve bone marrow abnormalities and may be effective treatment for myelodysplastic syndrome. It is not yet known whether immunosuppressive therapy is more effective than supportive care in treating myelodysplastic syndrome.\n\nPURPOSE: Randomized phase II trial to compare the effectiveness of antithymocyte globulin with that of supportive care in treating patients who have myelodysplastic syndrome.",
          "DetailedDescription":"OBJECTIVES:\n\nCompare the clinical response rate of patients with early myelodysplastic syndrome treated with rabbit anti-thymocyte globulin vs standard supportive care.\nEvaluate the safety of anti-thymocyte globulin in these patients.\nCompare the time to and duration of clinical response, rates of partial response and therapy failure, and rate of disease progression in patients treated with these regimens.\nCompare the ECOG performance score, number of transfusions and/or growth factor use, and maximum time between transfusions in patients treated with these regimens.\nCompare the infection risk, use of medical resources, and quality of clinical response in patients treated with these regimens.\n\nOUTLINE: This is a randomized, open-label, multicenter study. Patients are stratified according to myelodysplastic syndrome (MDS) subtype (refractory anemia (RA) vs RA with excess blasts or hypocellular MDS). Patients are randomized to 1 of 2 treatment arms.\n\nArm I: Patients receive rabbit anti-thymocyte globulin (ATG) IV over at least 8-12 hours on days 1-4.\nArm II: Patients receive standard supportive therapy for 6 months. At the end of 6 months, patients may receive ATG as in arm I.\n\nPatients are followed for 6 months.\n\nPROJECTED ACCRUAL: A total of 72 patients (48 in arm I and 24 in arm II) will be accrued within a minimum of 6 months."
        },
        "ConditionsModule":{
          "ConditionList":{
            "Condition":[
              "Myelodysplastic Syndromes"
            ]
          },
          "KeywordList":{
            "Keyword":[
              "refractory anemia",
              "refractory anemia with excess blasts",
              "de novo myelodysplastic syndromes",
              "previously treated myelodysplastic syndromes"
            ]
          }
        },
        "DesignModule":{
          "StudyType":"Interventional",
          "PhaseList":{
            "Phase":[
              "Phase 2"
            ]
          },
          "DesignInfo":{
            "DesignAllocation":"Randomized",
            "DesignPrimaryPurpose":"Treatment",
            "DesignMaskingInfo":{
              "DesignMasking":"None (Open Label)"
            }
          }
        },
        "ArmsInterventionsModule":{
          "InterventionList":{
            "Intervention":[
              {
                "InterventionType":"Biological",
                "InterventionName":"anti-thymocyte globulin"
              }
            ]
          }
        },
        "EligibilityModule":{
          "EligibilityCriteria":"DISEASE CHARACTERISTICS:\n\nHistologically or cytologically confirmed early myelodysplastic syndrome (MDS) with less than 10% bone marrow blasts\n\nRefractory anemia (RA)\nRA with excess blasts (RAEB)\nHypocellular myelodysplasia\nLow or intermediate-1 prognostic risk\n\nTransfusion-dependent\n\nNeed for 2 or more units of red blood cells or platelets per month for 2 or more months prior to study OR\n\nHistory of prior transfusions and 2 consecutive (at least 21 days apart) hemoglobin levels less than 8.0 g/dL or platelet counts less than 20,000/mm^3 during the past 2 months\n\nHemoglobin no greater than 12.0 g/dL after prior transfusion\nNo myelosclerosis occupying more than 30% of bone marrow space\nNo RA with ringed sideroblasts, RAEB in transformation, or chronic myelomonocytic leukemia\nNo therapy-related MDS\nNo history of immune-related hematologic disorder (e.g., idiopathic thrombocytopenic purpura)\n\nPATIENT CHARACTERISTICS:\n\nAge:\n\n18 and over\n\nPerformance status:\n\nECOG 0-2\n\nLife expectancy:\n\nAt least 3 months\n\nHematopoietic:\n\nSee Disease Characteristics\nNo other causes of cytopenia unrelated to MDS (e.g., gastrointestinal blood loss)\nIron present on marrow examination OR\nTransferrin saturation at least 20% and ferritin at least 50 ng/mL\n\nHepatic:\n\nBilirubin no greater than 2 mg/dL OR\nSGOT/SGPT no greater than 2 times normal\nNo active or chronic hepatitis B or C\n\nRenal:\n\nCreatinine no greater than 2 mg/dL\n\nCardiovascular:\n\nNo symptomatic cardiac disease\nNo congestive heart failure (even if medically controlled)\nNo myocardial infarction within the past 6 months\n\nPulmonary:\n\nNo severe pulmonary disease\nIf history of pulmonary insufficiency, must have pO_2 at least 90 mm/Hg on room air or pCO_2 no greater than 40 mm/Hg\n\nOther:\n\nNo history of unresolved B12 or folate deficiency since diagnosis of MDS\nNo untreated acute or chronic infection (afebrile for 7 days without antibiotics prior to study)\nNo active or chronic HIV\nNo concurrent cytomegalovirus infection\nNo other malignancy within the past 2 years except adequately treated localized squamous cell or basal cell skin cancer or carcinoma in situ of the cervix\nNo concurrent drug or alcohol abuse\nNo significant medical or psychosocial problems\nNo known allergy to rabbit protein\nNot pregnant or nursing\nNegative pregnancy test\nFertile patients must use effective contraception\n\nPRIOR CONCURRENT THERAPY:\n\nBiologic therapy:\n\nAt least 8 weeks since prior biologic agents, colony-stimulating factors, or epoetin alfa for MDS\nAt least 8 weeks since other prior investigational biologic agents\nNo prior or concurrent bone marrow transplantation\nNo concurrent epoetin alfa\nNo concurrent growth factors except filgrastim (G-CSF) or sargramostim (GM-CSF) for neutropenic fevers\nNo other concurrent biologic agents\n\nChemotherapy:\n\nAt least 8 weeks since prior cytotoxic drugs for MDS\nConcurrent chemotherapy for clinical indications of disease progression or leukemic transformation allowed\n\nEndocrine therapy:\n\nAt least 8 weeks since prior androgenic hormonal therapy for MDS\nAt least 8 weeks since prior danazol for MDS\n\nRadiotherapy:\n\nNo prior radiotherapy\n\nSurgery:\n\nNo prior organ transplantation\n\nOther:\n\nAt least 8 weeks since prior investigational drugs\nAt least 8 weeks since prior immunosuppressive drugs or other drugs for MDS\nNo concurrent immunosuppressive therapy\nNo other concurrent experimental drugs",
          "HealthyVolunteers":"No",
          "Gender":"All",
          "MinimumAge":"18 Years",
          "MaximumAge":"120 Years",
          "StdAgeList":{
            "StdAge":[
              "Adult",
              "Older Adult"
            ]
          }
        },
        "ContactsLocationsModule":{
          "OverallOfficialList":{
            "OverallOfficial":[
              {
                "OverallOfficialName":"Elizabeth C. Squiers, MD",
                "OverallOfficialAffiliation":"Sangstat Medical Corporation",
                "OverallOfficialRole":"Study Chair"
              }
            ]
          },
          "LocationList":{
            "Location":[
              {
                "LocationFacility":"Washington Cancer Institute",
                "LocationCity":"Washington",
                "LocationState":"District of Columbia",
                "LocationZip":"20010",
                "LocationCountry":"United States"
              },{
                "LocationFacility":"University of Florida Health Science Center",
                "LocationCity":"Gainesville",
                "LocationState":"Florida",
                "LocationZip":"32610-0296",
                "LocationCountry":"United States"
              },{
                "LocationFacility":"Sylvester Cancer Center, University of Miami",
                "LocationCity":"Miami",
                "LocationState":"Florida",
                "LocationZip":"33136",
                "LocationCountry":"United States"
              },{
                "LocationFacility":"H. Lee Moffitt Cancer Center and Research Institute",
                "LocationCity":"Tampa",
                "LocationState":"Florida",
                "LocationZip":"33612-9497",
                "LocationCountry":"United States"
              },{
                "LocationFacility":"Veterans Affairs Medical Center - Tampa (Haley)",
                "LocationCity":"Tampa",
                "LocationState":"Florida",
                "LocationZip":"33612",
                "LocationCountry":"United States"
              },{
                "LocationFacility":"Winship Cancer Institute of Emory University",
                "LocationCity":"Atlanta",
                "LocationState":"Georgia",
                "LocationZip":"30322",
                "LocationCountry":"United States"
              },{
                "LocationFacility":"Rush Cancer Institute",
                "LocationCity":"Chicago",
                "LocationState":"Illinois",
                "LocationZip":"60612",
                "LocationCountry":"United States"
              },{
                "LocationFacility":"Indiana Blood and Marrow Transplant",
                "LocationCity":"Beech Grove",
                "LocationState":"Indiana",
                "LocationZip":"46107",
                "LocationCountry":"United States"
              },{
                "LocationFacility":"Holden Comprehensive Cancer Center",
                "LocationCity":"Iowa City",
                "LocationState":"Iowa",
                "LocationZip":"52242-1009",
                "LocationCountry":"United States"
              },{
                "LocationFacility":"University of Kansas Medical Center",
                "LocationCity":"Kansas City",
                "LocationState":"Kansas",
                "LocationZip":"66160-7357",
                "LocationCountry":"United States"
              },{
                "LocationFacility":"Tulane University School of Medicine",
                "LocationCity":"New Orleans",
                "LocationState":"Louisiana",
                "LocationZip":"70112",
                "LocationCountry":"United States"
              },{
                "LocationFacility":"Sidney Kimmel Comprehensive Cancer Center at Johns Hopkins",
                "LocationCity":"Baltimore",
                "LocationState":"Maryland",
                "LocationZip":"21231-2410",
                "LocationCountry":"United States"
              },{
                "LocationFacility":"University of Missouri Kansas City School of Medicine",
                "LocationCity":"Kansas City",
                "LocationState":"Missouri",
                "LocationZip":"64111",
                "LocationCountry":"United States"
              },{
                "LocationFacility":"Saint Louis University Cancer Center",
                "LocationCity":"Saint Louis",
                "LocationState":"Missouri",
                "LocationZip":"63110-2539",
                "LocationCountry":"United States"
              },{
                "LocationFacility":"Siteman Cancer Center",
                "LocationCity":"Saint Louis",
                "LocationState":"Missouri",
                "LocationZip":"63110",
                "LocationCountry":"United States"
              },{
                "LocationFacility":"University of Nebraska Medical Center",
                "LocationCity":"Omaha",
                "LocationState":"Nebraska",
                "LocationZip":"68198-7680",
                "LocationCountry":"United States"
              },{
                "LocationFacility":"Hackensack University Medical Center",
                "LocationCity":"Hackensack",
                "LocationState":"New Jersey",
                "LocationZip":"07601",
                "LocationCountry":"United States"
              },{
                "LocationFacility":"New York Presbyterian Hospital - Cornell Campus",
                "LocationCity":"New York",
                "LocationState":"New York",
                "LocationZip":"10021",
                "LocationCountry":"United States"
              },{
                "LocationFacility":"Mount Sinai Medical Center, NY",
                "LocationCity":"New York",
                "LocationState":"New York",
                "LocationZip":"10029",
                "LocationCountry":"United States"
              },{
                "LocationFacility":"James P. Wilmot Cancer Center",
                "LocationCity":"Rochester",
                "LocationState":"New York",
                "LocationZip":"14642",
                "LocationCountry":"United States"
              },{
                "LocationFacility":"New York Medical College",
                "LocationCity":"Valhalla",
                "LocationState":"New York",
                "LocationZip":"10595",
                "LocationCountry":"United States"
              },{
                "LocationFacility":"Comprehensive Cancer Center at Wake Forest University",
                "LocationCity":"Winston-Salem",
                "LocationState":"North Carolina",
                "LocationZip":"27157-1082",
                "LocationCountry":"United States"
              },{
                "LocationFacility":"Cleveland Clinic Taussig Cancer Center",
                "LocationCity":"Cleveland",
                "LocationState":"Ohio",
                "LocationZip":"44195",
                "LocationCountry":"United States"
              },{
                "LocationFacility":"Texas Oncology P.A.",
                "LocationCity":"Dallas",
                "LocationState":"Texas",
                "LocationZip":"75230-2503",
                "LocationCountry":"United States"
              },{
                "LocationFacility":"Medical College of Wisconsin",
                "LocationCity":"Milwaukee",
                "LocationState":"Wisconsin",
                "LocationZip":"53226-3596",
                "LocationCountry":"United States"
              },{
                "LocationFacility":"Foothills Hospital",
                "LocationCity":"Calgary",
                "LocationState":"Alberta",
                "LocationZip":"T2N 2T9",
                "LocationCountry":"Canada"
              },{
                "LocationFacility":"Department of Medicine",
                "LocationCity":"Vancouver",
                "LocationState":"British Columbia",
                "LocationZip":"V5Z 4E3",
                "LocationCountry":"Canada"
              },{
                "LocationFacility":"Princess Margaret Hospital",
                "LocationCity":"Toronto",
                "LocationState":"Ontario",
                "LocationZip":"M5G 2M9",
                "LocationCountry":"Canada"
              }
            ]
          }
        }
      },
      "DerivedSection":{
        "MiscInfoModule":{
          "VersionHolder":"April 19, 2021"
        },
        "ConditionBrowseModule":{
          "ConditionMeshList":{
            "ConditionMesh":[
              {
                "ConditionMeshId":"D000011289",
                "ConditionMeshTerm":"Preleukemia"
              },{
                "ConditionMeshId":"D000009190",
                "ConditionMeshTerm":"Myelodysplastic Syndromes"
              },{
                "ConditionMeshId":"D000013577",
                "ConditionMeshTerm":"Syndrome"
              }
            ]
          },
          "ConditionAncestorList":{
            "ConditionAncestor":[
              {
                "ConditionAncestorId":"D000004194",
                "ConditionAncestorTerm":"Disease"
              },{
                "ConditionAncestorId":"D000010335",
                "ConditionAncestorTerm":"Pathologic Processes"
              },{
                "ConditionAncestorId":"D000001855",
                "ConditionAncestorTerm":"Bone Marrow Diseases"
              },{
                "ConditionAncestorId":"D000006402",
                "ConditionAncestorTerm":"Hematologic Diseases"
              },{
                "ConditionAncestorId":"D000011230",
                "ConditionAncestorTerm":"Precancerous Conditions"
              },{
                "ConditionAncestorId":"D000009369",
                "ConditionAncestorTerm":"Neoplasms"
              }
            ]
          },
          "ConditionBrowseLeafList":{
            "ConditionBrowseLeaf":[
              {
                "ConditionBrowseLeafId":"M14938",
                "ConditionBrowseLeafName":"Syndrome",
                "ConditionBrowseLeafAsFound":"Syndrome",
                "ConditionBrowseLeafRelevance":"high"
              },{
                "ConditionBrowseLeafId":"M2651",
                "ConditionBrowseLeafName":"Anemia",
                "ConditionBrowseLeafRelevance":"low"
              },{
                "ConditionBrowseLeafId":"M12747",
                "ConditionBrowseLeafName":"Preleukemia",
                "ConditionBrowseLeafAsFound":"Myelodysplastic Syndrome",
                "ConditionBrowseLeafRelevance":"high"
              },{
                "ConditionBrowseLeafId":"M10728",
                "ConditionBrowseLeafName":"Myelodysplastic Syndromes",
                "ConditionBrowseLeafAsFound":"Myelodysplastic Syndrome",
                "ConditionBrowseLeafRelevance":"high"
              },{
                "ConditionBrowseLeafId":"M2665",
                "ConditionBrowseLeafName":"Anemia, Refractory, with Excess of Blasts",
                "ConditionBrowseLeafRelevance":"low"
              },{
                "ConditionBrowseLeafId":"M2664",
                "ConditionBrowseLeafName":"Anemia, Refractory",
                "ConditionBrowseLeafRelevance":"low"
              },{
                "ConditionBrowseLeafId":"M3716",
                "ConditionBrowseLeafName":"Bone Marrow Diseases",
                "ConditionBrowseLeafRelevance":"low"
              },{
                "ConditionBrowseLeafId":"M8073",
                "ConditionBrowseLeafName":"Hematologic Diseases",
                "ConditionBrowseLeafRelevance":"low"
              },{
                "ConditionBrowseLeafId":"M12694",
                "ConditionBrowseLeafName":"Precancerous Conditions",
                "ConditionBrowseLeafRelevance":"low"
              },{
                "ConditionBrowseLeafId":"T3993",
                "ConditionBrowseLeafName":"Myelodysplastic Syndromes",
                "ConditionBrowseLeafAsFound":"Myelodysplastic Syndrome",
                "ConditionBrowseLeafRelevance":"high"
              },{
                "ConditionBrowseLeafId":"T3991",
                "ConditionBrowseLeafName":"Myelodysplastic Syndrome With Excess Blasts",
                "ConditionBrowseLeafRelevance":"low"
              }
            ]
          },
          "ConditionBrowseBranchList":{
            "ConditionBrowseBranch":[
              {
                "ConditionBrowseBranchAbbrev":"BC23",
                "ConditionBrowseBranchName":"Symptoms and General Pathology"
              },{
                "ConditionBrowseBranchAbbrev":"All",
                "ConditionBrowseBranchName":"All Conditions"
              },{
                "ConditionBrowseBranchAbbrev":"BC15",
                "ConditionBrowseBranchName":"Blood and Lymph Conditions"
              },{
                "ConditionBrowseBranchAbbrev":"BC04",
                "ConditionBrowseBranchName":"Cancers and Other Neoplasms"
              },{
                "ConditionBrowseBranchAbbrev":"Rare",
                "ConditionBrowseBranchName":"Rare Diseases"
              }
            ]
          }
        },
        "InterventionBrowseModule":{
          "InterventionMeshList":{
            "InterventionMesh":[
              {
                "InterventionMeshId":"D000000961",
                "InterventionMeshTerm":"Antilymphocyte Serum"
              }
            ]
          },
          "InterventionAncestorList":{
            "InterventionAncestor":[
              {
                "InterventionAncestorId":"D000007155",
                "InterventionAncestorTerm":"Immunologic Factors"
              },{
                "InterventionAncestorId":"D000045505",
                "InterventionAncestorTerm":"Physiological Effects of Drugs"
              },{
                "InterventionAncestorId":"D000007166",
                "InterventionAncestorTerm":"Immunosuppressive Agents"
              }
            ]
          },
          "InterventionBrowseLeafList":{
            "InterventionBrowseLeaf":[
              {
                "InterventionBrowseLeafId":"M264589",
                "InterventionBrowseLeafName":"Thymoglobulin",
                "InterventionBrowseLeafRelevance":"low"
              },{
                "InterventionBrowseLeafId":"M2860",
                "InterventionBrowseLeafName":"Antilymphocyte Serum",
                "InterventionBrowseLeafAsFound":"Dynamic",
                "InterventionBrowseLeafRelevance":"high"
              },{
                "InterventionBrowseLeafId":"M8784",
                "InterventionBrowseLeafName":"Immunologic Factors",
                "InterventionBrowseLeafRelevance":"low"
              },{
                "InterventionBrowseLeafId":"M8795",
                "InterventionBrowseLeafName":"Immunosuppressive Agents",
                "InterventionBrowseLeafRelevance":"low"
              }
            ]
          },
          "InterventionBrowseBranchList":{
            "InterventionBrowseBranch":[
              {
                "InterventionBrowseBranchAbbrev":"All",
                "InterventionBrowseBranchName":"All Drugs and Chemicals"
              }
            ]
          }
        }
      }
    }
  }
}

