{
  "FullStudy":{
    "Rank":368548,
    "Study":{
      "ProtocolSection":{
        "IdentificationModule":{
          "NCTId":"NCT00014690",
          "OrgStudyIdInfo":{
            "OrgStudyId":"ZENECA-9331IL/0024"
          },
          "SecondaryIdInfoList":{
            "SecondaryIdInfo":[
              {
                "SecondaryId":"CDR0000068604",
                "SecondaryIdType":"Registry Identifier",
                "SecondaryIdDomain":"PDQ (Physician Data Query)"
              }
            ]
          },
          "Organization":{
            "OrgFullName":"National Cancer Institute (NCI)",
            "OrgClass":"NIH"
          },
          "BriefTitle":"ZD9331 With or Without Topotecan in Treating Patients With Refractory or Recurrent Epithelial Ovarian Cancer, Fallopian Tube Cancer, or Primary Peritoneal Cancer",
          "OfficialTitle":"A Phase II, Open, Randomized Multicenter Trial to Assess the Efficacy and Tolerability of Intravenous ZD9331 Given as Monotherapy (at Two Doses) or in Combination With Topotecan, in Patients With Ovarian Cancer Refractory or Recurrent After Failing Platinum and Paclitaxel in Combination"
        },
        "StatusModule":{
          "StatusVerifiedDate":"December 2004",
          "OverallStatus":"Completed",
          "ExpandedAccessInfo":{
            "HasExpandedAccess":"No"
          },
          "StartDateStruct":{
            "StartDate":"March 2001"
          },
          "CompletionDateStruct":{
            "CompletionDate":"February 2004",
            "CompletionDateType":"Actual"
          },
          "StudyFirstSubmitDate":"April 10, 2001",
          "StudyFirstSubmitQCDate":"February 25, 2004",
          "StudyFirstPostDateStruct":{
            "StudyFirstPostDate":"February 26, 2004",
            "StudyFirstPostDateType":"Estimate"
          },
          "LastUpdateSubmitDate":"August 1, 2013",
          "LastUpdatePostDateStruct":{
            "LastUpdatePostDate":"August 2, 2013",
            "LastUpdatePostDateType":"Estimate"
          }
        },
        "SponsorCollaboratorsModule":{
          "LeadSponsor":{
            "LeadSponsorName":"AstraZeneca",
            "LeadSponsorClass":"INDUSTRY"
          }
        },
        "OversightModule":{},
        "DescriptionModule":{
          "BriefSummary":"RATIONALE: Drugs used in chemotherapy use different ways to stop tumor cells from dividing so they stop growing or die. Combining two or more drugs may kill more tumor cells.\n\nPURPOSE: Randomized phase II trial to study the effectiveness of different regimens of ZD9331 with or without topotecan in treating patients who have refractory or recurrent epithelial ovarian cancer, fallopian tube cancer or primary peritoneal cancer.",
          "DetailedDescription":"OBJECTIVES: I. Compare the efficacy of ZD9331 with or without topotecan in patients with refractory or recurrent ovarian epithelial, primary peritoneal, or fallopian tube cancer. II. Compare the tolerability of these regimens in these patients. III. Compare the objective tumor response rate, progression-free survival, and disease control in patients treated with these regimens. IV. Compare the quality of life of patients treated with these regimens.\n\nOUTLINE: This is a randomized, open-label, multicenter study. Patients are randomized to 1 of 3 treatment arms. Arm I: Patients receive ZD9331 IV over 30 minutes on days 1 and 8. Arm II: Patients receive a higher dose of ZD9331 IV over 30 minutes on days 1 and 8. Arm III: Patients receive ZD9331 as in arm I and topotecan IV over 30 minutes on days 1-5. All arms: Treatment repeats every 21 days in the absence of disease progression or unacceptable toxicity. Quality of life is assessed at baseline, on the first day of each course, and then at study withdrawal. Patients are followed at day 30, every 9 weeks until disease progression, and then every 6 months thereafter.\n\nPROJECTED ACCRUAL: Approximately 130 patients will be accrued for this study within 5 months."
        },
        "ConditionsModule":{
          "ConditionList":{
            "Condition":[
              "Fallopian Tube Cancer",
              "Ovarian Cancer",
              "Primary Peritoneal Cavity Cancer"
            ]
          },
          "KeywordList":{
            "Keyword":[
              "recurrent ovarian epithelial cancer",
              "fallopian tube cancer",
              "primary peritoneal cavity cancer"
            ]
          }
        },
        "DesignModule":{
          "StudyType":"Interventional",
          "PhaseList":{
            "Phase":[
              "Phase 2"
            ]
          },
          "DesignInfo":{
            "DesignPrimaryPurpose":"Treatment"
          }
        },
        "ArmsInterventionsModule":{
          "InterventionList":{
            "Intervention":[
              {
                "InterventionType":"Drug",
                "InterventionName":"plevitrexed"
              },{
                "InterventionType":"Drug",
                "InterventionName":"topotecan hydrochloride"
              }
            ]
          }
        },
        "EligibilityModule":{
          "EligibilityCriteria":"DISEASE CHARACTERISTICS: Histologically or cytologically confirmed ovarian epithelial cancer, primary peritoneal cancer, or fallopian tube cancer Refractory or recurrent disease after combination platinum and paclitaxel as only prior chemotherapy regimen Platinum resistant (i.e., refractory or relapsed within 6 months after completion of last therapy regimen) No more than 2 prior platinum and paclitaxel combination regimens Measurable disease No CNS metastases\n\nPATIENT CHARACTERISTICS: Age: 18 and over Performance status: WHO 0-1 Life expectancy: More than 12 weeks Hematopoietic: Neutrophil count at least 1,500/mm3 Platelet count at least 100,000/mm3 Hepatic: No unstable or uncompensated hepatic disease Bilirubin less than 1.25 times upper limit of normal (ULN) Albumin at least lower limit of normal ALT or AST no greater than 2.5 times ULN (5 times ULN if liver metastases present) Renal: No unstable or uncompensated renal disease Creatinine clearance at least 60 mL/min Cardiovascular: No unstable or uncompensated cardiac disease Pulmonary: No unstable or uncompensated respiratory disease Other: No concurrent intestinal obstruction No evidence of severe or uncontrolled systemic disease No other active malignancy within the past 5 years except squamous cell or basal cell skin cancer or carcinoma in situ of the cervix No severe concurrent condition that would preclude study compliance No risk of transmitting HIV or hepatitis B or C Not pregnant or nursing Negative pregnancy test Fertile patients must use effective contraception\n\nPRIOR CONCURRENT THERAPY: Biologic therapy: Not specified Chemotherapy: See Disease Characteristics Endocrine therapy: Not specified Radiotherapy: No prior extensive radiotherapy to more than 30% of bone marrow (e.g., whole pelvis or half of spine) No concurrent radiotherapy for ovarian cancer Surgery: At least 2 weeks since prior surgery,except for insertion of central venous access device, and recovered Other: At least 4 weeks since other anticancer therapy and recovered Concurrent folic acid in a nutritional supplement allowed except within the 24 hours before and after ZD9331 dosing No other concurrent study drugs No other concurrent systemic therapy for ovarian cancer",
          "HealthyVolunteers":"No",
          "Gender":"Female",
          "MinimumAge":"18 Years",
          "StdAgeList":{
            "StdAge":[
              "Adult",
              "Older Adult"
            ]
          }
        },
        "ContactsLocationsModule":{
          "OverallOfficialList":{
            "OverallOfficial":[
              {
                "OverallOfficialName":"Bernadette Matthews, RN, MSN, CCRA",
                "OverallOfficialAffiliation":"AstraZeneca",
                "OverallOfficialRole":"Study Chair"
              }
            ]
          },
          "LocationList":{
            "Location":[
              {
                "LocationFacility":"AstraZeneca Pharmaceuticals LP",
                "LocationCity":"Wilmington",
                "LocationState":"Delaware",
                "LocationZip":"19850-5437",
                "LocationCountry":"United States"
              }
            ]
          }
        }
      },
      "DerivedSection":{
        "MiscInfoModule":{
          "VersionHolder":"April 19, 2021"
        },
        "ConditionBrowseModule":{
          "ConditionMeshList":{
            "ConditionMesh":[
              {
                "ConditionMeshId":"D000010051",
                "ConditionMeshTerm":"Ovarian Neoplasms"
              },{
                "ConditionMeshId":"D000077216",
                "ConditionMeshTerm":"Carcinoma, Ovarian Epithelial"
              },{
                "ConditionMeshId":"D000005185",
                "ConditionMeshTerm":"Fallopian Tube Neoplasms"
              }
            ]
          },
          "ConditionAncestorList":{
            "ConditionAncestor":[
              {
                "ConditionAncestorId":"D000004701",
                "ConditionAncestorTerm":"Endocrine Gland Neoplasms"
              },{
                "ConditionAncestorId":"D000009371",
                "ConditionAncestorTerm":"Neoplasms by Site"
              },{
                "ConditionAncestorId":"D000009369",
                "ConditionAncestorTerm":"Neoplasms"
              },{
                "ConditionAncestorId":"D000010049",
                "ConditionAncestorTerm":"Ovarian Diseases"
              },{
                "ConditionAncestorId":"D000000291",
                "ConditionAncestorTerm":"Adnexal Diseases"
              },{
                "ConditionAncestorId":"D000005833",
                "ConditionAncestorTerm":"Genital Neoplasms, Female"
              },{
                "ConditionAncestorId":"D000014565",
                "ConditionAncestorTerm":"Urogenital Neoplasms"
              },{
                "ConditionAncestorId":"D000004700",
                "ConditionAncestorTerm":"Endocrine System Diseases"
              },{
                "ConditionAncestorId":"D000006058",
                "ConditionAncestorTerm":"Gonadal Disorders"
              },{
                "ConditionAncestorId":"D000002277",
                "ConditionAncestorTerm":"Carcinoma"
              },{
                "ConditionAncestorId":"D000009375",
                "ConditionAncestorTerm":"Neoplasms, Glandular and Epithelial"
              },{
                "ConditionAncestorId":"D000009370",
                "ConditionAncestorTerm":"Neoplasms by Histologic Type"
              },{
                "ConditionAncestorId":"D000005184",
                "ConditionAncestorTerm":"Fallopian Tube Diseases"
              }
            ]
          },
          "ConditionBrowseLeafList":{
            "ConditionBrowseLeaf":[
              {
                "ConditionBrowseLeafId":"M11557",
                "ConditionBrowseLeafName":"Ovarian Neoplasms",
                "ConditionBrowseLeafAsFound":"Ovarian Cancer",
                "ConditionBrowseLeafRelevance":"high"
              },{
                "ConditionBrowseLeafId":"M1704",
                "ConditionBrowseLeafName":"Carcinoma, Ovarian Epithelial",
                "ConditionBrowseLeafAsFound":"Ovarian Cancer",
                "ConditionBrowseLeafRelevance":"high"
              },{
                "ConditionBrowseLeafId":"M4116",
                "ConditionBrowseLeafName":"Carcinoma",
                "ConditionBrowseLeafRelevance":"low"
              },{
                "ConditionBrowseLeafId":"M6911",
                "ConditionBrowseLeafName":"Fallopian Tube Neoplasms",
                "ConditionBrowseLeafAsFound":"Fallopian Tube Cancer",
                "ConditionBrowseLeafRelevance":"high"
              },{
                "ConditionBrowseLeafId":"M6446",
                "ConditionBrowseLeafName":"Endocrine Gland Neoplasms",
                "ConditionBrowseLeafRelevance":"low"
              },{
                "ConditionBrowseLeafId":"M11555",
                "ConditionBrowseLeafName":"Ovarian Diseases",
                "ConditionBrowseLeafRelevance":"low"
              },{
                "ConditionBrowseLeafId":"M2224",
                "ConditionBrowseLeafName":"Adnexal Diseases",
                "ConditionBrowseLeafRelevance":"low"
              },{
                "ConditionBrowseLeafId":"M7528",
                "ConditionBrowseLeafName":"Genital Neoplasms, Female",
                "ConditionBrowseLeafRelevance":"low"
              },{
                "ConditionBrowseLeafId":"M15898",
                "ConditionBrowseLeafName":"Urogenital Neoplasms",
                "ConditionBrowseLeafRelevance":"low"
              },{
                "ConditionBrowseLeafId":"M6445",
                "ConditionBrowseLeafName":"Endocrine System Diseases",
                "ConditionBrowseLeafRelevance":"low"
              },{
                "ConditionBrowseLeafId":"M7746",
                "ConditionBrowseLeafName":"Gonadal Disorders",
                "ConditionBrowseLeafRelevance":"low"
              },{
                "ConditionBrowseLeafId":"M10903",
                "ConditionBrowseLeafName":"Neoplasms, Glandular and Epithelial",
                "ConditionBrowseLeafRelevance":"low"
              },{
                "ConditionBrowseLeafId":"M10898",
                "ConditionBrowseLeafName":"Neoplasms by Histologic Type",
                "ConditionBrowseLeafRelevance":"low"
              },{
                "ConditionBrowseLeafId":"M6910",
                "ConditionBrowseLeafName":"Fallopian Tube Diseases",
                "ConditionBrowseLeafRelevance":"low"
              },{
                "ConditionBrowseLeafId":"T4352",
                "ConditionBrowseLeafName":"Ovarian Cancer",
                "ConditionBrowseLeafAsFound":"Ovarian Cancer",
                "ConditionBrowseLeafRelevance":"high"
              },{
                "ConditionBrowseLeafId":"T2189",
                "ConditionBrowseLeafName":"Fallopian Tube Cancer",
                "ConditionBrowseLeafAsFound":"Fallopian Tube Cancer",
                "ConditionBrowseLeafRelevance":"high"
              },{
                "ConditionBrowseLeafId":"T4354",
                "ConditionBrowseLeafName":"Ovarian Epithelial Cancer",
                "ConditionBrowseLeafAsFound":"Ovarian Cancer",
                "ConditionBrowseLeafRelevance":"high"
              }
            ]
          },
          "ConditionBrowseBranchList":{
            "ConditionBrowseBranch":[
              {
                "ConditionBrowseBranchAbbrev":"BC04",
                "ConditionBrowseBranchName":"Cancers and Other Neoplasms"
              },{
                "ConditionBrowseBranchAbbrev":"BXS",
                "ConditionBrowseBranchName":"Urinary Tract, Sexual Organs, and Pregnancy Conditions"
              },{
                "ConditionBrowseBranchAbbrev":"BC19",
                "ConditionBrowseBranchName":"Gland and Hormone Related Diseases"
              },{
                "ConditionBrowseBranchAbbrev":"All",
                "ConditionBrowseBranchName":"All Conditions"
              },{
                "ConditionBrowseBranchAbbrev":"Rare",
                "ConditionBrowseBranchName":"Rare Diseases"
              }
            ]
          }
        },
        "InterventionBrowseModule":{
          "InterventionMeshList":{
            "InterventionMesh":[
              {
                "InterventionMeshId":"D000019772",
                "InterventionMeshTerm":"Topotecan"
              }
            ]
          },
          "InterventionAncestorList":{
            "InterventionAncestor":[
              {
                "InterventionAncestorId":"D000059004",
                "InterventionAncestorTerm":"Topoisomerase I Inhibitors"
              },{
                "InterventionAncestorId":"D000059003",
                "InterventionAncestorTerm":"Topoisomerase Inhibitors"
              },{
                "InterventionAncestorId":"D000004791",
                "InterventionAncestorTerm":"Enzyme Inhibitors"
              },{
                "InterventionAncestorId":"D000045504",
                "InterventionAncestorTerm":"Molecular Mechanisms of Pharmacological Action"
              },{
                "InterventionAncestorId":"D000000970",
                "InterventionAncestorTerm":"Antineoplastic Agents"
              }
            ]
          },
          "InterventionBrowseLeafList":{
            "InterventionBrowseLeaf":[
              {
                "InterventionBrowseLeafId":"M18120",
                "InterventionBrowseLeafName":"Paclitaxel",
                "InterventionBrowseLeafRelevance":"low"
              },{
                "InterventionBrowseLeafId":"M231",
                "InterventionBrowseLeafName":"Albumin-Bound Paclitaxel",
                "InterventionBrowseLeafRelevance":"low"
              },{
                "InterventionBrowseLeafId":"M20258",
                "InterventionBrowseLeafName":"Topotecan",
                "InterventionBrowseLeafAsFound":"Predictors",
                "InterventionBrowseLeafRelevance":"high"
              },{
                "InterventionBrowseLeafId":"M27936",
                "InterventionBrowseLeafName":"Topoisomerase I Inhibitors",
                "InterventionBrowseLeafRelevance":"low"
              }
            ]
          },
          "InterventionBrowseBranchList":{
            "InterventionBrowseBranch":[
              {
                "InterventionBrowseBranchAbbrev":"ANeo",
                "InterventionBrowseBranchName":"Antineoplastic Agents"
              },{
                "InterventionBrowseBranchAbbrev":"All",
                "InterventionBrowseBranchName":"All Drugs and Chemicals"
              }
            ]
          }
        }
      }
    }
  }
}

