{
  "FullStudy":{
    "Rank":368864,
    "Study":{
      "ProtocolSection":{
        "IdentificationModule":{
          "NCTId":"NCT00010179",
          "OrgStudyIdInfo":{
            "OrgStudyId":"I138"
          },
          "SecondaryIdInfoList":{
            "SecondaryIdInfo":[
              {
                "SecondaryId":"CAN-NCIC-IND138",
                "SecondaryIdType":"Other Identifier",
                "SecondaryIdDomain":"PDQ"
              },{
                "SecondaryId":"CDR0000068453",
                "SecondaryIdType":"Other Identifier",
                "SecondaryIdDomain":"PDQ"
              }
            ]
          },
          "Organization":{
            "OrgFullName":"Canadian Cancer Trials Group",
            "OrgClass":"NETWORK"
          },
          "BriefTitle":"Lurtotecan Liposome in Treating Patients With Advanced or Recurrent Ovarian Epithelial Cancer",
          "OfficialTitle":"Randomized Phase II Study Of NX 211 Given By Two Different Intravenous Schedules In Advanced And/Or Recurrent Epithelial Ovarian Cancer"
        },
        "StatusModule":{
          "StatusVerifiedDate":"April 2020",
          "OverallStatus":"Completed",
          "ExpandedAccessInfo":{
            "HasExpandedAccess":"No"
          },
          "StartDateStruct":{
            "StartDate":"October 31, 2000",
            "StartDateType":"Actual"
          },
          "PrimaryCompletionDateStruct":{
            "PrimaryCompletionDate":"October 22, 2002",
            "PrimaryCompletionDateType":"Actual"
          },
          "CompletionDateStruct":{
            "CompletionDate":"September 22, 2008",
            "CompletionDateType":"Actual"
          },
          "StudyFirstSubmitDate":"February 2, 2001",
          "StudyFirstSubmitQCDate":"February 25, 2004",
          "StudyFirstPostDateStruct":{
            "StudyFirstPostDate":"February 26, 2004",
            "StudyFirstPostDateType":"Estimate"
          },
          "LastUpdateSubmitDate":"April 2, 2020",
          "LastUpdatePostDateStruct":{
            "LastUpdatePostDate":"April 6, 2020",
            "LastUpdatePostDateType":"Actual"
          }
        },
        "SponsorCollaboratorsModule":{
          "ResponsibleParty":{
            "ResponsiblePartyType":"Sponsor"
          },
          "LeadSponsor":{
            "LeadSponsorName":"NCIC Clinical Trials Group",
            "LeadSponsorClass":"NETWORK"
          }
        },
        "OversightModule":{
          "OversightHasDMC":"Yes",
          "IsFDARegulatedDrug":"No",
          "IsFDARegulatedDevice":"No"
        },
        "DescriptionModule":{
          "BriefSummary":"RATIONALE: Drugs used in chemotherapy use different ways to stop tumor cells from dividing so they stop growing of die.\n\nPURPOSE: Randomized phase II trial to compare the effectiveness of two treatment regimens of lurtotecan liposome in patients who have advanced or recurrent ovarian epithelial cancer, primary fallopian tube cancer, or peritoneal cancer that has been previously treated with chemotherapy.",
          "DetailedDescription":"OBJECTIVES: I. Compare the anti-tumor efficacy of two treatment schedules of lurtotecan liposome, in terms of clinical/radiological response and CA125 tumor marker, in patients with previously treated advanced or recurrent ovarian epithelial cancer. II. Compare the safety, pharmacokinetics, and possible pharmacokinetic/pharmacodynamic relationships of these treatment schedules in these patients. III. Compare the time to progression in patients treated with these treatment schedules.\n\nOUTLINE: This is a randomized, multicenter study. Patients are stratified according to time from last prior chemotherapy (less than 6 months vs 6 months or more) and number of prior chemotherapy regimens (1 vs 2). Patients are randomized to one of two treatment arms. Arm I: Patients receive lurtotecan liposome IV over 30 minutes on days 1-3. Arm II: Patients receive lurtotecan liposome IV over 30 minutes on days 1 and 8. Courses repeat every 3 weeks in the absence of disease progression or unacceptable toxicity. Patients achieving complete response (CR) receive 2 additional courses after documented CR. Patients achieving partial response (PR) receive 4 additional courses after documented PR or until disease progression at investigator's discretion. Patients with stable disease continue therapy for a maximum of 6 courses. Patients are followed at 4 weeks and then every 3 months until disease relapse or progression.\n\nPROJECTED ACCRUAL: A total of 40-74 patients (20-37 per treatment arm) will be accrued for this study within 10 months."
        },
        "ConditionsModule":{
          "ConditionList":{
            "Condition":[
              "Fallopian Tube Cancer",
              "Ovarian Cancer",
              "Peritoneal Cavity Cancer"
            ]
          },
          "KeywordList":{
            "Keyword":[
              "stage III ovarian epithelial cancer",
              "stage IV ovarian epithelial cancer",
              "recurrent ovarian epithelial cancer",
              "fallopian tube cancer",
              "peritoneal cavity cancer"
            ]
          }
        },
        "DesignModule":{
          "StudyType":"Interventional",
          "PhaseList":{
            "Phase":[
              "Phase 2"
            ]
          },
          "DesignInfo":{
            "DesignAllocation":"Randomized",
            "DesignInterventionModel":"Parallel Assignment",
            "DesignPrimaryPurpose":"Treatment",
            "DesignMaskingInfo":{
              "DesignMasking":"None (Open Label)"
            }
          },
          "EnrollmentInfo":{
            "EnrollmentCount":"81",
            "EnrollmentType":"Actual"
          }
        },
        "ArmsInterventionsModule":{
          "InterventionList":{
            "Intervention":[
              {
                "InterventionType":"Drug",
                "InterventionName":"lurtotecan liposome"
              }
            ]
          }
        },
        "EligibilityModule":{
          "EligibilityCriteria":"DISEASE CHARACTERISTICS: Histologically confirmed ovarian epithelial cancer Primary fallopian or peritoneal cancer allowed Clinically and/or radiologically documented advanced and/or recurrent disease At least one site of disease unidimensionally measurable: Minimum indicator lesion site as follows: At least 10 mm on spiral CT scan At least 20 mm on conventional CT scan At least 20 mm on chest x-ray or physical exam No recent prior radiotherapy to indicator lesion(s) Clear disease progression or new lesion within a previously irradiated field allowed Previously treated with one or two chemotherapy regimens At least one regimen must have contained cisplatin or carboplatin (changing from one prior platinum compound to another for disease progression or failure to respond is considered a second regimen) Use of same prior chemotherapy combination for first-line and second-line therapy is considered two regimens No borderline ovarian tumor No ascites as only disease presentation No abdominal adenocarcinoma of unknown origin No symptomatic brain metastasis that are potentially life-threatening or require active treatment\n\nPATIENT CHARACTERISTICS: Age: 18 and over Performance status: ECOG 0-2 Life expectancy: At least 12 weeks Hematopoietic: Absolute granulocyte count at least 1,500/mm3 Platelet count at least 100,000/mm3 Hepatic: Bilirubin no greater than upper limit of normal (ULN) AST/ALT no greater than 2.5 times ULN Renal: Creatinine no greater than 1.5 times ULN Other: No other prior malignancy within the past 5 years unless definitively treated with no evidence of recurrence No known hypersensitivity to systemic liposomal formulations or drugs chemically related to study drug No other serious illness or medical condition that would preclude study No active uncontrolled infection No complete bowel obstruction No history of significant neurologic or psychiatric disorder that would preclude informed consent Not pregnant or nursing Negative pregnancy test Fertile patients must use effective contraception\n\nPRIOR CONCURRENT THERAPY: Biologic therapy: Not specified Chemotherapy: See Disease Characteristics At least 4 weeks since prior chemotherapy (6 weeks for mitomycin or nitrosourea) and recovered No prior topotecan or other topoisomerase-I inhibitor No other concurrent cytotoxic therapy for ovarian cancer Endocrine therapy: No concurrent hormonal therapy for ovarian cancer Radiotherapy: See Disease Characteristics Recovered from prior radiotherapy At least 4 weeks since prior radiotherapy to area comprising at least 25% of bone marrow stores Surgery: At least 4 weeks since prior major surgery and recovered Other: At least 30 days since prior investigational agent or new anticancer therapy No other concurrent investigational therapy",
          "HealthyVolunteers":"No",
          "Gender":"Female",
          "MinimumAge":"18 Years",
          "MaximumAge":"120 Years",
          "StdAgeList":{
            "StdAge":[
              "Adult",
              "Older Adult"
            ]
          }
        },
        "ContactsLocationsModule":{
          "OverallOfficialList":{
            "OverallOfficial":[
              {
                "OverallOfficialName":"Robert N. Grimshaw, MD",
                "OverallOfficialAffiliation":"Nova Scotia Cancer Centre",
                "OverallOfficialRole":"Study Chair"
              }
            ]
          },
          "LocationList":{
            "Location":[
              {
                "LocationFacility":"Tom Baker Cancer Center - Calgary",
                "LocationCity":"Calgary",
                "LocationState":"Alberta",
                "LocationZip":"T2N 4N2",
                "LocationCountry":"Canada"
              },{
                "LocationFacility":"BCCC - Cancer Center for the Southern Interior",
                "LocationCity":"Kelowna",
                "LocationState":"British Columbia",
                "LocationZip":"V1Y 5L3",
                "LocationCountry":"Canada"
              },{
                "LocationFacility":"British Columbia Cancer Agency",
                "LocationCity":"Vancouver",
                "LocationState":"British Columbia",
                "LocationZip":"V5Z 4E6",
                "LocationCountry":"Canada"
              },{
                "LocationFacility":"CancerCare Manitoba",
                "LocationCity":"Winnipeg",
                "LocationState":"Manitoba",
                "LocationZip":"R3E 0V9",
                "LocationCountry":"Canada"
              },{
                "LocationFacility":"Nova Scotia Cancer Centre",
                "LocationCity":"Halifax",
                "LocationState":"Nova Scotia",
                "LocationZip":"B3H 1V7",
                "LocationCountry":"Canada"
              },{
                "LocationFacility":"Queen's University",
                "LocationCity":"Kingston",
                "LocationState":"Ontario",
                "LocationZip":"K7L 3N6",
                "LocationCountry":"Canada"
              },{
                "LocationFacility":"Royal Victoria Hospital - Montreal",
                "LocationCity":"Montreal",
                "LocationState":"Quebec",
                "LocationZip":"H3A 1A1",
                "LocationCountry":"Canada"
              },{
                "LocationFacility":"Royal University Hospital",
                "LocationCity":"Saskatoon",
                "LocationState":"Saskatchewan",
                "LocationZip":"S7N 0XO",
                "LocationCountry":"Canada"
              },{
                "LocationFacility":"City Hospital NHS Trust",
                "LocationCity":"Birmingham",
                "LocationState":"England",
                "LocationZip":"B18 7QH",
                "LocationCountry":"United Kingdom"
              },{
                "LocationFacility":"Royal Marsden NHS Trust",
                "LocationCity":"London",
                "LocationState":"England",
                "LocationZip":"SW3 6JJ",
                "LocationCountry":"United Kingdom"
              },{
                "LocationFacility":"Christie Hospital N.H.S. Trust",
                "LocationCity":"Manchester",
                "LocationState":"England",
                "LocationZip":"M20 4BX",
                "LocationCountry":"United Kingdom"
              },{
                "LocationFacility":"Newcastle General Hospital",
                "LocationCity":"Newcastle Upon Tyne",
                "LocationState":"England",
                "LocationZip":"NE4 6BE",
                "LocationCountry":"United Kingdom"
              },{
                "LocationFacility":"Weston Park Hospital",
                "LocationCity":"Sheffield",
                "LocationState":"England",
                "LocationZip":"S1O 2SJ",
                "LocationCountry":"United Kingdom"
              },{
                "LocationFacility":"Beatson Oncology Centre",
                "LocationCity":"Glasgow",
                "LocationState":"Scotland",
                "LocationZip":"G11 6NT",
                "LocationCountry":"United Kingdom"
              }
            ]
          }
        },
        "ReferencesModule":{
          "ReferenceList":{
            "Reference":[
              {
                "ReferencePMID":"15699482",
                "ReferenceType":"result",
                "ReferenceCitation":"Dark GG, Calvert AH, Grimshaw R, Poole C, Swenerton K, Kaye S, Coleman R, Jayson G, Le T, Ellard S, Trudeau M, Vasey P, Hamilton M, Cameron T, Barrett E, Walsh W, McIntosh L, Eisenhauer EA. Randomized trial of two intravenous schedules of the topoisomerase I inhibitor liposomal lurtotecan in women with relapsed epithelial ovarian cancer: a trial of the national cancer institute of Canada clinical trials group. J Clin Oncol. 2005 Mar 20;23(9):1859-66. Epub 2005 Feb 7."
              },{
                "ReferenceType":"result",
                "ReferenceCitation":"Calvert AH, Grimshaw R, Poole C, et al.: Randomized phase II trial of two intravenous schedules of the liposomal topoisomerase I inhibitor, NX211, in women with relapsed epithelial ovarian cancer (OVCA): an NCIC CTG study. [Abstract] Proceedings of the American Society of Clinical Oncology 21: A-830, 2002."
              },{
                "ReferenceType":"result",
                "ReferenceCitation":"Wolf J, Hamilton M, Eisenhauer E, et al.: Pharmacokinetics of NX211 (liposomal lurtotecan) using a limited sampling model in a phase II trial of patients with ovarian cancer. [Abstract] Proceedings of the American Society of Clinical Oncology 21: A-485, 2002."
              }
            ]
          }
        },
        "IPDSharingStatementModule":{
          "IPDSharing":"No"
        }
      },
      "DerivedSection":{
        "MiscInfoModule":{
          "VersionHolder":"April 19, 2021"
        },
        "ConditionBrowseModule":{
          "ConditionMeshList":{
            "ConditionMesh":[
              {
                "ConditionMeshId":"D000010051",
                "ConditionMeshTerm":"Ovarian Neoplasms"
              },{
                "ConditionMeshId":"D000077216",
                "ConditionMeshTerm":"Carcinoma, Ovarian Epithelial"
              },{
                "ConditionMeshId":"D000005185",
                "ConditionMeshTerm":"Fallopian Tube Neoplasms"
              }
            ]
          },
          "ConditionAncestorList":{
            "ConditionAncestor":[
              {
                "ConditionAncestorId":"D000004701",
                "ConditionAncestorTerm":"Endocrine Gland Neoplasms"
              },{
                "ConditionAncestorId":"D000009371",
                "ConditionAncestorTerm":"Neoplasms by Site"
              },{
                "ConditionAncestorId":"D000009369",
                "ConditionAncestorTerm":"Neoplasms"
              },{
                "ConditionAncestorId":"D000010049",
                "ConditionAncestorTerm":"Ovarian Diseases"
              },{
                "ConditionAncestorId":"D000000291",
                "ConditionAncestorTerm":"Adnexal Diseases"
              },{
                "ConditionAncestorId":"D000005833",
                "ConditionAncestorTerm":"Genital Neoplasms, Female"
              },{
                "ConditionAncestorId":"D000014565",
                "ConditionAncestorTerm":"Urogenital Neoplasms"
              },{
                "ConditionAncestorId":"D000004700",
                "ConditionAncestorTerm":"Endocrine System Diseases"
              },{
                "ConditionAncestorId":"D000006058",
                "ConditionAncestorTerm":"Gonadal Disorders"
              },{
                "ConditionAncestorId":"D000002277",
                "ConditionAncestorTerm":"Carcinoma"
              },{
                "ConditionAncestorId":"D000009375",
                "ConditionAncestorTerm":"Neoplasms, Glandular and Epithelial"
              },{
                "ConditionAncestorId":"D000009370",
                "ConditionAncestorTerm":"Neoplasms by Histologic Type"
              },{
                "ConditionAncestorId":"D000005184",
                "ConditionAncestorTerm":"Fallopian Tube Diseases"
              }
            ]
          },
          "ConditionBrowseLeafList":{
            "ConditionBrowseLeaf":[
              {
                "ConditionBrowseLeafId":"M11557",
                "ConditionBrowseLeafName":"Ovarian Neoplasms",
                "ConditionBrowseLeafAsFound":"Ovarian Cancer",
                "ConditionBrowseLeafRelevance":"high"
              },{
                "ConditionBrowseLeafId":"M1704",
                "ConditionBrowseLeafName":"Carcinoma, Ovarian Epithelial",
                "ConditionBrowseLeafAsFound":"Ovarian Cancer",
                "ConditionBrowseLeafRelevance":"high"
              },{
                "ConditionBrowseLeafId":"M4116",
                "ConditionBrowseLeafName":"Carcinoma",
                "ConditionBrowseLeafRelevance":"low"
              },{
                "ConditionBrowseLeafId":"M6911",
                "ConditionBrowseLeafName":"Fallopian Tube Neoplasms",
                "ConditionBrowseLeafAsFound":"Fallopian Tube Cancer",
                "ConditionBrowseLeafRelevance":"high"
              },{
                "ConditionBrowseLeafId":"M6446",
                "ConditionBrowseLeafName":"Endocrine Gland Neoplasms",
                "ConditionBrowseLeafRelevance":"low"
              },{
                "ConditionBrowseLeafId":"M11555",
                "ConditionBrowseLeafName":"Ovarian Diseases",
                "ConditionBrowseLeafRelevance":"low"
              },{
                "ConditionBrowseLeafId":"M2224",
                "ConditionBrowseLeafName":"Adnexal Diseases",
                "ConditionBrowseLeafRelevance":"low"
              },{
                "ConditionBrowseLeafId":"M7528",
                "ConditionBrowseLeafName":"Genital Neoplasms, Female",
                "ConditionBrowseLeafRelevance":"low"
              },{
                "ConditionBrowseLeafId":"M15898",
                "ConditionBrowseLeafName":"Urogenital Neoplasms",
                "ConditionBrowseLeafRelevance":"low"
              },{
                "ConditionBrowseLeafId":"M6445",
                "ConditionBrowseLeafName":"Endocrine System Diseases",
                "ConditionBrowseLeafRelevance":"low"
              },{
                "ConditionBrowseLeafId":"M7746",
                "ConditionBrowseLeafName":"Gonadal Disorders",
                "ConditionBrowseLeafRelevance":"low"
              },{
                "ConditionBrowseLeafId":"M10903",
                "ConditionBrowseLeafName":"Neoplasms, Glandular and Epithelial",
                "ConditionBrowseLeafRelevance":"low"
              },{
                "ConditionBrowseLeafId":"M10898",
                "ConditionBrowseLeafName":"Neoplasms by Histologic Type",
                "ConditionBrowseLeafRelevance":"low"
              },{
                "ConditionBrowseLeafId":"M6910",
                "ConditionBrowseLeafName":"Fallopian Tube Diseases",
                "ConditionBrowseLeafRelevance":"low"
              },{
                "ConditionBrowseLeafId":"T4352",
                "ConditionBrowseLeafName":"Ovarian Cancer",
                "ConditionBrowseLeafAsFound":"Ovarian Cancer",
                "ConditionBrowseLeafRelevance":"high"
              },{
                "ConditionBrowseLeafId":"T2189",
                "ConditionBrowseLeafName":"Fallopian Tube Cancer",
                "ConditionBrowseLeafAsFound":"Fallopian Tube Cancer",
                "ConditionBrowseLeafRelevance":"high"
              },{
                "ConditionBrowseLeafId":"T4354",
                "ConditionBrowseLeafName":"Ovarian Epithelial Cancer",
                "ConditionBrowseLeafAsFound":"Ovarian epithelial cancer",
                "ConditionBrowseLeafRelevance":"high"
              }
            ]
          },
          "ConditionBrowseBranchList":{
            "ConditionBrowseBranch":[
              {
                "ConditionBrowseBranchAbbrev":"BC04",
                "ConditionBrowseBranchName":"Cancers and Other Neoplasms"
              },{
                "ConditionBrowseBranchAbbrev":"BXS",
                "ConditionBrowseBranchName":"Urinary Tract, Sexual Organs, and Pregnancy Conditions"
              },{
                "ConditionBrowseBranchAbbrev":"BC19",
                "ConditionBrowseBranchName":"Gland and Hormone Related Diseases"
              },{
                "ConditionBrowseBranchAbbrev":"All",
                "ConditionBrowseBranchName":"All Conditions"
              },{
                "ConditionBrowseBranchAbbrev":"Rare",
                "ConditionBrowseBranchName":"Rare Diseases"
              }
            ]
          }
        },
        "InterventionBrowseModule":{
          "InterventionMeshList":{
            "InterventionMesh":[
              {
                "InterventionMeshId":"C000091719",
                "InterventionMeshTerm":"Lurtotecan"
              }
            ]
          },
          "InterventionAncestorList":{
            "InterventionAncestor":[
              {
                "InterventionAncestorId":"D000000970",
                "InterventionAncestorTerm":"Antineoplastic Agents"
              }
            ]
          },
          "InterventionBrowseLeafList":{
            "InterventionBrowseLeaf":[
              {
                "InterventionBrowseLeafId":"M215331",
                "InterventionBrowseLeafName":"Lurtotecan",
                "InterventionBrowseLeafAsFound":"Microinjection",
                "InterventionBrowseLeafRelevance":"high"
              }
            ]
          },
          "InterventionBrowseBranchList":{
            "InterventionBrowseBranch":[
              {
                "InterventionBrowseBranchAbbrev":"ANeo",
                "InterventionBrowseBranchName":"Antineoplastic Agents"
              },{
                "InterventionBrowseBranchAbbrev":"All",
                "InterventionBrowseBranchName":"All Drugs and Chemicals"
              }
            ]
          }
        }
      }
    }
  }
}

