{
  "FullStudy":{
    "Rank":368482,
    "Study":{
      "ProtocolSection":{
        "IdentificationModule":{
          "NCTId":"NCT00015873",
          "OrgStudyIdInfo":{
            "OrgStudyId":"CDR0000068529"
          },
          "SecondaryIdInfoList":{
            "SecondaryIdInfo":[
              {
                "SecondaryId":"ICU-INTERFANT99"
              },{
                "SecondaryId":"UKCCSG-LK-1999-05"
              },{
                "SecondaryId":"EU-20063"
              },{
                "SecondaryId":"EU-20588"
              }
            ]
          },
          "Organization":{
            "OrgFullName":"Dutch Childhood Oncology Group",
            "OrgClass":"OTHER"
          },
          "BriefTitle":"Comparison of Different Combination Chemotherapy Regimens in Treating Infants With Acute Lymphoblastic Leukemia",
          "OfficialTitle":"International Collaborative Treatment Protocol for Infants Under One Year With Acute Lymphoblastic Leukemia"
        },
        "StatusModule":{
          "StatusVerifiedDate":"February 2014",
          "OverallStatus":"Completed",
          "ExpandedAccessInfo":{
            "HasExpandedAccess":"No"
          },
          "StartDateStruct":{
            "StartDate":"May 1999"
          },
          "PrimaryCompletionDateStruct":{
            "PrimaryCompletionDate":"February 2006",
            "PrimaryCompletionDateType":"Actual"
          },
          "CompletionDateStruct":{
            "CompletionDate":"December 2009",
            "CompletionDateType":"Actual"
          },
          "StudyFirstSubmitDate":"May 6, 2001",
          "StudyFirstSubmitQCDate":"January 26, 2003",
          "StudyFirstPostDateStruct":{
            "StudyFirstPostDate":"January 27, 2003",
            "StudyFirstPostDateType":"Estimate"
          },
          "LastUpdateSubmitDate":"February 14, 2014",
          "LastUpdatePostDateStruct":{
            "LastUpdatePostDate":"February 17, 2014",
            "LastUpdatePostDateType":"Estimate"
          }
        },
        "SponsorCollaboratorsModule":{
          "ResponsibleParty":{
            "ResponsiblePartyType":"Sponsor"
          },
          "LeadSponsor":{
            "LeadSponsorName":"Dutch Childhood Oncology Group",
            "LeadSponsorClass":"OTHER"
          }
        },
        "OversightModule":{
          "OversightHasDMC":"Yes"
        },
        "DescriptionModule":{
          "BriefSummary":"RATIONALE: Drugs used in chemotherapy use different ways to stop cancer cells from dividing so they stop growing or die. Combining more than one drug may kill more cancer cells. It is not yet known which combination chemotherapy regimen is most effective for treating infants with acute lymphoblastic leukemia.\n\nPURPOSE: Randomized phase III trial to compare the effectiveness of different combination chemotherapy regimens in treating infants who have newly diagnosed acute lymphoblastic leukemia.",
          "DetailedDescription":"OBJECTIVES:\n\nDetermine the outcome of induction chemotherapy followed by consolidation and reinduction chemotherapy with or without late intensification chemotherapy followed by a maintenance regimen or allogeneic bone marrow transplantation in infants with newly diagnosed acute lymphoblastic leukemia.\nDetermine the value of a late intensification course between reinduction and maintenance therapy in these patients.\nDetermine the prognostic value of age, immunophenotype, WBC, day 15 bone marrow status, and MLL gene rearrangement in patients treated with these regimens.\n\nOUTLINE: This is a partially randomized, multicenter study. Patients are stratified according to risk (high vs standard).\n\nPatients receive induction therapy comprising prednisone orally or IV three times a day on days 1-7; dexamethasone orally or IV three times a day on days 8-35; vincristine IV on days 8, 16, 22, and 30; cytarabine IV over 30 minutes on days 8-21; daunorubicin IV over 60 minutes on days 8 and 9; asparaginase IV over 1 hour or intramuscularly (IM) on days 15, 18, 22, 25, 29, and 33; methotrexate intrathecally (IT) on days 1 and 29; and cytarabine IT on day 15. Patients receive prednisolone IT in combination with any dose of intrathecal chemotherapy. Patients with CNS involvement receive additional doses of methotrexate IT on days 8 and 22 and then weekly after day 29 until there is no evidence of CNS leukemia.\n\nAfter achieving complete remission, patients receive MARAM chemotherapy comprising oral mercaptopurine daily on days 1-14; methotrexate IV over 24 hours on days 1 and 8; leucovorin calcium orally or IV 36, 42, and 48 hours after beginning each dose of oral methotrexate; methotrexate IT on days 2 and 9; cytarabine IV over 3 hours twice daily on days 15, 16, 22, and 23; and asparaginase IV over 1 hour or IM on days 16 and 23. Patients receive prednisolone IT in combination with any dose of intrathecal methotrexate.\n\nAt least 2 weeks after the completion of MARAM chemotherapy, patients receive OCTADD chemotherapy comprising oral dexamethasone three times a day on days 1-21; oral thioguanine daily on days 1-28 and 36-49; vincristine IV on days 2, 8, 16, and 22; daunorubicin IV over 60 minutes on days 1, 8, 15, and 22; cytarabine IV on days 2-5, 9-12, 16-19, 23-26, 37-40, and 45-48; cytarabine IT on days 1 and 15; and cyclophosphamide IV over 1 hour on days 36 and 49. Patients receive prednisolone IT in combination with any dose of intrathecal methotrexate.\n\nPatients are randomized to one of two treatment arms for late intensification therapy.\n\nArm I: Beginning at least 1 week after the completion of OCTADD chemotherapy, patients receive VIMARAM chemotherapy comprising vincristine IV on days 1, 8, 15, and 22; oral mercaptopurine daily on days 1-14; methotrexate IV over 24 hours on days 1 and 8; leucovorin calcium orally or IV 36, 42, and 48 hours after the beginning of each dose of oral methotrexate; methotrexate IT on days 2 and 9; cytarabine IV over 3 hours twice daily on days 15, 16, 22, and 23; and asparaginase IV over 1 hour or IM on days 16 and 23. Patients receive prednisolone IT in combination with any dose of intrathecal methotrexate. Patients then receive the appropriate maintenance therapy.\nArm II: Patients do not receive VIMARAM chemotherapy but receive appropriate maintenance therapy.\n\nAt least 2 weeks after the completion of the last course of chemotherapy, patients receive maintenance therapy. Patients with a good response to initial therapy with prednisone receive maintenance therapy comprising oral dexamethasone three times daily on weeks 1 and 2; vincristine IV on day 2 of weeks 1 and 2; oral mercaptopurine daily on weeks 1-14; and oral methotrexate once weekly on weeks 1-14.\n\nPatients with a poor response to initial therapy with prednisone receive maintenance therapy comprising oral mercaptopurine daily for weeks 1-14; oral methotrexate once weekly for weeks 1-14; oral dexamethasone three times daily for weeks 1 and 2; vincristine IV on day 2 of weeks 1 and 2; etoposide IV over 2 hours once weekly on weeks 8 and 9; and cytarabine IV over 1 hour once weekly on weeks 8 and 9.\n\nTreatment repeats in both maintenance therapy regimens every 14 weeks for a total of 3 courses. Patients also receive methotrexate IT on day 1 of the first and third course of therapy and cytarabine IT on day 1 of the second course of therapy. Patients receive prednisolone IT in combination with any dose of intrathecal chemotherapy.\n\nBeginning after the completion of maintenance therapy, all patients receive continuing maintenance therapy comprising oral mercaptopurine daily and oral methotrexate once a week. Treatment continues until 104 weeks after initial diagnosis.\n\nPatients with a poor response to initial therapy with prednisone may receive allogeneic bone marrow transplantation if a donor is available. The patient undergoes transplantation immediately after OCTADD chemotherapy rather than being randomized and receiving maintenance therapy. These patients receive conditioning regimen comprising oral busulfan four times a day on days -8 to -5, etoposide IV over 4 hours on day -4, methotrexate IT on day -3, and cyclophosphamide IV over 1 hour on days -3 and -2. Allogenic bone marrow is transplanted on day 0. Patients then receive cyclosporine orally or IV on days 1-180 as graft-versus-host disease prophylaxis.\n\nPatients are followed annually.\n\nPROJECTED ACCRUAL: A total of 350 patients will be accrued for this study within 5 years."
        },
        "ConditionsModule":{
          "ConditionList":{
            "Condition":[
              "Leukemia"
            ]
          },
          "KeywordList":{
            "Keyword":[
              "untreated childhood acute lymphoblastic leukemia"
            ]
          }
        },
        "DesignModule":{
          "StudyType":"Interventional",
          "PhaseList":{
            "Phase":[
              "Phase 3"
            ]
          },
          "DesignInfo":{
            "DesignAllocation":"Randomized",
            "DesignInterventionModel":"Parallel Assignment",
            "DesignPrimaryPurpose":"Treatment",
            "DesignMaskingInfo":{
              "DesignMasking":"None (Open Label)"
            }
          },
          "EnrollmentInfo":{
            "EnrollmentCount":"350",
            "EnrollmentType":"Anticipated"
          }
        },
        "ArmsInterventionsModule":{
          "ArmGroupList":{
            "ArmGroup":[
              {
                "ArmGroupLabel":"A no VIMARAM",
                "ArmGroupType":"No Intervention",
                "ArmGroupDescription":"No VIMARAM preceding maintenance treatment"
              },{
                "ArmGroupLabel":"B - VIMARAM",
                "ArmGroupType":"Experimental",
                "ArmGroupDescription":"VCR i.v. 1.5 mg/m2/d - 4 days 6-MP p.o. 25 mg/m2/d - 15 days HD-MTX p.i.(24hr) 5 g/m2 - 2 days MTX + pred I.T. (age adapted) - 2 days HD-Ara-C p.i (3hr) 3 g/m2/12 hrs -8 days L-ASP p.i. (1hr) 5.000 U/m2 - 2 days",
                "ArmGroupInterventionList":{
                  "ArmGroupInterventionName":[
                    "Drug: asparaginase",
                    "Drug: cytarabine",
                    "Drug: mercaptopurine",
                    "Drug: methotrexate",
                    "Drug: prednisolone",
                    "Drug: vincristine sulfate"
                  ]
                }
              }
            ]
          },
          "InterventionList":{
            "Intervention":[
              {
                "InterventionType":"Drug",
                "InterventionName":"asparaginase",
                "InterventionArmGroupLabelList":{
                  "InterventionArmGroupLabel":[
                    "B - VIMARAM"
                  ]
                }
              },{
                "InterventionType":"Drug",
                "InterventionName":"cytarabine",
                "InterventionArmGroupLabelList":{
                  "InterventionArmGroupLabel":[
                    "B - VIMARAM"
                  ]
                }
              },{
                "InterventionType":"Drug",
                "InterventionName":"mercaptopurine",
                "InterventionArmGroupLabelList":{
                  "InterventionArmGroupLabel":[
                    "B - VIMARAM"
                  ]
                }
              },{
                "InterventionType":"Drug",
                "InterventionName":"methotrexate",
                "InterventionArmGroupLabelList":{
                  "InterventionArmGroupLabel":[
                    "B - VIMARAM"
                  ]
                }
              },{
                "InterventionType":"Drug",
                "InterventionName":"prednisolone",
                "InterventionArmGroupLabelList":{
                  "InterventionArmGroupLabel":[
                    "B - VIMARAM"
                  ]
                }
              },{
                "InterventionType":"Drug",
                "InterventionName":"vincristine sulfate",
                "InterventionArmGroupLabelList":{
                  "InterventionArmGroupLabel":[
                    "B - VIMARAM"
                  ]
                }
              }
            ]
          }
        },
        "OutcomesModule":{
          "PrimaryOutcomeList":{
            "PrimaryOutcome":[
              {
                "PrimaryOutcomeMeasure":"Event-free survival at 3-4 years after diagnosis",
                "PrimaryOutcomeDescription":"Event-free survival",
                "PrimaryOutcomeTimeFrame":"4 years after diagnosis"
              }
            ]
          }
        },
        "EligibilityModule":{
          "EligibilityCriteria":"DISEASE CHARACTERISTICS:\n\nDiagnosis of acute lymphoblastic leukemia (ALL)\n\nNewly diagnosed\nMorphological verification by cytochemistry and immunophenotyping\nCNS or testicular leukemia at diagnosis allowed\nTrisomy 21 allowed\n\nPATIENT CHARACTERISTICS:\n\nAge:\n\n365 days or less\n\nPerformance status:\n\nNot specified\n\nLife expectancy:\n\nNot specified\n\nHematopoietic:\n\nNot specified\n\nHepatic:\n\nNot specified\n\nRenal:\n\nNot specified\n\nPRIOR CONCURRENT THERAPY:\n\nBiologic therapy:\n\nNot specified\n\nChemotherapy:\n\nNo prior chemotherapy for leukemia\n\nEndocrine therapy:\n\nAt least 4 weeks since prior systemic corticosteroids\nPrior inhaled steroids allowed\n\nRadiotherapy:\n\nNo prior radiotherapy for leukemia\n\nSurgery:\n\nNot specified",
          "HealthyVolunteers":"No",
          "Gender":"All",
          "MaximumAge":"1 Year",
          "StdAgeList":{
            "StdAge":[
              "Child"
            ]
          }
        },
        "ContactsLocationsModule":{
          "OverallOfficialList":{
            "OverallOfficial":[
              {
                "OverallOfficialName":"Rob Pieters, MD, MSC, PhD",
                "OverallOfficialAffiliation":"Erasmus MC - Sophia Children's Hospital",
                "OverallOfficialRole":"Study Chair"
              }
            ]
          },
          "LocationList":{
            "Location":[
              {
                "LocationFacility":"Dana-Farber/Harvard Cancer Center at Dana Farber Cancer Institute",
                "LocationCity":"Boston",
                "LocationState":"Massachusetts",
                "LocationZip":"02115",
                "LocationCountry":"United States"
              },{
                "LocationFacility":"St. Jude Children's Research Hospital",
                "LocationCity":"Memphis",
                "LocationState":"Tennessee",
                "LocationZip":"38105",
                "LocationCountry":"United States"
              },{
                "LocationFacility":"St. Anna Children's Hospital",
                "LocationCity":"Vienna",
                "LocationZip":"A-1090",
                "LocationCountry":"Austria"
              },{
                "LocationFacility":"Hopital Universitaire Des Enfants Reine Fabiola",
                "LocationCity":"Brussels",
                "LocationZip":"1020",
                "LocationCountry":"Belgium"
              },{
                "LocationFacility":"University Hospital Motol",
                "LocationCity":"Prague",
                "LocationZip":"150 06",
                "LocationCountry":"Czech Republic"
              },{
                "LocationFacility":"Hopital Saint-Louis",
                "LocationCity":"Paris",
                "LocationZip":"75475",
                "LocationCountry":"France"
              },{
                "LocationFacility":"University Medical Center Hamburg - Eppendorf",
                "LocationCity":"Hamburg",
                "LocationZip":"D-20246",
                "LocationCountry":"Germany"
              },{
                "LocationFacility":"Medizinische Hochschule Hannover",
                "LocationCity":"Hannover",
                "LocationZip":"D-30625",
                "LocationCountry":"Germany"
              },{
                "LocationFacility":"Our Lady's Hospital for Sick Children Crumlin",
                "LocationCity":"Dublin",
                "LocationZip":"12",
                "LocationCountry":"Ireland"
              },{
                "LocationFacility":"Nuovo Ospedale San Gerardo at University of Milano-Bicocca",
                "LocationCity":"Monza",
                "LocationZip":"20052",
                "LocationCountry":"Italy"
              },{
                "LocationFacility":"Ospedale San Gerardo",
                "LocationCity":"Monza",
                "LocationZip":"20052",
                "LocationCountry":"Italy"
              },{
                "LocationFacility":"Erasmus MC - Sophia Children's Hospital",
                "LocationCity":"Rotterdam",
                "LocationZip":"3015 GJ",
                "LocationCountry":"Netherlands"
              },{
                "LocationFacility":"Ostra Sjukhuset",
                "LocationCity":"Gothenburg",
                "LocationZip":"41685",
                "LocationCountry":"Sweden"
              },{
                "LocationFacility":"Birmingham Children's Hospital",
                "LocationCity":"Birmingham",
                "LocationState":"England",
                "LocationZip":"B4 6NH",
                "LocationCountry":"United Kingdom"
              },{
                "LocationFacility":"Institute of Child Health at University of Bristol",
                "LocationCity":"Bristol",
                "LocationState":"England",
                "LocationZip":"BS2 8AE",
                "LocationCountry":"United Kingdom"
              },{
                "LocationFacility":"Addenbrooke's Hospital at Cambridge University Hospitals NHS Foundation Trust",
                "LocationCity":"Cambridge",
                "LocationState":"England",
                "LocationZip":"CB2 2QQ",
                "LocationCountry":"United Kingdom"
              },{
                "LocationFacility":"Leeds Cancer Centre at St. James's University Hospital",
                "LocationCity":"Leeds",
                "LocationState":"England",
                "LocationZip":"LS9 7TF",
                "LocationCountry":"United Kingdom"
              },{
                "LocationFacility":"Leicester Royal Infirmary",
                "LocationCity":"Leicester",
                "LocationState":"England",
                "LocationZip":"LE1 5WW",
                "LocationCountry":"United Kingdom"
              },{
                "LocationFacility":"Royal Liverpool Children's Hospital, Alder Hey",
                "LocationCity":"Liverpool",
                "LocationState":"England",
                "LocationZip":"L12 2AP",
                "LocationCountry":"United Kingdom"
              },{
                "LocationFacility":"Royal London Hospital",
                "LocationCity":"London",
                "LocationState":"England",
                "LocationZip":"E1 1BB",
                "LocationCountry":"United Kingdom"
              },{
                "LocationFacility":"Great Ormond Street Hospital for Children NHS Trust",
                "LocationCity":"London",
                "LocationState":"England",
                "LocationZip":"WC1N 3JH",
                "LocationCountry":"United Kingdom"
              },{
                "LocationFacility":"Central Manchester and Manchester Children's University Hospitals NHS Trust",
                "LocationCity":"Manchester",
                "LocationState":"England",
                "LocationZip":"M27 4HA",
                "LocationCountry":"United Kingdom"
              },{
                "LocationFacility":"Sir James Spence Institute of Child Health",
                "LocationCity":"Newcastle-Upon-Tyne",
                "LocationState":"England",
                "LocationZip":"NE1 4LP",
                "LocationCountry":"United Kingdom"
              },{
                "LocationFacility":"Queen's Medical Centre",
                "LocationCity":"Nottingham",
                "LocationState":"England",
                "LocationZip":"NG7 2UH",
                "LocationCountry":"United Kingdom"
              },{
                "LocationFacility":"Oxford Radcliffe Hospital",
                "LocationCity":"Oxford",
                "LocationState":"England",
                "LocationZip":"0X3 9DU",
                "LocationCountry":"United Kingdom"
              },{
                "LocationFacility":"Children's Hospital - Sheffield",
                "LocationCity":"Sheffield",
                "LocationState":"England",
                "LocationZip":"S10 2TH",
                "LocationCountry":"United Kingdom"
              },{
                "LocationFacility":"Southampton University Hospital NHS Trust",
                "LocationCity":"Southampton",
                "LocationState":"England",
                "LocationZip":"SO16 6YD",
                "LocationCountry":"United Kingdom"
              },{
                "LocationFacility":"Royal Marsden NHS Foundation Trust - Surrey",
                "LocationCity":"Sutton",
                "LocationState":"England",
                "LocationZip":"SM2 5PT",
                "LocationCountry":"United Kingdom"
              },{
                "LocationFacility":"Royal Belfast Hospital for Sick Children",
                "LocationCity":"Belfast",
                "LocationState":"Northern Ireland",
                "LocationZip":"BT12 6BE",
                "LocationCountry":"United Kingdom"
              },{
                "LocationFacility":"Royal Aberdeen Children's Hospital",
                "LocationCity":"Aberdeen",
                "LocationState":"Scotland",
                "LocationZip":"AB25 2ZG",
                "LocationCountry":"United Kingdom"
              },{
                "LocationFacility":"Royal Hospital for Sick Children",
                "LocationCity":"Edinburgh",
                "LocationState":"Scotland",
                "LocationZip":"EH9 1LF",
                "LocationCountry":"United Kingdom"
              },{
                "LocationFacility":"Royal Hospital for Sick Children",
                "LocationCity":"Glasgow",
                "LocationState":"Scotland",
                "LocationZip":"G3 8SJ",
                "LocationCountry":"United Kingdom"
              },{
                "LocationFacility":"Childrens Hospital for Wales",
                "LocationCity":"Cardiff",
                "LocationState":"Wales",
                "LocationZip":"CF14 4XW",
                "LocationCountry":"United Kingdom"
              }
            ]
          }
        },
        "ReferencesModule":{
          "ReferenceList":{
            "Reference":[
              {
                "ReferencePMID":"19731319",
                "ReferenceType":"result",
                "ReferenceCitation":"Hempel G, Relling MV, de Rossi G, Stary J, De Lorenzo P, Valsecchi MG, Barisone E, Boos J, Pieters R. Pharmacokinetics of daunorubicin and daunorubicinol in infants with leukemia treated in the interfant 99 protocol. Pediatr Blood Cancer. 2010 Mar;54(3):355-60. doi: 10.1002/pbc.22266."
              },{
                "ReferencePMID":"20592248",
                "ReferenceType":"result",
                "ReferenceCitation":"Mann G, Attarbaschi A, Schrappe M, De Lorenzo P, Peters C, Hann I, De Rossi G, Felice M, Lausen B, Leblanc T, Szczepanski T, Ferster A, Janka-Schaub G, Rubnitz J, Silverman LB, Stary J, Campbell M, Li CK, Suppiah R, Biondi A, Vora A, Valsecchi MG, Pieters R; Interfant-99 Study Group. Improved outcome with hematopoietic stem cell transplantation in a poor prognostic subgroup of infants with mixed-lineage-leukemia (MLL)-rearranged acute lymphoblastic leukemia: results from the Interfant-99 Study. Blood. 2010 Oct 14;116(15):2644-50. doi: 10.1182/blood-2010-03-273532. Epub 2010 Jun 30."
              },{
                "ReferencePMID":"19132729",
                "ReferenceType":"result",
                "ReferenceCitation":"Lönnerholm G, Valsecchi MG, De Lorenzo P, Schrappe M, Hovi L, Campbell M, Mann G, Janka-Schaub G, Li CK, Stary J, Hann I, Pieters R; Interfant-99 study group. Pharmacokinetics of high-dose methotrexate in infants treated for acute lymphoblastic leukemia. Pediatr Blood Cancer. 2009 May;52(5):596-601. doi: 10.1002/pbc.21925."
              },{
                "ReferencePMID":"19657114",
                "ReferenceType":"result",
                "ReferenceCitation":"van der Linden MH, Valsecchi MG, De Lorenzo P, Möricke A, Janka G, Leblanc TM, Felice M, Biondi A, Campbell M, Hann I, Rubnitz JE, Stary J, Szczepanski T, Vora A, Ferster A, Hovi L, Silverman LB, Pieters R. Outcome of congenital acute lymphoblastic leukemia treated on the Interfant-99 protocol. Blood. 2009 Oct 29;114(18):3764-8. doi: 10.1182/blood-2009-02-204214. Epub 2009 Aug 5."
              },{
                "ReferencePMID":"19212338",
                "ReferenceType":"result",
                "ReferenceCitation":"Van der Velden VH, Corral L, Valsecchi MG, Jansen MW, De Lorenzo P, Cazzaniga G, Panzer-Grümayer ER, Schrappe M, Schrauder A, Meyer C, Marschalek R, Nigro LL, Metzler M, Basso G, Mann G, Den Boer ML, Biondi A, Pieters R, Van Dongen JJ; Interfant-99 Study Group. Prognostic significance of minimal residual disease in infants with acute lymphoblastic leukemia treated within the Interfant-99 protocol. Leukemia. 2009 Jun;23(6):1073-9. doi: 10.1038/leu.2009.17. Epub 2009 Feb 12."
              },{
                "ReferencePMID":"17658395",
                "ReferenceType":"result",
                "ReferenceCitation":"Pieters R, Schrappe M, De Lorenzo P, Hann I, De Rossi G, Felice M, Hovi L, LeBlanc T, Szczepanski T, Ferster A, Janka G, Rubnitz J, Silverman L, Stary J, Campbell M, Li CK, Mann G, Suppiah R, Biondi A, Vora A, Valsecchi MG. A treatment protocol for infants younger than 1 year with acute lymphoblastic leukaemia (Interfant-99): an observational study and a multicentre randomised trial. Lancet. 2007 Jul 21;370(9583):240-250. doi: 10.1016/S0140-6736(07)61126-X."
              },{
                "ReferenceType":"result",
                "ReferenceCitation":"Pieters R, Schrappe M, de Lorenzo P, et al.: Outcome of infants less than one year of age with acute lymphoblastic leukemia treated with the Interfant-99 protocol. [Abstract] Blood 108 (11): A-145, 2006."
              }
            ]
          }
        }
      },
      "DerivedSection":{
        "MiscInfoModule":{
          "VersionHolder":"April 19, 2021"
        },
        "ConditionBrowseModule":{
          "ConditionMeshList":{
            "ConditionMesh":[
              {
                "ConditionMeshId":"D000007938",
                "ConditionMeshTerm":"Leukemia"
              },{
                "ConditionMeshId":"D000054198",
                "ConditionMeshTerm":"Precursor Cell Lymphoblastic Leukemia-Lymphoma"
              },{
                "ConditionMeshId":"D000007945",
                "ConditionMeshTerm":"Leukemia, Lymphoid"
              }
            ]
          },
          "ConditionAncestorList":{
            "ConditionAncestor":[
              {
                "ConditionAncestorId":"D000009370",
                "ConditionAncestorTerm":"Neoplasms by Histologic Type"
              },{
                "ConditionAncestorId":"D000009369",
                "ConditionAncestorTerm":"Neoplasms"
              },{
                "ConditionAncestorId":"D000008232",
                "ConditionAncestorTerm":"Lymphoproliferative Disorders"
              },{
                "ConditionAncestorId":"D000008206",
                "ConditionAncestorTerm":"Lymphatic Diseases"
              },{
                "ConditionAncestorId":"D000007160",
                "ConditionAncestorTerm":"Immunoproliferative Disorders"
              },{
                "ConditionAncestorId":"D000007154",
                "ConditionAncestorTerm":"Immune System Diseases"
              }
            ]
          },
          "ConditionBrowseLeafList":{
            "ConditionBrowseLeaf":[
              {
                "ConditionBrowseLeafId":"M9528",
                "ConditionBrowseLeafName":"Leukemia",
                "ConditionBrowseLeafAsFound":"Leukemia",
                "ConditionBrowseLeafRelevance":"high"
              },{
                "ConditionBrowseLeafId":"M9534",
                "ConditionBrowseLeafName":"Leukemia, Lymphoid",
                "ConditionBrowseLeafAsFound":"Lymphoblastic Leukemia",
                "ConditionBrowseLeafRelevance":"high"
              },{
                "ConditionBrowseLeafId":"M26172",
                "ConditionBrowseLeafName":"Precursor Cell Lymphoblastic Leukemia-Lymphoma",
                "ConditionBrowseLeafAsFound":"Acute Lymphoblastic Leukemia",
                "ConditionBrowseLeafRelevance":"high"
              },{
                "ConditionBrowseLeafId":"M9803",
                "ConditionBrowseLeafName":"Lymphoma",
                "ConditionBrowseLeafRelevance":"low"
              },{
                "ConditionBrowseLeafId":"M10898",
                "ConditionBrowseLeafName":"Neoplasms by Histologic Type",
                "ConditionBrowseLeafRelevance":"low"
              },{
                "ConditionBrowseLeafId":"M9808",
                "ConditionBrowseLeafName":"Lymphoproliferative Disorders",
                "ConditionBrowseLeafRelevance":"low"
              },{
                "ConditionBrowseLeafId":"M9786",
                "ConditionBrowseLeafName":"Lymphatic Diseases",
                "ConditionBrowseLeafRelevance":"low"
              },{
                "ConditionBrowseLeafId":"M8789",
                "ConditionBrowseLeafName":"Immunoproliferative Disorders",
                "ConditionBrowseLeafRelevance":"low"
              },{
                "ConditionBrowseLeafId":"M8783",
                "ConditionBrowseLeafName":"Immune System Diseases",
                "ConditionBrowseLeafRelevance":"low"
              },{
                "ConditionBrowseLeafId":"T1134",
                "ConditionBrowseLeafName":"Childhood Acute Lymphoblastic Leukemia",
                "ConditionBrowseLeafRelevance":"low"
              },{
                "ConditionBrowseLeafId":"T175",
                "ConditionBrowseLeafName":"Acute Lymphoblastic Leukemia",
                "ConditionBrowseLeafAsFound":"Acute Lymphoblastic Leukemia",
                "ConditionBrowseLeafRelevance":"high"
              },{
                "ConditionBrowseLeafId":"T3533",
                "ConditionBrowseLeafName":"Lymphoblastic Lymphoma",
                "ConditionBrowseLeafAsFound":"Acute Lymphoblastic Leukemia",
                "ConditionBrowseLeafRelevance":"high"
              },{
                "ConditionBrowseLeafId":"T3543",
                "ConditionBrowseLeafName":"Lymphosarcoma",
                "ConditionBrowseLeafRelevance":"low"
              }
            ]
          },
          "ConditionBrowseBranchList":{
            "ConditionBrowseBranch":[
              {
                "ConditionBrowseBranchAbbrev":"BC04",
                "ConditionBrowseBranchName":"Cancers and Other Neoplasms"
              },{
                "ConditionBrowseBranchAbbrev":"All",
                "ConditionBrowseBranchName":"All Conditions"
              },{
                "ConditionBrowseBranchAbbrev":"BC15",
                "ConditionBrowseBranchName":"Blood and Lymph Conditions"
              },{
                "ConditionBrowseBranchAbbrev":"BC20",
                "ConditionBrowseBranchName":"Immune System Diseases"
              },{
                "ConditionBrowseBranchAbbrev":"Rare",
                "ConditionBrowseBranchName":"Rare Diseases"
              }
            ]
          }
        },
        "InterventionBrowseModule":{
          "InterventionMeshList":{
            "InterventionMesh":[
              {
                "InterventionMeshId":"D000003561",
                "InterventionMeshTerm":"Cytarabine"
              },{
                "InterventionMeshId":"D000011239",
                "InterventionMeshTerm":"Prednisolone"
              },{
                "InterventionMeshId":"D000008727",
                "InterventionMeshTerm":"Methotrexate"
              },{
                "InterventionMeshId":"D000015122",
                "InterventionMeshTerm":"Mercaptopurine"
              },{
                "InterventionMeshId":"D000014750",
                "InterventionMeshTerm":"Vincristine"
              },{
                "InterventionMeshId":"D000001215",
                "InterventionMeshTerm":"Asparaginase"
              }
            ]
          },
          "InterventionAncestorList":{
            "InterventionAncestor":[
              {
                "InterventionAncestorId":"D000000020",
                "InterventionAncestorTerm":"Abortifacient Agents, Nonsteroidal"
              },{
                "InterventionAncestorId":"D000000019",
                "InterventionAncestorTerm":"Abortifacient Agents"
              },{
                "InterventionAncestorId":"D000012102",
                "InterventionAncestorTerm":"Reproductive Control Agents"
              },{
                "InterventionAncestorId":"D000045505",
                "InterventionAncestorTerm":"Physiological Effects of Drugs"
              },{
                "InterventionAncestorId":"D000000964",
                "InterventionAncestorTerm":"Antimetabolites, Antineoplastic"
              },{
                "InterventionAncestorId":"D000000963",
                "InterventionAncestorTerm":"Antimetabolites"
              },{
                "InterventionAncestorId":"D000045504",
                "InterventionAncestorTerm":"Molecular Mechanisms of Pharmacological Action"
              },{
                "InterventionAncestorId":"D000000970",
                "InterventionAncestorTerm":"Antineoplastic Agents"
              },{
                "InterventionAncestorId":"D000003879",
                "InterventionAncestorTerm":"Dermatologic Agents"
              },{
                "InterventionAncestorId":"D000004791",
                "InterventionAncestorTerm":"Enzyme Inhibitors"
              },{
                "InterventionAncestorId":"D000005493",
                "InterventionAncestorTerm":"Folic Acid Antagonists"
              },{
                "InterventionAncestorId":"D000007166",
                "InterventionAncestorTerm":"Immunosuppressive Agents"
              },{
                "InterventionAncestorId":"D000007155",
                "InterventionAncestorTerm":"Immunologic Factors"
              },{
                "InterventionAncestorId":"D000018501",
                "InterventionAncestorTerm":"Antirheumatic Agents"
              },{
                "InterventionAncestorId":"D000019384",
                "InterventionAncestorTerm":"Nucleic Acid Synthesis Inhibitors"
              },{
                "InterventionAncestorId":"D000000998",
                "InterventionAncestorTerm":"Antiviral Agents"
              },{
                "InterventionAncestorId":"D000000890",
                "InterventionAncestorTerm":"Anti-Infective Agents"
              },{
                "InterventionAncestorId":"D000000972",
                "InterventionAncestorTerm":"Antineoplastic Agents, Phytogenic"
              },{
                "InterventionAncestorId":"D000050257",
                "InterventionAncestorTerm":"Tubulin Modulators"
              },{
                "InterventionAncestorId":"D000050256",
                "InterventionAncestorTerm":"Antimitotic Agents"
              },{
                "InterventionAncestorId":"D000050258",
                "InterventionAncestorTerm":"Mitosis Modulators"
              },{
                "InterventionAncestorId":"D000000893",
                "InterventionAncestorTerm":"Anti-Inflammatory Agents"
              },{
                "InterventionAncestorId":"D000005938",
                "InterventionAncestorTerm":"Glucocorticoids"
              },{
                "InterventionAncestorId":"D000006728",
                "InterventionAncestorTerm":"Hormones"
              },{
                "InterventionAncestorId":"D000006730",
                "InterventionAncestorTerm":"Hormones, Hormone Substitutes, and Hormone Antagonists"
              },{
                "InterventionAncestorId":"D000018931",
                "InterventionAncestorTerm":"Antineoplastic Agents, Hormonal"
              }
            ]
          },
          "InterventionBrowseLeafList":{
            "InterventionBrowseLeaf":[
              {
                "InterventionBrowseLeafId":"M5349",
                "InterventionBrowseLeafName":"Cytarabine",
                "InterventionBrowseLeafAsFound":"Diagnostic",
                "InterventionBrowseLeafRelevance":"high"
              },{
                "InterventionBrowseLeafId":"M10332",
                "InterventionBrowseLeafName":"Methylprednisolone",
                "InterventionBrowseLeafRelevance":"low"
              },{
                "InterventionBrowseLeafId":"M1833",
                "InterventionBrowseLeafName":"Methylprednisolone Acetate",
                "InterventionBrowseLeafRelevance":"low"
              },{
                "InterventionBrowseLeafId":"M10333",
                "InterventionBrowseLeafName":"Methylprednisolone Hemisuccinate",
                "InterventionBrowseLeafRelevance":"low"
              },{
                "InterventionBrowseLeafId":"M12703",
                "InterventionBrowseLeafName":"Prednisolone",
                "InterventionBrowseLeafAsFound":"Skills",
                "InterventionBrowseLeafRelevance":"high"
              },{
                "InterventionBrowseLeafId":"M237203",
                "InterventionBrowseLeafName":"Prednisolone acetate",
                "InterventionBrowseLeafRelevance":"low"
              },{
                "InterventionBrowseLeafId":"M218859",
                "InterventionBrowseLeafName":"Prednisolone hemisuccinate",
                "InterventionBrowseLeafRelevance":"low"
              },{
                "InterventionBrowseLeafId":"M243004",
                "InterventionBrowseLeafName":"Prednisolone phosphate",
                "InterventionBrowseLeafRelevance":"low"
              },{
                "InterventionBrowseLeafId":"M10286",
                "InterventionBrowseLeafName":"Methotrexate",
                "InterventionBrowseLeafAsFound":"Syndrome",
                "InterventionBrowseLeafRelevance":"high"
              },{
                "InterventionBrowseLeafId":"M16078",
                "InterventionBrowseLeafName":"Vincristine",
                "InterventionBrowseLeafAsFound":"60 minutes",
                "InterventionBrowseLeafRelevance":"high"
              },{
                "InterventionBrowseLeafId":"M16436",
                "InterventionBrowseLeafName":"Mercaptopurine",
                "InterventionBrowseLeafAsFound":"Trauma",
                "InterventionBrowseLeafRelevance":"high"
              },{
                "InterventionBrowseLeafId":"M3103",
                "InterventionBrowseLeafName":"Asparaginase",
                "InterventionBrowseLeafAsFound":"Inhaled",
                "InterventionBrowseLeafRelevance":"high"
              },{
                "InterventionBrowseLeafId":"M17242",
                "InterventionBrowseLeafName":"N-Methylaspartate",
                "InterventionBrowseLeafRelevance":"low"
              },{
                "InterventionBrowseLeafId":"M2862",
                "InterventionBrowseLeafName":"Antimetabolites",
                "InterventionBrowseLeafRelevance":"low"
              },{
                "InterventionBrowseLeafId":"M5657",
                "InterventionBrowseLeafName":"Dermatologic Agents",
                "InterventionBrowseLeafRelevance":"low"
              },{
                "InterventionBrowseLeafId":"M7201",
                "InterventionBrowseLeafName":"Folic Acid",
                "InterventionBrowseLeafRelevance":"low"
              },{
                "InterventionBrowseLeafId":"M16129",
                "InterventionBrowseLeafName":"Vitamin B Complex",
                "InterventionBrowseLeafRelevance":"low"
              },{
                "InterventionBrowseLeafId":"M7202",
                "InterventionBrowseLeafName":"Folic Acid Antagonists",
                "InterventionBrowseLeafRelevance":"low"
              },{
                "InterventionBrowseLeafId":"M8795",
                "InterventionBrowseLeafName":"Immunosuppressive Agents",
                "InterventionBrowseLeafRelevance":"low"
              },{
                "InterventionBrowseLeafId":"M8784",
                "InterventionBrowseLeafName":"Immunologic Factors",
                "InterventionBrowseLeafRelevance":"low"
              },{
                "InterventionBrowseLeafId":"M19188",
                "InterventionBrowseLeafName":"Antirheumatic Agents",
                "InterventionBrowseLeafRelevance":"low"
              },{
                "InterventionBrowseLeafId":"M2895",
                "InterventionBrowseLeafName":"Antiviral Agents",
                "InterventionBrowseLeafRelevance":"low"
              },{
                "InterventionBrowseLeafId":"M2795",
                "InterventionBrowseLeafName":"Anti-Infective Agents",
                "InterventionBrowseLeafRelevance":"low"
              },{
                "InterventionBrowseLeafId":"M24784",
                "InterventionBrowseLeafName":"Tubulin Modulators",
                "InterventionBrowseLeafRelevance":"low"
              },{
                "InterventionBrowseLeafId":"M24783",
                "InterventionBrowseLeafName":"Antimitotic Agents",
                "InterventionBrowseLeafRelevance":"low"
              },{
                "InterventionBrowseLeafId":"M2798",
                "InterventionBrowseLeafName":"Anti-Inflammatory Agents",
                "InterventionBrowseLeafRelevance":"low"
              },{
                "InterventionBrowseLeafId":"M7630",
                "InterventionBrowseLeafName":"Glucocorticoids",
                "InterventionBrowseLeafRelevance":"low"
              },{
                "InterventionBrowseLeafId":"M8372",
                "InterventionBrowseLeafName":"Hormones",
                "InterventionBrowseLeafRelevance":"low"
              },{
                "InterventionBrowseLeafId":"M8371",
                "InterventionBrowseLeafName":"Hormone Antagonists",
                "InterventionBrowseLeafRelevance":"low"
              },{
                "InterventionBrowseLeafId":"M19550",
                "InterventionBrowseLeafName":"Antineoplastic Agents, Hormonal",
                "InterventionBrowseLeafRelevance":"low"
              },{
                "InterventionBrowseLeafId":"T3",
                "InterventionBrowseLeafName":"Aspartic Acid",
                "InterventionBrowseLeafRelevance":"low"
              },{
                "InterventionBrowseLeafId":"T446",
                "InterventionBrowseLeafName":"Folic Acid",
                "InterventionBrowseLeafRelevance":"low"
              },{
                "InterventionBrowseLeafId":"T448",
                "InterventionBrowseLeafName":"Folate",
                "InterventionBrowseLeafRelevance":"low"
              },{
                "InterventionBrowseLeafId":"T475",
                "InterventionBrowseLeafName":"Vitamin B9",
                "InterventionBrowseLeafRelevance":"low"
              },{
                "InterventionBrowseLeafId":"T447",
                "InterventionBrowseLeafName":"Folinic Acid",
                "InterventionBrowseLeafRelevance":"low"
              }
            ]
          },
          "InterventionBrowseBranchList":{
            "InterventionBrowseBranch":[
              {
                "InterventionBrowseBranchAbbrev":"Infe",
                "InterventionBrowseBranchName":"Anti-Infective Agents"
              },{
                "InterventionBrowseBranchAbbrev":"ANeo",
                "InterventionBrowseBranchName":"Antineoplastic Agents"
              },{
                "InterventionBrowseBranchAbbrev":"All",
                "InterventionBrowseBranchName":"All Drugs and Chemicals"
              },{
                "InterventionBrowseBranchAbbrev":"Infl",
                "InterventionBrowseBranchName":"Anti-Inflammatory Agents"
              },{
                "InterventionBrowseBranchAbbrev":"AnEm",
                "InterventionBrowseBranchName":"Antiemetics"
              },{
                "InterventionBrowseBranchAbbrev":"NeuroAg",
                "InterventionBrowseBranchName":"Neuroprotective Agents"
              },{
                "InterventionBrowseBranchAbbrev":"Gast",
                "InterventionBrowseBranchName":"Gastrointestinal Agents"
              },{
                "InterventionBrowseBranchAbbrev":"ARhu",
                "InterventionBrowseBranchName":"Antirheumatic Agents"
              },{
                "InterventionBrowseBranchAbbrev":"Derm",
                "InterventionBrowseBranchName":"Dermatologic Agents"
              },{
                "InterventionBrowseBranchAbbrev":"Repr",
                "InterventionBrowseBranchName":"Reproductive Control Agents"
              },{
                "InterventionBrowseBranchAbbrev":"Micro",
                "InterventionBrowseBranchName":"Micronutrients"
              },{
                "InterventionBrowseBranchAbbrev":"Hemat",
                "InterventionBrowseBranchName":"Hematinics"
              },{
                "InterventionBrowseBranchAbbrev":"AA",
                "InterventionBrowseBranchName":"Amino Acids"
              },{
                "InterventionBrowseBranchAbbrev":"Vi",
                "InterventionBrowseBranchName":"Vitamins"
              }
            ]
          }
        }
      }
    }
  }
}

