{
  "FullStudy":{
    "Rank":368843,
    "Study":{
      "ProtocolSection":{
        "IdentificationModule":{
          "NCTId":"NCT00010478",
          "NCTIdAliasList":{
            "NCTIdAlias":[
              "NCT00008905"
            ]
          },
          "OrgStudyIdInfo":{
            "OrgStudyId":"R01AT000129-02",
            "OrgStudyIdType":"U.S. NIH Grant/Contract",
            "OrgStudyIdLink":"https://projectreporter.nih.gov/reporterapi.cfm?PROJECTNUM=R01AT000129-02&Fy=all"
          },
          "Organization":{
            "OrgFullName":"National Center for Complementary and Integrative Health (NCCIH)",
            "OrgClass":"NIH"
          },
          "BriefTitle":"Acupuncture and Hypertension",
          "OfficialTitle":"Acupuncture and Hypertension-Efficacy and Mechanisms"
        },
        "StatusModule":{
          "StatusVerifiedDate":"July 2006",
          "OverallStatus":"Completed",
          "ExpandedAccessInfo":{
            "HasExpandedAccess":"No"
          },
          "StudyFirstSubmitDate":"February 2, 2001",
          "StudyFirstSubmitQCDate":"February 2, 2001",
          "StudyFirstPostDateStruct":{
            "StudyFirstPostDate":"February 5, 2001",
            "StudyFirstPostDateType":"Estimate"
          },
          "LastUpdateSubmitDate":"August 17, 2006",
          "LastUpdatePostDateStruct":{
            "LastUpdatePostDate":"August 18, 2006",
            "LastUpdatePostDateType":"Estimate"
          }
        },
        "SponsorCollaboratorsModule":{
          "LeadSponsor":{
            "LeadSponsorName":"National Center for Complementary and Integrative Health (NCCIH)",
            "LeadSponsorClass":"NIH"
          }
        },
        "OversightModule":{},
        "DescriptionModule":{
          "BriefSummary":"Although traditional Chinese medicine advocates the use of acupuncture not only to induce analgesia but also to treat essential hypertension, acupuncture's postulated antihypertensive efficacy in humans has not been subjected to rigorous Western scientific testing. Before advocating acupuncture as an effective complementary/alternative medicine strategy for essential hypertension, it is necessary to demonstrate that the beneficial effects of acupuncture are scientifically robust, long-lasting, and explicable in terms of modern scientific mechanisms. In spontaneously hypertensive rats, acupuncture-like electrical stimulation of thinly myelinated (Group III) somatic afferents activates central endorphin (naloxone-sensitive) pathways that elicit long-lasting decreases in sympathetic nerve activity (SNA) and blood pressure. The ability to record SNA with microelectrodes in conscious humans provides a new opportunity to test this novel mechanistic hypothesis in patients undergoing electroacupuncture, a modification of the ancient technique that provides a quantifiable and reproducible stimulus to human skeletal muscle afferents. Using a randomized, double-blind placebo-controlled design, we will test the following major hypotheses: Electroacupuncture produces a long-lasting reduction in SNA, thereby providing a safe and effective complementary treatment of human hypertension. Given the enormous interest in acupuncture by our lay public, but the paucity of Western scientific data about its efficacy in cardiovascular disorders, our studies in normotensive and hypertensive humans should provide a conceptual framework for deciding whether to accept or reject the large body of Chinese (and Russian) literature advocating acupuncture as a safe and effective treatment of essential hypertension and other cardiovascular disorders (such as heart failure, and myocardial ischemia)."
        },
        "ConditionsModule":{
          "ConditionList":{
            "Condition":[
              "Hypertension"
            ]
          }
        },
        "DesignModule":{
          "StudyType":"Interventional",
          "PhaseList":{
            "Phase":[
              "Not Applicable"
            ]
          },
          "DesignInfo":{
            "DesignAllocation":"Randomized",
            "DesignPrimaryPurpose":"Treatment",
            "DesignMaskingInfo":{
              "DesignMasking":"Double"
            }
          }
        },
        "ArmsInterventionsModule":{
          "InterventionList":{
            "Intervention":[
              {
                "InterventionType":"Procedure",
                "InterventionName":"Acupuncture"
              }
            ]
          }
        },
        "EligibilityModule":{
          "EligibilityCriteria":"Inclusion Criteria:\n\nPatients with normal blood pressures or blood pressures over 120/80 up to 165/105",
          "HealthyVolunteers":"Accepts Healthy Volunteers",
          "Gender":"All",
          "MinimumAge":"18 Years",
          "MaximumAge":"65 Years",
          "StdAgeList":{
            "StdAge":[
              "Adult",
              "Older Adult"
            ]
          }
        },
        "ContactsLocationsModule":{
          "LocationList":{
            "Location":[
              {
                "LocationFacility":"UT Southwestern",
                "LocationCity":"Dallas",
                "LocationState":"Texas",
                "LocationZip":"75390",
                "LocationCountry":"United States"
              }
            ]
          }
        }
      },
      "DerivedSection":{
        "MiscInfoModule":{
          "VersionHolder":"April 19, 2021"
        },
        "ConditionBrowseModule":{
          "ConditionMeshList":{
            "ConditionMesh":[
              {
                "ConditionMeshId":"D000006973",
                "ConditionMeshTerm":"Hypertension"
              }
            ]
          },
          "ConditionAncestorList":{
            "ConditionAncestor":[
              {
                "ConditionAncestorId":"D000014652",
                "ConditionAncestorTerm":"Vascular Diseases"
              },{
                "ConditionAncestorId":"D000002318",
                "ConditionAncestorTerm":"Cardiovascular Diseases"
              }
            ]
          },
          "ConditionBrowseLeafList":{
            "ConditionBrowseLeaf":[
              {
                "ConditionBrowseLeafId":"M8607",
                "ConditionBrowseLeafName":"Hypertension",
                "ConditionBrowseLeafAsFound":"Hypertension",
                "ConditionBrowseLeafRelevance":"high"
              },{
                "ConditionBrowseLeafId":"M15983",
                "ConditionBrowseLeafName":"Vascular Diseases",
                "ConditionBrowseLeafRelevance":"low"
              }
            ]
          },
          "ConditionBrowseBranchList":{
            "ConditionBrowseBranch":[
              {
                "ConditionBrowseBranchAbbrev":"BC14",
                "ConditionBrowseBranchName":"Heart and Blood Diseases"
              },{
                "ConditionBrowseBranchAbbrev":"All",
                "ConditionBrowseBranchName":"All Conditions"
              }
            ]
          }
        }
      }
    }
  }
}

