{
  "FullStudy":{
    "Rank":368704,
    "Study":{
      "ProtocolSection":{
        "IdentificationModule":{
          "NCTId":"NCT00012610",
          "OrgStudyIdInfo":{
            "OrgStudyId":"ACC 97-034"
          },
          "Organization":{
            "OrgFullName":"VA Office of Research and Development",
            "OrgClass":"FED"
          },
          "BriefTitle":"Efficacy of Telepsychiatry in the Treatment of Depression",
          "OfficialTitle":"Efficacy of Telepsychiatry in the Treatment of Depression"
        },
        "StatusModule":{
          "StatusVerifiedDate":"April 2015",
          "OverallStatus":"Completed",
          "ExpandedAccessInfo":{
            "HasExpandedAccess":"No"
          },
          "CompletionDateStruct":{
            "CompletionDate":"September 2000",
            "CompletionDateType":"Actual"
          },
          "StudyFirstSubmitDate":"March 14, 2001",
          "StudyFirstSubmitQCDate":"March 15, 2001",
          "StudyFirstPostDateStruct":{
            "StudyFirstPostDate":"March 16, 2001",
            "StudyFirstPostDateType":"Estimate"
          },
          "LastUpdateSubmitDate":"April 6, 2015",
          "LastUpdatePostDateStruct":{
            "LastUpdatePostDate":"April 7, 2015",
            "LastUpdatePostDateType":"Estimate"
          }
        },
        "SponsorCollaboratorsModule":{
          "ResponsibleParty":{
            "ResponsiblePartyType":"Sponsor"
          },
          "LeadSponsor":{
            "LeadSponsorName":"US Department of Veterans Affairs",
            "LeadSponsorClass":"FED"
          }
        },
        "OversightModule":{
          "OversightHasDMC":"No"
        },
        "DescriptionModule":{
          "BriefSummary":"Telepsychiatry is a novel means of providing expert psychiatric treatment to patients who live far from a source of care. If it can be demonstrated that treatment via telepsychiatry is as effective as in-person treatment, then many individuals with psychiatric illness will have easy access to psychiatric care, even if they live in geographically remote areas.",
          "DetailedDescription":"Background:\n\nTelepsychiatry is a novel means of providing expert psychiatric treatment to patients who live far from a source of care. If it can be demonstrated that treatment via telepsychiatry is as effective as in-person treatment, then many individuals with psychiatric illness will have easy access to psychiatric care, even if they live in geographically remote areas.\n\nObjectives:\n\nThe major goal of this study was to determine whether treatment of depressive disorders via telepsychiatry is as effective as in-person treatment. In addition, this study was designed to determine if depressed patients are as compliant and as satisfied with telepsychiatry as with in-person treatment. Another goal was to compare the cost and cost-effectiveness of remote treatment via telepsychiatry to in-person treatment.\n\nMethods:\n\nIn this randomized controlled trial, veterans who presented with depression to any of three VA Maryland Health Care facilities with a SCID-IV depression diagnosis and a Hamilton Rating Scale for Depression (Ham-D) score of 16 or above were eligible for participation. Eligible veterans were randomized to either \"in-person\" treatment or \"remote\" treatment. Treatment occurred over six months and consisted of psychotropic medication and psycho-education concerning the disease, medications, and side effects. The major outcome variables included changes in Ham-D depression ratings and Beck Depression Inventory (BDI) self-reported depression ratings.\n\nStatus:\n\nCompleted."
        },
        "ConditionsModule":{
          "ConditionList":{
            "Condition":[
              "Depression"
            ]
          }
        },
        "DesignModule":{
          "StudyType":"Interventional",
          "PhaseList":{
            "Phase":[
              "Not Applicable"
            ]
          },
          "DesignInfo":{
            "DesignAllocation":"Randomized",
            "DesignInterventionModel":"Parallel Assignment",
            "DesignPrimaryPurpose":"Treatment",
            "DesignMaskingInfo":{
              "DesignMasking":"None (Open Label)"
            }
          },
          "EnrollmentInfo":{
            "EnrollmentCount":"119",
            "EnrollmentType":"Anticipated"
          }
        },
        "ArmsInterventionsModule":{
          "ArmGroupList":{
            "ArmGroup":[
              {
                "ArmGroupLabel":"Arm 1",
                "ArmGroupType":"Other",
                "ArmGroupInterventionList":{
                  "ArmGroupInterventionName":[
                    "Procedure: Telepsychiatry"
                  ]
                }
              }
            ]
          },
          "InterventionList":{
            "Intervention":[
              {
                "InterventionType":"Procedure",
                "InterventionName":"Telepsychiatry",
                "InterventionArmGroupLabelList":{
                  "InterventionArmGroupLabel":[
                    "Arm 1"
                  ]
                }
              }
            ]
          }
        },
        "EligibilityModule":{
          "EligibilityCriteria":"Inclusion Criteria:\n\nDepression, Hamilton 16 or above, SCID-IV depression diagnosis\n\nExclusion Criteria:",
          "HealthyVolunteers":"No",
          "Gender":"All",
          "StdAgeList":{
            "StdAge":[
              "Child",
              "Adult",
              "Older Adult"
            ]
          }
        },
        "ContactsLocationsModule":{
          "OverallOfficialList":{
            "OverallOfficial":[
              {
                "OverallOfficialName":"Paul E. Ruskin, MD",
                "OverallOfficialAffiliation":"Baltimore VA Medical Center VA Maryland Health Care System, Baltimore, MD",
                "OverallOfficialRole":"Principal Investigator"
              }
            ]
          },
          "LocationList":{
            "Location":[
              {
                "LocationFacility":"Baltimore VA Medical Center VA Maryland Health Care System, Baltimore, MD",
                "LocationCity":"Baltimore",
                "LocationState":"Maryland",
                "LocationZip":"21201",
                "LocationCountry":"United States"
              }
            ]
          }
        }
      },
      "DerivedSection":{
        "MiscInfoModule":{
          "VersionHolder":"April 19, 2021"
        },
        "ConditionBrowseModule":{
          "ConditionMeshList":{
            "ConditionMesh":[
              {
                "ConditionMeshId":"D000003863",
                "ConditionMeshTerm":"Depression"
              },{
                "ConditionMeshId":"D000003866",
                "ConditionMeshTerm":"Depressive Disorder"
              }
            ]
          },
          "ConditionAncestorList":{
            "ConditionAncestor":[
              {
                "ConditionAncestorId":"D000001526",
                "ConditionAncestorTerm":"Behavioral Symptoms"
              },{
                "ConditionAncestorId":"D000019964",
                "ConditionAncestorTerm":"Mood Disorders"
              },{
                "ConditionAncestorId":"D000001523",
                "ConditionAncestorTerm":"Mental Disorders"
              }
            ]
          },
          "ConditionBrowseLeafList":{
            "ConditionBrowseLeaf":[
              {
                "ConditionBrowseLeafId":"M5641",
                "ConditionBrowseLeafName":"Depression",
                "ConditionBrowseLeafAsFound":"Depression",
                "ConditionBrowseLeafRelevance":"high"
              },{
                "ConditionBrowseLeafId":"M5644",
                "ConditionBrowseLeafName":"Depressive Disorder",
                "ConditionBrowseLeafAsFound":"Depression",
                "ConditionBrowseLeafRelevance":"high"
              },{
                "ConditionBrowseLeafId":"M3399",
                "ConditionBrowseLeafName":"Behavioral Symptoms",
                "ConditionBrowseLeafRelevance":"low"
              },{
                "ConditionBrowseLeafId":"M20419",
                "ConditionBrowseLeafName":"Mood Disorders",
                "ConditionBrowseLeafRelevance":"low"
              },{
                "ConditionBrowseLeafId":"M3396",
                "ConditionBrowseLeafName":"Mental Disorders",
                "ConditionBrowseLeafRelevance":"low"
              },{
                "ConditionBrowseLeafId":"M13056",
                "ConditionBrowseLeafName":"Psychotic Disorders",
                "ConditionBrowseLeafRelevance":"low"
              }
            ]
          },
          "ConditionBrowseBranchList":{
            "ConditionBrowseBranch":[
              {
                "ConditionBrowseBranchAbbrev":"BXM",
                "ConditionBrowseBranchName":"Behaviors and Mental Disorders"
              },{
                "ConditionBrowseBranchAbbrev":"All",
                "ConditionBrowseBranchName":"All Conditions"
              }
            ]
          }
        }
      }
    }
  }
}

