{
  "FullStudy":{
    "Rank":368535,
    "Study":{
      "ProtocolSection":{
        "IdentificationModule":{
          "NCTId":"NCT00014898",
          "OrgStudyIdInfo":{
            "OrgStudyId":"5015-CP-001"
          },
          "Organization":{
            "OrgFullName":"National Institute of Environmental Health Sciences (NIEHS)",
            "OrgClass":"NIH"
          },
          "BriefTitle":"Attention Deficit Disorder and Exposure to Lead"
        },
        "StatusModule":{
          "StatusVerifiedDate":"March 2001",
          "OverallStatus":"Completed",
          "ExpandedAccessInfo":{
            "HasExpandedAccess":"No"
          },
          "StartDateStruct":{
            "StartDate":"June 1999"
          },
          "CompletionDateStruct":{
            "CompletionDate":"May 2002"
          },
          "StudyFirstSubmitDate":"April 12, 2001",
          "StudyFirstSubmitQCDate":"April 12, 2001",
          "StudyFirstPostDateStruct":{
            "StudyFirstPostDate":"April 13, 2001",
            "StudyFirstPostDateType":"Estimate"
          },
          "LastUpdateSubmitDate":"June 23, 2005",
          "LastUpdatePostDateStruct":{
            "LastUpdatePostDate":"June 24, 2005",
            "LastUpdatePostDateType":"Estimate"
          }
        },
        "SponsorCollaboratorsModule":{
          "LeadSponsor":{
            "LeadSponsorName":"National Institute of Environmental Health Sciences (NIEHS)",
            "LeadSponsorClass":"NIH"
          }
        },
        "OversightModule":{},
        "DescriptionModule":{
          "BriefSummary":"We are examining the past exposure to lead in 250 well characterized children with ADHD, and a suitable group of controls. Our measure of past exposure is bone lead levels obtained by XRay fluorescence spectroscopy, a relatively new way of estimating bone lead concentrations, and by inference, body lead burdens. By comparing the lead concentrations in these two groups, controlling for other factors which could confound, we will estimate odds ratios for ADHD given elevated bone lead, and estimate the contribution of lead to this disease of childhood."
        },
        "ConditionsModule":{
          "ConditionList":{
            "Condition":[
              "Attention Deficit Disorder"
            ]
          },
          "KeywordList":{
            "Keyword":[
              "Lead exposure",
              "Bone lead",
              "Attention deficit"
            ]
          }
        },
        "DesignModule":{
          "StudyType":"Observational",
          "DesignInfo":{
            "DesignObservationalModelList":{
              "DesignObservationalModel":[
                "Case-Control"
              ]
            },
            "DesignTimePerspectiveList":{
              "DesignTimePerspective":[
                "Retrospective"
              ]
            }
          },
          "EnrollmentInfo":{
            "EnrollmentCount":"500"
          }
        },
        "EligibilityModule":{
          "EligibilityCriteria":"Case subjects are drawn from adolescents aged 10 to 18 previously seen at Western Psychiatric Institute and Clinic for evaluation, and meet the DSM-IIIR criteria for diagnosis of ADHD based on a structured parent interview and standardized parent and teacher rating scales. Cases were also systematically observed and evaluated in the summer treatment program between 1987 and 1996 at WPIC. Controls are demographically matched non-ADHD adolescents, recruited from surrounding communities and pediatric practices.",
          "HealthyVolunteers":"Accepts Healthy Volunteers",
          "Gender":"All",
          "MinimumAge":"10 Years",
          "MaximumAge":"18 Years",
          "StdAgeList":{
            "StdAge":[
              "Child",
              "Adult"
            ]
          }
        },
        "ContactsLocationsModule":{
          "LocationList":{
            "Location":[
              {
                "LocationFacility":"University of Pittsburgh",
                "LocationCity":"Pittsburgh",
                "LocationState":"Pennsylvania",
                "LocationZip":"15213",
                "LocationCountry":"United States"
              }
            ]
          }
        }
      },
      "DerivedSection":{
        "MiscInfoModule":{
          "VersionHolder":"April 19, 2021"
        },
        "ConditionBrowseModule":{
          "ConditionMeshList":{
            "ConditionMesh":[
              {
                "ConditionMeshId":"D000001289",
                "ConditionMeshTerm":"Attention Deficit Disorder with Hyperactivity"
              }
            ]
          },
          "ConditionAncestorList":{
            "ConditionAncestor":[
              {
                "ConditionAncestorId":"D000019958",
                "ConditionAncestorTerm":"Attention Deficit and Disruptive Behavior Disorders"
              },{
                "ConditionAncestorId":"D000065886",
                "ConditionAncestorTerm":"Neurodevelopmental Disorders"
              },{
                "ConditionAncestorId":"D000001523",
                "ConditionAncestorTerm":"Mental Disorders"
              }
            ]
          },
          "ConditionBrowseLeafList":{
            "ConditionBrowseLeaf":[
              {
                "ConditionBrowseLeafId":"M3175",
                "ConditionBrowseLeafName":"Attention Deficit Disorder with Hyperactivity",
                "ConditionBrowseLeafAsFound":"Attention Deficit Disorder",
                "ConditionBrowseLeafRelevance":"high"
              },{
                "ConditionBrowseLeafId":"M8582",
                "ConditionBrowseLeafName":"Hyperkinesis",
                "ConditionBrowseLeafRelevance":"low"
              },{
                "ConditionBrowseLeafId":"M20414",
                "ConditionBrowseLeafName":"Attention Deficit and Disruptive Behavior Disorders",
                "ConditionBrowseLeafRelevance":"low"
              },{
                "ConditionBrowseLeafId":"M29231",
                "ConditionBrowseLeafName":"Neurodevelopmental Disorders",
                "ConditionBrowseLeafRelevance":"low"
              },{
                "ConditionBrowseLeafId":"M3396",
                "ConditionBrowseLeafName":"Mental Disorders",
                "ConditionBrowseLeafRelevance":"low"
              },{
                "ConditionBrowseLeafId":"M13056",
                "ConditionBrowseLeafName":"Psychotic Disorders",
                "ConditionBrowseLeafRelevance":"low"
              }
            ]
          },
          "ConditionBrowseBranchList":{
            "ConditionBrowseBranch":[
              {
                "ConditionBrowseBranchAbbrev":"BXM",
                "ConditionBrowseBranchName":"Behaviors and Mental Disorders"
              },{
                "ConditionBrowseBranchAbbrev":"All",
                "ConditionBrowseBranchName":"All Conditions"
              },{
                "ConditionBrowseBranchAbbrev":"BC10",
                "ConditionBrowseBranchName":"Nervous System Diseases"
              },{
                "ConditionBrowseBranchAbbrev":"BC23",
                "ConditionBrowseBranchName":"Symptoms and General Pathology"
              }
            ]
          }
        }
      }
    }
  }
}

